timestamp;P_ex;P_pr;P_load
2024-05-09T00:00:00Z;107;;107
2024-05-09T00:00:04Z;;0;107
2024-05-09T00:10:07Z;1210;;1210
2024-05-09T00:10:08Z;171;;171
2024-05-09T00:14:47Z;1170;;1170
2024-05-09T00:14:48Z;253;;253
2024-05-09T00:15:08Z;221;0;221
2024-05-09T00:30:00Z;108;;108
2024-05-09T00:30:04Z;;0;108
2024-05-09T00:48:26Z;1860;;1860
2024-05-09T00:48:27Z;275;;275
2024-05-09T01:00:00Z;192;;192
2024-05-09T01:00:04Z;;0;192
2024-05-09T01:07:44Z;1319;;1319
2024-05-09T01:07:45Z;256;;256
2024-05-09T01:10:16Z;1049;;1049
2024-05-09T01:10:17Z;333;;333
2024-05-09T01:11:35Z;284;;284
2024-05-09T01:15:00Z;214;;214
2024-05-09T01:15:04Z;;0;214
2024-05-09T01:30:00Z;95;;95
2024-05-09T01:30:04Z;;0;95
2024-05-09T01:36:46Z;1205;;1205
2024-05-09T01:36:47Z;159;;159
2024-05-09T01:45:03Z;160;;160
2024-05-09T01:45:04Z;;0;160
2024-05-09T02:00:00Z;107;;107
2024-05-09T02:00:04Z;;0;107
2024-05-09T02:05:40Z;1456;;1456
2024-05-09T02:05:41Z;181;;181
2024-05-09T02:06:20Z;996;;996
2024-05-09T02:11:05Z;1962;;1962
2024-05-09T02:11:06Z;329;;329
2024-05-09T02:14:13Z;242;;242
2024-05-09T02:15:02Z;241;;241
2024-05-09T02:15:04Z;;0;241
2024-05-09T02:30:00Z;190;;190
2024-05-09T02:30:04Z;;0;190
2024-05-09T02:34:37Z;650;;650
2024-05-09T02:34:38Z;251;;251
2024-05-09T02:45:00Z;148;;148
2024-05-09T02:45:04Z;;0;148
2024-05-09T03:00:00Z;94;;94
2024-05-09T03:00:04Z;;0;94
2024-05-09T03:02:09Z;864;;864
2024-05-09T03:02:10Z;195;;195
2024-05-09T03:03:33Z;311;;311
2024-05-09T03:03:34Z;222;;222
2024-05-09T03:15:00Z;159;;159
2024-05-09T03:15:06Z;;0;159
2024-05-09T03:30:04Z;108;0;159
2024-05-09T03:35:56Z;1647;;1647
2024-05-09T03:35:57Z;267;;267
2024-05-09T03:45:00Z;169;;169
2024-05-09T03:45:04Z;;0;169
2024-05-09T03:51:04Z;325;;325
2024-05-09T03:51:05Z;170;;170
2024-05-09T03:58:12Z;1074;;1074
2024-05-09T03:58:14Z;256;;256
2024-05-09T04:00:09Z;230;;230
2024-05-09T04:00:10Z;;0;230
2024-05-09T04:01:28Z;1101;;1101
2024-05-09T04:01:29Z;204;;204
2024-05-09T04:07:41Z;;9;213
2024-05-09T04:15:00Z;34;;43
2024-05-09T04:15:04Z;;49;83
2024-05-09T04:22:43Z;62;;111
2024-05-09T04:22:46Z;0;;49
2024-05-09T04:22:47Z;-49;;0
2024-05-09T04:30:00Z;-34;;15
2024-05-09T04:30:14Z;;121;87
2024-05-09T04:30:24Z;1173;;1294
2024-05-09T04:30:25Z;30;;151
2024-05-09T04:45:01Z;-132;;-11
2024-05-09T04:45:04Z;;231;99
2024-05-09T04:52:59Z;;302;170
2024-05-09T04:55:06Z;531;;833
2024-05-09T04:59:19Z;295;;597
2024-05-09T05:00:00Z;-106;;196
2024-05-09T05:00:04Z;;333;227
2024-05-09T05:00:46Z;217;;550
2024-05-09T05:00:54Z;191;;524
2024-05-09T05:00:58Z;291;;624
2024-05-09T05:01:01Z;291;;624
2024-05-09T05:01:04Z;287;;620
2024-05-09T05:01:07Z;288;;621
2024-05-09T05:01:10Z;155;;488
2024-05-09T05:01:14Z;1968;;2301
2024-05-09T05:01:15Z;70;;403
2024-05-09T05:01:17Z;394;;727
2024-05-09T05:01:18Z;63;;396
2024-05-09T05:01:20Z;387;;720
2024-05-09T05:01:21Z;223;;556
2024-05-09T05:01:23Z;390;;723
2024-05-09T05:01:38Z;61;;394
2024-05-09T05:01:39Z;383;;716
2024-05-09T05:01:41Z;58;;391
2024-05-09T05:01:43Z;384;;717
2024-05-09T05:01:44Z;58;;391
2024-05-09T05:01:46Z;384;;717
2024-05-09T05:01:47Z;59;;392
2024-05-09T05:01:49Z;385;;718
2024-05-09T05:01:50Z;59;;392
2024-05-09T05:01:52Z;387;;720
2024-05-09T05:01:53Z;286;;619
2024-05-09T05:01:55Z;380;;713
2024-05-09T05:01:57Z;57;;390
2024-05-09T05:01:59Z;384;;717
2024-05-09T05:02:00Z;57;;390
2024-05-09T05:02:02Z;384;;717
2024-05-09T05:02:03Z;57;;390
2024-05-09T05:02:05Z;378;;711
2024-05-09T05:02:06Z;75;;408
2024-05-09T05:02:08Z;398;;731
2024-05-09T05:02:10Z;73;;406
2024-05-09T05:02:11Z;394;;727
2024-05-09T05:02:13Z;70;;403
2024-05-09T05:02:15Z;375;;708
2024-05-09T05:02:16Z;48;;381
2024-05-09T05:02:18Z;376;;709
2024-05-09T05:02:19Z;47;;380
2024-05-09T05:02:21Z;373;;706
2024-05-09T05:02:22Z;48;;381
2024-05-09T05:02:24Z;371;;704
2024-05-09T05:02:26Z;43;;376
2024-05-09T05:02:27Z;365;;698
2024-05-09T05:02:29Z;42;;375
2024-05-09T05:02:31Z;371;;704
2024-05-09T05:02:32Z;40;;373
2024-05-09T05:02:34Z;365;;698
2024-05-09T05:02:35Z;39;;372
2024-05-09T05:02:37Z;365;;698
2024-05-09T05:02:38Z;38;;371
2024-05-09T05:02:40Z;364;;697
2024-05-09T05:02:42Z;31;;364
2024-05-09T05:02:57Z;360;;693
2024-05-09T05:02:58Z;29;;362
2024-05-09T05:02:59Z;352;;685
2024-05-09T05:03:01Z;29;;362
2024-05-09T05:03:12Z;284;;617
2024-05-09T05:03:15Z;282;;615
2024-05-09T05:03:22Z;283;;616
2024-05-09T05:03:25Z;277;;610
2024-05-09T05:03:28Z;273;;606
2024-05-09T05:03:29Z;252;;585
2024-05-09T05:03:31Z;271;;604
2024-05-09T05:03:32Z;274;;607
2024-05-09T05:03:35Z;273;;606
2024-05-09T05:03:38Z;275;;608
2024-05-09T05:03:42Z;-41;;292
2024-05-09T05:03:44Z;281;;614
2024-05-09T05:03:45Z;267;;600
2024-05-09T05:03:47Z;275;;608
2024-05-09T05:03:48Z;279;;612
2024-05-09T05:03:51Z;277;;610
2024-05-09T05:03:54Z;275;;608
2024-05-09T05:04:00Z;272;;605
2024-05-09T05:04:01Z;272;;605
2024-05-09T05:04:16Z;266;;599
2024-05-09T05:04:17Z;265;;598
2024-05-09T05:04:19Z;260;;593
2024-05-09T05:04:20Z;267;;600
2024-05-09T05:04:23Z;264;;597
2024-05-09T05:04:26Z;262;;595
2024-05-09T05:04:29Z;262;;595
2024-05-09T05:04:30Z;-55;;278
2024-05-09T05:04:32Z;259;;592
2024-05-09T05:04:33Z;259;;592
2024-05-09T05:04:35Z;255;;588
2024-05-09T05:04:36Z;260;;593
2024-05-09T05:04:39Z;259;;592
2024-05-09T05:04:45Z;265;;598
2024-05-09T05:04:48Z;259;;592
2024-05-09T05:04:49Z;261;;594
2024-05-09T05:04:51Z;249;;582
2024-05-09T05:04:53Z;-65;;268
2024-05-09T05:04:55Z;258;;591
2024-05-09T05:04:58Z;261;;594
2024-05-09T05:05:01Z;258;;591
2024-05-09T05:05:04Z;260;;593
2024-05-09T05:05:05Z;259;;592
2024-05-09T05:05:07Z;241;;574
2024-05-09T05:05:08Z;257;;590
2024-05-09T05:05:11Z;257;;590
2024-05-09T05:05:14Z;257;;590
2024-05-09T05:05:18Z;-44;;289
2024-05-09T05:05:20Z;254;;587
2024-05-09T05:05:35Z;-36;;297
2024-05-09T05:05:36Z;261;;594
2024-05-09T05:05:37Z;259;;592
2024-05-09T05:05:39Z;228;;561
2024-05-09T05:05:40Z;258;;591
2024-05-09T05:05:43Z;261;;594
2024-05-09T05:05:46Z;259;;592
2024-05-09T05:05:52Z;252;;585
2024-05-09T05:05:53Z;256;;589
2024-05-09T05:05:55Z;217;;550
2024-05-09T05:05:56Z;255;;588
2024-05-09T05:05:59Z;255;;588
2024-05-09T05:06:06Z;-25;;308
2024-05-09T05:06:08Z;252;;585
2024-05-09T05:06:09Z;255;;588
2024-05-09T05:06:11Z;210;;543
2024-05-09T05:06:12Z;256;;589
2024-05-09T05:06:15Z;253;;586
2024-05-09T05:06:18Z;254;;587
2024-05-09T05:06:22Z;-14;;319
2024-05-09T05:06:24Z;250;;583
2024-05-09T05:06:25Z;259;;592
2024-05-09T05:06:27Z;200;;533
2024-05-09T05:06:28Z;254;;587
2024-05-09T05:06:31Z;261;;594
2024-05-09T05:06:34Z;255;;588
2024-05-09T05:06:37Z;254;;587
2024-05-09T05:06:38Z;2;;335
2024-05-09T05:06:53Z;260;;593
2024-05-09T05:06:54Z;17;;350
2024-05-09T05:06:56Z;248;;581
2024-05-09T05:06:57Z;255;;588
2024-05-09T05:06:59Z;161;;494
2024-05-09T05:07:00Z;256;;589
2024-05-09T05:07:03Z;249;;582
2024-05-09T05:07:06Z;255;;588
2024-05-09T05:07:09Z;246;;579
2024-05-09T05:07:11Z;-75;;258
2024-05-09T05:07:12Z;253;;586
2024-05-09T05:07:13Z;246;;579
2024-05-09T05:07:15Z;134;;467
2024-05-09T05:07:16Z;248;;581
2024-05-09T05:07:19Z;247;;580
2024-05-09T05:07:22Z;248;;581
2024-05-09T05:07:23Z;-68;;265
2024-05-09T05:07:25Z;243;;576
2024-05-09T05:07:26Z;58;;391
2024-05-09T05:07:28Z;245;;578
2024-05-09T05:07:29Z;247;;580
2024-05-09T05:07:31Z;104;;437
2024-05-09T05:07:32Z;248;;581
2024-05-09T05:07:35Z;247;;580
2024-05-09T05:07:38Z;246;;579
2024-05-09T05:07:41Z;255;;588
2024-05-09T05:07:42Z;110;;443
2024-05-09T05:07:44Z;253;;586
2024-05-09T05:07:45Z;253;;586
2024-05-09T05:07:47Z;65;;398
2024-05-09T05:07:48Z;254;;587
2024-05-09T05:07:51Z;253;;586
2024-05-09T05:07:52Z;-71;;262
2024-05-09T05:07:54Z;253;;586
2024-05-09T05:07:55Z;-67;;266
2024-05-09T05:08:10Z;248;;581
2024-05-09T05:08:11Z;-67;;266
2024-05-09T05:08:13Z;250;;583
2024-05-09T05:08:15Z;-71;;262
2024-05-09T05:08:16Z;249;;582
2024-05-09T05:08:18Z;-69;;264
2024-05-09T05:08:20Z;254;;587
2024-05-09T05:08:21Z;-68;;265
2024-05-09T05:08:23Z;254;;587
2024-05-09T05:08:24Z;-67;;266
2024-05-09T05:08:26Z;252;;585
2024-05-09T05:08:27Z;-63;;270
2024-05-09T05:08:29Z;253;;586
2024-05-09T05:08:31Z;-64;;269
2024-05-09T05:08:32Z;251;;584
2024-05-09T05:08:34Z;-62;;271
2024-05-09T05:08:36Z;255;;588
2024-05-09T05:08:37Z;-68;;265
2024-05-09T05:08:39Z;256;;589
2024-05-09T05:08:40Z;-68;;265
2024-05-09T05:08:42Z;252;;585
2024-05-09T05:08:43Z;-60;;273
2024-05-09T05:08:45Z;257;;590
2024-05-09T05:08:47Z;-68;;265
2024-05-09T05:08:48Z;253;;586
2024-05-09T05:08:50Z;-63;;270
2024-05-09T05:08:52Z;255;;588
2024-05-09T05:08:53Z;-66;;267
2024-05-09T05:08:55Z;254;;587
2024-05-09T05:08:56Z;-64;;269
2024-05-09T05:08:58Z;253;;586
2024-05-09T05:08:59Z;-59;;274
2024-05-09T05:09:01Z;252;;585
2024-05-09T05:09:03Z;-66;;267
2024-05-09T05:09:04Z;247;;580
2024-05-09T05:09:06Z;-67;;266
2024-05-09T05:09:08Z;251;;584
2024-05-09T05:09:09Z;-64;;269
2024-05-09T05:09:11Z;250;;583
2024-05-09T05:09:12Z;-67;;266
2024-05-09T05:09:14Z;250;;583
2024-05-09T05:09:29Z;-62;;271
2024-05-09T05:09:32Z;249;;582
2024-05-09T05:09:33Z;254;;587
2024-05-09T05:09:34Z;258;;591
2024-05-09T05:09:36Z;249;;582
2024-05-09T05:09:38Z;-61;;272
2024-05-09T05:09:43Z;257;;590
2024-05-09T05:09:46Z;256;;589
2024-05-09T05:09:49Z;257;;590
2024-05-09T05:09:51Z;-64;;269
2024-05-09T05:09:52Z;247;;580
2024-05-09T05:09:54Z;-63;;270
2024-05-09T05:09:56Z;255;;588
2024-05-09T05:09:59Z;256;;589
2024-05-09T05:10:02Z;256;;589
2024-05-09T05:10:05Z;252;;585
2024-05-09T05:10:06Z;256;;589
2024-05-09T05:10:08Z;241;;574
2024-05-09T05:10:09Z;257;;590
2024-05-09T05:10:15Z;252;;585
2024-05-09T05:10:16Z;-64;;269
2024-05-09T05:10:18Z;251;;584
2024-05-09T05:10:21Z;251;;584
2024-05-09T05:10:22Z;-67;;266
2024-05-09T05:10:24Z;236;;569
2024-05-09T05:10:25Z;254;;587
2024-05-09T05:10:28Z;256;;589
2024-05-09T05:10:31Z;255;;588
2024-05-09T05:10:47Z;253;;586
2024-05-09T05:10:51Z;-40;;293
2024-05-09T05:10:53Z;251;;584
2024-05-09T05:10:54Z;252;;585
2024-05-09T05:10:56Z;224;;557
2024-05-09T05:10:58Z;-64;;269
2024-05-09T05:11:00Z;252;;585
2024-05-09T05:11:03Z;252;;585
2024-05-09T05:11:06Z;251;;584
2024-05-09T05:11:09Z;201;;534
2024-05-09T05:11:10Z;203;;536
2024-05-09T05:11:12Z;161;;494
2024-05-09T05:11:13Z;201;;534
2024-05-09T05:11:16Z;922;;1255
2024-05-09T05:11:17Z;608;;941
2024-05-09T05:11:19Z;927;;1260
2024-05-09T05:11:20Z;623;;956
2024-05-09T05:11:22Z;923;;1256
2024-05-09T05:11:23Z;608;;941
2024-05-09T05:11:24Z;917;;1250
2024-05-09T05:11:26Z;861;;1194
2024-05-09T05:11:27Z;553;;886
2024-05-09T05:11:28Z;817;;1150
2024-05-09T05:11:30Z;551;;884
2024-05-09T05:11:32Z;862;;1195
2024-05-09T05:11:35Z;198;;531
2024-05-09T05:11:38Z;205;;538
2024-05-09T05:11:41Z;202;;535
2024-05-09T05:11:42Z;200;;533
2024-05-09T05:11:44Z;141;;474
2024-05-09T05:11:45Z;203;;536
2024-05-09T05:11:47Z;142;;475
2024-05-09T05:12:06Z;203;;536
2024-05-09T05:12:08Z;121;;454
2024-05-09T05:12:09Z;199;;532
2024-05-09T05:12:15Z;201;;534
2024-05-09T05:12:19Z;-32;;301
2024-05-09T05:12:21Z;193;;526
2024-05-09T05:12:23Z;-121;;212
2024-05-09T05:12:24Z;96;;429
2024-05-09T05:12:25Z;193;;526
2024-05-09T05:12:28Z;194;;527
2024-05-09T05:12:31Z;195;;528
2024-05-09T05:12:34Z;198;;531
2024-05-09T05:12:35Z;1;;334
2024-05-09T05:12:37Z;190;;523
2024-05-09T05:12:38Z;193;;526
2024-05-09T05:12:40Z;59;;392
2024-05-09T05:12:41Z;192;;525
2024-05-09T05:12:44Z;191;;524
2024-05-09T05:12:45Z;-123;;210
2024-05-09T05:12:47Z;193;;526
2024-05-09T05:12:50Z;190;;523
2024-05-09T05:12:51Z;37;;370
2024-05-09T05:12:52Z;185;;518
2024-05-09T05:12:54Z;193;;526
2024-05-09T05:12:57Z;194;;527
2024-05-09T05:13:00Z;190;;523
2024-05-09T05:13:03Z;192;;525
2024-05-09T05:13:04Z;-122;;211
2024-05-09T05:13:06Z;188;;521
2024-05-09T05:13:07Z;62;;395
2024-05-09T05:13:09Z;192;;525
2024-05-09T05:13:10Z;192;;525
2024-05-09T05:13:25Z;-133;;200
2024-05-09T05:13:27Z;-131;;202
2024-05-09T05:13:29Z;187;;520
2024-05-09T05:13:30Z;-98;;235
2024-05-09T05:13:32Z;217;;550
2024-05-09T05:13:33Z;-98;;235
2024-05-09T05:13:35Z;215;;548
2024-05-09T05:13:36Z;-95;;238
2024-05-09T05:13:38Z;181;;514
2024-05-09T05:13:40Z;-134;;199
2024-05-09T05:13:41Z;181;;514
2024-05-09T05:13:43Z;-132;;201
2024-05-09T05:13:45Z;183;;516
2024-05-09T05:13:46Z;-136;;197
2024-05-09T05:13:48Z;183;;516
2024-05-09T05:13:49Z;-133;;200
2024-05-09T05:13:51Z;181;;514
2024-05-09T05:13:52Z;-139;;194
2024-05-09T05:13:54Z;182;;515
2024-05-09T05:13:56Z;-136;;197
2024-05-09T05:13:57Z;175;;508
2024-05-09T05:13:59Z;-136;;197
2024-05-09T05:14:01Z;185;;518
2024-05-09T05:14:02Z;-134;;199
2024-05-09T05:14:04Z;182;;515
2024-05-09T05:14:05Z;-124;;209
2024-05-09T05:14:07Z;188;;521
2024-05-09T05:14:08Z;-124;;209
2024-05-09T05:14:10Z;188;;521
2024-05-09T05:14:12Z;-128;;205
2024-05-09T05:14:13Z;184;;517
2024-05-09T05:14:15Z;-127;;206
2024-05-09T05:14:17Z;188;;521
2024-05-09T05:14:18Z;-125;;208
2024-05-09T05:14:20Z;189;;522
2024-05-09T05:14:21Z;-129;;204
2024-05-09T05:14:23Z;185;;518
2024-05-09T05:14:24Z;-131;;202
2024-05-09T05:14:26Z;177;;510
2024-05-09T05:14:28Z;-139;;194
2024-05-09T05:14:43Z;176;;509
2024-05-09T05:14:44Z;-132;;201
2024-05-09T05:14:45Z;174;;507
2024-05-09T05:14:47Z;-130;;203
2024-05-09T05:14:49Z;179;;512
2024-05-09T05:14:56Z;-132;;201
2024-05-09T05:14:57Z;187;;520
2024-05-09T05:14:58Z;-131;;202
2024-05-09T05:15:00Z;181;;514
2024-05-09T05:15:01Z;-125;;208
2024-05-09T05:15:02Z;177;;579
2024-05-09T05:15:03Z;181;;514
2024-05-09T05:15:04Z;169;402;583
2024-05-09T05:15:06Z;179;;581
2024-05-09T05:15:07Z;178;;580
2024-05-09T05:15:08Z;-138;;264
2024-05-09T05:15:09Z;177;;579
2024-05-09T05:15:10Z;-135;;267
2024-05-09T05:15:12Z;175;;577
2024-05-09T05:15:15Z;172;;574
2024-05-09T05:15:18Z;181;;583
2024-05-09T05:15:25Z;160;;562
2024-05-09T05:15:26Z;-141;;261
2024-05-09T05:15:27Z;184;;586
2024-05-09T05:15:28Z;185;;587
2024-05-09T05:15:30Z;-114;;288
2024-05-09T05:15:31Z;179;;581
2024-05-09T05:15:34Z;182;;584
2024-05-09T05:15:37Z;191;;593
2024-05-09T05:15:38Z;-124;;278
2024-05-09T05:15:40Z;193;;595
2024-05-09T05:15:43Z;189;;591
2024-05-09T05:15:46Z;198;;600
2024-05-09T05:15:47Z;189;;591
2024-05-09T05:16:02Z;175;;577
2024-05-09T05:16:03Z;179;;581
2024-05-09T05:16:05Z;138;;540
2024-05-09T05:16:06Z;178;;580
2024-05-09T05:16:09Z;171;;573
2024-05-09T05:16:10Z;-142;;260
2024-05-09T05:16:12Z;167;;569
2024-05-09T05:16:15Z;163;;565
2024-05-09T05:16:18Z;157;;559
2024-05-09T05:16:19Z;161;;563
2024-05-09T05:16:21Z;107;;509
2024-05-09T05:16:23Z;-157;;245
2024-05-09T05:16:25Z;155;;557
2024-05-09T05:16:28Z;149;;551
2024-05-09T05:16:31Z;149;;551
2024-05-09T05:16:32Z;-90;;312
2024-05-09T05:16:34Z;144;;546
2024-05-09T05:16:35Z;140;;542
2024-05-09T05:16:37Z;56;;458
2024-05-09T05:16:38Z;145;;547
2024-05-09T05:16:41Z;143;;545
2024-05-09T05:16:42Z;-168;;234
2024-05-09T05:16:44Z;140;;542
2024-05-09T05:16:47Z;144;;546
2024-05-09T05:16:48Z;-61;;341
2024-05-09T05:16:50Z;141;;543
2024-05-09T05:16:51Z;140;;542
2024-05-09T05:16:54Z;142;;544
2024-05-09T05:16:57Z;141;;543
2024-05-09T05:17:00Z;156;;558
2024-05-09T05:17:06Z;150;;552
2024-05-09T05:17:20Z;18;;420
2024-05-09T05:17:22Z;141;;543
2024-05-09T05:17:24Z;-165;;237
2024-05-09T05:17:26Z;140;;542
2024-05-09T05:17:29Z;143;;545
2024-05-09T05:17:32Z;138;;540
2024-05-09T05:17:35Z;140;;542
2024-05-09T05:17:36Z;61;;463
2024-05-09T05:17:38Z;146;;548
2024-05-09T05:17:39Z;153;;555
2024-05-09T05:17:42Z;151;;553
2024-05-09T05:17:45Z;151;;553
2024-05-09T05:17:46Z;-164;;238
2024-05-09T05:17:48Z;150;;552
2024-05-09T05:17:51Z;158;;560
2024-05-09T05:17:52Z;111;;513
2024-05-09T05:17:54Z;153;;555
2024-05-09T05:17:56Z;-156;;246
2024-05-09T05:17:58Z;155;;557
2024-05-09T05:18:01Z;159;;561
2024-05-09T05:18:07Z;166;;568
2024-05-09T05:18:08Z;158;;560
2024-05-09T05:18:10Z;167;;569
2024-05-09T05:18:11Z;171;;573
2024-05-09T05:18:14Z;166;;568
2024-05-09T05:18:20Z;175;;577
2024-05-09T05:18:23Z;172;;574
2024-05-09T05:18:38Z;172;;574
2024-05-09T05:18:39Z;550;;952
2024-05-09T05:18:41Z;234;;636
2024-05-09T05:18:42Z;551;;953
2024-05-09T05:18:44Z;239;;641
2024-05-09T05:18:46Z;552;;954
2024-05-09T05:18:47Z;240;;642
2024-05-09T05:18:49Z;586;;988
2024-05-09T05:18:50Z;268;;670
2024-05-09T05:18:52Z;575;;977
2024-05-09T05:18:53Z;260;;662
2024-05-09T05:18:55Z;561;;963
2024-05-09T05:18:57Z;250;;652
2024-05-09T05:18:58Z;554;;956
2024-05-09T05:19:00Z;252;;654
2024-05-09T05:19:02Z;561;;963
2024-05-09T05:19:03Z;254;;656
2024-05-09T05:19:05Z;560;;962
2024-05-09T05:19:06Z;247;;649
2024-05-09T05:19:08Z;555;;957
2024-05-09T05:19:09Z;261;;663
2024-05-09T05:19:11Z;558;;960
2024-05-09T05:19:13Z;251;;653
2024-05-09T05:19:14Z;549;;951
2024-05-09T05:19:16Z;247;;649
2024-05-09T05:19:18Z;569;;971
2024-05-09T05:19:19Z;246;;648
2024-05-09T05:19:21Z;543;;945
2024-05-09T05:19:22Z;242;;644
2024-05-09T05:19:24Z;553;;955
2024-05-09T05:19:25Z;260;;662
2024-05-09T05:19:27Z;547;;949
2024-05-09T05:19:29Z;241;;643
2024-05-09T05:19:30Z;562;;964
2024-05-09T05:19:32Z;250;;652
2024-05-09T05:19:34Z;562;;964
2024-05-09T05:19:35Z;243;;645
2024-05-09T05:19:37Z;558;;960
2024-05-09T05:19:38Z;250;;652
2024-05-09T05:19:40Z;558;;960
2024-05-09T05:19:41Z;270;;672
2024-05-09T05:19:56Z;552;;954
2024-05-09T05:19:57Z;556;;958
2024-05-09T05:19:59Z;547;;949
2024-05-09T05:20:01Z;241;;643
2024-05-09T05:20:02Z;520;;922
2024-05-09T05:20:04Z;238;;640
2024-05-09T05:20:06Z;552;;954
2024-05-09T05:20:07Z;241;;643
2024-05-09T05:20:09Z;551;;953
2024-05-09T05:20:10Z;239;;641
2024-05-09T05:20:12Z;547;;949
2024-05-09T05:20:13Z;272;;674
2024-05-09T05:20:15Z;538;;940
2024-05-09T05:20:17Z;231;;633
2024-05-09T05:20:18Z;505;;907
2024-05-09T05:20:20Z;230;;632
2024-05-09T05:20:22Z;550;;952
2024-05-09T05:20:23Z;234;;636
2024-05-09T05:20:25Z;550;;952
2024-05-09T05:20:26Z;236;;638
2024-05-09T05:20:28Z;548;;950
2024-05-09T05:20:29Z;278;;680
2024-05-09T05:20:31Z;540;;942
2024-05-09T05:20:33Z;225;;627
2024-05-09T05:20:34Z;498;;900
2024-05-09T05:20:36Z;220;;622
2024-05-09T05:20:38Z;534;;936
2024-05-09T05:20:39Z;219;;621
2024-05-09T05:20:41Z;526;;928
2024-05-09T05:20:42Z;213;;615
2024-05-09T05:20:44Z;517;;919
2024-05-09T05:20:45Z;252;;654
2024-05-09T05:20:47Z;512;;914
2024-05-09T05:20:49Z;198;;600
2024-05-09T05:20:50Z;462;;864
2024-05-09T05:20:52Z;196;;598
2024-05-09T05:20:54Z;497;;899
2024-05-09T05:20:55Z;187;;589
2024-05-09T05:20:57Z;494;;896
2024-05-09T05:20:58Z;185;;587
2024-05-09T05:21:00Z;487;;889
2024-05-09T05:21:15Z;233;;635
2024-05-09T05:21:16Z;481;;883
2024-05-09T05:21:17Z;222;;624
2024-05-09T05:21:19Z;468;;870
2024-05-09T05:21:21Z;162;;564
2024-05-09T05:21:22Z;419;;821
2024-05-09T05:21:24Z;159;;561
2024-05-09T05:21:26Z;463;;865
2024-05-09T05:21:27Z;159;;561
2024-05-09T05:21:29Z;461;;863
2024-05-09T05:21:30Z;153;;555
2024-05-09T05:21:32Z;459;;861
2024-05-09T05:21:33Z;221;;623
2024-05-09T05:21:35Z;454;;856
2024-05-09T05:21:37Z;148;;550
2024-05-09T05:21:38Z;375;;777
2024-05-09T05:21:40Z;136;;538
2024-05-09T05:21:42Z;443;;845
2024-05-09T05:21:43Z;134;;536
2024-05-09T05:21:45Z;441;;843
2024-05-09T05:21:46Z;132;;534
2024-05-09T05:21:48Z;436;;838
2024-05-09T05:21:49Z;215;;617
2024-05-09T05:21:51Z;431;;833
2024-05-09T05:21:53Z;122;;524
2024-05-09T05:21:54Z;331;;733
2024-05-09T05:21:56Z;114;;516
2024-05-09T05:21:58Z;421;;823
2024-05-09T05:21:59Z;110;;512
2024-05-09T05:22:01Z;441;;843
2024-05-09T05:22:02Z;109;;511
2024-05-09T05:22:04Z;412;;814
2024-05-09T05:22:05Z;216;;618
2024-05-09T05:22:07Z;422;;824
2024-05-09T05:22:09Z;99;;501
2024-05-09T05:22:10Z;305;;707
2024-05-09T05:22:12Z;97;;499
2024-05-09T05:22:14Z;412;;814
2024-05-09T05:22:15Z;99;;501
2024-05-09T05:22:17Z;423;;825
2024-05-09T05:22:18Z;120;;522
2024-05-09T05:22:33Z;452;;854
2024-05-09T05:22:34Z;145;;547
2024-05-09T05:22:36Z;454;;856
2024-05-09T05:22:37Z;262;;664
2024-05-09T05:22:39Z;455;;857
2024-05-09T05:22:41Z;146;;548
2024-05-09T05:22:42Z;336;;738
2024-05-09T05:22:44Z;147;;549
2024-05-09T05:22:46Z;466;;868
2024-05-09T05:22:47Z;150;;552
2024-05-09T05:22:49Z;467;;869
2024-05-09T05:22:50Z;156;;558
2024-05-09T05:22:52Z;471;;873
2024-05-09T05:22:53Z;290;;692
2024-05-09T05:22:55Z;471;;873
2024-05-09T05:22:57Z;165;;567
2024-05-09T05:22:58Z;354;;756
2024-05-09T05:23:00Z;168;;570
2024-05-09T05:23:02Z;487;;889
2024-05-09T05:23:03Z;174;;576
2024-05-09T05:23:04Z;;569;743
2024-05-09T05:23:08Z;528;;1097
2024-05-09T05:23:09Z;290;;859
2024-05-09T05:23:11Z;492;;1061
2024-05-09T05:23:13Z;178;;747
2024-05-09T05:23:14Z;354;;923
2024-05-09T05:23:16Z;184;;753
2024-05-09T05:23:18Z;498;;1067
2024-05-09T05:23:19Z;170;;739
2024-05-09T05:23:21Z;486;;1055
2024-05-09T05:23:22Z;126;;695
2024-05-09T05:23:24Z;466;;1035
2024-05-09T05:23:25Z;296;;865
2024-05-09T05:23:27Z;459;;1028
2024-05-09T05:23:29Z;183;;752
2024-05-09T05:23:30Z;353;;922
2024-05-09T05:23:32Z;184;;753
2024-05-09T05:23:34Z;487;;1056
2024-05-09T05:23:35Z;189;;758
2024-05-09T05:23:37Z;473;;1042
2024-05-09T05:23:52Z;164;;733
2024-05-09T05:23:53Z;440;;1009
2024-05-09T05:23:54Z;133;;702
2024-05-09T05:23:56Z;430;;999
2024-05-09T05:23:57Z;271;;840
2024-05-09T05:23:59Z;431;;1000
2024-05-09T05:24:01Z;116;;685
2024-05-09T05:24:03Z;425;;994
2024-05-09T05:24:04Z;106;;675
2024-05-09T05:24:09Z;;600;706
2024-05-09T05:24:11Z;407;;1007
2024-05-09T05:24:12Z;96;;696
2024-05-09T05:24:13Z;396;;996
2024-05-09T05:24:14Z;257;;857
2024-05-09T05:24:15Z;387;;987
2024-05-09T05:24:17Z;71;;671
2024-05-09T05:24:19Z;381;;981
2024-05-09T05:24:20Z;65;;665
2024-05-09T05:24:22Z;386;;986
2024-05-09T05:24:24Z;-335;;265
2024-05-09T05:24:25Z;-18;;582
2024-05-09T05:24:27Z;-338;;262
2024-05-09T05:24:29Z;-171;;429
2024-05-09T05:24:30Z;-349;;251
2024-05-09T05:24:37Z;-35;;565
2024-05-09T05:24:38Z;-54;;546
2024-05-09T05:24:39Z;-373;;227
2024-05-09T05:24:40Z;-370;;230
2024-05-09T05:24:42Z;-377;;223
2024-05-09T05:24:43Z;-365;;235
2024-05-09T05:24:47Z;-384;;216
2024-05-09T05:24:48Z;-394;;206
2024-05-09T05:25:10Z;-99;;501
2024-05-09T05:25:14Z;-114;;486
2024-05-09T05:25:15Z;-427;;173
2024-05-09T05:25:17Z;-94;;506
2024-05-09T05:25:22Z;-417;;183
2024-05-09T05:25:24Z;-298;;302
2024-05-09T05:25:25Z;-123;;477
2024-05-09T05:25:32Z;-104;;496
2024-05-09T05:25:33Z;-438;;162
2024-05-09T05:25:34Z;-121;;479
2024-05-09T05:25:38Z;-435;;165
2024-05-09T05:25:39Z;-119;;481
2024-05-09T05:25:41Z;-432;;168
2024-05-09T05:25:46Z;-107;;493
2024-05-09T05:25:47Z;-428;;172
2024-05-09T05:25:49Z;-110;;490
2024-05-09T05:25:54Z;-423;;177
2024-05-09T05:25:55Z;-97;;503
2024-05-09T05:25:57Z;-419;;181
2024-05-09T05:26:02Z;-99;;501
2024-05-09T05:26:03Z;-412;;188
2024-05-09T05:26:05Z;-76;;524
2024-05-09T05:26:08Z;-90;;510
2024-05-09T05:26:09Z;-404;;196
2024-05-09T05:26:11Z;-88;;512
2024-05-09T05:26:12Z;-314;;286
2024-05-09T05:26:14Z;-86;;514
2024-05-09T05:26:29Z;-392;;208
2024-05-09T05:26:30Z;-71;;529
2024-05-09T05:26:32Z;-386;;214
2024-05-09T05:26:33Z;-67;;533
2024-05-09T05:26:35Z;-382;;218
2024-05-09T05:26:36Z;-146;;454
2024-05-09T05:26:38Z;-369;;231
2024-05-09T05:26:40Z;-57;;543
2024-05-09T05:26:41Z;-362;;238
2024-05-09T05:26:43Z;-46;;554
2024-05-09T05:26:45Z;-371;;229
2024-05-09T05:26:46Z;-53;;547
2024-05-09T05:26:48Z;-367;;233
2024-05-09T05:26:49Z;-48;;552
2024-05-09T05:26:51Z;-365;;235
2024-05-09T05:26:52Z;-130;;470
2024-05-09T05:26:54Z;-357;;243
2024-05-09T05:26:56Z;-53;;547
2024-05-09T05:26:57Z;-355;;245
2024-05-09T05:26:59Z;-49;;551
2024-05-09T05:27:01Z;-371;;229
2024-05-09T05:27:02Z;-49;;551
2024-05-09T05:27:04Z;-373;;227
2024-05-09T05:27:05Z;-65;;535
2024-05-09T05:27:07Z;-372;;228
2024-05-09T05:27:08Z;-150;;450
2024-05-09T05:27:10Z;-379;;221
2024-05-09T05:27:12Z;-73;;527
2024-05-09T05:27:13Z;-388;;212
2024-05-09T05:27:15Z;-102;;498
2024-05-09T05:27:16Z;-346;;254
2024-05-09T05:27:18Z;-116;;484
2024-05-09T05:27:20Z;-440;;160
2024-05-09T05:27:21Z;-114;;486
2024-05-09T05:27:23Z;-445;;155
2024-05-09T05:27:24Z;-207;;393
2024-05-09T05:27:26Z;-443;;157
2024-05-09T05:27:28Z;-149;;451
2024-05-09T05:27:29Z;-455;;145
2024-05-09T05:27:31Z;-157;;443
2024-05-09T05:27:32Z;-385;;215
2024-05-09T05:27:47Z;-159;;441
2024-05-09T05:27:48Z;-403;;197
2024-05-09T05:27:49Z;-484;;116
2024-05-09T05:27:51Z;-207;;393
2024-05-09T05:27:52Z;-531;;69
2024-05-09T05:27:54Z;-225;;375
2024-05-09T05:27:56Z;-302;;298
2024-05-09T05:27:57Z;-229;;371
2024-05-09T05:27:59Z;-540;;60
2024-05-09T05:28:00Z;-216;;384
2024-05-09T05:28:02Z;-556;;44
2024-05-09T05:28:03Z;-246;;354
2024-05-09T05:28:05Z;-553;;47
2024-05-09T05:28:07Z;-253;;347
2024-05-09T05:28:09Z;-258;;342
2024-05-09T05:28:11Z;-573;;27
2024-05-09T05:28:12Z;-340;;260
2024-05-09T05:28:14Z;-577;;23
2024-05-09T05:28:19Z;1008;;1608
2024-05-09T05:28:22Z;-203;;397
2024-05-09T05:28:23Z;-224;;376
2024-05-09T05:28:25Z;-235;;365
2024-05-09T05:28:26Z;-230;;370
2024-05-09T05:28:32Z;;893;663
2024-05-09T05:28:36Z;-549;;344
2024-05-09T05:28:37Z;-240;;653
2024-05-09T05:28:38Z;-551;;342
2024-05-09T05:28:39Z;-468;;425
2024-05-09T05:28:40Z;-561;;332
2024-05-09T05:28:42Z;-246;;647
2024-05-09T05:28:43Z;-563;;330
2024-05-09T05:28:44Z;-249;;644
2024-05-09T05:28:45Z;-346;;547
2024-05-09T05:28:46Z;-254;;639
2024-05-09T05:28:48Z;-574;;319
2024-05-09T05:28:49Z;-256;;637
2024-05-09T05:28:50Z;-577;;316
2024-05-09T05:28:51Z;-259;;634
2024-05-09T05:29:06Z;-579;;314
2024-05-09T05:29:08Z;-576;;317
2024-05-09T05:29:09Z;-271;;622
2024-05-09T05:29:10Z;-565;;328
2024-05-09T05:29:11Z;-252;;641
2024-05-09T05:29:12Z;-577;;316
2024-05-09T05:29:14Z;-238;;655
2024-05-09T05:29:16Z;-335;;558
2024-05-09T05:29:18Z;-572;;321
2024-05-09T05:29:22Z;-569;;324
2024-05-09T05:29:23Z;-246;;647
2024-05-09T05:29:25Z;-565;;328
2024-05-09T05:29:27Z;-239;;654
2024-05-09T05:29:28Z;-559;;334
2024-05-09T05:29:30Z;-242;;651
2024-05-09T05:29:32Z;-318;;575
2024-05-09T05:29:33Z;-233;;660
2024-05-09T05:29:35Z;-552;;341
2024-05-09T05:29:36Z;-228;;665
2024-05-09T05:29:43Z;-538;;355
2024-05-09T05:29:44Z;-208;;685
2024-05-09T05:29:45Z;-524;;369
2024-05-09T05:29:46Z;-207;;686
2024-05-09T05:29:47Z;-515;;378
2024-05-09T05:29:49Z;-187;;706
2024-05-09T05:29:51Z;-512;;381
2024-05-09T05:29:52Z;;860;348
2024-05-09T05:29:53Z;-499;;361
2024-05-09T05:29:54Z;-501;;359
2024-05-09T05:29:55Z;-177;;683
2024-05-09T05:29:59Z;-485;;375
2024-05-09T05:30:01Z;-164;;696
2024-05-09T05:30:02Z;-160;;700
2024-05-09T05:30:04Z;;833;673
2024-05-09T05:30:05Z;-177;;656
2024-05-09T05:30:25Z;-374;;459
2024-05-09T05:30:27Z;-367;;466
2024-05-09T05:30:28Z;-295;;538
2024-05-09T05:30:29Z;-353;;480
2024-05-09T05:30:31Z;-108;;725
2024-05-09T05:30:33Z;-107;;726
2024-05-09T05:30:34Z;-99;;734
2024-05-09T05:30:35Z;-417;;416
2024-05-09T05:30:37Z;-96;;737
2024-05-09T05:30:39Z;-416;;417
2024-05-09T05:30:40Z;-93;;740
2024-05-09T05:30:42Z;-432;;401
2024-05-09T05:30:43Z;-113;;720
2024-05-09T05:30:45Z;-429;;404
2024-05-09T05:30:47Z;-127;;706
2024-05-09T05:30:48Z;-445;;388
2024-05-09T05:30:50Z;-124;;709
2024-05-09T05:30:51Z;-444;;389
2024-05-09T05:30:53Z;-126;;707
2024-05-09T05:30:55Z;-449;;384
2024-05-09T05:30:56Z;-130;;703
2024-05-09T05:30:58Z;-452;;381
2024-05-09T05:30:59Z;-137;;696
2024-05-09T05:31:01Z;-455;;378
2024-05-09T05:31:03Z;-142;;691
2024-05-09T05:31:04Z;-463;;370
2024-05-09T05:31:06Z;-148;;685
2024-05-09T05:31:07Z;-471;;362
2024-05-09T05:31:09Z;-156;;677
2024-05-09T05:31:11Z;-480;;353
2024-05-09T05:31:12Z;-167;;666
2024-05-09T05:31:14Z;-496;;337
2024-05-09T05:31:15Z;-181;;652
2024-05-09T05:31:17Z;-506;;327
2024-05-09T05:31:19Z;-199;;634
2024-05-09T05:31:21Z;-223;;610
2024-05-09T05:31:22Z;-230;;603
2024-05-09T05:31:24Z;-348;;485
2024-05-09T05:31:25Z;-243;;590
2024-05-09T05:31:43Z;-581;;252
2024-05-09T05:31:44Z;-334;;499
2024-05-09T05:31:46Z;;908;574
2024-05-09T05:31:47Z;-346;;562
2024-05-09T05:31:48Z;-544;;364
2024-05-09T05:31:49Z;-680;;228
2024-05-09T05:31:51Z;-371;;537
2024-05-09T05:31:53Z;-379;;529
2024-05-09T05:31:54Z;-383;;525
2024-05-09T05:31:55Z;-707;;201
2024-05-09T05:31:57Z;-398;;510
2024-05-09T05:31:59Z;-727;;181
2024-05-09T05:32:00Z;-416;;492
2024-05-09T05:32:04Z;-434;;474
2024-05-09T05:32:05Z;-438;;470
2024-05-09T05:32:07Z;-757;;151
2024-05-09T05:32:13Z;-464;;444
2024-05-09T05:32:15Z;-783;;125
2024-05-09T05:32:17Z;-470;;438
2024-05-09T05:32:18Z;-797;;111
2024-05-09T05:32:20Z;-477;;431
2024-05-09T05:32:21Z;-801;;107
2024-05-09T05:32:23Z;-488;;420
2024-05-09T05:32:25Z;-492;;416
2024-05-09T05:32:26Z;-492;;416
2024-05-09T05:32:28Z;-821;;87
2024-05-09T05:32:29Z;-501;;407
2024-05-09T05:32:31Z;-818;;90
2024-05-09T05:32:33Z;-500;;408
2024-05-09T05:32:35Z;-500;;408
2024-05-09T05:32:36Z;-502;;406
2024-05-09T05:32:37Z;-826;;82
2024-05-09T05:32:39Z;-514;;394
2024-05-09T05:32:41Z;-526;;382
2024-05-09T05:32:42Z;-513;;395
2024-05-09T05:33:01Z;-831;;77
2024-05-09T05:33:02Z;-509;;399
2024-05-09T05:33:03Z;-830;;78
2024-05-09T05:33:05Z;-516;;392
2024-05-09T05:33:06Z;-827;;81
2024-05-09T05:33:08Z;-515;;393
2024-05-09T05:33:10Z;-518;;390
2024-05-09T05:33:15Z;-836;;72
2024-05-09T05:33:16Z;-833;;75
2024-05-09T05:33:24Z;-838;;70
2024-05-09T05:33:25Z;-516;;392
2024-05-09T05:33:27Z;-836;;72
2024-05-09T05:33:28Z;-540;;368
2024-05-09T05:33:30Z;-837;;71
2024-05-09T05:33:32Z;-522;;386
2024-05-09T05:33:33Z;-820;;88
2024-05-09T05:33:35Z;-518;;390
2024-05-09T05:33:37Z;-844;;64
2024-05-09T05:33:38Z;-526;;382
2024-05-09T05:33:40Z;-841;;67
2024-05-09T05:33:41Z;-526;;382
2024-05-09T05:33:43Z;-841;;67
2024-05-09T05:33:44Z;-536;;372
2024-05-09T05:33:46Z;-842;;66
2024-05-09T05:33:48Z;-526;;382
2024-05-09T05:33:49Z;-820;;88
2024-05-09T05:33:51Z;-527;;381
2024-05-09T05:33:53Z;-843;;65
2024-05-09T05:33:54Z;-523;;385
2024-05-09T05:33:56Z;-846;;62
2024-05-09T05:33:57Z;-526;;382
2024-05-09T05:33:59Z;-833;;75
2024-05-09T05:34:00Z;-536;;372
2024-05-09T05:34:02Z;-833;;75
2024-05-09T05:34:04Z;-516;;392
2024-05-09T05:34:05Z;-822;;86
2024-05-09T05:34:20Z;-514;;394
2024-05-09T05:34:21Z;-520;;388
2024-05-09T05:34:23Z;-518;;390
2024-05-09T05:34:25Z;-836;;72
2024-05-09T05:34:26Z;-520;;388
2024-05-09T05:34:28Z;-837;;71
2024-05-09T05:34:29Z;-527;;381
2024-05-09T05:34:31Z;-841;;67
2024-05-09T05:34:32Z;-530;;378
2024-05-09T05:34:34Z;-839;;69
2024-05-09T05:34:36Z;-524;;384
2024-05-09T05:34:37Z;-820;;88
2024-05-09T05:34:39Z;-526;;382
2024-05-09T05:34:41Z;-842;;66
2024-05-09T05:34:42Z;-523;;385
2024-05-09T05:34:44Z;-841;;67
2024-05-09T05:34:45Z;-520;;388
2024-05-09T05:34:47Z;-836;;72
2024-05-09T05:34:48Z;-539;;369
2024-05-09T05:34:50Z;-829;;79
2024-05-09T05:34:52Z;-525;;383
2024-05-09T05:34:53Z;-828;;80
2024-05-09T05:34:54Z;-842;;66
2024-05-09T05:34:56Z;-529;;379
2024-05-09T05:34:58Z;-526;;382
2024-05-09T05:34:59Z;-525;;383
2024-05-09T05:35:00Z;-838;;70
2024-05-09T05:35:02Z;-512;;396
2024-05-09T05:35:04Z;-837;;71
2024-05-09T05:35:05Z;-522;;386
2024-05-09T05:35:07Z;-841;;67
2024-05-09T05:35:08Z;-522;;386
2024-05-09T05:35:10Z;-840;;68
2024-05-09T05:35:12Z;-518;;390
2024-05-09T05:35:13Z;-843;;65
2024-05-09T05:35:15Z;-524;;384
2024-05-09T05:35:17Z;-531;;377
2024-05-09T05:35:18Z;-529;;379
2024-05-09T05:35:19Z;-847;;61
2024-05-09T05:35:24Z;-854;;54
2024-05-09T05:35:43Z;-539;;369
2024-05-09T05:35:48Z;-856;;52
2024-05-09T05:35:49Z;-538;;370
2024-05-09T05:35:51Z;-540;;368
2024-05-09T05:35:53Z;-543;;365
2024-05-09T05:35:54Z;-859;;49
2024-05-09T05:35:56Z;-542;;366
2024-05-09T05:35:57Z;-861;;47
2024-05-09T05:35:59Z;-545;;363
2024-05-09T05:36:01Z;-737;;171
2024-05-09T05:36:02Z;-550;;358
2024-05-09T05:36:09Z;-865;;43
2024-05-09T05:36:12Z;-547;;361
2024-05-09T05:36:13Z;-869;;39
2024-05-09T05:36:15Z;-549;;359
2024-05-09T05:36:17Z;-743;;165
2024-05-09T05:36:19Z;-869;;39
2024-05-09T05:36:20Z;-873;;35
2024-05-09T05:36:21Z;-552;;356
2024-05-09T05:36:26Z;-554;;354
2024-05-09T05:36:27Z;-557;;351
2024-05-09T05:36:28Z;-877;;31
2024-05-09T05:36:31Z;-567;;341
2024-05-09T05:36:33Z;-733;;175
2024-05-09T05:36:34Z;-583;;325
2024-05-09T05:36:36Z;-890;;18
2024-05-09T05:36:38Z;-740;;168
2024-05-09T05:36:39Z;-890;;18
2024-05-09T05:36:41Z;-582;;326
2024-05-09T05:36:43Z;-590;;318
2024-05-09T05:36:57Z;-589;;319
2024-05-09T05:36:59Z;-581;;327
2024-05-09T05:37:03Z;-581;;327
2024-05-09T05:37:05Z;-693;;215
2024-05-09T05:37:06Z;-580;;328
2024-05-09T05:37:08Z;-899;;9
2024-05-09T05:37:10Z;-787;;121
2024-05-09T05:37:11Z;-899;;9
2024-05-09T05:37:18Z;-583;;325
2024-05-09T05:37:19Z;-588;;320
2024-05-09T05:37:20Z;-590;;318
2024-05-09T05:37:21Z;-901;;7
2024-05-09T05:37:22Z;-693;;215
2024-05-09T05:37:23Z;-905;;3
2024-05-09T05:37:25Z;-902;;6
2024-05-09T05:37:26Z;-798;;110
2024-05-09T05:37:28Z;-583;;325
2024-05-09T05:37:29Z;-580;;328
2024-05-09T05:37:30Z;-902;;6
2024-05-09T05:37:32Z;-576;;332
2024-05-09T05:37:33Z;-903;;5
2024-05-09T05:37:35Z;-578;;330
2024-05-09T05:37:37Z;-669;;239
2024-05-09T05:37:38Z;-583;;325
2024-05-09T05:37:45Z;-904;;4
2024-05-09T05:37:48Z;-583;;325
2024-05-09T05:37:50Z;-580;;328
2024-05-09T05:37:51Z;-586;;322
2024-05-09T05:37:53Z;-656;;252
2024-05-09T05:37:55Z;-902;;6
2024-05-09T05:37:56Z;-903;;5
2024-05-09T05:37:57Z;-586;;322
2024-05-09T05:37:59Z;-903;;5
2024-05-09T05:38:01Z;-588;;320
2024-05-09T05:38:16Z;-600;;308
2024-05-09T05:38:20Z;-587;;321
2024-05-09T05:38:22Z;-585;;323
2024-05-09T05:38:23Z;-905;;3
2024-05-09T05:38:24Z;-905;;3
2024-05-09T05:38:26Z;-591;;317
2024-05-09T05:38:28Z;-907;;1
2024-05-09T05:38:29Z;-583;;325
2024-05-09T05:38:31Z;-910;;-2
2024-05-09T05:38:33Z;-581;;327
2024-05-09T05:38:35Z;-585;;323
2024-05-09T05:38:42Z;-584;;324
2024-05-09T05:38:47Z;-894;;14
2024-05-09T05:38:49Z;-578;;330
2024-05-09T05:38:50Z;-901;;7
2024-05-09T05:38:52Z;-573;;335
2024-05-09T05:38:54Z;-582;;326
2024-05-09T05:38:56Z;-894;;14
2024-05-09T05:38:57Z;-591;;317
2024-05-09T05:38:59Z;-899;;9
2024-05-09T05:39:01Z;-573;;335
2024-05-09T05:39:02Z;-864;;44
2024-05-09T05:39:03Z;-888;;20
2024-05-09T05:39:08Z;-881;;27
2024-05-09T05:39:09Z;-553;;355
2024-05-09T05:39:10Z;-875;;33
2024-05-09T05:39:11Z;-560;;348
2024-05-09T05:39:13Z;-870;;38
2024-05-09T05:39:14Z;-568;;340
2024-05-09T05:39:15Z;-867;;41
2024-05-09T05:39:17Z;-551;;357
2024-05-09T05:39:18Z;-856;;52
2024-05-09T05:39:20Z;-548;;360
2024-05-09T05:39:34Z;-823;;85
2024-05-09T05:39:36Z;-513;;395
2024-05-09T05:39:38Z;-831;;77
2024-05-09T05:39:39Z;-511;;397
2024-05-09T05:39:41Z;-823;;85
2024-05-09T05:39:42Z;-508;;400
2024-05-09T05:39:44Z;-820;;88
2024-05-09T05:39:45Z;-408;;500
2024-05-09T05:39:47Z;-664;;244
2024-05-09T05:39:49Z;-350;;558
2024-05-09T05:39:50Z;-653;;255
2024-05-09T05:39:52Z;-345;;563
2024-05-09T05:39:54Z;-659;;249
2024-05-09T05:39:55Z;-339;;569
2024-05-09T05:39:57Z;-705;;203
2024-05-09T05:39:58Z;-392;;516
2024-05-09T05:40:00Z;-701;;207
2024-05-09T05:40:01Z;-393;;515
2024-05-09T05:40:03Z;-700;;208
2024-05-09T05:40:05Z;-378;;530
2024-05-09T05:40:06Z;-688;;220
2024-05-09T05:40:08Z;-381;;527
2024-05-09T05:40:10Z;-691;;217
2024-05-09T05:40:11Z;-378;;530
2024-05-09T05:40:13Z;-692;;216
2024-05-09T05:40:14Z;-375;;533
2024-05-09T05:40:16Z;-690;;218
2024-05-09T05:40:17Z;-381;;527
2024-05-09T05:40:19Z;-684;;224
2024-05-09T05:40:21Z;-375;;533
2024-05-09T05:40:22Z;-682;;226
2024-05-09T05:40:24Z;-369;;539
2024-05-09T05:40:26Z;-688;;220
2024-05-09T05:40:27Z;-375;;533
2024-05-09T05:40:28Z;-373;;535
2024-05-09T05:40:30Z;-379;;529
2024-05-09T05:40:31Z;-375;;533
2024-05-09T05:40:32Z;-684;;224
2024-05-09T05:40:34Z;-376;;532
2024-05-09T05:40:36Z;-686;;222
2024-05-09T05:40:37Z;-375;;533
2024-05-09T05:40:52Z;-694;;214
2024-05-09T05:40:55Z;-658;;250
2024-05-09T05:40:57Z;-370;;538
2024-05-09T05:40:59Z;-349;;559
2024-05-09T05:41:00Z;-350;;558
2024-05-09T05:41:01Z;-665;;243
2024-05-09T05:41:03Z;-357;;551
2024-05-09T05:41:05Z;-364;;544
2024-05-09T05:41:06Z;-365;;543
2024-05-09T05:41:08Z;-713;;195
2024-05-09T05:41:10Z;-894;;14
2024-05-09T05:41:11Z;-897;;11
2024-05-09T05:41:12Z;-585;;323
2024-05-09T05:41:14Z;-644;;264
2024-05-09T05:41:15Z;-594;;314
2024-05-09T05:41:16Z;-596;;312
2024-05-09T05:41:17Z;-921;;-13
2024-05-09T05:41:19Z;-605;;303
2024-05-09T05:41:20Z;-925;;-17
2024-05-09T05:41:22Z;-619;;289
2024-05-09T05:41:24Z;-863;;45
2024-05-09T05:41:26Z;-944;;-36
2024-05-09T05:41:28Z;-633;;275
2024-05-09T05:41:29Z;-710;;198
2024-05-09T05:41:30Z;-958;;-50
2024-05-09T05:41:32Z;-638;;270
2024-05-09T05:41:33Z;-965;;-57
2024-05-09T05:41:40Z;-660;;248
2024-05-09T05:41:41Z;-884;;24
2024-05-09T05:41:42Z;-983;;-75
2024-05-09T05:41:44Z;-672;;236
2024-05-09T05:41:45Z;-780;;128
2024-05-09T05:41:46Z;-996;;-88
2024-05-09T05:41:48Z;-681;;227
2024-05-09T05:41:49Z;-1001;;-93
2024-05-09T05:41:50Z;;1199;198
2024-05-09T05:41:54Z;-690;;509
2024-05-09T05:41:56Z;-869;;330
2024-05-09T05:42:11Z;-691;;508
2024-05-09T05:42:12Z;-858;;341
2024-05-09T05:42:13Z;-724;;475
2024-05-09T05:42:20Z;-1041;;158
2024-05-09T05:42:21Z;-728;;471
2024-05-09T05:42:22Z;-1059;;140
2024-05-09T05:42:29Z;-736;;463
2024-05-09T05:42:31Z;-1055;;144
2024-05-09T05:42:32Z;-738;;461
2024-05-09T05:42:35Z;-734;;465
2024-05-09T05:42:36Z;-738;;461
2024-05-09T05:42:37Z;-1062;;137
2024-05-09T05:42:39Z;-737;;462
2024-05-09T05:42:40Z;-1057;;142
2024-05-09T05:42:47Z;-745;;454
2024-05-09T05:42:48Z;-1060;;139
2024-05-09T05:42:49Z;-743;;456
2024-05-09T05:42:50Z;-1060;;139
2024-05-09T05:43:00Z;-747;;452
2024-05-09T05:43:02Z;-1067;;132
2024-05-09T05:43:03Z;-749;;450
2024-05-09T05:43:06Z;-750;;449
2024-05-09T05:43:07Z;-742;;457
2024-05-09T05:43:08Z;-1071;;128
2024-05-09T05:43:10Z;-750;;449
2024-05-09T05:43:11Z;-1071;;128
2024-05-09T05:43:13Z;-754;;445
2024-05-09T05:43:14Z;-1069;;130
2024-05-09T05:43:29Z;-1077;;122
2024-05-09T05:43:30Z;-761;;438
2024-05-09T05:43:32Z;-750;;449
2024-05-09T05:43:34Z;-1069;;130
2024-05-09T05:43:36Z;-1056;;143
2024-05-09T05:43:37Z;-1070;;129
2024-05-09T05:43:45Z;-756;;443
2024-05-09T05:43:47Z;-752;;447
2024-05-09T05:43:48Z;-748;;451
2024-05-09T05:43:55Z;-1074;;125
2024-05-09T05:43:56Z;-752;;447
2024-05-09T05:43:57Z;-1064;;135
2024-05-09T05:43:58Z;-752;;447
2024-05-09T05:43:59Z;-1068;;131
2024-05-09T05:44:04Z;-748;;451
2024-05-09T05:44:06Z;-1070;;129
2024-05-09T05:44:07Z;-754;;445
2024-05-09T05:44:10Z;-751;;448
2024-05-09T05:44:11Z;-747;;452
2024-05-09T05:44:13Z;-755;;444
2024-05-09T05:44:14Z;-752;;447
2024-05-09T05:44:15Z;-1070;;129
2024-05-09T05:44:17Z;-745;;454
2024-05-09T05:44:18Z;-1071;;128
2024-05-09T05:44:21Z;-1070;;129
2024-05-09T05:44:22Z;-1067;;132
2024-05-09T05:44:23Z;-753;;446
2024-05-09T05:44:25Z;-1068;;131
2024-05-09T05:44:27Z;-754;;445
2024-05-09T05:44:29Z;-745;;454
2024-05-09T05:44:30Z;-750;;449
2024-05-09T05:44:32Z;-756;;443
2024-05-09T05:44:33Z;-755;;444
2024-05-09T05:44:48Z;-1067;;132
2024-05-09T05:44:51Z;-752;;447
2024-05-09T05:44:52Z;-761;;438
2024-05-09T05:44:53Z;-754;;445
2024-05-09T05:44:58Z;-753;;446
2024-05-09T05:44:59Z;-764;;435
2024-05-09T05:45:00Z;-1070;;129
2024-05-09T05:45:03Z;-756;;443
2024-05-09T05:45:04Z;;1263;507
2024-05-09T05:45:12Z;-755;;508
2024-05-09T05:45:13Z;-1070;;193
2024-05-09T05:45:14Z;-751;;512
2024-05-09T05:45:16Z;-1055;;208
2024-05-09T05:45:17Z;-755;;508
2024-05-09T05:45:18Z;-758;;505
2024-05-09T05:45:19Z;-767;;496
2024-05-09T05:45:20Z;-749;;514
2024-05-09T05:45:22Z;-734;;529
2024-05-09T05:45:23Z;-1055;;208
2024-05-09T05:45:24Z;-717;;546
2024-05-09T05:45:25Z;-1030;;233
2024-05-09T05:45:26Z;-1029;;234
2024-05-09T05:45:28Z;-1007;;256
2024-05-09T05:45:29Z;-712;;551
2024-05-09T05:45:30Z;-1031;;232
2024-05-09T05:45:31Z;-734;;529
2024-05-09T05:45:33Z;-714;;549
2024-05-09T05:45:34Z;-713;;550
2024-05-09T05:45:36Z;-713;;550
2024-05-09T05:45:37Z;-711;;552
2024-05-09T05:45:38Z;-1028;;235
2024-05-09T05:45:40Z;-707;;556
2024-05-09T05:45:42Z;-987;;276
2024-05-09T05:45:44Z;-1017;;246
2024-05-09T05:45:45Z;-1014;;249
2024-05-09T05:45:52Z;-714;;549
2024-05-09T05:46:06Z;-698;;565
2024-05-09T05:46:07Z;-990;;273
2024-05-09T05:46:08Z;-671;;592
2024-05-09T05:46:10Z;-978;;285
2024-05-09T05:46:11Z;-663;;600
2024-05-09T05:46:13Z;-972;;291
2024-05-09T05:46:15Z;-654;;609
2024-05-09T05:46:16Z;-966;;297
2024-05-09T05:46:17Z;-653;;610
2024-05-09T05:46:22Z;-960;;303
2024-05-09T05:46:23Z;-639;;624
2024-05-09T05:46:24Z;-944;;319
2024-05-09T05:46:25Z;-638;;625
2024-05-09T05:46:27Z;-944;;319
2024-05-09T05:46:28Z;-632;;631
2024-05-09T05:46:29Z;-938;;325
2024-05-09T05:46:30Z;-861;;402
2024-05-09T05:46:32Z;-928;1157;296
2024-05-09T05:46:34Z;-613;;544
2024-05-09T05:46:36Z;-923;;234
2024-05-09T05:46:37Z;-605;;552
2024-05-09T05:46:39Z;-913;;244
2024-05-09T05:46:40Z;-587;;570
2024-05-09T05:46:42Z;-905;;252
2024-05-09T05:46:43Z;-588;;569
2024-05-09T05:46:45Z;-898;;259
2024-05-09T05:46:47Z;-582;;575
2024-05-09T05:46:48Z;-903;;254
2024-05-09T05:46:50Z;-583;;574
2024-05-09T05:46:51Z;-675;;482
2024-05-09T05:46:53Z;-573;;584
2024-05-09T05:46:55Z;-887;;270
2024-05-09T05:46:56Z;-566;;591
2024-05-09T05:46:58Z;-880;;277
2024-05-09T05:46:59Z;-564;;593
2024-05-09T05:47:01Z;-871;;286
2024-05-09T05:47:03Z;-553;;604
2024-05-09T05:47:04Z;-860;;297
2024-05-09T05:47:06Z;-546;;611
2024-05-09T05:47:07Z;-662;;495
2024-05-09T05:47:09Z;-535;;622
2024-05-09T05:47:11Z;-849;;308
2024-05-09T05:47:26Z;-510;;647
2024-05-09T05:47:27Z;-823;;334
2024-05-09T05:47:28Z;-502;;655
2024-05-09T05:47:30Z;-807;;350
2024-05-09T05:47:31Z;-495;;662
2024-05-09T05:47:33Z;-797;;360
2024-05-09T05:47:35Z;-489;;668
2024-05-09T05:47:36Z;-790;;367
2024-05-09T05:47:38Z;-475;;682
2024-05-09T05:47:45Z;-467;;690
2024-05-09T05:47:46Z;-774;;383
2024-05-09T05:47:48Z;-459;;698
2024-05-09T05:47:50Z;-650;;507
2024-05-09T05:47:51Z;-451;;706
2024-05-09T05:47:54Z;-440;;717
2024-05-09T05:47:55Z;-557;;600
2024-05-09T05:47:56Z;-746;;411
2024-05-09T05:48:01Z;-429;;728
2024-05-09T05:48:03Z;-438;;719
2024-05-09T05:48:04Z;-431;;726
2024-05-09T05:48:06Z;-620;;537
2024-05-09T05:48:07Z;-432;;725
2024-05-09T05:48:10Z;-433;;724
2024-05-09T05:48:11Z;-545;;612
2024-05-09T05:48:13Z;-436;;721
2024-05-09T05:48:18Z;-758;;399
2024-05-09T05:48:19Z;-447;;710
2024-05-09T05:48:21Z;-757;;400
2024-05-09T05:48:22Z;-661;;496
2024-05-09T05:48:23Z;-445;;712
2024-05-09T05:48:28Z;-457;;700
2024-05-09T05:48:29Z;-547;;610
2024-05-09T05:48:44Z;-515;;642
2024-05-09T05:48:45Z;-556;;601
2024-05-09T05:48:46Z;-818;;339
2024-05-09T05:48:47Z;-512;;645
2024-05-09T05:48:49Z;-838;;319
2024-05-09T05:48:50Z;-527;;630
2024-05-09T05:48:51Z;-548;;609
2024-05-09T05:48:52Z;-545;;612
2024-05-09T05:48:54Z;-835;;322
2024-05-09T05:48:56Z;-893;;264
2024-05-09T05:48:57Z;-895;;262
2024-05-09T05:48:59Z;-641;;516
2024-05-09T05:49:00Z;-922;;235
2024-05-09T05:49:01Z;-617;;540
2024-05-09T05:49:03Z;-623;;534
2024-05-09T05:49:04Z;-944;;213
2024-05-09T05:49:05Z;-653;;504
2024-05-09T05:49:06Z;-963;;194
2024-05-09T05:49:07Z;;1199;236
2024-05-09T05:49:10Z;-989;;210
2024-05-09T05:49:11Z;-970;;229
2024-05-09T05:49:13Z;-685;;514
2024-05-09T05:49:14Z;-1014;;185
2024-05-09T05:49:15Z;-742;;457
2024-05-09T05:49:17Z;-726;;473
2024-05-09T05:49:18Z;-744;;455
2024-05-09T05:49:19Z;-1073;;126
2024-05-09T05:49:21Z;-749;;450
2024-05-09T05:49:22Z;-1081;;118
2024-05-09T05:49:24Z;-776;;423
2024-05-09T05:49:26Z;-1082;;117
2024-05-09T05:49:28Z;-1112;;87
2024-05-09T05:49:29Z;-1123;;76
2024-05-09T05:49:31Z;-826;;373
2024-05-09T05:49:32Z;-1132;;67
2024-05-09T05:49:38Z;-1160;;39
2024-05-09T05:49:39Z;-850;;349
2024-05-09T05:49:41Z;-1165;;34
2024-05-09T05:49:43Z;-875;;324
2024-05-09T05:49:44Z;-1187;;12
2024-05-09T05:49:46Z;-874;;325
2024-05-09T05:49:48Z;-1196;;3
2024-05-09T05:50:03Z;-895;;304
2024-05-09T05:50:04Z;-1207;;-8
2024-05-09T05:50:05Z;-889;;310
2024-05-09T05:50:07Z;-1216;;-17
2024-05-09T05:50:08Z;-898;;301
2024-05-09T05:50:10Z;-1206;;-7
2024-05-09T05:50:11Z;-896;;303
2024-05-09T05:50:12Z;1099;;2298
2024-05-09T05:50:14Z;800;;1999
2024-05-09T05:50:15Z;1064;;2263
2024-05-09T05:50:16Z;773;;1972
2024-05-09T05:50:18Z;1044;;2243
2024-05-09T05:50:20Z;746;;1945
2024-05-09T05:50:21Z;1031;;2230
2024-05-09T05:50:23Z;746;;1945
2024-05-09T05:50:24Z;1029;;2228
2024-05-09T05:50:26Z;739;;1938
2024-05-09T05:50:27Z;1020;;2219
2024-05-09T05:50:29Z;744;;1943
2024-05-09T05:50:31Z;1033;;2232
2024-05-09T05:50:32Z;746;;1945
2024-05-09T05:50:34Z;1034;;2233
2024-05-09T05:50:36Z;750;;1949
2024-05-09T05:50:37Z;1033;;2232
2024-05-09T05:50:39Z;745;;1944
2024-05-09T05:50:40Z;1036;;2235
2024-05-09T05:50:42Z;746;;1945
2024-05-09T05:50:43Z;1034;;2233
2024-05-09T05:50:45Z;756;;1955
2024-05-09T05:50:47Z;1053;;2252
2024-05-09T05:50:48Z;761;;1960
2024-05-09T05:50:50Z;1037;;2236
2024-05-09T05:50:52Z;741;;1940
2024-05-09T05:50:53Z;1034;;2233
2024-05-09T05:50:55Z;751;;1950
2024-05-09T05:50:56Z;1031;;2230
2024-05-09T05:50:58Z;743;;1942
2024-05-09T05:50:59Z;1029;;2228
2024-05-09T05:51:01Z;752;;1951
2024-05-09T05:51:03Z;1039;;2238
2024-05-09T05:51:04Z;759;;1958
2024-05-09T05:51:06Z;1039;;2238
2024-05-09T05:51:21Z;785;;1984
2024-05-09T05:51:22Z;1055;;2254
2024-05-09T05:51:24Z;771;;1970
2024-05-09T05:51:25Z;1057;;2256
2024-05-09T05:51:27Z;766;;1965
2024-05-09T05:51:28Z;1066;;2265
2024-05-09T05:51:30Z;787;;1986
2024-05-09T05:51:31Z;1058;;2257
2024-05-09T05:51:33Z;774;;1973
2024-05-09T05:51:35Z;1054;;2253
2024-05-09T05:51:36Z;783;;1982
2024-05-09T05:51:38Z;1057;;2256
2024-05-09T05:51:40Z;770;;1969
2024-05-09T05:51:41Z;1060;;2259
2024-05-09T05:51:43Z;772;;1971
2024-05-09T05:51:44Z;1052;;2251
2024-05-09T05:51:46Z;761;;1960
2024-05-09T05:51:47Z;1044;;2243
2024-05-09T05:51:49Z;753;;1952
2024-05-09T05:51:51Z;1035;;2234
2024-05-09T05:51:52Z;768;;1967
2024-05-09T05:51:54Z;1048;;2247
2024-05-09T05:51:56Z;747;;1946
2024-05-09T05:51:57Z;1028;;2227
2024-05-09T05:51:59Z;736;;1935
2024-05-09T05:52:00Z;1025;;2224
2024-05-09T05:52:02Z;765;;1964
2024-05-09T05:52:03Z;1051;;2250
2024-05-09T05:52:05Z;768;;1967
2024-05-09T05:52:07Z;1056;;2255
2024-05-09T05:52:08Z;769;;1968
2024-05-09T05:52:10Z;1050;;2249
2024-05-09T05:52:12Z;771;;1970
2024-05-09T05:52:13Z;1054;;2253
2024-05-09T05:52:15Z;765;;1964
2024-05-09T05:52:16Z;1055;;2254
2024-05-09T05:52:18Z;762;;1961
2024-05-09T05:52:19Z;1038;;2237
2024-05-09T05:52:21Z;775;;1974
2024-05-09T05:52:23Z;1070;;2269
2024-05-09T05:52:24Z;783;;1982
2024-05-09T05:52:39Z;1066;;2265
2024-05-09T05:52:40Z;760;;1959
2024-05-09T05:52:42Z;1038;;2237
2024-05-09T05:52:47Z;754;;1953
2024-05-09T05:52:48Z;1039;;2238
2024-05-09T05:52:50Z;750;;1949
2024-05-09T05:52:51Z;1027;;2226
2024-05-09T05:52:53Z;743;;1942
2024-05-09T05:52:55Z;1038;;2237
2024-05-09T05:52:56Z;752;;1951
2024-05-09T05:52:58Z;1031;;2230
2024-05-09T05:53:00Z;743;;1942
2024-05-09T05:53:01Z;1022;;2221
2024-05-09T05:53:03Z;740;;1939
2024-05-09T05:53:04Z;1026;;2225
2024-05-09T05:53:06Z;741;;1940
2024-05-09T05:53:07Z;1029;;2228
2024-05-09T05:53:09Z;742;;1941
2024-05-09T05:53:11Z;1025;;2224
2024-05-09T05:53:12Z;752;;1951
2024-05-09T05:53:14Z;1016;;2215
2024-05-09T05:53:16Z;773;;1972
2024-05-09T05:53:17Z;1060;;2259
2024-05-09T05:53:18Z;1622;;2821
2024-05-09T05:53:19Z;;972;2594
2024-05-09T05:53:20Z;;1440;3062
2024-05-09T05:53:22Z;;1516;3138
2024-05-09T05:53:25Z;776;;2292
2024-05-09T05:53:26Z;1040;;2556
2024-05-09T05:53:27Z;734;;2250
2024-05-09T05:53:29Z;1014;;2530
2024-05-09T05:53:30Z;735;;2251
2024-05-09T05:53:31Z;1015;;2531
2024-05-09T05:53:32Z;736;;2252
2024-05-09T05:53:33Z;1018;;2534
2024-05-09T05:53:35Z;735;;2251
2024-05-09T05:53:36Z;1022;;2538
2024-05-09T05:53:37Z;736;;2252
2024-05-09T05:53:38Z;1022;;2538
2024-05-09T05:53:39Z;736;;2252
2024-05-09T05:53:41Z;1018;;2534
2024-05-09T05:53:42Z;732;;2248
2024-05-09T05:53:43Z;1015;;2531
2024-05-09T05:53:58Z;722;;2238
2024-05-09T05:53:59Z;1008;;2524
2024-05-09T05:54:00Z;726;;2242
2024-05-09T05:54:02Z;1002;;2518
2024-05-09T05:54:04Z;721;;2237
2024-05-09T05:54:05Z;1011;;2527
2024-05-09T05:54:07Z;726;;2242
2024-05-09T05:54:08Z;1009;;2525
2024-05-09T05:54:10Z;726;;2242
2024-05-09T05:54:11Z;1007;;2523
2024-05-09T05:54:13Z;730;;2246
2024-05-09T05:54:15Z;1004;;2520
2024-05-09T05:54:16Z;716;;2232
2024-05-09T05:54:18Z;1003;;2519
2024-05-09T05:54:20Z;713;;2229
2024-05-09T05:54:21Z;999;;2515
2024-05-09T05:54:23Z;715;;2231
2024-05-09T05:54:24Z;997;;2513
2024-05-09T05:54:26Z;699;;2215
2024-05-09T05:54:27Z;978;;2494
2024-05-09T05:54:29Z;701;;2217
2024-05-09T05:54:31Z;987;;2503
2024-05-09T05:54:32Z;711;;2227
2024-05-09T05:54:34Z;994;;2510
2024-05-09T05:54:35Z;878;;2394
2024-05-09T05:54:37Z;995;;2511
2024-05-09T05:54:39Z;716;;2232
2024-05-09T05:54:40Z;999;;2515
2024-05-09T05:54:42Z;718;;2234
2024-05-09T05:54:43Z;998;;2514
2024-05-09T05:54:45Z;718;1470;2468
2024-05-09T05:54:47Z;1001;;2471
2024-05-09T05:54:48Z;729;;2199
2024-05-09T05:54:50Z;1006;;2476
2024-05-09T05:54:51Z;891;;2361
2024-05-09T05:54:53Z;1011;;2481
2024-05-09T05:54:55Z;746;;2216
2024-05-09T05:54:56Z;1021;;2491
2024-05-09T05:54:58Z;744;;2214
2024-05-09T05:54:59Z;1028;;2498
2024-05-09T05:55:01Z;746;;2216
2024-05-09T05:55:16Z;1027;;2497
2024-05-09T05:55:17Z;782;;2252
2024-05-09T05:55:18Z;974;;2444
2024-05-09T05:55:20Z;812;;2282
2024-05-09T05:55:22Z;1100;;2570
2024-05-09T05:55:24Z;823;;2293
2024-05-09T05:55:25Z;1112;;2582
2024-05-09T05:55:27Z;-1060;;410
2024-05-09T05:55:28Z;-745;;725
2024-05-09T05:55:30Z;-1040;;430
2024-05-09T05:55:31Z;-733;;737
2024-05-09T05:55:33Z;-1030;;440
2024-05-09T05:55:34Z;-823;;647
2024-05-09T05:55:36Z;-1008;;462
2024-05-09T05:55:38Z;-695;;775
2024-05-09T05:55:40Z;-990;;480
2024-05-09T05:55:47Z;-682;;788
2024-05-09T05:55:48Z;-980;;490
2024-05-09T05:55:49Z;-665;;805
2024-05-09T05:55:50Z;-965;;505
2024-05-09T05:55:52Z;;1202;237
2024-05-09T05:55:54Z;-645;;557
2024-05-09T05:55:56Z;-948;;254
2024-05-09T05:55:57Z;-734;;468
2024-05-09T05:55:58Z;-925;;277
2024-05-09T05:55:59Z;-614;;588
2024-05-09T05:56:00Z;-907;;295
2024-05-09T05:56:02Z;-596;;606
2024-05-09T05:56:03Z;-873;;329
2024-05-09T05:56:04Z;-557;;645
2024-05-09T05:56:05Z;-860;;342
2024-05-09T05:56:06Z;-547;;655
2024-05-09T05:56:08Z;-842;;360
2024-05-09T05:56:09Z;-526;;676
2024-05-09T05:56:10Z;-824;;378
2024-05-09T05:56:11Z;-507;;695
2024-05-09T05:56:12Z;-726;;476
2024-05-09T05:56:14Z;-515;;687
2024-05-09T05:56:15Z;-813;;389
2024-05-09T05:56:16Z;-504;;698
2024-05-09T05:56:18Z;-797;;405
2024-05-09T05:56:19Z;-490;;712
2024-05-09T05:56:20Z;-488;;714
2024-05-09T05:56:35Z;-738;;464
2024-05-09T05:56:36Z;-426;;776
2024-05-09T05:56:37Z;-724;;478
2024-05-09T05:56:40Z;-717;;485
2024-05-09T05:56:41Z;-713;;489
2024-05-09T05:56:43Z;-614;;588
2024-05-09T05:56:45Z;-399;;803
2024-05-09T05:56:46Z;-394;;808
2024-05-09T05:56:48Z;819;;2021
2024-05-09T05:56:49Z;1537;;2739
2024-05-09T05:56:50Z;1247;;2449
2024-05-09T05:56:52Z;1513;;2715
2024-05-09T05:56:53Z;1231;;2433
2024-05-09T05:56:55Z;1504;;2706
2024-05-09T05:56:56Z;1229;;2431
2024-05-09T05:56:58Z;1500;;2702
2024-05-09T05:56:59Z;1302;;2504
2024-05-09T05:57:01Z;1505;;2707
2024-05-09T05:57:03Z;1219;;2421
2024-05-09T05:57:10Z;1534;;2736
2024-05-09T05:57:12Z;1270;;2472
2024-05-09T05:57:14Z;1528;;2730
2024-05-09T05:57:15Z;1324;;2526
2024-05-09T05:57:17Z;1521;;2723
2024-05-09T05:57:19Z;1257;;2459
2024-05-09T05:57:20Z;1536;;2738
2024-05-09T05:57:22Z;1251;;2453
2024-05-09T05:57:23Z;1525;;2727
2024-05-09T05:57:25Z;1253;;2455
2024-05-09T05:57:27Z;1526;;2728
2024-05-09T05:57:28Z;1261;;2463
2024-05-09T05:57:30Z;1536;;2738
2024-05-09T05:57:31Z;1324;;2526
2024-05-09T05:57:33Z;1539;;2741
2024-05-09T05:57:35Z;1250;;2452
2024-05-09T05:57:36Z;1521;;2723
2024-05-09T05:57:38Z;1252;;2454
2024-05-09T05:57:53Z;1522;;2724
2024-05-09T05:57:54Z;1226;;2428
2024-05-09T05:58:17Z;1167;;2369
2024-05-09T05:58:18Z;1442;;2644
2024-05-09T05:58:20Z;1164;;2366
2024-05-09T05:58:21Z;1439;;2641
2024-05-09T05:58:23Z;1141;;2343
2024-05-09T05:58:24Z;1417;;2619
2024-05-09T05:58:26Z;1125;;2327
2024-05-09T05:58:27Z;1396;;2598
2024-05-09T05:58:29Z;1117;;2319
2024-05-09T05:58:30Z;1357;;2559
2024-05-09T05:58:32Z;1101;;2303
2024-05-09T05:58:34Z;1374;;2576
2024-05-09T05:58:35Z;1118;;2320
2024-05-09T05:58:37Z;1366;;2568
2024-05-09T05:58:39Z;1096;;2298
2024-05-09T05:58:40Z;1374;;2576
2024-05-09T05:58:42Z;1102;;2304
2024-05-09T05:58:43Z;1381;;2583
2024-05-09T05:58:45Z;1118;;2320
2024-05-09T05:58:46Z;1371;;2573
2024-05-09T05:58:48Z;1143;;2345
2024-05-09T05:58:50Z;1444;;2646
2024-05-09T05:58:52Z;1176;;2378
2024-05-09T05:58:53Z;1458;;2660
2024-05-09T05:58:54Z;1187;;2389
2024-05-09T05:58:56Z;1450;;2652
2024-05-09T05:59:11Z;912;;2114
2024-05-09T05:59:14Z;;1252;2164
2024-05-09T05:59:17Z;849;;2101
2024-05-09T05:59:18Z;1102;;2354
2024-05-09T05:59:20Z;843;;2095
2024-05-09T05:59:22Z;1114;;2366
2024-05-09T05:59:23Z;847;;2099
2024-05-09T05:59:25Z;1100;;2352
2024-05-09T05:59:27Z;822;;2074
2024-05-09T05:59:28Z;1104;;2356
2024-05-09T05:59:30Z;809;;2061
2024-05-09T05:59:31Z;1088;;2340
2024-05-09T05:59:33Z;800;;2052
2024-05-09T05:59:34Z;1061;;2313
2024-05-09T05:59:36Z;789;;2041
2024-05-09T05:59:38Z;1061;;2313
2024-05-09T05:59:39Z;799;;2051
2024-05-09T05:59:41Z;1055;;2307
2024-05-09T05:59:43Z;764;;2016
2024-05-09T05:59:44Z;1037;;2289
2024-05-09T05:59:46Z;751;;2003
2024-05-09T05:59:47Z;1018;;2270
2024-05-09T05:59:49Z;736;;1988
2024-05-09T05:59:50Z;999;;2251
2024-05-09T05:59:52Z;736;;1988
2024-05-09T05:59:54Z;1007;;2259
2024-05-09T05:59:55Z;747;;1999
2024-05-09T05:59:57Z;1003;;2255
2024-05-09T05:59:59Z;718;;1970
2024-05-09T06:00:00Z;996;;2248
2024-05-09T06:00:03Z;747;1447;1999
2024-05-09T06:00:12Z;709;;2156
2024-05-09T06:00:13Z;985;;2432
2024-05-09T06:00:14Z;707;;2154
2024-05-09T06:00:15Z;963;;2410
2024-05-09T06:00:30Z;700;;2147
2024-05-09T06:00:31Z;699;;2146
2024-05-09T06:00:32Z;971;;2418
2024-05-09T06:00:33Z;690;;2137
2024-05-09T06:00:34Z;979;;2426
2024-05-09T06:00:35Z;696;;2143
2024-05-09T06:00:37Z;967;;2414
2024-05-09T06:00:38Z;684;;2131
2024-05-09T06:00:39Z;943;;2390
2024-05-09T06:00:40Z;679;;2126
2024-05-09T06:00:42Z;950;;2397
2024-05-09T06:00:43Z;689;;2136
2024-05-09T06:00:45Z;952;;2399
2024-05-09T06:00:47Z;672;;2119
2024-05-09T06:00:48Z;945;;2392
2024-05-09T06:00:50Z;683;;2130
2024-05-09T06:00:51Z;970;;2417
2024-05-09T06:00:53Z;687;;2134
2024-05-09T06:00:54Z;948;;2395
2024-05-09T06:00:56Z;687;;2134
2024-05-09T06:00:58Z;930;;2377
2024-05-09T06:00:59Z;698;;2145
2024-05-09T06:01:01Z;942;;2389
2024-05-09T06:01:03Z;687;;2134
2024-05-09T06:01:04Z;965;;2412
2024-05-09T06:01:06Z;689;;2136
2024-05-09T06:01:07Z;961;;2408
2024-05-09T06:01:09Z;688;;2135
2024-05-09T06:01:10Z;952;;2399
2024-05-09T06:01:12Z;688;;2135
2024-05-09T06:01:14Z;1026;;2473
2024-05-09T06:01:15Z;756;;2203
2024-05-09T06:01:17Z;1040;;2487
2024-05-09T06:01:19Z;746;;2193
2024-05-09T06:01:20Z;1030;;2477
2024-05-09T06:01:22Z;753;;2200
2024-05-09T06:01:23Z;1039;;2486
2024-05-09T06:01:25Z;751;;2198
2024-05-09T06:01:26Z;1022;;2469
2024-05-09T06:01:28Z;759;;2206
2024-05-09T06:01:30Z;1044;;2491
2024-05-09T06:01:31Z;772;;2219
2024-05-09T06:01:33Z;1046;;2493
2024-05-09T06:01:48Z;764;;2211
2024-05-09T06:01:50Z;762;;2209
2024-05-09T06:01:51Z;1071;;2518
2024-05-09T06:01:53Z;788;;2235
2024-05-09T06:01:54Z;1077;;2524
2024-05-09T06:01:56Z;806;;2253
2024-05-09T06:01:57Z;1043;;2490
2024-05-09T06:01:59Z;828;;2275
2024-05-09T06:02:01Z;1106;;2553
2024-05-09T06:02:02Z;885;;2332
2024-05-09T06:02:04Z;1111;;2558
2024-05-09T06:02:06Z;831;;2278
2024-05-09T06:02:07Z;1112;;2559
2024-05-09T06:02:09Z;828;;2275
2024-05-09T06:02:10Z;1115;;2562
2024-05-09T06:02:12Z;836;;2283
2024-05-09T06:02:13Z;1053;;2500
2024-05-09T06:02:15Z;841;;2288
2024-05-09T06:02:17Z;1134;;2581
2024-05-09T06:02:19Z;843;;2290
2024-05-09T06:02:20Z;1143;;2590
2024-05-09T06:02:22Z;860;;2307
2024-05-09T06:02:23Z;1151;;2598
2024-05-09T06:02:25Z;849;;2296
2024-05-09T06:02:26Z;1128;;2575
2024-05-09T06:02:28Z;852;;2299
2024-05-09T06:02:29Z;1045;;2492
2024-05-09T06:02:31Z;857;;2304
2024-05-09T06:02:33Z;1159;;2606
2024-05-09T06:02:35Z;879;;2326
2024-05-09T06:02:36Z;1161;;2608
2024-05-09T06:02:38Z;867;;2314
2024-05-09T06:02:39Z;1158;;2605
2024-05-09T06:02:41Z;854;;2301
2024-05-09T06:02:42Z;1145;;2592
2024-05-09T06:02:44Z;865;;2312
2024-05-09T06:02:45Z;1054;;2501
2024-05-09T06:02:47Z;871;;2318
2024-05-09T06:02:49Z;1147;;2594
2024-05-09T06:02:51Z;858;;2305
2024-05-09T06:02:52Z;1142;;2589
2024-05-09T06:03:07Z;864;;2311
2024-05-09T06:03:08Z;1147;;2594
2024-05-09T06:03:10Z;853;;2300
2024-05-09T06:03:11Z;1142;;2589
2024-05-09T06:03:13Z;853;;2300
2024-05-09T06:03:14Z;1135;;2582
2024-05-09T06:03:16Z;857;;2304
2024-05-09T06:03:17Z;1003;;2450
2024-05-09T06:03:19Z;873;;2320
2024-05-09T06:03:21Z;1154;;2601
2024-05-09T06:03:23Z;873;;2320
2024-05-09T06:03:24Z;1157;;2604
2024-05-09T06:03:26Z;876;;2323
2024-05-09T06:03:27Z;1154;;2601
2024-05-09T06:03:28Z;1211;;2658
2024-05-09T06:03:29Z;879;;2326
2024-05-09T06:03:31Z;1158;;2605
2024-05-09T06:03:32Z;879;;2326
2024-05-09T06:03:33Z;998;;2445
2024-05-09T06:03:35Z;881;;2328
2024-05-09T06:03:37Z;1159;;2606
2024-05-09T06:03:39Z;893;;2340
2024-05-09T06:03:40Z;1182;;2629
2024-05-09T06:04:25Z;1249;;2696
2024-05-09T06:04:27Z;955;;2402
2024-05-09T06:04:28Z;1232;;2679
2024-05-09T06:04:30Z;949;;2396
2024-05-09T06:04:31Z;1237;;2684
2024-05-09T06:04:33Z;964;;2411
2024-05-09T06:04:34Z;1241;;2688
2024-05-09T06:04:36Z;945;;2392
2024-05-09T06:04:38Z;1246;;2693
2024-05-09T06:04:39Z;970;;2417
2024-05-09T06:04:41Z;1246;;2693
2024-05-09T06:04:43Z;966;;2413
2024-05-09T06:04:44Z;1253;;2700
2024-05-09T06:04:46Z;968;;2415
2024-05-09T06:04:47Z;1257;;2704
2024-05-09T06:04:49Z;977;;2424
2024-05-09T06:04:50Z;1258;;2705
2024-05-09T06:04:52Z;981;;2428
2024-05-09T06:04:54Z;1266;;2713
2024-05-09T06:04:55Z;994;;2441
2024-05-09T06:04:57Z;1274;;2721
2024-05-09T06:04:58Z;;1202;2476
2024-05-09T06:04:59Z;992;;2194
2024-05-09T06:05:00Z;1274;;2476
2024-05-09T06:05:02Z;993;;2195
2024-05-09T06:05:03Z;1272;;2474
2024-05-09T06:05:05Z;996;;2198
2024-05-09T06:05:06Z;1273;;2475
2024-05-09T06:05:08Z;999;;2201
2024-05-09T06:05:10Z;1289;;2491
2024-05-09T06:05:11Z;1006;;2208
2024-05-09T06:05:13Z;1292;;2494
2024-05-09T06:05:15Z;1003;;2205
2024-05-09T06:05:16Z;1288;;2490
2024-05-09T06:05:18Z;1008;;2210
2024-05-09T06:05:19Z;1290;;2492
2024-05-09T06:05:21Z;1017;;2219
2024-05-09T06:05:22Z;1291;;2493
2024-05-09T06:05:24Z;1015;;2217
2024-05-09T06:05:26Z;1312;;2514
2024-05-09T06:05:27Z;1033;;2235
2024-05-09T06:05:29Z;1304;;2506
2024-05-09T06:05:44Z;1015;;2217
2024-05-09T06:05:45Z;1306;;2508
2024-05-09T06:05:47Z;1019;;2221
2024-05-09T06:05:48Z;1294;;2496
2024-05-09T06:05:50Z;1014;;2216
2024-05-09T06:05:51Z;1298;;2500
2024-05-09T06:05:53Z;1011;;2213
2024-05-09T06:05:54Z;1273;;2475
2024-05-09T06:05:56Z;1016;;2218
2024-05-09T06:05:58Z;1296;;2498
2024-05-09T06:05:59Z;1036;;2238
2024-05-09T06:06:01Z;1291;;2493
2024-05-09T06:06:03Z;1013;;2215
2024-05-09T06:06:04Z;1298;;2500
2024-05-09T06:06:05Z;-598;;604
2024-05-09T06:06:06Z;-937;;265
2024-05-09T06:06:11Z;-625;;577
2024-05-09T06:06:16Z;-948;;254
2024-05-09T06:06:18Z;-640;;562
2024-05-09T06:06:19Z;-954;;248
2024-05-09T06:06:26Z;-654;;548
2024-05-09T06:06:27Z;-715;;487
2024-05-09T06:06:28Z;-663;;539
2024-05-09T06:06:29Z;;1243;580
2024-05-09T06:06:32Z;-1007;;236
2024-05-09T06:06:37Z;-702;;541
2024-05-09T06:06:39Z;-725;;518
2024-05-09T06:06:40Z;-721;;522
2024-05-09T06:06:41Z;-1042;;201
2024-05-09T06:06:43Z;-732;;511
2024-05-09T06:06:48Z;-1069;;174
2024-05-09T06:07:05Z;138;;1381
2024-05-09T06:07:06Z;134;;1377
2024-05-09T06:07:08Z;128;;1371
2024-05-09T06:07:09Z;126;;1369
2024-05-09T06:07:11Z;107;;1350
2024-05-09T06:07:12Z;102;;1345
2024-05-09T06:07:15Z;89;;1332
2024-05-09T06:07:18Z;86;;1329
2024-05-09T06:07:19Z;-105;;1138
2024-05-09T06:07:21Z;65;;1308
2024-05-09T06:07:23Z;-236;;1007
2024-05-09T06:07:24Z;62;;1305
2024-05-09T06:07:26Z;-242;;1001
2024-05-09T06:07:27Z;51;;1294
2024-05-09T06:07:29Z;-255;;988
2024-05-09T06:07:32Z;-267;;976
2024-05-09T06:07:35Z;-148;;1095
2024-05-09T06:07:39Z;-285;;958
2024-05-09T06:07:42Z;-294;1493;949
2024-05-09T06:07:46Z;-306;;1187
2024-05-09T06:07:47Z;-131;;1362
2024-05-09T06:07:48Z;-310;;1183
2024-05-09T06:07:50Z;-14;;1479
2024-05-09T06:07:52Z;-338;;1155
2024-05-09T06:07:53Z;-46;;1447
2024-05-09T06:07:55Z;-352;;1141
2024-05-09T06:07:56Z;-58;;1435
2024-05-09T06:07:58Z;-343;;1150
2024-05-09T06:07:59Z;-51;;1442
2024-05-09T06:08:01Z;-347;;1146
2024-05-09T06:08:02Z;-159;;1334
2024-05-09T06:08:04Z;-350;;1143
2024-05-09T06:08:06Z;-58;;1435
2024-05-09T06:08:21Z;-342;;1151
2024-05-09T06:08:23Z;193;;1686
2024-05-09T06:08:24Z;-322;;1171
2024-05-09T06:08:25Z;-25;;1468
2024-05-09T06:08:27Z;-393;;1100
2024-05-09T06:08:28Z;-58;;1435
2024-05-09T06:08:30Z;-370;;1123
2024-05-09T06:08:31Z;-70;;1423
2024-05-09T06:08:33Z;-374;;1119
2024-05-09T06:08:34Z;-167;;1326
2024-05-09T06:08:36Z;-383;;1110
2024-05-09T06:08:38Z;-77;;1416
2024-05-09T06:08:39Z;-311;;1182
2024-05-09T06:08:41Z;-106;;1387
2024-05-09T06:08:43Z;-396;;1097
2024-05-09T06:08:44Z;-102;;1391
2024-05-09T06:08:45Z;-95;;1398
2024-05-09T06:08:47Z;-91;;1402
2024-05-09T06:08:51Z;-124;;1369
2024-05-09T06:08:53Z;-436;;1057
2024-05-09T06:08:54Z;-135;;1358
2024-05-09T06:08:56Z;-434;;1059
2024-05-09T06:08:58Z;-119;;1374
2024-05-09T06:08:59Z;-427;;1066
2024-05-09T06:09:01Z;-122;;1371
2024-05-09T06:09:02Z;-422;;1071
2024-05-09T06:09:09Z;-119;;1374
2024-05-09T06:09:10Z;-426;;1067
2024-05-09T06:09:11Z;-128;;1365
2024-05-09T06:09:13Z;-132;;1361
2024-05-09T06:09:14Z;-129;;1364
2024-05-09T06:09:16Z;-135;;1358
2024-05-09T06:09:17Z;-132;;1361
2024-05-09T06:09:19Z;-131;;1362
2024-05-09T06:09:23Z;-128;;1365
2024-05-09T06:09:25Z;-430;;1063
2024-05-09T06:09:40Z;-136;;1357
2024-05-09T06:09:41Z;-439;;1054
2024-05-09T06:09:42Z;-132;;1361
2024-05-09T06:09:44Z;-133;;1360
2024-05-09T06:09:46Z;-126;;1367
2024-05-09T06:09:47Z;-444;;1049
2024-05-09T06:09:49Z;-137;;1356
2024-05-09T06:09:50Z;-444;;1049
2024-05-09T06:09:52Z;-139;;1354
2024-05-09T06:09:54Z;-219;;1274
2024-05-09T06:09:55Z;-183;;1310
2024-05-09T06:09:57Z;-472;;1021
2024-05-09T06:09:58Z;-204;;1289
2024-05-09T06:10:00Z;-470;;1023
2024-05-09T06:10:02Z;-179;;1314
2024-05-09T06:10:03Z;-464;;1029
2024-05-09T06:10:06Z;-473;;1020
2024-05-09T06:10:07Z;-179;;1314
2024-05-09T06:10:08Z;-179;;1314
2024-05-09T06:10:10Z;-255;;1238
2024-05-09T06:10:11Z;-195;;1298
2024-05-09T06:10:13Z;-494;;999
2024-05-09T06:10:15Z;-436;;1057
2024-05-09T06:10:17Z;-198;;1295
2024-05-09T06:10:18Z;-201;;1292
2024-05-09T06:10:20Z;-191;;1302
2024-05-09T06:10:21Z;-198;;1295
2024-05-09T06:10:22Z;-1431;;62
2024-05-09T06:10:24Z;-1111;;382
2024-05-09T06:10:26Z;-1171;;322
2024-05-09T06:10:27Z;-1121;;372
2024-05-09T06:10:29Z;-1440;;53
2024-05-09T06:10:30Z;-1120;;373
2024-05-09T06:10:32Z;-1446;;47
2024-05-09T06:10:37Z;-1116;;377
2024-05-09T06:10:38Z;-1441;;52
2024-05-09T06:10:40Z;-1124;;369
2024-05-09T06:10:41Z;-1433;;60
2024-05-09T06:10:43Z;-1441;;52
2024-05-09T06:10:58Z;-1442;;51
2024-05-09T06:10:59Z;-1125;;368
2024-05-09T06:11:00Z;-1429;;64
2024-05-09T06:11:05Z;-1111;;382
2024-05-09T06:11:06Z;-618;;875
2024-05-09T06:11:08Z;-172;;1321
2024-05-09T06:11:09Z;-182;;1311
2024-05-09T06:11:10Z;-480;;1013
2024-05-09T06:11:12Z;-180;;1313
2024-05-09T06:11:13Z;-486;;1007
2024-05-09T06:11:16Z;-487;;1006
2024-05-09T06:11:17Z;-487;;1006
2024-05-09T06:11:18Z;-184;;1309
2024-05-09T06:11:20Z;-488;;1005
2024-05-09T06:11:23Z;-481;;1012
2024-05-09T06:11:24Z;-178;;1315
2024-05-09T06:11:25Z;-180;;1313
2024-05-09T06:11:26Z;-486;;1007
2024-05-09T06:11:28Z;-174;;1319
2024-05-09T06:11:29Z;-477;;1016
2024-05-09T06:11:32Z;-480;;1013
2024-05-09T06:11:33Z;-483;;1010
2024-05-09T06:11:34Z;-175;;1318
2024-05-09T06:11:36Z;-479;;1014
2024-05-09T06:11:38Z;-177;;1316
2024-05-09T06:11:40Z;-182;;1311
2024-05-09T06:11:41Z;-180;;1313
2024-05-09T06:11:42Z;-484;;1009
2024-05-09T06:11:44Z;-178;;1315
2024-05-09T06:11:45Z;-480;;1013
2024-05-09T06:11:47Z;-181;;1312
2024-05-09T06:11:49Z;-487;;1006
2024-05-09T06:11:50Z;-173;;1320
2024-05-09T06:11:52Z;-483;;1010
2024-05-09T06:11:57Z;-183;;1310
2024-05-09T06:11:58Z;-492;;1001
2024-05-09T06:12:00Z;-177;;1316
2024-05-09T06:12:01Z;-482;;1011
2024-05-09T06:12:16Z;-183;;1310
2024-05-09T06:12:18Z;-217;;1276
2024-05-09T06:12:19Z;-178;;1315
2024-05-09T06:12:21Z;-481;;1012
2024-05-09T06:12:22Z;-179;;1314
2024-05-09T06:12:24Z;-483;;1010
2024-05-09T06:12:26Z;-175;;1318
2024-05-09T06:12:27Z;-485;;1008
2024-05-09T06:12:29Z;-183;;1310
2024-05-09T06:12:30Z;-494;;999
2024-05-09T06:12:32Z;-187;;1306
2024-05-09T06:12:34Z;-190;;1303
2024-05-09T06:12:35Z;-179;;1314
2024-05-09T06:12:38Z;-185;;1308
2024-05-09T06:12:39Z;-486;;1007
2024-05-09T06:12:41Z;-192;;1301
2024-05-09T06:12:43Z;-497;;996
2024-05-09T06:12:44Z;-191;;1302
2024-05-09T06:12:46Z;-493;;1000
2024-05-09T06:12:47Z;-189;;1304
2024-05-09T06:12:49Z;-493;;1000
2024-05-09T06:12:50Z;-189;;1304
2024-05-09T06:12:52Z;-520;;973
2024-05-09T06:12:54Z;-186;;1307
2024-05-09T06:12:55Z;-488;;1005
2024-05-09T06:12:57Z;-226;;1267
2024-05-09T06:12:59Z;-495;;998
2024-05-09T06:13:00Z;-189;;1304
2024-05-09T06:13:02Z;-497;;996
2024-05-09T06:13:03Z;-197;;1296
2024-05-09T06:13:05Z;-499;;994
2024-05-09T06:13:06Z;-207;;1286
2024-05-09T06:13:08Z;-500;;993
2024-05-09T06:13:10Z;-200;;1293
2024-05-09T06:13:11Z;-498;;995
2024-05-09T06:13:13Z;-200;;1293
2024-05-09T06:13:15Z;-508;;985
2024-05-09T06:13:16Z;-202;;1291
2024-05-09T06:13:18Z;-1466;;27
2024-05-09T06:13:19Z;-1153;;340
2024-05-09T06:13:21Z;-1469;;24
2024-05-09T06:13:35Z;-1148;;345
2024-05-09T06:13:37Z;-1471;;22
2024-05-09T06:13:38Z;-1157;;336
2024-05-09T06:13:40Z;-1472;;21
2024-05-09T06:13:42Z;-1152;;341
2024-05-09T06:13:43Z;-1465;;28
2024-05-09T06:13:45Z;-1151;;342
2024-05-09T06:13:46Z;-1293;;200
2024-05-09T06:13:48Z;-1155;;338
2024-05-09T06:13:50Z;-1476;;17
2024-05-09T06:13:51Z;-1160;;333
2024-05-09T06:13:53Z;-1476;;17
2024-05-09T06:13:54Z;-1162;;331
2024-05-09T06:13:56Z;-1476;;17
2024-05-09T06:13:58Z;-1166;;327
2024-05-09T06:13:59Z;-1480;;13
2024-05-09T06:14:01Z;-1165;;328
2024-05-09T06:14:02Z;-1367;;126
2024-05-09T06:14:04Z;-1168;;325
2024-05-09T06:14:06Z;-1484;;9
2024-05-09T06:14:07Z;-1170;;323
2024-05-09T06:14:14Z;-1482;;11
2024-05-09T06:14:15Z;-1163;;330
2024-05-09T06:14:16Z;-1478;;15
2024-05-09T06:14:20Z;-1170;;323
2024-05-09T06:14:21Z;-1165;;328
2024-05-09T06:14:23Z;-1163;;330
2024-05-09T06:14:28Z;-1475;;18
2024-05-09T06:14:29Z;-1211;;282
2024-05-09T06:14:31Z;-1472;;21
2024-05-09T06:14:36Z;-1154;;339
2024-05-09T06:14:37Z;-1159;;334
2024-05-09T06:14:39Z;-1165;;328
2024-05-09T06:14:54Z;-1158;;335
2024-05-09T06:14:55Z;-1163;;330
2024-05-09T06:14:56Z;-1162;;331
2024-05-09T06:14:58Z;-1172;;321
2024-05-09T06:15:01Z;-1163;;330
2024-05-09T06:15:03Z;;1689;526
2024-05-09T06:15:10Z;-1477;;212
2024-05-09T06:15:11Z;-1087;;602
2024-05-09T06:15:12Z;-1091;;598
2024-05-09T06:15:13Z;-1093;;596
2024-05-09T06:15:14Z;-1091;;598
2024-05-09T06:15:16Z;-1096;;593
2024-05-09T06:15:17Z;-1097;;592
2024-05-09T06:15:18Z;-1112;;577
2024-05-09T06:15:19Z;-1396;;293
2024-05-09T06:15:20Z;-1395;;294
2024-05-09T06:15:22Z;-1364;;325
2024-05-09T06:15:23Z;-421;;1268
2024-05-09T06:15:25Z;-127;;1562
2024-05-09T06:15:26Z;-459;;1230
2024-05-09T06:15:33Z;-104;;1585
2024-05-09T06:15:34Z;-417;;1272
2024-05-09T06:15:35Z;-110;;1579
2024-05-09T06:15:36Z;-414;;1275
2024-05-09T06:15:38Z;-400;;1289
2024-05-09T06:15:39Z;-412;;1277
2024-05-09T06:15:41Z;-107;;1582
2024-05-09T06:15:42Z;-410;;1279
2024-05-09T06:15:49Z;-112;;1577
2024-05-09T06:15:50Z;-417;;1272
2024-05-09T06:15:51Z;-110;;1579
2024-05-09T06:15:55Z;-419;;1270
2024-05-09T06:15:57Z;-115;;1574
2024-05-09T06:16:11Z;-403;;1286
2024-05-09T06:16:19Z;-935;;754
2024-05-09T06:16:21Z;-113;;1576
2024-05-09T06:16:22Z;-104;;1585
2024-05-09T06:16:24Z;-406;;1283
2024-05-09T06:16:25Z;-96;;1593
2024-05-09T06:16:28Z;-108;;1581
2024-05-09T06:16:29Z;-106;;1583
2024-05-09T06:16:30Z;-412;;1277
2024-05-09T06:16:32Z;-106;;1583
2024-05-09T06:16:33Z;-415;;1274
2024-05-09T06:16:40Z;-104;;1585
2024-05-09T06:16:41Z;-414;;1275
2024-05-09T06:16:42Z;-112;;1577
2024-05-09T06:16:44Z;-108;;1581
2024-05-09T06:16:45Z;-113;;1576
2024-05-09T06:16:47Z;-118;;1571
2024-05-09T06:16:48Z;-111;;1578
2024-05-09T06:16:49Z;-417;;1272
2024-05-09T06:16:54Z;-115;;1574
2024-05-09T06:16:56Z;-404;;1285
2024-05-09T06:16:57Z;-92;;1597
2024-05-09T06:17:00Z;-129;;1560
2024-05-09T06:17:01Z;-130;;1559
2024-05-09T06:17:03Z;-90;;1599
2024-05-09T06:17:10Z;-83;;1606
2024-05-09T06:17:12Z;-396;;1293
2024-05-09T06:17:13Z;-88;;1601
2024-05-09T06:17:29Z;-92;;1597
2024-05-09T06:17:30Z;-86;;1603
2024-05-09T06:17:31Z;-394;;1295
2024-05-09T06:17:33Z;-144;;1545
2024-05-09T06:17:34Z;-420;;1269
2024-05-09T06:17:35Z;-119;;1570
2024-05-09T06:17:36Z;-939;;750
2024-05-09T06:17:38Z;-123;;1566
2024-05-09T06:17:39Z;-119;;1570
2024-05-09T06:17:40Z;-417;;1272
2024-05-09T06:17:42Z;-110;;1579
2024-05-09T06:17:44Z;-408;;1281
2024-05-09T06:17:46Z;-371;;1318
2024-05-09T06:17:47Z;-412;;1277
2024-05-09T06:17:49Z;-108;;1581
2024-05-09T06:17:50Z;-434;;1255
2024-05-09T06:17:52Z;-107;;1582
2024-05-09T06:17:54Z;-118;;1571
2024-05-09T06:17:55Z;-109;;1580
2024-05-09T06:17:56Z;-410;;1279
2024-05-09T06:17:58Z;-103;;1586
2024-05-09T06:18:00Z;-374;;1315
2024-05-09T06:18:01Z;-80;;1609
2024-05-09T06:18:03Z;-392;;1297
2024-05-09T06:18:05Z;-72;;1617
2024-05-09T06:18:06Z;-380;;1309
2024-05-09T06:18:08Z;-74;;1615
2024-05-09T06:18:09Z;-377;;1312
2024-05-09T06:18:11Z;-101;;1588
2024-05-09T06:18:12Z;-393;;1296
2024-05-09T06:18:14Z;-79;;1610
2024-05-09T06:18:16Z;-383;;1306
2024-05-09T06:18:17Z;-115;;1574
2024-05-09T06:18:19Z;-383;;1306
2024-05-09T06:18:21Z;-77;;1612
2024-05-09T06:18:22Z;-379;;1310
2024-05-09T06:18:24Z;-76;;1613
2024-05-09T06:18:25Z;-378;;1311
2024-05-09T06:18:31Z;-374;;1315
2024-05-09T06:18:33Z;-68;;1621
2024-05-09T06:18:48Z;-338;;1351
2024-05-09T06:18:49Z;-373;;1316
2024-05-09T06:18:50Z;-46;;1643
2024-05-09T06:18:51Z;-368;;1321
2024-05-09T06:18:53Z;-58;;1631
2024-05-09T06:18:54Z;-368;;1321
2024-05-09T06:18:56Z;-55;;1634
2024-05-09T06:18:57Z;-368;;1321
2024-05-09T06:18:59Z;-56;;1633
2024-05-09T06:19:01Z;-122;;1567
2024-05-09T06:19:02Z;-62;;1627
2024-05-09T06:19:04Z;-376;;1313
2024-05-09T06:19:05Z;-59;;1630
2024-05-09T06:19:07Z;-411;;1278
2024-05-09T06:19:09Z;-65;;1624
2024-05-09T06:19:10Z;-376;;1313
2024-05-09T06:19:12Z;-66;;1623
2024-05-09T06:19:13Z;-377;;1312
2024-05-09T06:19:15Z;-63;;1626
2024-05-09T06:19:17Z;-132;;1557
2024-05-09T06:19:19Z;-71;;1618
2024-05-09T06:19:20Z;-388;;1301
2024-05-09T06:19:21Z;-68;;1621
2024-05-09T06:19:24Z;-62;;1627
2024-05-09T06:19:26Z;-372;;1317
2024-05-09T06:19:27Z;-64;;1625
2024-05-09T06:19:29Z;-365;;1324
2024-05-09T06:19:30Z;-76;;1613
2024-05-09T06:19:32Z;-372;;1317
2024-05-09T06:19:33Z;-118;;1571
2024-05-09T06:19:35Z;-364;;1325
2024-05-09T06:19:37Z;-55;;1634
2024-05-09T06:19:38Z;-317;;1372
2024-05-09T06:19:40Z;-58;;1631
2024-05-09T06:19:42Z;-373;;1316
2024-05-09T06:19:43Z;-53;;1636
2024-05-09T06:19:45Z;-356;;1333
2024-05-09T06:19:46Z;-53;;1636
2024-05-09T06:19:48Z;-358;;1331
2024-05-09T06:19:49Z;-101;;1588
2024-05-09T06:19:51Z;-360;;1329
2024-05-09T06:20:06Z;-51;;1638
2024-05-09T06:20:07Z;-372;;1317
2024-05-09T06:20:09Z;-66;;1623
2024-05-09T06:20:10Z;-330;;1359
2024-05-09T06:20:12Z;-70;;1619
2024-05-09T06:20:14Z;-383;;1306
2024-05-09T06:20:15Z;-72;;1617
2024-05-09T06:20:17Z;-380;;1309
2024-05-09T06:20:18Z;-70;;1619
2024-05-09T06:20:20Z;-377;;1312
2024-05-09T06:20:21Z;-99;;1590
2024-05-09T06:20:23Z;-383;;1306
2024-05-09T06:20:25Z;-78;;1611
2024-05-09T06:20:26Z;-355;;1334
2024-05-09T06:20:28Z;-82;;1607
2024-05-09T06:20:30Z;-390;;1299
2024-05-09T06:20:31Z;-82;;1607
2024-05-09T06:20:33Z;-387;;1302
2024-05-09T06:20:34Z;-86;;1603
2024-05-09T06:20:36Z;-399;;1290
2024-05-09T06:20:37Z;-116;;1573
2024-05-09T06:20:39Z;-396;;1293
2024-05-09T06:20:41Z;-93;;1596
2024-05-09T06:20:42Z;-366;;1323
2024-05-09T06:20:44Z;-92;;1597
2024-05-09T06:20:46Z;-402;;1287
2024-05-09T06:20:47Z;-99;;1590
2024-05-09T06:20:49Z;-400;;1289
2024-05-09T06:20:50Z;-105;;1584
2024-05-09T06:20:51Z;-85;;1604
2024-05-09T06:20:52Z;-398;;1291
2024-05-09T06:20:54Z;-88;;1601
2024-05-09T06:20:59Z;-371;;1318
2024-05-09T06:21:01Z;-49;;1640
2024-05-09T06:21:02Z;-346;;1343
2024-05-09T06:21:04Z;-29;;1660
2024-05-09T06:21:07Z;6;;1695
2024-05-09T06:21:10Z;30;;1719
2024-05-09T06:21:25Z;47;;1736
2024-05-09T06:21:26Z;83;;1772
2024-05-09T06:21:29Z;98;;1787
2024-05-09T06:21:32Z;105;;1794
2024-05-09T06:21:34Z;-199;;1490
2024-05-09T06:21:35Z;108;;1797
2024-05-09T06:21:36Z;116;;1805
2024-05-09T06:21:38Z;124;;1813
2024-05-09T06:21:39Z;127;;1816
2024-05-09T06:21:41Z;115;1451;1804
2024-05-09T06:21:45Z;127;;1578
2024-05-09T06:21:46Z;143;;1594
2024-05-09T06:21:47Z;143;;1594
2024-05-09T06:21:48Z;144;;1595
2024-05-09T06:21:50Z;145;;1596
2024-05-09T06:21:51Z;145;;1596
2024-05-09T06:21:53Z;-154;;1297
2024-05-09T06:21:54Z;162;;1613
2024-05-09T06:21:55Z;164;;1615
2024-05-09T06:21:57Z;145;;1596
2024-05-09T06:21:58Z;190;;1641
2024-05-09T06:22:01Z;208;;1659
2024-05-09T06:22:02Z;-83;;1368
2024-05-09T06:22:04Z;224;;1675
2024-05-09T06:22:05Z;230;;1681
2024-05-09T06:22:07Z;246;;1697
2024-05-09T06:22:08Z;241;;1692
2024-05-09T06:22:10Z;227;;1678
2024-05-09T06:22:12Z;-91;;1360
2024-05-09T06:22:13Z;185;;1636
2024-05-09T06:22:14Z;172;;1623
2024-05-09T06:22:19Z;208;;1659
2024-05-09T06:22:20Z;194;;1645
2024-05-09T06:22:21Z;199;;1650
2024-05-09T06:22:23Z;193;;1644
2024-05-09T06:22:24Z;183;;1634
2024-05-09T06:22:26Z;187;;1638
2024-05-09T06:22:27Z;191;;1642
2024-05-09T06:22:29Z;206;;1657
2024-05-09T06:22:49Z;364;;1815
2024-05-09T06:22:50Z;80;;1531
2024-05-09T06:22:52Z;404;1189;1855
2024-05-09T06:22:56Z;139;;1328
2024-05-09T06:22:57Z;448;;1637
2024-05-09T06:22:58Z;177;;1366
2024-05-09T06:22:59Z;497;;1686
2024-05-09T06:23:01Z;217;;1406
2024-05-09T06:23:02Z;535;;1724
2024-05-09T06:23:03Z;267;;1456
2024-05-09T06:23:05Z;587;;1776
2024-05-09T06:23:10Z;;899;1486
2024-05-09T06:23:11Z;673;;1572
2024-05-09T06:23:13Z;357;;1256
2024-05-09T06:23:14Z;663;;1562
2024-05-09T06:23:16Z;369;;1268
2024-05-09T06:23:17Z;678;;1577
2024-05-09T06:23:19Z;386;;1285
2024-05-09T06:23:21Z;701;;1600
2024-05-09T06:23:22Z;403;;1302
2024-05-09T06:23:24Z;706;;1605
2024-05-09T06:23:26Z;414;;1313
2024-05-09T06:23:27Z;760;;1659
2024-05-09T06:23:29Z;437;;1336
2024-05-09T06:23:30Z;738;;1637
2024-05-09T06:23:32Z;369;;1268
2024-05-09T06:23:33Z;693;;1592
2024-05-09T06:23:35Z;377;;1276
2024-05-09T06:23:37Z;661;;1560
2024-05-09T06:23:38Z;353;;1252
2024-05-09T06:23:40Z;645;;1544
2024-05-09T06:23:41Z;496;;1395
2024-05-09T06:23:43Z;-342;930;557
2024-05-09T06:23:47Z;-354;;576
2024-05-09T06:24:02Z;-674;;256
2024-05-09T06:24:03Z;-472;;458
2024-05-09T06:24:05Z;-489;;441
2024-05-09T06:24:06Z;-504;;426
2024-05-09T06:24:08Z;-620;;310
2024-05-09T06:24:10Z;-846;;84
2024-05-09T06:24:11Z;-863;;67
2024-05-09T06:24:12Z;-570;;360
2024-05-09T06:24:14Z;;1198;628
2024-05-09T06:24:16Z;-611;;587
2024-05-09T06:24:18Z;-636;;562
2024-05-09T06:24:19Z;-644;;554
2024-05-09T06:24:20Z;-963;;235
2024-05-09T06:24:25Z;-705;;493
2024-05-09T06:24:27Z;-1034;;164
2024-05-09T06:24:28Z;-727;;471
2024-05-09T06:24:33Z;-707;;491
2024-05-09T06:24:34Z;-1068;;130
2024-05-09T06:24:35Z;-764;;434
2024-05-09T06:24:36Z;-1095;;103
2024-05-09T06:24:37Z;-792;;406
2024-05-09T06:24:39Z;-1091;;107
2024-05-09T06:24:40Z;-820;;378
2024-05-09T06:24:42Z;-1084;;114
2024-05-09T06:24:47Z;-762;;436
2024-05-09T06:24:49Z;-1069;;129
2024-05-09T06:24:50Z;-733;;465
2024-05-09T06:24:52Z;-1043;;155
2024-05-09T06:24:53Z;-724;;474
2024-05-09T06:24:55Z;-1035;;163
2024-05-09T06:24:56Z;-745;;453
2024-05-09T06:24:58Z;-1022;;176
2024-05-09T06:25:00Z;-731;;467
2024-05-09T06:25:01Z;-983;;215
2024-05-09T06:25:03Z;-694;;504
2024-05-09T06:25:05Z;-1009;;189
2024-05-09T06:25:06Z;-732;;466
2024-05-09T06:25:21Z;-1142;;56
2024-05-09T06:25:22Z;-835;;363
2024-05-09T06:25:24Z;-1178;;20
2024-05-09T06:25:26Z;;1506;328
2024-05-09T06:25:27Z;-1236;;270
2024-05-09T06:25:28Z;-922;;584
2024-05-09T06:25:30Z;-1247;;259
2024-05-09T06:25:32Z;-962;;544
2024-05-09T06:25:33Z;-1286;;220
2024-05-09T06:25:35Z;-1003;;503
2024-05-09T06:25:37Z;-1336;;170
2024-05-09T06:25:38Z;-1032;;474
2024-05-09T06:25:42Z;-1365;;141
2024-05-09T06:25:43Z;-1050;;456
2024-05-09T06:25:44Z;-1385;;121
2024-05-09T06:25:46Z;-1073;;433
2024-05-09T06:25:47Z;-1380;;126
2024-05-09T06:25:48Z;-1059;;447
2024-05-09T06:25:49Z;-1366;;140
2024-05-09T06:25:51Z;-1048;;458
2024-05-09T06:25:53Z;-1351;;155
2024-05-09T06:25:54Z;-1033;;473
2024-05-09T06:26:02Z;-1289;;217
2024-05-09T06:26:03Z;-1282;;224
2024-05-09T06:26:05Z;-1076;;430
2024-05-09T06:26:06Z;-1202;;304
2024-05-09T06:26:14Z;-833;;673
2024-05-09T06:26:16Z;-834;;672
2024-05-09T06:26:17Z;-822;;684
2024-05-09T06:26:19Z;-1129;;377
2024-05-09T06:26:20Z;-814;;692
2024-05-09T06:26:23Z;-819;;687
2024-05-09T06:26:24Z;-832;;674
2024-05-09T06:26:39Z;-821;;685
2024-05-09T06:26:40Z;-945;;561
2024-05-09T06:26:41Z;-1213;;293
2024-05-09T06:26:43Z;-912;;594
2024-05-09T06:26:44Z;-1238;;268
2024-05-09T06:26:46Z;-932;;574
2024-05-09T06:26:47Z;-1253;;253
2024-05-09T06:26:53Z;-1277;;229
2024-05-09T06:26:54Z;-1284;;222
2024-05-09T06:26:56Z;-1098;;408
2024-05-09T06:26:57Z;-1293;;213
2024-05-09T06:26:59Z;-980;;526
2024-05-09T06:27:00Z;-1306;;200
2024-05-09T06:27:02Z;-987;;519
2024-05-09T06:27:03Z;-1315;;191
2024-05-09T06:27:05Z;-1013;;493
2024-05-09T06:27:06Z;-1334;;172
2024-05-09T06:27:08Z;-1016;;490
2024-05-09T06:27:14Z;-1050;;456
2024-05-09T06:27:15Z;-1053;;453
2024-05-09T06:27:17Z;-1084;;422
2024-05-09T06:27:18Z;-1076;;430
2024-05-09T06:27:20Z;-1064;;442
2024-05-09T06:27:21Z;-1064;;442
2024-05-09T06:27:23Z;-1140;;366
2024-05-09T06:27:25Z;-1366;;140
2024-05-09T06:27:26Z;-1387;;119
2024-05-09T06:27:28Z;-1326;;180
2024-05-09T06:27:29Z;-1379;;127
2024-05-09T06:27:31Z;-1054;;452
2024-05-09T06:27:32Z;-1372;;134
2024-05-09T06:27:34Z;-1055;;451
2024-05-09T06:27:35Z;-1374;;132
2024-05-09T06:27:42Z;-1064;;442
2024-05-09T06:27:43Z;-1069;;437
2024-05-09T06:27:59Z;-1073;;433
2024-05-09T06:28:00Z;-1366;;140
2024-05-09T06:28:01Z;-1399;;107
2024-05-09T06:28:03Z;-1085;;421
2024-05-09T06:28:05Z;-1088;;418
2024-05-09T06:28:06Z;-1123;;383
2024-05-09T06:28:08Z;-1089;;417
2024-05-09T06:28:09Z;-1086;;420
2024-05-09T06:28:11Z;-1108;;398
2024-05-09T06:28:12Z;-1093;;413
2024-05-09T06:28:14Z;-1364;;142
2024-05-09T06:28:15Z;-1101;;405
2024-05-09T06:28:17Z;-1425;;81
2024-05-09T06:28:19Z;-1105;;401
2024-05-09T06:28:20Z;-1429;;77
2024-05-09T06:28:22Z;-1107;;399
2024-05-09T06:28:23Z;-1427;;79
2024-05-09T06:28:25Z;-1109;;397
2024-05-09T06:28:26Z;-1427;;79
2024-05-09T06:28:28Z;-1113;;393
2024-05-09T06:28:34Z;388;;1894
2024-05-09T06:28:36Z;-1335;;171
2024-05-09T06:28:37Z;-1019;;487
2024-05-09T06:28:38Z;-1017;;489
2024-05-09T06:28:40Z;-1011;;495
2024-05-09T06:28:41Z;-1008;;498
2024-05-09T06:28:43Z;-1011;;495
2024-05-09T06:28:44Z;-997;;509
2024-05-09T06:28:46Z;-1304;;202
2024-05-09T06:28:47Z;-984;;522
2024-05-09T06:28:49Z;-1283;;223
2024-05-09T06:28:53Z;-911;;595
2024-05-09T06:29:00Z;-787;;719
2024-05-09T06:29:02Z;-1065;;441
2024-05-09T06:29:18Z;-637;;869
2024-05-09T06:29:21Z;-943;;563
2024-05-09T06:29:23Z;-630;;876
2024-05-09T06:29:24Z;-963;;543
2024-05-09T06:29:31Z;-644;;862
2024-05-09T06:29:32Z;-647;;859
2024-05-09T06:29:33Z;-635;;871
2024-05-09T06:29:37Z;-951;;555
2024-05-09T06:29:42Z;-658;;848
2024-05-09T06:29:44Z;-663;;843
2024-05-09T06:29:45Z;-667;;839
2024-05-09T06:29:46Z;-988;;518
2024-05-09T06:29:48Z;-680;;826
2024-05-09T06:29:50Z;-988;;518
2024-05-09T06:29:52Z;-1021;;485
2024-05-09T06:29:53Z;-1034;;472
2024-05-09T06:29:56Z;;1504;470
2024-05-09T06:30:00Z;-758;;746
2024-05-09T06:30:01Z;-781;;723
2024-05-09T06:30:02Z;-790;;714
2024-05-09T06:30:03Z;-1108;1532;396
2024-05-09T06:30:07Z;-803;;729
2024-05-09T06:30:11Z;-1163;;369
2024-05-09T06:30:12Z;-902;;630
2024-05-09T06:30:15Z;-760;;772
2024-05-09T06:30:34Z;-956;;576
2024-05-09T06:30:35Z;-1272;;260
2024-05-09T06:30:36Z;-969;;563
2024-05-09T06:30:37Z;-1290;;242
2024-05-09T06:30:39Z;-1296;;236
2024-05-09T06:30:40Z;-1276;;256
2024-05-09T06:30:41Z;-1298;;234
2024-05-09T06:30:42Z;-1302;;230
2024-05-09T06:30:43Z;-1003;;529
2024-05-09T06:30:45Z;-1307;;225
2024-05-09T06:30:46Z;-995;;537
2024-05-09T06:30:47Z;-1314;;218
2024-05-09T06:30:49Z;-1001;;531
2024-05-09T06:30:50Z;-1321;;211
2024-05-09T06:30:53Z;-1324;;208
2024-05-09T06:30:58Z;-1009;;523
2024-05-09T06:31:00Z;-1327;;205
2024-05-09T06:31:01Z;-1011;;521
2024-05-09T06:31:03Z;-1334;;198
2024-05-09T06:31:04Z;-1023;;509
2024-05-09T06:31:06Z;-1344;;188
2024-05-09T06:31:07Z;-1031;;501
2024-05-09T06:31:09Z;-1348;;184
2024-05-09T06:31:11Z;-1033;;499
2024-05-09T06:31:12Z;-1347;;185
2024-05-09T06:31:14Z;-1033;;499
2024-05-09T06:31:16Z;-1354;;178
2024-05-09T06:31:17Z;-1036;;496
2024-05-09T06:31:19Z;-1306;;226
2024-05-09T06:31:20Z;-1037;;495
2024-05-09T06:31:22Z;-1352;;180
2024-05-09T06:31:23Z;-1038;;494
2024-05-09T06:31:24Z;;1801;763
2024-05-09T06:31:25Z;-1355;;446
2024-05-09T06:31:27Z;-1044;;757
2024-05-09T06:31:28Z;-1363;;438
2024-05-09T06:31:30Z;-1048;;753
2024-05-09T06:31:32Z;-1364;;437
2024-05-09T06:31:33Z;-1045;;756
2024-05-09T06:31:35Z;-1367;;434
2024-05-09T06:31:36Z;-1048;;753
2024-05-09T06:31:38Z;-1367;;434
2024-05-09T06:31:53Z;-1057;;744
2024-05-09T06:31:54Z;-1377;;424
2024-05-09T06:31:55Z;-1063;;738
2024-05-09T06:31:57Z;-1377;;424
2024-05-09T06:31:59Z;-1060;;741
2024-05-09T06:32:00Z;-1371;;430
2024-05-09T06:32:02Z;-1056;;745
2024-05-09T06:32:04Z;-1371;;430
2024-05-09T06:32:05Z;-1053;;748
2024-05-09T06:32:07Z;-1371;;430
2024-05-09T06:32:08Z;-1050;1815;751
2024-05-09T06:32:10Z;;1808;758
2024-05-09T06:32:12Z;-1331;;477
2024-05-09T06:32:13Z;-1057;;751
2024-05-09T06:32:14Z;-1370;;438
2024-05-09T06:32:16Z;-1053;;755
2024-05-09T06:32:17Z;-1371;;437
2024-05-09T06:32:18Z;-1058;;750
2024-05-09T06:32:20Z;-1384;;424
2024-05-09T06:32:21Z;-1059;;749
2024-05-09T06:32:25Z;-1057;;751
2024-05-09T06:32:26Z;-1371;;437
2024-05-09T06:32:28Z;-1051;;757
2024-05-09T06:32:34Z;-1057;;751
2024-05-09T06:32:35Z;-1061;;747
2024-05-09T06:32:37Z;-1057;;751
2024-05-09T06:32:38Z;-1064;;744
2024-05-09T06:32:40Z;-1065;;743
2024-05-09T06:32:41Z;-1065;;743
2024-05-09T06:32:43Z;-1066;;742
2024-05-09T06:32:44Z;-1057;;751
2024-05-09T06:32:46Z;-1382;;426
2024-05-09T06:32:47Z;-1057;;751
2024-05-09T06:32:49Z;-1375;;433
2024-05-09T06:32:51Z;-1056;;752
2024-05-09T06:32:52Z;-1381;;427
2024-05-09T06:32:54Z;-1064;;744
2024-05-09T06:32:55Z;-1385;;423
2024-05-09T06:32:57Z;-1067;;741
2024-05-09T06:33:12Z;-1388;;420
2024-05-09T06:33:13Z;-1383;;425
2024-05-09T06:33:15Z;-1062;;746
2024-05-09T06:33:17Z;-1386;;422
2024-05-09T06:33:18Z;-1386;;422
2024-05-09T06:33:20Z;-1384;;424
2024-05-09T06:33:21Z;-1388;;420
2024-05-09T06:33:23Z;-1074;;734
2024-05-09T06:33:24Z;-1389;;419
2024-05-09T06:33:26Z;-1067;;741
2024-05-09T06:33:27Z;-1379;;429
2024-05-09T06:33:29Z;-1058;;750
2024-05-09T06:33:30Z;-1388;;420
2024-05-09T06:33:32Z;-1072;;736
2024-05-09T06:33:38Z;-1071;;737
2024-05-09T06:33:49Z;-1393;;415
2024-05-09T06:33:50Z;-1397;;411
2024-05-09T06:33:52Z;-1387;;421
2024-05-09T06:33:53Z;-1391;;417
2024-05-09T06:33:55Z;-1071;;737
2024-05-09T06:33:57Z;-1074;;734
2024-05-09T06:33:58Z;-1074;;734
2024-05-09T06:34:00Z;-1078;;730
2024-05-09T06:34:01Z;-1075;;733
2024-05-09T06:34:03Z;-1077;;731
2024-05-09T06:34:04Z;-1075;;733
2024-05-09T06:34:06Z;-1146;;662
2024-05-09T06:34:07Z;-1468;;340
2024-05-09T06:34:09Z;-1468;;340
2024-05-09T06:34:11Z;-1153;;655
2024-05-09T06:34:12Z;-1475;;333
2024-05-09T06:34:14Z;-1149;;659
2024-05-09T06:34:15Z;-1469;;339
2024-05-09T06:34:30Z;-1150;;658
2024-05-09T06:34:31Z;-1462;;346
2024-05-09T06:34:33Z;-1143;;665
2024-05-09T06:34:34Z;-1470;;338
2024-05-09T06:34:36Z;-1472;;336
2024-05-09T06:34:41Z;-1463;;345
2024-05-09T06:34:49Z;-1142;;666
2024-05-09T06:34:50Z;-1461;;347
2024-05-09T06:34:52Z;-1144;;664
2024-05-09T06:34:58Z;-1134;;674
2024-05-09T06:35:09Z;-1463;;345
2024-05-09T06:35:14Z;-1134;;674
2024-05-09T06:35:15Z;-1135;;673
2024-05-09T06:35:17Z;-1124;;684
2024-05-09T06:35:18Z;-1124;;684
2024-05-09T06:35:20Z;-1136;;672
2024-05-09T06:35:25Z;-1457;;351
2024-05-09T06:35:26Z;-1457;;351
2024-05-09T06:35:28Z;-1450;;358
2024-05-09T06:35:30Z;-1130;;678
2024-05-09T06:35:31Z;-1133;;675
2024-05-09T06:35:33Z;-1133;;675
2024-05-09T06:35:34Z;-1136;;672
2024-05-09T06:35:49Z;-1462;;346
2024-05-09T06:35:50Z;-1144;;664
2024-05-09T06:35:52Z;-1154;;654
2024-05-09T06:35:54Z;-1467;;341
2024-05-09T06:35:55Z;-1143;;665
2024-05-09T06:35:57Z;-1465;;343
2024-05-09T06:35:59Z;-1143;;665
2024-05-09T06:36:00Z;-1467;;341
2024-05-09T06:36:02Z;-1149;;659
2024-05-09T06:36:04Z;-1459;;349
2024-05-09T06:36:05Z;-1144;;664
2024-05-09T06:36:07Z;-1436;;372
2024-05-09T06:36:08Z;-1121;;687
2024-05-09T06:36:10Z;-1448;;360
2024-05-09T06:36:11Z;-1118;;690
2024-05-09T06:36:13Z;-1430;;378
2024-05-09T06:36:15Z;-1107;;701
2024-05-09T06:36:16Z;-1420;;388
2024-05-09T06:36:18Z;-1101;;707
2024-05-09T06:36:20Z;-1420;;388
2024-05-09T06:36:21Z;-1104;;704
2024-05-09T06:36:23Z;-1427;;381
2024-05-09T06:36:24Z;-1108;;700
2024-05-09T06:36:26Z;-1423;;385
2024-05-09T06:36:27Z;-1106;;702
2024-05-09T06:36:29Z;-1412;;396
2024-05-09T06:36:31Z;-1092;;716
2024-05-09T06:36:32Z;-1415;;393
2024-05-09T06:36:34Z;-1101;;707
2024-05-09T06:36:36Z;-1427;;381
2024-05-09T06:36:37Z;-1109;;699
2024-05-09T06:36:39Z;-1427;;381
2024-05-09T06:36:40Z;-1102;;706
2024-05-09T06:36:42Z;-1423;;385
2024-05-09T06:36:43Z;-1108;;700
2024-05-09T06:36:45Z;-1442;;366
2024-05-09T06:36:47Z;-1121;;687
2024-05-09T06:36:48Z;-1441;;367
2024-05-09T06:36:50Z;-1129;;679
2024-05-09T06:36:51Z;-1216;;592
2024-05-09T06:36:53Z;-1123;;685
2024-05-09T06:37:07Z;-1271;;537
2024-05-09T06:37:09Z;-1130;;678
2024-05-09T06:37:11Z;-1449;;359
2024-05-09T06:37:12Z;-1126;;682
2024-05-09T06:37:14Z;-1456;;352
2024-05-09T06:37:15Z;-1132;;676
2024-05-09T06:37:16Z;-1133;;675
2024-05-09T06:37:18Z;-1269;;539
2024-05-09T06:37:19Z;-1128;;680
2024-05-09T06:37:21Z;-1449;;359
2024-05-09T06:37:23Z;-1314;;494
2024-05-09T06:37:24Z;-1446;;362
2024-05-09T06:37:26Z;-1124;;684
2024-05-09T06:37:27Z;-1456;;352
2024-05-09T06:37:29Z;-1132;;676
2024-05-09T06:37:30Z;-1440;;368
2024-05-09T06:37:32Z;-1130;;678
2024-05-09T06:37:34Z;-1231;;577
2024-05-09T06:37:35Z;-1116;;692
2024-05-09T06:37:37Z;-1451;;357
2024-05-09T06:37:38Z;-1119;;689
2024-05-09T06:37:40Z;-1450;;358
2024-05-09T06:37:45Z;-1124;;684
2024-05-09T06:37:46Z;-1434;;374
2024-05-09T06:37:48Z;-1117;;691
2024-05-09T06:37:51Z;-1168;;640
2024-05-09T06:37:52Z;-1505;;303
2024-05-09T06:37:54Z;-1186;;622
2024-05-09T06:37:56Z;-1500;;308
2024-05-09T06:38:01Z;-1165;;643
2024-05-09T06:38:02Z;-1498;;310
2024-05-09T06:38:04Z;-1172;;636
2024-05-09T06:38:09Z;-1483;;325
2024-05-09T06:38:10Z;-1170;;638
2024-05-09T06:38:25Z;-1499;;309
2024-05-09T06:38:26Z;-1173;;635
2024-05-09T06:38:28Z;-1504;;304
2024-05-09T06:38:33Z;-1122;;686
2024-05-09T06:38:34Z;-1318;;490
2024-05-09T06:38:36Z;-1131;1750;677
2024-05-09T06:38:37Z;;1801;670
2024-05-09T06:38:40Z;-1521;;280
2024-05-09T06:38:44Z;-1500;;301
2024-05-09T06:38:49Z;-1156;;645
2024-05-09T06:38:50Z;-1493;;308
2024-05-09T06:38:53Z;-1479;;322
2024-05-09T06:38:54Z;-1189;;612
2024-05-09T06:38:55Z;-1167;;634
2024-05-09T06:38:57Z;-1481;;320
2024-05-09T06:38:58Z;-1157;;644
2024-05-09T06:39:00Z;-1484;;317
2024-05-09T06:39:05Z;-1167;;634
2024-05-09T06:39:07Z;-1170;;631
2024-05-09T06:39:08Z;-1161;;640
2024-05-09T06:39:09Z;-1487;;314
2024-05-09T06:39:11Z;-1166;;635
2024-05-09T06:39:13Z;-1493;;308
2024-05-09T06:39:14Z;-1166;;635
2024-05-09T06:39:16Z;-1482;;319
2024-05-09T06:39:21Z;-1157;;644
2024-05-09T06:39:22Z;-1486;;315
2024-05-09T06:39:24Z;-1164;;637
2024-05-09T06:39:25Z;-1482;;319
2024-05-09T06:39:27Z;-1157;;644
2024-05-09T06:39:29Z;-1480;;321
2024-05-09T06:39:44Z;-1159;;642
2024-05-09T06:39:45Z;-1500;;301
2024-05-09T06:39:46Z;-1170;;631
2024-05-09T06:39:48Z;-1494;;307
2024-05-09T06:39:50Z;-1169;;632
2024-05-09T06:39:51Z;-1504;;297
2024-05-09T06:39:53Z;-1176;;625
2024-05-09T06:39:54Z;-1500;;301
2024-05-09T06:39:56Z;-1177;;624
2024-05-09T06:39:58Z;-1184;;617
2024-05-09T06:39:59Z;-1175;;626
2024-05-09T06:40:01Z;-1496;;305
2024-05-09T06:40:02Z;-1174;;627
2024-05-09T06:40:04Z;-1497;;304
2024-05-09T06:40:06Z;-1172;;629
2024-05-09T06:40:07Z;-1490;;311
2024-05-09T06:40:09Z;-1167;;634
2024-05-09T06:40:10Z;-1497;;304
2024-05-09T06:40:12Z;-1177;;624
2024-05-09T06:40:14Z;-1185;;616
2024-05-09T06:40:15Z;-1178;;623
2024-05-09T06:40:17Z;-1500;;301
2024-05-09T06:40:18Z;-1176;;625
2024-05-09T06:40:20Z;-1494;;307
2024-05-09T06:40:22Z;-1181;;620
2024-05-09T06:40:23Z;-1510;;291
2024-05-09T06:40:25Z;-1185;;616
2024-05-09T06:40:27Z;-1189;;612
2024-05-09T06:40:28Z;-1191;;610
2024-05-09T06:40:30Z;-1188;;613
2024-05-09T06:40:31Z;-1194;;607
2024-05-09T06:40:33Z;-1492;;309
2024-05-09T06:40:35Z;-1509;;292
2024-05-09T06:40:36Z;-1515;;286
2024-05-09T06:40:38Z;-1214;;587
2024-05-09T06:40:39Z;-1507;;294
2024-05-09T06:40:41Z;-1189;;612
2024-05-09T06:40:43Z;-1189;;612
2024-05-09T06:40:44Z;-1184;;617
2024-05-09T06:40:46Z;-1195;;606
2024-05-09T06:40:48Z;-1510;;291
2024-05-09T06:41:04Z;-1515;;286
2024-05-09T06:41:05Z;-1403;;398
2024-05-09T06:41:07Z;-1514;;287
2024-05-09T06:41:09Z;-1197;;604
2024-05-09T06:41:10Z;-1310;;491
2024-05-09T06:41:12Z;-1194;;607
2024-05-09T06:41:13Z;-1199;;602
2024-05-09T06:41:15Z;-1199;;602
2024-05-09T06:41:20Z;-1513;;288
2024-05-09T06:41:22Z;-1180;;621
2024-05-09T06:41:25Z;-1200;;601
2024-05-09T06:41:26Z;-1361;;440
2024-05-09T06:41:28Z;-1194;;607
2024-05-09T06:41:35Z;-1201;;600
2024-05-09T06:41:36Z;-1523;;278
2024-05-09T06:41:38Z;-1188;;613
2024-05-09T06:41:41Z;-1213;;588
2024-05-09T06:41:44Z;-1216;;585
2024-05-09T06:41:48Z;-1207;;594
2024-05-09T06:41:49Z;-1520;;281
2024-05-09T06:41:51Z;-1197;;604
2024-05-09T06:41:52Z;-1518;;283
2024-05-09T06:41:54Z;-1194;;607
2024-05-09T06:41:57Z;-1205;;596
2024-05-09T06:42:01Z;-1211;;590
2024-05-09T06:42:02Z;-1530;;271
2024-05-09T06:42:05Z;-1521;;280
2024-05-09T06:42:06Z;-1210;;591
2024-05-09T06:42:21Z;-1518;;283
2024-05-09T06:42:22Z;-1215;;586
2024-05-09T06:42:24Z;-1532;;269
2024-05-09T06:42:25Z;-1252;;549
2024-05-09T06:42:27Z;-1530;;271
2024-05-09T06:42:29Z;-1206;;595
2024-05-09T06:42:31Z;-1533;;268
2024-05-09T06:42:32Z;-1213;;588
2024-05-09T06:42:34Z;-1539;;262
2024-05-09T06:42:35Z;-1209;;592
2024-05-09T06:42:37Z;-1539;;262
2024-05-09T06:42:38Z;-1220;;581
2024-05-09T06:42:40Z;-1540;;261
2024-05-09T06:42:41Z;-1245;;556
2024-05-09T06:42:43Z;-1540;;261
2024-05-09T06:42:45Z;-1217;;584
2024-05-09T06:42:46Z;-1507;;294
2024-05-09T06:42:48Z;-1220;;581
2024-05-09T06:42:50Z;-1535;;266
2024-05-09T06:42:51Z;-1230;;571
2024-05-09T06:42:53Z;-1539;;262
2024-05-09T06:42:54Z;-1213;;588
2024-05-09T06:42:56Z;-1541;;260
2024-05-09T06:42:57Z;-1236;;565
2024-05-09T06:42:59Z;-1540;;261
2024-05-09T06:43:01Z;-1220;;581
2024-05-09T06:43:02Z;-1530;;271
2024-05-09T06:43:04Z;-1219;;582
2024-05-09T06:43:06Z;-1543;;258
2024-05-09T06:43:07Z;-1219;;582
2024-05-09T06:43:09Z;-1542;;259
2024-05-09T06:43:10Z;-1224;;577
2024-05-09T06:43:12Z;-1542;;259
2024-05-09T06:43:13Z;-1245;;556
2024-05-09T06:43:15Z;-1534;;267
2024-05-09T06:43:17Z;-1211;;590
2024-05-09T06:43:18Z;-1518;;283
2024-05-09T06:43:20Z;-1211;;590
2024-05-09T06:43:22Z;-1520;;281
2024-05-09T06:43:23Z;-1215;;586
2024-05-09T06:43:24Z;-1201;;600
2024-05-09T06:43:39Z;-1206;;603
2024-05-09T06:43:40Z;-1201;;600
2024-05-09T06:43:42Z;-1208;;593
2024-05-09T06:43:44Z;-1519;;282
2024-05-09T06:43:45Z;-1216;;585
2024-05-09T06:43:47Z;-1520;;281
2024-05-09T06:43:48Z;-1523;;278
2024-05-09T06:43:50Z;-1521;;280
2024-05-09T06:43:52Z;-1186;;615
2024-05-09T06:43:53Z;-1186;;615
2024-05-09T06:43:55Z;-1200;;601
2024-05-09T06:44:03Z;-1526;;275
2024-05-09T06:44:08Z;-1212;;589
2024-05-09T06:44:12Z;-1207;;594
2024-05-09T06:44:13Z;-1525;;276
2024-05-09T06:44:20Z;-1202;;599
2024-05-09T06:44:23Z;-1467;;334
2024-05-09T06:44:31Z;-1212;;589
2024-05-09T06:44:32Z;-1535;;266
2024-05-09T06:44:34Z;-1214;;587
2024-05-09T06:44:36Z;-1506;;295
2024-05-09T06:44:37Z;-1206;;595
2024-05-09T06:44:39Z;-1535;;266
2024-05-09T06:44:44Z;-1167;;634
2024-05-09T06:44:58Z;-1520;;281
2024-05-09T06:45:00Z;-1198;;603
2024-05-09T06:45:04Z;-1508;1873;675
2024-05-09T06:45:11Z;-1202;;671
2024-05-09T06:45:12Z;-1195;;678
2024-05-09T06:45:14Z;-1187;;686
2024-05-09T06:45:15Z;-1528;;345
2024-05-09T06:45:16Z;-1444;;429
2024-05-09T06:45:17Z;-1521;;352
2024-05-09T06:45:18Z;-1527;;346
2024-05-09T06:45:20Z;-1282;;591
2024-05-09T06:45:21Z;-1194;;679
2024-05-09T06:45:22Z;-1191;;682
2024-05-09T06:45:23Z;-1175;;698
2024-05-09T06:45:24Z;-1495;;378
2024-05-09T06:45:26Z;-1434;;439
2024-05-09T06:45:27Z;-1503;;370
2024-05-09T06:45:28Z;-1180;;693
2024-05-09T06:45:29Z;-1251;;622
2024-05-09T06:45:31Z;-1197;;676
2024-05-09T06:45:32Z;-1195;;678
2024-05-09T06:45:34Z;-1196;;677
2024-05-09T06:45:41Z;-1200;;673
2024-05-09T06:45:44Z;-1201;;672
2024-05-09T06:45:45Z;-1270;;603
2024-05-09T06:45:47Z;-1196;;677
2024-05-09T06:45:55Z;-1521;;352
2024-05-09T06:45:57Z;-1194;;679
2024-05-09T06:46:00Z;-1187;;686
2024-05-09T06:46:02Z;-1513;;360
2024-05-09T06:46:16Z;-1191;;682
2024-05-09T06:46:17Z;-1191;;682
2024-05-09T06:46:18Z;-1500;;373
2024-05-09T06:46:23Z;-1197;;676
2024-05-09T06:46:24Z;-1514;;359
2024-05-09T06:46:26Z;-1191;;682
2024-05-09T06:46:27Z;-1516;;357
2024-05-09T06:46:34Z;-1116;;757
2024-05-09T06:46:43Z;-1467;;406
2024-05-09T06:46:45Z;-1131;;742
2024-05-09T06:46:46Z;-1460;;413
2024-05-09T06:46:48Z;-1196;;677
2024-05-09T06:46:50Z;-1475;;398
2024-05-09T06:46:51Z;-1151;;722
2024-05-09T06:46:53Z;-1475;;398
2024-05-09T06:46:54Z;-1159;;714
2024-05-09T06:46:56Z;-1477;;396
2024-05-09T06:46:57Z;-1170;;703
2024-05-09T06:46:58Z;-1165;;708
2024-05-09T06:47:01Z;-1173;;700
2024-05-09T06:47:02Z;-1480;;393
2024-05-09T06:47:04Z;-1165;;708
2024-05-09T06:47:06Z;-1486;;387
2024-05-09T06:47:07Z;-1176;;697
2024-05-09T06:47:09Z;-1498;;375
2024-05-09T06:47:10Z;-1179;;694
2024-05-09T06:47:12Z;-1493;;380
2024-05-09T06:47:13Z;-1182;;691
2024-05-09T06:47:15Z;-1507;;366
2024-05-09T06:47:17Z;-1176;;697
2024-05-09T06:47:18Z;-1489;;384
2024-05-09T06:47:20Z;-1173;;700
2024-05-09T06:47:35Z;-1494;;379
2024-05-09T06:47:36Z;-1175;;698
2024-05-09T06:47:38Z;-1492;;381
2024-05-09T06:47:39Z;-1174;;699
2024-05-09T06:47:41Z;-1498;;375
2024-05-09T06:47:42Z;-1173;;700
2024-05-09T06:47:44Z;-1498;;375
2024-05-09T06:47:45Z;-1186;;687
2024-05-09T06:47:47Z;-1504;;369
2024-05-09T06:47:49Z;-1186;;687
2024-05-09T06:47:50Z;-1502;;371
2024-05-09T06:47:52Z;-1184;;689
2024-05-09T06:47:54Z;-1505;;368
2024-05-09T06:47:55Z;-1175;;698
2024-05-09T06:47:57Z;-1505;;368
2024-05-09T06:47:58Z;-1198;;675
2024-05-09T06:48:00Z;-1512;;361
2024-05-09T06:48:01Z;-1197;;676
2024-05-09T06:48:03Z;-1511;;362
2024-05-09T06:48:08Z;-1188;;685
2024-05-09T06:48:09Z;-1193;;680
2024-05-09T06:48:11Z;-1190;;683
2024-05-09T06:48:19Z;-1518;;355
2024-05-09T06:48:24Z;-1199;;674
2024-05-09T06:48:26Z;-1524;;349
2024-05-09T06:48:27Z;-1202;;671
2024-05-09T06:48:36Z;-1207;;666
2024-05-09T06:48:53Z;-1206;;667
2024-05-09T06:48:55Z;-1536;;337
2024-05-09T06:49:00Z;-1213;;660
2024-05-09T06:49:01Z;-1540;;333
2024-05-09T06:49:03Z;-1206;;667
2024-05-09T06:49:04Z;-1529;;344
2024-05-09T06:49:06Z;-1207;;666
2024-05-09T06:49:08Z;-1503;;370
2024-05-09T06:49:09Z;-1214;;659
2024-05-09T06:49:11Z;-1532;;341
2024-05-09T06:49:13Z;-1244;;629
2024-05-09T06:49:14Z;-1508;;365
2024-05-09T06:49:16Z;-1196;;677
2024-05-09T06:49:17Z;-1528;;345
2024-05-09T06:49:19Z;-1211;;662
2024-05-09T06:49:21Z;-1212;;661
2024-05-09T06:49:22Z;-1210;;663
2024-05-09T06:49:24Z;-1481;;392
2024-05-09T06:49:25Z;-1206;;667
2024-05-09T06:49:27Z;-1528;;345
2024-05-09T06:49:29Z;-1263;;610
2024-05-09T06:49:30Z;-1535;;338
2024-05-09T06:49:32Z;-1223;;650
2024-05-09T06:49:34Z;-1229;;644
2024-05-09T06:49:35Z;-1228;;645
2024-05-09T06:49:37Z;-1234;;639
2024-05-09T06:49:42Z;-1554;;319
2024-05-09T06:49:44Z;-1232;;641
2024-05-09T06:49:45Z;-1326;;547
2024-05-09T06:49:47Z;-1259;;614
2024-05-09T06:49:48Z;-1256;;617
2024-05-09T06:49:50Z;-1261;;612
2024-05-09T06:49:57Z;-1263;;610
2024-05-09T06:50:12Z;-1265;;608
2024-05-09T06:50:13Z;-1228;;645
2024-05-09T06:50:15Z;-1516;;357
2024-05-09T06:50:17Z;-1327;;546
2024-05-09T06:50:18Z;-1484;;389
2024-05-09T06:50:20Z;-1142;;731
2024-05-09T06:50:21Z;-1458;;415
2024-05-09T06:50:23Z;-1126;;747
2024-05-09T06:50:24Z;-1446;;427
2024-05-09T06:50:26Z;-1127;;746
2024-05-09T06:50:28Z;-1267;;606
2024-05-09T06:50:29Z;-1130;;743
2024-05-09T06:50:31Z;-1464;;409
2024-05-09T06:50:32Z;-1147;;726
2024-05-09T06:50:34Z;-1476;;397
2024-05-09T06:50:39Z;-1187;;686
2024-05-09T06:50:40Z;-1518;;355
2024-05-09T06:50:42Z;-1208;;665
2024-05-09T06:50:44Z;-1339;;534
2024-05-09T06:50:45Z;-1233;;640
2024-05-09T06:50:47Z;-1565;;308
2024-05-09T06:50:52Z;-1265;;608
2024-05-09T06:50:53Z;-1594;;279
2024-05-09T06:50:55Z;-1280;;593
2024-05-09T06:50:57Z;-1277;;596
2024-05-09T06:50:58Z;-1273;;600
2024-05-09T06:51:00Z;-1371;;502
2024-05-09T06:51:02Z;-1585;;288
2024-05-09T06:51:03Z;-1583;;290
2024-05-09T06:51:05Z;-1493;;380
2024-05-09T06:51:07Z;-1268;;605
2024-05-09T06:51:08Z;-1265;;608
2024-05-09T06:51:10Z;-1284;;589
2024-05-09T06:51:30Z;-1265;;608
2024-05-09T06:51:32Z;-1263;;610
2024-05-09T06:51:33Z;-1196;;677
2024-05-09T06:51:35Z;-1498;;375
2024-05-09T06:51:36Z;-1176;;697
2024-05-09T06:51:38Z;-1478;;395
2024-05-09T06:51:43Z;-1115;;758
2024-05-09T06:51:44Z;-1424;;449
2024-05-09T06:51:46Z;-1090;;783
2024-05-09T06:51:47Z;-1394;;479
2024-05-09T06:51:48Z;;1762;368
2024-05-09T06:51:49Z;-1062;;700
2024-05-09T06:51:52Z;-918;;844
2024-05-09T06:51:55Z;-864;;898
2024-05-09T06:51:56Z;-857;;905
2024-05-09T06:51:57Z;-1171;;591
2024-05-09T06:51:59Z;-847;;915
2024-05-09T06:52:00Z;-1301;;461
2024-05-09T06:52:02Z;-970;;792
2024-05-09T06:52:03Z;-1281;;481
2024-05-09T06:52:05Z;-757;;1005
2024-05-09T06:52:07Z;-1260;;502
2024-05-09T06:52:09Z;-1221;;541
2024-05-09T06:52:10Z;-1257;;505
2024-05-09T06:52:12Z;-932;;830
2024-05-09T06:52:13Z;-1251;;511
2024-05-09T06:52:15Z;-933;;829
2024-05-09T06:52:16Z;-1246;;516
2024-05-09T06:52:18Z;-927;;835
2024-05-09T06:52:19Z;-1239;;523
2024-05-09T06:52:22Z;-1233;;529
2024-05-09T06:52:23Z;-1235;;527
2024-05-09T06:52:25Z;-1208;;554
2024-05-09T06:52:26Z;-1203;;559
2024-05-09T06:52:32Z;-1100;;662
2024-05-09T06:52:49Z;-764;;998
2024-05-09T06:52:51Z;-1259;;503
2024-05-09T06:52:52Z;-962;;800
2024-05-09T06:52:54Z;-1253;;509
2024-05-09T06:52:56Z;-934;;828
2024-05-09T06:52:57Z;-1227;;535
2024-05-09T06:52:59Z;-922;;840
2024-05-09T06:53:01Z;-1230;;532
2024-05-09T06:53:02Z;-910;;852
2024-05-09T06:53:04Z;-1212;;550
2024-05-09T06:53:05Z;-891;;871
2024-05-09T06:53:07Z;-1201;;561
2024-05-09T06:53:08Z;-892;;870
2024-05-09T06:53:10Z;-1180;;582
2024-05-09T06:53:12Z;-857;;905
2024-05-09T06:53:13Z;-1146;;616
2024-05-09T06:53:15Z;-831;;931
2024-05-09T06:53:16Z;;1496;665
2024-05-09T06:53:17Z;-971;;525
2024-05-09T06:53:18Z;-657;;839
2024-05-09T06:53:20Z;-949;;547
2024-05-09T06:53:21Z;-641;;855
2024-05-09T06:53:23Z;-1078;;418
2024-05-09T06:53:24Z;-773;;723
2024-05-09T06:53:26Z;-1061;;435
2024-05-09T06:53:28Z;-546;;950
2024-05-09T06:53:29Z;-838;;658
2024-05-09T06:53:30Z;-1038;;458
2024-05-09T06:53:31Z;-722;;774
2024-05-09T06:53:33Z;-1026;;470
2024-05-09T06:53:34Z;-706;;790
2024-05-09T06:53:36Z;-1013;;483
2024-05-09T06:53:37Z;-688;;808
2024-05-09T06:53:39Z;-902;;594
2024-05-09T06:53:40Z;102;;1598
2024-05-09T06:53:41Z;-928;;568
2024-05-09T06:53:42Z;;920;-8
2024-05-09T06:53:43Z;-1004;;-84
2024-05-09T06:53:45Z;-942;;-22
2024-05-09T06:53:46Z;-617;1308;303
2024-05-09T06:54:07Z;-574;1202;628
2024-05-09T06:54:10Z;-518;;684
2024-05-09T06:54:11Z;-824;;378
2024-05-09T06:54:13Z;-504;;698
2024-05-09T06:54:15Z;-872;;330
2024-05-09T06:54:16Z;-554;;648
2024-05-09T06:54:18Z;-849;;353
2024-05-09T06:54:20Z;-529;;673
2024-05-09T06:54:21Z;-841;;361
2024-05-09T06:54:23Z;-517;;685
2024-05-09T06:54:24Z;-823;;379
2024-05-09T06:54:26Z;-499;;703
2024-05-09T06:54:28Z;-502;;700
2024-05-09T06:54:29Z;-497;;705
2024-05-09T06:54:31Z;-482;;720
2024-05-09T06:54:33Z;-788;;414
2024-05-09T06:54:34Z;-867;;335
2024-05-09T06:54:36Z;-555;;647
2024-05-09T06:54:38Z;-558;;644
2024-05-09T06:54:39Z;-561;;641
2024-05-09T06:54:40Z;-869;;333
2024-05-09T06:54:42Z;-566;;636
2024-05-09T06:54:43Z;-877;;325
2024-05-09T06:54:45Z;-578;;624
2024-05-09T06:54:47Z;-893;;309
2024-05-09T06:54:48Z;-591;;611
2024-05-09T06:54:51Z;-596;;606
2024-05-09T06:54:58Z;-613;;589
2024-05-09T06:55:00Z;407;;1609
2024-05-09T06:55:01Z;-571;;631
2024-05-09T06:55:03Z;-864;;338
2024-05-09T06:55:05Z;-863;;339
2024-05-09T06:55:07Z;-549;;653
2024-05-09T06:55:08Z;-555;;647
2024-05-09T06:55:10Z;-543;;659
2024-05-09T06:55:11Z;-542;;660
2024-05-09T06:55:26Z;-839;;363
2024-05-09T06:55:27Z;-512;;690
2024-05-09T06:55:29Z;-519;;683
2024-05-09T06:55:34Z;-815;;387
2024-05-09T06:55:35Z;-755;;447
2024-05-09T06:55:36Z;-508;;694
2024-05-09T06:55:39Z;-506;;696
2024-05-09T06:55:40Z;-553;;649
2024-05-09T06:55:41Z;-816;;386
2024-05-09T06:55:46Z;-504;;698
2024-05-09T06:55:47Z;-817;;385
2024-05-09T06:55:49Z;-504;;698
2024-05-09T06:55:51Z;-736;;466
2024-05-09T06:55:52Z;-501;;701
2024-05-09T06:55:54Z;-804;;398
2024-05-09T06:55:56Z;-578;;624
2024-05-09T06:55:57Z;-801;;401
2024-05-09T06:55:59Z;-483;;719
2024-05-09T06:56:00Z;-792;;410
2024-05-09T06:56:02Z;-476;;726
2024-05-09T06:56:04Z;-481;;721
2024-05-09T06:56:05Z;-475;;727
2024-05-09T06:56:07Z;-678;;524
2024-05-09T06:56:09Z;-779;;423
2024-05-09T06:56:10Z;-780;;422
2024-05-09T06:56:12Z;-578;;624
2024-05-09T06:56:14Z;-472;;730
2024-05-09T06:56:16Z;-776;;426
2024-05-09T06:56:17Z;-466;;736
2024-05-09T06:56:19Z;-771;;431
2024-05-09T06:56:20Z;-465;;737
2024-05-09T06:56:22Z;-767;;435
2024-05-09T06:56:24Z;-457;;745
2024-05-09T06:56:25Z;-762;;440
2024-05-09T06:56:27Z;-456;;746
2024-05-09T06:56:28Z;-600;;602
2024-05-09T06:56:30Z;-455;;747
2024-05-09T06:56:49Z;-335;;867
2024-05-09T06:56:50Z;-650;;552
2024-05-09T06:56:53Z;-314;;888
2024-05-09T06:56:55Z;-663;;539
2024-05-09T06:56:56Z;-530;;672
2024-05-09T06:56:58Z;-852;;350
2024-05-09T06:56:59Z;-552;;650
2024-05-09T06:57:04Z;-567;;635
2024-05-09T06:57:05Z;-572;;630
2024-05-09T06:57:06Z;-892;;310
2024-05-09T06:57:07Z;-907;;295
2024-05-09T06:57:08Z;-610;;592
2024-05-09T06:57:09Z;-601;;601
2024-05-09T06:57:11Z;-716;;486
2024-05-09T06:57:12Z;-615;;587
2024-05-09T06:57:14Z;-930;;272
2024-05-09T06:57:16Z;-831;;371
2024-05-09T06:57:17Z;-944;;258
2024-05-09T06:57:20Z;-935;;267
2024-05-09T06:57:21Z;-624;;578
2024-05-09T06:57:22Z;-624;;578
2024-05-09T06:57:24Z;-621;;581
2024-05-09T06:57:25Z;-618;;584
2024-05-09T06:57:26Z;-931;;271
2024-05-09T06:57:31Z;-924;;278
2024-05-09T06:57:32Z;-923;;279
2024-05-09T06:57:35Z;-621;;581
2024-05-09T06:57:37Z;-619;;583
2024-05-09T06:57:38Z;-623;;579
2024-05-09T06:57:39Z;-931;;271
2024-05-09T06:57:44Z;-652;;550
2024-05-09T06:57:46Z;-967;;235
2024-05-09T06:57:47Z;;1236;269
2024-05-09T06:57:48Z;-874;;362
2024-05-09T06:58:03Z;-682;;554
2024-05-09T06:58:04Z;-786;;450
2024-05-09T06:58:06Z;-829;;407
2024-05-09T06:58:07Z;-837;;399
2024-05-09T06:58:09Z;-863;;373
2024-05-09T06:58:10Z;-875;;361
2024-05-09T06:58:12Z;-906;;330
2024-05-09T06:58:13Z;-906;;330
2024-05-09T06:58:14Z;-1229;;7
2024-05-09T06:58:15Z;;1503;274
2024-05-09T06:58:16Z;-935;;568
2024-05-09T06:58:22Z;-955;;548
2024-05-09T06:58:23Z;-1177;;326
2024-05-09T06:58:24Z;-972;;531
2024-05-09T06:58:25Z;-976;;527
2024-05-09T06:58:26Z;-981;;522
2024-05-09T06:58:28Z;-984;;519
2024-05-09T06:58:29Z;-991;;512
2024-05-09T06:58:30Z;-995;;508
2024-05-09T06:58:31Z;-1105;;398
2024-05-09T06:58:32Z;-993;;510
2024-05-09T06:58:35Z;-988;;515
2024-05-09T06:58:42Z;-958;;545
2024-05-09T06:58:44Z;-955;;548
2024-05-09T06:58:45Z;-937;;566
2024-05-09T06:58:47Z;-1043;;460
2024-05-09T06:58:48Z;-930;;573
2024-05-09T06:58:53Z;-916;;587
2024-05-09T06:58:55Z;-911;;592
2024-05-09T06:58:57Z;-916;;587
2024-05-09T06:58:58Z;-915;;588
2024-05-09T06:59:00Z;-927;;576
2024-05-09T06:59:01Z;-921;;582
2024-05-09T06:59:03Z;-1068;;435
2024-05-09T06:59:04Z;-934;;569
2024-05-09T06:59:06Z;-1285;;218
2024-05-09T06:59:22Z;-1351;;152
2024-05-09T06:59:24Z;-1217;;286
2024-05-09T06:59:25Z;-1385;;118
2024-05-09T06:59:27Z;-1081;;422
2024-05-09T06:59:28Z;-1409;;94
2024-05-09T06:59:30Z;-1103;;400
2024-05-09T06:59:31Z;-1432;;71
2024-05-09T06:59:33Z;-1124;;379
2024-05-09T06:59:35Z;-1298;;205
2024-05-09T06:59:36Z;-1138;;365
2024-05-09T06:59:38Z;-1454;;49
2024-05-09T06:59:39Z;-1139;;364
2024-05-09T06:59:41Z;-1454;;49
2024-05-09T06:59:44Z;-1455;;48
2024-05-09T06:59:45Z;-1133;;370
2024-05-09T06:59:47Z;-1451;;52
2024-05-09T06:59:48Z;-1141;;362
2024-05-09T06:59:50Z;-1449;;54
2024-05-09T06:59:52Z;-1131;;372
2024-05-09T06:59:53Z;-1443;;60
2024-05-09T06:59:55Z;-1128;;375
2024-05-09T06:59:56Z;-1241;;262
2024-05-09T06:59:58Z;-1114;;389
2024-05-09T07:00:00Z;-1423;;80
2024-05-09T07:00:01Z;-1109;;394
2024-05-09T07:00:04Z;;1683;574
2024-05-09T07:00:08Z;-1128;;555
2024-05-09T07:00:15Z;-1420;;263
2024-05-09T07:00:16Z;-1102;;581
2024-05-09T07:00:18Z;-1405;;278
2024-05-09T07:00:19Z;-1085;;598
2024-05-09T07:00:20Z;-1394;;289
2024-05-09T07:00:21Z;-1076;;607
2024-05-09T07:00:22Z;-1392;;291
2024-05-09T07:00:24Z;-1070;;613
2024-05-09T07:00:25Z;-1381;;302
2024-05-09T07:00:40Z;-1059;;624
2024-05-09T07:00:48Z;533;;2216
2024-05-09T07:00:49Z;808;;2491
2024-05-09T07:00:51Z;503;;2186
2024-05-09T07:00:52Z;780;;2463
2024-05-09T07:00:54Z;480;;2163
2024-05-09T07:00:56Z;745;;2428
2024-05-09T07:00:57Z;455;;2138
2024-05-09T07:00:59Z;717;;2400
2024-05-09T07:01:01Z;406;;2089
2024-05-09T07:01:02Z;678;1804;2482
2024-05-09T07:01:04Z;378;;2182
2024-05-09T07:01:05Z;659;;2463
2024-05-09T07:01:07Z;344;;2148
2024-05-09T07:01:08Z;623;;2427
2024-05-09T07:01:10Z;325;;2129
2024-05-09T07:01:12Z;608;;2412
2024-05-09T07:01:13Z;313;;2117
2024-05-09T07:01:23Z;264;;2068
2024-05-09T07:01:24Z;543;;2347
2024-05-09T07:01:26Z;263;;2067
2024-05-09T07:01:28Z;553;;2357
2024-05-09T07:01:29Z;277;;2081
2024-05-09T07:01:31Z;578;;2382
2024-05-09T07:01:37Z;643;;2447
2024-05-09T07:01:39Z;374;;2178
2024-05-09T07:01:40Z;665;;2469
2024-05-09T07:01:42Z;416;;2220
2024-05-09T07:01:44Z;742;;2546
2024-05-09T07:01:59Z;328;;2132
2024-05-09T07:02:00Z;926;;2730
2024-05-09T07:02:01Z;652;;2456
2024-05-09T07:02:03Z;945;;2749
2024-05-09T07:02:05Z;669;1500;2445
2024-05-09T07:02:06Z;947;;2447
2024-05-09T07:02:08Z;661;;2161
2024-05-09T07:02:09Z;934;;2434
2024-05-09T07:02:11Z;644;;2144
2024-05-09T07:02:12Z;906;;2406
2024-05-09T07:02:14Z;662;;2162
2024-05-09T07:02:16Z;936;;2436
2024-05-09T07:02:17Z;650;1551;2150
2024-05-09T07:02:19Z;905;;2456
2024-05-09T07:02:21Z;597;;2148
2024-05-09T07:02:22Z;875;;2426
2024-05-09T07:02:24Z;572;;2123
2024-05-09T07:02:25Z;841;;2392
2024-05-09T07:02:27Z;528;;2079
2024-05-09T07:02:28Z;790;;2341
2024-05-09T07:02:30Z;497;;2048
2024-05-09T07:02:35Z;713;1810;2307
2024-05-09T07:02:37Z;393;;2203
2024-05-09T07:02:38Z;667;;2477
2024-05-09T07:02:40Z;348;;2158
2024-05-09T07:02:41Z;629;;2439
2024-05-09T07:02:43Z;318;;2128
2024-05-09T07:02:50Z;266;;2076
2024-05-09T07:02:51Z;552;;2362
2024-05-09T07:02:53Z;264;;2074
2024-05-09T07:02:54Z;562;;2372
2024-05-09T07:02:56Z;274;;2084
2024-05-09T07:02:57Z;570;;2380
2024-05-09T07:02:59Z;292;;2102
2024-05-09T07:03:00Z;573;;2383
2024-05-09T07:03:17Z;636;;2446
2024-05-09T07:03:18Z;457;1775;2411
2024-05-09T07:03:20Z;744;;2519
2024-05-09T07:03:21Z;482;;2257
2024-05-09T07:03:23Z;730;;2505
2024-05-09T07:03:25Z;421;;2196
2024-05-09T07:03:26Z;711;;2486
2024-05-09T07:03:28Z;414;1816;2527
2024-05-09T07:03:29Z;692;;2508
2024-05-09T07:03:31Z;385;;2201
2024-05-09T07:03:32Z;634;;2450
2024-05-09T07:03:34Z;377;;2193
2024-05-09T07:03:36Z;664;;2480
2024-05-09T07:03:37Z;420;;2236
2024-05-09T07:03:39Z;667;;2483
2024-05-09T07:03:41Z;394;;2210
2024-05-09T07:03:42Z;680;;2496
2024-05-09T07:03:43Z;404;;2220
2024-05-09T07:03:45Z;696;;2512
2024-05-09T07:03:47Z;419;;2235
2024-05-09T07:03:48Z;663;;2479
2024-05-09T07:03:50Z;443;1776;2439
2024-05-09T07:03:52Z;747;;2523
2024-05-09T07:03:53Z;514;;2290
2024-05-09T07:03:55Z;773;;2549
2024-05-09T07:03:57Z;498;;2274
2024-05-09T07:03:58Z;794;;2570
2024-05-09T07:04:00Z;525;;2301
2024-05-09T07:04:01Z;814;;2590
2024-05-09T07:04:03Z;513;;2289
2024-05-09T07:04:05Z;735;;2511
2024-05-09T07:04:06Z;524;;2300
2024-05-09T07:04:08Z;795;;2571
2024-05-09T07:04:09Z;585;;2361
2024-05-09T07:04:11Z;763;;2539
2024-05-09T07:04:13Z;456;;2232
2024-05-09T07:04:14Z;740;;2516
2024-05-09T07:04:16Z;425;;2201
2024-05-09T07:04:17Z;693;;2469
2024-05-09T07:04:19Z;355;1817;2131
2024-05-09T07:04:37Z;389;;2206
2024-05-09T07:04:38Z;92;;1909
2024-05-09T07:04:40Z;350;;2167
2024-05-09T07:04:41Z;226;;2043
2024-05-09T07:04:43Z;339;;2156
2024-05-09T07:04:45Z;38;;1855
2024-05-09T07:04:46Z;339;;2156
2024-05-09T07:04:48Z;50;;1867
2024-05-09T07:04:49Z;335;;2152
2024-05-09T07:04:51Z;42;;1859
2024-05-09T07:04:53Z;346;;2163
2024-05-09T07:04:54Z;61;;1878
2024-05-09T07:04:56Z;358;;2175
2024-05-09T07:04:57Z;293;;2110
2024-05-09T07:04:59Z;404;;2221
2024-05-09T07:05:01Z;156;;1973
2024-05-09T07:05:02Z;468;;2285
2024-05-09T07:05:04Z;231;2066;2048
2024-05-09T07:05:08Z;553;;2619
2024-05-09T07:05:09Z;701;;2767
2024-05-09T07:05:10Z;444;;2510
2024-05-09T07:05:11Z;;1774;2218
2024-05-09T07:05:12Z;806;;2580
2024-05-09T07:05:14Z;549;;2323
2024-05-09T07:05:15Z;861;;2635
2024-05-09T07:05:16Z;910;;2684
2024-05-09T07:05:17Z;655;;2429
2024-05-09T07:05:19Z;974;;2748
2024-05-09T07:05:20Z;742;1479;2453
2024-05-09T07:05:21Z;1059;;2538
2024-05-09T07:05:23Z;826;;2305
2024-05-09T07:05:25Z;1157;;2636
2024-05-09T07:05:26Z;892;;2371
2024-05-09T07:05:28Z;1214;;2693
2024-05-09T07:05:30Z;945;;2424
2024-05-09T07:05:31Z;1236;;2715
2024-05-09T07:05:33Z;958;;2437
2024-05-09T07:05:34Z;1251;;2730
2024-05-09T07:05:36Z;969;;2448
2024-05-09T07:05:37Z;1257;;2736
2024-05-09T07:05:39Z;966;;2445
2024-05-09T07:05:54Z;1261;;2740
2024-05-09T07:05:55Z;1031;;2510
2024-05-09T07:05:56Z;1324;;2803
2024-05-09T07:05:57Z;1044;;2523
2024-05-09T07:05:58Z;1341;;2820
2024-05-09T07:05:59Z;1068;;2547
2024-05-09T07:06:01Z;1363;;2842
2024-05-09T07:06:02Z;1095;;2574
2024-05-09T07:06:03Z;1392;;2871
2024-05-09T07:06:05Z;1115;;2594
2024-05-09T07:06:06Z;1413;;2892
2024-05-09T07:06:08Z;1127;;2606
2024-05-09T07:06:09Z;1402;;2881
2024-05-09T07:06:11Z;1123;;2602
2024-05-09T07:06:13Z;1424;;2903
2024-05-09T07:06:14Z;1130;;2609
2024-05-09T07:06:16Z;1427;;2906
2024-05-09T07:06:18Z;1140;;2619
2024-05-09T07:06:19Z;1440;;2919
2024-05-09T07:06:21Z;1152;;2631
2024-05-09T07:06:22Z;1436;;2915
2024-05-09T07:06:24Z;1149;;2628
2024-05-09T07:06:25Z;1421;;2900
2024-05-09T07:06:27Z;1110;;2589
2024-05-09T07:06:29Z;1407;;2886
2024-05-09T07:06:30Z;1114;;2593
2024-05-09T07:06:32Z;1385;;2864
2024-05-09T07:06:34Z;1086;;2565
2024-05-09T07:06:35Z;1364;;2843
2024-05-09T07:06:37Z;1063;;2542
2024-05-09T07:06:38Z;1356;;2835
2024-05-09T07:06:40Z;1052;;2531
2024-05-09T07:06:41Z;1317;;2796
2024-05-09T07:06:43Z;1010;;2489
2024-05-09T07:06:45Z;1260;1233;2243
2024-05-09T07:06:46Z;984;;2217
2024-05-09T07:06:48Z;1230;;2463
2024-05-09T07:06:50Z;921;;2154
2024-05-09T07:06:53Z;808;;2041
2024-05-09T07:06:54Z;1077;;2310
2024-05-09T07:06:56Z;759;;1992
2024-05-09T07:06:57Z;1017;;2250
2024-05-09T07:07:12Z;699;;1932
2024-05-09T07:07:13Z;681;;1914
2024-05-09T07:07:14Z;;1800;2481
2024-05-09T07:07:17Z;371;;2171
2024-05-09T07:07:18Z;630;;2430
2024-05-09T07:07:20Z;338;;2138
2024-05-09T07:07:22Z;277;;2077
2024-05-09T07:07:23Z;553;;2353
2024-05-09T07:07:25Z;258;;2058
2024-05-09T07:07:26Z;540;;2340
2024-05-09T07:07:28Z;257;;2057
2024-05-09T07:07:29Z;533;;2333
2024-05-09T07:07:31Z;267;;2067
2024-05-09T07:07:33Z;589;;2389
2024-05-09T07:07:36Z;638;;2438
2024-05-09T07:07:38Z;391;;2191
2024-05-09T07:07:39Z;708;;2463
2024-05-09T07:07:40Z;;1755;2146
2024-05-09T07:07:43Z;464;;2219
2024-05-09T07:07:44Z;771;;2526
2024-05-09T07:07:46Z;528;;2283
2024-05-09T07:07:47Z;830;;2585
2024-05-09T07:07:49Z;969;1490;2320
2024-05-09T07:07:50Z;742;;2232
2024-05-09T07:07:52Z;1064;;2554
2024-05-09T07:07:54Z;829;;2319
2024-05-09T07:07:55Z;1141;;2631
2024-05-09T07:07:57Z;894;;2384
2024-05-09T07:07:58Z;1201;;2691
2024-05-09T07:08:00Z;939;1217;2418
2024-05-09T07:08:01Z;1216;;2433
2024-05-09T07:08:03Z;982;;2199
2024-05-09T07:08:05Z;1272;;2489
2024-05-09T07:08:06Z;1025;;2242
2024-05-09T07:08:08Z;1298;;2515
2024-05-09T07:08:10Z;1037;;2254
2024-05-09T07:08:11Z;1322;;2539
2024-05-09T07:08:13Z;1039;;2256
2024-05-09T07:08:14Z;1332;;2549
2024-05-09T07:08:16Z;1036;;2253
2024-05-09T07:08:31Z;1273;;2490
2024-05-09T07:08:32Z;979;;2196
2024-05-09T07:08:33Z;1216;;2433
2024-05-09T07:08:35Z;952;;2169
2024-05-09T07:08:37Z;1202;;2419
2024-05-09T07:08:38Z;952;1242;2169
2024-05-09T07:08:42Z;874;;2116
2024-05-09T07:08:43Z;1154;;2396
2024-05-09T07:08:46Z;;1095;2249
2024-05-09T07:08:47Z;;1307;2461
2024-05-09T07:08:50Z;815;;2122
2024-05-09T07:08:51Z;1038;;2345
2024-05-09T07:08:52Z;797;;2104
2024-05-09T07:08:53Z;1047;;2354
2024-05-09T07:08:54Z;777;;2084
2024-05-09T07:08:56Z;1016;;2323
2024-05-09T07:08:58Z;716;;2023
2024-05-09T07:08:59Z;995;;2302
2024-05-09T07:09:01Z;699;;2006
2024-05-09T07:09:02Z;988;;2295
2024-05-09T07:09:04Z;703;;2010
2024-05-09T07:09:05Z;938;;2245
2024-05-09T07:09:07Z;704;;2011
2024-05-09T07:09:09Z;1013;;2320
2024-05-09T07:09:10Z;797;;2104
2024-05-09T07:09:12Z;1022;;2329
2024-05-09T07:09:14Z;744;;2051
2024-05-09T07:09:15Z;1063;;2370
2024-05-09T07:09:17Z;767;;2074
2024-05-09T07:09:18Z;1074;;2381
2024-05-09T07:09:20Z;800;;2107
2024-05-09T07:09:21Z;1044;;2351
2024-05-09T07:09:23Z;851;;2158
2024-05-09T07:09:25Z;1168;;2475
2024-05-09T07:09:29Z;1216;;2523
2024-05-09T07:09:30Z;935;;2242
2024-05-09T07:09:31Z;1229;;2536
2024-05-09T07:09:33Z;962;;2269
2024-05-09T07:09:34Z;1259;;2566
2024-05-09T07:09:49Z;979;;2286
2024-05-09T07:09:50Z;1358;;2665
2024-05-09T07:09:52Z;1086;;2393
2024-05-09T07:09:53Z;1315;;2622
2024-05-09T07:09:55Z;1103;;2410
2024-05-09T07:09:57Z;1390;;2697
2024-05-09T07:09:58Z;1168;;2475
2024-05-09T07:10:00Z;1412;;2719
2024-05-09T07:10:02Z;1112;;2419
2024-05-09T07:10:03Z;1401;;2708
2024-05-09T07:10:05Z;1126;;2433
2024-05-09T07:10:06Z;1414;;2721
2024-05-09T07:10:08Z;1109;;2416
2024-05-09T07:10:09Z;1342;;2649
2024-05-09T07:10:11Z;1125;;2432
2024-05-09T07:10:13Z;1397;;2704
2024-05-09T07:10:15Z;1143;;2450
2024-05-09T07:10:16Z;1429;;2736
2024-05-09T07:10:18Z;1128;;2435
2024-05-09T07:10:19Z;1410;;2717
2024-05-09T07:10:21Z;1122;;2429
2024-05-09T07:10:22Z;1406;;2713
2024-05-09T07:10:24Z;1113;;2420
2024-05-09T07:10:25Z;1330;;2637
2024-05-09T07:10:27Z;1098;;2405
2024-05-09T07:10:29Z;1379;;2686
2024-05-09T07:10:30Z;1163;;2470
2024-05-09T07:10:32Z;1371;;2678
2024-05-09T07:10:34Z;1061;;2368
2024-05-09T07:10:35Z;1341;;2648
2024-05-09T07:10:37Z;1051;;2358
2024-05-09T07:10:38Z;1339;;2646
2024-05-09T07:10:40Z;1045;;2352
2024-05-09T07:10:41Z;1266;;2573
2024-05-09T07:10:43Z;1030;;2337
2024-05-09T07:10:45Z;1315;;2622
2024-05-09T07:10:46Z;1090;;2397
2024-05-09T07:10:48Z;1302;;2609
2024-05-09T07:10:50Z;993;;2300
2024-05-09T07:10:51Z;1307;;2614
2024-05-09T07:10:53Z;978;;2285
2024-05-09T07:11:08Z;1266;;2573
2024-05-09T07:11:12Z;859;;2166
2024-05-09T07:11:13Z;1076;;2383
2024-05-09T07:11:15Z;811;;2118
2024-05-09T07:11:17Z;1088;;2395
2024-05-09T07:11:18Z;824;;2131
2024-05-09T07:11:20Z;1014;;2321
2024-05-09T07:11:22Z;686;;1993
2024-05-09T07:11:23Z;957;1482;2439
2024-05-09T07:11:25Z;622;;2104
2024-05-09T07:11:26Z;907;;2389
2024-05-09T07:11:28Z;557;;2039
2024-05-09T07:11:29Z;770;;2252
2024-05-09T07:11:31Z;498;;1980
2024-05-09T07:11:33Z;747;;2229
2024-05-09T07:11:34Z;491;;1973
2024-05-09T07:11:36Z;691;1805;2296
2024-05-09T07:11:38Z;361;;2166
2024-05-09T07:11:39Z;649;;2454
2024-05-09T07:11:46Z;288;;2093
2024-05-09T07:11:47Z;520;;2325
2024-05-09T07:11:48Z;278;;2083
2024-05-09T07:11:49Z;569;;2374
2024-05-09T07:11:51Z;267;;2072
2024-05-09T07:11:52Z;554;;2359
2024-05-09T07:11:54Z;262;;2067
2024-05-09T07:11:55Z;557;;2362
2024-05-09T07:11:57Z;261;;2066
2024-05-09T07:11:58Z;554;;2359
2024-05-09T07:12:00Z;266;;2071
2024-05-09T07:12:01Z;508;;2313
2024-05-09T07:12:03Z;278;;2083
2024-05-09T07:12:05Z;329;;2134
2024-05-09T07:12:06Z;329;;2134
2024-05-09T07:12:08Z;-1343;;462
2024-05-09T07:12:09Z;-1363;;442
2024-05-09T07:12:11Z;-1331;;474
2024-05-09T07:12:26Z;-1311;;494
2024-05-09T07:12:27Z;-923;;882
2024-05-09T07:12:28Z;-1198;1505;607
2024-05-09T07:12:30Z;-853;;652
2024-05-09T07:12:32Z;-1132;;373
2024-05-09T07:12:33Z;-829;;676
2024-05-09T07:12:34Z;-767;;738
2024-05-09T07:12:39Z;-1007;;498
2024-05-09T07:12:41Z;-658;;847
2024-05-09T07:12:42Z;-971;;534
2024-05-09T07:12:44Z;;1193;222
2024-05-09T07:12:52Z;-868;;325
2024-05-09T07:12:54Z;-857;;336
2024-05-09T07:12:55Z;-857;;336
2024-05-09T07:12:57Z;-526;;667
2024-05-09T07:12:59Z;-519;;674
2024-05-09T07:13:00Z;-515;;678
2024-05-09T07:13:01Z;-840;;353
2024-05-09T07:13:03Z;-505;;688
2024-05-09T07:13:04Z;-860;;333
2024-05-09T07:13:06Z;-531;;662
2024-05-09T07:13:08Z;-869;;324
2024-05-09T07:13:09Z;-547;;646
2024-05-09T07:13:11Z;-868;;325
2024-05-09T07:13:13Z;-539;;654
2024-05-09T07:13:15Z;-536;;657
2024-05-09T07:13:19Z;-521;;672
2024-05-09T07:13:20Z;-850;;343
2024-05-09T07:13:22Z;-518;;675
2024-05-09T07:13:24Z;-834;;359
2024-05-09T07:13:25Z;-510;;683
2024-05-09T07:13:27Z;-827;;366
2024-05-09T07:13:29Z;-505;;688
2024-05-09T07:13:30Z;-825;;368
2024-05-09T07:13:45Z;-817;;376
2024-05-09T07:13:46Z;-490;;703
2024-05-09T07:13:47Z;-498;;695
2024-05-09T07:13:48Z;-493;;700
2024-05-09T07:13:49Z;-821;;372
2024-05-09T07:13:51Z;-497;;696
2024-05-09T07:13:52Z;-824;;369
2024-05-09T07:13:54Z;-506;;687
2024-05-09T07:13:56Z;-511;;682
2024-05-09T07:13:57Z;-511;;682
2024-05-09T07:13:59Z;-832;;361
2024-05-09T07:14:02Z;-846;;347
2024-05-09T07:14:03Z;-534;;659
2024-05-09T07:14:05Z;-862;;331
2024-05-09T07:14:06Z;-549;;644
2024-05-09T07:14:08Z;-873;;320
2024-05-09T07:14:09Z;-586;;607
2024-05-09T07:14:11Z;-892;;301
2024-05-09T07:14:13Z;-574;;619
2024-05-09T07:14:14Z;-884;;309
2024-05-09T07:14:23Z;-937;;256
2024-05-09T07:14:24Z;-632;;561
2024-05-09T07:14:25Z;-953;;240
2024-05-09T07:14:26Z;-668;;525
2024-05-09T07:14:27Z;-960;;233
2024-05-09T07:14:29Z;-652;;541
2024-05-09T07:14:30Z;-949;;244
2024-05-09T07:14:32Z;-655;;538
2024-05-09T07:14:34Z;-981;;212
2024-05-09T07:14:35Z;-660;;533
2024-05-09T07:14:37Z;-979;;214
2024-05-09T07:14:38Z;-661;;532
2024-05-09T07:14:40Z;-982;;211
2024-05-09T07:14:41Z;-683;;510
2024-05-09T07:14:43Z;-981;;212
2024-05-09T07:14:45Z;-671;;522
2024-05-09T07:14:46Z;-962;;231
2024-05-09T07:14:48Z;-659;;534
2024-05-09T07:15:03Z;-993;;200
2024-05-09T07:15:04Z;;1254;261
2024-05-09T07:15:06Z;-710;;544
2024-05-09T07:15:11Z;-756;;498
2024-05-09T07:15:12Z;-1074;;180
2024-05-09T07:15:13Z;-788;;466
2024-05-09T07:15:14Z;-1131;;123
2024-05-09T07:15:16Z;-816;;438
2024-05-09T07:15:17Z;-1161;;93
2024-05-09T07:15:18Z;-856;;398
2024-05-09T07:15:19Z;-1204;;50
2024-05-09T07:15:20Z;;1510;306
2024-05-09T07:15:23Z;-905;;605
2024-05-09T07:15:24Z;-905;;605
2024-05-09T07:15:25Z;-1237;;273
2024-05-09T07:15:27Z;-1247;;263
2024-05-09T07:15:28Z;-1276;;234
2024-05-09T07:15:29Z;-974;;536
2024-05-09T07:15:30Z;-1310;;200
2024-05-09T07:15:31Z;-1026;;484
2024-05-09T07:15:33Z;-1358;;152
2024-05-09T07:15:34Z;-1467;;43
2024-05-09T07:15:35Z;-1475;;35
2024-05-09T07:15:36Z;-1480;;30
2024-05-09T07:15:38Z;-1190;;320
2024-05-09T07:15:39Z;-1199;;311
2024-05-09T07:15:41Z;-1227;;283
2024-05-09T07:15:42Z;-1243;;267
2024-05-09T07:15:44Z;-1264;1810;567
2024-05-09T07:15:48Z;-1311;;499
2024-05-09T07:15:53Z;-1716;;94
2024-05-09T07:15:55Z;-1417;;393
2024-05-09T07:15:56Z;-1751;;59
2024-05-09T07:15:58Z;-1523;;287
2024-05-09T07:16:03Z;;2101;578
2024-05-09T07:16:22Z;-2105;;-4
2024-05-09T07:16:43Z;-2056;;45
2024-05-09T07:16:51Z;;2049;-7
2024-05-09T07:16:55Z;-1800;;249
2024-05-09T07:17:07Z;;1797;-3
2024-05-09T07:17:45Z;;1848;48
2024-05-09T07:17:56Z;-1823;;25
2024-05-09T07:18:06Z;-1809;;39
2024-05-09T07:18:25Z;;1793;-16
2024-05-09T07:18:37Z;;1836;27
2024-05-09T07:18:59Z;-1839;;-3
2024-05-09T07:19:17Z;;2092;253
2024-05-09T07:20:24Z;;2044;205
2024-05-09T07:20:31Z;-1793;;251
2024-05-09T07:20:39Z;;1809;16
2024-05-09T07:20:52Z;-1490;;319
2024-05-09T07:21:11Z;-1377;;432
2024-05-09T07:21:14Z;-1573;;236
2024-05-09T07:21:17Z;-1398;;411
2024-05-09T07:21:36Z;;1837;439
2024-05-09T07:21:41Z;-1797;;40
2024-05-09T07:22:04Z;-1748;;89
2024-05-09T07:22:08Z;;1796;48
2024-05-09T07:22:16Z;-1501;;295
2024-05-09T07:22:25Z;;1497;-4
2024-05-09T07:23:12Z;;1520;19
2024-05-09T07:23:17Z;-1510;;10
2024-05-09T07:23:26Z;;1821;311
2024-05-09T07:23:30Z;-1796;;25
2024-05-09T07:23:49Z;-1756;;65
2024-05-09T07:23:52Z;;1783;27
2024-05-09T07:24:13Z;-369;;1414
2024-05-09T07:24:56Z;-1512;;271
2024-05-09T07:25:14Z;;1808;296
2024-05-09T07:25:35Z;-1784;;24
2024-05-09T07:25:44Z;;2114;330
2024-05-09T07:26:18Z;;2061;277
2024-05-09T07:26:26Z;-1762;;299
2024-05-09T07:26:50Z;;1797;35
2024-05-09T07:27:06Z;;1856;94
2024-05-09T07:27:12Z;-1811;;45
2024-05-09T07:27:18Z;;2116;305
2024-05-09T07:27:25Z;-2102;;14
2024-05-09T07:27:48Z;-2092;;24
2024-05-09T07:28:08Z;;2074;-18
2024-05-09T07:29:28Z;;1793;-299
2024-05-09T07:30:00Z;-1608;;185
2024-05-09T07:30:02Z;;1840;232
2024-05-09T07:30:04Z;;1815;207
2024-05-09T07:30:11Z;;1813;205
2024-05-09T07:30:12Z;;1548;-60
2024-05-09T07:30:20Z;-1443;;105
2024-05-09T07:30:21Z;-1167;;381
2024-05-09T07:30:22Z;;1506;339
2024-05-09T07:30:25Z;-1231;;275
2024-05-09T07:30:45Z;-1500;;6
2024-05-09T07:31:21Z;;1787;287
2024-05-09T07:31:41Z;;1842;342
2024-05-09T07:32:04Z;;1808;308
2024-05-09T07:32:05Z;;1503;3
2024-05-09T07:32:10Z;-1491;;12
2024-05-09T07:32:29Z;;1797;306
2024-05-09T07:33:22Z;-1818;;-21
2024-05-09T07:33:24Z;;2110;292
2024-05-09T07:33:52Z;;2016;198
2024-05-09T07:33:55Z;-1757;;259
2024-05-09T07:33:57Z;;1776;19
2024-05-09T07:34:05Z;;1841;84
2024-05-09T07:34:07Z;-1814;;27
2024-05-09T07:34:10Z;;2108;294
2024-05-09T07:35:03Z;-2100;;8
2024-05-09T07:35:29Z;-2065;;43
2024-05-09T07:35:59Z;-2112;;-4
2024-05-09T07:36:15Z;-2402;;-294
2024-05-09T07:36:32Z;-2365;;-257
2024-05-09T07:36:37Z;;2370;5
2024-05-09T07:36:40Z;-2113;;257
2024-05-09T07:36:44Z;-2146;;224
2024-05-09T07:36:46Z;;2406;260
2024-05-09T07:36:48Z;-2402;;4
2024-05-09T07:37:18Z;-2380;;26
2024-05-09T07:37:23Z;-2039;;367
2024-05-09T07:37:25Z;-1839;;567
2024-05-09T07:37:26Z;;2076;237
2024-05-09T07:37:28Z;;1788;-51
2024-05-09T07:37:29Z;-1542;;246
2024-05-09T07:37:34Z;;1488;-54
2024-05-09T07:37:42Z;;1519;-23
2024-05-09T07:37:46Z;-1515;;4
2024-05-09T07:37:50Z;;1757;242
2024-05-09T07:37:53Z;-1798;;-41
2024-05-09T07:37:56Z;;2073;275
2024-05-09T07:37:58Z;-2174;;-101
2024-05-09T07:38:10Z;;2384;210
2024-05-09T07:38:14Z;-2412;;-28
2024-05-09T07:38:57Z;-2365;;19
2024-05-09T07:38:58Z;-2367;;17
2024-05-09T07:39:01Z;;1226;-1141
2024-05-09T07:39:03Z;;2487;120
2024-05-09T07:39:04Z;-2395;;92
2024-05-09T07:39:31Z;;2402;7
2024-05-09T07:39:55Z;-2089;;313
2024-05-09T07:40:03Z;;2084;-5
2024-05-09T07:40:08Z;-1794;;290
2024-05-09T07:40:15Z;-1861;;223
2024-05-09T07:40:23Z;-1789;;295
2024-05-09T07:40:26Z;-1870;;214
2024-05-09T07:40:29Z;-1777;;307
2024-05-09T07:40:31Z;;1832;55
2024-05-09T07:40:35Z;;1895;118
2024-05-09T07:40:36Z;;1998;221
2024-05-09T07:40:39Z;-1921;;77
2024-05-09T07:40:50Z;;2062;141
2024-05-09T07:40:59Z;-1801;;261
2024-05-09T07:41:17Z;;2093;292
2024-05-09T07:41:19Z;-1781;;312
2024-05-09T07:41:21Z;;1840;59
2024-05-09T07:41:25Z;;1786;5
2024-05-09T07:41:28Z;-1795;;-9
2024-05-09T07:41:32Z;;2045;250
2024-05-09T07:41:37Z;-1821;2031;236
2024-05-09T07:41:41Z;-1763;;268
2024-05-09T07:41:43Z;;2134;371
2024-05-09T07:41:45Z;-2118;;16
2024-05-09T07:41:48Z;;2425;307
2024-05-09T07:42:05Z;-2172;2364;246
2024-05-09T07:42:08Z;;2056;-116
2024-05-09T07:42:12Z;;2102;-70
2024-05-09T07:42:14Z;-2189;;-87
2024-05-09T07:42:17Z;;2396;207
2024-05-09T07:43:50Z;;2360;171
2024-05-09T07:43:51Z;;1416;-773
2024-05-09T07:43:52Z;-1605;;-189
2024-05-09T07:43:55Z;;1589;-16
2024-05-09T07:43:56Z;;1845;240
2024-05-09T07:43:57Z;;2271;666
2024-05-09T07:43:58Z;-1925;;346
2024-05-09T07:43:59Z;-2136;;135
2024-05-09T07:44:00Z;-2066;;205
2024-05-09T07:44:01Z;;2044;-22
2024-05-09T07:44:04Z;-1734;;310
2024-05-09T07:44:05Z;-1419;;625
2024-05-09T07:44:06Z;;1765;346
2024-05-09T07:44:08Z;;1451;32
2024-05-09T07:44:09Z;-1163;;288
2024-05-09T07:44:23Z;;1174;11
2024-05-09T07:44:27Z;-881;;293
2024-05-09T07:44:34Z;-934;;240
2024-05-09T07:44:39Z;;1227;293
2024-05-09T07:44:44Z;-1220;;7
2024-05-09T07:44:46Z;;1514;294
2024-05-09T07:44:48Z;-1590;;-76
2024-05-09T07:44:51Z;-1833;1884;-319
2024-05-09T07:44:53Z;;2127;294
2024-05-09T07:45:09Z;-2187;;-60
2024-05-09T07:45:10Z;;2513;326
2024-05-09T07:46:46Z;;2325;138
2024-05-09T07:46:49Z;-2046;;279
2024-05-09T07:46:50Z;;2077;31
2024-05-09T07:46:56Z;;2159;113
2024-05-09T07:47:02Z;-2125;2513;467
2024-05-09T07:47:09Z;-2108;2391;266
2024-05-09T07:47:11Z;-1682;1945;-163
2024-05-09T07:47:12Z;;1740;58
2024-05-09T07:47:13Z;-1236;;504
2024-05-09T07:47:16Z;-845;1301;895
2024-05-09T07:47:18Z;;1144;299
2024-05-09T07:47:54Z;;903;58
2024-05-09T07:48:18Z;;941;96
2024-05-09T07:48:30Z;;902;57
2024-05-09T07:49:35Z;;939;94
2024-05-09T07:49:43Z;-901;;38
2024-05-09T07:49:49Z;;1264;363
2024-05-09T07:49:50Z;-1258;;6
2024-05-09T07:49:53Z;;1469;211
2024-05-09T07:49:55Z;-1555;;-86
2024-05-09T07:49:58Z;-1884;1812;-415
2024-05-09T07:50:01Z;;2154;270
2024-05-09T07:50:05Z;-2115;;39
2024-05-09T07:50:23Z;;2416;301
2024-05-09T07:50:29Z;-2397;;19
2024-05-09T07:50:33Z;-2085;2284;-113
2024-05-09T07:50:36Z;-1827;2075;-10
2024-05-09T07:50:37Z;;1773;-54
2024-05-09T07:50:38Z;-1476;;297
2024-05-09T07:50:41Z;-1202;1467;571
2024-05-09T07:50:45Z;-1163;;304
2024-05-09T07:50:52Z;-1149;;318
2024-05-09T07:51:00Z;;1193;44
2024-05-09T07:51:06Z;-1050;;143
2024-05-09T07:51:08Z;-961;;232
2024-05-09T07:51:15Z;-1098;1284;323
2024-05-09T07:51:16Z;-1411;1520;422
2024-05-09T07:51:18Z;;1920;509
2024-05-09T07:51:20Z;-1498;1743;332
2024-05-09T07:51:27Z;;1485;-13
2024-05-09T07:51:41Z;-1959;;-474
2024-05-09T07:51:42Z;;1979;20
2024-05-09T07:51:43Z;;1680;-279
2024-05-09T07:51:45Z;-1424;;256
2024-05-09T07:51:46Z;-1528;;152
2024-05-09T07:51:47Z;;1819;291
2024-05-09T07:51:48Z;-1841;;-22
2024-05-09T07:51:50Z;-1733;;86
2024-05-09T07:51:51Z;;2108;375
2024-05-09T07:51:53Z;;2031;298
2024-05-09T07:51:54Z;;1759;26
2024-05-09T07:51:55Z;-1274;;485
2024-05-09T07:51:58Z;;1405;131
2024-05-09T07:52:00Z;;1161;-113
2024-05-09T07:52:06Z;-902;;259
2024-05-09T07:52:36Z;;902;0
2024-05-09T07:53:00Z;464;;1366
2024-05-09T07:53:48Z;;936;1400
2024-05-09T07:53:55Z;;1187;1651
2024-05-09T07:53:56Z;-902;;285
2024-05-09T07:53:59Z;-849;1250;338
2024-05-09T07:54:03Z;-500;;750
2024-05-09T07:54:18Z;;2072;1572
2024-05-09T07:54:21Z;-1515;;557
2024-05-09T07:54:22Z;-2114;;-42
2024-05-09T07:54:26Z;-2068;;4
2024-05-09T07:54:30Z;;2111;43
2024-05-09T07:54:31Z;-1736;;375
2024-05-09T07:54:33Z;-1433;;678
2024-05-09T07:54:34Z;;1910;477
2024-05-09T07:54:35Z;-1109;;801
2024-05-09T07:54:38Z;;1576;467
2024-05-09T07:54:50Z;;1199;90
2024-05-09T07:54:54Z;;1234;125
2024-05-09T07:54:59Z;;1225;116
2024-05-09T07:55:04Z;-858;;367
2024-05-09T07:56:14Z;;1184;326
2024-05-09T07:56:15Z;-895;;289
2024-05-09T07:56:18Z;-1307;;-123
2024-05-09T07:56:21Z;;1634;327
2024-05-09T07:56:23Z;;1529;222
2024-05-09T07:56:24Z;-1052;;477
2024-05-09T07:56:35Z;-938;1202;150
2024-05-09T07:57:03Z;;900;-38
2024-05-09T07:57:29Z;;951;13
2024-05-09T07:57:54Z;;901;-37
2024-05-09T07:58:16Z;-602;;299
2024-05-09T07:58:46Z;-651;;250
2024-05-09T07:58:51Z;;957;306
2024-05-09T07:58:56Z;-874;;83
2024-05-09T07:58:58Z;;1173;299
2024-05-09T07:59:03Z;-1239;;-66
2024-05-09T07:59:06Z;;1524;285
2024-05-09T07:59:16Z;-1264;;260
2024-05-09T07:59:31Z;;1454;190
2024-05-09T07:59:35Z;-2140;;-686
2024-05-09T07:59:37Z;-2094;;-640
2024-05-09T07:59:39Z;-2078;;-624
2024-05-09T07:59:41Z;;2410;332
2024-05-09T07:59:47Z;-2416;;-6
2024-05-09T07:59:50Z;;2697;281
2024-05-09T07:59:56Z;-2398;2665;249
2024-05-09T07:59:59Z;-2196;;469
2024-05-09T08:00:01Z;-2406;;259
2024-05-09T08:00:02Z;;2366;-40
2024-05-09T08:00:04Z;;2107;-299
2024-05-09T08:00:08Z;-1817;2496;90
2024-05-09T08:00:10Z;-1540;;956
2024-05-09T08:00:12Z;-1655;;841
2024-05-09T08:00:14Z;;1701;46
2024-05-09T08:00:15Z;;1835;180
2024-05-09T08:00:16Z;-2131;;-296
2024-05-09T08:00:19Z;-2037;2393;-202
2024-05-09T08:00:21Z;;2343;306
2024-05-09T08:00:22Z;;2046;9
2024-05-09T08:00:23Z;-1831;;215
2024-05-09T08:00:24Z;-1789;;257
2024-05-09T08:00:27Z;-1764;;282
2024-05-09T08:00:50Z;;1773;9
2024-05-09T08:00:53Z;;1229;-535
2024-05-09T08:01:03Z;;1188;-576
2024-05-09T08:01:06Z;;1245;-519
2024-05-09T08:01:20Z;-1248;1474;-290
2024-05-09T08:01:24Z;-1533;;-59
2024-05-09T08:01:27Z;-1780;1802;-306
2024-05-09T08:01:29Z;;2145;365
2024-05-09T08:01:30Z;;2434;654
2024-05-09T08:01:31Z;-2184;;250
2024-05-09T08:01:34Z;-2414;;20
2024-05-09T08:01:37Z;;2710;296
2024-05-09T08:02:08Z;-2333;;377
2024-05-09T08:03:59Z;-2359;;351
2024-05-09T08:04:00Z;-2251;;459
2024-05-09T08:04:02Z;;2562;311
2024-05-09T08:04:04Z;;2383;132
2024-05-09T08:04:06Z;;2322;71
2024-05-09T08:04:07Z;-1965;;357
2024-05-09T08:04:09Z;-2433;2693;728
2024-05-09T08:05:01Z;;2681;248
2024-05-09T08:05:04Z;-2465;;216
2024-05-09T08:05:06Z;;2517;52
2024-05-09T08:05:07Z;-2122;;395
2024-05-09T08:05:09Z;-1714;1987;-135
2024-05-09T08:05:11Z;-1449;;538
2024-05-09T08:05:13Z;-1228;;759
2024-05-09T08:05:14Z;;1592;364
2024-05-09T08:05:16Z;;1183;-45
2024-05-09T08:05:18Z;-900;;283
2024-05-09T08:05:35Z;;900;0
2024-05-09T08:07:08Z;;941;41
2024-05-09T08:07:22Z;-897;;44
2024-05-09T08:07:23Z;-1117;;-176
2024-05-09T08:07:25Z;-1365;1512;395
2024-05-09T08:07:27Z;;1823;458
2024-05-09T08:07:28Z;-1684;;139
2024-05-09T08:07:30Z;-2084;;-261
2024-05-09T08:07:31Z;;1991;-93
2024-05-09T08:07:32Z;-2481;;-490
2024-05-09T08:07:35Z;;2443;-38
2024-05-09T08:07:36Z;;2791;310
2024-05-09T08:07:40Z;;2704;223
2024-05-09T08:07:47Z;;2734;253
2024-05-09T08:07:54Z;-2711;;23
2024-05-09T08:08:11Z;-2662;;72
2024-05-09T08:09:08Z;;1492;-1170
2024-05-09T08:09:09Z;;2803;141
2024-05-09T08:11:52Z;-2708;;95
2024-05-09T08:12:52Z;-2654;;149
2024-05-09T08:12:55Z;;2769;115
2024-05-09T08:12:56Z;-2448;;321
2024-05-09T08:12:59Z;-2385;;384
2024-05-09T08:13:09Z;-2398;;371
2024-05-09T08:13:12Z;-2135;2379;-19
2024-05-09T08:13:13Z;;2238;103
2024-05-09T08:13:14Z;-1815;;423
2024-05-09T08:13:18Z;-1780;;458
2024-05-09T08:13:21Z;;2133;353
2024-05-09T08:13:22Z;-2130;;3
2024-05-09T08:13:24Z;-2544;;-411
2024-05-09T08:13:25Z;;2292;-252
2024-05-09T08:13:26Z;;2720;176
2024-05-09T08:13:29Z;-2711;;9
2024-05-09T08:13:38Z;-2684;;36
2024-05-09T08:14:36Z;-2762;;-42
2024-05-09T08:15:13Z;-2798;;-78
2024-05-09T08:16:15Z;-2647;;73
2024-05-09T08:16:16Z;-2728;;-8
2024-05-09T08:16:39Z;;2763;35
2024-05-09T08:16:41Z;-2559;;204
2024-05-09T08:16:42Z;-2387;2290;-269
2024-05-09T08:16:43Z;-2099;;191
2024-05-09T08:16:44Z;-1955;1973;-126
2024-05-09T08:16:45Z;-1568;;405
2024-05-09T08:16:47Z;-1226;;747
2024-05-09T08:16:50Z;;1770;544
2024-05-09T08:16:52Z;;1578;352
2024-05-09T08:16:53Z;;1269;43
2024-05-09T08:16:54Z;;1164;-62
2024-05-09T08:16:55Z;-1142;;22
2024-05-09T08:16:57Z;-1403;;-239
2024-05-09T08:16:59Z;;1490;87
2024-05-09T08:17:00Z;;1745;342
2024-05-09T08:17:01Z;;2113;710
2024-05-09T08:17:04Z;;2835;1432
2024-05-09T08:17:06Z;-2051;;784
2024-05-09T08:17:08Z;-2567;;268
2024-05-09T08:17:09Z;-2697;;138
2024-05-09T08:19:56Z;-2697;;138
2024-05-09T08:20:35Z;;2630;-67
2024-05-09T08:20:44Z;;2751;54
2024-05-09T08:21:03Z;-2736;;15
2024-05-09T08:21:22Z;-2689;;62
2024-05-09T08:21:26Z;;2673;-16
2024-05-09T08:21:46Z;-2630;;43
2024-05-09T08:21:49Z;-2745;;-72
2024-05-09T08:22:11Z;;2998;253
2024-05-09T08:23:49Z;;2953;208
2024-05-09T08:24:23Z;-2676;;277
2024-05-09T08:26:06Z;-2680;;273
2024-05-09T08:26:07Z;-2732;;221
2024-05-09T08:30:00Z;-2767;;186
2024-05-09T08:30:04Z;;2948;181
2024-05-09T08:35:38Z;-2673;;275
2024-05-09T08:35:41Z;-2731;;217
2024-05-09T08:36:09Z;-2607;;341
2024-05-09T08:36:11Z;-2293;;655
2024-05-09T08:36:12Z;-2188;2623;760
2024-05-09T08:36:14Z;;2336;148
2024-05-09T08:36:15Z;;2099;-89
2024-05-09T08:36:21Z;;2152;-36
2024-05-09T08:36:22Z;-2193;;-41
2024-05-09T08:36:24Z;;2412;219
2024-05-09T08:36:31Z;;2348;155
2024-05-09T08:36:33Z;-2291;;57
2024-05-09T08:36:36Z;-2648;2515;-300
2024-05-09T08:36:38Z;;2665;17
2024-05-09T08:36:46Z;;3000;352
2024-05-09T08:36:51Z;;2957;309
2024-05-09T08:36:57Z;;3013;365
2024-05-09T08:37:01Z;;2956;308
2024-05-09T08:37:02Z;;3023;375
2024-05-09T08:37:12Z;;2972;324
2024-05-09T08:37:28Z;;2895;247
2024-05-09T08:37:30Z;;2813;165
2024-05-09T08:37:32Z;;3015;367
2024-05-09T08:37:33Z;-2808;;207
2024-05-09T08:37:34Z;-2770;2852;44
2024-05-09T08:37:35Z;;2668;-102
2024-05-09T08:37:38Z;-2303;;365
2024-05-09T08:37:42Z;-2444;;224
2024-05-09T08:37:45Z;-2398;;270
2024-05-09T08:37:48Z;-2372;;296
2024-05-09T08:37:51Z;;2756;384
2024-05-09T08:37:52Z;-2775;;-19
2024-05-09T08:37:55Z;;3000;225
2024-05-09T08:38:04Z;-2620;2865;90
2024-05-09T08:38:05Z;-2518;2746;126
2024-05-09T08:38:07Z;;2370;-148
2024-05-09T08:38:08Z;-2077;;293
2024-05-09T08:38:12Z;-2204;;166
2024-05-09T08:38:18Z;-2242;;128
2024-05-09T08:38:20Z;-1662;;708
2024-05-09T08:38:21Z;;2287;625
2024-05-09T08:38:22Z;-1708;;579
2024-05-09T08:38:24Z;-1933;;354
2024-05-09T08:38:26Z;;1813;-120
2024-05-09T08:38:30Z;-1440;;373
2024-05-09T08:38:47Z;;1233;-207
2024-05-09T08:38:59Z;;1218;-222
2024-05-09T08:39:02Z;-1213;;5
2024-05-09T08:39:05Z;;1529;316
2024-05-09T08:39:06Z;-1584;;-55
2024-05-09T08:39:08Z;-1815;;-286
2024-05-09T08:39:09Z;;1930;115
2024-05-09T08:39:11Z;;2152;337
2024-05-09T08:39:12Z;-2100;;52
2024-05-09T08:39:14Z;;2404;304
2024-05-09T08:39:16Z;-2513;;-109
2024-05-09T08:39:18Z;-1843;;561
2024-05-09T08:39:19Z;-2729;2740;-325
2024-05-09T08:39:21Z;;3028;299
2024-05-09T08:39:25Z;-3006;;22
2024-05-09T08:39:44Z;-2957;;71
2024-05-09T08:39:47Z;-3036;;-8
2024-05-09T08:39:50Z;-3034;;-6
2024-05-09T08:40:05Z;-2545;;483
2024-05-09T08:40:06Z;-2083;2378;-167
2024-05-09T08:40:07Z;-1713;1989;-94
2024-05-09T08:40:09Z;-1456;;533
2024-05-09T08:40:12Z;-1324;;665
2024-05-09T08:40:15Z;;1391;67
2024-05-09T08:40:17Z;;1210;-114
2024-05-09T08:40:24Z;-901;;309
2024-05-09T08:42:02Z;-896;;314
2024-05-09T08:42:05Z;;1245;349
2024-05-09T08:42:06Z;-1232;;13
2024-05-09T08:42:08Z;;1524;292
2024-05-09T08:42:09Z;-1442;;82
2024-05-09T08:42:11Z;-1356;;168
2024-05-09T08:42:12Z;-1227;;297
2024-05-09T08:42:14Z;;1433;206
2024-05-09T08:42:21Z;;1174;-53
2024-05-09T08:42:24Z;-913;;261
2024-05-09T08:43:34Z;-937;;237
2024-05-09T08:43:43Z;;1217;280
2024-05-09T08:44:00Z;-1211;;6
2024-05-09T08:44:01Z;;1899;688
2024-05-09T08:44:02Z;-1828;;71
2024-05-09T08:44:05Z;;2066;238
2024-05-09T08:44:06Z;-2174;;-108
2024-05-09T08:44:08Z;-2478;;-412
2024-05-09T08:44:09Z;;2478;0
2024-05-09T08:44:10Z;-2726;;-248
2024-05-09T08:44:13Z;;2884;158
2024-05-09T08:44:15Z;;3044;318
2024-05-09T08:44:27Z;-2621;2889;163
2024-05-09T08:44:28Z;;2681;60
2024-05-09T08:44:29Z;-2282;;399
2024-05-09T08:44:33Z;-2495;;186
2024-05-09T08:44:36Z;;2754;259
2024-05-09T08:44:39Z;-2705;;49
2024-05-09T08:44:42Z;;3001;296
2024-05-09T08:44:56Z;;2938;233
2024-05-09T08:45:00Z;-2827;;111
2024-05-09T08:45:04Z;;3002;175
2024-05-09T08:45:18Z;;2851;24
2024-05-09T08:46:00Z;-2971;;-120
2024-05-09T08:46:10Z;-3028;;-177
2024-05-09T08:47:55Z;-2975;;-124
2024-05-09T08:48:49Z;;3003;28
2024-05-09T08:48:52Z;;3091;116
2024-05-09T08:48:58Z;-3038;;53
2024-05-09T08:50:41Z;-2941;;150
2024-05-09T08:51:53Z;-3011;;80
2024-05-09T08:53:09Z;-2965;;126
2024-05-09T08:53:18Z;-2960;;131
2024-05-09T08:53:25Z;-3011;;80
2024-05-09T08:53:30Z;-2953;;138
2024-05-09T08:53:33Z;-3017;;74
2024-05-09T08:54:28Z;-2969;3186;122
2024-05-09T08:54:51Z;-2994;;192
2024-05-09T08:54:56Z;-3046;;140
2024-05-09T08:55:46Z;-2997;;189
2024-05-09T08:55:55Z;-2991;;195
2024-05-09T08:56:00Z;-2592;2842;594
2024-05-09T08:56:01Z;-2365;2617;25
2024-05-09T08:56:03Z;-1971;;646
2024-05-09T08:56:04Z;-1833;;784
2024-05-09T08:56:06Z;;2047;214
2024-05-09T08:56:08Z;;1819;-14
2024-05-09T08:56:10Z;-1421;;398
2024-05-09T08:56:12Z;;1480;59
2024-05-09T08:56:20Z;;1511;90
2024-05-09T08:56:21Z;-1455;;56
2024-05-09T08:56:24Z;;1862;407
2024-05-09T08:56:26Z;;1847;392
2024-05-09T08:56:29Z;-1444;;403
2024-05-09T08:56:30Z;-1514;;333
2024-05-09T08:56:32Z;-2083;2122;608
2024-05-09T08:56:33Z;-2246;2402;319
2024-05-09T08:56:39Z;;2696;450
2024-05-09T08:56:40Z;-2458;;238
2024-05-09T08:56:41Z;-2724;;-28
2024-05-09T08:56:46Z;;3006;282
2024-05-09T08:56:48Z;-3007;;-1
2024-05-09T08:57:05Z;;3301;294
2024-05-09T08:57:19Z;;3242;235
2024-05-09T08:57:30Z;;3305;298
2024-05-09T08:57:39Z;;3239;232
2024-05-09T08:58:03Z;;3302;295
2024-05-09T08:59:09Z;;3188;181
2024-05-09T09:00:00Z;-3073;;115
2024-05-09T09:00:04Z;;3254;181
2024-05-09T09:00:34Z;;3300;227
2024-05-09T09:01:04Z;;3261;188
2024-05-09T09:01:06Z;-2919;;342
2024-05-09T09:01:08Z;;2985;66
2024-05-09T09:01:11Z;;3071;152
2024-05-09T09:01:13Z;-3025;;46
2024-05-09T09:01:15Z;-2994;;77
2024-05-09T09:01:31Z;;2918;-76
2024-05-09T09:01:32Z;-2611;;307
2024-05-09T09:01:35Z;-2349;2726;569
2024-05-09T09:01:37Z;;2393;44
2024-05-09T09:01:39Z;-2142;;251
2024-05-09T09:01:42Z;-1872;2066;-76
2024-05-09T09:01:44Z;;1858;-14
2024-05-09T09:01:45Z;-1572;;286
2024-05-09T09:01:48Z;;1513;-59
2024-05-09T09:01:56Z;;1503;-69
2024-05-09T09:02:19Z;-1570;;-67
2024-05-09T09:02:20Z;-2309;2441;871
2024-05-09T09:02:23Z;-2671;2821;512
2024-05-09T09:02:25Z;;3038;367
2024-05-09T09:02:27Z;-3023;;15
2024-05-09T09:02:33Z;-2949;;89
2024-05-09T09:02:42Z;-3067;;-29
2024-05-09T09:02:45Z;;3302;235
2024-05-09T09:04:00Z;;3222;155
2024-05-09T09:04:05Z;;3313;246
2024-05-09T09:04:08Z;;3232;165
2024-05-09T09:04:09Z;-2986;;246
2024-05-09T09:04:12Z;-3011;;221
2024-05-09T09:04:19Z;-2936;;296
2024-05-09T09:04:21Z;-2556;;676
2024-05-09T09:04:22Z;-2257;3028;771
2024-05-09T09:04:23Z;-1778;;1250
2024-05-09T09:04:24Z;;2496;718
2024-05-09T09:04:25Z;-1291;1531;1205
2024-05-09T09:04:26Z;-1044;1199;487
2024-05-09T09:04:28Z;-881;;318
2024-05-09T09:05:23Z;-917;;282
2024-05-09T09:05:28Z;;1239;322
2024-05-09T09:05:29Z;-1233;;6
2024-05-09T09:05:32Z;-1368;;-129
2024-05-09T09:05:34Z;-1671;;-432
2024-05-09T09:05:35Z;;1571;-100
2024-05-09T09:05:36Z;-2091;;-520
2024-05-09T09:05:38Z;-2476;;-905
2024-05-09T09:05:39Z;;1935;-541
2024-05-09T09:05:40Z;-2796;;-861
2024-05-09T09:05:42Z;-3102;;-1167
2024-05-09T09:05:43Z;;2336;-766
2024-05-09T09:05:45Z;;2743;-359
2024-05-09T09:05:46Z;;3068;-34
2024-05-09T09:05:47Z;;3199;97
2024-05-09T09:07:36Z;;3269;167
2024-05-09T09:09:28Z;-3013;;256
2024-05-09T09:09:30Z;-3024;;245
2024-05-09T09:11:50Z;-2977;;292
2024-05-09T09:12:47Z;-3026;;243
2024-05-09T09:13:19Z;-2734;;535
2024-05-09T09:13:20Z;-3023;;246
2024-05-09T09:15:01Z;-3017;;252
2024-05-09T09:15:04Z;;3157;140
2024-05-09T09:15:46Z;-3020;;137
2024-05-09T09:16:44Z;-2956;;201
2024-05-09T09:16:55Z;-2662;2956;0
2024-05-09T09:16:56Z;-2518;;438
2024-05-09T09:16:57Z;;2679;161
2024-05-09T09:17:02Z;;2399;-119
2024-05-09T09:17:04Z;-2324;2474;-44
2024-05-09T09:17:06Z;;2775;451
2024-05-09T09:17:07Z;-2635;;140
2024-05-09T09:17:09Z;;2995;360
2024-05-09T09:19:37Z;-1596;;1399
2024-05-09T09:19:38Z;-2888;;107
2024-05-09T09:24:34Z;;1595;-1293
2024-05-09T09:24:35Z;;3164;276
2024-05-09T09:30:00Z;-2914;;250
2024-05-09T09:30:05Z;;3196;282
2024-05-09T09:39:39Z;-2647;;549
2024-05-09T09:39:40Z;-2931;;265
2024-05-09T09:39:41Z;-2928;;268
2024-05-09T09:39:43Z;-2990;;206
2024-05-09T09:41:34Z;-3095;;101
2024-05-09T09:45:00Z;-3117;;79
2024-05-09T09:45:04Z;;3248;131
2024-05-09T09:47:51Z;;3300;183
2024-05-09T09:48:36Z;-2812;3253;136
2024-05-09T09:48:43Z;-3055;;198
2024-05-09T09:48:45Z;;3307;252
2024-05-09T09:48:48Z;-2932;3233;178
2024-05-09T09:48:49Z;-2450;2828;-104
2024-05-09T09:48:50Z;-1940;2292;-158
2024-05-09T09:48:52Z;;1747;-193
2024-05-09T09:48:54Z;;1915;-25
2024-05-09T09:48:55Z;-1826;;89
2024-05-09T09:49:00Z;-1794;;121
2024-05-09T09:49:02Z;-1396;;519
2024-05-09T09:49:03Z;;1831;435
2024-05-09T09:49:04Z;-1415;;416
2024-05-09T09:49:06Z;-1884;;-53
2024-05-09T09:49:07Z;;1705;-179
2024-05-09T09:49:08Z;-2230;;-525
2024-05-09T09:49:25Z;;2164;-66
2024-05-09T09:54:44Z;-2617;;-453
2024-05-09T09:54:45Z;-3103;;-939
2024-05-09T09:55:28Z;-3301;;-1137
2024-05-09T09:55:37Z;-3235;;-1071
2024-05-09T09:55:38Z;-3330;;-1166
2024-05-09T09:55:58Z;-2688;3114;-216
2024-05-09T09:55:59Z;-2074;2429;-259
2024-05-09T09:56:00Z;;2117;43
2024-05-09T09:56:01Z;;2020;-54
2024-05-09T09:56:02Z;-1646;1934;374
2024-05-09T09:56:03Z;-1319;;615
2024-05-09T09:56:04Z;;1415;96
2024-05-09T09:56:07Z;-1172;;243
2024-05-09T09:56:09Z;;1185;13
2024-05-09T09:56:19Z;-901;;284
2024-05-09T09:58:12Z;-929;;256
2024-05-09T09:58:44Z;;1203;274
2024-05-09T09:58:49Z;-1298;1485;556
2024-05-09T09:58:51Z;-1716;1758;460
2024-05-09T09:58:52Z;-2491;;-733
2024-05-09T09:58:53Z;;3146;655
2024-05-09T09:58:54Z;;3487;996
2024-05-09T09:58:56Z;-3135;;352
2024-05-09T09:58:57Z;;3294;159
2024-05-09T09:59:00Z;-3315;;-21
2024-05-09T09:59:01Z;-3190;;104
2024-05-09T09:59:02Z;;3506;316
2024-05-09T09:59:04Z;;3670;480
2024-05-09T09:59:05Z;-3362;;308
2024-05-09T09:59:58Z;;3577;215
2024-05-09T09:59:59Z;-3181;;396
2024-05-09T10:00:00Z;-2939;;638
2024-05-09T10:00:02Z;;3215;276
2024-05-09T10:00:05Z;-3472;;-257
2024-05-09T10:00:07Z;;3447;-25
2024-05-09T10:00:10Z;-3075;;372
2024-05-09T10:00:12Z;-2956;;491
2024-05-09T10:00:13Z;-2637;;810
2024-05-09T10:00:17Z;-2336;3376;739
2024-05-09T10:00:18Z;;3272;936
2024-05-09T10:00:19Z;;2995;659
2024-05-09T10:00:21Z;-2536;;459
2024-05-09T10:00:22Z;-2359;;636
2024-05-09T10:00:23Z;;3081;722
2024-05-09T10:00:24Z;;2937;578
2024-05-09T10:00:25Z;;2679;320
2024-05-09T10:00:27Z;;2785;426
2024-05-09T10:00:28Z;-2211;2685;326
2024-05-09T10:00:29Z;-2454;2352;141
2024-05-09T10:00:30Z;;1976;-478
2024-05-09T10:00:31Z;;2211;-243
2024-05-09T10:00:33Z;-2315;;-104
2024-05-09T10:00:34Z;-2006;;205
2024-05-09T10:00:35Z;;2543;537
2024-05-09T10:00:36Z;-1787;;756
2024-05-09T10:00:39Z;;2314;527
2024-05-09T10:00:41Z;;2013;226
2024-05-09T10:00:42Z;;1778;-9
2024-05-09T10:00:43Z;;1837;50
2024-05-09T10:00:44Z;-1721;1764;116
2024-05-09T10:00:45Z;;1837;116
2024-05-09T10:00:46Z;-2060;;-223
2024-05-09T10:00:48Z;-2594;;-757
2024-05-09T10:00:49Z;-2852;2155;-1015
2024-05-09T10:00:50Z;-3063;;-908
2024-05-09T10:00:51Z;;2591;-472
2024-05-09T10:00:52Z;;2918;-145
2024-05-09T10:00:53Z;;3129;66
2024-05-09T10:00:54Z;;3336;273
2024-05-09T10:00:55Z;-3378;3544;-42
2024-05-09T10:00:57Z;;2856;-522
2024-05-09T10:01:12Z;;2662;-716
2024-05-09T10:01:13Z;-2212;2883;450
2024-05-09T10:01:15Z;;2594;382
2024-05-09T10:01:16Z;;2403;191
2024-05-09T10:01:17Z;-1639;;764
2024-05-09T10:01:18Z;-1233;;1170
2024-05-09T10:01:20Z;;1841;608
2024-05-09T10:01:21Z;;1384;151
2024-05-09T10:01:22Z;;1209;-24
2024-05-09T10:01:30Z;-906;;303
2024-05-09T10:01:45Z;;902;-4
2024-05-09T10:03:06Z;;937;31
2024-05-09T10:03:13Z;-1006;;-69
2024-05-09T10:03:15Z;-1226;;-289
2024-05-09T10:03:16Z;;1150;-76
2024-05-09T10:03:18Z;-1576;;-426
2024-05-09T10:03:20Z;-1935;1443;-785
2024-05-09T10:03:22Z;;1881;-54
2024-05-09T10:03:23Z;;2192;257
2024-05-09T10:03:24Z;-2171;;21
2024-05-09T10:03:25Z;-2471;;-279
2024-05-09T10:03:27Z;;2494;23
2024-05-09T10:03:28Z;;3044;573
2024-05-09T10:03:29Z;-2774;;270
2024-05-09T10:03:30Z;-3059;;-15
2024-05-09T10:03:32Z;-3329;3385;-285
2024-05-09T10:03:58Z;-3290;;95
2024-05-09T10:04:03Z;;3272;-18
2024-05-09T10:04:05Z;-2919;;353
2024-05-09T10:04:07Z;-2747;;525
2024-05-09T10:04:08Z;;2994;247
2024-05-09T10:04:10Z;-2713;;281
2024-05-09T10:04:12Z;-3000;3092;379
2024-05-09T10:04:14Z;;3327;327
2024-05-09T10:04:17Z;;3205;205
2024-05-09T10:04:20Z;;3388;388
2024-05-09T10:04:24Z;;3298;298
2024-05-09T10:04:26Z;-2924;;374
2024-05-09T10:04:27Z;-2764;;534
2024-05-09T10:04:29Z;;2954;190
2024-05-09T10:04:30Z;-2287;;667
2024-05-09T10:04:31Z;-1964;;990
2024-05-09T10:04:33Z;;2772;808
2024-05-09T10:04:35Z;;2212;248
2024-05-09T10:04:36Z;-1470;;742
2024-05-09T10:04:38Z;-1453;;759
2024-05-09T10:04:39Z;;1640;187
2024-05-09T10:04:40Z;;1427;-26
2024-05-09T10:04:41Z;-1795;1425;-368
2024-05-09T10:04:42Z;-1973;;-548
2024-05-09T10:04:46Z;-2472;;-1047
2024-05-09T10:04:47Z;-2803;;-1378
2024-05-09T10:04:48Z;;1772;-1031
2024-05-09T10:04:49Z;;2026;-777
2024-05-09T10:04:50Z;;2553;-250
2024-05-09T10:04:51Z;;2730;-73
2024-05-09T10:04:52Z;-3030;;-300
2024-05-09T10:05:08Z;-2312;2556;-474
2024-05-09T10:05:09Z;;2197;-115
2024-05-09T10:05:10Z;-1775;;422
2024-05-09T10:05:12Z;-1854;;343
2024-05-09T10:05:13Z;-2140;2148;294
2024-05-09T10:05:15Z;-2786;;-638
2024-05-09T10:05:17Z;;2388;-398
2024-05-09T10:05:18Z;-3351;3118;332
2024-05-09T10:05:19Z;;3455;104
2024-05-09T10:05:46Z;-3287;;168
2024-05-09T10:05:55Z;;3252;-35
2024-05-09T10:05:56Z;-2904;;348
2024-05-09T10:05:57Z;-2655;;597
2024-05-09T10:05:59Z;-2312;2874;940
2024-05-09T10:06:01Z;;2615;303
2024-05-09T10:06:02Z;;2701;389
2024-05-09T10:06:03Z;-2314;;387
2024-05-09T10:06:04Z;-2639;;62
2024-05-09T10:06:06Z;-3016;3081;442
2024-05-09T10:06:11Z;;3388;372
2024-05-09T10:06:26Z;-2515;3217;201
2024-05-09T10:06:28Z;;2791;276
2024-05-09T10:06:29Z;-3113;;-322
2024-05-09T10:06:30Z;;3062;-51
2024-05-09T10:06:31Z;;3265;152
2024-05-09T10:06:32Z;-3400;;-135
2024-05-09T10:09:35Z;-3253;;12
2024-05-09T10:09:36Z;-3342;;-77
2024-05-09T10:09:49Z;-3283;;-18
2024-05-09T10:09:51Z;-3352;;-87
2024-05-09T10:11:08Z;-3249;;16
2024-05-09T10:11:09Z;-3306;;-41
2024-05-09T10:12:41Z;-3260;;5
2024-05-09T10:13:00Z;;3260;0
2024-05-09T10:13:01Z;;3366;106
2024-05-09T10:14:39Z;;3298;38
2024-05-09T10:14:50Z;;3345;85
2024-05-09T10:15:00Z;-3197;;148
2024-05-09T10:15:04Z;;3350;153
2024-05-09T10:22:34Z;;3192;-5
2024-05-09T10:22:35Z;;3327;130
2024-05-09T10:24:52Z;-3058;;269
2024-05-09T10:24:54Z;-3103;;224
2024-05-09T10:24:57Z;;3245;142
2024-05-09T10:24:59Z;;3320;217
2024-05-09T10:27:00Z;-3108;;212
2024-05-09T10:27:02Z;-3027;;293
2024-05-09T10:27:36Z;;3282;255
2024-05-09T10:28:44Z;;3320;293
2024-05-09T10:30:00Z;-3141;;179
2024-05-09T10:30:04Z;;3336;195
2024-05-09T10:38:23Z;-2970;3271;130
2024-05-09T10:38:24Z;-3187;3327;357
2024-05-09T10:39:57Z;;3329;142
2024-05-09T10:39:59Z;;2057;-1130
2024-05-09T10:40:00Z;;3267;80
2024-05-09T10:40:02Z;;3388;201
2024-05-09T10:45:08Z;-3128;3364;236
2024-05-09T10:46:31Z;-2984;;380
2024-05-09T10:46:59Z;-3032;;332
2024-05-09T10:47:01Z;-2974;;390
2024-05-09T10:47:02Z;-3055;;309
2024-05-09T10:47:37Z;-2937;;427
2024-05-09T10:47:38Z;-3036;;328
2024-05-09T10:47:40Z;;2878;-158
2024-05-09T10:47:42Z;;3356;320
2024-05-09T10:48:41Z;-2969;;387
2024-05-09T10:48:42Z;-3042;;314
2024-05-09T10:55:02Z;-2992;;364
2024-05-09T10:55:03Z;;3253;261
2024-05-09T10:55:06Z;-3074;3332;340
2024-05-09T11:00:04Z;-3156;;176
2024-05-09T11:00:08Z;;3368;212
2024-05-09T11:04:54Z;-2999;3210;54
2024-05-09T11:04:55Z;-3058;;152
2024-05-09T11:04:56Z;;3300;242
2024-05-09T11:05:49Z;;3234;176
2024-05-09T11:05:51Z;;3307;249
2024-05-09T11:07:24Z;;3263;205
2024-05-09T11:09:38Z;-3001;;262
2024-05-09T11:12:11Z;;3015;14
2024-05-09T11:12:12Z;;3007;6
2024-05-09T11:13:09Z;;2959;-42
2024-05-09T11:14:40Z;;3007;6
2024-05-09T11:15:00Z;-2879;;128
2024-05-09T11:15:04Z;;3025;146
2024-05-09T11:16:20Z;;2961;82
2024-05-09T11:16:47Z;-2773;;188
2024-05-09T11:17:05Z;-2688;;273
2024-05-09T11:21:03Z;322;;3283
2024-05-09T11:21:04Z;-631;;2330
2024-05-09T11:25:13Z;-602;;2359
2024-05-09T11:25:14Z;;1452;850
2024-05-09T11:25:15Z;;2784;2182
2024-05-09T11:25:16Z;-588;;2196
2024-05-09T11:30:10Z;-835;;1949
2024-05-09T11:30:12Z;;2914;2079
2024-05-09T11:30:48Z;-965;;1949
2024-05-09T11:30:50Z;-856;;2058
2024-05-09T11:31:14Z;-908;;2006
2024-05-09T11:35:48Z;-850;;2064
2024-05-09T11:36:51Z;-2736;;178
2024-05-09T11:38:19Z;;3000;264
2024-05-09T11:38:49Z;;2920;184
2024-05-09T11:38:51Z;;3027;291
2024-05-09T11:40:17Z;;3054;318
2024-05-09T11:40:18Z;-2747;;307
2024-05-09T11:40:20Z;-2785;;269
2024-05-09T11:40:22Z;;3089;304
2024-05-09T11:40:38Z;-2841;;248
2024-05-09T11:40:40Z;-2831;;258
2024-05-09T11:40:42Z;-2773;;316
2024-05-09T11:40:44Z;-2824;;265
2024-05-09T11:40:46Z;-2805;;284
2024-05-09T11:40:48Z;-2591;;498
2024-05-09T11:40:57Z;-2820;;269
2024-05-09T11:41:08Z;;2944;124
2024-05-09T11:41:10Z;-2586;;358
2024-05-09T11:41:11Z;;3021;435
2024-05-09T11:41:13Z;-2815;;206
2024-05-09T11:44:33Z;-2839;;182
2024-05-09T11:45:00Z;-2743;;278
2024-05-09T11:45:04Z;;3021;278
2024-05-09T11:45:16Z;-2699;;322
2024-05-09T11:46:35Z;;2975;276
2024-05-09T11:47:11Z;-2371;;604
2024-05-09T11:47:12Z;-2377;;598
2024-05-09T11:47:38Z;-2603;;372
2024-05-09T11:47:40Z;-2439;;536
2024-05-09T11:47:47Z;-2379;;596
2024-05-09T11:47:48Z;-2385;;590
2024-05-09T11:48:39Z;;3021;636
2024-05-09T11:49:11Z;-2709;;312
2024-05-09T11:49:58Z;-2617;;404
2024-05-09T11:50:04Z;-2784;;237
2024-05-09T11:50:06Z;-2765;;256
2024-05-09T11:50:08Z;-2794;;227
2024-05-09T11:50:09Z;-2555;;466
2024-05-09T11:50:14Z;-2738;;283
2024-05-09T11:50:45Z;;2948;210
2024-05-09T11:50:46Z;;3047;309
2024-05-09T11:52:34Z;;2991;253
2024-05-09T11:52:52Z;-2692;;299
2024-05-09T11:55:01Z;-2677;;314
2024-05-09T11:58:19Z;-905;;2086
2024-05-09T11:58:21Z;;3040;2135
2024-05-09T12:00:00Z;-1121;;1919
2024-05-09T12:00:15Z;;3211;2090
2024-05-09T12:02:32Z;-858;2977;1856
2024-05-09T12:02:56Z;-905;;2072
2024-05-09T12:02:58Z;;3025;2120
2024-05-09T12:03:03Z;-864;2969;2064
2024-05-09T12:03:12Z;-889;;2080
2024-05-09T12:03:14Z;;3021;2132
2024-05-09T12:06:28Z;298;;3319
2024-05-09T12:06:33Z;-911;;2110
2024-05-09T12:08:44Z;-951;;2070
2024-05-09T12:09:45Z;-2836;;185
2024-05-09T12:10:43Z;-2725;;296
2024-05-09T12:15:00Z;-2760;;261
2024-05-09T12:15:04Z;;3066;306
2024-05-09T12:15:07Z;-1581;;1485
2024-05-09T12:18:34Z;;2968;1387
2024-05-09T12:19:53Z;;2987;1406
2024-05-09T12:25:34Z;-1721;2371;790
2024-05-09T12:25:35Z;-2483;2848;1127
2024-05-09T12:30:02Z;-2518;;330
2024-05-09T12:30:04Z;;2826;308
2024-05-09T12:39:50Z;;2655;137
2024-05-09T12:39:51Z;;2745;227
2024-05-09T12:40:49Z;;2680;162
2024-05-09T12:42:07Z;;2695;177
2024-05-09T12:42:22Z;-2395;;300
2024-05-09T12:42:27Z;-1027;;1668
2024-05-09T12:42:28Z;-2374;;321
2024-05-09T12:42:49Z;-2426;;269
2024-05-09T12:43:26Z;;2740;314
2024-05-09T12:44:44Z;;2580;154
2024-05-09T12:45:00Z;-2537;;43
2024-05-09T12:45:04Z;;2806;269
2024-05-09T12:46:05Z;;2688;151
2024-05-09T12:46:09Z;-2380;;308
2024-05-09T12:46:15Z;-2430;;258
2024-05-09T12:46:19Z;;2738;308
2024-05-09T12:48:51Z;-2714;;24
2024-05-09T12:49:18Z;;3000;286
2024-05-09T12:50:44Z;;2956;242
2024-05-09T12:50:57Z;-2677;;279
2024-05-09T12:52:35Z;-2718;;238
2024-05-09T12:53:00Z;;3003;285
2024-05-09T12:55:43Z;-2689;2915;197
2024-05-09T12:55:45Z;-2679;;236
2024-05-09T12:55:47Z;-2796;;119
2024-05-09T12:56:53Z;;2999;203
2024-05-09T12:57:27Z;;2939;143
2024-05-09T12:57:29Z;-2694;;245
2024-05-09T12:57:49Z;-2738;;201
2024-05-09T12:58:07Z;;2677;-61
2024-05-09T12:58:09Z;-2379;;298
2024-05-09T12:58:16Z;;2389;10
2024-05-09T12:58:24Z;;2454;75
2024-05-09T12:58:28Z;-2425;;29
2024-05-09T12:58:31Z;;2739;314
2024-05-09T12:58:49Z;;2676;251
2024-05-09T12:59:08Z;;2697;272
2024-05-09T12:59:24Z;;2973;548
2024-05-09T12:59:28Z;-2686;;287
2024-05-09T12:59:36Z;;2695;9
2024-05-09T12:59:44Z;;2744;58
2024-05-09T12:59:51Z;-2390;2680;-6
2024-05-09T12:59:58Z;;2355;-35
2024-05-09T12:59:59Z;-2090;;265
2024-05-09T13:00:04Z;;2071;-19
2024-05-09T13:00:06Z;;2295;205
2024-05-09T13:00:08Z;-2329;;-34
2024-05-09T13:00:46Z;;2389;60
2024-05-09T13:01:06Z;-2098;;291
2024-05-09T13:01:12Z;-2155;;234
2024-05-09T13:01:17Z;;2413;258
2024-05-09T13:01:20Z;-2415;;-2
2024-05-09T13:01:28Z;;2722;307
2024-05-09T13:01:45Z;-2708;;14
2024-05-09T13:02:40Z;;2970;262
2024-05-09T13:02:48Z;-2655;;315
2024-05-09T13:03:03Z;-2670;;300
2024-05-09T13:03:07Z;;3023;353
2024-05-09T13:03:35Z;;2948;278
2024-05-09T13:03:37Z;-2666;;282
2024-05-09T13:03:49Z;-2700;;248
2024-05-09T13:03:52Z;;3013;313
2024-05-09T13:04:22Z;;2968;268
2024-05-09T13:04:24Z;-2389;;579
2024-05-09T13:04:37Z;;2406;17
2024-05-09T13:04:45Z;;2461;72
2024-05-09T13:04:49Z;-2449;;12
2024-05-09T13:04:51Z;;2713;264
2024-05-09T13:04:55Z;-2703;;10
2024-05-09T13:04:59Z;;3050;347
2024-05-09T13:05:18Z;;2985;282
2024-05-09T13:05:25Z;-2653;;332
2024-05-09T13:05:48Z;;2687;34
2024-05-09T13:05:51Z;-2392;;295
2024-05-09T13:05:57Z;-2442;;245
2024-05-09T13:06:02Z;-2376;;311
2024-05-09T13:06:10Z;-2405;;282
2024-05-09T13:06:14Z;;2711;306
2024-05-09T13:06:20Z;-2716;;-5
2024-05-09T13:06:38Z;-2657;;54
2024-05-09T13:06:59Z;;2675;18
2024-05-09T13:07:08Z;-2432;;243
2024-05-09T13:07:12Z;;2733;301
2024-05-09T13:07:36Z;;2662;230
2024-05-09T13:07:38Z;-2381;;281
2024-05-09T13:07:47Z;;2394;13
2024-05-09T13:07:55Z;;2457;76
2024-05-09T13:08:17Z;;2382;1
2024-05-09T13:08:23Z;-2428;;-46
2024-05-09T13:08:26Z;;2693;265
2024-05-09T13:08:36Z;-2494;;199
2024-05-09T13:08:37Z;;2667;173
2024-05-09T13:08:46Z;-2404;;263
2024-05-09T13:08:49Z;;2712;308
2024-05-09T13:09:36Z;-2353;2682;278
2024-05-09T13:09:59Z;-2439;;243
2024-05-09T13:10:02Z;;2698;259
2024-05-09T13:10:11Z;;2683;244
2024-05-09T13:10:16Z;;2757;318
2024-05-09T13:10:20Z;-2703;;54
2024-05-09T13:10:22Z;;3000;297
2024-05-09T13:10:27Z;-2625;2915;212
2024-05-09T13:10:32Z;-2393;2654;29
2024-05-09T13:10:54Z;;1279;-1114
2024-05-09T13:10:55Z;-2481;;-1202
2024-05-09T13:11:06Z;;2695;214
2024-05-09T13:11:09Z;;2747;266
2024-05-09T13:11:15Z;-2717;;30
2024-05-09T13:11:17Z;;3020;303
2024-05-09T13:11:25Z;;2990;273
2024-05-09T13:11:26Z;-2694;;296
2024-05-09T13:11:28Z;-2582;;408
2024-05-09T13:11:58Z;-2381;;609
2024-05-09T13:12:13Z;;2675;294
2024-05-09T13:12:16Z;-2408;2735;354
2024-05-09T13:12:33Z;-2388;;347
2024-05-09T13:12:35Z;;2689;301
2024-05-09T13:12:47Z;-2366;;323
2024-05-09T13:12:49Z;;2780;414
2024-05-09T13:12:53Z;-2708;3014;648
2024-05-09T13:13:31Z;-2640;;374
2024-05-09T13:13:52Z;;2739;99
2024-05-09T13:13:53Z;-2458;;281
2024-05-09T13:13:58Z;-2700;;39
2024-05-09T13:13:59Z;;3054;354
2024-05-09T13:14:11Z;-2681;;373
2024-05-09T13:14:14Z;;2998;317
2024-05-09T13:14:18Z;;3038;357
2024-05-09T13:14:19Z;-2728;;310
2024-05-09T13:14:22Z;-2657;2991;263
2024-05-09T13:14:50Z;;2960;303
2024-05-09T13:14:53Z;-2651;;309
2024-05-09T13:14:54Z;;2694;43
2024-05-09T13:15:00Z;-2382;2717;66
2024-05-09T13:15:03Z;-2302;;415
2024-05-09T13:15:08Z;;2671;369
2024-05-09T13:15:32Z;;3018;716
2024-05-09T13:15:33Z;-2717;;301
2024-05-09T13:16:08Z;;3314;597
2024-05-09T13:16:11Z;-2994;;320
2024-05-09T13:16:22Z;-2938;;376
2024-05-09T13:16:24Z;;3268;330
2024-05-09T13:16:42Z;;2984;46
2024-05-09T13:16:43Z;-2693;;291
2024-05-09T13:17:05Z;-2382;2679;-14
2024-05-09T13:17:27Z;-1862;;562
2024-05-09T13:17:34Z;;1789;-73
2024-05-09T13:17:53Z;;1835;-27
2024-05-09T13:18:09Z;;1803;-59
2024-05-09T13:18:13Z;-1490;;313
2024-05-09T13:18:25Z;-1538;;265
2024-05-09T13:18:31Z;;1835;297
2024-05-09T13:19:14Z;-1799;;36
2024-05-09T13:19:16Z;;2123;324
2024-05-09T13:19:20Z;-2145;;-22
2024-05-09T13:19:21Z;;2453;308
2024-05-09T13:19:29Z;-2099;;354
2024-05-09T13:19:30Z;;2340;241
2024-05-09T13:19:34Z;-1794;2098;-1
2024-05-09T13:19:40Z;;1799;5
2024-05-09T13:19:44Z;;1824;30
2024-05-09T13:20:04Z;-1794;;30
2024-05-09T13:20:09Z;-2125;;-301
2024-05-09T13:20:10Z;;2390;265
2024-05-09T13:20:20Z;;2384;259
2024-05-09T13:20:22Z;-2053;;331
2024-05-09T13:21:22Z;-2101;;283
2024-05-09T13:21:31Z;-2092;;292
2024-05-09T13:21:32Z;;2410;318
2024-05-09T13:21:45Z;-2080;2347;255
2024-05-09T13:22:13Z;-2144;;203
2024-05-09T13:22:14Z;;2410;266
2024-05-09T13:22:41Z;;2343;199
2024-05-09T13:22:42Z;-2073;;270
2024-05-09T13:22:44Z;;2393;320
2024-05-09T13:22:47Z;-2367;;26
2024-05-09T13:22:48Z;;2680;313
2024-05-09T13:22:59Z;-2712;;-32
2024-05-09T13:23:02Z;;3000;288
2024-05-09T13:23:06Z;;2948;236
2024-05-09T13:23:07Z;-2666;;282
2024-05-09T13:23:16Z;-2718;;230
2024-05-09T13:23:17Z;;3007;289
2024-05-09T13:23:32Z;-2669;2954;236
2024-05-09T13:23:40Z;-2378;2668;-1
2024-05-09T13:24:21Z;-2450;2723;345
2024-05-09T13:24:30Z;-2712;;11
2024-05-09T13:24:32Z;;2983;271
2024-05-09T13:24:55Z;-2731;;252
2024-05-09T13:24:56Z;;2903;172
2024-05-09T13:24:58Z;;2674;-57
2024-05-09T13:25:00Z;-2354;;320
2024-05-09T13:25:18Z;;2373;19
2024-05-09T13:25:23Z;-2397;;-24
2024-05-09T13:25:27Z;;2711;314
2024-05-09T13:25:32Z;-2704;;7
2024-05-09T13:25:53Z;-2232;;479
2024-05-09T13:25:54Z;-2676;;35
2024-05-09T13:25:56Z;-2766;;-55
2024-05-09T13:26:19Z;-2595;;116
2024-05-09T13:26:20Z;-2717;;-6
2024-05-09T13:26:54Z;-2670;;41
2024-05-09T13:28:59Z;;2695;25
2024-05-09T13:29:50Z;-2489;;206
2024-05-09T13:29:52Z;-2487;;208
2024-05-09T13:30:00Z;-2488;;207
2024-05-09T13:30:04Z;;2681;193
2024-05-09T13:32:32Z;-2325;;356
2024-05-09T13:32:33Z;-2424;;257
2024-05-09T13:34:37Z;-2379;;302
2024-05-09T13:34:51Z;-1035;;1646
2024-05-09T13:34:52Z;-2260;;421
2024-05-09T13:36:48Z;-2215;;466
2024-05-09T13:37:04Z;-2216;;465
2024-05-09T13:39:13Z;-2039;;642
2024-05-09T13:39:16Z;-2112;;569
2024-05-09T13:40:22Z;-2241;;440
2024-05-09T13:40:24Z;-2178;;503
2024-05-09T13:40:59Z;;2065;-113
2024-05-09T13:41:01Z;;2466;288
2024-05-09T13:41:09Z;;2382;204
2024-05-09T13:41:10Z;;2461;283
2024-05-09T13:42:18Z;;2436;258
2024-05-09T13:44:31Z;;2403;225
2024-05-09T13:45:00Z;-2108;;295
2024-05-09T13:45:06Z;;2393;285
2024-05-09T13:48:57Z;-2096;;297
2024-05-09T13:52:50Z;-2153;;240
2024-05-09T13:55:44Z;-2094;;299
2024-05-09T13:56:02Z;;2123;29
2024-05-09T13:56:04Z;;2149;55
2024-05-09T13:57:08Z;;2091;-3
2024-05-09T13:59:18Z;;2134;40
2024-05-09T13:59:54Z;;2156;62
2024-05-09T13:59:55Z;;2153;59
2024-05-09T14:00:00Z;-2053;;100
2024-05-09T14:00:04Z;;2169;116
2024-05-09T14:02:27Z;-1748;;421
2024-05-09T14:02:28Z;-1924;;245
2024-05-09T14:03:14Z;;2104;180
2024-05-09T14:06:35Z;-1801;;303
2024-05-09T14:08:07Z;-1844;;260
2024-05-09T14:09:27Z;-429;;1675
2024-05-09T14:12:51Z;;1899;1470
2024-05-09T14:12:53Z;;1897;1468
2024-05-09T14:15:00Z;-1798;;99
2024-05-09T14:15:04Z;;1962;164
2024-05-09T14:15:08Z;-1806;;156
2024-05-09T14:16:19Z;-1766;;196
2024-05-09T14:23:17Z;-1805;;157
2024-05-09T14:30:00Z;-1866;;96
2024-05-09T14:30:04Z;;1969;103
2024-05-09T14:41:17Z;-1644;;325
2024-05-09T14:41:19Z;-1673;;296
2024-05-09T14:45:05Z;-1675;;294
2024-05-09T14:45:08Z;;1838;163
2024-05-09T14:48:08Z;;1804;129
2024-05-09T14:55:51Z;-1501;;303
2024-05-09T14:56:23Z;;1549;48
2024-05-09T14:56:25Z;;1543;42
2024-05-09T15:00:00Z;-1372;;171
2024-05-09T15:00:04Z;;1527;155
2024-05-09T15:00:11Z;;1501;129
2024-05-09T15:00:47Z;;1528;156
2024-05-09T15:01:50Z;;1497;125
2024-05-09T15:02:06Z;-1191;;306
2024-05-09T15:07:33Z;-1165;;332
2024-05-09T15:07:34Z;-153;;1344
2024-05-09T15:09:57Z;-1188;;309
2024-05-09T15:11:29Z;-1142;1378;190
2024-05-09T15:11:33Z;;820;-322
2024-05-09T15:11:35Z;-1234;;-414
2024-05-09T15:11:50Z;-1193;;-373
2024-05-09T15:15:11Z;-1164;;-344
2024-05-09T15:26:35Z;;1182;18
2024-05-09T15:26:36Z;-404;;778
2024-05-09T15:26:37Z;-1128;;54
2024-05-09T15:26:38Z;;1304;176
2024-05-09T15:30:00Z;-1107;;197
2024-05-09T15:30:04Z;;1219;112
2024-05-09T15:30:55Z;;1207;100
2024-05-09T15:36:37Z;-1038;;169
2024-05-09T15:36:38Z;-155;;1052
2024-05-09T15:40:19Z;-921;;286
2024-05-09T15:40:22Z;-922;;285
2024-05-09T15:41:38Z;-912;;295
2024-05-09T15:41:42Z;-864;;343
2024-05-09T15:42:52Z;-897;;310
2024-05-09T15:45:00Z;-871;;336
2024-05-09T15:53:15Z;;901;30
2024-05-09T16:00:02Z;-720;;181
2024-05-09T16:00:04Z;;817;97
2024-05-09T16:05:42Z;114;;931
2024-05-09T16:11:51Z;;622;736
2024-05-09T16:11:52Z;;579;693
2024-05-09T16:15:02Z;-471;;108
2024-05-09T16:15:04Z;;619;148
2024-05-09T16:17:20Z;;591;120
2024-05-09T16:28:49Z;1193;;1784
2024-05-09T16:28:51Z;-227;;364
2024-05-09T16:30:00Z;-222;;369
2024-05-09T16:30:04Z;;412;190
2024-05-09T16:34:43Z;272;;684
2024-05-09T16:34:44Z;-90;;322
2024-05-09T16:37:08Z;;303;213
2024-05-09T16:42:01Z;86;;389
2024-05-09T16:44:22Z;210;;513
2024-05-09T16:45:00Z;102;;405
2024-05-09T16:45:04Z;;180;282
2024-05-09T16:52:23Z;12;;192
2024-05-09T16:57:13Z;-12;;168
2024-05-09T17:00:00Z;-46;;134
2024-05-09T17:00:04Z;;139;93
2024-05-09T17:12:12Z;54;;193
2024-05-09T17:15:02Z;29;;168
2024-05-09T17:15:04Z;;114;143
2024-05-09T17:23:48Z;245;;359
2024-05-09T17:23:52Z;185;;299
2024-05-09T17:24:00Z;191;;305
2024-05-09T17:24:04Z;197;;311
2024-05-09T17:25:13Z;198;;312
2024-05-09T17:27:19Z;73;;187
2024-05-09T17:27:53Z;72;;186
2024-05-09T17:29:56Z;399;;513
2024-05-09T17:30:00Z;825;;939
2024-05-09T17:30:04Z;;96;921
2024-05-09T17:32:37Z;1828;;1924
2024-05-09T17:32:39Z;891;;987
2024-05-09T17:32:46Z;974;;1070
2024-05-09T17:32:47Z;888;;984
2024-05-09T17:33:13Z;990;;1086
2024-05-09T17:33:17Z;895;;991
2024-05-09T17:35:31Z;158;;254
2024-05-09T17:35:33Z;475;;571
2024-05-09T17:35:35Z;682;;778
2024-05-09T17:35:41Z;900;;996
2024-05-09T17:36:57Z;2852;;2948
2024-05-09T17:36:58Z;3207;;3303
2024-05-09T17:37:00Z;3338;;3434
2024-05-09T17:37:47Z;3605;;3701
2024-05-09T17:38:32Z;4954;;5050
2024-05-09T17:38:33Z;3838;;3934
2024-05-09T17:39:14Z;3964;;4060
2024-05-09T17:39:16Z;2387;;2483
2024-05-09T17:39:31Z;2437;;2533
2024-05-09T17:39:37Z;2772;;2868
2024-05-09T17:39:51Z;3001;;3097
2024-05-09T17:40:03Z;2935;;3031
2024-05-09T17:41:43Z;3010;;3106
2024-05-09T17:42:24Z;3009;31;3041
2024-05-09T17:42:28Z;2909;0;3009
2024-05-09T17:42:32Z;3046;;3046
2024-05-09T17:43:01Z;4891;;4891
2024-05-09T17:43:33Z;5125;;5125
2024-05-09T17:44:32Z;5455;;5455
2024-05-09T17:44:37Z;5707;;5707
2024-05-09T17:44:54Z;5643;;5643
2024-05-09T17:45:00Z;5692;;5692
2024-05-09T17:45:04Z;;71;5763
2024-05-09T17:45:09Z;5707;;5778
2024-05-09T17:45:38Z;5137;;5208
2024-05-09T17:46:00Z;6044;;6115
2024-05-09T17:46:01Z;5990;;6061
2024-05-09T17:46:57Z;5382;;5453
2024-05-09T17:47:00Z;5479;;5550
2024-05-09T17:47:03Z;5763;;5834
2024-05-09T17:47:31Z;6019;;6090
2024-05-09T17:47:39Z;5328;;5399
2024-05-09T17:47:41Z;5482;;5553
2024-05-09T17:47:44Z;5718;;5789
2024-05-09T17:48:41Z;6001;;6072
2024-05-09T17:49:34Z;5953;;6024
2024-05-09T17:50:29Z;5136;;5207
2024-05-09T17:50:30Z;5498;;5569
2024-05-09T17:50:36Z;5153;;5224
2024-05-09T17:50:52Z;5563;;5634
2024-05-09T17:50:54Z;5558;;5629
2024-05-09T17:50:55Z;5219;;5290
2024-05-09T17:50:57Z;5509;;5580
2024-05-09T17:50:59Z;5184;;5255
2024-05-09T17:51:00Z;5497;;5568
2024-05-09T17:51:02Z;5203;;5274
2024-05-09T17:51:04Z;5575;;5646
2024-05-09T17:51:05Z;5188;;5259
2024-05-09T17:51:07Z;5513;;5584
2024-05-09T17:51:08Z;5206;;5277
2024-05-09T17:51:10Z;5572;;5643
2024-05-09T17:51:11Z;5242;;5313
2024-05-09T17:51:13Z;5524;;5595
2024-05-09T17:51:15Z;5178;;5249
2024-05-09T17:51:16Z;5509;;5580
2024-05-09T17:51:18Z;5232;;5303
2024-05-09T17:51:20Z;5568;;5639
2024-05-09T17:51:21Z;5209;;5280
2024-05-09T17:51:23Z;5555;;5626
2024-05-09T17:51:24Z;5215;;5286
2024-05-09T17:51:26Z;5547;;5618
2024-05-09T17:51:27Z;5308;;5379
2024-05-09T17:51:29Z;5577;;5648
2024-05-09T17:51:31Z;5204;;5275
2024-05-09T17:51:32Z;5497;;5568
2024-05-09T17:51:34Z;5146;;5217
2024-05-09T17:51:36Z;5601;;5672
2024-05-09T17:51:37Z;5220;;5291
2024-05-09T17:51:39Z;5598;;5669
2024-05-09T17:51:40Z;5202;;5273
2024-05-09T17:51:42Z;5591;;5662
2024-05-09T17:51:43Z;5297;;5368
2024-05-09T17:51:45Z;5584;;5655
2024-05-09T17:51:47Z;4700;;4771
2024-05-09T17:51:49Z;4938;;5009
2024-05-09T17:51:50Z;4662;;4733
2024-05-09T17:51:52Z;5014;;5085
2024-05-09T17:51:54Z;4639;;4710
2024-05-09T17:51:55Z;5021;;5092
2024-05-09T17:51:57Z;4636;;4707
2024-05-09T17:52:11Z;5028;;5099
2024-05-09T17:52:13Z;4625;;4696
2024-05-09T17:52:14Z;5035;;5106
2024-05-09T17:52:15Z;4755;;4826
2024-05-09T17:52:17Z;5033;;5104
2024-05-09T17:52:19Z;4701;;4772
2024-05-09T17:52:21Z;4979;;5050
2024-05-09T17:52:22Z;4723;;4794
2024-05-09T17:52:24Z;5002;;5073
2024-05-09T17:52:26Z;4646;;4717
2024-05-09T17:52:27Z;4998;;5069
2024-05-09T17:52:29Z;4666;;4737
2024-05-09T17:52:30Z;5017;;5088
2024-05-09T17:52:31Z;4768;;4839
2024-05-09T17:52:33Z;4999;;5070
2024-05-09T17:52:35Z;4635;;4706
2024-05-09T17:52:37Z;4882;;4953
2024-05-09T17:52:38Z;4646;;4717
2024-05-09T17:52:40Z;5030;;5101
2024-05-09T17:52:42Z;4644;;4715
2024-05-09T17:52:43Z;5046;;5117
2024-05-09T17:52:46Z;5344;;5415
2024-05-09T17:52:49Z;5523;;5594
2024-05-09T17:52:51Z;5229;;5300
2024-05-09T17:52:52Z;5427;;5498
2024-05-09T17:52:54Z;5215;;5286
2024-05-09T17:52:56Z;5569;;5640
2024-05-09T17:52:57Z;5211;;5282
2024-05-09T17:52:59Z;5593;;5664
2024-05-09T17:53:00Z;5238;;5309
2024-05-09T17:53:02Z;5568;;5639
2024-05-09T17:53:03Z;5377;;5448
2024-05-09T17:53:05Z;5573;;5644
2024-05-09T17:53:07Z;5210;;5281
2024-05-09T17:53:08Z;5425;;5496
2024-05-09T17:53:10Z;5214;;5285
2024-05-09T17:53:12Z;5557;;5628
2024-05-09T17:53:13Z;5135;;5206
2024-05-09T17:53:15Z;5554;;5625
2024-05-09T17:53:30Z;5245;;5316
2024-05-09T17:53:31Z;5606;;5677
2024-05-09T17:53:32Z;5186;;5257
2024-05-09T17:53:34Z;5549;;5620
2024-05-09T17:53:36Z;5218;;5289
2024-05-09T17:53:37Z;5596;;5667
2024-05-09T17:53:39Z;5245;;5316
2024-05-09T17:53:40Z;5420;;5491
2024-05-09T17:53:42Z;5196;;5267
2024-05-09T17:53:44Z;5544;;5615
2024-05-09T17:53:45Z;5229;;5300
2024-05-09T17:53:47Z;5561;;5632
2024-05-09T17:53:48Z;5293;;5364
2024-05-09T17:53:50Z;5655;;5726
2024-05-09T17:53:52Z;5277;;5348
2024-05-09T17:53:53Z;5621;;5692
2024-05-09T17:53:55Z;5285;;5356
2024-05-09T17:53:57Z;5616;;5687
2024-05-09T17:53:58Z;5248;;5319
2024-05-09T17:54:09Z;5595;;5666
2024-05-09T17:54:10Z;5258;;5329
2024-05-09T17:54:11Z;5614;;5685
2024-05-09T17:54:12Z;5274;;5345
2024-05-09T17:54:13Z;5633;;5704
2024-05-09T17:54:15Z;5281;;5352
2024-05-09T17:54:16Z;5588;;5659
2024-05-09T17:54:17Z;5249;;5320
2024-05-09T17:54:18Z;5606;;5677
2024-05-09T17:54:19Z;5272;;5343
2024-05-09T17:54:21Z;5627;;5698
2024-05-09T17:54:22Z;5267;;5338
2024-05-09T17:54:23Z;5645;;5716
2024-05-09T17:54:24Z;5275;;5346
2024-05-09T17:54:25Z;5587;;5658
2024-05-09T17:54:27Z;5278;;5349
2024-05-09T17:54:28Z;5643;;5714
2024-05-09T17:55:16Z;5703;;5774
2024-05-09T17:55:26Z;5640;;5711
2024-05-09T17:55:27Z;5708;;5779
2024-05-09T17:55:31Z;5658;;5729
2024-05-09T17:55:33Z;5782;;5853
2024-05-09T17:55:50Z;5692;;5763
2024-05-09T17:55:51Z;5793;;5864
2024-05-09T17:56:46Z;6010;;6081
2024-05-09T17:57:25Z;5907;;5978
2024-05-09T17:57:30Z;;0;5907
2024-05-09T17:57:34Z;;94;6001
2024-05-09T17:58:14Z;5393;;5487
2024-05-09T17:58:50Z;3711;;3805
2024-05-09T17:59:22Z;4058;;4152
2024-05-09T17:59:25Z;4214;;4308
2024-05-09T18:00:02Z;4399;;4493
2024-05-09T18:00:06Z;;28;4427
2024-05-09T18:00:35Z;4572;;4600
2024-05-09T18:00:36Z;4489;;4517
2024-05-09T18:00:38Z;4565;;4593
2024-05-09T18:01:45Z;5482;;5510
2024-05-09T18:01:46Z;4643;;4671
2024-05-09T18:03:42Z;4290;;4318
2024-05-09T18:03:43Z;4622;;4650
2024-05-09T18:04:03Z;4805;;4833
2024-05-09T18:04:11Z;4730;;4758
2024-05-09T18:04:20Z;4810;;4838
2024-05-09T18:06:40Z;1687;9;4819
2024-05-09T18:13:41Z;927;;936
2024-05-09T18:13:42Z;1206;;1215
2024-05-09T18:13:48Z;864;;873
2024-05-09T18:13:54Z;1151;;1160
2024-05-09T18:13:55Z;853;;862
2024-05-09T18:13:57Z;1154;;1163
2024-05-09T18:13:59Z;336;;345
2024-05-09T18:14:01Z;287;;296
2024-05-09T18:14:03Z;585;;594
2024-05-09T18:14:04Z;287;;296
2024-05-09T18:14:10Z;595;;604
2024-05-09T18:14:12Z;287;;296
2024-05-09T18:15:00Z;290;;299
2024-05-09T18:15:04Z;;0;290
2024-05-09T18:15:18Z;206;;206
2024-05-09T18:30:08Z;;0;206
2024-05-09T18:30:38Z;1452;;1452
2024-05-09T18:30:40Z;239;;239
2024-05-09T18:31:34Z;399;;399
2024-05-09T18:31:47Z;298;;298
2024-05-09T18:45:00Z;282;;282
2024-05-09T18:45:04Z;;0;282
2024-05-09T18:48:07Z;373;;373
2024-05-09T18:48:40Z;278;;278
2024-05-09T18:49:45Z;439;;439
2024-05-09T18:49:47Z;286;;286
2024-05-09T18:59:01Z;1476;;1476
2024-05-09T18:59:03Z;343;;343
2024-05-09T19:00:13Z;306;;306
2024-05-09T19:00:20Z;293;;293
2024-05-09T19:01:50Z;348;;348
2024-05-09T19:06:02Z;287;;287
2024-05-09T19:09:05Z;335;;335
2024-05-09T19:15:00Z;256;;256
2024-05-09T19:15:04Z;;0;256
2024-05-09T19:16:21Z;306;;306
2024-05-09T19:16:27Z;245;;245
2024-05-09T19:16:57Z;303;;303
2024-05-09T19:17:48Z;246;;246
2024-05-09T19:18:00Z;499;;499
2024-05-09T19:18:04Z;248;;248
2024-05-09T19:24:40Z;2198;;2198
2024-05-09T19:24:45Z;2097;;2097
2024-05-09T19:24:48Z;2159;;2159
2024-05-09T19:27:56Z;2060;;2060
2024-05-09T19:27:57Z;2146;;2146
2024-05-09T19:30:00Z;2150;;2150
2024-05-09T19:30:04Z;;0;2150
2024-05-09T19:33:24Z;2080;;2080
2024-05-09T19:33:56Z;2128;;2128
2024-05-09T19:36:00Z;2011;;2011
2024-05-09T19:36:01Z;2101;;2101
2024-05-09T19:41:38Z;234;;234
2024-05-09T19:45:00Z;268;;268
2024-05-09T19:45:04Z;;0;268
2024-05-09T19:50:05Z;1463;;1463
2024-05-09T19:50:06Z;308;;308
2024-05-09T19:53:51Z;261;;261
2024-05-09T20:00:00Z;271;;271
2024-05-09T20:00:04Z;;0;271
2024-05-09T20:01:42Z;383;;383
2024-05-09T20:02:19Z;292;;292
2024-05-09T20:15:00Z;225;;225
2024-05-09T20:15:04Z;;0;225
2024-05-09T20:18:28Z;917;;917
2024-05-09T20:28:40Z;1387;;1387
2024-05-09T20:28:42Z;270;;270
2024-05-09T20:30:00Z;268;;268
2024-05-09T20:30:04Z;;0;268
2024-05-09T20:31:08Z;1316;;1316
2024-05-09T20:31:09Z;317;;317
2024-05-09T20:40:40Z;214;;214
2024-05-09T20:45:00Z;216;;216
2024-05-09T20:45:04Z;;0;216
2024-05-09T21:00:00Z;168;;168
2024-05-09T21:00:04Z;;0;168
2024-05-09T21:00:35Z;1296;;1296
2024-05-09T21:11:53Z;1259;;1259
2024-05-09T21:11:54Z;318;;318
2024-05-09T21:12:22Z;272;;272
2024-05-09T21:15:00Z;231;;231
2024-05-09T21:15:04Z;;0;231
2024-05-09T21:15:30Z;1565;;1565
2024-05-09T21:15:32Z;366;;366
2024-05-09T21:16:24Z;295;;295
2024-05-09T21:29:33Z;1186;;1186
2024-05-09T21:29:35Z;187;;187
2024-05-09T21:30:00Z;187;;187
2024-05-09T21:30:06Z;;0;187
2024-05-09T21:38:32Z;2124;;2124
2024-05-09T21:38:34Z;208;;208
2024-05-09T21:38:35Z;2145;;2145
2024-05-09T21:38:46Z;2099;;2099
2024-05-09T21:40:45Z;305;;305
2024-05-09T21:40:46Z;205;;205
2024-05-09T21:45:04Z;127;;127
2024-05-09T21:45:08Z;;0;127
2024-05-09T21:58:21Z;1703;;1703
2024-05-09T21:58:22Z;231;;231
2024-05-09T21:58:47Z;343;;343
2024-05-09T21:58:48Z;283;;283
2024-05-09T22:00:00Z;271;;271
2024-05-09T22:00:06Z;;0;271
2024-05-09T22:07:02Z;387;;387
2024-05-09T22:07:37Z;295;;295
2024-05-09T22:15:12Z;;0;295
2024-05-09T22:27:51Z;1244;;1244
2024-05-09T22:27:52Z;187;;187
2024-05-09T22:30:02Z;170;;170
2024-05-09T22:30:04Z;;0;170
2024-05-09T22:41:34Z;1335;;1335
2024-05-09T22:41:35Z;202;;202
2024-05-09T22:45:00Z;197;;197
2024-05-09T23:00:00Z;152;;152
2024-05-09T23:00:04Z;;0;152
2024-05-09T23:15:00Z;96;;96
2024-05-09T23:15:04Z;;0;96
2024-05-09T23:26:00Z;1479;;1479
2024-05-09T23:26:02Z;269;;269
2024-05-09T23:30:02Z;255;;255
2024-05-09T23:30:04Z;;0;255
2024-05-09T23:45:00Z;112;;112
2024-05-09T23:45:04Z;;0;112
2024-05-09T23:54:03Z;1116;;1116
2024-05-09T23:54:05Z;195;;195
2024-05-09T23:55:00Z;946;;946
2024-05-09T23:55:02Z;217;;217