timestamp;P_ex;P_pr;P_load
2025-03-22T00:00:04Z;;0;167
2025-03-22T00:00:14Z;140;;140
2025-03-22T00:15:03Z;;0;140
2025-03-22T00:15:18Z;181;;181
2025-03-22T00:30:02Z;;0;181
2025-03-22T00:30:14Z;142;;142
2025-03-22T00:45:02Z;;0;142
2025-03-22T01:00:02Z;;0;142
2025-03-22T01:00:14Z;130;;130
2025-03-22T01:15:04Z;;0;130
2025-03-22T01:15:28Z;127;;127
2025-03-22T01:17:11Z;1330;;1330
2025-03-22T01:17:12Z;194;;194
2025-03-22T01:23:59Z;307;;307
2025-03-22T01:30:02Z;;0;307
2025-03-22T01:30:14Z;245;;245
2025-03-22T01:45:02Z;;0;245
2025-03-22T01:45:14Z;285;;285
2025-03-22T01:54:13Z;1189;;1189
2025-03-22T01:54:14Z;266;;266
2025-03-22T01:58:47Z;355;;355
2025-03-22T01:58:48Z;269;;269
2025-03-22T02:00:02Z;;0;269
2025-03-22T02:00:14Z;251;;251
2025-03-22T02:15:02Z;;0;251
2025-03-22T02:15:14Z;136;;136
2025-03-22T02:30:03Z;;0;136
2025-03-22T02:30:14Z;127;;127
2025-03-22T02:45:02Z;;0;127
2025-03-22T02:45:14Z;125;;125
2025-03-22T03:00:10Z;;0;125
2025-03-22T03:00:14Z;143;;143
2025-03-22T03:15:01Z;;0;143
2025-03-22T03:15:14Z;182;;182
2025-03-22T03:30:14Z;128;;128
2025-03-22T03:45:01Z;;0;128
2025-03-22T03:45:14Z;157;;157
2025-03-22T03:45:54Z;1255;;1255
2025-03-22T04:00:01Z;;0;1255
2025-03-22T04:00:18Z;120;;120
2025-03-22T04:15:01Z;;0;120
2025-03-22T04:15:14Z;119;;119
2025-03-22T04:23:04Z;1207;;1207
2025-03-22T04:23:05Z;170;;170
2025-03-22T04:23:31Z;1252;;1252
2025-03-22T04:23:32Z;298;;298
2025-03-22T04:30:03Z;;0;298
2025-03-22T04:30:22Z;258;;258
2025-03-22T04:45:01Z;;0;258
2025-03-22T04:45:14Z;142;;142
2025-03-22T04:55:49Z;471;;471
2025-03-22T04:55:50Z;150;;150
2025-03-22T05:00:01Z;;0;150
2025-03-22T05:00:27Z;143;;143
2025-03-22T05:00:28Z;206;;206
2025-03-22T05:15:02Z;;0;206
2025-03-22T05:15:15Z;139;;139
2025-03-22T05:30:04Z;;9;148
2025-03-22T05:30:14Z;129;;138
2025-03-22T05:36:39Z;;67;196
2025-03-22T05:37:32Z;1424;;1491
2025-03-22T05:37:33Z;194;;261
2025-03-22T05:45:04Z;;40;234
2025-03-22T05:45:15Z;115;;155
2025-03-22T05:51:39Z;;51;166
2025-03-22T05:51:44Z;;32;147
2025-03-22T06:00:02Z;;50;165
2025-03-22T06:00:14Z;58;;108
2025-03-22T06:14:43Z;343;;393
2025-03-22T06:14:44Z;72;;122
2025-03-22T06:15:02Z;;84;156
2025-03-22T06:15:14Z;72;;156
2025-03-22T06:30:02Z;;69;141
2025-03-22T06:30:16Z;57;;126
2025-03-22T06:36:59Z;;33;90
2025-03-22T06:37:15Z;;28;85
2025-03-22T06:45:10Z;;16;73
2025-03-22T06:45:14Z;112;;128
2025-03-22T06:52:05Z;1233;6;118
2025-03-22T06:52:06Z;280;;286
2025-03-22T06:52:09Z;;0;280
2025-03-22T06:52:10Z;;53;333
2025-03-22T06:52:11Z;;0;280
2025-03-22T06:52:15Z;339;;339
2025-03-22T06:52:16Z;293;;293
2025-03-22T06:56:04Z;1130;;1130
2025-03-22T06:56:05Z;376;;376
2025-03-22T06:57:03Z;607;;607
2025-03-22T06:57:11Z;914;;914
2025-03-22T06:57:12Z;867;;867
2025-03-22T06:57:35Z;942;;942
2025-03-22T06:57:37Z;896;;896
2025-03-22T06:58:11Z;973;;973
2025-03-22T07:00:02Z;;26;999
2025-03-22T07:00:04Z;1248;;1274
2025-03-22T07:00:14Z;1320;;1346
2025-03-22T07:01:03Z;1505;;1531
2025-03-22T07:02:07Z;1818;;1844
2025-03-22T07:03:02Z;2143;;2169
2025-03-22T07:03:48Z;2067;;2093
2025-03-22T07:04:02Z;1777;;1803
2025-03-22T07:04:15Z;1823;;1849
2025-03-22T07:04:26Z;1776;;1802
2025-03-22T07:05:13Z;1835;;1861
2025-03-22T07:05:16Z;1788;;1814
2025-03-22T07:05:22Z;1864;;1890
2025-03-22T07:06:02Z;1768;;1794
2025-03-22T07:06:04Z;1731;;1757
2025-03-22T07:07:21Z;;38;1769
2025-03-22T07:08:01Z;1807;;1845
2025-03-22T07:08:47Z;1737;;1775
2025-03-22T07:10:02Z;1802;;1840
2025-03-22T07:10:59Z;1679;;1717
2025-03-22T07:11:16Z;1498;;1536
2025-03-22T07:12:03Z;1561;;1599
2025-03-22T07:13:04Z;1814;;1852
2025-03-22T07:13:15Z;1755;;1793
2025-03-22T07:13:18Z;1801;;1839
2025-03-22T07:13:53Z;1749;;1787
2025-03-22T07:14:08Z;1737;;1775
2025-03-22T07:14:18Z;1800;;1838
2025-03-22T07:15:12Z;;121;1921
2025-03-22T07:15:14Z;1886;;2007
2025-03-22T07:17:01Z;1736;;1857
2025-03-22T07:17:49Z;2449;;2570
2025-03-22T07:25:01Z;3259;;3380
2025-03-22T07:29:21Z;3844;;3965
2025-03-22T07:29:43Z;3313;;3434
2025-03-22T07:29:51Z;3256;;3377
2025-03-22T07:30:02Z;;128;3384
2025-03-22T07:30:08Z;3311;;3439
2025-03-22T07:30:14Z;3292;;3420
2025-03-22T07:30:23Z;3248;;3376
2025-03-22T07:30:24Z;3301;;3429
2025-03-22T07:30:26Z;3253;;3381
2025-03-22T07:30:32Z;3323;;3451
2025-03-22T07:30:33Z;3231;;3359
2025-03-22T07:32:57Z;3307;;3435
2025-03-22T07:33:06Z;3251;;3379
2025-03-22T07:33:45Z;1516;;1644
2025-03-22T07:36:07Z;1468;;1596
2025-03-22T07:37:27Z;1580;;1708
2025-03-22T07:37:30Z;1498;;1626
2025-03-22T07:37:31Z;1551;;1679
2025-03-22T07:37:41Z;1403;;1531
2025-03-22T07:39:02Z;1123;;1251
2025-03-22T07:41:37Z;2377;;2505
2025-03-22T07:42:06Z;861;;989
2025-03-22T07:43:01Z;959;;1087
2025-03-22T07:43:41Z;1211;;1339
2025-03-22T07:43:42Z;1164;;1292
2025-03-22T07:43:43Z;1222;;1350
2025-03-22T07:43:58Z;1166;;1294
2025-03-22T07:44:09Z;1810;;1938
2025-03-22T07:44:10Z;2394;;2522
2025-03-22T07:44:28Z;905;;1033
2025-03-22T07:44:30Z;846;;974
2025-03-22T07:44:39Z;906;;1034
2025-03-22T07:44:55Z;848;;976
2025-03-22T07:44:58Z;928;;1056
2025-03-22T07:45:01Z;;276;1204
2025-03-22T07:45:17Z;2008;;2284
2025-03-22T07:45:18Z;2441;;2717
2025-03-22T07:45:30Z;1020;;1296
2025-03-22T07:46:03Z;1231;;1507
2025-03-22T07:46:08Z;1185;;1461
2025-03-22T07:46:09Z;1246;;1522
2025-03-22T07:46:18Z;1193;;1469
2025-03-22T07:46:19Z;1257;;1533
2025-03-22T07:46:20Z;1185;;1461
2025-03-22T07:46:21Z;1259;;1535
2025-03-22T07:46:47Z;1227;;1503
2025-03-22T07:46:48Z;1172;;1448
2025-03-22T07:47:04Z;894;;1170
2025-03-22T07:48:00Z;946;;1222
2025-03-22T07:52:05Z;2541;;2817
2025-03-22T07:53:08Z;3125;;3401
2025-03-22T07:53:09Z;2673;;2949
2025-03-22T07:54:07Z;1284;;1560
2025-03-22T07:54:26Z;2596;;2872
2025-03-22T07:55:16Z;1342;;1618
2025-03-22T07:55:50Z;1524;;1800
2025-03-22T07:56:09Z;1474;;1750
2025-03-22T07:56:12Z;1770;;2046
2025-03-22T07:56:30Z;1920;;2196
2025-03-22T07:56:31Z;1697;;1973
2025-03-22T07:56:45Z;2212;;2488
2025-03-22T07:56:46Z;1708;;1984
2025-03-22T07:56:47Z;3165;;3441
2025-03-22T07:56:49Z;1887;;2163
2025-03-22T07:57:03Z;1762;;2038
2025-03-22T07:57:04Z;2415;;2691
2025-03-22T07:57:53Z;2369;;2645
2025-03-22T07:57:57Z;2445;;2721
2025-03-22T07:59:41Z;2712;;2988
2025-03-22T08:00:03Z;;242;2954
2025-03-22T08:00:16Z;2682;;2924
2025-03-22T08:02:03Z;2528;;2770
2025-03-22T08:04:54Z;2730;;2972
2025-03-22T08:07:31Z;3006;;3248
2025-03-22T08:07:38Z;3027;;3269
2025-03-22T08:07:40Z;2955;;3197
2025-03-22T08:09:14Z;3008;;3250
2025-03-22T08:11:57Z;3332;;3574
2025-03-22T08:12:03Z;3250;;3492
2025-03-22T08:12:05Z;3310;;3552
2025-03-22T08:12:13Z;3239;;3481
2025-03-22T08:12:18Z;3431;;3673
2025-03-22T08:12:21Z;3284;;3526
2025-03-22T08:12:45Z;3723;;3965
2025-03-22T08:12:55Z;3274;;3516
2025-03-22T08:12:56Z;3328;;3570
2025-03-22T08:12:58Z;3272;;3514
2025-03-22T08:13:00Z;3327;;3569
2025-03-22T08:13:21Z;3274;;3516
2025-03-22T08:13:22Z;3553;;3795
2025-03-22T08:14:04Z;3351;;3593
2025-03-22T08:14:28Z;3622;;3864
2025-03-22T08:14:29Z;3442;;3684
2025-03-22T08:15:02Z;;169;3611
2025-03-22T08:15:22Z;3683;;3852
2025-03-22T08:15:52Z;3674;;3843
2025-03-22T08:15:53Z;3531;;3700
2025-03-22T08:16:00Z;5187;;5356
2025-03-22T08:16:01Z;5402;;5571
2025-03-22T08:16:02Z;5186;;5355
2025-03-22T08:17:00Z;3507;;3676
2025-03-22T08:17:59Z;5124;;5293
2025-03-22T08:19:23Z;5433;;5602
2025-03-22T08:19:24Z;5347;;5516
2025-03-22T08:20:06Z;5488;;5657
2025-03-22T08:20:07Z;5326;;5495
2025-03-22T08:20:49Z;5474;;5643
2025-03-22T08:20:50Z;5341;;5510
2025-03-22T08:21:10Z;5539;;5708
2025-03-22T08:21:11Z;5382;;5551
2025-03-22T08:21:15Z;5438;;5607
2025-03-22T08:21:16Z;5384;;5553
2025-03-22T08:21:34Z;5446;;5615
2025-03-22T08:21:55Z;5388;;5557
2025-03-22T08:21:59Z;5380;;5549
2025-03-22T08:22:02Z;2898;;3067
2025-03-22T08:22:03Z;2689;;2858
2025-03-22T08:22:16Z;2797;;2966
2025-03-22T08:22:17Z;2694;;2863
2025-03-22T08:22:38Z;2749;;2918
2025-03-22T08:22:47Z;2677;;2846
2025-03-22T08:22:57Z;2814;;2983
2025-03-22T08:22:58Z;2692;;2861
2025-03-22T08:23:13Z;2741;;2910
2025-03-22T08:23:40Z;2846;;3015
2025-03-22T08:23:43Z;2696;;2865
2025-03-22T08:24:01Z;2863;;3032
2025-03-22T08:24:13Z;2689;;2858
2025-03-22T08:24:32Z;2764;;2933
2025-03-22T08:24:33Z;2694;;2863
2025-03-22T08:24:44Z;2886;;3055
2025-03-22T08:24:49Z;2676;;2845
2025-03-22T08:25:05Z;2848;;3017
2025-03-22T08:25:10Z;2685;;2854
2025-03-22T08:25:12Z;2786;;2955
2025-03-22T08:25:25Z;3053;;3222
2025-03-22T08:25:29Z;3332;;3501
2025-03-22T08:25:50Z;3279;;3448
2025-03-22T08:25:52Z;3282;;3451
2025-03-22T08:26:23Z;3347;;3516
2025-03-22T08:27:58Z;3628;;3797
2025-03-22T08:27:59Z;3563;;3732
2025-03-22T08:28:02Z;3611;;3780
2025-03-22T08:28:08Z;3556;;3725
2025-03-22T08:28:27Z;3672;;3841
2025-03-22T08:28:32Z;3561;;3730
2025-03-22T08:28:34Z;3797;;3966
2025-03-22T08:28:39Z;3985;;4154
2025-03-22T08:28:40Z;3860;;4029
2025-03-22T08:29:05Z;3580;;3749
2025-03-22T08:29:46Z;4988;;5157
2025-03-22T08:30:02Z;;198;5186
2025-03-22T08:30:14Z;5035;;5233
2025-03-22T08:30:23Z;5116;;5314
2025-03-22T08:30:42Z;6744;;6942
2025-03-22T08:31:25Z;6549;;6747
2025-03-22T08:31:30Z;6614;;6812
2025-03-22T08:31:31Z;6520;;6718
2025-03-22T08:32:47Z;6231;;6429
2025-03-22T08:32:50Z;6689;;6887
2025-03-22T08:32:51Z;6354;;6552
2025-03-22T08:32:59Z;6274;;6472
2025-03-22T08:33:01Z;6653;;6851
2025-03-22T08:33:02Z;6135;;6333
2025-03-22T08:33:04Z;6308;;6506
2025-03-22T08:33:09Z;6251;;6449
2025-03-22T08:33:17Z;6449;;6647
2025-03-22T08:33:18Z;4862;;5060
2025-03-22T08:34:00Z;5239;;5437
2025-03-22T08:34:04Z;5086;;5284
2025-03-22T08:34:20Z;5159;;5357
2025-03-22T08:34:43Z;5422;;5620
2025-03-22T08:34:44Z;5308;;5506
2025-03-22T08:35:04Z;5422;;5620
2025-03-22T08:35:05Z;5288;;5486
2025-03-22T08:35:18Z;5065;;5263
2025-03-22T08:35:47Z;5142;;5340
2025-03-22T08:35:48Z;4996;;5194
2025-03-22T08:36:24Z;6442;;6640
2025-03-22T08:36:30Z;6606;;6804
2025-03-22T08:36:33Z;6532;;6730
2025-03-22T08:36:40Z;;299;6831
2025-03-22T08:36:51Z;6689;;6988
2025-03-22T08:36:52Z;6510;;6809
2025-03-22T08:37:12Z;4963;;5262
2025-03-22T08:37:37Z;5202;;5501
2025-03-22T08:37:48Z;4780;;5079
2025-03-22T08:37:51Z;;308;5088
2025-03-22T08:37:53Z;;220;5000
2025-03-22T08:37:55Z;4959;;5179
2025-03-22T08:37:57Z;4786;;5006
2025-03-22T08:37:59Z;4853;;5073
2025-03-22T08:38:01Z;4772;;4992
2025-03-22T08:38:02Z;4856;;5076
2025-03-22T08:38:03Z;4796;;5016
2025-03-22T08:38:05Z;4863;;5083
2025-03-22T08:38:06Z;4764;;4984
2025-03-22T08:38:17Z;4836;;5056
2025-03-22T08:38:26Z;4772;;4992
2025-03-22T08:38:35Z;4822;;5042
2025-03-22T08:38:55Z;4776;;4996
2025-03-22T08:39:01Z;4857;;5077
2025-03-22T08:39:05Z;4792;;5012
2025-03-22T08:39:06Z;4840;;5060
2025-03-22T08:39:09Z;4782;;5002
2025-03-22T08:39:21Z;4916;;5136
2025-03-22T08:41:03Z;4774;;4994
2025-03-22T08:41:18Z;3101;;3321
2025-03-22T08:41:51Z;4297;;4517
2025-03-22T08:41:52Z;3391;;3611
2025-03-22T08:41:53Z;3185;;3405
2025-03-22T08:42:33Z;3440;;3660
2025-03-22T08:42:36Z;3296;;3516
2025-03-22T08:42:51Z;3345;;3565
2025-03-22T08:42:54Z;3446;;3666
2025-03-22T08:43:06Z;3297;;3517
2025-03-22T08:43:15Z;4888;;5108
2025-03-22T08:44:09Z;3336;;3556
2025-03-22T08:44:11Z;3267;;3487
2025-03-22T08:44:18Z;3324;;3544
2025-03-22T08:45:01Z;;419;3743
2025-03-22T08:45:28Z;3428;;3847
2025-03-22T08:46:28Z;3621;;4040
2025-03-22T08:46:29Z;3476;;3895
2025-03-22T08:47:32Z;3643;;4062
2025-03-22T08:47:33Z;3497;;3916
2025-03-22T08:48:15Z;3758;;4177
2025-03-22T08:48:24Z;3598;;4017
2025-03-22T08:48:36Z;3777;;4196
2025-03-22T08:48:41Z;3590;;4009
2025-03-22T08:49:23Z;3298;;3717
2025-03-22T08:49:32Z;3262;;3681
2025-03-22T08:49:40Z;3487;;3906
2025-03-22T08:49:47Z;3293;;3712
2025-03-22T08:49:48Z;3348;;3767
2025-03-22T08:49:55Z;3276;;3695
2025-03-22T08:50:03Z;3333;;3752
2025-03-22T08:50:12Z;3284;;3703
2025-03-22T08:50:23Z;3489;;3908
2025-03-22T08:50:42Z;3293;;3712
2025-03-22T08:50:52Z;3340;;3759
2025-03-22T08:50:54Z;3292;;3711
2025-03-22T08:51:06Z;3346;;3765
2025-03-22T08:51:15Z;3293;;3712
2025-03-22T08:51:27Z;3471;;3890
2025-03-22T08:51:32Z;3299;;3718
2025-03-22T08:51:34Z;3364;;3783
2025-03-22T08:51:38Z;3298;;3717
2025-03-22T08:51:43Z;3354;;3773
2025-03-22T08:52:00Z;3294;;3713
2025-03-22T08:52:03Z;3513;;3932
2025-03-22T08:52:16Z;3284;;3703
2025-03-22T08:52:24Z;3371;;3790
2025-03-22T08:52:35Z;3290;;3709
2025-03-22T08:52:47Z;3342;;3761
2025-03-22T08:52:53Z;3283;;3702
2025-03-22T08:52:55Z;3341;;3760
2025-03-22T08:52:56Z;3260;;3679
2025-03-22T08:52:57Z;3306;;3725
2025-03-22T08:53:01Z;3238;;3657
2025-03-22T08:53:19Z;3308;;3727
2025-03-22T08:53:20Z;3276;;3695
2025-03-22T08:53:31Z;3358;;3777
2025-03-22T08:53:41Z;3293;;3712
2025-03-22T08:53:50Z;3436;;3855
2025-03-22T08:54:03Z;3237;;3656
2025-03-22T08:54:11Z;3513;;3932
2025-03-22T08:54:18Z;3245;;3664
2025-03-22T08:54:23Z;2993;;3412
2025-03-22T08:54:46Z;2996;;3415
2025-03-22T08:54:54Z;3196;;3615
2025-03-22T08:54:57Z;2987;;3406
2025-03-22T08:54:58Z;3051;;3470
2025-03-22T08:55:06Z;2992;;3411
2025-03-22T08:55:15Z;3235;;3654
2025-03-22T08:55:27Z;2986;;3405
2025-03-22T08:55:38Z;3082;;3501
2025-03-22T08:55:56Z;2976;;3395
2025-03-22T08:55:58Z;3215;;3634
2025-03-22T08:56:11Z;2974;;3393
2025-03-22T08:56:19Z;3067;;3486
2025-03-22T08:56:51Z;2999;;3418
2025-03-22T08:57:14Z;3247;;3666
2025-03-22T08:57:42Z;1488;;1907
2025-03-22T08:58:16Z;1597;;2016
2025-03-22T08:58:33Z;1489;;1908
2025-03-22T08:58:38Z;1543;;1962
2025-03-22T08:58:41Z;1481;;1900
2025-03-22T08:58:42Z;1544;;1963
2025-03-22T08:58:51Z;1447;;1866
2025-03-22T08:58:55Z;;596;2043
2025-03-22T08:58:59Z;1529;;2125
2025-03-22T08:59:03Z;1457;;2053
2025-03-22T08:59:04Z;1526;;2122
2025-03-22T08:59:07Z;1439;;2035
2025-03-22T08:59:19Z;1603;;2199
2025-03-22T08:59:22Z;1482;;2078
2025-03-22T08:59:23Z;1529;;2125
2025-03-22T08:59:32Z;1439;;2035
2025-03-22T08:59:51Z;1525;;2121
2025-03-22T08:59:52Z;1445;;2041
2025-03-22T09:00:01Z;;623;2068
2025-03-22T09:00:02Z;1664;;2287
2025-03-22T09:00:03Z;1476;;2099
2025-03-22T09:00:04Z;1524;;2147
2025-03-22T09:00:07Z;1445;;2068
2025-03-22T09:00:11Z;1500;;2123
2025-03-22T09:00:14Z;1435;;2058
2025-03-22T09:00:17Z;1465;;2088
2025-03-22T09:00:26Z;1663;;2286
2025-03-22T09:00:33Z;1499;;2122
2025-03-22T09:00:40Z;1617;;2240
2025-03-22T09:00:42Z;1471;;2094
2025-03-22T09:01:31Z;1545;;2168
2025-03-22T09:01:32Z;1463;;2086
2025-03-22T09:02:28Z;1674;;2297
2025-03-22T09:02:32Z;1573;;2196
2025-03-22T09:02:33Z;1918;;2541
2025-03-22T09:02:47Z;1440;;2063
2025-03-22T09:03:47Z;1628;;2251
2025-03-22T09:05:05Z;1623;;2246
2025-03-22T09:06:27Z;1609;;2232
2025-03-22T09:06:28Z;1347;;1970
2025-03-22T09:07:13Z;1630;;2253
2025-03-22T09:07:14Z;1450;;2073
2025-03-22T09:07:15Z;1605;;2228
2025-03-22T09:07:17Z;1473;;2096
2025-03-22T09:08:04Z;1537;;2160
2025-03-22T09:08:08Z;1477;;2100
2025-03-22T09:08:41Z;1193;;1816
2025-03-22T09:08:42Z;549;;1172
2025-03-22T09:08:44Z;912;;1535
2025-03-22T09:08:45Z;610;;1233
2025-03-22T09:09:01Z;555;;1178
2025-03-22T09:12:03Z;599;;1222
2025-03-22T09:12:04Z;654;;1277
2025-03-22T09:14:15Z;966;;1589
2025-03-22T09:14:25Z;950;;1573
2025-03-22T09:14:26Z;809;;1432
2025-03-22T09:15:03Z;;663;1472
2025-03-22T09:15:11Z;981;;1644
2025-03-22T09:15:12Z;809;;1472
2025-03-22T09:15:17Z;809;;1472
2025-03-22T09:17:08Z;589;;1252
2025-03-22T09:17:15Z;653;;1316
2025-03-22T09:17:31Z;572;;1235
2025-03-22T09:17:32Z;620;;1283
2025-03-22T09:18:31Z;999;;1662
2025-03-22T09:18:32Z;787;;1450
2025-03-22T09:18:54Z;1054;;1717
2025-03-22T09:18:55Z;756;;1419
2025-03-22T09:19:06Z;577;;1240
2025-03-22T09:19:09Z;631;;1294
2025-03-22T09:19:11Z;559;;1222
2025-03-22T09:19:29Z;617;;1280
2025-03-22T09:19:45Z;2292;;2955
2025-03-22T09:22:06Z;;901;3193
2025-03-22T09:22:12Z;3265;;4166
2025-03-22T09:22:13Z;2292;;3193
2025-03-22T09:23:44Z;2043;;2944
2025-03-22T09:26:08Z;2334;;3235
2025-03-22T09:26:09Z;2018;;2919
2025-03-22T09:27:20Z;1790;;2691
2025-03-22T09:27:29Z;1779;;2680
2025-03-22T09:27:30Z;1846;;2747
2025-03-22T09:27:32Z;1792;;2693
2025-03-22T09:27:37Z;;1194;2986
2025-03-22T09:27:38Z;1904;;3098
2025-03-22T09:27:51Z;1799;;2993
2025-03-22T09:27:59Z;2033;;3227
2025-03-22T09:28:17Z;1792;;2986
2025-03-22T09:28:18Z;1855;;3049
2025-03-22T09:28:38Z;1791;;2985
2025-03-22T09:28:42Z;1976;;3170
2025-03-22T09:28:52Z;1787;;2981
2025-03-22T09:28:53Z;1855;;3049
2025-03-22T09:28:55Z;1782;;2976
2025-03-22T09:28:56Z;1844;;3038
2025-03-22T09:28:57Z;1755;;2949
2025-03-22T09:29:06Z;1456;;2650
2025-03-22T09:29:07Z;1544;;2738
2025-03-22T09:29:14Z;1460;;2654
2025-03-22T09:29:28Z;;1500;2960
2025-03-22T09:29:57Z;1541;;3041
2025-03-22T09:30:03Z;;1606;3147
2025-03-22T09:30:07Z;244;;1850
2025-03-22T09:30:09Z;-262;;1344
2025-03-22T09:30:14Z;-262;;1344
2025-03-22T09:30:37Z;-606;1818;1000
2025-03-22T09:30:50Z;-450;;1368
2025-03-22T09:30:51Z;-613;;1205
2025-03-22T09:31:00Z;-463;;1355
2025-03-22T09:31:01Z;-607;;1211
2025-03-22T09:31:16Z;-534;;1284
2025-03-22T09:31:21Z;-626;;1192
2025-03-22T09:31:44Z;-339;;1479
2025-03-22T09:32:06Z;-534;;1284
2025-03-22T09:32:08Z;-361;;1457
2025-03-22T09:32:43Z;-599;;1219
2025-03-22T09:33:11Z;;1808;1209
2025-03-22T09:34:03Z;-892;2066;1467
2025-03-22T09:34:07Z;-1000;;1066
2025-03-22T09:34:12Z;;2087;1087
2025-03-22T09:34:44Z;-874;;1213
2025-03-22T09:34:45Z;;2110;1236
2025-03-22T09:34:56Z;;2421;1547
2025-03-22T09:35:12Z;-1585;2795;1921
2025-03-22T09:35:18Z;-1534;2694;1109
2025-03-22T09:35:24Z;-1605;2801;1267
2025-03-22T09:35:32Z;-1860;;941
2025-03-22T09:35:33Z;;3163;1303
2025-03-22T09:35:42Z;-2119;;1044
2025-03-22T09:35:44Z;;3308;1189
2025-03-22T09:35:58Z;;3262;1143
2025-03-22T09:36:00Z;-2013;;1249
2025-03-22T09:36:05Z;;2977;964
2025-03-22T09:36:07Z;-1800;;1177
2025-03-22T09:36:09Z;-1585;;1392
2025-03-22T09:36:11Z;-1682;;1295
2025-03-22T09:36:12Z;;3099;1417
2025-03-22T09:36:13Z;;3347;1665
2025-03-22T09:36:15Z;-2014;;1333
2025-03-22T09:36:49Z;;3289;1275
2025-03-22T09:36:50Z;-2401;;888
2025-03-22T09:37:10Z;-2528;3458;761
2025-03-22T09:37:14Z;-2368;;1090
2025-03-22T09:37:16Z;-2080;3180;1378
2025-03-22T09:37:17Z;;2987;907
2025-03-22T09:37:24Z;-2157;3035;830
2025-03-22T09:37:28Z;-2082;;953
2025-03-22T09:37:30Z;;2978;896
2025-03-22T09:37:31Z;;2690;608
2025-03-22T09:37:48Z;-1785;;905
2025-03-22T09:37:52Z;-81;;2609
2025-03-22T09:37:54Z;-222;2978;2468
2025-03-22T09:37:58Z;-663;;2315
2025-03-22T09:38:00Z;;3354;2691
2025-03-22T09:38:03Z;-629;3262;2725
2025-03-22T09:38:05Z;;2867;2238
2025-03-22T09:38:07Z;-231;;2636
2025-03-22T09:38:18Z;104;2180;2971
2025-03-22T09:38:20Z;;3002;3106
2025-03-22T09:38:24Z;-282;;2720
2025-03-22T09:38:29Z;;3347;3065
2025-03-22T09:38:30Z;-652;;2695
2025-03-22T09:38:33Z;;3623;2971
2025-03-22T09:38:37Z;;3493;2841
2025-03-22T09:38:38Z;-374;;3119
2025-03-22T09:38:44Z;-681;;2812
2025-03-22T09:38:45Z;-706;;2787
2025-03-22T09:38:46Z;-231;;3262
2025-03-22T09:38:47Z;;3118;2887
2025-03-22T09:38:48Z;;2974;2743
2025-03-22T09:38:49Z;-300;;2674
2025-03-22T09:39:06Z;;3095;2795
2025-03-22T09:39:07Z;-305;;2790
2025-03-22T09:39:10Z;;2913;2608
2025-03-22T09:39:12Z;;2631;2326
2025-03-22T09:39:13Z;109;;2740
2025-03-22T09:39:22Z;;2708;2817
2025-03-22T09:39:24Z;-28;;2680
2025-03-22T09:39:36Z;;2643;2615
2025-03-22T09:39:38Z;49;;2692
2025-03-22T09:39:39Z;31;2691;2674
2025-03-22T09:39:50Z;;3049;3080
2025-03-22T09:39:52Z;-286;;2763
2025-03-22T09:39:53Z;-509;;2540
2025-03-22T09:39:54Z;;3549;3040
2025-03-22T09:39:55Z;-942;;2607
2025-03-22T09:39:58Z;;3782;2840
2025-03-22T09:40:00Z;;3428;2486
2025-03-22T09:40:01Z;-980;;2448
2025-03-22T09:40:02Z;-620;;2808
2025-03-22T09:40:03Z;-361;;3067
2025-03-22T09:40:04Z;;3184;2823
2025-03-22T09:40:05Z;;2897;2536
2025-03-22T09:40:06Z;;3005;2644
2025-03-22T09:40:08Z;;3491;3130
2025-03-22T09:40:10Z;-179;3666;3305
2025-03-22T09:40:25Z;-682;2939;2984
2025-03-22T09:40:27Z;-316;;2623
2025-03-22T09:40:28Z;178;;3117
2025-03-22T09:40:31Z;84;2666;3023
2025-03-22T09:40:33Z;;2764;2848
2025-03-22T09:40:35Z;-66;2653;2698
2025-03-22T09:40:37Z;;2313;2247
2025-03-22T09:40:39Z;291;;2604
2025-03-22T09:40:40Z;497;;2810
2025-03-22T09:40:41Z;;2055;2552
2025-03-22T09:40:44Z;614;;2669
2025-03-22T09:40:50Z;916;1790;2971
2025-03-22T09:41:20Z;;1804;2720
2025-03-22T09:41:22Z;850;1821;2654
2025-03-22T09:41:26Z;903;;2724
2025-03-22T09:41:43Z;1203;;3024
2025-03-22T09:41:44Z;873;;2694
2025-03-22T09:41:51Z;;1796;2669
2025-03-22T09:41:52Z;1001;;2797
2025-03-22T09:41:56Z;1404;;3200
2025-03-22T09:41:57Z;1572;;3368
2025-03-22T09:42:09Z;2081;;3877
2025-03-22T09:42:10Z;1199;;2995
2025-03-22T09:42:14Z;1262;;3058
2025-03-22T09:42:15Z;1198;;2994
2025-03-22T09:42:18Z;1257;;3053
2025-03-22T09:42:19Z;1102;;2898
2025-03-22T09:42:20Z;1248;;3044
2025-03-22T09:42:25Z;1190;;2986
2025-03-22T09:42:29Z;1237;;3033
2025-03-22T09:43:02Z;;1498;2735
2025-03-22T09:44:20Z;1577;;3075
2025-03-22T09:44:27Z;1507;;3005
2025-03-22T09:44:29Z;1440;;2938
2025-03-22T09:44:38Z;1522;;3020
2025-03-22T09:44:39Z;1434;;2932
2025-03-22T09:44:54Z;;1516;2950
2025-03-22T09:45:01Z;;1875;3309
2025-03-22T09:45:02Z;1134;;3009
2025-03-22T09:45:04Z;;1567;2701
2025-03-22T09:45:11Z;;1710;2844
2025-03-22T09:45:14Z;1234;;2944
2025-03-22T09:45:17Z;1152;;2862
2025-03-22T09:45:53Z;;1536;2688
2025-03-22T09:46:05Z;1189;;2725
2025-03-22T09:46:06Z;;1776;2965
2025-03-22T09:46:08Z;;1932;3121
2025-03-22T09:46:09Z;876;;2808
2025-03-22T09:46:10Z;953;;2885
2025-03-22T09:46:11Z;838;;2770
2025-03-22T09:46:13Z;;2365;3203
2025-03-22T09:46:16Z;591;2210;2956
2025-03-22T09:46:18Z;;2071;2662
2025-03-22T09:46:20Z;800;2714;2871
2025-03-22T09:46:22Z;;3106;3906
2025-03-22T09:46:24Z;456;;3562
2025-03-22T09:46:25Z;58;;3164
2025-03-22T09:46:26Z;-64;;3042
2025-03-22T09:46:28Z;-127;;2979
2025-03-22T09:46:29Z;-436;3459;2670
2025-03-22T09:46:30Z;;3709;3273
2025-03-22T09:46:32Z;;3574;3138
2025-03-22T09:46:33Z;-565;;3009
2025-03-22T09:46:34Z;-415;;3159
2025-03-22T09:46:36Z;;3221;2806
2025-03-22T09:46:37Z;;3483;3068
2025-03-22T09:46:38Z;-252;;3231
2025-03-22T09:46:39Z;-722;;2761
2025-03-22T09:46:40Z;-702;;2781
2025-03-22T09:46:41Z;;3703;3001
2025-03-22T09:46:42Z;;3386;2684
2025-03-22T09:46:57Z;;3100;2398
2025-03-22T09:46:58Z;1210;;4310
2025-03-22T09:48:16Z;1433;;4533
2025-03-22T09:48:54Z;-586;;2514
2025-03-22T09:48:57Z;;1770;1184
2025-03-22T09:48:59Z;;1925;1339
2025-03-22T09:49:00Z;-992;;933
2025-03-22T09:49:04Z;;1937;945
2025-03-22T09:49:06Z;-1236;;701
2025-03-22T09:49:07Z;-1024;;913
2025-03-22T09:49:08Z;;1782;758
2025-03-22T09:49:52Z;-624;;1158
2025-03-22T09:50:53Z;-608;;1174
2025-03-22T09:50:59Z;-838;1931;944
2025-03-22T09:51:03Z;-1171;;760
2025-03-22T09:51:04Z;-1141;2018;790
2025-03-22T09:51:05Z;-936;;1082
2025-03-22T09:51:06Z;;1807;871
2025-03-22T09:52:11Z;-528;;1279
2025-03-22T09:52:12Z;-629;;1178
2025-03-22T09:52:14Z;;1809;1180
2025-03-22T09:52:22Z;-903;;906
2025-03-22T09:52:26Z;;2135;1232
2025-03-22T09:52:28Z;;2047;1144
2025-03-22T09:52:35Z;-689;;1358
2025-03-22T09:52:54Z;;1796;1107
2025-03-22T09:53:10Z;;1842;1153
2025-03-22T09:53:11Z;-893;;949
2025-03-22T09:53:30Z;-940;;902
2025-03-22T09:53:33Z;;2132;1192
2025-03-22T09:53:34Z;-1243;;889
2025-03-22T09:53:37Z;;2300;1057
2025-03-22T09:53:39Z;-1021;2277;1034
2025-03-22T09:53:40Z;;2134;1113
2025-03-22T09:54:05Z;;2134;1113
2025-03-22T09:54:07Z;-1248;;886
2025-03-22T09:54:08Z;;2484;1236
2025-03-22T09:54:09Z;-1486;;998
2025-03-22T09:54:10Z;-1532;;952
2025-03-22T09:54:12Z;;2771;1239
2025-03-22T09:54:14Z;;3056;1524
2025-03-22T09:54:15Z;-1971;;1085
2025-03-22T09:54:16Z;-1617;;1439
2025-03-22T09:54:18Z;;2877;1260
2025-03-22T09:54:19Z;;2667;1050
2025-03-22T09:54:21Z;;2386;769
2025-03-22T09:54:22Z;-1514;;872
2025-03-22T09:54:23Z;-1177;;1209
2025-03-22T09:54:24Z;-1287;;1099
2025-03-22T09:54:25Z;;2470;1183
2025-03-22T09:54:27Z;-1439;;1031
2025-03-22T09:54:28Z;;2707;1268
2025-03-22T09:54:29Z;-1677;;1030
2025-03-22T09:54:32Z;;2596;919
2025-03-22T09:54:34Z;;2345;668
2025-03-22T09:54:48Z;;2098;421
2025-03-22T09:54:51Z;-1118;;980
2025-03-22T09:54:53Z;;2210;1092
2025-03-22T09:54:54Z;-1240;;970
2025-03-22T09:54:55Z;-1360;;850
2025-03-22T09:54:57Z;;2439;1079
2025-03-22T09:54:59Z;-1431;2325;1008
2025-03-22T09:55:04Z;-1181;;1144
2025-03-22T09:55:11Z;;2055;874
2025-03-22T09:55:13Z;-921;;1134
2025-03-22T09:55:17Z;-941;;1114
2025-03-22T09:55:25Z;-910;;1145
2025-03-22T09:55:28Z;-870;;1185
2025-03-22T09:55:35Z;;2116;1246
2025-03-22T09:55:38Z;;2025;1155
2025-03-22T09:55:43Z;-871;;1154
2025-03-22T09:55:48Z;;1793;922
2025-03-22T09:56:07Z;758;;2551
2025-03-22T09:56:09Z;-357;;1436
2025-03-22T09:56:29Z;-498;;1295
2025-03-22T09:56:30Z;-273;;1520
2025-03-22T09:56:46Z;;1494;1221
2025-03-22T09:57:25Z;-177;;1317
2025-03-22T09:57:36Z;-267;;1227
2025-03-22T09:57:38Z;-379;;1115
2025-03-22T09:58:12Z;-284;;1210
2025-03-22T10:00:02Z;;1200;916
2025-03-22T10:00:14Z;-173;;1027
2025-03-22T10:00:18Z;;1202;1029
2025-03-22T10:01:47Z;;1241;1068
2025-03-22T10:02:51Z;-324;;917
2025-03-22T10:03:06Z;-310;;931
2025-03-22T10:03:26Z;-328;;913
2025-03-22T10:03:41Z;;1504;1176
2025-03-22T10:03:57Z;-664;;840
2025-03-22T10:04:01Z;;2030;1366
2025-03-22T10:04:03Z;-819;;1211
2025-03-22T10:04:06Z;;1774;955
2025-03-22T10:04:11Z;-594;;1180
2025-03-22T10:04:48Z;-642;;1132
2025-03-22T10:04:55Z;;1823;1181
2025-03-22T10:05:16Z;-913;;910
2025-03-22T10:05:26Z;-866;;957
2025-03-22T10:05:28Z;;2051;1185
2025-03-22T10:05:31Z;;2184;1318
2025-03-22T10:05:32Z;-990;;1194
2025-03-22T10:05:39Z;-875;2087;1309
2025-03-22T10:06:01Z;-578;;1509
2025-03-22T10:06:10Z;;1805;1227
2025-03-22T10:07:01Z;-313;;1492
2025-03-22T10:07:36Z;-332;;1473
2025-03-22T10:07:53Z;;1501;1169
2025-03-22T10:10:03Z;;1541;1209
2025-03-22T10:10:04Z;-603;;938
2025-03-22T10:14:37Z;;1497;894
2025-03-22T10:14:41Z;-556;;941
2025-03-22T10:15:01Z;;1441;885
2025-03-22T10:15:14Z;-482;;959
2025-03-22T10:16:18Z;-398;;1043
2025-03-22T10:17:02Z;;1197;799
2025-03-22T10:19:17Z;-711;;486
2025-03-22T10:19:39Z;-351;;846
2025-03-22T10:19:43Z;94;;1291
2025-03-22T10:20:36Z;;900;994
2025-03-22T10:20:37Z;-12;;888
2025-03-22T10:23:38Z;-104;;796
2025-03-22T10:26:50Z;;941;837
2025-03-22T10:30:07Z;;1064;960
2025-03-22T10:30:16Z;-244;;820
2025-03-22T10:32:52Z;1050;;2114
2025-03-22T10:33:09Z;;1196;2246
2025-03-22T10:33:11Z;-273;;923
2025-03-22T10:34:20Z;;1495;1222
2025-03-22T10:34:22Z;-578;;917
2025-03-22T10:34:29Z;;1812;1234
2025-03-22T10:34:30Z;-869;;943
2025-03-22T10:34:34Z;;2186;1317
2025-03-22T10:34:35Z;;2265;1396
2025-03-22T10:34:36Z;-1165;;1100
2025-03-22T10:34:37Z;-1480;;785
2025-03-22T10:34:38Z;;2684;1204
2025-03-22T10:34:41Z;-1764;;920
2025-03-22T10:34:42Z;-1829;2772;855
2025-03-22T10:34:46Z;-1473;2500;671
2025-03-22T10:34:48Z;-1184;;1316
2025-03-22T10:34:49Z;;2085;901
2025-03-22T10:34:53Z;-904;;1181
2025-03-22T10:34:55Z;;1809;905
2025-03-22T10:34:59Z;-576;;1233
2025-03-22T10:35:03Z;;1491;915
2025-03-22T10:37:07Z;-302;;1189
2025-03-22T10:37:19Z;;1198;896
2025-03-22T10:38:02Z;;1254;952
2025-03-22T10:38:04Z;;1169;867
2025-03-22T10:38:48Z;-31;;1138
2025-03-22T10:39:54Z;64;;1233
2025-03-22T10:40:11Z;56;;1225
2025-03-22T10:40:36Z;-49;;1120
2025-03-22T10:40:40Z;-46;;1123
2025-03-22T10:40:48Z;61;;1230
2025-03-22T10:41:17Z;46;;1215
2025-03-22T10:41:55Z;-604;;565
2025-03-22T10:43:12Z;;902;298
2025-03-22T10:44:31Z;-365;;537
2025-03-22T10:44:37Z;107;;1009
2025-03-22T10:44:40Z;307;;1209
2025-03-22T10:44:43Z;257;;1159
2025-03-22T10:44:45Z;312;;1214
2025-03-22T10:44:56Z;247;;1149
2025-03-22T10:44:58Z;312;;1214
2025-03-22T10:45:00Z;261;;1163
2025-03-22T10:45:01Z;;824;1085
2025-03-22T10:45:14Z;302;;1126
2025-03-22T10:45:21Z;350;;1174
2025-03-22T10:45:22Z;283;;1107
2025-03-22T10:45:31Z;-325;;499
2025-03-22T10:48:39Z;-345;;479
2025-03-22T10:48:51Z;70;;894
2025-03-22T10:49:00Z;454;;1278
2025-03-22T10:49:21Z;287;;1111
2025-03-22T10:49:22Z;458;;1282
2025-03-22T10:49:45Z;251;;1075
2025-03-22T10:49:47Z;197;;1021
2025-03-22T10:51:18Z;;601;798
2025-03-22T10:53:49Z;304;;905
2025-03-22T10:53:53Z;231;;832
2025-03-22T10:55:16Z;641;;1242
2025-03-22T10:55:17Z;404;;1005
2025-03-22T10:56:17Z;;644;1048
2025-03-22T10:56:32Z;160;;804
2025-03-22T10:56:35Z;322;;966
2025-03-22T10:58:54Z;;898;1220
2025-03-22T10:59:16Z;269;;1167
2025-03-22T10:59:33Z;;1181;1450
2025-03-22T10:59:36Z;-26;;1155
2025-03-22T10:59:57Z;-250;1479;1453
2025-03-22T11:00:13Z;-342;;1137
2025-03-22T11:00:14Z;129;;1608
2025-03-22T11:00:15Z;;1479;1608
2025-03-22T11:01:15Z;;1201;1330
2025-03-22T11:04:12Z;-28;1484;1173
2025-03-22T11:04:16Z;-236;1766;1248
2025-03-22T11:04:29Z;;1745;1509
2025-03-22T11:04:31Z;-253;;1492
2025-03-22T11:04:52Z;;1707;1454
2025-03-22T11:04:53Z;-320;;1387
2025-03-22T11:04:58Z;;1780;1460
2025-03-22T11:05:01Z;-257;;1523
2025-03-22T11:05:11Z;-304;;1476
2025-03-22T11:05:27Z;-1190;1777;1473
2025-03-22T11:05:28Z;-1395;;382
2025-03-22T11:05:29Z;;3108;1713
2025-03-22T11:05:30Z;;2841;1446
2025-03-22T11:05:32Z;-1727;2389;994
2025-03-22T11:05:33Z;-1164;;1225
2025-03-22T11:05:35Z;-723;;1666
2025-03-22T11:05:36Z;;2019;1296
2025-03-22T11:05:37Z;;2042;1319
2025-03-22T11:05:38Z;;1958;1235
2025-03-22T11:05:41Z;-474;;1484
2025-03-22T11:05:43Z;-649;1800;1309
2025-03-22T11:05:44Z;-419;;1381
2025-03-22T11:05:46Z;-297;;1503
2025-03-22T11:06:01Z;;1503;1206
2025-03-22T11:06:20Z;46;;1549
2025-03-22T11:07:35Z;;1202;1248
2025-03-22T11:07:43Z;302;;1504
2025-03-22T11:08:55Z;;895;1197
2025-03-22T11:08:57Z;;629;931
2025-03-22T11:09:39Z;;894;1196
2025-03-22T11:09:53Z;700;;1594
2025-03-22T11:10:05Z;171;;1065
2025-03-22T11:12:07Z;;942;1113
2025-03-22T11:12:26Z;-46;;896
2025-03-22T11:12:35Z;107;;1049
2025-03-22T11:12:37Z;1421;;2363
2025-03-22T11:12:53Z;;1190;2611
2025-03-22T11:12:58Z;1163;;2353
2025-03-22T11:13:02Z;;1551;2714
2025-03-22T11:13:03Z;894;;2445
2025-03-22T11:13:18Z;1244;;2795
2025-03-22T11:13:23Z;1571;;3122
2025-03-22T11:13:27Z;1822;;3373
2025-03-22T11:13:28Z;;1207;3029
2025-03-22T11:13:34Z;538;;1745
2025-03-22T11:13:48Z;;1244;1782
2025-03-22T11:13:59Z;268;;1512
2025-03-22T11:14:01Z;327;;1571
2025-03-22T11:14:13Z;;1201;1528
2025-03-22T11:14:15Z;7;;1208
2025-03-22T11:15:01Z;;1147;1154
2025-03-22T11:15:14Z;-149;;998
2025-03-22T11:16:35Z;-43;;1104
2025-03-22T11:17:13Z;;1233;1190
2025-03-22T11:17:22Z;;1212;1169
2025-03-22T11:17:26Z;49;;1261
2025-03-22T11:17:34Z;323;;1535
2025-03-22T11:17:40Z;647;;1859
2025-03-22T11:19:00Z;592;;1804
2025-03-22T11:19:02Z;645;;1857
2025-03-22T11:19:07Z;595;;1807
2025-03-22T11:19:09Z;680;;1892
2025-03-22T11:19:14Z;597;;1809
2025-03-22T11:19:21Z;653;;1865
2025-03-22T11:19:23Z;587;;1799
2025-03-22T11:19:25Z;635;;1847
2025-03-22T11:19:33Z;585;;1797
2025-03-22T11:20:33Z;;1250;1835
2025-03-22T11:20:40Z;287;;1537
2025-03-22T11:20:42Z;;1495;1782
2025-03-22T11:20:44Z;;1464;1751
2025-03-22T11:20:50Z;337;;1801
2025-03-22T11:21:09Z;;1198;1535
2025-03-22T11:24:22Z;;1237;1574
2025-03-22T11:24:25Z;272;;1509
2025-03-22T11:24:37Z;319;;1556
2025-03-22T11:24:48Z;268;;1505
2025-03-22T11:27:53Z;315;1194;1552
2025-03-22T11:30:01Z;;1131;1446
2025-03-22T11:30:19Z;362;;1493
2025-03-22T11:33:36Z;-112;;1019
2025-03-22T11:33:51Z;;1240;1128
2025-03-22T11:33:55Z;-290;;950
2025-03-22T11:33:57Z;-318;;922
2025-03-22T11:34:14Z;;1202;884
2025-03-22T11:36:35Z;92;;1294
2025-03-22T11:36:51Z;356;;1558
2025-03-22T11:36:56Z;628;;1830
2025-03-22T11:37:07Z;579;;1781
2025-03-22T11:37:10Z;921;;2123
2025-03-22T11:37:11Z;719;;1921
2025-03-22T11:37:20Z;561;;1763
2025-03-22T11:37:21Z;961;;2163
2025-03-22T11:37:22Z;725;;1927
2025-03-22T11:38:31Z;-42;;1160
2025-03-22T11:39:09Z;46;;1248
2025-03-22T11:39:13Z;-38;;1164
2025-03-22T11:40:46Z;66;;1268
2025-03-22T11:41:03Z;;1245;1311
2025-03-22T11:41:05Z;303;;1548
2025-03-22T11:41:09Z;;1482;1785
2025-03-22T11:41:11Z;251;;1733
2025-03-22T11:41:13Z;;1438;1689
2025-03-22T11:41:14Z;347;;1785
2025-03-22T11:41:18Z;625;;2063
2025-03-22T11:41:19Z;555;1186;1993
2025-03-22T11:41:20Z;670;;1856
2025-03-22T11:42:05Z;563;;1749
2025-03-22T11:42:52Z;;1238;1801
2025-03-22T11:42:54Z;276;;1514
2025-03-22T11:42:56Z;;1525;1801
2025-03-22T11:42:58Z;-11;;1514
2025-03-22T11:43:04Z;53;1482;1578
2025-03-22T11:43:06Z;;1486;1539
2025-03-22T11:43:08Z;-35;;1451
2025-03-22T11:43:23Z;214;;1700
2025-03-22T11:44:53Z;298;;1784
2025-03-22T11:45:01Z;;1164;1462
2025-03-22T11:45:14Z;318;;1482
2025-03-22T11:45:46Z;;1245;1563
2025-03-22T11:46:23Z;0;1518;1245
2025-03-22T11:46:27Z;-42;;1476
2025-03-22T11:46:31Z;;1469;1427
2025-03-22T11:46:33Z;62;;1531
2025-03-22T11:46:50Z;;1519;1581
2025-03-22T11:46:55Z;-42;;1477
2025-03-22T11:46:58Z;;1800;1758
2025-03-22T11:47:01Z;-320;;1480
2025-03-22T11:47:22Z;;2129;1809
2025-03-22T11:47:24Z;-611;;1518
2025-03-22T11:47:28Z;;2446;1835
2025-03-22T11:47:41Z;;2388;1777
2025-03-22T11:48:10Z;-562;2103;1541
2025-03-22T11:48:17Z;-296;;1807
2025-03-22T11:48:38Z;-373;;1730
2025-03-22T11:48:41Z;-630;;1473
2025-03-22T11:48:50Z;;2405;1775
2025-03-22T11:48:51Z;-871;;1534
2025-03-22T11:49:17Z;-965;2440;1440
2025-03-22T11:49:31Z;;2391;1426
2025-03-22T11:49:36Z;;2337;1372
2025-03-22T11:49:40Z;-617;;1720
2025-03-22T11:49:56Z;;2095;1478
2025-03-22T11:50:08Z;-614;2167;1481
2025-03-22T11:50:18Z;-608;2115;1559
2025-03-22T11:50:25Z;;2125;1517
2025-03-22T11:50:26Z;-608;;1517
2025-03-22T11:50:30Z;;2077;1469
2025-03-22T11:50:32Z;-592;;1485
2025-03-22T11:50:43Z;-609;;1468
2025-03-22T11:50:44Z;;2110;1501
2025-03-22T11:50:54Z;;2401;1792
2025-03-22T11:50:56Z;;2388;1779
2025-03-22T11:50:59Z;-634;;1754
2025-03-22T11:51:15Z;;2055;1421
2025-03-22T11:51:16Z;-888;;1167
2025-03-22T11:51:44Z;-862;;1193
2025-03-22T11:51:50Z;;2394;1532
2025-03-22T11:51:53Z;;2404;1542
2025-03-22T11:51:56Z;-833;;1571
2025-03-22T11:51:58Z;;2738;1905
2025-03-22T11:52:03Z;-1151;;1587
2025-03-22T11:52:05Z;;2963;1812
2025-03-22T11:52:09Z;;2948;1797
2025-03-22T11:52:11Z;-1163;;1785
2025-03-22T11:52:15Z;;2689;1526
2025-03-22T11:52:33Z;-881;;1808
2025-03-22T11:52:38Z;;2365;1484
2025-03-22T11:52:41Z;-963;2644;1402
2025-03-22T11:52:45Z;-1200;;1444
2025-03-22T11:52:46Z;;2813;1613
2025-03-22T11:52:47Z;-1086;;1727
2025-03-22T11:52:48Z;-889;;1924
2025-03-22T11:52:50Z;;2343;1454
2025-03-22T11:52:52Z;-599;;1744
2025-03-22T11:53:01Z;-664;;1679
2025-03-22T11:53:03Z;;2436;1772
2025-03-22T11:53:06Z;;2345;1681
2025-03-22T11:53:09Z;;2423;1759
2025-03-22T11:53:11Z;;2304;1640
2025-03-22T11:53:13Z;-547;;1757
2025-03-22T11:53:18Z;220;;2524
2025-03-22T11:53:19Z;-365;2060;1939
2025-03-22T11:53:21Z;-281;;1779
2025-03-22T11:54:00Z;;1803;1522
2025-03-22T11:54:16Z;;614;333
2025-03-22T11:54:18Z;;1716;1435
2025-03-22T11:56:01Z;82;;1798
2025-03-22T11:56:32Z;187;;1903
2025-03-22T11:56:40Z;-523;;1193
2025-03-22T11:56:43Z;;1818;1295
2025-03-22T11:56:53Z;;1743;1220
2025-03-22T11:56:54Z;-545;;1198
2025-03-22T11:57:24Z;-574;;1169
2025-03-22T11:57:26Z;-593;;1150
2025-03-22T11:57:27Z;-135;;1608
2025-03-22T11:58:15Z;-620;;1123
2025-03-22T11:58:18Z;-570;;1173
2025-03-22T11:59:59Z;-601;;1142
2025-03-22T12:00:02Z;;1808;1207
2025-03-22T12:00:05Z;;1691;1090
2025-03-22T12:00:24Z;-627;;1064
2025-03-22T12:02:38Z;-609;;1082
2025-03-22T12:03:01Z;;1785;1176
2025-03-22T12:03:04Z;-813;;972
2025-03-22T12:03:06Z;;2144;1331
2025-03-22T12:03:08Z;-1277;;867
2025-03-22T12:03:11Z;-1180;;964
2025-03-22T12:03:14Z;;2083;903
2025-03-22T12:03:17Z;-836;;1247
2025-03-22T12:03:59Z;;1799;963
2025-03-22T12:05:07Z;-606;;1193
2025-03-22T12:06:42Z;-645;;1154
2025-03-22T12:07:56Z;;1844;1199
2025-03-22T12:08:15Z;-919;;925
2025-03-22T12:08:16Z;;2109;1190
2025-03-22T12:08:20Z;;2012;1093
2025-03-22T12:08:22Z;-911;;1101
2025-03-22T12:08:46Z;-914;;1098
2025-03-22T12:08:58Z;-896;;1116
2025-03-22T12:09:05Z;-970;;1042
2025-03-22T12:09:33Z;;2127;1157
2025-03-22T12:09:34Z;-901;;1226
2025-03-22T12:09:47Z;-971;;1156
2025-03-22T12:09:48Z;;2131;1160
2025-03-22T12:09:53Z;;2091;1120
2025-03-22T12:09:58Z;;2101;1130
2025-03-22T12:10:02Z;;2123;1152
2025-03-22T12:10:04Z;-950;;1173
2025-03-22T12:10:25Z;-997;;1126
2025-03-22T12:10:26Z;-1111;2144;1147
2025-03-22T12:10:28Z;-1232;;912
2025-03-22T12:10:29Z;;2041;809
2025-03-22T12:10:31Z;-922;;1119
2025-03-22T12:10:52Z;-986;;1055
2025-03-22T12:11:18Z;;1817;831
2025-03-22T12:11:20Z;;2156;1170
2025-03-22T12:11:22Z;;2301;1315
2025-03-22T12:11:25Z;-1001;;1300
2025-03-22T12:11:26Z;-1230;;1071
2025-03-22T12:11:28Z;-1064;2271;1237
2025-03-22T12:11:29Z;;2136;1072
2025-03-22T12:11:31Z;;1792;728
2025-03-22T12:11:33Z;-878;;914
2025-03-22T12:11:54Z;-591;;1201
2025-03-22T12:12:40Z;-647;;1145
2025-03-22T12:12:46Z;;1808;1161
2025-03-22T12:12:49Z;-967;;841
2025-03-22T12:12:50Z;;2098;1131
2025-03-22T12:12:53Z;;2044;1077
2025-03-22T12:12:54Z;-944;;1100
2025-03-22T12:12:57Z;;1785;841
2025-03-22T12:13:29Z;-616;;1169
2025-03-22T12:13:32Z;-632;;1153
2025-03-22T12:13:45Z;;1755;1123
2025-03-22T12:13:48Z;-965;;790
2025-03-22T12:13:53Z;;2119;1154
2025-03-22T12:13:58Z;;2036;1071
2025-03-22T12:14:01Z;-886;;1150
2025-03-22T12:14:03Z;-894;;1142
2025-03-22T12:14:09Z;;2120;1226
2025-03-22T12:14:12Z;;2122;1228
2025-03-22T12:14:15Z;-911;;1211
2025-03-22T12:14:19Z;-952;;1170
2025-03-22T12:14:23Z;-915;1888;1207
2025-03-22T12:14:32Z;-628;;1260
2025-03-22T12:14:47Z;-594;;1294
2025-03-22T12:14:51Z;;1495;901
2025-03-22T12:15:02Z;;1485;891
2025-03-22T12:15:14Z;-497;;988
2025-03-22T12:15:17Z;;1530;1033
2025-03-22T12:15:42Z;;1484;987
2025-03-22T12:21:44Z;-312;;1172
2025-03-22T12:22:38Z;;1201;889
2025-03-22T12:23:57Z;985;;2186
2025-03-22T12:24:33Z;-94;;1107
2025-03-22T12:27:07Z;;1241;1147
2025-03-22T12:27:52Z;-289;;952
2025-03-22T12:28:00Z;-297;;944
2025-03-22T12:28:25Z;;1527;1230
2025-03-22T12:28:28Z;;1481;1184
2025-03-22T12:29:43Z;;1485;1188
2025-03-22T12:29:48Z;-600;;885
2025-03-22T12:29:50Z;-589;;896
2025-03-22T12:29:52Z;;1466;877
2025-03-22T12:29:59Z;-300;;1166
2025-03-22T12:30:01Z;;1355;1055
2025-03-22T12:30:14Z;-265;;1090
2025-03-22T12:32:22Z;-335;;1020
2025-03-22T12:32:37Z;;1556;1221
2025-03-22T12:32:39Z;-606;;950
2025-03-22T12:32:41Z;-586;;970
2025-03-22T12:32:44Z;;1468;882
2025-03-22T12:33:34Z;;1496;910
2025-03-22T12:34:04Z;-598;;898
2025-03-22T12:34:25Z;;1806;1208
2025-03-22T12:34:27Z;-927;;879
2025-03-22T12:34:35Z;;2145;1218
2025-03-22T12:34:36Z;-1143;;1002
2025-03-22T12:34:41Z;;2380;1237
2025-03-22T12:34:43Z;-1404;;976
2025-03-22T12:34:46Z;-1532;;848
2025-03-22T12:34:51Z;-1460;;920
2025-03-22T12:34:54Z;;2708;1248
2025-03-22T12:34:57Z;;2621;1161
2025-03-22T12:35:00Z;-1448;;1173
2025-03-22T12:35:01Z;;2271;823
2025-03-22T12:35:04Z;;2476;1028
2025-03-22T12:35:05Z;-1462;;1014
2025-03-22T12:35:07Z;-1499;;977
2025-03-22T12:35:08Z;-1324;2300;1152
2025-03-22T12:35:10Z;;2101;777
2025-03-22T12:35:15Z;;2078;754
2025-03-22T12:35:21Z;-1316;;762
2025-03-22T12:35:25Z;;2427;1111
2025-03-22T12:35:27Z;-1534;;893
2025-03-22T12:35:43Z;-1475;;952
2025-03-22T12:35:47Z;;2393;918
2025-03-22T12:35:57Z;;2445;970
2025-03-22T12:35:59Z;-1528;;917
2025-03-22T12:36:00Z;-1505;2493;940
2025-03-22T12:36:04Z;-1230;;1263
2025-03-22T12:36:07Z;;2067;837
2025-03-22T12:36:10Z;;2162;932
2025-03-22T12:36:12Z;-1227;;935
2025-03-22T12:36:16Z;-1130;2086;1032
2025-03-22T12:36:21Z;;2180;1050
2025-03-22T12:36:22Z;-1347;;833
2025-03-22T12:36:24Z;-1536;;644
2025-03-22T12:36:25Z;-1074;2437;1106
2025-03-22T12:36:26Z;-1629;;808
2025-03-22T12:36:27Z;;2701;1072
2025-03-22T12:36:28Z;-1833;;868
2025-03-22T12:36:40Z;-1773;;928
2025-03-22T12:37:04Z;;2639;866
2025-03-22T12:37:07Z;-1495;;1144
2025-03-22T12:37:08Z;-1553;;1086
2025-03-22T12:37:10Z;-1475;2375;1164
2025-03-22T12:37:12Z;;2080;605
2025-03-22T12:37:14Z;-1145;;935
2025-03-22T12:37:19Z;;2147;1002
2025-03-22T12:37:20Z;-1225;;922
2025-03-22T12:37:23Z;;2447;1222
2025-03-22T12:37:24Z;-1564;;883
2025-03-22T12:37:28Z;;2302;738
2025-03-22T12:37:30Z;-1486;;816
2025-03-22T12:37:31Z;-1145;;1157
2025-03-22T12:37:33Z;;2063;918
2025-03-22T12:37:55Z;;2119;974
2025-03-22T12:37:57Z;-1337;;782
2025-03-22T12:38:00Z;;2418;1081
2025-03-22T12:38:03Z;;2356;1019
2025-03-22T12:38:20Z;;2438;1101
2025-03-22T12:38:30Z;-1512;;926
2025-03-22T12:38:34Z;;2368;856
2025-03-22T12:38:38Z;-1213;;1155
2025-03-22T12:38:45Z;-1252;;1116
2025-03-22T12:38:52Z;-1224;;1144
2025-03-22T12:38:54Z;;1982;758
2025-03-22T12:38:55Z;-951;;1031
2025-03-22T12:38:58Z;;1857;906
2025-03-22T12:39:04Z;;1815;864
2025-03-22T12:39:05Z;-878;;937
2025-03-22T12:39:09Z;-825;1736;990
2025-03-22T12:39:39Z;-607;;1129
2025-03-22T12:39:40Z;-600;;1136
2025-03-22T12:40:12Z;;1839;1239
2025-03-22T12:40:15Z;-874;;965
2025-03-22T12:40:16Z;;2076;1202
2025-03-22T12:40:21Z;;2086;1212
2025-03-22T12:40:26Z;;2087;1213
2025-03-22T12:40:38Z;;2023;1149
2025-03-22T12:40:40Z;-950;;1073
2025-03-22T12:40:42Z;;1760;810
2025-03-22T12:40:57Z;;1772;822
2025-03-22T12:40:58Z;;1820;870
2025-03-22T12:41:01Z;-602;;1218
2025-03-22T12:41:03Z;;1505;903
2025-03-22T12:42:16Z;-547;1503;958
2025-03-22T12:42:32Z;;1496;949
2025-03-22T12:42:33Z;-598;;898
2025-03-22T12:43:36Z;-650;;846
2025-03-22T12:43:40Z;-592;;904
2025-03-22T12:44:18Z;;1523;931
2025-03-22T12:44:21Z;-663;;860
2025-03-22T12:44:53Z;-921;1872;602
2025-03-22T12:44:54Z;-866;;1006
2025-03-22T12:45:02Z;;1623;757
2025-03-22T12:45:07Z;-868;;755
2025-03-22T12:45:08Z;;1801;933
2025-03-22T12:45:13Z;-882;1748;919
2025-03-22T12:45:18Z;-1006;;742
2025-03-22T12:45:37Z;-884;1825;864
2025-03-22T12:45:44Z;-1164;2124;661
2025-03-22T12:46:11Z;;2137;973
2025-03-22T12:46:12Z;-1140;2130;997
2025-03-22T12:46:17Z;;2073;933
2025-03-22T12:46:18Z;-1132;;941
2025-03-22T12:46:43Z;-1172;2090;901
2025-03-22T12:46:45Z;;2084;912
2025-03-22T12:46:47Z;-1206;;878
2025-03-22T12:46:50Z;;2083;877
2025-03-22T12:46:51Z;-1170;;913
2025-03-22T12:46:55Z;-1195;;888
2025-03-22T12:46:56Z;;2029;834
2025-03-22T12:47:12Z;;2129;934
2025-03-22T12:47:13Z;-1245;;884
2025-03-22T12:47:59Z;-1291;;838
2025-03-22T12:48:00Z;;2020;729
2025-03-22T12:48:03Z;-901;1773;1119
2025-03-22T12:48:07Z;-900;;873
2025-03-22T12:48:11Z;;1823;923
2025-03-22T12:48:28Z;-1162;2104;661
2025-03-22T12:48:33Z;-1165;2039;939
2025-03-22T12:48:50Z;-1482;;557
2025-03-22T12:48:51Z;-1472;;567
2025-03-22T12:48:53Z;;2394;922
2025-03-22T12:48:56Z;-1271;;1123
2025-03-22T12:48:57Z;;2052;781
2025-03-22T12:49:05Z;;2117;846
2025-03-22T12:49:09Z;;2068;797
2025-03-22T12:49:26Z;;1790;519
2025-03-22T12:49:29Z;-893;;897
2025-03-22T12:49:34Z;;1791;898
2025-03-22T12:49:35Z;-905;;886
2025-03-22T12:49:46Z;-1149;;642
2025-03-22T12:49:47Z;;2146;997
2025-03-22T12:50:07Z;-1186;;960
2025-03-22T12:50:13Z;-1147;;999
2025-03-22T12:50:14Z;;2130;983
2025-03-22T12:50:43Z;-1156;2006;974
2025-03-22T12:50:47Z;-894;;1112
2025-03-22T12:50:49Z;;1760;866
2025-03-22T12:50:56Z;;1498;604
2025-03-22T12:50:58Z;-598;;900
2025-03-22T12:51:11Z;-647;;851
2025-03-22T12:51:25Z;;1553;906
2025-03-22T12:51:38Z;;1492;845
2025-03-22T12:51:39Z;-595;;897
2025-03-22T12:51:57Z;-631;;861
2025-03-22T12:51:58Z;;1593;962
2025-03-22T12:52:00Z;-833;;760
2025-03-22T12:52:01Z;;1867;1034
2025-03-22T12:52:08Z;;1835;1002
2025-03-22T12:52:10Z;-869;;966
2025-03-22T12:52:21Z;-618;1507;1217
2025-03-22T12:54:02Z;;1511;893
2025-03-22T12:54:03Z;;1794;1176
2025-03-22T12:54:05Z;;1817;1199
2025-03-22T12:54:14Z;-598;1524;926
2025-03-22T12:55:02Z;-598;;926
2025-03-22T12:55:03Z;;1531;933
2025-03-22T12:55:04Z;-824;;707
2025-03-22T12:55:21Z;;1701;877
2025-03-22T12:56:39Z;-459;;1242
2025-03-22T12:56:41Z;-435;;1266
2025-03-22T12:56:47Z;-301;;1400
2025-03-22T12:58:10Z;;1513;1212
2025-03-22T12:58:12Z;-634;;879
2025-03-22T12:58:20Z;;1805;1171
2025-03-22T12:58:22Z;-947;;858
2025-03-22T12:58:23Z;;2084;1137
2025-03-22T12:58:25Z;-1228;;856
2025-03-22T12:58:43Z;;2098;870
2025-03-22T12:58:44Z;-1108;;990
2025-03-22T12:58:48Z;;1789;681
2025-03-22T12:58:50Z;-892;;897
2025-03-22T12:59:16Z;-580;;1209
2025-03-22T12:59:29Z;;1520;940
2025-03-22T12:59:31Z;-615;;905
2025-03-22T12:59:39Z;;1819;1204
2025-03-22T12:59:40Z;-891;;928
2025-03-22T12:59:43Z;;1757;866
2025-03-22T12:59:46Z;-883;;874
2025-03-22T13:00:01Z;;1674;791
2025-03-22T13:00:06Z;-610;;1064
2025-03-22T13:00:09Z;-621;;1053
2025-03-22T13:00:14Z;-621;;1053
2025-03-22T13:00:15Z;;1883;1262
2025-03-22T13:00:19Z;;1764;1143
2025-03-22T13:00:35Z;-953;;811
2025-03-22T13:00:44Z;682;;2446
2025-03-22T13:00:45Z;-460;;1304
2025-03-22T13:00:52Z;;1540;1080
2025-03-22T13:00:59Z;-588;;952
2025-03-22T13:01:22Z;-898;;642
2025-03-22T13:01:23Z;;1858;960
2025-03-22T13:01:25Z;;2096;1198
2025-03-22T13:01:37Z;;2092;1194
2025-03-22T13:01:57Z;-922;;1170
2025-03-22T13:01:58Z;;1804;882
2025-03-22T13:02:16Z;-596;;1208
2025-03-22T13:02:19Z;-607;;1197
2025-03-22T13:02:30Z;;1828;1221
2025-03-22T13:02:31Z;-865;;963
2025-03-22T13:02:38Z;-875;1835;953
2025-03-22T13:02:46Z;;1853;978
2025-03-22T13:02:47Z;-884;;969
2025-03-22T13:02:51Z;-870;;983
2025-03-22T13:02:52Z;;1815;945
2025-03-22T13:03:12Z;-622;;1193
2025-03-22T13:03:13Z;;1497;875
2025-03-22T13:03:30Z;;1537;915
2025-03-22T13:03:41Z;-648;;889
2025-03-22T13:04:02Z;-606;;931
2025-03-22T13:04:07Z;;1480;874
2025-03-22T13:05:24Z;;1505;899
2025-03-22T13:05:28Z;-656;;849
2025-03-22T13:05:29Z;;1795;1139
2025-03-22T13:05:32Z;-956;;839
2025-03-22T13:05:49Z;-880;;915
2025-03-22T13:05:54Z;-587;;1208
2025-03-22T13:05:55Z;;1522;935
2025-03-22T13:06:28Z;-622;1536;900
2025-03-22T13:06:30Z;;1781;1159
2025-03-22T13:06:33Z;-957;;824
2025-03-22T13:06:43Z;;2104;1147
2025-03-22T13:06:46Z;;2002;1045
2025-03-22T13:06:48Z;-913;;1089
2025-03-22T13:07:07Z;-936;1491;1066
2025-03-22T13:07:31Z;;1551;615
2025-03-22T13:07:35Z;-593;;958
2025-03-22T13:08:03Z;;1836;1243
2025-03-22T13:08:05Z;-894;;942
2025-03-22T13:08:10Z;;2185;1291
2025-03-22T13:08:11Z;-1241;;944
2025-03-22T13:08:29Z;-1158;;1027
2025-03-22T13:08:33Z;-1175;;1010
2025-03-22T13:08:44Z;;2383;1208
2025-03-22T13:09:10Z;;2357;1182
2025-03-22T13:09:22Z;-1202;;1155
2025-03-22T13:09:47Z;;2081;879
2025-03-22T13:09:53Z;-851;;1230
2025-03-22T13:09:59Z;-887;;1194
2025-03-22T13:10:38Z;-854;;1227
2025-03-22T13:10:42Z;-934;;1147
2025-03-22T13:11:18Z;-1207;;874
2025-03-22T13:11:19Z;-1678;;403
2025-03-22T13:11:21Z;-1088;;993
2025-03-22T13:11:22Z;-1512;;569
2025-03-22T13:11:24Z;-1455;;626
2025-03-22T13:11:29Z;-1630;;451
2025-03-22T13:11:32Z;-1038;;1043
2025-03-22T13:11:33Z;-1463;;618
2025-03-22T13:12:21Z;;1798;335
2025-03-22T13:13:15Z;;1775;312
2025-03-22T13:13:40Z;-1197;;578
2025-03-22T13:13:43Z;-1192;;583
2025-03-22T13:13:47Z;;1830;638
2025-03-22T13:14:01Z;-1497;;333
2025-03-22T13:14:07Z;-1458;;372
2025-03-22T13:14:13Z;;1782;324
2025-03-22T13:14:17Z;-1181;;601
2025-03-22T13:14:24Z;;1475;294
2025-03-22T13:14:42Z;;1518;337
2025-03-22T13:14:44Z;-1163;;355
2025-03-22T13:15:01Z;;1864;701
2025-03-22T13:15:11Z;;1808;645
2025-03-22T13:15:12Z;;1788;625
2025-03-22T13:15:13Z;-1484;;304
2025-03-22T13:15:16Z;-1380;;408
2025-03-22T13:16:17Z;-1476;;312
2025-03-22T13:16:20Z;-1507;;281
2025-03-22T13:16:57Z;-1488;;300
2025-03-22T13:17:09Z;-1504;;284
2025-03-22T13:17:35Z;;2100;596
2025-03-22T13:21:36Z;;2055;551
2025-03-22T13:22:00Z;;2102;598
2025-03-22T13:23:35Z;;2058;554
2025-03-22T13:24:53Z;-1525;;533
2025-03-22T13:24:55Z;-1526;;532
2025-03-22T13:25:45Z;-1511;;547
2025-03-22T13:26:16Z;-1558;;500
2025-03-22T13:28:35Z;;1801;243
2025-03-22T13:29:49Z;;1847;289
2025-03-22T13:30:01Z;;1869;311
2025-03-22T13:30:14Z;-1764;;105
2025-03-22T13:31:24Z;;1794;30
2025-03-22T13:31:35Z;;1860;96
2025-03-22T13:32:29Z;;1866;102
2025-03-22T13:32:35Z;;1834;70
2025-03-22T13:32:45Z;;1759;-5
2025-03-22T13:32:53Z;;1779;15
2025-03-22T13:33:02Z;;1744;-20
2025-03-22T13:33:03Z;-1520;;224
2025-03-22T13:33:18Z;-1543;;201
2025-03-22T13:33:25Z;-1469;;275
2025-03-22T13:33:35Z;;1508;39
2025-03-22T13:33:40Z;;1499;30
2025-03-22T13:33:45Z;-1535;;-36
2025-03-22T13:33:54Z;;1791;256
2025-03-22T13:35:16Z;-1012;;779
2025-03-22T13:35:17Z;-1448;;343
2025-03-22T13:35:22Z;-1501;;290
2025-03-22T13:35:33Z;425;;2216
2025-03-22T13:37:13Z;;1771;2196
2025-03-22T13:37:17Z;;1808;2233
2025-03-22T13:38:55Z;646;;2454
2025-03-22T13:39:09Z;504;;2312
2025-03-22T13:39:22Z;762;;2570
2025-03-22T13:39:35Z;-1390;;418
2025-03-22T13:40:00Z;;1738;348
2025-03-22T13:40:02Z;-1429;1936;546
2025-03-22T13:41:08Z;-1506;;430
2025-03-22T13:42:27Z;-896;;1040
2025-03-22T13:42:32Z;;1793;897
2025-03-22T13:42:50Z;-590;;1203
2025-03-22T13:42:54Z;;1487;897
2025-03-22T13:43:48Z;;1505;915
2025-03-22T13:43:59Z;-611;;894
2025-03-22T13:45:04Z;;1640;1029
2025-03-22T13:45:14Z;-677;;963
2025-03-22T13:45:37Z;-573;;1067
2025-03-22T13:45:54Z;;1468;895
2025-03-22T13:46:23Z;-366;;1102
2025-03-22T13:46:24Z;-156;;1312
2025-03-22T13:46:55Z;;1488;1332
2025-03-22T13:47:25Z;;1459;1303
2025-03-22T13:47:44Z;-273;;1186
2025-03-22T13:48:25Z;-319;;1140
2025-03-22T13:48:38Z;;1502;1183
2025-03-22T13:48:42Z;-610;;892
2025-03-22T13:48:59Z;-557;;945
2025-03-22T13:49:01Z;-611;;891
2025-03-22T13:49:57Z;-572;;930
2025-03-22T13:50:18Z;;1468;896
2025-03-22T13:50:36Z;;1527;955
2025-03-22T13:50:40Z;;1485;913
2025-03-22T13:52:23Z;-291;;1194
2025-03-22T13:52:24Z;-512;;973
2025-03-22T13:52:35Z;;1501;989
2025-03-22T13:52:41Z;-615;;886
2025-03-22T13:53:04Z;-953;;548
2025-03-22T13:53:07Z;;1746;793
2025-03-22T13:53:10Z;-630;;1116
2025-03-22T13:53:20Z;-602;;1144
2025-03-22T13:53:26Z;-509;;1237
2025-03-22T13:53:27Z;-726;;1020
2025-03-22T13:53:34Z;-596;;1150
2025-03-22T13:53:37Z;-642;;1104
2025-03-22T13:53:44Z;;1840;1198
2025-03-22T13:53:46Z;-913;;927
2025-03-22T13:53:51Z;-901;;939
2025-03-22T13:53:56Z;;1788;887
2025-03-22T13:54:31Z;;1839;938
2025-03-22T13:54:36Z;-923;;916
2025-03-22T13:54:55Z;-927;;912
2025-03-22T13:54:56Z;;1810;883
2025-03-22T13:55:03Z;-811;;999
2025-03-22T13:55:04Z;-597;;1213
2025-03-22T13:55:06Z;-783;;1027
2025-03-22T13:55:07Z;-472;;1338
2025-03-22T13:55:32Z;;1802;1330
2025-03-22T13:55:34Z;-879;;923
2025-03-22T13:55:36Z;;1781;902
2025-03-22T13:55:38Z;-864;;917
2025-03-22T13:55:39Z;-926;;855
2025-03-22T13:55:54Z;-898;;883
2025-03-22T13:55:56Z;;1808;910
2025-03-22T13:57:45Z;;1798;900
2025-03-22T13:57:47Z;-831;;967
2025-03-22T13:58:09Z;;1788;957
2025-03-22T13:58:18Z;-848;1756;908
2025-03-22T13:59:27Z;;1510;662
2025-03-22T13:59:28Z;-595;;915
2025-03-22T13:59:53Z;-399;;1111
2025-03-22T13:59:54Z;-282;;1228
2025-03-22T14:00:01Z;;1305;1023
2025-03-22T14:00:14Z;-519;;786
2025-03-22T14:00:46Z;-311;;994
2025-03-22T14:01:30Z;;1227;916
2025-03-22T14:01:34Z;-303;;924
2025-03-22T14:01:43Z;;1502;1199
2025-03-22T14:02:04Z;-591;;911
2025-03-22T14:02:15Z;-579;;923
2025-03-22T14:02:23Z;;1442;863
2025-03-22T14:02:34Z;-491;;951
2025-03-22T14:02:35Z;-277;;1165
2025-03-22T14:02:48Z;;1509;1232
2025-03-22T14:02:56Z;-605;;904
2025-03-22T14:03:22Z;-556;;953
2025-03-22T14:03:29Z;-606;;903
2025-03-22T14:03:43Z;;1802;1196
2025-03-22T14:03:49Z;;1781;1175
2025-03-22T14:03:59Z;-542;;1239
2025-03-22T14:04:02Z;;1535;993
2025-03-22T14:04:41Z;-306;;1229
2025-03-22T14:04:59Z;-343;;1192
2025-03-22T14:05:07Z;;1531;1188
2025-03-22T14:05:13Z;-613;;918
2025-03-22T14:05:45Z;-566;;965
2025-03-22T14:06:05Z;;1492;926
2025-03-22T14:06:10Z;-305;;1187
2025-03-22T14:06:20Z;-343;;1149
2025-03-22T14:06:22Z;;1515;1172
2025-03-22T14:06:41Z;-571;;944
2025-03-22T14:06:49Z;;1790;1219
2025-03-22T14:07:23Z;;1765;1194
2025-03-22T14:07:28Z;-597;;1168
2025-03-22T14:07:46Z;;1494;897
2025-03-22T14:07:48Z;-325;;1169
2025-03-22T14:08:36Z;-335;;1159
2025-03-22T14:09:17Z;-606;;888
2025-03-22T14:09:22Z;;1796;1190
2025-03-22T14:09:24Z;-548;;1248
2025-03-22T14:09:25Z;-775;;1021
2025-03-22T14:10:11Z;-639;;1157
2025-03-22T14:10:15Z;;1466;827
2025-03-22T14:10:16Z;;1745;1106
2025-03-22T14:10:19Z;-583;;1162
2025-03-22T14:10:22Z;;1775;1192
2025-03-22T14:10:30Z;-578;;1197
2025-03-22T14:10:39Z;;1502;924
2025-03-22T14:10:44Z;-300;;1202
2025-03-22T14:11:31Z;-314;;1188
2025-03-22T14:11:44Z;-333;;1169
2025-03-22T14:11:45Z;-111;;1391
2025-03-22T14:12:11Z;;1519;1408
2025-03-22T14:12:48Z;;1474;1363
2025-03-22T14:12:50Z;-290;;1184
2025-03-22T14:15:09Z;999;;2473
2025-03-22T14:15:14Z;-50;;1424
2025-03-22T14:15:59Z;-47;;1427
2025-03-22T14:17:20Z;;1192;1145
2025-03-22T14:17:46Z;46;;1238
2025-03-22T14:18:02Z;81;;1273
2025-03-22T14:18:44Z;-53;;1139
2025-03-22T14:19:04Z;;1219;1166
2025-03-22T14:20:41Z;-540;;679
2025-03-22T14:20:42Z;-607;;612
2025-03-22T14:20:46Z;-521;;698
2025-03-22T14:21:19Z;-245;;974
2025-03-22T14:22:28Z;-158;;1061
2025-03-22T14:22:29Z;-521;;698
2025-03-22T14:22:30Z;-135;;1084
2025-03-22T14:22:31Z;-548;;671
2025-03-22T14:22:34Z;-547;;672
2025-03-22T14:22:35Z;-550;;669
2025-03-22T14:22:36Z;-139;;1080
2025-03-22T14:22:38Z;-539;;680
2025-03-22T14:22:39Z;-136;;1083
2025-03-22T14:22:46Z;-532;;687
2025-03-22T14:23:01Z;-499;;720
2025-03-22T14:23:02Z;-92;;1127
2025-03-22T14:23:03Z;-480;;739
2025-03-22T14:23:05Z;-84;;1135
2025-03-22T14:23:08Z;-75;;1144
2025-03-22T14:23:09Z;-475;;744
2025-03-22T14:23:10Z;-473;;746
2025-03-22T14:23:12Z;-56;;1163
2025-03-22T14:23:16Z;-465;;754
2025-03-22T14:23:18Z;-71;;1148
2025-03-22T14:23:20Z;-86;;1133
2025-03-22T14:23:21Z;-62;;1157
2025-03-22T14:23:23Z;-472;1187;747
2025-03-22T14:23:27Z;-64;;1123
2025-03-22T14:23:28Z;-464;;723
2025-03-22T14:23:29Z;-59;;1128
2025-03-22T14:23:31Z;-462;;725
2025-03-22T14:23:32Z;-433;;754
2025-03-22T14:23:33Z;-39;;1148
2025-03-22T14:23:34Z;-37;;1150
2025-03-22T14:23:35Z;-456;;731
2025-03-22T14:23:37Z;-59;;1128
2025-03-22T14:23:39Z;-480;;707
2025-03-22T14:23:40Z;-63;;1124
2025-03-22T14:23:42Z;-464;;723
2025-03-22T14:23:43Z;-54;;1133
2025-03-22T14:23:45Z;-461;;726
2025-03-22T14:23:46Z;-45;;1142
2025-03-22T14:23:48Z;-445;;742
2025-03-22T14:23:50Z;-38;;1149
2025-03-22T14:23:51Z;-464;;723
2025-03-22T14:23:53Z;-54;;1133
2025-03-22T14:23:58Z;-476;;711
2025-03-22T14:23:59Z;-68;;1119
2025-03-22T14:24:01Z;-499;;688
2025-03-22T14:24:02Z;-81;;1106
2025-03-22T14:24:18Z;-166;;1021
2025-03-22T14:24:19Z;-167;;1020
2025-03-22T14:24:20Z;-573;;614
2025-03-22T14:24:22Z;-159;;1028
2025-03-22T14:24:23Z;-575;;612
2025-03-22T14:24:25Z;-164;;1023
2025-03-22T14:24:27Z;-577;;610
2025-03-22T14:24:28Z;-171;;1016
2025-03-22T14:24:30Z;-576;;611
2025-03-22T14:24:31Z;-158;;1029
2025-03-22T14:24:38Z;-573;;614
2025-03-22T14:24:39Z;-159;;1028
2025-03-22T14:24:40Z;-580;;607
2025-03-22T14:24:42Z;-577;;610
2025-03-22T14:24:43Z;-572;;615
2025-03-22T14:24:44Z;-150;;1037
2025-03-22T14:24:46Z;-565;;622
2025-03-22T14:24:47Z;-146;;1041
2025-03-22T14:24:54Z;-553;;634
2025-03-22T14:24:55Z;-133;;1054
2025-03-22T14:24:56Z;-548;;639
2025-03-22T14:24:57Z;-124;;1063
2025-03-22T14:24:59Z;-542;;645
2025-03-22T14:25:00Z;-113;;1074
2025-03-22T14:25:02Z;-528;;659
2025-03-22T14:25:03Z;-100;;1087
2025-03-22T14:25:05Z;-497;;690
2025-03-22T14:25:06Z;-57;;1130
2025-03-22T14:25:08Z;-454;;733
2025-03-22T14:25:10Z;-1;;1186
2025-03-22T14:25:13Z;38;;1225
2025-03-22T14:25:16Z;63;;1250
2025-03-22T14:25:19Z;149;;1336
2025-03-22T14:25:22Z;110;;1297
2025-03-22T14:25:37Z;-282;;905
2025-03-22T14:25:38Z;105;;1292
2025-03-22T14:25:41Z;81;;1268
2025-03-22T14:25:42Z;84;;1271
2025-03-22T14:25:45Z;79;;1266
2025-03-22T14:25:46Z;-321;;866
2025-03-22T14:25:48Z;88;;1275
2025-03-22T14:25:51Z;93;;1280
2025-03-22T14:25:54Z;92;;1279
2025-03-22T14:25:57Z;92;;1279
2025-03-22T14:25:58Z;88;;1275
2025-03-22T14:26:03Z;93;;1280
2025-03-22T14:26:04Z;91;;1278
2025-03-22T14:26:10Z;98;;1285
2025-03-22T14:26:11Z;-265;;922
2025-03-22T14:26:13Z;89;;1276
2025-03-22T14:26:14Z;92;;1279
2025-03-22T14:26:17Z;100;;1287
2025-03-22T14:26:20Z;86;;1273
2025-03-22T14:26:23Z;81;;1268
2025-03-22T14:26:26Z;86;;1273
2025-03-22T14:26:29Z;70;;1257
2025-03-22T14:26:30Z;70;;1257
2025-03-22T14:26:33Z;58;;1245
2025-03-22T14:26:36Z;21;;1208
2025-03-22T14:26:38Z;-441;;746
2025-03-22T14:26:39Z;-34;;1153
2025-03-22T14:26:41Z;-492;;695
2025-03-22T14:26:56Z;-609;;578
2025-03-22T14:26:57Z;-181;;1006
2025-03-22T14:26:58Z;-623;;564
2025-03-22T14:26:59Z;-535;;652
2025-03-22T14:27:00Z;-632;;555
2025-03-22T14:27:01Z;-209;;978
2025-03-22T14:27:03Z;-635;;552
2025-03-22T14:27:04Z;-307;;880
2025-03-22T14:27:05Z;-199;;988
2025-03-22T14:27:07Z;-639;;548
2025-03-22T14:27:08Z;-203;;984
2025-03-22T14:27:09Z;-639;;548
2025-03-22T14:27:11Z;-182;;1005
2025-03-22T14:27:12Z;-630;;557
2025-03-22T14:27:14Z;-196;;991
2025-03-22T14:27:15Z;-485;;702
2025-03-22T14:27:16Z;-626;;561
2025-03-22T14:27:18Z;-187;;1000
2025-03-22T14:27:19Z;-617;;570
2025-03-22T14:27:20Z;-323;;864
2025-03-22T14:27:21Z;-176;;1011
2025-03-22T14:27:23Z;-596;;591
2025-03-22T14:27:24Z;-152;;1035
2025-03-22T14:27:25Z;-595;;592
2025-03-22T14:27:27Z;-154;;1033
2025-03-22T14:27:28Z;-586;;601
2025-03-22T14:27:30Z;-128;;1059
2025-03-22T14:27:31Z;-386;;801
2025-03-22T14:27:33Z;-133;;1054
2025-03-22T14:27:35Z;-559;;628
2025-03-22T14:27:37Z;-133;;1054
2025-03-22T14:27:38Z;-561;;626
2025-03-22T14:27:40Z;-132;1191;1055
2025-03-22T14:27:44Z;-551;;640
2025-03-22T14:27:45Z;-101;;1090
2025-03-22T14:27:46Z;-529;;662
2025-03-22T14:27:48Z;-75;;1116
2025-03-22T14:27:49Z;-480;;711
2025-03-22T14:27:50Z;-43;;1148
2025-03-22T14:27:51Z;-447;;744
2025-03-22T14:27:52Z;-245;;946
2025-03-22T14:27:54Z;-419;;772
2025-03-22T14:27:57Z;-394;;797
2025-03-22T14:27:59Z;48;;1239
2025-03-22T14:28:14Z;-368;;823
2025-03-22T14:28:15Z;107;;1298
2025-03-22T14:28:16Z;-304;;887
2025-03-22T14:28:18Z;114;;1305
2025-03-22T14:28:20Z;-310;;881
2025-03-22T14:28:21Z;122;;1313
2025-03-22T14:28:23Z;-301;;890
2025-03-22T14:28:24Z;-222;;969
2025-03-22T14:28:25Z;133;;1324
2025-03-22T14:28:27Z;-298;;893
2025-03-22T14:28:28Z;140;;1331
2025-03-22T14:28:31Z;99;;1290
2025-03-22T14:28:34Z;100;;1291
2025-03-22T14:28:35Z;56;;1247
2025-03-22T14:28:37Z;98;;1289
2025-03-22T14:28:38Z;96;;1287
2025-03-22T14:28:41Z;111;;1302
2025-03-22T14:28:43Z;;901;1012
2025-03-22T14:28:47Z;117;;1018
2025-03-22T14:28:50Z;117;;1018
2025-03-22T14:28:51Z;123;;1024
2025-03-22T14:28:53Z;118;;1019
2025-03-22T14:28:54Z;134;;1035
2025-03-22T14:28:57Z;136;;1037
2025-03-22T14:29:00Z;132;;1033
2025-03-22T14:29:03Z;139;;1040
2025-03-22T14:29:06Z;139;;1040
2025-03-22T14:29:07Z;143;;1044
2025-03-22T14:29:09Z;149;;1050
2025-03-22T14:29:10Z;159;;1060
2025-03-22T14:29:13Z;164;;1065
2025-03-22T14:29:16Z;156;;1057
2025-03-22T14:29:32Z;158;;1059
2025-03-22T14:29:33Z;186;;1087
2025-03-22T14:29:35Z;185;;1086
2025-03-22T14:29:36Z;-232;;669
2025-03-22T14:29:38Z;172;;1073
2025-03-22T14:29:39Z;176;;1077
2025-03-22T14:29:41Z;162;;1063
2025-03-22T14:29:42Z;183;;1084
2025-03-22T14:29:45Z;184;;1085
2025-03-22T14:29:48Z;190;;1091
2025-03-22T14:29:54Z;186;;1087
2025-03-22T14:29:55Z;188;;1089
2025-03-22T14:29:57Z;182;;1083
2025-03-22T14:29:58Z;180;;1081
2025-03-22T14:30:01Z;178;822;1079
2025-03-22T14:30:05Z;188;;1010
2025-03-22T14:30:09Z;188;;1010
2025-03-22T14:30:13Z;-220;;602
2025-03-22T14:30:14Z;189;;1011
2025-03-22T14:30:17Z;-244;;578
2025-03-22T14:30:24Z;199;;1021
2025-03-22T14:30:25Z;181;;1003
2025-03-22T14:30:26Z;203;;1025
2025-03-22T14:30:27Z;-248;;574
2025-03-22T14:30:29Z;185;;1007
2025-03-22T14:30:30Z;195;;1017
2025-03-22T14:30:31Z;200;;1022
2025-03-22T14:30:32Z;199;;1021
2025-03-22T14:30:33Z;168;;990
2025-03-22T14:30:35Z;211;;1033
2025-03-22T14:30:36Z;209;;1031
2025-03-22T14:30:37Z;209;;1031
2025-03-22T14:30:51Z;216;;1038
2025-03-22T14:30:52Z;216;;1038
2025-03-22T14:30:55Z;209;;1031
2025-03-22T14:30:58Z;192;;1014
2025-03-22T14:30:59Z;209;;1031
2025-03-22T14:31:01Z;150;;972
2025-03-22T14:31:02Z;205;;1027
2025-03-22T14:31:07Z;211;;1033
2025-03-22T14:31:08Z;213;;1035
2025-03-22T14:31:14Z;214;;1036
2025-03-22T14:31:16Z;-211;;611
2025-03-22T14:31:17Z;159;;981
2025-03-22T14:31:18Z;209;;1031
2025-03-22T14:31:23Z;215;;1037
2025-03-22T14:31:24Z;219;;1041
2025-03-22T14:31:25Z;219;;1041
2025-03-22T14:31:27Z;194;;1016
2025-03-22T14:31:30Z;218;;1040
2025-03-22T14:31:31Z;232;;1054
2025-03-22T14:31:33Z;168;;990
2025-03-22T14:31:34Z;220;;1042
2025-03-22T14:31:37Z;224;;1046
2025-03-22T14:31:40Z;213;;1035
2025-03-22T14:31:43Z;-192;;630
2025-03-22T14:31:46Z;195;;1017
2025-03-22T14:31:47Z;198;;1020
2025-03-22T14:31:49Z;138;;960
2025-03-22T14:31:50Z;194;;1016
2025-03-22T14:31:53Z;200;;1022
2025-03-22T14:32:09Z;203;;1025
2025-03-22T14:32:10Z;195;;1017
2025-03-22T14:32:12Z;200;;1022
2025-03-22T14:32:13Z;-204;;618
2025-03-22T14:32:15Z;210;;1032
2025-03-22T14:32:16Z;-149;;673
2025-03-22T14:32:18Z;215;;1037
2025-03-22T14:32:20Z;-208;;614
2025-03-22T14:32:21Z;161;;983
2025-03-22T14:32:23Z;-210;;612
2025-03-22T14:32:25Z;223;;1045
2025-03-22T14:32:26Z;-205;;617
2025-03-22T14:32:28Z;218;;1040
2025-03-22T14:32:29Z;-207;;615
2025-03-22T14:32:31Z;235;;1057
2025-03-22T14:32:32Z;-148;;674
2025-03-22T14:32:34Z;225;;1047
2025-03-22T14:32:36Z;-206;;616
2025-03-22T14:32:37Z;161;;983
2025-03-22T14:32:39Z;-213;;609
2025-03-22T14:32:41Z;217;;1039
2025-03-22T14:32:42Z;-209;;613
2025-03-22T14:32:44Z;222;;1044
2025-03-22T14:32:45Z;-209;;613
2025-03-22T14:32:47Z;220;;1042
2025-03-22T14:32:48Z;-144;;678
2025-03-22T14:32:50Z;214;;1036
2025-03-22T14:32:52Z;-202;;620
2025-03-22T14:32:53Z;144;;966
2025-03-22T14:32:55Z;-210;;612
2025-03-22T14:32:57Z;223;;1045
2025-03-22T14:32:58Z;-207;;615
2025-03-22T14:33:00Z;219;;1041
2025-03-22T14:33:01Z;-208;;614
2025-03-22T14:33:03Z;217;;1039
2025-03-22T14:33:04Z;-125;;697
2025-03-22T14:33:06Z;212;;1034
2025-03-22T14:33:08Z;-210;;612
2025-03-22T14:33:09Z;137;;959
2025-03-22T14:33:11Z;-200;;622
2025-03-22T14:33:13Z;228;;1050
2025-03-22T14:33:28Z;-203;;619
2025-03-22T14:33:29Z;225;;1047
2025-03-22T14:33:30Z;-205;;617
2025-03-22T14:33:32Z;231;;1053
2025-03-22T14:33:33Z;-208;;614
2025-03-22T14:33:35Z;238;;1060
2025-03-22T14:33:36Z;-112;;710
2025-03-22T14:33:38Z;225;;1047
2025-03-22T14:33:40Z;-203;;619
2025-03-22T14:33:41Z;124;;946
2025-03-22T14:33:42Z;215;;1037
2025-03-22T14:33:47Z;223;;1045
2025-03-22T14:33:48Z;221;;1043
2025-03-22T14:33:51Z;226;;1048
2025-03-22T14:33:54Z;220;;1042
2025-03-22T14:33:55Z;227;;1049
2025-03-22T14:33:57Z;127;;949
2025-03-22T14:33:58Z;223;;1045
2025-03-22T14:34:01Z;220;;1042
2025-03-22T14:34:04Z;212;;1034
2025-03-22T14:34:07Z;217;;1039
2025-03-22T14:34:08Z;-106;;716
2025-03-22T14:34:10Z;208;;1030
2025-03-22T14:34:11Z;223;;1045
2025-03-22T14:34:13Z;105;;927
2025-03-22T14:34:14Z;223;;1045
2025-03-22T14:34:25Z;211;;1033
2025-03-22T14:34:26Z;233;;1055
2025-03-22T14:34:28Z;-200;;622
2025-03-22T14:34:29Z;125;;947
2025-03-22T14:34:31Z;-193;;629
2025-03-22T14:34:46Z;250;;1072
2025-03-22T14:34:47Z;224;;1046
2025-03-22T14:34:52Z;226;;1048
2025-03-22T14:34:55Z;221;;1043
2025-03-22T14:34:58Z;222;;1044
2025-03-22T14:35:00Z;-217;;605
2025-03-22T14:35:01Z;87;;909
2025-03-22T14:35:02Z;214;;1036
2025-03-22T14:35:07Z;196;;1018
2025-03-22T14:35:08Z;177;;999
2025-03-22T14:35:14Z;176;;998
2025-03-22T14:35:15Z;182;;1004
2025-03-22T14:35:18Z;177;;999
2025-03-22T14:35:24Z;172;;994
2025-03-22T14:35:27Z;168;;990
2025-03-22T14:35:30Z;166;;988
2025-03-22T14:35:34Z;176;;998
2025-03-22T14:35:35Z;-266;;556
2025-03-22T14:35:37Z;174;;996
2025-03-22T14:35:40Z;163;;985
2025-03-22T14:35:46Z;161;;983
2025-03-22T14:35:47Z;166;;988
2025-03-22T14:35:50Z;161;;983
2025-03-22T14:36:05Z;171;;993
2025-03-22T14:36:06Z;153;;975
2025-03-22T14:36:09Z;156;;978
2025-03-22T14:36:12Z;157;;979
2025-03-22T14:36:15Z;155;;977
2025-03-22T14:36:16Z;8;;830
2025-03-22T14:36:18Z;148;;970
2025-03-22T14:36:19Z;149;;971
2025-03-22T14:36:22Z;150;;972
2025-03-22T14:36:25Z;149;;971
2025-03-22T14:36:28Z;147;;969
2025-03-22T14:36:31Z;150;;972
2025-03-22T14:36:32Z;41;;863
2025-03-22T14:36:34Z;147;;969
2025-03-22T14:36:35Z;158;;980
2025-03-22T14:36:38Z;141;;963
2025-03-22T14:36:41Z;145;;967
2025-03-22T14:36:44Z;146;;968
2025-03-22T14:36:45Z;-281;;541
2025-03-22T14:36:47Z;140;;962
2025-03-22T14:36:48Z;61;;883
2025-03-22T14:36:50Z;136;;958
2025-03-22T14:36:51Z;158;;980
2025-03-22T14:36:54Z;146;;968
2025-03-22T14:36:55Z;-285;;537
2025-03-22T14:36:57Z;149;;971
2025-03-22T14:37:00Z;142;;964
2025-03-22T14:37:03Z;130;;952
2025-03-22T14:37:04Z;82;;904
2025-03-22T14:37:06Z;129;;951
2025-03-22T14:37:07Z;140;;962
2025-03-22T14:37:23Z;133;;955
2025-03-22T14:37:29Z;106;;928
2025-03-22T14:37:32Z;104;;926
2025-03-22T14:37:35Z;114;;936
2025-03-22T14:37:36Z;104;;926
2025-03-22T14:37:38Z;114;;936
2025-03-22T14:37:39Z;114;;936
2025-03-22T14:37:42Z;121;;943
2025-03-22T14:37:45Z;119;;941
2025-03-22T14:37:46Z;-309;;513
2025-03-22T14:37:48Z;66;;888
2025-03-22T14:37:51Z;109;;931
2025-03-22T14:37:52Z;116;;938
2025-03-22T14:37:54Z;113;;935
2025-03-22T14:37:55Z;122;;944
2025-03-22T14:37:58Z;120;;942
2025-03-22T14:38:01Z;108;;930
2025-03-22T14:38:04Z;103;;925
2025-03-22T14:38:07Z;110;;932
2025-03-22T14:38:08Z;100;;922
2025-03-22T14:38:10Z;98;;920
2025-03-22T14:38:11Z;111;;933
2025-03-22T14:38:14Z;120;;942
2025-03-22T14:38:17Z;126;;948
2025-03-22T14:38:18Z;-302;;520
2025-03-22T14:38:20Z;122;;944
2025-03-22T14:38:23Z;124;;946
2025-03-22T14:38:24Z;132;;954
2025-03-22T14:38:25Z;123;;945
2025-03-22T14:38:41Z;-299;;523
2025-03-22T14:38:42Z;141;;963
2025-03-22T14:38:43Z;148;;970
2025-03-22T14:38:46Z;142;;964
2025-03-22T14:38:49Z;135;;957
2025-03-22T14:38:50Z;-283;;539
2025-03-22T14:38:52Z;153;;975
2025-03-22T14:38:55Z;155;;977
2025-03-22T14:38:56Z;158;;980
2025-03-22T14:38:58Z;137;;959
2025-03-22T14:38:59Z;148;;970
2025-03-22T14:39:02Z;153;;975
2025-03-22T14:39:03Z;-276;;546
2025-03-22T14:39:05Z;157;;979
2025-03-22T14:39:06Z;-271;;551
2025-03-22T14:39:08Z;162;;984
2025-03-22T14:39:09Z;-256;;566
2025-03-22T14:39:11Z;171;;993
2025-03-22T14:39:13Z;-261;;561
2025-03-22T14:39:14Z;152;;974
2025-03-22T14:39:16Z;-263;;559
2025-03-22T14:39:18Z;174;;996
2025-03-22T14:39:19Z;-263;;559
2025-03-22T14:39:21Z;176;;998
2025-03-22T14:39:22Z;-250;;572
2025-03-22T14:39:24Z;170;;992
2025-03-22T14:39:25Z;-239;;583
2025-03-22T14:39:27Z;164;;986
2025-03-22T14:39:29Z;-252;;570
2025-03-22T14:39:30Z;147;;969
2025-03-22T14:39:32Z;-248;;574
2025-03-22T14:39:34Z;178;;1000
2025-03-22T14:39:35Z;-250;;572
2025-03-22T14:39:37Z;187;;1009
2025-03-22T14:39:38Z;-243;;579
2025-03-22T14:39:40Z;174;;996
2025-03-22T14:39:41Z;-218;;604
2025-03-22T14:39:43Z;178;;1000
2025-03-22T14:39:45Z;-252;;570
2025-03-22T14:40:00Z;137;;959
2025-03-22T14:40:01Z;-242;;580
2025-03-22T14:40:02Z;110;;932
2025-03-22T14:40:04Z;-238;;584
2025-03-22T14:40:06Z;194;;1016
2025-03-22T14:40:07Z;-236;;586
2025-03-22T14:40:09Z;193;;1015
2025-03-22T14:40:10Z;-240;;582
2025-03-22T14:40:12Z;205;;1027
2025-03-22T14:40:13Z;-115;;707
2025-03-22T14:40:15Z;207;;1029
2025-03-22T14:40:17Z;-233;;589
2025-03-22T14:40:18Z;65;;887
2025-03-22T14:40:20Z;-224;;598
2025-03-22T14:40:22Z;218;;1040
2025-03-22T14:40:23Z;-227;;595
2025-03-22T14:40:25Z;253;;1075
2025-03-22T14:40:26Z;-195;;627
2025-03-22T14:40:28Z;224;;1046
2025-03-22T14:40:29Z;-33;;789
2025-03-22T14:40:31Z;204;;1026
2025-03-22T14:40:32Z;212;;1034
2025-03-22T14:40:35Z;219;;1041
2025-03-22T14:40:38Z;217;;1039
2025-03-22T14:40:41Z;207;;1029
2025-03-22T14:40:44Z;209;;1031
2025-03-22T14:40:45Z;55;;877
2025-03-22T14:40:47Z;207;;1029
2025-03-22T14:40:48Z;215;;1037
2025-03-22T14:40:51Z;221;;1043
2025-03-22T14:40:54Z;227;;1049
2025-03-22T14:40:57Z;230;;1052
2025-03-22T14:41:00Z;219;;1041
2025-03-22T14:41:01Z;162;;984
2025-03-22T14:41:03Z;221;;1043
2025-03-22T14:41:04Z;219;;1041
2025-03-22T14:41:19Z;-199;;623
2025-03-22T14:41:20Z;231;;1053
2025-03-22T14:41:23Z;63;;885
2025-03-22T14:41:26Z;238;;1060
2025-03-22T14:41:29Z;243;;1065
2025-03-22T14:41:32Z;250;;1072
2025-03-22T14:41:33Z;249;;1071
2025-03-22T14:41:35Z;268;;1090
2025-03-22T14:41:36Z;275;;1097
2025-03-22T14:45:14Z;-70;;752
2025-03-22T14:47:26Z;;600;530
2025-03-22T14:48:23Z;49;;649
2025-03-22T14:54:01Z;528;;1128
2025-03-22T14:54:07Z;600;;1200
2025-03-22T14:54:30Z;2119;;2719
2025-03-22T14:54:43Z;719;;1319
2025-03-22T14:56:34Z;;643;1362
2025-03-22T14:56:43Z;18;;661
2025-03-22T14:56:45Z;419;;1062
2025-03-22T14:58:48Z;678;;1321
2025-03-22T14:58:49Z;1821;;2464
2025-03-22T14:59:15Z;383;;1026
2025-03-22T15:00:01Z;;763;1146
2025-03-22T15:00:14Z;355;;1118
2025-03-22T15:00:40Z;296;;1059
2025-03-22T15:01:01Z;347;;1110
2025-03-22T15:01:44Z;299;;1062
2025-03-22T15:04:23Z;646;;1409
2025-03-22T15:04:24Z;318;;1081
2025-03-22T15:04:52Z;636;;1399
2025-03-22T15:05:21Z;623;;1386
2025-03-22T15:05:24Z;1863;;2626
2025-03-22T15:05:50Z;487;;1250
2025-03-22T15:05:53Z;87;;850
2025-03-22T15:06:10Z;409;;1172
2025-03-22T15:06:40Z;;597;1006
2025-03-22T15:10:39Z;634;;1231
2025-03-22T15:10:40Z;582;;1179
2025-03-22T15:15:01Z;;495;1077
2025-03-22T15:15:23Z;533;;1028
2025-03-22T15:22:40Z;628;;1123
2025-03-22T15:22:47Z;358;;853
2025-03-22T15:22:48Z;167;;662
2025-03-22T15:22:49Z;585;;1080
2025-03-22T15:22:51Z;207;;702
2025-03-22T15:22:52Z;580;;1075
2025-03-22T15:23:10Z;207;;702
2025-03-22T15:23:11Z;177;;672
2025-03-22T15:23:12Z;569;;1064
2025-03-22T15:23:14Z;177;;672
2025-03-22T15:23:16Z;578;;1073
2025-03-22T15:23:17Z;185;;680
2025-03-22T15:23:19Z;581;;1076
2025-03-22T15:23:21Z;179;;674
2025-03-22T15:23:22Z;585;;1080
2025-03-22T15:23:24Z;165;;660
2025-03-22T15:23:25Z;556;;1051
2025-03-22T15:23:27Z;160;;655
2025-03-22T15:23:28Z;555;;1050
2025-03-22T15:23:30Z;173;;668
2025-03-22T15:23:32Z;560;;1055
2025-03-22T15:23:33Z;180;;675
2025-03-22T15:23:35Z;557;;1052
2025-03-22T15:23:37Z;173;;668
2025-03-22T15:23:38Z;568;;1063
2025-03-22T15:23:40Z;176;;671
2025-03-22T15:23:41Z;563;;1058
2025-03-22T15:23:43Z;179;;674
2025-03-22T15:23:44Z;565;;1060
2025-03-22T15:23:46Z;183;;678
2025-03-22T15:23:48Z;583;;1078
2025-03-22T15:23:49Z;191;;686
2025-03-22T15:23:51Z;580;;1075
2025-03-22T15:23:53Z;177;;672
2025-03-22T15:23:54Z;602;;1097
2025-03-22T15:23:56Z;196;;691
2025-03-22T15:23:57Z;599;;1094
2025-03-22T15:23:59Z;179;;674
2025-03-22T15:24:00Z;573;;1068
2025-03-22T15:24:02Z;182;;677
2025-03-22T15:24:04Z;583;;1078
2025-03-22T15:24:05Z;194;;689
2025-03-22T15:24:07Z;588;;1083
2025-03-22T15:24:09Z;187;;682
2025-03-22T15:24:10Z;594;;1089
2025-03-22T15:24:12Z;183;;678
2025-03-22T15:24:13Z;588;;1083
2025-03-22T15:24:29Z;173;;668
2025-03-22T15:24:31Z;189;;684
2025-03-22T15:24:32Z;587;;1082
2025-03-22T15:24:34Z;188;;683
2025-03-22T15:24:36Z;628;;1123
2025-03-22T15:24:37Z;229;;724
2025-03-22T15:24:39Z;650;;1145
2025-03-22T15:24:41Z;236;;731
2025-03-22T15:24:42Z;655;;1150
2025-03-22T15:24:44Z;234;;729
2025-03-22T15:24:45Z;656;;1151
2025-03-22T15:24:47Z;243;;738
2025-03-22T15:24:48Z;626;;1121
2025-03-22T15:24:50Z;254;;749
2025-03-22T15:24:52Z;672;;1167
2025-03-22T15:24:53Z;280;;775
2025-03-22T15:24:55Z;673;;1168
2025-03-22T15:24:57Z;250;;745
2025-03-22T15:24:58Z;668;;1163
2025-03-22T15:25:00Z;249;;744
2025-03-22T15:25:01Z;668;;1163
2025-03-22T15:25:03Z;250;;745
2025-03-22T15:25:04Z;619;;1114
2025-03-22T15:25:06Z;254;;749
2025-03-22T15:25:08Z;666;;1161
2025-03-22T15:25:09Z;309;;804
2025-03-22T15:25:10Z;253;;748
2025-03-22T15:25:12Z;667;;1162
2025-03-22T15:25:13Z;256;;751
2025-03-22T15:25:14Z;671;;1166
2025-03-22T15:25:16Z;263;;758
2025-03-22T15:25:17Z;672;;1167
2025-03-22T15:25:19Z;258;;753
2025-03-22T15:25:20Z;592;;1087
2025-03-22T15:25:21Z;679;;1174
2025-03-22T15:25:23Z;263;;758
2025-03-22T15:25:24Z;679;;1174
2025-03-22T15:25:25Z;363;;858
2025-03-22T15:25:26Z;263;;758
2025-03-22T15:25:28Z;677;;1172
2025-03-22T15:25:29Z;259;;754
2025-03-22T15:25:30Z;684;;1179
2025-03-22T15:25:32Z;264;;759
2025-03-22T15:25:47Z;;334;598
2025-03-22T15:25:48Z;280;;614
2025-03-22T15:25:49Z;747;;1081
2025-03-22T15:25:50Z;287;;621
2025-03-22T15:25:51Z;621;;955
2025-03-22T15:25:53Z;232;;566
2025-03-22T15:25:54Z;423;;757
2025-03-22T15:25:55Z;657;;991
2025-03-22T15:25:56Z;244;;578
2025-03-22T15:25:57Z;655;;989
2025-03-22T15:25:59Z;501;;835
2025-03-22T15:26:00Z;238;;572
2025-03-22T15:26:01Z;658;;992
2025-03-22T15:26:02Z;238;;572
2025-03-22T15:26:03Z;653;;987
2025-03-22T15:26:05Z;241;;575
2025-03-22T15:26:06Z;646;;980
2025-03-22T15:26:07Z;242;;576
2025-03-22T15:26:08Z;336;;670
2025-03-22T15:26:09Z;655;;989
2025-03-22T15:26:11Z;242;;576
2025-03-22T15:26:12Z;663;;997
2025-03-22T15:26:13Z;589;;923
2025-03-22T15:26:14Z;247;;581
2025-03-22T15:26:16Z;664;;998
2025-03-22T15:26:17Z;246;;580
2025-03-22T15:26:18Z;658;;992
2025-03-22T15:26:20Z;238;;572
2025-03-22T15:26:21Z;646;;980
2025-03-22T15:26:23Z;242;;576
2025-03-22T15:26:25Z;652;;986
2025-03-22T15:26:26Z;242;;576
2025-03-22T15:26:28Z;656;;990
2025-03-22T15:26:30Z;253;;587
2025-03-22T15:26:31Z;662;;996
2025-03-22T15:26:33Z;238;;572
2025-03-22T15:26:34Z;658;;992
2025-03-22T15:26:36Z;251;;585
2025-03-22T15:26:37Z;656;;990
2025-03-22T15:26:39Z;254;;588
2025-03-22T15:26:41Z;673;;1007
2025-03-22T15:26:48Z;260;;594
2025-03-22T15:26:49Z;675;;1009
2025-03-22T15:26:50Z;257;;591
2025-03-22T15:27:05Z;681;;1015
2025-03-22T15:27:06Z;267;;601
2025-03-22T15:27:08Z;268;;602
2025-03-22T15:27:09Z;669;;1003
2025-03-22T15:27:11Z;269;;603
2025-03-22T15:27:13Z;683;;1017
2025-03-22T15:27:14Z;288;;622
2025-03-22T15:27:16Z;702;;1036
2025-03-22T15:27:18Z;284;;618
2025-03-22T15:27:19Z;691;;1025
2025-03-22T15:27:21Z;274;;608
2025-03-22T15:27:22Z;696;;1030
2025-03-22T15:27:24Z;276;;610
2025-03-22T15:27:25Z;671;;1005
2025-03-22T15:27:27Z;279;;613
2025-03-22T15:27:29Z;691;;1025
2025-03-22T15:27:30Z;284;;618
2025-03-22T15:27:32Z;700;;1034
2025-03-22T15:27:34Z;273;;607
2025-03-22T15:27:35Z;693;;1027
2025-03-22T15:27:37Z;262;;596
2025-03-22T15:27:38Z;670;;1004
2025-03-22T15:27:40Z;264;;598
2025-03-22T15:27:41Z;633;;967
2025-03-22T15:27:43Z;268;;602
2025-03-22T15:27:45Z;682;;1016
2025-03-22T15:27:46Z;326;;660
2025-03-22T15:27:47Z;271;;605
2025-03-22T15:27:49Z;683;;1017
2025-03-22T15:27:50Z;269;;603
2025-03-22T15:27:51Z;682;;1016
2025-03-22T15:27:53Z;277;;611
2025-03-22T15:27:54Z;698;;1032
2025-03-22T15:27:56Z;272;;606
2025-03-22T15:27:57Z;597;;931
2025-03-22T15:27:58Z;687;;1021
2025-03-22T15:28:00Z;272;;606
2025-03-22T15:28:01Z;697;;1031
2025-03-22T15:28:02Z;399;;733
2025-03-22T15:28:03Z;280;;614
2025-03-22T15:28:05Z;696;;1030
2025-03-22T15:28:06Z;284;;618
2025-03-22T15:28:07Z;692;;1026
2025-03-22T15:28:09Z;284;;618
2025-03-22T15:28:24Z;712;;1046
2025-03-22T15:28:25Z;287;;621
2025-03-22T15:28:26Z;707;;1041
2025-03-22T15:28:28Z;294;;628
2025-03-22T15:28:29Z;423;;757
2025-03-22T15:28:30Z;717;;1051
2025-03-22T15:28:32Z;282;;616
2025-03-22T15:28:33Z;695;;1029
2025-03-22T15:28:35Z;295;;629
2025-03-22T15:28:36Z;710;;1044
2025-03-22T15:28:38Z;294;;628
2025-03-22T15:28:39Z;708;;1042
2025-03-22T15:28:41Z;298;;632
2025-03-22T15:28:42Z;706;;1040
2025-03-22T15:28:44Z;299;;633
2025-03-22T15:28:46Z;716;;1050
2025-03-22T15:28:47Z;303;;637
2025-03-22T15:28:49Z;721;;1055
2025-03-22T15:28:51Z;301;;635
2025-03-22T15:28:52Z;725;;1059
2025-03-22T15:28:54Z;306;;640
2025-03-22T15:28:55Z;719;;1053
2025-03-22T15:28:56Z;919;;1253
2025-03-22T15:28:58Z;360;;694
2025-03-22T15:28:59Z;767;;1101
2025-03-22T15:29:00Z;335;;669
2025-03-22T15:29:02Z;734;;1068
2025-03-22T15:29:09Z;324;;658
2025-03-22T15:29:10Z;722;;1056
2025-03-22T15:29:11Z;314;;648
2025-03-22T15:29:13Z;728;;1062
2025-03-22T15:29:14Z;307;;641
2025-03-22T15:29:15Z;723;;1057
2025-03-22T15:29:16Z;314;;648
2025-03-22T15:29:17Z;725;;1059
2025-03-22T15:29:19Z;319;;653
2025-03-22T15:29:20Z;738;;1072
2025-03-22T15:29:21Z;320;;654
2025-03-22T15:29:22Z;736;;1070
2025-03-22T15:29:23Z;319;;653
2025-03-22T15:29:25Z;729;;1063
2025-03-22T15:29:26Z;308;;642
2025-03-22T15:29:27Z;720;;1054
2025-03-22T15:29:42Z;330;;664
2025-03-22T15:29:43Z;325;;659
2025-03-22T15:29:45Z;330;;664
2025-03-22T15:29:46Z;727;;1061
2025-03-22T15:29:48Z;338;;672
2025-03-22T15:29:50Z;752;;1086
2025-03-22T15:29:51Z;358;;692
2025-03-22T15:29:53Z;759;;1093
2025-03-22T15:29:55Z;332;;666
2025-03-22T15:29:56Z;744;;1078
2025-03-22T15:29:58Z;332;;666
2025-03-22T15:29:59Z;751;;1085
2025-03-22T15:30:01Z;335;308;669
2025-03-22T15:30:05Z;745;;1053
2025-03-22T15:30:09Z;332;;640
2025-03-22T15:30:10Z;744;;1052
2025-03-22T15:30:12Z;362;;670
2025-03-22T15:30:13Z;741;;1049
2025-03-22T15:30:14Z;339;;647
2025-03-22T15:30:17Z;741;;1049
2025-03-22T15:30:24Z;749;;1057
2025-03-22T15:30:25Z;342;;650
2025-03-22T15:30:26Z;751;;1059
2025-03-22T15:30:28Z;341;;649
2025-03-22T15:30:29Z;706;;1014
2025-03-22T15:30:30Z;343;;651
2025-03-22T15:30:31Z;759;;1067
2025-03-22T15:30:32Z;762;;1070
2025-03-22T15:30:34Z;337;;645
2025-03-22T15:30:35Z;761;;1069
2025-03-22T15:30:36Z;326;;634
2025-03-22T15:30:37Z;737;;1045
2025-03-22T15:30:38Z;327;;635
2025-03-22T15:30:40Z;674;;982
2025-03-22T15:30:41Z;326;;634
2025-03-22T15:30:42Z;750;;1058
2025-03-22T15:30:43Z;396;;704
2025-03-22T15:30:44Z;741;;1049
2025-03-22T15:30:46Z;326;;634
2025-03-22T15:31:01Z;737;;1034
2025-03-22T15:31:02Z;316;;624
2025-03-22T15:31:03Z;724;;1032
2025-03-22T15:31:05Z;316;;624
2025-03-22T15:31:06Z;628;;936
2025-03-22T15:31:08Z;321;;629
2025-03-22T15:31:10Z;742;;1050
2025-03-22T15:31:11Z;418;;726
2025-03-22T15:31:12Z;;290;708
2025-03-22T15:31:13Z;741;;1031
2025-03-22T15:31:15Z;322;;612
2025-03-22T15:31:16Z;739;;1029
2025-03-22T15:31:18Z;331;;621
2025-03-22T15:31:19Z;737;;1027
2025-03-22T15:31:21Z;322;;612
2025-03-22T15:31:22Z;645;;935
2025-03-22T15:31:24Z;326;;616
2025-03-22T15:31:26Z;741;;1031
2025-03-22T15:31:27Z;421;;711
2025-03-22T15:31:29Z;746;;1036
2025-03-22T15:31:31Z;326;;616
2025-03-22T15:31:32Z;738;;1028
2025-03-22T15:31:34Z;325;;615
2025-03-22T15:31:35Z;738;;1028
2025-03-22T15:31:37Z;322;;612
2025-03-22T15:31:38Z;637;;927
2025-03-22T15:31:40Z;330;;620
2025-03-22T15:31:42Z;739;;1029
2025-03-22T15:31:43Z;420;;710
2025-03-22T15:31:45Z;731;;1021
2025-03-22T15:31:47Z;321;;611
2025-03-22T15:31:48Z;732;;1022
2025-03-22T15:31:50Z;321;;611
2025-03-22T15:31:51Z;734;;1024
2025-03-22T15:31:53Z;319;;609
2025-03-22T15:31:54Z;627;;917
2025-03-22T15:31:56Z;322;;612
2025-03-22T15:31:58Z;774;;1064
2025-03-22T15:31:59Z;435;;725
2025-03-22T15:32:01Z;753;;1043
2025-03-22T15:32:03Z;335;;625
2025-03-22T15:32:04Z;749;;1039
2025-03-22T15:32:19Z;331;;621
2025-03-22T15:32:20Z;338;;628
2025-03-22T15:32:22Z;336;;626
2025-03-22T15:32:23Z;750;;1040
2025-03-22T15:32:25Z;338;;628
2025-03-22T15:32:26Z;634;;924
2025-03-22T15:32:28Z;340;;630
2025-03-22T15:32:30Z;751;;1041
2025-03-22T15:32:31Z;449;;739
2025-03-22T15:32:33Z;741;;1031
2025-03-22T15:32:35Z;334;;624
2025-03-22T15:32:36Z;745;;1035
2025-03-22T15:32:38Z;335;;625
2025-03-22T15:32:39Z;747;;1037
2025-03-22T15:32:41Z;334;;624
2025-03-22T15:32:42Z;630;;920
2025-03-22T15:32:44Z;338;;628
2025-03-22T15:32:46Z;750;;1040
2025-03-22T15:32:47Z;446;;736
2025-03-22T15:32:49Z;749;;1039
2025-03-22T15:32:51Z;330;;620
2025-03-22T15:32:52Z;744;;1034
2025-03-22T15:32:54Z;357;;647
2025-03-22T15:32:55Z;740;;1030
2025-03-22T15:32:57Z;335;;625
2025-03-22T15:32:58Z;622;;912
2025-03-22T15:33:00Z;318;;608
2025-03-22T15:33:02Z;730;;1020
2025-03-22T15:33:03Z;435;;725
2025-03-22T15:33:05Z;751;;1041
2025-03-22T15:33:07Z;342;;632
2025-03-22T15:33:08Z;754;;1044
2025-03-22T15:33:10Z;341;;631
2025-03-22T15:33:11Z;747;;1037
2025-03-22T15:33:13Z;337;;627
2025-03-22T15:33:14Z;622;;912
2025-03-22T15:33:16Z;340;;630
2025-03-22T15:33:18Z;745;;1035
2025-03-22T15:33:19Z;463;;753
2025-03-22T15:33:21Z;777;;1067
2025-03-22T15:33:23Z;360;;650
2025-03-22T15:33:38Z;765;;1055
2025-03-22T15:33:39Z;350;;640
2025-03-22T15:33:40Z;746;;1036
2025-03-22T15:33:42Z;344;;634
2025-03-22T15:33:43Z;743;;1033
2025-03-22T15:33:45Z;340;;630
2025-03-22T15:33:47Z;759;;1049
2025-03-22T15:33:48Z;344;;634
2025-03-22T15:33:50Z;764;;1054
2025-03-22T15:33:51Z;511;;801
2025-03-22T15:33:53Z;758;;1048
2025-03-22T15:33:55Z;336;;626
2025-03-22T15:33:56Z;745;;1035
2025-03-22T15:33:58Z;332;;622
2025-03-22T15:33:59Z;755;;1045
2025-03-22T15:34:01Z;338;;628
2025-03-22T15:34:03Z;720;;1010
2025-03-22T15:34:04Z;317;;607
2025-03-22T15:34:06Z;718;;1008
2025-03-22T15:34:07Z;498;;788
2025-03-22T15:34:09Z;727;;1017
2025-03-22T15:34:11Z;309;;599
2025-03-22T15:34:12Z;741;;1031
2025-03-22T15:34:14Z;334;;624
2025-03-22T15:34:15Z;741;;1031
2025-03-22T15:34:17Z;330;;620
2025-03-22T15:34:19Z;746;;1036
2025-03-22T15:34:20Z;335;;625
2025-03-22T15:34:22Z;748;;1038
2025-03-22T15:34:23Z;543;;833
2025-03-22T15:34:25Z;745;;1035
2025-03-22T15:34:27Z;330;;620
2025-03-22T15:34:28Z;744;;1034
2025-03-22T15:34:30Z;328;;618
2025-03-22T15:34:31Z;736;;1026
2025-03-22T15:34:33Z;328;;618
2025-03-22T15:34:35Z;735;;1025
2025-03-22T15:34:36Z;331;;621
2025-03-22T15:34:38Z;739;;1029
2025-03-22T15:34:39Z;569;;859
2025-03-22T15:34:41Z;743;;1033
2025-03-22T15:34:56Z;324;;614
2025-03-22T15:34:57Z;319;;609
2025-03-22T15:34:59Z;316;;606
2025-03-22T15:35:00Z;734;;1024
2025-03-22T15:35:02Z;312;;602
2025-03-22T15:35:03Z;732;;1022
2025-03-22T15:35:05Z;321;;611
2025-03-22T15:35:07Z;733;;1023
2025-03-22T15:35:08Z;327;;617
2025-03-22T15:35:10Z;733;;1023
2025-03-22T15:35:12Z;313;;603
2025-03-22T15:35:13Z;730;;1020
2025-03-22T15:35:15Z;316;;606
2025-03-22T15:35:16Z;733;;1023
2025-03-22T15:35:18Z;317;;607
2025-03-22T15:35:19Z;728;;1018
2025-03-22T15:35:21Z;321;;611
2025-03-22T15:35:23Z;742;;1032
2025-03-22T15:35:24Z;330;;620
2025-03-22T15:35:26Z;752;;1042
2025-03-22T15:35:29Z;1336;;1626
2025-03-22T15:35:31Z;923;;1213
2025-03-22T15:35:32Z;1318;;1608
2025-03-22T15:35:34Z;915;;1205
2025-03-22T15:35:35Z;1317;;1607
2025-03-22T15:35:37Z;334;;624
2025-03-22T15:35:39Z;755;;1045
2025-03-22T15:35:40Z;347;;637
2025-03-22T15:35:42Z;751;;1041
2025-03-22T15:35:44Z;336;330;626
2025-03-22T15:35:48Z;757;;1087
2025-03-22T15:35:49Z;338;;668
2025-03-22T15:35:50Z;751;;1081
2025-03-22T15:35:52Z;343;;673
2025-03-22T15:35:53Z;747;;1077
2025-03-22T15:35:54Z;338;;668
2025-03-22T15:35:55Z;752;;1082
2025-03-22T15:35:56Z;339;;669
2025-03-22T15:35:58Z;755;;1085
2025-03-22T15:36:00Z;339;;669
2025-03-22T15:36:16Z;326;;656
2025-03-22T15:36:17Z;740;;1070
2025-03-22T15:36:19Z;326;;656
2025-03-22T15:36:20Z;738;;1068
2025-03-22T15:36:22Z;323;;653
2025-03-22T15:36:23Z;725;;1055
2025-03-22T15:36:25Z;327;;657
2025-03-22T15:36:27Z;739;;1069
2025-03-22T15:36:28Z;331;;661
2025-03-22T15:36:30Z;737;;1067
2025-03-22T15:36:32Z;320;;650
2025-03-22T15:36:33Z;733;;1063
2025-03-22T15:36:35Z;322;;652
2025-03-22T15:36:36Z;733;;1063
2025-03-22T15:36:38Z;321;;651
2025-03-22T15:36:39Z;731;;1061
2025-03-22T15:36:41Z;318;;648
2025-03-22T15:36:43Z;735;;1065
2025-03-22T15:36:44Z;334;;664
2025-03-22T15:36:46Z;742;;1072
2025-03-22T15:36:48Z;320;;650
2025-03-22T15:36:49Z;722;;1052
2025-03-22T15:36:51Z;309;;639
2025-03-22T15:36:52Z;719;;1049
2025-03-22T15:36:54Z;315;;645
2025-03-22T15:36:55Z;712;;1042
2025-03-22T15:36:57Z;299;;629
2025-03-22T15:36:59Z;718;;1048
2025-03-22T15:37:00Z;364;;694
2025-03-22T15:37:02Z;728;;1058
2025-03-22T15:37:04Z;317;;647
2025-03-22T15:37:05Z;732;;1062
2025-03-22T15:37:07Z;318;;648
2025-03-22T15:37:08Z;728;;1058
2025-03-22T15:37:10Z;321;;651
2025-03-22T15:37:11Z;712;;1042
2025-03-22T15:37:13Z;324;;654
2025-03-22T15:37:15Z;733;;1063
2025-03-22T15:37:16Z;331;;661
2025-03-22T15:37:18Z;736;;1066
2025-03-22T15:37:33Z;325;;655
2025-03-22T15:37:34Z;715;;1045
2025-03-22T15:37:36Z;310;;640
2025-03-22T15:37:37Z;712;;1042
2025-03-22T15:37:39Z;316;;646
2025-03-22T15:37:40Z;726;;1056
2025-03-22T15:37:42Z;318;;648
2025-03-22T15:37:43Z;710;;1040
2025-03-22T15:37:45Z;315;;645
2025-03-22T15:37:47Z;732;;1062
2025-03-22T15:37:48Z;337;;667
2025-03-22T15:37:50Z;726;;1056
2025-03-22T15:37:52Z;317;;647
2025-03-22T15:37:53Z;733;;1063
2025-03-22T15:37:55Z;312;;642
2025-03-22T15:37:56Z;714;;1044
2025-03-22T15:37:58Z;310;;640
2025-03-22T15:37:59Z;683;;1013
2025-03-22T15:38:01Z;310;;640
2025-03-22T15:38:03Z;698;;1028
2025-03-22T15:38:04Z;317;;647
2025-03-22T15:38:06Z;696;;1026
2025-03-22T15:38:08Z;272;;602
2025-03-22T15:38:09Z;698;;1028
2025-03-22T15:38:11Z;276;;606
2025-03-22T15:38:12Z;686;;1016
2025-03-22T15:38:14Z;284;;614
2025-03-22T15:38:15Z;644;;974
2025-03-22T15:38:17Z;266;;596
2025-03-22T15:38:19Z;688;;1018
2025-03-22T15:38:20Z;331;;661
2025-03-22T15:38:21Z;281;;611
2025-03-22T15:38:23Z;691;;1021
2025-03-22T15:38:24Z;276;;606
2025-03-22T15:38:25Z;686;;1016
2025-03-22T15:38:27Z;265;;595
2025-03-22T15:38:28Z;696;;1026
2025-03-22T15:38:30Z;286;;616
2025-03-22T15:38:31Z;614;;944
2025-03-22T15:38:33Z;269;;599
2025-03-22T15:38:35Z;683;;1013
2025-03-22T15:38:36Z;364;;694
2025-03-22T15:38:51Z;265;;595
2025-03-22T15:38:55Z;245;;575
2025-03-22T15:38:57Z;618;;948
2025-03-22T15:38:58Z;249;;579
2025-03-22T15:39:00Z;629;;959
2025-03-22T15:39:01Z;246;;576
2025-03-22T15:39:03Z;626;;956
2025-03-22T15:39:04Z;427;;757
2025-03-22T15:39:05Z;251;;581
2025-03-22T15:39:07Z;627;;957
2025-03-22T15:39:08Z;249;;579
2025-03-22T15:39:09Z;432;;762
2025-03-22T15:39:10Z;642;;972
2025-03-22T15:39:12Z;259;;589
2025-03-22T15:39:13Z;648;;978
2025-03-22T15:39:14Z;262;;592
2025-03-22T15:39:16Z;654;;984
2025-03-22T15:39:17Z;265;;595
2025-03-22T15:39:19Z;643;;973
2025-03-22T15:39:20Z;529;;859
2025-03-22T15:39:21Z;254;;584
2025-03-22T15:39:23Z;652;;982
2025-03-22T15:39:24Z;315;;645
2025-03-22T15:39:26Z;711;;1041
2025-03-22T15:39:27Z;314;;644
2025-03-22T15:39:29Z;711;;1041
2025-03-22T15:39:30Z;325;;655
2025-03-22T15:39:32Z;717;;1047
2025-03-22T15:39:33Z;331;;661
2025-03-22T15:39:35Z;716;;1046
2025-03-22T15:39:37Z;265;;595
2025-03-22T15:39:38Z;661;;991
2025-03-22T15:39:40Z;279;;609
2025-03-22T15:39:42Z;680;;1010
2025-03-22T15:39:43Z;280;;610
2025-03-22T15:39:45Z;681;;1011
2025-03-22T15:39:46Z;272;;602
2025-03-22T15:39:48Z;676;;1006
2025-03-22T15:39:49Z;283;;613
2025-03-22T15:39:51Z;701;;1031
2025-03-22T15:39:53Z;300;;630
2025-03-22T15:39:54Z;701;;1031
2025-03-22T15:40:10Z;303;;633
2025-03-22T15:40:12Z;311;;641
2025-03-22T15:40:14Z;722;;1052
2025-03-22T15:40:15Z;313;;643
2025-03-22T15:40:17Z;711;;1041
2025-03-22T15:40:18Z;310;;640
2025-03-22T15:40:20Z;711;;1041
2025-03-22T15:40:21Z;323;;653
2025-03-22T15:40:23Z;718;;1048
2025-03-22T15:40:25Z;311;;641
2025-03-22T15:40:26Z;702;;1032
2025-03-22T15:40:28Z;310;;640
2025-03-22T15:40:30Z;713;;1043
2025-03-22T15:40:31Z;304;;634
2025-03-22T15:40:33Z;718;;1048
2025-03-22T15:40:34Z;312;;642
2025-03-22T15:40:36Z;714;;1044
2025-03-22T15:40:37Z;331;;661
2025-03-22T15:40:39Z;717;;1047
2025-03-22T15:40:41Z;321;;651
2025-03-22T15:40:42Z;709;;1039
2025-03-22T15:40:44Z;318;;648
2025-03-22T15:40:46Z;733;;1063
2025-03-22T15:40:47Z;322;;652
2025-03-22T15:40:49Z;731;292;1061
2025-03-22T15:40:53Z;322;;614
2025-03-22T15:40:54Z;827;266;755
2025-03-22T15:40:55Z;489;;781
2025-03-22T15:40:57Z;767;;1033
2025-03-22T15:40:58Z;275;;541
2025-03-22T15:40:59Z;709;;975
2025-03-22T15:41:00Z;334;;600
2025-03-22T15:41:02Z;747;;1013
2025-03-22T15:41:03Z;337;;603
2025-03-22T15:41:05Z;753;;1019
2025-03-22T15:41:06Z;339;;605
2025-03-22T15:41:08Z;756;;1022
2025-03-22T15:41:09Z;388;;654
2025-03-22T15:41:11Z;765;;1031
2025-03-22T15:41:13Z;347;;613
2025-03-22T15:41:28Z;707;;973
2025-03-22T15:41:29Z;347;;613
2025-03-22T15:41:30Z;661;;927
2025-03-22T15:41:32Z;341;;607
2025-03-22T15:41:34Z;763;;1029
2025-03-22T15:41:35Z;357;;623
2025-03-22T15:41:37Z;769;;1035
2025-03-22T15:41:38Z;350;;616
2025-03-22T15:41:40Z;783;;1049
2025-03-22T15:41:41Z;495;;761
2025-03-22T15:41:43Z;766;;1032
2025-03-22T15:41:45Z;357;;623
2025-03-22T15:41:46Z;607;;873
2025-03-22T15:41:48Z;355;;621
2025-03-22T15:41:50Z;775;;1041
2025-03-22T15:41:51Z;361;;627
2025-03-22T15:41:53Z;766;;1032
2025-03-22T15:41:54Z;345;;611
2025-03-22T15:41:56Z;759;;1025
2025-03-22T15:41:57Z;562;;828
2025-03-22T15:41:59Z;775;;1041
2025-03-22T15:42:01Z;351;;617
2025-03-22T15:42:03Z;761;;1027
2025-03-22T15:42:04Z;349;;615
2025-03-22T15:42:06Z;771;;1037
2025-03-22T15:42:07Z;364;;630
2025-03-22T15:42:09Z;775;;1041
2025-03-22T15:42:10Z;368;;634
2025-03-22T15:42:12Z;783;;1049
2025-03-22T15:42:14Z;365;;631
2025-03-22T15:42:15Z;770;;1036
2025-03-22T15:42:17Z;352;;618
2025-03-22T15:42:19Z;784;;1050
2025-03-22T15:42:20Z;366;;632
2025-03-22T15:42:22Z;785;;1051
2025-03-22T15:42:23Z;362;;628
2025-03-22T15:42:25Z;782;;1048
2025-03-22T15:42:26Z;372;;638
2025-03-22T15:42:28Z;780;;1046
2025-03-22T15:42:30Z;370;;636
2025-03-22T15:42:31Z;782;;1048
2025-03-22T15:42:47Z;326;;592
2025-03-22T15:42:49Z;327;;593
2025-03-22T15:42:50Z;737;;1003
2025-03-22T15:42:52Z;328;;594
2025-03-22T15:42:54Z;747;;1013
2025-03-22T15:42:55Z;329;;595
2025-03-22T15:42:57Z;747;;1013
2025-03-22T15:42:58Z;337;;603
2025-03-22T15:43:00Z;742;;1008
2025-03-22T15:43:02Z;314;;580
2025-03-22T15:43:03Z;720;;986
2025-03-22T15:43:05Z;316;;582
2025-03-22T15:43:07Z;730;;996
2025-03-22T15:43:08Z;316;;582
2025-03-22T15:43:10Z;735;;1001
2025-03-22T15:43:11Z;318;;584
2025-03-22T15:43:13Z;734;;1000
2025-03-22T15:43:14Z;328;;594
2025-03-22T15:43:16Z;733;;999
2025-03-22T15:43:18Z;313;;579
2025-03-22T15:43:19Z;719;;985
2025-03-22T15:43:21Z;322;;588
2025-03-22T15:43:23Z;730;;996
2025-03-22T15:43:24Z;318;;584
2025-03-22T15:43:26Z;732;;998
2025-03-22T15:43:27Z;319;;585
2025-03-22T15:43:29Z;745;;1011
2025-03-22T15:43:30Z;340;;606
2025-03-22T15:43:32Z;737;;1003
2025-03-22T15:43:34Z;328;;594
2025-03-22T15:43:35Z;726;;992
2025-03-22T15:43:37Z;331;;597
2025-03-22T15:43:39Z;746;;1012
2025-03-22T15:43:40Z;330;;596
2025-03-22T15:43:42Z;740;;1006
2025-03-22T15:43:43Z;335;;601
2025-03-22T15:43:45Z;741;;1007
2025-03-22T15:43:46Z;359;;625
2025-03-22T15:43:48Z;741;;1007
2025-03-22T15:43:50Z;331;;597
2025-03-22T15:44:05Z;717;;983
2025-03-22T15:44:06Z;340;;606
2025-03-22T15:44:07Z;696;;962
2025-03-22T15:44:09Z;341;;607
2025-03-22T15:44:11Z;759;;1025
2025-03-22T15:44:12Z;336;;602
2025-03-22T15:44:14Z;757;;1023
2025-03-22T15:44:15Z;348;;614
2025-03-22T15:44:17Z;757;;1023
2025-03-22T15:44:18Z;420;;686
2025-03-22T15:44:20Z;756;;1022
2025-03-22T15:44:22Z;344;;610
2025-03-22T15:44:23Z;668;;934
2025-03-22T15:44:25Z;346;;612
2025-03-22T15:44:27Z;762;;1028
2025-03-22T15:44:28Z;357;;623
2025-03-22T15:44:30Z;802;;1068
2025-03-22T15:44:31Z;390;;656
2025-03-22T15:44:33Z;828;;1094
2025-03-22T15:44:34Z;523;;789
2025-03-22T15:44:36Z;828;;1094
2025-03-22T15:44:38Z;416;;682
2025-03-22T15:44:39Z;697;;963
2025-03-22T15:44:41Z;423;;689
2025-03-22T15:44:43Z;834;;1100
2025-03-22T15:44:44Z;414;;680
2025-03-22T15:44:46Z;831;;1097
2025-03-22T15:44:47Z;419;;685
2025-03-22T15:44:49Z;828;;1094
2025-03-22T15:44:50Z;575;;841
2025-03-22T15:44:52Z;834;;1100
2025-03-22T15:44:54Z;420;;686
2025-03-22T15:44:55Z;651;;917
2025-03-22T15:44:57Z;419;;685
2025-03-22T15:44:59Z;839;;1105
2025-03-22T15:45:00Z;420;;686
2025-03-22T15:45:01Z;;173;593
2025-03-22T15:45:02Z;839;;1012
2025-03-22T15:45:03Z;429;;602
2025-03-22T15:45:07Z;846;;1019
2025-03-22T15:45:08Z;428;;601
2025-03-22T15:45:24Z;836;;1009
2025-03-22T15:45:25Z;841;;1014
2025-03-22T15:45:26Z;427;;600
2025-03-22T15:45:27Z;842;;1015
2025-03-22T15:45:29Z;430;;603
2025-03-22T15:45:30Z;841;;1014
2025-03-22T15:45:31Z;430;;603
2025-03-22T15:45:32Z;834;;1007
2025-03-22T15:45:33Z;431;;604
2025-03-22T15:45:35Z;844;;1017
2025-03-22T15:45:36Z;420;;593
2025-03-22T15:45:37Z;840;;1013
2025-03-22T15:45:38Z;425;;598
2025-03-22T15:45:39Z;837;;1010
2025-03-22T15:45:41Z;421;;594
2025-03-22T15:45:42Z;836;;1009
2025-03-22T15:45:43Z;423;;596
2025-03-22T15:45:44Z;834;;1007
2025-03-22T15:45:45Z;419;;592
2025-03-22T15:45:47Z;838;;1011
2025-03-22T15:45:48Z;421;;594
2025-03-22T15:45:49Z;843;;1016
2025-03-22T15:45:50Z;426;;599
2025-03-22T15:45:51Z;847;;1020
2025-03-22T15:45:53Z;426;;599
2025-03-22T15:45:54Z;838;;1011
2025-03-22T15:45:55Z;424;;597
2025-03-22T15:45:56Z;832;;1005
2025-03-22T15:45:58Z;425;;598
2025-03-22T15:46:00Z;838;;1011
2025-03-22T15:46:01Z;425;;598
2025-03-22T15:46:03Z;838;;1011
2025-03-22T15:46:04Z;425;;598
2025-03-22T15:46:06Z;846;;1019
2025-03-22T15:46:07Z;437;;610
2025-03-22T15:46:09Z;849;;1022
2025-03-22T15:46:11Z;428;;601
2025-03-22T15:46:12Z;860;;1033
2025-03-22T15:46:14Z;439;;612
2025-03-22T15:46:16Z;839;;1012
2025-03-22T15:46:17Z;443;;616
2025-03-22T15:46:19Z;859;;1032
2025-03-22T15:46:20Z;446;;619
2025-03-22T15:46:22Z;857;;1030
2025-03-22T15:46:23Z;440;;613
2025-03-22T15:46:25Z;839;;1012
2025-03-22T15:46:27Z;428;;601
2025-03-22T15:46:42Z;839;;1012
2025-03-22T15:46:43Z;435;;608
2025-03-22T15:46:44Z;847;;1020
2025-03-22T15:46:46Z;433;;606
2025-03-22T15:46:48Z;847;;1020
2025-03-22T15:46:49Z;434;;607
2025-03-22T15:46:51Z;850;;1023
2025-03-22T15:46:52Z;435;;608
2025-03-22T15:46:54Z;849;;1022
2025-03-22T15:46:55Z;437;;610
2025-03-22T15:46:57Z;850;;1023
2025-03-22T15:46:59Z;431;;604
2025-03-22T15:47:00Z;840;;1013
2025-03-22T15:47:02Z;433;;606
2025-03-22T15:47:04Z;845;;1018
2025-03-22T15:47:05Z;427;;600
2025-03-22T15:47:07Z;844;;1017
2025-03-22T15:47:08Z;426;;599
2025-03-22T15:47:10Z;844;;1017
2025-03-22T15:47:11Z;439;;612
2025-03-22T15:47:13Z;831;;1004
2025-03-22T15:47:15Z;420;;593
2025-03-22T15:47:16Z;829;;1002
2025-03-22T15:47:18Z;416;;589
2025-03-22T15:47:20Z;834;;1007
2025-03-22T15:47:21Z;422;;595
2025-03-22T15:47:23Z;851;;1024
2025-03-22T15:47:24Z;428;;601
2025-03-22T15:47:26Z;836;;1009
2025-03-22T15:47:27Z;439;;612
2025-03-22T15:47:29Z;848;;1021
2025-03-22T15:47:31Z;433;;606
2025-03-22T15:47:32Z;839;;1012
2025-03-22T15:47:34Z;422;;595
2025-03-22T15:47:36Z;857;;1030
2025-03-22T15:47:37Z;447;;620
2025-03-22T15:47:39Z;856;;1029
2025-03-22T15:47:40Z;445;;618
2025-03-22T15:47:42Z;867;;1040
2025-03-22T15:47:43Z;450;;623
2025-03-22T15:47:45Z;863;;1036
2025-03-22T15:48:01Z;449;;622
2025-03-22T15:48:03Z;441;;614
2025-03-22T15:48:04Z;845;;1018
2025-03-22T15:48:06Z;441;;614
2025-03-22T15:48:08Z;850;;1023
2025-03-22T15:48:09Z;443;;616
2025-03-22T15:48:11Z;844;;1017
2025-03-22T15:48:12Z;437;;610
2025-03-22T15:48:14Z;852;;1025
2025-03-22T15:48:15Z;446;;619
2025-03-22T15:48:17Z;854;;1027
2025-03-22T15:48:19Z;440;;613
2025-03-22T15:48:20Z;846;;1019
2025-03-22T15:48:22Z;463;;636
2025-03-22T15:48:24Z;871;;1044
2025-03-22T15:48:25Z;461;;634
2025-03-22T15:48:27Z;875;;1048
2025-03-22T15:48:28Z;463;;636
2025-03-22T15:48:30Z;873;;1046
2025-03-22T15:48:31Z;468;;641
2025-03-22T15:48:33Z;863;;1036
2025-03-22T15:48:35Z;459;;632
2025-03-22T15:48:36Z;866;;1039
2025-03-22T15:48:38Z;451;;624
2025-03-22T15:48:40Z;872;;1045
2025-03-22T15:48:41Z;456;;629
2025-03-22T15:48:43Z;869;;1042
2025-03-22T15:48:44Z;460;;633
2025-03-22T15:48:46Z;878;;1051
2025-03-22T15:48:47Z;446;;619
2025-03-22T15:48:49Z;851;;1024
2025-03-22T15:48:51Z;450;;623
2025-03-22T15:48:52Z;862;;1035
2025-03-22T15:48:54Z;453;;626
2025-03-22T15:48:56Z;858;;1031
2025-03-22T15:48:57Z;450;;623
2025-03-22T15:48:59Z;872;;1045
2025-03-22T15:49:00Z;455;;628
2025-03-22T15:49:02Z;864;;1037
2025-03-22T15:49:03Z;450;;623
2025-03-22T15:49:05Z;856;;1029
2025-03-22T15:49:19Z;902;;1075
2025-03-22T15:49:20Z;510;;683
2025-03-22T15:49:21Z;890;;1063
2025-03-22T15:49:23Z;466;;639
2025-03-22T15:49:24Z;885;;1058
2025-03-22T15:49:26Z;468;;641
2025-03-22T15:49:27Z;601;;774
2025-03-22T15:49:29Z;487;;660
2025-03-22T15:49:31Z;930;;1103
2025-03-22T15:49:32Z;509;;682
2025-03-22T15:49:34Z;879;;1052
2025-03-22T15:49:35Z;477;;650
2025-03-22T15:49:37Z;898;;1071
2025-03-22T15:49:39Z;481;;654
2025-03-22T15:49:40Z;885;;1058
2025-03-22T15:49:42Z;481;;654
2025-03-22T15:49:43Z;637;;810
2025-03-22T15:49:44Z;904;;1077
2025-03-22T15:49:46Z;498;;671
2025-03-22T15:49:47Z;886;;1059
2025-03-22T15:49:48Z;467;;640
2025-03-22T15:49:50Z;880;;1053
2025-03-22T15:49:51Z;473;;646
2025-03-22T15:49:53Z;893;;1066
2025-03-22T15:49:55Z;475;;648
2025-03-22T15:49:56Z;883;;1056
2025-03-22T15:49:58Z;469;;642
2025-03-22T15:49:59Z;607;;780
2025-03-22T15:50:01Z;464;;637
2025-03-22T15:50:03Z;873;;1046
2025-03-22T15:50:04Z;469;;642
2025-03-22T15:50:06Z;884;;1057
2025-03-22T15:50:07Z;478;;651
2025-03-22T15:50:09Z;883;;1056
2025-03-22T15:50:11Z;472;;645
2025-03-22T15:50:12Z;883;;1056
2025-03-22T15:50:14Z;472;;645
2025-03-22T15:50:15Z;629;;802
2025-03-22T15:50:16Z;901;;1074
2025-03-22T15:50:18Z;464;;637
2025-03-22T15:50:19Z;872;;1045
2025-03-22T15:50:20Z;467;;640
2025-03-22T15:50:22Z;884;;1057
2025-03-22T15:50:23Z;471;;644
2025-03-22T15:50:38Z;884;;1057
2025-03-22T15:50:39Z;904;;1077
2025-03-22T15:50:41Z;906;;1079
2025-03-22T15:50:42Z;700;;873
2025-03-22T15:50:43Z;488;;661
2025-03-22T15:50:45Z;899;;1072
2025-03-22T15:50:46Z;502;;675
2025-03-22T15:50:47Z;696;;869
2025-03-22T15:50:48Z;902;;1075
2025-03-22T15:50:50Z;701;;874
2025-03-22T15:50:51Z;506;;679
2025-03-22T15:50:52Z;914;;1087
2025-03-22T15:50:53Z;472;;645
2025-03-22T15:50:54Z;886;;1059
2025-03-22T15:50:56Z;485;;658
2025-03-22T15:50:57Z;900;;1073
2025-03-22T15:50:58Z;676;;849
2025-03-22T15:50:59Z;487;;660
2025-03-22T15:51:01Z;894;;1067
2025-03-22T15:51:02Z;499;;672
2025-03-22T15:51:03Z;701;;874
2025-03-22T15:51:05Z;476;;649
2025-03-22T15:51:07Z;874;;1047
2025-03-22T15:51:08Z;473;;646
2025-03-22T15:51:10Z;874;;1047
2025-03-22T15:51:11Z;476;;649
2025-03-22T15:51:13Z;872;;1045
2025-03-22T15:51:15Z;483;;656
2025-03-22T15:51:16Z;911;;1084
2025-03-22T15:51:18Z;501;;674
2025-03-22T15:51:19Z;693;;866
2025-03-22T15:51:20Z;903;;1076
2025-03-22T15:51:22Z;470;;643
2025-03-22T15:51:23Z;890;;1063
2025-03-22T15:51:24Z;475;;648
2025-03-22T15:51:26Z;882;;1055
2025-03-22T15:51:27Z;473;;646
2025-03-22T15:51:29Z;887;;1060
2025-03-22T15:51:31Z;488;;661
2025-03-22T15:51:32Z;899;;1072
2025-03-22T15:51:34Z;474;;647
2025-03-22T15:51:35Z;688;;861
2025-03-22T15:51:37Z;469;;642
2025-03-22T15:51:39Z;886;;1059
2025-03-22T15:51:40Z;478;;651
2025-03-22T15:51:42Z;895;;1068
2025-03-22T15:51:57Z;489;;662
2025-03-22T15:51:58Z;908;;1081
2025-03-22T15:51:59Z;505;;678
2025-03-22T15:52:01Z;872;;1045
2025-03-22T15:52:03Z;459;;632
2025-03-22T15:52:04Z;873;;1046
2025-03-22T15:52:06Z;462;;635
2025-03-22T15:52:07Z;636;;809
2025-03-22T15:52:09Z;465;;638
2025-03-22T15:52:11Z;1079;;1252
2025-03-22T15:52:12Z;467;;640
2025-03-22T15:52:14Z;900;;1073
2025-03-22T15:52:15Z;492;;665
2025-03-22T15:52:17Z;913;;1086
2025-03-22T15:52:18Z;746;;919
2025-03-22T15:52:19Z;493;;666
2025-03-22T15:52:21Z;911;;1084
2025-03-22T15:52:22Z;489;;662
2025-03-22T15:52:23Z;655;;828
2025-03-22T15:52:24Z;907;;1080
2025-03-22T15:52:26Z;483;;656
2025-03-22T15:52:27Z;897;;1070
2025-03-22T15:52:28Z;470;;643
2025-03-22T15:52:30Z;888;;1061
2025-03-22T15:52:31Z;485;;658
2025-03-22T15:52:33Z;885;;1058
2025-03-22T15:52:35Z;473;;646
2025-03-22T15:52:36Z;896;;1069
2025-03-22T15:52:38Z;493;;666
2025-03-22T15:52:39Z;629;;802
2025-03-22T15:52:40Z;903;;1076
2025-03-22T15:52:42Z;489;;662
2025-03-22T15:52:43Z;871;;1044
2025-03-22T15:52:44Z;464;;637
2025-03-22T15:52:46Z;879;;1052
2025-03-22T15:52:47Z;463;;636
2025-03-22T15:52:49Z;855;;1028
2025-03-22T15:52:51Z;442;;615
2025-03-22T15:52:52Z;858;;1031
2025-03-22T15:52:54Z;459;;632
2025-03-22T15:52:56Z;897;;1070
2025-03-22T15:52:57Z;478;;651
2025-03-22T15:52:59Z;892;;1065
2025-03-22T15:53:00Z;484;;657
2025-03-22T15:53:15Z;882;;1055
2025-03-22T15:53:16Z;884;;1057
2025-03-22T15:53:17Z;481;;654
2025-03-22T15:53:19Z;878;;1051
2025-03-22T15:53:20Z;473;;646
2025-03-22T15:53:21Z;881;;1054
2025-03-22T15:53:23Z;461;;634
2025-03-22T15:53:24Z;861;;1034
2025-03-22T15:53:26Z;455;;628
2025-03-22T15:53:28Z;864;;1037
2025-03-22T15:53:29Z;453;;626
2025-03-22T15:53:31Z;860;;1033
2025-03-22T15:53:32Z;455;;628
2025-03-22T15:53:34Z;889;;1062
2025-03-22T15:53:35Z;481;;654
2025-03-22T15:53:37Z;895;;1068
2025-03-22T15:53:39Z;471;;644
2025-03-22T15:53:40Z;878;;1051
2025-03-22T15:53:42Z;468;;641
2025-03-22T15:53:44Z;876;;1049
2025-03-22T15:53:45Z;461;;634
2025-03-22T15:53:47Z;864;;1037
2025-03-22T15:53:48Z;453;;626
2025-03-22T15:53:50Z;863;;1036
2025-03-22T15:53:51Z;457;;630
2025-03-22T15:53:53Z;872;;1045
2025-03-22T15:53:55Z;472;;645
2025-03-22T15:53:56Z;874;;1047
2025-03-22T15:53:58Z;468;;641
2025-03-22T15:54:00Z;891;;1064
2025-03-22T15:54:01Z;470;;643
2025-03-22T15:54:03Z;870;;1043
2025-03-22T15:54:04Z;467;;640
2025-03-22T15:54:06Z;857;;1030
2025-03-22T15:54:07Z;456;;629
2025-03-22T15:54:09Z;858;;1031
2025-03-22T15:54:10Z;438;;611
2025-03-22T15:54:12Z;847;;1020
2025-03-22T15:54:14Z;442;;615
2025-03-22T15:54:15Z;667;;840
2025-03-22T15:54:17Z;483;;656
2025-03-22T15:54:19Z;890;;1063
2025-03-22T15:54:34Z;437;;610
2025-03-22T15:54:35Z;869;;1042
2025-03-22T15:54:36Z;453;;626
2025-03-22T15:54:38Z;881;;1054
2025-03-22T15:54:39Z;455;;628
2025-03-22T15:54:41Z;859;;1032
2025-03-22T15:54:43Z;431;;604
2025-03-22T15:54:44Z;834;;1007
2025-03-22T15:54:45Z;416;;589
2025-03-22T15:54:50Z;830;;1003
2025-03-22T15:54:51Z;2149;;2322
2025-03-22T15:54:52Z;2553;;2726
2025-03-22T15:54:53Z;2171;;2344
2025-03-22T15:54:55Z;2587;;2760
2025-03-22T15:54:56Z;2190;;2363
2025-03-22T15:54:57Z;2562;;2735
2025-03-22T15:54:59Z;2181;;2354
2025-03-22T15:55:00Z;2566;;2739
2025-03-22T15:55:02Z;2178;;2351
2025-03-22T15:55:04Z;2554;;2727
2025-03-22T15:55:05Z;2161;;2334
2025-03-22T15:55:07Z;2551;;2724
2025-03-22T15:55:08Z;2159;;2332
2025-03-22T15:55:10Z;2535;;2708
2025-03-22T15:55:11Z;2170;;2343
2025-03-22T15:55:13Z;2544;;2717
2025-03-22T15:55:15Z;2142;;2315
2025-03-22T15:55:16Z;2515;;2688
2025-03-22T15:55:18Z;2116;;2289
2025-03-22T15:55:20Z;2646;;2819
2025-03-22T15:55:21Z;2130;;2303
2025-03-22T15:55:23Z;2543;;2716
2025-03-22T15:55:24Z;2143;;2316
2025-03-22T15:55:26Z;2560;;2733
2025-03-22T15:55:27Z;2165;;2338
2025-03-22T15:55:29Z;2551;;2724
2025-03-22T15:55:31Z;2159;;2332
2025-03-22T15:55:32Z;2539;;2712
2025-03-22T15:55:34Z;2164;;2337
2025-03-22T15:55:36Z;2559;;2732
2025-03-22T15:55:37Z;2156;;2329
2025-03-22T15:55:52Z;2557;;2730
2025-03-22T15:55:53Z;2537;;2710
2025-03-22T15:55:55Z;2542;;2715
2025-03-22T15:55:56Z;2162;;2335
2025-03-22T15:55:58Z;2563;;2736
2025-03-22T15:55:59Z;2274;;2447
2025-03-22T15:56:01Z;2572;;2745
2025-03-22T15:56:03Z;2161;;2334
2025-03-22T15:56:04Z;2474;;2647
2025-03-22T15:56:06Z;2167;;2340
2025-03-22T15:56:08Z;2546;;2719
2025-03-22T15:56:09Z;2167;;2340
2025-03-22T15:56:11Z;2530;;2703
2025-03-22T15:56:12Z;2125;;2298
2025-03-22T15:56:14Z;2507;;2680
2025-03-22T15:56:15Z;2147;;2320
2025-03-22T15:56:17Z;2597;;2770
2025-03-22T15:56:19Z;2131;;2304
2025-03-22T15:56:20Z;2523;;2696
2025-03-22T15:56:22Z;2161;;2334
2025-03-22T15:56:24Z;2548;;2721
2025-03-22T15:56:25Z;2155;;2328
2025-03-22T15:56:27Z;2537;;2710
2025-03-22T15:56:28Z;2155;;2328
2025-03-22T15:56:30Z;2535;;2708
2025-03-22T15:56:31Z;2194;;2367
2025-03-22T15:56:33Z;2544;;2717
2025-03-22T15:56:35Z;2163;;2336
2025-03-22T15:56:36Z;2499;;2672
2025-03-22T15:56:38Z;2160;;2333
2025-03-22T15:56:40Z;2532;;2705
2025-03-22T15:56:41Z;2119;;2292
2025-03-22T15:56:43Z;2503;;2676
2025-03-22T15:56:44Z;2110;;2283
2025-03-22T15:56:46Z;2504;;2677
2025-03-22T15:56:47Z;2176;;2349
2025-03-22T15:56:49Z;2538;;2711
2025-03-22T15:56:51Z;2154;;2327
2025-03-22T15:56:52Z;2490;;2663
2025-03-22T15:56:54Z;2132;;2305
2025-03-22T15:56:56Z;2563;;2736
2025-03-22T15:57:12Z;2494;;2667
2025-03-22T15:57:13Z;2111;;2284
2025-03-22T15:57:15Z;2513;;2686
2025-03-22T15:57:16Z;2153;;2326
2025-03-22T15:57:18Z;2534;;2707
2025-03-22T15:57:19Z;2253;;2426
2025-03-22T15:57:21Z;2549;;2722
2025-03-22T15:57:23Z;2154;;2327
2025-03-22T15:57:24Z;2446;;2619
2025-03-22T15:57:26Z;2157;;2330
2025-03-22T15:57:28Z;2563;;2736
2025-03-22T15:57:29Z;2154;;2327
2025-03-22T15:57:31Z;2561;;2734
2025-03-22T15:57:32Z;2148;;2321
2025-03-22T15:57:34Z;2560;;2733
2025-03-22T15:57:35Z;2290;;2463
2025-03-22T15:57:37Z;2520;;2693
2025-03-22T15:57:39Z;2066;;2239
2025-03-22T15:57:40Z;2288;;2461
2025-03-22T15:57:41Z;2452;;2625
2025-03-22T15:57:43Z;2079;;2252
2025-03-22T15:57:44Z;2482;;2655
2025-03-22T15:57:45Z;2124;;2297
2025-03-22T15:57:47Z;2507;;2680
2025-03-22T15:57:48Z;2101;;2274
2025-03-22T15:57:50Z;2501;;2674
2025-03-22T15:57:51Z;2321;;2494
2025-03-22T15:57:53Z;2503;;2676
2025-03-22T15:57:55Z;2104;;2277
2025-03-22T15:57:57Z;2510;;2683
2025-03-22T15:57:58Z;2105;;2278
2025-03-22T15:58:00Z;2522;;2695
2025-03-22T15:58:01Z;2099;;2272
2025-03-22T15:58:03Z;2509;;2682
2025-03-22T15:58:04Z;2116;;2289
2025-03-22T15:58:06Z;2484;;2657
2025-03-22T15:58:07Z;2329;;2502
2025-03-22T15:58:08Z;2078;;2251
2025-03-22T15:58:10Z;2467;;2640
2025-03-22T15:58:11Z;2185;;2358
2025-03-22T15:58:13Z;2513;;2686
2025-03-22T15:58:14Z;2150;;2323
2025-03-22T15:58:29Z;2512;;2685
2025-03-22T15:58:30Z;2514;;2687
2025-03-22T15:58:32Z;2516;;2689
2025-03-22T15:58:33Z;2141;;2314
2025-03-22T15:58:34Z;2085;;2258
2025-03-22T15:58:36Z;2480;;2653
2025-03-22T15:58:37Z;2092;;2265
2025-03-22T15:58:38Z;2538;;2711
2025-03-22T15:58:40Z;2210;;2383
2025-03-22T15:58:41Z;2534;;2707
2025-03-22T15:58:43Z;2202;;2375
2025-03-22T15:58:45Z;2563;;2736
2025-03-22T15:58:46Z;2166;;2339
2025-03-22T15:58:48Z;2552;;2725
2025-03-22T15:58:49Z;2172;;2345
2025-03-22T15:58:51Z;2556;;2729
2025-03-22T15:58:52Z;2162;;2335
2025-03-22T15:58:54Z;2578;;2751
2025-03-22T15:58:56Z;2188;;2361
2025-03-22T15:58:57Z;2575;;2748
2025-03-22T15:58:59Z;2192;;2365
2025-03-22T15:59:01Z;2573;;2746
2025-03-22T15:59:02Z;2176;;2349
2025-03-22T15:59:04Z;2523;;2696
2025-03-22T15:59:05Z;2129;;2302
2025-03-22T15:59:07Z;2530;;2703
2025-03-22T15:59:08Z;2269;;2442
2025-03-22T15:59:10Z;2549;;2722
2025-03-22T15:59:12Z;2187;;2360
2025-03-22T15:59:13Z;2595;;2768
2025-03-22T15:59:15Z;2207;;2380
2025-03-22T15:59:17Z;2619;;2792
2025-03-22T15:59:18Z;2190;;2363
2025-03-22T15:59:19Z;2047;;2220
2025-03-22T15:59:21Z;2549;;2722
2025-03-22T15:59:22Z;2148;;2321
2025-03-22T15:59:23Z;2540;;2713
2025-03-22T15:59:24Z;2153;;2326
2025-03-22T15:59:26Z;2552;;2725
2025-03-22T15:59:28Z;2142;;2315
2025-03-22T15:59:29Z;2552;;2725
2025-03-22T15:59:31Z;2131;;2304
2025-03-22T15:59:33Z;2502;;2675
2025-03-22T15:59:48Z;2232;;2405
2025-03-22T15:59:49Z;2620;;2793
2025-03-22T15:59:50Z;2231;;2404
2025-03-22T15:59:52Z;2620;;2793
2025-03-22T15:59:53Z;2227;;2400
2025-03-22T15:59:55Z;2596;;2769
2025-03-22T15:59:56Z;2204;;2377
2025-03-22T15:59:58Z;2586;;2759
2025-03-22T16:00:00Z;2180;;2353
2025-03-22T16:00:01Z;2534;173;2707
2025-03-22T16:00:03Z;2146;;2319
2025-03-22T16:00:05Z;2622;;2795
2025-03-22T16:00:09Z;2173;;2346
2025-03-22T16:00:13Z;2591;;2764
2025-03-22T16:00:14Z;2201;;2374
2025-03-22T16:00:17Z;2201;;2374
2025-03-22T16:00:26Z;2599;;2772
2025-03-22T16:00:27Z;2207;;2380
2025-03-22T16:00:28Z;2613;;2786
2025-03-22T16:00:30Z;2220;;2393
2025-03-22T16:00:31Z;2595;;2768
2025-03-22T16:00:32Z;2218;;2391
2025-03-22T16:00:33Z;2647;;2820
2025-03-22T16:00:34Z;2650;;2823
2025-03-22T16:00:42Z;2271;;2444
2025-03-22T16:00:43Z;2621;;2794
2025-03-22T16:00:44Z;2194;;2367
2025-03-22T16:00:45Z;2580;;2753
2025-03-22T16:00:46Z;2201;;2374
2025-03-22T16:00:47Z;2618;;2791
2025-03-22T16:00:49Z;2223;;2396
2025-03-22T16:00:50Z;2635;;2808
2025-03-22T16:00:51Z;2256;;2429
2025-03-22T16:01:06Z;2643;;2816
2025-03-22T16:01:07Z;2598;;2771
2025-03-22T16:01:08Z;2235;;2408
2025-03-22T16:01:09Z;2628;;2801
2025-03-22T16:01:10Z;2231;;2404
2025-03-22T16:01:12Z;2627;;2800
2025-03-22T16:01:13Z;2251;;2424
2025-03-22T16:01:15Z;2641;;2814
2025-03-22T16:01:16Z;2287;;2460
2025-03-22T16:01:18Z;2636;;2809
2025-03-22T16:01:20Z;2247;;2420
2025-03-22T16:01:21Z;2613;;2786
2025-03-22T16:01:23Z;2255;;2428
2025-03-22T16:01:24Z;2643;;2816
2025-03-22T16:01:26Z;2214;;2387
2025-03-22T16:01:28Z;2610;;2783
2025-03-22T16:01:29Z;2207;;2380
2025-03-22T16:01:31Z;2703;;2876
2025-03-22T16:01:32Z;2231;;2404
2025-03-22T16:01:34Z;2638;;2811
2025-03-22T16:01:36Z;2232;;2405
2025-03-22T16:01:37Z;2606;;2779
2025-03-22T16:01:39Z;2225;;2398
2025-03-22T16:01:41Z;2612;;2785
2025-03-22T16:01:42Z;2221;;2394
2025-03-22T16:01:44Z;2653;;2826
2025-03-22T16:01:45Z;2260;;2433
2025-03-22T16:01:47Z;2640;;2813
2025-03-22T16:01:48Z;2273;;2446
2025-03-22T16:01:50Z;2641;;2814
2025-03-22T16:01:52Z;2254;;2427
2025-03-22T16:01:53Z;2589;;2762
2025-03-22T16:01:55Z;2209;;2382
2025-03-22T16:01:57Z;2612;;2785
2025-03-22T16:01:58Z;2219;;2392
2025-03-22T16:02:00Z;2626;;2799
2025-03-22T16:02:01Z;2213;;2386
2025-03-22T16:02:03Z;2641;;2814
2025-03-22T16:02:04Z;2274;;2447
2025-03-22T16:02:06Z;2639;;2812
2025-03-22T16:02:08Z;2226;;2399
2025-03-22T16:02:09Z;2600;;2773
2025-03-22T16:02:25Z;2242;;2415
2025-03-22T16:02:27Z;2251;;2424
2025-03-22T16:02:29Z;2656;;2829
2025-03-22T16:02:30Z;2278;;2451
2025-03-22T16:02:32Z;2647;;2820
2025-03-22T16:02:33Z;2249;;2422
2025-03-22T16:02:35Z;2639;;2812
2025-03-22T16:02:36Z;2291;;2464
2025-03-22T16:02:38Z;2646;;2819
2025-03-22T16:02:40Z;2262;;2435
2025-03-22T16:02:41Z;2616;;2789
2025-03-22T16:02:43Z;2272;;2445
2025-03-22T16:02:45Z;2673;;2846
2025-03-22T16:02:46Z;2281;;2454
2025-03-22T16:02:48Z;2663;;2836
2025-03-22T16:02:49Z;2288;;2461
2025-03-22T16:02:51Z;2655;;2828
2025-03-22T16:02:52Z;2285;;2458
2025-03-22T16:02:54Z;2639;;2812
2025-03-22T16:02:56Z;2239;;2412
2025-03-22T16:02:57Z;2596;;2769
2025-03-22T16:02:59Z;2255;;2428
2025-03-22T16:03:01Z;2647;;2820
2025-03-22T16:03:02Z;2241;;2414
2025-03-22T16:03:04Z;2639;;2812
2025-03-22T16:03:05Z;2240;;2413
2025-03-22T16:03:07Z;2633;;2806
2025-03-22T16:03:08Z;2294;;2467
2025-03-22T16:03:10Z;2650;;2823
2025-03-22T16:03:12Z;2250;;2423
2025-03-22T16:03:13Z;2593;;2766
2025-03-22T16:03:15Z;2245;;2418
2025-03-22T16:03:17Z;2648;;2821
2025-03-22T16:03:18Z;2260;;2433
2025-03-22T16:03:20Z;2621;;2794
2025-03-22T16:03:21Z;2220;;2393
2025-03-22T16:03:23Z;2621;;2794
2025-03-22T16:03:24Z;2292;;2465
2025-03-22T16:03:26Z;2628;;2801
2025-03-22T16:03:28Z;2260;;2433
2025-03-22T16:03:43Z;2586;;2759
2025-03-22T16:03:44Z;2255;;2428
2025-03-22T16:03:45Z;2547;;2720
2025-03-22T16:03:47Z;2231;;2404
2025-03-22T16:03:49Z;2618;;2791
2025-03-22T16:03:50Z;2230;;2403
2025-03-22T16:03:52Z;2618;;2791
2025-03-22T16:03:53Z;2229;;2402
2025-03-22T16:03:55Z;2635;;2808
2025-03-22T16:03:56Z;2337;;2510
2025-03-22T16:03:58Z;2631;;2804
2025-03-22T16:04:00Z;2257;;2430
2025-03-22T16:04:01Z;2516;;2689
2025-03-22T16:04:03Z;2262;;2435
2025-03-22T16:04:05Z;2644;;2817
2025-03-22T16:04:06Z;2258;;2431
2025-03-22T16:04:08Z;2636;;2809
2025-03-22T16:04:09Z;2262;;2435
2025-03-22T16:04:11Z;2653;;2826
2025-03-22T16:04:12Z;2389;;2562
2025-03-22T16:04:14Z;2663;;2836
2025-03-22T16:04:16Z;2218;;2391
2025-03-22T16:04:17Z;2468;;2641
2025-03-22T16:04:19Z;2204;;2377
2025-03-22T16:04:21Z;2600;;2773
2025-03-22T16:04:22Z;2304;;2477
2025-03-22T16:04:24Z;2637;;2810
2025-03-22T16:04:25Z;2236;;2409
2025-03-22T16:04:27Z;2640;;2813
2025-03-22T16:04:28Z;2389;;2562
2025-03-22T16:04:30Z;2644;;2817
2025-03-22T16:04:32Z;2257;;2430
2025-03-22T16:04:33Z;2495;;2668
2025-03-22T16:04:35Z;2259;;2432
2025-03-22T16:04:37Z;2667;;2840
2025-03-22T16:04:38Z;2264;;2437
2025-03-22T16:04:40Z;2660;;2833
2025-03-22T16:04:41Z;2262;;2435
2025-03-22T16:04:43Z;2657;;2830
2025-03-22T16:04:45Z;2227;;2400
2025-03-22T16:04:46Z;2622;;2795
2025-03-22T16:05:02Z;2196;;2369
2025-03-22T16:05:04Z;2230;;2403
2025-03-22T16:05:06Z;2636;;2809
2025-03-22T16:05:07Z;2229;;2402
2025-03-22T16:05:09Z;2643;;2816
2025-03-22T16:05:10Z;2225;;2398
2025-03-22T16:05:12Z;2635;;2808
2025-03-22T16:05:13Z;2211;;2384
2025-03-22T16:05:15Z;2600;;2773
2025-03-22T16:05:17Z;2216;;2389
2025-03-22T16:05:18Z;2618;;2791
2025-03-22T16:05:19Z;2730;;2903
2025-03-22T16:05:21Z;2225;;2398
2025-03-22T16:05:22Z;2643;;2816
2025-03-22T16:05:23Z;2239;;2412
2025-03-22T16:05:25Z;2630;;2803
2025-03-22T16:05:26Z;2239;;2412
2025-03-22T16:05:28Z;2628;;2801
2025-03-22T16:05:29Z;2258;;2431
2025-03-22T16:05:31Z;2634;;2807
2025-03-22T16:05:33Z;2246;;2419
2025-03-22T16:05:34Z;2633;;2806
2025-03-22T16:05:36Z;2258;;2431
2025-03-22T16:05:38Z;2659;;2832
2025-03-22T16:05:39Z;2267;;2440
2025-03-22T16:05:41Z;2655;;2828
2025-03-22T16:05:42Z;2235;;2408
2025-03-22T16:05:44Z;2625;;2798
2025-03-22T16:05:45Z;2222;;2395
2025-03-22T16:05:47Z;2615;;2788
2025-03-22T16:05:49Z;2243;;2416
2025-03-22T16:05:50Z;2661;;2834
2025-03-22T16:05:52Z;2248;;2421
2025-03-22T16:05:54Z;2648;;2821
2025-03-22T16:05:55Z;2247;;2420
2025-03-22T16:05:57Z;2641;;2814
2025-03-22T16:05:58Z;2237;;2410
2025-03-22T16:06:00Z;2641;;2814
2025-03-22T16:06:01Z;2250;;2423
2025-03-22T16:06:03Z;2650;;2823
2025-03-22T16:06:05Z;2240;;2413
2025-03-22T16:06:20Z;2635;;2808
2025-03-22T16:06:21Z;2294;;2467
2025-03-22T16:06:22Z;2693;;2866
2025-03-22T16:06:24Z;2287;;2460
2025-03-22T16:06:26Z;2698;;2871
2025-03-22T16:06:27Z;2297;;2470
2025-03-22T16:06:29Z;2700;;2873
2025-03-22T16:06:30Z;2283;;2456
2025-03-22T16:06:32Z;2702;;2875
2025-03-22T16:06:33Z;2306;;2479
2025-03-22T16:06:35Z;2719;;2892
2025-03-22T16:06:37Z;2302;;2475
2025-03-22T16:06:38Z;2706;;2879
2025-03-22T16:06:40Z;2270;;2443
2025-03-22T16:06:42Z;2652;;2825
2025-03-22T16:06:43Z;2260;;2433
2025-03-22T16:06:45Z;2659;;2832
2025-03-22T16:06:46Z;2273;;2446
2025-03-22T16:06:48Z;2675;;2848
2025-03-22T16:06:49Z;2299;;2472
2025-03-22T16:06:51Z;2682;;2855
2025-03-22T16:06:53Z;2287;;2460
2025-03-22T16:06:54Z;2669;;2842
2025-03-22T16:06:56Z;2297;;2470
2025-03-22T16:06:58Z;2705;;2878
2025-03-22T16:06:59Z;2300;;2473
2025-03-22T16:07:01Z;2700;;2873
2025-03-22T16:07:02Z;2298;;2471
2025-03-22T16:07:04Z;2693;;2866
2025-03-22T16:07:05Z;2322;;2495
2025-03-22T16:07:07Z;2667;;2840
2025-03-22T16:07:09Z;2250;;2423
2025-03-22T16:07:10Z;2643;;2816
2025-03-22T16:07:12Z;2254;;2427
2025-03-22T16:07:14Z;2667;;2840
2025-03-22T16:07:15Z;2275;;2448
2025-03-22T16:07:17Z;2686;;2859
2025-03-22T16:07:18Z;2269;;2442
2025-03-22T16:07:20Z;2667;;2840
2025-03-22T16:07:21Z;2303;;2476
2025-03-22T16:07:23Z;2664;;2837
2025-03-22T16:07:39Z;2270;;2443
2025-03-22T16:07:41Z;2228;;2401
2025-03-22T16:07:42Z;2630;;2803
2025-03-22T16:07:44Z;2269;;2442
2025-03-22T16:07:46Z;2671;;2844
2025-03-22T16:07:47Z;2257;;2430
2025-03-22T16:07:49Z;2670;;2843
2025-03-22T16:07:50Z;2260;;2433
2025-03-22T16:07:52Z;2671;;2844
2025-03-22T16:07:53Z;2349;;2522
2025-03-22T16:07:55Z;2705;;2878
2025-03-22T16:07:57Z;2281;;2454
2025-03-22T16:07:58Z;2632;;2805
2025-03-22T16:08:00Z;2282;;2455
2025-03-22T16:08:02Z;2679;;2852
2025-03-22T16:08:03Z;2271;;2444
2025-03-22T16:08:05Z;2669;;2842
2025-03-22T16:08:06Z;2240;;2413
2025-03-22T16:08:08Z;2639;;2812
2025-03-22T16:08:09Z;2321;;2494
2025-03-22T16:08:11Z;2660;;2833
2025-03-22T16:08:13Z;2298;;2471
2025-03-22T16:08:14Z;2603;;2776
2025-03-22T16:08:16Z;2295;;2468
2025-03-22T16:08:18Z;2698;;2871
2025-03-22T16:08:19Z;2291;;2464
2025-03-22T16:08:21Z;2690;;2863
2025-03-22T16:08:22Z;2290;;2463
2025-03-22T16:08:24Z;2677;;2850
2025-03-22T16:08:25Z;2393;;2566
2025-03-22T16:08:26Z;524;;697
2025-03-22T16:08:28Z;948;;1121
2025-03-22T16:08:29Z;516;;689
2025-03-22T16:08:30Z;823;;996
2025-03-22T16:08:31Z;954;;1127
2025-03-22T16:08:33Z;523;;696
2025-03-22T16:08:34Z;924;;1097
2025-03-22T16:08:35Z;497;;670
2025-03-22T16:08:37Z;916;;1089
2025-03-22T16:08:38Z;501;;674
2025-03-22T16:08:39Z;631;;804
2025-03-22T16:08:41Z;925;;1098
2025-03-22T16:08:42Z;697;;870
2025-03-22T16:08:43Z;537;;710
2025-03-22T16:08:57Z;751;;924
2025-03-22T16:08:58Z;541;;714
2025-03-22T16:09:00Z;941;;1114
2025-03-22T16:09:01Z;530;;703
2025-03-22T16:09:02Z;654;;827
2025-03-22T16:09:03Z;918;;1091
2025-03-22T16:09:05Z;502;;675
2025-03-22T16:09:06Z;920;;1093
2025-03-22T16:09:07Z;507;;680
2025-03-22T16:09:09Z;932;;1105
2025-03-22T16:09:10Z;534;;707
2025-03-22T16:09:12Z;975;;1148
2025-03-22T16:09:13Z;870;;1043
2025-03-22T16:09:14Z;533;;706
2025-03-22T16:09:16Z;953;;1126
2025-03-22T16:09:17Z;526;;699
2025-03-22T16:09:18Z;600;;773
2025-03-22T16:09:19Z;951;;1124
2025-03-22T16:09:21Z;531;;704
2025-03-22T16:09:22Z;949;;1122
2025-03-22T16:09:23Z;533;;706
2025-03-22T16:09:25Z;958;;1131
2025-03-22T16:09:26Z;531;;704
2025-03-22T16:09:28Z;955;;1128
2025-03-22T16:09:30Z;520;;693
2025-03-22T16:09:31Z;917;;1090
2025-03-22T16:09:33Z;503;;676
2025-03-22T16:09:35Z;926;;1099
2025-03-22T16:09:36Z;604;;777
2025-03-22T16:09:37Z;512;;685
2025-03-22T16:09:39Z;955;;1128
2025-03-22T16:09:40Z;541;;714
2025-03-22T16:09:41Z;956;;1129
2025-03-22T16:09:42Z;556;;729
2025-03-22T16:09:44Z;960;;1133
2025-03-22T16:09:46Z;529;;702
2025-03-22T16:09:47Z;949;;1122
2025-03-22T16:09:49Z;529;;702
2025-03-22T16:09:51Z;959;;1132
2025-03-22T16:09:52Z;529;;702
2025-03-22T16:09:54Z;964;;1137
2025-03-22T16:09:55Z;531;;704
2025-03-22T16:09:57Z;963;;1136
2025-03-22T16:09:58Z;530;;703
2025-03-22T16:10:00Z;916;;1089
2025-03-22T16:10:16Z;510;;683
2025-03-22T16:10:18Z;528;;701
2025-03-22T16:10:19Z;969;;1142
2025-03-22T16:10:21Z;530;;703
2025-03-22T16:10:23Z;956;;1129
2025-03-22T16:10:24Z;528;;701
2025-03-22T16:10:26Z;962;;1135
2025-03-22T16:10:27Z;517;;690
2025-03-22T16:10:29Z;929;;1102
2025-03-22T16:10:30Z;512;;685
2025-03-22T16:10:32Z;924;;1097
2025-03-22T16:10:34Z;511;;684
2025-03-22T16:10:35Z;949;;1122
2025-03-22T16:10:37Z;527;;700
2025-03-22T16:10:39Z;964;;1137
2025-03-22T16:10:40Z;531;;704
2025-03-22T16:10:42Z;970;;1143
2025-03-22T16:10:43Z;522;;695
2025-03-22T16:10:45Z;961;;1134
2025-03-22T16:10:46Z;531;;704
2025-03-22T16:10:48Z;962;;1135
2025-03-22T16:10:50Z;531;;704
2025-03-22T16:10:51Z;956;;1129
2025-03-22T16:10:53Z;527;;700
2025-03-22T16:10:55Z;937;;1110
2025-03-22T16:10:56Z;513;;686
2025-03-22T16:10:58Z;924;;1097
2025-03-22T16:10:59Z;504;;677
2025-03-22T16:11:01Z;917;;1090
2025-03-22T16:11:02Z;507;;680
2025-03-22T16:11:04Z;987;;1160
2025-03-22T16:11:06Z;565;;738
2025-03-22T16:11:07Z;972;;1145
2025-03-22T16:11:09Z;507;;680
2025-03-22T16:11:11Z;963;;1136
2025-03-22T16:11:12Z;527;;700
2025-03-22T16:11:14Z;960;;1133
2025-03-22T16:11:15Z;534;;707
2025-03-22T16:11:17Z;963;;1136
2025-03-22T16:11:18Z;531;;704
2025-03-22T16:11:20Z;958;;1131
2025-03-22T16:11:34Z;546;;719
2025-03-22T16:11:36Z;960;;1133
2025-03-22T16:11:38Z;531;;704
2025-03-22T16:11:39Z;946;;1119
2025-03-22T16:11:41Z;570;;743
2025-03-22T16:11:43Z;957;;1130
2025-03-22T16:11:44Z;539;;712
2025-03-22T16:11:46Z;952;;1125
2025-03-22T16:11:47Z;545;;718
2025-03-22T16:11:49Z;954;;1127
2025-03-22T16:11:50Z;553;;726
2025-03-22T16:11:55Z;681;;854
2025-03-22T16:11:56Z;597;;770
2025-03-22T16:12:23Z;886;;1059
2025-03-22T16:12:27Z;1027;;1200
2025-03-22T16:12:30Z;553;;726
2025-03-22T16:12:32Z;957;;1130
2025-03-22T16:12:33Z;551;;724
2025-03-22T16:12:35Z;957;;1130
2025-03-22T16:12:36Z;554;;727
2025-03-22T16:12:38Z;966;;1139
2025-03-22T16:12:53Z;525;;698
2025-03-22T16:12:54Z;924;;1097
2025-03-22T16:12:55Z;540;;713
2025-03-22T16:12:57Z;941;;1114
2025-03-22T16:12:59Z;545;;718
2025-03-22T16:13:00Z;936;;1109
2025-03-22T16:13:02Z;549;;722
2025-03-22T16:13:04Z;954;;1127
2025-03-22T16:13:05Z;553;;726
2025-03-22T16:13:07Z;958;;1131
2025-03-22T16:13:08Z;553;;726
2025-03-22T16:13:10Z;960;;1133
2025-03-22T16:13:11Z;564;;737
2025-03-22T16:13:13Z;954;;1127
2025-03-22T16:13:15Z;554;;727
2025-03-22T16:13:16Z;947;;1120
2025-03-22T16:13:18Z;524;;697
2025-03-22T16:13:20Z;914;;1087
2025-03-22T16:13:21Z;515;;688
2025-03-22T16:13:23Z;931;;1104
2025-03-22T16:13:24Z;641;;814
2025-03-22T16:13:25Z;528;;701
2025-03-22T16:13:27Z;969;;1142
2025-03-22T16:13:28Z;568;;741
2025-03-22T16:13:29Z;954;;1127
2025-03-22T16:13:31Z;550;;723
2025-03-22T16:13:32Z;920;;1093
2025-03-22T16:13:34Z;544;;717
2025-03-22T16:13:36Z;944;;1117
2025-03-22T16:13:37Z;545;;718
2025-03-22T16:13:39Z;949;;1122
2025-03-22T16:13:40Z;545;;718
2025-03-22T16:13:42Z;945;;1118
2025-03-22T16:13:43Z;585;;758
2025-03-22T16:13:45Z;936;;1109
2025-03-22T16:13:47Z;505;;678
2025-03-22T16:13:48Z;902;;1075
2025-03-22T16:13:50Z;506;;679
2025-03-22T16:13:52Z;913;;1086
2025-03-22T16:13:53Z;506;;679
2025-03-22T16:13:55Z;955;;1128
2025-03-22T16:13:56Z;528;;701
2025-03-22T16:14:11Z;949;;1122
2025-03-22T16:14:12Z;940;;1113
2025-03-22T16:14:14Z;938;;1111
2025-03-22T16:14:15Z;575;;748
2025-03-22T16:14:17Z;909;;1082
2025-03-22T16:14:19Z;505;;678
2025-03-22T16:14:20Z;877;;1050
2025-03-22T16:14:21Z;999;;1172
2025-03-22T16:14:23Z;511;;684
2025-03-22T16:14:24Z;948;;1121
2025-03-22T16:14:25Z;545;;718
2025-03-22T16:14:27Z;947;;1120
2025-03-22T16:14:28Z;541;;714
2025-03-22T16:14:30Z;951;;1124
2025-03-22T16:14:31Z;592;;765
2025-03-22T16:14:33Z;939;;1112
2025-03-22T16:14:35Z;534;;707
2025-03-22T16:14:36Z;900;;1073
2025-03-22T16:14:38Z;534;;707
2025-03-22T16:14:40Z;954;;1127
2025-03-22T16:14:41Z;535;;708
2025-03-22T16:14:43Z;967;;1140
2025-03-22T16:14:44Z;517;;690
2025-03-22T16:14:46Z;931;;1104
2025-03-22T16:14:47Z;579;;752
2025-03-22T16:14:49Z;933;;1106
2025-03-22T16:14:51Z;530;;703
2025-03-22T16:14:52Z;897;;1070
2025-03-22T16:14:53Z;967;;1140
2025-03-22T16:14:55Z;545;;718
2025-03-22T16:14:56Z;963;;1136
2025-03-22T16:14:57Z;554;;727
2025-03-22T16:14:59Z;964;;1137
2025-03-22T16:15:00Z;555;;728
2025-03-22T16:15:01Z;;137;692
2025-03-22T16:15:02Z;962;;1099
2025-03-22T16:15:03Z;636;;773
2025-03-22T16:15:04Z;539;;676
2025-03-22T16:15:08Z;963;;1100
2025-03-22T16:15:10Z;541;;678
2025-03-22T16:15:14Z;872;;1009
2025-03-22T16:15:30Z;973;;1110
2025-03-22T16:15:31Z;529;;666
2025-03-22T16:15:32Z;938;;1075
2025-03-22T16:15:33Z;518;;655
2025-03-22T16:15:34Z;1059;;1196
2025-03-22T16:15:36Z;974;;1111
2025-03-22T16:15:37Z;537;;674
2025-03-22T16:15:38Z;981;;1118
2025-03-22T16:15:39Z;539;;676
2025-03-22T16:15:40Z;981;;1118
2025-03-22T16:15:42Z;654;;791
2025-03-22T16:15:43Z;537;;674
2025-03-22T16:15:44Z;974;;1111
2025-03-22T16:15:45Z;548;;685
2025-03-22T16:15:46Z;860;;997
2025-03-22T16:15:48Z;947;;1084
2025-03-22T16:15:49Z;529;;666
2025-03-22T16:15:50Z;952;;1089
2025-03-22T16:15:51Z;522;;659
2025-03-22T16:15:52Z;974;;1111
2025-03-22T16:15:54Z;468;;605
2025-03-22T16:15:55Z;972;;1109
2025-03-22T16:15:56Z;673;;810
2025-03-22T16:15:57Z;543;;680
2025-03-22T16:15:58Z;966;;1103
2025-03-22T16:16:00Z;534;;671
2025-03-22T16:16:01Z;976;;1113
2025-03-22T16:16:02Z;536;;673
2025-03-22T16:16:03Z;981;;1118
2025-03-22T16:16:04Z;537;;674
2025-03-22T16:16:06Z;976;;1113
2025-03-22T16:16:07Z;540;;677
2025-03-22T16:16:08Z;976;;1113
2025-03-22T16:16:09Z;677;;814
2025-03-22T16:16:10Z;548;;685
2025-03-22T16:16:12Z;973;;1110
2025-03-22T16:16:13Z;509;;646
2025-03-22T16:16:14Z;795;;932
2025-03-22T16:16:15Z;939;;1076
2025-03-22T16:16:16Z;511;;648
2025-03-22T16:16:18Z;603;;740
2025-03-22T16:16:19Z;944;;1081
2025-03-22T16:16:20Z;545;;682
2025-03-22T16:16:21Z;1003;;1140
2025-03-22T16:16:22Z;553;;690
2025-03-22T16:16:24Z;992;;1129
2025-03-22T16:16:25Z;702;;839
2025-03-22T16:16:26Z;557;;694
2025-03-22T16:16:27Z;984;;1121
2025-03-22T16:16:28Z;558;;695
2025-03-22T16:16:30Z;832;;969
2025-03-22T16:16:31Z;979;;1116
2025-03-22T16:16:32Z;556;;693
2025-03-22T16:16:33Z;977;;1114
2025-03-22T16:16:48Z;569;;706
2025-03-22T16:16:49Z;975;;1112
2025-03-22T16:16:51Z;983;;1120
2025-03-22T16:16:52Z;558;;695
2025-03-22T16:16:54Z;986;;1123
2025-03-22T16:16:55Z;708;;845
2025-03-22T16:16:56Z;558;;695
2025-03-22T16:16:58Z;983;;1120
2025-03-22T16:16:59Z;558;;695
2025-03-22T16:17:00Z;829;;966
2025-03-22T16:17:01Z;569;;706
2025-03-22T16:17:04Z;989;;1126
2025-03-22T16:17:05Z;569;;706
2025-03-22T16:17:07Z;965;;1102
2025-03-22T16:17:08Z;526;;663
2025-03-22T16:17:10Z;960;;1097
2025-03-22T16:17:11Z;677;;814
2025-03-22T16:17:13Z;957;;1094
2025-03-22T16:17:15Z;558;;695
2025-03-22T16:17:16Z;838;;975
2025-03-22T16:17:17Z;983;;1120
2025-03-22T16:17:19Z;554;;691
2025-03-22T16:17:20Z;978;;1115
2025-03-22T16:17:21Z;548;;685
2025-03-22T16:17:23Z;973;;1110
2025-03-22T16:17:24Z;547;;684
2025-03-22T16:17:26Z;975;;1112
2025-03-22T16:17:27Z;554;;691
2025-03-22T16:17:29Z;966;;1103
2025-03-22T16:17:31Z;546;;683
2025-03-22T16:17:32Z;809;;946
2025-03-22T16:17:33Z;979;;1116
2025-03-22T16:17:35Z;548;;685
2025-03-22T16:17:36Z;956;;1093
2025-03-22T16:17:37Z;517;;654
2025-03-22T16:17:39Z;952;;1089
2025-03-22T16:17:40Z;519;;656
2025-03-22T16:17:42Z;960;;1097
2025-03-22T16:17:43Z;709;;846
2025-03-22T16:17:44Z;572;;709
2025-03-22T16:17:46Z;966;;1103
2025-03-22T16:17:47Z;546;;683
2025-03-22T16:17:48Z;808;;945
2025-03-22T16:17:49Z;977;;1114
2025-03-22T16:17:51Z;550;;687
2025-03-22T16:17:52Z;971;;1108
2025-03-22T16:18:07Z;559;;696
2025-03-22T16:18:08Z;957;;1094
2025-03-22T16:18:09Z;586;;723
2025-03-22T16:18:11Z;989;;1126
2025-03-22T16:18:12Z;560;;697
2025-03-22T16:18:14Z;980;;1117
2025-03-22T16:18:15Z;723;;860
2025-03-22T16:18:16Z;556;;693
2025-03-22T16:18:18Z;974;;1111
2025-03-22T16:18:19Z;544;;681
2025-03-22T16:18:20Z;800;;937
2025-03-22T16:18:21Z;988;;1125
2025-03-22T16:18:23Z;552;;689
2025-03-22T16:18:24Z;986;;1123
2025-03-22T16:18:25Z;549;;686
2025-03-22T16:18:27Z;984;;1121
2025-03-22T16:18:28Z;558;;695
2025-03-22T16:18:30Z;994;;1131
2025-03-22T16:18:31Z;742;;879
2025-03-22T16:18:32Z;526;;663
2025-03-22T16:18:34Z;950;;1087
2025-03-22T16:18:35Z;518;;655
2025-03-22T16:18:36Z;746;;883
2025-03-22T16:18:37Z;949;;1086
2025-03-22T16:18:39Z;635;;772
2025-03-22T16:18:40Z;533;;670
2025-03-22T16:18:41Z;986;;1123
2025-03-22T16:18:42Z;550;;687
2025-03-22T16:18:43Z;986;;1123
2025-03-22T16:18:45Z;551;;688
2025-03-22T16:18:46Z;980;;1117
2025-03-22T16:18:47Z;766;;903
2025-03-22T16:18:48Z;544;;681
2025-03-22T16:18:50Z;2727;;2864
2025-03-22T16:18:51Z;2321;;2458
2025-03-22T16:18:52Z;2519;;2656
2025-03-22T16:18:53Z;2726;;2863
2025-03-22T16:18:55Z;2312;;2449
2025-03-22T16:18:56Z;2736;;2873
2025-03-22T16:18:57Z;2328;;2465
2025-03-22T16:18:59Z;2727;;2864
2025-03-22T16:19:00Z;2315;;2452
2025-03-22T16:19:02Z;2703;;2840
2025-03-22T16:19:03Z;2529;;2666
2025-03-22T16:19:04Z;2305;;2442
2025-03-22T16:19:06Z;2694;;2831
2025-03-22T16:19:07Z;2298;;2435
2025-03-22T16:19:08Z;2490;;2627
2025-03-22T16:19:09Z;2747;;2884
2025-03-22T16:19:11Z;2332;;2469
2025-03-22T16:19:25Z;2673;;2810
2025-03-22T16:19:26Z;2274;;2411
2025-03-22T16:19:28Z;2676;;2813
2025-03-22T16:19:29Z;2263;;2400
2025-03-22T16:19:31Z;2656;;2793
2025-03-22T16:19:32Z;2257;;2394
2025-03-22T16:19:34Z;2651;;2788
2025-03-22T16:19:35Z;907;;1044
2025-03-22T16:19:36Z;529;;666
2025-03-22T16:19:38Z;939;;1076
2025-03-22T16:19:39Z;514;;651
2025-03-22T16:19:40Z;645;;782
2025-03-22T16:19:41Z;974;;1111
2025-03-22T16:19:43Z;534;;671
2025-03-22T16:19:44Z;770;;907
2025-03-22T16:19:45Z;939;;1076
2025-03-22T16:19:46Z;545;;682
2025-03-22T16:19:47Z;989;;1126
2025-03-22T16:19:49Z;555;;692
2025-03-22T16:19:50Z;983;;1120
2025-03-22T16:19:51Z;858;;995
2025-03-22T16:19:52Z;569;;706
2025-03-22T16:19:54Z;951;;1088
2025-03-22T16:19:55Z;559;;696
2025-03-22T16:19:57Z;994;;1131
2025-03-22T16:19:58Z;518;;655
2025-03-22T16:20:00Z;986;;1123
2025-03-22T16:20:01Z;479;;616
2025-03-22T16:20:03Z;944;;1081
2025-03-22T16:20:04Z;477;;614
2025-03-22T16:20:06Z;914;;1051
2025-03-22T16:20:07Z;825;;962
2025-03-22T16:20:08Z;534;;671
2025-03-22T16:20:10Z;901;;1038
2025-03-22T16:20:11Z;500;;637
2025-03-22T16:20:13Z;956;;1093
2025-03-22T16:20:14Z;468;;605
2025-03-22T16:20:16Z;949;;1086
2025-03-22T16:20:17Z;472;;609
2025-03-22T16:20:19Z;922;;1059
2025-03-22T16:20:20Z;472;;609
2025-03-22T16:20:22Z;904;;1041
2025-03-22T16:20:23Z;846;;983
2025-03-22T16:20:24Z;489;;626
2025-03-22T16:20:26Z;910;;1047
2025-03-22T16:20:27Z;484;;621
2025-03-22T16:20:29Z;934;;1071
2025-03-22T16:20:44Z;490;;627
2025-03-22T16:20:45Z;931;;1068
2025-03-22T16:20:46Z;529;;666
2025-03-22T16:20:48Z;921;;1058
2025-03-22T16:20:49Z;538;;675
2025-03-22T16:20:51Z;934;;1071
2025-03-22T16:20:52Z;544;;681
2025-03-22T16:20:54Z;968;;1105
2025-03-22T16:20:56Z;498;;635
2025-03-22T16:20:57Z;968;;1105
2025-03-22T16:20:59Z;512;;649
2025-03-22T16:21:01Z;934;;1071
2025-03-22T16:21:02Z;541;;678
2025-03-22T16:21:04Z;926;;1063
2025-03-22T16:21:05Z;540;;677
2025-03-22T16:21:07Z;921;;1058
2025-03-22T16:21:08Z;536;;673
2025-03-22T16:21:10Z;948;;1085
2025-03-22T16:21:12Z;511;;648
2025-03-22T16:21:13Z;937;;1074
2025-03-22T16:21:15Z;509;;646
2025-03-22T16:21:16Z;618;;755
2025-03-22T16:21:17Z;944;;1081
2025-03-22T16:21:19Z;504;;641
2025-03-22T16:21:20Z;964;;1101
2025-03-22T16:21:21Z;539;;676
2025-03-22T16:21:23Z;962;;1099
2025-03-22T16:21:24Z;522;;659
2025-03-22T16:21:26Z;948;;1085
2025-03-22T16:21:28Z;519;;656
2025-03-22T16:21:29Z;935;;1072
2025-03-22T16:21:31Z;509;;646
2025-03-22T16:21:33Z;938;;1075
2025-03-22T16:21:34Z;508;;645
2025-03-22T16:21:36Z;951;;1088
2025-03-22T16:21:37Z;507;;644
2025-03-22T16:21:39Z;956;;1093
2025-03-22T16:21:40Z;516;;653
2025-03-22T16:21:42Z;938;;1075
2025-03-22T16:21:44Z;496;;633
2025-03-22T16:21:45Z;923;;1060
2025-03-22T16:21:47Z;496;;633
2025-03-22T16:22:02Z;951;;1088
2025-03-22T16:22:03Z;506;;643
2025-03-22T16:22:05Z;932;;1069
2025-03-22T16:22:06Z;491;;628
2025-03-22T16:22:08Z;956;;1093
2025-03-22T16:22:09Z;525;;662
2025-03-22T16:22:11Z;965;;1102
2025-03-22T16:22:12Z;548;;685
2025-03-22T16:22:14Z;989;;1126
2025-03-22T16:22:16Z;582;;719
2025-03-22T16:22:17Z;995;;1132
2025-03-22T16:22:19Z;571;;708
2025-03-22T16:22:21Z;1020;;1157
2025-03-22T16:22:22Z;576;;713
2025-03-22T16:22:24Z;1018;;1155
2025-03-22T16:22:25Z;593;;730
2025-03-22T16:22:27Z;1044;;1181
2025-03-22T16:22:28Z;616;;753
2025-03-22T16:22:30Z;1037;;1174
2025-03-22T16:22:32Z;623;;760
2025-03-22T16:22:33Z;1008;;1145
2025-03-22T16:22:35Z;589;;726
2025-03-22T16:22:37Z;1019;;1156
2025-03-22T16:22:38Z;581;;718
2025-03-22T16:22:40Z;974;;1111
2025-03-22T16:22:46Z;592;;729
2025-03-22T16:22:48Z;996;;1133
2025-03-22T16:22:50Z;577;;714
2025-03-22T16:22:51Z;984;;1121
2025-03-22T16:22:53Z;573;;710
2025-03-22T16:22:55Z;979;;1116
2025-03-22T16:22:56Z;575;;712
2025-03-22T16:22:58Z;974;;1111
2025-03-22T16:22:59Z;563;;700
2025-03-22T16:23:01Z;965;;1102
2025-03-22T16:23:02Z;513;;650
2025-03-22T16:23:04Z;921;;1058
2025-03-22T16:23:06Z;501;;638
2025-03-22T16:23:21Z;907;;1044
2025-03-22T16:23:22Z;504;;641
2025-03-22T16:23:23Z;905;;1042
2025-03-22T16:23:25Z;506;;643
2025-03-22T16:23:27Z;914;;1051
2025-03-22T16:23:28Z;519;;656
2025-03-22T16:23:30Z;920;;1057
2025-03-22T16:23:31Z;523;;660
2025-03-22T16:23:33Z;919;;1056
2025-03-22T16:23:34Z;518;;655
2025-03-22T16:23:36Z;928;;1065
2025-03-22T16:23:38Z;520;;657
2025-03-22T16:23:39Z;928;;1065
2025-03-22T16:23:41Z;500;;637
2025-03-22T16:23:43Z;916;;1053
2025-03-22T16:23:44Z;496;;633
2025-03-22T16:23:46Z;915;;1052
2025-03-22T16:23:47Z;502;;639
2025-03-22T16:23:49Z;913;;1050
2025-03-22T16:23:50Z;504;;641
2025-03-22T16:23:52Z;903;;1040
2025-03-22T16:23:53Z;847;;984
2025-03-22T16:23:54Z;489;;626
2025-03-22T16:23:56Z;904;;1041
2025-03-22T16:23:57Z;489;;626
2025-03-22T16:23:59Z;910;;1047
2025-03-22T16:24:00Z;488;;625
2025-03-22T16:24:02Z;906;;1043
2025-03-22T16:24:03Z;491;;628
2025-03-22T16:24:05Z;907;;1044
2025-03-22T16:24:06Z;490;;627
2025-03-22T16:24:08Z;926;;1063
2025-03-22T16:24:09Z;490;;627
2025-03-22T16:26:30Z;686;;823
2025-03-22T16:26:54Z;515;;652
2025-03-22T16:26:59Z;733;;870
2025-03-22T16:27:20Z;535;;672
2025-03-22T16:27:37Z;601;;738
2025-03-22T16:27:40Z;533;;670
2025-03-22T16:27:45Z;731;;868
2025-03-22T16:27:46Z;523;;660
2025-03-22T16:27:59Z;609;;746
2025-03-22T16:28:00Z;545;;682
2025-03-22T16:29:08Z;295;;432
2025-03-22T16:29:28Z;346;;483
2025-03-22T16:30:01Z;;41;387
2025-03-22T16:30:02Z;287;;328
2025-03-22T16:30:04Z;348;;389
2025-03-22T16:30:14Z;363;;404
2025-03-22T16:30:21Z;294;;335
2025-03-22T16:31:11Z;486;;527
2025-03-22T16:32:59Z;723;;764
2025-03-22T16:33:00Z;588;;629
2025-03-22T16:34:22Z;784;;825
2025-03-22T16:34:23Z;581;;622
2025-03-22T16:34:25Z;638;;679
2025-03-22T16:34:37Z;590;;631
2025-03-22T16:34:43Z;785;;826
2025-03-22T16:34:44Z;582;;623
2025-03-22T16:34:46Z;640;;681
2025-03-22T16:35:07Z;576;;617
2025-03-22T16:35:19Z;592;;633
2025-03-22T16:35:24Z;813;;854
2025-03-22T16:36:25Z;592;;633
2025-03-22T16:36:26Z;637;;678
2025-03-22T16:36:27Z;574;;615
2025-03-22T16:36:29Z;625;;666
2025-03-22T16:36:30Z;574;;615
2025-03-22T16:36:34Z;629;;670
2025-03-22T16:36:35Z;566;;607
2025-03-22T16:36:37Z;614;;655
2025-03-22T16:36:38Z;568;;609
2025-03-22T16:36:42Z;629;;670
2025-03-22T16:36:43Z;569;;610
2025-03-22T16:36:52Z;615;;656
2025-03-22T16:37:05Z;567;;608
2025-03-22T16:37:49Z;811;;852
2025-03-22T16:37:50Z;585;;626
2025-03-22T16:38:24Z;639;;680
2025-03-22T16:38:25Z;578;;619
2025-03-22T16:38:27Z;632;;673
2025-03-22T16:38:29Z;583;;624
2025-03-22T16:38:31Z;639;;680
2025-03-22T16:38:32Z;582;;623
2025-03-22T16:38:38Z;672;;713
2025-03-22T16:38:40Z;586;;627
2025-03-22T16:39:02Z;646;;687
2025-03-22T16:41:14Z;820;;861
2025-03-22T16:41:17Z;;2;822
2025-03-22T16:41:22Z;;75;895
2025-03-22T16:41:39Z;583;;658
2025-03-22T16:42:09Z;768;;843
2025-03-22T16:43:14Z;594;;669
2025-03-22T16:43:25Z;755;;830
2025-03-22T16:45:01Z;;26;781
2025-03-22T16:45:14Z;659;;685
2025-03-22T16:48:12Z;596;;622
2025-03-22T16:48:13Z;657;;683
2025-03-22T16:48:49Z;589;;615
2025-03-22T16:48:50Z;658;;684
2025-03-22T16:48:59Z;599;;625
2025-03-22T16:49:09Z;649;;675
2025-03-22T16:49:11Z;598;;624
2025-03-22T16:49:13Z;670;;696
2025-03-22T16:49:14Z;597;;623
2025-03-22T16:49:30Z;643;;669
2025-03-22T16:49:31Z;598;;624
2025-03-22T16:49:48Z;647;;673
2025-03-22T16:52:10Z;;0;647
2025-03-22T16:54:16Z;594;;594
2025-03-22T16:54:56Z;769;;769
2025-03-22T16:55:09Z;423;;423
2025-03-22T16:56:55Z;258;;258
2025-03-22T16:57:00Z;332;;332
2025-03-22T16:57:01Z;250;;250
2025-03-22T16:58:12Z;313;;313
2025-03-22T16:58:13Z;265;;265
2025-03-22T16:58:40Z;335;;335
2025-03-22T16:58:44Z;325;;325
2025-03-22T16:58:45Z;233;;233
2025-03-22T16:58:48Z;327;;327
2025-03-22T16:58:49Z;232;;232
2025-03-22T16:59:01Z;448;;448
2025-03-22T16:59:02Z;256;;256
2025-03-22T16:59:12Z;303;;303
2025-03-22T16:59:14Z;257;;257
2025-03-22T16:59:23Z;315;;315
2025-03-22T17:00:01Z;;0;315
2025-03-22T17:00:14Z;289;;289
2025-03-22T17:00:23Z;265;;265
2025-03-22T17:00:53Z;485;;485
2025-03-22T17:01:17Z;285;;285
2025-03-22T17:01:42Z;336;;336
2025-03-22T17:05:17Z;609;;609
2025-03-22T17:07:54Z;546;;546
2025-03-22T17:08:19Z;294;;294
2025-03-22T17:08:29Z;570;;570
2025-03-22T17:09:41Z;289;;289
2025-03-22T17:11:29Z;389;;389
2025-03-22T17:11:44Z;287;;287
2025-03-22T17:15:01Z;;0;287
2025-03-22T17:15:14Z;309;;309
2025-03-22T17:16:29Z;263;;263
2025-03-22T17:20:54Z;1125;;1125
2025-03-22T17:23:10Z;822;;822
2025-03-22T17:23:11Z;445;;445
2025-03-22T17:26:36Z;606;;606
2025-03-22T17:26:38Z;559;;559
2025-03-22T17:30:03Z;;0;559
2025-03-22T17:30:14Z;519;;519
2025-03-22T17:40:44Z;299;;299
2025-03-22T17:45:01Z;;0;299
2025-03-22T17:45:14Z;196;;196
2025-03-22T17:56:21Z;371;;371
2025-03-22T17:56:50Z;627;;627
2025-03-22T17:58:11Z;1575;;1575
2025-03-22T17:58:12Z;801;;801
2025-03-22T18:00:08Z;;0;801
2025-03-22T18:00:14Z;809;;809
2025-03-22T18:09:25Z;2418;;2418
2025-03-22T18:12:48Z;2702;;2702
2025-03-22T18:12:56Z;3050;;3050
2025-03-22T18:15:01Z;;0;3050
2025-03-22T18:15:14Z;3193;;3193
2025-03-22T18:15:52Z;3309;;3309
2025-03-22T18:16:44Z;3138;;3138
2025-03-22T18:16:45Z;1494;;1494
2025-03-22T18:16:46Z;1840;;1840
2025-03-22T18:16:51Z;2161;;2161
2025-03-22T18:16:52Z;2431;;2431
2025-03-22T18:17:09Z;2711;;2711
2025-03-22T18:17:52Z;3036;;3036
2025-03-22T18:19:29Z;2264;;2264
2025-03-22T18:19:30Z;2779;;2779
2025-03-22T18:19:31Z;3049;;3049
2025-03-22T18:19:47Z;4200;;4200
2025-03-22T18:20:32Z;2366;;2366
2025-03-22T18:20:34Z;2420;;2420
2025-03-22T18:20:38Z;2355;;2355
2025-03-22T18:20:44Z;2466;;2466
2025-03-22T18:20:45Z;2761;;2761
2025-03-22T18:21:04Z;2358;;2358
2025-03-22T18:21:06Z;3366;;3366
2025-03-22T18:24:39Z;3607;;3607
2025-03-22T18:25:00Z;3561;;3561
2025-03-22T18:27:12Z;2818;;2818
2025-03-22T18:27:13Z;2658;;2658
2025-03-22T18:27:14Z;2751;;2751
2025-03-22T18:27:15Z;2691;;2691
2025-03-22T18:27:37Z;2744;;2744
2025-03-22T18:27:40Z;2749;;2749
2025-03-22T18:27:41Z;2669;;2669
2025-03-22T18:27:43Z;2727;;2727
2025-03-22T18:27:48Z;2665;;2665
2025-03-22T18:27:51Z;2721;;2721
2025-03-22T18:28:24Z;2670;;2670
2025-03-22T18:28:25Z;2757;;2757
2025-03-22T18:28:39Z;2699;;2699
2025-03-22T18:28:40Z;3992;;3992
2025-03-22T18:30:14Z;4022;0;3992
2025-03-22T18:32:21Z;4340;;4340
2025-03-22T18:33:54Z;4065;;4065
2025-03-22T18:34:09Z;4400;;4400
2025-03-22T18:35:28Z;4198;;4198
2025-03-22T18:35:29Z;4486;;4486
2025-03-22T18:35:31Z;4168;;4168
2025-03-22T18:35:34Z;4230;;4230
2025-03-22T18:35:35Z;4180;;4180
2025-03-22T18:35:42Z;4484;;4484
2025-03-22T18:35:45Z;4545;;4545
2025-03-22T18:35:52Z;4257;;4257
2025-03-22T18:35:54Z;4542;;4542
2025-03-22T18:35:55Z;4226;;4226
2025-03-22T18:35:57Z;4534;;4534
2025-03-22T18:35:59Z;4246;;4246
2025-03-22T18:36:01Z;4546;;4546
2025-03-22T18:36:02Z;4229;;4229
2025-03-22T18:36:03Z;4548;;4548
2025-03-22T18:36:05Z;4250;;4250
2025-03-22T18:36:07Z;4539;;4539
2025-03-22T18:36:08Z;4236;;4236
2025-03-22T18:36:10Z;4535;;4535
2025-03-22T18:36:11Z;4240;;4240
2025-03-22T18:36:13Z;4532;;4532
2025-03-22T18:36:15Z;4233;;4233
2025-03-22T18:36:16Z;4546;;4546
2025-03-22T18:36:18Z;4279;;4279
2025-03-22T18:36:19Z;4539;;4539
2025-03-22T18:36:21Z;4243;;4243
2025-03-22T18:36:22Z;4559;;4559
2025-03-22T18:36:24Z;4268;;4268
2025-03-22T18:36:26Z;4562;;4562
2025-03-22T18:36:27Z;4289;;4289
2025-03-22T18:36:29Z;4573;;4573
2025-03-22T18:36:31Z;4288;;4288
2025-03-22T18:36:32Z;4607;;4607
2025-03-22T18:36:47Z;4312;;4312
2025-03-22T18:36:48Z;4594;;4594
2025-03-22T18:36:50Z;4279;;4279
2025-03-22T18:36:51Z;4594;;4594
2025-03-22T18:36:53Z;4282;;4282
2025-03-22T18:36:54Z;4612;;4612
2025-03-22T18:36:56Z;4345;;4345
2025-03-22T18:36:58Z;4597;;4597
2025-03-22T18:36:59Z;4257;;4257
2025-03-22T18:37:01Z;4603;;4603
2025-03-22T18:37:03Z;4300;;4300
2025-03-22T18:37:08Z;4582;;4582
2025-03-22T18:38:12Z;4807;;4807
2025-03-22T18:40:46Z;4509;;4509
2025-03-22T18:40:47Z;4461;;4461
2025-03-22T18:40:48Z;4529;;4529
2025-03-22T18:40:49Z;4820;;4820
2025-03-22T18:41:19Z;5115;;5115
2025-03-22T18:41:20Z;5043;;5043
2025-03-22T18:41:24Z;5110;;5110
2025-03-22T18:41:25Z;5060;;5060
2025-03-22T18:42:01Z;3908;;3908
2025-03-22T18:42:11Z;3914;;3914
2025-03-22T18:42:15Z;3866;;3866
2025-03-22T18:42:22Z;3316;;3316
2025-03-22T18:42:23Z;3266;;3266
2025-03-22T18:42:25Z;4439;;4439
2025-03-22T18:42:26Z;4761;;4761
2025-03-22T18:42:28Z;4881;;4881
2025-03-22T18:42:54Z;3866;;3866
2025-03-22T18:43:01Z;5024;;5024
2025-03-22T18:43:19Z;5110;;5110
2025-03-22T18:43:20Z;5058;;5058
2025-03-22T18:43:27Z;5124;;5124
2025-03-22T18:43:46Z;5075;;5075
2025-03-22T18:44:00Z;5126;;5126
2025-03-22T18:44:01Z;5054;;5054
2025-03-22T18:44:02Z;5102;;5102
2025-03-22T18:44:38Z;5012;;5012
2025-03-22T18:45:01Z;1072;0;1072
2025-03-22T18:45:14Z;1074;;1074
2025-03-22T18:45:38Z;2310;;2310
2025-03-22T18:46:19Z;1802;;1802
2025-03-22T18:46:20Z;1708;;1708
2025-03-22T18:46:22Z;2019;;2019
2025-03-22T18:46:23Z;1703;;1703
2025-03-22T18:46:24Z;2018;;2018
2025-03-22T18:46:28Z;2101;;2101
2025-03-22T18:47:14Z;1992;;1992
2025-03-22T18:47:39Z;943;;943
2025-03-22T18:48:12Z;896;;896
2025-03-22T18:48:15Z;485;;485
2025-03-22T18:48:16Z;714;;714
2025-03-22T18:50:04Z;380;;380
2025-03-22T18:50:07Z;657;;657
2025-03-22T18:50:08Z;1920;;1920
2025-03-22T18:50:10Z;1688;;1688
2025-03-22T18:50:14Z;1959;;1959
2025-03-22T18:52:44Z;696;;696
2025-03-22T18:52:49Z;396;;396
2025-03-22T18:52:52Z;677;;677
2025-03-22T18:53:21Z;1954;;1954
2025-03-22T18:55:07Z;673;;673
2025-03-22T18:55:37Z;1935;;1935
2025-03-22T18:56:55Z;692;;692
2025-03-22T18:57:28Z;1968;;1968
2025-03-22T18:57:47Z;1920;;1920
2025-03-22T18:57:49Z;655;;655
2025-03-22T18:58:04Z;1920;;1920
2025-03-22T18:58:05Z;1699;;1699
2025-03-22T18:58:06Z;1923;;1923
2025-03-22T18:58:09Z;322;;322
2025-03-22T18:58:10Z;1614;;1614
2025-03-22T18:59:01Z;350;;350
2025-03-22T18:59:26Z;1627;;1627
2025-03-22T19:00:01Z;;0;1627
2025-03-22T19:00:20Z;1682;;1682
2025-03-22T19:00:44Z;403;;403
2025-03-22T19:01:14Z;1641;;1641
2025-03-22T19:02:11Z;369;;369
2025-03-22T19:02:41Z;1657;;1657
2025-03-22T19:03:33Z;401;;401
2025-03-22T19:04:15Z;1684;;1684
2025-03-22T19:04:19Z;362;;362
2025-03-22T19:06:52Z;928;;928
2025-03-22T19:06:54Z;878;;878
2025-03-22T19:06:55Z;478;;478
2025-03-22T19:06:56Z;885;;885
2025-03-22T19:06:58Z;334;;334
2025-03-22T19:06:59Z;732;;732
2025-03-22T19:07:01Z;336;;336
2025-03-22T19:07:03Z;735;;735
2025-03-22T19:07:04Z;519;;519
2025-03-22T19:07:06Z;911;;911
2025-03-22T19:07:07Z;716;;716
2025-03-22T19:07:08Z;502;;502
2025-03-22T19:07:10Z;904;;904
2025-03-22T19:07:11Z;512;;512
2025-03-22T19:07:12Z;907;;907
2025-03-22T19:07:14Z;515;;515
2025-03-22T19:07:15Z;914;;914
2025-03-22T19:07:17Z;515;;515
2025-03-22T19:07:18Z;695;;695
2025-03-22T19:07:19Z;919;;919
2025-03-22T19:07:21Z;517;;517
2025-03-22T19:07:22Z;913;;913
2025-03-22T19:07:23Z;751;;751
2025-03-22T19:07:24Z;515;;515
2025-03-22T19:07:26Z;743;;743
2025-03-22T19:07:27Z;338;;338
2025-03-22T19:07:28Z;662;;662
2025-03-22T19:07:30Z;331;;331
2025-03-22T19:07:31Z;721;;721
2025-03-22T19:07:33Z;331;;331
2025-03-22T19:07:35Z;730;;730
2025-03-22T19:07:36Z;333;;333
2025-03-22T19:07:38Z;725;;725
2025-03-22T19:07:39Z;593;;593
2025-03-22T19:07:41Z;718;;718
2025-03-22T19:07:43Z;330;;330
2025-03-22T19:07:44Z;717;;717
2025-03-22T19:07:46Z;328;;328
2025-03-22T19:07:47Z;718;;718
2025-03-22T19:07:49Z;330;;330
2025-03-22T19:07:51Z;722;;722
2025-03-22T19:07:52Z;331;;331
2025-03-22T19:07:54Z;713;;713
2025-03-22T19:07:56Z;327;;327
2025-03-22T19:08:11Z;737;;737
2025-03-22T19:08:12Z;334;;334
2025-03-22T19:08:13Z;730;;730
2025-03-22T19:08:15Z;334;;334
2025-03-22T19:08:16Z;728;;728
2025-03-22T19:08:18Z;336;;336
2025-03-22T19:08:19Z;724;;724
2025-03-22T19:08:21Z;336;;336
2025-03-22T19:08:23Z;725;;725
2025-03-22T19:08:24Z;353;;353
2025-03-22T19:08:26Z;848;;848
2025-03-22T19:08:28Z;450;;450
2025-03-22T19:08:29Z;843;;843
2025-03-22T19:08:31Z;452;;452
2025-03-22T19:08:32Z;842;;842
2025-03-22T19:08:34Z;476;;476
2025-03-22T19:08:35Z;857;;857
2025-03-22T19:08:37Z;473;;473
2025-03-22T19:08:39Z;865;;865
2025-03-22T19:08:40Z;477;;477
2025-03-22T19:08:42Z;872;;872
2025-03-22T19:08:44Z;475;;475
2025-03-22T19:08:45Z;864;;864
2025-03-22T19:08:47Z;471;;471
2025-03-22T19:08:48Z;865;;865
2025-03-22T19:08:50Z;470;;470
2025-03-22T19:08:51Z;861;;861
2025-03-22T19:08:53Z;475;;475
2025-03-22T19:08:55Z;855;;855
2025-03-22T19:08:56Z;357;;357
2025-03-22T19:08:58Z;749;;749
2025-03-22T19:09:00Z;347;;347
2025-03-22T19:09:01Z;756;;756
2025-03-22T19:09:03Z;343;;343
2025-03-22T19:09:04Z;741;;741
2025-03-22T19:09:06Z;347;;347
2025-03-22T19:09:07Z;741;;741
2025-03-22T19:09:09Z;356;;356
2025-03-22T19:09:11Z;755;;755
2025-03-22T19:09:12Z;355;;355
2025-03-22T19:09:14Z;755;;755
2025-03-22T19:09:29Z;348;;348
2025-03-22T19:09:30Z;743;;743
2025-03-22T19:09:32Z;346;;346
2025-03-22T19:09:33Z;748;;748
2025-03-22T19:09:35Z;347;;347
2025-03-22T19:09:36Z;742;;742
2025-03-22T19:09:38Z;348;;348
2025-03-22T19:09:39Z;739;;739
2025-03-22T19:09:41Z;375;;375
2025-03-22T19:09:43Z;770;;770
2025-03-22T19:09:44Z;386;;386
2025-03-22T19:09:46Z;768;;768
2025-03-22T19:09:48Z;408;;408
2025-03-22T19:09:49Z;803;;803
2025-03-22T19:09:51Z;403;;403
2025-03-22T19:09:52Z;823;;823
2025-03-22T19:09:54Z;403;;403
2025-03-22T19:09:55Z;811;;811
2025-03-22T19:09:57Z;402;;402
2025-03-22T19:09:59Z;820;;820
2025-03-22T19:10:00Z;412;;412
2025-03-22T19:10:02Z;1519;;1519
2025-03-22T19:10:03Z;2518;;2518
2025-03-22T19:10:04Z;2163;;2163
2025-03-22T19:10:06Z;2524;;2524
2025-03-22T19:10:07Z;822;;822
2025-03-22T19:10:08Z;2142;;2142
2025-03-22T19:10:09Z;2532;;2532
2025-03-22T19:10:10Z;2141;;2141
2025-03-22T19:10:12Z;2511;;2511
2025-03-22T19:10:13Z;2130;;2130
2025-03-22T19:10:15Z;2529;;2529
2025-03-22T19:10:16Z;2161;;2161
2025-03-22T19:10:18Z;2528;;2528
2025-03-22T19:10:20Z;2158;;2158
2025-03-22T19:10:21Z;835;;835
2025-03-22T19:10:22Z;2536;;2536
2025-03-22T19:10:24Z;2153;;2153
2025-03-22T19:10:25Z;2538;;2538
2025-03-22T19:10:26Z;2157;;2157
2025-03-22T19:10:27Z;2545;;2545
2025-03-22T19:10:29Z;2154;;2154
2025-03-22T19:10:31Z;2544;;2544
2025-03-22T19:10:32Z;2163;;2163
2025-03-22T19:10:47Z;2543;;2543
2025-03-22T19:10:48Z;2149;;2149
2025-03-22T19:10:50Z;2545;;2545
2025-03-22T19:10:52Z;2139;;2139
2025-03-22T19:10:53Z;2536;;2536
2025-03-22T19:10:55Z;2137;;2137
2025-03-22T19:10:56Z;2534;;2534
2025-03-22T19:10:58Z;2144;;2144
2025-03-22T19:10:59Z;2529;;2529
2025-03-22T19:11:01Z;2145;;2145
2025-03-22T19:11:03Z;2531;;2531
2025-03-22T19:11:04Z;2147;;2147
2025-03-22T19:11:06Z;2544;;2544
2025-03-22T19:11:08Z;2130;;2130
2025-03-22T19:11:09Z;2528;;2528
2025-03-22T19:11:11Z;2127;;2127
2025-03-22T19:11:12Z;2521;;2521
2025-03-22T19:11:14Z;2144;;2144
2025-03-22T19:11:15Z;2504;;2504
2025-03-22T19:11:17Z;2124;;2124
2025-03-22T19:11:19Z;2499;;2499
2025-03-22T19:11:20Z;2116;;2116
2025-03-22T19:11:22Z;2512;;2512
2025-03-22T19:11:24Z;2129;;2129
2025-03-22T19:11:25Z;2524;;2524
2025-03-22T19:11:27Z;2128;;2128
2025-03-22T19:11:28Z;2523;;2523
2025-03-22T19:11:30Z;2130;;2130
2025-03-22T19:11:31Z;2524;;2524
2025-03-22T19:11:33Z;2133;;2133
2025-03-22T19:11:35Z;2522;;2522
2025-03-22T19:11:36Z;2132;;2132
2025-03-22T19:11:38Z;2557;;2557
2025-03-22T19:11:40Z;2159;;2159
2025-03-22T19:11:41Z;2558;;2558
2025-03-22T19:11:43Z;2154;;2154
2025-03-22T19:11:44Z;2553;;2553
2025-03-22T19:11:46Z;2151;;2151
2025-03-22T19:11:47Z;2548;;2548
2025-03-22T19:11:49Z;2154;;2154
2025-03-22T19:11:51Z;2553;;2553
2025-03-22T19:12:06Z;2156;;2156
2025-03-22T19:12:07Z;2589;;2589
2025-03-22T19:12:08Z;2189;;2189
2025-03-22T19:12:10Z;2588;;2588
2025-03-22T19:12:12Z;2169;;2169
2025-03-22T19:12:13Z;2579;;2579
2025-03-22T19:12:15Z;2183;;2183
2025-03-22T19:12:16Z;2587;;2587
2025-03-22T19:12:18Z;2167;;2167
2025-03-22T19:12:19Z;2581;;2581
2025-03-22T19:12:21Z;2149;;2149
2025-03-22T19:12:23Z;2550;;2550
2025-03-22T19:12:24Z;2157;;2157
2025-03-22T19:12:26Z;2551;;2551
2025-03-22T19:12:28Z;2155;;2155
2025-03-22T19:12:29Z;2549;;2549
2025-03-22T19:12:31Z;2161;;2161
2025-03-22T19:12:32Z;2558;;2558
2025-03-22T19:12:34Z;2173;;2173
2025-03-22T19:12:35Z;2550;;2550
2025-03-22T19:12:37Z;2165;;2165
2025-03-22T19:12:39Z;2569;;2569
2025-03-22T19:12:40Z;2157;;2157
2025-03-22T19:12:42Z;2567;;2567
2025-03-22T19:12:44Z;2154;;2154
2025-03-22T19:12:45Z;2556;;2556
2025-03-22T19:12:47Z;2165;;2165
2025-03-22T19:12:48Z;2555;;2555
2025-03-22T19:12:50Z;413;;413
2025-03-22T19:12:51Z;833;;833
2025-03-22T19:12:53Z;413;;413
2025-03-22T19:12:55Z;831;;831
2025-03-22T19:12:56Z;420;;420
2025-03-22T19:12:58Z;843;;843
2025-03-22T19:13:00Z;408;;408
2025-03-22T19:13:01Z;855;;855
2025-03-22T19:13:03Z;429;;429
2025-03-22T19:13:04Z;876;;876
2025-03-22T19:13:05Z;935;;935
2025-03-22T19:13:07Z;492;;492
2025-03-22T19:13:08Z;899;;899
2025-03-22T19:13:09Z;485;;485
2025-03-22T19:13:24Z;906;;906
2025-03-22T19:13:25Z;481;;481
2025-03-22T19:13:27Z;867;;867
2025-03-22T19:13:28Z;456;;456
2025-03-22T19:13:30Z;876;;876
2025-03-22T19:13:32Z;433;;433
2025-03-22T19:13:33Z;856;;856
2025-03-22T19:13:35Z;429;;429
2025-03-22T19:13:36Z;857;;857
2025-03-22T19:13:38Z;434;;434
2025-03-22T19:13:39Z;849;;849
2025-03-22T19:13:41Z;438;;438
2025-03-22T19:13:43Z;859;;859
2025-03-22T19:13:44Z;443;;443
2025-03-22T19:13:46Z;856;;856
2025-03-22T19:13:48Z;436;;436
2025-03-22T19:13:49Z;858;;858
2025-03-22T19:13:51Z;432;;432
2025-03-22T19:13:52Z;859;;859
2025-03-22T19:13:54Z;432;;432
2025-03-22T19:13:55Z;850;;850
2025-03-22T19:13:57Z;442;;442
2025-03-22T19:13:59Z;865;;865
2025-03-22T19:14:00Z;446;;446
2025-03-22T19:14:02Z;858;;858
2025-03-22T19:14:04Z;432;;432
2025-03-22T19:14:05Z;873;;873
2025-03-22T19:14:07Z;434;;434
2025-03-22T19:14:08Z;861;;861
2025-03-22T19:14:10Z;433;;433
2025-03-22T19:14:11Z;852;;852
2025-03-22T19:14:13Z;435;;435
2025-03-22T19:14:15Z;862;;862
2025-03-22T19:14:16Z;439;;439
2025-03-22T19:14:18Z;862;;862
2025-03-22T19:14:20Z;432;;432
2025-03-22T19:14:21Z;864;;864
2025-03-22T19:14:23Z;429;;429
2025-03-22T19:14:24Z;863;;863
2025-03-22T19:14:26Z;448;;448
2025-03-22T19:14:27Z;871;;871
2025-03-22T19:14:43Z;447;;447
2025-03-22T19:14:45Z;443;;443
2025-03-22T19:14:47Z;868;;868
2025-03-22T19:14:48Z;460;;460
2025-03-22T19:14:50Z;874;;874
2025-03-22T19:14:52Z;451;;451
2025-03-22T19:14:53Z;867;;867
2025-03-22T19:14:55Z;444;;444
2025-03-22T19:14:56Z;871;;871
2025-03-22T19:14:58Z;441;;441
2025-03-22T19:14:59Z;855;;855
2025-03-22T19:15:01Z;440;0;440
2025-03-22T19:15:05Z;866;;866
2025-03-22T19:15:09Z;451;;451
2025-03-22T19:15:13Z;865;;865
2025-03-22T19:15:14Z;442;;442
2025-03-22T19:15:17Z;865;;865
2025-03-22T19:15:26Z;865;;865
2025-03-22T19:15:27Z;441;;441
2025-03-22T19:15:28Z;867;;867
2025-03-22T19:15:30Z;443;;443
2025-03-22T19:15:31Z;858;;858
2025-03-22T19:15:32Z;443;;443
2025-03-22T19:15:33Z;867;;867
2025-03-22T19:15:34Z;428;;428
2025-03-22T19:15:36Z;853;;853
2025-03-22T19:15:37Z;452;;452
2025-03-22T19:15:38Z;868;;868
2025-03-22T19:15:39Z;453;;453
2025-03-22T19:15:40Z;878;;878
2025-03-22T19:15:42Z;456;;456
2025-03-22T19:15:43Z;876;;876
2025-03-22T19:15:44Z;446;;446
2025-03-22T19:15:45Z;871;;871
2025-03-22T19:15:46Z;457;;457
2025-03-22T19:16:01Z;870;;870
2025-03-22T19:16:02Z;428;;428
2025-03-22T19:16:03Z;843;;843
2025-03-22T19:16:05Z;427;;427
2025-03-22T19:16:07Z;858;;858
2025-03-22T19:16:08Z;444;;444
2025-03-22T19:16:10Z;854;;854
2025-03-22T19:16:11Z;426;;426
2025-03-22T19:16:13Z;852;;852
2025-03-22T19:16:15Z;431;;431
2025-03-22T19:16:16Z;853;;853
2025-03-22T19:16:18Z;427;;427
2025-03-22T19:16:19Z;844;;844
2025-03-22T19:16:21Z;430;;430
2025-03-22T19:16:23Z;854;;854
2025-03-22T19:16:24Z;449;;449
2025-03-22T19:16:26Z;860;;860
2025-03-22T19:16:28Z;431;;431
2025-03-22T19:16:29Z;857;;857
2025-03-22T19:16:31Z;427;;427
2025-03-22T19:16:32Z;857;;857
2025-03-22T19:16:34Z;436;;436
2025-03-22T19:16:35Z;840;;840
2025-03-22T19:16:37Z;435;;435
2025-03-22T19:16:39Z;858;;858
2025-03-22T19:16:40Z;449;;449
2025-03-22T19:16:42Z;866;;866
2025-03-22T19:16:44Z;430;;430
2025-03-22T19:16:45Z;859;;859
2025-03-22T19:16:47Z;432;;432
2025-03-22T19:16:48Z;856;;856
2025-03-22T19:16:50Z;431;;431
2025-03-22T19:16:51Z;832;;832
2025-03-22T19:16:53Z;432;;432
2025-03-22T19:16:55Z;850;;850
2025-03-22T19:16:56Z;449;;449
2025-03-22T19:16:58Z;855;;855
2025-03-22T19:17:00Z;422;;422
2025-03-22T19:17:01Z;849;;849
2025-03-22T19:17:03Z;422;;422
2025-03-22T19:17:04Z;846;;846
2025-03-22T19:17:19Z;424;;424
2025-03-22T19:17:20Z;855;;855
2025-03-22T19:17:22Z;427;;427
2025-03-22T19:17:23Z;839;;839
2025-03-22T19:17:25Z;433;;433
2025-03-22T19:17:27Z;857;;857
2025-03-22T19:17:28Z;446;;446
2025-03-22T19:17:30Z;852;;852
2025-03-22T19:17:32Z;428;;428
2025-03-22T19:17:33Z;862;;862
2025-03-22T19:17:35Z;428;;428
2025-03-22T19:17:36Z;855;;855
2025-03-22T19:17:38Z;426;;426
2025-03-22T19:17:39Z;840;;840
2025-03-22T19:17:41Z;431;;431
2025-03-22T19:17:43Z;856;;856
2025-03-22T19:17:44Z;441;;441
2025-03-22T19:17:46Z;852;;852
2025-03-22T19:17:48Z;427;;427
2025-03-22T19:17:49Z;855;;855
2025-03-22T19:17:51Z;428;;428
2025-03-22T19:17:52Z;854;;854
2025-03-22T19:17:54Z;429;;429
2025-03-22T19:17:55Z;842;;842
2025-03-22T19:17:57Z;418;;418
2025-03-22T19:17:59Z;847;;847
2025-03-22T19:18:00Z;439;;439
2025-03-22T19:18:02Z;847;;847
2025-03-22T19:18:04Z;424;;424
2025-03-22T19:18:05Z;849;;849
2025-03-22T19:18:07Z;425;;425
2025-03-22T19:18:08Z;841;;841
2025-03-22T19:18:10Z;424;;424
2025-03-22T19:18:11Z;835;;835
2025-03-22T19:18:13Z;423;;423
2025-03-22T19:18:15Z;859;;859
2025-03-22T19:18:16Z;441;;441
2025-03-22T19:18:18Z;851;;851
2025-03-22T19:18:20Z;433;;433
2025-03-22T19:18:21Z;850;;850
2025-03-22T19:18:23Z;428;;428
2025-03-22T19:18:38Z;851;;851
2025-03-22T19:18:39Z;423;;423
2025-03-22T19:18:40Z;854;;854
2025-03-22T19:18:42Z;421;;421
2025-03-22T19:18:43Z;839;;839
2025-03-22T19:18:45Z;422;;422
2025-03-22T19:18:47Z;846;;846
2025-03-22T19:18:48Z;437;;437
2025-03-22T19:18:50Z;849;;849
2025-03-22T19:18:52Z;424;;424
2025-03-22T19:18:53Z;845;;845
2025-03-22T19:18:56Z;1250;;1250
2025-03-22T19:18:58Z;888;;888
2025-03-22T19:18:59Z;1319;;1319
2025-03-22T19:19:01Z;959;;959
2025-03-22T19:19:03Z;1405;;1405
2025-03-22T19:19:04Z;1001;;1001
2025-03-22T19:19:06Z;1442;;1442
2025-03-22T19:19:08Z;1046;;1046
2025-03-22T19:19:09Z;1461;;1461
2025-03-22T19:19:11Z;1046;;1046
2025-03-22T19:19:12Z;1456;;1456
2025-03-22T19:19:14Z;1036;;1036
2025-03-22T19:19:15Z;1461;;1461
2025-03-22T19:19:17Z;1037;;1037
2025-03-22T19:19:19Z;1464;;1464
2025-03-22T19:19:20Z;1042;;1042
2025-03-22T19:19:22Z;1456;;1456
2025-03-22T19:19:24Z;1037;;1037
2025-03-22T19:19:25Z;1461;;1461
2025-03-22T19:19:27Z;1051;;1051
2025-03-22T19:19:29Z;1435;;1435
2025-03-22T19:19:36Z;1062;;1062
2025-03-22T19:19:37Z;1450;;1450
2025-03-22T19:19:39Z;1064;;1064
2025-03-22T19:19:40Z;1444;;1444
2025-03-22T19:19:56Z;1063;;1063
2025-03-22T19:19:58Z;1062;;1062
2025-03-22T19:20:00Z;1446;;1446
2025-03-22T19:20:01Z;1069;;1069
2025-03-22T19:20:03Z;1452;;1452
2025-03-22T19:20:05Z;1074;;1074
2025-03-22T19:20:06Z;1474;;1474
2025-03-22T19:20:08Z;1074;;1074
2025-03-22T19:20:09Z;1462;;1462
2025-03-22T19:20:11Z;1070;;1070
2025-03-22T19:20:12Z;1455;;1455
2025-03-22T19:20:14Z;1076;;1076
2025-03-22T19:20:16Z;1466;;1466
2025-03-22T19:20:17Z;1085;;1085
2025-03-22T19:20:19Z;1413;;1413
2025-03-22T19:20:21Z;1017;;1017
2025-03-22T19:20:22Z;1430;;1430
2025-03-22T19:20:24Z;1047;;1047
2025-03-22T19:20:25Z;1448;;1448
2025-03-22T19:20:27Z;1056;;1056
2025-03-22T19:20:28Z;1448;;1448
2025-03-22T19:20:30Z;1063;;1063
2025-03-22T19:20:32Z;1446;;1446
2025-03-22T19:20:33Z;1065;;1065
2025-03-22T19:20:35Z;1450;;1450
2025-03-22T19:20:37Z;1057;;1057
2025-03-22T19:20:38Z;1459;;1459
2025-03-22T19:20:40Z;1062;;1062
2025-03-22T19:20:41Z;1457;;1457
2025-03-22T19:20:43Z;1060;;1060
2025-03-22T19:20:44Z;1450;;1450
2025-03-22T19:20:46Z;1079;;1079
2025-03-22T19:20:48Z;1483;;1483
2025-03-22T19:20:49Z;1086;;1086
2025-03-22T19:20:51Z;1481;;1481
2025-03-22T19:20:53Z;1083;;1083
2025-03-22T19:20:54Z;1483;;1483
2025-03-22T19:20:56Z;1082;;1082
2025-03-22T19:20:57Z;1478;;1478
2025-03-22T19:20:59Z;1072;;1072
2025-03-22T19:21:00Z;1474;;1474
2025-03-22T19:21:15Z;1069;;1069
2025-03-22T19:21:16Z;1464;;1464
2025-03-22T19:21:18Z;1069;;1069
2025-03-22T19:21:20Z;1464;;1464
2025-03-22T19:21:21Z;1102;;1102
2025-03-22T19:21:23Z;1498;;1498
2025-03-22T19:21:25Z;1099;;1099
2025-03-22T19:21:26Z;1492;;1492
2025-03-22T19:21:28Z;1072;;1072
2025-03-22T19:21:29Z;1476;;1476
2025-03-22T19:21:31Z;1070;;1070
2025-03-22T19:21:32Z;1461;;1461
2025-03-22T19:21:34Z;1070;;1070
2025-03-22T19:21:36Z;1474;;1474
2025-03-22T19:21:37Z;1074;;1074
2025-03-22T19:21:39Z;1479;;1479
2025-03-22T19:21:41Z;1044;;1044
2025-03-22T19:21:42Z;1453;;1453
2025-03-22T19:21:44Z;1004;;1004
2025-03-22T19:21:45Z;1411;;1411
2025-03-22T19:21:46Z;820;;820
2025-03-22T19:21:48Z;401;;401
2025-03-22T19:21:49Z;1194;;1194
2025-03-22T19:21:50Z;1322;;1322
2025-03-22T19:21:51Z;1130;;1130
2025-03-22T19:21:52Z;1412;;1412
2025-03-22T19:21:54Z;1931;;1931
2025-03-22T19:21:55Z;1585;;1585
2025-03-22T19:21:56Z;1983;;1983
2025-03-22T19:21:57Z;1583;;1583
2025-03-22T19:21:58Z;1978;;1978
2025-03-22T19:22:00Z;1595;;1595
2025-03-22T19:22:01Z;1981;;1981
2025-03-22T19:22:03Z;1601;;1601
2025-03-22T19:22:04Z;2000;;2000
2025-03-22T19:22:06Z;1612;;1612
2025-03-22T19:22:08Z;2011;;2011
2025-03-22T19:22:09Z;1619;;1619
2025-03-22T19:22:11Z;2006;;2006
2025-03-22T19:22:13Z;1608;;1608
2025-03-22T19:22:14Z;2012;;2012
2025-03-22T19:22:16Z;1611;;1611
2025-03-22T19:22:17Z;2001;;2001
2025-03-22T19:22:32Z;1617;;1617
2025-03-22T19:22:33Z;2006;;2006
2025-03-22T19:22:35Z;1620;;1620
2025-03-22T19:22:36Z;2017;;2017
2025-03-22T19:22:38Z;1627;;1627
2025-03-22T19:22:40Z;2031;;2031
2025-03-22T19:22:41Z;1628;;1628
2025-03-22T19:22:43Z;2021;;2021
2025-03-22T19:22:45Z;1620;;1620
2025-03-22T19:22:46Z;2035;;2035
2025-03-22T19:22:48Z;1619;;1619
2025-03-22T19:22:49Z;2020;;2020
2025-03-22T19:22:51Z;1663;;1663
2025-03-22T19:22:52Z;2013;;2013
2025-03-22T19:22:54Z;1629;;1629
2025-03-22T19:22:56Z;2044;;2044
2025-03-22T19:22:57Z;1638;;1638
2025-03-22T19:22:59Z;2032;;2032
2025-03-22T19:23:01Z;1629;;1629
2025-03-22T19:23:02Z;2079;;2079
2025-03-22T19:23:04Z;1627;;1627
2025-03-22T19:23:05Z;2055;;2055
2025-03-22T19:23:07Z;1638;;1638
2025-03-22T19:23:08Z;2046;;2046
2025-03-22T19:23:10Z;1635;;1635
2025-03-22T19:23:12Z;2049;;2049
2025-03-22T19:23:13Z;1642;;1642
2025-03-22T19:23:15Z;2069;;2069
2025-03-22T19:23:17Z;1627;;1627
2025-03-22T19:23:18Z;2046;;2046
2025-03-22T19:23:20Z;1630;;1630
2025-03-22T19:23:21Z;2039;;2039
2025-03-22T19:23:23Z;1625;;1625
2025-03-22T19:23:24Z;2031;;2031
2025-03-22T19:23:26Z;1631;;1631
2025-03-22T19:23:27Z;1828;;1828
2025-03-22T19:23:29Z;1642;;1642
2025-03-22T19:23:31Z;2036;;2036
2025-03-22T19:23:33Z;1634;;1634
2025-03-22T19:23:34Z;2039;;2039
2025-03-22T19:23:36Z;1613;;1613
2025-03-22T19:23:51Z;2018;;2018
2025-03-22T19:23:52Z;1581;;1581
2025-03-22T19:23:53Z;2016;;2016
2025-03-22T19:23:55Z;1592;;1592
2025-03-22T19:23:56Z;2001;;2001
2025-03-22T19:23:58Z;1592;;1592
2025-03-22T19:23:59Z;1845;;1845
2025-03-22T19:24:01Z;1601;;1601
2025-03-22T19:24:03Z;2015;;2015
2025-03-22T19:24:05Z;1594;;1594
2025-03-22T19:24:06Z;2011;;2011
2025-03-22T19:24:08Z;1598;;1598
2025-03-22T19:24:09Z;2014;;2014
2025-03-22T19:24:11Z;1594;;1594
2025-03-22T19:24:12Z;2005;;2005
2025-03-22T19:24:14Z;1597;;1597
2025-03-22T19:24:15Z;1880;;1880
2025-03-22T19:24:17Z;1605;;1605
2025-03-22T19:24:19Z;2020;;2020
2025-03-22T19:24:20Z;1726;;1726
2025-03-22T19:24:22Z;2017;;2017
2025-03-22T19:24:24Z;1593;;1593
2025-03-22T19:24:25Z;2009;;2009
2025-03-22T19:24:27Z;1597;;1597
2025-03-22T19:24:28Z;2000;;2000
2025-03-22T19:24:35Z;1594;;1594
2025-03-22T19:24:36Z;2019;;2019
2025-03-22T19:24:37Z;1723;;1723
2025-03-22T19:24:38Z;2014;;2014
2025-03-22T19:24:40Z;1611;;1611
2025-03-22T19:24:41Z;2049;;2049
2025-03-22T19:24:43Z;1610;;1610
2025-03-22T19:24:44Z;2024;;2024
2025-03-22T19:24:46Z;1606;;1606
2025-03-22T19:24:47Z;1910;;1910
2025-03-22T19:24:49Z;1591;;1591
2025-03-22T19:24:51Z;2009;;2009
2025-03-22T19:24:52Z;1703;;1703
2025-03-22T19:24:54Z;1994;;1994
2025-03-22T19:25:09Z;1594;;1594
2025-03-22T19:25:10Z;2028;;2028
2025-03-22T19:25:12Z;1668;;1668
2025-03-22T19:25:13Z;2034;;2034
2025-03-22T19:25:15Z;1609;;1609
2025-03-22T19:25:16Z;2066;;2066
2025-03-22T19:25:18Z;1606;;1606
2025-03-22T19:25:19Z;1936;;1936
2025-03-22T19:25:21Z;1607;;1607
2025-03-22T19:25:23Z;2020;;2020
2025-03-22T19:25:24Z;1692;;1692
2025-03-22T19:25:26Z;2026;;2026
2025-03-22T19:25:28Z;1610;;1610
2025-03-22T19:25:29Z;2033;;2033
2025-03-22T19:25:31Z;1605;;1605
2025-03-22T19:25:32Z;2018;;2018
2025-03-22T19:25:34Z;1605;;1605
2025-03-22T19:25:35Z;1936;;1936
2025-03-22T19:25:37Z;1606;;1606
2025-03-22T19:25:39Z;2010;;2010
2025-03-22T19:25:40Z;1669;;1669
2025-03-22T19:25:42Z;2022;;2022
2025-03-22T19:25:49Z;1609;;1609
2025-03-22T19:25:50Z;2016;;2016
2025-03-22T19:25:51Z;1599;;1599
2025-03-22T19:25:52Z;2003;;2003
2025-03-22T19:25:54Z;1623;;1623
2025-03-22T19:25:55Z;1927;;1927
2025-03-22T19:25:56Z;1610;;1610
2025-03-22T19:25:57Z;2015;;2015
2025-03-22T19:25:58Z;1680;;1680
2025-03-22T19:26:00Z;2017;;2017
2025-03-22T19:26:01Z;1602;;1602
2025-03-22T19:26:02Z;2007;;2007
2025-03-22T19:26:03Z;1588;;1588
2025-03-22T19:26:04Z;1994;;1994
2025-03-22T19:26:06Z;1566;;1566
2025-03-22T19:26:07Z;1916;;1916
2025-03-22T19:26:09Z;1588;;1588
2025-03-22T19:26:11Z;1994;;1994
2025-03-22T19:26:12Z;1670;;1670
2025-03-22T19:26:28Z;1991;;1991
2025-03-22T19:26:30Z;1962;;1962
2025-03-22T19:26:32Z;1539;;1539
2025-03-22T19:26:33Z;1951;;1951
2025-03-22T19:26:35Z;1548;;1548
2025-03-22T19:26:36Z;1950;;1950
2025-03-22T19:26:38Z;1536;;1536
2025-03-22T19:26:39Z;1822;;1822
2025-03-22T19:26:41Z;1538;;1538
2025-03-22T19:26:43Z;1947;;1947
2025-03-22T19:26:44Z;1672;;1672
2025-03-22T19:26:46Z;1946;;1946
2025-03-22T19:26:48Z;1573;;1573
2025-03-22T19:26:49Z;2020;;2020
2025-03-22T19:26:51Z;1537;;1537
2025-03-22T19:26:52Z;1942;;1942
2025-03-22T19:26:54Z;1534;;1534
2025-03-22T19:26:56Z;1954;;1954
2025-03-22T19:26:57Z;1539;;1539
2025-03-22T19:26:59Z;1949;;1949
2025-03-22T19:27:00Z;1709;;1709
2025-03-22T19:27:02Z;1951;;1951
2025-03-22T19:27:04Z;1532;;1532
2025-03-22T19:27:05Z;1957;;1957
2025-03-22T19:27:07Z;1537;;1537
2025-03-22T19:27:08Z;1944;;1944
2025-03-22T19:27:10Z;1539;;1539
2025-03-22T19:27:12Z;1957;;1957
2025-03-22T19:27:13Z;1544;;1544
2025-03-22T19:27:15Z;1940;;1940
2025-03-22T19:27:16Z;1729;;1729
2025-03-22T19:27:18Z;1929;;1929
2025-03-22T19:27:20Z;1521;;1521
2025-03-22T19:27:21Z;1944;;1944
2025-03-22T19:27:23Z;1523;;1523
2025-03-22T19:27:24Z;1921;;1921
2025-03-22T19:27:26Z;1517;;1517
2025-03-22T19:27:28Z;1938;;1938
2025-03-22T19:27:29Z;1539;;1539
2025-03-22T19:27:31Z;1924;;1924
2025-03-22T19:27:46Z;1762;;1762
2025-03-22T19:27:48Z;1707;;1707
2025-03-22T19:27:49Z;1444;;1444
2025-03-22T19:27:54Z;1501;;1501
2025-03-22T19:30:01Z;;0;1501
2025-03-22T19:30:23Z;1523;;1523
2025-03-22T19:30:39Z;359;;359
2025-03-22T19:30:40Z;631;;631
2025-03-22T19:30:48Z;908;;908
2025-03-22T19:31:50Z;393;;393
2025-03-22T19:39:55Z;298;;298
2025-03-22T19:39:58Z;344;;344
2025-03-22T19:45:04Z;;0;344
2025-03-22T19:45:14Z;364;;364
2025-03-22T19:46:48Z;767;;767
2025-03-22T19:46:50Z;902;;902
2025-03-22T19:48:41Z;1211;;1211
2025-03-22T19:49:02Z;1164;;1164
2025-03-22T19:49:24Z;1240;;1240
2025-03-22T19:49:26Z;1178;;1178
2025-03-22T19:50:32Z;2106;;2106
2025-03-22T19:50:33Z;1232;;1232
2025-03-22T19:51:45Z;682;;682
2025-03-22T19:51:46Z;411;;411
2025-03-22T19:51:50Z;761;;761
2025-03-22T19:51:52Z;902;;902
2025-03-22T19:52:14Z;1202;;1202
2025-03-22T19:54:51Z;394;;394
2025-03-22T20:00:01Z;;0;394
2025-03-22T20:00:28Z;417;;417
2025-03-22T20:04:03Z;279;;279
2025-03-22T20:15:01Z;;0;279
2025-03-22T20:15:14Z;270;;270
2025-03-22T20:17:29Z;371;;371
2025-03-22T20:21:09Z;1471;;1471
2025-03-22T20:21:10Z;455;;455
2025-03-22T20:24:01Z;1523;;1523
2025-03-22T20:30:03Z;;0;1523
2025-03-22T20:30:14Z;476;;476
2025-03-22T20:45:01Z;;0;476
2025-03-22T20:45:14Z;364;;364
2025-03-22T20:48:16Z;253;;253
2025-03-22T20:58:59Z;1463;;1463
2025-03-22T20:59:00Z;276;;276
2025-03-22T21:00:01Z;;0;276
2025-03-22T21:00:14Z;280;;280
2025-03-22T21:02:50Z;322;;322
2025-03-22T21:07:12Z;272;;272
2025-03-22T21:08:30Z;323;;323
2025-03-22T21:09:02Z;277;;277
2025-03-22T21:09:07Z;325;;325
2025-03-22T21:09:27Z;278;;278
2025-03-22T21:09:49Z;328;;328
2025-03-22T21:09:57Z;282;;282
2025-03-22T21:10:30Z;328;;328
2025-03-22T21:11:50Z;281;;281
2025-03-22T21:11:54Z;327;;327
2025-03-22T21:12:26Z;281;;281
2025-03-22T21:12:44Z;281;;281
2025-03-22T21:12:48Z;329;;329
2025-03-22T21:12:55Z;282;;282
2025-03-22T21:13:00Z;332;;332
2025-03-22T21:13:18Z;281;;281
2025-03-22T21:13:44Z;327;;327
2025-03-22T21:15:03Z;;0;327
2025-03-22T21:15:14Z;308;;308
2025-03-22T21:15:32Z;250;;250
2025-03-22T21:20:25Z;303;;303
2025-03-22T21:22:39Z;255;;255
2025-03-22T21:22:54Z;307;;307
2025-03-22T21:22:55Z;261;;261
2025-03-22T21:23:03Z;307;;307
2025-03-22T21:23:15Z;254;;254
2025-03-22T21:23:32Z;304;;304
2025-03-22T21:23:48Z;255;;255
2025-03-22T21:25:31Z;252;;252
2025-03-22T21:25:54Z;260;;260
2025-03-22T21:26:13Z;306;;306
2025-03-22T21:26:20Z;260;;260
2025-03-22T21:26:29Z;306;;306
2025-03-22T21:26:49Z;259;;259
2025-03-22T21:28:08Z;255;;255
2025-03-22T21:28:51Z;306;;306
2025-03-22T21:30:01Z;;0;306
2025-03-22T21:30:16Z;308;;308
2025-03-22T21:32:03Z;257;;257
2025-03-22T21:34:58Z;1326;;1326
2025-03-22T21:34:59Z;288;;288
2025-03-22T21:45:08Z;;0;288
2025-03-22T21:45:14Z;281;;281
2025-03-22T22:00:01Z;;0;281
2025-03-22T22:00:14Z;201;;201
2025-03-22T22:10:46Z;647;;647
2025-03-22T22:10:47Z;246;;246
2025-03-22T22:15:13Z;;0;246
2025-03-22T22:15:14Z;235;;235
2025-03-22T22:24:41Z;2117;;2117
2025-03-22T22:24:42Z;293;;293
2025-03-22T22:24:43Z;2115;;2115
2025-03-22T22:26:14Z;2051;;2051
2025-03-22T22:30:01Z;;0;2051
2025-03-22T22:30:14Z;2042;;2042
2025-03-22T22:33:43Z;239;;239
2025-03-22T22:45:01Z;;0;239
2025-03-22T22:45:22Z;182;;182
2025-03-22T22:46:37Z;1241;;1241
2025-03-22T22:49:43Z;700;;700
2025-03-22T22:49:44Z;319;;319
2025-03-22T23:00:01Z;;0;319
2025-03-22T23:00:14Z;292;;292
2025-03-22T23:01:51Z;241;;241
2025-03-22T23:15:01Z;;0;241
2025-03-22T23:15:24Z;141;;141
2025-03-22T23:22:27Z;1211;;1211
2025-03-22T23:22:28Z;185;;185
2025-03-22T23:30:01Z;;0;185
2025-03-22T23:30:14Z;172;;172
2025-03-22T23:45:01Z;;0;172
2025-03-22T23:45:14Z;161;;161