timestamp;P_ex;P_pr;P_load
2024-12-14T00:00:20Z;123;;123
2024-12-14T00:00:22Z;;0;123
2024-12-14T00:18:47Z;1270;;1270
2024-12-14T00:18:48Z;192;;192
2024-12-14T00:30:20Z;177;;177
2024-12-14T00:30:22Z;;0;177
2024-12-14T00:45:20Z;141;;141
2024-12-14T00:45:22Z;;0;141
2024-12-14T01:00:20Z;118;;118
2024-12-14T01:00:22Z;;0;118
2024-12-14T01:15:20Z;207;;207
2024-12-14T01:15:22Z;;0;207
2024-12-14T01:27:42Z;989;;989
2024-12-14T01:27:43Z;317;;317
2024-12-14T01:30:20Z;289;;289
2024-12-14T01:30:22Z;;0;289
2024-12-14T01:41:23Z;236;;236
2024-12-14T01:44:14Z;336;;336
2024-12-14T01:45:20Z;297;;297
2024-12-14T01:45:22Z;;0;297
2024-12-14T01:48:02Z;288;;288
2024-12-14T02:00:22Z;193;;193
2024-12-14T02:00:24Z;;0;193
2024-12-14T02:15:20Z;128;;128
2024-12-14T02:15:22Z;;0;128
2024-12-14T02:30:20Z;200;;200
2024-12-14T02:30:22Z;;0;200
2024-12-14T02:45:20Z;123;;123
2024-12-14T02:45:22Z;;0;123
2024-12-14T03:00:22Z;;0;123
2024-12-14T03:00:24Z;175;;175
2024-12-14T03:09:44Z;1080;;1080
2024-12-14T03:09:46Z;198;;198
2024-12-14T03:15:20Z;177;;177
2024-12-14T03:15:22Z;;0;177
2024-12-14T03:30:26Z;117;;117
2024-12-14T03:30:31Z;;0;117
2024-12-14T03:45:22Z;;0;117
2024-12-14T03:45:26Z;103;;103
2024-12-14T03:52:41Z;164;;164
2024-12-14T04:00:33Z;;0;164
2024-12-14T04:15:20Z;122;;122
2024-12-14T04:15:22Z;;0;122
2024-12-14T04:20:09Z;545;;545
2024-12-14T04:30:20Z;184;;184
2024-12-14T04:30:22Z;;0;184
2024-12-14T04:35:24Z;1179;;1179
2024-12-14T04:35:25Z;180;;180
2024-12-14T04:45:22Z;;0;180
2024-12-14T04:45:26Z;175;;175
2024-12-14T05:00:20Z;122;;122
2024-12-14T05:00:22Z;;0;122
2024-12-14T05:15:20Z;131;;131
2024-12-14T05:15:22Z;;0;131
2024-12-14T05:18:12Z;1194;;1194
2024-12-14T05:18:13Z;196;;196
2024-12-14T05:30:20Z;164;;164
2024-12-14T05:30:22Z;;0;164
2024-12-14T05:45:20Z;124;;124
2024-12-14T05:45:22Z;;0;124
2024-12-14T06:00:20Z;145;;145
2024-12-14T06:00:22Z;;0;145
2024-12-14T06:15:20Z;178;;178
2024-12-14T06:15:22Z;;0;178
2024-12-14T06:30:20Z;99;;99
2024-12-14T06:30:22Z;;0;99
2024-12-14T06:39:41Z;;57;156
2024-12-14T06:43:41Z;1062;;1119
2024-12-14T06:43:42Z;97;;154
2024-12-14T06:45:22Z;63;124;187
2024-12-14T06:50:19Z;0;;124
2024-12-14T06:52:49Z;-44;;80
2024-12-14T06:52:55Z;97;;221
2024-12-14T06:53:57Z;107;;231
2024-12-14T06:54:44Z;54;;178
2024-12-14T06:54:45Z;0;;124
2024-12-14T06:54:46Z;-66;;58
2024-12-14T06:56:33Z;;299;233
2024-12-14T06:57:28Z;62;;361
2024-12-14T06:57:51Z;328;;627
2024-12-14T06:58:37Z;602;;901
2024-12-14T06:58:38Z;547;;846
2024-12-14T06:58:48Z;670;;969
2024-12-14T07:00:20Z;681;;980
2024-12-14T07:00:22Z;;296;977
2024-12-14T07:00:40Z;2576;;2872
2024-12-14T07:00:49Z;2764;;3060
2024-12-14T07:01:29Z;;253;3017
2024-12-14T07:01:46Z;3011;;3264
2024-12-14T07:02:46Z;3352;;3605
2024-12-14T07:02:55Z;3605;;3858
2024-12-14T07:02:57Z;3555;;3808
2024-12-14T07:03:01Z;3606;;3859
2024-12-14T07:03:47Z;3543;;3796
2024-12-14T07:03:51Z;3603;;3856
2024-12-14T07:04:59Z;3958;;4211
2024-12-14T07:05:00Z;3878;;4131
2024-12-14T07:05:06Z;;295;4173
2024-12-14T07:05:31Z;3544;;3839
2024-12-14T07:05:38Z;3291;;3586
2024-12-14T07:05:39Z;3339;;3634
2024-12-14T07:05:40Z;3286;;3581
2024-12-14T07:06:28Z;;259;3545
2024-12-14T07:06:47Z;3334;;3593
2024-12-14T07:07:46Z;3617;;3876
2024-12-14T07:08:02Z;3534;;3793
2024-12-14T07:08:11Z;3296;;3555
2024-12-14T07:08:27Z;;295;3591
2024-12-14T07:08:55Z;2965;;3260
2024-12-14T07:09:25Z;3034;;3329
2024-12-14T07:09:52Z;1168;;1463
2024-12-14T07:13:28Z;;599;1767
2024-12-14T07:13:37Z;863;;1462
2024-12-14T07:13:38Z;913;;1512
2024-12-14T07:13:47Z;853;;1452
2024-12-14T07:13:51Z;912;;1511
2024-12-14T07:13:53Z;852;;1451
2024-12-14T07:13:54Z;904;;1503
2024-12-14T07:14:46Z;1216;;1815
2024-12-14T07:15:27Z;1240;;1839
2024-12-14T07:15:29Z;1163;;1762
2024-12-14T07:15:30Z;;540;1703
2024-12-14T07:15:31Z;;605;1768
2024-12-14T07:15:43Z;873;;1478
2024-12-14T07:15:54Z;;555;1428
2024-12-14T07:16:02Z;921;;1476
2024-12-14T07:16:04Z;862;;1417
2024-12-14T07:16:06Z;909;;1464
2024-12-14T07:16:10Z;862;;1417
2024-12-14T07:16:24Z;;602;1464
2024-12-14T07:16:49Z;925;;1527
2024-12-14T07:16:50Z;867;;1469
2024-12-14T07:16:51Z;918;;1520
2024-12-14T07:17:27Z;872;;1474
2024-12-14T07:18:14Z;568;;1170
2024-12-14T07:19:44Z;621;;1223
2024-12-14T07:20:41Z;566;;1168
2024-12-14T07:21:40Z;627;;1229
2024-12-14T07:22:00Z;580;;1182
2024-12-14T07:22:01Z;647;;1249
2024-12-14T07:22:02Z;584;;1186
2024-12-14T07:22:04Z;633;;1235
2024-12-14T07:24:46Z;;899;1532
2024-12-14T07:24:48Z;549;;1448
2024-12-14T07:24:52Z;;900;1449
2024-12-14T07:24:58Z;;944;1493
2024-12-14T07:26:24Z;1113;;2057
2024-12-14T07:26:25Z;472;;1416
2024-12-14T07:26:48Z;640;;1584
2024-12-14T07:27:14Z;2140;;3084
2024-12-14T07:28:03Z;2087;;3031
2024-12-14T07:28:13Z;1791;;2735
2024-12-14T07:29:00Z;176;;1120
2024-12-14T07:30:20Z;132;;1076
2024-12-14T07:30:22Z;;993;1125
2024-12-14T07:31:12Z;308;;1301
2024-12-14T07:31:14Z;250;;1243
2024-12-14T07:31:20Z;314;;1307
2024-12-14T07:31:25Z;253;;1246
2024-12-14T07:31:26Z;304;;1297
2024-12-14T07:31:27Z;225;;1218
2024-12-14T07:33:27Z;303;;1296
2024-12-14T07:33:46Z;247;;1240
2024-12-14T07:35:45Z;335;;1328
2024-12-14T07:36:23Z;;853;1188
2024-12-14T07:36:43Z;611;;1464
2024-12-14T07:36:48Z;975;;1828
2024-12-14T07:36:50Z;1654;;2507
2024-12-14T07:36:51Z;2252;;3105
2024-12-14T07:37:43Z;2404;;3257
2024-12-14T07:38:01Z;2341;;3194
2024-12-14T07:38:03Z;;601;2942
2024-12-14T07:38:40Z;727;;1328
2024-12-14T07:39:00Z;592;;1193
2024-12-14T07:39:13Z;;637;1229
2024-12-14T07:40:00Z;691;;1328
2024-12-14T07:40:01Z;433;;1070
2024-12-14T07:40:35Z;;596;1029
2024-12-14T07:40:42Z;612;;1208
2024-12-14T07:43:57Z;908;;1504
2024-12-14T07:44:14Z;859;;1455
2024-12-14T07:44:43Z;941;;1537
2024-12-14T07:45:33Z;984;;1580
2024-12-14T07:48:40Z;843;;1439
2024-12-14T07:50:15Z;597;;1193
2024-12-14T07:50:29Z;648;;1244
2024-12-14T07:50:57Z;;628;1276
2024-12-14T07:51:02Z;594;;1222
2024-12-14T07:53:24Z;643;;1271
2024-12-14T07:53:47Z;970;;1598
2024-12-14T07:54:43Z;1288;;1916
2024-12-14T07:55:04Z;1528;;2156
2024-12-14T07:55:09Z;1476;;2104
2024-12-14T07:55:12Z;1530;;2158
2024-12-14T07:55:29Z;1481;;2109
2024-12-14T07:56:35Z;1547;;2175
2024-12-14T07:56:44Z;1487;;2115
2024-12-14T07:57:59Z;;898;2385
2024-12-14T08:00:20Z;1497;;2395
2024-12-14T08:00:22Z;;881;2378
2024-12-14T08:00:38Z;;861;2358
2024-12-14T08:00:39Z;1560;;2421
2024-12-14T08:03:00Z;1804;;2665
2024-12-14T08:03:04Z;1740;;2601
2024-12-14T08:03:31Z;1814;;2675
2024-12-14T08:03:33Z;1753;;2614
2024-12-14T08:03:34Z;1820;;2681
2024-12-14T08:03:52Z;1774;;2635
2024-12-14T08:03:57Z;1848;;2709
2024-12-14T08:04:05Z;1790;;2651
2024-12-14T08:04:16Z;1837;;2698
2024-12-14T08:07:10Z;2107;;2968
2024-12-14T08:07:13Z;2057;;2918
2024-12-14T08:07:17Z;2138;;2999
2024-12-14T08:07:19Z;2091;;2952
2024-12-14T08:07:22Z;2156;;3017
2024-12-14T08:07:47Z;2077;;2938
2024-12-14T08:08:06Z;2131;;2992
2024-12-14T08:08:09Z;2084;;2945
2024-12-14T08:08:10Z;2141;;3002
2024-12-14T08:08:14Z;2089;;2950
2024-12-14T08:08:34Z;2149;;3010
2024-12-14T08:08:40Z;2087;;2948
2024-12-14T08:08:45Z;2133;;2994
2024-12-14T08:09:06Z;2084;;2945
2024-12-14T08:10:44Z;2096;;2957
2024-12-14T08:11:05Z;2147;;3008
2024-12-14T08:11:57Z;2057;;2918
2024-12-14T08:11:58Z;2123;;2984
2024-12-14T08:12:38Z;;895;3018
2024-12-14T08:12:40Z;2063;;2958
2024-12-14T08:12:46Z;2117;;3012
2024-12-14T08:13:01Z;;861;2978
2024-12-14T08:14:20Z;2065;;2926
2024-12-14T08:14:24Z;;902;2967
2024-12-14T08:14:34Z;;868;2933
2024-12-14T08:14:35Z;2134;;3002
2024-12-14T08:15:22Z;2188;824;2958
2024-12-14T08:16:11Z;2073;;2897
2024-12-14T08:16:15Z;;908;2981
2024-12-14T08:16:16Z;2127;;3035
2024-12-14T08:16:23Z;;862;2989
2024-12-14T08:16:57Z;2073;;2935
2024-12-14T08:17:27Z;;861;2934
2024-12-14T08:17:32Z;-569;;292
2024-12-14T08:17:43Z;-620;;241
2024-12-14T08:18:00Z;;906;286
2024-12-14T08:18:19Z;-913;;-7
2024-12-14T08:18:21Z;;1197;284
2024-12-14T08:20:05Z;-837;;360
2024-12-14T08:20:09Z;-580;;617
2024-12-14T08:20:13Z;-300;;897
2024-12-14T08:20:30Z;-279;;918
2024-12-14T08:20:52Z;;1500;1221
2024-12-14T08:20:56Z;;1480;1201
2024-12-14T08:21:07Z;-336;;1144
2024-12-14T08:21:28Z;;1203;867
2024-12-14T08:22:11Z;;1240;904
2024-12-14T08:22:25Z;-328;;912
2024-12-14T08:22:26Z;-337;;903
2024-12-14T08:22:27Z;-264;;976
2024-12-14T08:22:29Z;-346;;894
2024-12-14T08:22:32Z;-287;;953
2024-12-14T08:22:33Z;-321;;919
2024-12-14T08:22:40Z;-299;;941
2024-12-14T08:22:41Z;-278;;962
2024-12-14T08:23:29Z;49;;1289
2024-12-14T08:23:37Z;-52;;1188
2024-12-14T08:24:15Z;-288;;952
2024-12-14T08:24:19Z;;1499;1211
2024-12-14T08:25:19Z;;1744;1456
2024-12-14T08:25:51Z;;1773;1485
2024-12-14T08:26:57Z;;1806;1518
2024-12-14T08:28:06Z;-251;;1555
2024-12-14T08:28:43Z;1765;;3571
2024-12-14T08:28:44Z;1496;;3302
2024-12-14T08:29:10Z;1162;;2968
2024-12-14T08:29:17Z;1209;;3015
2024-12-14T08:29:18Z;1151;;2957
2024-12-14T08:29:42Z;1238;;3044
2024-12-14T08:29:43Z;1173;;2979
2024-12-14T08:30:17Z;1222;;3028
2024-12-14T08:30:20Z;1161;;2967
2024-12-14T08:30:22Z;;1829;2990
2024-12-14T08:30:35Z;1172;;3001
2024-12-14T08:30:36Z;1218;;3047
2024-12-14T08:31:04Z;;1776;2994
2024-12-14T08:31:41Z;;1819;3037
2024-12-14T08:31:51Z;1157;;2976
2024-12-14T08:32:07Z;1208;;3027
2024-12-14T08:32:10Z;;1775;2983
2024-12-14T08:32:46Z;;1502;2710
2024-12-14T08:33:04Z;1500;;3002
2024-12-14T08:33:11Z;;1543;3043
2024-12-14T08:33:57Z;;1504;3004
2024-12-14T08:33:59Z;;1532;3032
2024-12-14T08:34:02Z;1450;;2982
2024-12-14T08:34:19Z;;1500;2950
2024-12-14T08:34:38Z;;1569;3019
2024-12-14T08:34:59Z;;1504;2954
2024-12-14T08:35:16Z;1507;;3011
2024-12-14T08:35:21Z;;1544;3051
2024-12-14T08:35:25Z;1454;;2998
2024-12-14T08:35:28Z;1509;;3053
2024-12-14T08:35:29Z;1452;;2996
2024-12-14T08:35:31Z;1501;;3045
2024-12-14T08:35:32Z;1447;;2991
2024-12-14T08:35:58Z;1539;;3083
2024-12-14T08:35:59Z;1476;;3020
2024-12-14T08:36:01Z;1540;;3084
2024-12-14T08:36:02Z;1472;;3016
2024-12-14T08:36:03Z;1539;;3083
2024-12-14T08:36:07Z;;1496;3035
2024-12-14T08:36:19Z;;1533;3026
2024-12-14T08:36:20Z;1493;;2989
2024-12-14T08:37:07Z;1540;;3073
2024-12-14T08:38:12Z;1801;;3334
2024-12-14T08:38:21Z;1704;;3237
2024-12-14T08:39:17Z;;1784;3488
2024-12-14T08:39:24Z;1491;;3275
2024-12-14T08:40:13Z;1199;;2983
2024-12-14T08:40:30Z;1253;;3037
2024-12-14T08:45:22Z;981;2071;3324
2024-12-14T08:47:37Z;;2094;3075
2024-12-14T08:49:39Z;1160;;3254
2024-12-14T08:50:00Z;-606;;1488
2024-12-14T08:50:58Z;-602;;1492
2024-12-14T08:51:03Z;-852;;1242
2024-12-14T08:51:28Z;-1047;;1047
2024-12-14T08:51:31Z;-1187;;907
2024-12-14T08:51:32Z;-468;;1626
2024-12-14T08:51:35Z;373;;2467
2024-12-14T08:51:36Z;-764;;1330
2024-12-14T08:51:42Z;-887;;1207
2024-12-14T08:51:43Z;-188;;1906
2024-12-14T08:52:23Z;-589;;1505
2024-12-14T08:52:45Z;-639;;1455
2024-12-14T08:53:06Z;-590;;1504
2024-12-14T08:53:35Z;-612;;1482
2024-12-14T08:53:43Z;-630;;1464
2024-12-14T08:54:14Z;;2053;1423
2024-12-14T08:54:53Z;-316;;1737
2024-12-14T08:55:03Z;;1796;1480
2024-12-14T08:55:21Z;84;;1880
2024-12-14T08:55:27Z;;1450;1534
2024-12-14T08:55:28Z;;971;1055
2024-12-14T08:55:29Z;;1464;1548
2024-12-14T08:55:31Z;670;;2134
2024-12-14T08:55:32Z;170;1518;2188
2024-12-14T08:55:52Z;;1471;1641
2024-12-14T08:56:12Z;398;;1869
2024-12-14T08:56:27Z;2130;;3601
2024-12-14T08:56:50Z;;1205;3335
2024-12-14T08:57:08Z;2427;;3632
2024-12-14T08:57:50Z;;1241;3668
2024-12-14T08:57:52Z;2369;;3610
2024-12-14T08:57:54Z;2519;;3760
2024-12-14T08:57:55Z;2376;;3617
2024-12-14T08:58:14Z;;1204;3580
2024-12-14T08:59:09Z;2423;;3627
2024-12-14T09:00:07Z;2348;;3552
2024-12-14T09:00:20Z;2307;;3511
2024-12-14T09:00:22Z;;1041;3348
2024-12-14T09:00:35Z;2540;;3581
2024-12-14T09:00:36Z;2392;;3433
2024-12-14T09:00:48Z;2475;;3516
2024-12-14T09:00:49Z;2359;;3400
2024-12-14T09:01:09Z;2457;;3498
2024-12-14T09:01:10Z;2261;;3302
2024-12-14T09:01:52Z;2479;;3520
2024-12-14T09:01:53Z;2310;;3351
2024-12-14T09:02:04Z;;1237;3547
2024-12-14T09:02:55Z;2073;;3310
2024-12-14T09:03:07Z;2123;;3360
2024-12-14T09:03:18Z;2413;;3650
2024-12-14T09:03:19Z;2265;;3502
2024-12-14T09:03:27Z;;1212;3477
2024-12-14T09:03:41Z;2416;;3628
2024-12-14T09:04:13Z;;898;3314
2024-12-14T09:04:24Z;2800;;3698
2024-12-14T09:04:25Z;2675;;3573
2024-12-14T09:04:37Z;;944;3619
2024-12-14T09:05:42Z;;898;3573
2024-12-14T09:05:48Z;2825;;3723
2024-12-14T09:05:49Z;2553;;3451
2024-12-14T09:06:09Z;2794;;3692
2024-12-14T09:06:10Z;2647;;3545
2024-12-14T09:06:21Z;4160;;5058
2024-12-14T09:06:22Z;4264;;5162
2024-12-14T09:07:07Z;4594;;5492
2024-12-14T09:07:08Z;4433;;5331
2024-12-14T09:07:26Z;4568;;5466
2024-12-14T09:07:27Z;4439;;5337
2024-12-14T09:08:09Z;4642;;5540
2024-12-14T09:08:12Z;4469;;5367
2024-12-14T09:08:19Z;4518;;5416
2024-12-14T09:08:39Z;4471;;5369
2024-12-14T09:08:52Z;4609;;5507
2024-12-14T09:08:55Z;4450;;5348
2024-12-14T09:09:17Z;4640;;5538
2024-12-14T09:09:36Z;4543;;5441
2024-12-14T09:09:42Z;;602;5145
2024-12-14T09:09:45Z;4480;;5082
2024-12-14T09:09:56Z;4648;;5250
2024-12-14T09:09:59Z;4468;;5070
2024-12-14T09:10:17Z;4601;;5203
2024-12-14T09:10:18Z;4475;;5077
2024-12-14T09:10:36Z;;600;5075
2024-12-14T09:11:00Z;4632;;5232
2024-12-14T09:11:01Z;4498;;5098
2024-12-14T09:11:54Z;4560;;5160
2024-12-14T09:12:03Z;4101;;4701
2024-12-14T09:12:04Z;4374;;4974
2024-12-14T09:12:05Z;4550;;5150
2024-12-14T09:12:06Z;4421;;5021
2024-12-14T09:12:47Z;4655;;5255
2024-12-14T09:12:50Z;4461;;5061
2024-12-14T09:13:12Z;4657;;5257
2024-12-14T09:13:19Z;4468;;5068
2024-12-14T09:13:30Z;4519;;5119
2024-12-14T09:13:43Z;4447;;5047
2024-12-14T09:13:51Z;4693;;5293
2024-12-14T09:14:07Z;4460;;5060
2024-12-14T09:14:09Z;4535;;5135
2024-12-14T09:14:12Z;4474;;5074
2024-12-14T09:14:13Z;4545;;5145
2024-12-14T09:14:32Z;4499;;5099
2024-12-14T09:14:34Z;4699;;5299
2024-12-14T09:14:46Z;4497;;5097
2024-12-14T09:14:55Z;4700;;5300
2024-12-14T09:15:01Z;4483;;5083
2024-12-14T09:15:05Z;4529;;5129
2024-12-14T09:15:08Z;4481;;5081
2024-12-14T09:15:17Z;4529;;5129
2024-12-14T09:15:20Z;4469;;5069
2024-12-14T09:15:22Z;;615;5084
2024-12-14T09:15:34Z;4481;;5096
2024-12-14T09:15:49Z;4708;;5323
2024-12-14T09:15:50Z;4499;;5114
2024-12-14T09:15:59Z;4672;;5287
2024-12-14T09:16:15Z;;600;5272
2024-12-14T09:16:16Z;4493;;5093
2024-12-14T09:16:21Z;4602;;5202
2024-12-14T09:16:40Z;4495;;5095
2024-12-14T09:16:42Z;4716;;5316
2024-12-14T09:17:08Z;4495;;5095
2024-12-14T09:17:23Z;4471;;5071
2024-12-14T09:17:25Z;4699;;5299
2024-12-14T09:17:39Z;4473;;5073
2024-12-14T09:17:41Z;4538;;5138
2024-12-14T09:19:45Z;3151;;3751
2024-12-14T09:20:18Z;3314;;3914
2024-12-14T09:20:19Z;3178;;3778
2024-12-14T09:20:37Z;3303;;3903
2024-12-14T09:20:38Z;3179;;3779
2024-12-14T09:21:03Z;2950;;3550
2024-12-14T09:21:04Z;2987;;3587
2024-12-14T09:21:05Z;3243;;3843
2024-12-14T09:22:03Z;3349;;3949
2024-12-14T09:22:04Z;3204;;3804
2024-12-14T09:22:24Z;3314;;3914
2024-12-14T09:22:25Z;3196;;3796
2024-12-14T09:23:03Z;2986;;3586
2024-12-14T09:23:07Z;3222;;3822
2024-12-14T09:23:21Z;2984;;3584
2024-12-14T09:23:40Z;3072;;3672
2024-12-14T09:23:43Z;1278;;1878
2024-12-14T09:23:50Z;1527;;2127
2024-12-14T09:23:51Z;1365;;1965
2024-12-14T09:24:11Z;1559;;2159
2024-12-14T09:24:12Z;1422;;2022
2024-12-14T09:24:58Z;3061;;3661
2024-12-14T09:25:45Z;1406;;2006
2024-12-14T09:25:58Z;1567;;2167
2024-12-14T09:25:59Z;1414;;2014
2024-12-14T09:26:41Z;1575;;2175
2024-12-14T09:26:42Z;1446;;2046
2024-12-14T09:27:02Z;1622;;2222
2024-12-14T09:27:03Z;1489;;2089
2024-12-14T09:27:45Z;1678;;2278
2024-12-14T09:27:47Z;1486;;2086
2024-12-14T09:28:32Z;1548;;2148
2024-12-14T09:28:33Z;1491;;2091
2024-12-14T09:28:34Z;3212;;3812
2024-12-14T09:28:54Z;3065;;3665
2024-12-14T09:29:01Z;2979;;3579
2024-12-14T09:29:23Z;1159;;1759
2024-12-14T09:29:32Z;1359;;1959
2024-12-14T09:29:33Z;1197;;1797
2024-12-14T09:29:53Z;1323;;1923
2024-12-14T09:29:54Z;1186;;1786
2024-12-14T09:30:20Z;1180;;1780
2024-12-14T09:30:22Z;;444;1624
2024-12-14T09:30:36Z;1380;;1824
2024-12-14T09:30:39Z;1162;;1606
2024-12-14T09:31:01Z;1213;;1657
2024-12-14T09:33:41Z;1165;;1609
2024-12-14T09:33:50Z;1291;;1735
2024-12-14T09:34:08Z;2304;;2748
2024-12-14T09:34:10Z;1562;;2006
2024-12-14T09:34:11Z;1370;;1814
2024-12-14T09:34:31Z;1583;;2027
2024-12-14T09:34:32Z;1468;;1912
2024-12-14T09:34:56Z;1602;;2046
2024-12-14T09:34:57Z;1487;;1931
2024-12-14T09:35:26Z;1679;;2123
2024-12-14T09:35:36Z;1530;;1974
2024-12-14T09:35:45Z;1459;;1903
2024-12-14T09:35:57Z;1562;;2006
2024-12-14T09:36:04Z;1494;;1938
2024-12-14T09:36:09Z;3287;;3731
2024-12-14T09:36:18Z;3496;;3940
2024-12-14T09:36:45Z;3267;;3711
2024-12-14T09:36:53Z;1504;;1948
2024-12-14T09:36:55Z;2602;;3046
2024-12-14T09:36:56Z;3184;;3628
2024-12-14T09:36:57Z;;317;3501
2024-12-14T09:37:03Z;3396;;3713
2024-12-14T09:37:04Z;3224;;3541
2024-12-14T09:37:05Z;3303;;3620
2024-12-14T09:37:06Z;3195;;3512
2024-12-14T09:37:22Z;3345;;3662
2024-12-14T09:37:23Z;3269;;3586
2024-12-14T09:37:42Z;;321;3590
2024-12-14T09:38:03Z;3317;;3638
2024-12-14T09:38:07Z;3468;;3789
2024-12-14T09:38:08Z;3278;;3599
2024-12-14T09:38:29Z;3356;;3677
2024-12-14T09:38:30Z;3268;;3589
2024-12-14T09:38:32Z;3319;;3640
2024-12-14T09:38:33Z;3271;;3592
2024-12-14T09:38:50Z;3500;;3821
2024-12-14T09:38:51Z;3269;;3590
2024-12-14T09:38:54Z;3315;;3636
2024-12-14T09:38:56Z;3249;;3570
2024-12-14T09:39:22Z;3464;;3785
2024-12-14T09:39:41Z;3335;;3656
2024-12-14T09:39:42Z;3257;;3578
2024-12-14T09:39:52Z;3402;;3723
2024-12-14T09:39:53Z;3249;;3570
2024-12-14T09:40:56Z;3325;;3646
2024-12-14T09:40:57Z;3200;;3521
2024-12-14T09:41:11Z;2994;;3315
2024-12-14T09:41:12Z;3166;;3487
2024-12-14T09:41:20Z;2954;;3275
2024-12-14T09:41:22Z;3025;;3346
2024-12-14T09:41:59Z;3335;;3656
2024-12-14T09:42:51Z;3335;;3656
2024-12-14T09:42:52Z;3183;;3504
2024-12-14T09:43:34Z;3334;;3655
2024-12-14T09:43:35Z;3146;;3467
2024-12-14T09:45:13Z;2989;;3310
2024-12-14T09:45:17Z;3078;;3399
2024-12-14T09:45:20Z;2969;;3290
2024-12-14T09:45:23Z;;582;3551
2024-12-14T09:46:44Z;3340;;3922
2024-12-14T09:46:45Z;3219;;3801
2024-12-14T09:47:27Z;3356;;3938
2024-12-14T09:47:28Z;3179;;3761
2024-12-14T09:48:01Z;2965;;3547
2024-12-14T09:48:31Z;;580;3545
2024-12-14T09:48:32Z;3028;;3608
2024-12-14T09:48:51Z;2698;;3278
2024-12-14T09:48:52Z;2774;;3354
2024-12-14T09:49:50Z;2696;;3276
2024-12-14T09:49:59Z;2753;;3333
2024-12-14T09:50:26Z;2698;;3278
2024-12-14T09:51:39Z;2841;;3421
2024-12-14T09:51:40Z;2648;;3228
2024-12-14T09:52:27Z;2703;;3283
2024-12-14T09:53:05Z;2859;;3439
2024-12-14T09:53:06Z;2670;;3250
2024-12-14T09:53:45Z;2722;;3302
2024-12-14T09:53:47Z;2724;;3304
2024-12-14T09:53:54Z;2676;;3256
2024-12-14T09:53:57Z;2781;;3361
2024-12-14T09:55:50Z;1439;;2019
2024-12-14T09:55:51Z;1172;;1752
2024-12-14T09:55:59Z;424;;1004
2024-12-14T09:56:04Z;607;;1187
2024-12-14T09:56:22Z;429;;1009
2024-12-14T09:56:53Z;552;;1132
2024-12-14T09:56:55Z;600;;1180
2024-12-14T09:56:58Z;535;;1115
2024-12-14T09:57:00Z;609;;1189
2024-12-14T09:57:02Z;563;;1143
2024-12-14T09:57:04Z;609;;1189
2024-12-14T09:57:05Z;540;;1120
2024-12-14T09:57:24Z;606;;1186
2024-12-14T09:57:41Z;538;;1118
2024-12-14T09:58:30Z;610;;1190
2024-12-14T09:58:31Z;555;;1135
2024-12-14T09:58:33Z;636;;1216
2024-12-14T09:58:34Z;579;;1159
2024-12-14T09:58:35Z;;561;1140
2024-12-14T09:58:38Z;641;;1202
2024-12-14T09:58:39Z;577;;1138
2024-12-14T09:58:45Z;629;;1190
2024-12-14T09:59:02Z;536;;1097
2024-12-14T09:59:07Z;611;;1172
2024-12-14T09:59:08Z;547;;1108
2024-12-14T09:59:11Z;614;;1175
2024-12-14T09:59:12Z;550;;1111
2024-12-14T09:59:23Z;603;;1164
2024-12-14T10:00:22Z;;536;1139
2024-12-14T10:00:26Z;591;;1127
2024-12-14T10:02:55Z;1215;;1751
2024-12-14T10:03:06Z;575;;1111
2024-12-14T10:03:07Z;644;;1180
2024-12-14T10:05:03Z;960;;1496
2024-12-14T10:05:04Z;772;;1308
2024-12-14T10:05:32Z;1563;;2099
2024-12-14T10:05:46Z;996;;1532
2024-12-14T10:05:47Z;793;;1329
2024-12-14T10:06:07Z;973;;1509
2024-12-14T10:06:08Z;837;;1373
2024-12-14T10:06:50Z;981;;1517
2024-12-14T10:06:51Z;883;;1419
2024-12-14T10:07:33Z;1006;;1542
2024-12-14T10:07:34Z;808;;1344
2024-12-14T10:07:35Z;905;;1441
2024-12-14T10:07:37Z;844;;1380
2024-12-14T10:07:54Z;1048;;1584
2024-12-14T10:08:09Z;878;;1414
2024-12-14T10:08:37Z;1081;;1617
2024-12-14T10:08:40Z;823;;1359
2024-12-14T10:08:47Z;907;;1443
2024-12-14T10:08:51Z;848;;1384
2024-12-14T10:09:00Z;913;;1449
2024-12-14T10:10:55Z;;305;1218
2024-12-14T10:10:56Z;;218;1131
2024-12-14T10:11:01Z;748;;966
2024-12-14T10:13:24Z;1382;;1600
2024-12-14T10:13:25Z;982;;1200
2024-12-14T10:13:32Z;823;;1041
2024-12-14T10:15:20Z;737;;955
2024-12-14T10:15:22Z;;292;1029
2024-12-14T10:15:31Z;904;;1196
2024-12-14T10:16:14Z;1670;;1962
2024-12-14T10:16:15Z;792;;1084
2024-12-14T10:16:19Z;1028;;1320
2024-12-14T10:16:20Z;867;;1159
2024-12-14T10:17:02Z;988;;1280
2024-12-14T10:17:03Z;833;;1125
2024-12-14T10:17:23Z;1043;;1335
2024-12-14T10:17:24Z;863;;1155
2024-12-14T10:17:25Z;1078;;1370
2024-12-14T10:17:31Z;854;;1146
2024-12-14T10:18:08Z;1033;;1325
2024-12-14T10:18:09Z;860;;1152
2024-12-14T10:18:37Z;955;;1247
2024-12-14T10:18:50Z;;283;1238
2024-12-14T10:19:10Z;1039;;1322
2024-12-14T10:19:11Z;869;;1152
2024-12-14T10:19:25Z;1310;;1593
2024-12-14T10:19:26Z;898;;1181
2024-12-14T10:20:14Z;978;;1261
2024-12-14T10:20:15Z;816;;1099
2024-12-14T10:21:14Z;967;;1250
2024-12-14T10:21:28Z;934;;1217
2024-12-14T10:21:29Z;880;;1163
2024-12-14T10:21:31Z;931;;1214
2024-12-14T10:21:32Z;766;;1049
2024-12-14T10:21:57Z;1010;;1293
2024-12-14T10:21:58Z;789;;1072
2024-12-14T10:23:26Z;1067;;1350
2024-12-14T10:23:32Z;829;;1112
2024-12-14T10:23:57Z;930;;1213
2024-12-14T10:23:58Z;883;;1166
2024-12-14T10:25:26Z;1194;;1477
2024-12-14T10:25:27Z;795;;1078
2024-12-14T10:26:04Z;565;;848
2024-12-14T10:26:08Z;620;;903
2024-12-14T10:27:12Z;552;;835
2024-12-14T10:27:27Z;753;;1036
2024-12-14T10:27:46Z;580;;863
2024-12-14T10:27:47Z;592;;875
2024-12-14T10:27:55Z;817;;1100
2024-12-14T10:28:33Z;2551;;2834
2024-12-14T10:28:38Z;2794;;3077
2024-12-14T10:28:39Z;2597;;2880
2024-12-14T10:30:23Z;2517;;2800
2024-12-14T10:30:24Z;;272;2789
2024-12-14T10:30:28Z;2735;;3007
2024-12-14T10:30:29Z;2585;;2857
2024-12-14T10:30:46Z;2700;;2972
2024-12-14T10:30:47Z;2556;;2828
2024-12-14T10:31:42Z;2702;;2974
2024-12-14T10:32:23Z;2793;;3065
2024-12-14T10:32:24Z;2584;;2856
2024-12-14T10:37:57Z;2398;;2670
2024-12-14T10:38:14Z;2455;;2727
2024-12-14T10:38:15Z;2446;;2718
2024-12-14T10:39:10Z;2398;;2670
2024-12-14T10:39:16Z;2473;;2745
2024-12-14T10:39:33Z;2396;;2668
2024-12-14T10:39:37Z;2649;;2921
2024-12-14T10:39:54Z;2387;;2659
2024-12-14T10:39:56Z;2457;;2729
2024-12-14T10:43:31Z;2392;;2664
2024-12-14T10:43:32Z;2687;;2959
2024-12-14T10:43:49Z;2398;;2670
2024-12-14T10:43:54Z;2450;;2722
2024-12-14T10:44:09Z;2399;;2671
2024-12-14T10:44:28Z;574;;846
2024-12-14T10:44:31Z;;326;900
2024-12-14T10:44:47Z;1026;;1352
2024-12-14T10:45:20Z;1473;;1799
2024-12-14T10:45:24Z;;340;1813
2024-12-14T10:46:57Z;1548;;1888
2024-12-14T10:47:01Z;1471;;1811
2024-12-14T10:47:05Z;1523;;1863
2024-12-14T10:47:24Z;1476;;1816
2024-12-14T10:47:27Z;1545;;1885
2024-12-14T10:47:29Z;1499;;1839
2024-12-14T10:47:35Z;1549;;1889
2024-12-14T10:47:36Z;1490;;1830
2024-12-14T10:47:39Z;1551;;1891
2024-12-14T10:47:42Z;1422;;1762
2024-12-14T10:47:44Z;1508;;1848
2024-12-14T10:47:58Z;1448;;1788
2024-12-14T10:48:00Z;1510;;1850
2024-12-14T10:48:01Z;1458;;1798
2024-12-14T10:48:10Z;1514;;1854
2024-12-14T10:48:11Z;1450;;1790
2024-12-14T10:48:12Z;1506;;1846
2024-12-14T10:48:19Z;1456;;1796
2024-12-14T10:48:20Z;1514;;1854
2024-12-14T10:48:23Z;1467;;1807
2024-12-14T10:48:24Z;1532;;1872
2024-12-14T10:48:26Z;1483;;1823
2024-12-14T10:48:42Z;1536;;1876
2024-12-14T10:50:54Z;1468;;1808
2024-12-14T10:51:19Z;1606;;1946
2024-12-14T10:58:30Z;2439;;2779
2024-12-14T10:58:31Z;1475;;1815
2024-12-14T10:58:33Z;1529;;1869
2024-12-14T10:58:34Z;1470;;1810
2024-12-14T10:58:41Z;1540;;1880
2024-12-14T10:58:43Z;1493;;1833
2024-12-14T11:00:29Z;1492;;1832
2024-12-14T11:00:33Z;;369;1861
2024-12-14T11:01:33Z;733;;1102
2024-12-14T11:01:48Z;2395;;2764
2024-12-14T11:01:59Z;2464;;2833
2024-12-14T11:02:02Z;2397;;2766
2024-12-14T11:02:03Z;2470;;2839
2024-12-14T11:02:09Z;2395;;2764
2024-12-14T11:02:10Z;2465;;2834
2024-12-14T11:02:21Z;2390;;2759
2024-12-14T11:02:25Z;2441;;2810
2024-12-14T11:02:36Z;2394;;2763
2024-12-14T11:02:38Z;2440;;2809
2024-12-14T11:02:51Z;2389;;2758
2024-12-14T11:03:06Z;2455;;2824
2024-12-14T11:03:17Z;2379;;2748
2024-12-14T11:03:18Z;2461;;2830
2024-12-14T11:03:30Z;2392;;2761
2024-12-14T11:03:32Z;2472;;2841
2024-12-14T11:03:33Z;2396;;2765
2024-12-14T11:03:35Z;2458;;2827
2024-12-14T11:03:38Z;2388;;2757
2024-12-14T11:03:42Z;2445;;2814
2024-12-14T11:03:43Z;2373;;2742
2024-12-14T11:03:45Z;2434;;2803
2024-12-14T11:03:54Z;2387;;2756
2024-12-14T11:03:56Z;2434;;2803
2024-12-14T11:04:58Z;2380;;2749
2024-12-14T11:05:00Z;2433;;2802
2024-12-14T11:05:07Z;2352;;2721
2024-12-14T11:05:08Z;2424;;2793
2024-12-14T11:05:10Z;2371;;2740
2024-12-14T11:05:20Z;2428;;2797
2024-12-14T11:05:22Z;2369;;2738
2024-12-14T11:09:01Z;;594;2963
2024-12-14T11:09:38Z;2098;;2692
2024-12-14T11:09:39Z;2078;;2672
2024-12-14T11:09:57Z;2130;;2724
2024-12-14T11:10:00Z;2073;;2667
2024-12-14T11:10:04Z;2174;;2768
2024-12-14T11:10:57Z;;555;2729
2024-12-14T11:12:33Z;2401;;2956
2024-12-14T11:15:05Z;2348;;2903
2024-12-14T11:15:06Z;2404;;2959
2024-12-14T11:15:08Z;2333;;2888
2024-12-14T11:15:20Z;2339;;2894
2024-12-14T11:15:22Z;;368;2707
2024-12-14T11:15:29Z;2405;;2773
2024-12-14T11:15:34Z;2357;;2725
2024-12-14T11:20:21Z;327;;695
2024-12-14T11:23:35Z;;595;922
2024-12-14T11:23:41Z;280;;875
2024-12-14T11:24:01Z;341;;936
2024-12-14T11:24:18Z;;625;966
2024-12-14T11:24:27Z;283;;908
2024-12-14T11:24:44Z;807;;1432
2024-12-14T11:24:45Z;329;;954
2024-12-14T11:24:54Z;;585;914
2024-12-14T11:24:57Z;231;;816
2024-12-14T11:24:58Z;826;;1411
2024-12-14T11:24:59Z;402;;987
2024-12-14T11:25:20Z;;636;1038
2024-12-14T11:25:22Z;372;;1008
2024-12-14T11:25:26Z;;601;973
2024-12-14T11:26:16Z;601;;1202
2024-12-14T11:26:38Z;908;;1509
2024-12-14T11:27:00Z;845;;1446
2024-12-14T11:27:01Z;940;;1541
2024-12-14T11:27:18Z;882;;1483
2024-12-14T11:27:22Z;951;;1552
2024-12-14T11:27:24Z;893;;1494
2024-12-14T11:28:08Z;1058;;1659
2024-12-14T11:30:15Z;887;;1488
2024-12-14T11:30:34Z;887;;1488
2024-12-14T11:31:59Z;;624;1511
2024-12-14T11:33:19Z;597;;1221
2024-12-14T11:34:49Z;;899;1496
2024-12-14T11:35:30Z;286;;1185
2024-12-14T11:35:48Z;;1197;1483
2024-12-14T11:36:07Z;;1154;1440
2024-12-14T11:36:26Z;333;;1487
2024-12-14T11:36:33Z;283;;1437
2024-12-14T11:36:36Z;374;;1528
2024-12-14T11:37:39Z;287;;1441
2024-12-14T11:37:40Z;337;;1491
2024-12-14T11:38:10Z;291;;1445
2024-12-14T11:38:25Z;372;;1526
2024-12-14T11:39:17Z;;1202;1574
2024-12-14T11:40:42Z;341;;1543
2024-12-14T11:40:43Z;270;;1472
2024-12-14T11:41:11Z;322;;1524
2024-12-14T11:41:21Z;;1159;1481
2024-12-14T11:42:34Z;601;;1760
2024-12-14T11:43:13Z;;903;1504
2024-12-14T11:44:30Z;268;;1171
2024-12-14T11:45:02Z;665;;1568
2024-12-14T11:45:03Z;207;;1110
2024-12-14T11:45:13Z;688;;1591
2024-12-14T11:45:14Z;252;;1155
2024-12-14T11:45:20Z;245;;1148
2024-12-14T11:45:22Z;;710;955
2024-12-14T11:45:48Z;300;;1010
2024-12-14T11:49:57Z;246;;956
2024-12-14T12:00:20Z;203;;913
2024-12-14T12:00:22Z;;736;939
2024-12-14T12:00:57Z;;602;805
2024-12-14T12:01:30Z;;645;848
2024-12-14T12:01:39Z;253;;898
2024-12-14T12:03:16Z;301;;946
2024-12-14T12:03:46Z;241;;886
2024-12-14T12:04:13Z;;916;1157
2024-12-14T12:04:16Z;-25;;891
2024-12-14T12:04:36Z;;1217;1192
2024-12-14T12:04:41Z;;1143;1118
2024-12-14T12:04:56Z;;1203;1178
2024-12-14T12:05:02Z;-303;;900
2024-12-14T12:05:18Z;-611;;592
2024-12-14T12:05:20Z;-250;;953
2024-12-14T12:05:21Z;-441;;762
2024-12-14T12:05:25Z;;1502;1061
2024-12-14T12:05:28Z;;1427;986
2024-12-14T12:05:30Z;-600;;827
2024-12-14T12:05:31Z;-171;;1256
2024-12-14T12:05:32Z;-431;;996
2024-12-14T12:05:36Z;;1504;1073
2024-12-14T12:05:53Z;;1452;1021
2024-12-14T12:05:56Z;;1479;1048
2024-12-14T12:06:06Z;;1459;1028
2024-12-14T12:06:26Z;-306;;1153
2024-12-14T12:06:50Z;;1199;893
2024-12-14T12:09:15Z;47;;1246
2024-12-14T12:09:34Z;-1;;1198
2024-12-14T12:09:49Z;-38;;1161
2024-12-14T12:10:34Z;47;;1246
2024-12-14T12:11:16Z;52;;1251
2024-12-14T12:11:18Z;;903;955
2024-12-14T12:11:50Z;304;;1207
2024-12-14T12:12:04Z;;599;903
2024-12-14T12:13:44Z;;646;950
2024-12-14T12:13:52Z;255;;901
2024-12-14T12:14:20Z;;904;1159
2024-12-14T12:14:42Z;;854;1109
2024-12-14T12:15:03Z;303;;1157
2024-12-14T12:15:20Z;350;;1204
2024-12-14T12:15:22Z;;643;993
2024-12-14T12:15:38Z;;598;948
2024-12-14T12:15:41Z;381;;979
2024-12-14T12:17:41Z;199;;797
2024-12-14T12:17:50Z;301;;899
2024-12-14T12:19:15Z;;641;942
2024-12-14T12:20:17Z;251;;892
2024-12-14T12:20:32Z;;894;1145
2024-12-14T12:21:04Z;;860;1111
2024-12-14T12:23:06Z;1616;;2476
2024-12-14T12:23:07Z;358;;1218
2024-12-14T12:24:57Z;299;;1159
2024-12-14T12:26:34Z;;911;1210
2024-12-14T12:26:49Z;;823;1122
2024-12-14T12:27:35Z;-386;;437
2024-12-14T12:27:40Z;;919;533
2024-12-14T12:27:49Z;;873;487
2024-12-14T12:28:58Z;-297;;576
2024-12-14T12:29:03Z;-347;;526
2024-12-14T12:29:33Z;-361;;512
2024-12-14T12:29:36Z;120;;993
2024-12-14T12:29:57Z;326;;1199
2024-12-14T12:30:00Z;;591;917
2024-12-14T12:30:20Z;478;;1069
2024-12-14T12:30:22Z;;488;966
2024-12-14T12:32:04Z;601;;1089
2024-12-14T12:35:01Z;554;;1042
2024-12-14T12:38:03Z;438;;926
2024-12-14T12:38:48Z;;619;1057
2024-12-14T12:40:05Z;153;;772
2024-12-14T12:40:30Z;301;;920
2024-12-14T12:41:49Z;;614;915
2024-12-14T12:41:54Z;;587;888
2024-12-14T12:42:31Z;;601;902
2024-12-14T12:45:20Z;396;;997
2024-12-14T12:45:22Z;;582;978
2024-12-14T12:45:52Z;230;;812
2024-12-14T12:45:55Z;487;;1069
2024-12-14T12:46:04Z;231;;813
2024-12-14T12:46:06Z;546;;1128
2024-12-14T12:48:15Z;397;;979
2024-12-14T12:50:22Z;300;;882
2024-12-14T12:54:18Z;1357;;1939
2024-12-14T12:56:57Z;726;;1308
2024-12-14T12:56:58Z;573;;1155
2024-12-14T12:58:12Z;-42;;540
2024-12-14T13:00:14Z;703;;1285
2024-12-14T13:00:15Z;310;;892
2024-12-14T13:00:20Z;414;;996
2024-12-14T13:00:24Z;;438;852
2024-12-14T13:02:42Z;603;;1041
2024-12-14T13:03:12Z;537;;975
2024-12-14T13:06:12Z;954;;1392
2024-12-14T13:06:13Z;527;;965
2024-12-14T13:06:23Z;945;;1383
2024-12-14T13:06:24Z;543;;981
2024-12-14T13:08:04Z;-140;;298
2024-12-14T13:10:04Z;90;;528
2024-12-14T13:10:06Z;323;;761
2024-12-14T13:15:20Z;459;;897
2024-12-14T13:15:24Z;;488;947
2024-12-14T13:18:04Z;-167;;321
2024-12-14T13:20:03Z;112;;600
2024-12-14T13:20:07Z;305;;793
2024-12-14T13:27:49Z;440;;928
2024-12-14T13:29:51Z;154;;642
2024-12-14T13:30:11Z;300;;788
2024-12-14T13:30:20Z;283;;771
2024-12-14T13:30:22Z;;570;853
2024-12-14T13:30:31Z;;637;920
2024-12-14T13:30:34Z;245;;882
2024-12-14T13:33:58Z;;893;1138
2024-12-14T13:34:06Z;-53;;840
2024-12-14T13:35:26Z;-39;;854
2024-12-14T13:36:53Z;50;;943
2024-12-14T13:37:07Z;;851;901
2024-12-14T13:38:08Z;191;;1042
2024-12-14T13:38:46Z;;596;787
2024-12-14T13:40:10Z;224;;820
2024-12-14T13:40:17Z;301;;897
2024-12-14T13:42:13Z;;340;641
2024-12-14T13:42:14Z;;247;548
2024-12-14T13:42:17Z;660;;907
2024-12-14T13:42:18Z;484;;731
2024-12-14T13:45:00Z;625;;872
2024-12-14T13:45:01Z;576;;823
2024-12-14T13:45:20Z;567;;814
2024-12-14T13:45:26Z;;337;904
2024-12-14T13:46:47Z;807;;1144
2024-12-14T13:46:48Z;598;;935
2024-12-14T13:46:58Z;839;;1176
2024-12-14T13:47:02Z;598;;935
2024-12-14T13:47:56Z;1834;;2171
2024-12-14T13:48:16Z;44;;381
2024-12-14T13:50:17Z;346;;683
2024-12-14T13:50:40Z;604;;941
2024-12-14T13:57:17Z;;314;918
2024-12-14T13:57:21Z;;293;897
2024-12-14T13:58:29Z;19;;312
2024-12-14T14:00:20Z;-19;;274
2024-12-14T14:00:22Z;;338;319
2024-12-14T14:00:29Z;306;;644
2024-12-14T14:02:49Z;601;;939
2024-12-14T14:07:01Z;447;;785
2024-12-14T14:07:04Z;984;;1322
2024-12-14T14:07:05Z;583;;921
2024-12-14T14:07:15Z;943;;1281
2024-12-14T14:07:16Z;602;;940
2024-12-14T14:08:56Z;-43;;295
2024-12-14T14:10:45Z;151;;489
2024-12-14T14:10:46Z;323;;661
2024-12-14T14:12:25Z;606;261;584
2024-12-14T14:12:26Z;532;336;942
2024-12-14T14:14:29Z;707;;1043
2024-12-14T14:14:53Z;498;;834
2024-12-14T14:14:56Z;774;;1110
2024-12-14T14:15:24Z;525;;861
2024-12-14T14:15:25Z;698;;1034
2024-12-14T14:15:26Z;;373;1071
2024-12-14T14:15:30Z;536;;909
2024-12-14T14:15:31Z;696;;1069
2024-12-14T14:15:33Z;532;;905
2024-12-14T14:17:02Z;642;;1015
2024-12-14T14:17:12Z;567;;940
2024-12-14T14:17:47Z;-158;;215
2024-12-14T14:18:51Z;;298;140
2024-12-14T14:23:15Z;1805;;2103
2024-12-14T14:23:30Z;1803;;2101
2024-12-14T14:24:19Z;2335;;2633
2024-12-14T14:30:16Z;3452;;3750
2024-12-14T14:30:17Z;2654;;2952
2024-12-14T14:30:20Z;2574;;2872
2024-12-14T14:30:22Z;;83;2657
2024-12-14T14:41:03Z;814;;897
2024-12-14T14:42:35Z;900;5;819
2024-12-14T14:42:36Z;;0;900
2024-12-14T14:42:37Z;849;;849
2024-12-14T14:44:37Z;1237;;1237
2024-12-14T14:44:38Z;829;;829
2024-12-14T14:44:48Z;1169;;1169
2024-12-14T14:44:49Z;846;;846
2024-12-14T14:45:29Z;841;63;841
2024-12-14T14:49:09Z;2604;;2667
2024-12-14T14:53:52Z;844;;907
2024-12-14T14:55:26Z;939;;1002
2024-12-14T14:55:37Z;852;;915
2024-12-14T14:57:42Z;;17;869
2024-12-14T14:57:45Z;;67;919
2024-12-14T15:00:22Z;859;11;863
2024-12-14T15:03:12Z;902;;913
2024-12-14T15:04:52Z;728;;739
2024-12-14T15:05:07Z;923;;934
2024-12-14T15:05:25Z;;1;924
2024-12-14T15:06:25Z;877;;878
2024-12-14T15:12:35Z;1170;;1171
2024-12-14T15:12:57Z;887;;888
2024-12-14T15:15:20Z;988;;989
2024-12-14T15:15:34Z;;1;989
2024-12-14T15:21:49Z;1211;;1212
2024-12-14T15:21:50Z;1002;;1003
2024-12-14T15:23:33Z;2681;;2682
2024-12-14T15:24:44Z;2904;;2905
2024-12-14T15:24:45Z;2684;;2685
2024-12-14T15:25:14Z;2813;;2814
2024-12-14T15:25:20Z;2573;;2574
2024-12-14T15:25:23Z;2852;;2853
2024-12-14T15:25:37Z;2699;;2700
2024-12-14T15:26:02Z;2919;;2920
2024-12-14T15:26:03Z;1019;;1020
2024-12-14T15:26:08Z;1243;;1244
2024-12-14T15:26:09Z;1012;;1013
2024-12-14T15:27:20Z;1229;;1230
2024-12-14T15:28:24Z;1233;;1234
2024-12-14T15:30:20Z;960;;961
2024-12-14T15:30:22Z;;0;960
2024-12-14T15:40:34Z;1836;;1836
2024-12-14T15:41:14Z;1240;;1240
2024-12-14T15:41:15Z;1021;;1021
2024-12-14T15:45:20Z;1039;;1039
2024-12-14T15:45:22Z;;0;1039
2024-12-14T15:45:39Z;890;;890
2024-12-14T15:45:40Z;1358;;1358
2024-12-14T15:45:41Z;1036;;1036
2024-12-14T15:48:28Z;1330;;1330
2024-12-14T15:48:29Z;1104;;1104
2024-12-14T15:48:43Z;1514;;1514
2024-12-14T15:48:44Z;1096;;1096
2024-12-14T15:48:54Z;1492;;1492
2024-12-14T15:48:55Z;1102;;1102
2024-12-14T15:49:36Z;1322;;1322
2024-12-14T15:49:37Z;1083;;1083
2024-12-14T15:50:53Z;1321;;1321
2024-12-14T15:51:52Z;1295;;1295
2024-12-14T15:51:53Z;1074;;1074
2024-12-14T15:53:55Z;450;;450
2024-12-14T15:55:06Z;1309;;1309
2024-12-14T15:55:07Z;464;;464
2024-12-14T16:00:20Z;349;;349
2024-12-14T16:00:22Z;;0;349
2024-12-14T16:11:50Z;279;;279
2024-12-14T16:14:07Z;325;;325
2024-12-14T16:15:20Z;317;;317
2024-12-14T16:15:22Z;;0;317
2024-12-14T16:15:47Z;275;;275
2024-12-14T16:24:39Z;384;;384
2024-12-14T16:24:54Z;240;;240
2024-12-14T16:30:20Z;223;;223
2024-12-14T16:30:22Z;;0;223
2024-12-14T16:32:10Z;519;;519
2024-12-14T16:32:45Z;250;;250
2024-12-14T16:33:00Z;252;;252
2024-12-14T16:36:48Z;331;;331
2024-12-14T16:37:21Z;226;;226
2024-12-14T16:37:26Z;380;;380
2024-12-14T16:45:20Z;303;;303
2024-12-14T16:45:22Z;;0;303
2024-12-14T16:46:33Z;341;;341
2024-12-14T16:54:08Z;282;;282
2024-12-14T17:00:20Z;278;;278
2024-12-14T17:00:22Z;;0;278
2024-12-14T17:15:20Z;320;;320
2024-12-14T17:15:22Z;;0;320
2024-12-14T17:15:55Z;377;;377
2024-12-14T17:16:54Z;661;;661
2024-12-14T17:16:55Z;599;;599
2024-12-14T17:16:59Z;647;;647
2024-12-14T17:17:14Z;935;;935
2024-12-14T17:19:52Z;1338;;1338
2024-12-14T17:20:20Z;1505;;1505
2024-12-14T17:21:12Z;1803;;1803
2024-12-14T17:24:19Z;2104;;2104
2024-12-14T17:24:46Z;2046;;2046
2024-12-14T17:25:05Z;2104;;2104
2024-12-14T17:25:11Z;2100;;2100
2024-12-14T17:30:20Z;2299;;2299
2024-12-14T17:30:22Z;;0;2299
2024-12-14T17:31:37Z;2405;;2405
2024-12-14T17:31:40Z;2423;;2423
2024-12-14T17:31:41Z;2366;;2366
2024-12-14T17:32:26Z;2440;;2440
2024-12-14T17:32:28Z;2386;;2386
2024-12-14T17:32:39Z;2439;;2439
2024-12-14T17:32:41Z;2377;;2377
2024-12-14T17:32:56Z;2429;;2429
2024-12-14T17:33:45Z;2383;;2383
2024-12-14T17:33:47Z;2443;;2443
2024-12-14T17:34:29Z;2846;;2846
2024-12-14T17:34:30Z;2541;;2541
2024-12-14T17:41:20Z;2701;;2701
2024-12-14T17:45:20Z;2977;;2977
2024-12-14T17:45:22Z;;0;2977
2024-12-14T17:48:44Z;3002;;3002
2024-12-14T17:48:52Z;2950;;2950
2024-12-14T17:49:01Z;3017;;3017
2024-12-14T17:49:23Z;2968;;2968
2024-12-14T17:49:35Z;3051;;3051
2024-12-14T17:49:56Z;2999;;2999
2024-12-14T17:49:58Z;2992;;2992
2024-12-14T17:50:03Z;3052;;3052
2024-12-14T17:50:09Z;2997;;2997
2024-12-14T17:50:11Z;3061;;3061
2024-12-14T17:50:27Z;2991;;2991
2024-12-14T17:50:30Z;3068;;3068
2024-12-14T17:51:46Z;3304;;3304
2024-12-14T17:51:48Z;3242;;3242
2024-12-14T17:51:54Z;3300;;3300
2024-12-14T17:52:15Z;3235;;3235
2024-12-14T17:53:16Z;269;;269
2024-12-14T17:55:10Z;315;;315
2024-12-14T17:55:16Z;230;;230
2024-12-14T17:58:39Z;306;;306
2024-12-14T17:58:40Z;2210;;2210
2024-12-14T18:00:24Z;2342;;2342
2024-12-14T18:00:26Z;;0;2342
2024-12-14T18:02:34Z;3087;;3087
2024-12-14T18:02:35Z;2271;;2271
2024-12-14T18:08:49Z;376;;376
2024-12-14T18:15:20Z;379;;379
2024-12-14T18:15:22Z;;0;379
2024-12-14T18:15:33Z;2322;;2322
2024-12-14T18:24:07Z;3382;;3382
2024-12-14T18:25:30Z;4422;;4422
2024-12-14T18:25:40Z;3981;;3981
2024-12-14T18:25:41Z;2870;;2870
2024-12-14T18:26:34Z;1597;;1597
2024-12-14T18:27:04Z;318;;318
2024-12-14T18:27:16Z;1554;;1554
2024-12-14T18:29:11Z;382;;382
2024-12-14T18:29:16Z;1085;;1085
2024-12-14T18:29:17Z;427;;427
2024-12-14T18:29:32Z;2373;;2373
2024-12-14T18:30:29Z;2411;;2411
2024-12-14T18:31:22Z;2429;;2429
2024-12-14T18:32:04Z;461;;461
2024-12-14T18:35:43Z;2517;;2517
2024-12-14T18:38:26Z;3661;;3661
2024-12-14T18:38:27Z;2483;;2483
2024-12-14T18:38:33Z;2301;;2301
2024-12-14T18:38:34Z;2422;;2422
2024-12-14T18:39:02Z;471;;471
2024-12-14T18:43:34Z;688;;688
2024-12-14T18:43:36Z;1087;;1087
2024-12-14T18:43:37Z;786;;786
2024-12-14T18:43:38Z;376;;376
2024-12-14T18:43:40Z;1056;;1056
2024-12-14T18:43:41Z;371;;371
2024-12-14T18:43:42Z;673;;673
2024-12-14T18:43:43Z;1079;;1079
2024-12-14T18:43:45Z;377;;377
2024-12-14T18:43:46Z;1076;;1076
2024-12-14T18:43:47Z;380;;380
2024-12-14T18:43:49Z;1073;;1073
2024-12-14T18:43:50Z;385;;385
2024-12-14T18:43:52Z;1085;;1085
2024-12-14T18:43:53Z;784;;784
2024-12-14T18:43:54Z;370;;370
2024-12-14T18:43:56Z;1073;;1073
2024-12-14T18:43:57Z;373;;373
2024-12-14T18:43:58Z;676;;676
2024-12-14T18:43:59Z;1086;;1086
2024-12-14T18:44:01Z;372;;372
2024-12-14T18:44:02Z;1092;;1092
2024-12-14T18:44:03Z;381;;381
2024-12-14T18:44:05Z;1092;;1092
2024-12-14T18:44:06Z;389;;389
2024-12-14T18:44:08Z;1095;;1095
2024-12-14T18:44:09Z;787;;787
2024-12-14T18:44:10Z;383;;383
2024-12-14T18:44:12Z;1080;;1080
2024-12-14T18:44:13Z;374;;374
2024-12-14T18:44:14Z;697;;697
2024-12-14T18:44:15Z;1093;;1093
2024-12-14T18:44:17Z;380;;380
2024-12-14T18:44:18Z;1091;;1091
2024-12-14T18:44:19Z;380;;380
2024-12-14T18:44:21Z;1102;;1102
2024-12-14T18:44:22Z;385;;385
2024-12-14T18:44:24Z;1091;;1091
2024-12-14T18:44:25Z;776;;776
2024-12-14T18:44:26Z;378;;378
2024-12-14T18:44:28Z;1081;;1081
2024-12-14T18:44:29Z;378;;378
2024-12-14T18:44:30Z;715;;715
2024-12-14T18:44:31Z;1095;;1095
2024-12-14T18:44:33Z;377;;377
2024-12-14T18:44:34Z;1102;;1102
2024-12-14T18:44:35Z;384;;384
2024-12-14T18:44:37Z;1099;;1099
2024-12-14T18:44:53Z;385;;385
2024-12-14T18:44:54Z;387;;387
2024-12-14T18:44:56Z;1084;;1084
2024-12-14T18:44:57Z;747;;747
2024-12-14T18:44:58Z;384;;384
2024-12-14T18:45:00Z;1082;;1082
2024-12-14T18:45:01Z;376;;376
2024-12-14T18:45:02Z;732;;732
2024-12-14T18:45:03Z;2113;;2113
2024-12-14T18:45:05Z;439;;439
2024-12-14T18:45:06Z;1144;;1144
2024-12-14T18:45:07Z;436;;436
2024-12-14T18:45:09Z;1147;;1147
2024-12-14T18:45:10Z;440;;440
2024-12-14T18:45:12Z;1147;;1147
2024-12-14T18:45:13Z;792;;792
2024-12-14T18:45:14Z;427;;427
2024-12-14T18:45:16Z;1136;;1136
2024-12-14T18:45:17Z;433;;433
2024-12-14T18:45:18Z;791;;791
2024-12-14T18:45:19Z;1149;;1149
2024-12-14T18:45:22Z;;0;1149
2024-12-14T18:45:24Z;1136;;1136
2024-12-14T18:45:33Z;429;;429
2024-12-14T18:45:34Z;1150;;1150
2024-12-14T18:45:35Z;443;;443
2024-12-14T18:45:37Z;1142;;1142
2024-12-14T18:45:38Z;440;;440
2024-12-14T18:45:39Z;1146;;1146
2024-12-14T18:45:40Z;799;;799
2024-12-14T18:45:41Z;1171;;1171
2024-12-14T18:45:43Z;438;;438
2024-12-14T18:45:44Z;1175;;1175
2024-12-14T18:45:45Z;439;;439
2024-12-14T18:45:46Z;1176;;1176
2024-12-14T18:45:47Z;449;;449
2024-12-14T18:45:49Z;1173;;1173
2024-12-14T18:45:50Z;810;;810
2024-12-14T18:45:51Z;432;;432
2024-12-14T18:45:52Z;1165;;1165
2024-12-14T18:45:53Z;436;;436
2024-12-14T18:45:55Z;804;;804
2024-12-14T18:45:56Z;1175;;1175
2024-12-14T18:45:57Z;436;;436
2024-12-14T18:46:11Z;433;;433
2024-12-14T18:46:13Z;1168;;1168
2024-12-14T18:46:14Z;433;;433
2024-12-14T18:46:15Z;1170;;1170
2024-12-14T18:46:16Z;445;;445
2024-12-14T18:46:17Z;1174;;1174
2024-12-14T18:46:18Z;813;;813
2024-12-14T18:46:20Z;435;;435
2024-12-14T18:46:21Z;1158;;1158
2024-12-14T18:46:22Z;430;;430
2024-12-14T18:46:23Z;792;;792
2024-12-14T18:46:24Z;1176;;1176
2024-12-14T18:46:26Z;432;;432
2024-12-14T18:46:27Z;1169;;1169
2024-12-14T18:46:28Z;432;;432
2024-12-14T18:46:29Z;800;;800
2024-12-14T18:46:31Z;3150;;3150
2024-12-14T18:46:32Z;2499;;2499
2024-12-14T18:46:33Z;2383;;2383
2024-12-14T18:46:34Z;3091;;3091
2024-12-14T18:46:35Z;2785;;2785
2024-12-14T18:46:37Z;2449;;2449
2024-12-14T18:46:38Z;3089;;3089
2024-12-14T18:46:39Z;2448;;2448
2024-12-14T18:46:40Z;2764;;2764
2024-12-14T18:46:41Z;3099;;3099
2024-12-14T18:46:43Z;2440;;2440
2024-12-14T18:46:44Z;3095;;3095
2024-12-14T18:46:45Z;2448;;2448
2024-12-14T18:46:46Z;3063;;3063
2024-12-14T18:46:47Z;2452;;2452
2024-12-14T18:46:49Z;3099;;3099
2024-12-14T18:46:50Z;2790;;2790
2024-12-14T18:46:51Z;2447;;2447
2024-12-14T18:46:52Z;3092;;3092
2024-12-14T18:46:53Z;2442;;2442
2024-12-14T18:46:55Z;2758;;2758
2024-12-14T18:46:56Z;3105;;3105
2024-12-14T18:46:57Z;2452;;2452
2024-12-14T18:46:58Z;3108;;3108
2024-12-14T18:46:59Z;2449;;2449
2024-12-14T18:47:01Z;2160;;2160
2024-12-14T18:47:02Z;1481;;1481
2024-12-14T18:47:04Z;2161;;2161
2024-12-14T18:47:05Z;1830;;1830
2024-12-14T18:47:06Z;1473;;1473
2024-12-14T18:47:08Z;2160;;2160
2024-12-14T18:47:09Z;1470;;1470
2024-12-14T18:47:10Z;1802;;1802
2024-12-14T18:47:11Z;2169;;2169
2024-12-14T18:47:12Z;1503;;1503
2024-12-14T18:47:14Z;2202;;2202
2024-12-14T18:47:15Z;1499;;1499
2024-12-14T18:47:30Z;2197;;2197
2024-12-14T18:47:31Z;1493;;1493
2024-12-14T18:47:33Z;2201;;2201
2024-12-14T18:47:34Z;1498;;1498
2024-12-14T18:47:36Z;2199;;2199
2024-12-14T18:47:37Z;1856;;1856
2024-12-14T18:47:38Z;1488;;1488
2024-12-14T18:47:40Z;2193;;2193
2024-12-14T18:47:41Z;1491;;1491
2024-12-14T18:47:42Z;1845;;1845
2024-12-14T18:47:43Z;2203;;2203
2024-12-14T18:47:45Z;1492;;1492
2024-12-14T18:47:46Z;2204;;2204
2024-12-14T18:47:47Z;1488;;1488
2024-12-14T18:47:49Z;2205;;2205
2024-12-14T18:47:50Z;1495;;1495
2024-12-14T18:47:52Z;2170;;2170
2024-12-14T18:47:53Z;1812;;1812
2024-12-14T18:47:54Z;1491;;1491
2024-12-14T18:47:55Z;2200;;2200
2024-12-14T18:47:57Z;1487;;1487
2024-12-14T18:47:58Z;1849;;1849
2024-12-14T18:47:59Z;2202;;2202
2024-12-14T18:48:01Z;1485;;1485
2024-12-14T18:48:02Z;2155;;2155
2024-12-14T18:48:03Z;1424;;1424
2024-12-14T18:48:05Z;2139;;2139
2024-12-14T18:48:06Z;1425;;1425
2024-12-14T18:48:08Z;2124;;2124
2024-12-14T18:48:09Z;1774;;1774
2024-12-14T18:48:10Z;1413;;1413
2024-12-14T18:48:12Z;2121;;2121
2024-12-14T18:48:13Z;1407;;1407
2024-12-14T18:48:14Z;1771;;1771
2024-12-14T18:48:15Z;2125;;2125
2024-12-14T18:48:17Z;1405;;1405
2024-12-14T18:48:18Z;2124;;2124
2024-12-14T18:48:19Z;1405;;1405
2024-12-14T18:48:21Z;2122;;2122
2024-12-14T18:48:22Z;1415;;1415
2024-12-14T18:48:24Z;2113;;2113
2024-12-14T18:48:25Z;1758;;1758
2024-12-14T18:48:26Z;1404;;1404
2024-12-14T18:48:28Z;2114;;2114
2024-12-14T18:48:29Z;1408;;1408
2024-12-14T18:48:30Z;1773;;1773
2024-12-14T18:48:31Z;2126;;2126
2024-12-14T18:48:33Z;1406;;1406
2024-12-14T18:48:34Z;2121;;2121
2024-12-14T18:48:50Z;1759;;1759
2024-12-14T18:48:51Z;1405;;1405
2024-12-14T18:48:53Z;2118;;2118
2024-12-14T18:48:54Z;1401;;1401
2024-12-14T18:48:55Z;1762;;1762
2024-12-14T18:48:56Z;2123;;2123
2024-12-14T18:48:57Z;1405;;1405
2024-12-14T18:48:59Z;2120;;2120
2024-12-14T18:49:00Z;2122;;2122
2024-12-14T18:49:01Z;1414;;1414
2024-12-14T18:49:02Z;2121;;2121
2024-12-14T18:49:03Z;1759;;1759
2024-12-14T18:49:05Z;1401;;1401
2024-12-14T18:49:06Z;2116;;2116
2024-12-14T18:49:07Z;1403;;1403
2024-12-14T18:49:08Z;1769;;1769
2024-12-14T18:49:09Z;1397;;1397
2024-12-14T18:49:11Z;1754;;1754
2024-12-14T18:49:12Z;2206;;2206
2024-12-14T18:49:13Z;1881;;1881
2024-12-14T18:49:14Z;2436;;2436
2024-12-14T18:49:15Z;2110;;2110
2024-12-14T18:49:17Z;2557;;2557
2024-12-14T18:49:18Z;2190;;2190
2024-12-14T18:49:19Z;2560;;2560
2024-12-14T18:49:26Z;2178;;2178
2024-12-14T18:49:27Z;2531;;2531
2024-12-14T18:49:28Z;2176;;2176
2024-12-14T18:49:30Z;2577;;2577
2024-12-14T18:49:31Z;2192;;2192
2024-12-14T18:49:32Z;2587;;2587
2024-12-14T18:49:33Z;2197;;2197
2024-12-14T18:49:34Z;2575;;2575
2024-12-14T18:49:36Z;2204;;2204
2024-12-14T18:49:37Z;2562;;2562
2024-12-14T18:49:38Z;2189;;2189
2024-12-14T18:49:39Z;2550;;2550
2024-12-14T18:49:40Z;2194;;2194
2024-12-14T18:49:42Z;2574;;2574
2024-12-14T18:49:43Z;2187;;2187
2024-12-14T18:49:44Z;2572;;2572
2024-12-14T18:49:45Z;2198;;2198
2024-12-14T18:49:46Z;2570;;2570
2024-12-14T18:49:48Z;2203;;2203
2024-12-14T18:49:49Z;2584;;2584
2024-12-14T18:49:50Z;2186;;2186
2024-12-14T18:49:51Z;2553;;2553
2024-12-14T18:49:52Z;2189;;2189
2024-12-14T18:50:07Z;2568;;2568
2024-12-14T18:50:08Z;2199;;2199
2024-12-14T18:50:10Z;2584;;2584
2024-12-14T18:50:11Z;2194;;2194
2024-12-14T18:50:13Z;2586;;2586
2024-12-14T18:50:14Z;2198;;2198
2024-12-14T18:50:16Z;2585;;2585
2024-12-14T18:50:17Z;2215;;2215
2024-12-14T18:50:19Z;2596;;2596
2024-12-14T18:50:21Z;2192;;2192
2024-12-14T18:50:22Z;2569;;2569
2024-12-14T18:50:24Z;2066;;2066
2024-12-14T18:50:25Z;2165;;2165
2024-12-14T18:50:26Z;2543;;2543
2024-12-14T18:50:28Z;2171;;2171
2024-12-14T18:50:29Z;2544;;2544
2024-12-14T18:50:30Z;2182;;2182
2024-12-14T18:50:32Z;2554;;2554
2024-12-14T18:50:33Z;2179;;2179
2024-12-14T18:50:35Z;2556;;2556
2024-12-14T18:50:37Z;2179;;2179
2024-12-14T18:50:38Z;2542;;2542
2024-12-14T18:50:40Z;2167;;2167
2024-12-14T18:50:42Z;2570;;2570
2024-12-14T18:50:43Z;2178;;2178
2024-12-14T18:50:45Z;2558;;2558
2024-12-14T18:50:46Z;2176;;2176
2024-12-14T18:50:48Z;2561;;2561
2024-12-14T18:50:49Z;2216;;2216
2024-12-14T18:50:51Z;2563;;2563
2024-12-14T18:50:53Z;2184;;2184
2024-12-14T18:50:54Z;2550;;2550
2024-12-14T18:50:56Z;2188;;2188
2024-12-14T18:50:58Z;2561;;2561
2024-12-14T18:50:59Z;2181;;2181
2024-12-14T18:51:01Z;2570;;2570
2024-12-14T18:51:02Z;2185;;2185
2024-12-14T18:51:04Z;2574;;2574
2024-12-14T18:51:05Z;2194;;2194
2024-12-14T18:51:07Z;2555;;2555
2024-12-14T18:51:09Z;2195;;2195
2024-12-14T18:51:10Z;2560;;2560
2024-12-14T18:51:25Z;2190;;2190
2024-12-14T18:51:26Z;2229;;2229
2024-12-14T18:51:28Z;2226;;2226
2024-12-14T18:51:30Z;2621;;2621
2024-12-14T18:51:31Z;2227;;2227
2024-12-14T18:51:33Z;2618;;2618
2024-12-14T18:51:34Z;2238;;2238
2024-12-14T18:51:35Z;1202;;1202
2024-12-14T18:51:37Z;1595;;1595
2024-12-14T18:51:38Z;1204;;1204
2024-12-14T18:51:39Z;1602;;1602
2024-12-14T18:51:41Z;1193;;1193
2024-12-14T18:51:42Z;1594;;1594
2024-12-14T18:51:44Z;1205;;1205
2024-12-14T18:51:46Z;1604;;1604
2024-12-14T18:51:47Z;1202;;1202
2024-12-14T18:51:49Z;1596;;1596
2024-12-14T18:51:50Z;1194;;1194
2024-12-14T18:51:52Z;1595;;1595
2024-12-14T18:51:53Z;1195;;1195
2024-12-14T18:51:55Z;1592;;1592
2024-12-14T18:51:57Z;1202;;1202
2024-12-14T18:51:58Z;1597;;1597
2024-12-14T18:52:00Z;1188;;1188
2024-12-14T18:52:02Z;1604;;1604
2024-12-14T18:52:03Z;1205;;1205
2024-12-14T18:52:05Z;1592;;1592
2024-12-14T18:52:06Z;1205;;1205
2024-12-14T18:52:08Z;1611;;1611
2024-12-14T18:52:09Z;1207;;1207
2024-12-14T18:52:11Z;1599;;1599
2024-12-14T18:52:13Z;1201;;1201
2024-12-14T18:52:14Z;1593;;1593
2024-12-14T18:52:16Z;1208;;1208
2024-12-14T18:52:18Z;1589;;1589
2024-12-14T18:52:19Z;1199;;1199
2024-12-14T18:52:21Z;1608;;1608
2024-12-14T18:52:22Z;1206;;1206
2024-12-14T18:52:24Z;1605;;1605
2024-12-14T18:52:25Z;1207;;1207
2024-12-14T18:52:27Z;1590;;1590
2024-12-14T18:52:29Z;1204;;1204
2024-12-14T18:52:44Z;1601;;1601
2024-12-14T18:52:45Z;1154;;1154
2024-12-14T18:52:47Z;1567;;1567
2024-12-14T18:52:48Z;1176;;1176
2024-12-14T18:52:49Z;1243;;1243
2024-12-14T18:52:50Z;1600;;1600
2024-12-14T18:52:52Z;1189;;1189
2024-12-14T18:52:53Z;1597;;1597
2024-12-14T18:52:54Z;1194;;1194
2024-12-14T18:52:56Z;1599;;1599
2024-12-14T18:52:57Z;1201;;1201
2024-12-14T18:52:59Z;1588;;1588
2024-12-14T18:53:01Z;1197;;1197
2024-12-14T18:53:02Z;1592;;1592
2024-12-14T18:53:04Z;1196;;1196
2024-12-14T18:53:06Z;1612;;1612
2024-12-14T18:53:07Z;1185;;1185
2024-12-14T18:53:09Z;1596;;1596
2024-12-14T18:53:10Z;1199;;1199
2024-12-14T18:53:12Z;1600;;1600
2024-12-14T18:53:13Z;1204;;1204
2024-12-14T18:53:15Z;1596;;1596
2024-12-14T18:53:17Z;1199;;1199
2024-12-14T18:53:18Z;1592;;1592
2024-12-14T18:53:20Z;1206;;1206
2024-12-14T18:53:22Z;1598;;1598
2024-12-14T18:53:23Z;1192;;1192
2024-12-14T18:53:25Z;1599;;1599
2024-12-14T18:53:26Z;352;;352
2024-12-14T18:53:28Z;773;;773
2024-12-14T18:53:29Z;361;;361
2024-12-14T18:53:31Z;758;;758
2024-12-14T18:53:33Z;347;;347
2024-12-14T18:53:34Z;755;;755
2024-12-14T18:53:36Z;351;;351
2024-12-14T18:53:38Z;763;;763
2024-12-14T18:53:39Z;348;;348
2024-12-14T18:53:41Z;758;;758
2024-12-14T18:53:42Z;350;;350
2024-12-14T18:53:44Z;763;;763
2024-12-14T18:53:45Z;351;;351
2024-12-14T18:53:47Z;763;;763
2024-12-14T18:54:02Z;343;;343
2024-12-14T18:54:03Z;761;;761
2024-12-14T18:54:05Z;349;;349
2024-12-14T18:54:06Z;754;;754
2024-12-14T18:54:08Z;349;;349
2024-12-14T18:54:10Z;765;;765
2024-12-14T18:54:11Z;351;;351
2024-12-14T18:54:13Z;756;;756
2024-12-14T18:54:14Z;347;;347
2024-12-14T18:54:16Z;763;;763
2024-12-14T18:54:17Z;355;;355
2024-12-14T18:54:19Z;753;;753
2024-12-14T18:54:20Z;593;;593
2024-12-14T18:54:22Z;756;;756
2024-12-14T18:54:24Z;346;;346
2024-12-14T18:54:26Z;761;;761
2024-12-14T18:54:27Z;347;;347
2024-12-14T18:54:29Z;760;;760
2024-12-14T18:54:30Z;352;;352
2024-12-14T18:54:32Z;762;;762
2024-12-14T18:54:33Z;350;;350
2024-12-14T18:54:35Z;767;;767
2024-12-14T18:54:36Z;576;;576
2024-12-14T18:54:38Z;766;;766
2024-12-14T18:54:40Z;345;;345
2024-12-14T18:54:42Z;762;;762
2024-12-14T18:54:43Z;353;;353
2024-12-14T18:54:45Z;761;;761
2024-12-14T18:54:46Z;350;;350
2024-12-14T18:54:48Z;760;;760
2024-12-14T18:54:49Z;354;;354
2024-12-14T18:54:51Z;758;;758
2024-12-14T18:54:52Z;565;;565
2024-12-14T18:54:54Z;765;;765
2024-12-14T18:54:56Z;348;;348
2024-12-14T18:54:58Z;760;;760
2024-12-14T18:54:59Z;352;;352
2024-12-14T18:55:01Z;762;;762
2024-12-14T18:55:02Z;354;;354
2024-12-14T18:55:04Z;762;;762
2024-12-14T18:55:05Z;350;;350
2024-12-14T18:55:21Z;760;;760
2024-12-14T18:55:23Z;766;;766
2024-12-14T18:55:24Z;520;;520
2024-12-14T18:55:26Z;761;;761
2024-12-14T18:55:28Z;352;;352
2024-12-14T18:55:30Z;762;;762
2024-12-14T18:55:31Z;354;;354
2024-12-14T18:55:33Z;760;;760
2024-12-14T18:55:34Z;347;;347
2024-12-14T18:55:36Z;762;;762
2024-12-14T18:55:37Z;354;;354
2024-12-14T18:55:39Z;757;;757
2024-12-14T18:55:40Z;507;;507
2024-12-14T18:55:42Z;764;;764
2024-12-14T18:55:44Z;350;;350
2024-12-14T18:55:45Z;601;;601
2024-12-14T18:55:47Z;346;;346
2024-12-14T18:55:49Z;757;;757
2024-12-14T18:55:50Z;349;;349
2024-12-14T18:55:52Z;759;;759
2024-12-14T18:55:53Z;348;;348
2024-12-14T18:55:55Z;755;;755
2024-12-14T18:55:56Z;486;;486
2024-12-14T18:55:58Z;753;;753
2024-12-14T18:56:00Z;346;;346
2024-12-14T18:56:01Z;625;;625
2024-12-14T18:56:03Z;349;;349
2024-12-14T18:56:05Z;765;;765
2024-12-14T18:56:06Z;350;;350
2024-12-14T18:56:08Z;761;;761
2024-12-14T18:56:09Z;357;;357
2024-12-14T18:56:10Z;759;;759
2024-12-14T18:56:12Z;473;;473
2024-12-14T18:56:14Z;767;;767
2024-12-14T18:56:16Z;354;;354
2024-12-14T18:56:17Z;631;;631
2024-12-14T18:56:19Z;346;;346
2024-12-14T18:56:21Z;760;;760
2024-12-14T18:56:22Z;350;;350
2024-12-14T18:56:24Z;764;;764
2024-12-14T18:56:39Z;354;;354
2024-12-14T18:56:40Z;756;;756
2024-12-14T18:56:41Z;354;;354
2024-12-14T18:56:43Z;760;;760
2024-12-14T18:56:44Z;446;;446
2024-12-14T18:56:46Z;756;;756
2024-12-14T18:56:48Z;346;;346
2024-12-14T18:56:49Z;655;;655
2024-12-14T18:56:51Z;348;;348
2024-12-14T18:56:53Z;751;;751
2024-12-14T18:56:54Z;344;;344
2024-12-14T18:56:56Z;762;;762
2024-12-14T18:56:57Z;356;;356
2024-12-14T18:56:59Z;767;;767
2024-12-14T18:57:00Z;344;;344
2024-12-14T18:57:02Z;762;;762
2024-12-14T18:57:04Z;351;;351
2024-12-14T18:57:05Z;660;;660
2024-12-14T18:57:07Z;352;;352
2024-12-14T18:57:09Z;756;;756
2024-12-14T18:57:10Z;345;;345
2024-12-14T18:57:12Z;760;;760
2024-12-14T18:57:13Z;350;;350
2024-12-14T18:57:15Z;756;;756
2024-12-14T18:57:16Z;437;;437
2024-12-14T18:57:18Z;750;;750
2024-12-14T18:57:20Z;347;;347
2024-12-14T18:57:21Z;674;;674
2024-12-14T18:57:23Z;358;;358
2024-12-14T18:57:25Z;767;;767
2024-12-14T18:57:26Z;352;;352
2024-12-14T18:57:28Z;767;;767
2024-12-14T18:57:29Z;359;;359
2024-12-14T18:57:31Z;766;;766
2024-12-14T18:57:32Z;434;;434
2024-12-14T18:57:34Z;758;;758
2024-12-14T18:57:36Z;356;;356
2024-12-14T18:57:37Z;687;;687
2024-12-14T18:57:39Z;354;;354
2024-12-14T18:57:41Z;767;;767
2024-12-14T18:57:42Z;355;;355
2024-12-14T18:57:58Z;765;;765
2024-12-14T18:58:00Z;757;;757
2024-12-14T18:58:01Z;353;;353
2024-12-14T18:58:03Z;766;;766
2024-12-14T18:58:04Z;438;;438
2024-12-14T18:58:06Z;759;;759
2024-12-14T18:58:08Z;347;;347
2024-12-14T18:58:09Z;671;;671
2024-12-14T18:58:11Z;350;;350
2024-12-14T18:58:13Z;759;;759
2024-12-14T18:58:14Z;350;;350
2024-12-14T18:58:19Z;763;;763
2024-12-14T18:58:20Z;435;;435
2024-12-14T18:58:22Z;758;;758
2024-12-14T18:58:24Z;350;;350
2024-12-14T18:58:25Z;664;;664
2024-12-14T18:58:27Z;349;;349
2024-12-14T18:58:29Z;766;;766
2024-12-14T18:58:30Z;350;;350
2024-12-14T18:58:32Z;758;;758
2024-12-14T18:58:33Z;351;;351
2024-12-14T18:58:35Z;761;;761
2024-12-14T18:58:36Z;452;;452
2024-12-14T18:58:38Z;761;;761
2024-12-14T18:58:40Z;348;;348
2024-12-14T18:58:41Z;642;;642
2024-12-14T18:58:43Z;353;;353
2024-12-14T18:58:45Z;763;;763
2024-12-14T18:58:46Z;345;;345
2024-12-14T18:58:48Z;763;;763
2024-12-14T18:58:49Z;351;;351
2024-12-14T18:58:51Z;775;;775
2024-12-14T18:58:52Z;472;;472
2024-12-14T18:58:54Z;757;;757
2024-12-14T18:58:56Z;354;;354
2024-12-14T18:58:57Z;632;;632
2024-12-14T18:58:59Z;346;;346
2024-12-14T18:59:01Z;764;;764
2024-12-14T18:59:16Z;350;;350
2024-12-14T18:59:17Z;764;;764
2024-12-14T18:59:18Z;347;;347
2024-12-14T18:59:20Z;761;;761
2024-12-14T18:59:21Z;354;;354
2024-12-14T18:59:23Z;758;;758
2024-12-14T18:59:24Z;481;;481
2024-12-14T18:59:26Z;757;;757
2024-12-14T18:59:28Z;348;;348
2024-12-14T18:59:29Z;624;;624
2024-12-14T18:59:31Z;346;;346
2024-12-14T18:59:33Z;761;;761
2024-12-14T18:59:34Z;348;;348
2024-12-14T18:59:36Z;761;;761
2024-12-14T18:59:37Z;351;;351
2024-12-14T18:59:39Z;755;;755
2024-12-14T18:59:40Z;473;;473
2024-12-14T18:59:42Z;755;;755
2024-12-14T18:59:44Z;348;;348
2024-12-14T18:59:45Z;620;;620
2024-12-14T18:59:47Z;342;;342
2024-12-14T18:59:49Z;754;;754
2024-12-14T18:59:50Z;346;;346
2024-12-14T18:59:52Z;751;;751
2024-12-14T18:59:53Z;344;;344
2024-12-14T18:59:55Z;758;;758
2024-12-14T18:59:56Z;482;;482
2024-12-14T18:59:58Z;757;;757
2024-12-14T19:00:00Z;351;;351
2024-12-14T19:00:01Z;622;;622
2024-12-14T19:00:03Z;355;;355
2024-12-14T19:00:05Z;763;;763
2024-12-14T19:00:06Z;352;;352
2024-12-14T19:00:08Z;766;;766
2024-12-14T19:00:09Z;358;;358
2024-12-14T19:00:11Z;759;;759
2024-12-14T19:00:12Z;484;;484
2024-12-14T19:00:14Z;753;;753
2024-12-14T19:00:16Z;358;;358
2024-12-14T19:00:17Z;621;;621
2024-12-14T19:00:19Z;351;;351
2024-12-14T19:00:35Z;;0;351
2024-12-14T19:00:38Z;350;;350
2024-12-14T19:00:40Z;350;;350
2024-12-14T19:00:41Z;767;;767
2024-12-14T19:00:42Z;501;;501
2024-12-14T19:00:43Z;755;;755
2024-12-14T19:00:44Z;758;;758
2024-12-14T19:00:46Z;349;;349
2024-12-14T19:00:47Z;760;;760
2024-12-14T19:00:48Z;355;;355
2024-12-14T19:00:49Z;759;;759
2024-12-14T19:00:50Z;518;;518
2024-12-14T19:00:52Z;753;;753
2024-12-14T19:00:53Z;348;;348
2024-12-14T19:00:54Z;764;;764
2024-12-14T19:00:55Z;348;;348
2024-12-14T19:00:56Z;760;;760
2024-12-14T19:00:58Z;352;;352
2024-12-14T19:00:59Z;766;;766
2024-12-14T19:01:00Z;517;;517
2024-12-14T19:01:02Z;757;;757
2024-12-14T19:01:04Z;348;;348
2024-12-14T19:01:06Z;755;;755
2024-12-14T19:01:07Z;343;;343
2024-12-14T19:01:09Z;764;;764
2024-12-14T19:01:10Z;345;;345
2024-12-14T19:01:12Z;755;;755
2024-12-14T19:01:13Z;349;;349
2024-12-14T19:01:15Z;762;;762
2024-12-14T19:01:16Z;535;;535
2024-12-14T19:01:18Z;753;;753
2024-12-14T19:01:20Z;346;;346
2024-12-14T19:01:22Z;759;;759
2024-12-14T19:01:23Z;347;;347
2024-12-14T19:01:25Z;770;;770
2024-12-14T19:01:26Z;347;;347
2024-12-14T19:01:28Z;757;;757
2024-12-14T19:01:29Z;350;;350
2024-12-14T19:01:31Z;761;;761
2024-12-14T19:01:32Z;566;;566
2024-12-14T19:01:34Z;759;;759
2024-12-14T19:01:36Z;343;;343
2024-12-14T19:01:38Z;760;;760
2024-12-14T19:01:53Z;455;;455
2024-12-14T19:01:54Z;707;;707
2024-12-14T19:01:56Z;294;;294
2024-12-14T19:01:57Z;713;;713
2024-12-14T19:01:58Z;300;;300
2024-12-14T19:02:00Z;708;;708
2024-12-14T19:02:01Z;297;;297
2024-12-14T19:02:03Z;712;;712
2024-12-14T19:02:04Z;562;;562
2024-12-14T19:02:05Z;296;;296
2024-12-14T19:02:07Z;705;;705
2024-12-14T19:02:08Z;297;;297
2024-12-14T19:02:09Z;429;;429
2024-12-14T19:02:10Z;710;;710
2024-12-14T19:02:12Z;299;;299
2024-12-14T19:02:13Z;709;;709
2024-12-14T19:02:14Z;295;;295
2024-12-14T19:02:16Z;713;;713
2024-12-14T19:02:17Z;301;;301
2024-12-14T19:02:19Z;712;;712
2024-12-14T19:02:20Z;587;;587
2024-12-14T19:02:22Z;714;;714
2024-12-14T19:02:24Z;299;;299
2024-12-14T19:02:25Z;410;;410
2024-12-14T19:02:26Z;714;;714
2024-12-14T19:02:28Z;295;;295
2024-12-14T19:02:29Z;714;;714
2024-12-14T19:02:30Z;302;;302
2024-12-14T19:02:32Z;714;;714
2024-12-14T19:02:33Z;303;;303
2024-12-14T19:02:35Z;710;;710
2024-12-14T19:02:37Z;302;;302
2024-12-14T19:02:38Z;711;;711
2024-12-14T19:02:40Z;297;;297
2024-12-14T19:02:41Z;401;;401
2024-12-14T19:02:42Z;714;;714
2024-12-14T19:02:44Z;296;;296
2024-12-14T19:02:45Z;713;;713
2024-12-14T19:02:46Z;304;;304
2024-12-14T19:02:48Z;709;;709
2024-12-14T19:02:49Z;305;;305
2024-12-14T19:02:51Z;712;;712
2024-12-14T19:02:53Z;298;;298
2024-12-14T19:02:54Z;710;;710
2024-12-14T19:02:56Z;301;;301
2024-12-14T19:03:12Z;709;;709
2024-12-14T19:03:13Z;349;;349
2024-12-14T19:03:14Z;711;;711
2024-12-14T19:03:16Z;299;;299
2024-12-14T19:03:17Z;709;;709
2024-12-14T19:03:18Z;298;;298
2024-12-14T19:03:20Z;702;;702
2024-12-14T19:03:21Z;299;;299
2024-12-14T19:03:23Z;711;;711
2024-12-14T19:03:25Z;293;;293
2024-12-14T19:03:26Z;703;;703
2024-12-14T19:03:28Z;296;;296
2024-12-14T19:03:30Z;712;;712
2024-12-14T19:03:31Z;295;;295
2024-12-14T19:03:33Z;704;;704
2024-12-14T19:03:34Z;295;;295
2024-12-14T19:03:36Z;708;;708
2024-12-14T19:03:37Z;303;;303
2024-12-14T19:03:39Z;707;;707
2024-12-14T19:03:41Z;285;;285
2024-12-14T19:03:42Z;695;;695
2024-12-14T19:03:44Z;285;;285
2024-12-14T19:03:46Z;696;;696
2024-12-14T19:03:47Z;287;;287
2024-12-14T19:03:49Z;701;;701
2024-12-14T19:03:50Z;286;;286
2024-12-14T19:03:52Z;707;;707
2024-12-14T19:03:53Z;289;;289
2024-12-14T19:03:55Z;696;;696
2024-12-14T19:03:57Z;287;;287
2024-12-14T19:03:58Z;694;;694
2024-12-14T19:04:00Z;290;;290
2024-12-14T19:04:02Z;708;;708
2024-12-14T19:04:03Z;295;;295
2024-12-14T19:04:05Z;702;;702
2024-12-14T19:04:06Z;290;;290
2024-12-14T19:04:08Z;702;;702
2024-12-14T19:04:09Z;296;;296
2024-12-14T19:04:11Z;704;;704
2024-12-14T19:04:13Z;290;;290
2024-12-14T19:04:14Z;695;;695
2024-12-14T19:04:16Z;291;;291
2024-12-14T19:04:30Z;694;;694
2024-12-14T19:04:32Z;287;;287
2024-12-14T19:04:34Z;706;;706
2024-12-14T19:04:35Z;293;;293
2024-12-14T19:04:37Z;701;;701
2024-12-14T19:04:38Z;294;;294
2024-12-14T19:04:40Z;699;;699
2024-12-14T19:04:41Z;298;;298
2024-12-14T19:04:43Z;707;;707
2024-12-14T19:04:45Z;296;;296
2024-12-14T19:04:46Z;703;;703
2024-12-14T19:04:48Z;291;;291
2024-12-14T19:04:50Z;712;;712
2024-12-14T19:04:51Z;295;;295
2024-12-14T19:04:53Z;708;;708
2024-12-14T19:04:54Z;299;;299
2024-12-14T19:04:56Z;709;;709
2024-12-14T19:04:57Z;306;;306
2024-12-14T19:04:59Z;712;;712
2024-12-14T19:05:01Z;294;;294
2024-12-14T19:05:02Z;703;;703
2024-12-14T19:05:04Z;292;;292
2024-12-14T19:05:06Z;712;;712
2024-12-14T19:05:07Z;296;;296
2024-12-14T19:05:09Z;710;;710
2024-12-14T19:05:10Z;297;;297
2024-12-14T19:05:12Z;705;;705
2024-12-14T19:05:13Z;301;;301
2024-12-14T19:05:15Z;708;;708
2024-12-14T19:05:17Z;298;;298
2024-12-14T19:05:18Z;696;;696
2024-12-14T19:05:20Z;294;;294
2024-12-14T19:05:22Z;711;;711
2024-12-14T19:05:23Z;296;;296
2024-12-14T19:05:25Z;707;;707
2024-12-14T19:05:26Z;294;;294
2024-12-14T19:05:28Z;710;;710
2024-12-14T19:05:29Z;310;;310
2024-12-14T19:05:31Z;709;;709
2024-12-14T19:05:33Z;295;;295
2024-12-14T19:05:34Z;688;;688
2024-12-14T19:05:49Z;293;;293
2024-12-14T19:05:50Z;690;;690
2024-12-14T19:05:52Z;292;;292
2024-12-14T19:05:54Z;707;;707
2024-12-14T19:05:55Z;293;;293
2024-12-14T19:05:57Z;708;;708
2024-12-14T19:05:58Z;295;;295
2024-12-14T19:06:00Z;706;;706
2024-12-14T19:06:01Z;322;;322
2024-12-14T19:06:03Z;702;;702
2024-12-14T19:06:05Z;295;;295
2024-12-14T19:06:06Z;670;;670
2024-12-14T19:06:08Z;286;;286
2024-12-14T19:06:10Z;699;;699
2024-12-14T19:06:11Z;290;;290
2024-12-14T19:06:13Z;696;;696
2024-12-14T19:06:14Z;293;;293
2024-12-14T19:06:16Z;701;;701
2024-12-14T19:06:17Z;307;;307
2024-12-14T19:06:19Z;677;;677
2024-12-14T19:06:21Z;275;;275
2024-12-14T19:06:22Z;652;;652
2024-12-14T19:06:24Z;276;;276
2024-12-14T19:06:26Z;683;;683
2024-12-14T19:06:27Z;275;;275
2024-12-14T19:06:29Z;683;;683
2024-12-14T19:06:30Z;279;;279
2024-12-14T19:06:32Z;680;;680
2024-12-14T19:06:33Z;310;;310
2024-12-14T19:06:35Z;683;;683
2024-12-14T19:06:37Z;274;;274
2024-12-14T19:06:38Z;649;;649
2024-12-14T19:06:40Z;272;;272
2024-12-14T19:06:42Z;684;;684
2024-12-14T19:06:43Z;279;;279
2024-12-14T19:06:45Z;679;;679
2024-12-14T19:06:46Z;277;;277
2024-12-14T19:06:48Z;689;;689
2024-12-14T19:06:49Z;314;;314
2024-12-14T19:06:51Z;687;;687
2024-12-14T19:06:52Z;274;;274
2024-12-14T19:07:07Z;643;;643
2024-12-14T19:07:08Z;687;;687
2024-12-14T19:07:09Z;277;;277
2024-12-14T19:07:10Z;646;;646
2024-12-14T19:07:12Z;279;;279
2024-12-14T19:07:14Z;687;;687
2024-12-14T19:07:15Z;275;;275
2024-12-14T19:07:17Z;686;;686
2024-12-14T19:07:18Z;274;;274
2024-12-14T19:07:20Z;690;;690
2024-12-14T19:07:21Z;313;;313
2024-12-14T19:07:23Z;689;;689
2024-12-14T19:07:25Z;278;;278
2024-12-14T19:07:26Z;652;;652
2024-12-14T19:07:28Z;276;;276
2024-12-14T19:07:30Z;693;;693
2024-12-14T19:07:31Z;280;;280
2024-12-14T19:07:33Z;686;;686
2024-12-14T19:07:34Z;282;;282
2024-12-14T19:07:36Z;717;;717
2024-12-14T19:07:37Z;343;;343
2024-12-14T19:07:39Z;713;;713
2024-12-14T19:07:41Z;309;;309
2024-12-14T19:07:42Z;686;;686
2024-12-14T19:07:44Z;299;;299
2024-12-14T19:07:46Z;714;;714
2024-12-14T19:07:47Z;301;;301
2024-12-14T19:07:49Z;716;;716
2024-12-14T19:07:50Z;304;;304
2024-12-14T19:07:52Z;712;;712
2024-12-14T19:07:53Z;333;;333
2024-12-14T19:07:55Z;715;;715
2024-12-14T19:07:57Z;306;;306
2024-12-14T19:07:58Z;695;;695
2024-12-14T19:08:00Z;306;;306
2024-12-14T19:08:02Z;722;;722
2024-12-14T19:08:03Z;313;;313
2024-12-14T19:08:05Z;723;;723
2024-12-14T19:08:06Z;310;;310
2024-12-14T19:08:08Z;716;;716
2024-12-14T19:08:09Z;336;;336
2024-12-14T19:08:11Z;717;;717
2024-12-14T19:08:26Z;305;;305
2024-12-14T19:08:27Z;713;;713
2024-12-14T19:08:29Z;309;;309
2024-12-14T19:08:30Z;689;;689
2024-12-14T19:08:32Z;301;;301
2024-12-14T19:08:34Z;713;;713
2024-12-14T19:08:35Z;275;;275
2024-12-14T19:08:37Z;693;;693
2024-12-14T19:08:38Z;280;;280
2024-12-14T19:08:40Z;691;;691
2024-12-14T19:08:41Z;273;;273
2024-12-14T19:08:43Z;687;;687
2024-12-14T19:08:45Z;277;;277
2024-12-14T19:08:46Z;654;;654
2024-12-14T19:08:48Z;278;;278
2024-12-14T19:08:50Z;682;;682
2024-12-14T19:08:51Z;277;;277
2024-12-14T19:08:53Z;689;;689
2024-12-14T19:08:54Z;273;;273
2024-12-14T19:08:56Z;694;;694
2024-12-14T19:08:57Z;305;;305
2024-12-14T19:08:59Z;690;;690
2024-12-14T19:09:01Z;279;;279
2024-12-14T19:09:02Z;663;;663
2024-12-14T19:09:04Z;276;;276
2024-12-14T19:09:06Z;686;;686
2024-12-14T19:09:07Z;274;;274
2024-12-14T19:09:09Z;691;;691
2024-12-14T19:09:10Z;279;;279
2024-12-14T19:09:12Z;693;;693
2024-12-14T19:09:13Z;302;;302
2024-12-14T19:09:15Z;683;;683
2024-12-14T19:09:17Z;277;;277
2024-12-14T19:09:18Z;660;;660
2024-12-14T19:09:20Z;274;;274
2024-12-14T19:09:22Z;688;;688
2024-12-14T19:09:23Z;271;;271
2024-12-14T19:09:25Z;691;;691
2024-12-14T19:09:26Z;276;;276
2024-12-14T19:09:28Z;688;;688
2024-12-14T19:09:29Z;304;;304
2024-12-14T19:09:44Z;683;;683
2024-12-14T19:09:45Z;688;;688
2024-12-14T19:09:47Z;684;;684
2024-12-14T19:09:49Z;276;;276
2024-12-14T19:09:50Z;670;;670
2024-12-14T19:09:52Z;274;;274
2024-12-14T19:09:54Z;687;;687
2024-12-14T19:09:55Z;275;;275
2024-12-14T19:09:57Z;684;;684
2024-12-14T19:09:58Z;280;;280
2024-12-14T19:10:00Z;688;;688
2024-12-14T19:10:01Z;301;;301
2024-12-14T19:10:03Z;687;;687
2024-12-14T19:10:05Z;272;;272
2024-12-14T19:10:06Z;660;;660
2024-12-14T19:10:08Z;279;;279
2024-12-14T19:10:10Z;686;;686
2024-12-14T19:10:11Z;275;;275
2024-12-14T19:10:13Z;685;;685
2024-12-14T19:10:14Z;274;;274
2024-12-14T19:10:16Z;686;;686
2024-12-14T19:10:17Z;309;;309
2024-12-14T19:10:19Z;682;;682
2024-12-14T19:10:21Z;275;;275
2024-12-14T19:10:22Z;665;;665
2024-12-14T19:10:24Z;280;;280
2024-12-14T19:10:26Z;684;;684
2024-12-14T19:10:27Z;289;;289
2024-12-14T19:10:29Z;711;;711
2024-12-14T19:10:30Z;303;;303
2024-12-14T19:10:32Z;764;;764
2024-12-14T19:10:33Z;378;;378
2024-12-14T19:10:35Z;726;;726
2024-12-14T19:10:37Z;341;;341
2024-12-14T19:10:38Z;730;;730
2024-12-14T19:10:40Z;358;;358
2024-12-14T19:10:42Z;774;;774
2024-12-14T19:10:43Z;363;;363
2024-12-14T19:10:45Z;764;;764
2024-12-14T19:10:46Z;353;;353
2024-12-14T19:10:48Z;770;;770
2024-12-14T19:11:03Z;348;;348
2024-12-14T19:11:04Z;748;;748
2024-12-14T19:11:05Z;380;;380
2024-12-14T19:11:07Z;764;;764
2024-12-14T19:11:09Z;359;;359
2024-12-14T19:11:10Z;750;;750
2024-12-14T19:11:12Z;358;;358
2024-12-14T19:11:14Z;771;;771
2024-12-14T19:11:15Z;363;;363
2024-12-14T19:11:17Z;775;;775
2024-12-14T19:11:18Z;355;;355
2024-12-14T19:11:20Z;746;;746
2024-12-14T19:11:21Z;377;;377
2024-12-14T19:11:23Z;773;;773
2024-12-14T19:11:26Z;346;;346
2024-12-14T19:11:28Z;355;;355
2024-12-14T19:11:30Z;762;;762
2024-12-14T19:11:31Z;346;;346
2024-12-14T19:11:33Z;773;;773
2024-12-14T19:11:34Z;365;;365
2024-12-14T19:11:36Z;756;;756
2024-12-14T19:11:37Z;364;;364
2024-12-14T19:11:39Z;770;;770
2024-12-14T19:11:41Z;341;;341
2024-12-14T19:11:42Z;742;;742
2024-12-14T19:11:44Z;358;;358
2024-12-14T19:11:46Z;760;;760
2024-12-14T19:11:47Z;339;;339
2024-12-14T19:11:49Z;775;;775
2024-12-14T19:11:50Z;364;;364
2024-12-14T19:11:52Z;768;;768
2024-12-14T19:11:53Z;362;;362
2024-12-14T19:11:55Z;754;;754
2024-12-14T19:11:57Z;369;;369
2024-12-14T19:11:58Z;762;;762
2024-12-14T19:12:00Z;365;;365
2024-12-14T19:12:02Z;776;;776
2024-12-14T19:12:03Z;365;;365
2024-12-14T19:12:05Z;788;;788
2024-12-14T19:12:06Z;365;;365
2024-12-14T19:12:21Z;784;;784
2024-12-14T19:12:22Z;800;;800
2024-12-14T19:12:24Z;801;;801
2024-12-14T19:12:25Z;404;;404
2024-12-14T19:12:27Z;795;;795
2024-12-14T19:12:29Z;385;;385
2024-12-14T19:12:30Z;782;;782
2024-12-14T19:12:32Z;387;;387
2024-12-14T19:12:34Z;794;;794
2024-12-14T19:12:35Z;383;;383
2024-12-14T19:12:37Z;800;;800
2024-12-14T19:12:38Z;389;;389
2024-12-14T19:12:40Z;795;;795
2024-12-14T19:12:41Z;389;;389
2024-12-14T19:12:43Z;792;;792
2024-12-14T19:12:45Z;384;;384
2024-12-14T19:12:46Z;784;;784
2024-12-14T19:12:48Z;385;;385
2024-12-14T19:12:50Z;799;;799
2024-12-14T19:12:51Z;386;;386
2024-12-14T19:12:54Z;796;;796
2024-12-14T19:12:56Z;799;;799
2024-12-14T19:12:57Z;400;;400
2024-12-14T19:12:59Z;781;;781
2024-12-14T19:13:01Z;367;;367
2024-12-14T19:13:02Z;783;;783
2024-12-14T19:13:04Z;391;;391
2024-12-14T19:13:06Z;798;;798
2024-12-14T19:13:16Z;368;;368
2024-12-14T19:13:18Z;783;;783
2024-12-14T19:13:19Z;374;;374
2024-12-14T19:13:20Z;780;;780
2024-12-14T19:13:21Z;381;;381
2024-12-14T19:13:22Z;783;;783
2024-12-14T19:13:24Z;367;;367
2024-12-14T19:13:25Z;767;;767
2024-12-14T19:13:40Z;372;;372
2024-12-14T19:13:42Z;771;;771
2024-12-14T19:13:43Z;368;;368
2024-12-14T19:13:44Z;779;;779
2024-12-14T19:13:45Z;376;;376
2024-12-14T19:13:47Z;775;;775
2024-12-14T19:13:49Z;366;;366
2024-12-14T19:13:50Z;763;;763
2024-12-14T19:13:52Z;369;;369
2024-12-14T19:13:54Z;775;;775
2024-12-14T19:13:55Z;367;;367
2024-12-14T19:13:57Z;789;;789
2024-12-14T19:13:58Z;382;;382
2024-12-14T19:14:00Z;777;;777
2024-12-14T19:14:01Z;375;;375
2024-12-14T19:14:03Z;774;;774
2024-12-14T19:14:05Z;378;;378
2024-12-14T19:14:06Z;788;;788
2024-12-14T19:14:08Z;368;;368
2024-12-14T19:14:10Z;785;;785
2024-12-14T19:14:11Z;371;;371
2024-12-14T19:14:13Z;782;;782
2024-12-14T19:14:14Z;369;;369
2024-12-14T19:14:16Z;781;;781
2024-12-14T19:14:17Z;380;;380
2024-12-14T19:14:19Z;781;;781
2024-12-14T19:14:21Z;370;;370
2024-12-14T19:14:22Z;779;;779
2024-12-14T19:14:24Z;386;;386
2024-12-14T19:14:26Z;799;;799
2024-12-14T19:14:27Z;381;;381
2024-12-14T19:14:29Z;789;;789
2024-12-14T19:14:30Z;375;;375
2024-12-14T19:14:32Z;781;;781
2024-12-14T19:14:33Z;375;;375
2024-12-14T19:14:35Z;785;;785
2024-12-14T19:14:37Z;368;;368
2024-12-14T19:14:38Z;776;;776
2024-12-14T19:14:40Z;368;;368
2024-12-14T19:14:42Z;781;;781
2024-12-14T19:14:43Z;372;;372
2024-12-14T19:14:58Z;782;;782
2024-12-14T19:14:59Z;799;;799
2024-12-14T19:15:01Z;796;;796
2024-12-14T19:15:02Z;377;;377
2024-12-14T19:15:04Z;791;;791
2024-12-14T19:15:05Z;375;;375
2024-12-14T19:15:07Z;787;;787
2024-12-14T19:15:09Z;390;;390
2024-12-14T19:15:10Z;796;;796
2024-12-14T19:15:12Z;383;;383
2024-12-14T19:15:14Z;791;;791
2024-12-14T19:15:15Z;378;;378
2024-12-14T19:15:17Z;793;;793
2024-12-14T19:15:18Z;383;;383
2024-12-14T19:15:20Z;784;;784
2024-12-14T19:15:23Z;378;;378
2024-12-14T19:15:24Z;;0;378
2024-12-14T19:15:30Z;376;;376
2024-12-14T19:15:31Z;800;;800
2024-12-14T19:15:35Z;391;;391
2024-12-14T19:15:36Z;789;;789
2024-12-14T19:15:38Z;389;;389
2024-12-14T19:15:39Z;793;;793
2024-12-14T19:15:40Z;373;;373
2024-12-14T19:15:41Z;792;;792
2024-12-14T19:15:42Z;382;;382
2024-12-14T19:15:44Z;798;;798
2024-12-14T19:15:45Z;379;;379
2024-12-14T19:15:46Z;791;;791
2024-12-14T19:15:47Z;382;;382
2024-12-14T19:15:48Z;781;;781
2024-12-14T19:15:50Z;367;;367
2024-12-14T19:15:51Z;784;;784
2024-12-14T19:15:53Z;384;;384
2024-12-14T19:15:54Z;370;;370
2024-12-14T19:15:56Z;776;;776
2024-12-14T19:15:57Z;376;;376
2024-12-14T19:15:58Z;782;;782
2024-12-14T19:16:00Z;369;;369
2024-12-14T19:16:02Z;781;;781
2024-12-14T19:16:17Z;369;;369
2024-12-14T19:16:18Z;772;;772
2024-12-14T19:16:19Z;369;;369
2024-12-14T19:16:21Z;772;;772
2024-12-14T19:16:22Z;368;;368
2024-12-14T19:16:23Z;792;;792
2024-12-14T19:16:25Z;376;;376
2024-12-14T19:16:27Z;779;;779
2024-12-14T19:16:29Z;366;;366
2024-12-14T19:16:30Z;782;;782
2024-12-14T19:16:32Z;376;;376
2024-12-14T19:16:34Z;791;;791
2024-12-14T19:16:35Z;383;;383
2024-12-14T19:16:37Z;787;;787
2024-12-14T19:16:38Z;382;;382
2024-12-14T19:16:40Z;792;;792
2024-12-14T19:16:41Z;385;;385
2024-12-14T19:16:43Z;795;;795
2024-12-14T19:16:45Z;378;;378
2024-12-14T19:16:46Z;781;;781
2024-12-14T19:16:48Z;383;;383
2024-12-14T19:16:50Z;793;;793
2024-12-14T19:16:51Z;378;;378
2024-12-14T19:16:53Z;790;;790
2024-12-14T19:16:54Z;377;;377
2024-12-14T19:16:56Z;793;;793
2024-12-14T19:16:57Z;385;;385
2024-12-14T19:16:59Z;791;;791
2024-12-14T19:17:01Z;378;;378
2024-12-14T19:17:02Z;780;;780
2024-12-14T19:17:04Z;383;;383
2024-12-14T19:17:06Z;792;;792
2024-12-14T19:17:07Z;380;;380
2024-12-14T19:17:09Z;791;;791
2024-12-14T19:17:10Z;377;;377
2024-12-14T19:17:12Z;794;;794
2024-12-14T19:17:13Z;386;;386
2024-12-14T19:17:15Z;788;;788
2024-12-14T19:17:17Z;380;;380
2024-12-14T19:17:18Z;786;;786
2024-12-14T19:17:20Z;378;;378
2024-12-14T19:17:35Z;794;;794
2024-12-14T19:17:36Z;366;;366
2024-12-14T19:17:38Z;779;;779
2024-12-14T19:17:39Z;366;;366
2024-12-14T19:17:41Z;777;;777
2024-12-14T19:17:42Z;366;;366
2024-12-14T19:17:44Z;791;;791
2024-12-14T19:17:45Z;371;;371
2024-12-14T19:17:47Z;775;;775
2024-12-14T19:17:49Z;369;;369
2024-12-14T19:17:50Z;775;;775
2024-12-14T19:17:52Z;364;;364
2024-12-14T19:17:54Z;776;;776
2024-12-14T19:17:55Z;360;;360
2024-12-14T19:17:57Z;780;;780
2024-12-14T19:17:58Z;364;;364
2024-12-14T19:18:00Z;780;;780
2024-12-14T19:18:01Z;355;;355
2024-12-14T19:18:03Z;777;;777
2024-12-14T19:18:05Z;372;;372
2024-12-14T19:18:06Z;774;;774
2024-12-14T19:18:08Z;362;;362
2024-12-14T19:18:10Z;774;;774
2024-12-14T19:18:11Z;356;;356
2024-12-14T19:18:13Z;775;;775
2024-12-14T19:18:14Z;369;;369
2024-12-14T19:18:16Z;778;;778
2024-12-14T19:18:17Z;383;;383
2024-12-14T19:18:19Z;799;;799
2024-12-14T19:18:20Z;588;;588
2024-12-14T19:18:22Z;790;;790
2024-12-14T19:18:24Z;382;;382
2024-12-14T19:18:26Z;795;;795
2024-12-14T19:18:27Z;383;;383
2024-12-14T19:18:29Z;771;;771
2024-12-14T19:18:30Z;358;;358
2024-12-14T19:18:32Z;764;;764
2024-12-14T19:18:33Z;355;;355
2024-12-14T19:18:35Z;773;;773
2024-12-14T19:18:36Z;555;;555
2024-12-14T19:18:38Z;775;;775
2024-12-14T19:18:54Z;372;;372
2024-12-14T19:18:56Z;372;;372
2024-12-14T19:18:57Z;618;;618
2024-12-14T19:18:59Z;367;;367
2024-12-14T19:19:01Z;787;;787
2024-12-14T19:19:02Z;369;;369
2024-12-14T19:19:04Z;783;;783
2024-12-14T19:19:05Z;374;;374
2024-12-14T19:19:07Z;774;;774
2024-12-14T19:19:08Z;506;;506
2024-12-14T19:19:10Z;788;;788
2024-12-14T19:19:12Z;369;;369
2024-12-14T19:19:13Z;647;;647
2024-12-14T19:19:15Z;364;;364
2024-12-14T19:19:17Z;785;;785
2024-12-14T19:19:18Z;372;;372
2024-12-14T19:19:20Z;787;;787
2024-12-14T19:19:21Z;386;;386
2024-12-14T19:19:23Z;772;;772
2024-12-14T19:19:24Z;475;;475
2024-12-14T19:19:26Z;787;;787
2024-12-14T19:19:28Z;377;;377
2024-12-14T19:19:29Z;669;;669
2024-12-14T19:19:31Z;366;;366
2024-12-14T19:19:33Z;778;;778
2024-12-14T19:19:34Z;368;;368
2024-12-14T19:19:36Z;795;;795
2024-12-14T19:19:37Z;388;;388
2024-12-14T19:19:39Z;788;;788
2024-12-14T19:19:40Z;455;;455
2024-12-14T19:19:42Z;770;;770
2024-12-14T19:19:44Z;378;;378
2024-12-14T19:19:45Z;690;;690
2024-12-14T19:19:47Z;377;;377
2024-12-14T19:19:49Z;780;;780
2024-12-14T19:19:50Z;377;;377
2024-12-14T19:19:52Z;785;;785
2024-12-14T19:19:53Z;365;;365
2024-12-14T19:19:55Z;780;;780
2024-12-14T19:19:56Z;445;;445
2024-12-14T19:19:58Z;793;;793
2024-12-14T19:20:12Z;447;;447
2024-12-14T19:20:14Z;790;;790
2024-12-14T19:20:16Z;379;;379
2024-12-14T19:20:17Z;728;;728
2024-12-14T19:20:19Z;384;;384
2024-12-14T19:20:22Z;774;;774
2024-12-14T19:20:24Z;782;;782
2024-12-14T19:20:25Z;372;;372
2024-12-14T19:20:27Z;774;;774
2024-12-14T19:20:28Z;423;;423
2024-12-14T19:20:30Z;774;;774
2024-12-14T19:20:32Z;368;;368
2024-12-14T19:20:33Z;726;;726
2024-12-14T19:20:35Z;368;;368
2024-12-14T19:20:37Z;782;;782
2024-12-14T19:20:38Z;367;;367
2024-12-14T19:20:40Z;789;;789
2024-12-14T19:20:41Z;373;;373
2024-12-14T19:20:43Z;789;;789
2024-12-14T19:20:44Z;423;;423
2024-12-14T19:20:46Z;791;;791
2024-12-14T19:20:48Z;379;;379
2024-12-14T19:20:49Z;747;;747
2024-12-14T19:20:51Z;386;;386
2024-12-14T19:20:53Z;781;;781
2024-12-14T19:20:54Z;366;;366
2024-12-14T19:20:56Z;791;;791
2024-12-14T19:20:57Z;390;;390
2024-12-14T19:20:59Z;790;;790
2024-12-14T19:21:00Z;422;;422
2024-12-14T19:21:03Z;790;;790
2024-12-14T19:21:04Z;382;;382
2024-12-14T19:21:05Z;751;;751
2024-12-14T19:21:07Z;379;;379
2024-12-14T19:21:09Z;792;;792
2024-12-14T19:21:10Z;379;;379
2024-12-14T19:21:12Z;784;;784
2024-12-14T19:21:13Z;383;;383
2024-12-14T19:21:15Z;780;;780
2024-12-14T19:21:16Z;393;;393
2024-12-14T19:21:31Z;782;;782
2024-12-14T19:21:32Z;398;;398
2024-12-14T19:21:34Z;785;;785
2024-12-14T19:21:36Z;383;;383
2024-12-14T19:21:37Z;754;;754
2024-12-14T19:21:39Z;386;;386
2024-12-14T19:21:41Z;792;;792
2024-12-14T19:21:42Z;384;;384
2024-12-14T19:21:44Z;796;;796
2024-12-14T19:21:45Z;370;;370
2024-12-14T19:21:47Z;789;;789
2024-12-14T19:21:48Z;413;;413
2024-12-14T19:21:50Z;797;;797
2024-12-14T19:21:52Z;367;;367
2024-12-14T19:21:53Z;753;;753
2024-12-14T19:21:55Z;368;;368
2024-12-14T19:21:57Z;782;;782
2024-12-14T19:21:58Z;371;;371
2024-12-14T19:22:00Z;776;;776
2024-12-14T19:22:01Z;384;;384
2024-12-14T19:22:03Z;792;;792
2024-12-14T19:22:04Z;408;;408
2024-12-14T19:22:06Z;778;;778
2024-12-14T19:22:08Z;370;;370
2024-12-14T19:22:09Z;764;;764
2024-12-14T19:22:11Z;382;;382
2024-12-14T19:22:13Z;782;;782
2024-12-14T19:22:14Z;369;;369
2024-12-14T19:22:16Z;773;;773
2024-12-14T19:22:17Z;363;;363
2024-12-14T19:22:19Z;765;;765
2024-12-14T19:22:20Z;351;;351
2024-12-14T19:22:22Z;743;;743
2024-12-14T19:22:24Z;337;;337
2024-12-14T19:22:25Z;719;;719
2024-12-14T19:22:27Z;331;;331
2024-12-14T19:22:29Z;749;;749
2024-12-14T19:22:30Z;342;;342
2024-12-14T19:22:32Z;741;;741
2024-12-14T19:22:33Z;337;;337
2024-12-14T19:22:35Z;740;;740
2024-12-14T19:22:49Z;332;;332
2024-12-14T19:22:51Z;751;;751
2024-12-14T19:22:52Z;353;;353
2024-12-14T19:22:54Z;740;;740
2024-12-14T19:22:56Z;334;;334
2024-12-14T19:22:57Z;734;;734
2024-12-14T19:22:59Z;330;;330
2024-12-14T19:23:01Z;747;;747
2024-12-14T19:23:02Z;339;;339
2024-12-14T19:23:04Z;749;;749
2024-12-14T19:23:05Z;344;;344
2024-12-14T19:23:07Z;743;;743
2024-12-14T19:23:08Z;348;;348
2024-12-14T19:23:10Z;744;;744
2024-12-14T19:23:12Z;338;;338
2024-12-14T19:23:13Z;747;;747
2024-12-14T19:23:15Z;351;;351
2024-12-14T19:23:17Z;753;;753
2024-12-14T19:23:18Z;345;;345
2024-12-14T19:23:20Z;753;;753
2024-12-14T19:23:21Z;344;;344
2024-12-14T19:23:23Z;752;;752
2024-12-14T19:23:24Z;351;;351
2024-12-14T19:23:26Z;752;;752
2024-12-14T19:23:28Z;344;;344
2024-12-14T19:23:29Z;750;;750
2024-12-14T19:23:31Z;336;;336
2024-12-14T19:23:33Z;739;;739
2024-12-14T19:23:34Z;329;;329
2024-12-14T19:23:36Z;744;;744
2024-12-14T19:23:37Z;334;;334
2024-12-14T19:23:39Z;740;;740
2024-12-14T19:23:40Z;334;;334
2024-12-14T19:23:42Z;749;;749
2024-12-14T19:23:44Z;351;;351
2024-12-14T19:23:45Z;750;;750
2024-12-14T19:23:47Z;342;;342
2024-12-14T19:23:49Z;739;;739
2024-12-14T19:23:50Z;331;;331
2024-12-14T19:23:52Z;744;;744
2024-12-14T19:23:53Z;331;;331
2024-12-14T19:24:08Z;743;;743
2024-12-14T19:24:09Z;337;;337
2024-12-14T19:24:11Z;753;;753
2024-12-14T19:24:12Z;345;;345
2024-12-14T19:24:14Z;750;;750
2024-12-14T19:24:16Z;336;;336
2024-12-14T19:24:17Z;755;;755
2024-12-14T19:24:19Z;333;;333
2024-12-14T19:24:21Z;761;;761
2024-12-14T19:24:22Z;351;;351
2024-12-14T19:24:24Z;755;;755
2024-12-14T19:24:25Z;349;;349
2024-12-14T19:24:27Z;752;;752
2024-12-14T19:24:28Z;349;;349
2024-12-14T19:24:30Z;763;;763
2024-12-14T19:24:32Z;345;;345
2024-12-14T19:24:33Z;753;;753
2024-12-14T19:24:35Z;349;;349
2024-12-14T19:24:37Z;754;;754
2024-12-14T19:24:38Z;347;;347
2024-12-14T19:24:40Z;756;;756
2024-12-14T19:24:41Z;346;;346
2024-12-14T19:24:43Z;760;;760
2024-12-14T19:24:44Z;354;;354
2024-12-14T19:24:46Z;745;;745
2024-12-14T19:24:48Z;335;;335
2024-12-14T19:24:49Z;746;;746
2024-12-14T19:24:51Z;347;;347
2024-12-14T19:24:53Z;746;;746
2024-12-14T19:24:54Z;349;;349
2024-12-14T19:24:56Z;763;;763
2024-12-14T19:24:57Z;348;;348
2024-12-14T19:24:59Z;765;;765
2024-12-14T19:25:00Z;357;;357
2024-12-14T19:25:01Z;782;;782
2024-12-14T19:25:06Z;340;;340
2024-12-14T19:25:07Z;750;;750
2024-12-14T19:25:08Z;335;;335
2024-12-14T19:25:09Z;755;;755
2024-12-14T19:25:11Z;345;;345
2024-12-14T19:25:12Z;756;;756
2024-12-14T19:25:26Z;348;;348
2024-12-14T19:25:28Z;763;;763
2024-12-14T19:25:29Z;346;;346
2024-12-14T19:25:31Z;750;;750
2024-12-14T19:25:32Z;342;;342
2024-12-14T19:25:34Z;752;;752
2024-12-14T19:25:35Z;545;;545
2024-12-14T19:25:37Z;753;;753
2024-12-14T19:25:39Z;344;;344
2024-12-14T19:25:41Z;762;;762
2024-12-14T19:25:42Z;349;;349
2024-12-14T19:25:44Z;763;;763
2024-12-14T19:25:45Z;346;;346
2024-12-14T19:25:47Z;757;;757
2024-12-14T19:25:48Z;347;;347
2024-12-14T19:25:50Z;761;;761
2024-12-14T19:25:51Z;525;;525
2024-12-14T19:25:52Z;759;;759
2024-12-14T19:25:57Z;344;;344
2024-12-14T19:25:58Z;753;;753
2024-12-14T19:25:59Z;337;;337
2024-12-14T19:26:01Z;744;;744
2024-12-14T19:26:02Z;333;;333
2024-12-14T19:26:03Z;747;;747
2024-12-14T19:26:04Z;332;;332
2024-12-14T19:26:06Z;748;;748
2024-12-14T19:26:07Z;481;;481
2024-12-14T19:26:09Z;760;;760
2024-12-14T19:26:11Z;344;;344
2024-12-14T19:26:12Z;602;;602
2024-12-14T19:26:14Z;334;;334
2024-12-14T19:26:16Z;764;;764
2024-12-14T19:26:17Z;348;;348
2024-12-14T19:26:19Z;760;;760
2024-12-14T19:26:20Z;348;;348
2024-12-14T19:26:21Z;758;;758
2024-12-14T19:26:23Z;450;;450
2024-12-14T19:26:25Z;746;;746
2024-12-14T19:26:27Z;333;;333
2024-12-14T19:26:28Z;626;;626
2024-12-14T19:26:30Z;338;;338
2024-12-14T19:26:45Z;662;;662
2024-12-14T19:26:46Z;336;;336
2024-12-14T19:26:48Z;759;;759
2024-12-14T19:26:49Z;339;;339
2024-12-14T19:26:51Z;747;;747
2024-12-14T19:26:52Z;339;;339
2024-12-14T19:26:54Z;744;;744
2024-12-14T19:26:55Z;402;;402
2024-12-14T19:26:57Z;748;;748
2024-12-14T19:26:59Z;336;;336
2024-12-14T19:27:00Z;691;;691
2024-12-14T19:27:02Z;331;;331
2024-12-14T19:27:04Z;751;;751
2024-12-14T19:27:05Z;337;;337
2024-12-14T19:27:10Z;740;;740
2024-12-14T19:27:11Z;382;;382
2024-12-14T19:27:13Z;737;;737
2024-12-14T19:27:15Z;332;;332
2024-12-14T19:27:22Z;695;;695
2024-12-14T19:27:23Z;335;;335
2024-12-14T19:27:25Z;744;;744
2024-12-14T19:27:26Z;333;;333
2024-12-14T19:27:27Z;756;;756
2024-12-14T19:27:28Z;345;;345
2024-12-14T19:27:29Z;759;;759
2024-12-14T19:27:30Z;385;;385
2024-12-14T19:27:32Z;759;;759
2024-12-14T19:27:33Z;346;;346
2024-12-14T19:27:34Z;710;;710
2024-12-14T19:27:35Z;1406;;1406
2024-12-14T19:27:36Z;401;;401
2024-12-14T19:27:38Z;808;;808
2024-12-14T19:27:39Z;401;;401
2024-12-14T19:27:40Z;795;;795
2024-12-14T19:27:41Z;388;;388
2024-12-14T19:27:42Z;809;;809
2024-12-14T19:27:44Z;430;;430
2024-12-14T19:27:45Z;813;;813
2024-12-14T19:27:47Z;396;;396
2024-12-14T19:27:48Z;775;;775
2024-12-14T19:28:03Z;402;;402
2024-12-14T19:28:04Z;396;;396
2024-12-14T19:28:06Z;410;;410
2024-12-14T19:28:08Z;804;;804
2024-12-14T19:28:09Z;389;;389
2024-12-14T19:28:11Z;806;;806
2024-12-14T19:28:12Z;395;;395
2024-12-14T19:28:14Z;803;;803
2024-12-14T19:28:15Z;416;;416
2024-12-14T19:28:17Z;810;;810
2024-12-14T19:28:19Z;409;;409
2024-12-14T19:28:20Z;797;;797
2024-12-14T19:28:22Z;410;;410
2024-12-14T19:28:24Z;819;;819
2024-12-14T19:28:25Z;405;;405
2024-12-14T19:28:27Z;804;;804
2024-12-14T19:28:28Z;403;;403
2024-12-14T19:28:30Z;817;;817
2024-12-14T19:28:31Z;420;;420
2024-12-14T19:28:33Z;812;;812
2024-12-14T19:28:35Z;398;;398
2024-12-14T19:28:36Z;795;;795
2024-12-14T19:28:38Z;395;;395
2024-12-14T19:28:40Z;799;;799
2024-12-14T19:28:41Z;387;;387
2024-12-14T19:28:43Z;808;;808
2024-12-14T19:28:44Z;399;;399
2024-12-14T19:28:46Z;793;;793
2024-12-14T19:28:47Z;392;;392
2024-12-14T19:28:49Z;793;;793
2024-12-14T19:28:51Z;390;;390
2024-12-14T19:28:52Z;794;;794
2024-12-14T19:28:54Z;393;;393
2024-12-14T19:28:56Z;810;;810
2024-12-14T19:28:57Z;397;;397
2024-12-14T19:28:59Z;805;;805
2024-12-14T19:29:00Z;396;;396
2024-12-14T19:29:02Z;794;;794
2024-12-14T19:29:03Z;396;;396
2024-12-14T19:29:05Z;795;;795
2024-12-14T19:29:07Z;374;;374
2024-12-14T19:29:22Z;790;;790
2024-12-14T19:29:23Z;387;;387
2024-12-14T19:29:24Z;791;;791
2024-12-14T19:29:26Z;385;;385
2024-12-14T19:29:28Z;802;;802
2024-12-14T19:29:29Z;383;;383
2024-12-14T19:29:31Z;796;;796
2024-12-14T19:29:32Z;378;;378
2024-12-14T19:29:34Z;792;;792
2024-12-14T19:29:35Z;390;;390
2024-12-14T19:29:37Z;796;;796
2024-12-14T19:29:39Z;377;;377
2024-12-14T19:29:40Z;781;;781
2024-12-14T19:29:42Z;376;;376
2024-12-14T19:29:44Z;794;;794
2024-12-14T19:29:45Z;384;;384
2024-12-14T19:29:47Z;790;;790
2024-12-14T19:29:48Z;378;;378
2024-12-14T19:29:50Z;795;;795
2024-12-14T19:29:51Z;398;;398
2024-12-14T19:29:53Z;793;;793
2024-12-14T19:29:55Z;383;;383
2024-12-14T19:29:56Z;791;;791
2024-12-14T19:29:58Z;391;;391
2024-12-14T19:30:00Z;811;;811
2024-12-14T19:30:01Z;390;;390
2024-12-14T19:30:03Z;805;;805
2024-12-14T19:30:04Z;391;;391
2024-12-14T19:30:06Z;790;;790
2024-12-14T19:30:07Z;395;;395
2024-12-14T19:30:09Z;803;;803
2024-12-14T19:30:11Z;397;;397
2024-12-14T19:30:12Z;792;;792
2024-12-14T19:30:14Z;389;;389
2024-12-14T19:30:16Z;808;;808
2024-12-14T19:30:17Z;393;;393
2024-12-14T19:30:19Z;803;;803
2024-12-14T19:30:20Z;383;;383
2024-12-14T19:30:22Z;;0;383
2024-12-14T19:30:23Z;390;;390
2024-12-14T19:30:40Z;801;;801
2024-12-14T19:30:41Z;386;;386
2024-12-14T19:30:42Z;794;;794
2024-12-14T19:30:44Z;386;;386
2024-12-14T19:30:45Z;797;;797
2024-12-14T19:30:46Z;392;;392
2024-12-14T19:30:47Z;790;;790
2024-12-14T19:30:48Z;381;;381
2024-12-14T19:30:49Z;793;;793
2024-12-14T19:30:51Z;386;;386
2024-12-14T19:30:52Z;817;;817
2024-12-14T19:30:53Z;395;;395
2024-12-14T19:30:54Z;810;;810
2024-12-14T19:30:56Z;402;;402
2024-12-14T19:30:57Z;809;;809
2024-12-14T19:30:59Z;381;;381
2024-12-14T19:31:00Z;786;;786
2024-12-14T19:31:02Z;384;;384
2024-12-14T19:31:04Z;798;;798
2024-12-14T19:31:05Z;384;;384
2024-12-14T19:31:07Z;799;;799
2024-12-14T19:31:08Z;378;;378
2024-12-14T19:31:10Z;804;;804
2024-12-14T19:31:11Z;394;;394
2024-12-14T19:31:13Z;799;;799
2024-12-14T19:31:15Z;387;;387
2024-12-14T19:31:16Z;791;;791
2024-12-14T19:31:18Z;383;;383
2024-12-14T19:31:20Z;797;;797
2024-12-14T19:31:21Z;381;;381
2024-12-14T19:31:23Z;797;;797
2024-12-14T19:31:24Z;386;;386
2024-12-14T19:31:26Z;801;;801
2024-12-14T19:31:27Z;392;;392
2024-12-14T19:31:29Z;806;;806
2024-12-14T19:31:31Z;395;;395
2024-12-14T19:31:32Z;794;;794
2024-12-14T19:31:34Z;391;;391
2024-12-14T19:31:36Z;802;;802
2024-12-14T19:31:37Z;379;;379
2024-12-14T19:31:39Z;800;;800
2024-12-14T19:31:40Z;379;;379
2024-12-14T19:31:42Z;792;;792
2024-12-14T19:31:43Z;396;;396
2024-12-14T19:31:59Z;793;;793
2024-12-14T19:32:01Z;791;;791
2024-12-14T19:32:03Z;380;;380
2024-12-14T19:32:04Z;781;;781
2024-12-14T19:32:06Z;384;;384
2024-12-14T19:32:08Z;805;;805
2024-12-14T19:32:09Z;391;;391
2024-12-14T19:32:11Z;801;;801
2024-12-14T19:32:12Z;389;;389
2024-12-14T19:32:14Z;793;;793
2024-12-14T19:32:15Z;403;;403
2024-12-14T19:32:17Z;794;;794
2024-12-14T19:32:19Z;381;;381
2024-12-14T19:32:20Z;788;;788
2024-12-14T19:32:22Z;391;;391
2024-12-14T19:32:24Z;779;;779
2024-12-14T19:32:25Z;357;;357
2024-12-14T19:32:27Z;765;;765
2024-12-14T19:32:28Z;355;;355
2024-12-14T19:32:30Z;766;;766
2024-12-14T19:32:31Z;378;;378
2024-12-14T19:32:33Z;785;;785
2024-12-14T19:32:35Z;375;;375
2024-12-14T19:32:36Z;770;;770
2024-12-14T19:32:38Z;378;;378
2024-12-14T19:32:40Z;784;;784
2024-12-14T19:32:41Z;374;;374
2024-12-14T19:32:43Z;787;;787
2024-12-14T19:32:44Z;374;;374
2024-12-14T19:32:46Z;794;;794
2024-12-14T19:32:47Z;397;;397
2024-12-14T19:32:49Z;795;;795
2024-12-14T19:32:51Z;379;;379
2024-12-14T19:32:52Z;770;;770
2024-12-14T19:32:54Z;377;;377
2024-12-14T19:32:56Z;800;;800
2024-12-14T19:32:57Z;388;;388
2024-12-14T19:32:59Z;790;;790
2024-12-14T19:33:00Z;384;;384
2024-12-14T19:33:02Z;789;;789
2024-12-14T19:33:17Z;400;;400
2024-12-14T19:33:18Z;794;;794
2024-12-14T19:33:19Z;410;;410
2024-12-14T19:33:21Z;790;;790
2024-12-14T19:33:23Z;382;;382
2024-12-14T19:33:24Z;777;;777
2024-12-14T19:33:26Z;382;;382
2024-12-14T19:33:28Z;799;;799
2024-12-14T19:33:29Z;383;;383
2024-12-14T19:33:31Z;795;;795
2024-12-14T19:33:32Z;380;;380
2024-12-14T19:33:34Z;802;;802
2024-12-14T19:33:35Z;412;;412
2024-12-14T19:33:37Z;798;;798
2024-12-14T19:33:39Z;380;;380
2024-12-14T19:33:40Z;776;;776
2024-12-14T19:33:42Z;373;;373
2024-12-14T19:33:44Z;796;;796
2024-12-14T19:33:45Z;386;;386
2024-12-14T19:33:47Z;793;;793
2024-12-14T19:33:48Z;382;;382
2024-12-14T19:33:50Z;794;;794
2024-12-14T19:33:51Z;397;;397
2024-12-14T19:33:53Z;794;;794
2024-12-14T19:33:55Z;383;;383
2024-12-14T19:33:56Z;784;;784
2024-12-14T19:33:58Z;381;;381
2024-12-14T19:34:00Z;799;;799
2024-12-14T19:34:01Z;385;;385
2024-12-14T19:34:03Z;806;;806
2024-12-14T19:34:04Z;390;;390
2024-12-14T19:34:06Z;800;;800
2024-12-14T19:34:07Z;399;;399
2024-12-14T19:34:09Z;802;;802
2024-12-14T19:34:11Z;387;;387
2024-12-14T19:34:12Z;779;;779
2024-12-14T19:34:14Z;378;;378
2024-12-14T19:34:16Z;796;;796
2024-12-14T19:34:17Z;382;;382
2024-12-14T19:34:19Z;793;;793
2024-12-14T19:34:20Z;377;;377
2024-12-14T19:34:36Z;804;;804
2024-12-14T19:34:38Z;802;;802
2024-12-14T19:34:39Z;408;;408
2024-12-14T19:34:41Z;801;;801
2024-12-14T19:34:43Z;387;;387
2024-12-14T19:34:44Z;783;;783
2024-12-14T19:34:46Z;385;;385
2024-12-14T19:34:48Z;798;;798
2024-12-14T19:34:49Z;379;;379
2024-12-14T19:34:51Z;798;;798
2024-12-14T19:34:52Z;379;;379
2024-12-14T19:34:54Z;798;;798
2024-12-14T19:34:55Z;399;;399
2024-12-14T19:34:57Z;790;;790
2024-12-14T19:34:59Z;389;;389
2024-12-14T19:35:00Z;795;;795
2024-12-14T19:35:02Z;377;;377
2024-12-14T19:35:04Z;796;;796
2024-12-14T19:35:05Z;384;;384
2024-12-14T19:35:07Z;799;;799
2024-12-14T19:35:08Z;381;;381
2024-12-14T19:35:10Z;796;;796
2024-12-14T19:35:11Z;394;;394
2024-12-14T19:35:13Z;787;;787
2024-12-14T19:35:15Z;374;;374
2024-12-14T19:35:16Z;780;;780
2024-12-14T19:35:18Z;385;;385
2024-12-14T19:35:20Z;788;;788
2024-12-14T19:35:21Z;375;;375
2024-12-14T19:35:23Z;792;;792
2024-12-14T19:35:24Z;377;;377
2024-12-14T19:35:26Z;795;;795
2024-12-14T19:35:27Z;395;;395
2024-12-14T19:35:29Z;802;;802
2024-12-14T19:35:31Z;375;;375
2024-12-14T19:35:32Z;784;;784
2024-12-14T19:35:34Z;382;;382
2024-12-14T19:35:39Z;782;;782
2024-12-14T19:35:54Z;366;;366
2024-12-14T19:35:55Z;804;;804
2024-12-14T19:35:56Z;379;;379
2024-12-14T19:35:58Z;802;;802
2024-12-14T19:35:59Z;389;;389
2024-12-14T19:36:01Z;794;;794
2024-12-14T19:36:03Z;378;;378
2024-12-14T19:36:04Z;787;;787
2024-12-14T19:36:06Z;375;;375
2024-12-14T19:36:08Z;791;;791
2024-12-14T19:36:09Z;378;;378
2024-12-14T19:36:11Z;788;;788
2024-12-14T19:36:12Z;372;;372
2024-12-14T19:36:14Z;799;;799
2024-12-14T19:36:15Z;388;;388
2024-12-14T19:36:17Z;788;;788
2024-12-14T19:36:19Z;374;;374
2024-12-14T19:36:20Z;785;;785
2024-12-14T19:36:22Z;384;;384
2024-12-14T19:36:24Z;793;;793
2024-12-14T19:36:25Z;377;;377
2024-12-14T19:36:27Z;803;;803
2024-12-14T19:36:28Z;388;;388
2024-12-14T19:36:30Z;785;;785
2024-12-14T19:36:31Z;383;;383
2024-12-14T19:36:33Z;797;;797
2024-12-14T19:36:35Z;386;;386
2024-12-14T19:36:36Z;792;;792
2024-12-14T19:36:38Z;377;;377
2024-12-14T19:36:42Z;790;;790
2024-12-14T19:36:43Z;369;;369
2024-12-14T19:36:44Z;807;;807
2024-12-14T19:36:46Z;378;;378
2024-12-14T19:36:47Z;797;;797
2024-12-14T19:36:48Z;392;;392
2024-12-14T19:36:49Z;793;;793
2024-12-14T19:36:51Z;387;;387
2024-12-14T19:36:52Z;792;;792
2024-12-14T19:36:54Z;371;;371
2024-12-14T19:36:56Z;785;;785
2024-12-14T19:36:57Z;373;;373
2024-12-14T19:37:13Z;797;;797
2024-12-14T19:37:15Z;793;;793
2024-12-14T19:37:16Z;386;;386
2024-12-14T19:37:18Z;796;;796
2024-12-14T19:37:19Z;378;;378
2024-12-14T19:37:21Z;795;;795
2024-12-14T19:37:23Z;384;;384
2024-12-14T19:37:24Z;792;;792
2024-12-14T19:37:26Z;383;;383
2024-12-14T19:37:28Z;800;;800
2024-12-14T19:37:29Z;389;;389
2024-12-14T19:37:31Z;801;;801
2024-12-14T19:37:32Z;397;;397
2024-12-14T19:37:34Z;805;;805
2024-12-14T19:37:35Z;390;;390
2024-12-14T19:37:37Z;790;;790
2024-12-14T19:37:39Z;372;;372
2024-12-14T19:37:40Z;749;;749
2024-12-14T19:37:42Z;302;;302
2024-12-14T19:37:44Z;709;;709
2024-12-14T19:37:45Z;300;;300
2024-12-14T19:37:47Z;714;;714
2024-12-14T19:37:48Z;298;;298
2024-12-14T19:37:50Z;717;;717
2024-12-14T19:37:51Z;304;;304
2024-12-14T19:37:53Z;711;;711
2024-12-14T19:37:54Z;299;;299
2024-12-14T19:37:56Z;715;;715
2024-12-14T19:37:58Z;292;;292
2024-12-14T19:37:59Z;487;;487
2024-12-14T19:38:01Z;701;;701
2024-12-14T19:38:02Z;290;;290
2024-12-14T19:38:03Z;708;;708
2024-12-14T19:38:04Z;536;;536
2024-12-14T19:38:06Z;895;;895
2024-12-14T19:38:07Z;484;;484
2024-12-14T19:38:09Z;889;;889
2024-12-14T19:38:11Z;293;;293
2024-12-14T19:38:12Z;703;;703
2024-12-14T19:38:14Z;292;;292
2024-12-14T19:38:15Z;525;;525
2024-12-14T19:38:16Z;703;;703
2024-12-14T19:38:31Z;541;;541
2024-12-14T19:38:32Z;708;;708
2024-12-14T19:38:34Z;292;;292
2024-12-14T19:38:35Z;706;;706
2024-12-14T19:38:36Z;300;;300
2024-12-14T19:38:38Z;712;;712
2024-12-14T19:38:39Z;489;;489
2024-12-14T19:38:40Z;294;;294
2024-12-14T19:38:42Z;901;;901
2024-12-14T19:38:43Z;622;;622
2024-12-14T19:38:44Z;477;;477
2024-12-14T19:38:45Z;889;;889
2024-12-14T19:38:47Z;479;;479
2024-12-14T19:38:48Z;743;;743
2024-12-14T19:38:49Z;294;;294
2024-12-14T19:38:51Z;707;;707
2024-12-14T19:38:52Z;296;;296
2024-12-14T19:38:54Z;704;;704
2024-12-14T19:38:55Z;291;;291
2024-12-14T19:38:57Z;709;;709
2024-12-14T19:38:58Z;407;;407
2024-12-14T19:38:59Z;291;;291
2024-12-14T19:39:01Z;704;;704
2024-12-14T19:39:02Z;296;;296
2024-12-14T19:39:03Z;596;;596
2024-12-14T19:39:04Z;710;;710
2024-12-14T19:39:06Z;294;;294
2024-12-14T19:39:07Z;705;;705
2024-12-14T19:39:08Z;293;;293
2024-12-14T19:39:10Z;707;;707
2024-12-14T19:39:11Z;296;;296
2024-12-14T19:39:13Z;706;;706
2024-12-14T19:39:14Z;382;;382
2024-12-14T19:39:15Z;290;;290
2024-12-14T19:39:17Z;700;;700
2024-12-14T19:39:18Z;299;;299
2024-12-14T19:39:19Z;625;;625
2024-12-14T19:39:21Z;295;;295
2024-12-14T19:39:23Z;714;;714
2024-12-14T19:39:24Z;294;;294
2024-12-14T19:39:26Z;714;;714
2024-12-14T19:39:27Z;298;;298
2024-12-14T19:39:29Z;713;;713
2024-12-14T19:39:30Z;370;;370
2024-12-14T19:39:31Z;297;;297
2024-12-14T19:39:33Z;710;;710
2024-12-14T19:39:34Z;295;;295
2024-12-14T19:39:35Z;639;;639
2024-12-14T19:39:50Z;297;;297
2024-12-14T19:39:51Z;662;;662
2024-12-14T19:39:53Z;293;;293
2024-12-14T19:39:55Z;716;;716
2024-12-14T19:39:56Z;296;;296
2024-12-14T19:39:58Z;709;;709
2024-12-14T19:39:59Z;297;;297
2024-12-14T19:40:01Z;709;;709
2024-12-14T19:40:02Z;339;;339
2024-12-14T19:40:03Z;293;;293
2024-12-14T19:40:05Z;709;;709
2024-12-14T19:40:06Z;293;;293
2024-12-14T19:40:07Z;667;;667
2024-12-14T19:40:09Z;295;;295
2024-12-14T19:40:11Z;716;;716
2024-12-14T19:40:12Z;297;;297
2024-12-14T19:40:14Z;707;;707
2024-12-14T19:40:15Z;292;;292
2024-12-14T19:40:17Z;714;;714
2024-12-14T19:40:18Z;342;;342
2024-12-14T19:40:20Z;712;;712
2024-12-14T19:40:22Z;294;;294
2024-12-14T19:40:23Z;672;;672
2024-12-14T19:40:25Z;300;;300
2024-12-14T19:40:27Z;719;;719
2024-12-14T19:40:28Z;306;;306
2024-12-14T19:40:30Z;721;;721
2024-12-14T19:40:31Z;299;;299
2024-12-14T19:40:33Z;721;;721
2024-12-14T19:40:34Z;340;;340
2024-12-14T19:40:36Z;717;;717
2024-12-14T19:40:38Z;297;;297
2024-12-14T19:40:39Z;674;;674
2024-12-14T19:40:41Z;291;;291
2024-12-14T19:40:43Z;706;;706
2024-12-14T19:40:44Z;298;;298
2024-12-14T19:40:46Z;702;;702
2024-12-14T19:40:47Z;291;;291
2024-12-14T19:40:49Z;697;;697
2024-12-14T19:40:50Z;324;;324
2024-12-14T19:40:52Z;697;;697
2024-12-14T19:40:54Z;305;;305
2024-12-14T19:41:09Z;710;;710
2024-12-14T19:41:10Z;309;;309
2024-12-14T19:41:11Z;690;;690
2024-12-14T19:41:13Z;281;;281
2024-12-14T19:41:15Z;702;;702
2024-12-14T19:41:16Z;305;;305
2024-12-14T19:41:18Z;702;;702
2024-12-14T19:41:19Z;302;;302
2024-12-14T19:41:21Z;699;;699
2024-12-14T19:41:22Z;323;;323
2024-12-14T19:41:24Z;703;;703
2024-12-14T19:41:26Z;303;;303
2024-12-14T19:41:27Z;674;;674
2024-12-14T19:41:29Z;297;;297
2024-12-14T19:41:31Z;704;;704
2024-12-14T19:41:32Z;307;;307
2024-12-14T19:41:34Z;709;;709
2024-12-14T19:41:35Z;307;;307
2024-12-14T19:41:37Z;706;;706
2024-12-14T19:41:38Z;323;;323
2024-12-14T19:41:40Z;710;;710
2024-12-14T19:41:42Z;301;;301
2024-12-14T19:41:43Z;687;;687
2024-12-14T19:41:45Z;301;;301
2024-12-14T19:41:47Z;711;;711
2024-12-14T19:41:48Z;303;;303
2024-12-14T19:41:50Z;696;;696
2024-12-14T19:41:51Z;305;;305
2024-12-14T19:41:53Z;708;;708
2024-12-14T19:41:54Z;318;;318
2024-12-14T19:41:56Z;705;;705
2024-12-14T19:41:58Z;306;;306
2024-12-14T19:41:59Z;691;;691
2024-12-14T19:42:01Z;297;;297
2024-12-14T19:42:03Z;706;;706
2024-12-14T19:42:04Z;302;;302
2024-12-14T19:42:06Z;705;;705
2024-12-14T19:42:07Z;298;;298
2024-12-14T19:42:09Z;708;;708
2024-12-14T19:42:10Z;318;;318
2024-12-14T19:42:12Z;705;;705
2024-12-14T19:42:27Z;309;;309
2024-12-14T19:42:28Z;696;;696
2024-12-14T19:42:30Z;294;;294
2024-12-14T19:42:31Z;690;;690
2024-12-14T19:42:33Z;294;;294
2024-12-14T19:42:35Z;696;;696
2024-12-14T19:42:36Z;293;;293
2024-12-14T19:42:38Z;701;;701
2024-12-14T19:42:39Z;291;;291
2024-12-14T19:42:41Z;692;;692
2024-12-14T19:42:42Z;305;;305
2024-12-14T19:42:44Z;692;;692
2024-12-14T19:42:46Z;292;;292
2024-12-14T19:42:47Z;687;;687
2024-12-14T19:42:49Z;288;;288
2024-12-14T19:42:51Z;696;;696
2024-12-14T19:42:52Z;289;;289
2024-12-14T19:42:54Z;696;;696
2024-12-14T19:42:55Z;291;;291
2024-12-14T19:42:57Z;696;;696
2024-12-14T19:42:58Z;301;;301
2024-12-14T19:43:00Z;703;;703
2024-12-14T19:43:02Z;285;;285
2024-12-14T19:43:03Z;683;;683
2024-12-14T19:43:05Z;292;;292
2024-12-14T19:43:07Z;689;;689
2024-12-14T19:43:08Z;291;;291
2024-12-14T19:43:10Z;700;;700
2024-12-14T19:43:11Z;295;;295
2024-12-14T19:43:13Z;694;;694
2024-12-14T19:43:14Z;294;;294
2024-12-14T19:43:16Z;689;;689
2024-12-14T19:43:18Z;288;;288
2024-12-14T19:43:19Z;698;;698
2024-12-14T19:43:21Z;287;;287
2024-12-14T19:43:23Z;699;;699
2024-12-14T19:43:24Z;295;;295
2024-12-14T19:43:26Z;698;;698
2024-12-14T19:43:27Z;292;;292
2024-12-14T19:43:29Z;702;;702
2024-12-14T19:43:30Z;312;;312
2024-12-14T19:43:45Z;699;;699
2024-12-14T19:43:46Z;697;;697
2024-12-14T19:43:48Z;696;;696
2024-12-14T19:43:50Z;294;;294
2024-12-14T19:43:51Z;697;;697
2024-12-14T19:43:53Z;295;;295
2024-12-14T19:43:55Z;700;;700
2024-12-14T19:43:56Z;295;;295
2024-12-14T19:43:58Z;705;;705
2024-12-14T19:43:59Z;293;;293
2024-12-14T19:44:01Z;704;;704
2024-12-14T19:44:02Z;301;;301
2024-12-14T19:44:04Z;707;;707
2024-12-14T19:44:06Z;294;;294
2024-12-14T19:44:07Z;696;;696
2024-12-14T19:44:09Z;292;;292
2024-12-14T19:44:11Z;707;;707
2024-12-14T19:44:12Z;276;;276
2024-12-14T19:44:14Z;705;;705
2024-12-14T19:44:15Z;294;;294
2024-12-14T19:44:17Z;654;;654
2024-12-14T19:44:18Z;251;;251
2024-12-14T19:44:20Z;650;;650
2024-12-14T19:44:22Z;250;;250
2024-12-14T19:44:23Z;651;;651
2024-12-14T19:44:25Z;241;;241
2024-12-14T19:44:27Z;656;;656
2024-12-14T19:44:28Z;243;;243
2024-12-14T19:44:30Z;656;;656
2024-12-14T19:44:31Z;246;;246
2024-12-14T19:44:33Z;653;;653
2024-12-14T19:44:34Z;246;;246
2024-12-14T19:44:36Z;656;;656
2024-12-14T19:44:37Z;598;;598
2024-12-14T19:44:39Z;243;;243
2024-12-14T19:44:40Z;651;;651
2024-12-14T19:44:41Z;238;;238
2024-12-14T19:44:43Z;652;;652
2024-12-14T19:44:44Z;245;;245
2024-12-14T19:44:46Z;659;;659
2024-12-14T19:44:47Z;247;;247
2024-12-14T19:44:49Z;649;;649
2024-12-14T19:45:04Z;245;;245
2024-12-14T19:45:05Z;652;;652
2024-12-14T19:45:06Z;243;;243
2024-12-14T19:45:08Z;655;;655
2024-12-14T19:45:09Z;581;;581
2024-12-14T19:45:10Z;247;;247
2024-12-14T19:45:12Z;651;;651
2024-12-14T19:45:13Z;241;;241
2024-12-14T19:45:14Z;307;;307
2024-12-14T19:45:15Z;640;;640
2024-12-14T19:45:17Z;242;;242
2024-12-14T19:45:18Z;650;;650
2024-12-14T19:45:19Z;246;;246
2024-12-14T19:45:22Z;640;0;246
2024-12-14T19:45:34Z;659;;659
2024-12-14T19:45:35Z;261;;261
2024-12-14T19:45:36Z;660;;660
2024-12-14T19:45:37Z;577;;577
2024-12-14T19:45:38Z;241;;241
2024-12-14T19:45:40Z;651;;651
2024-12-14T19:45:41Z;246;;246
2024-12-14T19:45:42Z;656;;656
2024-12-14T19:45:43Z;244;;244
2024-12-14T19:45:44Z;641;;641
2024-12-14T19:45:46Z;248;;248
2024-12-14T19:45:47Z;654;;654
2024-12-14T19:45:48Z;577;;577
2024-12-14T19:45:49Z;237;;237
2024-12-14T19:45:51Z;655;;655
2024-12-14T19:45:52Z;245;;245
2024-12-14T19:45:53Z;307;;307
2024-12-14T19:45:54Z;659;;659
2024-12-14T19:45:55Z;242;;242
2024-12-14T19:45:57Z;658;;658
2024-12-14T19:45:58Z;247;;247
2024-12-14T19:45:59Z;656;;656
2024-12-14T19:46:00Z;247;;247
2024-12-14T19:46:01Z;650;;650
2024-12-14T19:46:03Z;577;;577
2024-12-14T19:46:04Z;246;;246
2024-12-14T19:46:05Z;651;;651
2024-12-14T19:46:06Z;243;;243
2024-12-14T19:46:07Z;316;;316
2024-12-14T19:46:22Z;654;;654
2024-12-14T19:46:23Z;648;;648
2024-12-14T19:46:24Z;237;;237
2024-12-14T19:46:25Z;647;;647
2024-12-14T19:46:27Z;242;;242
2024-12-14T19:46:28Z;650;;650
2024-12-14T19:46:29Z;245;;245
2024-12-14T19:46:30Z;649;;649
2024-12-14T19:46:31Z;503;;503
2024-12-14T19:46:32Z;218;;218
2024-12-14T19:46:34Z;647;;647
2024-12-14T19:46:35Z;242;;242
2024-12-14T19:46:36Z;375;;375
2024-12-14T19:46:37Z;627;;627
2024-12-14T19:46:39Z;241;;241
2024-12-14T19:46:40Z;650;;650
2024-12-14T19:46:41Z;245;;245
2024-12-14T19:46:42Z;646;;646
2024-12-14T19:46:43Z;239;;239
2024-12-14T19:46:45Z;651;;651
2024-12-14T19:46:46Z;472;;472
2024-12-14T19:46:47Z;236;;236
2024-12-14T19:46:48Z;643;;643
2024-12-14T19:46:49Z;244;;244
2024-12-14T19:46:50Z;413;;413
2024-12-14T19:46:52Z;655;;655
2024-12-14T19:46:53Z;244;;244
2024-12-14T19:46:54Z;649;;649
2024-12-14T19:46:55Z;241;;241
2024-12-14T19:46:57Z;645;;645
2024-12-14T19:46:58Z;247;;247
2024-12-14T19:47:00Z;648;;648
2024-12-14T19:47:01Z;463;;463
2024-12-14T19:47:02Z;239;;239
2024-12-14T19:47:04Z;650;;650
2024-12-14T19:47:05Z;247;;247
2024-12-14T19:47:06Z;421;;421
2024-12-14T19:47:08Z;652;;652
2024-12-14T19:47:09Z;242;;242
2024-12-14T19:47:10Z;654;;654
2024-12-14T19:47:11Z;241;;241
2024-12-14T19:47:13Z;657;;657
2024-12-14T19:47:14Z;245;;245
2024-12-14T19:47:16Z;654;;654
2024-12-14T19:47:17Z;242;;242
2024-12-14T19:47:19Z;648;;648
2024-12-14T19:47:21Z;243;;243
2024-12-14T19:47:22Z;444;;444
2024-12-14T19:47:23Z;658;;658
2024-12-14T19:47:25Z;245;;245
2024-12-14T19:47:26Z;655;;655
2024-12-14T19:47:41Z;242;;242
2024-12-14T19:47:42Z;653;;653
2024-12-14T19:47:43Z;239;;239
2024-12-14T19:47:45Z;648;;648
2024-12-14T19:47:46Z;244;;244
2024-12-14T19:47:48Z;656;;656
2024-12-14T19:47:49Z;446;;446
2024-12-14T19:47:50Z;246;;246
2024-12-14T19:47:52Z;657;;657
2024-12-14T19:47:53Z;244;;244
2024-12-14T19:47:54Z;656;;656
2024-12-14T19:47:56Z;247;;247
2024-12-14T19:47:58Z;660;;660
2024-12-14T19:47:59Z;245;;245
2024-12-14T19:48:01Z;662;;662
2024-12-14T19:48:02Z;244;;244
2024-12-14T19:48:04Z;660;;660
2024-12-14T19:48:05Z;454;;454
2024-12-14T19:48:06Z;265;;265
2024-12-14T19:48:08Z;673;;673
2024-12-14T19:48:09Z;265;;265
2024-12-14T19:48:10Z;484;;484
2024-12-14T19:48:12Z;650;;650
2024-12-14T19:48:13Z;262;;262
2024-12-14T19:48:14Z;672;;672
2024-12-14T19:48:15Z;268;;268
2024-12-14T19:48:17Z;669;;669
2024-12-14T19:48:18Z;263;;263
2024-12-14T19:48:20Z;673;;673
2024-12-14T19:48:21Z;436;;436
2024-12-14T19:48:22Z;259;;259
2024-12-14T19:48:24Z;666;;666
2024-12-14T19:48:25Z;262;;262
2024-12-14T19:48:26Z;489;;489
2024-12-14T19:48:28Z;668;;668
2024-12-14T19:48:29Z;262;;262
2024-12-14T19:48:30Z;678;;678
2024-12-14T19:48:31Z;267;;267
2024-12-14T19:48:33Z;671;;671
2024-12-14T19:48:34Z;263;;263
2024-12-14T19:48:36Z;679;;679
2024-12-14T19:48:37Z;265;;265
2024-12-14T19:48:39Z;673;;673
2024-12-14T19:48:41Z;494;;494
2024-12-14T19:48:43Z;668;;668
2024-12-14T19:48:44Z;262;;262
2024-12-14T19:48:59Z;668;;671
2024-12-14T19:49:01Z;259;;259
2024-12-14T19:49:02Z;674;;674
2024-12-14T19:49:03Z;268;;268
2024-12-14T19:49:05Z;674;;674
2024-12-14T19:49:06Z;263;;263
2024-12-14T19:49:08Z;672;;672
2024-12-14T19:49:09Z;401;;401
2024-12-14T19:49:10Z;259;;259
2024-12-14T19:49:12Z;672;;672
2024-12-14T19:49:13Z;268;;268
2024-12-14T19:49:14Z;530;;530
2024-12-14T19:49:16Z;647;;647
2024-12-14T19:49:17Z;259;;259
2024-12-14T19:49:18Z;682;;682
2024-12-14T19:49:19Z;265;;265
2024-12-14T19:49:21Z;673;;673
2024-12-14T19:49:22Z;268;;268
2024-12-14T19:49:24Z;671;;671
2024-12-14T19:49:25Z;379;;379
2024-12-14T19:49:26Z;266;;266
2024-12-14T19:49:28Z;672;;672
2024-12-14T19:49:29Z;263;;263
2024-12-14T19:49:30Z;554;;554
2024-12-14T19:49:32Z;674;;674
2024-12-14T19:49:33Z;260;;260
2024-12-14T19:49:34Z;673;;673
2024-12-14T19:49:35Z;265;;265
2024-12-14T19:49:37Z;678;;678
2024-12-14T19:49:38Z;266;;266
2024-12-14T19:49:40Z;670;;670
2024-12-14T19:49:41Z;363;;363
2024-12-14T19:49:42Z;260;;260
2024-12-14T19:49:44Z;672;;672
2024-12-14T19:49:45Z;268;;268
2024-12-14T19:49:46Z;570;;570
2024-12-14T19:49:48Z;674;;674
2024-12-14T19:49:49Z;260;;260
2024-12-14T19:49:50Z;673;;673
2024-12-14T19:49:51Z;266;;266
2024-12-14T19:49:53Z;671;;671
2024-12-14T19:49:54Z;263;;263
2024-12-14T19:49:56Z;671;;671
2024-12-14T19:49:57Z;349;;349
2024-12-14T19:49:58Z;263;;263
2024-12-14T19:50:00Z;670;;670
2024-12-14T19:50:01Z;260;;260
2024-12-14T19:50:02Z;578;;578
2024-12-14T19:50:04Z;668;;668
2024-12-14T19:50:18Z;592;;592
2024-12-14T19:50:20Z;672;;672
2024-12-14T19:50:21Z;261;;261
2024-12-14T19:50:22Z;668;;668
2024-12-14T19:50:23Z;260;;260
2024-12-14T19:50:25Z;675;;675
2024-12-14T19:50:26Z;261;;261
2024-12-14T19:50:28Z;680;;680
2024-12-14T19:50:29Z;338;;338
2024-12-14T19:50:30Z;261;;261
2024-12-14T19:50:32Z;672;;672
2024-12-14T19:50:33Z;265;;265
2024-12-14T19:50:34Z;595;;595
2024-12-14T19:50:35Z;669;;669
2024-12-14T19:50:37Z;259;;259
2024-12-14T19:50:38Z;678;;678
2024-12-14T19:50:39Z;261;;261
2024-12-14T19:50:41Z;672;;672
2024-12-14T19:50:42Z;263;;263
2024-12-14T19:50:44Z;673;;673
2024-12-14T19:50:45Z;326;;326
2024-12-14T19:50:46Z;262;;262
2024-12-14T19:50:48Z;667;;667
2024-12-14T19:50:49Z;257;;257
2024-12-14T19:50:50Z;607;;607
2024-12-14T19:50:57Z;263;;263
2024-12-14T19:50:59Z;671;;671
2024-12-14T19:51:00Z;260;;260
2024-12-14T19:51:01Z;673;;673
2024-12-14T19:51:02Z;268;;268
2024-12-14T19:51:03Z;667;;667
2024-12-14T19:51:04Z;315;;315
2024-12-14T19:51:06Z;265;;265
2024-12-14T19:51:07Z;670;;670
2024-12-14T19:51:08Z;259;;259
2024-12-14T19:51:09Z;632;;632
2024-12-14T19:51:11Z;257;;257
2024-12-14T19:51:12Z;672;;672
2024-12-14T19:51:13Z;275;;275
2024-12-14T19:51:14Z;669;;669
2024-12-14T19:51:15Z;263;;263
2024-12-14T19:51:17Z;672;;672
2024-12-14T19:51:18Z;315;;315
2024-12-14T19:51:19Z;263;;263
2024-12-14T19:51:20Z;672;;672
2024-12-14T19:51:21Z;256;;256
2024-12-14T19:51:36Z;616;;616
2024-12-14T19:51:37Z;257;;257
2024-12-14T19:51:38Z;618;;618
2024-12-14T19:51:40Z;260;;260
2024-12-14T19:51:42Z;669;;669
2024-12-14T19:51:43Z;260;;260
2024-12-14T19:51:45Z;668;;668
2024-12-14T19:51:46Z;256;;256
2024-12-14T19:51:48Z;672;;672
2024-12-14T19:51:49Z;310;;310
2024-12-14T19:51:51Z;679;;679
2024-12-14T19:51:53Z;264;;264
2024-12-14T19:51:54Z;629;;629
2024-12-14T19:51:56Z;262;;262
2024-12-14T19:51:58Z;678;;678
2024-12-14T19:51:59Z;265;;265
2024-12-14T19:52:01Z;675;;675
2024-12-14T19:52:02Z;264;;264
2024-12-14T19:52:04Z;674;;674
2024-12-14T19:52:05Z;306;;306
2024-12-14T19:52:07Z;668;;668
2024-12-14T19:52:09Z;264;;264
2024-12-14T19:52:10Z;638;;638
2024-12-14T19:52:12Z;262;;262
2024-12-14T19:52:14Z;675;;675
2024-12-14T19:52:15Z;261;;261
2024-12-14T19:52:17Z;678;;678
2024-12-14T19:52:18Z;264;;264
2024-12-14T19:52:20Z;667;;667
2024-12-14T19:52:21Z;297;;297
2024-12-14T19:52:23Z;676;;676
2024-12-14T19:52:25Z;263;;263
2024-12-14T19:52:26Z;641;;641
2024-12-14T19:52:28Z;260;;260
2024-12-14T19:52:30Z;674;;674
2024-12-14T19:52:31Z;264;;264
2024-12-14T19:52:33Z;677;;677
2024-12-14T19:52:34Z;265;;265
2024-12-14T19:52:36Z;666;;666
2024-12-14T19:52:37Z;294;;294
2024-12-14T19:52:39Z;673;;673
2024-12-14T19:52:55Z;258;;258
2024-12-14T19:52:57Z;263;;263
2024-12-14T19:52:58Z;640;;640
2024-12-14T19:53:00Z;260;;260
2024-12-14T19:53:02Z;667;;667
2024-12-14T19:53:03Z;261;;261
2024-12-14T19:53:05Z;675;;675
2024-12-14T19:53:06Z;267;;267
2024-12-14T19:53:08Z;681;;681
2024-12-14T19:53:09Z;286;;286
2024-12-14T19:53:11Z;669;;669
2024-12-14T19:53:13Z;257;;257
2024-12-14T19:53:14Z;636;;636
2024-12-14T19:53:16Z;263;;263
2024-12-14T19:53:18Z;665;;665
2024-12-14T19:53:19Z;263;;263
2024-12-14T19:53:21Z;669;;669
2024-12-14T19:53:22Z;261;;261
2024-12-14T19:53:24Z;670;;670
2024-12-14T19:53:25Z;287;;287
2024-12-14T19:53:27Z;666;;666
2024-12-14T19:53:29Z;262;;262
2024-12-14T19:53:30Z;643;;643
2024-12-14T19:53:32Z;261;;261
2024-12-14T19:53:34Z;666;;666
2024-12-14T19:53:35Z;262;;262
2024-12-14T19:53:37Z;673;;673
2024-12-14T19:53:38Z;266;;266
2024-12-14T19:53:40Z;670;;670
2024-12-14T19:53:41Z;286;;286
2024-12-14T19:53:43Z;668;;668
2024-12-14T19:53:45Z;264;;264
2024-12-14T19:53:46Z;638;;638
2024-12-14T19:53:48Z;262;;262
2024-12-14T19:53:50Z;675;;675
2024-12-14T19:53:51Z;258;;258
2024-12-14T19:53:53Z;672;;672
2024-12-14T19:53:54Z;262;;262
2024-12-14T19:53:56Z;668;;668
2024-12-14T19:53:57Z;286;;286
2024-12-14T19:53:59Z;667;;667
2024-12-14T19:54:13Z;287;;287
2024-12-14T19:54:15Z;669;;669
2024-12-14T19:54:17Z;260;;260
2024-12-14T19:54:18Z;653;;653
2024-12-14T19:54:20Z;260;;260
2024-12-14T19:54:22Z;670;;670
2024-12-14T19:54:23Z;261;;261
2024-12-14T19:54:25Z;671;;671
2024-12-14T19:54:26Z;267;;267
2024-12-14T19:54:28Z;667;;667
2024-12-14T19:54:29Z;275;;275
2024-12-14T19:54:31Z;674;;674
2024-12-14T19:54:33Z;257;;257
2024-12-14T19:54:34Z;653;;653
2024-12-14T19:54:36Z;264;;264
2024-12-14T19:54:38Z;675;;675
2024-12-14T19:54:39Z;260;;260
2024-12-14T19:54:41Z;672;;672
2024-12-14T19:54:42Z;260;;260
2024-12-14T19:54:44Z;672;;672
2024-12-14T19:54:45Z;281;;281
2024-12-14T19:54:47Z;672;;672
2024-12-14T19:54:49Z;259;;259
2024-12-14T19:54:50Z;651;;651
2024-12-14T19:54:52Z;263;;263
2024-12-14T19:54:54Z;672;;672
2024-12-14T19:54:55Z;262;;262
2024-12-14T19:54:57Z;675;;675
2024-12-14T19:54:58Z;261;;261
2024-12-14T19:55:00Z;675;;675
2024-12-14T19:55:01Z;277;;277
2024-12-14T19:55:03Z;682;;682
2024-12-14T19:55:05Z;260;;260
2024-12-14T19:55:06Z;653;;653
2024-12-14T19:55:08Z;263;;263
2024-12-14T19:55:10Z;675;;675
2024-12-14T19:55:11Z;263;;263
2024-12-14T19:55:13Z;674;;674
2024-12-14T19:55:14Z;260;;260
2024-12-14T19:55:16Z;670;;670
2024-12-14T19:55:17Z;274;;274
2024-12-14T19:55:32Z;670;;670
2024-12-14T19:55:33Z;273;;273
2024-12-14T19:55:35Z;664;;664
2024-12-14T19:55:37Z;261;;261
2024-12-14T19:55:38Z;656;;656
2024-12-14T19:55:40Z;257;;257
2024-12-14T19:55:42Z;669;;669
2024-12-14T19:55:43Z;261;;261
2024-12-14T19:55:45Z;672;;672
2024-12-14T19:55:46Z;266;;266
2024-12-14T19:55:48Z;673;;673
2024-12-14T19:55:58Z;274;;274
2024-12-14T19:56:00Z;673;;673
2024-12-14T19:56:01Z;266;;266
2024-12-14T19:56:02Z;660;;660
2024-12-14T19:56:03Z;260;;260
2024-12-14T19:56:04Z;671;;671
2024-12-14T19:56:05Z;263;;263
2024-12-14T19:56:07Z;668;;668
2024-12-14T19:56:08Z;267;;267
2024-12-14T19:56:09Z;666;;666
2024-12-14T19:56:10Z;274;;274
2024-12-14T19:56:12Z;670;;670
2024-12-14T19:56:13Z;259;;259
2024-12-14T19:56:14Z;652;;652
2024-12-14T19:56:15Z;264;;264
2024-12-14T19:56:16Z;666;;666
2024-12-14T19:56:17Z;261;;261
2024-12-14T19:56:19Z;674;;674
2024-12-14T19:56:20Z;266;;266
2024-12-14T19:56:22Z;672;;672
2024-12-14T19:56:23Z;670;;670
2024-12-14T19:56:25Z;265;;265
2024-12-14T19:56:26Z;655;;655
2024-12-14T19:56:28Z;261;;261
2024-12-14T19:56:30Z;670;;670
2024-12-14T19:56:31Z;263;;263
2024-12-14T19:56:33Z;671;;671
2024-12-14T19:56:34Z;263;;263
2024-12-14T19:56:36Z;674;;674
2024-12-14T19:56:51Z;267;;267
2024-12-14T19:56:52Z;671;;671
2024-12-14T19:56:53Z;278;;278
2024-12-14T19:56:55Z;670;;670
2024-12-14T19:56:57Z;273;;273
2024-12-14T19:56:58Z;664;;664
2024-12-14T19:57:00Z;268;;268
2024-12-14T19:57:02Z;681;;681
2024-12-14T19:57:03Z;320;;320
2024-12-14T19:57:05Z;711;;711
2024-12-14T19:57:06Z;297;;297
2024-12-14T19:57:08Z;707;;707
2024-12-14T19:57:09Z;314;;314
2024-12-14T19:57:11Z;700;;700
2024-12-14T19:57:13Z;298;;298
2024-12-14T19:57:14Z;691;;691
2024-12-14T19:57:16Z;292;;292
2024-12-14T19:57:18Z;706;;706
2024-12-14T19:57:19Z;292;;292
2024-12-14T19:57:24Z;709;;709
2024-12-14T19:57:25Z;310;;310
2024-12-14T19:57:27Z;698;;698
2024-12-14T19:57:29Z;294;;294
2024-12-14T19:57:30Z;692;;692
2024-12-14T19:57:32Z;294;;294
2024-12-14T19:57:34Z;704;;704
2024-12-14T19:57:35Z;291;;291
2024-12-14T19:57:37Z;707;;707
2024-12-14T19:57:38Z;300;;300
2024-12-14T19:57:40Z;708;;708
2024-12-14T19:57:41Z;309;;309
2024-12-14T19:57:43Z;709;;709
2024-12-14T19:57:45Z;304;;304
2024-12-14T19:57:46Z;696;;696
2024-12-14T19:57:48Z;304;;304
2024-12-14T19:57:50Z;715;;715
2024-12-14T19:57:51Z;302;;302
2024-12-14T19:57:53Z;709;;709
2024-12-14T19:57:54Z;304;;304
2024-12-14T19:58:09Z;709;;709
2024-12-14T19:58:10Z;301;;301
2024-12-14T19:58:12Z;716;;716
2024-12-14T19:58:13Z;311;;311
2024-12-14T19:58:15Z;710;;710
2024-12-14T19:58:17Z;299;;299
2024-12-14T19:58:18Z;695;;695
2024-12-14T19:58:20Z;302;;302
2024-12-14T19:58:22Z;709;;709
2024-12-14T19:58:23Z;297;;297
2024-12-14T19:58:25Z;710;;710
2024-12-14T19:58:26Z;299;;299
2024-12-14T19:58:28Z;713;;713
2024-12-14T19:58:29Z;314;;314
2024-12-14T19:58:31Z;706;;706
2024-12-14T19:58:33Z;298;;298
2024-12-14T19:58:34Z;692;;692
2024-12-14T19:58:36Z;297;;297
2024-12-14T19:58:38Z;713;;713
2024-12-14T19:58:39Z;299;;299
2024-12-14T19:58:44Z;708;;708
2024-12-14T19:58:45Z;314;;314
2024-12-14T19:58:47Z;700;;700
2024-12-14T19:58:49Z;301;;301
2024-12-14T19:58:50Z;693;;693
2024-12-14T19:58:52Z;296;;296
2024-12-14T19:58:54Z;710;;710
2024-12-14T19:58:55Z;293;;293
2024-12-14T19:58:57Z;710;;710
2024-12-14T19:58:58Z;312;;312
2024-12-14T19:59:00Z;705;;705
2024-12-14T19:59:01Z;310;;310
2024-12-14T19:59:03Z;709;;709
2024-12-14T19:59:05Z;301;;301
2024-12-14T19:59:06Z;697;;697
2024-12-14T19:59:08Z;295;;295
2024-12-14T19:59:10Z;711;;711
2024-12-14T19:59:11Z;301;;301
2024-12-14T19:59:13Z;710;;710
2024-12-14T19:59:27Z;306;;306
2024-12-14T19:59:29Z;715;;715
2024-12-14T19:59:30Z;302;;302
2024-12-14T19:59:32Z;710;;710
2024-12-14T19:59:33Z;311;;311
2024-12-14T19:59:35Z;708;;708
2024-12-14T19:59:37Z;302;;302
2024-12-14T19:59:38Z;696;;696
2024-12-14T19:59:40Z;296;;296
2024-12-14T19:59:42Z;707;;707
2024-12-14T19:59:43Z;298;;298
2024-12-14T19:59:45Z;718;;718
2024-12-14T19:59:46Z;309;;309
2024-12-14T19:59:48Z;705;;705
2024-12-14T19:59:49Z;320;;320
2024-12-14T19:59:51Z;715;;715
2024-12-14T19:59:53Z;305;;305
2024-12-14T19:59:54Z;699;;699
2024-12-14T19:59:56Z;306;;306
2024-12-14T19:59:58Z;715;;715
2024-12-14T19:59:59Z;306;;306
2024-12-14T20:00:01Z;713;;713
2024-12-14T20:00:02Z;305;;305
2024-12-14T20:00:04Z;720;;720
2024-12-14T20:00:05Z;318;;318
2024-12-14T20:00:07Z;778;;778
2024-12-14T20:00:09Z;375;;375
2024-12-14T20:00:10Z;722;;722
2024-12-14T20:00:12Z;377;;377
2024-12-14T20:00:13Z;747;;747
2024-12-14T20:00:15Z;1015;;1015
2024-12-14T20:00:17Z;1261;;1261
2024-12-14T20:00:20Z;1015;;1015
2024-12-14T20:00:26Z;;0;1015
2024-12-14T20:04:19Z;1509;;1509
2024-12-14T20:04:20Z;1427;;1427
2024-12-14T20:06:47Z;1503;;1503
2024-12-14T20:06:48Z;1423;;1423
2024-12-14T20:08:13Z;1515;;1515
2024-12-14T20:08:14Z;1427;;1427
2024-12-14T20:09:31Z;1511;;1511
2024-12-14T20:09:32Z;1424;;1424
2024-12-14T20:10:17Z;2528;;2528
2024-12-14T20:10:18Z;1473;;1473
2024-12-14T20:10:20Z;1553;;1553
2024-12-14T20:10:21Z;1481;;1481
2024-12-14T20:12:32Z;1564;;1564
2024-12-14T20:12:39Z;1549;;1549
2024-12-14T20:12:40Z;1492;;1492
2024-12-14T20:12:49Z;1594;;1594
2024-12-14T20:12:50Z;1474;;1474
2024-12-14T20:13:06Z;1579;;1579
2024-12-14T20:13:08Z;1479;;1479
2024-12-14T20:13:26Z;1586;;1586
2024-12-14T20:13:28Z;1482;;1482
2024-12-14T20:13:36Z;1574;;1574
2024-12-14T20:13:51Z;1475;;1475
2024-12-14T20:14:31Z;1771;;1771
2024-12-14T20:14:38Z;1439;;1439
2024-12-14T20:14:39Z;1766;;1766
2024-12-14T20:14:41Z;1460;;1460
2024-12-14T20:14:42Z;1521;;1521
2024-12-14T20:14:44Z;1437;;1437
2024-12-14T20:14:46Z;1775;;1775
2024-12-14T20:14:47Z;1436;;1436
2024-12-14T20:14:49Z;1776;;1776
2024-12-14T20:14:50Z;1443;;1443
2024-12-14T20:14:52Z;1769;;1769
2024-12-14T20:14:54Z;1437;;1437
2024-12-14T20:15:09Z;1772;;1772
2024-12-14T20:15:10Z;1437;;1437
2024-12-14T20:15:11Z;1775;;1775
2024-12-14T20:15:13Z;1436;;1436
2024-12-14T20:15:14Z;1543;;1543
2024-12-14T20:15:16Z;1439;;1439
2024-12-14T20:15:18Z;1764;;1764
2024-12-14T20:15:19Z;1442;;1442
2024-12-14T20:15:22Z;1772;0;1442
2024-12-14T20:15:29Z;1777;;1777
2024-12-14T20:15:30Z;1461;;1461
2024-12-14T20:15:32Z;1755;;1755
2024-12-14T20:15:36Z;1428;;1428
2024-12-14T20:15:37Z;1750;;1750
2024-12-14T20:15:38Z;1431;;1431
2024-12-14T20:15:39Z;1576;;1576
2024-12-14T20:15:40Z;1427;;1427
2024-12-14T20:15:42Z;1759;;1759
2024-12-14T20:15:43Z;1431;;1431
2024-12-14T20:15:44Z;1747;;1747
2024-12-14T20:15:45Z;1431;;1431
2024-12-14T20:15:46Z;1754;;1754
2024-12-14T20:15:48Z;1428;;1428
2024-12-14T20:15:49Z;1753;;1753
2024-12-14T20:15:50Z;1453;;1453
2024-12-14T20:15:51Z;1573;;1573
2024-12-14T20:15:52Z;1445;;1445
2024-12-14T20:15:54Z;1778;;1778
2024-12-14T20:15:55Z;1445;;1445
2024-12-14T20:15:56Z;1765;;1765
2024-12-14T20:15:57Z;1458;;1458
2024-12-14T20:15:58Z;1771;;1771
2024-12-14T20:16:00Z;1445;;1445
2024-12-14T20:16:01Z;1761;;1761
2024-12-14T20:16:02Z;1464;;1464
2024-12-14T20:16:03Z;1613;;1613
2024-12-14T20:16:06Z;2111;;2111
2024-12-14T20:16:07Z;2815;;2815
2024-12-14T20:16:09Z;3117;;3117
2024-12-14T20:16:10Z;2825;;2825
2024-12-14T20:16:12Z;3162;;3162
2024-12-14T20:16:28Z;2834;;2834
2024-12-14T20:16:29Z;2998;;2998
2024-12-14T20:16:30Z;2648;;2648
2024-12-14T20:16:32Z;3160;;3160
2024-12-14T20:16:33Z;2855;;2855
2024-12-14T20:16:34Z;1609;;1609
2024-12-14T20:16:36Z;1435;;1435
2024-12-14T20:16:39Z;1750;;1750
2024-12-14T20:16:45Z;1881;;1881
2024-12-14T20:16:47Z;3080;;3080
2024-12-14T20:17:14Z;1808;;1808
2024-12-14T20:17:27Z;1758;;1758
2024-12-14T20:18:16Z;750;;750
2024-12-14T20:18:17Z;1124;;1124
2024-12-14T20:18:18Z;1261;;1261
2024-12-14T20:18:20Z;1555;;1555
2024-12-14T20:18:21Z;2010;;2010
2024-12-14T20:18:22Z;2258;;2258
2024-12-14T20:18:36Z;2522;;2522
2024-12-14T20:18:39Z;3655;;3655
2024-12-14T20:19:05Z;2370;;2370
2024-12-14T20:21:58Z;405;;405
2024-12-14T20:21:59Z;739;;739
2024-12-14T20:22:03Z;906;;906
2024-12-14T20:22:19Z;401;;401
2024-12-14T20:22:20Z;835;;835
2024-12-14T20:22:21Z;1004;;1004
2024-12-14T20:22:23Z;1289;;1289
2024-12-14T20:22:24Z;1775;;1775
2024-12-14T20:22:29Z;1415;;1415
2024-12-14T20:22:30Z;1565;;1565
2024-12-14T20:22:34Z;1465;;1465
2024-12-14T20:22:35Z;1593;;1593
2024-12-14T20:22:37Z;1467;;1467
2024-12-14T20:22:38Z;1637;;1637
2024-12-14T20:22:39Z;1464;;1464
2024-12-14T20:22:41Z;1980;;1980
2024-12-14T20:22:42Z;1668;;1668
2024-12-14T20:23:00Z;1848;;1848
2024-12-14T20:23:01Z;1827;;1827
2024-12-14T20:23:03Z;1460;;1460
2024-12-14T20:23:05Z;1700;;1700
2024-12-14T20:23:09Z;1893;;1893
2024-12-14T20:23:10Z;1731;;1731
2024-12-14T20:23:12Z;2077;;2077
2024-12-14T20:23:13Z;1693;;1693
2024-12-14T20:23:39Z;1453;;1453
2024-12-14T20:23:40Z;1653;;1653
2024-12-14T20:23:44Z;1869;;1869
2024-12-14T20:23:45Z;1648;;1648
2024-12-14T20:23:47Z;1390;;1390
2024-12-14T20:23:48Z;1776;;1776
2024-12-14T20:24:19Z;818;;818
2024-12-14T20:26:56Z;277;;277
2024-12-14T20:30:18Z;331;;331
2024-12-14T20:30:21Z;272;;272
2024-12-14T20:30:22Z;;0;272
2024-12-14T20:30:51Z;1437;;1437
2024-12-14T20:41:40Z;292;;292
2024-12-14T20:45:20Z;283;;283
2024-12-14T20:45:22Z;;0;283
2024-12-14T20:52:49Z;1252;;1252
2024-12-14T20:52:50Z;281;;281
2024-12-14T20:58:55Z;327;;327
2024-12-14T21:00:20Z;323;;323
2024-12-14T21:00:22Z;;0;323
2024-12-14T21:06:29Z;275;;275
2024-12-14T21:07:48Z;324;;324
2024-12-14T21:08:48Z;270;;270
2024-12-14T21:15:22Z;;0;270
2024-12-14T21:15:24Z;216;;216
2024-12-14T21:30:20Z;262;;262
2024-12-14T21:30:22Z;;0;262
2024-12-14T21:35:30Z;1387;;1387
2024-12-14T21:35:31Z;339;;339
2024-12-14T21:45:26Z;335;;335
2024-12-14T21:45:28Z;;0;335
2024-12-14T21:52:31Z;281;;281
2024-12-14T22:00:20Z;283;;283
2024-12-14T22:00:22Z;;0;283
2024-12-14T22:09:23Z;2263;;2263
2024-12-14T22:11:12Z;2417;;2417
2024-12-14T22:12:08Z;665;;665
2024-12-14T22:12:09Z;585;;585
2024-12-14T22:14:15Z;635;;635
2024-12-14T22:14:16Z;589;;589
2024-12-14T22:14:49Z;636;;636
2024-12-14T22:15:32Z;602;;602
2024-12-14T22:17:44Z;1041;;1041
2024-12-14T22:17:45Z;696;;696
2024-12-14T22:19:44Z;354;;354
2024-12-14T22:20:31Z;298;;298
2024-12-14T22:30:20Z;259;;259
2024-12-14T22:30:22Z;;0;259
2024-12-14T22:45:20Z;195;;195
2024-12-14T22:45:36Z;;0;195
2024-12-14T23:00:00Z;307;;307
2024-12-14T23:00:20Z;312;;312
2024-12-14T23:00:24Z;;0;312
2024-12-14T23:15:20Z;362;;362
2024-12-14T23:15:22Z;;0;362
2024-12-14T23:20:10Z;251;;251
2024-12-14T23:30:20Z;194;;194
2024-12-14T23:30:22Z;;0;194
2024-12-14T23:34:25Z;311;;311
2024-12-14T23:34:27Z;265;;265
2024-12-14T23:42:11Z;1347;;1347
2024-12-14T23:42:12Z;361;;361
2024-12-14T23:44:49Z;275;;275
2024-12-14T23:45:13Z;586;;586
2024-12-14T23:45:20Z;504;;504
2024-12-14T23:45:22Z;;0;504
2024-12-14T23:45:47Z;230;;230
2024-12-14T23:52:36Z;2189;;2189
2024-12-14T23:56:36Z;1986;;1986
2024-12-14T23:56:41Z;2110;;2110
2024-12-14T23:58:52Z;188;;188