timestamp;P_ex;P_pr;P_load
2024-09-13T00:00:17Z;;0;241
2024-09-13T00:00:36Z;232;;232
2024-09-13T00:15:17Z;;0;232
2024-09-13T00:15:25Z;245;;245
2024-09-13T00:16:38Z;321;;321
2024-09-13T00:21:30Z;254;;254
2024-09-13T00:30:17Z;;0;254
2024-09-13T00:30:39Z;191;;191
2024-09-13T00:45:17Z;;0;191
2024-09-13T00:45:25Z;180;;180
2024-09-13T00:49:23Z;1226;;1226
2024-09-13T00:49:24Z;243;;243
2024-09-13T01:00:17Z;;0;243
2024-09-13T01:00:25Z;207;;207
2024-09-13T01:07:43Z;599;;599
2024-09-13T01:08:03Z;296;;296
2024-09-13T01:15:17Z;;0;296
2024-09-13T01:15:25Z;303;;303
2024-09-13T01:30:17Z;;0;303
2024-09-13T01:30:25Z;139;;139
2024-09-13T01:45:17Z;;0;139
2024-09-13T01:45:25Z;147;;147
2024-09-13T01:55:00Z;1456;;1456
2024-09-13T01:55:01Z;299;;299
2024-09-13T01:57:56Z;1356;;1356
2024-09-13T01:57:57Z;372;;372
2024-09-13T02:00:17Z;;0;372
2024-09-13T02:00:25Z;351;;351
2024-09-13T02:07:38Z;284;;284
2024-09-13T02:15:19Z;;0;284
2024-09-13T02:15:25Z;275;;275
2024-09-13T02:30:17Z;;0;275
2024-09-13T02:30:25Z;270;;270
2024-09-13T02:45:25Z;205;;205
2024-09-13T02:47:30Z;367;;367
2024-09-13T02:56:55Z;290;;290
2024-09-13T02:59:30Z;371;;371
2024-09-13T03:00:17Z;;0;371
2024-09-13T03:00:25Z;348;;348
2024-09-13T03:15:34Z;354;;354
2024-09-13T03:21:46Z;223;;223
2024-09-13T03:30:17Z;;0;223
2024-09-13T03:30:25Z;275;;275
2024-09-13T03:36:56Z;340;;340
2024-09-13T03:37:06Z;292;;292
2024-09-13T03:45:17Z;;0;292
2024-09-13T04:00:17Z;;0;292
2024-09-13T04:00:27Z;174;;174
2024-09-13T04:04:26Z;1467;;1467
2024-09-13T04:04:27Z;265;;265
2024-09-13T04:15:17Z;;0;265
2024-09-13T04:15:25Z;209;;209
2024-09-13T04:28:47Z;751;;751
2024-09-13T04:28:48Z;337;;337
2024-09-13T04:28:58Z;291;;291
2024-09-13T04:30:17Z;;0;291
2024-09-13T04:30:25Z;318;;318
2024-09-13T04:32:05Z;344;;344
2024-09-13T04:32:55Z;290;;290
2024-09-13T04:34:25Z;343;;343
2024-09-13T04:36:40Z;285;;285
2024-09-13T04:36:41Z;347;;347
2024-09-13T04:38:32Z;289;;289
2024-09-13T04:45:17Z;;0;289
2024-09-13T04:45:25Z;157;;157
2024-09-13T05:00:17Z;;0;157
2024-09-13T05:00:25Z;155;;155
2024-09-13T05:06:25Z;1379;;1379
2024-09-13T05:06:26Z;219;;219
2024-09-13T05:15:17Z;;34;253
2024-09-13T05:15:25Z;183;87;306
2024-09-13T05:20:40Z;380;;467
2024-09-13T05:20:41Z;242;;329
2024-09-13T05:30:17Z;;101;343
2024-09-13T05:30:25Z;214;;315
2024-09-13T05:35:29Z;381;;482
2024-09-13T05:35:35Z;299;;400
2024-09-13T05:45:17Z;;132;431
2024-09-13T05:45:27Z;39;;171
2024-09-13T05:49:53Z;84;;216
2024-09-13T05:50:04Z;82;;214
2024-09-13T05:55:22Z;61;;193
2024-09-13T05:55:59Z;0;;132
2024-09-13T05:57:20Z;-42;;90
2024-09-13T06:00:21Z;;257;215
2024-09-13T06:00:25Z;-100;;157
2024-09-13T06:06:59Z;47;;304
2024-09-13T06:08:12Z;705;;962
2024-09-13T06:11:47Z;119;;376
2024-09-13T06:15:17Z;;283;402
2024-09-13T06:15:25Z;-16;;267
2024-09-13T06:15:42Z;95;;378
2024-09-13T06:15:44Z;;303;398
2024-09-13T06:15:48Z;-61;;242
2024-09-13T06:18:07Z;-38;;265
2024-09-13T06:19:58Z;20;;323
2024-09-13T06:21:17Z;112;;415
2024-09-13T06:21:33Z;73;;376
2024-09-13T06:21:48Z;108;;411
2024-09-13T06:22:11Z;-137;;166
2024-09-13T06:30:27Z;-184;;119
2024-09-13T06:30:46Z;;271;87
2024-09-13T06:30:49Z;;297;113
2024-09-13T06:35:48Z;;300;116
2024-09-13T06:45:17Z;;226;42
2024-09-13T06:45:25Z;-144;;82
2024-09-13T06:58:57Z;;345;201
2024-09-13T07:00:17Z;;351;207
2024-09-13T07:00:34Z;-251;;100
2024-09-13T07:00:56Z;;295;44
2024-09-13T07:01:00Z;;325;74
2024-09-13T07:04:12Z;-45;;280
2024-09-13T07:06:43Z;;302;257
2024-09-13T07:07:33Z;107;;409
2024-09-13T07:11:20Z;303;;605
2024-09-13T07:11:21Z;247;;549
2024-09-13T07:11:27Z;333;;635
2024-09-13T07:11:37Z;622;;924
2024-09-13T07:12:19Z;53;;355
2024-09-13T07:13:18Z;-44;;258
2024-09-13T07:15:17Z;;235;191
2024-09-13T07:15:25Z;-51;;184
2024-09-13T07:16:14Z;-26;;209
2024-09-13T07:21:00Z;150;;385
2024-09-13T07:21:28Z;303;;538
2024-09-13T07:21:29Z;603;;838
2024-09-13T07:22:24Z;504;;739
2024-09-13T07:22:46Z;296;;531
2024-09-13T07:27:20Z;54;;289
2024-09-13T07:30:19Z;;103;157
2024-09-13T07:31:10Z;300;;403
2024-09-13T07:31:12Z;216;;319
2024-09-13T07:31:14Z;300;;403
2024-09-13T07:31:27Z;631;;734
2024-09-13T07:32:02Z;903;;1006
2024-09-13T07:32:17Z;833;;936
2024-09-13T07:32:24Z;574;;677
2024-09-13T07:33:14Z;298;;401
2024-09-13T07:41:09Z;610;;713
2024-09-13T07:41:23Z;926;;1029
2024-09-13T07:42:00Z;879;;982
2024-09-13T07:42:09Z;591;;694
2024-09-13T07:44:09Z;642;;745
2024-09-13T07:44:14Z;911;;1014
2024-09-13T07:44:27Z;94;;197
2024-09-13T07:45:17Z;;41;135
2024-09-13T07:45:25Z;77;;118
2024-09-13T07:50:50Z;355;;396
2024-09-13T07:50:51Z;298;;339
2024-09-13T07:50:55Z;347;;388
2024-09-13T07:51:05Z;643;;684
2024-09-13T07:51:33Z;919;;960
2024-09-13T07:51:34Z;871;;912
2024-09-13T07:51:50Z;920;;961
2024-09-13T07:51:51Z;869;;910
2024-09-13T07:51:52Z;926;;967
2024-09-13T07:51:58Z;871;;912
2024-09-13T07:52:06Z;579;;620
2024-09-13T07:52:15Z;166;;207
2024-09-13T07:53:49Z;1252;;1293
2024-09-13T07:53:50Z;254;;295
2024-09-13T07:59:25Z;1074;;1115
2024-09-13T07:59:26Z;81;;122
2024-09-13T08:00:17Z;;176;257
2024-09-13T08:00:25Z;117;;293
2024-09-13T08:00:56Z;313;;489
2024-09-13T08:01:06Z;637;;813
2024-09-13T08:02:02Z;586;;762
2024-09-13T08:02:07Z;48;;224
2024-09-13T08:02:34Z;0;;176
2024-09-13T08:03:20Z;-44;;132
2024-09-13T08:03:42Z;;345;301
2024-09-13T08:05:30Z;47;;392
2024-09-13T08:05:37Z;326;;671
2024-09-13T08:05:42Z;392;;737
2024-09-13T08:08:34Z;;597;989
2024-09-13T08:10:27Z;-373;;224
2024-09-13T08:10:28Z;-324;;273
2024-09-13T08:10:34Z;-321;;276
2024-09-13T08:10:45Z;49;;646
2024-09-13T08:11:11Z;309;;906
2024-09-13T08:11:12Z;309;;906
2024-09-13T08:11:13Z;226;;823
2024-09-13T08:11:17Z;300;;897
2024-09-13T08:11:18Z;236;;833
2024-09-13T08:11:20Z;303;;900
2024-09-13T08:11:21Z;247;;844
2024-09-13T08:11:33Z;304;;901
2024-09-13T08:11:35Z;207;;804
2024-09-13T08:11:41Z;-14;;583
2024-09-13T08:13:48Z;-585;;12
2024-09-13T08:14:41Z;-648;;-51
2024-09-13T08:15:08Z;-278;;319
2024-09-13T08:15:10Z;;898;620
2024-09-13T08:15:17Z;;903;625
2024-09-13T08:15:18Z;73;;976
2024-09-13T08:15:25Z;44;;947
2024-09-13T08:15:47Z;-47;;856
2024-09-13T08:15:50Z;-768;;135
2024-09-13T08:16:25Z;;904;136
2024-09-13T08:16:27Z;;754;-14
2024-09-13T08:16:30Z;-901;;-147
2024-09-13T08:16:31Z;-848;;-94
2024-09-13T08:17:09Z;-911;;-157
2024-09-13T08:17:43Z;-925;;-171
2024-09-13T08:19:02Z;;1200;275
2024-09-13T08:20:28Z;-879;;321
2024-09-13T08:20:34Z;-630;;570
2024-09-13T08:21:09Z;-279;;921
2024-09-13T08:21:11Z;-345;;855
2024-09-13T08:21:13Z;-264;;936
2024-09-13T08:21:14Z;-318;;882
2024-09-13T08:21:15Z;-265;;935
2024-09-13T08:21:17Z;-320;;880
2024-09-13T08:21:18Z;-258;;942
2024-09-13T08:21:19Z;-348;;852
2024-09-13T08:21:20Z;-266;;934
2024-09-13T08:21:22Z;-315;;885
2024-09-13T08:21:38Z;-264;;936
2024-09-13T08:21:39Z;-1049;;151
2024-09-13T08:23:41Z;;1153;104
2024-09-13T08:24:38Z;-835;;318
2024-09-13T08:25:02Z;-589;;564
2024-09-13T08:25:10Z;-247;;906
2024-09-13T08:25:53Z;-115;;1038
2024-09-13T08:28:17Z;;1196;1081
2024-09-13T08:30:11Z;-895;;301
2024-09-13T08:30:17Z;;1207;312
2024-09-13T08:30:25Z;-869;;338
2024-09-13T08:30:33Z;-584;;623
2024-09-13T08:30:48Z;-277;;930
2024-09-13T08:31:32Z;-128;1116;1079
2024-09-13T08:31:35Z;;1214;1086
2024-09-13T08:31:37Z;;1166;1038
2024-09-13T08:31:39Z;-562;;604
2024-09-13T08:34:04Z;;1208;646
2024-09-13T08:34:57Z;-900;;308
2024-09-13T08:35:06Z;-566;;642
2024-09-13T08:35:16Z;-353;;855
2024-09-13T08:35:19Z;-318;;890
2024-09-13T08:35:20Z;-343;;865
2024-09-13T08:35:21Z;-282;;926
2024-09-13T08:36:02Z;-593;;615
2024-09-13T08:36:19Z;;1500;907
2024-09-13T08:37:20Z;-1501;;-1
2024-09-13T08:38:39Z;;1801;300
2024-09-13T08:38:45Z;-1812;;-11
2024-09-13T08:38:53Z;;2035;223
2024-09-13T08:38:56Z;-2131;;-96
2024-09-13T08:39:04Z;-2085;;-50
2024-09-13T08:39:06Z;;2098;13
2024-09-13T08:39:08Z;-1813;;285
2024-09-13T08:39:21Z;;1798;-15
2024-09-13T08:39:57Z;;1843;30
2024-09-13T08:40:17Z;-1554;;289
2024-09-13T08:40:19Z;-1504;;339
2024-09-13T08:40:28Z;-1451;;392
2024-09-13T08:40:34Z;-1229;;614
2024-09-13T08:40:52Z;-900;;943
2024-09-13T08:41:16Z;-877;;966
2024-09-13T08:41:26Z;-1167;;676
2024-09-13T08:41:29Z;-1337;;506
2024-09-13T08:41:35Z;;2058;721
2024-09-13T08:41:37Z;-1799;;259
2024-09-13T08:41:47Z;;1812;13
2024-09-13T08:42:00Z;-1490;;322
2024-09-13T08:43:11Z;-1548;;264
2024-09-13T08:43:17Z;;1846;298
2024-09-13T08:43:54Z;-1801;;45
2024-09-13T08:44:30Z;;2100;299
2024-09-13T08:44:33Z;-1784;;316
2024-09-13T08:44:35Z;-1712;;388
2024-09-13T08:44:43Z;-1817;;283
2024-09-13T08:44:49Z;-1788;;312
2024-09-13T08:44:57Z;-1434;;666
2024-09-13T08:45:17Z;-1173;;927
2024-09-13T08:45:19Z;;2329;1156
2024-09-13T08:45:25Z;;2051;878
2024-09-13T08:45:29Z;-1000;;1051
2024-09-13T08:45:36Z;;2070;1070
2024-09-13T08:45:37Z;-906;;1164
2024-09-13T08:45:40Z;-943;;1127
2024-09-13T08:45:42Z;-1965;;105
2024-09-13T08:45:44Z;-2170;2470;-100
2024-09-13T08:45:54Z;;2350;180
2024-09-13T08:45:56Z;-2096;;254
2024-09-13T08:46:04Z;;2093;-3
2024-09-13T08:46:09Z;;2134;38
2024-09-13T08:46:30Z;;2077;-19
2024-09-13T08:46:33Z;-1801;;276
2024-09-13T08:46:37Z;-1767;;310
2024-09-13T08:46:39Z;-1738;;339
2024-09-13T08:46:41Z;-1853;;224
2024-09-13T08:47:03Z;;2122;269
2024-09-13T08:47:17Z;;2408;555
2024-09-13T08:47:18Z;-2126;;282
2024-09-13T08:47:23Z;;2369;243
2024-09-13T08:47:32Z;-2057;;312
2024-09-13T08:47:48Z;-2121;;248
2024-09-13T08:47:57Z;-2687;;-318
2024-09-13T08:48:08Z;-2644;;-275
2024-09-13T08:48:14Z;;2657;13
2024-09-13T08:48:17Z;-2391;;266
2024-09-13T08:48:37Z;-2437;;220
2024-09-13T08:49:07Z;-2043;2704;267
2024-09-13T08:50:09Z;-1699;;1005
2024-09-13T08:50:25Z;;2098;399
2024-09-13T08:50:26Z;-1522;;576
2024-09-13T08:50:35Z;-1162;;936
2024-09-13T08:50:40Z;-895;;1203
2024-09-13T08:51:17Z;;1809;914
2024-09-13T08:51:27Z;;1829;934
2024-09-13T08:51:29Z;-1538;;291
2024-09-13T08:51:44Z;-1796;;33
2024-09-13T08:51:46Z;;2113;317
2024-09-13T08:51:59Z;-2114;;-1
2024-09-13T08:52:00Z;;2419;305
2024-09-13T08:53:16Z;-1962;2394;432
2024-09-13T08:53:22Z;;2424;462
2024-09-13T08:53:23Z;-2105;;319
2024-09-13T08:53:47Z;;2729;624
2024-09-13T08:53:56Z;;2670;565
2024-09-13T08:54:21Z;;2370;265
2024-09-13T08:54:27Z;-1779;;591
2024-09-13T08:54:38Z;;2090;311
2024-09-13T08:54:50Z;-1480;;610
2024-09-13T08:54:57Z;-1181;;909
2024-09-13T08:55:12Z;;2152;971
2024-09-13T08:55:39Z;;2091;910
2024-09-13T08:55:40Z;-1733;;358
2024-09-13T08:55:49Z;-1751;;340
2024-09-13T08:56:01Z;-1776;;315
2024-09-13T08:57:44Z;-1843;;248
2024-09-13T08:57:50Z;;2141;298
2024-09-13T08:57:55Z;-2058;;83
2024-09-13T08:57:58Z;;2421;363
2024-09-13T08:58:16Z;;2380;322
2024-09-13T08:58:19Z;-2002;;378
2024-09-13T08:58:21Z;;2099;97
2024-09-13T08:58:26Z;-1806;;293
2024-09-13T09:00:17Z;;1970;164
2024-09-13T09:00:25Z;-1758;2142;336
2024-09-13T09:00:34Z;-1507;;635
2024-09-13T09:00:39Z;-1176;;966
2024-09-13T09:01:01Z;-881;;1261
2024-09-13T09:01:03Z;-929;;1213
2024-09-13T09:01:06Z;-876;;1266
2024-09-13T09:01:24Z;-1566;;576
2024-09-13T09:01:41Z;;1738;172
2024-09-13T09:01:43Z;-1449;;289
2024-09-13T09:01:44Z;-1484;;254
2024-09-13T09:01:45Z;;1827;343
2024-09-13T09:01:49Z;-1573;;254
2024-09-13T09:03:37Z;-1802;;25
2024-09-13T09:03:40Z;;2117;315
2024-09-13T09:04:10Z;-2099;;18
2024-09-13T09:04:13Z;-2081;;36
2024-09-13T09:04:21Z;-2132;;-15
2024-09-13T09:04:23Z;-2157;2383;-40
2024-09-13T09:04:27Z;;2340;183
2024-09-13T09:04:33Z;;2434;277
2024-09-13T09:04:49Z;-2106;;328
2024-09-13T09:04:51Z;-1763;;671
2024-09-13T09:04:55Z;-1469;2396;965
2024-09-13T09:05:01Z;-1216;;1180
2024-09-13T09:05:08Z;;2108;892
2024-09-13T09:05:13Z;-917;;1191
2024-09-13T09:05:33Z;-731;;1377
2024-09-13T09:05:46Z;;1798;1067
2024-09-13T09:06:40Z;;1843;1112
2024-09-13T09:07:26Z;;1800;1069
2024-09-13T09:07:33Z;-1481;;319
2024-09-13T09:07:34Z;-1551;;249
2024-09-13T09:08:17Z;-1500;;300
2024-09-13T09:10:09Z;-1257;;543
2024-09-13T09:10:33Z;-907;;893
2024-09-13T09:10:39Z;-650;;1150
2024-09-13T09:10:53Z;;1494;844
2024-09-13T09:11:26Z;-1214;;280
2024-09-13T09:11:27Z;-1235;;259
2024-09-13T09:11:28Z;-1214;;280
2024-09-13T09:13:58Z;-1175;;319
2024-09-13T09:14:47Z;-871;;623
2024-09-13T09:14:51Z;-596;;898
2024-09-13T09:15:17Z;-331;;1163
2024-09-13T09:15:20Z;;1352;1021
2024-09-13T09:15:25Z;-277;;1075
2024-09-13T09:15:33Z;-378;;974
2024-09-13T09:15:34Z;-422;;930
2024-09-13T09:20:31Z;-882;;470
2024-09-13T09:20:36Z;-578;;774
2024-09-13T09:20:46Z;-326;;1026
2024-09-13T09:21:29Z;-269;;1083
2024-09-13T09:21:31Z;-453;;899
2024-09-13T09:24:40Z;-957;;395
2024-09-13T09:24:43Z;-940;;412
2024-09-13T09:24:50Z;-885;;467
2024-09-13T09:24:58Z;-623;;729
2024-09-13T09:25:06Z;-344;;1008
2024-09-13T09:25:07Z;-251;;1101
2024-09-13T09:25:14Z;-292;;1060
2024-09-13T09:25:45Z;-242;;1110
2024-09-13T09:30:03Z;-910;;442
2024-09-13T09:30:12Z;-551;;801
2024-09-13T09:30:17Z;;1323;772
2024-09-13T09:30:25Z;-310;;1013
2024-09-13T09:30:28Z;-317;;1006
2024-09-13T09:30:34Z;-299;;1024
2024-09-13T09:30:39Z;-297;;1026
2024-09-13T09:30:59Z;-1104;;219
2024-09-13T09:33:47Z;-1192;;131
2024-09-13T09:33:52Z;-1057;;266
2024-09-13T09:34:14Z;-898;;425
2024-09-13T09:34:22Z;-564;;759
2024-09-13T09:34:59Z;-1187;;136
2024-09-13T09:35:00Z;-1244;;79
2024-09-13T09:35:01Z;-1028;;295
2024-09-13T09:35:13Z;-1201;;122
2024-09-13T09:35:34Z;;1537;336
2024-09-13T09:35:54Z;;1805;604
2024-09-13T09:35:56Z;-1539;;266
2024-09-13T09:36:13Z;-1818;;-13
2024-09-13T09:36:21Z;-1816;;-11
2024-09-13T09:36:35Z;;2109;293
2024-09-13T09:36:43Z;;2084;268
2024-09-13T09:36:45Z;-1781;;303
2024-09-13T09:36:55Z;-1860;;224
2024-09-13T09:36:57Z;;2093;233
2024-09-13T09:37:08Z;-2086;;7
2024-09-13T09:37:31Z;;2401;315
2024-09-13T09:37:33Z;-2473;2741;-72
2024-09-13T09:37:36Z;-2737;;4
2024-09-13T09:37:38Z;-2684;;57
2024-09-13T09:37:41Z;;2681;-3
2024-09-13T09:37:43Z;-2424;;257
2024-09-13T09:37:45Z;;2361;-63
2024-09-13T09:37:47Z;;2351;-73
2024-09-13T09:37:55Z;-2417;;-66
2024-09-13T09:37:59Z;;2747;330
2024-09-13T09:38:00Z;;3050;633
2024-09-13T09:38:02Z;;3307;890
2024-09-13T09:38:03Z;-2774;;533
2024-09-13T09:38:04Z;-3184;;123
2024-09-13T09:38:06Z;-2966;3095;341
2024-09-13T09:38:07Z;-2729;;366
2024-09-13T09:38:08Z;;2857;128
2024-09-13T09:38:09Z;-2311;2626;-103
2024-09-13T09:38:10Z;;2381;70
2024-09-13T09:38:12Z;-2077;;304
2024-09-13T09:38:20Z;;2098;21
2024-09-13T09:38:50Z;-1756;;342
2024-09-13T09:39:18Z;-1794;;304
2024-09-13T09:39:21Z;;2153;359
2024-09-13T09:39:33Z;;2098;304
2024-09-13T09:39:41Z;-1832;;266
2024-09-13T09:39:44Z;;2148;316
2024-09-13T09:39:45Z;-1796;;352
2024-09-13T09:39:48Z;;2384;588
2024-09-13T09:39:50Z;-2148;;236
2024-09-13T09:39:51Z;;2777;629
2024-09-13T09:39:52Z;-2483;;294
2024-09-13T09:40:08Z;-2427;;350
2024-09-13T09:40:14Z;-2045;;732
2024-09-13T09:40:15Z;-2088;;689
2024-09-13T09:40:16Z;;3357;1269
2024-09-13T09:40:18Z;-2568;3786;789
2024-09-13T09:40:20Z;;3985;1417
2024-09-13T09:40:28Z;-2637;;1348
2024-09-13T09:40:30Z;-2151;3710;1834
2024-09-13T09:40:31Z;-1854;;1856
2024-09-13T09:40:32Z;-1563;;2147
2024-09-13T09:40:34Z;-1430;3466;2280
2024-09-13T09:40:35Z;;3145;1715
2024-09-13T09:40:36Z;-1582;;1563
2024-09-13T09:40:37Z;;2831;1249
2024-09-13T09:40:38Z;;2581;999
2024-09-13T09:40:39Z;;2762;1180
2024-09-13T09:40:42Z;-1873;3071;889
2024-09-13T09:40:45Z;-2211;3455;860
2024-09-13T09:40:47Z;-2495;3777;960
2024-09-13T09:40:48Z;-2728;;1049
2024-09-13T09:40:49Z;;3951;1223
2024-09-13T09:40:50Z;-3664;;287
2024-09-13T09:41:08Z;;3870;206
2024-09-13T09:41:09Z;-3419;;451
2024-09-13T09:41:10Z;-3256;3523;614
2024-09-13T09:41:12Z;-2862;3324;68
2024-09-13T09:41:27Z;-2652;;672
2024-09-13T09:41:31Z;;3660;1008
2024-09-13T09:41:33Z;-3329;;331
2024-09-13T09:41:36Z;;3550;221
2024-09-13T09:41:38Z;-3162;;388
2024-09-13T09:41:43Z;-3408;3805;142
2024-09-13T09:41:45Z;-3650;3937;529
2024-09-13T09:41:49Z;-3573;;364
2024-09-13T09:41:51Z;;3866;293
2024-09-13T09:41:52Z;-3241;3456;625
2024-09-13T09:41:54Z;-2846;3245;4
2024-09-13T09:41:55Z;-2693;2936;552
2024-09-13T09:41:59Z;-2376;2632;560
2024-09-13T09:42:04Z;-2431;2794;201
2024-09-13T09:42:06Z;-2661;;133
2024-09-13T09:42:07Z;;3052;391
2024-09-13T09:42:10Z;;3251;590
2024-09-13T09:42:11Z;-3002;;249
2024-09-13T09:42:14Z;-2967;3226;284
2024-09-13T09:42:16Z;-2784;;442
2024-09-13T09:42:17Z;;2897;113
2024-09-13T09:42:20Z;;2698;-86
2024-09-13T09:42:25Z;;2831;47
2024-09-13T09:42:26Z;-2623;;208
2024-09-13T09:42:27Z;;3089;466
2024-09-13T09:42:45Z;;2944;321
2024-09-13T09:42:46Z;-3138;3602;-194
2024-09-13T09:42:47Z;-3486;;116
2024-09-13T09:42:48Z;;3921;435
2024-09-13T09:42:58Z;-3531;;390
2024-09-13T09:43:00Z;;3841;310
2024-09-13T09:43:04Z;-3287;3578;291
2024-09-13T09:43:09Z;;3679;392
2024-09-13T09:43:11Z;-3400;3984;279
2024-09-13T09:43:21Z;;3876;476
2024-09-13T09:43:22Z;-3503;;373
2024-09-13T09:43:26Z;;3586;83
2024-09-13T09:43:28Z;-3217;;369
2024-09-13T09:43:31Z;;3299;82
2024-09-13T09:43:32Z;-2953;;346
2024-09-13T09:43:34Z;;2975;22
2024-09-13T09:43:35Z;-2619;;356
2024-09-13T09:43:37Z;-2434;2677;541
2024-09-13T09:43:42Z;;2416;-18
2024-09-13T09:43:44Z;-2055;;361
2024-09-13T09:43:49Z;-1749;;667
2024-09-13T09:44:04Z;;2112;363
2024-09-13T09:44:07Z;-1514;;598
2024-09-13T09:44:17Z;-1223;;889
2024-09-13T09:44:48Z;-915;;1197
2024-09-13T09:44:49Z;-885;;1227
2024-09-13T09:44:52Z;-861;;1251
2024-09-13T09:44:54Z;-903;;1209
2024-09-13T09:44:56Z;-976;;1136
2024-09-13T09:45:22Z;;1873;897
2024-09-13T09:45:25Z;-1661;;212
2024-09-13T09:45:41Z;-1818;;55
2024-09-13T09:46:11Z;-1796;;77
2024-09-13T09:46:50Z;;1802;6
2024-09-13T09:46:59Z;-1499;;303
2024-09-13T09:47:01Z;-1545;;257
2024-09-13T09:47:44Z;-1428;;374
2024-09-13T09:48:18Z;-1198;;604
2024-09-13T09:48:25Z;-878;;924
2024-09-13T09:48:52Z;-583;;1219
2024-09-13T09:48:54Z;-643;;1159
2024-09-13T09:49:01Z;-1388;;414
2024-09-13T09:49:18Z;-1500;;302
2024-09-13T09:49:33Z;;1840;340
2024-09-13T09:49:44Z;-1775;2068;65
2024-09-13T09:49:50Z;;2368;593
2024-09-13T09:49:52Z;-2112;;256
2024-09-13T09:49:55Z;-2434;2728;-66
2024-09-13T09:49:57Z;;2656;222
2024-09-13T09:49:58Z;-2345;;311
2024-09-13T09:50:01Z;;2467;122
2024-09-13T09:50:03Z;-2076;;391
2024-09-13T09:50:06Z;-1850;2092;617
2024-09-13T09:50:42Z;;1798;-52
2024-09-13T09:52:00Z;-1441;;357
2024-09-13T09:52:23Z;-1213;;585
2024-09-13T09:52:30Z;-932;;866
2024-09-13T09:52:48Z;;1847;915
2024-09-13T09:53:13Z;-1613;;234
2024-09-13T09:53:15Z;-1834;2125;13
2024-09-13T09:53:20Z;;2133;299
2024-09-13T09:53:22Z;-1813;;320
2024-09-13T09:53:51Z;-1803;;330
2024-09-13T09:53:53Z;;2076;273
2024-09-13T09:53:55Z;-2165;2531;-89
2024-09-13T09:53:57Z;-2516;2662;497
2024-09-13T09:54:01Z;-2710;;-48
2024-09-13T09:54:03Z;-3006;3033;-344
2024-09-13T09:54:04Z;;3328;322
2024-09-13T09:54:05Z;-3308;3691;20
2024-09-13T09:54:07Z;;3976;668
2024-09-13T09:54:08Z;-3697;;279
2024-09-13T09:54:31Z;-3583;;393
2024-09-13T09:54:32Z;-2647;2818;1329
2024-09-13T09:54:33Z;-2368;2660;13
2024-09-13T09:54:35Z;-2426;2720;234
2024-09-13T09:54:42Z;-2703;3014;17
2024-09-13T09:54:44Z;-3015;3356;-1
2024-09-13T09:54:46Z;-3355;3764;1
2024-09-13T09:54:52Z;-3268;3459;496
2024-09-13T09:54:54Z;-2841;3237;-31
2024-09-13T09:54:55Z;-2670;2878;567
2024-09-13T09:54:57Z;;2664;-6
2024-09-13T09:54:58Z;-2387;;277
2024-09-13T09:55:00Z;-2465;2702;199
2024-09-13T09:55:02Z;;2657;192
2024-09-13T09:55:04Z;-2361;;296
2024-09-13T09:55:05Z;;2359;-2
2024-09-13T09:55:06Z;-2095;;264
2024-09-13T09:55:21Z;-2123;2389;236
2024-09-13T09:55:25Z;;2665;542
2024-09-13T09:55:26Z;-2446;;219
2024-09-13T09:55:29Z;;2941;495
2024-09-13T09:55:31Z;-2754;;187
2024-09-13T09:55:32Z;-3047;3360;-106
2024-09-13T09:55:35Z;-3335;3650;25
2024-09-13T09:55:50Z;;2945;-390
2024-09-13T09:55:51Z;-2612;2688;333
2024-09-13T09:56:05Z;-2166;;522
2024-09-13T09:56:09Z;;2419;253
2024-09-13T09:56:19Z;;2438;272
2024-09-13T09:56:28Z;-1870;;568
2024-09-13T09:56:34Z;-1758;2700;680
2024-09-13T09:56:37Z;;3097;1339
2024-09-13T09:56:40Z;;2905;1147
2024-09-13T09:56:42Z;-1786;2654;1119
2024-09-13T09:56:44Z;-1550;;1104
2024-09-13T09:56:50Z;-1488;;1166
2024-09-13T09:56:51Z;;2741;1253
2024-09-13T09:57:08Z;-1634;;1107
2024-09-13T09:57:16Z;;1798;164
2024-09-13T09:57:39Z;;1834;200
2024-09-13T09:57:48Z;;2292;658
2024-09-13T09:57:49Z;-1759;;533
2024-09-13T09:57:50Z;-2114;;178
2024-09-13T09:57:52Z;;2421;307
2024-09-13T09:58:01Z;-2435;2763;-14
2024-09-13T09:58:04Z;-2717;;46
2024-09-13T09:58:05Z;-2656;;107
2024-09-13T09:58:07Z;-2363;2577;400
2024-09-13T09:58:10Z;;2658;295
2024-09-13T09:58:11Z;-2444;;214
2024-09-13T09:58:27Z;-2363;;295
2024-09-13T09:58:41Z;-1736;;922
2024-09-13T09:58:42Z;;2119;383
2024-09-13T09:58:45Z;-2045;;74
2024-09-13T09:58:46Z;;2538;493
2024-09-13T09:58:48Z;-2516;2717;672
2024-09-13T09:58:51Z;;2630;114
2024-09-13T09:58:52Z;-2314;;316
2024-09-13T09:58:54Z;-2121;;509
2024-09-13T09:58:55Z;;2352;231
2024-09-13T09:58:58Z;-2148;;204
2024-09-13T09:58:59Z;-2400;;-48
2024-09-13T09:59:00Z;;2433;33
2024-09-13T09:59:01Z;;2534;134
2024-09-13T09:59:02Z;-2872;;-338
2024-09-13T09:59:03Z;-3018;3058;186
2024-09-13T09:59:05Z;-2860;;198
2024-09-13T09:59:07Z;;3314;454
2024-09-13T09:59:08Z;-2269;3241;381
2024-09-13T09:59:09Z;;2795;526
2024-09-13T09:59:10Z;;2600;331
2024-09-13T09:59:11Z;-2304;;296
2024-09-13T09:59:12Z;;2800;496
2024-09-13T09:59:14Z;-2767;3075;33
2024-09-13T09:59:17Z;-2693;2934;382
2024-09-13T09:59:19Z;;2818;125
2024-09-13T09:59:21Z;-2462;;356
2024-09-13T09:59:24Z;-2370;;448
2024-09-13T09:59:26Z;-2765;;53
2024-09-13T09:59:27Z;;2916;151
2024-09-13T09:59:28Z;-3224;3118;-308
2024-09-13T09:59:29Z;-3536;3687;-418
2024-09-13T09:59:30Z;-3669;;18
2024-09-13T09:59:31Z;;3950;281
2024-09-13T09:59:45Z;-3553;;397
2024-09-13T09:59:47Z;;2708;-845
2024-09-13T09:59:49Z;-2361;;347
2024-09-13T09:59:54Z;;2688;327
2024-09-13T09:59:55Z;-2462;;226
2024-09-13T09:59:58Z;-2751;3045;-63
2024-09-13T10:00:00Z;-2681;3019;268
2024-09-13T10:00:02Z;;2688;7
2024-09-13T10:00:03Z;-2377;;311
2024-09-13T10:00:07Z;;2693;316
2024-09-13T10:00:09Z;-2483;;210
2024-09-13T10:00:10Z;;3080;597
2024-09-13T10:00:11Z;-2706;;374
2024-09-13T10:00:13Z;-3048;3328;622
2024-09-13T10:00:14Z;;3759;711
2024-09-13T10:00:15Z;-3476;;283
2024-09-13T10:00:16Z;;3975;499
2024-09-13T10:00:18Z;;3328;-148
2024-09-13T10:00:25Z;-3541;;-213
2024-09-13T10:00:28Z;;3888;347
2024-09-13T10:00:29Z;;3993;452
2024-09-13T10:00:34Z;-3297;3698;696
2024-09-13T10:00:35Z;-2752;;946
2024-09-13T10:00:36Z;-2561;3498;746
2024-09-13T10:00:42Z;-2715;3605;783
2024-09-13T10:00:43Z;;3979;1264
2024-09-13T10:01:04Z;;3893;1178
2024-09-13T10:01:12Z;-3699;;194
2024-09-13T10:01:49Z;;3857;158
2024-09-13T10:01:50Z;;3943;244
2024-09-13T10:01:55Z;-3575;;368
2024-09-13T10:01:56Z;-3634;;309
2024-09-13T10:02:00Z;;3883;249
2024-09-13T10:02:04Z;-3562;;321
2024-09-13T10:02:05Z;;2570;-992
2024-09-13T10:02:07Z;;3830;268
2024-09-13T10:02:08Z;-3620;3925;210
2024-09-13T10:02:25Z;;3879;259
2024-09-13T10:02:43Z;-3579;;300
2024-09-13T10:04:21Z;-3293;;586
2024-09-13T10:04:22Z;-3341;;538
2024-09-13T10:04:30Z;-3291;;588
2024-09-13T10:04:39Z;-2987;;892
2024-09-13T10:04:59Z;-2689;;1190
2024-09-13T10:05:08Z;-2545;;1334
2024-09-13T10:05:10Z;-2521;;1358
2024-09-13T10:05:15Z;-3317;;562
2024-09-13T10:05:58Z;;3568;251
2024-09-13T10:06:00Z;-3271;;297
2024-09-13T10:06:01Z;;3620;349
2024-09-13T10:06:39Z;;3558;287
2024-09-13T10:07:45Z;-2996;3261;562
2024-09-13T10:07:52Z;;3373;377
2024-09-13T10:07:53Z;-3102;;271
2024-09-13T10:07:56Z;-2923;3179;450
2024-09-13T10:07:59Z;-2909;3310;270
2024-09-13T10:11:37Z;345;;3655
2024-09-13T10:11:56Z;621;;3931
2024-09-13T10:12:01Z;943;;4253
2024-09-13T10:12:07Z;1200;;4510
2024-09-13T10:13:32Z;;43;1243
2024-09-13T10:13:36Z;1130;;1173
2024-09-13T10:13:54Z;;304;1434
2024-09-13T10:13:56Z;895;;1199
2024-09-13T10:13:57Z;948;;1252
2024-09-13T10:13:59Z;880;;1184
2024-09-13T10:14:30Z;;589;1469
2024-09-13T10:14:43Z;;886;1766
2024-09-13T10:14:53Z;276;;1162
2024-09-13T10:14:55Z;348;;1234
2024-09-13T10:15:09Z;;1196;1544
2024-09-13T10:15:23Z;284;;1480
2024-09-13T10:15:34Z;;1492;1776
2024-09-13T10:15:55Z;77;;1569
2024-09-13T10:15:59Z;312;;1804
2024-09-13T10:16:00Z;;1805;2117
2024-09-13T10:16:06Z;251;;2056
2024-09-13T10:16:26Z;;2100;2351
2024-09-13T10:16:37Z;-79;;2021
2024-09-13T10:16:49Z;907;2461;3368
2024-09-13T10:16:51Z;;2384;3291
2024-09-13T10:17:07Z;;2440;3347
2024-09-13T10:17:16Z;;2712;3619
2024-09-13T10:17:38Z;-75;;2637
2024-09-13T10:17:41Z;;3005;2930
2024-09-13T10:17:53Z;-333;;2672
2024-09-13T10:18:06Z;;3308;2975
2024-09-13T10:18:44Z;-558;;2750
2024-09-13T10:18:45Z;-561;;2747
2024-09-13T10:23:03Z;-610;;2698
2024-09-13T10:23:06Z;-3087;;221
2024-09-13T10:26:01Z;-2892;3150;416
2024-09-13T10:26:02Z;-2759;;391
2024-09-13T10:26:17Z;;2960;201
2024-09-13T10:26:26Z;-2977;;-17
2024-09-13T10:26:31Z;-2707;;253
2024-09-13T10:26:33Z;-2266;3463;694
2024-09-13T10:26:34Z;-2086;;1377
2024-09-13T10:26:36Z;-1790;;1673
2024-09-13T10:26:37Z;;3262;1472
2024-09-13T10:26:38Z;;2961;1171
2024-09-13T10:26:40Z;-1762;2724;934
2024-09-13T10:26:41Z;;2718;956
2024-09-13T10:26:49Z;-1773;;945
2024-09-13T10:26:50Z;;2539;766
2024-09-13T10:26:54Z;-1540;;999
2024-09-13T10:26:56Z;-1499;;1040
2024-09-13T10:26:58Z;-1495;;1044
2024-09-13T10:27:00Z;-1502;;1037
2024-09-13T10:27:02Z;;2708;1206
2024-09-13T10:27:06Z;-1780;;928
2024-09-13T10:27:08Z;-2188;3356;520
2024-09-13T10:27:10Z;;3617;1429
2024-09-13T10:27:12Z;;3514;1326
2024-09-13T10:27:13Z;;3212;1024
2024-09-13T10:27:14Z;-2086;;1126
2024-09-13T10:27:16Z;-2073;;1139
2024-09-13T10:27:18Z;;3329;1256
2024-09-13T10:27:35Z;-2436;;893
2024-09-13T10:27:36Z;-2700;3302;1229
2024-09-13T10:27:42Z;;3231;531
2024-09-13T10:27:43Z;;3314;614
2024-09-13T10:27:44Z;-3047;;267
2024-09-13T10:27:52Z;-3102;;212
2024-09-13T10:27:54Z;;3263;161
2024-09-13T10:27:59Z;;3452;350
2024-09-13T10:28:00Z;-3186;;266
2024-09-13T10:28:04Z;-3058;;394
2024-09-13T10:28:08Z;-3145;;307
2024-09-13T10:28:17Z;;3268;123
2024-09-13T10:28:18Z;-2772;;496
2024-09-13T10:28:19Z;;2991;219
2024-09-13T10:28:20Z;-2270;2577;721
2024-09-13T10:28:23Z;-2162;;415
2024-09-13T10:28:24Z;;2336;174
2024-09-13T10:28:28Z;-2050;;286
2024-09-13T10:28:29Z;;3122;1072
2024-09-13T10:28:30Z;-2833;;289
2024-09-13T10:28:31Z;;3327;494
2024-09-13T10:28:32Z;-3027;;300
2024-09-13T10:28:33Z;-3006;;321
2024-09-13T10:28:34Z;;3113;107
2024-09-13T10:28:35Z;-2670;;443
2024-09-13T10:28:36Z;;2954;284
2024-09-13T10:28:39Z;-2220;2424;734
2024-09-13T10:29:37Z;;920;-1300
2024-09-13T10:29:39Z;-646;;274
2024-09-13T10:29:50Z;;1154;508
2024-09-13T10:29:51Z;-925;;229
2024-09-13T10:29:53Z;;1471;546
2024-09-13T10:29:55Z;-1221;;250
2024-09-13T10:30:13Z;;3230;2009
2024-09-13T10:30:15Z;-2939;;291
2024-09-13T10:30:16Z;-3008;3369;222
2024-09-13T10:30:19Z;;3230;222
2024-09-13T10:30:20Z;-3409;;-179
2024-09-13T10:30:22Z;-3610;;-380
2024-09-13T10:30:23Z;-3022;;208
2024-09-13T10:30:24Z;-2285;;945
2024-09-13T10:30:28Z;;3815;1530
2024-09-13T10:30:29Z;-3572;3955;1670
2024-09-13T10:30:30Z;;3847;275
2024-09-13T10:30:31Z;;3019;-553
2024-09-13T10:30:32Z;;2532;-1040
2024-09-13T10:30:34Z;;3019;-553
2024-09-13T10:30:35Z;;3354;-218
2024-09-13T10:30:39Z;-2330;3746;1024
2024-09-13T10:30:40Z;-2768;3927;978
2024-09-13T10:30:41Z;-3236;3875;691
2024-09-13T10:30:42Z;-3507;;368
2024-09-13T10:30:51Z;;3561;54
2024-09-13T10:30:53Z;-3110;3688;181
2024-09-13T10:30:54Z;-3300;;388
2024-09-13T10:30:56Z;-3235;;453
2024-09-13T10:31:04Z;-2987;;701
2024-09-13T10:31:09Z;-2645;;1043
2024-09-13T10:31:52Z;-3386;;302
2024-09-13T10:32:26Z;;3902;516
2024-09-13T10:32:50Z;-3438;3853;467
2024-09-13T10:32:52Z;-3066;2781;787
2024-09-13T10:32:54Z;;1869;-1197
2024-09-13T10:32:56Z;-1623;1731;246
2024-09-13T10:32:57Z;-1524;;207
2024-09-13T10:32:58Z;-1445;;286
2024-09-13T10:32:59Z;;2308;863
2024-09-13T10:33:01Z;;2124;679
2024-09-13T10:33:02Z;-1725;;399
2024-09-13T10:33:04Z;-1699;;425
2024-09-13T10:33:06Z;;1999;300
2024-09-13T10:33:08Z;-1902;;97
2024-09-13T10:33:09Z;;2824;922
2024-09-13T10:33:10Z;-2708;;116
2024-09-13T10:33:11Z;;3328;620
2024-09-13T10:33:12Z;-3237;;91
2024-09-13T10:33:13Z;-3617;4032;795
2024-09-13T10:33:15Z;-3256;3698;81
2024-09-13T10:33:16Z;-3333;;365
2024-09-13T10:33:17Z;-2628;;1070
2024-09-13T10:33:19Z;-2118;2637;1580
2024-09-13T10:33:20Z;-2047;;590
2024-09-13T10:33:21Z;-1699;;938
2024-09-13T10:33:23Z;-1160;2383;684
2024-09-13T10:33:24Z;;1720;560
2024-09-13T10:33:25Z;;1497;337
2024-09-13T10:33:41Z;;1492;332
2024-09-13T10:33:42Z;-1170;;322
2024-09-13T10:33:43Z;;1718;548
2024-09-13T10:33:44Z;-1837;;-119
2024-09-13T10:33:45Z;;2851;1014
2024-09-13T10:33:46Z;-2586;;265
2024-09-13T10:33:48Z;-2475;;376
2024-09-13T10:33:49Z;-2124;3062;938
2024-09-13T10:33:51Z;;2634;510
2024-09-13T10:33:52Z;-1833;;801
2024-09-13T10:33:53Z;;2577;744
2024-09-13T10:34:08Z;-2564;;13
2024-09-13T10:34:11Z;-2656;2856;-79
2024-09-13T10:34:12Z;;2931;275
2024-09-13T10:34:13Z;;3316;660
2024-09-13T10:34:14Z;-3026;;290
2024-09-13T10:34:15Z;-2955;;361
2024-09-13T10:34:16Z;;3238;283
2024-09-13T10:34:17Z;-2629;;609
2024-09-13T10:34:19Z;;2960;331
2024-09-13T10:34:22Z;-2304;2582;656
2024-09-13T10:34:24Z;;2427;123
2024-09-13T10:34:26Z;-1992;;435
2024-09-13T10:34:27Z;-1637;;790
2024-09-13T10:34:28Z;-1487;2073;436
2024-09-13T10:34:29Z;;1901;414
2024-09-13T10:34:31Z;;1476;-11
2024-09-13T10:34:32Z;-1182;;294
2024-09-13T10:34:34Z;-854;1162;622
2024-09-13T10:34:49Z;-612;;550
2024-09-13T10:34:52Z;-584;;578
2024-09-13T10:34:57Z;;1215;631
2024-09-13T10:35:12Z;-579;;636
2024-09-13T10:35:29Z;68;;1283
2024-09-13T10:36:00Z;32;;1247
2024-09-13T10:36:01Z;-501;;714
2024-09-13T10:36:45Z;;904;403
2024-09-13T10:37:13Z;-640;;264
2024-09-13T10:37:24Z;;936;296
2024-09-13T10:38:25Z;;901;261
2024-09-13T10:38:27Z;-594;;307
2024-09-13T10:38:40Z;-639;;262
2024-09-13T10:38:42Z;;937;298
2024-09-13T10:39:00Z;;1206;567
2024-09-13T10:39:07Z;-913;;293
2024-09-13T10:39:22Z;;1527;614
2024-09-13T10:39:25Z;;2135;1222
2024-09-13T10:39:27Z;-1495;;640
2024-09-13T10:39:28Z;;2422;927
2024-09-13T10:39:29Z;-1448;;974
2024-09-13T10:39:31Z;-1499;;923
2024-09-13T10:39:32Z;;2703;1204
2024-09-13T10:39:34Z;-1975;3124;728
2024-09-13T10:39:36Z;;3397;1422
2024-09-13T10:39:38Z;-2190;3615;1640
2024-09-13T10:39:39Z;-2362;3986;1253
2024-09-13T10:39:40Z;-2788;;1198
2024-09-13T10:39:45Z;-2637;3861;1349
2024-09-13T10:39:47Z;;3527;890
2024-09-13T10:39:49Z;-2159;3150;513
2024-09-13T10:39:50Z;-2020;;1130
2024-09-13T10:39:54Z;;3301;1281
2024-09-13T10:39:56Z;-2107;;1194
2024-09-13T10:39:57Z;-2038;;1263
2024-09-13T10:39:58Z;-2085;;1216
2024-09-13T10:40:01Z;;3630;1545
2024-09-13T10:40:03Z;-2370;4070;1260
2024-09-13T10:40:07Z;-2794;;1276
2024-09-13T10:40:08Z;-2836;;1234
2024-09-13T10:40:43Z;-3444;3660;626
2024-09-13T10:40:47Z;-3297;;363
2024-09-13T10:40:48Z;-3409;;251
2024-09-13T10:40:51Z;-3237;3560;423
2024-09-13T10:40:53Z;;3696;459
2024-09-13T10:40:55Z;-3464;;232
2024-09-13T10:40:56Z;-3636;;60
2024-09-13T10:40:57Z;;3982;346
2024-09-13T10:41:12Z;-3558;3849;424
2024-09-13T10:41:14Z;-3380;;469
2024-09-13T10:41:15Z;;3329;-51
2024-09-13T10:41:16Z;-2843;;486
2024-09-13T10:41:17Z;-2440;;889
2024-09-13T10:41:19Z;;2978;538
2024-09-13T10:41:20Z;-2785;;193
2024-09-13T10:41:21Z;-3226;;-248
2024-09-13T10:41:22Z;-3340;;-362
2024-09-13T10:41:23Z;;3327;-13
2024-09-13T10:41:25Z;;3716;376
2024-09-13T10:41:26Z;-3293;3511;171
2024-09-13T10:41:28Z;-3371;;140
2024-09-13T10:41:29Z;-3231;;280
2024-09-13T10:41:30Z;;3673;442
2024-09-13T10:41:31Z;;3533;302
2024-09-13T10:41:33Z;-3401;;132
2024-09-13T10:41:34Z;-3635;;-102
2024-09-13T10:41:35Z;-3226;3654;19
2024-09-13T10:41:36Z;;3936;710
2024-09-13T10:41:37Z;;3716;490
2024-09-13T10:41:38Z;-3397;;319
2024-09-13T10:41:39Z;-3649;;67
2024-09-13T10:41:41Z;;3438;-211
2024-09-13T10:41:42Z;-3294;;144
2024-09-13T10:41:59Z;;3648;354
2024-09-13T10:42:01Z;-2714;3662;934
2024-09-13T10:42:03Z;;3429;715
2024-09-13T10:42:04Z;;3204;490
2024-09-13T10:42:05Z;-2261;;943
2024-09-13T10:42:06Z;-1965;;1239
2024-09-13T10:42:07Z;-2105;;1099
2024-09-13T10:42:08Z;;3489;1384
2024-09-13T10:42:09Z;-2381;;1108
2024-09-13T10:42:12Z;;3377;996
2024-09-13T10:42:13Z;-2344;;1033
2024-09-13T10:42:14Z;-2655;;722
2024-09-13T10:42:15Z;-2786;;591
2024-09-13T10:42:16Z;;3212;426
2024-09-13T10:42:18Z;;3608;822
2024-09-13T10:42:22Z;;3956;1170
2024-09-13T10:42:42Z;;3864;1078
2024-09-13T10:42:43Z;;3590;804
2024-09-13T10:42:46Z;-2682;;908
2024-09-13T10:42:47Z;-2341;;1249
2024-09-13T10:42:49Z;-2403;;1187
2024-09-13T10:42:50Z;;3677;1274
2024-09-13T10:42:51Z;-2743;;934
2024-09-13T10:42:54Z;;3959;1216
2024-09-13T10:42:58Z;;3876;1133
2024-09-13T10:42:59Z;-2531;;1345
2024-09-13T10:43:00Z;-1913;;1963
2024-09-13T10:43:01Z;-1333;;2543
2024-09-13T10:43:02Z;;3392;2059
2024-09-13T10:43:18Z;-2474;2616;918
2024-09-13T10:43:19Z;-2728;3100;-112
2024-09-13T10:43:20Z;;3538;810
2024-09-13T10:43:22Z;;3773;1045
2024-09-13T10:43:23Z;;3963;1235
2024-09-13T10:43:26Z;-2673;;1290
2024-09-13T10:43:27Z;-2117;;1846
2024-09-13T10:43:28Z;-1507;;2456
2024-09-13T10:43:29Z;;3688;2181
2024-09-13T10:43:30Z;;3227;1720
2024-09-13T10:43:32Z;;2857;1350
2024-09-13T10:43:33Z;;3043;1536
2024-09-13T10:43:35Z;-1404;;1639
2024-09-13T10:43:36Z;-1539;3405;1504
2024-09-13T10:43:38Z;;3225;1686
2024-09-13T10:43:40Z;-1253;;1972
2024-09-13T10:43:41Z;;3558;2305
2024-09-13T10:43:42Z;-1850;;1708
2024-09-13T10:43:45Z;;3913;2063
2024-09-13T10:43:47Z;;3689;1839
2024-09-13T10:43:48Z;;3911;2061
2024-09-13T10:43:53Z;;3850;2000
2024-09-13T10:43:55Z;-1745;;2105
2024-09-13T10:43:59Z;-1720;;2130
2024-09-13T10:44:01Z;;3910;2190
2024-09-13T10:44:04Z;;3857;2137
2024-09-13T10:44:06Z;-1798;;2059
2024-09-13T10:44:09Z;;3480;1682
2024-09-13T10:44:10Z;-2251;;1229
2024-09-13T10:44:13Z;-2079;3273;1401
2024-09-13T10:44:17Z;-1957;;1316
2024-09-13T10:44:18Z;-2463;;810
2024-09-13T10:44:19Z;;3396;933
2024-09-13T10:44:20Z;;3607;1144
2024-09-13T10:44:22Z;;3508;1045
2024-09-13T10:44:36Z;-2709;;799
2024-09-13T10:44:45Z;-2731;;777
2024-09-13T10:44:46Z;;3923;1192
2024-09-13T10:44:59Z;;3875;1144
2024-09-13T10:45:00Z;-2698;;1177
2024-09-13T10:45:02Z;-2525;;1350
2024-09-13T10:45:03Z;;3464;1330
2024-09-13T10:45:05Z;-2134;3233;1741
2024-09-13T10:45:09Z;-2191;;1042
2024-09-13T10:45:10Z;-2563;;670
2024-09-13T10:45:11Z;;3418;855
2024-09-13T10:45:13Z;;3755;1192
2024-09-13T10:45:17Z;;3710;1147
2024-09-13T10:45:21Z;-2731;;979
2024-09-13T10:45:30Z;-2729;;981
2024-09-13T10:45:35Z;;3926;1197
2024-09-13T10:45:37Z;-2558;;1368
2024-09-13T10:45:39Z;-1938;3785;1988
2024-09-13T10:45:40Z;-1828;;1957
2024-09-13T10:45:54Z;;3420;1592
2024-09-13T10:45:55Z;-1830;;1590
2024-09-13T10:45:56Z;;2861;1031
2024-09-13T10:45:57Z;;3009;1179
2024-09-13T10:46:07Z;;2940;1110
2024-09-13T10:46:08Z;-1741;;1199
2024-09-13T10:46:10Z;-1741;;1199
2024-09-13T10:46:11Z;;3025;1284
2024-09-13T10:46:12Z;-2180;;845
2024-09-13T10:46:15Z;;3430;1250
2024-09-13T10:46:16Z;;3679;1499
2024-09-13T10:46:17Z;;3588;1408
2024-09-13T10:46:18Z;-2319;;1269
2024-09-13T10:46:21Z;;3283;964
2024-09-13T10:46:23Z;-2001;3034;1282
2024-09-13T10:46:27Z;-1799;;1235
2024-09-13T10:46:30Z;-1579;2650;1455
2024-09-13T10:46:32Z;;2741;1162
2024-09-13T10:46:34Z;-1505;;1236
2024-09-13T10:46:35Z;-1658;2557;1083
2024-09-13T10:46:39Z;-1497;2692;1060
2024-09-13T10:46:46Z;;2638;1141
2024-09-13T10:46:47Z;-1394;;1244
2024-09-13T10:46:50Z;-867;2404;1771
2024-09-13T10:46:52Z;;2035;1168
2024-09-13T10:46:54Z;-895;;1140
2024-09-13T10:47:13Z;;2764;1239
2024-09-13T10:47:14Z;;2963;2068
2024-09-13T10:47:15Z;-1448;;1515
2024-09-13T10:47:16Z;-1807;;1156
2024-09-13T10:47:17Z;;3524;1717
2024-09-13T10:47:19Z;-2094;;1430
2024-09-13T10:47:22Z;;3281;1187
2024-09-13T10:47:26Z;-1794;;1487
2024-09-13T10:47:28Z;-1788;;1493
2024-09-13T10:47:32Z;;3386;1598
2024-09-13T10:47:38Z;;3691;1903
2024-09-13T10:47:41Z;-1876;;1815
2024-09-13T10:47:43Z;-1661;3462;2030
2024-09-13T10:47:45Z;;3286;1625
2024-09-13T10:47:47Z;-1215;;2071
2024-09-13T10:47:54Z;-1197;;2089
2024-09-13T10:47:56Z;-834;2684;2452
2024-09-13T10:47:58Z;;2278;1444
2024-09-13T10:48:00Z;;2323;1489
2024-09-13T10:48:05Z;-553;;1770
2024-09-13T10:48:09Z;-549;;1774
2024-09-13T10:48:14Z;-388;2326;1935
2024-09-13T10:48:16Z;;2039;1651
2024-09-13T10:48:31Z;-247;;1792
2024-09-13T10:48:57Z;-648;;1391
2024-09-13T10:48:59Z;-92;;1947
2024-09-13T10:49:00Z;223;;2262
2024-09-13T10:49:01Z;766;;2805
2024-09-13T10:49:03Z;1083;;3122
2024-09-13T10:49:05Z;1225;;3264
2024-09-13T10:49:07Z;;1496;2721
2024-09-13T10:49:31Z;1502;;2998
2024-09-13T10:51:16Z;1802;;3298
2024-09-13T10:51:22Z;;1199;3001
2024-09-13T10:51:41Z;2217;;3416
2024-09-13T10:51:46Z;2414;;3613
2024-09-13T10:52:27Z;1775;;2974
2024-09-13T10:53:16Z;;1242;3017
2024-09-13T10:53:53Z;1498;;2740
2024-09-13T10:54:21Z;;1495;2993
2024-09-13T10:55:04Z;59;;1554
2024-09-13T10:55:10Z;-578;;917
2024-09-13T10:55:17Z;-573;;922
2024-09-13T10:55:18Z;-551;;944
2024-09-13T10:55:22Z;385;;1880
2024-09-13T10:55:23Z;965;1811;2460
2024-09-13T10:55:24Z;1213;;3024
2024-09-13T10:55:26Z;;1665;2878
2024-09-13T10:55:28Z;1520;;3185
2024-09-13T10:55:37Z;1437;1858;3102
2024-09-13T10:55:39Z;;2109;3546
2024-09-13T10:55:41Z;1189;;3298
2024-09-13T10:55:44Z;1242;;3351
2024-09-13T10:55:52Z;;2466;3708
2024-09-13T10:55:56Z;;2742;3984
2024-09-13T10:55:57Z;1108;;3850
2024-09-13T10:56:00Z;;2892;4000
2024-09-13T10:56:03Z;1334;;4226
2024-09-13T10:56:05Z;;2615;3949
2024-09-13T10:56:07Z;1180;;3795
2024-09-13T10:56:22Z;;3115;4295
2024-09-13T10:56:23Z;1329;;4444
2024-09-13T10:56:24Z;1621;2564;4185
2024-09-13T10:56:25Z;547;;3111
2024-09-13T10:56:27Z;;2721;3268
2024-09-13T10:56:29Z;234;;2955
2024-09-13T10:56:30Z;;3058;3292
2024-09-13T10:56:32Z;350;2680;3408
2024-09-13T10:56:34Z;;2385;2735
2024-09-13T10:56:36Z;756;;3141
2024-09-13T10:56:37Z;564;;2949
2024-09-13T10:56:38Z;;2070;2634
2024-09-13T10:56:39Z;-787;;1283
2024-09-13T10:56:42Z;-439;;1631
2024-09-13T10:56:44Z;328;;2398
2024-09-13T10:56:45Z;949;;3019
2024-09-13T10:56:46Z;1215;1773;3285
2024-09-13T10:56:52Z;;1797;3012
2024-09-13T10:56:58Z;1068;2157;2865
2024-09-13T10:57:00Z;;2249;3317
2024-09-13T10:57:02Z;882;;3131
2024-09-13T10:57:03Z;562;;2811
2024-09-13T10:57:04Z;;2719;3281
2024-09-13T10:57:05Z;;2969;3531
2024-09-13T10:57:07Z;191;;3160
2024-09-13T10:57:09Z;603;1921;3572
2024-09-13T10:57:12Z;915;;2836
2024-09-13T10:57:14Z;779;;2700
2024-09-13T10:57:15Z;977;;2898
2024-09-13T10:57:16Z;1206;;3127
2024-09-13T10:57:21Z;;2111;3317
2024-09-13T10:57:24Z;;2049;3255
2024-09-13T10:57:26Z;;2090;3296
2024-09-13T10:57:41Z;;2522;3728
2024-09-13T10:57:42Z;;2827;4033
2024-09-13T10:57:44Z;;3084;4290
2024-09-13T10:57:45Z;;3440;4646
2024-09-13T10:57:47Z;610;;4050
2024-09-13T10:57:48Z;449;;3889
2024-09-13T10:57:49Z;283;;3723
2024-09-13T10:57:50Z;18;;3458
2024-09-13T10:57:51Z;;3700;3718
2024-09-13T10:57:54Z;-199;3998;3501
2024-09-13T10:57:55Z;-580;;3418
2024-09-13T10:58:00Z;-606;;3392
2024-09-13T10:58:01Z;;3651;3045
2024-09-13T10:58:03Z;144;3276;2670
2024-09-13T10:58:08Z;359;2896;3635
2024-09-13T10:58:12Z;1055;;3951
2024-09-13T10:58:15Z;-1543;;1353
2024-09-13T10:58:17Z;-1750;3184;1146
2024-09-13T10:58:19Z;;3318;1568
2024-09-13T10:58:20Z;;3264;1514
2024-09-13T10:58:21Z;-1746;;1518
2024-09-13T10:58:24Z;;2994;1248
2024-09-13T10:58:25Z;;3046;1300
2024-09-13T10:58:27Z;-1967;;1079
2024-09-13T10:58:31Z;-1205;;1841
2024-09-13T10:58:32Z;;2973;1768
2024-09-13T10:58:33Z;96;;3069
2024-09-13T10:58:34Z;353;;3326
2024-09-13T10:58:35Z;270;;3243
2024-09-13T10:58:36Z;;2666;2936
2024-09-13T10:58:38Z;;2775;3045
2024-09-13T10:58:39Z;110;;2885
2024-09-13T10:58:41Z;863;;3638
2024-09-13T10:58:42Z;;2847;3710
2024-09-13T10:58:43Z;;2974;3837
2024-09-13T10:58:44Z;;2079;2942
2024-09-13T10:58:45Z;181;;2260
2024-09-13T10:58:59Z;179;;2258
2024-09-13T10:59:00Z;-1166;;913
2024-09-13T10:59:03Z;;2425;1259
2024-09-13T10:59:04Z;-1208;;1217
2024-09-13T10:59:06Z;-1249;;1176
2024-09-13T10:59:07Z;;2897;1648
2024-09-13T10:59:09Z;-1653;3021;1244
2024-09-13T10:59:11Z;;3335;1682
2024-09-13T10:59:12Z;;3743;2090
2024-09-13T10:59:13Z;-2306;;1437
2024-09-13T10:59:15Z;-2538;;1205
2024-09-13T10:59:16Z;;3951;1413
2024-09-13T10:59:17Z;-1430;;2521
2024-09-13T10:59:20Z;-1167;3885;2455
2024-09-13T10:59:21Z;;3061;1894
2024-09-13T10:59:22Z;;2465;1298
2024-09-13T10:59:24Z;-918;;1547
2024-09-13T10:59:26Z;;2389;1471
2024-09-13T10:59:27Z;;2095;1177
2024-09-13T10:59:29Z;;2228;1310
2024-09-13T10:59:30Z;-962;;1266
2024-09-13T10:59:31Z;-943;;1285
2024-09-13T10:59:36Z;;1982;1039
2024-09-13T10:59:37Z;-608;;1374
2024-09-13T10:59:41Z;;1796;1188
2024-09-13T10:59:43Z;-342;;1454
2024-09-13T10:59:54Z;46;;1842
2024-09-13T10:59:55Z;;1873;1919
2024-09-13T11:00:00Z;;1780;2118
2024-09-13T11:00:01Z;338;;2211
2024-09-13T11:00:18Z;287;;2067
2024-09-13T11:00:20Z;-264;;1516
2024-09-13T11:00:21Z;-827;;953
2024-09-13T11:00:22Z;-1076;1800;973
2024-09-13T11:00:24Z;-1258;2160;542
2024-09-13T11:00:25Z;-714;;1086
2024-09-13T11:00:26Z;-264;2759;2045
2024-09-13T11:00:27Z;;3266;3002
2024-09-13T11:00:28Z;;3397;3133
2024-09-13T11:00:29Z;-827;2538;2570
2024-09-13T11:00:30Z;;2392;1565
2024-09-13T11:00:32Z;;2120;1293
2024-09-13T11:00:33Z;;1904;1077
2024-09-13T11:00:38Z;-1021;;883
2024-09-13T11:00:39Z;-882;;1022
2024-09-13T11:00:40Z;-575;;1329
2024-09-13T11:00:42Z;-293;;1611
2024-09-13T11:00:54Z;-346;;1558
2024-09-13T11:00:58Z;-633;;1271
2024-09-13T11:01:00Z;-955;1939;949
2024-09-13T11:01:01Z;;2336;1381
2024-09-13T11:01:04Z;-1269;;1067
2024-09-13T11:01:05Z;-1580;;756
2024-09-13T11:01:06Z;;3435;1855
2024-09-13T11:01:07Z;;3847;2267
2024-09-13T11:01:09Z;-2708;3297;1717
2024-09-13T11:01:10Z;-2390;;907
2024-09-13T11:01:12Z;-1677;;1620
2024-09-13T11:01:13Z;;2671;994
2024-09-13T11:01:14Z;;1787;110
2024-09-13T11:01:15Z;;1488;-189
2024-09-13T11:01:18Z;-1186;;302
2024-09-13T11:01:20Z;-702;;786
2024-09-13T11:01:21Z;-482;;1006
2024-09-13T11:01:22Z;-275;;1213
2024-09-13T11:01:37Z;;1466;1191
2024-09-13T11:01:38Z;-238;;1250
2024-09-13T11:01:39Z;-426;;1040
2024-09-13T11:01:41Z;;2301;1875
2024-09-13T11:01:43Z;;3985;3559
2024-09-13T11:01:44Z;-2513;;1472
2024-09-13T11:01:48Z;;3888;1375
2024-09-13T11:01:51Z;;3979;1466
2024-09-13T11:01:58Z;;3733;1220
2024-09-13T11:01:59Z;-2152;;1581
2024-09-13T11:02:00Z;-2638;;1095
2024-09-13T11:02:02Z;;3968;1330
2024-09-13T11:02:08Z;;3776;1138
2024-09-13T11:02:09Z;-2720;;1056
2024-09-13T11:02:10Z;-2568;;1208
2024-09-13T11:02:11Z;;3978;1410
2024-09-13T11:02:18Z;-3546;;432
2024-09-13T11:02:20Z;-3056;;922
2024-09-13T11:02:22Z;-2902;;1076
2024-09-13T11:02:25Z;-2690;;1288
2024-09-13T11:02:33Z;;3819;1129
2024-09-13T11:02:35Z;;3936;1246
2024-09-13T11:02:38Z;-2758;;1178
2024-09-13T11:02:55Z;-2638;;1298
2024-09-13T11:03:11Z;;3846;1208
2024-09-13T11:03:13Z;;3912;1274
2024-09-13T11:03:46Z;-2395;;1517
2024-09-13T11:03:55Z;-2059;;1853
2024-09-13T11:04:13Z;-1783;;2129
2024-09-13T11:04:23Z;;3839;2056
2024-09-13T11:04:24Z;-1673;;2166
2024-09-13T11:04:27Z;;3587;1914
2024-09-13T11:04:28Z;-1576;;2011
2024-09-13T11:04:30Z;-2449;;1138
2024-09-13T11:04:31Z;;3656;1207
2024-09-13T11:04:34Z;;3910;1461
2024-09-13T11:04:38Z;;3758;1309
2024-09-13T11:04:39Z;-2358;;1400
2024-09-13T11:04:40Z;-2207;;1551
2024-09-13T11:04:42Z;;3587;1380
2024-09-13T11:04:43Z;-2093;;1494
2024-09-13T11:04:46Z;;3665;1572
2024-09-13T11:04:48Z;;3588;1495
2024-09-13T11:04:53Z;-2414;3706;1174
2024-09-13T11:04:57Z;-2285;;1421
2024-09-13T11:04:59Z;-2382;3581;1324
2024-09-13T11:05:00Z;;3675;1293
2024-09-13T11:05:15Z;-2362;;1313
2024-09-13T11:05:16Z;;3469;1107
2024-09-13T11:05:32Z;;3620;1258
2024-09-13T11:06:56Z;-2424;;1196
2024-09-13T11:06:58Z;-2355;;1265
2024-09-13T11:07:28Z;-2100;;1520
2024-09-13T11:07:53Z;-1967;;1653
2024-09-13T11:08:09Z;-1476;;2144
2024-09-13T11:08:15Z;-1330;;2290
2024-09-13T11:08:32Z;-1468;;2152
2024-09-13T11:09:10Z;;3574;2106
2024-09-13T11:10:21Z;;3622;2154
2024-09-13T11:10:46Z;-1777;;1845
2024-09-13T11:10:48Z;-1746;;1876
2024-09-13T11:10:52Z;-1627;;1995
2024-09-13T11:10:54Z;-1282;2863;2340
2024-09-13T11:10:55Z;;2683;1401
2024-09-13T11:10:57Z;-1173;;1510
2024-09-13T11:10:58Z;;2680;1507
2024-09-13T11:11:02Z;;2717;1544
2024-09-13T11:11:08Z;;2778;1605
2024-09-13T11:11:15Z;;2652;1479
2024-09-13T11:11:19Z;-1403;2775;1249
2024-09-13T11:11:24Z;-1363;2626;1412
2024-09-13T11:11:30Z;;2717;1354
2024-09-13T11:11:32Z;;2694;1331
2024-09-13T11:11:33Z;-1138;;1556
2024-09-13T11:11:37Z;;2388;1250
2024-09-13T11:11:39Z;-1693;;695
2024-09-13T11:11:41Z;-1289;;1099
2024-09-13T11:11:42Z;-1113;;1275
2024-09-13T11:11:45Z;-843;;1545
2024-09-13T11:12:04Z;-596;;1792
2024-09-13T11:12:08Z;-276;2326;2112
2024-09-13T11:12:10Z;;2174;1898
2024-09-13T11:12:12Z;58;;2232
2024-09-13T11:12:14Z;-88;2075;2086
2024-09-13T11:12:19Z;;2440;2352
2024-09-13T11:12:20Z;-310;;2130
2024-09-13T11:12:23Z;-761;2701;1679
2024-09-13T11:12:25Z;;3028;2267
2024-09-13T11:12:27Z;-901;;2127
2024-09-13T11:12:28Z;-1350;;1678
2024-09-13T11:12:29Z;;3325;1975
2024-09-13T11:12:30Z;;3618;2268
2024-09-13T11:12:37Z;-1561;;2057
2024-09-13T11:12:38Z;-2081;;1537
2024-09-13T11:12:39Z;-2312;;1306
2024-09-13T11:12:41Z;;3567;1255
2024-09-13T11:12:48Z;-2088;;1479
2024-09-13T11:12:55Z;-2160;;1407
2024-09-13T11:13:00Z;;3636;1476
2024-09-13T11:13:24Z;;3587;1427
2024-09-13T11:13:38Z;-2146;;1441
2024-09-13T11:13:40Z;;3261;1115
2024-09-13T11:13:42Z;;3316;1170
2024-09-13T11:13:45Z;-1953;;1363
2024-09-13T11:13:46Z;-85;;3231
2024-09-13T11:13:48Z;;3246;3161
2024-09-13T11:13:52Z;;3321;3236
2024-09-13T11:13:56Z;-2120;;1201
2024-09-13T11:13:58Z;-2040;;1281
2024-09-13T11:14:01Z;-2118;;1203
2024-09-13T11:14:05Z;;3644;1526
2024-09-13T11:14:07Z;;3558;1440
2024-09-13T11:14:15Z;-2022;;1536
2024-09-13T11:14:16Z;;3222;1200
2024-09-13T11:14:18Z;;3309;1287
2024-09-13T11:14:20Z;;3226;1204
2024-09-13T11:14:21Z;-1745;;1481
2024-09-13T11:14:25Z;-1864;;1362
2024-09-13T11:14:27Z;-2184;;1042
2024-09-13T11:14:42Z;-1887;3677;1339
2024-09-13T11:14:43Z;-1766;;1911
2024-09-13T11:14:45Z;-1746;;1931
2024-09-13T11:14:46Z;;3464;1718
2024-09-13T11:14:47Z;;3158;1412
2024-09-13T11:14:48Z;;3355;1609
2024-09-13T11:14:52Z;-2011;;1344
2024-09-13T11:14:53Z;-1901;;1454
2024-09-13T11:14:55Z;;3104;1203
2024-09-13T11:14:56Z;;2999;1098
2024-09-13T11:14:57Z;-1511;;1488
2024-09-13T11:15:02Z;-1575;;1424
2024-09-13T11:15:03Z;;3141;1566
2024-09-13T11:15:07Z;-1503;2762;1638
2024-09-13T11:15:09Z;;2422;919
2024-09-13T11:15:10Z;;2228;725
2024-09-13T11:15:11Z;-930;;1298
2024-09-13T11:15:14Z;;2080;1150
2024-09-13T11:15:17Z;-855;;1225
2024-09-13T11:15:18Z;;2181;1326
2024-09-13T11:15:21Z;;2095;1240
2024-09-13T11:15:22Z;-912;;1183
2024-09-13T11:15:26Z;-995;;1100
2024-09-13T11:15:28Z;;2436;1441
2024-09-13T11:15:29Z;;2322;1327
2024-09-13T11:15:30Z;;2098;1103
2024-09-13T11:15:32Z;;2146;1151
2024-09-13T11:15:38Z;;2404;1409
2024-09-13T11:15:39Z;-954;;1450
2024-09-13T11:15:43Z;-1203;2706;1201
2024-09-13T11:16:00Z;-1129;;1577
2024-09-13T11:16:01Z;;3083;1954
2024-09-13T11:16:02Z;-1363;;1720
2024-09-13T11:16:05Z;;3469;2106
2024-09-13T11:16:07Z;-1510;3659;2296
2024-09-13T11:16:08Z;;3573;2063
2024-09-13T11:16:14Z;-1143;3293;2430
2024-09-13T11:16:18Z;-854;;2439
2024-09-13T11:16:19Z;-835;;2458
2024-09-13T11:16:20Z;;3380;2545
2024-09-13T11:16:21Z;-1244;;2136
2024-09-13T11:16:24Z;;3598;2354
2024-09-13T11:16:27Z;-1462;;2136
2024-09-13T11:16:40Z;-2391;;1207
2024-09-13T11:18:02Z;-2129;3590;1469
2024-09-13T11:18:12Z;;3174;1045
2024-09-13T11:18:13Z;-1710;;1464
2024-09-13T11:18:15Z;-1461;;1713
2024-09-13T11:18:16Z;-1278;2934;1656
2024-09-13T11:18:18Z;;2590;1312
2024-09-13T11:18:19Z;-1175;;1415
2024-09-13T11:18:21Z;;2787;1612
2024-09-13T11:18:23Z;;2856;1681
2024-09-13T11:18:37Z;-1548;3602;1308
2024-09-13T11:19:55Z;-2047;;1555
2024-09-13T11:20:00Z;;3630;1583
2024-09-13T11:20:09Z;-1789;;1841
2024-09-13T11:20:18Z;-1444;;2186
2024-09-13T11:20:29Z;-1443;;2187
2024-09-13T11:20:30Z;-1504;;2126
2024-09-13T11:20:40Z;-1452;;2178
2024-09-13T11:20:42Z;-1564;;2066
2024-09-13T11:22:32Z;-2397;;1233
2024-09-13T11:22:36Z;-2378;;1252
2024-09-13T11:22:41Z;-2405;;1225
2024-09-13T11:22:43Z;;3935;1530
2024-09-13T11:22:48Z;;3889;1484
2024-09-13T11:22:50Z;-2320;3599;1569
2024-09-13T11:22:52Z;;3851;1531
2024-09-13T11:22:53Z;;3913;1593
2024-09-13T11:22:54Z;-2535;;1378
2024-09-13T11:22:57Z;;3835;1300
2024-09-13T11:22:58Z;;3973;1438
2024-09-13T11:23:00Z;;3199;664
2024-09-13T11:23:01Z;-1299;;1900
2024-09-13T11:23:02Z;-1517;;1682
2024-09-13T11:23:03Z;-2538;;661
2024-09-13T11:23:04Z;;3675;1137
2024-09-13T11:23:06Z;;3950;1412
2024-09-13T11:23:07Z;-2320;;1630
2024-09-13T11:23:08Z;;3641;1321
2024-09-13T11:23:10Z;;3184;864
2024-09-13T11:23:11Z;-2544;;640
2024-09-13T11:23:13Z;-2287;3012;897
2024-09-13T11:23:14Z;-1376;;1636
2024-09-13T11:23:15Z;-1609;2735;1359
2024-09-13T11:23:16Z;-1004;2683;1731
2024-09-13T11:23:17Z;-1609;;1074
2024-09-13T11:23:18Z;;3012;1403
2024-09-13T11:23:19Z;-1420;2401;1592
2024-09-13T11:23:20Z;-613;1709;1096
2024-09-13T11:23:21Z;-272;;1437
2024-09-13T11:23:22Z;;1715;1443
2024-09-13T11:23:23Z;-437;;1278
2024-09-13T11:23:25Z;-730;;985
2024-09-13T11:23:26Z;-1838;1899;-123
2024-09-13T11:23:27Z;-1736;;163
2024-09-13T11:23:28Z;;2491;755
2024-09-13T11:23:29Z;-1953;;538
2024-09-13T11:23:30Z;-1441;;1050
2024-09-13T11:23:31Z;-1540;;951
2024-09-13T11:23:33Z;-1248;;1243
2024-09-13T11:23:34Z;-1181;;1310
2024-09-13T11:23:51Z;;1946;765
2024-09-13T11:23:52Z;-2915;;-969
2024-09-13T11:23:53Z;-3118;;-1172
2024-09-13T11:23:56Z;-2947;3504;557
2024-09-13T11:24:00Z;-2659;;845
2024-09-13T11:24:01Z;-2797;;707
2024-09-13T11:24:02Z;;3735;938
2024-09-13T11:24:03Z;;3908;1111
2024-09-13T11:24:05Z;-3028;3661;864
2024-09-13T11:24:06Z;-2923;;738
2024-09-13T11:24:08Z;-2652;;1009
2024-09-13T11:24:09Z;;3404;752
2024-09-13T11:24:10Z;;3661;1009
2024-09-13T11:24:11Z;;3549;897
2024-09-13T11:24:12Z;-2834;;715
2024-09-13T11:24:13Z;-2568;;981
2024-09-13T11:24:14Z;-2862;;687
2024-09-13T11:24:15Z;;3737;875
2024-09-13T11:24:16Z;;3983;1121
2024-09-13T11:24:18Z;-2650;;1333
2024-09-13T11:24:20Z;;3888;1238
2024-09-13T11:24:22Z;-2386;;1502
2024-09-13T11:24:44Z;-2316;;1572
2024-09-13T11:25:27Z;-2772;;1116
2024-09-13T11:25:28Z;-2529;;1359
2024-09-13T11:25:29Z;-2054;;1834
2024-09-13T11:25:30Z;-1548;;2340
2024-09-13T11:25:52Z;-2138;;1750
2024-09-13T11:25:54Z;-3292;;596
2024-09-13T11:26:28Z;;3936;644
2024-09-13T11:27:17Z;;3618;326
2024-09-13T11:27:18Z;-3092;;526
2024-09-13T11:27:20Z;-3400;;218
2024-09-13T11:27:21Z;-3603;3571;15
2024-09-13T11:27:23Z;-3555;3939;336
2024-09-13T11:27:29Z;;3870;315
2024-09-13T11:27:30Z;;3957;402
2024-09-13T11:28:06Z;-3247;;710
2024-09-13T11:28:13Z;-2940;;1017
2024-09-13T11:28:20Z;-2674;;1283
2024-09-13T11:28:46Z;-2760;;1197
2024-09-13T11:28:48Z;-3514;;443
2024-09-13T11:28:50Z;;3897;383
2024-09-13T11:29:05Z;-2552;;1345
2024-09-13T11:29:06Z;-2777;;1120
2024-09-13T11:29:07Z;-3080;;817
2024-09-13T11:29:08Z;;3676;596
2024-09-13T11:29:09Z;-3438;;238
2024-09-13T11:29:12Z;;3933;495
2024-09-13T11:29:25Z;;3692;254
2024-09-13T11:29:26Z;-3200;;492
2024-09-13T11:29:27Z;-2735;;957
2024-09-13T11:29:28Z;-1783;;1909
2024-09-13T11:29:29Z;;3400;1617
2024-09-13T11:29:30Z;-2604;;796
2024-09-13T11:29:32Z;-2621;;779
2024-09-13T11:29:33Z;-2815;2575;585
2024-09-13T11:29:34Z;-2346;;229
2024-09-13T11:29:35Z;;2129;-217
2024-09-13T11:29:36Z;-3601;2536;190
2024-09-13T11:29:37Z;;3336;-265
2024-09-13T11:29:40Z;-3551;;-215
2024-09-13T11:29:44Z;-3207;2943;129
2024-09-13T11:29:45Z;-3538;;-595
2024-09-13T11:29:48Z;;3348;-190
2024-09-13T11:29:49Z;;3715;177
2024-09-13T11:29:51Z;;3971;433
2024-09-13T11:29:52Z;;3639;101
2024-09-13T11:29:53Z;-3629;;10
2024-09-13T11:29:54Z;-3548;;91
2024-09-13T11:29:56Z;;3994;446
2024-09-13T11:29:57Z;;3628;80
2024-09-13T11:29:58Z;;3998;450
2024-09-13T11:30:23Z;;3761;213
2024-09-13T11:30:24Z;-3440;;321
2024-09-13T11:30:25Z;-3107;3761;321
2024-09-13T11:30:26Z;-2621;;1140
2024-09-13T11:30:27Z;;3830;1209
2024-09-13T11:30:29Z;-2773;3974;1353
2024-09-13T11:30:30Z;;3148;375
2024-09-13T11:30:31Z;;3584;811
2024-09-13T11:30:32Z;;3947;1174
2024-09-13T11:30:33Z;;3783;1010
2024-09-13T11:30:35Z;;3181;408
2024-09-13T11:30:36Z;-3168;3965;1192
2024-09-13T11:30:37Z;;3236;68
2024-09-13T11:30:38Z;;2512;-656
2024-09-13T11:30:39Z;;2159;-1009
2024-09-13T11:30:40Z;-3299;;-1140
2024-09-13T11:30:41Z;-2293;;-134
2024-09-13T11:30:42Z;-1892;;267
2024-09-13T11:30:43Z;;1834;-58
2024-09-13T11:30:44Z;-1579;;255
2024-09-13T11:30:45Z;-2392;3261;1682
2024-09-13T11:30:46Z;-3614;3848;1456
2024-09-13T11:30:47Z;;3970;356
2024-09-13T11:30:48Z;;3758;144
2024-09-13T11:30:50Z;-3552;3288;-326
2024-09-13T11:30:51Z;-2997;;291
2024-09-13T11:30:52Z;-2743;;545
2024-09-13T11:30:53Z;;3348;605
2024-09-13T11:30:54Z;-2447;;901
2024-09-13T11:30:55Z;;3184;737
2024-09-13T11:30:56Z;;2713;266
2024-09-13T11:30:57Z;;2741;294
2024-09-13T11:30:58Z;-2345;;396
2024-09-13T11:30:59Z;-2832;;-91
2024-09-13T11:31:00Z;-2051;;690
2024-09-13T11:31:01Z;;3100;1049
2024-09-13T11:31:02Z;;2986;935
2024-09-13T11:31:03Z;;2334;283
2024-09-13T11:31:04Z;-1770;;564
2024-09-13T11:31:05Z;-1495;;839
2024-09-13T11:31:07Z;;2026;531
2024-09-13T11:31:09Z;;1785;290
2024-09-13T11:31:11Z;-1477;1889;308
2024-09-13T11:31:16Z;-1690;2117;199
2024-09-13T11:31:21Z;;2154;464
2024-09-13T11:31:22Z;-1742;;412
2024-09-13T11:31:25Z;-1784;2235;370
2024-09-13T11:31:27Z;;2344;560
2024-09-13T11:31:43Z;;2896;1112
2024-09-13T11:31:44Z;-1909;;987
2024-09-13T11:31:45Z;-1657;;1239
2024-09-13T11:31:46Z;-2071;;825
2024-09-13T11:31:47Z;;3080;1009
2024-09-13T11:31:49Z;;2972;901
2024-09-13T11:31:50Z;-2709;;263
2024-09-13T11:31:52Z;-2176;;796
2024-09-13T11:31:53Z;;1932;-244
2024-09-13T11:31:54Z;;1767;-409
2024-09-13T11:31:56Z;-1324;;443
2024-09-13T11:31:57Z;-1211;;556
2024-09-13T11:32:11Z;-932;;835
2024-09-13T11:32:17Z;-602;;1165
2024-09-13T11:32:20Z;-587;;1180
2024-09-13T11:32:21Z;;1786;1199
2024-09-13T11:32:22Z;-705;;1081
2024-09-13T11:32:24Z;-1374;;412
2024-09-13T11:32:25Z;;2237;863
2024-09-13T11:32:27Z;;3650;2276
2024-09-13T11:32:28Z;;3375;2001
2024-09-13T11:32:29Z;;3019;1645
2024-09-13T11:32:30Z;;2675;1301
2024-09-13T11:32:31Z;-1605;;1070
2024-09-13T11:32:32Z;-810;;1865
2024-09-13T11:32:33Z;-601;;2074
2024-09-13T11:32:34Z;;2136;1535
2024-09-13T11:32:35Z;;1792;1191
2024-09-13T11:32:36Z;-301;;1491
2024-09-13T11:32:39Z;;1504;1203
2024-09-13T11:32:45Z;;1521;1220
2024-09-13T11:32:46Z;-326;;1195
2024-09-13T11:33:01Z;-3383;;-1862
2024-09-13T11:33:02Z;;3385;2
2024-09-13T11:33:03Z;-2598;;787
2024-09-13T11:33:04Z;-3122;;263
2024-09-13T11:33:05Z;;2900;-222
2024-09-13T11:33:06Z;-1940;;960
2024-09-13T11:33:07Z;-1602;;1298
2024-09-13T11:33:09Z;-1612;2128;1288
2024-09-13T11:33:12Z;;1750;138
2024-09-13T11:33:14Z;-1434;1848;316
2024-09-13T11:33:16Z;-1918;;-70
2024-09-13T11:33:17Z;;2647;729
2024-09-13T11:33:18Z;-2708;;-61
2024-09-13T11:33:19Z;;3496;788
2024-09-13T11:33:21Z;-3624;3996;372
2024-09-13T11:33:25Z;-3561;;435
2024-09-13T11:34:55Z;;3770;209
2024-09-13T11:34:56Z;-3052;;718
2024-09-13T11:34:57Z;-3343;;427
2024-09-13T11:34:59Z;-2443;3350;1327
2024-09-13T11:35:01Z;;4019;1576
2024-09-13T11:35:02Z;;3101;658
2024-09-13T11:35:03Z;-2068;;1033
2024-09-13T11:35:05Z;-2117;;984
2024-09-13T11:35:06Z;;2849;732
2024-09-13T11:35:07Z;-3442;;-593
2024-09-13T11:35:08Z;-3644;;-795
2024-09-13T11:35:10Z;;3072;-572
2024-09-13T11:35:11Z;;2622;-1022
2024-09-13T11:35:12Z;;2391;-1253
2024-09-13T11:35:13Z;;2585;-1059
2024-09-13T11:35:15Z;;3433;-211
2024-09-13T11:35:16Z;;3995;351
2024-09-13T11:35:20Z;;3890;246
2024-09-13T11:35:21Z;;4007;363
2024-09-13T11:35:51Z;-3467;;540
2024-09-13T11:36:15Z;-3272;;735
2024-09-13T11:36:20Z;-3072;;935
2024-09-13T11:36:27Z;;3619;547
2024-09-13T11:36:28Z;-2386;;1233
2024-09-13T11:36:30Z;-2436;;1183
2024-09-13T11:36:32Z;-2229;;1390
2024-09-13T11:36:33Z;-2762;4017;857
2024-09-13T11:36:56Z;-2775;;1242
2024-09-13T11:37:19Z;-3338;3535;679
2024-09-13T11:37:21Z;;3649;311
2024-09-13T11:37:23Z;-3251;;398
2024-09-13T11:37:25Z;-3402;3538;247
2024-09-13T11:37:26Z;-3618;3878;-80
2024-09-13T11:37:28Z;;3991;373
2024-09-13T11:38:14Z;;3841;223
2024-09-13T11:38:15Z;;3567;-51
2024-09-13T11:38:16Z;-3627;;-60
2024-09-13T11:38:17Z;-3218;;349
2024-09-13T11:38:19Z;;3985;767
2024-09-13T11:38:20Z;;3247;29
2024-09-13T11:38:21Z;-2831;;416
2024-09-13T11:38:22Z;-3014;;233
2024-09-13T11:38:23Z;;3306;292
2024-09-13T11:38:24Z;;2645;-369
2024-09-13T11:38:26Z;-2778;2910;-104
2024-09-13T11:38:27Z;-2201;;709
2024-09-13T11:38:29Z;-1943;;967
2024-09-13T11:38:30Z;;3350;1407
2024-09-13T11:38:31Z;;3797;1854
2024-09-13T11:38:33Z;-2419;;1378
2024-09-13T11:38:34Z;-2892;;905
2024-09-13T11:38:35Z;;3219;327
2024-09-13T11:38:36Z;;3769;877
2024-09-13T11:38:37Z;;4001;1109
2024-09-13T11:38:38Z;-3319;;682
2024-09-13T11:38:39Z;-3209;;792
2024-09-13T11:38:40Z;-2624;;1377
2024-09-13T11:38:41Z;;3774;1150
2024-09-13T11:38:42Z;;3351;727
2024-09-13T11:38:44Z;-3618;;-267
2024-09-13T11:38:45Z;-3224;;127
2024-09-13T11:38:46Z;;3603;379
2024-09-13T11:38:48Z;;3928;704
2024-09-13T11:38:49Z;-2926;3592;368
2024-09-13T11:38:51Z;-3112;;480
2024-09-13T11:38:52Z;-3459;;133
2024-09-13T11:38:53Z;;3768;309
2024-09-13T11:38:54Z;;3278;-181
2024-09-13T11:38:56Z;-3264;;14
2024-09-13T11:38:57Z;-3402;;-124
2024-09-13T11:38:58Z;;3267;-135
2024-09-13T11:38:59Z;;2503;-899
2024-09-13T11:39:00Z;;2393;-1009
2024-09-13T11:39:01Z;-3056;;-663
2024-09-13T11:39:02Z;-2287;;106
2024-09-13T11:39:03Z;-1799;;594
2024-09-13T11:39:04Z;;2567;768
2024-09-13T11:39:06Z;;1723;-76
2024-09-13T11:39:07Z;-1363;;360
2024-09-13T11:39:09Z;-1635;;88
2024-09-13T11:39:10Z;;2229;594
2024-09-13T11:39:11Z;;3191;1556
2024-09-13T11:39:12Z;;3785;2150
2024-09-13T11:39:13Z;-2617;;1168
2024-09-13T11:39:14Z;-3064;;721
2024-09-13T11:39:15Z;-3635;;150
2024-09-13T11:39:16Z;;3846;211
2024-09-13T11:39:17Z;;2107;-1528
2024-09-13T11:39:33Z;-2534;3705;-427
2024-09-13T11:39:34Z;;4001;1467
2024-09-13T11:39:35Z;;3874;1340
2024-09-13T11:39:36Z;;3986;1452
2024-09-13T11:39:41Z;;3661;1127
2024-09-13T11:39:42Z;-3516;;145
2024-09-13T11:39:43Z;-3664;;-3
2024-09-13T11:39:45Z;;3971;307
2024-09-13T11:39:49Z;-3431;3632;540
2024-09-13T11:39:51Z;;2895;-536
2024-09-13T11:39:53Z;-2690;2690;-741
2024-09-13T11:39:54Z;-2200;;490
2024-09-13T11:39:55Z;-1829;;861
2024-09-13T11:39:56Z;;2205;376
2024-09-13T11:39:58Z;;2251;422
2024-09-13T11:39:59Z;-2340;3505;-89
2024-09-13T11:40:01Z;;3284;944
2024-09-13T11:40:02Z;;2561;221
2024-09-13T11:40:03Z;-3069;;-508
2024-09-13T11:40:04Z;-1793;;768
2024-09-13T11:40:06Z;;1805;12
2024-09-13T11:40:07Z;;2466;673
2024-09-13T11:40:09Z;;3326;1533
2024-09-13T11:40:10Z;;3821;2028
2024-09-13T11:40:11Z;-1441;;2380
2024-09-13T11:40:12Z;-1301;;2520
2024-09-13T11:40:13Z;-2591;;1230
2024-09-13T11:40:14Z;;3963;1372
2024-09-13T11:40:16Z;;3886;1295
2024-09-13T11:40:17Z;-3477;;409
2024-09-13T11:40:19Z;-3217;;669
2024-09-13T11:40:20Z;;4013;796
2024-09-13T11:40:21Z;;3098;-119
2024-09-13T11:40:22Z;;2156;-1061
2024-09-13T11:40:23Z;-3307;;-1151
2024-09-13T11:40:24Z;-3260;;-1104
2024-09-13T11:40:25Z;-3090;;-934
2024-09-13T11:40:26Z;;1626;-1464
2024-09-13T11:40:29Z;-1041;;585
2024-09-13T11:40:30Z;-479;;1147
2024-09-13T11:40:31Z;-328;;1298
2024-09-13T11:40:34Z;;1217;889
2024-09-13T11:40:51Z;;1254;926
2024-09-13T11:40:52Z;-1017;3994;3666
2024-09-13T11:40:54Z;-1394;;2600
2024-09-13T11:40:55Z;-2770;;1224
2024-09-13T11:40:59Z;-3587;;407
2024-09-13T11:41:15Z;-3648;;346
2024-09-13T11:41:27Z;-3021;2901;973
2024-09-13T11:41:29Z;;2282;-739
2024-09-13T11:41:31Z;-2426;;-144
2024-09-13T11:41:32Z;-1686;;596
2024-09-13T11:41:33Z;-1440;;842
2024-09-13T11:41:34Z;;1732;292
2024-09-13T11:41:36Z;;1763;323
2024-09-13T11:41:37Z;-1523;;240
2024-09-13T11:41:38Z;;2367;844
2024-09-13T11:41:39Z;-2255;;112
2024-09-13T11:41:41Z;-1956;;411
2024-09-13T11:41:42Z;-1566;2344;801
2024-09-13T11:41:44Z;-1493;1922;356
2024-09-13T11:41:45Z;-1808;1742;249
2024-09-13T11:41:46Z;-2961;2450;642
2024-09-13T11:41:47Z;;3529;568
2024-09-13T11:41:48Z;;2583;-378
2024-09-13T11:41:50Z;;2101;-860
2024-09-13T11:41:51Z;-2118;;-17
2024-09-13T11:41:52Z;-1823;;278
2024-09-13T11:41:53Z;-2275;;-174
2024-09-13T11:41:54Z;;2754;479
2024-09-13T11:41:55Z;;3046;771
2024-09-13T11:42:10Z;-1623;;1423
2024-09-13T11:42:11Z;-1916;;1130
2024-09-13T11:42:12Z;;3905;1989
2024-09-13T11:42:13Z;;3856;1940
2024-09-13T11:42:15Z;-1759;3952;2036
2024-09-13T11:42:16Z;-1826;;2126
2024-09-13T11:42:17Z;-2702;;1250
2024-09-13T11:42:20Z;;3878;1176
2024-09-13T11:42:21Z;-3440;;438
2024-09-13T11:42:23Z;-3617;;261
2024-09-13T11:42:24Z;;3987;370
2024-09-13T11:42:26Z;;3839;222
2024-09-13T11:42:27Z;-3545;;294
2024-09-13T11:42:28Z;-3644;;195
2024-09-13T11:42:29Z;-3589;;250
2024-09-13T11:42:30Z;;3984;395
2024-09-13T11:42:31Z;;3629;40
2024-09-13T11:42:32Z;;3500;-89
2024-09-13T11:42:33Z;-3683;;-183
2024-09-13T11:42:34Z;-3453;;47
2024-09-13T11:42:36Z;;3159;-294
2024-09-13T11:42:37Z;;2982;-471
2024-09-13T11:42:38Z;-3642;;-660
2024-09-13T11:42:40Z;-3480;;-498
2024-09-13T11:42:41Z;-3251;3052;-269
2024-09-13T11:42:42Z;;3362;111
2024-09-13T11:42:44Z;;3780;529
2024-09-13T11:42:45Z;-2768;;1012
2024-09-13T11:42:46Z;-3236;;544
2024-09-13T11:42:48Z;;3551;315
2024-09-13T11:42:49Z;;3719;483
2024-09-13T11:42:50Z;-3386;;333
2024-09-13T11:42:51Z;-3192;;527
2024-09-13T11:42:52Z;-3376;;343
2024-09-13T11:42:53Z;;3943;567
2024-09-13T11:42:56Z;-3621;;322
2024-09-13T11:43:02Z;;3895;274
2024-09-13T11:43:28Z;-3427;;468
2024-09-13T11:43:29Z;-3627;3943;268
2024-09-13T11:43:31Z;;3865;238
2024-09-13T11:43:33Z;-3423;;442
2024-09-13T11:43:34Z;-3620;3930;245
2024-09-13T11:43:43Z;;3876;256
2024-09-13T11:43:45Z;;3961;341
2024-09-13T11:43:50Z;-3481;3714;480
2024-09-13T11:43:52Z;;3927;446
2024-09-13T11:43:54Z;-3678;3482;1
2024-09-13T11:43:55Z;-3512;3240;-438
2024-09-13T11:43:56Z;-3007;;233
2024-09-13T11:43:57Z;-2688;;552
2024-09-13T11:43:59Z;-2402;3436;838
2024-09-13T11:44:00Z;;3283;881
2024-09-13T11:44:02Z;;2812;410
2024-09-13T11:44:03Z;-2142;;670
2024-09-13T11:44:04Z;-2043;;769
2024-09-13T11:44:06Z;;2535;492
2024-09-13T11:44:07Z;;2239;196
2024-09-13T11:44:08Z;-3208;;-969
2024-09-13T11:44:09Z;-3204;;-965
2024-09-13T11:44:10Z;-2573;;-334
2024-09-13T11:44:11Z;;2955;382
2024-09-13T11:44:12Z;;3784;1211
2024-09-13T11:44:13Z;;3970;1397
2024-09-13T11:44:14Z;-1890;;2080
2024-09-13T11:44:16Z;-1589;;2381
2024-09-13T11:44:17Z;;3768;2179
2024-09-13T11:44:18Z;;3277;1688
2024-09-13T11:44:19Z;-1427;;1850
2024-09-13T11:44:21Z;-1330;;1947
2024-09-13T11:44:22Z;-801;2607;2476
2024-09-13T11:44:24Z;;2136;1335
2024-09-13T11:44:25Z;;1920;1119
2024-09-13T11:44:26Z;-831;;1089
2024-09-13T11:44:27Z;-916;;1004
2024-09-13T11:44:29Z;;1766;850
2024-09-13T11:44:30Z;;1817;901
2024-09-13T11:44:31Z;-2000;;-183
2024-09-13T11:44:32Z;-1111;;706
2024-09-13T11:44:47Z;-1491;2408;326
2024-09-13T11:44:48Z;;2128;637
2024-09-13T11:44:49Z;-248;;1880
2024-09-13T11:44:50Z;-286;;1842
2024-09-13T11:44:52Z;;1703;1417
2024-09-13T11:44:53Z;;1359;1073
2024-09-13T11:44:54Z;-508;;851
2024-09-13T11:44:56Z;-887;;472
2024-09-13T11:44:57Z;-1920;;-561
2024-09-13T11:44:58Z;;1430;-490
2024-09-13T11:45:00Z;;3170;1250
2024-09-13T11:45:01Z;-1628;;1542
2024-09-13T11:45:02Z;-2237;;933
2024-09-13T11:45:04Z;;2784;547
2024-09-13T11:45:05Z;;2674;437
2024-09-13T11:45:06Z;-2520;;154
2024-09-13T11:45:07Z;-3666;;-992
2024-09-13T11:45:08Z;-3599;;-925
2024-09-13T11:45:09Z;;2797;-802
2024-09-13T11:45:10Z;;3351;-248
2024-09-13T11:45:11Z;;3910;311
2024-09-13T11:45:15Z;;3852;253
2024-09-13T11:45:20Z;;3819;220
2024-09-13T11:45:28Z;-3500;;319
2024-09-13T11:47:24Z;;3526;26
2024-09-13T11:47:25Z;-3055;;471
2024-09-13T11:47:26Z;-3303;;223
2024-09-13T11:48:01Z;-3253;;273
2024-09-13T11:48:02Z;-3346;;180
2024-09-13T11:48:06Z;-3296;;230
2024-09-13T11:48:07Z;-3367;;159
2024-09-13T11:48:14Z;-3297;;229
2024-09-13T11:48:27Z;-2962;;564
2024-09-13T11:48:42Z;;3904;942
2024-09-13T11:48:43Z;-2400;2996;34
2024-09-13T11:48:44Z;;3099;699
2024-09-13T11:48:45Z;-2776;;323
2024-09-13T11:48:47Z;;3381;605
2024-09-13T11:48:48Z;;3655;879
2024-09-13T11:48:49Z;-2595;;1060
2024-09-13T11:48:52Z;;3961;1366
2024-09-13T11:48:53Z;-2726;;1235
2024-09-13T11:48:55Z;-2677;;1284
2024-09-13T11:48:56Z;;3887;1210
2024-09-13T11:48:57Z;-2365;;1522
2024-09-13T11:48:58Z;-2430;;1457
2024-09-13T11:49:00Z;;3576;1146
2024-09-13T11:49:02Z;;3640;1210
2024-09-13T11:49:05Z;;3912;1482
2024-09-13T11:49:06Z;-3650;;262
2024-09-13T11:49:15Z;;3804;154
2024-09-13T11:49:16Z;-3343;;461
2024-09-13T11:49:17Z;-3274;;530
2024-09-13T11:49:18Z;-3368;;436
2024-09-13T11:49:19Z;;3556;188
2024-09-13T11:49:21Z;;3617;249
2024-09-13T11:49:22Z;-3174;;443
2024-09-13T11:49:24Z;-2988;;629
2024-09-13T11:49:25Z;;3367;379
2024-09-13T11:49:26Z;;3299;311
2024-09-13T11:49:27Z;;3379;391
2024-09-13T11:49:28Z;-3063;;316
2024-09-13T11:49:29Z;-3151;;228
2024-09-13T11:49:30Z;-2562;;817
2024-09-13T11:49:31Z;;3022;460
2024-09-13T11:49:32Z;;2739;177
2024-09-13T11:49:34Z;-2727;;12
2024-09-13T11:49:35Z;-3219;;-480
2024-09-13T11:49:36Z;;2953;-266
2024-09-13T11:49:37Z;;3357;138
2024-09-13T11:49:39Z;-3433;3858;639
2024-09-13T11:49:40Z;-3670;;188
2024-09-13T11:49:43Z;;4005;335
2024-09-13T11:50:27Z;;3817;147
2024-09-13T11:50:28Z;-3429;;388
2024-09-13T11:50:33Z;;3917;488
2024-09-13T11:50:34Z;-3663;;254
2024-09-13T11:50:36Z;-3478;;439
2024-09-13T11:50:37Z;;3836;358
2024-09-13T11:50:38Z;-3264;;572
2024-09-13T11:50:40Z;-3435;;401
2024-09-13T11:50:41Z;-3684;3535;152
2024-09-13T11:50:43Z;;3659;-25
2024-09-13T11:50:44Z;;4003;319
2024-09-13T11:51:20Z;-3551;;452
2024-09-13T11:51:23Z;-3636;3988;367
2024-09-13T11:51:37Z;;3864;228
2024-09-13T11:51:39Z;;3954;318
2024-09-13T11:51:47Z;-3278;;676
2024-09-13T11:51:48Z;-2480;;1474
2024-09-13T11:51:49Z;;3199;719
2024-09-13T11:51:50Z;;2612;132
2024-09-13T11:51:52Z;-2297;2788;315
2024-09-13T11:51:53Z;-2919;;-131
2024-09-13T11:51:54Z;;3350;431
2024-09-13T11:51:55Z;;3828;909
2024-09-13T11:51:56Z;;3406;487
2024-09-13T11:51:57Z;;3635;716
2024-09-13T11:51:58Z;;3310;391
2024-09-13T11:52:00Z;;2028;-891
2024-09-13T11:52:01Z;-2434;;-406
2024-09-13T11:52:02Z;-1332;;696
2024-09-13T11:52:03Z;-1244;1544;784
2024-09-13T11:52:04Z;-1191;;353
2024-09-13T11:52:08Z;;3161;1970
2024-09-13T11:52:09Z;-1554;;1607
2024-09-13T11:52:10Z;-3017;;144
2024-09-13T11:52:11Z;-3325;;-164
2024-09-13T11:52:12Z;-3610;;-449
2024-09-13T11:52:14Z;-3525;;-364
2024-09-13T11:52:15Z;;3567;42
2024-09-13T11:52:16Z;;3939;414
2024-09-13T11:52:22Z;-3168;3621;771
2024-09-13T11:52:24Z;;3042;-126
2024-09-13T11:52:38Z;-2152;;890
2024-09-13T11:52:39Z;-1815;;1227
2024-09-13T11:52:40Z;;3091;1276
2024-09-13T11:52:42Z;;2675;860
2024-09-13T11:52:43Z;-2161;;514
2024-09-13T11:52:44Z;-2076;;599
2024-09-13T11:52:45Z;-1763;2391;912
2024-09-13T11:52:46Z;-1434;;957
2024-09-13T11:52:48Z;-1172;;1219
2024-09-13T11:52:55Z;-1310;2513;1081
2024-09-13T11:53:00Z;-2348;;165
2024-09-13T11:53:01Z;-2466;2796;47
2024-09-13T11:53:10Z;;2656;190
2024-09-13T11:53:11Z;-2362;;294
2024-09-13T11:53:13Z;-2410;;246
2024-09-13T11:53:14Z;;2727;317
2024-09-13T11:53:16Z;-2277;2668;258
2024-09-13T11:53:17Z;;2362;85
2024-09-13T11:53:18Z;-2056;;306
2024-09-13T11:53:20Z;-2146;;216
2024-09-13T11:53:22Z;-2026;;336
2024-09-13T11:53:23Z;;1960;-66
2024-09-13T11:53:24Z;-1615;;345
2024-09-13T11:53:27Z;;1764;149
2024-09-13T11:53:30Z;-1460;;304
2024-09-13T11:53:38Z;;1500;40
2024-09-13T11:53:40Z;-1178;;322
2024-09-13T11:55:23Z;-1234;;266
2024-09-13T11:55:32Z;;1514;280
2024-09-13T11:55:59Z;-1240;;274
2024-09-13T11:56:12Z;;1481;241
2024-09-13T11:56:33Z;-909;;572
2024-09-13T11:56:36Z;;1838;929
2024-09-13T11:56:38Z;-847;;991
2024-09-13T11:56:39Z;;2132;1285
2024-09-13T11:56:40Z;-1122;;1010
2024-09-13T11:56:43Z;;2411;1289
2024-09-13T11:56:45Z;;2335;1213
2024-09-13T11:56:46Z;-1130;;1205
2024-09-13T11:56:49Z;;2073;943
2024-09-13T11:56:56Z;;1737;607
2024-09-13T11:56:59Z;-565;;1172
2024-09-13T11:57:00Z;-621;;1116
2024-09-13T11:57:03Z;-1514;1932;223
2024-09-13T11:57:05Z;;2281;767
2024-09-13T11:57:06Z;;2361;847
2024-09-13T11:57:07Z;-1865;;496
2024-09-13T11:57:08Z;-2158;;203
2024-09-13T11:57:10Z;;2738;580
2024-09-13T11:57:11Z;;2846;688
2024-09-13T11:57:12Z;-2540;;306
2024-09-13T11:57:13Z;-2817;;29
2024-09-13T11:57:15Z;;2922;105
2024-09-13T11:57:18Z;-2580;2653;342
2024-09-13T11:57:20Z;;2360;-220
2024-09-13T11:57:22Z;-2241;;119
2024-09-13T11:57:23Z;-1966;;394
2024-09-13T11:57:24Z;;2223;257
2024-09-13T11:57:27Z;-2350;2272;-127
2024-09-13T11:57:28Z;-2422;;-150
2024-09-13T11:57:29Z;;2167;-255
2024-09-13T11:57:30Z;-2249;;-82
2024-09-13T11:57:31Z;-2060;;107
2024-09-13T11:57:32Z;-1503;;664
2024-09-13T11:57:35Z;426;;2593
2024-09-13T11:57:52Z;181;2527;2348
2024-09-13T11:57:53Z;-383;;2144
2024-09-13T11:57:55Z;-605;;1922
2024-09-13T11:57:56Z;-955;2632;1572
2024-09-13T11:57:57Z;-1448;;1184
2024-09-13T11:57:58Z;;3428;2473
2024-09-13T11:57:59Z;;3857;2409
2024-09-13T11:58:00Z;;3474;2026
2024-09-13T11:58:01Z;;2699;1251
2024-09-13T11:58:02Z;-875;;1824
2024-09-13T11:58:03Z;-273;;2426
2024-09-13T11:58:04Z;48;;2747
2024-09-13T11:58:05Z;;2228;2276
2024-09-13T11:58:10Z;316;;2544
2024-09-13T11:58:11Z;;1771;2087
2024-09-13T11:58:47Z;;1512;1828
2024-09-13T11:58:49Z;600;;2112
2024-09-13T11:59:11Z;1516;;3028
2024-09-13T12:00:02Z;926;;2438
2024-09-13T12:00:06Z;878;;2390
2024-09-13T12:00:29Z;;1520;2398
2024-09-13T12:00:33Z;;2149;3027
2024-09-13T12:00:34Z;764;;2913
2024-09-13T12:00:37Z;;2422;3186
2024-09-13T12:00:40Z;;2709;3473
2024-09-13T12:00:46Z;567;3147;3276
2024-09-13T12:00:47Z;620;;3767
2024-09-13T12:00:48Z;531;;3678
2024-09-13T12:00:49Z;195;;3342
2024-09-13T12:00:50Z;355;;3502
2024-09-13T12:00:52Z;207;;3354
2024-09-13T12:00:53Z;60;;3207
2024-09-13T12:00:54Z;130;3400;3277
2024-09-13T12:00:56Z;;3247;3377
2024-09-13T12:00:58Z;-156;2997;3091
2024-09-13T12:01:00Z;;2654;2498
2024-09-13T12:01:02Z;-254;;2400
2024-09-13T12:01:03Z;-337;;2317
2024-09-13T12:01:04Z;;2740;2403
2024-09-13T12:01:05Z;;3069;2732
2024-09-13T12:01:07Z;191;2774;3260
2024-09-13T12:01:08Z;477;;3251
2024-09-13T12:01:09Z;;2459;2936
2024-09-13T12:01:10Z;200;2144;2659
2024-09-13T12:01:11Z;77;;2221
2024-09-13T12:01:12Z;-704;;1440
2024-09-13T12:01:13Z;-374;2075;1770
2024-09-13T12:01:14Z;81;;2156
2024-09-13T12:01:15Z;;2123;2204
2024-09-13T12:01:18Z;30;;2153
2024-09-13T12:01:20Z;-276;;1847
2024-09-13T12:01:21Z;-445;;1678
2024-09-13T12:01:24Z;;2405;1960
2024-09-13T12:01:25Z;;2737;2292
2024-09-13T12:01:26Z;;3176;2731
2024-09-13T12:01:28Z;;2935;2490
2024-09-13T12:01:29Z;;3042;2597
2024-09-13T12:01:30Z;-1005;;2037
2024-09-13T12:01:31Z;-931;;2111
2024-09-13T12:01:32Z;-974;;2068
2024-09-13T12:01:33Z;-1118;;1924
2024-09-13T12:01:47Z;;2709;1591
2024-09-13T12:01:49Z;;2613;1495
2024-09-13T12:01:53Z;-356;;2257
2024-09-13T12:01:57Z;;2366;2010
2024-09-13T12:02:00Z;;2389;2033
2024-09-13T12:02:05Z;;2345;1989
2024-09-13T12:02:11Z;-260;2698;2085
2024-09-13T12:02:13Z;;2895;2635
2024-09-13T12:02:15Z;-532;3379;2363
2024-09-13T12:02:17Z;;3612;3080
2024-09-13T12:02:19Z;-715;3008;2476
2024-09-13T12:02:20Z;-1187;2734;2019
2024-09-13T12:02:21Z;-1039;3329;2142
2024-09-13T12:02:22Z;;2947;1908
2024-09-13T12:02:23Z;-518;2972;2429
2024-09-13T12:02:24Z;-789;;2183
2024-09-13T12:02:25Z;-609;3103;2363
2024-09-13T12:02:27Z;;2813;2204
2024-09-13T12:02:28Z;;2439;1830
2024-09-13T12:02:29Z;-818;;1621
2024-09-13T12:02:30Z;-428;;2011
2024-09-13T12:02:32Z;;2403;1975
2024-09-13T12:02:36Z;;2365;1937
2024-09-13T12:02:37Z;47;;2412
2024-09-13T12:02:38Z;-60;;2305
2024-09-13T12:02:39Z;-571;;1794
2024-09-13T12:02:40Z;-1682;;683
2024-09-13T12:02:41Z;;3851;2169
2024-09-13T12:02:42Z;;2690;1008
2024-09-13T12:02:44Z;-1689;2235;553
2024-09-13T12:02:45Z;-915;;1320
2024-09-13T12:02:47Z;61;;2296
2024-09-13T12:02:50Z;;2062;2123
2024-09-13T12:02:52Z;;2031;2092
2024-09-13T12:03:06Z;-1276;;755
2024-09-13T12:03:07Z;;2776;1500
2024-09-13T12:03:08Z;;2786;1510
2024-09-13T12:03:09Z;;3374;2098
2024-09-13T12:03:10Z;-646;;2728
2024-09-13T12:03:12Z;-503;;2871
2024-09-13T12:03:13Z;;3662;3159
2024-09-13T12:03:14Z;;3473;2970
2024-09-13T12:03:16Z;-928;;2545
2024-09-13T12:03:17Z;-1213;;2260
2024-09-13T12:03:18Z;-1138;3054;2335
2024-09-13T12:03:20Z;;2932;1794
2024-09-13T12:03:21Z;;2773;1635
2024-09-13T12:03:22Z;-724;;2049
2024-09-13T12:03:23Z;-406;;2367
2024-09-13T12:03:25Z;;2383;1977
2024-09-13T12:03:26Z;;2542;2136
2024-09-13T12:03:27Z;-205;;2337
2024-09-13T12:03:28Z;-347;;2195
2024-09-13T12:03:30Z;-615;2604;1927
2024-09-13T12:03:31Z;;2957;2342
2024-09-13T12:03:32Z;;2945;2330
2024-09-13T12:03:34Z;-964;;1981
2024-09-13T12:03:35Z;-659;;2286
2024-09-13T12:03:36Z;-300;3121;2645
2024-09-13T12:03:37Z;-42;;3079
2024-09-13T12:03:38Z;;3059;3017
2024-09-13T12:03:39Z;181;2359;3240
2024-09-13T12:03:40Z;372;1870;2731
2024-09-13T12:03:41Z;;1740;2112
2024-09-13T12:04:03Z;673;;2413
2024-09-13T12:04:07Z;;1496;2169
2024-09-13T12:04:24Z;;1523;2196
2024-09-13T12:04:25Z;922;;2445
2024-09-13T12:04:33Z;1233;;2756
2024-09-13T12:04:56Z;1511;1476;3034
2024-09-13T12:05:04Z;815;;2291
2024-09-13T12:05:15Z;906;;2382
2024-09-13T12:06:11Z;859;;2335
2024-09-13T12:07:09Z;913;;2389
2024-09-13T12:07:10Z;;1206;2119
2024-09-13T12:07:16Z;1205;;2411
2024-09-13T12:07:17Z;1064;;2270
2024-09-13T12:07:25Z;;1226;2290
2024-09-13T12:07:34Z;892;;2118
2024-09-13T12:07:35Z;972;;2198
2024-09-13T12:07:36Z;888;;2114
2024-09-13T12:08:05Z;994;;2220
2024-09-13T12:08:26Z;1222;;2448
2024-09-13T12:08:33Z;1540;;2766
2024-09-13T12:08:47Z;1807;;3033
2024-09-13T12:08:50Z;1723;;2949
2024-09-13T12:09:03Z;960;;2186
2024-09-13T12:09:08Z;886;;2112
2024-09-13T12:09:11Z;;1513;2399
2024-09-13T12:09:16Z;;1647;2533
2024-09-13T12:09:17Z;571;;2218
2024-09-13T12:09:19Z;244;;1891
2024-09-13T12:09:20Z;;1987;2231
2024-09-13T12:09:23Z;51;;2038
2024-09-13T12:09:39Z;184;;2171
2024-09-13T12:09:40Z;;1830;2014
2024-09-13T12:09:51Z;236;;2066
2024-09-13T12:09:54Z;318;;2148
2024-09-13T12:10:12Z;;1748;2066
2024-09-13T12:10:24Z;640;;2388
2024-09-13T12:10:27Z;;1493;2133
2024-09-13T12:10:40Z;901;;2394
2024-09-13T12:11:07Z;;1207;2108
2024-09-13T12:11:34Z;1217;;2424
2024-09-13T12:11:49Z;;904;2121
2024-09-13T12:12:25Z;1518;;2422
2024-09-13T12:12:32Z;1852;;2756
2024-09-13T12:12:49Z;2137;;3041
2024-09-13T12:12:50Z;2038;;2942
2024-09-13T12:13:04Z;1293;;2197
2024-09-13T12:13:34Z;1135;;2039
2024-09-13T12:13:46Z;;949;2084
2024-09-13T12:14:09Z;;486;1621
2024-09-13T12:14:10Z;;996;2131
2024-09-13T12:14:53Z;;905;2040
2024-09-13T12:15:18Z;;815;1950
2024-09-13T12:15:26Z;1290;;2105
2024-09-13T12:16:19Z;;938;2228
2024-09-13T12:16:29Z;1505;;2443
2024-09-13T12:16:36Z;1810;;2748
2024-09-13T12:16:51Z;159;;1097
2024-09-13T12:17:02Z;164;;1102
2024-09-13T12:18:06Z;;1197;1361
2024-09-13T12:18:16Z;-907;;290
2024-09-13T12:19:36Z;;1500;593
2024-09-13T12:19:37Z;-1196;;304
2024-09-13T12:19:44Z;;1696;500
2024-09-13T12:19:46Z;;1760;564
2024-09-13T12:19:52Z;-1497;1810;614
2024-09-13T12:20:33Z;-974;;836
2024-09-13T12:20:34Z;;1884;910
2024-09-13T12:20:37Z;-650;;1234
2024-09-13T12:20:40Z;;1751;1101
2024-09-13T12:20:43Z;-336;1492;842
2024-09-13T12:21:00Z;-301;;1191
2024-09-13T12:22:59Z;;1545;1244
2024-09-13T12:23:01Z;-1197;;348
2024-09-13T12:23:21Z;;1802;605
2024-09-13T12:23:22Z;-1522;;280
2024-09-13T12:23:25Z;;2176;654
2024-09-13T12:23:27Z;-2010;;166
2024-09-13T12:23:28Z;;2539;529
2024-09-13T12:23:33Z;-2374;2844;834
2024-09-13T12:23:35Z;-2997;;-153
2024-09-13T12:23:36Z;-3568;;-724
2024-09-13T12:23:37Z;;2512;-1056
2024-09-13T12:23:38Z;;3931;363
2024-09-13T12:23:46Z;-3063;;868
2024-09-13T12:24:02Z;;3132;69
2024-09-13T12:24:09Z;-950;;2182
2024-09-13T12:24:11Z;-893;;2239
2024-09-13T12:24:18Z;-851;;2281
2024-09-13T12:24:22Z;;1477;626
2024-09-13T12:24:23Z;-978;;499
2024-09-13T12:24:26Z;-827;;650
2024-09-13T12:24:27Z;;1537;710
2024-09-13T12:24:30Z;-599;;938
2024-09-13T12:24:36Z;-288;;1249
2024-09-13T12:24:49Z;;1503;1215
2024-09-13T12:24:50Z;-371;;1132
2024-09-13T12:24:53Z;-620;;883
2024-09-13T12:24:54Z;;1989;1369
2024-09-13T12:24:55Z;;2209;1589
2024-09-13T12:24:57Z;-1022;;1187
2024-09-13T12:24:59Z;-2167;;42
2024-09-13T12:25:02Z;;2601;434
2024-09-13T12:25:03Z;-2519;2757;590
2024-09-13T12:25:21Z;;2664;145
2024-09-13T12:25:22Z;;3471;952
2024-09-13T12:25:23Z;-2907;;564
2024-09-13T12:25:24Z;-3188;;283
2024-09-13T12:25:25Z;-3616;;-145
2024-09-13T12:25:26Z;;3873;257
2024-09-13T12:25:27Z;;3979;363
2024-09-13T12:25:28Z;;3300;-316
2024-09-13T12:25:29Z;-2565;;735
2024-09-13T12:25:30Z;-2875;;425
2024-09-13T12:25:32Z;;3012;137
2024-09-13T12:25:33Z;;2545;-330
2024-09-13T12:25:34Z;-2435;;110
2024-09-13T12:25:35Z;-2097;;448
2024-09-13T12:25:36Z;-1799;;746
2024-09-13T12:25:37Z;;2331;532
2024-09-13T12:25:39Z;;3198;1399
2024-09-13T12:25:40Z;-1904;;1294
2024-09-13T12:25:41Z;-2345;;853
2024-09-13T12:25:43Z;;3605;1260
2024-09-13T12:25:44Z;;3975;1630
2024-09-13T12:25:45Z;-3070;;905
2024-09-13T12:25:47Z;-3416;;559
2024-09-13T12:25:48Z;-3614;;361
2024-09-13T12:26:39Z;-3546;;429
2024-09-13T12:26:50Z;;3843;297
2024-09-13T12:26:51Z;;3900;354
2024-09-13T12:27:07Z;;3597;51
2024-09-13T12:27:08Z;-3170;;427
2024-09-13T12:27:09Z;-3451;;146
2024-09-13T12:27:11Z;;3805;354
2024-09-13T12:27:13Z;;3942;491
2024-09-13T12:27:34Z;-3151;3864;413
2024-09-13T12:27:36Z;-2652;;1212
2024-09-13T12:27:37Z;-3422;;442
2024-09-13T12:27:38Z;;3588;166
2024-09-13T12:27:39Z;;3174;-248
2024-09-13T12:27:40Z;;3388;-34
2024-09-13T12:27:41Z;;3836;414
2024-09-13T12:27:42Z;;3924;502
2024-09-13T12:28:12Z;-3282;;642
2024-09-13T12:28:13Z;;3834;552
2024-09-13T12:28:14Z;;3902;620
2024-09-13T12:28:15Z;;3398;116
2024-09-13T12:28:16Z;-3369;;29
2024-09-13T12:28:17Z;-3110;;288
2024-09-13T12:28:19Z;;3167;57
2024-09-13T12:28:20Z;;3308;198
2024-09-13T12:28:21Z;-2844;;464
2024-09-13T12:28:22Z;-2605;;703
2024-09-13T12:28:24Z;-2794;3228;514
2024-09-13T12:28:25Z;;2853;59
2024-09-13T12:28:27Z;;3119;325
2024-09-13T12:28:28Z;-2590;;529
2024-09-13T12:28:29Z;-2376;;743
2024-09-13T12:28:31Z;;3766;1390
2024-09-13T12:28:32Z;;3238;862
2024-09-13T12:28:33Z;-2445;;793
2024-09-13T12:28:34Z;-2247;;991
2024-09-13T12:28:35Z;-2584;;654
2024-09-13T12:28:36Z;;3396;812
2024-09-13T12:28:37Z;;3725;1141
2024-09-13T12:28:38Z;;4008;1424
2024-09-13T12:28:39Z;-2436;;1572
2024-09-13T12:28:40Z;-2191;;1817
2024-09-13T12:28:42Z;;3711;1520
2024-09-13T12:28:43Z;;4001;1810
2024-09-13T12:28:44Z;-2137;;1864
2024-09-13T12:28:45Z;-2151;;1850
2024-09-13T12:28:46Z;-2676;;1325
2024-09-13T12:28:47Z;;3648;972
2024-09-13T12:28:49Z;;3161;485
2024-09-13T12:28:50Z;-2538;;623
2024-09-13T12:28:51Z;-2754;;407
2024-09-13T12:28:53Z;;3364;610
2024-09-13T12:28:54Z;;3938;1184
2024-09-13T12:28:55Z;-2716;3734;980
2024-09-13T12:28:57Z;-1951;;1783
2024-09-13T12:28:58Z;-2264;;1470
2024-09-13T12:28:59Z;;4001;1737
2024-09-13T12:29:02Z;-2738;;1263
2024-09-13T12:29:16Z;-3306;;695
2024-09-13T12:29:18Z;;3626;320
2024-09-13T12:29:21Z;-3256;;370
2024-09-13T12:29:22Z;-3391;;235
2024-09-13T12:29:23Z;-3286;;340
2024-09-13T12:29:24Z;;4001;715
2024-09-13T12:29:26Z;;3822;536
2024-09-13T12:29:27Z;-3491;3964;678
2024-09-13T12:29:59Z;-2280;3221;-270
2024-09-13T12:30:00Z;-1992;;1229
2024-09-13T12:30:01Z;-1716;;1505
2024-09-13T12:30:03Z;;2464;748
2024-09-13T12:30:04Z;;2313;597
2024-09-13T12:30:05Z;-1435;;878
2024-09-13T12:30:08Z;-1193;1962;527
2024-09-13T12:30:09Z;;1632;439
2024-09-13T12:30:11Z;-1287;;345
2024-09-13T12:30:13Z;-1704;1935;648
2024-09-13T12:30:14Z;-2722;2235;531
2024-09-13T12:30:15Z;;3343;621
2024-09-13T12:30:16Z;;3088;366
2024-09-13T12:30:18Z;;3343;621
2024-09-13T12:30:19Z;-3086;;257
2024-09-13T12:30:20Z;-3486;1935;-143
2024-09-13T12:30:35Z;-3545;;-1610
2024-09-13T12:30:38Z;-1965;3278;-267
2024-09-13T12:30:39Z;-1507;;1771
2024-09-13T12:30:42Z;;1926;419
2024-09-13T12:30:47Z;-1593;;333
2024-09-13T12:30:49Z;;2365;772
2024-09-13T12:30:51Z;-2424;;-59
2024-09-13T12:30:52Z;;2988;564
2024-09-13T12:30:53Z;;2527;103
2024-09-13T12:30:55Z;-1734;;793
2024-09-13T12:30:57Z;-1809;2051;718
2024-09-13T12:31:00Z;-2658;2464;655
2024-09-13T12:31:02Z;-2385;;79
2024-09-13T12:31:03Z;-1813;;651
2024-09-13T12:31:04Z;;3410;1597
2024-09-13T12:31:05Z;;2419;606
2024-09-13T12:31:06Z;;1959;146
2024-09-13T12:31:11Z;-2028;2148;335
2024-09-13T12:31:15Z;;2984;956
2024-09-13T12:31:17Z;-2574;3578;1550
2024-09-13T12:31:18Z;-3375;3989;1415
2024-09-13T12:31:19Z;-3214;2649;-726
2024-09-13T12:31:20Z;-1640;1756;-1458
2024-09-13T12:31:29Z;-1201;;555
2024-09-13T12:31:33Z;;1500;299
2024-09-13T12:31:55Z;-1054;;446
2024-09-13T12:32:00Z;-957;;543
2024-09-13T12:32:03Z;-988;;512
2024-09-13T12:32:04Z;-894;;606
2024-09-13T12:32:17Z;-913;;587
2024-09-13T12:32:19Z;-630;;870
2024-09-13T12:32:24Z;-306;1188;558
2024-09-13T12:32:35Z;88;;1276
2024-09-13T12:32:52Z;39;;1227
2024-09-13T12:32:54Z;;898;937
2024-09-13T12:33:38Z;-591;;307
2024-09-13T12:33:44Z;;968;377
2024-09-13T12:33:55Z;;1154;563
2024-09-13T12:33:56Z;-947;;207
2024-09-13T12:33:57Z;-1188;;-34
2024-09-13T12:33:58Z;;1915;727
2024-09-13T12:33:59Z;-2694;;-779
2024-09-13T12:34:00Z;;3405;711
2024-09-13T12:34:02Z;;2521;-173
2024-09-13T12:34:03Z;-2901;;-380
2024-09-13T12:34:04Z;-1878;;643
2024-09-13T12:34:05Z;-2279;1724;-154
2024-09-13T12:34:07Z;;1525;-754
2024-09-13T12:34:09Z;-1143;1733;-546
2024-09-13T12:34:11Z;;1982;839
2024-09-13T12:34:13Z;-1320;;662
2024-09-13T12:34:15Z;-1742;;240
2024-09-13T12:34:16Z;-1611;1444;-298
2024-09-13T12:34:36Z;-900;;544
2024-09-13T12:34:38Z;;1201;301
2024-09-13T12:34:42Z;-936;;265
2024-09-13T12:34:43Z;;1261;325
2024-09-13T12:34:44Z;;1366;430
2024-09-13T12:34:48Z;-1156;1576;210
2024-09-13T12:34:50Z;;1453;297
2024-09-13T12:34:51Z;-1432;;21
2024-09-13T12:34:53Z;-1673;2037;605
2024-09-13T12:34:55Z;-1855;;182
2024-09-13T12:34:57Z;-2579;2316;461
2024-09-13T12:34:58Z;-3208;;-892
2024-09-13T12:35:01Z;;3656;448
2024-09-13T12:35:10Z;-3189;;467
2024-09-13T12:35:11Z;;2990;-199
2024-09-13T12:35:12Z;;3161;-28
2024-09-13T12:35:14Z;-2606;;555
2024-09-13T12:35:15Z;-3020;;141
2024-09-13T12:35:16Z;;3358;338
2024-09-13T12:35:18Z;;3644;624
2024-09-13T12:35:19Z;-2998;;646
2024-09-13T12:35:20Z;-3165;;479
2024-09-13T12:35:23Z;;3585;420
2024-09-13T12:36:02Z;-2953;;632
2024-09-13T12:36:03Z;-3003;;582
2024-09-13T12:36:09Z;-2956;;629
2024-09-13T12:36:18Z;-2696;;889
2024-09-13T12:36:24Z;-2362;;1223
2024-09-13T12:36:30Z;;3293;931
2024-09-13T12:36:50Z;-3003;;290
2024-09-13T12:37:07Z;;3341;338
2024-09-13T12:37:40Z;;3602;599
2024-09-13T12:37:42Z;;3439;436
2024-09-13T12:37:43Z;;3298;295
2024-09-13T12:37:44Z;;3467;464
2024-09-13T12:37:46Z;;3606;603
2024-09-13T12:37:53Z;;3553;550
2024-09-13T12:37:56Z;-3332;3627;624
2024-09-13T12:37:58Z;-3041;;586
2024-09-13T12:37:59Z;-2773;;854
2024-09-13T12:38:00Z;-2918;2973;200
2024-09-13T12:38:01Z;;3039;121
2024-09-13T12:38:02Z;;3446;528
2024-09-13T12:38:03Z;;3133;215
2024-09-13T12:38:04Z;;2622;-296
2024-09-13T12:38:05Z;-2762;;-140
2024-09-13T12:38:06Z;-2422;;200
2024-09-13T12:38:07Z;-3195;;-573
2024-09-13T12:38:08Z;;3162;-33
2024-09-13T12:38:10Z;;3712;517
2024-09-13T12:38:11Z;-3382;;330
2024-09-13T12:38:26Z;;1759;-1623
2024-09-13T12:38:28Z;-2932;1957;-1425
2024-09-13T12:38:29Z;-3241;;-1284
2024-09-13T12:38:32Z;;2302;-939
2024-09-13T12:38:33Z;;2474;-767
2024-09-13T12:38:34Z;;3550;309
2024-09-13T12:38:45Z;-2866;;684
2024-09-13T12:38:46Z;;2541;-325
2024-09-13T12:38:47Z;;2972;106
2024-09-13T12:38:49Z;-2281;;691
2024-09-13T12:38:50Z;-2760;;212
2024-09-13T12:38:51Z;-2558;3139;379
2024-09-13T12:38:53Z;;3348;790
2024-09-13T12:38:55Z;-2375;;973
2024-09-13T12:38:57Z;-2505;;843
2024-09-13T12:38:58Z;-2866;;482
2024-09-13T12:38:59Z;-3038;;310
2024-09-13T12:39:00Z;-2974;;374
2024-09-13T12:39:01Z;-2422;3100;126
2024-09-13T12:39:03Z;-2886;3026;604
2024-09-13T12:39:05Z;-3026;;0
2024-09-13T12:39:07Z;;3309;283
2024-09-13T12:39:44Z;;3341;315
2024-09-13T12:39:47Z;-2667;;674
2024-09-13T12:39:50Z;-2499;2380;842
2024-09-13T12:39:52Z;;2655;156
2024-09-13T12:39:53Z;-2892;2950;451
2024-09-13T12:39:54Z;-3030;3271;379
2024-09-13T12:39:55Z;;3454;424
2024-09-13T12:39:58Z;-2981;;473
2024-09-13T12:40:05Z;;3440;459
2024-09-13T12:40:06Z;-2649;;791
2024-09-13T12:40:08Z;-2700;;740
2024-09-13T12:40:09Z;;3315;615
2024-09-13T12:40:10Z;;3072;372
2024-09-13T12:40:11Z;;2613;-87
2024-09-13T12:40:12Z;-2136;;477
2024-09-13T12:40:13Z;-2163;;450
2024-09-13T12:40:15Z;;3049;886
2024-09-13T12:40:16Z;;3357;1194
2024-09-13T12:40:17Z;-2790;;567
2024-09-13T12:40:18Z;-2552;;805
2024-09-13T12:40:20Z;-2492;3166;865
2024-09-13T12:40:21Z;;2791;299
2024-09-13T12:40:23Z;;3291;799
2024-09-13T12:40:24Z;-2133;;1158
2024-09-13T12:40:27Z;-1993;3449;1316
2024-09-13T12:40:29Z;-2155;;1294
2024-09-13T12:40:31Z;;3245;1090
2024-09-13T12:40:32Z;;3317;1162
2024-09-13T12:40:33Z;;3358;1203
2024-09-13T12:40:35Z;;2475;320
2024-09-13T12:40:36Z;;1486;-669
2024-09-13T12:40:39Z;;1450;-705
2024-09-13T12:40:41Z;-2009;;-559
2024-09-13T12:40:42Z;-1506;;-56
2024-09-13T12:40:43Z;-608;;842
2024-09-13T12:40:44Z;-217;;1233
2024-09-13T12:40:46Z;-257;;1193
2024-09-13T12:40:47Z;-686;2309;764
2024-09-13T12:41:03Z;-1827;;482
2024-09-13T12:41:04Z;-2144;;165
2024-09-13T12:41:05Z;-2755;2918;-446
2024-09-13T12:41:07Z;;2160;-595
2024-09-13T12:41:08Z;;2790;35
2024-09-13T12:41:09Z;-2050;;740
2024-09-13T12:41:10Z;-764;;2026
2024-09-13T12:41:12Z;;3477;2713
2024-09-13T12:41:14Z;-1209;;2268
2024-09-13T12:41:35Z;-921;;2556
2024-09-13T12:41:36Z;;3188;2267
2024-09-13T12:41:37Z;;3354;2433
2024-09-13T12:41:38Z;;3070;2149
2024-09-13T12:41:39Z;-923;;2147
2024-09-13T12:41:40Z;-981;;2089
2024-09-13T12:41:42Z;;2948;1967
2024-09-13T12:41:43Z;;3057;2076
2024-09-13T12:41:44Z;-708;;2349
2024-09-13T12:41:45Z;-991;;2066
2024-09-13T12:41:47Z;-1247;3355;1810
2024-09-13T12:41:51Z;-1160;;2195
2024-09-13T12:41:52Z;-1264;3277;2117
2024-09-13T12:41:53Z;-1118;;2159
2024-09-13T12:41:55Z;-1419;3554;2436
2024-09-13T12:41:59Z;;3657;2238
2024-09-13T12:42:06Z;;3437;2018
2024-09-13T12:42:21Z;;3648;2229
2024-09-13T12:42:23Z;-663;3154;1735
2024-09-13T12:42:24Z;-398;2930;2267
2024-09-13T12:42:25Z;-688;;2242
2024-09-13T12:42:26Z;-342;2610;1922
2024-09-13T12:42:28Z;;2229;1887
2024-09-13T12:42:29Z;-5;;2224
2024-09-13T12:42:31Z;103;;2332
2024-09-13T12:42:32Z;;1785;1888
2024-09-13T12:42:33Z;;1427;1530
2024-09-13T12:42:34Z;;1632;1735
2024-09-13T12:42:35Z;635;;2267
2024-09-13T12:42:36Z;503;;2135
2024-09-13T12:42:38Z;;2027;2530
2024-09-13T12:42:39Z;;1925;2428
2024-09-13T12:42:40Z;267;;2192
2024-09-13T12:42:41Z;477;;2402
2024-09-13T12:42:43Z;-23;1797;1902
2024-09-13T12:42:44Z;;2321;2298
2024-09-13T12:42:46Z;;2679;2656
2024-09-13T12:42:47Z;-116;;2563
2024-09-13T12:42:48Z;-635;;2044
2024-09-13T12:42:50Z;;3072;2437
2024-09-13T12:42:51Z;;3316;2681
2024-09-13T12:42:52Z;-1413;;1903
2024-09-13T12:42:55Z;;3649;2236
2024-09-13T12:42:56Z;;3552;2139
2024-09-13T12:43:14Z;;3604;2191
2024-09-13T12:43:22Z;-866;3492;2079
2024-09-13T12:43:40Z;;3709;2843
2024-09-13T12:43:41Z;-1220;;2489
2024-09-13T12:43:42Z;-1500;;2209
2024-09-13T12:43:47Z;-1395;3301;1801
2024-09-13T12:43:48Z;-1040;;2261
2024-09-13T12:43:51Z;;3168;2128
2024-09-13T12:43:52Z;;3544;2504
2024-09-13T12:43:53Z;-1313;;2231
2024-09-13T12:43:56Z;;3736;2423
2024-09-13T12:43:57Z;;3565;2252
2024-09-13T12:43:58Z;-1074;;2491
2024-09-13T12:43:59Z;-865;;2700
2024-09-13T12:44:00Z;;3124;2259
2024-09-13T12:44:01Z;-206;2681;1816
2024-09-13T12:44:03Z;-569;2734;2528
2024-09-13T12:44:04Z;-805;;1929
2024-09-13T12:44:05Z;-1068;;1666
2024-09-13T12:44:07Z;;3053;1985
2024-09-13T12:44:08Z;;3564;2496
2024-09-13T12:44:10Z;;3682;2614
2024-09-13T12:44:11Z;-612;3252;2184
2024-09-13T12:44:12Z;;3185;2573
2024-09-13T12:44:13Z;-959;;2226
2024-09-13T12:44:14Z;;3625;2666
2024-09-13T12:44:15Z;;3561;2602
2024-09-13T12:44:17Z;-864;;2697
2024-09-13T12:44:18Z;-1061;;2500
2024-09-13T12:44:19Z;;3776;2715
2024-09-13T12:44:21Z;;3417;2356
2024-09-13T12:44:22Z;-882;;2535
2024-09-13T12:44:23Z;-461;3253;2371
2024-09-13T12:44:24Z;;2957;2496
2024-09-13T12:44:25Z;-190;;2767
2024-09-13T12:44:26Z;185;2584;2394
2024-09-13T12:44:27Z;494;;3078
2024-09-13T12:44:28Z;681;;3265
2024-09-13T12:44:29Z;288;2443;3124
2024-09-13T12:44:31Z;;3295;3583
2024-09-13T12:44:32Z;;3526;3814
2024-09-13T12:44:33Z;-124;;3402
2024-09-13T12:44:35Z;-580;;2946
2024-09-13T12:44:36Z;454;2829;3980
2024-09-13T12:44:38Z;;2458;2912
2024-09-13T12:44:39Z;;2656;3110
2024-09-13T12:44:40Z;297;;2953
2024-09-13T12:44:41Z;401;;3057
2024-09-13T12:44:43Z;;2656;3057
2024-09-13T12:44:44Z;;3199;3600
2024-09-13T12:44:58Z;-906;;2293
2024-09-13T12:44:59Z;-1572;;1627
2024-09-13T12:45:00Z;;2306;734
2024-09-13T12:45:01Z;;2569;997
2024-09-13T12:45:02Z;;3842;2270
2024-09-13T12:45:03Z;-1515;;2327
2024-09-13T12:45:04Z;-1030;;2812
2024-09-13T12:45:06Z;;3473;2443
2024-09-13T12:45:07Z;;3246;2216
2024-09-13T12:45:08Z;-1536;;1710
2024-09-13T12:45:09Z;-1515;;1731
2024-09-13T12:45:11Z;-1193;3373;2053
2024-09-13T12:45:12Z;;3733;2540
2024-09-13T12:45:13Z;;3387;2194
2024-09-13T12:45:18Z;;3278;2085
2024-09-13T12:45:20Z;-1011;3683;2267
2024-09-13T12:45:24Z;-730;;2953
2024-09-13T12:45:25Z;-1165;;2518
2024-09-13T12:45:26Z;-1165;;2518
2024-09-13T12:45:28Z;;3459;2294
2024-09-13T12:45:29Z;;3682;2517
2024-09-13T12:45:30Z;;3506;2341
2024-09-13T12:45:31Z;;2427;1262
2024-09-13T12:45:33Z;-1313;3335;2170
2024-09-13T12:45:34Z;;2881;1568
2024-09-13T12:45:35Z;;2038;725
2024-09-13T12:45:36Z;;1699;386
2024-09-13T12:45:37Z;;1418;105
2024-09-13T12:45:39Z;;1303;-10
2024-09-13T12:45:42Z;;1574;261
2024-09-13T12:45:44Z;;2659;1346
2024-09-13T12:45:45Z;-945;;1714
2024-09-13T12:45:46Z;-196;;2463
2024-09-13T12:45:47Z;106;;2765
2024-09-13T12:45:49Z;646;;3305
2024-09-13T12:45:50Z;;3333;3979
2024-09-13T12:45:52Z;;3075;3721
2024-09-13T12:45:53Z;340;;3415
2024-09-13T12:45:54Z;-77;;2998
2024-09-13T12:45:55Z;-1113;;1962
2024-09-13T12:45:56Z;;2867;1754
2024-09-13T12:45:59Z;-995;;1872
2024-09-13T12:46:00Z;-639;;2228
2024-09-13T12:46:01Z;-624;;2243
2024-09-13T12:46:17Z;-1305;3045;2421
2024-09-13T12:46:19Z;-1178;;1867
2024-09-13T12:46:30Z;;3290;2112
2024-09-13T12:46:33Z;-886;;2404
2024-09-13T12:46:35Z;;2958;2072
2024-09-13T12:46:37Z;-602;;2356
2024-09-13T12:46:39Z;;2650;2048
2024-09-13T12:46:44Z;-541;2700;2098
2024-09-13T12:46:48Z;-835;3014;2473
2024-09-13T12:46:52Z;;3342;2507
2024-09-13T12:46:54Z;-1222;;2120
2024-09-13T12:46:55Z;-1142;;2200
2024-09-13T12:46:56Z;;3276;2134
2024-09-13T12:46:57Z;;3391;2249
2024-09-13T12:46:59Z;-1210;;2181
2024-09-13T12:47:01Z;;3601;2391
2024-09-13T12:47:07Z;-1288;3539;2329
2024-09-13T12:47:11Z;;3291;2003
2024-09-13T12:47:14Z;-921;;2370
2024-09-13T12:47:19Z;;2883;1962
2024-09-13T12:47:20Z;-463;2682;1761
2024-09-13T12:47:21Z;;2513;2050
2024-09-13T12:47:35Z;-328;;2185
2024-09-13T12:47:42Z;-1205;;1308
2024-09-13T12:47:45Z;;1470;265
2024-09-13T12:47:47Z;-1039;;431
2024-09-13T12:47:57Z;;1200;161
2024-09-13T12:48:10Z;-586;;614
2024-09-13T12:48:16Z;-250;;950
2024-09-13T12:48:26Z;55;;1255
2024-09-13T12:48:54Z;-56;;1144
2024-09-13T12:49:08Z;-591;894;838
2024-09-13T12:49:35Z;-619;;275
2024-09-13T12:49:36Z;;944;325
2024-09-13T12:49:38Z;;1126;507
2024-09-13T12:49:39Z;-726;;400
2024-09-13T12:49:40Z;;1556;830
2024-09-13T12:49:43Z;-1044;;512
2024-09-13T12:49:44Z;-1289;;267
2024-09-13T12:49:45Z;-722;;834
2024-09-13T12:49:47Z;-868;;688
2024-09-13T12:49:48Z;-1282;1146;-136
2024-09-13T12:49:49Z;-1466;;-320
2024-09-13T12:49:50Z;;1273;-193
2024-09-13T12:49:51Z;-1676;1726;260
2024-09-13T12:49:52Z;;2136;460
2024-09-13T12:49:54Z;;2374;698
2024-09-13T12:49:55Z;-2137;;237
2024-09-13T12:49:58Z;-2332;2552;415
2024-09-13T12:50:12Z;-2670;;-118
2024-09-13T12:50:15Z;-2702;;-150
2024-09-13T12:50:16Z;;3098;396
2024-09-13T12:50:23Z;-2426;;672
2024-09-13T12:50:24Z;;2628;202
2024-09-13T12:50:25Z;;2854;428
2024-09-13T12:50:26Z;;3051;625
2024-09-13T12:50:27Z;-2307;;744
2024-09-13T12:50:28Z;-3053;;-2
2024-09-13T12:50:30Z;;3329;276
2024-09-13T12:50:32Z;-3326;3636;583
2024-09-13T12:50:40Z;-3232;;404
2024-09-13T12:50:41Z;;3540;308
2024-09-13T12:50:48Z;-3030;;510
2024-09-13T12:50:49Z;;2554;-476
2024-09-13T12:50:50Z;;1839;-1191
2024-09-13T12:50:54Z;-1953;2281;-749
2024-09-13T12:50:58Z;-1167;2009;56
2024-09-13T12:51:02Z;;1675;508
2024-09-13T12:51:03Z;;1468;301
2024-09-13T12:51:31Z;-908;;560
2024-09-13T12:51:38Z;;1234;326
2024-09-13T12:51:40Z;-946;;288
2024-09-13T12:51:44Z;-1336;1609;663
2024-09-13T12:51:46Z;-3283;;-1674
2024-09-13T12:51:47Z;-3468;;-1859
2024-09-13T12:51:48Z;;3320;-148
2024-09-13T12:51:49Z;-2913;3752;284
2024-09-13T12:51:50Z;-2912;3915;1002
2024-09-13T12:51:51Z;;3741;829
2024-09-13T12:51:52Z;-1232;3290;2509
2024-09-13T12:51:53Z;-1358;;1932
2024-09-13T12:51:54Z;;1909;551
2024-09-13T12:51:55Z;;1857;499
2024-09-13T12:52:00Z;-1422;;435
2024-09-13T12:52:03Z;-1167;1818;396
2024-09-13T12:52:07Z;-1000;;818
2024-09-13T12:52:08Z;;1662;662
2024-09-13T12:52:10Z;;1681;681
2024-09-13T12:52:11Z;-1449;;232
2024-09-13T12:52:12Z;;1729;280
2024-09-13T12:52:15Z;-1022;;707
2024-09-13T12:52:16Z;-642;;1087
2024-09-13T12:52:18Z;-351;;1378
2024-09-13T12:52:50Z;-855;;874
2024-09-13T12:53:43Z;-1097;;632
2024-09-13T12:53:45Z;-1092;;637
2024-09-13T12:54:08Z;;1460;368
2024-09-13T12:54:09Z;;1589;497
2024-09-13T12:54:22Z;-898;;691
2024-09-13T12:54:24Z;;1199;301
2024-09-13T12:55:27Z;1074;;2273
2024-09-13T12:55:45Z;1201;;2400
2024-09-13T12:55:49Z;;898;2099
2024-09-13T12:56:11Z;1544;;2442
2024-09-13T12:56:16Z;1819;;2717
2024-09-13T12:56:45Z;1165;;2063
2024-09-13T12:56:55Z;;931;2096
2024-09-13T12:58:06Z;2086;;3017
2024-09-13T12:58:07Z;1151;;2082
2024-09-13T12:58:45Z;2321;;3252
2024-09-13T12:58:46Z;1158;;2089
2024-09-13T12:59:00Z;1207;;2138
2024-09-13T12:59:24Z;;873;2080
2024-09-13T12:59:27Z;;932;2139
2024-09-13T13:00:04Z;1505;;2437
2024-09-13T13:00:12Z;1890;;2822
2024-09-13T13:00:18Z;;951;2841
2024-09-13T13:00:26Z;1979;;2930
2024-09-13T13:01:42Z;;887;2866
2024-09-13T13:03:37Z;1501;;2388
2024-09-13T13:03:43Z;1449;;2336
2024-09-13T13:03:45Z;1593;;2480
2024-09-13T13:03:48Z;1493;;2380
2024-09-13T13:03:54Z;1558;;2445
2024-09-13T13:04:03Z;1817;;2704
2024-09-13T13:04:09Z;2117;;3004
2024-09-13T13:04:36Z;1436;;2323
2024-09-13T13:04:57Z;1629;;2516
2024-09-13T13:05:08Z;1616;;2503
2024-09-13T13:07:45Z;-61;;826
2024-09-13T13:07:57Z;77;;964
2024-09-13T13:08:03Z;306;;1193
2024-09-13T13:08:32Z;-189;;698
2024-09-13T13:11:50Z;46;;933
2024-09-13T13:11:58Z;334;;1221
2024-09-13T13:12:08Z;614;;1501
2024-09-13T13:12:27Z;655;;1542
2024-09-13T13:14:30Z;;600;1255
2024-09-13T13:14:31Z;;541;1196
2024-09-13T13:15:18Z;;667;1322
2024-09-13T13:15:26Z;-229;;438
2024-09-13T13:15:47Z;57;;724
2024-09-13T13:15:48Z;304;;971
2024-09-13T13:15:56Z;637;;1304
2024-09-13T13:16:23Z;154;;821
2024-09-13T13:19:45Z;86;;753
2024-09-13T13:19:50Z;338;;1005
2024-09-13T13:20:18Z;622;;1289
2024-09-13T13:20:19Z;-247;;420
2024-09-13T13:23:41Z;61;;728
2024-09-13T13:23:48Z;335;;1002
2024-09-13T13:24:14Z;631;;1298
2024-09-13T13:27:38Z;61;;728
2024-09-13T13:27:45Z;359;;1026
2024-09-13T13:28:09Z;607;;1274
2024-09-13T13:28:10Z;624;;1291
2024-09-13T13:28:11Z;-281;;386
2024-09-13T13:29:38Z;-346;;321
2024-09-13T13:29:40Z;-298;;369
2024-09-13T13:30:18Z;;754;456
2024-09-13T13:30:26Z;-312;;442
2024-09-13T13:31:07Z;-327;;427
2024-09-13T13:31:10Z;-193;;561
2024-09-13T13:31:36Z;77;;831
2024-09-13T13:31:41Z;333;;1087
2024-09-13T13:32:05Z;470;;1224
2024-09-13T13:32:06Z;-229;;525
2024-09-13T13:35:06Z;-224;;530
2024-09-13T13:35:32Z;69;;823
2024-09-13T13:35:37Z;329;;1083
2024-09-13T13:36:02Z;-341;;413
2024-09-13T13:37:32Z;-338;;416
2024-09-13T13:37:33Z;-234;;520
2024-09-13T13:39:00Z;-296;;458
2024-09-13T13:39:27Z;86;;840
2024-09-13T13:39:32Z;351;;1105
2024-09-13T13:39:57Z;578;;1332
2024-09-13T13:42:42Z;;588;1166
2024-09-13T13:43:07Z;73;;661
2024-09-13T13:43:24Z;301;;889
2024-09-13T13:43:31Z;604;;1192
2024-09-13T13:43:52Z;552;;1140
2024-09-13T13:44:43Z;-9;;579
2024-09-13T13:45:18Z;;464;455
2024-09-13T13:45:28Z;-11;;453
2024-09-13T13:46:53Z;125;;589
2024-09-13T13:47:17Z;329;;793
2024-09-13T13:47:24Z;655;;1119
2024-09-13T13:47:48Z;17;;481
2024-09-13T13:49:12Z;-45;;419
2024-09-13T13:49:58Z;269;;733
2024-09-13T13:50:32Z;-49;;415
2024-09-13T13:50:48Z;74;;538
2024-09-13T13:51:13Z;316;;780
2024-09-13T13:51:19Z;691;;1155
2024-09-13T13:54:41Z;105;;569
2024-09-13T13:54:43Z;1208;;1672
2024-09-13T13:54:44Z;184;;648
2024-09-13T13:55:05Z;310;;774
2024-09-13T13:55:12Z;643;;1107
2024-09-13T13:55:38Z;91;;555
2024-09-13T13:58:29Z;;633;724
2024-09-13T13:58:32Z;-45;;588
2024-09-13T13:58:37Z;58;;691
2024-09-13T13:58:49Z;0;;633
2024-09-13T13:58:55Z;48;;681
2024-09-13T13:59:05Z;321;;954
2024-09-13T13:59:18Z;625;;1258
2024-09-13T13:59:33Z;562;;1195
2024-09-13T13:59:47Z;;577;1139
2024-09-13T13:59:48Z;;755;1317
2024-09-13T14:00:18Z;;771;1333
2024-09-13T14:00:26Z;-229;;542
2024-09-13T14:01:40Z;-233;;538
2024-09-13T14:02:32Z;-190;;581
2024-09-13T14:02:59Z;69;;840
2024-09-13T14:03:03Z;316;;1087
2024-09-13T14:03:28Z;469;;1240
2024-09-13T14:06:25Z;-276;;495
2024-09-13T14:06:54Z;48;;819
2024-09-13T14:06:57Z;309;;1080
2024-09-13T14:07:24Z;-343;;428
2024-09-13T14:08:49Z;-297;;474
2024-09-13T14:10:43Z;75;;846
2024-09-13T14:10:50Z;349;;1120
2024-09-13T14:11:02Z;620;;1391
2024-09-13T14:11:20Z;549;;1320
2024-09-13T14:13:58Z;-292;;479
2024-09-13T14:14:12Z;-294;;477
2024-09-13T14:14:37Z;58;;829
2024-09-13T14:14:43Z;300;;1071
2024-09-13T14:14:52Z;667;;1438
2024-09-13T14:14:53Z;512;;1283
2024-09-13T14:15:15Z;-256;;515
2024-09-13T14:15:20Z;;777;521
2024-09-13T14:15:26Z;-273;;504
2024-09-13T14:16:34Z;-299;;478
2024-09-13T14:18:06Z;-282;;495
2024-09-13T14:18:32Z;51;;828
2024-09-13T14:18:38Z;352;;1129
2024-09-13T14:19:11Z;474;;1251
2024-09-13T14:19:49Z;-266;;511
2024-09-13T14:22:00Z;-205;;572
2024-09-13T14:22:24Z;53;;830
2024-09-13T14:22:31Z;315;;1092
2024-09-13T14:23:06Z;243;;1020
2024-09-13T14:25:28Z;;601;844
2024-09-13T14:26:14Z;62;;663
2024-09-13T14:26:22Z;319;;920
2024-09-13T14:26:31Z;651;;1252
2024-09-13T14:26:45Z;592;;1193
2024-09-13T14:26:47Z;-85;;516
2024-09-13T14:29:56Z;87;;688
2024-09-13T14:30:00Z;-76;;525
2024-09-13T14:30:06Z;48;;649
2024-09-13T14:30:15Z;347;;948
2024-09-13T14:30:18Z;;546;893
2024-09-13T14:30:23Z;609;;1155
2024-09-13T14:30:26Z;580;;1126
2024-09-13T14:30:43Z;277;;823
2024-09-13T14:33:50Z;96;;642
2024-09-13T14:34:07Z;300;;846
2024-09-13T14:34:14Z;619;;1165
2024-09-13T14:34:33Z;738;;1284
2024-09-13T14:37:34Z;79;;625
2024-09-13T14:37:59Z;333;;879
2024-09-13T14:38:05Z;627;;1173
2024-09-13T14:38:27Z;235;;781
2024-09-13T14:41:27Z;97;;643
2024-09-13T14:41:51Z;310;;856
2024-09-13T14:41:59Z;643;;1189
2024-09-13T14:43:13Z;183;;729
2024-09-13T14:45:21Z;;432;615
2024-09-13T14:45:26Z;140;;572
2024-09-13T14:45:40Z;323;;755
2024-09-13T14:45:48Z;627;;1059
2024-09-13T14:46:12Z;287;;719
2024-09-13T14:47:40Z;1167;;1599
2024-09-13T14:47:41Z;169;;601
2024-09-13T14:49:21Z;368;;800
2024-09-13T14:49:23Z;289;;721
2024-09-13T14:49:30Z;339;;771
2024-09-13T14:49:39Z;616;;1048
2024-09-13T14:49:48Z;923;;1355
2024-09-13T14:50:05Z;229;;661
2024-09-13T14:53:12Z;316;;748
2024-09-13T14:53:16Z;250;;682
2024-09-13T14:53:23Z;303;;735
2024-09-13T14:53:33Z;637;;1069
2024-09-13T14:53:40Z;909;;1341
2024-09-13T14:53:59Z;171;;603
2024-09-13T14:57:07Z;316;;748
2024-09-13T14:57:27Z;619;;1051
2024-09-13T14:57:31Z;912;;1344
2024-09-13T14:57:50Z;238;;670
2024-09-13T15:00:07Z;;315;553
2024-09-13T15:00:18Z;;319;557
2024-09-13T15:00:28Z;170;;489
2024-09-13T15:01:03Z;311;;630
2024-09-13T15:01:18Z;649;;968
2024-09-13T15:01:26Z;923;;1242
2024-09-13T15:01:41Z;376;;695
2024-09-13T15:01:42Z;175;;494
2024-09-13T15:03:56Z;;326;501
2024-09-13T15:04:16Z;339;;665
2024-09-13T15:04:18Z;600;;926
2024-09-13T15:04:19Z;1630;;1956
2024-09-13T15:04:58Z;235;;561
2024-09-13T15:05:02Z;495;;821
2024-09-13T15:05:03Z;1825;;2151
2024-09-13T15:05:09Z;2109;;2435
2024-09-13T15:05:19Z;2400;;2726
2024-09-13T15:05:30Z;955;;1281
2024-09-13T15:05:33Z;128;;454
2024-09-13T15:05:56Z;309;;635
2024-09-13T15:05:58Z;1626;;1952
2024-09-13T15:06:26Z;129;;455
2024-09-13T15:08:54Z;325;;651
2024-09-13T15:09:01Z;621;;947
2024-09-13T15:09:12Z;903;;1229
2024-09-13T15:09:24Z;295;;621
2024-09-13T15:12:49Z;343;;669
2024-09-13T15:12:55Z;617;;943
2024-09-13T15:15:26Z;-12;;314
2024-09-13T15:15:30Z;-27;;299
2024-09-13T15:16:19Z;106;;432
2024-09-13T15:16:44Z;329;;655
2024-09-13T15:16:49Z;607;;933
2024-09-13T15:17:10Z;-50;;276
2024-09-13T15:20:20Z;-56;;270
2024-09-13T15:20:40Z;54;;380
2024-09-13T15:20:51Z;624;;950
2024-09-13T15:21:00Z;626;;952
2024-09-13T15:22:14Z;;600;1226
2024-09-13T15:24:36Z;65;;665
2024-09-13T15:24:52Z;563;;1163
2024-09-13T15:27:30Z;;555;1118
2024-09-13T15:28:13Z;50;;605
2024-09-13T15:28:31Z;328;;883
2024-09-13T15:28:33Z;604;;1159
2024-09-13T15:28:43Z;568;;1123
2024-09-13T15:30:19Z;48;;603
2024-09-13T15:30:20Z;;568;616
2024-09-13T15:30:23Z;48;;616
2024-09-13T15:30:26Z;-196;555;359
2024-09-13T15:31:40Z;-297;;258
2024-09-13T15:31:42Z;-302;;253
2024-09-13T15:32:27Z;62;;617
2024-09-13T15:32:28Z;305;;860
2024-09-13T15:32:37Z;-212;;343
2024-09-13T15:32:38Z;-335;;220
2024-09-13T15:32:47Z;-285;;270
2024-09-13T15:35:58Z;50;;605
2024-09-13T15:36:06Z;326;;881
2024-09-13T15:36:23Z;608;;1163
2024-09-13T15:36:31Z;-146;;409
2024-09-13T15:38:59Z;;600;454
2024-09-13T15:39:31Z;66;;666
2024-09-13T15:39:56Z;324;;924
2024-09-13T15:40:02Z;634;;1234
2024-09-13T15:40:37Z;1035;;1635
2024-09-13T15:40:38Z;42;;642
2024-09-13T15:43:34Z;315;;915
2024-09-13T15:43:50Z;640;;1240
2024-09-13T15:44:13Z;940;;1540
2024-09-13T15:44:16Z;208;;808
2024-09-13T15:45:18Z;;360;568
2024-09-13T15:45:35Z;164;;524
2024-09-13T15:46:22Z;;301;465
2024-09-13T15:47:16Z;382;;683
2024-09-13T15:47:41Z;604;;905
2024-09-13T15:47:47Z;924;;1225
2024-09-13T15:48:10Z;270;;571
2024-09-13T15:50:08Z;316;;617
2024-09-13T15:51:30Z;618;;919
2024-09-13T15:51:39Z;942;;1243
2024-09-13T15:52:04Z;403;;704
2024-09-13T15:55:23Z;620;;921
2024-09-13T15:55:30Z;920;;1221
2024-09-13T15:55:59Z;1202;;1503
2024-09-13T15:57:24Z;297;;598
2024-09-13T15:58:53Z;366;;667
2024-09-13T15:59:20Z;636;;937
2024-09-13T15:59:27Z;938;;1239
2024-09-13T15:59:55Z;213;;514
2024-09-13T16:00:18Z;;295;508
2024-09-13T16:00:26Z;202;;497
2024-09-13T16:00:33Z;;276;478
2024-09-13T16:00:37Z;;352;554
2024-09-13T16:02:46Z;430;;782
2024-09-13T16:03:11Z;623;;975
2024-09-13T16:03:17Z;937;;1289
2024-09-13T16:03:51Z;424;;776
2024-09-13T16:05:20Z;299;;651
2024-09-13T16:06:38Z;361;;713
2024-09-13T16:07:04Z;647;;999
2024-09-13T16:07:09Z;919;;1271
2024-09-13T16:07:30Z;296;;648
2024-09-13T16:10:29Z;366;;718
2024-09-13T16:10:56Z;647;;999
2024-09-13T16:11:02Z;905;;1257
2024-09-13T16:11:25Z;276;;628
2024-09-13T16:14:24Z;378;;730
2024-09-13T16:14:50Z;640;;992
2024-09-13T16:14:56Z;919;;1271
2024-09-13T16:15:18Z;276;;628
2024-09-13T16:15:20Z;;171;447
2024-09-13T16:15:39Z;241;;412
2024-09-13T16:16:32Z;300;;471
2024-09-13T16:18:39Z;620;;791
2024-09-13T16:18:47Z;901;;1072
2024-09-13T16:19:09Z;353;;524
2024-09-13T16:22:31Z;633;;804
2024-09-13T16:22:39Z;939;;1110
2024-09-13T16:23:02Z;359;;530
2024-09-13T16:26:23Z;616;;787
2024-09-13T16:26:32Z;950;;1121
2024-09-13T16:26:56Z;420;;591
2024-09-13T16:27:51Z;1132;;1303
2024-09-13T16:27:52Z;475;;646
2024-09-13T16:30:01Z;619;;790
2024-09-13T16:30:18Z;;43;662
2024-09-13T16:30:24Z;952;;995
2024-09-13T16:30:27Z;806;;849
2024-09-13T16:30:36Z;1211;;1254
2024-09-13T16:30:40Z;;43;1254
2024-09-13T16:30:44Z;;23;1234
2024-09-13T16:30:46Z;1161;;1184
2024-09-13T16:30:47Z;489;;512
2024-09-13T16:33:56Z;642;;665
2024-09-13T16:34:14Z;937;;960
2024-09-13T16:34:23Z;1205;;1228
2024-09-13T16:34:41Z;530;;553
2024-09-13T16:37:52Z;635;;658
2024-09-13T16:38:09Z;925;;948
2024-09-13T16:38:23Z;1210;;1233
2024-09-13T16:38:34Z;461;;484
2024-09-13T16:39:10Z;648;;671
2024-09-13T16:39:30Z;599;;622
2024-09-13T16:39:37Z;659;;682
2024-09-13T16:39:58Z;527;;550
2024-09-13T16:41:47Z;625;;648
2024-09-13T16:41:48Z;636;;659
2024-09-13T16:42:00Z;918;;941
2024-09-13T16:42:09Z;1202;;1225
2024-09-13T16:42:27Z;512;;535
2024-09-13T16:45:18Z;;14;526
2024-09-13T16:45:26Z;439;;453
2024-09-13T16:45:46Z;669;13;452
2024-09-13T16:45:50Z;;0;669
2024-09-13T16:45:56Z;953;;953
2024-09-13T16:46:07Z;1209;;1209
2024-09-13T16:46:17Z;465;;465
2024-09-13T16:49:16Z;600;;600
2024-09-13T16:49:43Z;913;;913
2024-09-13T16:49:54Z;1202;;1202
2024-09-13T16:50:10Z;464;;464
2024-09-13T16:50:11Z;;1;465
2024-09-13T16:52:38Z;1206;;1207
2024-09-13T16:53:33Z;1527;;1528
2024-09-13T16:53:40Z;1801;;1802
2024-09-13T16:54:03Z;1207;;1208
2024-09-13T16:57:29Z;1515;;1516
2024-09-13T16:57:32Z;1812;;1813
2024-09-13T16:57:55Z;1243;;1244
2024-09-13T16:57:56Z;1187;;1188
2024-09-13T16:58:00Z;1386;;1387
2024-09-13T16:58:16Z;1181;;1182
2024-09-13T16:58:25Z;1368;;1369
2024-09-13T16:58:28Z;1178;;1179
2024-09-13T16:58:31Z;1361;;1362
2024-09-13T16:58:50Z;1187;;1188
2024-09-13T17:00:18Z;;6;1193
2024-09-13T17:00:26Z;1135;;1141
2024-09-13T17:00:53Z;1336;;1342
2024-09-13T17:01:24Z;1509;;1515
2024-09-13T17:01:27Z;1805;;1811
2024-09-13T17:01:47Z;1174;;1180
2024-09-13T17:04:47Z;1282;;1288
2024-09-13T17:05:20Z;1501;;1507
2024-09-13T17:05:39Z;1168;;1174
2024-09-13T17:06:45Z;1423;;1429
2024-09-13T17:06:46Z;1720;;1726
2024-09-13T17:07:04Z;1138;;1144
2024-09-13T17:07:14Z;1320;;1326
2024-09-13T17:08:11Z;1196;;1202
2024-09-13T17:08:40Z;1257;;1263
2024-09-13T17:09:15Z;1515;;1521
2024-09-13T17:09:28Z;1218;;1224
2024-09-13T17:12:48Z;1510;;1516
2024-09-13T17:13:10Z;1850;;1856
2024-09-13T17:13:19Z;1231;;1237
2024-09-13T17:14:56Z;1098;;1104
2024-09-13T17:15:18Z;;0;1098
2024-09-13T17:15:26Z;1098;;1098
2024-09-13T17:16:19Z;1223;;1223
2024-09-13T17:16:47Z;1528;;1528
2024-09-13T17:17:06Z;1802;;1802
2024-09-13T17:17:10Z;1108;;1108
2024-09-13T17:20:09Z;1250;;1250
2024-09-13T17:20:35Z;1509;;1509
2024-09-13T17:20:43Z;1801;;1801
2024-09-13T17:21:01Z;1118;;1118
2024-09-13T17:22:20Z;1991;;1991
2024-09-13T17:22:38Z;1198;;1198
2024-09-13T17:23:58Z;1262;;1262
2024-09-13T17:24:22Z;1513;;1513
2024-09-13T17:24:30Z;1851;;1851
2024-09-13T17:24:57Z;1208;;1208
2024-09-13T17:27:12Z;2698;;2698
2024-09-13T17:27:51Z;2775;;2775
2024-09-13T17:28:15Z;3024;;3024
2024-09-13T17:28:22Z;3332;;3332
2024-09-13T17:28:38Z;2716;;2716
2024-09-13T17:29:52Z;1321;;1321
2024-09-13T17:30:18Z;;0;1321
2024-09-13T17:30:27Z;1308;;1308
2024-09-13T17:30:35Z;1520;;1520
2024-09-13T17:30:36Z;1429;;1429
2024-09-13T17:30:37Z;2675;;2675
2024-09-13T17:30:49Z;2985;;2985
2024-09-13T17:30:50Z;3048;;3048
2024-09-13T17:31:03Z;3341;;3341
2024-09-13T17:31:04Z;3284;;3284
2024-09-13T17:31:38Z;3401;;3401
2024-09-13T17:32:02Z;3618;;3618
2024-09-13T17:32:09Z;3916;;3916
2024-09-13T17:32:30Z;3254;;3254
2024-09-13T17:34:32Z;1909;;1909
2024-09-13T17:34:57Z;3180;;3180
2024-09-13T17:35:32Z;3306;;3306
2024-09-13T17:35:57Z;3602;;3602
2024-09-13T17:36:00Z;2428;;2428
2024-09-13T17:36:07Z;2727;;2727
2024-09-13T17:36:09Z;3922;;3922
2024-09-13T17:36:21Z;3210;;3210
2024-09-13T17:38:05Z;2547;;2547
2024-09-13T17:38:07Z;2860;;2860
2024-09-13T17:38:09Z;3032;;3032
2024-09-13T17:38:13Z;3316;;3316
2024-09-13T17:39:01Z;2004;;2004
2024-09-13T17:39:22Z;2115;;2115
2024-09-13T17:39:26Z;2068;;2068
2024-09-13T17:39:29Z;2153;;2153
2024-09-13T17:39:31Z;2097;;2097
2024-09-13T17:39:40Z;2157;;2157
2024-09-13T17:39:46Z;2412;;2412
2024-09-13T17:39:49Z;3695;;3695
2024-09-13T17:39:55Z;3901;;3901
2024-09-13T17:40:15Z;3243;;3243
2024-09-13T17:41:14Z;3309;;3309
2024-09-13T17:41:16Z;3252;;3252
2024-09-13T17:41:57Z;1916;;1916
2024-09-13T17:42:59Z;2243;;2243
2024-09-13T17:43:00Z;3266;;3266
2024-09-13T17:43:14Z;3377;;3377
2024-09-13T17:43:40Z;3624;;3624
2024-09-13T17:43:46Z;3909;;3909
2024-09-13T17:43:56Z;2805;;2805
2024-09-13T17:44:04Z;2648;;2648
2024-09-13T17:44:05Z;1963;;1963
2024-09-13T17:45:18Z;;0;1963
2024-09-13T17:45:26Z;1907;;1907
2024-09-13T17:47:22Z;2104;;2104
2024-09-13T17:47:33Z;2551;;2551
2024-09-13T17:47:38Z;2710;;2710
2024-09-13T17:47:43Z;2635;;2635
2024-09-13T17:47:50Z;2713;;2713
2024-09-13T17:47:53Z;2617;;2617
2024-09-13T17:47:54Z;1920;;1920
2024-09-13T17:50:53Z;2143;;2143
2024-09-13T17:51:19Z;2410;;2410
2024-09-13T17:51:27Z;2702;;2702
2024-09-13T17:51:47Z;2056;;2056
2024-09-13T17:52:24Z;1302;;1302
2024-09-13T17:52:25Z;1588;;1588
2024-09-13T17:52:45Z;1014;;1014
2024-09-13T17:54:25Z;873;;873
2024-09-13T17:54:27Z;987;;987
2024-09-13T17:55:10Z;1217;;1217
2024-09-13T17:55:17Z;1539;;1539
2024-09-13T17:55:35Z;1027;;1027
2024-09-13T17:57:00Z;507;;507
2024-09-13T17:57:17Z;821;;821
2024-09-13T17:57:19Z;932;;932
2024-09-13T17:58:34Z;1205;;1205
2024-09-13T17:58:50Z;1148;;1148
2024-09-13T17:58:54Z;1221;;1221
2024-09-13T17:59:02Z;1536;;1536
2024-09-13T17:59:12Z;1818;;1818
2024-09-13T17:59:25Z;1164;;1164
2024-09-13T18:00:18Z;;0;1164
2024-09-13T18:00:26Z;1125;;1125
2024-09-13T18:01:09Z;531;;531
2024-09-13T18:02:26Z;648;;648
2024-09-13T18:02:53Z;907;;907
2024-09-13T18:03:01Z;1218;;1218
2024-09-13T18:03:17Z;506;;506
2024-09-13T18:06:16Z;600;;600
2024-09-13T18:06:21Z;554;;554
2024-09-13T18:06:25Z;665;;665
2024-09-13T18:06:27Z;589;;589
2024-09-13T18:06:33Z;636;;636
2024-09-13T18:06:44Z;917;;917
2024-09-13T18:06:55Z;1211;;1211
2024-09-13T18:07:07Z;479;;479
2024-09-13T18:10:16Z;635;;635
2024-09-13T18:10:18Z;554;;554
2024-09-13T18:10:27Z;615;;615
2024-09-13T18:10:37Z;950;;950
2024-09-13T18:10:58Z;1200;;1200
2024-09-13T18:10:59Z;428;;428
2024-09-13T18:14:18Z;611;;611
2024-09-13T18:14:28Z;919;;919
2024-09-13T18:14:36Z;2123;;2123
2024-09-13T18:14:37Z;1223;;1223
2024-09-13T18:14:49Z;1163;;1163
2024-09-13T18:14:50Z;483;;483
2024-09-13T18:15:18Z;;0;483
2024-09-13T18:15:26Z;451;;451
2024-09-13T18:17:58Z;610;;610
2024-09-13T18:18:00Z;564;;564
2024-09-13T18:18:05Z;625;;625
2024-09-13T18:18:17Z;912;;912
2024-09-13T18:18:31Z;1201;;1201
2024-09-13T18:18:40Z;1119;;1119
2024-09-13T18:18:42Z;459;;459
2024-09-13T18:21:41Z;656;;656
2024-09-13T18:22:07Z;901;;901
2024-09-13T18:22:16Z;1207;;1207
2024-09-13T18:22:32Z;547;;547
2024-09-13T18:25:41Z;644;;644
2024-09-13T18:25:42Z;594;;594
2024-09-13T18:25:53Z;654;;654
2024-09-13T18:26:00Z;921;;921
2024-09-13T18:26:24Z;441;;441
2024-09-13T18:29:33Z;634;;634
2024-09-13T18:29:34Z;588;;588
2024-09-13T18:29:42Z;644;;644
2024-09-13T18:29:52Z;928;;928
2024-09-13T18:30:06Z;1200;;1200
2024-09-13T18:30:13Z;1154;;1154
2024-09-13T18:30:16Z;463;;463
2024-09-13T18:30:18Z;;0;463
2024-09-13T18:30:26Z;450;;450
2024-09-13T18:33:26Z;631;;631
2024-09-13T18:33:27Z;574;;574
2024-09-13T18:33:32Z;625;;625
2024-09-13T18:33:43Z;905;;905
2024-09-13T18:33:58Z;1206;;1206
2024-09-13T18:34:05Z;493;;493
2024-09-13T18:37:14Z;635;;635
2024-09-13T18:37:15Z;578;;578
2024-09-13T18:37:26Z;628;;628
2024-09-13T18:37:33Z;911;;911
2024-09-13T18:37:52Z;1204;;1204
2024-09-13T18:37:55Z;467;;467
2024-09-13T18:41:04Z;634;;634
2024-09-13T18:41:05Z;578;;578
2024-09-13T18:41:16Z;637;;637
2024-09-13T18:41:23Z;924;;924
2024-09-13T18:41:39Z;1200;;1200
2024-09-13T18:41:46Z;454;;454
2024-09-13T18:44:45Z;624;;624
2024-09-13T18:45:13Z;921;;921
2024-09-13T18:45:18Z;;0;921
2024-09-13T18:45:22Z;1214;;1214
2024-09-13T18:45:26Z;1195;;1195
2024-09-13T18:45:36Z;571;;571
2024-09-13T18:48:56Z;619;;619
2024-09-13T18:49:06Z;922;;922
2024-09-13T18:49:27Z;431;;431
2024-09-13T18:52:36Z;600;;600
2024-09-13T18:52:37Z;545;;545
2024-09-13T18:52:48Z;607;;607
2024-09-13T18:52:57Z;939;;939
2024-09-13T18:53:17Z;396;;396
2024-09-13T18:55:30Z;644;;644
2024-09-13T18:55:31Z;925;;925
2024-09-13T18:55:39Z;339;;339
2024-09-13T18:56:37Z;601;;601
2024-09-13T18:56:47Z;935;;935
2024-09-13T18:57:09Z;375;;375
2024-09-13T19:00:18Z;;0;375
2024-09-13T19:00:25Z;689;;689
2024-09-13T19:00:28Z;476;;476
2024-09-13T19:00:35Z;931;;931
2024-09-13T19:00:42Z;1241;;1241
2024-09-13T19:00:49Z;1127;;1127
2024-09-13T19:00:51Z;1314;;1314
2024-09-13T19:00:57Z;591;;591
2024-09-13T19:04:19Z;663;;663
2024-09-13T19:04:27Z;924;;924
2024-09-13T19:04:48Z;443;;443
2024-09-13T19:07:57Z;612;;612
2024-09-13T19:07:58Z;549;;549
2024-09-13T19:08:09Z;613;;613
2024-09-13T19:08:16Z;939;;939
2024-09-13T19:08:25Z;1208;;1208
2024-09-13T19:08:40Z;522;;522
2024-09-13T19:11:41Z;600;;600
2024-09-13T19:12:07Z;900;;900
2024-09-13T19:12:17Z;1219;;1219
2024-09-13T19:12:32Z;478;;478
2024-09-13T19:13:47Z;1415;;1415
2024-09-13T19:13:48Z;509;;509
2024-09-13T19:15:18Z;;0;509
2024-09-13T19:15:26Z;501;;501
2024-09-13T19:15:35Z;600;;600
2024-09-13T19:15:59Z;918;;918
2024-09-13T19:16:09Z;1251;;1251
2024-09-13T19:16:19Z;516;;516
2024-09-13T19:19:27Z;601;;601
2024-09-13T19:19:30Z;543;;543
2024-09-13T19:19:36Z;611;;611
2024-09-13T19:19:47Z;929;;929
2024-09-13T19:20:04Z;1206;;1206
2024-09-13T19:20:09Z;429;;429
2024-09-13T19:23:17Z;631;;631
2024-09-13T19:23:18Z;570;;570
2024-09-13T19:23:28Z;634;;634
2024-09-13T19:23:37Z;923;;923
2024-09-13T19:23:55Z;492;;492
2024-09-13T19:27:15Z;621;;621
2024-09-13T19:27:24Z;902;;902
2024-09-13T19:27:43Z;403;;403
2024-09-13T19:30:18Z;;0;403
2024-09-13T19:30:26Z;444;;444
2024-09-13T19:30:58Z;605;;605
2024-09-13T19:31:11Z;939;;939
2024-09-13T19:31:25Z;1231;;1231
2024-09-13T19:31:28Z;1174;;1174
2024-09-13T19:31:30Z;1228;;1228
2024-09-13T19:31:33Z;465;;465
2024-09-13T19:34:32Z;617;;617
2024-09-13T19:35:03Z;929;;929
2024-09-13T19:35:14Z;1205;;1205
2024-09-13T19:35:22Z;436;;436
2024-09-13T19:38:42Z;621;;621
2024-09-13T19:38:52Z;953;;953
2024-09-13T19:39:12Z;351;;351
2024-09-13T19:41:35Z;277;;277
2024-09-13T19:42:12Z;362;;362
2024-09-13T19:42:34Z;622;;622
2024-09-13T19:42:42Z;943;;943
2024-09-13T19:43:03Z;338;;338
2024-09-13T19:44:49Z;287;;287
2024-09-13T19:45:17Z;340;;340
2024-09-13T19:45:18Z;;0;340
2024-09-13T19:45:26Z;320;;320
2024-09-13T19:45:55Z;293;;293
2024-09-13T19:46:02Z;409;;409
2024-09-13T19:46:25Z;604;;604
2024-09-13T19:46:33Z;904;;904
2024-09-13T19:46:53Z;335;;335
2024-09-13T19:49:30Z;288;;288
2024-09-13T19:49:52Z;442;;442
2024-09-13T19:50:15Z;600;;600
2024-09-13T19:50:23Z;910;;910
2024-09-13T19:50:41Z;345;;345
2024-09-13T19:52:50Z;296;;296
2024-09-13T19:53:40Z;443;;443
2024-09-13T19:54:05Z;631;;631
2024-09-13T19:54:11Z;920;;920
2024-09-13T19:54:27Z;297;;297
2024-09-13T19:57:27Z;396;;396
2024-09-13T19:57:50Z;628;;628
2024-09-13T19:57:58Z;953;;953
2024-09-13T19:58:15Z;313;;313
2024-09-13T20:00:18Z;;0;313
2024-09-13T20:00:26Z;336;;336
2024-09-13T20:01:37Z;611;;611
2024-09-13T20:01:45Z;911;;911
2024-09-13T20:02:03Z;354;;354
2024-09-13T20:02:04Z;297;;297
2024-09-13T20:02:47Z;1402;;1402
2024-09-13T20:02:48Z;412;;412
2024-09-13T20:05:24Z;619;;619
2024-09-13T20:05:33Z;913;;913
2024-09-13T20:05:44Z;2139;;2139
2024-09-13T20:05:45Z;1171;;1171
2024-09-13T20:05:54Z;487;;487
2024-09-13T20:09:01Z;643;;643
2024-09-13T20:09:02Z;590;;590
2024-09-13T20:09:12Z;643;;643
2024-09-13T20:09:20Z;925;;925
2024-09-13T20:09:32Z;1205;;1205
2024-09-13T20:09:44Z;438;;438
2024-09-13T20:12:53Z;631;;631
2024-09-13T20:12:55Z;563;;563
2024-09-13T20:13:01Z;609;;609
2024-09-13T20:13:13Z;914;;914
2024-09-13T20:13:33Z;437;;437
2024-09-13T20:15:18Z;;0;437
2024-09-13T20:15:26Z;401;;401
2024-09-13T20:16:53Z;600;;600
2024-09-13T20:17:02Z;928;;928
2024-09-13T20:17:16Z;1211;;1211
2024-09-13T20:17:17Z;1143;;1143
2024-09-13T20:17:20Z;425;;425
2024-09-13T20:20:39Z;617;;617
2024-09-13T20:20:48Z;908;;908
2024-09-13T20:21:00Z;1217;;1217
2024-09-13T20:21:09Z;1164;;1164
2024-09-13T20:21:10Z;398;;398
2024-09-13T20:24:18Z;603;;603
2024-09-13T20:24:19Z;546;;546
2024-09-13T20:24:29Z;620;;620
2024-09-13T20:24:38Z;915;;915
2024-09-13T20:24:52Z;1217;;1217
2024-09-13T20:24:53Z;1156;;1156
2024-09-13T20:24:55Z;496;;496
2024-09-13T20:28:04Z;610;;610
2024-09-13T20:28:05Z;545;;545
2024-09-13T20:28:15Z;626;;626
2024-09-13T20:28:24Z;906;;906
2024-09-13T20:28:41Z;1200;;1200
2024-09-13T20:28:43Z;431;;431
2024-09-13T20:30:18Z;;0;431
2024-09-13T20:30:26Z;406;;406
2024-09-13T20:32:04Z;603;;603
2024-09-13T20:32:13Z;953;;953
2024-09-13T20:32:30Z;464;;464
2024-09-13T20:35:50Z;600;;600
2024-09-13T20:36:01Z;952;;952
2024-09-13T20:36:20Z;389;;389
2024-09-13T20:39:42Z;615;;615
2024-09-13T20:39:51Z;958;;958
2024-09-13T20:40:08Z;370;;370
2024-09-13T20:43:30Z;620;;620
2024-09-13T20:43:38Z;904;;904
2024-09-13T20:43:58Z;365;;365
2024-09-13T20:45:18Z;;0;365
2024-09-13T20:45:26Z;355;;355
2024-09-13T20:47:19Z;614;;614
2024-09-13T20:47:28Z;931;;931
2024-09-13T20:47:44Z;449;;449
2024-09-13T20:51:06Z;617;;617
2024-09-13T20:51:15Z;954;;954
2024-09-13T20:51:34Z;392;;392
2024-09-13T20:54:55Z;607;;607
2024-09-13T20:55:04Z;927;;927
2024-09-13T20:55:23Z;376;;376
2024-09-13T20:57:30Z;1633;;1633
2024-09-13T20:57:31Z;405;;405
2024-09-13T20:58:00Z;1376;;1376
2024-09-13T20:58:01Z;529;;529
2024-09-13T20:58:34Z;669;;669
2024-09-13T20:58:35Z;591;;591
2024-09-13T20:58:41Z;639;;639
2024-09-13T20:58:50Z;931;;931
2024-09-13T20:59:00Z;1204;;1204
2024-09-13T20:59:13Z;490;;490
2024-09-13T21:00:18Z;;0;490
2024-09-13T21:00:26Z;455;;455
2024-09-13T21:02:15Z;602;;602
2024-09-13T21:02:40Z;918;;918
2024-09-13T21:02:52Z;1228;;1228
2024-09-13T21:02:59Z;1178;;1178
2024-09-13T21:03:01Z;508;;508
2024-09-13T21:06:01Z;607;;607
2024-09-13T21:06:05Z;555;;555
2024-09-13T21:06:10Z;651;;651
2024-09-13T21:06:11Z;598;;598
2024-09-13T21:06:18Z;652;;652
2024-09-13T21:06:27Z;924;;924
2024-09-13T21:06:34Z;1213;;1213
2024-09-13T21:06:51Z;505;;505
2024-09-13T21:10:00Z;620;;620
2024-09-13T21:10:01Z;541;;541
2024-09-13T21:10:13Z;638;;638
2024-09-13T21:10:21Z;943;;943
2024-09-13T21:10:37Z;413;;413
2024-09-13T21:11:49Z;299;;299
2024-09-13T21:13:36Z;379;;379
2024-09-13T21:13:59Z;624;;624
2024-09-13T21:14:07Z;913;;913
2024-09-13T21:14:27Z;336;;336
2024-09-13T21:15:18Z;;0;336
2024-09-13T21:15:26Z;329;;329
2024-09-13T21:17:05Z;276;;276
2024-09-13T21:17:26Z;401;;401
2024-09-13T21:17:50Z;611;;611
2024-09-13T21:17:58Z;944;;944
2024-09-13T21:18:14Z;487;;487
2024-09-13T21:20:49Z;297;;297
2024-09-13T21:21:14Z;422;;422
2024-09-13T21:21:37Z;604;;604
2024-09-13T21:21:45Z;908;;908
2024-09-13T21:22:05Z;343;;343
2024-09-13T21:22:20Z;266;;266
2024-09-13T21:25:05Z;375;;375
2024-09-13T21:25:31Z;628;;628
2024-09-13T21:25:38Z;908;;908
2024-09-13T21:25:54Z;271;;271
2024-09-13T21:30:18Z;;0;271
2024-09-13T21:30:26Z;170;;170
2024-09-13T21:45:18Z;;0;170
2024-09-13T21:45:26Z;167;;167
2024-09-13T21:49:13Z;1294;;1294
2024-09-13T21:49:14Z;268;;268
2024-09-13T21:53:20Z;808;;808
2024-09-13T21:53:21Z;356;;356
2024-09-13T22:00:18Z;;0;356
2024-09-13T22:00:26Z;334;;334
2024-09-13T22:03:45Z;260;;260
2024-09-13T22:15:18Z;;0;260
2024-09-13T22:15:26Z;191;;191
2024-09-13T22:30:20Z;;0;191
2024-09-13T22:30:26Z;201;;201
2024-09-13T22:41:07Z;1282;;1282
2024-09-13T22:41:08Z;225;;225
2024-09-13T22:45:18Z;;0;225
2024-09-13T22:45:26Z;198;;198
2024-09-13T22:49:33Z;1041;;1041
2024-09-13T22:49:34Z;306;;306
2024-09-13T22:50:20Z;254;;254
2024-09-13T23:00:18Z;;0;254
2024-09-13T23:00:26Z;207;;207
2024-09-13T23:15:18Z;;0;207
2024-09-13T23:15:26Z;143;;143
2024-09-13T23:30:18Z;;0;143
2024-09-13T23:30:26Z;143;;143
2024-09-13T23:44:17Z;954;;954
2024-09-13T23:44:18Z;315;;315
2024-09-13T23:45:18Z;;0;315
2024-09-13T23:45:26Z;282;;282
2024-09-13T23:54:30Z;221;;221