timestamp;P_ex;P_pr;P_load
2025-03-17T00:00:02Z;;0;168
2025-03-17T00:00:26Z;162;;162
2025-03-17T00:15:02Z;;0;162
2025-03-17T00:15:14Z;132;;132
2025-03-17T00:28:10Z;1212;;1212
2025-03-17T00:28:11Z;195;;195
2025-03-17T00:30:02Z;;0;195
2025-03-17T00:30:14Z;189;;189
2025-03-17T00:45:02Z;;0;189
2025-03-17T00:45:14Z;126;;126
2025-03-17T01:00:02Z;;0;126
2025-03-17T01:00:14Z;193;;193
2025-03-17T01:15:02Z;;0;193
2025-03-17T01:15:14Z;182;;182
2025-03-17T01:30:04Z;;0;182
2025-03-17T01:30:14Z;241;;241
2025-03-17T01:43:17Z;1314;;1314
2025-03-17T01:43:18Z;317;;317
2025-03-17T01:45:05Z;;0;317
2025-03-17T01:45:14Z;301;;301
2025-03-17T01:56:37Z;263;;263
2025-03-17T02:00:02Z;;0;263
2025-03-17T02:00:14Z;123;;123
2025-03-17T02:15:14Z;147;;147
2025-03-17T02:20:53Z;797;;797
2025-03-17T02:20:54Z;202;;202
2025-03-17T02:30:02Z;;0;202
2025-03-17T02:30:14Z;200;;200
2025-03-17T02:36:33Z;824;;824
2025-03-17T02:36:34Z;246;;246
2025-03-17T02:45:16Z;;0;246
2025-03-17T02:45:18Z;205;;205
2025-03-17T03:00:02Z;;0;205
2025-03-17T03:00:14Z;199;;199
2025-03-17T03:15:02Z;;0;199
2025-03-17T03:30:02Z;;0;199
2025-03-17T03:30:14Z;117;;117
2025-03-17T03:36:01Z;625;;625
2025-03-17T03:36:02Z;206;;206
2025-03-17T03:45:02Z;;0;206
2025-03-17T03:45:27Z;185;;185
2025-03-17T04:00:02Z;;0;185
2025-03-17T04:00:14Z;129;;129
2025-03-17T04:15:02Z;;0;129
2025-03-17T04:15:14Z;199;;199
2025-03-17T04:30:02Z;;0;199
2025-03-17T04:30:14Z;102;;102
2025-03-17T04:45:02Z;;0;102
2025-03-17T04:45:14Z;163;;163
2025-03-17T04:51:29Z;1345;;1345
2025-03-17T04:51:30Z;235;;235
2025-03-17T05:00:02Z;;0;235
2025-03-17T05:00:14Z;157;;157
2025-03-17T05:15:02Z;;0;157
2025-03-17T05:15:14Z;132;;132
2025-03-17T05:26:31Z;;23;155
2025-03-17T05:29:10Z;310;;333
2025-03-17T05:29:11Z;128;;151
2025-03-17T05:30:06Z;;49;177
2025-03-17T05:30:14Z;124;;173
2025-03-17T05:34:01Z;1878;;1927
2025-03-17T05:42:18Z;1783;;1832
2025-03-17T05:45:02Z;;187;1970
2025-03-17T05:45:16Z;1713;;1900
2025-03-17T05:48:55Z;1490;;1677
2025-03-17T05:48:56Z;1605;;1792
2025-03-17T05:51:19Z;1618;;1805
2025-03-17T05:51:50Z;;299;1917
2025-03-17T06:00:14Z;-277;;22
2025-03-17T06:00:40Z;-299;;0
2025-03-17T06:09:44Z;;600;301
2025-03-17T06:11:57Z;;585;286
2025-03-17T06:15:02Z;;695;396
2025-03-17T06:15:14Z;-499;;196
2025-03-17T06:19:08Z;-573;;122
2025-03-17T06:24:19Z;1075;;1770
2025-03-17T06:25:16Z;1326;;2021
2025-03-17T06:25:17Z;1109;;1804
2025-03-17T06:26:48Z;;900;2009
2025-03-17T06:26:54Z;;809;1918
2025-03-17T06:26:58Z;;901;2010
2025-03-17T06:30:16Z;-726;953;2062
2025-03-17T06:31:09Z;-681;;272
2025-03-17T06:31:10Z;-536;;417
2025-03-17T06:31:34Z;-538;;415
2025-03-17T06:31:52Z;-791;;162
2025-03-17T06:31:53Z;-738;;215
2025-03-17T06:32:33Z;-799;;154
2025-03-17T06:32:35Z;-756;;197
2025-03-17T06:33:38Z;-598;;355
2025-03-17T06:33:39Z;-749;;204
2025-03-17T06:35:09Z;1034;;1987
2025-03-17T06:35:11Z;1254;;2207
2025-03-17T06:35:12Z;1058;;2011
2025-03-17T06:35:31Z;1216;;2169
2025-03-17T06:35:49Z;1165;;2118
2025-03-17T06:35:54Z;1334;;2287
2025-03-17T06:36:01Z;1191;;2144
2025-03-17T06:36:15Z;1328;;2281
2025-03-17T06:36:16Z;1030;;1983
2025-03-17T06:36:22Z;898;;1851
2025-03-17T06:36:23Z;965;;1918
2025-03-17T06:38:07Z;898;;1851
2025-03-17T06:38:12Z;893;;1846
2025-03-17T06:38:23Z;1032;;1985
2025-03-17T06:38:34Z;886;;1839
2025-03-17T06:38:45Z;950;;1903
2025-03-17T06:38:53Z;894;;1847
2025-03-17T06:39:06Z;1067;;2020
2025-03-17T06:39:25Z;899;;1852
2025-03-17T06:39:49Z;1072;;2025
2025-03-17T06:39:50Z;888;;1841
2025-03-17T06:40:10Z;1062;;2015
2025-03-17T06:40:13Z;892;;1845
2025-03-17T06:40:17Z;955;;1908
2025-03-17T06:40:20Z;878;;1831
2025-03-17T06:40:44Z;943;;1896
2025-03-17T06:40:53Z;1058;;2011
2025-03-17T06:40:56Z;882;;1835
2025-03-17T06:41:05Z;2548;;3501
2025-03-17T06:42:02Z;2720;;3673
2025-03-17T06:42:05Z;;1200;3920
2025-03-17T06:42:06Z;;1150;3870
2025-03-17T06:43:01Z;2713;;3863
2025-03-17T06:43:02Z;2562;;3712
2025-03-17T06:43:50Z;;1199;3761
2025-03-17T06:45:02Z;;1219;3781
2025-03-17T06:45:18Z;2678;;3897
2025-03-17T06:45:23Z;878;;2097
2025-03-17T06:45:58Z;1020;;2239
2025-03-17T06:46:35Z;1009;;2228
2025-03-17T06:46:36Z;844;;2063
2025-03-17T06:46:47Z;2489;;3708
2025-03-17T06:47:39Z;979;;2198
2025-03-17T06:47:40Z;804;;2023
2025-03-17T06:48:01Z;754;;1973
2025-03-17T06:48:02Z;-843;;376
2025-03-17T06:48:42Z;-1067;;152
2025-03-17T06:48:44Z;-1016;;203
2025-03-17T06:49:53Z;-874;;345
2025-03-17T06:50:29Z;-1105;;114
2025-03-17T06:50:30Z;-875;;344
2025-03-17T06:50:56Z;726;;1945
2025-03-17T06:51:34Z;927;;2146
2025-03-17T06:51:35Z;757;;1976
2025-03-17T06:51:44Z;734;;1953
2025-03-17T06:54:25Z;-837;;382
2025-03-17T06:54:26Z;-1011;;208
2025-03-17T06:56:05Z;-1199;;20
2025-03-17T06:56:11Z;-1204;;15
2025-03-17T06:56:48Z;-1195;;24
2025-03-17T06:56:56Z;-1163;;56
2025-03-17T06:57:11Z;-1254;;-35
2025-03-17T06:57:15Z;-1037;;182
2025-03-17T06:57:17Z;-1237;;-18
2025-03-17T06:57:44Z;-1267;;-48
2025-03-17T06:58:20Z;-1048;;171
2025-03-17T06:58:21Z;-1221;;-2
2025-03-17T07:00:02Z;;1466;245
2025-03-17T07:00:21Z;-1077;;389
2025-03-17T07:00:23Z;-1239;;227
2025-03-17T07:00:40Z;566;;2032
2025-03-17T07:00:50Z;757;;2223
2025-03-17T07:00:51Z;584;;2050
2025-03-17T07:01:11Z;764;;2230
2025-03-17T07:01:12Z;594;;2060
2025-03-17T07:01:39Z;-1291;;175
2025-03-17T07:01:40Z;;1496;205
2025-03-17T07:01:54Z;-1073;;423
2025-03-17T07:01:55Z;-1249;;247
2025-03-17T07:03:40Z;-1302;;194
2025-03-17T07:03:42Z;-1246;;250
2025-03-17T07:05:35Z;-1357;;139
2025-03-17T07:07:14Z;-1381;;115
2025-03-17T07:07:15Z;-1160;;336
2025-03-17T07:08:12Z;-1168;;328
2025-03-17T07:09:02Z;-1183;;313
2025-03-17T07:09:03Z;-1354;;142
2025-03-17T07:09:30Z;-1190;;306
2025-03-17T07:09:36Z;-1214;;282
2025-03-17T07:09:52Z;-1237;;259
2025-03-17T07:09:55Z;-1176;;320
2025-03-17T07:12:16Z;;1035;-141
2025-03-17T07:12:17Z;;1624;448
2025-03-17T07:12:58Z;-1501;;123
2025-03-17T07:13:05Z;-1356;;268
2025-03-17T07:14:00Z;-1499;;125
2025-03-17T07:14:30Z;-1515;;109
2025-03-17T07:15:03Z;;1697;182
2025-03-17T07:15:16Z;-1497;;200
2025-03-17T07:15:18Z;-1514;;183
2025-03-17T07:15:25Z;-1504;;193
2025-03-17T07:15:34Z;-1315;;382
2025-03-17T07:15:46Z;-1503;;194
2025-03-17T07:16:03Z;-1482;;215
2025-03-17T07:16:07Z;-1498;;199
2025-03-17T07:16:11Z;-1530;;167
2025-03-17T07:16:12Z;-1460;;237
2025-03-17T07:16:16Z;-1529;;168
2025-03-17T07:16:21Z;-1497;;200
2025-03-17T07:16:59Z;-1554;;143
2025-03-17T07:17:02Z;-1472;;225
2025-03-17T07:17:21Z;-1559;;138
2025-03-17T07:17:24Z;-1534;;163
2025-03-17T07:18:24Z;-1581;;116
2025-03-17T07:18:25Z;-1364;;333
2025-03-17T07:18:49Z;-1557;;140
2025-03-17T07:18:53Z;-1574;;123
2025-03-17T07:19:39Z;-1356;;341
2025-03-17T07:19:40Z;-1543;;154
2025-03-17T07:20:27Z;-1391;;306
2025-03-17T07:20:28Z;-1594;;103
2025-03-17T07:21:17Z;;1798;204
2025-03-17T07:21:57Z;-1621;;177
2025-03-17T07:21:58Z;-500;;1298
2025-03-17T07:25:23Z;-1343;;455
2025-03-17T07:25:24Z;-1542;;256
2025-03-17T07:30:02Z;;1919;377
2025-03-17T07:30:26Z;-1572;;347
2025-03-17T07:33:48Z;-1728;;191
2025-03-17T07:33:49Z;-1493;;426
2025-03-17T07:34:50Z;-1755;;164
2025-03-17T07:34:52Z;-1808;;111
2025-03-17T07:35:06Z;-1815;;104
2025-03-17T07:35:15Z;-1770;;149
2025-03-17T07:35:25Z;-1806;;113
2025-03-17T07:35:40Z;-1837;;82
2025-03-17T07:35:45Z;-1801;;118
2025-03-17T07:35:56Z;-1840;;79
2025-03-17T07:36:02Z;-1810;;109
2025-03-17T07:36:40Z;-1616;;303
2025-03-17T07:36:43Z;-1805;;114
2025-03-17T07:37:01Z;-1745;;174
2025-03-17T07:37:02Z;-1836;;83
2025-03-17T07:37:25Z;-1714;;205
2025-03-17T07:37:26Z;-1827;;92
2025-03-17T07:37:44Z;-1674;;245
2025-03-17T07:37:45Z;-1834;;85
2025-03-17T07:38:37Z;-1887;;32
2025-03-17T07:38:39Z;-1863;;56
2025-03-17T07:39:36Z;-1884;;35
2025-03-17T07:42:30Z;;2056;172
2025-03-17T07:42:55Z;-1952;;104
2025-03-17T07:43:17Z;-1829;;227
2025-03-17T07:43:44Z;-1954;;102
2025-03-17T07:45:04Z;;2122;168
2025-03-17T07:45:14Z;-1978;;144
2025-03-17T07:51:22Z;-1809;;313
2025-03-17T07:54:37Z;-1718;;404
2025-03-17T07:54:39Z;-1676;;446
2025-03-17T07:55:53Z;-1487;;635
2025-03-17T07:55:54Z;-1625;;497
2025-03-17T07:57:12Z;-204;;1918
2025-03-17T07:57:34Z;853;;2975
2025-03-17T07:57:38Z;-206;;1916
2025-03-17T07:58:19Z;-1524;;598
2025-03-17T07:58:20Z;-1459;;663
2025-03-17T07:58:21Z;-175;;1947
2025-03-17T07:58:34Z;-545;;1577
2025-03-17T07:59:13Z;-2070;;52
2025-03-17T07:59:14Z;-607;;1515
2025-03-17T08:00:02Z;;2315;1708
2025-03-17T08:00:14Z;-565;;1750
2025-03-17T08:00:36Z;-588;;1727
2025-03-17T08:00:41Z;-595;;1720
2025-03-17T08:00:50Z;-1988;;327
2025-03-17T08:00:53Z;-542;;1773
2025-03-17T08:04:26Z;-2100;;215
2025-03-17T08:05:24Z;-1937;;378
2025-03-17T08:05:45Z;-2100;;215
2025-03-17T08:05:46Z;-2047;;268
2025-03-17T08:05:51Z;-2109;;206
2025-03-17T08:06:06Z;-2129;;186
2025-03-17T08:06:18Z;-2101;;214
2025-03-17T08:06:48Z;;2400;299
2025-03-17T08:07:03Z;-1897;;503
2025-03-17T08:07:10Z;-2125;;275
2025-03-17T08:07:14Z;-2101;;299
2025-03-17T08:07:55Z;-2148;;252
2025-03-17T08:07:57Z;-2111;;289
2025-03-17T08:08:58Z;-1951;;449
2025-03-17T08:08:59Z;-2114;;286
2025-03-17T08:12:39Z;;2426;312
2025-03-17T08:12:41Z;;2425;311
2025-03-17T08:15:02Z;;2497;383
2025-03-17T08:15:14Z;-2319;;178
2025-03-17T08:19:30Z;-2046;;451
2025-03-17T08:19:31Z;-2187;;310
2025-03-17T08:20:34Z;-2093;;404
2025-03-17T08:20:35Z;-2235;;262
2025-03-17T08:30:02Z;;2633;398
2025-03-17T08:30:16Z;-2333;;300
2025-03-17T08:35:50Z;-2406;;227
2025-03-17T08:43:05Z;-2359;;274
2025-03-17T08:43:06Z;;2510;151
2025-03-17T08:43:07Z;-2024;;486
2025-03-17T08:43:09Z;-1613;1890;277
2025-03-17T08:43:10Z;-1433;;457
2025-03-17T08:43:11Z;;1558;125
2025-03-17T08:43:12Z;-1154;;404
2025-03-17T08:43:17Z;;1426;272
2025-03-17T08:43:18Z;-1249;;177
2025-03-17T08:43:21Z;;1896;647
2025-03-17T08:43:23Z;-1881;;15
2025-03-17T08:43:26Z;;2176;295
2025-03-17T08:43:41Z;-1798;;378
2025-03-17T08:43:42Z;;955;-843
2025-03-17T08:43:43Z;-589;;366
2025-03-17T08:43:59Z;-730;1016;225
2025-03-17T08:44:00Z;-913;;42
2025-03-17T08:44:02Z;-1321;1612;291
2025-03-17T08:44:03Z;-1514;;98
2025-03-17T08:44:04Z;;1997;483
2025-03-17T08:44:05Z;-1850;;147
2025-03-17T08:44:19Z;-2119;2402;-122
2025-03-17T08:44:34Z;;2700;581
2025-03-17T08:44:35Z;-2419;;281
2025-03-17T08:45:00Z;;3002;583
2025-03-17T08:45:02Z;;3029;610
2025-03-17T08:45:14Z;-2750;;279
2025-03-17T08:45:28Z;-2656;;373
2025-03-17T08:45:31Z;;2963;307
2025-03-17T08:45:42Z;-2361;2652;291
2025-03-17T08:45:44Z;-1718;;934
2025-03-17T08:45:45Z;-1393;;1259
2025-03-17T08:45:46Z;;2345;952
2025-03-17T08:45:47Z;;1666;273
2025-03-17T08:45:48Z;-749;1177;917
2025-03-17T08:45:49Z;-616;;561
2025-03-17T08:45:50Z;;1018;402
2025-03-17T08:46:03Z;-597;;421
2025-03-17T08:46:04Z;;912;315
2025-03-17T08:46:19Z;-2593;3086;-1681
2025-03-17T08:46:42Z;-2676;2980;410
2025-03-17T08:46:48Z;;2658;-18
2025-03-17T08:46:49Z;-2366;;292
2025-03-17T08:46:56Z;-2399;;259
2025-03-17T08:46:57Z;;2714;315
2025-03-17T08:47:01Z;;2653;254
2025-03-17T08:47:08Z;;2710;311
2025-03-17T08:47:13Z;-2697;;13
2025-03-17T08:47:14Z;;3021;324
2025-03-17T08:49:09Z;-2680;2957;341
2025-03-17T08:49:10Z;-2109;2342;848
2025-03-17T08:49:11Z;-1913;;429
2025-03-17T08:49:13Z;-2131;;211
2025-03-17T08:49:14Z;-2407;2639;508
2025-03-17T08:49:15Z;-2176;;463
2025-03-17T08:49:16Z;;1909;-267
2025-03-17T08:49:17Z;-1702;1304;207
2025-03-17T08:49:18Z;-1096;;208
2025-03-17T08:49:19Z;-631;;673
2025-03-17T08:49:20Z;-445;;859
2025-03-17T08:49:24Z;-642;;662
2025-03-17T08:49:27Z;-476;678;202
2025-03-17T08:49:39Z;;632;156
2025-03-17T08:49:44Z;;597;121
2025-03-17T08:50:20Z;-485;;112
2025-03-17T08:50:21Z;;594;109
2025-03-17T08:50:22Z;;793;308
2025-03-17T08:50:23Z;;1104;619
2025-03-17T08:50:24Z;;1534;1049
2025-03-17T08:50:25Z;-760;;774
2025-03-17T08:50:26Z;-1153;;381
2025-03-17T08:50:27Z;-1566;1851;698
2025-03-17T08:50:29Z;-1930;;-79
2025-03-17T08:50:31Z;-1809;;42
2025-03-17T08:50:32Z;;2114;305
2025-03-17T08:50:33Z;-890;2169;1279
2025-03-17T08:50:34Z;;1530;640
2025-03-17T08:50:35Z;;721;-169
2025-03-17T08:52:02Z;;735;-155
2025-03-17T08:52:03Z;-880;1046;166
2025-03-17T08:52:04Z;-1158;1323;-112
2025-03-17T08:52:06Z;-2036;2217;181
2025-03-17T08:52:08Z;-2467;;-250
2025-03-17T08:52:09Z;;2787;320
2025-03-17T08:52:11Z;-2750;;37
2025-03-17T08:52:13Z;;3017;267
2025-03-17T08:55:52Z;;3040;290
2025-03-17T08:55:54Z;-2623;;417
2025-03-17T08:56:01Z;-2733;;307
2025-03-17T08:56:02Z;;3081;348
2025-03-17T08:56:05Z;;2984;251
2025-03-17T08:56:07Z;-2666;;318
2025-03-17T08:56:08Z;-2559;;425
2025-03-17T08:56:09Z;;2587;28
2025-03-17T08:56:11Z;;2311;-248
2025-03-17T08:56:12Z;-2055;;256
2025-03-17T08:56:14Z;;2039;-16
2025-03-17T08:56:15Z;-1709;;330
2025-03-17T08:56:16Z;;1722;13
2025-03-17T08:56:17Z;-1397;;325
2025-03-17T08:56:18Z;;1449;52
2025-03-17T08:56:19Z;-1182;;267
2025-03-17T08:56:23Z;-1228;;221
2025-03-17T08:56:24Z;;1673;445
2025-03-17T08:56:25Z;-1804;1993;-131
2025-03-17T08:56:26Z;;2228;424
2025-03-17T08:56:28Z;-2294;;-66
2025-03-17T08:56:30Z;-2809;2501;-581
2025-03-17T08:56:32Z;;2712;-97
2025-03-17T08:56:48Z;;2952;143
2025-03-17T08:56:50Z;-2686;;266
2025-03-17T08:56:52Z;-2216;2399;183
2025-03-17T08:56:53Z;-1798;1971;601
2025-03-17T08:56:54Z;;1645;-153
2025-03-17T08:56:55Z;-1456;;189
2025-03-17T08:56:58Z;;1913;457
2025-03-17T08:56:59Z;-1722;;191
2025-03-17T08:57:00Z;-2089;;-176
2025-03-17T08:57:01Z;-2277;;-364
2025-03-17T08:57:02Z;;2282;5
2025-03-17T08:57:04Z;-2716;2475;-241
2025-03-17T08:57:08Z;;2765;49
2025-03-17T08:57:09Z;;3001;285
2025-03-17T08:57:21Z;;2963;247
2025-03-17T08:57:25Z;;3002;286
2025-03-17T08:58:04Z;-2555;;447
2025-03-17T08:58:05Z;-2663;;339
2025-03-17T08:58:10Z;-2492;2675;183
2025-03-17T08:58:11Z;;2525;33
2025-03-17T08:58:12Z;-2094;;431
2025-03-17T08:58:13Z;;1954;-140
2025-03-17T08:58:14Z;-1462;1621;492
2025-03-17T08:58:15Z;;1340;-122
2025-03-17T08:58:16Z;-937;;403
2025-03-17T08:58:17Z;;919;-18
2025-03-17T08:58:19Z;-542;;377
2025-03-17T08:58:45Z;;600;58
2025-03-17T08:59:29Z;;639;97
2025-03-17T08:59:39Z;;601;59
2025-03-17T09:00:02Z;;560;18
2025-03-17T09:00:14Z;-390;;170
2025-03-17T09:01:22Z;;592;202
2025-03-17T09:01:24Z;-613;;-21
2025-03-17T09:01:25Z;;861;248
2025-03-17T09:01:27Z;-951;;-90
2025-03-17T09:01:28Z;-1212;;-351
2025-03-17T09:01:29Z;-1503;;-642
2025-03-17T09:01:30Z;;1109;-394
2025-03-17T09:01:31Z;-1820;1676;-711
2025-03-17T09:01:32Z;-2114;2284;-438
2025-03-17T09:01:33Z;;2428;314
2025-03-17T09:01:34Z;-2425;;3
2025-03-17T09:01:35Z;;2623;198
2025-03-17T09:01:36Z;;3014;589
2025-03-17T09:01:37Z;-2841;;173
2025-03-17T09:01:39Z;-3024;;-10
2025-03-17T09:01:43Z;-2955;;59
2025-03-17T09:02:00Z;-3002;;12
2025-03-17T09:02:01Z;-2917;;97
2025-03-17T09:02:03Z;-2585;2761;429
2025-03-17T09:02:04Z;-2290;;471
2025-03-17T09:02:05Z;-1892;2042;-248
2025-03-17T09:02:06Z;;1627;-265
2025-03-17T09:02:07Z;-1481;;146
2025-03-17T09:02:08Z;-1161;1093;466
2025-03-17T09:02:09Z;-804;;289
2025-03-17T09:02:13Z;;969;165
2025-03-17T09:02:15Z;-538;;431
2025-03-17T09:02:16Z;;599;61
2025-03-17T09:02:43Z;;657;119
2025-03-17T09:02:45Z;;1079;541
2025-03-17T09:02:46Z;-659;1513;420
2025-03-17T09:02:47Z;;2082;1423
2025-03-17T09:02:49Z;;2610;1951
2025-03-17T09:02:50Z;-924;2979;2320
2025-03-17T09:02:51Z;-1353;3129;1776
2025-03-17T09:02:52Z;-1909;;1220
2025-03-17T09:02:53Z;-2783;;346
2025-03-17T09:02:55Z;-2996;;133
2025-03-17T09:03:39Z;-2963;;166
2025-03-17T09:05:25Z;-2769;;360
2025-03-17T09:05:27Z;;2970;201
2025-03-17T09:05:29Z;-2791;;179
2025-03-17T09:05:30Z;;3050;259
2025-03-17T09:05:55Z;;2971;180
2025-03-17T09:05:58Z;;2396;-395
2025-03-17T09:06:02Z;-2449;;-53
2025-03-17T09:06:03Z;;2795;346
2025-03-17T09:06:04Z;-2787;;8
2025-03-17T09:06:05Z;;3012;225
2025-03-17T09:06:54Z;;2906;119
2025-03-17T09:06:56Z;;2618;-169
2025-03-17T09:06:57Z;-2527;;91
2025-03-17T09:07:14Z;;2717;190
2025-03-17T09:07:15Z;-1125;;1592
2025-03-17T09:07:19Z;;1293;168
2025-03-17T09:07:20Z;-1208;;85
2025-03-17T09:07:22Z;;1551;343
2025-03-17T09:07:25Z;-1383;1571;168
2025-03-17T09:07:26Z;-1650;;-79
2025-03-17T09:07:27Z;;2104;454
2025-03-17T09:07:29Z;;2402;752
2025-03-17T09:07:30Z;;2285;635
2025-03-17T09:07:36Z;-2192;;93
2025-03-17T09:07:38Z;-2515;;-230
2025-03-17T09:07:39Z;;2467;-48
2025-03-17T09:07:40Z;;2715;200
2025-03-17T09:07:44Z;-2623;2803;92
2025-03-17T09:07:45Z;;2514;-109
2025-03-17T09:07:46Z;-2351;;163
2025-03-17T09:07:48Z;-1575;;939
2025-03-17T09:07:49Z;-1220;2170;1294
2025-03-17T09:07:50Z;-950;1761;1220
2025-03-17T09:07:52Z;;1379;429
2025-03-17T09:07:53Z;;1104;154
2025-03-17T09:07:54Z;-804;;300
2025-03-17T09:07:55Z;-556;;548
2025-03-17T09:07:57Z;;882;326
2025-03-17T09:08:05Z;-626;;256
2025-03-17T09:08:07Z;;962;336
2025-03-17T09:08:08Z;-983;;-21
2025-03-17T09:08:09Z;-1268;1459;476
2025-03-17T09:08:10Z;-1627;1824;556
2025-03-17T09:08:11Z;;2235;608
2025-03-17T09:08:12Z;-2031;;204
2025-03-17T09:08:13Z;-2263;2453;190
2025-03-17T09:08:14Z;-1956;2369;106
2025-03-17T09:08:15Z;-1744;1917;-39
2025-03-17T09:08:16Z;;1789;45
2025-03-17T09:08:32Z;;1918;174
2025-03-17T09:08:33Z;-3008;;-1090
2025-03-17T09:09:03Z;-2961;;-1043
2025-03-17T09:09:58Z;-2654;;-736
2025-03-17T09:10:01Z;;2858;204
2025-03-17T09:10:02Z;;2637;-17
2025-03-17T09:10:03Z;-2715;2823;108
2025-03-17T09:10:04Z;;3114;399
2025-03-17T09:10:06Z;-3000;;114
2025-03-17T09:10:09Z;-2935;;179
2025-03-17T09:10:11Z;-3008;;106
2025-03-17T09:10:15Z;-2924;;190
2025-03-17T09:10:18Z;;2949;25
2025-03-17T09:10:19Z;-2696;;253
2025-03-17T09:10:22Z;;2668;-28
2025-03-17T09:10:23Z;-2204;2389;-307
2025-03-17T09:10:24Z;-1910;;479
2025-03-17T09:10:25Z;-1610;1816;-94
2025-03-17T09:10:27Z;-1404;1407;412
2025-03-17T09:10:28Z;-1127;;280
2025-03-17T09:10:32Z;;1159;32
2025-03-17T09:10:33Z;-864;;295
2025-03-17T09:10:36Z;-923;;236
2025-03-17T09:10:38Z;;1188;265
2025-03-17T09:10:40Z;-1286;;-98
2025-03-17T09:10:41Z;-1640;1854;568
2025-03-17T09:10:43Z;-2538;;-684
2025-03-17T09:10:44Z;-2849;;-995
2025-03-17T09:10:46Z;-3019;2765;-84
2025-03-17T09:11:09Z;-2960;;-195
2025-03-17T09:12:28Z;-2801;;-36
2025-03-17T09:12:33Z;-2934;;-169
2025-03-17T09:14:25Z;-1771;;994
2025-03-17T09:14:26Z;-2813;;-48
2025-03-17T09:15:05Z;;3097;284
2025-03-17T09:15:14Z;-2826;;271
2025-03-17T09:17:42Z;;2997;171
2025-03-17T09:17:43Z;;3116;290
2025-03-17T09:19:24Z;-2427;2669;242
2025-03-17T09:19:29Z;-2121;;548
2025-03-17T09:19:31Z;;2454;333
2025-03-17T09:19:33Z;-2430;;24
2025-03-17T09:19:34Z;-2587;;-133
2025-03-17T09:19:36Z;;2707;120
2025-03-17T09:19:37Z;;3003;416
2025-03-17T09:19:38Z;-2630;2905;275
2025-03-17T09:19:39Z;-2510;2782;395
2025-03-17T09:19:42Z;-2507;;275
2025-03-17T09:19:44Z;-2716;;66
2025-03-17T09:19:47Z;;2787;71
2025-03-17T09:19:48Z;;2896;180
2025-03-17T09:20:56Z;-3001;;-105
2025-03-17T09:21:13Z;-2931;;-35
2025-03-17T09:21:16Z;-2574;;322
2025-03-17T09:21:17Z;-2448;;448
2025-03-17T09:21:19Z;;2848;400
2025-03-17T09:21:21Z;-1797;;1051
2025-03-17T09:21:22Z;-860;;1988
2025-03-17T09:21:23Z;-619;;2229
2025-03-17T09:21:37Z;;2579;1960
2025-03-17T09:21:54Z;;642;23
2025-03-17T09:21:56Z;-594;;48
2025-03-17T09:21:57Z;-894;;-252
2025-03-17T09:21:59Z;-1855;851;-43
2025-03-17T09:22:00Z;;1615;-240
2025-03-17T09:22:01Z;-2736;2134;-1121
2025-03-17T09:22:02Z;;3021;285
2025-03-17T09:22:04Z;-3048;3335;287
2025-03-17T09:22:13Z;-2984;3268;284
2025-03-17T09:22:17Z;-2645;;623
2025-03-17T09:22:19Z;-2814;;454
2025-03-17T09:22:20Z;;2918;104
2025-03-17T09:22:21Z;;3115;301
2025-03-17T09:22:22Z;-3010;;105
2025-03-17T09:22:23Z;;3326;316
2025-03-17T09:22:28Z;-2932;;394
2025-03-17T09:22:29Z;-2683;;643
2025-03-17T09:22:30Z;-2429;;897
2025-03-17T09:22:31Z;;3209;780
2025-03-17T09:22:32Z;-2074;;1135
2025-03-17T09:22:33Z;-1772;;1437
2025-03-17T09:22:35Z;-1470;2957;1185
2025-03-17T09:22:36Z;-1578;2696;1226
2025-03-17T09:22:37Z;;2352;774
2025-03-17T09:22:38Z;;1762;184
2025-03-17T09:22:39Z;-2012;;-250
2025-03-17T09:22:40Z;-2405;;-643
2025-03-17T09:22:56Z;-2825;2666;-1063
2025-03-17T09:22:58Z;;2320;-505
2025-03-17T09:22:59Z;;1860;-965
2025-03-17T09:23:01Z;-696;1451;755
2025-03-17T09:23:20Z;;594;-102
2025-03-17T09:23:32Z;;612;-84
2025-03-17T09:23:35Z;-607;;5
2025-03-17T09:23:36Z;;975;368
2025-03-17T09:23:37Z;;1096;489
2025-03-17T09:23:38Z;-979;;117
2025-03-17T09:23:39Z;;1345;366
2025-03-17T09:23:40Z;-1301;;44
2025-03-17T09:23:41Z;-1500;;-155
2025-03-17T09:23:42Z;;1869;369
2025-03-17T09:23:44Z;-1328;1606;278
2025-03-17T09:23:45Z;-997;;609
2025-03-17T09:23:46Z;-815;;791
2025-03-17T09:23:48Z;-437;;1169
2025-03-17T09:23:51Z;;1057;620
2025-03-17T09:23:52Z;;865;428
2025-03-17T09:23:53Z;;692;255
2025-03-17T09:23:54Z;;584;147
2025-03-17T09:23:56Z;-727;987;260
2025-03-17T09:23:57Z;;983;256
2025-03-17T09:23:58Z;-520;;463
2025-03-17T09:23:59Z;;582;62
2025-03-17T09:24:00Z;-295;;287
2025-03-17T09:25:02Z;-283;;299
2025-03-17T09:25:04Z;-578;;4
2025-03-17T09:25:05Z;;553;-25
2025-03-17T09:25:06Z;-1164;825;247
2025-03-17T09:25:07Z;-1632;1068;-564
2025-03-17T09:25:08Z;;1431;-201
2025-03-17T09:25:09Z;-2532;;-1101
2025-03-17T09:25:10Z;-2735;;-1304
2025-03-17T09:25:12Z;;2421;-314
2025-03-17T09:25:14Z;;2812;77
2025-03-17T09:25:19Z;-3001;;-189
2025-03-17T09:26:20Z;-2950;;-138
2025-03-17T09:28:11Z;-2182;1793;-389
2025-03-17T09:28:12Z;-2934;3161;227
2025-03-17T09:28:15Z;-3021;;140
2025-03-17T09:28:29Z;-2974;;187
2025-03-17T09:30:02Z;;3199;225
2025-03-17T09:30:14Z;-3005;;194
2025-03-17T09:35:28Z;-3009;;190
2025-03-17T09:38:54Z;-2960;;239
2025-03-17T09:38:55Z;-3035;;164
2025-03-17T09:40:51Z;;3300;265
2025-03-17T09:41:45Z;;3238;203
2025-03-17T09:41:46Z;;3351;316
2025-03-17T09:42:06Z;;3281;246
2025-03-17T09:42:08Z;-2900;;381
2025-03-17T09:42:09Z;;2938;38
2025-03-17T09:42:10Z;-2560;;378
2025-03-17T09:42:11Z;-2397;2580;20
2025-03-17T09:42:12Z;;2454;57
2025-03-17T09:42:14Z;-2072;;382
2025-03-17T09:42:19Z;;2042;-30
2025-03-17T09:42:33Z;;2165;93
2025-03-17T09:43:18Z;;3283;1211
2025-03-17T09:43:20Z;-2860;;423
2025-03-17T09:43:21Z;-2570;2758;-102
2025-03-17T09:43:22Z;-2210;;548
2025-03-17T09:43:23Z;;2018;-192
2025-03-17T09:43:24Z;-1851;;167
2025-03-17T09:43:25Z;-1563;1557;-6
2025-03-17T09:43:26Z;-1387;;170
2025-03-17T09:43:28Z;-1175;;382
2025-03-17T09:43:30Z;;1169;-6
2025-03-17T09:43:32Z;-811;;358
2025-03-17T09:43:33Z;;892;81
2025-03-17T09:43:52Z;-3143;881;70
2025-03-17T09:43:53Z;;3357;214
2025-03-17T09:44:09Z;;3280;137
2025-03-17T09:44:12Z;-2964;;316
2025-03-17T09:44:15Z;-2972;;308
2025-03-17T09:44:17Z;;3345;373
2025-03-17T09:44:34Z;;3294;322
2025-03-17T09:44:35Z;-3006;;288
2025-03-17T09:44:39Z;-3020;;274
2025-03-17T09:44:41Z;-2965;;329
2025-03-17T09:44:43Z;-2670;;624
2025-03-17T09:44:46Z;;2874;204
2025-03-17T09:44:48Z;-2735;;139
2025-03-17T09:44:49Z;;3032;297
2025-03-17T09:44:52Z;-3057;;-25
2025-03-17T09:44:53Z;;3408;351
2025-03-17T09:45:10Z;;3429;372
2025-03-17T09:45:11Z;;3294;237
2025-03-17T09:45:12Z;;2981;-76
2025-03-17T09:45:13Z;;3063;6
2025-03-17T09:45:14Z;-2733;;330
2025-03-17T09:45:27Z;;2963;230
2025-03-17T09:45:31Z;;3013;280
2025-03-17T09:45:33Z;;2913;180
2025-03-17T09:45:34Z;-2594;;319
2025-03-17T09:45:35Z;-2380;2686;92
2025-03-17T09:45:39Z;;2370;-10
2025-03-17T09:45:42Z;-2110;;260
2025-03-17T09:45:43Z;-1983;;387
2025-03-17T09:45:45Z;-2439;2654;-69
2025-03-17T09:45:46Z;;2785;346
2025-03-17T09:45:47Z;-2783;3007;2
2025-03-17T09:45:49Z;-3025;;-18
2025-03-17T09:45:50Z;-2999;;8
2025-03-17T09:45:54Z;-2680;2890;210
2025-03-17T09:46:02Z;;2719;39
2025-03-17T09:46:03Z;-2434;;285
2025-03-17T09:46:06Z;;2356;-78
2025-03-17T09:46:08Z;;2412;-22
2025-03-17T09:46:13Z;;2339;-95
2025-03-17T09:46:29Z;;2368;-66
2025-03-17T09:46:31Z;-3199;;-831
2025-03-17T09:46:32Z;;3330;131
2025-03-17T09:46:33Z;-2999;;331
2025-03-17T09:46:36Z;;2940;-59
2025-03-17T09:46:39Z;;3014;15
2025-03-17T09:46:42Z;-3064;;-50
2025-03-17T09:46:43Z;;3321;257
2025-03-17T09:46:53Z;;3201;137
2025-03-17T09:46:54Z;-2903;;298
2025-03-17T09:46:55Z;;2996;93
2025-03-17T09:46:57Z;-2663;;333
2025-03-17T09:47:00Z;;2694;31
2025-03-17T09:47:02Z;-2226;;468
2025-03-17T09:47:04Z;;2326;100
2025-03-17T09:47:08Z;;2501;275
2025-03-17T09:47:09Z;-2406;;95
2025-03-17T09:47:10Z;;2721;315
2025-03-17T09:47:14Z;-2759;;-38
2025-03-17T09:47:15Z;;3046;287
2025-03-17T09:47:17Z;;3086;327
2025-03-17T09:47:19Z;-2628;;458
2025-03-17T09:47:22Z;-2355;2803;175
2025-03-17T09:47:25Z;;2388;33
2025-03-17T09:47:28Z;-2075;;313
2025-03-17T09:47:30Z;;2086;11
2025-03-17T09:47:47Z;-1795;;291
2025-03-17T09:47:48Z;;1755;-40
2025-03-17T09:47:50Z;-1455;;300
2025-03-17T09:47:54Z;-1560;1721;195
2025-03-17T09:47:57Z;-1868;;-147
2025-03-17T09:47:58Z;;2148;280
2025-03-17T09:48:00Z;-2241;2412;-93
2025-03-17T09:48:02Z;-2577;;-165
2025-03-17T09:48:04Z;-2704;2742;-292
2025-03-17T09:48:05Z;;2976;272
2025-03-17T09:48:06Z;-2644;;332
2025-03-17T09:48:09Z;;3340;696
2025-03-17T09:48:16Z;-3246;;94
2025-03-17T09:48:45Z;;3293;47
2025-03-17T09:48:46Z;-2951;;342
2025-03-17T09:49:05Z;-3042;;251
2025-03-17T09:51:42Z;;3283;241
2025-03-17T09:51:53Z;-1848;;1435
2025-03-17T09:51:54Z;-2989;;294
2025-03-17T09:52:06Z;;3246;257
2025-03-17T09:52:07Z;;3327;338
2025-03-17T09:52:23Z;;3281;292
2025-03-17T09:58:24Z;-2607;;674
2025-03-17T09:58:25Z;-2928;;353
2025-03-17T09:58:26Z;-2974;;307
2025-03-17T09:58:27Z;-2975;;306
2025-03-17T09:58:31Z;;3354;379
2025-03-17T09:58:46Z;;3318;343
2025-03-17T09:58:49Z;;3317;342
2025-03-17T09:59:58Z;-3023;;294
2025-03-17T10:00:02Z;;3335;312
2025-03-17T10:00:05Z;-2975;;360
2025-03-17T10:00:09Z;-3021;;314
2025-03-17T10:00:14Z;-3021;;314
2025-03-17T10:11:31Z;-2783;3039;552
2025-03-17T10:11:34Z;;2822;39
2025-03-17T10:11:40Z;;2603;-180
2025-03-17T10:11:42Z;-2357;;246
2025-03-17T10:11:43Z;-2455;2708;148
2025-03-17T10:11:45Z;-2285;;423
2025-03-17T10:11:47Z;;2525;240
2025-03-17T10:11:48Z;;2367;82
2025-03-17T10:11:49Z;;2419;134
2025-03-17T10:11:53Z;-2404;;15
2025-03-17T10:11:54Z;-2266;;153
2025-03-17T10:11:55Z;;2353;87
2025-03-17T10:11:56Z;-2035;;318
2025-03-17T10:11:59Z;;2070;35
2025-03-17T10:12:00Z;;2301;266
2025-03-17T10:12:01Z;-2306;2556;-5
2025-03-17T10:12:03Z;;2966;660
2025-03-17T10:12:04Z;;3162;856
2025-03-17T10:12:05Z;-2868;;294
2025-03-17T10:12:06Z;-3145;;17
2025-03-17T10:12:08Z;;3422;277
2025-03-17T10:13:28Z;-2394;3075;681
2025-03-17T10:13:29Z;-3153;;-78
2025-03-17T10:13:32Z;;3422;269
2025-03-17T10:14:43Z;-3302;;120
2025-03-17T10:14:52Z;;3602;300
2025-03-17T10:14:57Z;-3190;;412
2025-03-17T10:14:58Z;-2903;;699
2025-03-17T10:15:00Z;-2689;3471;568
2025-03-17T10:15:15Z;-3300;3188;499
2025-03-17T10:15:18Z;;3601;301
2025-03-17T10:15:19Z;-3300;;301
2025-03-17T10:15:21Z;;3496;196
2025-03-17T10:15:22Z;;3261;-39
2025-03-17T10:15:23Z;;2776;-524
2025-03-17T10:15:25Z;-3228;;-452
2025-03-17T10:15:26Z;-2541;;235
2025-03-17T10:15:27Z;-1897;2167;879
2025-03-17T10:15:28Z;-1427;;740
2025-03-17T10:15:29Z;-1154;1650;223
2025-03-17T10:15:30Z;;1670;516
2025-03-17T10:15:31Z;-1427;;243
2025-03-17T10:15:32Z;-1555;;115
2025-03-17T10:15:34Z;;1890;335
2025-03-17T10:15:35Z;-1264;1865;626
2025-03-17T10:15:36Z;-1088;;777
2025-03-17T10:15:37Z;-1239;1463;375
2025-03-17T10:15:39Z;;1492;253
2025-03-17T10:15:41Z;-1138;;354
2025-03-17T10:15:43Z;-861;;631
2025-03-17T10:15:46Z;;1078;217
2025-03-17T10:15:47Z;;1144;283
2025-03-17T10:15:48Z;-1177;1418;241
2025-03-17T10:15:49Z;-1308;;110
2025-03-17T10:15:52Z;;1652;344
2025-03-17T10:15:54Z;;1147;-161
2025-03-17T10:15:56Z;-934;;213
2025-03-17T10:15:57Z;-778;;369
2025-03-17T10:15:58Z;-942;1562;205
2025-03-17T10:15:59Z;-1318;;244
2025-03-17T10:16:00Z;-1913;;-351
2025-03-17T10:16:02Z;-2499;2764;-937
2025-03-17T10:16:03Z;;3523;1024
2025-03-17T10:16:05Z;-2981;;542
2025-03-17T10:16:06Z;-3242;;281
2025-03-17T10:16:07Z;-3378;3657;415
2025-03-17T10:16:36Z;-3239;;418
2025-03-17T10:16:38Z;-2897;;760
2025-03-17T10:16:39Z;-2565;3505;608
2025-03-17T10:16:40Z;-2102;3162;597
2025-03-17T10:16:41Z;;2827;725
2025-03-17T10:16:42Z;-1662;2345;1165
2025-03-17T10:16:43Z;-1456;;889
2025-03-17T10:16:45Z;-2374;;-29
2025-03-17T10:16:46Z;;1879;-495
2025-03-17T10:16:47Z;-3404;;-1525
2025-03-17T10:16:50Z;;1707;-1697
2025-03-17T10:16:52Z;;2653;-751
2025-03-17T10:16:53Z;;3679;275
2025-03-17T10:16:55Z;-3081;3330;598
2025-03-17T10:16:56Z;-2461;2682;869
2025-03-17T10:16:58Z;-1299;;1383
2025-03-17T10:17:00Z;;1970;671
2025-03-17T10:17:01Z;;1551;252
2025-03-17T10:17:03Z;;1248;-51
2025-03-17T10:17:06Z;;1294;-5
2025-03-17T10:17:09Z;;1434;135
2025-03-17T10:17:10Z;-1405;;29
2025-03-17T10:17:11Z;;1856;451
2025-03-17T10:17:12Z;-1800;;56
2025-03-17T10:17:13Z;;2372;572
2025-03-17T10:17:14Z;-2370;;2
2025-03-17T10:17:15Z;;2842;472
2025-03-17T10:17:16Z;-2738;3003;633
2025-03-17T10:17:17Z;-2659;2910;344
2025-03-17T10:17:23Z;;2986;327
2025-03-17T10:17:24Z;-2584;;402
2025-03-17T10:17:25Z;-3028;3306;278
2025-03-17T10:17:29Z;-3349;;-43
2025-03-17T10:17:32Z;;3638;289
2025-03-17T10:17:57Z;;3587;238
2025-03-17T10:18:03Z;;3685;336
2025-03-17T10:18:06Z;;3533;184
2025-03-17T10:18:08Z;-3265;;268
2025-03-17T10:18:09Z;-3325;;208
2025-03-17T10:18:10Z;-3278;;255
2025-03-17T10:18:12Z;;3610;332
2025-03-17T10:18:13Z;;3545;267
2025-03-17T10:18:14Z;;3276;-2
2025-03-17T10:18:15Z;-2655;;621
2025-03-17T10:18:16Z;-2359;;917
2025-03-17T10:18:17Z;-2047;;1229
2025-03-17T10:18:18Z;-1517;2905;858
2025-03-17T10:18:19Z;;2598;1081
2025-03-17T10:18:20Z;-1010;;1588
2025-03-17T10:18:21Z;;1994;984
2025-03-17T10:18:22Z;;1832;822
2025-03-17T10:18:24Z;-756;;1076
2025-03-17T10:18:25Z;-625;;1207
2025-03-17T10:18:26Z;;1264;639
2025-03-17T10:18:27Z;;963;338
2025-03-17T10:19:50Z;-634;;329
2025-03-17T10:20:01Z;;918;284
2025-03-17T10:20:04Z;-900;;18
2025-03-17T10:20:05Z;;1552;652
2025-03-17T10:20:07Z;;2453;1553
2025-03-17T10:20:08Z;-1287;;1166
2025-03-17T10:20:09Z;-1881;2828;1541
2025-03-17T10:20:10Z;-2199;;629
2025-03-17T10:20:12Z;-2568;;260
2025-03-17T10:20:13Z;-2091;;737
2025-03-17T10:20:14Z;;2316;225
2025-03-17T10:20:15Z;-2153;;163
2025-03-17T10:20:34Z;-3602;;-1286
2025-03-17T10:20:37Z;-3538;;-1222
2025-03-17T10:20:40Z;-3285;;-969
2025-03-17T10:20:42Z;-3338;;-1022
2025-03-17T10:20:43Z;;3566;228
2025-03-17T10:20:44Z;-3178;;388
2025-03-17T10:20:45Z;-2970;;596
2025-03-17T10:20:47Z;;3617;647
2025-03-17T10:20:48Z;;3440;470
2025-03-17T10:20:49Z;;3224;254
2025-03-17T10:20:50Z;-2520;;704
2025-03-17T10:20:53Z;;2970;450
2025-03-17T10:20:54Z;;2655;135
2025-03-17T10:20:55Z;-2320;;335
2025-03-17T10:20:57Z;-2016;;639
2025-03-17T10:20:58Z;;2296;280
2025-03-17T10:21:01Z;-2125;;171
2025-03-17T10:21:03Z;;2425;300
2025-03-17T10:21:05Z;;2350;225
2025-03-17T10:21:06Z;-2056;;294
2025-03-17T10:21:08Z;-2089;;261
2025-03-17T10:21:09Z;;2419;330
2025-03-17T10:21:11Z;-2605;2865;-186
2025-03-17T10:21:14Z;-2359;;506
2025-03-17T10:21:17Z;-2157;2600;241
2025-03-17T10:21:18Z;;2388;231
2025-03-17T10:21:20Z;;1954;-203
2025-03-17T10:21:21Z;-1733;1707;-26
2025-03-17T10:21:22Z;-1490;1486;217
2025-03-17T10:21:23Z;-1270;;216
2025-03-17T10:21:25Z;-911;;575
2025-03-17T10:21:27Z;;1136;225
2025-03-17T10:22:18Z;-945;;191
2025-03-17T10:22:19Z;-1049;1282;337
2025-03-17T10:22:21Z;-1641;1892;-359
2025-03-17T10:22:22Z;;2430;789
2025-03-17T10:22:23Z;-2770;3048;-340
2025-03-17T10:22:25Z;-3486;3514;744
2025-03-17T10:22:26Z;-3638;3770;284
2025-03-17T10:22:27Z;;3909;271
2025-03-17T10:22:35Z;-3488;;421
2025-03-17T10:22:37Z;-2998;3778;911
2025-03-17T10:22:38Z;;3543;545
2025-03-17T10:22:39Z;;3280;282
2025-03-17T10:22:40Z;-2432;2872;848
2025-03-17T10:22:42Z;-1642;2425;-7
2025-03-17T10:22:43Z;;2073;431
2025-03-17T10:22:44Z;-1154;1779;625
2025-03-17T10:22:45Z;;1556;402
2025-03-17T10:22:47Z;-852;;704
2025-03-17T10:23:06Z;;1210;358
2025-03-17T10:23:41Z;;1230;378
2025-03-17T10:23:42Z;-800;;430
2025-03-17T10:23:44Z;-1002;;228
2025-03-17T10:23:46Z;-2227;;-997
2025-03-17T10:23:47Z;-2644;1476;-751
2025-03-17T10:23:48Z;;2731;87
2025-03-17T10:23:49Z;;3154;510
2025-03-17T10:23:50Z;;3394;750
2025-03-17T10:23:52Z;;3604;960
2025-03-17T10:23:56Z;-3093;;511
2025-03-17T10:23:59Z;;3942;849
2025-03-17T10:24:04Z;-1201;;2741
2025-03-17T10:24:05Z;-1250;;2692
2025-03-17T10:24:08Z;-3271;;671
2025-03-17T10:24:10Z;-2125;;1817
2025-03-17T10:24:25Z;;3886;1761
2025-03-17T10:24:40Z;;3758;1633
2025-03-17T10:24:41Z;;4038;1913
2025-03-17T10:25:04Z;-2471;;1567
2025-03-17T10:25:05Z;-2465;;1573
2025-03-17T10:25:12Z;-2083;;1955
2025-03-17T10:25:15Z;-2228;;1810
2025-03-17T10:25:18Z;-1985;;2053
2025-03-17T10:25:20Z;-1619;3569;2419
2025-03-17T10:25:22Z;-852;;2717
2025-03-17T10:25:23Z;-669;;2900
2025-03-17T10:25:24Z;-374;3075;2406
2025-03-17T10:25:25Z;;2779;2405
2025-03-17T10:25:26Z;239;2587;3018
2025-03-17T10:25:27Z;395;;2982
2025-03-17T10:25:28Z;;1919;2314
2025-03-17T10:25:29Z;;1648;2043
2025-03-17T10:25:43Z;;1524;1919
2025-03-17T10:25:50Z;;1205;1600
2025-03-17T10:26:20Z;;1271;1666
2025-03-17T10:26:22Z;567;;1838
2025-03-17T10:26:27Z;667;;1938
2025-03-17T10:26:31Z;537;;1808
2025-03-17T10:26:33Z;69;;1340
2025-03-17T10:26:34Z;;1423;1492
2025-03-17T10:26:35Z;;1916;1985
2025-03-17T10:26:36Z;;2571;2640
2025-03-17T10:26:37Z;-255;;2316
2025-03-17T10:26:38Z;-559;;2012
2025-03-17T10:26:39Z;-890;;1681
2025-03-17T10:26:40Z;;2912;2022
2025-03-17T10:26:42Z;;3199;2309
2025-03-17T10:26:43Z;-1149;3430;2540
2025-03-17T10:26:45Z;-1387;;2043
2025-03-17T10:26:46Z;-1616;;1814
2025-03-17T10:26:47Z;-1893;3669;2053
2025-03-17T10:27:02Z;;2608;715
2025-03-17T10:27:03Z;-430;2374;1944
2025-03-17T10:27:05Z;;2437;2007
2025-03-17T10:27:06Z;;2436;2006
2025-03-17T10:27:11Z;;2358;1928
2025-03-17T10:27:12Z;;2257;1827
2025-03-17T10:27:13Z;;1480;1050
2025-03-17T10:27:15Z;54;1158;1212
2025-03-17T10:27:16Z;434;;1592
2025-03-17T10:27:17Z;653;;1811
2025-03-17T10:27:26Z;905;;2063
2025-03-17T10:27:58Z;;898;1803
2025-03-17T10:29:23Z;2137;;3035
2025-03-17T10:29:24Z;1125;;2023
2025-03-17T10:30:02Z;;901;2026
2025-03-17T10:30:14Z;1074;;1975
2025-03-17T10:30:57Z;;944;2018
2025-03-17T10:31:38Z;;1105;2179
2025-03-17T10:31:40Z;661;;1766
2025-03-17T10:31:41Z;;1877;2538
2025-03-17T10:31:43Z;;2947;3608
2025-03-17T10:31:44Z;281;3287;3228
2025-03-17T10:31:45Z;-128;3474;3159
2025-03-17T10:31:46Z;-723;;2751
2025-03-17T10:31:47Z;;3804;3081
2025-03-17T10:31:48Z;-1059;3997;2938
2025-03-17T10:31:49Z;-1243;;2754
2025-03-17T10:31:50Z;-1546;;2451
2025-03-17T10:31:51Z;-2702;;1295
2025-03-17T10:32:43Z;-2503;;1494
2025-03-17T10:32:44Z;-1978;;2019
2025-03-17T10:32:45Z;-1441;;2556
2025-03-17T10:32:46Z;;3694;2253
2025-03-17T10:32:47Z;;3150;1709
2025-03-17T10:32:48Z;;2295;854
2025-03-17T10:32:49Z;;2083;642
2025-03-17T10:32:50Z;-681;1827;1402
2025-03-17T10:32:52Z;;1579;898
2025-03-17T10:32:53Z;;1458;777
2025-03-17T10:32:54Z;-430;;1028
2025-03-17T10:32:55Z;-292;;1166
2025-03-17T10:32:56Z;;1486;1194
2025-03-17T10:32:57Z;-246;;1240
2025-03-17T10:32:59Z;;1205;959
2025-03-17T10:33:34Z;;1217;971
2025-03-17T10:33:37Z;-288;;929
2025-03-17T10:33:40Z;;1179;891
2025-03-17T10:33:49Z;46;;1225
2025-03-17T10:35:09Z;-17;;1162
2025-03-17T10:35:10Z;;1244;1227
2025-03-17T10:35:11Z;-252;;992
2025-03-17T10:35:12Z;;1776;1524
2025-03-17T10:35:13Z;-980;;796
2025-03-17T10:35:16Z;-813;;963
2025-03-17T10:35:19Z;;1997;1184
2025-03-17T10:35:25Z;-534;;1463
2025-03-17T10:35:28Z;-320;1722;1188
2025-03-17T10:35:29Z;;1634;1314
2025-03-17T10:35:30Z;;1300;980
2025-03-17T10:35:31Z;118;;1418
2025-03-17T10:36:35Z;67;;1367
2025-03-17T10:36:37Z;-1113;1122;187
2025-03-17T10:36:38Z;;1788;675
2025-03-17T10:36:39Z;;2345;1232
2025-03-17T10:36:40Z;-1976;3234;369
2025-03-17T10:36:42Z;-2142;3342;1366
2025-03-17T10:36:44Z;;3653;1511
2025-03-17T10:36:45Z;-2444;;1209
2025-03-17T10:36:47Z;-2371;;1282
2025-03-17T10:36:48Z;-2072;3300;929
2025-03-17T10:36:49Z;;2916;844
2025-03-17T10:36:50Z;;2657;585
2025-03-17T10:36:52Z;-1427;2737;665
2025-03-17T10:36:53Z;-1496;;1241
2025-03-17T10:36:55Z;-1485;;1252
2025-03-17T10:36:56Z;-1355;;1382
2025-03-17T10:36:57Z;;2720;1365
2025-03-17T10:36:58Z;;2344;989
2025-03-17T10:37:00Z;-1043;;1301
2025-03-17T10:37:03Z;-1602;2272;1229
2025-03-17T10:37:04Z;;2710;1108
2025-03-17T10:37:05Z;;3054;1452
2025-03-17T10:37:07Z;-1971;3319;1717
2025-03-17T10:37:08Z;-1949;3198;1227
2025-03-17T10:37:09Z;-1597;;1601
2025-03-17T10:37:12Z;;2836;1239
2025-03-17T10:37:13Z;;2681;1084
2025-03-17T10:37:30Z;-1180;;1501
2025-03-17T10:37:31Z;;2002;822
2025-03-17T10:37:33Z;-936;2182;1246
2025-03-17T10:37:35Z;;2453;1517
2025-03-17T10:37:36Z;-1360;;1093
2025-03-17T10:37:37Z;;2810;1450
2025-03-17T10:37:40Z;-1556;;1254
2025-03-17T10:37:41Z;-1405;2665;1109
2025-03-17T10:37:45Z;-1059;2280;1606
2025-03-17T10:37:47Z;-830;;1450
2025-03-17T10:37:49Z;-557;2051;1494
2025-03-17T10:37:51Z;-263;;1788
2025-03-17T10:37:53Z;;1786;1523
2025-03-17T10:37:54Z;;1497;1234
2025-03-17T10:38:04Z;;1191;928
2025-03-17T10:38:07Z;;1272;1009
2025-03-17T10:38:08Z;-371;1635;901
2025-03-17T10:38:09Z;-903;2185;1282
2025-03-17T10:38:10Z;-1415;;770
2025-03-17T10:38:11Z;;2697;1282
2025-03-17T10:38:12Z;-1864;3159;833
2025-03-17T10:38:13Z;-2131;3430;1299
2025-03-17T10:38:14Z;-2059;;1371
2025-03-17T10:38:15Z;;3089;1030
2025-03-17T10:38:17Z;;3312;1253
2025-03-17T10:38:18Z;-2181;;1131
2025-03-17T10:38:20Z;;3659;1478
2025-03-17T10:38:21Z;-2474;;1185
2025-03-17T10:38:22Z;;3918;1444
2025-03-17T10:38:26Z;;3849;1375
2025-03-17T10:38:28Z;-2392;;1457
2025-03-17T10:38:29Z;-2465;;1384
2025-03-17T10:38:31Z;;3984;1519
2025-03-17T10:38:48Z;;3833;1368
2025-03-17T10:38:49Z;-2097;2405;-60
2025-03-17T10:38:50Z;-2464;3375;-59
2025-03-17T10:38:52Z;;3750;1286
2025-03-17T10:38:53Z;;3915;1451
2025-03-17T10:39:06Z;-2431;3720;1289
2025-03-17T10:39:08Z;-1470;;2250
2025-03-17T10:39:10Z;-437;;3283
2025-03-17T10:39:13Z;64;3340;2903
2025-03-17T10:39:14Z;;2705;2769
2025-03-17T10:39:15Z;;2073;2137
2025-03-17T10:39:16Z;;1657;1721
2025-03-17T10:39:18Z;;1251;1315
2025-03-17T10:39:25Z;;1217;1281
2025-03-17T10:39:26Z;-16;;1201
2025-03-17T10:39:28Z;;1441;1425
2025-03-17T10:39:29Z;-296;;1145
2025-03-17T10:39:32Z;;1874;1578
2025-03-17T10:39:33Z;-628;;1246
2025-03-17T10:39:34Z;;1720;1092
2025-03-17T10:39:35Z;-320;;1400
2025-03-17T10:39:36Z;;1421;1101
2025-03-17T10:39:39Z;58;;1479
2025-03-17T10:39:42Z;;1169;1227
2025-03-17T10:39:46Z;;1168;1226
2025-03-17T10:39:47Z;42;;1210
2025-03-17T10:39:51Z;-265;1505;1240
2025-03-17T10:40:07Z;-275;1987;1230
2025-03-17T10:40:08Z;-926;;1061
2025-03-17T10:40:09Z;-750;1663;737
2025-03-17T10:40:10Z;-425;;1238
2025-03-17T10:40:11Z;;1312;887
2025-03-17T10:40:13Z;126;;1438
2025-03-17T10:40:17Z;;1215;1341
2025-03-17T10:40:19Z;-37;;1178
2025-03-17T10:40:21Z;;1417;1380
2025-03-17T10:40:22Z;-300;;1117
2025-03-17T10:40:25Z;;1673;1373
2025-03-17T10:40:26Z;-689;;984
2025-03-17T10:40:30Z;-854;;819
2025-03-17T10:40:31Z;;2290;1436
2025-03-17T10:40:33Z;-1330;;960
2025-03-17T10:40:40Z;;2732;1402
2025-03-17T10:40:41Z;-1410;2659;1322
2025-03-17T10:40:42Z;-1120;2352;1232
2025-03-17T10:40:44Z;;1468;348
2025-03-17T10:40:45Z;142;;1610
2025-03-17T10:40:49Z;315;;1783
2025-03-17T10:40:51Z;;896;1211
2025-03-17T10:43:40Z;700;;1596
2025-03-17T10:43:41Z;;666;1366
2025-03-17T10:43:42Z;;543;1243
2025-03-17T10:43:44Z;540;;1083
2025-03-17T10:45:02Z;;719;1259
2025-03-17T10:48:43Z;299;898;1018
2025-03-17T10:48:49Z;;1189;1488
2025-03-17T10:48:51Z;-81;;1108
2025-03-17T10:48:52Z;;1151;1070
2025-03-17T10:48:53Z;79;;1230
2025-03-17T10:48:56Z;;1180;1259
2025-03-17T10:48:57Z;-51;;1129
2025-03-17T10:49:01Z;;1426;1375
2025-03-17T10:49:02Z;-332;;1094
2025-03-17T10:49:17Z;;1760;1428
2025-03-17T10:49:18Z;;1443;1111
2025-03-17T10:49:20Z;-1083;;360
2025-03-17T10:49:21Z;-935;;508
2025-03-17T10:49:23Z;-694;1407;749
2025-03-17T10:49:24Z;-563;;844
2025-03-17T10:49:25Z;-247;;1160
2025-03-17T10:49:26Z;;1521;1274
2025-03-17T10:49:29Z;-373;;1148
2025-03-17T10:49:30Z;-178;;1343
2025-03-17T10:49:36Z;;1208;1030
2025-03-17T10:49:38Z;64;;1272
2025-03-17T10:49:44Z;;920;984
2025-03-17T10:49:46Z;314;;1234
2025-03-17T10:53:25Z;622;;1542
2025-03-17T10:53:41Z;573;;1493
2025-03-17T10:54:15Z;121;;1041
2025-03-17T10:54:30Z;;1148;1269
2025-03-17T10:57:25Z;-2364;;-1216
2025-03-17T11:00:02Z;;3682;1318
2025-03-17T11:00:14Z;-2346;;1336
2025-03-17T11:05:27Z;-2440;;1242
2025-03-17T11:05:29Z;-2395;;1287
2025-03-17T11:05:37Z;-2542;;1140
2025-03-17T11:05:40Z;-2363;;1319
2025-03-17T11:06:01Z;-2414;;1268
2025-03-17T11:06:17Z;-2354;;1328
2025-03-17T11:06:20Z;;3635;1281
2025-03-17T11:06:22Z;-2402;;1233
2025-03-17T11:06:56Z;-1524;;2111
2025-03-17T11:06:57Z;-2345;;1290
2025-03-17T11:07:40Z;;3587;1242
2025-03-17T11:07:45Z;-2106;;1481
2025-03-17T11:07:47Z;;3206;1100
2025-03-17T11:07:48Z;-1758;;1448
2025-03-17T11:07:53Z;;3009;1251
2025-03-17T11:07:54Z;-1475;;1534
2025-03-17T11:07:55Z;-1295;2645;1170
2025-03-17T11:07:57Z;-856;;1789
2025-03-17T11:07:58Z;-524;;2121
2025-03-17T11:08:00Z;79;2187;1663
2025-03-17T11:08:01Z;;1479;1558
2025-03-17T11:08:02Z;;1074;1153
2025-03-17T11:08:03Z;314;;1388
2025-03-17T11:08:19Z;223;;1297
2025-03-17T11:08:20Z;;1165;1388
2025-03-17T11:08:21Z;26;;1191
2025-03-17T11:08:22Z;-125;;1040
2025-03-17T11:08:23Z;-369;1692;1567
2025-03-17T11:08:25Z;-719;2424;973
2025-03-17T11:08:26Z;-1077;;1347
2025-03-17T11:08:27Z;-1586;;838
2025-03-17T11:08:28Z;;3077;1491
2025-03-17T11:08:29Z;-1768;;1309
2025-03-17T11:08:31Z;-1805;;1272
2025-03-17T11:08:33Z;-1533;2878;1345
2025-03-17T11:08:34Z;;2638;1105
2025-03-17T11:08:35Z;-1103;;1535
2025-03-17T11:08:36Z;;2343;1240
2025-03-17T11:08:39Z;;2462;1359
2025-03-17T11:08:54Z;-1220;;1242
2025-03-17T11:08:57Z;;3226;2006
2025-03-17T11:08:58Z;-1682;;1544
2025-03-17T11:08:59Z;;2762;1080
2025-03-17T11:09:00Z;-1138;2472;1624
2025-03-17T11:09:01Z;-929;2256;1543
2025-03-17T11:09:04Z;-932;;1324
2025-03-17T11:09:05Z;-1114;2453;1521
2025-03-17T11:09:08Z;-1547;2911;1364
2025-03-17T11:09:09Z;;3094;1547
2025-03-17T11:09:10Z;-1973;3343;1121
2025-03-17T11:09:12Z;-2249;3633;1384
2025-03-17T11:09:15Z;-2440;;1193
2025-03-17T11:09:18Z;;3910;1470
2025-03-17T11:09:57Z;;3858;1418
2025-03-17T11:10:12Z;-2371;;1487
2025-03-17T11:10:36Z;;3904;1533
2025-03-17T11:12:26Z;;3847;1476
2025-03-17T11:12:27Z;-2371;;1476
2025-03-17T11:12:28Z;;3496;1125
2025-03-17T11:12:29Z;-1827;3137;1310
2025-03-17T11:12:30Z;;2911;1084
2025-03-17T11:12:32Z;;3060;1233
2025-03-17T11:12:33Z;-1447;2739;1613
2025-03-17T11:12:34Z;;2218;771
2025-03-17T11:12:35Z;-437;;1781
2025-03-17T11:12:51Z;305;;2523
2025-03-17T11:13:26Z;;902;1207
2025-03-17T11:14:08Z;;970;1275
2025-03-17T11:14:13Z;;954;1259
2025-03-17T11:14:16Z;;891;1196
2025-03-17T11:14:21Z;;944;1249
2025-03-17T11:14:23Z;;910;1215
2025-03-17T11:15:04Z;;735;1040
2025-03-17T11:15:26Z;551;;1286
2025-03-17T11:16:49Z;-14;912;721
2025-03-17T11:16:50Z;;1045;1031
2025-03-17T11:16:52Z;;1326;1312
2025-03-17T11:16:53Z;;2793;2779
2025-03-17T11:16:54Z;;3270;3256
2025-03-17T11:16:56Z;-1431;;1839
2025-03-17T11:16:57Z;-1900;;1370
2025-03-17T11:16:58Z;;3524;1624
2025-03-17T11:16:59Z;;3689;1789
2025-03-17T11:17:01Z;-2408;;1281
2025-03-17T11:20:50Z;;3901;1493
2025-03-17T11:25:34Z;;3692;1284
2025-03-17T11:25:35Z;-2731;4049;961
2025-03-17T11:25:36Z;-2664;;1385
2025-03-17T11:26:04Z;-2715;;1334
2025-03-17T11:26:05Z;-2651;;1398
2025-03-17T11:30:04Z;;3989;1338
2025-03-17T11:30:14Z;-2663;;1326
2025-03-17T11:31:08Z;-2657;;1332
2025-03-17T11:31:09Z;-2503;3475;818
2025-03-17T11:31:13Z;;3956;1453
2025-03-17T11:31:39Z;;3837;1334
2025-03-17T11:31:41Z;;3474;971
2025-03-17T11:31:42Z;-2405;3238;1069
2025-03-17T11:31:43Z;;2934;529
2025-03-17T11:31:45Z;;2680;275
2025-03-17T11:31:46Z;-1978;;702
2025-03-17T11:31:47Z;-1421;;1259
2025-03-17T11:31:48Z;-885;;1795
2025-03-17T11:31:49Z;;2043;1158
2025-03-17T11:31:50Z;-1195;2090;1205
2025-03-17T11:31:51Z;;2795;1600
2025-03-17T11:31:52Z;;3058;1863
2025-03-17T11:31:53Z;-1905;;1153
2025-03-17T11:31:54Z;;3443;1538
2025-03-17T11:31:55Z;-2414;3721;1029
2025-03-17T11:31:56Z;;3926;1512
2025-03-17T11:35:17Z;;3822;1408
2025-03-17T11:35:18Z;-2360;;1462
2025-03-17T11:35:19Z;;3579;1219
2025-03-17T11:35:21Z;-2071;;1508
2025-03-17T11:35:22Z;;2914;843
2025-03-17T11:35:23Z;-1270;2523;1253
2025-03-17T11:35:24Z;-1102;;1421
2025-03-17T11:35:27Z;-1035;;1488
2025-03-17T11:35:30Z;;2514;1479
2025-03-17T11:35:31Z;;2621;1586
2025-03-17T11:35:33Z;;3076;2041
2025-03-17T11:35:34Z;-1505;3589;1571
2025-03-17T11:35:35Z;;3822;2317
2025-03-17T11:35:37Z;;3995;2490
2025-03-17T11:35:38Z;-2264;;1731
2025-03-17T11:35:39Z;-2507;;1488
2025-03-17T11:35:40Z;-2437;;1558
2025-03-17T11:35:41Z;;3726;1289
2025-03-17T11:35:42Z;;3553;1116
2025-03-17T11:35:44Z;-2127;;1426
2025-03-17T11:35:45Z;-2160;;1393
2025-03-17T11:35:47Z;-2244;3842;1309
2025-03-17T11:35:48Z;;3936;1692
2025-03-17T11:35:58Z;;3866;1622
2025-03-17T11:36:00Z;;3928;1684
2025-03-17T11:36:04Z;-2443;3759;1316
2025-03-17T11:36:05Z;;3507;1064
2025-03-17T11:36:08Z;;3715;1272
2025-03-17T11:37:14Z;;3848;1405
2025-03-17T11:37:18Z;;3985;1542
2025-03-17T11:37:22Z;;3766;1323
2025-03-17T11:37:23Z;-2166;3410;1244
2025-03-17T11:37:24Z;-1792;3031;1239
2025-03-17T11:37:25Z;-1413;;1618
2025-03-17T11:37:26Z;;2646;1233
2025-03-17T11:37:27Z;-1169;;1477
2025-03-17T11:37:51Z;;1838;669
2025-03-17T11:37:52Z;-670;;1168
2025-03-17T11:37:54Z;-979;;859
2025-03-17T11:37:55Z;-1243;;595
2025-03-17T11:37:57Z;-1535;2260;1017
2025-03-17T11:37:58Z;;2515;980
2025-03-17T11:37:59Z;;2817;1282
2025-03-17T11:38:01Z;-1371;;1446
2025-03-17T11:38:03Z;-1116;;1701
2025-03-17T11:38:04Z;;2635;1519
2025-03-17T11:38:05Z;;2368;1252
2025-03-17T11:38:06Z;-1331;2419;1088
2025-03-17T11:38:08Z;;2734;1403
2025-03-17T11:38:10Z;;2668;1337
2025-03-17T11:38:14Z;-1198;;1470
2025-03-17T11:38:16Z;;2281;1083
2025-03-17T11:38:17Z;-896;;1385
2025-03-17T11:38:18Z;;2099;1203
2025-03-17T11:38:29Z;;2074;1178
2025-03-17T11:38:30Z;-889;;1185
2025-03-17T11:38:31Z;;2200;1311
2025-03-17T11:38:32Z;-1161;;1039
2025-03-17T11:38:34Z;;2715;1554
2025-03-17T11:38:35Z;-1593;;1122
2025-03-17T11:38:36Z;;3108;1515
2025-03-17T11:38:37Z;-2049;3347;1059
2025-03-17T11:38:41Z;-2513;;834
2025-03-17T11:38:44Z;;3838;1325
2025-03-17T11:38:45Z;-2221;;1617
2025-03-17T11:39:02Z;;2111;-110
2025-03-17T11:39:03Z;-920;;1191
2025-03-17T11:39:05Z;-1119;2368;992
2025-03-17T11:39:08Z;-1177;;1191
2025-03-17T11:39:09Z;;2416;1239
2025-03-17T11:39:11Z;;2386;1209
2025-03-17T11:39:12Z;-1192;;1194
2025-03-17T11:39:17Z;-1051;2299;1335
2025-03-17T11:39:21Z;-896;;1403
2025-03-17T11:39:24Z;;2026;1130
2025-03-17T11:39:25Z;-831;2053;1222
2025-03-17T11:39:29Z;;2079;1248
2025-03-17T11:39:37Z;-603;;1476
2025-03-17T11:39:52Z;-616;;1463
2025-03-17T11:40:18Z;-882;;1197
2025-03-17T11:40:20Z;;2327;1445
2025-03-17T11:40:21Z;-1199;;1128
2025-03-17T11:40:22Z;-1247;;1080
2025-03-17T11:40:23Z;;2426;1179
2025-03-17T11:40:24Z;-1016;;1410
2025-03-17T11:40:26Z;;2062;1046
2025-03-17T11:40:33Z;;2113;1097
2025-03-17T11:40:37Z;;2037;1021
2025-03-17T11:41:06Z;-605;;1432
2025-03-17T11:41:18Z;;1797;1192
2025-03-17T11:42:05Z;-628;;1169
2025-03-17T11:42:07Z;;1851;1223
2025-03-17T11:42:14Z;;2097;1469
2025-03-17T11:42:16Z;-879;;1218
2025-03-17T11:42:22Z;-848;;1249
2025-03-17T11:42:23Z;;2051;1203
2025-03-17T11:42:26Z;;2089;1241
2025-03-17T11:42:27Z;-898;;1191
2025-03-17T11:42:30Z;-1131;;958
2025-03-17T11:42:31Z;;2453;1322
2025-03-17T11:42:39Z;-1160;;1293
2025-03-17T11:42:40Z;;2386;1226
2025-03-17T11:42:55Z;-893;;1493
2025-03-17T11:43:04Z;-940;2140;1247
2025-03-17T11:43:11Z;-966;;1174
2025-03-17T11:43:12Z;;2082;1116
2025-03-17T11:43:15Z;-893;;1189
2025-03-17T11:43:18Z;;2102;1209
2025-03-17T11:43:20Z;-1013;2222;1089
2025-03-17T11:43:22Z;-462;;1760
2025-03-17T11:43:24Z;;1672;1210
2025-03-17T11:43:30Z;;1506;1044
2025-03-17T11:43:31Z;-285;;1221
2025-03-17T11:43:49Z;265;;1771
2025-03-17T11:43:50Z;466;;1972
2025-03-17T11:43:51Z;748;;2254
2025-03-17T11:43:53Z;1065;;2571
2025-03-17T11:43:54Z;1275;;2781
2025-03-17T11:44:14Z;1503;;3009
2025-03-17T11:44:16Z;1515;;3021
2025-03-17T11:44:18Z;1081;;2587
2025-03-17T11:44:19Z;-51;;1455
2025-03-17T11:44:20Z;461;;1967
2025-03-17T11:44:22Z;883;;2389
2025-03-17T11:44:23Z;1681;;3187
2025-03-17T11:44:24Z;1966;;3472
2025-03-17T11:44:27Z;2112;;3618
2025-03-17T11:44:28Z;2013;;3519
2025-03-17T11:44:48Z;;1203;3216
2025-03-17T11:45:02Z;;1201;3214
2025-03-17T11:45:11Z;;1241;3254
2025-03-17T11:45:13Z;1783;;3024
2025-03-17T11:45:18Z;1858;;3099
2025-03-17T11:45:35Z;1839;;3080
2025-03-17T11:45:49Z;2308;;3549
2025-03-17T11:45:50Z;1990;;3231
2025-03-17T11:46:00Z;2144;;3385
2025-03-17T11:46:01Z;2001;;3242
2025-03-17T11:46:19Z;1796;;3037
2025-03-17T11:46:29Z;;1500;3296
2025-03-17T11:46:32Z;1455;;2955
2025-03-17T11:46:33Z;;1860;3315
2025-03-17T11:46:34Z;;2121;3576
2025-03-17T11:46:35Z;892;2470;3013
2025-03-17T11:46:51Z;533;3406;3003
2025-03-17T11:46:52Z;;3640;4173
2025-03-17T11:46:53Z;;3925;4458
2025-03-17T11:47:28Z;;3876;4409
2025-03-17T11:47:32Z;;3950;4483
2025-03-17T11:47:36Z;;3823;4356
2025-03-17T11:47:39Z;;3907;4440
2025-03-17T11:47:43Z;-551;;3356
2025-03-17T11:47:44Z;-251;;3656
2025-03-17T11:48:15Z;-476;;3431
2025-03-17T11:48:16Z;-657;;3250
2025-03-17T11:48:35Z;;3806;3149
2025-03-17T11:48:39Z;-783;;3023
2025-03-17T11:48:43Z;-912;;2894
2025-03-17T11:48:44Z;-864;;2942
2025-03-17T11:48:45Z;-922;;2884
2025-03-17T11:48:50Z;;3944;3022
2025-03-17T11:48:59Z;;3793;2871
2025-03-17T11:49:28Z;-3075;;718
2025-03-17T11:49:29Z;-2829;;964
2025-03-17T11:49:30Z;-2532;;1261
2025-03-17T11:49:34Z;-2375;;1418
2025-03-17T11:49:46Z;;3889;1514
2025-03-17T11:49:47Z;-1876;;2013
2025-03-17T11:49:48Z;;3032;1156
2025-03-17T11:49:49Z;-490;2167;2542
2025-03-17T11:49:52Z;-2;;2165
2025-03-17T11:49:53Z;;1989;1987
2025-03-17T11:49:54Z;-300;;1689
2025-03-17T11:49:55Z;;2160;1860
2025-03-17T11:49:57Z;-321;2051;1839
2025-03-17T11:49:58Z;;1869;1548
2025-03-17T11:50:02Z;78;;1947
2025-03-17T11:50:09Z;;1492;1570
2025-03-17T11:50:14Z;;1525;1603
2025-03-17T11:50:16Z;;1761;1839
2025-03-17T11:50:17Z;-92;;1669
2025-03-17T11:50:18Z;;2648;2556
2025-03-17T11:50:20Z;;3036;2944
2025-03-17T11:50:21Z;-529;;2507
2025-03-17T11:50:22Z;-1026;;2010
2025-03-17T11:50:25Z;-1196;;1840
2025-03-17T11:50:27Z;-1471;;1565
2025-03-17T11:50:28Z;;3384;1913
2025-03-17T11:50:29Z;;3682;2211
2025-03-17T11:50:30Z;;3927;2456
2025-03-17T11:50:50Z;-1569;3824;2358
2025-03-17T11:50:54Z;;3548;1979
2025-03-17T11:50:55Z;-1055;;2493
2025-03-17T11:50:56Z;;3083;2028
2025-03-17T11:50:57Z;;2901;1846
2025-03-17T11:51:00Z;-888;3178;2013
2025-03-17T11:51:01Z;-1163;;2015
2025-03-17T11:51:04Z;;3455;2292
2025-03-17T11:51:05Z;-1277;3628;2178
2025-03-17T11:51:06Z;-962;3518;2666
2025-03-17T11:51:08Z;-401;3190;3117
2025-03-17T11:51:09Z;;2861;2460
2025-03-17T11:51:10Z;;2636;2235
2025-03-17T11:51:11Z;;2367;1966
2025-03-17T11:51:17Z;68;;2435
2025-03-17T11:51:20Z;0;;2367
2025-03-17T11:51:21Z;53;;2420
2025-03-17T11:51:24Z;;2038;2091
2025-03-17T11:51:27Z;323;;2361
2025-03-17T11:51:28Z;265;;2303
2025-03-17T11:51:31Z;345;;2383
2025-03-17T11:51:37Z;278;;2316
2025-03-17T11:51:42Z;328;;2366
2025-03-17T11:51:44Z;241;;2279
2025-03-17T11:51:46Z;;2147;2388
2025-03-17T11:51:48Z;;2093;2334
2025-03-17T11:52:04Z;;2093;2334
2025-03-17T11:52:08Z;;3959;4200
2025-03-17T11:52:59Z;-2527;;1432
2025-03-17T11:53:28Z;;3789;1262
2025-03-17T11:53:29Z;;4000;1473
2025-03-17T11:53:40Z;-2010;;1990
2025-03-17T11:53:41Z;-1923;;2077
2025-03-17T11:54:19Z;-1893;;2107
2025-03-17T11:54:21Z;-1844;;2156
2025-03-17T11:54:48Z;-1754;3790;2036
2025-03-17T11:54:49Z;-1269;;2521
2025-03-17T11:54:50Z;-499;;3291
2025-03-17T11:54:52Z;94;3263;3884
2025-03-17T11:54:53Z;;1857;1951
2025-03-17T11:54:54Z;;2435;2529
2025-03-17T11:54:56Z;-85;;2350
2025-03-17T11:54:57Z;-456;;1979
2025-03-17T11:54:58Z;-292;2240;2143
2025-03-17T11:55:00Z;;1769;1477
2025-03-17T11:55:02Z;154;;1923
2025-03-17T11:55:03Z;563;;2332
2025-03-17T11:55:04Z;684;1408;1971
2025-03-17T11:55:05Z;;1653;2337
2025-03-17T11:55:06Z;577;;2230
2025-03-17T11:55:07Z;-347;2829;1306
2025-03-17T11:55:08Z;-826;;2003
2025-03-17T11:55:09Z;-968;2631;1805
2025-03-17T11:55:10Z;-600;;2031
2025-03-17T11:55:12Z;-336;;2295
2025-03-17T11:55:13Z;-222;;2409
2025-03-17T11:55:14Z;-356;1814;1458
2025-03-17T11:55:15Z;153;;1967
2025-03-17T11:55:16Z;536;;2350
2025-03-17T11:55:18Z;;1499;2035
2025-03-17T11:55:19Z;745;1457;2202
2025-03-17T11:55:21Z;;1159;1904
2025-03-17T11:56:00Z;915;;2074
2025-03-17T11:56:10Z;858;;2017
2025-03-17T11:56:14Z;;1168;2026
2025-03-17T11:56:16Z;531;;1699
2025-03-17T11:56:18Z;;1490;2021
2025-03-17T11:56:21Z;;1513;2044
2025-03-17T11:56:30Z;828;;2341
2025-03-17T11:56:33Z;593;;2106
2025-03-17T11:56:35Z;690;;2203
2025-03-17T11:56:36Z;;1249;1939
2025-03-17T11:56:44Z;900;;2149
2025-03-17T11:57:18Z;1225;;2474
2025-03-17T11:57:20Z;;902;2127
2025-03-17T11:57:52Z;1249;;2151
2025-03-17T11:57:53Z;1116;;2018
2025-03-17T12:00:04Z;;857;1973
2025-03-17T12:00:14Z;1030;;1887
2025-03-17T12:00:21Z;1223;;2080
2025-03-17T12:00:24Z;1046;;1903
2025-03-17T12:00:25Z;1222;;2079
2025-03-17T12:00:27Z;1173;;2030
2025-03-17T12:02:04Z;559;;1416
2025-03-17T12:02:39Z;722;;1579
2025-03-17T12:02:42Z;910;;1767
2025-03-17T12:03:27Z;460;;1317
2025-03-17T12:03:51Z;;943;1403
2025-03-17T12:04:02Z;2153;;3096
2025-03-17T12:04:47Z;2408;;3351
2025-03-17T12:04:48Z;2300;;3243
2025-03-17T12:04:49Z;3563;;4506
2025-03-17T12:05:15Z;2137;;3080
2025-03-17T12:05:24Z;2062;;3005
2025-03-17T12:05:30Z;2163;;3106
2025-03-17T12:05:31Z;2091;;3034
2025-03-17T12:05:36Z;;1200;3291
2025-03-17T12:05:53Z;;1734;3825
2025-03-17T12:05:54Z;1733;;3467
2025-03-17T12:05:56Z;1288;;3022
2025-03-17T12:05:58Z;;2023;3311
2025-03-17T12:06:00Z;1420;1860;3280
2025-03-17T12:06:01Z;1681;;3541
2025-03-17T12:06:03Z;1914;;3774
2025-03-17T12:06:04Z;;1567;3481
2025-03-17T12:06:05Z;;1363;3277
2025-03-17T12:06:28Z;;1201;3115
2025-03-17T12:07:04Z;;1239;3153
2025-03-17T12:07:21Z;1719;;2958
2025-03-17T12:07:24Z;;1637;3356
2025-03-17T12:07:32Z;;1666;3385
2025-03-17T12:07:54Z;-340;;1326
2025-03-17T12:07:56Z;1342;;3008
2025-03-17T12:07:57Z;1588;3765;5107
2025-03-17T12:07:58Z;1844;3496;5084
2025-03-17T12:08:00Z;2140;;5636
2025-03-17T12:08:02Z;1978;;5474
2025-03-17T12:08:04Z;2197;;5693
2025-03-17T12:08:05Z;2595;3224;5421
2025-03-17T12:08:06Z;2700;2945;5540
2025-03-17T12:08:07Z;;2620;5320
2025-03-17T12:08:08Z;;2748;5448
2025-03-17T12:08:10Z;;2511;5211
2025-03-17T12:08:11Z;3012;;5523
2025-03-17T12:08:14Z;;2093;5105
2025-03-17T12:08:15Z;;1791;4803
2025-03-17T12:08:16Z;;1496;4508
2025-03-17T12:08:19Z;;1518;4530
2025-03-17T12:08:21Z;2956;;4474
2025-03-17T12:08:24Z;3070;;4588
2025-03-17T12:08:27Z;;1448;4518
2025-03-17T12:08:31Z;2202;1912;3650
2025-03-17T12:08:33Z;1911;;3823
2025-03-17T12:08:34Z;1690;;3602
2025-03-17T12:08:35Z;1499;2436;4126
2025-03-17T12:08:36Z;;2740;4239
2025-03-17T12:08:37Z;1179;3197;3919
2025-03-17T12:08:38Z;1353;;4550
2025-03-17T12:08:40Z;1130;;4327
2025-03-17T12:08:41Z;;3517;4647
2025-03-17T12:08:43Z;1743;;5260
2025-03-17T12:08:44Z;2915;;6432
2025-03-17T12:08:45Z;;3225;6140
2025-03-17T12:08:46Z;3066;;6291
2025-03-17T12:08:47Z;;3556;6622
2025-03-17T12:08:48Z;;2842;5908
2025-03-17T12:08:49Z;;2032;5098
2025-03-17T12:08:50Z;3316;1557;5348
2025-03-17T12:09:05Z;;1395;4711
2025-03-17T12:09:47Z;2140;;3535
2025-03-17T12:09:48Z;2063;;3458
2025-03-17T12:10:24Z;199;;1594
2025-03-17T12:10:27Z;-87;;1308
2025-03-17T12:10:29Z;-431;;964
2025-03-17T12:10:30Z;-756;1572;1141
2025-03-17T12:10:31Z;-1052;;520
2025-03-17T12:10:33Z;-1316;;256
2025-03-17T12:10:34Z;-761;;811
2025-03-17T12:10:35Z;-161;;1411
2025-03-17T12:10:36Z;82;;1654
2025-03-17T12:10:37Z;;2092;2174
2025-03-17T12:10:38Z;;2077;2159
2025-03-17T12:10:39Z;;1209;1291
2025-03-17T12:10:48Z;;1210;1292
2025-03-17T12:10:51Z;-146;1464;1064
2025-03-17T12:10:53Z;-739;;725
2025-03-17T12:10:55Z;-913;2073;551
2025-03-17T12:10:56Z;;1964;1051
2025-03-17T12:10:57Z;-386;;1578
2025-03-17T12:10:58Z;-878;2201;1086
2025-03-17T12:10:59Z;70;;2271
2025-03-17T12:11:00Z;323;;2524
2025-03-17T12:11:02Z;226;2871;2427
2025-03-17T12:11:03Z;541;2963;3504
2025-03-17T12:11:04Z;872;2238;3835
2025-03-17T12:11:05Z;1140;;3378
2025-03-17T12:11:06Z;;1950;3090
2025-03-17T12:11:07Z;1238;;3188
2025-03-17T12:11:08Z;1192;;3142
2025-03-17T12:11:11Z;;2149;3341
2025-03-17T12:11:12Z;736;;2885
2025-03-17T12:11:13Z;;2848;3584
2025-03-17T12:11:15Z;;2665;3401
2025-03-17T12:11:16Z;361;;3026
2025-03-17T12:11:17Z;;2218;2579
2025-03-17T12:11:18Z;;1950;2311
2025-03-17T12:11:20Z;731;;2681
2025-03-17T12:11:21Z;964;;2914
2025-03-17T12:11:22Z;1217;;3167
2025-03-17T12:11:23Z;;1519;2736
2025-03-17T12:11:26Z;1641;;3160
2025-03-17T12:11:28Z;1848;;3367
2025-03-17T12:11:44Z;291;;1810
2025-03-17T12:11:49Z;340;;1859
2025-03-17T12:12:19Z;;899;1239
2025-03-17T12:14:19Z;2276;;3175
2025-03-17T12:14:32Z;2453;;3352
2025-03-17T12:14:33Z;2359;;3258
2025-03-17T12:14:44Z;545;;1444
2025-03-17T12:15:02Z;;768;1313
2025-03-17T12:15:14Z;509;;1277
2025-03-17T12:15:48Z;1464;;2232
2025-03-17T12:15:49Z;624;;1392
2025-03-17T12:15:53Z;548;;1316
2025-03-17T12:16:28Z;671;;1439
2025-03-17T12:16:29Z;583;;1351
2025-03-17T12:17:23Z;642;;1410
2025-03-17T12:17:24Z;574;;1342
2025-03-17T12:18:20Z;648;;1416
2025-03-17T12:18:22Z;597;;1365
2025-03-17T12:21:25Z;1709;;2477
2025-03-17T12:21:26Z;586;;1354
2025-03-17T12:21:40Z;669;;1437
2025-03-17T12:21:43Z;589;;1357
2025-03-17T12:22:10Z;734;;1502
2025-03-17T12:22:17Z;2071;;2839
2025-03-17T12:22:34Z;562;;1330
2025-03-17T12:22:37Z;648;;1416
2025-03-17T12:24:59Z;907;;1675
2025-03-17T12:25:00Z;818;;1586
2025-03-17T12:25:30Z;;600;1418
2025-03-17T12:26:05Z;906;;1506
2025-03-17T12:26:25Z;924;;1524
2025-03-17T12:26:26Z;865;;1465
2025-03-17T12:27:49Z;953;;1553
2025-03-17T12:27:51Z;897;;1497
2025-03-17T12:30:02Z;;525;1422
2025-03-17T12:30:14Z;702;;1227
2025-03-17T12:33:00Z;578;;1103
2025-03-17T12:33:01Z;;643;1221
2025-03-17T12:33:04Z;669;;1312
2025-03-17T12:33:26Z;576;;1219
2025-03-17T12:33:32Z;640;;1283
2025-03-17T12:33:57Z;579;;1222
2025-03-17T12:34:01Z;703;;1346
2025-03-17T12:34:04Z;581;;1224
2025-03-17T12:34:07Z;629;;1272
2025-03-17T12:34:13Z;579;;1222
2025-03-17T12:34:29Z;628;;1271
2025-03-17T12:35:15Z;574;;1217
2025-03-17T12:35:27Z;651;;1294
2025-03-17T12:35:47Z;925;;1568
2025-03-17T12:35:55Z;1408;;2051
2025-03-17T12:36:00Z;3024;;3667
2025-03-17T12:36:01Z;2964;;3607
2025-03-17T12:36:10Z;3014;;3657
2025-03-17T12:36:18Z;2954;;3597
2025-03-17T12:36:33Z;3001;;3644
2025-03-17T12:36:52Z;3062;;3705
2025-03-17T12:36:55Z;2943;;3586
2025-03-17T12:37:51Z;3022;;3665
2025-03-17T12:37:52Z;2969;;3612
2025-03-17T12:38:20Z;3026;;3669
2025-03-17T12:38:40Z;2883;;3526
2025-03-17T12:38:41Z;2348;;2991
2025-03-17T12:38:42Z;2515;;3158
2025-03-17T12:38:50Z;2738;;3381
2025-03-17T12:38:51Z;2602;;3245
2025-03-17T12:39:43Z;2711;;3354
2025-03-17T12:40:13Z;3022;;3665
2025-03-17T12:40:28Z;2960;;3603
2025-03-17T12:40:31Z;3020;;3663
2025-03-17T12:40:35Z;2973;;3616
2025-03-17T12:40:40Z;3069;;3712
2025-03-17T12:40:50Z;3313;;3956
2025-03-17T12:41:47Z;3257;;3900
2025-03-17T12:44:28Z;3668;;4311
2025-03-17T12:44:30Z;;367;4035
2025-03-17T12:44:31Z;3591;;3958
2025-03-17T12:44:34Z;;835;4426
2025-03-17T12:44:57Z;3704;;4539
2025-03-17T12:45:02Z;;865;4569
2025-03-17T12:45:14Z;3694;;4559
2025-03-17T12:45:22Z;3599;;4464
2025-03-17T12:45:25Z;3730;;4595
2025-03-17T12:45:51Z;3596;;4461
2025-03-17T12:45:54Z;3798;;4663
2025-03-17T12:46:19Z;3591;;4456
2025-03-17T12:46:24Z;3659;;4524
2025-03-17T12:46:31Z;3589;;4454
2025-03-17T12:46:32Z;3645;;4510
2025-03-17T12:48:45Z;3932;;4797
2025-03-17T12:48:48Z;3854;;4719
2025-03-17T12:48:54Z;3947;;4812
2025-03-17T12:48:55Z;3883;;4748
2025-03-17T12:49:15Z;3957;;4822
2025-03-17T12:49:17Z;3881;;4746
2025-03-17T12:49:21Z;3942;;4807
2025-03-17T12:49:38Z;3880;;4745
2025-03-17T12:49:39Z;3881;;4746
2025-03-17T12:49:42Z;3976;;4841
2025-03-17T12:49:45Z;3892;;4757
2025-03-17T12:49:51Z;3939;;4804
2025-03-17T12:50:08Z;3891;;4756
2025-03-17T12:50:11Z;3940;;4805
2025-03-17T12:55:10Z;4224;;5089
2025-03-17T12:55:15Z;4175;;5040
2025-03-17T12:55:26Z;4295;;5160
2025-03-17T12:59:19Z;2907;;3772
2025-03-17T12:59:21Z;2793;;3658
2025-03-17T12:59:33Z;;627;3420
2025-03-17T12:59:38Z;;606;3399
2025-03-17T12:59:39Z;2675;;3281
2025-03-17T12:59:42Z;2831;;3437
2025-03-17T13:00:06Z;2695;;3301
2025-03-17T13:00:07Z;2695;;3336
2025-03-17T13:00:08Z;;641;3336
2025-03-17T13:00:11Z;2749;;3390
2025-03-17T13:00:14Z;2728;;3369
2025-03-17T13:00:24Z;2698;;3339
2025-03-17T13:00:25Z;2789;;3430
2025-03-17T13:00:33Z;2678;;3319
2025-03-17T13:00:39Z;2791;;3432
2025-03-17T13:00:47Z;2693;;3334
2025-03-17T13:00:57Z;2757;;3398
2025-03-17T13:00:58Z;2693;;3334
2025-03-17T13:01:24Z;2752;;3393
2025-03-17T13:01:25Z;2699;;3340
2025-03-17T13:01:38Z;2797;;3438
2025-03-17T13:01:40Z;2690;;3331
2025-03-17T13:01:51Z;2198;;2839
2025-03-17T13:01:52Z;-79;;562
2025-03-17T13:03:03Z;;898;819
2025-03-17T13:04:01Z;-321;;577
2025-03-17T13:04:03Z;-300;;598
2025-03-17T13:04:05Z;-292;;606
2025-03-17T13:04:11Z;-118;;780
2025-03-17T13:04:13Z;-298;;600
2025-03-17T13:04:19Z;-321;;577
2025-03-17T13:05:54Z;;1203;882
2025-03-17T13:05:57Z;-612;;591
2025-03-17T13:05:59Z;;1489;877
2025-03-17T13:06:00Z;-908;;581
2025-03-17T13:06:04Z;;1847;939
2025-03-17T13:06:06Z;-1471;;376
2025-03-17T13:06:07Z;-1756;;91
2025-03-17T13:06:08Z;-2025;;-178
2025-03-17T13:06:09Z;;2221;196
2025-03-17T13:06:10Z;-2273;2512;-52
2025-03-17T13:06:11Z;;3179;906
2025-03-17T13:06:12Z;;3355;1082
2025-03-17T13:06:14Z;-2457;;898
2025-03-17T13:06:15Z;-2738;;617
2025-03-17T13:06:17Z;;3600;862
2025-03-17T13:06:21Z;;3504;766
2025-03-17T13:06:22Z;-2668;;836
2025-03-17T13:06:38Z;;3230;562
2025-03-17T13:06:41Z;;3601;933
2025-03-17T13:07:26Z;;3473;805
2025-03-17T13:07:27Z;;3340;672
2025-03-17T13:07:28Z;-2627;;713
2025-03-17T13:07:30Z;-2583;;757
2025-03-17T13:07:31Z;;3402;819
2025-03-17T13:07:40Z;;3602;1019
2025-03-17T13:08:27Z;-2557;3536;979
2025-03-17T13:08:28Z;;3257;700
2025-03-17T13:08:32Z;-2420;;837
2025-03-17T13:08:34Z;-1962;;1295
2025-03-17T13:08:35Z;-1957;;1300
2025-03-17T13:08:37Z;-1518;2924;967
2025-03-17T13:08:38Z;;2426;908
2025-03-17T13:08:39Z;-1460;2204;744
2025-03-17T13:08:41Z;;2415;955
2025-03-17T13:08:42Z;-1739;;676
2025-03-17T13:08:47Z;-1767;;648
2025-03-17T13:08:48Z;;2244;477
2025-03-17T13:08:49Z;-1319;2037;925
2025-03-17T13:08:56Z;-1236;;801
2025-03-17T13:08:59Z;-1480;;557
2025-03-17T13:09:00Z;;2174;694
2025-03-17T13:09:01Z;;2359;879
2025-03-17T13:09:16Z;-1464;;895
2025-03-17T13:09:18Z;-1277;;1082
2025-03-17T13:09:19Z;-1171;2291;1014
2025-03-17T13:09:20Z;;2078;907
2025-03-17T13:09:21Z;;2116;945
2025-03-17T13:09:24Z;;2199;1028
2025-03-17T13:09:28Z;-1133;1706;573
2025-03-17T13:09:29Z;-947;;759
2025-03-17T13:09:43Z;-840;;866
2025-03-17T13:09:44Z;;1735;895
2025-03-17T13:09:48Z;;1729;889
2025-03-17T13:09:49Z;-829;;900
2025-03-17T13:09:50Z;;1503;674
2025-03-17T13:09:53Z;;1475;646
2025-03-17T13:09:59Z;;1461;632
2025-03-17T13:10:00Z;-618;;843
2025-03-17T13:10:04Z;-587;;874
2025-03-17T13:10:07Z;;1497;910
2025-03-17T13:10:10Z;;1471;884
2025-03-17T13:10:11Z;-634;;837
2025-03-17T13:10:16Z;-570;;901
2025-03-17T13:10:33Z;;1444;874
2025-03-17T13:10:39Z;;1514;944
2025-03-17T13:10:42Z;-600;1394;914
2025-03-17T13:10:45Z;;1171;571
2025-03-17T13:10:57Z;-316;;855
2025-03-17T13:11:22Z;-302;;869
2025-03-17T13:11:25Z;-225;;946
2025-03-17T13:11:52Z;-294;;877
2025-03-17T13:11:56Z;-278;;893
2025-03-17T13:12:05Z;-250;;921
2025-03-17T13:12:21Z;-335;;836
2025-03-17T13:12:28Z;-300;;871
2025-03-17T13:13:10Z;-242;;929
2025-03-17T13:13:13Z;-307;;864
2025-03-17T13:13:19Z;-161;;1010
2025-03-17T13:13:31Z;-300;;871
2025-03-17T13:13:49Z;-245;;926
2025-03-17T13:14:11Z;-290;;881
2025-03-17T13:14:15Z;-343;;828
2025-03-17T13:14:34Z;-273;;898
2025-03-17T13:14:41Z;-334;;837
2025-03-17T13:14:42Z;-259;;912
2025-03-17T13:14:44Z;-329;;842
2025-03-17T13:14:49Z;-309;;862
2025-03-17T13:15:02Z;;1025;716
2025-03-17T13:15:16Z;-372;;653
2025-03-17T13:15:55Z;;1221;849
2025-03-17T13:15:57Z;-547;;674
2025-03-17T13:16:00Z;-746;;475
2025-03-17T13:16:01Z;;1647;901
2025-03-17T13:16:02Z;-1121;;526
2025-03-17T13:16:03Z;-1382;2140;1019
2025-03-17T13:16:05Z;-1555;;585
2025-03-17T13:16:06Z;;1891;336
2025-03-17T13:16:07Z;-834;;1057
2025-03-17T13:16:08Z;;1374;540
2025-03-17T13:16:09Z;-884;;490
2025-03-17T13:16:11Z;-931;;443
2025-03-17T13:16:14Z;;1684;753
2025-03-17T13:16:15Z;;1511;580
2025-03-17T13:16:16Z;-798;1511;713
2025-03-17T13:16:18Z;-1793;;-282
2025-03-17T13:16:19Z;-2152;;-641
2025-03-17T13:16:21Z;;2541;389
2025-03-17T13:16:22Z;;2912;760
2025-03-17T13:16:25Z;-2119;;793
2025-03-17T13:16:27Z;-1874;;1038
2025-03-17T13:16:28Z;;2877;1003
2025-03-17T13:16:29Z;;2608;734
2025-03-17T13:16:30Z;;2345;471
2025-03-17T13:16:31Z;-1485;;860
2025-03-17T13:16:32Z;;2095;610
2025-03-17T13:16:34Z;-1220;;875
2025-03-17T13:16:36Z;-1000;1661;1095
2025-03-17T13:16:38Z;-634;;1027
2025-03-17T13:16:41Z;;1289;655
2025-03-17T13:17:06Z;-418;;871
2025-03-17T13:17:07Z;-221;;1068
2025-03-17T13:17:36Z;-297;;992
2025-03-17T13:17:48Z;-269;;1020
2025-03-17T13:18:04Z;-265;;1024
2025-03-17T13:18:05Z;-312;;977
2025-03-17T13:18:24Z;-253;;1036
2025-03-17T13:18:29Z;;899;646
2025-03-17T13:18:34Z;-248;;651
2025-03-17T13:19:58Z;49;;948
2025-03-17T13:20:11Z;49;;948
2025-03-17T13:20:27Z;58;;957
2025-03-17T13:21:19Z;;600;658
2025-03-17T13:21:24Z;1931;;2531
2025-03-17T13:21:33Z;1791;;2391
2025-03-17T13:21:34Z;1843;;2443
2025-03-17T13:21:42Z;1793;;2393
2025-03-17T13:21:45Z;1844;;2444
2025-03-17T13:21:49Z;1789;;2389
2025-03-17T13:21:53Z;1879;;2479
2025-03-17T13:25:12Z;2141;;2741
2025-03-17T13:25:13Z;1984;;2584
2025-03-17T13:27:39Z;2183;;2783
2025-03-17T13:27:40Z;1985;;2585
2025-03-17T13:28:53Z;2847;;3447
2025-03-17T13:29:05Z;3072;;3672
2025-03-17T13:29:06Z;2896;;3496
2025-03-17T13:29:48Z;;336;3232
2025-03-17T13:29:49Z;;262;3158
2025-03-17T13:30:11Z;;367;3263
2025-03-17T13:30:14Z;2837;;3204
2025-03-17T13:30:27Z;3038;;3405
2025-03-17T13:30:28Z;2877;;3244
2025-03-17T13:31:30Z;1145;;1512
2025-03-17T13:31:51Z;1381;;1748
2025-03-17T13:31:52Z;1168;;1535
2025-03-17T13:32:13Z;1222;;1589
2025-03-17T13:32:14Z;1170;;1537
2025-03-17T13:32:48Z;1335;;1702
2025-03-17T13:33:23Z;1350;;1717
2025-03-17T13:33:24Z;1111;;1478
2025-03-17T13:39:27Z;2498;;2865
2025-03-17T13:39:28Z;2787;;3154
2025-03-17T13:40:25Z;1927;;2294
2025-03-17T13:41:28Z;2188;;2555
2025-03-17T13:41:29Z;2028;;2395
2025-03-17T13:42:08Z;2153;;2520
2025-03-17T13:42:09Z;2027;;2394
2025-03-17T13:42:10Z;2110;;2477
2025-03-17T13:42:12Z;2046;;2413
2025-03-17T13:42:24Z;2101;;2468
2025-03-17T13:42:29Z;2005;;2372
2025-03-17T13:42:35Z;2184;;2551
2025-03-17T13:42:36Z;2085;;2452
2025-03-17T13:42:53Z;2160;;2527
2025-03-17T13:42:54Z;2065;;2432
2025-03-17T13:42:55Z;2125;;2492
2025-03-17T13:42:56Z;2044;;2411
2025-03-17T13:43:02Z;2209;;2576
2025-03-17T13:43:16Z;2075;;2442
2025-03-17T13:43:20Z;2146;;2513
2025-03-17T13:43:21Z;2084;;2451
2025-03-17T13:43:29Z;2228;;2595
2025-03-17T13:43:37Z;2059;;2426
2025-03-17T13:43:44Z;2137;;2504
2025-03-17T13:43:50Z;2085;;2452
2025-03-17T13:43:56Z;2254;;2621
2025-03-17T13:44:04Z;2086;;2453
2025-03-17T13:44:11Z;2170;;2537
2025-03-17T13:44:18Z;2094;;2461
2025-03-17T13:44:35Z;2277;;2644
2025-03-17T13:44:38Z;2165;;2532
2025-03-17T13:44:45Z;2078;;2445
2025-03-17T13:44:50Z;2315;;2682
2025-03-17T13:44:56Z;;265;2580
2025-03-17T13:44:58Z;;280;2595
2025-03-17T13:44:59Z;2024;;2304
2025-03-17T13:45:02Z;;280;2304
2025-03-17T13:45:04Z;2162;;2442
2025-03-17T13:45:12Z;2093;;2373
2025-03-17T13:45:14Z;2170;;2450
2025-03-17T13:45:21Z;2304;;2584
2025-03-17T13:45:27Z;2059;;2339
2025-03-17T13:45:30Z;2226;;2506
2025-03-17T13:45:39Z;2089;;2369
2025-03-17T13:45:54Z;2068;;2348
2025-03-17T13:45:57Z;2287;;2567
2025-03-17T13:46:06Z;2095;;2375
2025-03-17T13:46:12Z;2237;;2517
2025-03-17T13:46:14Z;2096;;2376
2025-03-17T13:46:16Z;2327;;2607
2025-03-17T13:46:33Z;2096;;2376
2025-03-17T13:46:45Z;2143;;2423
2025-03-17T13:46:46Z;2081;;2361
2025-03-17T13:46:47Z;2127;;2407
2025-03-17T13:46:48Z;2072;;2352
2025-03-17T13:47:12Z;2277;;2557
2025-03-17T13:47:50Z;2273;;2553
2025-03-17T13:47:51Z;2088;;2368
2025-03-17T13:47:56Z;;259;2347
2025-03-17T13:49:30Z;390;;649
2025-03-17T13:51:37Z;606;;865
2025-03-17T13:51:38Z;539;;798
2025-03-17T13:51:51Z;603;;862
2025-03-17T13:53:08Z;557;;816
2025-03-17T13:53:44Z;297;;556
2025-03-17T13:59:28Z;389;;648
2025-03-17T13:59:33Z;297;;556
2025-03-17T13:59:37Z;528;;787
2025-03-17T14:00:02Z;;171;699
2025-03-17T14:00:18Z;420;;591
2025-03-17T14:00:25Z;561;;732
2025-03-17T14:00:27Z;297;;468
2025-03-17T14:00:31Z;354;;525
2025-03-17T14:00:41Z;295;;466
2025-03-17T14:00:44Z;545;;716
2025-03-17T14:00:54Z;298;;469
2025-03-17T14:00:59Z;425;;596
2025-03-17T14:01:08Z;292;;463
2025-03-17T14:01:11Z;548;;719
2025-03-17T14:01:35Z;296;;467
2025-03-17T14:01:38Z;454;;625
2025-03-17T14:01:49Z;297;;468
2025-03-17T14:01:51Z;397;;568
2025-03-17T14:02:17Z;299;;470
2025-03-17T14:02:18Z;543;;714
2025-03-17T14:02:28Z;295;;466
2025-03-17T14:02:32Z;374;;545
2025-03-17T14:04:18Z;602;;773
2025-03-17T14:04:19Z;407;;578
2025-03-17T14:05:31Z;760;;931
2025-03-17T14:07:24Z;603;;774
2025-03-17T14:09:26Z;1095;;1266
2025-03-17T14:09:29Z;569;;740
2025-03-17T14:14:52Z;644;;815
2025-03-17T14:14:53Z;492;;663
2025-03-17T14:15:02Z;;133;625
2025-03-17T14:15:10Z;637;;770
2025-03-17T14:15:11Z;588;;721
2025-03-17T14:15:14Z;588;;721
2025-03-17T14:15:21Z;653;;786
2025-03-17T14:15:22Z;549;;682
2025-03-17T14:15:38Z;603;;736
2025-03-17T14:15:39Z;550;;683
2025-03-17T14:15:59Z;672;;805
2025-03-17T14:16:13Z;636;;769
2025-03-17T14:16:14Z;522;;655
2025-03-17T14:16:15Z;606;;739
2025-03-17T14:16:17Z;516;;649
2025-03-17T14:16:26Z;604;;737
2025-03-17T14:16:27Z;542;;675
2025-03-17T14:16:44Z;627;;760
2025-03-17T14:16:45Z;549;;682
2025-03-17T14:16:53Z;659;;792
2025-03-17T14:16:54Z;528;;661
2025-03-17T14:16:56Z;610;;743
2025-03-17T14:16:57Z;500;;633
2025-03-17T14:17:20Z;649;;782
2025-03-17T14:17:21Z;479;;612
2025-03-17T14:17:47Z;647;;780
2025-03-17T14:17:48Z;551;;684
2025-03-17T14:17:49Z;612;;745
2025-03-17T14:17:51Z;494;;627
2025-03-17T14:18:14Z;663;;796
2025-03-17T14:18:15Z;525;;658
2025-03-17T14:18:54Z;656;;789
2025-03-17T14:18:55Z;529;;662
2025-03-17T14:19:21Z;676;;809
2025-03-17T14:19:22Z;545;;678
2025-03-17T14:19:36Z;614;;747
2025-03-17T14:19:37Z;501;;634
2025-03-17T14:19:54Z;705;;838
2025-03-17T14:20:27Z;698;;831
2025-03-17T14:20:28Z;525;;658
2025-03-17T14:22:14Z;681;;814
2025-03-17T14:22:15Z;446;;579
2025-03-17T14:24:09Z;1127;;1260
2025-03-17T14:24:10Z;466;;599
2025-03-17T14:26:54Z;613;;746
2025-03-17T14:30:02Z;;149;762
2025-03-17T14:30:23Z;826;;975
2025-03-17T14:30:24Z;787;;936
2025-03-17T14:32:12Z;587;;736
2025-03-17T14:32:44Z;677;;826
2025-03-17T14:32:59Z;431;;580
2025-03-17T14:37:22Z;298;;447
2025-03-17T14:38:13Z;416;;565
2025-03-17T14:38:14Z;410;;559
2025-03-17T14:38:16Z;232;;381
2025-03-17T14:43:09Z;;305;537
2025-03-17T14:45:02Z;;340;572
2025-03-17T14:45:14Z;130;;470
2025-03-17T14:45:21Z;;283;413
2025-03-17T14:45:22Z;;196;326
2025-03-17T15:00:02Z;;385;515
2025-03-17T15:00:28Z;70;;455
2025-03-17T15:00:32Z;-18;;367
2025-03-17T15:01:23Z;-39;;346
2025-03-17T15:13:00Z;48;;433
2025-03-17T15:15:02Z;;354;402
2025-03-17T15:15:14Z;59;;413
2025-03-17T15:15:33Z;;333;392
2025-03-17T15:15:34Z;;266;325
2025-03-17T15:23:45Z;566;;832
2025-03-17T15:24:00Z;206;;472
2025-03-17T15:29:22Z;253;;519
2025-03-17T15:30:02Z;;206;459
2025-03-17T15:30:14Z;278;;484
2025-03-17T15:30:40Z;318;;524
2025-03-17T15:30:45Z;231;;437
2025-03-17T15:30:46Z;300;;506
2025-03-17T15:37:56Z;254;;460
2025-03-17T15:45:01Z;182;;388
2025-03-17T15:45:02Z;318;;524
2025-03-17T15:45:04Z;;226;544
2025-03-17T15:45:09Z;178;;404
2025-03-17T15:45:11Z;364;;590
2025-03-17T15:45:14Z;178;;404
2025-03-17T15:45:33Z;181;;407
2025-03-17T16:00:02Z;;218;399
2025-03-17T16:00:14Z;177;;395
2025-03-17T16:01:07Z;613;;831
2025-03-17T16:01:08Z;255;;473
2025-03-17T16:07:42Z;301;;519
2025-03-17T16:13:16Z;90;;308
2025-03-17T16:15:02Z;;73;163
2025-03-17T16:15:14Z;63;;136
2025-03-17T16:16:00Z;;51;114
2025-03-17T16:16:03Z;;44;107
2025-03-17T16:16:20Z;842;;886
2025-03-17T16:16:21Z;259;;303
2025-03-17T16:16:30Z;306;;350
2025-03-17T16:23:23Z;632;;676
2025-03-17T16:23:24Z;441;;485
2025-03-17T16:30:02Z;;3;444
2025-03-17T16:30:14Z;422;;425
2025-03-17T16:30:23Z;;3;425
2025-03-17T16:32:48Z;659;;662
2025-03-17T16:33:19Z;435;;438
2025-03-17T16:33:36Z;431;;434
2025-03-17T16:38:42Z;597;;600
2025-03-17T16:39:53Z;654;;657
2025-03-17T16:40:01Z;569;;572
2025-03-17T16:40:05Z;618;;621
2025-03-17T16:45:05Z;;0;618
2025-03-17T16:45:14Z;639;;639
2025-03-17T16:46:24Z;;0;639
2025-03-17T16:53:21Z;573;;573
2025-03-17T16:54:15Z;621;;621
2025-03-17T16:54:22Z;571;;571
2025-03-17T16:58:56Z;627;;627
2025-03-17T16:59:01Z;575;;575
2025-03-17T17:00:02Z;;0;575
2025-03-17T17:00:14Z;569;;569
2025-03-17T17:01:18Z;639;;639
2025-03-17T17:01:22Z;584;;584
2025-03-17T17:01:24Z;630;;630
2025-03-17T17:01:25Z;581;;581
2025-03-17T17:08:52Z;627;;627
2025-03-17T17:08:53Z;580;;580
2025-03-17T17:09:57Z;630;;630
2025-03-17T17:10:11Z;563;;563
2025-03-17T17:10:18Z;611;;611
2025-03-17T17:10:50Z;563;;563
2025-03-17T17:12:03Z;613;;613
2025-03-17T17:12:18Z;564;;564
2025-03-17T17:13:12Z;615;;615
2025-03-17T17:13:20Z;569;;569
2025-03-17T17:15:11Z;;0;569
2025-03-17T17:15:14Z;345;;345
2025-03-17T17:17:12Z;629;;629
2025-03-17T17:29:45Z;583;;583
2025-03-17T17:30:02Z;;0;583
2025-03-17T17:30:14Z;571;;571
2025-03-17T17:32:47Z;764;;764
2025-03-17T17:33:08Z;584;;584
2025-03-17T17:33:09Z;688;;688
2025-03-17T17:33:10Z;546;;546
2025-03-17T17:33:15Z;687;;687
2025-03-17T17:33:36Z;523;;523
2025-03-17T17:33:37Z;660;;660
2025-03-17T17:33:38Z;521;;521
2025-03-17T17:37:06Z;1421;;1421
2025-03-17T17:38:29Z;1515;;1515
2025-03-17T17:39:02Z;1419;;1419
2025-03-17T17:39:45Z;1537;;1537
2025-03-17T17:39:47Z;1451;;1451
2025-03-17T17:41:21Z;539;;539
2025-03-17T17:44:01Z;664;;664
2025-03-17T17:44:03Z;500;;500
2025-03-17T17:45:02Z;;0;500
2025-03-17T17:45:20Z;495;;495
2025-03-17T17:49:24Z;1527;;1527
2025-03-17T17:49:25Z;524;;524
2025-03-17T17:53:07Z;1120;;1120
2025-03-17T17:54:11Z;595;;595
2025-03-17T17:54:26Z;964;;964
2025-03-17T17:54:28Z;753;;753
2025-03-17T17:54:49Z;1135;;1135
2025-03-17T17:54:50Z;1300;;1300
2025-03-17T17:54:53Z;1561;;1561
2025-03-17T17:54:56Z;1805;;1805
2025-03-17T18:00:02Z;;0;1805
2025-03-17T18:00:11Z;2801;;2801
2025-03-17T18:00:14Z;1932;;1932
2025-03-17T18:00:58Z;2134;;2134
2025-03-17T18:01:43Z;2676;;2676
2025-03-17T18:01:44Z;1808;;1808
2025-03-17T18:01:45Z;2409;;2409
2025-03-17T18:01:47Z;3490;;3490
2025-03-17T18:06:47Z;2055;;2055
2025-03-17T18:06:49Z;2229;;2229
2025-03-17T18:06:59Z;1910;;1910
2025-03-17T18:07:03Z;2226;;2226
2025-03-17T18:07:42Z;1922;;1922
2025-03-17T18:07:44Z;2178;;2178
2025-03-17T18:07:52Z;2685;;2685
2025-03-17T18:07:53Z;2845;;2845
2025-03-17T18:07:54Z;3045;;3045
2025-03-17T18:07:56Z;3414;;3414
2025-03-17T18:08:00Z;2795;;2795
2025-03-17T18:08:01Z;3628;;3628
2025-03-17T18:08:05Z;3576;;3576
2025-03-17T18:08:20Z;3623;;3623
2025-03-17T18:09:43Z;2802;;2802
2025-03-17T18:09:45Z;1530;;1530
2025-03-17T18:09:46Z;1954;;1954
2025-03-17T18:09:47Z;1416;;1416
2025-03-17T18:09:53Z;1679;;1679
2025-03-17T18:10:08Z;1816;;1816
2025-03-17T18:10:30Z;1646;;1646
2025-03-17T18:10:33Z;1974;;1974
2025-03-17T18:10:35Z;2114;;2114
2025-03-17T18:10:39Z;2445;;2445
2025-03-17T18:11:26Z;2040;;2040
2025-03-17T18:11:37Z;2021;;2021
2025-03-17T18:11:38Z;2187;;2187
2025-03-17T18:11:42Z;2425;;2425
2025-03-17T18:12:16Z;2027;;2027
2025-03-17T18:12:20Z;2227;;2227
2025-03-17T18:12:24Z;2443;;2443
2025-03-17T18:13:29Z;2058;;2058
2025-03-17T18:13:35Z;2311;;2311
2025-03-17T18:13:38Z;2439;;2439
2025-03-17T18:14:39Z;2088;;2088
2025-03-17T18:14:44Z;2337;;2337
2025-03-17T18:14:46Z;2420;;2420
2025-03-17T18:14:52Z;2087;;2087
2025-03-17T18:14:54Z;2337;;2337
2025-03-17T18:14:56Z;1511;;1511
2025-03-17T18:14:59Z;1944;;1944
2025-03-17T18:15:01Z;2105;;2105
2025-03-17T18:15:02Z;;0;2105
2025-03-17T18:15:07Z;2413;;2413
2025-03-17T18:15:23Z;2405;;2405
2025-03-17T18:15:56Z;1890;;1890
2025-03-17T18:16:05Z;2182;;2182
2025-03-17T18:16:15Z;2405;;2405
2025-03-17T18:16:40Z;1844;;1844
2025-03-17T18:16:48Z;1827;;1827
2025-03-17T18:16:49Z;2159;;2159
2025-03-17T18:16:50Z;1841;;1841
2025-03-17T18:16:51Z;2135;;2135
2025-03-17T18:16:52Z;1825;;1825
2025-03-17T18:16:59Z;2166;;2166
2025-03-17T18:17:06Z;1829;;1829
2025-03-17T18:17:07Z;2158;;2158
2025-03-17T18:17:09Z;1819;;1819
2025-03-17T18:17:10Z;2140;;2140
2025-03-17T18:17:12Z;1869;;1869
2025-03-17T18:17:14Z;2155;;2155
2025-03-17T18:17:15Z;1842;;1842
2025-03-17T18:17:17Z;2168;;2168
2025-03-17T18:17:18Z;1840;;1840
2025-03-17T18:17:20Z;2155;;2155
2025-03-17T18:17:22Z;1832;;1832
2025-03-17T18:17:23Z;2159;;2159
2025-03-17T18:17:25Z;1831;;1831
2025-03-17T18:17:26Z;2153;;2153
2025-03-17T18:17:28Z;1826;;1826
2025-03-17T18:17:30Z;2161;;2161
2025-03-17T18:17:31Z;1835;;1835
2025-03-17T18:17:33Z;2158;;2158
2025-03-17T18:17:34Z;1835;;1835
2025-03-17T18:17:36Z;2150;;2150
2025-03-17T18:17:38Z;1830;;1830
2025-03-17T18:17:39Z;2155;;2155
2025-03-17T18:17:41Z;1836;;1836
2025-03-17T18:17:42Z;2152;;2152
2025-03-17T18:17:44Z;1841;;1841
2025-03-17T18:17:59Z;2181;;2181
2025-03-17T18:18:00Z;1875;;1875
2025-03-17T18:18:02Z;2204;;2204
2025-03-17T18:18:03Z;1887;;1887
2025-03-17T18:18:09Z;2203;;2203
2025-03-17T18:18:12Z;1881;;1881
2025-03-17T18:18:13Z;2231;;2231
2025-03-17T18:19:17Z;1521;;1521
2025-03-17T18:19:18Z;1490;;1490
2025-03-17T18:19:19Z;1786;;1786
2025-03-17T18:19:21Z;1476;;1476
2025-03-17T18:19:22Z;1795;;1795
2025-03-17T18:19:24Z;1478;;1478
2025-03-17T18:19:25Z;1796;;1796
2025-03-17T18:19:27Z;1471;;1471
2025-03-17T18:19:28Z;1783;;1783
2025-03-17T18:19:30Z;1482;;1482
2025-03-17T18:19:32Z;1796;;1796
2025-03-17T18:19:33Z;1492;;1492
2025-03-17T18:19:35Z;1780;;1780
2025-03-17T18:19:37Z;1464;;1464
2025-03-17T18:19:38Z;1793;;1793
2025-03-17T18:19:40Z;1491;;1491
2025-03-17T18:19:41Z;1826;;1826
2025-03-17T18:19:43Z;1478;;1478
2025-03-17T18:19:44Z;1779;;1779
2025-03-17T18:19:46Z;1472;;1472
2025-03-17T18:19:48Z;1835;;1835
2025-03-17T18:19:49Z;1508;;1508
2025-03-17T18:19:51Z;1806;;1806
2025-03-17T18:19:52Z;2543;;2543
2025-03-17T18:19:53Z;1575;;1575
2025-03-17T18:19:55Z;1888;;1888
2025-03-17T18:19:56Z;1553;;1553
2025-03-17T18:19:57Z;1875;;1875
2025-03-17T18:19:59Z;1545;;1545
2025-03-17T18:20:00Z;1857;;1857
2025-03-17T18:20:02Z;1542;;1542
2025-03-17T18:20:04Z;1849;;1849
2025-03-17T18:20:05Z;1553;;1553
2025-03-17T18:20:07Z;1863;;1863
2025-03-17T18:20:08Z;1455;;1455
2025-03-17T18:20:09Z;1098;;1098
2025-03-17T18:20:11Z;1396;;1396
2025-03-17T18:20:12Z;1073;;1073
2025-03-17T18:20:13Z;1403;;1403
2025-03-17T18:20:18Z;1751;;1751
2025-03-17T18:20:19Z;1479;;1479
2025-03-17T18:20:20Z;1868;;1868
2025-03-17T18:20:21Z;1559;;1559
2025-03-17T18:20:36Z;1871;;1871
2025-03-17T18:20:37Z;1553;;1553
2025-03-17T18:20:39Z;1862;;1862
2025-03-17T18:20:41Z;1545;;1545
2025-03-17T18:20:42Z;1874;;1874
2025-03-17T18:20:44Z;1546;;1546
2025-03-17T18:20:45Z;1869;;1869
2025-03-17T18:20:47Z;1548;;1548
2025-03-17T18:20:48Z;1859;;1859
2025-03-17T18:20:50Z;1550;;1550
2025-03-17T18:20:52Z;1877;;1877
2025-03-17T18:20:53Z;1565;;1565
2025-03-17T18:20:55Z;1885;;1885
2025-03-17T18:20:57Z;1555;;1555
2025-03-17T18:20:58Z;1884;;1884
2025-03-17T18:21:00Z;1556;;1556
2025-03-17T18:21:01Z;1879;;1879
2025-03-17T18:21:03Z;1560;;1560
2025-03-17T18:21:04Z;1868;;1868
2025-03-17T18:21:06Z;1549;;1549
2025-03-17T18:21:08Z;1870;;1870
2025-03-17T18:21:09Z;1561;;1561
2025-03-17T18:21:11Z;1869;;1869
2025-03-17T18:21:13Z;1528;;1528
2025-03-17T18:21:14Z;1854;;1854
2025-03-17T18:21:16Z;1545;;1545
2025-03-17T18:21:17Z;1868;;1868
2025-03-17T18:21:19Z;1537;;1537
2025-03-17T18:21:20Z;1854;;1854
2025-03-17T18:21:22Z;1546;;1546
2025-03-17T18:21:24Z;1872;;1872
2025-03-17T18:21:25Z;1558;;1558
2025-03-17T18:21:27Z;1872;;1872
2025-03-17T18:21:29Z;1541;;1541
2025-03-17T18:21:30Z;1867;;1867
2025-03-17T18:21:32Z;1537;;1537
2025-03-17T18:21:33Z;1858;;1858
2025-03-17T18:21:35Z;1544;;1544
2025-03-17T18:21:36Z;1859;;1859
2025-03-17T18:21:38Z;1543;;1543
2025-03-17T18:21:40Z;1870;;1870
2025-03-17T18:21:55Z;1592;;1592
2025-03-17T18:21:56Z;1904;;1904
2025-03-17T18:21:57Z;1580;;1580
2025-03-17T18:21:59Z;1883;;1883
2025-03-17T18:22:01Z;1547;;1547
2025-03-17T18:22:02Z;1882;;1882
2025-03-17T18:22:04Z;1555;;1555
2025-03-17T18:22:05Z;1888;;1888
2025-03-17T18:22:07Z;1590;;1590
2025-03-17T18:22:08Z;1889;;1889
2025-03-17T18:22:10Z;1582;;1582
2025-03-17T18:22:12Z;1899;;1899
2025-03-17T18:22:13Z;1580;;1580
2025-03-17T18:22:15Z;1904;;1904
2025-03-17T18:22:17Z;1248;;1248
2025-03-17T18:22:18Z;1677;;1677
2025-03-17T18:22:19Z;1833;;1833
2025-03-17T18:22:21Z;1532;;1532
2025-03-17T18:22:22Z;1895;;1895
2025-03-17T18:22:23Z;1640;;1640
2025-03-17T18:22:24Z;1997;;1997
2025-03-17T18:22:26Z;1680;;1680
2025-03-17T18:22:28Z;2006;;2006
2025-03-17T18:22:29Z;1693;;1693
2025-03-17T18:22:31Z;2021;;2021
2025-03-17T18:22:33Z;1708;;1708
2025-03-17T18:22:34Z;2034;;2034
2025-03-17T18:22:36Z;1699;;1699
2025-03-17T18:22:37Z;2030;;2030
2025-03-17T18:22:39Z;1717;;1717
2025-03-17T18:22:40Z;2039;;2039
2025-03-17T18:22:42Z;1715;;1715
2025-03-17T18:22:44Z;2018;;2018
2025-03-17T18:22:45Z;1700;;1700
2025-03-17T18:22:47Z;2028;;2028
2025-03-17T18:22:49Z;1707;;1707
2025-03-17T18:22:50Z;2029;;2029
2025-03-17T18:22:52Z;1690;;1690
2025-03-17T18:22:53Z;2024;;2024
2025-03-17T18:22:55Z;1696;;1696
2025-03-17T18:22:56Z;2011;;2011
2025-03-17T18:22:58Z;1688;;1688
2025-03-17T18:23:13Z;2032;;2032
2025-03-17T18:23:15Z;2039;;2039
2025-03-17T18:23:22Z;1712;;1712
2025-03-17T18:23:23Z;2036;;2036
2025-03-17T18:23:25Z;1690;;1690
2025-03-17T18:23:26Z;2022;;2022
2025-03-17T18:23:28Z;1702;;1702
2025-03-17T18:23:29Z;2026;;2026
2025-03-17T18:23:31Z;1690;;1690
2025-03-17T18:23:33Z;2028;;2028
2025-03-17T18:23:34Z;1721;;1721
2025-03-17T18:23:36Z;2034;;2034
2025-03-17T18:23:38Z;1691;;1691
2025-03-17T18:23:39Z;2024;;2024
2025-03-17T18:23:41Z;1697;;1697
2025-03-17T18:23:42Z;2022;;2022
2025-03-17T18:23:44Z;1694;;1694
2025-03-17T18:23:45Z;2014;;2014
2025-03-17T18:23:47Z;1695;;1695
2025-03-17T18:23:49Z;2015;;2015
2025-03-17T18:23:50Z;1694;;1694
2025-03-17T18:23:52Z;2026;;2026
2025-03-17T18:23:54Z;1713;;1713
2025-03-17T18:23:55Z;2033;;2033
2025-03-17T18:23:57Z;1703;;1703
2025-03-17T18:23:58Z;2021;;2021
2025-03-17T18:24:00Z;1691;;1691
2025-03-17T18:24:01Z;2021;;2021
2025-03-17T18:24:03Z;1706;;1706
2025-03-17T18:24:05Z;2032;;2032
2025-03-17T18:24:06Z;1698;;1698
2025-03-17T18:24:08Z;1997;;1997
2025-03-17T18:24:10Z;1715;;1715
2025-03-17T18:24:11Z;2031;;2031
2025-03-17T18:24:13Z;1760;;1760
2025-03-17T18:24:14Z;2038;;2038
2025-03-17T18:24:16Z;1709;;1709
2025-03-17T18:24:31Z;2026;;2026
2025-03-17T18:24:32Z;1730;;1730
2025-03-17T18:24:33Z;2047;;2047
2025-03-17T18:24:35Z;1711;;1711
2025-03-17T18:24:37Z;2039;;2039
2025-03-17T18:24:38Z;1708;;1708
2025-03-17T18:24:40Z;2050;;2050
2025-03-17T18:24:42Z;1725;;1725
2025-03-17T18:24:43Z;2044;;2044
2025-03-17T18:24:45Z;1716;;1716
2025-03-17T18:24:47Z;1452;;1452
2025-03-17T18:24:48Z;1117;;1117
2025-03-17T18:24:49Z;1774;;1774
2025-03-17T18:24:51Z;1826;;1826
2025-03-17T18:24:52Z;1550;;1550
2025-03-17T18:24:53Z;1958;;1958
2025-03-17T18:24:54Z;1667;;1667
2025-03-17T18:24:56Z;2003;;2003
2025-03-17T18:24:58Z;1692;;1692
2025-03-17T18:24:59Z;2022;;2022
2025-03-17T18:25:01Z;1706;;1706
2025-03-17T18:25:02Z;2029;;2029
2025-03-17T18:25:04Z;1712;;1712
2025-03-17T18:25:05Z;2033;;2033
2025-03-17T18:25:07Z;1707;;1707
2025-03-17T18:25:09Z;2043;;2043
2025-03-17T18:25:10Z;1720;;1720
2025-03-17T18:25:12Z;2080;;2080
2025-03-17T18:25:14Z;1722;;1722
2025-03-17T18:25:15Z;2046;;2046
2025-03-17T18:25:17Z;1702;;1702
2025-03-17T18:25:18Z;2031;;2031
2025-03-17T18:25:20Z;1708;;1708
2025-03-17T18:25:21Z;2036;;2036
2025-03-17T18:25:23Z;1715;;1715
2025-03-17T18:25:25Z;2035;;2035
2025-03-17T18:25:26Z;1731;;1731
2025-03-17T18:25:28Z;2059;;2059
2025-03-17T18:25:30Z;1716;;1716
2025-03-17T18:25:31Z;2043;;2043
2025-03-17T18:25:32Z;1727;;1727
2025-03-17T18:25:35Z;2041;;2041
2025-03-17T18:25:50Z;2039;;2039
2025-03-17T18:25:51Z;1718;;1718
2025-03-17T18:25:53Z;2054;;2054
2025-03-17T18:25:54Z;1724;;1724
2025-03-17T18:25:56Z;2050;;2050
2025-03-17T18:25:57Z;1713;;1713
2025-03-17T18:25:59Z;2040;;2040
2025-03-17T18:26:00Z;1720;;1720
2025-03-17T18:26:02Z;2050;;2050
2025-03-17T18:26:04Z;1725;;1725
2025-03-17T18:26:05Z;2040;;2040
2025-03-17T18:26:07Z;1707;;1707
2025-03-17T18:26:09Z;2021;;2021
2025-03-17T18:26:10Z;1698;;1698
2025-03-17T18:26:12Z;2041;;2041
2025-03-17T18:26:13Z;2742;;2742
2025-03-17T18:26:14Z;1759;;1759
2025-03-17T18:26:16Z;2075;;2075
2025-03-17T18:26:17Z;1756;;1756
2025-03-17T18:26:18Z;2087;;2087
2025-03-17T18:26:20Z;1762;;1762
2025-03-17T18:26:21Z;2073;;2073
2025-03-17T18:26:23Z;1748;;1748
2025-03-17T18:26:25Z;2072;;2072
2025-03-17T18:26:26Z;1759;;1759
2025-03-17T18:26:28Z;2081;;2081
2025-03-17T18:26:29Z;1747;;1747
2025-03-17T18:26:31Z;2075;;2075
2025-03-17T18:26:32Z;1775;;1775
2025-03-17T18:26:34Z;2077;;2077
2025-03-17T18:26:36Z;1751;;1751
2025-03-17T18:26:37Z;2069;;2069
2025-03-17T18:26:39Z;1752;;1752
2025-03-17T18:26:41Z;2080;;2080
2025-03-17T18:26:42Z;1755;;1755
2025-03-17T18:26:44Z;2088;;2088
2025-03-17T18:26:45Z;1773;;1773
2025-03-17T18:26:47Z;2119;;2119
2025-03-17T18:26:48Z;1802;;1802
2025-03-17T18:26:50Z;2110;;2110
2025-03-17T18:26:52Z;1787;;1787
2025-03-17T18:26:53Z;2116;;2116
2025-03-17T18:27:08Z;1786;;1786
2025-03-17T18:27:09Z;2112;;2112
2025-03-17T18:27:11Z;1784;;1784
2025-03-17T18:27:13Z;2089;;2089
2025-03-17T18:27:14Z;1769;;1769
2025-03-17T18:27:16Z;2098;;2098
2025-03-17T18:27:17Z;1773;;1773
2025-03-17T18:27:19Z;2098;;2098
2025-03-17T18:27:20Z;1783;;1783
2025-03-17T18:27:22Z;2125;;2125
2025-03-17T18:27:23Z;2062;;2062
2025-03-17T18:27:24Z;1783;;1783
2025-03-17T18:27:26Z;2131;;2131
2025-03-17T18:27:27Z;1779;;1779
2025-03-17T18:27:28Z;1831;;1831
2025-03-17T18:27:29Z;2103;;2103
2025-03-17T18:27:31Z;1792;;1792
2025-03-17T18:27:32Z;2114;;2114
2025-03-17T18:27:33Z;1790;;1790
2025-03-17T18:27:35Z;2103;;2103
2025-03-17T18:27:36Z;1780;;1780
2025-03-17T18:27:38Z;2098;;2098
2025-03-17T18:27:40Z;1771;;1771
2025-03-17T18:27:41Z;2094;;2094
2025-03-17T18:27:43Z;1780;;1780
2025-03-17T18:27:44Z;1843;;1843
2025-03-17T18:27:46Z;1775;;1775
2025-03-17T18:27:48Z;2106;;2106
2025-03-17T18:27:49Z;1798;;1798
2025-03-17T18:27:51Z;2097;;2097
2025-03-17T18:27:52Z;1786;;1786
2025-03-17T18:27:54Z;2037;;2037
2025-03-17T18:27:56Z;1784;;1784
2025-03-17T18:27:57Z;2127;;2127
2025-03-17T18:27:59Z;1793;;1793
2025-03-17T18:28:00Z;1879;;1879
2025-03-17T18:28:01Z;2103;;2103
2025-03-17T18:28:03Z;1780;;1780
2025-03-17T18:28:04Z;2103;;2103
2025-03-17T18:28:05Z;1785;;1785
2025-03-17T18:28:07Z;2111;;2111
2025-03-17T18:28:08Z;1787;;1787
2025-03-17T18:28:10Z;2086;;2086
2025-03-17T18:28:12Z;1786;;1786
2025-03-17T18:28:27Z;2109;;2109
2025-03-17T18:28:28Z;1791;;1791
2025-03-17T18:28:30Z;2096;;2096
2025-03-17T18:28:31Z;1776;;1776
2025-03-17T18:28:32Z;1928;;1928
2025-03-17T18:28:33Z;2103;;2103
2025-03-17T18:28:35Z;1793;;1793
2025-03-17T18:28:36Z;2113;;2113
2025-03-17T18:28:37Z;1773;;1773
2025-03-17T18:28:39Z;2101;;2101
2025-03-17T18:28:40Z;1784;;1784
2025-03-17T18:28:42Z;2109;;2109
2025-03-17T18:28:43Z;1965;;1965
2025-03-17T18:28:44Z;1772;;1772
2025-03-17T18:28:46Z;2089;;2089
2025-03-17T18:28:47Z;1786;;1786
2025-03-17T18:28:48Z;1950;;1950
2025-03-17T18:28:50Z;1759;;1759
2025-03-17T18:28:52Z;2092;;2092
2025-03-17T18:28:53Z;1771;;1771
2025-03-17T18:28:55Z;2089;;2089
2025-03-17T18:28:56Z;1776;;1776
2025-03-17T18:28:58Z;2070;;2070
2025-03-17T18:29:00Z;1758;;1758
2025-03-17T18:29:01Z;2080;;2080
2025-03-17T18:29:03Z;1762;;1762
2025-03-17T18:29:04Z;1941;;1941
2025-03-17T18:29:06Z;1767;;1767
2025-03-17T18:29:08Z;2084;;2084
2025-03-17T18:29:09Z;1773;;1773
2025-03-17T18:29:11Z;2094;;2094
2025-03-17T18:29:12Z;1765;;1765
2025-03-17T18:29:14Z;2087;;2087
2025-03-17T18:29:16Z;1775;;1775
2025-03-17T18:29:17Z;2081;;2081
2025-03-17T18:29:19Z;1757;;1757
2025-03-17T18:29:20Z;1950;;1950
2025-03-17T18:29:22Z;1767;;1767
2025-03-17T18:29:24Z;2086;;2086
2025-03-17T18:29:25Z;1755;;1755
2025-03-17T18:29:27Z;2088;;2088
2025-03-17T18:29:28Z;1770;;1770
2025-03-17T18:29:30Z;2091;;2091
2025-03-17T18:29:45Z;1767;;1767
2025-03-17T18:29:46Z;2079;;2079
2025-03-17T18:29:48Z;1758;;1758
2025-03-17T18:29:49Z;2075;;2075
2025-03-17T18:29:51Z;1777;;1777
2025-03-17T18:29:52Z;1980;;1980
2025-03-17T18:29:54Z;1760;;1760
2025-03-17T18:29:56Z;2071;;2071
2025-03-17T18:29:57Z;1760;;1760
2025-03-17T18:29:59Z;2094;;2094
2025-03-17T18:30:00Z;1783;;1783
2025-03-17T18:30:02Z;2089;;2089
2025-03-17T18:30:04Z;1761;;1761
2025-03-17T18:30:05Z;2075;;2075
2025-03-17T18:30:06Z;;0;2075
2025-03-17T18:30:07Z;1758;;1758
2025-03-17T18:30:08Z;2023;;2023
2025-03-17T18:30:09Z;2106;;2106
2025-03-17T18:30:11Z;1783;;1783
2025-03-17T18:30:12Z;2088;;2088
2025-03-17T18:30:17Z;2106;;2106
2025-03-17T18:30:24Z;1757;;1757
2025-03-17T18:30:26Z;2112;;2112
2025-03-17T18:30:27Z;1755;;1755
2025-03-17T18:30:28Z;2073;;2073
2025-03-17T18:30:29Z;1774;;1774
2025-03-17T18:30:30Z;2074;;2074
2025-03-17T18:30:32Z;1758;;1758
2025-03-17T18:30:33Z;1768;;1768
2025-03-17T18:30:34Z;2089;;2089
2025-03-17T18:30:35Z;1760;;1760
2025-03-17T18:30:36Z;2077;;2077
2025-03-17T18:30:38Z;1754;;1754
2025-03-17T18:30:39Z;2069;;2069
2025-03-17T18:30:40Z;1775;;1775
2025-03-17T18:30:41Z;2004;;2004
2025-03-17T18:30:42Z;2109;;2109
2025-03-17T18:30:44Z;1784;;1784
2025-03-17T18:30:45Z;2095;;2095
2025-03-17T18:30:46Z;1761;;1761
2025-03-17T18:30:47Z;2063;;2063
2025-03-17T18:30:48Z;1766;;1766
2025-03-17T18:31:03Z;2111;;2111
2025-03-17T18:31:04Z;2108;;2108
2025-03-17T18:31:06Z;2110;;2110
2025-03-17T18:31:07Z;1900;;1900
2025-03-17T18:31:09Z;2115;;2115
2025-03-17T18:31:11Z;1788;;1788
2025-03-17T18:31:12Z;2011;;2011
2025-03-17T18:31:13Z;2115;;2115
2025-03-17T18:31:15Z;1801;;1801
2025-03-17T18:31:16Z;2120;;2120
2025-03-17T18:31:17Z;1792;;1792
2025-03-17T18:31:19Z;2111;;2111
2025-03-17T18:31:20Z;1793;;1793
2025-03-17T18:31:22Z;2118;;2118
2025-03-17T18:31:23Z;1905;;1905
2025-03-17T18:31:24Z;1787;;1787
2025-03-17T18:31:26Z;2138;;2138
2025-03-17T18:31:27Z;1784;;1784
2025-03-17T18:31:28Z;1988;;1988
2025-03-17T18:31:29Z;2144;;2144
2025-03-17T18:31:31Z;1799;;1799
2025-03-17T18:31:32Z;2122;;2122
2025-03-17T18:31:33Z;1787;;1787
2025-03-17T18:31:35Z;2108;;2108
2025-03-17T18:31:36Z;1799;;1799
2025-03-17T18:31:38Z;2107;;2107
2025-03-17T18:31:39Z;1892;;1892
2025-03-17T18:31:40Z;1778;;1778
2025-03-17T18:31:42Z;2092;;2092
2025-03-17T18:31:43Z;1789;;1789
2025-03-17T18:31:44Z;2006;;2006
2025-03-17T18:31:45Z;2117;;2117
2025-03-17T18:31:47Z;1791;;1791
2025-03-17T18:31:48Z;2105;;2105
2025-03-17T18:31:49Z;1783;;1783
2025-03-17T18:31:51Z;2113;;2113
2025-03-17T18:31:52Z;1812;;1812
2025-03-17T18:31:54Z;2125;;2125
2025-03-17T18:31:55Z;1888;;1888
2025-03-17T18:31:56Z;1781;;1781
2025-03-17T18:31:58Z;2098;;2098
2025-03-17T18:31:59Z;1790;;1790
2025-03-17T18:32:00Z;2025;;2025
2025-03-17T18:32:01Z;2120;;2120
2025-03-17T18:32:03Z;1803;;1803
2025-03-17T18:32:04Z;2115;;2115
2025-03-17T18:32:05Z;1799;;1799
2025-03-17T18:32:07Z;2114;;2114
2025-03-17T18:32:22Z;1802;;1802
2025-03-17T18:32:23Z;2117;;2117
2025-03-17T18:32:24Z;1795;;1795
2025-03-17T18:32:26Z;2111;;2111
2025-03-17T18:32:27Z;1882;;1882
2025-03-17T18:32:28Z;1785;;1785
2025-03-17T18:32:30Z;2104;;2104
2025-03-17T18:32:31Z;1801;;1801
2025-03-17T18:32:33Z;2117;;2117
2025-03-17T18:32:34Z;1793;;1793
2025-03-17T18:32:36Z;2114;;2114
2025-03-17T18:32:37Z;1798;;1798
2025-03-17T18:32:39Z;2112;;2112
2025-03-17T18:32:40Z;1781;;1781
2025-03-17T18:32:42Z;2106;;2106
2025-03-17T18:32:43Z;1892;;1892
2025-03-17T18:32:44Z;1791;;1791
2025-03-17T18:32:46Z;2113;;2113
2025-03-17T18:32:47Z;1787;;1787
2025-03-17T18:32:48Z;2003;;2003
2025-03-17T18:32:49Z;2102;;2102
2025-03-17T18:32:51Z;1775;;1775
2025-03-17T18:32:52Z;2096;;2096
2025-03-17T18:32:53Z;1788;;1788
2025-03-17T18:32:55Z;2134;;2134
2025-03-17T18:32:56Z;1801;;1801
2025-03-17T18:33:02Z;2110;;2110
2025-03-17T18:33:03Z;1810;;1810
2025-03-17T18:33:05Z;2124;;2124
2025-03-17T18:33:06Z;1796;;1796
2025-03-17T18:33:08Z;2115;;2115
2025-03-17T18:33:09Z;1793;;1793
2025-03-17T18:33:11Z;2116;;2116
2025-03-17T18:33:12Z;1801;;1801
2025-03-17T18:33:14Z;2117;;2117
2025-03-17T18:33:15Z;1909;;1909
2025-03-17T18:33:16Z;1797;;1797
2025-03-17T18:33:18Z;2125;;2125
2025-03-17T18:33:19Z;1795;;1795
2025-03-17T18:33:20Z;2002;;2002
2025-03-17T18:33:22Z;1735;;1735
2025-03-17T18:33:24Z;2057;;2057
2025-03-17T18:33:25Z;1734;;1734
2025-03-17T18:33:40Z;2032;;2032
2025-03-17T18:33:41Z;2052;;2052
2025-03-17T18:33:43Z;2054;;2054
2025-03-17T18:33:44Z;1736;;1736
2025-03-17T18:33:46Z;2046;;2046
2025-03-17T18:33:48Z;1740;;1740
2025-03-17T18:33:49Z;2060;;2060
2025-03-17T18:33:51Z;1729;;1729
2025-03-17T18:33:52Z;1909;;1909
2025-03-17T18:33:54Z;1735;;1735
2025-03-17T18:33:56Z;2062;;2062
2025-03-17T18:33:57Z;1769;;1769
2025-03-17T18:33:59Z;2070;;2070
2025-03-17T18:34:00Z;1750;;1750
2025-03-17T18:34:02Z;2056;;2056
2025-03-17T18:34:04Z;1735;;1735
2025-03-17T18:34:05Z;2051;;2051
2025-03-17T18:34:07Z;1742;;1742
2025-03-17T18:34:08Z;1910;;1910
2025-03-17T18:34:10Z;1723;;1723
2025-03-17T18:34:12Z;2042;;2042
2025-03-17T18:34:13Z;1722;;1722
2025-03-17T18:34:15Z;2047;;2047
2025-03-17T18:34:16Z;1732;;1732
2025-03-17T18:34:18Z;2045;;2045
2025-03-17T18:34:20Z;1731;;1731
2025-03-17T18:34:21Z;2035;;2035
2025-03-17T18:34:23Z;1736;;1736
2025-03-17T18:34:24Z;1913;;1913
2025-03-17T18:34:26Z;1762;;1762
2025-03-17T18:34:28Z;2053;;2053
2025-03-17T18:34:29Z;1730;;1730
2025-03-17T18:34:31Z;2053;;2053
2025-03-17T18:34:32Z;1735;;1735
2025-03-17T18:34:34Z;2061;;2061
2025-03-17T18:34:36Z;1742;;1742
2025-03-17T18:34:37Z;2053;;2053
2025-03-17T18:34:39Z;1728;;1728
2025-03-17T18:34:40Z;1925;;1925
2025-03-17T18:34:42Z;1744;;1744
2025-03-17T18:34:44Z;2055;;2055
2025-03-17T18:34:59Z;1665;;1665
2025-03-17T18:35:00Z;1921;;1921
2025-03-17T18:35:02Z;1783;;1783
2025-03-17T18:35:03Z;2084;;2084
2025-03-17T18:35:04Z;1774;;1774
2025-03-17T18:35:06Z;2072;;2072
2025-03-17T18:35:08Z;1742;;1742
2025-03-17T18:35:09Z;2089;;2089
2025-03-17T18:35:11Z;1741;;1741
2025-03-17T18:35:12Z;1955;;1955
2025-03-17T18:35:14Z;1732;;1732
2025-03-17T18:35:16Z;2065;;2065
2025-03-17T18:35:17Z;1740;;1740
2025-03-17T18:35:19Z;2045;;2045
2025-03-17T18:35:20Z;1729;;1729
2025-03-17T18:35:22Z;2063;;2063
2025-03-17T18:35:24Z;1735;;1735
2025-03-17T18:35:25Z;2053;;2053
2025-03-17T18:35:27Z;1733;;1733
2025-03-17T18:35:28Z;1947;;1947
2025-03-17T18:35:30Z;1751;;1751
2025-03-17T18:35:32Z;2048;;2048
2025-03-17T18:35:33Z;1719;;1719
2025-03-17T18:35:35Z;2031;;2031
2025-03-17T18:35:36Z;1724;;1724
2025-03-17T18:35:38Z;2043;;2043
2025-03-17T18:35:40Z;1725;;1725
2025-03-17T18:35:41Z;2029;;2029
2025-03-17T18:35:43Z;1610;;1610
2025-03-17T18:35:44Z;1419;;1419
2025-03-17T18:35:45Z;1674;;1674
2025-03-17T18:35:47Z;1449;;1449
2025-03-17T18:35:48Z;1504;;1504
2025-03-17T18:35:49Z;1880;;1880
2025-03-17T18:35:50Z;1622;;1622
2025-03-17T18:35:51Z;2000;;2000
2025-03-17T18:35:53Z;1690;;1690
2025-03-17T18:35:54Z;2009;;2009
2025-03-17T18:35:55Z;1776;;1776
2025-03-17T18:35:57Z;1971;;1971
2025-03-17T18:35:59Z;1694;;1694
2025-03-17T18:36:00Z;1928;;1928
2025-03-17T18:36:02Z;1707;;1707
2025-03-17T18:36:17Z;2030;;2030
2025-03-17T18:36:18Z;1647;;1647
2025-03-17T18:36:20Z;1997;;1997
2025-03-17T18:36:21Z;1686;;1686
2025-03-17T18:36:23Z;2006;;2006
2025-03-17T18:36:24Z;1700;;1700
2025-03-17T18:36:26Z;2009;;2009
2025-03-17T18:36:27Z;1749;;1749
2025-03-17T18:36:29Z;2008;;2008
2025-03-17T18:36:31Z;1679;;1679
2025-03-17T18:36:32Z;1955;;1955
2025-03-17T18:36:34Z;1706;;1706
2025-03-17T18:36:36Z;2036;;2036
2025-03-17T18:36:37Z;1728;;1728
2025-03-17T18:36:39Z;2036;;2036
2025-03-17T18:36:40Z;1719;;1719
2025-03-17T18:36:42Z;2051;;2051
2025-03-17T18:36:43Z;1774;;1774
2025-03-17T18:36:45Z;2051;;2051
2025-03-17T18:36:47Z;1737;;1737
2025-03-17T18:36:48Z;2009;;2009
2025-03-17T18:36:50Z;1719;;1719
2025-03-17T18:36:52Z;2044;;2044
2025-03-17T18:36:53Z;1740;;1740
2025-03-17T18:36:55Z;2052;;2052
2025-03-17T18:36:56Z;1725;;1725
2025-03-17T18:36:58Z;2045;;2045
2025-03-17T18:36:59Z;1774;;1774
2025-03-17T18:37:01Z;2039;;2039
2025-03-17T18:37:03Z;1740;;1740
2025-03-17T18:37:04Z;2011;;2011
2025-03-17T18:37:06Z;1736;;1736
2025-03-17T18:37:08Z;2042;;2042
2025-03-17T18:37:09Z;1713;;1713
2025-03-17T18:37:11Z;2055;;2055
2025-03-17T18:37:12Z;1738;;1738
2025-03-17T18:37:14Z;2062;;2062
2025-03-17T18:37:15Z;1776;;1776
2025-03-17T18:37:17Z;2044;;2044
2025-03-17T18:37:19Z;1721;;1721
2025-03-17T18:37:20Z;2012;;2012
2025-03-17T18:37:35Z;1727;;1727
2025-03-17T18:37:36Z;1743;;1743
2025-03-17T18:37:38Z;1749;;1749
2025-03-17T18:37:40Z;2072;;2072
2025-03-17T18:37:41Z;1747;;1747
2025-03-17T18:37:43Z;2076;;2076
2025-03-17T18:37:44Z;1752;;1752
2025-03-17T18:37:46Z;2069;;2069
2025-03-17T18:37:47Z;1765;;1765
2025-03-17T18:37:49Z;2046;;2046
2025-03-17T18:37:51Z;1743;;1743
2025-03-17T18:37:52Z;2035;;2035
2025-03-17T18:37:54Z;1723;;1723
2025-03-17T18:37:56Z;2048;;2048
2025-03-17T18:37:57Z;1732;;1732
2025-03-17T18:37:59Z;2053;;2053
2025-03-17T18:38:00Z;1733;;1733
2025-03-17T18:38:02Z;2057;;2057
2025-03-17T18:38:03Z;1763;;1763
2025-03-17T18:38:05Z;2070;;2070
2025-03-17T18:38:07Z;1736;;1736
2025-03-17T18:38:08Z;2027;;2027
2025-03-17T18:38:10Z;1736;;1736
2025-03-17T18:38:12Z;2073;;2073
2025-03-17T18:38:13Z;1740;;1740
2025-03-17T18:38:15Z;2087;;2087
2025-03-17T18:38:16Z;1752;;1752
2025-03-17T18:38:18Z;2068;;2068
2025-03-17T18:38:19Z;1795;;1795
2025-03-17T18:38:20Z;1292;;1292
2025-03-17T18:38:23Z;1098;;1098
2025-03-17T18:38:24Z;1753;;1753
2025-03-17T18:38:25Z;1814;;1814
2025-03-17T18:38:27Z;1532;;1532
2025-03-17T18:38:28Z;1952;;1952
2025-03-17T18:38:29Z;1658;;1658
2025-03-17T18:38:31Z;2022;;2022
2025-03-17T18:38:32Z;1714;;1714
2025-03-17T18:38:34Z;2032;;2032
2025-03-17T18:38:35Z;1716;;1716
2025-03-17T18:38:37Z;2024;;2024
2025-03-17T18:38:39Z;1691;;1691
2025-03-17T18:38:54Z;2012;;2012
2025-03-17T18:38:55Z;1706;;1706
2025-03-17T18:38:56Z;2017;;2017
2025-03-17T18:38:58Z;1714;;1714
2025-03-17T18:38:59Z;2059;;2059
2025-03-17T18:39:01Z;1726;;1726
2025-03-17T18:39:03Z;2047;;2047
2025-03-17T18:39:04Z;1719;;1719
2025-03-17T18:39:06Z;2043;;2043
2025-03-17T18:39:07Z;1727;;1727
2025-03-17T18:39:09Z;2023;;2023
2025-03-17T18:39:11Z;1719;;1719
2025-03-17T18:39:12Z;2035;;2035
2025-03-17T18:39:14Z;1706;;1706
2025-03-17T18:39:16Z;2051;;2051
2025-03-17T18:39:17Z;1726;;1726
2025-03-17T18:39:19Z;2036;;2036
2025-03-17T18:39:20Z;1721;;1721
2025-03-17T18:39:22Z;2048;;2048
2025-03-17T18:39:23Z;1730;;1730
2025-03-17T18:39:25Z;2052;;2052
2025-03-17T18:39:27Z;1724;;1724
2025-03-17T18:39:28Z;2035;;2035
2025-03-17T18:39:30Z;1720;;1720
2025-03-17T18:39:32Z;2054;;2054
2025-03-17T18:39:33Z;1722;;1722
2025-03-17T18:39:35Z;2055;;2055
2025-03-17T18:39:36Z;1733;;1733
2025-03-17T18:39:38Z;2060;;2060
2025-03-17T18:39:39Z;1740;;1740
2025-03-17T18:39:41Z;2048;;2048
2025-03-17T18:39:43Z;1724;;1724
2025-03-17T18:39:44Z;2043;;2043
2025-03-17T18:39:46Z;1728;;1728
2025-03-17T18:39:48Z;2043;;2043
2025-03-17T18:39:49Z;1723;;1723
2025-03-17T18:39:51Z;2048;;2048
2025-03-17T18:39:52Z;1727;;1727
2025-03-17T18:39:54Z;2043;;2043
2025-03-17T18:39:55Z;1736;;1736
2025-03-17T18:39:57Z;2041;;2041
2025-03-17T18:40:12Z;1712;;1712
2025-03-17T18:40:13Z;2010;;2010
2025-03-17T18:40:15Z;1686;;1686
2025-03-17T18:40:16Z;2007;;2007
2025-03-17T18:40:18Z;1713;;1713
2025-03-17T18:40:20Z;2046;;2046
2025-03-17T18:40:21Z;1226;;1226
2025-03-17T18:40:22Z;1755;;1755
2025-03-17T18:40:24Z;2056;;2056
2025-03-17T18:40:25Z;1141;;1141
2025-03-17T18:40:26Z;1442;;1442
2025-03-17T18:40:28Z;1573;;1573
2025-03-17T18:40:29Z;1984;;1984
2025-03-17T18:40:32Z;2136;;2136
2025-03-17T18:40:34Z;1839;;1839
2025-03-17T18:40:36Z;2162;;2162
2025-03-17T18:40:37Z;1841;;1841
2025-03-17T18:40:39Z;2178;;2178
2025-03-17T18:40:40Z;1860;;1860
2025-03-17T18:40:42Z;2170;;2170
2025-03-17T18:40:43Z;1857;;1857
2025-03-17T18:40:45Z;2165;;2165
2025-03-17T18:40:47Z;1848;;1848
2025-03-17T18:40:48Z;2161;;2161
2025-03-17T18:40:50Z;1859;;1859
2025-03-17T18:40:52Z;2183;;2183
2025-03-17T18:40:53Z;1859;;1859
2025-03-17T18:40:55Z;2169;;2169
2025-03-17T18:40:56Z;1858;;1858
2025-03-17T18:40:59Z;1744;;1744
2025-03-17T18:41:00Z;2068;;2068
2025-03-17T18:41:01Z;2248;;2248
2025-03-17T18:41:03Z;1920;;1920
2025-03-17T18:41:04Z;2200;;2200
2025-03-17T18:41:06Z;1832;;1832
2025-03-17T18:41:07Z;1782;;1782
2025-03-17T18:41:08Z;2081;;2081
2025-03-17T18:41:13Z;2186;;2186
2025-03-17T18:41:14Z;1892;;1892
2025-03-17T18:41:15Z;2189;;2189
2025-03-17T18:41:16Z;1870;;1870
2025-03-17T18:41:31Z;1856;;1856
2025-03-17T18:41:33Z;2149;;2149
2025-03-17T18:41:35Z;1846;;1846
2025-03-17T18:41:36Z;2162;;2162
2025-03-17T18:41:38Z;1836;;1836
2025-03-17T18:41:40Z;2107;;2107
2025-03-17T18:41:41Z;1868;;1868
2025-03-17T18:41:43Z;2190;;2190
2025-03-17T18:41:44Z;1873;;1873
2025-03-17T18:41:46Z;2170;;2170
2025-03-17T18:41:47Z;1864;;1864
2025-03-17T18:41:49Z;2183;;2183
2025-03-17T18:41:51Z;1853;;1853
2025-03-17T18:41:52Z;2179;;2179
2025-03-17T18:41:54Z;1859;;1859
2025-03-17T18:41:56Z;2133;;2133
2025-03-17T18:41:57Z;1845;;1845
2025-03-17T18:42:04Z;2178;;2178
2025-03-17T18:42:05Z;1842;;1842
2025-03-17T18:42:06Z;2158;;2158
2025-03-17T18:42:07Z;1835;;1835
2025-03-17T18:42:08Z;2146;;2146
2025-03-17T18:42:10Z;1844;;1844
2025-03-17T18:42:12Z;2275;;2275
2025-03-17T18:42:13Z;1886;;1886
2025-03-17T18:42:15Z;2172;;2172
2025-03-17T18:42:16Z;1856;;1856
2025-03-17T18:42:18Z;2172;;2172
2025-03-17T18:42:19Z;1845;;1845
2025-03-17T18:42:21Z;2165;;2165
2025-03-17T18:42:23Z;1840;;1840
2025-03-17T18:42:25Z;2109;;2109
2025-03-17T18:42:26Z;1758;;1758
2025-03-17T18:42:28Z;2127;;2127
2025-03-17T18:42:29Z;1730;;1730
2025-03-17T18:42:31Z;2180;;2180
2025-03-17T18:42:32Z;1887;;1887
2025-03-17T18:42:34Z;2144;;2144
2025-03-17T18:42:35Z;1821;;1821
2025-03-17T18:42:50Z;2119;;2119
2025-03-17T18:42:51Z;1794;;1794
2025-03-17T18:42:53Z;2107;;2107
2025-03-17T18:42:55Z;1787;;1787
2025-03-17T18:42:56Z;2101;;2101
2025-03-17T18:42:58Z;1801;;1801
2025-03-17T18:43:00Z;2128;;2128
2025-03-17T18:43:01Z;1810;;1810
2025-03-17T18:43:03Z;2114;;2114
2025-03-17T18:43:04Z;1799;;1799
2025-03-17T18:43:06Z;2118;;2118
2025-03-17T18:43:07Z;1811;;1811
2025-03-17T18:43:09Z;2121;;2121
2025-03-17T18:43:11Z;1802;;1802
2025-03-17T18:43:12Z;2117;;2117
2025-03-17T18:43:14Z;1805;;1805
2025-03-17T18:43:16Z;2117;;2117
2025-03-17T18:43:17Z;1805;;1805
2025-03-17T18:43:19Z;2119;;2119
2025-03-17T18:43:20Z;1800;;1800
2025-03-17T18:43:22Z;2125;;2125
2025-03-17T18:43:23Z;1812;;1812
2025-03-17T18:43:25Z;2108;;2108
2025-03-17T18:43:26Z;2055;;2055
2025-03-17T18:43:27Z;1767;;1767
2025-03-17T18:43:29Z;2090;;2090
2025-03-17T18:43:33Z;1774;;1774
2025-03-17T18:43:35Z;2142;;2142
2025-03-17T18:43:36Z;1793;;1793
2025-03-17T18:43:38Z;2112;;2112
2025-03-17T18:43:39Z;1817;;1817
2025-03-17T18:43:41Z;2114;;2114
2025-03-17T18:43:43Z;1794;;1794
2025-03-17T18:43:44Z;2349;;2349
2025-03-17T18:43:46Z;1947;;1947
2025-03-17T18:43:47Z;3209;;3209
2025-03-17T18:43:48Z;3501;;3501
2025-03-17T18:43:50Z;3211;;3211
2025-03-17T18:43:51Z;3503;;3503
2025-03-17T18:43:52Z;3214;;3214
2025-03-17T18:44:08Z;3506;;3506
2025-03-17T18:44:10Z;3452;;3452
2025-03-17T18:44:11Z;3170;;3170
2025-03-17T18:44:14Z;2047;;2047
2025-03-17T18:44:15Z;1757;;1757
2025-03-17T18:44:16Z;2077;;2077
2025-03-17T18:44:18Z;1775;;1775
2025-03-17T18:44:19Z;1823;;1823
2025-03-17T18:44:21Z;1760;;1760
2025-03-17T18:44:23Z;2088;;2088
2025-03-17T18:44:24Z;1773;;1773
2025-03-17T18:44:26Z;2055;;2055
2025-03-17T18:44:27Z;1766;;1766
2025-03-17T18:44:29Z;2097;;2097
2025-03-17T18:44:31Z;1782;;1782
2025-03-17T18:44:32Z;2091;;2091
2025-03-17T18:44:34Z;1780;;1780
2025-03-17T18:44:35Z;1831;;1831
2025-03-17T18:44:36Z;2111;;2111
2025-03-17T18:44:38Z;1779;;1779
2025-03-17T18:44:39Z;2093;;2093
2025-03-17T18:44:40Z;1773;;1773
2025-03-17T18:44:42Z;2101;;2101
2025-03-17T18:44:43Z;1789;;1789
2025-03-17T18:44:45Z;2108;;2108
2025-03-17T18:44:47Z;1767;;1767
2025-03-17T18:44:48Z;2080;;2080
2025-03-17T18:44:50Z;1795;;1795
2025-03-17T18:44:52Z;2088;;2088
2025-03-17T18:44:53Z;1766;;1766
2025-03-17T18:44:55Z;2091;;2091
2025-03-17T18:44:56Z;1762;;1762
2025-03-17T18:44:58Z;2108;;2108
2025-03-17T18:44:59Z;1800;;1800
2025-03-17T18:45:01Z;2126;;2126
2025-03-17T18:45:02Z;;0;2126
2025-03-17T18:45:03Z;1770;;1770
2025-03-17T18:45:04Z;2086;;2086
2025-03-17T18:45:06Z;1777;;1777
2025-03-17T18:45:08Z;2111;;2111
2025-03-17T18:45:09Z;1775;;1775
2025-03-17T18:45:11Z;2098;;2098
2025-03-17T18:45:12Z;1781;;1781
2025-03-17T18:45:27Z;1775;;1775
2025-03-17T18:45:28Z;1776;;1776
2025-03-17T18:45:29Z;2085;;2085
2025-03-17T18:45:30Z;1758;;1758
2025-03-17T18:45:31Z;2065;;2065
2025-03-17T18:45:32Z;1766;;1766
2025-03-17T18:45:34Z;2094;;2094
2025-03-17T18:45:35Z;1772;;1772
2025-03-17T18:45:36Z;1749;;1749
2025-03-17T18:45:37Z;2095;;2095
2025-03-17T18:45:38Z;1781;;1781
2025-03-17T18:45:39Z;2090;;2090
2025-03-17T18:45:41Z;1768;;1768
2025-03-17T18:45:42Z;2059;;2059
2025-03-17T18:45:43Z;1750;;1750
2025-03-17T18:45:44Z;1448;;1448
2025-03-17T18:45:46Z;1035;;1035
2025-03-17T18:45:47Z;1380;;1380
2025-03-17T18:45:48Z;1042;;1042
2025-03-17T18:45:49Z;1378;;1378
2025-03-17T18:45:51Z;1083;;1083
2025-03-17T18:45:52Z;1369;;1369
2025-03-17T18:45:54Z;1031;;1031
2025-03-17T18:45:56Z;1358;;1358
2025-03-17T18:45:57Z;1067;;1067
2025-03-17T18:45:59Z;1374;;1374
2025-03-17T18:46:00Z;1083;;1083
2025-03-17T18:46:02Z;1393;;1393
2025-03-17T18:46:03Z;1045;;1045
2025-03-17T18:46:05Z;1366;;1366
2025-03-17T18:46:07Z;1030;;1030
2025-03-17T18:46:08Z;1353;;1353
2025-03-17T18:46:11Z;1040;;1040
2025-03-17T18:46:12Z;1735;;1735
2025-03-17T18:46:15Z;2004;;2004
2025-03-17T18:46:16Z;1721;;1721
2025-03-17T18:46:18Z;2077;;2077
2025-03-17T18:46:19Z;1770;;1770
2025-03-17T18:46:21Z;2083;;2083
2025-03-17T18:46:23Z;1761;;1761
2025-03-17T18:46:24Z;2074;;2074
2025-03-17T18:46:26Z;1756;;1756
2025-03-17T18:46:28Z;2088;;2088
2025-03-17T18:46:29Z;1768;;1768
2025-03-17T18:46:45Z;2106;;2106
2025-03-17T18:46:46Z;1772;;1772
2025-03-17T18:46:48Z;2098;;2098
2025-03-17T18:46:49Z;1773;;1773
2025-03-17T18:46:50Z;2079;;2079
2025-03-17T18:46:51Z;1773;;1773
2025-03-17T18:46:52Z;2093;;2093
2025-03-17T18:46:54Z;1779;;1779
2025-03-17T18:46:55Z;2102;;2102
2025-03-17T18:46:56Z;1795;;1795
2025-03-17T18:47:21Z;1118;;1118
2025-03-17T18:47:23Z;1239;;1239
2025-03-17T18:47:24Z;1022;;1022
2025-03-17T18:47:25Z;1405;;1405
2025-03-17T18:47:27Z;1568;;1568
2025-03-17T18:47:30Z;1094;;1094
2025-03-17T18:47:33Z;1361;;1361
2025-03-17T18:47:35Z;1526;;1526
2025-03-17T18:47:43Z;1805;;1805
2025-03-17T18:47:45Z;1439;;1439
2025-03-17T18:47:46Z;1840;;1840
2025-03-17T18:47:47Z;1102;;1102
2025-03-17T18:48:22Z;1317;;1317
2025-03-17T18:48:23Z;1007;;1007
2025-03-17T18:48:24Z;1409;;1409
2025-03-17T18:48:26Z;1592;;1592
2025-03-17T18:49:22Z;1040;;1040
2025-03-17T18:50:00Z;1110;;1110
2025-03-17T18:51:09Z;899;;899
2025-03-17T18:55:08Z;1153;;1153
2025-03-17T18:55:16Z;773;;773
2025-03-17T18:55:19Z;1212;;1212
2025-03-17T18:55:20Z;945;;945
2025-03-17T18:57:17Z;895;;895
2025-03-17T18:58:55Z;942;;942
2025-03-17T19:00:02Z;;0;942
2025-03-17T19:00:14Z;912;;912
2025-03-17T19:00:37Z;1475;;1475
2025-03-17T19:00:38Z;981;;981
2025-03-17T19:15:02Z;;0;981
2025-03-17T19:15:14Z;993;;993
2025-03-17T19:15:34Z;853;;853
2025-03-17T19:15:37Z;1027;;1027
2025-03-17T19:30:04Z;;0;1027
2025-03-17T19:30:14Z;982;;982
2025-03-17T19:35:40Z;836;;836
2025-03-17T19:35:43Z;1038;;1038
2025-03-17T19:35:51Z;860;;860
2025-03-17T19:35:54Z;1070;;1070
2025-03-17T19:36:50Z;2008;;2008
2025-03-17T19:36:51Z;1069;;1069
2025-03-17T19:41:56Z;2817;;2817
2025-03-17T19:42:07Z;1113;;1113
2025-03-17T19:42:08Z;2841;;2841
2025-03-17T19:42:09Z;1096;;1096
2025-03-17T19:42:18Z;2809;;2809
2025-03-17T19:45:02Z;;0;2809
2025-03-17T19:45:16Z;2831;;2831
2025-03-17T19:46:55Z;1027;;1027
2025-03-17T19:56:05Z;819;;819
2025-03-17T19:56:10Z;831;;831
2025-03-17T19:56:11Z;1375;;1375
2025-03-17T19:56:12Z;996;;996
2025-03-17T19:59:28Z;832;;832
2025-03-17T19:59:29Z;1408;;1408
2025-03-17T19:59:30Z;983;;983
2025-03-17T19:59:37Z;845;;845
2025-03-17T19:59:40Z;1391;;1391
2025-03-17T19:59:41Z;989;;989
2025-03-17T20:00:02Z;;0;989
2025-03-17T20:00:14Z;959;;959
2025-03-17T20:01:19Z;889;;889
2025-03-17T20:12:50Z;1551;;1551
2025-03-17T20:12:51Z;941;;941
2025-03-17T20:15:02Z;;0;941
2025-03-17T20:15:14Z;924;;924
2025-03-17T20:19:43Z;793;;793
2025-03-17T20:19:46Z;1297;;1297
2025-03-17T20:19:47Z;921;;921
2025-03-17T20:19:56Z;828;;828
2025-03-17T20:19:57Z;1159;;1159
2025-03-17T20:26:45Z;748;;748
2025-03-17T20:26:46Z;218;;218
2025-03-17T20:27:05Z;350;;350
2025-03-17T20:27:06Z;299;;299
2025-03-17T20:30:06Z;;0;299
2025-03-17T20:30:14Z;265;;265
2025-03-17T20:36:18Z;345;;345
2025-03-17T20:40:34Z;252;;252
2025-03-17T20:45:02Z;;0;252
2025-03-17T20:45:16Z;228;;228
2025-03-17T20:48:54Z;375;;375
2025-03-17T20:55:05Z;299;;299
2025-03-17T21:00:11Z;;0;299
2025-03-17T21:00:14Z;310;;310
2025-03-17T21:15:02Z;;0;310
2025-03-17T21:15:14Z;216;;216
2025-03-17T21:30:02Z;;0;216
2025-03-17T21:30:20Z;272;;272
2025-03-17T21:45:02Z;;0;272
2025-03-17T21:45:14Z;168;;168
2025-03-17T21:47:50Z;1973;;1973
2025-03-17T21:56:26Z;225;;225
2025-03-17T21:57:04Z;2050;;2050
2025-03-17T21:57:55Z;1411;;1411
2025-03-17T21:57:56Z;223;;223
2025-03-17T22:00:02Z;;0;223
2025-03-17T22:00:40Z;1262;;1262
2025-03-17T22:00:41Z;319;;319
2025-03-17T22:02:16Z;272;;272
2025-03-17T22:10:27Z;768;;768
2025-03-17T22:10:28Z;365;;365
2025-03-17T22:15:02Z;;0;365
2025-03-17T22:15:04Z;286;;286
2025-03-17T22:15:14Z;287;;287
2025-03-17T22:30:02Z;;0;287
2025-03-17T22:30:27Z;128;;128
2025-03-17T22:45:02Z;;0;128
2025-03-17T22:45:14Z;185;;185
2025-03-17T23:00:02Z;;0;185
2025-03-17T23:00:14Z;167;;167
2025-03-17T23:15:02Z;;0;167
2025-03-17T23:15:14Z;215;;215
2025-03-17T23:30:02Z;;0;215
2025-03-17T23:30:16Z;126;;126
2025-03-17T23:45:02Z;;0;126
2025-03-17T23:45:14Z;108;;108
2025-03-17T23:49:14Z;1377;;1377
2025-03-17T23:49:15Z;181;;181