timestamp;P_ex;P_pr;P_load
2025-12-20T00:00:12Z;;0;273
2025-12-20T00:00:23Z;218;;218
2025-12-20T00:15:12Z;;0;218
2025-12-20T00:15:23Z;208;;208
2025-12-20T00:19:04Z;1440;;1440
2025-12-20T00:19:05Z;250;;250
2025-12-20T00:29:26Z;309;;309
2025-12-20T00:30:12Z;;0;309
2025-12-20T00:30:17Z;262;;262
2025-12-20T00:30:23Z;268;;268
2025-12-20T00:31:18Z;412;;412
2025-12-20T00:31:19Z;263;;263
2025-12-20T00:45:14Z;;0;263
2025-12-20T00:45:23Z;177;;177
2025-12-20T01:00:12Z;;0;177
2025-12-20T01:00:24Z;203;;203
2025-12-20T01:04:51Z;1288;;1288
2025-12-20T01:04:52Z;286;;286
2025-12-20T01:15:12Z;;0;286
2025-12-20T01:15:23Z;285;;285
2025-12-20T01:19:37Z;1395;;1395
2025-12-20T01:19:38Z;379;;379
2025-12-20T01:20:18Z;270;;270
2025-12-20T01:30:12Z;;0;270
2025-12-20T01:30:23Z;286;;286
2025-12-20T01:45:12Z;;0;286
2025-12-20T01:45:23Z;224;;224
2025-12-20T02:00:12Z;;0;224
2025-12-20T02:00:23Z;238;;238
2025-12-20T02:15:13Z;;0;238
2025-12-20T02:15:23Z;178;;178
2025-12-20T02:30:12Z;;0;178
2025-12-20T02:30:23Z;205;;205
2025-12-20T02:36:05Z;1423;;1423
2025-12-20T02:36:06Z;273;;273
2025-12-20T02:45:12Z;;0;273
2025-12-20T02:45:23Z;268;;268
2025-12-20T03:00:12Z;;0;268
2025-12-20T03:00:23Z;201;;201
2025-12-20T03:15:12Z;;0;201
2025-12-20T03:15:23Z;207;;207
2025-12-20T03:28:53Z;1299;;1299
2025-12-20T03:28:54Z;323;;323
2025-12-20T03:29:27Z;277;;277
2025-12-20T03:30:12Z;;0;277
2025-12-20T03:30:23Z;293;;293
2025-12-20T03:45:12Z;;0;293
2025-12-20T03:45:23Z;173;;173
2025-12-20T04:00:12Z;;0;173
2025-12-20T04:00:23Z;198;;198
2025-12-20T04:07:13Z;1519;;1519
2025-12-20T04:07:14Z;270;;270
2025-12-20T04:15:12Z;;0;270
2025-12-20T04:15:23Z;256;;256
2025-12-20T04:30:12Z;;0;256
2025-12-20T04:30:23Z;205;;205
2025-12-20T04:45:12Z;;0;205
2025-12-20T04:45:23Z;201;;201
2025-12-20T04:53:04Z;1564;;1564
2025-12-20T04:53:05Z;290;;290
2025-12-20T05:00:12Z;;0;290
2025-12-20T05:00:23Z;272;;272
2025-12-20T05:15:12Z;;0;272
2025-12-20T05:15:23Z;197;;197
2025-12-20T05:30:12Z;;0;197
2025-12-20T05:30:23Z;181;;181
2025-12-20T05:35:21Z;712;;712
2025-12-20T05:35:22Z;276;;276
2025-12-20T05:38:42Z;1063;;1063
2025-12-20T05:38:43Z;305;;305
2025-12-20T05:45:12Z;;0;305
2025-12-20T05:45:23Z;318;;318
2025-12-20T05:47:15Z;253;;253
2025-12-20T06:00:12Z;;0;253
2025-12-20T06:00:24Z;248;;248
2025-12-20T06:15:12Z;;0;248
2025-12-20T06:15:24Z;211;;211
2025-12-20T06:30:12Z;;0;211
2025-12-20T06:30:23Z;272;;272
2025-12-20T06:33:24Z;346;;346
2025-12-20T06:33:25Z;251;;251
2025-12-20T06:45:12Z;;3;254
2025-12-20T06:45:23Z;189;;192
2025-12-20T06:50:03Z;;4;193
2025-12-20T06:56:52Z;359;;363
2025-12-20T06:56:54Z;1614;;1618
2025-12-20T06:58:21Z;174;;178
2025-12-20T06:59:14Z;360;;364
2025-12-20T06:59:16Z;286;;290
2025-12-20T07:00:11Z;;50;336
2025-12-20T07:00:24Z;266;;316
2025-12-20T07:02:03Z;335;;385
2025-12-20T07:02:09Z;2015;;2065
2025-12-20T07:03:48Z;2148;;2198
2025-12-20T07:04:11Z;2420;;2470
2025-12-20T07:05:05Z;2753;;2803
2025-12-20T07:05:17Z;2684;;2734
2025-12-20T07:05:20Z;2740;;2790
2025-12-20T07:05:58Z;2680;;2730
2025-12-20T07:06:00Z;2738;;2788
2025-12-20T07:07:08Z;3004;;3054
2025-12-20T07:08:14Z;3314;;3364
2025-12-20T07:09:08Z;3626;;3676
2025-12-20T07:09:44Z;3564;;3614
2025-12-20T07:09:45Z;3615;;3665
2025-12-20T07:09:51Z;3568;;3618
2025-12-20T07:10:25Z;3632;;3682
2025-12-20T07:10:29Z;3505;;3555
2025-12-20T07:10:32Z;3286;;3336
2025-12-20T07:10:33Z;3406;;3456
2025-12-20T07:10:35Z;3299;;3349
2025-12-20T07:11:13Z;3353;;3403
2025-12-20T07:12:08Z;3623;;3673
2025-12-20T07:13:21Z;3524;;3574
2025-12-20T07:13:24Z;3229;;3279
2025-12-20T07:15:06Z;3321;;3371
2025-12-20T07:15:11Z;;108;3429
2025-12-20T07:15:23Z;3572;;3680
2025-12-20T07:16:03Z;3265;;3373
2025-12-20T07:17:07Z;3315;;3423
2025-12-20T07:18:07Z;3649;;3757
2025-12-20T07:18:08Z;3588;;3696
2025-12-20T07:18:14Z;3231;;3339
2025-12-20T07:18:15Z;3310;;3418
2025-12-20T07:18:16Z;3249;;3357
2025-12-20T07:19:17Z;3302;;3410
2025-12-20T07:19:19Z;3241;;3349
2025-12-20T07:19:29Z;3303;;3411
2025-12-20T07:19:42Z;3243;;3351
2025-12-20T07:19:53Z;3305;;3413
2025-12-20T07:24:14Z;5202;;5310
2025-12-20T07:25:47Z;5072;;5180
2025-12-20T07:26:01Z;4791;;4899
2025-12-20T07:27:07Z;3269;;3377
2025-12-20T07:27:18Z;3329;;3437
2025-12-20T07:27:34Z;3276;;3384
2025-12-20T07:27:39Z;3333;;3441
2025-12-20T07:27:44Z;3274;;3382
2025-12-20T07:27:45Z;3350;;3458
2025-12-20T07:27:51Z;3280;;3388
2025-12-20T07:27:53Z;3333;;3441
2025-12-20T07:27:55Z;3270;;3378
2025-12-20T07:28:05Z;3353;;3461
2025-12-20T07:28:11Z;3283;;3391
2025-12-20T07:28:12Z;3337;;3445
2025-12-20T07:28:17Z;3289;;3397
2025-12-20T07:28:20Z;3351;;3459
2025-12-20T07:28:21Z;3280;;3388
2025-12-20T07:28:27Z;3349;;3457
2025-12-20T07:28:30Z;3297;;3405
2025-12-20T07:29:04Z;3371;;3479
2025-12-20T07:30:12Z;;202;3573
2025-12-20T07:30:23Z;3414;;3616
2025-12-20T07:35:04Z;3613;;3815
2025-12-20T07:35:14Z;3548;;3750
2025-12-20T07:35:18Z;3658;;3860
2025-12-20T07:35:21Z;3597;;3799
2025-12-20T07:36:03Z;3645;;3847
2025-12-20T07:36:04Z;3593;;3795
2025-12-20T07:36:10Z;2064;;2266
2025-12-20T07:38:46Z;2113;;2315
2025-12-20T07:41:31Z;2409;;2611
2025-12-20T07:41:52Z;2351;;2553
2025-12-20T07:41:59Z;2400;;2602
2025-12-20T07:42:21Z;2252;;2454
2025-12-20T07:43:54Z;2442;;2644
2025-12-20T07:45:12Z;;220;2662
2025-12-20T07:45:23Z;2503;;2723
2025-12-20T07:48:24Z;4272;;4492
2025-12-20T07:50:28Z;;254;4526
2025-12-20T07:50:29Z;;301;4573
2025-12-20T07:55:11Z;;298;4570
2025-12-20T07:56:27Z;4187;;4485
2025-12-20T07:56:30Z;4268;;4566
2025-12-20T07:56:38Z;4187;;4485
2025-12-20T07:56:42Z;;587;4774
2025-12-20T07:57:10Z;3889;;4476
2025-12-20T07:57:11Z;3935;;4522
2025-12-20T07:57:13Z;3889;;4476
2025-12-20T07:57:22Z;3937;;4524
2025-12-20T07:57:27Z;3888;;4475
2025-12-20T07:57:28Z;3939;;4526
2025-12-20T07:57:29Z;3889;;4476
2025-12-20T07:58:18Z;;899;4788
2025-12-20T07:58:25Z;1333;;2232
2025-12-20T07:59:14Z;;845;2178
2025-12-20T07:59:25Z;1293;;2138
2025-12-20T07:59:47Z;-305;;540
2025-12-20T08:00:11Z;;684;379
2025-12-20T08:00:23Z;-296;;388
2025-12-20T08:00:30Z;-343;;341
2025-12-20T08:01:00Z;;899;556
2025-12-20T08:01:40Z;-315;;584
2025-12-20T08:01:49Z;79;;978
2025-12-20T08:02:45Z;336;;1235
2025-12-20T08:04:53Z;605;;1504
2025-12-20T08:05:33Z;903;;1802
2025-12-20T08:05:34Z;627;;1526
2025-12-20T08:05:36Z;560;;1459
2025-12-20T08:05:41Z;612;;1511
2025-12-20T08:05:50Z;908;;1807
2025-12-20T08:06:20Z;838;;1737
2025-12-20T08:06:22Z;906;;1805
2025-12-20T08:06:24Z;850;;1749
2025-12-20T08:06:26Z;900;;1799
2025-12-20T08:06:32Z;843;;1742
2025-12-20T08:06:33Z;901;;1800
2025-12-20T08:06:45Z;788;;1687
2025-12-20T08:07:19Z;;854;1642
2025-12-20T08:07:24Z;2389;;3243
2025-12-20T08:07:25Z;2446;;3300
2025-12-20T08:07:35Z;2392;;3246
2025-12-20T08:07:36Z;2451;;3305
2025-12-20T08:08:44Z;2705;;3559
2025-12-20T08:09:12Z;2654;;3508
2025-12-20T08:09:16Z;2721;;3575
2025-12-20T08:09:18Z;2664;;3518
2025-12-20T08:09:30Z;2370;;3224
2025-12-20T08:09:39Z;2418;;3272
2025-12-20T08:09:41Z;2361;;3215
2025-12-20T08:10:00Z;;899;3260
2025-12-20T08:10:44Z;2410;;3309
2025-12-20T08:11:30Z;2352;;3251
2025-12-20T08:11:43Z;2457;;3356
2025-12-20T08:12:17Z;2388;;3287
2025-12-20T08:12:35Z;2098;;2997
2025-12-20T08:14:37Z;1783;;2682
2025-12-20T08:14:49Z;;1195;2978
2025-12-20T08:15:11Z;;1205;2988
2025-12-20T08:15:24Z;1737;;2942
2025-12-20T08:17:50Z;39;;1244
2025-12-20T08:17:53Z;-44;;1161
2025-12-20T08:18:40Z;69;;1274
2025-12-20T08:19:36Z;-22;;1183
2025-12-20T08:19:47Z;-18;;1187
2025-12-20T08:20:45Z;71;;1276
2025-12-20T08:29:44Z;-60;;1145
2025-12-20T08:30:13Z;;1418;1358
2025-12-20T08:30:24Z;-162;;1256
2025-12-20T08:32:57Z;49;;1467
2025-12-20T08:32:58Z;0;;1418
2025-12-20T08:33:08Z;-48;;1370
2025-12-20T08:33:15Z;49;;1467
2025-12-20T08:33:29Z;0;;1418
2025-12-20T08:35:43Z;73;;1491
2025-12-20T08:35:45Z;347;;1765
2025-12-20T08:35:46Z;80;;1498
2025-12-20T08:35:48Z;0;;1418
2025-12-20T08:36:49Z;82;;1500
2025-12-20T08:38:25Z;;1469;1551
2025-12-20T08:38:27Z;382;1078;1851
2025-12-20T08:38:28Z;238;;1316
2025-12-20T08:38:44Z;51;;1129
2025-12-20T08:39:01Z;46;;1124
2025-12-20T08:39:41Z;-104;;974
2025-12-20T08:42:12Z;509;;1587
2025-12-20T08:42:13Z;-141;;937
2025-12-20T08:43:07Z;;1501;1360
2025-12-20T08:43:09Z;;1501;1360
2025-12-20T08:43:15Z;;1494;1353
2025-12-20T08:43:53Z;;1498;1357
2025-12-20T08:43:57Z;-36;;1462
2025-12-20T08:44:22Z;-33;;1465
2025-12-20T08:44:28Z;17;;1515
2025-12-20T08:44:43Z;-47;;1451
2025-12-20T08:44:57Z;;1498;1451
2025-12-20T08:45:11Z;;1493;1446
2025-12-20T08:45:21Z;;1520;1473
2025-12-20T08:45:22Z;;1496;1449
2025-12-20T08:45:24Z;-90;;1406
2025-12-20T08:45:27Z;-74;;1422
2025-12-20T08:45:40Z;;1474;1400
2025-12-20T08:45:41Z;;1474;1400
2025-12-20T08:45:44Z;-49;;1425
2025-12-20T08:46:09Z;;1402;1353
2025-12-20T08:46:22Z;48;;1450
2025-12-20T08:46:49Z;;1202;1250
2025-12-20T08:46:54Z;300;;1502
2025-12-20T08:47:43Z;238;;1440
2025-12-20T08:47:44Z;;1232;1470
2025-12-20T08:48:42Z;;1199;1437
2025-12-20T08:48:48Z;311;;1510
2025-12-20T08:49:40Z;256;;1455
2025-12-20T08:53:27Z;302;;1501
2025-12-20T08:53:43Z;;899;1201
2025-12-20T08:55:07Z;;953;1255
2025-12-20T08:55:22Z;;892;1194
2025-12-20T08:56:05Z;600;;1492
2025-12-20T08:56:16Z;532;;1424
2025-12-20T08:56:34Z;617;;1509
2025-12-20T08:56:37Z;565;;1457
2025-12-20T08:56:38Z;614;;1506
2025-12-20T08:56:39Z;566;;1458
2025-12-20T08:56:41Z;615;;1507
2025-12-20T08:56:43Z;566;;1458
2025-12-20T08:56:46Z;616;;1508
2025-12-20T08:56:48Z;555;;1447
2025-12-20T08:57:20Z;;929;1484
2025-12-20T08:57:36Z;297;;1226
2025-12-20T08:58:04Z;355;;1284
2025-12-20T08:58:05Z;162;;1091
2025-12-20T08:58:10Z;;1195;1357
2025-12-20T08:58:22Z;0;;1195
2025-12-20T08:58:32Z;;1254;1254
2025-12-20T08:58:33Z;55;;1309
2025-12-20T08:58:34Z;;1239;1294
2025-12-20T08:58:37Z;;1214;1269
2025-12-20T08:58:46Z;324;;1538
2025-12-20T08:58:54Z;;911;1235
2025-12-20T08:59:18Z;607;;1518
2025-12-20T08:59:27Z;616;;1527
2025-12-20T09:00:11Z;;735;1351
2025-12-20T09:00:23Z;-549;;186
2025-12-20T09:01:07Z;-592;;143
2025-12-20T09:01:21Z;-590;;145
2025-12-20T09:02:06Z;;601;11
2025-12-20T09:02:57Z;-137;;464
2025-12-20T09:03:29Z;-324;;277
2025-12-20T09:03:31Z;-335;;266
2025-12-20T09:04:08Z;-300;;301
2025-12-20T09:04:16Z;-82;;519
2025-12-20T09:04:31Z;-284;;317
2025-12-20T09:05:12Z;-265;;336
2025-12-20T09:05:41Z;-302;;299
2025-12-20T09:05:55Z;-220;;381
2025-12-20T09:06:00Z;-332;;269
2025-12-20T09:06:02Z;-114;;487
2025-12-20T09:06:31Z;-275;;326
2025-12-20T09:06:44Z;-349;;252
2025-12-20T09:06:48Z;-291;;310
2025-12-20T09:07:27Z;-401;;200
2025-12-20T09:07:28Z;-252;;349
2025-12-20T09:08:22Z;;645;393
2025-12-20T09:10:05Z;-598;;47
2025-12-20T09:11:37Z;-645;;0
2025-12-20T09:11:58Z;-584;;61
2025-12-20T09:12:18Z;-628;;17
2025-12-20T09:12:53Z;-610;;35
2025-12-20T09:13:01Z;-555;;90
2025-12-20T09:13:34Z;-601;;44
2025-12-20T09:13:43Z;-554;;91
2025-12-20T09:15:11Z;;710;156
2025-12-20T09:15:24Z;-506;;204
2025-12-20T09:17:10Z;1319;;2029
2025-12-20T09:17:11Z;1528;;2238
2025-12-20T09:17:12Z;1374;;2084
2025-12-20T09:18:24Z;1675;;2385
2025-12-20T09:18:27Z;2822;;3532
2025-12-20T09:18:54Z;1461;;2171
2025-12-20T09:19:04Z;1523;;2233
2025-12-20T09:19:06Z;1461;;2171
2025-12-20T09:20:01Z;1533;;2243
2025-12-20T09:20:06Z;1483;;2193
2025-12-20T09:20:09Z;1533;;2243
2025-12-20T09:20:26Z;1479;;2189
2025-12-20T09:20:30Z;1530;;2240
2025-12-20T09:20:55Z;1478;;2188
2025-12-20T09:20:58Z;1544;;2254
2025-12-20T09:21:01Z;;589;2133
2025-12-20T09:21:03Z;1837;;2426
2025-12-20T09:21:05Z;1541;;2130
2025-12-20T09:21:06Z;;643;2184
2025-12-20T09:21:07Z;1495;;2138
2025-12-20T09:21:09Z;1543;;2186
2025-12-20T09:21:12Z;1496;;2139
2025-12-20T09:21:54Z;1546;;2189
2025-12-20T09:22:01Z;1497;;2140
2025-12-20T09:22:23Z;1604;;2247
2025-12-20T09:22:27Z;1499;;2142
2025-12-20T09:22:41Z;1514;;2157
2025-12-20T09:23:45Z;1455;;2098
2025-12-20T09:23:49Z;1524;;2167
2025-12-20T09:23:52Z;1451;;2094
2025-12-20T09:24:18Z;1509;;2152
2025-12-20T09:24:21Z;1440;;2083
2025-12-20T09:24:29Z;-402;;241
2025-12-20T09:25:42Z;115;;758
2025-12-20T09:25:44Z;-381;;262
2025-12-20T09:27:05Z;1304;;1947
2025-12-20T09:27:21Z;3044;;3687
2025-12-20T09:27:33Z;2993;;3636
2025-12-20T09:27:37Z;3051;;3694
2025-12-20T09:27:42Z;1355;;1998
2025-12-20T09:28:00Z;;897;2252
2025-12-20T09:28:25Z;1197;;2094
2025-12-20T09:28:35Z;;1220;2417
2025-12-20T09:28:37Z;881;;2101
2025-12-20T09:28:42Z;;1555;2436
2025-12-20T09:28:44Z;569;;2124
2025-12-20T09:28:47Z;;1828;2397
2025-12-20T09:28:50Z;276;;2104
2025-12-20T09:28:54Z;;2119;2395
2025-12-20T09:28:59Z;-32;;2087
2025-12-20T09:29:02Z;85;;2204
2025-12-20T09:29:30Z;;2038;2123
2025-12-20T09:29:32Z;379;;2417
2025-12-20T09:29:33Z;;1785;2164
2025-12-20T09:29:35Z;641;;2426
2025-12-20T09:29:36Z;;1468;2109
2025-12-20T09:29:38Z;962;;2430
2025-12-20T09:29:39Z;;1184;2146
2025-12-20T09:29:44Z;1212;;2396
2025-12-20T09:30:10Z;;894;2106
2025-12-20T09:30:15Z;;905;2117
2025-12-20T09:30:22Z;1291;;2196
2025-12-20T09:31:48Z;;941;2232
2025-12-20T09:32:17Z;1004;;1945
2025-12-20T09:32:52Z;1349;;2290
2025-12-20T09:32:53Z;1198;;2139
2025-12-20T09:32:57Z;1379;;2320
2025-12-20T09:33:01Z;1172;;2113
2025-12-20T09:33:08Z;1376;;2317
2025-12-20T09:33:11Z;1194;;2135
2025-12-20T09:33:32Z;;1190;2384
2025-12-20T09:33:38Z;899;;2089
2025-12-20T09:33:47Z;;1483;2382
2025-12-20T09:33:50Z;578;;2061
2025-12-20T09:33:53Z;;1767;2345
2025-12-20T09:33:57Z;281;;2048
2025-12-20T09:34:02Z;337;;2104
2025-12-20T09:34:12Z;284;;2051
2025-12-20T09:34:20Z;337;;2104
2025-12-20T09:34:26Z;;1730;2067
2025-12-20T09:34:27Z;610;;2340
2025-12-20T09:34:39Z;;1542;2152
2025-12-20T09:34:44Z;1099;;2641
2025-12-20T09:34:46Z;;1188;2287
2025-12-20T09:36:31Z;;1224;2323
2025-12-20T09:36:33Z;897;;2121
2025-12-20T09:36:41Z;;1476;2373
2025-12-20T09:36:44Z;586;;2062
2025-12-20T09:36:46Z;;1779;2365
2025-12-20T09:36:54Z;;1828;2414
2025-12-20T09:36:59Z;676;;2504
2025-12-20T09:37:00Z;;1490;2166
2025-12-20T09:37:26Z;921;;2411
2025-12-20T09:37:37Z;1018;;2508
2025-12-20T09:37:40Z;;1204;2222
2025-12-20T09:37:49Z;-902;;302
2025-12-20T09:38:05Z;-845;;359
2025-12-20T09:39:00Z;-906;;298
2025-12-20T09:39:01Z;;1226;320
2025-12-20T09:39:06Z;;1492;586
2025-12-20T09:39:07Z;-1280;;212
2025-12-20T09:39:10Z;;1854;574
2025-12-20T09:39:13Z;-1526;;328
2025-12-20T09:39:14Z;;2114;588
2025-12-20T09:39:15Z;-1809;;305
2025-12-20T09:39:33Z;-1770;;344
2025-12-20T09:39:39Z;-1757;;357
2025-12-20T09:39:57Z;-1804;;310
2025-12-20T09:39:58Z;;2022;218
2025-12-20T09:40:00Z;-1505;;517
2025-12-20T09:40:01Z;;1775;270
2025-12-20T09:40:04Z;;1494;-11
2025-12-20T09:40:05Z;-1161;;333
2025-12-20T09:40:08Z;-888;;606
2025-12-20T09:40:09Z;;1185;297
2025-12-20T09:40:56Z;-600;;585
2025-12-20T09:41:49Z;;897;297
2025-12-20T09:42:14Z;-654;;243
2025-12-20T09:42:19Z;-671;;226
2025-12-20T09:42:21Z;-553;;344
2025-12-20T09:42:49Z;-638;;259
2025-12-20T09:42:53Z;-602;;295
2025-12-20T09:43:17Z;-563;;334
2025-12-20T09:43:29Z;-614;;283
2025-12-20T09:43:47Z;-566;;331
2025-12-20T09:44:11Z;-626;;271
2025-12-20T09:44:14Z;-514;;383
2025-12-20T09:44:39Z;-607;;290
2025-12-20T09:44:44Z;-530;;367
2025-12-20T09:45:11Z;;801;271
2025-12-20T09:45:22Z;-518;;283
2025-12-20T09:49:52Z;-598;;203
2025-12-20T09:49:55Z;-613;;188
2025-12-20T09:50:21Z;-625;;176
2025-12-20T09:50:25Z;-555;;246
2025-12-20T09:50:37Z;-602;;199
2025-12-20T09:50:50Z;-294;;507
2025-12-20T09:50:52Z;-572;;229
2025-12-20T09:55:55Z;-166;;635
2025-12-20T09:55:58Z;-332;;469
2025-12-20T09:56:07Z;-283;;518
2025-12-20T09:56:09Z;-344;;457
2025-12-20T09:56:47Z;-77;;724
2025-12-20T09:57:08Z;-323;;478
2025-12-20T09:57:10Z;-241;;560
2025-12-20T09:57:11Z;-388;;413
2025-12-20T09:57:16Z;-204;;597
2025-12-20T09:57:37Z;-242;;559
2025-12-20T09:58:00Z;-417;;384
2025-12-20T09:58:03Z;-312;;489
2025-12-20T09:58:57Z;-409;;392
2025-12-20T09:58:59Z;-279;;522
2025-12-20T10:00:11Z;;664;385
2025-12-20T10:00:22Z;-421;;243
2025-12-20T10:01:37Z;-436;;228
2025-12-20T10:01:39Z;116;;780
2025-12-20T10:01:47Z;162;;826
2025-12-20T10:09:33Z;-542;;122
2025-12-20T10:09:53Z;-512;;152
2025-12-20T10:11:43Z;529;;1193
2025-12-20T10:11:45Z;-366;;298
2025-12-20T10:14:34Z;-501;;163
2025-12-20T10:14:36Z;-436;;228
2025-12-20T10:15:11Z;;757;321
2025-12-20T10:15:25Z;-473;;284
2025-12-20T10:19:19Z;-432;;325
2025-12-20T10:19:39Z;-163;;594
2025-12-20T10:19:41Z;-369;;388
2025-12-20T10:20:01Z;-200;;557
2025-12-20T10:20:45Z;-369;;388
2025-12-20T10:20:48Z;-253;;504
2025-12-20T10:21:26Z;;608;355
2025-12-20T10:21:29Z;-343;;265
2025-12-20T10:21:31Z;-325;;283
2025-12-20T10:21:34Z;-336;;272
2025-12-20T10:21:37Z;-252;;356
2025-12-20T10:21:53Z;-345;;263
2025-12-20T10:21:55Z;-253;;355
2025-12-20T10:22:56Z;-269;;339
2025-12-20T10:23:35Z;-312;;296
2025-12-20T10:25:38Z;;634;322
2025-12-20T10:30:13Z;;700;388
2025-12-20T10:30:23Z;-503;;197
2025-12-20T10:36:34Z;-507;;193
2025-12-20T10:36:36Z;-272;;428
2025-12-20T10:38:06Z;-232;;468
2025-12-20T10:38:07Z;-420;;280
2025-12-20T10:39:04Z;-431;;269
2025-12-20T10:39:06Z;-194;;506
2025-12-20T10:40:18Z;-291;;409
2025-12-20T10:40:21Z;-283;;417
2025-12-20T10:45:11Z;;790;507
2025-12-20T10:45:23Z;-586;;204
2025-12-20T10:45:32Z;-592;;198
2025-12-20T10:47:04Z;-673;;117
2025-12-20T10:47:08Z;-506;;284
2025-12-20T10:47:26Z;-460;;330
2025-12-20T10:47:28Z;-502;;288
2025-12-20T10:47:30Z;;903;401
2025-12-20T10:47:46Z;-707;;196
2025-12-20T10:47:50Z;-490;;413
2025-12-20T10:48:08Z;-636;;267
2025-12-20T10:48:10Z;-556;;347
2025-12-20T10:48:57Z;-730;;173
2025-12-20T10:48:59Z;-508;;395
2025-12-20T10:50:27Z;-598;;305
2025-12-20T10:51:02Z;-643;;260
2025-12-20T10:51:40Z;-611;;292
2025-12-20T10:51:42Z;-583;;320
2025-12-20T10:53:33Z;;1201;618
2025-12-20T10:53:34Z;-887;;314
2025-12-20T10:54:34Z;-1197;;4
2025-12-20T10:54:46Z;;1511;314
2025-12-20T10:55:12Z;;1486;289
2025-12-20T10:55:36Z;;1529;332
2025-12-20T10:56:00Z;-1512;;17
2025-12-20T10:56:08Z;;1849;337
2025-12-20T10:56:19Z;-1807;;42
2025-12-20T10:56:23Z;;2123;316
2025-12-20T10:56:38Z;;2119;312
2025-12-20T10:56:40Z;-1782;;337
2025-12-20T10:56:54Z;-1779;;340
2025-12-20T10:56:56Z;;2121;342
2025-12-20T10:57:17Z;;2404;625
2025-12-20T10:57:18Z;-2101;;303
2025-12-20T10:57:20Z;;2384;283
2025-12-20T10:57:21Z;-2121;;263
2025-12-20T10:57:27Z;-1814;;570
2025-12-20T10:57:28Z;;2083;269
2025-12-20T10:57:33Z;;2086;272
2025-12-20T10:57:34Z;-1837;;249
2025-12-20T10:57:37Z;-1779;;307
2025-12-20T10:57:38Z;;2068;289
2025-12-20T10:58:03Z;-1533;;535
2025-12-20T10:58:04Z;;1813;280
2025-12-20T10:59:05Z;-1200;;613
2025-12-20T10:59:14Z;-1233;;580
2025-12-20T10:59:54Z;;1826;593
2025-12-20T10:59:56Z;-1507;;319
2025-12-20T11:00:11Z;;2030;523
2025-12-20T11:00:16Z;-1498;;532
2025-12-20T11:00:19Z;;1792;294
2025-12-20T11:00:23Z;-1487;;305
2025-12-20T11:01:02Z;-1526;;266
2025-12-20T11:01:03Z;;1831;305
2025-12-20T11:01:15Z;;2122;596
2025-12-20T11:01:18Z;-1812;;310
2025-12-20T11:01:23Z;-1764;;358
2025-12-20T11:01:24Z;;2023;259
2025-12-20T11:01:44Z;;1790;26
2025-12-20T11:01:47Z;-1476;;314
2025-12-20T11:02:13Z;-1176;;614
2025-12-20T11:02:15Z;;1491;315
2025-12-20T11:02:22Z;;1551;375
2025-12-20T11:02:25Z;-1239;;312
2025-12-20T11:03:12Z;-1505;;46
2025-12-20T11:03:13Z;;1811;306
2025-12-20T11:03:18Z;;1750;245
2025-12-20T11:03:19Z;-1441;;309
2025-12-20T11:03:52Z;;1509;68
2025-12-20T11:03:55Z;-1167;;342
2025-12-20T11:04:00Z;-1202;;307
2025-12-20T11:04:01Z;;1541;339
2025-12-20T11:04:33Z;;1515;313
2025-12-20T11:04:34Z;-1184;;331
2025-12-20T11:04:37Z;-1180;;335
2025-12-20T11:04:39Z;;1595;415
2025-12-20T11:04:42Z;;1833;653
2025-12-20T11:04:43Z;-1523;;310
2025-12-20T11:04:49Z;;1790;267
2025-12-20T11:04:50Z;-1480;;310
2025-12-20T11:04:55Z;-1204;;586
2025-12-20T11:04:56Z;;1469;265
2025-12-20T11:05:01Z;;1486;282
2025-12-20T11:05:03Z;-1229;;257
2025-12-20T11:05:21Z;;1476;247
2025-12-20T11:05:22Z;-1176;;300
2025-12-20T11:05:24Z;;1503;327
2025-12-20T11:05:28Z;-1209;;294
2025-12-20T11:05:30Z;;1844;635
2025-12-20T11:05:31Z;-1542;;302
2025-12-20T11:05:34Z;;1816;274
2025-12-20T11:05:35Z;-1512;;304
2025-12-20T11:05:43Z;;1784;272
2025-12-20T11:05:51Z;;1755;243
2025-12-20T11:06:23Z;;1842;330
2025-12-20T11:06:24Z;-1540;;302
2025-12-20T11:06:33Z;;2129;589
2025-12-20T11:06:36Z;-1822;;307
2025-12-20T11:06:37Z;;2327;505
2025-12-20T11:06:38Z;-2084;;243
2025-12-20T11:06:51Z;-2049;;278
2025-12-20T11:06:52Z;;2270;221
2025-12-20T11:06:55Z;;2081;32
2025-12-20T11:06:58Z;-1773;;308
2025-12-20T11:07:00Z;-1794;2089;287
2025-12-20T11:07:42Z;;2376;582
2025-12-20T11:07:43Z;-2103;;273
2025-12-20T11:07:54Z;;2386;283
2025-12-20T11:07:56Z;-2055;;331
2025-12-20T11:08:05Z;;2430;375
2025-12-20T11:08:06Z;-2110;;320
2025-12-20T11:08:52Z;-2055;2381;375
2025-12-20T11:08:55Z;;2424;369
2025-12-20T11:08:56Z;-2108;;316
2025-12-20T11:09:09Z;;2388;280
2025-12-20T11:09:10Z;-2078;;310
2025-12-20T11:09:31Z;-2082;;306
2025-12-20T11:09:32Z;;2371;289
2025-12-20T11:10:24Z;-2034;;337
2025-12-20T11:10:25Z;;2328;294
2025-12-20T11:10:35Z;-1788;;540
2025-12-20T11:10:36Z;;2069;281
2025-12-20T11:10:46Z;;1827;39
2025-12-20T11:10:49Z;-1506;;321
2025-12-20T11:10:55Z;-1129;;698
2025-12-20T11:11:07Z;;1503;374
2025-12-20T11:11:27Z;;1541;412
2025-12-20T11:11:36Z;-1233;;308
2025-12-20T11:11:39Z;;1799;566
2025-12-20T11:11:40Z;;1770;537
2025-12-20T11:11:42Z;-1209;;561
2025-12-20T11:11:46Z;;1480;271
2025-12-20T11:12:01Z;;1511;302
2025-12-20T11:12:04Z;;1478;269
2025-12-20T11:12:13Z;-353;;1125
2025-12-20T11:12:14Z;-860;;618
2025-12-20T11:12:15Z;-351;;1127
2025-12-20T11:12:17Z;-581;;897
2025-12-20T11:12:20Z;-714;;764
2025-12-20T11:12:24Z;-491;;987
2025-12-20T11:13:00Z;;1199;708
2025-12-20T11:14:34Z;;1238;747
2025-12-20T11:14:47Z;-620;;618
2025-12-20T11:15:13Z;;1377;757
2025-12-20T11:15:23Z;-685;;692
2025-12-20T11:15:24Z;;1497;812
2025-12-20T11:15:34Z;;1453;768
2025-12-20T11:16:18Z;-469;;984
2025-12-20T11:16:22Z;-616;;837
2025-12-20T11:18:39Z;-574;;879
2025-12-20T11:19:12Z;-610;;843
2025-12-20T11:19:40Z;-579;;874
2025-12-20T11:20:16Z;;1202;623
2025-12-20T11:20:24Z;-345;;857
2025-12-20T11:20:26Z;-209;;993
2025-12-20T11:21:53Z;;986;777
2025-12-20T11:21:54Z;-315;;671
2025-12-20T11:21:55Z;;1019;704
2025-12-20T11:21:58Z;-327;;692
2025-12-20T11:22:39Z;-322;;697
2025-12-20T11:22:58Z;-288;;731
2025-12-20T11:23:48Z;-45;;974
2025-12-20T11:24:27Z;1558;;2577
2025-12-20T11:24:51Z;;898;2456
2025-12-20T11:26:20Z;1722;;2620
2025-12-20T11:26:31Z;-36;;862
2025-12-20T11:27:38Z;-23;;875
2025-12-20T11:28:47Z;-50;;848
2025-12-20T11:29:51Z;190;;1088
2025-12-20T11:30:11Z;;845;1035
2025-12-20T11:30:24Z;-27;;818
2025-12-20T11:30:39Z;-44;;801
2025-12-20T11:31:09Z;-41;;804
2025-12-20T11:32:23Z;-45;;800
2025-12-20T11:32:38Z;-42;;803
2025-12-20T11:32:50Z;-43;;802
2025-12-20T11:34:27Z;-28;;817
2025-12-20T11:36:58Z;67;;912
2025-12-20T11:40:44Z;-33;;812
2025-12-20T11:41:05Z;;942;909
2025-12-20T11:41:49Z;122;;1064
2025-12-20T11:41:51Z;-64;;878
2025-12-20T11:42:10Z;;1196;1132
2025-12-20T11:42:11Z;-337;;859
2025-12-20T11:42:14Z;;1216;879
2025-12-20T11:42:15Z;-252;;964
2025-12-20T11:42:22Z;;1224;972
2025-12-20T11:42:25Z;;1449;1197
2025-12-20T11:42:26Z;-319;;1130
2025-12-20T11:42:40Z;-586;;863
2025-12-20T11:42:41Z;;1452;866
2025-12-20T11:42:47Z;;1190;604
2025-12-20T11:42:50Z;-295;;895
2025-12-20T11:42:58Z;-161;;1029
2025-12-20T11:44:28Z;862;;2052
2025-12-20T11:44:29Z;-128;;1062
2025-12-20T11:45:11Z;;1132;1004
2025-12-20T11:45:23Z;-166;;966
2025-12-20T11:48:15Z;;1243;1077
2025-12-20T11:48:25Z;-294;;949
2025-12-20T11:48:38Z;-267;;976
2025-12-20T11:50:06Z;-318;;925
2025-12-20T11:50:15Z;-246;;997
2025-12-20T11:50:17Z;130;;1373
2025-12-20T11:50:18Z;492;1467;1735
2025-12-20T11:50:22Z;1254;;2721
2025-12-20T11:50:23Z;1598;;3065
2025-12-20T11:50:24Z;1463;;2930
2025-12-20T11:50:36Z;;1462;2925
2025-12-20T11:50:40Z;1518;;2980
2025-12-20T11:50:48Z;1827;;3289
2025-12-20T11:50:50Z;1654;;3116
2025-12-20T11:51:55Z;1413;;2875
2025-12-20T11:51:56Z;1548;;3010
2025-12-20T11:52:04Z;1498;;2960
2025-12-20T11:52:05Z;1568;;3030
2025-12-20T11:52:44Z;1496;;2958
2025-12-20T11:52:47Z;;1463;2959
2025-12-20T11:52:49Z;1768;;3231
2025-12-20T11:52:51Z;1299;;2762
2025-12-20T11:52:59Z;1192;;2655
2025-12-20T11:53:00Z;1258;;2721
2025-12-20T11:53:02Z;1826;;3289
2025-12-20T11:53:03Z;1429;;2892
2025-12-20T11:53:05Z;1634;;3097
2025-12-20T11:53:06Z;1462;;2925
2025-12-20T11:53:50Z;1173;;2636
2025-12-20T11:53:51Z;;1792;2965
2025-12-20T11:54:00Z;882;;2674
2025-12-20T11:54:01Z;;2124;3006
2025-12-20T11:54:14Z;;2080;2962
2025-12-20T11:54:15Z;944;;3024
2025-12-20T11:54:40Z;;1827;2771
2025-12-20T11:54:45Z;1205;;3032
2025-12-20T11:54:55Z;1527;;3354
2025-12-20T11:54:56Z;1320;;3147
2025-12-20T11:55:18Z;;1475;2795
2025-12-20T11:55:28Z;;1503;2823
2025-12-20T11:55:35Z;;1445;2765
2025-12-20T11:55:45Z;;1515;2835
2025-12-20T11:55:53Z;1161;;2676
2025-12-20T11:55:54Z;;1780;2941
2025-12-20T11:56:04Z;;1754;2915
2025-12-20T11:56:06Z;1249;;3003
2025-12-20T11:56:09Z;1199;;2953
2025-12-20T11:56:20Z;;1829;3028
2025-12-20T11:56:25Z;849;;2678
2025-12-20T11:56:26Z;;2139;2988
2025-12-20T11:56:29Z;;2370;3219
2025-12-20T11:56:32Z;534;;2904
2025-12-20T11:56:44Z;;2327;2861
2025-12-20T11:56:46Z;629;;2956
2025-12-20T11:56:50Z;;2043;2672
2025-12-20T11:56:51Z;936;;2979
2025-12-20T11:57:03Z;858;;2901
2025-12-20T11:57:05Z;;2136;2994
2025-12-20T11:57:14Z;583;;2719
2025-12-20T11:57:15Z;758;;2894
2025-12-20T11:57:18Z;1956;;4092
2025-12-20T11:57:20Z;2117;;4253
2025-12-20T11:57:21Z;;2125;4242
2025-12-20T11:57:30Z;;2134;4251
2025-12-20T11:57:37Z;2008;;4142
2025-12-20T11:57:43Z;2112;;4246
2025-12-20T11:57:46Z;2037;;4171
2025-12-20T11:58:12Z;;2408;4445
2025-12-20T11:58:15Z;;2371;4408
2025-12-20T11:58:22Z;2101;;4472
2025-12-20T11:58:26Z;2035;;4406
2025-12-20T11:58:45Z;631;;3002
2025-12-20T11:59:04Z;585;;2956
2025-12-20T11:59:17Z;904;;3275
2025-12-20T11:59:31Z;527;;2898
2025-12-20T11:59:36Z;601;;2972
2025-12-20T12:00:11Z;;2124;2725
2025-12-20T12:00:25Z;669;;2793
2025-12-20T12:00:30Z;1687;;3811
2025-12-20T12:00:31Z;740;;2864
2025-12-20T12:00:39Z;;2088;2828
2025-12-20T12:00:40Z;900;;2988
2025-12-20T12:00:49Z;;1791;2691
2025-12-20T12:00:53Z;1223;;3014
2025-12-20T12:01:09Z;1156;;2947
2025-12-20T12:01:18Z;1222;;3013
2025-12-20T12:01:42Z;1173;;2964
2025-12-20T12:01:44Z;;1844;3017
2025-12-20T12:03:23Z;-573;;1271
2025-12-20T12:03:24Z;-308;;1536
2025-12-20T12:03:27Z;143;;1987
2025-12-20T12:03:29Z;375;;2219
2025-12-20T12:03:34Z;604;;2448
2025-12-20T12:03:37Z;555;;2399
2025-12-20T12:03:45Z;616;;2460
2025-12-20T12:03:47Z;910;;2754
2025-12-20T12:03:49Z;2027;;3871
2025-12-20T12:03:50Z;;1804;3831
2025-12-20T12:03:54Z;2116;;3920
2025-12-20T12:03:56Z;2064;;3868
2025-12-20T12:04:02Z;2110;;3914
2025-12-20T12:04:03Z;2013;;3817
2025-12-20T12:04:12Z;;1847;3860
2025-12-20T12:04:16Z;1785;;3632
2025-12-20T12:05:46Z;149;;1996
2025-12-20T12:07:15Z;1296;;3143
2025-12-20T12:07:16Z;184;;2031
2025-12-20T12:09:06Z;127;;1974
2025-12-20T12:09:08Z;-498;;1349
2025-12-20T12:09:10Z;-377;;1470
2025-12-20T12:09:11Z;315;;2162
2025-12-20T12:09:14Z;649;;2496
2025-12-20T12:10:17Z;933;;2780
2025-12-20T12:10:19Z;1224;;3071
2025-12-20T12:10:21Z;2143;;3990
2025-12-20T12:11:04Z;859;;2706
2025-12-20T12:11:12Z;950;;2797
2025-12-20T12:11:15Z;2174;;4021
2025-12-20T12:11:26Z;1805;;3652
2025-12-20T12:11:27Z;800;;2647
2025-12-20T12:11:28Z;1014;;2861
2025-12-20T12:11:30Z;2162;;4009
2025-12-20T12:11:33Z;830;;2677
2025-12-20T12:11:34Z;916;;2763
2025-12-20T12:11:58Z;515;;2362
2025-12-20T12:12:13Z;;1803;2318
2025-12-20T12:12:49Z;-335;;1468
2025-12-20T12:13:03Z;-323;;1480
2025-12-20T12:13:07Z;65;;1868
2025-12-20T12:13:19Z;77;;1880
2025-12-20T12:13:24Z;-333;;1470
2025-12-20T12:13:28Z;-376;;1427
2025-12-20T12:13:29Z;-315;;1488
2025-12-20T12:13:32Z;105;;1908
2025-12-20T12:14:18Z;;1847;1952
2025-12-20T12:15:02Z;54;;1901
2025-12-20T12:15:04Z;-84;;1763
2025-12-20T12:15:11Z;;1865;1781
2025-12-20T12:15:24Z;-860;;1005
2025-12-20T12:15:35Z;;1813;953
2025-12-20T12:16:27Z;-685;;1128
2025-12-20T12:17:20Z;-650;;1163
2025-12-20T12:17:44Z;;1843;1193
2025-12-20T12:18:27Z;;1778;1128
2025-12-20T12:19:50Z;-601;;1177
2025-12-20T12:19:59Z;-661;;1117
2025-12-20T12:20:35Z;;1801;1140
2025-12-20T12:22:12Z;;1740;1079
2025-12-20T12:22:15Z;-576;;1164
2025-12-20T12:22:18Z;-515;;1225
2025-12-20T12:22:24Z;;1766;1251
2025-12-20T12:23:44Z;;1770;1255
2025-12-20T12:24:57Z;;1814;1299
2025-12-20T12:27:07Z;;1773;1258
2025-12-20T12:27:47Z;-599;;1174
2025-12-20T12:27:49Z;;1561;962
2025-12-20T12:27:51Z;-326;;1235
2025-12-20T12:27:53Z;;1224;898
2025-12-20T12:27:56Z;;1254;928
2025-12-20T12:27:59Z;-452;;802
2025-12-20T12:28:00Z;;1531;1079
2025-12-20T12:28:03Z;-590;;941
2025-12-20T12:28:56Z;-220;;1311
2025-12-20T12:29:05Z;-698;;833
2025-12-20T12:29:14Z;-548;;983
2025-12-20T12:29:20Z;-608;;923
2025-12-20T12:29:50Z;-545;;986
2025-12-20T12:30:15Z;;1676;1131
2025-12-20T12:30:23Z;-457;1544;1219
2025-12-20T12:30:25Z;;1310;853
2025-12-20T12:30:28Z;;879;422
2025-12-20T12:30:30Z;;642;185
2025-12-20T12:30:32Z;-400;;242
2025-12-20T12:30:33Z;110;;752
2025-12-20T12:30:34Z;414;;1056
2025-12-20T12:30:39Z;;632;1046
2025-12-20T12:31:07Z;;843;1257
2025-12-20T12:31:08Z;292;;1135
2025-12-20T12:31:19Z;;1121;1413
2025-12-20T12:31:20Z;-23;;1098
2025-12-20T12:31:22Z;;1461;1438
2025-12-20T12:31:25Z;-252;;1209
2025-12-20T12:33:21Z;-521;;940
2025-12-20T12:33:24Z;-671;;790
2025-12-20T12:33:32Z;-522;;939
2025-12-20T12:33:35Z;-661;;800
2025-12-20T12:37:27Z;493;;1954
2025-12-20T12:45:13Z;;1624;2117
2025-12-20T12:45:23Z;-443;;1181
2025-12-20T12:46:18Z;;1446;1003
2025-12-20T12:46:19Z;-269;;1177
2025-12-20T12:46:23Z;;1503;1234
2025-12-20T12:46:29Z;;1402;1133
2025-12-20T12:46:32Z;46;1174;1448
2025-12-20T12:46:33Z;367;;1541
2025-12-20T12:46:36Z;;827;1194
2025-12-20T12:46:39Z;635;;1462
2025-12-20T12:46:43Z;583;915;1410
2025-12-20T12:46:53Z;;841;1424
2025-12-20T12:46:55Z;651;;1492
2025-12-20T12:47:02Z;562;913;1403
2025-12-20T12:47:09Z;287;;1200
2025-12-20T12:47:11Z;;1209;1496
2025-12-20T12:47:18Z;-8;;1201
2025-12-20T12:47:19Z;;1507;1499
2025-12-20T12:47:36Z;;1427;1419
2025-12-20T12:47:37Z;83;;1510
2025-12-20T12:47:42Z;;1173;1256
2025-12-20T12:47:43Z;422;;1595
2025-12-20T12:47:44Z;;891;1313
2025-12-20T12:47:46Z;621;;1512
2025-12-20T12:48:06Z;541;914;1432
2025-12-20T12:48:14Z;;1191;1732
2025-12-20T12:48:17Z;262;;1453
2025-12-20T12:48:21Z;;1504;1766
2025-12-20T12:48:22Z;-44;;1460
2025-12-20T12:51:00Z;;1500;1456
2025-12-20T12:51:04Z;59;;1559
2025-12-20T12:51:11Z;;1217;1276
2025-12-20T12:51:12Z;320;;1537
2025-12-20T12:51:17Z;;858;1178
2025-12-20T12:51:19Z;628;;1486
2025-12-20T12:51:21Z;;889;1517
2025-12-20T12:51:23Z;566;;1455
2025-12-20T12:51:29Z;;1246;1812
2025-12-20T12:51:32Z;226;;1472
2025-12-20T12:51:39Z;;1227;1453
2025-12-20T12:51:40Z;316;;1543
2025-12-20T12:51:43Z;;915;1231
2025-12-20T12:51:45Z;618;;1533
2025-12-20T12:52:11Z;546;;1461
2025-12-20T12:52:12Z;;915;1461
2025-12-20T12:52:14Z;;1170;1716
2025-12-20T12:52:17Z;274;;1444
2025-12-20T12:52:18Z;;1450;1724
2025-12-20T12:52:21Z;-1;;1449
2025-12-20T12:53:24Z;-181;;1269
2025-12-20T12:53:39Z;-580;;870
2025-12-20T12:53:41Z;-655;;795
2025-12-20T12:53:50Z;-508;;942
2025-12-20T12:53:52Z;-640;;810
2025-12-20T12:54:41Z;;1467;827
2025-12-20T12:54:44Z;-272;;1195
2025-12-20T12:54:51Z;;1188;916
2025-12-20T12:55:04Z;-54;;1134
2025-12-20T12:55:12Z;;1238;1184
2025-12-20T12:55:19Z;-320;;918
2025-12-20T12:55:26Z;;1515;1195
2025-12-20T13:00:08Z;-567;;948
2025-12-20T13:00:13Z;;1719;1152
2025-12-20T13:00:23Z;-602;;1117
2025-12-20T13:01:31Z;;1684;1082
2025-12-20T13:01:32Z;-379;;1305
2025-12-20T13:01:33Z;;1617;1238
2025-12-20T13:01:34Z;-609;;1008
2025-12-20T13:02:34Z;-548;;1069
2025-12-20T13:02:39Z;-613;;1004
2025-12-20T13:03:27Z;-568;;1049
2025-12-20T13:03:37Z;-612;;1005
2025-12-20T13:03:55Z;-629;;988
2025-12-20T13:03:57Z;-558;;1059
2025-12-20T13:03:59Z;-599;;1018
2025-12-20T13:04:04Z;-568;;1049
2025-12-20T13:04:07Z;-611;;1006
2025-12-20T13:04:11Z;-614;;1003
2025-12-20T13:04:20Z;-573;;1044
2025-12-20T13:04:37Z;;1510;937
2025-12-20T13:04:41Z;-135;;1375
2025-12-20T13:04:43Z;-309;;1201
2025-12-20T13:04:46Z;-274;;1236
2025-12-20T13:05:13Z;;1202;928
2025-12-20T13:05:56Z;;1239;965
2025-12-20T13:06:03Z;;1209;935
2025-12-20T13:06:30Z;74;;1283
2025-12-20T13:07:06Z;333;;1542
2025-12-20T13:07:08Z;217;;1426
2025-12-20T13:07:38Z;;895;1112
2025-12-20T13:07:44Z;;973;1190
2025-12-20T13:07:49Z;398;;1371
2025-12-20T13:07:51Z;236;;1209
2025-12-20T13:07:54Z;;896;1132
2025-12-20T13:08:12Z;309;;1205
2025-12-20T13:08:23Z;261;;1157
2025-12-20T13:08:32Z;412;;1308
2025-12-20T13:08:44Z;294;;1190
2025-12-20T13:08:53Z;517;;1413
2025-12-20T13:09:06Z;296;;1192
2025-12-20T13:09:16Z;386;;1282
2025-12-20T13:09:31Z;298;;1194
2025-12-20T13:09:36Z;509;;1405
2025-12-20T13:09:48Z;283;;1179
2025-12-20T13:09:57Z;344;;1240
2025-12-20T13:10:06Z;295;;1191
2025-12-20T13:10:08Z;938;;1834
2025-12-20T13:10:09Z;2086;;2982
2025-12-20T13:10:13Z;2139;;3035
2025-12-20T13:10:20Z;2091;;2987
2025-12-20T13:10:31Z;2270;;3166
2025-12-20T13:10:34Z;2072;;2968
2025-12-20T13:10:52Z;2225;;3121
2025-12-20T13:10:56Z;2080;;2976
2025-12-20T13:11:12Z;;928;3008
2025-12-20T13:11:27Z;1796;;2724
2025-12-20T13:11:35Z;1997;;2925
2025-12-20T13:11:38Z;1768;;2696
2025-12-20T13:12:04Z;;1199;2967
2025-12-20T13:12:18Z;1909;;3108
2025-12-20T13:12:20Z;1737;;2936
2025-12-20T13:12:39Z;1942;;3141
2025-12-20T13:12:42Z;1796;;2995
2025-12-20T13:12:45Z;;1156;2952
2025-12-20T13:12:48Z;1844;;3000
2025-12-20T13:12:53Z;1795;;2951
2025-12-20T13:13:02Z;1849;;3005
2025-12-20T13:13:04Z;1795;;2951
2025-12-20T13:13:18Z;;1197;2992
2025-12-20T13:13:22Z;1918;;3115
2025-12-20T13:13:24Z;1752;;2949
2025-12-20T13:13:58Z;1402;;2599
2025-12-20T13:14:01Z;1560;;2757
2025-12-20T13:14:02Z;1496;;2693
2025-12-20T13:14:05Z;1663;;2860
2025-12-20T13:14:06Z;;1494;3157
2025-12-20T13:14:09Z;1348;;2842
2025-12-20T13:14:12Z;1565;;3059
2025-12-20T13:14:13Z;1472;;2966
2025-12-20T13:14:27Z;1552;;3046
2025-12-20T13:14:28Z;1432;;2926
2025-12-20T13:15:11Z;;1718;3150
2025-12-20T13:15:23Z;1272;;2990
2025-12-20T13:15:32Z;1198;;2916
2025-12-20T13:15:33Z;1347;;3065
2025-12-20T13:18:03Z;1594;;3312
2025-12-20T13:18:04Z;1460;;3178
2025-12-20T13:18:09Z;1514;;3232
2025-12-20T13:18:13Z;1463;;3181
2025-12-20T13:18:22Z;1537;;3255
2025-12-20T13:18:23Z;1487;;3205
2025-12-20T13:19:04Z;1561;;3279
2025-12-20T13:19:06Z;1436;;3154
2025-12-20T13:19:48Z;1595;;3313
2025-12-20T13:19:49Z;1442;;3160
2025-12-20T13:20:09Z;1673;;3391
2025-12-20T13:20:11Z;1498;;3216
2025-12-20T13:20:51Z;1700;;3418
2025-12-20T13:20:55Z;;1454;3154
2025-12-20T13:21:55Z;1925;;3379
2025-12-20T13:21:57Z;1780;;3234
2025-12-20T13:22:37Z;;1202;2982
2025-12-20T13:22:40Z;1999;;3201
2025-12-20T13:22:46Z;;1116;3115
2025-12-20T13:22:47Z;2160;;3276
2025-12-20T13:22:48Z;;1118;3278
2025-12-20T13:22:49Z;1875;;2993
2025-12-20T13:22:50Z;1797;;2915
2025-12-20T13:22:53Z;1844;;2962
2025-12-20T13:23:23Z;2133;;3251
2025-12-20T13:23:25Z;2087;;3205
2025-12-20T13:23:28Z;;895;2982
2025-12-20T13:23:42Z;2331;;3226
2025-12-20T13:23:44Z;2069;;2964
2025-12-20T13:23:45Z;2552;;3447
2025-12-20T13:23:46Z;2159;;3054
2025-12-20T13:23:52Z;2077;;2972
2025-12-20T13:23:55Z;2365;;3260
2025-12-20T13:24:26Z;2431;;3326
2025-12-20T13:24:27Z;2284;;3179
2025-12-20T13:25:04Z;412;;1307
2025-12-20T13:25:30Z;641;;1536
2025-12-20T13:25:31Z;490;;1385
2025-12-20T13:26:05Z;2151;;3046
2025-12-20T13:26:25Z;2065;;2960
2025-12-20T13:26:26Z;;938;3003
2025-12-20T13:26:33Z;2214;;3152
2025-12-20T13:26:35Z;2078;;3016
2025-12-20T13:27:07Z;192;;1130
2025-12-20T13:27:16Z;449;;1387
2025-12-20T13:27:23Z;;902;1351
2025-12-20T13:28:21Z;638;;1540
2025-12-20T13:28:22Z;517;;1419
2025-12-20T13:28:48Z;2333;;3235
2025-12-20T13:29:04Z;2496;;3398
2025-12-20T13:29:05Z;2338;;3240
2025-12-20T13:29:25Z;2418;;3320
2025-12-20T13:29:26Z;2297;;3199
2025-12-20T13:29:38Z;420;;1322
2025-12-20T13:29:59Z;293;;1195
2025-12-20T13:30:00Z;;933;1226
2025-12-20T13:30:07Z;444;;1377
2025-12-20T13:30:09Z;248;;1181
2025-12-20T13:30:11Z;;1006;1254
2025-12-20T13:30:22Z;122;;1128
2025-12-20T13:30:25Z;;1197;1319
2025-12-20T13:30:32Z;54;;1251
2025-12-20T13:30:41Z;-37;;1160
2025-12-20T13:30:50Z;136;;1333
2025-12-20T13:31:11Z;258;;1455
2025-12-20T13:31:12Z;;1164;1422
2025-12-20T13:31:56Z;342;;1506
2025-12-20T13:31:57Z;170;;1334
2025-12-20T13:32:07Z;57;;1221
2025-12-20T13:32:14Z;0;;1164
2025-12-20T13:32:16Z;119;;1283
2025-12-20T13:32:37Z;70;;1234
2025-12-20T13:32:42Z;;1210;1280
2025-12-20T13:32:58Z;206;;1416
2025-12-20T13:33:06Z;;1146;1352
2025-12-20T13:33:41Z;;917;1123
2025-12-20T13:33:43Z;460;;1377
2025-12-20T13:33:44Z;284;;1201
2025-12-20T13:33:46Z;372;;1289
2025-12-20T13:34:03Z;675;;1592
2025-12-20T13:34:04Z;560;;1477
2025-12-20T13:34:05Z;;603;1163
2025-12-20T13:34:08Z;606;;1209
2025-12-20T13:34:35Z;950;;1553
2025-12-20T13:34:37Z;2435;;3038
2025-12-20T13:35:18Z;671;;1274
2025-12-20T13:35:26Z;598;;1201
2025-12-20T13:35:28Z;796;;1399
2025-12-20T13:36:32Z;919;;1522
2025-12-20T13:36:34Z;749;;1352
2025-12-20T13:37:36Z;903;;1506
2025-12-20T13:37:38Z;747;;1350
2025-12-20T13:38:19Z;935;;1538
2025-12-20T13:38:21Z;772;;1375
2025-12-20T13:38:40Z;911;;1514
2025-12-20T13:38:42Z;791;;1394
2025-12-20T13:39:23Z;921;;1524
2025-12-20T13:39:25Z;748;;1351
2025-12-20T13:40:06Z;931;;1534
2025-12-20T13:40:08Z;772;;1375
2025-12-20T13:40:27Z;926;;1529
2025-12-20T13:40:29Z;793;;1396
2025-12-20T13:41:10Z;947;;1550
2025-12-20T13:41:12Z;782;;1385
2025-12-20T13:42:14Z;936;;1539
2025-12-20T13:42:16Z;795;;1398
2025-12-20T13:42:57Z;952;;1555
2025-12-20T13:42:59Z;792;;1395
2025-12-20T13:43:59Z;560;;1163
2025-12-20T13:44:02Z;1343;;1946
2025-12-20T13:44:03Z;772;;1375
2025-12-20T13:44:12Z;1165;;1768
2025-12-20T13:44:14Z;746;;1349
2025-12-20T13:44:44Z;957;;1560
2025-12-20T13:44:46Z;772;;1375
2025-12-20T13:44:54Z;946;;1549
2025-12-20T13:44:55Z;778;;1381
2025-12-20T13:45:11Z;;382;1160
2025-12-20T13:45:22Z;767;;1149
2025-12-20T13:45:56Z;923;;1305
2025-12-20T13:45:58Z;787;;1169
2025-12-20T13:46:39Z;921;;1303
2025-12-20T13:46:41Z;763;;1145
2025-12-20T13:47:43Z;926;;1308
2025-12-20T13:47:45Z;768;;1150
2025-12-20T13:48:26Z;958;;1340
2025-12-20T13:48:28Z;793;;1175
2025-12-20T13:48:47Z;925;;1307
2025-12-20T13:48:49Z;792;;1174
2025-12-20T13:49:30Z;941;;1323
2025-12-20T13:49:32Z;808;;1190
2025-12-20T13:50:35Z;983;;1365
2025-12-20T13:50:37Z;846;;1228
2025-12-20T13:51:18Z;985;;1367
2025-12-20T13:51:20Z;851;;1233
2025-12-20T13:52:22Z;1000;;1382
2025-12-20T13:52:24Z;852;;1234
2025-12-20T13:52:57Z;;294;1146
2025-12-20T13:53:04Z;;342;1194
2025-12-20T13:53:05Z;1019;;1361
2025-12-20T13:53:07Z;866;;1208
2025-12-20T13:53:26Z;993;;1335
2025-12-20T13:53:28Z;858;;1200
2025-12-20T13:54:23Z;;294;1152
2025-12-20T13:55:27Z;1025;;1319
2025-12-20T13:55:29Z;833;;1127
2025-12-20T13:55:30Z;900;;1194
2025-12-20T13:55:51Z;784;;1078
2025-12-20T13:56:51Z;983;;1277
2025-12-20T13:56:53Z;802;;1096
2025-12-20T13:58:15Z;957;;1251
2025-12-20T13:58:17Z;868;;1162
2025-12-20T13:58:49Z;129;;423
2025-12-20T13:58:51Z;518;;812
2025-12-20T13:58:53Z;257;;551
2025-12-20T13:59:02Z;512;;806
2025-12-20T13:59:04Z;226;;520
2025-12-20T14:00:11Z;;277;503
2025-12-20T14:00:23Z;235;;512
2025-12-20T14:00:29Z;300;;577
2025-12-20T14:00:31Z;241;;518
2025-12-20T14:01:12Z;469;;746
2025-12-20T14:01:14Z;290;;567
2025-12-20T14:02:11Z;336;;613
2025-12-20T14:02:14Z;280;;557
2025-12-20T14:03:05Z;327;;604
2025-12-20T14:04:09Z;1347;;1624
2025-12-20T14:04:10Z;368;;645
2025-12-20T14:04:23Z;292;;569
2025-12-20T14:05:56Z;908;;1185
2025-12-20T14:05:57Z;217;;494
2025-12-20T14:08:54Z;447;;724
2025-12-20T14:08:56Z;265;;542
2025-12-20T14:09:15Z;413;;690
2025-12-20T14:09:17Z;298;;575
2025-12-20T14:10:00Z;455;;732
2025-12-20T14:10:01Z;278;;555
2025-12-20T14:10:22Z;325;;602
2025-12-20T14:10:29Z;275;;552
2025-12-20T14:10:41Z;486;;763
2025-12-20T14:10:44Z;279;;556
2025-12-20T14:11:02Z;439;;716
2025-12-20T14:11:04Z;294;;571
2025-12-20T14:11:45Z;383;;660
2025-12-20T14:11:47Z;204;;481
2025-12-20T14:12:28Z;380;;657
2025-12-20T14:12:30Z;208;;485
2025-12-20T14:13:21Z;402;;679
2025-12-20T14:13:23Z;216;;493
2025-12-20T14:14:08Z;301;;578
2025-12-20T14:14:10Z;226;;503
2025-12-20T14:15:11Z;;195;421
2025-12-20T14:15:23Z;246;;441
2025-12-20T14:16:06Z;302;;497
2025-12-20T14:17:10Z;235;;430
2025-12-20T14:21:41Z;321;;516
2025-12-20T14:21:42Z;140;;335
2025-12-20T14:22:22Z;330;;525
2025-12-20T14:22:24Z;142;;337
2025-12-20T14:22:43Z;318;;513
2025-12-20T14:22:45Z;161;;356
2025-12-20T14:23:26Z;340;;535
2025-12-20T14:23:28Z;179;;374
2025-12-20T14:24:30Z;344;;539
2025-12-20T14:24:38Z;177;;372
2025-12-20T14:25:13Z;374;;569
2025-12-20T14:25:15Z;224;;419
2025-12-20T14:26:52Z;386;;581
2025-12-20T14:26:54Z;197;;392
2025-12-20T14:29:12Z;312;;507
2025-12-20T14:29:15Z;265;;460
2025-12-20T14:29:21Z;387;;582
2025-12-20T14:29:25Z;659;;854
2025-12-20T14:30:11Z;;65;724
2025-12-20T14:30:22Z;901;;966
2025-12-20T14:30:25Z;888;;953
2025-12-20T14:32:57Z;1212;;1277
2025-12-20T14:34:30Z;1515;;1580
2025-12-20T14:34:33Z;1336;;1401
2025-12-20T14:35:15Z;1576;;1641
2025-12-20T14:35:17Z;1388;;1453
2025-12-20T14:35:35Z;1546;;1611
2025-12-20T14:35:36Z;1398;;1463
2025-12-20T14:36:18Z;1662;;1727
2025-12-20T14:36:19Z;1485;;1550
2025-12-20T14:37:00Z;1648;;1713
2025-12-20T14:37:02Z;1435;;1500
2025-12-20T14:37:22Z;1516;;1581
2025-12-20T14:37:23Z;1351;;1416
2025-12-20T14:38:02Z;1179;;1244
2025-12-20T14:38:04Z;1386;;1451
2025-12-20T14:38:06Z;1193;;1258
2025-12-20T14:38:11Z;1286;;1351
2025-12-20T14:38:13Z;1189;;1254
2025-12-20T14:38:19Z;;0;1189
2025-12-20T14:38:22Z;;47;1236
2025-12-20T14:39:33Z;895;;942
2025-12-20T14:39:35Z;988;;1035
2025-12-20T14:39:53Z;880;;927
2025-12-20T14:40:42Z;966;;1013
2025-12-20T14:40:46Z;842;;889
2025-12-20T14:41:22Z;1021;;1068
2025-12-20T14:41:26Z;850;;897
2025-12-20T14:41:28Z;1017;;1064
2025-12-20T14:41:32Z;857;;904
2025-12-20T14:45:10Z;1083;;1130
2025-12-20T14:45:11Z;;52;1135
2025-12-20T14:45:14Z;2252;;2304
2025-12-20T14:45:22Z;2302;;2354
2025-12-20T14:45:32Z;902;;954
2025-12-20T14:45:37Z;841;;893
2025-12-20T14:46:48Z;904;;956
2025-12-20T14:46:51Z;850;;902
2025-12-20T14:47:07Z;1080;;1132
2025-12-20T14:47:09Z;886;;938
2025-12-20T14:47:28Z;1049;;1101
2025-12-20T14:47:30Z;892;;944
2025-12-20T14:48:11Z;1074;;1126
2025-12-20T14:48:13Z;896;;948
2025-12-20T14:48:54Z;975;;1027
2025-12-20T14:48:56Z;894;;946
2025-12-20T14:49:15Z;1074;;1126
2025-12-20T14:49:18Z;884;;936
2025-12-20T14:49:58Z;1077;;1129
2025-12-20T14:50:01Z;862;;914
2025-12-20T14:50:19Z;939;;991
2025-12-20T14:50:21Z;792;;844
2025-12-20T14:50:45Z;1953;;2005
2025-12-20T14:50:46Z;821;;873
2025-12-20T14:51:04Z;1012;;1064
2025-12-20T14:51:05Z;826;;878
2025-12-20T14:51:45Z;1018;;1070
2025-12-20T14:51:47Z;855;;907
2025-12-20T14:52:36Z;1089;;1141
2025-12-20T14:52:46Z;872;;924
2025-12-20T14:53:23Z;;39;911
2025-12-20T14:53:24Z;955;;994
2025-12-20T14:53:26Z;888;;927
2025-12-20T14:53:28Z;;21;909
2025-12-20T14:53:44Z;941;;962
2025-12-20T14:53:48Z;895;;916
2025-12-20T14:53:57Z;969;;990
2025-12-20T14:56:52Z;1249;;1270
2025-12-20T14:56:58Z;1168;;1189
2025-12-20T14:57:04Z;1352;;1373
2025-12-20T14:57:11Z;1198;;1219
2025-12-20T14:58:34Z;1246;;1267
2025-12-20T14:58:55Z;1197;;1218
2025-12-20T14:59:37Z;898;;919
2025-12-20T15:00:11Z;;19;917
2025-12-20T15:00:24Z;881;;900
2025-12-20T15:08:32Z;;1;882
2025-12-20T15:08:35Z;;0;881
2025-12-20T15:09:35Z;;0;881
2025-12-20T15:10:37Z;990;;990
2025-12-20T15:11:04Z;825;;825
2025-12-20T15:12:30Z;982;;982
2025-12-20T15:12:34Z;874;;874
2025-12-20T15:12:36Z;987;;987
2025-12-20T15:12:54Z;836;;836
2025-12-20T15:14:35Z;908;;908
2025-12-20T15:15:00Z;861;;861
2025-12-20T15:15:11Z;;0;861
2025-12-20T15:15:22Z;871;;871
2025-12-20T15:15:59Z;908;;908
2025-12-20T15:19:03Z;1291;;1291
2025-12-20T15:19:05Z;2369;;2369
2025-12-20T15:19:25Z;972;;972
2025-12-20T15:19:32Z;1712;;1712
2025-12-20T15:19:33Z;2371;;2371
2025-12-20T15:19:56Z;960;;960
2025-12-20T15:20:01Z;1582;;1582
2025-12-20T15:20:02Z;2370;;2370
2025-12-20T15:20:24Z;950;;950
2025-12-20T15:20:30Z;1549;;1549
2025-12-20T15:20:31Z;2352;;2352
2025-12-20T15:20:32Z;925;;925
2025-12-20T15:21:38Z;2345;;2345
2025-12-20T15:21:55Z;956;;956
2025-12-20T15:22:43Z;1220;;1220
2025-12-20T15:22:45Z;2400;;2400
2025-12-20T15:22:55Z;969;;969
2025-12-20T15:23:57Z;2169;;2169
2025-12-20T15:24:17Z;982;;982
2025-12-20T15:24:25Z;2376;;2376
2025-12-20T15:24:46Z;1003;;1003
2025-12-20T15:24:52Z;1211;;1211
2025-12-20T15:24:54Z;2382;;2382
2025-12-20T15:25:14Z;979;;979
2025-12-20T15:25:42Z;2340;;2340
2025-12-20T15:25:59Z;944;;944
2025-12-20T15:26:31Z;1448;;1448
2025-12-20T15:26:32Z;2362;;2362
2025-12-20T15:26:43Z;936;;936
2025-12-20T15:26:59Z;2317;;2317
2025-12-20T15:27:07Z;936;;936
2025-12-20T15:27:18Z;1445;;1445
2025-12-20T15:27:20Z;2344;;2344
2025-12-20T15:28:47Z;919;;919
2025-12-20T15:29:12Z;853;;853
2025-12-20T15:30:11Z;;0;853
2025-12-20T15:30:22Z;860;;860
2025-12-20T15:32:12Z;905;;905
2025-12-20T15:32:26Z;859;;859
2025-12-20T15:37:27Z;1914;;1914
2025-12-20T15:37:28Z;927;;927
2025-12-20T15:38:22Z;881;;881
2025-12-20T15:38:34Z;1122;;1122
2025-12-20T15:38:40Z;877;;877
2025-12-20T15:38:51Z;1048;;1048
2025-12-20T15:38:53Z;883;;883
2025-12-20T15:38:54Z;1096;;1096
2025-12-20T15:39:01Z;883;;883
2025-12-20T15:42:04Z;342;;342
2025-12-20T15:43:22Z;296;;296
2025-12-20T15:44:42Z;359;;359
2025-12-20T15:45:11Z;;0;359
2025-12-20T15:45:23Z;612;;612
2025-12-20T15:45:26Z;503;;503
2025-12-20T15:45:38Z;922;;922
2025-12-20T15:46:30Z;432;;432
2025-12-20T15:47:36Z;607;;607
2025-12-20T15:47:44Z;336;;336
2025-12-20T15:48:46Z;603;;603
2025-12-20T15:49:00Z;909;;909
2025-12-20T15:49:14Z;1206;;1206
2025-12-20T15:50:10Z;1158;;1158
2025-12-20T15:50:47Z;1207;;1207
2025-12-20T15:53:21Z;1127;;1127
2025-12-20T15:58:48Z;363;;363
2025-12-20T16:00:11Z;;0;363
2025-12-20T16:00:22Z;333;;333
2025-12-20T16:01:31Z;805;;805
2025-12-20T16:01:32Z;531;;531
2025-12-20T16:01:55Z;901;;901
2025-12-20T16:02:14Z;908;;908
2025-12-20T16:02:30Z;1207;;1207
2025-12-20T16:02:43Z;522;;522
2025-12-20T16:02:51Z;894;;894
2025-12-20T16:02:52Z;520;;520
2025-12-20T16:03:02Z;629;;629
2025-12-20T16:03:03Z;531;;531
2025-12-20T16:04:30Z;738;;738
2025-12-20T16:07:01Z;904;;904
2025-12-20T16:07:31Z;829;;829
2025-12-20T16:10:13Z;964;;964
2025-12-20T16:10:14Z;892;;892
2025-12-20T16:10:24Z;1024;;1024
2025-12-20T16:10:33Z;894;;894
2025-12-20T16:10:39Z;947;;947
2025-12-20T16:11:05Z;893;;893
2025-12-20T16:11:07Z;955;;955
2025-12-20T16:15:11Z;;0;955
2025-12-20T16:15:19Z;1694;;1694
2025-12-20T16:15:20Z;1101;;1101
2025-12-20T16:15:22Z;984;;984
2025-12-20T16:15:33Z;1276;;1276
2025-12-20T16:15:35Z;1116;;1116
2025-12-20T16:15:51Z;2820;;2820
2025-12-20T16:16:50Z;3030;;3030
2025-12-20T16:16:53Z;2936;;2936
2025-12-20T16:17:17Z;3043;;3043
2025-12-20T16:17:19Z;2995;;2995
2025-12-20T16:17:44Z;3061;;3061
2025-12-20T16:17:47Z;2998;;2998
2025-12-20T16:18:11Z;3068;;3068
2025-12-20T16:18:14Z;2981;;2981
2025-12-20T16:18:25Z;3030;;3030
2025-12-20T16:18:34Z;2980;;2980
2025-12-20T16:18:38Z;3053;;3053
2025-12-20T16:18:44Z;2998;;2998
2025-12-20T16:18:51Z;3176;;3176
2025-12-20T16:18:53Z;3360;;3360
2025-12-20T16:18:55Z;4353;;4353
2025-12-20T16:19:15Z;3189;;3189
2025-12-20T16:19:16Z;2990;;2990
2025-12-20T16:19:18Z;3121;;3121
2025-12-20T16:19:22Z;3627;;3627
2025-12-20T16:19:23Z;4312;;4312
2025-12-20T16:19:43Z;3204;;3204
2025-12-20T16:19:44Z;2975;;2975
2025-12-20T16:19:45Z;3118;;3118
2025-12-20T16:19:51Z;3582;;3582
2025-12-20T16:19:52Z;4277;;4277
2025-12-20T16:20:12Z;3154;;3154
2025-12-20T16:20:15Z;2989;;2989
2025-12-20T16:20:17Z;3145;;3145
2025-12-20T16:20:19Z;3515;;3515
2025-12-20T16:20:21Z;4272;;4272
2025-12-20T16:20:31Z;3125;;3125
2025-12-20T16:20:32Z;2987;;2987
2025-12-20T16:20:39Z;3078;;3078
2025-12-20T16:20:42Z;2994;;2994
2025-12-20T16:21:06Z;3105;;3105
2025-12-20T16:21:13Z;2981;;2981
2025-12-20T16:21:16Z;3089;;3089
2025-12-20T16:21:19Z;4203;;4203
2025-12-20T16:21:36Z;3050;;3050
2025-12-20T16:21:37Z;2996;;2996
2025-12-20T16:21:46Z;3070;;3070
2025-12-20T16:21:56Z;2984;;2984
2025-12-20T16:22:00Z;3064;;3064
2025-12-20T16:22:23Z;2996;;2996
2025-12-20T16:22:27Z;3049;;3049
2025-12-20T16:23:06Z;3464;;3464
2025-12-20T16:23:08Z;4352;;4352
2025-12-20T16:23:11Z;4049;;4049
2025-12-20T16:23:13Z;3090;;3090
2025-12-20T16:23:19Z;2880;;2880
2025-12-20T16:23:20Z;3073;;3073
2025-12-20T16:24:11Z;3399;;3399
2025-12-20T16:24:13Z;3114;;3114
2025-12-20T16:25:34Z;2918;;2918
2025-12-20T16:25:36Z;3054;;3054
2025-12-20T16:25:38Z;2998;;2998
2025-12-20T16:25:41Z;3077;;3077
2025-12-20T16:30:11Z;;0;3077
2025-12-20T16:30:24Z;3049;;3049
2025-12-20T16:30:59Z;1277;;1277
2025-12-20T16:32:14Z;3017;;3017
2025-12-20T16:33:13Z;1269;;1269
2025-12-20T16:36:40Z;3051;;3051
2025-12-20T16:37:01Z;2999;;2999
2025-12-20T16:37:03Z;3227;;3227
2025-12-20T16:37:15Z;2996;;2996
2025-12-20T16:37:17Z;3063;;3063
2025-12-20T16:37:23Z;1305;;1305
2025-12-20T16:37:38Z;2696;;2696
2025-12-20T16:37:44Z;2758;;2758
2025-12-20T16:37:50Z;2693;;2693
2025-12-20T16:37:56Z;2833;;2833
2025-12-20T16:38:05Z;2686;;2686
2025-12-20T16:38:11Z;2748;;2748
2025-12-20T16:38:16Z;2648;;2648
2025-12-20T16:38:23Z;2744;;2744
2025-12-20T16:38:25Z;2669;;2669
2025-12-20T16:39:57Z;2736;;2736
2025-12-20T16:39:59Z;2654;;2654
2025-12-20T16:40:04Z;1211;;1211
2025-12-20T16:40:07Z;1159;;1159
2025-12-20T16:40:12Z;1237;;1237
2025-12-20T16:40:14Z;1189;;1189
2025-12-20T16:40:26Z;1262;;1262
2025-12-20T16:40:27Z;1177;;1177
2025-12-20T16:40:51Z;1242;;1242
2025-12-20T16:40:53Z;1182;;1182
2025-12-20T16:41:18Z;1282;;1282
2025-12-20T16:41:20Z;1181;;1181
2025-12-20T16:41:45Z;1267;;1267
2025-12-20T16:41:47Z;1175;;1175
2025-12-20T16:41:48Z;1223;;1223
2025-12-20T16:41:49Z;1160;;1160
2025-12-20T16:42:12Z;1232;;1232
2025-12-20T16:42:14Z;1175;;1175
2025-12-20T16:42:52Z;1260;;1260
2025-12-20T16:42:55Z;1156;;1156
2025-12-20T16:42:57Z;1209;;1209
2025-12-20T16:43:03Z;1116;;1116
2025-12-20T16:43:08Z;1206;;1206
2025-12-20T16:43:13Z;1159;;1159
2025-12-20T16:43:19Z;1263;;1263
2025-12-20T16:43:21Z;1197;;1197
2025-12-20T16:43:46Z;1262;;1262
2025-12-20T16:43:48Z;1191;;1191
2025-12-20T16:44:13Z;1284;;1284
2025-12-20T16:44:15Z;1186;;1186
2025-12-20T16:44:16Z;1252;;1252
2025-12-20T16:44:20Z;1198;;1198
2025-12-20T16:44:40Z;1267;;1267
2025-12-20T16:44:42Z;1192;;1192
2025-12-20T16:45:07Z;1311;;1311
2025-12-20T16:45:11Z;;0;1311
2025-12-20T16:45:12Z;1168;;1168
2025-12-20T16:45:22Z;1134;;1134
2025-12-20T16:45:34Z;1262;;1262
2025-12-20T16:45:36Z;1188;;1188
2025-12-20T16:46:14Z;1282;;1282
2025-12-20T16:46:17Z;1174;;1174
2025-12-20T16:46:41Z;1265;;1265
2025-12-20T16:46:44Z;1194;;1194
2025-12-20T16:47:08Z;1257;;1257
2025-12-20T16:47:11Z;1161;;1161
2025-12-20T16:47:23Z;1209;;1209
2025-12-20T16:47:30Z;1163;;1163
2025-12-20T16:47:35Z;1335;;1335
2025-12-20T16:47:38Z;1167;;1167
2025-12-20T16:47:51Z;1221;;1221
2025-12-20T16:47:56Z;1153;;1153
2025-12-20T16:48:02Z;1288;;1288
2025-12-20T16:48:09Z;1195;;1195
2025-12-20T16:48:18Z;1241;;1241
2025-12-20T16:48:23Z;1178;;1178
2025-12-20T16:48:43Z;1255;;1255
2025-12-20T16:48:51Z;1187;;1187
2025-12-20T16:48:56Z;1362;;1362
2025-12-20T16:49:03Z;1195;;1195
2025-12-20T16:49:13Z;2998;;2998
2025-12-20T16:49:36Z;3082;;3082
2025-12-20T16:49:38Z;2991;;2991
2025-12-20T16:49:58Z;1183;;1183
2025-12-20T16:50:03Z;1263;;1263
2025-12-20T16:50:06Z;1183;;1183
2025-12-20T16:50:30Z;1268;;1268
2025-12-20T16:50:32Z;1145;;1145
2025-12-20T16:50:38Z;1221;;1221
2025-12-20T16:50:43Z;1170;;1170
2025-12-20T16:50:52Z;1222;;1222
2025-12-20T16:50:57Z;1166;;1166
2025-12-20T16:51:03Z;1282;;1282
2025-12-20T16:51:06Z;1195;;1195
2025-12-20T16:51:30Z;1255;;1255
2025-12-20T16:51:33Z;1185;;1185
2025-12-20T16:52:25Z;1286;;1286
2025-12-20T16:53:56Z;1197;;1197
2025-12-20T16:53:58Z;1377;;1377
2025-12-20T16:54:21Z;1199;;1199
2025-12-20T16:54:25Z;1357;;1357
2025-12-20T16:59:59Z;1198;;1198
2025-12-20T17:00:03Z;1258;;1258
2025-12-20T17:00:15Z;;0;1258
2025-12-20T17:00:22Z;1318;;1318
2025-12-20T17:01:32Z;1194;;1194
2025-12-20T17:01:36Z;1280;;1280
2025-12-20T17:01:59Z;1198;;1198
2025-12-20T17:02:03Z;1253;;1253
2025-12-20T17:02:26Z;1198;;1198
2025-12-20T17:02:31Z;1276;;1276
2025-12-20T17:03:41Z;1118;;1118
2025-12-20T17:03:45Z;1650;;1650
2025-12-20T17:03:46Z;1235;;1235
2025-12-20T17:03:54Z;1148;;1148
2025-12-20T17:03:56Z;1686;;1686
2025-12-20T17:03:57Z;1289;;1289
2025-12-20T17:10:58Z;2332;;2332
2025-12-20T17:10:59Z;1302;;1302
2025-12-20T17:11:43Z;1508;;1508
2025-12-20T17:11:44Z;1366;;1366
2025-12-20T17:11:52Z;1741;;1741
2025-12-20T17:11:53Z;1803;;1803
2025-12-20T17:11:55Z;2191;;2191
2025-12-20T17:12:11Z;2401;;2401
2025-12-20T17:12:21Z;2347;;2347
2025-12-20T17:12:23Z;2484;;2484
2025-12-20T17:12:31Z;2379;;2379
2025-12-20T17:12:37Z;2459;;2459
2025-12-20T17:12:43Z;2395;;2395
2025-12-20T17:12:49Z;2531;;2531
2025-12-20T17:12:56Z;2399;;2399
2025-12-20T17:13:05Z;2463;;2463
2025-12-20T17:13:07Z;2396;;2396
2025-12-20T17:13:16Z;2500;;2500
2025-12-20T17:13:24Z;2398;;2398
2025-12-20T17:13:32Z;2459;;2459
2025-12-20T17:13:36Z;1810;;1810
2025-12-20T17:13:37Z;1764;;1764
2025-12-20T17:13:43Z;1910;;1910
2025-12-20T17:13:46Z;1779;;1779
2025-12-20T17:13:48Z;1829;;1829
2025-12-20T17:13:52Z;1772;;1772
2025-12-20T17:13:59Z;1829;;1829
2025-12-20T17:14:05Z;1774;;1774
2025-12-20T17:14:10Z;1909;;1909
2025-12-20T17:14:17Z;1794;;1794
2025-12-20T17:14:25Z;1843;;1843
2025-12-20T17:14:33Z;1771;;1771
2025-12-20T17:14:37Z;1947;;1947
2025-12-20T17:14:46Z;1798;;1798
2025-12-20T17:14:52Z;1845;;1845
2025-12-20T17:14:58Z;1776;;1776
2025-12-20T17:15:00Z;1881;;1881
2025-12-20T17:15:01Z;1790;;1790
2025-12-20T17:15:04Z;1928;;1928
2025-12-20T17:15:07Z;1799;;1799
2025-12-20T17:15:11Z;;0;1799
2025-12-20T17:15:17Z;1874;;1874
2025-12-20T17:15:21Z;1775;;1775
2025-12-20T17:15:24Z;1874;;1874
2025-12-20T17:15:32Z;1821;;1821
2025-12-20T17:15:33Z;1774;;1774
2025-12-20T17:15:35Z;2151;;2151
2025-12-20T17:15:37Z;2092;;2092
2025-12-20T17:15:38Z;2170;;2170
2025-12-20T17:15:47Z;2501;;2501
2025-12-20T17:15:48Z;2380;;2380
2025-12-20T17:15:51Z;2433;;2433
2025-12-20T17:15:53Z;2373;;2373
2025-12-20T17:16:13Z;2419;;2419
2025-12-20T17:16:20Z;2304;;2304
2025-12-20T17:16:30Z;2596;;2596
2025-12-20T17:16:37Z;2391;;2391
2025-12-20T17:16:50Z;2593;;2593
2025-12-20T17:16:59Z;2394;;2394
2025-12-20T17:17:14Z;2461;;2461
2025-12-20T17:17:16Z;2387;;2387
2025-12-20T17:17:18Z;2474;;2474
2025-12-20T17:17:24Z;2398;;2398
2025-12-20T17:17:33Z;2578;;2578
2025-12-20T17:17:36Z;2388;;2388
2025-12-20T17:18:16Z;2456;;2456
2025-12-20T17:18:18Z;2392;;2392
2025-12-20T17:18:19Z;2445;;2445
2025-12-20T17:18:21Z;2366;;2366
2025-12-20T17:18:25Z;2417;;2417
2025-12-20T17:18:29Z;2351;;2351
2025-12-20T17:18:38Z;2466;;2466
2025-12-20T17:18:39Z;2305;;2305
2025-12-20T17:21:00Z;2431;;2431
2025-12-20T17:21:01Z;2243;;2243
2025-12-20T17:22:24Z;2410;;2410
2025-12-20T17:22:25Z;2211;;2211
2025-12-20T17:23:48Z;2499;;2499
2025-12-20T17:23:49Z;2275;;2275
2025-12-20T17:24:00Z;2098;;2098
2025-12-20T17:24:02Z;2292;;2292
2025-12-20T17:24:10Z;2043;;2043
2025-12-20T17:24:12Z;2125;;2125
2025-12-20T17:24:13Z;2077;;2077
2025-12-20T17:24:14Z;2338;;2338
2025-12-20T17:25:12Z;2471;;2471
2025-12-20T17:25:13Z;2259;;2259
2025-12-20T17:25:56Z;2487;;2487
2025-12-20T17:25:57Z;2329;;2329
2025-12-20T17:26:44Z;2493;;2493
2025-12-20T17:26:45Z;2261;;2261
2025-12-20T17:27:45Z;2411;;2411
2025-12-20T17:27:46Z;2314;;2314
2025-12-20T17:28:14Z;2412;;2412
2025-12-20T17:28:15Z;2363;;2363
2025-12-20T17:28:22Z;1736;;1736
2025-12-20T17:28:56Z;1803;;1803
2025-12-20T17:29:10Z;801;;801
2025-12-20T17:29:13Z;1078;;1078
2025-12-20T17:29:17Z;1205;;1205
2025-12-20T17:29:55Z;1145;;1145
2025-12-20T17:30:11Z;;0;1145
2025-12-20T17:30:24Z;1408;;1408
2025-12-20T17:30:27Z;1153;;1153
2025-12-20T17:30:34Z;1570;;1570
2025-12-20T17:33:58Z;1836;;1836
2025-12-20T17:34:01Z;1785;;1785
2025-12-20T17:34:19Z;1962;;1962
2025-12-20T17:34:22Z;1746;;1746
2025-12-20T17:34:28Z;1802;;1802
2025-12-20T17:34:31Z;1756;;1756
2025-12-20T17:34:42Z;1805;;1805
2025-12-20T17:34:53Z;1747;;1747
2025-12-20T17:35:02Z;1993;;1993
2025-12-20T17:35:05Z;1783;;1783
2025-12-20T17:35:23Z;1948;;1948
2025-12-20T17:35:26Z;1752;;1752
2025-12-20T17:35:28Z;1811;;1811
2025-12-20T17:35:36Z;1759;;1759
2025-12-20T17:35:45Z;1814;;1814
2025-12-20T17:35:56Z;1765;;1765
2025-12-20T17:36:06Z;1986;;1986
2025-12-20T17:36:09Z;1773;;1773
2025-12-20T17:36:49Z;1975;;1975
2025-12-20T17:36:51Z;1798;;1798
2025-12-20T17:37:10Z;1943;;1943
2025-12-20T17:37:12Z;1779;;1779
2025-12-20T17:37:53Z;1959;;1959
2025-12-20T17:37:55Z;1775;;1775
2025-12-20T17:37:56Z;1821;;1821
2025-12-20T17:38:00Z;1774;;1774
2025-12-20T17:38:02Z;1973;;1973
2025-12-20T17:38:04Z;1778;;1778
2025-12-20T17:38:41Z;1126;;1126
2025-12-20T17:38:47Z;1331;;1331
2025-12-20T17:38:49Z;1148;;1148
2025-12-20T17:39:34Z;1248;;1248
2025-12-20T17:39:36Z;1169;;1169
2025-12-20T17:40:32Z;1240;;1240
2025-12-20T17:40:36Z;1188;;1188
2025-12-20T17:40:47Z;1498;;1498
2025-12-20T17:40:48Z;1563;;1563
2025-12-20T17:41:29Z;1814;;1814
2025-12-20T17:42:21Z;1484;;1484
2025-12-20T17:42:45Z;1179;;1179
2025-12-20T17:42:59Z;1514;;1514
2025-12-20T17:43:00Z;1195;;1195
2025-12-20T17:43:01Z;1970;;1970
2025-12-20T17:43:45Z;1211;;1211
2025-12-20T17:44:16Z;1105;;1105
2025-12-20T17:44:20Z;1631;;1631
2025-12-20T17:44:21Z;1208;;1208
2025-12-20T17:44:29Z;1099;;1099
2025-12-20T17:44:31Z;1652;;1652
2025-12-20T17:44:32Z;1243;;1243
2025-12-20T17:44:54Z;1521;;1521
2025-12-20T17:45:10Z;1212;;1212
2025-12-20T17:45:11Z;;0;1212
2025-12-20T17:45:22Z;1211;;1211
2025-12-20T17:47:45Z;1605;;1605
2025-12-20T17:48:21Z;1274;;1274
2025-12-20T17:48:22Z;1541;;1541
2025-12-20T17:49:33Z;953;;953
2025-12-20T17:49:42Z;892;;892
2025-12-20T17:49:50Z;1142;;1142
2025-12-20T17:50:03Z;894;;894
2025-12-20T17:50:12Z;943;;943
2025-12-20T17:51:16Z;896;;896
2025-12-20T17:51:19Z;967;;967
2025-12-20T17:51:26Z;878;;878
2025-12-20T17:51:30Z;959;;959
2025-12-20T17:51:34Z;1260;;1260
2025-12-20T17:51:37Z;1121;;1121
2025-12-20T17:51:39Z;1425;;1425
2025-12-20T17:51:49Z;1521;;1521
2025-12-20T17:52:08Z;1839;;1839
2025-12-20T17:52:10Z;2907;;2907
2025-12-20T17:52:29Z;3039;;3039
2025-12-20T17:52:34Z;3321;;3321
2025-12-20T17:52:36Z;3162;;3162
2025-12-20T17:52:42Z;3304;;3304
2025-12-20T17:52:43Z;3226;;3226
2025-12-20T17:52:49Z;3314;;3314
2025-12-20T17:53:06Z;3633;;3633
2025-12-20T17:53:07Z;3577;;3577
2025-12-20T17:53:17Z;3625;;3625
2025-12-20T17:53:22Z;3543;;3543
2025-12-20T17:53:29Z;3617;;3617
2025-12-20T17:53:30Z;3555;;3555
2025-12-20T17:53:32Z;3621;;3621
2025-12-20T17:53:38Z;3563;;3563
2025-12-20T17:53:44Z;3614;;3614
2025-12-20T17:55:07Z;2513;;2513
2025-12-20T17:55:52Z;2733;;2733
2025-12-20T17:55:54Z;2603;;2603
2025-12-20T17:55:58Z;2721;;2721
2025-12-20T17:56:50Z;3039;;3039
2025-12-20T17:57:24Z;2940;;2940
2025-12-20T17:57:26Z;3059;;3059
2025-12-20T17:57:31Z;2965;;2965
2025-12-20T17:57:34Z;3196;;3196
2025-12-20T17:57:36Z;2887;;2887
2025-12-20T17:57:37Z;3155;;3155
2025-12-20T17:57:39Z;2920;;2920
2025-12-20T17:57:40Z;3190;;3190
2025-12-20T17:57:42Z;2884;;2884
2025-12-20T17:57:43Z;3202;;3202
2025-12-20T17:57:45Z;2898;;2898
2025-12-20T17:57:46Z;3113;;3113
2025-12-20T17:57:48Z;2960;;2960
2025-12-20T17:57:49Z;3046;;3046
2025-12-20T17:57:50Z;3301;;3301
2025-12-20T17:57:52Z;3028;;3028
2025-12-20T17:57:53Z;3325;;3325
2025-12-20T17:57:55Z;3031;;3031
2025-12-20T17:57:56Z;3312;;3312
2025-12-20T17:57:58Z;3023;;3023
2025-12-20T17:57:59Z;3300;;3300
2025-12-20T17:58:01Z;3040;;3040
2025-12-20T17:58:03Z;4853;;4853
2025-12-20T17:58:04Z;4679;;4679
2025-12-20T17:58:06Z;4885;;4885
2025-12-20T17:58:08Z;4639;;4639
2025-12-20T17:58:10Z;4913;;4913
2025-12-20T17:58:11Z;4653;;4653
2025-12-20T17:58:13Z;4920;;4920
2025-12-20T17:58:14Z;4640;;4640
2025-12-20T17:58:15Z;4908;;4908
2025-12-20T17:58:17Z;4625;;4625
2025-12-20T17:58:18Z;4853;;4853
2025-12-20T17:58:20Z;4716;;4716
2025-12-20T17:58:22Z;5804;;5804
2025-12-20T17:58:24Z;4745;;4745
2025-12-20T17:58:26Z;4983;;4983
2025-12-20T17:58:27Z;4730;;4730
2025-12-20T17:58:28Z;4991;;4991
2025-12-20T17:58:30Z;4764;;4764
2025-12-20T17:58:31Z;5014;;5014
2025-12-20T17:58:33Z;4780;;4780
2025-12-20T17:58:34Z;4979;;4979
2025-12-20T17:58:36Z;4761;;4761
2025-12-20T17:58:38Z;5045;;5045
2025-12-20T17:58:40Z;4766;;4766
2025-12-20T17:58:41Z;5023;;5023
2025-12-20T17:58:43Z;4777;;4777
2025-12-20T17:58:44Z;5061;;5061
2025-12-20T17:58:46Z;4771;;4771
2025-12-20T17:58:47Z;5073;;5073
2025-12-20T17:58:49Z;4794;;4794
2025-12-20T17:58:51Z;5009;;5009
2025-12-20T17:58:52Z;4795;;4795
2025-12-20T17:58:54Z;5028;;5028
2025-12-20T17:58:56Z;4784;;4784
2025-12-20T17:58:58Z;5064;;5064
2025-12-20T17:58:59Z;4771;;4771
2025-12-20T17:59:00Z;5086;;5086
2025-12-20T17:59:05Z;4785;;4785
2025-12-20T17:59:07Z;5032;;5032
2025-12-20T17:59:13Z;4782;;4782
2025-12-20T17:59:14Z;5079;;5079
2025-12-20T17:59:15Z;4798;;4798
2025-12-20T17:59:17Z;5093;;5093
2025-12-20T17:59:42Z;5144;;5144
2025-12-20T17:59:44Z;4878;;4878
2025-12-20T17:59:45Z;5113;;5113
2025-12-20T17:59:47Z;4890;;4890
2025-12-20T17:59:48Z;5112;;5112
2025-12-20T17:59:50Z;4845;;4845
2025-12-20T17:59:57Z;5117;;5117
2025-12-20T17:59:59Z;4991;;4991
2025-12-20T18:00:01Z;5190;;5190
2025-12-20T18:00:03Z;4964;;4964
2025-12-20T18:00:04Z;5188;;5188
2025-12-20T18:00:06Z;4950;;4950
2025-12-20T18:00:07Z;5242;;5242
2025-12-20T18:00:09Z;4937;;4937
2025-12-20T18:00:10Z;5145;;5145
2025-12-20T18:00:11Z;;0;5145
2025-12-20T18:00:12Z;4975;;4975
2025-12-20T18:00:14Z;5204;;5204
2025-12-20T18:00:16Z;4915;;4915
2025-12-20T18:00:17Z;5202;;5202
2025-12-20T18:00:19Z;5072;;5072
2025-12-20T18:00:20Z;5238;;5238
2025-12-20T18:00:22Z;4993;;4993
2025-12-20T18:00:24Z;5202;;5202
2025-12-20T18:00:34Z;5253;;5253
2025-12-20T18:00:35Z;4950;;4950
2025-12-20T18:00:36Z;5239;;5239
2025-12-20T18:00:37Z;5018;;5018
2025-12-20T18:00:38Z;5175;;5175
2025-12-20T18:00:39Z;4931;;4931
2025-12-20T18:00:41Z;5185;;5185
2025-12-20T18:00:42Z;4881;;4881
2025-12-20T18:00:43Z;5171;;5171
2025-12-20T18:00:44Z;4896;;4896
2025-12-20T18:00:45Z;5187;;5187
2025-12-20T18:00:47Z;4995;;4995
2025-12-20T18:00:48Z;5240;;5240
2025-12-20T18:00:49Z;4992;;4992
2025-12-20T18:00:50Z;5233;;5233
2025-12-20T18:00:51Z;4959;;4959
2025-12-20T18:00:53Z;5208;;5208
2025-12-20T18:00:54Z;4954;;4954
2025-12-20T18:00:55Z;5176;;5176
2025-12-20T18:00:56Z;4898;;4898
2025-12-20T18:00:57Z;5155;;5155
2025-12-20T18:00:59Z;4902;;4902
2025-12-20T18:01:00Z;5132;;5132
2025-12-20T18:01:01Z;4943;;4943
2025-12-20T18:01:02Z;5155;;5155
2025-12-20T18:01:03Z;5000;;5000
2025-12-20T18:01:05Z;5221;;5221
2025-12-20T18:01:07Z;4936;;4936
2025-12-20T18:01:08Z;5205;;5205
2025-12-20T18:01:10Z;4966;;4966
2025-12-20T18:01:11Z;5223;;5223
2025-12-20T18:01:13Z;4895;;4895
2025-12-20T18:01:14Z;5135;;5135
2025-12-20T18:01:16Z;4966;;4966
2025-12-20T18:01:18Z;5191;;5191
2025-12-20T18:01:20Z;4949;;4949
2025-12-20T18:01:21Z;5198;;5198
2025-12-20T18:01:23Z;4936;;4936
2025-12-20T18:01:24Z;5272;;5272
2025-12-20T18:01:26Z;5024;;5024
2025-12-20T18:01:27Z;5255;;5255
2025-12-20T18:01:29Z;5007;;5007
2025-12-20T18:01:30Z;5247;;5247
2025-12-20T18:01:32Z;5024;;5024
2025-12-20T18:01:36Z;5238;;5238
2025-12-20T18:01:37Z;4955;;4955
2025-12-20T18:01:38Z;5194;;5194
2025-12-20T18:01:40Z;4929;;4929
2025-12-20T18:01:41Z;5189;;5189
2025-12-20T18:01:42Z;4945;;4945
2025-12-20T18:01:43Z;5186;;5186
2025-12-20T18:01:45Z;4995;;4995
2025-12-20T18:01:47Z;5267;;5267
2025-12-20T18:01:48Z;5018;;5018
2025-12-20T18:01:50Z;5254;;5254
2025-12-20T18:01:52Z;5016;;5016
2025-12-20T18:01:53Z;5276;;5276
2025-12-20T18:01:55Z;4997;;4997
2025-12-20T18:01:56Z;5238;;5238
2025-12-20T18:01:58Z;4975;;4975
2025-12-20T18:01:59Z;5248;;5248
2025-12-20T18:02:01Z;4953;;4953
2025-12-20T18:02:02Z;5174;;5174
2025-12-20T18:02:04Z;5006;;5006
2025-12-20T18:02:05Z;5202;;5202
2025-12-20T18:02:07Z;5055;;5055
2025-12-20T18:02:09Z;5289;;5289
2025-12-20T18:02:11Z;5027;;5027
2025-12-20T18:02:12Z;5292;;5292
2025-12-20T18:02:14Z;5042;;5042
2025-12-20T18:02:15Z;5301;;5301
2025-12-20T18:02:17Z;5020;;5020
2025-12-20T18:02:18Z;5223;;5223
2025-12-20T18:02:20Z;5028;;5028
2025-12-20T18:02:22Z;5284;;5284
2025-12-20T18:02:24Z;5012;;5012
2025-12-20T18:02:25Z;5286;;5286
2025-12-20T18:02:27Z;5037;;5037
2025-12-20T18:02:28Z;5359;;5359
2025-12-20T18:02:30Z;5081;;5081
2025-12-20T18:02:32Z;5360;;5360
2025-12-20T18:02:39Z;5097;;5097
2025-12-20T18:02:41Z;5328;;5328
2025-12-20T18:02:43Z;5097;;5097
2025-12-20T18:02:44Z;5349;;5349
2025-12-20T18:02:46Z;5071;;5071
2025-12-20T18:02:47Z;5339;;5339
2025-12-20T18:02:59Z;5096;;5096
2025-12-20T18:03:01Z;5352;;5352
2025-12-20T18:03:02Z;5075;;5075
2025-12-20T18:03:03Z;5247;;5247
2025-12-20T18:03:05Z;4453;;4453
2025-12-20T18:03:06Z;4711;;4711
2025-12-20T18:03:08Z;4438;;4438
2025-12-20T18:03:10Z;4777;;4777
2025-12-20T18:03:14Z;4499;;4499
2025-12-20T18:03:16Z;4782;;4782
2025-12-20T18:03:18Z;4488;;4488
2025-12-20T18:03:19Z;4749;;4749
2025-12-20T18:03:21Z;4491;;4491
2025-12-20T18:03:23Z;4699;;4699
2025-12-20T18:03:24Z;4465;;4465
2025-12-20T18:03:26Z;4715;;4715
2025-12-20T18:03:28Z;4466;;4466
2025-12-20T18:03:29Z;4726;;4726
2025-12-20T18:03:31Z;4493;;4493
2025-12-20T18:03:32Z;4597;;4597
2025-12-20T18:03:44Z;4482;;4482
2025-12-20T18:03:46Z;4759;;4759
2025-12-20T18:03:48Z;4498;;4498
2025-12-20T18:03:49Z;4764;;4764
2025-12-20T18:03:50Z;4475;;4475
2025-12-20T18:03:51Z;4741;;4741
2025-12-20T18:03:59Z;4802;;4802
2025-12-20T18:04:00Z;4566;;4566
2025-12-20T18:04:02Z;4821;;4821
2025-12-20T18:04:03Z;4574;;4574
2025-12-20T18:04:05Z;4813;;4813
2025-12-20T18:04:06Z;4486;;4486
2025-12-20T18:04:07Z;4768;;4768
2025-12-20T18:04:14Z;4822;;4822
2025-12-20T18:04:16Z;4589;;4589
2025-12-20T18:04:18Z;4833;;4833
2025-12-20T18:04:19Z;4550;;4550
2025-12-20T18:04:20Z;4837;;4837
2025-12-20T18:04:22Z;4551;;4551
2025-12-20T18:04:24Z;4825;;4825
2025-12-20T18:04:25Z;4539;;4539
2025-12-20T18:04:28Z;4493;;4493
2025-12-20T18:04:30Z;4748;;4748
2025-12-20T18:04:32Z;4496;;4496
2025-12-20T18:04:34Z;4800;;4800
2025-12-20T18:04:35Z;4398;;4398
2025-12-20T18:04:36Z;4652;;4652
2025-12-20T18:04:40Z;4811;;4811
2025-12-20T18:04:41Z;4529;;4529
2025-12-20T18:04:47Z;4413;;4413
2025-12-20T18:04:48Z;4670;;4670
2025-12-20T18:04:49Z;4414;;4414
2025-12-20T18:04:51Z;4615;;4615
2025-12-20T18:04:52Z;4827;;4827
2025-12-20T18:04:53Z;4547;;4547
2025-12-20T18:05:03Z;4487;;4487
2025-12-20T18:05:05Z;4782;;4782
2025-12-20T18:05:06Z;5113;;5113
2025-12-20T18:05:07Z;4971;;4971
2025-12-20T18:05:08Z;5201;;5201
2025-12-20T18:05:10Z;4970;;4970
2025-12-20T18:05:11Z;5264;;5264
2025-12-20T18:05:13Z;4990;;4990
2025-12-20T18:05:14Z;5283;;5283
2025-12-20T18:05:16Z;5066;;5066
2025-12-20T18:05:18Z;5297;;5297
2025-12-20T18:05:20Z;5058;;5058
2025-12-20T18:05:21Z;5328;;5328
2025-12-20T18:05:23Z;5068;;5068
2025-12-20T18:05:24Z;5560;;5560
2025-12-20T18:05:26Z;5129;;5129
2025-12-20T18:05:28Z;5073;;5073
2025-12-20T18:05:30Z;5297;;5297
2025-12-20T18:05:32Z;5073;;5073
2025-12-20T18:05:34Z;5315;;5315
2025-12-20T18:05:36Z;5079;;5079
2025-12-20T18:05:38Z;5344;;5344
2025-12-20T18:05:39Z;5092;;5092
2025-12-20T18:05:40Z;3545;;3545
2025-12-20T18:05:41Z;3829;;3829
2025-12-20T18:05:42Z;3555;;3555
2025-12-20T18:05:44Z;3823;;3823
2025-12-20T18:05:45Z;3577;;3577
2025-12-20T18:05:46Z;3827;;3827
2025-12-20T18:05:48Z;3563;;3563
2025-12-20T18:05:51Z;3840;;3840
2025-12-20T18:05:52Z;3561;;3561
2025-12-20T18:05:54Z;3824;;3824
2025-12-20T18:05:55Z;3567;;3567
2025-12-20T18:05:56Z;3840;;3840
2025-12-20T18:05:58Z;3553;;3553
2025-12-20T18:06:00Z;3849;;3849
2025-12-20T18:06:01Z;3532;;3532
2025-12-20T18:06:03Z;3784;;3784
2025-12-20T18:06:04Z;3579;;3579
2025-12-20T18:06:06Z;3852;;3852
2025-12-20T18:06:08Z;3593;;3593
2025-12-20T18:06:09Z;3863;;3863
2025-12-20T18:06:11Z;3578;;3578
2025-12-20T18:06:12Z;3888;;3888
2025-12-20T18:06:23Z;3588;;3588
2025-12-20T18:06:25Z;3127;;3127
2025-12-20T18:06:26Z;2867;;2867
2025-12-20T18:06:28Z;3121;;3121
2025-12-20T18:06:30Z;2858;;2858
2025-12-20T18:06:31Z;3116;;3116
2025-12-20T18:06:33Z;2852;;2852
2025-12-20T18:06:34Z;3106;;3106
2025-12-20T18:06:36Z;2879;;2879
2025-12-20T18:06:38Z;3113;;3113
2025-12-20T18:06:40Z;2873;;2873
2025-12-20T18:06:41Z;3143;;3143
2025-12-20T18:06:43Z;2840;;2840
2025-12-20T18:06:44Z;3128;;3128
2025-12-20T18:06:46Z;2859;;2859
2025-12-20T18:06:47Z;3175;;3175
2025-12-20T18:06:49Z;2863;;2863
2025-12-20T18:06:50Z;3153;;3153
2025-12-20T18:06:54Z;3325;;3325
2025-12-20T18:06:56Z;3018;;3018
2025-12-20T18:06:57Z;3326;;3326
2025-12-20T18:06:59Z;3043;;3043
2025-12-20T18:07:00Z;2886;;2886
2025-12-20T18:07:01Z;3203;;3203
2025-12-20T18:07:02Z;2918;;2918
2025-12-20T18:07:03Z;3184;;3184
2025-12-20T18:07:05Z;3304;;3304
2025-12-20T18:07:06Z;3053;;3053
2025-12-20T18:07:10Z;3323;;3323
2025-12-20T18:07:12Z;3067;;3067
2025-12-20T18:07:13Z;3354;;3354
2025-12-20T18:07:15Z;3088;;3088
2025-12-20T18:07:16Z;3361;;3361
2025-12-20T18:07:18Z;3083;;3083
2025-12-20T18:07:19Z;3351;;3351
2025-12-20T18:07:21Z;3069;;3069
2025-12-20T18:07:31Z;3311;;3311
2025-12-20T18:07:32Z;3025;;3025
2025-12-20T18:07:35Z;3329;;3329
2025-12-20T18:07:37Z;3011;;3011
2025-12-20T18:07:42Z;3321;;3321
2025-12-20T18:07:44Z;3048;;3048
2025-12-20T18:07:45Z;3381;;3381
2025-12-20T18:07:47Z;3029;;3029
2025-12-20T18:07:48Z;3338;;3338
2025-12-20T18:07:50Z;3068;;3068
2025-12-20T18:07:51Z;3355;;3355
2025-12-20T18:07:53Z;3078;;3078
2025-12-20T18:07:58Z;3337;;3337
2025-12-20T18:08:00Z;3087;;3087
2025-12-20T18:08:01Z;3327;;3327
2025-12-20T18:08:03Z;3069;;3069
2025-12-20T18:08:04Z;3389;;3389
2025-12-20T18:08:06Z;3091;;3091
2025-12-20T18:08:07Z;3376;;3376
2025-12-20T18:08:09Z;3141;;3141
2025-12-20T18:08:10Z;3433;;3433
2025-12-20T18:08:12Z;3163;;3163
2025-12-20T18:08:14Z;3430;;3430
2025-12-20T18:08:16Z;3114;;3114
2025-12-20T18:08:17Z;3403;;3403
2025-12-20T18:08:19Z;3143;;3143
2025-12-20T18:08:20Z;3419;;3419
2025-12-20T18:08:22Z;3125;;3125
2025-12-20T18:08:23Z;3403;;3403
2025-12-20T18:08:25Z;4478;;4478
2025-12-20T18:08:26Z;3438;;3438
2025-12-20T18:08:27Z;3745;;3745
2025-12-20T18:08:28Z;3580;;3580
2025-12-20T18:08:30Z;3868;;3868
2025-12-20T18:08:39Z;3949;;3949
2025-12-20T18:08:41Z;3660;;3660
2025-12-20T18:08:46Z;3956;;3956
2025-12-20T18:08:48Z;3742;;3742
2025-12-20T18:08:49Z;3998;;3998
2025-12-20T18:08:51Z;3711;;3711
2025-12-20T18:08:52Z;4012;;4012
2025-12-20T18:08:54Z;3734;;3734
2025-12-20T18:08:55Z;4015;;4015
2025-12-20T18:08:57Z;3737;;3737
2025-12-20T18:08:58Z;3979;;3979
2025-12-20T18:09:00Z;3759;;3759
2025-12-20T18:09:04Z;3973;;3973
2025-12-20T18:09:05Z;3756;;3756
2025-12-20T18:09:06Z;4055;;4055
2025-12-20T18:09:08Z;3765;;3765
2025-12-20T18:09:09Z;4041;;4041
2025-12-20T18:09:10Z;3763;;3763
2025-12-20T18:09:11Z;4043;;4043
2025-12-20T18:09:13Z;3801;;3801
2025-12-20T18:09:14Z;4031;;4031
2025-12-20T18:09:16Z;3817;;3817
2025-12-20T18:09:18Z;4028;;4028
2025-12-20T18:09:20Z;3769;;3769
2025-12-20T18:09:21Z;4048;;4048
2025-12-20T18:09:23Z;3784;;3784
2025-12-20T18:09:24Z;4058;;4058
2025-12-20T18:09:26Z;3763;;3763
2025-12-20T18:09:27Z;4048;;4048
2025-12-20T18:09:29Z;3784;;3784
2025-12-20T18:09:30Z;4040;;4040
2025-12-20T18:09:32Z;3839;;3839
2025-12-20T18:09:34Z;4052;;4052
2025-12-20T18:09:36Z;3776;;3776
2025-12-20T18:09:37Z;4040;;4040
2025-12-20T18:09:39Z;3802;;3802
2025-12-20T18:09:40Z;4073;;4073
2025-12-20T18:09:42Z;3792;;3792
2025-12-20T18:09:43Z;4061;;4061
2025-12-20T18:09:45Z;3792;;3792
2025-12-20T18:09:46Z;4031;;4031
2025-12-20T18:09:48Z;3849;;3849
2025-12-20T18:09:50Z;4063;;4063
2025-12-20T18:09:52Z;3795;;3795
2025-12-20T18:09:53Z;4071;;4071
2025-12-20T18:09:55Z;3832;;3832
2025-12-20T18:09:56Z;4089;;4089
2025-12-20T18:09:58Z;3803;;3803
2025-12-20T18:09:59Z;4089;;4089
2025-12-20T18:10:01Z;3815;;3815
2025-12-20T18:10:02Z;4047;;4047
2025-12-20T18:10:04Z;3889;;3889
2025-12-20T18:10:06Z;4074;;4074
2025-12-20T18:10:08Z;3830;;3830
2025-12-20T18:10:09Z;4097;;4097
2025-12-20T18:10:11Z;3828;;3828
2025-12-20T18:10:12Z;4076;;4076
2025-12-20T18:10:14Z;3842;;3842
2025-12-20T18:10:15Z;4132;;4132
2025-12-20T18:10:17Z;3878;;3878
2025-12-20T18:10:18Z;4137;;4137
2025-12-20T18:10:21Z;3899;;3899
2025-12-20T18:10:23Z;4191;;4191
2025-12-20T18:10:34Z;4247;;4247
2025-12-20T18:10:36Z;3998;;3998
2025-12-20T18:10:38Z;4292;;4292
2025-12-20T18:10:40Z;4037;;4037
2025-12-20T18:10:41Z;4313;;4313
2025-12-20T18:10:43Z;4046;;4046
2025-12-20T18:10:44Z;4298;;4298
2025-12-20T18:10:46Z;4049;;4049
2025-12-20T18:10:47Z;4326;;4326
2025-12-20T18:10:49Z;4029;;4029
2025-12-20T18:10:50Z;4273;;4273
2025-12-20T18:10:52Z;4082;;4082
2025-12-20T18:10:54Z;4292;;4292
2025-12-20T18:10:56Z;4109;;4109
2025-12-20T18:10:57Z;4336;;4336
2025-12-20T18:10:59Z;4072;;4072
2025-12-20T18:11:00Z;4348;;4348
2025-12-20T18:11:02Z;4066;;4066
2025-12-20T18:11:03Z;4331;;4331
2025-12-20T18:11:05Z;4083;;4083
2025-12-20T18:11:06Z;4311;;4311
2025-12-20T18:11:08Z;4088;;4088
2025-12-20T18:11:10Z;4339;;4339
2025-12-20T18:11:12Z;4065;;4065
2025-12-20T18:11:13Z;4323;;4323
2025-12-20T18:11:15Z;4072;;4072
2025-12-20T18:11:16Z;4332;;4332
2025-12-20T18:11:18Z;4051;;4051
2025-12-20T18:11:19Z;4328;;4328
2025-12-20T18:11:21Z;4048;;4048
2025-12-20T18:11:22Z;4291;;4291
2025-12-20T18:11:24Z;4109;;4109
2025-12-20T18:11:26Z;4309;;4309
2025-12-20T18:11:28Z;4057;;4057
2025-12-20T18:11:29Z;4311;;4311
2025-12-20T18:11:31Z;4078;;4078
2025-12-20T18:11:32Z;4330;;4330
2025-12-20T18:11:34Z;4047;;4047
2025-12-20T18:11:35Z;4316;;4316
2025-12-20T18:11:37Z;4054;;4054
2025-12-20T18:11:38Z;4295;;4295
2025-12-20T18:11:40Z;4095;;4095
2025-12-20T18:11:42Z;4294;;4294
2025-12-20T18:11:44Z;4073;;4073
2025-12-20T18:11:45Z;4326;;4326
2025-12-20T18:11:47Z;4061;;4061
2025-12-20T18:11:48Z;4333;;4333
2025-12-20T18:11:50Z;4039;;4039
2025-12-20T18:11:51Z;4291;;4291
2025-12-20T18:11:53Z;4074;;4074
2025-12-20T18:11:54Z;4292;;4292
2025-12-20T18:11:56Z;4093;;4093
2025-12-20T18:11:58Z;4311;;4311
2025-12-20T18:12:00Z;4062;;4062
2025-12-20T18:12:01Z;4327;;4327
2025-12-20T18:12:03Z;4056;;4056
2025-12-20T18:12:04Z;4340;;4340
2025-12-20T18:12:06Z;4049;;4049
2025-12-20T18:12:07Z;4316;;4316
2025-12-20T18:12:09Z;4082;;4082
2025-12-20T18:12:10Z;4320;;4320
2025-12-20T18:12:12Z;4060;;4060
2025-12-20T18:12:14Z;4322;;4322
2025-12-20T18:12:16Z;4080;;4080
2025-12-20T18:12:17Z;4342;;4342
2025-12-20T18:12:19Z;4023;;4023
2025-12-20T18:12:20Z;4337;;4337
2025-12-20T18:12:22Z;4079;;4079
2025-12-20T18:12:23Z;4323;;4323
2025-12-20T18:12:25Z;4089;;4089
2025-12-20T18:12:26Z;4343;;4343
2025-12-20T18:12:28Z;4105;;4105
2025-12-20T18:12:30Z;4329;;4329
2025-12-20T18:12:32Z;4114;;4114
2025-12-20T18:12:33Z;4264;;4264
2025-12-20T18:12:35Z;3955;;3955
2025-12-20T18:12:36Z;4221;;4221
2025-12-20T18:12:38Z;3973;;3973
2025-12-20T18:12:39Z;4220;;4220
2025-12-20T18:12:41Z;3971;;3971
2025-12-20T18:12:42Z;4231;;4231
2025-12-20T18:12:48Z;3889;;3889
2025-12-20T18:12:50Z;4155;;4155
2025-12-20T18:13:00Z;4205;;4205
2025-12-20T18:13:02Z;3924;;3924
2025-12-20T18:13:13Z;4207;;4207
2025-12-20T18:13:15Z;3921;;3921
2025-12-20T18:13:22Z;4205;;4205
2025-12-20T18:13:24Z;3920;;3920
2025-12-20T18:13:29Z;4216;;4216
2025-12-20T18:13:31Z;3923;;3923
2025-12-20T18:13:37Z;4208;;4208
2025-12-20T18:13:38Z;3923;;3923
2025-12-20T18:13:51Z;4239;;4239
2025-12-20T18:13:53Z;3931;;3931
2025-12-20T18:14:03Z;4204;;4204
2025-12-20T18:14:04Z;3966;;3966
2025-12-20T18:14:05Z;4231;;4231
2025-12-20T18:14:07Z;3941;;3941
2025-12-20T18:14:08Z;4207;;4207
2025-12-20T18:14:09Z;3943;;3943
2025-12-20T18:14:17Z;4251;;4251
2025-12-20T18:14:19Z;3965;;3965
2025-12-20T18:14:20Z;4227;;4227
2025-12-20T18:14:22Z;3981;;3981
2025-12-20T18:14:23Z;4242;;4242
2025-12-20T18:14:25Z;3943;;3943
2025-12-20T18:14:26Z;4227;;4227
2025-12-20T18:14:28Z;4008;;4008
2025-12-20T18:14:30Z;4212;;4212
2025-12-20T18:14:32Z;3974;;3974
2025-12-20T18:14:33Z;4244;;4244
2025-12-20T18:14:35Z;3999;;3999
2025-12-20T18:14:36Z;4259;;4259
2025-12-20T18:14:38Z;3963;;3963
2025-12-20T18:14:39Z;4220;;4220
2025-12-20T18:14:41Z;3987;;3987
2025-12-20T18:14:42Z;4251;;4251
2025-12-20T18:14:44Z;3967;;3967
2025-12-20T18:14:46Z;4231;;4231
2025-12-20T18:14:48Z;3993;;3993
2025-12-20T18:14:49Z;4272;;4272
2025-12-20T18:14:51Z;3999;;3999
2025-12-20T18:14:52Z;4256;;4256
2025-12-20T18:14:54Z;4006;;4006
2025-12-20T18:14:55Z;4233;;4233
2025-12-20T18:14:57Z;3942;;3942
2025-12-20T18:14:58Z;4204;;4204
2025-12-20T18:15:00Z;3972;;3972
2025-12-20T18:15:05Z;4225;;4225
2025-12-20T18:15:07Z;3945;;3945
2025-12-20T18:15:08Z;4226;;4226
2025-12-20T18:15:10Z;3954;;3954
2025-12-20T18:15:11Z;;0;3954
2025-12-20T18:15:12Z;4207;;4207
2025-12-20T18:15:13Z;3969;;3969
2025-12-20T18:15:14Z;4226;;4226
2025-12-20T18:15:16Z;3930;;3930
2025-12-20T18:15:24Z;3942;;3942
2025-12-20T18:15:31Z;4216;;4216
2025-12-20T18:15:33Z;3956;;3956
2025-12-20T18:15:34Z;4203;;4203
2025-12-20T18:15:35Z;3945;;3945
2025-12-20T18:15:37Z;4200;;4200
2025-12-20T18:15:39Z;3936;;3936
2025-12-20T18:15:45Z;4225;;4225
2025-12-20T18:15:46Z;3935;;3935
2025-12-20T18:15:47Z;4205;;4205
2025-12-20T18:15:49Z;3957;;3957
2025-12-20T18:15:50Z;4217;;4217
2025-12-20T18:15:52Z;3949;;3949
2025-12-20T18:15:58Z;4240;;4240
2025-12-20T18:15:59Z;3921;;3921
2025-12-20T18:16:00Z;4222;;4222
2025-12-20T18:16:02Z;3976;;3976
2025-12-20T18:16:03Z;4240;;4240
2025-12-20T18:16:04Z;3966;;3966
2025-12-20T18:16:06Z;4233;;4233
2025-12-20T18:16:08Z;3960;;3960
2025-12-20T18:16:09Z;4261;;4261
2025-12-20T18:16:11Z;3962;;3962
2025-12-20T18:16:12Z;4233;;4233
2025-12-20T18:16:14Z;4021;;4021
2025-12-20T18:16:15Z;4268;;4268
2025-12-20T18:16:17Z;3936;;3936
2025-12-20T18:16:18Z;4219;;4219
2025-12-20T18:16:20Z;3991;;3991
2025-12-20T18:16:22Z;4230;;4230
2025-12-20T18:16:24Z;3960;;3960
2025-12-20T18:16:25Z;4237;;4237
2025-12-20T18:16:27Z;3941;;3941
2025-12-20T18:16:28Z;4225;;4225
2025-12-20T18:16:30Z;3946;;3946
2025-12-20T18:16:36Z;4235;;4235
2025-12-20T18:16:37Z;3961;;3961
2025-12-20T18:16:38Z;4232;;4232
2025-12-20T18:16:40Z;4009;;4009
2025-12-20T18:16:41Z;4240;;4240
2025-12-20T18:16:43Z;3954;;3954
2025-12-20T18:16:44Z;4218;;4218
2025-12-20T18:16:46Z;3980;;3980
2025-12-20T18:16:47Z;4254;;4254
2025-12-20T18:16:49Z;3957;;3957
2025-12-20T18:16:50Z;4229;;4229
2025-12-20T18:16:52Z;3996;;3996
2025-12-20T18:16:54Z;4269;;4269
2025-12-20T18:16:56Z;3983;;3983
2025-12-20T18:16:57Z;4239;;4239
2025-12-20T18:16:59Z;4005;;4005
2025-12-20T18:17:00Z;4283;;4283
2025-12-20T18:17:02Z;3964;;3964
2025-12-20T18:17:03Z;4253;;4253
2025-12-20T18:17:05Z;3981;;3981
2025-12-20T18:17:06Z;4217;;4217
2025-12-20T18:17:08Z;4019;;4019
2025-12-20T18:17:10Z;4241;;4241
2025-12-20T18:17:12Z;4014;;4014
2025-12-20T18:17:13Z;4289;;4289
2025-12-20T18:17:15Z;3994;;3994
2025-12-20T18:17:16Z;4286;;4286
2025-12-20T18:17:18Z;3993;;3993
2025-12-20T18:17:19Z;4266;;4266
2025-12-20T18:17:21Z;4031;;4031
2025-12-20T18:17:22Z;4294;;4294
2025-12-20T18:17:24Z;4024;;4024
2025-12-20T18:17:26Z;4291;;4291
2025-12-20T18:17:28Z;4008;;4008
2025-12-20T18:17:29Z;4291;;4291
2025-12-20T18:17:31Z;3998;;3998
2025-12-20T18:17:32Z;4274;;4274
2025-12-20T18:17:34Z;4057;;4057
2025-12-20T18:17:35Z;4310;;4310
2025-12-20T18:17:37Z;4002;;4002
2025-12-20T18:17:38Z;4234;;4234
2025-12-20T18:17:40Z;4047;;4047
2025-12-20T18:17:42Z;4280;;4280
2025-12-20T18:17:44Z;4011;;4011
2025-12-20T18:17:45Z;4272;;4272
2025-12-20T18:17:47Z;4006;;4006
2025-12-20T18:17:48Z;4285;;4285
2025-12-20T18:17:50Z;4000;;4000
2025-12-20T18:17:51Z;4280;;4280
2025-12-20T18:17:53Z;4024;;4024
2025-12-20T18:17:54Z;4255;;4255
2025-12-20T18:17:56Z;4027;;4027
2025-12-20T18:17:58Z;4300;;4300
2025-12-20T18:18:00Z;3993;;3993
2025-12-20T18:18:01Z;4280;;4280
2025-12-20T18:18:03Z;4026;;4026
2025-12-20T18:18:04Z;4314;;4314
2025-12-20T18:18:06Z;4019;;4019
2025-12-20T18:18:07Z;4298;;4298
2025-12-20T18:18:09Z;3990;;3990
2025-12-20T18:18:10Z;4249;;4249
2025-12-20T18:18:12Z;4082;;4082
2025-12-20T18:18:14Z;4284;;4284
2025-12-20T18:18:16Z;4174;;4174
2025-12-20T18:18:17Z;4459;;4459
2025-12-20T18:18:19Z;4000;;4000
2025-12-20T18:18:20Z;4423;;4423
2025-12-20T18:18:22Z;4178;;4178
2025-12-20T18:18:23Z;4291;;4291
2025-12-20T18:18:25Z;4010;;4010
2025-12-20T18:18:32Z;4236;;4236
2025-12-20T18:18:33Z;4074;;4074
2025-12-20T18:18:34Z;4311;;4311
2025-12-20T18:18:35Z;4017;;4017
2025-12-20T18:18:36Z;4267;;4267
2025-12-20T18:18:38Z;4029;;4029
2025-12-20T18:18:39Z;4334;;4334
2025-12-20T18:18:40Z;4025;;4025
2025-12-20T18:18:41Z;4336;;4336
2025-12-20T18:18:42Z;4045;;4045
2025-12-20T18:18:44Z;4267;;4267
2025-12-20T18:18:45Z;4074;;4074
2025-12-20T18:18:46Z;4337;;4337
2025-12-20T18:18:48Z;4026;;4026
2025-12-20T18:18:49Z;4304;;4304
2025-12-20T18:18:51Z;4062;;4062
2025-12-20T18:18:52Z;4324;;4324
2025-12-20T18:18:54Z;4027;;4027
2025-12-20T18:18:55Z;4308;;4308
2025-12-20T18:18:57Z;4073;;4073
2025-12-20T18:18:58Z;4280;;4280
2025-12-20T18:19:00Z;4112;;4112
2025-12-20T18:19:02Z;4347;;4347
2025-12-20T18:19:04Z;4045;;4045
2025-12-20T18:19:05Z;4319;;4319
2025-12-20T18:19:07Z;4078;;4078
2025-12-20T18:19:08Z;4366;;4366
2025-12-20T18:19:10Z;4045;;4045
2025-12-20T18:19:11Z;4309;;4309
2025-12-20T18:19:13Z;4081;;4081
2025-12-20T18:19:14Z;4265;;4265
2025-12-20T18:19:16Z;4121;;4121
2025-12-20T18:19:18Z;4334;;4334
2025-12-20T18:19:20Z;4062;;4062
2025-12-20T18:19:21Z;4320;;4320
2025-12-20T18:19:23Z;4053;;4053
2025-12-20T18:19:24Z;4310;;4310
2025-12-20T18:19:26Z;4075;;4075
2025-12-20T18:19:27Z;4336;;4336
2025-12-20T18:19:29Z;4028;;4028
2025-12-20T18:19:34Z;4321;;4321
2025-12-20T18:19:36Z;4050;;4050
2025-12-20T18:19:37Z;4307;;4307
2025-12-20T18:19:39Z;4064;;4064
2025-12-20T18:19:40Z;4334;;4334
2025-12-20T18:19:42Z;4048;;4048
2025-12-20T18:19:43Z;4287;;4287
2025-12-20T18:19:45Z;4082;;4082
2025-12-20T18:19:46Z;4216;;4216
2025-12-20T18:19:48Z;4163;;4163
2025-12-20T18:19:50Z;4218;;4218
2025-12-20T18:19:52Z;3815;;3815
2025-12-20T18:19:53Z;4014;;4014
2025-12-20T18:19:55Z;3699;;3699
2025-12-20T18:19:56Z;3977;;3977
2025-12-20T18:19:58Z;3705;;3705
2025-12-20T18:19:59Z;3954;;3954
2025-12-20T18:20:01Z;3694;;3694
2025-12-20T18:20:06Z;3935;;3935
2025-12-20T18:20:08Z;3700;;3700
2025-12-20T18:20:09Z;3960;;3960
2025-12-20T18:20:11Z;3706;;3706
2025-12-20T18:20:12Z;3575;;3575
2025-12-20T18:20:13Z;3908;;3908
2025-12-20T18:20:14Z;1259;;1259
2025-12-20T18:20:15Z;1161;;1161
2025-12-20T18:20:17Z;1434;;1434
2025-12-20T18:20:18Z;1162;;1162
2025-12-20T18:20:19Z;1301;;1301
2025-12-20T18:20:20Z;1151;;1151
2025-12-20T18:20:22Z;1425;;1425
2025-12-20T18:20:24Z;1149;;1149
2025-12-20T18:20:25Z;1434;;1434
2025-12-20T18:20:27Z;1149;;1149
2025-12-20T18:20:28Z;1423;;1423
2025-12-20T18:20:30Z;1148;;1148
2025-12-20T18:20:31Z;1421;;1421
2025-12-20T18:20:33Z;1149;;1149
2025-12-20T18:20:34Z;1277;;1277
2025-12-20T18:20:36Z;1148;;1148
2025-12-20T18:20:38Z;1440;;1440
2025-12-20T18:20:40Z;1163;;1163
2025-12-20T18:20:41Z;1446;;1446
2025-12-20T18:20:43Z;1164;;1164
2025-12-20T18:20:44Z;1441;;1441
2025-12-20T18:20:46Z;1161;;1161
2025-12-20T18:20:47Z;1434;;1434
2025-12-20T18:20:49Z;1163;;1163
2025-12-20T18:20:50Z;1280;;1280
2025-12-20T18:20:52Z;1151;;1151
2025-12-20T18:20:54Z;1436;;1436
2025-12-20T18:20:56Z;1153;;1153
2025-12-20T18:20:57Z;1427;;1427
2025-12-20T18:20:59Z;1147;;1147
2025-12-20T18:21:00Z;1421;;1421
2025-12-20T18:21:02Z;1145;;1145
2025-12-20T18:21:03Z;1425;;1425
2025-12-20T18:21:05Z;1150;;1150
2025-12-20T18:21:06Z;1290;;1290
2025-12-20T18:21:08Z;1142;;1142
2025-12-20T18:21:10Z;1427;;1427
2025-12-20T18:21:12Z;1153;;1153
2025-12-20T18:21:13Z;1428;;1428
2025-12-20T18:21:15Z;1146;;1146
2025-12-20T18:21:16Z;1437;;1437
2025-12-20T18:21:17Z;1893;;1893
2025-12-20T18:21:19Z;1241;;1241
2025-12-20T18:21:20Z;1502;;1502
2025-12-20T18:21:21Z;1221;;1221
2025-12-20T18:22:14Z;1504;;1504
2025-12-20T18:22:16Z;1209;;1209
2025-12-20T18:23:26Z;1152;;1152
2025-12-20T18:23:28Z;1440;;1440
2025-12-20T18:23:29Z;1155;;1155
2025-12-20T18:23:30Z;1383;;1383
2025-12-20T18:23:32Z;1161;;1161
2025-12-20T18:23:34Z;1461;;1461
2025-12-20T18:23:36Z;1176;;1176
2025-12-20T18:23:37Z;1449;;1449
2025-12-20T18:23:39Z;1168;;1168
2025-12-20T18:23:40Z;1455;;1455
2025-12-20T18:23:42Z;1161;;1161
2025-12-20T18:23:43Z;1447;;1447
2025-12-20T18:23:45Z;1168;;1168
2025-12-20T18:23:46Z;1402;;1402
2025-12-20T18:23:48Z;1165;;1165
2025-12-20T18:23:50Z;1455;;1455
2025-12-20T18:23:52Z;1170;;1170
2025-12-20T18:23:53Z;1446;;1446
2025-12-20T18:23:55Z;1159;;1159
2025-12-20T18:23:56Z;1454;;1454
2025-12-20T18:23:58Z;1184;;1184
2025-12-20T18:23:59Z;1466;;1466
2025-12-20T18:24:01Z;1180;;1180
2025-12-20T18:24:02Z;1419;;1419
2025-12-20T18:24:04Z;1188;;1188
2025-12-20T18:24:06Z;1461;;1461
2025-12-20T18:24:08Z;1175;;1175
2025-12-20T18:24:09Z;1465;;1465
2025-12-20T18:24:10Z;1179;;1179
2025-12-20T18:24:12Z;1470;;1470
2025-12-20T18:24:14Z;1184;;1184
2025-12-20T18:24:15Z;1463;;1463
2025-12-20T18:24:17Z;1177;;1177
2025-12-20T18:24:18Z;1425;;1425
2025-12-20T18:24:20Z;1183;;1183
2025-12-20T18:24:22Z;1466;;1466
2025-12-20T18:24:24Z;1176;;1176
2025-12-20T18:24:25Z;1468;;1468
2025-12-20T18:24:27Z;1178;;1178
2025-12-20T18:24:28Z;1471;;1471
2025-12-20T18:24:30Z;1184;;1184
2025-12-20T18:24:31Z;1432;;1432
2025-12-20T18:24:33Z;1172;;1172
2025-12-20T18:24:34Z;1425;;1425
2025-12-20T18:24:39Z;1639;;1639
2025-12-20T18:24:40Z;1264;;1264
2025-12-20T18:24:41Z;1183;;1183
2025-12-20T18:24:44Z;1477;;1477
2025-12-20T18:24:46Z;1191;;1191
2025-12-20T18:24:48Z;1488;;1488
2025-12-20T18:24:49Z;1199;;1199
2025-12-20T18:24:50Z;1453;;1453
2025-12-20T18:24:55Z;1507;;1507
2025-12-20T18:24:56Z;1210;;1210
2025-12-20T18:25:02Z;1643;;1643
2025-12-20T18:25:03Z;1351;;1351
2025-12-20T18:25:04Z;1191;;1191
2025-12-20T18:25:06Z;1450;;1450
2025-12-20T18:25:08Z;1188;;1188
2025-12-20T18:25:10Z;1480;;1480
2025-12-20T18:25:12Z;1189;;1189
2025-12-20T18:25:13Z;1479;;1479
2025-12-20T18:25:15Z;1195;;1195
2025-12-20T18:25:17Z;1487;;1487
2025-12-20T18:25:30Z;1197;;1197
2025-12-20T18:25:32Z;1259;;1259
2025-12-20T18:25:33Z;1500;;1500
2025-12-20T18:25:34Z;1207;;1207
2025-12-20T18:25:52Z;1508;;1508
2025-12-20T18:25:53Z;1214;;1214
2025-12-20T18:25:54Z;1500;;1500
2025-12-20T18:26:00Z;1212;;1212
2025-12-20T18:26:57Z;1163;;1163
2025-12-20T18:26:59Z;1440;;1440
2025-12-20T18:27:01Z;1183;;1183
2025-12-20T18:27:03Z;1454;;1454
2025-12-20T18:27:05Z;1164;;1164
2025-12-20T18:27:06Z;1315;;1315
2025-12-20T18:27:08Z;1025;;1025
2025-12-20T18:27:09Z;1570;;1570
2025-12-20T18:27:10Z;1443;;1443
2025-12-20T18:27:11Z;1157;;1157
2025-12-20T18:27:12Z;1451;;1451
2025-12-20T18:27:14Z;1171;;1171
2025-12-20T18:27:15Z;1453;;1453
2025-12-20T18:27:17Z;1059;;1059
2025-12-20T18:27:19Z;1872;;1872
2025-12-20T18:27:21Z;1191;;1191
2025-12-20T18:27:22Z;1476;;1476
2025-12-20T18:27:24Z;1188;;1188
2025-12-20T18:27:25Z;1465;;1465
2025-12-20T18:27:27Z;1184;;1184
2025-12-20T18:27:28Z;1475;;1475
2025-12-20T18:27:30Z;1169;;1169
2025-12-20T18:27:31Z;1427;;1427
2025-12-20T18:27:33Z;1167;;1167
2025-12-20T18:27:35Z;1433;;1433
2025-12-20T18:27:37Z;1142;;1142
2025-12-20T18:27:38Z;1439;;1439
2025-12-20T18:27:40Z;1151;;1151
2025-12-20T18:27:41Z;1437;;1437
2025-12-20T18:27:43Z;1145;;1145
2025-12-20T18:27:44Z;1431;;1431
2025-12-20T18:27:46Z;1151;;1151
2025-12-20T18:27:47Z;1442;;1442
2025-12-20T18:27:49Z;1167;;1167
2025-12-20T18:27:51Z;1444;;1444
2025-12-20T18:27:53Z;1147;;1147
2025-12-20T18:27:54Z;1446;;1446
2025-12-20T18:27:56Z;1160;;1160
2025-12-20T18:27:57Z;1444;;1444
2025-12-20T18:27:59Z;1154;;1154
2025-12-20T18:28:00Z;1437;;1437
2025-12-20T18:28:02Z;1151;;1151
2025-12-20T18:28:03Z;1436;;1436
2025-12-20T18:28:05Z;1163;;1163
2025-12-20T18:28:07Z;1446;;1446
2025-12-20T18:28:09Z;1152;;1152
2025-12-20T18:28:10Z;1433;;1433
2025-12-20T18:28:12Z;1147;;1147
2025-12-20T18:28:13Z;1438;;1438
2025-12-20T18:28:15Z;1150;;1150
2025-12-20T18:28:16Z;1439;;1439
2025-12-20T18:28:18Z;1152;;1152
2025-12-20T18:28:19Z;1438;;1438
2025-12-20T18:28:21Z;1168;;1168
2025-12-20T18:28:23Z;1440;;1440
2025-12-20T18:28:25Z;1159;;1159
2025-12-20T18:28:26Z;1437;;1437
2025-12-20T18:28:28Z;1147;;1147
2025-12-20T18:28:29Z;1444;;1444
2025-12-20T18:28:31Z;1156;;1156
2025-12-20T18:28:32Z;1438;;1438
2025-12-20T18:28:34Z;1155;;1155
2025-12-20T18:28:35Z;1432;;1432
2025-12-20T18:28:37Z;1163;;1163
2025-12-20T18:28:39Z;1434;;1434
2025-12-20T18:28:41Z;1147;;1147
2025-12-20T18:28:42Z;1442;;1442
2025-12-20T18:28:44Z;1157;;1157
2025-12-20T18:28:45Z;1444;;1444
2025-12-20T18:28:47Z;1154;;1154
2025-12-20T18:30:11Z;;0;1154
2025-12-20T18:30:22Z;1151;;1151
2025-12-20T18:30:33Z;1201;;1201
2025-12-20T18:30:35Z;1154;;1154
2025-12-20T18:32:04Z;1207;;1207
2025-12-20T18:32:22Z;1161;;1161
2025-12-20T18:33:23Z;1454;;1454
2025-12-20T18:33:25Z;1501;;1501
2025-12-20T18:34:49Z;1183;;1183
2025-12-20T18:34:50Z;1451;;1451
2025-12-20T18:34:52Z;1559;;1559
2025-12-20T18:34:55Z;2021;;2021
2025-12-20T18:34:57Z;1729;;1729
2025-12-20T18:34:58Z;2151;;2151
2025-12-20T18:35:45Z;1736;;1736
2025-12-20T18:35:47Z;1965;;1965
2025-12-20T18:35:50Z;2104;;2104
2025-12-20T18:36:32Z;1785;;1785
2025-12-20T18:36:35Z;1928;;1928
2025-12-20T18:36:38Z;1758;;1758
2025-12-20T18:36:40Z;1927;;1927
2025-12-20T18:36:43Z;2139;;2139
2025-12-20T18:37:28Z;3443;;3443
2025-12-20T18:38:14Z;3203;;3203
2025-12-20T18:38:15Z;2962;;2962
2025-12-20T18:38:17Z;3049;;3049
2025-12-20T18:38:19Z;3338;;3338
2025-12-20T18:39:04Z;3600;;3600
2025-12-20T18:39:05Z;2999;;2999
2025-12-20T18:39:06Z;3291;;3291
2025-12-20T18:39:12Z;2965;;2965
2025-12-20T18:39:14Z;3265;;3265
2025-12-20T18:39:16Z;2964;;2964
2025-12-20T18:39:17Z;3253;;3253
2025-12-20T18:39:19Z;2980;;2980
2025-12-20T18:39:20Z;3267;;3267
2025-12-20T18:39:22Z;2929;;2929
2025-12-20T18:39:24Z;3211;;3211
2025-12-20T18:39:25Z;2925;;2925
2025-12-20T18:39:27Z;3216;;3216
2025-12-20T18:39:29Z;2929;;2929
2025-12-20T18:39:30Z;3211;;3211
2025-12-20T18:39:32Z;2935;;2935
2025-12-20T18:39:33Z;3210;;3210
2025-12-20T18:39:35Z;2928;;2928
2025-12-20T18:39:36Z;3216;;3216
2025-12-20T18:39:38Z;2927;;2927
2025-12-20T18:39:40Z;3216;;3216
2025-12-20T18:39:41Z;2929;;2929
2025-12-20T18:39:43Z;3226;;3226
2025-12-20T18:39:45Z;2936;;2936
2025-12-20T18:39:46Z;3233;;3233
2025-12-20T18:39:48Z;2939;;2939
2025-12-20T18:39:49Z;3222;;3222
2025-12-20T18:39:51Z;2944;;2944
2025-12-20T18:39:52Z;3229;;3229
2025-12-20T18:39:54Z;2944;;2944
2025-12-20T18:39:56Z;3228;;3228
2025-12-20T18:39:57Z;2929;;2929
2025-12-20T18:39:59Z;3224;;3224
2025-12-20T18:40:01Z;2941;;2941
2025-12-20T18:40:02Z;3220;;3220
2025-12-20T18:40:04Z;2933;;2933
2025-12-20T18:40:05Z;3223;;3223
2025-12-20T18:40:07Z;2942;;2942
2025-12-20T18:40:08Z;3220;;3220
2025-12-20T18:40:10Z;2931;;2931
2025-12-20T18:40:12Z;3218;;3218
2025-12-20T18:40:13Z;2935;;2935
2025-12-20T18:40:15Z;3221;;3221
2025-12-20T18:40:17Z;2941;;2941
2025-12-20T18:40:18Z;3235;;3235
2025-12-20T18:40:20Z;2934;;2934
2025-12-20T18:40:21Z;3213;;3213
2025-12-20T18:40:23Z;2937;;2937
2025-12-20T18:40:24Z;3222;;3222
2025-12-20T18:40:26Z;2969;;2969
2025-12-20T18:40:28Z;3247;;3247
2025-12-20T18:40:29Z;2958;;2958
2025-12-20T18:40:31Z;3242;;3242
2025-12-20T18:40:33Z;2946;;2946
2025-12-20T18:40:34Z;3243;;3243
2025-12-20T18:40:36Z;2949;;2949
2025-12-20T18:40:37Z;3238;;3238
2025-12-20T18:40:39Z;2950;;2950
2025-12-20T18:40:40Z;3273;;3273
2025-12-20T18:40:42Z;2958;;2958
2025-12-20T18:40:44Z;3248;;3248
2025-12-20T18:40:47Z;3346;;3346
2025-12-20T18:40:50Z;4209;;4209
2025-12-20T18:40:52Z;4144;;4144
2025-12-20T18:40:54Z;4434;;4434
2025-12-20T18:40:55Z;4168;;4168
2025-12-20T18:40:56Z;4426;;4426
2025-12-20T18:41:01Z;4141;;4141
2025-12-20T18:41:03Z;4228;;4228
2025-12-20T18:41:04Z;4163;;4163
2025-12-20T18:41:06Z;4349;;4349
2025-12-20T18:41:08Z;4076;;4076
2025-12-20T18:41:09Z;4315;;4315
2025-12-20T18:41:11Z;4074;;4074
2025-12-20T18:41:12Z;4333;;4333
2025-12-20T18:41:14Z;4085;;4085
2025-12-20T18:41:16Z;4321;;4321
2025-12-20T18:41:17Z;4089;;4089
2025-12-20T18:41:19Z;4359;;4359
2025-12-20T18:41:21Z;4108;;4108
2025-12-20T18:41:22Z;4366;;4366
2025-12-20T18:41:24Z;4094;;4094
2025-12-20T18:41:25Z;4357;;4357
2025-12-20T18:41:27Z;4116;;4116
2025-12-20T18:41:28Z;4338;;4338
2025-12-20T18:41:30Z;4098;;4098
2025-12-20T18:41:34Z;4385;;4385
2025-12-20T18:41:40Z;4117;;4117
2025-12-20T18:41:42Z;4371;;4371
2025-12-20T18:41:44Z;4110;;4110
2025-12-20T18:41:46Z;3189;;3189
2025-12-20T18:41:47Z;2883;;2883
2025-12-20T18:41:49Z;3166;;3166
2025-12-20T18:41:50Z;2894;;2894
2025-12-20T18:41:52Z;3178;;3178
2025-12-20T18:41:54Z;2893;;2893
2025-12-20T18:41:55Z;3299;;3299
2025-12-20T18:41:57Z;2982;;2982
2025-12-20T18:41:58Z;3258;;3258
2025-12-20T18:42:00Z;2592;;2592
2025-12-20T18:42:01Z;2790;;2790
2025-12-20T18:42:03Z;2512;;2512
2025-12-20T18:42:05Z;2783;;2783
2025-12-20T18:42:06Z;2514;;2514
2025-12-20T18:42:08Z;2777;;2777
2025-12-20T18:42:10Z;2483;;2483
2025-12-20T18:42:11Z;2779;;2779
2025-12-20T18:42:13Z;2518;;2518
2025-12-20T18:42:14Z;2801;;2801
2025-12-20T18:42:16Z;2486;;2486
2025-12-20T18:42:17Z;2782;;2782
2025-12-20T18:42:19Z;2487;;2487
2025-12-20T18:42:21Z;2800;;2800
2025-12-20T18:42:22Z;2483;;2483
2025-12-20T18:42:24Z;2787;;2787
2025-12-20T18:42:26Z;2440;;2440
2025-12-20T18:42:27Z;2742;;2742
2025-12-20T18:42:29Z;2456;;2456
2025-12-20T18:42:30Z;2750;;2750
2025-12-20T18:42:32Z;2455;;2455
2025-12-20T18:42:33Z;2732;;2732
2025-12-20T18:42:35Z;2665;;2665
2025-12-20T18:42:36Z;2729;;2729
2025-12-20T18:42:38Z;2459;;2459
2025-12-20T18:42:40Z;2754;;2754
2025-12-20T18:42:42Z;2445;;2445
2025-12-20T18:42:43Z;2731;;2731
2025-12-20T18:42:45Z;2443;;2443
2025-12-20T18:42:46Z;2759;;2759
2025-12-20T18:42:48Z;2457;;2457
2025-12-20T18:42:49Z;2765;;2765
2025-12-20T18:42:51Z;2646;;2646
2025-12-20T18:42:52Z;2726;;2726
2025-12-20T18:42:54Z;2439;;2439
2025-12-20T18:42:56Z;2735;;2735
2025-12-20T18:42:58Z;2471;;2471
2025-12-20T18:43:04Z;3103;;3103
2025-12-20T18:43:05Z;2802;;2802
2025-12-20T18:43:06Z;3252;;3252
2025-12-20T18:43:08Z;2964;;2964
2025-12-20T18:43:09Z;3320;;3320
2025-12-20T18:43:10Z;2975;;2975
2025-12-20T18:43:12Z;3124;;3124
2025-12-20T18:43:13Z;3334;;3334
2025-12-20T18:43:14Z;4060;;4060
2025-12-20T18:43:15Z;3113;;3113
2025-12-20T18:43:16Z;3405;;3405
2025-12-20T18:43:18Z;3044;;3044
2025-12-20T18:43:19Z;3371;;3371
2025-12-20T18:43:20Z;3020;;3020
2025-12-20T18:43:21Z;3522;;3522
2025-12-20T18:43:23Z;2722;;2722
2025-12-20T18:43:24Z;3137;;3137
2025-12-20T18:43:26Z;2830;;2830
2025-12-20T18:43:28Z;3197;;3197
2025-12-20T18:43:30Z;2904;;2904
2025-12-20T18:43:31Z;3213;;3213
2025-12-20T18:43:33Z;2859;;2859
2025-12-20T18:43:34Z;2484;;2484
2025-12-20T18:43:35Z;2856;;2856
2025-12-20T18:43:36Z;2491;;2491
2025-12-20T18:43:37Z;2846;;2846
2025-12-20T18:43:39Z;2480;;2480
2025-12-20T18:43:41Z;2834;;2834
2025-12-20T18:43:42Z;2478;;2478
2025-12-20T18:43:45Z;1655;;1655
2025-12-20T18:43:46Z;1247;;1247
2025-12-20T18:43:47Z;1630;;1630
2025-12-20T18:43:49Z;1250;;1250
2025-12-20T18:43:51Z;1636;;1636
2025-12-20T18:43:52Z;1247;;1247
2025-12-20T18:43:53Z;1637;;1637
2025-12-20T18:43:55Z;1458;;1458
2025-12-20T18:43:56Z;1632;;1632
2025-12-20T18:43:58Z;1240;;1240
2025-12-20T18:44:01Z;1636;;1636
2025-12-20T18:44:02Z;1248;;1248
2025-12-20T18:44:04Z;2827;;2827
2025-12-20T18:44:05Z;2498;;2498
2025-12-20T18:44:06Z;2858;;2858
2025-12-20T18:44:08Z;2482;;2482
2025-12-20T18:44:09Z;2849;;2849
2025-12-20T18:44:11Z;2658;;2658
2025-12-20T18:44:12Z;2865;;2865
2025-12-20T18:44:14Z;2485;;2485
2025-12-20T18:44:16Z;2844;;2844
2025-12-20T18:44:18Z;2476;;2476
2025-12-20T18:44:19Z;2838;;2838
2025-12-20T18:44:21Z;2473;;2473
2025-12-20T18:44:22Z;2850;;2850
2025-12-20T18:44:24Z;2484;;2484
2025-12-20T18:44:25Z;2846;;2846
2025-12-20T18:44:27Z;2639;;2639
2025-12-20T18:44:28Z;2873;;2873
2025-12-20T18:44:30Z;2503;;2503
2025-12-20T18:44:32Z;2723;;2723
2025-12-20T18:44:33Z;2501;;2501
2025-12-20T18:44:35Z;2870;;2870
2025-12-20T18:44:37Z;2493;;2493
2025-12-20T18:44:38Z;2879;;2879
2025-12-20T18:44:40Z;2505;;2505
2025-12-20T18:44:41Z;2880;;2880
2025-12-20T18:44:43Z;2657;;2657
2025-12-20T18:44:44Z;2901;;2901
2025-12-20T18:44:46Z;2524;;2524
2025-12-20T18:44:48Z;2741;;2741
2025-12-20T18:44:49Z;2525;;2525
2025-12-20T18:44:51Z;2915;;2915
2025-12-20T18:44:53Z;2537;;2537
2025-12-20T18:44:54Z;2901;;2901
2025-12-20T18:44:56Z;2519;;2519
2025-12-20T18:44:57Z;2897;;2897
2025-12-20T18:44:59Z;2673;;2673
2025-12-20T18:45:00Z;2894;;2894
2025-12-20T18:45:04Z;2525;;2525
2025-12-20T18:45:05Z;2757;;2757
2025-12-20T18:45:07Z;2527;;2527
2025-12-20T18:45:08Z;2903;;2903
2025-12-20T18:45:09Z;2519;;2519
2025-12-20T18:45:10Z;2900;;2900
2025-12-20T18:45:11Z;;0;2900
2025-12-20T18:45:12Z;2519;;2519
2025-12-20T18:45:13Z;1300;;1300
2025-12-20T18:45:14Z;1707;;1707
2025-12-20T18:45:15Z;1442;;1442
2025-12-20T18:45:16Z;1682;;1682
2025-12-20T18:45:18Z;1282;;1282
2025-12-20T18:45:20Z;1535;;1535
2025-12-20T18:45:21Z;1286;;1286
2025-12-20T18:45:26Z;1686;;1686
2025-12-20T18:45:33Z;1679;;1679
2025-12-20T18:45:34Z;1274;;1274
2025-12-20T18:45:35Z;1688;;1688
2025-12-20T18:45:36Z;1273;;1273
2025-12-20T18:45:38Z;1669;;1669
2025-12-20T18:45:39Z;1425;;1425
2025-12-20T18:45:40Z;1686;;1686
2025-12-20T18:45:41Z;1265;;1265
2025-12-20T18:45:42Z;1682;;1682
2025-12-20T18:45:44Z;1274;;1274
2025-12-20T18:45:45Z;1674;;1674
2025-12-20T18:45:46Z;1271;;1271
2025-12-20T18:45:47Z;1761;;1761
2025-12-20T18:45:48Z;2641;;2641
2025-12-20T18:45:50Z;3039;;3039
2025-12-20T18:45:51Z;2981;;2981
2025-12-20T18:45:52Z;4070;;4070
2025-12-20T18:47:51Z;2917;;2917
2025-12-20T18:48:22Z;4013;;4013
2025-12-20T18:48:51Z;2886;;2886
2025-12-20T18:49:00Z;3876;;3876
2025-12-20T18:49:02Z;4341;;4341
2025-12-20T18:49:03Z;4025;;4025
2025-12-20T18:49:09Z;2878;;2878
2025-12-20T18:49:12Z;3885;;3885
2025-12-20T18:49:13Z;4263;;4263
2025-12-20T18:49:14Z;4034;;4034
2025-12-20T18:49:41Z;2889;;2889
2025-12-20T18:50:13Z;1447;;1447
2025-12-20T18:50:21Z;1616;;1616
2025-12-20T18:50:22Z;2963;;2963
2025-12-20T18:50:23Z;3022;;3022
2025-12-20T18:51:44Z;1911;;1911
2025-12-20T18:52:14Z;3077;;3077
2025-12-20T18:52:32Z;2484;;2484
2025-12-20T18:52:34Z;2834;;2834
2025-12-20T18:52:42Z;2484;;2484
2025-12-20T18:52:43Z;2847;;2847
2025-12-20T18:52:44Z;2501;;2501
2025-12-20T18:52:46Z;2862;;2862
2025-12-20T18:52:47Z;2501;;2501
2025-12-20T18:52:48Z;2867;;2867
2025-12-20T18:52:50Z;2500;;2500
2025-12-20T18:52:51Z;2887;;2887
2025-12-20T18:52:53Z;2512;;2512
2025-12-20T18:52:55Z;2931;;2931
2025-12-20T18:52:56Z;2509;;2509
2025-12-20T18:52:58Z;2878;;2878
2025-12-20T18:52:59Z;2505;;2505
2025-12-20T18:53:01Z;2874;;2874
2025-12-20T18:53:02Z;2513;;2513
2025-12-20T18:53:04Z;2884;;2884
2025-12-20T18:53:06Z;2513;;2513
2025-12-20T18:53:07Z;2881;;2881
2025-12-20T18:53:09Z;2505;;2505
2025-12-20T18:53:11Z;2951;;2951
2025-12-20T18:53:12Z;1277;;1277
2025-12-20T18:53:13Z;1688;;1688
2025-12-20T18:53:15Z;1278;;1278
2025-12-20T18:53:17Z;1666;;1666
2025-12-20T18:53:18Z;1277;;1277
2025-12-20T18:53:21Z;1677;;1677
2025-12-20T18:53:22Z;1288;;1288
2025-12-20T18:53:23Z;1684;;1684
2025-12-20T18:53:25Z;1275;;1275
2025-12-20T18:53:27Z;1673;;1673
2025-12-20T18:53:29Z;1259;;1259
2025-12-20T18:53:30Z;1671;;1671
2025-12-20T18:53:32Z;1261;;1261
2025-12-20T18:53:33Z;1660;;1660
2025-12-20T18:53:34Z;1267;;1267
2025-12-20T18:53:37Z;1670;;1670
2025-12-20T18:53:38Z;1280;;1280
2025-12-20T18:53:40Z;1684;;1684
2025-12-20T18:53:41Z;2491;;2491
2025-12-20T18:53:43Z;2898;;2898
2025-12-20T18:53:44Z;2509;;2509
2025-12-20T18:53:46Z;2887;;2887
2025-12-20T18:53:47Z;2511;;2511
2025-12-20T18:53:49Z;2887;;2887
2025-12-20T18:53:50Z;2508;;2508
2025-12-20T18:53:52Z;2892;;2892
2025-12-20T18:53:54Z;1254;;1254
2025-12-20T18:53:55Z;1658;;1658
2025-12-20T18:53:58Z;1247;;1247
2025-12-20T18:53:59Z;1663;;1663
2025-12-20T18:54:00Z;1257;;1257
2025-12-20T18:54:02Z;1663;;1663
2025-12-20T18:54:03Z;1247;;1247
2025-12-20T18:54:05Z;1660;;1660
2025-12-20T18:54:06Z;1243;;1243
2025-12-20T18:54:08Z;1665;;1665
2025-12-20T18:54:10Z;1256;;1256
2025-12-20T18:54:11Z;1665;;1665
2025-12-20T18:54:13Z;1255;;1255
2025-12-20T18:54:15Z;1665;;1665
2025-12-20T18:54:17Z;1248;;1248
2025-12-20T18:54:18Z;1671;;1671
2025-12-20T18:54:20Z;1253;;1253
2025-12-20T18:54:21Z;1666;;1666
2025-12-20T18:54:22Z;1256;;1256
2025-12-20T18:54:25Z;1669;;1669
2025-12-20T18:54:26Z;1254;;1254
2025-12-20T18:54:27Z;1666;;1666
2025-12-20T18:54:29Z;1249;;1249
2025-12-20T18:54:31Z;1664;;1664
2025-12-20T18:54:32Z;1247;;1247
2025-12-20T18:54:34Z;1673;;1673
2025-12-20T18:54:36Z;1257;;1257
2025-12-20T18:54:37Z;1668;;1668
2025-12-20T18:54:38Z;1245;;1245
2025-12-20T18:54:40Z;1655;;1655
2025-12-20T18:54:42Z;1240;;1240
2025-12-20T18:54:44Z;1660;;1660
2025-12-20T18:54:45Z;1236;;1236
2025-12-20T18:54:47Z;1663;;1663
2025-12-20T18:54:48Z;1232;;1232
2025-12-20T18:54:50Z;1650;;1650
2025-12-20T18:54:51Z;1253;;1253
2025-12-20T18:54:53Z;1670;;1670
2025-12-20T18:54:54Z;1243;;1243
2025-12-20T18:54:57Z;1675;;1675
2025-12-20T18:54:58Z;1258;;1258
2025-12-20T18:54:59Z;1664;;1664
2025-12-20T18:55:01Z;1247;;1247
2025-12-20T18:55:03Z;1669;;1669
2025-12-20T18:55:04Z;1242;;1242
2025-12-20T18:55:06Z;1674;;1674
2025-12-20T18:55:07Z;1246;;1246
2025-12-20T18:55:09Z;1677;;1677
2025-12-20T18:55:11Z;1250;;1250
2025-12-20T18:55:12Z;1673;;1673
2025-12-20T18:55:14Z;1254;;1254
2025-12-20T18:55:15Z;1665;;1665
2025-12-20T18:55:18Z;1242;;1242
2025-12-20T18:55:19Z;1671;;1671
2025-12-20T18:55:21Z;1251;;1251
2025-12-20T18:55:22Z;1673;;1673
2025-12-20T18:55:23Z;1242;;1242
2025-12-20T18:55:25Z;1657;;1657
2025-12-20T18:55:26Z;1248;;1248
2025-12-20T18:55:28Z;1662;;1662
2025-12-20T18:55:30Z;1247;;1247
2025-12-20T18:55:31Z;1666;;1666
2025-12-20T18:55:36Z;1246;;1246
2025-12-20T18:55:38Z;1667;;1667
2025-12-20T18:55:39Z;1254;;1254
2025-12-20T18:55:41Z;1669;;1669
2025-12-20T18:55:42Z;1275;;1275
2025-12-20T18:55:45Z;1678;;1678
2025-12-20T18:55:46Z;1248;;1248
2025-12-20T18:55:47Z;1678;;1678
2025-12-20T18:55:49Z;1249;;1249
2025-12-20T18:55:51Z;1686;;1686
2025-12-20T18:55:52Z;1267;;1267
2025-12-20T18:55:54Z;1686;;1686
2025-12-20T18:55:55Z;1265;;1265
2025-12-20T18:55:57Z;1678;;1678
2025-12-20T18:55:58Z;1255;;1255
2025-12-20T18:56:01Z;1674;;1674
2025-12-20T18:56:02Z;1251;;1251
2025-12-20T18:56:03Z;1668;;1668
2025-12-20T18:56:05Z;1494;;1494
2025-12-20T18:56:06Z;1670;;1670
2025-12-20T18:56:08Z;1250;;1250
2025-12-20T18:56:10Z;1672;;1672
2025-12-20T18:56:11Z;1257;;1257
2025-12-20T18:56:13Z;1671;;1671
2025-12-20T18:56:14Z;1255;;1255
2025-12-20T18:56:16Z;1688;;1688
2025-12-20T18:56:18Z;1259;;1259
2025-12-20T18:56:19Z;1669;;1669
2025-12-20T18:56:21Z;1444;;1444
2025-12-20T18:56:22Z;1673;;1673
2025-12-20T18:56:24Z;1244;;1244
2025-12-20T18:56:26Z;1668;;1668
2025-12-20T18:56:27Z;1251;;1251
2025-12-20T18:56:29Z;1676;;1676
2025-12-20T18:56:31Z;1258;;1258
2025-12-20T18:56:32Z;1666;;1666
2025-12-20T18:56:33Z;1251;;1251
2025-12-20T18:56:35Z;1684;;1684
2025-12-20T18:56:37Z;1419;;1419
2025-12-20T18:56:38Z;1672;;1672
2025-12-20T18:56:40Z;1251;;1251
2025-12-20T18:56:42Z;1680;;1680
2025-12-20T18:56:43Z;1260;;1260
2025-12-20T18:56:45Z;1683;;1683
2025-12-20T18:56:46Z;1268;;1268
2025-12-20T18:56:48Z;1520;;1520
2025-12-20T18:56:49Z;1269;;1269
2025-12-20T18:56:52Z;1690;;1690
2025-12-20T18:56:53Z;1424;;1424
2025-12-20T18:56:54Z;1681;;1681
2025-12-20T18:56:56Z;1269;;1269
2025-12-20T18:56:58Z;1700;;1700
2025-12-20T18:56:59Z;1271;;1271
2025-12-20T18:57:01Z;1699;;1699
2025-12-20T18:57:03Z;1282;;1282
2025-12-20T18:57:04Z;1545;;1545
2025-12-20T18:57:05Z;1267;;1267
2025-12-20T18:57:10Z;1658;;1658
2025-12-20T18:57:11Z;1377;;1377
2025-12-20T18:57:12Z;1658;;1658
2025-12-20T18:57:13Z;1239;;1239
2025-12-20T18:57:14Z;1663;;1663
2025-12-20T18:57:15Z;1231;;1231
2025-12-20T18:57:17Z;1653;;1653
2025-12-20T18:57:18Z;1237;;1237
2025-12-20T18:57:20Z;1527;;1527
2025-12-20T18:57:21Z;1238;;1238
2025-12-20T18:57:23Z;1662;;1662
2025-12-20T18:57:25Z;1362;;1362
2025-12-20T18:57:26Z;1665;;1665
2025-12-20T18:57:28Z;1236;;1236
2025-12-20T18:57:30Z;1668;;1668
2025-12-20T18:57:32Z;1245;;1245
2025-12-20T18:57:33Z;1657;;1657
2025-12-20T18:57:34Z;1242;;1242
2025-12-20T18:57:36Z;1549;;1549
2025-12-20T18:57:37Z;1242;;1242
2025-12-20T18:57:39Z;1654;;1654
2025-12-20T18:57:41Z;1339;;1339
2025-12-20T18:57:42Z;1651;;1651
2025-12-20T18:57:44Z;1227;;1227
2025-12-20T18:57:46Z;1647;;1647
2025-12-20T18:57:47Z;1240;;1240
2025-12-20T18:57:49Z;1661;;1661
2025-12-20T18:57:50Z;1238;;1238
2025-12-20T18:57:52Z;1558;;1558
2025-12-20T18:57:53Z;1247;;1247
2025-12-20T18:57:55Z;1665;;1665
2025-12-20T18:57:57Z;1238;;1238
2025-12-20T18:57:58Z;1671;;1671
2025-12-20T18:58:00Z;1241;;1241
2025-12-20T18:58:02Z;1661;;1661
2025-12-20T18:58:03Z;1239;;1239
2025-12-20T18:58:05Z;1662;;1662
2025-12-20T18:58:06Z;1238;;1238
2025-12-20T18:58:08Z;1577;;1577
2025-12-20T18:58:10Z;1247;;1247
2025-12-20T18:58:11Z;1667;;1667
2025-12-20T18:58:13Z;1319;;1319
2025-12-20T18:58:14Z;1659;;1659
2025-12-20T18:58:16Z;1243;;1243
2025-12-20T18:58:18Z;1670;;1670
2025-12-20T18:58:19Z;1238;;1238
2025-12-20T18:58:21Z;1664;;1664
2025-12-20T18:58:22Z;1238;;1238
2025-12-20T18:58:24Z;1586;;1586
2025-12-20T18:58:25Z;1240;;1240
2025-12-20T18:58:27Z;1665;;1665
2025-12-20T18:58:29Z;1309;;1309
2025-12-20T18:58:31Z;1654;;1654
2025-12-20T18:58:32Z;1238;;1238
2025-12-20T18:58:34Z;1664;;1664
2025-12-20T18:58:35Z;1238;;1238
2025-12-20T18:58:37Z;1657;;1657
2025-12-20T18:58:38Z;1237;;1237
2025-12-20T18:58:40Z;1592;;1592
2025-12-20T18:58:41Z;1241;;1241
2025-12-20T18:58:44Z;1661;;1661
2025-12-20T18:58:45Z;1309;;1309
2025-12-20T18:58:46Z;1654;;1654
2025-12-20T18:58:48Z;1228;;1228
2025-12-20T18:58:50Z;1654;;1654
2025-12-20T18:58:51Z;1229;;1229
2025-12-20T18:58:53Z;1658;;1658
2025-12-20T18:58:54Z;1232;;1232
2025-12-20T18:58:56Z;1606;;1606
2025-12-20T18:58:57Z;1245;;1245
2025-12-20T18:58:59Z;1669;;1669
2025-12-20T18:59:01Z;1304;;1304
2025-12-20T18:59:03Z;1673;;1673
2025-12-20T18:59:04Z;1237;;1237
2025-12-20T18:59:06Z;1663;;1663
2025-12-20T18:59:07Z;1211;;1211
2025-12-20T18:59:09Z;1653;;1653
2025-12-20T18:59:10Z;1235;;1235
2025-12-20T18:59:12Z;1589;;1589
2025-12-20T18:59:13Z;1243;;1243
2025-12-20T18:59:15Z;1655;;1655
2025-12-20T18:59:17Z;1299;;1299
2025-12-20T18:59:19Z;1661;;1661
2025-12-20T18:59:20Z;1237;;1237
2025-12-20T18:59:22Z;1650;;1650
2025-12-20T18:59:24Z;1223;;1223
2025-12-20T18:59:25Z;1652;;1652
2025-12-20T18:59:26Z;1236;;1236
2025-12-20T18:59:28Z;1597;;1597
2025-12-20T18:59:29Z;1241;;1241
2025-12-20T18:59:32Z;1665;;1665
2025-12-20T18:59:33Z;1300;;1300
2025-12-20T18:59:35Z;1660;;1660
2025-12-20T18:59:36Z;1239;;1239
2025-12-20T18:59:38Z;1665;;1665
2025-12-20T18:59:40Z;1241;;1241
2025-12-20T18:59:41Z;1670;;1670
2025-12-20T18:59:42Z;1243;;1243
2025-12-20T18:59:44Z;1601;;1601
2025-12-20T18:59:46Z;1240;;1240
2025-12-20T18:59:47Z;1671;;1671
2025-12-20T18:59:49Z;1311;;1311
2025-12-20T18:59:50Z;1677;;1677
2025-12-20T18:59:52Z;1244;;1244
2025-12-20T18:59:54Z;1662;;1662
2025-12-20T18:59:55Z;1175;;1175
2025-12-20T18:59:57Z;1592;;1592
2025-12-20T18:59:58Z;1159;;1159
2025-12-20T19:00:00Z;1527;;1527
2025-12-20T19:00:02Z;1162;;1162
2025-12-20T19:00:03Z;1591;;1591
2025-12-20T19:00:05Z;1223;;1223
2025-12-20T19:00:06Z;1162;;1162
2025-12-20T19:00:07Z;1583;;1583
2025-12-20T19:00:08Z;1172;;1172
2025-12-20T19:00:10Z;1596;;1596
2025-12-20T19:00:11Z;;0;1596
2025-12-20T19:00:12Z;1174;;1174
2025-12-20T19:00:13Z;1597;;1597
2025-12-20T19:00:14Z;1161;;1161
2025-12-20T19:00:16Z;1524;;1524
2025-12-20T19:00:18Z;1174;;1174
2025-12-20T19:00:19Z;1595;;1595
2025-12-20T19:00:25Z;1174;;1174
2025-12-20T19:00:32Z;1233;;1233
2025-12-20T19:00:33Z;1182;;1182
2025-12-20T19:00:34Z;1611;;1611
2025-12-20T19:00:35Z;1175;;1175
2025-12-20T19:00:37Z;1606;;1606
2025-12-20T19:00:38Z;1182;;1182
2025-12-20T19:00:39Z;1604;;1604
2025-12-20T19:00:40Z;1177;;1177
2025-12-20T19:00:41Z;1604;;1604
2025-12-20T19:00:43Z;1255;;1255
2025-12-20T19:00:44Z;1175;;1175
2025-12-20T19:00:45Z;1617;;1617
2025-12-20T19:00:46Z;1176;;1176
2025-12-20T19:00:47Z;1605;;1605
2025-12-20T19:00:49Z;1160;;1160
2025-12-20T19:00:50Z;1591;;1591
2025-12-20T19:00:51Z;1170;;1170
2025-12-20T19:00:52Z;1483;;1483
2025-12-20T19:00:53Z;1586;;1586
2025-12-20T19:00:55Z;1202;;1202
2025-12-20T19:00:56Z;1619;;1619
2025-12-20T19:00:57Z;1301;;1301
2025-12-20T19:00:58Z;1188;;1188
2025-12-20T19:00:59Z;1622;;1622
2025-12-20T19:01:01Z;1306;;1306
2025-12-20T19:01:02Z;2213;;2213
2025-12-20T19:01:03Z;2961;;2961
2025-12-20T19:01:04Z;2567;;2567
2025-12-20T19:01:05Z;2975;;2975
2025-12-20T19:01:07Z;4117;;4117
2025-12-20T19:01:08Z;3755;;3755
2025-12-20T19:01:09Z;4000;;4000
2025-12-20T19:01:10Z;3759;;3759
2025-12-20T19:01:11Z;4131;;4131
2025-12-20T19:01:13Z;3872;;3872
2025-12-20T19:01:14Z;4139;;4139
2025-12-20T19:01:15Z;2474;;2474
2025-12-20T19:01:16Z;2881;;2881
2025-12-20T19:01:17Z;2452;;2452
2025-12-20T19:01:19Z;2854;;2854
2025-12-20T19:01:20Z;2455;;2455
2025-12-20T19:01:21Z;2866;;2866
2025-12-20T19:01:22Z;2457;;2457
2025-12-20T19:01:23Z;2857;;2857
2025-12-20T19:01:25Z;2647;;2647
2025-12-20T19:01:26Z;2855;;2855
2025-12-20T19:01:28Z;2448;;2448
2025-12-20T19:01:30Z;2857;;2857
2025-12-20T19:01:31Z;2441;;2441
2025-12-20T19:01:33Z;2842;;2842
2025-12-20T19:01:34Z;2444;;2444
2025-12-20T19:01:36Z;2865;;2865
2025-12-20T19:01:38Z;2455;;2455
2025-12-20T19:01:39Z;2881;;2881
2025-12-20T19:01:41Z;2463;;2463
2025-12-20T19:01:43Z;2875;;2875
2025-12-20T19:01:44Z;2457;;2457
2025-12-20T19:01:46Z;2869;;2869
2025-12-20T19:01:47Z;2461;;2461
2025-12-20T19:01:49Z;2867;;2867
2025-12-20T19:01:50Z;2453;;2453
2025-12-20T19:01:52Z;2866;;2866
2025-12-20T19:01:54Z;2501;;2501
2025-12-20T19:01:55Z;2904;;2904
2025-12-20T19:01:57Z;2488;;2488
2025-12-20T19:01:59Z;2902;;2902
2025-12-20T19:02:00Z;2494;;2494
2025-12-20T19:02:02Z;2903;;2903
2025-12-20T19:02:03Z;2490;;2490
2025-12-20T19:02:05Z;2896;;2896
2025-12-20T19:02:06Z;2478;;2478
2025-12-20T19:02:08Z;2896;;2896
2025-12-20T19:02:10Z;2488;;2488
2025-12-20T19:02:11Z;2886;;2886
2025-12-20T19:02:13Z;2460;;2460
2025-12-20T19:02:15Z;2873;;2873
2025-12-20T19:02:16Z;2439;;2439
2025-12-20T19:02:18Z;2853;;2853
2025-12-20T19:02:19Z;2438;;2438
2025-12-20T19:02:21Z;2835;;2835
2025-12-20T19:02:22Z;2437;;2437
2025-12-20T19:02:24Z;2840;;2840
2025-12-20T19:02:26Z;2441;;2441
2025-12-20T19:02:27Z;2854;;2854
2025-12-20T19:02:29Z;2444;;2444
2025-12-20T19:02:31Z;2853;;2853
2025-12-20T19:02:32Z;2446;;2446
2025-12-20T19:02:34Z;2844;;2844
2025-12-20T19:02:35Z;2444;;2444
2025-12-20T19:02:37Z;2841;;2841
2025-12-20T19:02:38Z;2447;;2447
2025-12-20T19:02:40Z;2841;;2841
2025-12-20T19:02:42Z;2436;;2436
2025-12-20T19:02:43Z;2834;;2834
2025-12-20T19:02:45Z;2431;;2431
2025-12-20T19:02:47Z;2844;;2844
2025-12-20T19:02:48Z;2425;;2425
2025-12-20T19:02:50Z;2833;;2833
2025-12-20T19:02:51Z;2422;;2422
2025-12-20T19:02:53Z;2816;;2816
2025-12-20T19:02:54Z;2417;;2417
2025-12-20T19:02:56Z;2832;;2832
2025-12-20T19:02:58Z;2434;;2434
2025-12-20T19:02:59Z;2825;;2825
2025-12-20T19:03:01Z;1311;;1311
2025-12-20T19:03:03Z;1615;;1615
2025-12-20T19:03:05Z;1197;;1197
2025-12-20T19:03:06Z;1631;;1631
2025-12-20T19:03:07Z;1197;;1197
2025-12-20T19:03:09Z;1609;;1609
2025-12-20T19:03:10Z;1158;;1158
2025-12-20T19:03:12Z;1603;;1603
2025-12-20T19:03:14Z;1189;;1189
2025-12-20T19:03:16Z;1599;;1599
2025-12-20T19:03:17Z;2278;;2278
2025-12-20T19:03:19Z;2873;;2873
2025-12-20T19:03:20Z;2468;;2468
2025-12-20T19:03:22Z;2872;;2872
2025-12-20T19:03:23Z;2441;;2441
2025-12-20T19:03:25Z;2834;;2834
2025-12-20T19:03:26Z;2453;;2453
2025-12-20T19:03:28Z;2855;;2855
2025-12-20T19:03:30Z;2482;;2482
2025-12-20T19:03:31Z;2861;;2861
2025-12-20T19:03:33Z;2451;;2451
2025-12-20T19:03:35Z;2858;;2858
2025-12-20T19:03:36Z;2452;;2452
2025-12-20T19:03:38Z;2858;;2858
2025-12-20T19:03:39Z;2461;;2461
2025-12-20T19:03:41Z;2827;;2827
2025-12-20T19:03:42Z;2463;;2463
2025-12-20T19:04:43Z;1228;;1228
2025-12-20T19:04:50Z;1169;;1169
2025-12-20T19:05:21Z;2432;;2432
2025-12-20T19:06:13Z;2377;;2377
2025-12-20T19:06:24Z;2442;;2442
2025-12-20T19:06:31Z;2392;;2392
2025-12-20T19:06:38Z;1166;;1166
2025-12-20T19:09:20Z;1502;;1502
2025-12-20T19:09:21Z;1090;;1090
2025-12-20T19:09:30Z;1505;;1505
2025-12-20T19:09:31Z;1098;;1098
2025-12-20T19:15:11Z;;0;1098
2025-12-20T19:15:22Z;1085;;1085
2025-12-20T19:16:25Z;1446;;1446
2025-12-20T19:16:27Z;1525;;1525
2025-12-20T19:16:28Z;1812;;1812
2025-12-20T19:18:06Z;2288;;2288
2025-12-20T19:18:08Z;3231;;3231
2025-12-20T19:18:23Z;1890;;1890
2025-12-20T19:19:01Z;1245;;1245
2025-12-20T19:19:03Z;1076;;1076
2025-12-20T19:19:12Z;1386;;1386
2025-12-20T19:19:14Z;1565;;1565
2025-12-20T19:19:18Z;1811;;1811
2025-12-20T19:20:28Z;1084;;1084
2025-12-20T19:24:06Z;372;;372
2025-12-20T19:28:36Z;1616;;1616
2025-12-20T19:28:37Z;589;;589
2025-12-20T19:29:11Z;644;;644
2025-12-20T19:29:12Z;588;;588
2025-12-20T19:30:11Z;;0;588
2025-12-20T19:30:23Z;594;;594
2025-12-20T19:40:28Z;667;;667
2025-12-20T19:40:31Z;591;;591
2025-12-20T19:44:26Z;844;;844
2025-12-20T19:44:27Z;576;;576
2025-12-20T19:44:36Z;827;;827
2025-12-20T19:44:38Z;527;;527
2025-12-20T19:45:13Z;;0;527
2025-12-20T19:45:22Z;518;;518
2025-12-20T19:58:12Z;298;;298
2025-12-20T19:58:35Z;674;;674
2025-12-20T19:58:36Z;478;;478
2025-12-20T20:00:11Z;;0;478
2025-12-20T20:00:22Z;324;;324
2025-12-20T20:00:33Z;932;;932
2025-12-20T20:00:35Z;478;;478
2025-12-20T20:01:31Z;299;;299
2025-12-20T20:02:34Z;478;;478
2025-12-20T20:04:07Z;298;;298
2025-12-20T20:04:36Z;695;;695
2025-12-20T20:04:37Z;443;;443
2025-12-20T20:04:40Z;285;;285
2025-12-20T20:06:34Z;922;;922
2025-12-20T20:06:36Z;483;;483
2025-12-20T20:06:41Z;297;;297
2025-12-20T20:08:35Z;478;;478
2025-12-20T20:08:41Z;294;;294
2025-12-20T20:10:35Z;757;;757
2025-12-20T20:10:37Z;457;;457
2025-12-20T20:10:38Z;295;;295
2025-12-20T20:13:48Z;1294;;1294
2025-12-20T20:13:50Z;358;;358
2025-12-20T20:15:11Z;;0;358
2025-12-20T20:15:22Z;540;;540
2025-12-20T20:21:04Z;283;;283
2025-12-20T20:24:20Z;1087;;1087
2025-12-20T20:24:22Z;366;;366
2025-12-20T20:30:11Z;;0;366
2025-12-20T20:30:22Z;334;;334
2025-12-20T20:32:07Z;2137;;2137
2025-12-20T20:34:07Z;2081;;2081
2025-12-20T20:37:08Z;306;;306
2025-12-20T20:40:35Z;2099;;2099
2025-12-20T20:42:45Z;300;;300
2025-12-20T20:42:59Z;253;;253
2025-12-20T20:43:03Z;369;;369
2025-12-20T20:43:29Z;298;;298
2025-12-20T20:43:31Z;362;;362
2025-12-20T20:45:11Z;;0;362
2025-12-20T20:45:22Z;317;;317
2025-12-20T20:52:16Z;298;;298
2025-12-20T20:52:25Z;350;;350
2025-12-20T20:53:47Z;299;;299
2025-12-20T20:56:37Z;345;;345
2025-12-20T21:00:11Z;;0;345
2025-12-20T21:00:22Z;399;;399
2025-12-20T21:15:11Z;;0;399
2025-12-20T21:15:22Z;327;;327
2025-12-20T21:20:03Z;287;;287
2025-12-20T21:20:11Z;339;;339
2025-12-20T21:20:22Z;281;;281
2025-12-20T21:20:28Z;328;;328
2025-12-20T21:30:11Z;;0;328
2025-12-20T21:30:22Z;339;;339
2025-12-20T21:42:51Z;282;;282
2025-12-20T21:44:46Z;1527;;1527
2025-12-20T21:44:48Z;368;;368
2025-12-20T21:45:11Z;;0;368
2025-12-20T21:45:23Z;359;;359
2025-12-20T22:00:11Z;;0;359
2025-12-20T22:00:23Z;351;;351
2025-12-20T22:00:42Z;299;;299
2025-12-20T22:00:44Z;2009;;2009
2025-12-20T22:03:23Z;305;;305
2025-12-20T22:15:11Z;;0;305
2025-12-20T22:15:22Z;328;;328
2025-12-20T22:25:56Z;1178;;1178
2025-12-20T22:25:58Z;423;;423
2025-12-20T22:30:11Z;;0;423
2025-12-20T22:30:24Z;1700;;1700
2025-12-20T22:30:27Z;395;;395
2025-12-20T22:30:34Z;466;;466
2025-12-20T22:45:11Z;;0;466
2025-12-20T22:45:22Z;379;;379
2025-12-20T22:54:10Z;295;;295
2025-12-20T22:57:28Z;351;;351
2025-12-20T22:59:31Z;297;;297
2025-12-20T23:00:11Z;;0;297
2025-12-20T23:00:23Z;270;;270
2025-12-20T23:07:20Z;344;;344
2025-12-20T23:10:41Z;230;;230
2025-12-20T23:10:58Z;2017;;2017
2025-12-20T23:14:09Z;215;;215
2025-12-20T23:15:11Z;;0;215
2025-12-20T23:15:22Z;202;;202
2025-12-20T23:16:09Z;1399;;1399
2025-12-20T23:16:10Z;265;;265
2025-12-20T23:30:11Z;;0;265
2025-12-20T23:30:22Z;265;;265
2025-12-20T23:45:11Z;;0;265
2025-12-20T23:45:22Z;220;;220