timestamp;P_ex;P_pr;P_load
2024-11-04T00:00:24Z;131;;131
2024-11-04T00:15:24Z;104;;104
2024-11-04T00:15:29Z;;0;104
2024-11-04T00:16:49Z;1213;;1213
2024-11-04T00:16:51Z;172;;172
2024-11-04T00:20:53Z;914;;914
2024-11-04T00:20:54Z;279;;279
2024-11-04T00:30:24Z;170;;170
2024-11-04T00:30:29Z;;0;170
2024-11-04T00:42:07Z;489;;489
2024-11-04T00:42:08Z;135;;135
2024-11-04T00:45:24Z;141;;141
2024-11-04T00:45:29Z;;0;141
2024-11-04T00:59:19Z;1232;;1232
2024-11-04T00:59:21Z;193;;193
2024-11-04T01:00:24Z;204;;204
2024-11-04T01:00:29Z;;0;204
2024-11-04T01:15:24Z;233;;233
2024-11-04T01:15:29Z;;0;233
2024-11-04T01:16:00Z;918;;918
2024-11-04T01:16:02Z;254;;254
2024-11-04T01:30:24Z;125;;125
2024-11-04T01:30:29Z;;0;125
2024-11-04T01:41:40Z;1120;;1120
2024-11-04T01:41:42Z;191;;191
2024-11-04T01:45:24Z;159;;159
2024-11-04T01:45:29Z;;0;159
2024-11-04T02:00:24Z;103;;103
2024-11-04T02:00:29Z;;0;103
2024-11-04T02:15:29Z;217;;217
2024-11-04T02:15:33Z;;0;217
2024-11-04T02:23:59Z;517;;517
2024-11-04T02:24:00Z;200;;200
2024-11-04T02:30:24Z;196;;196
2024-11-04T02:30:29Z;;0;196
2024-11-04T02:45:37Z;;0;196
2024-11-04T03:00:24Z;126;;126
2024-11-04T03:00:29Z;;0;126
2024-11-04T03:06:15Z;649;;649
2024-11-04T03:06:31Z;949;;949
2024-11-04T03:06:32Z;269;;269
2024-11-04T03:15:24Z;176;;176
2024-11-04T03:30:24Z;141;;141
2024-11-04T03:30:29Z;;0;141
2024-11-04T03:45:24Z;103;;103
2024-11-04T03:45:29Z;;0;103
2024-11-04T04:00:24Z;192;;192
2024-11-04T04:00:29Z;;0;192
2024-11-04T04:03:44Z;1283;;1283
2024-11-04T04:03:46Z;277;;277
2024-11-04T04:15:24Z;127;;127
2024-11-04T04:15:29Z;;0;127
2024-11-04T04:30:26Z;126;;126
2024-11-04T04:30:29Z;;0;126
2024-11-04T04:45:24Z;214;;214
2024-11-04T04:45:29Z;;0;214
2024-11-04T04:59:53Z;326;;326
2024-11-04T04:59:54Z;199;;199
2024-11-04T05:00:24Z;170;;170
2024-11-04T05:00:29Z;;0;170
2024-11-04T05:13:10Z;680;;680
2024-11-04T05:15:27Z;174;;174
2024-11-04T05:15:31Z;;0;174
2024-11-04T05:30:26Z;139;;139
2024-11-04T05:30:35Z;;0;139
2024-11-04T05:44:25Z;459;;459
2024-11-04T05:44:26Z;140;;140
2024-11-04T05:45:24Z;140;;140
2024-11-04T05:45:29Z;;0;140
2024-11-04T05:55:17Z;227;;227
2024-11-04T05:55:41Z;1267;;1267
2024-11-04T05:55:43Z;249;;249
2024-11-04T05:57:28Z;;82;331
2024-11-04T06:00:31Z;231;;313
2024-11-04T06:00:33Z;;56;287
2024-11-04T06:00:38Z;427;;483
2024-11-04T06:00:41Z;1694;;1750
2024-11-04T06:01:06Z;250;;306
2024-11-04T06:12:32Z;-11;;45
2024-11-04T06:15:24Z;-129;;-73
2024-11-04T06:15:31Z;;231;102
2024-11-04T06:19:35Z;;298;169
2024-11-04T06:25:24Z;-304;;-6
2024-11-04T06:30:36Z;-365;;-67
2024-11-04T06:30:37Z;;490;125
2024-11-04T06:32:40Z;-427;;63
2024-11-04T06:33:13Z;-430;;60
2024-11-04T06:33:28Z;-248;;242
2024-11-04T06:36:25Z;;599;351
2024-11-04T06:42:41Z;;634;386
2024-11-04T06:42:42Z;;506;258
2024-11-04T06:45:24Z;-546;;-40
2024-11-04T06:45:29Z;;750;204
2024-11-04T06:49:23Z;-592;;158
2024-11-04T06:52:20Z;205;;955
2024-11-04T06:52:21Z;-505;;245
2024-11-04T06:58:04Z;-610;;140
2024-11-04T07:00:24Z;-584;;166
2024-11-04T07:00:41Z;;847;263
2024-11-04T07:02:47Z;;899;315
2024-11-04T07:10:08Z;-898;;1
2024-11-04T07:12:53Z;-649;;250
2024-11-04T07:12:54Z;-941;;-42
2024-11-04T07:13:46Z;-803;;96
2024-11-04T07:15:24Z;-809;;90
2024-11-04T07:15:29Z;;1100;291
2024-11-04T07:17:42Z;-897;;203
2024-11-04T07:20:19Z;-919;;181
2024-11-04T07:20:49Z;-897;;203
2024-11-04T07:20:51Z;;1189;292
2024-11-04T07:21:58Z;-723;;466
2024-11-04T07:22:23Z;-897;;292
2024-11-04T07:22:37Z;-906;;283
2024-11-04T07:22:59Z;-890;;299
2024-11-04T07:30:24Z;-1081;;108
2024-11-04T07:30:33Z;;1396;315
2024-11-04T07:36:16Z;-1234;;162
2024-11-04T07:38:20Z;;1501;267
2024-11-04T07:45:24Z;-1418;;83
2024-11-04T07:45:29Z;;1591;173
2024-11-04T07:49:49Z;-342;;1249
2024-11-04T07:49:50Z;-1401;;190
2024-11-04T07:57:20Z;-1541;;50
2024-11-04T08:00:24Z;-1611;;-20
2024-11-04T08:00:29Z;;1747;136
2024-11-04T08:02:18Z;-476;;1271
2024-11-04T08:02:19Z;-1559;;188
2024-11-04T08:06:06Z;;1797;238
2024-11-04T08:13:15Z;-1124;;673
2024-11-04T08:13:16Z;-1574;;223
2024-11-04T08:15:26Z;-1668;;129
2024-11-04T08:15:29Z;;1881;213
2024-11-04T08:20:37Z;-1801;;80
2024-11-04T08:25:43Z;-1637;;244
2024-11-04T08:26:00Z;-1843;;38
2024-11-04T08:26:03Z;-1640;;241
2024-11-04T08:26:24Z;-1851;;30
2024-11-04T08:27:15Z;-1854;;27
2024-11-04T08:27:41Z;-1852;;29
2024-11-04T08:28:21Z;;1439;-413
2024-11-04T08:28:22Z;-1772;1990;138
2024-11-04T08:28:26Z;-1820;;170
2024-11-04T08:28:46Z;-1749;;241
2024-11-04T08:28:49Z;-1749;;241
2024-11-04T08:30:24Z;-1872;;118
2024-11-04T08:30:29Z;;2036;164
2024-11-04T08:35:21Z;-1875;;161
2024-11-04T08:35:23Z;-1875;;161
2024-11-04T08:37:10Z;-1879;;157
2024-11-04T08:37:12Z;-1873;;163
2024-11-04T08:38:48Z;;2100;227
2024-11-04T08:40:57Z;;2023;150
2024-11-04T08:40:59Z;;2100;227
2024-11-04T08:41:10Z;-1929;;171
2024-11-04T08:41:25Z;-1847;;253
2024-11-04T08:43:25Z;-1843;;257
2024-11-04T08:43:27Z;-1905;;195
2024-11-04T08:45:24Z;-1849;;251
2024-11-04T08:45:29Z;;2165;316
2024-11-04T08:46:04Z;-1906;;259
2024-11-04T08:46:06Z;-1844;;321
2024-11-04T08:46:39Z;-1092;;1073
2024-11-04T08:46:40Z;-1824;;341
2024-11-04T08:46:48Z;-1745;;420
2024-11-04T08:46:53Z;-1803;;362
2024-11-04T08:47:29Z;-1648;;517
2024-11-04T08:47:30Z;-1816;;349
2024-11-04T08:48:50Z;-1853;;312
2024-11-04T08:48:52Z;-1799;;366
2024-11-04T08:50:16Z;-1853;;312
2024-11-04T08:50:35Z;-1789;;376
2024-11-04T08:50:57Z;-1848;;317
2024-11-04T08:51:01Z;-1811;;354
2024-11-04T08:51:58Z;-1806;;359
2024-11-04T08:52:11Z;-1823;;342
2024-11-04T08:52:20Z;-1657;;508
2024-11-04T08:52:41Z;-1800;;365
2024-11-04T08:52:43Z;-1346;;819
2024-11-04T08:52:44Z;-1099;;1066
2024-11-04T08:53:12Z;-1203;;962
2024-11-04T08:54:30Z;-1840;;325
2024-11-04T08:54:58Z;-1831;;334
2024-11-04T08:55:05Z;-1617;;548
2024-11-04T08:55:49Z;-1836;;329
2024-11-04T08:56:19Z;-1823;;342
2024-11-04T08:56:29Z;-1785;;380
2024-11-04T08:57:07Z;-1801;;364
2024-11-04T08:57:11Z;-1788;;377
2024-11-04T08:57:13Z;100;;2265
2024-11-04T08:57:46Z;56;;2221
2024-11-04T08:57:47Z;171;;2336
2024-11-04T08:57:48Z;100;;2265
2024-11-04T08:57:51Z;51;;2216
2024-11-04T08:58:26Z;47;;2212
2024-11-04T08:58:31Z;;2222;2269
2024-11-04T08:58:32Z;922;;3144
2024-11-04T08:58:33Z;;2198;3120
2024-11-04T08:58:36Z;126;;2324
2024-11-04T08:59:15Z;63;;2261
2024-11-04T08:59:44Z;141;;2339
2024-11-04T09:00:10Z;49;;2247
2024-11-04T09:00:24Z;22;;2220
2024-11-04T09:00:29Z;;2297;2319
2024-11-04T09:00:33Z;-31;;2266
2024-11-04T09:00:37Z;146;;2443
2024-11-04T09:01:03Z;-30;;2267
2024-11-04T09:01:09Z;-27;;2270
2024-11-04T09:01:10Z;-1471;;826
2024-11-04T09:01:51Z;-1932;;365
2024-11-04T09:01:58Z;137;;2434
2024-11-04T09:02:03Z;329;;2626
2024-11-04T09:02:04Z;266;;2563
2024-11-04T09:02:22Z;315;;2612
2024-11-04T09:02:28Z;222;;2519
2024-11-04T09:02:42Z;239;;2536
2024-11-04T09:04:58Z;273;;2570
2024-11-04T09:05:17Z;356;;2653
2024-11-04T09:05:19Z;-1666;;631
2024-11-04T09:11:07Z;-1596;;701
2024-11-04T09:15:26Z;-2010;;287
2024-11-04T09:15:29Z;;2322;312
2024-11-04T09:21:01Z;;2401;391
2024-11-04T09:21:29Z;-2095;;306
2024-11-04T09:21:32Z;-1961;;440
2024-11-04T09:26:40Z;-2049;;352
2024-11-04T09:26:42Z;-2013;;388
2024-11-04T09:28:42Z;;2339;326
2024-11-04T09:28:46Z;;2469;456
2024-11-04T09:30:24Z;-1989;;480
2024-11-04T09:30:29Z;;2428;439
2024-11-04T09:34:22Z;-2106;;322
2024-11-04T09:34:24Z;-1972;;456
2024-11-04T09:36:22Z;;2456;484
2024-11-04T09:36:23Z;;2457;485
2024-11-04T09:37:41Z;-2066;;354
2024-11-04T09:38:07Z;-2104;;353
2024-11-04T09:38:10Z;-2078;;379
2024-11-04T09:38:34Z;-2086;;371
2024-11-04T09:38:39Z;-1986;;471
2024-11-04T09:39:04Z;-2105;;352
2024-11-04T09:39:08Z;-2037;;420
2024-11-04T09:39:32Z;-2104;;353
2024-11-04T09:39:35Z;-2110;;347
2024-11-04T09:40:30Z;-2102;;355
2024-11-04T09:40:32Z;-2103;;354
2024-11-04T09:40:58Z;-2102;;355
2024-11-04T09:41:01Z;-2091;;366
2024-11-04T09:43:48Z;;2360;269
2024-11-04T09:43:49Z;;1570;-521
2024-11-04T09:43:50Z;;2412;321
2024-11-04T09:43:53Z;-2029;;383
2024-11-04T09:43:54Z;-2094;;318
2024-11-04T09:44:16Z;-2069;;343
2024-11-04T09:44:21Z;-1967;;445
2024-11-04T09:45:32Z;-2024;;388
2024-11-04T09:45:33Z;;2457;433
2024-11-04T09:51:33Z;-2085;;372
2024-11-04T09:52:05Z;-1945;;512
2024-11-04T09:52:18Z;-2088;;369
2024-11-04T09:52:55Z;-2148;;309
2024-11-04T09:52:57Z;-2107;;350
2024-11-04T09:53:23Z;-2106;;351
2024-11-04T09:53:25Z;-2047;;410
2024-11-04T09:53:50Z;-2151;;306
2024-11-04T09:53:57Z;-2103;;354
2024-11-04T09:54:48Z;-2042;;415
2024-11-04T09:54:52Z;-2107;;350
2024-11-04T09:55:45Z;-2021;;436
2024-11-04T09:56:00Z;-2129;;328
2024-11-04T09:57:19Z;-2042;;415
2024-11-04T09:58:54Z;-2046;;411
2024-11-04T09:58:56Z;-2172;;285
2024-11-04T10:00:24Z;-2213;;244
2024-11-04T10:00:31Z;;2517;304
2024-11-04T10:01:31Z;-2120;;397
2024-11-04T10:01:32Z;-2118;;399
2024-11-04T10:02:33Z;-2062;;455
2024-11-04T10:04:19Z;-2215;;302
2024-11-04T10:04:21Z;-2117;;400
2024-11-04T10:05:45Z;-2213;;304
2024-11-04T10:05:47Z;-2145;;372
2024-11-04T10:08:39Z;-2077;;440
2024-11-04T10:08:40Z;-2173;;344
2024-11-04T10:09:17Z;-1095;;1422
2024-11-04T10:09:18Z;-2130;;387
2024-11-04T10:09:34Z;-2009;;508
2024-11-04T10:09:37Z;-2145;;372
2024-11-04T10:10:04Z;-2080;;437
2024-11-04T10:10:24Z;-2133;;384
2024-11-04T10:10:31Z;-2041;;476
2024-11-04T10:10:34Z;-2157;;360
2024-11-04T10:13:58Z;-2049;;468
2024-11-04T10:14:02Z;-2151;;366
2024-11-04T10:14:19Z;-2090;;427
2024-11-04T10:14:22Z;-2152;;365
2024-11-04T10:14:29Z;-1938;;579
2024-11-04T10:14:30Z;-2113;;404
2024-11-04T10:15:38Z;-2137;;380
2024-11-04T10:16:41Z;-2175;;342
2024-11-04T10:16:56Z;-2101;;416
2024-11-04T10:18:35Z;-2163;;354
2024-11-04T10:18:38Z;-2075;;442
2024-11-04T10:19:13Z;-1907;;610
2024-11-04T10:19:14Z;-2059;;458
2024-11-04T10:19:59Z;-2165;;352
2024-11-04T10:20:02Z;-2095;;422
2024-11-04T10:25:47Z;-2063;;454
2024-11-04T10:25:48Z;-2177;;340
2024-11-04T10:30:24Z;-2338;;179
2024-11-04T10:30:29Z;;2566;228
2024-11-04T10:35:37Z;-2091;;475
2024-11-04T10:35:38Z;-2196;;370
2024-11-04T10:37:09Z;-2084;;482
2024-11-04T10:37:10Z;-2208;;358
2024-11-04T10:37:36Z;-2074;;492
2024-11-04T10:37:37Z;-2201;;365
2024-11-04T10:38:03Z;-2061;;505
2024-11-04T10:38:04Z;-2175;;391
2024-11-04T10:38:30Z;-2073;;493
2024-11-04T10:38:31Z;-2167;;399
2024-11-04T10:39:11Z;-2028;;538
2024-11-04T10:41:26Z;-2316;;250
2024-11-04T10:41:27Z;-2227;;339
2024-11-04T10:41:48Z;-2095;;471
2024-11-04T10:42:22Z;-1799;;767
2024-11-04T10:44:25Z;-131;;2435
2024-11-04T10:44:56Z;-1544;;1022
2024-11-04T10:44:57Z;-1385;;1181
2024-11-04T10:45:06Z;-1533;;1033
2024-11-04T10:45:07Z;-2275;;291
2024-11-04T10:45:15Z;-2039;;527
2024-11-04T10:45:16Z;-2113;;453
2024-11-04T10:45:24Z;-2165;;401
2024-11-04T10:48:57Z;-2166;;400
2024-11-04T10:49:06Z;-2102;;464
2024-11-04T10:49:12Z;-2106;;460
2024-11-04T10:49:14Z;-1972;;594
2024-11-04T10:49:52Z;-1993;;573
2024-11-04T10:49:58Z;-2094;;472
2024-11-04T10:50:21Z;-2030;;536
2024-11-04T10:50:26Z;-2106;;460
2024-11-04T10:50:34Z;-2060;;506
2024-11-04T10:50:37Z;-2118;;448
2024-11-04T10:50:57Z;-1978;;588
2024-11-04T10:51:13Z;-2027;;539
2024-11-04T10:51:14Z;-2132;;434
2024-11-04T10:51:16Z;-2028;;538
2024-11-04T10:51:17Z;-2149;;417
2024-11-04T10:51:18Z;-2087;;479
2024-11-04T10:51:20Z;-2161;;405
2024-11-04T10:51:26Z;-2031;;535
2024-11-04T10:51:27Z;-2133;;433
2024-11-04T10:51:45Z;-2082;;484
2024-11-04T10:51:47Z;-2122;;444
2024-11-04T10:51:55Z;-2099;;467
2024-11-04T10:51:58Z;-2092;;474
2024-11-04T10:52:00Z;-2010;;556
2024-11-04T10:52:16Z;-2118;;448
2024-11-04T10:52:20Z;-1907;;659
2024-11-04T10:52:29Z;-2100;;466
2024-11-04T10:52:34Z;-2091;;475
2024-11-04T10:52:43Z;-2092;;474
2024-11-04T10:52:47Z;-1905;;661
2024-11-04T10:52:56Z;-2106;;460
2024-11-04T10:53:01Z;-2103;;463
2024-11-04T10:53:09Z;-2095;;471
2024-11-04T10:53:14Z;-1914;;652
2024-11-04T10:53:34Z;-2126;;440
2024-11-04T10:53:36Z;-2114;;452
2024-11-04T10:53:41Z;-1907;;659
2024-11-04T10:53:48Z;-2076;;490
2024-11-04T10:54:00Z;-1931;;635
2024-11-04T10:54:05Z;-2116;;450
2024-11-04T10:54:53Z;-2041;;525
2024-11-04T10:55:36Z;-1929;;637
2024-11-04T10:55:39Z;-2130;;436
2024-11-04T10:56:24Z;-1896;;670
2024-11-04T10:56:25Z;-2100;;466
2024-11-04T10:57:30Z;-2060;;506
2024-11-04T10:59:19Z;;1367;-693
2024-11-04T10:59:20Z;;2505;445
2024-11-04T11:00:24Z;-1923;;582
2024-11-04T11:00:29Z;;2540;617
2024-11-04T11:00:54Z;-2106;;434
2024-11-04T11:05:21Z;-2028;;512
2024-11-04T11:05:24Z;-2081;;459
2024-11-04T11:05:31Z;-1982;;558
2024-11-04T11:05:39Z;-2158;;382
2024-11-04T11:05:42Z;-2155;;385
2024-11-04T11:05:51Z;-2085;;455
2024-11-04T11:05:56Z;-1905;;635
2024-11-04T11:06:06Z;-2149;;391
2024-11-04T11:06:10Z;-2097;;443
2024-11-04T11:06:19Z;-2117;;423
2024-11-04T11:06:23Z;-1909;;631
2024-11-04T11:06:39Z;-2142;;398
2024-11-04T11:06:46Z;-2148;;392
2024-11-04T11:06:50Z;-1891;;649
2024-11-04T11:07:00Z;-2140;;400
2024-11-04T11:07:03Z;-2092;;448
2024-11-04T11:07:13Z;-2149;;391
2024-11-04T11:07:17Z;-1934;;606
2024-11-04T11:07:26Z;-2102;;438
2024-11-04T11:07:29Z;-2152;;388
2024-11-04T11:07:39Z;-2091;;449
2024-11-04T11:07:58Z;-2055;;485
2024-11-04T11:08:05Z;-2067;;473
2024-11-04T11:08:12Z;-2008;;532
2024-11-04T11:08:20Z;-2119;;421
2024-11-04T11:08:24Z;-1894;;646
2024-11-04T11:08:34Z;-2140;;400
2024-11-04T11:08:37Z;-2140;;400
2024-11-04T11:08:47Z;-2137;;403
2024-11-04T11:08:51Z;-1878;;662
2024-11-04T11:09:01Z;-2135;;405
2024-11-04T11:09:16Z;-2135;;405
2024-11-04T11:09:18Z;-1871;;669
2024-11-04T11:09:28Z;-2129;;411
2024-11-04T11:09:32Z;-2042;;498
2024-11-04T11:09:40Z;-2117;;423
2024-11-04T11:09:45Z;-1917;;623
2024-11-04T11:09:52Z;-2098;;442
2024-11-04T11:10:00Z;-2069;;471
2024-11-04T11:10:05Z;-2054;;486
2024-11-04T11:10:12Z;-2018;;522
2024-11-04T11:10:13Z;-2009;;531
2024-11-04T11:10:20Z;-2078;;462
2024-11-04T11:10:35Z;-1962;;578
2024-11-04T11:11:03Z;-2171;;369
2024-11-04T11:11:06Z;-2085;;455
2024-11-04T11:11:53Z;-2170;;370
2024-11-04T11:12:51Z;-2076;;464
2024-11-04T11:12:53Z;-2129;;411
2024-11-04T11:13:52Z;-2082;;458
2024-11-04T11:15:24Z;-1978;;562
2024-11-04T11:15:29Z;;2499;521
2024-11-04T11:19:58Z;-2117;;382
2024-11-04T11:20:21Z;-1987;;512
2024-11-04T11:20:22Z;-2221;;278
2024-11-04T11:26:26Z;-2192;;307
2024-11-04T11:26:28Z;-1898;;601
2024-11-04T11:27:07Z;-2230;;269
2024-11-04T11:29:27Z;;2384;154
2024-11-04T11:29:29Z;;2361;131
2024-11-04T11:29:30Z;;2361;131
2024-11-04T11:30:12Z;;2399;169
2024-11-04T11:30:26Z;-2214;;185
2024-11-04T11:30:33Z;;2421;207
2024-11-04T11:30:58Z;;2445;231
2024-11-04T11:32:49Z;-2092;;353
2024-11-04T11:32:53Z;;2387;295
2024-11-04T11:34:15Z;-2137;;250
2024-11-04T11:34:17Z;;2434;297
2024-11-04T11:34:42Z;-2005;;429
2024-11-04T11:34:43Z;;2390;385
2024-11-04T11:34:58Z;-1765;;625
2024-11-04T11:34:59Z;;2073;308
2024-11-04T11:35:01Z;-1387;1799;34
2024-11-04T11:35:03Z;-1143;;656
2024-11-04T11:35:04Z;-1158;;641
2024-11-04T11:35:05Z;;1503;345
2024-11-04T11:35:06Z;-1403;1525;367
2024-11-04T11:35:07Z;;1819;416
2024-11-04T11:35:09Z;-1771;2041;638
2024-11-04T11:36:06Z;-1795;;246
2024-11-04T11:36:07Z;-1663;;378
2024-11-04T11:36:09Z;;2062;399
2024-11-04T11:36:10Z;;1716;53
2024-11-04T11:36:12Z;-1279;;437
2024-11-04T11:36:14Z;;1419;140
2024-11-04T11:36:15Z;-1274;;145
2024-11-04T11:36:17Z;-1493;;-74
2024-11-04T11:36:18Z;;1938;445
2024-11-04T11:36:20Z;;2126;633
2024-11-04T11:36:21Z;-1730;;396
2024-11-04T11:38:03Z;-1755;1613;371
2024-11-04T11:38:05Z;-1352;1795;40
2024-11-04T11:38:06Z;-1546;;249
2024-11-04T11:38:14Z;-1307;1773;227
2024-11-04T11:38:15Z;-1029;;744
2024-11-04T11:38:17Z;-811;;962
2024-11-04T11:38:18Z;;1220;409
2024-11-04T11:38:24Z;;1196;385
2024-11-04T11:38:26Z;-924;1456;645
2024-11-04T11:38:27Z;-1318;;138
2024-11-04T11:38:28Z;;1770;452
2024-11-04T11:38:29Z;-1522;;248
2024-11-04T11:38:30Z;-1900;2154;632
2024-11-04T11:38:33Z;;2388;488
2024-11-04T11:38:42Z;-2105;;283
2024-11-04T11:38:46Z;-1414;;974
2024-11-04T11:38:47Z;-1988;;400
2024-11-04T11:44:36Z;;2352;364
2024-11-04T11:44:46Z;;2397;409
2024-11-04T11:45:24Z;-1996;;401
2024-11-04T11:45:35Z;;2401;405
2024-11-04T11:48:47Z;-2077;;324
2024-11-04T11:49:32Z;-2079;;322
2024-11-04T12:00:24Z;-2069;;332
2024-11-04T12:00:33Z;;2340;271
2024-11-04T12:07:06Z;-1922;;418
2024-11-04T12:15:24Z;-1878;;462
2024-11-04T12:15:29Z;;2233;355
2024-11-04T12:19:54Z;-1870;;363
2024-11-04T12:19:55Z;-1146;;1087
2024-11-04T12:19:57Z;-562;;1671
2024-11-04T12:20:04Z;-300;;1933
2024-11-04T12:21:13Z;-189;;2044
2024-11-04T12:21:14Z;-1774;;459
2024-11-04T12:21:16Z;-1262;;971
2024-11-04T12:21:20Z;-1477;;756
2024-11-04T12:21:22Z;-1132;;1101
2024-11-04T12:21:23Z;-819;;1414
2024-11-04T12:21:33Z;-416;;1817
2024-11-04T12:22:45Z;-1476;;757
2024-11-04T12:22:46Z;-1760;;473
2024-11-04T12:23:09Z;-1247;;986
2024-11-04T12:23:10Z;-1066;;1167
2024-11-04T12:23:11Z;-767;;1466
2024-11-04T12:23:15Z;-460;;1773
2024-11-04T12:23:22Z;-289;;1944
2024-11-04T12:26:27Z;;2096;1807
2024-11-04T12:26:31Z;-1420;;676
2024-11-04T12:26:46Z;-1262;;834
2024-11-04T12:26:47Z;-1262;;834
2024-11-04T12:26:49Z;-780;;1316
2024-11-04T12:26:50Z;-433;;1663
2024-11-04T12:29:15Z;99;;2195
2024-11-04T12:29:25Z;-1166;;930
2024-11-04T12:29:38Z;-1653;;443
2024-11-04T12:29:40Z;-1355;;741
2024-11-04T12:29:41Z;-788;;1308
2024-11-04T12:29:49Z;596;;2692
2024-11-04T12:29:51Z;-337;;1759
2024-11-04T12:29:52Z;-293;;1803
2024-11-04T12:30:04Z;-370;;1726
2024-11-04T12:30:22Z;-1654;;442
2024-11-04T12:30:24Z;-1080;;1016
2024-11-04T12:30:29Z;;2074;994
2024-11-04T12:30:33Z;56;;2130
2024-11-04T12:30:34Z;-23;;2051
2024-11-04T12:30:53Z;-18;;2056
2024-11-04T12:30:54Z;-1669;;405
2024-11-04T12:30:56Z;-1199;;875
2024-11-04T12:30:57Z;-912;;1162
2024-11-04T12:31:12Z;-602;;1472
2024-11-04T12:32:25Z;-595;;1479
2024-11-04T12:32:28Z;-609;;1465
2024-11-04T12:42:35Z;-300;;1774
2024-11-04T12:42:36Z;-678;;1396
2024-11-04T12:42:43Z;-564;;1510
2024-11-04T12:42:44Z;-604;;1470
2024-11-04T12:42:57Z;280;;2354
2024-11-04T12:43:04Z;-344;;1730
2024-11-04T12:43:05Z;-239;;1835
2024-11-04T12:43:07Z;-162;;1912
2024-11-04T12:43:08Z;-240;;1834
2024-11-04T12:44:15Z;-354;;1720
2024-11-04T12:44:25Z;151;;2225
2024-11-04T12:44:26Z;-94;;1980
2024-11-04T12:44:46Z;-50;;2024
2024-11-04T12:44:54Z;;1856;1806
2024-11-04T12:44:56Z;;1906;1856
2024-11-04T12:44:57Z;-73;;1833
2024-11-04T12:45:14Z;-1128;;778
2024-11-04T12:45:15Z;-689;;1217
2024-11-04T12:45:21Z;-1121;;785
2024-11-04T12:45:23Z;-733;;1173
2024-11-04T12:45:24Z;-1044;;862
2024-11-04T12:45:27Z;-720;;1186
2024-11-04T12:45:31Z;;1944;1224
2024-11-04T12:45:42Z;-757;;1187
2024-11-04T12:45:43Z;-749;;1195
2024-11-04T12:45:44Z;-1136;;808
2024-11-04T12:47:22Z;-392;;1552
2024-11-04T12:47:25Z;-677;;1267
2024-11-04T12:47:30Z;-682;;1262
2024-11-04T12:48:41Z;-646;;1298
2024-11-04T12:48:42Z;-630;;1314
2024-11-04T12:48:43Z;-529;;1415
2024-11-04T12:48:47Z;-605;;1339
2024-11-04T12:51:52Z;-507;;1437
2024-11-04T12:51:58Z;-573;;1371
2024-11-04T12:52:08Z;-849;;1095
2024-11-04T12:52:11Z;-932;;1012
2024-11-04T12:52:17Z;-858;;1086
2024-11-04T12:52:36Z;-890;;1054
2024-11-04T12:52:38Z;-928;;1016
2024-11-04T12:52:40Z;933;;2877
2024-11-04T12:52:49Z;1301;;3245
2024-11-04T12:53:07Z;1502;;3446
2024-11-04T12:53:25Z;1825;;3769
2024-11-04T12:53:27Z;1775;;3719
2024-11-04T12:53:55Z;1825;;3769
2024-11-04T12:53:59Z;1448;;3392
2024-11-04T12:54:40Z;-501;;1443
2024-11-04T12:55:46Z;1359;;3303
2024-11-04T12:56:32Z;-501;;1443
2024-11-04T12:58:04Z;1183;;3127
2024-11-04T12:58:05Z;1376;;3320
2024-11-04T12:58:38Z;1414;;3358
2024-11-04T12:59:21Z;;1799;3213
2024-11-04T12:59:58Z;-357;;1442
2024-11-04T13:00:02Z;-313;;1486
2024-11-04T13:00:07Z;729;;2528
2024-11-04T13:00:27Z;-330;;1469
2024-11-04T13:00:29Z;;1766;1436
2024-11-04T13:00:30Z;-339;;1427
2024-11-04T13:00:35Z;-294;;1472
2024-11-04T13:00:36Z;-300;;1466
2024-11-04T13:00:37Z;-303;;1463
2024-11-04T13:00:43Z;-309;;1457
2024-11-04T13:00:47Z;-330;;1436
2024-11-04T13:00:50Z;-298;;1468
2024-11-04T13:01:14Z;-343;;1423
2024-11-04T13:01:15Z;-255;;1511
2024-11-04T13:01:46Z;-342;;1424
2024-11-04T13:01:49Z;-298;;1468
2024-11-04T13:02:08Z;-348;;1418
2024-11-04T13:02:09Z;-251;;1515
2024-11-04T13:03:04Z;-272;;1494
2024-11-04T13:03:15Z;-278;;1488
2024-11-04T13:03:26Z;-314;;1452
2024-11-04T13:03:30Z;-305;;1461
2024-11-04T13:03:36Z;-254;;1512
2024-11-04T13:03:43Z;-205;;1561
2024-11-04T13:03:52Z;-304;;1462
2024-11-04T13:03:58Z;-244;;1522
2024-11-04T13:04:05Z;-303;;1463
2024-11-04T13:04:23Z;-202;;1564
2024-11-04T13:04:26Z;-263;;1503
2024-11-04T13:04:29Z;-402;;1364
2024-11-04T13:04:32Z;149;;1915
2024-11-04T13:04:33Z;-303;;1463
2024-11-04T13:04:35Z;-125;;1641
2024-11-04T13:04:38Z;-250;;1516
2024-11-04T13:04:40Z;-372;;1394
2024-11-04T13:04:42Z;-181;;1585
2024-11-04T13:04:43Z;184;;1950
2024-11-04T13:04:45Z;1779;;3545
2024-11-04T13:05:11Z;-216;;1550
2024-11-04T13:15:05Z;17;1562;1346
2024-11-04T13:15:07Z;;1613;1630
2024-11-04T13:15:24Z;-81;;1532
2024-11-04T13:15:29Z;;1652;1571
2024-11-04T13:17:28Z;-46;;1606
2024-11-04T13:18:13Z;-70;;1582
2024-11-04T13:19:16Z;-78;;1574
2024-11-04T13:19:18Z;-450;;1202
2024-11-04T13:19:24Z;-51;;1601
2024-11-04T13:19:26Z;-486;;1166
2024-11-04T13:19:27Z;-113;;1539
2024-11-04T13:19:34Z;-458;;1194
2024-11-04T13:19:35Z;-66;;1586
2024-11-04T13:19:36Z;-469;;1183
2024-11-04T13:19:38Z;-491;;1161
2024-11-04T13:19:39Z;-497;;1155
2024-11-04T13:19:41Z;-115;;1537
2024-11-04T13:19:42Z;-514;;1138
2024-11-04T13:19:44Z;-420;;1232
2024-11-04T13:19:45Z;-491;;1161
2024-11-04T13:19:47Z;-48;;1604
2024-11-04T13:19:48Z;-466;;1186
2024-11-04T13:20:04Z;-110;;1542
2024-11-04T13:20:05Z;-103;;1549
2024-11-04T13:20:06Z;-103;;1549
2024-11-04T13:20:08Z;-511;;1141
2024-11-04T13:20:09Z;-118;;1534
2024-11-04T13:20:14Z;-457;;1195
2024-11-04T13:20:15Z;-58;;1594
2024-11-04T13:20:17Z;-456;;1196
2024-11-04T13:20:19Z;-374;;1278
2024-11-04T13:20:20Z;-494;;1158
2024-11-04T13:20:22Z;-101;;1551
2024-11-04T13:20:23Z;-516;;1136
2024-11-04T13:20:26Z;-484;;1168
2024-11-04T13:20:27Z;-449;;1203
2024-11-04T13:20:29Z;-445;;1207
2024-11-04T13:20:34Z;-105;;1547
2024-11-04T13:20:35Z;-376;;1276
2024-11-04T13:20:37Z;-101;;1551
2024-11-04T13:20:39Z;-475;;1177
2024-11-04T13:20:40Z;-145;;1507
2024-11-04T13:20:42Z;-462;;1190
2024-11-04T13:20:44Z;-60;;1592
2024-11-04T13:20:45Z;-457;;1195
2024-11-04T13:20:47Z;-95;;1557
2024-11-04T13:20:48Z;-506;;1146
2024-11-04T13:20:50Z;-129;;1523
2024-11-04T13:20:51Z;-394;;1258
2024-11-04T13:20:53Z;-63;;1589
2024-11-04T13:20:55Z;-477;;1175
2024-11-04T13:20:56Z;-234;;1418
2024-11-04T13:20:58Z;-476;;1176
2024-11-04T13:21:00Z;-110;;1542
2024-11-04T13:21:01Z;-529;;1123
2024-11-04T13:21:03Z;-123;;1529
2024-11-04T13:21:04Z;-513;;1139
2024-11-04T13:21:06Z;-55;;1597
2024-11-04T13:21:07Z;-310;;1342
2024-11-04T13:21:23Z;-79;;1573
2024-11-04T13:21:28Z;-85;;1567
2024-11-04T13:21:29Z;-500;;1152
2024-11-04T13:21:30Z;-279;;1373
2024-11-04T13:21:32Z;-519;;1133
2024-11-04T13:21:33Z;-456;;1196
2024-11-04T13:21:35Z;-64;;1588
2024-11-04T13:21:36Z;-436;;1216
2024-11-04T13:21:38Z;-53;;1599
2024-11-04T13:21:39Z;-307;;1345
2024-11-04T13:21:41Z;-112;;1540
2024-11-04T13:21:43Z;-509;;1143
2024-11-04T13:21:44Z;-293;;1359
2024-11-04T13:21:46Z;-479;;1173
2024-11-04T13:21:48Z;-75;;1577
2024-11-04T13:21:49Z;-455;;1197
2024-11-04T13:21:51Z;-44;;1608
2024-11-04T13:21:52Z;-455;;1197
2024-11-04T13:21:54Z;-53;;1599
2024-11-04T13:21:55Z;-308;;1344
2024-11-04T13:21:57Z;-92;;1560
2024-11-04T13:21:59Z;-409;;1243
2024-11-04T13:22:00Z;-235;;1417
2024-11-04T13:22:02Z;-454;;1198
2024-11-04T13:22:03Z;-420;;1232
2024-11-04T13:22:05Z;-448;;1204
2024-11-04T13:22:06Z;-441;;1211
2024-11-04T13:22:08Z;-36;;1616
2024-11-04T13:22:09Z;-476;;1176
2024-11-04T13:22:14Z;-57;;1595
2024-11-04T13:22:16Z;-274;;1378
2024-11-04T13:22:17Z;-34;;1618
2024-11-04T13:22:19Z;-434;;1218
2024-11-04T13:22:20Z;-68;;1584
2024-11-04T13:22:22Z;-479;;1173
2024-11-04T13:22:23Z;-66;;1586
2024-11-04T13:22:41Z;-187;;1465
2024-11-04T13:22:42Z;-401;;1251
2024-11-04T13:22:43Z;-153;;1499
2024-11-04T13:22:44Z;-419;;1233
2024-11-04T13:22:46Z;-39;;1613
2024-11-04T13:22:48Z;-346;;1306
2024-11-04T13:22:49Z;-80;;1572
2024-11-04T13:22:51Z;-461;;1191
2024-11-04T13:22:52Z;-70;;1582
2024-11-04T13:22:56Z;-389;;1263
2024-11-04T13:22:57Z;-409;;1243
2024-11-04T13:22:59Z;-97;;1555
2024-11-04T13:23:00Z;-417;;1235
2024-11-04T13:23:03Z;-454;;1198
2024-11-04T13:23:04Z;-359;;1293
2024-11-04T13:23:06Z;-59;;1593
2024-11-04T13:23:10Z;1;;1653
2024-11-04T13:23:13Z;-426;;1226
2024-11-04T13:23:16Z;-476;;1176
2024-11-04T13:23:17Z;-84;;1568
2024-11-04T13:23:19Z;-69;;1583
2024-11-04T13:23:21Z;2;;1654
2024-11-04T13:23:23Z;-415;;1237
2024-11-04T13:23:25Z;-389;;1263
2024-11-04T13:23:26Z;-393;;1259
2024-11-04T13:23:28Z;-416;;1236
2024-11-04T13:23:29Z;-442;;1210
2024-11-04T13:23:31Z;-98;;1554
2024-11-04T13:23:33Z;53;;1705
2024-11-04T13:23:34Z;-8;;1644
2024-11-04T13:23:37Z;31;;1683
2024-11-04T13:23:41Z;-380;;1272
2024-11-04T13:23:42Z;-435;;1217
2024-11-04T13:23:44Z;-24;;1628
2024-11-04T13:23:45Z;-419;;1233
2024-11-04T13:24:00Z;-27;;1625
2024-11-04T13:24:02Z;24;;1676
2024-11-04T13:24:03Z;-22;;1630
2024-11-04T13:24:06Z;13;;1665
2024-11-04T13:24:08Z;-396;;1256
2024-11-04T13:24:10Z;-434;;1218
2024-11-04T13:24:11Z;-435;;1217
2024-11-04T13:24:13Z;-46;;1606
2024-11-04T13:24:17Z;18;;1670
2024-11-04T13:24:19Z;7;;1659
2024-11-04T13:24:20Z;-401;;1251
2024-11-04T13:24:22Z;-21;;1631
2024-11-04T13:24:28Z;21;;1673
2024-11-04T13:24:31Z;13;;1665
2024-11-04T13:24:33Z;-394;;1258
2024-11-04T13:24:35Z;-28;;1624
2024-11-04T13:24:36Z;-432;;1220
2024-11-04T13:24:38Z;-62;;1590
2024-11-04T13:24:40Z;-450;;1202
2024-11-04T13:24:41Z;-37;;1615
2024-11-04T13:24:43Z;-398;;1254
2024-11-04T13:24:44Z;-12;;1640
2024-11-04T13:24:46Z;-402;;1250
2024-11-04T13:24:48Z;-584;;1068
2024-11-04T13:24:50Z;416;;2068
2024-11-04T13:24:51Z;-49;;1603
2024-11-04T13:24:53Z;-445;;1207
2024-11-04T13:24:55Z;-391;;1261
2024-11-04T13:24:57Z;4;;1656
2024-11-04T13:25:02Z;-427;;1225
2024-11-04T13:25:03Z;-46;;1606
2024-11-04T13:25:18Z;-450;;1202
2024-11-04T13:25:20Z;-458;;1194
2024-11-04T13:25:21Z;-49;;1603
2024-11-04T13:25:26Z;-10;;1642
2024-11-04T13:25:31Z;-429;;1223
2024-11-04T13:25:32Z;-37;;1615
2024-11-04T13:25:34Z;-455;;1197
2024-11-04T13:25:35Z;-33;;1619
2024-11-04T13:25:37Z;-400;;1252
2024-11-04T13:25:39Z;-14;;1638
2024-11-04T13:25:40Z;-402;;1250
2024-11-04T13:25:42Z;-28;;1624
2024-11-04T13:25:44Z;-450;;1202
2024-11-04T13:25:46Z;-445;;1207
2024-11-04T13:25:48Z;53;;1705
2024-11-04T13:25:50Z;-369;;1283
2024-11-04T13:25:51Z;-7;;1645
2024-11-04T13:25:54Z;1;;1653
2024-11-04T13:25:55Z;-3;;1649
2024-11-04T13:25:57Z;-432;;1220
2024-11-04T13:25:58Z;-47;;1605
2024-11-04T13:26:04Z;5;;1657
2024-11-04T13:26:07Z;16;;1668
2024-11-04T13:26:09Z;-409;;1243
2024-11-04T13:26:11Z;-32;;1620
2024-11-04T13:26:12Z;-444;;1208
2024-11-04T13:26:14Z;-35;;1617
2024-11-04T13:26:17Z;49;;1701
2024-11-04T13:26:20Z;20;;1672
2024-11-04T13:26:37Z;21;;1673
2024-11-04T13:26:39Z;0;;1652
2024-11-04T13:26:42Z;88;;1740
2024-11-04T13:26:43Z;51;;1703
2024-11-04T13:26:45Z;-349;;1303
2024-11-04T13:26:46Z;46;;1698
2024-11-04T13:26:49Z;45;;1697
2024-11-04T13:26:51Z;-386;;1266
2024-11-04T13:26:53Z;-415;;1237
2024-11-04T13:26:55Z;53;;1705
2024-11-04T13:26:56Z;-281;;1371
2024-11-04T13:26:59Z;43;;1695
2024-11-04T13:27:02Z;37;;1689
2024-11-04T13:27:05Z;5;;1657
2024-11-04T13:27:11Z;70;;1722
2024-11-04T13:27:12Z;-221;;1431
2024-11-04T13:27:14Z;56;;1708
2024-11-04T13:27:16Z;-348;;1304
2024-11-04T13:27:17Z;-73;;1579
2024-11-04T13:27:19Z;-382;;1270
2024-11-04T13:27:22Z;-322;;1330
2024-11-04T13:27:24Z;69;;1721
2024-11-04T13:27:25Z;-343;;1309
2024-11-04T13:27:27Z;56;;1708
2024-11-04T13:27:29Z;-351;;1301
2024-11-04T13:27:32Z;-389;;1263
2024-11-04T13:27:33Z;-129;;1523
2024-11-04T13:27:35Z;-405;;1247
2024-11-04T13:27:37Z;59;;1711
2024-11-04T13:27:38Z;-340;;1312
2024-11-04T13:27:55Z;-354;;1298
2024-11-04T13:27:57Z;-367;;1285
2024-11-04T13:27:59Z;-5;;1647
2024-11-04T13:28:01Z;-401;;1251
2024-11-04T13:28:02Z;-6;;1646
2024-11-04T13:28:04Z;-356;;1296
2024-11-04T13:28:05Z;-108;;1544
2024-11-04T13:28:07Z;-346;;1306
2024-11-04T13:28:09Z;59;;1711
2024-11-04T13:28:10Z;-358;;1294
2024-11-04T13:28:13Z;-373;;1279
2024-11-04T13:28:16Z;-82;;1570
2024-11-04T13:28:17Z;-353;;1299
2024-11-04T13:28:19Z;68;;1720
2024-11-04T13:28:20Z;-341;;1311
2024-11-04T13:28:21Z;-137;;1515
2024-11-04T13:28:23Z;68;;1720
2024-11-04T13:28:24Z;-359;;1293
2024-11-04T13:28:26Z;-391;;1261
2024-11-04T13:28:29Z;-405;;1247
2024-11-04T13:28:32Z;-95;;1557
2024-11-04T13:28:33Z;-338;;1314
2024-11-04T13:28:35Z;64;;1716
2024-11-04T13:28:36Z;-318;;1334
2024-11-04T13:28:37Z;-205;;1447
2024-11-04T13:28:39Z;-377;;1275
2024-11-04T13:28:42Z;-372;;1280
2024-11-04T13:28:43Z;-282;;1370
2024-11-04T13:28:51Z;27;;1679
2024-11-04T13:28:52Z;-370;;1282
2024-11-04T13:28:56Z;-379;;1273
2024-11-04T13:28:58Z;31;;1683
2024-11-04T13:29:14Z;49;;1701
2024-11-04T13:29:16Z;67;;1719
2024-11-04T13:29:19Z;25;;1677
2024-11-04T13:29:20Z;-54;;1598
2024-11-04T13:29:23Z;3;;1655
2024-11-04T13:29:26Z;47;;1699
2024-11-04T13:29:29Z;67;;1719
2024-11-04T13:29:33Z;-376;;1276
2024-11-04T13:29:36Z;-21;;1631
2024-11-04T13:29:37Z;76;;1728
2024-11-04T13:29:39Z;101;;1753
2024-11-04T13:29:41Z;360;;2012
2024-11-04T13:29:42Z;142;;1794
2024-11-04T13:29:45Z;114;;1766
2024-11-04T13:29:48Z;95;;1747
2024-11-04T13:29:49Z;-300;;1352
2024-11-04T13:29:50Z;;1499;1199
2024-11-04T13:29:51Z;112;;1611
2024-11-04T13:29:52Z;144;;1643
2024-11-04T13:29:54Z;126;;1625
2024-11-04T13:29:55Z;126;;1625
2024-11-04T13:30:01Z;87;;1586
2024-11-04T13:30:04Z;187;;1686
2024-11-04T13:30:07Z;137;;1636
2024-11-04T13:30:08Z;132;;1631
2024-11-04T13:30:12Z;194;;1693
2024-11-04T13:30:14Z;479;;1978
2024-11-04T13:30:15Z;-238;;1261
2024-11-04T13:30:16Z;46;;1545
2024-11-04T13:30:17Z;-313;;1186
2024-11-04T13:30:32Z;93;;1592
2024-11-04T13:30:33Z;;1482;1575
2024-11-04T13:30:36Z;-258;;1224
2024-11-04T13:30:37Z;86;;1568
2024-11-04T13:30:39Z;85;;1567
2024-11-04T13:30:40Z;155;;1637
2024-11-04T13:30:41Z;-268;;1214
2024-11-04T13:30:42Z;108;;1590
2024-11-04T13:30:43Z;-307;;1175
2024-11-04T13:30:45Z;71;;1553
2024-11-04T13:30:46Z;83;;1565
2024-11-04T13:30:47Z;129;;1611
2024-11-04T13:30:49Z;118;;1600
2024-11-04T13:30:50Z;-275;;1207
2024-11-04T13:30:52Z;103;;1585
2024-11-04T13:30:55Z;125;;1607
2024-11-04T13:30:56Z;104;;1586
2024-11-04T13:30:58Z;173;;1655
2024-11-04T13:30:59Z;114;;1596
2024-11-04T13:31:02Z;144;;1626
2024-11-04T13:31:05Z;130;;1612
2024-11-04T13:31:11Z;220;;1702
2024-11-04T13:31:12Z;128;;1610
2024-11-04T13:31:14Z;108;;1590
2024-11-04T13:31:15Z;141;;1623
2024-11-04T13:31:20Z;135;;1617
2024-11-04T13:31:21Z;100;;1582
2024-11-04T13:31:24Z;113;;1595
2024-11-04T13:31:25Z;-202;;1280
2024-11-04T13:31:27Z;158;;1640
2024-11-04T13:31:28Z;129;;1611
2024-11-04T13:31:30Z;119;;1601
2024-11-04T13:31:31Z;152;;1634
2024-11-04T13:31:51Z;94;;1576
2024-11-04T13:31:53Z;155;;1637
2024-11-04T13:31:56Z;138;;1620
2024-11-04T13:31:58Z;125;;1607
2024-11-04T13:32:01Z;-273;;1209
2024-11-04T13:32:02Z;68;;1550
2024-11-04T13:32:04Z;110;;1592
2024-11-04T13:32:08Z;172;;1654
2024-11-04T13:32:09Z;163;;1645
2024-11-04T13:32:10Z;-224;;1258
2024-11-04T13:32:12Z;180;;1662
2024-11-04T13:32:15Z;121;;1603
2024-11-04T13:32:16Z;104;;1586
2024-11-04T13:32:19Z;137;;1619
2024-11-04T13:32:22Z;168;;1650
2024-11-04T13:32:25Z;156;;1638
2024-11-04T13:32:26Z;-242;;1240
2024-11-04T13:32:28Z;129;;1611
2024-11-04T13:32:29Z;-209;;1273
2024-11-04T13:32:31Z;122;;1604
2024-11-04T13:32:33Z;-206;;1276
2024-11-04T13:32:34Z;106;;1588
2024-11-04T13:32:36Z;-223;;1259
2024-11-04T13:32:38Z;182;;1664
2024-11-04T13:32:39Z;-195;;1287
2024-11-04T13:32:41Z;139;;1621
2024-11-04T13:32:42Z;-275;;1207
2024-11-04T13:32:44Z;121;;1603
2024-11-04T13:32:45Z;-172;;1310
2024-11-04T13:32:47Z;164;;1646
2024-11-04T13:32:49Z;-233;;1249
2024-11-04T13:32:51Z;177;;1659
2024-11-04T13:32:52Z;-238;;1244
2024-11-04T13:32:54Z;165;;1647
2024-11-04T13:33:09Z;-262;;1220
2024-11-04T13:33:10Z;131;;1613
2024-11-04T13:33:11Z;-268;;1214
2024-11-04T13:33:13Z;155;;1637
2024-11-04T13:33:14Z;-213;;1269
2024-11-04T13:33:16Z;142;;1624
2024-11-04T13:33:17Z;-64;;1418
2024-11-04T13:33:19Z;159;;1641
2024-11-04T13:33:21Z;-243;;1239
2024-11-04T13:33:23Z;136;;1618
2024-11-04T13:33:24Z;-256;;1226
2024-11-04T13:33:26Z;265;;1747
2024-11-04T13:33:27Z;-220;;1262
2024-11-04T13:33:29Z;184;;1666
2024-11-04T13:33:30Z;-212;;1270
2024-11-04T13:33:32Z;193;;1675
2024-11-04T13:33:34Z;-223;;1259
2024-11-04T13:33:35Z;155;;1637
2024-11-04T13:33:37Z;-257;;1225
2024-11-04T13:33:39Z;152;;1634
2024-11-04T13:33:40Z;-214;;1268
2024-11-04T13:33:42Z;200;;1682
2024-11-04T13:33:43Z;-211;;1271
2024-11-04T13:33:45Z;201;;1683
2024-11-04T13:33:46Z;-206;;1276
2024-11-04T13:33:48Z;168;;1650
2024-11-04T13:33:50Z;-231;;1251
2024-11-04T13:33:51Z;139;;1621
2024-11-04T13:33:53Z;-140;;1342
2024-11-04T13:33:55Z;203;;1685
2024-11-04T13:33:56Z;-209;;1273
2024-11-04T13:34:03Z;147;;1629
2024-11-04T13:34:04Z;139;;1621
2024-11-04T13:34:05Z;82;;1564
2024-11-04T13:34:07Z;196;;1678
2024-11-04T13:34:08Z;211;;1693
2024-11-04T13:34:11Z;188;;1670
2024-11-04T13:34:28Z;159;;1641
2024-11-04T13:34:30Z;149;;1631
2024-11-04T13:34:33Z;161;;1643
2024-11-04T13:34:36Z;184;;1666
2024-11-04T13:34:37Z;191;;1673
2024-11-04T13:34:39Z;171;;1653
2024-11-04T13:34:40Z;196;;1678
2024-11-04T13:34:45Z;149;;1631
2024-11-04T13:34:46Z;173;;1655
2024-11-04T13:34:49Z;223;;1705
2024-11-04T13:34:52Z;212;;1694
2024-11-04T13:34:53Z;209;;1691
2024-11-04T13:34:55Z;177;;1659
2024-11-04T13:34:57Z;-244;;1238
2024-11-04T13:34:59Z;154;;1636
2024-11-04T13:35:00Z;-219;;1263
2024-11-04T13:35:07Z;150;;1632
2024-11-04T13:35:08Z;135;;1617
2024-11-04T13:35:09Z;141;;1623
2024-11-04T13:35:11Z;120;;1602
2024-11-04T13:35:12Z;137;;1619
2024-11-04T13:35:15Z;376;;1858
2024-11-04T13:35:21Z;201;;1683
2024-11-04T13:35:24Z;164;;1646
2024-11-04T13:35:25Z;170;;1652
2024-11-04T13:35:27Z;213;;1695
2024-11-04T13:35:28Z;205;;1687
2024-11-04T13:35:31Z;229;;1711
2024-11-04T13:35:46Z;216;;1698
2024-11-04T13:35:47Z;193;;1675
2024-11-04T13:35:50Z;179;;1661
2024-11-04T13:35:53Z;181;;1663
2024-11-04T13:35:54Z;-106;;1376
2024-11-04T13:35:56Z;238;;1720
2024-11-04T13:35:57Z;236;;1718
2024-11-04T13:35:59Z;164;;1646
2024-11-04T13:36:00Z;208;;1690
2024-11-04T13:36:03Z;202;;1684
2024-11-04T13:36:06Z;163;;1645
2024-11-04T13:36:09Z;210;;1692
2024-11-04T13:36:12Z;218;;1700
2024-11-04T13:36:13Z;189;;1671
2024-11-04T13:36:15Z;84;;1566
2024-11-04T13:36:16Z;197;;1679
2024-11-04T13:36:19Z;185;;1667
2024-11-04T13:36:20Z;-212;;1270
2024-11-04T13:36:22Z;205;;1687
2024-11-04T13:36:26Z;-30;;1452
2024-11-04T13:36:28Z;230;;1712
2024-11-04T13:36:29Z;211;;1693
2024-11-04T13:36:32Z;187;;1669
2024-11-04T13:36:35Z;214;;1696
2024-11-04T13:36:41Z;239;;1721
2024-11-04T13:36:42Z;36;;1518
2024-11-04T13:36:44Z;183;;1665
2024-11-04T13:36:45Z;174;;1656
2024-11-04T13:36:48Z;328;;1810
2024-11-04T13:37:05Z;235;;1717
2024-11-04T13:37:07Z;234;;1716
2024-11-04T13:37:10Z;209;;1691
2024-11-04T13:37:13Z;182;;1664
2024-11-04T13:37:14Z;163;;1645
2024-11-04T13:37:16Z;220;;1702
2024-11-04T13:37:17Z;197;;1679
2024-11-04T13:37:20Z;187;;1669
2024-11-04T13:37:23Z;247;;1729
2024-11-04T13:37:26Z;149;;1631
2024-11-04T13:37:29Z;189;;1671
2024-11-04T13:37:34Z;-242;;1240
2024-11-04T13:37:35Z;149;;1631
2024-11-04T13:37:36Z;146;;1628
2024-11-04T13:37:38Z;152;;1634
2024-11-04T13:37:39Z;154;;1636
2024-11-04T13:37:42Z;133;;1615
2024-11-04T13:37:45Z;131;;1613
2024-11-04T13:37:46Z;158;;1640
2024-11-04T13:37:48Z;143;;1625
2024-11-04T13:37:50Z;-223;;1259
2024-11-04T13:37:52Z;158;;1640
2024-11-04T13:37:55Z;163;;1645
2024-11-04T13:37:58Z;157;;1639
2024-11-04T13:37:59Z;-238;;1244
2024-11-04T13:38:01Z;175;;1657
2024-11-04T13:38:02Z;163;;1645
2024-11-04T13:38:06Z;125;;1607
2024-11-04T13:38:08Z;127;;1609
2024-11-04T13:38:23Z;109;;1591
2024-11-04T13:38:27Z;130;;1612
2024-11-04T13:38:30Z;142;;1624
2024-11-04T13:38:33Z;128;;1610
2024-11-04T13:38:34Z;131;;1613
2024-11-04T13:38:36Z;88;;1570
2024-11-04T13:38:37Z;130;;1612
2024-11-04T13:38:40Z;119;;1601
2024-11-04T13:38:41Z;-276;;1206
2024-11-04T13:38:43Z;136;;1618
2024-11-04T13:38:46Z;161;;1643
2024-11-04T13:38:49Z;134;;1616
2024-11-04T13:38:50Z;141;;1623
2024-11-04T13:38:52Z;105;;1587
2024-11-04T13:38:53Z;165;;1647
2024-11-04T13:38:55Z;-242;;1240
2024-11-04T13:38:56Z;-850;;632
2024-11-04T13:38:57Z;-854;;628
2024-11-04T13:38:58Z;-857;;625
2024-11-04T13:39:00Z;-467;;1015
2024-11-04T13:39:04Z;-868;;614
2024-11-04T13:39:06Z;-483;;999
2024-11-04T13:39:07Z;-864;;618
2024-11-04T13:39:09Z;-472;;1010
2024-11-04T13:39:12Z;-478;;1004
2024-11-04T13:39:13Z;-877;;605
2024-11-04T13:39:15Z;-495;;987
2024-11-04T13:39:16Z;-872;;610
2024-11-04T13:39:18Z;-473;;1009
2024-11-04T13:39:19Z;-784;;698
2024-11-04T13:39:21Z;-464;;1018
2024-11-04T13:39:23Z;-847;;635
2024-11-04T13:39:24Z;-541;;941
2024-11-04T13:39:26Z;-867;;615
2024-11-04T13:39:42Z;-461;;1021
2024-11-04T13:39:44Z;-480;;1002
2024-11-04T13:39:45Z;-870;;612
2024-11-04T13:39:47Z;-463;;1019
2024-11-04T13:39:48Z;-852;;630
2024-11-04T13:39:50Z;-460;;1022
2024-11-04T13:39:51Z;-742;;740
2024-11-04T13:39:53Z;-459;;1023
2024-11-04T13:39:55Z;-842;;640
2024-11-04T13:39:56Z;-577;;905
2024-11-04T13:39:58Z;-849;;633
2024-11-04T13:40:00Z;-456;;1026
2024-11-04T13:40:01Z;-849;;633
2024-11-04T13:40:03Z;-462;;1020
2024-11-04T13:40:04Z;-849;;633
2024-11-04T13:40:06Z;-458;;1024
2024-11-04T13:40:07Z;-725;;757
2024-11-04T13:40:09Z;-474;;1008
2024-11-04T13:40:11Z;-893;;589
2024-11-04T13:40:13Z;-485;;997
2024-11-04T13:40:14Z;-869;;613
2024-11-04T13:40:16Z;-474;;1008
2024-11-04T13:40:17Z;-867;;615
2024-11-04T13:40:19Z;-455;;1027
2024-11-04T13:40:20Z;-850;;632
2024-11-04T13:40:22Z;-435;;1047
2024-11-04T13:40:23Z;-686;;796
2024-11-04T13:40:25Z;-458;;1024
2024-11-04T13:40:27Z;-854;;628
2024-11-04T13:40:29Z;-446;;1036
2024-11-04T13:40:30Z;-838;;644
2024-11-04T13:40:32Z;-455;;1027
2024-11-04T13:40:33Z;-857;;625
2024-11-04T13:40:35Z;-455;;1027
2024-11-04T13:40:36Z;-829;;653
2024-11-04T13:40:38Z;-465;;1017
2024-11-04T13:40:39Z;-729;;753
2024-11-04T13:40:41Z;-849;;633
2024-11-04T13:40:45Z;-838;;644
2024-11-04T13:41:00Z;-629;;853
2024-11-04T13:41:01Z;56;;1538
2024-11-04T13:41:02Z;-114;;1368
2024-11-04T13:41:04Z;93;;1575
2024-11-04T13:41:10Z;85;;1567
2024-11-04T13:41:13Z;94;;1576
2024-11-04T13:41:14Z;91;;1573
2024-11-04T13:41:17Z;126;;1608
2024-11-04T13:41:20Z;134;;1616
2024-11-04T13:41:23Z;142;;1624
2024-11-04T13:41:24Z;-251;;1231
2024-11-04T13:41:26Z;140;;1622
2024-11-04T13:41:27Z;41;;1523
2024-11-04T13:41:29Z;144;;1626
2024-11-04T13:41:30Z;152;;1634
2024-11-04T13:41:33Z;133;;1615
2024-11-04T13:41:36Z;147;;1629
2024-11-04T13:41:39Z;139;;1621
2024-11-04T13:41:42Z;157;;1639
2024-11-04T13:41:43Z;100;;1582
2024-11-04T13:41:45Z;184;;1666
2024-11-04T13:41:46Z;163;;1645
2024-11-04T13:41:52Z;159;;1641
2024-11-04T13:41:55Z;180;;1662
2024-11-04T13:41:58Z;174;;1656
2024-11-04T13:41:59Z;144;;1626
2024-11-04T13:42:01Z;162;;1644
2024-11-04T13:42:03Z;-222;;1260
2024-11-04T13:42:19Z;165;;1647
2024-11-04T13:42:23Z;170;;1652
2024-11-04T13:42:24Z;183;;1665
2024-11-04T13:42:27Z;192;;1674
2024-11-04T13:42:30Z;184;;1666
2024-11-04T13:42:32Z;-223;;1259
2024-11-04T13:42:33Z;152;;1634
2024-11-04T13:42:35Z;-246;;1236
2024-11-04T13:42:37Z;146;;1628
2024-11-04T13:42:43Z;179;;1661
2024-11-04T13:42:46Z;168;;1650
2024-11-04T13:42:47Z;176;;1658
2024-11-04T13:42:49Z;165;;1647
2024-11-04T13:42:50Z;198;;1680
2024-11-04T13:42:53Z;189;;1671
2024-11-04T13:42:59Z;194;;1676
2024-11-04T13:43:02Z;187;;1669
2024-11-04T13:43:04Z;980;;2462
2024-11-04T13:43:05Z;274;;1756
2024-11-04T13:43:06Z;234;;1716
2024-11-04T13:43:11Z;241;;1723
2024-11-04T13:43:12Z;481;;1963
2024-11-04T13:43:15Z;317;;1799
2024-11-04T13:43:18Z;253;;1735
2024-11-04T13:43:19Z;249;;1731
2024-11-04T13:43:21Z;257;;1739
2024-11-04T13:43:22Z;294;;1776
2024-11-04T13:43:37Z;277;;1759
2024-11-04T13:43:38Z;261;;1743
2024-11-04T13:43:41Z;284;;1766
2024-11-04T13:43:44Z;273;;1755
2024-11-04T13:43:47Z;279;;1761
2024-11-04T13:43:50Z;254;;1736
2024-11-04T13:43:51Z;278;;1760
2024-11-04T13:43:53Z;281;;1763
2024-11-04T13:43:54Z;265;;1747
2024-11-04T13:43:56Z;265;;1747
2024-11-04T13:43:57Z;265;;1747
2024-11-04T13:44:02Z;503;;1985
2024-11-04T13:44:03Z;282;;1764
2024-11-04T13:44:06Z;268;;1750
2024-11-04T13:44:07Z;291;;1773
2024-11-04T13:44:09Z;257;;1739
2024-11-04T13:44:11Z;-138;;1344
2024-11-04T13:44:13Z;256;;1738
2024-11-04T13:44:16Z;264;;1746
2024-11-04T13:44:19Z;277;;1759
2024-11-04T13:44:22Z;256;;1738
2024-11-04T13:44:24Z;-124;;1358
2024-11-04T13:44:25Z;256;;1738
2024-11-04T13:44:27Z;-117;;1365
2024-11-04T13:44:29Z;267;;1749
2024-11-04T13:44:30Z;-126;;1356
2024-11-04T13:44:32Z;227;;1709
2024-11-04T13:44:33Z;-105;;1377
2024-11-04T13:44:35Z;228;;1710
2024-11-04T13:44:36Z;-115;;1367
2024-11-04T13:44:38Z;250;;1732
2024-11-04T13:44:39Z;240;;1722
2024-11-04T13:44:41Z;251;;1733
2024-11-04T13:44:56Z;-109;;1373
2024-11-04T13:44:57Z;256;;1738
2024-11-04T13:44:59Z;-130;;1352
2024-11-04T13:45:01Z;264;;1746
2024-11-04T13:45:02Z;-108;;1374
2024-11-04T13:45:04Z;281;;1763
2024-11-04T13:45:05Z;-255;;1227
2024-11-04T13:45:07Z;154;;1636
2024-11-04T13:45:09Z;-85;;1397
2024-11-04T13:45:10Z;265;;1747
2024-11-04T13:45:12Z;-152;;1330
2024-11-04T13:45:13Z;190;;1672
2024-11-04T13:45:15Z;-144;;1338
2024-11-04T13:45:16Z;;1248;1104
2024-11-04T13:45:18Z;;1286;1142
2024-11-04T13:45:19Z;89;;1375
2024-11-04T13:45:20Z;-300;;986
2024-11-04T13:45:22Z;65;;1351
2024-11-04T13:45:23Z;-171;;1115
2024-11-04T13:45:24Z;253;;1539
2024-11-04T13:45:27Z;65;;1351
2024-11-04T13:45:29Z;;1315;1380
2024-11-04T13:45:36Z;-136;;1179
2024-11-04T13:45:37Z;226;;1541
2024-11-04T13:45:38Z;-175;;1140
2024-11-04T13:45:39Z;196;;1511
2024-11-04T13:45:41Z;-185;;1130
2024-11-04T13:45:42Z;256;;1571
2024-11-04T13:45:43Z;-144;;1171
2024-11-04T13:45:44Z;218;;1533
2024-11-04T13:45:45Z;-143;;1172
2024-11-04T13:45:47Z;199;;1514
2024-11-04T13:45:48Z;-134;;1181
2024-11-04T13:45:49Z;195;;1510
2024-11-04T13:45:50Z;-150;;1165
2024-11-04T13:45:51Z;181;;1496
2024-11-04T13:45:53Z;-151;;1164
2024-11-04T13:45:54Z;210;;1525
2024-11-04T13:45:55Z;-165;;1150
2024-11-04T13:45:56Z;229;;1544
2024-11-04T13:45:57Z;-191;;1124
2024-11-04T13:45:59Z;234;;1549
2024-11-04T13:46:00Z;-131;;1184
2024-11-04T13:46:14Z;226;;1541
2024-11-04T13:46:15Z;214;;1529
2024-11-04T13:46:17Z;198;;1513
2024-11-04T13:46:18Z;236;;1551
2024-11-04T13:46:21Z;241;;1556
2024-11-04T13:46:24Z;255;;1570
2024-11-04T13:46:30Z;228;;1543
2024-11-04T13:46:31Z;244;;1559
2024-11-04T13:46:33Z;164;;1479
2024-11-04T13:46:34Z;257;;1572
2024-11-04T13:46:40Z;234;;1549
2024-11-04T13:46:43Z;235;;1550
2024-11-04T13:46:46Z;252;;1567
2024-11-04T13:46:47Z;235;;1550
2024-11-04T13:46:49Z;224;;1539
2024-11-04T13:46:50Z;237;;1552
2024-11-04T13:46:53Z;254;;1569
2024-11-04T13:46:56Z;259;;1574
2024-11-04T13:46:57Z;-138;;1177
2024-11-04T13:46:59Z;260;;1575
2024-11-04T13:47:02Z;264;;1579
2024-11-04T13:47:03Z;279;;1594
2024-11-04T13:47:05Z;231;;1546
2024-11-04T13:47:10Z;-41;;1274
2024-11-04T13:47:15Z;347;;1662
2024-11-04T13:47:18Z;354;;1669
2024-11-04T13:47:33Z;23;;1338
2024-11-04T13:47:34Z;339;;1654
2024-11-04T13:47:35Z;358;;1673
2024-11-04T13:47:37Z;241;;1556
2024-11-04T13:47:39Z;-44;;1271
2024-11-04T13:47:48Z;332;;1647
2024-11-04T13:47:50Z;359;;1674
2024-11-04T13:47:52Z;-23;;1292
2024-11-04T13:47:53Z;278;;1593
2024-11-04T13:47:55Z;337;;1652
2024-11-04T13:48:00Z;360;;1675
2024-11-04T13:48:03Z;361;;1676
2024-11-04T13:48:06Z;385;;1700
2024-11-04T13:48:09Z;269;;1584
2024-11-04T13:48:19Z;403;;1718
2024-11-04T13:48:22Z;365;;1680
2024-11-04T13:48:25Z;228;;1543
2024-11-04T13:48:33Z;-2;;1313
2024-11-04T13:48:35Z;324;;1639
2024-11-04T13:48:36Z;143;;1458
2024-11-04T13:48:51Z;-46;;1269
2024-11-04T13:48:52Z;187;;1502
2024-11-04T13:48:54Z;359;;1674
2024-11-04T13:48:55Z;337;;1652
2024-11-04T13:48:57Z;102;;1417
2024-11-04T13:49:07Z;387;;1702
2024-11-04T13:49:10Z;378;;1693
2024-11-04T13:49:12Z;0;;1315
2024-11-04T13:49:13Z;91;;1406
2024-11-04T13:49:22Z;395;;1710
2024-11-04T13:49:23Z;11;;1326
2024-11-04T13:49:24Z;372;;1687
2024-11-04T13:49:26Z;375;;1690
2024-11-04T13:49:29Z;49;;1364
2024-11-04T13:49:30Z;358;;1673
2024-11-04T13:49:33Z;375;;1690
2024-11-04T13:49:36Z;362;;1677
2024-11-04T13:49:39Z;377;;1692
2024-11-04T13:49:42Z;382;;1697
2024-11-04T13:49:46Z;388;;1703
2024-11-04T13:49:47Z;0;;1315
2024-11-04T13:49:49Z;-217;;1098
2024-11-04T13:49:50Z;-590;;725
2024-11-04T13:49:52Z;-225;;1090
2024-11-04T13:49:53Z;-594;;721
2024-11-04T13:49:55Z;-201;;1114
2024-11-04T13:50:11Z;-176;;1139
2024-11-04T13:50:13Z;-552;;763
2024-11-04T13:50:14Z;-165;;1150
2024-11-04T13:50:16Z;-163;;1152
2024-11-04T13:50:17Z;-558;;757
2024-11-04T13:50:18Z;-152;;1163
2024-11-04T13:50:20Z;-563;;752
2024-11-04T13:50:21Z;-163;;1152
2024-11-04T13:50:23Z;-559;;756
2024-11-04T13:50:24Z;-151;;1164
2024-11-04T13:50:27Z;-555;;760
2024-11-04T13:50:28Z;-149;;1166
2024-11-04T13:50:29Z;-535;;780
2024-11-04T13:50:31Z;-171;;1144
2024-11-04T13:50:33Z;-570;;745
2024-11-04T13:50:34Z;-161;;1154
2024-11-04T13:50:36Z;-567;;748
2024-11-04T13:50:37Z;-213;;1102
2024-11-04T13:50:39Z;-587;;728
2024-11-04T13:50:40Z;-193;;1122
2024-11-04T13:50:43Z;-148;;1167
2024-11-04T13:50:47Z;-159;;1156
2024-11-04T13:50:49Z;-543;;772
2024-11-04T13:50:51Z;-543;;772
2024-11-04T13:50:52Z;-542;;773
2024-11-04T13:50:54Z;-143;;1172
2024-11-04T13:50:55Z;-560;;755
2024-11-04T13:50:57Z;-543;;772
2024-11-04T13:50:58Z;-561;;754
2024-11-04T13:51:00Z;-173;;1142
2024-11-04T13:51:01Z;-556;;759
2024-11-04T13:51:03Z;-148;;1167
2024-11-04T13:51:05Z;-585;;730
2024-11-04T13:51:06Z;-192;;1123
2024-11-04T13:51:12Z;-176;;1139
2024-11-04T13:51:13Z;-555;;760
2024-11-04T13:51:28Z;-186;;1129
2024-11-04T13:51:29Z;-549;;766
2024-11-04T13:51:31Z;-583;;732
2024-11-04T13:51:35Z;-200;;1115
2024-11-04T13:51:37Z;-594;;721
2024-11-04T13:51:39Z;-602;;713
2024-11-04T13:51:40Z;-591;;724
2024-11-04T13:51:42Z;-180;;1135
2024-11-04T13:51:43Z;-563;;752
2024-11-04T13:51:45Z;-527;;788
2024-11-04T13:51:46Z;-569;;746
2024-11-04T13:51:48Z;-182;;1133
2024-11-04T13:51:50Z;164;;1479
2024-11-04T13:51:51Z;300;;1615
2024-11-04T13:51:54Z;316;;1631
2024-11-04T13:51:57Z;318;;1633
2024-11-04T13:52:00Z;332;;1647
2024-11-04T13:52:03Z;324;;1639
2024-11-04T13:52:04Z;335;;1650
2024-11-04T13:52:06Z;270;;1585
2024-11-04T13:52:07Z;338;;1653
2024-11-04T13:52:09Z;-63;;1252
2024-11-04T13:52:10Z;319;;1634
2024-11-04T13:52:13Z;299;;1614
2024-11-04T13:52:16Z;337;;1652
2024-11-04T13:52:17Z;-9;;1306
2024-11-04T13:52:19Z;305;;1620
2024-11-04T13:52:21Z;-78;;1237
2024-11-04T13:52:22Z;210;;1525
2024-11-04T13:52:24Z;309;;1624
2024-11-04T13:52:25Z;-95;;1220
2024-11-04T13:52:29Z;304;;1619
2024-11-04T13:52:30Z;-92;;1223
2024-11-04T13:52:32Z;285;;1600
2024-11-04T13:52:47Z;-47;;1268
2024-11-04T13:52:48Z;360;;1675
2024-11-04T13:52:49Z;170;;1485
2024-11-04T13:52:51Z;-53;;1262
2024-11-04T13:52:52Z;344;;1659
2024-11-04T13:52:53Z;-59;;1256
2024-11-04T13:52:54Z;105;;1420
2024-11-04T13:52:56Z;336;;1651
2024-11-04T13:52:57Z;-50;;1265
2024-11-04T13:52:58Z;342;;1657
2024-11-04T13:52:59Z;-60;;1255
2024-11-04T13:53:01Z;329;;1644
2024-11-04T13:53:02Z;-63;;1252
2024-11-04T13:53:04Z;323;;1638
2024-11-04T13:53:05Z;206;;1521
2024-11-04T13:53:07Z;-47;;1268
2024-11-04T13:53:08Z;355;;1670
2024-11-04T13:53:10Z;47;;1362
2024-11-04T13:53:11Z;372;;1687
2024-11-04T13:53:14Z;352;;1667
2024-11-04T13:53:15Z;;1203;1555
2024-11-04T13:53:17Z;353;;1556
2024-11-04T13:53:20Z;360;;1563
2024-11-04T13:53:21Z;296;;1499
2024-11-04T13:53:23Z;348;;1551
2024-11-04T13:53:25Z;-54;;1149
2024-11-04T13:53:27Z;331;;1534
2024-11-04T13:53:28Z;-56;;1147
2024-11-04T13:53:30Z;353;;1556
2024-11-04T13:53:36Z;348;;1551
2024-11-04T13:53:38Z;-35;;1168
2024-11-04T13:53:39Z;355;;1558
2024-11-04T13:53:48Z;373;;1576
2024-11-04T13:53:49Z;-17;;1186
2024-11-04T13:53:50Z;394;;1597
2024-11-04T13:54:05Z;27;;1230
2024-11-04T13:54:08Z;368;;1571
2024-11-04T13:54:11Z;361;;1564
2024-11-04T13:54:15Z;394;;1597
2024-11-04T13:54:16Z;3;;1206
2024-11-04T13:54:24Z;371;;1574
2024-11-04T13:54:27Z;358;;1561
2024-11-04T13:54:31Z;494;;1697
2024-11-04T13:54:32Z;80;;1283
2024-11-04T13:54:34Z;443;;1646
2024-11-04T13:54:35Z;6;;1209
2024-11-04T13:54:37Z;427;;1630
2024-11-04T13:54:38Z;91;;1294
2024-11-04T13:54:40Z;451;;1654
2024-11-04T13:54:42Z;20;;1223
2024-11-04T13:54:43Z;383;;1586
2024-11-04T13:54:47Z;386;;1589
2024-11-04T13:54:48Z;0;;1203
2024-11-04T13:54:50Z;394;;1597
2024-11-04T13:54:51Z;9;;1212
2024-11-04T13:54:53Z;454;;1657
2024-11-04T13:54:54Z;90;;1293
2024-11-04T13:54:56Z;443;;1646
2024-11-04T13:54:58Z;44;;1247
2024-11-04T13:54:59Z;419;;1622
2024-11-04T13:55:01Z;57;;1260
2024-11-04T13:55:03Z;421;;1624
2024-11-04T13:55:04Z;20;;1223
2024-11-04T13:55:24Z;394;;1270
2024-11-04T13:55:25Z;451;;1654
2024-11-04T13:55:26Z;56;;1259
2024-11-04T13:55:28Z;393;;1596
2024-11-04T13:55:30Z;4;;1207
2024-11-04T13:55:31Z;356;;1559
2024-11-04T13:55:33Z;28;;1231
2024-11-04T13:55:35Z;633;;1836
2024-11-04T13:55:36Z;91;;1294
2024-11-04T13:55:38Z;453;;1656
2024-11-04T13:55:39Z;72;;1275
2024-11-04T13:55:41Z;481;;1684
2024-11-04T13:55:42Z;120;;1323
2024-11-04T13:55:44Z;478;;1681
2024-11-04T13:55:46Z;68;;1271
2024-11-04T13:55:47Z;392;;1595
2024-11-04T13:55:49Z;50;;1253
2024-11-04T13:55:51Z;442;;1645
2024-11-04T13:55:52Z;34;;1237
2024-11-04T13:55:54Z;421;;1624
2024-11-04T13:55:55Z;27;;1230
2024-11-04T13:55:57Z;443;;1646
2024-11-04T13:55:58Z;153;;1356
2024-11-04T13:56:00Z;481;;1684
2024-11-04T13:56:02Z;72;;1275
2024-11-04T13:56:03Z;410;;1613
2024-11-04T13:56:05Z;70;;1273
2024-11-04T13:56:07Z;462;;1665
2024-11-04T13:56:08Z;50;;1253
2024-11-04T13:56:10Z;410;;1613
2024-11-04T13:56:11Z;24;;1227
2024-11-04T13:56:13Z;425;;1628
2024-11-04T13:56:14Z;125;;1328
2024-11-04T13:56:16Z;415;;1618
2024-11-04T13:56:18Z;161;;1364
2024-11-04T13:56:19Z;432;;1635
2024-11-04T13:56:21Z;83;;1286
2024-11-04T13:56:23Z;480;;1683
2024-11-04T13:56:24Z;72;;1275
2024-11-04T13:56:26Z;482;;1685
2024-11-04T13:56:27Z;78;;1281
2024-11-04T13:56:42Z;478;;1681
2024-11-04T13:56:43Z;103;;1306
2024-11-04T13:56:45Z;485;;1688
2024-11-04T13:56:46Z;221;;1424
2024-11-04T13:56:48Z;462;;1665
2024-11-04T13:56:50Z;96;;1299
2024-11-04T13:56:51Z;327;;1530
2024-11-04T13:56:53Z;14;;1217
2024-11-04T13:56:55Z;395;;1598
2024-11-04T13:56:56Z;8;;1211
2024-11-04T13:56:58Z;398;;1601
2024-11-04T13:56:59Z;11;;1214
2024-11-04T13:57:01Z;434;;1637
2024-11-04T13:57:02Z;192;;1395
2024-11-04T13:57:04Z;454;;1657
2024-11-04T13:57:06Z;73;;1276
2024-11-04T13:57:07Z;391;;1594
2024-11-04T13:57:09Z;89;;1292
2024-11-04T13:57:11Z;482;;1685
2024-11-04T13:57:12Z;62;;1265
2024-11-04T13:57:14Z;421;;1624
2024-11-04T13:57:15Z;22;;1225
2024-11-04T13:57:17Z;448;;1651
2024-11-04T13:57:18Z;136;;1339
2024-11-04T13:57:20Z;424;;1627
2024-11-04T13:57:22Z;246;;1449
2024-11-04T13:57:23Z;368;;1571
2024-11-04T13:57:25Z;64;;1267
2024-11-04T13:57:27Z;439;;1642
2024-11-04T13:57:28Z;75;;1278
2024-11-04T13:57:30Z;422;;1625
2024-11-04T13:57:31Z;66;;1269
2024-11-04T13:57:33Z;462;;1665
2024-11-04T13:57:34Z;136;;1339
2024-11-04T13:57:36Z;400;;1603
2024-11-04T13:57:38Z;21;;1224
2024-11-04T13:57:40Z;395;;1598
2024-11-04T13:57:41Z;57;;1260
2024-11-04T13:57:43Z;570;;1773
2024-11-04T13:57:44Z;61;;1264
2024-11-04T13:57:46Z;448;;1651
2024-11-04T13:58:02Z;402;;1605
2024-11-04T13:58:03Z;16;;1219
2024-11-04T13:58:05Z;487;;1690
2024-11-04T13:58:06Z;197;;1400
2024-11-04T13:58:08Z;471;;1674
2024-11-04T13:58:10Z;123;;1326
2024-11-04T13:58:11Z;354;;1557
2024-11-04T13:58:13Z;99;;1302
2024-11-04T13:58:15Z;454;;1657
2024-11-04T13:58:16Z;68;;1271
2024-11-04T13:58:18Z;404;;1607
2024-11-04T13:58:19Z;16;;1219
2024-11-04T13:58:21Z;397;;1600
2024-11-04T13:58:22Z;117;;1320
2024-11-04T13:58:24Z;390;;1593
2024-11-04T13:58:26Z;242;;1445
2024-11-04T13:58:27Z;361;;1564
2024-11-04T13:58:29Z;120;;1323
2024-11-04T13:58:31Z;480;;1683
2024-11-04T13:58:32Z;47;;1250
2024-11-04T13:58:34Z;658;;1861
2024-11-04T13:58:35Z;138;;1341
2024-11-04T13:58:37Z;468;;1671
2024-11-04T13:58:38Z;217;;1420
2024-11-04T13:58:40Z;455;;1658
2024-11-04T13:58:42Z;48;;1251
2024-11-04T13:58:43Z;349;;1552
2024-11-04T13:58:45Z;47;;1250
2024-11-04T13:58:47Z;443;;1646
2024-11-04T13:58:48Z;63;;1266
2024-11-04T13:58:50Z;433;;1636
2024-11-04T13:58:51Z;65;;1268
2024-11-04T13:58:53Z;425;;1628
2024-11-04T13:58:54Z;175;;1378
2024-11-04T13:58:56Z;436;;1639
2024-11-04T13:58:58Z;41;;1244
2024-11-04T13:58:59Z;333;;1536
2024-11-04T13:59:01Z;57;;1260
2024-11-04T13:59:03Z;442;;1645
2024-11-04T13:59:04Z;66;;1269
2024-11-04T13:59:19Z;438;;1641
2024-11-04T13:59:20Z;289;;1492
2024-11-04T13:59:22Z;502;;1705
2024-11-04T13:59:23Z;55;;1258
2024-11-04T13:59:25Z;421;;1624
2024-11-04T13:59:26Z;182;;1385
2024-11-04T13:59:28Z;452;;1655
2024-11-04T13:59:30Z;42;;1245
2024-11-04T13:59:31Z;352;;1555
2024-11-04T13:59:33Z;45;;1248
2024-11-04T13:59:35Z;430;;1633
2024-11-04T13:59:36Z;56;;1259
2024-11-04T13:59:38Z;425;;1628
2024-11-04T13:59:39Z;68;;1271
2024-11-04T13:59:41Z;424;;1627
2024-11-04T13:59:42Z;171;;1374
2024-11-04T13:59:44Z;439;;1642
2024-11-04T13:59:46Z;26;;1229
2024-11-04T13:59:47Z;336;;1539
2024-11-04T13:59:49Z;22;;1225
2024-11-04T13:59:51Z;418;;1621
2024-11-04T13:59:52Z;75;;1278
2024-11-04T13:59:54Z;414;;1617
2024-11-04T13:59:55Z;35;;1238
2024-11-04T13:59:57Z;441;;1644
2024-11-04T13:59:58Z;164;;1367
2024-11-04T14:00:00Z;431;;1634
2024-11-04T14:00:02Z;50;;1253
2024-11-04T14:00:03Z;355;;1558
2024-11-04T14:00:05Z;51;;1254
2024-11-04T14:00:07Z;466;;1669
2024-11-04T14:00:08Z;78;;1281
2024-11-04T14:00:10Z;499;;1702
2024-11-04T14:00:11Z;118;;1321
2024-11-04T14:00:13Z;496;;1699
2024-11-04T14:00:14Z;154;;1357
2024-11-04T14:00:16Z;455;;1658
2024-11-04T14:00:18Z;62;;1265
2024-11-04T14:00:19Z;352;;1555
2024-11-04T14:00:21Z;73;;1276
2024-11-04T14:00:23Z;516;;1719
2024-11-04T14:00:38Z;143;;1346
2024-11-04T14:00:39Z;433;;1636
2024-11-04T14:00:40Z;84;;1287
2024-11-04T14:00:41Z;420;;1623
2024-11-04T14:00:43Z;107;;1310
2024-11-04T14:00:44Z;440;;1643
2024-11-04T14:00:45Z;89;;1292
2024-11-04T14:00:46Z;416;;1619
2024-11-04T14:00:47Z;42;;1245
2024-11-04T14:00:49Z;427;;1630
2024-11-04T14:00:50Z;87;;1290
2024-11-04T14:00:51Z;521;;1724
2024-11-04T14:00:52Z;28;;1231
2024-11-04T14:00:53Z;418;;1621
2024-11-04T14:00:55Z;44;;1247
2024-11-04T14:00:56Z;490;;1693
2024-11-04T14:00:57Z;57;;1260
2024-11-04T14:00:58Z;467;;1670
2024-11-04T14:00:59Z;65;;1268
2024-11-04T14:01:01Z;476;;1679
2024-11-04T14:01:02Z;150;;1353
2024-11-04T14:01:04Z;482;;1685
2024-11-04T14:01:06Z;175;;1378
2024-11-04T14:01:07Z;462;;1665
2024-11-04T14:01:09Z;96;;1299
2024-11-04T14:01:11Z;495;;1698
2024-11-04T14:01:12Z;110;;1313
2024-11-04T14:01:14Z;469;;1672
2024-11-04T14:01:15Z;96;;1299
2024-11-04T14:01:17Z;466;;1669
2024-11-04T14:01:18Z;85;;1288
2024-11-04T14:01:20Z;472;;1675
2024-11-04T14:01:22Z;44;;1247
2024-11-04T14:01:23Z;403;;1606
2024-11-04T14:01:25Z;21;;1224
2024-11-04T14:01:27Z;431;;1634
2024-11-04T14:01:28Z;11;;1214
2024-11-04T14:01:30Z;432;;1635
2024-11-04T14:01:31Z;47;;1250
2024-11-04T14:01:33Z;432;;1635
2024-11-04T14:01:34Z;102;;1305
2024-11-04T14:01:36Z;437;;1640
2024-11-04T14:01:38Z;80;;1283
2024-11-04T14:01:39Z;425;;1628
2024-11-04T14:01:41Z;55;;1258
2024-11-04T14:01:56Z;413;;1616
2024-11-04T14:01:57Z;50;;1253
2024-11-04T14:01:59Z;467;;1670
2024-11-04T14:02:00Z;29;;1232
2024-11-04T14:02:02Z;453;;1656
2024-11-04T14:02:03Z;55;;1258
2024-11-04T14:02:05Z;433;;1636
2024-11-04T14:02:07Z;-558;;645
2024-11-04T14:02:09Z;-166;;1037
2024-11-04T14:02:11Z;-178;;1025
2024-11-04T14:02:12Z;-172;;1031
2024-11-04T14:02:14Z;-536;;667
2024-11-04T14:02:15Z;-169;;1034
2024-11-04T14:02:17Z;-575;;628
2024-11-04T14:02:18Z;-164;;1039
2024-11-04T14:02:20Z;-573;;630
2024-11-04T14:02:21Z;-181;;1022
2024-11-04T14:02:24Z;-156;;1047
2024-11-04T14:02:26Z;-564;;639
2024-11-04T14:02:30Z;-197;;1006
2024-11-04T14:02:31Z;-172;;1031
2024-11-04T14:02:33Z;-558;;645
2024-11-04T14:02:34Z;-138;;1065
2024-11-04T14:02:35Z;-528;;675
2024-11-04T14:02:36Z;-180;;1023
2024-11-04T14:02:39Z;-534;;669
2024-11-04T14:02:41Z;-197;;1006
2024-11-04T14:02:43Z;-164;;1039
2024-11-04T14:02:44Z;-213;;990
2024-11-04T14:02:46Z;-535;;668
2024-11-04T14:02:47Z;-137;;1066
2024-11-04T14:02:49Z;-573;;630
2024-11-04T14:02:50Z;-123;;1080
2024-11-04T14:02:52Z;-555;;648
2024-11-04T14:02:53Z;-535;;668
2024-11-04T14:02:56Z;-171;;1032
2024-11-04T14:02:57Z;-156;;1047
2024-11-04T14:02:59Z;-550;;653
2024-11-04T14:03:00Z;-145;;1058
2024-11-04T14:03:15Z;-137;;1066
2024-11-04T14:03:16Z;-151;;1052
2024-11-04T14:03:24Z;-566;;637
2024-11-04T14:03:25Z;-165;;1038
2024-11-04T14:03:28Z;-177;;1026
2024-11-04T14:03:29Z;-226;;977
2024-11-04T14:03:31Z;-579;;624
2024-11-04T14:03:32Z;-190;;1013
2024-11-04T14:03:34Z;-541;;662
2024-11-04T14:03:35Z;-198;;1005
2024-11-04T14:03:37Z;-588;;615
2024-11-04T14:03:38Z;-195;;1008
2024-11-04T14:03:45Z;-536;;667
2024-11-04T14:03:46Z;-289;;914
2024-11-04T14:03:47Z;-175;;1028
2024-11-04T14:03:48Z;-195;;1008
2024-11-04T14:03:50Z;-455;;748
2024-11-04T14:03:52Z;-573;;630
2024-11-04T14:03:53Z;-527;;676
2024-11-04T14:03:55Z;-152;;1051
2024-11-04T14:03:56Z;-564;;639
2024-11-04T14:03:57Z;-158;;1045
2024-11-04T14:04:00Z;-134;;1069
2024-11-04T14:04:01Z;-283;;920
2024-11-04T14:04:03Z;-521;;682
2024-11-04T14:04:04Z;-116;;1087
2024-11-04T14:04:07Z;255;;1458
2024-11-04T14:04:10Z;363;;1566
2024-11-04T14:04:13Z;380;;1583
2024-11-04T14:04:14Z;-1;;1202
2024-11-04T14:04:16Z;394;;1597
2024-11-04T14:04:17Z;224;;1427
2024-11-04T14:04:33Z;433;;1636
2024-11-04T14:04:35Z;486;;1689
2024-11-04T14:04:37Z;101;;1304
2024-11-04T14:04:38Z;366;;1569
2024-11-04T14:04:40Z;129;;1332
2024-11-04T14:04:42Z;528;;1731
2024-11-04T14:04:43Z;150;;1353
2024-11-04T14:04:45Z;552;;1755
2024-11-04T14:04:46Z;170;;1373
2024-11-04T14:04:48Z;554;;1757
2024-11-04T14:04:50Z;161;;1364
2024-11-04T14:04:51Z;551;;1754
2024-11-04T14:04:53Z;161;;1364
2024-11-04T14:04:54Z;443;;1646
2024-11-04T14:04:56Z;157;;1360
2024-11-04T14:04:58Z;541;;1744
2024-11-04T14:04:59Z;150;;1353
2024-11-04T14:05:01Z;537;;1740
2024-11-04T14:05:02Z;158;;1361
2024-11-04T14:05:04Z;547;;1750
2024-11-04T14:05:05Z;272;;1475
2024-11-04T14:05:07Z;581;;1784
2024-11-04T14:05:09Z;188;;1391
2024-11-04T14:05:10Z;478;;1681
2024-11-04T14:05:12Z;191;;1394
2024-11-04T14:05:14Z;581;;1784
2024-11-04T14:05:15Z;208;;1411
2024-11-04T14:05:17Z;597;;1800
2024-11-04T14:05:19Z;192;;1395
2024-11-04T14:05:20Z;587;;1790
2024-11-04T14:05:21Z;292;;1495
2024-11-04T14:05:23Z;420;;1623
2024-11-04T14:05:25Z;68;;1271
2024-11-04T14:05:26Z;494;;1697
2024-11-04T14:05:28Z;168;;1371
2024-11-04T14:05:30Z;567;;1770
2024-11-04T14:05:31Z;175;;1378
2024-11-04T14:05:33Z;579;;1782
2024-11-04T14:05:34Z;31;;1234
2024-11-04T14:05:36Z;427;;1630
2024-11-04T14:05:37Z;265;;1468
2024-11-04T14:05:52Z;560;;1763
2024-11-04T14:05:53Z;236;;1439
2024-11-04T14:05:55Z;557;;1760
2024-11-04T14:05:57Z;167;;1370
2024-11-04T14:05:58Z;496;;1699
2024-11-04T14:06:00Z;161;;1364
2024-11-04T14:06:02Z;554;;1757
2024-11-04T14:06:03Z;157;;1360
2024-11-04T14:06:05Z;552;;1755
2024-11-04T14:06:06Z;159;;1362
2024-11-04T14:06:08Z;557;;1760
2024-11-04T14:06:09Z;201;;1404
2024-11-04T14:06:11Z;509;;1712
2024-11-04T14:06:13Z;126;;1329
2024-11-04T14:06:14Z;472;;1675
2024-11-04T14:06:16Z;132;;1335
2024-11-04T14:06:18Z;476;;1679
2024-11-04T14:06:19Z;81;;1284
2024-11-04T14:06:21Z;474;;1677
2024-11-04T14:06:22Z;87;;1290
2024-11-04T14:06:24Z;459;;1662
2024-11-04T14:06:25Z;124;;1327
2024-11-04T14:06:27Z;485;;1688
2024-11-04T14:06:29Z;82;;1285
2024-11-04T14:06:30Z;411;;1614
2024-11-04T14:06:32Z;76;;1279
2024-11-04T14:06:34Z;470;;1673
2024-11-04T14:06:35Z;76;;1279
2024-11-04T14:06:37Z;473;;1676
2024-11-04T14:06:38Z;92;;1295
2024-11-04T14:06:40Z;479;;1682
2024-11-04T14:06:41Z;134;;1337
2024-11-04T14:06:43Z;471;;1674
2024-11-04T14:06:45Z;95;;1298
2024-11-04T14:06:46Z;445;;1648
2024-11-04T14:06:48Z;86;;1289
2024-11-04T14:06:50Z;484;;1687
2024-11-04T14:06:51Z;92;;1295
2024-11-04T14:06:53Z;477;;1680
2024-11-04T14:06:54Z;94;;1297
2024-11-04T14:07:10Z;498;;1701
2024-11-04T14:07:12Z;493;;1696
2024-11-04T14:07:13Z;146;;1349
2024-11-04T14:07:15Z;519;;1722
2024-11-04T14:07:17Z;109;;1312
2024-11-04T14:07:18Z;453;;1656
2024-11-04T14:07:20Z;108;;1311
2024-11-04T14:07:22Z;498;;1701
2024-11-04T14:07:23Z;116;;1319
2024-11-04T14:07:25Z;501;;1704
2024-11-04T14:07:26Z;115;;1318
2024-11-04T14:07:28Z;507;;1710
2024-11-04T14:07:29Z;165;;1368
2024-11-04T14:07:31Z;494;;1697
2024-11-04T14:07:33Z;108;;1311
2024-11-04T14:07:34Z;445;;1648
2024-11-04T14:07:36Z;111;;1314
2024-11-04T14:07:38Z;503;;1706
2024-11-04T14:07:39Z;108;;1311
2024-11-04T14:07:41Z;533;;1736
2024-11-04T14:07:42Z;118;;1321
2024-11-04T14:07:44Z;498;;1701
2024-11-04T14:07:45Z;162;;1365
2024-11-04T14:07:47Z;509;;1712
2024-11-04T14:07:49Z;110;;1313
2024-11-04T14:07:50Z;468;;1671
2024-11-04T14:07:52Z;115;;1318
2024-11-04T14:07:54Z;513;;1716
2024-11-04T14:07:55Z;113;;1316
2024-11-04T14:07:57Z;501;;1704
2024-11-04T14:07:58Z;114;;1317
2024-11-04T14:08:00Z;515;;1718
2024-11-04T14:08:01Z;161;;1364
2024-11-04T14:08:03Z;500;;1703
2024-11-04T14:08:05Z;108;;1311
2024-11-04T14:08:06Z;447;;1650
2024-11-04T14:08:08Z;101;;1304
2024-11-04T14:08:10Z;500;;1703
2024-11-04T14:08:11Z;121;;1324
2024-11-04T14:08:13Z;493;;1696
2024-11-04T14:08:28Z;110;;1313
2024-11-04T14:08:29Z;513;;1716
2024-11-04T14:08:30Z;112;;1315
2024-11-04T14:08:32Z;500;;1703
2024-11-04T14:08:33Z;194;;1397
2024-11-04T14:08:35Z;498;;1701
2024-11-04T14:08:37Z;96;;1299
2024-11-04T14:08:38Z;414;;1617
2024-11-04T14:08:40Z;736;;1939
2024-11-04T14:08:41Z;163;;1366
2024-11-04T14:08:42Z;607;;1810
2024-11-04T14:08:44Z;162;;1365
2024-11-04T14:08:45Z;563;;1766
2024-11-04T14:08:46Z;187;;1390
2024-11-04T14:08:48Z;564;;1767
2024-11-04T14:08:49Z;265;;1468
2024-11-04T14:08:51Z;509;;1712
2024-11-04T14:08:53Z;117;;1320
2024-11-04T14:08:54Z;417;;1620
2024-11-04T14:08:56Z;113;;1316
2024-11-04T14:08:58Z;499;;1702
2024-11-04T14:08:59Z;117;;1320
2024-11-04T14:09:01Z;560;;1763
2024-11-04T14:09:02Z;228;;1431
2024-11-04T14:09:04Z;543;;1746
2024-11-04T14:09:05Z;264;;1467
2024-11-04T14:09:07Z;572;;1775
2024-11-04T14:09:09Z;209;;1412
2024-11-04T14:09:10Z;498;;1701
2024-11-04T14:09:12Z;143;;1346
2024-11-04T14:09:14Z;497;;1700
2024-11-04T14:09:15Z;117;;1320
2024-11-04T14:09:17Z;504;;1707
2024-11-04T14:09:18Z;112;;1315
2024-11-04T14:09:20Z;506;;1709
2024-11-04T14:09:21Z;210;;1413
2024-11-04T14:09:23Z;361;;1564
2024-11-04T14:09:24Z;605;;1808
2024-11-04T14:09:25Z;167;;1370
2024-11-04T14:09:27Z;489;;1692
2024-11-04T14:09:28Z;195;;1398
2024-11-04T14:09:30Z;607;;1810
2024-11-04T14:09:32Z;176;;1379
2024-11-04T14:09:47Z;547;;1750
2024-11-04T14:09:49Z;581;;1784
2024-11-04T14:09:50Z;184;;1387
2024-11-04T14:09:52Z;569;;1772
2024-11-04T14:09:53Z;283;;1486
2024-11-04T14:09:55Z;526;;1729
2024-11-04T14:09:57Z;125;;1328
2024-11-04T14:09:58Z;410;;1613
2024-11-04T14:10:00Z;122;;1325
2024-11-04T14:10:02Z;522;;1725
2024-11-04T14:10:03Z;130;;1333
2024-11-04T14:10:05Z;558;;1761
2024-11-04T14:10:06Z;200;;1403
2024-11-04T14:10:08Z;580;;1783
2024-11-04T14:10:10Z;194;;1397
2024-11-04T14:10:11Z;582;;1785
2024-11-04T14:10:13Z;182;;1385
2024-11-04T14:10:14Z;475;;1678
2024-11-04T14:10:16Z;173;;1376
2024-11-04T14:10:18Z;524;;1727
2024-11-04T14:10:19Z;128;;1331
2024-11-04T14:10:21Z;508;;1711
2024-11-04T14:10:22Z;122;;1325
2024-11-04T14:10:24Z;513;;1716
2024-11-04T14:10:25Z;281;;1484
2024-11-04T14:10:27Z;364;;1567
2024-11-04T14:10:28Z;639;;1842
2024-11-04T14:10:29Z;180;;1383
2024-11-04T14:10:31Z;423;;1626
2024-11-04T14:10:32Z;198;;1401
2024-11-04T14:10:34Z;587;;1790
2024-11-04T14:10:35Z;222;;1425
2024-11-04T14:10:37Z;585;;1788
2024-11-04T14:10:38Z;184;;1387
2024-11-04T14:10:40Z;539;;1742
2024-11-04T14:10:42Z;135;;1338
2024-11-04T14:10:43Z;518;;1721
2024-11-04T14:10:45Z;138;;1341
2024-11-04T14:10:46Z;340;;1543
2024-11-04T14:10:48Z;201;;1404
2024-11-04T14:10:50Z;583;;1786
2024-11-04T14:11:05Z;141;;1344
2024-11-04T14:11:06Z;548;;1751
2024-11-04T14:11:07Z;153;;1356
2024-11-04T14:11:09Z;787;;1990
2024-11-04T14:11:11Z;229;;1432
2024-11-04T14:11:12Z;602;;1805
2024-11-04T14:11:13Z;447;;1650
2024-11-04T14:11:15Z;218;;1421
2024-11-04T14:11:16Z;591;;1794
2024-11-04T14:11:17Z;207;;1410
2024-11-04T14:11:18Z;363;;1566
2024-11-04T14:11:20Z;195;;1398
2024-11-04T14:11:22Z;517;;1720
2024-11-04T14:11:23Z;131;;1334
2024-11-04T14:11:25Z;531;;1734
2024-11-04T14:11:26Z;156;;1359
2024-11-04T14:11:28Z;538;;1741
2024-11-04T14:11:31Z;609;;1812
2024-11-04T14:11:33Z;204;;1407
2024-11-04T14:11:34Z;313;;1516
2024-11-04T14:11:36Z;194;;1397
2024-11-04T14:11:38Z;588;;1791
2024-11-04T14:11:40Z;-392;;811
2024-11-04T14:11:42Z;-462;;741
2024-11-04T14:11:44Z;-65;;1138
2024-11-04T14:11:46Z;-466;;737
2024-11-04T14:11:47Z;-68;;1135
2024-11-04T14:11:49Z;-469;;734
2024-11-04T14:11:51Z;-54;;1149
2024-11-04T14:11:52Z;-436;;767
2024-11-04T14:11:55Z;-399;;804
2024-11-04T14:11:58Z;-416;;787
2024-11-04T14:12:00Z;-17;;1186
2024-11-04T14:12:02Z;-435;;768
2024-11-04T14:12:03Z;-60;;1143
2024-11-04T14:12:05Z;-474;;729
2024-11-04T14:12:07Z;-79;;1124
2024-11-04T14:12:08Z;-480;;723
2024-11-04T14:12:23Z;-16;;1187
2024-11-04T14:12:24Z;-439;;764
2024-11-04T14:12:26Z;-95;;1108
2024-11-04T14:12:27Z;-499;;704
2024-11-04T14:12:29Z;-99;;1104
2024-11-04T14:12:30Z;-476;;727
2024-11-04T14:12:32Z;-71;;1132
2024-11-04T14:12:34Z;-478;;725
2024-11-04T14:12:35Z;-60;;1143
2024-11-04T14:12:37Z;-353;;850
2024-11-04T14:12:40Z;-406;;797
2024-11-04T14:12:42Z;-45;;1158
2024-11-04T14:12:43Z;-386;;817
2024-11-04T14:12:48Z;-410;;793
2024-11-04T14:12:49Z;-42;;1161
2024-11-04T14:12:50Z;-418;;785
2024-11-04T14:12:51Z;-38;;1165
2024-11-04T14:12:53Z;-444;;759
2024-11-04T14:12:55Z;-64;;1139
2024-11-04T14:12:56Z;-461;;742
2024-11-04T14:12:58Z;-76;;1127
2024-11-04T14:12:59Z;-457;;746
2024-11-04T14:13:01Z;-65;;1138
2024-11-04T14:13:02Z;-461;;742
2024-11-04T14:13:04Z;-60;;1143
2024-11-04T14:13:06Z;-475;;728
2024-11-04T14:13:07Z;-71;;1132
2024-11-04T14:13:09Z;-452;;751
2024-11-04T14:13:13Z;-459;;744
2024-11-04T14:13:15Z;-465;;738
2024-11-04T14:13:16Z;-468;;735
2024-11-04T14:13:18Z;-66;;1137
2024-11-04T14:13:19Z;-448;;755
2024-11-04T14:13:24Z;-65;;1138
2024-11-04T14:13:26Z;-441;;762
2024-11-04T14:13:27Z;-60;;1143
2024-11-04T14:13:42Z;32;;1235
2024-11-04T14:13:43Z;441;;1644
2024-11-04T14:13:44Z;76;;1279
2024-11-04T14:13:46Z;445;;1648
2024-11-04T14:13:47Z;64;;1267
2024-11-04T14:13:49Z;464;;1667
2024-11-04T14:13:50Z;89;;1292
2024-11-04T14:13:52Z;456;;1659
2024-11-04T14:13:54Z;64;;1267
2024-11-04T14:13:55Z;434;;1637
2024-11-04T14:13:57Z;109;;1312
2024-11-04T14:13:59Z;478;;1681
2024-11-04T14:14:00Z;106;;1309
2024-11-04T14:14:02Z;498;;1701
2024-11-04T14:14:03Z;87;;1290
2024-11-04T14:14:05Z;476;;1679
2024-11-04T14:14:06Z;128;;1331
2024-11-04T14:14:08Z;508;;1711
2024-11-04T14:14:10Z;120;;1323
2024-11-04T14:14:11Z;500;;1703
2024-11-04T14:14:13Z;126;;1329
2024-11-04T14:14:15Z;736;;1939
2024-11-04T14:14:16Z;149;;1352
2024-11-04T14:14:18Z;583;;1786
2024-11-04T14:14:19Z;173;;1376
2024-11-04T14:14:21Z;572;;1775
2024-11-04T14:14:22Z;190;;1393
2024-11-04T14:14:24Z;562;;1765
2024-11-04T14:14:26Z;166;;1369
2024-11-04T14:14:27Z;525;;1728
2024-11-04T14:14:29Z;145;;1348
2024-11-04T14:14:31Z;512;;1715
2024-11-04T14:14:32Z;153;;1356
2024-11-04T14:14:34Z;517;;1720
2024-11-04T14:14:35Z;161;;1364
2024-11-04T14:14:37Z;517;;1720
2024-11-04T14:14:38Z;186;;1389
2024-11-04T14:14:40Z;564;;1767
2024-11-04T14:14:42Z;176;;1379
2024-11-04T14:14:43Z;523;;1726
2024-11-04T14:14:45Z;165;;1368
2024-11-04T14:15:00Z;562;;1765
2024-11-04T14:15:01Z;163;;1366
2024-11-04T14:15:06Z;548;;1751
2024-11-04T14:15:07Z;189;;1392
2024-11-04T14:15:09Z;548;;1751
2024-11-04T14:15:10Z;271;;1474
2024-11-04T14:15:12Z;579;;1782
2024-11-04T14:15:14Z;180;;1383
2024-11-04T14:15:15Z;462;;1665
2024-11-04T14:15:17Z;197;;1400
2024-11-04T14:15:19Z;620;;1823
2024-11-04T14:15:21Z;214;;1417
2024-11-04T14:15:22Z;624;;1827
2024-11-04T14:15:23Z;229;;1432
2024-11-04T14:15:26Z;;939;1168
2024-11-04T14:15:28Z;620;;1559
2024-11-04T14:15:29Z;;935;1555
2024-11-04T14:15:35Z;609;;1544
2024-11-04T14:15:36Z;;903;1512
2024-11-04T14:15:37Z;349;;1252
2024-11-04T14:15:38Z;266;;1169
2024-11-04T14:15:39Z;1113;;2016
2024-11-04T14:15:40Z;595;;1498
2024-11-04T14:15:41Z;228;;1131
2024-11-04T14:15:42Z;427;;1330
2024-11-04T14:15:44Z;595;;1498
2024-11-04T14:15:45Z;568;;1471
2024-11-04T14:15:46Z;190;;1093
2024-11-04T14:15:47Z;585;;1488
2024-11-04T14:15:48Z;193;;1096
2024-11-04T14:15:50Z;577;;1480
2024-11-04T14:15:51Z;195;;1098
2024-11-04T14:15:52Z;472;;1375
2024-11-04T14:15:53Z;607;;1510
2024-11-04T14:15:55Z;181;;1084
2024-11-04T14:15:56Z;600;;1503
2024-11-04T14:15:57Z;184;;1087
2024-11-04T14:15:58Z;619;;1522
2024-11-04T14:15:59Z;203;;1106
2024-11-04T14:16:00Z;586;;1489
2024-11-04T14:16:02Z;171;;1074
2024-11-04T14:16:03Z;571;;1474
2024-11-04T14:16:04Z;198;;1101
2024-11-04T14:16:19Z;255;;1158
2024-11-04T14:16:21Z;616;;1519
2024-11-04T14:16:22Z;263;;1166
2024-11-04T14:16:23Z;646;;1549
2024-11-04T14:16:25Z;250;;1153
2024-11-04T14:16:26Z;648;;1551
2024-11-04T14:16:28Z;259;;1162
2024-11-04T14:16:29Z;653;;1556
2024-11-04T14:16:31Z;282;;1185
2024-11-04T14:16:32Z;671;;1574
2024-11-04T14:16:34Z;274;;1177
2024-11-04T14:16:35Z;478;;1381
2024-11-04T14:16:37Z;683;;1586
2024-11-04T14:16:38Z;298;;1201
2024-11-04T14:16:39Z;687;;1590
2024-11-04T14:16:41Z;287;;1190
2024-11-04T14:16:42Z;676;;1579
2024-11-04T14:16:43Z;273;;1176
2024-11-04T14:16:45Z;673;;1576
2024-11-04T14:16:46Z;507;;1410
2024-11-04T14:16:48Z;280;;1183
2024-11-04T14:16:49Z;692;;1595
2024-11-04T14:16:50Z;284;;1187
2024-11-04T14:16:51Z;463;;1366
2024-11-04T14:16:53Z;683;;1586
2024-11-04T14:16:54Z;313;;1216
2024-11-04T14:16:55Z;672;;1575
2024-11-04T14:16:56Z;281;;1184
2024-11-04T14:16:58Z;676;;1579
2024-11-04T14:17:00Z;307;;1210
2024-11-04T14:17:01Z;670;;1573
2024-11-04T14:17:02Z;486;;1389
2024-11-04T14:17:04Z;283;;1186
2024-11-04T14:17:05Z;675;;1578
2024-11-04T14:17:06Z;292;;1195
2024-11-04T14:17:07Z;494;;1397
2024-11-04T14:17:09Z;703;;1606
2024-11-04T14:17:10Z;319;;1222
2024-11-04T14:17:11Z;699;;1602
2024-11-04T14:17:12Z;309;;1212
2024-11-04T14:17:14Z;706;;1609
2024-11-04T14:17:15Z;327;;1230
2024-11-04T14:17:17Z;715;;1618
2024-11-04T14:17:18Z;551;;1454
2024-11-04T14:17:20Z;711;;1614
2024-11-04T14:17:22Z;312;;1215
2024-11-04T14:17:37Z;710;;1613
2024-11-04T14:17:38Z;337;;1240
2024-11-04T14:17:39Z;;901;1238
2024-11-04T14:17:40Z;696;;1597
2024-11-04T14:17:42Z;296;;1197
2024-11-04T14:17:43Z;687;;1588
2024-11-04T14:17:44Z;304;;1205
2024-11-04T14:17:46Z;694;;1595
2024-11-04T14:17:47Z;324;;1225
2024-11-04T14:17:49Z;714;;1615
2024-11-04T14:17:51Z;491;;1392
2024-11-04T14:17:52Z;719;;1620
2024-11-04T14:17:54Z;327;;1228
2024-11-04T14:17:56Z;714;;1615
2024-11-04T14:17:58Z;311;;1212
2024-11-04T14:17:59Z;699;;1600
2024-11-04T14:18:01Z;310;;1211
2024-11-04T14:18:02Z;697;;1598
2024-11-04T14:18:03Z;308;;1209
2024-11-04T14:18:05Z;699;;1600
2024-11-04T14:18:06Z;473;;1374
2024-11-04T14:18:08Z;714;;1615
2024-11-04T14:18:10Z;309;;1210
2024-11-04T14:18:12Z;710;;1611
2024-11-04T14:18:14Z;327;;1228
2024-11-04T14:18:15Z;703;;1604
2024-11-04T14:18:16Z;316;;1217
2024-11-04T14:18:18Z;701;;1602
2024-11-04T14:18:20Z;292;;1193
2024-11-04T14:18:21Z;700;;1601
2024-11-04T14:18:23Z;411;;1312
2024-11-04T14:18:24Z;702;;1603
2024-11-04T14:18:26Z;245;;1146
2024-11-04T14:18:27Z;481;;1382
2024-11-04T14:18:29Z;609;;1510
2024-11-04T14:18:30Z;243;;1144
2024-11-04T14:18:31Z;627;;1528
2024-11-04T14:18:33Z;228;;1129
2024-11-04T14:18:34Z;649;;1550
2024-11-04T14:18:36Z;236;;1137
2024-11-04T14:18:37Z;641;;1542
2024-11-04T14:18:39Z;365;;1266
2024-11-04T14:18:40Z;241;;1142
2024-11-04T14:18:41Z;654;;1555
2024-11-04T14:18:56Z;262;;1163
2024-11-04T14:18:57Z;641;;1542
2024-11-04T14:18:58Z;268;;1169
2024-11-04T14:18:59Z;510;;1411
2024-11-04T14:19:01Z;675;;1576
2024-11-04T14:19:02Z;250;;1151
2024-11-04T14:19:03Z;682;;1583
2024-11-04T14:19:05Z;255;;1156
2024-11-04T14:19:06Z;651;;1552
2024-11-04T14:19:08Z;253;;1154
2024-11-04T14:19:09Z;649;;1550
2024-11-04T14:19:11Z;411;;1312
2024-11-04T14:19:12Z;276;;1177
2024-11-04T14:19:13Z;647;;1548
2024-11-04T14:19:14Z;270;;1171
2024-11-04T14:19:15Z;517;;1418
2024-11-04T14:19:17Z;693;;1594
2024-11-04T14:19:18Z;269;;1170
2024-11-04T14:19:19Z;629;;1530
2024-11-04T14:19:20Z;292;;1193
2024-11-04T14:19:22Z;668;;1569
2024-11-04T14:19:24Z;286;;1187
2024-11-04T14:19:25Z;654;;1555
2024-11-04T14:19:26Z;409;;1310
2024-11-04T14:19:28Z;274;;1175
2024-11-04T14:19:29Z;659;;1560
2024-11-04T14:19:30Z;265;;1166
2024-11-04T14:19:31Z;511;;1412
2024-11-04T14:19:33Z;647;;1548
2024-11-04T14:19:34Z;253;;1154
2024-11-04T14:19:35Z;640;;1541
2024-11-04T14:19:36Z;256;;1157
2024-11-04T14:19:38Z;647;;1548
2024-11-04T14:19:40Z;256;;1157
2024-11-04T14:19:41Z;652;;1553
2024-11-04T14:19:43Z;408;;1309
2024-11-04T14:19:44Z;260;;1161
2024-11-04T14:19:45Z;649;;1550
2024-11-04T14:19:46Z;271;;1172
2024-11-04T14:19:47Z;501;;1402
2024-11-04T14:19:49Z;652;;1553
2024-11-04T14:19:50Z;273;;1174
2024-11-04T14:19:51Z;677;;1578
2024-11-04T14:19:52Z;292;;1193
2024-11-04T14:19:54Z;652;;1553
2024-11-04T14:19:56Z;258;;1159
2024-11-04T14:19:57Z;655;;1556
2024-11-04T14:19:59Z;411;;1312
2024-11-04T14:20:00Z;256;;1157
2024-11-04T14:20:14Z;649;;1550
2024-11-04T14:20:15Z;422;;1323
2024-11-04T14:20:16Z;285;;1186
2024-11-04T14:20:17Z;659;;1560
2024-11-04T14:20:18Z;279;;1180
2024-11-04T14:20:19Z;525;;1426
2024-11-04T14:20:21Z;661;;1562
2024-11-04T14:20:22Z;274;;1175
2024-11-04T14:20:23Z;671;;1572
2024-11-04T14:20:24Z;271;;1172
2024-11-04T14:20:26Z;690;;1591
2024-11-04T14:20:28Z;285;;1186
2024-11-04T14:20:29Z;639;;1540
2024-11-04T14:20:31Z;394;;1295
2024-11-04T14:20:32Z;246;;1147
2024-11-04T14:20:33Z;647;;1548
2024-11-04T14:20:34Z;268;;1169
2024-11-04T14:20:35Z;527;;1428
2024-11-04T14:20:37Z;708;;1609
2024-11-04T14:20:38Z;274;;1175
2024-11-04T14:20:39Z;666;;1567
2024-11-04T14:20:40Z;455;;1356
2024-11-04T14:20:42Z;298;;1199
2024-11-04T14:20:43Z;673;;1574
2024-11-04T14:20:44Z;332;;1233
2024-11-04T14:20:45Z;732;;1633
2024-11-04T14:20:47Z;446;;1347
2024-11-04T14:20:48Z;708;;1609
2024-11-04T14:20:50Z;311;;1212
2024-11-04T14:20:52Z;676;;1577
2024-11-04T14:20:54Z;257;;1158
2024-11-04T14:20:55Z;638;;1539
2024-11-04T14:20:57Z;268;;1169
2024-11-04T14:20:58Z;666;;1567
2024-11-04T14:21:00Z;274;;1175
2024-11-04T14:21:01Z;649;;1550
2024-11-04T14:21:02Z;523;;1424
2024-11-04T14:21:04Z;736;;1637
2024-11-04T14:21:06Z;325;;1226
2024-11-04T14:21:08Z;730;;1631
2024-11-04T14:21:10Z;364;;1265
2024-11-04T14:21:16Z;71;;972
2024-11-04T14:21:17Z;50;;951
2024-11-04T14:21:32Z;-114;;787
2024-11-04T14:21:37Z;49;;950
2024-11-04T14:21:38Z;-338;;563
2024-11-04T14:21:40Z;75;;976
2024-11-04T14:21:43Z;74;;975
2024-11-04T14:21:46Z;176;;1077
2024-11-04T14:21:49Z;146;;1047
2024-11-04T14:21:50Z;54;;955
2024-11-04T14:21:52Z;152;;1053
2024-11-04T14:21:53Z;125;;1026
2024-11-04T14:21:56Z;107;;1008
2024-11-04T14:21:57Z;-308;;593
2024-11-04T14:21:59Z;56;;957
2024-11-04T14:22:02Z;57;;958
2024-11-04T14:22:05Z;63;;964
2024-11-04T14:22:06Z;269;;1170
2024-11-04T14:22:08Z;149;;1050
2024-11-04T14:22:09Z;131;;1032
2024-11-04T14:22:15Z;125;;1026
2024-11-04T14:22:18Z;86;;987
2024-11-04T14:22:19Z;-305;;596
2024-11-04T14:22:21Z;75;;976
2024-11-04T14:22:22Z;48;;949
2024-11-04T14:22:24Z;65;;966
2024-11-04T14:22:25Z;69;;970
2024-11-04T14:22:27Z;-337;;564
2024-11-04T14:22:28Z;117;;1018
2024-11-04T14:22:31Z;136;;1037
2024-11-04T14:22:51Z;134;;1035
2024-11-04T14:22:53Z;138;;1039
2024-11-04T14:22:54Z;184;;1085
2024-11-04T14:22:56Z;144;;1045
2024-11-04T14:22:57Z;145;;1046
2024-11-04T14:23:00Z;124;;1025
2024-11-04T14:23:06Z;72;;973
2024-11-04T14:23:09Z;58;;959
2024-11-04T14:23:10Z;1024;;1925
2024-11-04T14:23:12Z;128;;1029
2024-11-04T14:23:13Z;589;;1490
2024-11-04T14:23:14Z;254;;1155
2024-11-04T14:23:16Z;666;;1567
2024-11-04T14:23:18Z;250;;1151
2024-11-04T14:23:19Z;678;;1579
2024-11-04T14:23:21Z;262;;1163
2024-11-04T14:23:22Z;609;;1510
2024-11-04T14:23:24Z;220;;1121
2024-11-04T14:23:25Z;606;;1507
2024-11-04T14:23:27Z;221;;1122
2024-11-04T14:23:29Z;604;;1505
2024-11-04T14:23:30Z;239;;1140
2024-11-04T14:23:32Z;689;;1590
2024-11-04T14:23:34Z;308;;1209
2024-11-04T14:23:35Z;722;;1623
2024-11-04T14:23:37Z;327;;1228
2024-11-04T14:23:38Z;703;;1604
2024-11-04T14:23:39Z;311;;1212
2024-11-04T14:23:41Z;726;;1627
2024-11-04T14:23:43Z;291;;1192
2024-11-04T14:23:45Z;639;;1540
2024-11-04T14:23:46Z;239;;1140
2024-11-04T14:23:48Z;643;;1544
2024-11-04T14:23:49Z;251;;1152
2024-11-04T14:23:51Z;633;;1534
2024-11-04T14:23:52Z;285;;1186
2024-11-04T14:23:54Z;496;;1397
2024-11-04T14:23:55Z;742;;1643
2024-11-04T14:24:10Z;675;;1576
2024-11-04T14:24:11Z;339;;1240
2024-11-04T14:24:13Z;282;;1183
2024-11-04T14:24:14Z;666;;1567
2024-11-04T14:24:15Z;326;;1227
2024-11-04T14:24:16Z;745;;1646
2024-11-04T14:24:18Z;366;;1267
2024-11-04T14:24:20Z;768;;1669
2024-11-04T14:24:22Z;348;;1249
2024-11-04T14:24:23Z;741;;1642
2024-11-04T14:24:25Z;354;;1255
2024-11-04T14:24:26Z;720;;1621
2024-11-04T14:24:27Z;334;;1235
2024-11-04T14:24:29Z;284;;1185
2024-11-04T14:24:30Z;677;;1578
2024-11-04T14:24:31Z;294;;1195
2024-11-04T14:24:33Z;625;;1526
2024-11-04T14:24:34Z;286;;1187
2024-11-04T14:24:36Z;698;;1599
2024-11-04T14:24:38Z;320;;1221
2024-11-04T14:24:39Z;730;;1631
2024-11-04T14:24:41Z;341;;1242
2024-11-04T14:24:42Z;716;;1617
2024-11-04T14:24:44Z;416;;1317
2024-11-04T14:24:45Z;727;;1628
2024-11-04T14:24:47Z;308;;1209
2024-11-04T14:24:49Z;659;;1560
2024-11-04T14:24:50Z;281;;1182
2024-11-04T14:24:52Z;720;;1621
2024-11-04T14:24:53Z;288;;1189
2024-11-04T14:24:55Z;682;;1583
2024-11-04T14:24:57Z;299;;1200
2024-11-04T14:24:58Z;563;;1464
2024-11-04T14:24:59Z;742;;1643
2024-11-04T14:25:00Z;524;;1425
2024-11-04T14:25:01Z;751;;1652
2024-11-04T14:25:03Z;352;;1253
2024-11-04T14:25:04Z;627;;1528
2024-11-04T14:25:06Z;389;;1290
2024-11-04T14:25:08Z;765;;1666
2024-11-04T14:25:10Z;349;;1250
2024-11-04T14:25:11Z;689;;1590
2024-11-04T14:25:13Z;311;;1212
2024-11-04T14:25:28Z;746;;1647
2024-11-04T14:25:30Z;730;;1631
2024-11-04T14:25:32Z;574;;1475
2024-11-04T14:25:33Z;728;;1629
2024-11-04T14:25:35Z;350;;1251
2024-11-04T14:25:37Z;785;;1686
2024-11-04T14:25:39Z;381;;1282
2024-11-04T14:25:40Z;870;;1771
2024-11-04T14:25:41Z;311;;1212
2024-11-04T14:25:43Z;862;;1763
2024-11-04T14:25:44Z;435;;1336
2024-11-04T14:25:46Z;775;;1676
2024-11-04T14:25:48Z;370;;1271
2024-11-04T14:25:50Z;781;;1682
2024-11-04T14:25:51Z;213;;1114
2024-11-04T14:25:53Z;623;;1524
2024-11-04T14:25:55Z;463;;1364
2024-11-04T14:25:56Z;772;;1673
2024-11-04T14:25:57Z;389;;1290
2024-11-04T14:25:59Z;754;;1655
2024-11-04T14:26:01Z;415;;1316
2024-11-04T14:26:02Z;1774;;2675
2024-11-04T14:26:04Z;858;;1759
2024-11-04T14:26:05Z;427;;1328
2024-11-04T14:26:06Z;829;;1730
2024-11-04T14:26:07Z;418;;1319
2024-11-04T14:26:09Z;812;;1713
2024-11-04T14:26:11Z;438;;1339
2024-11-04T14:26:12Z;806;;1707
2024-11-04T14:26:13Z;439;;1340
2024-11-04T14:26:15Z;794;;1695
2024-11-04T14:26:17Z;470;;1371
2024-11-04T14:26:18Z;794;;1695
2024-11-04T14:26:20Z;457;;1358
2024-11-04T14:26:21Z;831;;1732
2024-11-04T14:26:23Z;437;;1338
2024-11-04T14:26:25Z;830;;1731
2024-11-04T14:26:27Z;452;;1353
2024-11-04T14:26:28Z;831;;1732
2024-11-04T14:26:30Z;497;;1398
2024-11-04T14:26:32Z;924;;1825
2024-11-04T14:26:46Z;461;;1362
2024-11-04T14:26:47Z;819;;1720
2024-11-04T14:26:49Z;435;;1336
2024-11-04T14:26:50Z;815;;1716
2024-11-04T14:26:52Z;437;;1338
2024-11-04T14:26:54Z;803;;1704
2024-11-04T14:26:55Z;445;;1346
2024-11-04T14:26:57Z;826;;1727
2024-11-04T14:26:59Z;443;;1344
2024-11-04T14:27:00Z;832;;1733
2024-11-04T14:27:02Z;439;;1340
2024-11-04T14:27:03Z;850;;1751
2024-11-04T14:27:05Z;461;;1362
2024-11-04T14:27:06Z;833;;1734
2024-11-04T14:27:08Z;486;;1387
2024-11-04T14:27:10Z;809;;1710
2024-11-04T14:27:11Z;438;;1339
2024-11-04T14:27:13Z;829;;1730
2024-11-04T14:27:14Z;435;;1336
2024-11-04T14:27:16Z;1070;;1971
2024-11-04T14:27:18Z;461;;1362
2024-11-04T14:27:19Z;873;;1774
2024-11-04T14:27:21Z;531;;1432
2024-11-04T14:27:22Z;874;;1775
2024-11-04T14:27:24Z;486;;1387
2024-11-04T14:27:26Z;782;;1683
2024-11-04T14:27:27Z;456;;1357
2024-11-04T14:27:29Z;844;;1745
2024-11-04T14:27:31Z;450;;1351
2024-11-04T14:27:32Z;816;;1717
2024-11-04T14:27:34Z;444;;1345
2024-11-04T14:27:35Z;799;;1700
2024-11-04T14:27:37Z;528;;1429
2024-11-04T14:27:38Z;795;;1696
2024-11-04T14:27:40Z;426;;1327
2024-11-04T14:27:41Z;691;;1592
2024-11-04T14:27:43Z;421;;1322
2024-11-04T14:27:45Z;800;;1701
2024-11-04T14:27:47Z;417;;1318
2024-11-04T14:27:48Z;823;;1724
2024-11-04T14:27:50Z;422;;1323
2024-11-04T14:27:51Z;1368;;2269
2024-11-04T14:28:05Z;852;;1753
2024-11-04T14:28:06Z;489;;1390
2024-11-04T14:28:07Z;870;;1771
2024-11-04T14:28:11Z;917;;1818
2024-11-04T14:28:12Z;529;;1430
2024-11-04T14:28:14Z;671;;1572
2024-11-04T14:28:15Z;952;;1853
2024-11-04T14:28:16Z;575;;1476
2024-11-04T14:28:17Z;963;;1864
2024-11-04T14:28:19Z;524;;1425
2024-11-04T14:28:20Z;950;;1851
2024-11-04T14:28:21Z;554;;1455
2024-11-04T14:28:23Z;949;;1850
2024-11-04T14:28:24Z;868;;1769
2024-11-04T14:28:26Z;572;;1473
2024-11-04T14:28:27Z;943;;1844
2024-11-04T14:28:28Z;575;;1476
2024-11-04T14:28:30Z;634;;1535
2024-11-04T14:28:31Z;964;;1865
2024-11-04T14:28:32Z;554;;1455
2024-11-04T14:28:33Z;988;;1889
2024-11-04T14:28:34Z;613;;1514
2024-11-04T14:28:36Z;981;;1882
2024-11-04T14:28:38Z;588;;1489
2024-11-04T14:28:39Z;958;;1859
2024-11-04T14:28:41Z;551;;1452
2024-11-04T14:28:43Z;929;;1830
2024-11-04T14:28:44Z;575;;1476
2024-11-04T14:28:46Z;947;;1848
2024-11-04T14:28:47Z;570;;1471
2024-11-04T14:28:49Z;943;;1844
2024-11-04T14:28:51Z;562;;1463
2024-11-04T14:28:52Z;976;;1877
2024-11-04T14:28:54Z;575;;1476
2024-11-04T14:28:55Z;963;;1864
2024-11-04T14:28:57Z;578;;1479
2024-11-04T14:28:59Z;983;;1884
2024-11-04T14:29:00Z;576;;1477
2024-11-04T14:29:02Z;965;;1866
2024-11-04T14:29:04Z;574;;1475
2024-11-04T14:29:05Z;936;;1837
2024-11-04T14:29:23Z;575;;1476
2024-11-04T14:29:24Z;601;;1502
2024-11-04T14:29:26Z;957;;1858
2024-11-04T14:29:27Z;620;;1521
2024-11-04T14:29:29Z;967;;1868
2024-11-04T14:29:30Z;615;;1516
2024-11-04T14:29:32Z;568;;1469
2024-11-04T14:29:33Z;947;;1848
2024-11-04T14:29:34Z;592;;1493
2024-11-04T14:29:36Z;921;;1822
2024-11-04T14:29:37Z;578;;1479
2024-11-04T14:29:39Z;951;;1852
2024-11-04T14:29:41Z;576;;1477
2024-11-04T14:29:42Z;640;;1541
2024-11-04T14:29:43Z;951;;1852
2024-11-04T14:29:44Z;602;;1503
2024-11-04T14:29:45Z;960;;1861
2024-11-04T14:29:46Z;635;;1536
2024-11-04T14:29:48Z;965;;1866
2024-11-04T14:29:50Z;622;;1523
2024-11-04T14:29:51Z;946;;1847
2024-11-04T14:29:53Z;629;;1530
2024-11-04T14:29:55Z;992;;1893
2024-11-04T14:29:56Z;629;;1530
2024-11-04T14:29:58Z;993;;1894
2024-11-04T14:29:59Z;630;;1531
2024-11-04T14:30:01Z;983;;1884
2024-11-04T14:30:02Z;693;;1594
2024-11-04T14:30:04Z;993;;1894
2024-11-04T14:30:06Z;628;;1529
2024-11-04T14:30:07Z;924;;1825
2024-11-04T14:30:09Z;623;;1524
2024-11-04T14:30:11Z;988;;1889
2024-11-04T14:30:12Z;634;;1535
2024-11-04T14:30:14Z;1000;;1901
2024-11-04T14:30:15Z;642;;1543
2024-11-04T14:30:17Z;1016;;1917
2024-11-04T14:30:18Z;753;;1654
2024-11-04T14:30:20Z;1008;;1909
2024-11-04T14:30:22Z;656;;1557
2024-11-04T14:30:24Z;1034;;1935
2024-11-04T14:30:27Z;668;;1569
2024-11-04T14:30:42Z;228;735;1403
2024-11-04T14:30:43Z;322;;1057
2024-11-04T14:30:45Z;35;;770
2024-11-04T14:30:46Z;438;;1173
2024-11-04T14:30:47Z;39;;774
2024-11-04T14:30:48Z;414;;1149
2024-11-04T14:30:49Z;56;;791
2024-11-04T14:30:51Z;445;;1180
2024-11-04T14:30:52Z;79;;814
2024-11-04T14:30:53Z;443;;1178
2024-11-04T14:30:54Z;281;;1016
2024-11-04T14:30:55Z;463;;1198
2024-11-04T14:30:57Z;81;;816
2024-11-04T14:30:58Z;462;;1197
2024-11-04T14:30:59Z;116;;851
2024-11-04T14:31:00Z;478;;1213
2024-11-04T14:31:01Z;124;;859
2024-11-04T14:31:03Z;479;;1214
2024-11-04T14:31:04Z;103;;838
2024-11-04T14:31:05Z;471;;1206
2024-11-04T14:31:07Z;112;;847
2024-11-04T14:31:08Z;481;;1216
2024-11-04T14:31:10Z;144;;879
2024-11-04T14:31:12Z;503;;1238
2024-11-04T14:31:13Z;121;;856
2024-11-04T14:31:15Z;493;;1228
2024-11-04T14:31:16Z;119;;854
2024-11-04T14:31:18Z;485;;1220
2024-11-04T14:31:19Z;115;;850
2024-11-04T14:31:21Z;500;;1235
2024-11-04T14:31:23Z;103;;838
2024-11-04T14:31:24Z;484;;1219
2024-11-04T14:31:26Z;82;;817
2024-11-04T14:31:28Z;504;;1239
2024-11-04T14:31:29Z;112;;847
2024-11-04T14:31:31Z;486;;1221
2024-11-04T14:31:32Z;122;;857
2024-11-04T14:31:34Z;498;;1233
2024-11-04T14:31:35Z;123;;858
2024-11-04T14:31:37Z;511;;1246
2024-11-04T14:31:39Z;102;;837
2024-11-04T14:31:40Z;440;;1175
2024-11-04T14:31:42Z;103;;838
2024-11-04T14:31:44Z;492;;1227
2024-11-04T14:31:45Z;85;;820
2024-11-04T14:32:00Z;389;;1124
2024-11-04T14:32:01Z;411;;1146
2024-11-04T14:32:03Z;419;;1154
2024-11-04T14:32:04Z;29;;764
2024-11-04T14:32:06Z;403;;1138
2024-11-04T14:32:07Z;32;;767
2024-11-04T14:32:09Z;425;;1160
2024-11-04T14:32:11Z;42;;777
2024-11-04T14:32:12Z;401;;1136
2024-11-04T14:32:14Z;23;;758
2024-11-04T14:32:16Z;411;;1146
2024-11-04T14:32:17Z;37;;772
2024-11-04T14:32:19Z;405;;1140
2024-11-04T14:32:20Z;39;;774
2024-11-04T14:32:22Z;421;;1156
2024-11-04T14:32:23Z;30;;765
2024-11-04T14:32:25Z;395;;1130
2024-11-04T14:32:26Z;667;;1402
2024-11-04T14:32:28Z;446;;1181
2024-11-04T14:32:29Z;869;;1604
2024-11-04T14:32:30Z;516;;1251
2024-11-04T14:32:32Z;933;;1668
2024-11-04T14:32:34Z;551;;1286
2024-11-04T14:32:35Z;938;;1673
2024-11-04T14:32:37Z;564;;1299
2024-11-04T14:32:38Z;885;;1620
2024-11-04T14:32:39Z;526;;1261
2024-11-04T14:32:41Z;878;;1613
2024-11-04T14:32:43Z;490;;1225
2024-11-04T14:32:45Z;861;;1596
2024-11-04T14:32:46Z;494;;1229
2024-11-04T14:32:48Z;855;;1590
2024-11-04T14:32:50Z;471;;1206
2024-11-04T14:32:51Z;878;;1613
2024-11-04T14:32:52Z;483;;1218
2024-11-04T14:32:54Z;801;;1536
2024-11-04T14:32:56Z;452;;1187
2024-11-04T14:32:57Z;817;;1552
2024-11-04T14:32:59Z;429;;1164
2024-11-04T14:33:01Z;777;;1512
2024-11-04T14:33:02Z;433;;1168
2024-11-04T14:33:04Z;1047;;1782
2024-11-04T14:33:19Z;452;;1187
2024-11-04T14:33:20Z;825;;1560
2024-11-04T14:33:22Z;438;;1173
2024-11-04T14:33:23Z;819;;1554
2024-11-04T14:33:25Z;437;;1172
2024-11-04T14:33:26Z;849;;1584
2024-11-04T14:33:28Z;545;;1280
2024-11-04T14:33:29Z;845;;1580
2024-11-04T14:33:31Z;450;;1185
2024-11-04T14:33:33Z;747;;1482
2024-11-04T14:33:34Z;456;;1191
2024-11-04T14:33:36Z;848;;1583
2024-11-04T14:33:38Z;465;;1200
2024-11-04T14:33:44Z;910;;1645
2024-11-04T14:33:45Z;596;;1331
2024-11-04T14:33:46Z;838;;1573
2024-11-04T14:33:48Z;464;;1199
2024-11-04T14:33:49Z;714;;1449
2024-11-04T14:33:50Z;462;;1197
2024-11-04T14:33:52Z;838;;1573
2024-11-04T14:33:54Z;456;;1191
2024-11-04T14:33:55Z;813;;1548
2024-11-04T14:33:57Z;442;;1177
2024-11-04T14:33:58Z;819;;1554
2024-11-04T14:34:00Z;592;;1327
2024-11-04T14:34:01Z;816;;1551
2024-11-04T14:34:03Z;438;;1173
2024-11-04T14:34:05Z;645;;1380
2024-11-04T14:34:06Z;440;;1175
2024-11-04T14:34:08Z;844;;1579
2024-11-04T14:34:10Z;447;;1182
2024-11-04T14:34:11Z;828;;1563
2024-11-04T14:34:13Z;440;;1175
2024-11-04T14:34:14Z;840;;1575
2024-11-04T14:34:16Z;445;;1180
2024-11-04T14:34:18Z;834;;1569
2024-11-04T14:34:19Z;448;;1183
2024-11-04T14:34:21Z;611;;1346
2024-11-04T14:34:22Z;455;;1190
2024-11-04T14:34:37Z;848;;1583
2024-11-04T14:34:39Z;477;;1212
2024-11-04T14:34:40Z;857;;1592
2024-11-04T14:34:42Z;466;;1201
2024-11-04T14:34:43Z;854;;1589
2024-11-04T14:34:45Z;477;;1212
2024-11-04T14:34:46Z;862;;1597
2024-11-04T14:34:48Z;473;;1208
2024-11-04T14:34:50Z;856;;1591
2024-11-04T14:34:51Z;481;;1216
2024-11-04T14:34:53Z;875;;1610
2024-11-04T14:34:54Z;468;;1203
2024-11-04T14:34:56Z;695;;1430
2024-11-04T14:34:57Z;1054;;1789
2024-11-04T14:34:58Z;665;;1400
2024-11-04T14:35:00Z;476;;1211
2024-11-04T14:35:02Z;1027;;1762
2024-11-04T14:35:04Z;645;;1380
2024-11-04T14:35:07Z;461;;1196
2024-11-04T14:35:09Z;862;;1597
2024-11-04T14:35:10Z;475;;1210
2024-11-04T14:35:12Z;849;;1584
2024-11-04T14:35:14Z;456;;1191
2024-11-04T14:35:15Z;861;;1596
2024-11-04T14:35:17Z;483;;1218
2024-11-04T14:35:18Z;870;;1605
2024-11-04T14:35:20Z;485;;1220
2024-11-04T14:35:22Z;870;;1605
2024-11-04T14:35:23Z;490;;1225
2024-11-04T14:35:25Z;866;;1601
2024-11-04T14:35:27Z;493;;1228
2024-11-04T14:35:28Z;882;;1617
2024-11-04T14:35:30Z;512;;1247
2024-11-04T14:35:31Z;875;;1610
2024-11-04T14:35:32Z;485;;1220
2024-11-04T14:35:34Z;816;;1551
2024-11-04T14:35:36Z;444;;1179
2024-11-04T14:35:38Z;811;;1546
2024-11-04T14:35:39Z;383;;1118
2024-11-04T14:35:41Z;779;;1514
2024-11-04T14:35:56Z;416;;1151
2024-11-04T14:35:57Z;802;;1537
2024-11-04T14:35:58Z;407;;1142
2024-11-04T14:36:00Z;798;;1533
2024-11-04T14:36:02Z;410;;1145
2024-11-04T14:36:03Z;784;;1519
2024-11-04T14:36:05Z;412;;1147
2024-11-04T14:36:06Z;814;;1549
2024-11-04T14:36:08Z;397;;1132
2024-11-04T14:36:09Z;758;;1493
2024-11-04T14:36:11Z;397;;1132
2024-11-04T14:36:13Z;784;;1519
2024-11-04T14:36:15Z;418;;1153
2024-11-04T14:36:16Z;787;;1522
2024-11-04T14:36:18Z;463;;1198
2024-11-04T14:36:19Z;790;;1525
2024-11-04T14:36:21Z;489;;1224
2024-11-04T14:36:22Z;796;;1531
2024-11-04T14:36:24Z;430;;1165
2024-11-04T14:36:26Z;788;;1523
2024-11-04T14:36:27Z;395;;1130
2024-11-04T14:36:29Z;808;;1543
2024-11-04T14:36:31Z;431;;1166
2024-11-04T14:36:32Z;808;;1543
2024-11-04T14:36:33Z;435;;1170
2024-11-04T14:36:35Z;850;;1585
2024-11-04T14:36:36Z;486;;1221
2024-11-04T14:36:38Z;830;;1565
2024-11-04T14:36:40Z;412;;1147
2024-11-04T14:36:42Z;718;;1453
2024-11-04T14:36:43Z;404;;1139
2024-11-04T14:36:45Z;829;;1564
2024-11-04T14:36:46Z;420;;1155
2024-11-04T14:36:48Z;793;;1528
2024-11-04T14:36:50Z;414;;1149
2024-11-04T14:36:51Z;799;;1534
2024-11-04T14:36:53Z;538;;1273
2024-11-04T14:36:54Z;824;;1559
2024-11-04T14:36:56Z;419;;1154
2024-11-04T14:36:57Z;674;;1409
2024-11-04T14:36:59Z;434;;1169
2024-11-04T14:37:14Z;820;;1555
2024-11-04T14:37:15Z;416;;1151
2024-11-04T14:37:17Z;805;;1540
2024-11-04T14:37:19Z;437;;1172
2024-11-04T14:37:20Z;812;;1547
2024-11-04T14:37:22Z;467;;1202
2024-11-04T14:37:23Z;810;;1545
2024-11-04T14:37:25Z;432;;1167
2024-11-04T14:37:27Z;821;;1556
2024-11-04T14:37:28Z;433;;1168
2024-11-04T14:37:30Z;830;;1565
2024-11-04T14:37:32Z;446;;1181
2024-11-04T14:37:33Z;832;;1567
2024-11-04T14:37:35Z;459;;1194
2024-11-04T14:37:36Z;829;;1564
2024-11-04T14:37:37Z;456;;1191
2024-11-04T14:37:39Z;838;;1573
2024-11-04T14:37:41Z;437;;1172
2024-11-04T14:37:43Z;821;;1556
2024-11-04T14:37:44Z;433;;1168
2024-11-04T14:37:46Z;822;;1557
2024-11-04T14:37:48Z;463;;1198
2024-11-04T14:37:49Z;827;;1562
2024-11-04T14:37:51Z;454;;1189
2024-11-04T14:37:52Z;830;;1565
2024-11-04T14:37:54Z;430;;1165
2024-11-04T14:37:55Z;848;;1583
2024-11-04T14:37:57Z;441;;1176
2024-11-04T14:37:59Z;840;;1575
2024-11-04T14:38:00Z;472;;1207
2024-11-04T14:38:02Z;856;;1591
2024-11-04T14:38:04Z;457;;1192
2024-11-04T14:38:05Z;851;;1586
2024-11-04T14:38:07Z;466;;1201
2024-11-04T14:38:08Z;850;;1585
2024-11-04T14:38:10Z;472;;1207
2024-11-04T14:38:11Z;843;;1578
2024-11-04T14:38:13Z;448;;1183
2024-11-04T14:38:15Z;834;;1569
2024-11-04T14:38:16Z;465;;1200
2024-11-04T14:38:18Z;821;;1556
2024-11-04T14:38:33Z;493;;1228
2024-11-04T14:38:34Z;852;;1587
2024-11-04T14:38:36Z;465;;1200
2024-11-04T14:38:37Z;851;;1586
2024-11-04T14:38:39Z;469;;1204
2024-11-04T14:38:40Z;853;;1588
2024-11-04T14:38:42Z;465;;1200
2024-11-04T14:38:43Z;843;;1578
2024-11-04T14:38:45Z;457;;1192
2024-11-04T14:38:47Z;836;;1571
2024-11-04T14:38:48Z;452;;1187
2024-11-04T14:38:50Z;827;;1562
2024-11-04T14:38:52Z;446;;1181
2024-11-04T14:38:53Z;838;;1573
2024-11-04T14:38:55Z;442;;1177
2024-11-04T14:38:56Z;837;;1572
2024-11-04T14:38:58Z;452;;1187
2024-11-04T14:38:59Z;833;;1568
2024-11-04T14:39:01Z;454;;1189
2024-11-04T14:39:03Z;827;;1562
2024-11-04T14:39:04Z;464;;1199
2024-11-04T14:39:06Z;850;;1585
2024-11-04T14:39:08Z;459;;1194
2024-11-04T14:39:09Z;860;;1595
2024-11-04T14:39:11Z;467;;1202
2024-11-04T14:39:12Z;853;;1588
2024-11-04T14:39:14Z;473;;1208
2024-11-04T14:39:15Z;847;;1582
2024-11-04T14:39:17Z;466;;1201
2024-11-04T14:39:18Z;832;;1567
2024-11-04T14:39:20Z;452;;1187
2024-11-04T14:39:22Z;840;;1575
2024-11-04T14:39:24Z;448;;1183
2024-11-04T14:39:25Z;875;;1610
2024-11-04T14:39:27Z;460;;1195
2024-11-04T14:39:28Z;863;;1598
2024-11-04T14:39:30Z;488;;1223
2024-11-04T14:39:31Z;852;;1587
2024-11-04T14:39:36Z;472;;1207
2024-11-04T14:39:51Z;853;;1588
2024-11-04T14:39:52Z;480;;1215
2024-11-04T14:39:54Z;849;;1584
2024-11-04T14:39:56Z;467;;1202
2024-11-04T14:39:57Z;865;;1600
2024-11-04T14:39:59Z;470;;1205
2024-11-04T14:40:00Z;858;;1593
2024-11-04T14:40:02Z;533;;1268
2024-11-04T14:40:03Z;850;;1585
2024-11-04T14:40:05Z;462;;1197
2024-11-04T14:40:07Z;887;;1622
2024-11-04T14:40:08Z;506;;1241
2024-11-04T14:40:10Z;893;;1628
2024-11-04T14:40:12Z;474;;1209
2024-11-04T14:40:13Z;861;;1596
2024-11-04T14:40:15Z;475;;1210
2024-11-04T14:40:16Z;858;;1593
2024-11-04T14:40:18Z;571;;1306
2024-11-04T14:40:19Z;880;;1615
2024-11-04T14:40:21Z;522;;1257
2024-11-04T14:40:23Z;811;;1546
2024-11-04T14:40:24Z;888;;1623
2024-11-04T14:40:28Z;275;;1010
2024-11-04T14:40:35Z;228;;963
2024-11-04T14:40:36Z;245;;980
2024-11-04T14:40:38Z;137;;872
2024-11-04T14:40:39Z;256;;991
2024-11-04T14:40:42Z;233;;968
2024-11-04T14:40:45Z;235;;970
2024-11-04T14:40:48Z;234;;969
2024-11-04T14:40:49Z;0;;735
2024-11-04T14:40:51Z;215;;950
2024-11-04T14:40:52Z;221;;956
2024-11-04T14:40:55Z;219;;954
2024-11-04T14:41:11Z;236;;971
2024-11-04T14:41:14Z;234;;969
2024-11-04T14:41:15Z;-154;;581
2024-11-04T14:41:17Z;236;;971
2024-11-04T14:41:19Z;;604;840
2024-11-04T14:41:20Z;235;;839
2024-11-04T14:41:21Z;87;;691
2024-11-04T14:41:23Z;223;;827
2024-11-04T14:41:24Z;230;;834
2024-11-04T14:41:27Z;217;;821
2024-11-04T14:41:28Z;-165;;439
2024-11-04T14:41:30Z;219;;823
2024-11-04T14:41:31Z;-169;;435
2024-11-04T14:41:33Z;223;;827
2024-11-04T14:41:34Z;-165;;439
2024-11-04T14:41:36Z;230;;834
2024-11-04T14:41:38Z;-161;;443
2024-11-04T14:41:39Z;225;;829
2024-11-04T14:41:41Z;-173;;431
2024-11-04T14:41:43Z;224;;828
2024-11-04T14:41:44Z;-160;;444
2024-11-04T14:41:46Z;228;;832
2024-11-04T14:41:47Z;-162;;442
2024-11-04T14:41:49Z;218;;822
2024-11-04T14:41:50Z;-162;;442
2024-11-04T14:41:52Z;224;;828
2024-11-04T14:41:54Z;-168;;436
2024-11-04T14:41:55Z;221;;825
2024-11-04T14:41:57Z;-178;;426
2024-11-04T14:41:59Z;207;;811
2024-11-04T14:42:00Z;-178;;426
2024-11-04T14:42:02Z;201;;805
2024-11-04T14:42:03Z;-178;;426
2024-11-04T14:42:05Z;207;;811
2024-11-04T14:42:06Z;-169;;435
2024-11-04T14:42:08Z;211;;815
2024-11-04T14:42:10Z;-166;;438
2024-11-04T14:42:11Z;215;;819
2024-11-04T14:42:13Z;-173;;431
2024-11-04T14:42:28Z;684;;1288
2024-11-04T14:42:29Z;323;;927
2024-11-04T14:42:31Z;717;;1321
2024-11-04T14:42:33Z;345;;949
2024-11-04T14:42:34Z;719;;1323
2024-11-04T14:42:36Z;351;;955
2024-11-04T14:42:37Z;699;;1303
2024-11-04T14:42:42Z;374;;978
2024-11-04T14:42:44Z;639;;1243
2024-11-04T14:42:46Z;388;;992
2024-11-04T14:42:51Z;752;;1356
2024-11-04T14:42:53Z;392;;996
2024-11-04T14:42:54Z;692;;1296
2024-11-04T14:42:56Z;403;;1007
2024-11-04T14:42:57Z;742;;1346
2024-11-04T14:42:59Z;396;;1000
2024-11-04T14:43:00Z;619;;1223
2024-11-04T14:43:02Z;393;;997
2024-11-04T14:43:07Z;754;;1358
2024-11-04T14:43:09Z;403;;1007
2024-11-04T14:43:10Z;760;;1364
2024-11-04T14:43:12Z;404;;1008
2024-11-04T14:43:13Z;768;;1372
2024-11-04T14:43:15Z;409;;1013
2024-11-04T14:43:16Z;606;;1210
2024-11-04T14:43:17Z;423;;1027
2024-11-04T14:43:23Z;789;;1393
2024-11-04T14:43:25Z;426;;1030
2024-11-04T14:43:26Z;833;;1437
2024-11-04T14:43:28Z;449;;1053
2024-11-04T14:43:29Z;817;;1421
2024-11-04T14:43:31Z;445;;1049
2024-11-04T14:43:32Z;607;;1211
2024-11-04T14:43:47Z;439;;1043
2024-11-04T14:43:52Z;741;;1345
2024-11-04T14:43:53Z;445;;1049
2024-11-04T14:43:55Z;822;;1426
2024-11-04T14:43:57Z;445;;1049
2024-11-04T14:43:58Z;828;;1432
2024-11-04T14:43:59Z;457;;1061
2024-11-04T14:44:01Z;828;;1432
2024-11-04T14:44:03Z;456;;1060
2024-11-04T14:44:08Z;786;;1390
2024-11-04T14:44:10Z;447;;1051
2024-11-04T14:44:11Z;830;;1434
2024-11-04T14:44:12Z;450;;1054
2024-11-04T14:44:14Z;833;;1437
2024-11-04T14:44:15Z;445;;1049
2024-11-04T14:44:17Z;824;;1428
2024-11-04T14:44:18Z;449;;1053
2024-11-04T14:44:20Z;669;;1273
2024-11-04T14:44:24Z;970;;1574
2024-11-04T14:44:25Z;604;;1208
2024-11-04T14:44:27Z;990;;1594
2024-11-04T14:44:28Z;610;;1214
2024-11-04T14:44:30Z;989;;1593
2024-11-04T14:44:31Z;612;;1216
2024-11-04T14:44:33Z;983;;1587
2024-11-04T14:44:34Z;608;;1212
2024-11-04T14:44:41Z;554;;1158
2024-11-04T14:44:42Z;934;;1538
2024-11-04T14:44:43Z;552;;1156
2024-11-04T14:44:45Z;936;;1540
2024-11-04T14:44:46Z;549;;1153
2024-11-04T14:44:47Z;985;;1589
2024-11-04T14:44:48Z;598;;1202
2024-11-04T14:44:49Z;963;;1567
2024-11-04T14:44:50Z;598;;1202
2024-11-04T14:45:05Z;976;;1580
2024-11-04T14:45:07Z;568;;1172
2024-11-04T14:45:12Z;799;;1403
2024-11-04T14:45:14Z;415;;1019
2024-11-04T14:45:15Z;801;;1405
2024-11-04T14:45:17Z;414;;1018
2024-11-04T14:45:18Z;808;;1412
2024-11-04T14:45:19Z;419;;1023
2024-11-04T14:45:21Z;802;;1406
2024-11-04T14:45:23Z;421;;1025
2024-11-04T14:45:25Z;419;;1023
2024-11-04T14:45:29Z;;550;969
2024-11-04T14:45:32Z;823;;1373
2024-11-04T14:45:34Z;435;;985
2024-11-04T14:45:35Z;818;;1368
2024-11-04T14:45:36Z;431;;981
2024-11-04T14:45:37Z;822;;1372
2024-11-04T14:45:38Z;438;;988
2024-11-04T14:45:39Z;814;;1364
2024-11-04T14:45:41Z;503;;1053
2024-11-04T14:45:42Z;641;;1191
2024-11-04T14:45:43Z;458;;1008
2024-11-04T14:45:44Z;807;;1357
2024-11-04T14:45:46Z;418;;968
2024-11-04T14:45:47Z;805;;1355
2024-11-04T14:45:49Z;421;;971
2024-11-04T14:45:50Z;806;;1356
2024-11-04T14:45:52Z;426;;976
2024-11-04T14:45:53Z;807;;1357
2024-11-04T14:45:55Z;438;;988
2024-11-04T14:45:57Z;287;;837
2024-11-04T14:46:00Z;1215;;1765
2024-11-04T14:46:02Z;420;;970
2024-11-04T14:46:03Z;820;;1370
2024-11-04T14:46:05Z;442;;992
2024-11-04T14:46:06Z;834;;1384
2024-11-04T14:46:08Z;449;;999
2024-11-04T14:46:09Z;293;;843
2024-11-04T14:46:24Z;678;;1228
2024-11-04T14:46:25Z;836;;1386
2024-11-04T14:46:27Z;459;;1009
2024-11-04T14:46:32Z;841;;1391
2024-11-04T14:46:34Z;446;;996
2024-11-04T14:46:35Z;841;;1391
2024-11-04T14:46:37Z;453;;1003
2024-11-04T14:46:38Z;842;;1392
2024-11-04T14:46:40Z;448;;998
2024-11-04T14:46:41Z;826;;1376
2024-11-04T14:46:43Z;448;;998
2024-11-04T14:46:48Z;847;;1397
2024-11-04T14:46:50Z;456;;1006
2024-11-04T14:46:51Z;836;;1386
2024-11-04T14:46:53Z;452;;1002
2024-11-04T14:46:54Z;841;;1391
2024-11-04T14:46:56Z;458;;1008
2024-11-04T14:46:57Z;841;;1391
2024-11-04T14:46:59Z;466;;1016
2024-11-04T14:47:04Z;843;;1393
2024-11-04T14:47:06Z;460;;1010
2024-11-04T14:47:07Z;844;;1394
2024-11-04T14:47:09Z;463;;1013
2024-11-04T14:47:10Z;848;;1398
2024-11-04T14:47:12Z;467;;1017
2024-11-04T14:47:13Z;845;;1395
2024-11-04T14:47:15Z;469;;1019
2024-11-04T14:47:20Z;841;;1391
2024-11-04T14:47:22Z;458;;1008
2024-11-04T14:47:23Z;850;;1400
2024-11-04T14:47:25Z;472;;1022
2024-11-04T14:47:26Z;850;;1400
2024-11-04T14:47:28Z;468;;1018
2024-11-04T14:47:42Z;844;;1394
2024-11-04T14:47:43Z;863;;1413
2024-11-04T14:47:44Z;483;;1033
2024-11-04T14:47:45Z;848;;1398
2024-11-04T14:47:47Z;473;;1023
2024-11-04T14:47:52Z;816;;1366
2024-11-04T14:47:53Z;470;;1020
2024-11-04T14:47:55Z;857;;1407
2024-11-04T14:47:57Z;471;;1021
2024-11-04T14:47:58Z;862;;1412
2024-11-04T14:48:00Z;473;;1023
2024-11-04T14:48:01Z;862;;1412
2024-11-04T14:48:03Z;480;;1030
2024-11-04T14:48:08Z;805;;1355
2024-11-04T14:48:10Z;476;;1026
2024-11-04T14:48:11Z;871;;1421
2024-11-04T14:48:13Z;473;;1023
2024-11-04T14:48:14Z;868;;1418
2024-11-04T14:48:16Z;475;;1025
2024-11-04T14:48:17Z;860;;1410
2024-11-04T14:48:19Z;482;;1032
2024-11-04T14:48:24Z;776;;1326
2024-11-04T14:48:26Z;482;;1032
2024-11-04T14:48:27Z;872;;1422
2024-11-04T14:48:29Z;489;;1039
2024-11-04T14:48:30Z;873;;1423
2024-11-04T14:48:32Z;486;;1036
2024-11-04T14:48:33Z;875;;1425
2024-11-04T14:48:35Z;488;;1038
2024-11-04T14:48:40Z;806;;1356
2024-11-04T14:48:41Z;488;;1038
2024-11-04T14:48:43Z;864;;1414
2024-11-04T14:48:45Z;486;;1036
2024-11-04T14:48:46Z;880;;1430
2024-11-04T14:49:01Z;494;;1044
2024-11-04T14:49:02Z;896;;1446
2024-11-04T14:49:04Z;496;;1046
2024-11-04T14:49:05Z;881;;1431
2024-11-04T14:49:07Z;489;;1039
2024-11-04T14:49:12Z;855;;1405
2024-11-04T14:49:14Z;490;;1040
2024-11-04T14:49:15Z;871;;1421
2024-11-04T14:49:16Z;480;;1030
2024-11-04T14:49:18Z;881;;1431
2024-11-04T14:49:20Z;491;;1041
2024-11-04T14:49:21Z;870;;1420
2024-11-04T14:49:23Z;497;;1047
2024-11-04T14:49:28Z;865;;1415
2024-11-04T14:49:30Z;490;;1040
2024-11-04T14:49:31Z;878;;1428
2024-11-04T14:49:33Z;503;;1053
2024-11-04T14:49:34Z;884;;1434
2024-11-04T14:49:36Z;501;;1051
2024-11-04T14:49:37Z;889;;1439
2024-11-04T14:49:39Z;508;;1058
2024-11-04T14:49:44Z;859;;1409
2024-11-04T14:49:46Z;498;;1048
2024-11-04T14:49:47Z;-125;;425
2024-11-04T14:49:48Z;269;;819
2024-11-04T14:49:49Z;-121;;429
2024-11-04T14:49:50Z;264;;814
2024-11-04T14:49:51Z;-124;;426
2024-11-04T14:49:53Z;266;;816
2024-11-04T14:49:54Z;-116;;434
2024-11-04T14:50:05Z;279;;829
2024-11-04T14:50:22Z;271;;821
2024-11-04T14:50:25Z;280;;830
2024-11-04T14:50:32Z;282;;832
2024-11-04T14:50:35Z;286;;836
2024-11-04T14:50:41Z;271;;821
2024-11-04T14:50:51Z;283;;833
2024-11-04T14:50:53Z;280;;830
2024-11-04T14:50:54Z;280;;830
2024-11-04T14:51:04Z;273;;823
2024-11-04T14:51:07Z;278;;828
2024-11-04T14:51:10Z;273;;823
2024-11-04T14:51:11Z;-108;;442
2024-11-04T14:51:13Z;266;;816
2024-11-04T14:51:20Z;273;;823
2024-11-04T14:51:38Z;274;;824
2024-11-04T14:51:42Z;300;;850
2024-11-04T14:51:43Z;-91;;459
2024-11-04T14:51:45Z;280;;830
2024-11-04T14:51:48Z;371;;921
2024-11-04T14:51:51Z;799;;1349
2024-11-04T14:51:53Z;408;;958
2024-11-04T14:51:55Z;810;;1360
2024-11-04T14:51:57Z;432;;982
2024-11-04T14:51:58Z;829;;1379
2024-11-04T14:52:00Z;447;;997
2024-11-04T14:52:01Z;822;;1372
2024-11-04T14:52:03Z;450;;1000
2024-11-04T14:52:08Z;828;;1378
2024-11-04T14:52:10Z;465;;1015
2024-11-04T14:52:11Z;827;;1377
2024-11-04T14:52:13Z;470;;1020
2024-11-04T14:52:14Z;856;;1406
2024-11-04T14:52:16Z;491;;1041
2024-11-04T14:52:17Z;853;;1403
2024-11-04T14:52:19Z;475;;1025
2024-11-04T14:52:29Z;889;;1439
2024-11-04T14:52:30Z;503;;1053
2024-11-04T14:52:31Z;886;;1436
2024-11-04T14:52:33Z;475;;1025
2024-11-04T14:52:34Z;875;;1425
2024-11-04T14:52:35Z;502;;1052
2024-11-04T14:52:40Z;890;;1440
2024-11-04T14:52:42Z;502;;1052
2024-11-04T14:52:56Z;886;;1436
2024-11-04T14:52:57Z;912;;1462
2024-11-04T14:52:58Z;528;;1078
2024-11-04T14:52:59Z;884;;1434
2024-11-04T14:53:01Z;528;;1078
2024-11-04T14:53:02Z;924;;1474
2024-11-04T14:53:04Z;524;;1074
2024-11-04T14:53:05Z;877;;1427
2024-11-04T14:53:07Z;530;;1080
2024-11-04T14:53:12Z;915;;1465
2024-11-04T14:53:14Z;535;;1085
2024-11-04T14:53:15Z;910;;1460
2024-11-04T14:53:17Z;501;;1051
2024-11-04T14:53:23Z;870;;1420
2024-11-04T14:53:24Z;526;;1076
2024-11-04T14:53:28Z;914;;1464
2024-11-04T14:53:30Z;524;;1074
2024-11-04T14:53:31Z;926;;1476
2024-11-04T14:53:32Z;541;;1091
2024-11-04T14:53:34Z;926;;1476
2024-11-04T14:53:36Z;530;;1080
2024-11-04T14:53:37Z;879;;1429
2024-11-04T14:53:39Z;541;;1091
2024-11-04T14:53:44Z;926;;1476
2024-11-04T14:53:45Z;533;;1083
2024-11-04T14:53:47Z;919;;1469
2024-11-04T14:53:49Z;506;;1056
2024-11-04T14:53:50Z;919;;1469
2024-11-04T14:53:52Z;540;;1090
2024-11-04T14:53:53Z;883;;1433
2024-11-04T14:53:54Z;550;;1100
2024-11-04T14:54:00Z;939;;1489
2024-11-04T14:54:15Z;546;;1096
2024-11-04T14:54:16Z;904;;1454
2024-11-04T14:54:18Z;541;;1091
2024-11-04T14:54:19Z;949;;1499
2024-11-04T14:54:21Z;546;;1096
2024-11-04T14:54:22Z;937;;1487
2024-11-04T14:54:24Z;542;;1092
2024-11-04T14:54:25Z;882;;1432
2024-11-04T14:54:26Z;562;;1112
2024-11-04T14:54:29Z;619;;1169
2024-11-04T14:54:30Z;556;;1106
2024-11-04T14:54:32Z;953;;1503
2024-11-04T14:54:34Z;559;;1109
2024-11-04T14:54:35Z;956;;1506
2024-11-04T14:54:37Z;568;;1118
2024-11-04T14:54:38Z;953;;1503
2024-11-04T14:54:40Z;564;;1114
2024-11-04T14:54:41Z;870;;1420
2024-11-04T14:54:42Z;571;;1121
2024-11-04T14:54:45Z;660;;1210
2024-11-04T14:54:47Z;554;;1104
2024-11-04T14:54:48Z;956;;1506
2024-11-04T14:54:49Z;553;;1103
2024-11-04T14:54:51Z;951;;1501
2024-11-04T14:54:53Z;561;;1111
2024-11-04T14:54:54Z;954;;1504
2024-11-04T14:54:55Z;560;;1110
2024-11-04T14:54:57Z;852;;1402
2024-11-04T14:54:59Z;558;;1108
2024-11-04T14:55:01Z;665;;1215
2024-11-04T14:55:02Z;572;;1122
2024-11-04T14:55:04Z;961;;1511
2024-11-04T14:55:05Z;585;;1135
2024-11-04T14:55:07Z;961;;1511
2024-11-04T14:55:09Z;564;;1114
2024-11-04T14:55:10Z;960;;1510
2024-11-04T14:55:12Z;569;;1119
2024-11-04T14:55:13Z;856;;1406
2024-11-04T14:55:15Z;572;;1122
2024-11-04T14:55:17Z;684;;1234
2024-11-04T14:55:18Z;580;;1130
2024-11-04T14:55:33Z;961;;1511
2024-11-04T14:55:34Z;713;;1263
2024-11-04T14:55:35Z;567;;1117
2024-11-04T14:55:36Z;956;;1506
2024-11-04T14:55:38Z;569;;1119
2024-11-04T14:55:39Z;962;;1512
2024-11-04T14:55:41Z;574;;1124
2024-11-04T14:55:42Z;959;;1509
2024-11-04T14:55:44Z;570;;1120
2024-11-04T14:55:45Z;802;;1352
2024-11-04T14:55:47Z;580;;1130
2024-11-04T14:55:49Z;747;;1297
2024-11-04T14:55:51Z;576;;1126
2024-11-04T14:55:52Z;955;;1505
2024-11-04T14:55:54Z;572;;1122
2024-11-04T14:55:55Z;955;;1505
2024-11-04T14:55:56Z;576;;1126
2024-11-04T14:55:58Z;954;;1504
2024-11-04T14:56:00Z;560;;1110
2024-11-04T14:56:01Z;763;;1313
2024-11-04T14:56:03Z;572;;1122
2024-11-04T14:56:08Z;980;;1530
2024-11-04T14:56:10Z;586;;1136
2024-11-04T14:56:11Z;978;;1528
2024-11-04T14:56:13Z;587;;1137
2024-11-04T14:56:14Z;968;;1518
2024-11-04T14:56:16Z;587;;1137
2024-11-04T14:56:17Z;749;;1299
2024-11-04T14:56:19Z;589;;1139
2024-11-04T14:56:21Z;826;;1376
2024-11-04T14:56:23Z;584;;1134
2024-11-04T14:56:24Z;944;;1494
2024-11-04T14:56:26Z;578;;1128
2024-11-04T14:56:27Z;963;;1513
2024-11-04T14:56:29Z;573;;1123
2024-11-04T14:56:30Z;962;;1512
2024-11-04T14:56:32Z;580;;1130
2024-11-04T14:56:33Z;685;;1235
2024-11-04T14:56:35Z;584;;1134
2024-11-04T14:56:37Z;877;;1427
2024-11-04T14:56:53Z;909;;1459
2024-11-04T14:56:55Z;581;;1131
2024-11-04T14:56:56Z;975;;1525
2024-11-04T14:56:57Z;596;;1146
2024-11-04T14:56:59Z;984;;1534
2024-11-04T14:57:01Z;584;;1134
2024-11-04T14:57:02Z;969;;1519
2024-11-04T14:57:04Z;557;;1107
2024-11-04T14:57:05Z;653;;1203
2024-11-04T14:57:06Z;579;;1129
2024-11-04T14:57:09Z;920;;1470
2024-11-04T14:57:10Z;600;;1150
2024-11-04T14:57:12Z;996;;1546
2024-11-04T14:57:13Z;579;;1129
2024-11-04T14:57:15Z;987;;1537
2024-11-04T14:57:16Z;599;;1149
2024-11-04T14:57:18Z;981;;1531
2024-11-04T14:57:19Z;603;;1153
2024-11-04T14:57:25Z;952;;1502
2024-11-04T14:57:26Z;599;;1149
2024-11-04T14:57:28Z;989;;1539
2024-11-04T14:57:30Z;592;;1142
2024-11-04T14:57:31Z;963;;1513
2024-11-04T14:57:32Z;565;;1115
2024-11-04T14:57:34Z;961;;1511
2024-11-04T14:57:36Z;575;;1125
2024-11-04T14:57:41Z;975;;1525
2024-11-04T14:57:42Z;596;;1146
2024-11-04T14:57:44Z;988;;1538
2024-11-04T14:57:45Z;598;;1148
2024-11-04T14:57:47Z;982;;1532
2024-11-04T14:57:48Z;598;;1148
2024-11-04T14:57:50Z;988;;1538
2024-11-04T14:57:51Z;604;;1154
2024-11-04T14:58:10Z;957;;1507
2024-11-04T14:58:13Z;975;;1525
2024-11-04T14:58:14Z;586;;1136
2024-11-04T14:58:16Z;1000;;1550
2024-11-04T14:58:17Z;592;;1142
2024-11-04T14:58:19Z;990;;1540
2024-11-04T14:58:20Z;605;;1155
2024-11-04T14:58:22Z;991;;1541
2024-11-04T14:58:23Z;607;;1157
2024-11-04T14:58:29Z;986;;1536
2024-11-04T14:58:30Z;599;;1149
2024-11-04T14:58:32Z;988;;1538
2024-11-04T14:58:33Z;598;;1148
2024-11-04T14:58:35Z;986;;1536
2024-11-04T14:58:36Z;602;;1152
2024-11-04T14:58:38Z;989;;1539
2024-11-04T14:58:39Z;603;;1153
2024-11-04T14:58:45Z;996;;1546
2024-11-04T14:58:46Z;619;;1169
2024-11-04T14:58:48Z;1003;;1553
2024-11-04T14:58:49Z;612;;1162
2024-11-04T14:58:51Z;1003;;1553
2024-11-04T14:58:52Z;620;;1170
2024-11-04T14:58:54Z;1004;;1554
2024-11-04T14:58:55Z;601;;1151
2024-11-04T14:59:01Z;967;;1517
2024-11-04T14:59:02Z;613;;1163
2024-11-04T14:59:04Z;997;;1547
2024-11-04T14:59:05Z;592;;1142
2024-11-04T14:59:07Z;991;;1541
2024-11-04T14:59:08Z;605;;1155
2024-11-04T14:59:10Z;995;;1545
2024-11-04T14:59:11Z;620;;1170
2024-11-04T14:59:29Z;387;;937
2024-11-04T14:59:39Z;382;;932
2024-11-04T14:59:42Z;385;;935
2024-11-04T14:59:43Z;5;;555
2024-11-04T14:59:49Z;359;;909
2024-11-04T14:59:52Z;392;;942
2024-11-04T14:59:53Z;5;;555
2024-11-04T14:59:55Z;402;;952
2024-11-04T14:59:56Z;7;;557
2024-11-04T14:59:58Z;390;;940
2024-11-04T14:59:59Z;7;;557
2024-11-04T15:00:05Z;354;;904
2024-11-04T15:00:06Z;11;;561
2024-11-04T15:00:08Z;389;;939
2024-11-04T15:00:09Z;2;;552
2024-11-04T15:00:11Z;363;;913
2024-11-04T15:00:12Z;2;;552
2024-11-04T15:00:14Z;387;;937
2024-11-04T15:00:15Z;8;;558
2024-11-04T15:00:22Z;339;;889
2024-11-04T15:00:23Z;11;;561
2024-11-04T15:00:24Z;398;;948
2024-11-04T15:00:27Z;10;;560
2024-11-04T15:00:31Z;;378;388
2024-11-04T15:00:48Z;79;;457
2024-11-04T15:00:49Z;392;;770
2024-11-04T15:00:50Z;-42;;336
2024-11-04T15:01:05Z;49;;427
2024-11-04T15:01:15Z;699;;1077
2024-11-04T15:01:16Z;438;;816
2024-11-04T15:01:18Z;881;;1259
2024-11-04T15:01:19Z;506;;884
2024-11-04T15:01:25Z;858;;1236
2024-11-04T15:01:27Z;532;;910
2024-11-04T15:01:28Z;933;;1311
2024-11-04T15:01:29Z;552;;930
2024-11-04T15:01:31Z;942;;1320
2024-11-04T15:01:32Z;547;;925
2024-11-04T15:01:34Z;933;;1311
2024-11-04T15:01:36Z;558;;936
2024-11-04T15:01:37Z;625;;1003
2024-11-04T15:01:39Z;569;;947
2024-11-04T15:01:41Z;881;;1259
2024-11-04T15:01:42Z;569;;947
2024-11-04T15:01:44Z;964;;1342
2024-11-04T15:01:46Z;571;;949
2024-11-04T15:02:06Z;985;;1363
2024-11-04T15:02:08Z;588;;966
2024-11-04T15:02:09Z;677;;1055
2024-11-04T15:02:10Z;598;;976
2024-11-04T15:02:13Z;872;;1250
2024-11-04T15:02:14Z;581;;959
2024-11-04T15:02:16Z;996;;1374
2024-11-04T15:02:17Z;617;;995
2024-11-04T15:02:19Z;997;;1375
2024-11-04T15:02:20Z;610;;988
2024-11-04T15:02:22Z;1000;;1378
2024-11-04T15:02:23Z;622;;1000
2024-11-04T15:02:34Z;1006;;1384
2024-11-04T15:02:35Z;620;;998
2024-11-04T15:02:36Z;1004;;1382
2024-11-04T15:02:37Z;616;;994
2024-11-04T15:02:39Z;989;;1367
2024-11-04T15:02:40Z;617;;995
2024-11-04T15:02:48Z;1014;;1392
2024-11-04T15:02:49Z;617;;995
2024-11-04T15:02:51Z;978;;1356
2024-11-04T15:02:52Z;619;;997
2024-11-04T15:02:54Z;994;;1372
2024-11-04T15:02:55Z;628;;1006
2024-11-04T15:03:06Z;1018;;1396
2024-11-04T15:03:07Z;626;;1004
2024-11-04T15:03:08Z;1011;;1389
2024-11-04T15:03:09Z;623;;1001
2024-11-04T15:03:24Z;992;;1370
2024-11-04T15:03:26Z;1019;;1397
2024-11-04T15:03:27Z;634;;1012
2024-11-04T15:03:29Z;941;;1319
2024-11-04T15:03:30Z;645;;1023
2024-11-04T15:03:36Z;1029;;1407
2024-11-04T15:03:37Z;638;;1016
2024-11-04T15:03:39Z;1025;;1403
2024-11-04T15:03:40Z;647;;1025
2024-11-04T15:03:42Z;1028;;1406
2024-11-04T15:03:43Z;645;;1023
2024-11-04T15:03:45Z;982;;1360
2024-11-04T15:03:46Z;648;;1026
2024-11-04T15:03:52Z;998;;1376
2024-11-04T15:03:53Z;636;;1014
2024-11-04T15:03:55Z;1031;;1409
2024-11-04T15:03:56Z;641;;1019
2024-11-04T15:03:58Z;1030;;1408
2024-11-04T15:03:59Z;640;;1018
2024-11-04T15:04:01Z;991;;1369
2024-11-04T15:04:02Z;648;;1026
2024-11-04T15:04:08Z;1039;;1417
2024-11-04T15:04:09Z;654;;1032
2024-11-04T15:04:11Z;1042;;1420
2024-11-04T15:04:12Z;652;;1030
2024-11-04T15:04:14Z;1030;;1408
2024-11-04T15:04:15Z;650;;1028
2024-11-04T15:04:17Z;1009;;1387
2024-11-04T15:04:18Z;654;;1032
2024-11-04T15:04:24Z;1040;;1418
2024-11-04T15:04:25Z;649;;1027
2024-11-04T15:04:27Z;1037;;1415
2024-11-04T15:04:28Z;653;;1031
2024-11-04T15:04:43Z;1048;;1426
2024-11-04T15:04:44Z;657;;1035
2024-11-04T15:04:46Z;1053;;1431
2024-11-04T15:04:47Z;649;;1027
2024-11-04T15:04:49Z;1042;;1420
2024-11-04T15:04:50Z;668;;1046
2024-11-04T15:04:56Z;1061;;1439
2024-11-04T15:04:57Z;673;;1051
2024-11-04T15:04:59Z;1058;;1436
2024-11-04T15:05:00Z;662;;1040
2024-11-04T15:05:02Z;1024;;1402
2024-11-04T15:05:03Z;673;;1051
2024-11-04T15:05:05Z;1046;;1424
2024-11-04T15:05:06Z;675;;1053
2024-11-04T15:05:12Z;1069;;1447
2024-11-04T15:05:13Z;676;;1054
2024-11-04T15:05:15Z;1056;;1434
2024-11-04T15:05:16Z;672;;1050
2024-11-04T15:05:18Z;1058;;1436
2024-11-04T15:05:19Z;676;;1054
2024-11-04T15:05:21Z;1049;;1427
2024-11-04T15:05:22Z;678;;1056
2024-11-04T15:05:28Z;1038;;1416
2024-11-04T15:05:29Z;667;;1045
2024-11-04T15:05:31Z;1045;;1423
2024-11-04T15:05:32Z;658;;1036
2024-11-04T15:05:34Z;1061;;1439
2024-11-04T15:05:35Z;683;;1061
2024-11-04T15:05:37Z;1057;;1435
2024-11-04T15:05:38Z;669;;1047
2024-11-04T15:05:44Z;1066;;1444
2024-11-04T15:05:45Z;682;;1060
2024-11-04T15:05:47Z;1064;;1442
2024-11-04T15:06:01Z;679;;1057
2024-11-04T15:06:03Z;1054;;1432
2024-11-04T15:06:04Z;686;;1064
2024-11-04T15:06:06Z;1065;295;981
2024-11-04T15:06:07Z;682;;977
2024-11-04T15:06:09Z;1054;;1349
2024-11-04T15:06:10Z;686;;981
2024-11-04T15:06:17Z;529;;824
2024-11-04T15:06:18Z;915;;1210
2024-11-04T15:06:19Z;535;;830
2024-11-04T15:06:21Z;693;;988
2024-11-04T15:06:22Z;1060;;1355
2024-11-04T15:06:23Z;676;;971
2024-11-04T15:06:24Z;1072;;1367
2024-11-04T15:06:25Z;693;;988
2024-11-04T15:06:26Z;1049;;1344
2024-11-04T15:06:28Z;542;;837
2024-11-04T15:06:29Z;707;;1002
2024-11-04T15:06:32Z;1095;;1390
2024-11-04T15:06:33Z;700;;995
2024-11-04T15:06:35Z;1091;;1386
2024-11-04T15:06:36Z;705;;1000
2024-11-04T15:06:38Z;1090;;1385
2024-11-04T15:06:39Z;704;;999
2024-11-04T15:06:41Z;1077;;1372
2024-11-04T15:06:42Z;704;;999
2024-11-04T15:06:48Z;1084;;1379
2024-11-04T15:06:49Z;701;;996
2024-11-04T15:06:51Z;1087;;1382
2024-11-04T15:06:52Z;684;;979
2024-11-04T15:06:54Z;1083;;1378
2024-11-04T15:06:55Z;676;;971
2024-11-04T15:06:57Z;1076;;1371
2024-11-04T15:06:58Z;698;;993
2024-11-04T15:07:04Z;1083;;1378
2024-11-04T15:07:05Z;700;;995
2024-11-04T15:07:20Z;1089;;1384
2024-11-04T15:07:21Z;704;;999
2024-11-04T15:07:23Z;1090;;1385
2024-11-04T15:07:24Z;713;;1008
2024-11-04T15:07:26Z;1100;;1395
2024-11-04T15:07:27Z;709;;1004
2024-11-04T15:07:29Z;1087;;1382
2024-11-04T15:07:30Z;708;;1003
2024-11-04T15:07:36Z;1111;;1406
2024-11-04T15:07:37Z;722;;1017
2024-11-04T15:07:39Z;1099;;1394
2024-11-04T15:07:40Z;710;;1005
2024-11-04T15:07:42Z;1098;;1393
2024-11-04T15:07:43Z;713;;1008
2024-11-04T15:07:45Z;1087;;1382
2024-11-04T15:07:46Z;711;;1006
2024-11-04T15:07:52Z;1091;;1386
2024-11-04T15:07:53Z;718;;1013
2024-11-04T15:07:55Z;1101;;1396
2024-11-04T15:07:56Z;714;;1009
2024-11-04T15:07:58Z;1105;;1400
2024-11-04T15:07:59Z;723;;1018
2024-11-04T15:08:01Z;1103;;1398
2024-11-04T15:08:02Z;711;;1006
2024-11-04T15:08:08Z;1073;;1368
2024-11-04T15:08:09Z;715;;1010
2024-11-04T15:08:11Z;1100;;1395
2024-11-04T15:08:12Z;718;;1013
2024-11-04T15:08:14Z;1104;;1399
2024-11-04T15:08:15Z;723;;1018
2024-11-04T15:08:17Z;1097;;1392
2024-11-04T15:08:18Z;723;;1018
2024-11-04T15:08:24Z;1051;;1346
2024-11-04T15:08:40Z;416;;711
2024-11-04T15:08:41Z;108;;403
2024-11-04T15:08:43Z;482;;777
2024-11-04T15:08:44Z;99;;394
2024-11-04T15:08:46Z;481;;776
2024-11-04T15:08:47Z;99;;394
2024-11-04T15:08:49Z;477;;772
2024-11-04T15:08:50Z;103;;398
2024-11-04T15:08:56Z;381;;676
2024-11-04T15:08:57Z;102;;397
2024-11-04T15:08:59Z;490;;785
2024-11-04T15:09:00Z;110;;405
2024-11-04T15:09:02Z;495;;790
2024-11-04T15:09:03Z;103;;398
2024-11-04T15:09:05Z;479;;774
2024-11-04T15:09:06Z;105;;400
2024-11-04T15:09:12Z;372;;667
2024-11-04T15:09:13Z;196;;491
2024-11-04T15:09:15Z;541;;836
2024-11-04T15:09:16Z;162;;457
2024-11-04T15:09:18Z;545;;840
2024-11-04T15:09:19Z;161;;456
2024-11-04T15:09:21Z;542;;837
2024-11-04T15:09:22Z;163;;458
2024-11-04T15:09:28Z;408;;703
2024-11-04T15:09:29Z;160;;455
2024-11-04T15:09:31Z;550;;845
2024-11-04T15:09:32Z;166;;461
2024-11-04T15:09:34Z;541;;836
2024-11-04T15:09:35Z;165;;460
2024-11-04T15:09:37Z;546;;841
2024-11-04T15:09:38Z;168;;463
2024-11-04T15:09:40Z;314;;609
2024-11-04T15:09:41Z;167;;462
2024-11-04T15:09:57Z;335;;630
2024-11-04T15:10:00Z;337;;632
2024-11-04T15:10:01Z;151;;446
2024-11-04T15:10:03Z;536;;831
2024-11-04T15:10:04Z;156;;451
2024-11-04T15:10:06Z;534;;829
2024-11-04T15:10:07Z;160;;455
2024-11-04T15:10:09Z;544;;839
2024-11-04T15:10:10Z;162;;457
2024-11-04T15:10:12Z;384;;679
2024-11-04T15:10:13Z;159;;454
2024-11-04T15:10:16Z;312;;607
2024-11-04T15:10:17Z;157;;452
2024-11-04T15:10:19Z;530;;825
2024-11-04T15:10:20Z;145;;440
2024-11-04T15:10:22Z;533;;828
2024-11-04T15:10:23Z;154;;449
2024-11-04T15:10:25Z;531;;826
2024-11-04T15:10:26Z;155;;450
2024-11-04T15:10:28Z;394;;689
2024-11-04T15:10:29Z;149;;444
2024-11-04T15:10:31Z;362;;657
2024-11-04T15:10:33Z;669;;964
2024-11-04T15:10:35Z;1031;;1326
2024-11-04T15:10:36Z;655;;950
2024-11-04T15:10:38Z;1063;;1358
2024-11-04T15:10:39Z;681;;976
2024-11-04T15:10:41Z;1072;;1367
2024-11-04T15:10:42Z;693;;988
2024-11-04T15:10:44Z;961;;1256
2024-11-04T15:10:45Z;701;;996
2024-11-04T15:10:51Z;1102;;1397
2024-11-04T15:10:52Z;722;;1017
2024-11-04T15:10:54Z;1106;;1401
2024-11-04T15:10:55Z;723;;1018
2024-11-04T15:10:57Z;1108;;1403
2024-11-04T15:10:58Z;731;;1026
2024-11-04T15:11:00Z;996;;1291
2024-11-04T15:11:15Z;735;;1030
2024-11-04T15:11:16Z;1030;;1325
2024-11-04T15:11:17Z;752;;1047
2024-11-04T15:11:23Z;1137;;1432
2024-11-04T15:11:24Z;751;;1046
2024-11-04T15:11:26Z;1133;;1428
2024-11-04T15:11:27Z;751;;1046
2024-11-04T15:11:29Z;1129;;1424
2024-11-04T15:11:30Z;770;;1065
2024-11-04T15:11:32Z;1059;;1354
2024-11-04T15:11:33Z;772;;1067
2024-11-04T15:11:39Z;1151;;1446
2024-11-04T15:11:40Z;765;;1060
2024-11-04T15:11:42Z;1151;;1446
2024-11-04T15:11:43Z;775;;1070
2024-11-04T15:11:45Z;1161;;1456
2024-11-04T15:11:46Z;779;;1074
2024-11-04T15:11:48Z;1062;;1357
2024-11-04T15:11:49Z;778;;1073
2024-11-04T15:11:55Z;1158;;1453
2024-11-04T15:11:56Z;776;;1071
2024-11-04T15:11:58Z;1151;;1446
2024-11-04T15:11:59Z;769;;1064
2024-11-04T15:12:01Z;1154;;1449
2024-11-04T15:12:02Z;775;;1070
2024-11-04T15:12:04Z;1069;;1364
2024-11-04T15:12:05Z;773;;1068
2024-11-04T15:12:11Z;1156;;1451
2024-11-04T15:12:12Z;774;;1069
2024-11-04T15:12:14Z;1159;;1454
2024-11-04T15:12:15Z;780;;1075
2024-11-04T15:12:17Z;1175;;1470
2024-11-04T15:12:18Z;784;;1079
2024-11-04T15:12:34Z;1095;;1390
2024-11-04T15:12:36Z;1076;;1371
2024-11-04T15:12:37Z;781;;1076
2024-11-04T15:12:44Z;1160;;1455
2024-11-04T15:12:51Z;784;;1079
2024-11-04T15:12:52Z;1165;;1460
2024-11-04T15:12:53Z;788;;1083
2024-11-04T15:12:55Z;1164;;1459
2024-11-04T15:12:56Z;789;;1084
2024-11-04T15:12:57Z;1088;;1383
2024-11-04T15:12:58Z;797;;1092
2024-11-04T15:12:59Z;1173;;1468
2024-11-04T15:13:01Z;788;;1083
2024-11-04T15:13:02Z;1176;;1471
2024-11-04T15:13:03Z;798;;1093
2024-11-04T15:13:05Z;1178;;1473
2024-11-04T15:13:06Z;800;;1095
2024-11-04T15:13:08Z;1085;;1380
2024-11-04T15:13:09Z;799;;1094
2024-11-04T15:13:18Z;1176;;1471
2024-11-04T15:13:19Z;797;;1092
2024-11-04T15:13:21Z;1175;;1470
2024-11-04T15:13:22Z;799;;1094
2024-11-04T15:13:24Z;1083;;1378
2024-11-04T15:13:25Z;804;;1099
2024-11-04T15:13:28Z;911;;1206
2024-11-04T15:13:29Z;801;;1096
2024-11-04T15:13:31Z;1184;;1479
2024-11-04T15:13:32Z;800;;1095
2024-11-04T15:13:34Z;1194;;1489
2024-11-04T15:13:35Z;809;;1104
2024-11-04T15:13:37Z;1195;;1490
2024-11-04T15:13:52Z;815;;1110
2024-11-04T15:13:53Z;1192;;1487
2024-11-04T15:13:54Z;807;;1102
2024-11-04T15:13:56Z;1048;;1343
2024-11-04T15:13:57Z;820;;1115
2024-11-04T15:14:00Z;957;;1252
2024-11-04T15:14:01Z;813;;1108
2024-11-04T15:14:03Z;1192;;1487
2024-11-04T15:14:04Z;809;;1104
2024-11-04T15:14:06Z;1194;;1489
2024-11-04T15:14:07Z;811;;1106
2024-11-04T15:14:12Z;1031;;1326
2024-11-04T15:14:13Z;815;;1110
2024-11-04T15:14:16Z;983;;1278
2024-11-04T15:14:17Z;816;;1111
2024-11-04T15:14:19Z;1205;;1500
2024-11-04T15:14:20Z;822;;1117
2024-11-04T15:14:22Z;1202;;1497
2024-11-04T15:14:23Z;819;;1114
2024-11-04T15:14:25Z;1204;;1499
2024-11-04T15:14:26Z;821;;1116
2024-11-04T15:14:28Z;1033;;1328
2024-11-04T15:14:29Z;831;;1126
2024-11-04T15:14:32Z;1009;;1304
2024-11-04T15:14:33Z;826;;1121
2024-11-04T15:14:35Z;1207;;1502
2024-11-04T15:14:36Z;825;;1120
2024-11-04T15:14:38Z;1210;;1505
2024-11-04T15:14:39Z;825;;1120
2024-11-04T15:14:41Z;1208;;1503
2024-11-04T15:14:42Z;831;;1126
2024-11-04T15:14:44Z;1025;;1320
2024-11-04T15:14:45Z;828;;1123
2024-11-04T15:14:48Z;1011;;1306
2024-11-04T15:14:49Z;818;;1113
2024-11-04T15:14:51Z;1181;;1476
2024-11-04T15:14:52Z;820;;1115
2024-11-04T15:14:54Z;1206;;1501
2024-11-04T15:14:55Z;824;;1119
2024-11-04T15:15:11Z;1194;;1489
2024-11-04T15:15:13Z;1199;;1494
2024-11-04T15:15:14Z;823;;1118
2024-11-04T15:15:16Z;970;;1265
2024-11-04T15:15:17Z;830;;1125
2024-11-04T15:15:20Z;1056;;1351
2024-11-04T15:15:21Z;831;;1126
2024-11-04T15:15:23Z;1222;;1517
2024-11-04T15:15:24Z;838;;1133
2024-11-04T15:15:27Z;817;;1112
2024-11-04T15:15:29Z;;202;1019
2024-11-04T15:15:36Z;1221;;1423
2024-11-04T15:15:37Z;839;;1041
2024-11-04T15:15:38Z;1217;;1419
2024-11-04T15:15:39Z;841;;1043
2024-11-04T15:15:41Z;974;;1176
2024-11-04T15:15:42Z;836;;1038
2024-11-04T15:15:43Z;1080;;1282
2024-11-04T15:15:44Z;838;;1040
2024-11-04T15:15:45Z;1227;;1429
2024-11-04T15:15:47Z;846;;1048
2024-11-04T15:15:48Z;1232;;1434
2024-11-04T15:15:49Z;836;;1038
2024-11-04T15:15:50Z;1218;;1420
2024-11-04T15:15:51Z;837;;1039
2024-11-04T15:15:53Z;982;;1184
2024-11-04T15:15:54Z;861;;1063
2024-11-04T15:15:55Z;1111;;1313
2024-11-04T15:15:56Z;785;;987
2024-11-04T15:15:57Z;1224;;1426
2024-11-04T15:15:59Z;840;;1042
2024-11-04T15:16:00Z;1237;;1439
2024-11-04T15:16:01Z;850;;1052
2024-11-04T15:16:02Z;1227;;1429
2024-11-04T15:16:03Z;846;;1048
2024-11-04T15:16:05Z;957;;1159
2024-11-04T15:16:06Z;848;;1050
2024-11-04T15:16:08Z;1123;;1325
2024-11-04T15:16:09Z;844;;1046
2024-11-04T15:16:11Z;1233;;1435
2024-11-04T15:16:12Z;845;;1047
2024-11-04T15:16:14Z;1222;;1424
2024-11-04T15:16:29Z;846;;1048
2024-11-04T15:16:30Z;1221;;1423
2024-11-04T15:16:31Z;839;;1041
2024-11-04T15:16:33Z;1222;;1424
2024-11-04T15:16:34Z;841;;1043
2024-11-04T15:16:40Z;1171;;1373
2024-11-04T15:16:41Z;835;;1037
2024-11-04T15:16:43Z;1225;;1427
2024-11-04T15:16:44Z;847;;1049
2024-11-04T15:16:46Z;1191;;1393
2024-11-04T15:16:47Z;838;;1040
2024-11-04T15:16:49Z;1214;;1416
2024-11-04T15:16:50Z;837;;1039
2024-11-04T15:16:56Z;1198;;1400
2024-11-04T15:16:57Z;850;;1052
2024-11-04T15:16:59Z;1228;;1430
2024-11-04T15:17:00Z;849;;1051
2024-11-04T15:17:02Z;1234;;1436
2024-11-04T15:17:03Z;850;;1052
2024-11-04T15:17:05Z;1233;;1435
2024-11-04T15:17:06Z;852;;1054
2024-11-04T15:17:12Z;1210;;1412
2024-11-04T15:17:13Z;850;;1052
2024-11-04T15:17:15Z;1231;;1433
2024-11-04T15:17:16Z;850;;1052
2024-11-04T15:17:18Z;1229;;1431
2024-11-04T15:17:19Z;850;;1052
2024-11-04T15:17:21Z;1221;;1423
2024-11-04T15:17:22Z;857;;1059
2024-11-04T15:17:28Z;1235;;1437
2024-11-04T15:17:29Z;859;;1061
2024-11-04T15:17:31Z;1237;;1439
2024-11-04T15:17:32Z;862;;1064
2024-11-04T15:17:48Z;622;;824
2024-11-04T15:17:50Z;631;;833
2024-11-04T15:17:51Z;249;;451
2024-11-04T15:17:53Z;633;;835
2024-11-04T15:17:55Z;250;;452
2024-11-04T15:18:00Z;620;;822
2024-11-04T15:18:01Z;242;;444
2024-11-04T15:18:03Z;631;;833
2024-11-04T15:18:04Z;241;;443
2024-11-04T15:18:06Z;633;;835
2024-11-04T15:18:08Z;246;;448
2024-11-04T15:18:09Z;622;;824
2024-11-04T15:18:10Z;246;;448
2024-11-04T15:18:16Z;632;;834
2024-11-04T15:18:17Z;246;;448
2024-11-04T15:18:19Z;631;;833
2024-11-04T15:18:21Z;250;;452
2024-11-04T15:18:22Z;636;;838
2024-11-04T15:18:23Z;253;;455
2024-11-04T15:18:25Z;630;;832
2024-11-04T15:18:27Z;252;;454
2024-11-04T15:18:32Z;622;;824
2024-11-04T15:18:34Z;237;;439
2024-11-04T15:18:35Z;622;;824
2024-11-04T15:18:37Z;241;;443
2024-11-04T15:18:38Z;639;;841
2024-11-04T15:18:40Z;240;;442
2024-11-04T15:18:41Z;621;;823
2024-11-04T15:18:42Z;243;;445
2024-11-04T15:18:48Z;646;;848
2024-11-04T15:18:49Z;255;;457
2024-11-04T15:18:51Z;652;;854
2024-11-04T15:19:06Z;259;;461
2024-11-04T15:19:07Z;643;;845
2024-11-04T15:19:09Z;252;;454
2024-11-04T15:19:10Z;642;;844
2024-11-04T15:19:12Z;246;;448
2024-11-04T15:19:13Z;626;;828
2024-11-04T15:19:15Z;245;;447
2024-11-04T15:19:16Z;560;;762
2024-11-04T15:19:17Z;613;;815
2024-11-04T15:19:24Z;288;;490
2024-11-04T15:19:25Z;614;;816
2024-11-04T15:19:27Z;252;;454
2024-11-04T15:19:28Z;615;;817
2024-11-04T15:19:30Z;252;;454
2024-11-04T15:19:31Z;606;;808
2024-11-04T15:19:33Z;243;;445
2024-11-04T15:19:34Z;560;;762
2024-11-04T15:19:35Z;248;;450
2024-11-04T15:19:41Z;607;;809
2024-11-04T15:19:43Z;551;;753
2024-11-04T15:19:44Z;692;;894
2024-11-04T15:19:45Z;1091;;1293
2024-11-04T15:19:46Z;743;;945
2024-11-04T15:19:47Z;1098;;1300
2024-11-04T15:19:48Z;752;;954
2024-11-04T15:19:50Z;1070;;1272
2024-11-04T15:19:51Z;770;;972
2024-11-04T15:19:57Z;1151;;1353
2024-11-04T15:19:58Z;786;;988
2024-11-04T15:20:00Z;1163;;1365
2024-11-04T15:20:01Z;804;;1006
2024-11-04T15:20:03Z;1166;;1368
2024-11-04T15:20:04Z;806;;1008
2024-11-04T15:20:06Z;1116;;1318
2024-11-04T15:20:07Z;815;;1017
2024-11-04T15:20:25Z;1182;;1384
2024-11-04T15:20:29Z;1197;;1399
2024-11-04T15:20:30Z;840;;1042
2024-11-04T15:20:32Z;1200;;1402
2024-11-04T15:20:33Z;834;;1036
2024-11-04T15:20:35Z;1194;;1396
2024-11-04T15:20:36Z;839;;1041
2024-11-04T15:20:38Z;1130;;1332
2024-11-04T15:20:39Z;840;;1042
2024-11-04T15:20:42Z;937;;1139
2024-11-04T15:20:43Z;857;;1059
2024-11-04T15:20:45Z;1227;;1429
2024-11-04T15:20:46Z;860;;1062
2024-11-04T15:20:48Z;1226;;1428
2024-11-04T15:20:49Z;858;;1060
2024-11-04T15:20:51Z;1227;;1429
2024-11-04T15:20:52Z;861;;1063
2024-11-04T15:20:54Z;1145;;1347
2024-11-04T15:20:55Z;864;;1066
2024-11-04T15:20:58Z;935;;1137
2024-11-04T15:21:05Z;859;;1061
2024-11-04T15:21:06Z;1227;;1429
2024-11-04T15:21:08Z;838;;1040
2024-11-04T15:21:09Z;1236;;1438
2024-11-04T15:21:10Z;863;;1065
2024-11-04T15:21:11Z;1237;;1439
2024-11-04T15:21:12Z;869;;1071
2024-11-04T15:21:14Z;1146;;1348
2024-11-04T15:21:15Z;865;;1067
2024-11-04T15:21:16Z;959;;1161
2024-11-04T15:21:17Z;863;;1065
2024-11-04T15:21:18Z;1240;;1442
2024-11-04T15:21:20Z;868;;1070
2024-11-04T15:21:21Z;1237;;1439
2024-11-04T15:21:22Z;857;;1059
2024-11-04T15:21:23Z;1235;;1437
2024-11-04T15:21:24Z;862;;1064
2024-11-04T15:21:26Z;1128;;1330
2024-11-04T15:21:27Z;874;;1076
2024-11-04T15:21:43Z;988;;1190
2024-11-04T15:21:46Z;1010;;1212
2024-11-04T15:21:47Z;879;;1081
2024-11-04T15:21:49Z;1251;;1453
2024-11-04T15:21:50Z;877;;1079
2024-11-04T15:21:52Z;1252;;1454
2024-11-04T15:21:53Z;880;;1082
2024-11-04T15:21:55Z;1248;;1450
2024-11-04T15:21:56Z;877;;1079
2024-11-04T15:21:58Z;1105;;1307
2024-11-04T15:21:59Z;859;;1061
2024-11-04T15:22:02Z;1018;;1220
2024-11-04T15:22:03Z;873;;1075
2024-11-04T15:22:05Z;1247;;1449
2024-11-04T15:22:06Z;870;;1072
2024-11-04T15:22:08Z;1248;;1450
2024-11-04T15:22:09Z;863;;1065
2024-11-04T15:22:11Z;1251;;1453
2024-11-04T15:22:12Z;881;;1083
2024-11-04T15:22:14Z;1109;;1311
2024-11-04T15:22:15Z;881;;1083
2024-11-04T15:22:18Z;1034;;1236
2024-11-04T15:22:19Z;885;;1087
2024-11-04T15:22:21Z;1263;;1465
2024-11-04T15:22:22Z;886;;1088
2024-11-04T15:22:24Z;1255;;1457
2024-11-04T15:22:25Z;885;;1087
2024-11-04T15:22:27Z;1257;;1459
2024-11-04T15:22:28Z;885;;1087
2024-11-04T15:22:30Z;1103;;1305
2024-11-04T15:22:31Z;886;;1088
2024-11-04T15:22:34Z;1052;;1254
2024-11-04T15:22:35Z;898;;1100
2024-11-04T15:22:37Z;1276;;1478
2024-11-04T15:22:38Z;897;;1099
2024-11-04T15:22:40Z;1263;;1465
2024-11-04T15:22:41Z;881;;1083
2024-11-04T15:22:43Z;1258;;1460
2024-11-04T15:22:44Z;891;;1093
2024-11-04T15:22:46Z;1083;;1285
2024-11-04T15:22:47Z;893;;1095
2024-11-04T15:23:02Z;1050;;1252
2024-11-04T15:23:03Z;882;;1084
2024-11-04T15:23:06Z;1085;;1287
2024-11-04T15:23:07Z;884;;1086
2024-11-04T15:23:09Z;1266;;1468
2024-11-04T15:23:10Z;894;;1096
2024-11-04T15:23:12Z;1270;;1472
2024-11-04T15:23:13Z;892;;1094
2024-11-04T15:23:15Z;1266;;1468
2024-11-04T15:23:16Z;894;;1096
2024-11-04T15:23:18Z;1041;;1243
2024-11-04T15:23:19Z;890;;1092
2024-11-04T15:23:22Z;1111;;1313
2024-11-04T15:23:23Z;890;;1092
2024-11-04T15:23:25Z;1266;;1468
2024-11-04T15:23:26Z;892;;1094
2024-11-04T15:23:28Z;1263;;1465
2024-11-04T15:23:29Z;890;;1092
2024-11-04T15:23:31Z;1269;;1471
2024-11-04T15:23:32Z;895;;1097
2024-11-04T15:23:34Z;1043;;1245
2024-11-04T15:23:36Z;898;;1100
2024-11-04T15:23:38Z;1103;;1305
2024-11-04T15:23:39Z;869;;1071
2024-11-04T15:23:41Z;1273;;1475
2024-11-04T15:23:42Z;900;;1102
2024-11-04T15:23:44Z;1266;;1468
2024-11-04T15:23:45Z;892;;1094
2024-11-04T15:23:47Z;1265;;1467
2024-11-04T15:23:48Z;896;;1098
2024-11-04T15:23:50Z;1021;;1223
2024-11-04T15:23:53Z;897;;1099
2024-11-04T15:23:54Z;1146;;1348
2024-11-04T15:23:56Z;895;;1097
2024-11-04T15:23:57Z;1264;;1466
2024-11-04T15:23:58Z;886;;1088
2024-11-04T15:24:00Z;1259;;1461
2024-11-04T15:24:01Z;887;;1089
2024-11-04T15:24:03Z;1266;;1468
2024-11-04T15:24:04Z;897;;1099
2024-11-04T15:24:20Z;1140;;1342
2024-11-04T15:24:22Z;1025;;1227
2024-11-04T15:24:28Z;898;;1100
2024-11-04T15:24:29Z;1274;;1476
2024-11-04T15:24:31Z;888;;1090
2024-11-04T15:24:32Z;1274;;1476
2024-11-04T15:24:33Z;889;;1091
2024-11-04T15:24:35Z;1273;;1475
2024-11-04T15:24:36Z;905;;1107
2024-11-04T15:24:47Z;1281;;1483
2024-11-04T15:24:48Z;901;;1103
2024-11-04T15:24:49Z;1284;;1486
2024-11-04T15:24:50Z;906;;1108
2024-11-04T15:24:52Z;1286;;1488
2024-11-04T15:24:53Z;907;;1109
2024-11-04T15:25:01Z;1282;;1484
2024-11-04T15:25:02Z;905;;1107
2024-11-04T15:25:04Z;1288;;1490
2024-11-04T15:25:05Z;907;;1109
2024-11-04T15:25:07Z;1286;;1488
2024-11-04T15:25:08Z;910;;1112
2024-11-04T15:25:17Z;1288;;1490
2024-11-04T15:25:18Z;911;;1113
2024-11-04T15:25:20Z;1291;;1493
2024-11-04T15:25:21Z;909;;1111
2024-11-04T15:25:23Z;1285;;1487
2024-11-04T15:25:24Z;908;;1110
2024-11-04T15:25:39Z;1299;;1501
2024-11-04T15:25:40Z;917;;1119
2024-11-04T15:25:46Z;1209;;1411
2024-11-04T15:25:47Z;914;;1116
2024-11-04T15:25:49Z;1300;;1502
2024-11-04T15:25:50Z;917;;1119
2024-11-04T15:25:52Z;1301;;1503
2024-11-04T15:25:53Z;920;;1122
2024-11-04T15:25:55Z;1302;;1504
2024-11-04T15:25:56Z;928;;1130
2024-11-04T15:26:02Z;1238;;1440
2024-11-04T15:26:03Z;911;;1113
2024-11-04T15:26:05Z;1291;;1493
2024-11-04T15:26:06Z;912;;1114
2024-11-04T15:26:08Z;1296;;1498
2024-11-04T15:26:09Z;911;;1113
2024-11-04T15:26:11Z;1292;;1494
2024-11-04T15:26:12Z;915;;1117
2024-11-04T15:26:18Z;1237;;1439
2024-11-04T15:26:19Z;923;;1125
2024-11-04T15:26:21Z;1307;;1509
2024-11-04T15:26:22Z;929;;1131
2024-11-04T15:26:24Z;1301;;1503
2024-11-04T15:26:25Z;924;;1126
2024-11-04T15:26:27Z;1309;;1511
2024-11-04T15:26:28Z;929;;1131
2024-11-04T15:26:32Z;787;;989
2024-11-04T15:26:34Z;1003;;1205
2024-11-04T15:26:37Z;1325;;1527
2024-11-04T15:26:38Z;942;;1144
2024-11-04T15:26:40Z;1320;;1522
2024-11-04T15:26:41Z;940;;1142
2024-11-04T15:26:57Z;803;;1005
2024-11-04T15:26:59Z;1327;;1529
2024-11-04T15:27:00Z;952;;1154
2024-11-04T15:27:06Z;1287;;1489
2024-11-04T15:27:07Z;950;;1152
2024-11-04T15:27:09Z;713;;915
2024-11-04T15:27:11Z;323;;525
2024-11-04T15:27:12Z;705;;907
2024-11-04T15:27:13Z;319;;521
2024-11-04T15:27:15Z;705;;907
2024-11-04T15:27:17Z;322;;524
2024-11-04T15:27:19Z;271;;473
2024-11-04T15:27:22Z;610;;812
2024-11-04T15:27:23Z;274;;476
2024-11-04T15:27:25Z;661;;863
2024-11-04T15:27:27Z;278;;480
2024-11-04T15:27:28Z;662;;864
2024-11-04T15:27:29Z;1141;;1343
2024-11-04T15:27:31Z;342;;544
2024-11-04T15:27:32Z;716;;918
2024-11-04T15:27:33Z;346;;548
2024-11-04T15:27:38Z;692;;894
2024-11-04T15:27:40Z;340;;542
2024-11-04T15:27:41Z;725;;927
2024-11-04T15:27:43Z;333;;535
2024-11-04T15:27:44Z;718;;920
2024-11-04T15:27:46Z;328;;530
2024-11-04T15:27:47Z;715;;917
2024-11-04T15:27:49Z;329;;531
2024-11-04T15:27:54Z;683;;885
2024-11-04T15:27:56Z;328;;530
2024-11-04T15:27:57Z;715;;917
2024-11-04T15:27:59Z;334;;536
2024-11-04T15:28:00Z;718;;920
2024-11-04T15:28:01Z;334;;536
2024-11-04T15:28:16Z;717;;919
2024-11-04T15:28:17Z;332;;534
2024-11-04T15:28:19Z;687;;889
2024-11-04T15:28:20Z;332;;534
2024-11-04T15:28:26Z;631;;833
2024-11-04T15:28:28Z;314;;516
2024-11-04T15:28:29Z;698;;900
2024-11-04T15:28:31Z;316;;518
2024-11-04T15:28:32Z;698;;900
2024-11-04T15:28:34Z;297;;499
2024-11-04T15:28:35Z;699;;901
2024-11-04T15:28:36Z;321;;523
2024-11-04T15:28:42Z;602;;804
2024-11-04T15:28:44Z;322;;524
2024-11-04T15:28:45Z;711;;913
2024-11-04T15:28:47Z;320;;522
2024-11-04T15:28:48Z;705;;907
2024-11-04T15:28:50Z;319;;521
2024-11-04T15:28:51Z;710;;912
2024-11-04T15:28:52Z;322;;524
2024-11-04T15:29:03Z;710;;912
2024-11-04T15:29:04Z;324;;526
2024-11-04T15:29:05Z;716;;918
2024-11-04T15:29:07Z;335;;537
2024-11-04T15:29:08Z;707;;909
2024-11-04T15:29:09Z;320;;522
2024-11-04T15:29:10Z;808;;1010
2024-11-04T15:29:14Z;1104;;1306
2024-11-04T15:29:15Z;834;;1036
2024-11-04T15:29:17Z;1224;;1426
2024-11-04T15:29:18Z;851;;1053
2024-11-04T15:29:20Z;1242;;1444
2024-11-04T15:29:35Z;1280;;1482
2024-11-04T15:29:37Z;1265;;1467
2024-11-04T15:29:38Z;884;;1086
2024-11-04T15:29:39Z;1270;;1472
2024-11-04T15:29:40Z;887;;1089
2024-11-04T15:29:42Z;1017;;1219
2024-11-04T15:29:43Z;895;;1097
2024-11-04T15:29:46Z;1143;;1345
2024-11-04T15:29:47Z;894;;1096
2024-11-04T15:29:49Z;1261;;1463
2024-11-04T15:29:50Z;881;;1083
2024-11-04T15:29:52Z;1289;;1491
2024-11-04T15:29:53Z;899;;1101
2024-11-04T15:29:55Z;1250;;1452
2024-11-04T15:29:56Z;872;;1074
2024-11-04T15:29:58Z;1008;;1210
2024-11-04T15:30:00Z;882;;1084
2024-11-04T15:30:02Z;1116;;1318
2024-11-04T15:30:03Z;879;;1081
2024-11-04T15:30:05Z;1261;;1463
2024-11-04T15:30:06Z;876;;1078
2024-11-04T15:30:08Z;1263;;1465
2024-11-04T15:30:09Z;903;;1105
2024-11-04T15:30:11Z;1273;;1475
2024-11-04T15:30:12Z;892;;1094
2024-11-04T15:30:14Z;1060;;1262
2024-11-04T15:30:21Z;1289;;1491
2024-11-04T15:30:22Z;903;;1105
2024-11-04T15:30:24Z;1284;;1486
2024-11-04T15:30:27Z;903;;1105
2024-11-04T15:30:29Z;;78;981
2024-11-04T15:30:38Z;906;;984
2024-11-04T15:30:53Z;1299;;1377
2024-11-04T15:30:54Z;939;;1017
2024-11-04T15:30:56Z;1314;;1392
2024-11-04T15:30:57Z;936;;1014
2024-11-04T15:30:59Z;1281;;1359
2024-11-04T15:31:00Z;924;;1002
2024-11-04T15:31:11Z;1305;;1383
2024-11-04T15:31:12Z;921;;999
2024-11-04T15:31:13Z;1298;;1376
2024-11-04T15:31:14Z;921;;999
2024-11-04T15:31:16Z;1306;;1384
2024-11-04T15:31:17Z;922;;1000
2024-11-04T15:31:25Z;1306;;1384
2024-11-04T15:31:26Z;929;;1007
2024-11-04T15:31:28Z;1309;;1387
2024-11-04T15:31:29Z;926;;1004
2024-11-04T15:31:31Z;1304;;1382
2024-11-04T15:31:32Z;924;;1002
2024-11-04T15:31:34Z;1200;;1278
2024-11-04T15:31:35Z;931;;1009
2024-11-04T15:31:41Z;1318;;1396
2024-11-04T15:31:42Z;934;;1012
2024-11-04T15:31:44Z;1318;;1396
2024-11-04T15:31:45Z;930;;1008
2024-11-04T15:31:47Z;1305;;1383
2024-11-04T15:31:48Z;925;;1003
2024-11-04T15:31:50Z;1207;;1285
2024-11-04T15:31:51Z;927;;1005
2024-11-04T15:31:57Z;1309;;1387
2024-11-04T15:32:13Z;1319;;1397
2024-11-04T15:32:14Z;935;;1013
2024-11-04T15:32:16Z;1314;;1392
2024-11-04T15:32:17Z;928;;1006
2024-11-04T15:32:19Z;1312;;1390
2024-11-04T15:32:20Z;932;;1010
2024-11-04T15:32:22Z;1246;;1324
2024-11-04T15:32:23Z;936;;1014
2024-11-04T15:32:29Z;1318;;1396
2024-11-04T15:32:30Z;930;;1008
2024-11-04T15:32:32Z;1291;;1369
2024-11-04T15:32:33Z;924;;1002
2024-11-04T15:32:35Z;1316;;1394
2024-11-04T15:32:36Z;939;;1017
2024-11-04T15:32:38Z;1257;;1335
2024-11-04T15:32:39Z;934;;1012
2024-11-04T15:32:45Z;1320;;1398
2024-11-04T15:32:46Z;937;;1015
2024-11-04T15:32:48Z;1321;;1399
2024-11-04T15:32:49Z;935;;1013
2024-11-04T15:32:51Z;1321;;1399
2024-11-04T15:32:52Z;936;;1014
2024-11-04T15:32:54Z;1265;;1343
2024-11-04T15:32:55Z;945;;1023
2024-11-04T15:33:01Z;1323;;1401
2024-11-04T15:33:02Z;936;;1014
2024-11-04T15:33:04Z;1320;;1398
2024-11-04T15:33:05Z;940;;1018
2024-11-04T15:33:07Z;1323;;1401
2024-11-04T15:33:08Z;940;;1018
2024-11-04T15:33:10Z;1278;;1356
2024-11-04T15:33:11Z;943;;1021
2024-11-04T15:33:30Z;1336;;1414
2024-11-04T15:33:33Z;1326;;1404
2024-11-04T15:33:34Z;948;;1026
2024-11-04T15:33:36Z;1340;;1418
2024-11-04T15:33:37Z;953;;1031
2024-11-04T15:33:39Z;1344;;1422
2024-11-04T15:33:40Z;949;;1027
2024-11-04T15:33:42Z;1274;;1352
2024-11-04T15:33:43Z;955;;1033
2024-11-04T15:33:49Z;1337;;1415
2024-11-04T15:33:50Z;951;;1029
2024-11-04T15:33:52Z;1333;;1411
2024-11-04T15:33:53Z;951;;1029
2024-11-04T15:33:55Z;1334;;1412
2024-11-04T15:33:56Z;946;;1024
2024-11-04T15:33:58Z;1284;;1362
2024-11-04T15:33:59Z;957;;1035
2024-11-04T15:34:05Z;1334;;1412
2024-11-04T15:34:06Z;946;;1024
2024-11-04T15:34:08Z;1315;;1393
2024-11-04T15:34:09Z;951;;1029
2024-11-04T15:34:11Z;1342;;1420
2024-11-04T15:34:12Z;955;;1033
2024-11-04T15:34:14Z;1302;;1380
2024-11-04T15:34:15Z;962;;1040
2024-11-04T15:34:21Z;1343;;1421
2024-11-04T15:34:22Z;959;;1037
2024-11-04T15:34:24Z;1346;;1424
2024-11-04T15:34:25Z;959;;1037
2024-11-04T15:34:33Z;1344;;1422
2024-11-04T15:34:34Z;959;;1037
2024-11-04T15:34:48Z;1297;;1375
2024-11-04T15:34:53Z;1351;;1429
2024-11-04T15:34:54Z;966;;1044
2024-11-04T15:34:56Z;1352;;1430
2024-11-04T15:34:57Z;965;;1043
2024-11-04T15:34:59Z;1342;;1420
2024-11-04T15:35:00Z;968;;1046
2024-11-04T15:35:02Z;1291;;1369
2024-11-04T15:35:03Z;966;;1044
2024-11-04T15:35:09Z;1361;;1439
2024-11-04T15:35:10Z;964;;1042
2024-11-04T15:35:12Z;1349;;1427
2024-11-04T15:35:13Z;965;;1043
2024-11-04T15:35:15Z;1350;;1428
2024-11-04T15:35:16Z;970;;1048
2024-11-04T15:35:18Z;1231;;1309
2024-11-04T15:35:19Z;905;;983
2024-11-04T15:35:25Z;1296;;1374
2024-11-04T15:35:26Z;911;;989
2024-11-04T15:35:28Z;1294;;1372
2024-11-04T15:35:29Z;911;;989
2024-11-04T15:35:31Z;1289;;1367
2024-11-04T15:35:32Z;909;;987
2024-11-04T15:35:34Z;1231;;1309
2024-11-04T15:35:35Z;908;;986
2024-11-04T15:35:41Z;1294;;1372
2024-11-04T15:35:42Z;904;;982
2024-11-04T15:35:44Z;1265;;1343
2024-11-04T15:35:45Z;910;;988
2024-11-04T15:35:47Z;1300;;1378
2024-11-04T15:35:48Z;914;;992
2024-11-04T15:35:50Z;1235;;1313
2024-11-04T15:35:51Z;917;;995
2024-11-04T15:36:07Z;1228;;1306
2024-11-04T15:36:13Z;1311;;1389
2024-11-04T15:36:14Z;919;;997
2024-11-04T15:36:16Z;1299;;1377
2024-11-04T15:36:17Z;914;;992
2024-11-04T15:36:19Z;1305;;1383
2024-11-04T15:36:20Z;920;;998
2024-11-04T15:36:22Z;1214;;1292
2024-11-04T15:36:23Z;919;;997
2024-11-04T15:36:29Z;1301;;1379
2024-11-04T15:36:30Z;930;;1008
2024-11-04T15:36:32Z;1300;;1378
2024-11-04T15:36:33Z;913;;991
2024-11-04T15:36:35Z;1310;;1388
2024-11-04T15:36:36Z;933;;1011
2024-11-04T15:36:38Z;1216;;1294
2024-11-04T15:36:39Z;938;;1016
2024-11-04T15:36:45Z;1315;;1393
2024-11-04T15:36:46Z;933;;1011
2024-11-04T15:36:48Z;1317;;1395
2024-11-04T15:36:49Z;929;;1007
2024-11-04T15:36:51Z;1323;;1401
2024-11-04T15:36:52Z;936;;1014
2024-11-04T15:36:54Z;1200;;1278
2024-11-04T15:36:55Z;941;;1019
2024-11-04T15:37:01Z;1315;;1393
2024-11-04T15:37:02Z;933;;1011
2024-11-04T15:37:04Z;305;;383
2024-11-04T15:37:05Z;707;;785
2024-11-04T15:37:06Z;316;;394
2024-11-04T15:37:07Z;701;;779
2024-11-04T15:37:08Z;311;;389
2024-11-04T15:37:25Z;674;;752
2024-11-04T15:37:33Z;707;;785
2024-11-04T15:37:35Z;320;;398
2024-11-04T15:37:36Z;695;;773
2024-11-04T15:37:38Z;307;;385
2024-11-04T15:37:39Z;685;;763
2024-11-04T15:37:41Z;305;;383
2024-11-04T15:37:51Z;688;;766
2024-11-04T15:37:52Z;302;;380
2024-11-04T15:37:53Z;685;;763
2024-11-04T15:37:55Z;304;;382
2024-11-04T15:37:56Z;686;;764
2024-11-04T15:37:57Z;304;;382
2024-11-04T15:38:08Z;698;;776
2024-11-04T15:38:10Z;299;;377
2024-11-04T15:38:11Z;680;;758
2024-11-04T15:38:13Z;301;;379
2024-11-04T15:38:18Z;649;;727
2024-11-04T15:38:19Z;308;;386
2024-11-04T15:38:21Z;676;;754
2024-11-04T15:38:23Z;287;;365
2024-11-04T15:38:24Z;672;;750
2024-11-04T15:38:26Z;285;;363
2024-11-04T15:38:27Z;668;;746
2024-11-04T15:38:29Z;286;;364
2024-11-04T15:38:44Z;655;;733
2024-11-04T15:38:45Z;282;;360
2024-11-04T15:38:50Z;674;;752
2024-11-04T15:38:51Z;284;;362
2024-11-04T15:38:53Z;674;;752
2024-11-04T15:38:55Z;265;;343
2024-11-04T15:38:56Z;666;;744
2024-11-04T15:38:58Z;281;;359
2024-11-04T15:39:03Z;559;;637
2024-11-04T15:39:05Z;727;;805
2024-11-04T15:39:06Z;1168;;1246
2024-11-04T15:39:07Z;795;;873
2024-11-04T15:39:09Z;1186;;1264
2024-11-04T15:39:10Z;804;;882
2024-11-04T15:39:12Z;1187;;1265
2024-11-04T15:39:13Z;812;;890
2024-11-04T15:39:15Z;1189;;1267
2024-11-04T15:39:16Z;820;;898
2024-11-04T15:39:22Z;1217;;1295
2024-11-04T15:39:23Z;823;;901
2024-11-04T15:39:25Z;1219;;1297
2024-11-04T15:39:26Z;849;;927
2024-11-04T15:39:28Z;1237;;1315
2024-11-04T15:39:29Z;855;;933
2024-11-04T15:39:31Z;1222;;1300
2024-11-04T15:39:32Z;855;;933
2024-11-04T15:39:38Z;1251;;1329
2024-11-04T15:39:39Z;858;;936
2024-11-04T15:39:41Z;1267;;1345
2024-11-04T15:39:42Z;864;;942
2024-11-04T15:39:44Z;1245;;1323
2024-11-04T15:39:45Z;859;;937
2024-11-04T15:39:47Z;1226;;1304
2024-11-04T15:40:02Z;870;;948
2024-11-04T15:40:03Z;1252;;1330
2024-11-04T15:40:04Z;895;;973
2024-11-04T15:40:10Z;1273;;1351
2024-11-04T15:40:11Z;886;;964
2024-11-04T15:40:13Z;1261;;1339
2024-11-04T15:40:14Z;886;;964
2024-11-04T15:40:16Z;1270;;1348
2024-11-04T15:40:17Z;883;;961
2024-11-04T15:40:19Z;1241;;1319
2024-11-04T15:40:20Z;895;;973
2024-11-04T15:40:26Z;1272;;1350
2024-11-04T15:40:27Z;886;;964
2024-11-04T15:40:29Z;1278;;1356
2024-11-04T15:40:30Z;892;;970
2024-11-04T15:40:32Z;1273;;1351
2024-11-04T15:40:33Z;894;;972
2024-11-04T15:40:35Z;1234;;1312
2024-11-04T15:40:36Z;899;;977
2024-11-04T15:40:42Z;1280;;1358
2024-11-04T15:40:43Z;897;;975
2024-11-04T15:40:45Z;1282;;1360
2024-11-04T15:40:46Z;901;;979
2024-11-04T15:40:48Z;1278;;1356
2024-11-04T15:40:49Z;893;;971
2024-11-04T15:40:51Z;1213;;1291
2024-11-04T15:40:52Z;903;;981
2024-11-04T15:40:58Z;1283;;1361
2024-11-04T15:40:59Z;894;;972
2024-11-04T15:41:01Z;1279;;1357
2024-11-04T15:41:02Z;897;;975
2024-11-04T15:41:04Z;1281;;1359
2024-11-04T15:41:05Z;898;;976
2024-11-04T15:41:21Z;1194;;1272
2024-11-04T15:41:32Z;1283;;1361
2024-11-04T15:41:39Z;910;;988
2024-11-04T15:41:40Z;1297;;1375
2024-11-04T15:41:41Z;909;;987
2024-11-04T15:41:43Z;1297;;1375
2024-11-04T15:41:44Z;913;;991
2024-11-04T15:41:46Z;1299;;1377
2024-11-04T15:41:47Z;907;;985
2024-11-04T15:41:49Z;1295;;1373
2024-11-04T15:41:50Z;907;;985
2024-11-04T15:41:52Z;1292;;1370
2024-11-04T15:41:53Z;911;;989
2024-11-04T15:42:02Z;1303;;1381
2024-11-04T15:42:03Z;912;;990
2024-11-04T15:42:05Z;1304;;1382
2024-11-04T15:42:06Z;927;;1005
2024-11-04T15:42:08Z;1298;;1376
2024-11-04T15:42:09Z;906;;984
2024-11-04T15:42:18Z;1310;;1388
2024-11-04T15:42:19Z;915;;993
2024-11-04T15:42:21Z;1303;;1381
2024-11-04T15:42:22Z;921;;999
2024-11-04T15:42:24Z;1304;;1382
2024-11-04T15:42:39Z;926;;1004
2024-11-04T15:42:40Z;1299;;1377
2024-11-04T15:42:41Z;925;;1003
2024-11-04T15:42:52Z;1310;;1388
2024-11-04T15:42:53Z;917;;995
2024-11-04T15:42:54Z;1304;;1382
2024-11-04T15:42:55Z;915;;993
2024-11-04T15:42:57Z;1298;;1376
2024-11-04T15:42:58Z;926;;1004
2024-11-04T15:43:03Z;1211;;1289
2024-11-04T15:43:04Z;928;;1006
2024-11-04T15:43:06Z;1312;;1390
2024-11-04T15:43:07Z;927;;1005
2024-11-04T15:43:09Z;1311;;1389
2024-11-04T15:43:10Z;933;;1011
2024-11-04T15:43:12Z;1311;;1389
2024-11-04T15:43:13Z;932;;1010
2024-11-04T15:43:19Z;1223;;1301
2024-11-04T15:43:20Z;928;;1006
2024-11-04T15:43:22Z;1310;;1388
2024-11-04T15:43:23Z;924;;1002
2024-11-04T15:43:25Z;1303;;1381
2024-11-04T15:43:26Z;920;;998
2024-11-04T15:43:28Z;1302;;1380
2024-11-04T15:43:29Z;926;;1004
2024-11-04T15:43:35Z;1241;;1319
2024-11-04T15:43:36Z;930;;1008
2024-11-04T15:43:38Z;1307;;1385
2024-11-04T15:43:39Z;927;;1005
2024-11-04T15:43:41Z;1310;;1388
2024-11-04T15:43:42Z;933;;1011
2024-11-04T15:43:58Z;1310;;1388
2024-11-04T15:44:00Z;1313;;1391
2024-11-04T15:44:01Z;934;;1012
2024-11-04T15:44:07Z;1280;;1358
2024-11-04T15:44:08Z;934;;1012
2024-11-04T15:44:10Z;1317;;1395
2024-11-04T15:44:11Z;935;;1013
2024-11-04T15:44:13Z;1325;;1403
2024-11-04T15:44:14Z;944;;1022
2024-11-04T15:44:16Z;1321;;1399
2024-11-04T15:44:17Z;932;;1010
2024-11-04T15:44:23Z;1300;;1378
2024-11-04T15:44:24Z;933;;1011
2024-11-04T15:44:26Z;1322;;1400
2024-11-04T15:44:27Z;936;;1014
2024-11-04T15:44:29Z;1326;;1404
2024-11-04T15:44:30Z;940;;1018
2024-11-04T15:44:32Z;1316;;1394
2024-11-04T15:44:33Z;938;;1016
2024-11-04T15:44:39Z;1314;;1392
2024-11-04T15:44:40Z;938;;1016
2024-11-04T15:44:42Z;1318;;1396
2024-11-04T15:44:43Z;936;;1014
2024-11-04T15:44:45Z;1311;;1389
2024-11-04T15:44:46Z;937;;1015
2024-11-04T15:44:48Z;1323;;1401
2024-11-04T15:44:49Z;946;;1024
2024-11-04T15:44:55Z;1324;;1402
2024-11-04T15:44:56Z;943;;1021
2024-11-04T15:44:58Z;1325;;1403
2024-11-04T15:44:59Z;942;;1020
2024-11-04T15:45:01Z;1327;;1405
2024-11-04T15:45:16Z;945;;1023
2024-11-04T15:45:17Z;1332;;1410
2024-11-04T15:45:18Z;944;;1022
2024-11-04T15:45:20Z;1326;;1404
2024-11-04T15:45:21Z;950;;1028
2024-11-04T15:45:24Z;945;;1023
2024-11-04T15:45:29Z;;6;951
2024-11-04T15:45:33Z;1328;;1334
2024-11-04T15:45:34Z;944;;950
2024-11-04T15:45:36Z;1328;;1334
2024-11-04T15:45:37Z;944;;950
2024-11-04T15:45:38Z;1321;;1327
2024-11-04T15:45:39Z;949;;955
2024-11-04T15:45:40Z;1334;;1340
2024-11-04T15:45:42Z;959;;965
2024-11-04T15:45:43Z;1346;;1352
2024-11-04T15:45:44Z;962;;968
2024-11-04T15:45:46Z;1339;;1345
2024-11-04T15:45:47Z;960;;966
2024-11-04T15:45:49Z;1335;;1341
2024-11-04T15:45:50Z;958;;964
2024-11-04T15:45:52Z;1342;;1348
2024-11-04T15:45:53Z;959;;965
2024-11-04T15:45:59Z;1329;4;963
2024-11-04T15:46:00Z;1019;;1023
2024-11-04T15:46:02Z;1364;;1368
2024-11-04T15:46:03Z;976;;980
2024-11-04T15:46:05Z;1319;;1323
2024-11-04T15:46:06Z;959;;963
2024-11-04T15:46:08Z;1337;;1341
2024-11-04T15:46:09Z;958;;962
2024-11-04T15:46:15Z;1341;;1345
2024-11-04T15:46:16Z;966;;970
2024-11-04T15:46:18Z;1348;;1352
2024-11-04T15:46:19Z;964;;968
2024-11-04T15:46:35Z;1345;;1349
2024-11-04T15:46:37Z;1337;;1341
2024-11-04T15:46:38Z;954;;958
2024-11-04T15:46:40Z;1332;;1336
2024-11-04T15:46:41Z;954;;958
2024-11-04T15:46:47Z;1327;;1331
2024-11-04T15:46:48Z;959;;963
2024-11-04T15:46:50Z;798;;802
2024-11-04T15:46:51Z;1178;;1182
2024-11-04T15:46:52Z;800;;804
2024-11-04T15:46:53Z;1321;;1325
2024-11-04T15:46:54Z;942;;946
2024-11-04T15:46:56Z;1316;;1320
2024-11-04T15:46:57Z;944;;948
2024-11-04T15:47:00Z;818;;822
2024-11-04T15:47:03Z;1702;;1706
2024-11-04T15:47:05Z;946;;950
2024-11-04T15:47:06Z;1343;;1347
2024-11-04T15:47:07Z;964;;968
2024-11-04T15:47:09Z;1334;;1338
2024-11-04T15:47:10Z;960;;964
2024-11-04T15:47:12Z;1333;;1337
2024-11-04T15:47:13Z;959;;963
2024-11-04T15:47:19Z;1335;;1339
2024-11-04T15:47:20Z;959;;963
2024-11-04T15:47:22Z;1348;;1352
2024-11-04T15:47:23Z;962;;966
2024-11-04T15:47:25Z;1359;;1363
2024-11-04T15:47:26Z;971;;975
2024-11-04T15:47:28Z;1342;;1346
2024-11-04T15:47:29Z;965;;969
2024-11-04T15:47:33Z;343;;347
2024-11-04T15:47:35Z;706;;710
2024-11-04T15:47:36Z;336;;340
2024-11-04T15:47:38Z;716;;720
2024-11-04T15:47:53Z;326;;330
2024-11-04T15:47:54Z;732;;736
2024-11-04T15:47:56Z;347;;351
2024-11-04T15:47:57Z;726;;730
2024-11-04T15:47:58Z;350;;354
2024-11-04T15:48:00Z;728;;732
2024-11-04T15:48:01Z;348;;352
2024-11-04T15:48:07Z;713;;717
2024-11-04T15:48:09Z;351;;355
2024-11-04T15:48:10Z;735;;739
2024-11-04T15:48:12Z;345;;349
2024-11-04T15:48:13Z;730;;734
2024-11-04T15:48:14Z;350;;354
2024-11-04T15:48:16Z;733;;737
2024-11-04T15:48:18Z;357;;361
2024-11-04T15:48:23Z;712;;716
2024-11-04T15:48:25Z;342;;346
2024-11-04T15:48:26Z;729;;733
2024-11-04T15:48:28Z;346;;350
2024-11-04T15:48:29Z;737;;741
2024-11-04T15:48:30Z;354;;358
2024-11-04T15:48:32Z;733;;737
2024-11-04T15:48:34Z;353;;357
2024-11-04T15:48:39Z;714;;718
2024-11-04T15:48:40Z;351;;355
2024-11-04T15:48:42Z;737;;741
2024-11-04T15:48:44Z;352;;356
2024-11-04T15:48:45Z;738;;742
2024-11-04T15:48:47Z;356;;360
2024-11-04T15:48:48Z;718;;722
2024-11-04T15:48:50Z;339;;343
2024-11-04T15:48:55Z;682;;686
2024-11-04T15:48:57Z;315;;319
2024-11-04T15:49:12Z;751;;755
2024-11-04T15:49:13Z;707;;711
2024-11-04T15:49:14Z;332;;336
2024-11-04T15:49:15Z;715;;719
2024-11-04T15:49:17Z;329;;333
2024-11-04T15:49:18Z;712;;716
2024-11-04T15:49:19Z;326;;330
2024-11-04T15:49:20Z;708;;712
2024-11-04T15:49:22Z;326;;330
2024-11-04T15:49:27Z;704;;708
2024-11-04T15:49:29Z;317;;321
2024-11-04T15:49:30Z;716;;720
2024-11-04T15:49:32Z;329;;333
2024-11-04T15:49:33Z;723;;727
2024-11-04T15:49:36Z;1197;;1201
2024-11-04T15:49:37Z;840;;844
2024-11-04T15:49:43Z;1237;;1241
2024-11-04T15:49:44Z;861;;865
2024-11-04T15:49:46Z;1252;;1256
2024-11-04T15:49:47Z;870;;874
2024-11-04T15:49:49Z;1251;;1255
2024-11-04T15:49:50Z;871;;875
2024-11-04T15:49:52Z;1249;;1253
2024-11-04T15:49:53Z;879;;883
2024-11-04T15:49:59Z;1274;;1278
2024-11-04T15:50:00Z;887;;891
2024-11-04T15:50:02Z;1275;;1279
2024-11-04T15:50:03Z;886;;890
2024-11-04T15:50:05Z;1270;;1274
2024-11-04T15:50:06Z;891;;895
2024-11-04T15:50:08Z;1265;;1269
2024-11-04T15:50:09Z;895;;899
2024-11-04T15:50:15Z;1293;;1297
2024-11-04T15:50:30Z;910;;914
2024-11-04T15:50:31Z;1295;;1299
2024-11-04T15:50:32Z;908;;912
2024-11-04T15:50:34Z;1297;;1301
2024-11-04T15:50:35Z;930;;934
2024-11-04T15:50:37Z;1311;;1315
2024-11-04T15:50:38Z;929;;933
2024-11-04T15:50:40Z;1306;;1310
2024-11-04T15:50:41Z;936;;940
2024-11-04T15:50:47Z;1311;;1315
2024-11-04T15:50:48Z;927;;931
2024-11-04T15:50:50Z;1315;;1319
2024-11-04T15:50:51Z;940;;944
2024-11-04T15:50:53Z;1310;;1314
2024-11-04T15:50:54Z;928;;932
2024-11-04T15:50:56Z;1300;;1304
2024-11-04T15:50:57Z;938;;942
2024-11-04T15:51:03Z;1309;;1313
2024-11-04T15:51:04Z;926;;930
2024-11-04T15:51:06Z;1322;;1326
2024-11-04T15:51:07Z;927;;931
2024-11-04T15:51:09Z;1310;;1314
2024-11-04T15:51:10Z;922;;926
2024-11-04T15:51:12Z;1296;;1300
2024-11-04T15:51:13Z;929;;933
2024-11-04T15:51:19Z;1307;;1311
2024-11-04T15:51:20Z;930;;934
2024-11-04T15:51:22Z;1311;;1315
2024-11-04T15:51:23Z;917;;921
2024-11-04T15:51:25Z;1299;;1303
2024-11-04T15:51:26Z;926;;930
2024-11-04T15:51:28Z;1294;;1298
2024-11-04T15:51:29Z;924;;928
2024-11-04T15:51:49Z;1319;;1323
2024-11-04T15:51:51Z;1320;;1324
2024-11-04T15:51:52Z;934;;938
2024-11-04T15:51:54Z;1318;;1322
2024-11-04T15:51:55Z;936;;940
2024-11-04T15:51:57Z;1317;;1321
2024-11-04T15:51:58Z;938;;942
2024-11-04T15:52:00Z;1309;;1313
2024-11-04T15:52:01Z;939;;943
2024-11-04T15:52:07Z;1330;;1334
2024-11-04T15:52:08Z;935;;939
2024-11-04T15:52:10Z;2342;;2346
2024-11-04T15:52:11Z;1002;;1006
2024-11-04T15:52:13Z;1384;;1388
2024-11-04T15:52:14Z;995;;999
2024-11-04T15:52:16Z;1365;;1369
2024-11-04T15:52:17Z;994;;998
2024-11-04T15:52:23Z;1378;;1382
2024-11-04T15:52:24Z;1000;;1004
2024-11-04T15:52:26Z;1382;;1386
2024-11-04T15:52:27Z;996;;1000
2024-11-04T15:52:29Z;1375;;1379
2024-11-04T15:52:30Z;998;;1002
2024-11-04T15:52:32Z;1357;;1361
2024-11-04T15:52:33Z;1001;;1005
2024-11-04T15:52:39Z;1382;;1386
2024-11-04T15:52:40Z;999;;1003
2024-11-04T15:52:42Z;1384;;1388
2024-11-04T15:52:43Z;1007;;1011
2024-11-04T15:52:45Z;1385;;1389
2024-11-04T15:52:46Z;1003;;1007
2024-11-04T15:52:48Z;1363;;1367
2024-11-04T15:52:49Z;1008;;1012
2024-11-04T15:53:07Z;1385;;1389
2024-11-04T15:53:11Z;1397;;1401
2024-11-04T15:53:12Z;1016;;1020
2024-11-04T15:53:14Z;1396;;1400
2024-11-04T15:53:15Z;1012;;1016
2024-11-04T15:53:17Z;1393;;1397
2024-11-04T15:53:18Z;1016;;1020
2024-11-04T15:53:20Z;1374;;1378
2024-11-04T15:53:21Z;1016;;1020
2024-11-04T15:53:27Z;1401;;1405
2024-11-04T15:53:28Z;1021;;1025
2024-11-04T15:53:30Z;1401;;1405
2024-11-04T15:53:31Z;1020;;1024
2024-11-04T15:53:33Z;1398;;1402
2024-11-04T15:53:34Z;999;;1003
2024-11-04T15:53:36Z;1354;;1358
2024-11-04T15:53:37Z;1014;;1018
2024-11-04T15:53:43Z;1398;;1402
2024-11-04T15:53:44Z;1014;;1018
2024-11-04T15:53:46Z;1401;;1405
2024-11-04T15:53:47Z;1018;;1022
2024-11-04T15:53:49Z;1398;;1402
2024-11-04T15:53:50Z;1018;;1022
2024-11-04T15:53:52Z;1356;;1360
2024-11-04T15:53:53Z;1020;;1024
2024-11-04T15:53:59Z;1397;;1401
2024-11-04T15:54:00Z;1014;;1018
2024-11-04T15:54:02Z;1398;;1402
2024-11-04T15:54:03Z;1011;;1015
2024-11-04T15:54:05Z;1394;;1398
2024-11-04T15:54:06Z;1017;;1021
2024-11-04T15:54:08Z;1327;;1331
2024-11-04T15:54:09Z;1012;;1016
2024-11-04T15:54:26Z;1391;;1395
2024-11-04T15:54:31Z;1410;;1414
2024-11-04T15:54:32Z;1023;;1027
2024-11-04T15:54:34Z;1411;;1415
2024-11-04T15:54:35Z;1021;;1025
2024-11-04T15:54:37Z;1407;;1411
2024-11-04T15:54:38Z;1029;;1033
2024-11-04T15:54:40Z;1320;;1324
2024-11-04T15:54:41Z;1015;;1019
2024-11-04T15:54:47Z;1402;;1406
2024-11-04T15:54:48Z;1020;;1024
2024-11-04T15:54:50Z;1406;;1410
2024-11-04T15:54:51Z;1023;;1027
2024-11-04T15:54:53Z;1402;;1406
2024-11-04T15:54:54Z;1024;;1028
2024-11-04T15:54:56Z;1301;;1305
2024-11-04T15:54:57Z;1025;;1029
2024-11-04T15:55:03Z;1409;;1413
2024-11-04T15:55:04Z;1019;;1023
2024-11-04T15:55:06Z;1405;;1409
2024-11-04T15:55:07Z;1020;;1024
2024-11-04T15:55:09Z;1398;;1402
2024-11-04T15:55:10Z;1009;;1013
2024-11-04T15:55:12Z;1279;;1283
2024-11-04T15:55:13Z;1027;;1031
2024-11-04T15:55:19Z;1410;;1414
2024-11-04T15:55:20Z;1029;;1033
2024-11-04T15:55:22Z;1398;;1402
2024-11-04T15:55:23Z;1014;;1018
2024-11-04T15:55:25Z;1399;;1403
2024-11-04T15:55:26Z;1012;;1016
2024-11-04T15:55:28Z;1257;;1261
2024-11-04T15:55:29Z;1014;;1018
2024-11-04T15:55:44Z;1404;;1408
2024-11-04T15:55:45Z;1236;;1240
2024-11-04T15:55:51Z;1393;;1397
2024-11-04T15:55:52Z;1010;;1014
2024-11-04T15:55:54Z;1396;;1400
2024-11-04T15:55:55Z;1009;;1013
2024-11-04T15:55:57Z;1391;;1395
2024-11-04T15:55:58Z;1015;;1019
2024-11-04T15:56:00Z;1223;;1227
2024-11-04T15:56:01Z;1020;;1024
2024-11-04T15:56:07Z;1407;;1411
2024-11-04T15:56:08Z;1023;;1027
2024-11-04T15:56:10Z;1402;;1406
2024-11-04T15:56:11Z;1017;;1021
2024-11-04T15:56:13Z;1398;;1402
2024-11-04T15:56:14Z;1017;;1021
2024-11-04T15:56:16Z;1207;;1211
2024-11-04T15:56:17Z;1025;;1029
2024-11-04T15:56:20Z;1214;;1218
2024-11-04T15:56:21Z;1016;;1020
2024-11-04T15:56:23Z;1405;;1409
2024-11-04T15:56:24Z;1021;;1025
2024-11-04T15:56:26Z;1404;;1408
2024-11-04T15:56:27Z;1015;;1019
2024-11-04T15:56:29Z;1402;;1406
2024-11-04T15:56:30Z;1018;;1022
2024-11-04T15:56:36Z;1248;;1252
2024-11-04T15:56:37Z;1030;;1034
2024-11-04T15:56:39Z;1411;;1415
2024-11-04T15:56:41Z;1024;;1028
2024-11-04T15:56:42Z;1416;;1420
2024-11-04T15:56:43Z;1033;;1037
2024-11-04T15:56:45Z;1410;;1414
2024-11-04T15:56:46Z;1027;;1031
2024-11-04T15:57:03Z;1263;;1267
2024-11-04T15:57:08Z;1261;;1265
2024-11-04T15:57:09Z;1033;;1037
2024-11-04T15:57:11Z;1423;;1427
2024-11-04T15:57:12Z;1042;;1046
2024-11-04T15:57:14Z;1427;;1431
2024-11-04T15:57:15Z;1045;;1049
2024-11-04T15:57:17Z;1417;;1421
2024-11-04T15:57:18Z;1037;;1041
2024-11-04T15:57:24Z;1272;;1276
2024-11-04T15:57:25Z;1031;;1035
2024-11-04T15:57:27Z;1417;;1421
2024-11-04T15:57:28Z;1029;;1033
2024-11-04T15:57:30Z;1415;;1419
2024-11-04T15:57:31Z;1036;;1040
2024-11-04T15:57:33Z;1416;;1420
2024-11-04T15:57:34Z;1023;;1027
2024-11-04T15:57:40Z;1294;;1298
2024-11-04T15:57:41Z;1022;;1026
2024-11-04T15:57:43Z;1409;;1413
2024-11-04T15:57:44Z;1025;;1029
2024-11-04T15:57:46Z;1407;;1411
2024-11-04T15:57:47Z;1029;;1033
2024-11-04T15:57:49Z;1400;;1404
2024-11-04T15:57:50Z;1020;;1024
2024-11-04T15:57:56Z;1296;;1300
2024-11-04T15:57:57Z;1017;;1021
2024-11-04T15:57:59Z;1402;;1406
2024-11-04T15:58:00Z;1019;;1023
2024-11-04T15:58:02Z;1406;;1410
2024-11-04T15:58:03Z;1026;;1030
2024-11-04T15:58:05Z;1400;;1404
2024-11-04T15:58:07Z;1022;;1026
2024-11-04T15:58:21Z;1313;;1317
2024-11-04T15:58:22Z;1407;;1411
2024-11-04T15:58:28Z;1300;;1304
2024-11-04T15:58:29Z;1029;;1033
2024-11-04T15:58:31Z;1419;;1423
2024-11-04T15:58:32Z;1027;;1031
2024-11-04T15:58:34Z;1414;;1418
2024-11-04T15:58:35Z;1025;;1029
2024-11-04T15:58:37Z;1406;;1410
2024-11-04T15:58:38Z;1028;;1032
2024-11-04T15:58:44Z;1326;;1330
2024-11-04T15:58:45Z;1027;;1031
2024-11-04T15:58:47Z;1411;;1415
2024-11-04T15:58:49Z;402;;406
2024-11-04T15:58:50Z;784;;788
2024-11-04T15:58:52Z;401;;405
2024-11-04T15:58:53Z;783;;787
2024-11-04T15:58:55Z;402;;406
2024-11-04T15:59:00Z;694;;698
2024-11-04T15:59:02Z;401;;405
2024-11-04T15:59:03Z;791;;795
2024-11-04T15:59:05Z;399;;403
2024-11-04T15:59:06Z;787;;791
2024-11-04T15:59:08Z;402;;406
2024-11-04T15:59:09Z;784;;788
2024-11-04T15:59:11Z;402;;406
2024-11-04T15:59:16Z;679;;683
2024-11-04T15:59:18Z;411;;415
2024-11-04T15:59:19Z;791;;795
2024-11-04T15:59:21Z;405;;409
2024-11-04T15:59:22Z;795;;799
2024-11-04T15:59:24Z;407;;411
2024-11-04T15:59:25Z;795;;799
2024-11-04T15:59:40Z;403;;407
2024-11-04T15:59:41Z;782;;786
2024-11-04T15:59:43Z;401;;405
2024-11-04T15:59:48Z;654;;658
2024-11-04T15:59:50Z;406;;410
2024-11-04T15:59:51Z;785;;789
2024-11-04T15:59:53Z;401;;405
2024-11-04T15:59:54Z;788;;792
2024-11-04T15:59:56Z;407;;411
2024-11-04T15:59:57Z;785;;789
2024-11-04T15:59:59Z;406;;410
2024-11-04T16:00:04Z;629;;633
2024-11-04T16:00:06Z;391;;395
2024-11-04T16:00:07Z;770;;774
2024-11-04T16:00:09Z;388;;392
2024-11-04T16:00:10Z;770;;774
2024-11-04T16:00:12Z;386;;390
2024-11-04T16:00:13Z;766;;770
2024-11-04T16:00:15Z;388;;392
2024-11-04T16:00:20Z;621;;625
2024-11-04T16:00:22Z;381;;385
2024-11-04T16:00:23Z;766;;770
2024-11-04T16:00:25Z;385;;389
2024-11-04T16:00:27Z;386;;390
2024-11-04T16:00:29Z;;0;386
2024-11-04T16:00:36Z;776;;776
2024-11-04T16:00:37Z;391;;391
2024-11-04T16:00:39Z;775;;775
2024-11-04T16:00:40Z;391;;391
2024-11-04T16:00:41Z;684;;684
2024-11-04T16:00:42Z;397;;397
2024-11-04T16:00:43Z;778;;778
2024-11-04T16:00:58Z;390;;390
2024-11-04T16:00:59Z;1305;;1305
2024-11-04T16:01:01Z;1317;;1317
2024-11-04T16:01:02Z;940;;940
2024-11-04T16:01:08Z;1265;;1265
2024-11-04T16:01:09Z;930;;930
2024-11-04T16:01:11Z;1334;;1334
2024-11-04T16:01:12Z;956;;956
2024-11-04T16:01:14Z;1343;;1343
2024-11-04T16:01:15Z;962;;962
2024-11-04T16:01:17Z;1343;;1343
2024-11-04T16:01:18Z;967;;967
2024-11-04T16:01:24Z;1306;;1306
2024-11-04T16:01:25Z;969;;969
2024-11-04T16:01:27Z;1354;;1354
2024-11-04T16:01:28Z;970;;970
2024-11-04T16:01:30Z;1357;;1357
2024-11-04T16:01:31Z;974;;974
2024-11-04T16:01:33Z;1358;;1358
2024-11-04T16:01:34Z;977;;977
2024-11-04T16:01:40Z;1315;;1315
2024-11-04T16:01:41Z;973;;973
2024-11-04T16:01:43Z;1358;;1358
2024-11-04T16:01:44Z;972;;972
2024-11-04T16:01:46Z;1360;;1360
2024-11-04T16:01:47Z;977;;977
2024-11-04T16:01:49Z;1359;;1359
2024-11-04T16:01:50Z;1006;;1006
2024-11-04T16:01:56Z;1321;;1321
2024-11-04T16:01:57Z;991;;991
2024-11-04T16:01:59Z;1360;;1360
2024-11-04T16:02:00Z;973;;973
2024-11-04T16:02:02Z;1359;;1359
2024-11-04T16:02:17Z;984;;984
2024-11-04T16:02:18Z;1373;;1373
2024-11-04T16:02:19Z;986;;986
2024-11-04T16:02:21Z;1376;;1376
2024-11-04T16:02:22Z;997;;997
2024-11-04T16:02:28Z;1294;;1294
2024-11-04T16:02:29Z;991;;991
2024-11-04T16:02:31Z;1376;;1376
2024-11-04T16:02:32Z;996;;996
2024-11-04T16:02:34Z;1384;;1384
2024-11-04T16:02:35Z;994;;994
2024-11-04T16:02:37Z;1388;;1388
2024-11-04T16:02:38Z;1006;;1006
2024-11-04T16:02:44Z;1312;;1312
2024-11-04T16:02:45Z;1003;;1003
2024-11-04T16:02:47Z;1389;;1389
2024-11-04T16:02:48Z;1002;;1002
2024-11-04T16:02:50Z;1386;;1386
2024-11-04T16:02:51Z;1005;;1005
2024-11-04T16:02:53Z;1382;;1382
2024-11-04T16:02:54Z;1001;;1001
2024-11-04T16:03:00Z;1291;;1291
2024-11-04T16:03:01Z;1005;;1005
2024-11-04T16:03:03Z;1390;;1390
2024-11-04T16:03:04Z;1001;;1001
2024-11-04T16:03:06Z;1384;;1384
2024-11-04T16:03:07Z;1000;;1000
2024-11-04T16:03:09Z;1381;;1381
2024-11-04T16:03:10Z;996;;996
2024-11-04T16:03:16Z;1260;;1260
2024-11-04T16:03:17Z;1006;;1006
2024-11-04T16:03:19Z;1387;;1387
2024-11-04T16:03:20Z;1006;;1006
2024-11-04T16:03:35Z;1380;;1380
2024-11-04T16:03:36Z;1383;;1383
2024-11-04T16:03:38Z;1396;;1396
2024-11-04T16:03:39Z;1193;;1193
2024-11-04T16:03:41Z;1373;;1373
2024-11-04T16:03:42Z;995;;995
2024-11-04T16:03:46Z;1222;;1222
2024-11-04T16:03:51Z;1601;;1601
2024-11-04T16:03:52Z;1219;;1219
2024-11-04T16:03:54Z;1601;;1601
2024-11-04T16:03:55Z;1224;;1224
2024-11-04T16:03:57Z;1608;;1608
2024-11-04T16:03:59Z;1230;;1230
2024-11-04T16:04:07Z;1173;;1173
2024-11-04T16:04:08Z;1560;;1560
2024-11-04T16:04:09Z;1176;;1176
2024-11-04T16:04:11Z;1555;;1555
2024-11-04T16:04:12Z;1173;;1173
2024-11-04T16:04:13Z;1540;;1540
2024-11-04T16:04:14Z;1041;;1041
2024-11-04T16:04:16Z;1332;;1332
2024-11-04T16:04:23Z;1583;;1583
2024-11-04T16:04:25Z;1204;;1204
2024-11-04T16:04:26Z;1578;;1578
2024-11-04T16:04:27Z;1199;;1199
2024-11-04T16:04:29Z;1577;;1577
2024-11-04T16:04:30Z;1209;;1209
2024-11-04T16:04:39Z;1039;;1039
2024-11-04T16:04:54Z;1423;;1423
2024-11-04T16:04:55Z;1610;;1610
2024-11-04T16:04:57Z;1235;;1235
2024-11-04T16:04:58Z;1046;;1046
2024-11-04T16:04:59Z;1427;;1427
2024-11-04T16:05:00Z;1042;;1042
2024-11-04T16:05:01Z;1415;;1415
2024-11-04T16:05:02Z;1037;;1037
2024-11-04T16:05:08Z;1572;;1572
2024-11-04T16:05:09Z;1219;;1219
2024-11-04T16:05:11Z;1548;;1548
2024-11-04T16:05:13Z;1039;;1039
2024-11-04T16:05:14Z;1429;;1429
2024-11-04T16:05:15Z;1044;;1044
2024-11-04T16:05:17Z;1433;;1433
2024-11-04T16:05:18Z;1048;;1048
2024-11-04T16:05:24Z;1403;;1403
2024-11-04T16:05:25Z;1043;;1043
2024-11-04T16:05:27Z;1427;;1427
2024-11-04T16:05:28Z;1037;;1037
2024-11-04T16:05:30Z;1424;;1424
2024-11-04T16:05:31Z;1039;;1039
2024-11-04T16:05:33Z;1407;;1407
2024-11-04T16:05:34Z;1032;;1032
2024-11-04T16:05:40Z;1383;;1383
2024-11-04T16:05:41Z;1026;;1026
2024-11-04T16:05:43Z;1412;;1412
2024-11-04T16:05:44Z;1029;;1029
2024-11-04T16:05:46Z;1443;;1443
2024-11-04T16:05:47Z;1057;;1057
2024-11-04T16:05:49Z;1434;;1434
2024-11-04T16:05:50Z;1064;;1064
2024-11-04T16:05:56Z;1438;;1438
2024-11-04T16:05:57Z;1059;;1059
2024-11-04T16:06:12Z;1444;;1444
2024-11-04T16:06:13Z;1435;;1435
2024-11-04T16:06:15Z;1445;;1445
2024-11-04T16:06:16Z;1062;;1062
2024-11-04T16:06:18Z;1454;;1454
2024-11-04T16:06:19Z;1071;;1071
2024-11-04T16:06:21Z;1449;;1449
2024-11-04T16:06:22Z;1070;;1070
2024-11-04T16:06:28Z;1437;;1437
2024-11-04T16:06:29Z;1068;;1068
2024-11-04T16:06:31Z;1448;;1448
2024-11-04T16:06:32Z;1067;;1067
2024-11-04T16:06:34Z;1460;;1460
2024-11-04T16:06:35Z;1072;;1072
2024-11-04T16:06:37Z;1450;;1450
2024-11-04T16:06:38Z;1077;;1077
2024-11-04T16:06:44Z;1381;;1381
2024-11-04T16:06:45Z;1070;;1070
2024-11-04T16:06:47Z;1469;;1469
2024-11-04T16:06:48Z;1070;;1070
2024-11-04T16:06:50Z;1447;;1447
2024-11-04T16:06:51Z;1067;;1067
2024-11-04T16:06:53Z;1451;;1451
2024-11-04T16:06:54Z;1069;;1069
2024-11-04T16:07:00Z;1456;;1456
2024-11-04T16:07:01Z;1074;;1074
2024-11-04T16:07:03Z;1455;;1455
2024-11-04T16:07:04Z;1068;;1068
2024-11-04T16:07:06Z;1448;;1448
2024-11-04T16:07:07Z;920;;920
2024-11-04T16:07:09Z;1303;;1303
2024-11-04T16:07:10Z;1078;;1078
2024-11-04T16:07:16Z;1443;;1443
2024-11-04T16:07:32Z;1452;;1452
2024-11-04T16:07:33Z;1073;;1073
2024-11-04T16:07:35Z;1455;;1455
2024-11-04T16:07:36Z;1074;;1074
2024-11-04T16:07:38Z;1455;;1455
2024-11-04T16:07:39Z;1076;;1076
2024-11-04T16:07:41Z;1449;;1449
2024-11-04T16:07:42Z;1075;;1075
2024-11-04T16:07:48Z;1455;;1455
2024-11-04T16:07:49Z;1077;;1077
2024-11-04T16:07:51Z;1460;;1460
2024-11-04T16:07:52Z;1076;;1076
2024-11-04T16:07:54Z;1449;;1449
2024-11-04T16:07:55Z;1073;;1073
2024-11-04T16:07:57Z;1444;;1444
2024-11-04T16:07:58Z;1075;;1075
2024-11-04T16:08:04Z;1454;;1454
2024-11-04T16:08:05Z;1071;;1071
2024-11-04T16:08:07Z;1451;;1451
2024-11-04T16:08:08Z;1073;;1073
2024-11-04T16:08:10Z;1460;;1460
2024-11-04T16:08:11Z;1079;;1079
2024-11-04T16:08:13Z;1447;;1447
2024-11-04T16:08:14Z;1071;;1071
2024-11-04T16:08:20Z;1458;;1458
2024-11-04T16:08:21Z;1078;;1078
2024-11-04T16:08:23Z;1456;;1456
2024-11-04T16:08:24Z;1074;;1074
2024-11-04T16:08:26Z;1450;;1450
2024-11-04T16:08:27Z;1070;;1070
2024-11-04T16:08:29Z;1449;;1449
2024-11-04T16:08:30Z;1077;;1077
2024-11-04T16:08:49Z;1439;;1439
2024-11-04T16:08:52Z;1447;;1447
2024-11-04T16:08:53Z;1068;;1068
2024-11-04T16:08:55Z;1448;;1448
2024-11-04T16:08:56Z;1077;;1077
2024-11-04T16:08:58Z;1408;;1408
2024-11-04T16:09:03Z;3346;;3346
2024-11-04T16:09:04Z;3060;;3060
2024-11-04T16:09:06Z;3372;;3372
2024-11-04T16:09:07Z;3105;;3105
2024-11-04T16:09:13Z;3378;;3378
2024-11-04T16:09:14Z;3097;;3097
2024-11-04T16:09:16Z;3435;;3435
2024-11-04T16:09:17Z;3113;;3113
2024-11-04T16:09:19Z;3435;;3435
2024-11-04T16:09:20Z;3118;;3118
2024-11-04T16:09:22Z;3454;;3454
2024-11-04T16:09:23Z;3134;;3134
2024-11-04T16:09:29Z;3444;;3444
2024-11-04T16:09:30Z;3142;;3142
2024-11-04T16:09:32Z;3465;;3465
2024-11-04T16:09:33Z;3137;;3137
2024-11-04T16:09:35Z;3454;;3454
2024-11-04T16:09:36Z;3129;;3129
2024-11-04T16:09:38Z;3452;;3452
2024-11-04T16:09:39Z;3118;;3118
2024-11-04T16:09:45Z;3451;;3451
2024-11-04T16:09:46Z;3132;;3132
2024-11-04T16:09:48Z;3467;;3467
2024-11-04T16:09:49Z;3124;;3124
2024-11-04T16:09:51Z;3448;;3448
2024-11-04T16:09:52Z;2984;;2984
2024-11-04T16:09:54Z;3258;;3258
2024-11-04T16:10:08Z;3469;;3469
2024-11-04T16:10:10Z;3467;;3467
2024-11-04T16:10:11Z;3096;;3096
2024-11-04T16:10:17Z;3410;;3410
2024-11-04T16:10:18Z;3081;;3081
2024-11-04T16:10:20Z;3406;;3406
2024-11-04T16:10:21Z;3077;;3077
2024-11-04T16:10:23Z;3409;;3409
2024-11-04T16:10:24Z;3095;;3095
2024-11-04T16:10:26Z;3416;;3416
2024-11-04T16:10:27Z;3093;;3093
2024-11-04T16:10:33Z;3425;;3425
2024-11-04T16:10:34Z;3085;;3085
2024-11-04T16:10:36Z;3421;;3421
2024-11-04T16:10:37Z;3085;;3085
2024-11-04T16:10:39Z;3410;;3410
2024-11-04T16:10:40Z;3082;;3082
2024-11-04T16:10:42Z;3404;;3404
2024-11-04T16:10:43Z;3082;;3082
2024-11-04T16:10:49Z;3432;;3432
2024-11-04T16:10:50Z;3092;;3092
2024-11-04T16:10:52Z;3408;;3408
2024-11-04T16:10:53Z;3072;;3072
2024-11-04T16:10:55Z;3419;;3419
2024-11-04T16:10:56Z;3076;;3076
2024-11-04T16:10:58Z;3403;;3403
2024-11-04T16:10:59Z;3082;;3082
2024-11-04T16:11:05Z;3409;;3409
2024-11-04T16:11:06Z;3078;;3078
2024-11-04T16:11:08Z;3417;;3417
2024-11-04T16:11:09Z;3082;;3082
2024-11-04T16:11:11Z;3416;;3416
2024-11-04T16:11:26Z;3077;;3077
2024-11-04T16:11:27Z;2799;;2799
2024-11-04T16:11:28Z;2456;;2456
2024-11-04T16:11:31Z;2786;;2786
2024-11-04T16:11:37Z;2482;;2482
2024-11-04T16:11:43Z;2838;;2838
2024-11-04T16:11:44Z;2508;;2508
2024-11-04T16:11:46Z;2841;;2841
2024-11-04T16:11:47Z;2501;;2501
2024-11-04T16:11:49Z;2828;;2828
2024-11-04T16:11:50Z;2495;;2495
2024-11-04T16:11:58Z;2335;;2335
2024-11-04T16:12:00Z;2437;;2437
2024-11-04T16:12:21Z;2755;;2755
2024-11-04T16:13:18Z;3033;;3033
2024-11-04T16:13:47Z;3304;;3304
2024-11-04T16:14:28Z;3150;;3150
2024-11-04T16:14:39Z;3341;;3341
2024-11-04T16:14:45Z;3079;;3079
2024-11-04T16:14:47Z;3386;;3386
2024-11-04T16:14:48Z;3084;;3084
2024-11-04T16:14:59Z;3388;;3388
2024-11-04T16:15:00Z;3077;;3077
2024-11-04T16:15:01Z;3384;;3384
2024-11-04T16:15:02Z;3074;;3074
2024-11-04T16:15:04Z;3366;;3366
2024-11-04T16:15:05Z;3083;;3083
2024-11-04T16:15:22Z;3330;;3330
2024-11-04T16:15:24Z;3369;;3369
2024-11-04T16:15:33Z;;0;3369
2024-11-04T16:15:36Z;3333;;3333
2024-11-04T16:15:37Z;3080;;3080
2024-11-04T16:15:39Z;3365;;3365
2024-11-04T16:15:40Z;3078;;3078
2024-11-04T16:15:41Z;3374;;3374
2024-11-04T16:15:42Z;3066;;3066
2024-11-04T16:15:43Z;3368;;3368
2024-11-04T16:15:45Z;3071;;3071
2024-11-04T16:15:46Z;3386;;3386
2024-11-04T16:15:47Z;3075;;3075
2024-11-04T16:15:48Z;3372;;3372
2024-11-04T16:15:50Z;1075;;1075
2024-11-04T16:15:51Z;1401;;1401
2024-11-04T16:15:52Z;1069;;1069
2024-11-04T16:15:58Z;1360;;1360
2024-11-04T16:15:59Z;1091;;1091
2024-11-04T16:16:01Z;1433;;1433
2024-11-04T16:16:02Z;1092;;1092
2024-11-04T16:16:04Z;1421;;1421
2024-11-04T16:16:05Z;1086;;1086
2024-11-04T16:16:07Z;1423;;1423
2024-11-04T16:16:08Z;1092;;1092
2024-11-04T16:16:10Z;1244;;1244
2024-11-04T16:16:11Z;1108;;1108
2024-11-04T16:16:14Z;1329;;1329
2024-11-04T16:16:15Z;1085;;1085
2024-11-04T16:16:17Z;1426;;1426
2024-11-04T16:16:18Z;1091;;1091
2024-11-04T16:16:20Z;1424;;1424
2024-11-04T16:16:21Z;1090;;1090
2024-11-04T16:16:23Z;1425;;1425
2024-11-04T16:16:24Z;1090;;1090
2024-11-04T16:16:40Z;1369;;1369
2024-11-04T16:16:46Z;1357;;1357
2024-11-04T16:16:47Z;1077;;1077
2024-11-04T16:16:49Z;1413;;1413
2024-11-04T16:16:50Z;1083;;1083
2024-11-04T16:16:52Z;1416;;1416
2024-11-04T16:16:53Z;1090;;1090
2024-11-04T16:16:55Z;1417;;1417
2024-11-04T16:16:56Z;1095;;1095
2024-11-04T16:17:02Z;1354;;1354
2024-11-04T16:17:03Z;1066;;1066
2024-11-04T16:17:05Z;1402;;1402
2024-11-04T16:17:06Z;1073;;1073
2024-11-04T16:17:08Z;1400;;1400
2024-11-04T16:17:09Z;1074;;1074
2024-11-04T16:17:11Z;1397;;1397
2024-11-04T16:17:12Z;1076;;1076
2024-11-04T16:17:18Z;1391;;1391
2024-11-04T16:17:19Z;1089;;1089
2024-11-04T16:17:21Z;1420;;1420
2024-11-04T16:17:22Z;1080;;1080
2024-11-04T16:17:24Z;1416;;1416
2024-11-04T16:17:25Z;1084;;1084
2024-11-04T16:17:27Z;1419;;1419
2024-11-04T16:17:28Z;1081;;1081
2024-11-04T16:17:34Z;1384;;1384
2024-11-04T16:17:35Z;1082;;1082
2024-11-04T16:17:37Z;1426;;1426
2024-11-04T16:17:38Z;1088;;1088
2024-11-04T16:17:40Z;1424;;1424
2024-11-04T16:17:41Z;1087;;1087
2024-11-04T16:17:43Z;1414;;1414
2024-11-04T16:17:44Z;1086;;1086
2024-11-04T16:17:59Z;1410;;1410
2024-11-04T16:18:00Z;1081;;1081
2024-11-04T16:18:06Z;1413;;1413
2024-11-04T16:18:07Z;1091;;1091
2024-11-04T16:18:09Z;1431;;1431
2024-11-04T16:18:10Z;1088;;1088
2024-11-04T16:18:12Z;1428;;1428
2024-11-04T16:18:13Z;1090;;1090
2024-11-04T16:18:15Z;1423;;1423
2024-11-04T16:18:16Z;1093;;1093
2024-11-04T16:18:22Z;1422;;1422
2024-11-04T16:18:23Z;1090;;1090
2024-11-04T16:18:25Z;1433;;1433
2024-11-04T16:18:26Z;1071;;1071
2024-11-04T16:18:28Z;1414;;1414
2024-11-04T16:18:29Z;1078;;1078
2024-11-04T16:18:31Z;1409;;1409
2024-11-04T16:18:32Z;1076;;1076
2024-11-04T16:18:38Z;1420;;1420
2024-11-04T16:18:39Z;1088;;1088
2024-11-04T16:18:41Z;1420;;1420
2024-11-04T16:18:42Z;1096;;1096
2024-11-04T16:18:44Z;1420;;1420
2024-11-04T16:18:45Z;1086;;1086
2024-11-04T16:18:47Z;1416;;1416
2024-11-04T16:18:48Z;1089;;1089
2024-11-04T16:18:54Z;1399;;1399
2024-11-04T16:18:55Z;1062;;1062
2024-11-04T16:18:57Z;1393;;1393
2024-11-04T16:18:58Z;1061;;1061
2024-11-04T16:19:00Z;1400;;1400
2024-11-04T16:19:01Z;1062;;1062
2024-11-04T16:19:03Z;1386;;1386
2024-11-04T16:19:17Z;1063;;1063
2024-11-04T16:19:19Z;1398;;1398
2024-11-04T16:19:20Z;1067;;1067
2024-11-04T16:19:26Z;1400;;1400
2024-11-04T16:19:27Z;1064;;1064
2024-11-04T16:19:29Z;1405;;1405
2024-11-04T16:19:30Z;1062;;1062
2024-11-04T16:19:32Z;1402;;1402
2024-11-04T16:19:33Z;1062;;1062
2024-11-04T16:19:35Z;1399;;1399
2024-11-04T16:19:36Z;1064;;1064
2024-11-04T16:19:42Z;1410;;1410
2024-11-04T16:19:43Z;1075;;1075
2024-11-04T16:19:45Z;1416;;1416
2024-11-04T16:19:46Z;1070;;1070
2024-11-04T16:19:48Z;1404;;1404
2024-11-04T16:19:49Z;1068;;1068
2024-11-04T16:19:51Z;1390;;1390
2024-11-04T16:19:52Z;1071;;1071
2024-11-04T16:19:56Z;1387;;1387
2024-11-04T16:21:11Z;1104;;1104
2024-11-04T16:21:13Z;1516;;1516
2024-11-04T16:21:14Z;1128;;1128
2024-11-04T16:21:15Z;1455;;1455
2024-11-04T16:21:16Z;1512;;1512
2024-11-04T16:21:21Z;1808;;1808
2024-11-04T16:22:53Z;3863;;3863
2024-11-04T16:23:13Z;3129;;3129
2024-11-04T16:25:18Z;3820;;3820
2024-11-04T16:25:33Z;3903;;3903
2024-11-04T16:25:34Z;3856;;3856
2024-11-04T16:25:50Z;1920;;1920
2024-11-04T16:28:46Z;2742;;2742
2024-11-04T16:29:29Z;2215;;2215
2024-11-04T16:29:45Z;4229;;4229
2024-11-04T16:29:50Z;4501;;4501
2024-11-04T16:29:52Z;4429;;4429
2024-11-04T16:29:53Z;4518;;4518
2024-11-04T16:29:55Z;4470;;4470
2024-11-04T16:30:01Z;4535;;4535
2024-11-04T16:30:08Z;4399;;4399
2024-11-04T16:30:11Z;4574;;4574
2024-11-04T16:30:19Z;4393;;4393
2024-11-04T16:30:22Z;4572;;4572
2024-11-04T16:30:24Z;4482;;4482
2024-11-04T16:30:27Z;4393;;4393
2024-11-04T16:30:29Z;;0;4393
2024-11-04T16:30:34Z;4529;;4529
2024-11-04T16:30:35Z;4469;;4469
2024-11-04T16:30:36Z;4524;;4524
2024-11-04T16:30:45Z;4805;;4805
2024-11-04T16:31:27Z;6089;;6089
2024-11-04T16:31:28Z;5255;;5255
2024-11-04T16:31:30Z;5430;;5430
2024-11-04T16:31:49Z;3619;;3619
2024-11-04T16:35:02Z;3937;;3937
2024-11-04T16:35:03Z;3884;;3884
2024-11-04T16:35:06Z;3951;;3951
2024-11-04T16:35:07Z;3834;;3834
2024-11-04T16:35:09Z;3906;;3906
2024-11-04T16:35:12Z;4903;;4903
2024-11-04T16:35:14Z;3993;;3993
2024-11-04T16:35:27Z;3899;;3899
2024-11-04T16:35:29Z;3948;;3948
2024-11-04T16:35:44Z;3875;;3875
2024-11-04T16:35:45Z;3955;;3955
2024-11-04T16:35:52Z;3866;;3866
2024-11-04T16:35:53Z;3924;;3924
2024-11-04T16:36:00Z;3877;;3877
2024-11-04T16:36:01Z;3938;;3938
2024-11-04T16:36:03Z;3875;;3875
2024-11-04T16:36:18Z;3936;;3936
2024-11-04T16:36:48Z;5912;;5912
2024-11-04T16:38:55Z;4225;;4225
2024-11-04T16:42:00Z;4229;;4229
2024-11-04T16:42:02Z;4149;;4149
2024-11-04T16:42:03Z;4211;;4211
2024-11-04T16:42:28Z;3975;;3975
2024-11-04T16:42:29Z;3899;;3899
2024-11-04T16:42:30Z;5817;;5817
2024-11-04T16:44:19Z;6159;;6159
2024-11-04T16:45:00Z;5511;;5511
2024-11-04T16:45:12Z;5708;;5708
2024-11-04T16:45:27Z;5643;;5643
2024-11-04T16:45:28Z;5685;;5685
2024-11-04T16:45:33Z;;0;5685
2024-11-04T16:47:24Z;3744;;3744
2024-11-04T16:47:28Z;1085;;1085
2024-11-04T16:48:07Z;898;;898
2024-11-04T16:53:25Z;2920;;2920
2024-11-04T16:55:20Z;892;;892
2024-11-04T16:59:14Z;2667;;2667
2024-11-04T16:59:15Z;2965;;2965
2024-11-04T17:00:24Z;2896;;2896
2024-11-04T17:00:29Z;;0;2896
2024-11-04T17:00:38Z;2603;;2603
2024-11-04T17:01:31Z;2797;;2797
2024-11-04T17:01:36Z;2461;;2461
2024-11-04T17:01:37Z;2809;;2809
2024-11-04T17:01:43Z;2459;;2459
2024-11-04T17:01:45Z;2794;;2794
2024-11-04T17:01:46Z;2473;;2473
2024-11-04T17:01:48Z;2780;;2780
2024-11-04T17:01:49Z;2622;;2622
2024-11-04T17:01:51Z;2798;;2798
2024-11-04T17:01:53Z;2471;;2471
2024-11-04T17:01:55Z;2810;;2810
2024-11-04T17:01:56Z;2469;;2469
2024-11-04T17:01:58Z;2814;;2814
2024-11-04T17:01:59Z;2460;;2460
2024-11-04T17:02:01Z;2808;;2808
2024-11-04T17:02:02Z;2476;;2476
2024-11-04T17:02:04Z;2810;;2810
2024-11-04T17:02:05Z;2637;;2637
2024-11-04T17:02:07Z;2796;;2796
2024-11-04T17:02:09Z;2467;;2467
2024-11-04T17:02:11Z;2806;;2806
2024-11-04T17:02:12Z;2464;;2464
2024-11-04T17:02:28Z;2794;;2794
2024-11-04T17:02:30Z;2809;;2809
2024-11-04T17:02:31Z;2469;;2469
2024-11-04T17:02:33Z;2810;;2810
2024-11-04T17:02:34Z;2468;;2468
2024-11-04T17:02:36Z;2818;;2818
2024-11-04T17:02:37Z;2681;;2681
2024-11-04T17:02:39Z;2819;;2819
2024-11-04T17:02:41Z;2472;;2472
2024-11-04T17:02:43Z;2813;;2813
2024-11-04T17:02:44Z;2473;;2473
2024-11-04T17:02:46Z;2807;;2807
2024-11-04T17:02:47Z;2480;;2480
2024-11-04T17:02:49Z;2816;;2816
2024-11-04T17:02:50Z;2465;;2465
2024-11-04T17:02:52Z;2818;;2818
2024-11-04T17:02:53Z;2673;;2673
2024-11-04T17:02:55Z;2808;;2808
2024-11-04T17:02:57Z;2474;;2474
2024-11-04T17:02:59Z;2826;;2826
2024-11-04T17:03:00Z;2479;;2479
2024-11-04T17:03:02Z;2754;;2754
2024-11-04T17:03:03Z;2433;;2433
2024-11-04T17:03:05Z;2807;;2807
2024-11-04T17:03:06Z;2467;;2467
2024-11-04T17:03:08Z;2815;;2815
2024-11-04T17:03:09Z;2654;;2654
2024-11-04T17:03:11Z;2814;;2814
2024-11-04T17:03:13Z;2471;;2471
2024-11-04T17:03:15Z;2819;;2819
2024-11-04T17:03:16Z;2481;;2481
2024-11-04T17:03:18Z;2852;;2852
2024-11-04T17:03:19Z;2499;;2499
2024-11-04T17:03:21Z;2854;;2854
2024-11-04T17:03:22Z;2511;;2511
2024-11-04T17:03:24Z;2853;;2853
2024-11-04T17:03:25Z;2655;;2655
2024-11-04T17:03:27Z;2860;;2860
2024-11-04T17:03:29Z;2489;;2489
2024-11-04T17:03:31Z;2867;;2867
2024-11-04T17:03:46Z;2520;;2520
2024-11-04T17:03:47Z;2879;;2879
2024-11-04T17:03:48Z;2526;;2526
2024-11-04T17:03:50Z;2873;;2873
2024-11-04T17:03:51Z;2501;;2501
2024-11-04T17:03:53Z;860;;860
2024-11-04T17:03:54Z;463;;463
2024-11-04T17:03:56Z;854;;854
2024-11-04T17:03:58Z;461;;461
2024-11-04T17:04:00Z;850;;850
2024-11-04T17:04:01Z;462;;462
2024-11-04T17:04:02Z;675;;675
2024-11-04T17:04:04Z;464;;464
2024-11-04T17:04:06Z;858;;858
2024-11-04T17:04:08Z;463;;463
2024-11-04T17:04:09Z;850;;850
2024-11-04T17:04:11Z;461;;461
2024-11-04T17:04:12Z;857;;857
2024-11-04T17:04:14Z;465;;465
2024-11-04T17:04:16Z;855;;855
2024-11-04T17:04:17Z;459;;459
2024-11-04T17:04:19Z;681;;681
2024-11-04T17:04:20Z;462;;462
2024-11-04T17:04:22Z;859;;859
2024-11-04T17:04:23Z;467;;467
2024-11-04T17:04:25Z;867;;867
2024-11-04T17:04:27Z;468;;468
2024-11-04T17:04:28Z;859;;859
2024-11-04T17:04:30Z;460;;460
2024-11-04T17:04:32Z;851;;851
2024-11-04T17:04:33Z;437;;437
2024-11-04T17:04:35Z;618;;618
2024-11-04T17:04:36Z;450;;450
2024-11-04T17:04:38Z;850;;850
2024-11-04T17:04:40Z;455;;455
2024-11-04T17:04:41Z;851;;851
2024-11-04T17:04:43Z;457;;457
2024-11-04T17:04:44Z;846;;846
2024-11-04T17:04:46Z;451;;451
2024-11-04T17:04:48Z;839;;839
2024-11-04T17:04:49Z;449;;449
2024-11-04T17:04:51Z;614;;614
2024-11-04T17:05:05Z;452;;452
2024-11-04T17:05:07Z;642;;642
2024-11-04T17:05:08Z;456;;456
2024-11-04T17:05:10Z;846;;846
2024-11-04T17:05:12Z;450;;450
2024-11-04T17:05:13Z;849;;849
2024-11-04T17:05:14Z;456;;456
2024-11-04T17:05:16Z;290;;290
2024-11-04T17:05:17Z;690;;690
2024-11-04T17:05:18Z;497;;497
2024-11-04T17:05:19Z;846;;846
2024-11-04T17:05:21Z;448;;448
2024-11-04T17:05:22Z;630;;630
2024-11-04T17:05:24Z;452;;452
2024-11-04T17:05:26Z;686;;686
2024-11-04T17:05:27Z;290;;290
2024-11-04T17:05:29Z;882;;882
2024-11-04T17:05:30Z;461;;461
2024-11-04T17:05:32Z;851;;851
2024-11-04T17:05:34Z;448;;448
2024-11-04T17:05:35Z;840;;840
2024-11-04T17:05:37Z;442;;442
2024-11-04T17:05:39Z;838;;838
2024-11-04T17:05:41Z;444;;444
2024-11-04T17:05:42Z;850;;850
2024-11-04T17:05:44Z;452;;452
2024-11-04T17:05:45Z;853;;853
2024-11-04T17:05:46Z;464;;464
2024-11-04T17:05:48Z;849;;849
2024-11-04T17:05:50Z;456;;456
2024-11-04T17:05:51Z;853;;853
2024-11-04T17:05:53Z;467;;467
2024-11-04T17:05:55Z;628;;628
2024-11-04T17:05:56Z;462;;462
2024-11-04T17:05:58Z;858;;858
2024-11-04T17:06:00Z;465;;465
2024-11-04T17:06:01Z;857;;857
2024-11-04T17:06:02Z;465;;465
2024-11-04T17:06:04Z;853;;853
2024-11-04T17:06:06Z;463;;463
2024-11-04T17:06:07Z;847;;847
2024-11-04T17:06:09Z;463;;463
2024-11-04T17:06:23Z;861;;861
2024-11-04T17:06:25Z;468;;468
2024-11-04T17:06:27Z;628;;628
2024-11-04T17:06:28Z;465;;465
2024-11-04T17:06:30Z;857;;857
2024-11-04T17:06:31Z;466;;466
2024-11-04T17:06:33Z;855;;855
2024-11-04T17:06:35Z;465;;465
2024-11-04T17:06:36Z;845;;845
2024-11-04T17:06:38Z;457;;457
2024-11-04T17:06:40Z;842;;842
2024-11-04T17:06:41Z;454;;454
2024-11-04T17:06:43Z;854;;854
2024-11-04T17:06:44Z;458;;458
2024-11-04T17:06:46Z;843;;843
2024-11-04T17:06:47Z;451;;451
2024-11-04T17:06:49Z;842;;842
2024-11-04T17:06:50Z;454;;454
2024-11-04T17:06:52Z;847;;847
2024-11-04T17:06:54Z;447;;447
2024-11-04T17:06:55Z;837;;837
2024-11-04T17:06:57Z;449;;449
2024-11-04T17:06:59Z;843;;843
2024-11-04T17:07:00Z;448;;448
2024-11-04T17:07:02Z;842;;842
2024-11-04T17:07:03Z;449;;449
2024-11-04T17:07:05Z;841;;841
2024-11-04T17:07:06Z;451;;451
2024-11-04T17:07:08Z;841;;841
2024-11-04T17:07:10Z;445;;445
2024-11-04T17:07:12Z;833;;833
2024-11-04T17:07:13Z;447;;447
2024-11-04T17:07:15Z;846;;846
2024-11-04T17:07:17Z;452;;452
2024-11-04T17:07:18Z;843;;843
2024-11-04T17:07:19Z;448;;448
2024-11-04T17:07:21Z;839;;839
2024-11-04T17:07:22Z;452;;452
2024-11-04T17:07:24Z;837;;837
2024-11-04T17:07:26Z;444;;444
2024-11-04T17:07:27Z;832;;832
2024-11-04T17:07:42Z;443;;443
2024-11-04T17:07:43Z;833;;833
2024-11-04T17:07:45Z;445;;445
2024-11-04T17:07:47Z;831;;831
2024-11-04T17:07:48Z;443;;443
2024-11-04T17:07:50Z;827;;827
2024-11-04T17:07:51Z;431;;431
2024-11-04T17:07:53Z;843;;843
2024-11-04T17:07:54Z;447;;447
2024-11-04T17:07:56Z;830;;830
2024-11-04T17:07:58Z;440;;440
2024-11-04T17:07:59Z;835;;835
2024-11-04T17:08:01Z;441;;441
2024-11-04T17:08:03Z;835;;835
2024-11-04T17:08:04Z;441;;441
2024-11-04T17:08:06Z;841;;841
2024-11-04T17:08:07Z;447;;447
2024-11-04T17:08:09Z;844;;844
2024-11-04T17:08:10Z;450;;450
2024-11-04T17:08:12Z;835;;835
2024-11-04T17:08:14Z;439;;439
2024-11-04T17:08:15Z;829;;829
2024-11-04T17:08:17Z;439;;439
2024-11-04T17:08:19Z;838;;838
2024-11-04T17:08:21Z;443;;443
2024-11-04T17:08:22Z;844;;844
2024-11-04T17:08:24Z;443;;443
2024-11-04T17:08:25Z;839;;839
2024-11-04T17:08:26Z;445;;445
2024-11-04T17:08:28Z;838;;838
2024-11-04T17:08:30Z;452;;452
2024-11-04T17:08:31Z;838;;838
2024-11-04T17:08:33Z;447;;447
2024-11-04T17:08:35Z;835;;835
2024-11-04T17:08:37Z;438;;438
2024-11-04T17:08:38Z;833;;833
2024-11-04T17:08:39Z;435;;435
2024-11-04T17:08:41Z;836;;836
2024-11-04T17:08:43Z;446;;446
2024-11-04T17:08:44Z;835;;835
2024-11-04T17:08:46Z;446;;446
2024-11-04T17:09:01Z;2856;;2856
2024-11-04T17:09:02Z;2501;;2501
2024-11-04T17:09:03Z;2845;;2845
2024-11-04T17:09:05Z;2501;;2501
2024-11-04T17:09:07Z;2858;;2858
2024-11-04T17:09:08Z;2498;;2498
2024-11-04T17:09:10Z;2863;;2863
2024-11-04T17:09:11Z;2502;;2502
2024-11-04T17:09:13Z;2860;;2860
2024-11-04T17:09:14Z;2501;;2501
2024-11-04T17:09:22Z;2848;;2848
2024-11-04T17:09:23Z;2498;;2498
2024-11-04T17:09:24Z;2853;;2853
2024-11-04T17:09:25Z;2491;;2491
2024-11-04T17:09:26Z;2847;;2847
2024-11-04T17:09:27Z;2492;;2492
2024-11-04T17:09:29Z;2852;;2852
2024-11-04T17:09:30Z;2485;;2485
2024-11-04T17:09:31Z;2859;;2859
2024-11-04T17:09:32Z;2500;;2500
2024-11-04T17:09:33Z;2849;;2849
2024-11-04T17:09:35Z;2484;;2484
2024-11-04T17:09:36Z;2842;;2842
2024-11-04T17:09:37Z;2481;;2481
2024-11-04T17:09:39Z;2844;;2844
2024-11-04T17:09:40Z;2483;;2483
2024-11-04T17:09:42Z;2844;;2844
2024-11-04T17:09:43Z;2477;;2477
2024-11-04T17:09:45Z;2830;;2830
2024-11-04T17:09:46Z;2473;;2473
2024-11-04T17:09:48Z;2839;;2839
2024-11-04T17:09:50Z;2475;;2475
2024-11-04T17:09:51Z;2846;;2846
2024-11-04T17:09:53Z;2484;;2484
2024-11-04T17:09:55Z;2844;;2844
2024-11-04T17:09:56Z;2447;;2447
2024-11-04T17:09:58Z;2814;;2814
2024-11-04T17:09:59Z;2467;;2467
2024-11-04T17:10:01Z;2818;;2818
2024-11-04T17:10:02Z;2467;;2467
2024-11-04T17:10:04Z;2836;;2836
2024-11-04T17:10:19Z;2480;;2480
2024-11-04T17:10:24Z;2854;;2854
2024-11-04T17:10:25Z;2838;;2838
2024-11-04T17:10:27Z;2474;;2474
2024-11-04T17:10:28Z;2840;;2840
2024-11-04T17:10:29Z;2483;;2483
2024-11-04T17:10:30Z;2838;;2838
2024-11-04T17:10:31Z;2465;;2465
2024-11-04T17:10:33Z;2841;;2841
2024-11-04T17:10:34Z;2472;;2472
2024-11-04T17:10:35Z;2831;;2831
2024-11-04T17:10:36Z;2473;;2473
2024-11-04T17:10:37Z;2840;;2840
2024-11-04T17:10:39Z;2480;;2480
2024-11-04T17:10:40Z;2845;;2845
2024-11-04T17:10:41Z;2481;;2481
2024-11-04T17:10:43Z;2847;;2847
2024-11-04T17:10:44Z;2480;;2480
2024-11-04T17:10:46Z;2848;;2848
2024-11-04T17:10:47Z;2482;;2482
2024-11-04T17:10:49Z;2842;;2842
2024-11-04T17:10:50Z;2480;;2480
2024-11-04T17:10:52Z;452;;452
2024-11-04T17:10:53Z;852;;852
2024-11-04T17:10:54Z;456;;456
2024-11-04T17:10:55Z;850;;850
2024-11-04T17:10:57Z;453;;453
2024-11-04T17:10:59Z;838;;838
2024-11-04T17:11:00Z;442;;442
2024-11-04T17:11:02Z;834;;834
2024-11-04T17:11:03Z;441;;441
2024-11-04T17:11:05Z;837;;837
2024-11-04T17:11:06Z;449;;449
2024-11-04T17:11:08Z;837;;837
2024-11-04T17:11:10Z;446;;446
2024-11-04T17:11:11Z;830;;830
2024-11-04T17:11:13Z;438;;438
2024-11-04T17:11:15Z;834;;834
2024-11-04T17:11:17Z;444;;444
2024-11-04T17:11:18Z;841;;841
2024-11-04T17:11:20Z;442;;442
2024-11-04T17:11:21Z;835;;835
2024-11-04T17:11:22Z;449;;449
2024-11-04T17:11:37Z;835;;835
2024-11-04T17:11:38Z;833;;833
2024-11-04T17:11:40Z;842;;842
2024-11-04T17:11:42Z;446;;446
2024-11-04T17:11:43Z;832;;832
2024-11-04T17:11:45Z;440;;440
2024-11-04T17:11:47Z;834;;834
2024-11-04T17:11:48Z;440;;440
2024-11-04T17:11:50Z;834;;834
2024-11-04T17:11:51Z;441;;441
2024-11-04T17:11:53Z;832;;832
2024-11-04T17:11:54Z;445;;445
2024-11-04T17:11:56Z;833;;833
2024-11-04T17:11:58Z;440;;440
2024-11-04T17:11:59Z;834;;834
2024-11-04T17:12:01Z;443;;443
2024-11-04T17:12:03Z;838;;838
2024-11-04T17:12:05Z;439;;439
2024-11-04T17:12:06Z;840;;840
2024-11-04T17:12:07Z;444;;444
2024-11-04T17:12:09Z;838;;838
2024-11-04T17:12:10Z;449;;449
2024-11-04T17:12:12Z;847;;847
2024-11-04T17:12:14Z;448;;448
2024-11-04T17:12:15Z;834;;834
2024-11-04T17:12:17Z;447;;447
2024-11-04T17:12:19Z;838;;838
2024-11-04T17:12:20Z;448;;448
2024-11-04T17:12:22Z;846;;846
2024-11-04T17:12:24Z;459;;459
2024-11-04T17:12:25Z;849;;849
2024-11-04T17:12:26Z;459;;459
2024-11-04T17:12:28Z;844;;844
2024-11-04T17:12:30Z;463;;463
2024-11-04T17:12:32Z;851;;851
2024-11-04T17:12:33Z;456;;456
2024-11-04T17:12:35Z;849;;849
2024-11-04T17:12:36Z;458;;458
2024-11-04T17:12:38Z;848;;848
2024-11-04T17:12:39Z;457;;457
2024-11-04T17:12:41Z;850;;850
2024-11-04T17:12:56Z;464;;464
2024-11-04T17:12:57Z;849;;849
2024-11-04T17:12:59Z;463;;463
2024-11-04T17:13:00Z;849;;849
2024-11-04T17:13:02Z;460;;460
2024-11-04T17:13:03Z;849;;849
2024-11-04T17:13:05Z;459;;459
2024-11-04T17:13:07Z;853;;853
2024-11-04T17:13:09Z;459;;459
2024-11-04T17:13:10Z;846;;846
2024-11-04T17:13:11Z;440;;440
2024-11-04T17:13:13Z;837;;837
2024-11-04T17:13:14Z;450;;450
2024-11-04T17:13:16Z;830;;830
2024-11-04T17:13:18Z;438;;438
2024-11-04T17:13:19Z;824;;824
2024-11-04T17:13:21Z;442;;442
2024-11-04T17:13:23Z;833;;833
2024-11-04T17:13:24Z;443;;443
2024-11-04T17:13:26Z;833;;833
2024-11-04T17:13:27Z;439;;439
2024-11-04T17:13:29Z;831;;831
2024-11-04T17:13:30Z;449;;449
2024-11-04T17:13:32Z;834;;834
2024-11-04T17:13:34Z;439;;439
2024-11-04T17:13:35Z;822;;822
2024-11-04T17:13:37Z;437;;437
2024-11-04T17:13:39Z;832;;832
2024-11-04T17:13:40Z;440;;440
2024-11-04T17:13:42Z;828;;828
2024-11-04T17:13:43Z;438;;438
2024-11-04T17:13:45Z;827;;827
2024-11-04T17:13:46Z;445;;445
2024-11-04T17:13:48Z;823;;823
2024-11-04T17:13:50Z;439;;439
2024-11-04T17:13:51Z;821;;821
2024-11-04T17:13:53Z;445;;445
2024-11-04T17:13:55Z;839;;839
2024-11-04T17:13:56Z;448;;448
2024-11-04T17:13:58Z;837;;837
2024-11-04T17:13:59Z;440;;440
2024-11-04T17:14:14Z;826;;826
2024-11-04T17:14:15Z;840;;840
2024-11-04T17:14:16Z;445;;445
2024-11-04T17:14:17Z;840;;840
2024-11-04T17:14:19Z;454;;454
2024-11-04T17:14:20Z;828;;828
2024-11-04T17:14:22Z;444;;444
2024-11-04T17:14:23Z;825;;825
2024-11-04T17:14:25Z;445;;445
2024-11-04T17:14:27Z;838;;838
2024-11-04T17:14:28Z;444;;444
2024-11-04T17:14:30Z;834;;834
2024-11-04T17:14:31Z;444;;444
2024-11-04T17:14:33Z;837;;837
2024-11-04T17:14:34Z;456;;456
2024-11-04T17:14:36Z;833;;833
2024-11-04T17:14:38Z;438;;438
2024-11-04T17:14:39Z;821;;821
2024-11-04T17:14:41Z;442;;442
2024-11-04T17:14:43Z;834;;834
2024-11-04T17:14:44Z;441;;441
2024-11-04T17:14:46Z;836;;836
2024-11-04T17:14:47Z;446;;446
2024-11-04T17:14:49Z;843;;843
2024-11-04T17:14:51Z;460;;460
2024-11-04T17:14:52Z;829;;829
2024-11-04T17:14:54Z;448;;448
2024-11-04T17:14:55Z;824;;824
2024-11-04T17:14:57Z;435;;435
2024-11-04T17:14:59Z;836;;836
2024-11-04T17:15:00Z;441;;441
2024-11-04T17:15:02Z;840;;840
2024-11-04T17:15:03Z;443;;443
2024-11-04T17:15:05Z;840;;840
2024-11-04T17:15:06Z;452;;452
2024-11-04T17:15:08Z;836;;836
2024-11-04T17:15:10Z;444;;444
2024-11-04T17:15:11Z;2846;;2846
2024-11-04T17:15:13Z;2489;;2489
2024-11-04T17:15:15Z;2855;;2855
2024-11-04T17:15:16Z;2498;;2498
2024-11-04T17:15:18Z;2849;;2849
2024-11-04T17:15:33Z;;0;2849
2024-11-04T17:15:34Z;2492;;2492
2024-11-04T17:15:35Z;2850;;2850
2024-11-04T17:15:36Z;2507;;2507
2024-11-04T17:15:38Z;2860;;2860
2024-11-04T17:15:39Z;2505;;2505
2024-11-04T17:15:40Z;2836;;2836
2024-11-04T17:15:41Z;2486;;2486
2024-11-04T17:15:42Z;2848;;2848
2024-11-04T17:15:44Z;2508;;2508
2024-11-04T17:15:45Z;2850;;2850
2024-11-04T17:15:46Z;2482;;2482
2024-11-04T17:15:47Z;2832;;2832
2024-11-04T17:15:48Z;2482;;2482
2024-11-04T17:15:50Z;2855;;2855
2024-11-04T17:15:51Z;2445;;2445
2024-11-04T17:15:52Z;2855;;2855
2024-11-04T17:15:53Z;2475;;2475
2024-11-04T17:15:54Z;2843;;2843
2024-11-04T17:15:56Z;2505;;2505
2024-11-04T17:15:57Z;2852;;2852
2024-11-04T17:15:58Z;2515;;2515
2024-11-04T17:15:59Z;2847;;2847
2024-11-04T17:16:01Z;2495;;2495
2024-11-04T17:16:03Z;2860;;2860
2024-11-04T17:16:04Z;2493;;2493
2024-11-04T17:16:06Z;2848;;2848
2024-11-04T17:16:07Z;2475;;2475
2024-11-04T17:16:09Z;2842;;2842
2024-11-04T17:16:10Z;2495;;2495
2024-11-04T17:16:12Z;2845;;2845
2024-11-04T17:16:14Z;2474;;2474
2024-11-04T17:16:15Z;2813;;2813
2024-11-04T17:16:17Z;2477;;2477
2024-11-04T17:16:19Z;2848;;2848
2024-11-04T17:16:20Z;2480;;2480
2024-11-04T17:16:22Z;2850;;2850
2024-11-04T17:16:23Z;2488;;2488
2024-11-04T17:16:25Z;2852;;2852
2024-11-04T17:16:26Z;2507;;2507
2024-11-04T17:16:28Z;2843;;2843
2024-11-04T17:16:30Z;2496;;2496
2024-11-04T17:16:31Z;2824;;2824
2024-11-04T17:16:33Z;2483;;2483
2024-11-04T17:16:35Z;2846;;2846
2024-11-04T17:16:36Z;2490;;2490
2024-11-04T17:16:51Z;2860;;2860
2024-11-04T17:16:52Z;2857;;2857
2024-11-04T17:16:54Z;2869;;2869
2024-11-04T17:16:55Z;2485;;2485
2024-11-04T17:16:57Z;2825;;2825
2024-11-04T17:16:58Z;2510;;2510
2024-11-04T17:17:00Z;2835;;2835
2024-11-04T17:17:02Z;2459;;2459
2024-11-04T17:17:03Z;2770;;2770
2024-11-04T17:17:05Z;2467;;2467
2024-11-04T17:17:07Z;2835;;2835
2024-11-04T17:17:08Z;441;;441
2024-11-04T17:17:10Z;842;;842
2024-11-04T17:17:11Z;443;;443
2024-11-04T17:17:13Z;845;;845
2024-11-04T17:17:15Z;519;;519
2024-11-04T17:17:16Z;843;;843
2024-11-04T17:17:18Z;447;;447
2024-11-04T17:17:19Z;761;;761
2024-11-04T17:17:21Z;443;;443
2024-11-04T17:17:23Z;841;;841
2024-11-04T17:17:24Z;449;;449
2024-11-04T17:17:26Z;851;;851
2024-11-04T17:17:28Z;452;;452
2024-11-04T17:17:29Z;845;;845
2024-11-04T17:17:30Z;533;;533
2024-11-04T17:17:32Z;833;;833
2024-11-04T17:17:34Z;442;;442
2024-11-04T17:17:35Z;740;;740
2024-11-04T17:17:37Z;439;;439
2024-11-04T17:17:39Z;830;;830
2024-11-04T17:17:40Z;438;;438
2024-11-04T17:17:42Z;833;;833
2024-11-04T17:17:43Z;436;;436
2024-11-04T17:17:45Z;828;;828
2024-11-04T17:17:46Z;535;;535
2024-11-04T17:17:48Z;830;;830
2024-11-04T17:17:50Z;443;;443
2024-11-04T17:17:51Z;726;;726
2024-11-04T17:17:53Z;449;;449
2024-11-04T17:17:55Z;846;;846
2024-11-04T17:18:10Z;452;;452
2024-11-04T17:18:12Z;510;;510
2024-11-04T17:18:13Z;906;;906
2024-11-04T17:18:14Z;512;;512
2024-11-04T17:18:15Z;906;;906
2024-11-04T17:18:16Z;528;;528
2024-11-04T17:18:18Z;919;;919
2024-11-04T17:18:19Z;647;;647
2024-11-04T17:18:20Z;519;;519
2024-11-04T17:18:21Z;913;;913
2024-11-04T17:18:22Z;519;;519
2024-11-04T17:18:24Z;782;;782
2024-11-04T17:18:25Z;915;;915
2024-11-04T17:18:26Z;520;;520
2024-11-04T17:18:27Z;914;;914
2024-11-04T17:18:28Z;517;;517
2024-11-04T17:18:30Z;912;;912
2024-11-04T17:18:31Z;522;;522
2024-11-04T17:18:33Z;922;;922
2024-11-04T17:18:34Z;690;;690
2024-11-04T17:18:36Z;521;;521
2024-11-04T17:18:37Z;908;;908
2024-11-04T17:18:38Z;516;;516
2024-11-04T17:18:39Z;739;;739
2024-11-04T17:18:41Z;918;;918
2024-11-04T17:18:42Z;520;;520
2024-11-04T17:18:43Z;915;;915
2024-11-04T17:18:44Z;511;;511
2024-11-04T17:18:46Z;913;;913
2024-11-04T17:18:47Z;522;;522
2024-11-04T17:18:49Z;911;;911
2024-11-04T17:18:50Z;714;;714
2024-11-04T17:18:52Z;523;;523
2024-11-04T17:18:53Z;900;;900
2024-11-04T17:18:54Z;506;;506
2024-11-04T17:18:55Z;692;;692
2024-11-04T17:18:57Z;500;;500
2024-11-04T17:19:05Z;879;;879
2024-11-04T17:19:06Z;497;;497
2024-11-04T17:19:07Z;903;;903
2024-11-04T17:19:08Z;525;;525
2024-11-04T17:19:09Z;906;;906
2024-11-04T17:19:10Z;740;;740
2024-11-04T17:19:11Z;515;;515
2024-11-04T17:19:13Z;903;;903
2024-11-04T17:19:14Z;1808;;1808
2024-11-04T17:19:29Z;2890;;2890
2024-11-04T17:19:31Z;2901;;2901
2024-11-04T17:19:32Z;2541;;2541
2024-11-04T17:19:34Z;2905;;2905
2024-11-04T17:19:35Z;2549;;2549
2024-11-04T17:19:37Z;2939;;2939
2024-11-04T17:19:39Z;2569;;2569
2024-11-04T17:19:40Z;2936;;2936
2024-11-04T17:19:42Z;2574;;2574
2024-11-04T17:19:44Z;2938;;2938
2024-11-04T17:19:45Z;2551;;2551
2024-11-04T17:19:47Z;2923;;2923
2024-11-04T17:19:48Z;2549;;2549
2024-11-04T17:19:50Z;502;;502
2024-11-04T17:19:51Z;904;;904
2024-11-04T17:19:52Z;507;;507
2024-11-04T17:19:53Z;892;;892
2024-11-04T17:19:55Z;498;;498
2024-11-04T17:19:56Z;890;;890
2024-11-04T17:19:58Z;506;;506
2024-11-04T17:20:00Z;902;;902
2024-11-04T17:20:02Z;505;;505
2024-11-04T17:20:03Z;886;;886
2024-11-04T17:20:04Z;494;;494
2024-11-04T17:20:06Z;894;;894
2024-11-04T17:20:07Z;508;;508
2024-11-04T17:20:09Z;887;;887
2024-11-04T17:20:11Z;496;;496
2024-11-04T17:20:12Z;885;;885
2024-11-04T17:20:14Z;505;;505
2024-11-04T17:20:16Z;885;;885
2024-11-04T17:20:17Z;506;;506
2024-11-04T17:20:19Z;894;;894
2024-11-04T17:20:20Z;503;;503
2024-11-04T17:20:22Z;896;;896
2024-11-04T17:20:23Z;510;;510
2024-11-04T17:20:25Z;882;;882
2024-11-04T17:20:27Z;510;;510
2024-11-04T17:20:28Z;899;;899
2024-11-04T17:20:30Z;509;;509
2024-11-04T17:20:32Z;896;;896
2024-11-04T17:20:47Z;505;;505
2024-11-04T17:20:48Z;894;;894
2024-11-04T17:20:49Z;501;;501
2024-11-04T17:20:51Z;897;;897
2024-11-04T17:20:52Z;505;;505
2024-11-04T17:20:54Z;901;;901
2024-11-04T17:20:56Z;513;;513
2024-11-04T17:20:57Z;892;;892
2024-11-04T17:20:59Z;498;;498
2024-11-04T17:21:01Z;882;;882
2024-11-04T17:21:02Z;505;;505
2024-11-04T17:21:04Z;890;;890
2024-11-04T17:21:06Z;502;;502
2024-11-04T17:21:07Z;882;;882
2024-11-04T17:21:09Z;494;;494
2024-11-04T17:21:10Z;875;;875
2024-11-04T17:21:11Z;502;;502
2024-11-04T17:21:13Z;888;;888
2024-11-04T17:21:15Z;498;;498
2024-11-04T17:21:16Z;882;;882
2024-11-04T17:21:18Z;501;;501
2024-11-04T17:21:20Z;892;;892
2024-11-04T17:21:21Z;499;;499
2024-11-04T17:21:23Z;888;;888
2024-11-04T17:21:24Z;500;;500
2024-11-04T17:21:26Z;887;;887
2024-11-04T17:21:28Z;504;;504
2024-11-04T17:21:29Z;885;;885
2024-11-04T17:21:31Z;497;;497
2024-11-04T17:21:32Z;878;;878
2024-11-04T17:21:34Z;497;;497
2024-11-04T17:21:36Z;882;;882
2024-11-04T17:21:38Z;493;;493
2024-11-04T17:21:39Z;885;;885
2024-11-04T17:21:40Z;497;;497
2024-11-04T17:21:42Z;882;;882
2024-11-04T17:21:43Z;503;;503
2024-11-04T17:21:45Z;886;;886
2024-11-04T17:21:47Z;507;;507
2024-11-04T17:21:49Z;888;;888
2024-11-04T17:21:50Z;508;;508
2024-11-04T17:22:05Z;891;;891
2024-11-04T17:22:06Z;502;;502
2024-11-04T17:22:08Z;893;;893
2024-11-04T17:22:09Z;505;;505
2024-11-04T17:22:11Z;877;;877
2024-11-04T17:22:12Z;492;;492
2024-11-04T17:22:14Z;878;;878
2024-11-04T17:22:15Z;466;;466
2024-11-04T17:22:17Z;847;;847
2024-11-04T17:22:19Z;452;;452
2024-11-04T17:22:21Z;832;;832
2024-11-04T17:22:22Z;471;;471
2024-11-04T17:22:24Z;854;;854
2024-11-04T17:22:25Z;485;;485
2024-11-04T17:22:27Z;874;;874
2024-11-04T17:22:28Z;489;;489
2024-11-04T17:22:30Z;875;;875
2024-11-04T17:22:31Z;490;;490
2024-11-04T17:22:33Z;867;;867
2024-11-04T17:22:35Z;481;;481
2024-11-04T17:22:36Z;864;;864
2024-11-04T17:22:38Z;483;;483
2024-11-04T17:22:40Z;868;;868
2024-11-04T17:22:41Z;484;;484
2024-11-04T17:22:43Z;865;;865
2024-11-04T17:22:44Z;482;;482
2024-11-04T17:22:46Z;866;;866
2024-11-04T17:22:48Z;490;;490
2024-11-04T17:22:49Z;864;;864
2024-11-04T17:22:51Z;482;;482
2024-11-04T17:22:53Z;860;;860
2024-11-04T17:22:54Z;1540;;1540
2024-11-04T17:22:56Z;579;;579
2024-11-04T17:22:57Z;948;;948
2024-11-04T17:22:58Z;555;;555
2024-11-04T17:22:59Z;942;;942
2024-11-04T17:23:00Z;550;;550
2024-11-04T17:23:02Z;933;;933
2024-11-04T17:23:03Z;553;;553
2024-11-04T17:23:05Z;929;;929
2024-11-04T17:23:07Z;541;;541
2024-11-04T17:23:09Z;916;;916
2024-11-04T17:23:24Z;544;;544
2024-11-04T17:23:25Z;916;;916
2024-11-04T17:23:26Z;533;;533
2024-11-04T17:23:28Z;920;;920
2024-11-04T17:23:30Z;532;;532
2024-11-04T17:23:31Z;919;;919
2024-11-04T17:23:32Z;532;;532
2024-11-04T17:23:34Z;929;;929
2024-11-04T17:23:35Z;544;;544
2024-11-04T17:23:37Z;926;;926
2024-11-04T17:23:39Z;533;;533
2024-11-04T17:23:40Z;912;;912
2024-11-04T17:23:42Z;525;;525
2024-11-04T17:23:44Z;920;;920
2024-11-04T17:23:46Z;534;;534
2024-11-04T17:23:47Z;927;;927
2024-11-04T17:23:48Z;537;;537
2024-11-04T17:23:50Z;928;;928
2024-11-04T17:23:52Z;543;;543
2024-11-04T17:23:53Z;920;;920
2024-11-04T17:23:55Z;530;;530
2024-11-04T17:23:56Z;918;;918
2024-11-04T17:23:58Z;539;;539
2024-11-04T17:24:00Z;927;;927
2024-11-04T17:24:01Z;541;;541
2024-11-04T17:24:03Z;932;;932
2024-11-04T17:24:04Z;539;;539
2024-11-04T17:24:06Z;938;;938
2024-11-04T17:24:07Z;549;;549
2024-11-04T17:24:09Z;928;;928
2024-11-04T17:24:11Z;534;;534
2024-11-04T17:24:12Z;921;;921
2024-11-04T17:24:14Z;532;;532
2024-11-04T17:24:16Z;928;;928
2024-11-04T17:24:17Z;536;;536
2024-11-04T17:24:19Z;931;;931
2024-11-04T17:24:20Z;541;;541
2024-11-04T17:24:22Z;926;;926
2024-11-04T17:24:24Z;528;;528
2024-11-04T17:24:25Z;924;;924
2024-11-04T17:24:27Z;539;;539
2024-11-04T17:24:42Z;923;;923
2024-11-04T17:24:43Z;538;;538
2024-11-04T17:24:44Z;923;;923
2024-11-04T17:24:46Z;535;;535
2024-11-04T17:24:48Z;929;;929
2024-11-04T17:24:50Z;541;;541
2024-11-04T17:24:51Z;938;;938
2024-11-04T17:24:52Z;549;;549
2024-11-04T17:24:54Z;941;;941
2024-11-04T17:24:55Z;556;;556
2024-11-04T17:24:57Z;935;;935
2024-11-04T17:24:59Z;544;;544
2024-11-04T17:25:01Z;924;;924
2024-11-04T17:25:02Z;540;;540
2024-11-04T17:25:04Z;724;;724
2024-11-04T17:25:05Z;957;;957
2024-11-04T17:25:06Z;563;;563
2024-11-04T17:25:07Z;956;;956
2024-11-04T17:25:08Z;564;;564
2024-11-04T17:25:10Z;966;;966
2024-11-04T17:25:11Z;569;;569
2024-11-04T17:25:13Z;969;;969
2024-11-04T17:25:15Z;565;;565
2024-11-04T17:25:16Z;956;;956
2024-11-04T17:25:18Z;576;;576
2024-11-04T17:25:20Z;910;;910
2024-11-04T17:25:22Z;376;;376
2024-11-04T17:25:23Z;772;;772
2024-11-04T17:25:25Z;556;;556
2024-11-04T17:25:26Z;948;;948
2024-11-04T17:25:28Z;558;;558
2024-11-04T17:25:29Z;930;;930
2024-11-04T17:25:31Z;537;;537
2024-11-04T17:25:32Z;935;;935
2024-11-04T17:25:34Z;547;;547
2024-11-04T17:25:36Z;936;;936
2024-11-04T17:25:38Z;545;;545
2024-11-04T17:25:39Z;931;;931
2024-11-04T17:25:40Z;579;;579
2024-11-04T17:25:42Z;800;;800
2024-11-04T17:25:43Z;409;;409
2024-11-04T17:25:45Z;787;;787
2024-11-04T17:26:01Z;408;;408
2024-11-04T17:26:03Z;403;;403
2024-11-04T17:26:05Z;789;;789
2024-11-04T17:26:06Z;405;;405
2024-11-04T17:26:08Z;795;;795
2024-11-04T17:26:10Z;404;;404
2024-11-04T17:26:11Z;795;;795
2024-11-04T17:26:13Z;405;;405
2024-11-04T17:26:14Z;796;;796
2024-11-04T17:26:16Z;414;;414
2024-11-04T17:26:17Z;795;;795
2024-11-04T17:26:19Z;406;;406
2024-11-04T17:26:20Z;788;;788
2024-11-04T17:26:22Z;404;;404
2024-11-04T17:26:24Z;796;;796
2024-11-04T17:26:25Z;403;;403
2024-11-04T17:26:27Z;804;;804
2024-11-04T17:26:29Z;404;;404
2024-11-04T17:26:30Z;796;;796
2024-11-04T17:26:31Z;407;;407
2024-11-04T17:26:33Z;781;;781
2024-11-04T17:26:35Z;404;;404
2024-11-04T17:26:36Z;787;;787
2024-11-04T17:26:38Z;403;;403
2024-11-04T17:26:40Z;799;;799
2024-11-04T17:26:41Z;404;;404
2024-11-04T17:26:43Z;799;;799
2024-11-04T17:26:44Z;407;;407
2024-11-04T17:26:46Z;800;;800
2024-11-04T17:26:47Z;411;;411
2024-11-04T17:26:49Z;795;;795
2024-11-04T17:26:51Z;404;;404
2024-11-04T17:26:52Z;789;;789
2024-11-04T17:26:54Z;412;;412
2024-11-04T17:26:56Z;804;;804
2024-11-04T17:26:57Z;409;;409
2024-11-04T17:26:59Z;802;;802
2024-11-04T17:27:00Z;413;;413
2024-11-04T17:27:02Z;796;;796
2024-11-04T17:27:03Z;394;;394
2024-11-04T17:27:19Z;810;;810
2024-11-04T17:27:20Z;418;;418
2024-11-04T17:27:21Z;808;;808
2024-11-04T17:27:23Z;419;;419
2024-11-04T17:27:25Z;837;;837
2024-11-04T17:27:26Z;451;;451
2024-11-04T17:27:27Z;1030;;1030
2024-11-04T17:27:29Z;607;;607
2024-11-04T17:27:31Z;1004;;1004
2024-11-04T17:27:32Z;612;;612
2024-11-04T17:27:34Z;449;;449
2024-11-04T17:27:35Z;845;;845
2024-11-04T17:27:36Z;440;;440
2024-11-04T17:27:37Z;839;;839
2024-11-04T17:27:39Z;448;;448
2024-11-04T17:27:41Z;837;;837
2024-11-04T17:27:42Z;449;;449
2024-11-04T17:27:44Z;842;;842
2024-11-04T17:27:45Z;447;;447
2024-11-04T17:27:47Z;841;;841
2024-11-04T17:27:48Z;450;;450
2024-11-04T17:27:50Z;841;;841
2024-11-04T17:27:51Z;457;;457
2024-11-04T17:27:53Z;840;;840
2024-11-04T17:27:55Z;448;;448
2024-11-04T17:27:56Z;838;;838
2024-11-04T17:27:58Z;448;;448
2024-11-04T17:28:00Z;845;;845
2024-11-04T17:28:01Z;451;;451
2024-11-04T17:28:03Z;843;;843
2024-11-04T17:28:04Z;449;;449
2024-11-04T17:28:06Z;842;;842
2024-11-04T17:28:07Z;459;;459
2024-11-04T17:28:09Z;845;;845
2024-11-04T17:28:11Z;447;;447
2024-11-04T17:28:12Z;836;;836
2024-11-04T17:28:14Z;452;;452
2024-11-04T17:28:16Z;845;;845
2024-11-04T17:28:18Z;449;;449
2024-11-04T17:28:19Z;845;;845
2024-11-04T17:28:20Z;449;;449
2024-11-04T17:28:22Z;843;;843
2024-11-04T17:28:37Z;452;;452
2024-11-04T17:28:38Z;839;;839
2024-11-04T17:28:39Z;451;;451
2024-11-04T17:28:41Z;847;;847
2024-11-04T17:28:43Z;451;;451
2024-11-04T17:28:44Z;842;;842
2024-11-04T17:28:46Z;452;;452
2024-11-04T17:28:48Z;823;;823
2024-11-04T17:28:54Z;541;;541
2024-11-04T17:28:56Z;822;;822
2024-11-04T17:28:58Z;459;;459
2024-11-04T17:28:59Z;738;;738
2024-11-04T17:29:01Z;476;;476
2024-11-04T17:29:03Z;845;;845
2024-11-04T17:29:05Z;477;;477
2024-11-04T17:29:06Z;847;;847
2024-11-04T17:29:07Z;481;;481
2024-11-04T17:29:09Z;847;;847
2024-11-04T17:29:10Z;542;;542
2024-11-04T17:29:12Z;845;;845
2024-11-04T17:29:14Z;480;;480
2024-11-04T17:29:15Z;791;;791
2024-11-04T17:29:17Z;481;;481
2024-11-04T17:29:19Z;847;;847
2024-11-04T17:29:20Z;478;;478
2024-11-04T17:29:22Z;850;;850
2024-11-04T17:29:23Z;478;;478
2024-11-04T17:29:25Z;849;;849
2024-11-04T17:29:26Z;527;;527
2024-11-04T17:29:28Z;986;;986
2024-11-04T17:29:30Z;632;;632
2024-11-04T17:29:31Z;920;;920
2024-11-04T17:29:33Z;602;;602
2024-11-04T17:29:34Z;450;;450
2024-11-04T17:29:36Z;813;;813
2024-11-04T17:29:37Z;449;;449
2024-11-04T17:29:38Z;816;;816
2024-11-04T17:29:39Z;442;;442
2024-11-04T17:29:41Z;801;;801
2024-11-04T17:29:56Z;492;;492
2024-11-04T17:29:57Z;827;;827
2024-11-04T17:29:58Z;493;;493
2024-11-04T17:30:00Z;827;;827
2024-11-04T17:30:02Z;459;;459
2024-11-04T17:30:03Z;797;;797
2024-11-04T17:30:05Z;460;;460
2024-11-04T17:30:07Z;830;;830
2024-11-04T17:30:08Z;458;;458
2024-11-04T17:30:10Z;828;;828
2024-11-04T17:30:12Z;459;;459
2024-11-04T17:30:13Z;829;;829
2024-11-04T17:30:15Z;489;;489
2024-11-04T17:30:16Z;829;;829
2024-11-04T17:30:18Z;459;;459
2024-11-04T17:30:19Z;804;;804
2024-11-04T17:30:21Z;460;;460
2024-11-04T17:30:23Z;830;;830
2024-11-04T17:30:24Z;458;;458
2024-11-04T17:30:27Z;804;;804
2024-11-04T17:30:29Z;;0;804
2024-11-04T17:30:34Z;830;;830
2024-11-04T17:30:35Z;457;;457
2024-11-04T17:30:37Z;830;;830
2024-11-04T17:30:38Z;487;;487
2024-11-04T17:30:39Z;830;;830
2024-11-04T17:30:40Z;458;;458
2024-11-04T17:30:41Z;741;;741
2024-11-04T17:30:43Z;395;;395
2024-11-04T17:30:44Z;774;;774
2024-11-04T17:30:45Z;396;;396
2024-11-04T17:30:46Z;762;;762
2024-11-04T17:30:47Z;381;;381
2024-11-04T17:30:49Z;765;;765
2024-11-04T17:30:50Z;418;;418
2024-11-04T17:30:51Z;766;;766
2024-11-04T17:30:52Z;391;;391
2024-11-04T17:30:53Z;737;;737
2024-11-04T17:30:55Z;390;;390
2024-11-04T17:30:56Z;768;;768
2024-11-04T17:30:57Z;390;;390
2024-11-04T17:30:58Z;764;;764
2024-11-04T17:31:00Z;391;;391
2024-11-04T17:31:14Z;767;;767
2024-11-04T17:31:15Z;784;;784
2024-11-04T17:31:17Z;779;;779
2024-11-04T17:31:19Z;418;;418
2024-11-04T17:31:20Z;778;;778
2024-11-04T17:31:22Z;390;;390
2024-11-04T17:31:24Z;755;;755
2024-11-04T17:31:25Z;388;;388
2024-11-04T17:31:27Z;782;;782
2024-11-04T17:31:29Z;554;;554
2024-11-04T17:31:30Z;942;;942
2024-11-04T17:31:32Z;554;;554
2024-11-04T17:31:33Z;934;;934
2024-11-04T17:31:35Z;411;;411
2024-11-04T17:31:36Z;781;;781
2024-11-04T17:31:38Z;387;;387
2024-11-04T17:31:40Z;759;;759
2024-11-04T17:31:41Z;396;;396
2024-11-04T17:31:43Z;790;;790
2024-11-04T17:31:45Z;384;;384
2024-11-04T17:31:46Z;789;;789
2024-11-04T17:31:47Z;398;;398
2024-11-04T17:31:49Z;793;;793
2024-11-04T17:31:50Z;423;;423
2024-11-04T17:31:52Z;791;;791
2024-11-04T17:31:54Z;395;;395
2024-11-04T17:31:56Z;766;;766
2024-11-04T17:31:57Z;396;;396
2024-11-04T17:31:59Z;792;;792
2024-11-04T17:32:01Z;394;;394
2024-11-04T17:32:02Z;793;;793
2024-11-04T17:32:03Z;396;;396
2024-11-04T17:32:05Z;787;;787
2024-11-04T17:32:06Z;421;;421
2024-11-04T17:32:08Z;788;;788
2024-11-04T17:32:10Z;397;;397
2024-11-04T17:32:11Z;767;;767
2024-11-04T17:32:13Z;395;;395
2024-11-04T17:32:15Z;805;;805
2024-11-04T17:32:16Z;393;;393
2024-11-04T17:32:18Z;793;;793
2024-11-04T17:32:33Z;401;;401
2024-11-04T17:32:34Z;790;;790
2024-11-04T17:32:36Z;400;;400
2024-11-04T17:32:37Z;789;;789
2024-11-04T17:32:38Z;424;;424
2024-11-04T17:32:40Z;789;;789
2024-11-04T17:32:41Z;398;;398
2024-11-04T17:32:43Z;761;;761
2024-11-04T17:32:47Z;392;;392
2024-11-04T17:32:48Z;774;;774
2024-11-04T17:32:49Z;381;;381
2024-11-04T17:32:51Z;779;;779
2024-11-04T17:32:52Z;396;;396
2024-11-04T17:32:53Z;796;;796
2024-11-04T17:32:54Z;427;;427
2024-11-04T17:32:56Z;795;;795
2024-11-04T17:32:58Z;397;;397
2024-11-04T17:33:00Z;772;;772
2024-11-04T17:33:01Z;395;;395
2024-11-04T17:33:03Z;790;;790
2024-11-04T17:33:04Z;401;;401
2024-11-04T17:33:06Z;794;;794
2024-11-04T17:33:07Z;399;;399
2024-11-04T17:33:09Z;797;;797
2024-11-04T17:33:10Z;415;;415
2024-11-04T17:33:12Z;792;;792
2024-11-04T17:33:14Z;400;;400
2024-11-04T17:33:15Z;774;;774
2024-11-04T17:33:17Z;391;;391
2024-11-04T17:33:19Z;786;;786
2024-11-04T17:33:20Z;392;;392
2024-11-04T17:33:22Z;789;;789
2024-11-04T17:33:24Z;395;;395
2024-11-04T17:33:25Z;783;;783
2024-11-04T17:33:26Z;411;;411
2024-11-04T17:33:28Z;1376;;1376
2024-11-04T17:33:29Z;937;;937
2024-11-04T17:33:31Z;544;;544
2024-11-04T17:33:32Z;918;;918
2024-11-04T17:33:33Z;544;;544
2024-11-04T17:33:35Z;782;;782
2024-11-04T17:33:36Z;389;;389
2024-11-04T17:33:51Z;794;;794
2024-11-04T17:33:52Z;822;;822
2024-11-04T17:33:53Z;424;;424
2024-11-04T17:33:54Z;854;;854
2024-11-04T17:33:56Z;460;;460
2024-11-04T17:33:57Z;859;;859
2024-11-04T17:33:58Z;470;;470
2024-11-04T17:34:00Z;859;;859
2024-11-04T17:34:02Z;463;;463
2024-11-04T17:34:04Z;843;;843
2024-11-04T17:34:05Z;460;;460
2024-11-04T17:34:07Z;852;;852
2024-11-04T17:34:08Z;459;;459
2024-11-04T17:34:10Z;850;;850
2024-11-04T17:34:11Z;461;;461
2024-11-04T17:34:16Z;846;;846
2024-11-04T17:34:18Z;455;;455
2024-11-04T17:34:19Z;836;;836
2024-11-04T17:34:21Z;456;;456
2024-11-04T17:34:23Z;850;;850
2024-11-04T17:34:24Z;457;;457
2024-11-04T17:34:26Z;860;;860
2024-11-04T17:34:27Z;458;;458
2024-11-04T17:34:29Z;832;;832
2024-11-04T17:34:31Z;470;;470
2024-11-04T17:34:32Z;850;;850
2024-11-04T17:34:34Z;460;;460
2024-11-04T17:34:36Z;847;;847
2024-11-04T17:34:37Z;462;;462
2024-11-04T17:34:39Z;864;;864
2024-11-04T17:34:40Z;461;;461
2024-11-04T17:34:42Z;860;;860
2024-11-04T17:34:44Z;463;;463
2024-11-04T17:34:45Z;864;;864
2024-11-04T17:34:46Z;472;;472
2024-11-04T17:34:48Z;857;;857
2024-11-04T17:34:50Z;464;;464
2024-11-04T17:34:52Z;861;;861
2024-11-04T17:34:53Z;464;;464
2024-11-04T17:34:55Z;863;;863
2024-11-04T17:35:10Z;465;;465
2024-11-04T17:35:11Z;854;;854
2024-11-04T17:35:13Z;453;;453
2024-11-04T17:35:14Z;848;;848
2024-11-04T17:35:15Z;456;;456
2024-11-04T17:35:17Z;859;;859
2024-11-04T17:35:19Z;463;;463
2024-11-04T17:35:20Z;852;;852
2024-11-04T17:35:22Z;459;;459
2024-11-04T17:35:23Z;849;;849
2024-11-04T17:35:25Z;460;;460
2024-11-04T17:35:27Z;859;;859
2024-11-04T17:35:28Z;459;;459
2024-11-04T17:35:30Z;862;;862
2024-11-04T17:35:32Z;459;;459
2024-11-04T17:35:33Z;859;;859
2024-11-04T17:35:35Z;467;;467
2024-11-04T17:35:36Z;856;;856
2024-11-04T17:35:38Z;459;;459
2024-11-04T17:35:40Z;846;;846
2024-11-04T17:35:41Z;459;;459
2024-11-04T17:35:43Z;852;;852
2024-11-04T17:35:44Z;459;;459
2024-11-04T17:35:46Z;857;;857
2024-11-04T17:35:48Z;457;;457
2024-11-04T17:35:49Z;853;;853
2024-11-04T17:35:50Z;463;;463
2024-11-04T17:35:52Z;852;;852
2024-11-04T17:35:54Z;406;;406
2024-11-04T17:35:56Z;795;;795
2024-11-04T17:35:57Z;407;;407
2024-11-04T17:35:59Z;806;;806
2024-11-04T17:36:00Z;408;;408
2024-11-04T17:36:02Z;804;;804
2024-11-04T17:36:04Z;410;;410
2024-11-04T17:36:05Z;802;;802
2024-11-04T17:36:07Z;414;;414
2024-11-04T17:36:08Z;800;;800
2024-11-04T17:36:10Z;404;;404
2024-11-04T17:36:12Z;796;;796
2024-11-04T17:36:13Z;405;;405
2024-11-04T17:36:28Z;800;;800
2024-11-04T17:36:29Z;407;;407
2024-11-04T17:36:31Z;807;;807
2024-11-04T17:36:32Z;410;;410
2024-11-04T17:36:34Z;806;;806
2024-11-04T17:36:35Z;407;;407
2024-11-04T17:36:37Z;816;;816
2024-11-04T17:36:38Z;417;;417
2024-11-04T17:36:40Z;809;;809
2024-11-04T17:36:42Z;409;;409
2024-11-04T17:36:44Z;796;;796
2024-11-04T17:36:45Z;408;;408
2024-11-04T17:36:47Z;807;;807
2024-11-04T17:36:48Z;412;;412
2024-11-04T17:36:50Z;809;;809
2024-11-04T17:36:51Z;409;;409
2024-11-04T17:36:53Z;807;;807
2024-11-04T17:36:54Z;415;;415
2024-11-04T17:36:56Z;803;;803
2024-11-04T17:36:58Z;408;;408
2024-11-04T17:36:59Z;794;;794
2024-11-04T17:37:01Z;407;;407
2024-11-04T17:37:03Z;800;;800
2024-11-04T17:37:04Z;405;;405
2024-11-04T17:37:06Z;808;;808
2024-11-04T17:37:07Z;408;;408
2024-11-04T17:37:09Z;803;;803
2024-11-04T17:37:10Z;414;;414
2024-11-04T17:37:12Z;804;;804
2024-11-04T17:37:16Z;406;;406
2024-11-04T17:37:17Z;796;;796
2024-11-04T17:37:18Z;407;;407
2024-11-04T17:37:20Z;804;;804
2024-11-04T17:37:21Z;405;;405
2024-11-04T17:37:22Z;806;;806
2024-11-04T17:37:24Z;407;;407
2024-11-04T17:37:25Z;804;;804
2024-11-04T17:37:27Z;416;;416
2024-11-04T17:37:28Z;797;;797
2024-11-04T17:37:30Z;403;;403
2024-11-04T17:37:32Z;755;;755
2024-11-04T17:37:47Z;363;;363
2024-11-04T17:37:48Z;762;;762
2024-11-04T17:37:49Z;371;;371
2024-11-04T17:37:51Z;769;;769
2024-11-04T17:37:52Z;372;;372
2024-11-04T17:37:54Z;795;;795
2024-11-04T17:37:55Z;401;;401
2024-11-04T17:37:57Z;797;;797
2024-11-04T17:37:59Z;406;;406
2024-11-04T17:38:00Z;795;;795
2024-11-04T17:38:02Z;398;;398
2024-11-04T17:38:04Z;791;;791
2024-11-04T17:38:05Z;399;;399
2024-11-04T17:38:07Z;794;;794
2024-11-04T17:38:08Z;398;;398
2024-11-04T17:38:10Z;796;;796
2024-11-04T17:38:11Z;401;;401
2024-11-04T17:38:13Z;794;;794
2024-11-04T17:38:14Z;407;;407
2024-11-04T17:38:16Z;791;;791
2024-11-04T17:38:18Z;403;;403
2024-11-04T17:38:19Z;788;;788
2024-11-04T17:38:21Z;401;;401
2024-11-04T17:38:23Z;794;;794
2024-11-04T17:38:24Z;398;;398
2024-11-04T17:38:26Z;795;;795
2024-11-04T17:38:27Z;402;;402
2024-11-04T17:38:29Z;794;;794
2024-11-04T17:38:31Z;409;;409
2024-11-04T17:38:32Z;798;;798
2024-11-04T17:38:34Z;398;;398
2024-11-04T17:38:36Z;785;;785
2024-11-04T17:38:37Z;396;;396
2024-11-04T17:38:39Z;796;;796
2024-11-04T17:38:40Z;399;;399
2024-11-04T17:38:42Z;795;;795
2024-11-04T17:38:43Z;397;;397
2024-11-04T17:38:45Z;792;;792
2024-11-04T17:38:47Z;407;;407
2024-11-04T17:38:48Z;793;;793
2024-11-04T17:38:50Z;400;;400
2024-11-04T17:39:05Z;784;;784
2024-11-04T17:39:06Z;396;;396
2024-11-04T17:39:07Z;786;;786
2024-11-04T17:39:09Z;397;;397
2024-11-04T17:39:11Z;795;;795
2024-11-04T17:39:13Z;399;;399
2024-11-04T17:39:14Z;794;;794
2024-11-04T17:39:15Z;400;;400
2024-11-04T17:39:17Z;792;;792
2024-11-04T17:39:19Z;410;;410
2024-11-04T17:39:20Z;797;;797
2024-11-04T17:39:22Z;400;;400
2024-11-04T17:39:24Z;788;;788
2024-11-04T17:39:25Z;399;;399
2024-11-04T17:39:27Z;795;;795
2024-11-04T17:39:28Z;400;;400
2024-11-04T17:39:30Z;796;;796
2024-11-04T17:39:31Z;385;;385
2024-11-04T17:39:33Z;784;;784
2024-11-04T17:39:34Z;404;;404
2024-11-04T17:39:36Z;782;;782
2024-11-04T17:39:38Z;394;;394
2024-11-04T17:39:40Z;771;;771
2024-11-04T17:39:41Z;394;;394
2024-11-04T17:39:43Z;782;;782
2024-11-04T17:39:44Z;397;;397
2024-11-04T17:39:46Z;785;;785
2024-11-04T17:39:48Z;396;;396
2024-11-04T17:39:49Z;787;;787
2024-11-04T17:39:51Z;407;;407
2024-11-04T17:39:52Z;784;;784
2024-11-04T17:39:54Z;394;;394
2024-11-04T17:39:55Z;774;;774
2024-11-04T17:39:57Z;392;;392
2024-11-04T17:39:59Z;786;;786
2024-11-04T17:40:00Z;394;;394
2024-11-04T17:40:02Z;785;;785
2024-11-04T17:40:04Z;395;;395
2024-11-04T17:40:05Z;791;;791
2024-11-04T17:40:06Z;409;;409
2024-11-04T17:40:08Z;790;;790
2024-11-04T17:40:24Z;396;;396
2024-11-04T17:40:26Z;404;;404
2024-11-04T17:40:27Z;785;;785
2024-11-04T17:40:29Z;405;;405
2024-11-04T17:40:31Z;797;;797
2024-11-04T17:40:32Z;404;;404
2024-11-04T17:40:34Z;797;;797
2024-11-04T17:40:35Z;406;;406
2024-11-04T17:40:37Z;798;;798
2024-11-04T17:40:47Z;418;;418
2024-11-04T17:40:49Z;798;;798
2024-11-04T17:40:50Z;406;;406
2024-11-04T17:40:51Z;808;;808
2024-11-04T17:40:52Z;424;;424
2024-11-04T17:40:53Z;822;;822
2024-11-04T17:40:55Z;426;;426
2024-11-04T17:40:56Z;823;;823
2024-11-04T17:40:57Z;427;;427
2024-11-04T17:40:58Z;823;;823
2024-11-04T17:40:59Z;438;;438
2024-11-04T17:41:01Z;820;;820
2024-11-04T17:41:02Z;425;;425
2024-11-04T17:41:03Z;817;;817
2024-11-04T17:41:04Z;424;;424
2024-11-04T17:41:05Z;821;;821
2024-11-04T17:41:07Z;426;;426
2024-11-04T17:41:08Z;828;;828
2024-11-04T17:41:09Z;424;;424
2024-11-04T17:41:10Z;826;;826
2024-11-04T17:41:11Z;436;;436
2024-11-04T17:41:13Z;827;;827
2024-11-04T17:41:14Z;426;;426
2024-11-04T17:41:15Z;813;;813
2024-11-04T17:41:17Z;425;;425
2024-11-04T17:41:19Z;822;;822
2024-11-04T17:41:20Z;427;;427
2024-11-04T17:41:22Z;825;;825
2024-11-04T17:41:23Z;426;;426
2024-11-04T17:41:25Z;818;;818
2024-11-04T17:41:26Z;436;;436
2024-11-04T17:41:28Z;817;;817
2024-11-04T17:41:43Z;444;;444
2024-11-04T17:41:44Z;830;;830
2024-11-04T17:41:46Z;429;;429
2024-11-04T17:41:47Z;812;;812
2024-11-04T17:41:49Z;426;;426
2024-11-04T17:41:51Z;825;;825
2024-11-04T17:41:52Z;429;;429
2024-11-04T17:41:54Z;825;;825
2024-11-04T17:41:55Z;429;;429
2024-11-04T17:41:57Z;820;;820
2024-11-04T17:41:59Z;445;;445
2024-11-04T17:42:00Z;830;;830
2024-11-04T17:42:02Z;431;;431
2024-11-04T17:42:03Z;808;;808
2024-11-04T17:42:05Z;425;;425
2024-11-04T17:42:07Z;819;;819
2024-11-04T17:42:08Z;422;;422
2024-11-04T17:42:10Z;817;;817
2024-11-04T17:42:12Z;427;;427
2024-11-04T17:42:13Z;816;;816
2024-11-04T17:42:14Z;440;;440
2024-11-04T17:42:16Z;822;;822
2024-11-04T17:42:18Z;425;;425
2024-11-04T17:42:20Z;804;;804
2024-11-04T17:42:21Z;425;;425
2024-11-04T17:42:23Z;821;;821
2024-11-04T17:42:25Z;425;;425
2024-11-04T17:42:26Z;819;;819
2024-11-04T17:42:28Z;421;;421
2024-11-04T17:42:29Z;819;;819
2024-11-04T17:42:30Z;440;;440
2024-11-04T17:42:32Z;818;;818
2024-11-04T17:42:34Z;423;;423
2024-11-04T17:42:35Z;812;;812
2024-11-04T17:42:37Z;424;;424
2024-11-04T17:42:39Z;823;;823
2024-11-04T17:42:41Z;414;;414
2024-11-04T17:42:42Z;818;;818
2024-11-04T17:42:43Z;426;;426
2024-11-04T17:42:45Z;818;;818
2024-11-04T17:42:46Z;441;;441
2024-11-04T17:43:01Z;820;;820
2024-11-04T17:43:03Z;448;;448
2024-11-04T17:43:04Z;822;;822
2024-11-04T17:43:06Z;424;;424
2024-11-04T17:43:08Z;800;;800
2024-11-04T17:43:09Z;424;;424
2024-11-04T17:43:11Z;827;;827
2024-11-04T17:43:12Z;421;;421
2024-11-04T17:43:14Z;821;;821
2024-11-04T17:43:16Z;422;;422
2024-11-04T17:43:17Z;814;;814
2024-11-04T17:43:19Z;437;;437
2024-11-04T17:43:20Z;819;;819
2024-11-04T17:43:22Z;423;;423
2024-11-04T17:43:24Z;799;;799
2024-11-04T17:43:25Z;421;;421
2024-11-04T17:43:27Z;816;;816
2024-11-04T17:43:28Z;420;;420
2024-11-04T17:43:30Z;815;;815
2024-11-04T17:43:31Z;423;;423
2024-11-04T17:43:33Z;818;;818
2024-11-04T17:43:34Z;440;;440
2024-11-04T17:43:36Z;815;;815
2024-11-04T17:43:38Z;425;;425
2024-11-04T17:43:39Z;805;;805
2024-11-04T17:43:41Z;425;;425
2024-11-04T17:43:43Z;823;;823
2024-11-04T17:43:45Z;423;;423
2024-11-04T17:43:46Z;823;;823
2024-11-04T17:43:47Z;425;;425
2024-11-04T17:43:49Z;822;;822
2024-11-04T17:43:50Z;435;;435
2024-11-04T17:43:52Z;815;;815
2024-11-04T17:43:54Z;424;;424
2024-11-04T17:43:55Z;803;;803
2024-11-04T17:43:57Z;423;;423
2024-11-04T17:43:59Z;818;;818
2024-11-04T17:44:01Z;424;;424
2024-11-04T17:44:02Z;815;;815
2024-11-04T17:44:04Z;418;;418
2024-11-04T17:44:05Z;821;;821
2024-11-04T17:44:20Z;422;;422
2024-11-04T17:44:21Z;820;;820
2024-11-04T17:44:22Z;442;;442
2024-11-04T17:44:24Z;820;;820
2024-11-04T17:44:26Z;421;;421
2024-11-04T17:44:28Z;802;;802
2024-11-04T17:44:29Z;421;;421
2024-11-04T17:44:31Z;818;;818
2024-11-04T17:44:32Z;426;;426
2024-11-04T17:44:34Z;821;;821
2024-11-04T17:44:35Z;425;;425
2024-11-04T17:44:37Z;821;;821
2024-11-04T17:44:38Z;447;;447
2024-11-04T17:44:40Z;819;;819
2024-11-04T17:44:42Z;427;;427
2024-11-04T17:44:43Z;807;;807
2024-11-04T17:44:45Z;424;;424
2024-11-04T17:44:47Z;825;;825
2024-11-04T17:44:48Z;425;;425
2024-11-04T17:44:50Z;822;;822
2024-11-04T17:44:51Z;423;;423
2024-11-04T17:44:53Z;819;;819
2024-11-04T17:44:54Z;441;;441
2024-11-04T17:44:56Z;815;;815
2024-11-04T17:44:58Z;423;;423
2024-11-04T17:45:00Z;804;;804
2024-11-04T17:45:01Z;423;;423
2024-11-04T17:45:03Z;822;;822
2024-11-04T17:45:04Z;424;;424
2024-11-04T17:45:06Z;822;;822
2024-11-04T17:45:07Z;423;;423
2024-11-04T17:45:09Z;832;;832
2024-11-04T17:45:10Z;438;;438
2024-11-04T17:45:12Z;823;;823
2024-11-04T17:45:14Z;424;;424
2024-11-04T17:45:15Z;761;;761
2024-11-04T17:45:17Z;418;;418
2024-11-04T17:45:19Z;817;;817
2024-11-04T17:45:21Z;419;;419
2024-11-04T17:45:22Z;816;;816
2024-11-04T17:45:23Z;421;;421
2024-11-04T17:45:38Z;801;;801
2024-11-04T17:45:39Z;416;;416
2024-11-04T17:45:40Z;810;;810
2024-11-04T17:45:41Z;427;;427
2024-11-04T17:45:43Z;814;;814
2024-11-04T17:45:44Z;417;;417
2024-11-04T17:45:45Z;820;;820
2024-11-04T17:45:46Z;435;;435
2024-11-04T17:45:47Z;816;;816
2024-11-04T17:45:49Z;423;;423
2024-11-04T17:45:50Z;806;;806
2024-11-04T17:45:51Z;424;;424
2024-11-04T17:45:52Z;826;;826
2024-11-04T17:45:54Z;424;;424
2024-11-04T17:45:55Z;823;;823
2024-11-04T17:45:56Z;425;;425
2024-11-04T17:45:57Z;801;;801
2024-11-04T17:45:59Z;414;;414
2024-11-04T17:46:00Z;800;;800
2024-11-04T17:46:02Z;397;;397
2024-11-04T17:46:03Z;786;;786
2024-11-04T17:46:05Z;403;;403
2024-11-04T17:46:07Z;800;;800
2024-11-04T17:46:08Z;402;;402
2024-11-04T17:46:10Z;801;;801
2024-11-04T17:46:12Z;397;;397
2024-11-04T17:46:13Z;804;;804
2024-11-04T17:46:15Z;416;;416
2024-11-04T17:46:16Z;803;;803
2024-11-04T17:46:18Z;405;;405
2024-11-04T17:46:20Z;798;;798
2024-11-04T17:46:21Z;404;;404
2024-11-04T17:46:26Z;804;;804
2024-11-04T17:46:28Z;404;;404
2024-11-04T17:46:29Z;804;;804
2024-11-04T17:46:30Z;414;;414
2024-11-04T17:46:32Z;804;;804
2024-11-04T17:46:34Z;404;;404
2024-11-04T17:46:35Z;797;;797
2024-11-04T17:46:37Z;404;;404
2024-11-04T17:46:39Z;804;;804
2024-11-04T17:46:41Z;405;;405
2024-11-04T17:46:42Z;804;;804
2024-11-04T17:46:57Z;403;;403
2024-11-04T17:46:58Z;804;;804
2024-11-04T17:46:59Z;404;;404
2024-11-04T17:47:01Z;805;;805
2024-11-04T17:47:02Z;413;;413
2024-11-04T17:47:04Z;800;;800
2024-11-04T17:47:06Z;401;;401
2024-11-04T17:47:07Z;792;;792
2024-11-04T17:47:09Z;402;;402
2024-11-04T17:47:11Z;801;;801
2024-11-04T17:47:13Z;404;;404
2024-11-04T17:47:14Z;803;;803
2024-11-04T17:47:15Z;405;;405
2024-11-04T17:47:17Z;796;;796
2024-11-04T17:47:18Z;400;;400
2024-11-04T17:47:20Z;795;;795
2024-11-04T17:47:22Z;400;;400
2024-11-04T17:47:24Z;803;;803
2024-11-04T17:47:25Z;407;;407
2024-11-04T17:47:27Z;805;;805
2024-11-04T17:47:29Z;401;;401
2024-11-04T17:47:30Z;806;;806
2024-11-04T17:47:32Z;405;;405
2024-11-04T17:47:33Z;804;;804
2024-11-04T17:47:35Z;413;;413
2024-11-04T17:47:36Z;806;;806
2024-11-04T17:47:38Z;404;;404
2024-11-04T17:47:39Z;800;;800
2024-11-04T17:47:41Z;398;;398
2024-11-04T17:47:43Z;809;;809
2024-11-04T17:47:44Z;404;;404
2024-11-04T17:47:46Z;804;;804
2024-11-04T17:47:48Z;408;;408
2024-11-04T17:47:49Z;801;;801
2024-11-04T17:47:50Z;415;;415
2024-11-04T17:47:52Z;797;;797
2024-11-04T17:47:54Z;403;;403
2024-11-04T17:47:55Z;795;;795
2024-11-04T17:47:57Z;402;;402
2024-11-04T17:47:59Z;800;;800
2024-11-04T17:48:00Z;406;;406
2024-11-04T17:48:15Z;799;;799
2024-11-04T17:48:16Z;401;;401
2024-11-04T17:48:18Z;801;;801
2024-11-04T17:48:19Z;402;;402
2024-11-04T17:48:21Z;801;;801
2024-11-04T17:48:22Z;409;;409
2024-11-04T17:48:24Z;800;;800
2024-11-04T17:48:26Z;402;;402
2024-11-04T17:48:28Z;794;;794
2024-11-04T17:48:29Z;400;;400
2024-11-04T17:48:31Z;801;;801
2024-11-04T17:48:33Z;394;;394
2024-11-04T17:48:34Z;798;;798
2024-11-04T17:48:36Z;403;;403
2024-11-04T17:48:37Z;798;;798
2024-11-04T17:48:39Z;411;;411
2024-11-04T17:48:40Z;800;;800
2024-11-04T17:48:42Z;403;;403
2024-11-04T17:48:44Z;793;;793
2024-11-04T17:48:45Z;402;;402
2024-11-04T17:48:47Z;811;;811
2024-11-04T17:48:48Z;404;;404
2024-11-04T17:48:50Z;806;;806
2024-11-04T17:48:51Z;403;;403
2024-11-04T17:48:53Z;807;;807
2024-11-04T17:48:55Z;407;;407
2024-11-04T17:48:56Z;798;;798
2024-11-04T17:48:58Z;400;;400
2024-11-04T17:48:59Z;788;;788
2024-11-04T17:49:01Z;402;;402
2024-11-04T17:49:03Z;803;;803
2024-11-04T17:49:04Z;405;;405
2024-11-04T17:49:06Z;801;;801
2024-11-04T17:49:07Z;403;;403
2024-11-04T17:49:09Z;800;;800
2024-11-04T17:49:11Z;409;;409
2024-11-04T17:49:12Z;797;;797
2024-11-04T17:49:14Z;401;;401
2024-11-04T17:49:15Z;791;;791
2024-11-04T17:49:17Z;402;;402
2024-11-04T17:49:19Z;801;;801
2024-11-04T17:49:34Z;399;;399
2024-11-04T17:49:35Z;801;;801
2024-11-04T17:49:37Z;400;;400
2024-11-04T17:49:38Z;801;;801
2024-11-04T17:49:40Z;399;;399
2024-11-04T17:49:41Z;808;;808
2024-11-04T17:49:42Z;414;;414
2024-11-04T17:49:44Z;803;;803
2024-11-04T17:49:46Z;404;;404
2024-11-04T17:49:47Z;791;;791
2024-11-04T17:49:49Z;406;;406
2024-11-04T17:49:51Z;805;;805
2024-11-04T17:49:52Z;404;;404
2024-11-04T17:49:54Z;803;;803
2024-11-04T17:49:56Z;404;;404
2024-11-04T17:49:57Z;799;;799
2024-11-04T17:49:58Z;415;;415
2024-11-04T17:50:00Z;801;;801
2024-11-04T17:50:02Z;403;;403
2024-11-04T17:50:04Z;793;;793
2024-11-04T17:50:05Z;398;;398
2024-11-04T17:50:07Z;792;;792
2024-11-04T17:50:08Z;393;;393
2024-11-04T17:50:10Z;789;;789
2024-11-04T17:50:11Z;395;;395
2024-11-04T17:50:13Z;788;;788
2024-11-04T17:50:14Z;400;;400
2024-11-04T17:50:16Z;785;;785
2024-11-04T17:50:21Z;389;;389
2024-11-04T17:50:23Z;780;;780
2024-11-04T17:50:24Z;386;;386
2024-11-04T17:50:26Z;780;;780
2024-11-04T17:50:28Z;390;;390
2024-11-04T17:50:29Z;783;;783
2024-11-04T17:50:30Z;395;;395
2024-11-04T17:50:32Z;781;;781
2024-11-04T17:50:34Z;386;;386
2024-11-04T17:50:35Z;776;;776
2024-11-04T17:50:37Z;386;;386
2024-11-04T17:50:52Z;785;;785
2024-11-04T17:50:53Z;381;;381
2024-11-04T17:50:55Z;780;;780
2024-11-04T17:50:56Z;389;;389
2024-11-04T17:50:58Z;774;;774
2024-11-04T17:50:59Z;387;;387
2024-11-04T17:51:01Z;778;;778
2024-11-04T17:51:03Z;393;;393
2024-11-04T17:51:04Z;775;;775
2024-11-04T17:51:06Z;386;;386
2024-11-04T17:51:07Z;769;;769
2024-11-04T17:51:09Z;387;;387
2024-11-04T17:51:11Z;778;;778
2024-11-04T17:51:12Z;386;;386
2024-11-04T17:51:14Z;780;;780
2024-11-04T17:51:15Z;385;;385
2024-11-04T17:53:01Z;2536;;2536
2024-11-04T17:54:20Z;2352;;2352
2024-11-04T17:54:22Z;2485;;2485
2024-11-04T17:58:00Z;2394;;2394
2024-11-04T17:58:48Z;2442;;2442
2024-11-04T17:59:16Z;2396;;2396
2024-11-04T17:59:34Z;2445;;2445
2024-11-04T18:00:24Z;2427;;2427
2024-11-04T18:00:33Z;;0;2427
2024-11-04T18:00:51Z;378;;378
2024-11-04T18:00:53Z;1495;;1495
2024-11-04T18:00:55Z;444;;444
2024-11-04T18:04:42Z;1740;;1740
2024-11-04T18:08:14Z;3720;;3720
2024-11-04T18:08:32Z;3462;;3462
2024-11-04T18:08:33Z;3630;;3630
2024-11-04T18:08:50Z;3900;;3900
2024-11-04T18:09:52Z;3703;;3703
2024-11-04T18:09:57Z;3928;;3928
2024-11-04T18:10:29Z;2295;;2295
2024-11-04T18:10:30Z;1791;;1791
2024-11-04T18:10:32Z;1849;;1849
2024-11-04T18:11:48Z;3954;;3954
2024-11-04T18:14:25Z;3788;;3788
2024-11-04T18:14:45Z;756;;756
2024-11-04T18:15:26Z;715;;715
2024-11-04T18:15:29Z;;0;715
2024-11-04T18:17:17Z;3884;;3884
2024-11-04T18:17:18Z;4048;;4048
2024-11-04T18:18:32Z;2875;;2875
2024-11-04T18:19:07Z;2647;;2647
2024-11-04T18:19:08Z;2731;;2731
2024-11-04T18:19:12Z;3007;;3007
2024-11-04T18:19:57Z;1113;;1113
2024-11-04T18:20:19Z;2347;;2347
2024-11-04T18:20:20Z;2508;;2508
2024-11-04T18:20:22Z;2108;;2108
2024-11-04T18:20:24Z;2049;;2049
2024-11-04T18:20:25Z;2180;;2180
2024-11-04T18:20:28Z;1942;;1942
2024-11-04T18:20:29Z;1718;;1718
2024-11-04T18:20:57Z;1831;;1831
2024-11-04T18:22:16Z;443;;443
2024-11-04T18:22:41Z;1777;;1777
2024-11-04T18:22:45Z;3672;;3672
2024-11-04T18:23:34Z;2431;;2431
2024-11-04T18:23:47Z;3347;;3347
2024-11-04T18:23:48Z;2803;;2803
2024-11-04T18:25:16Z;515;;515
2024-11-04T18:26:28Z;1806;;1806
2024-11-04T18:26:48Z;3756;;3756
2024-11-04T18:28:29Z;2585;;2585
2024-11-04T18:29:34Z;3749;;3749
2024-11-04T18:30:24Z;3766;;3766
2024-11-04T18:30:29Z;;0;3766
2024-11-04T18:31:06Z;2572;;2572
2024-11-04T18:31:25Z;3748;;3748
2024-11-04T18:32:44Z;3660;;3660
2024-11-04T18:34:45Z;2983;;2983
2024-11-04T18:34:47Z;2536;;2536
2024-11-04T18:34:48Z;445;;445
2024-11-04T18:35:23Z;1763;;1763
2024-11-04T18:35:49Z;391;;391
2024-11-04T18:35:54Z;1721;;1721
2024-11-04T18:36:39Z;418;;418
2024-11-04T18:36:58Z;1725;;1725
2024-11-04T18:37:00Z;392;;392
2024-11-04T18:37:22Z;2483;;2483
2024-11-04T18:39:25Z;372;;372
2024-11-04T18:40:54Z;2452;;2452
2024-11-04T18:42:36Z;2280;;2280
2024-11-04T18:42:37Z;2416;;2416
2024-11-04T18:42:43Z;2360;;2360
2024-11-04T18:42:45Z;2414;;2414
2024-11-04T18:43:55Z;3394;;3394
2024-11-04T18:43:56Z;2464;;2464
2024-11-04T18:45:24Z;2494;;2494
2024-11-04T18:45:33Z;;0;2494
2024-11-04T18:48:52Z;402;;402
2024-11-04T19:00:24Z;327;;327
2024-11-04T19:00:33Z;;0;327
2024-11-04T19:01:05Z;273;;273
2024-11-04T19:15:24Z;259;;259
2024-11-04T19:15:33Z;;0;259
2024-11-04T19:23:15Z;1153;;1153
2024-11-04T19:23:16Z;349;;349
2024-11-04T19:23:18Z;293;;293
2024-11-04T19:25:16Z;343;;343
2024-11-04T19:30:24Z;345;;345
2024-11-04T19:30:29Z;;0;345
2024-11-04T19:31:19Z;287;;287
2024-11-04T19:45:24Z;205;;205
2024-11-04T19:45:33Z;;0;205
2024-11-04T20:00:24Z;202;;202
2024-11-04T20:00:33Z;;0;202
2024-11-04T20:09:13Z;1282;;1282
2024-11-04T20:09:14Z;315;;315
2024-11-04T20:15:24Z;346;;346
2024-11-04T20:15:33Z;;0;346
2024-11-04T20:30:04Z;252;;252
2024-11-04T20:30:27Z;256;;256
2024-11-04T20:30:31Z;;0;256
2024-11-04T20:45:24Z;226;;226
2024-11-04T20:45:31Z;;0;226
2024-11-04T20:51:40Z;1442;;1442
2024-11-04T20:51:41Z;302;;302
2024-11-04T20:54:30Z;1120;;1120
2024-11-04T20:54:31Z;1784;;1784
2024-11-04T20:56:38Z;360;;360
2024-11-04T20:57:05Z;299;;299
2024-11-04T21:00:33Z;299;0;299
2024-11-04T21:02:34Z;373;;373
2024-11-04T21:03:44Z;646;;646
2024-11-04T21:03:45Z;568;;568
2024-11-04T21:03:52Z;619;;619
2024-11-04T21:03:57Z;949;;949
2024-11-04T21:04:54Z;1210;;1210
2024-11-04T21:05:05Z;1162;;1162
2024-11-04T21:05:09Z;1221;;1221
2024-11-04T21:05:11Z;1171;;1171
2024-11-04T21:05:14Z;1223;;1223
2024-11-04T21:05:20Z;1176;;1176
2024-11-04T21:05:23Z;1243;;1243
2024-11-04T21:05:29Z;1180;;1180
2024-11-04T21:05:31Z;1229;;1229
2024-11-04T21:05:47Z;1179;;1179
2024-11-04T21:07:06Z;1558;;1558
2024-11-04T21:07:54Z;1895;;1895
2024-11-04T21:08:52Z;2116;;2116
2024-11-04T21:12:51Z;2406;;2406
2024-11-04T21:15:24Z;2599;;2599
2024-11-04T21:15:29Z;;0;2599
2024-11-04T21:16:56Z;2707;;2707
2024-11-04T21:16:58Z;2631;;2631
2024-11-04T21:17:01Z;2719;;2719
2024-11-04T21:17:02Z;2673;;2673
2024-11-04T21:17:05Z;2720;;2720
2024-11-04T21:17:06Z;2660;;2660
2024-11-04T21:17:12Z;2713;;2713
2024-11-04T21:22:11Z;3004;;3004
2024-11-04T21:22:30Z;2954;;2954
2024-11-04T21:22:47Z;3003;;3003
2024-11-04T21:22:48Z;2931;;2931
2024-11-04T21:23:10Z;2939;;2939
2024-11-04T21:23:50Z;3025;;3025
2024-11-04T21:23:51Z;2957;;2957
2024-11-04T21:29:32Z;853;;853
2024-11-04T21:29:33Z;277;;277
2024-11-04T21:30:24Z;281;;281
2024-11-04T21:30:40Z;;0;281
2024-11-04T21:33:30Z;332;;332
2024-11-04T21:33:35Z;278;;278
2024-11-04T21:33:58Z;795;;795
2024-11-04T21:33:59Z;343;;343
2024-11-04T21:45:24Z;346;;346
2024-11-04T21:45:33Z;;0;346
2024-11-04T21:50:23Z;278;;278
2024-11-04T21:52:03Z;343;;343
2024-11-04T21:53:29Z;281;;281
2024-11-04T22:00:24Z;232;;232
2024-11-04T22:00:44Z;;0;232
2024-11-04T22:15:26Z;230;;230
2024-11-04T22:15:29Z;;0;230
2024-11-04T22:17:45Z;800;;800
2024-11-04T22:21:40Z;293;;293
2024-11-04T22:30:25Z;212;;212
2024-11-04T22:30:29Z;;0;212
2024-11-04T22:45:24Z;162;;162
2024-11-04T22:45:33Z;;0;162
2024-11-04T23:00:24Z;271;;271
2024-11-04T23:00:29Z;;0;271
2024-11-04T23:15:24Z;205;;205
2024-11-04T23:15:29Z;;0;205
2024-11-04T23:17:03Z;713;;713
2024-11-04T23:17:04Z;293;;293
2024-11-04T23:30:24Z;194;;194
2024-11-04T23:30:29Z;;0;194
2024-11-04T23:40:46Z;1219;;1219
2024-11-04T23:40:47Z;217;;217
2024-11-04T23:45:24Z;207;;207
2024-11-04T23:45:33Z;;0;207