timestamp;P_ex;P_pr;P_load
2025-08-23T00:00:19Z;291;;291
2025-08-23T00:01:03Z;;0;291
2025-08-23T00:13:24Z;1323;;1323
2025-08-23T00:13:25Z;356;;356
2025-08-23T00:15:19Z;367;;367
2025-08-23T00:16:01Z;;0;367
2025-08-23T00:22:20Z;929;;929
2025-08-23T00:22:21Z;442;;442
2025-08-23T00:30:19Z;422;;422
2025-08-23T00:31:01Z;;0;422
2025-08-23T00:33:38Z;290;;290
2025-08-23T00:36:03Z;346;;346
2025-08-23T00:37:04Z;293;;293
2025-08-23T00:45:19Z;305;;305
2025-08-23T00:46:01Z;;0;305
2025-08-23T00:58:24Z;1345;;1345
2025-08-23T00:58:26Z;353;;353
2025-08-23T01:00:19Z;348;;348
2025-08-23T01:01:01Z;;0;348
2025-08-23T01:14:27Z;299;;299
2025-08-23T01:14:39Z;347;;347
2025-08-23T01:14:53Z;1430;;1430
2025-08-23T01:14:54Z;448;;448
2025-08-23T01:15:21Z;406;;406
2025-08-23T01:16:01Z;;0;406
2025-08-23T01:25:44Z;296;;296
2025-08-23T01:30:21Z;285;;285
2025-08-23T01:31:01Z;;0;285
2025-08-23T01:32:01Z;384;;384
2025-08-23T01:43:31Z;1393;;1393
2025-08-23T01:43:32Z;455;;455
2025-08-23T01:45:19Z;458;;458
2025-08-23T01:46:01Z;;0;458
2025-08-23T02:00:19Z;443;;443
2025-08-23T02:01:01Z;;0;443
2025-08-23T02:06:05Z;1073;;1073
2025-08-23T02:06:06Z;477;;477
2025-08-23T02:15:19Z;339;;339
2025-08-23T02:16:01Z;;0;339
2025-08-23T02:17:02Z;242;;242
2025-08-23T02:20:00Z;303;;303
2025-08-23T02:26:03Z;249;;249
2025-08-23T02:27:06Z;304;;304
2025-08-23T02:28:38Z;1305;;1305
2025-08-23T02:28:39Z;363;;363
2025-08-23T02:30:20Z;345;;345
2025-08-23T02:31:01Z;;0;345
2025-08-23T02:45:19Z;356;;356
2025-08-23T02:46:03Z;;0;356
2025-08-23T02:48:28Z;286;;286
2025-08-23T02:58:08Z;1056;;1056
2025-08-23T02:58:09Z;377;;377
2025-08-23T03:00:21Z;366;;366
2025-08-23T03:01:01Z;;0;366
2025-08-23T03:09:20Z;287;;287
2025-08-23T03:13:48Z;352;;352
2025-08-23T03:15:19Z;379;;379
2025-08-23T03:16:01Z;;0;379
2025-08-23T03:30:19Z;338;;338
2025-08-23T03:31:01Z;;0;338
2025-08-23T03:33:25Z;294;;294
2025-08-23T03:45:21Z;336;;336
2025-08-23T03:46:01Z;;0;336
2025-08-23T03:51:00Z;1357;;1357
2025-08-23T03:51:01Z;382;;382
2025-08-23T03:58:49Z;1403;;1403
2025-08-23T03:58:50Z;416;;416
2025-08-23T04:00:19Z;439;;439
2025-08-23T04:01:01Z;;0;439
2025-08-23T04:10:48Z;297;;297
2025-08-23T04:15:21Z;308;;308
2025-08-23T04:16:01Z;;0;308
2025-08-23T04:30:19Z;222;;222
2025-08-23T04:31:03Z;;0;222
2025-08-23T04:43:42Z;1302;;1302
2025-08-23T04:43:43Z;288;;288
2025-08-23T04:44:07Z;1064;;1064
2025-08-23T04:44:08Z;370;;370
2025-08-23T04:45:19Z;346;;346
2025-08-23T04:46:01Z;;0;346
2025-08-23T04:56:46Z;294;;294
2025-08-23T05:00:19Z;303;;303
2025-08-23T05:01:01Z;;0;303
2025-08-23T05:15:19Z;266;;266
2025-08-23T05:16:01Z;;0;266
2025-08-23T05:28:35Z;1255;;1255
2025-08-23T05:28:36Z;298;;298
2025-08-23T05:30:19Z;309;;309
2025-08-23T05:31:01Z;;0;309
2025-08-23T05:35:29Z;1287;;1287
2025-08-23T05:35:30Z;395;;395
2025-08-23T05:45:19Z;384;;384
2025-08-23T05:46:01Z;;0;384
2025-08-23T05:47:42Z;297;;297
2025-08-23T06:00:19Z;214;;214
2025-08-23T06:01:01Z;;0;214
2025-08-23T06:13:31Z;1546;;1546
2025-08-23T06:13:32Z;305;;305
2025-08-23T06:15:19Z;297;;297
2025-08-23T06:16:01Z;;0;297
2025-08-23T06:21:07Z;256;;256
2025-08-23T06:23:17Z;302;;302
2025-08-23T06:24:10Z;250;;250
2025-08-23T06:28:28Z;403;;403
2025-08-23T06:30:19Z;337;;337
2025-08-23T06:31:01Z;;0;337
2025-08-23T06:33:00Z;299;;299
2025-08-23T06:45:19Z;237;;237
2025-08-23T06:46:01Z;;0;237
2025-08-23T06:58:31Z;1338;;1338
2025-08-23T06:58:32Z;299;;299
2025-08-23T07:00:19Z;296;;296
2025-08-23T07:01:01Z;;0;296
2025-08-23T07:14:52Z;369;;369
2025-08-23T07:15:19Z;374;;374
2025-08-23T07:16:03Z;;0;374
2025-08-23T07:16:52Z;2174;;2174
2025-08-23T07:16:56Z;2099;;2099
2025-08-23T07:21:54Z;2632;;2632
2025-08-23T07:21:55Z;2135;;2135
2025-08-23T07:24:06Z;2423;;2423
2025-08-23T07:30:21Z;2512;;2512
2025-08-23T07:30:26Z;2154;;2154
2025-08-23T07:31:01Z;;0;2154
2025-08-23T07:32:53Z;2067;;2067
2025-08-23T07:33:01Z;2115;;2115
2025-08-23T07:35:34Z;3495;;3495
2025-08-23T07:35:52Z;2133;;2133
2025-08-23T07:35:59Z;2068;;2068
2025-08-23T07:36:03Z;2190;;2190
2025-08-23T07:36:05Z;3306;;3306
2025-08-23T07:36:12Z;2049;;2049
2025-08-23T07:37:31Z;337;;337
2025-08-23T07:40:12Z;866;;866
2025-08-23T07:40:13Z;1800;;1800
2025-08-23T07:40:40Z;331;;331
2025-08-23T07:45:21Z;414;;414
2025-08-23T07:46:01Z;;0;414
2025-08-23T07:58:29Z;749;;749
2025-08-23T07:58:50Z;588;;588
2025-08-23T08:00:19Z;566;;566
2025-08-23T08:01:01Z;;0;566
2025-08-23T08:02:28Z;2354;;2354
2025-08-23T08:09:18Z;2456;;2456
2025-08-23T08:09:19Z;2285;;2285
2025-08-23T08:09:21Z;611;;611
2025-08-23T08:09:22Z;550;;550
2025-08-23T08:09:32Z;647;;647
2025-08-23T08:09:33Z;588;;588
2025-08-23T08:09:39Z;692;;692
2025-08-23T08:09:40Z;589;;589
2025-08-23T08:10:33Z;672;;672
2025-08-23T08:10:34Z;587;;587
2025-08-23T08:15:19Z;596;;596
2025-08-23T08:16:01Z;;0;596
2025-08-23T08:17:18Z;2328;;2328
2025-08-23T08:23:11Z;2465;;2465
2025-08-23T08:23:12Z;2326;;2326
2025-08-23T08:23:15Z;2517;;2517
2025-08-23T08:23:20Z;2968;;2968
2025-08-23T08:23:21Z;2559;;2559
2025-08-23T08:24:35Z;2384;;2384
2025-08-23T08:24:38Z;2684;;2684
2025-08-23T08:24:41Z;2734;;2734
2025-08-23T08:24:46Z;2651;;2651
2025-08-23T08:24:49Z;3026;;3026
2025-08-23T08:24:50Z;2845;;2845
2025-08-23T08:24:57Z;2686;;2686
2025-08-23T08:24:58Z;2793;;2793
2025-08-23T08:26:16Z;3048;;3048
2025-08-23T08:26:17Z;2866;;2866
2025-08-23T08:27:22Z;1152;;1152
2025-08-23T08:28:04Z;1344;;1344
2025-08-23T08:28:05Z;1193;;1193
2025-08-23T08:28:13Z;1239;;1239
2025-08-23T08:28:21Z;1111;;1111
2025-08-23T08:28:45Z;1343;;1343
2025-08-23T08:28:46Z;1135;;1135
2025-08-23T08:28:52Z;2458;;2458
2025-08-23T08:28:53Z;1209;;1209
2025-08-23T08:30:19Z;1203;;1203
2025-08-23T08:31:01Z;;0;1203
2025-08-23T08:31:08Z;2997;;2997
2025-08-23T08:31:09Z;3055;;3055
2025-08-23T08:34:51Z;2978;;2978
2025-08-23T08:34:55Z;3157;;3157
2025-08-23T08:34:56Z;2985;;2985
2025-08-23T08:34:58Z;3034;;3034
2025-08-23T08:34:59Z;2986;;2986
2025-08-23T08:35:00Z;3033;;3033
2025-08-23T08:35:18Z;2978;;2978
2025-08-23T08:35:30Z;3039;;3039
2025-08-23T08:35:47Z;2990;;2990
2025-08-23T08:36:03Z;1135;;1135
2025-08-23T08:38:16Z;1217;;1217
2025-08-23T08:38:18Z;2990;;2990
2025-08-23T08:38:19Z;3043;;3043
2025-08-23T08:38:42Z;2996;;2996
2025-08-23T08:38:50Z;3057;;3057
2025-08-23T08:39:11Z;2996;;2996
2025-08-23T08:39:13Z;3160;;3160
2025-08-23T08:39:14Z;2992;;2992
2025-08-23T08:39:16Z;3059;;3059
2025-08-23T08:40:21Z;1223;;1223
2025-08-23T08:40:34Z;1171;;1171
2025-08-23T08:40:41Z;1228;;1228
2025-08-23T08:41:04Z;1179;;1179
2025-08-23T08:41:07Z;1310;;1310
2025-08-23T08:41:08Z;1189;;1189
2025-08-23T08:41:11Z;1249;;1249
2025-08-23T08:41:31Z;1191;;1191
2025-08-23T08:41:38Z;1259;;1259
2025-08-23T08:44:53Z;1083;;1083
2025-08-23T08:44:55Z;1237;;1237
2025-08-23T08:45:04Z;1128;;1128
2025-08-23T08:45:07Z;1446;;1446
2025-08-23T08:45:19Z;1268;;1268
2025-08-23T08:46:01Z;;0;1268
2025-08-23T08:48:56Z;1194;;1194
2025-08-23T08:49:02Z;1247;;1247
2025-08-23T08:49:05Z;1185;;1185
2025-08-23T08:49:21Z;1234;;1234
2025-08-23T08:49:29Z;1178;;1178
2025-08-23T08:49:40Z;1328;;1328
2025-08-23T08:49:41Z;1188;;1188
2025-08-23T08:50:37Z;1329;;1329
2025-08-23T08:50:38Z;1171;;1171
2025-08-23T08:50:40Z;1225;;1225
2025-08-23T08:51:02Z;1175;;1175
2025-08-23T08:51:09Z;1228;;1228
2025-08-23T08:51:21Z;1179;;1179
2025-08-23T08:51:25Z;1226;;1226
2025-08-23T08:51:30Z;1167;;1167
2025-08-23T08:51:34Z;1339;;1339
2025-08-23T08:51:43Z;1195;;1195
2025-08-23T08:52:31Z;1329;;1329
2025-08-23T08:52:32Z;1196;;1196
2025-08-23T08:52:47Z;1249;;1249
2025-08-23T08:52:55Z;1180;;1180
2025-08-23T08:53:02Z;1247;;1247
2025-08-23T08:53:24Z;1197;;1197
2025-08-23T08:53:28Z;1321;;1321
2025-08-23T08:53:29Z;1197;;1197
2025-08-23T08:53:31Z;1259;;1259
2025-08-23T08:54:21Z;1190;;1190
2025-08-23T08:54:25Z;1320;;1320
2025-08-23T08:54:26Z;1191;;1191
2025-08-23T08:54:28Z;1256;;1256
2025-08-23T08:54:49Z;1192;;1192
2025-08-23T08:54:56Z;1245;;1245
2025-08-23T08:55:18Z;1187;;1187
2025-08-23T08:55:22Z;1319;;1319
2025-08-23T08:56:13Z;3139;;3139
2025-08-23T08:56:54Z;1233;;1233
2025-08-23T08:57:55Z;1184;;1184
2025-08-23T08:57:56Z;1234;;1234
2025-08-23T08:58:14Z;1187;;1187
2025-08-23T08:58:15Z;1250;;1250
2025-08-23T08:58:17Z;1194;;1194
2025-08-23T08:58:18Z;1265;;1265
2025-08-23T08:58:20Z;1188;;1188
2025-08-23T08:58:23Z;1238;;1238
2025-08-23T08:58:25Z;1186;;1186
2025-08-23T08:58:26Z;1261;;1261
2025-08-23T08:58:28Z;1195;;1195
2025-08-23T08:58:45Z;1256;;1256
2025-08-23T08:58:50Z;1194;;1194
2025-08-23T08:58:55Z;836;;836
2025-08-23T08:58:57Z;578;;578
2025-08-23T08:59:39Z;635;;635
2025-08-23T09:00:19Z;583;;583
2025-08-23T09:00:22Z;626;;626
2025-08-23T09:00:32Z;642;;642
2025-08-23T09:00:56Z;956;;956
2025-08-23T09:01:01Z;;0;956
2025-08-23T09:03:54Z;1372;;1372
2025-08-23T09:04:15Z;1197;;1197
2025-08-23T09:04:16Z;1464;;1464
2025-08-23T09:04:32Z;1188;;1188
2025-08-23T09:05:28Z;1292;;1292
2025-08-23T09:05:45Z;1181;;1181
2025-08-23T09:05:49Z;1264;;1264
2025-08-23T09:06:06Z;1185;;1185
2025-08-23T09:06:09Z;1415;;1415
2025-08-23T09:07:04Z;672;;672
2025-08-23T09:07:13Z;597;;597
2025-08-23T09:07:19Z;824;;824
2025-08-23T09:07:22Z;581;;581
2025-08-23T09:07:23Z;638;;638
2025-08-23T09:07:25Z;573;;573
2025-08-23T09:07:26Z;670;;670
2025-08-23T09:07:28Z;579;;579
2025-08-23T09:07:29Z;655;;655
2025-08-23T09:07:30Z;577;;577
2025-08-23T09:07:32Z;628;;628
2025-08-23T09:07:36Z;565;;565
2025-08-23T09:07:37Z;637;;637
2025-08-23T09:07:39Z;570;;570
2025-08-23T09:07:42Z;670;;670
2025-08-23T09:07:43Z;581;;581
2025-08-23T09:07:45Z;658;;658
2025-08-23T09:07:46Z;597;;597
2025-08-23T09:07:50Z;662;;662
2025-08-23T09:07:51Z;579;;579
2025-08-23T09:07:53Z;649;;649
2025-08-23T09:07:54Z;589;;589
2025-08-23T09:07:56Z;655;;655
2025-08-23T09:07:59Z;594;;594
2025-08-23T09:08:09Z;829;;829
2025-08-23T09:08:21Z;588;;588
2025-08-23T09:09:06Z;779;;779
2025-08-23T09:09:07Z;921;;921
2025-08-23T09:10:52Z;1204;;1204
2025-08-23T09:14:05Z;1965;;1965
2025-08-23T09:14:06Z;1300;;1300
2025-08-23T09:14:08Z;1536;;1536
2025-08-23T09:14:09Z;1328;;1328
2025-08-23T09:14:38Z;776;;776
2025-08-23T09:14:56Z;944;;944
2025-08-23T09:14:57Z;724;;724
2025-08-23T09:15:19Z;723;;723
2025-08-23T09:16:01Z;;0;723
2025-08-23T09:16:38Z;1669;;1669
2025-08-23T09:16:39Z;1030;;1030
2025-08-23T09:16:55Z;1219;;1219
2025-08-23T09:21:51Z;733;;733
2025-08-23T09:23:49Z;943;;943
2025-08-23T09:23:50Z;725;;725
2025-08-23T09:23:52Z;1147;;1147
2025-08-23T09:23:53Z;1232;;1232
2025-08-23T09:25:28Z;1163;;1163
2025-08-23T09:25:29Z;1220;;1220
2025-08-23T09:28:48Z;831;;831
2025-08-23T09:30:19Z;787;;787
2025-08-23T09:30:49Z;1120;;1120
2025-08-23T09:30:50Z;1211;;1211
2025-08-23T09:31:01Z;;0;1211
2025-08-23T09:35:39Z;615;;615
2025-08-23T09:35:41Z;544;;544
2025-08-23T09:37:40Z;831;;831
2025-08-23T09:37:41Z;941;;941
2025-08-23T09:41:33Z;1201;;1201
2025-08-23T09:42:27Z;1058;;1058
2025-08-23T09:42:29Z;564;;564
2025-08-23T09:44:28Z;776;;776
2025-08-23T09:44:29Z;920;;920
2025-08-23T09:45:19Z;1160;;1160
2025-08-23T09:45:48Z;1388;;1388
2025-08-23T09:45:49Z;1170;;1170
2025-08-23T09:45:59Z;1432;;1432
2025-08-23T09:46:00Z;1175;;1175
2025-08-23T09:46:06Z;;0;1175
2025-08-23T09:47:55Z;1246;;1246
2025-08-23T09:48:17Z;1195;;1195
2025-08-23T09:49:12Z;589;;589
2025-08-23T09:51:12Z;829;;829
2025-08-23T09:51:13Z;947;;947
2025-08-23T09:55:58Z;513;;513
2025-08-23T09:57:58Z;780;;780
2025-08-23T09:57:59Z;900;;900
2025-08-23T09:59:19Z;1751;;1751
2025-08-23T09:59:21Z;1194;;1194
2025-08-23T10:00:19Z;1170;;1170
2025-08-23T10:01:01Z;;0;1170
2025-08-23T10:02:42Z;563;;563
2025-08-23T10:04:42Z;802;;802
2025-08-23T10:04:43Z;967;;967
2025-08-23T10:06:05Z;1496;;1496
2025-08-23T10:06:07Z;1176;;1176
2025-08-23T10:06:16Z;1550;;1550
2025-08-23T10:06:18Z;1187;;1187
2025-08-23T10:09:34Z;561;;561
2025-08-23T10:11:34Z;834;;834
2025-08-23T10:11:35Z;951;;951
2025-08-23T10:12:10Z;1893;;1893
2025-08-23T10:12:11Z;1240;;1240
2025-08-23T10:15:19Z;1289;;1289
2025-08-23T10:16:01Z;;0;1289
2025-08-23T10:16:28Z;649;;649
2025-08-23T10:18:29Z;994;;994
2025-08-23T10:18:54Z;1202;;1202
2025-08-23T10:19:47Z;1156;;1156
2025-08-23T10:19:49Z;1241;;1241
2025-08-23T10:19:50Z;1170;;1170
2025-08-23T10:21:26Z;1231;;1231
2025-08-23T10:21:38Z;1182;;1182
2025-08-23T10:21:55Z;1243;;1243
2025-08-23T10:23:21Z;1156;;1156
2025-08-23T10:23:39Z;517;;517
2025-08-23T10:25:39Z;751;;751
2025-08-23T10:25:41Z;972;;972
2025-08-23T10:26:24Z;1487;;1487
2025-08-23T10:26:25Z;1099;;1099
2025-08-23T10:26:33Z;1539;;1539
2025-08-23T10:26:35Z;1148;;1148
2025-08-23T10:30:19Z;1162;;1162
2025-08-23T10:31:00Z;535;;535
2025-08-23T10:31:01Z;;0;535
2025-08-23T10:32:58Z;739;;739
2025-08-23T10:33:00Z;982;;982
2025-08-23T10:38:45Z;536;;536
2025-08-23T10:40:45Z;857;;857
2025-08-23T10:40:47Z;955;;955
2025-08-23T10:42:18Z;1512;;1512
2025-08-23T10:42:20Z;1139;;1139
2025-08-23T10:42:29Z;1405;;1405
2025-08-23T10:42:31Z;1162;;1162
2025-08-23T10:44:46Z;1256;;1256
2025-08-23T10:45:21Z;1257;;1257
2025-08-23T10:46:01Z;;0;1257
2025-08-23T10:46:59Z;622;;622
2025-08-23T10:48:26Z;574;;574
2025-08-23T10:49:00Z;931;;931
2025-08-23T10:51:22Z;1201;;1201
2025-08-23T10:56:05Z;585;;585
2025-08-23T10:58:03Z;833;;833
2025-08-23T10:58:04Z;949;;949
2025-08-23T11:00:05Z;1205;;1205
2025-08-23T11:00:19Z;1194;;1194
2025-08-23T11:01:01Z;;0;1194
2025-08-23T11:01:14Z;1152;;1152
2025-08-23T11:01:32Z;1200;;1200
2025-08-23T11:01:38Z;1149;;1149
2025-08-23T11:01:54Z;1201;;1201
2025-08-23T11:02:32Z;1051;;1051
2025-08-23T11:02:35Z;1388;;1388
2025-08-23T11:02:38Z;1194;;1194
2025-08-23T11:02:46Z;1434;;1434
2025-08-23T11:03:12Z;1171;;1171
2025-08-23T11:03:29Z;1217;;1217
2025-08-23T11:05:11Z;1171;;1171
2025-08-23T11:05:39Z;1916;;1916
2025-08-23T11:05:41Z;1263;;1263
2025-08-23T11:05:48Z;622;;622
2025-08-23T11:06:28Z;564;;564
2025-08-23T11:06:43Z;612;;612
2025-08-23T11:07:49Z;946;;946
2025-08-23T11:08:47Z;1209;;1209
2025-08-23T11:13:25Z;1162;;1162
2025-08-23T11:13:26Z;1226;;1226
2025-08-23T11:15:19Z;1253;;1253
2025-08-23T11:16:01Z;;0;1253
2025-08-23T11:16:27Z;1060;;1060
2025-08-23T11:16:28Z;626;;626
2025-08-23T11:17:01Z;546;;546
2025-08-23T11:30:15Z;651;;651
2025-08-23T11:30:19Z;575;;575
2025-08-23T11:31:01Z;;0;575
2025-08-23T11:32:24Z;450;;450
2025-08-23T11:34:47Z;618;;618
2025-08-23T11:34:53Z;443;;443
2025-08-23T11:36:47Z;685;;685
2025-08-23T11:36:49Z;599;;599
2025-08-23T11:38:47Z;1000;;1000
2025-08-23T11:38:49Z;591;;591
2025-08-23T11:40:47Z;735;;735
2025-08-23T11:40:53Z;554;;554
2025-08-23T11:42:48Z;622;;622
2025-08-23T11:42:54Z;438;;438
2025-08-23T11:44:48Z;881;;881
2025-08-23T11:44:54Z;439;;439
2025-08-23T11:45:19Z;437;;437
2025-08-23T11:46:01Z;;0;437
2025-08-23T11:46:48Z;1092;;1092
2025-08-23T11:46:50Z;605;;605
2025-08-23T11:46:56Z;445;;445
2025-08-23T11:48:49Z;635;;635
2025-08-23T11:48:55Z;459;;459
2025-08-23T11:50:49Z;640;;640
2025-08-23T11:50:51Z;568;;568
2025-08-23T11:52:49Z;1045;;1045
2025-08-23T11:52:51Z;592;;592
2025-08-23T11:58:50Z;946;;946
2025-08-23T11:58:52Z;569;;569
2025-08-23T11:59:31Z;1133;;1133
2025-08-23T11:59:33Z;508;;508
2025-08-23T12:00:19Z;461;;461
2025-08-23T12:00:52Z;1038;;1038
2025-08-23T12:00:53Z;635;;635
2025-08-23T12:00:56Z;505;;505
2025-08-23T12:01:01Z;;0;505
2025-08-23T12:02:51Z;655;;655
2025-08-23T12:02:57Z;476;;476
2025-08-23T12:07:28Z;296;;296
2025-08-23T12:15:19Z;223;;223
2025-08-23T12:15:40Z;1358;;1358
2025-08-23T12:15:42Z;289;;289
2025-08-23T12:16:01Z;;0;289
2025-08-23T12:30:19Z;277;;277
2025-08-23T12:31:01Z;;0;277
2025-08-23T12:45:19Z;221;;221
2025-08-23T12:46:01Z;;0;221
2025-08-23T12:46:35Z;408;;408
2025-08-23T12:46:47Z;239;;239
2025-08-23T12:46:49Z;365;;365
2025-08-23T12:47:07Z;219;;219
2025-08-23T12:47:08Z;479;;479
2025-08-23T12:47:24Z;192;;192
2025-08-23T12:48:59Z;315;;315
2025-08-23T13:00:19Z;361;;361
2025-08-23T13:01:03Z;;0;361
2025-08-23T13:01:29Z;1305;;1305
2025-08-23T13:01:30Z;448;;448
2025-08-23T13:10:30Z;299;;299
2025-08-23T13:15:19Z;314;;314
2025-08-23T13:16:03Z;;0;314
2025-08-23T13:19:49Z;1074;;1074
2025-08-23T13:19:57Z;296;;296
2025-08-23T13:30:19Z;233;;233
2025-08-23T13:31:01Z;;0;233
2025-08-23T13:37:33Z;498;;498
2025-08-23T13:37:34Z;600;;600
2025-08-23T13:39:47Z;244;;244
2025-08-23T13:39:48Z;670;;670
2025-08-23T13:39:50Z;958;;958
2025-08-23T13:39:53Z;1227;;1227
2025-08-23T13:44:42Z;1959;;1959
2025-08-23T13:44:43Z;1439;;1439
2025-08-23T13:45:19Z;1416;;1416
2025-08-23T13:46:01Z;;0;1416
2025-08-23T13:46:26Z;368;;368
2025-08-23T13:46:27Z;740;;740
2025-08-23T13:47:17Z;1848;;1848
2025-08-23T13:47:18Z;857;;857
2025-08-23T13:49:21Z;427;;427
2025-08-23T13:49:22Z;814;;814
2025-08-23T13:49:23Z;901;;901
2025-08-23T13:49:30Z;1202;;1202
2025-08-23T13:55:38Z;1120;;1120
2025-08-23T13:55:40Z;1201;;1201
2025-08-23T13:55:48Z;1154;;1154
2025-08-23T13:55:53Z;1208;;1208
2025-08-23T13:55:55Z;1113;;1113
2025-08-23T14:00:21Z;1084;;1084
2025-08-23T14:01:01Z;;0;1084
2025-08-23T14:01:25Z;887;;887
2025-08-23T14:01:27Z;997;;997
2025-08-23T14:01:39Z;898;;898
2025-08-23T14:01:40Z;1073;;1073
2025-08-23T14:15:20Z;283;;283
2025-08-23T14:15:22Z;1066;;1066
2025-08-23T14:15:29Z;627;;627
2025-08-23T14:16:01Z;;0;627
2025-08-23T14:17:04Z;906;;906
2025-08-23T14:17:28Z;850;;850
2025-08-23T14:17:52Z;910;;910
2025-08-23T14:18:30Z;860;;860
2025-08-23T14:21:53Z;1822;;1822
2025-08-23T14:21:54Z;1743;;1743
2025-08-23T14:22:04Z;1806;;1806
2025-08-23T14:24:17Z;967;;967
2025-08-23T14:24:18Z;887;;887
2025-08-23T14:28:32Z;1566;;1566
2025-08-23T14:28:40Z;886;;886
2025-08-23T14:28:47Z;1600;;1600
2025-08-23T14:30:20Z;1573;;1573
2025-08-23T14:30:30Z;1484;;1484
2025-08-23T14:30:31Z;1537;;1537
2025-08-23T14:31:01Z;;0;1537
2025-08-23T14:32:17Z;878;;878
2025-08-23T14:32:19Z;1581;;1581
2025-08-23T14:32:23Z;1456;;1456
2025-08-23T14:32:24Z;1514;;1514
2025-08-23T14:32:40Z;935;;935
2025-08-23T14:32:41Z;865;;865
2025-08-23T14:32:59Z;1534;;1534
2025-08-23T14:33:10Z;873;;873
2025-08-23T14:33:19Z;1917;;1917
2025-08-23T14:33:20Z;926;;926
2025-08-23T14:34:09Z;1589;;1589
2025-08-23T14:35:09Z;934;;934
2025-08-23T14:35:18Z;1589;;1589
2025-08-23T14:35:27Z;933;;933
2025-08-23T14:35:32Z;1596;;1596
2025-08-23T14:37:01Z;924;;924
2025-08-23T14:37:05Z;1592;;1592
2025-08-23T14:37:16Z;929;;929
2025-08-23T14:45:20Z;989;;989
2025-08-23T14:46:01Z;;0;989
2025-08-23T14:53:49Z;864;;864
2025-08-23T14:55:14Z;911;;911
2025-08-23T14:59:36Z;840;;840
2025-08-23T15:00:20Z;877;;877
2025-08-23T15:01:03Z;;0;877
2025-08-23T15:01:59Z;905;;905
2025-08-23T15:08:08Z;843;;843
2025-08-23T15:08:20Z;910;;910
2025-08-23T15:08:40Z;841;;841
2025-08-23T15:08:50Z;901;;901
2025-08-23T15:10:06Z;1257;;1257
2025-08-23T15:10:22Z;1529;;1529
2025-08-23T15:10:26Z;1801;;1801
2025-08-23T15:11:00Z;2101;;2101
2025-08-23T15:11:01Z;1945;;1945
2025-08-23T15:11:15Z;2109;;2109
2025-08-23T15:11:23Z;1898;;1898
2025-08-23T15:11:24Z;2159;;2159
2025-08-23T15:11:27Z;2071;;2071
2025-08-23T15:11:29Z;2132;;2132
2025-08-23T15:11:31Z;1981;;1981
2025-08-23T15:12:59Z;3637;;3637
2025-08-23T15:13:01Z;3551;;3551
2025-08-23T15:13:02Z;3628;;3628
2025-08-23T15:13:12Z;3573;;3573
2025-08-23T15:13:20Z;3638;;3638
2025-08-23T15:14:18Z;3910;;3910
2025-08-23T15:14:19Z;3863;;3863
2025-08-23T15:14:20Z;3931;;3931
2025-08-23T15:14:24Z;4204;;4204
2025-08-23T15:15:20Z;4304;;4304
2025-08-23T15:15:34Z;4508;;4508
2025-08-23T15:16:01Z;;0;4508
2025-08-23T15:18:54Z;4802;;4802
2025-08-23T15:18:56Z;5660;;5660
2025-08-23T15:18:57Z;4853;;4853
2025-08-23T15:22:07Z;5136;;5136
2025-08-23T15:22:08Z;5032;;5032
2025-08-23T15:22:44Z;5103;;5103
2025-08-23T15:25:37Z;5400;;5400
2025-08-23T15:25:38Z;5261;;5261
2025-08-23T15:25:41Z;5403;;5403
2025-08-23T15:25:43Z;5274;;5274
2025-08-23T15:25:52Z;5432;;5432
2025-08-23T15:25:54Z;5281;;5281
2025-08-23T15:25:55Z;5405;;5405
2025-08-23T15:25:57Z;5280;;5280
2025-08-23T15:28:55Z;2758;;2758
2025-08-23T15:28:56Z;2680;;2680
2025-08-23T15:28:59Z;2823;;2823
2025-08-23T15:29:07Z;2658;;2658
2025-08-23T15:29:08Z;2848;;2848
2025-08-23T15:29:14Z;2684;;2684
2025-08-23T15:30:20Z;2664;;2664
2025-08-23T15:31:01Z;;0;2664
2025-08-23T15:31:26Z;1047;;1047
2025-08-23T15:44:05Z;876;;876
2025-08-23T15:44:06Z;931;;931
2025-08-23T15:44:39Z;863;;863
2025-08-23T15:44:40Z;928;;928
2025-08-23T15:45:20Z;942;;942
2025-08-23T15:45:48Z;869;;869
2025-08-23T15:45:49Z;929;;929
2025-08-23T15:46:01Z;;0;929
2025-08-23T15:50:21Z;875;;875
2025-08-23T15:50:30Z;925;;925
2025-08-23T15:50:43Z;871;;871
2025-08-23T15:52:22Z;952;;952
2025-08-23T15:53:47Z;875;;875
2025-08-23T15:53:48Z;924;;924
2025-08-23T15:54:20Z;856;;856
2025-08-23T15:54:21Z;921;;921
2025-08-23T15:56:20Z;2608;;2608
2025-08-23T16:00:20Z;2636;;2636
2025-08-23T16:01:01Z;;0;2636
2025-08-23T16:03:28Z;970;;970
2025-08-23T16:04:32Z;2078;;2078
2025-08-23T16:04:33Z;1014;;1014
2025-08-23T16:08:37Z;445;;445
2025-08-23T16:08:38Z;789;;789
2025-08-23T16:08:40Z;444;;444
2025-08-23T16:08:41Z;783;;783
2025-08-23T16:09:12Z;475;;475
2025-08-23T16:09:14Z;819;;819
2025-08-23T16:09:21Z;473;;473
2025-08-23T16:09:22Z;834;;834
2025-08-23T16:09:24Z;474;;474
2025-08-23T16:09:26Z;849;;849
2025-08-23T16:09:27Z;472;;472
2025-08-23T16:09:29Z;846;;846
2025-08-23T16:09:30Z;476;;476
2025-08-23T16:09:32Z;851;;851
2025-08-23T16:09:34Z;473;;473
2025-08-23T16:09:35Z;854;;854
2025-08-23T16:09:37Z;473;;473
2025-08-23T16:09:38Z;853;;853
2025-08-23T16:09:40Z;477;;477
2025-08-23T16:09:41Z;735;;735
2025-08-23T16:09:43Z;493;;493
2025-08-23T16:09:45Z;878;;878
2025-08-23T16:09:46Z;500;;500
2025-08-23T16:09:48Z;882;;882
2025-08-23T16:09:50Z;498;;498
2025-08-23T16:09:51Z;883;;883
2025-08-23T16:09:53Z;499;;499
2025-08-23T16:09:54Z;882;;882
2025-08-23T16:09:56Z;493;;493
2025-08-23T16:09:57Z;686;;686
2025-08-23T16:09:59Z;498;;498
2025-08-23T16:10:01Z;889;;889
2025-08-23T16:10:02Z;502;;502
2025-08-23T16:10:04Z;888;;888
2025-08-23T16:10:06Z;497;;497
2025-08-23T16:10:07Z;889;;889
2025-08-23T16:10:09Z;499;;499
2025-08-23T16:10:10Z;887;;887
2025-08-23T16:10:12Z;499;;499
2025-08-23T16:10:13Z;717;;717
2025-08-23T16:10:15Z;498;;498
2025-08-23T16:10:17Z;896;;896
2025-08-23T16:10:24Z;501;;501
2025-08-23T16:10:25Z;894;;894
2025-08-23T16:10:26Z;496;;496
2025-08-23T16:10:27Z;889;;889
2025-08-23T16:10:28Z;496;;496
2025-08-23T16:10:30Z;889;;889
2025-08-23T16:10:31Z;497;;497
2025-08-23T16:10:32Z;722;;722
2025-08-23T16:10:33Z;497;;497
2025-08-23T16:10:34Z;897;;897
2025-08-23T16:10:36Z;501;;501
2025-08-23T16:10:37Z;898;;898
2025-08-23T16:10:38Z;496;;496
2025-08-23T16:10:39Z;898;;898
2025-08-23T16:10:41Z;491;;491
2025-08-23T16:10:42Z;874;;874
2025-08-23T16:10:44Z;475;;475
2025-08-23T16:10:45Z;877;;877
2025-08-23T16:10:47Z;476;;476
2025-08-23T16:10:49Z;876;;876
2025-08-23T16:10:50Z;477;;477
2025-08-23T16:10:52Z;881;;881
2025-08-23T16:10:54Z;476;;476
2025-08-23T16:10:55Z;880;;880
2025-08-23T16:10:57Z;482;;482
2025-08-23T16:10:58Z;889;;889
2025-08-23T16:11:00Z;482;;482
2025-08-23T16:11:01Z;767;;767
2025-08-23T16:11:03Z;484;;484
2025-08-23T16:11:05Z;890;;890
2025-08-23T16:11:06Z;487;;487
2025-08-23T16:11:08Z;890;;890
2025-08-23T16:11:09Z;596;;596
2025-08-23T16:11:11Z;888;;888
2025-08-23T16:11:13Z;481;;481
2025-08-23T16:11:14Z;889;;889
2025-08-23T16:11:16Z;484;;484
2025-08-23T16:11:17Z;782;;782
2025-08-23T16:11:19Z;485;;485
2025-08-23T16:11:21Z;892;;892
2025-08-23T16:11:22Z;484;;484
2025-08-23T16:11:24Z;2628;;2628
2025-08-23T16:11:25Z;2338;;2338
2025-08-23T16:11:27Z;2613;;2613
2025-08-23T16:11:29Z;2233;;2233
2025-08-23T16:11:30Z;2603;;2603
2025-08-23T16:11:32Z;2228;;2228
2025-08-23T16:11:33Z;2516;;2516
2025-08-23T16:11:35Z;2224;;2224
2025-08-23T16:11:37Z;2599;;2599
2025-08-23T16:11:38Z;2225;;2225
2025-08-23T16:11:40Z;2592;;2592
2025-08-23T16:11:41Z;2302;;2302
2025-08-23T16:11:43Z;2602;;2602
2025-08-23T16:11:45Z;2222;;2222
2025-08-23T16:11:46Z;2599;;2599
2025-08-23T16:11:48Z;2224;;2224
2025-08-23T16:11:49Z;2520;;2520
2025-08-23T16:11:51Z;2226;;2226
2025-08-23T16:11:53Z;2607;;2607
2025-08-23T16:11:54Z;2226;;2226
2025-08-23T16:11:56Z;2607;;2607
2025-08-23T16:11:57Z;2299;;2299
2025-08-23T16:11:59Z;2633;;2633
2025-08-23T16:12:01Z;2250;;2250
2025-08-23T16:12:02Z;2604;;2604
2025-08-23T16:12:03Z;2758;;2758
2025-08-23T16:12:04Z;2366;;2366
2025-08-23T16:12:05Z;3638;;3638
2025-08-23T16:12:07Z;3992;;3992
2025-08-23T16:12:08Z;3622;;3622
2025-08-23T16:12:09Z;3989;;3989
2025-08-23T16:12:10Z;3617;;3617
2025-08-23T16:12:12Z;4000;;4000
2025-08-23T16:12:13Z;3693;;3693
2025-08-23T16:12:15Z;3970;;3970
2025-08-23T16:12:17Z;3606;;3606
2025-08-23T16:12:18Z;3987;;3987
2025-08-23T16:12:20Z;3614;;3614
2025-08-23T16:12:21Z;3929;;3929
2025-08-23T16:12:23Z;3626;;3626
2025-08-23T16:12:25Z;3977;;3977
2025-08-23T16:12:26Z;3614;;3614
2025-08-23T16:12:28Z;3986;;3986
2025-08-23T16:12:29Z;3656;;3656
2025-08-23T16:12:31Z;3969;;3969
2025-08-23T16:12:32Z;2667;;2667
2025-08-23T16:12:33Z;2217;;2217
2025-08-23T16:12:34Z;2626;;2626
2025-08-23T16:12:36Z;2232;;2232
2025-08-23T16:12:37Z;2559;;2559
2025-08-23T16:12:39Z;2230;;2230
2025-08-23T16:12:40Z;2615;;2615
2025-08-23T16:12:42Z;2234;;2234
2025-08-23T16:12:44Z;2612;;2612
2025-08-23T16:12:45Z;2280;;2280
2025-08-23T16:12:47Z;2610;;2610
2025-08-23T16:12:49Z;2229;;2229
2025-08-23T16:12:50Z;2607;;2607
2025-08-23T16:12:52Z;2227;;2227
2025-08-23T16:12:53Z;2567;;2567
2025-08-23T16:12:55Z;2235;;2235
2025-08-23T16:12:57Z;2616;;2616
2025-08-23T16:12:58Z;2214;;2214
2025-08-23T16:13:00Z;2598;;2598
2025-08-23T16:13:01Z;2249;;2249
2025-08-23T16:13:03Z;2594;;2594
2025-08-23T16:13:05Z;2208;;2208
2025-08-23T16:13:06Z;2589;;2589
2025-08-23T16:13:08Z;2211;;2211
2025-08-23T16:13:09Z;2563;;2563
2025-08-23T16:13:11Z;2210;;2210
2025-08-23T16:13:13Z;2591;;2591
2025-08-23T16:13:14Z;2212;;2212
2025-08-23T16:13:16Z;2592;;2592
2025-08-23T16:13:17Z;2232;;2232
2025-08-23T16:13:19Z;2585;;2585
2025-08-23T16:13:21Z;2202;;2202
2025-08-23T16:13:22Z;2580;;2580
2025-08-23T16:13:24Z;2204;;2204
2025-08-23T16:13:25Z;2572;;2572
2025-08-23T16:13:27Z;2211;;2211
2025-08-23T16:13:29Z;2597;;2597
2025-08-23T16:13:30Z;2215;;2215
2025-08-23T16:13:32Z;2595;;2595
2025-08-23T16:13:33Z;2233;;2233
2025-08-23T16:13:35Z;2597;;2597
2025-08-23T16:13:37Z;2207;;2207
2025-08-23T16:13:38Z;2596;;2596
2025-08-23T16:13:40Z;2209;;2209
2025-08-23T16:13:41Z;2575;;2575
2025-08-23T16:13:43Z;2211;;2211
2025-08-23T16:13:45Z;2594;;2594
2025-08-23T16:13:46Z;2206;;2206
2025-08-23T16:13:48Z;2592;;2592
2025-08-23T16:13:49Z;2226;;2226
2025-08-23T16:13:51Z;2592;;2592
2025-08-23T16:13:53Z;2218;;2218
2025-08-23T16:13:54Z;2600;;2600
2025-08-23T16:13:56Z;2231;;2231
2025-08-23T16:13:57Z;2598;;2598
2025-08-23T16:13:59Z;2233;;2233
2025-08-23T16:14:01Z;2619;;2619
2025-08-23T16:14:02Z;2235;;2235
2025-08-23T16:14:04Z;2611;;2611
2025-08-23T16:14:05Z;2246;;2246
2025-08-23T16:14:07Z;2620;;2620
2025-08-23T16:14:09Z;2231;;2231
2025-08-23T16:14:10Z;2616;;2616
2025-08-23T16:14:12Z;2232;;2232
2025-08-23T16:14:13Z;2597;;2597
2025-08-23T16:14:15Z;2229;;2229
2025-08-23T16:14:17Z;2616;;2616
2025-08-23T16:14:18Z;2233;;2233
2025-08-23T16:14:20Z;2615;;2615
2025-08-23T16:14:21Z;2244;;2244
2025-08-23T16:14:23Z;2615;;2615
2025-08-23T16:14:25Z;2228;;2228
2025-08-23T16:14:26Z;2610;;2610
2025-08-23T16:14:28Z;2233;;2233
2025-08-23T16:14:29Z;2603;;2603
2025-08-23T16:14:31Z;2232;;2232
2025-08-23T16:14:33Z;2616;;2616
2025-08-23T16:14:34Z;2235;;2235
2025-08-23T16:14:36Z;2618;;2618
2025-08-23T16:14:37Z;2252;;2252
2025-08-23T16:14:39Z;2616;;2616
2025-08-23T16:14:41Z;2240;;2240
2025-08-23T16:14:42Z;2621;;2621
2025-08-23T16:14:44Z;2233;;2233
2025-08-23T16:14:45Z;2605;;2605
2025-08-23T16:14:47Z;2233;;2233
2025-08-23T16:14:49Z;2621;;2621
2025-08-23T16:14:50Z;2238;;2238
2025-08-23T16:14:52Z;2622;;2622
2025-08-23T16:14:53Z;2249;;2249
2025-08-23T16:14:55Z;2624;;2624
2025-08-23T16:14:57Z;2239;;2239
2025-08-23T16:14:58Z;2605;;2605
2025-08-23T16:15:00Z;2223;;2223
2025-08-23T16:15:01Z;2596;;2596
2025-08-23T16:15:03Z;2219;;2219
2025-08-23T16:15:05Z;2608;;2608
2025-08-23T16:15:06Z;2222;;2222
2025-08-23T16:15:08Z;2612;;2612
2025-08-23T16:15:09Z;2239;;2239
2025-08-23T16:15:11Z;2609;;2609
2025-08-23T16:15:13Z;2224;;2224
2025-08-23T16:15:14Z;2607;;2607
2025-08-23T16:15:16Z;2222;;2222
2025-08-23T16:15:17Z;2591;;2591
2025-08-23T16:15:19Z;2221;;2221
2025-08-23T16:15:21Z;2609;;2609
2025-08-23T16:15:28Z;2602;;2602
2025-08-23T16:15:30Z;2222;;2222
2025-08-23T16:15:31Z;2616;;2616
2025-08-23T16:15:32Z;2235;;2235
2025-08-23T16:15:33Z;2604;;2604
2025-08-23T16:15:34Z;2227;;2227
2025-08-23T16:15:36Z;2607;;2607
2025-08-23T16:15:37Z;2221;;2221
2025-08-23T16:15:38Z;2597;;2597
2025-08-23T16:15:39Z;2227;;2227
2025-08-23T16:15:40Z;2598;;2598
2025-08-23T16:15:42Z;2212;;2212
2025-08-23T16:15:43Z;2596;;2596
2025-08-23T16:15:44Z;2217;;2217
2025-08-23T16:15:45Z;2591;;2591
2025-08-23T16:15:46Z;2204;;2204
2025-08-23T16:15:48Z;2589;;2589
2025-08-23T16:15:49Z;2205;;2205
2025-08-23T16:15:50Z;2581;;2581
2025-08-23T16:15:51Z;2210;;2210
2025-08-23T16:15:53Z;2594;;2594
2025-08-23T16:15:54Z;2212;;2212
2025-08-23T16:15:56Z;2589;;2589
2025-08-23T16:15:57Z;2214;;2214
2025-08-23T16:15:59Z;2583;;2583
2025-08-23T16:16:01Z;2200;;2200
2025-08-23T16:16:02Z;2585;;2585
2025-08-23T16:16:04Z;2203;;2203
2025-08-23T16:16:05Z;2575;;2575
2025-08-23T16:16:06Z;;0;2575
2025-08-23T16:16:07Z;2193;;2193
2025-08-23T16:16:09Z;2576;;2576
2025-08-23T16:16:10Z;2196;;2196
2025-08-23T16:16:12Z;2579;;2579
2025-08-23T16:16:13Z;2205;;2205
2025-08-23T16:16:15Z;2573;;2573
2025-08-23T16:16:17Z;2194;;2194
2025-08-23T16:16:18Z;2573;;2573
2025-08-23T16:16:20Z;2195;;2195
2025-08-23T16:16:21Z;2571;;2571
2025-08-23T16:16:23Z;2195;;2195
2025-08-23T16:16:25Z;2583;;2583
2025-08-23T16:16:26Z;2208;;2208
2025-08-23T16:16:28Z;2587;;2587
2025-08-23T16:16:29Z;2213;;2213
2025-08-23T16:16:31Z;2586;;2586
2025-08-23T16:16:33Z;2199;;2199
2025-08-23T16:16:34Z;2584;;2584
2025-08-23T16:16:36Z;2205;;2205
2025-08-23T16:16:37Z;2580;;2580
2025-08-23T16:16:39Z;2207;;2207
2025-08-23T16:16:41Z;2586;;2586
2025-08-23T16:16:42Z;2202;;2202
2025-08-23T16:16:44Z;2585;;2585
2025-08-23T16:16:45Z;2202;;2202
2025-08-23T16:16:47Z;2585;;2585
2025-08-23T16:16:49Z;2204;;2204
2025-08-23T16:16:50Z;2586;;2586
2025-08-23T16:16:52Z;2205;;2205
2025-08-23T16:16:53Z;2577;;2577
2025-08-23T16:16:55Z;2211;;2211
2025-08-23T16:16:57Z;2595;;2595
2025-08-23T16:16:58Z;2213;;2213
2025-08-23T16:17:00Z;2591;;2591
2025-08-23T16:17:01Z;2216;;2216
2025-08-23T16:17:03Z;2593;;2593
2025-08-23T16:17:05Z;2211;;2211
2025-08-23T16:17:06Z;2588;;2588
2025-08-23T16:17:08Z;2210;;2210
2025-08-23T16:17:09Z;2581;;2581
2025-08-23T16:17:11Z;2210;;2210
2025-08-23T16:17:13Z;2592;;2592
2025-08-23T16:17:14Z;2213;;2213
2025-08-23T16:17:16Z;2589;;2589
2025-08-23T16:17:17Z;2220;;2220
2025-08-23T16:17:19Z;2596;;2596
2025-08-23T16:17:21Z;2207;;2207
2025-08-23T16:17:22Z;2591;;2591
2025-08-23T16:17:24Z;2211;;2211
2025-08-23T16:17:25Z;2579;;2579
2025-08-23T16:17:27Z;2189;;2189
2025-08-23T16:17:29Z;2590;;2590
2025-08-23T16:17:30Z;2204;;2204
2025-08-23T16:17:32Z;2584;;2584
2025-08-23T16:17:33Z;2204;;2204
2025-08-23T16:17:35Z;2584;;2584
2025-08-23T16:17:37Z;2201;;2201
2025-08-23T16:17:38Z;2582;;2582
2025-08-23T16:17:40Z;2201;;2201
2025-08-23T16:17:41Z;2573;;2573
2025-08-23T16:17:43Z;2202;;2202
2025-08-23T16:17:45Z;2580;;2580
2025-08-23T16:17:46Z;2203;;2203
2025-08-23T16:17:48Z;2587;;2587
2025-08-23T16:17:49Z;2213;;2213
2025-08-23T16:17:51Z;2586;;2586
2025-08-23T16:17:53Z;2216;;2216
2025-08-23T16:17:54Z;2594;;2594
2025-08-23T16:17:56Z;2210;;2210
2025-08-23T16:17:57Z;2590;;2590
2025-08-23T16:17:59Z;2217;;2217
2025-08-23T16:18:01Z;2596;;2596
2025-08-23T16:18:02Z;2218;;2218
2025-08-23T16:18:04Z;2599;;2599
2025-08-23T16:18:05Z;2218;;2218
2025-08-23T16:18:07Z;2594;;2594
2025-08-23T16:18:09Z;2212;;2212
2025-08-23T16:18:10Z;2593;;2593
2025-08-23T16:18:12Z;2208;;2208
2025-08-23T16:18:13Z;2591;;2591
2025-08-23T16:18:15Z;2213;;2213
2025-08-23T16:18:17Z;2595;;2595
2025-08-23T16:18:18Z;2216;;2216
2025-08-23T16:18:20Z;2594;;2594
2025-08-23T16:18:21Z;2209;;2209
2025-08-23T16:18:23Z;2596;;2596
2025-08-23T16:18:25Z;2213;;2213
2025-08-23T16:18:26Z;2597;;2597
2025-08-23T16:18:28Z;2215;;2215
2025-08-23T16:18:29Z;2594;;2594
2025-08-23T16:18:31Z;2215;;2215
2025-08-23T16:18:33Z;2598;;2598
2025-08-23T16:18:34Z;2216;;2216
2025-08-23T16:18:36Z;2607;;2607
2025-08-23T16:18:37Z;2220;;2220
2025-08-23T16:18:39Z;2596;;2596
2025-08-23T16:18:41Z;2222;;2222
2025-08-23T16:18:42Z;2610;;2610
2025-08-23T16:18:44Z;2224;;2224
2025-08-23T16:18:45Z;2602;;2602
2025-08-23T16:18:47Z;2223;;2223
2025-08-23T16:18:49Z;2607;;2607
2025-08-23T16:18:50Z;2224;;2224
2025-08-23T16:18:52Z;2590;;2590
2025-08-23T16:18:53Z;2209;;2209
2025-08-23T16:18:55Z;2597;;2597
2025-08-23T16:18:57Z;2208;;2208
2025-08-23T16:18:58Z;2589;;2589
2025-08-23T16:19:00Z;2206;;2206
2025-08-23T16:19:01Z;2584;;2584
2025-08-23T16:19:03Z;2206;;2206
2025-08-23T16:19:05Z;2590;;2590
2025-08-23T16:19:06Z;2200;;2200
2025-08-23T16:19:08Z;2582;;2582
2025-08-23T16:19:09Z;2204;;2204
2025-08-23T16:19:11Z;2579;;2579
2025-08-23T16:19:13Z;2201;;2201
2025-08-23T16:19:14Z;2581;;2581
2025-08-23T16:19:16Z;2199;;2199
2025-08-23T16:19:17Z;2577;;2577
2025-08-23T16:19:19Z;2197;;2197
2025-08-23T16:19:21Z;2577;;2577
2025-08-23T16:19:22Z;2198;;2198
2025-08-23T16:19:24Z;2578;;2578
2025-08-23T16:19:25Z;2199;;2199
2025-08-23T16:19:27Z;2577;;2577
2025-08-23T16:19:29Z;2191;;2191
2025-08-23T16:19:30Z;2573;;2573
2025-08-23T16:19:32Z;2194;;2194
2025-08-23T16:19:33Z;2569;;2569
2025-08-23T16:19:35Z;2191;;2191
2025-08-23T16:19:37Z;2576;;2576
2025-08-23T16:19:38Z;2191;;2191
2025-08-23T16:19:40Z;2573;;2573
2025-08-23T16:19:41Z;2198;;2198
2025-08-23T16:19:43Z;2576;;2576
2025-08-23T16:19:44Z;2379;;2379
2025-08-23T16:19:46Z;2568;;2568
2025-08-23T16:19:48Z;2185;;2185
2025-08-23T16:19:49Z;2564;;2564
2025-08-23T16:19:50Z;905;;905
2025-08-23T16:19:51Z;487;;487
2025-08-23T16:19:52Z;690;;690
2025-08-23T16:19:54Z;488;;488
2025-08-23T16:19:56Z;887;;887
2025-08-23T16:19:57Z;488;;488
2025-08-23T16:19:59Z;890;;890
2025-08-23T16:20:01Z;485;;485
2025-08-23T16:20:02Z;890;;890
2025-08-23T16:20:04Z;485;;485
2025-08-23T16:20:05Z;882;;882
2025-08-23T16:20:07Z;486;;486
2025-08-23T16:20:08Z;703;;703
2025-08-23T16:20:10Z;486;;486
2025-08-23T16:20:12Z;889;;889
2025-08-23T16:20:13Z;488;;488
2025-08-23T16:20:15Z;887;;887
2025-08-23T16:20:17Z;486;;486
2025-08-23T16:20:18Z;886;;886
2025-08-23T16:20:20Z;484;;484
2025-08-23T16:20:21Z;885;;885
2025-08-23T16:20:23Z;483;;483
2025-08-23T16:20:24Z;711;;711
2025-08-23T16:20:25Z;488;;488
2025-08-23T16:20:30Z;889;;889
2025-08-23T16:20:31Z;490;;490
2025-08-23T16:20:32Z;889;;889
2025-08-23T16:20:33Z;486;;486
2025-08-23T16:20:34Z;889;;889
2025-08-23T16:20:36Z;487;;487
2025-08-23T16:20:37Z;887;;887
2025-08-23T16:20:39Z;486;;486
2025-08-23T16:20:40Z;706;;706
2025-08-23T16:20:42Z;487;;487
2025-08-23T16:20:44Z;892;;892
2025-08-23T16:20:45Z;490;;490
2025-08-23T16:20:47Z;889;;889
2025-08-23T16:20:49Z;409;;409
2025-08-23T16:20:50Z;796;;796
2025-08-23T16:20:52Z;411;;411
2025-08-23T16:20:53Z;814;;814
2025-08-23T16:20:55Z;414;;414
2025-08-23T16:20:56Z;823;;823
2025-08-23T16:20:58Z;418;;418
2025-08-23T16:21:00Z;823;;823
2025-08-23T16:21:01Z;420;;420
2025-08-23T16:21:03Z;823;;823
2025-08-23T16:21:04Z;585;;585
2025-08-23T16:21:06Z;820;;820
2025-08-23T16:21:08Z;405;;405
2025-08-23T16:21:09Z;811;;811
2025-08-23T16:21:14Z;410;;410
2025-08-23T16:21:16Z;813;;813
2025-08-23T16:21:17Z;408;;408
2025-08-23T16:21:19Z;814;;814
2025-08-23T16:21:20Z;561;;561
2025-08-23T16:21:22Z;813;;813
2025-08-23T16:21:24Z;409;;409
2025-08-23T16:21:25Z;810;;810
2025-08-23T16:21:27Z;409;;409
2025-08-23T16:21:28Z;666;;666
2025-08-23T16:21:30Z;409;;409
2025-08-23T16:21:32Z;813;;813
2025-08-23T16:21:33Z;411;;411
2025-08-23T16:21:35Z;796;;796
2025-08-23T16:21:36Z;530;;530
2025-08-23T16:21:37Z;799;;799
2025-08-23T16:21:40Z;393;;393
2025-08-23T16:21:41Z;795;;795
2025-08-23T16:21:43Z;394;;394
2025-08-23T16:21:44Z;658;;658
2025-08-23T16:21:46Z;393;;393
2025-08-23T16:21:48Z;798;;798
2025-08-23T16:21:49Z;396;;396
2025-08-23T16:21:51Z;794;;794
2025-08-23T16:21:52Z;515;;515
2025-08-23T16:21:54Z;794;;794
2025-08-23T16:21:56Z;393;;393
2025-08-23T16:21:57Z;796;;796
2025-08-23T16:21:59Z;393;;393
2025-08-23T16:22:00Z;682;;682
2025-08-23T16:22:02Z;389;;389
2025-08-23T16:22:04Z;798;;798
2025-08-23T16:22:05Z;395;;395
2025-08-23T16:22:07Z;800;;800
2025-08-23T16:22:08Z;499;;499
2025-08-23T16:22:10Z;798;;798
2025-08-23T16:22:12Z;393;;393
2025-08-23T16:22:13Z;796;;796
2025-08-23T16:22:15Z;392;;392
2025-08-23T16:22:16Z;693;;693
2025-08-23T16:22:18Z;392;;392
2025-08-23T16:22:19Z;793;;793
2025-08-23T16:22:21Z;397;;397
2025-08-23T16:22:23Z;808;;808
2025-08-23T16:22:24Z;503;;503
2025-08-23T16:22:26Z;812;;812
2025-08-23T16:22:28Z;406;;406
2025-08-23T16:22:29Z;802;;802
2025-08-23T16:22:31Z;408;;408
2025-08-23T16:22:32Z;711;;711
2025-08-23T16:22:34Z;407;;407
2025-08-23T16:22:36Z;808;;808
2025-08-23T16:22:37Z;410;;410
2025-08-23T16:22:39Z;803;;803
2025-08-23T16:22:40Z;496;;496
2025-08-23T16:22:42Z;804;;804
2025-08-23T16:22:44Z;402;;402
2025-08-23T16:22:45Z;802;;802
2025-08-23T16:22:47Z;402;;402
2025-08-23T16:22:48Z;703;;703
2025-08-23T16:22:50Z;403;;403
2025-08-23T16:22:52Z;806;;806
2025-08-23T16:22:53Z;411;;411
2025-08-23T16:22:55Z;813;;813
2025-08-23T16:22:56Z;504;;504
2025-08-23T16:22:58Z;811;;811
2025-08-23T16:23:05Z;408;;408
2025-08-23T16:23:06Z;802;;802
2025-08-23T16:23:07Z;410;;410
2025-08-23T16:23:08Z;719;;719
2025-08-23T16:23:09Z;407;;407
2025-08-23T16:23:11Z;811;;811
2025-08-23T16:23:12Z;412;;412
2025-08-23T16:23:13Z;812;;812
2025-08-23T16:23:14Z;493;;493
2025-08-23T16:23:15Z;811;;811
2025-08-23T16:23:17Z;407;;407
2025-08-23T16:23:18Z;807;;807
2025-08-23T16:23:19Z;403;;403
2025-08-23T16:23:20Z;728;;728
2025-08-23T16:23:22Z;393;;393
2025-08-23T16:23:24Z;795;;795
2025-08-23T16:23:25Z;395;;395
2025-08-23T16:23:27Z;793;;793
2025-08-23T16:23:28Z;469;;469
2025-08-23T16:23:30Z;821;;821
2025-08-23T16:23:32Z;407;;407
2025-08-23T16:23:33Z;806;;806
2025-08-23T16:23:35Z;405;;405
2025-08-23T16:23:36Z;726;;726
2025-08-23T16:23:38Z;409;;409
2025-08-23T16:23:40Z;808;;808
2025-08-23T16:23:41Z;411;;411
2025-08-23T16:23:43Z;809;;809
2025-08-23T16:23:44Z;488;;488
2025-08-23T16:23:46Z;802;;802
2025-08-23T16:23:48Z;407;;407
2025-08-23T16:23:49Z;806;;806
2025-08-23T16:23:51Z;407;;407
2025-08-23T16:23:52Z;727;;727
2025-08-23T16:23:54Z;408;;408
2025-08-23T16:23:56Z;810;;810
2025-08-23T16:23:57Z;409;;409
2025-08-23T16:23:59Z;810;;810
2025-08-23T16:24:00Z;492;;492
2025-08-23T16:24:02Z;810;;810
2025-08-23T16:24:04Z;402;;402
2025-08-23T16:24:05Z;808;;808
2025-08-23T16:24:07Z;408;;408
2025-08-23T16:24:08Z;728;;728
2025-08-23T16:24:10Z;409;;409
2025-08-23T16:24:12Z;811;;811
2025-08-23T16:24:13Z;407;;407
2025-08-23T16:24:15Z;811;;811
2025-08-23T16:24:16Z;486;;486
2025-08-23T16:24:18Z;808;;808
2025-08-23T16:24:20Z;407;;407
2025-08-23T16:24:21Z;807;;807
2025-08-23T16:24:23Z;407;;407
2025-08-23T16:24:24Z;732;;732
2025-08-23T16:24:26Z;409;;409
2025-08-23T16:24:28Z;810;;810
2025-08-23T16:24:29Z;410;;410
2025-08-23T16:24:31Z;807;;807
2025-08-23T16:24:32Z;483;;483
2025-08-23T16:24:34Z;810;;810
2025-08-23T16:24:36Z;407;;407
2025-08-23T16:24:37Z;806;;806
2025-08-23T16:24:39Z;406;;406
2025-08-23T16:24:40Z;733;;733
2025-08-23T16:24:42Z;408;;408
2025-08-23T16:24:44Z;756;;756
2025-08-23T16:24:45Z;356;;356
2025-08-23T16:24:47Z;755;;755
2025-08-23T16:24:48Z;408;;408
2025-08-23T16:24:50Z;756;;756
2025-08-23T16:24:52Z;352;;352
2025-08-23T16:24:53Z;754;;754
2025-08-23T16:24:55Z;354;;354
2025-08-23T16:24:56Z;681;;681
2025-08-23T16:24:58Z;347;;347
2025-08-23T16:25:00Z;756;;756
2025-08-23T16:25:01Z;356;;356
2025-08-23T16:25:03Z;757;;757
2025-08-23T16:25:04Z;429;;429
2025-08-23T16:25:05Z;1121;;1121
2025-08-23T16:25:06Z;852;;852
2025-08-23T16:25:08Z;440;;440
2025-08-23T16:25:09Z;841;;841
2025-08-23T16:25:11Z;437;;437
2025-08-23T16:25:12Z;755;;755
2025-08-23T16:25:14Z;427;;427
2025-08-23T16:25:16Z;825;;825
2025-08-23T16:25:17Z;427;;427
2025-08-23T16:25:19Z;827;;827
2025-08-23T16:25:20Z;504;;504
2025-08-23T16:25:22Z;823;;823
2025-08-23T16:25:24Z;420;;420
2025-08-23T16:25:25Z;817;;817
2025-08-23T16:25:27Z;419;;419
2025-08-23T16:25:28Z;738;;738
2025-08-23T16:25:30Z;418;;418
2025-08-23T16:25:32Z;822;;822
2025-08-23T16:25:33Z;418;;418
2025-08-23T16:25:35Z;819;;819
2025-08-23T16:25:36Z;499;;499
2025-08-23T16:25:38Z;830;;830
2025-08-23T16:25:39Z;939;;939
2025-08-23T16:25:40Z;502;;502
2025-08-23T16:25:41Z;904;;904
2025-08-23T16:25:43Z;486;;486
2025-08-23T16:25:44Z;812;;812
2025-08-23T16:25:45Z;900;;900
2025-08-23T16:25:46Z;488;;488
2025-08-23T16:25:48Z;895;;895
2025-08-23T16:25:49Z;500;;500
2025-08-23T16:25:51Z;819;;819
2025-08-23T16:25:52Z;495;;495
2025-08-23T16:25:54Z;848;;848
2025-08-23T16:25:56Z;486;;486
2025-08-23T16:25:57Z;907;;907
2025-08-23T16:25:59Z;504;;504
2025-08-23T16:26:00Z;823;;823
2025-08-23T16:26:01Z;906;;906
2025-08-23T16:26:02Z;501;;501
2025-08-23T16:26:04Z;907;;907
2025-08-23T16:26:05Z;507;;507
2025-08-23T16:26:07Z;909;;909
2025-08-23T16:26:08Z;589;;589
2025-08-23T16:26:10Z;817;;817
2025-08-23T16:26:12Z;416;;416
2025-08-23T16:26:13Z;817;;817
2025-08-23T16:26:15Z;417;;417
2025-08-23T16:26:16Z;732;;732
2025-08-23T16:26:18Z;418;;418
2025-08-23T16:26:20Z;819;;819
2025-08-23T16:26:21Z;419;;419
2025-08-23T16:26:23Z;822;;822
2025-08-23T16:26:24Z;501;;501
2025-08-23T16:26:26Z;811;;811
2025-08-23T16:26:28Z;407;;407
2025-08-23T16:26:29Z;813;;813
2025-08-23T16:26:31Z;412;;412
2025-08-23T16:26:32Z;717;;717
2025-08-23T16:26:34Z;414;;414
2025-08-23T16:26:36Z;817;;817
2025-08-23T16:26:37Z;413;;413
2025-08-23T16:26:39Z;811;;811
2025-08-23T16:26:40Z;508;;508
2025-08-23T16:26:42Z;808;;808
2025-08-23T16:26:44Z;408;;408
2025-08-23T16:26:45Z;808;;808
2025-08-23T16:26:47Z;409;;409
2025-08-23T16:26:48Z;700;;700
2025-08-23T16:26:50Z;410;;410
2025-08-23T16:26:52Z;821;;821
2025-08-23T16:26:53Z;421;;421
2025-08-23T16:26:55Z;818;;818
2025-08-23T16:26:56Z;528;;528
2025-08-23T16:26:58Z;813;;813
2025-08-23T16:27:00Z;412;;412
2025-08-23T16:27:01Z;815;;815
2025-08-23T16:27:03Z;418;;418
2025-08-23T16:27:04Z;691;;691
2025-08-23T16:27:06Z;418;;418
2025-08-23T16:27:08Z;819;;819
2025-08-23T16:27:09Z;415;;415
2025-08-23T16:27:11Z;817;;817
2025-08-23T16:27:12Z;540;;540
2025-08-23T16:27:14Z;814;;814
2025-08-23T16:27:16Z;416;;416
2025-08-23T16:27:17Z;813;;813
2025-08-23T16:27:19Z;418;;418
2025-08-23T16:27:20Z;677;;677
2025-08-23T16:27:22Z;420;;420
2025-08-23T16:27:24Z;820;;820
2025-08-23T16:27:25Z;420;;420
2025-08-23T16:27:27Z;815;;815
2025-08-23T16:27:28Z;560;;560
2025-08-23T16:27:30Z;820;;820
2025-08-23T16:27:32Z;419;;419
2025-08-23T16:27:33Z;817;;817
2025-08-23T16:27:35Z;419;;419
2025-08-23T16:27:36Z;657;;657
2025-08-23T16:27:38Z;421;;421
2025-08-23T16:27:40Z;822;;822
2025-08-23T16:27:41Z;421;;421
2025-08-23T16:27:43Z;828;;828
2025-08-23T16:27:44Z;570;;570
2025-08-23T16:27:46Z;821;;821
2025-08-23T16:27:48Z;418;;418
2025-08-23T16:27:49Z;819;;819
2025-08-23T16:27:51Z;419;;419
2025-08-23T16:27:52Z;668;;668
2025-08-23T16:27:54Z;416;;416
2025-08-23T16:27:56Z;823;;823
2025-08-23T16:27:57Z;424;;424
2025-08-23T16:27:59Z;823;;823
2025-08-23T16:28:00Z;574;;574
2025-08-23T16:28:02Z;820;;820
2025-08-23T16:28:04Z;418;;418
2025-08-23T16:28:05Z;820;;820
2025-08-23T16:28:07Z;421;;421
2025-08-23T16:28:08Z;672;;672
2025-08-23T16:28:10Z;421;;421
2025-08-23T16:28:12Z;819;;819
2025-08-23T16:28:13Z;422;;422
2025-08-23T16:28:15Z;820;;820
2025-08-23T16:28:16Z;561;;561
2025-08-23T16:28:18Z;819;;819
2025-08-23T16:28:20Z;421;;421
2025-08-23T16:28:21Z;814;;814
2025-08-23T16:28:22Z;424;;424
2025-08-23T16:28:24Z;681;;681
2025-08-23T16:28:26Z;422;;422
2025-08-23T16:28:28Z;834;;834
2025-08-23T16:28:29Z;445;;445
2025-08-23T16:28:31Z;816;;816
2025-08-23T16:28:32Z;563;;563
2025-08-23T16:28:34Z;824;;824
2025-08-23T16:28:36Z;422;;422
2025-08-23T16:28:37Z;819;;819
2025-08-23T16:28:39Z;419;;419
2025-08-23T16:28:40Z;671;;671
2025-08-23T16:28:42Z;423;;423
2025-08-23T16:28:44Z;821;;821
2025-08-23T16:28:45Z;424;;424
2025-08-23T16:28:47Z;822;;822
2025-08-23T16:28:48Z;572;;572
2025-08-23T16:28:50Z;823;;823
2025-08-23T16:28:52Z;423;;423
2025-08-23T16:28:53Z;819;;819
2025-08-23T16:28:55Z;423;;423
2025-08-23T16:28:56Z;654;;654
2025-08-23T16:28:58Z;424;;424
2025-08-23T16:29:00Z;823;;823
2025-08-23T16:29:01Z;425;;425
2025-08-23T16:29:03Z;823;;823
2025-08-23T16:29:04Z;587;;587
2025-08-23T16:29:06Z;818;;818
2025-08-23T16:29:08Z;421;;421
2025-08-23T16:29:09Z;820;;820
2025-08-23T16:29:11Z;422;;422
2025-08-23T16:29:12Z;651;;651
2025-08-23T16:29:14Z;423;;423
2025-08-23T16:29:16Z;825;;825
2025-08-23T16:29:17Z;425;;425
2025-08-23T16:29:19Z;824;;824
2025-08-23T16:29:20Z;593;;593
2025-08-23T16:29:22Z;821;;821
2025-08-23T16:29:24Z;418;;418
2025-08-23T16:29:25Z;819;;819
2025-08-23T16:29:27Z;420;;420
2025-08-23T16:29:28Z;640;;640
2025-08-23T16:29:30Z;422;;422
2025-08-23T16:29:32Z;821;;821
2025-08-23T16:29:33Z;419;;419
2025-08-23T16:29:35Z;819;;819
2025-08-23T16:29:36Z;590;;590
2025-08-23T16:29:38Z;816;;816
2025-08-23T16:29:40Z;421;;421
2025-08-23T16:29:41Z;816;;816
2025-08-23T16:29:43Z;421;;421
2025-08-23T16:29:44Z;650;;650
2025-08-23T16:29:46Z;423;;423
2025-08-23T16:29:48Z;821;;821
2025-08-23T16:29:49Z;423;;423
2025-08-23T16:29:51Z;813;;813
2025-08-23T16:29:52Z;583;;583
2025-08-23T16:29:54Z;819;;819
2025-08-23T16:29:59Z;420;;420
2025-08-23T16:30:00Z;649;;649
2025-08-23T16:30:02Z;421;;421
2025-08-23T16:30:04Z;819;;819
2025-08-23T16:30:05Z;424;;424
2025-08-23T16:30:07Z;818;;818
2025-08-23T16:30:08Z;573;;573
2025-08-23T16:30:10Z;818;;818
2025-08-23T16:30:12Z;421;;421
2025-08-23T16:30:13Z;813;;813
2025-08-23T16:30:15Z;420;;420
2025-08-23T16:30:16Z;684;;684
2025-08-23T16:30:18Z;417;;417
2025-08-23T16:30:20Z;821;;821
2025-08-23T16:30:23Z;420;;420
2025-08-23T16:30:30Z;423;;423
2025-08-23T16:30:31Z;840;;840
2025-08-23T16:30:32Z;523;;523
2025-08-23T16:30:33Z;814;;814
2025-08-23T16:30:34Z;420;;420
2025-08-23T16:30:36Z;813;;813
2025-08-23T16:30:37Z;421;;421
2025-08-23T16:30:38Z;740;;740
2025-08-23T16:30:39Z;419;;419
2025-08-23T16:30:40Z;816;;816
2025-08-23T16:30:42Z;417;;417
2025-08-23T16:30:43Z;814;;814
2025-08-23T16:30:44Z;414;;414
2025-08-23T16:30:45Z;811;;811
2025-08-23T16:30:46Z;415;;415
2025-08-23T16:30:48Z;809;;809
2025-08-23T16:30:49Z;414;;414
2025-08-23T16:30:50Z;779;;779
2025-08-23T16:30:51Z;414;;414
2025-08-23T16:30:52Z;822;;822
2025-08-23T16:30:54Z;425;;425
2025-08-23T16:30:55Z;824;;824
2025-08-23T16:30:56Z;447;;447
2025-08-23T16:30:58Z;817;;817
2025-08-23T16:31:00Z;422;;422
2025-08-23T16:31:01Z;817;0;817
2025-08-23T16:31:05Z;423;;423
2025-08-23T16:31:09Z;796;;796
2025-08-23T16:31:13Z;419;;419
2025-08-23T16:31:14Z;805;;805
2025-08-23T16:31:15Z;421;;421
2025-08-23T16:31:16Z;811;;811
2025-08-23T16:31:18Z;433;;433
2025-08-23T16:31:19Z;821;;821
2025-08-23T16:31:20Z;423;;423
2025-08-23T16:31:21Z;815;;815
2025-08-23T16:31:22Z;421;;421
2025-08-23T16:31:24Z;810;;810
2025-08-23T16:31:25Z;422;;422
2025-08-23T16:31:26Z;820;;820
2025-08-23T16:31:27Z;423;;423
2025-08-23T16:31:28Z;820;;820
2025-08-23T16:31:30Z;430;;430
2025-08-23T16:31:31Z;817;;817
2025-08-23T16:31:32Z;421;;421
2025-08-23T16:31:33Z;816;;816
2025-08-23T16:31:35Z;415;;415
2025-08-23T16:31:36Z;813;;813
2025-08-23T16:31:38Z;421;;421
2025-08-23T16:31:40Z;822;;822
2025-08-23T16:31:41Z;424;;424
2025-08-23T16:31:43Z;821;;821
2025-08-23T16:31:44Z;423;;423
2025-08-23T16:31:46Z;810;;810
2025-08-23T16:31:47Z;420;;420
2025-08-23T16:31:49Z;819;;819
2025-08-23T16:31:51Z;420;;420
2025-08-23T16:31:52Z;816;;816
2025-08-23T16:31:54Z;422;;422
2025-08-23T16:31:56Z;822;;822
2025-08-23T16:31:57Z;421;;421
2025-08-23T16:31:59Z;822;;822
2025-08-23T16:32:00Z;425;;425
2025-08-23T16:32:02Z;812;;812
2025-08-23T16:32:04Z;422;;422
2025-08-23T16:32:05Z;826;;826
2025-08-23T16:32:07Z;423;;423
2025-08-23T16:32:08Z;820;;820
2025-08-23T16:32:10Z;423;;423
2025-08-23T16:32:12Z;825;;825
2025-08-23T16:32:13Z;425;;425
2025-08-23T16:32:15Z;826;;826
2025-08-23T16:32:16Z;427;;427
2025-08-23T16:32:18Z;827;;827
2025-08-23T16:32:20Z;419;;419
2025-08-23T16:32:21Z;825;;825
2025-08-23T16:32:23Z;424;;424
2025-08-23T16:32:24Z;823;;823
2025-08-23T16:32:26Z;424;;424
2025-08-23T16:32:27Z;605;;605
2025-08-23T16:32:29Z;421;;421
2025-08-23T16:32:31Z;824;;824
2025-08-23T16:32:32Z;426;;426
2025-08-23T16:32:34Z;825;;825
2025-08-23T16:32:36Z;422;;422
2025-08-23T16:32:37Z;824;;824
2025-08-23T16:32:39Z;423;;423
2025-08-23T16:32:40Z;822;;822
2025-08-23T16:32:42Z;424;;424
2025-08-23T16:32:43Z;674;;674
2025-08-23T16:32:45Z;423;;423
2025-08-23T16:32:47Z;822;;822
2025-08-23T16:32:48Z;427;;427
2025-08-23T16:32:50Z;824;;824
2025-08-23T16:32:51Z;543;;543
2025-08-23T16:32:53Z;832;;832
2025-08-23T16:32:55Z;422;;422
2025-08-23T16:32:56Z;817;;817
2025-08-23T16:32:58Z;422;;422
2025-08-23T16:32:59Z;724;;724
2025-08-23T16:33:01Z;422;;422
2025-08-23T16:33:03Z;824;;824
2025-08-23T16:33:04Z;423;;423
2025-08-23T16:33:06Z;821;;821
2025-08-23T16:33:07Z;499;;499
2025-08-23T16:33:09Z;821;;821
2025-08-23T16:33:11Z;421;;421
2025-08-23T16:33:12Z;823;;823
2025-08-23T16:33:14Z;415;;415
2025-08-23T16:33:15Z;759;;759
2025-08-23T16:33:17Z;423;;423
2025-08-23T16:33:19Z;828;;828
2025-08-23T16:33:20Z;425;;425
2025-08-23T16:33:22Z;826;;826
2025-08-23T16:33:23Z;470;;470
2025-08-23T16:33:25Z;823;;823
2025-08-23T16:33:27Z;423;;423
2025-08-23T16:33:28Z;824;;824
2025-08-23T16:33:30Z;423;;423
2025-08-23T16:33:31Z;778;;778
2025-08-23T16:33:33Z;422;;422
2025-08-23T16:33:35Z;822;;822
2025-08-23T16:33:36Z;424;;424
2025-08-23T16:33:38Z;823;;823
2025-08-23T16:33:39Z;458;;458
2025-08-23T16:33:41Z;819;;819
2025-08-23T16:33:43Z;422;;422
2025-08-23T16:33:44Z;822;;822
2025-08-23T16:33:46Z;422;;422
2025-08-23T16:33:47Z;795;;795
2025-08-23T16:33:49Z;422;;422
2025-08-23T16:33:51Z;825;;825
2025-08-23T16:33:52Z;425;;425
2025-08-23T16:33:54Z;824;;824
2025-08-23T16:33:55Z;445;;445
2025-08-23T16:33:57Z;824;;824
2025-08-23T16:33:59Z;416;;416
2025-08-23T16:34:00Z;822;;822
2025-08-23T16:34:02Z;422;;422
2025-08-23T16:34:03Z;804;;804
2025-08-23T16:34:05Z;423;;423
2025-08-23T16:34:07Z;824;;824
2025-08-23T16:34:08Z;421;;421
2025-08-23T16:34:10Z;824;;824
2025-08-23T16:34:11Z;438;;438
2025-08-23T16:34:13Z;821;;821
2025-08-23T16:34:15Z;423;;423
2025-08-23T16:34:16Z;822;;822
2025-08-23T16:34:18Z;421;;421
2025-08-23T16:34:19Z;810;;810
2025-08-23T16:34:21Z;423;;423
2025-08-23T16:34:23Z;825;;825
2025-08-23T16:34:24Z;423;;423
2025-08-23T16:34:26Z;822;;822
2025-08-23T16:34:27Z;437;;437
2025-08-23T16:34:29Z;823;;823
2025-08-23T16:34:31Z;423;;423
2025-08-23T16:34:32Z;823;;823
2025-08-23T16:34:34Z;422;;422
2025-08-23T16:34:35Z;805;;805
2025-08-23T16:34:37Z;416;;416
2025-08-23T16:34:39Z;819;;819
2025-08-23T16:34:40Z;420;;420
2025-08-23T16:34:42Z;819;;819
2025-08-23T16:34:43Z;431;;431
2025-08-23T16:34:45Z;812;;812
2025-08-23T16:34:47Z;417;;417
2025-08-23T16:34:48Z;817;;817
2025-08-23T16:34:50Z;427;;427
2025-08-23T16:34:51Z;815;;815
2025-08-23T16:34:53Z;426;;426
2025-08-23T16:34:55Z;828;;828
2025-08-23T16:34:56Z;426;;426
2025-08-23T16:34:58Z;819;;819
2025-08-23T16:34:59Z;435;;435
2025-08-23T16:35:01Z;826;;826
2025-08-23T16:35:03Z;420;;420
2025-08-23T16:35:04Z;823;;823
2025-08-23T16:35:06Z;1117;;1117
2025-08-23T16:35:07Z;1482;;1482
2025-08-23T16:35:09Z;1097;;1097
2025-08-23T16:35:11Z;1488;;1488
2025-08-23T16:35:12Z;1092;;1092
2025-08-23T16:35:14Z;830;;830
2025-08-23T16:35:15Z;439;;439
2025-08-23T16:35:17Z;827;;827
2025-08-23T16:35:19Z;426;;426
2025-08-23T16:35:20Z;826;;826
2025-08-23T16:35:22Z;422;;422
2025-08-23T16:35:23Z;815;;815
2025-08-23T16:35:25Z;419;;419
2025-08-23T16:35:27Z;829;;829
2025-08-23T16:35:28Z;423;;423
2025-08-23T16:35:30Z;828;;828
2025-08-23T16:35:31Z;437;;437
2025-08-23T16:35:33Z;827;;827
2025-08-23T16:35:35Z;422;;422
2025-08-23T16:35:36Z;821;;821
2025-08-23T16:35:38Z;423;;423
2025-08-23T16:35:39Z;818;;818
2025-08-23T16:35:41Z;423;;423
2025-08-23T16:35:43Z;823;;823
2025-08-23T16:35:44Z;423;;423
2025-08-23T16:35:46Z;825;;825
2025-08-23T16:35:47Z;435;;435
2025-08-23T16:35:49Z;825;;825
2025-08-23T16:35:51Z;422;;422
2025-08-23T16:35:52Z;820;;820
2025-08-23T16:35:54Z;423;;423
2025-08-23T16:35:55Z;808;;808
2025-08-23T16:35:57Z;422;;422
2025-08-23T16:35:59Z;828;;828
2025-08-23T16:36:00Z;428;;428
2025-08-23T16:36:02Z;831;;831
2025-08-23T16:36:03Z;441;;441
2025-08-23T16:36:05Z;830;;830
2025-08-23T16:36:07Z;423;;423
2025-08-23T16:36:08Z;827;;827
2025-08-23T16:36:10Z;418;;418
2025-08-23T16:36:11Z;808;;808
2025-08-23T16:36:13Z;425;;425
2025-08-23T16:36:15Z;835;;835
2025-08-23T16:36:16Z;425;;425
2025-08-23T16:36:18Z;825;;825
2025-08-23T16:36:19Z;440;;440
2025-08-23T16:36:21Z;825;;825
2025-08-23T16:36:23Z;347;;347
2025-08-23T16:36:24Z;749;;749
2025-08-23T16:36:26Z;349;;349
2025-08-23T16:36:27Z;730;;730
2025-08-23T16:36:29Z;347;;347
2025-08-23T16:36:31Z;747;;747
2025-08-23T16:36:32Z;348;;348
2025-08-23T16:36:34Z;749;;749
2025-08-23T16:36:35Z;369;;369
2025-08-23T16:36:37Z;747;;747
2025-08-23T16:36:39Z;347;;347
2025-08-23T16:36:40Z;747;;747
2025-08-23T16:36:42Z;346;;346
2025-08-23T16:36:43Z;721;;721
2025-08-23T16:36:45Z;349;;349
2025-08-23T16:36:47Z;752;;752
2025-08-23T16:36:48Z;349;;349
2025-08-23T16:36:50Z;747;;747
2025-08-23T16:36:51Z;375;;375
2025-08-23T16:36:53Z;749;;749
2025-08-23T16:36:55Z;346;;346
2025-08-23T16:36:56Z;750;;750
2025-08-23T16:36:58Z;345;;345
2025-08-23T16:36:59Z;720;;720
2025-08-23T16:37:01Z;346;;346
2025-08-23T16:37:03Z;757;;757
2025-08-23T16:37:04Z;345;;345
2025-08-23T16:37:06Z;753;;753
2025-08-23T16:37:07Z;378;;378
2025-08-23T16:37:09Z;747;;747
2025-08-23T16:37:11Z;345;;345
2025-08-23T16:37:12Z;744;;744
2025-08-23T16:37:14Z;347;;347
2025-08-23T16:37:15Z;716;;716
2025-08-23T16:37:17Z;347;;347
2025-08-23T16:37:19Z;1447;;1447
2025-08-23T16:37:20Z;1052;;1052
2025-08-23T16:37:22Z;1438;;1438
2025-08-23T16:37:23Z;1087;;1087
2025-08-23T16:37:25Z;1442;;1442
2025-08-23T16:37:27Z;1049;;1049
2025-08-23T16:37:28Z;1437;;1437
2025-08-23T16:37:30Z;1043;;1043
2025-08-23T16:37:31Z;1389;;1389
2025-08-23T16:37:33Z;1043;;1043
2025-08-23T16:37:35Z;1436;;1436
2025-08-23T16:37:36Z;1047;;1047
2025-08-23T16:37:38Z;1443;;1443
2025-08-23T16:37:39Z;1093;;1093
2025-08-23T16:37:41Z;1439;;1439
2025-08-23T16:37:43Z;1045;;1045
2025-08-23T16:37:44Z;1436;;1436
2025-08-23T16:37:46Z;1046;;1046
2025-08-23T16:37:47Z;1386;;1386
2025-08-23T16:37:49Z;1037;;1037
2025-08-23T16:37:51Z;1443;;1443
2025-08-23T16:37:52Z;1049;;1049
2025-08-23T16:37:54Z;1443;;1443
2025-08-23T16:37:55Z;1102;;1102
2025-08-23T16:37:57Z;1440;;1440
2025-08-23T16:37:59Z;1040;;1040
2025-08-23T16:38:00Z;1437;;1437
2025-08-23T16:38:02Z;1044;;1044
2025-08-23T16:38:03Z;1368;;1368
2025-08-23T16:38:05Z;1045;;1045
2025-08-23T16:38:07Z;1435;;1435
2025-08-23T16:38:08Z;1048;;1048
2025-08-23T16:38:10Z;1442;;1442
2025-08-23T16:38:11Z;1125;;1125
2025-08-23T16:38:13Z;1437;;1437
2025-08-23T16:38:15Z;1043;;1043
2025-08-23T16:38:16Z;1436;;1436
2025-08-23T16:38:18Z;1046;;1046
2025-08-23T16:38:19Z;1350;;1350
2025-08-23T16:38:21Z;1047;;1047
2025-08-23T16:38:23Z;1445;;1445
2025-08-23T16:38:24Z;1007;;1007
2025-08-23T16:38:26Z;1426;;1426
2025-08-23T16:38:27Z;1133;;1133
2025-08-23T16:38:29Z;1422;;1422
2025-08-23T16:38:31Z;1032;;1032
2025-08-23T16:38:32Z;1424;;1424
2025-08-23T16:38:34Z;1026;;1026
2025-08-23T16:38:35Z;1306;;1306
2025-08-23T16:38:37Z;1027;;1027
2025-08-23T16:38:47Z;1436;;1436
2025-08-23T16:38:48Z;1040;;1040
2025-08-23T16:38:49Z;1435;;1435
2025-08-23T16:38:50Z;1158;;1158
2025-08-23T16:38:52Z;1436;;1436
2025-08-23T16:38:53Z;1039;;1039
2025-08-23T16:38:54Z;1430;;1430
2025-08-23T16:38:55Z;1046;;1046
2025-08-23T16:38:56Z;1302;;1302
2025-08-23T16:38:58Z;1054;;1054
2025-08-23T16:38:59Z;1425;;1425
2025-08-23T16:39:00Z;1038;;1038
2025-08-23T16:39:01Z;1422;;1422
2025-08-23T16:39:02Z;1180;;1180
2025-08-23T16:39:04Z;1423;;1423
2025-08-23T16:39:05Z;1034;;1034
2025-08-23T16:39:06Z;1421;;1421
2025-08-23T16:39:07Z;1035;;1035
2025-08-23T16:39:08Z;1261;;1261
2025-08-23T16:39:10Z;1031;;1031
2025-08-23T16:39:11Z;1420;;1420
2025-08-23T16:39:12Z;1030;;1030
2025-08-23T16:39:14Z;1416;;1416
2025-08-23T16:39:16Z;348;;348
2025-08-23T16:39:17Z;757;;757
2025-08-23T16:39:19Z;345;;345
2025-08-23T16:39:20Z;750;;750
2025-08-23T16:39:22Z;359;;359
2025-08-23T16:39:24Z;738;;738
2025-08-23T16:39:25Z;345;;345
2025-08-23T16:39:27Z;743;;743
2025-08-23T16:39:28Z;347;;347
2025-08-23T16:39:30Z;743;;743
2025-08-23T16:39:31Z;597;;597
2025-08-23T16:39:33Z;740;;740
2025-08-23T16:39:35Z;347;;347
2025-08-23T16:39:36Z;739;;739
2025-08-23T16:39:38Z;344;;344
2025-08-23T16:39:40Z;746;;746
2025-08-23T16:39:41Z;344;;344
2025-08-23T16:39:43Z;745;;745
2025-08-23T16:39:44Z;346;;346
2025-08-23T16:39:46Z;747;;747
2025-08-23T16:39:48Z;342;;342
2025-08-23T16:39:49Z;743;;743
2025-08-23T16:39:51Z;338;;338
2025-08-23T16:39:52Z;741;;741
2025-08-23T16:39:54Z;395;;395
2025-08-23T16:39:55Z;745;;745
2025-08-23T16:39:57Z;341;;341
2025-08-23T16:39:59Z;742;;742
2025-08-23T16:40:00Z;344;;344
2025-08-23T16:40:02Z;723;;723
2025-08-23T16:40:04Z;324;;324
2025-08-23T16:40:05Z;721;;721
2025-08-23T16:40:07Z;325;;325
2025-08-23T16:40:08Z;722;;722
2025-08-23T16:40:10Z;325;;325
2025-08-23T16:40:12Z;723;;723
2025-08-23T16:40:13Z;326;;326
2025-08-23T16:40:15Z;722;;722
2025-08-23T16:40:16Z;327;;327
2025-08-23T16:40:18Z;718;;718
2025-08-23T16:40:23Z;324;;324
2025-08-23T16:40:24Z;718;;718
2025-08-23T16:40:26Z;322;;322
2025-08-23T16:40:28Z;721;;721
2025-08-23T16:40:29Z;324;;324
2025-08-23T16:40:31Z;733;;733
2025-08-23T16:40:32Z;323;;323
2025-08-23T16:40:34Z;727;;727
2025-08-23T16:40:36Z;320;;320
2025-08-23T16:40:37Z;725;;725
2025-08-23T16:40:39Z;325;;325
2025-08-23T16:40:40Z;720;;720
2025-08-23T16:40:42Z;325;;325
2025-08-23T16:40:44Z;729;;729
2025-08-23T16:40:45Z;308;;308
2025-08-23T16:40:47Z;719;;719
2025-08-23T16:40:48Z;328;;328
2025-08-23T16:40:50Z;721;;721
2025-08-23T16:40:52Z;322;;322
2025-08-23T16:40:53Z;720;;720
2025-08-23T16:40:55Z;323;;323
2025-08-23T16:40:56Z;726;;726
2025-08-23T16:40:58Z;324;;324
2025-08-23T16:41:03Z;720;;720
2025-08-23T16:41:04Z;330;;330
2025-08-23T16:41:06Z;724;;724
2025-08-23T16:41:08Z;323;;323
2025-08-23T16:41:09Z;723;;723
2025-08-23T16:41:11Z;323;;323
2025-08-23T16:41:12Z;714;;714
2025-08-23T16:41:14Z;324;;324
2025-08-23T16:41:16Z;725;;725
2025-08-23T16:41:17Z;325;;325
2025-08-23T16:41:19Z;725;;725
2025-08-23T16:41:20Z;332;;332
2025-08-23T16:41:22Z;726;;726
2025-08-23T16:41:24Z;322;;322
2025-08-23T16:41:25Z;724;;724
2025-08-23T16:41:27Z;323;;323
2025-08-23T16:41:28Z;716;;716
2025-08-23T16:41:30Z;318;;318
2025-08-23T16:41:32Z;724;;724
2025-08-23T16:41:33Z;326;;326
2025-08-23T16:41:35Z;726;;726
2025-08-23T16:41:37Z;509;;509
2025-08-23T16:41:38Z;906;;906
2025-08-23T16:41:40Z;507;;507
2025-08-23T16:41:41Z;905;;905
2025-08-23T16:41:43Z;508;;508
2025-08-23T16:41:44Z;843;;843
2025-08-23T16:41:46Z;505;;505
2025-08-23T16:41:48Z;894;;894
2025-08-23T16:41:49Z;504;;504
2025-08-23T16:41:51Z;899;;899
2025-08-23T16:41:52Z;515;;515
2025-08-23T16:41:54Z;897;;897
2025-08-23T16:41:56Z;503;;503
2025-08-23T16:41:57Z;893;;893
2025-08-23T16:41:59Z;501;;501
2025-08-23T16:42:00Z;883;;883
2025-08-23T16:42:02Z;503;;503
2025-08-23T16:42:04Z;912;;912
2025-08-23T16:42:05Z;509;;509
2025-08-23T16:42:07Z;916;;916
2025-08-23T16:42:08Z;522;;522
2025-08-23T16:42:10Z;907;;907
2025-08-23T16:42:12Z;506;;506
2025-08-23T16:42:13Z;905;;905
2025-08-23T16:42:15Z;502;;502
2025-08-23T16:42:16Z;891;;891
2025-08-23T16:42:18Z;506;;506
2025-08-23T16:42:20Z;907;;907
2025-08-23T16:42:21Z;507;;507
2025-08-23T16:42:23Z;906;;906
2025-08-23T16:42:24Z;521;;521
2025-08-23T16:42:26Z;906;;906
2025-08-23T16:42:28Z;505;;505
2025-08-23T16:42:29Z;903;;903
2025-08-23T16:42:31Z;504;;504
2025-08-23T16:42:32Z;880;;880
2025-08-23T16:42:34Z;502;;502
2025-08-23T16:42:36Z;901;;901
2025-08-23T16:42:37Z;502;;502
2025-08-23T16:42:39Z;901;;901
2025-08-23T16:42:40Z;530;;530
2025-08-23T16:42:42Z;903;;903
2025-08-23T16:42:44Z;498;;498
2025-08-23T16:42:45Z;903;;903
2025-08-23T16:42:47Z;499;;499
2025-08-23T16:42:48Z;878;;878
2025-08-23T16:42:50Z;509;;509
2025-08-23T16:42:52Z;915;;915
2025-08-23T16:42:53Z;508;;508
2025-08-23T16:42:55Z;911;;911
2025-08-23T16:42:56Z;538;;538
2025-08-23T16:42:58Z;907;;907
2025-08-23T16:43:00Z;504;;504
2025-08-23T16:43:01Z;906;;906
2025-08-23T16:43:03Z;506;;506
2025-08-23T16:43:04Z;869;;869
2025-08-23T16:43:06Z;506;;506
2025-08-23T16:43:08Z;906;;906
2025-08-23T16:43:09Z;507;;507
2025-08-23T16:43:11Z;918;;918
2025-08-23T16:43:12Z;548;;548
2025-08-23T16:43:14Z;908;;908
2025-08-23T16:43:16Z;504;;504
2025-08-23T16:43:17Z;906;;906
2025-08-23T16:43:19Z;506;;506
2025-08-23T16:43:20Z;865;;865
2025-08-23T16:43:22Z;504;;504
2025-08-23T16:43:29Z;910;;910
2025-08-23T16:43:30Z;505;;505
2025-08-23T16:43:31Z;906;;906
2025-08-23T16:43:32Z;549;;549
2025-08-23T16:43:33Z;904;;904
2025-08-23T16:43:35Z;498;;498
2025-08-23T16:43:36Z;903;;903
2025-08-23T16:43:37Z;503;;503
2025-08-23T16:43:38Z;855;;855
2025-08-23T16:43:39Z;903;;903
2025-08-23T16:43:41Z;505;;505
2025-08-23T16:43:42Z;904;;904
2025-08-23T16:43:43Z;500;;500
2025-08-23T16:43:44Z;905;;905
2025-08-23T16:43:45Z;555;;555
2025-08-23T16:43:47Z;852;;852
2025-08-23T16:43:48Z;496;;496
2025-08-23T16:43:49Z;890;;890
2025-08-23T16:43:51Z;499;;499
2025-08-23T16:43:52Z;838;;838
2025-08-23T16:43:54Z;499;;499
2025-08-23T16:43:56Z;895;;895
2025-08-23T16:43:57Z;499;;499
2025-08-23T16:43:59Z;888;;888
2025-08-23T16:44:00Z;553;;553
2025-08-23T16:44:02Z;891;;891
2025-08-23T16:44:04Z;496;;496
2025-08-23T16:44:05Z;888;;888
2025-08-23T16:44:07Z;503;;503
2025-08-23T16:44:08Z;838;;838
2025-08-23T16:44:09Z;902;;902
2025-08-23T16:44:10Z;502;;502
2025-08-23T16:44:12Z;901;;901
2025-08-23T16:44:13Z;504;;504
2025-08-23T16:44:15Z;903;;903
2025-08-23T16:44:16Z;555;;555
2025-08-23T16:44:18Z;902;;902
2025-08-23T16:44:20Z;501;;501
2025-08-23T16:44:21Z;860;;860
2025-08-23T16:44:23Z;497;;497
2025-08-23T16:44:24Z;839;;839
2025-08-23T16:44:26Z;494;;494
2025-08-23T16:44:28Z;899;;899
2025-08-23T16:44:29Z;503;;503
2025-08-23T16:44:31Z;902;;902
2025-08-23T16:44:32Z;551;;551
2025-08-23T16:44:34Z;897;;897
2025-08-23T16:44:36Z;501;;501
2025-08-23T16:44:37Z;895;;895
2025-08-23T16:44:39Z;501;;501
2025-08-23T16:44:40Z;845;;845
2025-08-23T16:44:41Z;900;;900
2025-08-23T16:44:42Z;500;;500
2025-08-23T16:44:44Z;902;;902
2025-08-23T16:44:45Z;504;;504
2025-08-23T16:44:47Z;903;;903
2025-08-23T16:44:48Z;554;;554
2025-08-23T16:44:50Z;901;;901
2025-08-23T16:44:52Z;500;;500
2025-08-23T16:44:53Z;895;;895
2025-08-23T16:44:55Z;501;;501
2025-08-23T16:44:56Z;860;;860
2025-08-23T16:44:58Z;503;;503
2025-08-23T16:45:00Z;897;;897
2025-08-23T16:45:01Z;504;;504
2025-08-23T16:45:03Z;900;;900
2025-08-23T16:45:04Z;554;;554
2025-08-23T16:45:06Z;897;;897
2025-08-23T16:45:08Z;499;;499
2025-08-23T16:45:09Z;896;;896
2025-08-23T16:45:11Z;493;;493
2025-08-23T16:45:12Z;848;;848
2025-08-23T16:45:14Z;503;;503
2025-08-23T16:45:16Z;901;;901
2025-08-23T16:45:17Z;502;;502
2025-08-23T16:45:19Z;900;;900
2025-08-23T16:45:20Z;540;;540
2025-08-23T16:45:23Z;501;;501
2025-08-23T16:45:31Z;908;;908
2025-08-23T16:45:32Z;499;;499
2025-08-23T16:45:34Z;902;;902
2025-08-23T16:45:35Z;501;;501
2025-08-23T16:45:36Z;862;;862
2025-08-23T16:45:37Z;498;;498
2025-08-23T16:45:38Z;896;;896
2025-08-23T16:45:40Z;501;;501
2025-08-23T16:45:41Z;905;;905
2025-08-23T16:45:42Z;531;;531
2025-08-23T16:45:43Z;894;;894
2025-08-23T16:45:44Z;498;;498
2025-08-23T16:45:46Z;898;;898
2025-08-23T16:45:47Z;499;;499
2025-08-23T16:45:48Z;871;;871
2025-08-23T16:45:49Z;500;;500
2025-08-23T16:45:50Z;901;;901
2025-08-23T16:45:52Z;501;;501
2025-08-23T16:45:53Z;901;;901
2025-08-23T16:45:54Z;523;;523
2025-08-23T16:45:55Z;902;;902
2025-08-23T16:45:56Z;495;;495
2025-08-23T16:45:58Z;898;;898
2025-08-23T16:45:59Z;501;;501
2025-08-23T16:46:00Z;877;;877
2025-08-23T16:46:01Z;;0;877
2025-08-23T16:46:02Z;500;;500
2025-08-23T16:46:04Z;901;;901
2025-08-23T16:46:05Z;500;;500
2025-08-23T16:46:09Z;907;;907
2025-08-23T16:46:10Z;524;;524
2025-08-23T16:46:11Z;902;;902
2025-08-23T16:46:12Z;503;;503
2025-08-23T16:46:14Z;900;;900
2025-08-23T16:46:15Z;501;;501
2025-08-23T16:46:16Z;883;;883
2025-08-23T16:46:18Z;503;;503
2025-08-23T16:46:20Z;905;;905
2025-08-23T16:46:21Z;503;;503
2025-08-23T16:46:23Z;900;;900
2025-08-23T16:46:24Z;521;;521
2025-08-23T16:46:26Z;903;;903
2025-08-23T16:46:28Z;502;;502
2025-08-23T16:46:29Z;902;;902
2025-08-23T16:46:31Z;502;;502
2025-08-23T16:46:32Z;885;;885
2025-08-23T16:46:34Z;496;;496
2025-08-23T16:46:36Z;900;;900
2025-08-23T16:46:37Z;499;;499
2025-08-23T16:46:39Z;903;;903
2025-08-23T16:46:40Z;513;;513
2025-08-23T16:46:42Z;900;;900
2025-08-23T16:46:44Z;498;;498
2025-08-23T16:46:45Z;896;;896
2025-08-23T16:46:47Z;505;;505
2025-08-23T16:46:48Z;890;;890
2025-08-23T16:46:50Z;504;;504
2025-08-23T16:46:52Z;905;;905
2025-08-23T16:46:53Z;505;;505
2025-08-23T16:46:55Z;898;;898
2025-08-23T16:46:56Z;514;;514
2025-08-23T16:46:58Z;902;;902
2025-08-23T16:47:00Z;502;;502
2025-08-23T16:47:01Z;903;;903
2025-08-23T16:47:03Z;500;;500
2025-08-23T16:47:04Z;885;;885
2025-08-23T16:47:06Z;501;;501
2025-08-23T16:47:08Z;899;;899
2025-08-23T16:47:09Z;501;;501
2025-08-23T16:47:11Z;902;;902
2025-08-23T16:47:12Z;511;;511
2025-08-23T16:47:14Z;902;;902
2025-08-23T16:47:16Z;500;;500
2025-08-23T16:47:17Z;898;;898
2025-08-23T16:47:19Z;501;;501
2025-08-23T16:47:20Z;889;;889
2025-08-23T16:47:22Z;494;;494
2025-08-23T16:47:24Z;900;;900
2025-08-23T16:47:25Z;500;;500
2025-08-23T16:47:27Z;900;;900
2025-08-23T16:47:28Z;508;;508
2025-08-23T16:47:30Z;883;;883
2025-08-23T16:47:32Z;485;;485
2025-08-23T16:47:33Z;884;;884
2025-08-23T16:47:35Z;485;;485
2025-08-23T16:47:36Z;877;;877
2025-08-23T16:47:38Z;486;;486
2025-08-23T16:47:40Z;882;;882
2025-08-23T16:47:41Z;486;;486
2025-08-23T16:47:43Z;886;;886
2025-08-23T16:47:44Z;495;;495
2025-08-23T16:47:46Z;888;;888
2025-08-23T16:47:48Z;486;;486
2025-08-23T16:47:49Z;881;;881
2025-08-23T16:47:51Z;485;;485
2025-08-23T16:47:52Z;879;;879
2025-08-23T16:47:54Z;487;;487
2025-08-23T16:47:56Z;890;;890
2025-08-23T16:47:57Z;486;;486
2025-08-23T16:47:59Z;889;;889
2025-08-23T16:48:00Z;493;;493
2025-08-23T16:48:02Z;885;;885
2025-08-23T16:48:04Z;484;;484
2025-08-23T16:48:05Z;887;;887
2025-08-23T16:48:07Z;480;;480
2025-08-23T16:48:08Z;882;;882
2025-08-23T16:48:10Z;487;;487
2025-08-23T16:48:12Z;885;;885
2025-08-23T16:48:13Z;487;;487
2025-08-23T16:48:18Z;886;;886
2025-08-23T16:48:20Z;484;;484
2025-08-23T16:48:21Z;885;;885
2025-08-23T16:48:23Z;485;;485
2025-08-23T16:48:24Z;880;;880
2025-08-23T16:48:26Z;486;;486
2025-08-23T16:48:28Z;886;;886
2025-08-23T16:48:29Z;487;;487
2025-08-23T16:48:31Z;888;;888
2025-08-23T16:48:32Z;492;;492
2025-08-23T16:48:34Z;878;;878
2025-08-23T16:48:36Z;486;;486
2025-08-23T16:48:37Z;886;;886
2025-08-23T16:48:39Z;485;;485
2025-08-23T16:48:40Z;881;;881
2025-08-23T16:48:42Z;486;;486
2025-08-23T16:48:44Z;888;;888
2025-08-23T16:48:45Z;487;;487
2025-08-23T16:48:47Z;883;;883
2025-08-23T16:48:48Z;491;;491
2025-08-23T16:48:50Z;884;;884
2025-08-23T16:48:52Z;480;;480
2025-08-23T16:48:53Z;883;;883
2025-08-23T16:48:55Z;485;;485
2025-08-23T16:48:56Z;882;;882
2025-08-23T16:48:57Z;484;;484
2025-08-23T16:49:00Z;890;;890
2025-08-23T16:49:01Z;481;;481
2025-08-23T16:49:03Z;886;;886
2025-08-23T16:49:04Z;490;;490
2025-08-23T16:49:06Z;897;;897
2025-08-23T16:49:08Z;483;;483
2025-08-23T16:49:09Z;890;;890
2025-08-23T16:49:11Z;482;;482
2025-08-23T16:49:12Z;882;;882
2025-08-23T16:49:14Z;483;;483
2025-08-23T16:49:16Z;883;;883
2025-08-23T16:49:17Z;486;;486
2025-08-23T16:49:19Z;880;;880
2025-08-23T16:49:20Z;488;;488
2025-08-23T16:49:22Z;793;;793
2025-08-23T16:49:24Z;486;;486
2025-08-23T16:49:25Z;887;;887
2025-08-23T16:49:27Z;483;;483
2025-08-23T16:49:28Z;879;;879
2025-08-23T16:49:30Z;483;;483
2025-08-23T16:49:32Z;885;;885
2025-08-23T16:49:33Z;486;;486
2025-08-23T16:49:35Z;885;;885
2025-08-23T16:49:36Z;489;;489
2025-08-23T16:49:38Z;886;;886
2025-08-23T16:49:40Z;484;;484
2025-08-23T16:49:41Z;884;;884
2025-08-23T16:49:43Z;484;;484
2025-08-23T16:49:44Z;881;;881
2025-08-23T16:49:46Z;479;;479
2025-08-23T16:49:48Z;883;;883
2025-08-23T16:49:49Z;486;;486
2025-08-23T16:49:51Z;884;;884
2025-08-23T16:49:52Z;489;;489
2025-08-23T16:49:54Z;888;;888
2025-08-23T16:49:56Z;484;;484
2025-08-23T16:49:57Z;890;;890
2025-08-23T16:49:59Z;485;;485
2025-08-23T16:50:00Z;882;;882
2025-08-23T16:50:01Z;486;;486
2025-08-23T16:50:04Z;883;;883
2025-08-23T16:50:05Z;1552;;1552
2025-08-23T16:50:06Z;553;;553
2025-08-23T16:50:07Z;945;;945
2025-08-23T16:50:08Z;548;;548
2025-08-23T16:50:10Z;944;;944
2025-08-23T16:50:11Z;821;;821
2025-08-23T16:50:12Z;547;;547
2025-08-23T16:50:13Z;941;;941
2025-08-23T16:50:15Z;548;;548
2025-08-23T16:50:16Z;940;;940
2025-08-23T16:50:18Z;545;;545
2025-08-23T16:50:19Z;681;;681
2025-08-23T16:50:20Z;945;;945
2025-08-23T16:50:21Z;550;;550
2025-08-23T16:50:23Z;952;;952
2025-08-23T16:50:24Z;554;;554
2025-08-23T16:50:26Z;948;;948
2025-08-23T16:50:27Z;799;;799
2025-08-23T16:50:28Z;549;;549
2025-08-23T16:50:29Z;945;;945
2025-08-23T16:50:31Z;544;;544
2025-08-23T16:50:32Z;939;;939
2025-08-23T16:50:34Z;553;;553
2025-08-23T16:50:35Z;686;;686
2025-08-23T16:50:36Z;934;;934
2025-08-23T16:50:37Z;549;;549
2025-08-23T16:50:39Z;947;;947
2025-08-23T16:50:40Z;562;;562
2025-08-23T16:50:42Z;958;;958
2025-08-23T16:50:43Z;787;;787
2025-08-23T16:50:44Z;558;;558
2025-08-23T16:50:45Z;958;;958
2025-08-23T16:50:47Z;564;;564
2025-08-23T16:50:48Z;963;;963
2025-08-23T16:50:50Z;565;;565
2025-08-23T16:50:51Z;730;;730
2025-08-23T16:50:52Z;967;;967
2025-08-23T16:50:53Z;563;;563
2025-08-23T16:50:55Z;966;;966
2025-08-23T16:50:56Z;566;;566
2025-08-23T16:50:58Z;967;;967
2025-08-23T16:50:59Z;788;;788
2025-08-23T16:51:00Z;564;;564
2025-08-23T16:51:01Z;962;;962
2025-08-23T16:51:03Z;556;;556
2025-08-23T16:51:04Z;957;;957
2025-08-23T16:51:06Z;562;;562
2025-08-23T16:51:07Z;731;;731
2025-08-23T16:51:08Z;960;;960
2025-08-23T16:51:09Z;562;;562
2025-08-23T16:51:11Z;962;;962
2025-08-23T16:51:12Z;559;;559
2025-08-23T16:51:14Z;959;;959
2025-08-23T16:51:15Z;786;;786
2025-08-23T16:51:16Z;560;;560
2025-08-23T16:51:17Z;961;;961
2025-08-23T16:51:19Z;562;;562
2025-08-23T16:51:20Z;959;;959
2025-08-23T16:51:22Z;560;;560
2025-08-23T16:51:23Z;720;;720
2025-08-23T16:51:24Z;962;;962
2025-08-23T16:51:25Z;562;;562
2025-08-23T16:51:27Z;958;;958
2025-08-23T16:51:28Z;564;;564
2025-08-23T16:51:30Z;953;;953
2025-08-23T16:51:31Z;793;;793
2025-08-23T16:51:32Z;558;;558
2025-08-23T16:51:33Z;955;;955
2025-08-23T16:51:35Z;559;;559
2025-08-23T16:51:36Z;951;;951
2025-08-23T16:51:38Z;543;;543
2025-08-23T16:51:39Z;692;;692
2025-08-23T16:51:40Z;943;;943
2025-08-23T16:51:41Z;545;;545
2025-08-23T16:51:43Z;943;;943
2025-08-23T16:51:44Z;549;;549
2025-08-23T16:51:46Z;946;;946
2025-08-23T16:51:47Z;780;;780
2025-08-23T16:51:48Z;540;;540
2025-08-23T16:51:49Z;947;;947
2025-08-23T16:51:51Z;544;;544
2025-08-23T16:51:52Z;943;;943
2025-08-23T16:51:54Z;545;;545
2025-08-23T16:51:55Z;710;;710
2025-08-23T16:51:56Z;948;;948
2025-08-23T16:51:57Z;539;;539
2025-08-23T16:51:59Z;946;;946
2025-08-23T16:52:00Z;548;;548
2025-08-23T16:52:02Z;948;;948
2025-08-23T16:52:03Z;772;;772
2025-08-23T16:52:04Z;544;;544
2025-08-23T16:52:05Z;946;;946
2025-08-23T16:52:07Z;544;;544
2025-08-23T16:52:08Z;941;;941
2025-08-23T16:52:10Z;543;;543
2025-08-23T16:52:11Z;714;;714
2025-08-23T16:52:12Z;942;;942
2025-08-23T16:52:13Z;545;;545
2025-08-23T16:52:15Z;939;;939
2025-08-23T16:52:16Z;547;;547
2025-08-23T16:52:18Z;945;;945
2025-08-23T16:52:19Z;767;;767
2025-08-23T16:52:20Z;543;;543
2025-08-23T16:52:21Z;943;;943
2025-08-23T16:52:23Z;542;;542
2025-08-23T16:52:24Z;934;;934
2025-08-23T16:52:26Z;543;;543
2025-08-23T16:52:27Z;714;;714
2025-08-23T16:52:28Z;941;;941
2025-08-23T16:52:29Z;544;;544
2025-08-23T16:52:31Z;945;;945
2025-08-23T16:52:32Z;545;;545
2025-08-23T16:52:34Z;945;;945
2025-08-23T16:52:35Z;768;;768
2025-08-23T16:52:36Z;545;;545
2025-08-23T16:52:37Z;943;;943
2025-08-23T16:52:39Z;543;;543
2025-08-23T16:52:40Z;942;;942
2025-08-23T16:52:42Z;538;;538
2025-08-23T16:52:43Z;714;;714
2025-08-23T16:52:44Z;946;;946
2025-08-23T16:52:45Z;544;;544
2025-08-23T16:52:47Z;950;;950
2025-08-23T16:52:48Z;546;;546
2025-08-23T16:52:50Z;945;;945
2025-08-23T16:52:51Z;759;;759
2025-08-23T16:52:52Z;543;;543
2025-08-23T16:52:53Z;943;;943
2025-08-23T16:52:55Z;543;;543
2025-08-23T16:52:56Z;939;;939
2025-08-23T16:52:58Z;542;;542
2025-08-23T16:52:59Z;714;;714
2025-08-23T16:53:00Z;937;;937
2025-08-23T16:53:01Z;543;;543
2025-08-23T16:53:03Z;945;;945
2025-08-23T16:53:04Z;547;;547
2025-08-23T16:53:06Z;943;;943
2025-08-23T16:53:07Z;759;;759
2025-08-23T16:53:08Z;542;;542
2025-08-23T16:53:09Z;937;;937
2025-08-23T16:53:11Z;540;;540
2025-08-23T16:53:12Z;938;;938
2025-08-23T16:53:14Z;541;;541
2025-08-23T16:53:15Z;731;;731
2025-08-23T16:53:16Z;945;;945
2025-08-23T16:53:17Z;543;;543
2025-08-23T16:53:19Z;940;;940
2025-08-23T16:53:20Z;545;;545
2025-08-23T16:53:22Z;941;;941
2025-08-23T16:53:23Z;735;;735
2025-08-23T16:53:24Z;540;;540
2025-08-23T16:53:25Z;939;;939
2025-08-23T16:53:27Z;536;;536
2025-08-23T16:53:28Z;937;;937
2025-08-23T16:53:30Z;542;;542
2025-08-23T16:53:31Z;750;;750
2025-08-23T16:53:32Z;943;;943
2025-08-23T16:53:33Z;541;;541
2025-08-23T16:53:35Z;943;;943
2025-08-23T16:53:36Z;542;;542
2025-08-23T16:53:38Z;943;;943
2025-08-23T16:53:39Z;723;;723
2025-08-23T16:53:40Z;541;;541
2025-08-23T16:53:41Z;941;;941
2025-08-23T16:53:43Z;541;;541
2025-08-23T16:53:44Z;937;;937
2025-08-23T16:53:46Z;542;;542
2025-08-23T16:53:47Z;759;;759
2025-08-23T16:53:48Z;944;;944
2025-08-23T16:53:49Z;542;;542
2025-08-23T16:53:51Z;941;;941
2025-08-23T16:53:52Z;544;;544
2025-08-23T16:53:54Z;937;;937
2025-08-23T16:53:55Z;715;;715
2025-08-23T16:53:56Z;541;;541
2025-08-23T16:53:57Z;933;;933
2025-08-23T16:53:59Z;538;;538
2025-08-23T16:54:00Z;931;;931
2025-08-23T16:54:02Z;540;;540
2025-08-23T16:54:03Z;762;;762
2025-08-23T16:54:04Z;939;;939
2025-08-23T16:54:05Z;540;;540
2025-08-23T16:54:07Z;940;;940
2025-08-23T16:54:08Z;543;;543
2025-08-23T16:54:10Z;938;;938
2025-08-23T16:54:11Z;692;;692
2025-08-23T16:54:12Z;531;;531
2025-08-23T16:54:13Z;943;;943
2025-08-23T16:54:15Z;540;;540
2025-08-23T16:54:16Z;935;;935
2025-08-23T16:54:18Z;541;;541
2025-08-23T16:54:19Z;790;;790
2025-08-23T16:54:20Z;935;;935
2025-08-23T16:54:21Z;533;;533
2025-08-23T16:54:23Z;939;;939
2025-08-23T16:54:24Z;539;;539
2025-08-23T16:54:26Z;937;;937
2025-08-23T16:54:27Z;673;;673
2025-08-23T16:54:28Z;539;;539
2025-08-23T16:54:29Z;936;;936
2025-08-23T16:54:31Z;537;;537
2025-08-23T16:54:32Z;931;;931
2025-08-23T16:54:34Z;534;;534
2025-08-23T16:54:35Z;800;;800
2025-08-23T16:54:36Z;932;;932
2025-08-23T16:54:37Z;536;;536
2025-08-23T16:54:39Z;932;;932
2025-08-23T16:54:40Z;535;;535
2025-08-23T16:54:42Z;932;;932
2025-08-23T16:54:43Z;659;;659
2025-08-23T16:54:44Z;534;;534
2025-08-23T16:54:45Z;945;;945
2025-08-23T16:54:47Z;543;;543
2025-08-23T16:54:48Z;938;;938
2025-08-23T16:54:50Z;540;;540
2025-08-23T16:54:51Z;819;;819
2025-08-23T16:54:52Z;941;;941
2025-08-23T16:54:53Z;534;;534
2025-08-23T16:54:55Z;940;;940
2025-08-23T16:54:56Z;544;;544
2025-08-23T16:54:58Z;941;;941
2025-08-23T16:54:59Z;651;;651
2025-08-23T16:55:00Z;540;;540
2025-08-23T16:55:01Z;937;;937
2025-08-23T16:55:03Z;538;;538
2025-08-23T16:55:04Z;938;;938
2025-08-23T16:55:06Z;538;;538
2025-08-23T16:55:07Z;823;;823
2025-08-23T16:55:08Z;949;;949
2025-08-23T16:55:09Z;540;;540
2025-08-23T16:55:11Z;941;;941
2025-08-23T16:55:12Z;541;;541
2025-08-23T16:55:14Z;938;;938
2025-08-23T16:55:15Z;648;;648
2025-08-23T16:55:16Z;537;;537
2025-08-23T16:55:17Z;938;;938
2025-08-23T16:55:19Z;540;;540
2025-08-23T16:55:20Z;929;;929
2025-08-23T16:55:22Z;538;;538
2025-08-23T16:55:23Z;815;;815
2025-08-23T16:55:24Z;939;;939
2025-08-23T16:55:25Z;540;;540
2025-08-23T16:55:27Z;937;;937
2025-08-23T16:55:28Z;542;;542
2025-08-23T16:55:30Z;947;;947
2025-08-23T16:55:31Z;661;;661
2025-08-23T16:55:32Z;539;;539
2025-08-23T16:55:33Z;941;;941
2025-08-23T16:55:35Z;538;;538
2025-08-23T16:55:36Z;935;;935
2025-08-23T16:55:38Z;535;;535
2025-08-23T16:55:39Z;818;;818
2025-08-23T16:55:40Z;937;;937
2025-08-23T16:55:41Z;539;;539
2025-08-23T16:55:43Z;938;;938
2025-08-23T16:55:44Z;537;;537
2025-08-23T16:55:46Z;934;;934
2025-08-23T16:55:47Z;645;;645
2025-08-23T16:55:48Z;537;;537
2025-08-23T16:55:49Z;941;;941
2025-08-23T16:55:51Z;537;;537
2025-08-23T16:55:52Z;937;;937
2025-08-23T16:55:54Z;536;;536
2025-08-23T16:55:55Z;823;;823
2025-08-23T16:55:56Z;935;;935
2025-08-23T16:55:57Z;539;;539
2025-08-23T16:55:59Z;936;;936
2025-08-23T16:56:00Z;537;;537
2025-08-23T16:56:02Z;935;;935
2025-08-23T16:56:03Z;652;;652
2025-08-23T16:56:04Z;537;;537
2025-08-23T16:56:05Z;930;;930
2025-08-23T16:56:07Z;537;;537
2025-08-23T16:56:08Z;930;;930
2025-08-23T16:56:10Z;537;;537
2025-08-23T16:56:11Z;817;;817
2025-08-23T16:56:12Z;936;;936
2025-08-23T16:56:13Z;536;;536
2025-08-23T16:56:15Z;934;;934
2025-08-23T16:56:16Z;537;;537
2025-08-23T16:56:18Z;933;;933
2025-08-23T16:56:19Z;654;;654
2025-08-23T16:56:20Z;538;;538
2025-08-23T16:56:21Z;936;;936
2025-08-23T16:56:23Z;539;;539
2025-08-23T16:56:24Z;946;;946
2025-08-23T16:56:26Z;550;;550
2025-08-23T16:56:27Z;821;;821
2025-08-23T16:56:28Z;945;;945
2025-08-23T16:56:29Z;549;;549
2025-08-23T16:56:31Z;948;;948
2025-08-23T16:56:32Z;550;;550
2025-08-23T16:56:34Z;946;;946
2025-08-23T16:56:35Z;675;;675
2025-08-23T16:56:36Z;551;;551
2025-08-23T16:56:37Z;947;;947
2025-08-23T16:56:39Z;552;;552
2025-08-23T16:56:40Z;943;;943
2025-08-23T16:56:42Z;550;;550
2025-08-23T16:56:43Z;801;;801
2025-08-23T16:56:44Z;947;;947
2025-08-23T16:56:45Z;549;;549
2025-08-23T16:56:47Z;950;;950
2025-08-23T16:56:48Z;551;;551
2025-08-23T16:56:50Z;943;;943
2025-08-23T16:56:51Z;684;;684
2025-08-23T16:56:52Z;549;;549
2025-08-23T16:56:53Z;945;;945
2025-08-23T16:56:55Z;551;;551
2025-08-23T16:56:56Z;944;;944
2025-08-23T16:56:58Z;552;;552
2025-08-23T16:56:59Z;804;;804
2025-08-23T16:57:00Z;948;;948
2025-08-23T16:57:01Z;552;;552
2025-08-23T16:57:03Z;949;;949
2025-08-23T16:57:04Z;555;;555
2025-08-23T16:57:06Z;949;;949
2025-08-23T16:57:07Z;670;;670
2025-08-23T16:57:08Z;546;;546
2025-08-23T16:57:09Z;947;;947
2025-08-23T16:57:11Z;553;;553
2025-08-23T16:57:12Z;948;;948
2025-08-23T16:57:14Z;551;;551
2025-08-23T16:57:15Z;826;;826
2025-08-23T16:57:16Z;950;;950
2025-08-23T16:57:17Z;548;;548
2025-08-23T16:57:19Z;941;;941
2025-08-23T16:57:20Z;544;;544
2025-08-23T16:57:22Z;926;;926
2025-08-23T16:57:23Z;633;;633
2025-08-23T16:57:24Z;520;;520
2025-08-23T16:57:25Z;920;;920
2025-08-23T16:57:27Z;493;;493
2025-08-23T16:57:28Z;885;;885
2025-08-23T16:57:30Z;492;;492
2025-08-23T16:57:31Z;780;;780
2025-08-23T16:57:33Z;494;;494
2025-08-23T16:57:35Z;901;;901
2025-08-23T16:57:36Z;511;;511
2025-08-23T16:57:38Z;904;;904
2025-08-23T16:57:39Z;605;;605
2025-08-23T16:57:40Z;500;;500
2025-08-23T16:57:41Z;903;;903
2025-08-23T16:57:43Z;506;;506
2025-08-23T16:57:44Z;890;;890
2025-08-23T16:57:46Z;505;;505
2025-08-23T16:57:47Z;798;;798
2025-08-23T16:57:48Z;902;;902
2025-08-23T16:57:49Z;507;;507
2025-08-23T16:57:54Z;906;;906
2025-08-23T16:57:55Z;611;;611
2025-08-23T16:57:56Z;507;;507
2025-08-23T16:57:57Z;903;;903
2025-08-23T16:57:59Z;508;;508
2025-08-23T16:58:00Z;903;;903
2025-08-23T16:58:02Z;503;;503
2025-08-23T16:58:03Z;802;;802
2025-08-23T16:58:04Z;905;;905
2025-08-23T16:58:05Z;513;;513
2025-08-23T16:58:07Z;904;;904
2025-08-23T16:58:08Z;509;;509
2025-08-23T16:58:10Z;906;;906
2025-08-23T16:58:11Z;603;;603
2025-08-23T16:58:12Z;512;;512
2025-08-23T16:58:13Z;909;;909
2025-08-23T16:58:15Z;512;;512
2025-08-23T16:58:16Z;909;;909
2025-08-23T16:58:18Z;517;;517
2025-08-23T16:58:19Z;798;;798
2025-08-23T16:58:20Z;908;;908
2025-08-23T16:58:21Z;513;;513
2025-08-23T16:58:23Z;917;;917
2025-08-23T16:58:24Z;512;;512
2025-08-23T16:58:26Z;912;;912
2025-08-23T16:58:27Z;628;;628
2025-08-23T16:58:28Z;508;;508
2025-08-23T16:58:29Z;902;;902
2025-08-23T16:58:31Z;504;;504
2025-08-23T16:58:32Z;900;;900
2025-08-23T16:58:34Z;510;;510
2025-08-23T16:58:35Z;766;;766
2025-08-23T16:58:37Z;491;;491
2025-08-23T16:58:39Z;893;;893
2025-08-23T16:58:40Z;496;;496
2025-08-23T16:58:42Z;891;;891
2025-08-23T16:58:44Z;499;;499
2025-08-23T16:58:45Z;896;;896
2025-08-23T16:58:47Z;495;;495
2025-08-23T16:58:48Z;890;;890
2025-08-23T16:58:50Z;494;;494
2025-08-23T16:58:51Z;781;;781
2025-08-23T16:58:53Z;495;;495
2025-08-23T16:58:54Z;892;;892
2025-08-23T16:58:56Z;497;;497
2025-08-23T16:58:58Z;893;;893
2025-08-23T16:58:59Z;590;;590
2025-08-23T16:59:01Z;889;;889
2025-08-23T16:59:03Z;493;;493
2025-08-23T16:59:04Z;889;;889
2025-08-23T16:59:06Z;493;;493
2025-08-23T16:59:07Z;806;;806
2025-08-23T16:59:09Z;492;;492
2025-08-23T16:59:11Z;892;;892
2025-08-23T16:59:12Z;495;;495
2025-08-23T16:59:14Z;890;;890
2025-08-23T16:59:15Z;564;;564
2025-08-23T16:59:17Z;889;;889
2025-08-23T16:59:19Z;483;;483
2025-08-23T16:59:20Z;887;;887
2025-08-23T16:59:22Z;517;;517
2025-08-23T16:59:23Z;862;;862
2025-08-23T16:59:24Z;913;;913
2025-08-23T16:59:25Z;519;;519
2025-08-23T16:59:27Z;914;;914
2025-08-23T16:59:28Z;516;;516
2025-08-23T16:59:30Z;913;;913
2025-08-23T16:59:31Z;565;;565
2025-08-23T16:59:33Z;913;;913
2025-08-23T16:59:35Z;517;;517
2025-08-23T16:59:36Z;911;;911
2025-08-23T16:59:38Z;517;;517
2025-08-23T16:59:39Z;879;;879
2025-08-23T16:59:41Z;519;;519
2025-08-23T16:59:43Z;916;;916
2025-08-23T16:59:44Z;521;;521
2025-08-23T16:59:46Z;910;;910
2025-08-23T16:59:47Z;542;;542
2025-08-23T16:59:49Z;912;;912
2025-08-23T16:59:51Z;517;;517
2025-08-23T16:59:52Z;915;;915
2025-08-23T16:59:54Z;517;;517
2025-08-23T16:59:55Z;891;;891
2025-08-23T16:59:57Z;520;;520
2025-08-23T16:59:59Z;902;;902
2025-08-23T17:00:00Z;515;;515
2025-08-23T17:00:02Z;905;;905
2025-08-23T17:00:03Z;522;;522
2025-08-23T17:00:05Z;930;;930
2025-08-23T17:00:07Z;531;;531
2025-08-23T17:00:08Z;927;;927
2025-08-23T17:00:10Z;532;;532
2025-08-23T17:00:11Z;917;;917
2025-08-23T17:00:13Z;530;;530
2025-08-23T17:00:15Z;932;;932
2025-08-23T17:00:16Z;537;;537
2025-08-23T17:00:18Z;942;;942
2025-08-23T17:00:19Z;543;;543
2025-08-23T17:00:22Z;932;;932
2025-08-23T17:00:28Z;938;;938
2025-08-23T17:00:30Z;536;;536
2025-08-23T17:00:31Z;932;;932
2025-08-23T17:00:32Z;534;;534
2025-08-23T17:00:33Z;927;;927
2025-08-23T17:00:34Z;537;;537
2025-08-23T17:00:36Z;932;;932
2025-08-23T17:00:37Z;536;;536
2025-08-23T17:00:38Z;933;;933
2025-08-23T17:00:39Z;541;;541
2025-08-23T17:00:40Z;934;;934
2025-08-23T17:00:42Z;538;;538
2025-08-23T17:00:43Z;932;;932
2025-08-23T17:00:44Z;537;;537
2025-08-23T17:00:45Z;930;;930
2025-08-23T17:00:46Z;536;;536
2025-08-23T17:00:48Z;937;;937
2025-08-23T17:00:49Z;538;;538
2025-08-23T17:00:50Z;935;;935
2025-08-23T17:00:51Z;541;;541
2025-08-23T17:00:53Z;933;;933
2025-08-23T17:00:55Z;535;;535
2025-08-23T17:00:56Z;933;;933
2025-08-23T17:00:58Z;532;;532
2025-08-23T17:00:59Z;931;;931
2025-08-23T17:01:01Z;535;;535
2025-08-23T17:01:03Z;934;;934
2025-08-23T17:01:04Z;528;;528
2025-08-23T17:01:06Z;918;0;918
2025-08-23T17:01:07Z;520;;520
2025-08-23T17:01:09Z;917;;917
2025-08-23T17:01:10Z;850;;850
2025-08-23T17:01:11Z;520;;520
2025-08-23T17:01:12Z;917;;917
2025-08-23T17:01:14Z;537;;537
2025-08-23T17:01:15Z;933;;933
2025-08-23T17:01:17Z;539;;539
2025-08-23T17:01:18Z;641;;641
2025-08-23T17:01:22Z;940;;940
2025-08-23T17:01:23Z;541;;541
2025-08-23T17:01:24Z;937;;937
2025-08-23T17:01:25Z;543;;543
2025-08-23T17:01:27Z;934;;934
2025-08-23T17:01:28Z;784;;784
2025-08-23T17:01:29Z;539;;539
2025-08-23T17:01:30Z;935;;935
2025-08-23T17:01:31Z;539;;539
2025-08-23T17:01:33Z;933;;933
2025-08-23T17:01:34Z;538;;538
2025-08-23T17:01:35Z;718;;718
2025-08-23T17:01:36Z;940;;940
2025-08-23T17:01:37Z;540;;540
2025-08-23T17:01:39Z;938;;938
2025-08-23T17:01:40Z;545;;545
2025-08-23T17:01:41Z;937;;937
2025-08-23T17:01:42Z;715;;715
2025-08-23T17:01:43Z;535;;535
2025-08-23T17:01:45Z;939;;939
2025-08-23T17:01:46Z;541;;541
2025-08-23T17:01:47Z;934;;934
2025-08-23T17:01:49Z;543;;543
2025-08-23T17:01:50Z;795;;795
2025-08-23T17:01:51Z;939;;939
2025-08-23T17:01:52Z;535;;535
2025-08-23T17:01:54Z;942;;942
2025-08-23T17:01:55Z;543;;543
2025-08-23T17:01:57Z;943;;943
2025-08-23T17:01:58Z;648;;648
2025-08-23T17:01:59Z;540;;540
2025-08-23T17:02:00Z;939;;939
2025-08-23T17:02:02Z;540;;540
2025-08-23T17:02:03Z;937;;937
2025-08-23T17:02:05Z;541;;541
2025-08-23T17:02:06Z;856;;856
2025-08-23T17:02:07Z;937;;937
2025-08-23T17:02:08Z;543;;543
2025-08-23T17:02:10Z;935;;935
2025-08-23T17:02:11Z;524;;524
2025-08-23T17:02:13Z;919;;919
2025-08-23T17:02:14Z;580;;580
2025-08-23T17:02:16Z;919;;919
2025-08-23T17:02:18Z;519;;519
2025-08-23T17:02:19Z;916;;916
2025-08-23T17:02:21Z;522;;522
2025-08-23T17:02:22Z;875;;875
2025-08-23T17:02:23Z;922;;922
2025-08-23T17:02:24Z;523;;523
2025-08-23T17:02:26Z;926;;926
2025-08-23T17:02:27Z;523;;523
2025-08-23T17:02:29Z;920;;920
2025-08-23T17:02:30Z;550;;550
2025-08-23T17:02:32Z;915;;915
2025-08-23T17:02:34Z;516;;516
2025-08-23T17:02:35Z;913;;913
2025-08-23T17:02:37Z;516;;516
2025-08-23T17:02:38Z;893;;893
2025-08-23T17:02:40Z;516;;516
2025-08-23T17:02:42Z;916;;916
2025-08-23T17:02:43Z;524;;524
2025-08-23T17:02:45Z;920;;920
2025-08-23T17:02:46Z;540;;540
2025-08-23T17:02:48Z;930;;930
2025-08-23T17:02:50Z;523;;523
2025-08-23T17:02:51Z;918;;918
2025-08-23T17:02:53Z;521;;521
2025-08-23T17:02:54Z;907;;907
2025-08-23T17:02:56Z;521;;521
2025-08-23T17:02:58Z;920;;920
2025-08-23T17:02:59Z;520;;520
2025-08-23T17:03:01Z;919;;919
2025-08-23T17:03:02Z;530;;530
2025-08-23T17:03:04Z;919;;919
2025-08-23T17:03:06Z;521;;521
2025-08-23T17:03:07Z;917;;917
2025-08-23T17:03:09Z;517;;517
2025-08-23T17:03:10Z;922;;922
2025-08-23T17:03:12Z;535;;535
2025-08-23T17:03:14Z;931;;931
2025-08-23T17:03:15Z;534;;534
2025-08-23T17:03:17Z;921;;921
2025-08-23T17:03:18Z;535;;535
2025-08-23T17:03:20Z;929;;929
2025-08-23T17:03:22Z;531;;531
2025-08-23T17:03:23Z;932;;932
2025-08-23T17:03:25Z;531;;531
2025-08-23T17:03:26Z;923;;923
2025-08-23T17:03:28Z;532;;532
2025-08-23T17:03:30Z;932;;932
2025-08-23T17:03:31Z;533;;533
2025-08-23T17:03:33Z;929;;929
2025-08-23T17:03:34Z;538;;538
2025-08-23T17:03:36Z;923;;923
2025-08-23T17:03:38Z;531;;531
2025-08-23T17:03:39Z;930;;930
2025-08-23T17:03:41Z;532;;532
2025-08-23T17:03:42Z;932;;932
2025-08-23T17:03:44Z;531;;531
2025-08-23T17:03:46Z;918;;918
2025-08-23T17:03:47Z;520;;520
2025-08-23T17:03:49Z;915;;915
2025-08-23T17:03:50Z;524;;524
2025-08-23T17:03:52Z;914;;914
2025-08-23T17:03:54Z;515;;515
2025-08-23T17:03:55Z;923;;923
2025-08-23T17:03:57Z;517;;517
2025-08-23T17:03:58Z;916;;916
2025-08-23T17:04:00Z;518;;518
2025-08-23T17:04:02Z;917;;917
2025-08-23T17:04:03Z;515;;515
2025-08-23T17:04:05Z;917;;917
2025-08-23T17:04:06Z;525;;525
2025-08-23T17:04:08Z;915;;915
2025-08-23T17:04:09Z;843;;843
2025-08-23T17:04:10Z;539;;539
2025-08-23T17:04:11Z;938;;938
2025-08-23T17:04:13Z;543;;543
2025-08-23T17:04:14Z;932;;932
2025-08-23T17:04:16Z;543;;543
2025-08-23T17:04:17Z;659;;659
2025-08-23T17:04:18Z;947;;947
2025-08-23T17:04:19Z;545;;545
2025-08-23T17:04:21Z;936;;936
2025-08-23T17:04:22Z;546;;546
2025-08-23T17:04:24Z;943;;943
2025-08-23T17:04:25Z;796;;796
2025-08-23T17:04:26Z;542;;542
2025-08-23T17:04:27Z;945;;945
2025-08-23T17:04:29Z;542;;542
2025-08-23T17:04:30Z;936;;936
2025-08-23T17:04:32Z;541;;541
2025-08-23T17:04:33Z;714;;714
2025-08-23T17:04:34Z;940;;940
2025-08-23T17:04:35Z;543;;543
2025-08-23T17:04:37Z;941;;941
2025-08-23T17:04:38Z;546;;546
2025-08-23T17:04:40Z;938;;938
2025-08-23T17:04:41Z;727;;727
2025-08-23T17:04:42Z;541;;541
2025-08-23T17:04:43Z;941;;941
2025-08-23T17:04:45Z;542;;542
2025-08-23T17:04:46Z;938;;938
2025-08-23T17:04:48Z;536;;536
2025-08-23T17:04:49Z;778;;778
2025-08-23T17:04:50Z;939;;939
2025-08-23T17:04:51Z;542;;542
2025-08-23T17:04:53Z;938;;938
2025-08-23T17:04:54Z;542;;542
2025-08-23T17:04:56Z;937;;937
2025-08-23T17:04:57Z;665;;665
2025-08-23T17:04:58Z;540;;540
2025-08-23T17:04:59Z;937;;937
2025-08-23T17:05:01Z;538;;538
2025-08-23T17:05:02Z;938;;938
2025-08-23T17:05:04Z;543;;543
2025-08-23T17:05:05Z;866;;866
2025-08-23T17:05:06Z;934;;934
2025-08-23T17:05:07Z;538;;538
2025-08-23T17:05:09Z;939;;939
2025-08-23T17:05:10Z;542;;542
2025-08-23T17:05:12Z;936;;936
2025-08-23T17:05:13Z;627;;627
2025-08-23T17:05:14Z;538;;538
2025-08-23T17:05:15Z;932;;932
2025-08-23T17:05:17Z;539;;539
2025-08-23T17:05:18Z;936;;936
2025-08-23T17:05:20Z;539;;539
2025-08-23T17:05:21Z;867;;867
2025-08-23T17:05:22Z;938;;938
2025-08-23T17:05:23Z;541;;541
2025-08-23T17:05:25Z;938;;938
2025-08-23T17:05:26Z;542;;542
2025-08-23T17:05:28Z;915;;915
2025-08-23T17:05:29Z;576;;576
2025-08-23T17:05:31Z;917;;917
2025-08-23T17:05:33Z;513;;513
2025-08-23T17:05:34Z;917;;917
2025-08-23T17:05:36Z;517;;517
2025-08-23T17:05:37Z;867;;867
2025-08-23T17:05:38Z;915;;915
2025-08-23T17:05:39Z;518;;518
2025-08-23T17:05:41Z;916;;916
2025-08-23T17:05:42Z;517;;517
2025-08-23T17:05:44Z;916;;916
2025-08-23T17:05:45Z;558;;558
2025-08-23T17:05:47Z;916;;916
2025-08-23T17:05:49Z;514;;514
2025-08-23T17:05:50Z;913;;913
2025-08-23T17:05:52Z;518;;518
2025-08-23T17:05:53Z;883;;883
2025-08-23T17:05:55Z;517;;517
2025-08-23T17:05:57Z;914;;914
2025-08-23T17:05:58Z;519;;519
2025-08-23T17:06:03Z;912;;912
2025-08-23T17:06:05Z;515;;515
2025-08-23T17:06:06Z;911;;911
2025-08-23T17:06:08Z;514;;514
2025-08-23T17:06:09Z;887;;887
2025-08-23T17:06:11Z;515;;515
2025-08-23T17:06:13Z;914;;914
2025-08-23T17:06:14Z;518;;518
2025-08-23T17:06:16Z;915;;915
2025-08-23T17:06:17Z;533;;533
2025-08-23T17:06:19Z;922;;922
2025-08-23T17:06:21Z;515;;515
2025-08-23T17:06:22Z;914;;914
2025-08-23T17:06:24Z;517;;517
2025-08-23T17:06:25Z;900;;900
2025-08-23T17:06:27Z;515;;515
2025-08-23T17:06:29Z;913;;913
2025-08-23T17:06:30Z;514;;514
2025-08-23T17:06:32Z;908;;908
2025-08-23T17:06:33Z;526;;526
2025-08-23T17:06:35Z;914;;914
2025-08-23T17:06:37Z;511;;511
2025-08-23T17:06:38Z;907;;907
2025-08-23T17:06:40Z;510;;510
2025-08-23T17:06:41Z;921;;921
2025-08-23T17:06:43Z;519;;519
2025-08-23T17:06:45Z;915;;915
2025-08-23T17:06:46Z;519;;519
2025-08-23T17:06:48Z;911;;911
2025-08-23T17:06:49Z;529;;529
2025-08-23T17:06:51Z;909;;909
2025-08-23T17:06:53Z;515;;515
2025-08-23T17:06:54Z;913;;913
2025-08-23T17:06:56Z;517;;517
2025-08-23T17:06:57Z;905;;905
2025-08-23T17:06:59Z;510;;510
2025-08-23T17:07:01Z;914;;914
2025-08-23T17:07:02Z;517;;517
2025-08-23T17:07:04Z;915;;915
2025-08-23T17:07:05Z;522;;522
2025-08-23T17:07:07Z;910;;910
2025-08-23T17:07:09Z;516;;516
2025-08-23T17:07:10Z;911;;911
2025-08-23T17:07:12Z;515;;515
2025-08-23T17:07:13Z;906;;906
2025-08-23T17:07:15Z;515;;515
2025-08-23T17:07:17Z;908;;908
2025-08-23T17:07:18Z;517;;517
2025-08-23T17:07:20Z;912;;912
2025-08-23T17:07:21Z;522;;522
2025-08-23T17:07:23Z;916;;916
2025-08-23T17:07:25Z;515;;515
2025-08-23T17:07:26Z;908;;908
2025-08-23T17:07:28Z;515;;515
2025-08-23T17:07:29Z;908;;908
2025-08-23T17:07:31Z;516;;516
2025-08-23T17:07:33Z;913;;913
2025-08-23T17:07:34Z;517;;517
2025-08-23T17:07:36Z;912;;912
2025-08-23T17:07:37Z;522;;522
2025-08-23T17:07:39Z;913;;913
2025-08-23T17:07:41Z;514;;514
2025-08-23T17:07:42Z;911;;911
2025-08-23T17:07:47Z;526;;526
2025-08-23T17:07:49Z;923;;923
2025-08-23T17:07:50Z;527;;527
2025-08-23T17:07:52Z;925;;925
2025-08-23T17:07:53Z;531;;531
2025-08-23T17:07:55Z;927;;927
2025-08-23T17:07:57Z;530;;530
2025-08-23T17:07:58Z;927;;927
2025-08-23T17:08:00Z;527;;527
2025-08-23T17:08:01Z;928;;928
2025-08-23T17:08:03Z;529;;529
2025-08-23T17:08:05Z;927;;927
2025-08-23T17:08:06Z;529;;529
2025-08-23T17:08:08Z;929;;929
2025-08-23T17:08:09Z;534;;534
2025-08-23T17:08:11Z;925;;925
2025-08-23T17:08:13Z;530;;530
2025-08-23T17:08:14Z;933;;933
2025-08-23T17:08:16Z;530;;530
2025-08-23T17:08:17Z;926;;926
2025-08-23T17:08:19Z;532;;532
2025-08-23T17:08:21Z;934;;934
2025-08-23T17:08:22Z;534;;534
2025-08-23T17:08:24Z;930;;930
2025-08-23T17:08:25Z;536;;536
2025-08-23T17:08:27Z;931;;931
2025-08-23T17:08:29Z;529;;529
2025-08-23T17:08:30Z;932;;932
2025-08-23T17:08:32Z;532;;532
2025-08-23T17:08:33Z;928;;928
2025-08-23T17:08:35Z;532;;532
2025-08-23T17:08:37Z;934;;934
2025-08-23T17:08:38Z;529;;529
2025-08-23T17:08:40Z;936;;936
2025-08-23T17:08:41Z;535;;535
2025-08-23T17:08:43Z;938;;938
2025-08-23T17:08:44Z;876;;876
2025-08-23T17:08:45Z;514;;514
2025-08-23T17:08:46Z;917;;917
2025-08-23T17:08:48Z;516;;516
2025-08-23T17:08:49Z;913;;913
2025-08-23T17:08:51Z;517;;517
2025-08-23T17:08:53Z;918;;918
2025-08-23T17:08:54Z;514;;514
2025-08-23T17:08:56Z;911;;911
2025-08-23T17:08:57Z;520;;520
2025-08-23T17:08:59Z;914;;914
2025-08-23T17:09:00Z;835;;835
2025-08-23T17:09:01Z;516;;516
2025-08-23T17:09:02Z;911;;911
2025-08-23T17:09:04Z;513;;513
2025-08-23T17:09:05Z;913;;913
2025-08-23T17:09:07Z;515;;515
2025-08-23T17:09:08Z;608;;608
2025-08-23T17:09:09Z;915;;915
2025-08-23T17:09:10Z;517;;517
2025-08-23T17:09:12Z;916;;916
2025-08-23T17:09:13Z;520;;520
2025-08-23T17:09:15Z;914;;914
2025-08-23T17:09:16Z;813;;813
2025-08-23T17:09:17Z;516;;516
2025-08-23T17:09:18Z;916;;916
2025-08-23T17:09:20Z;516;;516
2025-08-23T17:09:21Z;913;;913
2025-08-23T17:09:23Z;512;;512
2025-08-23T17:09:25Z;917;;917
2025-08-23T17:09:26Z;519;;519
2025-08-23T17:09:28Z;917;;917
2025-08-23T17:09:29Z;520;;520
2025-08-23T17:09:31Z;917;;917
2025-08-23T17:09:32Z;824;;824
2025-08-23T17:09:33Z;515;;515
2025-08-23T17:09:34Z;916;;916
2025-08-23T17:09:36Z;517;;517
2025-08-23T17:09:37Z;914;;914
2025-08-23T17:09:39Z;518;;518
2025-08-23T17:09:40Z;610;;610
2025-08-23T17:09:41Z;915;;915
2025-08-23T17:09:42Z;517;;517
2025-08-23T17:09:44Z;920;;920
2025-08-23T17:09:45Z;520;;520
2025-08-23T17:09:47Z;917;;917
2025-08-23T17:09:48Z;799;;799
2025-08-23T17:09:49Z;517;;517
2025-08-23T17:09:50Z;912;;912
2025-08-23T17:09:52Z;514;;514
2025-08-23T17:09:53Z;913;;913
2025-08-23T17:09:55Z;517;;517
2025-08-23T17:09:56Z;645;;645
2025-08-23T17:09:57Z;918;;918
2025-08-23T17:09:58Z;509;;509
2025-08-23T17:10:00Z;909;;909
2025-08-23T17:10:01Z;515;;515
2025-08-23T17:10:03Z;907;;907
2025-08-23T17:10:04Z;754;;754
2025-08-23T17:10:05Z;512;;512
2025-08-23T17:10:06Z;907;;907
2025-08-23T17:10:08Z;507;;507
2025-08-23T17:10:09Z;902;;902
2025-08-23T17:10:11Z;515;;515
2025-08-23T17:10:12Z;674;;674
2025-08-23T17:10:13Z;909;;909
2025-08-23T17:10:14Z;512;;512
2025-08-23T17:10:16Z;909;;909
2025-08-23T17:10:17Z;513;;513
2025-08-23T17:10:19Z;909;;909
2025-08-23T17:10:20Z;732;;732
2025-08-23T17:10:21Z;520;;520
2025-08-23T17:10:22Z;923;;923
2025-08-23T17:10:24Z;529;;529
2025-08-23T17:10:25Z;871;;871
2025-08-23T17:10:27Z;464;;464
2025-08-23T17:10:29Z;866;;866
2025-08-23T17:10:30Z;468;;468
2025-08-23T17:10:32Z;867;;867
2025-08-23T17:10:33Z;473;;473
2025-08-23T17:10:35Z;866;;866
2025-08-23T17:10:37Z;466;;466
2025-08-23T17:10:38Z;864;;864
2025-08-23T17:10:40Z;467;;467
2025-08-23T17:10:41Z;878;;878
2025-08-23T17:10:43Z;474;;474
2025-08-23T17:10:44Z;600;;600
2025-08-23T17:10:46Z;476;;476
2025-08-23T17:10:48Z;873;;873
2025-08-23T17:10:49Z;472;;472
2025-08-23T17:10:51Z;871;;871
2025-08-23T17:10:53Z;471;;471
2025-08-23T17:10:54Z;869;;869
2025-08-23T17:10:56Z;472;;472
2025-08-23T17:10:57Z;867;;867
2025-08-23T17:10:58Z;474;;474
2025-08-23T17:11:03Z;870;;870
2025-08-23T17:11:04Z;474;;474
2025-08-23T17:11:05Z;870;;870
2025-08-23T17:11:06Z;475;;475
2025-08-23T17:11:07Z;867;;867
2025-08-23T17:11:09Z;473;;473
2025-08-23T17:11:10Z;869;;869
2025-08-23T17:11:12Z;471;;471
2025-08-23T17:11:13Z;866;;866
2025-08-23T17:11:15Z;472;;472
2025-08-23T17:11:17Z;870;;870
2025-08-23T17:11:18Z;473;;473
2025-08-23T17:11:20Z;868;;868
2025-08-23T17:11:21Z;471;;471
2025-08-23T17:11:23Z;852;;852
2025-08-23T17:11:25Z;466;;466
2025-08-23T17:11:26Z;868;;868
2025-08-23T17:11:28Z;471;;471
2025-08-23T17:11:29Z;867;;867
2025-08-23T17:11:31Z;470;;470
2025-08-23T17:11:33Z;875;;875
2025-08-23T17:11:34Z;467;;467
2025-08-23T17:11:36Z;868;;868
2025-08-23T17:11:37Z;475;;475
2025-08-23T17:11:39Z;869;;869
2025-08-23T17:11:41Z;470;;470
2025-08-23T17:11:42Z;866;;866
2025-08-23T17:11:44Z;471;;471
2025-08-23T17:11:45Z;863;;863
2025-08-23T17:11:47Z;470;;470
2025-08-23T17:11:49Z;870;;870
2025-08-23T17:11:50Z;474;;474
2025-08-23T17:11:52Z;874;;874
2025-08-23T17:11:53Z;476;;476
2025-08-23T17:11:55Z;871;;871
2025-08-23T17:11:57Z;470;;470
2025-08-23T17:11:58Z;868;;868
2025-08-23T17:12:00Z;469;;469
2025-08-23T17:12:01Z;860;;860
2025-08-23T17:12:03Z;473;;473
2025-08-23T17:12:05Z;869;;869
2025-08-23T17:12:06Z;472;;472
2025-08-23T17:12:08Z;876;;876
2025-08-23T17:12:09Z;476;;476
2025-08-23T17:12:11Z;869;;869
2025-08-23T17:12:13Z;472;;472
2025-08-23T17:12:14Z;867;;867
2025-08-23T17:12:16Z;471;;471
2025-08-23T17:12:17Z;863;;863
2025-08-23T17:12:19Z;468;;468
2025-08-23T17:12:21Z;869;;869
2025-08-23T17:12:22Z;472;;472
2025-08-23T17:12:23Z;1384;;1384
2025-08-23T17:12:24Z;2493;;2493
2025-08-23T17:12:25Z;2132;;2132
2025-08-23T17:12:27Z;2492;;2492
2025-08-23T17:12:29Z;2126;;2126
2025-08-23T17:12:30Z;2494;;2494
2025-08-23T17:12:32Z;2126;;2126
2025-08-23T17:12:33Z;2487;;2487
2025-08-23T17:12:35Z;2123;;2123
2025-08-23T17:12:37Z;2488;;2488
2025-08-23T17:12:38Z;2126;;2126
2025-08-23T17:12:40Z;2489;;2489
2025-08-23T17:12:41Z;2129;;2129
2025-08-23T17:12:43Z;2493;;2493
2025-08-23T17:12:45Z;2128;;2128
2025-08-23T17:12:46Z;2489;;2489
2025-08-23T17:12:48Z;2127;;2127
2025-08-23T17:12:49Z;2488;;2488
2025-08-23T17:12:51Z;2134;;2134
2025-08-23T17:12:53Z;2499;;2499
2025-08-23T17:12:54Z;2128;;2128
2025-08-23T17:12:56Z;2497;;2497
2025-08-23T17:12:57Z;2134;;2134
2025-08-23T17:12:59Z;2501;;2501
2025-08-23T17:13:01Z;2128;;2128
2025-08-23T17:13:02Z;2499;;2499
2025-08-23T17:13:04Z;1975;;1975
2025-08-23T17:13:05Z;2449;;2449
2025-08-23T17:13:07Z;2089;;2089
2025-08-23T17:13:09Z;2455;;2455
2025-08-23T17:13:10Z;2095;;2095
2025-08-23T17:13:12Z;2463;;2463
2025-08-23T17:13:13Z;2100;;2100
2025-08-23T17:13:15Z;2462;;2462
2025-08-23T17:13:17Z;2134;;2134
2025-08-23T17:13:18Z;2500;;2500
2025-08-23T17:13:20Z;2128;;2128
2025-08-23T17:13:21Z;2494;;2494
2025-08-23T17:13:23Z;2131;;2131
2025-08-23T17:13:25Z;2504;;2504
2025-08-23T17:13:26Z;2132;;2132
2025-08-23T17:13:28Z;2505;;2505
2025-08-23T17:13:29Z;2141;;2141
2025-08-23T17:13:31Z;2507;;2507
2025-08-23T17:13:33Z;1371;;1371
2025-08-23T17:13:34Z;1756;;1756
2025-08-23T17:13:36Z;1373;;1373
2025-08-23T17:13:37Z;1753;;1753
2025-08-23T17:13:39Z;1374;;1374
2025-08-23T17:13:41Z;1763;;1763
2025-08-23T17:13:42Z;1376;;1376
2025-08-23T17:13:44Z;1756;;1756
2025-08-23T17:13:45Z;1375;;1375
2025-08-23T17:13:47Z;1763;;1763
2025-08-23T17:13:49Z;1365;;1365
2025-08-23T17:13:50Z;1759;;1759
2025-08-23T17:13:52Z;1368;;1368
2025-08-23T17:13:53Z;1751;;1751
2025-08-23T17:13:55Z;1369;;1369
2025-08-23T17:13:57Z;1755;;1755
2025-08-23T17:13:58Z;1367;;1367
2025-08-23T17:14:00Z;1753;;1753
2025-08-23T17:14:01Z;1370;;1370
2025-08-23T17:14:03Z;1756;;1756
2025-08-23T17:14:05Z;1368;;1368
2025-08-23T17:14:06Z;1754;;1754
2025-08-23T17:14:08Z;1356;;1356
2025-08-23T17:14:09Z;1744;;1744
2025-08-23T17:14:11Z;1371;;1371
2025-08-23T17:14:13Z;1758;;1758
2025-08-23T17:14:14Z;1370;;1370
2025-08-23T17:14:16Z;1749;;1749
2025-08-23T17:14:17Z;1379;;1379
2025-08-23T17:14:19Z;1750;;1750
2025-08-23T17:14:21Z;1366;;1366
2025-08-23T17:14:22Z;1751;;1751
2025-08-23T17:14:24Z;1367;;1367
2025-08-23T17:14:25Z;1735;;1735
2025-08-23T17:14:27Z;1360;;1360
2025-08-23T17:14:29Z;1751;;1751
2025-08-23T17:14:30Z;1364;;1364
2025-08-23T17:14:32Z;1748;;1748
2025-08-23T17:14:33Z;1380;;1380
2025-08-23T17:14:35Z;1751;;1751
2025-08-23T17:14:37Z;1365;;1365
2025-08-23T17:14:38Z;1749;;1749
2025-08-23T17:14:40Z;1373;;1373
2025-08-23T17:14:41Z;1737;;1737
2025-08-23T17:14:43Z;1370;;1370
2025-08-23T17:14:45Z;1769;;1769
2025-08-23T17:14:46Z;1384;;1384
2025-08-23T17:14:48Z;1761;;1761
2025-08-23T17:14:49Z;1408;;1408
2025-08-23T17:14:51Z;1776;;1776
2025-08-23T17:14:53Z;1382;;1382
2025-08-23T17:14:54Z;1767;;1767
2025-08-23T17:14:56Z;1382;;1382
2025-08-23T17:14:57Z;1738;;1738
2025-08-23T17:14:59Z;1379;;1379
2025-08-23T17:15:01Z;1764;;1764
2025-08-23T17:15:02Z;1383;;1383
2025-08-23T17:15:04Z;1769;;1769
2025-08-23T17:15:05Z;1412;;1412
2025-08-23T17:15:07Z;1769;;1769
2025-08-23T17:15:09Z;1385;;1385
2025-08-23T17:15:10Z;1770;;1770
2025-08-23T17:15:12Z;1383;;1383
2025-08-23T17:15:13Z;1735;;1735
2025-08-23T17:15:15Z;1386;;1386
2025-08-23T17:15:17Z;1784;;1784
2025-08-23T17:15:18Z;1393;;1393
2025-08-23T17:15:20Z;1781;;1781
2025-08-23T17:15:22Z;1386;;1386
2025-08-23T17:15:29Z;1425;;1425
2025-08-23T17:15:30Z;1774;;1774
2025-08-23T17:15:32Z;1392;;1392
2025-08-23T17:15:33Z;1773;;1773
2025-08-23T17:15:34Z;1392;;1392
2025-08-23T17:15:35Z;1744;;1744
2025-08-23T17:15:36Z;1394;;1394
2025-08-23T17:15:38Z;1778;;1778
2025-08-23T17:15:39Z;1397;;1397
2025-08-23T17:15:40Z;1777;;1777
2025-08-23T17:15:41Z;1426;;1426
2025-08-23T17:15:42Z;1775;;1775
2025-08-23T17:15:44Z;1390;;1390
2025-08-23T17:15:45Z;1768;;1768
2025-08-23T17:15:46Z;1377;;1377
2025-08-23T17:15:47Z;1726;;1726
2025-08-23T17:15:48Z;1373;;1373
2025-08-23T17:15:50Z;1760;;1760
2025-08-23T17:15:51Z;1377;;1377
2025-08-23T17:15:52Z;1763;;1763
2025-08-23T17:15:53Z;1407;;1407
2025-08-23T17:15:55Z;1760;;1760
2025-08-23T17:15:57Z;1376;;1376
2025-08-23T17:15:58Z;1761;;1761
2025-08-23T17:16:00Z;1368;;1368
2025-08-23T17:16:01Z;1726;0;1726
2025-08-23T17:16:05Z;1375;;1375
2025-08-23T17:16:06Z;1760;;1760
2025-08-23T17:16:07Z;1376;;1376
2025-08-23T17:16:08Z;1754;;1754
2025-08-23T17:16:10Z;1400;;1400
2025-08-23T17:16:11Z;1755;;1755
2025-08-23T17:16:13Z;1372;;1372
2025-08-23T17:16:14Z;1754;;1754
2025-08-23T17:16:16Z;1368;;1368
2025-08-23T17:16:17Z;1727;;1727
2025-08-23T17:16:19Z;1376;;1376
2025-08-23T17:16:21Z;1767;;1767
2025-08-23T17:16:22Z;1378;;1378
2025-08-23T17:16:24Z;1761;;1761
2025-08-23T17:16:25Z;1400;;1400
2025-08-23T17:16:27Z;1754;;1754
2025-08-23T17:16:29Z;1376;;1376
2025-08-23T17:16:30Z;1760;;1760
2025-08-23T17:16:32Z;1389;;1389
2025-08-23T17:16:33Z;1749;;1749
2025-08-23T17:16:35Z;1387;;1387
2025-08-23T17:16:37Z;1770;;1770
2025-08-23T17:16:38Z;1389;;1389
2025-08-23T17:16:40Z;1772;;1772
2025-08-23T17:16:41Z;1410;;1410
2025-08-23T17:16:43Z;1773;;1773
2025-08-23T17:16:45Z;1385;;1385
2025-08-23T17:16:46Z;1769;;1769
2025-08-23T17:16:48Z;1386;;1386
2025-08-23T17:16:49Z;1753;;1753
2025-08-23T17:16:51Z;1390;;1390
2025-08-23T17:16:53Z;1772;;1772
2025-08-23T17:16:54Z;1383;;1383
2025-08-23T17:16:56Z;1773;;1773
2025-08-23T17:16:57Z;1405;;1405
2025-08-23T17:16:59Z;1774;;1774
2025-08-23T17:17:01Z;1385;;1385
2025-08-23T17:17:02Z;1768;;1768
2025-08-23T17:17:04Z;1389;;1389
2025-08-23T17:17:05Z;1757;;1757
2025-08-23T17:17:07Z;1387;;1387
2025-08-23T17:17:09Z;1774;;1774
2025-08-23T17:17:10Z;1391;;1391
2025-08-23T17:17:12Z;1769;;1769
2025-08-23T17:17:13Z;1403;;1403
2025-08-23T17:17:15Z;1771;;1771
2025-08-23T17:17:17Z;1381;;1381
2025-08-23T17:17:18Z;1766;;1766
2025-08-23T17:17:20Z;1381;;1381
2025-08-23T17:17:21Z;1743;;1743
2025-08-23T17:17:23Z;1379;;1379
2025-08-23T17:17:25Z;1765;;1765
2025-08-23T17:17:26Z;1381;;1381
2025-08-23T17:17:28Z;1768;;1768
2025-08-23T17:17:29Z;1401;;1401
2025-08-23T17:17:31Z;1757;;1757
2025-08-23T17:17:33Z;1370;;1370
2025-08-23T17:17:34Z;1752;;1752
2025-08-23T17:17:36Z;1368;;1368
2025-08-23T17:17:37Z;1739;;1739
2025-08-23T17:17:39Z;1363;;1363
2025-08-23T17:17:41Z;1752;;1752
2025-08-23T17:17:42Z;1368;;1368
2025-08-23T17:17:44Z;1755;;1755
2025-08-23T17:17:45Z;1381;;1381
2025-08-23T17:17:47Z;1756;;1756
2025-08-23T17:17:49Z;1368;;1368
2025-08-23T17:17:50Z;1752;;1752
2025-08-23T17:17:52Z;1366;;1366
2025-08-23T17:17:53Z;1738;;1738
2025-08-23T17:17:55Z;469;;469
2025-08-23T17:17:57Z;862;;862
2025-08-23T17:17:58Z;468;;468
2025-08-23T17:18:00Z;865;;865
2025-08-23T17:18:01Z;478;;478
2025-08-23T17:18:03Z;862;;862
2025-08-23T17:18:05Z;467;;467
2025-08-23T17:18:06Z;858;;858
2025-08-23T17:18:08Z;466;;466
2025-08-23T17:18:09Z;853;;853
2025-08-23T17:18:11Z;469;;469
2025-08-23T17:18:12Z;1439;;1439
2025-08-23T17:18:13Z;969;;969
2025-08-23T17:18:14Z;558;;558
2025-08-23T17:18:16Z;951;;951
2025-08-23T17:18:17Z;562;;562
2025-08-23T17:18:19Z;941;;941
2025-08-23T17:18:21Z;543;;543
2025-08-23T17:18:22Z;933;;933
2025-08-23T17:18:24Z;532;;532
2025-08-23T17:18:25Z;918;;918
2025-08-23T17:18:27Z;533;;533
2025-08-23T17:18:29Z;929;;929
2025-08-23T17:18:30Z;535;;535
2025-08-23T17:18:32Z;1812;;1812
2025-08-23T17:18:33Z;1438;;1438
2025-08-23T17:18:35Z;1806;;1806
2025-08-23T17:18:37Z;1434;;1434
2025-08-23T17:18:38Z;1810;;1810
2025-08-23T17:18:40Z;1437;;1437
2025-08-23T17:18:41Z;1812;;1812
2025-08-23T17:18:43Z;1435;;1435
2025-08-23T17:18:45Z;1814;;1814
2025-08-23T17:18:46Z;1431;;1431
2025-08-23T17:18:48Z;1813;;1813
2025-08-23T17:18:49Z;1440;;1440
2025-08-23T17:18:51Z;1809;;1809
2025-08-23T17:18:53Z;1427;;1427
2025-08-23T17:18:54Z;1804;;1804
2025-08-23T17:18:56Z;1419;;1419
2025-08-23T17:18:57Z;1797;;1797
2025-08-23T17:18:59Z;1427;;1427
2025-08-23T17:19:01Z;1806;;1806
2025-08-23T17:19:02Z;1427;;1427
2025-08-23T17:19:04Z;1807;;1807
2025-08-23T17:19:05Z;1429;;1429
2025-08-23T17:19:07Z;1810;;1810
2025-08-23T17:19:09Z;1431;;1431
2025-08-23T17:19:10Z;1812;;1812
2025-08-23T17:19:12Z;1431;;1431
2025-08-23T17:19:13Z;1804;;1804
2025-08-23T17:19:15Z;1428;;1428
2025-08-23T17:19:22Z;1814;;1814
2025-08-23T17:19:23Z;1431;;1431
2025-08-23T17:19:24Z;1810;;1810
2025-08-23T17:19:25Z;1433;;1433
2025-08-23T17:19:26Z;1806;;1806
2025-08-23T17:19:28Z;1427;;1427
2025-08-23T17:19:29Z;1797;;1797
2025-08-23T17:19:30Z;1422;;1422
2025-08-23T17:19:31Z;1796;;1796
2025-08-23T17:19:32Z;1421;;1421
2025-08-23T17:19:34Z;1802;;1802
2025-08-23T17:19:35Z;1418;;1418
2025-08-23T17:19:36Z;1800;;1800
2025-08-23T17:19:37Z;1424;;1424
2025-08-23T17:19:39Z;1802;;1802
2025-08-23T17:19:41Z;1417;;1417
2025-08-23T17:19:42Z;1807;;1807
2025-08-23T17:19:44Z;1423;;1423
2025-08-23T17:19:45Z;1800;;1800
2025-08-23T17:19:47Z;1424;;1424
2025-08-23T17:19:49Z;1798;;1798
2025-08-23T17:19:50Z;1412;;1412
2025-08-23T17:19:52Z;1804;;1804
2025-08-23T17:19:53Z;1426;;1426
2025-08-23T17:19:55Z;1803;;1803
2025-08-23T17:19:57Z;531;;531
2025-08-23T17:19:58Z;931;;931
2025-08-23T17:20:00Z;529;;529
2025-08-23T17:20:01Z;923;;923
2025-08-23T17:20:03Z;530;;530
2025-08-23T17:20:05Z;928;;928
2025-08-23T17:20:06Z;532;;532
2025-08-23T17:20:08Z;922;;922
2025-08-23T17:20:09Z;537;;537
2025-08-23T17:20:11Z;923;;923
2025-08-23T17:20:12Z;854;;854
2025-08-23T17:20:13Z;531;;531
2025-08-23T17:20:14Z;922;;922
2025-08-23T17:20:16Z;530;;530
2025-08-23T17:20:17Z;915;;915
2025-08-23T17:20:19Z;529;;529
2025-08-23T17:20:20Z;601;;601
2025-08-23T17:20:21Z;926;;926
2025-08-23T17:20:22Z;533;;533
2025-08-23T17:20:24Z;925;;925
2025-08-23T17:20:25Z;538;;538
2025-08-23T17:20:27Z;926;;926
2025-08-23T17:20:28Z;838;;838
2025-08-23T17:20:29Z;509;;509
2025-08-23T17:20:30Z;922;;922
2025-08-23T17:20:32Z;526;;526
2025-08-23T17:20:33Z;914;;914
2025-08-23T17:20:35Z;523;;523
2025-08-23T17:20:36Z;626;;626
2025-08-23T17:20:37Z;921;;921
2025-08-23T17:20:38Z;530;;530
2025-08-23T17:20:40Z;922;;922
2025-08-23T17:20:41Z;533;;533
2025-08-23T17:20:43Z;923;;923
2025-08-23T17:20:44Z;807;;807
2025-08-23T17:20:45Z;539;;539
2025-08-23T17:20:46Z;932;;932
2025-08-23T17:20:48Z;543;;543
2025-08-23T17:20:49Z;942;;942
2025-08-23T17:20:51Z;548;;548
2025-08-23T17:20:52Z;665;;665
2025-08-23T17:20:53Z;936;;936
2025-08-23T17:20:54Z;550;;550
2025-08-23T17:20:56Z;939;;939
2025-08-23T17:20:57Z;553;;553
2025-08-23T17:20:59Z;944;;944
2025-08-23T17:21:00Z;815;;815
2025-08-23T17:21:01Z;548;;548
2025-08-23T17:21:02Z;937;;937
2025-08-23T17:21:04Z;530;;530
2025-08-23T17:21:05Z;947;;947
2025-08-23T17:21:07Z;564;;564
2025-08-23T17:21:08Z;706;;706
2025-08-23T17:21:09Z;974;;974
2025-08-23T17:21:10Z;587;;587
2025-08-23T17:21:12Z;973;;973
2025-08-23T17:21:13Z;591;;591
2025-08-23T17:21:15Z;972;;972
2025-08-23T17:21:16Z;818;;818
2025-08-23T17:21:18Z;986;;986
2025-08-23T17:21:20Z;589;;589
2025-08-23T17:21:21Z;984;;984
2025-08-23T17:21:23Z;595;;595
2025-08-23T17:21:24Z;762;;762
2025-08-23T17:21:25Z;986;;986
2025-08-23T17:21:26Z;595;;595
2025-08-23T17:21:28Z;986;;986
2025-08-23T17:21:29Z;569;;569
2025-08-23T17:21:31Z;963;;963
2025-08-23T17:21:32Z;789;;789
2025-08-23T17:21:33Z;569;;569
2025-08-23T17:21:34Z;963;;963
2025-08-23T17:21:36Z;570;;570
2025-08-23T17:21:37Z;960;;960
2025-08-23T17:21:39Z;570;;570
2025-08-23T17:21:40Z;743;;743
2025-08-23T17:21:41Z;963;;963
2025-08-23T17:21:42Z;570;;570
2025-08-23T17:21:44Z;963;;963
2025-08-23T17:21:45Z;557;;557
2025-08-23T17:21:47Z;945;;945
2025-08-23T17:21:48Z;762;;762
2025-08-23T17:21:49Z;555;;555
2025-08-23T17:21:50Z;948;;948
2025-08-23T17:21:52Z;554;;554
2025-08-23T17:21:53Z;945;;945
2025-08-23T17:21:55Z;534;;534
2025-08-23T17:21:56Z;719;;719
2025-08-23T17:21:57Z;927;;927
2025-08-23T17:21:58Z;538;;538
2025-08-23T17:22:00Z;926;;926
2025-08-23T17:22:01Z;539;;539
2025-08-23T17:22:03Z;932;;932
2025-08-23T17:22:04Z;719;;719
2025-08-23T17:22:05Z;518;;518
2025-08-23T17:22:06Z;917;;917
2025-08-23T17:22:08Z;524;;524
2025-08-23T17:22:09Z;913;;913
2025-08-23T17:22:11Z;525;;525
2025-08-23T17:22:12Z;742;;742
2025-08-23T17:22:13Z;918;;918
2025-08-23T17:22:14Z;523;;523
2025-08-23T17:22:16Z;918;;918
2025-08-23T17:22:17Z;529;;529
2025-08-23T17:22:19Z;921;;921
2025-08-23T17:22:20Z;696;;696
2025-08-23T17:22:21Z;528;;528
2025-08-23T17:22:22Z;919;;919
2025-08-23T17:22:24Z;519;;519
2025-08-23T17:22:25Z;912;;912
2025-08-23T17:22:27Z;521;;521
2025-08-23T17:22:28Z;744;;744
2025-08-23T17:22:29Z;916;;916
2025-08-23T17:22:30Z;524;;524
2025-08-23T17:22:32Z;915;;915
2025-08-23T17:22:33Z;524;;524
2025-08-23T17:22:35Z;916;;916
2025-08-23T17:22:36Z;681;;681
2025-08-23T17:22:37Z;545;;545
2025-08-23T17:22:38Z;947;;947
2025-08-23T17:22:40Z;551;;551
2025-08-23T17:22:41Z;942;;942
2025-08-23T17:22:43Z;551;;551
2025-08-23T17:22:44Z;779;;779
2025-08-23T17:22:45Z;945;;945
2025-08-23T17:22:46Z;528;;528
2025-08-23T17:22:47Z;925;;925
2025-08-23T17:22:49Z;532;;532
2025-08-23T17:22:51Z;933;;933
2025-08-23T17:22:52Z;689;;689
2025-08-23T17:22:53Z;530;;530
2025-08-23T17:22:54Z;930;;930
2025-08-23T17:22:56Z;529;;529
2025-08-23T17:22:57Z;919;;919
2025-08-23T17:22:59Z;526;;526
2025-08-23T17:23:00Z;761;;761
2025-08-23T17:23:01Z;930;;930
2025-08-23T17:23:02Z;530;;530
2025-08-23T17:23:04Z;924;;924
2025-08-23T17:23:05Z;530;;530
2025-08-23T17:23:07Z;923;;923
2025-08-23T17:23:08Z;667;;667
2025-08-23T17:23:09Z;527;;527
2025-08-23T17:23:10Z;919;;919
2025-08-23T17:23:12Z;526;;526
2025-08-23T17:23:13Z;916;;916
2025-08-23T17:23:15Z;527;;527
2025-08-23T17:23:16Z;780;;780
2025-08-23T17:23:17Z;921;;921
2025-08-23T17:23:18Z;527;;527
2025-08-23T17:23:20Z;922;;922
2025-08-23T17:23:21Z;532;;532
2025-08-23T17:23:23Z;922;;922
2025-08-23T17:23:24Z;661;;661
2025-08-23T17:23:25Z;528;;528
2025-08-23T17:23:26Z;921;;921
2025-08-23T17:23:28Z;528;;528
2025-08-23T17:23:29Z;921;;921
2025-08-23T17:23:31Z;524;;524
2025-08-23T17:23:32Z;782;;782
2025-08-23T17:23:33Z;921;;921
2025-08-23T17:23:34Z;530;;530
2025-08-23T17:23:36Z;924;;924
2025-08-23T17:23:37Z;531;;531
2025-08-23T17:23:39Z;862;;862
2025-08-23T17:23:41Z;527;;527
2025-08-23T17:23:42Z;909;;909
2025-08-23T17:23:44Z;529;;529
2025-08-23T17:23:45Z;865;;865
2025-08-23T17:23:47Z;529;;529
2025-08-23T17:23:48Z;764;;764
2025-08-23T17:23:50Z;531;;531
2025-08-23T17:23:52Z;887;;887
2025-08-23T17:23:53Z;533;;533
2025-08-23T17:23:55Z;811;;811
2025-08-23T17:23:57Z;531;;531
2025-08-23T17:23:58Z;839;;839
2025-08-23T17:24:00Z;532;;532
2025-08-23T17:24:01Z;843;;843
2025-08-23T17:24:03Z;531;;531
2025-08-23T17:24:04Z;744;;744
2025-08-23T17:24:06Z;530;;530
2025-08-23T17:24:08Z;847;;847
2025-08-23T17:24:09Z;532;;532
2025-08-23T17:24:11Z;845;;845
2025-08-23T17:24:13Z;530;;530
2025-08-23T17:24:14Z;845;;845
2025-08-23T17:24:16Z;525;;525
2025-08-23T17:24:17Z;846;;846
2025-08-23T17:24:19Z;531;;531
2025-08-23T17:24:20Z;757;;757
2025-08-23T17:24:22Z;530;;530
2025-08-23T17:24:24Z;847;;847
2025-08-23T17:24:25Z;525;;525
2025-08-23T17:24:27Z;845;;845
2025-08-23T17:24:29Z;528;;528
2025-08-23T17:24:30Z;846;;846
2025-08-23T17:24:32Z;527;;527
2025-08-23T17:24:33Z;844;;844
2025-08-23T17:24:35Z;528;;528
2025-08-23T17:24:36Z;763;;763
2025-08-23T17:24:38Z;530;;530
2025-08-23T17:24:40Z;846;;846
2025-08-23T17:24:41Z;530;;530
2025-08-23T17:24:43Z;840;;840
2025-08-23T17:24:45Z;527;;527
2025-08-23T17:24:46Z;844;;844
2025-08-23T17:24:48Z;527;;527
2025-08-23T17:24:49Z;839;;839
2025-08-23T17:24:51Z;529;;529
2025-08-23T17:24:52Z;753;;753
2025-08-23T17:24:54Z;530;;530
2025-08-23T17:24:56Z;843;;843
2025-08-23T17:24:57Z;530;;530
2025-08-23T17:24:59Z;892;;892
2025-08-23T17:25:01Z;536;;536
2025-08-23T17:25:02Z;890;;890
2025-08-23T17:25:04Z;540;;540
2025-08-23T17:25:05Z;889;;889
2025-08-23T17:25:07Z;543;;543
2025-08-23T17:25:08Z;799;;799
2025-08-23T17:25:09Z;911;;911
2025-08-23T17:25:10Z;559;;559
2025-08-23T17:25:12Z;932;;932
2025-08-23T17:25:13Z;585;;585
2025-08-23T17:25:15Z;932;;932
2025-08-23T17:25:16Z;674;;674
2025-08-23T17:25:17Z;584;;584
2025-08-23T17:25:18Z;931;;931
2025-08-23T17:25:20Z;583;;583
2025-08-23T17:25:21Z;927;;927
2025-08-23T17:25:23Z;583;;583
2025-08-23T17:25:24Z;828;;828
2025-08-23T17:25:25Z;929;;929
2025-08-23T17:25:26Z;585;;585
2025-08-23T17:25:28Z;925;;925
2025-08-23T17:25:29Z;548;;548
2025-08-23T17:25:31Z;887;;887
2025-08-23T17:25:33Z;543;;543
2025-08-23T17:25:34Z;886;;886
2025-08-23T17:25:36Z;544;;544
2025-08-23T17:25:37Z;881;;881
2025-08-23T17:25:39Z;543;;543
2025-08-23T17:25:40Z;773;;773
2025-08-23T17:25:42Z;544;;544
2025-08-23T17:25:44Z;889;;889
2025-08-23T17:25:45Z;550;;550
2025-08-23T17:25:47Z;900;;900
2025-08-23T17:25:48Z;660;;660
2025-08-23T17:25:49Z;547;;547
2025-08-23T17:25:50Z;891;;891
2025-08-23T17:25:52Z;544;;544
2025-08-23T17:25:53Z;886;;886
2025-08-23T17:25:55Z;541;;541
2025-08-23T17:25:56Z;765;;765
2025-08-23T17:25:58Z;543;;543
2025-08-23T17:26:00Z;874;;874
2025-08-23T17:26:01Z;555;;555
2025-08-23T17:26:03Z;895;;895
2025-08-23T17:26:05Z;554;;554
2025-08-23T17:26:06Z;890;;890
2025-08-23T17:26:08Z;531;;531
2025-08-23T17:26:09Z;874;;874
2025-08-23T17:26:11Z;531;;531
2025-08-23T17:26:12Z;739;;739
2025-08-23T17:26:14Z;530;;530
2025-08-23T17:26:16Z;886;;886
2025-08-23T17:26:17Z;532;;532
2025-08-23T17:26:19Z;884;;884
2025-08-23T17:26:21Z;529;;529
2025-08-23T17:26:22Z;875;;875
2025-08-23T17:26:24Z;526;;526
2025-08-23T17:26:25Z;875;;875
2025-08-23T17:26:27Z;538;;538
2025-08-23T17:26:28Z;735;;735
2025-08-23T17:26:30Z;539;;539
2025-08-23T17:26:32Z;889;;889
2025-08-23T17:26:33Z;539;;539
2025-08-23T17:26:35Z;891;;891
2025-08-23T17:26:37Z;550;;550
2025-08-23T17:26:38Z;900;;900
2025-08-23T17:26:40Z;551;;551
2025-08-23T17:26:41Z;901;;901
2025-08-23T17:26:43Z;548;;548
2025-08-23T17:26:44Z;733;;733
2025-08-23T17:26:46Z;549;;549
2025-08-23T17:26:48Z;897;;897
2025-08-23T17:26:49Z;550;;550
2025-08-23T17:26:51Z;901;;901
2025-08-23T17:26:52Z;717;;717
2025-08-23T17:26:53Z;548;;548
2025-08-23T17:26:54Z;896;;896
2025-08-23T17:26:56Z;549;;549
2025-08-23T17:26:57Z;896;;896
2025-08-23T17:26:59Z;548;;548
2025-08-23T17:27:00Z;719;;719
2025-08-23T17:27:01Z;901;;901
2025-08-23T17:27:02Z;547;;547
2025-08-23T17:27:04Z;898;;898
2025-08-23T17:27:05Z;550;;550
2025-08-23T17:27:07Z;894;;894
2025-08-23T17:27:09Z;545;;545
2025-08-23T17:27:10Z;898;;898
2025-08-23T17:27:12Z;540;;540
2025-08-23T17:27:13Z;892;;892
2025-08-23T17:27:15Z;498;;498
2025-08-23T17:27:16Z;648;;648
2025-08-23T17:27:18Z;498;;498
2025-08-23T17:27:20Z;865;;865
2025-08-23T17:27:21Z;514;;514
2025-08-23T17:27:23Z;868;;868
2025-08-23T17:27:25Z;515;;515
2025-08-23T17:27:26Z;854;;854
2025-08-23T17:27:28Z;500;;500
2025-08-23T17:27:29Z;848;;848
2025-08-23T17:27:31Z;501;;501
2025-08-23T17:27:32Z;648;;648
2025-08-23T17:27:34Z;518;;518
2025-08-23T17:27:36Z;879;;879
2025-08-23T17:27:37Z;526;;526
2025-08-23T17:27:39Z;869;;869
2025-08-23T17:27:41Z;523;;523
2025-08-23T17:27:42Z;879;;879
2025-08-23T17:27:44Z;504;;504
2025-08-23T17:27:45Z;853;;853
2025-08-23T17:27:47Z;503;;503
2025-08-23T17:27:48Z;635;;635
2025-08-23T17:27:50Z;503;;503
2025-08-23T17:27:52Z;858;;858
2025-08-23T17:27:53Z;510;;510
2025-08-23T17:27:55Z;861;;861
2025-08-23T17:27:57Z;503;;503
2025-08-23T17:27:58Z;859;;859
2025-08-23T17:28:00Z;505;;505
2025-08-23T17:28:01Z;852;;852
2025-08-23T17:28:03Z;504;;504
2025-08-23T17:28:04Z;643;;643
2025-08-23T17:28:06Z;502;;502
2025-08-23T17:28:08Z;859;;859
2025-08-23T17:28:09Z;510;;510
2025-08-23T17:28:11Z;859;;859
2025-08-23T17:28:13Z;508;;508
2025-08-23T17:28:14Z;855;;855
2025-08-23T17:28:16Z;506;;506
2025-08-23T17:28:17Z;854;;854
2025-08-23T17:28:19Z;505;;505
2025-08-23T17:28:20Z;636;;636
2025-08-23T17:28:22Z;507;;507
2025-08-23T17:28:24Z;856;;856
2025-08-23T17:28:25Z;510;;510
2025-08-23T17:28:27Z;860;;860
2025-08-23T17:28:29Z;502;;502
2025-08-23T17:28:30Z;854;;854
2025-08-23T17:28:32Z;500;;500
2025-08-23T17:28:33Z;846;;846
2025-08-23T17:28:35Z;503;;503
2025-08-23T17:28:36Z;626;;626
2025-08-23T17:28:38Z;503;;503
2025-08-23T17:28:40Z;856;;856
2025-08-23T17:28:41Z;506;;506
2025-08-23T17:28:43Z;853;;853
2025-08-23T17:28:45Z;501;;501
2025-08-23T17:28:46Z;853;;853
2025-08-23T17:28:48Z;501;;501
2025-08-23T17:28:49Z;851;;851
2025-08-23T17:28:51Z;496;;496
2025-08-23T17:28:52Z;612;;612
2025-08-23T17:28:54Z;503;;503
2025-08-23T17:28:56Z;855;;855
2025-08-23T17:28:57Z;505;;505
2025-08-23T17:28:59Z;853;;853
2025-08-23T17:29:01Z;497;;497
2025-08-23T17:29:02Z;851;;851
2025-08-23T17:29:04Z;500;;500
2025-08-23T17:29:05Z;848;;848
2025-08-23T17:29:07Z;502;;502
2025-08-23T17:29:08Z;606;;606
2025-08-23T17:29:10Z;505;;505
2025-08-23T17:29:12Z;867;;867
2025-08-23T17:29:13Z;519;;519
2025-08-23T17:29:15Z;864;;864
2025-08-23T17:29:17Z;513;;513
2025-08-23T17:29:18Z;859;;859
2025-08-23T17:29:20Z;516;;516
2025-08-23T17:29:21Z;861;;861
2025-08-23T17:29:23Z;516;;516
2025-08-23T17:29:24Z;616;;616
2025-08-23T17:29:26Z;520;;520
2025-08-23T17:29:28Z;871;;871
2025-08-23T17:29:29Z;520;;520
2025-08-23T17:29:31Z;795;;795
2025-08-23T17:29:33Z;443;;443
2025-08-23T17:29:34Z;795;;795
2025-08-23T17:29:36Z;448;;448
2025-08-23T17:29:37Z;800;;800
2025-08-23T17:29:39Z;447;;447
2025-08-23T17:29:41Z;807;;807
2025-08-23T17:29:42Z;455;;455
2025-08-23T17:29:44Z;837;;837
2025-08-23T17:29:45Z;479;;479
2025-08-23T17:29:47Z;834;;834
2025-08-23T17:29:49Z;477;;477
2025-08-23T17:29:50Z;826;;826
2025-08-23T17:29:51Z;494;;494
2025-08-23T17:29:53Z;786;;786
2025-08-23T17:30:00Z;475;;475
2025-08-23T17:30:01Z;786;;786
2025-08-23T17:30:03Z;471;;471
2025-08-23T17:30:08Z;801;;801
2025-08-23T17:30:09Z;477;;477
2025-08-23T17:30:11Z;804;;804
2025-08-23T17:30:12Z;486;;486
2025-08-23T17:30:14Z;802;;802
2025-08-23T17:30:16Z;471;;471
2025-08-23T17:30:17Z;789;;789
2025-08-23T17:30:19Z;481;;481
2025-08-23T17:30:22Z;804;;804
2025-08-23T17:30:28Z;803;;803
2025-08-23T17:30:30Z;476;;476
2025-08-23T17:30:31Z;839;;839
2025-08-23T17:30:32Z;1327;;1327
2025-08-23T17:30:33Z;1132;;1132
2025-08-23T17:30:34Z;1289;;1289
2025-08-23T17:30:36Z;1766;;1766
2025-08-23T17:30:37Z;1996;;1996
2025-08-23T17:30:38Z;1684;;1684
2025-08-23T17:30:39Z;1988;;1988
2025-08-23T17:30:40Z;1695;;1695
2025-08-23T17:30:42Z;1847;;1847
2025-08-23T17:30:43Z;1747;;1747
2025-08-23T17:30:44Z;2066;;2066
2025-08-23T17:30:45Z;1742;;1742
2025-08-23T17:30:46Z;2048;;2048
2025-08-23T17:30:48Z;1738;;1738
2025-08-23T17:30:49Z;2031;;2031
2025-08-23T17:30:51Z;1707;;1707
2025-08-23T17:30:53Z;2018;;2018
2025-08-23T17:30:54Z;1708;;1708
2025-08-23T17:30:56Z;2026;;2026
2025-08-23T17:30:57Z;1711;;1711
2025-08-23T17:30:59Z;2025;;2025
2025-08-23T17:31:00Z;1710;;1710
2025-08-23T17:31:01Z;;0;1710
2025-08-23T17:31:02Z;2046;;2046
2025-08-23T17:31:06Z;1718;;1718
2025-08-23T17:31:10Z;2024;;2024
2025-08-23T17:31:12Z;1722;;1722
2025-08-23T17:31:13Z;2026;;2026
2025-08-23T17:31:14Z;1715;;1715
2025-08-23T17:31:15Z;2016;;2016
2025-08-23T17:31:16Z;1705;;1705
2025-08-23T17:31:18Z;2012;;2012
2025-08-23T17:31:19Z;1694;;1694
2025-08-23T17:31:20Z;2003;;2003
2025-08-23T17:31:21Z;1686;;1686
2025-08-23T17:31:22Z;1994;;1994
2025-08-23T17:31:24Z;1680;;1680
2025-08-23T17:31:25Z;2020;;2020
2025-08-23T17:31:26Z;1702;;1702
2025-08-23T17:31:28Z;808;;808
2025-08-23T17:31:29Z;923;;923
2025-08-23T17:31:31Z;1670;;1670
2025-08-23T17:31:33Z;1877;;1877
2025-08-23T17:31:34Z;2256;;2256
2025-08-23T17:31:36Z;1964;;1964
2025-08-23T17:31:37Z;2265;;2265
2025-08-23T17:31:39Z;1966;;1966
2025-08-23T17:31:41Z;2289;;2289
2025-08-23T17:31:42Z;1975;;1975
2025-08-23T17:31:44Z;2276;;2276
2025-08-23T17:31:45Z;1977;;1977
2025-08-23T17:31:47Z;2267;;2267
2025-08-23T17:31:48Z;1979;;1979
2025-08-23T17:31:50Z;2276;;2276
2025-08-23T17:31:52Z;1976;;1976
2025-08-23T17:31:53Z;2283;;2283
2025-08-23T17:31:55Z;1966;;1966
2025-08-23T17:31:57Z;2296;;2296
2025-08-23T17:31:58Z;1977;;1977
2025-08-23T17:32:00Z;2295;;2295
2025-08-23T17:32:01Z;1968;;1968
2025-08-23T17:32:03Z;2283;;2283
2025-08-23T17:32:04Z;1970;;1970
2025-08-23T17:32:06Z;2291;;2291
2025-08-23T17:32:08Z;1964;;1964
2025-08-23T17:32:09Z;2274;;2274
2025-08-23T17:32:11Z;1964;;1964
2025-08-23T17:32:13Z;2289;;2289
2025-08-23T17:32:14Z;1960;;1960
2025-08-23T17:32:16Z;2285;;2285
2025-08-23T17:32:17Z;1949;;1949
2025-08-23T17:32:19Z;2271;;2271
2025-08-23T17:32:20Z;1953;;1953
2025-08-23T17:32:22Z;2280;;2280
2025-08-23T17:32:24Z;1946;;1946
2025-08-23T17:32:25Z;2270;;2270
2025-08-23T17:32:27Z;1959;;1959
2025-08-23T17:32:29Z;2285;;2285
2025-08-23T17:32:30Z;1957;;1957
2025-08-23T17:32:32Z;2257;;2257
2025-08-23T17:32:33Z;1945;;1945
2025-08-23T17:32:35Z;2272;;2272
2025-08-23T17:32:36Z;1960;;1960
2025-08-23T17:32:38Z;2263;;2263
2025-08-23T17:32:40Z;1944;;1944
2025-08-23T17:32:41Z;2266;;2266
2025-08-23T17:32:43Z;1947;;1947
2025-08-23T17:32:45Z;2276;;2276
2025-08-23T17:32:46Z;1952;;1952
2025-08-23T17:32:48Z;2259;;2259
2025-08-23T17:32:49Z;1939;;1939
2025-08-23T17:32:51Z;2263;;2263
2025-08-23T17:32:52Z;1951;;1951
2025-08-23T17:32:54Z;2269;;2269
2025-08-23T17:32:56Z;1946;;1946
2025-08-23T17:32:57Z;2258;;2258
2025-08-23T17:32:59Z;1944;;1944
2025-08-23T17:33:00Z;2117;;2117
2025-08-23T17:33:02Z;1944;;1944
2025-08-23T17:33:04Z;2278;;2278
2025-08-23T17:33:05Z;1943;;1943
2025-08-23T17:33:07Z;2262;;2262
2025-08-23T17:33:08Z;1933;;1933
2025-08-23T17:33:10Z;2256;;2256
2025-08-23T17:33:11Z;2055;;2055
2025-08-23T17:33:13Z;2359;;2359
2025-08-23T17:33:15Z;1937;;1937
2025-08-23T17:33:16Z;2142;;2142
2025-08-23T17:33:18Z;1906;;1906
2025-08-23T17:33:20Z;2259;;2259
2025-08-23T17:33:21Z;1933;;1933
2025-08-23T17:33:23Z;2254;;2254
2025-08-23T17:33:24Z;1928;;1928
2025-08-23T17:33:26Z;2247;;2247
2025-08-23T17:33:27Z;2044;;2044
2025-08-23T17:33:29Z;2253;;2253
2025-08-23T17:33:31Z;1928;;1928
2025-08-23T17:33:32Z;2150;;2150
2025-08-23T17:33:34Z;1928;;1928
2025-08-23T17:33:36Z;2250;;2250
2025-08-23T17:33:37Z;1927;;1927
2025-08-23T17:33:38Z;471;;471
2025-08-23T17:33:39Z;829;;829
2025-08-23T17:33:42Z;1383;;1383
2025-08-23T17:33:44Z;1707;;1707
2025-08-23T17:33:45Z;2192;;2192
2025-08-23T17:33:47Z;1966;;1966
2025-08-23T17:33:48Z;2191;;2191
2025-08-23T17:33:50Z;1938;;1938
2025-08-23T17:33:52Z;2274;;2274
2025-08-23T17:33:53Z;1941;;1941
2025-08-23T17:33:55Z;2253;;2253
2025-08-23T17:33:56Z;1941;;1941
2025-08-23T17:33:58Z;2265;;2265
2025-08-23T17:33:59Z;2007;;2007
2025-08-23T17:34:01Z;2269;;2269
2025-08-23T17:34:03Z;1923;;1923
2025-08-23T17:34:04Z;2171;;2171
2025-08-23T17:34:06Z;1929;;1929
2025-08-23T17:34:08Z;2266;;2266
2025-08-23T17:34:09Z;1927;;1927
2025-08-23T17:34:11Z;2254;;2254
2025-08-23T17:34:12Z;1918;;1918
2025-08-23T17:34:14Z;2260;;2260
2025-08-23T17:34:15Z;1986;;1986
2025-08-23T17:34:17Z;2257;;2257
2025-08-23T17:34:19Z;1917;;1917
2025-08-23T17:34:20Z;2188;;2188
2025-08-23T17:34:22Z;1913;;1913
2025-08-23T17:34:24Z;2256;;2256
2025-08-23T17:34:28Z;1911;;1911
2025-08-23T17:34:29Z;2249;;2249
2025-08-23T17:34:30Z;1913;;1913
2025-08-23T17:34:31Z;2255;;2255
2025-08-23T17:34:32Z;1972;;1972
2025-08-23T17:34:34Z;2253;;2253
2025-08-23T17:34:35Z;1924;;1924
2025-08-23T17:34:36Z;2204;;2204
2025-08-23T17:34:38Z;1919;;1919
2025-08-23T17:34:40Z;2257;;2257
2025-08-23T17:34:41Z;1917;;1917
2025-08-23T17:34:43Z;2257;;2257
2025-08-23T17:34:44Z;1923;;1923
2025-08-23T17:34:46Z;2268;;2268
2025-08-23T17:34:47Z;1948;;1948
2025-08-23T17:34:49Z;2271;;2271
2025-08-23T17:34:51Z;1984;;1984
2025-08-23T17:34:52Z;2199;;2199
2025-08-23T17:34:54Z;1913;;1913
2025-08-23T17:34:56Z;2242;;2242
2025-08-23T17:34:57Z;1914;;1914
2025-08-23T17:34:59Z;2350;;2350
2025-08-23T17:35:00Z;1922;;1922
2025-08-23T17:35:02Z;2258;;2258
2025-08-23T17:35:03Z;1958;;1958
2025-08-23T17:35:05Z;2233;;2233
2025-08-23T17:35:07Z;1913;;1913
2025-08-23T17:35:08Z;2220;;2220
2025-08-23T17:35:10Z;1902;;1902
2025-08-23T17:35:12Z;2230;;2230
2025-08-23T17:35:13Z;1908;;1908
2025-08-23T17:35:15Z;2254;;2254
2025-08-23T17:35:16Z;1912;;1912
2025-08-23T17:35:18Z;2249;;2249
2025-08-23T17:35:19Z;1926;;1926
2025-08-23T17:35:21Z;2239;;2239
2025-08-23T17:35:23Z;1899;;1899
2025-08-23T17:35:24Z;2211;;2211
2025-08-23T17:35:26Z;1910;;1910
2025-08-23T17:35:28Z;2263;;2263
2025-08-23T17:35:29Z;1915;;1915
2025-08-23T17:35:31Z;2252;;2252
2025-08-23T17:35:32Z;1913;;1913
2025-08-23T17:35:34Z;2252;;2252
2025-08-23T17:35:35Z;1985;;1985
2025-08-23T17:35:37Z;2237;;2237
2025-08-23T17:35:39Z;1900;;1900
2025-08-23T17:35:40Z;2205;;2205
2025-08-23T17:35:42Z;1898;;1898
2025-08-23T17:35:44Z;2240;;2240
2025-08-23T17:35:45Z;1904;;1904
2025-08-23T17:35:46Z;2809;;2809
2025-08-23T17:35:47Z;2307;;2307
2025-08-23T17:35:48Z;1963;;1963
2025-08-23T17:35:50Z;2290;;2290
2025-08-23T17:35:51Z;1980;;1980
2025-08-23T17:35:53Z;2280;;2280
2025-08-23T17:35:55Z;1952;;1952
2025-08-23T17:35:56Z;2264;;2264
2025-08-23T17:35:58Z;1957;;1957
2025-08-23T17:36:00Z;2294;;2294
2025-08-23T17:36:01Z;1952;;1952
2025-08-23T17:36:03Z;2262;;2262
2025-08-23T17:36:04Z;1953;;1953
2025-08-23T17:36:06Z;2290;;2290
2025-08-23T17:36:07Z;1978;;1978
2025-08-23T17:36:09Z;2297;;2297
2025-08-23T17:36:11Z;1969;;1969
2025-08-23T17:36:12Z;2273;;2273
2025-08-23T17:36:14Z;1976;;1976
2025-08-23T17:36:16Z;2340;;2340
2025-08-23T17:36:17Z;1975;;1975
2025-08-23T17:36:19Z;2356;;2356
2025-08-23T17:36:20Z;1989;;1989
2025-08-23T17:36:22Z;2378;;2378
2025-08-23T17:36:23Z;2032;;2032
2025-08-23T17:36:25Z;2384;;2384
2025-08-23T17:36:27Z;2007;;2007
2025-08-23T17:36:28Z;2352;;2352
2025-08-23T17:36:30Z;2009;;2009
2025-08-23T17:36:32Z;2383;;2383
2025-08-23T17:36:33Z;2017;;2017
2025-08-23T17:36:35Z;2368;;2368
2025-08-23T17:36:36Z;2006;;2006
2025-08-23T17:36:38Z;2368;;2368
2025-08-23T17:36:39Z;2020;;2020
2025-08-23T17:36:41Z;2378;;2378
2025-08-23T17:36:43Z;2007;;2007
2025-08-23T17:36:44Z;2456;;2456
2025-08-23T17:36:45Z;2390;;2390
2025-08-23T17:36:46Z;2012;;2012
2025-08-23T17:36:48Z;2371;;2371
2025-08-23T17:36:49Z;2094;;2094
2025-08-23T17:39:04Z;2186;;2186
2025-08-23T17:39:09Z;1882;;1882
2025-08-23T17:39:11Z;2167;;2167
2025-08-23T17:39:12Z;1893;;1893
2025-08-23T17:39:14Z;2164;;2164
2025-08-23T17:39:16Z;1878;;1878
2025-08-23T17:39:17Z;2146;;2146
2025-08-23T17:39:19Z;1886;;1886
2025-08-23T17:39:21Z;2169;;2169
2025-08-23T17:39:22Z;1884;;1884
2025-08-23T17:39:28Z;2152;;2152
2025-08-23T17:39:29Z;1903;;1903
2025-08-23T17:39:31Z;2147;;2147
2025-08-23T17:39:32Z;1886;;1886
2025-08-23T17:39:33Z;2148;;2148
2025-08-23T17:39:35Z;1886;;1886
2025-08-23T17:39:37Z;2172;;2172
2025-08-23T17:39:38Z;1875;;1875
2025-08-23T17:39:40Z;2164;;2164
2025-08-23T17:39:41Z;1880;;1880
2025-08-23T17:39:43Z;2149;;2149
2025-08-23T17:39:44Z;1895;;1895
2025-08-23T17:39:46Z;2162;;2162
2025-08-23T17:39:48Z;1885;;1885
2025-08-23T17:39:49Z;2146;;2146
2025-08-23T17:39:51Z;1881;;1881
2025-08-23T17:39:53Z;2142;;2142
2025-08-23T17:39:54Z;1873;;1873
2025-08-23T17:39:56Z;2155;;2155
2025-08-23T17:39:57Z;1873;;1873
2025-08-23T17:39:59Z;2161;;2161
2025-08-23T17:40:00Z;1891;;1891
2025-08-23T17:40:02Z;2157;;2157
2025-08-23T17:40:04Z;1886;;1886
2025-08-23T17:40:05Z;2157;;2157
2025-08-23T17:40:07Z;1886;;1886
2025-08-23T17:40:08Z;2160;;2160
2025-08-23T17:40:10Z;1874;;1874
2025-08-23T17:40:12Z;2151;;2151
2025-08-23T17:40:13Z;1872;;1872
2025-08-23T17:40:15Z;2149;;2149
2025-08-23T17:40:16Z;1904;;1904
2025-08-23T17:40:18Z;2147;;2147
2025-08-23T17:40:20Z;1879;;1879
2025-08-23T17:40:21Z;2131;;2131
2025-08-23T17:40:23Z;1942;;1942
2025-08-23T17:40:25Z;2178;;2178
2025-08-23T17:40:26Z;1870;;1870
2025-08-23T17:40:28Z;2153;;2153
2025-08-23T17:40:29Z;1937;;1937
2025-08-23T17:40:31Z;2154;;2154
2025-08-23T17:40:32Z;1898;;1898
2025-08-23T17:40:34Z;2212;;2212
2025-08-23T17:40:36Z;1874;;1874
2025-08-23T17:40:37Z;2119;;2119
2025-08-23T17:40:39Z;1864;;1864
2025-08-23T17:40:41Z;2153;;2153
2025-08-23T17:40:42Z;1867;;1867
2025-08-23T17:40:44Z;2137;;2137
2025-08-23T17:40:45Z;1870;;1870
2025-08-23T17:40:47Z;2151;;2151
2025-08-23T17:40:48Z;1908;;1908
2025-08-23T17:40:50Z;2153;;2153
2025-08-23T17:40:52Z;1868;;1868
2025-08-23T17:40:54Z;2132;;2132
2025-08-23T17:40:55Z;1852;;1852
2025-08-23T17:40:57Z;2132;;2132
2025-08-23T17:40:58Z;1854;;1854
2025-08-23T17:41:00Z;2187;;2187
2025-08-23T17:41:01Z;1864;;1864
2025-08-23T17:41:03Z;2145;;2145
2025-08-23T17:41:04Z;1918;;1918
2025-08-23T17:41:06Z;2152;;2152
2025-08-23T17:41:08Z;1892;;1892
2025-08-23T17:41:09Z;2149;;2149
2025-08-23T17:41:11Z;1885;;1885
2025-08-23T17:41:13Z;2331;;2331
2025-08-23T17:41:14Z;2048;;2048
2025-08-23T17:41:16Z;2330;;2330
2025-08-23T17:41:17Z;2054;;2054
2025-08-23T17:41:19Z;2329;;2329
2025-08-23T17:41:21Z;2050;;2050
2025-08-23T17:41:22Z;2181;;2181
2025-08-23T17:41:24Z;2010;;2010
2025-08-23T17:41:25Z;2227;;2227
2025-08-23T17:41:27Z;2019;;2019
2025-08-23T17:41:29Z;2289;;2289
2025-08-23T17:41:30Z;2083;;2083
2025-08-23T17:41:32Z;2297;;2297
2025-08-23T17:41:33Z;2029;;2029
2025-08-23T17:41:35Z;2309;;2309
2025-08-23T17:41:37Z;2028;;2028
2025-08-23T17:41:38Z;2294;;2294
2025-08-23T17:41:40Z;2022;;2022
2025-08-23T17:41:41Z;2235;;2235
2025-08-23T17:41:43Z;1902;;1902
2025-08-23T17:41:45Z;2193;;2193
2025-08-23T17:41:46Z;1907;;1907
2025-08-23T17:41:48Z;2312;;2312
2025-08-23T17:41:49Z;1908;;1908
2025-08-23T17:41:51Z;2342;;2342
2025-08-23T17:41:56Z;2070;;2070
2025-08-23T17:41:57Z;2245;;2245
2025-08-23T17:41:58Z;2415;;2415
2025-08-23T17:41:59Z;2073;;2073
2025-08-23T17:42:01Z;2340;;2340
2025-08-23T17:42:02Z;1986;;1986
2025-08-23T17:42:04Z;2344;;2344
2025-08-23T17:42:05Z;2067;;2067
2025-08-23T17:42:07Z;2189;;2189
2025-08-23T17:42:08Z;2033;;2033
2025-08-23T17:42:10Z;2175;;2175
2025-08-23T17:42:12Z;1899;;1899
2025-08-23T17:42:14Z;2171;;2171
2025-08-23T17:42:15Z;1943;;1943
2025-08-23T17:42:17Z;2182;;2182
2025-08-23T17:42:18Z;1896;;1896
2025-08-23T17:42:20Z;2181;;2181
2025-08-23T17:42:21Z;1904;;1904
2025-08-23T17:42:23Z;2188;;2188
2025-08-23T17:42:24Z;2046;;2046
2025-08-23T17:42:26Z;2163;;2163
2025-08-23T17:42:28Z;1897;;1897
2025-08-23T17:42:30Z;2169;;2169
2025-08-23T17:42:31Z;1871;;1871
2025-08-23T17:42:33Z;2163;;2163
2025-08-23T17:42:34Z;1889;;1889
2025-08-23T17:42:36Z;2170;;2170
2025-08-23T17:42:37Z;1899;;1899
2025-08-23T17:42:39Z;2168;;2168
2025-08-23T17:42:40Z;2052;;2052
2025-08-23T17:42:42Z;2162;;2162
2025-08-23T17:42:44Z;1882;;1882
2025-08-23T17:42:46Z;2161;;2161
2025-08-23T17:42:47Z;1875;;1875
2025-08-23T17:42:49Z;2160;;2160
2025-08-23T17:42:50Z;1874;;1874
2025-08-23T17:42:52Z;2165;;2165
2025-08-23T17:42:53Z;1885;;1885
2025-08-23T17:42:55Z;2251;;2251
2025-08-23T17:42:56Z;2088;;2088
2025-08-23T17:42:58Z;2145;;2145
2025-08-23T17:43:00Z;1878;;1878
2025-08-23T17:43:02Z;2162;;2162
2025-08-23T17:43:03Z;1875;;1875
2025-08-23T17:43:05Z;2170;;2170
2025-08-23T17:43:06Z;1893;;1893
2025-08-23T17:43:08Z;2166;;2166
2025-08-23T17:43:09Z;1898;;1898
2025-08-23T17:43:11Z;2157;;2157
2025-08-23T17:43:13Z;1892;;1892
2025-08-23T17:43:14Z;2161;;2161
2025-08-23T17:43:16Z;1886;;1886
2025-08-23T17:43:17Z;2152;;2152
2025-08-23T17:43:24Z;2454;;2454
2025-08-23T17:44:19Z;2380;;2380
2025-08-23T17:44:21Z;2466;;2466
2025-08-23T17:44:29Z;1843;;1843
2025-08-23T17:44:31Z;2179;;2179
2025-08-23T17:44:33Z;2493;;2493
2025-08-23T17:44:35Z;2776;;2776
2025-08-23T17:44:38Z;3115;;3115
2025-08-23T17:44:39Z;2788;;2788
2025-08-23T17:45:20Z;2879;;2879
2025-08-23T17:46:01Z;;0;2879
2025-08-23T17:46:38Z;2333;;2333
2025-08-23T17:46:39Z;1884;;1884
2025-08-23T17:46:43Z;2108;;2108
2025-08-23T17:46:45Z;2422;;2422
2025-08-23T17:46:47Z;2811;;2811
2025-08-23T17:47:29Z;3037;;3037
2025-08-23T17:47:30Z;2868;;2868
2025-08-23T17:47:34Z;1970;;1970
2025-08-23T17:47:36Z;1798;;1798
2025-08-23T17:47:41Z;2005;;2005
2025-08-23T17:47:42Z;2114;;2114
2025-08-23T17:47:44Z;2524;;2524
2025-08-23T17:47:45Z;2726;;2726
2025-08-23T17:48:28Z;1950;;1950
2025-08-23T17:48:29Z;1794;;1794
2025-08-23T17:48:33Z;2061;;2061
2025-08-23T17:48:34Z;2145;;2145
2025-08-23T17:48:36Z;2637;;2637
2025-08-23T17:48:37Z;2785;;2785
2025-08-23T17:50:32Z;2453;;2453
2025-08-23T17:50:33Z;1809;;1809
2025-08-23T17:50:46Z;2146;;2146
2025-08-23T17:50:47Z;2603;;2603
2025-08-23T17:50:48Z;2735;;2735
2025-08-23T17:51:18Z;1580;;1580
2025-08-23T17:51:19Z;1841;;1841
2025-08-23T17:51:23Z;2280;;2280
2025-08-23T17:51:25Z;2445;;2445
2025-08-23T17:51:29Z;1712;;1712
2025-08-23T17:51:37Z;1850;;1850
2025-08-23T17:51:40Z;2153;;2153
2025-08-23T17:52:10Z;2404;;2404
2025-08-23T17:52:11Z;2329;;2329
2025-08-23T17:52:39Z;2058;;2058
2025-08-23T17:52:40Z;1588;;1588
2025-08-23T17:52:50Z;1866;;1866
2025-08-23T17:52:52Z;2182;;2182
2025-08-23T17:52:53Z;2451;;2451
2025-08-23T17:53:07Z;2721;;2721
2025-08-23T17:53:08Z;2643;;2643
2025-08-23T17:53:37Z;1786;;1786
2025-08-23T17:53:38Z;1949;;1949
2025-08-23T17:53:40Z;2165;;2165
2025-08-23T17:53:42Z;2466;;2466
2025-08-23T17:53:45Z;1854;;1854
2025-08-23T17:53:46Z;1741;;1741
2025-08-23T17:53:50Z;2001;;2001
2025-08-23T17:53:52Z;2199;;2199
2025-08-23T17:53:54Z;2443;;2443
2025-08-23T17:55:23Z;1692;;1692
2025-08-23T17:55:31Z;1861;;1861
2025-08-23T17:55:34Z;2187;;2187
2025-08-23T17:56:06Z;2412;;2412
2025-08-23T17:56:07Z;2345;;2345
2025-08-23T17:56:29Z;1838;;1838
2025-08-23T17:56:30Z;1513;;1513
2025-08-23T17:56:33Z;1824;;1824
2025-08-23T17:56:36Z;2229;;2229
2025-08-23T17:57:16Z;2413;;2413
2025-08-23T17:57:29Z;1686;;1686
2025-08-23T17:57:33Z;1836;;1836
2025-08-23T17:57:36Z;2203;;2203
2025-08-23T17:57:40Z;495;;495
2025-08-23T17:58:04Z;800;;800
2025-08-23T17:58:06Z;932;;932
2025-08-23T17:58:09Z;1214;;1214
2025-08-23T17:58:11Z;1140;;1140
2025-08-23T17:58:20Z;1201;;1201
2025-08-23T17:58:21Z;1136;;1136
2025-08-23T17:58:28Z;471;;471
2025-08-23T18:00:20Z;486;;486
2025-08-23T18:01:01Z;;0;486
2025-08-23T18:08:01Z;636;;636
2025-08-23T18:08:29Z;542;;542
2025-08-23T18:08:39Z;621;;621
2025-08-23T18:11:45Z;1482;;1482
2025-08-23T18:11:46Z;700;;700
2025-08-23T18:15:20Z;728;;728
2025-08-23T18:16:01Z;;0;728
2025-08-23T18:21:16Z;1935;;1935
2025-08-23T18:21:17Z;745;;745
2025-08-23T18:30:20Z;646;;646
2025-08-23T18:31:01Z;;0;646
2025-08-23T18:36:38Z;657;;657
2025-08-23T18:36:39Z;660;;660
2025-08-23T18:41:37Z;593;;593
2025-08-23T18:45:20Z;598;;598
2025-08-23T18:46:01Z;;0;598
2025-08-23T19:00:20Z;593;;593
2025-08-23T19:01:01Z;;0;593
2025-08-23T19:04:38Z;1307;;1307
2025-08-23T19:04:39Z;685;;685
2025-08-23T19:07:01Z;1747;;1747
2025-08-23T19:07:02Z;730;;730
2025-08-23T19:15:20Z;654;;654
2025-08-23T19:15:37Z;575;;575
2025-08-23T19:16:01Z;;0;575
2025-08-23T19:21:45Z;621;;621
2025-08-23T19:25:22Z;575;;575
2025-08-23T19:30:20Z;532;;532
2025-08-23T19:31:01Z;;0;532
2025-08-23T19:45:20Z;562;;562
2025-08-23T19:46:01Z;;0;562
2025-08-23T19:52:17Z;851;;851
2025-08-23T19:52:18Z;580;;580
2025-08-23T19:55:38Z;850;;850
2025-08-23T19:57:20Z;585;;585
2025-08-23T19:58:53Z;631;;631
2025-08-23T20:00:20Z;629;;629
2025-08-23T20:01:01Z;;0;629
2025-08-23T20:06:59Z;575;;575
2025-08-23T20:15:20Z;494;;494
2025-08-23T20:16:03Z;;0;494
2025-08-23T20:30:20Z;500;;500
2025-08-23T20:31:01Z;;0;500
2025-08-23T20:37:47Z;944;;944
2025-08-23T20:37:48Z;573;;573
2025-08-23T20:45:20Z;550;;550
2025-08-23T20:46:01Z;;0;550
2025-08-23T20:48:40Z;1247;;1247
2025-08-23T20:48:41Z;644;;644
2025-08-23T20:51:36Z;454;;454
2025-08-23T21:00:20Z;407;;407
2025-08-23T21:00:53Z;294;;294
2025-08-23T21:01:01Z;;0;294
2025-08-23T21:15:20Z;311;;311
2025-08-23T21:16:01Z;;0;311
2025-08-23T21:23:19Z;1243;;1243
2025-08-23T21:23:20Z;376;;376
2025-08-23T21:30:20Z;378;;378
2025-08-23T21:31:01Z;;0;378
2025-08-23T21:43:56Z;1100;;1100
2025-08-23T21:43:57Z;405;;405
2025-08-23T21:45:20Z;385;;385
2025-08-23T21:46:01Z;;0;385
2025-08-23T21:55:50Z;272;;272
2025-08-23T22:00:20Z;270;;270
2025-08-23T22:01:01Z;;0;270
2025-08-23T22:08:43Z;1164;;1164
2025-08-23T22:08:44Z;325;;325
2025-08-23T22:12:28Z;277;;277
2025-08-23T22:15:22Z;315;;315
2025-08-23T22:16:03Z;;0;315
2025-08-23T22:17:24Z;982;;982
2025-08-23T22:17:31Z;316;;316
2025-08-23T22:20:25Z;262;;262
2025-08-23T22:22:20Z;309;;309
2025-08-23T22:26:04Z;256;;256
2025-08-23T22:26:30Z;307;;307
2025-08-23T22:28:23Z;255;;255
2025-08-23T22:30:20Z;250;;250
2025-08-23T22:31:01Z;;0;250
2025-08-23T22:33:38Z;1085;;1085
2025-08-23T22:33:39Z;336;;336
2025-08-23T22:34:44Z;287;;287
2025-08-23T22:45:20Z;189;;189
2025-08-23T22:46:01Z;;0;189
2025-08-23T22:54:04Z;431;;431
2025-08-23T22:54:05Z;273;;273
2025-08-23T23:00:20Z;227;;227
2025-08-23T23:01:01Z;;0;227
2025-08-23T23:15:20Z;254;;254
2025-08-23T23:16:01Z;;0;254
2025-08-23T23:25:25Z;770;;770
2025-08-23T23:25:26Z;336;;336
2025-08-23T23:30:20Z;316;;316
2025-08-23T23:31:01Z;;0;316
2025-08-23T23:31:59Z;278;;278
2025-08-23T23:33:14Z;334;;334
2025-08-23T23:36:31Z;246;;246
2025-08-23T23:39:35Z;532;;532
2025-08-23T23:39:56Z;274;;274
2025-08-23T23:40:45Z;320;;320
2025-08-23T23:45:21Z;304;;304
2025-08-23T23:46:01Z;;0;304
2025-08-23T23:47:54Z;263;;263
2025-08-23T23:50:20Z;309;;309
2025-08-23T23:55:52Z;259;;259
2025-08-23T23:56:36Z;306;;306