timestamp;P_ex;P_pr;P_load
2025-06-09T00:00:07Z;;0;46
2025-06-09T00:00:08Z;42;;42
2025-06-09T00:04:57Z;1183;;1183
2025-06-09T00:04:59Z;198;;198
2025-06-09T00:15:07Z;;0;198
2025-06-09T00:15:08Z;160;;160
2025-06-09T00:30:07Z;;0;160
2025-06-09T00:30:10Z;41;;41
2025-06-09T00:45:07Z;;0;41
2025-06-09T00:45:08Z;41;;41
2025-06-09T01:00:07Z;;0;41
2025-06-09T01:00:08Z;41;;41
2025-06-09T01:15:07Z;;0;41
2025-06-09T01:15:08Z;41;;41
2025-06-09T01:17:54Z;1872;;1872
2025-06-09T01:17:56Z;192;;192
2025-06-09T01:30:07Z;;0;192
2025-06-09T01:30:08Z;161;;161
2025-06-09T01:45:07Z;;0;161
2025-06-09T01:45:08Z;42;;42
2025-06-09T02:00:07Z;;0;42
2025-06-09T02:00:08Z;41;;41
2025-06-09T02:15:07Z;;0;41
2025-06-09T02:15:08Z;40;;40
2025-06-09T02:30:07Z;;0;40
2025-06-09T02:30:08Z;41;;41
2025-06-09T02:31:48Z;1662;;1662
2025-06-09T02:31:50Z;190;;190
2025-06-09T02:45:08Z;160;;160
2025-06-09T03:00:07Z;;0;160
2025-06-09T03:00:08Z;40;;40
2025-06-09T03:15:07Z;;0;40
2025-06-09T03:15:08Z;41;;41
2025-06-09T03:30:07Z;;0;41
2025-06-09T03:30:08Z;38;;38
2025-06-09T03:31:58Z;;6;44
2025-06-09T03:32:00Z;;0;38
2025-06-09T03:33:39Z;;1;39
2025-06-09T03:33:41Z;;0;38
2025-06-09T03:33:52Z;;1;39
2025-06-09T03:33:54Z;;0;38
2025-06-09T03:33:58Z;;1;39
2025-06-09T03:37:17Z;;0;38
2025-06-09T03:37:19Z;;96;134
2025-06-09T03:44:41Z;0;;96
2025-06-09T03:44:43Z;2;;98
2025-06-09T03:44:45Z;0;;96
2025-06-09T03:44:46Z;1;;97
2025-06-09T03:44:55Z;0;;96
2025-06-09T03:44:59Z;1;;97
2025-06-09T03:45:01Z;0;;96
2025-06-09T03:45:07Z;;37;37
2025-06-09T03:45:10Z;1;;38
2025-06-09T03:45:13Z;0;;37
2025-06-09T03:45:15Z;8;;45
2025-06-09T03:45:16Z;0;;37
2025-06-09T03:45:30Z;-1;;36
2025-06-09T03:46:39Z;194;;231
2025-06-09T03:47:24Z;;0;194
2025-06-09T03:47:26Z;;40;234
2025-06-09T03:47:28Z;;0;194
2025-06-09T03:47:29Z;;45;239
2025-06-09T03:57:35Z;67;;112
2025-06-09T04:00:07Z;;116;183
2025-06-09T04:00:08Z;40;;156
2025-06-09T04:05:16Z;7;;123
2025-06-09T04:05:18Z;6;;122
2025-06-09T04:06:05Z;0;;116
2025-06-09T04:06:06Z;1;;117
2025-06-09T04:06:09Z;0;;116
2025-06-09T04:06:10Z;1;;117
2025-06-09T04:06:13Z;0;;116
2025-06-09T04:06:23Z;1;;117
2025-06-09T04:06:24Z;0;;116
2025-06-09T04:06:31Z;-1;;115
2025-06-09T04:06:33Z;0;;116
2025-06-09T04:06:36Z;0;;116
2025-06-09T04:06:39Z;0;;116
2025-06-09T04:06:41Z;0;;116
2025-06-09T04:06:45Z;0;;116
2025-06-09T04:07:47Z;;0;0
2025-06-09T04:07:48Z;7;;7
2025-06-09T04:07:50Z;-10;;-10
2025-06-09T04:07:51Z;;156;146
2025-06-09T04:15:07Z;;209;199
2025-06-09T04:15:08Z;-160;;49
2025-06-09T04:25:29Z;;295;135
2025-06-09T04:25:32Z;;296;136
2025-06-09T04:25:40Z;;301;141
2025-06-09T04:25:42Z;;302;142
2025-06-09T04:25:50Z;;302;142
2025-06-09T04:25:52Z;;298;138
2025-06-09T04:25:54Z;;304;144
2025-06-09T04:25:58Z;;296;136
2025-06-09T04:26:00Z;;301;141
2025-06-09T04:26:02Z;;299;139
2025-06-09T04:26:04Z;;300;140
2025-06-09T04:26:06Z;;299;139
2025-06-09T04:26:07Z;;305;145
2025-06-09T04:26:10Z;;292;132
2025-06-09T04:26:12Z;;300;140
2025-06-09T04:26:20Z;;294;134
2025-06-09T04:26:22Z;;302;142
2025-06-09T04:26:30Z;;295;135
2025-06-09T04:26:32Z;;304;144
2025-06-09T04:26:39Z;;299;139
2025-06-09T04:26:46Z;;303;143
2025-06-09T04:26:48Z;;298;138
2025-06-09T04:26:56Z;;307;147
2025-06-09T04:26:58Z;;299;139
2025-06-09T04:27:00Z;;299;139
2025-06-09T04:28:00Z;;0;-160
2025-06-09T04:28:02Z;;306;146
2025-06-09T04:28:04Z;;294;134
2025-06-09T04:28:05Z;;310;150
2025-06-09T04:30:07Z;;338;178
2025-06-09T04:30:08Z;-294;;44
2025-06-09T04:30:24Z;-298;;40
2025-06-09T04:30:26Z;-304;;34
2025-06-09T04:30:34Z;-300;;38
2025-06-09T04:30:39Z;-294;;44
2025-06-09T04:30:41Z;-302;;36
2025-06-09T04:30:49Z;-296;;42
2025-06-09T04:30:51Z;-304;;34
2025-06-09T04:30:59Z;-297;;41
2025-06-09T04:31:01Z;-306;;32
2025-06-09T04:31:10Z;-298;;40
2025-06-09T04:31:11Z;-307;;31
2025-06-09T04:31:12Z;-292;;46
2025-06-09T04:31:16Z;-313;;25
2025-06-09T04:32:16Z;-322;;16
2025-06-09T04:32:37Z;-180;;158
2025-06-09T04:36:24Z;;123;-57
2025-06-09T04:36:26Z;;397;217
2025-06-09T04:37:25Z;-326;;71
2025-06-09T04:37:27Z;-159;;238
2025-06-09T04:38:04Z;-340;;57
2025-06-09T04:38:05Z;-162;;235
2025-06-09T04:45:07Z;;486;324
2025-06-09T04:45:08Z;-432;;54
2025-06-09T04:45:24Z;187;;673
2025-06-09T04:45:26Z;-68;;418
2025-06-09T04:46:35Z;16;;502
2025-06-09T04:46:52Z;311;;797
2025-06-09T04:48:09Z;;63;374
2025-06-09T04:48:11Z;;500;811
2025-06-09T04:49:52Z;1352;;1852
2025-06-09T04:49:54Z;497;;997
2025-06-09T04:51:59Z;604;;1104
2025-06-09T04:52:00Z;466;;966
2025-06-09T04:56:02Z;;602;1068
2025-06-09T04:56:04Z;;596;1062
2025-06-09T04:56:23Z;;601;1067
2025-06-09T04:56:25Z;;598;1064
2025-06-09T04:56:33Z;;602;1068
2025-06-09T04:56:35Z;;599;1065
2025-06-09T04:56:39Z;;600;1066
2025-06-09T04:56:46Z;;601;1067
2025-06-09T04:56:48Z;;593;1059
2025-06-09T04:56:57Z;;595;1061
2025-06-09T04:56:59Z;;603;1069
2025-06-09T04:57:08Z;;596;1062
2025-06-09T04:57:09Z;;605;1071
2025-06-09T04:57:17Z;;597;1063
2025-06-09T04:57:19Z;;605;1071
2025-06-09T04:57:35Z;;599;1065
2025-06-09T04:57:37Z;;608;1074
2025-06-09T04:58:16Z;690;;1298
2025-06-09T04:58:17Z;415;;1023
2025-06-09T04:58:19Z;705;;1313
2025-06-09T04:58:20Z;393;;1001
2025-06-09T05:00:07Z;;646;1039
2025-06-09T05:00:08Z;382;;1028
2025-06-09T05:04:25Z;299;;945
2025-06-09T05:04:26Z;306;;952
2025-06-09T05:04:34Z;296;;942
2025-06-09T05:04:36Z;302;;948
2025-06-09T05:04:51Z;299;;945
2025-06-09T05:04:58Z;308;;954
2025-06-09T05:05:04Z;299;;945
2025-06-09T05:05:05Z;300;;946
2025-06-09T05:05:11Z;299;;945
2025-06-09T05:05:13Z;302;;948
2025-06-09T05:05:14Z;295;;941
2025-06-09T05:05:18Z;311;;957
2025-06-09T05:05:20Z;298;;944
2025-06-09T05:05:21Z;300;;946
2025-06-09T05:05:23Z;297;;943
2025-06-09T05:05:28Z;308;;954
2025-06-09T05:05:30Z;299;;945
2025-06-09T05:05:38Z;307;;953
2025-06-09T05:05:51Z;295;;941
2025-06-09T05:05:53Z;471;;1117
2025-06-09T05:05:55Z;1909;;2555
2025-06-09T05:06:58Z;2942;;3588
2025-06-09T05:07:01Z;;248;3190
2025-06-09T05:07:02Z;1402;;1650
2025-06-09T05:07:04Z;;722;2124
2025-06-09T05:07:06Z;1534;;2256
2025-06-09T05:07:08Z;1396;;2118
2025-06-09T05:07:22Z;1783;;2505
2025-06-09T05:07:23Z;1404;;2126
2025-06-09T05:08:28Z;;518;1922
2025-06-09T05:08:30Z;;722;2126
2025-06-09T05:08:32Z;;254;1658
2025-06-09T05:08:34Z;;746;2150
2025-06-09T05:12:23Z;1757;;2503
2025-06-09T05:12:25Z;1338;;2084
2025-06-09T05:14:16Z;1186;;1932
2025-06-09T05:14:29Z;1200;;1946
2025-06-09T05:15:07Z;;831;2031
2025-06-09T05:15:10Z;1182;;2013
2025-06-09T05:17:40Z;1291;;2122
2025-06-09T05:17:44Z;1141;;1972
2025-06-09T05:18:18Z;30;;861
2025-06-09T05:20:22Z;0;;831
2025-06-09T05:20:23Z;2;;833
2025-06-09T05:20:30Z;0;;831
2025-06-09T05:20:32Z;27;;858
2025-06-09T05:20:41Z;;900;927
2025-06-09T05:20:43Z;;896;923
2025-06-09T05:20:51Z;;902;929
2025-06-09T05:20:53Z;;896;923
2025-06-09T05:21:01Z;;905;932
2025-06-09T05:21:05Z;;889;916
2025-06-09T05:21:07Z;;900;927
2025-06-09T05:21:10Z;0;;900
2025-06-09T05:21:11Z;1;;901
2025-06-09T05:21:13Z;3;;903
2025-06-09T05:21:15Z;8;891;894
2025-06-09T05:21:16Z;-2;;889
2025-06-09T05:21:18Z;;902;900
2025-06-09T05:21:33Z;;898;896
2025-06-09T05:21:36Z;43;;941
2025-06-09T05:21:38Z;21;;919
2025-06-09T05:21:39Z;;904;925
2025-06-09T05:21:40Z;;877;898
2025-06-09T05:21:41Z;;908;929
2025-06-09T05:21:45Z;1;;909
2025-06-09T05:21:46Z;-9;;899
2025-06-09T05:24:43Z;62;;970
2025-06-09T05:30:07Z;;1022;1084
2025-06-09T05:30:08Z;-128;;894
2025-06-09T05:36:23Z;134;;1156
2025-06-09T05:38:46Z;;603;737
2025-06-09T05:38:48Z;;1084;1218
2025-06-09T05:45:07Z;;1164;1298
2025-06-09T05:45:10Z;-252;;912
2025-06-09T05:45:16Z;1237;;2401
2025-06-09T05:46:03Z;1409;;2573
2025-06-09T05:46:11Z;354;;1518
2025-06-09T05:46:13Z;1445;;2609
2025-06-09T05:48:52Z;;791;2236
2025-06-09T05:48:54Z;;1166;2611
2025-06-09T05:48:55Z;;1270;2715
2025-06-09T05:48:57Z;;1178;2623
2025-06-09T05:49:04Z;-288;;890
2025-06-09T05:49:20Z;-291;;887
2025-06-09T05:49:22Z;-280;;898
2025-06-09T05:49:48Z;-302;;876
2025-06-09T05:49:49Z;-301;;877
2025-06-09T05:49:59Z;;1200;899
2025-06-09T05:50:01Z;;1198;897
2025-06-09T05:50:07Z;;1198;897
2025-06-09T05:50:12Z;;1195;894
2025-06-09T05:50:15Z;;1200;899
2025-06-09T05:50:22Z;;1196;895
2025-06-09T05:50:25Z;1769;1201;900
2025-06-09T05:50:27Z;;1198;2967
2025-06-09T05:50:29Z;;1201;2970
2025-06-09T05:50:32Z;;1196;2965
2025-06-09T05:50:35Z;;1202;2971
2025-06-09T05:50:41Z;;1203;2972
2025-06-09T05:50:45Z;;1204;2973
2025-06-09T05:50:52Z;;1198;2967
2025-06-09T05:50:55Z;;1204;2973
2025-06-09T05:51:02Z;;1199;2968
2025-06-09T05:51:04Z;;1200;2969
2025-06-09T05:51:13Z;;1194;2963
2025-06-09T05:51:15Z;;1206;2975
2025-06-09T05:51:23Z;;1194;2963
2025-06-09T05:51:25Z;;1210;2979
2025-06-09T05:51:35Z;;1193;2962
2025-06-09T05:51:37Z;;1205;2974
2025-06-09T05:51:45Z;;1194;2963
2025-06-09T05:51:47Z;;1201;2970
2025-06-09T05:51:55Z;;1197;2966
2025-06-09T05:51:57Z;;1203;2972
2025-06-09T05:52:00Z;195;;1398
2025-06-09T05:52:07Z;;1195;1390
2025-06-09T05:52:09Z;;1211;1406
2025-06-09T05:52:42Z;;1198;1393
2025-06-09T05:52:44Z;;1205;1400
2025-06-09T05:52:50Z;;1199;1394
2025-06-09T05:52:52Z;;1206;1401
2025-06-09T05:53:38Z;1431;;2637
2025-06-09T05:53:52Z;1560;;2766
2025-06-09T05:54:03Z;1484;;2690
2025-06-09T05:54:05Z;1503;;2709
2025-06-09T05:54:07Z;1375;;2581
2025-06-09T05:54:08Z;1553;;2759
2025-06-09T05:54:11Z;;1203;2756
2025-06-09T05:54:13Z;;1199;2752
2025-06-09T05:54:17Z;1492;;2691
2025-06-09T05:54:20Z;;1199;2691
2025-06-09T05:54:21Z;;1207;2699
2025-06-09T05:54:23Z;1528;;2735
2025-06-09T05:54:32Z;1497;;2704
2025-06-09T05:54:33Z;1531;;2738
2025-06-09T05:54:35Z;1403;;2610
2025-06-09T05:54:37Z;1500;;2707
2025-06-09T05:54:43Z;1423;;2630
2025-06-09T05:54:45Z;;1189;2612
2025-06-09T05:54:48Z;;1200;2623
2025-06-09T05:54:54Z;1533;;2733
2025-06-09T05:54:55Z;1467;;2667
2025-06-09T05:54:58Z;1502;;2702
2025-06-09T05:55:00Z;1407;;2607
2025-06-09T05:55:09Z;601;;1801
2025-06-09T05:55:16Z;576;;1776
2025-06-09T05:55:19Z;602;;1802
2025-06-09T05:55:21Z;588;;1788
2025-06-09T05:55:26Z;681;;1881
2025-06-09T05:55:32Z;596;;1796
2025-06-09T05:55:42Z;681;;1881
2025-06-09T05:55:48Z;567;;1767
2025-06-09T05:55:58Z;661;;1861
2025-06-09T05:56:04Z;576;;1776
2025-06-09T05:56:06Z;630;613;1189
2025-06-09T05:56:10Z;;1233;1863
2025-06-09T05:58:25Z;902;;2135
2025-06-09T05:58:27Z;858;;2091
2025-06-09T05:58:40Z;-910;;323
2025-06-09T05:58:54Z;-779;;454
2025-06-09T05:58:56Z;;1199;420
2025-06-09T05:58:57Z;-872;;327
2025-06-09T05:58:58Z;;1210;338
2025-06-09T05:59:02Z;-794;;416
2025-06-09T05:59:05Z;-901;;309
2025-06-09T05:59:06Z;-890;;320
2025-06-09T05:59:08Z;;415;-475
2025-06-09T05:59:10Z;;1170;280
2025-06-09T05:59:12Z;;1215;325
2025-06-09T05:59:15Z;-1043;;172
2025-06-09T05:59:16Z;-895;;320
2025-06-09T05:59:17Z;;1198;303
2025-06-09T05:59:19Z;;1212;317
2025-06-09T05:59:27Z;;1194;299
2025-06-09T05:59:29Z;;1209;314
2025-06-09T05:59:38Z;;1193;298
2025-06-09T05:59:39Z;;1207;312
2025-06-09T05:59:50Z;-897;1210;315
2025-06-09T05:59:52Z;-1034;;176
2025-06-09T05:59:54Z;;1209;175
2025-06-09T06:00:07Z;;1220;186
2025-06-09T06:00:08Z;-913;;307
2025-06-09T06:00:19Z;-868;;352
2025-06-09T06:00:20Z;-922;;298
2025-06-09T06:00:35Z;;1198;276
2025-06-09T06:00:37Z;;1214;292
2025-06-09T06:01:08Z;-764;;450
2025-06-09T06:01:14Z;-913;;301
2025-06-09T06:01:24Z;-888;;326
2025-06-09T06:01:25Z;-934;;280
2025-06-09T06:01:58Z;-937;;277
2025-06-09T06:02:01Z;-809;;405
2025-06-09T06:02:19Z;;1197;388
2025-06-09T06:02:21Z;;1213;404
2025-06-09T06:02:30Z;-1018;;195
2025-06-09T06:02:31Z;-897;;316
2025-06-09T06:03:01Z;-949;;264
2025-06-09T06:03:03Z;-913;;300
2025-06-09T06:03:33Z;-1040;;173
2025-06-09T06:03:35Z;-911;;302
2025-06-09T06:04:24Z;-1041;;172
2025-06-09T06:04:25Z;-870;;343
2025-06-09T06:05:11Z;-1025;;188
2025-06-09T06:05:12Z;-895;;318
2025-06-09T06:07:08Z;-947;880;-15
2025-06-09T06:07:10Z;-949;;-69
2025-06-09T06:07:11Z;;1244;295
2025-06-09T06:08:59Z;662;;1906
2025-06-09T06:09:13Z;558;;1802
2025-06-09T06:09:14Z;649;;1893
2025-06-09T06:09:16Z;556;;1800
2025-06-09T06:09:17Z;714;;1958
2025-06-09T06:09:22Z;554;;1798
2025-06-09T06:09:32Z;712;;1956
2025-06-09T06:09:38Z;529;;1773
2025-06-09T06:09:48Z;624;;1868
2025-06-09T06:09:54Z;515;;1759
2025-06-09T06:10:04Z;605;;1849
2025-06-09T06:10:10Z;515;;1759
2025-06-09T06:10:20Z;804;;2048
2025-06-09T06:10:27Z;520;;1764
2025-06-09T06:10:37Z;666;;1910
2025-06-09T06:10:43Z;506;;1750
2025-06-09T06:10:53Z;656;;1900
2025-06-09T06:10:59Z;554;;1798
2025-06-09T06:11:26Z;621;;1865
2025-06-09T06:11:27Z;573;;1817
2025-06-09T06:11:58Z;656;;1900
2025-06-09T06:12:04Z;539;;1783
2025-06-09T06:12:14Z;;646;1185
2025-06-09T06:12:16Z;;1332;1871
2025-06-09T06:15:07Z;;1356;1895
2025-06-09T06:15:08Z;375;;1731
2025-06-09T06:16:20Z;666;;2022
2025-06-09T06:16:23Z;390;;1746
2025-06-09T06:21:31Z;897;;2253
2025-06-09T06:21:32Z;491;;1847
2025-06-09T06:22:00Z;777;;2133
2025-06-09T06:22:01Z;457;;1813
2025-06-09T06:23:32Z;296;;1652
2025-06-09T06:23:33Z;310;;1666
2025-06-09T06:23:35Z;293;;1649
2025-06-09T06:23:36Z;315;;1671
2025-06-09T06:23:44Z;295;;1651
2025-06-09T06:23:50Z;304;;1660
2025-06-09T06:24:04Z;294;;1650
2025-06-09T06:24:10Z;421;;1777
2025-06-09T06:24:16Z;287;;1643
2025-06-09T06:24:20Z;302;;1658
2025-06-09T06:24:25Z;299;;1655
2025-06-09T06:24:27Z;383;;1739
2025-06-09T06:24:32Z;295;;1651
2025-06-09T06:24:36Z;301;;1657
2025-06-09T06:24:37Z;296;;1652
2025-06-09T06:24:41Z;374;;1730
2025-06-09T06:24:49Z;288;;1644
2025-06-09T06:24:51Z;305;;1661
2025-06-09T06:24:52Z;299;;1655
2025-06-09T06:24:54Z;311;;1667
2025-06-09T06:24:57Z;299;;1655
2025-06-09T06:24:59Z;433;;1789
2025-06-09T06:25:05Z;287;;1643
2025-06-09T06:25:13Z;328;;1684
2025-06-09T06:25:15Z;869;;2225
2025-06-09T06:25:17Z;426;;1782
2025-06-09T06:25:22Z;290;;1646
2025-06-09T06:25:25Z;308;;1664
2025-06-09T06:25:27Z;288;;1644
2025-06-09T06:25:31Z;397;;1753
2025-06-09T06:25:43Z;289;;1645
2025-06-09T06:25:47Z;314;;1670
2025-06-09T06:26:03Z;292;;1648
2025-06-09T06:26:05Z;467;;1823
2025-06-09T06:26:10Z;285;;1641
2025-06-09T06:26:20Z;397;;1753
2025-06-09T06:26:26Z;267;;1623
2025-06-09T06:26:36Z;376;;1732
2025-06-09T06:26:42Z;290;;1646
2025-06-09T06:26:53Z;378;;1734
2025-06-09T06:26:59Z;253;;1609
2025-06-09T06:27:09Z;410;;1766
2025-06-09T06:27:11Z;629;;1985
2025-06-09T06:27:12Z;377;;1733
2025-06-09T06:27:19Z;288;;1644
2025-06-09T06:27:25Z;369;;1725
2025-06-09T06:27:31Z;264;;1620
2025-06-09T06:27:34Z;310;;1666
2025-06-09T06:27:35Z;289;;1645
2025-06-09T06:27:41Z;340;;1696
2025-06-09T06:27:45Z;-1219;;137
2025-06-09T06:28:40Z;;1501;282
2025-06-09T06:28:42Z;;1499;280
2025-06-09T06:28:43Z;;1502;283
2025-06-09T06:28:45Z;;1490;271
2025-06-09T06:28:47Z;;1501;282
2025-06-09T06:28:53Z;;1502;283
2025-06-09T06:28:56Z;;1503;284
2025-06-09T06:29:05Z;;1495;276
2025-06-09T06:29:06Z;;1503;284
2025-06-09T06:29:14Z;;1492;273
2025-06-09T06:29:16Z;;1502;283
2025-06-09T06:29:24Z;;1494;275
2025-06-09T06:29:26Z;;1501;282
2025-06-09T06:29:34Z;;1495;276
2025-06-09T06:29:36Z;;1507;288
2025-06-09T06:29:38Z;-1313;;194
2025-06-09T06:29:39Z;-1312;1492;179
2025-06-09T06:29:43Z;;1505;193
2025-06-09T06:30:07Z;;1514;202
2025-06-09T06:30:10Z;-1455;;59
2025-06-09T06:30:19Z;;1492;37
2025-06-09T06:30:21Z;;1509;54
2025-06-09T06:30:47Z;;1499;44
2025-06-09T06:30:49Z;;1516;61
2025-06-09T06:35:12Z;585;;2101
2025-06-09T06:35:17Z;740;;2256
2025-06-09T06:35:23Z;562;;2078
2025-06-09T06:35:33Z;652;;2168
2025-06-09T06:35:39Z;585;;2101
2025-06-09T06:35:49Z;617;;2133
2025-06-09T06:35:55Z;577;;2093
2025-06-09T06:36:06Z;698;;2214
2025-06-09T06:36:12Z;567;;2083
2025-06-09T06:36:22Z;681;;2197
2025-06-09T06:36:28Z;530;;2046
2025-06-09T06:36:38Z;684;;2200
2025-06-09T06:36:44Z;560;;2076
2025-06-09T06:36:55Z;719;;2235
2025-06-09T06:37:00Z;557;;2073
2025-06-09T06:37:08Z;935;;2451
2025-06-09T06:37:10Z;565;;2081
2025-06-09T06:37:11Z;707;;2223
2025-06-09T06:37:17Z;554;;2070
2025-06-09T06:37:27Z;664;;2180
2025-06-09T06:37:33Z;522;;2038
2025-06-09T06:37:44Z;613;;2129
2025-06-09T06:37:49Z;501;;2017
2025-06-09T06:38:00Z;674;;2190
2025-06-09T06:38:06Z;508;;2024
2025-06-09T06:38:16Z;663;;2179
2025-06-09T06:38:22Z;523;;2039
2025-06-09T06:38:33Z;611;;2127
2025-06-09T06:38:38Z;517;;2033
2025-06-09T06:38:48Z;603;;2119
2025-06-09T06:38:54Z;513;;2029
2025-06-09T06:39:05Z;681;;2197
2025-06-09T06:39:11Z;500;;2016
2025-06-09T06:39:21Z;637;;2153
2025-06-09T06:39:23Z;594;;2110
2025-06-09T06:39:25Z;608;;2124
2025-06-09T06:39:27Z;510;;2026
2025-06-09T06:39:37Z;620;;2136
2025-06-09T06:39:42Z;1027;;2543
2025-06-09T06:39:44Z;512;;2028
2025-06-09T06:39:56Z;605;;2121
2025-06-09T06:39:59Z;487;;2003
2025-06-09T06:40:10Z;646;;2162
2025-06-09T06:40:13Z;599;;2115
2025-06-09T06:40:14Z;613;;2129
2025-06-09T06:40:16Z;504;;2020
2025-06-09T06:40:26Z;622;;2138
2025-06-09T06:40:27Z;587;;2103
2025-06-09T06:40:59Z;653;;2169
2025-06-09T06:41:03Z;489;;2005
2025-06-09T06:41:15Z;666;;2182
2025-06-09T06:41:20Z;-1519;;-3
2025-06-09T06:41:31Z;-1430;;86
2025-06-09T06:41:36Z;-1418;;98
2025-06-09T06:41:46Z;-1540;;-24
2025-06-09T06:41:53Z;-1561;;-45
2025-06-09T06:42:02Z;-1571;;-55
2025-06-09T06:42:09Z;-1573;;-57
2025-06-09T06:42:20Z;-1401;;115
2025-06-09T06:42:26Z;-1583;;-67
2025-06-09T06:42:36Z;-1475;;41
2025-06-09T06:42:42Z;-1576;;-60
2025-06-09T06:42:52Z;-1479;;37
2025-06-09T06:42:58Z;-1581;;-65
2025-06-09T06:43:08Z;-1495;;21
2025-06-09T06:43:13Z;-1445;;71
2025-06-09T06:43:24Z;-1584;;-68
2025-06-09T06:43:31Z;-1584;;-68
2025-06-09T06:43:40Z;-1585;;-69
2025-06-09T06:43:47Z;-1587;;-71
2025-06-09T06:43:57Z;-1507;;9
2025-06-09T06:44:02Z;-1457;;59
2025-06-09T06:44:13Z;-1525;;-9
2025-06-09T06:44:18Z;-1470;;46
2025-06-09T06:44:29Z;-1571;;-55
2025-06-09T06:44:36Z;-1580;;-64
2025-06-09T06:44:45Z;-1572;;-56
2025-06-09T06:44:52Z;-1605;;-89
2025-06-09T06:45:02Z;-1520;;-4
2025-06-09T06:45:07Z;;1696;176
2025-06-09T06:45:08Z;-1599;;97
2025-06-09T06:45:11Z;-1465;;231
2025-06-09T06:45:18Z;-1583;;113
2025-06-09T06:45:24Z;-1549;;147
2025-06-09T06:45:34Z;-1613;;83
2025-06-09T06:45:41Z;-1604;;92
2025-06-09T06:45:52Z;-1493;;203
2025-06-09T06:45:54Z;-1510;;186
2025-06-09T06:46:06Z;-1594;;102
2025-06-09T06:46:13Z;-1606;;90
2025-06-09T06:46:24Z;-1432;;264
2025-06-09T06:46:30Z;-1602;;94
2025-06-09T06:46:40Z;-1496;;200
2025-06-09T06:46:43Z;-1501;;195
2025-06-09T06:46:45Z;-1487;;209
2025-06-09T06:46:46Z;-1613;;83
2025-06-09T06:46:57Z;-1486;;210
2025-06-09T06:47:02Z;-1600;;96
2025-06-09T06:47:13Z;-1470;;226
2025-06-09T06:47:15Z;-1497;;199
2025-06-09T06:47:16Z;-1491;;205
2025-06-09T06:47:18Z;-1624;;72
2025-06-09T06:47:28Z;-1629;;67
2025-06-09T06:47:30Z;-1504;;192
2025-06-09T06:47:46Z;-1493;;203
2025-06-09T06:47:49Z;-1499;;197
2025-06-09T06:48:02Z;-1477;;219
2025-06-09T06:48:05Z;-1476;;220
2025-06-09T06:48:34Z;-1479;;217
2025-06-09T06:48:39Z;-1493;;203
2025-06-09T06:48:50Z;-1521;;175
2025-06-09T06:48:52Z;-1520;;176
2025-06-09T06:48:54Z;-1497;;199
2025-06-09T06:48:55Z;-1489;;207
2025-06-09T06:49:12Z;-1497;;199
2025-06-09T06:49:13Z;-1497;;199
2025-06-09T06:49:22Z;-1620;;76
2025-06-09T06:49:24Z;-1507;;189
2025-06-09T06:50:04Z;-1250;;446
2025-06-09T06:50:06Z;-1634;;62
2025-06-09T06:50:44Z;-1495;;201
2025-06-09T06:50:46Z;-1528;;168
2025-06-09T06:51:02Z;-1560;;136
2025-06-09T06:51:03Z;-1517;;179
2025-06-09T06:51:16Z;-1548;;148
2025-06-09T06:51:18Z;-1511;;185
2025-06-09T06:54:32Z;-1481;;215
2025-06-09T06:54:33Z;-1524;;172
2025-06-09T06:56:17Z;;1802;278
2025-06-09T06:56:19Z;;1796;272
2025-06-09T06:56:25Z;;1800;276
2025-06-09T06:56:28Z;;1795;271
2025-06-09T06:56:31Z;;1805;281
2025-06-09T06:56:38Z;;1799;275
2025-06-09T06:56:40Z;;1806;282
2025-06-09T06:57:03Z;;1792;268
2025-06-09T06:57:05Z;;1807;283
2025-06-09T06:57:11Z;;1795;271
2025-06-09T06:57:13Z;;1809;285
2025-06-09T06:57:21Z;;1798;274
2025-06-09T06:57:23Z;;1809;285
2025-06-09T06:57:39Z;;1799;275
2025-06-09T06:57:41Z;;1814;290
2025-06-09T06:57:48Z;;1799;275
2025-06-09T06:57:50Z;;1812;288
2025-06-09T06:57:57Z;;1798;274
2025-06-09T06:57:59Z;;1809;285
2025-06-09T06:58:07Z;;1799;275
2025-06-09T06:58:09Z;;1811;287
2025-06-09T07:00:07Z;;1831;307
2025-06-09T07:00:08Z;-1691;;140
2025-06-09T07:00:09Z;-1662;;169
2025-06-09T07:00:11Z;-1253;;578
2025-06-09T07:00:13Z;;1743;490
2025-06-09T07:00:15Z;;1829;576
2025-06-09T07:00:27Z;-1454;;375
2025-06-09T07:00:28Z;-1559;;270
2025-06-09T07:01:51Z;-1429;;400
2025-06-09T07:01:53Z;-1634;;195
2025-06-09T07:02:06Z;-1197;;632
2025-06-09T07:02:07Z;-1610;;219
2025-06-09T07:03:06Z;-1585;;244
2025-06-09T07:03:12Z;-1496;;333
2025-06-09T07:03:54Z;-1466;;363
2025-06-09T07:03:56Z;-1465;;364
2025-06-09T07:04:01Z;-1507;;322
2025-06-09T07:04:03Z;-1491;;338
2025-06-09T07:04:04Z;-1505;;324
2025-06-09T07:04:06Z;-1502;;327
2025-06-09T07:04:10Z;-1498;;331
2025-06-09T07:04:15Z;-1501;;328
2025-06-09T07:04:16Z;-1502;;327
2025-06-09T07:04:18Z;-1516;;313
2025-06-09T07:04:22Z;-1486;;343
2025-06-09T07:04:27Z;-1481;;348
2025-06-09T07:04:29Z;-1503;;326
2025-06-09T07:04:38Z;-1507;;322
2025-06-09T07:04:39Z;-1498;;331
2025-06-09T07:05:48Z;-1489;;340
2025-06-09T07:08:53Z;-1547;;282
2025-06-09T07:08:57Z;-1503;;326
2025-06-09T07:08:58Z;-1503;;326
2025-06-09T07:09:00Z;-1504;;325
2025-06-09T07:09:09Z;-1493;;336
2025-06-09T07:09:17Z;-1654;;175
2025-06-09T07:09:24Z;-1474;;355
2025-06-09T07:09:26Z;-1511;;318
2025-06-09T07:09:38Z;-1510;;319
2025-06-09T07:09:41Z;-1514;;315
2025-06-09T07:09:52Z;-1505;;324
2025-06-09T07:09:57Z;-1494;;335
2025-06-09T07:10:06Z;-1517;;312
2025-06-09T07:10:15Z;-1667;;162
2025-06-09T07:10:22Z;-1466;;363
2025-06-09T07:10:29Z;-1693;;136
2025-06-09T07:10:35Z;-1530;;299
2025-06-09T07:10:36Z;-1486;;343
2025-06-09T07:10:38Z;-1494;;335
2025-06-09T07:10:40Z;-1473;;356
2025-06-09T07:10:42Z;-1467;;362
2025-06-09T07:10:43Z;-1487;;342
2025-06-09T07:10:49Z;-1584;;245
2025-06-09T07:10:54Z;-1499;;330
2025-06-09T07:10:56Z;-1496;;333
2025-06-09T07:10:58Z;-1658;;171
2025-06-09T07:12:29Z;-1439;;390
2025-06-09T07:12:30Z;-1640;;189
2025-06-09T07:12:37Z;;1423;-217
2025-06-09T07:12:39Z;;1894;254
2025-06-09T07:13:31Z;-1503;;391
2025-06-09T07:13:33Z;-1631;;263
2025-06-09T07:13:53Z;-1499;;395
2025-06-09T07:13:54Z;-1635;;259
2025-06-09T07:14:14Z;-1492;;402
2025-06-09T07:14:15Z;-1604;;290
2025-06-09T07:15:07Z;;1931;327
2025-06-09T07:15:08Z;-1642;;289
2025-06-09T07:15:15Z;-1341;;590
2025-06-09T07:15:17Z;-1544;;387
2025-06-09T07:16:40Z;-1433;;498
2025-06-09T07:16:41Z;-1302;;629
2025-06-09T07:17:45Z;-1688;;243
2025-06-09T07:17:47Z;-1297;;634
2025-06-09T07:20:08Z;-1509;;422
2025-06-09T07:20:10Z;-1497;;434
2025-06-09T07:20:13Z;-1503;;428
2025-06-09T07:20:15Z;-1505;;426
2025-06-09T07:20:17Z;-1488;;443
2025-06-09T07:20:22Z;-1513;;418
2025-06-09T07:21:08Z;-1552;;379
2025-06-09T07:21:10Z;-1541;;390
2025-06-09T07:21:34Z;301;;2232
2025-06-09T07:21:35Z;239;;2170
2025-06-09T07:22:48Z;304;;2235
2025-06-09T07:22:49Z;287;;2218
2025-06-09T07:22:57Z;315;;2246
2025-06-09T07:22:59Z;284;;2215
2025-06-09T07:23:28Z;304;;2235
2025-06-09T07:23:29Z;290;;2221
2025-06-09T07:23:41Z;327;;2258
2025-06-09T07:23:42Z;278;;2209
2025-06-09T07:23:57Z;323;;2254
2025-06-09T07:23:58Z;296;;2227
2025-06-09T07:24:10Z;320;;2251
2025-06-09T07:24:11Z;280;;2211
2025-06-09T07:24:14Z;304;;2235
2025-06-09T07:24:18Z;242;;2173
2025-06-09T07:24:23Z;307;;2238
2025-06-09T07:24:32Z;231;;2162
2025-06-09T07:24:38Z;380;;2311
2025-06-09T07:24:47Z;251;;2182
2025-06-09T07:24:52Z;342;;2273
2025-06-09T07:24:54Z;287;;2218
2025-06-09T07:24:59Z;317;;2248
2025-06-09T07:25:00Z;282;;2213
2025-06-09T07:25:09Z;308;;2239
2025-06-09T07:25:10Z;287;;2218
2025-06-09T07:25:11Z;308;;2239
2025-06-09T07:25:14Z;108;;2039
2025-06-09T07:25:21Z;306;;2237
2025-06-09T07:25:22Z;285;;2216
2025-06-09T07:26:05Z;301;;2232
2025-06-09T07:26:06Z;280;;2211
2025-06-09T07:29:19Z;406;;2337
2025-06-09T07:29:21Z;200;;2131
2025-06-09T07:30:07Z;;2049;2249
2025-06-09T07:30:08Z;95;;2144
2025-06-09T07:30:27Z;377;;2426
2025-06-09T07:30:29Z;177;;2226
2025-06-09T07:31:26Z;360;;2409
2025-06-09T07:31:27Z;209;;2258
2025-06-09T07:32:45Z;-32;;2017
2025-06-09T07:32:47Z;11;;2060
2025-06-09T07:32:48Z;16;;2065
2025-06-09T07:32:51Z;1;;2050
2025-06-09T07:32:55Z;2;;2051
2025-06-09T07:33:07Z;7;;2056
2025-06-09T07:33:08Z;5;;2054
2025-06-09T07:33:37Z;21;;2070
2025-06-09T07:33:38Z;-20;;2029
2025-06-09T07:33:44Z;4;;2053
2025-06-09T07:33:50Z;0;;2049
2025-06-09T07:33:51Z;-16;;2033
2025-06-09T07:33:57Z;5;;2054
2025-06-09T07:34:03Z;-51;;1998
2025-06-09T07:34:04Z;;2100;2049
2025-06-09T07:34:05Z;;2094;2043
2025-06-09T07:34:10Z;33;;2127
2025-06-09T07:34:14Z;0;;2094
2025-06-09T07:34:15Z;25;;2119
2025-06-09T07:34:17Z;-17;;2077
2025-06-09T07:34:19Z;;2102;2085
2025-06-09T07:34:21Z;;2098;2081
2025-06-09T07:34:24Z;25;;2123
2025-06-09T07:34:28Z;0;2099;2124
2025-06-09T07:34:31Z;;2098;2098
2025-06-09T07:34:32Z;0;;2098
2025-06-09T07:34:33Z;;2100;2100
2025-06-09T07:34:35Z;;2090;2090
2025-06-09T07:34:37Z;19;2102;2102
2025-06-09T07:34:39Z;;2093;2112
2025-06-09T07:34:41Z;0;2105;2124
2025-06-09T07:34:43Z;;2094;2094
2025-06-09T07:34:45Z;18;2104;2104
2025-06-09T07:34:49Z;2;;2106
2025-06-09T07:34:50Z;2;;2106
2025-06-09T07:34:51Z;;2091;2093
2025-06-09T07:34:53Z;;2101;2103
2025-06-09T07:34:57Z;0;;2101
2025-06-09T07:34:58Z;-45;;2056
2025-06-09T07:35:01Z;;2095;2050
2025-06-09T07:35:02Z;-44;;2051
2025-06-09T07:35:04Z;;2110;2066
2025-06-09T07:35:11Z;;2098;2054
2025-06-09T07:35:13Z;;2106;2062
2025-06-09T07:35:23Z;;2080;2036
2025-06-09T07:35:27Z;;2109;2065
2025-06-09T07:35:43Z;;2087;2043
2025-06-09T07:35:45Z;;2104;2060
2025-06-09T07:36:19Z;;2097;2053
2025-06-09T07:36:21Z;;2114;2070
2025-06-09T07:36:34Z;-1840;;274
2025-06-09T07:36:36Z;-1797;2098;258
2025-06-09T07:36:38Z;;2116;319
2025-06-09T07:37:05Z;-1795;;321
2025-06-09T07:37:07Z;-1816;;300
2025-06-09T07:37:19Z;-1795;;321
2025-06-09T07:37:21Z;-1807;;309
2025-06-09T07:37:25Z;-1793;;323
2025-06-09T07:37:49Z;-1801;;315
2025-06-09T07:37:51Z;-1791;;325
2025-06-09T07:37:53Z;-1804;;312
2025-06-09T07:37:55Z;-1796;;320
2025-06-09T07:37:57Z;-1804;;312
2025-06-09T07:37:59Z;-1792;;324
2025-06-09T07:38:01Z;-1803;;313
2025-06-09T07:38:03Z;-1791;;325
2025-06-09T07:38:05Z;-1807;;309
2025-06-09T07:38:06Z;-1806;;310
2025-06-09T07:38:08Z;-1796;;320
2025-06-09T07:38:20Z;-1808;;308
2025-06-09T07:38:22Z;-1801;;315
2025-06-09T07:38:28Z;-1800;;316
2025-06-09T07:40:19Z;-1503;;613
2025-06-09T07:43:19Z;-2092;;24
2025-06-09T07:43:21Z;-2112;;4
2025-06-09T07:43:28Z;-2110;;6
2025-06-09T07:43:31Z;-2110;;6
2025-06-09T07:43:38Z;-2110;;6
2025-06-09T07:43:40Z;-2112;;4
2025-06-09T07:44:09Z;-2095;;21
2025-06-09T07:44:10Z;-2113;;3
2025-06-09T07:44:31Z;-1985;;131
2025-06-09T07:44:37Z;-2128;;-12
2025-06-09T07:44:44Z;-2093;;23
2025-06-09T07:44:51Z;-2116;;0
2025-06-09T07:44:58Z;-2080;;36
2025-06-09T07:45:07Z;-2131;2217;137
2025-06-09T07:45:10Z;-1973;;244
2025-06-09T07:45:11Z;-2094;;123
2025-06-09T07:45:15Z;-2093;;124
2025-06-09T07:45:24Z;-2065;;152
2025-06-09T07:45:29Z;-2098;;119
2025-06-09T07:45:37Z;-2094;;123
2025-06-09T07:45:39Z;-2104;;113
2025-06-09T07:45:41Z;-2093;;124
2025-06-09T07:45:43Z;-2120;;97
2025-06-09T07:45:51Z;-2094;;123
2025-06-09T07:45:56Z;-2140;;77
2025-06-09T07:46:04Z;-2114;;103
2025-06-09T07:46:10Z;-2137;;80
2025-06-09T07:46:13Z;-2138;;79
2025-06-09T07:46:15Z;-2144;;73
2025-06-09T07:52:34Z;-2197;;20
2025-06-09T07:52:55Z;-455;;1762
2025-06-09T07:53:06Z;-2178;;39
2025-06-09T07:54:39Z;-491;;1726
2025-06-09T08:00:07Z;;2321;1830
2025-06-09T08:00:10Z;-2149;;172
2025-06-09T08:00:56Z;-1654;;667
2025-06-09T08:05:49Z;-598;;1723
2025-06-09T08:05:50Z;-609;;1712
2025-06-09T08:08:19Z;199;;2520
2025-06-09T08:08:31Z;;2402;2601
2025-06-09T08:08:35Z;;2393;2592
2025-06-09T08:08:41Z;;2408;2607
2025-06-09T08:08:45Z;;2399;2598
2025-06-09T08:08:46Z;;2410;2609
2025-06-09T08:08:49Z;;2380;2579
2025-06-09T08:08:55Z;;2405;2604
2025-06-09T08:08:58Z;;2396;2595
2025-06-09T08:09:00Z;;2402;2601
2025-06-09T08:09:01Z;;2381;2580
2025-06-09T08:09:06Z;;2401;2600
2025-06-09T08:09:09Z;;2382;2581
2025-06-09T08:09:36Z;;2384;2583
2025-06-09T08:09:43Z;;2393;2592
2025-06-09T08:10:27Z;;2388;2587
2025-06-09T08:10:29Z;;2409;2608
2025-06-09T08:10:39Z;;2385;2584
2025-06-09T08:10:41Z;;2407;2606
2025-06-09T08:11:11Z;;2388;2587
2025-06-09T08:11:13Z;;2410;2609
2025-06-09T08:15:07Z;;2436;2635
2025-06-09T08:15:08Z;-391;;2045
2025-06-09T08:19:40Z;-2106;;330
2025-06-09T08:19:42Z;-2114;;322
2025-06-09T08:19:45Z;-2118;;318
2025-06-09T08:19:56Z;-2073;;363
2025-06-09T08:19:57Z;-2112;;324
2025-06-09T08:20:04Z;-2115;;321
2025-06-09T08:20:05Z;-2099;;337
2025-06-09T08:20:12Z;-2092;;344
2025-06-09T08:20:14Z;-2096;;340
2025-06-09T08:20:23Z;-2099;;337
2025-06-09T08:20:24Z;-2091;;345
2025-06-09T08:20:35Z;-2098;;338
2025-06-09T08:20:36Z;-2094;;342
2025-06-09T08:20:44Z;-2086;;350
2025-06-09T08:20:46Z;-2126;;310
2025-06-09T08:20:56Z;-2121;;315
2025-06-09T08:20:58Z;-2096;;340
2025-06-09T08:21:05Z;-2095;;341
2025-06-09T08:21:06Z;-2093;;343
2025-06-09T08:21:27Z;-2098;;338
2025-06-09T08:21:28Z;-2101;;335
2025-06-09T08:21:33Z;-2159;;277
2025-06-09T08:21:36Z;-2100;;336
2025-06-09T08:21:50Z;-2089;;347
2025-06-09T08:21:51Z;-2135;;301
2025-06-09T08:21:55Z;-2093;;343
2025-06-09T08:21:57Z;-2121;;315
2025-06-09T08:22:06Z;-2083;;353
2025-06-09T08:22:07Z;-2114;;322
2025-06-09T08:30:07Z;;2477;363
2025-06-09T08:30:08Z;-2116;;361
2025-06-09T08:39:09Z;-2401;;76
2025-06-09T08:39:11Z;-2327;;150
2025-06-09T08:40:14Z;-2405;;72
2025-06-09T08:40:15Z;-2379;;98
2025-06-09T08:40:29Z;-2331;;146
2025-06-09T08:40:33Z;-2284;;193
2025-06-09T08:40:46Z;-2318;;159
2025-06-09T08:40:48Z;-2411;;66
2025-06-09T08:41:03Z;-2416;;61
2025-06-09T08:41:05Z;-2321;;156
2025-06-09T08:41:18Z;-2342;;135
2025-06-09T08:41:21Z;-2326;;151
2025-06-09T08:41:35Z;-2406;;71
2025-06-09T08:41:38Z;-2294;;183
2025-06-09T08:41:52Z;-2433;;44
2025-06-09T08:41:54Z;-2336;;141
2025-06-09T08:42:07Z;-2355;;122
2025-06-09T08:42:10Z;-2347;;130
2025-06-09T08:42:24Z;-2436;;41
2025-06-09T08:42:26Z;-2380;;97
2025-06-09T08:42:41Z;-2440;;37
2025-06-09T08:42:43Z;-2313;;164
2025-06-09T08:42:57Z;-2438;;39
2025-06-09T08:42:59Z;-2337;;140
2025-06-09T08:43:13Z;-2442;;35
2025-06-09T08:43:15Z;-2387;;90
2025-06-09T08:43:29Z;-2426;;51
2025-06-09T08:43:31Z;-2391;;86
2025-06-09T08:43:46Z;-2460;;17
2025-06-09T08:43:47Z;-2447;;30
2025-06-09T08:44:04Z;-2412;;65
2025-06-09T08:44:05Z;-2360;;117
2025-06-09T08:44:17Z;-2368;;109
2025-06-09T08:44:20Z;-2382;;95
2025-06-09T08:44:34Z;-2434;;43
2025-06-09T08:44:37Z;-2346;;131
2025-06-09T08:44:51Z;-2456;;21
2025-06-09T08:44:53Z;-2340;;137
2025-06-09T08:45:07Z;-2456;2582;242
2025-06-09T08:45:10Z;-2353;;229
2025-06-09T08:45:11Z;-2387;;195
2025-06-09T08:45:23Z;-2369;;213
2025-06-09T08:45:25Z;-2390;;192
2025-06-09T08:45:39Z;-2428;;154
2025-06-09T08:45:42Z;-2342;;240
2025-06-09T08:45:55Z;-2370;;212
2025-06-09T08:45:58Z;-2364;;218
2025-06-09T08:46:12Z;-2451;;131
2025-06-09T08:46:33Z;-2451;;131
2025-06-09T08:46:36Z;-2354;;228
2025-06-09T08:46:45Z;-2452;;130
2025-06-09T08:46:47Z;-2338;;244
2025-06-09T08:47:01Z;-2455;;127
2025-06-09T08:47:03Z;-2357;;225
2025-06-09T08:47:17Z;-2454;;128
2025-06-09T08:47:20Z;-2369;;213
2025-06-09T08:47:33Z;-2434;;148
2025-06-09T08:47:36Z;-2348;;234
2025-06-09T08:47:50Z;-2469;;113
2025-06-09T08:47:51Z;-2461;;121
2025-06-09T08:48:08Z;-2443;;139
2025-06-09T08:48:09Z;-2370;;212
2025-06-09T08:48:21Z;-2373;;209
2025-06-09T08:48:24Z;-2397;;185
2025-06-09T08:48:38Z;-2439;;143
2025-06-09T08:48:39Z;-2444;;138
2025-06-09T08:48:56Z;-2462;;120
2025-06-09T08:48:57Z;-2358;;224
2025-06-09T08:49:11Z;-2459;;123
2025-06-09T08:49:13Z;-2391;;191
2025-06-09T08:49:27Z;-2467;;115
2025-06-09T08:49:29Z;-2390;;192
2025-06-09T08:49:35Z;-2404;;178
2025-06-09T08:49:37Z;-2391;;191
2025-06-09T08:49:43Z;-2418;;164
2025-06-09T08:49:46Z;-2364;;218
2025-06-09T08:49:55Z;-2402;;180
2025-06-09T08:49:58Z;-2398;;184
2025-06-09T08:50:00Z;-2463;;119
2025-06-09T08:50:02Z;-2392;;190
2025-06-09T08:50:05Z;-2406;;176
2025-06-09T08:50:06Z;-2399;;183
2025-06-09T08:50:12Z;-2401;;181
2025-06-09T08:50:18Z;-2418;;164
2025-06-09T08:50:24Z;-2403;;179
2025-06-09T08:50:29Z;-2381;;201
2025-06-09T08:50:30Z;-2380;;202
2025-06-09T08:50:37Z;-2382;;200
2025-06-09T08:50:38Z;-2401;;181
2025-06-09T08:50:39Z;-2379;;203
2025-06-09T08:50:41Z;-2405;;177
2025-06-09T08:50:42Z;-2400;;182
2025-06-09T08:50:45Z;-2399;;183
2025-06-09T08:50:53Z;-2394;;188
2025-06-09T08:50:54Z;-2389;;193
2025-06-09T08:50:58Z;-2405;;177
2025-06-09T08:51:01Z;-2406;;176
2025-06-09T08:51:09Z;-2390;;192
2025-06-09T08:51:10Z;-2388;;194
2025-06-09T08:51:13Z;-2407;;175
2025-06-09T08:51:15Z;-2412;;170
2025-06-09T08:51:19Z;-2388;;194
2025-06-09T08:51:21Z;-2486;;96
2025-06-09T08:51:28Z;-2405;;177
2025-06-09T08:51:31Z;-2400;;182
2025-06-09T08:51:40Z;-2355;;227
2025-06-09T08:51:42Z;-2403;;179
2025-06-09T08:51:49Z;-2391;;191
2025-06-09T08:51:52Z;-2403;;179
2025-06-09T08:51:56Z;-2393;;189
2025-06-09T08:51:57Z;-2406;;176
2025-06-09T08:51:59Z;-2393;;189
2025-06-09T08:52:02Z;-2393;;189
2025-06-09T08:52:13Z;-2395;;187
2025-06-09T08:52:14Z;-2399;;183
2025-06-09T08:52:34Z;-2377;;205
2025-06-09T08:52:35Z;-2429;;153
2025-06-09T08:53:34Z;-2394;;188
2025-06-09T08:53:35Z;-2419;;163
2025-06-09T08:54:43Z;-2416;;166
2025-06-09T08:54:44Z;-2398;;184
2025-06-09T08:54:57Z;-2398;;184
2025-06-09T08:54:58Z;-2431;;151
2025-06-09T08:55:45Z;-2449;;133
2025-06-09T08:55:46Z;-2427;;155
2025-06-09T08:56:17Z;-2387;;195
2025-06-09T08:56:18Z;-2419;;163
2025-06-09T08:57:10Z;-2270;;312
2025-06-09T08:57:22Z;-2402;;180
2025-06-09T08:58:24Z;-2317;;265
2025-06-09T08:58:26Z;-2394;;188
2025-06-09T08:58:40Z;-2396;;186
2025-06-09T09:00:07Z;;2640;244
2025-06-09T09:00:08Z;-2363;;277
2025-06-09T09:01:21Z;-2504;;136
2025-06-09T09:04:23Z;-2430;;210
2025-06-09T09:04:25Z;-2426;;214
2025-06-09T09:04:36Z;-2543;;97
2025-06-09T09:04:38Z;-2435;;205
2025-06-09T09:04:52Z;-2421;;219
2025-06-09T09:04:54Z;-2421;;219
2025-06-09T09:05:04Z;-2369;;271
2025-06-09T09:05:05Z;-2407;;233
2025-06-09T09:05:17Z;-2389;;251
2025-06-09T09:05:18Z;-2400;;240
2025-06-09T09:05:33Z;-2426;;214
2025-06-09T09:05:34Z;-2384;;256
2025-06-09T09:05:43Z;-2389;;251
2025-06-09T09:05:45Z;-2429;;211
2025-06-09T09:05:47Z;-2428;;212
2025-06-09T09:05:49Z;-2545;;95
2025-06-09T09:05:56Z;-2446;;194
2025-06-09T09:05:58Z;-2442;;198
2025-06-09T09:06:12Z;-2390;;250
2025-06-09T09:06:15Z;-2538;;102
2025-06-09T09:06:23Z;-2383;;257
2025-06-09T09:06:26Z;-2417;;223
2025-06-09T09:06:36Z;-2365;;275
2025-06-09T09:06:37Z;-2405;;235
2025-06-09T09:07:06Z;-2400;;240
2025-06-09T09:07:07Z;-2419;;221
2025-06-09T09:07:16Z;-2345;;295
2025-06-09T09:07:17Z;-2399;;241
2025-06-09T09:07:32Z;-2412;;228
2025-06-09T09:07:33Z;-2426;;214
2025-06-09T09:10:05Z;-2392;;248
2025-06-09T09:10:06Z;-2474;;166
2025-06-09T09:10:15Z;-2236;;404
2025-06-09T09:10:18Z;-2401;;239
2025-06-09T09:10:19Z;-2374;;266
2025-06-09T09:10:22Z;-2400;;240
2025-06-09T09:11:27Z;-2327;;313
2025-06-09T09:11:29Z;-2444;;196
2025-06-09T09:11:45Z;-2399;;241
2025-06-09T09:11:46Z;-2394;;246
2025-06-09T09:11:53Z;-2397;;243
2025-06-09T09:11:54Z;-2421;;219
2025-06-09T09:12:01Z;-2398;;242
2025-06-09T09:12:03Z;-2416;;224
2025-06-09T09:12:10Z;-2395;;245
2025-06-09T09:12:12Z;-2409;;231
2025-06-09T09:12:17Z;-2396;;244
2025-06-09T09:14:22Z;-2375;;265
2025-06-09T09:15:07Z;;2670;295
2025-06-09T09:15:08Z;-2526;;144
2025-06-09T09:17:36Z;-2425;;245
2025-06-09T09:17:39Z;-2451;;219
2025-06-09T09:18:29Z;-2358;;312
2025-06-09T09:18:31Z;-2406;;264
2025-06-09T09:18:45Z;-2406;;264
2025-06-09T09:18:46Z;-2429;;241
2025-06-09T09:20:01Z;-2392;;278
2025-06-09T09:20:03Z;-2416;;254
2025-06-09T09:20:12Z;;2700;284
2025-06-09T09:20:14Z;;2689;273
2025-06-09T09:20:15Z;;2701;285
2025-06-09T09:20:17Z;;2689;273
2025-06-09T09:20:25Z;;2704;288
2025-06-09T09:20:27Z;;2695;279
2025-06-09T09:20:29Z;;2704;288
2025-06-09T09:20:31Z;;2691;275
2025-06-09T09:20:35Z;;2713;297
2025-06-09T09:20:43Z;;2690;274
2025-06-09T09:20:45Z;;2705;289
2025-06-09T09:20:53Z;;2693;277
2025-06-09T09:20:55Z;;2705;289
2025-06-09T09:21:03Z;;2694;278
2025-06-09T09:21:05Z;;2706;290
2025-06-09T09:21:09Z;;2692;276
2025-06-09T09:21:11Z;;2708;292
2025-06-09T09:21:17Z;;2698;282
2025-06-09T09:21:19Z;;2712;296
2025-06-09T09:21:27Z;;2697;281
2025-06-09T09:21:29Z;;2701;285
2025-06-09T09:21:31Z;;2694;278
2025-06-09T09:21:32Z;;2702;286
2025-06-09T09:21:38Z;;2707;291
2025-06-09T09:21:40Z;;2693;277
2025-06-09T09:21:49Z;;2694;278
2025-06-09T09:21:51Z;;2706;290
2025-06-09T09:22:00Z;;2695;279
2025-06-09T09:22:05Z;;2708;292
2025-06-09T09:22:07Z;;2694;278
2025-06-09T09:22:09Z;;2707;291
2025-06-09T09:22:15Z;;2697;281
2025-06-09T09:22:17Z;;2708;292
2025-06-09T09:22:25Z;;2699;283
2025-06-09T09:22:27Z;;2698;282
2025-06-09T09:22:33Z;-1228;;1470
2025-06-09T09:22:34Z;-1161;;1537
2025-06-09T09:22:35Z;;2698;1537
2025-06-09T09:22:37Z;;2710;1549
2025-06-09T09:22:46Z;;2698;1537
2025-06-09T09:22:47Z;;2709;1548
2025-06-09T09:22:55Z;;2695;1534
2025-06-09T09:22:56Z;-962;;1733
2025-06-09T09:23:01Z;-2406;2704;1742
2025-06-09T09:23:03Z;-2405;;299
2025-06-09T09:23:04Z;;2694;289
2025-06-09T09:23:05Z;-2387;;307
2025-06-09T09:23:07Z;-2393;2693;306
2025-06-09T09:23:10Z;;2698;305
2025-06-09T09:23:12Z;-2384;;314
2025-06-09T09:23:13Z;-2405;;293
2025-06-09T09:23:15Z;;2705;300
2025-06-09T09:23:17Z;;2698;293
2025-06-09T09:23:19Z;;2710;305
2025-06-09T09:23:21Z;-2409;;301
2025-06-09T09:23:22Z;;2682;273
2025-06-09T09:23:25Z;-2399;;283
2025-06-09T09:23:26Z;-2402;;280
2025-06-09T09:23:27Z;-1039;2707;305
2025-06-09T09:23:29Z;;2696;1657
2025-06-09T09:23:31Z;-2397;;299
2025-06-09T09:23:32Z;-2398;;298
2025-06-09T09:23:34Z;-2351;;345
2025-06-09T09:23:35Z;-2379;;317
2025-06-09T09:23:37Z;-2385;2705;326
2025-06-09T09:23:39Z;;2695;310
2025-06-09T09:23:41Z;-2390;;305
2025-06-09T09:23:47Z;;2705;315
2025-06-09T09:23:49Z;;2697;307
2025-06-09T09:23:57Z;;2702;312
2025-06-09T09:23:59Z;;2693;303
2025-06-09T09:24:05Z;-2442;;251
2025-06-09T09:24:07Z;;2706;264
2025-06-09T09:24:09Z;;2699;257
2025-06-09T09:24:14Z;;2702;260
2025-06-09T09:24:18Z;;2708;266
2025-06-09T09:24:20Z;-2385;;323
2025-06-09T09:24:27Z;;2701;316
2025-06-09T09:24:29Z;;2698;313
2025-06-09T09:24:37Z;;2705;320
2025-06-09T09:24:39Z;;2698;313
2025-06-09T09:24:47Z;;2703;318
2025-06-09T09:24:49Z;;2694;309
2025-06-09T09:24:57Z;;2706;321
2025-06-09T09:24:59Z;-944;2696;311
2025-06-09T09:25:00Z;-2315;;381
2025-06-09T09:25:01Z;-927;;1769
2025-06-09T09:25:02Z;-2240;;456
2025-06-09T09:25:03Z;;2702;462
2025-06-09T09:25:04Z;-934;;1768
2025-06-09T09:25:05Z;-2273;;429
2025-06-09T09:25:07Z;-1019;2695;422
2025-06-09T09:25:09Z;;2700;1681
2025-06-09T09:25:10Z;;2699;1680
2025-06-09T09:25:12Z;;2708;1689
2025-06-09T09:25:14Z;;2699;1680
2025-06-09T09:25:16Z;;2700;1681
2025-06-09T09:25:17Z;;2684;1665
2025-06-09T09:25:19Z;;2700;1681
2025-06-09T09:25:21Z;;2688;1669
2025-06-09T09:25:23Z;;2703;1684
2025-06-09T09:25:31Z;;2687;1668
2025-06-09T09:25:36Z;;2701;1682
2025-06-09T09:25:40Z;;2704;1685
2025-06-09T09:25:43Z;;2703;1684
2025-06-09T09:25:51Z;;2695;1676
2025-06-09T09:25:53Z;;2708;1689
2025-06-09T09:26:00Z;;2698;1679
2025-06-09T09:26:02Z;;2717;1698
2025-06-09T09:26:07Z;-2315;;402
2025-06-09T09:26:09Z;;2691;376
2025-06-09T09:26:11Z;;2705;390
2025-06-09T09:26:17Z;;2668;353
2025-06-09T09:26:19Z;;2706;391
2025-06-09T09:26:27Z;;2698;383
2025-06-09T09:26:29Z;;2713;398
2025-06-09T09:26:37Z;;2699;384
2025-06-09T09:26:39Z;;2712;397
2025-06-09T09:26:48Z;;2699;384
2025-06-09T09:26:49Z;;2712;397
2025-06-09T09:26:57Z;;2699;384
2025-06-09T09:26:59Z;;2714;399
2025-06-09T09:27:48Z;-2399;;315
2025-06-09T09:27:50Z;-2436;;278
2025-06-09T09:28:17Z;-2397;;317
2025-06-09T09:28:18Z;;2696;299
2025-06-09T09:28:19Z;-2401;;295
2025-06-09T09:28:20Z;;2711;310
2025-06-09T09:28:27Z;;2698;297
2025-06-09T09:28:29Z;-2395;2708;307
2025-06-09T09:28:30Z;-2403;;305
2025-06-09T09:28:38Z;;2697;294
2025-06-09T09:28:40Z;;2712;309
2025-06-09T09:29:07Z;-2403;;309
2025-06-09T09:29:09Z;;2695;292
2025-06-09T09:29:10Z;;2706;303
2025-06-09T09:29:18Z;;2695;292
2025-06-09T09:29:20Z;;2703;300
2025-06-09T09:29:21Z;-2404;;299
2025-06-09T09:29:22Z;-2395;;308
2025-06-09T09:29:24Z;;2699;304
2025-06-09T09:29:25Z;-2394;;305
2025-06-09T09:29:26Z;;2713;319
2025-06-09T09:29:29Z;-2394;2695;301
2025-06-09T09:29:31Z;;2711;317
2025-06-09T09:29:34Z;-2405;;306
2025-06-09T09:29:37Z;-2403;;308
2025-06-09T09:29:39Z;;2697;294
2025-06-09T09:29:40Z;-2378;;319
2025-06-09T09:29:42Z;-2398;;299
2025-06-09T09:29:43Z;;2710;312
2025-06-09T09:29:45Z;-2407;;303
2025-06-09T09:29:47Z;-2415;;295
2025-06-09T09:29:48Z;-2395;;315
2025-06-09T09:29:49Z;-2262;;448
2025-06-09T09:29:50Z;;2696;434
2025-06-09T09:29:52Z;;2710;448
2025-06-09T09:30:01Z;;2697;435
2025-06-09T09:30:07Z;;2714;452
2025-06-09T09:30:08Z;-2341;;373
2025-06-09T09:30:10Z;;2699;358
2025-06-09T09:30:12Z;;2711;370
2025-06-09T09:30:20Z;;2699;358
2025-06-09T09:30:22Z;;2712;371
2025-06-09T09:30:29Z;;2695;354
2025-06-09T09:30:31Z;;2709;368
2025-06-09T09:30:40Z;;2696;355
2025-06-09T09:30:42Z;;2710;369
2025-06-09T09:30:46Z;;2695;354
2025-06-09T09:30:48Z;;2708;367
2025-06-09T09:30:54Z;;2697;356
2025-06-09T09:30:56Z;;2709;368
2025-06-09T09:31:08Z;;2697;356
2025-06-09T09:31:10Z;;2711;370
2025-06-09T09:32:18Z;;2697;356
2025-06-09T09:32:20Z;;2709;368
2025-06-09T09:32:28Z;;2693;352
2025-06-09T09:32:30Z;;2706;365
2025-06-09T09:32:38Z;;2696;355
2025-06-09T09:32:40Z;;2709;368
2025-06-09T09:32:47Z;;2707;366
2025-06-09T09:32:49Z;;2710;369
2025-06-09T09:32:57Z;;2705;364
2025-06-09T09:32:59Z;;2709;368
2025-06-09T09:34:38Z;-2454;;255
2025-06-09T09:37:12Z;;2691;237
2025-06-09T09:37:13Z;;2703;249
2025-06-09T09:45:07Z;;2783;329
2025-06-09T09:45:08Z;-2521;;262
2025-06-09T09:51:38Z;;2699;178
2025-06-09T09:51:40Z;;2712;191
2025-06-09T09:51:48Z;;2698;177
2025-06-09T09:51:50Z;;2710;189
2025-06-09T09:51:54Z;;2694;173
2025-06-09T09:51:56Z;;2709;188
2025-06-09T09:52:02Z;;2690;169
2025-06-09T09:52:04Z;;2703;182
2025-06-09T09:52:12Z;;2686;165
2025-06-09T09:52:16Z;;2701;180
2025-06-09T09:52:18Z;;2697;176
2025-06-09T09:52:20Z;;2700;179
2025-06-09T09:52:21Z;;2698;177
2025-06-09T09:52:46Z;;2701;180
2025-06-09T09:52:49Z;;2704;183
2025-06-09T09:52:51Z;;2699;178
2025-06-09T09:52:52Z;;2701;180
2025-06-09T09:52:54Z;;2703;182
2025-06-09T09:53:02Z;;2691;170
2025-06-09T09:53:08Z;;2703;182
2025-06-09T09:53:10Z;;2691;170
2025-06-09T09:53:12Z;;2704;183
2025-06-09T09:53:14Z;;2678;157
2025-06-09T09:53:22Z;;2706;185
2025-06-09T09:53:24Z;;2693;172
2025-06-09T09:53:26Z;;2710;189
2025-06-09T09:53:28Z;;2694;173
2025-06-09T09:53:30Z;;2709;188
2025-06-09T09:53:36Z;;2692;171
2025-06-09T09:53:38Z;;2711;190
2025-06-09T09:53:46Z;;2696;175
2025-06-09T09:53:48Z;;2712;191
2025-06-09T09:53:56Z;;2693;172
2025-06-09T09:53:58Z;;2708;187
2025-06-09T09:54:06Z;;2693;172
2025-06-09T09:54:12Z;;2708;187
2025-06-09T09:54:14Z;;2695;174
2025-06-09T09:54:16Z;;2710;189
2025-06-09T09:54:18Z;;2695;174
2025-06-09T09:54:20Z;;2709;188
2025-06-09T09:54:26Z;;2695;174
2025-06-09T09:54:28Z;;2713;192
2025-06-09T09:54:38Z;;2676;155
2025-06-09T09:54:41Z;;2707;186
2025-06-09T09:54:50Z;;2682;161
2025-06-09T09:54:53Z;;2706;185
2025-06-09T09:55:00Z;;2688;167
2025-06-09T09:55:02Z;;2714;193
2025-06-09T09:55:10Z;;2692;171
2025-06-09T09:55:12Z;;2717;196
2025-06-09T09:55:20Z;;2688;167
2025-06-09T09:55:22Z;;2705;184
2025-06-09T09:55:30Z;;2691;170
2025-06-09T09:55:32Z;;2717;196
2025-06-09T09:55:40Z;;2694;173
2025-06-09T09:55:42Z;;2720;199
2025-06-09T09:55:53Z;;2720;199
2025-06-09T09:55:56Z;;2722;201
2025-06-09T09:56:04Z;;2695;174
2025-06-09T09:56:06Z;;2695;174
2025-06-09T09:56:22Z;;2692;171
2025-06-09T09:56:24Z;;2719;198
2025-06-09T09:57:23Z;;2696;175
2025-06-09T09:57:24Z;;2708;187
2025-06-09T10:00:07Z;;2717;196
2025-06-09T10:00:28Z;;2699;178
2025-06-09T10:00:30Z;;2702;181
2025-06-09T10:00:38Z;;2693;172
2025-06-09T10:00:40Z;;2706;185
2025-06-09T10:00:48Z;;2691;170
2025-06-09T10:00:50Z;;2708;187
2025-06-09T10:00:58Z;;2690;169
2025-06-09T10:01:00Z;;2704;183
2025-06-09T10:01:08Z;;2688;167
2025-06-09T10:01:10Z;;2704;183
2025-06-09T10:01:18Z;;2690;169
2025-06-09T10:01:20Z;;2705;184
2025-06-09T10:01:28Z;;2691;170
2025-06-09T10:01:30Z;;2706;185
2025-06-09T10:01:37Z;;2699;178
2025-06-09T10:01:44Z;;2701;180
2025-06-09T10:01:46Z;;2696;175
2025-06-09T10:02:04Z;;2702;181
2025-06-09T10:02:06Z;;2699;178
2025-06-09T10:02:08Z;;2704;183
2025-06-09T10:02:10Z;;2687;166
2025-06-09T10:02:12Z;;2703;182
2025-06-09T10:02:14Z;;2687;166
2025-06-09T10:02:16Z;;2701;180
2025-06-09T10:02:18Z;;2699;178
2025-06-09T10:02:24Z;;2701;180
2025-06-09T10:02:26Z;;2699;178
2025-06-09T10:02:28Z;;2701;180
2025-06-09T10:02:30Z;;2699;178
2025-06-09T10:02:49Z;;2701;180
2025-06-09T10:02:51Z;;2693;172
2025-06-09T10:02:58Z;;2701;180
2025-06-09T10:03:00Z;;2693;172
2025-06-09T10:03:08Z;;2701;180
2025-06-09T10:03:10Z;;2693;172
2025-06-09T10:03:17Z;;2701;180
2025-06-09T10:03:20Z;;2699;178
2025-06-09T10:03:22Z;;2704;183
2025-06-09T10:03:33Z;;2699;178
2025-06-09T10:03:36Z;;2709;188
2025-06-09T10:05:20Z;;2692;171
2025-06-09T10:05:22Z;;2700;179
2025-06-09T10:05:28Z;;2695;174
2025-06-09T10:05:30Z;;2704;183
2025-06-09T10:12:31Z;-934;;1770
2025-06-09T10:13:54Z;-913;;1791
2025-06-09T10:13:57Z;-919;;1785
2025-06-09T10:14:22Z;-919;;1785
2025-06-09T10:14:24Z;-915;;1789
2025-06-09T10:14:33Z;-904;;1800
2025-06-09T10:14:35Z;-930;;1774
2025-06-09T10:14:55Z;-906;;1798
2025-06-09T10:14:56Z;-969;;1735
2025-06-09T10:14:57Z;-969;;1735
2025-06-09T10:15:07Z;;2787;1818
2025-06-09T10:15:08Z;-2586;;201
2025-06-09T10:16:18Z;-2684;;103
2025-06-09T10:16:21Z;-2657;;130
2025-06-09T10:17:29Z;-2705;;82
2025-06-09T10:17:31Z;-2695;;92
2025-06-09T10:20:42Z;-899;;1888
2025-06-09T10:20:44Z;-924;;1863
2025-06-09T10:20:58Z;-895;;1892
2025-06-09T10:20:59Z;-912;;1875
2025-06-09T10:21:00Z;-899;;1888
2025-06-09T10:21:05Z;-943;;1844
2025-06-09T10:21:11Z;-935;;1852
2025-06-09T10:21:16Z;-891;;1896
2025-06-09T10:21:20Z;-900;;1887
2025-06-09T10:21:25Z;-892;;1895
2025-06-09T10:21:28Z;-886;;1901
2025-06-09T10:21:36Z;-898;;1889
2025-06-09T10:21:40Z;-897;;1890
2025-06-09T10:21:42Z;-927;;1860
2025-06-09T10:21:44Z;-895;;1892
2025-06-09T10:21:46Z;-900;;1887
2025-06-09T10:21:49Z;-897;;1890
2025-06-09T10:21:57Z;-919;;1868
2025-06-09T10:22:01Z;-861;;1926
2025-06-09T10:22:08Z;-902;;1885
2025-06-09T10:22:10Z;-891;;1896
2025-06-09T10:22:16Z;-920;;1867
2025-06-09T10:22:17Z;-888;;1899
2025-06-09T10:22:19Z;-900;;1887
2025-06-09T10:22:20Z;-883;;1904
2025-06-09T10:22:31Z;-928;;1859
2025-06-09T10:22:33Z;-934;;1853
2025-06-09T10:22:49Z;-932;;1855
2025-06-09T10:22:51Z;-892;;1895
2025-06-09T10:22:53Z;-899;;1888
2025-06-09T10:23:24Z;-905;;1882
2025-06-09T10:23:25Z;-880;;1907
2025-06-09T10:23:46Z;-909;;1878
2025-06-09T10:23:49Z;-900;;1887
2025-06-09T10:23:55Z;-905;;1882
2025-06-09T10:24:07Z;-857;;1930
2025-06-09T10:24:10Z;-923;;1864
2025-06-09T10:24:25Z;-918;;1869
2025-06-09T10:24:27Z;-917;;1870
2025-06-09T10:24:43Z;-919;;1868
2025-06-09T10:24:44Z;-852;;1935
2025-06-09T10:24:57Z;-901;;1886
2025-06-09T10:24:59Z;-886;;1901
2025-06-09T10:25:13Z;-908;;1879
2025-06-09T10:25:16Z;-839;;1948
2025-06-09T10:25:29Z;-865;;1922
2025-06-09T10:25:31Z;-922;;1865
2025-06-09T10:25:45Z;-854;;1933
2025-06-09T10:25:49Z;-912;;1875
2025-06-09T10:26:01Z;-865;;1922
2025-06-09T10:26:04Z;-868;;1919
2025-06-09T10:26:18Z;-899;;1888
2025-06-09T10:26:20Z;-904;;1883
2025-06-09T10:26:34Z;-868;;1919
2025-06-09T10:26:37Z;-869;;1918
2025-06-09T10:26:50Z;-847;;1940
2025-06-09T10:26:53Z;-867;;1920
2025-06-09T10:27:06Z;-891;;1896
2025-06-09T10:27:09Z;-932;;1855
2025-06-09T10:27:23Z;-877;;1910
2025-06-09T10:27:26Z;-879;;1908
2025-06-09T10:27:39Z;-865;;1922
2025-06-09T10:27:42Z;-875;;1912
2025-06-09T10:27:56Z;-944;;1843
2025-06-09T10:27:58Z;-883;;1904
2025-06-09T10:28:12Z;-914;;1873
2025-06-09T10:28:15Z;-856;;1931
2025-06-09T10:28:28Z;-879;;1908
2025-06-09T10:28:30Z;-920;;1867
2025-06-09T10:28:34Z;-887;;1900
2025-06-09T10:28:36Z;-900;;1887
2025-06-09T10:28:46Z;-881;;1906
2025-06-09T10:28:47Z;-955;;1832
2025-06-09T10:29:00Z;-858;;1929
2025-06-09T10:29:02Z;-937;;1850
2025-06-09T10:29:12Z;-898;;1889
2025-06-09T10:29:14Z;-895;;1892
2025-06-09T10:29:16Z;-892;;1895
2025-06-09T10:29:19Z;-957;;1830
2025-06-09T10:29:26Z;-897;;1890
2025-06-09T10:29:28Z;-902;;1885
2025-06-09T10:29:34Z;-960;;1827
2025-06-09T10:29:36Z;-953;;1834
2025-06-09T10:29:37Z;-893;;1894
2025-06-09T10:29:40Z;-908;;1879
2025-06-09T10:29:44Z;-890;;1897
2025-06-09T10:29:47Z;-901;;1886
2025-06-09T10:29:50Z;-940;;1847
2025-06-09T10:29:52Z;-922;;1865
2025-06-09T10:30:07Z;;2756;1834
2025-06-09T10:30:08Z;-946;;1810
2025-06-09T10:30:11Z;-882;;1874
2025-06-09T10:30:13Z;-903;;1853
2025-06-09T10:30:15Z;-898;;1858
2025-06-09T10:30:16Z;-902;;1854
2025-06-09T10:30:18Z;-899;;1857
2025-06-09T10:30:23Z;-945;;1811
2025-06-09T10:30:25Z;-870;;1886
2025-06-09T10:30:37Z;-907;;1849
2025-06-09T10:30:39Z;-899;;1857
2025-06-09T10:30:40Z;-938;;1818
2025-06-09T10:30:41Z;-866;;1890
2025-06-09T10:30:54Z;-879;;1877
2025-06-09T10:30:58Z;-882;;1874
2025-06-09T10:31:10Z;-874;;1882
2025-06-09T10:31:12Z;-903;;1853
2025-06-09T10:31:28Z;-941;;1815
2025-06-09T10:31:30Z;-866;;1890
2025-06-09T10:31:43Z;-882;;1874
2025-06-09T10:31:46Z;-884;;1872
2025-06-09T10:31:59Z;-889;;1867
2025-06-09T10:32:02Z;-896;;1860
2025-06-09T10:32:04Z;-896;;1860
2025-06-09T10:32:06Z;-893;;1863
2025-06-09T10:32:08Z;-891;;1865
2025-06-09T10:32:09Z;-902;;1854
2025-06-09T10:32:12Z;-889;;1867
2025-06-09T10:32:18Z;-957;;1799
2025-06-09T10:32:22Z;-889;;1867
2025-06-09T10:32:30Z;-903;;1853
2025-06-09T10:32:32Z;-886;;1870
2025-06-09T10:32:40Z;-911;;1845
2025-06-09T10:32:42Z;-894;;1862
2025-06-09T10:32:50Z;-959;;1797
2025-06-09T10:32:53Z;-900;;1856
2025-06-09T10:32:55Z;-902;;1854
2025-06-09T10:33:03Z;-905;;1851
2025-06-09T10:33:08Z;-883;;1873
2025-06-09T10:33:11Z;-900;;1856
2025-06-09T10:33:15Z;-888;;1868
2025-06-09T10:33:17Z;-909;;1847
2025-06-09T10:33:24Z;-879;;1877
2025-06-09T10:33:28Z;-903;;1853
2025-06-09T10:33:30Z;-898;;1858
2025-06-09T10:33:32Z;-909;;1847
2025-06-09T10:33:35Z;-884;;1872
2025-06-09T10:33:37Z;-903;;1853
2025-06-09T10:33:46Z;-887;;1869
2025-06-09T10:33:49Z;-890;;1866
2025-06-09T10:34:40Z;-2641;;115
2025-06-09T10:41:27Z;-2614;;142
2025-06-09T10:41:29Z;-2466;;290
2025-06-09T10:45:07Z;;2793;327
2025-06-09T10:45:08Z;-2532;;261
2025-06-09T10:51:22Z;-2388;;405
2025-06-09T10:51:23Z;;2675;287
2025-06-09T10:51:24Z;-2477;;198
2025-06-09T10:51:25Z;;2763;286
2025-06-09T11:00:07Z;;2767;304
2025-06-09T11:00:08Z;-2463;;300
2025-06-09T11:07:50Z;;2695;232
2025-06-09T11:07:52Z;;2718;255
2025-06-09T11:08:00Z;;2696;233
2025-06-09T11:08:02Z;;2715;252
2025-06-09T11:08:09Z;;2716;253
2025-06-09T11:08:11Z;;2694;231
2025-06-09T11:09:19Z;;2697;234
2025-06-09T11:09:21Z;;2704;241
2025-06-09T11:09:23Z;;2699;236
2025-06-09T11:10:33Z;;2701;238
2025-06-09T11:10:34Z;;2686;223
2025-06-09T11:11:12Z;;2702;239
2025-06-09T11:11:14Z;;2691;228
2025-06-09T11:11:22Z;;2701;238
2025-06-09T11:11:25Z;;2693;230
2025-06-09T11:11:32Z;;2704;241
2025-06-09T11:11:34Z;;2692;229
2025-06-09T11:11:42Z;;2705;242
2025-06-09T11:11:44Z;;2695;232
2025-06-09T11:11:51Z;;2700;237
2025-06-09T11:11:56Z;;2682;219
2025-06-09T11:11:58Z;;2704;241
2025-06-09T11:12:06Z;;2685;222
2025-06-09T11:12:08Z;;2703;240
2025-06-09T11:12:16Z;;2683;220
2025-06-09T11:12:18Z;;2702;239
2025-06-09T11:12:20Z;;2698;235
2025-06-09T11:12:21Z;;2702;239
2025-06-09T11:12:30Z;;2681;218
2025-06-09T11:12:32Z;;2701;238
2025-06-09T11:12:39Z;;2698;235
2025-06-09T11:12:46Z;;2707;244
2025-06-09T11:12:48Z;;2694;231
2025-06-09T11:12:56Z;;2704;241
2025-06-09T11:12:58Z;;2703;240
2025-06-09T11:13:06Z;;2702;239
2025-06-09T11:13:07Z;;2699;236
2025-06-09T11:13:28Z;;2702;239
2025-06-09T11:13:30Z;;2692;229
2025-06-09T11:13:38Z;;2701;238
2025-06-09T11:13:40Z;;2698;235
2025-06-09T11:13:43Z;;2700;237
2025-06-09T11:13:46Z;;2684;221
2025-06-09T11:14:19Z;-2396;;288
2025-06-09T11:14:20Z;-2410;;274
2025-06-09T11:14:28Z;-2385;;299
2025-06-09T11:14:29Z;-2401;;283
2025-06-09T11:14:34Z;;2702;301
2025-06-09T11:14:36Z;;2689;288
2025-06-09T11:14:37Z;-2386;;303
2025-06-09T11:14:39Z;-2415;;274
2025-06-09T11:14:44Z;;2707;292
2025-06-09T11:14:46Z;;2695;280
2025-06-09T11:14:47Z;-2399;;296
2025-06-09T11:14:49Z;-2417;;278
2025-06-09T11:14:54Z;;2702;285
2025-06-09T11:14:56Z;;2690;273
2025-06-09T11:14:57Z;-2402;;288
2025-06-09T11:14:59Z;-2414;;276
2025-06-09T11:15:04Z;;2700;286
2025-06-09T11:15:06Z;;2698;284
2025-06-09T11:15:07Z;-2399;;299
2025-06-09T11:15:09Z;-2393;2692;305
2025-06-09T11:15:13Z;-2427;;265
2025-06-09T11:15:19Z;-2400;;292
2025-06-09T11:15:20Z;-2413;;279
2025-06-09T11:15:24Z;;2704;291
2025-06-09T11:15:26Z;;2693;280
2025-06-09T11:15:34Z;;2702;289
2025-06-09T11:15:36Z;-2414;2691;278
2025-06-09T11:15:41Z;-2411;;280
2025-06-09T11:15:47Z;-2395;;296
2025-06-09T11:15:49Z;-2412;;279
2025-06-09T11:15:57Z;-2394;;297
2025-06-09T11:15:59Z;-2406;;285
2025-06-09T11:16:07Z;-2392;;299
2025-06-09T11:16:09Z;-2416;;275
2025-06-09T11:16:14Z;;2700;284
2025-06-09T11:16:16Z;;2699;283
2025-06-09T11:17:04Z;;2700;284
2025-06-09T11:17:06Z;;2699;283
2025-06-09T11:17:13Z;;2696;280
2025-06-09T11:17:16Z;;2697;281
2025-06-09T11:17:20Z;;2701;285
2025-06-09T11:17:28Z;;2685;269
2025-06-09T11:17:30Z;;2707;291
2025-06-09T11:17:38Z;;2692;276
2025-06-09T11:17:40Z;;2695;279
2025-06-09T11:17:48Z;;2692;276
2025-06-09T11:17:50Z;;2711;295
2025-06-09T11:17:58Z;;2691;275
2025-06-09T11:18:00Z;;2701;285
2025-06-09T11:18:08Z;;2692;276
2025-06-09T11:18:10Z;;2710;294
2025-06-09T11:18:18Z;;2686;270
2025-06-09T11:18:20Z;;2705;289
2025-06-09T11:18:27Z;;2699;283
2025-06-09T11:18:34Z;;2707;291
2025-06-09T11:18:36Z;;2694;278
2025-06-09T11:18:44Z;;2704;288
2025-06-09T11:18:46Z;;2693;277
2025-06-09T11:19:04Z;;2707;291
2025-06-09T11:19:06Z;;2699;283
2025-06-09T11:19:13Z;;2703;287
2025-06-09T11:19:16Z;;2698;282
2025-06-09T11:19:20Z;;2700;284
2025-06-09T11:19:27Z;;2697;281
2025-06-09T11:19:30Z;;2701;285
2025-06-09T11:19:37Z;;2699;283
2025-06-09T11:19:40Z;;2703;287
2025-06-09T11:19:47Z;;2698;282
2025-06-09T11:19:50Z;;2701;285
2025-06-09T11:19:57Z;;2699;283
2025-06-09T11:20:00Z;;2706;290
2025-06-09T11:20:08Z;;2689;273
2025-06-09T11:20:10Z;;2707;291
2025-06-09T11:20:19Z;;2687;271
2025-06-09T11:20:20Z;;2708;292
2025-06-09T11:20:28Z;;2690;274
2025-06-09T11:20:30Z;;2707;291
2025-06-09T11:20:38Z;;2694;278
2025-06-09T11:20:40Z;;2712;296
2025-06-09T11:20:48Z;;2693;277
2025-06-09T11:20:50Z;;2706;290
2025-06-09T11:20:58Z;;2695;279
2025-06-09T11:21:00Z;;2700;284
2025-06-09T11:21:10Z;;2693;277
2025-06-09T11:21:12Z;;2708;292
2025-06-09T11:21:20Z;;2693;277
2025-06-09T11:21:23Z;;2708;292
2025-06-09T11:21:30Z;;2693;277
2025-06-09T11:21:32Z;;2708;292
2025-06-09T11:21:40Z;;2695;279
2025-06-09T11:21:42Z;;2701;285
2025-06-09T11:21:50Z;;2690;274
2025-06-09T11:21:52Z;;2708;292
2025-06-09T11:21:59Z;;2697;281
2025-06-09T11:22:02Z;;2703;287
2025-06-09T11:22:09Z;;2694;278
2025-06-09T11:22:12Z;;2700;284
2025-06-09T11:22:18Z;;2702;286
2025-06-09T11:22:22Z;;2704;288
2025-06-09T11:22:29Z;;2698;282
2025-06-09T11:22:32Z;;2702;286
2025-06-09T11:22:39Z;;2696;280
2025-06-09T11:22:43Z;;2700;284
2025-06-09T11:22:48Z;;2697;281
2025-06-09T11:22:56Z;;2704;288
2025-06-09T11:22:58Z;;2694;278
2025-06-09T11:23:58Z;;2700;284
2025-06-09T11:24:00Z;;2697;281
2025-06-09T11:24:08Z;;2703;287
2025-06-09T11:24:10Z;;2699;283
2025-06-09T11:24:18Z;;2703;287
2025-06-09T11:24:20Z;;2690;274
2025-06-09T11:24:28Z;;2704;288
2025-06-09T11:24:30Z;;2693;277
2025-06-09T11:24:38Z;;2707;291
2025-06-09T11:24:40Z;;2695;279
2025-06-09T11:24:52Z;;2705;289
2025-06-09T11:24:54Z;;2695;279
2025-06-09T11:25:12Z;;2702;286
2025-06-09T11:25:13Z;;2696;280
2025-06-09T11:25:22Z;;2702;286
2025-06-09T11:25:23Z;;2698;282
2025-06-09T11:25:26Z;;2700;284
2025-06-09T11:25:27Z;-2393;;307
2025-06-09T11:25:28Z;;2697;304
2025-06-09T11:25:31Z;-2474;;223
2025-06-09T11:26:19Z;-2397;;300
2025-06-09T11:26:21Z;-2390;;307
2025-06-09T11:26:31Z;-2384;;313
2025-06-09T11:26:32Z;-2403;;294
2025-06-09T11:26:33Z;-2398;;299
2025-06-09T11:26:35Z;-2404;;293
2025-06-09T11:26:37Z;-2395;;302
2025-06-09T11:26:42Z;-2404;;293
2025-06-09T11:26:48Z;-2409;;288
2025-06-09T11:26:51Z;-2411;;286
2025-06-09T11:26:58Z;-2406;;291
2025-06-09T11:27:00Z;-2384;;313
2025-06-09T11:27:09Z;-2383;;314
2025-06-09T11:27:11Z;-2403;;294
2025-06-09T11:27:18Z;-2407;;290
2025-06-09T11:27:23Z;-2405;;292
2025-06-09T11:27:33Z;-2383;;314
2025-06-09T11:27:35Z;-2402;;295
2025-06-09T11:27:37Z;-2397;;300
2025-06-09T11:27:39Z;-2409;;288
2025-06-09T11:27:41Z;-2397;;300
2025-06-09T11:27:43Z;-2400;;297
2025-06-09T11:27:47Z;-2403;;294
2025-06-09T11:27:50Z;-2401;;296
2025-06-09T11:27:56Z;-2394;;303
2025-06-09T11:28:03Z;-2404;;293
2025-06-09T11:28:05Z;-2408;;289
2025-06-09T11:28:15Z;-2405;;292
2025-06-09T11:28:16Z;-2392;;305
2025-06-09T11:28:19Z;-2397;;300
2025-06-09T11:30:07Z;;2641;244
2025-06-09T11:30:08Z;-2542;;99
2025-06-09T11:36:03Z;-2492;;149
2025-06-09T11:36:04Z;-2428;;213
2025-06-09T11:38:07Z;-2374;;267
2025-06-09T11:38:13Z;-2448;;193
2025-06-09T11:38:46Z;-2417;;224
2025-06-09T11:38:47Z;-2416;;225
2025-06-09T11:38:55Z;-2379;;262
2025-06-09T11:38:59Z;-2401;;240
2025-06-09T11:39:05Z;-2386;;255
2025-06-09T11:39:07Z;-2410;;231
2025-06-09T11:39:15Z;-2398;;243
2025-06-09T11:39:17Z;-2406;;235
2025-06-09T11:39:23Z;-2397;;244
2025-06-09T11:39:25Z;-2406;;235
2025-06-09T11:39:26Z;-2380;;261
2025-06-09T11:39:30Z;-2543;;98
2025-06-09T11:42:38Z;-2301;;340
2025-06-09T11:45:07Z;;2631;330
2025-06-09T11:45:08Z;-2210;;421
2025-06-09T11:47:50Z;-2504;;127
2025-06-09T11:51:39Z;-2525;;106
2025-06-09T11:53:50Z;-498;;2133
2025-06-09T11:59:43Z;-2330;;301
2025-06-09T11:59:44Z;-2409;;222
2025-06-09T11:59:45Z;;2370;-39
2025-06-09T11:59:46Z;;2549;140
2025-06-09T12:00:07Z;;2560;151
2025-06-09T12:00:10Z;-2443;;117
2025-06-09T12:00:50Z;-897;;1663
2025-06-09T12:15:07Z;;2497;1600
2025-06-09T12:15:09Z;-2296;;201
2025-06-09T12:20:00Z;-2277;;220
2025-06-09T12:20:02Z;-2260;;237
2025-06-09T12:22:04Z;-2274;;223
2025-06-09T12:22:12Z;-599;;1898
2025-06-09T12:22:16Z;-619;;1878
2025-06-09T12:22:31Z;-596;;1901
2025-06-09T12:22:32Z;-610;;1887
2025-06-09T12:22:56Z;-599;;1898
2025-06-09T12:22:57Z;-611;;1886
2025-06-09T12:23:26Z;-599;;1898
2025-06-09T12:23:27Z;-601;;1896
2025-06-09T12:23:35Z;-547;;1950
2025-06-09T12:23:38Z;-584;;1913
2025-06-09T12:23:52Z;-601;;1896
2025-06-09T12:23:53Z;-598;;1899
2025-06-09T12:24:28Z;-2213;;284
2025-06-09T12:25:27Z;-2405;;92
2025-06-09T12:25:28Z;-2393;;104
2025-06-09T12:30:07Z;;2455;62
2025-06-09T12:30:09Z;-2359;;96
2025-06-09T12:30:22Z;-2244;;211
2025-06-09T12:30:24Z;-989;;1466
2025-06-09T12:30:35Z;-565;;1890
2025-06-09T12:30:49Z;-654;;1801
2025-06-09T12:30:51Z;-648;;1807
2025-06-09T12:31:04Z;-563;;1892
2025-06-09T12:31:07Z;-630;;1825
2025-06-09T12:31:10Z;;2399;1769
2025-06-09T12:31:12Z;;2400;1770
2025-06-09T12:31:21Z;-541;;1859
2025-06-09T12:31:23Z;-625;;1775
2025-06-09T12:31:32Z;;2391;1766
2025-06-09T12:31:34Z;;2418;1898
2025-06-09T12:31:38Z;-520;;1871
2025-06-09T12:31:39Z;-642;;1776
2025-06-09T12:31:48Z;;2397;1755
2025-06-09T12:31:50Z;;2416;1774
2025-06-09T12:31:54Z;-525;;1891
2025-06-09T12:31:55Z;-607;;1809
2025-06-09T12:31:56Z;;2395;1788
2025-06-09T12:31:58Z;;2417;1810
2025-06-09T12:32:06Z;;2393;1786
2025-06-09T12:32:08Z;;2414;1807
2025-06-09T12:32:11Z;-596;;1818
2025-06-09T12:32:13Z;-621;;1793
2025-06-09T12:32:20Z;;2388;1767
2025-06-09T12:32:22Z;;2408;1787
2025-06-09T12:32:27Z;-553;;1855
2025-06-09T12:32:29Z;-495;;1913
2025-06-09T12:32:30Z;;2388;1893
2025-06-09T12:32:32Z;-506;2407;1912
2025-06-09T12:32:34Z;-609;;1798
2025-06-09T12:32:35Z;-587;;1820
2025-06-09T12:32:38Z;-607;;1800
2025-06-09T12:32:40Z;;2390;1783
2025-06-09T12:32:42Z;;2410;1803
2025-06-09T12:32:51Z;;2388;1781
2025-06-09T12:32:52Z;;2406;1799
2025-06-09T12:32:53Z;-611;;1795
2025-06-09T12:32:57Z;-512;;1894
2025-06-09T12:33:00Z;;2389;1877
2025-06-09T12:33:02Z;;2413;1901
2025-06-09T12:33:10Z;-652;;1761
2025-06-09T12:33:12Z;-554;;1859
2025-06-09T12:33:16Z;;2398;1844
2025-06-09T12:33:18Z;;2403;1849
2025-06-09T12:33:26Z;-641;;1762
2025-06-09T12:33:28Z;-658;;1745
2025-06-09T12:33:33Z;;2398;1740
2025-06-09T12:33:36Z;;2400;1742
2025-06-09T12:33:40Z;;2404;1746
2025-06-09T12:33:41Z;-512;;1892
2025-06-09T12:33:44Z;;2406;1894
2025-06-09T12:33:45Z;-577;;1829
2025-06-09T12:33:51Z;;2399;1822
2025-06-09T12:33:54Z;;2404;1827
2025-06-09T12:33:57Z;-576;;1828
2025-06-09T12:34:00Z;-646;;1758
2025-06-09T12:34:01Z;;2399;1753
2025-06-09T12:34:06Z;;2402;1756
2025-06-09T12:34:11Z;;2397;1751
2025-06-09T12:34:14Z;;2400;1754
2025-06-09T12:34:16Z;-628;2399;1771
2025-06-09T12:34:17Z;-644;;1755
2025-06-09T12:34:18Z;;2401;1757
2025-06-09T12:34:20Z;;2398;1754
2025-06-09T12:34:28Z;;2406;1762
2025-06-09T12:34:30Z;-552;2394;1750
2025-06-09T12:34:34Z;-546;;1848
2025-06-09T12:34:37Z;;2396;1850
2025-06-09T12:34:39Z;;2398;1852
2025-06-09T12:34:47Z;;2396;1850
2025-06-09T12:34:48Z;-631;;1765
2025-06-09T12:34:49Z;-573;;1823
2025-06-09T12:34:51Z;;2399;1826
2025-06-09T12:34:53Z;;2405;1832
2025-06-09T12:34:54Z;;2393;1820
2025-06-09T12:34:56Z;;2405;1832
2025-06-09T12:35:02Z;;2393;1820
2025-06-09T12:35:04Z;;2400;1827
2025-06-09T12:35:05Z;-651;;1749
2025-06-09T12:35:06Z;-553;2398;1747
2025-06-09T12:35:08Z;;2404;1851
2025-06-09T12:35:10Z;;2399;1846
2025-06-09T12:35:14Z;;2402;1849
2025-06-09T12:35:16Z;;2390;1837
2025-06-09T12:35:19Z;-533;;1857
2025-06-09T12:35:21Z;-637;;1753
2025-06-09T12:35:36Z;-636;;1754
2025-06-09T12:35:38Z;-623;;1767
2025-06-09T12:35:51Z;-516;;1874
2025-06-09T12:35:54Z;-585;;1805
2025-06-09T12:36:08Z;-530;;1860
2025-06-09T12:36:10Z;-637;;1753
2025-06-09T12:36:24Z;-552;;1838
2025-06-09T12:36:26Z;-632;;1758
2025-06-09T12:36:41Z;-591;;1799
2025-06-09T12:36:43Z;-615;;1775
2025-06-09T12:36:57Z;-512;;1878
2025-06-09T12:37:00Z;-541;;1849
2025-06-09T12:37:14Z;-641;;1749
2025-06-09T12:37:16Z;-513;;1877
2025-06-09T12:37:18Z;;2401;1888
2025-06-09T12:37:20Z;;2392;1879
2025-06-09T12:37:28Z;;2402;1889
2025-06-09T12:37:30Z;;2393;1880
2025-06-09T12:37:31Z;-648;;1745
2025-06-09T12:37:32Z;-634;;1759
2025-06-09T12:37:39Z;;2407;1773
2025-06-09T12:37:41Z;;2398;1764
2025-06-09T12:37:43Z;;2400;1766
2025-06-09T12:37:44Z;;2384;1750
2025-06-09T12:37:45Z;-571;;1813
2025-06-09T12:37:47Z;;2402;1831
2025-06-09T12:37:48Z;-666;;1736
2025-06-09T12:37:52Z;;2382;1716
2025-06-09T12:37:55Z;;2400;1734
2025-06-09T12:38:00Z;;2398;1732
2025-06-09T12:38:03Z;-550;;1848
2025-06-09T12:38:05Z;;2400;1850
2025-06-09T12:38:06Z;-539;;1861
2025-06-09T12:38:07Z;;2398;1859
2025-06-09T12:38:09Z;;2405;1866
2025-06-09T12:38:11Z;;2398;1859
2025-06-09T12:38:16Z;;2401;1862
2025-06-09T12:38:18Z;-575;;1826
2025-06-09T12:38:21Z;-652;;1749
2025-06-09T12:38:22Z;;2385;1733
2025-06-09T12:38:24Z;;2401;1749
2025-06-09T12:38:30Z;;2396;1744
2025-06-09T12:38:34Z;-537;;1859
2025-06-09T12:38:36Z;-633;;1763
2025-06-09T12:38:38Z;;2407;1774
2025-06-09T12:38:40Z;;2397;1764
2025-06-09T12:38:48Z;;2402;1769
2025-06-09T12:38:50Z;;2393;1760
2025-06-09T12:38:52Z;-620;;1773
2025-06-09T12:38:54Z;-557;;1836
2025-06-09T12:39:08Z;-635;;1758
2025-06-09T12:39:09Z;;2400;1765
2025-06-09T12:39:10Z;-531;;1869
2025-06-09T12:39:11Z;;2391;1860
2025-06-09T12:39:24Z;-518;;1873
2025-06-09T12:39:26Z;-567;;1824
2025-06-09T12:39:40Z;-539;;1852
2025-06-09T12:39:41Z;-630;;1761
2025-06-09T12:39:55Z;-537;;1854
2025-06-09T12:39:58Z;-581;;1810
2025-06-09T12:40:31Z;-605;;1786
2025-06-09T12:40:32Z;-615;;1776
2025-06-09T12:40:44Z;-530;;1861
2025-06-09T12:40:46Z;-623;;1768
2025-06-09T12:41:18Z;-607;;1784
2025-06-09T12:41:20Z;-491;;1900
2025-06-09T12:41:36Z;-614;;1777
2025-06-09T12:41:37Z;-540;;1851
2025-06-09T12:41:51Z;-515;;1876
2025-06-09T12:41:52Z;-600;;1791
2025-06-09T12:42:07Z;-613;;1778
2025-06-09T12:42:09Z;-613;;1778
2025-06-09T12:42:22Z;-526;;1865
2025-06-09T12:42:25Z;-517;;1874
2025-06-09T12:42:38Z;-501;;1890
2025-06-09T12:42:40Z;-609;;1782
2025-06-09T12:45:07Z;;2329;1720
2025-06-09T12:45:09Z;-470;;1859
2025-06-09T12:48:58Z;-2106;;223
2025-06-09T12:49:00Z;-2089;;240
2025-06-09T12:49:04Z;-2131;;198
2025-06-09T12:49:20Z;-2098;;231
2025-06-09T12:49:22Z;-2102;;227
2025-06-09T12:49:30Z;-2099;;230
2025-06-09T12:49:31Z;-2107;;222
2025-06-09T12:49:35Z;-2099;;230
2025-06-09T12:49:37Z;-2109;;220
2025-06-09T12:49:55Z;-2091;;238
2025-06-09T12:49:56Z;-2111;;218
2025-06-09T12:50:02Z;-2033;;296
2025-06-09T12:50:06Z;-2073;;256
2025-06-09T12:50:14Z;-2091;;238
2025-06-09T12:50:16Z;-2166;;163
2025-06-09T12:50:18Z;-2084;;245
2025-06-09T12:50:20Z;-2101;;228
2025-06-09T12:50:23Z;-2112;;217
2025-06-09T12:50:25Z;-2102;;227
2025-06-09T12:50:26Z;-2092;;237
2025-06-09T12:50:28Z;-2090;;239
2025-06-09T12:50:35Z;-2096;;233
2025-06-09T12:50:39Z;-2115;;214
2025-06-09T12:50:42Z;-2091;;238
2025-06-09T12:50:43Z;-2090;;239
2025-06-09T12:51:03Z;-2093;;236
2025-06-09T12:51:05Z;-2106;;223
2025-06-09T12:51:06Z;-2097;;232
2025-06-09T12:51:07Z;-2188;;141
2025-06-09T12:51:08Z;-2082;;247
2025-06-09T12:51:09Z;-2108;;221
2025-06-09T12:51:14Z;-2096;;233
2025-06-09T12:51:16Z;-2105;;224
2025-06-09T12:51:19Z;-2094;;235
2025-06-09T12:51:20Z;-2106;;223
2025-06-09T12:51:32Z;-2086;;243
2025-06-09T12:51:33Z;-2102;;227
2025-06-09T12:51:36Z;-2081;;248
2025-06-09T12:51:37Z;-2152;;177
2025-06-09T12:51:41Z;-2118;;211
2025-06-09T12:51:46Z;-2105;;224
2025-06-09T12:51:51Z;-2112;;217
2025-06-09T12:51:53Z;-2192;;137
2025-06-09T12:51:56Z;-2082;;247
2025-06-09T12:51:58Z;-2086;;243
2025-06-09T12:52:10Z;-2201;;128
2025-06-09T12:52:15Z;-2115;;214
2025-06-09T12:52:22Z;-2098;;231
2025-06-09T12:52:25Z;-2075;;254
2025-06-09T12:52:28Z;-2115;;214
2025-06-09T12:52:35Z;-2080;;249
2025-06-09T12:52:37Z;-2093;;236
2025-06-09T12:52:39Z;-2104;;225
2025-06-09T12:52:45Z;-2053;;276
2025-06-09T12:52:59Z;-2169;;160
2025-06-09T12:53:01Z;-2054;;275
2025-06-09T12:53:15Z;-2188;;141
2025-06-09T12:53:18Z;-2071;;258
2025-06-09T12:53:24Z;-2100;;229
2025-06-09T12:53:25Z;-2091;;238
2025-06-09T12:53:32Z;-2108;;221
2025-06-09T12:53:40Z;-2088;;241
2025-06-09T12:53:43Z;-2103;;226
2025-06-09T12:53:44Z;-2099;;230
2025-06-09T12:53:47Z;-2198;;131
2025-06-09T12:53:50Z;-2078;;251
2025-06-09T12:53:52Z;-2104;;225
2025-06-09T12:53:57Z;-2106;;223
2025-06-09T12:54:04Z;-2187;;142
2025-06-09T12:54:05Z;-2074;;255
2025-06-09T12:54:15Z;-2100;;229
2025-06-09T12:54:17Z;-2065;;264
2025-06-09T12:54:19Z;-2058;;271
2025-06-09T12:54:22Z;-2105;;224
2025-06-09T12:54:36Z;-2177;;152
2025-06-09T12:54:38Z;-2113;;216
2025-06-09T12:54:53Z;-2175;;154
2025-06-09T12:54:55Z;-2057;;272
2025-06-09T12:55:09Z;-2177;;152
2025-06-09T12:55:11Z;-2044;;285
2025-06-09T12:55:25Z;-2169;;160
2025-06-09T12:55:28Z;-2060;;269
2025-06-09T12:55:33Z;-2091;;238
2025-06-09T12:55:35Z;-2078;;251
2025-06-09T12:55:36Z;-2092;;237
2025-06-09T12:55:38Z;-2094;;235
2025-06-09T12:55:41Z;-2156;;173
2025-06-09T12:55:43Z;-2115;;214
2025-06-09T12:55:48Z;-2094;;235
2025-06-09T12:55:50Z;-2088;;241
2025-06-09T12:55:57Z;-2102;;227
2025-06-09T12:56:00Z;-2044;;285
2025-06-09T12:56:14Z;-2175;;154
2025-06-09T12:56:16Z;-2086;;243
2025-06-09T12:56:29Z;-2062;;267
2025-06-09T12:56:33Z;-2083;;246
2025-06-09T12:56:45Z;-2072;;257
2025-06-09T12:56:48Z;-2134;;195
2025-06-09T12:57:02Z;-2057;;272
2025-06-09T12:57:05Z;-2050;;279
2025-06-09T12:57:19Z;-2173;;156
2025-06-09T12:57:21Z;-2044;;285
2025-06-09T12:57:25Z;-2102;;227
2025-06-09T12:57:27Z;-2082;;247
2025-06-09T12:57:30Z;-2106;;223
2025-06-09T12:57:34Z;-2098;;231
2025-06-09T12:57:35Z;-2194;;135
2025-06-09T12:57:47Z;-2078;;251
2025-06-09T12:57:50Z;-2087;;242
2025-06-09T12:57:53Z;-2182;;147
2025-06-09T12:58:02Z;-2107;;222
2025-06-09T12:58:10Z;-2074;;255
2025-06-09T12:58:24Z;-2154;;175
2025-06-09T12:58:26Z;-2108;;221
2025-06-09T12:58:40Z;-2167;;162
2025-06-09T12:58:45Z;-2097;;232
2025-06-09T12:58:55Z;-2072;;257
2025-06-09T12:58:58Z;-2177;;152
2025-06-09T12:59:13Z;-2170;;159
2025-06-09T12:59:15Z;-2064;;265
2025-06-09T12:59:29Z;-2169;;160
2025-06-09T12:59:31Z;-2086;;243
2025-06-09T12:59:45Z;-2163;;166
2025-06-09T12:59:48Z;-2033;;296
2025-06-09T13:00:02Z;-2163;;166
2025-06-09T13:00:04Z;-2071;;258
2025-06-09T13:00:07Z;;2262;191
2025-06-09T13:00:09Z;-2071;;191
2025-06-09T13:00:18Z;-2160;;102
2025-06-09T13:00:19Z;-2166;;96
2025-06-09T13:00:33Z;-2063;;199
2025-06-09T13:00:35Z;-2159;;103
2025-06-09T13:00:50Z;-2163;;99
2025-06-09T13:00:52Z;-2146;;116
2025-06-09T13:01:06Z;-2083;;179
2025-06-09T13:01:09Z;-2074;;188
2025-06-09T13:01:23Z;-2153;;109
2025-06-09T13:01:25Z;-2078;;184
2025-06-09T13:01:39Z;-2163;;99
2025-06-09T13:01:41Z;-2089;;173
2025-06-09T13:01:54Z;-2051;;211
2025-06-09T13:01:58Z;-2024;;238
2025-06-09T13:02:12Z;-2134;;128
2025-06-09T13:02:13Z;-2135;;127
2025-06-09T13:02:27Z;-2050;;212
2025-06-09T13:02:29Z;-2151;;111
2025-06-09T13:02:43Z;-2032;;230
2025-06-09T13:02:46Z;-2096;;166
2025-06-09T13:03:00Z;-2139;;123
2025-06-09T13:03:03Z;-2039;;223
2025-06-09T13:03:17Z;-2146;;116
2025-06-09T13:03:19Z;-2053;;209
2025-06-09T13:03:33Z;-2137;;125
2025-06-09T13:03:35Z;-2074;;188
2025-06-09T13:04:05Z;-2117;;145
2025-06-09T13:04:08Z;-2027;;235
2025-06-09T13:04:22Z;-2148;;114
2025-06-09T13:04:24Z;-2036;;226
2025-06-09T13:04:38Z;-2146;;116
2025-06-09T13:04:41Z;-2033;;229
2025-06-09T13:04:55Z;-2147;;115
2025-06-09T13:04:57Z;-2004;;258
2025-06-09T13:05:11Z;-2136;;126
2025-06-09T13:05:13Z;-2047;;215
2025-06-09T13:05:27Z;-2133;;129
2025-06-09T13:05:28Z;-2088;;174
2025-06-09T13:05:44Z;-2124;;138
2025-06-09T13:05:46Z;-2009;;253
2025-06-09T13:06:00Z;-2133;;129
2025-06-09T13:06:02Z;-2019;;243
2025-06-09T13:06:16Z;-2134;;128
2025-06-09T13:06:17Z;-2133;;129
2025-06-09T13:06:31Z;-2052;;210
2025-06-09T13:06:33Z;-2140;;122
2025-06-09T13:06:49Z;-2140;;122
2025-06-09T13:06:51Z;-1992;;270
2025-06-09T13:07:05Z;-2132;;130
2025-06-09T13:07:07Z;-2047;;215
2025-06-09T13:07:21Z;-2133;;129
2025-06-09T13:07:23Z;-2052;;210
2025-06-09T13:07:36Z;-2011;;251
2025-06-09T13:07:38Z;-2122;;140
2025-06-09T13:07:54Z;-2127;;135
2025-06-09T13:07:56Z;-1994;;268
2025-06-09T13:08:10Z;-2121;;141
2025-06-09T13:08:11Z;-2125;;137
2025-06-09T13:08:41Z;-2040;;222
2025-06-09T13:08:43Z;-2125;;137
2025-06-09T13:09:15Z;-2101;;161
2025-06-09T13:09:17Z;-2015;;247
2025-06-09T13:09:31Z;-2112;;150
2025-06-09T13:09:32Z;-2099;;163
2025-06-09T13:10:04Z;-2116;;146
2025-06-09T13:10:06Z;-2008;;254
2025-06-09T13:11:09Z;-2101;;161
2025-06-09T13:11:11Z;-2002;;260
2025-06-09T13:12:46Z;-2094;;168
2025-06-09T13:12:48Z;-2033;;229
2025-06-09T13:13:20Z;-2108;;154
2025-06-09T13:13:21Z;-2029;;233
2025-06-09T13:15:07Z;;2136;107
2025-06-09T13:15:09Z;-1962;;174
2025-06-09T13:19:11Z;-204;;1932
2025-06-09T13:19:12Z;-1802;;334
2025-06-09T13:22:04Z;-1800;;336
2025-06-09T13:22:05Z;-1821;;315
2025-06-09T13:22:22Z;-1802;;334
2025-06-09T13:22:24Z;-1819;;317
2025-06-09T13:22:28Z;-1794;;342
2025-06-09T13:22:32Z;-1899;;237
2025-06-09T13:22:42Z;-1798;;338
2025-06-09T13:22:44Z;-1816;;320
2025-06-09T13:22:52Z;-1787;2099;312
2025-06-09T13:22:53Z;-1802;;297
2025-06-09T13:22:56Z;;2101;299
2025-06-09T13:23:02Z;-1796;2099;305
2025-06-09T13:23:04Z;;2101;305
2025-06-09T13:23:05Z;-1806;;295
2025-06-09T13:23:07Z;-1780;;321
2025-06-09T13:23:11Z;-1891;;210
2025-06-09T13:23:12Z;-1768;;333
2025-06-09T13:23:13Z;-1806;;295
2025-06-09T13:23:14Z;;2096;290
2025-06-09T13:23:16Z;;2114;308
2025-06-09T13:23:20Z;-1784;;330
2025-06-09T13:23:21Z;-1785;;329
2025-06-09T13:23:22Z;;2095;310
2025-06-09T13:23:23Z;-1775;;320
2025-06-09T13:23:26Z;;2112;337
2025-06-09T13:23:28Z;-1802;;310
2025-06-09T13:23:30Z;-1792;;320
2025-06-09T13:23:32Z;;2095;303
2025-06-09T13:23:34Z;-1823;2114;272
2025-06-09T13:23:40Z;-1810;;304
2025-06-09T13:23:42Z;-1817;;297
2025-06-09T13:23:48Z;-1783;;331
2025-06-09T13:23:50Z;-1802;;312
2025-06-09T13:23:56Z;-1762;2087;352
2025-06-09T13:23:58Z;;2105;343
2025-06-09T13:24:00Z;-1796;;309
2025-06-09T13:24:02Z;-1792;;313
2025-06-09T13:24:05Z;;2082;290
2025-06-09T13:24:06Z;;2096;304
2025-06-09T13:24:08Z;-1804;;292
2025-06-09T13:24:12Z;-1772;;324
2025-06-09T13:24:14Z;;2085;313
2025-06-09T13:24:16Z;;2101;329
2025-06-09T13:24:20Z;-1796;;305
2025-06-09T13:24:22Z;-1780;;321
2025-06-09T13:24:23Z;;2100;320
2025-06-09T13:24:26Z;-1888;;212
2025-06-09T13:24:28Z;-1778;;322
2025-06-09T13:24:30Z;;2105;327
2025-06-09T13:24:32Z;;2096;318
2025-06-09T13:24:41Z;-1797;;299
2025-06-09T13:24:43Z;-1884;;212
2025-06-09T13:24:55Z;-1781;;315
2025-06-09T13:25:00Z;;2100;319
2025-06-09T13:25:01Z;-1767;;333
2025-06-09T13:25:03Z;;2098;331
2025-06-09T13:25:05Z;-1769;;329
2025-06-09T13:25:07Z;-1795;;303
2025-06-09T13:25:15Z;-1865;;233
2025-06-09T13:25:20Z;;2100;235
2025-06-09T13:25:22Z;;2099;234
2025-06-09T13:25:30Z;;2100;235
2025-06-09T13:25:32Z;;2090;225
2025-06-09T13:25:36Z;-1861;;229
2025-06-09T13:25:38Z;-1789;;301
2025-06-09T13:25:40Z;-1795;;295
2025-06-09T13:25:46Z;-1812;;278
2025-06-09T13:26:20Z;;2100;288
2025-06-09T13:26:22Z;;2095;283
2025-06-09T13:26:30Z;;2103;291
2025-06-09T13:26:32Z;;2096;284
2025-06-09T13:26:40Z;;2100;288
2025-06-09T13:26:42Z;;2097;285
2025-06-09T13:26:43Z;-1807;;290
2025-06-09T13:26:45Z;-1813;;284
2025-06-09T13:26:50Z;;2118;305
2025-06-09T13:26:52Z;;2095;282
2025-06-09T13:26:53Z;-1868;;227
2025-06-09T13:26:55Z;-1796;;299
2025-06-09T13:27:03Z;-1878;;217
2025-06-09T13:27:05Z;-1749;;346
2025-06-09T13:27:11Z;-1828;;267
2025-06-09T13:27:24Z;-1760;;335
2025-06-09T13:28:04Z;-1799;;296
2025-06-09T13:28:06Z;-1809;;286
2025-06-09T13:28:14Z;-1791;;304
2025-06-09T13:28:16Z;-1805;;290
2025-06-09T13:28:23Z;-1805;;290
2025-06-09T13:28:25Z;-1793;;302
2025-06-09T13:28:27Z;-1661;;434
2025-06-09T13:30:07Z;;2075;414
2025-06-09T13:30:09Z;-1689;;386
2025-06-09T13:31:22Z;-1701;;374
2025-06-09T13:32:12Z;-1789;;286
2025-06-09T13:32:14Z;-1812;;263
2025-06-09T13:32:35Z;-1822;;253
2025-06-09T13:32:37Z;-1801;;274
2025-06-09T13:33:02Z;-1797;;278
2025-06-09T13:33:03Z;-1804;;271
2025-06-09T13:33:04Z;-1790;;285
2025-06-09T13:33:08Z;-1850;;225
2025-06-09T13:33:14Z;-1849;;226
2025-06-09T13:33:20Z;-1780;;295
2025-06-09T13:33:28Z;-1787;;288
2025-06-09T13:33:34Z;-1845;;230
2025-06-09T13:33:41Z;-1779;;296
2025-06-09T13:34:03Z;-1827;;248
2025-06-09T13:34:06Z;-1759;;316
2025-06-09T13:34:07Z;-1825;;250
2025-06-09T13:34:09Z;-1810;;265
2025-06-09T13:34:14Z;-1839;;236
2025-06-09T13:34:21Z;-1782;;293
2025-06-09T13:34:27Z;-1827;;248
2025-06-09T13:34:33Z;-1849;;226
2025-06-09T13:34:39Z;-1770;;305
2025-06-09T13:34:47Z;-1765;;310
2025-06-09T13:34:53Z;-1852;;223
2025-06-09T13:35:01Z;-1767;;308
2025-06-09T13:35:06Z;-1831;;244
2025-06-09T13:35:14Z;-1783;;292
2025-06-09T13:35:19Z;-1807;;268
2025-06-09T13:35:26Z;-1833;;242
2025-06-09T13:35:33Z;-1851;;224
2025-06-09T13:35:40Z;-1791;;284
2025-06-09T13:35:46Z;-1837;;238
2025-06-09T13:35:54Z;-1772;;303
2025-06-09T13:35:59Z;-1850;;225
2025-06-09T13:36:06Z;-1766;;309
2025-06-09T13:36:12Z;-1846;;229
2025-06-09T13:36:20Z;-1766;;309
2025-06-09T13:36:26Z;-1827;;248
2025-06-09T13:36:32Z;-1848;;227
2025-06-09T13:36:38Z;-1755;;320
2025-06-09T13:36:45Z;-1837;;238
2025-06-09T13:36:51Z;-1753;;322
2025-06-09T13:36:59Z;-1786;;289
2025-06-09T13:37:05Z;-1836;;239
2025-06-09T13:37:11Z;-1835;;240
2025-06-09T13:37:17Z;-1747;;328
2025-06-09T13:37:25Z;-1835;;240
2025-06-09T13:37:31Z;-1771;;304
2025-06-09T13:37:45Z;-1813;;262
2025-06-09T13:37:47Z;-1801;;274
2025-06-09T13:37:56Z;-1798;;277
2025-06-09T13:37:58Z;-1810;;265
2025-06-09T13:38:07Z;-1798;;277
2025-06-09T13:38:08Z;-1812;;263
2025-06-09T13:38:16Z;-1797;;278
2025-06-09T13:38:18Z;-1813;;262
2025-06-09T13:38:22Z;-1698;;377
2025-06-09T13:38:31Z;-1739;;336
2025-06-09T13:38:33Z;-1756;;319
2025-06-09T13:39:15Z;-1799;;276
2025-06-09T13:39:17Z;-1765;;310
2025-06-09T13:39:25Z;-1766;;309
2025-06-09T13:39:27Z;-1803;;272
2025-06-09T13:39:36Z;-1803;;272
2025-06-09T13:39:38Z;-1747;;328
2025-06-09T13:39:58Z;-1807;;268
2025-06-09T13:39:59Z;-1696;;379
2025-06-09T13:40:20Z;-1806;;269
2025-06-09T13:40:21Z;-1724;;351
2025-06-09T13:40:28Z;-1747;;328
2025-06-09T13:40:30Z;-1812;;263
2025-06-09T13:40:38Z;-1743;;332
2025-06-09T13:40:42Z;-1754;;321
2025-06-09T13:40:50Z;-1812;;263
2025-06-09T13:40:52Z;-1742;;333
2025-06-09T13:40:59Z;-1746;;329
2025-06-09T13:41:03Z;-1740;;335
2025-06-09T13:41:11Z;-1810;;265
2025-06-09T13:41:13Z;-1782;;293
2025-06-09T13:41:21Z;-1801;;274
2025-06-09T13:41:23Z;-1808;;267
2025-06-09T13:41:44Z;-1686;;389
2025-06-09T13:41:50Z;-1790;;285
2025-06-09T13:41:52Z;-1804;;271
2025-06-09T13:41:57Z;-1758;;317
2025-06-09T13:45:07Z;;1994;236
2025-06-09T13:45:09Z;-1755;;239
2025-06-09T13:45:43Z;-1872;;122
2025-06-09T13:50:29Z;-1811;;183
2025-06-09T13:50:31Z;-1799;;195
2025-06-09T13:50:55Z;-1789;;205
2025-06-09T13:50:58Z;-1810;;184
2025-06-09T13:51:02Z;-1734;;260
2025-06-09T13:51:04Z;-1879;;115
2025-06-09T13:51:07Z;-1794;;200
2025-06-09T13:51:08Z;-1819;;175
2025-06-09T13:51:09Z;-1796;;198
2025-06-09T13:51:10Z;-1818;;176
2025-06-09T13:51:20Z;-1788;;206
2025-06-09T13:51:24Z;-1801;;193
2025-06-09T13:51:33Z;-1788;;206
2025-06-09T13:51:37Z;-1822;;172
2025-06-09T13:52:27Z;-1875;;119
2025-06-09T13:52:29Z;-1796;;198
2025-06-09T13:52:31Z;-1817;;177
2025-06-09T13:52:35Z;-1777;;217
2025-06-09T13:52:37Z;-1827;;167
2025-06-09T13:52:58Z;-1709;;285
2025-06-09T13:53:24Z;-1729;;265
2025-06-09T13:53:25Z;-1828;;166
2025-06-09T13:53:33Z;-1626;;368
2025-06-09T13:53:38Z;-1850;;144
2025-06-09T13:53:53Z;-1805;;189
2025-06-09T13:53:55Z;-1784;;210
2025-06-09T13:54:19Z;-1811;;183
2025-06-09T13:54:21Z;-1803;;191
2025-06-09T13:54:25Z;-1810;;184
2025-06-09T13:54:27Z;-1793;;201
2025-06-09T13:54:33Z;-1797;;197
2025-06-09T13:54:35Z;-1788;;206
2025-06-09T13:54:37Z;-1797;;197
2025-06-09T13:54:58Z;-1834;;160
2025-06-09T13:55:02Z;-1714;;280
2025-06-09T13:55:04Z;-1836;;158
2025-06-09T13:55:12Z;-1786;;208
2025-06-09T13:56:58Z;-1809;;185
2025-06-09T13:57:00Z;-1791;;203
2025-06-09T13:57:02Z;-1808;;186
2025-06-09T13:57:08Z;-1790;;204
2025-06-09T13:57:10Z;-1808;;186
2025-06-09T13:57:13Z;-1783;;211
2025-06-09T14:00:07Z;;1831;48
2025-06-09T14:00:11Z;-1648;;183
2025-06-09T14:00:36Z;-1485;;346
2025-06-09T14:00:38Z;-1602;;229
2025-06-09T14:02:43Z;-1496;;335
2025-06-09T14:02:44Z;-1508;;323
2025-06-09T14:06:14Z;-1676;;155
2025-06-09T14:06:16Z;-1652;;179
2025-06-09T14:06:55Z;;1795;143
2025-06-09T14:06:59Z;;1806;154
2025-06-09T14:07:03Z;;1805;153
2025-06-09T14:07:06Z;;1804;152
2025-06-09T14:07:14Z;;1790;138
2025-06-09T14:07:16Z;;1805;153
2025-06-09T14:07:30Z;;1797;145
2025-06-09T14:07:32Z;;1804;152
2025-06-09T14:07:40Z;;1796;144
2025-06-09T14:07:42Z;;1803;151
2025-06-09T14:07:46Z;;1796;144
2025-06-09T14:07:48Z;;1802;150
2025-06-09T14:07:52Z;;1799;147
2025-06-09T14:07:56Z;;1800;148
2025-06-09T14:07:58Z;;1799;147
2025-06-09T14:08:02Z;;1800;148
2025-06-09T14:08:08Z;;1793;141
2025-06-09T14:08:10Z;;1801;149
2025-06-09T14:08:12Z;;1783;131
2025-06-09T14:08:14Z;;1784;132
2025-06-09T14:08:16Z;;1798;146
2025-06-09T14:15:07Z;;1736;84
2025-06-09T14:15:11Z;-1608;;128
2025-06-09T14:18:25Z;-514;;1222
2025-06-09T14:18:26Z;;1879;1365
2025-06-09T14:18:28Z;;1698;1184
2025-06-09T14:18:29Z;-1719;;-21
2025-06-09T14:22:41Z;-1501;;197
2025-06-09T14:22:43Z;-1507;;191
2025-06-09T14:28:01Z;-1498;;200
2025-06-09T14:28:03Z;-1509;;189
2025-06-09T14:28:09Z;-1496;;202
2025-06-09T14:28:10Z;-1500;;198
2025-06-09T14:28:19Z;-1489;;209
2025-06-09T14:28:22Z;-1507;;191
2025-06-09T14:28:23Z;-1499;;199
2025-06-09T14:28:24Z;-1500;;198
2025-06-09T14:28:29Z;-1496;;202
2025-06-09T14:28:31Z;-1504;;194
2025-06-09T14:28:32Z;-1507;;191
2025-06-09T14:28:34Z;-1490;;208
2025-06-09T14:28:35Z;;1235;-255
2025-06-09T14:28:36Z;-1535;1738;-300
2025-06-09T14:28:40Z;-1494;;244
2025-06-09T14:28:47Z;-1490;;248
2025-06-09T14:28:49Z;-1510;;228
2025-06-09T14:28:56Z;-1499;;239
2025-06-09T14:28:59Z;-1507;;231
2025-06-09T14:29:01Z;-1499;;239
2025-06-09T14:29:02Z;-1507;;231
2025-06-09T14:29:05Z;-1496;;242
2025-06-09T14:29:08Z;-1500;;238
2025-06-09T14:29:10Z;-1494;;244
2025-06-09T14:29:11Z;-1500;;238
2025-06-09T14:29:17Z;-1499;;239
2025-06-09T14:29:19Z;-1504;;234
2025-06-09T14:29:22Z;-1503;;235
2025-06-09T14:29:38Z;-1494;;244
2025-06-09T14:29:41Z;-1496;;242
2025-06-09T14:29:44Z;-1494;;244
2025-06-09T14:29:46Z;-1495;;243
2025-06-09T14:29:48Z;-1497;;241
2025-06-09T14:29:50Z;-1495;;243
2025-06-09T14:29:55Z;-1499;;239
2025-06-09T14:29:56Z;-1500;;238
2025-06-09T14:29:58Z;-1492;;246
2025-06-09T14:30:00Z;-1503;;235
2025-06-09T14:30:02Z;-1500;;238
2025-06-09T14:30:07Z;;1614;114
2025-06-09T14:30:09Z;-1496;;118
2025-06-09T14:30:12Z;-1502;;112
2025-06-09T14:30:16Z;-1498;;116
2025-06-09T14:30:17Z;-1507;;107
2025-06-09T14:30:23Z;-1498;;116
2025-06-09T14:30:24Z;-1500;;114
2025-06-09T14:30:28Z;-1499;;115
2025-06-09T14:30:29Z;-1502;;112
2025-06-09T14:30:45Z;-1492;;122
2025-06-09T14:30:53Z;-1499;;115
2025-06-09T14:30:57Z;-1498;;116
2025-06-09T14:30:58Z;-1511;;103
2025-06-09T14:30:59Z;-1494;;120
2025-06-09T14:31:02Z;-1503;;111
2025-06-09T14:31:10Z;-1499;;115
2025-06-09T14:31:11Z;-1503;;111
2025-06-09T14:31:18Z;-1499;;115
2025-06-09T14:31:21Z;-1500;;114
2025-06-09T14:31:30Z;-1493;;121
2025-06-09T14:31:31Z;-1499;;115
2025-06-09T14:31:38Z;-1504;;110
2025-06-09T14:32:04Z;-1493;;121
2025-06-09T14:32:06Z;-1504;;110
2025-06-09T14:32:14Z;-1496;;118
2025-06-09T14:32:17Z;-1493;;121
2025-06-09T14:33:08Z;-1500;;114
2025-06-09T14:33:09Z;-1495;;119
2025-06-09T14:34:39Z;-1501;;113
2025-06-09T14:34:41Z;-1497;;117
2025-06-09T14:38:00Z;-1445;;169
2025-06-09T14:38:01Z;-342;;1272
2025-06-09T14:38:42Z;-1305;;309
2025-06-09T14:38:43Z;-888;579;726
2025-06-09T14:38:47Z;;1716;828
2025-06-09T14:45:07Z;;1524;636
2025-06-09T14:45:09Z;-1296;;228
2025-06-09T14:45:35Z;;1494;198
2025-06-09T14:45:37Z;;1505;209
2025-06-09T14:45:42Z;;1499;203
2025-06-09T14:45:45Z;;1504;208
2025-06-09T14:45:52Z;;1497;201
2025-06-09T14:45:55Z;;1502;206
2025-06-09T14:46:02Z;;1498;202
2025-06-09T14:46:05Z;;1506;210
2025-06-09T14:46:13Z;;1499;203
2025-06-09T14:46:15Z;;1503;207
2025-06-09T14:46:22Z;;1499;203
2025-06-09T14:46:24Z;;1497;201
2025-06-09T14:46:31Z;;1498;202
2025-06-09T14:46:32Z;;1501;205
2025-06-09T14:46:35Z;;1498;202
2025-06-09T14:48:49Z;-482;992;1016
2025-06-09T14:48:50Z;-1329;;-337
2025-06-09T14:48:53Z;;1460;131
2025-06-09T14:48:54Z;;1460;131
2025-06-09T14:49:29Z;-1218;;242
2025-06-09T14:49:32Z;-1203;;257
2025-06-09T14:50:55Z;-1198;;262
2025-06-09T14:50:58Z;-1202;;258
2025-06-09T14:51:03Z;-1195;;265
2025-06-09T14:51:09Z;-1206;;254
2025-06-09T14:51:10Z;-1199;;261
2025-06-09T14:51:37Z;-1201;;259
2025-06-09T14:51:38Z;-1198;;262
2025-06-09T14:51:39Z;-1203;;257
2025-06-09T14:51:45Z;-1197;;263
2025-06-09T14:51:46Z;-1199;;261
2025-06-09T14:52:16Z;-1201;;259
2025-06-09T14:52:18Z;-1196;;264
2025-06-09T14:52:24Z;-1208;;252
2025-06-09T14:52:27Z;-1198;;262
2025-06-09T14:52:29Z;-1201;;259
2025-06-09T14:52:30Z;-1199;;261
2025-06-09T14:52:33Z;-1202;;258
2025-06-09T14:53:26Z;-1199;;261
2025-06-09T14:53:29Z;-1205;;255
2025-06-09T14:53:36Z;-1198;;262
2025-06-09T14:53:39Z;-1202;;258
2025-06-09T14:53:41Z;-765;;695
2025-06-09T14:53:42Z;;860;95
2025-06-09T14:53:43Z;;1428;663
2025-06-09T14:53:46Z;-1205;;223
2025-06-09T14:53:48Z;-1201;;227
2025-06-09T14:54:00Z;-1201;;227
2025-06-09T14:54:02Z;-1194;;234
2025-06-09T14:54:08Z;-1202;;226
2025-06-09T14:54:11Z;-1200;;228
2025-06-09T14:54:17Z;-1201;;227
2025-06-09T15:00:07Z;;1390;189
2025-06-09T15:00:09Z;-1166;;224
2025-06-09T15:03:16Z;-1148;;242
2025-06-09T15:06:53Z;-1207;;183
2025-06-09T15:06:56Z;-1205;;185
2025-06-09T15:07:03Z;-1206;;184
2025-06-09T15:07:11Z;-1196;;194
2025-06-09T15:07:12Z;-1209;;181
2025-06-09T15:07:23Z;-1199;;191
2025-06-09T15:07:24Z;-1193;;197
2025-06-09T15:07:26Z;-1198;;192
2025-06-09T15:07:33Z;-1213;;177
2025-06-09T15:07:39Z;-1195;;195
2025-06-09T15:07:41Z;-1199;;191
2025-06-09T15:07:50Z;-1203;;187
2025-06-09T15:07:51Z;-1203;;187
2025-06-09T15:07:59Z;-1194;;196
2025-06-09T15:08:03Z;-1203;;187
2025-06-09T15:08:05Z;-1196;;194
2025-06-09T15:08:11Z;-1211;;179
2025-06-09T15:08:19Z;-1203;;187
2025-06-09T15:08:22Z;-1198;;192
2025-06-09T15:08:29Z;-1195;;195
2025-06-09T15:08:31Z;-1205;;185
2025-06-09T15:08:33Z;-1209;;181
2025-06-09T15:08:34Z;-1194;;196
2025-06-09T15:08:38Z;-1203;;187
2025-06-09T15:08:40Z;-1192;;198
2025-06-09T15:08:43Z;-1201;;189
2025-06-09T15:08:45Z;-1196;;194
2025-06-09T15:08:47Z;-1200;;190
2025-06-09T15:08:48Z;-1189;;201
2025-06-09T15:08:51Z;-1201;;189
2025-06-09T15:08:52Z;-1198;;192
2025-06-09T15:08:54Z;-1207;;183
2025-06-09T15:08:58Z;-1193;;197
2025-06-09T15:09:00Z;-1201;;189
2025-06-09T15:09:01Z;-1196;;194
2025-06-09T15:09:03Z;-1162;;228
2025-06-09T15:09:04Z;;1189;27
2025-06-09T15:09:05Z;-1197;1296;-8
2025-06-09T15:09:07Z;;852;-345
2025-06-09T15:09:09Z;;1295;98
2025-06-09T15:09:11Z;;1174;-23
2025-06-09T15:09:13Z;;1284;87
2025-06-09T15:09:20Z;-1189;;95
2025-06-09T15:09:21Z;-1200;;84
2025-06-09T15:09:24Z;-1184;;100
2025-06-09T15:09:29Z;-1195;;89
2025-06-09T15:15:07Z;;1243;48
2025-06-09T15:15:09Z;-1124;;119
2025-06-09T15:17:30Z;;1197;73
2025-06-09T15:17:31Z;;1206;82
2025-06-09T15:17:33Z;;1189;65
2025-06-09T15:17:34Z;;1208;84
2025-06-09T15:17:37Z;;1196;72
2025-06-09T15:17:38Z;;1208;84
2025-06-09T15:17:46Z;;1196;72
2025-06-09T15:17:48Z;;1202;78
2025-06-09T15:17:49Z;;1198;74
2025-06-09T15:17:51Z;;1205;81
2025-06-09T15:17:54Z;;1192;68
2025-06-09T15:17:55Z;;1202;78
2025-06-09T15:18:03Z;;1199;75
2025-06-09T15:18:04Z;;1201;77
2025-06-09T15:18:10Z;;1193;69
2025-06-09T15:18:12Z;;1203;79
2025-06-09T15:18:15Z;;1199;75
2025-06-09T15:18:16Z;;1202;78
2025-06-09T15:18:21Z;;1199;75
2025-06-09T15:18:22Z;;1204;80
2025-06-09T15:18:25Z;;1198;74
2025-06-09T15:18:32Z;;1202;78
2025-06-09T15:18:34Z;;1198;74
2025-06-09T15:18:42Z;;1200;76
2025-06-09T15:18:43Z;;1200;76
2025-06-09T15:18:48Z;;1201;77
2025-06-09T15:18:49Z;;1202;78
2025-06-09T15:19:11Z;-1077;;125
2025-06-09T15:19:13Z;-810;;392
2025-06-09T15:19:14Z;-1248;;-46
2025-06-09T15:21:09Z;-1053;;149
2025-06-09T15:21:10Z;-897;;305
2025-06-09T15:24:02Z;-1010;868;-29
2025-06-09T15:24:04Z;-1034;;-166
2025-06-09T15:24:06Z;;1130;96
2025-06-09T15:28:24Z;-978;;152
2025-06-09T15:28:25Z;-507;;623
2025-06-09T15:28:47Z;559;;1689
2025-06-09T15:30:07Z;;1070;1629
2025-06-09T15:30:09Z;532;;1602
2025-06-09T15:30:37Z;-960;;110
2025-06-09T15:33:00Z;-907;;163
2025-06-09T15:33:02Z;-892;;178
2025-06-09T15:34:42Z;-898;;172
2025-06-09T15:34:43Z;-918;;152
2025-06-09T15:35:15Z;-889;;181
2025-06-09T15:39:40Z;;627;-262
2025-06-09T15:39:41Z;;978;89
2025-06-09T15:43:23Z;;896;7
2025-06-09T15:43:24Z;;935;46
2025-06-09T15:45:07Z;;920;31
2025-06-09T15:45:08Z;-799;;121
2025-06-09T15:45:38Z;;897;98
2025-06-09T15:45:39Z;;907;108
2025-06-09T15:45:54Z;;893;94
2025-06-09T15:45:55Z;;906;107
2025-06-09T15:46:06Z;;896;97
2025-06-09T15:46:08Z;;910;111
2025-06-09T15:46:14Z;;892;93
2025-06-09T15:46:16Z;;900;101
2025-06-09T15:46:17Z;;894;95
2025-06-09T15:46:19Z;;901;102
2025-06-09T15:46:22Z;;898;99
2025-06-09T15:46:24Z;;903;104
2025-06-09T15:46:30Z;;898;99
2025-06-09T15:46:32Z;;902;103
2025-06-09T15:46:37Z;;898;99
2025-06-09T15:46:38Z;;903;104
2025-06-09T15:46:42Z;;893;94
2025-06-09T15:46:44Z;;901;102
2025-06-09T15:46:45Z;;898;99
2025-06-09T15:46:47Z;;902;103
2025-06-09T15:46:48Z;;899;100
2025-06-09T15:46:50Z;;900;101
2025-06-09T15:46:52Z;;898;99
2025-06-09T15:46:59Z;;891;92
2025-06-09T15:47:02Z;;898;99
2025-06-09T15:47:07Z;;905;106
2025-06-09T15:47:08Z;;890;91
2025-06-09T15:47:41Z;;901;102
2025-06-09T15:47:42Z;;897;98
2025-06-09T15:47:44Z;;900;101
2025-06-09T15:47:46Z;;899;100
2025-06-09T15:47:48Z;;901;102
2025-06-09T15:47:50Z;;891;92
2025-06-09T15:49:46Z;;1083;284
2025-06-09T15:49:47Z;;857;58
2025-06-09T15:49:57Z;-576;;281
2025-06-09T15:49:59Z;-598;;259
2025-06-09T15:52:41Z;-671;;186
2025-06-09T15:53:43Z;-226;;631
2025-06-09T15:53:45Z;-301;;556
2025-06-09T15:53:47Z;-293;;564
2025-06-09T15:53:49Z;-311;;546
2025-06-09T15:54:30Z;-729;;128
2025-06-09T15:55:21Z;-217;;640
2025-06-09T15:55:23Z;-706;;151
2025-06-09T15:55:43Z;-704;;153
2025-06-09T15:56:19Z;567;;1424
2025-06-09T15:57:19Z;1266;;2123
2025-06-09T15:59:55Z;355;;1212
2025-06-09T16:00:07Z;;769;1124
2025-06-09T16:00:09Z;-24;;745
2025-06-09T16:01:04Z;43;;812
2025-06-09T16:01:24Z;15;;784
2025-06-09T16:01:39Z;4;;773
2025-06-09T16:01:43Z;4;;773
2025-06-09T16:01:45Z;69;;838
2025-06-09T16:02:28Z;11;;780
2025-06-09T16:03:20Z;-120;;649
2025-06-09T16:15:07Z;;638;518
2025-06-09T16:15:09Z;-419;;219
2025-06-09T16:16:03Z;;598;179
2025-06-09T16:16:05Z;;623;204
2025-06-09T16:17:16Z;;599;180
2025-06-09T16:17:18Z;;609;190
2025-06-09T16:17:28Z;;566;147
2025-06-09T16:17:30Z;;609;190
2025-06-09T16:17:53Z;;604;185
2025-06-09T16:17:55Z;;595;176
2025-06-09T16:18:12Z;-195;;400
2025-06-09T16:18:13Z;-347;;248
2025-06-09T16:19:00Z;;592;245
2025-06-09T16:19:02Z;;605;258
2025-06-09T16:19:06Z;;594;247
2025-06-09T16:19:08Z;;611;264
2025-06-09T16:19:32Z;;595;248
2025-06-09T16:19:34Z;;600;253
2025-06-09T16:19:41Z;-403;;197
2025-06-09T16:19:43Z;;598;195
2025-06-09T16:19:44Z;;608;205
2025-06-09T16:20:03Z;-391;;217
2025-06-09T16:20:17Z;-126;;482
2025-06-09T16:20:18Z;-386;;222
2025-06-09T16:20:19Z;-260;;348
2025-06-09T16:20:20Z;;613;353
2025-06-09T16:20:21Z;-379;;234
2025-06-09T16:20:22Z;;591;212
2025-06-09T16:20:37Z;-360;;231
2025-06-09T16:20:58Z;-198;;393
2025-06-09T16:30:07Z;;493;295
2025-06-09T16:30:09Z;-427;;66
2025-06-09T16:40:39Z;-353;;140
2025-06-09T16:40:40Z;-84;;409
2025-06-09T16:40:41Z;-341;;152
2025-06-09T16:40:43Z;-261;;232
2025-06-09T16:45:07Z;;390;129
2025-06-09T16:45:09Z;-316;;74
2025-06-09T16:46:17Z;-299;;91
2025-06-09T16:46:18Z;-308;;82
2025-06-09T16:46:33Z;-305;;85
2025-06-09T16:46:34Z;-297;;93
2025-06-09T16:46:39Z;-303;;87
2025-06-09T16:46:41Z;-296;;94
2025-06-09T16:46:50Z;-295;;95
2025-06-09T16:46:51Z;-296;;94
2025-06-09T16:47:02Z;-294;;96
2025-06-09T16:47:03Z;-301;;89
2025-06-09T16:47:22Z;-293;;97
2025-06-09T16:47:24Z;-301;;89
2025-06-09T16:47:26Z;-299;;91
2025-06-09T16:47:27Z;-304;;86
2025-06-09T16:47:28Z;-294;;96
2025-06-09T16:47:37Z;-297;;93
2025-06-09T16:47:39Z;-303;;87
2025-06-09T16:47:47Z;-298;;92
2025-06-09T16:47:49Z;-304;;86
2025-06-09T16:47:57Z;-297;;93
2025-06-09T16:47:59Z;-302;;88
2025-06-09T16:50:53Z;-270;;120
2025-06-09T16:50:54Z;;638;368
2025-06-09T16:50:56Z;;347;77
2025-06-09T16:50:57Z;-439;;-92
2025-06-09T16:53:35Z;;288;-151
2025-06-09T16:53:37Z;;331;-108
2025-06-09T16:54:18Z;;183;-256
2025-06-09T16:54:20Z;;312;-127
2025-06-09T16:56:10Z;;297;-142
2025-06-09T16:56:12Z;;308;-131
2025-06-09T16:56:18Z;;297;-142
2025-06-09T16:56:24Z;;303;-136
2025-06-09T16:56:26Z;;297;-142
2025-06-09T16:56:28Z;;304;-135
2025-06-09T16:56:30Z;;296;-143
2025-06-09T16:56:39Z;;302;-137
2025-06-09T16:56:40Z;;295;-144
2025-06-09T16:56:42Z;;301;-138
2025-06-09T16:56:48Z;;294;-145
2025-06-09T16:56:50Z;;300;-139
2025-06-09T16:56:58Z;;293;-146
2025-06-09T16:57:00Z;;300;-139
2025-06-09T16:57:03Z;;299;-140
2025-06-09T16:57:04Z;;306;-133
2025-06-09T16:57:07Z;;299;-140
2025-06-09T16:57:14Z;;305;-134
2025-06-09T16:57:16Z;;298;-141
2025-06-09T16:57:18Z;;305;-134
2025-06-09T16:57:24Z;;297;-142
2025-06-09T16:57:26Z;;304;-135
2025-06-09T16:57:29Z;;303;-136
2025-06-09T16:57:35Z;;296;-143
2025-06-09T16:57:37Z;;304;-135
2025-06-09T16:57:40Z;;303;-136
2025-06-09T16:57:42Z;;296;-143
2025-06-09T16:58:22Z;;300;-139
2025-06-09T16:58:24Z;;293;-146
2025-06-09T17:00:07Z;;271;-168
2025-06-09T17:00:09Z;-199;;72
2025-06-09T17:01:09Z;259;;530
2025-06-09T17:08:30Z;4;;275
2025-06-09T17:11:22Z;-146;;125
2025-06-09T17:11:23Z;-381;;-110
2025-06-09T17:14:24Z;56;;327
2025-06-09T17:14:44Z;243;;514
2025-06-09T17:15:04Z;201;;472
2025-06-09T17:15:07Z;;203;404
2025-06-09T17:15:09Z;201;;404
2025-06-09T17:15:47Z;237;;440
2025-06-09T17:16:07Z;183;;386
2025-06-09T17:17:00Z;1;;204
2025-06-09T17:20:13Z;0;;203
2025-06-09T17:20:15Z;1;;204
2025-06-09T17:20:23Z;0;;203
2025-06-09T17:20:25Z;2;;205
2025-06-09T17:20:28Z;0;;203
2025-06-09T17:20:29Z;8;;211
2025-06-09T17:20:30Z;1;;204
2025-06-09T17:20:35Z;7;;210
2025-06-09T17:20:37Z;1;;204
2025-06-09T17:20:44Z;1;;204
2025-06-09T17:20:46Z;-2;;201
2025-06-09T17:20:55Z;2;;205
2025-06-09T17:20:56Z;-4;;199
2025-06-09T17:21:04Z;3;;206
2025-06-09T17:21:05Z;0;;203
2025-06-09T17:21:07Z;-4;;199
2025-06-09T17:21:14Z;4;;207
2025-06-09T17:21:18Z;-4;;199
2025-06-09T17:21:24Z;5;;208
2025-06-09T17:21:25Z;4;;207
2025-06-09T17:21:28Z;431;;634
2025-06-09T17:21:29Z;3;;206
2025-06-09T17:21:30Z;9;;212
2025-06-09T17:21:36Z;5;;208
2025-06-09T17:21:38Z;5;;208
2025-06-09T17:21:39Z;5;;208
2025-06-09T17:21:50Z;3;;206
2025-06-09T17:21:51Z;2;;205
2025-06-09T17:21:58Z;6;;209
2025-06-09T17:21:59Z;6;;209
2025-06-09T17:22:08Z;5;;208
2025-06-09T17:22:09Z;7;;210
2025-06-09T17:22:10Z;5;;208
2025-06-09T17:22:13Z;0;;203
2025-06-09T17:22:18Z;7;;210
2025-06-09T17:22:20Z;0;;203
2025-06-09T17:22:23Z;0;;203
2025-06-09T17:22:28Z;8;;211
2025-06-09T17:22:30Z;0;;203
2025-06-09T17:22:33Z;0;;203
2025-06-09T17:22:36Z;7;;210
2025-06-09T17:22:38Z;8;;211
2025-06-09T17:22:40Z;0;;203
2025-06-09T17:22:41Z;1;;204
2025-06-09T17:22:42Z;0;;203
2025-06-09T17:22:44Z;0;;203
2025-06-09T17:22:46Z;3;;206
2025-06-09T17:22:53Z;2;;205
2025-06-09T17:22:56Z;3;;206
2025-06-09T17:23:51Z;0;;203
2025-06-09T17:23:52Z;3;;206
2025-06-09T17:24:00Z;0;;203
2025-06-09T17:24:02Z;5;;208
2025-06-09T17:24:11Z;0;;203
2025-06-09T17:24:12Z;6;;209
2025-06-09T17:24:16Z;0;;203
2025-06-09T17:24:18Z;2;;205
2025-06-09T17:24:19Z;0;;203
2025-06-09T17:24:20Z;5;;208
2025-06-09T17:24:26Z;0;;203
2025-06-09T17:24:28Z;6;;209
2025-06-09T17:24:37Z;0;;203
2025-06-09T17:24:38Z;6;;209
2025-06-09T17:24:46Z;0;;203
2025-06-09T17:25:06Z;1;;204
2025-06-09T17:30:07Z;;175;176
2025-06-09T17:30:09Z;20;;195
2025-06-09T17:31:42Z;;441;461
2025-06-09T17:31:44Z;;174;194
2025-06-09T17:39:22Z;48;;222
2025-06-09T17:45:07Z;;130;178
2025-06-09T17:45:11Z;-53;;77
2025-06-09T17:51:49Z;;327;274
2025-06-09T17:51:51Z;;112;59
2025-06-09T17:56:43Z;192;;304
2025-06-09T17:57:03Z;153;;265
2025-06-09T17:57:44Z;140;;252
2025-06-09T17:58:04Z;-44;;68
2025-06-09T18:00:07Z;;89;45
2025-06-09T18:00:09Z;-27;;62
2025-06-09T18:01:52Z;367;;456
2025-06-09T18:01:53Z;70;;159
2025-06-09T18:07:00Z;255;;344
2025-06-09T18:07:21Z;-8;;81
2025-06-09T18:07:36Z;0;;89
2025-06-09T18:08:03Z;259;;348
2025-06-09T18:08:21Z;197;;286
2025-06-09T18:08:37Z;0;;89
2025-06-09T18:09:37Z;-4;;85
2025-06-09T18:10:59Z;1;;90
2025-06-09T18:11:00Z;-4;;85
2025-06-09T18:11:09Z;-2;;87
2025-06-09T18:11:16Z;8;;97
2025-06-09T18:11:17Z;8;;97
2025-06-09T18:11:20Z;0;;89
2025-06-09T18:11:24Z;0;;89
2025-06-09T18:11:40Z;0;;89
2025-06-09T18:11:50Z;2;;91
2025-06-09T18:11:53Z;0;;89
2025-06-09T18:11:56Z;5;;94
2025-06-09T18:11:58Z;31;;120
2025-06-09T18:12:01Z;0;;89
2025-06-09T18:12:04Z;1;;90
2025-06-09T18:12:05Z;0;;89
2025-06-09T18:12:08Z;1;;90
2025-06-09T18:12:09Z;0;;89
2025-06-09T18:12:10Z;6;;95
2025-06-09T18:12:15Z;0;;89
2025-06-09T18:12:17Z;2;;91
2025-06-09T18:12:18Z;2;;91
2025-06-09T18:12:20Z;3;;92
2025-06-09T18:12:29Z;0;;89
2025-06-09T18:12:30Z;5;;94
2025-06-09T18:12:32Z;1;;90
2025-06-09T18:12:36Z;2;;91
2025-06-09T18:12:38Z;0;;89
2025-06-09T18:12:40Z;2;;91
2025-06-09T18:12:41Z;0;;89
2025-06-09T18:12:42Z;1;;90
2025-06-09T18:12:44Z;0;;89
2025-06-09T18:12:46Z;1;;90
2025-06-09T18:12:47Z;0;;89
2025-06-09T18:12:49Z;1;;90
2025-06-09T18:12:51Z;0;;89
2025-06-09T18:12:53Z;1;;90
2025-06-09T18:12:55Z;0;;89
2025-06-09T18:12:57Z;0;;89
2025-06-09T18:13:00Z;1;;90
2025-06-09T18:13:01Z;0;;89
2025-06-09T18:13:08Z;2;;91
2025-06-09T18:13:09Z;0;;89
2025-06-09T18:13:10Z;1;;90
2025-06-09T18:13:11Z;-2;;87
2025-06-09T18:13:12Z;1;;90
2025-06-09T18:14:13Z;0;;89
2025-06-09T18:14:14Z;5;;94
2025-06-09T18:15:07Z;;44;49
2025-06-09T18:15:09Z;5;;49
2025-06-09T18:22:27Z;505;;549
2025-06-09T18:22:28Z;37;;81
2025-06-09T18:30:07Z;;6;43
2025-06-09T18:30:10Z;42;;48
2025-06-09T18:32:14Z;;0;42
2025-06-09T18:32:16Z;;1;43
2025-06-09T18:32:30Z;;0;42
2025-06-09T18:32:32Z;;2;44
2025-06-09T18:32:42Z;;0;42
2025-06-09T18:32:44Z;;1;43
2025-06-09T18:32:54Z;;0;42
2025-06-09T18:32:55Z;;1;43
2025-06-09T18:32:57Z;;0;42
2025-06-09T18:33:00Z;;1;43
2025-06-09T18:33:11Z;;0;42
2025-06-09T18:33:13Z;;1;43
2025-06-09T18:33:15Z;;0;42
2025-06-09T18:43:22Z;577;;577
2025-06-09T18:45:07Z;;0;577
2025-06-09T18:45:09Z;192;;192
2025-06-09T18:49:07Z;322;;322
2025-06-09T18:49:10Z;188;;188
2025-06-09T18:52:14Z;753;;753
2025-06-09T18:53:08Z;589;;589
2025-06-09T18:53:09Z;663;;663
2025-06-09T18:53:30Z;585;;585
2025-06-09T18:53:32Z;194;;194
2025-06-09T18:53:55Z;331;;331
2025-06-09T18:53:57Z;195;;195
2025-06-09T18:54:50Z;332;;332
2025-06-09T18:54:58Z;197;;197
2025-06-09T18:56:10Z;1138;;1138
2025-06-09T18:56:11Z;671;;671
2025-06-09T18:56:32Z;552;;552
2025-06-09T18:57:55Z;78;;78
2025-06-09T18:58:30Z;640;;640
2025-06-09T18:58:31Z;558;;558
2025-06-09T18:59:47Z;79;;79
2025-06-09T19:00:07Z;;0;79
2025-06-09T19:00:09Z;77;;77
2025-06-09T19:01:05Z;567;;567
2025-06-09T19:01:47Z;77;;77
2025-06-09T19:01:55Z;578;;578
2025-06-09T19:02:17Z;78;;78
2025-06-09T19:11:29Z;577;;577
2025-06-09T19:13:21Z;89;;89
2025-06-09T19:14:06Z;779;;779
2025-06-09T19:14:07Z;567;;567
2025-06-09T19:14:23Z;90;;90
2025-06-09T19:15:07Z;;0;90
2025-06-09T19:15:09Z;89;;89
2025-06-09T19:17:17Z;577;;577
2025-06-09T19:20:05Z;89;;89
2025-06-09T19:30:07Z;;0;89
2025-06-09T19:30:11Z;83;;83
2025-06-09T19:30:39Z;569;;569
2025-06-09T19:31:19Z;82;;82
2025-06-09T19:44:40Z;380;;380
2025-06-09T19:44:43Z;1803;;1803
2025-06-09T19:44:46Z;1786;;1786
2025-06-09T19:44:48Z;1818;;1818
2025-06-09T19:44:50Z;1793;;1793
2025-06-09T19:44:51Z;1825;;1825
2025-06-09T19:44:55Z;1786;;1786
2025-06-09T19:44:56Z;1811;;1811
2025-06-09T19:45:07Z;;0;1811
2025-06-09T19:45:11Z;1864;;1864
2025-06-09T19:45:21Z;1789;;1789
2025-06-09T19:45:30Z;1827;;1827
2025-06-09T19:45:31Z;1789;;1789
2025-06-09T19:45:32Z;1823;;1823
2025-06-09T19:45:34Z;1786;;1786
2025-06-09T19:45:38Z;1822;;1822
2025-06-09T19:45:52Z;1799;;1799
2025-06-09T19:45:53Z;1825;;1825
2025-06-09T19:45:59Z;1772;;1772
2025-06-09T19:46:00Z;720;;720
2025-06-09T19:46:02Z;248;;248
2025-06-09T19:46:03Z;420;;420
2025-06-09T19:46:04Z;1809;;1809
2025-06-09T19:46:06Z;1795;;1795
2025-06-09T19:46:07Z;1814;;1814
2025-06-09T19:46:10Z;1795;;1795
2025-06-09T19:46:11Z;1813;;1813
2025-06-09T19:46:13Z;224;;224
2025-06-09T19:46:50Z;2394;;2394
2025-06-09T19:46:51Z;382;;382
2025-06-09T19:47:26Z;274;;274
2025-06-09T19:47:27Z;336;;336
2025-06-09T19:47:41Z;272;;272
2025-06-09T19:47:44Z;344;;344
2025-06-09T19:47:48Z;267;;267
2025-06-09T19:47:50Z;345;;345
2025-06-09T19:48:16Z;267;;267
2025-06-09T19:48:17Z;338;;338
2025-06-09T19:48:20Z;268;;268
2025-06-09T19:48:21Z;335;;335
2025-06-09T19:48:22Z;268;;268
2025-06-09T19:48:24Z;317;;317
2025-06-09T19:48:57Z;267;;267
2025-06-09T19:48:58Z;344;;344
2025-06-09T19:51:01Z;267;;267
2025-06-09T19:51:03Z;320;;320
2025-06-09T19:51:07Z;268;;268
2025-06-09T19:51:09Z;320;;320
2025-06-09T19:53:42Z;280;;280
2025-06-09T19:54:22Z;303;;303
2025-06-09T19:55:45Z;299;;299
2025-06-09T19:55:46Z;311;;311
2025-06-09T19:55:47Z;295;;295
2025-06-09T19:55:49Z;311;;311
2025-06-09T19:56:26Z;299;;299
2025-06-09T19:56:27Z;304;;304
2025-06-09T19:56:47Z;299;;299
2025-06-09T19:56:50Z;300;;300
2025-06-09T19:56:51Z;292;;292
2025-06-09T19:56:58Z;306;;306
2025-06-09T19:56:59Z;297;;297
2025-06-09T19:57:03Z;302;;302
2025-06-09T19:57:04Z;292;;292
2025-06-09T19:57:10Z;311;;311
2025-06-09T19:57:11Z;294;;294
2025-06-09T19:57:12Z;301;;301
2025-06-09T19:57:14Z;298;;298
2025-06-09T19:57:16Z;305;;305
2025-06-09T19:57:23Z;296;;296
2025-06-09T19:57:30Z;302;;302
2025-06-09T19:57:31Z;290;;290
2025-06-09T19:57:37Z;301;;301
2025-06-09T19:57:38Z;290;;290
2025-06-09T19:57:39Z;309;;309
2025-06-09T19:57:42Z;299;;299
2025-06-09T19:57:43Z;303;;303
2025-06-09T19:57:44Z;290;;290
2025-06-09T19:58:23Z;302;;302
2025-06-09T19:58:24Z;299;;299
2025-06-09T19:58:25Z;303;;303
2025-06-09T19:58:30Z;298;;298
2025-06-09T19:58:31Z;300;;300
2025-06-09T19:58:32Z;299;;299
2025-06-09T19:58:33Z;307;;307
2025-06-09T19:58:35Z;298;;298
2025-06-09T19:58:36Z;302;;302
2025-06-09T19:58:39Z;298;;298
2025-06-09T19:58:41Z;302;;302
2025-06-09T19:58:43Z;299;;299
2025-06-09T19:58:46Z;306;;306
2025-06-09T19:58:57Z;298;;298
2025-06-09T19:58:58Z;308;;308
2025-06-09T19:59:01Z;299;;299
2025-06-09T19:59:02Z;310;;310
2025-06-09T19:59:11Z;293;;293
2025-06-09T19:59:12Z;301;;301
2025-06-09T19:59:13Z;298;;298
2025-06-09T19:59:19Z;300;;300
2025-06-09T19:59:22Z;294;;294
2025-06-09T19:59:33Z;301;;301
2025-06-09T19:59:34Z;299;;299
2025-06-09T19:59:35Z;302;;302
2025-06-09T19:59:37Z;294;;294
2025-06-09T19:59:46Z;303;;303
2025-06-09T19:59:47Z;297;;297
2025-06-09T19:59:50Z;301;;301
2025-06-09T20:00:05Z;296;;296
2025-06-09T20:00:07Z;;0;296
2025-06-09T20:00:09Z;306;;306
2025-06-09T20:00:12Z;301;;301
2025-06-09T20:00:18Z;297;;297
2025-06-09T20:00:25Z;309;;309
2025-06-09T20:00:26Z;298;;298
2025-06-09T20:00:27Z;302;;302
2025-06-09T20:00:29Z;299;;299
2025-06-09T20:00:30Z;303;;303
2025-06-09T20:00:34Z;297;;297
2025-06-09T20:00:38Z;310;;310
2025-06-09T20:00:52Z;296;;296
2025-06-09T20:01:02Z;300;;300
2025-06-09T20:01:03Z;295;;295
2025-06-09T20:01:16Z;306;;306
2025-06-09T20:01:17Z;296;;296
2025-06-09T20:01:32Z;305;;305
2025-06-09T20:01:33Z;295;;295
2025-06-09T20:01:52Z;309;;309
2025-06-09T20:01:58Z;299;;299
2025-06-09T20:02:08Z;300;;300
2025-06-09T20:02:09Z;293;;293
2025-06-09T20:02:13Z;300;;300
2025-06-09T20:02:15Z;297;;297
2025-06-09T20:02:16Z;300;;300
2025-06-09T20:02:17Z;297;;297
2025-06-09T20:02:27Z;301;;301
2025-06-09T20:02:28Z;299;;299
2025-06-09T20:02:30Z;301;;301
2025-06-09T20:02:31Z;294;;294
2025-06-09T20:02:34Z;312;;312
2025-06-09T20:02:39Z;298;;298
2025-06-09T20:02:43Z;304;;304
2025-06-09T20:02:48Z;299;;299
2025-06-09T20:02:53Z;300;;300
2025-06-09T20:02:54Z;299;;299
2025-06-09T20:03:18Z;300;;300
2025-06-09T20:03:22Z;298;;298
2025-06-09T20:03:23Z;302;;302
2025-06-09T20:03:27Z;299;;299
2025-06-09T20:03:28Z;300;;300
2025-06-09T20:03:30Z;298;;298
2025-06-09T20:03:34Z;305;;305
2025-06-09T20:03:36Z;298;;298
2025-06-09T20:03:38Z;301;;301
2025-06-09T20:03:44Z;299;;299
2025-06-09T20:03:45Z;300;;300
2025-06-09T20:03:47Z;298;;298
2025-06-09T20:03:49Z;300;;300
2025-06-09T20:03:51Z;299;;299
2025-06-09T20:03:53Z;300;;300
2025-06-09T20:03:54Z;297;;297
2025-06-09T20:03:56Z;308;;308
2025-06-09T20:03:59Z;298;;298
2025-06-09T20:04:01Z;300;;300
2025-06-09T20:04:02Z;299;;299
2025-06-09T20:04:03Z;300;;300
2025-06-09T20:04:05Z;294;;294
2025-06-09T20:04:07Z;301;;301
2025-06-09T20:04:09Z;298;;298
2025-06-09T20:04:19Z;300;;300
2025-06-09T20:04:22Z;297;;297
2025-06-09T20:04:36Z;300;;300
2025-06-09T20:04:37Z;298;;298
2025-06-09T20:04:40Z;300;;300
2025-06-09T20:04:41Z;298;;298
2025-06-09T20:04:44Z;304;;304
2025-06-09T20:04:45Z;298;;298
2025-06-09T20:04:56Z;300;;300
2025-06-09T20:04:57Z;291;;291
2025-06-09T20:04:58Z;301;;301
2025-06-09T20:05:03Z;298;;298
2025-06-09T20:05:07Z;302;;302
2025-06-09T20:05:09Z;293;;293
2025-06-09T20:05:16Z;300;;300
2025-06-09T20:05:17Z;299;;299
2025-06-09T20:05:21Z;303;;303
2025-06-09T20:05:22Z;298;;298
2025-06-09T20:05:29Z;306;;306
2025-06-09T20:05:30Z;296;;296
2025-06-09T20:05:31Z;302;;302
2025-06-09T20:05:32Z;295;;295
2025-06-09T20:05:33Z;303;;303
2025-06-09T20:05:35Z;298;;298
2025-06-09T20:05:44Z;305;;305
2025-06-09T20:05:45Z;298;;298
2025-06-09T20:06:02Z;304;;304
2025-06-09T20:06:03Z;297;;297
2025-06-09T20:06:15Z;302;;302
2025-06-09T20:06:16Z;298;;298
2025-06-09T20:06:33Z;300;;300
2025-06-09T20:06:34Z;297;;297
2025-06-09T20:06:35Z;300;;300
2025-06-09T20:06:36Z;296;;296
2025-06-09T20:06:58Z;302;;302
2025-06-09T20:06:59Z;298;;298
2025-06-09T20:07:10Z;301;;301
2025-06-09T20:07:18Z;297;;297
2025-06-09T20:07:21Z;305;;305
2025-06-09T20:07:22Z;297;;297
2025-06-09T20:07:23Z;301;;301
2025-06-09T20:07:25Z;297;;297
2025-06-09T20:07:33Z;307;;307
2025-06-09T20:07:35Z;296;;296
2025-06-09T20:07:51Z;307;;307
2025-06-09T20:07:56Z;297;;297
2025-06-09T20:08:05Z;307;;307
2025-06-09T20:08:06Z;297;;297
2025-06-09T20:08:12Z;308;;308
2025-06-09T20:08:14Z;298;;298
2025-06-09T20:08:21Z;300;;300
2025-06-09T20:08:23Z;294;;294
2025-06-09T20:08:25Z;300;;300
2025-06-09T20:08:27Z;296;;296
2025-06-09T20:08:35Z;300;;300
2025-06-09T20:08:36Z;296;;296
2025-06-09T20:08:39Z;300;;300
2025-06-09T20:08:41Z;294;;294
2025-06-09T20:08:42Z;306;;306
2025-06-09T20:08:44Z;296;;296
2025-06-09T20:08:54Z;304;;304
2025-06-09T20:08:55Z;295;;295
2025-06-09T20:09:25Z;303;;303
2025-06-09T20:09:26Z;293;;293
2025-06-09T20:09:29Z;304;;304
2025-06-09T20:09:31Z;297;;297
2025-06-09T20:09:44Z;300;;300
2025-06-09T20:09:45Z;291;;291
2025-06-09T20:09:51Z;302;;302
2025-06-09T20:09:52Z;297;;297
2025-06-09T20:09:53Z;308;;308
2025-06-09T20:09:58Z;294;;294
2025-06-09T20:09:59Z;300;;300
2025-06-09T20:10:00Z;296;;296
2025-06-09T20:10:04Z;311;;311
2025-06-09T20:10:07Z;299;;299
2025-06-09T20:10:08Z;300;;300
2025-06-09T20:10:09Z;298;;298
2025-06-09T20:10:32Z;300;;300
2025-06-09T20:10:33Z;295;;295
2025-06-09T20:11:01Z;300;;300
2025-06-09T20:11:02Z;298;;298
2025-06-09T20:11:15Z;303;;303
2025-06-09T20:11:16Z;295;;295
2025-06-09T20:15:07Z;;0;295
2025-06-09T20:15:09Z;180;;180
2025-06-09T20:30:09Z;189;;189
2025-06-09T20:30:15Z;;0;189
2025-06-09T20:45:11Z;186;;186
2025-06-09T20:45:15Z;;0;186
2025-06-09T21:00:09Z;196;;196
2025-06-09T21:00:15Z;;0;196
2025-06-09T21:02:49Z;1732;;1732
2025-06-09T21:02:50Z;357;;357
2025-06-09T21:03:09Z;298;;298
2025-06-09T21:03:10Z;303;;303
2025-06-09T21:03:21Z;298;;298
2025-06-09T21:03:26Z;302;;302
2025-06-09T21:03:27Z;299;;299
2025-06-09T21:03:29Z;302;;302
2025-06-09T21:03:33Z;284;;284
2025-06-09T21:03:35Z;302;;302
2025-06-09T21:03:40Z;297;;297
2025-06-09T21:03:41Z;301;;301
2025-06-09T21:03:48Z;297;;297
2025-06-09T21:04:28Z;303;;303
2025-06-09T21:04:29Z;292;;292
2025-06-09T21:04:50Z;306;;306
2025-06-09T21:04:54Z;293;;293
2025-06-09T21:05:13Z;300;;300
2025-06-09T21:05:15Z;299;;299
2025-06-09T21:05:18Z;300;;300
2025-06-09T21:05:22Z;292;;292
2025-06-09T21:05:26Z;310;;310
2025-06-09T21:05:27Z;299;;299
2025-06-09T21:05:37Z;300;;300
2025-06-09T21:05:57Z;298;;298
2025-06-09T21:06:00Z;311;;311
2025-06-09T21:06:04Z;295;;295
2025-06-09T21:06:08Z;311;;311
2025-06-09T21:06:11Z;296;;296
2025-06-09T21:08:10Z;309;;309
2025-06-09T21:08:15Z;285;;285
2025-06-09T21:09:05Z;311;;311
2025-06-09T21:09:10Z;299;;299
2025-06-09T21:09:11Z;301;;301
2025-06-09T21:09:18Z;299;;299
2025-06-09T21:09:19Z;305;;305
2025-06-09T21:10:56Z;292;;292
2025-06-09T21:10:59Z;327;;327
2025-06-09T21:11:05Z;299;;299
2025-06-09T21:11:06Z;302;;302
2025-06-09T21:11:19Z;238;;238
2025-06-09T21:15:10Z;196;;196
2025-06-09T21:15:15Z;;0;196
2025-06-09T21:30:09Z;48;;48
2025-06-09T21:30:15Z;;0;48
2025-06-09T21:45:09Z;46;;46
2025-06-09T21:45:15Z;;0;46
2025-06-09T22:00:15Z;;0;46
2025-06-09T22:15:09Z;47;;47
2025-06-09T22:15:15Z;;0;47
2025-06-09T22:19:53Z;1363;;1363
2025-06-09T22:19:54Z;186;;186
2025-06-09T22:30:09Z;167;;167
2025-06-09T22:30:15Z;;0;167
2025-06-09T22:45:09Z;46;;46
2025-06-09T22:45:15Z;;0;46
2025-06-09T23:00:09Z;44;;44
2025-06-09T23:00:15Z;;0;44
2025-06-09T23:15:09Z;58;;58
2025-06-09T23:15:15Z;;0;58
2025-06-09T23:30:09Z;41;;41
2025-06-09T23:30:15Z;;0;41
2025-06-09T23:39:18Z;800;;800
2025-06-09T23:39:19Z;176;;176
2025-06-09T23:45:09Z;161;;161
2025-06-09T23:45:15Z;;0;161