timestamp;P_ex;P_pr;P_load
2024-03-16T00:00:03Z;;0;52
2024-03-16T00:00:06Z;52;;52
2024-03-16T00:15:03Z;;0;52
2024-03-16T00:15:06Z;51;;51
2024-03-16T00:17:58Z;422;;422
2024-03-16T00:17:59Z;182;;182
2024-03-16T00:30:03Z;;0;182
2024-03-16T00:30:06Z;167;;167
2024-03-16T00:45:03Z;;0;167
2024-03-16T00:45:06Z;53;;53
2024-03-16T01:00:03Z;;0;53
2024-03-16T01:00:06Z;82;;82
2024-03-16T01:15:03Z;;0;82
2024-03-16T01:25:05Z;1440;;1440
2024-03-16T01:26:04Z;436;;436
2024-03-16T01:26:05Z;53;;53
2024-03-16T01:30:03Z;;0;53
2024-03-16T01:30:08Z;52;;52
2024-03-16T01:38:35Z;1156;;1156
2024-03-16T01:38:36Z;187;;187
2024-03-16T01:45:03Z;;0;187
2024-03-16T01:45:06Z;166;;166
2024-03-16T02:00:03Z;;0;166
2024-03-16T02:00:06Z;52;;52
2024-03-16T02:15:03Z;;0;52
2024-03-16T02:15:06Z;54;;54
2024-03-16T02:30:03Z;;0;54
2024-03-16T02:30:06Z;54;;54
2024-03-16T02:45:03Z;;0;54
2024-03-16T02:45:06Z;52;;52
2024-03-16T02:58:32Z;671;;671
2024-03-16T02:58:33Z;191;;191
2024-03-16T03:00:03Z;;0;191
2024-03-16T03:00:06Z;171;;171
2024-03-16T03:02:57Z;330;;330
2024-03-16T03:04:10Z;173;;173
2024-03-16T03:15:03Z;;0;173
2024-03-16T03:15:08Z;171;;171
2024-03-16T03:30:03Z;;0;171
2024-03-16T03:30:06Z;59;;59
2024-03-16T03:45:03Z;;0;59
2024-03-16T03:45:06Z;59;;59
2024-03-16T04:00:03Z;;0;59
2024-03-16T04:00:06Z;57;;57
2024-03-16T04:15:03Z;;0;57
2024-03-16T04:15:06Z;56;;56
2024-03-16T04:30:03Z;;0;56
2024-03-16T04:30:06Z;169;;169
2024-03-16T04:37:30Z;308;;308
2024-03-16T04:37:31Z;202;;202
2024-03-16T04:40:07Z;1882;;1882
2024-03-16T04:41:50Z;1702;;1702
2024-03-16T04:42:26Z;1800;;1800
2024-03-16T04:42:27Z;1779;;1779
2024-03-16T04:43:24Z;1805;;1805
2024-03-16T04:43:25Z;1779;;1779
2024-03-16T04:43:43Z;1802;;1802
2024-03-16T04:43:44Z;1799;;1799
2024-03-16T04:43:56Z;1800;;1800
2024-03-16T04:43:57Z;1787;;1787
2024-03-16T04:44:03Z;1803;;1803
2024-03-16T04:44:05Z;1785;;1785
2024-03-16T04:44:19Z;1802;;1802
2024-03-16T04:44:21Z;1787;;1787
2024-03-16T04:44:24Z;1801;;1801
2024-03-16T04:44:25Z;1788;;1788
2024-03-16T04:44:31Z;1803;;1803
2024-03-16T04:44:32Z;1791;;1791
2024-03-16T04:44:33Z;1800;;1800
2024-03-16T04:44:34Z;1795;;1795
2024-03-16T04:44:36Z;1800;;1800
2024-03-16T04:44:37Z;1781;;1781
2024-03-16T04:44:47Z;1815;;1815
2024-03-16T04:44:48Z;1798;;1798
2024-03-16T04:44:49Z;1801;;1801
2024-03-16T04:44:50Z;1792;;1792
2024-03-16T04:44:58Z;1815;;1815
2024-03-16T04:45:00Z;1785;;1785
2024-03-16T04:45:03Z;;0;1785
2024-03-16T04:45:06Z;1796;;1796
2024-03-16T04:45:08Z;1802;;1802
2024-03-16T04:45:09Z;1793;;1793
2024-03-16T04:45:15Z;1813;;1813
2024-03-16T04:45:16Z;1786;;1786
2024-03-16T04:45:17Z;1805;;1805
2024-03-16T04:45:18Z;1792;;1792
2024-03-16T04:45:19Z;1806;;1806
2024-03-16T04:45:21Z;1799;;1799
2024-03-16T04:45:32Z;1802;;1802
2024-03-16T04:45:33Z;1790;;1790
2024-03-16T04:45:34Z;1802;;1802
2024-03-16T04:45:35Z;1797;;1797
2024-03-16T04:45:41Z;1821;;1821
2024-03-16T04:45:43Z;1788;;1788
2024-03-16T04:45:44Z;1801;;1801
2024-03-16T04:45:45Z;1788;;1788
2024-03-16T04:45:46Z;1803;;1803
2024-03-16T04:45:49Z;1705;;1705
2024-03-16T04:45:54Z;1801;;1801
2024-03-16T04:45:55Z;1787;;1787
2024-03-16T04:45:56Z;1803;;1803
2024-03-16T04:45:57Z;1791;;1791
2024-03-16T04:45:58Z;1801;;1801
2024-03-16T04:46:00Z;1790;;1790
2024-03-16T04:46:10Z;1827;;1827
2024-03-16T04:46:11Z;1786;;1786
2024-03-16T04:46:21Z;1804;;1804
2024-03-16T04:46:22Z;1791;;1791
2024-03-16T04:46:38Z;1802;;1802
2024-03-16T04:46:39Z;1782;;1782
2024-03-16T04:46:49Z;1810;;1810
2024-03-16T04:46:50Z;1784;;1784
2024-03-16T04:47:00Z;1800;;1800
2024-03-16T04:47:02Z;1699;;1699
2024-03-16T04:47:05Z;1812;;1812
2024-03-16T04:47:06Z;1784;;1784
2024-03-16T04:47:18Z;1810;;1810
2024-03-16T04:47:20Z;1778;;1778
2024-03-16T04:47:33Z;1806;;1806
2024-03-16T04:47:34Z;1785;;1785
2024-03-16T04:47:44Z;1803;;1803
2024-03-16T04:47:45Z;1787;;1787
2024-03-16T04:47:46Z;1808;;1808
2024-03-16T04:47:47Z;1784;;1784
2024-03-16T04:47:48Z;1808;;1808
2024-03-16T04:47:50Z;1784;;1784
2024-03-16T04:47:57Z;1826;;1826
2024-03-16T04:48:00Z;1794;;1794
2024-03-16T04:48:01Z;1802;;1802
2024-03-16T04:48:19Z;1798;;1798
2024-03-16T04:48:20Z;1801;;1801
2024-03-16T04:48:26Z;1741;;1741
2024-03-16T04:48:29Z;1859;;1859
2024-03-16T04:48:32Z;1799;;1799
2024-03-16T04:48:33Z;1806;;1806
2024-03-16T04:48:36Z;1795;;1795
2024-03-16T04:48:37Z;1802;;1802
2024-03-16T04:48:43Z;1794;;1794
2024-03-16T04:48:46Z;1825;;1825
2024-03-16T04:48:55Z;1798;;1798
2024-03-16T04:48:57Z;1805;;1805
2024-03-16T04:48:58Z;1798;;1798
2024-03-16T04:49:02Z;1823;;1823
2024-03-16T04:49:03Z;1799;;1799
2024-03-16T04:49:04Z;1801;;1801
2024-03-16T04:49:05Z;1799;;1799
2024-03-16T04:49:06Z;1807;;1807
2024-03-16T04:49:08Z;1799;;1799
2024-03-16T04:49:09Z;1807;;1807
2024-03-16T04:49:12Z;1798;;1798
2024-03-16T04:49:14Z;1800;;1800
2024-03-16T04:49:16Z;1696;;1696
2024-03-16T04:49:18Z;1836;;1836
2024-03-16T04:49:24Z;1797;;1797
2024-03-16T04:49:25Z;1800;;1800
2024-03-16T04:49:26Z;1797;;1797
2024-03-16T04:49:27Z;1804;;1804
2024-03-16T04:49:29Z;1794;;1794
2024-03-16T04:49:30Z;1803;;1803
2024-03-16T04:49:32Z;1697;;1697
2024-03-16T04:49:35Z;1809;;1809
2024-03-16T04:49:37Z;1799;;1799
2024-03-16T04:49:39Z;1800;;1800
2024-03-16T04:49:41Z;1792;;1792
2024-03-16T04:49:43Z;1800;;1800
2024-03-16T04:49:45Z;1799;;1799
2024-03-16T04:49:46Z;1807;;1807
2024-03-16T04:49:48Z;1698;;1698
2024-03-16T04:49:51Z;1822;;1822
2024-03-16T04:49:54Z;1799;;1799
2024-03-16T04:49:55Z;1800;;1800
2024-03-16T04:49:57Z;1797;;1797
2024-03-16T04:49:58Z;1800;;1800
2024-03-16T04:50:01Z;1798;;1798
2024-03-16T04:50:03Z;1800;;1800
2024-03-16T04:50:04Z;1708;;1708
2024-03-16T04:50:07Z;1864;;1864
2024-03-16T04:50:16Z;1794;;1794
2024-03-16T04:50:17Z;1802;;1802
2024-03-16T04:50:19Z;1797;;1797
2024-03-16T04:50:23Z;1828;;1828
2024-03-16T04:50:25Z;1793;;1793
2024-03-16T04:50:32Z;1803;;1803
2024-03-16T04:50:33Z;1796;;1796
2024-03-16T04:50:41Z;1834;;1834
2024-03-16T04:50:45Z;1798;;1798
2024-03-16T04:50:46Z;1803;;1803
2024-03-16T04:50:48Z;1795;;1795
2024-03-16T04:50:50Z;1803;;1803
2024-03-16T04:50:51Z;1798;;1798
2024-03-16T04:50:52Z;1800;;1800
2024-03-16T04:50:53Z;1775;;1775
2024-03-16T04:50:56Z;1851;;1851
2024-03-16T04:50:57Z;1793;;1793
2024-03-16T04:50:58Z;1801;;1801
2024-03-16T04:50:59Z;1788;;1788
2024-03-16T04:51:12Z;1844;;1844
2024-03-16T04:51:13Z;1788;;1788
2024-03-16T04:51:21Z;1807;;1807
2024-03-16T04:51:22Z;1795;;1795
2024-03-16T04:51:24Z;1800;;1800
2024-03-16T04:51:25Z;1799;;1799
2024-03-16T04:51:29Z;1816;;1816
2024-03-16T04:51:30Z;1797;;1797
2024-03-16T04:51:31Z;1805;;1805
2024-03-16T04:51:33Z;1797;;1797
2024-03-16T04:51:37Z;1801;;1801
2024-03-16T04:51:38Z;1794;;1794
2024-03-16T04:51:46Z;1818;;1818
2024-03-16T04:51:48Z;1788;;1788
2024-03-16T04:51:49Z;1810;;1810
2024-03-16T04:51:54Z;1799;;1799
2024-03-16T04:51:56Z;1802;;1802
2024-03-16T04:51:57Z;1796;;1796
2024-03-16T04:52:01Z;1827;;1827
2024-03-16T04:52:02Z;1793;;1793
2024-03-16T04:52:05Z;1802;;1802
2024-03-16T04:52:06Z;1798;;1798
2024-03-16T04:52:07Z;1802;;1802
2024-03-16T04:52:09Z;1793;;1793
2024-03-16T04:52:10Z;1805;;1805
2024-03-16T04:52:11Z;1799;;1799
2024-03-16T04:52:18Z;1807;;1807
2024-03-16T04:52:20Z;1797;;1797
2024-03-16T04:52:23Z;1800;;1800
2024-03-16T04:52:26Z;1796;;1796
2024-03-16T04:52:28Z;1812;;1812
2024-03-16T04:52:31Z;1696;;1696
2024-03-16T04:52:34Z;1831;;1831
2024-03-16T04:52:36Z;1794;;1794
2024-03-16T04:52:42Z;1800;;1800
2024-03-16T04:52:43Z;1794;;1794
2024-03-16T04:52:46Z;1802;;1802
2024-03-16T04:52:47Z;1701;;1701
2024-03-16T04:52:51Z;1845;;1845
2024-03-16T04:52:52Z;1797;;1797
2024-03-16T04:53:06Z;1808;;1808
2024-03-16T04:53:07Z;1781;;1781
2024-03-16T04:53:23Z;1805;;1805
2024-03-16T04:53:24Z;1796;;1796
2024-03-16T04:53:25Z;1805;;1805
2024-03-16T04:53:27Z;1798;;1798
2024-03-16T04:53:30Z;1805;;1805
2024-03-16T04:53:33Z;1791;;1791
2024-03-16T04:53:39Z;1838;;1838
2024-03-16T04:53:40Z;1789;;1789
2024-03-16T04:53:42Z;1810;;1810
2024-03-16T04:53:44Z;1794;;1794
2024-03-16T04:53:45Z;1801;;1801
2024-03-16T04:53:46Z;1797;;1797
2024-03-16T04:53:48Z;1805;;1805
2024-03-16T04:53:50Z;1793;;1793
2024-03-16T04:53:55Z;1800;;1800
2024-03-16T04:53:59Z;1798;;1798
2024-03-16T04:54:03Z;1813;;1813
2024-03-16T04:54:04Z;1797;;1797
2024-03-16T04:54:07Z;1813;;1813
2024-03-16T04:54:09Z;1702;;1702
2024-03-16T04:54:12Z;1846;;1846
2024-03-16T04:54:15Z;1799;;1799
2024-03-16T04:54:16Z;1802;;1802
2024-03-16T04:54:17Z;1696;;1696
2024-03-16T04:54:28Z;1848;;1848
2024-03-16T04:54:29Z;1795;;1795
2024-03-16T04:54:31Z;1806;;1806
2024-03-16T04:54:44Z;1836;;1836
2024-03-16T04:54:45Z;1795;;1795
2024-03-16T04:54:47Z;1807;;1807
2024-03-16T04:54:48Z;1799;;1799
2024-03-16T04:54:52Z;1807;;1807
2024-03-16T04:54:54Z;1796;;1796
2024-03-16T04:54:57Z;1810;;1810
2024-03-16T04:54:58Z;1690;;1690
2024-03-16T04:55:02Z;1802;;1802
2024-03-16T04:55:05Z;1797;;1797
2024-03-16T04:55:17Z;1836;;1836
2024-03-16T04:55:21Z;1790;;1790
2024-03-16T04:55:33Z;1869;;1869
2024-03-16T04:55:34Z;1795;;1795
2024-03-16T04:55:38Z;1810;;1810
2024-03-16T04:55:39Z;1687;;1687
2024-03-16T04:55:49Z;1813;;1813
2024-03-16T04:55:50Z;1796;;1796
2024-03-16T04:56:08Z;1804;;1804
2024-03-16T04:56:10Z;1794;;1794
2024-03-16T04:56:22Z;1862;;1862
2024-03-16T04:56:25Z;1797;;1797
2024-03-16T04:56:41Z;1801;;1801
2024-03-16T04:56:44Z;1684;;1684
2024-03-16T04:56:55Z;1807;;1807
2024-03-16T04:56:56Z;1790;;1790
2024-03-16T04:56:59Z;1806;;1806
2024-03-16T04:57:00Z;1686;;1686
2024-03-16T04:57:12Z;1834;;1834
2024-03-16T04:57:14Z;1797;;1797
2024-03-16T04:57:27Z;1810;;1810
2024-03-16T04:57:29Z;1794;;1794
2024-03-16T04:57:44Z;1827;;1827
2024-03-16T04:57:46Z;1798;;1798
2024-03-16T04:58:00Z;1827;;1827
2024-03-16T04:58:01Z;1792;;1792
2024-03-16T04:58:17Z;1803;;1803
2024-03-16T04:58:19Z;1796;;1796
2024-03-16T04:58:20Z;1802;;1802
2024-03-16T04:58:21Z;1795;;1795
2024-03-16T04:58:33Z;1819;;1819
2024-03-16T04:58:35Z;1791;;1791
2024-03-16T04:58:49Z;1845;;1845
2024-03-16T04:58:50Z;1785;;1785
2024-03-16T04:59:06Z;1804;;1804
2024-03-16T04:59:07Z;1798;;1798
2024-03-16T04:59:23Z;1839;;1839
2024-03-16T04:59:25Z;1792;;1792
2024-03-16T04:59:38Z;1804;;1804
2024-03-16T04:59:39Z;1795;;1795
2024-03-16T04:59:55Z;1804;;1804
2024-03-16T04:59:56Z;1793;;1793
2024-03-16T05:00:03Z;;0;1793
2024-03-16T05:00:06Z;1683;;1683
2024-03-16T05:00:11Z;1838;;1838
2024-03-16T05:00:12Z;1797;;1797
2024-03-16T05:00:26Z;1834;;1834
2024-03-16T05:00:28Z;1798;;1798
2024-03-16T05:00:44Z;1826;;1826
2024-03-16T05:00:46Z;1792;;1792
2024-03-16T05:01:00Z;1848;;1848
2024-03-16T05:01:01Z;1789;;1789
2024-03-16T05:01:17Z;1814;;1814
2024-03-16T05:01:19Z;1787;;1787
2024-03-16T05:01:20Z;1800;;1800
2024-03-16T05:01:21Z;1798;;1798
2024-03-16T05:01:33Z;1823;;1823
2024-03-16T05:01:34Z;1788;;1788
2024-03-16T05:01:50Z;1838;;1838
2024-03-16T05:01:52Z;1791;;1791
2024-03-16T05:01:53Z;1803;;1803
2024-03-16T05:01:55Z;1794;;1794
2024-03-16T05:02:02Z;1811;;1811
2024-03-16T05:02:03Z;1686;;1686
2024-03-16T05:02:06Z;1802;;1802
2024-03-16T05:02:07Z;1798;;1798
2024-03-16T05:02:08Z;1801;;1801
2024-03-16T05:02:10Z;1794;;1794
2024-03-16T05:02:22Z;1845;;1845
2024-03-16T05:02:24Z;1793;;1793
2024-03-16T05:02:38Z;1863;;1863
2024-03-16T05:02:39Z;1796;;1796
2024-03-16T05:02:43Z;1805;;1805
2024-03-16T05:02:44Z;1686;;1686
2024-03-16T05:02:54Z;1823;;1823
2024-03-16T05:02:56Z;1797;;1797
2024-03-16T05:03:11Z;1801;;1801
2024-03-16T05:03:15Z;1782;;1782
2024-03-16T05:03:27Z;1802;;1802
2024-03-16T05:03:28Z;1792;;1792
2024-03-16T05:03:45Z;1856;;1856
2024-03-16T05:03:46Z;1781;;1781
2024-03-16T05:03:47Z;1807;;1807
2024-03-16T05:03:48Z;1690;;1690
2024-03-16T05:04:00Z;1804;;1804
2024-03-16T05:04:02Z;1793;;1793
2024-03-16T05:04:16Z;1822;;1822
2024-03-16T05:04:17Z;1789;;1789
2024-03-16T05:04:45Z;1792;;1792
2024-03-16T05:04:49Z;1805;;1805
2024-03-16T05:04:50Z;1796;;1796
2024-03-16T05:04:55Z;1800;;1800
2024-03-16T05:04:57Z;1682;;1682
2024-03-16T05:05:05Z;1833;;1833
2024-03-16T05:05:06Z;1787;;1787
2024-03-16T05:05:22Z;1850;;1850
2024-03-16T05:05:24Z;1793;;1793
2024-03-16T05:05:25Z;1802;;1802
2024-03-16T05:05:26Z;1684;;1684
2024-03-16T05:05:38Z;1817;;1817
2024-03-16T05:05:40Z;1793;;1793
2024-03-16T05:05:46Z;52;;52
2024-03-16T05:09:09Z;1804;;1804
2024-03-16T05:09:12Z;1795;;1795
2024-03-16T05:09:13Z;1811;;1811
2024-03-16T05:09:15Z;1809;;1809
2024-03-16T05:09:16Z;1795;;1795
2024-03-16T05:09:17Z;1803;;1803
2024-03-16T05:09:19Z;1796;;1796
2024-03-16T05:09:26Z;1813;;1813
2024-03-16T05:09:27Z;1798;;1798
2024-03-16T05:09:44Z;1844;;1844
2024-03-16T05:09:45Z;1787;;1787
2024-03-16T05:09:46Z;1811;;1811
2024-03-16T05:09:47Z;1794;;1794
2024-03-16T05:09:50Z;1805;;1805
2024-03-16T05:09:53Z;1781;;1781
2024-03-16T05:10:01Z;1802;;1802
2024-03-16T05:10:02Z;1789;;1789
2024-03-16T05:10:10Z;53;;53
2024-03-16T05:15:03Z;;0;53
2024-03-16T05:15:07Z;52;;52
2024-03-16T05:18:54Z;339;;339
2024-03-16T05:18:55Z;714;;714
2024-03-16T05:18:56Z;331;;331
2024-03-16T05:18:57Z;246;;246
2024-03-16T05:19:00Z;341;;341
2024-03-16T05:19:07Z;65;;65
2024-03-16T05:20:08Z;306;;306
2024-03-16T05:20:10Z;251;;251
2024-03-16T05:30:03Z;;10;261
2024-03-16T05:30:05Z;;0;251
2024-03-16T05:30:06Z;48;13;48
2024-03-16T05:30:09Z;;0;48
2024-03-16T05:30:10Z;;0;48
2024-03-16T05:31:22Z;;1;49
2024-03-16T05:31:24Z;;0;48
2024-03-16T05:31:26Z;;1;49
2024-03-16T05:31:27Z;;0;48
2024-03-16T05:31:29Z;;1;49
2024-03-16T05:31:31Z;;0;48
2024-03-16T05:31:33Z;;1;49
2024-03-16T05:31:38Z;302;;303
2024-03-16T05:31:39Z;106;;107
2024-03-16T05:31:57Z;538;;539
2024-03-16T05:31:58Z;;0;538
2024-03-16T05:31:59Z;244;;244
2024-03-16T05:32:00Z;;2;246
2024-03-16T05:32:02Z;358;;360
2024-03-16T05:32:09Z;61;;63
2024-03-16T05:33:11Z;319;;321
2024-03-16T05:33:13Z;217;;219
2024-03-16T05:35:28Z;;0;217
2024-03-16T05:35:31Z;;7;224
2024-03-16T05:44:00Z;1790;;1797
2024-03-16T05:44:01Z;252;;259
2024-03-16T05:44:39Z;554;;561
2024-03-16T05:44:40Z;983;;990
2024-03-16T05:44:41Z;364;;371
2024-03-16T05:44:45Z;157;;164
2024-03-16T05:45:03Z;;23;180
2024-03-16T05:45:06Z;217;;240
2024-03-16T05:45:47Z;552;;575
2024-03-16T05:45:49Z;284;;307
2024-03-16T05:45:52Z;304;;327
2024-03-16T05:45:54Z;298;;321
2024-03-16T05:45:55Z;;447;745
2024-03-16T05:45:56Z;310;;757
2024-03-16T05:45:57Z;;21;331
2024-03-16T05:46:00Z;292;;313
2024-03-16T05:46:02Z;309;;330
2024-03-16T05:46:03Z;284;;305
2024-03-16T05:46:45Z;313;;334
2024-03-16T05:46:48Z;284;;305
2024-03-16T05:46:50Z;301;;322
2024-03-16T05:46:52Z;283;;304
2024-03-16T05:46:53Z;300;;321
2024-03-16T05:48:05Z;153;;174
2024-03-16T05:51:42Z;386;;407
2024-03-16T05:51:43Z;600;;621
2024-03-16T05:51:44Z;303;;324
2024-03-16T05:51:48Z;284;;305
2024-03-16T05:51:50Z;308;;329
2024-03-16T05:51:52Z;282;;303
2024-03-16T05:51:54Z;310;;331
2024-03-16T05:51:56Z;280;;301
2024-03-16T05:51:58Z;314;;335
2024-03-16T05:52:00Z;278;;299
2024-03-16T05:52:02Z;316;;337
2024-03-16T05:52:04Z;282;;303
2024-03-16T05:52:05Z;300;;321
2024-03-16T05:56:31Z;161;;182
2024-03-16T06:00:03Z;;15;176
2024-03-16T06:00:06Z;143;;158
2024-03-16T06:06:27Z;38;;53
2024-03-16T06:06:29Z;26;;41
2024-03-16T06:15:03Z;;23;49
2024-03-16T06:15:06Z;25;;48
2024-03-16T06:19:23Z;0;;23
2024-03-16T06:19:24Z;7;;30
2024-03-16T06:20:04Z;0;;23
2024-03-16T06:20:05Z;1;;24
2024-03-16T06:20:09Z;0;;23
2024-03-16T06:20:17Z;1;;24
2024-03-16T06:20:18Z;0;;23
2024-03-16T06:20:20Z;0;;23
2024-03-16T06:20:24Z;2;;25
2024-03-16T06:20:25Z;0;;23
2024-03-16T06:20:28Z;0;;23
2024-03-16T06:20:30Z;2;;25
2024-03-16T06:20:34Z;-1;;22
2024-03-16T06:20:36Z;0;;23
2024-03-16T06:20:42Z;0;;23
2024-03-16T06:26:37Z;;0;0
2024-03-16T06:26:38Z;;115;115
2024-03-16T06:26:40Z;;0;0
2024-03-16T06:26:41Z;;126;126
2024-03-16T06:30:03Z;;173;173
2024-03-16T06:30:06Z;-107;;66
2024-03-16T06:41:52Z;60;;233
2024-03-16T06:43:21Z;44;;217
2024-03-16T06:44:05Z;48;;221
2024-03-16T06:44:57Z;48;;221
2024-03-16T06:45:03Z;;158;206
2024-03-16T06:45:06Z;-89;;69
2024-03-16T06:45:36Z;46;;204
2024-03-16T06:46:56Z;103;;261
2024-03-16T06:46:57Z;-36;;122
2024-03-16T06:46:58Z;-384;417;381
2024-03-16T06:47:00Z;;167;-217
2024-03-16T06:55:42Z;3;;170
2024-03-16T06:55:43Z;961;;1128
2024-03-16T06:55:45Z;1805;;1972
2024-03-16T06:55:46Z;1076;;1243
2024-03-16T06:55:49Z;1954;;2121
2024-03-16T06:55:51Z;1051;;1218
2024-03-16T07:00:03Z;;227;1278
2024-03-16T07:00:06Z;1033;;1260
2024-03-16T07:00:38Z;-21;;206
2024-03-16T07:00:41Z;57;;284
2024-03-16T07:01:19Z;1106;;1333
2024-03-16T07:01:22Z;1045;;1272
2024-03-16T07:01:25Z;1039;;1266
2024-03-16T07:05:04Z;75;;302
2024-03-16T07:05:07Z;1145;;1372
2024-03-16T07:05:29Z;421;;648
2024-03-16T07:05:30Z;81;;308
2024-03-16T07:07:39Z;;301;382
2024-03-16T07:07:41Z;;298;379
2024-03-16T07:07:43Z;;302;383
2024-03-16T07:07:45Z;;296;377
2024-03-16T07:07:48Z;;300;381
2024-03-16T07:07:49Z;;297;378
2024-03-16T07:07:57Z;-136;;161
2024-03-16T07:07:58Z;;306;170
2024-03-16T07:08:00Z;;298;162
2024-03-16T07:08:01Z;;307;171
2024-03-16T07:08:03Z;143;;450
2024-03-16T07:08:21Z;;296;439
2024-03-16T07:08:23Z;;306;449
2024-03-16T07:09:12Z;-44;;262
2024-03-16T07:09:34Z;158;;464
2024-03-16T07:09:35Z;-43;;263
2024-03-16T07:10:32Z;;139;96
2024-03-16T07:10:34Z;;326;283
2024-03-16T07:12:34Z;155;;481
2024-03-16T07:12:35Z;-64;;262
2024-03-16T07:13:31Z;6;;332
2024-03-16T07:13:32Z;7;;333
2024-03-16T07:13:46Z;83;;409
2024-03-16T07:13:54Z;62;;388
2024-03-16T07:14:15Z;;240;302
2024-03-16T07:14:16Z;;360;422
2024-03-16T07:15:03Z;;357;419
2024-03-16T07:15:06Z;-164;;193
2024-03-16T07:15:57Z;-164;;193
2024-03-16T07:16:14Z;-320;;37
2024-03-16T07:16:16Z;-214;;143
2024-03-16T07:16:23Z;-320;;37
2024-03-16T07:16:28Z;-174;;183
2024-03-16T07:16:37Z;-170;;187
2024-03-16T07:16:44Z;60;;417
2024-03-16T07:16:45Z;-1;;356
2024-03-16T07:16:47Z;1459;;1816
2024-03-16T07:18:13Z;1275;;1632
2024-03-16T07:20:42Z;-290;;67
2024-03-16T07:20:43Z;-290;;67
2024-03-16T07:20:55Z;-307;;50
2024-03-16T07:20:57Z;-298;;59
2024-03-16T07:21:05Z;-309;;48
2024-03-16T07:21:07Z;-297;;60
2024-03-16T07:21:16Z;-292;;65
2024-03-16T07:21:17Z;-295;;62
2024-03-16T07:21:25Z;-301;;56
2024-03-16T07:21:27Z;-294;;63
2024-03-16T07:21:35Z;-300;;57
2024-03-16T07:21:39Z;-300;;57
2024-03-16T07:21:43Z;-303;;54
2024-03-16T07:21:51Z;-297;;60
2024-03-16T07:21:53Z;-306;;51
2024-03-16T07:21:55Z;-295;;62
2024-03-16T07:22:00Z;-300;;57
2024-03-16T07:22:28Z;-295;;62
2024-03-16T07:22:29Z;-301;;56
2024-03-16T07:23:19Z;-282;;75
2024-03-16T07:23:23Z;-308;;49
2024-03-16T07:23:25Z;-293;;64
2024-03-16T07:23:34Z;-300;;57
2024-03-16T07:23:39Z;-298;;59
2024-03-16T07:23:41Z;-304;;53
2024-03-16T07:23:49Z;-297;;60
2024-03-16T07:23:51Z;-302;;55
2024-03-16T07:24:11Z;-303;;54
2024-03-16T07:24:12Z;-291;;66
2024-03-16T07:26:12Z;;220;-71
2024-03-16T07:26:13Z;;307;16
2024-03-16T07:28:23Z;-583;;-276
2024-03-16T07:30:03Z;;312;-271
2024-03-16T07:30:06Z;-238;;74
2024-03-16T07:30:45Z;;299;61
2024-03-16T07:30:46Z;;308;70
2024-03-16T07:30:54Z;;299;61
2024-03-16T07:30:56Z;;307;69
2024-03-16T07:31:04Z;;298;60
2024-03-16T07:31:06Z;;307;69
2024-03-16T07:31:14Z;;297;59
2024-03-16T07:31:16Z;;307;69
2024-03-16T07:31:24Z;;298;60
2024-03-16T07:31:26Z;;306;68
2024-03-16T07:31:34Z;;297;59
2024-03-16T07:31:36Z;;300;62
2024-03-16T07:31:44Z;;298;60
2024-03-16T07:31:46Z;;306;68
2024-03-16T07:31:54Z;;298;60
2024-03-16T07:31:55Z;;298;60
2024-03-16T07:32:04Z;;298;60
2024-03-16T07:32:05Z;;301;63
2024-03-16T07:32:24Z;;262;24
2024-03-16T07:32:25Z;;301;63
2024-03-16T07:36:30Z;-263;;38
2024-03-16T07:38:24Z;-358;;-57
2024-03-16T07:38:25Z;-215;;86
2024-03-16T07:40:23Z;;202;-13
2024-03-16T07:40:24Z;;430;215
2024-03-16T07:41:07Z;-377;;53
2024-03-16T07:41:08Z;-165;;265
2024-03-16T07:43:15Z;-299;;131
2024-03-16T07:43:17Z;-305;;125
2024-03-16T07:43:23Z;-297;;133
2024-03-16T07:43:25Z;-301;;129
2024-03-16T07:43:32Z;-298;;132
2024-03-16T07:43:35Z;-300;;130
2024-03-16T07:43:36Z;-298;;132
2024-03-16T07:43:40Z;-302;;128
2024-03-16T07:43:41Z;-302;;128
2024-03-16T07:43:48Z;-295;;135
2024-03-16T07:43:49Z;-300;;130
2024-03-16T07:45:03Z;;314;14
2024-03-16T07:45:06Z;-283;;31
2024-03-16T07:47:42Z;-295;;19
2024-03-16T07:47:44Z;-295;;19
2024-03-16T07:47:52Z;-297;;17
2024-03-16T07:47:54Z;-302;;12
2024-03-16T07:48:03Z;-303;;11
2024-03-16T07:48:04Z;-304;;10
2024-03-16T07:48:10Z;-297;;17
2024-03-16T07:48:11Z;-299;;15
2024-03-16T07:48:13Z;-299;;15
2024-03-16T07:48:17Z;-295;;19
2024-03-16T07:48:18Z;-293;;21
2024-03-16T07:48:26Z;-303;;11
2024-03-16T07:48:28Z;-295;;19
2024-03-16T07:48:30Z;-301;;13
2024-03-16T07:48:31Z;;275;-26
2024-03-16T07:48:32Z;;333;32
2024-03-16T07:48:34Z;-312;;21
2024-03-16T07:48:41Z;-298;;35
2024-03-16T07:48:47Z;-306;;27
2024-03-16T07:48:48Z;-305;;28
2024-03-16T07:48:50Z;-299;;34
2024-03-16T07:49:20Z;-305;;28
2024-03-16T07:49:22Z;-296;;37
2024-03-16T07:57:10Z;;600;304
2024-03-16T07:57:11Z;;594;298
2024-03-16T07:57:13Z;;604;308
2024-03-16T07:57:15Z;;596;300
2024-03-16T07:57:17Z;;606;310
2024-03-16T07:57:19Z;;599;303
2024-03-16T07:57:21Z;;607;311
2024-03-16T07:57:28Z;-564;;43
2024-03-16T07:57:29Z;-213;;394
2024-03-16T07:57:33Z;;596;383
2024-03-16T07:57:35Z;;609;396
2024-03-16T08:00:03Z;;649;436
2024-03-16T08:00:06Z;-573;;76
2024-03-16T08:02:00Z;1084;;1733
2024-03-16T08:02:01Z;;599;1683
2024-03-16T08:02:02Z;;608;1692
2024-03-16T08:02:34Z;;599;1683
2024-03-16T08:02:40Z;;603;1687
2024-03-16T08:02:42Z;;598;1682
2024-03-16T08:02:50Z;;601;1685
2024-03-16T08:02:52Z;;596;1680
2024-03-16T08:03:21Z;;603;1687
2024-03-16T08:03:22Z;;593;1677
2024-03-16T08:03:41Z;;602;1686
2024-03-16T08:03:42Z;;592;1676
2024-03-16T08:04:01Z;;602;1686
2024-03-16T08:04:02Z;;594;1678
2024-03-16T08:04:10Z;;600;1684
2024-03-16T08:04:12Z;;595;1679
2024-03-16T08:04:20Z;;601;1685
2024-03-16T08:04:22Z;;596;1680
2024-03-16T08:04:23Z;;600;1684
2024-03-16T08:04:25Z;;587;1671
2024-03-16T08:04:29Z;;600;1684
2024-03-16T08:04:32Z;;598;1682
2024-03-16T08:04:40Z;;602;1686
2024-03-16T08:04:42Z;;599;1683
2024-03-16T08:04:50Z;;605;1689
2024-03-16T08:04:53Z;;599;1683
2024-03-16T08:04:56Z;;600;1684
2024-03-16T08:05:04Z;;593;1677
2024-03-16T08:05:06Z;;601;1685
2024-03-16T08:05:14Z;;594;1678
2024-03-16T08:05:16Z;;603;1687
2024-03-16T08:05:21Z;;597;1681
2024-03-16T08:05:24Z;;600;1684
2024-03-16T08:05:26Z;;597;1681
2024-03-16T08:05:32Z;;600;1684
2024-03-16T08:05:33Z;;597;1681
2024-03-16T08:05:42Z;;604;1688
2024-03-16T08:05:43Z;;602;1686
2024-03-16T08:05:50Z;;600;1684
2024-03-16T08:05:51Z;;599;1683
2024-03-16T08:05:53Z;;608;1692
2024-03-16T08:05:55Z;;598;1682
2024-03-16T08:05:57Z;;600;1684
2024-03-16T08:06:17Z;-433;;167
2024-03-16T08:06:18Z;-296;;304
2024-03-16T08:10:21Z;-575;;25
2024-03-16T08:10:22Z;-601;;-1
2024-03-16T08:10:28Z;-599;;1
2024-03-16T08:10:29Z;-602;;-2
2024-03-16T08:10:34Z;-599;;1
2024-03-16T08:10:35Z;-602;;-2
2024-03-16T08:10:38Z;-603;;-3
2024-03-16T08:10:39Z;-604;;-4
2024-03-16T08:10:41Z;-599;;1
2024-03-16T08:11:03Z;-603;;-3
2024-03-16T08:11:05Z;-589;;11
2024-03-16T08:14:24Z;;900;311
2024-03-16T08:14:26Z;;896;307
2024-03-16T08:14:34Z;;904;315
2024-03-16T08:14:36Z;;899;310
2024-03-16T08:14:37Z;;900;311
2024-03-16T08:14:39Z;;891;302
2024-03-16T08:14:40Z;;900;311
2024-03-16T08:14:42Z;;899;310
2024-03-16T08:14:44Z;;902;313
2024-03-16T08:14:48Z;;894;305
2024-03-16T08:14:50Z;;902;313
2024-03-16T08:14:58Z;;896;307
2024-03-16T08:15:00Z;;902;313
2024-03-16T08:15:03Z;;896;307
2024-03-16T08:15:06Z;-748;;148
2024-03-16T08:15:08Z;;898;150
2024-03-16T08:15:10Z;;906;158
2024-03-16T08:15:18Z;;900;152
2024-03-16T08:15:20Z;;909;161
2024-03-16T08:17:11Z;;710;-38
2024-03-16T08:17:12Z;;904;156
2024-03-16T08:18:00Z;;899;151
2024-03-16T08:18:01Z;;907;159
2024-03-16T08:18:09Z;;898;150
2024-03-16T08:18:11Z;;907;159
2024-03-16T08:18:19Z;;897;149
2024-03-16T08:18:21Z;;904;156
2024-03-16T08:18:29Z;;898;150
2024-03-16T08:18:31Z;;904;156
2024-03-16T08:18:39Z;;896;148
2024-03-16T08:18:41Z;;904;156
2024-03-16T08:18:49Z;;894;146
2024-03-16T08:18:51Z;;902;154
2024-03-16T08:18:59Z;;894;146
2024-03-16T08:19:04Z;;901;153
2024-03-16T08:19:09Z;;892;144
2024-03-16T08:19:11Z;;901;153
2024-03-16T08:19:13Z;;899;151
2024-03-16T08:19:14Z;;900;152
2024-03-16T08:19:18Z;;899;151
2024-03-16T08:19:23Z;;900;152
2024-03-16T08:19:24Z;;898;150
2024-03-16T08:19:26Z;-579;903;155
2024-03-16T08:19:28Z;;898;319
2024-03-16T08:19:35Z;;902;323
2024-03-16T08:19:36Z;;897;318
2024-03-16T08:19:45Z;;900;321
2024-03-16T08:19:47Z;;895;316
2024-03-16T08:20:04Z;-574;;321
2024-03-16T08:22:49Z;-605;;290
2024-03-16T08:22:51Z;-595;;300
2024-03-16T08:22:52Z;-602;;293
2024-03-16T08:22:53Z;-596;;299
2024-03-16T08:22:57Z;;280;-316
2024-03-16T08:22:58Z;;809;213
2024-03-16T08:30:03Z;;881;285
2024-03-16T08:30:06Z;-742;;139
2024-03-16T08:30:27Z;;900;158
2024-03-16T08:30:28Z;;894;152
2024-03-16T08:30:36Z;;903;161
2024-03-16T08:30:37Z;;898;156
2024-03-16T08:30:40Z;;905;163
2024-03-16T08:31:22Z;-770;;135
2024-03-16T08:31:23Z;-331;;574
2024-03-16T08:34:17Z;;896;565
2024-03-16T08:34:18Z;;902;571
2024-03-16T08:34:24Z;;898;567
2024-03-16T08:40:53Z;;529;198
2024-03-16T08:40:54Z;;735;404
2024-03-16T08:41:57Z;;374;43
2024-03-16T08:41:58Z;;738;407
2024-03-16T08:45:03Z;;710;379
2024-03-16T08:45:06Z;-677;;33
2024-03-16T08:47:05Z;-622;;88
2024-03-16T08:47:06Z;-528;;182
2024-03-16T08:48:31Z;-599;;111
2024-03-16T08:48:33Z;-607;;103
2024-03-16T08:49:01Z;-607;;103
2024-03-16T08:49:02Z;-599;;111
2024-03-16T08:51:10Z;-361;;349
2024-03-16T08:51:30Z;-428;;282
2024-03-16T08:52:19Z;-392;;318
2024-03-16T08:52:38Z;-656;;54
2024-03-16T08:52:58Z;;271;-385
2024-03-16T08:52:59Z;;723;67
2024-03-16T08:53:01Z;;260;-396
2024-03-16T08:53:03Z;;721;65
2024-03-16T08:57:01Z;;900;244
2024-03-16T08:57:03Z;;894;238
2024-03-16T08:57:05Z;;904;248
2024-03-16T08:57:07Z;;899;243
2024-03-16T08:57:09Z;;908;252
2024-03-16T08:57:46Z;-892;;16
2024-03-16T08:57:48Z;-902;;6
2024-03-16T08:57:50Z;-896;;12
2024-03-16T08:57:52Z;-906;;2
2024-03-16T08:57:53Z;-899;;9
2024-03-16T09:00:03Z;;1043;144
2024-03-16T09:00:09Z;-996;;47
2024-03-16T09:02:00Z;;416;-580
2024-03-16T09:02:01Z;;1064;68
2024-03-16T09:02:13Z;;757;-239
2024-03-16T09:02:14Z;;1078;82
2024-03-16T09:02:16Z;;741;-255
2024-03-16T09:02:18Z;-1200;;-459
2024-03-16T09:02:19Z;-1044;;-303
2024-03-16T09:02:20Z;;978;-66
2024-03-16T09:09:55Z;;810;-234
2024-03-16T09:09:56Z;;1056;12
2024-03-16T09:12:19Z;-1026;;30
2024-03-16T09:12:21Z;;1338;312
2024-03-16T09:12:22Z;;1090;64
2024-03-16T09:12:24Z;-662;;428
2024-03-16T09:14:55Z;;1201;539
2024-03-16T09:14:56Z;;1199;537
2024-03-16T09:14:58Z;;1200;538
2024-03-16T09:15:00Z;;1192;530
2024-03-16T09:15:02Z;;1200;538
2024-03-16T09:15:06Z;;1200;538
2024-03-16T09:15:10Z;-1145;;55
2024-03-16T09:15:52Z;-1198;;2
2024-03-16T09:15:58Z;-1204;;-4
2024-03-16T09:16:03Z;-1204;;-4
2024-03-16T09:16:49Z;333;;1533
2024-03-16T09:17:59Z;-1201;;-1
2024-03-16T09:18:04Z;-1198;;2
2024-03-16T09:18:06Z;-1204;;-4
2024-03-16T09:19:36Z;-1308;;-108
2024-03-16T09:19:57Z;-1097;;103
2024-03-16T09:20:33Z;-1279;;-79
2024-03-16T09:20:53Z;-1067;;133
2024-03-16T09:22:35Z;;957;-110
2024-03-16T09:22:37Z;;1462;395
2024-03-16T09:23:39Z;-1249;;213
2024-03-16T09:23:40Z;-661;;801
2024-03-16T09:24:49Z;-1207;;255
2024-03-16T09:24:50Z;-586;;876
2024-03-16T09:24:56Z;-1197;;265
2024-03-16T09:25:42Z;;958;-239
2024-03-16T09:25:44Z;;1308;111
2024-03-16T09:27:29Z;-1082;;226
2024-03-16T09:27:30Z;-860;;448
2024-03-16T09:28:46Z;;1198;338
2024-03-16T09:28:48Z;;1202;342
2024-03-16T09:28:56Z;;1193;333
2024-03-16T09:30:02Z;;1152;292
2024-03-16T09:30:06Z;-969;;183
2024-03-16T09:31:29Z;;494;-475
2024-03-16T09:31:31Z;;1112;143
2024-03-16T09:32:06Z;-900;;212
2024-03-16T09:32:07Z;-907;;205
2024-03-16T09:32:15Z;-746;;366
2024-03-16T09:32:31Z;;385;-361
2024-03-16T09:32:33Z;;1081;335
2024-03-16T09:37:54Z;;841;95
2024-03-16T09:37:56Z;;1038;292
2024-03-16T09:40:08Z;-901;;137
2024-03-16T09:40:12Z;-875;;163
2024-03-16T09:40:38Z;;385;-490
2024-03-16T09:40:40Z;;1034;159
2024-03-16T09:40:52Z;-368;;666
2024-03-16T09:40:53Z;-847;;187
2024-03-16T09:41:01Z;-900;;134
2024-03-16T09:41:05Z;-898;;136
2024-03-16T09:41:26Z;-895;;139
2024-03-16T09:41:32Z;-902;;132
2024-03-16T09:41:53Z;-905;;129
2024-03-16T09:41:57Z;-913;;121
2024-03-16T09:42:14Z;-859;;175
2024-03-16T09:42:17Z;-904;;130
2024-03-16T09:42:19Z;-898;;136
2024-03-16T09:42:31Z;-905;;129
2024-03-16T09:42:33Z;-902;;132
2024-03-16T09:42:35Z;-907;;127
2024-03-16T09:42:37Z;-893;;141
2024-03-16T09:42:41Z;-906;;128
2024-03-16T09:42:42Z;-896;;138
2024-03-16T09:42:45Z;-895;;139
2024-03-16T09:42:46Z;-895;;139
2024-03-16T09:42:54Z;-906;;128
2024-03-16T09:42:57Z;-908;;126
2024-03-16T09:43:05Z;-896;;138
2024-03-16T09:43:06Z;-895;;139
2024-03-16T09:43:16Z;-903;;131
2024-03-16T09:43:17Z;-908;;126
2024-03-16T09:44:27Z;-924;;110
2024-03-16T09:45:02Z;;1075;151
2024-03-16T09:45:07Z;-891;;184
2024-03-16T09:45:09Z;-901;;174
2024-03-16T09:45:10Z;-894;;181
2024-03-16T09:45:37Z;-904;;171
2024-03-16T09:45:38Z;-902;;173
2024-03-16T09:45:41Z;-896;;179
2024-03-16T09:45:42Z;-901;;174
2024-03-16T09:45:48Z;-898;;177
2024-03-16T09:45:49Z;-902;;173
2024-03-16T09:45:50Z;-898;;177
2024-03-16T09:45:52Z;-903;;172
2024-03-16T09:45:54Z;-893;;182
2024-03-16T09:46:06Z;-907;;168
2024-03-16T09:46:13Z;-897;;178
2024-03-16T09:49:11Z;997;;2072
2024-03-16T09:50:20Z;873;;1948
2024-03-16T09:50:54Z;852;;1927
2024-03-16T09:51:54Z;;1201;2053
2024-03-16T09:51:56Z;;1194;2046
2024-03-16T09:51:58Z;;1202;2054
2024-03-16T09:52:01Z;;1197;2049
2024-03-16T09:52:02Z;;1205;2057
2024-03-16T09:52:05Z;;1197;2049
2024-03-16T09:52:06Z;;1207;2059
2024-03-16T09:52:08Z;;1199;2051
2024-03-16T09:52:10Z;;1200;2052
2024-03-16T09:52:24Z;-755;;445
2024-03-16T09:52:25Z;-1129;;71
2024-03-16T09:52:30Z;;1180;51
2024-03-16T09:52:32Z;;1210;81
2024-03-16T09:52:38Z;;1182;53
2024-03-16T09:52:40Z;;1213;84
2024-03-16T09:52:49Z;;1149;20
2024-03-16T09:52:51Z;;1228;99
2024-03-16T09:52:58Z;-1153;;75
2024-03-16T09:53:00Z;-1152;;76
2024-03-16T09:53:32Z;;1018;-134
2024-03-16T09:53:33Z;;1238;86
2024-03-16T09:54:48Z;-1205;;33
2024-03-16T09:54:49Z;-1198;;40
2024-03-16T09:54:51Z;-1200;;38
2024-03-16T09:54:57Z;-1195;;43
2024-03-16T09:54:59Z;-1204;;34
2024-03-16T09:55:34Z;;776;-428
2024-03-16T09:55:36Z;;1305;101
2024-03-16T09:57:27Z;-1315;;-10
2024-03-16T09:57:28Z;-792;;513
2024-03-16T10:00:03Z;;1456;664
2024-03-16T10:00:06Z;-1385;;71
2024-03-16T10:00:49Z;;1500;115
2024-03-16T10:00:50Z;;1498;113
2024-03-16T10:00:55Z;;1501;116
2024-03-16T10:01:03Z;;1494;109
2024-03-16T10:01:08Z;;1508;123
2024-03-16T10:01:10Z;;1499;114
2024-03-16T10:01:12Z;;1500;115
2024-03-16T10:01:16Z;;1488;103
2024-03-16T10:01:18Z;;1506;121
2024-03-16T10:02:56Z;-1014;;492
2024-03-16T10:02:57Z;-1465;;41
2024-03-16T10:02:59Z;-1503;;3
2024-03-16T10:03:00Z;-1471;;35
2024-03-16T10:05:31Z;-1494;;12
2024-03-16T10:05:33Z;-1434;;72
2024-03-16T10:05:39Z;-1440;;66
2024-03-16T10:05:43Z;-1510;;-4
2024-03-16T10:05:51Z;-1490;;16
2024-03-16T10:06:04Z;-1492;;14
2024-03-16T10:06:12Z;-1518;;-12
2024-03-16T10:06:16Z;-1455;;51
2024-03-16T10:06:28Z;-1520;;-14
2024-03-16T10:06:41Z;-1438;;68
2024-03-16T10:06:48Z;-1541;;-35
2024-03-16T10:06:52Z;-1447;;59
2024-03-16T10:07:03Z;-1442;;64
2024-03-16T10:07:08Z;184;;1690
2024-03-16T10:07:14Z;187;;1693
2024-03-16T10:07:26Z;190;;1696
2024-03-16T10:08:10Z;168;;1674
2024-03-16T10:08:21Z;152;;1658
2024-03-16T10:10:06Z;0;;1506
2024-03-16T10:10:08Z;5;;1511
2024-03-16T10:10:09Z;0;;1506
2024-03-16T10:10:10Z;8;;1514
2024-03-16T10:10:18Z;0;;1506
2024-03-16T10:10:19Z;-10;;1496
2024-03-16T10:10:22Z;108;;1614
2024-03-16T10:12:22Z;301;;1807
2024-03-16T10:12:23Z;205;;1711
2024-03-16T10:12:24Z;;1499;1704
2024-03-16T10:12:27Z;353;;1852
2024-03-16T10:12:34Z;258;;1757
2024-03-16T10:12:38Z;349;;1848
2024-03-16T10:13:05Z;761;;2260
2024-03-16T10:13:06Z;465;;1964
2024-03-16T10:14:17Z;601;1191;2100
2024-03-16T10:14:19Z;590;;1781
2024-03-16T10:14:23Z;615;;1806
2024-03-16T10:14:24Z;507;;1698
2024-03-16T10:14:30Z;616;;1807
2024-03-16T10:14:40Z;531;;1722
2024-03-16T10:14:44Z;614;;1805
2024-03-16T10:14:51Z;555;;1746
2024-03-16T10:14:55Z;638;;1829
2024-03-16T10:15:02Z;;1128;1766
2024-03-16T10:15:06Z;681;;1809
2024-03-16T10:15:07Z;577;;1705
2024-03-16T10:15:10Z;601;;1729
2024-03-16T10:15:11Z;593;;1721
2024-03-16T10:15:12Z;737;;1865
2024-03-16T10:16:56Z;908;;2036
2024-03-16T10:16:57Z;841;;1969
2024-03-16T10:17:43Z;909;;2037
2024-03-16T10:17:44Z;855;;1983
2024-03-16T10:18:01Z;957;;2085
2024-03-16T10:18:02Z;878;;2006
2024-03-16T10:18:15Z;912;;2040
2024-03-16T10:18:16Z;866;;1994
2024-03-16T10:18:18Z;912;;2040
2024-03-16T10:18:21Z;742;;1870
2024-03-16T10:18:32Z;910;;2038
2024-03-16T10:18:33Z;894;;2022
2024-03-16T10:18:50Z;925;;2053
2024-03-16T10:18:51Z;889;;2017
2024-03-16T10:18:52Z;905;;2033
2024-03-16T10:18:53Z;773;;1901
2024-03-16T10:19:06Z;959;;2087
2024-03-16T10:19:07Z;874;;2002
2024-03-16T10:19:20Z;905;;2033
2024-03-16T10:19:21Z;878;;2006
2024-03-16T10:20:09Z;930;;2058
2024-03-16T10:20:10Z;886;;2014
2024-03-16T10:20:13Z;904;;2032
2024-03-16T10:20:14Z;794;;1922
2024-03-16T10:20:27Z;974;;2102
2024-03-16T10:20:28Z;880;;2008
2024-03-16T10:20:42Z;917;;2045
2024-03-16T10:20:47Z;791;;1919
2024-03-16T10:20:58Z;942;;2070
2024-03-16T10:20:59Z;896;;2024
2024-03-16T10:21:16Z;985;;2113
2024-03-16T10:21:19Z;836;;1964
2024-03-16T10:21:30Z;999;;2127
2024-03-16T10:21:33Z;884;;2012
2024-03-16T10:21:47Z;907;;2035
2024-03-16T10:21:48Z;893;;2021
2024-03-16T10:21:49Z;907;;2035
2024-03-16T10:21:50Z;894;;2022
2024-03-16T10:21:57Z;;899;1793
2024-03-16T10:21:59Z;;906;1800
2024-03-16T10:22:03Z;923;;1829
2024-03-16T10:22:06Z;896;902;1802
2024-03-16T10:22:07Z;905;;1807
2024-03-16T10:22:10Z;;900;1805
2024-03-16T10:22:11Z;781;;1681
2024-03-16T10:22:14Z;;900;1681
2024-03-16T10:22:20Z;906;;1806
2024-03-16T10:22:24Z;792;;1692
2024-03-16T10:22:35Z;981;;1881
2024-03-16T10:22:40Z;849;;1749
2024-03-16T10:22:51Z;933;;1833
2024-03-16T10:22:57Z;806;;1706
2024-03-16T10:23:07Z;916;;1816
2024-03-16T10:23:11Z;1290;;2190
2024-03-16T10:23:12Z;953;;1853
2024-03-16T10:23:13Z;826;;1726
2024-03-16T10:23:23Z;915;;1815
2024-03-16T10:23:29Z;798;;1698
2024-03-16T10:23:40Z;991;;1891
2024-03-16T10:23:46Z;819;;1719
2024-03-16T10:23:56Z;1031;;1931
2024-03-16T10:24:02Z;864;;1764
2024-03-16T10:24:12Z;950;;1850
2024-03-16T10:24:18Z;875;;1775
2024-03-16T10:24:28Z;1018;;1918
2024-03-16T10:24:35Z;890;;1790
2024-03-16T10:24:45Z;1084;;1984
2024-03-16T10:24:51Z;818;;1718
2024-03-16T10:24:55Z;988;;1888
2024-03-16T10:25:16Z;850;;1750
2024-03-16T10:25:17Z;993;;1893
2024-03-16T10:25:23Z;870;;1770
2024-03-16T10:25:27Z;1114;;2014
2024-03-16T10:25:34Z;1208;;2108
2024-03-16T10:25:35Z;1181;;2081
2024-03-16T10:25:50Z;830;;1730
2024-03-16T10:25:51Z;1035;;1935
2024-03-16T10:25:55Z;830;;1730
2024-03-16T10:26:06Z;975;;1875
2024-03-16T10:26:12Z;856;;1756
2024-03-16T10:26:22Z;933;;1833
2024-03-16T10:26:28Z;810;;1710
2024-03-16T10:26:38Z;917;;1817
2024-03-16T10:26:44Z;871;;1771
2024-03-16T10:26:54Z;916;326;1816
2024-03-16T10:26:56Z;1281;;1607
2024-03-16T10:26:57Z;1038;;1364
2024-03-16T10:26:59Z;;830;1868
2024-03-16T10:27:02Z;832;;1662
2024-03-16T10:27:11Z;1005;;1835
2024-03-16T10:27:17Z;766;;1596
2024-03-16T10:27:28Z;913;;1743
2024-03-16T10:27:33Z;778;;1608
2024-03-16T10:27:43Z;969;;1799
2024-03-16T10:27:49Z;821;;1651
2024-03-16T10:28:00Z;1003;;1833
2024-03-16T10:28:05Z;861;;1691
2024-03-16T10:28:16Z;1039;;1869
2024-03-16T10:28:22Z;815;;1645
2024-03-16T10:28:32Z;978;;1808
2024-03-16T10:28:38Z;828;;1658
2024-03-16T10:28:48Z;916;;1746
2024-03-16T10:28:54Z;824;;1654
2024-03-16T10:29:05Z;1046;;1876
2024-03-16T10:29:10Z;837;;1667
2024-03-16T10:29:21Z;1037;;1867
2024-03-16T10:29:26Z;894;;1724
2024-03-16T10:29:37Z;977;;1807
2024-03-16T10:29:43Z;867;;1697
2024-03-16T10:29:53Z;957;;1787
2024-03-16T10:29:59Z;833;;1663
2024-03-16T10:30:02Z;;824;1657
2024-03-16T10:30:06Z;841;;1665
2024-03-16T10:30:09Z;949;;1773
2024-03-16T10:30:15Z;837;;1661
2024-03-16T10:30:26Z;1020;;1844
2024-03-16T10:30:32Z;825;;1649
2024-03-16T10:30:42Z;935;;1759
2024-03-16T10:30:48Z;824;;1648
2024-03-16T10:30:58Z;920;;1744
2024-03-16T10:31:04Z;830;;1654
2024-03-16T10:31:14Z;930;;1754
2024-03-16T10:31:18Z;2275;;3099
2024-03-16T10:31:19Z;1102;;1926
2024-03-16T10:32:12Z;974;;1798
2024-03-16T10:32:18Z;-651;;173
2024-03-16T10:32:34Z;-655;;169
2024-03-16T10:32:35Z;-662;;162
2024-03-16T10:32:41Z;-522;;302
2024-03-16T10:32:51Z;-660;;164
2024-03-16T10:32:57Z;-525;;299
2024-03-16T10:33:08Z;-552;;272
2024-03-16T10:33:14Z;-651;;173
2024-03-16T10:33:16Z;;593;-58
2024-03-16T10:33:18Z;;803;152
2024-03-16T10:33:25Z;-457;;346
2024-03-16T10:33:30Z;-624;;179
2024-03-16T10:33:41Z;-433;;370
2024-03-16T10:33:47Z;-659;;144
2024-03-16T10:33:57Z;-506;;297
2024-03-16T10:34:03Z;-650;;153
2024-03-16T10:34:12Z;-642;;161
2024-03-16T10:34:18Z;-524;;279
2024-03-16T10:34:29Z;-655;;148
2024-03-16T10:34:34Z;-522;;281
2024-03-16T10:34:45Z;-644;;159
2024-03-16T10:34:51Z;-531;;272
2024-03-16T10:35:02Z;-517;;286
2024-03-16T10:35:08Z;-648;;155
2024-03-16T10:35:17Z;-656;;147
2024-03-16T10:35:23Z;-527;;276
2024-03-16T10:35:33Z;-653;;150
2024-03-16T10:35:39Z;-510;;293
2024-03-16T10:35:50Z;-658;;145
2024-03-16T10:35:56Z;-559;;244
2024-03-16T10:36:06Z;-657;;146
2024-03-16T10:36:12Z;-506;;297
2024-03-16T10:36:22Z;-647;;156
2024-03-16T10:36:28Z;-527;;276
2024-03-16T10:36:39Z;-543;;260
2024-03-16T10:36:45Z;-658;;145
2024-03-16T10:36:56Z;-447;;356
2024-03-16T10:37:02Z;-670;;133
2024-03-16T10:37:12Z;-479;;324
2024-03-16T10:37:18Z;-668;;135
2024-03-16T10:37:28Z;-549;;254
2024-03-16T10:37:33Z;-545;;258
2024-03-16T10:37:43Z;-677;;126
2024-03-16T10:37:49Z;1027;;1830
2024-03-16T10:37:52Z;892;;1695
2024-03-16T10:37:53Z;902;;1705
2024-03-16T10:37:54Z;899;;1702
2024-03-16T10:38:01Z;1097;;1900
2024-03-16T10:38:07Z;891;;1694
2024-03-16T10:38:13Z;908;;1711
2024-03-16T10:38:16Z;876;;1679
2024-03-16T10:38:17Z;1039;;1842
2024-03-16T10:38:23Z;887;;1690
2024-03-16T10:38:33Z;978;;1781
2024-03-16T10:38:39Z;870;;1673
2024-03-16T10:38:43Z;924;;1727
2024-03-16T10:38:52Z;1012;;1815
2024-03-16T10:38:54Z;-546;;257
2024-03-16T10:39:04Z;-684;;119
2024-03-16T10:39:10Z;-575;;228
2024-03-16T10:39:21Z;-704;;99
2024-03-16T10:39:27Z;-551;;252
2024-03-16T10:39:37Z;-704;;99
2024-03-16T10:39:43Z;-572;;231
2024-03-16T10:39:55Z;-553;;250
2024-03-16T10:39:59Z;-584;;219
2024-03-16T10:40:11Z;-545;;258
2024-03-16T10:40:14Z;-593;;210
2024-03-16T10:40:18Z;;272;-321
2024-03-16T10:40:20Z;;865;272
2024-03-16T10:40:28Z;-606;;259
2024-03-16T10:40:29Z;-597;901;268
2024-03-16T10:40:31Z;;892;295
2024-03-16T10:40:33Z;-601;;291
2024-03-16T10:40:34Z;-592;900;300
2024-03-16T10:41:00Z;;906;314
2024-03-16T10:41:02Z;-580;;326
2024-03-16T10:41:03Z;-621;;285
2024-03-16T10:41:04Z;-348;;558
2024-03-16T10:41:05Z;-763;;143
2024-03-16T10:41:17Z;-577;;329
2024-03-16T10:41:19Z;-656;;250
2024-03-16T10:41:32Z;-589;;317
2024-03-16T10:41:33Z;-669;;237
2024-03-16T10:41:51Z;;427;-242
2024-03-16T10:41:53Z;;1006;337
2024-03-16T10:41:54Z;-706;;300
2024-03-16T10:41:55Z;-841;;165
2024-03-16T10:42:09Z;-778;;228
2024-03-16T10:42:19Z;-918;;88
2024-03-16T10:42:25Z;-824;;182
2024-03-16T10:42:36Z;-984;;22
2024-03-16T10:42:42Z;-907;;99
2024-03-16T10:42:49Z;;1211;304
2024-03-16T10:43:20Z;-1191;;20
2024-03-16T10:43:24Z;-1218;;-7
2024-03-16T10:43:30Z;-1138;;73
2024-03-16T10:43:35Z;;1512;374
2024-03-16T10:43:45Z;;1939;801
2024-03-16T10:43:46Z;-1288;;224
2024-03-16T10:43:49Z;-2100;;-161
2024-03-16T10:43:50Z;;2194;94
2024-03-16T10:43:51Z;-2438;;-244
2024-03-16T10:43:52Z;;2362;-76
2024-03-16T10:43:57Z;-2346;;16
2024-03-16T10:43:59Z;;2355;9
2024-03-16T10:44:05Z;;2072;-274
2024-03-16T10:44:06Z;-1862;;210
2024-03-16T10:44:19Z;-1704;;368
2024-03-16T10:44:21Z;;2101;397
2024-03-16T10:44:25Z;;2082;378
2024-03-16T10:44:30Z;-1729;;353
2024-03-16T10:44:41Z;-1800;;282
2024-03-16T10:44:46Z;;2130;330
2024-03-16T10:44:47Z;-1770;;360
2024-03-16T10:44:48Z;-1860;;270
2024-03-16T10:44:51Z;-2122;;8
2024-03-16T10:44:52Z;;2496;374
2024-03-16T10:44:53Z;-2444;;52
2024-03-16T10:44:54Z;;2718;274
2024-03-16T10:44:57Z;-2709;;9
2024-03-16T10:44:58Z;;3031;322
2024-03-16T10:45:02Z;-3027;;4
2024-03-16T10:45:03Z;-2918;;113
2024-03-16T10:45:04Z;-3013;;18
2024-03-16T10:45:06Z;-3032;;-1
2024-03-16T10:45:07Z;;2966;-66
2024-03-16T10:45:08Z;-2969;3365;333
2024-03-16T10:45:09Z;;3295;326
2024-03-16T10:45:12Z;-3066;;229
2024-03-16T10:45:13Z;-2996;;299
2024-03-16T10:45:30Z;-3363;;-68
2024-03-16T10:45:33Z;;3630;267
2024-03-16T10:45:36Z;-3272;;358
2024-03-16T10:45:38Z;-3306;;324
2024-03-16T10:45:39Z;-3296;;334
2024-03-16T10:45:41Z;-3407;;223
2024-03-16T10:45:52Z;-3228;;402
2024-03-16T10:45:53Z;-3277;;353
2024-03-16T10:46:08Z;;3570;293
2024-03-16T10:46:09Z;-3195;;375
2024-03-16T10:46:19Z;;3295;100
2024-03-16T10:46:22Z;-2965;;330
2024-03-16T10:46:27Z;-2699;;596
2024-03-16T10:46:30Z;-2770;;525
2024-03-16T10:46:31Z;;2984;214
2024-03-16T10:46:32Z;-2730;;254
2024-03-16T10:46:41Z;-2336;;648
2024-03-16T10:46:44Z;;2686;350
2024-03-16T10:46:45Z;-2327;;359
2024-03-16T10:46:55Z;-2367;;319
2024-03-16T10:47:00Z;-2061;;625
2024-03-16T10:47:02Z;-2098;;588
2024-03-16T10:47:03Z;;2388;290
2024-03-16T10:47:06Z;-2092;;296
2024-03-16T10:47:08Z;;2061;-31
2024-03-16T10:47:09Z;-1847;;214
2024-03-16T10:47:13Z;183;;2244
2024-03-16T10:47:18Z;71;;2132
2024-03-16T10:47:41Z;20;;2081
2024-03-16T10:47:42Z;;1737;1757
2024-03-16T10:47:44Z;175;;1912
2024-03-16T10:47:54Z;-1211;;526
2024-03-16T10:47:56Z;;1492;281
2024-03-16T10:48:00Z;-1288;;204
2024-03-16T10:48:01Z;-1286;;206
2024-03-16T10:48:07Z;-1137;;355
2024-03-16T10:48:18Z;-1078;;414
2024-03-16T10:49:09Z;-846;;646
2024-03-16T10:49:10Z;-934;;558
2024-03-16T10:49:24Z;;1195;261
2024-03-16T10:49:25Z;-895;;300
2024-03-16T10:49:27Z;-893;;302
2024-03-16T10:49:28Z;;1200;307
2024-03-16T10:49:29Z;;1196;303
2024-03-16T10:49:40Z;-841;;355
2024-03-16T10:49:44Z;-864;;332
2024-03-16T10:49:55Z;-899;;297
2024-03-16T10:50:00Z;-861;;335
2024-03-16T10:50:11Z;-963;;233
2024-03-16T10:50:13Z;-841;;355
2024-03-16T10:51:02Z;-1026;;170
2024-03-16T10:51:03Z;-914;;282
2024-03-16T10:51:16Z;-1057;;139
2024-03-16T10:51:17Z;-830;;366
2024-03-16T10:51:34Z;-1035;;161
2024-03-16T10:51:35Z;-904;;292
2024-03-16T10:51:49Z;-920;;276
2024-03-16T10:51:53Z;-892;;304
2024-03-16T10:52:05Z;-902;;294
2024-03-16T10:52:11Z;-993;;203
2024-03-16T10:52:22Z;-794;;402
2024-03-16T10:52:26Z;-865;;331
2024-03-16T10:52:37Z;-985;;211
2024-03-16T10:52:44Z;-981;;215
2024-03-16T10:52:54Z;-867;;329
2024-03-16T10:53:00Z;-966;;230
2024-03-16T10:53:10Z;-854;;342
2024-03-16T10:53:16Z;-952;;244
2024-03-16T10:53:27Z;-712;;484
2024-03-16T10:53:33Z;-936;;260
2024-03-16T10:53:42Z;-926;;270
2024-03-16T10:53:49Z;-908;;288
2024-03-16T10:53:58Z;-912;;284
2024-03-16T10:54:05Z;-913;;283
2024-03-16T10:54:14Z;-909;;287
2024-03-16T10:54:20Z;-777;;419
2024-03-16T10:54:23Z;-898;;298
2024-03-16T10:54:25Z;-900;;296
2024-03-16T10:54:26Z;-899;;297
2024-03-16T10:55:18Z;;898;-1
2024-03-16T10:55:20Z;;903;4
2024-03-16T10:55:26Z;;895;-4
2024-03-16T10:57:15Z;-599;;296
2024-03-16T10:57:16Z;-621;;274
2024-03-16T10:57:35Z;-587;;308
2024-03-16T10:57:36Z;-603;;292
2024-03-16T10:57:37Z;-590;;305
2024-03-16T10:57:38Z;-729;;166
2024-03-16T10:57:46Z;-717;;178
2024-03-16T10:57:49Z;-595;;300
2024-03-16T10:57:51Z;-590;;305
2024-03-16T10:57:52Z;-588;;307
2024-03-16T10:58:02Z;-701;;194
2024-03-16T10:58:08Z;-557;;338
2024-03-16T10:58:18Z;-678;;217
2024-03-16T10:58:24Z;-539;;356
2024-03-16T10:58:35Z;-561;;334
2024-03-16T10:58:41Z;-653;;242
2024-03-16T10:58:52Z;-446;;449
2024-03-16T10:58:56Z;-523;;372
2024-03-16T10:59:07Z;-653;;242
2024-03-16T10:59:13Z;-511;;384
2024-03-16T10:59:23Z;-630;;265
2024-03-16T10:59:29Z;-491;;404
2024-03-16T10:59:40Z;-513;;382
2024-03-16T10:59:46Z;-610;;285
2024-03-16T10:59:52Z;-597;;298
2024-03-16T10:59:54Z;-607;;288
2024-03-16T10:59:56Z;-519;;376
2024-03-16T11:00:02Z;;658;139
2024-03-16T11:00:05Z;-603;;55
2024-03-16T11:00:10Z;-466;;192
2024-03-16T11:00:56Z;;598;132
2024-03-16T11:02:06Z;-472;;126
2024-03-16T11:02:07Z;-280;;318
2024-03-16T11:02:23Z;-479;;119
2024-03-16T11:02:25Z;-278;;320
2024-03-16T11:02:56Z;-294;;304
2024-03-16T11:02:57Z;-317;;281
2024-03-16T11:03:13Z;-271;;327
2024-03-16T11:03:15Z;-293;;305
2024-03-16T11:03:23Z;;237;-56
2024-03-16T11:03:25Z;;457;164
2024-03-16T11:03:29Z;-435;;22
2024-03-16T11:03:30Z;-120;;337
2024-03-16T11:03:32Z;-310;;147
2024-03-16T11:03:33Z;-283;;174
2024-03-16T11:03:43Z;-428;;29
2024-03-16T11:03:49Z;-292;;165
2024-03-16T11:04:00Z;-315;;142
2024-03-16T11:04:05Z;-275;;182
2024-03-16T11:04:15Z;-396;;61
2024-03-16T11:04:21Z;-263;;194
2024-03-16T11:04:33Z;-185;;272
2024-03-16T11:04:38Z;-263;;194
2024-03-16T11:04:48Z;-385;;72
2024-03-16T11:04:54Z;-245;;212
2024-03-16T11:05:04Z;-380;;77
2024-03-16T11:05:10Z;-241;;216
2024-03-16T11:05:20Z;-378;;79
2024-03-16T11:05:26Z;-248;;209
2024-03-16T11:05:37Z;-369;;88
2024-03-16T11:05:44Z;-361;;96
2024-03-16T11:05:54Z;-187;;270
2024-03-16T11:05:59Z;-214;;243
2024-03-16T11:06:09Z;-358;;99
2024-03-16T11:06:15Z;-205;;252
2024-03-16T11:06:26Z;-250;;207
2024-03-16T11:06:32Z;-340;;117
2024-03-16T11:06:42Z;-255;;202
2024-03-16T11:06:48Z;-331;;126
2024-03-16T11:06:59Z;-186;;271
2024-03-16T11:07:05Z;-348;;109
2024-03-16T11:07:15Z;-224;;233
2024-03-16T11:07:21Z;-338;;119
2024-03-16T11:07:31Z;-229;;228
2024-03-16T11:07:36Z;-65;;392
2024-03-16T11:07:37Z;-329;;128
2024-03-16T11:07:38Z;-81;;376
2024-03-16T11:07:46Z;-327;;130
2024-03-16T11:07:54Z;-333;;124
2024-03-16T11:08:03Z;-339;;118
2024-03-16T11:08:09Z;-193;;264
2024-03-16T11:08:27Z;-302;;155
2024-03-16T11:08:29Z;-291;;166
2024-03-16T11:08:34Z;-298;;159
2024-03-16T11:08:37Z;-289;;168
2024-03-16T11:08:42Z;-305;;152
2024-03-16T11:09:35Z;-256;;201
2024-03-16T11:09:39Z;-270;;187
2024-03-16T11:09:47Z;-302;;155
2024-03-16T11:09:49Z;-228;;229
2024-03-16T11:09:58Z;-306;;151
2024-03-16T11:10:00Z;-125;;332
2024-03-16T11:10:08Z;-302;;155
2024-03-16T11:10:09Z;-299;;158
2024-03-16T11:10:53Z;1;;458
2024-03-16T11:12:13Z;;295;296
2024-03-16T11:12:15Z;;304;305
2024-03-16T11:12:17Z;20;;324
2024-03-16T11:12:18Z;266;;570
2024-03-16T11:12:21Z;;294;560
2024-03-16T11:12:23Z;;301;567
2024-03-16T11:12:30Z;;299;565
2024-03-16T11:12:37Z;;304;570
2024-03-16T11:12:39Z;;298;564
2024-03-16T11:12:47Z;;300;566
2024-03-16T11:12:49Z;;293;559
2024-03-16T11:13:29Z;149;;442
2024-03-16T11:13:30Z;21;;314
2024-03-16T11:14:42Z;1;;294
2024-03-16T11:14:43Z;-3;;290
2024-03-16T11:15:02Z;;260;257
2024-03-16T11:15:08Z;-28;;232
2024-03-16T11:16:02Z;0;;260
2024-03-16T11:16:12Z;4;;264
2024-03-16T11:16:14Z;0;;260
2024-03-16T11:16:22Z;3;;263
2024-03-16T11:16:24Z;0;;260
2024-03-16T11:17:50Z;-360;;-100
2024-03-16T11:17:51Z;-167;;93
2024-03-16T11:20:08Z;7;;267
2024-03-16T11:20:25Z;4;;264
2024-03-16T11:20:34Z;31;;291
2024-03-16T11:20:35Z;-8;;252
2024-03-16T11:20:37Z;3;;263
2024-03-16T11:20:47Z;35;;295
2024-03-16T11:20:48Z;15;;275
2024-03-16T11:21:05Z;5;;265
2024-03-16T11:21:06Z;3;;263
2024-03-16T11:21:14Z;47;;307
2024-03-16T11:21:15Z;0;;260
2024-03-16T11:21:27Z;13;;273
2024-03-16T11:21:40Z;64;;324
2024-03-16T11:21:41Z;-9;;251
2024-03-16T11:21:42Z;37;;297
2024-03-16T11:21:47Z;-156;;104
2024-03-16T11:21:53Z;24;;284
2024-03-16T11:21:54Z;0;;260
2024-03-16T11:21:55Z;16;;276
2024-03-16T11:21:57Z;-5;;255
2024-03-16T11:22:06Z;65;;325
2024-03-16T11:22:09Z;0;;260
2024-03-16T11:22:10Z;53;;313
2024-03-16T11:22:12Z;-165;;95
2024-03-16T11:22:20Z;22;;282
2024-03-16T11:22:21Z;-4;;256
2024-03-16T11:22:23Z;28;;288
2024-03-16T11:22:25Z;-150;;110
2024-03-16T11:22:33Z;21;;281
2024-03-16T11:22:35Z;16;;276
2024-03-16T11:22:37Z;3;;263
2024-03-16T11:22:46Z;37;;297
2024-03-16T11:22:50Z;12;;272
2024-03-16T11:22:59Z;67;;327
2024-03-16T11:23:03Z;30;;290
2024-03-16T11:23:12Z;47;;307
2024-03-16T11:23:14Z;38;;298
2024-03-16T11:23:16Z;26;;286
2024-03-16T11:23:26Z;82;;342
2024-03-16T11:23:30Z;18;;278
2024-03-16T11:24:28Z;11;;271
2024-03-16T11:24:34Z;2;;262
2024-03-16T11:24:48Z;191;;451
2024-03-16T11:25:09Z;-81;;179
2024-03-16T11:25:25Z;57;;317
2024-03-16T11:25:26Z;-109;;151
2024-03-16T11:25:36Z;46;;306
2024-03-16T11:25:37Z;-131;;129
2024-03-16T11:25:45Z;170;;430
2024-03-16T11:25:46Z;-46;;214
2024-03-16T11:25:47Z;176;;436
2024-03-16T11:26:06Z;354;;614
2024-03-16T11:26:07Z;153;;413
2024-03-16T11:26:17Z;91;;351
2024-03-16T11:26:18Z;-81;;179
2024-03-16T11:26:28Z;43;;303
2024-03-16T11:26:38Z;83;;343
2024-03-16T11:26:39Z;-83;;177
2024-03-16T11:26:49Z;77;;337
2024-03-16T11:26:50Z;8;;268
2024-03-16T11:26:59Z;161;;421
2024-03-16T11:27:09Z;27;;287
2024-03-16T11:27:20Z;107;;367
2024-03-16T11:27:30Z;49;;309
2024-03-16T11:27:41Z;157;;417
2024-03-16T11:27:52Z;55;;315
2024-03-16T11:27:57Z;387;;647
2024-03-16T11:27:59Z;195;;455
2024-03-16T11:28:00Z;485;;745
2024-03-16T11:28:01Z;80;;340
2024-03-16T11:28:11Z;38;;298
2024-03-16T11:29:13Z;81;;341
2024-03-16T11:29:14Z;301;;561
2024-03-16T11:29:15Z;105;;365
2024-03-16T11:29:23Z;-1;;259
2024-03-16T11:29:24Z;14;;274
2024-03-16T11:30:02Z;;196;210
2024-03-16T11:30:06Z;67;;263
2024-03-16T11:32:09Z;81;;277
2024-03-16T11:32:45Z;29;;225
2024-03-16T11:32:47Z;-106;;90
2024-03-16T11:33:50Z;53;;249
2024-03-16T11:34:02Z;48;;244
2024-03-16T11:34:06Z;5;;201
2024-03-16T11:34:19Z;2;;198
2024-03-16T11:34:21Z;24;;220
2024-03-16T11:34:23Z;18;;214
2024-03-16T11:34:32Z;61;;257
2024-03-16T11:34:36Z;36;;232
2024-03-16T11:34:45Z;74;;270
2024-03-16T11:34:50Z;60;;256
2024-03-16T11:34:55Z;1421;;1617
2024-03-16T11:34:56Z;77;;273
2024-03-16T11:35:24Z;310;;506
2024-03-16T11:35:30Z;215;;411
2024-03-16T11:35:37Z;303;;499
2024-03-16T11:35:43Z;212;;408
2024-03-16T11:35:49Z;394;;590
2024-03-16T11:35:55Z;190;;386
2024-03-16T11:36:02Z;316;;512
2024-03-16T11:36:08Z;192;;388
2024-03-16T11:36:46Z;311;;507
2024-03-16T11:36:48Z;290;;486
2024-03-16T11:36:55Z;353;;549
2024-03-16T11:37:02Z;63;;259
2024-03-16T11:37:47Z;323;;519
2024-03-16T11:37:48Z;219;;415
2024-03-16T11:38:06Z;;0;219
2024-03-16T11:38:08Z;;171;390
2024-03-16T11:40:03Z;321;;492
2024-03-16T11:40:05Z;261;;432
2024-03-16T11:40:51Z;377;;548
2024-03-16T11:40:52Z;153;;324
2024-03-16T11:40:58Z;300;;471
2024-03-16T11:40:59Z;607;;778
2024-03-16T11:41:00Z;517;;688
2024-03-16T11:41:01Z;290;;461
2024-03-16T11:41:04Z;310;;481
2024-03-16T11:41:05Z;136;;307
2024-03-16T11:42:07Z;516;;687
2024-03-16T11:42:09Z;265;;436
2024-03-16T11:43:05Z;300;;471
2024-03-16T11:43:08Z;245;;416
2024-03-16T11:43:50Z;;301;546
2024-03-16T11:43:52Z;;298;543
2024-03-16T11:43:58Z;;300;545
2024-03-16T11:44:04Z;;296;541
2024-03-16T11:44:06Z;;305;550
2024-03-16T11:44:14Z;;299;544
2024-03-16T11:44:16Z;;301;546
2024-03-16T11:44:23Z;406;;707
2024-03-16T11:44:25Z;222;;523
2024-03-16T11:45:10Z;;334;556
2024-03-16T11:45:13Z;62;;396
2024-03-16T11:45:51Z;1653;;1987
2024-03-16T11:45:59Z;82;;416
2024-03-16T11:46:21Z;1594;;1928
2024-03-16T11:46:29Z;67;;401
2024-03-16T11:46:45Z;0;;334
2024-03-16T11:46:46Z;-2;;332
2024-03-16T11:46:48Z;137;;471
2024-03-16T11:46:51Z;-10;;324
2024-03-16T11:46:53Z;42;;376
2024-03-16T11:46:58Z;30;;364
2024-03-16T11:47:06Z;29;;363
2024-03-16T11:47:09Z;316;;650
2024-03-16T11:47:10Z;19;;353
2024-03-16T11:47:12Z;-42;;292
2024-03-16T11:47:18Z;118;;452
2024-03-16T11:47:19Z;;158;276
2024-03-16T11:47:21Z;1598;488;606
2024-03-16T11:47:22Z;30;;518
2024-03-16T11:47:32Z;6;;494
2024-03-16T11:47:35Z;36;;524
2024-03-16T11:47:55Z;-8;;480
2024-03-16T11:47:58Z;66;;554
2024-03-16T11:48:03Z;326;;814
2024-03-16T11:48:04Z;212;;700
2024-03-16T11:48:10Z;534;;1022
2024-03-16T11:48:11Z;130;;618
2024-03-16T11:48:33Z;;600;730
2024-03-16T11:48:34Z;315;;915
2024-03-16T11:48:35Z;101;;701
2024-03-16T11:48:36Z;;595;696
2024-03-16T11:48:38Z;;603;704
2024-03-16T11:48:40Z;;598;699
2024-03-16T11:48:41Z;;603;704
2024-03-16T11:48:46Z;;597;698
2024-03-16T11:48:48Z;;610;711
2024-03-16T11:49:21Z;;552;653
2024-03-16T11:49:23Z;;664;765
2024-03-16T11:49:40Z;;393;494
2024-03-16T11:49:42Z;;692;793
2024-03-16T11:50:36Z;2;;694
2024-03-16T11:50:50Z;13;;705
2024-03-16T11:50:51Z;2;;694
2024-03-16T11:51:42Z;75;;767
2024-03-16T11:52:00Z;0;;692
2024-03-16T11:52:02Z;1;;693
2024-03-16T11:52:04Z;-6;;686
2024-03-16T11:52:06Z;2;;694
2024-03-16T11:52:07Z;-1;;691
2024-03-16T11:52:31Z;;901;900
2024-03-16T11:52:33Z;;896;895
2024-03-16T11:52:35Z;;903;902
2024-03-16T11:53:18Z;-296;;607
2024-03-16T11:53:19Z;-302;;601
2024-03-16T11:53:21Z;-293;;610
2024-03-16T11:54:05Z;;1205;912
2024-03-16T11:54:07Z;-608;;597
2024-03-16T11:54:14Z;-613;;592
2024-03-16T11:54:16Z;-655;;550
2024-03-16T11:54:19Z;-601;;604
2024-03-16T11:54:25Z;;1192;591
2024-03-16T11:54:37Z;;1201;600
2024-03-16T11:54:45Z;;1195;594
2024-03-16T11:54:57Z;-718;;477
2024-03-16T11:55:00Z;;1200;482
2024-03-16T11:55:29Z;;1196;478
2024-03-16T11:55:43Z;-627;;569
2024-03-16T11:55:44Z;;1201;574
2024-03-16T11:55:45Z;-597;;604
2024-03-16T11:55:47Z;;1196;599
2024-03-16T11:55:49Z;;1203;606
2024-03-16T11:55:53Z;-872;;331
2024-03-16T11:55:54Z;;1620;748
2024-03-16T11:55:55Z;-1171;;449
2024-03-16T11:55:56Z;-1382;;238
2024-03-16T11:55:58Z;-1777;;-157
2024-03-16T11:55:59Z;;1825;48
2024-03-16T11:56:01Z;;2252;475
2024-03-16T11:56:03Z;;2441;664
2024-03-16T11:56:04Z;;2745;968
2024-03-16T11:56:07Z;-2065;;680
2024-03-16T11:56:08Z;;2692;627
2024-03-16T11:56:11Z;-2077;;615
2024-03-16T11:56:12Z;-2080;;612
2024-03-16T11:56:13Z;;2718;638
2024-03-16T11:56:21Z;-2137;;581
2024-03-16T11:56:22Z;;2676;539
2024-03-16T11:56:34Z;-1804;;872
2024-03-16T11:56:35Z;;2389;585
2024-03-16T11:56:36Z;-1787;;602
2024-03-16T11:56:37Z;;2404;617
2024-03-16T11:56:40Z;;2394;607
2024-03-16T11:56:41Z;-1799;;595
2024-03-16T11:56:43Z;-1802;;592
2024-03-16T11:56:44Z;;2473;671
2024-03-16T11:56:46Z;;2715;913
2024-03-16T11:56:47Z;-2191;;524
2024-03-16T11:56:51Z;-2405;;310
2024-03-16T11:56:52Z;-2358;;357
2024-03-16T11:56:59Z;;2688;330
2024-03-16T11:57:00Z;-2042;;-269
2024-03-16T11:57:02Z;;2371;13
2024-03-16T11:57:03Z;-1771;;-296
2024-03-16T11:57:07Z;;2087;906
2024-03-16T11:57:08Z;;1773;-585
2024-03-16T11:57:11Z;-1474;;1
2024-03-16T11:57:12Z;;1475;294
2024-03-16T11:57:15Z;-1181;;592
2024-03-16T11:57:16Z;-870;;605
2024-03-16T11:57:32Z;-792;;683
2024-03-16T11:57:36Z;;1501;709
2024-03-16T11:57:41Z;-1213;;693
2024-03-16T11:57:43Z;;1906;1114
2024-03-16T11:57:44Z;-1528;;378
2024-03-16T11:57:47Z;;2163;635
2024-03-16T11:57:49Z;-1944;2359;219
2024-03-16T11:57:53Z;;2380;436
2024-03-16T11:57:56Z;-1768;;612
2024-03-16T11:57:57Z;;2135;367
2024-03-16T11:58:00Z;-1460;;675
2024-03-16T11:58:01Z;;1879;419
2024-03-16T11:58:03Z;-1168;;711
2024-03-16T11:58:04Z;;1443;275
2024-03-16T11:58:07Z;-833;;610
2024-03-16T11:58:21Z;891;;2334
2024-03-16T11:58:27Z;;1199;2090
2024-03-16T11:58:29Z;;1206;2097
2024-03-16T11:58:35Z;;1196;2087
2024-03-16T12:00:02Z;;1123;2014
2024-03-16T12:00:06Z;871;;1994
2024-03-16T12:01:03Z;;653;1524
2024-03-16T12:01:05Z;;1107;1978
2024-03-16T12:01:07Z;;1224;2095
2024-03-16T12:01:09Z;;1104;1975
2024-03-16T12:01:27Z;901;;2005
2024-03-16T12:01:28Z;854;;1958
2024-03-16T12:01:47Z;932;;2036
2024-03-16T12:01:48Z;874;;1978
2024-03-16T12:02:17Z;935;;2039
2024-03-16T12:02:18Z;897;;2001
2024-03-16T12:02:21Z;904;;2008
2024-03-16T12:02:22Z;861;;1965
2024-03-16T12:02:26Z;932;;2036
2024-03-16T12:02:27Z;892;;1996
2024-03-16T12:02:28Z;904;;2008
2024-03-16T12:02:33Z;886;;1990
2024-03-16T12:02:35Z;984;;2088
2024-03-16T12:02:40Z;868;;1972
2024-03-16T12:02:44Z;966;;2070
2024-03-16T12:02:50Z;877;;1981
2024-03-16T12:02:53Z;976;;2080
2024-03-16T12:03:00Z;877;;1981
2024-03-16T12:03:05Z;944;;2048
2024-03-16T12:03:12Z;867;;1971
2024-03-16T12:03:38Z;;1204;2071
2024-03-16T12:03:46Z;;1178;2045
2024-03-16T12:04:32Z;922;;2100
2024-03-16T12:04:38Z;877;;2055
2024-03-16T12:04:41Z;929;;2107
2024-03-16T12:04:47Z;875;;2053
2024-03-16T12:04:50Z;909;;2087
2024-03-16T12:04:56Z;886;;2064
2024-03-16T12:04:59Z;912;;2090
2024-03-16T12:05:07Z;895;;2073
2024-03-16T12:05:09Z;1009;;2187
2024-03-16T12:05:39Z;899;;2077
2024-03-16T12:05:40Z;964;;2142
2024-03-16T12:05:46Z;896;;2074
2024-03-16T12:05:59Z;901;;2079
2024-03-16T12:06:00Z;876;;2054
2024-03-16T12:06:12Z;;1202;2078
2024-03-16T12:06:14Z;;1185;2061
2024-03-16T12:06:30Z;940;;2125
2024-03-16T12:06:36Z;886;;2071
2024-03-16T12:06:39Z;984;;2169
2024-03-16T12:06:45Z;898;;2083
2024-03-16T12:06:47Z;902;;2087
2024-03-16T12:06:53Z;;899;1801
2024-03-16T12:07:29Z;;900;1802
2024-03-16T12:07:31Z;;899;1801
2024-03-16T12:07:39Z;;902;1804
2024-03-16T12:07:41Z;;899;1801
2024-03-16T12:07:43Z;;900;1802
2024-03-16T12:07:45Z;;893;1795
2024-03-16T12:07:46Z;;900;1802
2024-03-16T12:07:53Z;;895;1797
2024-03-16T12:07:55Z;;903;1805
2024-03-16T12:08:32Z;-381;;522
2024-03-16T12:08:34Z;1053;;1956
2024-03-16T12:09:12Z;937;;1840
2024-03-16T12:09:15Z;978;;1881
2024-03-16T12:09:51Z;932;;1835
2024-03-16T12:09:56Z;1002;;1905
2024-03-16T12:10:20Z;;899;1901
2024-03-16T12:10:23Z;;905;1907
2024-03-16T12:10:32Z;-401;;504
2024-03-16T12:10:36Z;881;;1786
2024-03-16T12:10:37Z;1023;;1928
2024-03-16T12:11:11Z;;620;1213
2024-03-16T12:11:12Z;593;;1498
2024-03-16T12:11:14Z;;905;1498
2024-03-16T12:11:15Z;;426;1019
2024-03-16T12:11:17Z;983;;1409
2024-03-16T12:11:20Z;;894;1877
2024-03-16T12:11:21Z;;915;1898
2024-03-16T12:11:53Z;1018;;1933
2024-03-16T12:11:58Z;1051;;1966
2024-03-16T12:12:35Z;-399;;516
2024-03-16T12:12:39Z;1031;;1946
2024-03-16T12:12:53Z;1529;;2444
2024-03-16T12:12:54Z;902;;1817
2024-03-16T12:13:12Z;918;;1833
2024-03-16T12:13:20Z;967;;1882
2024-03-16T12:13:23Z;892;;1807
2024-03-16T12:13:27Z;981;;1896
2024-03-16T12:13:33Z;885;;1800
2024-03-16T12:13:36Z;972;;1887
2024-03-16T12:13:41Z;-541;;374
2024-03-16T12:14:19Z;-607;;308
2024-03-16T12:14:21Z;898;;1813
2024-03-16T12:14:27Z;-629;;286
2024-03-16T12:14:30Z;-575;;340
2024-03-16T12:14:34Z;-588;;327
2024-03-16T12:14:39Z;-631;;284
2024-03-16T12:14:41Z;-612;;303
2024-03-16T12:14:47Z;-689;;226
2024-03-16T12:14:49Z;-585;;330
2024-03-16T12:14:55Z;;1204;619
2024-03-16T12:15:02Z;856;;2060
2024-03-16T12:15:05Z;;1209;2065
2024-03-16T12:15:06Z;-696;;513
2024-03-16T12:15:18Z;593;;1802
2024-03-16T12:15:19Z;;1535;2128
2024-03-16T12:15:21Z;256;;1791
2024-03-16T12:15:22Z;;1868;2124
2024-03-16T12:15:23Z;2;;1870
2024-03-16T12:15:24Z;;2125;2127
2024-03-16T12:15:31Z;;2084;2118
2024-03-16T12:15:32Z;34;;2159
2024-03-16T12:15:34Z;374;1717;2091
2024-03-16T12:15:35Z;;1487;1861
2024-03-16T12:15:38Z;639;;2126
2024-03-16T12:15:49Z;;1196;1835
2024-03-16T12:15:56Z;944;;2140
2024-03-16T12:15:57Z;856;1205;2052
2024-03-16T12:16:13Z;;1197;2053
2024-03-16T12:16:31Z;;1202;2058
2024-03-16T12:16:39Z;549;;1751
2024-03-16T12:16:44Z;614;;1816
2024-03-16T12:16:47Z;;1195;1809
2024-03-16T12:17:18Z;933;;2128
2024-03-16T12:17:19Z;879;;2074
2024-03-16T12:17:27Z;915;;2110
2024-03-16T12:17:28Z;870;;2065
2024-03-16T12:17:36Z;910;;2105
2024-03-16T12:17:37Z;876;;2071
2024-03-16T12:18:24Z;-622;;573
2024-03-16T12:18:26Z;717;;1912
2024-03-16T12:18:49Z;2049;;3244
2024-03-16T12:18:59Z;902;;2097
2024-03-16T12:19:00Z;678;;1873
2024-03-16T12:19:09Z;2050;;3245
2024-03-16T12:19:14Z;842;;2037
2024-03-16T12:19:15Z;2068;;3263
2024-03-16T12:19:16Z;1407;;2602
2024-03-16T12:19:17Z;781;;1976
2024-03-16T12:19:18Z;1974;;3169
2024-03-16T12:19:20Z;770;;1965
2024-03-16T12:19:31Z;1974;;3169
2024-03-16T12:19:32Z;917;;2112
2024-03-16T12:19:33Z;784;;1979
2024-03-16T12:19:34Z;2041;;3236
2024-03-16T12:19:35Z;690;;1885
2024-03-16T12:19:37Z;-594;;601
2024-03-16T12:19:38Z;147;;1342
2024-03-16T12:19:39Z;-627;;568
2024-03-16T12:19:41Z;644;;1839
2024-03-16T12:19:42Z;-666;1204;529
2024-03-16T12:19:46Z;-619;;585
2024-03-16T12:19:48Z;791;;1995
2024-03-16T12:19:51Z;495;;1699
2024-03-16T12:19:52Z;;1529;2024
2024-03-16T12:19:54Z;258;;1787
2024-03-16T12:19:56Z;437;;1966
2024-03-16T12:19:58Z;;1458;1895
2024-03-16T12:20:05Z;;1516;1953
2024-03-16T12:20:09Z;289;;1805
2024-03-16T12:20:11Z;;1848;2137
2024-03-16T12:20:13Z;119;;1967
2024-03-16T12:20:26Z;-1250;;598
2024-03-16T12:20:27Z;;1746;496
2024-03-16T12:20:29Z;488;;2234
2024-03-16T12:20:30Z;;1454;1942
2024-03-16T12:20:42Z;651;;2105
2024-03-16T12:20:49Z;589;;2043
2024-03-16T12:20:50Z;675;;2129
2024-03-16T12:20:56Z;582;;2036
2024-03-16T12:20:58Z;-856;;598
2024-03-16T12:21:00Z;;1523;667
2024-03-16T12:21:02Z;-1137;;386
2024-03-16T12:21:04Z;;1924;787
2024-03-16T12:21:06Z;-1533;;391
2024-03-16T12:21:07Z;-1527;;397
2024-03-16T12:21:09Z;;1795;268
2024-03-16T12:21:10Z;258;;2053
2024-03-16T12:21:11Z;378;;2173
2024-03-16T12:21:13Z;;1485;1863
2024-03-16T12:21:19Z;601;;2086
2024-03-16T12:21:20Z;549;;2034
2024-03-16T12:21:27Z;1086;;2571
2024-03-16T12:21:28Z;586;;2071
2024-03-16T12:21:30Z;630;;2115
2024-03-16T12:21:33Z;566;;2051
2024-03-16T12:21:36Z;614;;2099
2024-03-16T12:21:37Z;598;;2083
2024-03-16T12:21:38Z;-897;;588
2024-03-16T12:21:39Z;-969;;516
2024-03-16T12:21:40Z;;1579;610
2024-03-16T12:21:43Z;-1209;;370
2024-03-16T12:21:44Z;-1151;;428
2024-03-16T12:21:47Z;;1499;348
2024-03-16T12:21:50Z;-846;;653
2024-03-16T12:21:51Z;543;;2042
2024-03-16T12:21:55Z;;1606;2149
2024-03-16T12:22:01Z;;1521;2064
2024-03-16T12:22:07Z;1696;;3217
2024-03-16T12:22:08Z;652;;2173
2024-03-16T12:22:09Z;596;;2117
2024-03-16T12:22:10Z;601;;2122
2024-03-16T12:22:11Z;592;;2113
2024-03-16T12:22:14Z;;1583;2175
2024-03-16T12:22:15Z;298;;1881
2024-03-16T12:22:18Z;;1850;2148
2024-03-16T12:22:20Z;-120;2211;2509
2024-03-16T12:22:22Z;-259;;1952
2024-03-16T12:22:23Z;-335;;1876
2024-03-16T12:22:24Z;;2046;1711
2024-03-16T12:22:25Z;-1488;;558
2024-03-16T12:22:27Z;;1881;393
2024-03-16T12:22:28Z;-1187;;694
2024-03-16T12:22:32Z;365;;2246
2024-03-16T12:22:34Z;278;;2159
2024-03-16T12:22:35Z;312;;2193
2024-03-16T12:22:36Z;217;1821;2098
2024-03-16T12:22:38Z;91;;1912
2024-03-16T12:22:40Z;;2201;2292
2024-03-16T12:22:41Z;-295;;1906
2024-03-16T12:22:42Z;-454;;1747
2024-03-16T12:22:43Z;;2496;2042
2024-03-16T12:22:44Z;;2809;2355
2024-03-16T12:22:47Z;;2550;2096
2024-03-16T12:22:49Z;;2265;1811
2024-03-16T12:22:51Z;598;1940;1486
2024-03-16T12:22:52Z;-415;;1525
2024-03-16T12:22:54Z;178;1702;2118
2024-03-16T12:22:55Z;308;;2010
2024-03-16T12:22:57Z;744;1459;1767
2024-03-16T12:22:59Z;585;;2044
2024-03-16T12:23:01Z;605;;2064
2024-03-16T12:23:03Z;548;;2007
2024-03-16T12:23:04Z;561;;2020
2024-03-16T12:23:14Z;618;;2077
2024-03-16T12:23:27Z;1954;;3413
2024-03-16T12:23:28Z;741;;2200
2024-03-16T12:23:44Z;;1195;1936
2024-03-16T12:23:46Z;740;;1935
2024-03-16T12:23:53Z;538;;1733
2024-03-16T12:23:54Z;802;;1997
2024-03-16T12:24:07Z;939;;2134
2024-03-16T12:24:08Z;825;;2020
2024-03-16T12:24:09Z;1913;;3108
2024-03-16T12:24:10Z;788;;1983
2024-03-16T12:24:20Z;;1206;1994
2024-03-16T12:24:24Z;819;;2025
2024-03-16T12:24:26Z;-702;;504
2024-03-16T12:24:34Z;709;;1915
2024-03-16T12:24:38Z;590;;1796
2024-03-16T12:24:42Z;687;;1893
2024-03-16T12:25:00Z;;1197;1884
2024-03-16T12:25:02Z;;1197;1884
2024-03-16T12:25:04Z;774;1198;1971
2024-03-16T12:25:12Z;-678;;520
2024-03-16T12:25:15Z;794;;1992
2024-03-16T12:25:45Z;-606;;592
2024-03-16T12:25:50Z;-581;;617
2024-03-16T12:25:51Z;-618;;580
2024-03-16T12:25:58Z;788;;1986
2024-03-16T12:26:24Z;812;;2010
2024-03-16T12:26:25Z;-602;;596
2024-03-16T12:26:26Z;-595;;603
2024-03-16T12:26:30Z;-633;;565
2024-03-16T12:26:31Z;-577;;621
2024-03-16T12:26:37Z;753;;1951
2024-03-16T12:26:49Z;;1202;1955
2024-03-16T12:27:04Z;678;;1880
2024-03-16T12:27:18Z;741;;1943
2024-03-16T12:27:26Z;1865;;3067
2024-03-16T12:27:27Z;703;;1905
2024-03-16T12:27:35Z;485;;1687
2024-03-16T12:27:41Z;631;;1833
2024-03-16T12:27:45Z;652;;1854
2024-03-16T12:27:51Z;;1195;1847
2024-03-16T12:27:56Z;-655;;540
2024-03-16T12:27:57Z;-583;;612
2024-03-16T12:27:59Z;799;;1994
2024-03-16T12:28:06Z;2102;;3297
2024-03-16T12:28:07Z;799;;1994
2024-03-16T12:28:08Z;-596;;599
2024-03-16T12:28:09Z;-648;;547
2024-03-16T12:28:10Z;-591;;604
2024-03-16T12:28:12Z;-582;;613
2024-03-16T12:28:30Z;-583;;612
2024-03-16T12:28:33Z;-620;;575
2024-03-16T12:28:42Z;-609;;586
2024-03-16T12:28:43Z;-605;;590
2024-03-16T12:28:46Z;718;;1913
2024-03-16T12:29:26Z;788;;1983
2024-03-16T12:29:27Z;-478;;717
2024-03-16T12:30:02Z;;1163;685
2024-03-16T12:30:06Z;-497;;666
2024-03-16T12:30:38Z;;1204;707
2024-03-16T12:30:47Z;;1198;701
2024-03-16T12:30:49Z;;1203;706
2024-03-16T12:30:55Z;;1199;702
2024-03-16T12:30:57Z;;1202;705
2024-03-16T12:30:59Z;;1193;696
2024-03-16T12:31:00Z;;1200;703
2024-03-16T12:31:07Z;;1193;696
2024-03-16T12:31:09Z;;1203;706
2024-03-16T12:31:19Z;;1195;698
2024-03-16T12:31:21Z;;1213;716
2024-03-16T12:31:38Z;-607;;606
2024-03-16T12:31:39Z;-731;;482
2024-03-16T12:31:40Z;-951;1564;262
2024-03-16T12:31:42Z;;1995;1044
2024-03-16T12:31:44Z;-1502;;493
2024-03-16T12:31:45Z;-1979;2270;768
2024-03-16T12:31:46Z;-1655;;615
2024-03-16T12:31:47Z;;2556;901
2024-03-16T12:31:48Z;-987;2819;1569
2024-03-16T12:31:49Z;-860;;1959
2024-03-16T12:31:50Z;;2348;1488
2024-03-16T12:31:51Z;;1982;1122
2024-03-16T12:31:52Z;-1249;;733
2024-03-16T12:31:53Z;;1729;480
2024-03-16T12:31:54Z;;1827;211
2024-03-16T12:31:55Z;-1616;;113
2024-03-16T12:31:56Z;;2170;554
2024-03-16T12:31:57Z;-1905;;265
2024-03-16T12:31:59Z;-2097;;73
2024-03-16T12:32:00Z;;2403;306
2024-03-16T12:32:02Z;;2705;608
2024-03-16T12:32:04Z;;3029;932
2024-03-16T12:32:15Z;-2088;;941
2024-03-16T12:32:16Z;;2988;900
2024-03-16T12:32:24Z;-1803;;1185
2024-03-16T12:32:26Z;-1412;2676;1576
2024-03-16T12:32:28Z;;2248;836
2024-03-16T12:32:32Z;;2449;1037
2024-03-16T12:32:33Z;-1511;;938
2024-03-16T12:32:34Z;-1507;;942
2024-03-16T12:32:35Z;;2353;846
2024-03-16T12:32:38Z;-1460;;893
2024-03-16T12:32:39Z;;2492;1032
2024-03-16T12:32:40Z;-1472;;1020
2024-03-16T12:32:45Z;-391;;2101
2024-03-16T12:32:48Z;-1417;2390;1075
2024-03-16T12:32:50Z;-1067;;1323
2024-03-16T12:32:51Z;;1853;786
2024-03-16T12:32:53Z;;1660;593
2024-03-16T12:33:02Z;-664;;996
2024-03-16T12:33:03Z;;1417;753
2024-03-16T12:33:19Z;;1200;536
2024-03-16T12:33:25Z;895;;2095
2024-03-16T12:33:26Z;-332;;868
2024-03-16T12:33:32Z;-299;;901
2024-03-16T12:33:34Z;-311;;889
2024-03-16T12:33:36Z;-297;;903
2024-03-16T12:33:37Z;-304;;896
2024-03-16T12:33:38Z;-289;;911
2024-03-16T12:33:40Z;-314;;886
2024-03-16T12:33:44Z;-297;;903
2024-03-16T12:33:45Z;-301;;899
2024-03-16T12:33:48Z;-289;;911
2024-03-16T12:33:51Z;-312;;888
2024-03-16T12:33:53Z;-281;;919
2024-03-16T12:33:54Z;1009;;2209
2024-03-16T12:33:55Z;-303;;897
2024-03-16T12:33:57Z;-250;;950
2024-03-16T12:33:59Z;1004;;2204
2024-03-16T12:34:01Z;-247;;953
2024-03-16T12:34:02Z;1000;;2200
2024-03-16T12:34:14Z;995;;2195
2024-03-16T12:34:21Z;-263;;937
2024-03-16T12:34:22Z;-319;;881
2024-03-16T12:34:36Z;-245;;955
2024-03-16T12:34:37Z;-240;;960
2024-03-16T12:34:44Z;;405;165
2024-03-16T12:34:46Z;;1275;1035
2024-03-16T12:34:48Z;;1111;871
2024-03-16T12:35:17Z;-88;;1023
2024-03-16T12:36:44Z;478;;1589
2024-03-16T12:36:45Z;-383;;728
2024-03-16T12:36:51Z;-232;;879
2024-03-16T12:36:52Z;-342;;769
2024-03-16T12:39:02Z;-380;;731
2024-03-16T12:39:05Z;-302;;809
2024-03-16T12:39:06Z;-306;;805
2024-03-16T12:39:07Z;-297;;814
2024-03-16T12:39:18Z;-341;;770
2024-03-16T12:39:20Z;-299;;812
2024-03-16T12:39:26Z;1110;;2221
2024-03-16T12:41:56Z;;899;2009
2024-03-16T12:41:59Z;;900;2010
2024-03-16T12:42:01Z;;899;2009
2024-03-16T12:42:02Z;;900;2010
2024-03-16T12:42:04Z;;899;2009
2024-03-16T12:43:21Z;728;;1627
2024-03-16T12:43:57Z;970;;1869
2024-03-16T12:44:18Z;745;;1644
2024-03-16T12:44:48Z;-494;;405
2024-03-16T12:44:53Z;840;;1739
2024-03-16T12:44:56Z;1046;;1945
2024-03-16T12:44:59Z;;372;1418
2024-03-16T12:45:00Z;;798;1844
2024-03-16T12:45:03Z;;798;1844
2024-03-16T12:45:06Z;1033;;1831
2024-03-16T12:45:17Z;802;;1600
2024-03-16T12:45:21Z;832;;1630
2024-03-16T12:45:29Z;-271;;527
2024-03-16T12:45:30Z;-306;;492
2024-03-16T12:45:31Z;-306;;492
2024-03-16T12:45:34Z;1064;;1862
2024-03-16T12:45:48Z;876;;1674
2024-03-16T12:45:56Z;917;;1715
2024-03-16T12:45:57Z;867;;1665
2024-03-16T12:45:58Z;862;;1660
2024-03-16T12:46:15Z;857;;1655
2024-03-16T12:46:27Z;988;;1786
2024-03-16T12:46:28Z;851;;1649
2024-03-16T12:46:38Z;871;;1669
2024-03-16T12:46:45Z;-387;;411
2024-03-16T12:46:46Z;-299;;499
2024-03-16T12:46:52Z;-338;;460
2024-03-16T12:46:56Z;1196;;1994
2024-03-16T12:46:57Z;1200;;1998
2024-03-16T12:47:01Z;1165;;1963
2024-03-16T12:47:21Z;1080;;1878
2024-03-16T12:47:23Z;-306;;492
2024-03-16T12:47:28Z;-242;;556
2024-03-16T12:47:29Z;-317;;481
2024-03-16T12:47:37Z;1140;;1938
2024-03-16T12:47:45Z;;528;1668
2024-03-16T12:47:47Z;;725;1865
2024-03-16T12:47:54Z;1204;;1929
2024-03-16T12:47:55Z;1152;;1877
2024-03-16T12:48:03Z;1200;;1925
2024-03-16T12:48:04Z;1151;;1876
2024-03-16T12:48:18Z;1120;;1845
2024-03-16T12:48:21Z;1217;;1942
2024-03-16T12:48:22Z;1161;;1886
2024-03-16T12:48:45Z;1235;;1960
2024-03-16T12:48:46Z;1188;;1913
2024-03-16T12:48:49Z;-249;;476
2024-03-16T12:48:58Z;625;;1350
2024-03-16T12:48:59Z;1133;;1858
2024-03-16T12:49:02Z;1220;;1945
2024-03-16T12:49:03Z;1168;;1893
2024-03-16T12:49:11Z;1229;;1954
2024-03-16T12:49:12Z;1165;;1890
2024-03-16T12:49:20Z;1209;;1934
2024-03-16T12:49:21Z;1171;;1896
2024-03-16T12:49:29Z;1209;;1934
2024-03-16T12:49:30Z;244;;969
2024-03-16T12:49:41Z;1157;;1882
2024-03-16T12:50:11Z;1157;;1882
2024-03-16T12:50:20Z;1155;;1880
2024-03-16T12:50:52Z;1117;;1842
2024-03-16T12:50:55Z;-298;;427
2024-03-16T12:50:57Z;-302;;423
2024-03-16T12:51:01Z;1115;;1840
2024-03-16T12:51:31Z;1099;;1824
2024-03-16T12:51:35Z;-321;;404
2024-03-16T12:51:42Z;1049;;1774
2024-03-16T12:52:13Z;-297;;428
2024-03-16T12:52:17Z;-253;;472
2024-03-16T12:52:18Z;-301;;424
2024-03-16T12:52:19Z;-299;;426
2024-03-16T12:52:20Z;-309;;416
2024-03-16T12:52:23Z;1066;;1791
2024-03-16T12:52:50Z;1013;;1738
2024-03-16T12:53:04Z;1039;;1764
2024-03-16T12:53:07Z;;907;1946
2024-03-16T12:53:31Z;;899;1938
2024-03-16T12:53:32Z;950;;1849
2024-03-16T12:53:33Z;;912;1862
2024-03-16T12:53:38Z;;897;1847
2024-03-16T12:53:40Z;;903;1853
2024-03-16T12:53:45Z;1014;;1917
2024-03-16T12:53:47Z;;899;1913
2024-03-16T12:53:51Z;;900;1914
2024-03-16T12:54:00Z;;898;1912
2024-03-16T12:54:02Z;;901;1915
2024-03-16T12:54:13Z;-434;;467
2024-03-16T12:54:26Z;876;;1777
2024-03-16T12:54:30Z;;1216;2092
2024-03-16T12:54:33Z;;1191;2067
2024-03-16T12:54:37Z;;1204;2080
2024-03-16T12:54:39Z;;1196;2072
2024-03-16T12:54:47Z;573;;1769
2024-03-16T12:54:50Z;;1218;1791
2024-03-16T12:54:51Z;622;;1840
2024-03-16T12:54:52Z;567;;1785
2024-03-16T12:54:53Z;-239;;979
2024-03-16T12:54:58Z;-1135;1520;83
2024-03-16T12:55:05Z;-1236;;284
2024-03-16T12:55:08Z;;1894;658
2024-03-16T12:55:10Z;-20;2201;1874
2024-03-16T12:55:12Z;371;;2572
2024-03-16T12:55:17Z;-343;;1858
2024-03-16T12:55:20Z;-274;;1927
2024-03-16T12:55:32Z;;2413;2139
2024-03-16T12:55:33Z;-595;;1818
2024-03-16T12:55:47Z;-646;;1767
2024-03-16T12:55:50Z;-564;;1849
2024-03-16T12:55:54Z;-583;;1830
2024-03-16T12:55:58Z;-601;;1812
2024-03-16T12:56:01Z;;2390;1789
2024-03-16T12:56:05Z;-600;2401;1790
2024-03-16T12:56:07Z;-592;2394;1809
2024-03-16T12:56:10Z;;2399;1807
2024-03-16T12:56:14Z;-623;;1776
2024-03-16T12:56:15Z;-2014;2395;385
2024-03-16T12:56:30Z;-555;;1840
2024-03-16T12:56:55Z;-1981;;414
2024-03-16T12:57:09Z;-525;;1870
2024-03-16T12:57:46Z;-1842;;553
2024-03-16T12:57:50Z;-349;;2046
2024-03-16T12:58:05Z;;2094;1745
2024-03-16T12:58:07Z;;2145;1796
2024-03-16T12:58:17Z;-379;;1766
2024-03-16T12:58:30Z;-394;;1751
2024-03-16T12:58:41Z;-392;;1753
2024-03-16T12:58:42Z;-276;;1869
2024-03-16T12:58:56Z;;2097;1821
2024-03-16T12:58:57Z;-315;;1782
2024-03-16T12:58:58Z;-254;;1843
2024-03-16T12:59:00Z;;2101;1847
2024-03-16T12:59:11Z;-1793;;308
2024-03-16T12:59:17Z;-317;;1784
2024-03-16T12:59:18Z;-296;;1805
2024-03-16T12:59:24Z;-244;2088;1792
2024-03-16T12:59:30Z;-321;;1767
2024-03-16T12:59:32Z;-275;2122;1813
2024-03-16T12:59:36Z;-311;;1811
2024-03-16T12:59:37Z;-299;2060;1823
2024-03-16T12:59:41Z;-1573;;487
2024-03-16T12:59:44Z;-1485;;575
2024-03-16T12:59:48Z;;2129;644
2024-03-16T12:59:53Z;-327;;1802
2024-03-16T12:59:54Z;-298;;1831
2024-03-16T13:00:02Z;-348;;1781
2024-03-16T13:00:04Z;;2099;1751
2024-03-16T13:00:06Z;-349;2103;1754
2024-03-16T13:00:08Z;-277;;1826
2024-03-16T13:00:09Z;;2117;1840
2024-03-16T13:00:10Z;-303;2097;1814
2024-03-16T13:00:14Z;-271;;1826
2024-03-16T13:00:16Z;;2106;1835
2024-03-16T13:00:19Z;-375;;1731
2024-03-16T13:00:34Z;-305;;1801
2024-03-16T13:00:40Z;-292;;1814
2024-03-16T13:00:41Z;-340;;1766
2024-03-16T13:00:49Z;-280;;1826
2024-03-16T13:00:50Z;-314;;1792
2024-03-16T13:00:58Z;-268;;1838
2024-03-16T13:00:59Z;-316;;1790
2024-03-16T13:01:00Z;-1175;;931
2024-03-16T13:01:01Z;-1714;;392
2024-03-16T13:01:14Z;-775;;1331
2024-03-16T13:01:15Z;-293;;1813
2024-03-16T13:01:16Z;-303;;1803
2024-03-16T13:01:22Z;-310;;1796
2024-03-16T13:01:25Z;-283;;1823
2024-03-16T13:01:38Z;-323;;1783
2024-03-16T13:01:40Z;-327;;1779
2024-03-16T13:01:54Z;-1759;;347
2024-03-16T13:01:56Z;-338;;1768
2024-03-16T13:02:00Z;-305;;1801
2024-03-16T13:02:02Z;-297;;1809
2024-03-16T13:02:03Z;-358;;1748
2024-03-16T13:02:06Z;-276;;1830
2024-03-16T13:02:07Z;-317;;1789
2024-03-16T13:02:13Z;-285;;1821
2024-03-16T13:02:14Z;-353;;1753
2024-03-16T13:02:19Z;-297;;1809
2024-03-16T13:02:20Z;-310;;1796
2024-03-16T13:02:21Z;-297;;1809
2024-03-16T13:02:23Z;-1706;;400
2024-03-16T13:02:36Z;-352;;1754
2024-03-16T13:02:41Z;-325;;1781
2024-03-16T13:02:42Z;-296;;1810
2024-03-16T13:02:46Z;-348;;1758
2024-03-16T13:02:47Z;-285;;1821
2024-03-16T13:02:59Z;-303;2092;1807
2024-03-16T13:03:03Z;-166;;1926
2024-03-16T13:03:05Z;;1752;1586
2024-03-16T13:03:08Z;-1457;;295
2024-03-16T13:03:10Z;;1921;464
2024-03-16T13:03:17Z;-258;;1663
2024-03-16T13:03:20Z;-254;;1667
2024-03-16T13:03:21Z;-301;;1620
2024-03-16T13:03:22Z;-293;;1628
2024-03-16T13:03:24Z;;2101;1808
2024-03-16T13:03:44Z;-1799;;302
2024-03-16T13:03:47Z;;2094;295
2024-03-16T13:03:52Z;-1475;;619
2024-03-16T13:03:53Z;;1752;277
2024-03-16T13:03:58Z;145;;1897
2024-03-16T13:04:00Z;50;;1802
2024-03-16T13:04:01Z;;1816;1866
2024-03-16T13:04:10Z;;1761;1811
2024-03-16T13:04:12Z;87;;1848
2024-03-16T13:04:15Z;11;;1772
2024-03-16T13:04:16Z;;1803;1814
2024-03-16T13:04:19Z;;1798;1809
2024-03-16T13:04:22Z;129;;1927
2024-03-16T13:04:24Z;170;;1968
2024-03-16T13:04:26Z;;1498;1668
2024-03-16T13:04:28Z;;1505;1675
2024-03-16T13:04:30Z;-1217;;288
2024-03-16T13:04:32Z;;1805;588
2024-03-16T13:04:34Z;-1573;;232
2024-03-16T13:04:39Z;-246;;1559
2024-03-16T13:04:43Z;-308;;1497
2024-03-16T13:04:44Z;-283;;1522
2024-03-16T13:04:45Z;-306;2107;1499
2024-03-16T13:04:51Z;;2095;1789
2024-03-16T13:04:54Z;-267;;1828
2024-03-16T13:05:05Z;-1657;;438
2024-03-16T13:05:19Z;;2103;446
2024-03-16T13:05:20Z;-332;;1763
2024-03-16T13:05:21Z;-262;;1841
2024-03-16T13:05:23Z;;2092;1830
2024-03-16T13:05:25Z;-306;2102;1840
2024-03-16T13:05:26Z;;2098;1792
2024-03-16T13:05:28Z;;2101;1795
2024-03-16T13:05:30Z;;2098;1792
2024-03-16T13:05:31Z;-241;;1857
2024-03-16T13:05:32Z;;2105;1864
2024-03-16T13:05:34Z;;2088;1847
2024-03-16T13:05:46Z;-275;;1813
2024-03-16T13:05:53Z;-1565;;523
2024-03-16T13:05:56Z;;1759;194
2024-03-16T13:06:01Z;131;;1890
2024-03-16T13:06:04Z;;1477;1608
2024-03-16T13:06:06Z;;1520;1651
2024-03-16T13:06:15Z;9;;1529
2024-03-16T13:06:16Z;;1842;1851
2024-03-16T13:06:20Z;;1787;1796
2024-03-16T13:06:21Z;7;;1794
2024-03-16T13:06:24Z;19;;1806
2024-03-16T13:06:26Z;;1816;1835
2024-03-16T13:06:28Z;-159;;1657
2024-03-16T13:06:30Z;-1549;;267
2024-03-16T13:06:42Z;-278;;1538
2024-03-16T13:06:47Z;-297;;1519
2024-03-16T13:06:48Z;;2106;1809
2024-03-16T13:07:10Z;-1855;;251
2024-03-16T13:07:22Z;-1752;;354
2024-03-16T13:07:50Z;-1609;;497
2024-03-16T13:07:51Z;-1807;;299
2024-03-16T13:08:03Z;-508;;1598
2024-03-16T13:08:29Z;-394;;1712
2024-03-16T13:08:30Z;-1789;;317
2024-03-16T13:08:36Z;-1753;;353
2024-03-16T13:08:40Z;-1794;;312
2024-03-16T13:08:44Z;-412;;1694
2024-03-16T13:09:10Z;-404;;1702
2024-03-16T13:09:12Z;-1798;;308
2024-03-16T13:09:16Z;-1798;;308
2024-03-16T13:09:22Z;-1830;;276
2024-03-16T13:09:24Z;-1830;;276
2024-03-16T13:09:36Z;-311;;1795
2024-03-16T13:09:37Z;;2097;1786
2024-03-16T13:09:39Z;-285;;1812
2024-03-16T13:09:40Z;;2113;1828
2024-03-16T13:09:51Z;-400;;1713
2024-03-16T13:09:57Z;-1784;;329
2024-03-16T13:10:02Z;-1715;;398
2024-03-16T13:10:05Z;-1780;;333
2024-03-16T13:10:31Z;-363;;1750
2024-03-16T13:10:47Z;-319;;1794
2024-03-16T13:10:50Z;-331;;1782
2024-03-16T13:10:52Z;-282;;1831
2024-03-16T13:10:57Z;;2094;1812
2024-03-16T13:11:00Z;-338;;1756
2024-03-16T13:11:07Z;;1781;1443
2024-03-16T13:11:09Z;;1827;1489
2024-03-16T13:11:12Z;-112;;1715
2024-03-16T13:11:13Z;-1496;;331
2024-03-16T13:11:29Z;-229;;1598
2024-03-16T13:11:53Z;-113;;1714
2024-03-16T13:11:56Z;;1761;1648
2024-03-16T13:11:59Z;-1137;;624
2024-03-16T13:12:00Z;;1442;305
2024-03-16T13:12:07Z;-920;;522
2024-03-16T13:12:09Z;547;;1989
2024-03-16T13:12:18Z;617;;2059
2024-03-16T13:12:19Z;542;;1984
2024-03-16T13:12:24Z;;1189;1731
2024-03-16T13:12:25Z;606;;1795
2024-03-16T13:12:26Z;560;;1749
2024-03-16T13:12:31Z;;1205;1765
2024-03-16T13:12:36Z;-1134;;71
2024-03-16T13:12:37Z;-1221;1574;-16
2024-03-16T13:12:39Z;;1441;220
2024-03-16T13:12:40Z;-852;;589
2024-03-16T13:12:45Z;;1187;335
2024-03-16T13:12:50Z;641;;1828
2024-03-16T13:12:55Z;569;;1756
2024-03-16T13:12:57Z;;1226;1795
2024-03-16T13:12:59Z;;1412;1981
2024-03-16T13:13:01Z;249;;1661
2024-03-16T13:13:03Z;103;;1515
2024-03-16T13:13:04Z;;1817;1920
2024-03-16T13:13:16Z;-205;;1612
2024-03-16T13:13:19Z;-1490;;327
2024-03-16T13:13:22Z;;1766;276
2024-03-16T13:13:29Z;-1288;;478
2024-03-16T13:13:31Z;147;;1913
2024-03-16T13:13:34Z;;1479;1626
2024-03-16T13:13:35Z;322;;1801
2024-03-16T13:13:56Z;520;;1999
2024-03-16T13:14:04Z;-890;;589
2024-03-16T13:14:06Z;-866;;613
2024-03-16T13:14:11Z;508;;1987
2024-03-16T13:14:13Z;;1189;1697
2024-03-16T13:14:15Z;632;;1821
2024-03-16T13:14:16Z;;1208;1840
2024-03-16T13:14:17Z;572;;1780
2024-03-16T13:14:21Z;;1196;1768
2024-03-16T13:14:24Z;619;;1815
2024-03-16T13:14:38Z;-763;;433
2024-03-16T13:14:48Z;;1206;443
2024-03-16T13:14:52Z;513;;1719
2024-03-16T13:15:02Z;;1364;1877
2024-03-16T13:15:06Z;439;;1803
2024-03-16T13:15:14Z;;1199;1799
2024-03-16T13:15:15Z;600;;1964
2024-03-16T13:15:17Z;594;;1793
2024-03-16T13:15:18Z;-766;;433
2024-03-16T13:15:35Z;702;;1901
2024-03-16T13:15:59Z;-732;;467
2024-03-16T13:16:14Z;703;;1902
2024-03-16T13:16:40Z;719;;1918
2024-03-16T13:16:49Z;-695;;504
2024-03-16T13:16:50Z;-591;;608
2024-03-16T13:16:56Z;744;;1943
2024-03-16T13:17:21Z;753;;1952
2024-03-16T13:17:36Z;723;;1922
2024-03-16T13:18:02Z;-606;;593
2024-03-16T13:18:11Z;-571;;628
2024-03-16T13:18:12Z;-607;;592
2024-03-16T13:18:15Z;-597;;602
2024-03-16T13:18:17Z;761;;1960
2024-03-16T13:18:43Z;-583;;616
2024-03-16T13:18:46Z;-633;;566
2024-03-16T13:18:52Z;-572;;627
2024-03-16T13:18:55Z;-626;;573
2024-03-16T13:18:58Z;833;;2032
2024-03-16T13:19:23Z;36;;1235
2024-03-16T13:19:24Z;-590;;609
2024-03-16T13:19:27Z;-648;;551
2024-03-16T13:19:31Z;-598;;601
2024-03-16T13:19:36Z;-641;;558
2024-03-16T13:19:37Z;-574;;625
2024-03-16T13:19:39Z;796;;1995
2024-03-16T13:20:03Z;752;;1951
2024-03-16T13:20:09Z;-577;;622
2024-03-16T13:20:12Z;-627;;572
2024-03-16T13:20:19Z;791;;1990
2024-03-16T13:20:44Z;775;;1974
2024-03-16T13:20:50Z;-547;;652
2024-03-16T13:20:53Z;-610;;589
2024-03-16T13:21:00Z;773;;1972
2024-03-16T13:21:05Z;554;;1753
2024-03-16T13:21:21Z;634;;1833
2024-03-16T13:21:22Z;596;;1795
2024-03-16T13:21:25Z;548;;1747
2024-03-16T13:21:41Z;489;;1688
2024-03-16T13:22:08Z;-891;;308
2024-03-16T13:22:10Z;-903;;296
2024-03-16T13:22:11Z;-840;;359
2024-03-16T13:22:19Z;-904;;295
2024-03-16T13:22:20Z;-865;;334
2024-03-16T13:22:22Z;505;;1704
2024-03-16T13:22:48Z;560;;1759
2024-03-16T13:22:49Z;-887;;312
2024-03-16T13:22:50Z;-347;;852
2024-03-16T13:23:03Z;542;;1741
2024-03-16T13:23:29Z;449;;1648
2024-03-16T13:23:44Z;390;;1589
2024-03-16T13:23:46Z;297;;1496
2024-03-16T13:23:47Z;;1202;1499
2024-03-16T13:23:51Z;312;;1514
2024-03-16T13:23:52Z;280;;1482
2024-03-16T13:23:58Z;306;;1508
2024-03-16T13:23:59Z;;1151;1457
2024-03-16T13:24:04Z;625;;1776
2024-03-16T13:24:08Z;577;;1728
2024-03-16T13:24:09Z;631;;1782
2024-03-16T13:24:11Z;-732;;419
2024-03-16T13:24:17Z;-721;;430
2024-03-16T13:24:23Z;;895;174
2024-03-16T13:24:25Z;816;;1711
2024-03-16T13:24:45Z;927;;1822
2024-03-16T13:24:47Z;889;;1784
2024-03-16T13:24:51Z;887;;1782
2024-03-16T13:25:06Z;865;;1760
2024-03-16T13:25:08Z;954;;1849
2024-03-16T13:25:14Z;867;;1762
2024-03-16T13:25:17Z;931;;1826
2024-03-16T13:25:18Z;885;;1780
2024-03-16T13:25:19Z;920;;1815
2024-03-16T13:25:23Z;875;;1770
2024-03-16T13:25:26Z;931;;1826
2024-03-16T13:25:32Z;700;;1595
2024-03-16T13:25:33Z;-475;;420
2024-03-16T13:25:47Z;-244;;651
2024-03-16T13:25:49Z;943;;1838
2024-03-16T13:25:50Z;898;;1793
2024-03-16T13:25:53Z;1017;;1912
2024-03-16T13:26:04Z;899;;1794
2024-03-16T13:26:05Z;902;;1797
2024-03-16T13:26:06Z;896;;1791
2024-03-16T13:26:07Z;974;;1869
2024-03-16T13:26:12Z;949;;1844
2024-03-16T13:26:27Z;881;;1776
2024-03-16T13:26:28Z;979;;1874
2024-03-16T13:26:54Z;-354;;541
2024-03-16T13:27:08Z;957;;1852
2024-03-16T13:27:34Z;1002;;1897
2024-03-16T13:27:49Z;960;;1855
2024-03-16T13:28:15Z;1028;;1923
2024-03-16T13:28:22Z;-390;;505
2024-03-16T13:28:23Z;-271;;624
2024-03-16T13:28:24Z;-311;;584
2024-03-16T13:28:25Z;-15;;880
2024-03-16T13:28:26Z;;324;309
2024-03-16T13:28:28Z;;687;672
2024-03-16T13:28:30Z;1019;;1706
2024-03-16T13:28:56Z;993;;1680
2024-03-16T13:28:59Z;-315;;372
2024-03-16T13:29:02Z;-313;;374
2024-03-16T13:29:08Z;;557;244
2024-03-16T13:29:09Z;-325;;232
2024-03-16T13:29:10Z;;695;370
2024-03-16T13:29:13Z;1085;;1780
2024-03-16T13:29:37Z;-380;;315
2024-03-16T13:29:40Z;-296;;399
2024-03-16T13:29:41Z;-338;;357
2024-03-16T13:29:54Z;1012;;1707
2024-03-16T13:30:02Z;;727;1739
2024-03-16T13:30:06Z;1000;;1727
2024-03-16T13:30:18Z;989;;1716
2024-03-16T13:30:33Z;945;;1672
2024-03-16T13:30:59Z;978;;1705
2024-03-16T13:31:14Z;935;;1662
2024-03-16T13:31:42Z;-434;;293
2024-03-16T13:31:55Z;938;;1665
2024-03-16T13:32:19Z;885;;1612
2024-03-16T13:32:20Z;885;;1612
2024-03-16T13:32:21Z;-187;;540
2024-03-16T13:32:35Z;722;;1449
2024-03-16T13:32:36Z;959;;1686
2024-03-16T13:32:51Z;896;;1623
2024-03-16T13:32:53Z;905;;1632
2024-03-16T13:33:01Z;662;;1389
2024-03-16T13:33:02Z;-460;;267
2024-03-16T13:33:16Z;939;;1666
2024-03-16T13:33:19Z;898;;1625
2024-03-16T13:33:21Z;905;;1632
2024-03-16T13:33:28Z;888;;1615
2024-03-16T13:33:31Z;960;;1687
2024-03-16T13:33:37Z;883;;1610
2024-03-16T13:33:40Z;954;;1681
2024-03-16T13:33:41Z;938;;1665
2024-03-16T13:33:57Z;907;;1634
2024-03-16T13:34:23Z;985;;1712
2024-03-16T13:34:38Z;941;;1668
2024-03-16T13:35:04Z;927;;1654
2024-03-16T13:35:19Z;934;;1661
2024-03-16T13:35:45Z;906;;1633
2024-03-16T13:36:00Z;972;;1699
2024-03-16T13:36:25Z;899;;1626
2024-03-16T13:36:41Z;922;;1649
2024-03-16T13:36:43Z;871;;1598
2024-03-16T13:36:46Z;963;;1690
2024-03-16T13:36:52Z;865;;1592
2024-03-16T13:36:55Z;935;;1662
2024-03-16T13:37:01Z;864;;1591
2024-03-16T13:37:04Z;932;;1659
2024-03-16T13:37:07Z;-429;;298
2024-03-16T13:37:22Z;885;;1612
2024-03-16T13:37:27Z;949;;1676
2024-03-16T13:37:32Z;863;;1590
2024-03-16T13:37:36Z;944;;1671
2024-03-16T13:37:42Z;898;;1625
2024-03-16T13:37:45Z;986;;1713
2024-03-16T13:37:47Z;877;;1604
2024-03-16T13:37:48Z;-414;;313
2024-03-16T13:38:05Z;950;;1677
2024-03-16T13:38:09Z;878;;1605
2024-03-16T13:38:12Z;976;;1703
2024-03-16T13:38:18Z;894;;1621
2024-03-16T13:38:21Z;928;;1655
2024-03-16T13:38:27Z;932;;1659
2024-03-16T13:38:33Z;-461;;266
2024-03-16T13:38:34Z;-252;;475
2024-03-16T13:38:45Z;658;;1385
2024-03-16T13:38:46Z;989;;1716
2024-03-16T13:39:08Z;911;;1638
2024-03-16T13:39:24Z;959;;1686
2024-03-16T13:39:50Z;929;;1656
2024-03-16T13:40:05Z;996;;1723
2024-03-16T13:40:32Z;-326;;401
2024-03-16T13:40:46Z;970;;1697
2024-03-16T13:41:12Z;1034;;1761
2024-03-16T13:41:17Z;-343;;384
2024-03-16T13:41:18Z;-263;;464
2024-03-16T13:41:19Z;-300;;427
2024-03-16T13:41:23Z;-299;;428
2024-03-16T13:41:27Z;1072;;1799
2024-03-16T13:41:53Z;-341;;386
2024-03-16T13:41:58Z;-341;;386
2024-03-16T13:42:03Z;-283;;444
2024-03-16T13:42:08Z;1090;;1817
2024-03-16T13:42:33Z;1017;;1744
2024-03-16T13:42:34Z;-321;;406
2024-03-16T13:42:40Z;-272;;455
2024-03-16T13:42:43Z;-313;;414
2024-03-16T13:42:49Z;1076;;1803
2024-03-16T13:43:08Z;1268;;1995
2024-03-16T13:43:09Z;1101;;1828
2024-03-16T13:43:15Z;1060;;1787
2024-03-16T13:43:19Z;127;;854
2024-03-16T13:43:20Z;-238;;489
2024-03-16T13:43:30Z;1117;;1844
2024-03-16T13:43:51Z;1578;;2305
2024-03-16T13:43:52Z;1275;;2002
2024-03-16T13:43:56Z;1222;;1949
2024-03-16T13:44:04Z;;509;1731
2024-03-16T13:44:06Z;;632;1854
2024-03-16T13:44:11Z;1204;;1836
2024-03-16T13:44:12Z;1196;;1828
2024-03-16T13:44:14Z;1358;;1990
2024-03-16T13:44:22Z;1193;;1825
2024-03-16T13:44:24Z;1285;;1917
2024-03-16T13:44:29Z;1175;;1807
2024-03-16T13:44:33Z;1262;;1894
2024-03-16T13:44:37Z;426;;1058
2024-03-16T13:44:38Z;-119;;513
2024-03-16T13:44:48Z;6;;638
2024-03-16T13:44:49Z;-172;;460
2024-03-16T13:44:51Z;703;;1335
2024-03-16T13:44:52Z;1241;;1873
2024-03-16T13:44:58Z;1193;;1825
2024-03-16T13:44:59Z;1203;;1835
2024-03-16T13:45:02Z;;620;1823
2024-03-16T13:45:06Z;1199;;1819
2024-03-16T13:45:08Z;1230;;1850
2024-03-16T13:45:09Z;1201;;1821
2024-03-16T13:45:10Z;1195;;1815
2024-03-16T13:45:11Z;1263;;1883
2024-03-16T13:45:16Z;1184;;1804
2024-03-16T13:45:17Z;-163;;457
2024-03-16T13:45:34Z;1242;;1862
2024-03-16T13:45:37Z;1194;;1814
2024-03-16T13:45:41Z;1267;;1887
2024-03-16T13:45:47Z;1188;;1808
2024-03-16T13:45:50Z;1266;;1886
2024-03-16T13:45:56Z;1185;;1805
2024-03-16T13:45:57Z;1184;;1804
2024-03-16T13:46:13Z;1249;;1869
2024-03-16T13:46:14Z;1195;;1815
2024-03-16T13:46:17Z;1259;;1879
2024-03-16T13:46:25Z;1198;;1818
2024-03-16T13:46:30Z;1310;;1930
2024-03-16T13:46:36Z;1175;;1795
2024-03-16T13:46:38Z;1171;;1791
2024-03-16T13:46:54Z;1186;;1806
2024-03-16T13:46:58Z;1259;;1879
2024-03-16T13:47:04Z;1177;;1797
2024-03-16T13:47:07Z;1237;;1857
2024-03-16T13:47:13Z;1164;;1784
2024-03-16T13:47:16Z;1256;;1876
2024-03-16T13:47:19Z;1212;;1832
2024-03-16T13:47:35Z;1186;;1806
2024-03-16T13:47:38Z;1223;;1843
2024-03-16T13:47:44Z;1166;;1786
2024-03-16T13:47:48Z;1255;;1875
2024-03-16T13:47:53Z;1195;;1815
2024-03-16T13:47:57Z;1234;;1854
2024-03-16T13:48:01Z;-161;;459
2024-03-16T13:48:16Z;1216;;1836
2024-03-16T13:48:21Z;1153;;1773
2024-03-16T13:48:24Z;1227;;1847
2024-03-16T13:48:25Z;1197;;1817
2024-03-16T13:48:26Z;1220;;1840
2024-03-16T13:48:30Z;1161;;1781
2024-03-16T13:48:33Z;1234;;1854
2024-03-16T13:48:35Z;1199;;1819
2024-03-16T13:48:36Z;1210;;1830
2024-03-16T13:48:38Z;1194;;1814
2024-03-16T13:48:41Z;1146;;1766
2024-03-16T13:48:57Z;1191;;1811
2024-03-16T13:49:05Z;1209;;1829
2024-03-16T13:49:06Z;1181;;1801
2024-03-16T13:49:14Z;1205;;1825
2024-03-16T13:49:15Z;1180;;1800
2024-03-16T13:49:23Z;-144;;476
2024-03-16T13:49:38Z;1143;;1763
2024-03-16T13:49:41Z;1216;;1836
2024-03-16T13:49:42Z;1186;;1806
2024-03-16T13:49:54Z;1287;;1907
2024-03-16T13:49:55Z;1194;;1814
2024-03-16T13:50:03Z;1149;;1769
2024-03-16T13:50:19Z;1148;;1768
2024-03-16T13:50:31Z;1201;;1821
2024-03-16T13:50:32Z;1149;;1769
2024-03-16T13:50:44Z;-10;;610
2024-03-16T13:50:59Z;739;;1359
2024-03-16T13:51:00Z;1111;;1731
2024-03-16T13:51:24Z;1145;;1765
2024-03-16T13:51:40Z;1140;;1760
2024-03-16T13:51:57Z;1202;;1822
2024-03-16T13:51:58Z;1153;;1773
2024-03-16T13:52:06Z;-256;;364
2024-03-16T13:52:21Z;1165;;1785
2024-03-16T13:52:38Z;1212;;1832
2024-03-16T13:52:39Z;1164;;1784
2024-03-16T13:52:47Z;-162;;458
2024-03-16T13:53:02Z;1113;;1733
2024-03-16T13:53:27Z;1165;;1785
2024-03-16T13:53:43Z;1134;;1754
2024-03-16T13:53:55Z;1201;;1821
2024-03-16T13:53:56Z;1167;;1787
2024-03-16T13:54:08Z;1154;;1774
2024-03-16T13:54:24Z;1127;;1747
2024-03-16T13:54:49Z;1152;;1772
2024-03-16T13:55:05Z;1165;;1785
2024-03-16T13:55:12Z;1213;;1833
2024-03-16T13:55:13Z;1171;;1791
2024-03-16T13:55:21Z;1214;;1834
2024-03-16T13:55:22Z;1173;;1793
2024-03-16T13:55:33Z;-252;;368
2024-03-16T13:55:46Z;1166;;1786
2024-03-16T13:56:02Z;1203;;1823
2024-03-16T13:56:03Z;1180;;1800
2024-03-16T13:56:14Z;-187;;433
2024-03-16T13:56:27Z;1139;;1759
2024-03-16T13:56:29Z;1230;;1850
2024-03-16T13:56:30Z;1189;;1809
2024-03-16T13:56:52Z;-103;;517
2024-03-16T13:57:07Z;1005;;1625
2024-03-16T13:57:19Z;1214;;1834
2024-03-16T13:57:20Z;1179;;1799
2024-03-16T13:57:28Z;1210;;1830
2024-03-16T13:57:29Z;1187;;1807
2024-03-16T13:57:33Z;-164;;456
2024-03-16T13:57:44Z;-200;;420
2024-03-16T13:57:48Z;912;;1532
2024-03-16T13:59:06Z;;624;1536
2024-03-16T13:59:10Z;1012;;1636
2024-03-16T13:59:37Z;-358;;266
2024-03-16T13:59:39Z;;598;240
2024-03-16T13:59:41Z;;603;245
2024-03-16T13:59:44Z;;599;241
2024-03-16T13:59:51Z;953;;1552
2024-03-16T14:00:02Z;;594;1547
2024-03-16T14:00:06Z;953;;1547
2024-03-16T14:00:18Z;-323;;271
2024-03-16T14:00:32Z;977;;1571
2024-03-16T14:00:47Z;1208;;1802
2024-03-16T14:00:48Z;1191;;1785
2024-03-16T14:00:52Z;1214;;1808
2024-03-16T14:00:57Z;1201;;1795
2024-03-16T14:01:13Z;1225;;1819
2024-03-16T14:01:38Z;-94;;500
2024-03-16T14:01:54Z;1278;;1872
2024-03-16T14:02:19Z;636;;1230
2024-03-16T14:02:34Z;76;;670
2024-03-16T14:02:35Z;1187;;1781
2024-03-16T14:02:36Z;1203;;1797
2024-03-16T14:02:37Z;1155;;1749
2024-03-16T14:02:40Z;1208;;1802
2024-03-16T14:02:41Z;1182;;1776
2024-03-16T14:02:42Z;1207;;1801
2024-03-16T14:02:46Z;1164;;1758
2024-03-16T14:02:49Z;1215;;1809
2024-03-16T14:02:55Z;1193;;1787
2024-03-16T14:02:58Z;1239;;1833
2024-03-16T14:03:00Z;-71;;523
2024-03-16T14:03:12Z;13;;607
2024-03-16T14:03:13Z;-12;;582
2024-03-16T14:03:15Z;1263;63;1857
2024-03-16T14:03:17Z;;460;1723
2024-03-16T14:03:41Z;-78;;382
2024-03-16T14:03:56Z;1266;;1726
2024-03-16T14:04:22Z;1282;;1742
2024-03-16T14:04:25Z;3;;463
2024-03-16T14:04:37Z;1309;;1769
2024-03-16T14:05:03Z;1299;;1759
2024-03-16T14:05:17Z;1371;;1831
2024-03-16T14:05:44Z;-54;;406
2024-03-16T14:05:46Z;28;;488
2024-03-16T14:05:47Z;-7;;453
2024-03-16T14:05:48Z;25;;485
2024-03-16T14:05:53Z;2;;462
2024-03-16T14:05:55Z;25;;485
2024-03-16T14:05:57Z;-2;;458
2024-03-16T14:05:59Z;1362;;1822
2024-03-16T14:06:25Z;20;;480
2024-03-16T14:06:27Z;19;;479
2024-03-16T14:06:31Z;9;;469
2024-03-16T14:06:36Z;22;;482
2024-03-16T14:06:40Z;1374;;1834
2024-03-16T14:07:05Z;39;;499
2024-03-16T14:07:08Z;35;;495
2024-03-16T14:07:12Z;54;;514
2024-03-16T14:07:17Z;36;;496
2024-03-16T14:07:21Z;1430;;1890
2024-03-16T14:07:46Z;8;;468
2024-03-16T14:08:02Z;1462;;1922
2024-03-16T14:08:11Z;;299;1761
2024-03-16T14:08:13Z;;301;1763
2024-03-16T14:08:21Z;;297;1759
2024-03-16T14:08:23Z;;304;1766
2024-03-16T14:08:26Z;;298;1760
2024-03-16T14:08:27Z;22;;320
2024-03-16T14:08:28Z;;305;327
2024-03-16T14:08:31Z;;292;314
2024-03-16T14:08:38Z;;302;324
2024-03-16T14:08:40Z;;297;319
2024-03-16T14:08:43Z;1459;;1756
2024-03-16T14:08:57Z;1532;;1829
2024-03-16T14:08:58Z;1471;;1768
2024-03-16T14:09:09Z;186;;483
2024-03-16T14:09:23Z;785;;1082
2024-03-16T14:09:24Z;1474;;1771
2024-03-16T14:09:48Z;118;;415
2024-03-16T14:10:04Z;1419;;1716
2024-03-16T14:10:05Z;1543;;1840
2024-03-16T14:10:06Z;1491;;1788
2024-03-16T14:10:18Z;1515;;1812
2024-03-16T14:10:19Z;1488;;1785
2024-03-16T14:10:21Z;1500;;1797
2024-03-16T14:10:22Z;1499;;1796
2024-03-16T14:10:30Z;119;;416
2024-03-16T14:10:45Z;1513;;1810
2024-03-16T14:10:47Z;1469;;1766
2024-03-16T14:10:49Z;1500;;1797
2024-03-16T14:10:50Z;1497;;1794
2024-03-16T14:10:56Z;1518;;1815
2024-03-16T14:10:58Z;1498;;1795
2024-03-16T14:10:59Z;1500;;1797
2024-03-16T14:11:00Z;1456;;1753
2024-03-16T14:11:04Z;1506;;1803
2024-03-16T14:11:05Z;1494;;1791
2024-03-16T14:11:11Z;90;;387
2024-03-16T14:11:12Z;302;;599
2024-03-16T14:11:13Z;163;;460
2024-03-16T14:11:26Z;1501;;1798
2024-03-16T14:11:29Z;1489;;1786
2024-03-16T14:11:30Z;1508;;1805
2024-03-16T14:11:31Z;1498;;1795
2024-03-16T14:11:37Z;1501;;1798
2024-03-16T14:11:39Z;1494;;1791
2024-03-16T14:11:44Z;1501;;1798
2024-03-16T14:11:45Z;1493;;1790
2024-03-16T14:11:48Z;1504;;1801
2024-03-16T14:11:49Z;1498;;1795
2024-03-16T14:11:52Z;91;;388
2024-03-16T14:12:07Z;1505;;1802
2024-03-16T14:12:08Z;1453;;1750
2024-03-16T14:12:12Z;1533;;1830
2024-03-16T14:12:13Z;1499;;1796
2024-03-16T14:12:21Z;1642;;1939
2024-03-16T14:12:23Z;1478;;1775
2024-03-16T14:12:24Z;1507;;1804
2024-03-16T14:12:28Z;1453;;1750
2024-03-16T14:12:33Z;92;;389
2024-03-16T14:12:48Z;1509;;1806
2024-03-16T14:12:49Z;1460;;1757
2024-03-16T14:12:52Z;1506;;1803
2024-03-16T14:12:53Z;1486;;1783
2024-03-16T14:12:55Z;1500;;1797
2024-03-16T14:12:56Z;1494;;1791
2024-03-16T14:12:57Z;1503;;1800
2024-03-16T14:12:58Z;1475;;1772
2024-03-16T14:13:01Z;1510;;1807
2024-03-16T14:13:02Z;1498;;1795
2024-03-16T14:13:03Z;1512;;1809
2024-03-16T14:13:07Z;1460;;1757
2024-03-16T14:13:12Z;1506;;1803
2024-03-16T14:13:14Z;138;;435
2024-03-16T14:13:21Z;478;;775
2024-03-16T14:13:22Z;154;;451
2024-03-16T14:13:30Z;1578;;1875
2024-03-16T14:13:36Z;1469;;1766
2024-03-16T14:13:42Z;1520;;1817
2024-03-16T14:13:47Z;1497;;1794
2024-03-16T14:13:51Z;1529;;1826
2024-03-16T14:13:55Z;148;;445
2024-03-16T14:14:10Z;1515;;1812
2024-03-16T14:14:15Z;1476;;1773
2024-03-16T14:14:19Z;1518;;1815
2024-03-16T14:14:24Z;1462;;1759
2024-03-16T14:14:27Z;1508;;1805
2024-03-16T14:14:31Z;1498;;1795
2024-03-16T14:14:32Z;1503;;1800
2024-03-16T14:14:33Z;1454;;1751
2024-03-16T14:14:36Z;224;;521
2024-03-16T14:14:51Z;1520;;1817
2024-03-16T14:14:56Z;1465;;1762
2024-03-16T14:14:59Z;1529;;1826
2024-03-16T14:15:02Z;;199;1728
2024-03-16T14:15:05Z;1471;;1670
2024-03-16T14:15:07Z;1540;;1739
2024-03-16T14:15:08Z;1521;;1720
2024-03-16T14:15:14Z;1459;;1658
2024-03-16T14:15:17Z;156;;355
2024-03-16T14:15:32Z;1435;;1634
2024-03-16T14:15:44Z;1549;;1748
2024-03-16T14:15:46Z;1473;;1672
2024-03-16T14:15:57Z;196;;395
2024-03-16T14:16:12Z;1273;;1472
2024-03-16T14:16:38Z;169;;368
2024-03-16T14:16:51Z;348;;547
2024-03-16T14:16:53Z;1499;;1698
2024-03-16T14:17:19Z;178;;377
2024-03-16T14:17:34Z;1454;;1653
2024-03-16T14:18:00Z;287;;486
2024-03-16T14:18:15Z;1465;;1664
2024-03-16T14:18:42Z;169;;368
2024-03-16T14:18:56Z;1428;;1627
2024-03-16T14:19:09Z;1540;;1739
2024-03-16T14:19:10Z;1485;;1684
2024-03-16T14:19:22Z;1512;;1711
2024-03-16T14:19:23Z;1471;;1670
2024-03-16T14:19:24Z;180;;379
2024-03-16T14:19:37Z;1426;;1625
2024-03-16T14:19:40Z;1500;;1699
2024-03-16T14:19:41Z;1485;;1684
2024-03-16T14:20:05Z;123;;322
2024-03-16T14:20:18Z;1467;;1666
2024-03-16T14:20:46Z;126;;325
2024-03-16T14:20:59Z;1482;;1681
2024-03-16T14:21:24Z;1522;;1721
2024-03-16T14:21:25Z;1493;;1692
2024-03-16T14:21:26Z;175;;374
2024-03-16T14:23:02Z;1504;;1703
2024-03-16T14:23:03Z;1486;;1685
2024-03-16T14:23:06Z;166;;365
2024-03-16T14:23:30Z;;0;166
2024-03-16T14:23:32Z;;203;369
2024-03-16T14:23:45Z;1492;;1695
2024-03-16T14:23:47Z;1508;;1711
2024-03-16T14:23:48Z;1483;;1686
2024-03-16T14:23:54Z;109;;312
2024-03-16T14:24:23Z;1384;;1587
2024-03-16T14:24:28Z;1508;;1711
2024-03-16T14:24:29Z;1481;;1684
2024-03-16T14:24:39Z;154;;357
2024-03-16T14:25:04Z;1487;;1690
2024-03-16T14:25:17Z;1631;;1834
2024-03-16T14:25:18Z;1490;;1693
2024-03-16T14:25:24Z;91;;294
2024-03-16T14:25:45Z;1483;;1686
2024-03-16T14:26:10Z;139;;342
2024-03-16T14:26:26Z;1444;;1647
2024-03-16T14:26:50Z;92;;295
2024-03-16T14:27:07Z;1442;;1645
2024-03-16T14:27:31Z;87;;290
2024-03-16T14:27:48Z;1394;;1597
2024-03-16T14:28:11Z;121;;324
2024-03-16T14:28:29Z;1432;;1635
2024-03-16T14:28:49Z;825;;1028
2024-03-16T14:28:50Z;109;;312
2024-03-16T14:29:10Z;1422;;1625
2024-03-16T14:29:20Z;1675;;1878
2024-03-16T14:29:29Z;324;;527
2024-03-16T14:29:33Z;262;;465
2024-03-16T14:29:36Z;339;;542
2024-03-16T14:29:41Z;115;;318
2024-03-16T14:29:52Z;385;;588
2024-03-16T14:29:53Z;66;;269
2024-03-16T14:30:02Z;;265;331
2024-03-16T14:30:07Z;66;;331
2024-03-16T14:30:15Z;348;;613
2024-03-16T14:30:18Z;254;;519
2024-03-16T14:30:22Z;319;;584
2024-03-16T14:30:23Z;299;;564
2024-03-16T14:30:25Z;304;;569
2024-03-16T14:30:27Z;295;;560
2024-03-16T14:30:31Z;1656;;1921
2024-03-16T14:30:33Z;287;;552
2024-03-16T14:31:14Z;1470;;1735
2024-03-16T14:31:18Z;55;;320
2024-03-16T14:31:52Z;1143;;1408
2024-03-16T14:31:53Z;1456;;1721
2024-03-16T14:31:57Z;1517;;1782
2024-03-16T14:31:58Z;1477;;1742
2024-03-16T14:32:04Z;45;;310
2024-03-16T14:32:35Z;1471;;1736
2024-03-16T14:32:50Z;102;;367
2024-03-16T14:33:14Z;1511;;1776
2024-03-16T14:33:15Z;1472;;1737
2024-03-16T14:33:20Z;;300;1772
2024-03-16T14:33:22Z;;292;1764
2024-03-16T14:33:24Z;;300;1772
2024-03-16T14:33:26Z;;294;1766
2024-03-16T14:33:28Z;;301;1773
2024-03-16T14:33:30Z;;294;1766
2024-03-16T14:33:32Z;;302;1774
2024-03-16T14:33:34Z;;295;1767
2024-03-16T14:33:36Z;39;;334
2024-03-16T14:33:37Z;;301;340
2024-03-16T14:33:38Z;;294;333
2024-03-16T14:33:40Z;;302;341
2024-03-16T14:33:46Z;;295;334
2024-03-16T14:33:48Z;;303;342
2024-03-16T14:33:50Z;;292;331
2024-03-16T14:33:52Z;;317;356
2024-03-16T14:33:55Z;1493;;1810
2024-03-16T14:33:59Z;;298;1791
2024-03-16T14:34:01Z;;305;1798
2024-03-16T14:34:09Z;;299;1792
2024-03-16T14:34:11Z;;307;1800
2024-03-16T14:34:16Z;71;;378
2024-03-16T14:34:21Z;;292;363
2024-03-16T14:34:23Z;;301;372
2024-03-16T14:34:36Z;1469;;1770
2024-03-16T14:34:37Z;;292;1761
2024-03-16T14:34:41Z;;300;1769
2024-03-16T14:34:46Z;;299;1768
2024-03-16T14:34:48Z;;294;1763
2024-03-16T14:34:57Z;;285;1754
2024-03-16T14:34:58Z;79;;364
2024-03-16T14:34:59Z;;305;384
2024-03-16T14:35:07Z;;297;376
2024-03-16T14:35:09Z;;306;385
2024-03-16T14:35:17Z;1455;;1761
2024-03-16T14:35:21Z;;298;1753
2024-03-16T14:35:23Z;;308;1763
2024-03-16T14:35:38Z;26;;334
2024-03-16T14:35:40Z;;298;324
2024-03-16T14:35:42Z;;310;336
2024-03-16T14:35:49Z;23;;333
2024-03-16T14:35:58Z;1116;;1426
2024-03-16T14:36:18Z;-229;;81
2024-03-16T14:36:39Z;1190;;1500
2024-03-16T14:36:44Z;1201;;1511
2024-03-16T14:36:45Z;1149;;1459
2024-03-16T14:36:53Z;1208;;1518
2024-03-16T14:36:54Z;1195;;1505
2024-03-16T14:36:56Z;-152;;158
2024-03-16T14:37:20Z;1175;;1485
2024-03-16T14:37:31Z;1247;;1557
2024-03-16T14:37:34Z;1136;;1446
2024-03-16T14:37:35Z;1146;;1456
2024-03-16T14:38:52Z;10;;320
2024-03-16T14:38:55Z;9;;319
2024-03-16T14:39:00Z;37;;347
2024-03-16T14:39:04Z;35;;345
2024-03-16T14:39:09Z;74;;384
2024-03-16T14:39:15Z;44;;354
2024-03-16T14:39:17Z;6;;316
2024-03-16T14:39:22Z;32;;342
2024-03-16T14:39:27Z;35;;345
2024-03-16T14:39:31Z;34;;344
2024-03-16T14:39:36Z;31;;341
2024-03-16T14:39:40Z;20;;330
2024-03-16T14:39:45Z;38;;348
2024-03-16T14:39:49Z;20;;330
2024-03-16T14:39:54Z;24;;334
2024-03-16T14:39:59Z;46;;356
2024-03-16T14:40:03Z;19;;329
2024-03-16T14:40:08Z;43;;353
2024-03-16T14:40:13Z;3;;313
2024-03-16T14:40:17Z;54;;364
2024-03-16T14:40:24Z;-17;;293
2024-03-16T14:40:30Z;49;;359
2024-03-16T14:40:36Z;-31;;279
2024-03-16T14:40:39Z;25;;335
2024-03-16T14:40:45Z;-16;;294
2024-03-16T14:40:48Z;21;;331
2024-03-16T14:40:54Z;-24;;286
2024-03-16T14:40:58Z;19;;329
2024-03-16T14:41:03Z;-24;;286
2024-03-16T14:41:06Z;8;;318
2024-03-16T14:41:12Z;-24;;286
2024-03-16T14:41:16Z;38;;348
2024-03-16T14:41:21Z;18;;328
2024-03-16T14:41:25Z;78;;388
2024-03-16T14:41:31Z;17;;327
2024-03-16T14:41:38Z;15;;325
2024-03-16T14:41:43Z;21;;331
2024-03-16T14:41:47Z;45;;355
2024-03-16T14:41:52Z;37;;347
2024-03-16T14:41:56Z;25;;335
2024-03-16T14:42:01Z;24;;334
2024-03-16T14:42:05Z;22;;332
2024-03-16T14:42:11Z;-9;;301
2024-03-16T14:42:14Z;29;;339
2024-03-16T14:42:19Z;37;;347
2024-03-16T14:42:23Z;28;;338
2024-03-16T14:42:28Z;-5;;305
2024-03-16T14:42:33Z;85;;395
2024-03-16T14:42:40Z;0;;310
2024-03-16T14:42:46Z;38;;348
2024-03-16T14:42:52Z;0;270;310
2024-03-16T14:42:54Z;;357;357
2024-03-16T14:42:56Z;62;;419
2024-03-16T14:43:00Z;48;;405
2024-03-16T14:43:04Z;38;;395
2024-03-16T14:43:09Z;38;;395
2024-03-16T14:43:13Z;44;;401
2024-03-16T14:43:18Z;35;;392
2024-03-16T14:43:21Z;15;;372
2024-03-16T14:43:27Z;37;;394
2024-03-16T14:43:31Z;22;;379
2024-03-16T14:43:36Z;28;;385
2024-03-16T14:43:41Z;76;;433
2024-03-16T14:43:48Z;0;;357
2024-03-16T14:43:49Z;-1;;356
2024-03-16T14:43:52Z;3;;360
2024-03-16T14:43:55Z;;0;3
2024-03-16T14:43:57Z;;353;356
2024-03-16T14:44:00Z;-16;;337
2024-03-16T14:44:02Z;68;;421
2024-03-16T14:44:09Z;-23;;330
2024-03-16T14:44:12Z;39;;392
2024-03-16T14:44:18Z;-14;;339
2024-03-16T14:44:21Z;26;;379
2024-03-16T14:44:27Z;-9;;344
2024-03-16T14:44:30Z;37;;390
2024-03-16T14:44:36Z;-21;;332
2024-03-16T14:44:39Z;21;;374
2024-03-16T14:44:44Z;42;;395
2024-03-16T14:44:48Z;204;;557
2024-03-16T14:44:55Z;38;;391
2024-03-16T14:45:02Z;26;361;379
2024-03-16T14:45:07Z;-18;;343
2024-03-16T14:45:08Z;28;;389
2024-03-16T14:45:11Z;32;;393
2024-03-16T14:45:17Z;-25;;336
2024-03-16T14:45:20Z;31;;392
2024-03-16T14:45:25Z;219;;580
2024-03-16T14:45:29Z;34;;395
2024-03-16T14:45:34Z;24;;385
2024-03-16T14:45:38Z;25;;386
2024-03-16T14:45:43Z;28;;389
2024-03-16T14:45:48Z;45;;406
2024-03-16T14:45:52Z;36;;397
2024-03-16T14:45:56Z;134;;495
2024-03-16T14:46:03Z;14;;375
2024-03-16T14:46:10Z;17;;378
2024-03-16T14:46:15Z;6;;367
2024-03-16T14:46:19Z;23;;384
2024-03-16T14:46:20Z;0;;361
2024-03-16T14:46:21Z;1;;362
2024-03-16T14:46:26Z;14;;375
2024-03-16T14:46:28Z;7;;368
2024-03-16T14:46:35Z;9;;370
2024-03-16T14:46:36Z;8;;369
2024-03-16T14:46:37Z;4;;365
2024-03-16T14:46:41Z;5;;366
2024-03-16T14:46:42Z;1;;362
2024-03-16T14:46:50Z;1;;362
2024-03-16T14:46:55Z;8;;369
2024-03-16T14:47:00Z;4;;365
2024-03-16T14:47:05Z;22;;383
2024-03-16T14:47:07Z;0;;361
2024-03-16T14:47:18Z;38;;399
2024-03-16T14:47:22Z;1;;362
2024-03-16T14:47:27Z;18;;379
2024-03-16T14:47:29Z;6;;367
2024-03-16T14:47:31Z;1;;362
2024-03-16T14:47:36Z;11;;372
2024-03-16T14:47:39Z;1;;362
2024-03-16T14:47:41Z;0;;361
2024-03-16T14:47:49Z;4;;365
2024-03-16T14:47:50Z;3;;364
2024-03-16T14:47:54Z;25;;386
2024-03-16T14:48:00Z;-29;;332
2024-03-16T14:48:04Z;6;;367
2024-03-16T14:48:05Z;-6;;355
2024-03-16T14:48:08Z;-1;;360
2024-03-16T14:48:12Z;14;;375
2024-03-16T14:48:15Z;-1;;360
2024-03-16T14:48:17Z;9;;370
2024-03-16T14:48:20Z;-37;;324
2024-03-16T14:48:26Z;28;;389
2024-03-16T14:48:28Z;0;;361
2024-03-16T14:48:29Z;21;;382
2024-03-16T14:48:32Z;-38;;323
2024-03-16T14:48:35Z;24;;385
2024-03-16T14:48:36Z;-7;;354
2024-03-16T14:48:37Z;5;;366
2024-03-16T14:48:41Z;-42;;319
2024-03-16T14:48:44Z;25;;386
2024-03-16T14:48:45Z;-1;;360
2024-03-16T14:48:47Z;3;;364
2024-03-16T14:48:50Z;-33;;328
2024-03-16T14:48:53Z;12;;373
2024-03-16T14:48:59Z;-23;;338
2024-03-16T14:49:02Z;20;;381
2024-03-16T14:49:07Z;9;;370
2024-03-16T14:49:11Z;4;;365
2024-03-16T14:49:16Z;6;;367
2024-03-16T14:49:20Z;72;;433
2024-03-16T14:49:27Z;11;;372
2024-03-16T14:49:34Z;54;;415
2024-03-16T14:49:39Z;8;;369
2024-03-16T14:49:43Z;55;;416
2024-03-16T14:49:49Z;-34;;327
2024-03-16T14:49:52Z;26;;387
2024-03-16T14:49:57Z;32;;393
2024-03-16T14:50:01Z;44;;405
2024-03-16T14:50:06Z;-35;;326
2024-03-16T14:50:10Z;25;;386
2024-03-16T14:50:15Z;16;;377
2024-03-16T14:50:19Z;23;;384
2024-03-16T14:50:24Z;25;;386
2024-03-16T14:50:28Z;194;;555
2024-03-16T14:50:34Z;34;;395
2024-03-16T14:50:42Z;45;;406
2024-03-16T14:50:48Z;-26;;335
2024-03-16T14:50:51Z;54;;415
2024-03-16T14:50:57Z;7;;368
2024-03-16T14:50:59Z;70;;431
2024-03-16T14:51:05Z;34;;395
2024-03-16T14:51:09Z;32;;393
2024-03-16T14:51:10Z;-11;;350
2024-03-16T14:51:11Z;25;;386
2024-03-16T14:51:15Z;-22;;339
2024-03-16T14:51:18Z;39;;400
2024-03-16T14:51:24Z;-17;;344
2024-03-16T14:51:27Z;27;;388
2024-03-16T14:51:33Z;-11;;350
2024-03-16T14:51:36Z;31;;392
2024-03-16T14:51:43Z;-4;;357
2024-03-16T14:51:50Z;50;;411
2024-03-16T14:51:56Z;-22;;339
2024-03-16T14:51:59Z;61;;422
2024-03-16T14:52:05Z;-12;;349
2024-03-16T14:52:08Z;65;;426
2024-03-16T14:52:14Z;-12;;349
2024-03-16T14:52:17Z;38;;399
2024-03-16T14:52:22Z;29;;390
2024-03-16T14:52:26Z;36;;397
2024-03-16T14:52:31Z;27;;388
2024-03-16T14:52:35Z;33;;394
2024-03-16T14:52:40Z;36;;397
2024-03-16T14:52:44Z;24;;385
2024-03-16T14:52:51Z;14;;375
2024-03-16T14:53:08Z;72;;433
2024-03-16T14:53:11Z;91;;452
2024-03-16T14:53:12Z;32;;393
2024-03-16T14:53:16Z;58;;419
2024-03-16T14:53:21Z;36;;397
2024-03-16T14:53:25Z;63;;424
2024-03-16T14:53:30Z;33;;394
2024-03-16T14:53:34Z;33;;394
2024-03-16T14:53:39Z;39;;400
2024-03-16T14:53:43Z;34;;395
2024-03-16T14:53:45Z;1351;;1712
2024-03-16T14:53:46Z;179;;540
2024-03-16T14:56:36Z;;299;478
2024-03-16T14:56:38Z;;300;479
2024-03-16T14:56:46Z;;298;477
2024-03-16T14:56:48Z;;306;485
2024-03-16T14:56:56Z;;295;474
2024-03-16T14:56:58Z;;303;482
2024-03-16T14:57:06Z;;293;472
2024-03-16T14:57:08Z;;300;479
2024-03-16T14:57:14Z;;299;478
2024-03-16T14:57:22Z;;303;482
2024-03-16T14:57:24Z;;296;475
2024-03-16T14:57:29Z;329;;625
2024-03-16T14:57:30Z;206;;502
2024-03-16T15:00:02Z;;250;456
2024-03-16T15:00:06Z;154;;404
2024-03-16T15:04:14Z;;0;154
2024-03-16T15:04:16Z;;226;380
2024-03-16T15:09:54Z;-81;;145
2024-03-16T15:12:55Z;11;;237
2024-03-16T15:14:25Z;44;;270
2024-03-16T15:14:27Z;31;;257
2024-03-16T15:15:02Z;;255;286
2024-03-16T15:15:08Z;34;;289
2024-03-16T15:17:27Z;0;;255
2024-03-16T15:17:28Z;5;;260
2024-03-16T15:17:36Z;-3;;252
2024-03-16T15:17:37Z;4;;259
2024-03-16T15:17:47Z;0;;255
2024-03-16T15:17:48Z;7;;262
2024-03-16T15:17:52Z;7;;262
2024-03-16T15:17:54Z;14;;269
2024-03-16T15:17:58Z;5;;260
2024-03-16T15:18:02Z;5;;260
2024-03-16T15:18:03Z;4;;259
2024-03-16T15:18:06Z;4;;259
2024-03-16T15:18:13Z;3;;258
2024-03-16T15:18:16Z;3;;258
2024-03-16T15:18:21Z;0;;255
2024-03-16T15:18:23Z;1;;256
2024-03-16T15:18:26Z;0;;255
2024-03-16T15:18:30Z;1;;256
2024-03-16T15:18:31Z;0;;255
2024-03-16T15:18:32Z;8;;263
2024-03-16T15:18:34Z;2;;257
2024-03-16T15:18:44Z;10;;265
2024-03-16T15:18:46Z;0;;255
2024-03-16T15:18:47Z;5;;260
2024-03-16T15:18:49Z;0;;255
2024-03-16T15:18:54Z;2;;257
2024-03-16T15:18:55Z;3;;258
2024-03-16T15:19:03Z;2;;257
2024-03-16T15:19:04Z;1;;256
2024-03-16T15:19:07Z;;300;301
2024-03-16T15:19:09Z;;297;298
2024-03-16T15:19:13Z;0;;297
2024-03-16T15:19:17Z;;308;308
2024-03-16T15:19:19Z;;299;299
2024-03-16T15:19:21Z;;306;306
2024-03-16T15:21:50Z;;295;295
2024-03-16T15:21:52Z;;322;322
2024-03-16T15:28:57Z;;111;111
2024-03-16T15:28:59Z;;316;316
2024-03-16T15:30:02Z;;313;313
2024-03-16T15:30:06Z;-32;;281
2024-03-16T15:30:23Z;;273;241
2024-03-16T15:30:25Z;;315;283
2024-03-16T15:30:27Z;;227;195
2024-03-16T15:30:29Z;;318;286
2024-03-16T15:31:02Z;;305;273
2024-03-16T15:31:04Z;;299;267
2024-03-16T15:31:12Z;10;;309
2024-03-16T15:31:13Z;10;;309
2024-03-16T15:31:34Z;0;;299
2024-03-16T15:31:37Z;1;;300
2024-03-16T15:31:39Z;3;;302
2024-03-16T15:31:40Z;2;;301
2024-03-16T15:31:43Z;;300;302
2024-03-16T15:31:46Z;;295;297
2024-03-16T15:31:48Z;3;;298
2024-03-16T15:31:49Z;1;;296
2024-03-16T15:31:52Z;4;;299
2024-03-16T15:31:53Z;0;;295
2024-03-16T15:31:54Z;1;;296
2024-03-16T15:32:03Z;0;;295
2024-03-16T15:32:05Z;8;;303
2024-03-16T15:34:40Z;51;;346
2024-03-16T15:34:42Z;54;;349
2024-03-16T15:38:38Z;36;;331
2024-03-16T15:41:41Z;3;;298
2024-03-16T15:44:48Z;;0;3
2024-03-16T15:44:50Z;;221;224
2024-03-16T15:45:02Z;;229;232
2024-03-16T15:45:06Z;54;;283
2024-03-16T15:55:00Z;63;;292
2024-03-16T15:55:02Z;54;;283
2024-03-16T16:00:02Z;;224;278
2024-03-16T16:00:06Z;62;;286
2024-03-16T16:04:47Z;2252;;2476
2024-03-16T16:04:48Z;238;;462
2024-03-16T16:05:11Z;672;;896
2024-03-16T16:05:12Z;217;;441
2024-03-16T16:05:53Z;221;;445
2024-03-16T16:08:12Z;15;;239
2024-03-16T16:08:14Z;-8;;216
2024-03-16T16:08:16Z;3;;227
2024-03-16T16:08:18Z;1;;225
2024-03-16T16:08:54Z;136;;360
2024-03-16T16:15:02Z;;148;284
2024-03-16T16:15:05Z;241;;389
2024-03-16T16:17:32Z;503;;651
2024-03-16T16:17:52Z;285;;433
2024-03-16T16:18:32Z;507;;655
2024-03-16T16:18:53Z;268;;416
2024-03-16T16:22:45Z;300;;448
2024-03-16T16:22:47Z;297;;445
2024-03-16T16:23:02Z;302;;450
2024-03-16T16:23:04Z;299;;447
2024-03-16T16:23:10Z;302;;450
2024-03-16T16:23:11Z;298;;446
2024-03-16T16:23:13Z;300;;448
2024-03-16T16:23:17Z;299;;447
2024-03-16T16:23:19Z;314;;462
2024-03-16T16:23:38Z;196;;344
2024-03-16T16:25:16Z;580;;728
2024-03-16T16:25:17Z;219;;367
2024-03-16T16:25:18Z;308;;456
2024-03-16T16:25:19Z;219;;367
2024-03-16T16:30:02Z;;54;273
2024-03-16T16:30:05Z;236;;290
2024-03-16T16:35:19Z;0;;54
2024-03-16T16:35:21Z;2;;56
2024-03-16T16:35:24Z;0;;54
2024-03-16T16:35:26Z;3;;57
2024-03-16T16:35:29Z;2;;56
2024-03-16T16:35:31Z;2;;56
2024-03-16T16:35:33Z;0;;54
2024-03-16T16:35:34Z;3;;57
2024-03-16T16:35:36Z;0;;54
2024-03-16T16:35:38Z;2;;56
2024-03-16T16:35:39Z;0;;54
2024-03-16T16:35:41Z;4;;58
2024-03-16T16:35:44Z;0;;54
2024-03-16T16:35:46Z;1;;55
2024-03-16T16:35:48Z;8;;62
2024-03-16T16:35:50Z;-368;;-314
2024-03-16T16:35:51Z;1;;55
2024-03-16T16:35:53Z;0;;54
2024-03-16T16:35:54Z;2;;56
2024-03-16T16:35:55Z;0;;54
2024-03-16T16:35:56Z;3;;57
2024-03-16T16:35:58Z;0;;54
2024-03-16T16:36:00Z;2;;56
2024-03-16T16:36:02Z;0;;54
2024-03-16T16:36:04Z;2;;56
2024-03-16T16:36:14Z;0;;54
2024-03-16T16:36:15Z;1;;55
2024-03-16T16:36:18Z;0;;54
2024-03-16T16:36:20Z;1;;55
2024-03-16T16:36:21Z;0;;54
2024-03-16T16:36:23Z;1;;55
2024-03-16T16:36:28Z;-1;;53
2024-03-16T16:36:30Z;1;;55
2024-03-16T16:36:31Z;0;;54
2024-03-16T16:36:33Z;2;;56
2024-03-16T16:36:35Z;0;;54
2024-03-16T16:36:36Z;-1;;53
2024-03-16T16:36:38Z;1;;55
2024-03-16T16:36:40Z;0;;54
2024-03-16T16:36:41Z;1;;55
2024-03-16T16:36:42Z;0;;54
2024-03-16T16:36:43Z;1;;55
2024-03-16T16:36:45Z;0;;54
2024-03-16T16:36:46Z;1;;55
2024-03-16T16:36:48Z;0;;54
2024-03-16T16:36:49Z;1;;55
2024-03-16T16:36:51Z;0;;54
2024-03-16T16:36:54Z;-6;;48
2024-03-16T16:37:01Z;1;;55
2024-03-16T16:37:03Z;-2;;52
2024-03-16T16:37:10Z;-5;;49
2024-03-16T16:37:13Z;-2;;52
2024-03-16T16:37:19Z;-1;;53
2024-03-16T16:37:25Z;0;;54
2024-03-16T16:37:27Z;0;;54
2024-03-16T16:38:11Z;155;;209
2024-03-16T16:45:02Z;;42;197
2024-03-16T16:45:05Z;235;;277
2024-03-16T16:45:54Z;357;;399
2024-03-16T16:45:55Z;;0;235
2024-03-16T16:45:56Z;;34;391
2024-03-16T16:45:58Z;244;0;357
2024-03-16T16:46:00Z;;41;285
2024-03-16T16:46:30Z;310;;351
2024-03-16T16:46:32Z;291;;332
2024-03-16T16:46:33Z;443;;484
2024-03-16T16:46:39Z;263;;304
2024-03-16T16:46:53Z;331;;372
2024-03-16T16:46:56Z;237;;278
2024-03-16T16:48:47Z;375;;416
2024-03-16T16:48:50Z;293;;334
2024-03-16T16:49:05Z;333;;374
2024-03-16T16:49:09Z;261;;302
2024-03-16T16:54:15Z;508;;549
2024-03-16T16:54:36Z;270;;311
2024-03-16T16:55:17Z;513;;554
2024-03-16T16:55:36Z;269;;310
2024-03-16T16:55:47Z;317;;358
2024-03-16T16:55:55Z;292;;333
2024-03-16T16:55:56Z;302;;343
2024-03-16T16:56:14Z;269;;310
2024-03-16T16:56:29Z;-114;;-73
2024-03-16T16:56:30Z;268;;309
2024-03-16T16:56:57Z;334;;375
2024-03-16T16:56:58Z;278;;319
2024-03-16T16:57:01Z;312;;353
2024-03-16T16:57:10Z;274;;315
2024-03-16T17:00:02Z;;7;281
2024-03-16T17:00:06Z;54;;61
2024-03-16T17:02:07Z;314;;321
2024-03-16T17:02:08Z;299;;306
2024-03-16T17:02:09Z;302;;309
2024-03-16T17:02:13Z;1882;;1889
2024-03-16T17:02:21Z;357;;364
2024-03-16T17:02:29Z;;0;357
2024-03-16T17:02:31Z;;1;358
2024-03-16T17:02:42Z;1900;;1901
2024-03-16T17:02:50Z;331;;332
2024-03-16T17:03:10Z;295;;296
2024-03-16T17:03:11Z;304;;305
2024-03-16T17:03:38Z;;0;304
2024-03-16T17:03:40Z;;2;306
2024-03-16T17:03:43Z;;0;304
2024-03-16T17:03:45Z;292;;292
2024-03-16T17:03:46Z;305;;305
2024-03-16T17:03:48Z;;20;325
2024-03-16T17:03:53Z;;0;305
2024-03-16T17:03:55Z;;1;306
2024-03-16T17:03:58Z;299;;300
2024-03-16T17:03:59Z;305;;306
2024-03-16T17:04:01Z;293;;294
2024-03-16T17:04:07Z;;0;293
2024-03-16T17:04:09Z;;2;295
2024-03-16T17:04:14Z;;0;293
2024-03-16T17:04:16Z;;2;295
2024-03-16T17:04:24Z;;0;293
2024-03-16T17:04:26Z;;1;294
2024-03-16T17:04:28Z;;0;293
2024-03-16T17:04:29Z;315;;315
2024-03-16T17:04:33Z;;1;316
2024-03-16T17:04:35Z;;0;315
2024-03-16T17:04:38Z;;1;316
2024-03-16T17:04:40Z;;0;315
2024-03-16T17:04:42Z;;1;316
2024-03-16T17:04:44Z;;2;317
2024-03-16T17:04:46Z;;3;318
2024-03-16T17:04:48Z;;0;315
2024-03-16T17:04:49Z;;1;316
2024-03-16T17:04:51Z;;0;315
2024-03-16T17:04:53Z;;1;316
2024-03-16T17:04:55Z;;0;315
2024-03-16T17:04:57Z;;1;316
2024-03-16T17:04:58Z;;0;315
2024-03-16T17:05:00Z;;4;319
2024-03-16T17:05:01Z;;0;315
2024-03-16T17:05:04Z;;2;317
2024-03-16T17:05:06Z;;0;315
2024-03-16T17:05:08Z;;1;316
2024-03-16T17:05:10Z;;0;315
2024-03-16T17:05:12Z;;1;316
2024-03-16T17:05:14Z;;0;315
2024-03-16T17:05:21Z;;5;320
2024-03-16T17:05:23Z;;0;315
2024-03-16T17:05:40Z;;4;319
2024-03-16T17:05:42Z;;0;315
2024-03-16T17:05:52Z;;1;316
2024-03-16T17:05:53Z;;0;315
2024-03-16T17:10:18Z;2596;;2596
2024-03-16T17:10:19Z;564;;564
2024-03-16T17:13:15Z;653;;653
2024-03-16T17:13:16Z;562;;562
2024-03-16T17:15:02Z;;0;562
2024-03-16T17:15:06Z;582;;582
2024-03-16T17:16:38Z;601;;601
2024-03-16T17:16:39Z;598;;598
2024-03-16T17:16:57Z;652;;652
2024-03-16T17:17:04Z;942;;942
2024-03-16T17:17:05Z;868;;868
2024-03-16T17:17:25Z;592;;592
2024-03-16T17:17:35Z;600;;600
2024-03-16T17:17:46Z;598;;598
2024-03-16T17:17:47Z;600;;600
2024-03-16T17:17:49Z;568;;568
2024-03-16T17:18:10Z;829;;829
2024-03-16T17:18:52Z;599;;599
2024-03-16T17:18:54Z;601;;601
2024-03-16T17:18:55Z;599;;599
2024-03-16T17:18:59Z;604;;604
2024-03-16T17:19:00Z;570;;570
2024-03-16T17:19:06Z;602;;602
2024-03-16T17:19:09Z;573;;573
2024-03-16T17:19:24Z;648;;648
2024-03-16T17:19:30Z;549;;549
2024-03-16T17:22:55Z;284;;284
2024-03-16T17:24:14Z;301;;301
2024-03-16T17:24:15Z;296;;296
2024-03-16T17:24:34Z;300;;300
2024-03-16T17:24:35Z;298;;298
2024-03-16T17:24:55Z;308;;308
2024-03-16T17:25:40Z;290;;290
2024-03-16T17:25:41Z;303;;303
2024-03-16T17:25:42Z;296;;296
2024-03-16T17:25:50Z;302;;302
2024-03-16T17:25:52Z;296;;296
2024-03-16T17:25:56Z;518;;518
2024-03-16T17:26:09Z;600;;600
2024-03-16T17:26:11Z;598;;598
2024-03-16T17:26:12Z;602;;602
2024-03-16T17:26:19Z;596;;596
2024-03-16T17:26:59Z;630;;630
2024-03-16T17:27:09Z;599;;599
2024-03-16T17:27:11Z;601;;601
2024-03-16T17:27:16Z;597;;597
2024-03-16T17:27:20Z;600;;600
2024-03-16T17:27:32Z;599;;599
2024-03-16T17:27:34Z;602;;602
2024-03-16T17:27:35Z;592;;592
2024-03-16T17:28:20Z;602;;602
2024-03-16T17:28:22Z;598;;598
2024-03-16T17:28:23Z;602;;602
2024-03-16T17:28:25Z;594;;594
2024-03-16T17:28:26Z;602;;602
2024-03-16T17:28:28Z;592;;592
2024-03-16T17:28:39Z;601;;601
2024-03-16T17:28:41Z;594;;594
2024-03-16T17:29:04Z;603;;603
2024-03-16T17:29:22Z;513;;513
2024-03-16T17:30:02Z;;0;513
2024-03-16T17:30:08Z;488;;488
2024-03-16T17:42:38Z;607;;607
2024-03-16T17:42:59Z;436;;436
2024-03-16T17:43:33Z;712;;712
2024-03-16T17:43:53Z;435;;435
2024-03-16T17:45:02Z;;0;435
2024-03-16T17:45:06Z;429;;429
2024-03-16T17:45:11Z;207;;207
2024-03-16T17:45:36Z;306;;306
2024-03-16T17:45:41Z;208;;208
2024-03-16T17:46:05Z;381;;381
2024-03-16T17:46:07Z;249;;249
2024-03-16T17:46:08Z;2365;;2365
2024-03-16T17:48:10Z;2413;;2413
2024-03-16T17:58:43Z;533;;533
2024-03-16T18:00:02Z;;0;533
2024-03-16T18:00:06Z;521;;521
2024-03-16T18:00:15Z;689;;689
2024-03-16T18:00:23Z;1115;;1115
2024-03-16T18:00:24Z;2690;;2690
2024-03-16T18:02:19Z;625;;625
2024-03-16T18:03:41Z;2659;;2659
2024-03-16T18:05:21Z;638;;638
2024-03-16T18:06:45Z;2719;;2719
2024-03-16T18:06:50Z;2693;;2693
2024-03-16T18:06:51Z;2707;;2707
2024-03-16T18:06:52Z;2696;;2696
2024-03-16T18:06:53Z;2703;;2703
2024-03-16T18:06:56Z;2684;;2684
2024-03-16T18:06:58Z;2700;;2700
2024-03-16T18:06:59Z;2688;;2688
2024-03-16T18:07:05Z;2701;;2701
2024-03-16T18:07:06Z;2691;;2691
2024-03-16T18:07:13Z;2703;;2703
2024-03-16T18:08:11Z;2688;;2688
2024-03-16T18:08:16Z;645;;645
2024-03-16T18:09:47Z;2681;;2681
2024-03-16T18:09:55Z;2701;;2701
2024-03-16T18:09:57Z;2691;;2691
2024-03-16T18:11:18Z;640;;640
2024-03-16T18:12:51Z;2771;;2771
2024-03-16T18:13:04Z;2699;;2699
2024-03-16T18:13:38Z;2701;;2701
2024-03-16T18:13:39Z;2697;;2697
2024-03-16T18:13:41Z;2703;;2703
2024-03-16T18:13:43Z;2501;;2501
2024-03-16T18:14:17Z;369;;369
2024-03-16T18:15:02Z;;0;369
2024-03-16T18:15:08Z;394;;394
2024-03-16T18:15:50Z;1724;;1724
2024-03-16T18:15:51Z;2487;;2487
2024-03-16T18:16:12Z;2391;;2391
2024-03-16T18:16:13Z;2416;;2416
2024-03-16T18:16:25Z;2374;;2374
2024-03-16T18:16:26Z;2410;;2410
2024-03-16T18:16:57Z;753;;753
2024-03-16T18:16:59Z;596;;596
2024-03-16T18:17:00Z;620;;620
2024-03-16T18:17:10Z;598;;598
2024-03-16T18:17:11Z;600;;600
2024-03-16T18:17:12Z;597;;597
2024-03-16T18:17:15Z;606;;606
2024-03-16T18:17:26Z;594;;594
2024-03-16T18:17:41Z;621;;621
2024-03-16T18:17:48Z;576;;576
2024-03-16T18:17:52Z;601;;601
2024-03-16T18:17:53Z;598;;598
2024-03-16T18:18:05Z;2626;;2626
2024-03-16T18:20:15Z;489;;489
2024-03-16T18:21:27Z;2578;;2578
2024-03-16T18:23:13Z;507;;507
2024-03-16T18:24:29Z;2554;;2554
2024-03-16T18:26:07Z;403;;403
2024-03-16T18:27:24Z;2505;;2505
2024-03-16T18:27:31Z;429;;429
2024-03-16T18:28:17Z;2487;;2487
2024-03-16T18:29:37Z;414;;414
2024-03-16T18:30:02Z;;0;414
2024-03-16T18:30:07Z;399;;399
2024-03-16T18:30:54Z;2506;;2506
2024-03-16T18:32:19Z;426;;426
2024-03-16T18:33:55Z;2333;;2333
2024-03-16T18:33:56Z;2495;;2495
2024-03-16T18:35:19Z;452;;452
2024-03-16T18:36:55Z;2524;;2524
2024-03-16T18:38:16Z;409;;409
2024-03-16T18:39:53Z;2498;;2498
2024-03-16T18:41:14Z;369;;369
2024-03-16T18:45:02Z;;0;369
2024-03-16T18:45:06Z;351;;351
2024-03-16T18:47:25Z;129;;129
2024-03-16T18:50:25Z;301;;301
2024-03-16T19:00:02Z;;0;301
2024-03-16T19:00:06Z;340;;340
2024-03-16T19:02:38Z;1263;;1263
2024-03-16T19:02:39Z;543;;543
2024-03-16T19:15:02Z;;0;543
2024-03-16T19:15:08Z;524;;524
2024-03-16T19:18:39Z;281;;281
2024-03-16T19:21:38Z;323;;323
2024-03-16T19:30:02Z;;0;323
2024-03-16T19:30:06Z;311;;311
2024-03-16T19:36:16Z;229;;229
2024-03-16T19:39:16Z;300;;300
2024-03-16T19:45:02Z;;0;300
2024-03-16T19:45:06Z;308;;308
2024-03-16T20:00:02Z;;0;308
2024-03-16T20:00:07Z;321;;321
2024-03-16T20:03:55Z;204;;204
2024-03-16T20:06:55Z;550;;550
2024-03-16T20:15:02Z;;0;550
2024-03-16T20:15:06Z;425;;425
2024-03-16T20:28:24Z;82;;82
2024-03-16T20:30:02Z;;0;82
2024-03-16T20:30:06Z;82;;82
2024-03-16T20:31:29Z;301;;301
2024-03-16T20:45:02Z;;0;301
2024-03-16T20:45:06Z;318;;318
2024-03-16T20:52:54Z;72;;72
2024-03-16T20:56:02Z;301;;301
2024-03-16T21:00:02Z;;0;301
2024-03-16T21:00:06Z;311;;311
2024-03-16T21:10:04Z;1934;;1934
2024-03-16T21:10:05Z;473;;473
2024-03-16T21:15:02Z;;0;473
2024-03-16T21:15:06Z;429;;429
2024-03-16T21:16:38Z;186;;186
2024-03-16T21:19:37Z;344;;344
2024-03-16T21:30:02Z;;0;344
2024-03-16T21:30:06Z;314;;314
2024-03-16T21:39:56Z;106;;106
2024-03-16T21:43:04Z;301;;301
2024-03-16T21:45:02Z;;0;301
2024-03-16T21:45:06Z;307;;307
2024-03-16T22:00:02Z;;0;307
2024-03-16T22:00:06Z;314;;314
2024-03-16T22:02:36Z;68;;68
2024-03-16T22:05:46Z;301;;301
2024-03-16T22:08:21Z;299;;299
2024-03-16T22:08:23Z;302;;302
2024-03-16T22:15:01Z;;0;302
2024-03-16T22:15:06Z;307;;307
2024-03-16T22:19:11Z;1837;;1837
2024-03-16T22:19:12Z;471;;471
2024-03-16T22:21:42Z;178;;178
2024-03-16T22:24:41Z;340;;340
2024-03-16T22:30:01Z;;0;340
2024-03-16T22:30:06Z;416;;416
2024-03-16T22:44:32Z;66;;66
2024-03-16T22:45:02Z;;0;66
2024-03-16T22:45:07Z;67;;67
2024-03-16T22:47:43Z;301;;301
2024-03-16T22:48:30Z;299;;299
2024-03-16T22:48:34Z;300;;300
2024-03-16T22:48:36Z;299;;299
2024-03-16T22:48:37Z;300;;300
2024-03-16T22:48:39Z;299;;299
2024-03-16T22:48:42Z;300;;300
2024-03-16T22:48:44Z;298;;298
2024-03-16T22:49:13Z;300;;300
2024-03-16T22:49:14Z;298;;298
2024-03-16T22:49:40Z;300;;300
2024-03-16T22:49:42Z;298;;298
2024-03-16T22:49:43Z;300;;300
2024-03-16T22:49:44Z;299;;299
2024-03-16T22:49:45Z;300;;300
2024-03-16T22:49:46Z;299;;299
2024-03-16T22:49:47Z;300;;300
2024-03-16T22:49:49Z;299;;299
2024-03-16T22:49:50Z;300;;300
2024-03-16T22:49:51Z;298;;298
2024-03-16T22:50:00Z;301;;301
2024-03-16T22:50:02Z;298;;298
2024-03-16T22:50:03Z;300;;300
2024-03-16T22:50:04Z;299;;299
2024-03-16T22:50:05Z;302;;302
2024-03-16T22:50:06Z;299;;299
2024-03-16T22:50:08Z;300;;300
2024-03-16T22:50:09Z;299;;299
2024-03-16T22:50:11Z;302;;302
2024-03-16T22:50:12Z;298;;298
2024-03-16T22:50:13Z;300;;300
2024-03-16T22:50:17Z;299;;299
2024-03-16T22:50:19Z;300;;300
2024-03-16T22:50:20Z;298;;298
2024-03-16T22:50:22Z;300;;300
2024-03-16T22:50:24Z;299;;299
2024-03-16T22:50:25Z;300;;300
2024-03-16T22:50:26Z;298;;298
2024-03-16T22:50:27Z;300;;300
2024-03-16T22:50:29Z;299;;299
2024-03-16T22:50:31Z;301;;301
2024-03-16T22:50:40Z;299;;299
2024-03-16T22:50:42Z;301;;301
2024-03-16T22:50:52Z;299;;299
2024-03-16T22:50:53Z;300;;300
2024-03-16T22:50:56Z;299;;299
2024-03-16T22:50:57Z;300;;300
2024-03-16T22:51:03Z;299;;299
2024-03-16T22:51:05Z;301;;301
2024-03-16T22:51:06Z;299;;299
2024-03-16T22:51:08Z;300;;300
2024-03-16T23:00:02Z;;0;300
2024-03-16T23:00:06Z;307;;307
2024-03-16T23:07:30Z;67;;67
2024-03-16T23:10:40Z;303;;303
2024-03-16T23:11:34Z;299;;299
2024-03-16T23:11:36Z;304;;304
2024-03-16T23:11:37Z;299;;299
2024-03-16T23:11:38Z;300;;300
2024-03-16T23:11:41Z;298;;298
2024-03-16T23:11:43Z;303;;303
2024-03-16T23:11:45Z;299;;299
2024-03-16T23:11:46Z;300;;300
2024-03-16T23:11:47Z;299;;299
2024-03-16T23:11:48Z;311;;311
2024-03-16T23:11:50Z;299;;299
2024-03-16T23:11:53Z;313;;313
2024-03-16T23:11:54Z;299;;299
2024-03-16T23:11:58Z;311;;311
2024-03-16T23:11:59Z;298;;298
2024-03-16T23:12:01Z;304;;304
2024-03-16T23:12:03Z;299;;299
2024-03-16T23:12:04Z;302;;302
2024-03-16T23:12:05Z;299;;299
2024-03-16T23:12:08Z;300;;300
2024-03-16T23:12:10Z;299;;299
2024-03-16T23:12:11Z;300;;300
2024-03-16T23:12:12Z;298;;298
2024-03-16T23:12:13Z;300;;300
2024-03-16T23:12:15Z;299;;299
2024-03-16T23:12:16Z;300;;300
2024-03-16T23:12:18Z;299;;299
2024-03-16T23:12:23Z;300;;300
2024-03-16T23:12:24Z;299;;299
2024-03-16T23:12:25Z;300;;300
2024-03-16T23:12:27Z;298;;298
2024-03-16T23:12:28Z;300;;300
2024-03-16T23:12:29Z;299;;299
2024-03-16T23:12:30Z;300;;300
2024-03-16T23:12:40Z;299;;299
2024-03-16T23:12:41Z;303;;303
2024-03-16T23:12:45Z;299;;299
2024-03-16T23:12:46Z;301;;301
2024-03-16T23:12:49Z;299;;299
2024-03-16T23:12:50Z;300;;300
2024-03-16T23:12:51Z;299;;299
2024-03-16T23:12:52Z;301;;301
2024-03-16T23:12:55Z;299;;299
2024-03-16T23:12:58Z;301;;301
2024-03-16T23:13:02Z;299;;299
2024-03-16T23:13:04Z;300;;300
2024-03-16T23:13:40Z;296;;296
2024-03-16T23:13:41Z;301;;301
2024-03-16T23:13:42Z;299;;299
2024-03-16T23:13:43Z;301;;301
2024-03-16T23:15:01Z;;0;301
2024-03-16T23:18:14Z;299;;299
2024-03-16T23:18:15Z;305;;305
2024-03-16T23:30:01Z;;0;305
2024-03-16T23:30:06Z;312;;312
2024-03-16T23:30:19Z;1848;;1848
2024-03-16T23:30:20Z;456;;456
2024-03-16T23:30:33Z;186;;186
2024-03-16T23:33:32Z;344;;344
2024-03-16T23:45:01Z;;0;344
2024-03-16T23:45:06Z;416;;416
2024-03-16T23:51:47Z;65;;65
2024-03-16T23:54:57Z;300;;300
2024-03-16T23:55:30Z;299;;299
2024-03-16T23:55:31Z;300;;300
2024-03-16T23:55:32Z;299;;299