timestamp;P_ex;P_pr;P_load
2026-07-22T00:00:05Z;;0;109
2026-07-22T00:00:09Z;112;;112
2026-07-22T00:02:31Z;332;;332
2026-07-22T00:02:32Z;245;;245
2026-07-22T00:15:05Z;;0;245
2026-07-22T00:15:09Z;237;;237
2026-07-22T00:30:05Z;;0;237
2026-07-22T00:30:11Z;110;;110
2026-07-22T00:46:13Z;;0;110
2026-07-22T00:46:16Z;110;;110
2026-07-22T01:00:05Z;;0;110
2026-07-22T01:00:09Z;109;;109
2026-07-22T01:14:22Z;2314;;2314
2026-07-22T01:14:25Z;270;;270
2026-07-22T01:15:05Z;;0;270
2026-07-22T01:15:09Z;231;;231
2026-07-22T01:30:05Z;;0;231
2026-07-22T01:30:09Z;238;;238
2026-07-22T01:45:05Z;;0;238
2026-07-22T01:45:09Z;112;;112
2026-07-22T02:00:05Z;;0;112
2026-07-22T02:00:09Z;111;;111
2026-07-22T02:15:05Z;;0;111
2026-07-22T02:15:09Z;110;;110
2026-07-22T02:25:44Z;2383;;2383
2026-07-22T02:25:45Z;267;;267
2026-07-22T02:31:17Z;;0;267
2026-07-22T02:31:20Z;237;;237
2026-07-22T02:45:05Z;;0;237
2026-07-22T02:45:09Z;234;;234
2026-07-22T03:00:05Z;;0;234
2026-07-22T03:00:09Z;111;;111
2026-07-22T03:15:05Z;;0;111
2026-07-22T03:15:09Z;110;;110
2026-07-22T03:30:05Z;;0;110
2026-07-22T03:30:09Z;111;;111
2026-07-22T03:39:56Z;1552;;1552
2026-07-22T03:39:59Z;255;;255
2026-07-22T03:45:05Z;;0;255
2026-07-22T03:45:09Z;231;;231
2026-07-22T03:50:00Z;;6;237
2026-07-22T03:50:02Z;;0;231
2026-07-22T03:52:09Z;;3;234
2026-07-22T03:52:11Z;;0;231
2026-07-22T03:52:13Z;;1;232
2026-07-22T03:52:16Z;;0;231
2026-07-22T03:52:18Z;;1;232
2026-07-22T03:52:20Z;;0;231
2026-07-22T03:52:22Z;;1;232
2026-07-22T03:52:33Z;;0;231
2026-07-22T03:52:35Z;;2;233
2026-07-22T03:55:12Z;;0;231
2026-07-22T03:55:14Z;;10;241
2026-07-22T04:01:14Z;;28;259
2026-07-22T04:01:17Z;198;;226
2026-07-22T04:05:15Z;418;;446
2026-07-22T04:05:16Z;57;;85
2026-07-22T04:12:43Z;0;;28
2026-07-22T04:12:44Z;1;;29
2026-07-22T04:12:45Z;0;;28
2026-07-22T04:12:47Z;4;;32
2026-07-22T04:12:48Z;0;;28
2026-07-22T04:12:49Z;1;;29
2026-07-22T04:12:50Z;0;;28
2026-07-22T04:12:52Z;0;;28
2026-07-22T04:12:56Z;0;;28
2026-07-22T04:13:00Z;4;;32
2026-07-22T04:13:01Z;-3;;25
2026-07-22T04:13:04Z;1;;29
2026-07-22T04:13:05Z;-1;;27
2026-07-22T04:14:49Z;1;;29
2026-07-22T04:14:52Z;-6;;22
2026-07-22T04:14:55Z;-6;;22
2026-07-22T04:14:58Z;1;;29
2026-07-22T04:15:01Z;-6;;22
2026-07-22T04:15:04Z;1;;29
2026-07-22T04:15:05Z;;118;119
2026-07-22T04:15:07Z;-7;;111
2026-07-22T04:15:10Z;-7;;111
2026-07-22T04:15:11Z;-12;;106
2026-07-22T04:15:13Z;0;;118
2026-07-22T04:15:16Z;0;;118
2026-07-22T04:25:30Z;-464;559;-346
2026-07-22T04:25:32Z;;214;-250
2026-07-22T04:25:34Z;-107;;107
2026-07-22T04:26:04Z;32;;246
2026-07-22T04:30:05Z;;271;303
2026-07-22T04:30:09Z;-152;;119
2026-07-22T04:32:50Z;;300;148
2026-07-22T04:32:52Z;;295;143
2026-07-22T04:33:00Z;;302;150
2026-07-22T04:33:02Z;;297;145
2026-07-22T04:33:10Z;;303;151
2026-07-22T04:33:12Z;;298;146
2026-07-22T04:33:19Z;;304;152
2026-07-22T04:33:24Z;;292;140
2026-07-22T04:33:26Z;;300;148
2026-07-22T04:33:34Z;;294;142
2026-07-22T04:33:36Z;;302;150
2026-07-22T04:33:45Z;;295;143
2026-07-22T04:33:46Z;;304;152
2026-07-22T04:34:55Z;;306;154
2026-07-22T04:34:58Z;;298;146
2026-07-22T04:35:01Z;;307;155
2026-07-22T04:45:05Z;;437;285
2026-07-22T04:45:09Z;-271;;166
2026-07-22T04:46:53Z;-299;;138
2026-07-22T04:46:56Z;-308;;129
2026-07-22T04:46:58Z;-299;;138
2026-07-22T04:50:27Z;-354;;83
2026-07-22T04:50:28Z;-255;;182
2026-07-22T04:51:01Z;-221;;216
2026-07-22T04:51:16Z;-350;;87
2026-07-22T04:52:36Z;1152;;1589
2026-07-22T04:53:32Z;-292;;145
2026-07-22T04:53:34Z;-300;;137
2026-07-22T04:53:42Z;-298;;139
2026-07-22T04:53:44Z;-304;;133
2026-07-22T04:53:48Z;-290;;147
2026-07-22T04:53:55Z;-300;;137
2026-07-22T04:55:44Z;-302;;135
2026-07-22T04:55:45Z;14;;451
2026-07-22T04:55:46Z;-39;;398
2026-07-22T04:55:47Z;-293;;144
2026-07-22T04:55:50Z;-304;;133
2026-07-22T04:55:53Z;-304;;133
2026-07-22T04:55:55Z;-303;;134
2026-07-22T04:55:58Z;-288;;149
2026-07-22T04:56:01Z;-301;;136
2026-07-22T04:56:04Z;-294;;143
2026-07-22T04:56:06Z;-312;;125
2026-07-22T04:56:07Z;-295;;142
2026-07-22T04:56:08Z;-316;;121
2026-07-22T04:56:10Z;-306;;131
2026-07-22T04:56:13Z;-299;;138
2026-07-22T04:56:16Z;-309;;128
2026-07-22T04:56:19Z;-298;;139
2026-07-22T04:56:22Z;-309;;128
2026-07-22T04:56:28Z;-197;;240
2026-07-22T04:57:10Z;-321;;116
2026-07-22T04:57:31Z;-127;;310
2026-07-22T04:59:32Z;;600;473
2026-07-22T04:59:34Z;;594;467
2026-07-22T04:59:36Z;;601;474
2026-07-22T04:59:38Z;;594;467
2026-07-22T04:59:40Z;;602;475
2026-07-22T04:59:42Z;;594;467
2026-07-22T04:59:44Z;;603;476
2026-07-22T04:59:50Z;;598;471
2026-07-22T04:59:56Z;;606;479
2026-07-22T05:00:05Z;;608;481
2026-07-22T05:00:08Z;;592;465
2026-07-22T05:00:10Z;;603;476
2026-07-22T05:00:11Z;-446;;157
2026-07-22T05:00:26Z;;597;151
2026-07-22T05:00:28Z;;608;162
2026-07-22T05:00:40Z;;598;152
2026-07-22T05:00:41Z;;610;164
2026-07-22T05:13:29Z;-593;;17
2026-07-22T05:13:32Z;-596;;14
2026-07-22T05:13:39Z;-598;;12
2026-07-22T05:13:41Z;-604;;6
2026-07-22T05:13:50Z;-602;;8
2026-07-22T05:13:51Z;-603;;7
2026-07-22T05:14:00Z;-600;;10
2026-07-22T05:14:01Z;-599;;11
2026-07-22T05:14:02Z;-606;;4
2026-07-22T05:14:04Z;-593;;17
2026-07-22T05:14:06Z;-600;;10
2026-07-22T05:14:14Z;-593;;17
2026-07-22T05:14:16Z;-603;;7
2026-07-22T05:14:24Z;-594;;16
2026-07-22T05:14:26Z;-604;;6
2026-07-22T05:14:34Z;-596;;14
2026-07-22T05:14:36Z;-606;;4
2026-07-22T05:16:12Z;-600;;10
2026-07-22T05:16:15Z;-596;;14
2026-07-22T05:16:18Z;;779;183
2026-07-22T05:16:21Z;-603;;176
2026-07-22T05:16:24Z;-603;;176
2026-07-22T05:16:27Z;-598;;181
2026-07-22T05:25:47Z;;903;305
2026-07-22T05:25:50Z;;899;301
2026-07-22T05:25:59Z;;900;302
2026-07-22T05:26:00Z;;893;295
2026-07-22T05:26:02Z;;900;302
2026-07-22T05:26:07Z;;894;296
2026-07-22T05:26:09Z;;900;302
2026-07-22T05:26:11Z;;681;83
2026-07-22T05:26:13Z;;473;-125
2026-07-22T05:26:15Z;;898;300
2026-07-22T05:26:17Z;;903;305
2026-07-22T05:26:19Z;;897;299
2026-07-22T05:26:23Z;;904;306
2026-07-22T05:26:25Z;;898;300
2026-07-22T05:26:27Z;;905;307
2026-07-22T05:26:29Z;;896;298
2026-07-22T05:26:31Z;;904;306
2026-07-22T05:26:33Z;;899;301
2026-07-22T05:26:39Z;;900;302
2026-07-22T05:26:41Z;;899;301
2026-07-22T05:26:42Z;;906;308
2026-07-22T05:26:45Z;;887;289
2026-07-22T05:26:47Z;;901;303
2026-07-22T05:26:50Z;;883;285
2026-07-22T05:26:52Z;;904;306
2026-07-22T05:26:57Z;;888;290
2026-07-22T05:26:59Z;;901;303
2026-07-22T05:28:15Z;;898;300
2026-07-22T05:30:05Z;;932;334
2026-07-22T05:30:09Z;-890;;42
2026-07-22T05:30:43Z;-892;;40
2026-07-22T05:30:45Z;-899;;33
2026-07-22T05:30:47Z;-894;;38
2026-07-22T05:30:49Z;-895;;37
2026-07-22T05:30:51Z;-899;;33
2026-07-22T05:31:13Z;-903;;29
2026-07-22T05:31:15Z;-896;;36
2026-07-22T05:31:30Z;-899;;33
2026-07-22T05:31:32Z;-908;;24
2026-07-22T05:36:41Z;;834;-74
2026-07-22T05:36:44Z;;1011;103
2026-07-22T05:36:47Z;-958;;53
2026-07-22T05:36:50Z;-963;;48
2026-07-22T05:41:29Z;-1009;;2
2026-07-22T05:41:30Z;-1012;;-1
2026-07-22T05:45:05Z;;1081;69
2026-07-22T05:45:11Z;-1028;;53
2026-07-22T05:50:28Z;;1204;176
2026-07-22T05:50:30Z;;1194;166
2026-07-22T05:50:32Z;;1205;177
2026-07-22T05:50:34Z;;1195;167
2026-07-22T05:50:35Z;;1205;177
2026-07-22T05:54:05Z;-1195;;10
2026-07-22T05:54:08Z;-1196;;9
2026-07-22T05:54:20Z;-1198;;7
2026-07-22T05:54:21Z;-1201;;4
2026-07-22T05:54:23Z;-1185;;20
2026-07-22T05:54:32Z;-1189;;16
2026-07-22T05:54:33Z;-1202;;3
2026-07-22T05:54:41Z;-1201;;4
2026-07-22T05:54:44Z;-1203;;2
2026-07-22T05:54:51Z;-1201;;4
2026-07-22T05:54:53Z;-1192;;13
2026-07-22T05:55:02Z;-1194;;11
2026-07-22T05:55:05Z;-1192;;13
2026-07-22T05:55:18Z;-1207;;-2
2026-07-22T05:55:20Z;-1208;;-3
2026-07-22T05:57:45Z;-1120;;85
2026-07-22T05:57:48Z;;1166;46
2026-07-22T05:57:51Z;-1211;;-45
2026-07-22T05:57:54Z;;1260;49
2026-07-22T05:57:57Z;-1222;;38
2026-07-22T05:58:00Z;;985;-237
2026-07-22T05:58:03Z;-786;;199
2026-07-22T05:58:06Z;;1287;501
2026-07-22T05:58:09Z;-1220;;67
2026-07-22T05:58:12Z;-1200;;87
2026-07-22T06:00:05Z;;1327;127
2026-07-22T06:00:10Z;-1276;;51
2026-07-22T06:05:16Z;;804;-472
2026-07-22T06:05:18Z;;1371;95
2026-07-22T06:06:27Z;-1345;;26
2026-07-22T06:06:28Z;-1078;;293
2026-07-22T06:06:47Z;-1200;;171
2026-07-22T06:06:48Z;-1212;;159
2026-07-22T06:12:02Z;-1184;;187
2026-07-22T06:12:03Z;-1248;;123
2026-07-22T06:13:12Z;-1238;;133
2026-07-22T06:13:13Z;-789;946;-292
2026-07-22T06:13:15Z;;1407;618
2026-07-22T06:15:05Z;;1454;665
2026-07-22T06:15:09Z;-1276;;178
2026-07-22T06:16:49Z;-1271;;183
2026-07-22T06:16:50Z;-1177;;277
2026-07-22T06:21:32Z;;1500;323
2026-07-22T06:21:34Z;;1499;322
2026-07-22T06:21:36Z;;1500;323
2026-07-22T06:21:40Z;-1322;;178
2026-07-22T06:21:41Z;;940;-382
2026-07-22T06:21:42Z;-1326;;-386
2026-07-22T06:21:45Z;;1504;178
2026-07-22T06:21:47Z;;1495;169
2026-07-22T06:21:49Z;;1502;176
2026-07-22T06:21:54Z;;1494;168
2026-07-22T06:21:56Z;;1502;176
2026-07-22T06:22:02Z;;1498;172
2026-07-22T06:22:04Z;;1506;180
2026-07-22T06:22:12Z;;1499;173
2026-07-22T06:22:14Z;;1500;174
2026-07-22T06:22:33Z;;1499;173
2026-07-22T06:22:35Z;;1510;184
2026-07-22T06:25:49Z;-1356;;154
2026-07-22T06:25:52Z;-1152;;358
2026-07-22T06:25:59Z;-1358;;152
2026-07-22T06:26:02Z;-1146;;364
2026-07-22T06:26:05Z;-1109;;401
2026-07-22T06:26:08Z;-1153;;357
2026-07-22T06:26:15Z;;1208;55
2026-07-22T06:26:17Z;;1554;401
2026-07-22T06:26:40Z;-1335;;219
2026-07-22T06:26:55Z;;1453;118
2026-07-22T06:26:57Z;;1552;217
2026-07-22T06:27:02Z;-1373;;179
2026-07-22T06:30:05Z;;1589;216
2026-07-22T06:30:09Z;-1375;;214
2026-07-22T06:32:44Z;-1501;;88
2026-07-22T06:32:47Z;-1498;;91
2026-07-22T06:32:50Z;-1500;;89
2026-07-22T06:32:53Z;-1493;;96
2026-07-22T06:32:56Z;-1506;;83
2026-07-22T06:32:59Z;-1497;;92
2026-07-22T06:33:56Z;-1492;;97
2026-07-22T06:33:57Z;-1494;;95
2026-07-22T06:34:08Z;-1490;;99
2026-07-22T06:34:09Z;-1503;;86
2026-07-22T06:34:16Z;-1493;;96
2026-07-22T06:34:18Z;-1504;;85
2026-07-22T06:34:25Z;-1497;;92
2026-07-22T06:34:29Z;-1506;;83
2026-07-22T06:34:36Z;-1497;;92
2026-07-22T06:34:38Z;-1506;;83
2026-07-22T06:34:46Z;-1500;;89
2026-07-22T06:34:47Z;-1497;;92
2026-07-22T06:35:10Z;;1226;-271
2026-07-22T06:35:12Z;;1633;136
2026-07-22T06:35:13Z;-1521;;112
2026-07-22T06:35:15Z;-1520;;113
2026-07-22T06:37:03Z;-1451;;182
2026-07-22T06:37:04Z;-1556;;77
2026-07-22T06:45:05Z;;1752;196
2026-07-22T06:45:09Z;-1683;;69
2026-07-22T06:47:50Z;-1705;;47
2026-07-22T06:48:00Z;-1501;;251
2026-07-22T06:48:02Z;-1497;;255
2026-07-22T06:48:09Z;-1495;;257
2026-07-22T06:49:02Z;-1719;;33
2026-07-22T06:49:04Z;-1446;;306
2026-07-22T06:49:06Z;-1496;;256
2026-07-22T06:49:07Z;-1484;;268
2026-07-22T06:49:11Z;;1801;317
2026-07-22T06:49:13Z;;1798;314
2026-07-22T06:49:21Z;;1805;321
2026-07-22T06:49:25Z;;1789;305
2026-07-22T06:49:27Z;;1801;317
2026-07-22T06:49:35Z;;1790;306
2026-07-22T06:49:37Z;;1802;318
2026-07-22T06:49:46Z;;1793;309
2026-07-22T06:49:47Z;;1806;322
2026-07-22T06:49:55Z;;1795;311
2026-07-22T06:49:57Z;;1807;323
2026-07-22T06:50:05Z;;1796;312
2026-07-22T06:50:07Z;;1809;325
2026-07-22T06:50:15Z;;1797;313
2026-07-22T06:50:17Z;;1810;326
2026-07-22T06:50:26Z;;1785;301
2026-07-22T06:50:28Z;;1810;326
2026-07-22T06:53:21Z;;1797;313
2026-07-22T06:53:24Z;;1816;332
2026-07-22T06:57:17Z;;1759;275
2026-07-22T06:57:19Z;;1850;366
2026-07-22T06:58:18Z;-1792;;58
2026-07-22T06:58:20Z;-1802;;48
2026-07-22T06:58:22Z;-1793;;57
2026-07-22T06:58:28Z;-1802;;48
2026-07-22T06:58:38Z;-1795;;55
2026-07-22T06:58:40Z;-1805;;45
2026-07-22T06:58:46Z;-1805;;45
2026-07-22T06:58:48Z;-1805;;45
2026-07-22T06:58:54Z;-1796;;54
2026-07-22T06:58:56Z;-1807;;43
2026-07-22T06:58:58Z;-1798;;52
2026-07-22T06:59:00Z;-1808;;42
2026-07-22T06:59:02Z;-1799;;51
2026-07-22T06:59:08Z;-1809;;41
2026-07-22T06:59:10Z;-1799;;51
2026-07-22T06:59:20Z;-1802;;48
2026-07-22T06:59:22Z;-1789;;61
2026-07-22T07:00:22Z;-1811;;39
2026-07-22T07:00:25Z;-1794;;56
2026-07-22T07:00:26Z;-1797;;53
2026-07-22T07:00:27Z;-1810;;40
2026-07-22T07:00:28Z;;1891;81
2026-07-22T07:00:31Z;-1813;;78
2026-07-22T07:00:34Z;-1801;;90
2026-07-22T07:00:37Z;-1822;;69
2026-07-22T07:10:44Z;-398;;1493
2026-07-22T07:11:45Z;-1798;;93
2026-07-22T07:11:47Z;-1798;;93
2026-07-22T07:11:51Z;-1800;;91
2026-07-22T07:11:59Z;-1794;;97
2026-07-22T07:12:01Z;-1803;;88
2026-07-22T07:12:09Z;-1792;;99
2026-07-22T07:12:11Z;-1802;;89
2026-07-22T07:12:15Z;-1780;;111
2026-07-22T07:12:19Z;-1800;;91
2026-07-22T07:12:21Z;-1793;;98
2026-07-22T07:12:23Z;-1803;;88
2026-07-22T07:12:33Z;-1796;;95
2026-07-22T07:12:35Z;-1806;;85
2026-07-22T07:13:38Z;-1796;;95
2026-07-22T07:13:40Z;-1805;;86
2026-07-22T07:13:41Z;-1805;;86
2026-07-22T07:13:42Z;-1795;;96
2026-07-22T07:13:44Z;-1796;;95
2026-07-22T07:13:47Z;-1802;;89
2026-07-22T07:13:50Z;-1807;;84
2026-07-22T07:13:52Z;-1797;;94
2026-07-22T07:13:53Z;-1802;;89
2026-07-22T07:13:56Z;-1797;;94
2026-07-22T07:13:59Z;-1807;;84
2026-07-22T07:14:00Z;-1810;;81
2026-07-22T07:14:02Z;-1798;;93
2026-07-22T07:14:05Z;-1806;;85
2026-07-22T07:14:08Z;-1796;;95
2026-07-22T07:14:10Z;-1809;;82
2026-07-22T07:14:12Z;-1799;;92
2026-07-22T07:14:20Z;-1810;;81
2026-07-22T07:14:22Z;-1798;;93
2026-07-22T07:14:30Z;-1811;;80
2026-07-22T07:14:32Z;-1802;;89
2026-07-22T07:15:04Z;-1803;;88
2026-07-22T07:15:05Z;;2012;209
2026-07-22T07:15:06Z;-1789;;223
2026-07-22T07:15:09Z;-1803;;209
2026-07-22T07:25:30Z;;2100;297
2026-07-22T07:25:32Z;;2089;286
2026-07-22T07:25:39Z;;2100;297
2026-07-22T07:25:41Z;;2090;287
2026-07-22T07:25:43Z;;2100;297
2026-07-22T07:25:45Z;;2098;295
2026-07-22T07:25:53Z;;2100;297
2026-07-22T07:25:55Z;;2089;286
2026-07-22T07:26:00Z;;2102;299
2026-07-22T07:26:02Z;;2099;296
2026-07-22T07:26:05Z;;2100;297
2026-07-22T07:26:07Z;;2099;296
2026-07-22T07:26:15Z;;2101;298
2026-07-22T07:26:17Z;;2091;288
2026-07-22T07:26:19Z;;2101;298
2026-07-22T07:26:21Z;;2090;287
2026-07-22T07:26:23Z;;2101;298
2026-07-22T07:26:27Z;;2098;295
2026-07-22T07:26:29Z;;2100;297
2026-07-22T07:26:30Z;;2092;289
2026-07-22T07:26:32Z;;2102;299
2026-07-22T07:26:35Z;;2090;287
2026-07-22T07:27:36Z;;2090;287
2026-07-22T07:27:37Z;;2093;290
2026-07-22T07:27:39Z;;2103;300
2026-07-22T07:27:42Z;;2092;289
2026-07-22T07:27:45Z;;2093;290
2026-07-22T07:27:47Z;;2103;300
2026-07-22T07:27:48Z;;2094;291
2026-07-22T07:27:51Z;;2104;301
2026-07-22T07:27:54Z;;2094;291
2026-07-22T07:27:55Z;;2095;292
2026-07-22T07:27:57Z;;2106;303
2026-07-22T07:28:00Z;;2093;290
2026-07-22T07:28:03Z;;2103;300
2026-07-22T07:28:05Z;;2095;292
2026-07-22T07:28:06Z;;2092;289
2026-07-22T07:28:07Z;;2106;303
2026-07-22T07:28:09Z;;2103;300
2026-07-22T07:28:12Z;;2104;301
2026-07-22T07:28:16Z;;2095;292
2026-07-22T07:28:17Z;;2107;304
2026-07-22T07:28:21Z;;2094;291
2026-07-22T07:28:23Z;;2107;304
2026-07-22T07:28:29Z;;2096;293
2026-07-22T07:28:31Z;;2108;305
2026-07-22T07:28:39Z;;2099;296
2026-07-22T07:28:41Z;;2109;306
2026-07-22T07:28:49Z;;2099;296
2026-07-22T07:28:51Z;;2111;308
2026-07-22T07:28:59Z;;2099;296
2026-07-22T07:29:01Z;;2108;305
2026-07-22T07:29:11Z;;2099;296
2026-07-22T07:29:13Z;;2107;304
2026-07-22T07:30:05Z;;2120;317
2026-07-22T07:30:09Z;-1924;;196
2026-07-22T07:37:03Z;-2101;;19
2026-07-22T07:37:05Z;-2073;;47
2026-07-22T07:37:38Z;-2100;;20
2026-07-22T07:37:39Z;-2087;;33
2026-07-22T07:37:40Z;-2100;;20
2026-07-22T07:37:41Z;-2099;;21
2026-07-22T07:37:42Z;-2100;;20
2026-07-22T07:37:44Z;-2103;;17
2026-07-22T07:37:51Z;-2099;;21
2026-07-22T07:37:54Z;-2102;;18
2026-07-22T07:38:03Z;-2105;;15
2026-07-22T07:38:05Z;-2098;;22
2026-07-22T07:38:13Z;-2106;;14
2026-07-22T07:38:17Z;-2087;;33
2026-07-22T07:38:21Z;-2100;;20
2026-07-22T07:38:27Z;-2080;;40
2026-07-22T07:38:29Z;-2101;;19
2026-07-22T07:38:37Z;-2087;;33
2026-07-22T07:38:39Z;-2100;;20
2026-07-22T07:38:46Z;-2102;;18
2026-07-22T07:38:51Z;-2101;;19
2026-07-22T07:38:56Z;-2102;;18
2026-07-22T07:38:58Z;-2090;;30
2026-07-22T07:39:06Z;-2101;;19
2026-07-22T07:39:08Z;-2090;;30
2026-07-22T07:39:17Z;-2092;;28
2026-07-22T07:39:18Z;-2092;;28
2026-07-22T07:39:29Z;-2094;;26
2026-07-22T07:39:30Z;-2106;;14
2026-07-22T07:39:37Z;-2096;;24
2026-07-22T07:39:39Z;-2108;;12
2026-07-22T07:39:47Z;-2098;;22
2026-07-22T07:39:49Z;-2109;;11
2026-07-22T07:39:56Z;-2112;;8
2026-07-22T07:39:58Z;-2100;;20
2026-07-22T07:45:05Z;;2224;124
2026-07-22T07:45:09Z;-2156;;68
2026-07-22T08:00:05Z;;2332;176
2026-07-22T08:00:09Z;-2229;;103
2026-07-22T08:10:42Z;;2401;172
2026-07-22T08:10:52Z;;2384;155
2026-07-22T08:11:51Z;;2395;166
2026-07-22T08:11:53Z;;2416;187
2026-07-22T08:15:05Z;;2469;240
2026-07-22T08:15:09Z;-2358;;111
2026-07-22T08:17:01Z;-2403;;66
2026-07-22T08:17:03Z;-2390;;79
2026-07-22T08:17:04Z;-2390;;79
2026-07-22T08:17:10Z;-2403;;66
2026-07-22T08:17:13Z;-2404;;65
2026-07-22T08:17:16Z;-2404;;65
2026-07-22T08:17:22Z;-2390;;79
2026-07-22T08:17:25Z;-2387;;82
2026-07-22T08:17:43Z;-2393;;76
2026-07-22T08:17:45Z;-2396;;73
2026-07-22T08:17:49Z;-2403;;66
2026-07-22T08:17:53Z;-2395;;74
2026-07-22T08:17:55Z;-2407;;62
2026-07-22T08:17:57Z;-2397;;72
2026-07-22T08:17:59Z;-2409;;60
2026-07-22T08:18:01Z;-2398;;71
2026-07-22T08:18:02Z;-2403;;66
2026-07-22T08:18:03Z;-2387;;82
2026-07-22T08:18:05Z;-2408;;61
2026-07-22T08:18:41Z;;2221;-187
2026-07-22T08:18:42Z;-2390;;-169
2026-07-22T08:18:43Z;-1683;;538
2026-07-22T08:18:44Z;-1285;1784;101
2026-07-22T08:18:45Z;-1002;;782
2026-07-22T08:18:47Z;-953;;831
2026-07-22T08:18:48Z;;1369;416
2026-07-22T08:18:50Z;;1066;113
2026-07-22T08:18:51Z;-553;;513
2026-07-22T08:18:52Z;;781;228
2026-07-22T08:18:53Z;;598;45
2026-07-22T08:18:55Z;;600;47
2026-07-22T08:18:57Z;;581;28
2026-07-22T08:18:59Z;;603;50
2026-07-22T08:19:01Z;;594;41
2026-07-22T08:19:02Z;;608;55
2026-07-22T08:19:11Z;-586;;22
2026-07-22T08:19:13Z;-602;;6
2026-07-22T08:19:15Z;-604;;4
2026-07-22T08:19:33Z;-828;;-220
2026-07-22T08:19:34Z;;1054;226
2026-07-22T08:19:36Z;;1352;524
2026-07-22T08:19:37Z;-1023;;329
2026-07-22T08:19:38Z;-1636;1687;664
2026-07-22T08:19:39Z;-1926;;-239
2026-07-22T08:19:42Z;;1821;-105
2026-07-22T08:19:43Z;;2223;297
2026-07-22T08:19:44Z;-2435;;-212
2026-07-22T08:19:46Z;-2391;2440;5
2026-07-22T08:19:50Z;;2358;-33
2026-07-22T08:19:51Z;-2461;;-103
2026-07-22T08:19:54Z;;2479;18
2026-07-22T08:22:39Z;-1580;;899
2026-07-22T08:22:40Z;-2348;;131
2026-07-22T08:23:45Z;-2406;;73
2026-07-22T08:23:47Z;-2398;;81
2026-07-22T08:23:50Z;-2385;;94
2026-07-22T08:23:59Z;-2392;;87
2026-07-22T08:24:00Z;-2386;;93
2026-07-22T08:25:03Z;;2700;314
2026-07-22T08:25:05Z;;2688;302
2026-07-22T08:25:13Z;;2702;316
2026-07-22T08:25:15Z;;2690;304
2026-07-22T08:25:33Z;;2706;320
2026-07-22T08:25:35Z;;2695;309
2026-07-22T08:25:37Z;;2708;322
2026-07-22T08:25:39Z;;2698;312
2026-07-22T08:25:41Z;;2709;323
2026-07-22T08:25:43Z;;2697;311
2026-07-22T08:25:45Z;;2704;318
2026-07-22T08:28:38Z;;2694;308
2026-07-22T08:28:39Z;-2388;;306
2026-07-22T08:28:40Z;-2120;2617;229
2026-07-22T08:28:41Z;;2725;605
2026-07-22T08:28:43Z;;1903;-217
2026-07-22T08:28:45Z;;1571;-549
2026-07-22T08:28:47Z;;1876;-244
2026-07-22T08:28:48Z;-1378;;498
2026-07-22T08:28:49Z;-1510;;366
2026-07-22T08:28:50Z;;1708;198
2026-07-22T08:28:51Z;-1219;;489
2026-07-22T08:28:52Z;-1034;;674
2026-07-22T08:28:53Z;;1414;380
2026-07-22T08:28:55Z;;1051;17
2026-07-22T08:29:00Z;;1280;246
2026-07-22T08:29:01Z;-930;;350
2026-07-22T08:29:02Z;-1120;1532;160
2026-07-22T08:29:03Z;-1676;;-144
2026-07-22T08:29:04Z;-2270;;-738
2026-07-22T08:29:06Z;;1848;-422
2026-07-22T08:29:08Z;-2448;2139;-131
2026-07-22T08:29:09Z;;2467;19
2026-07-22T08:29:11Z;;2705;257
2026-07-22T08:29:13Z;;2676;228
2026-07-22T08:29:16Z;;2717;269
2026-07-22T08:30:05Z;;2745;297
2026-07-22T08:30:09Z;-2484;;261
2026-07-22T08:30:51Z;;2697;213
2026-07-22T08:30:53Z;;2711;227
2026-07-22T08:35:22Z;-2390;;321
2026-07-22T08:35:25Z;-2401;;310
2026-07-22T08:35:28Z;-2392;;319
2026-07-22T08:35:31Z;;2340;-52
2026-07-22T08:35:34Z;-2295;;45
2026-07-22T08:35:37Z;;1908;-387
2026-07-22T08:35:40Z;-1667;;241
2026-07-22T08:35:43Z;-1168;;740
2026-07-22T08:35:46Z;;1555;387
2026-07-22T08:35:49Z;-1004;;551
2026-07-22T08:35:52Z;;1370;366
2026-07-22T08:35:55Z;;1199;195
2026-07-22T08:35:58Z;-686;;513
2026-07-22T08:36:01Z;-595;;604
2026-07-22T08:36:04Z;;866;271
2026-07-22T08:36:07Z;-610;;256
2026-07-22T08:36:17Z;-606;;260
2026-07-22T08:36:31Z;-593;;273
2026-07-22T08:36:57Z;-603;;263
2026-07-22T08:37:03Z;;975;372
2026-07-22T08:37:05Z;-870;;105
2026-07-22T08:37:08Z;-1095;;-120
2026-07-22T08:37:09Z;;1246;151
2026-07-22T08:37:10Z;-1749;;-503
2026-07-22T08:37:12Z;-2459;;-1213
2026-07-22T08:37:13Z;;1889;-570
2026-07-22T08:37:15Z;;2371;-88
2026-07-22T08:37:16Z;;2664;205
2026-07-22T08:37:18Z;;2735;276
2026-07-22T08:38:44Z;;2695;236
2026-07-22T08:38:46Z;;2712;253
2026-07-22T08:38:54Z;;2691;232
2026-07-22T08:38:56Z;;2706;247
2026-07-22T08:39:04Z;;2690;231
2026-07-22T08:39:06Z;;2702;243
2026-07-22T08:39:12Z;;2698;239
2026-07-22T08:39:21Z;;2701;242
2026-07-22T08:39:22Z;;2690;231
2026-07-22T08:41:08Z;-2399;;291
2026-07-22T08:41:10Z;-2414;;276
2026-07-22T08:44:38Z;;2701;287
2026-07-22T08:44:40Z;;2688;274
2026-07-22T08:44:42Z;;2704;290
2026-07-22T08:44:44Z;;2691;277
2026-07-22T08:44:46Z;;2708;294
2026-07-22T08:44:48Z;;2694;280
2026-07-22T08:44:50Z;;2712;298
2026-07-22T08:44:52Z;;2697;283
2026-07-22T08:44:54Z;;2713;299
2026-07-22T08:44:56Z;;2698;284
2026-07-22T08:44:58Z;;2712;298
2026-07-22T08:45:05Z;;2726;312
2026-07-22T08:45:09Z;-2481;;245
2026-07-22T08:45:34Z;;2695;214
2026-07-22T08:45:36Z;;2705;224
2026-07-22T08:45:44Z;;2686;205
2026-07-22T08:45:46Z;;2701;220
2026-07-22T08:46:04Z;;2695;214
2026-07-22T08:46:06Z;;2711;230
2026-07-22T08:46:14Z;;2699;218
2026-07-22T08:46:16Z;;2713;232
2026-07-22T08:46:24Z;;2699;218
2026-07-22T08:46:26Z;;2713;232
2026-07-22T08:46:35Z;;2695;214
2026-07-22T08:46:36Z;;2708;227
2026-07-22T08:46:44Z;;2692;211
2026-07-22T08:46:46Z;;2708;227
2026-07-22T08:46:52Z;;2685;204
2026-07-22T08:46:54Z;;2711;230
2026-07-22T08:49:13Z;;2699;218
2026-07-22T08:49:14Z;;2339;-142
2026-07-22T08:49:15Z;-2078;;261
2026-07-22T08:49:16Z;;2705;627
2026-07-22T08:49:19Z;-2131;2699;568
2026-07-22T08:49:20Z;;2045;-86
2026-07-22T08:49:21Z;;2198;67
2026-07-22T08:49:22Z;-2402;2708;306
2026-07-22T08:49:24Z;;2484;82
2026-07-22T08:49:25Z;;2692;290
2026-07-22T08:49:26Z;;2714;312
2026-07-22T08:49:28Z;-2334;;380
2026-07-22T08:49:47Z;;2695;361
2026-07-22T08:49:52Z;;2716;382
2026-07-22T08:50:18Z;;2688;354
2026-07-22T08:50:20Z;;2700;366
2026-07-22T08:51:59Z;;2699;365
2026-07-22T08:52:01Z;;2719;385
2026-07-22T08:54:36Z;-2698;;21
2026-07-22T08:54:38Z;-2692;;27
2026-07-22T08:54:46Z;-2701;;18
2026-07-22T08:54:47Z;-2697;;22
2026-07-22T08:54:58Z;;2652;-45
2026-07-22T08:55:00Z;;2712;15
2026-07-22T08:55:02Z;;2607;-90
2026-07-22T08:55:03Z;-2384;;223
2026-07-22T08:55:04Z;;2392;8
2026-07-22T08:55:06Z;-2289;;103
2026-07-22T08:55:07Z;;2490;201
2026-07-22T08:55:13Z;;2730;441
2026-07-22T08:55:17Z;;2586;297
2026-07-22T08:55:18Z;-2287;;299
2026-07-22T08:55:21Z;-2176;2266;410
2026-07-22T08:55:23Z;-1873;;393
2026-07-22T08:55:25Z;-1330;1989;936
2026-07-22T08:55:27Z;-1472;;517
2026-07-22T08:55:29Z;;1623;151
2026-07-22T08:55:30Z;-1471;;152
2026-07-22T08:55:38Z;-1339;;284
2026-07-22T08:55:44Z;-1687;;-64
2026-07-22T08:55:46Z;-2033;;-410
2026-07-22T08:55:48Z;-2428;;-805
2026-07-22T08:55:52Z;-2734;;-1111
2026-07-22T08:58:37Z;-2699;;-1076
2026-07-22T08:58:40Z;;2645;-54
2026-07-22T08:58:43Z;-2257;;388
2026-07-22T08:58:44Z;-2135;;510
2026-07-22T08:58:46Z;;2361;226
2026-07-22T08:58:48Z;;2019;-116
2026-07-22T08:58:50Z;-2135;;-116
2026-07-22T08:58:53Z;;2195;60
2026-07-22T09:00:44Z;;2921;786
2026-07-22T09:00:47Z;-2659;;262
2026-07-22T09:00:50Z;;2649;-10
2026-07-22T09:00:53Z;-2784;;-135
2026-07-22T09:00:55Z;-2140;;509
2026-07-22T09:00:58Z;-857;;1792
2026-07-22T09:00:59Z;;980;123
2026-07-22T09:01:00Z;-1192;;-212
2026-07-22T09:01:01Z;-1556;1213;21
2026-07-22T09:01:03Z;-2231;1563;7
2026-07-22T09:01:04Z;-1929;;-366
2026-07-22T09:01:05Z;;1955;26
2026-07-22T09:01:07Z;;2289;360
2026-07-22T09:01:08Z;-2153;;136
2026-07-22T09:01:09Z;;2425;272
2026-07-22T09:01:10Z;-1352;;1073
2026-07-22T09:01:11Z;;2254;902
2026-07-22T09:01:13Z;-1093;1987;635
2026-07-22T09:01:14Z;;1741;648
2026-07-22T09:01:15Z;-1761;;-20
2026-07-22T09:01:16Z;-1511;1398;230
2026-07-22T09:01:17Z;-1198;;200
2026-07-22T09:01:19Z;-863;;535
2026-07-22T09:01:20Z;;1140;277
2026-07-22T09:01:22Z;;862;-1
2026-07-22T09:01:24Z;-867;;-5
2026-07-22T09:01:25Z;;1171;304
2026-07-22T09:01:28Z;-852;886;34
2026-07-22T09:01:29Z;;958;106
2026-07-22T09:01:36Z;-910;;48
2026-07-22T09:01:38Z;;883;-27
2026-07-22T09:01:40Z;-853;;30
2026-07-22T09:01:41Z;;954;101
2026-07-22T09:01:43Z;-1138;;-184
2026-07-22T09:01:44Z;;1338;200
2026-07-22T09:01:46Z;;1574;436
2026-07-22T09:01:48Z;;1821;683
2026-07-22T09:01:49Z;;2158;1020
2026-07-22T09:01:50Z;-1305;;853
2026-07-22T09:01:51Z;-1777;2686;381
2026-07-22T09:01:53Z;;2850;1073
2026-07-22T09:10:41Z;-2699;;151
2026-07-22T09:10:43Z;;2635;-64
2026-07-22T09:10:48Z;;2710;11
2026-07-22T09:10:50Z;;2654;-45
2026-07-22T09:10:52Z;-2256;;398
2026-07-22T09:10:53Z;;2354;98
2026-07-22T09:10:55Z;-1781;;573
2026-07-22T09:10:56Z;;1911;130
2026-07-22T09:10:57Z;;1593;-188
2026-07-22T09:11:00Z;-1840;;-247
2026-07-22T09:11:01Z;-2182;;-589
2026-07-22T09:11:02Z;;1876;-306
2026-07-22T09:11:03Z;-2505;;-629
2026-07-22T09:11:06Z;;2230;-275
2026-07-22T09:11:08Z;-2710;2452;-258
2026-07-22T09:11:10Z;;2721;11
2026-07-22T09:11:27Z;-2609;;112
2026-07-22T09:11:28Z;;2546;-63
2026-07-22T09:11:30Z;;2343;-266
2026-07-22T09:11:32Z;;2588;-21
2026-07-22T09:11:34Z;-2428;;160
2026-07-22T09:11:35Z;-2211;;377
2026-07-22T09:11:36Z;;2837;626
2026-07-22T09:11:37Z;-2747;;90
2026-07-22T09:11:43Z;-2683;;154
2026-07-22T09:11:44Z;-2755;;82
2026-07-22T09:15:05Z;;2893;138
2026-07-22T09:15:09Z;-2783;;110
2026-07-22T09:15:37Z;-2678;;215
2026-07-22T09:15:38Z;;2581;-97
2026-07-22T09:15:39Z;-2246;;335
2026-07-22T09:15:41Z;-2425;;156
2026-07-22T09:15:42Z;;2342;-83
2026-07-22T09:15:44Z;-2175;2504;167
2026-07-22T09:15:45Z;;2295;120
2026-07-22T09:15:47Z;;1929;-246
2026-07-22T09:15:48Z;-1813;1499;116
2026-07-22T09:15:50Z;;1075;-738
2026-07-22T09:15:54Z;-1013;;62
2026-07-22T09:15:57Z;-1141;;-66
2026-07-22T09:15:58Z;;1249;108
2026-07-22T09:16:05Z;-1178;;71
2026-07-22T09:16:08Z;-1219;;30
2026-07-22T09:16:09Z;-1199;;50
2026-07-22T09:16:10Z;;1168;-31
2026-07-22T09:16:11Z;-954;;214
2026-07-22T09:16:14Z;-928;;240
2026-07-22T09:16:16Z;-878;;290
2026-07-22T09:16:18Z;-911;;257
2026-07-22T09:16:24Z;;1226;315
2026-07-22T09:16:25Z;-1261;;-35
2026-07-22T09:16:31Z;-1150;;76
2026-07-22T09:16:32Z;;1116;-34
2026-07-22T09:16:36Z;-876;;240
2026-07-22T09:16:38Z;;898;22
2026-07-22T09:16:57Z;;906;30
2026-07-22T09:17:04Z;;895;19
2026-07-22T09:17:15Z;;900;24
2026-07-22T09:17:28Z;-891;;9
2026-07-22T09:17:42Z;;1212;321
2026-07-22T09:17:44Z;-1237;;-25
2026-07-22T09:17:50Z;-1532;;-320
2026-07-22T09:17:52Z;;1580;48
2026-07-22T09:17:53Z;;1805;273
2026-07-22T09:17:54Z;-1784;;21
2026-07-22T09:17:56Z;-1975;;-170
2026-07-22T09:17:57Z;;2259;284
2026-07-22T09:17:58Z;-2479;;-220
2026-07-22T09:18:00Z;-2874;;-615
2026-07-22T09:18:02Z;-3001;;-742
2026-07-22T09:18:05Z;-2983;;-724
2026-07-22T09:18:44Z;;2995;12
2026-07-22T09:18:46Z;;3003;20
2026-07-22T09:18:48Z;;2996;13
2026-07-22T09:18:50Z;;3003;20
2026-07-22T09:18:53Z;;2997;14
2026-07-22T09:26:53Z;;2650;-333
2026-07-22T09:26:54Z;-2676;;-26
2026-07-22T09:26:56Z;-2338;;312
2026-07-22T09:26:57Z;;2336;-2
2026-07-22T09:26:58Z;-1987;;349
2026-07-22T09:26:59Z;;1671;-316
2026-07-22T09:28:03Z;;1102;-885
2026-07-22T09:28:06Z;-1566;;-464
2026-07-22T09:28:09Z;-1317;;-215
2026-07-22T09:28:12Z;;1263;-54
2026-07-22T09:28:15Z;-1155;;108
2026-07-22T09:28:18Z;;1136;-19
2026-07-22T09:28:21Z;-1214;;-78
2026-07-22T09:28:23Z;-600;;536
2026-07-22T09:28:24Z;-1141;;-5
2026-07-22T09:28:25Z;-602;;534
2026-07-22T09:28:26Z;-821;;315
2026-07-22T09:28:29Z;;886;65
2026-07-22T09:28:32Z;;912;91
2026-07-22T09:28:35Z;-913;;-1
2026-07-22T09:28:38Z;-955;;-43
2026-07-22T09:28:41Z;;873;-82
2026-07-22T09:28:44Z;-600;;273
2026-07-22T09:28:49Z;-855;;18
2026-07-22T09:28:50Z;;1022;167
2026-07-22T09:28:53Z;-1155;;-133
2026-07-22T09:28:54Z;;1204;49
2026-07-22T09:28:55Z;-1273;;-69
2026-07-22T09:28:59Z;;1182;-91
2026-07-22T09:29:02Z;-920;;262
2026-07-22T09:29:04Z;;880;-40
2026-07-22T09:29:48Z;;914;-6
2026-07-22T09:29:51Z;-938;;-24
2026-07-22T09:29:52Z;-1258;;-344
2026-07-22T09:29:54Z;-1507;;-593
2026-07-22T09:29:55Z;;1303;-204
2026-07-22T09:29:57Z;;1561;54
2026-07-22T09:29:58Z;;2159;652
2026-07-22T09:29:59Z;-2124;;35
2026-07-22T09:30:00Z;-2583;;-424
2026-07-22T09:30:01Z;;2653;70
2026-07-22T09:30:02Z;;3009;426
2026-07-22T09:30:06Z;;3115;532
2026-07-22T09:30:07Z;;2959;376
2026-07-22T09:30:09Z;-2982;;-23
2026-07-22T09:30:10Z;;3014;32
2026-07-22T09:30:11Z;-3022;;-8
2026-07-22T09:30:13Z;-3014;;0
2026-07-22T09:30:18Z;;2985;-29
2026-07-22T09:30:20Z;;3001;-13
2026-07-22T09:30:49Z;;2953;-61
2026-07-22T09:30:51Z;;2656;-358
2026-07-22T09:30:52Z;-2530;;126
2026-07-22T09:30:53Z;;2704;174
2026-07-22T09:30:55Z;;2657;127
2026-07-22T09:30:56Z;-2206;;451
2026-07-22T09:30:57Z;-2002;;655
2026-07-22T09:30:58Z;;2316;314
2026-07-22T09:30:59Z;;2093;91
2026-07-22T09:31:01Z;;1727;-275
2026-07-22T09:31:04Z;-1774;;-47
2026-07-22T09:31:05Z;-1462;;265
2026-07-22T09:31:06Z;;1368;-94
2026-07-22T09:31:07Z;-1128;;240
2026-07-22T09:31:10Z;;1197;69
2026-07-22T09:31:15Z;-898;;299
2026-07-22T09:31:16Z;-899;;298
2026-07-22T09:31:24Z;-921;;276
2026-07-22T09:31:26Z;;880;-41
2026-07-22T09:32:04Z;;900;-21
2026-07-22T09:32:06Z;-910;;-10
2026-07-22T09:32:15Z;-1174;;-274
2026-07-22T09:32:16Z;;1206;32
2026-07-22T09:32:17Z;-1561;;-355
2026-07-22T09:32:18Z;;1625;64
2026-07-22T09:32:22Z;-2082;;-457
2026-07-22T09:32:23Z;;2128;46
2026-07-22T09:32:24Z;-2429;;-301
2026-07-22T09:32:27Z;;2521;92
2026-07-22T09:32:29Z;;2815;386
2026-07-22T09:32:31Z;;3014;585
2026-07-22T09:32:33Z;-2731;;283
2026-07-22T09:32:34Z;-3011;;3
2026-07-22T09:32:43Z;-2985;;29
2026-07-22T09:32:45Z;;2994;9
2026-07-22T09:32:47Z;;3009;24
2026-07-22T09:32:49Z;;2951;-34
2026-07-22T09:32:54Z;;3034;49
2026-07-22T09:32:57Z;-3001;;33
2026-07-22T09:32:58Z;-2991;;43
2026-07-22T09:33:01Z;-3001;;33
2026-07-22T09:33:03Z;-2999;;35
2026-07-22T09:33:11Z;;2981;-18
2026-07-22T09:33:15Z;;3017;18
2026-07-22T09:35:01Z;;2997;-2
2026-07-22T09:35:04Z;;3007;8
2026-07-22T09:35:07Z;;2987;-12
2026-07-22T09:35:43Z;-2680;;307
2026-07-22T09:35:44Z;-2741;;246
2026-07-22T09:35:45Z;-2695;2622;-119
2026-07-22T09:35:50Z;;2742;47
2026-07-22T09:35:53Z;;2565;-130
2026-07-22T09:35:54Z;-2769;;-204
2026-07-22T09:35:55Z;-2419;2035;-734
2026-07-22T09:35:56Z;-1904;1663;131
2026-07-22T09:35:59Z;;1976;72
2026-07-22T09:36:00Z;-1563;;413
2026-07-22T09:36:01Z;-1499;2119;556
2026-07-22T09:36:03Z;-1604;;515
2026-07-22T09:36:04Z;-1913;;206
2026-07-22T09:36:05Z;-2262;;-143
2026-07-22T09:36:06Z;-2074;;45
2026-07-22T09:36:07Z;-2142;2456;382
2026-07-22T09:36:09Z;-2402;;54
2026-07-22T09:36:10Z;;2719;317
2026-07-22T09:36:12Z;-2329;2624;222
2026-07-22T09:36:13Z;-2063;;561
2026-07-22T09:36:16Z;;2175;112
2026-07-22T09:36:18Z;;1969;-94
2026-07-22T09:36:20Z;-2153;;-184
2026-07-22T09:36:21Z;;2201;48
2026-07-22T09:36:22Z;-2463;;-262
2026-07-22T09:36:23Z;;2508;45
2026-07-22T09:36:25Z;;2702;239
2026-07-22T09:36:26Z;;2683;220
2026-07-22T09:36:27Z;-2108;;575
2026-07-22T09:36:28Z;;2331;223
2026-07-22T09:36:29Z;-2056;;275
2026-07-22T09:36:31Z;-2505;;-174
2026-07-22T09:36:32Z;-2742;2555;-411
2026-07-22T09:36:34Z;;2818;76
2026-07-22T09:36:35Z;;3005;263
2026-07-22T09:36:37Z;;2961;219
2026-07-22T09:36:39Z;;3000;258
2026-07-22T09:36:41Z;;2980;238
2026-07-22T09:36:54Z;-1154;;1826
2026-07-22T09:36:55Z;-2675;;305
2026-07-22T09:36:56Z;-2714;;266
2026-07-22T09:37:03Z;-2695;;285
2026-07-22T09:45:05Z;;2832;137
2026-07-22T09:45:09Z;-2602;;230
2026-07-22T09:58:28Z;;2650;48
2026-07-22T09:58:32Z;-2368;2189;282
2026-07-22T09:58:34Z;;1976;-392
2026-07-22T09:58:36Z;-1952;;24
2026-07-22T09:58:37Z;-1576;1545;400
2026-07-22T09:58:38Z;-1310;;235
2026-07-22T09:58:39Z;-817;1222;-88
2026-07-22T09:58:41Z;;1013;196
2026-07-22T09:58:42Z;;888;71
2026-07-22T09:58:44Z;-863;;25
2026-07-22T09:58:46Z;;908;45
2026-07-22T09:58:50Z;-942;;-34
2026-07-22T09:58:55Z;;871;-71
2026-07-22T09:58:58Z;;907;-35
2026-07-22T09:59:00Z;-847;;60
2026-07-22T09:59:03Z;;1248;401
2026-07-22T09:59:09Z;-929;;319
2026-07-22T09:59:11Z;;1114;185
2026-07-22T09:59:18Z;;880;-49
2026-07-22T09:59:23Z;-612;;268
2026-07-22T09:59:31Z;-592;;288
2026-07-22T09:59:34Z;-770;920;110
2026-07-22T09:59:38Z;;1222;452
2026-07-22T09:59:40Z;;1520;750
2026-07-22T09:59:41Z;;1821;1051
2026-07-22T09:59:43Z;;1648;878
2026-07-22T09:59:45Z;-1218;;430
2026-07-22T09:59:46Z;-1524;;124
2026-07-22T09:59:47Z;-1435;;213
2026-07-22T09:59:50Z;;1497;62
2026-07-22T09:59:53Z;;1184;-251
2026-07-22T09:59:54Z;-1199;;-15
2026-07-22T09:59:55Z;-889;;295
2026-07-22T09:59:59Z;;876;-13
2026-07-22T10:00:04Z;;903;14
2026-07-22T10:00:07Z;;845;-44
2026-07-22T10:00:08Z;;898;9
2026-07-22T10:00:09Z;-740;;158
2026-07-22T10:00:19Z;-598;;300
2026-07-22T10:00:34Z;-600;;298
2026-07-22T10:00:39Z;;948;348
2026-07-22T10:00:40Z;-922;;26
2026-07-22T10:00:41Z;-1068;;-120
2026-07-22T10:00:43Z;;1218;150
2026-07-22T10:00:45Z;;1509;441
2026-07-22T10:00:47Z;-1479;;30
2026-07-22T10:00:48Z;-1878;1819;-369
2026-07-22T10:00:49Z;-2287;;-468
2026-07-22T10:00:50Z;;2251;-36
2026-07-22T10:00:52Z;;2469;182
2026-07-22T10:00:53Z;;2731;444
2026-07-22T10:00:57Z;-2803;;-72
2026-07-22T10:00:58Z;;3006;203
2026-07-22T10:01:00Z;;2833;30
2026-07-22T10:01:02Z;;2685;-118
2026-07-22T10:01:04Z;-2562;2750;123
2026-07-22T10:01:06Z;;3022;460
2026-07-22T10:01:08Z;-2836;;186
2026-07-22T10:01:14Z;;2992;156
2026-07-22T10:02:47Z;;2680;-156
2026-07-22T10:02:50Z;;2286;-550
2026-07-22T10:02:51Z;-868;;1418
2026-07-22T10:02:52Z;;889;21
2026-07-22T10:02:53Z;;2020;1152
2026-07-22T10:02:54Z;-911;948;1109
2026-07-22T10:02:56Z;;1730;819
2026-07-22T10:02:59Z;-2667;;-937
2026-07-22T10:03:00Z;;1216;-1451
2026-07-22T10:03:02Z;;1160;-1507
2026-07-22T10:03:05Z;;1142;-1525
2026-07-22T10:03:07Z;-1117;;25
2026-07-22T10:03:08Z;-886;1279;162
2026-07-22T10:03:10Z;-1576;;-297
2026-07-22T10:03:11Z;-937;;342
2026-07-22T10:03:12Z;;1617;680
2026-07-22T10:03:14Z;;1934;997
2026-07-22T10:03:18Z;-1793;;141
2026-07-22T10:03:19Z;-1843;;91
2026-07-22T10:03:20Z;-1985;;-51
2026-07-22T10:03:21Z;;2190;205
2026-07-22T10:03:24Z;-2120;;70
2026-07-22T10:03:26Z;;2067;-53
2026-07-22T10:03:28Z;-1842;;225
2026-07-22T10:03:29Z;-1547;;520
2026-07-22T10:03:30Z;-1298;;769
2026-07-22T10:03:32Z;-971;;1096
2026-07-22T10:03:35Z;;1395;424
2026-07-22T10:03:37Z;;1191;220
2026-07-22T10:03:38Z;;874;-97
2026-07-22T10:03:39Z;-859;;15
2026-07-22T10:03:40Z;-1121;;-247
2026-07-22T10:03:41Z;;900;-221
2026-07-22T10:03:42Z;-1337;;-437
2026-07-22T10:03:43Z;;1349;12
2026-07-22T10:03:44Z;;1662;325
2026-07-22T10:03:46Z;-2630;2042;705
2026-07-22T10:03:48Z;-2793;;-751
2026-07-22T10:03:50Z;;2422;-371
2026-07-22T10:03:52Z;;2880;87
2026-07-22T10:03:54Z;;3029;236
2026-07-22T10:03:57Z;;2997;204
2026-07-22T10:03:59Z;;3000;207
2026-07-22T10:04:01Z;;2998;205
2026-07-22T10:05:59Z;-2668;;330
2026-07-22T10:06:01Z;;2622;-46
2026-07-22T10:06:03Z;-2278;;344
2026-07-22T10:06:05Z;-2015;2389;607
2026-07-22T10:06:09Z;-1703;;686
2026-07-22T10:06:10Z;-1454;;935
2026-07-22T10:06:12Z;-1206;;1183
2026-07-22T10:06:14Z;-1005;;1384
2026-07-22T10:06:26Z;-850;;1539
2026-07-22T10:06:29Z;-1288;;1101
2026-07-22T10:06:30Z;-1451;;938
2026-07-22T10:06:34Z;-1378;;1011
2026-07-22T10:06:35Z;-1209;;1180
2026-07-22T10:06:41Z;-1197;;1192
2026-07-22T10:06:43Z;-1609;;780
2026-07-22T10:06:46Z;-2295;;94
2026-07-22T10:06:47Z;-2519;;-130
2026-07-22T10:06:49Z;-2760;;-371
2026-07-22T10:06:52Z;-2624;;-235
2026-07-22T10:06:54Z;-2209;;180
2026-07-22T10:06:57Z;-1640;;749
2026-07-22T10:07:00Z;-1655;;734
2026-07-22T10:07:02Z;-2139;;250
2026-07-22T10:07:04Z;-2401;;-12
2026-07-22T10:07:05Z;-2307;;82
2026-07-22T10:07:11Z;-2144;;245
2026-07-22T10:07:13Z;-1572;;817
2026-07-22T10:07:15Z;-1201;;1188
2026-07-22T10:07:16Z;-1175;;1214
2026-07-22T10:07:18Z;-1509;;880
2026-07-22T10:07:22Z;-2071;;318
2026-07-22T10:07:24Z;-2242;;147
2026-07-22T10:07:27Z;-2797;;-408
2026-07-22T10:14:48Z;-2692;;-303
2026-07-22T10:14:53Z;;2681;-11
2026-07-22T10:14:56Z;;2744;52
2026-07-22T10:14:57Z;-2701;;43
2026-07-22T10:15:05Z;;2878;177
2026-07-22T10:15:09Z;-2795;;83
2026-07-22T10:17:16Z;-2696;;182
2026-07-22T10:17:19Z;;2698;2
2026-07-22T10:17:22Z;-2411;;287
2026-07-22T10:17:25Z;-2401;;297
2026-07-22T10:17:28Z;-2725;;-27
2026-07-22T10:17:31Z;;2822;97
2026-07-22T10:20:35Z;-2701;;121
2026-07-22T10:20:37Z;;2664;-37
2026-07-22T10:20:40Z;;2712;11
2026-07-22T10:20:52Z;-2727;;-15
2026-07-22T10:20:54Z;-2678;;34
2026-07-22T10:20:57Z;-2750;;-38
2026-07-22T10:21:09Z;-2688;;24
2026-07-22T10:21:11Z;;2689;1
2026-07-22T10:21:14Z;;2712;24
2026-07-22T10:21:16Z;-2547;2658;165
2026-07-22T10:21:18Z;-1880;2233;-314
2026-07-22T10:21:20Z;-1754;;479
2026-07-22T10:21:21Z;;1981;227
2026-07-22T10:21:24Z;-1778;;203
2026-07-22T10:21:25Z;;1749;-29
2026-07-22T10:21:30Z;;1806;28
2026-07-22T10:21:31Z;-2020;;-214
2026-07-22T10:21:34Z;;2253;233
2026-07-22T10:21:36Z;;2402;382
2026-07-22T10:21:38Z;;2304;284
2026-07-22T10:21:40Z;;2085;65
2026-07-22T10:21:41Z;;1723;-297
2026-07-22T10:21:44Z;-1985;;-262
2026-07-22T10:21:45Z;-1748;;-25
2026-07-22T10:21:51Z;-1431;;292
2026-07-22T10:21:52Z;;1436;5
2026-07-22T10:21:54Z;-1244;;192
2026-07-22T10:21:56Z;-1185;;251
2026-07-22T10:21:59Z;-1392;;44
2026-07-22T10:22:00Z;;1613;221
2026-07-22T10:22:02Z;;1850;458
2026-07-22T10:22:06Z;;1772;380
2026-07-22T10:22:08Z;-1414;1493;358
2026-07-22T10:22:12Z;;1656;242
2026-07-22T10:22:14Z;-1423;;233
2026-07-22T10:22:15Z;-2026;;-370
2026-07-22T10:22:16Z;-2718;;-1062
2026-07-22T10:22:18Z;;2034;-684
2026-07-22T10:22:20Z;;2791;73
2026-07-22T10:30:48Z;;2958;240
2026-07-22T10:30:51Z;-2828;;130
2026-07-22T10:32:50Z;;3001;173
2026-07-22T10:32:52Z;;2990;162
2026-07-22T10:33:00Z;;3005;177
2026-07-22T10:33:02Z;;2985;157
2026-07-22T10:33:10Z;;3010;182
2026-07-22T10:33:12Z;;2998;170
2026-07-22T10:33:14Z;;3001;173
2026-07-22T10:33:16Z;;2983;155
2026-07-22T10:33:18Z;;3003;175
2026-07-22T10:33:24Z;;2984;156
2026-07-22T10:33:26Z;;3005;177
2026-07-22T10:33:34Z;;2991;163
2026-07-22T10:33:36Z;;3013;185
2026-07-22T10:33:44Z;;2999;171
2026-07-22T10:33:46Z;;3019;191
2026-07-22T10:35:35Z;;2999;171
2026-07-22T10:35:37Z;;3021;193
2026-07-22T10:35:45Z;;2999;171
2026-07-22T10:35:47Z;;3021;193
2026-07-22T10:35:54Z;;2996;168
2026-07-22T10:35:57Z;;3005;177
2026-07-22T10:36:04Z;;2992;164
2026-07-22T10:36:06Z;;3008;180
2026-07-22T10:36:16Z;;2992;164
2026-07-22T10:36:18Z;;3015;187
2026-07-22T10:36:26Z;;2989;161
2026-07-22T10:36:28Z;;3012;184
2026-07-22T10:36:37Z;;2990;162
2026-07-22T10:36:38Z;;3014;186
2026-07-22T10:38:13Z;;2991;163
2026-07-22T10:38:16Z;;3014;186
2026-07-22T10:38:19Z;;2986;158
2026-07-22T10:38:22Z;;3009;181
2026-07-22T10:38:25Z;;2997;169
2026-07-22T10:38:28Z;;3015;187
2026-07-22T10:38:31Z;;2999;171
2026-07-22T10:38:34Z;;3011;183
2026-07-22T10:38:37Z;;2991;163
2026-07-22T10:38:40Z;;3001;173
2026-07-22T10:38:43Z;;2988;160
2026-07-22T10:40:15Z;;2280;-548
2026-07-22T10:40:16Z;-2591;;-311
2026-07-22T10:40:17Z;;1868;-723
2026-07-22T10:40:19Z;;1629;-962
2026-07-22T10:40:20Z;-2116;;-487
2026-07-22T10:40:21Z;-1522;;107
2026-07-22T10:41:47Z;;2996;1474
2026-07-22T10:45:05Z;;2844;1322
2026-07-22T10:45:09Z;-2709;;135
2026-07-22T10:45:24Z;-2699;;145
2026-07-22T10:45:25Z;-2700;;144
2026-07-22T10:45:26Z;-2676;;168
2026-07-22T10:45:28Z;-2702;;142
2026-07-22T10:45:29Z;-2696;;148
2026-07-22T10:45:30Z;-2716;;128
2026-07-22T10:45:32Z;-2697;;147
2026-07-22T10:45:34Z;-2714;;130
2026-07-22T10:51:59Z;-2738;;106
2026-07-22T10:52:02Z;-2615;;229
2026-07-22T11:00:05Z;;2817;202
2026-07-22T11:00:09Z;-2591;;226
2026-07-22T11:10:43Z;;2644;53
2026-07-22T11:10:47Z;-2355;2701;289
2026-07-22T11:10:49Z;;2652;297
2026-07-22T11:10:51Z;-2447;;205
2026-07-22T11:10:52Z;-2235;;417
2026-07-22T11:10:53Z;-1720;2237;932
2026-07-22T11:10:54Z;-1016;;1221
2026-07-22T11:10:56Z;-376;;1861
2026-07-22T11:10:57Z;-279;;1958
2026-07-22T11:10:59Z;;1968;1689
2026-07-22T11:11:01Z;;1709;1430
2026-07-22T11:11:02Z;;1300;1021
2026-07-22T11:11:04Z;;850;571
2026-07-22T11:11:06Z;;560;281
2026-07-22T11:12:05Z;;637;358
2026-07-22T11:12:06Z;-541;;96
2026-07-22T11:12:11Z;;988;447
2026-07-22T11:12:13Z;;1571;1030
2026-07-22T11:12:15Z;-1088;1989;483
2026-07-22T11:12:16Z;-1488;;501
2026-07-22T11:12:19Z;-2274;2157;669
2026-07-22T11:12:20Z;-2439;;-282
2026-07-22T11:12:21Z;;2441;2
2026-07-22T11:12:23Z;-2688;2734;295
2026-07-22T11:12:40Z;-2711;;23
2026-07-22T11:15:05Z;;2834;123
2026-07-22T11:15:09Z;-2617;;217
2026-07-22T11:15:43Z;-2699;;135
2026-07-22T11:15:48Z;-2701;;133
2026-07-22T11:15:51Z;-2700;;134
2026-07-22T11:15:54Z;-2699;;135
2026-07-22T11:15:55Z;-2711;;123
2026-07-22T11:15:57Z;-2698;;136
2026-07-22T11:16:06Z;-2709;;125
2026-07-22T11:16:07Z;-2697;;137
2026-07-22T11:16:15Z;-2706;;128
2026-07-22T11:16:17Z;-2694;;140
2026-07-22T11:16:19Z;-2708;;126
2026-07-22T11:16:25Z;-2695;;139
2026-07-22T11:16:27Z;-2705;;129
2026-07-22T11:16:31Z;-2682;;152
2026-07-22T11:16:32Z;-2694;;140
2026-07-22T11:16:41Z;-2695;;139
2026-07-22T11:16:44Z;-2691;;143
2026-07-22T11:16:47Z;-2691;;143
2026-07-22T11:16:48Z;-2692;;142
2026-07-22T11:16:57Z;-2690;;144
2026-07-22T11:16:58Z;-2689;;145
2026-07-22T11:17:00Z;-2707;;127
2026-07-22T11:17:03Z;-2707;;127
2026-07-22T11:17:04Z;-2707;;127
2026-07-22T11:17:13Z;-2707;;127
2026-07-22T11:17:14Z;-2707;;127
2026-07-22T11:17:16Z;-2680;;154
2026-07-22T11:17:18Z;-2692;;142
2026-07-22T11:17:20Z;-2698;;136
2026-07-22T11:17:24Z;-2692;;142
2026-07-22T11:17:27Z;-2700;;134
2026-07-22T11:17:28Z;-2700;;134
2026-07-22T11:17:31Z;-2711;;123
2026-07-22T11:17:35Z;-2682;;152
2026-07-22T11:17:36Z;-2685;;149
2026-07-22T11:18:46Z;-2715;;119
2026-07-22T11:21:07Z;-2698;;136
2026-07-22T11:21:08Z;-2697;;137
2026-07-22T11:21:16Z;-2712;;122
2026-07-22T11:21:19Z;-2711;;123
2026-07-22T11:21:27Z;-2691;;143
2026-07-22T11:21:28Z;-2691;;143
2026-07-22T11:21:36Z;-2709;;125
2026-07-22T11:21:39Z;-2708;;126
2026-07-22T11:21:47Z;-2687;;147
2026-07-22T11:21:48Z;-2687;;147
2026-07-22T11:21:56Z;-2709;;125
2026-07-22T11:21:59Z;-2711;;123
2026-07-22T11:22:07Z;-2698;;136
2026-07-22T11:22:09Z;-2718;;116
2026-07-22T11:22:17Z;-2698;;136
2026-07-22T11:22:19Z;-2711;;123
2026-07-22T11:22:27Z;-2695;;139
2026-07-22T11:22:29Z;-2704;;130
2026-07-22T11:22:37Z;-2697;;137
2026-07-22T11:22:39Z;-2716;;118
2026-07-22T11:22:47Z;-2689;;145
2026-07-22T11:22:51Z;-2706;;128
2026-07-22T11:22:55Z;-2697;;137
2026-07-22T11:22:56Z;-2703;;131
2026-07-22T11:22:57Z;-2681;;153
2026-07-22T11:22:59Z;-2700;;134
2026-07-22T11:23:00Z;-2698;;136
2026-07-22T11:23:03Z;-2705;;129
2026-07-22T11:23:05Z;-2696;;138
2026-07-22T11:23:23Z;-2703;;131
2026-07-22T11:23:24Z;-2698;;136
2026-07-22T11:23:35Z;-2703;;131
2026-07-22T11:23:36Z;-2690;;144
2026-07-22T11:23:59Z;-2705;;129
2026-07-22T11:24:01Z;-2687;;147
2026-07-22T11:24:09Z;-2700;;134
2026-07-22T11:24:11Z;-2695;;139
2026-07-22T11:24:17Z;-2698;;136
2026-07-22T11:24:19Z;-2689;;145
2026-07-22T11:24:25Z;-2709;;125
2026-07-22T11:24:27Z;-2697;;137
2026-07-22T11:24:29Z;-2713;;121
2026-07-22T11:24:36Z;-2699;;135
2026-07-22T11:24:43Z;-2709;;125
2026-07-22T11:24:45Z;-2693;;141
2026-07-22T11:25:44Z;-2698;;136
2026-07-22T11:25:47Z;-2708;;126
2026-07-22T11:25:49Z;-2699;;135
2026-07-22T11:25:50Z;-2699;;135
2026-07-22T11:25:53Z;-2701;;133
2026-07-22T11:25:56Z;-2699;;135
2026-07-22T11:25:59Z;-2706;;128
2026-07-22T11:26:02Z;-2692;;142
2026-07-22T11:26:05Z;-2713;;121
2026-07-22T11:26:08Z;-2695;;139
2026-07-22T11:26:11Z;-2713;;121
2026-07-22T11:26:14Z;-2713;;121
2026-07-22T11:29:56Z;-2698;;136
2026-07-22T11:29:57Z;-2713;;121
2026-07-22T11:30:05Z;-2692;2814;142
2026-07-22T11:30:07Z;-2705;;109
2026-07-22T11:30:09Z;-2697;;117
2026-07-22T11:30:14Z;-2707;;107
2026-07-22T11:30:19Z;-2689;;125
2026-07-22T11:30:25Z;-2706;;108
2026-07-22T11:30:26Z;-2718;;96
2026-07-22T11:30:34Z;-2698;;116
2026-07-22T11:30:36Z;-2679;;135
2026-07-22T11:31:29Z;-2703;;111
2026-07-22T11:31:30Z;-2691;;123
2026-07-22T11:31:31Z;-2702;;112
2026-07-22T11:31:33Z;-2686;;128
2026-07-22T11:31:37Z;-2703;;111
2026-07-22T11:31:41Z;-2691;;123
2026-07-22T11:31:43Z;-2706;;108
2026-07-22T11:32:43Z;-2693;;121
2026-07-22T11:32:46Z;-2706;;108
2026-07-22T11:32:49Z;-2696;;118
2026-07-22T11:32:52Z;-2701;;113
2026-07-22T11:32:55Z;-2699;;115
2026-07-22T11:32:58Z;-2703;;111
2026-07-22T11:33:01Z;-2699;;115
2026-07-22T11:33:04Z;-2696;;118
2026-07-22T11:33:07Z;-2696;;118
2026-07-22T11:33:10Z;-2691;;123
2026-07-22T11:33:13Z;-2697;;117
2026-07-22T11:33:47Z;-2698;;116
2026-07-22T11:33:49Z;-2688;;126
2026-07-22T11:33:57Z;-2701;;113
2026-07-22T11:33:58Z;-2696;;118
2026-07-22T11:34:01Z;-2704;;110
2026-07-22T11:34:03Z;-2690;;124
2026-07-22T11:34:05Z;-2709;;105
2026-07-22T11:34:11Z;-2693;;121
2026-07-22T11:34:13Z;-2707;;107
2026-07-22T11:34:21Z;-2692;;122
2026-07-22T11:34:23Z;-2707;;107
2026-07-22T11:34:31Z;-2682;;132
2026-07-22T11:34:33Z;-2700;;114
2026-07-22T11:34:35Z;-2699;;115
2026-07-22T11:34:36Z;-2701;;113
2026-07-22T11:34:39Z;-2699;;115
2026-07-22T11:34:47Z;-2705;;109
2026-07-22T11:34:49Z;-2695;;119
2026-07-22T11:34:58Z;-2704;;110
2026-07-22T11:34:59Z;-2693;;121
2026-07-22T11:35:08Z;-2706;;108
2026-07-22T11:35:19Z;-2702;;112
2026-07-22T11:35:20Z;-2693;;121
2026-07-22T11:35:38Z;-2700;;114
2026-07-22T11:35:39Z;-2693;;121
2026-07-22T11:36:00Z;-2700;;114
2026-07-22T11:36:01Z;-2689;;125
2026-07-22T11:37:17Z;-2700;;114
2026-07-22T11:37:18Z;-2700;;114
2026-07-22T11:38:17Z;-2710;;104
2026-07-22T11:38:21Z;-2692;;122
2026-07-22T11:38:27Z;-2712;;102
2026-07-22T11:38:28Z;-2538;;276
2026-07-22T11:38:29Z;-2059;;755
2026-07-22T11:38:31Z;;2231;172
2026-07-22T11:38:33Z;-2090;;141
2026-07-22T11:38:35Z;-2446;1973;-215
2026-07-22T11:38:37Z;;2432;-14
2026-07-22T11:38:39Z;;2713;267
2026-07-22T11:38:42Z;-2705;;8
2026-07-22T11:39:44Z;-2625;;88
2026-07-22T11:39:47Z;;2686;61
2026-07-22T11:39:50Z;;2773;148
2026-07-22T11:39:53Z;-2733;;40
2026-07-22T11:39:56Z;-2676;;97
2026-07-22T11:39:59Z;;2657;-19
2026-07-22T11:40:02Z;-2708;;-51
2026-07-22T11:40:05Z;;2799;91
2026-07-22T11:40:06Z;-2701;;98
2026-07-22T11:40:07Z;-2703;;96
2026-07-22T11:40:08Z;-2688;;111
2026-07-22T11:40:11Z;-2683;;116
2026-07-22T11:40:14Z;-2699;;100
2026-07-22T11:40:15Z;-2687;;112
2026-07-22T11:40:18Z;-2692;;107
2026-07-22T11:40:19Z;-2693;;106
2026-07-22T11:40:22Z;-2694;;105
2026-07-22T11:40:23Z;-2694;;105
2026-07-22T11:40:32Z;-2692;;107
2026-07-22T11:40:33Z;-2690;;109
2026-07-22T11:40:40Z;-2684;;115
2026-07-22T11:40:42Z;-2700;;99
2026-07-22T11:40:50Z;-2686;;113
2026-07-22T11:40:52Z;-2702;;97
2026-07-22T11:40:53Z;-2695;;104
2026-07-22T11:40:54Z;-2702;;97
2026-07-22T11:41:00Z;-2691;;108
2026-07-22T11:41:02Z;-2710;;89
2026-07-22T11:41:10Z;-2699;;100
2026-07-22T11:41:11Z;-2700;;99
2026-07-22T11:42:00Z;-2696;;103
2026-07-22T11:42:01Z;-2692;;107
2026-07-22T11:42:12Z;-2698;;101
2026-07-22T11:42:13Z;-2714;;85
2026-07-22T11:44:50Z;;3002;288
2026-07-22T11:44:52Z;;2996;282
2026-07-22T11:44:56Z;;3001;287
2026-07-22T11:45:05Z;;3016;302
2026-07-22T11:45:06Z;;2850;136
2026-07-22T11:45:08Z;;2645;-69
2026-07-22T11:45:09Z;-2695;;-50
2026-07-22T11:45:10Z;;2342;-353
2026-07-22T11:45:12Z;-2943;;-601
2026-07-22T11:45:13Z;-2438;;-96
2026-07-22T11:45:15Z;-2801;2454;-459
2026-07-22T11:45:16Z;-2642;;-188
2026-07-22T11:45:17Z;-2355;2869;227
2026-07-22T11:45:18Z;;2499;144
2026-07-22T11:45:20Z;;2308;-47
2026-07-22T11:45:22Z;;2021;-334
2026-07-22T11:45:24Z;-1987;;34
2026-07-22T11:45:25Z;-2148;;-127
2026-07-22T11:45:26Z;;2167;19
2026-07-22T11:45:27Z;;2482;334
2026-07-22T11:45:29Z;;2798;650
2026-07-22T11:45:31Z;;3086;938
2026-07-22T11:45:33Z;;2899;751
2026-07-22T11:45:34Z;-2471;;428
2026-07-22T11:45:35Z;-2752;2440;-31
2026-07-22T11:45:36Z;-2635;;-195
2026-07-22T11:45:38Z;;1567;-1068
2026-07-22T11:45:39Z;;1209;-1426
2026-07-22T11:45:40Z;-2665;;-1456
2026-07-22T11:45:41Z;;1147;-1518
2026-07-22T11:45:42Z;-1352;;-205
2026-07-22T11:46:45Z;;902;-450
2026-07-22T11:46:48Z;-879;;23
2026-07-22T11:46:51Z;;1228;349
2026-07-22T11:46:54Z;-1274;;-46
2026-07-22T11:46:57Z;-1209;;19
2026-07-22T11:46:58Z;-903;;325
2026-07-22T11:47:00Z;;895;-8
2026-07-22T11:47:03Z;;1263;360
2026-07-22T11:47:04Z;;901;-2
2026-07-22T11:47:06Z;-1226;;-325
2026-07-22T11:47:09Z;-1150;;-249
2026-07-22T11:47:10Z;-900;;1
2026-07-22T11:47:12Z;;1145;245
2026-07-22T11:47:14Z;-1108;;37
2026-07-22T11:47:15Z;-1175;;-30
2026-07-22T11:47:17Z;;1611;436
2026-07-22T11:47:18Z;;1177;2
2026-07-22T11:47:20Z;-1585;;-408
2026-07-22T11:47:21Z;-916;1867;282
2026-07-22T11:47:27Z;-1777;;90
2026-07-22T11:47:28Z;;1759;-18
2026-07-22T11:47:30Z;-1424;;335
2026-07-22T11:47:31Z;;1441;17
2026-07-22T11:47:44Z;;1592;168
2026-07-22T11:47:46Z;;1832;408
2026-07-22T11:47:47Z;-1566;;266
2026-07-22T11:47:48Z;-1814;;18
2026-07-22T11:47:50Z;;2141;327
2026-07-22T11:47:52Z;-2108;2482;668
2026-07-22T11:47:53Z;-2598;;-116
2026-07-22T11:47:54Z;-2801;;-319
2026-07-22T11:47:55Z;;2886;85
2026-07-22T11:47:58Z;-2670;;216
2026-07-22T11:48:02Z;;2619;-51
2026-07-22T11:48:05Z;-2479;;140
2026-07-22T11:48:06Z;-2477;;142
2026-07-22T11:48:08Z;-2293;;326
2026-07-22T11:48:09Z;;2188;-105
2026-07-22T11:48:11Z;;1929;-364
2026-07-22T11:48:13Z;-1794;1701;-592
2026-07-22T11:48:14Z;-1489;;212
2026-07-22T11:48:15Z;-1282;;419
2026-07-22T11:48:17Z;;1454;172
2026-07-22T11:48:19Z;;1154;-128
2026-07-22T11:48:21Z;;879;-403
2026-07-22T11:48:22Z;-870;;9
2026-07-22T11:49:30Z;;965;95
2026-07-22T11:49:32Z;;1263;393
2026-07-22T11:49:33Z;-950;;313
2026-07-22T11:49:34Z;-1248;;15
2026-07-22T11:49:39Z;-1124;;139
2026-07-22T11:49:40Z;;1110;-14
2026-07-22T11:49:44Z;;1433;309
2026-07-22T11:49:46Z;;1779;655
2026-07-22T11:49:47Z;-1473;2028;306
2026-07-22T11:49:49Z;;2161;688
2026-07-22T11:49:51Z;;2542;1069
2026-07-22T11:49:53Z;;2752;1279
2026-07-22T11:49:55Z;;3036;1563
2026-07-22T11:49:56Z;-1802;;1234
2026-07-22T11:49:58Z;-2124;;912
2026-07-22T11:49:59Z;-2510;;526
2026-07-22T11:50:00Z;-2699;;337
2026-07-22T11:50:17Z;;2998;299
2026-07-22T11:50:19Z;;3006;307
2026-07-22T11:50:21Z;;2994;295
2026-07-22T11:50:47Z;;3000;301
2026-07-22T11:51:28Z;;2993;294
2026-07-22T11:51:30Z;;3007;308
2026-07-22T11:51:38Z;;2980;281
2026-07-22T11:51:44Z;;3007;308
2026-07-22T11:51:46Z;;2997;298
2026-07-22T11:51:54Z;;3004;305
2026-07-22T11:51:56Z;;2992;293
2026-07-22T11:54:28Z;;3001;302
2026-07-22T11:54:30Z;;2988;289
2026-07-22T11:54:32Z;;3007;308
2026-07-22T11:54:34Z;-2634;;373
2026-07-22T11:54:35Z;-1849;;1158
2026-07-22T11:54:39Z;-1082;;1925
2026-07-22T11:54:41Z;-1374;;1633
2026-07-22T11:54:43Z;-2034;;973
2026-07-22T11:54:45Z;-2713;;294
2026-07-22T11:55:19Z;-2537;;470
2026-07-22T11:55:20Z;-2408;;599
2026-07-22T11:55:23Z;-2390;;617
2026-07-22T11:55:26Z;-2823;;184
2026-07-22T11:55:45Z;-2487;;520
2026-07-22T11:55:46Z;-2011;;996
2026-07-22T11:55:50Z;-2198;;809
2026-07-22T11:55:53Z;-2053;;954
2026-07-22T11:55:55Z;-1751;;1256
2026-07-22T11:55:57Z;-1337;;1670
2026-07-22T11:55:59Z;-878;;2129
2026-07-22T11:56:11Z;-827;;2180
2026-07-22T11:56:14Z;-1324;;1683
2026-07-22T11:56:19Z;-1817;;1190
2026-07-22T11:56:21Z;-2484;;523
2026-07-22T11:56:29Z;-2855;;152
2026-07-22T11:56:44Z;-2685;;322
2026-07-22T11:56:46Z;-2232;;775
2026-07-22T11:56:49Z;-2421;;586
2026-07-22T11:56:50Z;-2102;;905
2026-07-22T11:56:52Z;-1265;;1742
2026-07-22T11:56:55Z;-1825;;1182
2026-07-22T11:56:57Z;-2448;;559
2026-07-22T11:56:58Z;-2342;;665
2026-07-22T11:57:02Z;-2637;;370
2026-07-22T11:57:03Z;-2716;;291
2026-07-22T11:57:15Z;-2328;;679
2026-07-22T11:57:16Z;-1823;;1184
2026-07-22T11:57:17Z;-1326;;1681
2026-07-22T11:57:19Z;-1090;;1917
2026-07-22T11:57:20Z;-1512;;1495
2026-07-22T11:57:22Z;-1868;;1139
2026-07-22T11:57:24Z;-2253;;754
2026-07-22T11:57:26Z;-2431;;576
2026-07-22T11:57:32Z;-2765;;242
2026-07-22T11:57:34Z;-2650;;357
2026-07-22T11:57:36Z;-2732;;275
2026-07-22T11:57:47Z;-2707;;300
2026-07-22T11:57:49Z;-2325;;682
2026-07-22T11:57:56Z;-2146;;861
2026-07-22T11:58:02Z;-1788;;1219
2026-07-22T11:58:03Z;-1916;;1091
2026-07-22T11:58:04Z;-2132;;875
2026-07-22T11:58:06Z;-2452;;555
2026-07-22T11:58:07Z;-2733;;274
2026-07-22T11:58:08Z;-2643;;364
2026-07-22T11:58:09Z;-2297;;710
2026-07-22T11:58:10Z;-1935;;1072
2026-07-22T11:58:12Z;-1799;;1208
2026-07-22T11:58:16Z;-1329;;1678
2026-07-22T11:58:17Z;-1070;;1937
2026-07-22T11:58:20Z;-1447;;1560
2026-07-22T11:58:21Z;-1659;;1348
2026-07-22T11:58:22Z;-1807;;1200
2026-07-22T11:58:26Z;-1795;;1212
2026-07-22T11:58:32Z;-1556;;1451
2026-07-22T11:58:34Z;-1453;;1554
2026-07-22T11:58:40Z;-1544;;1463
2026-07-22T11:58:43Z;-1200;;1807
2026-07-22T11:58:46Z;-1167;;1840
2026-07-22T11:58:49Z;-1592;;1415
2026-07-22T11:58:51Z;-1995;;1012
2026-07-22T11:58:53Z;-2479;;528
2026-07-22T11:58:56Z;-2251;;756
2026-07-22T11:58:57Z;-2005;;1002
2026-07-22T11:58:59Z;-1431;;1576
2026-07-22T11:59:00Z;-1224;;1783
2026-07-22T11:59:02Z;-1174;;1833
2026-07-22T11:59:03Z;-1314;;1693
2026-07-22T11:59:05Z;-1776;;1231
2026-07-22T11:59:07Z;-2190;;817
2026-07-22T11:59:08Z;-2295;;712
2026-07-22T11:59:15Z;-2700;;307
2026-07-22T11:59:19Z;-2639;;368
2026-07-22T11:59:21Z;-2151;;856
2026-07-22T11:59:22Z;-1957;;1050
2026-07-22T11:59:24Z;-1741;;1266
2026-07-22T11:59:26Z;-1180;;1827
2026-07-22T11:59:28Z;-841;;2166
2026-07-22T11:59:33Z;-966;;2041
2026-07-22T11:59:36Z;-1285;;1722
2026-07-22T11:59:37Z;-1509;;1498
2026-07-22T11:59:56Z;-1491;;1516
2026-07-22T11:59:58Z;-1231;;1776
2026-07-22T11:59:59Z;-1276;;1731
2026-07-22T12:00:00Z;-1214;;1793
2026-07-22T12:00:03Z;-1532;;1475
2026-07-22T12:00:04Z;;1521;-11
2026-07-22T12:00:07Z;;1257;-275
2026-07-22T12:00:08Z;-1893;2473;580
2026-07-22T12:00:09Z;-2166;;307
2026-07-22T12:00:10Z;;2626;460
2026-07-22T12:00:12Z;;1034;-1132
2026-07-22T12:00:14Z;;1278;-888
2026-07-22T12:00:15Z;;1099;-1067
2026-07-22T12:00:16Z;-1714;;-615
2026-07-22T12:00:17Z;-2182;;-1083
2026-07-22T12:00:18Z;-1932;;-833
2026-07-22T12:00:19Z;-1420;;-321
2026-07-22T12:00:20Z;;1515;95
2026-07-22T12:00:22Z;;1845;425
2026-07-22T12:00:24Z;;2109;689
2026-07-22T12:00:26Z;;2057;637
2026-07-22T12:00:27Z;;1707;287
2026-07-22T12:00:29Z;;1415;-5
2026-07-22T12:00:31Z;;1585;165
2026-07-22T12:00:33Z;-1893;1875;455
2026-07-22T12:00:35Z;;2187;294
2026-07-22T12:00:36Z;;2462;569
2026-07-22T12:00:38Z;;2833;940
2026-07-22T12:00:40Z;;3040;1147
2026-07-22T12:00:43Z;-2187;;853
2026-07-22T12:00:44Z;-2420;;620
2026-07-22T12:00:45Z;-2758;;282
2026-07-22T12:01:21Z;;2998;240
2026-07-22T12:03:37Z;-2697;;301
2026-07-22T12:03:38Z;-2705;;293
2026-07-22T12:03:58Z;-2697;;301
2026-07-22T12:04:00Z;-2706;;292
2026-07-22T12:04:04Z;-2695;;303
2026-07-22T12:04:42Z;-2703;;295
2026-07-22T12:04:44Z;-2693;;305
2026-07-22T12:04:46Z;-2704;;294
2026-07-22T12:04:48Z;-2693;;305
2026-07-22T12:04:56Z;-2710;;288
2026-07-22T12:05:00Z;-2684;;314
2026-07-22T12:05:02Z;-2703;;295
2026-07-22T12:05:04Z;-2695;;303
2026-07-22T12:05:05Z;-2706;;292
2026-07-22T12:05:12Z;-2690;;308
2026-07-22T12:05:13Z;-2708;;290
2026-07-22T12:05:20Z;-2689;;309
2026-07-22T12:05:22Z;-2708;;290
2026-07-22T12:05:30Z;-2690;;308
2026-07-22T12:05:32Z;-2709;;289
2026-07-22T12:05:40Z;-2694;;304
2026-07-22T12:05:42Z;-2711;;287
2026-07-22T12:05:50Z;-2694;;304
2026-07-22T12:05:51Z;-2693;;305
2026-07-22T12:07:20Z;-2689;;309
2026-07-22T12:07:23Z;-2707;;291
2026-07-22T12:07:26Z;-2702;;296
2026-07-22T12:07:29Z;-2526;;472
2026-07-22T12:15:05Z;;2770;244
2026-07-22T12:15:09Z;-2518;;252
2026-07-22T12:18:08Z;;2696;178
2026-07-22T12:18:10Z;;2712;194
2026-07-22T12:18:18Z;;2690;172
2026-07-22T12:18:23Z;;2704;186
2026-07-22T12:18:28Z;;2686;168
2026-07-22T12:18:30Z;;2703;185
2026-07-22T12:18:39Z;;2682;164
2026-07-22T12:19:39Z;;2698;180
2026-07-22T12:19:42Z;;2705;187
2026-07-22T12:19:44Z;;2701;183
2026-07-22T12:19:45Z;;2696;178
2026-07-22T12:19:46Z;;2699;181
2026-07-22T12:19:47Z;;2705;187
2026-07-22T12:19:48Z;;2710;192
2026-07-22T12:19:50Z;;2693;175
2026-07-22T12:19:53Z;;2703;185
2026-07-22T12:19:56Z;;2693;175
2026-07-22T12:19:58Z;;2706;188
2026-07-22T12:19:59Z;;2700;182
2026-07-22T12:20:00Z;;2699;181
2026-07-22T12:20:02Z;;2696;178
2026-07-22T12:20:05Z;;2697;179
2026-07-22T12:20:08Z;;2703;185
2026-07-22T12:20:10Z;;2685;167
2026-07-22T12:20:14Z;;2700;182
2026-07-22T12:20:16Z;;2693;175
2026-07-22T12:20:24Z;;2700;182
2026-07-22T12:20:26Z;;2694;176
2026-07-22T12:23:30Z;;2701;183
2026-07-22T12:23:32Z;;2692;174
2026-07-22T12:23:54Z;;2700;182
2026-07-22T12:23:56Z;;2691;173
2026-07-22T12:23:58Z;;2706;188
2026-07-22T12:24:00Z;;2696;178
2026-07-22T12:24:02Z;;2710;192
2026-07-22T12:24:04Z;;2698;180
2026-07-22T12:24:12Z;;2707;189
2026-07-22T12:24:14Z;;2692;174
2026-07-22T12:24:18Z;;2700;182
2026-07-22T12:24:26Z;;2685;167
2026-07-22T12:24:28Z;;2705;187
2026-07-22T12:24:30Z;;2697;179
2026-07-22T12:24:32Z;;2703;185
2026-07-22T12:24:36Z;;2687;169
2026-07-22T12:24:38Z;;2707;189
2026-07-22T12:24:46Z;;2691;173
2026-07-22T12:24:48Z;;2708;190
2026-07-22T12:24:56Z;;2697;179
2026-07-22T12:25:00Z;;2703;185
2026-07-22T12:29:07Z;-2543;;160
2026-07-22T12:29:08Z;;2633;90
2026-07-22T12:29:10Z;-2237;;396
2026-07-22T12:29:11Z;;2340;103
2026-07-22T12:29:15Z;-2124;;216
2026-07-22T12:29:16Z;;2403;279
2026-07-22T12:29:18Z;;2241;117
2026-07-22T12:29:20Z;-2195;1947;-177
2026-07-22T12:29:21Z;-1683;;264
2026-07-22T12:29:23Z;-1312;;635
2026-07-22T12:29:24Z;;1365;53
2026-07-22T12:29:26Z;-929;1365;53
2026-07-22T12:29:28Z;;1125;196
2026-07-22T12:29:30Z;;860;-69
2026-07-22T12:29:32Z;-606;;254
2026-07-22T12:30:05Z;;649;43
2026-07-22T12:30:11Z;-481;;168
2026-07-22T12:30:29Z;;599;118
2026-07-22T12:32:07Z;;604;123
2026-07-22T12:32:12Z;-606;;-2
2026-07-22T12:32:26Z;;1006;400
2026-07-22T12:32:28Z;;1259;653
2026-07-22T12:32:30Z;;1598;992
2026-07-22T12:32:31Z;;1496;890
2026-07-22T12:32:32Z;-1039;;457
2026-07-22T12:32:35Z;;929;-110
2026-07-22T12:32:37Z;;854;-185
2026-07-22T12:32:39Z;;975;-64
2026-07-22T12:32:40Z;;1803;764
2026-07-22T12:32:41Z;-1271;;532
2026-07-22T12:32:42Z;-1536;;267
2026-07-22T12:33:40Z;;2558;1022
2026-07-22T12:33:43Z;-1086;;1472
2026-07-22T12:33:45Z;-2711;;-153
2026-07-22T12:33:46Z;-825;;1733
2026-07-22T12:33:48Z;-2708;;-150
2026-07-22T12:33:49Z;-983;;1575
2026-07-22T12:33:52Z;;2769;1786
2026-07-22T12:33:55Z;-1378;;1391
2026-07-22T12:33:56Z;-2685;;84
2026-07-22T12:33:58Z;-2285;;484
2026-07-22T12:34:00Z;-2699;;70
2026-07-22T12:34:01Z;-2707;;62
2026-07-22T12:34:04Z;-2695;2424;-283
2026-07-22T12:34:07Z;-2795;;-371
2026-07-22T12:34:10Z;-2176;;248
2026-07-22T12:34:13Z;-2699;1830;-346
2026-07-22T12:34:16Z;;1532;-1167
2026-07-22T12:34:19Z;-1529;;3
2026-07-22T12:34:22Z;-1401;;131
2026-07-22T12:34:25Z;-1093;;439
2026-07-22T12:34:28Z;-960;;572
2026-07-22T12:34:31Z;-762;;770
2026-07-22T12:34:34Z;;1334;572
2026-07-22T12:34:37Z;;1178;416
2026-07-22T12:34:40Z;;794;32
2026-07-22T12:34:43Z;-1645;;-851
2026-07-22T12:34:46Z;-2654;;-1860
2026-07-22T12:34:47Z;;2658;4
2026-07-22T12:34:48Z;-2282;;376
2026-07-22T12:34:49Z;-2730;2132;-72
2026-07-22T12:34:50Z;-1634;;498
2026-07-22T12:34:52Z;-2664;;-532
2026-07-22T12:34:54Z;-2411;1798;-866
2026-07-22T12:34:55Z;;1004;-1407
2026-07-22T12:34:56Z;;1483;-928
2026-07-22T12:34:57Z;;1886;-525
2026-07-22T12:34:58Z;;1515;-896
2026-07-22T12:34:59Z;;2422;11
2026-07-22T12:35:01Z;;2760;349
2026-07-22T12:35:04Z;;2699;288
2026-07-22T12:35:07Z;;2776;365
2026-07-22T12:35:10Z;-2711;;65
2026-07-22T12:35:13Z;-2709;;67
2026-07-22T12:35:52Z;;2696;-13
2026-07-22T12:35:54Z;;2717;8
2026-07-22T12:36:02Z;;2697;-12
2026-07-22T12:36:04Z;;2717;8
2026-07-22T12:36:23Z;;2699;-10
2026-07-22T12:36:25Z;;2719;10
2026-07-22T12:36:32Z;;2692;-17
2026-07-22T12:36:34Z;;2714;5
2026-07-22T12:36:42Z;;2690;-19
2026-07-22T12:36:44Z;;2712;3
2026-07-22T12:36:52Z;;2689;-20
2026-07-22T12:36:54Z;;2709;0
2026-07-22T12:37:20Z;;2694;-15
2026-07-22T12:37:22Z;;2716;7
2026-07-22T12:37:33Z;;2699;-10
2026-07-22T12:37:35Z;;2723;14
2026-07-22T12:37:57Z;;2691;-18
2026-07-22T12:37:59Z;;2705;-4
2026-07-22T12:38:28Z;;2699;-10
2026-07-22T12:38:30Z;;2701;-8
2026-07-22T12:38:39Z;;2699;-10
2026-07-22T12:38:41Z;;2720;11
2026-07-22T12:38:56Z;;2686;-23
2026-07-22T12:38:58Z;;2711;2
2026-07-22T12:39:20Z;;2697;-12
2026-07-22T12:39:22Z;;2709;0
2026-07-22T12:39:30Z;;2687;-22
2026-07-22T12:39:33Z;;2701;-8
2026-07-22T12:39:39Z;;2691;-18
2026-07-22T12:40:38Z;-2381;;310
2026-07-22T12:40:41Z;;2381;0
2026-07-22T12:40:44Z;-2242;;139
2026-07-22T12:40:47Z;-1607;;774
2026-07-22T12:40:50Z;-1344;;1037
2026-07-22T12:40:52Z;;1795;451
2026-07-22T12:40:55Z;;1482;138
2026-07-22T12:40:57Z;;2702;1358
2026-07-22T12:40:58Z;;1664;320
2026-07-22T12:40:59Z;;2693;1349
2026-07-22T12:41:01Z;;2103;759
2026-07-22T12:41:04Z;-1726;;377
2026-07-22T12:41:07Z;-2116;2705;979
2026-07-22T12:41:09Z;;2694;578
2026-07-22T12:41:10Z;-2479;;215
2026-07-22T12:41:13Z;;2409;-70
2026-07-22T12:41:16Z;;2701;222
2026-07-22T12:41:17Z;;2709;230
2026-07-22T12:41:19Z;;2698;219
2026-07-22T12:41:21Z;;2711;232
2026-07-22T12:41:25Z;;2685;206
2026-07-22T12:41:27Z;;2700;221
2026-07-22T12:41:29Z;;2699;220
2026-07-22T12:41:31Z;;2711;232
2026-07-22T12:41:33Z;;2699;220
2026-07-22T12:41:37Z;;2700;221
2026-07-22T12:41:45Z;;2686;207
2026-07-22T12:41:47Z;;2704;225
2026-07-22T12:41:55Z;;2688;209
2026-07-22T12:41:57Z;;2705;226
2026-07-22T12:42:08Z;;2697;218
2026-07-22T12:42:13Z;-2335;;362
2026-07-22T12:42:14Z;;2329;-6
2026-07-22T12:42:17Z;;2477;142
2026-07-22T12:42:19Z;;2397;62
2026-07-22T12:42:22Z;;2561;226
2026-07-22T12:42:25Z;-2512;;49
2026-07-22T12:42:29Z;;2702;190
2026-07-22T12:42:36Z;;2698;186
2026-07-22T12:42:38Z;;2710;198
2026-07-22T12:42:41Z;;2699;187
2026-07-22T12:42:45Z;;2700;188
2026-07-22T12:42:58Z;;2697;185
2026-07-22T12:43:00Z;;2720;208
2026-07-22T12:44:34Z;;2624;112
2026-07-22T12:44:36Z;;2369;-143
2026-07-22T12:44:39Z;;2447;-65
2026-07-22T12:44:40Z;-2461;;-14
2026-07-22T12:44:45Z;;2397;-64
2026-07-22T12:44:49Z;-2089;;308
2026-07-22T12:44:50Z;-2079;;318
2026-07-22T12:44:55Z;;2404;325
2026-07-22T12:44:57Z;;2379;300
2026-07-22T12:44:59Z;-2040;1746;-333
2026-07-22T12:45:00Z;-1485;;261
2026-07-22T12:45:01Z;-958;;788
2026-07-22T12:45:02Z;-1222;;524
2026-07-22T12:45:04Z;-1770;;-24
2026-07-22T12:45:05Z;;1212;-558
2026-07-22T12:45:06Z;-2289;;-1077
2026-07-22T12:45:08Z;;990;-1299
2026-07-22T12:45:09Z;-1770;;-780
2026-07-22T12:45:11Z;-2351;1535;-235
2026-07-22T12:45:14Z;-2061;;-526
2026-07-22T12:45:15Z;;2027;-34
2026-07-22T12:45:17Z;;2303;242
2026-07-22T12:45:19Z;-2333;2508;447
2026-07-22T12:45:23Z;;2366;33
2026-07-22T12:45:25Z;;1954;-379
2026-07-22T12:45:26Z;-2433;;-479
2026-07-22T12:45:27Z;;2344;-89
2026-07-22T12:45:28Z;;2551;118
2026-07-22T12:45:30Z;-2364;;187
2026-07-22T12:45:32Z;-2302;;249
2026-07-22T12:45:33Z;;2251;-51
2026-07-22T12:45:36Z;;1980;-322
2026-07-22T12:45:38Z;;1518;-784
2026-07-22T12:45:39Z;-1741;;-223
2026-07-22T12:45:40Z;-1198;;320
2026-07-22T12:45:41Z;-1177;;341
2026-07-22T12:45:43Z;;1284;107
2026-07-22T12:45:44Z;-1231;1167;-10
2026-07-22T12:45:46Z;;1339;108
2026-07-22T12:45:47Z;;1164;-67
2026-07-22T12:45:49Z;;1238;7
2026-07-22T12:45:51Z;-1222;1975;744
2026-07-22T12:45:52Z;-2101;;-126
2026-07-22T12:45:53Z;;2523;422
2026-07-22T12:48:09Z;-2324;;199
2026-07-22T12:48:10Z;;1880;-444
2026-07-22T12:48:12Z;;2106;-218
2026-07-22T12:48:13Z;-1877;;229
2026-07-22T12:48:14Z;-2213;;-107
2026-07-22T12:48:15Z;-1910;;196
2026-07-22T12:48:17Z;-1691;;415
2026-07-22T12:48:18Z;-1313;2053;793
2026-07-22T12:48:20Z;;1510;197
2026-07-22T12:48:22Z;-1002;;508
2026-07-22T12:48:24Z;;1130;128
2026-07-22T12:48:26Z;;874;-128
2026-07-22T12:48:27Z;-863;;11
2026-07-22T12:48:29Z;-1414;1044;181
2026-07-22T12:48:31Z;;1350;-64
2026-07-22T12:48:32Z;-1646;;-296
2026-07-22T12:48:34Z;-2115;;-765
2026-07-22T12:48:35Z;;1667;-448
2026-07-22T12:48:36Z;;1832;-283
2026-07-22T12:48:38Z;;2108;-7
2026-07-22T12:48:40Z;;1748;-367
2026-07-22T12:48:41Z;-2213;;-465
2026-07-22T12:48:42Z;-1627;1990;-223
2026-07-22T12:48:46Z;-1793;2231;604
2026-07-22T12:48:47Z;-2057;;174
2026-07-22T12:48:49Z;;2420;363
2026-07-22T12:48:50Z;-2535;;-115
2026-07-22T12:48:57Z;-2358;;62
2026-07-22T12:48:59Z;-2461;;-41
2026-07-22T12:55:44Z;-2379;;41
2026-07-22T12:55:47Z;;2359;-20
2026-07-22T12:55:49Z;;2435;56
2026-07-22T12:55:52Z;-2440;;-5
2026-07-22T12:55:55Z;-2380;;55
2026-07-22T12:55:56Z;-2425;;10
2026-07-22T12:55:59Z;-2376;;59
2026-07-22T12:56:01Z;-2028;2313;-63
2026-07-22T12:56:03Z;;2085;57
2026-07-22T12:56:05Z;-1588;1460;-568
2026-07-22T12:56:06Z;-1370;;90
2026-07-22T12:56:08Z;;1502;132
2026-07-22T12:56:10Z;;1805;435
2026-07-22T12:56:13Z;-1832;;-27
2026-07-22T12:56:14Z;;1603;-229
2026-07-22T12:56:16Z;;1470;-362
2026-07-22T12:56:17Z;-1815;;-345
2026-07-22T12:56:18Z;-1673;;-203
2026-07-22T12:56:20Z;;1579;-94
2026-07-22T12:56:22Z;;1417;-256
2026-07-22T12:56:23Z;;1564;-109
2026-07-22T12:56:25Z;-1420;1818;144
2026-07-22T12:56:26Z;-1477;;341
2026-07-22T12:56:27Z;-1385;;433
2026-07-22T12:56:29Z;;1746;361
2026-07-22T12:56:31Z;-1566;1376;-9
2026-07-22T12:56:32Z;-957;;419
2026-07-22T12:56:33Z;;1086;129
2026-07-22T12:56:35Z;;865;-92
2026-07-22T12:56:37Z;;557;-400
2026-07-22T12:56:39Z;-616;;-59
2026-07-22T12:56:49Z;-591;617;1
2026-07-22T12:56:53Z;-584;;33
2026-07-22T12:56:54Z;;583;-1
2026-07-22T12:57:01Z;;603;19
2026-07-22T12:57:02Z;-579;;24
2026-07-22T12:57:04Z;-819;;-216
2026-07-22T12:57:05Z;;958;139
2026-07-22T12:57:06Z;-1190;;-232
2026-07-22T12:57:07Z;;1432;242
2026-07-22T12:57:08Z;-1685;;-253
2026-07-22T12:57:10Z;-1805;1688;3
2026-07-22T12:57:11Z;;1836;31
2026-07-22T12:57:12Z;-1891;;-55
2026-07-22T12:57:15Z;-2474;2341;450
2026-07-22T12:57:18Z;;2536;62
2026-07-22T12:57:20Z;-2390;;146
2026-07-22T12:57:21Z;-2461;;75
2026-07-22T12:57:25Z;;2704;243
2026-07-22T12:57:27Z;;2690;229
2026-07-22T12:57:28Z;;2705;244
2026-07-22T12:57:30Z;;2688;227
2026-07-22T12:57:32Z;;2706;245
2026-07-22T12:57:34Z;;2686;225
2026-07-22T12:57:36Z;;2705;244
2026-07-22T12:57:37Z;;2699;238
2026-07-22T12:57:39Z;;2700;239
2026-07-22T12:57:41Z;;2696;235
2026-07-22T12:59:36Z;;2702;241
2026-07-22T12:59:38Z;;2693;232
2026-07-22T13:00:05Z;;2677;216
2026-07-22T13:00:09Z;-2584;;93
2026-07-22T13:00:17Z;-2333;;344
2026-07-22T13:00:19Z;-1271;2184;-149
2026-07-22T13:00:20Z;;1566;295
2026-07-22T13:00:22Z;;1063;-208
2026-07-22T13:00:24Z;-1153;832;-439
2026-07-22T13:00:25Z;-1353;;-521
2026-07-22T13:00:26Z;-1476;;-644
2026-07-22T13:00:28Z;-2284;;-1452
2026-07-22T13:00:29Z;-2487;;-1655
2026-07-22T13:01:37Z;-1900;;-1068
2026-07-22T13:01:40Z;-1429;;-597
2026-07-22T13:01:43Z;-1451;;-619
2026-07-22T13:01:46Z;-1784;;-952
2026-07-22T13:01:49Z;-2006;;-1174
2026-07-22T13:01:52Z;-2462;;-1630
2026-07-22T13:01:55Z;-2334;;-1502
2026-07-22T13:01:58Z;-2430;;-1598
2026-07-22T13:02:45Z;-2310;;-1478
2026-07-22T13:02:46Z;;2326;16
2026-07-22T13:02:49Z;-2149;;177
2026-07-22T13:02:51Z;;2055;-94
2026-07-22T13:02:53Z;-1707;;348
2026-07-22T13:02:54Z;;1686;-21
2026-07-22T13:02:57Z;;1845;138
2026-07-22T13:02:59Z;;1719;12
2026-07-22T13:03:04Z;-1546;;173
2026-07-22T13:03:06Z;-1154;1326;-220
2026-07-22T13:03:08Z;;1072;-82
2026-07-22T13:03:09Z;-817;;255
2026-07-22T13:03:10Z;;807;-10
2026-07-22T13:03:20Z;-1069;996;179
2026-07-22T13:03:23Z;-1452;;-456
2026-07-22T13:03:24Z;;1300;-152
2026-07-22T13:03:25Z;-2364;;-1064
2026-07-22T13:03:26Z;;1669;-695
2026-07-22T13:03:28Z;;2263;-101
2026-07-22T13:03:30Z;;2645;281
2026-07-22T13:03:31Z;;2721;357
2026-07-22T13:03:33Z;;2693;329
2026-07-22T13:03:35Z;;2710;346
2026-07-22T13:03:37Z;;2691;327
2026-07-22T13:04:03Z;-2229;;462
2026-07-22T13:04:04Z;;2252;23
2026-07-22T13:04:08Z;;2480;251
2026-07-22T13:04:09Z;-1870;;610
2026-07-22T13:04:10Z;-1432;;1048
2026-07-22T13:04:11Z;;2141;709
2026-07-22T13:04:12Z;;1648;216
2026-07-22T13:04:14Z;;1331;-101
2026-07-22T13:04:16Z;;1548;116
2026-07-22T13:04:18Z;;1446;14
2026-07-22T13:04:19Z;-1084;;362
2026-07-22T13:04:20Z;;999;-85
2026-07-22T13:04:21Z;-645;;354
2026-07-22T13:04:22Z;;818;173
2026-07-22T13:04:24Z;;588;-57
2026-07-22T13:04:26Z;;637;-8
2026-07-22T13:04:28Z;;575;-70
2026-07-22T13:05:48Z;-544;;31
2026-07-22T13:05:49Z;-689;656;112
2026-07-22T13:05:50Z;-1008;;-352
2026-07-22T13:05:51Z;;922;-86
2026-07-22T13:05:52Z;-1643;;-721
2026-07-22T13:05:53Z;;1356;-287
2026-07-22T13:05:54Z;-1494;;-138
2026-07-22T13:05:55Z;;1659;165
2026-07-22T13:05:56Z;;1338;-156
2026-07-22T13:05:58Z;;735;-759
2026-07-22T13:06:01Z;-1117;;-382
2026-07-22T13:06:02Z;-602;;133
2026-07-22T13:06:03Z;-580;;155
2026-07-22T13:06:05Z;-1207;1042;462
2026-07-22T13:06:07Z;-2227;1673;466
2026-07-22T13:06:08Z;-2354;;-681
2026-07-22T13:06:11Z;;2199;-155
2026-07-22T13:06:13Z;;2412;58
2026-07-22T13:06:17Z;;2722;368
2026-07-22T13:06:20Z;;2693;339
2026-07-22T13:06:23Z;;2307;-47
2026-07-22T13:06:25Z;-1995;1674;-680
2026-07-22T13:06:26Z;-1334;;340
2026-07-22T13:06:27Z;;1042;-292
2026-07-22T13:06:28Z;;834;-500
2026-07-22T13:06:30Z;-631;;203
2026-07-22T13:06:31Z;;583;-48
2026-07-22T13:06:53Z;-622;625;-6
2026-07-22T13:06:55Z;;1110;488
2026-07-22T13:06:56Z;;1482;860
2026-07-22T13:06:57Z;-1200;;282
2026-07-22T13:06:58Z;-1535;;-53
2026-07-22T13:07:00Z;-1908;;-426
2026-07-22T13:07:01Z;-2196;1725;-714
2026-07-22T13:07:03Z;;1898;-298
2026-07-22T13:07:05Z;-2432;;-534
2026-07-22T13:07:06Z;-2216;;-318
2026-07-22T13:07:08Z;-2006;2152;-108
2026-07-22T13:07:09Z;-1446;2447;441
2026-07-22T13:07:11Z;;2389;943
2026-07-22T13:07:12Z;;1906;460
2026-07-22T13:07:14Z;-927;;979
2026-07-22T13:07:15Z;-733;;1173
2026-07-22T13:07:16Z;-875;;1031
2026-07-22T13:07:17Z;-1726;;180
2026-07-22T13:07:21Z;-2014;;-108
2026-07-22T13:07:23Z;-2351;;-445
2026-07-22T13:09:54Z;-2435;;-529
2026-07-22T13:09:56Z;;2353;-82
2026-07-22T13:09:57Z;-2124;;229
2026-07-22T13:09:59Z;-1607;1870;-254
2026-07-22T13:10:01Z;-770;1343;1100
2026-07-22T13:10:03Z;-624;933;719
2026-07-22T13:10:05Z;;709;85
2026-07-22T13:10:07Z;;582;-42
2026-07-22T13:10:14Z;-635;625;1
2026-07-22T13:10:16Z;;1102;467
2026-07-22T13:10:18Z;-839;1543;908
2026-07-22T13:10:19Z;;1994;1155
2026-07-22T13:10:21Z;;2172;1333
2026-07-22T13:10:22Z;-1208;;964
2026-07-22T13:10:23Z;-2011;;161
2026-07-22T13:10:25Z;-2370;2414;-198
2026-07-22T13:10:55Z;-2395;;19
2026-07-22T13:10:57Z;-2406;;8
2026-07-22T13:10:59Z;-2354;;60
2026-07-22T13:11:00Z;-2404;;10
2026-07-22T13:11:11Z;-2388;;26
2026-07-22T13:11:12Z;-2404;;10
2026-07-22T13:11:19Z;-2392;;22
2026-07-22T13:11:21Z;-2406;;8
2026-07-22T13:11:28Z;-2403;;11
2026-07-22T13:11:34Z;-2398;;16
2026-07-22T13:11:37Z;-2397;;17
2026-07-22T13:11:58Z;-2396;;18
2026-07-22T13:12:01Z;-2393;;21
2026-07-22T13:12:09Z;-2400;;14
2026-07-22T13:12:11Z;-2390;;24
2026-07-22T13:12:46Z;-2401;;13
2026-07-22T13:12:47Z;-2388;;26
2026-07-22T13:12:48Z;-2405;;9
2026-07-22T13:12:49Z;-2406;;8
2026-07-22T13:12:51Z;-2408;;6
2026-07-22T13:12:57Z;-2393;;21
2026-07-22T13:12:59Z;-2412;;2
2026-07-22T13:13:00Z;-2405;;9
2026-07-22T13:13:03Z;-2172;2303;-102
2026-07-22T13:13:05Z;;1982;-190
2026-07-22T13:13:07Z;-1821;1769;-403
2026-07-22T13:13:08Z;-1390;;379
2026-07-22T13:13:10Z;-1429;1372;340
2026-07-22T13:13:12Z;;1720;291
2026-07-22T13:13:14Z;;2166;737
2026-07-22T13:13:15Z;-2228;;-62
2026-07-22T13:13:17Z;;2438;210
2026-07-22T13:14:03Z;;2352;124
2026-07-22T13:14:07Z;;2407;179
2026-07-22T13:14:24Z;-2405;;2
2026-07-22T13:14:25Z;-2396;;11
2026-07-22T13:14:26Z;-2407;;0
2026-07-22T13:14:28Z;-2395;;12
2026-07-22T13:16:02Z;-2221;;186
2026-07-22T13:16:04Z;-1368;1329;-892
2026-07-22T13:16:05Z;-1551;;-222
2026-07-22T13:16:07Z;-1970;;-641
2026-07-22T13:16:08Z;;1549;-421
2026-07-22T13:16:10Z;;2225;255
2026-07-22T13:16:11Z;-2248;;-23
2026-07-22T13:16:12Z;-2407;;-182
2026-07-22T13:16:14Z;-2379;2225;-154
2026-07-22T13:16:16Z;;2434;55
2026-07-22T13:16:17Z;-2009;;425
2026-07-22T13:16:18Z;-2462;;-28
2026-07-22T13:16:20Z;;2054;-408
2026-07-22T13:16:23Z;;1788;-674
2026-07-22T13:16:26Z;;1477;-985
2026-07-22T13:16:29Z;;1182;-1280
2026-07-22T13:16:32Z;-1201;;-19
2026-07-22T13:16:35Z;;2188;987
2026-07-22T13:16:38Z;;1867;666
2026-07-22T13:16:41Z;;1560;359
2026-07-22T13:16:44Z;-1645;;-85
2026-07-22T13:16:47Z;-1435;;125
2026-07-22T13:16:50Z;;1445;10
2026-07-22T13:16:53Z;;1000;-435
2026-07-22T13:16:56Z;;789;-646
2026-07-22T13:16:59Z;-1346;;-557
2026-07-22T13:17:02Z;-836;;-47
2026-07-22T13:17:05Z;-587;;202
2026-07-22T13:17:08Z;;574;-13
2026-07-22T13:17:11Z;;603;16
2026-07-22T13:17:14Z;;594;7
2026-07-22T13:17:17Z;;612;25
2026-07-22T13:17:20Z;;598;11
2026-07-22T13:17:23Z;;604;17
2026-07-22T13:17:26Z;-669;;-65
2026-07-22T13:17:29Z;;912;243
2026-07-22T13:17:32Z;-959;;-47
2026-07-22T13:19:16Z;-2394;;-1482
2026-07-22T13:23:02Z;-2173;;-1261
2026-07-22T13:23:05Z;;2317;144
2026-07-22T13:23:07Z;-2118;;199
2026-07-22T13:23:09Z;-2118;;199
2026-07-22T13:23:14Z;-2077;;240
2026-07-22T13:23:17Z;-1876;;441
2026-07-22T13:23:19Z;-1452;1830;-46
2026-07-22T13:23:20Z;-1008;;822
2026-07-22T13:23:23Z;;1374;366
2026-07-22T13:23:25Z;;965;-43
2026-07-22T13:23:27Z;-819;798;-210
2026-07-22T13:23:28Z;-1379;;-581
2026-07-22T13:23:29Z;-1680;909;-470
2026-07-22T13:23:31Z;;1453;-227
2026-07-22T13:23:32Z;;1756;76
2026-07-22T13:23:33Z;-1983;;-227
2026-07-22T13:23:34Z;-2147;;-391
2026-07-22T13:23:36Z;-1981;2085;-62
2026-07-22T13:23:38Z;;2311;330
2026-07-22T13:23:39Z;-1793;;518
2026-07-22T13:23:43Z;;2409;616
2026-07-22T13:23:44Z;;2370;577
2026-07-22T13:23:45Z;-1467;;903
2026-07-22T13:23:47Z;-1039;2044;577
2026-07-22T13:23:48Z;-880;;1164
2026-07-22T13:23:49Z;;1763;883
2026-07-22T13:23:51Z;;1311;431
2026-07-22T13:23:53Z;;1107;227
2026-07-22T13:23:54Z;;863;-17
2026-07-22T13:23:55Z;-572;;291
2026-07-22T13:24:02Z;-561;;302
2026-07-22T13:24:05Z;-839;976;415
2026-07-22T13:24:11Z;;1247;408
2026-07-22T13:24:12Z;-1284;;-37
2026-07-22T13:24:15Z;;1624;340
2026-07-22T13:24:17Z;-1902;;-278
2026-07-22T13:24:18Z;-2069;1937;35
2026-07-22T13:24:19Z;;2173;104
2026-07-22T13:24:24Z;;2415;346
2026-07-22T13:28:11Z;-2148;;267
2026-07-22T13:28:14Z;;2251;103
2026-07-22T13:28:20Z;-2135;;116
2026-07-22T13:28:21Z;;2456;321
2026-07-22T13:28:44Z;;2088;-612
2026-07-22T13:28:46Z;;1328;-807
2026-07-22T13:28:47Z;-1513;;-185
2026-07-22T13:28:48Z;;1179;-334
2026-07-22T13:28:49Z;;1210;-303
2026-07-22T13:28:50Z;-1251;;-41
2026-07-22T13:28:54Z;-964;1198;-53
2026-07-22T13:28:59Z;-645;851;-113
2026-07-22T13:29:16Z;;598;-47
2026-07-22T13:30:01Z;-300;;298
2026-07-22T13:30:05Z;;470;170
2026-07-22T13:30:09Z;-294;;176
2026-07-22T13:30:48Z;-306;;164
2026-07-22T13:30:50Z;-309;;161
2026-07-22T13:30:51Z;-298;;172
2026-07-22T13:31:07Z;;601;303
2026-07-22T13:31:09Z;-633;;-32
2026-07-22T13:31:11Z;;1028;395
2026-07-22T13:31:12Z;-951;;77
2026-07-22T13:31:14Z;;1223;272
2026-07-22T13:31:17Z;-890;1125;174
2026-07-22T13:31:20Z;;864;-26
2026-07-22T13:31:22Z;;927;37
2026-07-22T13:31:24Z;-544;854;-36
2026-07-22T13:31:30Z;-566;;288
2026-07-22T13:31:34Z;-546;;308
2026-07-22T13:31:40Z;;595;49
2026-07-22T13:33:33Z;;609;63
2026-07-22T13:33:43Z;-598;;11
2026-07-22T13:33:46Z;-893;1012;414
2026-07-22T13:33:48Z;-1106;;-94
2026-07-22T13:33:50Z;-1414;;-402
2026-07-22T13:33:52Z;-2100;;-1088
2026-07-22T13:33:53Z;;1249;-851
2026-07-22T13:33:56Z;;1794;-306
2026-07-22T13:33:58Z;;2162;62
2026-07-22T13:34:00Z;;2459;359
2026-07-22T13:34:28Z;;2388;288
2026-07-22T13:34:31Z;;2410;310
2026-07-22T13:37:24Z;-2121;2348;248
2026-07-22T13:37:26Z;-2116;;232
2026-07-22T13:37:33Z;;2418;302
2026-07-22T13:38:13Z;;2387;271
2026-07-22T13:38:15Z;-2114;;273
2026-07-22T13:38:16Z;-2026;;361
2026-07-22T13:38:17Z;;2402;376
2026-07-22T13:38:30Z;;2382;356
2026-07-22T13:38:33Z;;2426;400
2026-07-22T13:38:42Z;;2384;358
2026-07-22T13:38:43Z;-2020;;364
2026-07-22T13:38:46Z;-1784;2040;20
2026-07-22T13:38:48Z;-1282;;758
2026-07-22T13:38:50Z;;1580;298
2026-07-22T13:38:52Z;-1049;1337;55
2026-07-22T13:38:53Z;-819;;518
2026-07-22T13:38:54Z;;1081;262
2026-07-22T13:38:55Z;-540;;541
2026-07-22T13:38:57Z;;890;350
2026-07-22T13:38:59Z;;598;58
2026-07-22T13:39:31Z;;602;62
2026-07-22T13:39:45Z;;572;32
2026-07-22T13:40:49Z;;610;70
2026-07-22T13:40:51Z;-697;;-87
2026-07-22T13:40:52Z;;967;270
2026-07-22T13:40:53Z;-1055;;-88
2026-07-22T13:40:54Z;-1156;;-189
2026-07-22T13:40:56Z;;1292;136
2026-07-22T13:40:57Z;-1715;;-423
2026-07-22T13:40:58Z;-1955;;-663
2026-07-22T13:40:59Z;;1589;-366
2026-07-22T13:41:00Z;-2108;;-519
2026-07-22T13:41:01Z;-2055;;-466
2026-07-22T13:41:02Z;-1878;;-289
2026-07-22T13:41:03Z;-1248;1805;-73
2026-07-22T13:41:04Z;-985;;820
2026-07-22T13:41:07Z;-862;2272;1287
2026-07-22T13:41:08Z;-846;;1426
2026-07-22T13:41:09Z;;1901;1055
2026-07-22T13:41:11Z;;1581;735
2026-07-22T13:41:12Z;-1155;1233;387
2026-07-22T13:41:14Z;-1732;1087;-68
2026-07-22T13:41:16Z;;1298;-434
2026-07-22T13:41:18Z;;1561;-171
2026-07-22T13:41:19Z;;1822;90
2026-07-22T13:41:21Z;-1910;2162;-88
2026-07-22T13:41:23Z;;2092;182
2026-07-22T13:41:25Z;;2120;210
2026-07-22T13:41:27Z;-2109;;11
2026-07-22T13:41:36Z;;2400;291
2026-07-22T13:41:38Z;;2388;279
2026-07-22T13:42:36Z;-2095;;293
2026-07-22T13:43:11Z;;1943;-152
2026-07-22T13:43:12Z;-1863;;80
2026-07-22T13:43:13Z;;1751;-112
2026-07-22T13:43:14Z;;1368;-495
2026-07-22T13:43:16Z;-1472;;-104
2026-07-22T13:43:17Z;-1280;;88
2026-07-22T13:43:18Z;-1173;;195
2026-07-22T13:43:20Z;-1719;;-351
2026-07-22T13:43:22Z;;1798;79
2026-07-22T13:43:24Z;;2056;337
2026-07-22T13:43:26Z;;2209;490
2026-07-22T13:43:27Z;-1622;;587
2026-07-22T13:43:28Z;;2089;467
2026-07-22T13:43:30Z;;1714;92
2026-07-22T13:43:31Z;;1448;-174
2026-07-22T13:43:33Z;;1529;-93
2026-07-22T13:43:35Z;-1273;1480;-142
2026-07-22T13:43:37Z;-1008;;472
2026-07-22T13:43:38Z;;1105;97
2026-07-22T13:43:40Z;;863;-145
2026-07-22T13:43:49Z;;942;-66
2026-07-22T13:43:50Z;-883;;59
2026-07-22T13:43:53Z;-1098;1240;357
2026-07-22T13:43:55Z;-1364;;-124
2026-07-22T13:43:56Z;;1650;286
2026-07-22T13:43:58Z;;1898;534
2026-07-22T13:43:59Z;-1845;;53
2026-07-22T13:44:00Z;;2126;281
2026-07-22T13:44:08Z;-1800;2020;175
2026-07-22T13:44:11Z;-1481;1717;-83
2026-07-22T13:44:15Z;;1484;3
2026-07-22T13:44:16Z;-1218;;266
2026-07-22T13:44:19Z;-1012;;472
2026-07-22T13:44:21Z;;1111;99
2026-07-22T13:44:23Z;;878;-134
2026-07-22T13:44:25Z;-597;;281
2026-07-22T13:44:33Z;;592;-5
2026-07-22T13:44:59Z;;603;6
2026-07-22T13:45:03Z;;596;-1
2026-07-22T13:45:06Z;;608;11
2026-07-22T13:45:09Z;-406;611;14
2026-07-22T13:45:11Z;-552;;59
2026-07-22T13:45:13Z;-783;901;349
2026-07-22T13:45:16Z;;1296;513
2026-07-22T13:45:17Z;-1167;;129
2026-07-22T13:45:18Z;-1419;1559;392
2026-07-22T13:45:20Z;;1866;447
2026-07-22T13:45:22Z;-1871;2153;734
2026-07-22T13:45:26Z;-2086;;67
2026-07-22T13:45:28Z;-2116;;37
2026-07-22T13:45:30Z;-2110;;43
2026-07-22T13:45:38Z;-2092;;61
2026-07-22T13:45:40Z;-2103;;50
2026-07-22T13:55:32Z;-2098;;55
2026-07-22T13:55:34Z;-2105;;48
2026-07-22T13:55:39Z;-2105;;48
2026-07-22T13:56:42Z;;2052;-53
2026-07-22T13:56:44Z;;2104;-1
2026-07-22T13:57:02Z;;2095;-10
2026-07-22T13:57:04Z;;2106;1
2026-07-22T13:57:12Z;;2086;-19
2026-07-22T14:00:05Z;;2040;-65
2026-07-22T14:00:09Z;-1959;;81
2026-07-22T14:15:05Z;;1897;-62
2026-07-22T14:15:09Z;-1828;;69
2026-07-22T14:17:39Z;-1779;;118
2026-07-22T14:17:40Z;-1793;;104
2026-07-22T14:17:42Z;-1807;;90
2026-07-22T14:17:45Z;-1797;;100
2026-07-22T14:17:48Z;-1804;;93
2026-07-22T14:17:50Z;-1793;;104
2026-07-22T14:17:51Z;-1794;;103
2026-07-22T14:17:54Z;-1802;;95
2026-07-22T14:17:58Z;-1800;;97
2026-07-22T14:18:00Z;-1792;;105
2026-07-22T14:18:08Z;-1800;;97
2026-07-22T14:18:09Z;-1799;;98
2026-07-22T14:24:46Z;;1799;0
2026-07-22T14:24:48Z;;1812;13
2026-07-22T14:24:54Z;;1798;-1
2026-07-22T14:24:56Z;;1809;10
2026-07-22T14:25:04Z;;1796;-3
2026-07-22T14:25:06Z;;1809;10
2026-07-22T14:25:40Z;;1798;-1
2026-07-22T14:25:42Z;;1806;7
2026-07-22T14:25:50Z;;1795;-4
2026-07-22T14:25:52Z;;1804;5
2026-07-22T14:25:56Z;;1795;-4
2026-07-22T14:29:25Z;-1667;;128
2026-07-22T14:29:27Z;-1678;;117
2026-07-22T14:30:05Z;;1739;61
2026-07-22T14:30:09Z;-1673;;66
2026-07-22T14:36:11Z;-153;;1586
2026-07-22T14:36:12Z;-1489;;250
2026-07-22T14:38:38Z;-1507;;232
2026-07-22T14:38:39Z;-1493;;246
2026-07-22T14:38:40Z;-1496;;243
2026-07-22T14:38:41Z;-1508;;231
2026-07-22T14:38:44Z;-1498;;241
2026-07-22T14:38:47Z;-1508;;231
2026-07-22T14:38:49Z;-1501;;238
2026-07-22T14:38:50Z;-1490;;249
2026-07-22T14:38:54Z;-1500;;239
2026-07-22T14:39:02Z;-1498;;241
2026-07-22T14:39:04Z;-1505;;234
2026-07-22T14:39:33Z;-781;;958
2026-07-22T14:39:34Z;-1504;;235
2026-07-22T14:39:36Z;-1488;;251
2026-07-22T14:45:42Z;-1202;;537
2026-07-22T14:45:45Z;;1178;-24
2026-07-22T14:45:48Z;-897;;281
2026-07-22T14:45:51Z;;891;-6
2026-07-22T14:45:54Z;-595;;296
2026-07-22T14:45:57Z;;829;234
2026-07-22T14:46:00Z;-567;;262
2026-07-22T14:46:30Z;;593;26
2026-07-22T14:47:08Z;;607;40
2026-07-22T14:47:17Z;-610;;-3
2026-07-22T14:47:24Z;;905;295
2026-07-22T14:47:30Z;-878;;27
2026-07-22T14:47:38Z;;1216;338
2026-07-22T14:47:43Z;-1173;;43
2026-07-22T14:47:49Z;;1504;331
2026-07-22T14:49:36Z;-1432;;72
2026-07-22T14:49:38Z;-1024;;480
2026-07-22T14:49:39Z;-1445;;59
2026-07-22T14:57:56Z;;1498;53
2026-07-22T14:58:02Z;;1501;56
2026-07-22T14:58:04Z;;1495;50
2026-07-22T14:58:17Z;;1501;56
2026-07-22T14:58:19Z;;1493;48
2026-07-22T14:58:25Z;;1500;55
2026-07-22T14:58:37Z;;1495;50
2026-07-22T14:58:40Z;;1504;59
2026-07-22T14:59:38Z;;1492;47
2026-07-22T14:59:41Z;;1500;55
2026-07-22T14:59:44Z;;1495;50
2026-07-22T14:59:46Z;-1263;;232
2026-07-22T14:59:47Z;-1499;;-4
2026-07-22T15:00:05Z;;1461;-38
2026-07-22T15:00:09Z;-1272;;189
2026-07-22T15:00:14Z;;1503;231
2026-07-22T15:01:54Z;-1492;;11
2026-07-22T15:01:57Z;-1494;;9
2026-07-22T15:01:59Z;-1492;;11
2026-07-22T15:02:09Z;-1501;;2
2026-07-22T15:02:10Z;-1486;;17
2026-07-22T15:02:14Z;-1508;;-5
2026-07-22T15:02:19Z;-1500;;3
2026-07-22T15:02:26Z;-1502;;1
2026-07-22T15:02:28Z;-1487;;16
2026-07-22T15:02:35Z;-1503;;0
2026-07-22T15:02:37Z;-1511;;-8
2026-07-22T15:02:45Z;-1504;;-1
2026-07-22T15:02:46Z;-1507;;-4
2026-07-22T15:02:55Z;-1497;;6
2026-07-22T15:02:57Z;-1509;;-6
2026-07-22T15:03:16Z;-1503;;0
2026-07-22T15:03:18Z;-1489;;14
2026-07-22T15:03:23Z;-1495;;8
2026-07-22T15:03:25Z;-1497;;6
2026-07-22T15:03:28Z;-1504;;-1
2026-07-22T15:03:35Z;;1483;-21
2026-07-22T15:03:37Z;;1552;48
2026-07-22T15:04:25Z;;1495;-9
2026-07-22T15:05:03Z;-1185;;310
2026-07-22T15:05:07Z;;1135;-50
2026-07-22T15:05:09Z;;1203;18
2026-07-22T15:05:10Z;-1120;;83
2026-07-22T15:05:11Z;;1196;76
2026-07-22T15:05:12Z;-875;;321
2026-07-22T15:05:25Z;-901;;295
2026-07-22T15:05:36Z;;883;-18
2026-07-22T15:05:41Z;-611;;272
2026-07-22T15:06:40Z;;599;-12
2026-07-22T15:06:43Z;;600;-11
2026-07-22T15:06:46Z;;1497;886
2026-07-22T15:06:48Z;;1502;891
2026-07-22T15:06:49Z;;607;-4
2026-07-22T15:06:52Z;-610;;-3
2026-07-22T15:06:55Z;;1496;886
2026-07-22T15:06:58Z;-935;;561
2026-07-22T15:07:01Z;;1216;281
2026-07-22T15:07:04Z;-1209;;7
2026-07-22T15:07:07Z;;1505;296
2026-07-22T15:08:39Z;-1212;;293
2026-07-22T15:08:48Z;-1192;;313
2026-07-22T15:08:58Z;-1201;;304
2026-07-22T15:09:07Z;;1196;-5
2026-07-22T15:09:17Z;-883;;313
2026-07-22T15:09:19Z;;898;15
2026-07-22T15:09:49Z;-678;;220
2026-07-22T15:09:51Z;-592;;306
2026-07-22T15:09:53Z;;1024;432
2026-07-22T15:09:55Z;;752;160
2026-07-22T15:10:30Z;;502;-90
2026-07-22T15:10:31Z;;774;182
2026-07-22T15:11:35Z;;910;318
2026-07-22T15:11:46Z;-896;;14
2026-07-22T15:12:40Z;;1203;307
2026-07-22T15:13:44Z;-1204;;-1
2026-07-22T15:13:47Z;-1224;;-21
2026-07-22T15:13:50Z;-1206;;-3
2026-07-22T15:13:53Z;-1195;;8
2026-07-22T15:13:56Z;-1247;;-44
2026-07-22T15:15:05Z;;1463;216
2026-07-22T15:15:09Z;-1402;;61
2026-07-22T15:20:39Z;;1522;120
2026-07-22T15:20:42Z;;1365;-37
2026-07-22T15:20:45Z;;983;-419
2026-07-22T15:20:48Z;;1362;-40
2026-07-22T15:25:06Z;-1212;;150
2026-07-22T15:25:08Z;-1206;;156
2026-07-22T15:25:18Z;-1209;;153
2026-07-22T15:25:19Z;-1203;;159
2026-07-22T15:25:21Z;-1199;;163
2026-07-22T15:25:24Z;-1200;;162
2026-07-22T15:25:26Z;-1187;;175
2026-07-22T15:25:55Z;;977;-210
2026-07-22T15:25:57Z;;1240;53
2026-07-22T15:29:30Z;;1194;7
2026-07-22T15:29:32Z;;1204;17
2026-07-22T15:29:48Z;;1197;10
2026-07-22T15:29:54Z;;1202;15
2026-07-22T15:29:59Z;;1197;10
2026-07-22T15:30:02Z;;1202;15
2026-07-22T15:30:04Z;;1199;12
2026-07-22T15:30:07Z;;1189;2
2026-07-22T15:30:08Z;;1201;14
2026-07-22T15:30:09Z;-1145;;56
2026-07-22T15:30:10Z;;1198;53
2026-07-22T15:30:12Z;;1206;61
2026-07-22T15:30:14Z;;1198;53
2026-07-22T15:30:16Z;;1369;224
2026-07-22T15:30:18Z;;1195;50
2026-07-22T15:34:58Z;;828;-317
2026-07-22T15:35:00Z;;1117;-28
2026-07-22T15:35:05Z;-1054;;63
2026-07-22T15:35:06Z;-679;;438
2026-07-22T15:40:01Z;-713;;404
2026-07-22T15:40:21Z;;501;-212
2026-07-22T15:40:22Z;-969;;-468
2026-07-22T15:40:23Z;;1297;328
2026-07-22T15:40:25Z;;1031;62
2026-07-22T15:41:34Z;-976;;55
2026-07-22T15:45:05Z;;973;-3
2026-07-22T15:45:09Z;-923;;50
2026-07-22T15:46:50Z;-904;;69
2026-07-22T15:46:51Z;-895;;78
2026-07-22T15:46:55Z;-902;;71
2026-07-22T15:46:57Z;-899;;74
2026-07-22T15:46:58Z;-907;;66
2026-07-22T15:47:00Z;-896;;77
2026-07-22T15:47:01Z;-902;;71
2026-07-22T15:47:02Z;-900;;73
2026-07-22T15:47:07Z;-902;;71
2026-07-22T15:48:34Z;;707;-195
2026-07-22T15:48:37Z;;953;51
2026-07-22T15:49:27Z;;899;-3
2026-07-22T15:49:29Z;;902;0
2026-07-22T15:49:31Z;;899;-3
2026-07-22T15:49:32Z;;911;9
2026-07-22T15:50:17Z;;897;-5
2026-07-22T15:50:21Z;;903;1
2026-07-22T15:50:23Z;;893;-9
2026-07-22T15:50:27Z;;902;0
2026-07-22T15:50:29Z;;879;-23
2026-07-22T15:50:31Z;;903;1
2026-07-22T15:50:33Z;;896;-6
2026-07-22T15:50:39Z;;497;-405
2026-07-22T15:50:40Z;-841;;-344
2026-07-22T15:50:41Z;;889;48
2026-07-22T15:50:44Z;-960;;-71
2026-07-22T15:50:46Z;;904;-56
2026-07-22T15:50:47Z;;899;-61
2026-07-22T15:50:49Z;;901;-59
2026-07-22T15:50:53Z;;891;-69
2026-07-22T15:50:55Z;;901;-59
2026-07-22T15:50:57Z;;898;-62
2026-07-22T15:50:59Z;;900;-60
2026-07-22T15:51:00Z;;899;-61
2026-07-22T15:51:02Z;;903;-57
2026-07-22T15:51:07Z;;897;-63
2026-07-22T15:51:09Z;;903;-57
2026-07-22T15:51:11Z;;891;-69
2026-07-22T15:51:12Z;;900;-60
2026-07-22T15:51:19Z;;893;-67
2026-07-22T15:51:21Z;;901;-59
2026-07-22T15:51:23Z;;899;-61
2026-07-22T15:51:29Z;613;;1512
2026-07-22T15:51:31Z;;900;1513
2026-07-22T15:51:33Z;;898;1511
2026-07-22T15:51:50Z;;901;1514
2026-07-22T15:51:52Z;;895;1508
2026-07-22T15:51:54Z;;901;1514
2026-07-22T15:51:56Z;;888;1501
2026-07-22T15:56:05Z;-682;;206
2026-07-22T15:56:08Z;-593;;295
2026-07-22T16:00:05Z;;806;213
2026-07-22T16:00:11Z;-622;;184
2026-07-22T16:00:36Z;-591;;215
2026-07-22T16:00:38Z;-615;;191
2026-07-22T16:00:47Z;-599;;207
2026-07-22T16:00:49Z;-148;;658
2026-07-22T16:00:55Z;-598;;208
2026-07-22T16:02:40Z;-603;;203
2026-07-22T16:02:41Z;-592;;214
2026-07-22T16:02:42Z;-600;;206
2026-07-22T16:02:43Z;-598;;208
2026-07-22T16:02:46Z;-605;;201
2026-07-22T16:02:47Z;-606;;200
2026-07-22T16:02:49Z;-599;;207
2026-07-22T16:02:57Z;-572;;234
2026-07-22T16:02:59Z;-601;;205
2026-07-22T16:03:00Z;-592;;214
2026-07-22T16:03:03Z;-601;;205
2026-07-22T16:04:49Z;;538;-63
2026-07-22T16:04:51Z;;747;146
2026-07-22T16:10:08Z;;597;-4
2026-07-22T16:10:10Z;;697;96
2026-07-22T16:15:05Z;;630;29
2026-07-22T16:15:10Z;-464;;166
2026-07-22T16:16:40Z;;593;129
2026-07-22T16:16:42Z;;603;139
2026-07-22T16:16:43Z;;602;138
2026-07-22T16:16:44Z;;592;128
2026-07-22T16:16:46Z;;600;136
2026-07-22T16:16:49Z;;600;136
2026-07-22T16:16:51Z;;598;134
2026-07-22T16:16:52Z;;589;125
2026-07-22T16:16:56Z;;604;140
2026-07-22T16:17:00Z;;597;133
2026-07-22T16:17:02Z;;600;136
2026-07-22T16:17:08Z;;596;132
2026-07-22T16:17:10Z;;601;137
2026-07-22T16:17:13Z;;599;135
2026-07-22T16:17:20Z;;602;138
2026-07-22T16:17:22Z;;595;131
2026-07-22T16:21:00Z;;172;-292
2026-07-22T16:21:02Z;;546;82
2026-07-22T16:26:19Z;55;0;-464
2026-07-22T16:26:21Z;;498;553
2026-07-22T16:28:28Z;-413;;85
2026-07-22T16:28:49Z;-211;;287
2026-07-22T16:29:36Z;-408;;90
2026-07-22T16:30:38Z;-376;;122
2026-07-22T16:30:41Z;;459;83
2026-07-22T16:33:41Z;-346;;113
2026-07-22T16:34:00Z;-297;;162
2026-07-22T16:34:02Z;-301;;158
2026-07-22T16:34:12Z;-301;;158
2026-07-22T16:34:14Z;-297;;162
2026-07-22T16:34:24Z;-300;;159
2026-07-22T16:34:25Z;-296;;163
2026-07-22T16:39:30Z;-295;;164
2026-07-22T16:39:36Z;-294;;165
2026-07-22T16:39:38Z;-300;;159
2026-07-22T16:39:41Z;-298;;161
2026-07-22T16:39:43Z;-301;;158
2026-07-22T16:39:48Z;-291;;168
2026-07-22T16:39:50Z;-300;;159
2026-07-22T16:39:52Z;-298;;161
2026-07-22T16:39:54Z;-303;;156
2026-07-22T16:39:56Z;-298;;161
2026-07-22T16:40:03Z;-302;;157
2026-07-22T16:41:21Z;;0;-302
2026-07-22T16:41:23Z;;343;41
2026-07-22T16:45:05Z;;305;3
2026-07-22T16:45:10Z;-216;299;89
2026-07-22T16:45:12Z;;306;90
2026-07-22T16:45:33Z;;289;73
2026-07-22T16:45:37Z;;303;87
2026-07-22T16:45:39Z;;293;77
2026-07-22T16:45:53Z;;304;88
2026-07-22T16:45:55Z;;297;81
2026-07-22T16:45:57Z;;304;88
2026-07-22T16:46:03Z;;297;81
2026-07-22T16:52:07Z;-153;;144
2026-07-22T16:52:10Z;-160;;137
2026-07-22T16:54:33Z;964;;1261
2026-07-22T17:00:05Z;;201;1165
2026-07-22T17:00:10Z;963;;1164
2026-07-22T17:01:18Z;985;;1186
2026-07-22T17:01:56Z;;0;985
2026-07-22T17:01:58Z;;192;1177
2026-07-22T17:02:12Z;1013;;1205
2026-07-22T17:02:19Z;197;;389
2026-07-22T17:02:20Z;-104;;88
2026-07-22T17:06:40Z;537;;729
2026-07-22T17:06:41Z;26;;218
2026-07-22T17:06:45Z;0;;192
2026-07-22T17:06:46Z;2;;194
2026-07-22T17:07:37Z;0;;192
2026-07-22T17:07:38Z;3;;195
2026-07-22T17:07:41Z;0;;192
2026-07-22T17:07:42Z;-5;;187
2026-07-22T17:07:44Z;5;;197
2026-07-22T17:07:45Z;1;;193
2026-07-22T17:07:55Z;2;;194
2026-07-22T17:07:57Z;3;;195
2026-07-22T17:08:00Z;1;;193
2026-07-22T17:08:03Z;0;;192
2026-07-22T17:08:04Z;1;;193
2026-07-22T17:08:05Z;-1;;191
2026-07-22T17:08:06Z;2;;194
2026-07-22T17:08:07Z;2;;194
2026-07-22T17:08:09Z;0;;192
2026-07-22T17:08:12Z;5;;197
2026-07-22T17:08:18Z;0;;192
2026-07-22T17:08:20Z;6;;198
2026-07-22T17:08:39Z;0;;192
2026-07-22T17:08:40Z;1;;193
2026-07-22T17:09:07Z;0;;192
2026-07-22T17:09:08Z;11;;203
2026-07-22T17:09:09Z;0;;192
2026-07-22T17:09:10Z;2;;194
2026-07-22T17:13:23Z;-239;;-47
2026-07-22T17:13:26Z;30;;222
2026-07-22T17:15:05Z;;162;192
2026-07-22T17:15:10Z;75;;237
2026-07-22T17:34:10Z;;116;221
2026-07-22T17:34:13Z;105;;267
2026-07-22T17:34:51Z;-2;;114
2026-07-22T17:35:09Z;-2;;114
2026-07-22T17:35:31Z;0;;116
2026-07-22T17:35:32Z;0;;116
2026-07-22T17:35:36Z;-1;;115
2026-07-22T17:35:39Z;0;;116
2026-07-22T17:35:45Z;0;;116
2026-07-22T17:35:48Z;1;;117
2026-07-22T17:35:49Z;0;;116
2026-07-22T18:02:21Z;;55;55
2026-07-22T18:02:44Z;41;;96
2026-07-22T18:08:10Z;305;;360
2026-07-22T18:08:12Z;266;;321
2026-07-22T18:11:13Z;1052;;1107
2026-07-22T18:11:14Z;222;;277
2026-07-22T18:12:00Z;494;;549
2026-07-22T18:12:20Z;248;;303
2026-07-22T18:13:01Z;473;;528
2026-07-22T18:13:20Z;232;;287
2026-07-22T18:15:24Z;;28;260
2026-07-22T18:15:27Z;226;;254
2026-07-22T18:22:11Z;373;;401
2026-07-22T18:22:18Z;235;;263
2026-07-22T18:22:40Z;369;;397
2026-07-22T18:22:52Z;238;;266
2026-07-22T18:22:58Z;742;;770
2026-07-22T18:22:59Z;248;;276
2026-07-22T18:23:00Z;405;;433
2026-07-22T18:23:02Z;238;;266
2026-07-22T18:23:09Z;366;;394
2026-07-22T18:23:13Z;290;;318
2026-07-22T18:24:16Z;511;;539
2026-07-22T18:24:36Z;279;;307
2026-07-22T18:25:16Z;503;;531
2026-07-22T18:25:37Z;240;;268
2026-07-22T18:25:55Z;376;;404
2026-07-22T18:25:57Z;243;;271
2026-07-22T18:27:53Z;;0;243
2026-07-22T18:28:52Z;;0;243
2026-07-22T18:28:55Z;;1;244
2026-07-22T18:28:58Z;;0;243
2026-07-22T18:29:01Z;;1;244
2026-07-22T18:29:04Z;;0;243
2026-07-22T18:30:05Z;;0;243
2026-07-22T18:30:10Z;241;;241
2026-07-22T18:33:30Z;;2;243
2026-07-22T18:33:32Z;;0;241
2026-07-22T18:45:05Z;;0;241
2026-07-22T18:45:10Z;243;;243
2026-07-22T18:53:09Z;301;;301
2026-07-22T18:53:10Z;295;;295
2026-07-22T18:53:20Z;300;;300
2026-07-22T18:53:22Z;292;;292
2026-07-22T18:55:44Z;1617;;1617
2026-07-22T18:55:45Z;1883;;1883
2026-07-22T18:55:53Z;1752;;1752
2026-07-22T18:57:18Z;1761;;1761
2026-07-22T18:57:21Z;1816;;1816
2026-07-22T18:57:24Z;1748;;1748
2026-07-22T18:57:27Z;1816;;1816
2026-07-22T18:57:30Z;1752;;1752
2026-07-22T18:57:33Z;1814;;1814
2026-07-22T18:57:34Z;1810;;1810
2026-07-22T18:57:36Z;1868;;1868
2026-07-22T18:57:39Z;1746;;1746
2026-07-22T18:57:41Z;1752;;1752
2026-07-22T18:57:42Z;1839;;1839
2026-07-22T18:57:43Z;119;;119
2026-07-22T18:57:45Z;1753;;1753
2026-07-22T18:57:48Z;1816;;1816
2026-07-22T19:00:05Z;;0;1816
2026-07-22T19:00:10Z;170;;170
2026-07-22T19:03:57Z;1709;;1709
2026-07-22T19:04:11Z;1824;;1824
2026-07-22T19:04:17Z;1798;;1798
2026-07-22T19:04:21Z;1807;;1807
2026-07-22T19:04:24Z;1780;;1780
2026-07-22T19:04:27Z;1850;;1850
2026-07-22T19:04:32Z;1777;;1777
2026-07-22T19:04:43Z;1815;;1815
2026-07-22T19:04:49Z;1709;;1709
2026-07-22T19:05:00Z;1837;;1837
2026-07-22T19:05:05Z;1707;;1707
2026-07-22T19:05:16Z;1839;;1839
2026-07-22T19:05:21Z;1692;;1692
2026-07-22T19:05:32Z;1839;;1839
2026-07-22T19:05:36Z;1793;;1793
2026-07-22T19:05:46Z;1812;;1812
2026-07-22T19:05:59Z;1709;;1709
2026-07-22T19:06:02Z;1861;;1861
2026-07-22T19:06:07Z;1737;;1737
2026-07-22T19:06:18Z;1891;;1891
2026-07-22T19:06:24Z;1707;;1707
2026-07-22T19:06:34Z;1808;;1808
2026-07-22T19:06:40Z;1690;;1690
2026-07-22T19:06:51Z;1854;;1854
2026-07-22T19:06:52Z;1797;;1797
2026-07-22T19:06:53Z;1804;;1804
2026-07-22T19:06:58Z;1688;;1688
2026-07-22T19:07:07Z;1834;;1834
2026-07-22T19:07:09Z;1797;;1797
2026-07-22T19:07:23Z;1819;;1819
2026-07-22T19:07:29Z;1701;;1701
2026-07-22T19:07:39Z;1818;;1818
2026-07-22T19:07:45Z;1700;;1700
2026-07-22T19:07:56Z;1834;;1834
2026-07-22T19:08:01Z;1684;;1684
2026-07-22T19:08:12Z;1829;;1829
2026-07-22T19:08:13Z;1799;;1799
2026-07-22T19:08:16Z;1803;;1803
2026-07-22T19:08:18Z;1681;;1681
2026-07-22T19:08:30Z;1800;;1800
2026-07-22T19:08:33Z;216;;216
2026-07-22T19:11:25Z;1909;;1909
2026-07-22T19:11:28Z;1863;;1863
2026-07-22T19:11:31Z;1822;;1822
2026-07-22T19:11:33Z;1704;;1704
2026-07-22T19:11:34Z;1712;;1712
2026-07-22T19:11:37Z;1835;;1835
2026-07-22T19:11:40Z;1906;;1906
2026-07-22T19:11:43Z;1704;;1704
2026-07-22T19:11:44Z;1849;;1849
2026-07-22T19:11:45Z;219;;219
2026-07-22T19:11:46Z;1806;;1806
2026-07-22T19:11:49Z;1703;;1703
2026-07-22T19:12:49Z;1909;;1909
2026-07-22T19:13:03Z;1716;;1716
2026-07-22T19:13:05Z;1804;;1804
2026-07-22T19:13:11Z;1714;;1714
2026-07-22T19:13:21Z;1805;;1805
2026-07-22T19:13:27Z;1715;;1715
2026-07-22T19:13:28Z;86;;86
2026-07-22T19:15:05Z;;0;86
2026-07-22T19:15:10Z;87;;87
2026-07-22T19:18:57Z;426;;426
2026-07-22T19:18:58Z;639;;639
2026-07-22T19:18:59Z;259;;259
2026-07-22T19:20:23Z;454;;454
2026-07-22T19:20:25Z;249;;249
2026-07-22T19:21:39Z;368;;368
2026-07-22T19:21:41Z;229;;229
2026-07-22T19:22:27Z;430;;430
2026-07-22T19:22:29Z;219;;219
2026-07-22T19:23:38Z;301;;301
2026-07-22T19:25:26Z;145;;145
2026-07-22T19:26:00Z;2178;;2178
2026-07-22T19:26:01Z;340;;340
2026-07-22T19:26:03Z;235;;235
2026-07-22T19:26:09Z;323;;323
2026-07-22T19:26:10Z;293;;293
2026-07-22T19:26:13Z;305;;305
2026-07-22T19:26:16Z;298;;298
2026-07-22T19:26:23Z;355;;355
2026-07-22T19:26:32Z;234;;234
2026-07-22T19:26:38Z;354;;354
2026-07-22T19:26:39Z;298;;298
2026-07-22T19:26:40Z;307;;307
2026-07-22T19:26:46Z;225;;225
2026-07-22T19:26:52Z;360;;360
2026-07-22T19:27:01Z;221;;221
2026-07-22T19:27:06Z;313;;313
2026-07-22T19:27:15Z;217;;217
2026-07-22T19:27:21Z;366;;366
2026-07-22T19:27:29Z;220;;220
2026-07-22T19:27:35Z;414;;414
2026-07-22T19:27:44Z;221;;221
2026-07-22T19:27:49Z;312;;312
2026-07-22T19:27:58Z;217;;217
2026-07-22T19:28:03Z;372;;372
2026-07-22T19:28:13Z;216;;216
2026-07-22T19:28:18Z;317;;317
2026-07-22T19:28:27Z;216;;216
2026-07-22T19:28:32Z;325;;325
2026-07-22T19:28:42Z;222;;222
2026-07-22T19:28:47Z;333;;333
2026-07-22T19:28:56Z;217;;217
2026-07-22T19:29:01Z;320;;320
2026-07-22T19:29:10Z;235;;235
2026-07-22T19:30:02Z;401;;401
2026-07-22T19:30:05Z;;0;401
2026-07-22T19:30:10Z;328;;328
2026-07-22T19:30:11Z;296;;296
2026-07-22T19:30:13Z;300;;300
2026-07-22T19:30:14Z;275;;275
2026-07-22T19:30:39Z;301;;301
2026-07-22T19:30:40Z;282;;282
2026-07-22T19:30:41Z;303;;303
2026-07-22T19:30:42Z;284;;284
2026-07-22T19:30:43Z;300;;300
2026-07-22T19:30:44Z;291;;291
2026-07-22T19:30:48Z;470;;470
2026-07-22T19:30:49Z;241;;241
2026-07-22T19:30:55Z;302;;302
2026-07-22T19:30:56Z;229;;229
2026-07-22T19:30:58Z;331;;331
2026-07-22T19:32:27Z;300;;300
2026-07-22T19:32:30Z;268;;268
2026-07-22T19:32:33Z;384;;384
2026-07-22T19:32:34Z;291;;291
2026-07-22T19:32:36Z;301;;301
2026-07-22T19:32:37Z;268;;268
2026-07-22T19:32:39Z;303;;303
2026-07-22T19:32:42Z;266;;266
2026-07-22T19:32:45Z;301;;301
2026-07-22T19:32:46Z;446;;446
2026-07-22T19:32:47Z;262;;262
2026-07-22T19:32:48Z;278;;278
2026-07-22T19:32:51Z;347;;347
2026-07-22T19:32:54Z;299;;299
2026-07-22T19:32:56Z;271;;271
2026-07-22T19:32:57Z;304;;304
2026-07-22T19:33:00Z;261;;261
2026-07-22T19:33:03Z;306;;306
2026-07-22T19:33:05Z;461;;461
2026-07-22T19:33:06Z;262;;262
2026-07-22T19:33:09Z;300;;300
2026-07-22T19:33:12Z;228;;228
2026-07-22T19:33:15Z;352;;352
2026-07-22T19:33:16Z;323;;323
2026-07-22T19:33:18Z;273;;273
2026-07-22T19:33:26Z;444;;444
2026-07-22T19:33:27Z;265;;265
2026-07-22T19:33:37Z;336;;336
2026-07-22T19:33:39Z;267;;267
2026-07-22T19:33:44Z;410;;410
2026-07-22T19:33:45Z;658;;658
2026-07-22T19:33:46Z;456;;456
2026-07-22T19:33:48Z;231;;231
2026-07-22T19:34:41Z;410;;410
2026-07-22T19:34:58Z;281;;281
2026-07-22T19:35:10Z;465;;465
2026-07-22T19:35:11Z;658;;658
2026-07-22T19:35:12Z;358;;358
2026-07-22T19:35:17Z;230;;230
2026-07-22T19:36:14Z;406;;406
2026-07-22T19:36:17Z;623;;623
2026-07-22T19:36:18Z;370;;370
2026-07-22T19:39:45Z;616;;616
2026-07-22T19:39:46Z;592;;592
2026-07-22T19:39:54Z;227;;227
2026-07-22T19:41:15Z;417;;417
2026-07-22T19:41:17Z;284;;284
2026-07-22T19:41:43Z;300;;300
2026-07-22T19:41:44Z;283;;283
2026-07-22T19:41:56Z;320;;320
2026-07-22T19:41:59Z;295;;295
2026-07-22T19:42:01Z;308;;308
2026-07-22T19:42:02Z;293;;293
2026-07-22T19:42:03Z;308;;308
2026-07-22T19:42:05Z;240;;240
2026-07-22T19:42:11Z;328;;328
2026-07-22T19:42:20Z;231;;231
2026-07-22T19:42:26Z;358;;358
2026-07-22T19:42:28Z;297;;297
2026-07-22T19:42:29Z;312;;312
2026-07-22T19:42:35Z;230;;230
2026-07-22T19:42:39Z;302;;302
2026-07-22T19:42:49Z;231;;231
2026-07-22T19:42:54Z;356;;356
2026-07-22T19:43:03Z;230;;230
2026-07-22T19:43:09Z;404;;404
2026-07-22T19:43:17Z;279;;279
2026-07-22T19:43:23Z;355;;355
2026-07-22T19:43:32Z;231;;231
2026-07-22T19:43:37Z;312;;312
2026-07-22T19:43:39Z;219;;219
2026-07-22T19:43:40Z;407;;407
2026-07-22T19:43:48Z;219;;219
2026-07-22T19:43:53Z;327;;327
2026-07-22T19:44:02Z;220;;220
2026-07-22T19:44:07Z;339;;339
2026-07-22T19:44:17Z;219;;219
2026-07-22T19:44:22Z;344;;344
2026-07-22T19:44:31Z;220;;220
2026-07-22T19:44:36Z;331;;331
2026-07-22T19:44:45Z;256;;256
2026-07-22T19:44:50Z;331;;331
2026-07-22T19:45:00Z;218;;218
2026-07-22T19:46:24Z;;0;218
2026-07-22T19:46:27Z;228;;228
2026-07-22T19:46:30Z;274;;274
2026-07-22T19:46:33Z;302;;302
2026-07-22T19:46:36Z;267;;267
2026-07-22T19:46:39Z;301;;301
2026-07-22T19:46:42Z;269;;269
2026-07-22T19:46:46Z;463;;463
2026-07-22T19:46:47Z;250;;250
2026-07-22T19:46:57Z;301;;301
2026-07-22T19:46:58Z;249;;249
2026-07-22T19:47:09Z;469;;469
2026-07-22T19:47:10Z;228;;228
2026-07-22T19:47:17Z;320;;320
2026-07-22T19:47:19Z;260;;260
2026-07-22T19:47:28Z;413;;413
2026-07-22T19:47:29Z;257;;257
2026-07-22T19:47:39Z;356;;356
2026-07-22T19:47:46Z;275;;275
2026-07-22T19:47:49Z;395;;395
2026-07-22T19:47:57Z;279;;279
2026-07-22T19:47:59Z;397;;397
2026-07-22T19:48:07Z;281;;281
2026-07-22T19:48:10Z;457;;457
2026-07-22T19:48:18Z;285;;285
2026-07-22T19:48:20Z;301;;301
2026-07-22T19:48:28Z;279;;279
2026-07-22T19:48:31Z;380;;380
2026-07-22T19:48:39Z;279;;279
2026-07-22T19:48:46Z;379;;379
2026-07-22T19:48:50Z;280;;280
2026-07-22T19:48:52Z;386;;386
2026-07-22T19:49:00Z;284;;284
2026-07-22T19:49:02Z;325;;325
2026-07-22T19:49:10Z;291;;291
2026-07-22T19:49:13Z;401;;401
2026-07-22T19:49:21Z;283;;283
2026-07-22T19:49:24Z;516;;516
2026-07-22T19:49:32Z;282;;282
2026-07-22T19:49:34Z;390;;390
2026-07-22T19:49:42Z;280;;280
2026-07-22T19:49:45Z;446;;446
2026-07-22T19:49:53Z;282;;282
2026-07-22T19:49:55Z;359;;359
2026-07-22T19:50:03Z;282;;282
2026-07-22T19:50:06Z;387;;387
2026-07-22T19:50:15Z;816;;816
2026-07-22T19:50:16Z;422;;422
2026-07-22T19:50:23Z;288;;288
2026-07-22T19:50:36Z;318;;318
2026-07-22T19:51:25Z;655;;655
2026-07-22T19:51:26Z;439;;439
2026-07-22T19:51:40Z;280;;280
2026-07-22T19:51:56Z;327;;327
2026-07-22T19:53:01Z;642;;642
2026-07-22T19:53:04Z;445;;445
2026-07-22T19:53:41Z;280;;280
2026-07-22T19:54:28Z;363;;363
2026-07-22T19:54:32Z;268;;268
2026-07-22T19:54:39Z;311;;311
2026-07-22T19:54:45Z;268;;268
2026-07-22T19:54:52Z;307;;307
2026-07-22T19:54:58Z;269;;269
2026-07-22T19:55:06Z;325;;325
2026-07-22T19:55:11Z;271;;271
2026-07-22T19:55:19Z;320;;320
2026-07-22T19:55:25Z;269;;269
2026-07-22T19:55:32Z;314;;314
2026-07-22T19:55:38Z;269;;269
2026-07-22T19:55:45Z;311;;311
2026-07-22T19:55:51Z;270;;270
2026-07-22T19:55:58Z;400;;400
2026-07-22T19:56:31Z;624;;624
2026-07-22T19:56:32Z;454;;454
2026-07-22T20:00:32Z;;0;454
2026-07-22T20:00:35Z;471;;471
2026-07-22T20:01:23Z;605;;605
2026-07-22T20:03:14Z;599;;599
2026-07-22T20:03:15Z;602;;602
2026-07-22T20:03:30Z;599;;599
2026-07-22T20:03:34Z;600;;600
2026-07-22T20:03:35Z;598;;598
2026-07-22T20:03:38Z;603;;603
2026-07-22T20:04:14Z;155;;155
2026-07-22T20:15:05Z;;0;155
2026-07-22T20:15:12Z;163;;163
2026-07-22T20:30:05Z;;0;163
2026-07-22T20:30:10Z;184;;184
2026-07-22T20:45:05Z;;0;184
2026-07-22T20:45:10Z;1472;;1472
2026-07-22T20:45:14Z;186;;186
2026-07-22T20:45:15Z;330;;330
2026-07-22T21:00:05Z;;0;330
2026-07-22T21:00:10Z;313;;313
2026-07-22T21:15:05Z;;0;313
2026-07-22T21:15:07Z;193;;193
2026-07-22T21:15:10Z;309;;309
2026-07-22T21:30:19Z;;0;309
2026-07-22T21:30:22Z;186;;186
2026-07-22T21:45:05Z;;0;186
2026-07-22T21:45:10Z;186;;186
2026-07-22T22:00:05Z;;0;186
2026-07-22T22:00:10Z;185;;185
2026-07-22T22:05:35Z;344;;344
2026-07-22T22:05:38Z;1778;;1778
2026-07-22T22:05:41Z;138;;138
2026-07-22T22:05:46Z;830;;830
2026-07-22T22:05:47Z;277;;277
2026-07-22T22:06:34Z;307;;307
2026-07-22T22:15:05Z;;0;307
2026-07-22T22:15:12Z;313;;313
2026-07-22T22:17:13Z;299;;299
2026-07-22T22:17:46Z;309;;309
2026-07-22T22:17:47Z;298;;298
2026-07-22T22:19:21Z;307;;307
2026-07-22T22:19:52Z;2328;;2328
2026-07-22T22:26:21Z;304;;304
2026-07-22T22:26:38Z;289;;289
2026-07-22T22:28:12Z;301;;301
2026-07-22T22:28:13Z;291;;291
2026-07-22T22:30:05Z;;0;291
2026-07-22T22:30:10Z;266;;266
2026-07-22T22:45:05Z;;0;266
2026-07-22T22:45:10Z;136;;136
2026-07-22T23:01:22Z;;0;136
2026-07-22T23:01:25Z;118;;118
2026-07-22T23:13:02Z;2099;;2099
2026-07-22T23:13:03Z;2106;;2106
2026-07-22T23:13:32Z;2097;;2097
2026-07-22T23:14:58Z;2100;;2100
2026-07-22T23:14:59Z;2086;;2086
2026-07-22T23:15:04Z;;0;2086
2026-07-22T23:15:09Z;2089;;2089
2026-07-22T23:15:56Z;2103;;2103
2026-07-22T23:15:57Z;2093;;2093
2026-07-22T23:25:03Z;138;;138
2026-07-22T23:30:04Z;;0;138
2026-07-22T23:30:09Z;247;;247
2026-07-22T23:45:04Z;;0;247
2026-07-22T23:45:09Z;239;;239