timestamp;P_ex;P_pr;P_load
2025-10-05T00:00:06Z;;0;160
2025-10-05T00:15:06Z;;0;160
2025-10-05T00:30:06Z;;0;160
2025-10-05T00:30:07Z;47;;47
2025-10-05T00:45:06Z;;0;47
2025-10-05T01:00:06Z;;0;47
2025-10-05T01:00:08Z;44;;44
2025-10-05T01:15:06Z;;0;44
2025-10-05T01:15:07Z;42;;42
2025-10-05T01:23:57Z;1592;;1592
2025-10-05T01:23:58Z;187;;187
2025-10-05T01:30:06Z;;0;187
2025-10-05T01:30:07Z;161;;161
2025-10-05T01:45:06Z;;0;161
2025-10-05T01:45:07Z;158;;158
2025-10-05T02:00:06Z;;0;158
2025-10-05T02:15:06Z;;0;158
2025-10-05T02:30:06Z;;0;158
2025-10-05T02:30:07Z;44;;44
2025-10-05T02:45:06Z;;0;44
2025-10-05T02:45:07Z;43;;43
2025-10-05T03:00:06Z;;0;43
2025-10-05T03:07:15Z;1359;;1359
2025-10-05T03:07:16Z;182;;182
2025-10-05T03:15:06Z;;0;182
2025-10-05T03:30:06Z;;0;182
2025-10-05T03:45:06Z;;0;182
2025-10-05T03:45:07Z;44;;44
2025-10-05T04:00:06Z;;0;44
2025-10-05T04:15:06Z;;0;44
2025-10-05T04:15:07Z;42;;42
2025-10-05T04:30:06Z;;0;42
2025-10-05T04:30:07Z;42;;42
2025-10-05T04:45:06Z;;0;42
2025-10-05T04:45:07Z;41;;41
2025-10-05T04:50:37Z;1348;;1348
2025-10-05T04:50:38Z;182;;182
2025-10-05T04:58:06Z;347;;347
2025-10-05T04:58:57Z;266;;266
2025-10-05T04:59:02Z;311;;311
2025-10-05T04:59:19Z;262;;262
2025-10-05T05:00:06Z;;0;262
2025-10-05T05:00:07Z;183;;183
2025-10-05T05:02:34Z;260;;260
2025-10-05T05:02:41Z;313;;313
2025-10-05T05:03:00Z;185;;185
2025-10-05T05:10:15Z;;7;192
2025-10-05T05:10:17Z;;0;185
2025-10-05T05:10:55Z;;1;186
2025-10-05T05:10:57Z;;0;185
2025-10-05T05:10:59Z;;1;186
2025-10-05T05:11:01Z;;0;185
2025-10-05T05:11:02Z;;1;186
2025-10-05T05:11:04Z;;0;185
2025-10-05T05:11:06Z;;1;186
2025-10-05T05:15:05Z;;16;201
2025-10-05T05:15:07Z;139;;155
2025-10-05T05:15:38Z;145;0;161
2025-10-05T05:15:40Z;143;;143
2025-10-05T05:15:41Z;;18;161
2025-10-05T05:17:36Z;111;;129
2025-10-05T05:25:35Z;150;;168
2025-10-05T05:25:55Z;14;;32
2025-10-05T05:26:35Z;108;;126
2025-10-05T05:26:55Z;70;;88
2025-10-05T05:30:05Z;;212;282
2025-10-05T05:30:07Z;-149;;63
2025-10-05T05:36:03Z;;444;295
2025-10-05T05:36:05Z;;247;98
2025-10-05T05:37:53Z;;301;152
2025-10-05T05:37:55Z;;295;146
2025-10-05T05:37:57Z;;306;157
2025-10-05T05:38:58Z;;299;150
2025-10-05T05:39:00Z;;308;159
2025-10-05T05:39:03Z;;298;149
2025-10-05T05:39:05Z;;306;157
2025-10-05T05:39:11Z;;295;146
2025-10-05T05:39:13Z;;303;154
2025-10-05T05:39:19Z;;299;150
2025-10-05T05:39:27Z;;301;152
2025-10-05T05:39:29Z;;296;147
2025-10-05T05:45:05Z;;123;-26
2025-10-05T05:45:07Z;-78;;45
2025-10-05T05:46:09Z;247;;370
2025-10-05T05:46:10Z;25;;148
2025-10-05T05:55:12Z;;306;331
2025-10-05T05:55:45Z;-299;;7
2025-10-05T05:55:47Z;-306;;0
2025-10-05T05:55:48Z;-300;;6
2025-10-05T05:55:49Z;-299;;7
2025-10-05T05:55:51Z;-311;;-5
2025-10-05T05:55:53Z;-299;;7
2025-10-05T05:56:08Z;-311;;-5
2025-10-05T05:56:10Z;-71;;235
2025-10-05T05:58:30Z;;604;533
2025-10-05T05:58:32Z;-559;;45
2025-10-05T05:58:43Z;-602;;2
2025-10-05T05:58:50Z;-635;;-31
2025-10-05T05:58:51Z;-221;;383
2025-10-05T06:00:05Z;;755;534
2025-10-05T06:00:06Z;-704;;51
2025-10-05T06:03:47Z;-602;;153
2025-10-05T06:04:06Z;;595;-7
2025-10-05T06:05:20Z;;601;-1
2025-10-05T06:05:25Z;-598;;3
2025-10-05T06:06:08Z;-606;597;-5
2025-10-05T06:06:33Z;-308;;289
2025-10-05T06:06:37Z;-282;133;-149
2025-10-05T06:06:38Z;-520;;-387
2025-10-05T06:06:39Z;;323;-197
2025-10-05T06:06:42Z;-298;;25
2025-10-05T06:06:56Z;;603;305
2025-10-05T06:06:59Z;-578;;25
2025-10-05T06:07:13Z;-601;;2
2025-10-05T06:07:16Z;;584;-17
2025-10-05T06:07:31Z;-304;;280
2025-10-05T06:07:41Z;;295;-9
2025-10-05T06:11:09Z;92;;387
2025-10-05T06:12:51Z;;306;398
2025-10-05T06:12:54Z;;299;391
2025-10-05T06:12:56Z;;303;395
2025-10-05T06:12:58Z;;281;373
2025-10-05T06:15:05Z;;242;334
2025-10-05T06:15:07Z;-56;;186
2025-10-05T06:16:59Z;;488;432
2025-10-05T06:17:01Z;;266;210
2025-10-05T06:19:34Z;;302;246
2025-10-05T06:19:38Z;-313;;-11
2025-10-05T06:19:45Z;;630;317
2025-10-05T06:19:48Z;-641;;-11
2025-10-05T06:19:57Z;-597;;33
2025-10-05T06:20:02Z;;595;-2
2025-10-05T06:20:16Z;;611;14
2025-10-05T06:20:22Z;;591;-6
2025-10-05T06:20:46Z;;600;3
2025-10-05T06:20:51Z;;595;-2
2025-10-05T06:20:53Z;;601;4
2025-10-05T06:20:59Z;-598;;3
2025-10-05T06:21:00Z;-600;;1
2025-10-05T06:21:05Z;;557;-43
2025-10-05T06:21:12Z;-307;;250
2025-10-05T06:21:19Z;;292;-15
2025-10-05T06:22:07Z;;305;-2
2025-10-05T06:22:10Z;-288;;17
2025-10-05T06:22:19Z;-312;;-7
2025-10-05T06:22:20Z;-296;;9
2025-10-05T06:22:26Z;-304;;1
2025-10-05T06:22:30Z;;296;-8
2025-10-05T06:23:55Z;;322;18
2025-10-05T06:23:57Z;-331;;-9
2025-10-05T06:24:01Z;;652;321
2025-10-05T06:24:02Z;-603;;49
2025-10-05T06:24:08Z;;932;329
2025-10-05T06:24:11Z;1093;;2025
2025-10-05T06:27:37Z;;851;1944
2025-10-05T06:27:39Z;;1060;2153
2025-10-05T06:27:43Z;-972;;88
2025-10-05T06:28:32Z;-997;;63
2025-10-05T06:28:33Z;-764;;296
2025-10-05T06:28:43Z;-986;;74
2025-10-05T06:28:44Z;-276;;784
2025-10-05T06:29:11Z;;537;261
2025-10-05T06:29:13Z;;1057;781
2025-10-05T06:30:05Z;;1035;759
2025-10-05T06:30:07Z;-959;;76
2025-10-05T06:32:12Z;542;;1577
2025-10-05T06:32:13Z;-825;;210
2025-10-05T06:35:57Z;;827;2
2025-10-05T06:36:01Z;-340;;487
2025-10-05T06:36:02Z;;556;216
2025-10-05T06:36:11Z;;285;-55
2025-10-05T06:36:18Z;;310;-30
2025-10-05T06:36:22Z;;291;-49
2025-10-05T06:36:35Z;;313;-27
2025-10-05T06:36:39Z;-242;;71
2025-10-05T06:36:40Z;;701;459
2025-10-05T06:36:42Z;;916;674
2025-10-05T06:36:44Z;-562;;354
2025-10-05T06:38:50Z;;873;311
2025-10-05T06:38:52Z;-533;;340
2025-10-05T06:38:53Z;;577;44
2025-10-05T06:38:55Z;;601;68
2025-10-05T06:38:59Z;-620;;-19
2025-10-05T06:39:00Z;;957;337
2025-10-05T06:41:05Z;-899;;58
2025-10-05T06:41:07Z;-904;;53
2025-10-05T06:41:09Z;-767;;190
2025-10-05T06:41:13Z;-900;;57
2025-10-05T06:41:15Z;-899;;58
2025-10-05T06:41:18Z;-912;;45
2025-10-05T06:41:21Z;-903;;54
2025-10-05T06:41:30Z;-908;;49
2025-10-05T06:41:32Z;-896;;61
2025-10-05T06:42:12Z;-891;;66
2025-10-05T06:42:14Z;-908;;49
2025-10-05T06:42:21Z;-892;;65
2025-10-05T06:42:27Z;-898;;59
2025-10-05T06:42:28Z;-903;;54
2025-10-05T06:42:32Z;-895;;62
2025-10-05T06:43:28Z;-909;;48
2025-10-05T06:43:36Z;;852;-57
2025-10-05T06:43:37Z;-664;;188
2025-10-05T06:43:39Z;;596;-68
2025-10-05T06:43:40Z;-400;;196
2025-10-05T06:43:43Z;;273;-127
2025-10-05T06:43:49Z;;340;-60
2025-10-05T06:44:00Z;-326;;14
2025-10-05T06:44:02Z;;624;298
2025-10-05T06:44:06Z;;550;224
2025-10-05T06:44:10Z;;618;292
2025-10-05T06:44:12Z;-580;;38
2025-10-05T06:44:15Z;;934;354
2025-10-05T06:44:20Z;-922;;12
2025-10-05T06:45:05Z;;1125;203
2025-10-05T06:45:09Z;-934;;191
2025-10-05T06:45:28Z;-951;;174
2025-10-05T06:45:29Z;-455;;670
2025-10-05T06:47:20Z;-966;;159
2025-10-05T06:47:21Z;-739;;386
2025-10-05T06:49:07Z;-892;;233
2025-10-05T06:49:11Z;-928;;197
2025-10-05T06:49:14Z;-847;;278
2025-10-05T06:49:17Z;;886;39
2025-10-05T06:49:19Z;;951;104
2025-10-05T06:49:28Z;-886;;65
2025-10-05T06:49:31Z;-918;;33
2025-10-05T06:49:40Z;-898;;53
2025-10-05T06:49:43Z;;1202;304
2025-10-05T06:50:06Z;;1196;298
2025-10-05T06:50:08Z;;1205;307
2025-10-05T06:50:19Z;;1182;284
2025-10-05T06:50:22Z;-984;;198
2025-10-05T06:50:23Z;;1200;216
2025-10-05T06:50:25Z;;1190;206
2025-10-05T06:50:27Z;-972;;218
2025-10-05T06:50:38Z;-975;1203;228
2025-10-05T06:50:40Z;;1195;220
2025-10-05T06:50:42Z;;1207;232
2025-10-05T06:50:44Z;;1194;219
2025-10-05T06:50:46Z;;1200;225
2025-10-05T06:50:52Z;;1198;223
2025-10-05T06:50:54Z;;1207;232
2025-10-05T06:51:02Z;-850;;357
2025-10-05T06:51:13Z;;1191;341
2025-10-05T06:51:15Z;-908;;283
2025-10-05T06:51:17Z;-661;765;530
2025-10-05T06:51:19Z;;491;-170
2025-10-05T06:51:23Z;-242;;249
2025-10-05T06:51:28Z;;293;51
2025-10-05T06:51:32Z;22;;315
2025-10-05T06:52:20Z;12;;305
2025-10-05T06:52:24Z;;347;359
2025-10-05T06:52:27Z;-321;;26
2025-10-05T06:52:28Z;;632;311
2025-10-05T06:52:31Z;-586;;46
2025-10-05T06:52:34Z;-609;;23
2025-10-05T06:52:36Z;;564;-45
2025-10-05T06:52:39Z;-307;;257
2025-10-05T06:52:40Z;-222;;342
2025-10-05T06:52:42Z;;688;466
2025-10-05T06:52:44Z;;994;772
2025-10-05T06:52:46Z;-526;;468
2025-10-05T06:52:47Z;-817;1230;177
2025-10-05T06:52:52Z;;1183;366
2025-10-05T06:53:01Z;;1207;390
2025-10-05T06:53:41Z;-875;;332
2025-10-05T06:53:45Z;-900;;307
2025-10-05T06:53:46Z;-887;;320
2025-10-05T06:53:50Z;-1023;;184
2025-10-05T06:54:08Z;190;;1397
2025-10-05T06:54:22Z;;1165;1355
2025-10-05T06:54:34Z;;888;1078
2025-10-05T06:54:37Z;654;;1542
2025-10-05T06:54:39Z;;552;1206
2025-10-05T06:54:42Z;919;;1471
2025-10-05T06:54:45Z;891;;1443
2025-10-05T06:54:47Z;;701;1592
2025-10-05T06:54:50Z;599;;1300
2025-10-05T06:54:55Z;;957;1556
2025-10-05T06:54:57Z;215;;1172
2025-10-05T06:54:58Z;;1244;1459
2025-10-05T06:55:28Z;;1170;1385
2025-10-05T06:55:31Z;;1204;1419
2025-10-05T06:56:05Z;;1191;1406
2025-10-05T06:56:07Z;;1215;1430
2025-10-05T06:57:33Z;;1137;1352
2025-10-05T06:57:35Z;893;;2030
2025-10-05T06:57:36Z;19;;1156
2025-10-05T06:57:37Z;;1263;1282
2025-10-05T06:57:40Z;;1048;1067
2025-10-05T06:57:42Z;;1263;1282
2025-10-05T06:58:00Z;348;;1611
2025-10-05T06:58:08Z;221;;1484
2025-10-05T06:58:39Z;889;1091;2152
2025-10-05T06:58:40Z;;1268;2157
2025-10-05T06:58:43Z;233;;1501
2025-10-05T07:00:05Z;;1269;1502
2025-10-05T07:00:07Z;119;;1388
2025-10-05T07:02:06Z;;1190;1309
2025-10-05T07:02:10Z;;1222;1341
2025-10-05T07:02:17Z;397;;1619
2025-10-05T07:02:19Z;61;;1283
2025-10-05T07:02:51Z;42;;1264
2025-10-05T07:05:28Z;-1246;;-24
2025-10-05T07:07:15Z;-1224;;-2
2025-10-05T07:07:17Z;;1125;-99
2025-10-05T07:07:22Z;-889;;236
2025-10-05T07:07:25Z;;1200;311
2025-10-05T07:07:27Z;-1159;;41
2025-10-05T07:07:59Z;-1278;;-78
2025-10-05T07:08:02Z;-1438;;-238
2025-10-05T07:08:33Z;-1132;;68
2025-10-05T07:08:34Z;;1159;27
2025-10-05T07:08:36Z;-899;886;260
2025-10-05T07:08:37Z;-541;;345
2025-10-05T07:08:39Z;-272;551;10
2025-10-05T07:08:42Z;;283;11
2025-10-05T07:08:43Z;;302;30
2025-10-05T07:08:47Z;-312;;-10
2025-10-05T07:08:53Z;;602;290
2025-10-05T07:08:55Z;;570;258
2025-10-05T07:08:59Z;-239;;331
2025-10-05T07:09:08Z;;293;54
2025-10-05T07:09:14Z;;312;73
2025-10-05T07:09:18Z;;292;53
2025-10-05T07:12:52Z;;302;63
2025-10-05T07:12:54Z;-309;;-7
2025-10-05T07:12:58Z;-284;;18
2025-10-05T07:13:02Z;-607;199;-85
2025-10-05T07:13:05Z;;775;168
2025-10-05T07:13:07Z;;948;341
2025-10-05T07:13:10Z;;839;232
2025-10-05T07:13:18Z;-956;933;326
2025-10-05T07:13:21Z;;1218;262
2025-10-05T07:13:22Z;;1157;201
2025-10-05T07:13:25Z;;1200;244
2025-10-05T07:13:27Z;;1163;207
2025-10-05T07:13:36Z;-1251;1288;332
2025-10-05T07:13:38Z;-1317;;-29
2025-10-05T07:13:40Z;-922;1176;-141
2025-10-05T07:13:43Z;;865;-57
2025-10-05T07:13:44Z;-614;;251
2025-10-05T07:13:46Z;-529;;336
2025-10-05T07:13:48Z;;1040;511
2025-10-05T07:13:50Z;;1268;739
2025-10-05T07:13:52Z;;1562;1033
2025-10-05T07:13:54Z;-702;;860
2025-10-05T07:13:55Z;-1141;;421
2025-10-05T07:14:04Z;;1483;342
2025-10-05T07:14:07Z;-1183;;300
2025-10-05T07:14:09Z;-910;1198;15
2025-10-05T07:14:11Z;;889;-21
2025-10-05T07:14:13Z;;923;13
2025-10-05T07:14:14Z;;857;-53
2025-10-05T07:14:17Z;-603;;254
2025-10-05T07:14:18Z;;548;-55
2025-10-05T07:14:29Z;-316;;232
2025-10-05T07:14:42Z;-288;;260
2025-10-05T07:14:51Z;;621;333
2025-10-05T07:14:54Z;-587;;34
2025-10-05T07:14:59Z;-627;;-6
2025-10-05T07:15:01Z;-293;519;-108
2025-10-05T07:15:05Z;;652;359
2025-10-05T07:15:13Z;-292;;360
2025-10-05T07:15:16Z;-310;;342
2025-10-05T07:15:31Z;-288;;364
2025-10-05T07:15:40Z;-320;;332
2025-10-05T07:16:06Z;;298;-22
2025-10-05T07:18:01Z;;306;-14
2025-10-05T07:18:05Z;;280;-40
2025-10-05T07:18:18Z;43;;323
2025-10-05T07:18:20Z;;315;358
2025-10-05T07:18:24Z;;291;334
2025-10-05T07:18:55Z;;300;343
2025-10-05T07:18:57Z;;292;335
2025-10-05T07:18:59Z;;300;343
2025-10-05T07:19:01Z;;299;342
2025-10-05T07:19:11Z;;304;347
2025-10-05T07:19:19Z;;293;336
2025-10-05T07:19:22Z;;305;348
2025-10-05T07:19:24Z;;297;340
2025-10-05T07:19:26Z;;302;345
2025-10-05T07:19:28Z;;292;335
2025-10-05T07:19:29Z;;305;348
2025-10-05T07:19:33Z;;713;756
2025-10-05T07:19:35Z;;939;982
2025-10-05T07:19:36Z;-218;;721
2025-10-05T07:19:37Z;-463;;476
2025-10-05T07:19:39Z;;1201;738
2025-10-05T07:19:41Z;;1110;647
2025-10-05T07:19:43Z;;662;199
2025-10-05T07:19:44Z;-938;;-276
2025-10-05T07:19:45Z;-1009;484;-454
2025-10-05T07:19:47Z;;692;-317
2025-10-05T07:19:48Z;;937;-72
2025-10-05T07:19:49Z;-628;;309
2025-10-05T07:19:50Z;-419;;518
2025-10-05T07:19:51Z;-1051;;-114
2025-10-05T07:19:53Z;-1070;;-133
2025-10-05T07:19:57Z;-793;;144
2025-10-05T07:20:02Z;-1205;;-268
2025-10-05T07:20:06Z;-903;;34
2025-10-05T07:20:08Z;-182;;755
2025-10-05T07:28:38Z;-463;;474
2025-10-05T07:29:06Z;;300;-163
2025-10-05T07:29:08Z;;293;-170
2025-10-05T07:29:09Z;;305;-158
2025-10-05T07:29:35Z;-294;;11
2025-10-05T07:29:36Z;-308;;-3
2025-10-05T07:29:38Z;-298;;7
2025-10-05T07:30:05Z;;396;98
2025-10-05T07:30:27Z;-561;;-165
2025-10-05T07:30:29Z;;635;74
2025-10-05T07:30:33Z;-811;;-176
2025-10-05T07:30:35Z;-1182;900;89
2025-10-05T07:30:36Z;-1438;;-538
2025-10-05T07:30:39Z;;1362;-76
2025-10-05T07:30:41Z;;1594;156
2025-10-05T07:30:46Z;-1576;;18
2025-10-05T07:30:48Z;;1470;-106
2025-10-05T07:30:49Z;-1402;;68
2025-10-05T07:30:51Z;;1524;122
2025-10-05T07:30:52Z;-1508;;16
2025-10-05T07:30:57Z;;1492;-16
2025-10-05T07:30:59Z;;1533;25
2025-10-05T07:31:01Z;-1174;1392;-116
2025-10-05T07:31:04Z;-921;1100;471
2025-10-05T07:31:06Z;-673;845;-76
2025-10-05T07:31:09Z;;563;-110
2025-10-05T07:31:39Z;;628;-45
2025-10-05T07:31:42Z;;1055;382
2025-10-05T07:31:43Z;-813;;242
2025-10-05T07:31:44Z;-1038;1223;410
2025-10-05T07:31:46Z;;1166;128
2025-10-05T07:31:47Z;-1258;;-92
2025-10-05T07:31:48Z;-1538;;-372
2025-10-05T07:31:50Z;;1249;-289
2025-10-05T07:31:51Z;;1620;82
2025-10-05T07:31:53Z;;1830;292
2025-10-05T07:32:19Z;;1745;207
2025-10-05T07:32:24Z;-1336;;409
2025-10-05T07:32:25Z;-769;;976
2025-10-05T07:32:27Z;;1482;713
2025-10-05T07:32:28Z;;959;190
2025-10-05T07:32:29Z;;669;-100
2025-10-05T07:32:31Z;;552;-217
2025-10-05T07:38:45Z;;825;56
2025-10-05T07:38:47Z;;521;-248
2025-10-05T07:39:59Z;-259;;262
2025-10-05T07:40:36Z;-443;;78
2025-10-05T07:40:46Z;-141;;380
2025-10-05T07:40:48Z;-342;;179
2025-10-05T07:40:49Z;-343;;178
2025-10-05T07:40:51Z;-332;;189
2025-10-05T07:41:00Z;-197;;324
2025-10-05T07:41:59Z;-92;;429
2025-10-05T07:42:19Z;-120;;401
2025-10-05T07:42:48Z;-327;;194
2025-10-05T07:42:53Z;-293;;228
2025-10-05T07:43:02Z;-325;;196
2025-10-05T07:43:05Z;-337;;184
2025-10-05T07:43:26Z;-143;;378
2025-10-05T07:45:05Z;;422;279
2025-10-05T07:45:06Z;-384;;38
2025-10-05T07:47:12Z;-420;;2
2025-10-05T07:47:13Z;-123;;299
2025-10-05T07:47:16Z;-426;;-4
2025-10-05T07:47:18Z;-182;;240
2025-10-05T07:50:06Z;;601;419
2025-10-05T07:50:26Z;-593;;8
2025-10-05T07:50:27Z;-604;;-3
2025-10-05T07:50:29Z;-596;;5
2025-10-05T07:51:16Z;;236;-360
2025-10-05T07:51:18Z;;697;101
2025-10-05T07:53:38Z;-967;944;348
2025-10-05T07:53:39Z;-1146;;-202
2025-10-05T07:53:41Z;-1589;1294;148
2025-10-05T07:53:43Z;;1551;-38
2025-10-05T07:53:45Z;;1948;359
2025-10-05T07:53:46Z;-1794;;154
2025-10-05T07:53:48Z;;1792;-2
2025-10-05T07:53:49Z;-1376;;416
2025-10-05T07:53:50Z;;1358;-18
2025-10-05T07:53:52Z;;1551;175
2025-10-05T07:53:54Z;;1441;65
2025-10-05T07:53:58Z;-1413;1529;28
2025-10-05T07:53:59Z;-1508;;21
2025-10-05T07:54:00Z;-1327;1473;-35
2025-10-05T07:54:04Z;-1264;;209
2025-10-05T07:54:06Z;;1500;236
2025-10-05T07:54:08Z;;1449;185
2025-10-05T07:54:09Z;-1265;;184
2025-10-05T07:54:12Z;-1021;1170;428
2025-10-05T07:54:14Z;;1200;179
2025-10-05T07:54:15Z;-1484;;-284
2025-10-05T07:54:16Z;-2039;;-839
2025-10-05T07:54:18Z;;1689;-350
2025-10-05T07:54:19Z;-2075;;-386
2025-10-05T07:54:20Z;;2006;-69
2025-10-05T07:54:21Z;;2201;126
2025-10-05T07:54:23Z;-2107;;94
2025-10-05T07:54:24Z;;2401;294
2025-10-05T07:54:26Z;;2391;284
2025-10-05T07:54:28Z;;2418;311
2025-10-05T07:54:30Z;;2398;291
2025-10-05T07:54:31Z;;2416;309
2025-10-05T07:54:33Z;;2393;286
2025-10-05T07:54:35Z;;2412;305
2025-10-05T07:54:37Z;;2397;290
2025-10-05T07:54:43Z;-2015;;382
2025-10-05T07:54:44Z;;1958;-57
2025-10-05T07:54:46Z;;1681;-334
2025-10-05T07:54:48Z;;1443;-572
2025-10-05T07:54:51Z;-1781;;-338
2025-10-05T07:54:52Z;-1315;1039;-276
2025-10-05T07:54:54Z;-1219;838;-180
2025-10-05T07:54:55Z;-1104;;-266
2025-10-05T07:54:56Z;-835;;3
2025-10-05T07:55:06Z;-796;;42
2025-10-05T07:55:09Z;-1328;938;-490
2025-10-05T07:55:11Z;-1294;1239;-89
2025-10-05T07:55:13Z;-965;;274
2025-10-05T07:55:52Z;-797;;442
2025-10-05T07:55:53Z;-1263;;-24
2025-10-05T07:55:58Z;-1484;;-245
2025-10-05T07:56:00Z;-1609;;-370
2025-10-05T07:56:02Z;-2108;;-869
2025-10-05T07:56:33Z;-2135;;-896
2025-10-05T07:57:29Z;-2083;2097;-844
2025-10-05T07:57:32Z;-1685;;412
2025-10-05T07:57:36Z;-2010;;87
2025-10-05T07:57:37Z;;1599;-411
2025-10-05T07:57:38Z;;1967;-43
2025-10-05T07:57:40Z;;2174;164
2025-10-05T07:57:44Z;;2012;2
2025-10-05T07:57:46Z;;1616;-394
2025-10-05T07:57:47Z;;1139;-871
2025-10-05T07:57:49Z;;803;-1207
2025-10-05T07:57:51Z;-2067;;-1264
2025-10-05T07:57:52Z;-1368;;-565
2025-10-05T07:57:53Z;-919;;-116
2025-10-05T07:57:55Z;-715;;88
2025-10-05T07:58:13Z;-598;;205
2025-10-05T07:58:14Z;-603;;200
2025-10-05T07:58:16Z;-596;;207
2025-10-05T07:58:55Z;;595;-1
2025-10-05T08:00:05Z;;547;-49
2025-10-05T08:01:17Z;-469;;78
2025-10-05T08:01:19Z;-278;;269
2025-10-05T08:09:51Z;;600;322
2025-10-05T08:09:55Z;;594;316
2025-10-05T08:09:59Z;;603;325
2025-10-05T08:10:00Z;;599;321
2025-10-05T08:10:01Z;;600;322
2025-10-05T08:12:39Z;;444;166
2025-10-05T08:12:41Z;;675;397
2025-10-05T08:12:43Z;-215;;460
2025-10-05T08:12:44Z;-525;;150
2025-10-05T08:12:46Z;-516;;159
2025-10-05T08:15:05Z;;629;113
2025-10-05T08:15:07Z;-476;;153
2025-10-05T08:15:37Z;;597;121
2025-10-05T08:15:39Z;;604;128
2025-10-05T08:15:42Z;;597;121
2025-10-05T08:15:44Z;;601;125
2025-10-05T08:15:47Z;;599;123
2025-10-05T08:17:37Z;;600;124
2025-10-05T08:17:39Z;;592;116
2025-10-05T08:17:41Z;;600;124
2025-10-05T08:17:43Z;;599;123
2025-10-05T08:17:45Z;;603;127
2025-10-05T08:17:46Z;;599;123
2025-10-05T08:17:52Z;;601;125
2025-10-05T08:17:54Z;;597;121
2025-10-05T08:20:48Z;;602;126
2025-10-05T08:20:52Z;;594;118
2025-10-05T08:20:56Z;;603;127
2025-10-05T08:21:01Z;;599;123
2025-10-05T08:21:08Z;;603;127
2025-10-05T08:21:12Z;;597;121
2025-10-05T08:21:18Z;;600;124
2025-10-05T08:21:20Z;;595;119
2025-10-05T08:22:15Z;;600;124
2025-10-05T08:22:17Z;;593;117
2025-10-05T08:22:18Z;;604;128
2025-10-05T08:22:20Z;;599;123
2025-10-05T08:22:22Z;;602;126
2025-10-05T08:23:33Z;-597;;5
2025-10-05T08:23:36Z;-682;;-80
2025-10-05T08:24:01Z;-580;;22
2025-10-05T08:24:04Z;-615;;-13
2025-10-05T08:24:05Z;-584;;18
2025-10-05T08:24:07Z;-616;;-14
2025-10-05T08:24:42Z;-512;;90
2025-10-05T08:26:21Z;-602;;0
2025-10-05T08:26:23Z;-598;;4
2025-10-05T08:27:36Z;;281;-317
2025-10-05T08:27:39Z;;681;83
2025-10-05T08:27:43Z;-375;;306
2025-10-05T08:27:49Z;-639;;42
2025-10-05T08:27:50Z;;558;-81
2025-10-05T08:27:51Z;-326;;232
2025-10-05T08:27:52Z;;684;358
2025-10-05T08:29:45Z;-605;;79
2025-10-05T08:29:47Z;-589;;95
2025-10-05T08:29:52Z;-601;;83
2025-10-05T08:29:55Z;-590;;94
2025-10-05T08:29:56Z;-600;;84
2025-10-05T08:30:00Z;-601;;83
2025-10-05T08:30:01Z;-601;;83
2025-10-05T08:30:05Z;;640;39
2025-10-05T08:30:07Z;-596;;44
2025-10-05T08:30:39Z;-598;;42
2025-10-05T08:30:51Z;-599;;41
2025-10-05T08:30:52Z;-605;;35
2025-10-05T08:30:53Z;-598;;42
2025-10-05T08:30:57Z;-601;;39
2025-10-05T08:30:59Z;-596;;44
2025-10-05T08:31:11Z;-613;;27
2025-10-05T08:31:13Z;-596;;44
2025-10-05T08:32:44Z;-585;;55
2025-10-05T08:33:10Z;;598;13
2025-10-05T08:33:12Z;;602;17
2025-10-05T08:33:16Z;;596;11
2025-10-05T08:33:32Z;;601;16
2025-10-05T08:33:34Z;;597;12
2025-10-05T08:33:42Z;;601;16
2025-10-05T08:33:44Z;;595;10
2025-10-05T08:38:17Z;-307;;288
2025-10-05T08:38:19Z;-290;;305
2025-10-05T08:38:28Z;-297;;298
2025-10-05T08:38:29Z;-296;;299
2025-10-05T08:38:35Z;-310;;285
2025-10-05T08:38:36Z;-298;;297
2025-10-05T08:38:37Z;-303;;292
2025-10-05T08:38:39Z;-296;;299
2025-10-05T08:38:41Z;-305;;290
2025-10-05T08:38:42Z;-299;;296
2025-10-05T08:38:48Z;-305;;290
2025-10-05T08:38:49Z;-293;;302
2025-10-05T08:38:57Z;-305;;290
2025-10-05T08:38:59Z;-293;;302
2025-10-05T08:39:05Z;-311;;284
2025-10-05T08:39:06Z;-299;;296
2025-10-05T08:39:07Z;-305;;290
2025-10-05T08:39:08Z;-297;;298
2025-10-05T08:39:17Z;-307;;288
2025-10-05T08:39:19Z;-297;;298
2025-10-05T08:39:27Z;-309;;286
2025-10-05T08:39:29Z;-292;;303
2025-10-05T08:39:37Z;-309;;286
2025-10-05T08:39:38Z;-299;;296
2025-10-05T08:39:48Z;-300;;295
2025-10-05T08:39:58Z;-297;;298
2025-10-05T08:40:01Z;-299;;296
2025-10-05T08:40:10Z;-296;;299
2025-10-05T08:40:13Z;-301;;294
2025-10-05T08:40:14Z;-297;;298
2025-10-05T08:40:15Z;-301;;294
2025-10-05T08:40:20Z;-297;;298
2025-10-05T08:40:22Z;-301;;294
2025-10-05T08:40:28Z;-297;;298
2025-10-05T08:40:29Z;-303;;292
2025-10-05T08:40:30Z;-295;;300
2025-10-05T08:40:32Z;-302;;293
2025-10-05T08:40:34Z;-296;;299
2025-10-05T08:40:36Z;-310;;285
2025-10-05T08:40:40Z;-289;;306
2025-10-05T08:40:49Z;-298;;297
2025-10-05T08:40:50Z;-308;;287
2025-10-05T08:40:58Z;-297;;298
2025-10-05T08:41:00Z;-300;;295
2025-10-05T08:41:04Z;-301;;294
2025-10-05T08:41:08Z;-294;;301
2025-10-05T08:41:12Z;-301;;294
2025-10-05T08:41:13Z;-298;;297
2025-10-05T08:41:15Z;-302;;293
2025-10-05T08:41:17Z;-293;;302
2025-10-05T08:41:25Z;-303;;292
2025-10-05T08:41:27Z;-297;;298
2025-10-05T08:41:28Z;-306;;289
2025-10-05T08:41:30Z;-305;;290
2025-10-05T08:41:45Z;-313;;282
2025-10-05T08:41:46Z;-299;;296
2025-10-05T08:41:56Z;-300;;295
2025-10-05T08:41:57Z;-293;;302
2025-10-05T08:42:05Z;-303;;292
2025-10-05T08:42:08Z;-296;;299
2025-10-05T08:42:13Z;-301;;294
2025-10-05T08:42:17Z;-291;;304
2025-10-05T08:42:18Z;-300;;295
2025-10-05T08:42:21Z;-299;;296
2025-10-05T08:42:22Z;-304;180;-124
2025-10-05T08:42:24Z;;334;30
2025-10-05T08:42:34Z;-297;;37
2025-10-05T08:42:35Z;-302;;32
2025-10-05T08:42:39Z;-299;;35
2025-10-05T08:42:43Z;-303;;31
2025-10-05T08:42:49Z;;114;-189
2025-10-05T08:42:50Z;-301;;-187
2025-10-05T08:42:51Z;;340;39
2025-10-05T08:42:54Z;-303;;37
2025-10-05T08:43:01Z;-301;;39
2025-10-05T08:43:04Z;-300;;40
2025-10-05T08:43:05Z;-308;;32
2025-10-05T08:43:09Z;-311;;29
2025-10-05T08:43:10Z;-294;;46
2025-10-05T08:43:26Z;-294;;46
2025-10-05T08:43:28Z;-307;;33
2025-10-05T08:45:05Z;;373;66
2025-10-05T08:45:09Z;-346;;27
2025-10-05T08:50:40Z;;600;254
2025-10-05T08:50:42Z;;594;248
2025-10-05T08:50:44Z;;601;255
2025-10-05T08:50:46Z;;598;252
2025-10-05T08:50:48Z;;606;260
2025-10-05T08:51:22Z;-595;;11
2025-10-05T08:51:24Z;-599;;7
2025-10-05T08:51:27Z;-606;;0
2025-10-05T08:51:29Z;-603;;3
2025-10-05T08:55:59Z;;905;302
2025-10-05T08:56:03Z;;896;293
2025-10-05T08:56:08Z;;930;327
2025-10-05T08:56:09Z;-950;;-20
2025-10-05T08:56:10Z;-1339;;-409
2025-10-05T08:56:11Z;;1595;256
2025-10-05T08:56:13Z;;1494;155
2025-10-05T08:56:14Z;-1596;1036;-102
2025-10-05T08:56:16Z;;867;-729
2025-10-05T08:56:18Z;-1186;;-319
2025-10-05T08:56:33Z;-871;;-4
2025-10-05T08:56:34Z;;969;98
2025-10-05T08:56:35Z;-1320;;-351
2025-10-05T08:56:36Z;;1238;-82
2025-10-05T08:56:38Z;-1228;1540;10
2025-10-05T08:56:40Z;-910;1465;630
2025-10-05T08:56:42Z;;1108;198
2025-10-05T08:56:44Z;;862;-48
2025-10-05T08:56:55Z;;919;9
2025-10-05T08:56:58Z;-1018;;-99
2025-10-05T08:57:05Z;-870;;49
2025-10-05T08:57:06Z;;878;8
2025-10-05T08:57:47Z;;927;57
2025-10-05T08:57:49Z;-949;1225;355
2025-10-05T08:57:52Z;-1171;;54
2025-10-05T08:57:54Z;;1568;397
2025-10-05T08:57:55Z;-1492;;76
2025-10-05T08:57:57Z;-1798;;-230
2025-10-05T08:57:58Z;;1917;119
2025-10-05T08:57:59Z;-1517;;400
2025-10-05T08:58:00Z;;1709;192
2025-10-05T08:58:01Z;;1413;-104
2025-10-05T08:58:03Z;;1607;90
2025-10-05T08:58:04Z;-1420;;187
2025-10-05T08:58:05Z;;1838;418
2025-10-05T08:58:06Z;;1730;310
2025-10-05T08:58:08Z;-1836;1347;-73
2025-10-05T08:58:10Z;-1800;;-453
2025-10-05T08:58:11Z;-1326;;21
2025-10-05T08:58:12Z;;1130;-196
2025-10-05T08:58:35Z;;1230;-96
2025-10-05T08:58:36Z;-1207;;23
2025-10-05T08:58:37Z;-1109;;121
2025-10-05T08:58:39Z;;1156;47
2025-10-05T08:58:40Z;-1417;;-261
2025-10-05T08:58:41Z;-1672;1297;-375
2025-10-05T08:58:43Z;-1280;1672;0
2025-10-05T08:58:45Z;-1172;1395;500
2025-10-05T08:58:47Z;;1152;-20
2025-10-05T08:58:50Z;;1279;107
2025-10-05T08:58:51Z;-1213;;66
2025-10-05T08:58:52Z;-1014;;265
2025-10-05T08:58:55Z;-878;1164;401
2025-10-05T08:58:57Z;;889;11
2025-10-05T08:59:06Z;;987;109
2025-10-05T08:59:07Z;-1028;;-41
2025-10-05T08:59:10Z;;1889;861
2025-10-05T08:59:13Z;-1472;2107;417
2025-10-05T08:59:14Z;-2001;;106
2025-10-05T08:59:15Z;;1737;-264
2025-10-05T08:59:17Z;;1220;-781
2025-10-05T08:59:18Z;-1901;;-681
2025-10-05T08:59:19Z;-1928;;-708
2025-10-05T08:59:20Z;-1421;944;-984
2025-10-05T08:59:21Z;-1025;;-81
2025-10-05T08:59:22Z;;894;-131
2025-10-05T08:59:39Z;-857;;37
2025-10-05T08:59:40Z;;929;72
2025-10-05T08:59:41Z;-1112;;-183
2025-10-05T08:59:42Z;;1222;110
2025-10-05T08:59:43Z;-1455;;-233
2025-10-05T08:59:44Z;;1654;199
2025-10-05T08:59:45Z;;1861;406
2025-10-05T08:59:47Z;-1805;;56
2025-10-05T08:59:48Z;-1921;2264;459
2025-10-05T08:59:51Z;;2090;169
2025-10-05T08:59:53Z;;1537;-384
2025-10-05T08:59:55Z;;1029;-892
2025-10-05T08:59:56Z;-1180;;-151
2025-10-05T08:59:57Z;-916;;113
2025-10-05T08:59:59Z;-908;;121
2025-10-05T09:00:05Z;;1038;130
2025-10-05T09:00:07Z;-848;;190
2025-10-05T09:00:08Z;;879;31
2025-10-05T09:00:09Z;-1029;;-150
2025-10-05T09:00:12Z;-848;;31
2025-10-05T09:00:14Z;;920;72
2025-10-05T09:00:15Z;-909;;11
2025-10-05T09:00:16Z;-882;;38
2025-10-05T09:00:21Z;-1123;1290;-203
2025-10-05T09:00:23Z;-1655;;-365
2025-10-05T09:00:25Z;-1841;1638;-551
2025-10-05T09:00:27Z;;1845;4
2025-10-05T09:00:29Z;;2194;353
2025-10-05T09:00:31Z;;2067;226
2025-10-05T09:00:32Z;-1837;;230
2025-10-05T09:00:33Z;;1793;-44
2025-10-05T09:00:34Z;-1672;;395
2025-10-05T09:00:36Z;-1144;;649
2025-10-05T09:00:37Z;-1039;;754
2025-10-05T09:00:38Z;;1263;224
2025-10-05T09:00:42Z;;1146;107
2025-10-05T09:00:43Z;;898;-141
2025-10-05T09:00:45Z;;902;-137
2025-10-05T09:00:47Z;;887;-152
2025-10-05T09:00:51Z;-816;1300;261
2025-10-05T09:00:53Z;;1741;925
2025-10-05T09:00:54Z;-1812;;-71
2025-10-05T09:00:56Z;;2077;265
2025-10-05T09:00:58Z;;2333;521
2025-10-05T09:00:59Z;;2454;642
2025-10-05T09:01:01Z;;2356;544
2025-10-05T09:01:03Z;-2369;;-13
2025-10-05T09:01:05Z;-2119;;237
2025-10-05T09:01:06Z;-1737;1778;619
2025-10-05T09:01:08Z;-1343;1860;435
2025-10-05T09:01:10Z;;1567;224
2025-10-05T09:01:12Z;-1027;;540
2025-10-05T09:01:14Z;;1300;273
2025-10-05T09:01:16Z;;1181;154
2025-10-05T09:01:17Z;;899;-128
2025-10-05T09:01:21Z;-854;;45
2025-10-05T09:01:22Z;;961;107
2025-10-05T09:01:23Z;-1217;;-256
2025-10-05T09:01:24Z;;1216;-1
2025-10-05T09:01:25Z;-2478;;-1262
2025-10-05T09:01:26Z;;2282;-196
2025-10-05T09:01:28Z;;2619;141
2025-10-05T09:01:40Z;-2398;;221
2025-10-05T09:01:44Z;;2398;0
2025-10-05T09:01:47Z;-1982;;416
2025-10-05T09:01:48Z;;1953;-29
2025-10-05T09:01:50Z;-1791;;162
2025-10-05T09:01:51Z;-2022;2297;-69
2025-10-05T09:01:53Z;;2451;429
2025-10-05T09:01:55Z;-2349;2333;102
2025-10-05T09:01:59Z;-2088;;245
2025-10-05T09:02:00Z;-2194;2421;139
2025-10-05T09:02:02Z;;2375;181
2025-10-05T09:02:06Z;;2420;226
2025-10-05T09:02:08Z;;2317;123
2025-10-05T09:02:10Z;;2457;263
2025-10-05T09:02:11Z;-2452;;5
2025-10-05T09:03:46Z;;2701;249
2025-10-05T09:03:48Z;;2659;207
2025-10-05T09:03:52Z;-2460;;199
2025-10-05T09:03:53Z;-2338;;321
2025-10-05T09:04:10Z;-2382;;277
2025-10-05T09:04:11Z;;2371;-11
2025-10-05T09:04:13Z;;2435;53
2025-10-05T09:04:15Z;-2425;;10
2025-10-05T09:04:16Z;;2249;-176
2025-10-05T09:04:18Z;;1790;-635
2025-10-05T09:04:20Z;;1916;-509
2025-10-05T09:04:21Z;;2341;-84
2025-10-05T09:04:23Z;-1604;;737
2025-10-05T09:04:24Z;;2555;951
2025-10-05T09:04:27Z;-2046;;509
2025-10-05T09:04:51Z;;2704;658
2025-10-05T09:05:08Z;;2698;652
2025-10-05T09:05:18Z;;2702;656
2025-10-05T09:05:20Z;;2695;649
2025-10-05T09:05:27Z;-2458;;237
2025-10-05T09:05:28Z;;2354;-104
2025-10-05T09:05:29Z;-2231;;123
2025-10-05T09:05:30Z;;1994;-237
2025-10-05T09:05:33Z;-1937;;57
2025-10-05T09:05:34Z;-2413;2428;15
2025-10-05T09:05:42Z;;2302;-111
2025-10-05T09:05:43Z;-2434;;-132
2025-10-05T09:05:44Z;-2175;;127
2025-10-05T09:05:45Z;-1353;2094;949
2025-10-05T09:05:47Z;-1103;1584;231
2025-10-05T09:05:49Z;;1325;222
2025-10-05T09:05:51Z;;1110;-243
2025-10-05T09:06:12Z;-889;;221
2025-10-05T09:06:14Z;-906;;204
2025-10-05T09:06:43Z;;1356;450
2025-10-05T09:06:44Z;-1441;;-85
2025-10-05T09:06:45Z;-1769;;-413
2025-10-05T09:06:46Z;;1685;-84
2025-10-05T09:06:48Z;;1928;159
2025-10-05T09:06:49Z;-1910;;18
2025-10-05T09:06:50Z;;1759;-151
2025-10-05T09:06:51Z;-1546;;213
2025-10-05T09:06:52Z;;1467;-79
2025-10-05T09:06:54Z;-1436;;31
2025-10-05T09:06:56Z;-1946;1652;216
2025-10-05T09:06:57Z;;1889;-57
2025-10-05T09:06:58Z;-2009;;-120
2025-10-05T09:06:59Z;;2146;137
2025-10-05T09:07:00Z;-2081;;65
2025-10-05T09:07:01Z;;1993;-88
2025-10-05T09:07:02Z;-1859;;134
2025-10-05T09:07:04Z;-2101;;-108
2025-10-05T09:07:05Z;;2198;97
2025-10-05T09:07:06Z;;2048;-53
2025-10-05T09:07:07Z;;1676;-425
2025-10-05T09:07:08Z;-1799;;-123
2025-10-05T09:07:10Z;-1129;1482;-317
2025-10-05T09:07:11Z;-1182;;300
2025-10-05T09:07:13Z;-1146;;336
2025-10-05T09:07:14Z;;1196;50
2025-10-05T09:07:15Z;;1215;69
2025-10-05T09:07:17Z;-1148;;67
2025-10-05T09:07:18Z;;1177;29
2025-10-05T09:07:20Z;;1260;112
2025-10-05T09:07:23Z;-1084;;176
2025-10-05T09:07:24Z;;1090;6
2025-10-05T09:07:39Z;-909;;181
2025-10-05T09:07:41Z;-902;;188
2025-10-05T09:07:43Z;-900;;190
2025-10-05T09:08:04Z;;896;-4
2025-10-05T09:08:08Z;;901;1
2025-10-05T09:08:10Z;;897;-3
2025-10-05T09:08:14Z;;901;1
2025-10-05T09:08:51Z;-1115;;-214
2025-10-05T09:08:52Z;;1206;91
2025-10-05T09:08:54Z;-1541;;-335
2025-10-05T09:08:57Z;-1471;1509;-32
2025-10-05T09:08:58Z;;1498;27
2025-10-05T09:09:01Z;;1510;39
2025-10-05T09:09:03Z;;1493;22
2025-10-05T09:09:05Z;-1483;1520;37
2025-10-05T09:09:07Z;-1484;;9
2025-10-05T09:09:09Z;;1432;-52
2025-10-05T09:09:12Z;-1152;;280
2025-10-05T09:09:14Z;-1217;;215
2025-10-05T09:09:17Z;-1190;;242
2025-10-05T09:09:18Z;;1197;7
2025-10-05T09:09:31Z;;1200;10
2025-10-05T09:09:34Z;-1208;;-8
2025-10-05T09:09:55Z;;1526;318
2025-10-05T09:09:59Z;-1503;;23
2025-10-05T09:10:07Z;-1490;;36
2025-10-05T09:10:08Z;;1478;-12
2025-10-05T09:10:14Z;-1210;;268
2025-10-05T09:10:19Z;;1183;-27
2025-10-05T09:10:29Z;-883;;300
2025-10-05T09:10:37Z;;897;14
2025-10-05T09:11:52Z;;902;19
2025-10-05T09:12:03Z;-896;;6
2025-10-05T09:12:18Z;;1208;312
2025-10-05T09:12:28Z;;1518;622
2025-10-05T09:12:29Z;-1486;;-278
2025-10-05T09:12:36Z;-1528;;-10
2025-10-05T09:12:37Z;;1349;-179
2025-10-05T09:12:41Z;;1509;-19
2025-10-05T09:12:43Z;-1151;1312;-216
2025-10-05T09:12:45Z;;1122;-29
2025-10-05T09:12:50Z;-1022;;100
2025-10-05T09:12:51Z;;1317;295
2025-10-05T09:12:56Z;-1470;;-153
2025-10-05T09:12:57Z;;1564;94
2025-10-05T09:12:59Z;-1748;;-184
2025-10-05T09:13:00Z;;1806;58
2025-10-05T09:13:01Z;-2025;;-219
2025-10-05T09:13:02Z;;2201;176
2025-10-05T09:13:06Z;-1183;2096;1018
2025-10-05T09:13:08Z;;1591;408
2025-10-05T09:13:09Z;;1273;90
2025-10-05T09:13:10Z;-1047;;226
2025-10-05T09:13:12Z;;1165;118
2025-10-05T09:13:14Z;;891;-156
2025-10-05T09:13:19Z;-809;;82
2025-10-05T09:13:20Z;;908;99
2025-10-05T09:13:22Z;-1083;1214;405
2025-10-05T09:13:23Z;;984;-99
2025-10-05T09:13:25Z;;872;-211
2025-10-05T09:13:28Z;;904;-179
2025-10-05T09:13:33Z;-997;;-93
2025-10-05T09:13:37Z;-852;;52
2025-10-05T09:13:38Z;;861;9
2025-10-05T09:14:11Z;;973;121
2025-10-05T09:14:13Z;-981;;-8
2025-10-05T09:14:16Z;-875;;98
2025-10-05T09:14:18Z;;877;2
2025-10-05T09:14:20Z;;902;27
2025-10-05T09:14:24Z;-981;;-79
2025-10-05T09:14:25Z;;1235;254
2025-10-05T09:14:27Z;;1055;74
2025-10-05T09:14:28Z;-892;;163
2025-10-05T09:14:33Z;-890;;165
2025-10-05T09:14:49Z;-1041;;14
2025-10-05T09:14:50Z;;1247;206
2025-10-05T09:14:52Z;;1634;593
2025-10-05T09:14:53Z;-1553;;81
2025-10-05T09:14:56Z;;1461;-92
2025-10-05T09:14:57Z;;1802;249
2025-10-05T09:14:59Z;;1724;171
2025-10-05T09:15:01Z;;1818;265
2025-10-05T09:15:02Z;;1779;226
2025-10-05T09:15:03Z;-1711;;68
2025-10-05T09:15:05Z;-1811;;-32
2025-10-05T09:15:06Z;-1569;;210
2025-10-05T09:15:07Z;;1438;-131
2025-10-05T09:15:08Z;-1569;;-131
2025-10-05T09:15:10Z;-969;1945;976
2025-10-05T09:15:12Z;;1124;155
2025-10-05T09:15:13Z;;897;-72
2025-10-05T09:15:33Z;;901;-68
2025-10-05T09:15:42Z;-897;;4
2025-10-05T09:15:55Z;-1080;;-179
2025-10-05T09:15:56Z;-1263;1473;-362
2025-10-05T09:15:58Z;;1729;466
2025-10-05T09:16:02Z;;1817;554
2025-10-05T09:16:03Z;-1849;;-32
2025-10-05T09:16:11Z;;2139;290
2025-10-05T09:16:14Z;-2109;;30
2025-10-05T09:16:18Z;-2085;;54
2025-10-05T09:16:19Z;;2086;1
2025-10-05T09:16:21Z;-2035;;51
2025-10-05T09:16:22Z;;2179;144
2025-10-05T09:16:27Z;-2122;;57
2025-10-05T09:16:28Z;;2088;-34
2025-10-05T09:16:29Z;-1876;;212
2025-10-05T09:16:30Z;;2300;424
2025-10-05T09:16:32Z;;2414;538
2025-10-05T09:16:34Z;;2379;503
2025-10-05T09:16:35Z;;2039;163
2025-10-05T09:16:36Z;-1877;;162
2025-10-05T09:16:37Z;;2154;277
2025-10-05T09:16:39Z;;1985;108
2025-10-05T09:16:41Z;-2018;;-33
2025-10-05T09:16:42Z;;2212;194
2025-10-05T09:16:54Z;;2431;413
2025-10-05T09:16:56Z;;2365;347
2025-10-05T09:17:00Z;;2439;421
2025-10-05T09:17:02Z;-2459;;-20
2025-10-05T09:17:07Z;;2705;246
2025-10-05T09:17:10Z;;2695;236
2025-10-05T09:17:12Z;;2710;251
2025-10-05T09:17:27Z;;2691;232
2025-10-05T09:17:52Z;-2378;;313
2025-10-05T09:17:55Z;;2393;15
2025-10-05T09:18:01Z;-2061;;332
2025-10-05T09:18:02Z;;2090;29
2025-10-05T09:18:07Z;-1787;;303
2025-10-05T09:18:08Z;;1743;-44
2025-10-05T09:18:14Z;-1507;;236
2025-10-05T09:18:24Z;;1478;-29
2025-10-05T09:18:52Z;-1194;;284
2025-10-05T09:18:54Z;;1191;-3
2025-10-05T09:20:13Z;;543;-651
2025-10-05T09:20:15Z;;985;-209
2025-10-05T09:20:38Z;;1213;19
2025-10-05T09:20:43Z;;1181;-13
2025-10-05T09:21:20Z;;1227;33
2025-10-05T09:21:21Z;-1208;;19
2025-10-05T09:21:25Z;-1168;;59
2025-10-05T09:21:26Z;;1191;23
2025-10-05T09:21:28Z;;1228;60
2025-10-05T09:21:30Z;-1212;;16
2025-10-05T09:22:06Z;;1514;302
2025-10-05T09:22:08Z;-1528;;-14
2025-10-05T09:22:22Z;;1801;273
2025-10-05T09:22:24Z;-1798;;3
2025-10-05T09:22:31Z;;2182;384
2025-10-05T09:22:32Z;-2176;;6
2025-10-05T09:22:35Z;;2404;228
2025-10-05T09:22:37Z;;2342;166
2025-10-05T09:22:38Z;-2056;2071;286
2025-10-05T09:22:39Z;-1903;;168
2025-10-05T09:22:40Z;;1790;-113
2025-10-05T09:22:43Z;-1654;2027;373
2025-10-05T09:22:45Z;;2110;456
2025-10-05T09:22:46Z;-1831;;279
2025-10-05T09:22:47Z;;2039;208
2025-10-05T09:22:49Z;;1783;-48
2025-10-05T09:22:50Z;-1672;;111
2025-10-05T09:22:51Z;-2402;1893;221
2025-10-05T09:22:52Z;;2330;-72
2025-10-05T09:22:53Z;-2431;;-101
2025-10-05T09:22:54Z;;2529;98
2025-10-05T09:22:57Z;-2414;;115
2025-10-05T09:22:58Z;-2362;;167
2025-10-05T09:23:00Z;;2391;29
2025-10-05T09:23:06Z;-2049;;342
2025-10-05T09:23:08Z;-2100;;291
2025-10-05T09:23:09Z;-2065;;326
2025-10-05T09:23:10Z;;2050;-15
2025-10-05T09:23:19Z;-1797;;253
2025-10-05T09:23:20Z;;1708;-89
2025-10-05T09:23:22Z;-1451;;257
2025-10-05T09:23:24Z;;1485;34
2025-10-05T09:23:28Z;-1207;;278
2025-10-05T09:23:30Z;;1165;-42
2025-10-05T09:23:37Z;-882;;283
2025-10-05T09:23:38Z;;869;-13
2025-10-05T09:24:03Z;-601;;268
2025-10-05T09:24:14Z;;597;-4
2025-10-05T09:25:40Z;;604;3
2025-10-05T09:25:51Z;-591;;13
2025-10-05T09:26:17Z;;918;327
2025-10-05T09:26:19Z;-883;;35
2025-10-05T09:26:26Z;;1260;377
2025-10-05T09:26:27Z;-1261;;-1
2025-10-05T09:26:30Z;;1564;303
2025-10-05T09:26:34Z;-1479;1881;85
2025-10-05T09:26:35Z;-1765;;116
2025-10-05T09:26:40Z;-1860;;21
2025-10-05T09:26:42Z;;1767;-93
2025-10-05T09:26:45Z;;1852;-8
2025-10-05T09:26:46Z;-1916;;-64
2025-10-05T09:26:47Z;;2116;200
2025-10-05T09:26:49Z;;2464;548
2025-10-05T09:26:50Z;-2546;;-82
2025-10-05T09:26:51Z;;2702;156
2025-10-05T09:26:52Z;-2714;;-250
2025-10-05T09:26:54Z;-2677;;25
2025-10-05T09:26:55Z;;2687;10
2025-10-05T09:26:56Z;-2451;;251
2025-10-05T09:26:57Z;;2397;-54
2025-10-05T09:26:58Z;-1772;;625
2025-10-05T09:26:59Z;;2001;229
2025-10-05T09:27:01Z;;2304;532
2025-10-05T09:27:02Z;-1800;;201
2025-10-05T09:27:03Z;;2777;977
2025-10-05T09:27:06Z;-2086;2647;847
2025-10-05T09:27:07Z;-2787;;-140
2025-10-05T09:27:08Z;;2122;-665
2025-10-05T09:27:09Z;-2613;;-491
2025-10-05T09:27:10Z;;1976;-637
2025-10-05T09:27:11Z;;1762;-851
2025-10-05T09:27:13Z;;1806;-807
2025-10-05T09:27:15Z;;2179;-434
2025-10-05T09:27:19Z;-1780;;399
2025-10-05T09:27:20Z;;1839;59
2025-10-05T09:27:21Z;-1987;;-148
2025-10-05T09:27:22Z;;1591;-396
2025-10-05T09:27:24Z;;1481;-506
2025-10-05T09:27:25Z;-2135;;-654
2025-10-05T09:27:27Z;-2126;;-645
2025-10-05T09:27:28Z;-1605;;-124
2025-10-05T09:27:29Z;-1195;;286
2025-10-05T09:27:30Z;-1189;;292
2025-10-05T09:27:31Z;-1183;;298
2025-10-05T09:27:32Z;;1152;-31
2025-10-05T09:27:34Z;;1221;38
2025-10-05T09:27:35Z;-1157;;64
2025-10-05T09:27:38Z;-1370;1608;-149
2025-10-05T09:27:40Z;-2360;2198;-752
2025-10-05T09:27:42Z;;2515;155
2025-10-05T09:27:44Z;;2028;-332
2025-10-05T09:27:46Z;;1615;-745
2025-10-05T09:27:47Z;-2182;2352;-567
2025-10-05T09:27:48Z;-1647;;705
2025-10-05T09:27:49Z;-1586;;766
2025-10-05T09:27:51Z;;2635;1049
2025-10-05T09:27:52Z;;2338;752
2025-10-05T09:27:54Z;;2586;1000
2025-10-05T09:27:56Z;-2505;;81
2025-10-05T09:27:57Z;-2388;;198
2025-10-05T09:27:59Z;-2668;;-82
2025-10-05T09:28:00Z;;2824;831
2025-10-05T09:28:01Z;-1993;;593
2025-10-05T09:28:02Z;-1743;;888
2025-10-05T09:28:03Z;-2319;2631;638
2025-10-05T09:28:04Z;;2298;-21
2025-10-05T09:28:06Z;;1918;-401
2025-10-05T09:28:08Z;;1749;-570
2025-10-05T09:28:09Z;;1879;-440
2025-10-05T09:28:10Z;-2736;;-857
2025-10-05T09:28:11Z;;2210;-526
2025-10-05T09:28:13Z;;2482;-254
2025-10-05T09:28:15Z;;2927;191
2025-10-05T09:28:16Z;;3011;275
2025-10-05T09:28:18Z;;2995;259
2025-10-05T09:28:20Z;-3000;3047;-5
2025-10-05T09:28:22Z;-3022;;25
2025-10-05T09:28:24Z;-2063;2580;984
2025-10-05T09:28:25Z;;2146;83
2025-10-05T09:28:26Z;-1856;;290
2025-10-05T09:28:27Z;;2018;162
2025-10-05T09:28:28Z;-1899;;119
2025-10-05T09:28:29Z;;2449;550
2025-10-05T09:28:31Z;;2780;881
2025-10-05T09:28:33Z;-2605;2457;558
2025-10-05T09:28:34Z;;2359;-246
2025-10-05T09:28:36Z;-2304;2451;-154
2025-10-05T09:28:38Z;-2322;;129
2025-10-05T09:28:39Z;-2430;;21
2025-10-05T09:28:41Z;-1789;2717;662
2025-10-05T09:28:42Z;-1650;;1067
2025-10-05T09:28:43Z;;2369;719
2025-10-05T09:28:45Z;;1966;316
2025-10-05T09:28:47Z;;1746;96
2025-10-05T09:28:49Z;;2210;560
2025-10-05T09:28:50Z;-2414;;-204
2025-10-05T09:28:52Z;-2673;;-463
2025-10-05T09:28:53Z;-2761;;-551
2025-10-05T09:28:54Z;-3017;;-807
2025-10-05T09:28:55Z;-2991;2629;-388
2025-10-05T09:28:56Z;-2687;;-58
2025-10-05T09:28:57Z;;2815;128
2025-10-05T09:28:59Z;;3072;385
2025-10-05T09:29:00Z;-2218;;854
2025-10-05T09:29:03Z;-2906;;166
2025-10-05T09:29:05Z;;2562;-344
2025-10-05T09:29:07Z;;2242;-664
2025-10-05T09:29:08Z;;2658;-248
2025-10-05T09:29:10Z;;2875;-31
2025-10-05T09:29:12Z;;3056;150
2025-10-05T09:29:14Z;;2949;43
2025-10-05T09:29:16Z;;3057;151
2025-10-05T09:29:17Z;;2903;-3
2025-10-05T09:29:19Z;;3029;123
2025-10-05T09:29:20Z;-2670;;359
2025-10-05T09:29:22Z;-2804;;225
2025-10-05T09:29:23Z;;2756;276
2025-10-05T09:29:24Z;-2480;;549
2025-10-05T09:29:25Z;;2512;32
2025-10-05T09:29:26Z;;2283;-197
2025-10-05T09:29:28Z;-2300;2095;-205
2025-10-05T09:29:29Z;-2053;;42
2025-10-05T09:29:30Z;;1474;-579
2025-10-05T09:29:32Z;;1601;-452
2025-10-05T09:29:33Z;-1608;;-7
2025-10-05T09:29:34Z;-1263;;338
2025-10-05T09:29:35Z;-1615;;-14
2025-10-05T09:29:37Z;-1436;;165
2025-10-05T09:29:38Z;;1454;18
2025-10-05T09:29:42Z;-1121;1080;333
2025-10-05T09:29:47Z;-928;;152
2025-10-05T09:29:55Z;;893;-35
2025-10-05T09:30:05Z;;870;-58
2025-10-05T09:30:07Z;-823;;47
2025-10-05T09:30:18Z;;900;77
2025-10-05T09:30:19Z;-874;;26
2025-10-05T09:30:23Z;-893;;7
2025-10-05T09:30:24Z;;893;0
2025-10-05T09:30:35Z;;900;7
2025-10-05T09:30:39Z;-897;;3
2025-10-05T09:30:43Z;-880;;20
2025-10-05T09:30:45Z;;899;19
2025-10-05T09:30:56Z;;901;21
2025-10-05T09:31:00Z;-918;;-17
2025-10-05T09:31:04Z;-896;;5
2025-10-05T09:31:13Z;;897;1
2025-10-05T09:31:36Z;;900;4
2025-10-05T09:31:47Z;-911;;-11
2025-10-05T09:31:57Z;-1168;1234;66
2025-10-05T09:31:59Z;;1608;440
2025-10-05T09:32:01Z;-1439;;169
2025-10-05T09:32:02Z;;1823;384
2025-10-05T09:32:04Z;;1790;351
2025-10-05T09:32:05Z;-1394;;396
2025-10-05T09:32:06Z;;1433;39
2025-10-05T09:32:08Z;-1685;1542;-143
2025-10-05T09:32:09Z;;1897;212
2025-10-05T09:32:11Z;;2411;726
2025-10-05T09:32:12Z;-2159;;252
2025-10-05T09:32:13Z;-2545;2712;167
2025-10-05T09:32:17Z;-2697;;15
2025-10-05T09:32:19Z;-2690;;22
2025-10-05T09:32:23Z;;2586;-104
2025-10-05T09:32:25Z;;2711;21
2025-10-05T09:32:26Z;-2701;;10
2025-10-05T09:33:27Z;-2698;;13
2025-10-05T09:33:30Z;-2698;;13
2025-10-05T09:33:31Z;;2605;-93
2025-10-05T09:33:33Z;;2718;20
2025-10-05T09:33:42Z;;2673;-25
2025-10-05T09:33:46Z;-2438;;235
2025-10-05T09:33:47Z;;2299;-139
2025-10-05T09:33:49Z;-2467;2443;-24
2025-10-05T09:33:54Z;;2754;287
2025-10-05T09:33:56Z;;2680;213
2025-10-05T09:34:00Z;;2751;284
2025-10-05T09:34:17Z;;2659;192
2025-10-05T09:35:28Z;-2408;;251
2025-10-05T09:35:35Z;;2395;-13
2025-10-05T09:35:44Z;-2098;;297
2025-10-05T09:35:58Z;-2084;;311
2025-10-05T09:36:03Z;-2174;;221
2025-10-05T09:36:08Z;-2152;;243
2025-10-05T09:36:09Z;;2426;274
2025-10-05T09:36:26Z;;2337;185
2025-10-05T09:36:27Z;-1929;;408
2025-10-05T09:36:28Z;-1666;1989;671
2025-10-05T09:36:30Z;-1941;2234;48
2025-10-05T09:36:32Z;;2442;501
2025-10-05T09:36:34Z;-2185;2307;257
2025-10-05T09:36:37Z;;2482;297
2025-10-05T09:36:38Z;-2035;;447
2025-10-05T09:36:39Z;-2132;;350
2025-10-05T09:36:46Z;;2258;126
2025-10-05T09:36:47Z;-1853;;629
2025-10-05T09:36:48Z;;2041;188
2025-10-05T09:36:49Z;;2134;281
2025-10-05T09:36:51Z;;1460;-393
2025-10-05T09:36:52Z;-1497;;-37
2025-10-05T09:36:53Z;-1669;;-209
2025-10-05T09:36:55Z;-2103;;-643
2025-10-05T09:36:56Z;-2018;;-558
2025-10-05T09:36:57Z;-2176;1512;-506
2025-10-05T09:36:59Z;;1963;-213
2025-10-05T09:37:00Z;;2287;111
2025-10-05T09:37:02Z;;2442;266
2025-10-05T09:37:17Z;;2392;216
2025-10-05T09:37:32Z;-2109;;283
2025-10-05T09:37:35Z;-2087;;305
2025-10-05T09:38:00Z;;2405;318
2025-10-05T09:39:21Z;;2383;296
2025-10-05T09:39:23Z;;2413;326
2025-10-05T09:39:29Z;;2398;311
2025-10-05T09:39:31Z;;2411;324
2025-10-05T09:39:37Z;;2390;303
2025-10-05T09:39:39Z;;2409;322
2025-10-05T09:40:15Z;;2391;304
2025-10-05T09:40:17Z;;2409;322
2025-10-05T09:44:06Z;;2334;247
2025-10-05T09:44:08Z;;1949;-138
2025-10-05T09:44:09Z;-1787;;162
2025-10-05T09:44:10Z;;2334;547
2025-10-05T09:44:11Z;-2124;;210
2025-10-05T09:44:12Z;-1967;;367
2025-10-05T09:44:13Z;-2108;;226
2025-10-05T09:44:15Z;-1878;2063;898
2025-10-05T09:44:17Z;-1165;;1169
2025-10-05T09:44:18Z;;1648;-460
2025-10-05T09:44:19Z;;1184;19
2025-10-05T09:44:20Z;-856;;328
2025-10-05T09:44:21Z;;1216;360
2025-10-05T09:44:23Z;;1074;218
2025-10-05T09:44:24Z;;872;16
2025-10-05T09:44:26Z;;1525;669
2025-10-05T09:44:28Z;-972;;553
2025-10-05T09:44:29Z;-2036;2487;-511
2025-10-05T09:44:30Z;-2431;;56
2025-10-05T09:44:31Z;-2352;;135
2025-10-05T09:45:05Z;;2564;212
2025-10-05T09:45:07Z;-2378;;186
2025-10-05T09:45:45Z;;2375;-3
2025-10-05T09:45:48Z;;2421;43
2025-10-05T09:45:50Z;;2361;-17
2025-10-05T09:45:52Z;;2536;158
2025-10-05T09:47:03Z;;2306;-72
2025-10-05T09:47:06Z;;2407;29
2025-10-05T09:47:07Z;-1956;;451
2025-10-05T09:47:08Z;;1935;-21
2025-10-05T09:47:11Z;;2309;353
2025-10-05T09:47:12Z;;2534;578
2025-10-05T09:47:13Z;-2309;;225
2025-10-05T09:47:14Z;;2391;82
2025-10-05T09:47:16Z;;2572;263
2025-10-05T09:47:17Z;-2317;;255
2025-10-05T09:47:18Z;;2216;-101
2025-10-05T09:47:20Z;;2559;242
2025-10-05T09:47:22Z;-2414;;145
2025-10-05T09:47:23Z;-2286;2357;273
2025-10-05T09:47:25Z;;2436;150
2025-10-05T09:47:27Z;;2376;90
2025-10-05T09:47:29Z;;2464;178
2025-10-05T09:47:31Z;-2422;;42
2025-10-05T09:47:34Z;;2715;293
2025-10-05T09:47:36Z;-2351;2660;238
2025-10-05T09:47:37Z;-1707;;953
2025-10-05T09:47:38Z;-1425;2309;602
2025-10-05T09:47:40Z;;1798;373
2025-10-05T09:47:41Z;-1569;;229
2025-10-05T09:47:42Z;;1489;-80
2025-10-05T09:47:43Z;;1836;267
2025-10-05T09:47:44Z;-1711;;125
2025-10-05T09:47:46Z;-2002;1636;-166
2025-10-05T09:47:47Z;-1762;;-126
2025-10-05T09:47:48Z;;2052;290
2025-10-05T09:47:51Z;-1269;2112;783
2025-10-05T09:47:52Z;;1725;456
2025-10-05T09:47:53Z;;1321;52
2025-10-05T09:47:55Z;-1039;1083;282
2025-10-05T09:47:57Z;;1573;534
2025-10-05T09:47:58Z;;1165;126
2025-10-05T09:47:59Z;-1221;;-56
2025-10-05T09:48:00Z;-1133;;32
2025-10-05T09:48:01Z;-1406;;-241
2025-10-05T09:48:03Z;-1847;1286;-120
2025-10-05T09:48:04Z;-2481;;-1195
2025-10-05T09:48:05Z;-2273;1662;-611
2025-10-05T09:48:06Z;;2376;103
2025-10-05T09:48:08Z;;2684;411
2025-10-05T09:48:09Z;-1766;;918
2025-10-05T09:48:10Z;-1480;2313;547
2025-10-05T09:48:11Z;-1593;;720
2025-10-05T09:48:12Z;-2285;;28
2025-10-05T09:48:14Z;-1443;;870
2025-10-05T09:48:15Z;-2107;;206
2025-10-05T09:48:16Z;-2430;1848;-117
2025-10-05T09:48:18Z;-2385;1456;-537
2025-10-05T09:48:20Z;;2135;-250
2025-10-05T09:48:22Z;;2437;52
2025-10-05T09:48:23Z;;2158;-227
2025-10-05T09:48:25Z;;1822;-563
2025-10-05T09:48:27Z;;2501;116
2025-10-05T09:49:23Z;-2395;;106
2025-10-05T09:49:31Z;-2399;;102
2025-10-05T09:49:35Z;-2401;;100
2025-10-05T09:49:40Z;-2396;;105
2025-10-05T09:49:41Z;-2395;;106
2025-10-05T09:49:47Z;-2406;;95
2025-10-05T09:49:50Z;-2399;;102
2025-10-05T09:49:58Z;-2393;;108
2025-10-05T09:50:04Z;-2406;;95
2025-10-05T09:50:05Z;-2405;;96
2025-10-05T09:50:13Z;-2400;;101
2025-10-05T09:50:20Z;-2401;;100
2025-10-05T09:50:22Z;-2397;;104
2025-10-05T09:50:26Z;-2409;;92
2025-10-05T09:50:27Z;-2407;;94
2025-10-05T09:50:30Z;-2411;;90
2025-10-05T09:50:32Z;-2398;;103
2025-10-05T09:50:33Z;-2401;;100
2025-10-05T09:52:03Z;;2701;300
2025-10-05T09:52:16Z;;2650;249
2025-10-05T09:52:17Z;-2196;;454
2025-10-05T09:52:18Z;;2179;-17
2025-10-05T09:52:21Z;-1991;;188
2025-10-05T09:52:22Z;;1794;-197
2025-10-05T09:52:23Z;-1376;;418
2025-10-05T09:52:24Z;;1820;444
2025-10-05T09:52:26Z;;2435;1059
2025-10-05T09:52:27Z;;2058;682
2025-10-05T09:52:29Z;-2157;1306;-70
2025-10-05T09:52:31Z;-1550;;508
2025-10-05T09:52:32Z;-1428;2307;757
2025-10-05T09:52:33Z;-1683;;624
2025-10-05T09:52:34Z;-2427;;-120
2025-10-05T09:52:35Z;;1617;-810
2025-10-05T09:52:37Z;;2112;-315
2025-10-05T09:52:39Z;;2774;347
2025-10-05T09:53:14Z;-2577;2559;132
2025-10-05T09:53:16Z;-2469;2705;90
2025-10-05T09:53:41Z;;2691;222
2025-10-05T09:53:43Z;;2738;269
2025-10-05T09:53:57Z;;2693;224
2025-10-05T09:53:59Z;;2702;233
2025-10-05T09:54:05Z;;2693;224
2025-10-05T09:54:08Z;;2702;233
2025-10-05T09:54:15Z;;2687;218
2025-10-05T09:54:20Z;;2701;232
2025-10-05T09:54:25Z;;2699;230
2025-10-05T09:54:27Z;;2700;231
2025-10-05T09:54:56Z;-2723;;-23
2025-10-05T09:55:04Z;;3003;280
2025-10-05T09:55:08Z;;2985;262
2025-10-05T09:55:10Z;;3055;332
2025-10-05T09:55:36Z;-3011;;44
2025-10-05T09:55:39Z;-2976;;79
2025-10-05T09:55:40Z;;2063;-913
2025-10-05T09:55:43Z;-2211;;-148
2025-10-05T09:55:44Z;-1737;;326
2025-10-05T09:55:45Z;-1662;3002;401
2025-10-05T09:55:48Z;;2738;1076
2025-10-05T09:55:50Z;-2427;;311
2025-10-05T09:55:51Z;-3045;2173;-872
2025-10-05T09:55:52Z;;2073;-972
2025-10-05T09:55:54Z;;2511;-534
2025-10-05T09:55:56Z;;3135;90
2025-10-05T09:55:58Z;-2824;2940;-105
2025-10-05T09:56:00Z;-2115;3090;825
2025-10-05T09:56:01Z;-2643;;297
2025-10-05T09:56:02Z;-2804;;286
2025-10-05T09:56:06Z;-2964;;126
2025-10-05T09:56:07Z;-3004;;86
2025-10-05T09:56:09Z;-2990;;100
2025-10-05T09:56:10Z;-3017;;73
2025-10-05T09:56:28Z;-2913;2895;177
2025-10-05T09:56:29Z;-2723;;172
2025-10-05T09:56:30Z;-2182;;713
2025-10-05T09:56:31Z;-1997;;898
2025-10-05T09:56:32Z;-2904;;-9
2025-10-05T09:56:37Z;-2927;;-32
2025-10-05T09:56:39Z;-2923;;-28
2025-10-05T09:56:41Z;-3023;;-128
2025-10-05T09:56:42Z;-2995;;-100
2025-10-05T09:56:43Z;-3034;;-139
2025-10-05T09:57:07Z;-2622;;273
2025-10-05T09:57:09Z;-2155;;740
2025-10-05T09:57:10Z;-1777;;1118
2025-10-05T09:57:11Z;-1460;;1435
2025-10-05T09:57:18Z;-1189;;1706
2025-10-05T09:57:32Z;-1316;;1579
2025-10-05T09:57:35Z;-1816;;1079
2025-10-05T09:57:37Z;-1963;;932
2025-10-05T09:57:39Z;-3093;;-198
2025-10-05T09:57:48Z;-2962;;-67
2025-10-05T09:58:01Z;-2726;;169
2025-10-05T09:58:03Z;-2656;;239
2025-10-05T09:58:04Z;-2248;;647
2025-10-05T09:58:06Z;-2251;;644
2025-10-05T09:58:07Z;-2430;;465
2025-10-05T09:58:09Z;-2474;;421
2025-10-05T09:58:10Z;-2726;;169
2025-10-05T09:58:14Z;-2328;;567
2025-10-05T09:58:20Z;-2138;;757
2025-10-05T09:58:22Z;-1590;;1305
2025-10-05T09:58:26Z;-1867;;1028
2025-10-05T09:58:30Z;-1684;;1211
2025-10-05T09:58:32Z;-2932;;-37
2025-10-05T09:58:33Z;-3115;;-220
2025-10-05T09:58:34Z;-2465;;430
2025-10-05T09:58:36Z;-2184;;711
2025-10-05T09:58:38Z;-1380;;1515
2025-10-05T09:58:41Z;-1201;;1694
2025-10-05T09:58:50Z;-1197;;1698
2025-10-05T09:59:08Z;-1478;;1417
2025-10-05T09:59:10Z;-3218;;-323
2025-10-05T09:59:33Z;-2577;;318
2025-10-05T09:59:34Z;-2272;;623
2025-10-05T09:59:36Z;-2731;;164
2025-10-05T09:59:37Z;-3050;;-155
2025-10-05T09:59:58Z;-2948;;-53
2025-10-05T09:59:59Z;-2979;;-84
2025-10-05T10:00:00Z;-1944;;951
2025-10-05T10:00:01Z;-1737;;1158
2025-10-05T10:00:02Z;-1834;;1061
2025-10-05T10:00:03Z;-1782;;1113
2025-10-05T10:00:05Z;-1866;;1029
2025-10-05T10:00:07Z;-2749;1530;-336
2025-10-05T10:00:08Z;;3252;503
2025-10-05T10:00:11Z;;1970;-779
2025-10-05T10:00:12Z;;3396;647
2025-10-05T10:00:14Z;-1782;3150;401
2025-10-05T10:00:16Z;-2972;;178
2025-10-05T10:00:17Z;-2625;;525
2025-10-05T10:00:18Z;-2064;;1086
2025-10-05T10:00:19Z;;3279;1215
2025-10-05T10:00:20Z;;3272;1208
2025-10-05T10:00:22Z;;2336;272
2025-10-05T10:00:23Z;-1876;;460
2025-10-05T10:00:24Z;;3322;1446
2025-10-05T10:00:26Z;-2063;3330;1454
2025-10-05T10:00:28Z;-1881;;1449
2025-10-05T10:00:30Z;-3206;2927;124
2025-10-05T10:00:32Z;;2078;-1128
2025-10-05T10:00:34Z;-2637;;-559
2025-10-05T10:00:36Z;;2088;-549
2025-10-05T10:00:38Z;;2194;-443
2025-10-05T10:00:39Z;;2733;96
2025-10-05T10:00:41Z;;3452;815
2025-10-05T10:00:42Z;-3112;;-379
2025-10-05T10:00:43Z;;3000;-112
2025-10-05T10:00:44Z;;2699;-413
2025-10-05T10:00:45Z;-3307;;-608
2025-10-05T10:00:46Z;;3007;-300
2025-10-05T10:00:48Z;;2748;-559
2025-10-05T10:00:49Z;-3295;;-547
2025-10-05T10:00:50Z;-2654;;94
2025-10-05T10:00:51Z;-3108;;-360
2025-10-05T10:00:52Z;;3041;-67
2025-10-05T10:00:54Z;;3364;256
2025-10-05T10:00:56Z;;3282;174
2025-10-05T10:00:58Z;;3362;254
2025-10-05T10:00:59Z;;3181;73
2025-10-05T10:01:01Z;;3362;254
2025-10-05T10:01:03Z;;3227;119
2025-10-05T10:01:04Z;-2999;;228
2025-10-05T10:01:05Z;;3433;434
2025-10-05T10:01:06Z;;2751;-248
2025-10-05T10:01:08Z;-2329;;422
2025-10-05T10:01:09Z;-1950;;801
2025-10-05T10:01:10Z;-1944;;807
2025-10-05T10:01:12Z;-2567;;184
2025-10-05T10:01:14Z;-3324;;-573
2025-10-05T10:01:15Z;;2234;-1090
2025-10-05T10:01:17Z;;1953;-1371
2025-10-05T10:01:18Z;;3421;97
2025-10-05T10:01:19Z;-3078;;343
2025-10-05T10:01:20Z;;3421;343
2025-10-05T10:01:22Z;;3421;343
2025-10-05T10:01:23Z;-2175;2749;1246
2025-10-05T10:01:24Z;-2679;;70
2025-10-05T10:01:25Z;-3048;;-299
2025-10-05T10:01:26Z;-2981;2347;-701
2025-10-05T10:01:27Z;;3198;217
2025-10-05T10:01:29Z;;2967;-14
2025-10-05T10:01:30Z;-3088;;-121
2025-10-05T10:01:31Z;;3250;162
2025-10-05T10:01:33Z;;3476;388
2025-10-05T10:01:34Z;-3337;3271;139
2025-10-05T10:01:35Z;-3274;;-3
2025-10-05T10:01:37Z;-2735;;536
2025-10-05T10:01:38Z;-3260;3369;11
2025-10-05T10:01:39Z;-3334;;35
2025-10-05T10:01:40Z;;3286;-48
2025-10-05T10:01:41Z;-3284;;2
2025-10-05T10:01:43Z;-3256;;30
2025-10-05T10:01:44Z;-3378;3312;-92
2025-10-05T10:01:46Z;;3163;-215
2025-10-05T10:01:48Z;-3135;3307;172
2025-10-05T10:01:50Z;-3086;;221
2025-10-05T10:01:51Z;-3150;3081;-5
2025-10-05T10:01:53Z;-2656;2604;425
2025-10-05T10:01:54Z;-2878;;-274
2025-10-05T10:01:56Z;-2351;;253
2025-10-05T10:01:57Z;-1784;;820
2025-10-05T10:02:01Z;-1872;;732
2025-10-05T10:02:03Z;-2144;;460
2025-10-05T10:02:05Z;-2595;;9
2025-10-05T10:02:08Z;-2125;;479
2025-10-05T10:02:09Z;-1870;;734
2025-10-05T10:02:11Z;-2027;;577
2025-10-05T10:02:14Z;-2246;;358
2025-10-05T10:02:16Z;-2015;;589
2025-10-05T10:02:20Z;-1730;;874
2025-10-05T10:02:22Z;-1900;;704
2025-10-05T10:02:25Z;-2614;;-10
2025-10-05T10:02:26Z;-2977;;-373
2025-10-05T10:02:27Z;-2514;;90
2025-10-05T10:02:28Z;-2188;;416
2025-10-05T10:02:30Z;-1931;;673
2025-10-05T10:02:32Z;-1801;;803
2025-10-05T10:02:50Z;-1200;;1404
2025-10-05T10:03:06Z;-1193;;1411
2025-10-05T10:04:26Z;-1560;;1044
2025-10-05T10:04:28Z;-1730;1673;874
2025-10-05T10:04:30Z;;1994;264
2025-10-05T10:04:32Z;;3140;1410
2025-10-05T10:04:33Z;-1908;;86
2025-10-05T10:04:34Z;-3111;;29
2025-10-05T10:04:35Z;;3337;226
2025-10-05T10:04:36Z;;3093;-18
2025-10-05T10:04:38Z;-2735;3407;358
2025-10-05T10:04:40Z;;3294;559
2025-10-05T10:04:42Z;-2341;2832;953
2025-10-05T10:04:43Z;-2394;;438
2025-10-05T10:04:44Z;-2085;;747
2025-10-05T10:04:46Z;-1617;2194;1215
2025-10-05T10:04:48Z;;2591;974
2025-10-05T10:04:50Z;-1741;;850
2025-10-05T10:04:51Z;;2326;585
2025-10-05T10:04:53Z;-1166;;1160
2025-10-05T10:04:55Z;;2481;1315
2025-10-05T10:04:57Z;;1774;608
2025-10-05T10:04:59Z;;1906;740
2025-10-05T10:05:00Z;;1667;501
2025-10-05T10:05:02Z;;1463;297
2025-10-05T10:05:04Z;;1184;18
2025-10-05T10:05:09Z;;1203;37
2025-10-05T10:05:14Z;-1201;;2
2025-10-05T10:05:34Z;;1695;494
2025-10-05T10:05:35Z;-1835;;-140
2025-10-05T10:05:36Z;-2234;;-539
2025-10-05T10:05:37Z;-3309;;-1614
2025-10-05T10:05:39Z;-3238;;-1543
2025-10-05T10:05:43Z;-3310;;-1615
2025-10-05T10:05:44Z;-3271;;-1576
2025-10-05T10:05:51Z;-3194;;-1499
2025-10-05T10:05:52Z;-2967;;-1272
2025-10-05T10:05:53Z;-2693;;-998
2025-10-05T10:05:58Z;-2903;;-1208
2025-10-05T10:05:59Z;-2607;;-912
2025-10-05T10:06:00Z;-2727;;-1032
2025-10-05T10:06:01Z;-2464;;-769
2025-10-05T10:06:02Z;-3128;;-1433
2025-10-05T10:06:04Z;-3329;;-1634
2025-10-05T10:06:06Z;-3247;;-1552
2025-10-05T10:06:17Z;-2980;;-1285
2025-10-05T10:06:18Z;-2650;;-955
2025-10-05T10:06:20Z;-2342;;-647
2025-10-05T10:06:23Z;-2224;;-529
2025-10-05T10:06:25Z;-1648;;47
2025-10-05T10:06:35Z;-1539;;156
2025-10-05T10:06:39Z;-2029;;-334
2025-10-05T10:06:41Z;-1858;;-163
2025-10-05T10:06:45Z;-1432;;263
2025-10-05T10:06:47Z;-1616;;79
2025-10-05T10:06:48Z;-1595;;100
2025-10-05T10:06:58Z;-1533;;162
2025-10-05T10:07:00Z;-1537;;158
2025-10-05T10:07:13Z;-1553;;142
2025-10-05T10:07:15Z;-2341;;-646
2025-10-05T10:07:17Z;-3215;;-1520
2025-10-05T10:07:28Z;-3071;;-1376
2025-10-05T10:07:30Z;-2484;;-789
2025-10-05T10:07:32Z;-1856;;-161
2025-10-05T10:07:34Z;-2262;;-567
2025-10-05T10:07:36Z;-2904;;-1209
2025-10-05T10:07:37Z;-3167;;-1472
2025-10-05T10:07:45Z;-2899;;-1204
2025-10-05T10:07:47Z;-2672;;-977
2025-10-05T10:07:48Z;-3231;;-1536
2025-10-05T10:08:01Z;-3373;;-1678
2025-10-05T10:08:03Z;-3371;;-1676
2025-10-05T10:08:05Z;-3118;;-1423
2025-10-05T10:08:06Z;-2980;;-1285
2025-10-05T10:08:08Z;-2319;;-624
2025-10-05T10:08:12Z;-1776;;-81
2025-10-05T10:08:13Z;-1517;;178
2025-10-05T10:08:44Z;-1510;;185
2025-10-05T10:08:47Z;-2491;;-796
2025-10-05T10:08:50Z;-1804;;-109
2025-10-05T10:08:57Z;-1558;;137
2025-10-05T10:09:23Z;-1451;;244
2025-10-05T10:09:42Z;-1611;;84
2025-10-05T10:09:43Z;-2353;;-658
2025-10-05T10:09:44Z;-2590;;-895
2025-10-05T10:09:46Z;-2824;;-1129
2025-10-05T10:09:48Z;-2347;;-652
2025-10-05T10:09:49Z;-2080;;-385
2025-10-05T10:09:50Z;-2156;;-461
2025-10-05T10:09:52Z;-2085;;-390
2025-10-05T10:09:53Z;-2281;;-586
2025-10-05T10:09:55Z;-3120;;-1425
2025-10-05T10:09:58Z;-2923;;-1228
2025-10-05T10:10:01Z;-2150;;-455
2025-10-05T10:10:02Z;-1473;;222
2025-10-05T10:10:14Z;-1738;;-43
2025-10-05T10:10:16Z;-1474;;221
2025-10-05T10:10:20Z;-1187;;508
2025-10-05T10:10:58Z;-1171;;524
2025-10-05T10:11:01Z;-2709;;-1014
2025-10-05T10:11:04Z;-2092;;-397
2025-10-05T10:11:05Z;-1699;;-4
2025-10-05T10:11:18Z;-1769;;-74
2025-10-05T10:11:21Z;-2509;;-814
2025-10-05T10:11:24Z;-2418;;-723
2025-10-05T10:11:25Z;-2306;;-611
2025-10-05T10:11:31Z;-2494;;-799
2025-10-05T10:11:32Z;-2886;;-1191
2025-10-05T10:11:34Z;-3076;;-1381
2025-10-05T10:11:39Z;-2726;;-1031
2025-10-05T10:11:40Z;-2647;;-952
2025-10-05T10:11:44Z;-1712;;-17
2025-10-05T10:11:46Z;-1500;;195
2025-10-05T10:11:49Z;-1223;;472
2025-10-05T10:11:58Z;-1185;;510
2025-10-05T10:12:00Z;-1904;;-209
2025-10-05T10:12:02Z;-2297;;-602
2025-10-05T10:12:04Z;-2950;;-1255
2025-10-05T10:12:05Z;-3074;;-1379
2025-10-05T10:12:14Z;-3047;;-1352
2025-10-05T10:12:17Z;-2681;;-986
2025-10-05T10:12:20Z;-1910;;-215
2025-10-05T10:12:21Z;-1572;;123
2025-10-05T10:12:22Z;-1644;;51
2025-10-05T10:12:40Z;-1879;;-184
2025-10-05T10:12:42Z;-2651;;-956
2025-10-05T10:12:44Z;-2117;;-422
2025-10-05T10:12:46Z;-3206;;-1511
2025-10-05T10:12:52Z;-2888;;-1193
2025-10-05T10:12:56Z;-2472;;-777
2025-10-05T10:12:57Z;-2347;;-652
2025-10-05T10:13:00Z;-1555;;140
2025-10-05T10:13:01Z;-1377;;318
2025-10-05T10:13:11Z;-1612;;83
2025-10-05T10:13:14Z;-1833;;-138
2025-10-05T10:13:15Z;-1654;;41
2025-10-05T10:13:17Z;-1947;;-252
2025-10-05T10:13:19Z;-2652;;-957
2025-10-05T10:13:20Z;-2273;;-578
2025-10-05T10:13:21Z;-2550;;-855
2025-10-05T10:13:23Z;-3072;;-1377
2025-10-05T10:13:26Z;-2878;;-1183
2025-10-05T10:13:27Z;-3092;;-1397
2025-10-05T10:13:34Z;-2517;;-822
2025-10-05T10:13:36Z;-1820;;-125
2025-10-05T10:13:37Z;-1651;;44
2025-10-05T10:13:39Z;-2363;;-668
2025-10-05T10:13:40Z;-2664;;-969
2025-10-05T10:13:43Z;-2965;;-1270
2025-10-05T10:13:44Z;-2563;;-868
2025-10-05T10:13:46Z;-2064;;-369
2025-10-05T10:14:04Z;-1533;;162
2025-10-05T10:14:06Z;-2496;;-801
2025-10-05T10:14:08Z;-3192;;-1497
2025-10-05T10:14:13Z;-3301;;-1606
2025-10-05T10:14:14Z;-3277;;-1582
2025-10-05T10:14:20Z;-2917;;-1222
2025-10-05T10:14:23Z;-3114;;-1419
2025-10-05T10:14:24Z;-2960;;-1265
2025-10-05T10:14:25Z;-2407;;-712
2025-10-05T10:14:30Z;-2845;;-1150
2025-10-05T10:14:32Z;-2003;;-308
2025-10-05T10:14:33Z;-1676;;19
2025-10-05T10:14:34Z;-1674;;21
2025-10-05T10:14:41Z;-1245;;450
2025-10-05T10:15:03Z;;1517;272
2025-10-05T10:15:05Z;;3251;2006
2025-10-05T10:15:07Z;-1450;;1801
2025-10-05T10:15:08Z;;1275;-175
2025-10-05T10:15:10Z;-1224;3210;51
2025-10-05T10:15:11Z;;3013;1789
2025-10-05T10:15:13Z;;1413;189
2025-10-05T10:15:17Z;-1328;;85
2025-10-05T10:15:21Z;;1196;-132
2025-10-05T10:15:30Z;;1232;-96
2025-10-05T10:15:31Z;-1205;;27
2025-10-05T10:15:40Z;-1340;;-108
2025-10-05T10:15:41Z;;1590;250
2025-10-05T10:15:45Z;-1362;;228
2025-10-05T10:15:47Z;-1142;1341;199
2025-10-05T10:15:49Z;;1173;31
2025-10-05T10:16:06Z;;1213;71
2025-10-05T10:16:07Z;-1237;;-24
2025-10-05T10:16:08Z;;1515;278
2025-10-05T10:16:10Z;;1473;236
2025-10-05T10:16:11Z;-1436;;37
2025-10-05T10:16:12Z;;1687;251
2025-10-05T10:16:14Z;;1372;-64
2025-10-05T10:16:15Z;-1443;;-71
2025-10-05T10:16:16Z;-1533;;-161
2025-10-05T10:16:18Z;;1189;-344
2025-10-05T10:16:28Z;-905;;284
2025-10-05T10:16:30Z;-901;;288
2025-10-05T10:16:31Z;-902;;287
2025-10-05T10:17:04Z;-908;;281
2025-10-05T10:17:06Z;-894;;295
2025-10-05T10:17:08Z;-915;;274
2025-10-05T10:17:11Z;-795;;394
2025-10-05T10:17:13Z;-903;;286
2025-10-05T10:17:22Z;-897;;292
2025-10-05T10:17:30Z;-900;;289
2025-10-05T10:17:31Z;-898;;291
2025-10-05T10:17:35Z;-904;;285
2025-10-05T10:17:57Z;;1219;315
2025-10-05T10:18:00Z;-1235;;-16
2025-10-05T10:18:08Z;-1215;;4
2025-10-05T10:18:11Z;;1192;-23
2025-10-05T10:18:15Z;;1208;-7
2025-10-05T10:18:17Z;-1205;;3
2025-10-05T10:18:26Z;;1509;304
2025-10-05T10:18:28Z;;1492;287
2025-10-05T10:18:29Z;-1648;;-156
2025-10-05T10:18:30Z;;1529;-119
2025-10-05T10:18:31Z;;1964;316
2025-10-05T10:18:33Z;-1935;2100;29
2025-10-05T10:18:34Z;-1742;;358
2025-10-05T10:18:35Z;;1977;235
2025-10-05T10:18:37Z;;1668;-74
2025-10-05T10:18:39Z;;1436;-306
2025-10-05T10:18:40Z;-1566;;-130
2025-10-05T10:18:41Z;;1641;75
2025-10-05T10:18:43Z;;1497;-69
2025-10-05T10:18:44Z;-1282;;215
2025-10-05T10:18:47Z;;1184;-98
2025-10-05T10:19:28Z;-901;;283
2025-10-05T10:19:40Z;;895;-6
2025-10-05T10:20:20Z;;924;23
2025-10-05T10:20:21Z;-967;;-43
2025-10-05T10:20:22Z;-1236;;-312
2025-10-05T10:20:23Z;-1621;;-697
2025-10-05T10:20:24Z;;1231;-390
2025-10-05T10:20:26Z;;1842;221
2025-10-05T10:20:27Z;-2213;;-371
2025-10-05T10:20:29Z;-1538;2621;304
2025-10-05T10:20:30Z;-1057;;1564
2025-10-05T10:20:32Z;-852;;1769
2025-10-05T10:20:33Z;;2279;1427
2025-10-05T10:20:35Z;;2066;1214
2025-10-05T10:20:37Z;;1480;628
2025-10-05T10:20:39Z;;1078;226
2025-10-05T10:20:40Z;-1050;;28
2025-10-05T10:20:41Z;-1642;;-564
2025-10-05T10:20:42Z;-1903;;-825
2025-10-05T10:20:43Z;-2164;892;-1272
2025-10-05T10:20:45Z;;951;-1213
2025-10-05T10:20:46Z;-1631;;-680
2025-10-05T10:20:47Z;;1494;-137
2025-10-05T10:20:48Z;;1842;211
2025-10-05T10:20:50Z;;2267;636
2025-10-05T10:20:52Z;-1442;2055;424
2025-10-05T10:20:54Z;-1149;;906
2025-10-05T10:20:55Z;-853;;1202
2025-10-05T10:20:56Z;-822;;1233
2025-10-05T10:20:57Z;-1132;1603;471
2025-10-05T10:20:58Z;-1164;;439
2025-10-05T10:21:00Z;-1059;;544
2025-10-05T10:21:01Z;;1450;391
2025-10-05T10:21:03Z;;1120;61
2025-10-05T10:21:04Z;-1157;;-37
2025-10-05T10:21:05Z;-1193;1550;393
2025-10-05T10:21:06Z;-2087;;-537
2025-10-05T10:21:07Z;;1243;-844
2025-10-05T10:21:09Z;;1781;-306
2025-10-05T10:21:10Z;-2444;;-663
2025-10-05T10:21:12Z;-1963;;-182
2025-10-05T10:21:13Z;;2122;159
2025-10-05T10:21:15Z;;2497;534
2025-10-05T10:21:17Z;;1911;-52
2025-10-05T10:21:19Z;;1650;-313
2025-10-05T10:21:21Z;;2009;46
2025-10-05T10:21:22Z;;2730;767
2025-10-05T10:21:34Z;-2418;;312
2025-10-05T10:21:35Z;;2354;-64
2025-10-05T10:21:37Z;;2060;-358
2025-10-05T10:21:39Z;-1937;2203;-215
2025-10-05T10:21:41Z;-1416;;787
2025-10-05T10:21:42Z;;1819;403
2025-10-05T10:21:44Z;;1429;13
2025-10-05T10:21:45Z;-1929;;-500
2025-10-05T10:21:47Z;-2041;1558;-371
2025-10-05T10:21:48Z;-1300;;258
2025-10-05T10:21:49Z;-2161;2465;-603
2025-10-05T10:21:53Z;;2329;168
2025-10-05T10:21:54Z;-2419;;46
2025-10-05T10:21:55Z;;2092;-327
2025-10-05T10:21:57Z;;1563;-856
2025-10-05T10:21:58Z;;2561;142
2025-10-05T10:22:57Z;-1961;1920;600
2025-10-05T10:23:01Z;-1662;;258
2025-10-05T10:23:02Z;;2384;722
2025-10-05T10:23:03Z;-2348;;36
2025-10-05T10:23:04Z;;2534;186
2025-10-05T10:23:06Z;;2135;-213
2025-10-05T10:23:07Z;;2472;124
2025-10-05T10:23:09Z;;2110;-238
2025-10-05T10:23:11Z;;2463;115
2025-10-05T10:23:13Z;;2211;-137
2025-10-05T10:23:15Z;;2449;101
2025-10-05T10:24:41Z;;2385;37
2025-10-05T10:24:42Z;-2030;;355
2025-10-05T10:24:44Z;;1831;-199
2025-10-05T10:24:46Z;-2212;;-381
2025-10-05T10:24:47Z;-1830;1793;-419
2025-10-05T10:24:48Z;;1058;-772
2025-10-05T10:24:50Z;;1754;-76
2025-10-05T10:24:51Z;;2167;337
2025-10-05T10:24:53Z;;2047;217
2025-10-05T10:24:54Z;-1756;;-2
2025-10-05T10:24:55Z;;2363;533
2025-10-05T10:24:57Z;;2510;754
2025-10-05T10:25:00Z;-1060;;1450
2025-10-05T10:25:01Z;-1319;;1191
2025-10-05T10:25:02Z;-1841;;669
2025-10-05T10:25:04Z;-2124;;386
2025-10-05T10:29:38Z;;2387;263
2025-10-05T10:29:40Z;;2406;282
2025-10-05T10:30:03Z;;2399;275
2025-10-05T10:30:05Z;;2414;290
2025-10-05T10:30:08Z;;2417;293
2025-10-05T10:30:09Z;-2314;;103
2025-10-05T10:33:22Z;-2400;;17
2025-10-05T10:33:23Z;-2406;;11
2025-10-05T10:33:26Z;-2412;;5
2025-10-05T10:33:28Z;-2399;;18
2025-10-05T10:33:29Z;-2398;;19
2025-10-05T10:33:40Z;-2395;;22
2025-10-05T10:33:42Z;-2397;;20
2025-10-05T10:33:43Z;-2401;;16
2025-10-05T10:34:16Z;-2301;2386;116
2025-10-05T10:34:18Z;;2493;192
2025-10-05T10:34:20Z;;2329;28
2025-10-05T10:34:21Z;;2425;124
2025-10-05T10:34:23Z;-2299;;126
2025-10-05T10:34:24Z;-2177;;248
2025-10-05T10:34:25Z;;2200;23
2025-10-05T10:34:27Z;;2049;-128
2025-10-05T10:34:29Z;;1587;-590
2025-10-05T10:34:30Z;-1854;;-267
2025-10-05T10:34:31Z;;1353;-501
2025-10-05T10:34:32Z;-1346;;7
2025-10-05T10:34:34Z;-882;1154;471
2025-10-05T10:34:36Z;;849;-33
2025-10-05T10:35:13Z;;936;54
2025-10-05T10:35:16Z;;890;8
2025-10-05T10:35:25Z;;903;21
2025-10-05T10:35:27Z;-945;;-42
2025-10-05T10:35:38Z;-871;;32
2025-10-05T10:35:42Z;;886;15
2025-10-05T10:35:44Z;;926;55
2025-10-05T10:35:49Z;;877;6
2025-10-05T10:37:36Z;-863;929;14
2025-10-05T10:37:40Z;-1023;;-94
2025-10-05T10:37:41Z;;858;-165
2025-10-05T10:38:52Z;-903;1001;-45
2025-10-05T10:38:54Z;;1201;298
2025-10-05T10:38:58Z;-1211;1840;937
2025-10-05T10:39:00Z;-1691;;149
2025-10-05T10:39:01Z;-1801;2286;39
2025-10-05T10:39:02Z;-1779;;507
2025-10-05T10:39:03Z;-2081;;205
2025-10-05T10:39:04Z;;2690;609
2025-10-05T10:39:06Z;;2065;-16
2025-10-05T10:39:07Z;-2508;;-443
2025-10-05T10:39:08Z;-2230;1610;-898
2025-10-05T10:39:10Z;;1417;-813
2025-10-05T10:39:13Z;-1627;;-210
2025-10-05T10:39:14Z;-1433;;-16
2025-10-05T10:39:15Z;;1728;295
2025-10-05T10:39:16Z;;2258;825
2025-10-05T10:39:18Z;-1170;;1088
2025-10-05T10:39:19Z;-1548;2833;710
2025-10-05T10:39:20Z;-1994;;839
2025-10-05T10:39:21Z;-2608;;225
2025-10-05T10:39:22Z;-2822;;11
2025-10-05T10:39:24Z;-2624;;209
2025-10-05T10:39:25Z;-2753;;80
2025-10-05T10:39:41Z;;2367;-386
2025-10-05T10:39:42Z;-2802;;-435
2025-10-05T10:39:43Z;-2462;2563;-95
2025-10-05T10:39:45Z;;2382;-80
2025-10-05T10:39:46Z;-2381;;1
2025-10-05T10:39:48Z;-2115;;267
2025-10-05T10:39:49Z;;2035;-80
2025-10-05T10:39:51Z;;2227;112
2025-10-05T10:39:52Z;-2381;;-154
2025-10-05T10:39:53Z;-2749;;-522
2025-10-05T10:39:54Z;;2590;-159
2025-10-05T10:39:56Z;-2696;;-106
2025-10-05T10:39:57Z;-2764;;-174
2025-10-05T10:39:58Z;;2730;-34
2025-10-05T10:40:19Z;-2687;;43
2025-10-05T10:40:20Z;-2715;;15
2025-10-05T10:40:28Z;-2700;;30
2025-10-05T10:40:30Z;-2708;;22
2025-10-05T10:40:34Z;-2685;;45
2025-10-05T10:40:38Z;-2703;;27
2025-10-05T10:40:40Z;-2682;;48
2025-10-05T10:41:42Z;;2692;10
2025-10-05T10:41:44Z;;2705;23
2025-10-05T10:41:50Z;;2685;3
2025-10-05T10:41:52Z;;2708;26
2025-10-05T10:42:04Z;;2690;8
2025-10-05T10:42:06Z;;2705;23
2025-10-05T10:42:14Z;;2688;6
2025-10-05T10:42:16Z;;2708;26
2025-10-05T10:42:30Z;;2678;-4
2025-10-05T10:42:34Z;;2701;19
2025-10-05T10:42:36Z;;2693;11
2025-10-05T10:43:28Z;;2298;-384
2025-10-05T10:43:30Z;;2641;-41
2025-10-05T10:43:37Z;-2439;;202
2025-10-05T10:43:39Z;-2488;;153
2025-10-05T10:43:40Z;-2391;;250
2025-10-05T10:43:41Z;-2481;;160
2025-10-05T10:43:42Z;;1911;-570
2025-10-05T10:43:44Z;;1629;-852
2025-10-05T10:43:46Z;-1567;;62
2025-10-05T10:43:47Z;-1399;1833;266
2025-10-05T10:43:48Z;;1464;65
2025-10-05T10:43:50Z;;2436;1037
2025-10-05T10:43:55Z;-2520;;-84
2025-10-05T10:44:32Z;-2322;;114
2025-10-05T10:44:34Z;-2458;;-22
2025-10-05T10:45:05Z;;2628;170
2025-10-05T10:45:08Z;-2529;;99
2025-10-05T10:45:32Z;-2188;;440
2025-10-05T10:45:51Z;-2233;;395
2025-10-05T10:46:19Z;-2384;;244
2025-10-05T10:46:21Z;-2408;;220
2025-10-05T10:46:24Z;-2379;;249
2025-10-05T10:46:26Z;-2406;;222
2025-10-05T10:46:30Z;-2192;;436
2025-10-05T10:46:51Z;-2424;;204
2025-10-05T10:47:16Z;-2389;;239
2025-10-05T10:47:18Z;-2407;;221
2025-10-05T10:47:25Z;-2403;;225
2025-10-05T10:47:27Z;-2376;;252
2025-10-05T10:47:33Z;-2399;;229
2025-10-05T10:47:34Z;-2414;;214
2025-10-05T10:49:53Z;-2355;;273
2025-10-05T10:49:54Z;-2453;;175
2025-10-05T10:50:30Z;-2112;2070;516
2025-10-05T10:50:32Z;;1719;-393
2025-10-05T10:50:34Z;-1715;;4
2025-10-05T10:50:35Z;;1901;186
2025-10-05T10:50:36Z;-1905;;-4
2025-10-05T10:50:38Z;-2454;;-553
2025-10-05T10:50:40Z;;2393;-61
2025-10-05T10:50:42Z;;2550;96
2025-10-05T10:51:40Z;;2397;-57
2025-10-05T10:51:43Z;-2337;;60
2025-10-05T10:51:44Z;-1759;;638
2025-10-05T10:51:46Z;;1673;-86
2025-10-05T10:51:47Z;-1087;;586
2025-10-05T10:51:48Z;;1468;381
2025-10-05T10:51:49Z;;1578;491
2025-10-05T10:51:50Z;-1339;;239
2025-10-05T10:51:51Z;;1433;94
2025-10-05T10:51:52Z;-1142;;291
2025-10-05T10:51:53Z;;1073;-69
2025-10-05T10:51:55Z;;1205;63
2025-10-05T10:51:57Z;;1099;-43
2025-10-05T10:51:58Z;;1374;232
2025-10-05T10:51:59Z;-1248;;126
2025-10-05T10:52:01Z;-2082;;-708
2025-10-05T10:52:02Z;;2003;-79
2025-10-05T10:52:03Z;;2172;90
2025-10-05T10:52:05Z;-2457;;-285
2025-10-05T10:52:06Z;;2430;-27
2025-10-05T10:53:48Z;-2383;;47
2025-10-05T10:53:51Z;-2436;;-6
2025-10-05T10:53:52Z;-2238;2303;192
2025-10-05T10:53:53Z;-2431;;-128
2025-10-05T10:53:55Z;-2373;2506;-70
2025-10-05T10:53:57Z;;2069;-304
2025-10-05T10:53:58Z;;2549;176
2025-10-05T10:53:59Z;-2419;;130
2025-10-05T10:55:46Z;;2705;286
2025-10-05T10:55:48Z;;2698;279
2025-10-05T10:55:50Z;;2701;282
2025-10-05T10:55:58Z;;2697;278
2025-10-05T10:56:00Z;;2720;301
2025-10-05T10:56:08Z;;2605;186
2025-10-05T10:56:10Z;;2728;309
2025-10-05T10:56:14Z;-2577;2540;151
2025-10-05T10:56:16Z;;2314;-263
2025-10-05T10:56:18Z;;2686;109
2025-10-05T10:56:20Z;-2155;;531
2025-10-05T10:56:21Z;;2716;561
2025-10-05T10:56:22Z;-2412;;304
2025-10-05T10:56:23Z;-2438;2431;19
2025-10-05T10:56:25Z;;2032;-406
2025-10-05T10:56:27Z;;1486;-952
2025-10-05T10:56:28Z;;1726;-712
2025-10-05T10:56:30Z;-2165;2088;-439
2025-10-05T10:56:31Z;-1284;;442
2025-10-05T10:56:33Z;-1954;2143;134
2025-10-05T10:56:35Z;-1817;;326
2025-10-05T10:56:36Z;-1471;2090;672
2025-10-05T10:56:37Z;-1499;;591
2025-10-05T10:56:38Z;;1651;152
2025-10-05T10:56:40Z;-1871;1846;-220
2025-10-05T10:56:42Z;-2248;1752;-402
2025-10-05T10:56:44Z;;2016;-232
2025-10-05T10:56:46Z;;2132;-116
2025-10-05T10:56:47Z;-2363;;-347
2025-10-05T10:56:48Z;;2545;182
2025-10-05T10:56:49Z;;2700;337
2025-10-05T10:56:51Z;;2695;332
2025-10-05T10:56:54Z;-2179;2136;516
2025-10-05T10:56:56Z;;1887;-292
2025-10-05T10:56:58Z;;1681;-498
2025-10-05T10:56:59Z;;1814;-365
2025-10-05T10:57:00Z;-1650;;164
2025-10-05T10:57:02Z;-1961;2111;461
2025-10-05T10:57:03Z;;2422;461
2025-10-05T10:57:05Z;;2728;767
2025-10-05T10:57:06Z;-2250;;478
2025-10-05T10:57:07Z;-2541;;187
2025-10-05T10:57:09Z;;2685;144
2025-10-05T10:57:11Z;;2742;201
2025-10-05T10:57:14Z;;2696;155
2025-10-05T10:57:16Z;;2732;191
2025-10-05T10:57:36Z;;2607;66
2025-10-05T10:57:38Z;-2364;2211;243
2025-10-05T10:57:40Z;;1668;-696
2025-10-05T10:57:42Z;;1935;-429
2025-10-05T10:57:43Z;;2321;-43
2025-10-05T10:57:45Z;;2597;233
2025-10-05T10:57:47Z;-1744;2720;356
2025-10-05T10:57:48Z;-2465;;255
2025-10-05T10:57:50Z;;2677;212
2025-10-05T10:57:54Z;;2705;240
2025-10-05T10:57:56Z;;2694;229
2025-10-05T10:57:58Z;;2706;241
2025-10-05T10:57:59Z;;2695;230
2025-10-05T10:58:01Z;;2711;246
2025-10-05T10:58:03Z;;2691;226
2025-10-05T10:58:04Z;;2706;241
2025-10-05T10:58:06Z;;2688;223
2025-10-05T10:58:08Z;;2711;246
2025-10-05T10:58:11Z;;2699;234
2025-10-05T10:58:29Z;;2706;241
2025-10-05T10:58:31Z;;2698;233
2025-10-05T10:58:33Z;;2702;237
2025-10-05T10:58:49Z;-2724;;-22
2025-10-05T10:59:15Z;-2694;;8
2025-10-05T10:59:16Z;-2739;;-37
2025-10-05T11:00:05Z;;2855;116
2025-10-05T11:00:57Z;;3002;263
2025-10-05T11:00:59Z;;2894;155
2025-10-05T11:01:03Z;;3016;277
2025-10-05T11:01:07Z;;2961;222
2025-10-05T11:01:09Z;;3043;304
2025-10-05T11:01:11Z;;2929;190
2025-10-05T11:01:12Z;;3084;345
2025-10-05T11:01:16Z;-3007;;77
2025-10-05T11:01:17Z;-2599;2498;485
2025-10-05T11:01:18Z;-2132;;366
2025-10-05T11:01:20Z;-2106;;392
2025-10-05T11:01:21Z;;2103;-3
2025-10-05T11:01:22Z;-2662;;-164
2025-10-05T11:01:23Z;-2756;;-258
2025-10-05T11:01:24Z;-2450;2847;741
2025-10-05T11:01:26Z;-2703;2476;144
2025-10-05T11:01:28Z;;2287;-416
2025-10-05T11:01:30Z;;3008;305
2025-10-05T11:01:32Z;;2992;289
2025-10-05T11:01:34Z;;3041;338
2025-10-05T11:01:50Z;;2990;287
2025-10-05T11:01:52Z;;2984;281
2025-10-05T11:02:09Z;;2984;281
2025-10-05T11:02:11Z;;3018;315
2025-10-05T11:02:13Z;;2962;348
2025-10-05T11:02:14Z;-2614;;404
2025-10-05T11:02:15Z;;2618;4
2025-10-05T11:02:16Z;-2714;;-96
2025-10-05T11:02:17Z;-2603;2835;15
2025-10-05T11:02:18Z;-1990;;845
2025-10-05T11:02:20Z;-1226;2478;1609
2025-10-05T11:02:22Z;;1872;646
2025-10-05T11:02:24Z;;1438;212
2025-10-05T11:02:25Z;;1199;-27
2025-10-05T11:02:33Z;-1228;1238;12
2025-10-05T11:02:36Z;;1169;-59
2025-10-05T11:02:37Z;-1188;;-19
2025-10-05T11:02:50Z;-1259;1242;54
2025-10-05T11:02:55Z;-1121;1142;-117
2025-10-05T11:03:11Z;-1217;;-75
2025-10-05T11:03:12Z;;1382;165
2025-10-05T11:03:13Z;-1634;;-252
2025-10-05T11:03:14Z;-1870;1877;243
2025-10-05T11:03:16Z;;2497;627
2025-10-05T11:03:18Z;;2820;950
2025-10-05T11:03:20Z;;3012;1142
2025-10-05T11:03:21Z;-2685;;135
2025-10-05T11:03:22Z;-2796;;216
2025-10-05T11:03:24Z;;2984;188
2025-10-05T11:03:25Z;-2133;;851
2025-10-05T11:03:26Z;;1747;-386
2025-10-05T11:03:28Z;-1056;1181;-952
2025-10-05T11:03:39Z;-1111;;70
2025-10-05T11:03:40Z;;1203;92
2025-10-05T11:03:42Z;;1674;563
2025-10-05T11:03:44Z;-1566;;108
2025-10-05T11:03:46Z;;1818;252
2025-10-05T11:03:47Z;-1655;;163
2025-10-05T11:03:48Z;;1792;137
2025-10-05T11:03:49Z;;1818;163
2025-10-05T11:03:51Z;;2257;602
2025-10-05T11:03:52Z;-2226;;31
2025-10-05T11:03:54Z;-2459;2599;-202
2025-10-05T11:03:56Z;;2017;-442
2025-10-05T11:03:57Z;-1646;;371
2025-10-05T11:03:58Z;-1478;;539
2025-10-05T11:03:59Z;;1611;133
2025-10-05T11:04:00Z;-1522;;89
2025-10-05T11:04:01Z;-1361;;250
2025-10-05T11:04:02Z;;1353;-8
2025-10-05T11:04:05Z;-1183;;170
2025-10-05T11:04:06Z;-1234;;119
2025-10-05T11:04:08Z;-1519;1603;-166
2025-10-05T11:04:10Z;-1877;2087;-274
2025-10-05T11:04:11Z;-2238;;-635
2025-10-05T11:04:12Z;;2367;129
2025-10-05T11:04:13Z;-2491;;-124
2025-10-05T11:04:14Z;-2305;2471;-20
2025-10-05T11:04:16Z;;2298;-7
2025-10-05T11:04:18Z;;2503;198
2025-10-05T11:04:20Z;;2300;-191
2025-10-05T11:04:21Z;-2415;2656;241
2025-10-05T11:04:22Z;-2291;;9
2025-10-05T11:04:23Z;;2933;642
2025-10-05T11:04:25Z;;3030;765
2025-10-05T11:04:26Z;;2990;725
2025-10-05T11:04:28Z;-2410;2615;350
2025-10-05T11:04:29Z;-2770;;163
2025-10-05T11:04:31Z;-2554;;259
2025-10-05T11:04:32Z;-2761;2813;548
2025-10-05T11:04:33Z;-2265;;668
2025-10-05T11:04:34Z;-1911;2187;-78
2025-10-05T11:04:36Z;;2029;118
2025-10-05T11:04:37Z;;1718;-193
2025-10-05T11:04:42Z;-1471;;247
2025-10-05T11:04:43Z;;1497;26
2025-10-05T11:04:44Z;-1556;;-59
2025-10-05T11:04:45Z;;1825;269
2025-10-05T11:04:46Z;-2316;;-491
2025-10-05T11:04:47Z;;2347;31
2025-10-05T11:04:48Z;-1786;;561
2025-10-05T11:04:51Z;;1932;146
2025-10-05T11:04:53Z;;1794;8
2025-10-05T11:04:54Z;-1506;;288
2025-10-05T11:04:56Z;;1477;-29
2025-10-05T11:04:57Z;-1430;;47
2025-10-05T11:04:58Z;;1545;115
2025-10-05T11:05:00Z;-1725;1813;-180
2025-10-05T11:05:02Z;-1716;1710;332
2025-10-05T11:05:03Z;-1378;;167
2025-10-05T11:05:05Z;;1355;-23
2025-10-05T11:05:06Z;-1199;1128;-71
2025-10-05T11:05:08Z;;1326;127
2025-10-05T11:05:09Z;;1131;-68
2025-10-05T11:05:11Z;;1207;8
2025-10-05T11:05:13Z;-1305;;-98
2025-10-05T11:05:14Z;-1144;;63
2025-10-05T11:05:16Z;-1590;;-383
2025-10-05T11:05:17Z;-2316;;-1109
2025-10-05T11:05:18Z;-2311;1795;651
2025-10-05T11:05:19Z;;2205;-106
2025-10-05T11:05:20Z;;2448;137
2025-10-05T11:05:22Z;;2266;-45
2025-10-05T11:05:23Z;-1728;;538
2025-10-05T11:05:24Z;-1283;;983
2025-10-05T11:05:25Z;-873;1852;569
2025-10-05T11:05:27Z;;1787;914
2025-10-05T11:05:29Z;;1484;611
2025-10-05T11:05:31Z;;1081;208
2025-10-05T11:05:33Z;;896;23
2025-10-05T11:05:44Z;;906;33
2025-10-05T11:05:46Z;-884;;22
2025-10-05T11:05:54Z;-1126;;-220
2025-10-05T11:05:56Z;-1856;1345;219
2025-10-05T11:05:57Z;;1838;-18
2025-10-05T11:05:59Z;;2131;275
2025-10-05T11:06:00Z;-2021;;110
2025-10-05T11:06:01Z;-2290;;-159
2025-10-05T11:06:03Z;-2061;2418;128
2025-10-05T11:06:05Z;-1373;1819;1045
2025-10-05T11:06:06Z;;1246;-127
2025-10-05T11:06:08Z;;1022;-351
2025-10-05T11:06:11Z;-1021;1590;217
2025-10-05T11:06:13Z;-2393;;-803
2025-10-05T11:06:15Z;;2387;-6
2025-10-05T11:06:16Z;-2551;;-164
2025-10-05T11:06:17Z;;2554;3
2025-10-05T11:06:19Z;;2689;138
2025-10-05T11:06:23Z;-2645;;44
2025-10-05T11:06:24Z;-2693;;-4
2025-10-05T11:06:28Z;-2721;;-32
2025-10-05T11:06:44Z;-2682;;7
2025-10-05T11:06:46Z;;2671;-11
2025-10-05T11:06:49Z;-2354;;317
2025-10-05T11:06:50Z;-2470;;201
2025-10-05T11:06:55Z;;2379;-91
2025-10-05T11:06:57Z;-2323;;56
2025-10-05T11:06:59Z;;2123;-200
2025-10-05T11:07:00Z;;2123;-200
2025-10-05T11:07:01Z;-2452;;-329
2025-10-05T11:07:02Z;;2039;-413
2025-10-05T11:07:04Z;;2349;-103
2025-10-05T11:07:06Z;-2734;2600;-134
2025-10-05T11:07:08Z;;2773;39
2025-10-05T11:09:13Z;-2697;;76
2025-10-05T11:09:15Z;-2789;;-16
2025-10-05T11:09:29Z;;2619;-170
2025-10-05T11:09:30Z;-2346;;273
2025-10-05T11:09:32Z;-2514;;105
2025-10-05T11:09:33Z;-2371;;248
2025-10-05T11:09:35Z;-2312;2395;83
2025-10-05T11:09:36Z;;2409;97
2025-10-05T11:09:37Z;-2263;;146
2025-10-05T11:09:39Z;;2281;18
2025-10-05T11:09:40Z;;2534;271
2025-10-05T11:09:42Z;;2774;511
2025-10-05T11:09:44Z;-2717;;57
2025-10-05T11:09:58Z;-2673;;101
2025-10-05T11:10:00Z;;2656;-17
2025-10-05T11:10:02Z;;2797;124
2025-10-05T11:10:06Z;-2702;2666;95
2025-10-05T11:10:09Z;;2221;-290
2025-10-05T11:10:10Z;-2511;;286
2025-10-05T11:10:12Z;-1907;1906;-605
2025-10-05T11:10:13Z;-1789;;117
2025-10-05T11:10:16Z;-1649;1757;108
2025-10-05T11:10:18Z;;1486;-163
2025-10-05T11:10:21Z;-1504;;235
2025-10-05T11:10:22Z;;1739;90
2025-10-05T11:10:23Z;-1857;;-118
2025-10-05T11:10:24Z;-2124;;-385
2025-10-05T11:10:25Z;-2572;;-833
2025-10-05T11:10:27Z;;2042;-530
2025-10-05T11:10:28Z;-2290;;-248
2025-10-05T11:10:29Z;-1988;2304;164
2025-10-05T11:10:30Z;-2140;;-98
2025-10-05T11:10:32Z;-2429;2742;602
2025-10-05T11:10:33Z;;2742;602
2025-10-05T11:10:35Z;;2503;363
2025-10-05T11:10:37Z;;2261;121
2025-10-05T11:10:38Z;;1970;-459
2025-10-05T11:10:39Z;-2762;;-792
2025-10-05T11:10:42Z;;2303;-459
2025-10-05T11:10:44Z;;2673;-89
2025-10-05T11:10:46Z;;2706;-56
2025-10-05T11:10:48Z;;2680;-82
2025-10-05T11:10:50Z;;2713;-49
2025-10-05T11:10:51Z;-2671;;42
2025-10-05T11:10:53Z;-2741;;-28
2025-10-05T11:11:16Z;;2160;-581
2025-10-05T11:11:17Z;-2403;;-243
2025-10-05T11:11:18Z;;1954;-449
2025-10-05T11:11:20Z;;1684;-719
2025-10-05T11:11:22Z;;1462;-941
2025-10-05T11:11:23Z;;1565;-838
2025-10-05T11:11:25Z;-1791;;-226
2025-10-05T11:11:26Z;-1347;1251;-540
2025-10-05T11:11:28Z;;1082;-265
2025-10-05T11:11:40Z;-1143;;-61
2025-10-05T11:11:43Z;;1220;77
2025-10-05T11:11:45Z;-1558;;-338
2025-10-05T11:11:46Z;;1523;-35
2025-10-05T11:11:50Z;;1880;322
2025-10-05T11:11:53Z;;1786;228
2025-10-05T11:11:55Z;;1808;250
2025-10-05T11:11:56Z;;1726;302
2025-10-05T11:11:59Z;-1424;;384
2025-10-05T11:12:01Z;;1429;5
2025-10-05T11:12:04Z;-1446;;-17
2025-10-05T11:12:05Z;;1556;132
2025-10-05T11:12:06Z;-1726;;-170
2025-10-05T11:12:07Z;;1986;260
2025-10-05T11:12:08Z;-2476;;-490
2025-10-05T11:12:09Z;;2453;-23
2025-10-05T11:12:11Z;;2771;295
2025-10-05T11:12:12Z;-2737;;34
2025-10-05T11:12:14Z;-2696;;75
2025-10-05T11:12:15Z;-2789;;-18
2025-10-05T11:12:17Z;;3032;243
2025-10-05T11:12:22Z;;2971;182
2025-10-05T11:12:24Z;;3000;211
2025-10-05T11:12:29Z;;2913;124
2025-10-05T11:12:30Z;-2373;;540
2025-10-05T11:12:31Z;;2674;301
2025-10-05T11:12:33Z;;2278;-95
2025-10-05T11:12:35Z;;1431;-942
2025-10-05T11:12:37Z;;1054;-1319
2025-10-05T11:12:58Z;;1213;-1160
2025-10-05T11:12:59Z;-1517;;-304
2025-10-05T11:13:02Z;;1648;131
2025-10-05T11:13:04Z;-1758;;-110
2025-10-05T11:13:05Z;-1473;1896;138
2025-10-05T11:13:06Z;;1713;240
2025-10-05T11:13:08Z;;1948;475
2025-10-05T11:13:09Z;-1607;;341
2025-10-05T11:13:10Z;;1726;119
2025-10-05T11:13:11Z;-2190;;-464
2025-10-05T11:13:12Z;-1956;;-230
2025-10-05T11:13:14Z;;1835;-121
2025-10-05T11:13:16Z;;2134;178
2025-10-05T11:13:17Z;;1799;-157
2025-10-05T11:13:18Z;-1331;;468
2025-10-05T11:13:19Z;-1262;;537
2025-10-05T11:13:21Z;;1893;631
2025-10-05T11:13:23Z;;1495;233
2025-10-05T11:13:25Z;;1167;-95
2025-10-05T11:13:32Z;;1209;-53
2025-10-05T11:13:35Z;;1784;522
2025-10-05T11:13:37Z;;2066;804
2025-10-05T11:13:38Z;;1597;335
2025-10-05T11:13:39Z;-1591;;6
2025-10-05T11:13:40Z;;1834;243
2025-10-05T11:13:41Z;-1914;;-317
2025-10-05T11:13:42Z;-1644;2253;190
2025-10-05T11:13:43Z;-2008;;346
2025-10-05T11:13:44Z;-2325;;-491
2025-10-05T11:13:46Z;;2442;117
2025-10-05T11:13:47Z;-2505;;-63
2025-10-05T11:13:48Z;;2354;-151
2025-10-05T11:13:49Z;-2757;;-403
2025-10-05T11:13:50Z;;2516;-241
2025-10-05T11:13:52Z;;2803;46
2025-10-05T11:13:53Z;;3029;272
2025-10-05T11:13:59Z;;2981;224
2025-10-05T11:14:03Z;-2652;;329
2025-10-05T11:14:05Z;;2661;9
2025-10-05T11:14:07Z;;2750;98
2025-10-05T11:14:08Z;-2728;;22
2025-10-05T11:14:15Z;-2413;2658;-70
2025-10-05T11:14:17Z;;2364;-49
2025-10-05T11:14:19Z;-2339;2091;-322
2025-10-05T11:14:21Z;-2040;;51
2025-10-05T11:14:22Z;-1776;;315
2025-10-05T11:14:23Z;-1230;;861
2025-10-05T11:14:24Z;;2128;898
2025-10-05T11:14:26Z;;1535;305
2025-10-05T11:14:27Z;;1231;1
2025-10-05T11:14:29Z;;1199;-31
2025-10-05T11:14:31Z;;1200;-30
2025-10-05T11:14:32Z;-1298;;-98
2025-10-05T11:14:35Z;-1496;;-296
2025-10-05T11:14:37Z;-1778;;-578
2025-10-05T11:14:38Z;;1616;-162
2025-10-05T11:14:40Z;;1896;118
2025-10-05T11:14:42Z;;2346;568
2025-10-05T11:14:43Z;-2396;2420;-50
2025-10-05T11:14:47Z;;2388;-8
2025-10-05T11:14:49Z;-2080;2422;26
2025-10-05T11:14:51Z;-2565;;-143
2025-10-05T11:14:52Z;;2268;-297
2025-10-05T11:14:53Z;-1410;;858
2025-10-05T11:14:54Z;;2066;656
2025-10-05T11:14:56Z;;2221;811
2025-10-05T11:14:58Z;;2499;1089
2025-10-05T11:15:00Z;;2764;1354
2025-10-05T11:15:01Z;;2649;1239
2025-10-05T11:15:03Z;-2141;;508
2025-10-05T11:15:04Z;-2449;;200
2025-10-05T11:15:05Z;-2326;2264;-185
2025-10-05T11:15:08Z;;2561;235
2025-10-05T11:15:09Z;;2446;120
2025-10-05T11:15:11Z;-1955;;491
2025-10-05T11:15:13Z;;2746;791
2025-10-05T11:15:14Z;;2352;397
2025-10-05T11:15:15Z;-2035;;317
2025-10-05T11:15:16Z;-2105;;247
2025-10-05T11:15:17Z;-2044;;308
2025-10-05T11:15:18Z;;2096;52
2025-10-05T11:15:20Z;;2357;313
2025-10-05T11:15:21Z;-1943;2485;441
2025-10-05T11:15:22Z;-1548;;937
2025-10-05T11:15:24Z;-1104;;1381
2025-10-05T11:15:25Z;;2396;1292
2025-10-05T11:15:27Z;-1271;1991;887
2025-10-05T11:15:29Z;;1441;170
2025-10-05T11:15:31Z;;1441;170
2025-10-05T11:15:32Z;;1189;-82
2025-10-05T11:15:34Z;-1518;;-329
2025-10-05T11:15:35Z;-2003;;-814
2025-10-05T11:15:36Z;;1216;-787
2025-10-05T11:15:37Z;;1522;-481
2025-10-05T11:15:39Z;-2061;2172;169
2025-10-05T11:15:41Z;;2033;-28
2025-10-05T11:15:43Z;;2033;-28
2025-10-05T11:15:44Z;;2109;48
2025-10-05T11:15:46Z;;2429;368
2025-10-05T11:15:48Z;;2780;719
2025-10-05T11:15:53Z;-2483;;297
2025-10-05T11:15:55Z;;2601;118
2025-10-05T11:15:56Z;;2379;-104
2025-10-05T11:15:59Z;;2022;-461
2025-10-05T11:16:00Z;-2098;;-76
2025-10-05T11:16:02Z;-1727;;295
2025-10-05T11:16:03Z;;1737;10
2025-10-05T11:16:05Z;-1936;2176;449
2025-10-05T11:16:07Z;;2472;536
2025-10-05T11:16:09Z;;2387;451
2025-10-05T11:16:10Z;-2177;;210
2025-10-05T11:16:13Z;-2444;2042;-57
2025-10-05T11:16:15Z;;2182;-262
2025-10-05T11:16:17Z;;2433;-11
2025-10-05T11:16:19Z;;2749;305
2025-10-05T11:16:22Z;-2704;;45
2025-10-05T11:16:24Z;-2700;;49
2025-10-05T11:16:25Z;;2666;-34
2025-10-05T11:16:28Z;-2386;;280
2025-10-05T11:16:30Z;-1828;2204;-182
2025-10-05T11:16:32Z;-1717;1963;487
2025-10-05T11:16:34Z;;1593;-124
2025-10-05T11:16:35Z;-1179;;414
2025-10-05T11:16:36Z;;1462;283
2025-10-05T11:16:37Z;;1902;723
2025-10-05T11:16:39Z;-1514;2282;1103
2025-10-05T11:16:41Z;;2459;945
2025-10-05T11:16:43Z;-2181;;278
2025-10-05T11:16:44Z;;2816;635
2025-10-05T11:16:45Z;-2573;;243
2025-10-05T11:16:46Z;-2640;;176
2025-10-05T11:16:47Z;-2686;;130
2025-10-05T11:16:53Z;-2189;2577;-109
2025-10-05T11:16:55Z;;2271;596
2025-10-05T11:16:57Z;-1675;1933;258
2025-10-05T11:17:03Z;;2191;516
2025-10-05T11:17:04Z;;2529;854
2025-10-05T11:17:07Z;-2425;;104
2025-10-05T11:17:10Z;;2701;276
2025-10-05T11:18:35Z;-2637;;64
2025-10-05T11:18:37Z;-1563;2246;-391
2025-10-05T11:18:39Z;;1509;-54
2025-10-05T11:18:40Z;;1262;-301
2025-10-05T11:18:43Z;;1752;189
2025-10-05T11:18:45Z;;1919;356
2025-10-05T11:18:46Z;-1108;;811
2025-10-05T11:18:47Z;;1704;596
2025-10-05T11:18:49Z;;1499;391
2025-10-05T11:18:51Z;-1489;1500;392
2025-10-05T11:18:52Z;-1696;;-197
2025-10-05T11:18:55Z;;2043;935
2025-10-05T11:18:57Z;-1995;2494;798
2025-10-05T11:18:58Z;;2217;222
2025-10-05T11:19:00Z;-2243;2527;532
2025-10-05T11:19:02Z;;2795;552
2025-10-05T11:19:03Z;;2559;316
2025-10-05T11:19:04Z;-2017;;542
2025-10-05T11:19:07Z;;2106;89
2025-10-05T11:19:09Z;;2001;-16
2025-10-05T11:19:11Z;;2264;247
2025-10-05T11:19:12Z;-1736;2055;319
2025-10-05T11:19:14Z;;1694;-42
2025-10-05T11:19:15Z;;1352;-384
2025-10-05T11:19:17Z;;1585;-151
2025-10-05T11:19:18Z;-1177;;517
2025-10-05T11:19:19Z;;1448;271
2025-10-05T11:19:24Z;-1323;1623;446
2025-10-05T11:19:26Z;;1938;615
2025-10-05T11:19:27Z;-1621;;2
2025-10-05T11:19:28Z;;1722;101
2025-10-05T11:19:30Z;-1266;;456
2025-10-05T11:19:31Z;;1382;-239
2025-10-05T11:19:36Z;-1452;;-70
2025-10-05T11:19:37Z;;1801;349
2025-10-05T11:19:38Z;-1911;;-110
2025-10-05T11:19:39Z;-2117;;-316
2025-10-05T11:19:42Z;;2206;89
2025-10-05T11:19:43Z;;2583;466
2025-10-05T11:19:45Z;;2382;265
2025-10-05T11:19:46Z;-2189;;193
2025-10-05T11:19:47Z;;2457;268
2025-10-05T11:19:48Z;;2300;111
2025-10-05T11:19:50Z;-1841;1898;-291
2025-10-05T11:19:51Z;-1888;;10
2025-10-05T11:19:53Z;-1669;;229
2025-10-05T11:19:54Z;-1208;1731;-110
2025-10-05T11:19:56Z;;1814;606
2025-10-05T11:19:58Z;-963;;851
2025-10-05T11:19:59Z;-934;;880
2025-10-05T11:20:00Z;;2148;1214
2025-10-05T11:20:02Z;;1291;357
2025-10-05T11:20:04Z;;1291;357
2025-10-05T11:20:05Z;;1174;240
2025-10-05T11:20:07Z;;1230;296
2025-10-05T11:20:09Z;;1147;213
2025-10-05T11:20:11Z;;1214;280
2025-10-05T11:20:12Z;;1187;253
2025-10-05T11:20:20Z;;1241;307
2025-10-05T11:20:22Z;-1128;;113
2025-10-05T11:20:24Z;;1503;375
2025-10-05T11:20:26Z;;1446;318
2025-10-05T11:20:27Z;;1648;520
2025-10-05T11:20:30Z;-1386;1901;773
2025-10-05T11:20:31Z;-1815;;86
2025-10-05T11:20:33Z;-1723;;178
2025-10-05T11:20:36Z;-1444;;457
2025-10-05T11:20:37Z;;1503;59
2025-10-05T11:20:38Z;-1190;;313
2025-10-05T11:20:39Z;;1326;136
2025-10-05T11:20:40Z;-1205;;298
2025-10-05T11:20:42Z;-1163;;163
2025-10-05T11:20:46Z;;1166;3
2025-10-05T11:20:54Z;;1213;50
2025-10-05T11:20:58Z;-1238;1661;498
2025-10-05T11:21:00Z;-1595;;66
2025-10-05T11:21:03Z;-1902;1804;209
2025-10-05T11:21:05Z;;1771;-131
2025-10-05T11:21:06Z;;1809;-93
2025-10-05T11:21:08Z;;2164;262
2025-10-05T11:21:10Z;-1762;1849;-53
2025-10-05T11:21:11Z;-1300;;549
2025-10-05T11:21:15Z;;1668;368
2025-10-05T11:21:16Z;;1422;122
2025-10-05T11:21:22Z;;1193;-107
2025-10-05T11:21:32Z;;1205;-95
2025-10-05T11:21:41Z;;1625;325
2025-10-05T11:21:45Z;-1242;;383
2025-10-05T11:21:46Z;;2110;868
2025-10-05T11:21:47Z;-1824;;286
2025-10-05T11:21:49Z;-1526;;584
2025-10-05T11:22:01Z;-1536;;574
2025-10-05T11:22:04Z;-2004;;106
2025-10-05T11:22:05Z;-1956;;154
2025-10-05T11:22:19Z;-1715;;395
2025-10-05T11:22:20Z;-1601;;509
2025-10-05T11:22:41Z;-1634;;476
2025-10-05T11:22:44Z;-1880;;230
2025-10-05T11:22:45Z;-2406;;-296
2025-10-05T11:22:47Z;-2289;;-179
2025-10-05T11:22:49Z;-2049;;61
2025-10-05T11:22:50Z;-1756;;354
2025-10-05T11:22:52Z;-1608;;502
2025-10-05T11:22:54Z;-2171;;-61
2025-10-05T11:22:56Z;-1785;;325
2025-10-05T11:22:59Z;-1426;;684
2025-10-05T11:23:00Z;-1369;;741
2025-10-05T11:23:10Z;-1224;;886
2025-10-05T11:23:14Z;-1272;;838
2025-10-05T11:23:19Z;-1326;;784
2025-10-05T11:23:21Z;-1597;;513
2025-10-05T11:23:24Z;-1201;;909
2025-10-05T11:23:32Z;-1237;;873
2025-10-05T11:23:38Z;-1688;;422
2025-10-05T11:23:40Z;-2701;;-591
2025-10-05T11:23:42Z;-2742;;-632
2025-10-05T11:23:44Z;-2063;;47
2025-10-05T11:23:47Z;-1702;;408
2025-10-05T11:23:48Z;-1743;;367
2025-10-05T11:23:53Z;-1812;;298
2025-10-05T11:23:54Z;-1765;;345
2025-10-05T11:23:58Z;-1823;;287
2025-10-05T11:23:59Z;-1595;;515
2025-10-05T11:24:00Z;-1202;;908
2025-10-05T11:24:51Z;-1263;;847
2025-10-05T11:24:53Z;-1182;;928
2025-10-05T11:24:56Z;-1224;;886
2025-10-05T11:25:01Z;-1584;;526
2025-10-05T11:25:02Z;-1831;;279
2025-10-05T11:25:03Z;-2416;;-306
2025-10-05T11:25:05Z;-2391;;-281
2025-10-05T11:25:11Z;-1751;;359
2025-10-05T11:25:13Z;-1833;;277
2025-10-05T11:25:15Z;-1567;;543
2025-10-05T11:25:17Z;-1407;;703
2025-10-05T11:25:25Z;-1513;;597
2025-10-05T11:25:27Z;-1883;;227
2025-10-05T11:25:28Z;-2398;;-288
2025-10-05T11:25:30Z;-2693;;-583
2025-10-05T11:25:39Z;-2091;;19
2025-10-05T11:25:43Z;-1920;;190
2025-10-05T11:25:48Z;-1606;;504
2025-10-05T11:25:53Z;-1275;;835
2025-10-05T11:25:58Z;-1179;;931
2025-10-05T11:26:00Z;-1228;;882
2025-10-05T11:26:43Z;-1158;;952
2025-10-05T11:26:44Z;-1446;;664
2025-10-05T11:26:47Z;-1927;;183
2025-10-05T11:26:49Z;-2433;;-323
2025-10-05T11:26:51Z;-2564;1978;-455
2025-10-05T11:26:52Z;;1418;-1146
2025-10-05T11:26:53Z;;1189;-1375
2025-10-05T11:26:55Z;;1209;-1355
2025-10-05T11:26:57Z;;1731;-833
2025-10-05T11:26:58Z;-2438;;-707
2025-10-05T11:26:59Z;;1973;-465
2025-10-05T11:27:01Z;;2707;269
2025-10-05T11:27:02Z;-2565;;142
2025-10-05T11:27:03Z;;2707;142
2025-10-05T11:27:05Z;-2732;3034;469
2025-10-05T11:27:07Z;;2964;232
2025-10-05T11:27:08Z;-2519;;445
2025-10-05T11:27:09Z;-2094;;870
2025-10-05T11:27:11Z;;3009;915
2025-10-05T11:27:13Z;;2876;782
2025-10-05T11:27:15Z;-1145;2535;441
2025-10-05T11:27:19Z;;2827;1682
2025-10-05T11:27:21Z;;2567;1422
2025-10-05T11:27:23Z;;2215;1070
2025-10-05T11:27:24Z;;2099;954
2025-10-05T11:27:26Z;;1724;579
2025-10-05T11:27:28Z;;1481;336
2025-10-05T11:27:30Z;;1186;41
2025-10-05T11:27:31Z;-867;;319
2025-10-05T11:28:00Z;;899;32
2025-10-05T11:28:02Z;;900;33
2025-10-05T11:28:04Z;;898;31
2025-10-05T11:28:07Z;;900;33
2025-10-05T11:28:09Z;;899;32
2025-10-05T11:28:11Z;;901;34
2025-10-05T11:28:12Z;;896;29
2025-10-05T11:28:43Z;;901;34
2025-10-05T11:28:45Z;;895;28
2025-10-05T11:28:47Z;;906;39
2025-10-05T11:30:05Z;;1022;155
2025-10-05T11:30:07Z;-856;;166
2025-10-05T11:30:55Z;-897;;125
2025-10-05T11:30:57Z;-896;;126
2025-10-05T11:31:05Z;-896;;126
2025-10-05T11:31:07Z;-903;;119
2025-10-05T11:31:15Z;-884;;138
2025-10-05T11:31:41Z;;1204;320
2025-10-05T11:32:19Z;-1196;;8
2025-10-05T11:32:27Z;-1517;1596;400
2025-10-05T11:32:35Z;;1873;356
2025-10-05T11:32:40Z;-1441;1733;216
2025-10-05T11:32:42Z;;1470;29
2025-10-05T11:32:51Z;-1272;;198
2025-10-05T11:32:52Z;-1174;;296
2025-10-05T11:32:54Z;;1507;333
2025-10-05T11:32:56Z;;1456;282
2025-10-05T11:32:57Z;-1139;;317
2025-10-05T11:33:01Z;;1187;48
2025-10-05T11:33:06Z;-911;;276
2025-10-05T11:33:43Z;;899;-12
2025-10-05T11:34:32Z;-599;;300
2025-10-05T11:38:16Z;-591;;308
2025-10-05T11:38:42Z;;903;312
2025-10-05T11:38:48Z;-800;;103
2025-10-05T11:39:14Z;-901;;2
2025-10-05T11:39:25Z;;1207;306
2025-10-05T11:39:45Z;;1196;295
2025-10-05T11:40:01Z;-911;;285
2025-10-05T11:40:12Z;;894;-17
2025-10-05T11:42:23Z;-596;;298
2025-10-05T11:42:36Z;;598;2
2025-10-05T11:42:55Z;-513;;85
2025-10-05T11:42:56Z;-816;;-218
2025-10-05T11:44:06Z;;604;-212
2025-10-05T11:44:13Z;-594;;10
2025-10-05T11:44:44Z;;903;309
2025-10-05T11:45:05Z;;997;403
2025-10-05T11:45:07Z;-954;;43
2025-10-05T11:45:27Z;-895;;102
2025-10-05T11:45:41Z;;895;0
2025-10-05T11:45:54Z;;900;5
2025-10-05T11:45:56Z;;898;3
2025-10-05T11:45:59Z;;907;12
2025-10-05T11:46:16Z;-901;;6
2025-10-05T11:46:17Z;-896;;11
2025-10-05T11:46:19Z;-900;;7
2025-10-05T11:46:21Z;-898;;9
2025-10-05T11:46:37Z;;895;-3
2025-10-05T11:47:24Z;-604;;291
2025-10-05T11:47:34Z;-563;;332
2025-10-05T11:47:35Z;;596;33
2025-10-05T11:47:39Z;-158;;438
2025-10-05T11:48:30Z;;253;95
2025-10-05T11:48:32Z;;471;313
2025-10-05T11:50:12Z;-301;;170
2025-10-05T11:51:21Z;;299;-2
2025-10-05T11:51:23Z;;305;4
2025-10-05T11:51:30Z;;299;-2
2025-10-05T11:52:09Z;;300;-1
2025-10-05T11:52:11Z;;297;-4
2025-10-05T11:52:13Z;;305;4
2025-10-05T11:52:39Z;-293;;12
2025-10-05T11:52:43Z;-297;;8
2025-10-05T11:52:44Z;-300;;5
2025-10-05T11:53:41Z;;184;-116
2025-10-05T11:53:42Z;-374;;-190
2025-10-05T11:53:43Z;-244;;-60
2025-10-05T11:53:44Z;;409;165
2025-10-05T11:56:52Z;;602;358
2025-10-05T11:56:54Z;;598;354
2025-10-05T11:56:56Z;;601;357
2025-10-05T11:57:02Z;-590;;11
2025-10-05T11:59:16Z;-600;;1
2025-10-05T11:59:43Z;;597;-3
2025-10-05T11:59:45Z;;607;7
2025-10-05T12:00:05Z;;617;17
2025-10-05T12:00:37Z;;598;-2
2025-10-05T12:03:13Z;-385;;213
2025-10-05T12:03:14Z;-207;;391
2025-10-05T12:03:30Z;-358;;240
2025-10-05T12:03:31Z;-257;;341
2025-10-05T12:03:35Z;-349;;249
2025-10-05T12:03:36Z;-259;;339
2025-10-05T12:03:38Z;-123;;475
2025-10-05T12:03:39Z;-343;283;255
2025-10-05T12:03:55Z;-322;;-39
2025-10-05T12:03:56Z;-274;;9
2025-10-05T12:08:17Z;;601;327
2025-10-05T12:08:19Z;;598;324
2025-10-05T12:08:21Z;;600;326
2025-10-05T12:08:32Z;-594;;6
2025-10-05T12:08:34Z;-604;;-4
2025-10-05T12:08:35Z;-598;;2
2025-10-05T12:10:58Z;;900;302
2025-10-05T12:11:00Z;;895;297
2025-10-05T12:11:02Z;;906;308
2025-10-05T12:11:33Z;;899;301
2025-10-05T12:11:35Z;;902;304
2025-10-05T12:11:37Z;;898;300
2025-10-05T12:13:57Z;;900;302
2025-10-05T12:13:59Z;;896;298
2025-10-05T12:14:01Z;;904;306
2025-10-05T12:14:08Z;;894;296
2025-10-05T12:14:10Z;;902;304
2025-10-05T12:14:16Z;;896;298
2025-10-05T12:15:05Z;;791;193
2025-10-05T12:15:09Z;-748;;43
2025-10-05T12:16:18Z;;900;152
2025-10-05T12:16:24Z;-898;;2
2025-10-05T12:16:38Z;;752;-146
2025-10-05T12:16:40Z;;1085;187
2025-10-05T12:16:42Z;;1247;349
2025-10-05T12:16:44Z;;1106;208
2025-10-05T12:17:55Z;-879;;227
2025-10-05T12:18:07Z;;899;20
2025-10-05T12:18:36Z;;489;-390
2025-10-05T12:18:38Z;;769;-110
2025-10-05T12:18:41Z;-243;;526
2025-10-05T12:24:00Z;-600;;169
2025-10-05T12:24:24Z;;597;-3
2025-10-05T12:30:07Z;-449;;148
2025-10-05T12:30:15Z;;514;65
2025-10-05T12:32:35Z;;600;151
2025-10-05T12:32:37Z;;595;146
2025-10-05T12:32:39Z;;617;168
2025-10-05T12:32:41Z;-609;;8
2025-10-05T12:32:45Z;;905;296
2025-10-05T12:32:51Z;;1210;601
2025-10-05T12:32:59Z;-1661;1822;-451
2025-10-05T12:33:03Z;;1776;115
2025-10-05T12:33:04Z;;1370;-291
2025-10-05T12:33:06Z;-1290;;80
2025-10-05T12:33:08Z;;1544;254
2025-10-05T12:33:09Z;-1520;;24
2025-10-05T12:33:10Z;-1199;1228;-292
2025-10-05T12:33:11Z;-1200;;28
2025-10-05T12:33:12Z;-1607;;-379
2025-10-05T12:33:14Z;;1742;135
2025-10-05T12:33:15Z;;1816;209
2025-10-05T12:33:17Z;;1765;158
2025-10-05T12:33:19Z;-1314;1364;-243
2025-10-05T12:33:20Z;-2064;;-700
2025-10-05T12:33:21Z;-1071;;293
2025-10-05T12:33:23Z;;1576;505
2025-10-05T12:33:25Z;;2289;1218
2025-10-05T12:33:27Z;;1657;586
2025-10-05T12:33:29Z;;1121;50
2025-10-05T12:33:30Z;;1264;193
2025-10-05T12:33:32Z;;1177;106
2025-10-05T12:33:37Z;-1115;1276;62
2025-10-05T12:33:39Z;;1742;627
2025-10-05T12:33:41Z;;1988;873
2025-10-05T12:33:43Z;;2126;1011
2025-10-05T12:33:44Z;;2062;947
2025-10-05T12:33:46Z;-1662;;400
2025-10-05T12:33:47Z;-1892;;170
2025-10-05T12:33:48Z;;1763;-129
2025-10-05T12:33:50Z;;1861;-31
2025-10-05T12:33:51Z;-1708;;153
2025-10-05T12:33:53Z;-1693;1721;168
2025-10-05T12:33:55Z;;1494;-199
2025-10-05T12:33:57Z;;1140;-553
2025-10-05T12:33:59Z;-1452;;-312
2025-10-05T12:34:01Z;-1212;;-72
2025-10-05T12:34:02Z;-914;;226
2025-10-05T12:34:08Z;-918;;222
2025-10-05T12:34:11Z;-1175;1285;-35
2025-10-05T12:34:13Z;;1530;355
2025-10-05T12:34:15Z;;1974;799
2025-10-05T12:34:16Z;-951;1455;1023
2025-10-05T12:34:18Z;;1099;148
2025-10-05T12:34:27Z;-882;;217
2025-10-05T12:34:30Z;;1267;385
2025-10-05T12:34:31Z;-1494;;-227
2025-10-05T12:34:32Z;;1612;118
2025-10-05T12:34:33Z;-1989;;-377
2025-10-05T12:34:34Z;;2153;164
2025-10-05T12:34:36Z;;2555;566
2025-10-05T12:34:38Z;-2176;2168;379
2025-10-05T12:34:40Z;;1995;-181
2025-10-05T12:34:41Z;;1751;-425
2025-10-05T12:34:43Z;-1224;1267;527
2025-10-05T12:34:45Z;-1181;;86
2025-10-05T12:34:46Z;;1699;518
2025-10-05T12:34:48Z;;1984;803
2025-10-05T12:34:50Z;-1811;;173
2025-10-05T12:34:51Z;-1624;;360
2025-10-05T12:34:53Z;-1985;1775;-1
2025-10-05T12:34:54Z;;1935;-50
2025-10-05T12:34:56Z;;1619;-366
2025-10-05T12:34:57Z;-2345;;-726
2025-10-05T12:34:58Z;;1986;-359
2025-10-05T12:34:59Z;-1691;;295
2025-10-05T12:35:00Z;;1518;-173
2025-10-05T12:35:01Z;-2108;;-590
2025-10-05T12:35:02Z;;2138;30
2025-10-05T12:35:03Z;;2448;340
2025-10-05T12:35:05Z;;2182;74
2025-10-05T12:35:06Z;-2468;;-286
2025-10-05T12:35:07Z;;1684;-784
2025-10-05T12:35:08Z;;2016;-452
2025-10-05T12:35:09Z;-2381;;-697
2025-10-05T12:35:10Z;-2449;;-433
2025-10-05T12:35:11Z;;2193;-256
2025-10-05T12:35:13Z;;2490;41
2025-10-05T12:35:14Z;;2381;-68
2025-10-05T12:35:16Z;;2447;-2
2025-10-05T12:35:41Z;-2395;;52
2025-10-05T12:35:42Z;-2411;;36
2025-10-05T12:35:45Z;-2395;;52
2025-10-05T12:36:27Z;;2388;-7
2025-10-05T12:37:02Z;;2084;-311
2025-10-05T12:37:04Z;;2213;-182
2025-10-05T12:37:05Z;-1871;;342
2025-10-05T12:37:06Z;-2113;;100
2025-10-05T12:37:22Z;-2028;2054;185
2025-10-05T12:37:24Z;;1798;-230
2025-10-05T12:37:25Z;;1984;-44
2025-10-05T12:37:27Z;;2179;151
2025-10-05T12:37:31Z;;1946;-82
2025-10-05T12:37:33Z;;2190;162
2025-10-05T12:37:35Z;;1945;-83
2025-10-05T12:37:38Z;;2146;118
2025-10-05T12:38:05Z;-1986;2056;160
2025-10-05T12:38:07Z;;1708;-278
2025-10-05T12:38:09Z;-1656;;52
2025-10-05T12:38:10Z;-1523;1919;185
2025-10-05T12:38:14Z;;2132;609
2025-10-05T12:38:28Z;;2090;567
2025-10-05T12:38:39Z;;2106;583
2025-10-05T12:38:40Z;-1855;;251
2025-10-05T12:38:41Z;;1826;-29
2025-10-05T12:38:42Z;-1334;;492
2025-10-05T12:38:43Z;;1416;82
2025-10-05T12:38:45Z;;1566;232
2025-10-05T12:38:47Z;;1986;652
2025-10-05T12:38:48Z;;1665;331
2025-10-05T12:38:50Z;;2061;727
2025-10-05T12:39:21Z;;1743;409
2025-10-05T12:39:23Z;;1945;611
2025-10-05T12:39:27Z;-1829;;116
2025-10-05T12:39:28Z;-1969;;-24
2025-10-05T12:39:35Z;-1770;;175
2025-10-05T12:39:37Z;-1932;;13
2025-10-05T12:39:39Z;-1708;1738;-194
2025-10-05T12:39:41Z;-1883;1850;-145
2025-10-05T12:40:49Z;;2110;227
2025-10-05T12:40:51Z;;2083;200
2025-10-05T12:40:54Z;;2105;222
2025-10-05T12:41:04Z;-1745;1775;360
2025-10-05T12:41:06Z;-1868;1821;-93
2025-10-05T12:41:08Z;-1791;1719;-16
2025-10-05T12:41:10Z;;1410;-381
2025-10-05T12:41:12Z;;897;-894
2025-10-05T12:41:16Z;;906;-885
2025-10-05T12:41:17Z;;885;-906
2025-10-05T12:41:18Z;;958;-833
2025-10-05T12:41:20Z;;1484;-307
2025-10-05T12:41:22Z;-1389;1768;-23
2025-10-05T12:41:23Z;-1826;1957;91
2025-10-05T12:41:24Z;-1866;;-98
2025-10-05T12:41:25Z;;2291;902
2025-10-05T12:41:28Z;-2013;2091;225
2025-10-05T12:41:30Z;-2021;2122;70
2025-10-05T12:41:32Z;;2059;38
2025-10-05T12:41:34Z;;2216;195
2025-10-05T12:42:02Z;-2099;;117
2025-10-05T12:42:04Z;-2100;;116
2025-10-05T12:42:12Z;-2090;;126
2025-10-05T12:42:14Z;-2100;;116
2025-10-05T12:42:15Z;-2094;;122
2025-10-05T12:43:52Z;;2099;5
2025-10-05T12:43:54Z;;2116;22
2025-10-05T12:44:00Z;;2098;4
2025-10-05T12:44:02Z;;2116;22
2025-10-05T12:44:41Z;-2095;;21
2025-10-05T12:44:42Z;-2115;2003;1
2025-10-05T12:44:43Z;-1661;;342
2025-10-05T12:44:46Z;;1723;62
2025-10-05T12:44:47Z;-1680;;43
2025-10-05T12:44:48Z;;1456;-224
2025-10-05T12:44:49Z;-2122;;-666
2025-10-05T12:44:51Z;-1757;1865;-301
2025-10-05T12:44:52Z;-1375;;81
2025-10-05T12:44:53Z;;2192;435
2025-10-05T12:44:55Z;;1715;340
2025-10-05T12:44:56Z;-1732;;-17
2025-10-05T12:44:58Z;-2114;;-399
2025-10-05T12:44:59Z;;1715;-399
2025-10-05T12:45:01Z;;1485;-629
2025-10-05T12:45:03Z;-2130;;-645
2025-10-05T12:45:06Z;;1893;-237
2025-10-05T12:45:07Z;;2166;36
2025-10-05T12:45:09Z;;2065;-65
2025-10-05T12:45:11Z;;2117;-13
2025-10-05T12:45:13Z;;2062;-68
2025-10-05T12:45:15Z;;2154;24
2025-10-05T12:45:17Z;;2134;4
2025-10-05T12:45:25Z;;2094;-36
2025-10-05T12:46:40Z;;2100;-30
2025-10-05T12:46:55Z;-2092;;8
2025-10-05T12:47:32Z;;2405;313
2025-10-05T12:47:34Z;;2380;288
2025-10-05T12:47:38Z;;2419;327
2025-10-05T12:47:55Z;-2406;;13
2025-10-05T12:47:57Z;-2370;;49
2025-10-05T12:47:58Z;-2404;;15
2025-10-05T12:48:01Z;-2376;;43
2025-10-05T12:48:02Z;-2412;;7
2025-10-05T12:48:33Z;-2377;2134;42
2025-10-05T12:48:34Z;-2342;;-208
2025-10-05T12:48:35Z;-2432;;-298
2025-10-05T12:48:36Z;-2096;2512;80
2025-10-05T12:48:37Z;-2209;;303
2025-10-05T12:48:39Z;-2025;;487
2025-10-05T12:48:41Z;;2179;154
2025-10-05T12:48:43Z;;2015;-10
2025-10-05T12:48:44Z;;2256;231
2025-10-05T12:48:46Z;;2046;21
2025-10-05T12:48:48Z;;2234;209
2025-10-05T12:48:49Z;;2043;18
2025-10-05T12:48:50Z;-2511;;-468
2025-10-05T12:48:51Z;;1799;-712
2025-10-05T12:48:53Z;;2054;-457
2025-10-05T12:48:54Z;-2467;;-413
2025-10-05T12:48:55Z;;2617;150
2025-10-05T12:48:56Z;-2520;;97
2025-10-05T12:49:16Z;-2248;2328;369
2025-10-05T12:49:18Z;;2432;184
2025-10-05T12:49:20Z;;2217;-31
2025-10-05T12:49:25Z;;2421;173
2025-10-05T12:49:27Z;-2448;;-27
2025-10-05T12:50:01Z;-2432;;-11
2025-10-05T12:50:02Z;;2368;-64
2025-10-05T12:50:03Z;-2026;;342
2025-10-05T12:50:04Z;;2126;100
2025-10-05T12:50:06Z;;2070;44
2025-10-05T12:50:09Z;-1669;1722;401
2025-10-05T12:50:10Z;-1289;;433
2025-10-05T12:50:12Z;;1278;-11
2025-10-05T12:50:13Z;;1091;-198
2025-10-05T12:50:42Z;-910;;181
2025-10-05T12:51:12Z;-901;;190
2025-10-05T12:51:23Z;-1226;1307;-135
2025-10-05T12:51:24Z;-1837;;-530
2025-10-05T12:51:26Z;-2103;;-796
2025-10-05T12:51:27Z;-1581;;-274
2025-10-05T12:51:28Z;;1964;383
2025-10-05T12:51:30Z;;2147;566
2025-10-05T12:51:31Z;-1477;;670
2025-10-05T12:51:32Z;;1604;127
2025-10-05T12:51:34Z;;1408;-69
2025-10-05T12:51:37Z;-1199;;209
2025-10-05T12:51:38Z;-1200;;208
2025-10-05T12:51:39Z;;1193;-7
2025-10-05T12:51:42Z;-1148;;45
2025-10-05T12:51:57Z;;1209;61
2025-10-05T12:52:00Z;;1177;29
2025-10-05T12:52:35Z;;1225;77
2025-10-05T12:52:37Z;;1159;11
2025-10-05T12:52:47Z;-911;;248
2025-10-05T12:53:01Z;;899;-12
2025-10-05T12:53:03Z;;901;-10
2025-10-05T12:53:05Z;;894;-17
2025-10-05T12:54:32Z;;904;-7
2025-10-05T12:54:46Z;-893;;11
2025-10-05T12:54:48Z;;1335;442
2025-10-05T12:54:51Z;-1358;1573;680
2025-10-05T12:54:53Z;;1862;504
2025-10-05T12:54:54Z;;1705;347
2025-10-05T12:54:56Z;-1839;2049;691
2025-10-05T12:54:58Z;-2119;2113;274
2025-10-05T12:54:59Z;-2063;;50
2025-10-05T12:55:00Z;;1885;-178
2025-10-05T12:55:02Z;;1758;-305
2025-10-05T12:55:04Z;;1291;-772
2025-10-05T12:55:05Z;;1892;-171
2025-10-05T12:55:06Z;-1745;;147
2025-10-05T12:55:07Z;-1455;;437
2025-10-05T12:55:09Z;-1240;2339;884
2025-10-05T12:55:11Z;;1881;641
2025-10-05T12:55:12Z;;1881;641
2025-10-05T12:55:14Z;-1684;;197
2025-10-05T12:55:15Z;;1492;-192
2025-10-05T12:55:16Z;-1758;;-266
2025-10-05T12:55:17Z;-1342;;150
2025-10-05T12:55:18Z;-1194;1187;-155
2025-10-05T12:55:21Z;;1221;27
2025-10-05T12:55:23Z;-875;1124;346
2025-10-05T12:55:39Z;;899;24
2025-10-05T12:55:43Z;;923;48
2025-10-05T12:55:45Z;-904;;19
2025-10-05T12:55:49Z;-761;;162
2025-10-05T12:55:50Z;;873;112
2025-10-05T12:56:08Z;-639;;234
2025-10-05T12:56:33Z;-630;;243
2025-10-05T12:56:34Z;;1583;953
2025-10-05T12:56:36Z;-1208;1493;375
2025-10-05T12:56:38Z;-907;;586
2025-10-05T12:56:40Z;-823;1048;141
2025-10-05T12:56:41Z;-931;;117
2025-10-05T12:56:44Z;-1177;1432;-129
2025-10-05T12:56:45Z;-1530;;-98
2025-10-05T12:56:46Z;;1697;167
2025-10-05T12:56:48Z;;1386;-144
2025-10-05T12:56:49Z;-1525;;-139
2025-10-05T12:56:50Z;;1713;188
2025-10-05T12:56:52Z;;1865;340
2025-10-05T12:56:55Z;;1780;255
2025-10-05T12:56:57Z;;1907;382
2025-10-05T12:57:14Z;;1727;202
2025-10-05T12:57:16Z;;1816;291
2025-10-05T12:57:19Z;;1760;235
2025-10-05T12:57:21Z;;1826;301
2025-10-05T12:57:23Z;;1721;196
2025-10-05T12:57:24Z;;1852;327
2025-10-05T12:58:22Z;;1797;272
2025-10-05T12:58:25Z;-1387;;410
2025-10-05T12:58:26Z;;1323;-64
2025-10-05T12:58:27Z;-1194;;129
2025-10-05T12:58:28Z;;1077;-117
2025-10-05T12:58:30Z;;1206;12
2025-10-05T12:58:31Z;;1518;324
2025-10-05T12:58:33Z;-1304;;214
2025-10-05T12:58:34Z;;1816;512
2025-10-05T12:58:36Z;;1735;431
2025-10-05T12:58:37Z;;1831;527
2025-10-05T12:58:39Z;;1741;437
2025-10-05T12:58:40Z;-1626;;115
2025-10-05T12:58:41Z;;1834;208
2025-10-05T12:58:42Z;;1789;163
2025-10-05T12:58:44Z;;1836;210
2025-10-05T12:59:15Z;;1757;131
2025-10-05T12:59:17Z;-1593;;164
2025-10-05T12:59:18Z;-1320;;437
2025-10-05T12:59:19Z;;1497;177
2025-10-05T12:59:20Z;;1136;-184
2025-10-05T12:59:22Z;;1372;52
2025-10-05T12:59:25Z;-1159;;-23
2025-10-05T12:59:27Z;;1553;394
2025-10-05T12:59:29Z;;1876;717
2025-10-05T12:59:30Z;;1561;402
2025-10-05T12:59:32Z;;1936;777
2025-10-05T12:59:33Z;-1311;;625
2025-10-05T12:59:34Z;;1475;164
2025-10-05T12:59:35Z;;962;-349
2025-10-05T12:59:37Z;;695;-616
2025-10-05T12:59:39Z;;571;-740
2025-10-05T12:59:43Z;-1292;;-721
2025-10-05T12:59:44Z;-1053;;-482
2025-10-05T12:59:46Z;-1356;;-785
2025-10-05T12:59:48Z;-864;;-293
2025-10-05T13:00:15Z;;511;-353
2025-10-05T13:00:25Z;;604;-260
2025-10-05T13:00:27Z;-520;;84
2025-10-05T13:00:29Z;-629;;-25
2025-10-05T13:00:44Z;-596;;8
2025-10-05T13:00:54Z;-659;;-55
2025-10-05T13:00:56Z;-680;;-76
2025-10-05T13:01:00Z;;902;222
2025-10-05T13:01:02Z;-816;;86
2025-10-05T13:01:03Z;;1202;386
2025-10-05T13:01:05Z;-1263;;-61
2025-10-05T13:01:06Z;-1207;;-5
2025-10-05T13:01:10Z;;1176;-31
2025-10-05T13:01:12Z;-1083;1283;76
2025-10-05T13:01:14Z;-1145;;138
2025-10-05T13:01:15Z;-1072;;211
2025-10-05T13:01:17Z;-959;1105;33
2025-10-05T13:01:20Z;;866;-93
2025-10-05T13:01:24Z;-606;;260
2025-10-05T13:02:04Z;;599;-7
2025-10-05T13:03:03Z;;615;9
2025-10-05T13:03:09Z;-610;;5
2025-10-05T13:03:11Z;-527;;88
2025-10-05T13:03:13Z;;575;48
2025-10-05T13:03:20Z;;604;77
2025-10-05T13:03:22Z;-642;;-38
2025-10-05T13:03:23Z;;902;260
2025-10-05T13:03:25Z;-682;820;178
2025-10-05T13:03:32Z;-562;;258
2025-10-05T13:03:33Z;;971;409
2025-10-05T13:03:34Z;-905;;66
2025-10-05T13:03:39Z;-980;;-9
2025-10-05T13:03:43Z;;895;-85
2025-10-05T13:03:46Z;-578;;317
2025-10-05T13:03:51Z;-622;;273
2025-10-05T13:03:54Z;-836;1028;59
2025-10-05T13:03:56Z;;1209;373
2025-10-05T13:03:57Z;;1182;346
2025-10-05T13:03:59Z;;1352;516
2025-10-05T13:04:00Z;-1333;;19
2025-10-05T13:04:02Z;;1547;214
2025-10-05T13:04:04Z;-1255;1386;292
2025-10-05T13:04:06Z;;1011;-244
2025-10-05T13:04:07Z;-800;;211
2025-10-05T13:04:09Z;-832;;179
2025-10-05T13:04:11Z;-947;;64
2025-10-05T13:04:13Z;-843;;168
2025-10-05T13:04:14Z;-924;;87
2025-10-05T13:04:17Z;-698;846;-78
2025-10-05T13:04:26Z;;594;-104
2025-10-05T13:04:41Z;;609;-89
2025-10-05T13:04:43Z;-559;;50
2025-10-05T13:04:44Z;-777;;-168
2025-10-05T13:04:45Z;;980;203
2025-10-05T13:04:46Z;;1534;757
2025-10-05T13:04:49Z;;1372;595
2025-10-05T13:04:51Z;;1583;806
2025-10-05T13:04:54Z;-1640;1839;1062
2025-10-05T13:04:55Z;-1552;;287
2025-10-05T13:04:57Z;-1733;;106
2025-10-05T13:04:59Z;;1671;-62
2025-10-05T13:05:00Z;;1915;182
2025-10-05T13:05:25Z;-1809;1670;-63
2025-10-05T13:05:27Z;;1121;-688
2025-10-05T13:05:30Z;-1580;;-459
2025-10-05T13:05:31Z;;1376;-204
2025-10-05T13:05:32Z;-1009;;367
2025-10-05T13:05:33Z;-751;;625
2025-10-05T13:05:34Z;-936;1578;-2
2025-10-05T13:05:35Z;;1339;403
2025-10-05T13:05:37Z;;1787;851
2025-10-05T13:05:39Z;;1938;1002
2025-10-05T13:05:41Z;;1588;652
2025-10-05T13:05:42Z;;1337;401
2025-10-05T13:05:44Z;-1408;1651;715
2025-10-05T13:05:46Z;-1808;1936;528
2025-10-05T13:05:50Z;-1626;;310
2025-10-05T13:05:51Z;-1190;;746
2025-10-05T13:05:52Z;-1430;;506
2025-10-05T13:05:53Z;;1716;286
2025-10-05T13:05:54Z;;1324;-106
2025-10-05T13:05:56Z;-1761;1156;-274
2025-10-05T13:05:58Z;-1806;1361;-650
2025-10-05T13:05:59Z;-1564;;-408
2025-10-05T13:06:01Z;-1236;;125
2025-10-05T13:06:03Z;;1712;476
2025-10-05T13:06:04Z;-923;;789
2025-10-05T13:06:05Z;-1530;;182
2025-10-05T13:06:06Z;;1284;-246
2025-10-05T13:06:07Z;-1482;;128
2025-10-05T13:06:08Z;-909;;375
2025-10-05T13:06:10Z;-773;;511
2025-10-05T13:06:11Z;-1262;;22
2025-10-05T13:06:12Z;;1058;-204
2025-10-05T13:06:14Z;;1280;18
2025-10-05T13:06:16Z;;1933;671
2025-10-05T13:06:17Z;;1933;671
2025-10-05T13:06:18Z;-1719;;214
2025-10-05T13:06:19Z;-1170;;763
2025-10-05T13:06:21Z;-1335;1356;598
2025-10-05T13:06:22Z;-1439;;494
2025-10-05T13:06:23Z;-1151;;205
2025-10-05T13:06:25Z;-995;;361
2025-10-05T13:06:26Z;;1529;534
2025-10-05T13:06:27Z;;1288;293
2025-10-05T13:06:29Z;-1198;1205;90
2025-10-05T13:06:31Z;-1736;1205;-531
2025-10-05T13:06:33Z;-1367;1164;-162
2025-10-05T13:06:36Z;;1314;-53
2025-10-05T13:06:38Z;;1674;307
2025-10-05T13:06:40Z;;1936;569
2025-10-05T13:06:41Z;-1425;;511
2025-10-05T13:06:42Z;-1325;;611
2025-10-05T13:06:43Z;;1463;138
2025-10-05T13:06:46Z;;1634;309
2025-10-05T13:06:48Z;;1821;496
2025-10-05T13:06:50Z;;1778;453
2025-10-05T13:06:51Z;-1150;;628
2025-10-05T13:06:53Z;-883;;895
2025-10-05T13:06:54Z;;1496;613
2025-10-05T13:06:56Z;;1526;643
2025-10-05T13:06:58Z;-1013;;513
2025-10-05T13:07:01Z;;1390;377
2025-10-05T13:07:02Z;;1520;507
2025-10-05T13:07:04Z;;1468;455
2025-10-05T13:07:06Z;;1095;82
2025-10-05T13:07:07Z;-1253;;-158
2025-10-05T13:07:08Z;-1825;;-730
2025-10-05T13:07:09Z;;1302;-523
2025-10-05T13:07:10Z;;1597;-228
2025-10-05T13:07:12Z;-1754;1463;-362
2025-10-05T13:07:14Z;;1701;-53
2025-10-05T13:07:16Z;;2041;287
2025-10-05T13:07:17Z;;2152;398
2025-10-05T13:07:19Z;-1814;;338
2025-10-05T13:07:20Z;-1794;2007;358
2025-10-05T13:07:22Z;;2149;355
2025-10-05T13:07:24Z;-1382;;767
2025-10-05T13:07:25Z;;1967;585
2025-10-05T13:07:26Z;;1495;113
2025-10-05T13:07:27Z;;1529;147
2025-10-05T13:07:29Z;;1442;60
2025-10-05T13:07:31Z;-1599;;-157
2025-10-05T13:07:32Z;-1563;1605;6
2025-10-05T13:07:34Z;;1816;253
2025-10-05T13:07:36Z;;1724;161
2025-10-05T13:07:38Z;;1494;-69
2025-10-05T13:07:41Z;-1267;;227
2025-10-05T13:07:42Z;;1080;-187
2025-10-05T13:07:44Z;;1239;-28
2025-10-05T13:07:46Z;;1196;-71
2025-10-05T13:07:49Z;-935;;261
2025-10-05T13:07:52Z;;819;-116
2025-10-05T13:07:57Z;-869;1043;-50
2025-10-05T13:07:59Z;;1320;451
2025-10-05T13:08:01Z;-1222;;98
2025-10-05T13:08:02Z;-1222;;98
2025-10-05T13:08:06Z;;1132;-90
2025-10-05T13:08:13Z;;1225;3
2025-10-05T13:08:15Z;;1183;-39
2025-10-05T13:08:18Z;-917;;266
2025-10-05T13:08:20Z;;885;-32
2025-10-05T13:08:27Z;;906;-11
2025-10-05T13:08:32Z;;843;-74
2025-10-05T13:08:35Z;;930;13
2025-10-05T13:08:39Z;-846;;84
2025-10-05T13:08:40Z;;1208;362
2025-10-05T13:08:41Z;-1121;;87
2025-10-05T13:08:42Z;-1204;;4
2025-10-05T13:08:43Z;;1164;-40
2025-10-05T13:08:44Z;-860;;304
2025-10-05T13:08:47Z;;845;-15
2025-10-05T13:08:49Z;-595;;250
2025-10-05T13:08:50Z;-578;;267
2025-10-05T13:08:52Z;;909;331
2025-10-05T13:08:54Z;;883;305
2025-10-05T13:08:56Z;;947;369
2025-10-05T13:08:58Z;-733;884;306
2025-10-05T13:09:00Z;;595;-138
2025-10-05T13:09:04Z;;601;-132
2025-10-05T13:09:07Z;-561;;40
2025-10-05T13:09:08Z;;979;418
2025-10-05T13:09:10Z;-810;;169
2025-10-05T13:09:11Z;;715;-95
2025-10-05T13:09:20Z;-576;;139
2025-10-05T13:09:22Z;;901;325
2025-10-05T13:09:24Z;;896;320
2025-10-05T13:09:26Z;-1094;;-198
2025-10-05T13:09:28Z;;1055;-39
2025-10-05T13:09:29Z;;1265;171
2025-10-05T13:09:32Z;-896;1178;369
2025-10-05T13:09:33Z;-921;;257
2025-10-05T13:09:34Z;-865;;313
2025-10-05T13:09:36Z;-986;1205;192
2025-10-05T13:09:38Z;;1067;81
2025-10-05T13:09:39Z;-869;;198
2025-10-05T13:09:42Z;-945;;122
2025-10-05T13:09:44Z;-755;887;-58
2025-10-05T13:09:48Z;;923;168
2025-10-05T13:09:50Z;;802;47
2025-10-05T13:09:51Z;-543;;259
2025-10-05T13:10:08Z;-600;;202
2025-10-05T13:10:09Z;;977;377
2025-10-05T13:10:10Z;-1353;;-376
2025-10-05T13:10:11Z;;1577;224
2025-10-05T13:10:12Z;-1509;;68
2025-10-05T13:10:13Z;-1403;;174
2025-10-05T13:10:14Z;-1634;1859;350
2025-10-05T13:10:22Z;-1691;;168
2025-10-05T13:10:23Z;;1694;3
2025-10-05T13:10:25Z;-1498;;196
2025-10-05T13:10:29Z;;1846;348
2025-10-05T13:10:31Z;;1779;281
2025-10-05T13:10:33Z;;1807;309
2025-10-05T13:10:48Z;;1763;265
2025-10-05T13:10:58Z;;1801;303
2025-10-05T13:11:00Z;;1797;299
2025-10-05T13:11:03Z;;1806;308
2025-10-05T13:11:09Z;;1799;301
2025-10-05T13:11:11Z;;1800;302
2025-10-05T13:11:12Z;;1790;292
2025-10-05T13:11:20Z;-1492;;298
2025-10-05T13:11:25Z;-1278;1430;512
2025-10-05T13:11:27Z;;1104;-174
2025-10-05T13:11:28Z;-772;;332
2025-10-05T13:11:29Z;;820;48
2025-10-05T13:11:31Z;;904;132
2025-10-05T13:11:33Z;-688;823;216
2025-10-05T13:11:37Z;;587;-101
2025-10-05T13:11:39Z;-505;623;118
2025-10-05T13:11:41Z;-742;;-119
2025-10-05T13:11:43Z;;1133;391
2025-10-05T13:11:45Z;-969;;164
2025-10-05T13:11:46Z;-909;;224
2025-10-05T13:11:48Z;-909;825;224
2025-10-05T13:11:52Z;;567;-342
2025-10-05T13:12:22Z;-307;;260
2025-10-05T13:12:41Z;-302;;265
2025-10-05T13:12:42Z;-299;;268
2025-10-05T13:12:43Z;-300;;267
2025-10-05T13:12:45Z;-292;;275
2025-10-05T13:12:46Z;-305;;262
2025-10-05T13:13:02Z;;627;322
2025-10-05T13:13:12Z;-574;;53
2025-10-05T13:13:14Z;;900;326
2025-10-05T13:13:20Z;;877;303
2025-10-05T13:13:22Z;-869;937;8
2025-10-05T13:13:23Z;-1068;;-131
2025-10-05T13:13:24Z;;1055;-13
2025-10-05T13:13:25Z;-1730;;-675
2025-10-05T13:13:26Z;;1673;-57
2025-10-05T13:13:27Z;;1950;220
2025-10-05T13:13:33Z;-1835;;115
2025-10-05T13:13:34Z;;1751;-84
2025-10-05T13:13:35Z;-1307;;444
2025-10-05T13:13:36Z;;1410;103
2025-10-05T13:13:37Z;-861;;549
2025-10-05T13:13:40Z;;1154;293
2025-10-05T13:13:41Z;;889;28
2025-10-05T13:13:51Z;;970;109
2025-10-05T13:13:58Z;;893;32
2025-10-05T13:14:00Z;;909;48
2025-10-05T13:14:02Z;;887;26
2025-10-05T13:14:03Z;;938;77
2025-10-05T13:14:06Z;;1206;345
2025-10-05T13:14:07Z;-997;;209
2025-10-05T13:14:08Z;-1198;;8
2025-10-05T13:14:10Z;;1536;338
2025-10-05T13:14:17Z;;1811;613
2025-10-05T13:14:21Z;-1290;1692;402
2025-10-05T13:14:22Z;;1385;95
2025-10-05T13:14:23Z;;1087;-203
2025-10-05T13:14:25Z;-969;;118
2025-10-05T13:14:26Z;-964;;123
2025-10-05T13:14:27Z;;1306;342
2025-10-05T13:14:30Z;;1172;208
2025-10-05T13:14:33Z;;1294;330
2025-10-05T13:14:34Z;-1100;;194
2025-10-05T13:14:37Z;;1587;362
2025-10-05T13:14:38Z;-1225;;69
2025-10-05T13:14:39Z;-693;;894
2025-10-05T13:14:41Z;;1240;547
2025-10-05T13:14:43Z;;776;83
2025-10-05T13:14:55Z;;579;-114
2025-10-05T13:15:15Z;;538;-155
2025-10-05T13:15:24Z;;604;-89
2025-10-05T13:15:31Z;-575;;29
2025-10-05T13:15:34Z;;930;355
2025-10-05T13:15:36Z;-846;;84
2025-10-05T13:15:39Z;-1197;1436;-267
2025-10-05T13:15:40Z;-1411;;25
2025-10-05T13:15:41Z;;1613;202
2025-10-05T13:15:43Z;;1816;405
2025-10-05T13:15:45Z;;1794;383
2025-10-05T13:15:46Z;-1593;1804;393
2025-10-05T13:15:48Z;;1771;178
2025-10-05T13:15:49Z;-1469;;302
2025-10-05T13:15:53Z;-1386;;385
2025-10-05T13:15:54Z;-1473;;298
2025-10-05T13:15:56Z;-1530;;241
2025-10-05T13:15:59Z;;1467;-63
2025-10-05T13:16:01Z;-1521;1515;-15
2025-10-05T13:16:02Z;;1817;296
2025-10-05T13:16:04Z;;1776;255
2025-10-05T13:16:06Z;-1476;;300
2025-10-05T13:16:07Z;;1462;-14
2025-10-05T13:16:09Z;-1185;;277
2025-10-05T13:16:10Z;-1319;1516;143
2025-10-05T13:16:12Z;-1510;;6
2025-10-05T13:17:33Z;-1380;1337;136
2025-10-05T13:17:35Z;-1001;1110;336
2025-10-05T13:17:39Z;-1007;;103
2025-10-05T13:17:40Z;-1452;1678;226
2025-10-05T13:17:44Z;-1498;;180
2025-10-05T13:17:58Z;-1497;;181
2025-10-05T13:18:18Z;-1511;;167
2025-10-05T13:18:22Z;;1473;-38
2025-10-05T13:18:25Z;-1017;1124;-387
2025-10-05T13:18:27Z;;827;-190
2025-10-05T13:18:29Z;-711;;116
2025-10-05T13:18:30Z;-668;1213;159
2025-10-05T13:18:31Z;-774;;439
2025-10-05T13:18:32Z;;812;38
2025-10-05T13:18:33Z;-553;;259
2025-10-05T13:18:34Z;;1155;602
2025-10-05T13:18:36Z;-853;;302
2025-10-05T13:18:37Z;-927;;228
2025-10-05T13:18:41Z;-1248;1438;-93
2025-10-05T13:18:43Z;-1560;1666;-122
2025-10-05T13:18:45Z;-1485;;181
2025-10-05T13:18:46Z;;1349;-136
2025-10-05T13:18:48Z;;872;-613
2025-10-05T13:18:49Z;-926;;-54
2025-10-05T13:18:51Z;-1636;;-764
2025-10-05T13:18:52Z;-1627;;-755
2025-10-05T13:18:54Z;-582;;290
2025-10-05T13:19:01Z;-461;;411
2025-10-05T13:19:04Z;-898;;-26
2025-10-05T13:19:08Z;-1609;;-737
2025-10-05T13:19:09Z;-1555;;-683
2025-10-05T13:19:20Z;-1513;;-641
2025-10-05T13:19:28Z;-1489;;-617
2025-10-05T13:19:58Z;-1483;;-611
2025-10-05T13:20:00Z;-1488;;-616
2025-10-05T13:20:25Z;-1499;;-627
2025-10-05T13:20:26Z;-1540;;-668
2025-10-05T13:21:29Z;;1808;268
2025-10-05T13:21:31Z;;1798;258
2025-10-05T13:21:33Z;;1803;263
2025-10-05T13:21:39Z;;1793;253
2025-10-05T13:21:41Z;;1818;278
2025-10-05T13:21:42Z;;1796;256
2025-10-05T13:21:45Z;;1828;288
2025-10-05T13:21:46Z;-1787;;41
2025-10-05T13:21:47Z;-1759;;69
2025-10-05T13:21:49Z;;1764;5
2025-10-05T13:21:51Z;;1860;101
2025-10-05T13:21:52Z;-1771;;89
2025-10-05T13:22:54Z;-1671;1526;189
2025-10-05T13:22:56Z;-1772;1330;-341
2025-10-05T13:22:58Z;;1918;146
2025-10-05T13:23:08Z;-1804;;114
2025-10-05T13:23:11Z;;1776;-28
2025-10-05T13:23:15Z;;1847;43
2025-10-05T13:23:16Z;-1820;;27
2025-10-05T13:23:20Z;-1787;;60
2025-10-05T13:23:22Z;-1795;;52
2025-10-05T13:23:24Z;-1802;;45
2025-10-05T13:23:45Z;;1785;-17
2025-10-05T13:23:47Z;;1827;25
2025-10-05T13:23:56Z;-1805;;22
2025-10-05T13:23:57Z;-1796;;31
2025-10-05T13:23:59Z;-1809;;18
2025-10-05T13:24:02Z;-1798;;29
2025-10-05T13:24:03Z;-1809;;18
2025-10-05T13:24:23Z;-1784;;43
2025-10-05T13:24:25Z;-1820;;7
2025-10-05T13:24:43Z;;2123;303
2025-10-05T13:24:45Z;;2039;219
2025-10-05T13:24:46Z;-1706;;333
2025-10-05T13:24:48Z;-1461;;578
2025-10-05T13:24:49Z;-1022;;1017
2025-10-05T13:24:55Z;-904;;1135
2025-10-05T13:24:59Z;-1143;;896
2025-10-05T13:25:00Z;-1519;;520
2025-10-05T13:25:31Z;-1658;;381
2025-10-05T13:25:34Z;-1616;;423
2025-10-05T13:25:38Z;-1569;;470
2025-10-05T13:25:58Z;-955;;1084
2025-10-05T13:26:15Z;-609;;1430
2025-10-05T13:26:16Z;-598;;1441
2025-10-05T13:30:07Z;-339;;1700
2025-10-05T13:30:15Z;;369;30
2025-10-05T13:30:46Z;-304;;65
2025-10-05T13:30:47Z;-299;;70
2025-10-05T13:30:49Z;-302;;67
2025-10-05T13:30:50Z;-297;;72
2025-10-05T13:30:56Z;-302;;67
2025-10-05T13:30:58Z;-295;;74
2025-10-05T13:31:00Z;-302;;67
2025-10-05T13:31:01Z;-297;;72
2025-10-05T13:31:05Z;-298;;71
2025-10-05T13:31:06Z;-304;;65
2025-10-05T13:31:08Z;-299;;70
2025-10-05T13:31:09Z;-295;;74
2025-10-05T13:31:11Z;-306;;63
2025-10-05T13:32:36Z;-440;;-71
2025-10-05T13:32:37Z;-179;;190
2025-10-05T13:32:39Z;;647;468
2025-10-05T13:32:41Z;;470;291
2025-10-05T13:33:05Z;-178;;292
2025-10-05T13:33:25Z;-253;;217
2025-10-05T13:34:01Z;-495;;-25
2025-10-05T13:34:03Z;-313;;157
2025-10-05T13:34:05Z;;611;298
2025-10-05T13:34:08Z;-473;;138
2025-10-05T13:34:09Z;;1098;625
2025-10-05T13:34:13Z;;852;379
2025-10-05T13:34:15Z;-1134;983;-282
2025-10-05T13:34:17Z;;1461;327
2025-10-05T13:34:18Z;;1562;428
2025-10-05T13:34:21Z;-1388;;174
2025-10-05T13:36:48Z;-1637;;-75
2025-10-05T13:36:49Z;;1406;-231
2025-10-05T13:36:51Z;-1345;;61
2025-10-05T13:36:52Z;;1655;310
2025-10-05T13:36:53Z;-1356;;299
2025-10-05T13:36:54Z;;1364;8
2025-10-05T13:36:55Z;-1399;;-35
2025-10-05T13:36:56Z;;1808;409
2025-10-05T13:36:58Z;;1752;353
2025-10-05T13:37:00Z;-1465;1445;-20
2025-10-05T13:37:02Z;;1173;-292
2025-10-05T13:37:06Z;-1230;1308;-57
2025-10-05T13:37:09Z;-966;985;-245
2025-10-05T13:37:10Z;-877;;108
2025-10-05T13:37:12Z;-1350;1429;79
2025-10-05T13:37:14Z;;1634;284
2025-10-05T13:37:21Z;-1508;;126
2025-10-05T13:37:22Z;;1494;-14
2025-10-05T13:37:24Z;-1152;1195;342
2025-10-05T13:37:27Z;-1202;1278;126
2025-10-05T13:37:28Z;-1285;;-7
2025-10-05T13:37:30Z;;1718;433
2025-10-05T13:37:32Z;-1351;1434;149
2025-10-05T13:37:34Z;;1578;227
2025-10-05T13:37:35Z;;1315;-36
2025-10-05T13:37:36Z;-1603;;-288
2025-10-05T13:37:37Z;;1682;79
2025-10-05T13:38:20Z;;1536;-67
2025-10-05T13:38:23Z;-1492;;44
2025-10-05T13:38:25Z;;1490;-2
2025-10-05T13:38:27Z;;1550;58
2025-10-05T13:38:29Z;;1491;-1
2025-10-05T13:38:31Z;;1504;12
2025-10-05T13:38:33Z;-1519;;-15
2025-10-05T13:38:40Z;-1491;;13
2025-10-05T13:38:44Z;;1498;7
2025-10-05T13:38:46Z;;1538;47
2025-10-05T13:38:47Z;-1516;;22
2025-10-05T13:38:51Z;-1418;1492;120
2025-10-05T13:38:53Z;;1509;91
2025-10-05T13:38:55Z;-1520;;-11
2025-10-05T13:38:58Z;-1494;;15
2025-10-05T13:38:59Z;-1522;;-13
2025-10-05T13:39:25Z;-1415;1455;94
2025-10-05T13:39:30Z;-1426;;29
2025-10-05T13:39:31Z;-1040;;415
2025-10-05T13:39:32Z;;1050;10
2025-10-05T13:39:33Z;;885;-155
2025-10-05T13:39:41Z;-827;;58
2025-10-05T13:39:42Z;;1076;249
2025-10-05T13:39:43Z;-985;;91
2025-10-05T13:39:44Z;;1357;372
2025-10-05T13:39:46Z;;1524;539
2025-10-05T13:39:48Z;;1400;415
2025-10-05T13:39:51Z;-1299;;101
2025-10-05T13:39:52Z;;1197;-102
2025-10-05T13:39:58Z;;1201;-98
2025-10-05T13:39:59Z;-1149;;52
2025-10-05T13:40:03Z;-1208;;-7
2025-10-05T13:40:05Z;;790;-418
2025-10-05T13:40:09Z;-783;;7
2025-10-05T13:40:10Z;-907;936;-117
2025-10-05T13:40:14Z;;803;-104
2025-10-05T13:40:16Z;-633;;170
2025-10-05T13:40:17Z;-592;;211
2025-10-05T13:40:30Z;-600;;203
2025-10-05T13:40:32Z;-589;;214
2025-10-05T13:40:40Z;-729;;74
2025-10-05T13:40:41Z;;1053;324
2025-10-05T13:40:43Z;-1208;1300;-155
2025-10-05T13:40:46Z;;1532;324
2025-10-05T13:40:48Z;;1315;107
2025-10-05T13:41:52Z;-1196;;119
2025-10-05T13:41:53Z;;1192;-4
2025-10-05T13:42:02Z;-1182;1249;67
2025-10-05T13:42:15Z;;1550;368
2025-10-05T13:42:20Z;;1494;312
2025-10-05T13:42:22Z;;1527;345
2025-10-05T13:42:24Z;;1421;239
2025-10-05T13:42:32Z;-1163;;258
2025-10-05T13:42:33Z;;1102;-61
2025-10-05T13:42:41Z;-935;;167
2025-10-05T13:42:44Z;;895;-40
2025-10-05T13:42:48Z;;900;-35
2025-10-05T13:42:52Z;-953;;-53
2025-10-05T13:43:02Z;-873;;27
2025-10-05T13:43:04Z;;895;22
2025-10-05T13:43:55Z;;919;46
2025-10-05T13:43:57Z;;890;17
2025-10-05T13:44:59Z;;922;49
2025-10-05T13:45:01Z;;870;-3
2025-10-05T13:45:07Z;;930;57
2025-10-05T13:45:09Z;;875;2
2025-10-05T13:45:15Z;;801;-72
2025-10-05T13:45:35Z;-602;;199
2025-10-05T13:45:37Z;-598;;203
2025-10-05T13:45:40Z;-601;;200
2025-10-05T13:45:47Z;-581;;220
2025-10-05T13:45:49Z;-583;;218
2025-10-05T13:45:57Z;-587;;214
2025-10-05T13:46:05Z;-567;;234
2025-10-05T13:46:07Z;-612;;189
2025-10-05T13:46:22Z;-591;;210
2025-10-05T13:46:26Z;-600;;201
2025-10-05T13:46:27Z;-599;;202
2025-10-05T13:46:29Z;-604;;197
2025-10-05T13:46:33Z;-599;;202
2025-10-05T13:46:34Z;-607;;194
2025-10-05T13:46:53Z;;940;333
2025-10-05T13:46:54Z;-921;;19
2025-10-05T13:47:02Z;;1238;317
2025-10-05T13:47:04Z;-1177;;61
2025-10-05T13:47:12Z;-1243;;-5
2025-10-05T13:47:14Z;-1161;;77
2025-10-05T13:47:16Z;;1507;346
2025-10-05T13:47:27Z;;1452;291
2025-10-05T13:47:31Z;-1264;;188
2025-10-05T13:47:35Z;;1199;-65
2025-10-05T13:47:40Z;-868;;331
2025-10-05T13:47:42Z;;888;20
2025-10-05T13:47:44Z;;932;64
2025-10-05T13:47:47Z;;885;17
2025-10-05T13:47:49Z;-884;;1
2025-10-05T13:47:50Z;;916;32
2025-10-05T13:47:53Z;-1079;1223;-163
2025-10-05T13:48:01Z;-1205;;18
2025-10-05T13:48:02Z;-1162;;61
2025-10-05T13:48:04Z;-1208;;15
2025-10-05T13:48:09Z;-955;1092;268
2025-10-05T13:48:11Z;;840;-115
2025-10-05T13:48:15Z;;908;-47
2025-10-05T13:48:16Z;-698;;142
2025-10-05T13:48:17Z;;839;141
2025-10-05T13:48:23Z;;592;-106
2025-10-05T13:48:37Z;;651;-47
2025-10-05T13:48:39Z;-591;;60
2025-10-05T13:48:44Z;-658;;-7
2025-10-05T13:48:45Z;-1098;;-447
2025-10-05T13:48:46Z;;1214;116
2025-10-05T13:48:48Z;;1035;-63
2025-10-05T13:48:49Z;-1147;;-112
2025-10-05T13:48:50Z;;769;-378
2025-10-05T13:48:51Z;-955;;-186
2025-10-05T13:48:52Z;-715;;54
2025-10-05T13:48:53Z;;592;-123
2025-10-05T13:48:54Z;-727;;42
2025-10-05T13:48:55Z;-988;;-396
2025-10-05T13:48:57Z;;626;-362
2025-10-05T13:48:59Z;;879;-109
2025-10-05T13:49:01Z;;879;-109
2025-10-05T13:49:02Z;;593;-395
2025-10-05T13:49:04Z;;653;-335
2025-10-05T13:49:06Z;;576;-412
2025-10-05T13:49:11Z;-588;;-12
2025-10-05T13:49:12Z;-631;;-55
2025-10-05T13:49:43Z;-302;;274
2025-10-05T13:49:44Z;-295;;281
2025-10-05T13:49:45Z;-300;;276
2025-10-05T13:49:53Z;-285;;291
2025-10-05T13:49:54Z;-302;;274
2025-10-05T13:51:19Z;-311;;265
2025-10-05T13:51:21Z;-302;;274
2025-10-05T13:51:22Z;-298;;278
2025-10-05T13:51:42Z;-309;;267
2025-10-05T13:51:43Z;-294;;282
2025-10-05T13:51:46Z;-300;;276
2025-10-05T13:52:47Z;;297;-3
2025-10-05T13:53:09Z;6;;303
2025-10-05T13:53:11Z;;347;353
2025-10-05T13:53:13Z;;265;271
2025-10-05T13:53:23Z;127;;392
2025-10-05T13:53:44Z;-136;;129
2025-10-05T13:57:19Z;;300;164
2025-10-05T13:57:39Z;-298;;2
2025-10-05T13:58:10Z;;601;303
2025-10-05T13:58:49Z;;599;301
2025-10-05T14:00:10Z;;627;329
2025-10-05T14:00:15Z;;916;618
2025-10-05T14:00:18Z;;627;329
2025-10-05T14:00:19Z;;877;579
2025-10-05T14:00:20Z;;927;629
2025-10-05T14:00:30Z;-893;;34
2025-10-05T14:00:36Z;-903;;24
2025-10-05T14:00:42Z;;881;-22
2025-10-05T14:00:45Z;;928;25
2025-10-05T14:00:51Z;;891;-12
2025-10-05T14:00:56Z;-593;;298
2025-10-05T14:01:00Z;-602;;289
2025-10-05T14:01:01Z;-589;;302
2025-10-05T14:01:02Z;-603;;288
2025-10-05T14:01:06Z;;962;359
2025-10-05T14:01:07Z;-904;;58
2025-10-05T14:01:15Z;-873;;89
2025-10-05T14:01:18Z;;873;0
2025-10-05T14:01:21Z;-591;;282
2025-10-05T14:01:22Z;-608;;265
2025-10-05T14:01:24Z;;940;332
2025-10-05T14:01:26Z;-973;;-33
2025-10-05T14:02:03Z;-929;;11
2025-10-05T14:02:10Z;;869;-60
2025-10-05T14:02:11Z;;927;-2
2025-10-05T14:02:13Z;;855;-74
2025-10-05T14:02:14Z;-634;;221
2025-10-05T14:02:16Z;-593;;262
2025-10-05T14:02:18Z;-602;;253
2025-10-05T14:02:19Z;161;180;-422
2025-10-05T14:02:21Z;-752;616;777
2025-10-05T14:02:23Z;;916;164
2025-10-05T14:02:25Z;;843;91
2025-10-05T14:02:29Z;;929;177
2025-10-05T14:02:42Z;-873;;56
2025-10-05T14:02:45Z;-897;;32
2025-10-05T14:03:16Z;-953;;-24
2025-10-05T14:03:22Z;-896;;33
2025-10-05T14:04:05Z;-936;;-7
2025-10-05T14:04:07Z;-904;;25
2025-10-05T14:05:25Z;-897;;32
2025-10-05T14:05:34Z;-890;;39
2025-10-05T14:05:36Z;-912;;17
2025-10-05T14:05:37Z;-870;;59
2025-10-05T14:05:42Z;-914;;15
2025-10-05T14:06:58Z;;1206;292
2025-10-05T14:06:59Z;;1146;232
2025-10-05T14:07:20Z;-934;;212
2025-10-05T14:07:23Z;-911;;235
2025-10-05T14:10:50Z;-949;;197
2025-10-05T14:10:52Z;-943;;203
2025-10-05T14:12:41Z;-906;;240
2025-10-05T14:12:43Z;-899;;247
2025-10-05T14:12:46Z;-894;;252
2025-10-05T14:13:25Z;;467;-427
2025-10-05T14:13:27Z;;916;22
2025-10-05T14:13:32Z;;898;4
2025-10-05T14:14:01Z;-623;;275
2025-10-05T14:14:03Z;-595;;303
2025-10-05T14:14:04Z;-587;;311
2025-10-05T14:15:15Z;;692;105
2025-10-05T14:15:32Z;-595;;97
2025-10-05T14:16:09Z;;901;306
2025-10-05T14:16:12Z;;881;286
2025-10-05T14:16:13Z;;914;319
2025-10-05T14:16:16Z;;893;298
2025-10-05T14:16:18Z;;906;311
2025-10-05T14:17:09Z;;876;281
2025-10-05T14:17:11Z;;964;369
2025-10-05T14:17:13Z;;777;182
2025-10-05T14:17:16Z;;935;340
2025-10-05T14:17:20Z;;886;291
2025-10-05T14:17:22Z;;941;346
2025-10-05T14:18:06Z;;891;296
2025-10-05T14:18:10Z;;900;305
2025-10-05T14:18:11Z;;884;289
2025-10-05T14:18:16Z;;905;310
2025-10-05T14:18:18Z;;884;289
2025-10-05T14:18:19Z;;928;333
2025-10-05T14:18:23Z;;897;302
2025-10-05T14:18:24Z;;915;320
2025-10-05T14:18:26Z;;878;283
2025-10-05T14:18:28Z;;913;318
2025-10-05T14:18:33Z;;844;249
2025-10-05T14:18:48Z;-596;;248
2025-10-05T14:19:13Z;;597;1
2025-10-05T14:19:52Z;;602;6
2025-10-05T14:20:02Z;-594;;8
2025-10-05T14:20:09Z;-611;;-9
2025-10-05T14:20:53Z;;589;-22
2025-10-05T14:20:54Z;;600;-11
2025-10-05T14:20:57Z;;589;-22
2025-10-05T14:21:00Z;;602;-9
2025-10-05T14:21:02Z;;598;-13
2025-10-05T14:23:13Z;-292;;306
2025-10-05T14:23:15Z;-302;;296
2025-10-05T14:23:16Z;-298;;300
2025-10-05T14:23:34Z;-362;;236
2025-10-05T14:25:21Z;;297;-65
2025-10-05T14:25:23Z;;304;-58
2025-10-05T14:25:35Z;;296;-66
2025-10-05T14:25:37Z;;302;-60
2025-10-05T14:25:41Z;;295;-67
2025-10-05T14:25:47Z;;304;-58
2025-10-05T14:25:49Z;;297;-65
2025-10-05T14:25:51Z;;304;-58
2025-10-05T14:25:53Z;;298;-64
2025-10-05T14:25:59Z;8;309;-53
2025-10-05T14:26:01Z;;296;304
2025-10-05T14:26:03Z;;306;314
2025-10-05T14:26:09Z;;293;301
2025-10-05T14:26:11Z;;303;311
2025-10-05T14:26:19Z;;297;305
2025-10-05T14:26:21Z;;307;315
2025-10-05T14:26:29Z;;297;305
2025-10-05T14:26:31Z;;307;315
2025-10-05T14:26:39Z;;299;307
2025-10-05T14:26:41Z;;300;308
2025-10-05T14:26:49Z;;298;306
2025-10-05T14:26:51Z;;307;315
2025-10-05T14:27:00Z;;297;305
2025-10-05T14:27:01Z;;304;312
2025-10-05T14:27:10Z;;295;303
2025-10-05T14:27:11Z;;302;310
2025-10-05T14:27:19Z;;292;300
2025-10-05T14:27:25Z;;305;313
2025-10-05T14:27:27Z;;298;306
2025-10-05T14:27:35Z;;303;311
2025-10-05T14:27:37Z;;298;306
2025-10-05T14:27:45Z;;301;309
2025-10-05T14:27:47Z;;294;302
2025-10-05T14:30:08Z;;300;308
2025-10-05T14:30:10Z;;296;304
2025-10-05T14:30:12Z;;304;312
2025-10-05T14:30:15Z;;296;304
2025-10-05T14:33:40Z;202;;498
2025-10-05T14:33:42Z;-267;;29
2025-10-05T14:37:26Z;;299;32
2025-10-05T14:37:28Z;;300;33
2025-10-05T14:40:12Z;;108;-159
2025-10-05T14:40:14Z;;326;59
2025-10-05T14:42:29Z;55;;381
2025-10-05T14:42:35Z;49;;375
2025-10-05T14:43:01Z;30;;356
2025-10-05T14:43:19Z;11;;337
2025-10-05T14:43:51Z;-138;;188
2025-10-05T14:43:52Z;-310;;16
2025-10-05T14:45:15Z;;413;103
2025-10-05T14:46:03Z;;296;-14
2025-10-05T14:46:56Z;3;;299
2025-10-05T14:47:12Z;0;;296
2025-10-05T14:47:14Z;0;;296
2025-10-05T14:47:23Z;5;;301
2025-10-05T14:50:48Z;64;;360
2025-10-05T14:53:05Z;;300;364
2025-10-05T14:53:06Z;;292;356
2025-10-05T14:53:08Z;;300;364
2025-10-05T14:53:17Z;;252;316
2025-10-05T14:53:22Z;;306;370
2025-10-05T14:53:57Z;70;;376
2025-10-05T14:53:58Z;;0;70
2025-10-05T14:53:59Z;;365;435
2025-10-05T14:54:02Z;-258;;107
2025-10-05T14:54:03Z;-471;;-106
2025-10-05T14:54:04Z;-276;;89
2025-10-05T14:54:38Z;-298;;67
2025-10-05T14:55:18Z;-327;;38
2025-10-05T14:55:32Z;;275;-52
2025-10-05T14:55:49Z;;300;-27
2025-10-05T14:57:49Z;-298;;2
2025-10-05T14:57:53Z;-304;;-4
2025-10-05T14:57:55Z;-298;;2
2025-10-05T14:59:02Z;-327;;-27
2025-10-05T14:59:03Z;-201;;99
2025-10-05T14:59:18Z;-303;;-3
2025-10-05T15:00:00Z;;296;-7
2025-10-05T15:00:06Z;-187;;109
2025-10-05T15:00:15Z;;270;83
2025-10-05T15:02:57Z;;300;113
2025-10-05T15:04:08Z;122;;422
2025-10-05T15:04:09Z;;0;122
2025-10-05T15:04:11Z;;310;432
2025-10-05T15:04:13Z;;220;342
2025-10-05T15:04:15Z;;303;425
2025-10-05T15:05:01Z;;297;419
2025-10-05T15:05:03Z;;301;423
2025-10-05T15:05:06Z;;299;421
2025-10-05T15:05:08Z;;301;423
2025-10-05T15:05:09Z;;297;419
2025-10-05T15:14:26Z;-92;;205
2025-10-05T15:14:27Z;-344;;-47
2025-10-05T15:14:29Z;;424;80
2025-10-05T15:14:31Z;;196;104
2025-10-05T15:15:15Z;;193;-151
2025-10-05T15:20:25Z;67;;260
2025-10-05T15:21:49Z;-60;;133
2025-10-05T15:22:11Z;67;;260
2025-10-05T15:22:23Z;1;;194
2025-10-05T15:22:38Z;132;;325
2025-10-05T15:22:58Z;-7;;186
2025-10-05T15:23:09Z;3;;196
2025-10-05T15:23:10Z;-2;;191
2025-10-05T15:24:30Z;;0;-2
2025-10-05T15:24:32Z;64;;64
2025-10-05T15:24:33Z;-36;;-36
2025-10-05T15:24:34Z;;176;140
2025-10-05T15:25:26Z;1045;;1221
2025-10-05T15:25:27Z;1955;;2131
2025-10-05T15:30:07Z;1982;;2158
2025-10-05T15:30:15Z;;144;2126
2025-10-05T15:30:55Z;-30;;114
2025-10-05T15:45:15Z;1;110;145
2025-10-05T15:45:16Z;-2;;142
2025-10-05T15:45:20Z;3;;113
2025-10-05T15:45:21Z;-1;;109
2025-10-05T15:45:24Z;1;;111
2025-10-05T15:45:28Z;0;;110
2025-10-05T15:45:29Z;6;;116
2025-10-05T15:45:31Z;0;;110
2025-10-05T15:45:33Z;7;;117
2025-10-05T15:45:45Z;0;;110
2025-10-05T15:45:46Z;1;;111
2025-10-05T15:45:55Z;0;;110
2025-10-05T15:45:56Z;3;;113
2025-10-05T15:45:58Z;0;;110
2025-10-05T15:46:00Z;-1;;109
2025-10-05T15:46:01Z;3;;113
2025-10-05T15:46:02Z;0;;110
2025-10-05T15:46:03Z;-1;;109
2025-10-05T15:46:05Z;1;;111
2025-10-05T15:46:06Z;0;;110
2025-10-05T15:46:08Z;-1;;109
2025-10-05T15:46:15Z;-5;;105
2025-10-05T15:46:29Z;405;0;-5
2025-10-05T15:46:30Z;0;;0
2025-10-05T15:46:31Z;127;;127
2025-10-05T15:46:33Z;-2;;-2
2025-10-05T15:50:00Z;3;;3
2025-10-05T15:50:01Z;0;;0
2025-10-05T15:50:04Z;3;;3
2025-10-05T15:54:08Z;0;;0
2025-10-05T15:54:09Z;1;;1
2025-10-05T15:54:10Z;0;;0
2025-10-05T15:54:12Z;3;;3
2025-10-05T15:54:14Z;0;;0
2025-10-05T15:54:15Z;1;;1
2025-10-05T15:54:17Z;-1;;-1
2025-10-05T15:54:20Z;3;;3
2025-10-05T15:54:21Z;0;;0
2025-10-05T15:54:23Z;-1;;-1
2025-10-05T15:54:24Z;1;;1
2025-10-05T15:54:25Z;-1;;-1
2025-10-05T15:54:30Z;-1;;-1
2025-10-05T15:54:33Z;2;;2
2025-10-05T15:54:37Z;4;;4
2025-10-05T15:54:39Z;-1;;-1
2025-10-05T15:54:41Z;5;;5
2025-10-05T15:54:42Z;0;;0
2025-10-05T15:54:45Z;3;;3
2025-10-05T15:57:04Z;21;;21
2025-10-05T15:57:05Z;;463;484
2025-10-05T15:57:06Z;9;;472
2025-10-05T15:57:07Z;;93;102
2025-10-05T16:00:15Z;;71;80
2025-10-05T16:02:37Z;357;;428
2025-10-05T16:02:38Z;160;;231
2025-10-05T16:09:55Z;449;;520
2025-10-05T16:10:15Z;245;;316
2025-10-05T16:10:52Z;458;;529
2025-10-05T16:11:11Z;190;;261
2025-10-05T16:13:08Z;460;;531
2025-10-05T16:13:29Z;195;;266
2025-10-05T16:14:07Z;393;;464
2025-10-05T16:14:28Z;197;;268
2025-10-05T16:15:15Z;;30;227
2025-10-05T16:17:14Z;372;;402
2025-10-05T16:17:54Z;;0;372
2025-10-05T16:17:55Z;;20;392
2025-10-05T16:17:57Z;;0;372
2025-10-05T16:17:59Z;;32;404
2025-10-05T16:18:01Z;288;;320
2025-10-05T16:18:05Z;342;;374
2025-10-05T16:18:26Z;292;;324
2025-10-05T16:28:12Z;331;0;331
2025-10-05T16:28:15Z;;4;335
2025-10-05T16:28:16Z;267;;271
2025-10-05T16:29:43Z;;0;267
2025-10-05T16:29:45Z;;2;269
2025-10-05T16:30:03Z;;0;267
2025-10-05T16:30:04Z;;1;268
2025-10-05T16:30:07Z;93;;94
2025-10-05T16:30:08Z;;0;93
2025-10-05T16:30:10Z;;1;94
2025-10-05T16:30:12Z;;0;93
2025-10-05T16:30:15Z;;0;93
2025-10-05T16:30:25Z;;1;94
2025-10-05T16:30:27Z;;0;93
2025-10-05T16:30:56Z;;1;94
2025-10-05T16:30:57Z;;0;93
2025-10-05T16:31:00Z;;6;99
2025-10-05T16:31:02Z;;0;93
2025-10-05T16:33:33Z;303;;303
2025-10-05T16:33:34Z;287;;287
2025-10-05T16:38:29Z;650;;650
2025-10-05T16:38:30Z;167;;167
2025-10-05T16:43:04Z;300;;300
2025-10-05T16:43:05Z;278;;278
2025-10-05T16:45:15Z;;0;278
2025-10-05T17:00:15Z;;0;278
2025-10-05T17:00:31Z;449;;449
2025-10-05T17:00:52Z;156;;156
2025-10-05T17:01:28Z;417;;417
2025-10-05T17:01:49Z;151;;151
2025-10-05T17:05:12Z;419;;419
2025-10-05T17:05:26Z;2531;;2531
2025-10-05T17:05:27Z;512;;512
2025-10-05T17:05:33Z;263;;263
2025-10-05T17:06:12Z;511;;511
2025-10-05T17:06:31Z;265;;265
2025-10-05T17:08:56Z;402;;402
2025-10-05T17:09:08Z;264;;264
2025-10-05T17:10:11Z;266;;266
2025-10-05T17:11:07Z;394;;394
2025-10-05T17:11:09Z;263;;263
2025-10-05T17:11:57Z;471;;471
2025-10-05T17:12:00Z;1855;;1855
2025-10-05T17:12:08Z;310;;310
2025-10-05T17:12:29Z;606;;606
2025-10-05T17:12:31Z;1865;;1865
2025-10-05T17:12:38Z;305;;305
2025-10-05T17:12:43Z;291;;291
2025-10-05T17:12:48Z;437;;437
2025-10-05T17:12:50Z;1778;;1778
2025-10-05T17:12:51Z;1877;;1877
2025-10-05T17:12:59Z;305;;305
2025-10-05T17:13:07Z;1846;;1846
2025-10-05T17:13:09Z;306;;306
2025-10-05T17:13:40Z;1856;;1856
2025-10-05T17:13:41Z;313;;313
2025-10-05T17:14:05Z;265;;265
2025-10-05T17:14:25Z;323;;323
2025-10-05T17:14:30Z;1361;;1361
2025-10-05T17:15:15Z;;0;1361
2025-10-05T17:17:43Z;377;;377
2025-10-05T17:17:51Z;247;;247
2025-10-05T17:18:04Z;1048;;1048
2025-10-05T17:18:05Z;1305;;1305
2025-10-05T17:18:39Z;228;;228
2025-10-05T17:30:08Z;204;;204
2025-10-05T17:30:15Z;;0;204
2025-10-05T17:34:38Z;366;;366
2025-10-05T17:34:43Z;297;;297
2025-10-05T17:34:45Z;305;;305
2025-10-05T17:34:46Z;296;;296
2025-10-05T17:34:52Z;303;;303
2025-10-05T17:34:53Z;298;;298
2025-10-05T17:34:56Z;301;;301
2025-10-05T17:34:57Z;297;;297
2025-10-05T17:35:33Z;346;;346
2025-10-05T17:35:54Z;124;;124
2025-10-05T17:45:07Z;91;;91
2025-10-05T17:45:15Z;;0;91
2025-10-05T17:53:14Z;2094;;2094
2025-10-05T17:54:33Z;2101;;2101
2025-10-05T17:54:35Z;2095;;2095
2025-10-05T17:54:37Z;2111;;2111
2025-10-05T17:54:51Z;2097;;2097
2025-10-05T17:54:52Z;2108;;2108
2025-10-05T17:54:58Z;2096;;2096
2025-10-05T17:55:00Z;2101;;2101
2025-10-05T17:55:02Z;2099;;2099
2025-10-05T17:55:03Z;2105;;2105
2025-10-05T17:55:06Z;2098;;2098
2025-10-05T17:55:08Z;2103;;2103
2025-10-05T17:55:09Z;2099;;2099
2025-10-05T17:55:10Z;2100;;2100
2025-10-05T17:55:12Z;2097;;2097
2025-10-05T17:55:18Z;2105;;2105
2025-10-05T17:55:20Z;2098;;2098
2025-10-05T17:55:21Z;2104;;2104
2025-10-05T17:55:23Z;2099;;2099
2025-10-05T17:55:40Z;2140;;2140
2025-10-05T18:00:15Z;;0;2140
2025-10-05T18:00:40Z;2096;;2096
2025-10-05T18:00:41Z;2118;;2118
2025-10-05T18:01:06Z;180;;180
2025-10-05T18:14:54Z;3374;;3374
2025-10-05T18:14:55Z;2317;;2317
2025-10-05T18:15:07Z;2296;;2296
2025-10-05T18:17:46Z;326;;326
2025-10-05T18:18:58Z;291;;291
2025-10-05T18:19:09Z;317;;317
2025-10-05T18:21:09Z;293;;293
2025-10-05T18:21:13Z;302;;302
2025-10-05T18:23:13Z;294;;294
2025-10-05T18:23:24Z;321;;321
2025-10-05T18:25:23Z;298;;298
2025-10-05T18:25:27Z;301;;301
2025-10-05T18:27:29Z;295;;295
2025-10-05T18:27:38Z;311;;311
2025-10-05T18:29:18Z;298;;298
2025-10-05T18:29:27Z;318;;318
2025-10-05T18:30:07Z;319;;319
2025-10-05T18:30:15Z;;0;319
2025-10-05T18:32:27Z;289;;289
2025-10-05T18:32:33Z;314;;314
2025-10-05T18:32:59Z;299;;299
2025-10-05T18:33:00Z;305;;305
2025-10-05T18:33:03Z;298;;298
2025-10-05T18:33:04Z;300;;300
2025-10-05T18:33:06Z;298;;298
2025-10-05T18:33:07Z;306;;306
2025-10-05T18:33:08Z;298;;298
2025-10-05T18:33:10Z;304;;304
2025-10-05T18:33:12Z;307;;307
2025-10-05T18:33:57Z;296;;296
2025-10-05T18:33:58Z;301;;301
2025-10-05T18:33:59Z;297;;297
2025-10-05T18:34:06Z;303;;303
2025-10-05T18:34:07Z;296;;296
2025-10-05T18:34:10Z;301;;301
2025-10-05T18:34:11Z;297;;297
2025-10-05T18:34:13Z;305;;305
2025-10-05T18:34:14Z;305;;305
2025-10-05T18:34:16Z;296;;296
2025-10-05T18:34:18Z;301;;301
2025-10-05T18:34:20Z;296;;296
2025-10-05T18:34:23Z;301;;301
2025-10-05T18:34:24Z;296;;296
2025-10-05T18:34:27Z;302;;302
2025-10-05T18:34:28Z;296;;296
2025-10-05T18:34:31Z;301;;301
2025-10-05T18:34:32Z;284;;284
2025-10-05T18:34:43Z;296;;296
2025-10-05T18:34:45Z;301;;301
2025-10-05T18:34:46Z;296;;296
2025-10-05T18:34:50Z;300;;300
2025-10-05T18:34:51Z;296;;296
2025-10-05T18:34:54Z;304;;304
2025-10-05T18:34:55Z;296;;296
2025-10-05T18:34:58Z;301;;301
2025-10-05T18:35:00Z;296;;296
2025-10-05T18:35:03Z;301;;301
2025-10-05T18:35:04Z;296;;296
2025-10-05T18:35:09Z;295;;295
2025-10-05T18:35:11Z;301;;301
2025-10-05T18:35:12Z;295;;295
2025-10-05T18:35:15Z;301;;301
2025-10-05T18:35:16Z;298;;298
2025-10-05T18:35:27Z;298;;298
2025-10-05T18:35:38Z;300;;300
2025-10-05T18:35:39Z;295;;295
2025-10-05T18:35:43Z;301;;301
2025-10-05T18:35:45Z;296;;296
2025-10-05T18:35:55Z;301;;301
2025-10-05T18:35:56Z;296;;296
2025-10-05T18:45:08Z;155;;155
2025-10-05T18:45:15Z;;0;155
2025-10-05T18:54:17Z;2150;;2150
2025-10-05T18:56:38Z;2098;;2098
2025-10-05T18:56:39Z;2124;;2124
2025-10-05T18:57:05Z;2084;;2084
2025-10-05T18:57:08Z;2100;;2100
2025-10-05T18:57:22Z;2099;;2099
2025-10-05T18:57:23Z;2100;;2100
2025-10-05T18:57:25Z;2097;;2097
2025-10-05T18:57:26Z;2100;;2100
2025-10-05T18:57:27Z;2099;;2099
2025-10-05T18:57:28Z;2102;;2102
2025-10-05T18:57:53Z;2099;;2099
2025-10-05T18:57:54Z;2101;;2101
2025-10-05T18:57:57Z;2099;;2099
2025-10-05T18:58:02Z;2101;;2101
2025-10-05T18:58:06Z;2098;;2098
2025-10-05T18:58:08Z;2102;;2102
2025-10-05T18:58:09Z;2099;;2099
2025-10-05T18:58:12Z;2102;;2102
2025-10-05T18:58:13Z;2099;;2099
2025-10-05T18:58:14Z;2100;;2100
2025-10-05T18:58:16Z;2099;;2099
2025-10-05T18:58:18Z;2100;;2100
2025-10-05T18:58:24Z;2097;;2097
2025-10-05T18:58:26Z;2101;;2101
2025-10-05T18:58:27Z;2098;;2098
2025-10-05T19:00:08Z;2061;;2061
2025-10-05T19:00:15Z;;0;2061
2025-10-05T19:09:27Z;135;;135
2025-10-05T19:15:15Z;;0;135
2025-10-05T19:30:15Z;;0;135
2025-10-05T19:39:49Z;2404;;2404
2025-10-05T19:39:50Z;330;;330
2025-10-05T19:39:51Z;298;;298
2025-10-05T19:40:03Z;301;;301
2025-10-05T19:40:04Z;298;;298
2025-10-05T19:40:08Z;298;;298
2025-10-05T19:40:11Z;302;;302
2025-10-05T19:40:12Z;299;;299
2025-10-05T19:40:13Z;302;;302
2025-10-05T19:40:15Z;298;;298
2025-10-05T19:40:17Z;301;;301
2025-10-05T19:40:19Z;297;;297
2025-10-05T19:40:23Z;295;;295
2025-10-05T19:40:25Z;301;;301
2025-10-05T19:40:26Z;298;;298
2025-10-05T19:40:28Z;303;;303
2025-10-05T19:40:30Z;296;;296
2025-10-05T19:40:33Z;300;;300
2025-10-05T19:40:34Z;296;;296
2025-10-05T19:40:36Z;303;;303
2025-10-05T19:40:37Z;296;;296
2025-10-05T19:40:47Z;300;;300
2025-10-05T19:40:48Z;293;;293
2025-10-05T19:45:09Z;233;;233
2025-10-05T19:45:15Z;;0;233
2025-10-05T19:57:41Z;440;;440
2025-10-05T19:57:44Z;1780;;1780
2025-10-05T19:57:45Z;1820;;1820
2025-10-05T19:59:11Z;240;;240
2025-10-05T20:00:07Z;241;;241
2025-10-05T20:00:15Z;;0;241
2025-10-05T20:15:14Z;;0;241
2025-10-05T20:30:07Z;99;;99
2025-10-05T20:30:14Z;;0;99
2025-10-05T20:45:07Z;100;;100
2025-10-05T20:45:14Z;;0;100
2025-10-05T21:00:15Z;;0;100
2025-10-05T21:13:05Z;322;;322
2025-10-05T21:13:06Z;230;;230
2025-10-05T21:15:14Z;;0;230
2025-10-05T21:30:07Z;214;;214
2025-10-05T21:30:14Z;;0;214
2025-10-05T21:45:07Z;97;;97
2025-10-05T21:45:14Z;;0;97
2025-10-05T22:00:14Z;;0;97
2025-10-05T22:15:14Z;;0;97
2025-10-05T22:30:14Z;;0;97
2025-10-05T22:45:09Z;44;;44
2025-10-05T22:45:14Z;;0;44
2025-10-05T23:00:07Z;154;;154
2025-10-05T23:00:14Z;;0;154
2025-10-05T23:15:07Z;39;;39
2025-10-05T23:15:14Z;;0;39
2025-10-05T23:30:14Z;;0;39