timestamp;P_ex;P_pr;P_load
2025-05-21T00:00:04Z;;0;41
2025-05-21T00:00:07Z;152;;152
2025-05-21T00:15:04Z;;0;152
2025-05-21T00:15:07Z;39;;39
2025-05-21T00:30:04Z;;0;39
2025-05-21T00:45:04Z;;0;39
2025-05-21T00:45:07Z;46;;46
2025-05-21T01:00:04Z;;0;46
2025-05-21T01:00:07Z;39;;39
2025-05-21T01:07:53Z;1383;;1383
2025-05-21T01:07:54Z;176;;176
2025-05-21T01:15:04Z;;0;176
2025-05-21T01:15:07Z;154;;154
2025-05-21T01:30:04Z;;0;154
2025-05-21T01:30:07Z;40;;40
2025-05-21T01:45:04Z;;0;40
2025-05-21T01:45:07Z;39;;39
2025-05-21T02:00:04Z;;0;39
2025-05-21T02:00:07Z;38;;38
2025-05-21T02:15:04Z;;0;38
2025-05-21T02:15:07Z;39;;39
2025-05-21T02:30:04Z;;0;39
2025-05-21T02:30:07Z;39;;39
2025-05-21T02:45:04Z;;0;39
2025-05-21T03:00:04Z;;0;39
2025-05-21T03:15:04Z;;0;39
2025-05-21T03:30:04Z;;0;39
2025-05-21T03:30:07Z;119;;119
2025-05-21T03:45:04Z;;0;119
2025-05-21T03:55:43Z;305;;305
2025-05-21T03:55:44Z;166;;166
2025-05-21T03:56:27Z;;11;177
2025-05-21T03:56:28Z;;0;166
2025-05-21T03:56:30Z;;13;179
2025-05-21T03:56:31Z;;0;166
2025-05-21T04:00:04Z;;0;166
2025-05-21T04:00:09Z;153;;153
2025-05-21T04:04:16Z;;1;154
2025-05-21T04:12:56Z;;0;153
2025-05-21T04:12:57Z;;8;161
2025-05-21T04:13:00Z;141;;149
2025-05-21T04:13:01Z;138;;146
2025-05-21T04:15:04Z;;22;160
2025-05-21T04:15:07Z;124;;146
2025-05-21T04:23:30Z;;0;124
2025-05-21T04:23:32Z;;17;141
2025-05-21T04:27:29Z;0;;17
2025-05-21T04:27:30Z;1;;18
2025-05-21T04:27:31Z;0;;17
2025-05-21T04:27:32Z;2;;19
2025-05-21T04:27:34Z;0;;17
2025-05-21T04:27:35Z;1;;18
2025-05-21T04:27:36Z;0;;17
2025-05-21T04:27:38Z;0;;17
2025-05-21T04:27:39Z;4;;21
2025-05-21T04:27:40Z;0;;17
2025-05-21T04:27:43Z;2;;19
2025-05-21T04:27:47Z;0;;17
2025-05-21T04:27:50Z;0;;17
2025-05-21T04:27:54Z;0;;17
2025-05-21T04:30:04Z;;76;76
2025-05-21T04:34:03Z;;0;0
2025-05-21T04:34:04Z;;96;96
2025-05-21T04:34:06Z;;482;482
2025-05-21T04:34:08Z;;109;109
2025-05-21T04:45:04Z;;242;242
2025-05-21T04:47:37Z;;301;301
2025-05-21T04:47:38Z;;293;293
2025-05-21T04:47:40Z;;302;302
2025-05-21T04:47:42Z;;295;295
2025-05-21T04:47:44Z;;303;303
2025-05-21T04:47:46Z;;297;297
2025-05-21T04:47:52Z;;300;300
2025-05-21T04:49:34Z;-297;;3
2025-05-21T04:49:35Z;-301;;-1
2025-05-21T04:49:43Z;-296;;4
2025-05-21T04:49:45Z;-299;;1
2025-05-21T04:49:54Z;-295;;5
2025-05-21T04:49:55Z;-301;;-1
2025-05-21T04:50:02Z;-298;;2
2025-05-21T04:50:03Z;-301;;-1
2025-05-21T04:50:05Z;-298;;2
2025-05-21T04:53:05Z;;601;303
2025-05-21T04:53:17Z;-594;;7
2025-05-21T04:55:01Z;;901;307
2025-05-21T04:55:03Z;;897;303
2025-05-21T04:55:05Z;;906;312
2025-05-21T04:55:17Z;;895;301
2025-05-21T04:55:19Z;;908;314
2025-05-21T04:55:21Z;;830;236
2025-05-21T04:55:23Z;-846;;-16
2025-05-21T04:55:24Z;-1011;905;-106
2025-05-21T04:55:26Z;;893;-118
2025-05-21T04:55:28Z;;907;-104
2025-05-21T04:55:30Z;;909;-102
2025-05-21T04:55:32Z;;895;-116
2025-05-21T04:55:41Z;;894;-117
2025-05-21T04:55:43Z;;909;-102
2025-05-21T04:56:09Z;;898;-113
2025-05-21T04:56:11Z;;913;-98
2025-05-21T04:56:22Z;;898;-113
2025-05-21T04:56:23Z;;913;-98
2025-05-21T04:57:47Z;;899;-112
2025-05-21T04:57:49Z;;906;-105
2025-05-21T04:57:57Z;;897;-114
2025-05-21T04:57:59Z;;907;-104
2025-05-21T04:58:08Z;;896;-115
2025-05-21T04:58:09Z;;905;-106
2025-05-21T04:58:17Z;;897;-114
2025-05-21T04:58:19Z;;906;-105
2025-05-21T04:58:28Z;;898;-113
2025-05-21T04:58:34Z;;904;-107
2025-05-21T04:58:36Z;;898;-113
2025-05-21T04:58:43Z;;906;-105
2025-05-21T04:58:45Z;;898;-113
2025-05-21T04:58:47Z;;907;-104
2025-05-21T04:58:53Z;;898;-113
2025-05-21T04:58:55Z;;908;-103
2025-05-21T04:58:58Z;;898;-113
2025-05-21T04:59:00Z;;909;-102
2025-05-21T04:59:03Z;;890;-121
2025-05-21T04:59:05Z;;903;-108
2025-05-21T04:59:11Z;;899;-112
2025-05-21T04:59:19Z;;904;-107
2025-05-21T04:59:21Z;;894;-117
2025-05-21T04:59:23Z;;903;-108
2025-05-21T04:59:29Z;;898;-113
2025-05-21T04:59:35Z;;901;-110
2025-05-21T04:59:37Z;;901;-110
2025-05-21T05:00:04Z;;886;-125
2025-05-21T05:00:07Z;-849;;37
2025-05-21T05:02:44Z;-196;;690
2025-05-21T05:03:02Z;-593;;293
2025-05-21T05:03:03Z;-603;;283
2025-05-21T05:03:04Z;-595;;291
2025-05-21T05:03:20Z;;599;4
2025-05-21T05:03:22Z;;266;-329
2025-05-21T05:03:24Z;-221;584;45
2025-05-21T05:03:28Z;-540;;44
2025-05-21T05:04:46Z;;117;-423
2025-05-21T05:04:48Z;;368;-172
2025-05-21T05:05:04Z;-304;;64
2025-05-21T05:05:32Z;;290;-14
2025-05-21T05:05:34Z;;408;104
2025-05-21T05:05:39Z;;299;-5
2025-05-21T05:09:41Z;;301;-3
2025-05-21T05:09:43Z;;295;-9
2025-05-21T05:09:45Z;;303;-1
2025-05-21T05:09:47Z;;296;-8
2025-05-21T05:09:49Z;;305;1
2025-05-21T05:09:51Z;;298;-6
2025-05-21T05:09:53Z;;306;2
2025-05-21T05:10:57Z;-295;;11
2025-05-21T05:10:59Z;-302;;4
2025-05-21T05:11:02Z;-302;;4
2025-05-21T05:11:04Z;-300;;6
2025-05-21T05:11:05Z;-299;;7
2025-05-21T05:11:11Z;-307;;-1
2025-05-21T05:11:13Z;-303;;3
2025-05-21T05:12:41Z;;607;304
2025-05-21T05:12:46Z;-593;;14
2025-05-21T05:13:39Z;-602;;5
2025-05-21T05:13:46Z;;599;-3
2025-05-21T05:15:03Z;;443;-159
2025-05-21T05:15:07Z;-414;;29
2025-05-21T05:15:35Z;;239;-175
2025-05-21T05:15:37Z;;441;27
2025-05-21T05:15:39Z;;165;-249
2025-05-21T05:15:41Z;;461;47
2025-05-21T05:17:43Z;;278;-136
2025-05-21T05:17:45Z;;465;51
2025-05-21T05:19:13Z;989;;1454
2025-05-21T05:19:14Z;-293;;172
2025-05-21T05:19:20Z;-303;;162
2025-05-21T05:19:22Z;-294;;171
2025-05-21T05:19:23Z;-302;;163
2025-05-21T05:19:28Z;-298;;167
2025-05-21T05:19:34Z;-295;;170
2025-05-21T05:19:37Z;-303;;162
2025-05-21T05:19:41Z;-291;;174
2025-05-21T05:19:42Z;-300;;165
2025-05-21T05:20:02Z;-297;;168
2025-05-21T05:20:03Z;-302;;163
2025-05-21T05:20:07Z;-292;;173
2025-05-21T05:20:08Z;-301;;164
2025-05-21T05:20:10Z;-298;;167
2025-05-21T05:20:13Z;-299;;166
2025-05-21T05:20:14Z;-299;;166
2025-05-21T05:20:17Z;-302;;163
2025-05-21T05:20:19Z;-290;;175
2025-05-21T05:20:27Z;-305;;160
2025-05-21T05:20:29Z;-289;;176
2025-05-21T05:20:36Z;-303;;162
2025-05-21T05:20:39Z;-288;;177
2025-05-21T05:20:47Z;-303;;162
2025-05-21T05:20:50Z;-300;;165
2025-05-21T05:20:57Z;-300;;165
2025-05-21T05:21:03Z;-299;;166
2025-05-21T05:21:05Z;-300;;165
2025-05-21T05:21:23Z;-294;;171
2025-05-21T05:21:24Z;-300;;165
2025-05-21T05:22:44Z;-299;;166
2025-05-21T05:22:45Z;-301;;164
2025-05-21T05:22:53Z;-296;;169
2025-05-21T05:22:55Z;-304;;161
2025-05-21T05:22:57Z;-298;;167
2025-05-21T05:23:04Z;-301;;164
2025-05-21T05:23:07Z;-291;;174
2025-05-21T05:23:17Z;-300;;165
2025-05-21T05:23:19Z;-296;;169
2025-05-21T05:23:23Z;-306;;159
2025-05-21T05:23:24Z;-297;;168
2025-05-21T05:25:49Z;;825;528
2025-05-21T05:25:51Z;;547;250
2025-05-21T05:30:03Z;;528;231
2025-05-21T05:30:07Z;-370;;158
2025-05-21T05:33:14Z;-354;;174
2025-05-21T05:33:15Z;-225;;303
2025-05-21T05:35:58Z;;177;-48
2025-05-21T05:36:00Z;;501;276
2025-05-21T05:38:20Z;-319;;182
2025-05-21T05:38:21Z;-236;;265
2025-05-21T05:44:53Z;;166;-70
2025-05-21T05:44:55Z;;552;316
2025-05-21T05:45:03Z;;556;320
2025-05-21T05:46:09Z;;600;364
2025-05-21T05:46:11Z;;588;352
2025-05-21T05:46:22Z;;602;366
2025-05-21T05:46:24Z;;597;361
2025-05-21T05:46:32Z;;604;368
2025-05-21T05:46:34Z;;599;363
2025-05-21T05:46:38Z;;601;365
2025-05-21T05:46:40Z;;599;363
2025-05-21T05:46:41Z;;600;364
2025-05-21T05:46:46Z;;591;355
2025-05-21T05:46:48Z;;601;365
2025-05-21T05:46:56Z;;592;356
2025-05-21T05:46:58Z;;602;366
2025-05-21T05:47:02Z;;594;358
2025-05-21T05:47:06Z;;600;364
2025-05-21T05:47:08Z;;593;357
2025-05-21T05:47:10Z;;604;368
2025-05-21T05:47:18Z;;593;357
2025-05-21T05:47:20Z;;605;369
2025-05-21T05:47:28Z;;595;359
2025-05-21T05:47:30Z;;605;369
2025-05-21T05:47:38Z;;595;359
2025-05-21T05:47:40Z;;605;369
2025-05-21T05:47:52Z;;595;359
2025-05-21T05:47:54Z;;611;375
2025-05-21T05:48:01Z;;376;140
2025-05-21T05:48:03Z;;606;370
2025-05-21T05:48:08Z;;596;360
2025-05-21T05:48:10Z;;608;372
2025-05-21T05:48:20Z;;596;360
2025-05-21T05:48:22Z;;606;370
2025-05-21T05:48:32Z;;597;361
2025-05-21T05:48:34Z;;608;372
2025-05-21T05:48:42Z;;598;362
2025-05-21T05:48:44Z;;609;373
2025-05-21T05:49:09Z;-149;;460
2025-05-21T05:49:10Z;-575;;34
2025-05-21T05:50:04Z;-592;;17
2025-05-21T05:50:07Z;-594;;15
2025-05-21T05:50:09Z;-596;;13
2025-05-21T05:50:13Z;-601;;8
2025-05-21T05:50:16Z;-598;;11
2025-05-21T05:50:24Z;-607;;2
2025-05-21T05:50:25Z;-596;;13
2025-05-21T06:00:03Z;;781;185
2025-05-21T06:01:00Z;;907;311
2025-05-21T06:01:03Z;-891;;16
2025-05-21T06:01:13Z;-1168;;-261
2025-05-21T06:01:14Z;;1250;82
2025-05-21T06:01:18Z;-1463;;-213
2025-05-21T06:01:19Z;;1548;85
2025-05-21T06:01:23Z;;1831;368
2025-05-21T06:01:25Z;-1822;;9
2025-05-21T06:01:37Z;-1782;;49
2025-05-21T06:01:39Z;;1788;6
2025-05-21T06:01:47Z;;1793;11
2025-05-21T06:01:50Z;;1797;15
2025-05-21T06:02:02Z;-1486;;311
2025-05-21T06:02:03Z;;1490;4
2025-05-21T06:02:15Z;-1191;;299
2025-05-21T06:02:21Z;-1193;;297
2025-05-21T06:02:51Z;-1198;;292
2025-05-21T06:02:56Z;-1195;;295
2025-05-21T06:03:21Z;-1182;;308
2025-05-21T06:03:23Z;;1196;14
2025-05-21T06:03:37Z;-1167;;29
2025-05-21T06:03:38Z;;1234;67
2025-05-21T06:03:55Z;-1205;;29
2025-05-21T06:04:03Z;-1201;;33
2025-05-21T06:04:19Z;;1502;301
2025-05-21T06:04:33Z;;1483;282
2025-05-21T06:04:39Z;-1207;;276
2025-05-21T06:04:45Z;;1199;-8
2025-05-21T06:04:52Z;-1205;;-6
2025-05-21T06:05:02Z;;1511;306
2025-05-21T06:05:19Z;;1495;290
2025-05-21T06:05:25Z;;1514;309
2025-05-21T06:05:29Z;-1478;;36
2025-05-21T06:05:34Z;;1814;336
2025-05-21T06:05:36Z;-1797;;17
2025-05-21T06:06:02Z;;2102;305
2025-05-21T06:06:04Z;;2096;299
2025-05-21T06:06:28Z;-1797;;299
2025-05-21T06:06:31Z;;1784;-13
2025-05-21T06:06:41Z;-1514;;270
2025-05-21T06:06:43Z;;1483;-31
2025-05-21T06:06:56Z;;1500;-14
2025-05-21T06:07:00Z;;1492;-22
2025-05-21T06:07:11Z;-1190;;302
2025-05-21T06:07:14Z;;1143;-47
2025-05-21T06:08:17Z;-900;;243
2025-05-21T06:08:43Z;;892;-8
2025-05-21T06:11:49Z;-605;;287
2025-05-21T06:12:20Z;;599;-6
2025-05-21T06:12:21Z;;603;-2
2025-05-21T06:12:24Z;;599;-6
2025-05-21T06:15:04Z;;580;-25
2025-05-21T06:20:46Z;;600;-5
2025-05-21T06:20:48Z;;595;-10
2025-05-21T06:20:55Z;;603;-2
2025-05-21T06:20:58Z;;598;-7
2025-05-21T06:21:04Z;;600;-5
2025-05-21T06:21:09Z;;592;-13
2025-05-21T06:21:14Z;;601;-4
2025-05-21T06:21:19Z;;594;-11
2025-05-21T06:21:21Z;;603;-2
2025-05-21T06:21:27Z;;599;-6
2025-05-21T06:21:29Z;;604;-1
2025-05-21T06:21:31Z;;594;-11
2025-05-21T06:21:33Z;;183;-422
2025-05-21T06:21:35Z;;606;1
2025-05-21T06:21:49Z;;597;-8
2025-05-21T06:21:51Z;;607;2
2025-05-21T06:21:56Z;;608;3
2025-05-21T06:21:58Z;;601;-4
2025-05-21T06:22:13Z;;569;-36
2025-05-21T06:22:15Z;;608;3
2025-05-21T06:23:13Z;-595;;13
2025-05-21T06:23:21Z;-604;;4
2025-05-21T06:23:23Z;-599;;9
2025-05-21T06:23:27Z;-601;;7
2025-05-21T06:23:35Z;-596;;12
2025-05-21T06:23:37Z;-605;;3
2025-05-21T06:23:45Z;-600;;8
2025-05-21T06:23:49Z;-595;;13
2025-05-21T06:27:50Z;-839;;-231
2025-05-21T06:27:51Z;-358;;250
2025-05-21T06:30:04Z;;822;464
2025-05-21T06:32:25Z;;901;543
2025-05-21T06:32:27Z;;895;537
2025-05-21T06:32:29Z;;906;548
2025-05-21T06:32:31Z;;901;543
2025-05-21T06:32:33Z;;916;558
2025-05-21T06:32:48Z;-891;;25
2025-05-21T06:32:50Z;-898;;18
2025-05-21T06:32:52Z;-898;;18
2025-05-21T06:36:17Z;-1110;;-194
2025-05-21T06:36:19Z;-1103;;-187
2025-05-21T06:36:23Z;;475;-628
2025-05-21T06:36:24Z;;1146;43
2025-05-21T06:36:29Z;;618;-485
2025-05-21T06:36:30Z;;1123;20
2025-05-21T06:37:15Z;;641;-462
2025-05-21T06:37:16Z;;1164;61
2025-05-21T06:38:00Z;;1287;184
2025-05-21T06:38:01Z;;1137;34
2025-05-21T06:38:07Z;;1211;108
2025-05-21T06:38:16Z;-1184;;27
2025-05-21T06:38:34Z;-1209;;2
2025-05-21T06:38:50Z;-1177;;34
2025-05-21T06:38:57Z;-1215;;-4
2025-05-21T06:39:02Z;;1518;303
2025-05-21T06:39:03Z;-1541;;-23
2025-05-21T06:39:07Z;-1806;1843;302
2025-05-21T06:39:09Z;;2114;308
2025-05-21T06:39:11Z;-2178;;-64
2025-05-21T06:39:13Z;-2408;2447;269
2025-05-21T06:40:07Z;-2408;;39
2025-05-21T06:40:10Z;-2401;;46
2025-05-21T06:40:13Z;-2401;;46
2025-05-21T06:40:16Z;-2398;;49
2025-05-21T06:40:18Z;-2407;;40
2025-05-21T06:40:27Z;-2397;;50
2025-05-21T06:41:17Z;;2398;1
2025-05-21T06:41:18Z;;2415;18
2025-05-21T06:41:25Z;;2393;-4
2025-05-21T06:41:27Z;;2410;13
2025-05-21T06:41:35Z;;2387;-10
2025-05-21T06:41:37Z;;2402;5
2025-05-21T06:41:39Z;;2397;0
2025-05-21T06:41:41Z;;2405;8
2025-05-21T06:41:45Z;;2381;-16
2025-05-21T06:41:47Z;;2402;5
2025-05-21T06:41:55Z;;2386;-11
2025-05-21T06:41:57Z;;2406;9
2025-05-21T06:42:06Z;;2389;-8
2025-05-21T06:42:07Z;;2409;12
2025-05-21T06:42:15Z;-984;2389;1425
2025-05-21T06:42:16Z;-2173;;216
2025-05-21T06:42:17Z;;2411;238
2025-05-21T06:42:23Z;;2396;223
2025-05-21T06:42:35Z;;2415;242
2025-05-21T06:42:45Z;;2390;217
2025-05-21T06:42:52Z;-2085;;305
2025-05-21T06:42:54Z;;2037;-48
2025-05-21T06:42:56Z;-1772;;265
2025-05-21T06:42:59Z;;1764;-8
2025-05-21T06:43:01Z;-1480;;284
2025-05-21T06:43:05Z;;1496;16
2025-05-21T06:43:07Z;-1183;;313
2025-05-21T06:43:12Z;;1196;13
2025-05-21T06:43:17Z;-913;;283
2025-05-21T06:43:28Z;-893;;303
2025-05-21T06:43:33Z;;1242;349
2025-05-21T06:43:34Z;-1161;;81
2025-05-21T06:43:36Z;;1514;353
2025-05-21T06:43:39Z;-1526;;-12
2025-05-21T06:43:40Z;;1829;303
2025-05-21T06:43:42Z;-1752;;77
2025-05-21T06:43:44Z;;2124;372
2025-05-21T06:43:47Z;-2081;;43
2025-05-21T06:43:51Z;;2419;338
2025-05-21T06:44:31Z;;2399;318
2025-05-21T06:44:33Z;;2412;331
2025-05-21T06:44:51Z;;2399;318
2025-05-21T06:44:53Z;;2413;332
2025-05-21T06:45:00Z;;2395;314
2025-05-21T06:45:02Z;;2409;328
2025-05-21T06:45:05Z;;2411;330
2025-05-21T06:45:10Z;;2386;305
2025-05-21T06:45:12Z;;2404;323
2025-05-21T06:45:20Z;;2387;306
2025-05-21T06:45:22Z;;2401;320
2025-05-21T06:45:31Z;;2384;303
2025-05-21T06:45:33Z;;2402;321
2025-05-21T06:45:40Z;;2389;308
2025-05-21T06:45:42Z;;2409;328
2025-05-21T06:45:50Z;;2396;315
2025-05-21T06:45:52Z;;2417;336
2025-05-21T06:46:00Z;;2394;313
2025-05-21T06:46:02Z;;2411;330
2025-05-21T06:46:05Z;;2398;317
2025-05-21T06:46:14Z;-2099;;299
2025-05-21T06:46:23Z;-2111;;287
2025-05-21T06:46:42Z;-2093;;305
2025-05-21T06:47:16Z;-2119;;279
2025-05-21T06:47:21Z;;2072;-47
2025-05-21T06:47:22Z;-1782;;290
2025-05-21T06:47:25Z;;1772;-10
2025-05-21T06:47:28Z;-1463;;309
2025-05-21T06:47:31Z;;1490;27
2025-05-21T06:47:34Z;-1216;;274
2025-05-21T06:47:39Z;;1176;-40
2025-05-21T06:47:41Z;-926;;250
2025-05-21T06:47:57Z;;897;-29
2025-05-21T06:48:24Z;;901;-25
2025-05-21T06:48:34Z;-878;;23
2025-05-21T06:48:37Z;;1204;326
2025-05-21T06:48:42Z;-1180;;24
2025-05-21T06:48:51Z;-1208;;-4
2025-05-21T06:49:04Z;-1189;;15
2025-05-21T06:49:08Z;;1501;312
2025-05-21T06:49:15Z;-1467;;34
2025-05-21T06:49:20Z;;1807;340
2025-05-21T06:49:25Z;;1792;325
2025-05-21T06:49:29Z;-1469;;323
2025-05-21T06:49:32Z;;1481;12
2025-05-21T06:49:38Z;;1180;-289
2025-05-21T06:49:45Z;-891;;289
2025-05-21T06:50:15Z;-913;;267
2025-05-21T06:50:18Z;;1225;312
2025-05-21T06:50:23Z;-1218;;7
2025-05-21T06:50:32Z;;1507;289
2025-05-21T06:50:50Z;;1486;268
2025-05-21T06:51:00Z;-1213;;273
2025-05-21T06:51:13Z;;1190;-23
2025-05-21T06:51:23Z;;1227;14
2025-05-21T06:51:27Z;-1240;;-13
2025-05-21T06:51:28Z;;1518;278
2025-05-21T06:51:32Z;;1807;567
2025-05-21T06:51:35Z;-1765;;42
2025-05-21T06:51:38Z;;2134;369
2025-05-21T06:51:41Z;-2066;;68
2025-05-21T06:51:44Z;;2403;337
2025-05-21T06:57:17Z;-2403;;0
2025-05-21T06:57:18Z;-2394;;9
2025-05-21T06:57:29Z;-2401;;2
2025-05-21T06:57:37Z;-2411;;-8
2025-05-21T06:57:39Z;-2399;;4
2025-05-21T06:57:40Z;-2397;;6
2025-05-21T06:57:43Z;-2397;;6
2025-05-21T06:57:45Z;-2411;;-8
2025-05-21T06:58:10Z;-2414;;-11
2025-05-21T06:58:13Z;-2414;;-11
2025-05-21T06:58:22Z;-2398;;5
2025-05-21T06:58:33Z;-2395;;8
2025-05-21T06:58:34Z;-2396;;7
2025-05-21T06:58:41Z;-2397;;6
2025-05-21T06:58:43Z;-2414;;-11
2025-05-21T07:00:03Z;;2675;261
2025-05-21T07:00:07Z;-2479;;196
2025-05-21T07:00:28Z;;2702;223
2025-05-21T07:00:31Z;;2701;222
2025-05-21T07:00:49Z;;2706;227
2025-05-21T07:00:51Z;;2692;213
2025-05-21T07:00:53Z;;2708;229
2025-05-21T07:00:55Z;;2687;208
2025-05-21T07:00:57Z;;2702;223
2025-05-21T07:01:35Z;;2696;217
2025-05-21T07:01:40Z;-2383;;313
2025-05-21T07:01:42Z;;2390;7
2025-05-21T07:01:45Z;-2095;;295
2025-05-21T07:01:46Z;-2105;;285
2025-05-21T07:01:48Z;-2085;;305
2025-05-21T07:01:49Z;-2158;;232
2025-05-21T07:01:56Z;;2403;245
2025-05-21T07:02:01Z;-2426;;-23
2025-05-21T07:02:05Z;-2370;;33
2025-05-21T07:02:08Z;;2346;-24
2025-05-21T07:02:09Z;-2095;;251
2025-05-21T07:02:11Z;;2018;-77
2025-05-21T07:02:12Z;-1780;;238
2025-05-21T07:02:14Z;;1765;-15
2025-05-21T07:02:22Z;-1471;;294
2025-05-21T07:02:23Z;;1499;28
2025-05-21T07:02:25Z;-1223;;276
2025-05-21T07:02:33Z;;1177;-46
2025-05-21T07:02:37Z;-901;;276
2025-05-21T07:03:18Z;;1259;358
2025-05-21T07:03:19Z;-1268;;-9
2025-05-21T07:03:20Z;;1532;264
2025-05-21T07:03:22Z;;1743;475
2025-05-21T07:03:23Z;-1401;;342
2025-05-21T07:03:24Z;-1811;;-68
2025-05-21T07:03:25Z;-2272;1984;173
2025-05-21T07:03:26Z;-2447;;-463
2025-05-21T07:03:29Z;;2435;-12
2025-05-21T07:03:31Z;;2750;303
2025-05-21T07:04:57Z;;2697;250
2025-05-21T07:04:59Z;;2702;255
2025-05-21T07:05:07Z;;2694;247
2025-05-21T07:05:09Z;;2711;264
2025-05-21T07:05:17Z;;2690;243
2025-05-21T07:05:19Z;;2708;261
2025-05-21T07:05:27Z;;2687;240
2025-05-21T07:05:29Z;;2704;257
2025-05-21T07:05:36Z;;2697;250
2025-05-21T07:05:40Z;;2701;254
2025-05-21T07:05:45Z;;2699;252
2025-05-21T07:05:49Z;;2702;255
2025-05-21T07:05:55Z;;2696;249
2025-05-21T07:10:14Z;-2416;;280
2025-05-21T07:10:17Z;-2411;;285
2025-05-21T07:10:25Z;-2379;;317
2025-05-21T07:10:27Z;-2377;;319
2025-05-21T07:10:32Z;-2406;;290
2025-05-21T07:10:41Z;-2406;;290
2025-05-21T07:10:43Z;-2394;;302
2025-05-21T07:10:50Z;-2390;;306
2025-05-21T07:10:52Z;-2399;;297
2025-05-21T07:12:18Z;;2345;-54
2025-05-21T07:12:21Z;-1962;;383
2025-05-21T07:12:22Z;;2087;125
2025-05-21T07:12:29Z;;2100;138
2025-05-21T07:12:33Z;-2104;;-4
2025-05-21T07:12:52Z;;2430;326
2025-05-21T07:13:49Z;;2393;289
2025-05-21T07:13:51Z;;2412;308
2025-05-21T07:14:19Z;;2398;294
2025-05-21T07:14:21Z;;2403;299
2025-05-21T07:14:23Z;;2399;295
2025-05-21T07:14:25Z;;2402;298
2025-05-21T07:14:27Z;;2398;294
2025-05-21T07:14:37Z;;2400;296
2025-05-21T07:14:41Z;;2399;295
2025-05-21T07:14:45Z;;2402;298
2025-05-21T07:14:47Z;;2399;295
2025-05-21T07:14:49Z;;2405;301
2025-05-21T07:14:51Z;;2392;288
2025-05-21T07:14:53Z;;2405;301
2025-05-21T07:14:55Z;;2392;288
2025-05-21T07:14:57Z;;2404;300
2025-05-21T07:15:03Z;;2392;288
2025-05-21T07:15:07Z;;2408;304
2025-05-21T07:15:08Z;;2403;299
2025-05-21T07:15:09Z;-2314;2398;89
2025-05-21T07:15:15Z;;2401;87
2025-05-21T07:15:17Z;;2398;84
2025-05-21T07:15:25Z;;2405;91
2025-05-21T07:15:27Z;;2398;84
2025-05-21T07:15:29Z;;2400;86
2025-05-21T07:15:31Z;;2394;80
2025-05-21T07:15:33Z;;2402;88
2025-05-21T07:15:35Z;;2395;81
2025-05-21T07:15:42Z;;2404;90
2025-05-21T07:15:45Z;;2398;84
2025-05-21T07:15:47Z;;2406;92
2025-05-21T07:15:49Z;;2398;84
2025-05-21T07:15:51Z;;2406;92
2025-05-21T07:15:58Z;;2390;76
2025-05-21T07:16:01Z;;2402;88
2025-05-21T07:16:13Z;;2398;84
2025-05-21T07:16:15Z;;2404;90
2025-05-21T07:18:25Z;-2409;;-5
2025-05-21T07:18:27Z;-2399;;5
2025-05-21T07:18:28Z;-2400;;4
2025-05-21T07:19:28Z;-2471;;-67
2025-05-21T07:19:29Z;;2303;-168
2025-05-21T07:19:31Z;-1780;2007;-464
2025-05-21T07:19:33Z;-1181;1776;-4
2025-05-21T07:19:35Z;;1416;235
2025-05-21T07:19:36Z;;1155;-26
2025-05-21T07:19:37Z;-1124;;31
2025-05-21T07:19:38Z;-1780;;-625
2025-05-21T07:19:39Z;;1246;-534
2025-05-21T07:19:40Z;;1579;-201
2025-05-21T07:19:42Z;-2384;;-805
2025-05-21T07:19:43Z;;2232;-152
2025-05-21T07:19:44Z;;2587;203
2025-05-21T07:19:46Z;-2216;;371
2025-05-21T07:19:47Z;-2411;;176
2025-05-21T07:19:48Z;;2232;-179
2025-05-21T07:19:50Z;;2445;34
2025-05-21T07:19:52Z;;2700;289
2025-05-21T07:19:53Z;;2691;280
2025-05-21T07:19:55Z;;2705;294
2025-05-21T07:20:11Z;;2699;288
2025-05-21T07:20:13Z;;2707;296
2025-05-21T07:20:19Z;;2699;288
2025-05-21T07:20:21Z;;2711;300
2025-05-21T07:21:42Z;-2690;;21
2025-05-21T07:21:43Z;;2671;-19
2025-05-21T07:21:46Z;-2340;;331
2025-05-21T07:21:47Z;;2396;56
2025-05-21T07:21:50Z;-2043;;353
2025-05-21T07:21:51Z;;2080;37
2025-05-21T07:21:53Z;;2106;63
2025-05-21T07:21:54Z;;2062;19
2025-05-21T07:21:56Z;;2108;65
2025-05-21T07:21:57Z;-2191;;-83
2025-05-21T07:22:00Z;;2626;435
2025-05-21T07:22:01Z;-2611;;15
2025-05-21T07:22:03Z;;2758;147
2025-05-21T07:22:22Z;-2685;;73
2025-05-21T07:22:24Z;-2684;;74
2025-05-21T07:22:28Z;;2717;33
2025-05-21T07:22:33Z;;2724;40
2025-05-21T07:22:42Z;-2717;;7
2025-05-21T07:22:55Z;-2699;;25
2025-05-21T07:22:57Z;-2705;;19
2025-05-21T07:23:03Z;-2682;;42
2025-05-21T07:23:05Z;-2701;;23
2025-05-21T07:23:09Z;-2697;;27
2025-05-21T07:23:13Z;-2709;;15
2025-05-21T07:23:21Z;-2694;;30
2025-05-21T07:23:23Z;-2724;;0
2025-05-21T07:23:39Z;-2669;;55
2025-05-21T07:23:43Z;;2680;11
2025-05-21T07:23:45Z;-2330;;350
2025-05-21T07:23:46Z;-1999;2234;681
2025-05-21T07:23:48Z;;1877;-122
2025-05-21T07:23:49Z;;1610;-389
2025-05-21T07:23:50Z;-1679;;-69
2025-05-21T07:23:51Z;;1439;-240
2025-05-21T07:23:54Z;-1481;;-42
2025-05-21T07:23:56Z;-1197;1171;242
2025-05-21T07:24:07Z;;1327;130
2025-05-21T07:24:08Z;-1465;;-138
2025-05-21T07:24:09Z;-1805;;-478
2025-05-21T07:24:10Z;;1781;-24
2025-05-21T07:24:11Z;;1900;95
2025-05-21T07:24:12Z;-1431;;469
2025-05-21T07:24:15Z;;1607;176
2025-05-21T07:24:17Z;;1377;-54
2025-05-21T07:24:19Z;;1131;-300
2025-05-21T07:24:24Z;-891;;240
2025-05-21T07:24:25Z;-889;;242
2025-05-21T07:24:28Z;-913;;218
2025-05-21T07:24:35Z;;899;-14
2025-05-21T07:24:37Z;;900;-13
2025-05-21T07:24:39Z;;894;-19
2025-05-21T07:24:41Z;;906;-7
2025-05-21T07:24:43Z;;895;-18
2025-05-21T07:24:56Z;;907;-6
2025-05-21T07:25:06Z;;1372;459
2025-05-21T07:25:08Z;;1732;819
2025-05-21T07:25:10Z;-963;2084;769
2025-05-21T07:25:11Z;-1154;;930
2025-05-21T07:25:12Z;;2372;1218
2025-05-21T07:25:14Z;;2509;1355
2025-05-21T07:25:15Z;-1477;;1032
2025-05-21T07:25:16Z;-2151;;358
2025-05-21T07:25:17Z;-2454;;55
2025-05-21T07:25:18Z;-2241;;268
2025-05-21T07:25:20Z;;2208;-33
2025-05-21T07:25:21Z;;2413;172
2025-05-21T07:25:26Z;-2410;;3
2025-05-21T07:25:27Z;-2379;;34
2025-05-21T07:25:29Z;-2416;;-3
2025-05-21T07:25:35Z;;2704;288
2025-05-21T07:25:44Z;;2695;279
2025-05-21T07:25:46Z;;2703;287
2025-05-21T07:25:50Z;;2698;282
2025-05-21T07:27:57Z;-2396;;302
2025-05-21T07:28:00Z;-2401;;297
2025-05-21T07:28:22Z;-2403;;295
2025-05-21T07:30:03Z;;2509;106
2025-05-21T07:30:40Z;-2394;;115
2025-05-21T07:30:42Z;-2400;;109
2025-05-21T07:31:00Z;-2396;;113
2025-05-21T07:31:02Z;-2415;;94
2025-05-21T07:31:10Z;-2396;;113
2025-05-21T07:31:12Z;-2416;;93
2025-05-21T07:31:20Z;-2395;;114
2025-05-21T07:31:22Z;-2415;;94
2025-05-21T07:31:30Z;-2392;;117
2025-05-21T07:31:32Z;-2413;;96
2025-05-21T07:31:40Z;-2384;;125
2025-05-21T07:31:42Z;-2408;;101
2025-05-21T07:31:50Z;-2388;;121
2025-05-21T07:31:52Z;-2408;;101
2025-05-21T07:32:00Z;-2385;;124
2025-05-21T07:32:02Z;-2407;;102
2025-05-21T07:32:10Z;-2387;;122
2025-05-21T07:32:12Z;-2410;;99
2025-05-21T07:32:19Z;-2412;;97
2025-05-21T07:32:22Z;-2413;;96
2025-05-21T07:32:30Z;-2388;;121
2025-05-21T07:32:31Z;-2391;;118
2025-05-21T07:32:42Z;-2393;;116
2025-05-21T07:32:49Z;-2411;;98
2025-05-21T07:32:52Z;-2413;;96
2025-05-21T07:33:00Z;-2393;;116
2025-05-21T07:33:01Z;-2393;;116
2025-05-21T07:33:16Z;-2397;;112
2025-05-21T07:33:17Z;-2419;;90
2025-05-21T07:34:31Z;-2374;;135
2025-05-21T07:34:38Z;-2393;;116
2025-05-21T07:34:41Z;-2411;;98
2025-05-21T07:34:52Z;-2404;;105
2025-05-21T07:36:26Z;-2405;;104
2025-05-21T07:36:34Z;-2395;;114
2025-05-21T07:36:42Z;-2408;;101
2025-05-21T07:36:50Z;-2395;;114
2025-05-21T07:37:03Z;-2404;;105
2025-05-21T07:37:46Z;-2399;;110
2025-05-21T07:37:47Z;-2391;;118
2025-05-21T07:37:48Z;-2392;;117
2025-05-21T07:37:50Z;-2387;;122
2025-05-21T07:37:52Z;-2406;;103
2025-05-21T07:37:58Z;-2398;;111
2025-05-21T07:37:59Z;-2396;;113
2025-05-21T07:38:05Z;-2391;;118
2025-05-21T07:38:07Z;-2405;;104
2025-05-21T07:38:08Z;-2390;;119
2025-05-21T07:38:14Z;-2407;;102
2025-05-21T07:38:16Z;-2393;;116
2025-05-21T07:38:17Z;-2393;;116
2025-05-21T07:38:23Z;-2410;;99
2025-05-21T07:38:25Z;-2401;;108
2025-05-21T07:38:31Z;-2397;;112
2025-05-21T07:38:34Z;-2402;;107
2025-05-21T07:38:43Z;-2399;;110
2025-05-21T07:38:46Z;-2407;;102
2025-05-21T07:38:54Z;-2376;;133
2025-05-21T07:38:56Z;-2406;;103
2025-05-21T07:39:08Z;-2384;;125
2025-05-21T07:39:10Z;-2408;;101
2025-05-21T07:39:26Z;-2383;;126
2025-05-21T07:39:28Z;-2401;;108
2025-05-21T07:39:34Z;-2383;;126
2025-05-21T07:39:36Z;-2407;;102
2025-05-21T07:39:37Z;-2398;;111
2025-05-21T07:39:38Z;-2402;;107
2025-05-21T07:39:46Z;-2409;;100
2025-05-21T07:39:54Z;-2382;;127
2025-05-21T07:39:56Z;-2410;;99
2025-05-21T07:40:03Z;-2410;;99
2025-05-21T07:40:06Z;-2412;;97
2025-05-21T07:40:13Z;-2386;;123
2025-05-21T07:40:14Z;-2425;;84
2025-05-21T07:40:23Z;-2417;;92
2025-05-21T07:40:24Z;-2411;;98
2025-05-21T07:40:30Z;-2394;;115
2025-05-21T07:40:32Z;-2418;;91
2025-05-21T07:40:39Z;-2419;;90
2025-05-21T07:40:42Z;-2422;;87
2025-05-21T07:45:03Z;;2550;128
2025-05-21T07:45:07Z;-2443;;107
2025-05-21T07:52:20Z;;2702;259
2025-05-21T07:52:22Z;;2699;256
2025-05-21T07:52:29Z;;2703;260
2025-05-21T07:52:33Z;;2695;252
2025-05-21T07:52:36Z;;2701;258
2025-05-21T07:52:45Z;;2684;241
2025-05-21T07:57:28Z;;2701;258
2025-05-21T07:57:30Z;;2690;247
2025-05-21T07:57:38Z;;2708;265
2025-05-21T07:57:40Z;;2699;256
2025-05-21T07:57:47Z;;2700;257
2025-05-21T07:57:52Z;;2678;235
2025-05-21T07:57:54Z;;2704;261
2025-05-21T07:58:02Z;;2686;243
2025-05-21T07:58:04Z;;2687;244
2025-05-21T07:58:16Z;;2697;254
2025-05-21T07:58:18Z;;2722;279
2025-05-21T07:58:26Z;;2698;255
2025-05-21T07:58:28Z;;2725;282
2025-05-21T08:00:03Z;;2787;344
2025-05-21T08:00:07Z;-2682;;105
2025-05-21T08:02:08Z;;2695;13
2025-05-21T08:02:10Z;;2708;26
2025-05-21T08:02:12Z;;2667;-15
2025-05-21T08:02:20Z;;2703;21
2025-05-21T08:02:22Z;;2690;8
2025-05-21T08:02:30Z;;2705;23
2025-05-21T08:02:32Z;;2686;4
2025-05-21T08:02:34Z;;2700;18
2025-05-21T08:02:38Z;;2696;14
2025-05-21T08:02:53Z;;2701;19
2025-05-21T08:02:55Z;;2685;3
2025-05-21T08:02:59Z;;2701;19
2025-05-21T08:03:01Z;;2698;16
2025-05-21T08:03:09Z;;2700;18
2025-05-21T08:03:11Z;;2694;12
2025-05-21T08:03:31Z;-2592;;102
2025-05-21T08:03:32Z;;2708;116
2025-05-21T08:03:33Z;-2445;2666;263
2025-05-21T08:05:58Z;;2700;255
2025-05-21T08:06:00Z;;2698;253
2025-05-21T08:06:22Z;;2705;260
2025-05-21T08:06:24Z;;2698;253
2025-05-21T08:06:26Z;;2701;256
2025-05-21T08:06:28Z;;2682;237
2025-05-21T08:06:32Z;;2701;256
2025-05-21T08:06:34Z;;2683;238
2025-05-21T08:06:36Z;;2702;257
2025-05-21T08:06:40Z;;2698;253
2025-05-21T08:06:42Z;;2700;255
2025-05-21T08:06:44Z;;2685;240
2025-05-21T08:06:46Z;;2700;255
2025-05-21T08:06:50Z;;2697;252
2025-05-21T08:06:56Z;;2700;255
2025-05-21T08:07:00Z;;2698;253
2025-05-21T08:07:08Z;;2705;260
2025-05-21T08:07:10Z;;2698;253
2025-05-21T08:07:14Z;;2700;255
2025-05-21T08:07:16Z;;2699;254
2025-05-21T08:07:28Z;;2701;256
2025-05-21T08:07:30Z;;2699;254
2025-05-21T08:07:39Z;;2702;257
2025-05-21T08:07:41Z;;2697;252
2025-05-21T08:07:48Z;;2700;255
2025-05-21T08:07:50Z;;2685;240
2025-05-21T08:07:52Z;;2700;255
2025-05-21T08:07:56Z;;2697;252
2025-05-21T08:08:00Z;;2700;255
2025-05-21T08:08:02Z;;2698;253
2025-05-21T08:08:04Z;;2707;262
2025-05-21T08:08:08Z;;2686;241
2025-05-21T08:08:10Z;;2703;258
2025-05-21T08:08:12Z;;2699;254
2025-05-21T08:08:15Z;;2705;260
2025-05-21T08:08:17Z;;2695;250
2025-05-21T08:08:19Z;;2702;257
2025-05-21T08:08:21Z;;2685;240
2025-05-21T08:08:24Z;;2706;261
2025-05-21T08:08:26Z;;2698;253
2025-05-21T08:08:28Z;;2700;255
2025-05-21T08:08:30Z;;2689;244
2025-05-21T08:08:33Z;;2702;257
2025-05-21T08:08:38Z;;2692;247
2025-05-21T08:08:44Z;;2707;262
2025-05-21T08:08:46Z;;2693;248
2025-05-21T08:08:48Z;;2705;260
2025-05-21T08:08:50Z;;2693;248
2025-05-21T08:08:58Z;;2709;264
2025-05-21T08:09:00Z;;2695;250
2025-05-21T08:09:02Z;;2707;262
2025-05-21T08:09:12Z;;2695;250
2025-05-21T08:09:14Z;;2711;266
2025-05-21T08:09:18Z;;2698;253
2025-05-21T08:09:20Z;;2713;268
2025-05-21T08:09:46Z;;2699;254
2025-05-21T08:09:48Z;;2701;256
2025-05-21T08:09:58Z;;2677;232
2025-05-21T08:10:00Z;;2705;260
2025-05-21T08:10:14Z;;2681;236
2025-05-21T08:10:16Z;;2711;266
2025-05-21T08:10:18Z;;2654;209
2025-05-21T08:10:20Z;;2727;282
2025-05-21T08:10:22Z;;2683;238
2025-05-21T08:10:24Z;;2712;267
2025-05-21T08:10:50Z;;2688;243
2025-05-21T08:10:52Z;;2716;271
2025-05-21T08:12:43Z;;2687;242
2025-05-21T08:12:45Z;;2759;314
2025-05-21T08:15:03Z;;2778;333
2025-05-21T08:15:07Z;-2569;;209
2025-05-21T08:23:26Z;-2337;;441
2025-05-21T08:23:29Z;-2396;;382
2025-05-21T08:23:34Z;-2381;;397
2025-05-21T08:23:38Z;-2388;;390
2025-05-21T08:23:44Z;-2381;;397
2025-05-21T08:23:45Z;-2383;;395
2025-05-21T08:24:20Z;-2746;;32
2025-05-21T08:24:41Z;-2543;;235
2025-05-21T08:30:03Z;;2889;346
2025-05-21T08:30:07Z;-2814;;75
2025-05-21T08:32:34Z;;3004;190
2025-05-21T08:32:38Z;;2984;170
2025-05-21T08:32:40Z;;3004;190
2025-05-21T08:32:48Z;;2988;174
2025-05-21T08:32:50Z;;3009;195
2025-05-21T08:32:58Z;;2993;179
2025-05-21T08:33:00Z;;3016;202
2025-05-21T08:35:50Z;-3005;;11
2025-05-21T08:35:52Z;-2992;;24
2025-05-21T08:35:53Z;-2992;;24
2025-05-21T08:35:56Z;-2997;;19
2025-05-21T08:35:58Z;-3009;;7
2025-05-21T08:37:50Z;;3301;292
2025-05-21T08:38:21Z;;2990;-19
2025-05-21T08:38:22Z;-2734;;256
2025-05-21T08:38:24Z;;3058;324
2025-05-21T08:38:26Z;;2929;195
2025-05-21T08:38:27Z;-3062;;-133
2025-05-21T08:38:28Z;;3171;109
2025-05-21T08:38:29Z;-2939;;232
2025-05-21T08:38:30Z;-2724;;447
2025-05-21T08:38:31Z;;2952;228
2025-05-21T08:38:33Z;;2685;-39
2025-05-21T08:38:34Z;;2759;35
2025-05-21T08:38:35Z;-2379;;380
2025-05-21T08:38:36Z;-2518;2562;183
2025-05-21T08:38:37Z;-2534;;28
2025-05-21T08:38:38Z;;2748;214
2025-05-21T08:38:39Z;-2717;;31
2025-05-21T08:38:40Z;;3124;407
2025-05-21T08:38:42Z;-3201;3370;653
2025-05-21T08:38:53Z;-3303;;67
2025-05-21T08:38:55Z;-3290;;80
2025-05-21T08:38:56Z;-3183;3190;7
2025-05-21T08:38:58Z;;2891;-292
2025-05-21T08:39:00Z;-2506;2316;-867
2025-05-21T08:39:01Z;;2026;-480
2025-05-21T08:39:04Z;-2046;;-20
2025-05-21T08:39:06Z;-1771;;255
2025-05-21T08:39:08Z;-1850;;176
2025-05-21T08:39:09Z;;2229;379
2025-05-21T08:39:10Z;-2279;;-50
2025-05-21T08:39:12Z;-2767;2530;-538
2025-05-21T08:39:13Z;-3126;;-596
2025-05-21T08:39:14Z;;2742;-384
2025-05-21T08:39:15Z;;3069;-57
2025-05-21T08:39:17Z;;3328;202
2025-05-21T08:39:19Z;;3269;143
2025-05-21T08:39:21Z;-3068;;201
2025-05-21T08:39:23Z;;3315;247
2025-05-21T08:39:47Z;;3277;209
2025-05-21T08:39:49Z;;3337;269
2025-05-21T08:39:51Z;-3302;;35
2025-05-21T08:40:04Z;-3173;;164
2025-05-21T08:40:05Z;-2690;3036;647
2025-05-21T08:40:08Z;;2551;-139
2025-05-21T08:40:10Z;;2908;218
2025-05-21T08:40:11Z;-2532;;376
2025-05-21T08:40:12Z;-3002;;-94
2025-05-21T08:40:16Z;;2968;-34
2025-05-21T08:40:18Z;;2460;-542
2025-05-21T08:40:20Z;;2320;-682
2025-05-21T08:40:21Z;-2267;;53
2025-05-21T08:40:22Z;-1983;1958;337
2025-05-21T08:40:24Z;;1639;-344
2025-05-21T08:40:25Z;;1869;-114
2025-05-21T08:40:28Z;;2231;248
2025-05-21T08:40:31Z;;1848;-135
2025-05-21T08:40:32Z;-1850;;-2
2025-05-21T08:40:34Z;-2132;1744;-284
2025-05-21T08:40:35Z;;1831;-301
2025-05-21T08:40:36Z;-1711;;120
2025-05-21T08:40:37Z;-1829;;2
2025-05-21T08:40:38Z;-1750;1791;81
2025-05-21T08:40:44Z;-1486;;305
2025-05-21T08:40:47Z;-1528;;263
2025-05-21T08:40:49Z;-1820;;-29
2025-05-21T08:40:51Z;-2069;;-278
2025-05-21T08:40:52Z;;2147;78
2025-05-21T08:40:53Z;-2296;;-149
2025-05-21T08:40:55Z;;2310;14
2025-05-21T08:40:57Z;-2016;2404;108
2025-05-21T08:40:59Z;-2316;2318;302
2025-05-21T08:41:00Z;-2436;;-118
2025-05-21T08:41:02Z;;2069;-367
2025-05-21T08:41:04Z;;2215;-221
2025-05-21T08:41:05Z;-1913;;302
2025-05-21T08:41:06Z;-2138;;77
2025-05-21T08:41:08Z;-1743;;472
2025-05-21T08:41:09Z;;2573;830
2025-05-21T08:41:11Z;;2078;335
2025-05-21T08:41:12Z;-3161;;-1083
2025-05-21T08:41:13Z;;2078;-1083
2025-05-21T08:41:15Z;;1603;-1558
2025-05-21T08:41:16Z;-3305;;-1702
2025-05-21T08:41:17Z;-3287;;-1684
2025-05-21T08:41:18Z;-2395;;-792
2025-05-21T08:41:19Z;;1589;-806
2025-05-21T08:41:20Z;;2088;-307
2025-05-21T08:41:22Z;;1887;-508
2025-05-21T08:41:24Z;;2905;510
2025-05-21T08:41:26Z;;3397;1002
2025-05-21T08:41:28Z;;2953;558
2025-05-21T08:41:29Z;;2059;-336
2025-05-21T08:41:30Z;-1650;;409
2025-05-21T08:41:32Z;-1276;;783
2025-05-21T08:41:33Z;;1456;180
2025-05-21T08:41:35Z;;1187;-89
2025-05-21T08:45:03Z;;1172;-104
2025-05-21T08:45:11Z;;1205;-71
2025-05-21T08:46:02Z;-1193;;12
2025-05-21T08:46:11Z;-1201;;4
2025-05-21T08:46:12Z;-1198;;7
2025-05-21T08:47:16Z;;1501;303
2025-05-21T08:47:21Z;-1537;;-36
2025-05-21T08:47:28Z;-1786;;-285
2025-05-21T08:47:29Z;;1926;140
2025-05-21T08:47:32Z;-2031;;-105
2025-05-21T08:47:33Z;;2134;103
2025-05-21T08:47:34Z;-2529;;-395
2025-05-21T08:47:35Z;;2403;-126
2025-05-21T08:47:36Z;;2838;309
2025-05-21T08:47:38Z;-2874;2457;-36
2025-05-21T08:47:41Z;-2004;;453
2025-05-21T08:47:42Z;;2389;385
2025-05-21T08:47:43Z;;2465;461
2025-05-21T08:47:45Z;-2120;2300;296
2025-05-21T08:47:46Z;-2431;;-131
2025-05-21T08:47:47Z;;2431;0
2025-05-21T08:47:48Z;-2845;;-414
2025-05-21T08:47:50Z;-3411;;-980
2025-05-21T08:47:52Z;;2826;-585
2025-05-21T08:47:54Z;;3083;-328
2025-05-21T08:47:56Z;;3305;-106
2025-05-21T08:47:58Z;;3616;205
2025-05-21T08:48:00Z;-3107;3588;481
2025-05-21T08:48:01Z;-2604;;984
2025-05-21T08:48:02Z;-2837;;751
2025-05-21T08:48:03Z;;2897;60
2025-05-21T08:48:05Z;;3275;438
2025-05-21T08:48:06Z;-3381;;-106
2025-05-21T08:48:07Z;;3582;201
2025-05-21T08:48:09Z;;3621;240
2025-05-21T08:48:11Z;;3585;204
2025-05-21T08:48:12Z;;3602;221
2025-05-21T08:48:14Z;;3599;218
2025-05-21T08:49:14Z;-3111;;488
2025-05-21T08:49:15Z;;3205;94
2025-05-21T08:49:16Z;-2981;;224
2025-05-21T08:49:18Z;-3071;;134
2025-05-21T08:49:19Z;;3331;260
2025-05-21T08:49:21Z;-2922;;409
2025-05-21T08:49:22Z;;3091;169
2025-05-21T08:49:23Z;-2183;;908
2025-05-21T08:49:24Z;-1770;;1321
2025-05-21T08:49:25Z;;2613;843
2025-05-21T08:49:26Z;;2032;262
2025-05-21T08:49:28Z;-1747;;285
2025-05-21T08:49:30Z;-1749;1739;283
2025-05-21T08:49:32Z;;1877;128
2025-05-21T08:49:34Z;;1765;16
2025-05-21T08:49:39Z;;1800;51
2025-05-21T08:49:42Z;;1727;-22
2025-05-21T08:49:44Z;-1657;;70
2025-05-21T08:49:45Z;-1811;;-84
2025-05-21T08:49:46Z;;2015;204
2025-05-21T08:49:47Z;;2596;785
2025-05-21T08:49:49Z;;3180;1369
2025-05-21T08:49:51Z;;3469;1658
2025-05-21T08:49:52Z;-3265;;204
2025-05-21T08:49:53Z;-3385;3040;84
2025-05-21T08:49:55Z;;2541;-844
2025-05-21T08:49:57Z;-3177;;-636
2025-05-21T08:49:58Z;-2646;;-105
2025-05-21T08:49:59Z;-2332;2386;-260
2025-05-21T08:50:00Z;-2288;;98
2025-05-21T08:50:01Z;;2474;186
2025-05-21T08:50:02Z;-3001;;-527
2025-05-21T08:50:04Z;;2898;-103
2025-05-21T08:50:05Z;;3201;200
2025-05-21T08:50:07Z;-3361;3345;-16
2025-05-21T08:50:18Z;;3447;86
2025-05-21T08:50:19Z;-3252;;195
2025-05-21T08:50:20Z;-2888;;559
2025-05-21T08:50:26Z;-2605;;842
2025-05-21T08:50:28Z;-2329;;1118
2025-05-21T08:50:29Z;-2384;;1063
2025-05-21T08:50:31Z;-2325;;1122
2025-05-21T08:50:34Z;-2129;;1318
2025-05-21T08:50:38Z;-2135;;1312
2025-05-21T08:50:39Z;-2429;;1018
2025-05-21T08:50:41Z;-3353;;94
2025-05-21T08:50:45Z;-3190;;257
2025-05-21T08:50:47Z;-2928;;519
2025-05-21T08:50:52Z;-2548;;899
2025-05-21T08:50:54Z;-2728;;719
2025-05-21T08:50:55Z;-2611;;836
2025-05-21T08:50:57Z;-2436;;1011
2025-05-21T08:50:58Z;-2445;;1002
2025-05-21T08:51:02Z;-2248;;1199
2025-05-21T08:51:04Z;-2948;;499
2025-05-21T08:51:05Z;-3363;;84
2025-05-21T08:51:32Z;-3299;;148
2025-05-21T08:51:34Z;-3332;;115
2025-05-21T08:51:35Z;-3276;;171
2025-05-21T08:51:39Z;-2614;;833
2025-05-21T08:51:40Z;-2218;;1229
2025-05-21T08:51:41Z;-1918;;1529
2025-05-21T08:51:45Z;-2194;;1253
2025-05-21T08:51:47Z;-2651;;796
2025-05-21T08:51:48Z;-2713;;734
2025-05-21T08:51:50Z;-2532;;915
2025-05-21T08:51:51Z;-2298;;1149
2025-05-21T08:51:53Z;-1993;;1454
2025-05-21T08:51:55Z;-2542;;905
2025-05-21T08:51:56Z;-3339;;108
2025-05-21T08:52:02Z;-3290;;157
2025-05-21T08:52:09Z;-3367;;80
2025-05-21T08:52:11Z;-2918;;529
2025-05-21T08:52:12Z;-2018;;1429
2025-05-21T08:52:13Z;-1717;;1730
2025-05-21T08:52:22Z;-2119;;1328
2025-05-21T08:52:25Z;-2223;;1224
2025-05-21T08:52:27Z;-1975;;1472
2025-05-21T08:52:32Z;-2223;;1224
2025-05-21T08:52:35Z;-2783;;664
2025-05-21T08:52:38Z;-2755;;692
2025-05-21T08:52:39Z;-2099;;1348
2025-05-21T08:52:40Z;-1821;;1626
2025-05-21T08:52:53Z;-1503;;1944
2025-05-21T08:53:11Z;-1517;;1930
2025-05-21T08:53:15Z;-2219;;1228
2025-05-21T08:53:17Z;-2752;;695
2025-05-21T08:53:21Z;-2490;;957
2025-05-21T08:53:23Z;-2177;;1270
2025-05-21T08:53:27Z;-1985;;1462
2025-05-21T08:53:34Z;-2344;;1103
2025-05-21T08:53:38Z;-2688;;759
2025-05-21T08:53:42Z;-2787;;660
2025-05-21T08:53:46Z;-2381;;1066
2025-05-21T08:53:47Z;-2215;;1232
2025-05-21T08:53:50Z;-1753;;1694
2025-05-21T08:54:10Z;-1745;;1702
2025-05-21T08:54:14Z;-1796;;1651
2025-05-21T08:55:20Z;;1803;7
2025-05-21T08:55:23Z;-1835;;-32
2025-05-21T08:55:41Z;;2076;241
2025-05-21T08:55:47Z;;2138;303
2025-05-21T08:55:51Z;;2087;252
2025-05-21T08:55:53Z;;2118;283
2025-05-21T08:55:55Z;;2296;461
2025-05-21T08:55:57Z;;2474;639
2025-05-21T08:55:58Z;-2168;;306
2025-05-21T08:55:59Z;-2428;;46
2025-05-21T08:56:02Z;;2743;315
2025-05-21T08:56:04Z;;2673;245
2025-05-21T08:56:06Z;-2242;;431
2025-05-21T08:56:07Z;;2397;155
2025-05-21T08:56:08Z;-2503;;-106
2025-05-21T08:56:09Z;-2813;;-416
2025-05-21T08:56:10Z;;2784;-29
2025-05-21T08:56:11Z;-3105;;-321
2025-05-21T08:56:12Z;-3437;3012;-93
2025-05-21T08:56:14Z;;3452;15
2025-05-21T08:56:16Z;;3618;181
2025-05-21T08:56:18Z;;3484;47
2025-05-21T08:56:20Z;-3182;;302
2025-05-21T08:56:21Z;-2836;;648
2025-05-21T08:56:23Z;;3118;282
2025-05-21T08:56:24Z;;2845;9
2025-05-21T08:56:26Z;-2662;;183
2025-05-21T08:56:27Z;-2333;2613;-49
2025-05-21T08:56:28Z;-3232;;-619
2025-05-21T08:56:30Z;-3434;;-821
2025-05-21T08:56:31Z;-3193;;-580
2025-05-21T08:56:32Z;-2516;2287;97
2025-05-21T08:56:33Z;;2549;33
2025-05-21T08:56:34Z;-2261;;288
2025-05-21T08:56:38Z;;2997;736
2025-05-21T08:56:40Z;-1796;3514;1253
2025-05-21T08:56:41Z;;2987;1191
2025-05-21T08:56:43Z;;2440;644
2025-05-21T08:56:44Z;-1800;;640
2025-05-21T08:56:46Z;;2295;495
2025-05-21T08:56:47Z;;2033;233
2025-05-21T08:56:55Z;;2132;332
2025-05-21T08:56:56Z;-2140;;-8
2025-05-21T08:56:57Z;;2478;338
2025-05-21T08:57:01Z;;2717;577
2025-05-21T08:57:03Z;;2502;362
2025-05-21T08:57:08Z;-2286;;216
2025-05-21T08:57:11Z;;2298;12
2025-05-21T08:57:12Z;;2418;132
2025-05-21T08:57:13Z;-2594;;-176
2025-05-21T08:57:14Z;;3023;429
2025-05-21T08:57:15Z;-3305;;-282
2025-05-21T08:57:16Z;;3534;229
2025-05-21T08:57:17Z;;3602;297
2025-05-21T08:57:19Z;;3568;263
2025-05-21T08:57:20Z;;3610;305
2025-05-21T08:57:22Z;;3575;270
2025-05-21T08:57:24Z;;3605;300
2025-05-21T08:57:26Z;-3220;3559;385
2025-05-21T08:57:27Z;-2678;3065;881
2025-05-21T08:57:28Z;-2627;;438
2025-05-21T08:57:30Z;-3308;;-243
2025-05-21T08:57:31Z;-3178;;-113
2025-05-21T08:57:32Z;-2661;;404
2025-05-21T08:57:33Z;;2646;-15
2025-05-21T08:57:34Z;-2181;2907;465
2025-05-21T08:57:36Z;;3323;1142
2025-05-21T08:57:38Z;;3105;924
2025-05-21T08:57:40Z;;2511;330
2025-05-21T08:57:41Z;;2152;-29
2025-05-21T08:57:43Z;;2052;-129
2025-05-21T08:57:45Z;;1793;-388
2025-05-21T08:57:52Z;;1802;-379
2025-05-21T08:57:55Z;;1789;-392
2025-05-21T08:57:59Z;;1809;-372
2025-05-21T08:58:01Z;;1799;-382
2025-05-21T08:58:07Z;;1803;-378
2025-05-21T08:58:09Z;;1767;-414
2025-05-21T08:59:06Z;;1805;-376
2025-05-21T08:59:07Z;-1919;;-114
2025-05-21T08:59:08Z;;2162;243
2025-05-21T08:59:10Z;;2405;486
2025-05-21T08:59:11Z;-2251;;154
2025-05-21T08:59:12Z;-2450;;-45
2025-05-21T08:59:14Z;-2750;;-345
2025-05-21T08:59:15Z;;2976;226
2025-05-21T08:59:16Z;-3089;3133;-113
2025-05-21T08:59:18Z;;3372;283
2025-05-21T08:59:23Z;-3369;;3
2025-05-21T08:59:38Z;;3511;142
2025-05-21T08:59:39Z;-3251;;260
2025-05-21T08:59:40Z;;3096;-155
2025-05-21T08:59:41Z;-2526;;570
2025-05-21T08:59:43Z;-2407;;689
2025-05-21T08:59:44Z;;2420;13
2025-05-21T08:59:45Z;-1995;;425
2025-05-21T08:59:46Z;-1506;2376;914
2025-05-21T08:59:48Z;;1902;396
2025-05-21T08:59:52Z;;1644;138
2025-05-21T08:59:53Z;;1464;-42
2025-05-21T08:59:54Z;-1199;;265
2025-05-21T09:00:00Z;;1197;-2
2025-05-21T09:00:04Z;;1208;9
2025-05-21T09:00:07Z;-1133;;75
2025-05-21T09:01:56Z;;1200;67
2025-05-21T09:02:07Z;-1199;;1
2025-05-21T09:02:22Z;;1615;416
2025-05-21T09:02:23Z;-2151;;-536
2025-05-21T09:02:24Z;;2788;637
2025-05-21T09:02:26Z;;3599;1448
2025-05-21T09:02:28Z;;3618;1467
2025-05-21T09:02:31Z;;3590;1439
2025-05-21T09:02:37Z;;3210;1059
2025-05-21T09:02:39Z;;3471;1320
2025-05-21T09:02:43Z;-3133;3065;338
2025-05-21T09:02:44Z;-2649;;416
2025-05-21T09:02:45Z;;2639;-10
2025-05-21T09:02:46Z;-2514;;125
2025-05-21T09:02:47Z;;1905;-609
2025-05-21T09:02:50Z;-1670;;235
2025-05-21T09:02:51Z;;1707;37
2025-05-21T09:02:53Z;-1486;;221
2025-05-21T09:02:59Z;;1491;5
2025-05-21T09:03:37Z;;1500;14
2025-05-21T09:03:46Z;-1500;;0
2025-05-21T09:03:50Z;;1681;181
2025-05-21T09:03:52Z;;1819;319
2025-05-21T09:03:54Z;;3167;1667
2025-05-21T09:03:56Z;;3005;1505
2025-05-21T09:03:58Z;-2028;2960;932
2025-05-21T09:04:00Z;;2995;967
2025-05-21T09:04:02Z;;3135;1107
2025-05-21T09:04:03Z;-3049;;86
2025-05-21T09:04:06Z;;3090;41
2025-05-21T09:04:07Z;-2853;;237
2025-05-21T09:04:08Z;;3566;713
2025-05-21T09:04:09Z;-2959;;607
2025-05-21T09:04:11Z;-3287;3640;681
2025-05-21T09:04:12Z;-2987;;653
2025-05-21T09:04:20Z;;3570;583
2025-05-21T09:04:22Z;;3603;616
2025-05-21T09:04:24Z;;3546;559
2025-05-21T09:04:26Z;;3619;632
2025-05-21T09:04:28Z;;3591;604
2025-05-21T09:04:33Z;;3613;626
2025-05-21T09:04:37Z;;3596;609
2025-05-21T09:04:40Z;-3124;3111;472
2025-05-21T09:04:42Z;;2901;-223
2025-05-21T09:04:43Z;;3108;-16
2025-05-21T09:04:45Z;;3475;351
2025-05-21T09:04:46Z;-3255;;220
2025-05-21T09:04:47Z;;3619;364
2025-05-21T09:04:50Z;-3412;;207
2025-05-21T09:04:52Z;;3587;175
2025-05-21T09:04:53Z;-3291;;296
2025-05-21T09:04:55Z;-2976;3272;-19
2025-05-21T09:04:57Z;;2911;-65
2025-05-21T09:05:00Z;-2533;;378
2025-05-21T09:05:01Z;;2314;-219
2025-05-21T09:05:02Z;-2067;;247
2025-05-21T09:05:05Z;;2058;-9
2025-05-21T09:05:14Z;;2105;38
2025-05-21T09:05:15Z;-2151;;-46
2025-05-21T09:05:19Z;;2405;254
2025-05-21T09:05:21Z;;2367;216
2025-05-21T09:05:22Z;-2069;;298
2025-05-21T09:05:25Z;;2092;23
2025-05-21T09:05:26Z;;2103;34
2025-05-21T09:05:28Z;-2138;;-35
2025-05-21T09:05:30Z;-2043;;60
2025-05-21T09:05:31Z;;2086;43
2025-05-21T09:05:43Z;-2090;2120;77
2025-05-21T09:05:50Z;;2507;417
2025-05-21T09:05:53Z;;2393;303
2025-05-21T09:05:54Z;-2532;;-139
2025-05-21T09:05:55Z;;2580;48
2025-05-21T09:05:58Z;-2438;;142
2025-05-21T09:05:59Z;-2391;;189
2025-05-21T09:06:01Z;;2352;-39
2025-05-21T09:06:03Z;-2133;;219
2025-05-21T09:06:06Z;;2061;-72
2025-05-21T09:06:16Z;-1794;;267
2025-05-21T09:06:41Z;-1797;;264
2025-05-21T09:06:46Z;;1785;-12
2025-05-21T09:07:26Z;-1500;;285
2025-05-21T09:07:42Z;;1493;-7
2025-05-21T09:09:40Z;;1512;12
2025-05-21T09:09:44Z;-1554;;-42
2025-05-21T09:09:45Z;-2103;1904;350
2025-05-21T09:09:47Z;;2284;181
2025-05-21T09:09:49Z;-1777;;507
2025-05-21T09:09:50Z;;2017;240
2025-05-21T09:09:52Z;;1763;-14
2025-05-21T09:09:55Z;-1499;;264
2025-05-21T09:10:03Z;;1483;-16
2025-05-21T09:11:45Z;;1506;7
2025-05-21T09:11:47Z;-1486;;20
2025-05-21T09:11:56Z;-1517;;-11
2025-05-21T09:11:59Z;;1486;-31
2025-05-21T09:12:39Z;-1200;;286
2025-05-21T09:12:50Z;;1197;-3
2025-05-21T09:14:25Z;-899;;298
2025-05-21T09:14:41Z;;896;-3
2025-05-21T09:15:03Z;;855;-44
2025-05-21T09:15:08Z;-798;;57
2025-05-21T09:20:00Z;;901;103
2025-05-21T09:20:07Z;-891;;10
2025-05-21T09:21:07Z;;1203;312
2025-05-21T09:21:18Z;-1201;;2
2025-05-21T09:22:04Z;;1500;299
2025-05-21T09:22:08Z;-1501;;-1
2025-05-21T09:22:10Z;-1851;;-351
2025-05-21T09:22:11Z;;2161;310
2025-05-21T09:22:12Z;-3199;;-1038
2025-05-21T09:22:13Z;;2975;-224
2025-05-21T09:22:15Z;;3289;90
2025-05-21T09:22:16Z;;2804;-395
2025-05-21T09:22:18Z;;2323;-876
2025-05-21T09:22:19Z;-2913;;-590
2025-05-21T09:22:21Z;-2396;;-73
2025-05-21T09:22:23Z;-1734;;589
2025-05-21T09:22:24Z;-1843;;480
2025-05-21T09:22:26Z;;1938;95
2025-05-21T09:22:27Z;;1742;-101
2025-05-21T09:22:29Z;;1876;33
2025-05-21T09:22:31Z;;1786;-57
2025-05-21T09:22:38Z;-1505;;281
2025-05-21T09:22:44Z;-1496;;290
2025-05-21T09:22:56Z;;1811;315
2025-05-21T09:22:58Z;;1758;262
2025-05-21T09:23:01Z;-1493;;265
2025-05-21T09:23:02Z;;1484;-9
2025-05-21T09:23:17Z;-1205;;279
2025-05-21T09:23:25Z;;1198;-7
2025-05-21T09:23:37Z;1042;;2240
2025-05-21T09:23:38Z;-584;;614
2025-05-21T09:23:41Z;-824;;374
2025-05-21T09:23:42Z;-1032;;166
2025-05-21T09:24:19Z;;1204;172
2025-05-21T09:24:33Z;;1560;528
2025-05-21T09:24:34Z;-1499;;61
2025-05-21T09:24:36Z;-1482;;78
2025-05-21T09:24:38Z;;1432;-50
2025-05-21T09:24:40Z;-1210;;222
2025-05-21T09:24:49Z;;1198;-12
2025-05-21T09:25:57Z;;1201;-9
2025-05-21T09:26:04Z;;1199;-11
2025-05-21T09:26:06Z;;1204;-6
2025-05-21T09:26:09Z;;1187;-23
2025-05-21T09:27:41Z;;1215;5
2025-05-21T09:27:43Z;-1145;;70
2025-05-21T09:27:46Z;;2458;1313
2025-05-21T09:27:48Z;-3323;;-865
2025-05-21T09:27:49Z;;3362;39
2025-05-21T09:27:50Z;-2768;;594
2025-05-21T09:27:51Z;-2661;3197;701
2025-05-21T09:27:53Z;-1968;2936;275
2025-05-21T09:27:55Z;;2485;517
2025-05-21T09:27:56Z;;2259;291
2025-05-21T09:27:57Z;-1674;;585
2025-05-21T09:27:58Z;;1956;282
2025-05-21T09:28:00Z;;1768;94
2025-05-21T09:28:01Z;-1504;;264
2025-05-21T09:28:02Z;-1335;1437;-67
2025-05-21T09:28:05Z;;1196;-139
2025-05-21T09:28:20Z;;1204;-131
2025-05-21T09:28:35Z;-1255;;-51
2025-05-21T09:28:38Z;;1504;249
2025-05-21T09:28:40Z;-1524;;-20
2025-05-21T09:28:44Z;-1495;;9
2025-05-21T09:28:47Z;-1545;;-41
2025-05-21T09:28:49Z;;1875;330
2025-05-21T09:28:50Z;-1812;;63
2025-05-21T09:28:51Z;-2377;;-502
2025-05-21T09:28:52Z;-2768;;-893
2025-05-21T09:28:54Z;-3175;2164;-1300
2025-05-21T09:28:55Z;-3477;;-1313
2025-05-21T09:28:57Z;;2831;-646
2025-05-21T09:28:59Z;;3111;-366
2025-05-21T09:29:00Z;;3631;154
2025-05-21T09:29:01Z;-3078;;553
2025-05-21T09:29:02Z;-3432;;199
2025-05-21T09:29:03Z;;3465;33
2025-05-21T09:29:04Z;;3286;-146
2025-05-21T09:29:06Z;;3629;197
2025-05-21T09:29:26Z;;3488;56
2025-05-21T09:29:28Z;;3656;224
2025-05-21T09:29:31Z;-3264;;392
2025-05-21T09:29:33Z;-3220;3434;436
2025-05-21T09:29:35Z;-3198;3696;476
2025-05-21T09:29:37Z;;3422;224
2025-05-21T09:29:38Z;;3100;-98
2025-05-21T09:29:40Z;;2220;-978
2025-05-21T09:29:42Z;-2672;;-452
2025-05-21T09:29:43Z;-2160;;60
2025-05-21T09:29:44Z;;2430;270
2025-05-21T09:29:46Z;;2253;93
2025-05-21T09:29:47Z;-2145;;108
2025-05-21T09:29:48Z;-2140;2060;-85
2025-05-21T09:29:49Z;;2103;-37
2025-05-21T09:29:51Z;;2723;583
2025-05-21T09:29:52Z;-1823;;900
2025-05-21T09:29:53Z;;3197;1374
2025-05-21T09:29:54Z;-1913;;1284
2025-05-21T09:29:55Z;-2338;;859
2025-05-21T09:29:56Z;-2816;;381
2025-05-21T09:29:57Z;-3257;;-60
2025-05-21T09:29:59Z;-3409;;-212
2025-05-21T09:30:01Z;-3455;;-258
2025-05-21T09:30:04Z;-3246;;-49
2025-05-21T09:30:05Z;-2952;;245
2025-05-21T09:30:09Z;-2948;3540;592
2025-05-21T09:30:10Z;-3059;;481
2025-05-21T09:30:12Z;;3772;713
2025-05-21T09:30:13Z;;3471;412
2025-05-21T09:30:15Z;;3471;412
2025-05-21T09:30:16Z;;3753;694
2025-05-21T09:30:18Z;-3407;;346
2025-05-21T09:30:19Z;-3247;3334;-73
2025-05-21T09:30:20Z;;3002;-245
2025-05-21T09:30:21Z;-3343;;-341
2025-05-21T09:30:22Z;;2760;-583
2025-05-21T09:30:24Z;;3092;-251
2025-05-21T09:30:26Z;;3688;345
2025-05-21T09:30:28Z;;3480;137
2025-05-21T09:30:30Z;;3680;337
2025-05-21T09:30:54Z;-3276;;404
2025-05-21T09:30:56Z;;3370;94
2025-05-21T09:30:58Z;;3600;324
2025-05-21T09:30:59Z;-3395;;205
2025-05-21T09:31:02Z;;3598;203
2025-05-21T09:31:06Z;-2397;3082;1201
2025-05-21T09:31:07Z;;2702;305
2025-05-21T09:31:08Z;-2371;;331
2025-05-21T09:31:09Z;-2111;2549;178
2025-05-21T09:31:13Z;-1694;;855
2025-05-21T09:31:15Z;;2230;536
2025-05-21T09:31:17Z;;2064;370
2025-05-21T09:31:19Z;;1774;80
2025-05-21T09:31:20Z;-1470;;304
2025-05-21T09:31:31Z;;1498;28
2025-05-21T09:31:48Z;-1199;;299
2025-05-21T09:32:27Z;-1194;;304
2025-05-21T09:32:28Z;;1515;321
2025-05-21T09:32:29Z;-1785;;-270
2025-05-21T09:32:30Z;;1868;83
2025-05-21T09:32:31Z;-3358;2180;-1490
2025-05-21T09:32:35Z;;3348;-10
2025-05-21T09:32:37Z;;3658;300
2025-05-21T09:33:23Z;;3587;229
2025-05-21T09:33:25Z;-3263;;324
2025-05-21T09:33:31Z;-3367;;220
2025-05-21T09:33:34Z;;3638;271
2025-05-21T09:33:36Z;;3594;227
2025-05-21T09:33:37Z;;3620;253
2025-05-21T09:33:44Z;;3539;172
2025-05-21T09:33:45Z;-3297;;242
2025-05-21T09:33:47Z;;2575;-722
2025-05-21T09:33:49Z;;2137;-1160
2025-05-21T09:33:51Z;;1995;-1302
2025-05-21T09:33:52Z;-2781;1622;-1675
2025-05-21T09:33:56Z;-2114;;-492
2025-05-21T09:33:58Z;-1783;;-161
2025-05-21T09:34:00Z;;1809;26
2025-05-21T09:34:02Z;;1762;-21
2025-05-21T09:34:06Z;-1406;;356
2025-05-21T09:34:07Z;-1566;;196
2025-05-21T09:34:09Z;-1530;;232
2025-05-21T09:34:10Z;;1494;-36
2025-05-21T09:34:13Z;-1431;;63
2025-05-21T09:34:14Z;-1172;;322
2025-05-21T09:34:15Z;;1194;22
2025-05-21T09:34:29Z;-894;;300
2025-05-21T09:35:31Z;-900;;294
2025-05-21T09:35:43Z;;1204;304
2025-05-21T09:35:49Z;-1321;;-117
2025-05-21T09:35:51Z;-1712;;-508
2025-05-21T09:35:52Z;;1608;-104
2025-05-21T09:35:54Z;;2066;354
2025-05-21T09:35:55Z;;1744;32
2025-05-21T09:35:58Z;-1602;1274;-438
2025-05-21T09:35:59Z;-1446;;-172
2025-05-21T09:36:00Z;;1187;-259
2025-05-21T09:36:01Z;-1059;;128
2025-05-21T09:36:12Z;;1237;178
2025-05-21T09:36:13Z;-1277;;-40
2025-05-21T09:36:14Z;-1539;1521;-302
2025-05-21T09:36:16Z;-2658;;-1137
2025-05-21T09:36:17Z;-3126;;-1605
2025-05-21T09:36:18Z;-2703;;-1182
2025-05-21T09:36:20Z;-3058;;-1537
2025-05-21T09:36:28Z;-3269;;-1748
2025-05-21T09:36:32Z;-3317;;-1796
2025-05-21T09:36:37Z;-2971;;-1450
2025-05-21T09:36:38Z;-2465;;-944
2025-05-21T09:36:39Z;-2255;;-734
2025-05-21T09:36:41Z;-2732;;-1211
2025-05-21T09:36:43Z;-3104;;-1583
2025-05-21T09:36:47Z;-3323;;-1802
2025-05-21T09:37:42Z;-3293;;-1772
2025-05-21T09:37:44Z;-3304;;-1783
2025-05-21T09:38:28Z;;3606;302
2025-05-21T09:38:35Z;;3562;258
2025-05-21T09:38:37Z;-3197;3265;-39
2025-05-21T09:38:38Z;-2770;;495
2025-05-21T09:38:39Z;-2425;;840
2025-05-21T09:38:40Z;;2853;428
2025-05-21T09:38:42Z;-2393;2446;21
2025-05-21T09:38:45Z;-2354;;92
2025-05-21T09:38:47Z;;2313;-41
2025-05-21T09:38:49Z;;2585;231
2025-05-21T09:38:51Z;;2752;398
2025-05-21T09:38:52Z;-1805;;947
2025-05-21T09:38:53Z;;2426;621
2025-05-21T09:38:54Z;;2203;398
2025-05-21T09:38:56Z;-1485;2092;718
2025-05-21T09:38:58Z;;1722;237
2025-05-21T09:39:00Z;-1541;1430;-55
2025-05-21T09:39:01Z;-1418;;12
2025-05-21T09:39:28Z;-1201;;229
2025-05-21T09:39:39Z;;1512;311
2025-05-21T09:39:41Z;;1457;256
2025-05-21T09:40:23Z;;1508;307
2025-05-21T09:40:26Z;-1405;;103
2025-05-21T09:40:27Z;;1867;462
2025-05-21T09:40:29Z;-1907;;-40
2025-05-21T09:40:30Z;;2101;194
2025-05-21T09:40:31Z;-1961;;140
2025-05-21T09:40:33Z;;2095;134
2025-05-21T09:40:35Z;;2118;157
2025-05-21T09:40:36Z;-2351;;-233
2025-05-21T09:40:37Z;;2976;625
2025-05-21T09:40:38Z;;3446;1095
2025-05-21T09:40:40Z;;3678;1327
2025-05-21T09:40:59Z;-3085;3479;1128
2025-05-21T09:41:00Z;;3139;54
2025-05-21T09:41:02Z;;2921;-164
2025-05-21T09:41:03Z;-2743;;178
2025-05-21T09:41:04Z;-2523;;398
2025-05-21T09:41:05Z;-2026;;895
2025-05-21T09:41:07Z;;2662;636
2025-05-21T09:41:08Z;;2064;38
2025-05-21T09:41:10Z;-2662;2178;152
2025-05-21T09:41:12Z;;2452;-210
2025-05-21T09:41:14Z;;3104;442
2025-05-21T09:41:16Z;;2983;321
2025-05-21T09:41:18Z;;2677;15
2025-05-21T09:41:19Z;;2807;145
2025-05-21T09:41:21Z;;2618;-44
2025-05-21T09:41:22Z;-2059;;559
2025-05-21T09:41:25Z;-1895;2353;723
2025-05-21T09:41:26Z;-2411;;-58
2025-05-21T09:41:27Z;;2036;-375
2025-05-21T09:41:28Z;;2147;-264
2025-05-21T09:41:30Z;;2806;395
2025-05-21T09:41:31Z;-2399;;-252
2025-05-21T09:41:33Z;-1817;2668;269
2025-05-21T09:41:35Z;;2249;432
2025-05-21T09:41:36Z;;1953;136
2025-05-21T09:41:38Z;;1757;-60
2025-05-21T09:41:40Z;;1806;-11
2025-05-21T09:41:41Z;-1787;;19
2025-05-21T09:41:42Z;;1724;-63
2025-05-21T09:41:43Z;-2046;1851;-322
2025-05-21T09:41:45Z;-3319;;-1468
2025-05-21T09:41:47Z;;2130;-1189
2025-05-21T09:41:49Z;;2488;-831
2025-05-21T09:41:50Z;-3108;3640;-620
2025-05-21T09:41:53Z;-3374;3640;266
2025-05-21T09:41:55Z;;3284;-90
2025-05-21T09:41:57Z;;3573;199
2025-05-21T09:41:58Z;;3643;269
2025-05-21T09:42:17Z;-3146;3491;117
2025-05-21T09:42:19Z;;3625;479
2025-05-21T09:42:22Z;-3371;;254
2025-05-21T09:42:29Z;-3354;;271
2025-05-21T09:42:31Z;-2045;3479;125
2025-05-21T09:42:33Z;-1811;;1668
2025-05-21T09:42:35Z;;2708;897
2025-05-21T09:42:36Z;;2044;233
2025-05-21T09:42:38Z;;1766;-45
2025-05-21T09:42:42Z;-1522;;244
2025-05-21T09:42:43Z;-1489;;277
2025-05-21T09:42:45Z;-1501;;265
2025-05-21T09:43:01Z;-1504;;262
2025-05-21T09:43:13Z;;1815;311
2025-05-21T09:43:16Z;-1840;;-25
2025-05-21T09:43:17Z;-2228;;-413
2025-05-21T09:43:18Z;;2177;-51
2025-05-21T09:43:19Z;-2646;;-469
2025-05-21T09:43:20Z;-2702;2652;6
2025-05-21T09:43:22Z;;2889;187
2025-05-21T09:43:23Z;-3090;;-201
2025-05-21T09:43:24Z;;3105;15
2025-05-21T09:43:26Z;-2947;;158
2025-05-21T09:43:27Z;-3207;;-102
2025-05-21T09:43:29Z;;3341;134
2025-05-21T09:43:31Z;;3255;48
2025-05-21T09:43:32Z;;3546;339
2025-05-21T09:43:34Z;;3199;-8
2025-05-21T09:43:35Z;;3392;185
2025-05-21T09:43:37Z;-3399;3192;-7
2025-05-21T09:43:39Z;;3486;87
2025-05-21T09:43:41Z;;3150;-249
2025-05-21T09:43:42Z;;2958;-441
2025-05-21T09:43:44Z;-3011;2594;-53
2025-05-21T09:43:45Z;-2955;;-361
2025-05-21T09:43:46Z;-3094;;-500
2025-05-21T09:43:47Z;-3405;;-811
2025-05-21T09:43:49Z;-3169;;-575
2025-05-21T09:43:50Z;-2902;2325;-308
2025-05-21T09:43:51Z;-2617;;-292
2025-05-21T09:43:52Z;-2322;2093;-524
2025-05-21T09:43:54Z;-2093;2113;0
2025-05-21T09:43:56Z;;2050;-43
2025-05-21T09:44:17Z;;2076;-17
2025-05-21T09:44:20Z;-2173;2904;811
2025-05-21T09:44:21Z;-2459;;445
2025-05-21T09:44:22Z;-3209;;-305
2025-05-21T09:44:23Z;;3472;263
2025-05-21T09:44:25Z;-3241;;231
2025-05-21T09:44:26Z;-2733;3050;-191
2025-05-21T09:44:27Z;;2367;-366
2025-05-21T09:44:29Z;-2415;;-48
2025-05-21T09:44:30Z;;1983;-432
2025-05-21T09:44:33Z;-2115;;-132
2025-05-21T09:44:55Z;-1729;;254
2025-05-21T09:44:58Z;;1768;39
2025-05-21T09:45:03Z;;1687;-42
2025-05-21T09:45:06Z;-1491;;196
2025-05-21T09:45:09Z;-1560;;127
2025-05-21T09:45:13Z;;1494;-66
2025-05-21T09:46:34Z;;1501;-59
2025-05-21T09:46:36Z;-1578;;-77
2025-05-21T09:46:38Z;-2003;;-502
2025-05-21T09:46:39Z;;1831;-172
2025-05-21T09:46:44Z;;1747;-256
2025-05-21T09:46:46Z;;1836;-167
2025-05-21T09:46:47Z;;1659;-344
2025-05-21T09:46:48Z;-1478;;181
2025-05-21T09:46:49Z;;1484;6
2025-05-21T09:47:51Z;-1202;;282
2025-05-21T09:48:38Z;-1199;;285
2025-05-21T09:48:55Z;;1505;306
2025-05-21T09:48:56Z;;1425;226
2025-05-21T09:49:12Z;;1551;352
2025-05-21T09:49:14Z;;1857;658
2025-05-21T09:49:16Z;-1794;;63
2025-05-21T09:49:19Z;;1771;-23
2025-05-21T09:49:20Z;-1668;;103
2025-05-21T09:49:22Z;;1365;-303
2025-05-21T09:49:26Z;;1189;-479
2025-05-21T09:50:17Z;-896;;293
2025-05-21T09:50:31Z;;899;3
2025-05-21T09:52:12Z;;904;8
2025-05-21T09:52:35Z;-897;;7
2025-05-21T09:53:22Z;;1211;314
2025-05-21T09:53:24Z;-1186;;25
2025-05-21T09:53:28Z;-1817;1717;531
2025-05-21T09:53:30Z;-2178;;-461
2025-05-21T09:53:32Z;-2784;;-1067
2025-05-21T09:53:33Z;-3533;;-1816
2025-05-21T09:53:34Z;-3267;;-1550
2025-05-21T09:53:36Z;-3515;;-1798
2025-05-21T09:54:11Z;-2896;;-1179
2025-05-21T09:54:13Z;-2333;;-616
2025-05-21T09:54:19Z;-1647;;70
2025-05-21T09:54:40Z;-1891;;-174
2025-05-21T09:54:49Z;-2272;;-555
2025-05-21T09:54:51Z;-3549;;-1832
2025-05-21T09:55:20Z;-3086;;-1369
2025-05-21T09:55:21Z;-2476;;-759
2025-05-21T09:55:23Z;-1681;;36
2025-05-21T09:55:31Z;-1478;;239
2025-05-21T09:55:36Z;-1383;;334
2025-05-21T09:56:06Z;-1199;;518
2025-05-21T09:57:23Z;;1509;310
2025-05-21T09:57:26Z;-1489;;20
2025-05-21T09:57:29Z;-1651;;-142
2025-05-21T09:57:30Z;;1996;345
2025-05-21T09:57:31Z;-2071;;-75
2025-05-21T09:57:32Z;-2523;;-527
2025-05-21T09:57:33Z;-3175;;-1179
2025-05-21T09:57:35Z;-3461;;-1465
2025-05-21T09:57:43Z;-3064;;-1068
2025-05-21T09:57:45Z;-2312;;-316
2025-05-21T09:57:46Z;-1883;;113
2025-05-21T09:57:47Z;-1631;;365
2025-05-21T09:57:49Z;-1482;;514
2025-05-21T10:00:03Z;;1101;-381
2025-05-21T10:00:06Z;-1053;;48
2025-05-21T10:00:59Z;;1201;148
2025-05-21T10:01:18Z;;1579;526
2025-05-21T10:01:22Z;-1484;;95
2025-05-21T10:01:23Z;-1612;;-33
2025-05-21T10:01:24Z;;2222;610
2025-05-21T10:01:25Z;-1972;;250
2025-05-21T10:01:26Z;-2218;1876;-342
2025-05-21T10:01:28Z;;1754;-464
2025-05-21T10:01:31Z;-1749;1884;-334
2025-05-21T10:01:32Z;-2183;2435;686
2025-05-21T10:01:35Z;-3425;;-990
2025-05-21T10:01:36Z;;3066;-359
2025-05-21T10:01:37Z;;3630;205
2025-05-21T10:01:39Z;;3595;170
2025-05-21T10:01:41Z;;3610;185
2025-05-21T10:01:45Z;-2826;3256;-169
2025-05-21T10:01:47Z;;2912;86
2025-05-21T10:01:48Z;;3038;212
2025-05-21T10:01:50Z;;2723;-103
2025-05-21T10:01:52Z;-2732;;-9
2025-05-21T10:01:53Z;-2124;;599
2025-05-21T10:01:54Z;;2638;514
2025-05-21T10:01:55Z;;2101;-23
2025-05-21T10:01:57Z;;2546;422
2025-05-21T10:01:59Z;;2546;422
2025-05-21T10:02:01Z;-2234;2224;-10
2025-05-21T10:02:04Z;-1772;;452
2025-05-21T10:02:05Z;-2856;2334;-632
2025-05-21T10:02:07Z;;3401;545
2025-05-21T10:02:09Z;;3721;865
2025-05-21T10:02:11Z;;3580;724
2025-05-21T10:02:12Z;;3281;425
2025-05-21T10:02:14Z;-3557;2490;-366
2025-05-21T10:02:16Z;-3268;;-778
2025-05-21T10:02:17Z;-3125;;-635
2025-05-21T10:02:18Z;;2254;-871
2025-05-21T10:02:19Z;-2324;;-70
2025-05-21T10:02:20Z;;2686;362
2025-05-21T10:02:21Z;;2748;277
2025-05-21T10:02:22Z;-2471;;215
2025-05-21T10:02:23Z;;2690;219
2025-05-21T10:02:25Z;;2949;478
2025-05-21T10:02:26Z;-2272;;677
2025-05-21T10:02:27Z;;2637;365
2025-05-21T10:02:28Z;-2529;;108
2025-05-21T10:02:30Z;-2218;2192;-337
2025-05-21T10:02:31Z;-2015;;177
2025-05-21T10:02:32Z;;2049;34
2025-05-21T10:02:33Z;;2114;99
2025-05-21T10:02:35Z;-2183;2752;-69
2025-05-21T10:02:36Z;-2224;;528
2025-05-21T10:02:37Z;-3113;;-361
2025-05-21T10:02:38Z;-3576;;-824
2025-05-21T10:02:39Z;;3550;-26
2025-05-21T10:02:40Z;-2976;;574
2025-05-21T10:02:41Z;-3264;;286
2025-05-21T10:02:42Z;-2390;3738;474
2025-05-21T10:02:43Z;;3254;864
2025-05-21T10:02:45Z;;3357;967
2025-05-21T10:02:47Z;-2098;;1259
2025-05-21T10:02:48Z;;2944;846
2025-05-21T10:02:49Z;-1750;;1194
2025-05-21T10:02:50Z;-2371;;573
2025-05-21T10:02:51Z;-3309;;-365
2025-05-21T10:02:52Z;;2006;-1303
2025-05-21T10:02:54Z;;1787;-1522
2025-05-21T10:02:55Z;-3195;;-1408
2025-05-21T10:02:57Z;;1841;-1354
2025-05-21T10:02:59Z;;2188;-1007
2025-05-21T10:03:00Z;;2790;-405
2025-05-21T10:03:02Z;;3649;454
2025-05-21T10:03:04Z;-2067;;1582
2025-05-21T10:03:05Z;-1840;;1809
2025-05-21T10:03:06Z;;2556;716
2025-05-21T10:03:08Z;;2556;716
2025-05-21T10:03:09Z;;2328;488
2025-05-21T10:03:11Z;;2081;241
2025-05-21T10:03:13Z;;1789;-51
2025-05-21T10:03:15Z;;1802;-38
2025-05-21T10:03:17Z;;1760;-80
2025-05-21T10:03:35Z;;1823;-17
2025-05-21T10:03:37Z;;2055;215
2025-05-21T10:03:39Z;-1782;2600;273
2025-05-21T10:03:41Z;;3096;1314
2025-05-21T10:03:43Z;-2817;3453;1671
2025-05-21T10:03:44Z;;3605;788
2025-05-21T10:03:46Z;;3556;739
2025-05-21T10:03:47Z;-3219;;337
2025-05-21T10:03:48Z;-3441;3285;66
2025-05-21T10:03:50Z;-3447;2995;-162
2025-05-21T10:03:52Z;;3043;-404
2025-05-21T10:03:53Z;;2515;-932
2025-05-21T10:03:55Z;;2203;-1244
2025-05-21T10:03:57Z;;2510;-937
2025-05-21T10:03:58Z;;2741;-706
2025-05-21T10:04:00Z;;3084;-363
2025-05-21T10:04:02Z;;2996;-451
2025-05-21T10:04:03Z;;3090;-357
2025-05-21T10:04:04Z;-2161;;929
2025-05-21T10:04:06Z;-2563;;527
2025-05-21T10:04:07Z;;2616;53
2025-05-21T10:04:09Z;;3414;851
2025-05-21T10:04:10Z;-2663;3656;751
2025-05-21T10:04:11Z;-2484;;1172
2025-05-21T10:04:13Z;-3494;3559;162
2025-05-21T10:04:15Z;;3252;-242
2025-05-21T10:04:16Z;;3302;-192
2025-05-21T10:04:17Z;-3471;;-169
2025-05-21T10:04:19Z;-2939;3659;188
2025-05-21T10:04:20Z;-2733;2813;926
2025-05-21T10:04:22Z;;2646;-87
2025-05-21T10:04:24Z;-1719;1977;927
2025-05-21T10:04:25Z;-1783;;194
2025-05-21T10:04:26Z;-2334;1795;-357
2025-05-21T10:04:28Z;;1834;-500
2025-05-21T10:04:29Z;;2543;209
2025-05-21T10:04:31Z;-2379;;164
2025-05-21T10:04:32Z;;2771;392
2025-05-21T10:04:34Z;;2657;278
2025-05-21T10:04:35Z;-1698;;959
2025-05-21T10:04:36Z;;2227;529
2025-05-21T10:04:38Z;;1995;297
2025-05-21T10:04:39Z;;1760;62
2025-05-21T10:04:41Z;;1805;107
2025-05-21T10:04:43Z;;2115;417
2025-05-21T10:04:44Z;-1959;;156
2025-05-21T10:04:46Z;;2027;68
2025-05-21T10:04:48Z;-2917;2102;143
2025-05-21T10:04:49Z;-2198;;-96
2025-05-21T10:04:50Z;;2446;248
2025-05-21T10:04:51Z;-1708;;738
2025-05-21T10:04:54Z;;3179;1471
2025-05-21T10:04:56Z;;2672;964
2025-05-21T10:04:57Z;;1885;177
2025-05-21T10:04:59Z;;1730;22
2025-05-21T10:05:00Z;-2209;;-479
2025-05-21T10:05:01Z;;1870;-339
2025-05-21T10:05:03Z;;2587;378
2025-05-21T10:05:04Z;;3062;853
2025-05-21T10:05:06Z;;3490;1281
2025-05-21T10:05:07Z;-2826;;664
2025-05-21T10:05:08Z;-3251;3632;239
2025-05-21T10:05:10Z;;3598;347
2025-05-21T10:05:12Z;-3434;;164
2025-05-21T10:05:13Z;-3295;;303
2025-05-21T10:05:15Z;-3310;3272;288
2025-05-21T10:05:17Z;-2841;2846;-464
2025-05-21T10:05:18Z;-2664;;182
2025-05-21T10:05:20Z;-2747;;99
2025-05-21T10:05:22Z;-2914;;-68
2025-05-21T10:05:23Z;;3545;631
2025-05-21T10:05:24Z;-3011;;534
2025-05-21T10:05:25Z;-2837;3531;708
2025-05-21T10:05:27Z;;3531;694
2025-05-21T10:05:28Z;;3115;278
2025-05-21T10:05:30Z;-2532;;583
2025-05-21T10:05:31Z;;2724;192
2025-05-21T10:05:33Z;;2687;155
2025-05-21T10:05:34Z;;2392;-140
2025-05-21T10:05:35Z;-1651;;741
2025-05-21T10:05:36Z;;2413;762
2025-05-21T10:05:38Z;;1940;289
2025-05-21T10:05:39Z;-1479;;461
2025-05-21T10:05:40Z;;1669;190
2025-05-21T10:05:41Z;;1483;4
2025-05-21T10:06:16Z;-1190;;293
2025-05-21T10:06:22Z;;1193;3
2025-05-21T10:09:46Z;;1206;16
2025-05-21T10:10:02Z;-1196;;10
2025-05-21T10:10:04Z;-1192;;14
2025-05-21T10:10:06Z;-1193;;13
2025-05-21T10:10:51Z;;1504;311
2025-05-21T10:11:00Z;-1497;;7
2025-05-21T10:11:15Z;;1835;338
2025-05-21T10:11:16Z;-1859;;-24
2025-05-21T10:11:18Z;-2028;2111;252
2025-05-21T10:11:20Z;;2605;577
2025-05-21T10:11:22Z;-2425;;180
2025-05-21T10:11:23Z;-2660;;-55
2025-05-21T10:11:24Z;-2698;;-93
2025-05-21T10:11:25Z;;2792;94
2025-05-21T10:11:27Z;-2274;2615;518
2025-05-21T10:11:29Z;;2303;29
2025-05-21T10:11:31Z;;2021;-253
2025-05-21T10:11:33Z;;1797;-477
2025-05-21T10:11:34Z;-2195;;-398
2025-05-21T10:11:35Z;-1799;;-2
2025-05-21T10:11:38Z;;1821;22
2025-05-21T10:11:42Z;-1789;;32
2025-05-21T10:11:44Z;-1910;;-89
2025-05-21T10:11:45Z;;2265;355
2025-05-21T10:11:46Z;-2391;;-126
2025-05-21T10:11:47Z;;2716;325
2025-05-21T10:11:48Z;-3639;;-923
2025-05-21T10:11:49Z;;3722;83
2025-05-21T10:11:58Z;-3569;;153
2025-05-21T10:11:59Z;;3520;-49
2025-05-21T10:12:00Z;-3181;;339
2025-05-21T10:12:01Z;;3198;17
2025-05-21T10:12:03Z;;2755;-426
2025-05-21T10:12:05Z;;2537;-644
2025-05-21T10:12:07Z;-2799;;-262
2025-05-21T10:12:08Z;-2439;2751;98
2025-05-21T10:12:10Z;;3356;917
2025-05-21T10:12:12Z;;3356;917
2025-05-21T10:12:13Z;;3288;849
2025-05-21T10:12:15Z;-2752;;536
2025-05-21T10:12:16Z;-3014;;274
2025-05-21T10:12:17Z;;3528;514
2025-05-21T10:12:19Z;;3086;72
2025-05-21T10:12:20Z;-3411;;-325
2025-05-21T10:12:21Z;-3150;2822;-64
2025-05-21T10:12:23Z;;2601;-549
2025-05-21T10:12:25Z;;2257;-893
2025-05-21T10:12:27Z;;1959;-1191
2025-05-21T10:12:28Z;-3411;;-1452
2025-05-21T10:12:29Z;-3298;1793;-1339
2025-05-21T10:12:30Z;-2798;;-1005
2025-05-21T10:12:32Z;-2593;;-800
2025-05-21T10:12:33Z;-2297;;-504
2025-05-21T10:12:34Z;-1945;;-152
2025-05-21T10:13:22Z;;1808;-137
2025-05-21T10:13:26Z;-1443;;365
2025-05-21T10:13:27Z;-1804;;4
2025-05-21T10:13:28Z;-1743;;65
2025-05-21T10:13:34Z;-2037;2139;-229
2025-05-21T10:13:38Z;-2509;2473;-370
2025-05-21T10:13:40Z;;2714;205
2025-05-21T10:13:42Z;-2603;;111
2025-05-21T10:13:43Z;-2624;3082;90
2025-05-21T10:13:45Z;-2930;;152
2025-05-21T10:13:46Z;;2846;-84
2025-05-21T10:13:48Z;;2651;-279
2025-05-21T10:13:50Z;;2732;-198
2025-05-21T10:13:52Z;;3028;98
2025-05-21T10:13:53Z;-2701;;327
2025-05-21T10:13:54Z;-3121;;-93
2025-05-21T10:13:55Z;;3336;215
2025-05-21T10:13:56Z;-3363;;-27
2025-05-21T10:13:58Z;-2758;;578
2025-05-21T10:14:07Z;-2127;;1209
2025-05-21T10:14:22Z;-1805;;1531
2025-05-21T10:14:45Z;-1872;;1464
2025-05-21T10:14:49Z;-1821;;1515
2025-05-21T10:15:07Z;-1589;;1747
2025-05-21T10:15:30Z;-1498;;1838
2025-05-21T10:15:31Z;-1501;;1835
2025-05-21T10:15:33Z;-1499;;1837
2025-05-21T10:16:06Z;-1487;;1849
2025-05-21T10:16:15Z;-1491;;1845
2025-05-21T10:16:17Z;-1508;;1828
2025-05-21T10:16:41Z;;1821;313
2025-05-21T10:16:43Z;-1934;;-113
2025-05-21T10:16:44Z;;2207;273
2025-05-21T10:16:45Z;-2101;;106
2025-05-21T10:16:49Z;;2467;366
2025-05-21T10:16:50Z;-2538;;-71
2025-05-21T10:16:51Z;;2715;177
2025-05-21T10:16:52Z;-2752;;-37
2025-05-21T10:16:53Z;;3000;248
2025-05-21T10:16:54Z;-3494;;-494
2025-05-21T10:16:55Z;;3353;-141
2025-05-21T10:16:57Z;;3645;151
2025-05-21T10:16:58Z;-3603;;42
2025-05-21T10:17:02Z;-3594;;51
2025-05-21T10:17:37Z;;3574;-20
2025-05-21T10:17:39Z;;3613;19
2025-05-21T10:19:12Z;;3594;0
2025-05-21T10:19:14Z;-3146;3244;448
2025-05-21T10:19:16Z;-2996;;248
2025-05-21T10:19:17Z;-3133;;111
2025-05-21T10:19:18Z;;3377;244
2025-05-21T10:19:20Z;-3405;;-28
2025-05-21T10:19:23Z;;3620;215
2025-05-21T10:19:25Z;;3585;180
2025-05-21T10:19:37Z;;3611;206
2025-05-21T10:19:51Z;;3598;193
2025-05-21T10:19:58Z;;3602;197
2025-05-21T10:19:59Z;-3290;;312
2025-05-21T10:20:03Z;-3455;;147
2025-05-21T10:20:04Z;;3591;136
2025-05-21T10:20:06Z;;3612;157
2025-05-21T10:20:07Z;;3594;139
2025-05-21T10:20:09Z;;3607;152
2025-05-21T10:20:11Z;;3597;142
2025-05-21T10:20:13Z;;3601;146
2025-05-21T10:20:15Z;;3593;138
2025-05-21T10:20:17Z;;3279;-176
2025-05-21T10:20:18Z;;2582;-873
2025-05-21T10:20:20Z;;2886;-569
2025-05-21T10:20:22Z;;3431;-24
2025-05-21T10:20:24Z;-2594;;837
2025-05-21T10:20:25Z;-2704;;727
2025-05-21T10:20:26Z;-3214;;217
2025-05-21T10:20:27Z;;3239;25
2025-05-21T10:20:29Z;;3466;252
2025-05-21T10:20:31Z;-3361;;105
2025-05-21T10:20:32Z;;3601;240
2025-05-21T10:20:33Z;-2995;;606
2025-05-21T10:20:34Z;-3244;;357
2025-05-21T10:20:36Z;;3179;-65
2025-05-21T10:20:38Z;;3179;-65
2025-05-21T10:20:39Z;;2842;-402
2025-05-21T10:20:41Z;;2132;-1112
2025-05-21T10:20:43Z;;1817;-1427
2025-05-21T10:20:45Z;-3100;1705;-1395
2025-05-21T10:20:46Z;-2227;;-522
2025-05-21T10:20:48Z;-1811;;-106
2025-05-21T10:21:26Z;;1814;3
2025-05-21T10:21:28Z;-1837;;-23
2025-05-21T10:21:43Z;-1847;;-33
2025-05-21T10:21:55Z;-1798;;16
2025-05-21T10:21:57Z;;2188;390
2025-05-21T10:21:59Z;;1987;189
2025-05-21T10:22:01Z;-2024;;-37
2025-05-21T10:22:06Z;-1810;;177
2025-05-21T10:22:10Z;-1777;;210
2025-05-21T10:22:15Z;;2178;401
2025-05-21T10:22:16Z;-2127;;51
2025-05-21T10:22:20Z;;2435;308
2025-05-21T10:22:22Z;-2093;2358;231
2025-05-21T10:22:24Z;;2083;-10
2025-05-21T10:22:27Z;;2178;85
2025-05-21T10:22:28Z;-2102;;76
2025-05-21T10:22:29Z;-2060;;118
2025-05-21T10:22:30Z;-2246;;-68
2025-05-21T10:22:31Z;;2431;185
2025-05-21T10:22:33Z;;3085;839
2025-05-21T10:22:34Z;;3587;1341
2025-05-21T10:22:35Z;-2733;;854
2025-05-21T10:22:36Z;;3617;884
2025-05-21T10:22:38Z;-3416;;201
2025-05-21T10:22:40Z;;3596;180
2025-05-21T10:22:48Z;-3290;;306
2025-05-21T10:22:50Z;;3243;410
2025-05-21T10:22:51Z;-3188;;408
2025-05-21T10:22:52Z;;3347;57
2025-05-21T10:22:53Z;-2833;;763
2025-05-21T10:22:54Z;-2505;;200
2025-05-21T10:22:56Z;-2899;2714;697
2025-05-21T10:22:57Z;-3054;;-349
2025-05-21T10:22:58Z;-3091;;-386
2025-05-21T10:22:59Z;-2550;2705;-194
2025-05-21T10:23:00Z;-2222;;483
2025-05-21T10:23:01Z;-2499;;206
2025-05-21T10:23:02Z;;2971;472
2025-05-21T10:23:03Z;;2481;-18
2025-05-21T10:23:05Z;;2357;-142
2025-05-21T10:23:06Z;;2628;129
2025-05-21T10:23:08Z;;2736;237
2025-05-21T10:23:10Z;;2522;23
2025-05-21T10:23:12Z;;2116;-383
2025-05-21T10:23:13Z;;2503;4
2025-05-21T10:23:14Z;-2378;;125
2025-05-21T10:23:15Z;;2309;-69
2025-05-21T10:23:16Z;-2460;;-151
2025-05-21T10:23:17Z;;2495;35
2025-05-21T10:23:19Z;;2258;-202
2025-05-21T10:23:20Z;-2267;;-9
2025-05-21T10:23:21Z;-2773;;-515
2025-05-21T10:23:22Z;;2580;-193
2025-05-21T10:23:23Z;;2705;-68
2025-05-21T10:23:25Z;-3061;3021;-356
2025-05-21T10:23:28Z;-2959;;62
2025-05-21T10:23:30Z;-2356;;665
2025-05-21T10:23:31Z;;2745;389
2025-05-21T10:23:32Z;;2299;-57
2025-05-21T10:23:34Z;-1990;1976;309
2025-05-21T10:23:36Z;;1723;-267
2025-05-21T10:23:38Z;;1834;-156
2025-05-21T10:23:40Z;;2426;436
2025-05-21T10:23:42Z;;2368;378
2025-05-21T10:23:44Z;;2818;828
2025-05-21T10:23:46Z;;2631;641
2025-05-21T10:23:48Z;;2706;716
2025-05-21T10:23:49Z;-1870;;836
2025-05-21T10:23:50Z;-2195;;511
2025-05-21T10:23:51Z;;3224;1029
2025-05-21T10:23:53Z;;3361;1166
2025-05-21T10:23:54Z;-2483;;878
2025-05-21T10:23:55Z;;3264;781
2025-05-21T10:23:56Z;;2650;167
2025-05-21T10:23:58Z;-2147;2961;478
2025-05-21T10:24:00Z;-2432;2663;529
2025-05-21T10:24:01Z;-2269;;394
2025-05-21T10:24:02Z;-2612;;51
2025-05-21T10:24:03Z;-2997;;-334
2025-05-21T10:24:04Z;;2807;-190
2025-05-21T10:24:06Z;;2023;-974
2025-05-21T10:24:08Z;-2750;;-727
2025-05-21T10:24:09Z;-2760;;-737
2025-05-21T10:24:10Z;;2296;-464
2025-05-21T10:24:11Z;-2631;2804;-335
2025-05-21T10:24:12Z;-2715;;89
2025-05-21T10:24:13Z;;2542;-173
2025-05-21T10:24:15Z;;2363;-352
2025-05-21T10:24:16Z;-2169;;194
2025-05-21T10:24:17Z;;2034;-135
2025-05-21T10:24:19Z;;1739;-430
2025-05-21T10:24:20Z;-1813;;-74
2025-05-21T10:24:21Z;-2184;;-445
2025-05-21T10:24:22Z;;1823;-361
2025-05-21T10:24:23Z;-2230;;-407
2025-05-21T10:24:24Z;-2811;2541;-988
2025-05-21T10:24:25Z;-2578;2962;151
2025-05-21T10:24:26Z;-2353;;609
2025-05-21T10:24:27Z;;2685;332
2025-05-21T10:24:28Z;-1867;;818
2025-05-21T10:24:29Z;;2264;397
2025-05-21T10:24:31Z;-2141;2011;144
2025-05-21T10:24:32Z;-2893;;-882
2025-05-21T10:24:33Z;-2313;;-302
2025-05-21T10:24:36Z;-1756;;255
2025-05-21T10:24:37Z;;1712;-44
2025-05-21T10:24:38Z;;1487;-269
2025-05-21T10:24:40Z;-1491;1574;-4
2025-05-21T10:24:42Z;;2367;876
2025-05-21T10:24:44Z;;2006;515
2025-05-21T10:24:46Z;-1529;2326;835
2025-05-21T10:24:47Z;;2734;1205
2025-05-21T10:24:49Z;;3194;1665
2025-05-21T10:24:51Z;;2972;1443
2025-05-21T10:24:53Z;;2611;1082
2025-05-21T10:24:55Z;-1527;;1084
2025-05-21T10:24:56Z;-1484;;1127
2025-05-21T10:24:57Z;-1584;2824;1340
2025-05-21T10:24:58Z;-2329;;495
2025-05-21T10:25:00Z;;3317;988
2025-05-21T10:25:02Z;;3317;988
2025-05-21T10:25:03Z;-1964;;1353
2025-05-21T10:25:04Z;-2128;3183;1189
2025-05-21T10:25:06Z;-3006;;177
2025-05-21T10:25:08Z;;3311;305
2025-05-21T10:25:17Z;;3292;286
2025-05-21T10:26:59Z;-2999;;293
2025-05-21T10:27:01Z;-3008;;284
2025-05-21T10:27:08Z;-2997;;295
2025-05-21T10:27:09Z;-3001;;291
2025-05-21T10:27:22Z;-2980;;312
2025-05-21T10:27:23Z;-2979;;313
2025-05-21T10:27:26Z;-2997;;295
2025-05-21T10:27:33Z;-2989;;303
2025-05-21T10:27:35Z;-2999;;293
2025-05-21T10:27:38Z;-3000;;292
2025-05-21T10:27:39Z;-2981;;311
2025-05-21T10:27:41Z;-3001;;291
2025-05-21T10:27:42Z;-2995;;297
2025-05-21T10:28:37Z;;2996;1
2025-05-21T10:28:52Z;-2842;;154
2025-05-21T10:29:13Z;-2787;;209
2025-05-21T10:29:49Z;-2758;;238
2025-05-21T10:30:03Z;;2854;96
2025-05-21T10:30:07Z;-2544;;310
2025-05-21T10:30:10Z;-2542;;312
2025-05-21T10:36:26Z;-2699;;155
2025-05-21T10:36:28Z;-2704;;150
2025-05-21T10:36:30Z;-2698;;156
2025-05-21T10:36:56Z;;2628;-70
2025-05-21T10:42:59Z;;2701;3
2025-05-21T10:43:01Z;;2697;-1
2025-05-21T10:43:03Z;;2706;8
2025-05-21T10:43:05Z;;2694;-4
2025-05-21T10:43:12Z;;2708;10
2025-05-21T10:43:15Z;;2699;1
2025-05-21T10:43:17Z;;2705;7
2025-05-21T10:43:19Z;;2687;-11
2025-05-21T10:43:53Z;;2702;4
2025-05-21T10:43:55Z;;2698;0
2025-05-21T10:44:08Z;;2729;31
2025-05-21T10:45:03Z;;2753;55
2025-05-21T10:45:07Z;-2527;;226
2025-05-21T10:45:12Z;;2698;171
2025-05-21T10:46:28Z;-2391;;307
2025-05-21T10:46:30Z;-2415;;283
2025-05-21T10:46:36Z;-2388;;310
2025-05-21T10:46:38Z;-2408;;290
2025-05-21T10:46:46Z;-2384;;314
2025-05-21T10:46:48Z;-2405;;293
2025-05-21T10:46:56Z;-2387;;311
2025-05-21T10:47:00Z;-2405;;293
2025-05-21T10:47:06Z;-2388;;310
2025-05-21T10:47:07Z;-2388;;310
2025-05-21T10:47:18Z;-2389;;309
2025-05-21T10:47:19Z;-2413;;285
2025-05-21T10:47:24Z;-2407;;291
2025-05-21T10:47:28Z;-2397;;301
2025-05-21T10:47:30Z;-2420;;278
2025-05-21T10:47:38Z;-2395;;303
2025-05-21T10:47:40Z;-2414;;284
2025-05-21T10:47:47Z;-2414;;284
2025-05-21T10:47:50Z;-2409;;289
2025-05-21T10:47:58Z;-2388;;310
2025-05-21T10:48:10Z;-2389;;309
2025-05-21T10:48:11Z;-2412;;286
2025-05-21T10:48:24Z;-2414;;284
2025-05-21T10:48:33Z;-2399;;299
2025-05-21T10:51:04Z;;2704;305
2025-05-21T10:51:06Z;;2698;299
2025-05-21T10:51:08Z;;2700;301
2025-05-21T10:51:10Z;;2695;296
2025-05-21T10:51:23Z;-2375;;320
2025-05-21T10:51:27Z;;2355;-20
2025-05-21T10:51:31Z;-2109;;246
2025-05-21T10:51:36Z;-2095;;260
2025-05-21T10:51:55Z;-2078;;277
2025-05-21T10:52:14Z;-2099;;256
2025-05-21T10:52:20Z;;2426;327
2025-05-21T10:52:32Z;;2302;203
2025-05-21T10:52:34Z;;2446;347
2025-05-21T10:52:36Z;;2365;266
2025-05-21T10:52:37Z;-2099;;266
2025-05-21T10:52:52Z;;2099;0
2025-05-21T10:52:54Z;;2330;231
2025-05-21T10:52:56Z;;2458;359
2025-05-21T10:53:02Z;;2342;243
2025-05-21T10:53:03Z;-2097;;245
2025-05-21T10:53:04Z;-2164;;178
2025-05-21T10:53:05Z;;2419;255
2025-05-21T10:53:07Z;;2383;219
2025-05-21T10:53:10Z;-2075;;308
2025-05-21T10:53:30Z;-2108;;275
2025-05-21T10:53:32Z;;2423;315
2025-05-21T10:53:47Z;-2423;;0
2025-05-21T10:53:59Z;;2709;286
2025-05-21T10:54:32Z;;2695;272
2025-05-21T10:54:39Z;;2708;285
2025-05-21T10:55:50Z;;2681;258
2025-05-21T10:56:00Z;;2702;279
2025-05-21T10:56:02Z;;2685;262
2025-05-21T10:56:09Z;;2714;291
2025-05-21T10:56:48Z;-2723;;-9
2025-05-21T10:57:25Z;-2695;;19
2025-05-21T10:57:26Z;-2703;;11
2025-05-21T10:57:36Z;-2687;;27
2025-05-21T10:57:58Z;-2735;;-21
2025-05-21T10:58:00Z;;3010;275
2025-05-21T10:58:06Z;;2997;262
2025-05-21T10:58:11Z;;3007;272
2025-05-21T10:58:17Z;;2994;259
2025-05-21T10:58:23Z;;2984;249
2025-05-21T10:58:26Z;;2990;255
2025-05-21T10:58:28Z;;3018;283
2025-05-21T10:58:36Z;;2979;244
2025-05-21T10:58:41Z;-2698;;281
2025-05-21T10:58:44Z;-2694;;285
2025-05-21T10:58:48Z;;3010;316
2025-05-21T10:58:56Z;;2999;305
2025-05-21T10:58:58Z;;3002;308
2025-05-21T10:59:08Z;;2993;299
2025-05-21T10:59:12Z;;3016;322
2025-05-21T10:59:48Z;;2955;261
2025-05-21T10:59:50Z;-2706;;249
2025-05-21T10:59:53Z;-2705;;250
2025-05-21T10:59:56Z;-2684;;271
2025-05-21T11:00:03Z;;2794;110
2025-05-21T11:00:07Z;-2630;;164
2025-05-21T11:00:10Z;-2714;;80
2025-05-21T11:00:13Z;-2694;;100
2025-05-21T11:00:27Z;-2714;;80
2025-05-21T11:00:30Z;;3004;290
2025-05-21T11:00:36Z;;2986;272
2025-05-21T11:00:39Z;-2686;;300
2025-05-21T11:01:04Z;;2659;-27
2025-05-21T11:01:08Z;-2355;;304
2025-05-21T11:01:21Z;-2400;;259
2025-05-21T11:01:37Z;-2406;;253
2025-05-21T11:01:40Z;-2408;;251
2025-05-21T11:01:48Z;-2381;;278
2025-05-21T11:01:55Z;;2375;-6
2025-05-21T11:01:59Z;;2400;19
2025-05-21T11:02:10Z;;2379;-2
2025-05-21T11:02:13Z;-2103;;276
2025-05-21T11:02:36Z;;2099;-4
2025-05-21T11:04:17Z;;2109;6
2025-05-21T11:04:20Z;;2099;-4
2025-05-21T11:04:29Z;;2107;4
2025-05-21T11:04:38Z;;2091;-12
2025-05-21T11:04:45Z;;2100;-3
2025-05-21T11:04:50Z;-2115;;-15
2025-05-21T11:05:11Z;;2094;-21
2025-05-21T11:05:29Z;-1800;;294
2025-05-21T11:05:39Z;;1787;-13
2025-05-21T11:07:36Z;;1815;15
2025-05-21T11:07:45Z;-1794;;21
2025-05-21T11:08:04Z;;2124;330
2025-05-21T11:08:06Z;-2110;;14
2025-05-21T11:08:21Z;;2405;295
2025-05-21T11:08:27Z;-2418;;-13
2025-05-21T11:08:33Z;;2745;327
2025-05-21T11:08:34Z;-2712;;33
2025-05-21T11:08:42Z;-2661;;84
2025-05-21T11:08:44Z;;2673;12
2025-05-21T11:08:49Z;-2439;;234
2025-05-21T11:08:52Z;;2384;-55
2025-05-21T11:08:56Z;;2414;-25
2025-05-21T11:09:00Z;;2386;-53
2025-05-21T11:09:09Z;-2430;2428;-11
2025-05-21T11:09:32Z;;2705;275
2025-05-21T11:09:37Z;-2699;;6
2025-05-21T11:09:41Z;;2686;-13
2025-05-21T11:09:45Z;;2705;6
2025-05-21T11:09:52Z;;2697;-2
2025-05-21T11:09:55Z;;2701;2
2025-05-21T11:10:02Z;;2664;-35
2025-05-21T11:10:17Z;;2727;28
2025-05-21T11:10:21Z;-2693;;34
2025-05-21T11:10:33Z;;3024;331
2025-05-21T11:10:38Z;;2980;287
2025-05-21T11:10:41Z;-2682;;298
2025-05-21T11:10:43Z;;2683;1
2025-05-21T11:10:56Z;;2731;49
2025-05-21T11:11:17Z;-2686;;45
2025-05-21T11:11:20Z;;2696;10
2025-05-21T11:11:28Z;;2710;24
2025-05-21T11:11:29Z;-2715;;-5
2025-05-21T11:11:51Z;-2956;3023;308
2025-05-21T11:12:04Z;;3331;375
2025-05-21T11:12:06Z;;3273;317
2025-05-21T11:12:09Z;-2986;;287
2025-05-21T11:12:12Z;;2910;-76
2025-05-21T11:12:16Z;;3003;17
2025-05-21T11:12:17Z;-2844;;159
2025-05-21T11:12:18Z;;2941;97
2025-05-21T11:12:20Z;-2413;;528
2025-05-21T11:12:21Z;;2405;-8
2025-05-21T11:12:24Z;-2291;;114
2025-05-21T11:12:26Z;-2392;;13
2025-05-21T11:12:27Z;-2490;;-85
2025-05-21T11:12:30Z;-2712;;-307
2025-05-21T11:12:31Z;;2854;142
2025-05-21T11:12:44Z;;3019;307
2025-05-21T11:12:55Z;-2956;;63
2025-05-21T11:12:59Z;;2981;25
2025-05-21T11:13:44Z;-2680;;301
2025-05-21T11:13:53Z;-2706;;275
2025-05-21T11:14:24Z;-2691;;290
2025-05-21T11:14:28Z;-2724;;257
2025-05-21T11:14:39Z;;3000;276
2025-05-21T11:14:41Z;;2989;265
2025-05-21T11:14:46Z;;3009;285
2025-05-21T11:14:55Z;;2998;274
2025-05-21T11:14:57Z;;3004;280
2025-05-21T11:14:59Z;;2999;275
2025-05-21T11:15:01Z;;3009;285
2025-05-21T11:15:03Z;;2993;269
2025-05-21T11:15:06Z;;2999;275
2025-05-21T11:15:07Z;-2914;;85
2025-05-21T11:15:40Z;;3002;88
2025-05-21T11:15:46Z;-3025;;-23
2025-05-21T11:15:51Z;;3313;288
2025-05-21T11:15:53Z;;3263;238
2025-05-21T11:15:55Z;-2964;;299
2025-05-21T11:15:58Z;;2947;-17
2025-05-21T11:16:04Z;;3016;52
2025-05-21T11:16:07Z;-3005;;11
2025-05-21T11:16:34Z;;3309;304
2025-05-21T11:16:37Z;-3295;;14
2025-05-21T11:16:46Z;-3289;;20
2025-05-21T11:17:01Z;;3282;-7
2025-05-21T11:17:12Z;;3310;21
2025-05-21T11:17:14Z;;3308;19
2025-05-21T11:17:48Z;-3016;;292
2025-05-21T11:17:57Z;;3306;290
2025-05-21T11:18:05Z;;3296;280
2025-05-21T11:18:11Z;-3015;;281
2025-05-21T11:18:21Z;-2997;;299
2025-05-21T11:18:33Z;-2976;;320
2025-05-21T11:18:42Z;;2960;-16
2025-05-21T11:18:44Z;-2727;;233
2025-05-21T11:18:51Z;-2710;;250
2025-05-21T11:19:02Z;-2742;;218
2025-05-21T11:19:06Z;;2671;-71
2025-05-21T11:19:21Z;;2699;-43
2025-05-21T11:19:22Z;-2706;;-7
2025-05-21T11:19:27Z;;3027;321
2025-05-21T11:19:32Z;;2979;273
2025-05-21T11:19:35Z;-2693;;286
2025-05-21T11:19:37Z;;2675;-18
2025-05-21T11:19:43Z;-2378;;297
2025-05-21T11:19:50Z;;2354;-24
2025-05-21T11:19:54Z;-2104;;250
2025-05-21T11:20:00Z;;2094;-10
2025-05-21T11:20:20Z;;2106;2
2025-05-21T11:20:30Z;-2089;;17
2025-05-21T11:20:34Z;;2092;3
2025-05-21T11:20:59Z;-1805;;287
2025-05-21T11:21:08Z;;1793;-12
2025-05-21T11:22:03Z;;1809;4
2025-05-21T11:22:22Z;-1800;;9
2025-05-21T11:22:51Z;;2103;303
2025-05-21T11:22:53Z;-2095;;8
2025-05-21T11:23:00Z;;2404;309
2025-05-21T11:23:02Z;-2427;;-23
2025-05-21T11:23:06Z;;2715;288
2025-05-21T11:23:08Z;-2742;;-27
2025-05-21T11:23:14Z;-2716;;-1
2025-05-21T11:23:18Z;;2673;-43
2025-05-21T11:23:20Z;;2728;12
2025-05-21T11:23:22Z;-2687;;41
2025-05-21T11:23:27Z;-2691;;37
2025-05-21T11:23:36Z;-2712;;16
2025-05-21T11:23:42Z;-2722;;6
2025-05-21T11:23:47Z;;2696;-26
2025-05-21T11:23:49Z;;2717;-5
2025-05-21T11:23:58Z;;3043;321
2025-05-21T11:24:00Z;-3029;;14
2025-05-21T11:24:04Z;;3359;330
2025-05-21T11:24:08Z;-3302;;57
2025-05-21T11:24:09Z;-3284;;75
2025-05-21T11:24:12Z;;3337;53
2025-05-21T11:24:25Z;-2967;;370
2025-05-21T11:24:27Z;;2995;28
2025-05-21T11:24:37Z;;3023;56
2025-05-21T11:24:39Z;;2982;15
2025-05-21T11:24:54Z;;3035;68
2025-05-21T11:25:00Z;-3002;;33
2025-05-21T11:25:09Z;;3322;320
2025-05-21T11:25:19Z;;3264;262
2025-05-21T11:25:22Z;-2978;;286
2025-05-21T11:25:34Z;-3058;;206
2025-05-21T11:25:36Z;;3339;281
2025-05-21T11:25:38Z;-3317;;22
2025-05-21T11:25:46Z;-3294;;45
2025-05-21T11:25:51Z;;3282;-12
2025-05-21T11:25:58Z;-2976;;306
2025-05-21T11:26:06Z;;2989;13
2025-05-21T11:26:10Z;;3001;25
2025-05-21T11:26:12Z;;2983;7
2025-05-21T11:26:13Z;-3045;;-62
2025-05-21T11:26:16Z;;3094;49
2025-05-21T11:26:17Z;;3343;298
2025-05-21T11:26:18Z;-3312;;31
2025-05-21T11:26:49Z;-3294;;49
2025-05-21T11:27:00Z;-3312;;31
2025-05-21T11:27:04Z;-3292;;51
2025-05-21T11:27:08Z;;3265;-27
2025-05-21T11:27:10Z;-2999;;266
2025-05-21T11:27:12Z;-3029;;236
2025-05-21T11:27:22Z;;3306;277
2025-05-21T11:27:26Z;;3275;246
2025-05-21T11:27:29Z;-2963;;312
2025-05-21T11:27:33Z;;2991;28
2025-05-21T11:27:40Z;-2685;;306
2025-05-21T11:27:44Z;-2701;;290
2025-05-21T11:27:53Z;-3004;3045;344
2025-05-21T11:27:56Z;;3324;320
2025-05-21T11:27:59Z;-3310;;14
2025-05-21T11:29:16Z;-3267;;57
2025-05-21T11:29:18Z;-3361;;-37
2025-05-21T11:29:19Z;-3266;;58
2025-05-21T11:29:21Z;;3291;25
2025-05-21T11:29:24Z;;3311;45
2025-05-21T11:29:26Z;;3252;-14
2025-05-21T11:29:30Z;-3004;;248
2025-05-21T11:29:33Z;-2692;2872;-132
2025-05-21T11:29:35Z;;2682;-10
2025-05-21T11:29:36Z;;2736;44
2025-05-21T11:29:39Z;;3091;399
2025-05-21T11:29:40Z;-2824;;267
2025-05-21T11:29:41Z;-3025;;66
2025-05-21T11:29:44Z;-2998;;93
2025-05-21T11:29:46Z;-3013;;78
2025-05-21T11:29:49Z;;3305;292
2025-05-21T11:29:54Z;;3273;260
2025-05-21T11:29:58Z;-2982;;291
2025-05-21T11:30:03Z;;2974;-8
2025-05-21T11:30:05Z;-3035;;-61
2025-05-21T11:30:06Z;;3038;3
2025-05-21T11:30:07Z;;3044;9
2025-05-21T11:30:09Z;;3325;290
2025-05-21T11:30:13Z;-2905;;420
2025-05-21T11:30:14Z;;3257;352
2025-05-21T11:30:15Z;-2997;;260
2025-05-21T11:30:18Z;;2989;-8
2025-05-21T11:30:27Z;;3042;45
2025-05-21T11:30:28Z;-3067;;-25
2025-05-21T11:30:30Z;;3322;255
2025-05-21T11:30:32Z;-3321;;1
2025-05-21T11:30:36Z;-3279;;43
2025-05-21T11:30:37Z;-2945;3248;-31
2025-05-21T11:30:39Z;-2684;2975;30
2025-05-21T11:30:41Z;;2546;-138
2025-05-21T11:30:43Z;;2343;-341
2025-05-21T11:30:45Z;-2496;;-153
2025-05-21T11:30:47Z;-2135;;208
2025-05-21T11:30:54Z;-2135;;208
2025-05-21T11:30:58Z;;2390;255
2025-05-21T11:31:00Z;-2410;;-20
2025-05-21T11:31:27Z;;2719;309
2025-05-21T11:31:33Z;-2766;;-47
2025-05-21T11:31:36Z;-3044;3082;316
2025-05-21T11:31:39Z;;3323;279
2025-05-21T11:31:59Z;-2984;;339
2025-05-21T11:32:01Z;-2645;;678
2025-05-21T11:32:04Z;-2365;;958
2025-05-21T11:32:20Z;-2608;2354;-11
2025-05-21T11:32:22Z;-2844;2530;-78
2025-05-21T11:32:24Z;;2530;-314
2025-05-21T11:32:26Z;;2530;-314
2025-05-21T11:32:27Z;-3017;;-487
2025-05-21T11:32:29Z;;2530;-487
2025-05-21T11:32:31Z;;2748;-269
2025-05-21T11:32:33Z;;3045;28
2025-05-21T11:32:35Z;;3336;319
2025-05-21T11:32:39Z;-3302;;34
2025-05-21T11:32:43Z;-3292;;44
2025-05-21T11:32:51Z;;3260;-32
2025-05-21T11:32:54Z;-2934;;326
2025-05-21T11:32:55Z;;2980;46
2025-05-21T11:32:58Z;;3012;78
2025-05-21T11:32:59Z;-3002;;10
2025-05-21T11:33:02Z;;3314;312
2025-05-21T11:33:13Z;;3289;287
2025-05-21T11:33:17Z;;3305;303
2025-05-21T11:33:21Z;;3299;297
2025-05-21T11:33:30Z;-3046;;253
2025-05-21T11:33:50Z;-3022;;277
2025-05-21T11:34:07Z;;3327;305
2025-05-21T11:34:34Z;-3314;;13
2025-05-21T11:34:46Z;-3287;;40
2025-05-21T11:34:50Z;-3295;;32
2025-05-21T11:34:53Z;-3308;;19
2025-05-21T11:35:30Z;-3294;;33
2025-05-21T11:35:42Z;;3276;-18
2025-05-21T11:35:46Z;;3402;108
2025-05-21T11:35:47Z;-3305;;97
2025-05-21T11:35:50Z;-3279;;123
2025-05-21T11:35:57Z;;3297;18
2025-05-21T11:36:06Z;-2990;;307
2025-05-21T11:36:08Z;-3011;;286
2025-05-21T11:36:11Z;;3308;297
2025-05-21T11:36:21Z;-3303;;5
2025-05-21T11:36:28Z;-3279;;29
2025-05-21T11:36:31Z;;3233;-46
2025-05-21T11:36:37Z;-2974;;259
2025-05-21T11:36:40Z;;2943;-31
2025-05-21T11:36:42Z;-2710;;233
2025-05-21T11:36:47Z;;2680;-30
2025-05-21T11:36:49Z;;2726;16
2025-05-21T11:36:50Z;-2693;;33
2025-05-21T11:36:52Z;-3031;3066;373
2025-05-21T11:36:58Z;;3341;310
2025-05-21T11:37:00Z;-3312;;29
2025-05-21T11:37:07Z;-3298;;43
2025-05-21T11:37:12Z;;3274;-24
2025-05-21T11:37:15Z;-2969;;305
2025-05-21T11:37:16Z;-2993;;281
2025-05-21T11:37:29Z;-3311;;-37
2025-05-21T11:37:32Z;-3294;2988;-20
2025-05-21T11:37:41Z;;3027;-267
2025-05-21T11:37:46Z;-3023;;4
2025-05-21T11:37:49Z;-2980;;47
2025-05-21T11:37:51Z;;2994;14
2025-05-21T11:37:55Z;;3017;37
2025-05-21T11:38:02Z;-2766;2941;-39
2025-05-21T11:38:05Z;;2689;-77
2025-05-21T11:38:09Z;-2739;;-50
2025-05-21T11:38:10Z;-2765;2703;-36
2025-05-21T11:38:13Z;;2639;-126
2025-05-21T11:38:14Z;-2369;;270
2025-05-21T11:38:16Z;;2366;-3
2025-05-21T11:38:21Z;-2096;;270
2025-05-21T11:38:23Z;-2104;;262
2025-05-21T11:38:26Z;-2310;;56
2025-05-21T11:38:27Z;;2432;122
2025-05-21T11:38:31Z;;2721;411
2025-05-21T11:38:34Z;;2666;356
2025-05-21T11:38:36Z;-2383;;283
2025-05-21T11:38:38Z;;2374;-9
2025-05-21T11:38:45Z;-2129;;245
2025-05-21T11:38:48Z;;2067;-62
2025-05-21T11:38:55Z;-1803;;264
2025-05-21T11:39:03Z;;1790;-13
2025-05-21T11:39:27Z;;1801;-2
2025-05-21T11:39:33Z;-1813;;-12
2025-05-21T11:39:40Z;-1790;;11
2025-05-21T11:39:44Z;-1805;;-4
2025-05-21T11:40:01Z;-1803;;-2
2025-05-21T11:40:44Z;;1798;-5
2025-05-21T11:41:49Z;-1501;;297
2025-05-21T11:41:50Z;-1499;;299
2025-05-21T11:42:34Z;-1499;;299
2025-05-21T11:42:59Z;;1494;-5
2025-05-21T11:45:03Z;;1398;-101
2025-05-21T11:45:39Z;;1504;5
2025-05-21T11:45:50Z;-1511;;-7
2025-05-21T11:46:03Z;;1819;308
2025-05-21T11:46:04Z;-1804;;15
2025-05-21T11:46:11Z;;2129;325
2025-05-21T11:46:12Z;-2112;;17
2025-05-21T11:46:16Z;;2434;32
2025-05-21T11:46:17Z;-2402;;-273
2025-05-21T11:46:23Z;-2737;2735;333
2025-05-21T11:46:25Z;;3065;328
2025-05-21T11:46:27Z;-3068;;-3
2025-05-21T11:46:30Z;;3318;250
2025-05-21T11:46:33Z;-3306;;12
2025-05-21T11:46:36Z;;3175;-131
2025-05-21T11:46:38Z;;2998;-308
2025-05-21T11:46:40Z;;2606;-700
2025-05-21T11:46:41Z;-3261;;-655
2025-05-21T11:46:42Z;-3104;;-498
2025-05-21T11:46:44Z;-2564;;42
2025-05-21T11:46:45Z;-2432;;174
2025-05-21T11:46:46Z;-2406;;200
2025-05-21T11:46:47Z;-2410;;196
2025-05-21T11:46:50Z;;2336;-74
2025-05-21T11:46:52Z;-2088;;248
2025-05-21T11:46:56Z;-2109;;227
2025-05-21T11:47:00Z;-2088;;248
2025-05-21T11:47:01Z;-2129;;207
2025-05-21T11:47:05Z;-2334;;2
2025-05-21T11:47:06Z;;2451;117
2025-05-21T11:47:08Z;;2726;392
2025-05-21T11:47:09Z;-2720;;6
2025-05-21T11:47:12Z;;3009;289
2025-05-21T11:47:14Z;;2974;254
2025-05-21T11:47:19Z;;2977;257
2025-05-21T11:47:21Z;;2979;259
2025-05-21T11:47:23Z;;3008;288
2025-05-21T11:47:25Z;;2996;276
2025-05-21T11:47:29Z;;3029;309
2025-05-21T11:47:33Z;-3014;;15
2025-05-21T11:47:38Z;-2931;;98
2025-05-21T11:47:40Z;;2892;-39
2025-05-21T11:47:41Z;-2634;;258
2025-05-21T11:47:43Z;;2684;50
2025-05-21T11:47:52Z;-2354;;330
2025-05-21T11:47:53Z;;2412;58
2025-05-21T11:48:01Z;-2089;;323
2025-05-21T11:48:03Z;;2102;13
2025-05-21T11:48:13Z;;2126;37
2025-05-21T11:48:14Z;-2151;;-25
2025-05-21T11:48:17Z;;2403;252
2025-05-21T11:48:19Z;-2415;;-12
2025-05-21T11:48:23Z;;2743;328
2025-05-21T11:48:25Z;;3042;627
2025-05-21T11:48:27Z;-3032;;10
2025-05-21T11:48:28Z;;3340;308
2025-05-21T11:48:31Z;-3337;;3
2025-05-21T11:49:32Z;-3276;;64
2025-05-21T11:49:39Z;-3325;;15
2025-05-21T11:50:04Z;-3274;;66
2025-05-21T11:50:06Z;-3304;;36
2025-05-21T11:50:07Z;-3275;;65
2025-05-21T11:50:15Z;;3232;-43
2025-05-21T11:50:17Z;-2990;;242
2025-05-21T11:50:19Z;-3010;;222
2025-05-21T11:50:22Z;;3350;340
2025-05-21T11:50:25Z;-3310;;40
2025-05-21T11:50:31Z;-3287;;63
2025-05-21T11:50:32Z;-3064;3085;286
2025-05-21T11:50:34Z;;2842;-222
2025-05-21T11:50:37Z;-2757;;85
2025-05-21T11:50:39Z;-3037;3050;293
2025-05-21T11:50:41Z;;3312;275
2025-05-21T11:50:46Z;;3277;240
2025-05-21T11:50:50Z;;3323;286
2025-05-21T11:51:06Z;-3318;;5
2025-05-21T11:51:22Z;-3287;;36
2025-05-21T11:51:27Z;;3252;-35
2025-05-21T11:51:33Z;-2998;;254
2025-05-21T11:51:37Z;;2999;1
2025-05-21T11:51:48Z;-2684;;315
2025-05-21T11:51:53Z;-2713;;286
2025-05-21T11:51:55Z;-2674;;325
2025-05-21T11:51:58Z;;2656;-18
2025-05-21T11:52:01Z;-2395;;261
2025-05-21T11:52:05Z;-2412;;244
2025-05-21T11:52:13Z;;2702;290
2025-05-21T11:52:18Z;-2726;;-24
2025-05-21T11:52:32Z;;3038;312
2025-05-21T11:52:33Z;-2991;;47
2025-05-21T11:52:38Z;;3309;318
2025-05-21T11:52:46Z;-3304;;5
2025-05-21T11:52:49Z;-3299;;10
2025-05-21T11:52:58Z;-3289;;20
2025-05-21T11:53:12Z;;3235;-54
2025-05-21T11:53:14Z;-3013;;222
2025-05-21T11:53:19Z;;2960;-53
2025-05-21T11:53:21Z;-2653;;307
2025-05-21T11:53:23Z;;2639;-14
2025-05-21T11:53:29Z;-2401;;238
2025-05-21T11:53:30Z;-2377;;262
2025-05-21T11:53:32Z;;2374;-3
2025-05-21T11:53:58Z;-2145;;229
2025-05-21T11:54:00Z;;2082;-63
2025-05-21T11:54:04Z;;2131;-14
2025-05-21T11:54:05Z;-2142;;-11
2025-05-21T11:54:12Z;;2442;300
2025-05-21T11:54:13Z;-2517;;-75
2025-05-21T11:54:15Z;-2645;2794;-203
2025-05-21T11:54:17Z;;3107;462
2025-05-21T11:54:19Z;-3067;;40
2025-05-21T11:54:21Z;;3356;289
2025-05-21T11:54:25Z;;3280;213
2025-05-21T11:54:47Z;-2992;;288
2025-05-21T11:54:51Z;;2985;-7
2025-05-21T11:54:58Z;;3025;33
2025-05-21T11:55:00Z;-3010;;15
2025-05-21T11:55:09Z;-2953;;72
2025-05-21T11:55:11Z;;2932;-21
2025-05-21T11:55:14Z;-2699;;233
2025-05-21T11:55:17Z;;2659;-40
2025-05-21T11:55:19Z;-2385;;274
2025-05-21T11:55:21Z;;2368;-17
2025-05-21T11:55:24Z;;2414;29
2025-05-21T11:55:29Z;;2366;-19
2025-05-21T11:55:45Z;-2077;;289
2025-05-21T11:57:02Z;;2401;324
2025-05-21T11:57:05Z;;2393;316
2025-05-21T11:57:11Z;;2401;324
2025-05-21T11:57:13Z;;2389;312
2025-05-21T11:57:16Z;;2410;333
2025-05-21T11:57:20Z;;2382;305
2025-05-21T11:57:35Z;;2412;335
2025-05-21T11:57:38Z;-2404;;8
2025-05-21T11:57:50Z;;2723;319
2025-05-21T11:57:57Z;;2695;291
2025-05-21T11:58:04Z;;2716;312
2025-05-21T11:58:07Z;-2718;;-2
2025-05-21T11:58:11Z;;3032;314
2025-05-21T11:58:15Z;-3017;;15
2025-05-21T11:58:45Z;;3315;298
2025-05-21T11:59:07Z;-3304;;11
2025-05-21T11:59:21Z;-3292;;23
2025-05-21T11:59:26Z;;3305;13
2025-05-21T11:59:36Z;-2972;;333
2025-05-21T11:59:39Z;;2965;-7
2025-05-21T11:59:42Z;-2719;;246
2025-05-21T11:59:53Z;-2694;;271
2025-05-21T11:59:56Z;;2717;23
2025-05-21T12:00:02Z;-2409;;308
2025-05-21T12:00:03Z;;2397;-12
2025-05-21T12:00:06Z;-2409;2595;186
2025-05-21T12:00:29Z;;2401;-8
2025-05-21T12:00:35Z;;2378;-31
2025-05-21T12:00:49Z;-2095;;283
2025-05-21T12:00:51Z;;2077;-18
2025-05-21T12:01:00Z;-1793;;284
2025-05-21T12:01:20Z;;1799;6
2025-05-21T12:01:22Z;;1801;8
2025-05-21T12:01:23Z;-1832;;-31
2025-05-21T12:01:42Z;-1898;;-97
2025-05-21T12:01:50Z;;1797;-101
2025-05-21T12:01:52Z;;1807;-91
2025-05-21T12:01:57Z;;1796;-102
2025-05-21T12:02:08Z;;1817;-81
2025-05-21T12:02:26Z;;1795;-103
2025-05-21T12:02:34Z;;1803;-95
2025-05-21T12:03:02Z;-1794;;9
2025-05-21T12:03:35Z;;2119;325
2025-05-21T12:03:41Z;-2111;;8
2025-05-21T12:03:43Z;;2403;292
2025-05-21T12:03:47Z;;2315;204
2025-05-21T12:03:48Z;-1977;;338
2025-05-21T12:03:49Z;-1787;2092;528
2025-05-21T12:03:51Z;-1860;;232
2025-05-21T12:03:52Z;;2108;248
2025-05-21T12:04:01Z;;2104;244
2025-05-21T12:04:04Z;;2100;240
2025-05-21T12:04:09Z;-1791;2030;170
2025-05-21T12:04:18Z;;1780;-11
2025-05-21T12:04:37Z;-1562;;218
2025-05-21T12:04:40Z;;1815;253
2025-05-21T12:04:42Z;;1766;204
2025-05-21T12:04:44Z;-1481;;285
2025-05-21T12:04:57Z;;1452;-29
2025-05-21T12:05:07Z;;1504;23
2025-05-21T12:05:16Z;;1491;10
2025-05-21T12:05:19Z;;1477;-4
2025-05-21T12:05:29Z;;1479;-2
2025-05-21T12:05:31Z;;1505;24
2025-05-21T12:06:22Z;;1491;10
2025-05-21T12:06:25Z;;1505;24
2025-05-21T12:06:34Z;;1478;-3
2025-05-21T12:06:39Z;;1516;35
2025-05-21T12:06:52Z;-1500;;16
2025-05-21T12:06:57Z;;1845;345
2025-05-21T12:07:01Z;-1827;;18
2025-05-21T12:07:03Z;;2110;283
2025-05-21T12:07:16Z;-2152;;-42
2025-05-21T12:07:17Z;;2446;294
2025-05-21T12:07:24Z;-2418;;28
2025-05-21T12:07:27Z;-2395;;51
2025-05-21T12:07:37Z;-2451;;-5
2025-05-21T12:07:40Z;-2437;;9
2025-05-21T12:07:48Z;;2518;81
2025-05-21T12:07:49Z;-2237;;281
2025-05-21T12:07:53Z;-2245;2482;273
2025-05-21T12:07:57Z;-2454;2710;465
2025-05-21T12:08:04Z;;2495;41
2025-05-21T12:08:06Z;;2118;-336
2025-05-21T12:08:08Z;;1771;-683
2025-05-21T12:08:10Z;-2364;;-593
2025-05-21T12:08:11Z;-1659;;112
2025-05-21T12:08:12Z;-1459;;312
2025-05-21T12:08:13Z;;1481;22
2025-05-21T12:08:20Z;-1200;;281
2025-05-21T12:08:43Z;-1211;;270
2025-05-21T12:08:48Z;;1545;334
2025-05-21T12:08:49Z;-1475;;70
2025-05-21T12:08:51Z;;1937;462
2025-05-21T12:08:53Z;;2207;732
2025-05-21T12:08:55Z;;2502;1027
2025-05-21T12:08:56Z;-1683;;524
2025-05-21T12:09:00Z;-2267;;235
2025-05-21T12:09:01Z;;3002;735
2025-05-21T12:09:03Z;;2925;658
2025-05-21T12:09:05Z;-2713;;212
2025-05-21T12:09:06Z;-3093;;-168
2025-05-21T12:09:07Z;;3123;30
2025-05-21T12:09:10Z;;3382;289
2025-05-21T12:09:21Z;;3240;147
2025-05-21T12:09:23Z;;2996;-97
2025-05-21T12:09:26Z;-2688;3041;-52
2025-05-21T12:09:27Z;-2780;;261
2025-05-21T12:09:33Z;-3014;;27
2025-05-21T12:09:35Z;-2991;;50
2025-05-21T12:09:42Z;;2979;-12
2025-05-21T12:09:46Z;-2696;;283
2025-05-21T12:10:16Z;;3202;506
2025-05-21T12:10:17Z;-2845;;357
2025-05-21T12:10:26Z;-3054;3321;148
2025-05-21T12:11:06Z;;3290;236
2025-05-21T12:11:09Z;-2992;;298
2025-05-21T12:11:10Z;-3001;;289
2025-05-21T12:11:13Z;;3313;312
2025-05-21T12:11:35Z;;3076;75
2025-05-21T12:11:37Z;-2910;;166
2025-05-21T12:11:38Z;-2210;2686;476
2025-05-21T12:11:39Z;;2360;150
2025-05-21T12:11:40Z;-1899;;461
2025-05-21T12:11:43Z;;2036;137
2025-05-21T12:11:44Z;;1796;-103
2025-05-21T12:11:47Z;-1528;;268
2025-05-21T12:11:59Z;;1497;-31
2025-05-21T12:12:01Z;;1501;-27
2025-05-21T12:12:23Z;-1517;;-16
2025-05-21T12:12:25Z;-1715;1940;-214
2025-05-21T12:12:27Z;;2152;437
2025-05-21T12:12:31Z;;2043;328
2025-05-21T12:12:33Z;;2139;424
2025-05-21T12:12:34Z;-2131;;8
2025-05-21T12:12:38Z;-2122;;17
2025-05-21T12:12:39Z;;1980;-142
2025-05-21T12:12:44Z;;1769;-353
2025-05-21T12:12:58Z;;1779;-343
2025-05-21T12:13:05Z;-1801;;-22
2025-05-21T12:13:06Z;-1749;1907;30
2025-05-21T12:13:19Z;;1842;93
2025-05-21T12:13:25Z;-1870;;-28
2025-05-21T12:13:29Z;;1757;-113
2025-05-21T12:13:41Z;-1690;1927;67
2025-05-21T12:13:43Z;;2488;798
2025-05-21T12:13:45Z;-1916;2054;364
2025-05-21T12:13:46Z;-1819;;235
2025-05-21T12:13:50Z;;1778;-41
2025-05-21T12:13:57Z;;1811;-8
2025-05-21T12:13:59Z;;1793;-26
2025-05-21T12:14:01Z;;1825;6
2025-05-21T12:14:04Z;;1760;-59
2025-05-21T12:14:30Z;;1499;-320
2025-05-21T12:14:51Z;-1205;;294
2025-05-21T12:15:03Z;;1352;147
2025-05-21T12:15:07Z;-1183;;169
2025-05-21T12:15:27Z;-1198;;154
2025-05-21T12:15:31Z;-1203;;149
2025-05-21T12:15:33Z;-1200;;152
2025-05-21T12:15:57Z;;1502;302
2025-05-21T12:16:15Z;-1572;;-70
2025-05-21T12:16:17Z;-1422;;80
2025-05-21T12:16:19Z;;1499;77
2025-05-21T12:16:27Z;;1502;80
2025-05-21T12:16:30Z;;1499;77
2025-05-21T12:16:32Z;;1508;86
2025-05-21T12:16:42Z;-1506;;2
2025-05-21T12:16:46Z;-1496;;12
2025-05-21T12:16:47Z;-1533;1725;-25
2025-05-21T12:16:49Z;-1854;;-129
2025-05-21T12:16:52Z;-1779;;-54
2025-05-21T12:16:53Z;;1781;2
2025-05-21T12:16:54Z;-1530;;251
2025-05-21T12:17:09Z;;1483;-47
2025-05-21T12:17:17Z;-1180;;303
2025-05-21T12:17:27Z;;1179;-1
2025-05-21T12:17:57Z;;1219;39
2025-05-21T12:18:05Z;;1569;389
2025-05-21T12:18:08Z;-1580;;-11
2025-05-21T12:18:09Z;;1847;267
2025-05-21T12:18:15Z;-1717;;130
2025-05-21T12:18:17Z;;2209;492
2025-05-21T12:18:20Z;-1821;1963;246
2025-05-21T12:18:22Z;-1425;1751;538
2025-05-21T12:18:26Z;;1485;60
2025-05-21T12:18:32Z;;1526;101
2025-05-21T12:18:38Z;-1521;;5
2025-05-21T12:18:43Z;-1450;;76
2025-05-21T12:18:46Z;;1499;49
2025-05-21T12:18:48Z;;1538;88
2025-05-21T12:18:50Z;-1525;;13
2025-05-21T12:18:51Z;;1863;338
2025-05-21T12:18:55Z;;1670;145
2025-05-21T12:18:56Z;-1454;;216
2025-05-21T12:18:57Z;-1500;;170
2025-05-21T12:18:58Z;;1890;390
2025-05-21T12:18:59Z;-1853;;37
2025-05-21T12:19:00Z;;2177;324
2025-05-21T12:19:02Z;-2237;2462;-60
2025-05-21T12:19:04Z;-2443;;19
2025-05-21T12:19:06Z;-2257;2383;205
2025-05-21T12:19:08Z;;1875;-382
2025-05-21T12:19:09Z;;1529;-728
2025-05-21T12:19:10Z;-1787;;-258
2025-05-21T12:19:11Z;;1373;-414
2025-05-21T12:19:14Z;-1407;;-34
2025-05-21T12:19:20Z;;1193;-214
2025-05-21T12:19:33Z;;1207;-200
2025-05-21T12:19:37Z;-1133;;74
2025-05-21T12:19:39Z;;1583;450
2025-05-21T12:19:45Z;-1609;;-26
2025-05-21T12:19:47Z;-1441;;142
2025-05-21T12:19:50Z;-1645;1860;-62
2025-05-21T12:19:52Z;;2238;593
2025-05-21T12:19:54Z;;1965;320
2025-05-21T12:19:55Z;-1650;;315
2025-05-21T12:19:57Z;;1674;24
2025-05-21T12:19:58Z;-1742;;-68
2025-05-21T12:19:59Z;;1961;219
2025-05-21T12:20:00Z;-1855;;106
2025-05-21T12:20:04Z;-1559;1711;402
2025-05-21T12:20:08Z;-1541;;170
2025-05-21T12:20:11Z;-1679;1882;32
2025-05-21T12:20:13Z;;2211;532
2025-05-21T12:20:18Z;-2141;;70
2025-05-21T12:20:19Z;;2409;268
2025-05-21T12:20:23Z;-2506;2743;602
2025-05-21T12:20:25Z;;3145;639
2025-05-21T12:20:26Z;-3018;;127
2025-05-21T12:20:29Z;-3086;3311;59
2025-05-21T12:20:31Z;-2275;2996;1036
2025-05-21T12:20:33Z;-1723;;1273
2025-05-21T12:20:45Z;-1200;;1796
2025-05-21T12:20:59Z;-1468;;1528
2025-05-21T12:21:18Z;-1496;;1500
2025-05-21T12:21:25Z;-1754;;1242
2025-05-21T12:21:27Z;-1990;;1006
2025-05-21T12:21:29Z;-2612;;384
2025-05-21T12:21:31Z;-2577;;419
2025-05-21T12:21:34Z;-1775;;1221
2025-05-21T12:21:36Z;-1558;;1438
2025-05-21T12:22:21Z;-1532;;1464
2025-05-21T12:22:22Z;-1819;;1177
2025-05-21T12:22:26Z;-1748;;1248
2025-05-21T12:22:29Z;-1377;;1619
2025-05-21T12:22:33Z;-1190;;1806
2025-05-21T12:23:36Z;-900;;2096
2025-05-21T12:23:55Z;;898;-2
2025-05-21T12:25:31Z;-650;;248
2025-05-21T12:25:32Z;;938;288
2025-05-21T12:25:33Z;-662;;276
2025-05-21T12:25:34Z;;702;40
2025-05-21T12:28:10Z;-594;;108
2025-05-21T12:28:18Z;-590;;112
2025-05-21T12:28:24Z;-601;;101
2025-05-21T12:28:25Z;-598;;104
2025-05-21T12:29:14Z;-599;;103
2025-05-21T12:29:16Z;-601;;101
2025-05-21T12:29:18Z;-601;;101
2025-05-21T12:29:22Z;-598;;104
2025-05-21T12:29:26Z;-602;;100
2025-05-21T12:29:28Z;-596;;106
2025-05-21T12:29:30Z;-600;;102
2025-05-21T12:29:31Z;-604;;98
2025-05-21T12:29:33Z;-590;;112
2025-05-21T12:30:03Z;;659;69
2025-05-21T12:31:12Z;-600;;59
2025-05-21T12:31:13Z;-599;;60
2025-05-21T12:31:16Z;-602;;57
2025-05-21T12:31:18Z;-597;;62
2025-05-21T12:31:21Z;-601;;58
2025-05-21T12:31:23Z;-594;;65
2025-05-21T12:31:27Z;-599;;60
2025-05-21T12:32:53Z;;599;0
2025-05-21T12:32:55Z;;608;9
2025-05-21T12:33:09Z;;597;-2
2025-05-21T12:33:11Z;;603;4
2025-05-21T12:33:16Z;;599;0
2025-05-21T12:34:01Z;;604;5
2025-05-21T12:34:03Z;;598;-1
2025-05-21T12:34:05Z;;600;1
2025-05-21T12:34:06Z;;590;-9
2025-05-21T12:34:08Z;;600;1
2025-05-21T12:34:15Z;;591;-8
2025-05-21T12:34:17Z;;601;2
2025-05-21T12:34:25Z;;592;-7
2025-05-21T12:34:27Z;;601;2
2025-05-21T12:34:35Z;;595;-4
2025-05-21T12:34:37Z;;604;5
2025-05-21T12:34:46Z;;596;-3
2025-05-21T12:34:47Z;;603;4
2025-05-21T12:34:56Z;;593;-6
2025-05-21T12:34:57Z;;602;3
2025-05-21T12:34:59Z;;599;0
2025-05-21T12:35:02Z;;603;4
2025-05-21T12:35:04Z;;597;-2
2025-05-21T12:35:37Z;;94;-505
2025-05-21T12:35:39Z;;536;-63
2025-05-21T12:38:47Z;-271;;265
2025-05-21T12:45:03Z;;433;162
2025-05-21T12:45:07Z;-405;;28
2025-05-21T12:45:47Z;-664;;-231
2025-05-21T12:47:59Z;-298;;135
2025-05-21T12:50:04Z;-355;;78
2025-05-21T12:50:08Z;-287;;146
2025-05-21T12:50:22Z;-328;;105
2025-05-21T12:50:23Z;-245;;188
2025-05-21T12:52:06Z;-305;;128
2025-05-21T12:52:08Z;-299;;134
2025-05-21T12:52:10Z;-303;;130
2025-05-21T12:52:12Z;-298;;135
2025-05-21T12:52:19Z;-301;;132
2025-05-21T12:52:22Z;-293;;140
2025-05-21T12:52:28Z;-302;;131
2025-05-21T12:52:36Z;-298;;135
2025-05-21T12:52:38Z;-301;;132
2025-05-21T12:52:57Z;;110;-191
2025-05-21T12:52:59Z;;330;29
2025-05-21T12:53:42Z;;292;-9
2025-05-21T12:53:44Z;;310;9
2025-05-21T12:53:46Z;;299;-2
2025-05-21T12:53:48Z;;310;9
2025-05-21T12:53:49Z;;230;-71
2025-05-21T12:53:51Z;;303;2
2025-05-21T12:55:49Z;;311;10
2025-05-21T12:55:51Z;;300;-1
2025-05-21T12:57:10Z;;299;-2
2025-05-21T12:57:12Z;;300;-1
2025-05-21T12:57:20Z;;299;-2
2025-05-21T12:57:22Z;;305;4
2025-05-21T12:57:30Z;;297;-4
2025-05-21T12:57:32Z;;303;2
2025-05-21T12:57:39Z;;303;2
2025-05-21T12:57:42Z;;302;1
2025-05-21T12:57:50Z;;293;-8
2025-05-21T12:57:52Z;;300;-1
2025-05-21T12:57:54Z;;299;-2
2025-05-21T12:57:56Z;;300;-1
2025-05-21T12:57:58Z;;299;-2
2025-05-21T12:58:07Z;;303;2
2025-05-21T12:58:08Z;;297;-4
2025-05-21T12:58:16Z;;301;0
2025-05-21T12:58:18Z;;296;-5
2025-05-21T13:00:03Z;;284;53
2025-05-21T13:00:07Z;-231;;53
2025-05-21T13:15:03Z;;160;-71
2025-05-21T13:16:07Z;363;;523
2025-05-21T13:16:09Z;;518;881
2025-05-21T13:16:11Z;;143;506
2025-05-21T13:20:34Z;1908;;2051
2025-05-21T13:28:04Z;0;;143
2025-05-21T13:28:05Z;2;;145
2025-05-21T13:28:24Z;1;;144
2025-05-21T13:28:25Z;2;;145
2025-05-21T13:28:50Z;0;;143
2025-05-21T13:28:51Z;3;;146
2025-05-21T13:28:55Z;-26;;117
2025-05-21T13:28:56Z;2;;145
2025-05-21T13:30:03Z;;149;151
2025-05-21T13:30:07Z;3;;152
2025-05-21T13:30:12Z;0;;149
2025-05-21T13:30:13Z;0;;149
2025-05-21T13:30:19Z;3;;152
2025-05-21T13:30:21Z;0;;149
2025-05-21T13:30:31Z;1;;150
2025-05-21T13:30:32Z;0;;149
2025-05-21T13:30:40Z;0;;149
2025-05-21T13:36:24Z;-426;;-277
2025-05-21T13:36:25Z;;428;2
2025-05-21T13:36:26Z;;229;-197
2025-05-21T13:38:37Z;;301;-125
2025-05-21T13:38:39Z;;297;-129
2025-05-21T13:38:41Z;;300;-126
2025-05-21T13:38:45Z;;298;-128
2025-05-21T13:38:56Z;;295;-131
2025-05-21T13:38:59Z;;297;-129
2025-05-21T13:39:01Z;;304;-122
2025-05-21T13:39:03Z;;296;-130
2025-05-21T13:39:10Z;;302;-124
2025-05-21T13:39:15Z;;294;-132
2025-05-21T13:39:19Z;;300;-126
2025-05-21T13:39:25Z;;298;-128
2025-05-21T13:39:27Z;;307;-119
2025-05-21T13:40:43Z;-296;;11
2025-05-21T13:40:45Z;-302;;5
2025-05-21T13:40:47Z;-298;;9
2025-05-21T13:40:50Z;-300;;7
2025-05-21T13:40:55Z;-300;;7
2025-05-21T13:41:01Z;-304;;3
2025-05-21T13:41:06Z;-302;;5
2025-05-21T13:41:11Z;-306;;1
2025-05-21T13:41:12Z;-298;;9
2025-05-21T13:45:03Z;;388;90
2025-05-21T13:45:07Z;-351;;37
2025-05-21T13:46:29Z;;0;-351
2025-05-21T13:46:31Z;;365;14
2025-05-21T13:52:28Z;;287;-64
2025-05-21T13:52:30Z;;467;116
2025-05-21T13:54:28Z;-394;;73
2025-05-21T13:54:29Z;-250;;217
2025-05-21T13:56:42Z;-639;;-172
2025-05-21T14:00:03Z;;373;-266
2025-05-21T14:01:45Z;-302;;71
2025-05-21T14:01:46Z;-298;;75
2025-05-21T14:02:40Z;-306;;67
2025-05-21T14:02:43Z;-306;;67
2025-05-21T14:02:48Z;-304;;69
2025-05-21T14:02:50Z;-298;;75
2025-05-21T14:03:55Z;-299;;74
2025-05-21T14:03:56Z;-300;;73
2025-05-21T14:04:06Z;-298;;75
2025-05-21T14:04:07Z;-305;;68
2025-05-21T14:04:15Z;-298;;75
2025-05-21T14:04:18Z;-301;;72
2025-05-21T14:04:21Z;-297;;76
2025-05-21T14:04:22Z;-301;;72
2025-05-21T14:04:25Z;-298;;75
2025-05-21T14:04:28Z;-304;;69
2025-05-21T14:04:29Z;-296;;77
2025-05-21T14:04:31Z;-302;;71
2025-05-21T14:04:33Z;-296;;77
2025-05-21T14:04:37Z;-303;;70
2025-05-21T14:04:38Z;-284;;89
2025-05-21T14:06:44Z;;0;-284
2025-05-21T14:06:46Z;;313;29
2025-05-21T14:07:22Z;;285;1
2025-05-21T14:07:24Z;;319;35
2025-05-21T14:08:26Z;;263;-21
2025-05-21T14:08:28Z;;311;27
2025-05-21T14:08:30Z;;222;-62
2025-05-21T14:08:32Z;;312;28
2025-05-21T14:08:48Z;;299;15
2025-05-21T14:08:50Z;;312;28
2025-05-21T14:09:46Z;;227;-57
2025-05-21T14:09:48Z;;301;17
2025-05-21T14:10:16Z;;299;15
2025-05-21T14:10:18Z;;300;16
2025-05-21T14:10:26Z;;299;15
2025-05-21T14:10:28Z;;300;16
2025-05-21T14:10:35Z;;296;12
2025-05-21T14:10:37Z;;310;26
2025-05-21T14:10:44Z;;298;14
2025-05-21T14:10:46Z;;306;22
2025-05-21T14:10:52Z;;298;14
2025-05-21T14:10:54Z;;306;22
2025-05-21T14:11:03Z;;298;14
2025-05-21T14:11:04Z;;304;20
2025-05-21T14:11:13Z;;296;12
2025-05-21T14:11:14Z;;304;20
2025-05-21T14:11:22Z;;296;12
2025-05-21T14:11:24Z;;304;20
2025-05-21T14:11:34Z;;296;12
2025-05-21T14:11:35Z;;303;19
2025-05-21T14:11:42Z;;295;11
2025-05-21T14:11:44Z;;303;19
2025-05-21T14:11:52Z;;292;8
2025-05-21T14:11:54Z;;302;18
2025-05-21T14:12:02Z;;293;9
2025-05-21T14:12:04Z;;301;17
2025-05-21T14:12:12Z;;292;8
2025-05-21T14:12:14Z;;301;17
2025-05-21T14:12:17Z;;299;15
2025-05-21T14:12:19Z;;305;21
2025-05-21T14:12:22Z;;291;7
2025-05-21T14:12:28Z;;304;20
2025-05-21T14:12:30Z;;299;15
2025-05-21T14:12:39Z;;304;20
2025-05-21T14:12:40Z;;299;15
2025-05-21T14:13:19Z;;294;10
2025-05-21T14:13:22Z;;294;10
2025-05-21T14:15:03Z;;274;-10
2025-05-21T14:15:07Z;-108;;166
2025-05-21T14:16:49Z;-81;;193
2025-05-21T14:16:50Z;-435;;-161
2025-05-21T14:16:51Z;;421;-14
2025-05-21T14:16:53Z;;266;-169
2025-05-21T14:21:18Z;;300;-135
2025-05-21T14:21:20Z;;292;-143
2025-05-21T14:21:22Z;;300;-135
2025-05-21T14:21:27Z;;297;-138
2025-05-21T14:21:31Z;;299;-136
2025-05-21T14:25:07Z;-296;;3
2025-05-21T14:25:08Z;-291;;8
2025-05-21T14:25:09Z;-297;;2
2025-05-21T14:25:11Z;-301;;-2
2025-05-21T14:25:12Z;-296;;3
2025-05-21T14:25:16Z;-293;;6
2025-05-21T14:25:18Z;-299;;0
2025-05-21T14:27:07Z;;286;-13
2025-05-21T14:27:09Z;-108;;178
2025-05-21T14:27:10Z;-373;;-87
2025-05-21T14:27:12Z;;525;152
2025-05-21T14:27:14Z;;223;-150
2025-05-21T14:27:16Z;;548;175
2025-05-21T14:29:24Z;;600;227
2025-05-21T14:29:26Z;;592;219
2025-05-21T14:29:28Z;;600;227
2025-05-21T14:29:30Z;;594;221
2025-05-21T14:29:32Z;;605;232
2025-05-21T14:29:33Z;;598;225
2025-05-21T14:29:35Z;;606;233
2025-05-21T14:30:03Z;;614;241
2025-05-21T14:30:07Z;-443;;171
2025-05-21T14:37:15Z;-707;962;519
2025-05-21T14:37:16Z;-525;;437
2025-05-21T14:37:19Z;;705;180
2025-05-21T14:38:59Z;-47;324;658
2025-05-21T14:39:01Z;;691;644
2025-05-21T14:39:03Z;-511;;180
2025-05-21T14:39:22Z;-511;;180
2025-05-21T14:39:23Z;-200;;491
2025-05-21T14:39:25Z;;598;398
2025-05-21T14:39:27Z;;694;494
2025-05-21T14:39:31Z;-196;;498
2025-05-21T14:39:33Z;;595;399
2025-05-21T14:39:35Z;;681;485
2025-05-21T14:39:43Z;1036;;1717
2025-05-21T14:39:44Z;-376;;305
2025-05-21T14:44:56Z;-591;;90
2025-05-21T14:44:59Z;-599;;82
2025-05-21T14:45:01Z;-597;900;301
2025-05-21T14:45:02Z;;899;302
2025-05-21T14:45:05Z;;893;296
2025-05-21T14:45:06Z;;902;305
2025-05-21T14:45:08Z;;894;297
2025-05-21T14:45:09Z;-606;905;288
2025-05-21T14:45:13Z;-607;;298
2025-05-21T14:47:22Z;;552;-55
2025-05-21T14:47:24Z;;946;339
2025-05-21T14:49:25Z;;1202;595
2025-05-21T14:49:26Z;-900;;302
2025-05-21T14:50:24Z;-1198;1509;4
2025-05-21T14:51:47Z;-1199;;310
2025-05-21T14:51:51Z;-1199;;310
2025-05-21T14:51:53Z;-1197;;312
2025-05-21T14:51:56Z;;1496;299
2025-05-21T14:51:58Z;;1500;303
2025-05-21T14:52:03Z;;1496;299
2025-05-21T14:57:42Z;-763;;733
2025-05-21T14:57:43Z;-983;;513
2025-05-21T14:57:44Z;;1195;212
2025-05-21T14:57:46Z;;1286;303
2025-05-21T14:58:44Z;-902;;384
2025-05-21T14:58:45Z;;1192;290
2025-05-21T14:59:39Z;-672;;520
2025-05-21T15:00:00Z;;894;222
2025-05-21T15:00:03Z;;906;234
2025-05-21T15:00:07Z;-687;;219
2025-05-21T15:00:39Z;-393;;513
2025-05-21T15:01:45Z;-599;;307
2025-05-21T15:05:08Z;-434;;472
2025-05-21T15:05:41Z;;562;128
2025-05-21T15:05:45Z;;615;181
2025-05-21T15:05:47Z;;455;21
2025-05-21T15:05:49Z;;636;202
2025-05-21T15:05:51Z;;384;-50
2025-05-21T15:05:53Z;;630;196
2025-05-21T15:05:54Z;;459;25
2025-05-21T15:05:56Z;;624;190
2025-05-21T15:06:04Z;;595;161
2025-05-21T15:06:06Z;;615;181
2025-05-21T15:06:08Z;;591;157
2025-05-21T15:06:10Z;;610;176
2025-05-21T15:06:15Z;;599;165
2025-05-21T15:06:17Z;;605;171
2025-05-21T15:06:25Z;;596;162
2025-05-21T15:06:27Z;;603;169
2025-05-21T15:06:35Z;;594;160
2025-05-21T15:06:37Z;;602;168
2025-05-21T15:06:44Z;;602;168
2025-05-21T15:06:47Z;;602;168
2025-05-21T15:06:56Z;;595;161
2025-05-21T15:06:57Z;;604;170
2025-05-21T15:07:06Z;;599;165
2025-05-21T15:07:07Z;;608;174
2025-05-21T15:07:34Z;-301;;307
2025-05-21T15:07:46Z;225;;833
2025-05-21T15:07:47Z;-234;;374
2025-05-21T15:07:55Z;-354;;254
2025-05-21T15:14:01Z;;597;243
2025-05-21T15:15:03Z;;550;196
2025-05-21T15:15:07Z;-370;;180
2025-05-21T15:16:40Z;-299;;251
2025-05-21T15:16:42Z;-293;;257
2025-05-21T15:16:48Z;-305;;245
2025-05-21T15:17:53Z;-252;;298
2025-05-21T15:17:54Z;-255;;295
2025-05-21T15:23:05Z;;299;44
2025-05-21T15:23:07Z;;309;54
2025-05-21T15:23:15Z;;297;42
2025-05-21T15:23:17Z;;300;45
2025-05-21T15:24:02Z;;292;37
2025-05-21T15:24:05Z;;301;46
2025-05-21T15:27:59Z;;0;-255
2025-05-21T15:28:01Z;341;306;341
2025-05-21T15:28:02Z;-131;;175
2025-05-21T15:30:03Z;;318;187
2025-05-21T15:30:07Z;-148;;170
2025-05-21T15:31:05Z;;298;150
2025-05-21T15:31:07Z;;305;157
2025-05-21T15:31:16Z;;296;148
2025-05-21T15:31:17Z;;303;155
2025-05-21T15:31:25Z;;294;146
2025-05-21T15:31:30Z;;300;152
2025-05-21T15:31:32Z;;297;149
2025-05-21T15:31:41Z;;302;154
2025-05-21T15:31:43Z;;297;149
2025-05-21T15:31:51Z;;300;152
2025-05-21T15:31:53Z;;295;147
2025-05-21T15:35:38Z;179;;474
2025-05-21T15:35:59Z;-80;;215
2025-05-21T15:36:23Z;31;;326
2025-05-21T15:36:24Z;-71;;224
2025-05-21T15:37:24Z;124;;419
2025-05-21T15:45:03Z;;264;388
2025-05-21T15:48:14Z;347;;611
2025-05-21T15:48:15Z;-101;;163
2025-05-21T15:49:20Z;;301;200
2025-05-21T15:49:22Z;;295;194
2025-05-21T15:49:30Z;;302;201
2025-05-21T15:49:32Z;;298;197
2025-05-21T15:49:39Z;;299;198
2025-05-21T15:49:43Z;;292;191
2025-05-21T15:49:46Z;;300;199
2025-05-21T15:49:54Z;;295;194
2025-05-21T15:49:56Z;;303;202
2025-05-21T15:50:04Z;;298;197
2025-05-21T15:50:06Z;;300;199
2025-05-21T15:55:58Z;-301;;-1
2025-05-21T15:56:00Z;-302;;-2
2025-05-21T15:56:01Z;-296;;4
2025-05-21T15:56:03Z;-307;;-7
2025-05-21T15:56:05Z;-293;;7
2025-05-21T15:59:37Z;203;;503
2025-05-21T15:59:40Z;-296;;4
2025-05-21T15:59:42Z;-301;;-1
2025-05-21T15:59:44Z;-298;;2
2025-05-21T15:59:47Z;-294;;6
2025-05-21T15:59:49Z;-296;;4
2025-05-21T15:59:50Z;-301;;-1
2025-05-21T15:59:52Z;-297;;3
2025-05-21T15:59:54Z;-301;;-1
2025-05-21T15:59:56Z;-297;;3
2025-05-21T15:59:58Z;-304;;-4
2025-05-21T16:00:00Z;-292;;8
2025-05-21T16:00:02Z;-305;;-5
2025-05-21T16:00:03Z;;597;292
2025-05-21T16:00:04Z;-292;;305
2025-05-21T16:00:06Z;;600;308
2025-05-21T16:00:08Z;;592;300
2025-05-21T16:00:10Z;;601;309
2025-05-21T16:00:12Z;;594;302
2025-05-21T16:00:14Z;-309;;285
2025-05-21T16:00:15Z;;602;293
2025-05-21T16:00:16Z;-295;;307
2025-05-21T16:00:17Z;;595;300
2025-05-21T16:00:19Z;;603;308
2025-05-21T16:00:21Z;;597;302
2025-05-21T16:00:22Z;;606;311
2025-05-21T16:00:24Z;;599;304
2025-05-21T16:00:26Z;;607;312
2025-05-21T16:00:27Z;;607;312
2025-05-21T16:00:29Z;;600;290
2025-05-21T16:00:31Z;-310;;297
2025-05-21T16:00:32Z;-296;;311
2025-05-21T16:06:03Z;-609;;-9
2025-05-21T16:06:06Z;;917;308
2025-05-21T16:07:37Z;;896;287
2025-05-21T16:07:38Z;-601;;295
2025-05-21T16:08:40Z;8;;904
2025-05-21T16:14:20Z;;596;604
2025-05-21T16:14:22Z;;601;609
2025-05-21T16:14:26Z;;597;605
2025-05-21T16:14:32Z;-311;;247
2025-05-21T16:14:34Z;-295;;263
2025-05-21T16:14:38Z;-288;;309
2025-05-21T16:15:03Z;;558;270
2025-05-21T16:15:09Z;-284;;274
2025-05-21T16:20:10Z;;293;9
2025-05-21T16:20:11Z;;301;17
2025-05-21T16:20:15Z;;299;15
2025-05-21T16:20:23Z;;302;18
2025-05-21T16:20:25Z;;295;11
2025-05-21T16:21:03Z;171;;466
2025-05-21T16:23:57Z;2;;297
2025-05-21T16:24:14Z;46;;341
2025-05-21T16:24:15Z;-50;;245
2025-05-21T16:25:31Z;10;;305
2025-05-21T16:25:44Z;9;;304
2025-05-21T16:25:47Z;7;;302
2025-05-21T16:25:51Z;70;;365
2025-05-21T16:27:20Z;0;;295
2025-05-21T16:27:29Z;1;;296
2025-05-21T16:27:30Z;0;;295
2025-05-21T16:27:38Z;8;;303
2025-05-21T16:34:44Z;320;;615
2025-05-21T16:34:45Z;142;;437
2025-05-21T16:38:04Z;1575;;1870
2025-05-21T16:38:21Z;21;;316
2025-05-21T16:38:32Z;1744;;2039
2025-05-21T16:38:33Z;1809;;2104
2025-05-21T16:38:34Z;1757;;2052
2025-05-21T16:40:40Z;12;;307
2025-05-21T16:40:50Z;1765;;2060
2025-05-21T16:40:51Z;1801;;2096
2025-05-21T16:40:53Z;1772;;2067
2025-05-21T16:45:03Z;;199;1971
2025-05-21T16:45:07Z;1760;;1959
2025-05-21T16:45:11Z;1986;;2185
2025-05-21T16:45:32Z;1657;;1856
2025-05-21T16:46:06Z;1958;;2157
2025-05-21T16:46:15Z;1799;;1998
2025-05-21T16:46:16Z;1800;;1999
2025-05-21T16:46:17Z;1798;;1997
2025-05-21T16:46:19Z;1888;;2087
2025-05-21T16:46:27Z;1611;;1810
2025-05-21T16:46:36Z;1296;;1495
2025-05-21T16:46:38Z;1714;;2014
2025-05-21T16:49:30Z;1321;;1520
2025-05-21T16:49:31Z;1559;;1758
2025-05-21T16:49:32Z;;590;2149
2025-05-21T16:49:34Z;;239;1798
2025-05-21T16:51:20Z;;303;1862
2025-05-21T16:51:28Z;1498;;1801
2025-05-21T16:51:29Z;1607;;1910
2025-05-21T16:51:35Z;1498;;1801
2025-05-21T16:51:36Z;1533;;1836
2025-05-21T16:51:37Z;1490;;1793
2025-05-21T16:51:45Z;1537;;1840
2025-05-21T16:51:51Z;1478;;1781
2025-05-21T16:52:02Z;1631;;1934
2025-05-21T16:52:08Z;1466;;1769
2025-05-21T16:52:17Z;1700;;2003
2025-05-21T16:52:19Z;;114;1814
2025-05-21T16:52:21Z;;356;1885
2025-05-21T16:52:24Z;1446;;1560
2025-05-21T16:52:34Z;1529;;1643
2025-05-21T16:52:40Z;1437;;1793
2025-05-21T16:52:50Z;1519;;1875
2025-05-21T16:52:56Z;1434;;1790
2025-05-21T16:53:07Z;1579;;1935
2025-05-21T16:53:12Z;1459;;1815
2025-05-21T16:53:23Z;1534;;1890
2025-05-21T16:53:29Z;1414;;1770
2025-05-21T16:53:39Z;1503;;1859
2025-05-21T16:53:45Z;1410;;1766
2025-05-21T16:53:56Z;1550;;1906
2025-05-21T16:54:01Z;1406;;1762
2025-05-21T16:54:12Z;1587;;1943
2025-05-21T16:54:18Z;1400;;1756
2025-05-21T16:54:29Z;1520;;1876
2025-05-21T16:54:34Z;1386;;1742
2025-05-21T16:54:44Z;1508;;1864
2025-05-21T16:54:50Z;1394;;1750
2025-05-21T16:55:00Z;1505;;1861
2025-05-21T16:55:06Z;1416;;1772
2025-05-21T16:55:17Z;1590;;1946
2025-05-21T16:55:23Z;1411;;1767
2025-05-21T16:55:29Z;-244;;112
2025-05-21T16:56:19Z;1413;;1769
2025-05-21T16:56:22Z;1605;;1961
2025-05-21T16:56:24Z;1497;;1853
2025-05-21T16:56:25Z;1502;;1858
2025-05-21T16:56:28Z;1388;;1744
2025-05-21T16:56:38Z;1527;;1883
2025-05-21T16:56:43Z;1497;;1853
2025-05-21T16:56:55Z;1514;;1870
2025-05-21T16:56:56Z;1497;;1853
2025-05-21T16:56:57Z;1508;;1864
2025-05-21T16:57:11Z;1545;;1901
2025-05-21T16:57:16Z;1399;;1755
2025-05-21T16:57:27Z;1597;;1953
2025-05-21T16:57:30Z;114;;470
2025-05-21T16:58:44Z;1406;;1762
2025-05-21T16:58:48Z;1511;;1867
2025-05-21T16:58:54Z;1386;;1742
2025-05-21T16:59:05Z;1519;;1875
2025-05-21T16:59:07Z;1498;;1854
2025-05-21T16:59:08Z;1502;;1858
2025-05-21T16:59:09Z;1493;;1849
2025-05-21T16:59:21Z;1526;;1882
2025-05-21T16:59:26Z;1382;;1738
2025-05-21T16:59:32Z;-238;;118
2025-05-21T16:59:39Z;;177;-61
2025-05-21T16:59:41Z;;406;168
2025-05-21T17:00:03Z;;423;185
2025-05-21T17:00:07Z;-232;;191
2025-05-21T17:00:59Z;1545;;1968
2025-05-21T17:01:04Z;1404;;1827
2025-05-21T17:01:15Z;1545;;1968
2025-05-21T17:01:20Z;1404;;1827
2025-05-21T17:01:31Z;1568;;1991
2025-05-21T17:01:36Z;1429;;1852
2025-05-21T17:01:47Z;-50;;373
2025-05-21T17:03:36Z;1352;;1775
2025-05-21T17:03:41Z;1610;;2033
2025-05-21T17:03:47Z;1409;;1832
2025-05-21T17:03:57Z;1555;;1978
2025-05-21T17:04:03Z;1413;;1836
2025-05-21T17:04:13Z;1518;;1941
2025-05-21T17:04:15Z;-89;;334
2025-05-21T17:05:09Z;874;;1297
2025-05-21T17:05:18Z;20;;443
2025-05-21T17:05:24Z;-77;;346
2025-05-21T17:05:34Z;18;;441
2025-05-21T17:05:40Z;-70;;353
2025-05-21T17:05:50Z;4;;427
2025-05-21T17:05:56Z;-52;;371
2025-05-21T17:06:07Z;63;;486
2025-05-21T17:06:13Z;-43;;380
2025-05-21T17:06:23Z;41;;464
2025-05-21T17:06:29Z;-55;;368
2025-05-21T17:06:39Z;47;;470
2025-05-21T17:06:41Z;1743;;2166
2025-05-21T17:07:12Z;97;;520
2025-05-21T17:07:15Z;;127;224
2025-05-21T17:07:17Z;;356;453
2025-05-21T17:07:25Z;63;;419
2025-05-21T17:07:28Z;58;;414
2025-05-21T17:07:41Z;54;;410
2025-05-21T17:07:44Z;24;;380
2025-05-21T17:07:58Z;50;;406
2025-05-21T17:08:01Z;57;;413
2025-05-21T17:08:14Z;61;;417
2025-05-21T17:08:17Z;77;;433
2025-05-21T17:08:31Z;14;;370
2025-05-21T17:08:33Z;44;;400
2025-05-21T17:08:46Z;92;;448
2025-05-21T17:08:49Z;189;;545
2025-05-21T17:08:55Z;-27;;329
2025-05-21T17:09:06Z;149;;505
2025-05-21T17:09:12Z;-60;;296
2025-05-21T17:09:22Z;96;;452
2025-05-21T17:09:38Z;35;;391
2025-05-21T17:09:44Z;-58;;298
2025-05-21T17:09:50Z;-49;;307
2025-05-21T17:09:52Z;-388;;239
2025-05-21T17:09:53Z;;627;688
2025-05-21T17:09:54Z;6;;348
2025-05-21T17:09:55Z;;342;403
2025-05-21T17:09:59Z;75;;431
2025-05-21T17:10:11Z;127;;483
2025-05-21T17:10:16Z;61;;417
2025-05-21T17:10:27Z;88;;430
2025-05-21T17:10:33Z;-53;;289
2025-05-21T17:10:43Z;45;;387
2025-05-21T17:10:48Z;66;;408
2025-05-21T17:11:00Z;150;;492
2025-05-21T17:11:04Z;63;;405
2025-05-21T17:11:16Z;128;;470
2025-05-21T17:11:21Z;64;;406
2025-05-21T17:11:32Z;112;;454
2025-05-21T17:11:45Z;61;;403
2025-05-21T17:11:48Z;56;;398
2025-05-21T17:12:02Z;-44;;298
2025-05-21T17:12:04Z;28;;370
2025-05-21T17:12:18Z;55;;397
2025-05-21T17:12:21Z;151;;493
2025-05-21T17:12:34Z;81;;423
2025-05-21T17:12:37Z;86;;428
2025-05-21T17:12:50Z;76;;418
2025-05-21T17:12:53Z;60;;402
2025-05-21T17:13:06Z;70;;412
2025-05-21T17:13:09Z;51;;393
2025-05-21T17:13:24Z;-36;;306
2025-05-21T17:13:26Z;147;;489
2025-05-21T17:13:40Z;-37;;305
2025-05-21T17:13:42Z;90;;432
2025-05-21T17:13:56Z;-21;;321
2025-05-21T17:13:58Z;61;;403
2025-05-21T17:14:11Z;88;;430
2025-05-21T17:14:14Z;57;;399
2025-05-21T17:14:27Z;101;;443
2025-05-21T17:14:31Z;187;;529
2025-05-21T17:14:44Z;98;;440
2025-05-21T17:14:47Z;143;;485
2025-05-21T17:14:58Z;;298;441
2025-05-21T17:15:00Z;;303;291
2025-05-21T17:15:01Z;-8;;290
2025-05-21T17:15:03Z;93;;435
2025-05-21T17:15:04Z;;298;286
2025-05-21T17:15:07Z;-12;;330
2025-05-21T17:15:08Z;;295;438
2025-05-21T17:15:11Z;;300;288
2025-05-21T17:15:13Z;;299;287
2025-05-21T17:15:15Z;;303;291
2025-05-21T17:15:19Z;28;298;286
2025-05-21T17:15:34Z;4;;302
2025-05-21T17:15:36Z;217;;515
2025-05-21T17:19:56Z;300;;598
2025-05-21T17:19:58Z;235;;533
2025-05-21T17:20:45Z;305;;603
2025-05-21T17:20:46Z;241;;539
2025-05-21T17:22:06Z;309;;607
2025-05-21T17:22:08Z;239;;537
2025-05-21T17:24:00Z;301;;599
2025-05-21T17:24:02Z;236;;534
2025-05-21T17:24:18Z;314;;612
2025-05-21T17:24:19Z;239;;537
2025-05-21T17:30:03Z;;148;387
2025-05-21T17:40:11Z;;0;239
2025-05-21T17:40:12Z;;101;340
2025-05-21T17:40:14Z;;0;239
2025-05-21T17:40:16Z;;111;350
2025-05-21T17:45:03Z;;69;308
2025-05-21T17:45:39Z;346;;415
2025-05-21T17:45:41Z;292;;361
2025-05-21T17:46:45Z;317;;386
2025-05-21T17:46:46Z;257;;326
2025-05-21T17:47:04Z;247;;316
2025-05-21T17:47:34Z;309;;378
2025-05-21T17:47:35Z;263;;332
2025-05-21T17:47:53Z;272;;341
2025-05-21T17:48:06Z;347;;416
2025-05-21T17:48:08Z;260;;329
2025-05-21T17:48:39Z;327;;396
2025-05-21T17:48:40Z;281;;350
2025-05-21T17:48:57Z;356;;425
2025-05-21T17:48:58Z;273;;342
2025-05-21T17:49:11Z;336;;405
2025-05-21T17:49:13Z;278;;347
2025-05-21T17:49:36Z;300;;369
2025-05-21T17:49:38Z;295;;364
2025-05-21T17:49:46Z;320;;389
2025-05-21T17:49:47Z;265;;334
2025-05-21T17:49:50Z;306;;375
2025-05-21T17:49:51Z;295;;364
2025-05-21T17:50:02Z;351;;420
2025-05-21T17:50:03Z;274;;343
2025-05-21T17:50:16Z;343;;412
2025-05-21T17:50:17Z;287;;356
2025-05-21T17:50:27Z;289;;358
2025-05-21T17:50:33Z;336;;405
2025-05-21T17:50:34Z;290;0;336
2025-05-21T17:50:35Z;;402;692
2025-05-21T17:50:38Z;342;;744
2025-05-21T17:50:40Z;295;;697
2025-05-21T17:50:41Z;305;;707
2025-05-21T17:50:42Z;288;;690
2025-05-21T17:50:44Z;301;;703
2025-05-21T17:50:49Z;333;;735
2025-05-21T17:50:50Z;;0;333
2025-05-21T17:50:53Z;283;;283
2025-05-21T17:50:54Z;304;;304
2025-05-21T17:50:56Z;298;;298
2025-05-21T17:51:00Z;305;;305
2025-05-21T17:51:01Z;288;;288
2025-05-21T17:51:03Z;300;;300
2025-05-21T17:51:05Z;369;;369
2025-05-21T17:51:06Z;299;;299
2025-05-21T17:51:10Z;304;;304
2025-05-21T17:51:11Z;295;;295
2025-05-21T17:51:17Z;303;;303
2025-05-21T17:51:19Z;177;;177
2025-05-21T17:51:21Z;384;;384
2025-05-21T17:51:23Z;289;;289
2025-05-21T17:51:30Z;303;;303
2025-05-21T17:51:33Z;296;;296
2025-05-21T17:51:38Z;318;;318
2025-05-21T17:51:40Z;274;;274
2025-05-21T17:51:41Z;300;;300
2025-05-21T17:51:42Z;292;;292
2025-05-21T17:51:45Z;;1;293
2025-05-21T17:51:47Z;;0;292
2025-05-21T17:51:54Z;329;;329
2025-05-21T17:51:56Z;291;;291
2025-05-21T17:52:12Z;382;;382
2025-05-21T17:52:13Z;291;;291
2025-05-21T17:52:14Z;305;;305
2025-05-21T17:52:16Z;299;;299
2025-05-21T17:52:17Z;296;;296
2025-05-21T17:52:20Z;308;;308
2025-05-21T17:52:21Z;284;;284
2025-05-21T17:52:28Z;379;;379
2025-05-21T17:52:29Z;298;;298
2025-05-21T17:52:30Z;307;;307
2025-05-21T17:52:31Z;296;;296
2025-05-21T17:52:34Z;291;;291
2025-05-21T17:52:35Z;300;;300
2025-05-21T17:52:37Z;295;;295
2025-05-21T17:52:38Z;301;;301
2025-05-21T17:52:39Z;297;;297
2025-05-21T17:52:42Z;312;;312
2025-05-21T17:52:44Z;286;;286
2025-05-21T17:52:46Z;309;;309
2025-05-21T17:52:47Z;302;;302
2025-05-21T17:52:49Z;290;;290
2025-05-21T17:52:50Z;307;;307
2025-05-21T17:52:51Z;296;;296
2025-05-21T17:52:52Z;302;;302
2025-05-21T17:52:54Z;299;;299
2025-05-21T17:52:55Z;301;;301
2025-05-21T17:52:56Z;295;;295
2025-05-21T17:52:59Z;346;;346
2025-05-21T17:53:01Z;287;;287
2025-05-21T17:53:03Z;320;;299
2025-05-21T17:53:05Z;301;;301
2025-05-21T17:53:07Z;298;;298
2025-05-21T17:53:10Z;308;;308
2025-05-21T17:53:12Z;295;;295
2025-05-21T17:53:15Z;394;;394
2025-05-21T17:53:16Z;290;;290
2025-05-21T17:53:19Z;303;;303
2025-05-21T17:53:26Z;298;;298
2025-05-21T17:53:28Z;303;;303
2025-05-21T17:53:31Z;358;;358
2025-05-21T17:53:33Z;287;;287
2025-05-21T17:53:36Z;304;;304
2025-05-21T17:53:42Z;299;;299
2025-05-21T17:53:43Z;306;;306
2025-05-21T17:53:44Z;297;;297
2025-05-21T17:53:48Z;311;;311
2025-05-21T17:53:50Z;290;;290
2025-05-21T17:53:53Z;305;;305
2025-05-21T17:53:54Z;294;;294
2025-05-21T17:53:56Z;307;;307
2025-05-21T17:54:00Z;293;;293
2025-05-21T17:54:02Z;185;;185
2025-05-21T17:54:04Z;333;;333
2025-05-21T17:54:06Z;292;;292
2025-05-21T17:54:09Z;300;;300
2025-05-21T17:54:12Z;298;;298
2025-05-21T17:54:14Z;302;;302
2025-05-21T17:54:15Z;297;;297
2025-05-21T17:54:22Z;382;;382
2025-05-21T17:54:30Z;300;;300
2025-05-21T17:54:31Z;288;;288
2025-05-21T17:54:32Z;308;;308
2025-05-21T17:54:34Z;183;;183
2025-05-21T17:54:36Z;304;;304
2025-05-21T17:54:41Z;286;;286
2025-05-21T17:54:53Z;306;;306
2025-05-21T17:54:55Z;297;;297
2025-05-21T17:54:56Z;296;;296
2025-05-21T17:55:09Z;326;;326
2025-05-21T17:55:10Z;299;;299
2025-05-21T17:55:12Z;306;;306
2025-05-21T17:55:13Z;298;;298
2025-05-21T17:55:26Z;299;;299
2025-05-21T17:55:29Z;308;;308
2025-05-21T17:55:30Z;273;;273
2025-05-21T17:55:43Z;315;;315
2025-05-21T17:55:44Z;282;;282
2025-05-21T17:55:45Z;303;;303
2025-05-21T17:55:52Z;298;;298
2025-05-21T17:55:53Z;304;;304
2025-05-21T17:55:55Z;187;;187
2025-05-21T17:55:58Z;320;;320
2025-05-21T17:55:59Z;278;;278
2025-05-21T17:56:01Z;303;;303
2025-05-21T17:56:04Z;291;;291
2025-05-21T17:56:05Z;308;;308
2025-05-21T17:56:06Z;294;;294
2025-05-21T17:56:08Z;315;;315
2025-05-21T17:56:11Z;178;;178
2025-05-21T17:56:15Z;289;;289
2025-05-21T17:56:16Z;304;;304
2025-05-21T17:56:18Z;295;;295
2025-05-21T17:56:19Z;303;;303
2025-05-21T17:56:20Z;298;;298
2025-05-21T17:56:21Z;302;;302
2025-05-21T17:56:24Z;298;;298
2025-05-21T17:56:25Z;308;;308
2025-05-21T17:56:27Z;182;;182
2025-05-21T17:56:30Z;385;;385
2025-05-21T17:56:31Z;294;;294
2025-05-21T17:56:33Z;308;;308
2025-05-21T17:56:35Z;296;;296
2025-05-21T17:56:36Z;303;;303
2025-05-21T17:56:37Z;295;;295
2025-05-21T17:56:38Z;301;;301
2025-05-21T17:56:40Z;299;;299
2025-05-21T17:56:41Z;306;;306
2025-05-21T17:56:43Z;292;;292
2025-05-21T17:56:53Z;365;;365
2025-05-21T17:56:54Z;295;;295
2025-05-21T17:56:55Z;305;;305
2025-05-21T17:57:00Z;182;;182
2025-05-21T17:57:02Z;304;;304
2025-05-21T17:57:04Z;289;;289
2025-05-21T17:57:05Z;308;;308
2025-05-21T17:57:16Z;183;;183
2025-05-21T17:57:19Z;379;;379
2025-05-21T17:57:21Z;291;;291
2025-05-21T17:57:23Z;306;;306
2025-05-21T17:57:25Z;296;;296
2025-05-21T17:57:28Z;303;;303
2025-05-21T17:57:29Z;295;;295
2025-05-21T17:57:30Z;303;;303
2025-05-21T17:57:32Z;203;;203
2025-05-21T17:57:35Z;389;;389
2025-05-21T17:57:37Z;281;;281
2025-05-21T17:57:38Z;303;;303
2025-05-21T17:57:41Z;291;;291
2025-05-21T17:57:42Z;301;;301
2025-05-21T17:57:43Z;287;;287
2025-05-21T17:57:51Z;333;;333
2025-05-21T17:57:52Z;299;;299
2025-05-21T17:57:59Z;317;;317
2025-05-21T17:58:05Z;276;;276
2025-05-21T17:58:07Z;380;;380
2025-05-21T17:58:42Z;607;;607
2025-05-21T17:58:43Z;522;;522
2025-05-21T17:58:44Z;787;;787
2025-05-21T17:59:04Z;493;;493
2025-05-21T17:59:44Z;806;;806
2025-05-21T17:59:45Z;993;;993
2025-05-21T17:59:47Z;882;;882
2025-05-21T18:00:03Z;;0;882
2025-05-21T18:00:07Z;567;;567
2025-05-21T18:00:10Z;891;;891
2025-05-21T18:00:17Z;662;;662
2025-05-21T18:00:23Z;567;;567
2025-05-21T18:00:33Z;663;;663
2025-05-21T18:00:39Z;583;;583
2025-05-21T18:00:50Z;759;;759
2025-05-21T18:00:56Z;572;;572
2025-05-21T18:01:06Z;723;;723
2025-05-21T18:01:12Z;573;;573
2025-05-21T18:01:22Z;670;;670
2025-05-21T18:01:28Z;549;;549
2025-05-21T18:01:38Z;614;;614
2025-05-21T18:01:45Z;575;;575
2025-05-21T18:01:50Z;2379;;2379
2025-05-21T18:01:55Z;2553;;2553
2025-05-21T18:02:01Z;2353;;2353
2025-05-21T18:02:11Z;2441;;2441
2025-05-21T18:02:17Z;2299;;2299
2025-05-21T18:02:28Z;2425;;2425
2025-05-21T18:02:33Z;2304;;2304
2025-05-21T18:02:44Z;2491;;2491
2025-05-21T18:02:49Z;2333;;2333
2025-05-21T18:03:00Z;2483;;2483
2025-05-21T18:03:06Z;2331;;2331
2025-05-21T18:03:16Z;2442;;2442
2025-05-21T18:03:22Z;2313;;2313
2025-05-21T18:03:32Z;2415;;2415
2025-05-21T18:03:38Z;2315;;2315
2025-05-21T18:03:48Z;2447;;2447
2025-05-21T18:04:03Z;2294;;2294
2025-05-21T18:04:19Z;2313;;2313
2025-05-21T18:04:21Z;2425;;2425
2025-05-21T18:04:23Z;2387;;2387
2025-05-21T18:04:24Z;2405;;2405
2025-05-21T18:04:38Z;2429;;2429
2025-05-21T18:04:51Z;2334;;2334
2025-05-21T18:04:53Z;2412;;2412
2025-05-21T18:05:03Z;2392;;2392
2025-05-21T18:05:10Z;2486;;2486
2025-05-21T18:05:11Z;2394;;2394
2025-05-21T18:05:12Z;2400;;2400
2025-05-21T18:05:15Z;2398;;2398
2025-05-21T18:05:17Z;2402;;2402
2025-05-21T18:05:19Z;2397;;2397
2025-05-21T18:05:20Z;2402;;2402
2025-05-21T18:05:22Z;2398;;2398
2025-05-21T18:05:26Z;2452;;2452
2025-05-21T18:05:27Z;2379;;2379
2025-05-21T18:05:30Z;2410;;2410
2025-05-21T18:05:31Z;2396;;2396
2025-05-21T18:05:32Z;2409;;2409
2025-05-21T18:05:34Z;2397;;2397
2025-05-21T18:05:37Z;2412;;2412
2025-05-21T18:05:39Z;2397;;2397
2025-05-21T18:05:43Z;2424;;2424
2025-05-21T18:05:45Z;2387;;2387
2025-05-21T18:05:53Z;2451;;2451
2025-05-21T18:05:56Z;2327;;2327
2025-05-21T18:05:59Z;2494;;2494
2025-05-21T18:06:15Z;2602;;2602
2025-05-21T18:06:29Z;2310;;2310
2025-05-21T18:06:31Z;2472;;2472
2025-05-21T18:06:45Z;2342;;2342
2025-05-21T18:06:47Z;2428;;2428
2025-05-21T18:07:01Z;2328;;2328
2025-05-21T18:07:04Z;2526;;2526
2025-05-21T18:07:18Z;2338;;2338
2025-05-21T18:07:20Z;2535;;2535
2025-05-21T18:07:34Z;2327;;2327
2025-05-21T18:07:36Z;2471;;2471
2025-05-21T18:07:50Z;2303;;2303
2025-05-21T18:07:52Z;2403;;2403
2025-05-21T18:08:06Z;2320;;2320
2025-05-21T18:08:08Z;2407;;2407
2025-05-21T18:08:23Z;2312;;2312
2025-05-21T18:08:25Z;2510;;2510
2025-05-21T18:08:39Z;2323;;2323
2025-05-21T18:08:41Z;2469;;2469
2025-05-21T18:08:55Z;2296;;2296
2025-05-21T18:08:58Z;2444;;2444
2025-05-21T18:08:59Z;2398;;2398
2025-05-21T18:09:01Z;2403;;2403
2025-05-21T18:09:11Z;2335;;2335
2025-05-21T18:09:13Z;2401;;2401
2025-05-21T18:09:28Z;2320;;2320
2025-05-21T18:09:30Z;2515;;2515
2025-05-21T18:09:44Z;2362;;2362
2025-05-21T18:09:46Z;2479;;2479
2025-05-21T18:09:54Z;2329;;2329
2025-05-21T18:10:19Z;2445;;2445
2025-05-21T18:10:21Z;2395;;2395
2025-05-21T18:10:37Z;2564;;2564
2025-05-21T18:10:41Z;2364;;2364
2025-05-21T18:10:51Z;2468;;2468
2025-05-21T18:10:57Z;2318;;2318
2025-05-21T18:11:07Z;2440;;2440
2025-05-21T18:11:13Z;2334;;2334
2025-05-21T18:11:42Z;2431;;2431
2025-05-21T18:11:43Z;2359;;2359
2025-05-21T18:11:44Z;2480;;2480
2025-05-21T18:11:46Z;2354;;2354
2025-05-21T18:12:02Z;2064;;2064
2025-05-21T18:12:12Z;2140;;2140
2025-05-21T18:12:18Z;2057;;2057
2025-05-21T18:12:24Z;2102;;2102
2025-05-21T18:12:25Z;2099;;2099
2025-05-21T18:12:26Z;2100;;2100
2025-05-21T18:12:52Z;2073;;2073
2025-05-21T18:13:01Z;2186;;2186
2025-05-21T18:13:07Z;2072;;2072
2025-05-21T18:13:17Z;2165;;2165
2025-05-21T18:13:27Z;2111;;2111
2025-05-21T18:14:15Z;2244;;2244
2025-05-21T18:14:30Z;758;;758
2025-05-21T18:14:31Z;351;;351
2025-05-21T18:14:40Z;2369;;2369
2025-05-21T18:14:41Z;2437;;2437
2025-05-21T18:14:42Z;2387;;2387
2025-05-21T18:14:55Z;2411;;2411
2025-05-21T18:14:57Z;2346;;2346
2025-05-21T18:15:03Z;;0;2346
2025-05-21T18:15:09Z;2222;;2222
2025-05-21T18:15:27Z;2416;;2416
2025-05-21T18:15:41Z;2319;;2319
2025-05-21T18:15:44Z;2478;;2478
2025-05-21T18:15:49Z;2366;;2366
2025-05-21T18:16:00Z;2451;;2451
2025-05-21T18:16:01Z;2383;;2383
2025-05-21T18:16:32Z;2503;;2503
2025-05-21T18:16:46Z;2305;;2305
2025-05-21T18:16:49Z;2504;;2504
2025-05-21T18:16:51Z;2362;;2362
2025-05-21T18:17:05Z;2463;;2463
2025-05-21T18:17:07Z;2371;;2371
2025-05-21T18:17:28Z;2419;;2419
2025-05-21T18:17:35Z;2309;;2309
2025-05-21T18:17:50Z;2380;;2380
2025-05-21T18:17:54Z;4480;;4480
2025-05-21T18:17:55Z;2523;;2523
2025-05-21T18:20:19Z;2398;;2398
2025-05-21T18:20:21Z;2639;;2639
2025-05-21T18:22:33Z;587;;587
2025-05-21T18:22:38Z;2428;;2428
2025-05-21T18:23:23Z;598;;598
2025-05-21T18:23:24Z;600;;600
2025-05-21T18:23:25Z;483;;483
2025-05-21T18:23:35Z;622;;622
2025-05-21T18:23:37Z;592;;592
2025-05-21T18:23:51Z;601;;601
2025-05-21T18:23:57Z;496;;496
2025-05-21T18:24:13Z;498;;498
2025-05-21T18:24:24Z;690;;690
2025-05-21T18:24:29Z;527;;527
2025-05-21T18:24:40Z;685;;685
2025-05-21T18:24:46Z;496;;496
2025-05-21T18:24:57Z;627;;627
2025-05-21T18:25:02Z;495;;495
2025-05-21T18:25:13Z;635;;635
2025-05-21T18:25:18Z;497;;497
2025-05-21T18:25:29Z;676;;676
2025-05-21T18:25:34Z;594;;594
2025-05-21T18:25:45Z;686;;686
2025-05-21T18:25:51Z;495;;495
2025-05-21T18:26:01Z;627;;627
2025-05-21T18:26:07Z;491;;491
2025-05-21T18:26:17Z;722;;722
2025-05-21T18:26:31Z;497;;497
2025-05-21T18:26:34Z;691;;691
2025-05-21T18:26:36Z;593;;593
2025-05-21T18:26:37Z;615;;615
2025-05-21T18:26:47Z;587;;587
2025-05-21T18:26:50Z;696;;696
2025-05-21T18:27:04Z;507;;507
2025-05-21T18:27:06Z;635;;635
2025-05-21T18:27:09Z;593;;593
2025-05-21T18:27:10Z;604;;604
2025-05-21T18:27:11Z;595;;595
2025-05-21T18:27:13Z;603;;603
2025-05-21T18:27:14Z;599;;599
2025-05-21T18:27:15Z;604;;604
2025-05-21T18:27:20Z;477;;477
2025-05-21T18:27:23Z;643;;643
2025-05-21T18:27:25Z;581;;581
2025-05-21T18:27:28Z;611;;611
2025-05-21T18:27:33Z;587;;587
2025-05-21T18:27:34Z;605;;605
2025-05-21T18:27:36Z;585;;585
2025-05-21T18:27:39Z;670;;670
2025-05-21T18:27:40Z;585;;585
2025-05-21T18:27:42Z;600;;600
2025-05-21T18:27:43Z;598;;598
2025-05-21T18:27:51Z;600;;600
2025-05-21T18:27:53Z;476;;476
2025-05-21T18:27:55Z;661;;661
2025-05-21T18:27:56Z;598;;598
2025-05-21T18:27:58Z;604;;604
2025-05-21T18:27:59Z;587;;587
2025-05-21T18:28:01Z;602;;602
2025-05-21T18:28:03Z;603;;603
2025-05-21T18:28:04Z;593;;593
2025-05-21T18:28:06Z;609;;609
2025-05-21T18:28:07Z;599;;599
2025-05-21T18:28:16Z;581;;581
2025-05-21T18:28:24Z;605;;605
2025-05-21T18:28:26Z;473;;473
2025-05-21T18:29:00Z;2405;;2405
2025-05-21T18:29:02Z;2390;;2390
2025-05-21T18:29:17Z;2408;;2408
2025-05-21T18:29:19Z;2395;;2395
2025-05-21T18:29:20Z;2385;;2385
2025-05-21T18:29:32Z;2402;;2402
2025-05-21T18:29:38Z;2316;;2316
2025-05-21T18:29:49Z;2491;;2491
2025-05-21T18:29:54Z;2383;;2383
2025-05-21T18:30:05Z;2484;;2484
2025-05-21T18:30:07Z;2364;;2364
2025-05-21T18:30:10Z;2307;;2307
2025-05-21T18:30:17Z;397;;397
2025-05-21T18:35:19Z;604;;604
2025-05-21T18:35:21Z;350;;350
2025-05-21T18:35:32Z;596;;596
2025-05-21T18:36:01Z;602;;602
2025-05-21T18:36:02Z;384;;384
2025-05-21T18:36:22Z;639;;639
2025-05-21T18:36:23Z;370;;370
2025-05-21T18:36:32Z;697;;697
2025-05-21T18:36:33Z;1133;;1133
2025-05-21T18:36:34Z;498;;498
2025-05-21T18:38:20Z;253;;253
2025-05-21T18:38:30Z;406;;406
2025-05-21T18:38:31Z;237;;237
2025-05-21T18:38:42Z;325;;325
2025-05-21T18:38:43Z;279;;279
2025-05-21T18:38:50Z;328;;328
2025-05-21T18:38:52Z;242;;242
2025-05-21T18:39:01Z;312;;312
2025-05-21T18:39:03Z;231;;231
2025-05-21T18:39:12Z;487;;487
2025-05-21T18:39:13Z;223;;223
2025-05-21T18:39:24Z;304;;304
2025-05-21T18:39:25Z;286;;286
2025-05-21T18:39:32Z;348;;348
2025-05-21T18:39:34Z;228;;228
2025-05-21T18:39:54Z;467;;467
2025-05-21T18:39:55Z;224;;224
2025-05-21T18:40:06Z;301;;301
2025-05-21T18:40:12Z;462;;462
2025-05-21T18:40:14Z;684;;684
2025-05-21T18:41:28Z;380;;380
2025-05-21T18:41:30Z;634;;634
2025-05-21T18:41:35Z;206;;206
2025-05-21T18:42:18Z;475;;475
2025-05-21T18:42:19Z;696;;696
2025-05-21T18:42:20Z;331;;331
2025-05-21T18:44:11Z;205;;205
2025-05-21T18:45:03Z;;0;205
2025-05-21T18:45:08Z;329;;329
2025-05-21T18:45:09Z;257;;257
2025-05-21T18:46:07Z;309;;309
2025-05-21T18:46:08Z;275;;275
2025-05-21T18:46:23Z;318;;318
2025-05-21T18:46:24Z;272;;272
2025-05-21T18:46:35Z;307;;307
2025-05-21T18:46:37Z;272;;272
2025-05-21T18:46:50Z;336;;336
2025-05-21T18:46:52Z;273;;273
2025-05-21T18:46:54Z;300;;300
2025-05-21T18:46:56Z;307;;307
2025-05-21T18:46:58Z;201;;201
2025-05-21T18:47:04Z;330;;330
2025-05-21T18:47:06Z;296;;296
2025-05-21T18:47:07Z;302;;302
2025-05-21T18:47:08Z;298;;298
2025-05-21T18:47:09Z;314;;314
2025-05-21T18:47:13Z;205;;205
2025-05-21T18:47:19Z;374;;374
2025-05-21T18:47:21Z;290;;290
2025-05-21T18:47:22Z;311;;311
2025-05-21T18:47:29Z;198;;198
2025-05-21T18:47:33Z;376;;376
2025-05-21T18:47:42Z;204;;204
2025-05-21T18:47:47Z;313;;313
2025-05-21T18:47:56Z;199;;199
2025-05-21T18:48:10Z;203;;203
2025-05-21T18:48:16Z;395;;395
2025-05-21T18:48:30Z;302;;302
2025-05-21T18:48:39Z;199;;199
2025-05-21T18:48:44Z;357;;357
2025-05-21T18:48:54Z;199;;199
2025-05-21T18:48:59Z;320;;320
2025-05-21T18:49:08Z;201;;201
2025-05-21T18:49:13Z;355;;355
2025-05-21T18:49:23Z;206;;206
2025-05-21T18:49:28Z;373;;373
2025-05-21T18:49:37Z;193;;193
2025-05-21T18:49:42Z;312;;312
2025-05-21T18:49:51Z;198;;198
2025-05-21T18:50:06Z;192;;192
2025-05-21T18:50:11Z;304;;304
2025-05-21T18:50:20Z;195;;195
2025-05-21T18:50:25Z;389;;389
2025-05-21T18:50:35Z;189;;189
2025-05-21T18:50:40Z;311;;311
2025-05-21T18:50:49Z;193;;193
2025-05-21T18:50:54Z;324;;324
2025-05-21T18:51:03Z;192;;192
2025-05-21T18:51:09Z;361;;361
2025-05-21T18:51:18Z;188;;188
2025-05-21T18:51:23Z;310;;310
2025-05-21T18:51:32Z;194;;194
2025-05-21T18:51:37Z;383;;383
2025-05-21T18:51:47Z;195;;195
2025-05-21T18:51:53Z;441;;441
2025-05-21T18:52:01Z;195;;195
2025-05-21T18:52:06Z;350;;350
2025-05-21T18:52:21Z;363;;363
2025-05-21T18:52:30Z;191;;191
2025-05-21T18:53:49Z;349;;349
2025-05-21T18:53:57Z;280;;280
2025-05-21T18:54:34Z;671;;671
2025-05-21T18:54:35Z;363;;363
2025-05-21T18:54:36Z;202;;202
2025-05-21T18:55:57Z;473;;473
2025-05-21T18:55:58Z;750;;750
2025-05-21T18:56:00Z;422;;422
2025-05-21T18:56:01Z;209;;209
2025-05-21T18:57:03Z;444;;444
2025-05-21T18:57:04Z;679;;679
2025-05-21T18:57:05Z;390;;390
2025-05-21T19:00:03Z;;0;390
2025-05-21T19:00:41Z;208;;208
2025-05-21T19:03:01Z;311;;311
2025-05-21T19:03:02Z;265;;265
2025-05-21T19:03:17Z;330;;330
2025-05-21T19:03:18Z;278;;278
2025-05-21T19:03:29Z;307;;307
2025-05-21T19:03:31Z;288;;288
2025-05-21T19:03:35Z;311;;311
2025-05-21T19:03:38Z;202;;202
2025-05-21T19:03:44Z;354;;354
2025-05-21T19:03:46Z;281;;281
2025-05-21T19:03:48Z;301;;301
2025-05-21T19:03:52Z;203;;203
2025-05-21T19:03:58Z;327;;327
2025-05-21T19:04:07Z;202;;202
2025-05-21T19:04:13Z;382;;382
2025-05-21T19:04:21Z;209;;209
2025-05-21T19:04:27Z;392;;392
2025-05-21T19:04:35Z;236;;236
2025-05-21T19:04:41Z;345;;345
2025-05-21T19:04:50Z;203;;203
2025-05-21T19:04:56Z;422;;422
2025-05-21T19:05:04Z;205;;205
2025-05-21T19:05:10Z;404;;404
2025-05-21T19:05:19Z;202;;202
2025-05-21T19:05:24Z;316;;316
2025-05-21T19:05:33Z;202;;202
2025-05-21T19:05:39Z;397;;397
2025-05-21T19:05:48Z;202;;202
2025-05-21T19:05:53Z;352;;352
2025-05-21T19:06:02Z;202;;202
2025-05-21T19:06:07Z;358;;358
2025-05-21T19:06:16Z;213;;213
2025-05-21T19:06:21Z;354;;354
2025-05-21T19:06:30Z;198;;198
2025-05-21T19:06:36Z;365;;365
2025-05-21T19:06:45Z;199;;199
2025-05-21T19:06:50Z;329;;329
2025-05-21T19:06:59Z;197;;197
2025-05-21T19:07:05Z;346;;346
2025-05-21T19:07:14Z;194;;194
2025-05-21T19:07:19Z;309;;309
2025-05-21T19:07:28Z;194;;194
2025-05-21T19:07:33Z;376;;376
2025-05-21T19:07:43Z;196;;196
2025-05-21T19:07:48Z;336;;336
2025-05-21T19:07:57Z;195;;195
2025-05-21T19:08:02Z;343;;343
2025-05-21T19:08:11Z;196;;196
2025-05-21T19:08:17Z;375;;375
2025-05-21T19:08:29Z;198;;198
2025-05-21T19:08:31Z;320;;320
2025-05-21T19:08:40Z;194;;194
2025-05-21T19:08:45Z;335;;335
2025-05-21T19:08:55Z;194;;194
2025-05-21T19:09:00Z;306;;306
2025-05-21T19:09:09Z;194;;194
2025-05-21T19:09:14Z;346;;346
2025-05-21T19:09:23Z;198;;198
2025-05-21T19:10:45Z;383;;383
2025-05-21T19:10:54Z;292;;292
2025-05-21T19:11:30Z;274;;274
2025-05-21T19:11:41Z;340;;340
2025-05-21T19:11:43Z;235;;235
2025-05-21T19:11:52Z;462;;462
2025-05-21T19:11:54Z;243;;243
2025-05-21T19:12:04Z;343;;343
2025-05-21T19:12:05Z;227;;227
2025-05-21T19:12:13Z;509;;509
2025-05-21T19:12:14Z;250;;250
2025-05-21T19:12:25Z;350;;350
2025-05-21T19:12:27Z;525;;525
2025-05-21T19:12:34Z;685;;685
2025-05-21T19:12:35Z;430;;430
2025-05-21T19:12:47Z;268;;268
2025-05-21T19:12:55Z;435;;435
2025-05-21T19:12:57Z;259;;259
2025-05-21T19:13:05Z;636;;636
2025-05-21T19:13:06Z;361;;361
2025-05-21T19:13:09Z;208;;208
2025-05-21T19:14:11Z;574;;574
2025-05-21T19:14:13Z;771;;771
2025-05-21T19:14:28Z;232;;232
2025-05-21T19:14:53Z;506;;506
2025-05-21T19:15:03Z;;0;506
2025-05-21T19:15:10Z;739;;739
2025-05-21T19:15:11Z;943;;943
2025-05-21T19:15:12Z;539;;539
2025-05-21T19:15:52Z;658;;658
2025-05-21T19:15:55Z;597;;597
2025-05-21T19:15:57Z;601;;601
2025-05-21T19:15:59Z;593;;593
2025-05-21T19:16:29Z;207;;207
2025-05-21T19:18:16Z;327;;327
2025-05-21T19:18:19Z;268;;268
2025-05-21T19:18:21Z;311;;311
2025-05-21T19:18:27Z;270;;270
2025-05-21T19:18:35Z;331;;331
2025-05-21T19:18:37Z;121;;121
2025-05-21T19:19:19Z;278;;278
2025-05-21T19:19:22Z;345;;345
2025-05-21T19:19:31Z;680;;680
2025-05-21T19:19:33Z;254;;254
2025-05-21T19:20:59Z;307;;307
2025-05-21T19:24:34Z;609;;609
2025-05-21T19:24:42Z;588;;588
2025-05-21T19:27:13Z;68;;68
2025-05-21T19:30:03Z;;0;68
2025-05-21T19:35:39Z;1934;;1934
2025-05-21T19:35:41Z;210;;210
2025-05-21T19:45:09Z;;0;210
2025-05-21T19:49:42Z;1698;;1698
2025-05-21T19:54:27Z;1822;;1822
2025-05-21T19:54:28Z;1669;;1669
2025-05-21T19:56:00Z;1488;;1488
2025-05-21T19:56:03Z;1568;;1568
2025-05-21T19:56:09Z;1494;;1494
2025-05-21T19:56:12Z;1574;;1574
2025-05-21T19:56:18Z;1488;;1488
2025-05-21T19:56:21Z;1547;;1547
2025-05-21T19:56:27Z;1487;;1487
2025-05-21T19:56:30Z;1552;;1552
2025-05-21T19:56:37Z;1482;;1482
2025-05-21T19:56:43Z;1601;;1601
2025-05-21T19:56:50Z;1489;;1489
2025-05-21T19:56:53Z;1589;;1589
2025-05-21T19:57:08Z;1487;;1487
2025-05-21T19:57:11Z;1566;;1566
2025-05-21T19:57:17Z;1490;;1490
2025-05-21T19:57:20Z;1573;;1573
2025-05-21T19:57:26Z;1487;;1487
2025-05-21T19:57:29Z;1540;;1540
2025-05-21T19:57:35Z;1486;;1486
2025-05-21T19:57:38Z;1545;;1545
2025-05-21T19:57:45Z;1486;;1486
2025-05-21T19:57:49Z;133;;133
2025-05-21T19:57:53Z;1590;;1590
2025-05-21T19:58:07Z;1488;;1488
2025-05-21T19:58:10Z;1582;;1582
2025-05-21T19:58:16Z;1488;;1488
2025-05-21T19:58:19Z;1564;;1564
2025-05-21T19:58:25Z;1497;;1497
2025-05-21T19:58:26Z;114;;114
2025-05-21T19:58:34Z;1530;;1530
2025-05-21T19:58:45Z;1491;;1491
2025-05-21T19:58:47Z;1547;;1547
2025-05-21T19:59:00Z;1570;;1570
2025-05-21T19:59:04Z;164;;164
2025-05-21T19:59:15Z;1535;;1535
2025-05-21T19:59:24Z;1498;;1498
2025-05-21T19:59:26Z;1501;;1501
2025-05-21T19:59:34Z;1497;;1497
2025-05-21T19:59:36Z;1564;;1564
2025-05-21T19:59:42Z;1489;;1489
2025-05-21T19:59:44Z;115;;115
2025-05-21T19:59:58Z;1589;;1589
2025-05-21T20:00:03Z;;0;1589
2025-05-21T20:00:06Z;1493;;1493
2025-05-21T20:00:09Z;1508;;1508
2025-05-21T20:00:14Z;1485;;1485
2025-05-21T20:00:17Z;1571;;1571
2025-05-21T20:00:24Z;1051;;1051
2025-05-21T20:00:26Z;114;;114
2025-05-21T20:00:38Z;1142;;1142
2025-05-21T20:00:39Z;1544;;1544
2025-05-21T20:00:41Z;1491;;1491
2025-05-21T20:00:44Z;1556;;1556
2025-05-21T20:00:50Z;1489;;1489
2025-05-21T20:00:53Z;1557;;1557
2025-05-21T20:01:06Z;332;;332
2025-05-21T20:01:07Z;162;;162
2025-05-21T20:01:17Z;1534;;1534
2025-05-21T20:01:49Z;163;;163
2025-05-21T20:01:58Z;1558;;1558
2025-05-21T20:02:32Z;130;;130
2025-05-21T20:02:39Z;1529;;1529
2025-05-21T20:03:13Z;170;;170
2025-05-21T20:03:20Z;1581;;1581
2025-05-21T20:03:55Z;167;;167
2025-05-21T20:04:01Z;1602;;1602
2025-05-21T20:04:33Z;119;;119
2025-05-21T20:04:42Z;1585;;1585
2025-05-21T20:05:03Z;129;;129
2025-05-21T20:05:47Z;164;;164
2025-05-21T20:06:26Z;1632;;1632
2025-05-21T20:06:37Z;171;;171
2025-05-21T20:07:05Z;1656;;1656
2025-05-21T20:09:47Z;117;;117
2025-05-21T20:09:49Z;1574;;1574
2025-05-21T20:10:21Z;117;;117
2025-05-21T20:10:30Z;1530;;1530
2025-05-21T20:10:54Z;274;;274
2025-05-21T20:11:10Z;851;;851
2025-05-21T20:11:12Z;1548;;1548
2025-05-21T20:11:31Z;117;;117
2025-05-21T20:12:11Z;397;;397
2025-05-21T20:12:13Z;241;;241
2025-05-21T20:13:11Z;300;;300
2025-05-21T20:13:12Z;293;;293
2025-05-21T20:13:41Z;306;;306
2025-05-21T20:15:03Z;;0;306
2025-05-21T20:15:07Z;415;;415
2025-05-21T20:18:36Z;115;;115
2025-05-21T20:20:08Z;310;;310
2025-05-21T20:20:10Z;1579;;1579
2025-05-21T20:20:14Z;1829;;1829
2025-05-21T20:20:20Z;1775;;1775
2025-05-21T20:20:27Z;1823;;1823
2025-05-21T20:20:33Z;1781;;1781
2025-05-21T20:20:40Z;1822;;1822
2025-05-21T20:20:46Z;1782;;1782
2025-05-21T20:20:53Z;1807;;1807
2025-05-21T20:20:59Z;1764;;1764
2025-05-21T20:21:07Z;1808;;1808
2025-05-21T20:21:13Z;1764;;1764
2025-05-21T20:21:20Z;1805;;1805
2025-05-21T20:21:23Z;1797;;1797
2025-05-21T20:21:36Z;1800;;1800
2025-05-21T20:21:37Z;1796;;1796
2025-05-21T20:21:47Z;1313;;1313
2025-05-21T20:21:48Z;151;;151
2025-05-21T20:22:37Z;1742;;1742
2025-05-21T20:27:15Z;176;;176
2025-05-21T20:27:23Z;1596;;1596
2025-05-21T20:27:46Z;109;;109
2025-05-21T20:27:57Z;340;;340
2025-05-21T20:28:05Z;1748;;1748
2025-05-21T20:28:08Z;1829;;1829
2025-05-21T20:28:09Z;1789;;1789
2025-05-21T20:28:13Z;1811;;1811
2025-05-21T20:28:14Z;1759;;1759
2025-05-21T20:28:17Z;1832;;1832
2025-05-21T20:28:18Z;1610;;1610
2025-05-21T20:28:21Z;163;;163
2025-05-21T20:28:45Z;1506;;1506
2025-05-21T20:29:01Z;1382;;1382
2025-05-21T20:29:02Z;324;;324
2025-05-21T20:29:17Z;127;;127
2025-05-21T20:29:26Z;1569;;1569
2025-05-21T20:29:44Z;750;;750
2025-05-21T20:29:46Z;110;;110
2025-05-21T20:30:03Z;;0;110
2025-05-21T20:30:07Z;1539;;1539
2025-05-21T20:30:10Z;131;;131
2025-05-21T20:30:14Z;1485;;1485
2025-05-21T20:30:15Z;1576;;1576
2025-05-21T20:30:21Z;1490;;1490
2025-05-21T20:30:24Z;1556;;1556
2025-05-21T20:30:29Z;1017;;1017
2025-05-21T20:30:30Z;108;;108
2025-05-21T20:30:48Z;1533;;1533
2025-05-21T20:30:52Z;1484;;1484
2025-05-21T20:30:55Z;1524;;1524
2025-05-21T20:31:01Z;1479;;1479
2025-05-21T20:31:05Z;1558;;1558
2025-05-21T20:31:11Z;1475;;1475
2025-05-21T20:31:15Z;151;;151
2025-05-21T20:31:29Z;1485;;1485
2025-05-21T20:31:32Z;1575;;1575
2025-05-21T20:31:58Z;1317;;1317
2025-05-21T20:32:00Z;154;;154
2025-05-21T20:32:09Z;1240;;1240
2025-05-21T20:32:10Z;1516;;1516
2025-05-21T20:32:28Z;1499;;1499
2025-05-21T20:32:29Z;1504;;1504
2025-05-21T20:32:31Z;1498;;1498
2025-05-21T20:32:37Z;1493;;1493
2025-05-21T20:32:40Z;598;;598
2025-05-21T20:32:41Z;150;;150
2025-05-21T20:32:52Z;1536;;1536
2025-05-21T20:32:56Z;1496;;1496
2025-05-21T20:32:57Z;1502;;1502
2025-05-21T20:32:59Z;1494;;1494
2025-05-21T20:33:02Z;1695;;1695
2025-05-21T20:33:09Z;1494;;1494
2025-05-21T20:33:11Z;1539;;1539
2025-05-21T20:33:17Z;1499;;1499
2025-05-21T20:33:19Z;1502;;1502
2025-05-21T20:33:21Z;254;;254
2025-05-21T20:33:31Z;1552;;1552
2025-05-21T20:34:01Z;162;;162
2025-05-21T20:34:12Z;1553;;1553
2025-05-21T20:34:16Z;1489;;1489
2025-05-21T20:34:20Z;1536;;1536
2025-05-21T20:34:25Z;1485;;1485
2025-05-21T20:34:29Z;1563;;1563
2025-05-21T20:34:35Z;1465;;1465
2025-05-21T20:34:38Z;1549;;1549
2025-05-21T20:34:46Z;157;;157
2025-05-21T20:34:53Z;1476;;1476
2025-05-21T20:34:56Z;1550;;1550
2025-05-21T20:35:02Z;1468;;1468
2025-05-21T20:35:05Z;1525;;1525
2025-05-21T20:35:12Z;1473;;1473
2025-05-21T20:35:19Z;180;;180
2025-05-21T20:35:34Z;1483;;1483
2025-05-21T20:35:43Z;1471;;1471
2025-05-21T20:35:46Z;1563;;1563
2025-05-21T20:35:52Z;1471;;1471
2025-05-21T20:35:55Z;1542;;1542
2025-05-21T20:35:59Z;153;;153
2025-05-21T20:36:15Z;1539;;1539
2025-05-21T20:36:20Z;1479;;1479
2025-05-21T20:36:27Z;1565;;1565
2025-05-21T20:36:33Z;1473;;1473
2025-05-21T20:36:36Z;1544;;1544
2025-05-21T20:36:39Z;149;;149
2025-05-21T20:36:56Z;1529;;1529
2025-05-21T20:37:00Z;1477;;1477
2025-05-21T20:37:03Z;1540;;1540
2025-05-21T20:37:09Z;1473;;1473
2025-05-21T20:37:18Z;1472;;1472
2025-05-21T20:37:21Z;154;;154
2025-05-21T20:37:37Z;1619;;1619
2025-05-21T20:38:03Z;255;;255
2025-05-21T20:38:18Z;1585;;1585
2025-05-21T20:38:44Z;244;;244
2025-05-21T20:38:59Z;1579;;1579
2025-05-21T20:39:25Z;200;;200
2025-05-21T20:39:40Z;1631;;1631
2025-05-21T20:40:21Z;1627;;1627
2025-05-21T20:40:47Z;1374;;1374
2025-05-21T20:40:49Z;253;;253
2025-05-21T20:41:03Z;440;;440
2025-05-21T20:41:28Z;312;;312
2025-05-21T20:41:29Z;180;;180
2025-05-21T20:41:44Z;1335;;1335
2025-05-21T20:41:45Z;1516;;1516
2025-05-21T20:42:06Z;1485;;1485
2025-05-21T20:42:07Z;1552;;1552
2025-05-21T20:42:08Z;149;;149
2025-05-21T20:42:23Z;1475;;1475
2025-05-21T20:42:25Z;1548;;1548
2025-05-21T20:42:31Z;1483;;1483
2025-05-21T20:42:33Z;1503;;1503
2025-05-21T20:42:40Z;1487;;1487
2025-05-21T20:42:43Z;1528;;1528
2025-05-21T20:42:49Z;104;;104
2025-05-21T20:43:01Z;313;;313
2025-05-21T20:43:02Z;200;;200
2025-05-21T20:43:04Z;1541;;1541
2025-05-21T20:43:09Z;1480;;1480
2025-05-21T20:43:15Z;1551;;1551
2025-05-21T20:43:21Z;1488;;1488
2025-05-21T20:43:24Z;1566;;1566
2025-05-21T20:43:29Z;154;;154
2025-05-21T20:43:45Z;1544;;1544
2025-05-21T20:43:48Z;1490;;1490
2025-05-21T20:43:51Z;1531;;1531
2025-05-21T20:43:57Z;1481;;1481
2025-05-21T20:44:00Z;1530;;1530
2025-05-21T20:44:03Z;1499;;1499
2025-05-21T20:44:05Z;1503;;1503
2025-05-21T20:44:06Z;1453;;1453
2025-05-21T20:44:09Z;1624;;1624
2025-05-21T20:44:10Z;201;;201
2025-05-21T20:44:26Z;1523;;1523
2025-05-21T20:44:29Z;1468;;1468
2025-05-21T20:44:32Z;1544;;1544
2025-05-21T20:44:38Z;1480;;1480
2025-05-21T20:44:41Z;1519;;1519
2025-05-21T20:44:47Z;1459;;1459
2025-05-21T20:44:50Z;1510;;1510
2025-05-21T20:44:52Z;153;;153
2025-05-21T20:45:03Z;;0;153
2025-05-21T20:45:07Z;1474;;1474
2025-05-21T20:45:11Z;154;;154
2025-05-21T20:45:12Z;1517;;1517
2025-05-21T20:45:14Z;1460;;1460
2025-05-21T20:45:18Z;1570;;1570
2025-05-21T20:45:25Z;1466;;1466
2025-05-21T20:45:31Z;152;;152
2025-05-21T20:45:48Z;1474;;1474
2025-05-21T20:45:49Z;1517;;1517
2025-05-21T20:45:55Z;1463;;1463
2025-05-21T20:45:58Z;1507;;1507
2025-05-21T20:46:04Z;1462;;1462
2025-05-21T20:46:07Z;1500;;1500
2025-05-21T20:46:13Z;108;;108
2025-05-21T20:46:29Z;1519;;1519
2025-05-21T20:46:33Z;1466;;1466
2025-05-21T20:46:39Z;1571;;1571
2025-05-21T20:46:45Z;1469;;1469
2025-05-21T20:46:48Z;1524;;1524
2025-05-21T20:46:54Z;103;;103
2025-05-21T20:47:10Z;1554;;1554
2025-05-21T20:47:12Z;1498;;1498
2025-05-21T20:47:14Z;1502;;1502
2025-05-21T20:47:15Z;1497;;1497
2025-05-21T20:47:21Z;1494;;1494
2025-05-21T20:47:24Z;1529;;1529
2025-05-21T20:47:30Z;1495;;1495
2025-05-21T20:47:34Z;1595;;1595
2025-05-21T20:47:35Z;151;;151
2025-05-21T20:47:51Z;1548;;1548
2025-05-21T20:47:53Z;1491;;1491
2025-05-21T20:47:56Z;1551;;1551
2025-05-21T20:48:02Z;1497;;1497
2025-05-21T20:48:05Z;1542;;1542
2025-05-21T20:48:11Z;1486;;1486
2025-05-21T20:48:14Z;1537;;1537
2025-05-21T20:48:17Z;148;;148
2025-05-21T20:48:32Z;1562;;1562
2025-05-21T20:48:44Z;2052;;2052
2025-05-21T20:48:45Z;3108;;3108
2025-05-21T20:49:00Z;1856;;1856
2025-05-21T20:49:13Z;3260;;3260
2025-05-21T20:49:39Z;1813;;1813
2025-05-21T20:49:54Z;3241;;3241
2025-05-21T20:50:18Z;1971;;1971
2025-05-21T20:50:22Z;283;;283
2025-05-21T20:50:23Z;302;;302
2025-05-21T20:50:27Z;257;;257
2025-05-21T20:50:34Z;1008;;1008
2025-05-21T20:50:35Z;1699;;1699
2025-05-21T20:50:59Z;280;;280
2025-05-21T20:51:02Z;414;;414
2025-05-21T20:51:17Z;1622;;1622
2025-05-21T20:51:39Z;400;;400
2025-05-21T20:51:56Z;1738;;1738
2025-05-21T20:51:57Z;1814;;1814
2025-05-21T20:51:58Z;1777;;1777
2025-05-21T20:52:06Z;1821;;1821
2025-05-21T20:52:07Z;1783;;1783
2025-05-21T20:52:22Z;380;;380
2025-05-21T20:52:37Z;1786;;1786
2025-05-21T20:52:47Z;1802;;1802
2025-05-21T20:52:49Z;1769;;1769
2025-05-21T20:53:03Z;319;;319
2025-05-21T20:53:11Z;294;;294
2025-05-21T20:53:12Z;319;;319
2025-05-21T20:53:19Z;1777;;1777
2025-05-21T20:53:42Z;318;;318
2025-05-21T20:53:59Z;1776;;1776
2025-05-21T20:54:13Z;1819;;1819
2025-05-21T20:54:15Z;1783;;1783
2025-05-21T20:54:22Z;1817;;1817
2025-05-21T20:54:23Z;1767;;1767
2025-05-21T20:54:24Z;365;;365
2025-05-21T20:54:40Z;1785;;1785
2025-05-21T20:55:05Z;369;;369
2025-05-21T20:55:21Z;1822;;1822
2025-05-21T20:55:22Z;1771;;1771
2025-05-21T20:55:30Z;1822;;1822
2025-05-21T20:55:31Z;1775;;1775
2025-05-21T20:55:48Z;364;;364
2025-05-21T20:56:02Z;1791;;1791
2025-05-21T20:56:26Z;320;;320
2025-05-21T20:56:43Z;1790;;1790
2025-05-21T20:57:07Z;321;;321
2025-05-21T20:57:24Z;1784;;1784
2025-05-21T20:57:28Z;1805;;1805
2025-05-21T20:57:30Z;1765;;1765
2025-05-21T20:57:37Z;1805;;1805
2025-05-21T20:57:38Z;1762;;1762
2025-05-21T20:57:49Z;376;;376
2025-05-21T20:58:05Z;1737;;1737
2025-05-21T20:58:27Z;1151;;1151
2025-05-21T20:58:28Z;370;;370
2025-05-21T20:58:45Z;278;;278
2025-05-21T20:58:46Z;405;;405
2025-05-21T20:58:47Z;1801;;1801
2025-05-21T20:58:48Z;1797;;1797
2025-05-21T20:58:54Z;1809;;1809
2025-05-21T20:58:56Z;1795;;1795
2025-05-21T20:59:09Z;503;;503
2025-05-21T20:59:16Z;276;;276
2025-05-21T20:59:17Z;341;;341
2025-05-21T20:59:24Z;269;;269
2025-05-21T20:59:25Z;347;;347
2025-05-21T20:59:26Z;272;;272
2025-05-21T20:59:27Z;773;;773
2025-05-21T20:59:28Z;1733;;1733
2025-05-21T20:59:50Z;317;;317
2025-05-21T20:59:59Z;293;;293
2025-05-21T21:00:03Z;374;;374
2025-05-21T21:00:05Z;;0;374
2025-05-21T21:00:07Z;1619;;1619
2025-05-21T21:00:10Z;374;;374
2025-05-21T21:00:31Z;319;;319
2025-05-21T21:00:48Z;1790;;1790
2025-05-21T21:01:12Z;336;;336
2025-05-21T21:01:22Z;285;;285
2025-05-21T21:01:24Z;533;;533
2025-05-21T21:01:29Z;1730;;1730
2025-05-21T21:01:51Z;1810;;1810
2025-05-21T21:01:52Z;1792;;1792
2025-05-21T21:01:53Z;393;;393
2025-05-21T21:01:58Z;271;;271
2025-05-21T21:02:08Z;288;;288
2025-05-21T21:02:09Z;304;;304
2025-05-21T21:02:10Z;1790;;1790
2025-05-21T21:02:20Z;1805;;1805
2025-05-21T21:02:21Z;1764;;1764
2025-05-21T21:02:31Z;1822;;1822
2025-05-21T21:02:32Z;1752;;1752
2025-05-21T21:02:34Z;337;;337
2025-05-21T21:02:38Z;297;;297
2025-05-21T21:02:39Z;301;;301
2025-05-21T21:02:51Z;1769;;1769
2025-05-21T21:02:59Z;1820;;1820
2025-05-21T21:03:00Z;1786;;1786
2025-05-21T21:03:13Z;1802;;1802
2025-05-21T21:03:14Z;1797;;1797
2025-05-21T21:03:15Z;345;;345
2025-05-21T21:03:32Z;1810;;1810
2025-05-21T21:03:33Z;1757;;1757
2025-05-21T21:03:42Z;1825;;1825
2025-05-21T21:03:43Z;1799;;1799
2025-05-21T21:03:44Z;1802;;1802
2025-05-21T21:03:45Z;1795;;1795
2025-05-21T21:03:49Z;1822;;1822
2025-05-21T21:03:54Z;1781;;1781
2025-05-21T21:03:55Z;341;;341
2025-05-21T21:04:13Z;1749;;1749
2025-05-21T21:04:16Z;1809;;1809
2025-05-21T21:04:17Z;1795;;1795
2025-05-21T21:04:25Z;1825;;1825
2025-05-21T21:04:29Z;1797;;1797
2025-05-21T21:04:35Z;1809;;1809
2025-05-21T21:04:36Z;392;;392
2025-05-21T21:04:54Z;1768;;1768
2025-05-21T21:04:57Z;1828;;1828
2025-05-21T21:04:59Z;1799;;1799
2025-05-21T21:05:02Z;1805;;1805
2025-05-21T21:05:03Z;1767;;1767
2025-05-21T21:05:06Z;1847;;1847
2025-05-21T21:05:12Z;1749;;1749
2025-05-21T21:05:15Z;1833;;1833
2025-05-21T21:05:18Z;389;;389
2025-05-21T21:05:35Z;1804;;1804
2025-05-21T21:05:37Z;1785;;1785
2025-05-21T21:05:38Z;1801;;1801
2025-05-21T21:05:39Z;1752;;1752
2025-05-21T21:05:45Z;1798;;1798
2025-05-21T21:05:47Z;1806;;1806
2025-05-21T21:05:49Z;1758;;1758
2025-05-21T21:05:56Z;1829;;1829
2025-05-21T21:05:58Z;1789;;1789
2025-05-21T21:05:59Z;389;;389
2025-05-21T21:06:16Z;1805;;1805
2025-05-21T21:06:20Z;1755;;1755
2025-05-21T21:06:23Z;1830;;1830
2025-05-21T21:06:29Z;1732;;1732
2025-05-21T21:06:32Z;1813;;1813
2025-05-21T21:06:35Z;1797;;1797
2025-05-21T21:06:37Z;1806;;1806
2025-05-21T21:06:38Z;1752;;1752
2025-05-21T21:06:40Z;335;;335
2025-05-21T21:06:57Z;1799;;1799
2025-05-21T21:07:04Z;1832;;1832
2025-05-21T21:07:09Z;1771;;1771
2025-05-21T21:07:13Z;1846;;1846
2025-05-21T21:07:14Z;1797;;1797
2025-05-21T21:07:16Z;1802;;1802
2025-05-21T21:07:17Z;1797;;1797
2025-05-21T21:07:21Z;334;;334
2025-05-21T21:07:38Z;1767;;1767
2025-05-21T21:07:40Z;1808;;1808
2025-05-21T21:07:41Z;1797;;1797
2025-05-21T21:07:43Z;1800;;1800
2025-05-21T21:07:44Z;1797;;1797
2025-05-21T21:08:01Z;1809;;1809
2025-05-21T21:08:03Z;374;;374
2025-05-21T21:08:19Z;1744;;1744
2025-05-21T21:08:21Z;1833;;1833
2025-05-21T21:08:22Z;1786;;1786
2025-05-21T21:08:30Z;1802;;1802
2025-05-21T21:08:32Z;1778;;1778
2025-05-21T21:08:41Z;363;;363
2025-05-21T21:09:00Z;1812;;1812
2025-05-21T21:09:03Z;1755;;1755
2025-05-21T21:09:06Z;1860;;1860
2025-05-21T21:09:08Z;1799;;1799
2025-05-21T21:09:10Z;1825;;1825
2025-05-21T21:09:16Z;1759;;1759
2025-05-21T21:09:22Z;398;;398
2025-05-21T21:09:40Z;1321;;1321
2025-05-21T21:09:41Z;1804;;1804
2025-05-21T21:09:46Z;1754;;1754
2025-05-21T21:09:47Z;1820;;1820
2025-05-21T21:09:48Z;1796;;1796
2025-05-21T21:09:51Z;1803;;1803
2025-05-21T21:09:53Z;1749;;1749
2025-05-21T21:10:03Z;332;;332
2025-05-21T21:10:21Z;1768;;1768
2025-05-21T21:10:28Z;1818;;1818
2025-05-21T21:10:29Z;1798;;1798
2025-05-21T21:10:37Z;1818;;1818
2025-05-21T21:10:39Z;1791;;1791
2025-05-21T21:10:44Z;332;;332
2025-05-21T21:11:02Z;1758;;1758
2025-05-21T21:11:13Z;1817;;1817
2025-05-21T21:11:14Z;1799;;1799
2025-05-21T21:11:16Z;1807;;1807
2025-05-21T21:11:18Z;1798;;1798
2025-05-21T21:11:22Z;1873;;1873
2025-05-21T21:11:24Z;1782;;1782
2025-05-21T21:11:25Z;373;;373
2025-05-21T21:11:43Z;1763;;1763
2025-05-21T21:11:45Z;1828;;1828
2025-05-21T21:11:51Z;1756;;1756
2025-05-21T21:11:54Z;1804;;1804
2025-05-21T21:11:55Z;1796;;1796
2025-05-21T21:12:03Z;1803;;1803
2025-05-21T21:12:05Z;1796;;1796
2025-05-21T21:12:07Z;387;;387
2025-05-21T21:12:24Z;1801;;1801
2025-05-21T21:12:25Z;1793;;1793
2025-05-21T21:12:50Z;258;;258
2025-05-21T21:13:05Z;1702;;1702
2025-05-21T21:13:29Z;263;;263
2025-05-21T21:13:46Z;1633;;1633
2025-05-21T21:14:09Z;227;;227
2025-05-21T21:14:27Z;1630;;1630
2025-05-21T21:14:50Z;254;;254
2025-05-21T21:15:05Z;;0;254
2025-05-21T21:15:08Z;1584;;1584
2025-05-21T21:15:31Z;271;;271
2025-05-21T21:17:11Z;1733;;1733
2025-05-21T21:17:16Z;344;;344
2025-05-21T21:17:17Z;205;;205
2025-05-21T21:17:52Z;1728;;1728
2025-05-21T21:18:02Z;516;;516
2025-05-21T21:18:04Z;205;;205
2025-05-21T21:18:33Z;1725;;1725
2025-05-21T21:19:14Z;1732;;1732
2025-05-21T21:19:32Z;1342;;1342
2025-05-21T21:19:33Z;226;;226
2025-05-21T21:20:16Z;1293;;1293
2025-05-21T21:20:18Z;242;;242
2025-05-21T21:20:21Z;369;;369
2025-05-21T21:20:22Z;277;;277
2025-05-21T21:20:36Z;1673;;1673
2025-05-21T21:20:58Z;625;;625
2025-05-21T21:20:59Z;222;;222
2025-05-21T21:21:17Z;1618;;1618
2025-05-21T21:21:29Z;1827;;1827
2025-05-21T21:21:30Z;1708;;1708
2025-05-21T21:21:38Z;204;;204
2025-05-21T21:21:57Z;889;;889
2025-05-21T21:21:58Z;1631;;1631
2025-05-21T21:22:38Z;1665;;1665
2025-05-21T21:22:56Z;243;;243
2025-05-21T21:23:35Z;231;;231
2025-05-21T21:23:37Z;302;;302
2025-05-21T21:23:38Z;269;;269
2025-05-21T21:23:46Z;317;;317
2025-05-21T21:23:48Z;253;;253
2025-05-21T21:24:02Z;1595;;1595
2025-05-21T21:24:03Z;147;;147
2025-05-21T21:24:05Z;259;;259
2025-05-21T21:24:41Z;1697;;1697
2025-05-21T21:24:43Z;243;;243
2025-05-21T21:25:00Z;301;;301
2025-05-21T21:25:01Z;271;;271
2025-05-21T21:25:09Z;323;;323
2025-05-21T21:25:11Z;272;;272
2025-05-21T21:25:22Z;1701;;1701
2025-05-21T21:25:29Z;149;;149
2025-05-21T21:26:03Z;1667;;1667
2025-05-21T21:26:15Z;200;;200
2025-05-21T21:26:44Z;1672;;1672
2025-05-21T21:27:00Z;263;;263
2025-05-21T21:27:25Z;1696;;1696
2025-05-21T21:27:44Z;214;;214
2025-05-21T21:28:06Z;1656;;1656
2025-05-21T21:28:27Z;269;;269
2025-05-21T21:28:47Z;1649;;1649
2025-05-21T21:29:09Z;263;;263
2025-05-21T21:29:28Z;1697;;1697
2025-05-21T21:29:49Z;208;;208
2025-05-21T21:30:05Z;;0;208
2025-05-21T21:30:07Z;218;;218
2025-05-21T21:30:09Z;1629;;1629
2025-05-21T21:30:27Z;514;;514
2025-05-21T21:30:29Z;201;;201
2025-05-21T21:30:50Z;1680;;1680
2025-05-21T21:31:06Z;153;;153
2025-05-21T21:31:31Z;1579;;1579
2025-05-21T21:31:45Z;110;;110
2025-05-21T21:45:03Z;;0;110
2025-05-21T21:45:07Z;80;;80
2025-05-21T22:00:03Z;;0;80
2025-05-21T22:08:53Z;1152;;1152
2025-05-21T22:08:54Z;209;;209
2025-05-21T22:15:03Z;;0;209
2025-05-21T22:15:07Z;161;;161
2025-05-21T22:30:03Z;;0;161
2025-05-21T22:30:07Z;43;;43
2025-05-21T22:45:07Z;45;;45
2025-05-21T22:45:09Z;;0;45
2025-05-21T23:00:09Z;;0;45
2025-05-21T23:00:13Z;42;;42
2025-05-21T23:15:08Z;;0;42
2025-05-21T23:23:42Z;1494;;1494
2025-05-21T23:30:08Z;;0;1494
2025-05-21T23:45:07Z;42;;42
2025-05-21T23:45:09Z;;0;42