timestamp;P_ex;P_pr;P_load
2025-04-27T00:00:04Z;;0;40
2025-04-27T00:00:07Z;39;;39
2025-04-27T00:04:27Z;1638;;1638
2025-04-27T00:04:28Z;186;;186
2025-04-27T00:15:04Z;;0;186
2025-04-27T00:15:07Z;152;;152
2025-04-27T00:30:04Z;;0;152
2025-04-27T00:30:07Z;40;;40
2025-04-27T00:45:04Z;;0;40
2025-04-27T00:45:07Z;39;;39
2025-04-27T01:00:04Z;;0;39
2025-04-27T01:00:07Z;39;;39
2025-04-27T01:15:04Z;;0;39
2025-04-27T01:15:07Z;39;;39
2025-04-27T01:25:31Z;1476;;1476
2025-04-27T01:30:04Z;;0;1476
2025-04-27T01:30:07Z;154;;154
2025-04-27T01:45:04Z;;0;154
2025-04-27T01:45:07Z;151;;151
2025-04-27T02:00:04Z;;0;151
2025-04-27T02:00:07Z;38;;38
2025-04-27T02:15:04Z;;0;38
2025-04-27T02:15:07Z;39;;39
2025-04-27T02:30:04Z;;0;39
2025-04-27T02:30:07Z;39;;39
2025-04-27T02:45:20Z;;0;39
2025-04-27T02:45:23Z;40;;40
2025-04-27T02:45:53Z;871;;871
2025-04-27T02:45:54Z;174;;174
2025-04-27T03:00:04Z;;0;174
2025-04-27T03:00:09Z;153;;153
2025-04-27T03:15:03Z;;0;153
2025-04-27T03:15:07Z;39;;39
2025-04-27T03:30:04Z;;0;39
2025-04-27T03:30:07Z;40;;40
2025-04-27T03:45:04Z;;0;40
2025-04-27T03:45:07Z;39;;39
2025-04-27T04:00:04Z;;0;39
2025-04-27T04:00:07Z;40;;40
2025-04-27T04:07:59Z;2034;;2034
2025-04-27T04:08:00Z;186;;186
2025-04-27T04:11:57Z;;7;193
2025-04-27T04:11:59Z;;0;186
2025-04-27T04:15:03Z;;0;186
2025-04-27T04:15:09Z;153;;153
2025-04-27T04:17:51Z;;1;154
2025-04-27T04:17:53Z;;0;153
2025-04-27T04:17:55Z;;1;154
2025-04-27T04:30:03Z;;29;182
2025-04-27T04:30:07Z;5;;34
2025-04-27T04:30:37Z;-1;;28
2025-04-27T04:30:38Z;12;;41
2025-04-27T04:31:02Z;0;;29
2025-04-27T04:31:03Z;1;;30
2025-04-27T04:31:05Z;0;;29
2025-04-27T04:31:07Z;1;;30
2025-04-27T04:31:10Z;0;;29
2025-04-27T04:31:12Z;1;;30
2025-04-27T04:31:13Z;0;;29
2025-04-27T04:31:15Z;1;;30
2025-04-27T04:31:16Z;0;;29
2025-04-27T04:31:17Z;1;;30
2025-04-27T04:31:18Z;0;;29
2025-04-27T04:31:20Z;1;;30
2025-04-27T04:31:21Z;0;;29
2025-04-27T04:31:25Z;6;;35
2025-04-27T04:31:26Z;0;;29
2025-04-27T04:31:29Z;0;;29
2025-04-27T04:31:32Z;0;;29
2025-04-27T04:31:35Z;0;;29
2025-04-27T04:31:39Z;0;;29
2025-04-27T04:31:44Z;0;;29
2025-04-27T04:37:36Z;-26;;3
2025-04-27T04:37:37Z;-435;;-406
2025-04-27T04:45:03Z;;118;-317
2025-04-27T04:45:07Z;-82;;36
2025-04-27T04:47:58Z;;518;436
2025-04-27T04:48:00Z;;138;56
2025-04-27T05:00:03Z;;215;133
2025-04-27T05:00:07Z;-52;;163
2025-04-27T05:04:24Z;89;;304
2025-04-27T05:08:29Z;309;;524
2025-04-27T05:15:03Z;;272;581
2025-04-27T05:15:07Z;-97;;175
2025-04-27T05:27:07Z;29;;301
2025-04-27T05:28:42Z;359;;631
2025-04-27T05:28:43Z;-80;;192
2025-04-27T05:29:36Z;659;;931
2025-04-27T05:30:03Z;;261;920
2025-04-27T05:30:09Z;-32;;229
2025-04-27T05:31:42Z;-4;;257
2025-04-27T05:31:48Z;1;;262
2025-04-27T05:31:49Z;0;;261
2025-04-27T05:31:50Z;-8;;253
2025-04-27T05:32:37Z;0;;261
2025-04-27T05:33:06Z;;300;300
2025-04-27T05:33:08Z;;294;294
2025-04-27T05:33:16Z;;301;301
2025-04-27T05:33:18Z;;295;295
2025-04-27T05:33:27Z;;302;302
2025-04-27T05:33:28Z;;296;296
2025-04-27T05:33:37Z;;304;304
2025-04-27T05:33:38Z;;298;298
2025-04-27T05:33:46Z;;305;305
2025-04-27T05:33:49Z;;299;299
2025-04-27T05:33:52Z;;300;300
2025-04-27T05:34:00Z;;293;293
2025-04-27T05:34:02Z;;301;301
2025-04-27T05:34:10Z;;295;295
2025-04-27T05:34:12Z;;303;303
2025-04-27T05:34:20Z;;296;296
2025-04-27T05:34:22Z;;305;305
2025-04-27T05:34:30Z;;297;297
2025-04-27T05:34:32Z;;306;306
2025-04-27T05:34:40Z;;299;299
2025-04-27T05:34:42Z;;300;300
2025-04-27T05:36:00Z;;140;140
2025-04-27T05:36:02Z;;303;303
2025-04-27T05:36:04Z;;153;153
2025-04-27T05:36:05Z;;320;320
2025-04-27T05:36:43Z;73;;393
2025-04-27T05:36:44Z;73;;393
2025-04-27T05:36:45Z;;217;290
2025-04-27T05:36:47Z;;316;389
2025-04-27T05:45:03Z;;369;442
2025-04-27T05:45:07Z;-147;;222
2025-04-27T05:49:17Z;124;;493
2025-04-27T05:49:18Z;-270;;99
2025-04-27T05:49:26Z;-311;;58
2025-04-27T05:50:57Z;;274;-37
2025-04-27T05:50:59Z;;461;150
2025-04-27T05:57:04Z;;230;-81
2025-04-27T05:57:06Z;;540;229
2025-04-27T05:59:22Z;-503;;37
2025-04-27T05:59:23Z;-713;;-173
2025-04-27T06:00:03Z;;548;-165
2025-04-27T06:00:07Z;-513;;35
2025-04-27T06:13:46Z;;600;87
2025-04-27T06:13:48Z;;596;83
2025-04-27T06:14:06Z;;600;87
2025-04-27T06:14:08Z;;595;82
2025-04-27T06:14:16Z;;602;89
2025-04-27T06:14:18Z;;596;83
2025-04-27T06:14:26Z;;604;91
2025-04-27T06:14:28Z;;599;86
2025-04-27T06:14:32Z;;600;87
2025-04-27T06:14:34Z;;599;86
2025-04-27T06:14:36Z;;601;88
2025-04-27T06:14:40Z;;592;79
2025-04-27T06:14:42Z;;602;89
2025-04-27T06:14:51Z;;594;81
2025-04-27T06:14:52Z;;595;82
2025-04-27T06:15:00Z;;597;84
2025-04-27T06:15:02Z;;606;93
2025-04-27T06:15:05Z;;606;93
2025-04-27T06:15:07Z;-568;;38
2025-04-27T06:15:10Z;;599;31
2025-04-27T06:15:12Z;;599;31
2025-04-27T06:17:01Z;-594;;5
2025-04-27T06:17:02Z;-600;;-1
2025-04-27T06:17:05Z;-594;;5
2025-04-27T06:17:08Z;-601;;-2
2025-04-27T06:17:09Z;-599;;0
2025-04-27T06:17:11Z;-603;;-4
2025-04-27T06:17:13Z;-596;;3
2025-04-27T06:17:21Z;-603;;-4
2025-04-27T06:17:23Z;-598;;1
2025-04-27T06:17:31Z;-605;;-6
2025-04-27T06:17:34Z;-606;;-7
2025-04-27T06:17:43Z;-601;;-2
2025-04-27T06:17:45Z;-592;;7
2025-04-27T06:18:40Z;-599;;0
2025-04-27T06:18:42Z;-607;;-8
2025-04-27T06:18:53Z;-599;;0
2025-04-27T06:18:54Z;-608;;-9
2025-04-27T06:18:57Z;-599;;0
2025-04-27T06:18:58Z;-609;;-10
2025-04-27T06:19:34Z;;914;305
2025-04-27T06:19:36Z;;659;50
2025-04-27T06:20:44Z;-622;;37
2025-04-27T06:20:45Z;-453;;206
2025-04-27T06:20:59Z;-614;;45
2025-04-27T06:21:01Z;-599;;60
2025-04-27T06:21:33Z;-630;;29
2025-04-27T06:21:35Z;-619;;40
2025-04-27T06:22:21Z;;320;-299
2025-04-27T06:22:23Z;;681;62
2025-04-27T06:27:48Z;;405;-214
2025-04-27T06:27:50Z;;724;105
2025-04-27T06:30:03Z;;697;78
2025-04-27T06:30:07Z;-648;;49
2025-04-27T06:37:08Z;;544;-104
2025-04-27T06:37:10Z;;702;54
2025-04-27T06:37:22Z;-673;;29
2025-04-27T06:37:23Z;-545;;157
2025-04-27T06:39:43Z;-690;;12
2025-04-27T06:39:45Z;-679;;23
2025-04-27T06:42:32Z;;256;-423
2025-04-27T06:42:34Z;;776;97
2025-04-27T06:45:03Z;;806;127
2025-04-27T06:45:07Z;-771;;35
2025-04-27T06:49:50Z;;991;220
2025-04-27T06:49:52Z;;854;83
2025-04-27T06:57:27Z;-705;;149
2025-04-27T06:57:29Z;-723;;131
2025-04-27T06:57:46Z;;332;-391
2025-04-27T06:57:48Z;;874;151
2025-04-27T06:59:54Z;;438;-285
2025-04-27T06:59:56Z;;876;153
2025-04-27T07:00:03Z;;888;165
2025-04-27T07:00:09Z;-730;;158
2025-04-27T07:00:40Z;;902;172
2025-04-27T07:00:42Z;;896;166
2025-04-27T07:00:50Z;;903;173
2025-04-27T07:00:53Z;;898;168
2025-04-27T07:00:58Z;;900;170
2025-04-27T07:01:04Z;;889;159
2025-04-27T07:01:06Z;;902;172
2025-04-27T07:01:14Z;;891;161
2025-04-27T07:01:16Z;;904;174
2025-04-27T07:01:24Z;;894;164
2025-04-27T07:01:26Z;;907;177
2025-04-27T07:01:34Z;;898;168
2025-04-27T07:01:36Z;;909;179
2025-04-27T07:05:06Z;;898;168
2025-04-27T07:05:08Z;;897;167
2025-04-27T07:06:24Z;;890;160
2025-04-27T07:06:26Z;;953;223
2025-04-27T07:11:45Z;;522;-208
2025-04-27T07:11:47Z;;915;185
2025-04-27T07:14:12Z;;899;169
2025-04-27T07:14:14Z;;900;170
2025-04-27T07:14:22Z;;898;168
2025-04-27T07:14:24Z;;908;178
2025-04-27T07:14:32Z;;897;167
2025-04-27T07:14:34Z;;907;177
2025-04-27T07:14:42Z;;896;166
2025-04-27T07:14:44Z;;906;176
2025-04-27T07:14:52Z;;896;166
2025-04-27T07:14:54Z;;905;175
2025-04-27T07:15:02Z;;896;166
2025-04-27T07:15:05Z;;908;178
2025-04-27T07:15:06Z;;904;174
2025-04-27T07:15:07Z;-852;;52
2025-04-27T07:15:12Z;;895;43
2025-04-27T07:15:14Z;;903;51
2025-04-27T07:15:22Z;;895;43
2025-04-27T07:15:24Z;;904;52
2025-04-27T07:15:32Z;;894;42
2025-04-27T07:15:34Z;;904;52
2025-04-27T07:15:42Z;;895;43
2025-04-27T07:15:44Z;;905;53
2025-04-27T07:15:51Z;;899;47
2025-04-27T07:15:55Z;;900;48
2025-04-27T07:15:58Z;;896;44
2025-04-27T07:16:00Z;;905;53
2025-04-27T07:16:04Z;;898;46
2025-04-27T07:16:06Z;;906;54
2025-04-27T07:16:14Z;;898;46
2025-04-27T07:16:16Z;;907;55
2025-04-27T07:16:24Z;;899;47
2025-04-27T07:16:26Z;;908;56
2025-04-27T07:16:46Z;;896;44
2025-04-27T07:16:50Z;;905;53
2025-04-27T07:18:07Z;-891;;14
2025-04-27T07:18:15Z;-903;;2
2025-04-27T07:18:18Z;-904;;1
2025-04-27T07:18:27Z;-903;;2
2025-04-27T07:18:30Z;-904;;1
2025-04-27T07:20:10Z;-987;;-82
2025-04-27T07:20:12Z;-1000;;-95
2025-04-27T07:20:51Z;;442;-558
2025-04-27T07:20:53Z;;1070;70
2025-04-27T07:21:58Z;-1139;;-69
2025-04-27T07:22:00Z;-1151;;-81
2025-04-27T07:22:04Z;;1203;52
2025-04-27T07:22:24Z;;1190;39
2025-04-27T07:22:26Z;;1228;77
2025-04-27T07:22:30Z;-1200;;28
2025-04-27T07:22:31Z;-1199;;29
2025-04-27T07:22:32Z;-1205;;23
2025-04-27T07:22:33Z;-1189;;39
2025-04-27T07:22:35Z;-1212;;16
2025-04-27T07:28:24Z;;1507;295
2025-04-27T07:28:35Z;-1499;;8
2025-04-27T07:29:09Z;-1496;;11
2025-04-27T07:29:13Z;;1495;-1
2025-04-27T07:30:03Z;;1429;-67
2025-04-27T07:30:07Z;-1374;;55
2025-04-27T07:30:24Z;-950;1126;479
2025-04-27T07:30:26Z;;1402;452
2025-04-27T07:30:28Z;-1351;;51
2025-04-27T07:30:29Z;-1563;;-161
2025-04-27T07:30:30Z;-1357;;45
2025-04-27T07:38:05Z;-794;782;608
2025-04-27T07:38:06Z;-1305;;-523
2025-04-27T07:38:09Z;;1354;49
2025-04-27T07:40:46Z;;1506;201
2025-04-27T07:41:02Z;-1461;;45
2025-04-27T07:41:03Z;-1038;;468
2025-04-27T07:41:04Z;;1045;7
2025-04-27T07:41:05Z;-1375;;-330
2025-04-27T07:41:06Z;;1488;113
2025-04-27T07:41:08Z;;1514;139
2025-04-27T07:41:09Z;-1431;;83
2025-04-27T07:41:11Z;;1483;52
2025-04-27T07:45:03Z;;1427;-4
2025-04-27T07:45:07Z;-1389;;38
2025-04-27T07:46:54Z;;1505;116
2025-04-27T07:47:02Z;-1499;;6
2025-04-27T07:47:10Z;;1809;310
2025-04-27T07:47:13Z;-1797;;12
2025-04-27T07:47:21Z;-1811;;-2
2025-04-27T07:47:24Z;;1796;-15
2025-04-27T07:47:37Z;-1500;;296
2025-04-27T07:47:46Z;-1500;;296
2025-04-27T07:47:53Z;-1498;;298
2025-04-27T07:47:56Z;-1481;;315
2025-04-27T07:49:10Z;;1806;325
2025-04-27T07:49:18Z;;1797;316
2025-04-27T07:51:21Z;-1188;1268;80
2025-04-27T07:51:22Z;-1527;;-259
2025-04-27T07:51:23Z;-1248;;20
2025-04-27T07:51:24Z;-1527;;-259
2025-04-27T07:51:26Z;;1582;55
2025-04-27T07:53:21Z;;1807;280
2025-04-27T07:53:33Z;;1797;270
2025-04-27T07:54:08Z;;1802;275
2025-04-27T07:54:10Z;;1792;265
2025-04-27T07:54:12Z;;1796;269
2025-04-27T07:54:19Z;;1798;271
2025-04-27T07:55:41Z;;1805;278
2025-04-27T07:55:53Z;-1803;;2
2025-04-27T07:55:55Z;-1798;;7
2025-04-27T07:55:57Z;-1801;;4
2025-04-27T07:55:58Z;-1799;;6
2025-04-27T07:56:27Z;;1796;-3
2025-04-27T07:56:58Z;;1800;1
2025-04-27T07:57:00Z;;1795;-4
2025-04-27T07:57:01Z;;1804;5
2025-04-27T07:57:03Z;;1796;-3
2025-04-27T07:58:00Z;;1801;2
2025-04-27T07:58:08Z;-1810;;-9
2025-04-27T07:58:23Z;-1809;;-8
2025-04-27T07:58:27Z;;1793;-16
2025-04-27T07:58:36Z;;1803;-6
2025-04-27T07:58:42Z;-1796;;7
2025-04-27T07:58:53Z;-1804;;-1
2025-04-27T07:59:03Z;;1795;-9
2025-04-27T07:59:57Z;;1808;4
2025-04-27T08:00:03Z;;1817;13
2025-04-27T08:00:07Z;-1787;;30
2025-04-27T08:00:10Z;-1808;;9
2025-04-27T08:00:27Z;-1767;;50
2025-04-27T08:00:29Z;;1777;10
2025-04-27T08:01:28Z;;1824;57
2025-04-27T08:01:30Z;-1815;;9
2025-04-27T08:01:38Z;;2102;287
2025-04-27T08:01:47Z;-2097;;5
2025-04-27T08:01:55Z;-2098;;4
2025-04-27T08:01:59Z;;2078;-20
2025-04-27T08:02:36Z;;2103;5
2025-04-27T08:02:40Z;-2123;;-20
2025-04-27T08:02:43Z;;2422;299
2025-04-27T08:02:44Z;-2387;;35
2025-04-27T08:02:50Z;;2730;343
2025-04-27T08:02:57Z;;2686;299
2025-04-27T08:03:01Z;-2379;;307
2025-04-27T08:03:02Z;;2368;-11
2025-04-27T08:03:06Z;-2045;;323
2025-04-27T08:03:07Z;;2060;15
2025-04-27T08:03:19Z;-1808;;252
2025-04-27T08:03:24Z;;1795;-13
2025-04-27T08:04:26Z;;1804;-4
2025-04-27T08:04:31Z;-1817;;-13
2025-04-27T08:04:49Z;-1794;;10
2025-04-27T08:04:55Z;;1582;-212
2025-04-27T08:04:57Z;-989;1846;593
2025-04-27T08:04:59Z;;1778;789
2025-04-27T08:05:01Z;;1864;875
2025-04-27T08:05:56Z;;2105;1116
2025-04-27T08:05:58Z;-2126;;-21
2025-04-27T08:06:02Z;;2452;326
2025-04-27T08:06:03Z;-2428;;24
2025-04-27T08:06:06Z;;2714;286
2025-04-27T08:06:07Z;-2646;;68
2025-04-27T08:06:11Z;;2986;340
2025-04-27T08:06:14Z;-3035;;-49
2025-04-27T08:06:17Z;;3386;351
2025-04-27T08:06:18Z;-3315;;71
2025-04-27T08:06:31Z;-3286;;100
2025-04-27T08:06:34Z;;3279;-7
2025-04-27T08:06:37Z;-2956;;323
2025-04-27T08:06:38Z;;2940;-16
2025-04-27T08:06:40Z;-2627;2699;313
2025-04-27T08:06:42Z;-2399;;300
2025-04-27T08:06:43Z;;2360;-39
2025-04-27T08:06:45Z;-2109;;251
2025-04-27T08:06:46Z;;2088;-21
2025-04-27T08:06:50Z;-1798;;290
2025-04-27T08:06:52Z;;1791;-7
2025-04-27T08:08:15Z;;1805;7
2025-04-27T08:08:17Z;;1796;-2
2025-04-27T08:08:19Z;;1808;10
2025-04-27T08:08:26Z;-1806;;2
2025-04-27T08:08:47Z;;2110;304
2025-04-27T08:08:49Z;193;;2303
2025-04-27T08:08:50Z;-1963;;147
2025-04-27T08:09:04Z;-2120;;-10
2025-04-27T08:09:06Z;;2426;306
2025-04-27T08:09:09Z;-2415;;11
2025-04-27T08:09:10Z;;2703;288
2025-04-27T08:09:14Z;-2742;;-39
2025-04-27T08:09:15Z;;3020;278
2025-04-27T08:09:24Z;;2993;251
2025-04-27T08:09:26Z;-2686;;307
2025-04-27T08:09:29Z;;2678;-8
2025-04-27T08:09:31Z;-2345;;333
2025-04-27T08:09:33Z;;2385;40
2025-04-27T08:09:35Z;-2057;;328
2025-04-27T08:09:40Z;;2091;34
2025-04-27T08:09:44Z;;2108;51
2025-04-27T08:09:54Z;-2113;;-5
2025-04-27T08:09:57Z;;2439;326
2025-04-27T08:10:00Z;-2399;;40
2025-04-27T08:10:02Z;;2747;348
2025-04-27T08:10:04Z;-2668;;79
2025-04-27T08:10:06Z;;3005;337
2025-04-27T08:10:13Z;;3004;336
2025-04-27T08:10:16Z;-2689;;315
2025-04-27T08:10:28Z;;2696;7
2025-04-27T08:10:33Z;-2370;;326
2025-04-27T08:10:38Z;;2396;26
2025-04-27T08:10:42Z;-2120;;276
2025-04-27T08:11:03Z;;2088;-32
2025-04-27T08:11:14Z;;2110;-10
2025-04-27T08:11:26Z;-2123;;-13
2025-04-27T08:11:32Z;-2101;;9
2025-04-27T08:11:44Z;-2114;;-4
2025-04-27T08:11:47Z;;2400;286
2025-04-27T08:11:57Z;;2397;283
2025-04-27T08:12:04Z;;2418;304
2025-04-27T08:12:09Z;-2450;;-32
2025-04-27T08:12:10Z;;2722;272
2025-04-27T08:12:14Z;-2722;;0
2025-04-27T08:12:15Z;;3021;299
2025-04-27T08:12:19Z;-3001;;20
2025-04-27T08:12:21Z;;3321;320
2025-04-27T08:12:23Z;;3299;298
2025-04-27T08:12:26Z;-2936;;363
2025-04-27T08:12:29Z;-2729;2926;570
2025-04-27T08:12:32Z;;2722;-7
2025-04-27T08:12:38Z;;2696;-33
2025-04-27T08:12:43Z;;2689;-40
2025-04-27T08:12:46Z;;2702;-27
2025-04-27T08:12:55Z;;2669;-60
2025-04-27T08:12:58Z;-2414;;255
2025-04-27T08:13:00Z;-2421;;248
2025-04-27T08:13:02Z;;2702;281
2025-04-27T08:13:08Z;-2711;;-9
2025-04-27T08:13:10Z;;3039;328
2025-04-27T08:13:17Z;;2988;277
2025-04-27T08:13:18Z;-2686;;302
2025-04-27T08:13:20Z;;2655;-31
2025-04-27T08:13:21Z;-2366;;289
2025-04-27T08:13:23Z;;2382;16
2025-04-27T08:13:25Z;-2098;;284
2025-04-27T08:13:29Z;;2078;-20
2025-04-27T08:13:33Z;-1772;;306
2025-04-27T08:13:39Z;;1798;26
2025-04-27T08:13:46Z;;1800;28
2025-04-27T08:14:15Z;;1799;27
2025-04-27T08:14:25Z;;1814;42
2025-04-27T08:14:31Z;-1800;;14
2025-04-27T08:14:40Z;-1798;;16
2025-04-27T08:15:03Z;-1839;1851;-25
2025-04-27T08:15:04Z;;2090;251
2025-04-27T08:15:07Z;-1789;;301
2025-04-27T08:15:10Z;;2054;265
2025-04-27T08:15:13Z;-1789;;265
2025-04-27T08:15:17Z;;1794;5
2025-04-27T08:15:28Z;;1801;12
2025-04-27T08:15:35Z;;1799;10
2025-04-27T08:15:46Z;-1487;;312
2025-04-27T08:15:56Z;-1508;;291
2025-04-27T08:16:09Z;-1499;;300
2025-04-27T08:16:46Z;-1511;;288
2025-04-27T08:16:48Z;;1840;329
2025-04-27T08:16:51Z;-1870;;-30
2025-04-27T08:16:52Z;;2137;267
2025-04-27T08:16:54Z;-2084;;53
2025-04-27T08:16:56Z;;2416;332
2025-04-27T08:17:01Z;-2410;;6
2025-04-27T08:17:08Z;-2360;;56
2025-04-27T08:17:12Z;;2364;4
2025-04-27T08:17:14Z;-2096;;268
2025-04-27T08:17:21Z;-2122;;242
2025-04-27T08:17:23Z;;2406;284
2025-04-27T08:17:47Z;;2374;252
2025-04-27T08:17:50Z;;2405;283
2025-04-27T08:17:58Z;-2423;;-18
2025-04-27T08:18:04Z;;2707;284
2025-04-27T08:18:10Z;-2706;;1
2025-04-27T08:18:12Z;;2994;288
2025-04-27T08:18:27Z;;2987;281
2025-04-27T08:18:28Z;-2652;;335
2025-04-27T08:18:30Z;;2627;-25
2025-04-27T08:18:31Z;-2327;;300
2025-04-27T08:18:32Z;-2203;;424
2025-04-27T08:18:34Z;;2508;305
2025-04-27T08:18:36Z;;2098;-105
2025-04-27T08:18:38Z;;2102;-101
2025-04-27T08:18:45Z;-2128;2429;-26
2025-04-27T08:18:49Z;-2467;;-38
2025-04-27T08:18:51Z;;2720;253
2025-04-27T08:18:57Z;;2697;230
2025-04-27T08:18:59Z;-2399;;298
2025-04-27T08:19:05Z;-2365;;332
2025-04-27T08:19:08Z;;2706;341
2025-04-27T08:19:12Z;-2717;;-11
2025-04-27T08:19:14Z;;3027;310
2025-04-27T08:19:29Z;-3032;;-5
2025-04-27T08:20:01Z;-2999;;28
2025-04-27T08:20:12Z;;2954;-45
2025-04-27T08:20:13Z;-2651;;303
2025-04-27T08:20:16Z;;2693;42
2025-04-27T08:20:26Z;;2705;54
2025-04-27T08:20:31Z;-2729;;-24
2025-04-27T08:20:33Z;;3002;273
2025-04-27T08:20:35Z;;2998;269
2025-04-27T08:20:39Z;-2687;;311
2025-04-27T08:20:44Z;-2699;;299
2025-04-27T08:20:56Z;;3020;321
2025-04-27T08:21:10Z;;2944;245
2025-04-27T08:21:12Z;-2673;;271
2025-04-27T08:21:23Z;-2708;;236
2025-04-27T08:21:26Z;;3011;303
2025-04-27T08:21:31Z;;2978;270
2025-04-27T08:21:32Z;-2727;;251
2025-04-27T08:21:38Z;;2695;-32
2025-04-27T08:21:40Z;;2703;-24
2025-04-27T08:21:44Z;;2667;-60
2025-04-27T08:21:46Z;-2332;;335
2025-04-27T08:21:49Z;;2388;56
2025-04-27T08:21:51Z;;2405;73
2025-04-27T08:22:09Z;;2091;-241
2025-04-27T08:22:10Z;;2136;-196
2025-04-27T08:22:12Z;-2062;;74
2025-04-27T08:22:14Z;;2412;350
2025-04-27T08:22:18Z;-2436;;-24
2025-04-27T08:22:23Z;-2374;;38
2025-04-27T08:22:30Z;;2397;23
2025-04-27T08:22:34Z;-2110;;287
2025-04-27T08:22:37Z;-2113;;284
2025-04-27T08:22:39Z;;2427;314
2025-04-27T08:22:42Z;-2437;;-10
2025-04-27T08:22:44Z;;2724;287
2025-04-27T08:22:48Z;;2693;256
2025-04-27T08:22:56Z;;2734;297
2025-04-27T08:23:01Z;;2679;242
2025-04-27T08:23:02Z;-2424;;255
2025-04-27T08:23:05Z;-2354;;325
2025-04-27T08:23:08Z;;2752;398
2025-04-27T08:23:11Z;-2711;;41
2025-04-27T08:23:25Z;-2697;;55
2025-04-27T08:23:30Z;;2692;-5
2025-04-27T08:23:35Z;;2709;12
2025-04-27T08:23:39Z;;2692;-5
2025-04-27T08:23:44Z;;2714;17
2025-04-27T08:23:51Z;-2720;;-6
2025-04-27T08:23:53Z;;3054;334
2025-04-27T08:24:00Z;;2974;254
2025-04-27T08:24:02Z;-2680;;294
2025-04-27T08:24:14Z;-2713;;261
2025-04-27T08:24:17Z;;3024;311
2025-04-27T08:24:22Z;;2944;231
2025-04-27T08:24:23Z;-2662;;282
2025-04-27T08:24:25Z;;2692;30
2025-04-27T08:24:27Z;-2341;;351
2025-04-27T08:24:31Z;;2387;46
2025-04-27T08:24:34Z;-2063;;324
2025-04-27T08:24:41Z;-2106;;281
2025-04-27T08:24:52Z;;2412;306
2025-04-27T08:25:02Z;-2396;;16
2025-04-27T08:25:04Z;;2701;305
2025-04-27T08:25:09Z;-2704;;-3
2025-04-27T08:25:13Z;;3012;308
2025-04-27T08:26:23Z;;2989;285
2025-04-27T08:26:25Z;;3005;301
2025-04-27T08:26:29Z;;2998;294
2025-04-27T08:26:37Z;;3001;297
2025-04-27T08:26:39Z;;2988;284
2025-04-27T08:27:49Z;-2692;;296
2025-04-27T08:27:50Z;-2711;;277
2025-04-27T08:27:55Z;-2696;;292
2025-04-27T08:27:57Z;-2714;;274
2025-04-27T08:28:05Z;-2691;;297
2025-04-27T08:28:09Z;-2696;;292
2025-04-27T08:28:18Z;-2706;;282
2025-04-27T08:28:21Z;-2703;;285
2025-04-27T08:28:29Z;-2681;;307
2025-04-27T08:28:30Z;-2681;;307
2025-04-27T08:28:38Z;-2702;;286
2025-04-27T08:28:45Z;-2704;;284
2025-04-27T08:28:46Z;-2701;;287
2025-04-27T08:28:54Z;-2696;;292
2025-04-27T08:30:03Z;;2885;189
2025-04-27T08:30:07Z;-2786;;99
2025-04-27T08:36:33Z;-2698;;187
2025-04-27T08:36:35Z;-2709;;176
2025-04-27T08:36:41Z;-2697;;188
2025-04-27T08:36:43Z;-2701;;184
2025-04-27T08:36:45Z;-2695;;190
2025-04-27T08:36:55Z;-2695;;190
2025-04-27T08:36:57Z;-2682;;203
2025-04-27T08:36:59Z;-2708;;177
2025-04-27T08:37:05Z;-2687;;198
2025-04-27T08:37:07Z;-2710;;175
2025-04-27T08:37:15Z;-2683;;202
2025-04-27T08:37:17Z;-2703;;182
2025-04-27T08:37:25Z;-2682;;203
2025-04-27T08:37:27Z;-2704;;181
2025-04-27T08:37:35Z;-2676;;209
2025-04-27T08:37:37Z;-2700;;185
2025-04-27T08:37:38Z;-2699;;186
2025-04-27T08:37:39Z;-2699;;186
2025-04-27T08:37:45Z;-2676;;209
2025-04-27T08:37:47Z;-2703;;182
2025-04-27T08:37:53Z;-2698;;187
2025-04-27T08:37:55Z;-2708;;177
2025-04-27T08:38:01Z;-2696;;189
2025-04-27T08:38:03Z;-2710;;175
2025-04-27T08:38:08Z;-2700;;185
2025-04-27T08:38:13Z;-2710;;175
2025-04-27T08:38:20Z;-2705;;180
2025-04-27T08:38:23Z;-2706;;179
2025-04-27T08:38:31Z;-2690;;195
2025-04-27T08:38:32Z;-2689;;196
2025-04-27T08:38:40Z;-2712;;173
2025-04-27T08:38:43Z;-2717;;168
2025-04-27T08:38:51Z;-2696;;189
2025-04-27T08:38:52Z;-2697;;188
2025-04-27T08:39:03Z;-2698;;187
2025-04-27T08:39:04Z;-2720;;165
2025-04-27T08:39:11Z;-2698;;187
2025-04-27T08:39:13Z;-2719;;166
2025-04-27T08:39:21Z;-2693;;192
2025-04-27T08:39:23Z;-2713;;172
2025-04-27T08:39:31Z;-2694;;191
2025-04-27T08:39:33Z;-2714;;171
2025-04-27T08:39:41Z;-2694;;191
2025-04-27T08:39:43Z;-2713;;172
2025-04-27T08:39:51Z;-2692;;193
2025-04-27T08:39:53Z;-2711;;174
2025-04-27T08:40:01Z;-2688;;197
2025-04-27T08:40:02Z;-2687;;198
2025-04-27T08:40:10Z;-2706;;179
2025-04-27T08:40:13Z;-2704;;181
2025-04-27T08:40:20Z;-2699;;186
2025-04-27T08:40:22Z;-2679;;206
2025-04-27T08:40:28Z;-2709;;176
2025-04-27T08:40:29Z;-2697;;188
2025-04-27T08:40:30Z;-2700;;185
2025-04-27T08:40:35Z;-2700;;185
2025-04-27T08:40:36Z;-2698;;187
2025-04-27T08:40:37Z;-2708;;177
2025-04-27T08:40:38Z;-2709;;176
2025-04-27T08:40:46Z;-2698;;187
2025-04-27T08:40:49Z;-2699;;186
2025-04-27T08:40:53Z;-2701;;184
2025-04-27T08:40:58Z;-2712;;173
2025-04-27T08:41:02Z;-2700;;185
2025-04-27T08:41:14Z;-2705;;180
2025-04-27T08:41:17Z;-2706;;179
2025-04-27T08:41:22Z;-2707;;178
2025-04-27T08:41:24Z;-2683;;202
2025-04-27T08:41:33Z;-2682;;203
2025-04-27T08:41:34Z;-2682;;203
2025-04-27T08:41:42Z;-2705;;180
2025-04-27T08:41:45Z;-2705;;180
2025-04-27T08:41:53Z;-2679;;206
2025-04-27T08:41:54Z;-2679;;206
2025-04-27T08:42:02Z;-2701;;184
2025-04-27T08:42:05Z;-2700;;185
2025-04-27T08:42:19Z;-2696;;189
2025-04-27T08:42:21Z;-2706;;179
2025-04-27T08:42:25Z;-2695;;190
2025-04-27T08:42:31Z;-2705;;180
2025-04-27T08:42:33Z;-2690;;195
2025-04-27T08:42:41Z;-2701;;184
2025-04-27T08:42:43Z;-2690;;195
2025-04-27T08:42:52Z;-2701;;184
2025-04-27T08:42:53Z;-2691;;194
2025-04-27T08:42:55Z;-2702;;183
2025-04-27T08:42:57Z;-2690;;195
2025-04-27T08:43:05Z;-2702;;183
2025-04-27T08:43:07Z;-2690;;195
2025-04-27T08:43:15Z;-2704;;181
2025-04-27T08:43:17Z;-2694;;191
2025-04-27T08:43:18Z;-2693;;192
2025-04-27T08:43:21Z;-2696;;189
2025-04-27T08:43:29Z;-2709;;176
2025-04-27T08:43:30Z;-2710;;175
2025-04-27T08:43:36Z;-2700;;185
2025-04-27T08:43:42Z;-2701;;184
2025-04-27T08:43:45Z;-2701;;184
2025-04-27T08:43:50Z;-2713;;172
2025-04-27T08:43:52Z;-2700;;185
2025-04-27T08:43:53Z;-2676;;209
2025-04-27T08:44:00Z;-2698;;187
2025-04-27T08:44:01Z;-2697;;188
2025-04-27T08:44:09Z;-2700;;185
2025-04-27T08:44:10Z;-2700;;185
2025-04-27T08:44:18Z;-2696;;189
2025-04-27T08:44:21Z;-2699;;186
2025-04-27T08:44:25Z;-2701;;184
2025-04-27T08:44:33Z;-2680;;205
2025-04-27T08:44:34Z;-2679;;206
2025-04-27T08:44:46Z;-2708;;177
2025-04-27T08:44:49Z;-2707;;178
2025-04-27T08:45:01Z;-2686;;199
2025-04-27T08:45:03Z;-2709;2815;176
2025-04-27T08:45:07Z;-2684;;131
2025-04-27T08:45:11Z;-2685;;130
2025-04-27T08:45:13Z;-2708;;107
2025-04-27T08:45:21Z;-2680;;135
2025-04-27T08:45:23Z;-2703;;112
2025-04-27T08:45:29Z;-2698;;117
2025-04-27T08:45:31Z;-2679;;136
2025-04-27T08:45:53Z;-2675;;140
2025-04-27T08:45:57Z;-2713;;102
2025-04-27T08:45:59Z;-2698;;117
2025-04-27T08:46:01Z;-2710;;105
2025-04-27T08:46:07Z;-2694;;121
2025-04-27T08:46:09Z;-2709;;106
2025-04-27T08:46:16Z;-2702;;113
2025-04-27T08:46:35Z;-2703;;112
2025-04-27T08:46:36Z;-2691;;124
2025-04-27T08:46:37Z;-2704;;111
2025-04-27T08:46:39Z;-2690;;125
2025-04-27T08:46:40Z;-2690;;125
2025-04-27T08:46:47Z;-2698;;117
2025-04-27T08:46:48Z;-2700;;115
2025-04-27T08:46:49Z;-2691;;124
2025-04-27T08:46:50Z;-2705;;110
2025-04-27T08:46:53Z;-2691;;124
2025-04-27T08:46:55Z;-2708;;107
2025-04-27T08:47:01Z;-2690;;125
2025-04-27T08:47:03Z;-2706;;109
2025-04-27T08:47:08Z;-2657;;158
2025-04-27T08:47:09Z;-2702;;113
2025-04-27T08:47:13Z;-2686;;129
2025-04-27T08:47:15Z;-2702;;113
2025-04-27T08:47:21Z;-2695;;120
2025-04-27T08:49:45Z;-2701;;114
2025-04-27T08:49:46Z;-2696;;119
2025-04-27T08:49:54Z;-2699;;116
2025-04-27T08:49:58Z;-2700;;115
2025-04-27T08:50:05Z;-2706;;109
2025-04-27T08:50:07Z;-2698;;117
2025-04-27T08:50:14Z;-2698;;117
2025-04-27T08:50:18Z;-2700;;115
2025-04-27T08:50:21Z;-2702;;113
2025-04-27T08:50:29Z;-2692;;123
2025-04-27T08:50:34Z;-2692;;123
2025-04-27T08:50:37Z;-2692;;123
2025-04-27T08:50:39Z;-2710;;105
2025-04-27T08:50:45Z;-2689;;126
2025-04-27T08:50:47Z;-2707;;108
2025-04-27T08:50:55Z;-2686;;129
2025-04-27T08:50:57Z;-2701;;114
2025-04-27T08:51:05Z;-2683;;132
2025-04-27T08:51:07Z;-2703;;112
2025-04-27T08:51:15Z;-2687;;128
2025-04-27T08:51:17Z;-2705;;110
2025-04-27T08:51:19Z;-2699;;116
2025-04-27T08:51:21Z;-2712;;103
2025-04-27T08:51:48Z;-2691;;124
2025-04-27T08:51:49Z;-2699;;116
2025-04-27T08:51:50Z;-2700;;115
2025-04-27T08:51:51Z;-2712;;103
2025-04-27T08:53:30Z;-2695;;120
2025-04-27T08:53:35Z;-2706;;109
2025-04-27T08:55:31Z;;3001;295
2025-04-27T08:55:33Z;;3002;296
2025-04-27T08:55:35Z;;3005;299
2025-04-27T08:55:37Z;;3005;299
2025-04-27T08:55:39Z;;3010;304
2025-04-27T08:55:41Z;;2998;292
2025-04-27T08:55:43Z;;3013;307
2025-04-27T08:55:49Z;;2999;293
2025-04-27T08:55:51Z;;3001;295
2025-04-27T08:55:53Z;;2978;272
2025-04-27T08:55:54Z;;3003;297
2025-04-27T08:56:27Z;;2995;289
2025-04-27T08:56:29Z;;3022;316
2025-04-27T08:56:35Z;;2987;281
2025-04-27T08:56:37Z;;3007;301
2025-04-27T08:56:39Z;;2999;293
2025-04-27T08:56:41Z;;3003;297
2025-04-27T08:57:18Z;;2993;287
2025-04-27T08:57:25Z;;3034;328
2025-04-27T08:57:35Z;;2997;291
2025-04-27T08:57:37Z;;3042;336
2025-04-27T08:58:14Z;;2968;262
2025-04-27T08:58:17Z;;3018;312
2025-04-27T08:58:25Z;-3003;;15
2025-04-27T08:58:59Z;-2872;2947;146
2025-04-27T08:59:00Z;-2577;;370
2025-04-27T08:59:01Z;-2453;;494
2025-04-27T08:59:03Z;-2091;;856
2025-04-27T08:59:04Z;;2647;556
2025-04-27T08:59:06Z;;2336;245
2025-04-27T08:59:07Z;;2017;-74
2025-04-27T08:59:08Z;-1789;;228
2025-04-27T08:59:09Z;;1740;-49
2025-04-27T08:59:11Z;;1909;120
2025-04-27T08:59:13Z;;2150;361
2025-04-27T08:59:14Z;-1715;;435
2025-04-27T08:59:16Z;-2175;;-25
2025-04-27T08:59:18Z;;2431;256
2025-04-27T08:59:19Z;-2407;;24
2025-04-27T08:59:20Z;-2280;;151
2025-04-27T08:59:22Z;;2353;73
2025-04-27T08:59:24Z;;2485;205
2025-04-27T08:59:26Z;-2391;2337;57
2025-04-27T08:59:28Z;-2741;2491;-250
2025-04-27T08:59:29Z;-2916;;-425
2025-04-27T08:59:30Z;;2725;-191
2025-04-27T08:59:32Z;;3008;92
2025-04-27T08:59:33Z;-2521;;487
2025-04-27T08:59:35Z;-1980;;1028
2025-04-27T08:59:36Z;;2739;759
2025-04-27T08:59:38Z;;2589;609
2025-04-27T08:59:39Z;-2153;;436
2025-04-27T08:59:40Z;;2319;166
2025-04-27T08:59:42Z;;2036;-117
2025-04-27T08:59:43Z;;2169;16
2025-04-27T08:59:45Z;-2088;2037;-116
2025-04-27T08:59:48Z;;2134;46
2025-04-27T08:59:49Z;-2171;;-37
2025-04-27T08:59:52Z;-2501;2456;-367
2025-04-27T08:59:54Z;;2741;240
2025-04-27T08:59:56Z;-2784;;-43
2025-04-27T08:59:58Z;-2672;;69
2025-04-27T08:59:59Z;-2380;;361
2025-04-27T09:00:00Z;;2438;58
2025-04-27T09:00:01Z;-1991;2236;447
2025-04-27T09:00:02Z;-1818;;418
2025-04-27T09:00:03Z;;2041;223
2025-04-27T09:00:05Z;-1708;;333
2025-04-27T09:00:06Z;;2742;1034
2025-04-27T09:00:07Z;-1818;1769;61
2025-04-27T09:00:08Z;-2223;;-454
2025-04-27T09:00:11Z;;1943;-280
2025-04-27T09:00:13Z;-2148;2115;-33
2025-04-27T09:00:14Z;;2318;170
2025-04-27T09:00:16Z;;2337;189
2025-04-27T09:00:18Z;;2087;-61
2025-04-27T09:00:26Z;;2117;-31
2025-04-27T09:00:29Z;-2071;;46
2025-04-27T09:00:37Z;;2432;361
2025-04-27T09:00:38Z;-2408;;24
2025-04-27T09:00:49Z;;2705;297
2025-04-27T09:00:52Z;-2707;;-2
2025-04-27T09:00:54Z;-2651;;54
2025-04-27T09:00:55Z;;2677;26
2025-04-27T09:00:57Z;-2266;2335;411
2025-04-27T09:00:59Z;-2444;2537;-109
2025-04-27T09:01:02Z;;2716;272
2025-04-27T09:01:03Z;-2724;;-8
2025-04-27T09:01:05Z;;3046;322
2025-04-27T09:01:06Z;-3070;;-24
2025-04-27T09:01:25Z;-2922;;124
2025-04-27T09:01:26Z;-2685;;361
2025-04-27T09:01:27Z;;2754;69
2025-04-27T09:01:29Z;;2672;-13
2025-04-27T09:01:31Z;;2734;49
2025-04-27T09:01:34Z;-2711;;23
2025-04-27T09:01:35Z;;2640;-71
2025-04-27T09:01:38Z;-2650;;-10
2025-04-27T09:01:39Z;;2399;-251
2025-04-27T09:01:42Z;-2405;;-6
2025-04-27T09:01:43Z;;2087;-318
2025-04-27T09:01:44Z;;2157;-248
2025-04-27T09:01:46Z;-2087;2559;154
2025-04-27T09:01:48Z;;2703;616
2025-04-27T09:01:50Z;;2687;600
2025-04-27T09:01:52Z;;2715;628
2025-04-27T09:01:54Z;;2598;511
2025-04-27T09:01:55Z;-2254;;344
2025-04-27T09:01:56Z;;2248;-6
2025-04-27T09:01:59Z;-2616;;-368
2025-04-27T09:02:01Z;-2818;;-570
2025-04-27T09:02:02Z;-2341;;-93
2025-04-27T09:02:03Z;-2093;;155
2025-04-27T09:02:04Z;-2094;;154
2025-04-27T09:02:05Z;-2079;;169
2025-04-27T09:02:06Z;;2056;-23
2025-04-27T09:02:12Z;-2130;2219;-74
2025-04-27T09:02:14Z;-2566;2411;-347
2025-04-27T09:02:16Z;;3008;442
2025-04-27T09:02:18Z;-2880;;128
2025-04-27T09:02:19Z;-3039;;-31
2025-04-27T09:02:20Z;-2975;;33
2025-04-27T09:02:25Z;-3010;;-2
2025-04-27T09:02:28Z;;3326;316
2025-04-27T09:02:31Z;;3297;287
2025-04-27T09:02:34Z;-2914;;383
2025-04-27T09:02:35Z;;2894;-20
2025-04-27T09:02:36Z;-2708;;186
2025-04-27T09:02:38Z;;2606;-102
2025-04-27T09:02:48Z;;2728;20
2025-04-27T09:02:52Z;-2703;;25
2025-04-27T09:02:53Z;-2674;;54
2025-04-27T09:02:54Z;;2693;19
2025-04-27T09:02:56Z;-2467;;226
2025-04-27T09:02:58Z;;2357;-110
2025-04-27T09:03:02Z;-2088;;269
2025-04-27T09:03:04Z;-2126;;231
2025-04-27T09:03:08Z;;2466;340
2025-04-27T09:03:09Z;-2463;;3
2025-04-27T09:03:11Z;;2778;315
2025-04-27T09:03:12Z;-2762;;16
2025-04-27T09:03:14Z;;3061;299
2025-04-27T09:03:16Z;-3049;;12
2025-04-27T09:03:22Z;;3308;259
2025-04-27T09:03:56Z;;3290;241
2025-04-27T09:03:58Z;;3315;266
2025-04-27T09:04:00Z;;3295;246
2025-04-27T09:04:08Z;-2985;;310
2025-04-27T09:04:09Z;;2970;-15
2025-04-27T09:04:11Z;-2690;;280
2025-04-27T09:04:13Z;;2655;-35
2025-04-27T09:04:20Z;;2771;81
2025-04-27T09:04:23Z;;2625;-65
2025-04-27T09:04:24Z;-2387;;238
2025-04-27T09:04:25Z;-2185;;440
2025-04-27T09:04:26Z;;2238;53
2025-04-27T09:04:27Z;;2027;-158
2025-04-27T09:04:29Z;-1811;;216
2025-04-27T09:04:30Z;;1795;-16
2025-04-27T09:04:34Z;;1802;-9
2025-04-27T09:04:50Z;-1846;2146;335
2025-04-27T09:04:52Z;;2328;517
2025-04-27T09:04:57Z;-2019;;-217
2025-04-27T09:05:00Z;;2301;519
2025-04-27T09:05:07Z;-2091;;-306
2025-04-27T09:05:10Z;;2069;50
2025-04-27T09:05:13Z;-1782;;287
2025-04-27T09:05:14Z;;1785;3
2025-04-27T09:05:26Z;;1809;27
2025-04-27T09:05:30Z;-1809;;0
2025-04-27T09:05:38Z;-1794;2156;15
2025-04-27T09:05:39Z;-1822;;334
2025-04-27T09:05:52Z;;2367;545
2025-04-27T09:05:53Z;-2106;;261
2025-04-27T09:05:59Z;-2494;;-127
2025-04-27T09:06:03Z;;2721;227
2025-04-27T09:06:04Z;-2672;;49
2025-04-27T09:06:08Z;;3024;352
2025-04-27T09:06:11Z;-3008;;16
2025-04-27T09:06:17Z;-2937;;87
2025-04-27T09:06:18Z;;2979;42
2025-04-27T09:06:20Z;-2720;;259
2025-04-27T09:06:28Z;-2704;;275
2025-04-27T09:06:31Z;-2690;;289
2025-04-27T09:06:34Z;;2675;-15
2025-04-27T09:06:37Z;;2715;25
2025-04-27T09:06:39Z;-2746;;-31
2025-04-27T09:06:48Z;-2662;;53
2025-04-27T09:06:51Z;-2722;;-7
2025-04-27T09:06:56Z;-2674;;41
2025-04-27T09:06:57Z;;2638;-36
2025-04-27T09:06:59Z;-2354;;284
2025-04-27T09:07:00Z;;2322;-32
2025-04-27T09:07:05Z;-2074;;248
2025-04-27T09:07:06Z;;2071;-3
2025-04-27T09:07:09Z;-1743;1796;328
2025-04-27T09:07:11Z;-1537;;259
2025-04-27T09:07:14Z;;1448;-89
2025-04-27T09:07:33Z;;1533;-4
2025-04-27T09:07:34Z;-1520;;13
2025-04-27T09:07:38Z;;1847;327
2025-04-27T09:07:39Z;-1869;;-22
2025-04-27T09:07:41Z;-2098;2184;-251
2025-04-27T09:07:44Z;-2209;;-25
2025-04-27T09:07:46Z;-749;1950;1435
2025-04-27T09:07:48Z;-592;1753;1358
2025-04-27T09:07:51Z;;1470;878
2025-04-27T09:08:21Z;;1524;932
2025-04-27T09:08:25Z;-601;1835;923
2025-04-27T09:08:30Z;-918;;917
2025-04-27T09:08:31Z;-828;;1007
2025-04-27T09:08:33Z;;1768;940
2025-04-27T09:08:45Z;-567;;1201
2025-04-27T09:08:46Z;-650;;1118
2025-04-27T09:08:47Z;-596;;1172
2025-04-27T09:08:49Z;-629;;1139
2025-04-27T09:08:50Z;-554;;1214
2025-04-27T09:08:53Z;-653;;1115
2025-04-27T09:08:57Z;;1808;1155
2025-04-27T09:09:00Z;-993;;815
2025-04-27T09:09:01Z;;2227;1234
2025-04-27T09:09:02Z;-1245;;982
2025-04-27T09:09:03Z;;2500;1255
2025-04-27T09:09:04Z;-1534;;966
2025-04-27T09:09:05Z;;2760;1226
2025-04-27T09:09:07Z;-1888;;872
2025-04-27T09:09:08Z;;3025;1137
2025-04-27T09:09:11Z;;2935;1047
2025-04-27T09:09:12Z;-1735;;1200
2025-04-27T09:09:13Z;-1509;;1426
2025-04-27T09:09:14Z;;2545;1036
2025-04-27T09:09:15Z;;2325;816
2025-04-27T09:09:17Z;-1075;1912;403
2025-04-27T09:09:19Z;-615;1780;1297
2025-04-27T09:09:22Z;-528;;1252
2025-04-27T09:09:24Z;-553;;1227
2025-04-27T09:09:30Z;-587;;1193
2025-04-27T09:09:32Z;-610;;1170
2025-04-27T09:09:33Z;-585;;1195
2025-04-27T09:09:39Z;;1814;1229
2025-04-27T09:09:41Z;-943;;871
2025-04-27T09:09:48Z;-919;;895
2025-04-27T09:09:53Z;-894;;920
2025-04-27T09:10:07Z;-907;;907
2025-04-27T09:10:19Z;-931;;883
2025-04-27T09:10:21Z;;2152;1221
2025-04-27T09:10:26Z;;2078;1147
2025-04-27T09:10:30Z;;2134;1203
2025-04-27T09:10:36Z;-1210;;924
2025-04-27T09:10:40Z;;2400;1190
2025-04-27T09:10:42Z;;2374;1164
2025-04-27T09:10:45Z;;2447;1237
2025-04-27T09:10:47Z;-1460;;987
2025-04-27T09:10:50Z;;2710;1250
2025-04-27T09:10:59Z;;2685;1225
2025-04-27T09:11:03Z;;2740;1280
2025-04-27T09:11:11Z;-1785;;955
2025-04-27T09:11:15Z;-1769;;971
2025-04-27T09:11:23Z;-1844;;896
2025-04-27T09:11:24Z;;3030;1186
2025-04-27T09:11:30Z;;2979;1135
2025-04-27T09:11:32Z;-1778;;1201
2025-04-27T09:11:34Z;-1797;;1182
2025-04-27T09:11:40Z;;3052;1255
2025-04-27T09:11:42Z;-2078;;974
2025-04-27T09:11:45Z;-2062;;990
2025-04-27T09:11:49Z;-2050;;1002
2025-04-27T09:11:57Z;;3320;1270
2025-04-27T09:12:50Z;;3298;1248
2025-04-27T09:14:22Z;-2089;;1209
2025-04-27T09:14:24Z;-2103;;1195
2025-04-27T09:14:58Z;-2090;;1208
2025-04-27T09:15:00Z;-2104;;1194
2025-04-27T09:15:03Z;-2104;3183;1194
2025-04-27T09:15:05Z;-2101;;1082
2025-04-27T09:15:06Z;-2073;;1110
2025-04-27T09:15:09Z;-2103;;1080
2025-04-27T09:15:12Z;-2091;;1092
2025-04-27T09:15:13Z;-2098;;1085
2025-04-27T09:15:16Z;-2099;;1084
2025-04-27T09:15:34Z;-2135;;1048
2025-04-27T09:15:42Z;-2089;;1094
2025-04-27T09:15:56Z;-2102;;1081
2025-04-27T09:15:57Z;-2096;;1087
2025-04-27T09:16:03Z;-2125;;1058
2025-04-27T09:16:07Z;-2082;;1101
2025-04-27T09:16:08Z;-2135;;1048
2025-04-27T09:16:16Z;-2099;;1084
2025-04-27T09:16:18Z;-2105;;1078
2025-04-27T09:16:19Z;-2095;;1088
2025-04-27T09:16:20Z;-2112;;1071
2025-04-27T09:16:28Z;-2093;;1090
2025-04-27T09:16:30Z;-2108;;1075
2025-04-27T09:16:38Z;-2083;;1100
2025-04-27T09:16:39Z;-3058;;125
2025-04-27T09:17:49Z;-2844;;339
2025-04-27T09:17:50Z;-3025;;158
2025-04-27T09:18:33Z;;3300;275
2025-04-27T09:18:36Z;;3238;213
2025-04-27T09:18:38Z;;3306;281
2025-04-27T09:19:10Z;;3296;271
2025-04-27T09:19:12Z;;3300;275
2025-04-27T09:19:13Z;;3248;223
2025-04-27T09:19:14Z;-2991;;309
2025-04-27T09:19:17Z;-2726;2859;-132
2025-04-27T09:19:19Z;;2697;-29
2025-04-27T09:19:24Z;-2642;2742;55
2025-04-27T09:19:26Z;;3053;411
2025-04-27T09:19:27Z;-3127;;-74
2025-04-27T09:19:28Z;;3314;187
2025-04-27T09:19:30Z;;3265;138
2025-04-27T09:19:32Z;;3307;180
2025-04-27T09:19:34Z;;3138;11
2025-04-27T09:19:35Z;-2783;;355
2025-04-27T09:19:36Z;-2634;;504
2025-04-27T09:19:38Z;;2860;226
2025-04-27T09:19:39Z;-2311;;549
2025-04-27T09:19:40Z;;2697;386
2025-04-27T09:19:41Z;;2379;68
2025-04-27T09:19:43Z;;2468;157
2025-04-27T09:19:44Z;-2432;;36
2025-04-27T09:19:45Z;-2407;;61
2025-04-27T09:19:47Z;;2388;-19
2025-04-27T09:19:48Z;-2093;;295
2025-04-27T09:19:50Z;-1814;;574
2025-04-27T09:19:51Z;;2002;188
2025-04-27T09:19:54Z;-1835;;167
2025-04-27T09:20:06Z;;2164;329
2025-04-27T09:20:07Z;-2139;;25
2025-04-27T09:20:09Z;;2451;312
2025-04-27T09:20:10Z;-2453;;-2
2025-04-27T09:20:12Z;;2707;254
2025-04-27T09:20:15Z;-2766;;-59
2025-04-27T09:20:17Z;;3076;310
2025-04-27T09:20:18Z;-3004;;72
2025-04-27T09:20:24Z;-2903;2986;173
2025-04-27T09:20:25Z;-2657;;329
2025-04-27T09:20:26Z;-2390;;596
2025-04-27T09:20:27Z;;2450;60
2025-04-27T09:20:28Z;;2238;-152
2025-04-27T09:20:30Z;;2095;-295
2025-04-27T09:20:32Z;;1797;-593
2025-04-27T09:20:36Z;-2033;1856;-236
2025-04-27T09:20:37Z;-1741;;115
2025-04-27T09:20:38Z;-1890;;-34
2025-04-27T09:20:39Z;;2108;218
2025-04-27T09:20:40Z;;2598;708
2025-04-27T09:20:42Z;;2892;1002
2025-04-27T09:20:44Z;;3159;1269
2025-04-27T09:20:46Z;;3303;1413
2025-04-27T09:20:48Z;-2213;;1090
2025-04-27T09:20:49Z;-2483;;820
2025-04-27T09:20:50Z;;3275;792
2025-04-27T09:20:53Z;-2762;;513
2025-04-27T09:20:54Z;-3029;;246
2025-04-27T09:20:55Z;-2983;;292
2025-04-27T09:20:56Z;-3001;;274
2025-04-27T09:20:57Z;;2822;-179
2025-04-27T09:20:59Z;;2589;-412
2025-04-27T09:21:00Z;-2917;;-328
2025-04-27T09:21:01Z;;2371;-546
2025-04-27T09:21:02Z;-2522;;-151
2025-04-27T09:21:03Z;;2513;-9
2025-04-27T09:21:05Z;;2766;244
2025-04-27T09:21:08Z;-2305;2674;152
2025-04-27T09:21:10Z;-2408;2743;266
2025-04-27T09:21:12Z;;2623;215
2025-04-27T09:21:14Z;;2322;-86
2025-04-27T09:21:16Z;-2651;2085;-323
2025-04-27T09:21:18Z;-2586;;-501
2025-04-27T09:21:19Z;-2374;;-289
2025-04-27T09:21:20Z;;1666;-708
2025-04-27T09:21:22Z;;1484;-890
2025-04-27T09:21:23Z;-2063;;-579
2025-04-27T09:21:24Z;-1751;;-267
2025-04-27T09:21:25Z;-1507;;-23
2025-04-27T09:21:53Z;-1617;1698;-133
2025-04-27T09:21:55Z;-2046;;-348
2025-04-27T09:22:00Z;-2099;;-401
2025-04-27T09:22:04Z;-1739;;-41
2025-04-27T09:22:06Z;-1483;;215
2025-04-27T09:22:14Z;-1213;;485
2025-04-27T09:23:11Z;-903;;795
2025-04-27T09:23:13Z;-899;;799
2025-04-27T09:23:28Z;-899;;799
2025-04-27T09:24:02Z;-903;;795
2025-04-27T09:24:17Z;;1247;344
2025-04-27T09:24:18Z;-1265;;-18
2025-04-27T09:24:20Z;;1528;263
2025-04-27T09:24:44Z;-1493;;35
2025-04-27T09:25:01Z;;1806;313
2025-04-27T09:25:03Z;-1800;;6
2025-04-27T09:25:07Z;;2119;319
2025-04-27T09:25:09Z;-2116;;3
2025-04-27T09:25:12Z;-2093;;26
2025-04-27T09:25:14Z;;2066;-27
2025-04-27T09:25:22Z;-1663;;403
2025-04-27T09:25:28Z;-1808;2102;294
2025-04-27T09:25:37Z;-2088;2400;14
2025-04-27T09:25:41Z;-2446;2769;-46
2025-04-27T09:25:45Z;;2692;246
2025-04-27T09:25:46Z;-2225;;467
2025-04-27T09:25:49Z;-2032;2328;296
2025-04-27T09:25:55Z;-1804;;524
2025-04-27T09:25:57Z;-1811;2093;517
2025-04-27T09:25:59Z;;2103;292
2025-04-27T09:26:04Z;-2105;2410;-2
2025-04-27T09:26:09Z;;2342;237
2025-04-27T09:26:15Z;;2400;295
2025-04-27T09:26:17Z;-2400;;0
2025-04-27T09:26:25Z;;2711;311
2025-04-27T09:26:26Z;-2795;;-84
2025-04-27T09:26:27Z;;3053;258
2025-04-27T09:26:29Z;-3065;;-12
2025-04-27T09:26:32Z;-2969;;84
2025-04-27T09:26:33Z;;2988;19
2025-04-27T09:26:36Z;-2678;;310
2025-04-27T09:26:45Z;;2692;14
2025-04-27T09:26:48Z;;2723;45
2025-04-27T09:26:51Z;-2702;;21
2025-04-27T09:26:52Z;-2703;;20
2025-04-27T09:26:58Z;;2637;-66
2025-04-27T09:27:00Z;-2409;;228
2025-04-27T09:27:02Z;-2027;2373;610
2025-04-27T09:27:05Z;-2067;;306
2025-04-27T09:27:06Z;;2424;357
2025-04-27T09:27:18Z;;2700;633
2025-04-27T09:27:21Z;;2690;623
2025-04-27T09:27:23Z;-2401;;289
2025-04-27T09:27:24Z;-2282;;408
2025-04-27T09:27:26Z;;2376;94
2025-04-27T09:27:27Z;-2105;;271
2025-04-27T09:27:36Z;-2068;;308
2025-04-27T09:27:40Z;-2420;2530;-44
2025-04-27T09:27:42Z;-2771;;-241
2025-04-27T09:27:44Z;-3019;;-489
2025-04-27T09:27:45Z;;3047;28
2025-04-27T09:27:47Z;-2952;;95
2025-04-27T09:27:48Z;;2978;26
2025-04-27T09:27:50Z;-2687;;291
2025-04-27T09:27:53Z;-2718;;260
2025-04-27T09:27:59Z;-2686;2794;292
2025-04-27T09:28:01Z;-2358;;436
2025-04-27T09:28:03Z;-2070;;724
2025-04-27T09:28:04Z;;2292;222
2025-04-27T09:28:06Z;;2062;-8
2025-04-27T09:28:08Z;-1767;;295
2025-04-27T09:28:09Z;;1791;24
2025-04-27T09:28:18Z;-1366;;425
2025-04-27T09:28:20Z;57;1780;1837
2025-04-27T09:28:21Z;-1362;;418
2025-04-27T09:28:23Z;;1790;428
2025-04-27T09:28:27Z;-1164;;626
2025-04-27T09:28:31Z;-1314;;476
2025-04-27T09:29:03Z;-1522;;268
2025-04-27T09:29:06Z;;1834;312
2025-04-27T09:29:14Z;-1492;;342
2025-04-27T09:29:18Z;;1781;289
2025-04-27T09:29:30Z;-1208;;573
2025-04-27T09:29:33Z;;1487;279
2025-04-27T09:29:35Z;-1306;;181
2025-04-27T09:29:36Z;;1512;206
2025-04-27T09:29:38Z;;1496;190
2025-04-27T09:29:45Z;;1512;206
2025-04-27T09:29:51Z;-1555;;-43
2025-04-27T09:29:52Z;;1839;284
2025-04-27T09:29:55Z;-1721;2101;546
2025-04-27T09:29:57Z;-2064;;37
2025-04-27T09:29:59Z;;2409;345
2025-04-27T09:30:03Z;;2394;330
2025-04-27T09:30:06Z;;2348;284
2025-04-27T09:30:07Z;-2491;2483;-8
2025-04-27T09:30:09Z;-2200;;283
2025-04-27T09:30:10Z;-2762;2718;-279
2025-04-27T09:30:12Z;;3000;238
2025-04-27T09:30:14Z;;3318;556
2025-04-27T09:30:15Z;-3020;;298
2025-04-27T09:30:18Z;-2924;3247;394
2025-04-27T09:30:31Z;;2934;10
2025-04-27T09:30:32Z;-2604;;330
2025-04-27T09:30:37Z;;2711;107
2025-04-27T09:30:39Z;-2401;;310
2025-04-27T09:30:43Z;;2325;-76
2025-04-27T09:30:44Z;-2085;;240
2025-04-27T09:30:51Z;-2131;;194
2025-04-27T09:30:52Z;;2439;308
2025-04-27T09:30:54Z;-2423;;16
2025-04-27T09:30:55Z;;2773;350
2025-04-27T09:30:57Z;-2730;;43
2025-04-27T09:30:58Z;;3002;272
2025-04-27T09:31:00Z;;2987;257
2025-04-27T09:31:02Z;-2638;;349
2025-04-27T09:31:05Z;;2696;58
2025-04-27T09:31:07Z;-2369;;327
2025-04-27T09:31:17Z;;2385;16
2025-04-27T09:31:19Z;-2041;;344
2025-04-27T09:31:22Z;;2068;27
2025-04-27T09:31:25Z;-1786;;282
2025-04-27T09:31:31Z;-1809;;259
2025-04-27T09:31:34Z;;2103;294
2025-04-27T09:31:42Z;-2170;;-67
2025-04-27T09:31:43Z;;2493;323
2025-04-27T09:31:45Z;-2511;2742;-18
2025-04-27T09:31:47Z;-2763;3004;-21
2025-04-27T09:31:51Z;-2986;;18
2025-04-27T09:31:53Z;;3318;332
2025-04-27T09:31:56Z;;3253;267
2025-04-27T09:31:57Z;-2928;;325
2025-04-27T09:32:00Z;;2989;61
2025-04-27T09:32:02Z;-2675;;314
2025-04-27T09:32:09Z;-2723;;266
2025-04-27T09:32:11Z;;3054;331
2025-04-27T09:32:14Z;-3044;;10
2025-04-27T09:32:15Z;;3341;297
2025-04-27T09:32:18Z;;3294;250
2025-04-27T09:32:20Z;-2993;;301
2025-04-27T09:32:22Z;-3015;;279
2025-04-27T09:32:23Z;;3308;293
2025-04-27T09:32:29Z;-3050;;258
2025-04-27T09:32:30Z;;3242;192
2025-04-27T09:32:39Z;-3038;;204
2025-04-27T09:32:40Z;;3328;290
2025-04-27T09:32:42Z;-2915;;413
2025-04-27T09:32:49Z;-3021;;307
2025-04-27T09:33:11Z;-2964;3364;364
2025-04-27T09:33:13Z;-2524;;840
2025-04-27T09:33:14Z;;3157;633
2025-04-27T09:33:15Z;-2019;;1138
2025-04-27T09:33:16Z;-1824;2922;903
2025-04-27T09:33:17Z;;2196;372
2025-04-27T09:33:19Z;;2079;255
2025-04-27T09:33:21Z;;1795;-29
2025-04-27T09:33:23Z;-1440;;355
2025-04-27T09:34:11Z;-1405;;390
2025-04-27T09:34:12Z;;1874;469
2025-04-27T09:34:15Z;-1809;;65
2025-04-27T09:34:17Z;-2093;2177;-219
2025-04-27T09:34:19Z;;2470;377
2025-04-27T09:34:21Z;;2754;661
2025-04-27T09:34:25Z;-2429;;325
2025-04-27T09:34:26Z;-2695;3091;59
2025-04-27T09:34:31Z;-2711;;380
2025-04-27T09:34:32Z;;2936;225
2025-04-27T09:34:34Z;-2307;2632;325
2025-04-27T09:34:36Z;-2085;;547
2025-04-27T09:34:37Z;;2388;303
2025-04-27T09:34:43Z;-2090;2467;298
2025-04-27T09:34:46Z;;2666;576
2025-04-27T09:34:48Z;;2668;578
2025-04-27T09:34:49Z;-2188;;480
2025-04-27T09:34:51Z;;2363;175
2025-04-27T09:34:53Z;-2012;;351
2025-04-27T09:34:54Z;;2418;406
2025-04-27T09:34:58Z;-2085;;333
2025-04-27T09:34:59Z;;2263;178
2025-04-27T09:35:08Z;;2432;347
2025-04-27T09:35:09Z;-2160;;272
2025-04-27T09:35:19Z;;2652;492
2025-04-27T09:35:21Z;-2424;;228
2025-04-27T09:35:25Z;-2373;;279
2025-04-27T09:35:26Z;;2644;271
2025-04-27T09:35:30Z;-2095;;549
2025-04-27T09:35:32Z;;2373;278
2025-04-27T09:35:35Z;-2132;;241
2025-04-27T09:35:36Z;;2420;288
2025-04-27T09:35:44Z;;2376;244
2025-04-27T09:35:48Z;-2083;;293
2025-04-27T09:35:50Z;;2063;-20
2025-04-27T09:35:51Z;-1777;;286
2025-04-27T09:35:58Z;-1820;;243
2025-04-27T09:36:01Z;-1792;;271
2025-04-27T09:36:05Z;;1793;1
2025-04-27T09:36:09Z;-1534;;259
2025-04-27T09:36:11Z;-1490;;303
2025-04-27T09:36:14Z;;1804;314
2025-04-27T09:36:23Z;;1790;300
2025-04-27T09:36:27Z;;1815;325
2025-04-27T09:36:37Z;-1804;;11
2025-04-27T09:36:39Z;;2138;334
2025-04-27T09:36:54Z;;2077;273
2025-04-27T09:36:59Z;;2102;298
2025-04-27T09:37:01Z;-1824;2070;266
2025-04-27T09:37:05Z;-1856;;214
2025-04-27T09:37:06Z;;2125;269
2025-04-27T09:37:20Z;-1825;;300
2025-04-27T09:37:22Z;;2049;224
2025-04-27T09:37:24Z;;1752;-73
2025-04-27T09:37:27Z;-1502;;250
2025-04-27T09:37:33Z;-1490;;262
2025-04-27T09:37:36Z;545;;2297
2025-04-27T09:37:49Z;;1815;2360
2025-04-27T09:37:57Z;390;;2205
2025-04-27T09:38:04Z;406;;2221
2025-04-27T09:38:14Z;;2107;2513
2025-04-27T09:38:15Z;296;;2403
2025-04-27T09:38:19Z;;2435;2731
2025-04-27T09:38:21Z;-32;;2403
2025-04-27T09:38:24Z;30;;2465
2025-04-27T09:38:25Z;;2393;2423
2025-04-27T09:38:39Z;;2405;2435
2025-04-27T09:38:40Z;-7;;2398
2025-04-27T09:38:45Z;;2730;2723
2025-04-27T09:38:46Z;-305;;2425
2025-04-27T09:38:57Z;-612;;2118
2025-04-27T09:38:58Z;;3082;2470
2025-04-27T09:39:05Z;;3301;2689
2025-04-27T09:39:14Z;-716;;2585
2025-04-27T09:39:16Z;;3214;2498
2025-04-27T09:39:17Z;-359;;2855
2025-04-27T09:39:18Z;;2936;2577
2025-04-27T09:39:20Z;;2650;2291
2025-04-27T09:39:21Z;-255;2704;2395
2025-04-27T09:39:32Z;-303;;2401
2025-04-27T09:39:33Z;-287;;2417
2025-04-27T09:39:39Z;;3038;2751
2025-04-27T09:39:46Z;;2967;2680
2025-04-27T09:39:49Z;-319;;2648
2025-04-27T09:39:51Z;;2677;2358
2025-04-27T09:39:56Z;;2720;2401
2025-04-27T09:39:57Z;-302;;2418
2025-04-27T09:40:05Z;-301;;2419
2025-04-27T09:40:08Z;;2688;2387
2025-04-27T09:40:14Z;;2719;2418
2025-04-27T09:40:16Z;-287;;2432
2025-04-27T09:40:27Z;;3041;2754
2025-04-27T09:40:33Z;;2996;2709
2025-04-27T09:40:38Z;-343;;2653
2025-04-27T09:40:40Z;;2670;2327
2025-04-27T09:40:43Z;-299;;2371
2025-04-27T09:40:44Z;;2750;2451
2025-04-27T09:40:54Z;-570;;2180
2025-04-27T09:40:55Z;;3050;2480
2025-04-27T09:40:58Z;-636;;2414
2025-04-27T09:41:00Z;-412;;2638
2025-04-27T09:41:01Z;;2922;2510
2025-04-27T09:41:02Z;;2649;2237
2025-04-27T09:41:03Z;2;;2651
2025-04-27T09:41:04Z;;2380;2382
2025-04-27T09:41:06Z;321;;2701
2025-04-27T09:41:07Z;;2071;2392
2025-04-27T09:41:18Z;;2103;2424
2025-04-27T09:41:19Z;233;;2336
2025-04-27T09:41:26Z;265;;2368
2025-04-27T09:41:30Z;;2096;2361
2025-04-27T09:41:32Z;-557;;1539
2025-04-27T09:42:02Z;-448;;1648
2025-04-27T09:42:13Z;;2110;1662
2025-04-27T09:42:16Z;-1814;;296
2025-04-27T09:42:23Z;;2401;587
2025-04-27T09:42:26Z;;2384;570
2025-04-27T09:42:40Z;;2403;589
2025-04-27T09:42:45Z;;2366;552
2025-04-27T09:42:48Z;-1799;;567
2025-04-27T09:43:02Z;;2098;299
2025-04-27T09:43:06Z;;2115;316
2025-04-27T09:43:13Z;-1846;;269
2025-04-27T09:43:15Z;;2431;585
2025-04-27T09:43:16Z;-2142;;289
2025-04-27T09:43:19Z;-2486;2810;-55
2025-04-27T09:43:23Z;;3003;517
2025-04-27T09:43:25Z;;2996;510
2025-04-27T09:43:27Z;;3010;524
2025-04-27T09:43:29Z;;2987;501
2025-04-27T09:43:31Z;;3004;518
2025-04-27T09:43:47Z;-2691;;313
2025-04-27T09:43:52Z;;3338;647
2025-04-27T09:44:09Z;;3270;579
2025-04-27T09:44:13Z;-2766;;504
2025-04-27T09:44:14Z;-2658;;612
2025-04-27T09:44:28Z;;3309;651
2025-04-27T09:44:30Z;;3295;637
2025-04-27T09:44:31Z;-2643;;652
2025-04-27T09:44:33Z;;2941;298
2025-04-27T09:44:37Z;;3017;374
2025-04-27T09:44:41Z;-2727;;290
2025-04-27T09:44:50Z;;3330;603
2025-04-27T09:44:59Z;-3001;;329
2025-04-27T09:45:03Z;-3000;;330
2025-04-27T09:45:05Z;;3456;456
2025-04-27T09:45:07Z;-3008;;448
2025-04-27T09:45:20Z;;3291;283
2025-04-27T09:45:24Z;-2712;;579
2025-04-27T09:45:28Z;-2718;;573
2025-04-27T09:45:32Z;-2682;;609
2025-04-27T09:45:42Z;-2705;;586
2025-04-27T09:45:44Z;;3310;605
2025-04-27T09:45:48Z;;3297;592
2025-04-27T09:45:54Z;;3327;622
2025-04-27T09:46:01Z;;3260;555
2025-04-27T09:46:03Z;-2693;;567
2025-04-27T09:46:07Z;-2730;;530
2025-04-27T09:46:11Z;;3319;589
2025-04-27T09:46:16Z;-3010;;309
2025-04-27T09:46:20Z;-2992;;327
2025-04-27T09:46:25Z;;3298;306
2025-04-27T09:46:35Z;-2688;;610
2025-04-27T09:46:36Z;;3050;362
2025-04-27T09:46:37Z;-2503;;547
2025-04-27T09:46:39Z;;2706;203
2025-04-27T09:46:40Z;-2150;;556
2025-04-27T09:46:47Z;-2085;;621
2025-04-27T09:46:55Z;-2121;;585
2025-04-27T09:46:57Z;-2053;;653
2025-04-27T09:47:00Z;-2263;;443
2025-04-27T09:47:01Z;;2835;572
2025-04-27T09:47:02Z;-2451;;384
2025-04-27T09:47:05Z;;2676;225
2025-04-27T09:47:13Z;-2098;;578
2025-04-27T09:47:15Z;;2381;283
2025-04-27T09:47:17Z;-1782;;599
2025-04-27T09:47:21Z;;2086;304
2025-04-27T09:47:32Z;;2117;335
2025-04-27T09:47:35Z;-1821;;296
2025-04-27T09:47:43Z;-1816;;301
2025-04-27T09:47:49Z;-1786;;331
2025-04-27T09:47:56Z;;2418;632
2025-04-27T09:48:02Z;-2268;;150
2025-04-27T09:48:09Z;-2059;;359
2025-04-27T09:48:10Z;;2361;302
2025-04-27T09:48:16Z;-1751;;610
2025-04-27T09:48:19Z;;2060;309
2025-04-27T09:48:23Z;;2102;351
2025-04-27T09:48:25Z;;2076;325
2025-04-27T09:48:37Z;-1522;;554
2025-04-27T09:48:42Z;-1475;;601
2025-04-27T09:48:50Z;-1504;;572
2025-04-27T09:49:38Z;-1517;;559
2025-04-27T09:49:41Z;-1466;;610
2025-04-27T09:49:43Z;-1624;;452
2025-04-27T09:50:25Z;-1813;;263
2025-04-27T09:50:29Z;;2140;327
2025-04-27T09:50:53Z;;2093;280
2025-04-27T09:51:01Z;;2109;296
2025-04-27T09:51:27Z;;2089;276
2025-04-27T09:51:30Z;;2111;298
2025-04-27T09:51:42Z;-2071;;40
2025-04-27T09:51:47Z;;2449;378
2025-04-27T09:51:52Z;;2384;313
2025-04-27T09:51:58Z;-2108;;276
2025-04-27T09:52:05Z;;2077;-31
2025-04-27T09:52:18Z;;2115;7
2025-04-27T09:52:34Z;;2097;-11
2025-04-27T09:52:36Z;;2105;-3
2025-04-27T09:52:41Z;-2082;;23
2025-04-27T09:52:45Z;;2411;329
2025-04-27T09:52:50Z;;2395;313
2025-04-27T09:53:05Z;;2442;360
2025-04-27T09:53:07Z;-2422;;20
2025-04-27T09:53:15Z;-2386;;56
2025-04-27T09:53:17Z;;2386;0
2025-04-27T09:53:23Z;;2402;16
2025-04-27T09:53:31Z;;2397;11
2025-04-27T09:53:36Z;;2407;21
2025-04-27T09:53:39Z;-2427;;-20
2025-04-27T09:53:45Z;;2703;276
2025-04-27T09:54:07Z;;2691;264
2025-04-27T09:54:13Z;-2400;;291
2025-04-27T09:54:20Z;-2412;;279
2025-04-27T09:54:22Z;;2639;227
2025-04-27T09:54:25Z;-2730;;-91
2025-04-27T09:54:27Z;;2946;216
2025-04-27T09:54:30Z;-3016;;-70
2025-04-27T09:54:32Z;;3346;330
2025-04-27T09:54:35Z;-3303;;43
2025-04-27T09:54:36Z;-3287;;59
2025-04-27T09:54:38Z;;3250;-37
2025-04-27T09:54:39Z;-2956;;294
2025-04-27T09:54:41Z;;2974;18
2025-04-27T09:54:56Z;-2673;;301
2025-04-27T09:55:00Z;;2696;23
2025-04-27T09:55:06Z;-2352;;344
2025-04-27T09:55:07Z;;2379;27
2025-04-27T09:55:18Z;;2427;75
2025-04-27T09:55:26Z;;2395;43
2025-04-27T09:55:34Z;-2093;;302
2025-04-27T09:55:36Z;-2127;;268
2025-04-27T09:55:49Z;-2109;;286
2025-04-27T09:55:56Z;-2112;;283
2025-04-27T09:55:59Z;-2109;;286
2025-04-27T09:56:24Z;;2114;5
2025-04-27T09:56:46Z;;2105;-4
2025-04-27T09:56:51Z;-2089;;16
2025-04-27T09:57:09Z;-2088;;17
2025-04-27T09:57:13Z;;2101;13
2025-04-27T09:57:18Z;;2109;21
2025-04-27T09:57:21Z;-2127;;-18
2025-04-27T09:57:26Z;-2104;;5
2025-04-27T09:57:28Z;;2087;-17
2025-04-27T09:57:34Z;-1804;;283
2025-04-27T09:57:44Z;-1809;;278
2025-04-27T09:57:57Z;-1786;;301
2025-04-27T09:57:58Z;320;;2407
2025-04-27T09:58:02Z;280;;2367
2025-04-27T09:58:58Z;11;;2098
2025-04-27T09:59:00Z;;2178;2189
2025-04-27T09:59:02Z;-276;;1902
2025-04-27T09:59:03Z;;2408;2132
2025-04-27T09:59:07Z;;2702;2426
2025-04-27T09:59:11Z;-671;;2031
2025-04-27T09:59:12Z;;3060;2389
2025-04-27T09:59:14Z;-908;;2152
2025-04-27T09:59:16Z;;3317;2409
2025-04-27T09:59:19Z;-1026;;2291
2025-04-27T09:59:21Z;-685;3269;2632
2025-04-27T09:59:23Z;;2918;2233
2025-04-27T09:59:25Z;-311;2615;2607
2025-04-27T09:59:28Z;;2377;2066
2025-04-27T09:59:32Z;-137;;2240
2025-04-27T09:59:33Z;;2426;2289
2025-04-27T09:59:35Z;-2418;;8
2025-04-27T09:59:45Z;-2375;;51
2025-04-27T09:59:47Z;;2408;33
2025-04-27T09:59:50Z;-2139;;269
2025-04-27T09:59:54Z;;2065;-74
2025-04-27T10:00:01Z;-1811;;254
2025-04-27T10:00:03Z;;1945;134
2025-04-27T10:00:07Z;-1811;;134
2025-04-27T10:00:10Z;-1790;;155
2025-04-27T10:00:19Z;;2151;361
2025-04-27T10:00:21Z;-2128;;23
2025-04-27T10:00:39Z;-2088;;63
2025-04-27T10:00:40Z;-96;;2055
2025-04-27T10:00:41Z;73;2068;1972
2025-04-27T10:00:51Z;;2114;2187
2025-04-27T10:00:53Z;-27;;2087
2025-04-27T10:00:56Z;7;;2121
2025-04-27T10:00:59Z;49;;2163
2025-04-27T10:01:00Z;;2048;2097
2025-04-27T10:01:07Z;309;;2357
2025-04-27T10:01:08Z;299;;2347
2025-04-27T10:01:09Z;336;1790;2089
2025-04-27T10:01:16Z;394;;2184
2025-04-27T10:02:48Z;-1499;;291
2025-04-27T10:02:49Z;-1500;;290
2025-04-27T10:03:27Z;-1499;;291
2025-04-27T10:04:20Z;;1494;-5
2025-04-27T10:05:02Z;;1501;2
2025-04-27T10:05:04Z;;1498;-1
2025-04-27T10:05:08Z;;1502;3
2025-04-27T10:05:16Z;;1499;0
2025-04-27T10:05:18Z;;1500;1
2025-04-27T10:05:20Z;;1484;-15
2025-04-27T10:05:21Z;;1503;4
2025-04-27T10:05:23Z;;1499;0
2025-04-27T10:05:25Z;;1512;13
2025-04-27T10:06:21Z;-1500;;12
2025-04-27T10:06:22Z;-1493;;19
2025-04-27T10:06:23Z;-1495;;17
2025-04-27T10:07:08Z;;1801;306
2025-04-27T10:07:10Z;;1797;302
2025-04-27T10:07:47Z;;1800;305
2025-04-27T10:07:49Z;;1795;300
2025-04-27T10:07:51Z;;1809;314
2025-04-27T10:08:02Z;-1795;;14
2025-04-27T10:08:42Z;-1789;;20
2025-04-27T10:08:58Z;-1811;;-2
2025-04-27T10:09:04Z;-1793;;16
2025-04-27T10:10:11Z;;1798;5
2025-04-27T10:11:41Z;;1801;8
2025-04-27T10:11:43Z;;1794;1
2025-04-27T10:11:46Z;;1804;11
2025-04-27T10:12:12Z;;1805;12
2025-04-27T10:12:28Z;;1303;-490
2025-04-27T10:12:30Z;;1727;-66
2025-04-27T10:14:06Z;;1809;16
2025-04-27T10:14:20Z;;1784;-9
2025-04-27T10:14:45Z;;1800;7
2025-04-27T10:14:47Z;;1794;1
2025-04-27T10:14:52Z;;1801;8
2025-04-27T10:15:02Z;;1797;4
2025-04-27T10:15:05Z;;1814;21
2025-04-27T10:15:06Z;;1813;20
2025-04-27T10:15:23Z;-1798;;15
2025-04-27T10:15:39Z;;2103;305
2025-04-27T10:15:41Z;-2127;;-24
2025-04-27T10:15:44Z;;2437;310
2025-04-27T10:15:47Z;;2370;243
2025-04-27T10:15:54Z;;2463;336
2025-04-27T10:15:55Z;-2429;;34
2025-04-27T10:16:01Z;-2357;;106
2025-04-27T10:16:02Z;;2380;23
2025-04-27T10:16:04Z;-2136;;244
2025-04-27T10:16:08Z;;2079;-57
2025-04-27T10:16:15Z;;2106;-30
2025-04-27T10:16:35Z;-2113;;-7
2025-04-27T10:16:37Z;;2420;307
2025-04-27T10:16:39Z;-2412;;8
2025-04-27T10:16:41Z;-2359;;61
2025-04-27T10:16:42Z;;2357;-2
2025-04-27T10:16:45Z;-2071;;286
2025-04-27T10:17:12Z;;2092;21
2025-04-27T10:17:14Z;;2118;47
2025-04-27T10:17:23Z;-2103;;15
2025-04-27T10:17:25Z;-2090;;28
2025-04-27T10:17:27Z;-2108;;10
2025-04-27T10:17:30Z;-2102;;16
2025-04-27T10:17:38Z;;2095;-7
2025-04-27T10:17:57Z;;2094;-8
2025-04-27T10:18:11Z;-2098;;-4
2025-04-27T10:18:30Z;;2406;308
2025-04-27T10:18:49Z;-2428;;-22
2025-04-27T10:18:52Z;;2781;353
2025-04-27T10:18:53Z;-2764;;17
2025-04-27T10:18:54Z;-2890;;-109
2025-04-27T10:18:56Z;;3005;115
2025-04-27T10:18:57Z;;3341;451
2025-04-27T10:18:59Z;;3284;394
2025-04-27T10:19:01Z;;2913;23
2025-04-27T10:19:03Z;-2817;2648;96
2025-04-27T10:19:07Z;-2432;2322;216
2025-04-27T10:19:32Z;-2098;;224
2025-04-27T10:19:34Z;-2111;;211
2025-04-27T10:19:42Z;-2088;;234
2025-04-27T10:19:46Z;-2117;;205
2025-04-27T10:19:59Z;-2112;;210
2025-04-27T10:20:08Z;-2094;;228
2025-04-27T10:20:17Z;-2090;;232
2025-04-27T10:20:42Z;;2091;1
2025-04-27T10:23:13Z;-1802;;289
2025-04-27T10:23:16Z;-1800;;291
2025-04-27T10:23:22Z;-1783;;308
2025-04-27T10:23:25Z;-1800;;291
2025-04-27T10:23:32Z;-1785;;306
2025-04-27T10:23:34Z;-1802;;289
2025-04-27T10:23:41Z;-1796;;295
2025-04-27T10:23:42Z;-1806;;285
2025-04-27T10:23:56Z;-1789;;302
2025-04-27T10:23:58Z;-1808;;283
2025-04-27T10:24:05Z;-1649;;442
2025-04-27T10:24:25Z;-1611;;480
2025-04-27T10:25:15Z;-1878;;213
2025-04-27T10:25:37Z;-1867;;224
2025-04-27T10:27:22Z;-1790;;301
2025-04-27T10:27:24Z;-1802;;289
2025-04-27T10:27:29Z;-1799;;292
2025-04-27T10:27:32Z;-1800;;291
2025-04-27T10:27:33Z;-1796;;295
2025-04-27T10:27:36Z;-1804;;287
2025-04-27T10:27:38Z;-1796;;295
2025-04-27T10:30:03Z;;1806;10
2025-04-27T10:30:07Z;-1749;;57
2025-04-27T10:30:09Z;;1799;50
2025-04-27T10:30:11Z;;1812;63
2025-04-27T10:30:18Z;;1796;47
2025-04-27T10:30:20Z;;1808;59
2025-04-27T10:30:28Z;;1792;43
2025-04-27T10:30:30Z;;1806;57
2025-04-27T10:30:39Z;;1791;42
2025-04-27T10:30:40Z;;1802;53
2025-04-27T10:30:46Z;;1799;50
2025-04-27T10:30:48Z;;1802;53
2025-04-27T10:30:49Z;;1790;41
2025-04-27T10:30:51Z;;1803;54
2025-04-27T10:30:58Z;;1791;42
2025-04-27T10:31:00Z;;1805;56
2025-04-27T10:31:09Z;;1791;42
2025-04-27T10:31:10Z;;1804;55
2025-04-27T10:31:18Z;;1788;39
2025-04-27T10:31:20Z;;1800;51
2025-04-27T10:31:22Z;;1793;44
2025-04-27T10:31:24Z;;1800;51
2025-04-27T10:31:26Z;;1797;48
2025-04-27T10:31:28Z;;1800;51
2025-04-27T10:31:29Z;;1786;37
2025-04-27T10:31:32Z;;1800;51
2025-04-27T10:31:34Z;;1799;50
2025-04-27T10:31:36Z;;1801;52
2025-04-27T10:31:37Z;;1798;49
2025-04-27T10:31:44Z;;1800;51
2025-04-27T10:31:46Z;;1798;49
2025-04-27T10:31:48Z;;1799;50
2025-04-27T10:31:50Z;;1799;50
2025-04-27T10:31:51Z;;1800;51
2025-04-27T10:31:53Z;;1788;39
2025-04-27T10:31:54Z;;1787;38
2025-04-27T10:32:00Z;;1790;41
2025-04-27T10:32:02Z;;1790;41
2025-04-27T10:32:10Z;;1792;43
2025-04-27T10:32:12Z;;1805;56
2025-04-27T10:32:20Z;;1795;46
2025-04-27T10:32:22Z;;1805;56
2025-04-27T10:32:30Z;;1796;47
2025-04-27T10:32:32Z;;1810;61
2025-04-27T10:32:40Z;;1799;50
2025-04-27T10:32:42Z;;1807;58
2025-04-27T10:34:10Z;;1780;31
2025-04-27T10:34:12Z;;1829;80
2025-04-27T10:34:13Z;;1752;3
2025-04-27T10:34:15Z;;1837;88
2025-04-27T10:35:06Z;-1789;;48
2025-04-27T10:35:10Z;-1794;;43
2025-04-27T10:35:12Z;-1807;;30
2025-04-27T10:36:05Z;-1850;;-13
2025-04-27T10:38:12Z;-1802;;35
2025-04-27T10:38:14Z;-1791;;46
2025-04-27T10:38:16Z;-1811;;26
2025-04-27T10:38:18Z;-1799;;38
2025-04-27T10:38:20Z;-1818;;19
2025-04-27T10:39:13Z;-1804;;33
2025-04-27T10:45:03Z;;1863;59
2025-04-27T10:45:07Z;-1688;;175
2025-04-27T10:50:02Z;;1795;107
2025-04-27T10:50:04Z;;1815;127
2025-04-27T10:50:18Z;;1795;107
2025-04-27T10:50:20Z;;1814;126
2025-04-27T10:50:38Z;;1732;44
2025-04-27T10:50:40Z;;1817;129
2025-04-27T10:55:24Z;-1826;;-9
2025-04-27T11:00:03Z;;2011;185
2025-04-27T11:00:09Z;-1914;;97
2025-04-27T11:00:57Z;;2108;194
2025-04-27T11:00:59Z;;2097;183
2025-04-27T11:01:02Z;;2108;194
2025-04-27T11:01:03Z;;2093;179
2025-04-27T11:01:05Z;;2105;191
2025-04-27T11:01:07Z;;2099;185
2025-04-27T11:04:12Z;;2101;187
2025-04-27T11:04:14Z;;2095;181
2025-04-27T11:04:26Z;;2101;187
2025-04-27T11:04:28Z;;2097;183
2025-04-27T11:04:35Z;;2101;187
2025-04-27T11:04:37Z;;2114;200
2025-04-27T11:04:40Z;;2105;191
2025-04-27T11:04:46Z;;2091;177
2025-04-27T11:04:48Z;;2106;192
2025-04-27T11:04:58Z;;2085;171
2025-04-27T11:05:00Z;;2115;201
2025-04-27T11:05:12Z;;2098;184
2025-04-27T11:05:14Z;;2100;186
2025-04-27T11:05:40Z;-2110;;-10
2025-04-27T11:06:04Z;-2076;;24
2025-04-27T11:06:09Z;;2098;22
2025-04-27T11:15:03Z;;1940;-136
2025-04-27T11:15:07Z;-1869;;71
2025-04-27T11:19:05Z;;2103;234
2025-04-27T11:19:21Z;;2097;228
2025-04-27T11:23:20Z;;2138;269
2025-04-27T11:23:24Z;-2154;;-16
2025-04-27T11:23:32Z;-2099;;39
2025-04-27T11:23:37Z;;2090;-9
2025-04-27T11:24:50Z;;2107;8
2025-04-27T11:24:55Z;;2095;-4
2025-04-27T11:24:57Z;;2102;3
2025-04-27T11:24:59Z;;2092;-7
2025-04-27T11:25:01Z;;2102;3
2025-04-27T11:25:03Z;-2084;;18
2025-04-27T11:25:07Z;;2432;348
2025-04-27T11:25:08Z;-2411;;21
2025-04-27T11:25:12Z;-2350;;82
2025-04-27T11:25:13Z;;2318;-32
2025-04-27T11:25:14Z;-2116;;202
2025-04-27T11:25:18Z;;2085;-31
2025-04-27T11:29:46Z;;2104;-12
2025-04-27T11:29:51Z;-2103;;1
2025-04-27T11:29:58Z;-2090;;14
2025-04-27T11:30:03Z;;2170;80
2025-04-27T11:30:04Z;;2099;9
2025-04-27T11:30:07Z;-2033;;66
2025-04-27T11:30:10Z;;2104;71
2025-04-27T11:30:14Z;;2087;54
2025-04-27T11:34:28Z;;2101;68
2025-04-27T11:34:30Z;;2095;62
2025-04-27T11:34:31Z;;2102;69
2025-04-27T11:35:01Z;-2106;;-4
2025-04-27T11:35:36Z;-2092;;10
2025-04-27T11:35:42Z;;2085;-7
2025-04-27T11:36:47Z;-1799;;286
2025-04-27T11:36:48Z;-1806;;279
2025-04-27T11:36:51Z;-1798;;287
2025-04-27T11:37:14Z;-1804;;281
2025-04-27T11:37:26Z;-1793;;292
2025-04-27T11:39:42Z;-1801;;284
2025-04-27T11:39:44Z;-1796;;289
2025-04-27T11:39:46Z;-1807;;278
2025-04-27T11:41:30Z;;2110;303
2025-04-27T11:41:34Z;-2101;;9
2025-04-27T11:41:35Z;-2093;;17
2025-04-27T11:41:39Z;;2076;-17
2025-04-27T11:42:17Z;;2117;24
2025-04-27T11:42:19Z;-2085;;32
2025-04-27T11:42:33Z;-2097;;20
2025-04-27T11:42:49Z;;2091;-6
2025-04-27T11:45:03Z;;1913;-184
2025-04-27T11:45:09Z;-1848;;65
2025-04-27T11:46:29Z;-1798;;115
2025-04-27T11:46:30Z;-1855;;58
2025-04-27T11:46:48Z;-1788;;125
2025-04-27T11:46:54Z;-1794;;119
2025-04-27T11:46:58Z;-1827;;86
2025-04-27T11:47:02Z;-1772;;141
2025-04-27T11:47:21Z;-1822;;91
2025-04-27T11:47:29Z;-1847;;66
2025-04-27T11:47:33Z;-1804;;109
2025-04-27T11:47:35Z;-1800;;113
2025-04-27T11:48:23Z;;2102;302
2025-04-27T11:48:31Z;-2113;;-11
2025-04-27T11:48:35Z;-2018;;84
2025-04-27T11:48:38Z;-2096;;6
2025-04-27T11:48:44Z;;2426;330
2025-04-27T11:48:46Z;-2423;;3
2025-04-27T11:48:51Z;-2396;;30
2025-04-27T11:48:57Z;-2367;;59
2025-04-27T11:49:00Z;-2700;2774;407
2025-04-27T11:49:03Z;;3044;344
2025-04-27T11:49:05Z;;2979;279
2025-04-27T11:49:09Z;-2666;2668;313
2025-04-27T11:49:12Z;;2701;35
2025-04-27T11:49:16Z;-2685;;16
2025-04-27T11:49:20Z;-1014;;1687
2025-04-27T11:49:37Z;-860;;1841
2025-04-27T11:49:39Z;;3381;2521
2025-04-27T11:49:40Z;-922;;2459
2025-04-27T11:49:43Z;-3343;3011;38
2025-04-27T11:49:45Z;;3606;263
2025-04-27T11:49:46Z;-2900;;706
2025-04-27T11:49:49Z;-1661;;1945
2025-04-27T11:49:53Z;;3565;1904
2025-04-27T11:49:55Z;-1438;;2127
2025-04-27T11:49:56Z;;3134;1696
2025-04-27T11:49:58Z;;2945;1507
2025-04-27T11:50:00Z;-995;2662;1224
2025-04-27T11:50:04Z;-809;;1853
2025-04-27T11:50:14Z;-488;;2174
2025-04-27T11:50:16Z;;2350;1862
2025-04-27T11:50:33Z;-311;;2039
2025-04-27T11:50:37Z;-370;;1980
2025-04-27T11:50:40Z;-369;;1981
2025-04-27T11:50:47Z;-236;;2114
2025-04-27T11:50:50Z;;2098;1862
2025-04-27T11:50:54Z;-319;2109;1779
2025-04-27T11:51:03Z;-246;;1863
2025-04-27T11:51:07Z;-340;;1769
2025-04-27T11:51:14Z;-285;;1824
2025-04-27T11:51:30Z;;2400;2115
2025-04-27T11:51:32Z;-628;;1772
2025-04-27T11:51:35Z;-642;;1758
2025-04-27T11:51:37Z;;2395;1753
2025-04-27T11:51:47Z;;2443;1801
2025-04-27T11:51:50Z;-547;;1896
2025-04-27T11:51:58Z;-775;;1668
2025-04-27T11:52:00Z;;2706;1931
2025-04-27T11:52:02Z;;2654;1879
2025-04-27T11:52:05Z;-2352;;302
2025-04-27T11:52:07Z;-498;2373;21
2025-04-27T11:52:35Z;;2413;1915
2025-04-27T11:52:37Z;-612;;1801
2025-04-27T11:52:39Z;;2723;2111
2025-04-27T11:52:41Z;;3062;2450
2025-04-27T11:52:43Z;-1014;;2048
2025-04-27T11:52:44Z;-1256;3303;2289
2025-04-27T11:52:46Z;;3247;1991
2025-04-27T11:52:48Z;;3300;2044
2025-04-27T11:52:50Z;-1522;;1778
2025-04-27T11:52:54Z;;3605;2083
2025-04-27T11:52:56Z;;3598;2076
2025-04-27T11:53:12Z;-1562;;2036
2025-04-27T11:53:17Z;;3258;1696
2025-04-27T11:53:19Z;-1145;;2113
2025-04-27T11:53:21Z;;2930;1785
2025-04-27T11:53:26Z;-1155;;1775
2025-04-27T11:53:27Z;;3031;1876
2025-04-27T11:53:31Z;;3373;2218
2025-04-27T11:53:35Z;-1409;;1964
2025-04-27T11:53:40Z;-1517;;1856
2025-04-27T11:53:42Z;-1509;;1864
2025-04-27T11:53:44Z;-1499;;1874
2025-04-27T11:53:52Z;;3283;1784
2025-04-27T11:53:54Z;;3304;1805
2025-04-27T11:53:56Z;;3263;1764
2025-04-27T11:53:58Z;;3328;1829
2025-04-27T11:54:07Z;-1507;;1821
2025-04-27T11:54:08Z;-1374;;1954
2025-04-27T11:54:16Z;;3187;1813
2025-04-27T11:54:17Z;-1234;;1953
2025-04-27T11:54:18Z;-770;;2417
2025-04-27T11:54:20Z;;2859;2089
2025-04-27T11:54:21Z;;2619;1849
2025-04-27T11:54:28Z;;2715;1945
2025-04-27T11:54:31Z;;2678;1908
2025-04-27T11:54:34Z;-656;;2022
2025-04-27T11:54:40Z;-570;;2108
2025-04-27T11:54:44Z;;2717;2147
2025-04-27T11:54:46Z;-799;;1918
2025-04-27T11:54:51Z;;3056;2257
2025-04-27T11:55:02Z;;2987;2188
2025-04-27T11:55:07Z;-946;;2041
2025-04-27T11:55:08Z;;2695;1749
2025-04-27T11:55:13Z;;2716;1770
2025-04-27T11:55:16Z;;2693;1747
2025-04-27T11:55:18Z;;2716;1770
2025-04-27T11:55:20Z;;2697;1751
2025-04-27T11:55:21Z;;2706;1760
2025-04-27T11:55:25Z;-828;;1878
2025-04-27T11:55:30Z;;3014;2186
2025-04-27T11:55:41Z;-1116;;1898
2025-04-27T11:55:44Z;-1196;;1818
2025-04-27T11:55:52Z;-1197;;1817
2025-04-27T11:55:57Z;;3300;2103
2025-04-27T11:56:09Z;-1553;;1461
2025-04-27T11:56:13Z;-1481;;1819
2025-04-27T11:56:20Z;-1559;;1741
2025-04-27T11:56:25Z;-1409;;1891
2025-04-27T11:56:45Z;;3297;1888
2025-04-27T11:56:46Z;-1196;;2101
2025-04-27T11:56:47Z;-1182;;2115
2025-04-27T11:56:54Z;-1184;;2113
2025-04-27T11:56:59Z;-1193;;2104
2025-04-27T11:57:01Z;;3306;2113
2025-04-27T11:57:04Z;;3272;2079
2025-04-27T11:57:07Z;-1189;;2083
2025-04-27T11:57:14Z;-1066;;2206
2025-04-27T11:57:19Z;-1264;;2008
2025-04-27T11:57:24Z;;2997;1733
2025-04-27T11:57:26Z;-892;;2105
2025-04-27T11:57:30Z;;2695;1803
2025-04-27T11:57:35Z;-648;;2047
2025-04-27T11:57:42Z;-570;;2125
2025-04-27T11:57:47Z;-2467;;228
2025-04-27T11:57:48Z;-2467;;228
2025-04-27T11:57:51Z;;2738;271
2025-04-27T11:57:52Z;-877;;1861
2025-04-27T11:57:55Z;-1148;3085;1590
2025-04-27T11:57:57Z;;3357;2209
2025-04-27T11:58:03Z;-1515;;1842
2025-04-27T11:58:05Z;-1414;;1943
2025-04-27T11:58:18Z;-1420;;1937
2025-04-27T11:58:20Z;-1527;;1830
2025-04-27T11:58:36Z;-1526;;1831
2025-04-27T11:58:37Z;-1493;;1864
2025-04-27T11:58:53Z;;3242;1749
2025-04-27T11:58:56Z;-922;;2320
2025-04-27T11:59:02Z;;2951;2029
2025-04-27T11:59:05Z;-882;;2069
2025-04-27T11:59:08Z;-929;;2022
2025-04-27T11:59:10Z;-895;;2056
2025-04-27T11:59:12Z;-948;;2003
2025-04-27T11:59:13Z;;3012;2064
2025-04-27T11:59:19Z;-1200;;1812
2025-04-27T11:59:20Z;;3316;2116
2025-04-27T11:59:24Z;;3299;2099
2025-04-27T11:59:26Z;-1071;;2228
2025-04-27T11:59:32Z;;2982;1911
2025-04-27T11:59:34Z;-846;;2136
2025-04-27T11:59:37Z;-638;2676;1830
2025-04-27T11:59:54Z;;2373;1735
2025-04-27T11:59:58Z;-363;;2010
2025-04-27T12:00:03Z;;2263;1900
2025-04-27T12:00:07Z;-278;;1985
2025-04-27T12:00:10Z;-232;;2031
2025-04-27T12:00:11Z;;2447;2215
2025-04-27T12:00:13Z;-634;;1813
2025-04-27T12:00:14Z;-679;;1768
2025-04-27T12:00:15Z;-598;;1849
2025-04-27T12:00:16Z;;2709;2111
2025-04-27T12:00:26Z;;2683;2085
2025-04-27T12:00:29Z;-592;;2091
2025-04-27T12:00:31Z;-391;2381;1789
2025-04-27T12:01:01Z;-290;;2091
2025-04-27T12:01:03Z;-400;;1981
2025-04-27T12:01:17Z;-225;;2156
2025-04-27T12:01:20Z;-286;;2095
2025-04-27T12:01:21Z;-294;;2087
2025-04-27T12:01:34Z;-307;;2074
2025-04-27T12:01:35Z;-272;;2109
2025-04-27T12:01:36Z;-306;;2075
2025-04-27T12:01:38Z;-334;;2047
2025-04-27T12:01:49Z;;2404;2070
2025-04-27T12:01:51Z;;2395;2061
2025-04-27T12:01:52Z;-431;;1964
2025-04-27T12:02:05Z;-281;;2114
2025-04-27T12:02:08Z;;2467;2186
2025-04-27T12:02:11Z;;2721;2440
2025-04-27T12:02:12Z;-510;;2211
2025-04-27T12:02:16Z;-622;2676;2166
2025-04-27T12:02:47Z;;2393;1771
2025-04-27T12:02:54Z;-364;;2029
2025-04-27T12:03:08Z;-1986;;407
2025-04-27T12:03:11Z;-2106;;287
2025-04-27T12:03:12Z;;2408;302
2025-04-27T12:03:13Z;-2151;;257
2025-04-27T12:03:16Z;-2316;;92
2025-04-27T12:03:17Z;;2752;436
2025-04-27T12:03:19Z;;2886;570
2025-04-27T12:03:22Z;-2707;;179
2025-04-27T12:03:23Z;-2621;2982;275
2025-04-27T12:03:25Z;-2384;;598
2025-04-27T12:03:26Z;-2425;2647;263
2025-04-27T12:03:27Z;-2390;;257
2025-04-27T12:03:36Z;-2085;2390;0
2025-04-27T12:03:41Z;-2016;;374
2025-04-27T12:03:43Z;-2098;;292
2025-04-27T12:04:09Z;;2403;305
2025-04-27T12:04:12Z;-2096;;307
2025-04-27T12:04:13Z;-2096;;307
2025-04-27T12:04:14Z;-2095;;308
2025-04-27T12:04:15Z;;2384;289
2025-04-27T12:04:17Z;-1957;;427
2025-04-27T12:05:21Z;-1977;;407
2025-04-27T12:05:23Z;-1865;;519
2025-04-27T12:06:03Z;;2412;547
2025-04-27T12:06:08Z;;2399;534
2025-04-27T12:06:10Z;-2195;;204
2025-04-27T12:06:11Z;-2079;;320
2025-04-27T12:06:24Z;-2169;;230
2025-04-27T12:06:25Z;;2406;237
2025-04-27T12:06:35Z;;2713;544
2025-04-27T12:06:36Z;-2466;;247
2025-04-27T12:06:38Z;-2655;;58
2025-04-27T12:06:39Z;;3048;393
2025-04-27T12:06:42Z;-2863;;185
2025-04-27T12:06:44Z;;2961;98
2025-04-27T12:06:46Z;-2376;;585
2025-04-27T12:06:47Z;;2623;247
2025-04-27T12:07:10Z;-2113;;510
2025-04-27T12:07:12Z;-2074;2393;549
2025-04-27T12:07:15Z;-2066;;327
2025-04-27T12:07:29Z;-2134;;259
2025-04-27T12:07:32Z;-2028;;365
2025-04-27T12:07:33Z;-2131;2422;394
2025-04-27T12:07:38Z;;2711;580
2025-04-27T12:07:42Z;-2402;;309
2025-04-27T12:07:43Z;-2388;2659;271
2025-04-27T12:07:50Z;-2108;;551
2025-04-27T12:07:51Z;;2395;287
2025-04-27T12:08:02Z;-2118;;277
2025-04-27T12:08:03Z;-2112;;283
2025-04-27T12:08:45Z;-2113;;282
2025-04-27T12:08:47Z;;2408;295
2025-04-27T12:08:53Z;-2092;;316
2025-04-27T12:09:13Z;;2385;293
2025-04-27T12:09:16Z;-1992;;393
2025-04-27T12:09:19Z;-2098;;287
2025-04-27T12:09:23Z;-2114;;271
2025-04-27T12:09:24Z;-2100;;285
2025-04-27T12:09:43Z;-1986;;399
2025-04-27T12:09:44Z;-1864;;521
2025-04-27T12:09:53Z;-1788;;597
2025-04-27T12:09:55Z;;2092;304
2025-04-27T12:09:56Z;-1874;;218
2025-04-27T12:09:58Z;-1681;;411
2025-04-27T12:10:11Z;-1704;;388
2025-04-27T12:10:13Z;-1823;;269
2025-04-27T12:11:41Z;-1841;;251
2025-04-27T12:11:50Z;;2104;263
2025-04-27T12:11:56Z;;2093;252
2025-04-27T12:12:06Z;;2104;263
2025-04-27T12:12:26Z;-1836;;268
2025-04-27T12:12:27Z;-1809;;295
2025-04-27T12:12:41Z;-1798;;306
2025-04-27T12:12:42Z;-1807;;297
2025-04-27T12:12:43Z;-1791;;313
2025-04-27T12:12:45Z;;2090;299
2025-04-27T12:12:48Z;-1865;;225
2025-04-27T12:12:57Z;-1699;;391
2025-04-27T12:13:11Z;-1856;;234
2025-04-27T12:13:13Z;-1657;;433
2025-04-27T12:13:19Z;-1822;;268
2025-04-27T12:13:20Z;;2108;286
2025-04-27T12:13:29Z;-1828;;280
2025-04-27T12:13:30Z;;2096;268
2025-04-27T12:14:18Z;-1887;;209
2025-04-27T12:14:19Z;-1709;;387
2025-04-27T12:14:31Z;-1801;;295
2025-04-27T12:14:35Z;-1795;;301
2025-04-27T12:14:36Z;-1834;;262
2025-04-27T12:14:45Z;;2101;267
2025-04-27T12:14:50Z;;2092;258
2025-04-27T12:15:03Z;;2014;180
2025-04-27T12:15:07Z;-1822;;192
2025-04-27T12:15:38Z;-1908;;106
2025-04-27T12:15:40Z;-1794;;220
2025-04-27T12:15:46Z;-1799;;215
2025-04-27T12:15:48Z;-1816;;198
2025-04-27T12:15:56Z;-1723;;291
2025-04-27T12:16:04Z;-1815;;199
2025-04-27T12:16:14Z;-1815;;199
2025-04-27T12:16:18Z;-1808;;206
2025-04-27T12:16:20Z;-1810;;204
2025-04-27T12:16:26Z;-1906;;108
2025-04-27T12:16:28Z;-1753;;261
2025-04-27T12:16:42Z;-1896;;118
2025-04-27T12:16:44Z;-1780;;234
2025-04-27T12:16:58Z;-1871;;143
2025-04-27T12:17:00Z;-1770;;244
2025-04-27T12:17:14Z;-1754;;260
2025-04-27T12:17:16Z;-1869;;145
2025-04-27T12:17:31Z;-1876;;138
2025-04-27T12:17:33Z;-1677;;337
2025-04-27T12:17:47Z;-1882;;132
2025-04-27T12:17:49Z;-1774;;240
2025-04-27T12:18:02Z;-1803;;211
2025-04-27T12:18:06Z;-1736;;278
2025-04-27T12:18:08Z;-1808;;206
2025-04-27T12:18:21Z;-1925;;89
2025-04-27T12:18:46Z;;2107;182
2025-04-27T12:18:51Z;;2099;174
2025-04-27T12:18:54Z;-306;;1793
2025-04-27T12:18:55Z;-225;;1874
2025-04-27T12:19:21Z;-148;;1951
2025-04-27T12:19:23Z;-1788;;311
2025-04-27T12:19:25Z;-1858;;241
2025-04-27T12:19:41Z;-1822;;277
2025-04-27T12:19:53Z;-1899;;200
2025-04-27T12:19:55Z;-1798;;301
2025-04-27T12:19:57Z;-1810;;289
2025-04-27T12:19:59Z;-1793;;306
2025-04-27T12:20:06Z;-1801;;298
2025-04-27T12:20:07Z;-1799;;300
2025-04-27T12:20:08Z;-1813;;286
2025-04-27T12:20:12Z;-1763;;336
2025-04-27T12:20:25Z;-1830;;269
2025-04-27T12:20:28Z;-1700;;399
2025-04-27T12:20:42Z;-1881;;218
2025-04-27T12:20:44Z;-1736;;363
2025-04-27T12:20:57Z;-1777;;322
2025-04-27T12:20:59Z;-1890;;209
2025-04-27T12:21:13Z;-1785;;314
2025-04-27T12:21:19Z;-1802;;297
2025-04-27T12:21:21Z;-1794;;305
2025-04-27T12:21:32Z;-1976;;123
2025-04-27T12:21:34Z;-1852;;247
2025-04-27T12:21:48Z;-1913;;186
2025-04-27T12:22:02Z;-1773;;326
2025-04-27T12:22:04Z;-1876;;223
2025-04-27T12:22:18Z;-1750;;349
2025-04-27T12:22:20Z;-1866;;233
2025-04-27T12:22:35Z;-1845;;254
2025-04-27T12:22:38Z;-1636;;463
2025-04-27T12:22:51Z;-1735;;364
2025-04-27T12:22:53Z;-1864;;235
2025-04-27T12:23:07Z;-1761;;338
2025-04-27T12:23:09Z;-1880;;219
2025-04-27T12:23:21Z;-1786;;313
2025-04-27T12:23:43Z;-1700;;399
2025-04-27T12:23:44Z;-1812;;287
2025-04-27T12:23:46Z;-1794;;305
2025-04-27T12:23:48Z;-1803;;296
2025-04-27T12:23:50Z;-1787;;312
2025-04-27T12:23:57Z;-1909;;190
2025-04-27T12:23:59Z;-1738;;361
2025-04-27T12:24:01Z;-1828;;271
2025-04-27T12:24:03Z;-1794;;305
2025-04-27T12:24:05Z;-1808;;291
2025-04-27T12:24:06Z;-1795;;304
2025-04-27T12:24:09Z;-1808;;291
2025-04-27T12:24:10Z;-1791;;308
2025-04-27T12:24:12Z;-1803;;296
2025-04-27T12:24:16Z;-1772;;327
2025-04-27T12:24:17Z;-1821;;278
2025-04-27T12:24:22Z;;2112;291
2025-04-27T12:24:24Z;;2097;276
2025-04-27T12:24:31Z;-1841;;256
2025-04-27T12:24:33Z;-1808;;289
2025-04-27T12:24:35Z;-1783;;314
2025-04-27T12:24:44Z;-1779;;318
2025-04-27T12:24:47Z;-1856;;241
2025-04-27T12:25:02Z;-1894;;203
2025-04-27T12:25:04Z;-1746;;351
2025-04-27T12:25:06Z;-1803;;294
2025-04-27T12:25:10Z;-1791;;306
2025-04-27T12:25:11Z;-1795;;302
2025-04-27T12:25:52Z;-1926;;171
2025-04-27T12:25:54Z;-1805;;292
2025-04-27T12:26:00Z;-1814;;283
2025-04-27T12:26:02Z;-1808;;289
2025-04-27T12:26:04Z;-1801;;296
2025-04-27T12:26:06Z;-1798;;299
2025-04-27T12:26:08Z;-1918;;179
2025-04-27T12:26:15Z;-1907;;190
2025-04-27T12:26:25Z;-1756;;341
2025-04-27T12:26:27Z;-1835;;262
2025-04-27T12:26:28Z;-1785;;312
2025-04-27T12:26:31Z;-1809;;288
2025-04-27T12:26:40Z;;2104;295
2025-04-27T12:26:48Z;;2069;260
2025-04-27T12:26:57Z;-1869;;200
2025-04-27T12:27:03Z;-1768;;301
2025-04-27T12:27:13Z;-1870;;199
2025-04-27T12:27:19Z;-1766;;303
2025-04-27T12:27:29Z;-1851;;218
2025-04-27T12:27:35Z;-1742;;327
2025-04-27T12:27:45Z;-1849;;220
2025-04-27T12:27:51Z;-1738;;331
2025-04-27T12:28:03Z;-1644;;425
2025-04-27T12:28:07Z;-1697;;372
2025-04-27T12:28:19Z;-1652;;417
2025-04-27T12:28:33Z;-1832;;237
2025-04-27T12:28:35Z;-1709;;360
2025-04-27T12:28:49Z;-1855;;214
2025-04-27T12:28:50Z;-1868;;201
2025-04-27T12:29:04Z;-1753;;316
2025-04-27T12:29:08Z;-1672;;397
2025-04-27T12:29:21Z;-1728;;341
2025-04-27T12:29:23Z;-1847;;222
2025-04-27T12:29:38Z;-1827;;242
2025-04-27T12:29:40Z;-1711;;358
2025-04-27T12:29:54Z;-1802;;267
2025-04-27T12:29:56Z;-1727;;342
2025-04-27T12:30:03Z;;1888;161
2025-04-27T12:30:10Z;-1842;;46
2025-04-27T12:30:13Z;-1665;;223
2025-04-27T12:30:27Z;-1898;;-10
2025-04-27T12:30:29Z;-1679;;209
2025-04-27T12:30:38Z;-1805;;83
2025-04-27T12:30:45Z;-1767;;121
2025-04-27T12:30:59Z;-1874;;14
2025-04-27T12:31:01Z;-1798;;90
2025-04-27T12:31:11Z;-1797;;91
2025-04-27T12:31:13Z;-1816;;72
2025-04-27T12:31:15Z;-1913;;-25
2025-04-27T12:31:17Z;-1683;;205
2025-04-27T12:31:31Z;-1751;;137
2025-04-27T12:31:33Z;-1869;;19
2025-04-27T12:31:47Z;-1723;;165
2025-04-27T12:31:49Z;-1834;;54
2025-04-27T12:32:04Z;-1807;;81
2025-04-27T12:32:06Z;-1736;;152
2025-04-27T12:32:20Z;-1807;;81
2025-04-27T12:32:22Z;-1731;;157
2025-04-27T12:32:38Z;-1818;;70
2025-04-27T12:32:39Z;-1643;;245
2025-04-27T12:32:53Z;-1806;;82
2025-04-27T12:32:55Z;-1695;;193
2025-04-27T12:33:09Z;-1800;;88
2025-04-27T12:33:11Z;-1705;;183
2025-04-27T12:33:57Z;-1696;;192
2025-04-27T12:33:59Z;-1810;;78
2025-04-27T12:34:29Z;-1721;;167
2025-04-27T12:34:33Z;-1664;;224
2025-04-27T12:34:47Z;-1820;;68
2025-04-27T12:34:49Z;-1616;;272
2025-04-27T12:35:02Z;-1725;;163
2025-04-27T12:35:04Z;-1828;;60
2025-04-27T12:35:18Z;-1718;;170
2025-04-27T12:35:20Z;-1839;;49
2025-04-27T12:35:35Z;-1860;;28
2025-04-27T12:35:37Z;-1869;;19
2025-04-27T12:35:52Z;-1910;;-22
2025-04-27T12:35:54Z;-1706;;182
2025-04-27T12:35:56Z;-1816;;72
2025-04-27T12:35:58Z;-1795;;93
2025-04-27T12:36:00Z;-1810;;78
2025-04-27T12:36:10Z;-1791;;97
2025-04-27T12:36:23Z;-1750;;138
2025-04-27T12:36:25Z;-1859;;29
2025-04-27T12:36:39Z;-1753;;135
2025-04-27T12:36:41Z;-1869;;19
2025-04-27T12:36:57Z;-1873;;15
2025-04-27T12:36:59Z;-1671;;217
2025-04-27T12:37:12Z;-1691;;197
2025-04-27T12:37:14Z;-1806;;82
2025-04-27T12:38:50Z;-1820;;68
2025-04-27T12:38:53Z;-1655;;233
2025-04-27T12:39:06Z;-1755;;133
2025-04-27T12:39:08Z;-1810;;78
2025-04-27T12:39:38Z;-1686;;202
2025-04-27T12:39:40Z;-1806;;82
2025-04-27T12:44:15Z;;1812;6
2025-04-27T12:44:17Z;;1824;18
2025-04-27T12:45:03Z;;1869;63
2025-04-27T12:45:07Z;-1654;;215
2025-04-27T12:45:14Z;;1790;136
2025-04-27T12:45:16Z;;1805;151
2025-04-27T12:45:20Z;;1799;145
2025-04-27T12:45:22Z;;1804;150
2025-04-27T12:45:26Z;;1798;144
2025-04-27T12:45:28Z;;1800;146
2025-04-27T12:45:30Z;;1791;137
2025-04-27T12:47:05Z;;1799;145
2025-04-27T12:47:08Z;;1792;138
2025-04-27T12:47:10Z;;1801;147
2025-04-27T12:47:12Z;;1799;145
2025-04-27T12:47:20Z;;1802;148
2025-04-27T12:47:22Z;;1797;143
2025-04-27T12:47:27Z;;1800;146
2025-04-27T12:47:38Z;;1796;142
2025-04-27T12:47:40Z;;1807;153
2025-04-27T12:48:03Z;-1808;;-1
2025-04-27T12:48:05Z;-1654;;153
2025-04-27T12:48:26Z;;1789;135
2025-04-27T12:50:48Z;-1464;;325
2025-04-27T12:50:49Z;-1538;;251
2025-04-27T12:51:06Z;-1437;;352
2025-04-27T12:51:07Z;-1534;;255
2025-04-27T12:51:36Z;-1547;;242
2025-04-27T12:51:38Z;-1538;;251
2025-04-27T12:51:52Z;-1627;;162
2025-04-27T12:51:53Z;-1456;;333
2025-04-27T12:52:06Z;-1496;;293
2025-04-27T12:52:07Z;-1483;;306
2025-04-27T12:52:11Z;-1513;;276
2025-04-27T12:52:14Z;-1506;;283
2025-04-27T12:52:16Z;-1500;;289
2025-04-27T12:52:18Z;-1507;;282
2025-04-27T12:52:19Z;-1503;;286
2025-04-27T12:52:23Z;-1599;;190
2025-04-27T12:52:25Z;-1471;;318
2025-04-27T12:52:26Z;-1477;;312
2025-04-27T12:52:30Z;-1485;;304
2025-04-27T12:52:38Z;-1484;;305
2025-04-27T12:52:43Z;-1504;;285
2025-04-27T12:52:47Z;-1499;;290
2025-04-27T12:52:49Z;-1499;;290
2025-04-27T12:52:54Z;-1496;;293
2025-04-27T12:52:57Z;-1601;;188
2025-04-27T12:53:11Z;-1472;;317
2025-04-27T12:53:13Z;-1587;;202
2025-04-27T12:53:15Z;-1502;;287
2025-04-27T12:53:16Z;-1506;;283
2025-04-27T12:53:18Z;-1496;;293
2025-04-27T12:53:30Z;-1485;;304
2025-04-27T12:53:32Z;-1515;;274
2025-04-27T12:53:34Z;-1501;;288
2025-04-27T12:53:37Z;-1482;;307
2025-04-27T12:53:39Z;-1484;;305
2025-04-27T12:53:44Z;-1595;;194
2025-04-27T12:53:47Z;-1477;;312
2025-04-27T12:53:48Z;-1503;;286
2025-04-27T12:53:49Z;-1497;;292
2025-04-27T12:54:00Z;-1599;;190
2025-04-27T12:54:03Z;-1433;;356
2025-04-27T12:54:04Z;-1504;;285
2025-04-27T12:54:06Z;-1490;;299
2025-04-27T12:54:17Z;-1606;;183
2025-04-27T12:54:19Z;-1395;;394
2025-04-27T12:54:21Z;-1508;;281
2025-04-27T12:54:22Z;-1490;;299
2025-04-27T12:54:24Z;-1493;;296
2025-04-27T12:54:25Z;-1505;;284
2025-04-27T12:54:27Z;-1476;;313
2025-04-27T12:54:30Z;-1500;;289
2025-04-27T12:54:32Z;-1501;;288
2025-04-27T12:54:34Z;-1609;;180
2025-04-27T12:54:37Z;-1498;;291
2025-04-27T12:54:46Z;-1495;;294
2025-04-27T12:54:48Z;-1602;;187
2025-04-27T12:55:07Z;-1606;;183
2025-04-27T12:55:09Z;-1554;;235
2025-04-27T12:55:19Z;-1498;;291
2025-04-27T12:55:21Z;-1482;;307
2025-04-27T12:55:23Z;-1612;;177
2025-04-27T12:55:24Z;-1427;;362
2025-04-27T12:55:26Z;-1494;;295
2025-04-27T12:55:30Z;-1492;;297
2025-04-27T12:55:33Z;-1495;;294
2025-04-27T12:55:38Z;-1611;;178
2025-04-27T12:55:40Z;-1433;;356
2025-04-27T12:55:54Z;-1600;;189
2025-04-27T12:55:57Z;-1444;;345
2025-04-27T12:56:09Z;-1475;;314
2025-04-27T12:56:13Z;-1406;;383
2025-04-27T12:56:16Z;-1502;;287
2025-04-27T12:56:17Z;-1484;;305
2025-04-27T12:56:26Z;-1500;;289
2025-04-27T12:56:29Z;-1397;;392
2025-04-27T12:56:31Z;-1512;;277
2025-04-27T12:56:37Z;-1499;;290
2025-04-27T12:56:38Z;-1500;;289
2025-04-27T12:56:39Z;-1489;;300
2025-04-27T12:56:43Z;-1610;;179
2025-04-27T12:56:45Z;-1472;;317
2025-04-27T12:56:47Z;-1525;;264
2025-04-27T12:56:48Z;-1498;;291
2025-04-27T12:56:58Z;-1480;;309
2025-04-27T12:57:01Z;-1499;;290
2025-04-27T12:57:15Z;-1604;;185
2025-04-27T12:57:17Z;-1612;;177
2025-04-27T12:57:32Z;-1603;;186
2025-04-27T12:57:36Z;-1480;;309
2025-04-27T12:57:47Z;-1466;;323
2025-04-27T12:57:49Z;-1603;;186
2025-04-27T12:57:51Z;-1482;;307
2025-04-27T12:57:53Z;-1505;;284
2025-04-27T12:58:03Z;-1489;;300
2025-04-27T12:58:05Z;-1600;;189
2025-04-27T12:58:07Z;-1446;;343
2025-04-27T12:58:08Z;-1501;;288
2025-04-27T12:58:20Z;-1595;;194
2025-04-27T12:58:22Z;-1533;;256
2025-04-27T12:58:24Z;-1500;;289
2025-04-27T12:58:25Z;-1502;;287
2025-04-27T12:58:29Z;-1510;;279
2025-04-27T12:58:38Z;-1652;;137
2025-04-27T12:58:39Z;-1453;;336
2025-04-27T12:58:55Z;-1504;;285
2025-04-27T12:58:57Z;-1524;;265
2025-04-27T12:58:59Z;-1510;;279
2025-04-27T12:59:01Z;-1502;;287
2025-04-27T12:59:11Z;-1524;;265
2025-04-27T12:59:13Z;-1497;;292
2025-04-27T12:59:18Z;-1503;;286
2025-04-27T12:59:25Z;-1607;;182
2025-04-27T12:59:28Z;-1444;;345
2025-04-27T12:59:42Z;-1569;;220
2025-04-27T12:59:44Z;-1363;;426
2025-04-27T12:59:58Z;-1530;;259
2025-04-27T13:00:00Z;-1384;;405
2025-04-27T13:00:03Z;;1593;209
2025-04-27T13:00:07Z;-1457;;136
2025-04-27T13:00:14Z;-1535;;58
2025-04-27T13:00:16Z;-1430;;163
2025-04-27T13:00:29Z;-1399;;194
2025-04-27T13:00:32Z;-1523;;70
2025-04-27T13:00:47Z;-1511;;82
2025-04-27T13:00:49Z;-1326;;267
2025-04-27T13:01:02Z;-1407;;186
2025-04-27T13:01:05Z;-1372;;221
2025-04-27T13:01:18Z;-1396;;197
2025-04-27T13:01:20Z;-1515;;78
2025-04-27T13:01:35Z;-1510;;83
2025-04-27T13:01:38Z;-1316;;277
2025-04-27T13:01:51Z;-1397;;196
2025-04-27T13:01:53Z;-1515;;78
2025-04-27T13:02:08Z;-1512;;81
2025-04-27T13:02:10Z;-1387;;206
2025-04-27T13:02:24Z;-1512;;81
2025-04-27T13:02:26Z;-1415;;178
2025-04-27T13:02:40Z;-1510;;83
2025-04-27T13:02:42Z;-1439;;154
2025-04-27T13:02:56Z;-1384;;209
2025-04-27T13:02:59Z;-1341;;252
2025-04-27T13:03:12Z;-1405;;188
2025-04-27T13:03:14Z;-1521;;72
2025-04-27T13:03:29Z;-1525;;68
2025-04-27T13:03:31Z;-1427;;166
2025-04-27T13:03:44Z;-1411;;182
2025-04-27T13:03:47Z;-1459;;134
2025-04-27T13:04:02Z;-1540;;53
2025-04-27T13:04:04Z;-1314;;279
2025-04-27T13:04:17Z;-1443;;150
2025-04-27T13:04:19Z;-1540;;53
2025-04-27T13:04:35Z;-1218;;375
2025-04-27T13:04:37Z;-1405;;188
2025-04-27T13:04:49Z;-1430;;163
2025-04-27T13:04:52Z;-1535;;58
2025-04-27T13:05:07Z;-1540;;53
2025-04-27T13:05:09Z;-1306;;287
2025-04-27T13:05:22Z;-1423;;170
2025-04-27T13:05:24Z;-1530;;63
2025-04-27T13:05:31Z;-1547;;46
2025-04-27T13:05:41Z;-1453;;140
2025-04-27T13:05:47Z;-1545;;48
2025-04-27T13:05:58Z;-1338;;255
2025-04-27T13:06:12Z;-1547;;46
2025-04-27T13:06:13Z;-1544;;49
2025-04-27T13:06:27Z;-1422;;171
2025-04-27T13:06:30Z;-1414;;179
2025-04-27T13:06:43Z;-1417;;176
2025-04-27T13:06:45Z;-1534;;59
2025-04-27T13:07:00Z;-1541;;52
2025-04-27T13:07:02Z;-1454;;139
2025-04-27T13:07:17Z;-1545;;48
2025-04-27T13:07:19Z;-1362;;231
2025-04-27T13:07:32Z;-1400;;193
2025-04-27T13:07:35Z;-1413;;180
2025-04-27T13:07:48Z;-1396;;197
2025-04-27T13:07:50Z;-1513;;80
2025-04-27T13:08:05Z;-1460;;133
2025-04-27T13:08:06Z;-1505;;88
2025-04-27T13:08:38Z;-1499;;94
2025-04-27T13:08:39Z;-1500;;93
2025-04-27T13:11:36Z;-1387;;206
2025-04-27T13:11:38Z;-1496;;97
2025-04-27T13:12:11Z;-1513;;80
2025-04-27T13:12:12Z;-1432;;161
2025-04-27T13:12:25Z;-1447;;146
2025-04-27T13:12:27Z;-1516;;77
2025-04-27T13:12:41Z;-1427;;166
2025-04-27T13:12:44Z;-1346;;247
2025-04-27T13:12:57Z;-1441;;152
2025-04-27T13:12:59Z;-1561;;32
2025-04-27T13:13:13Z;-1470;;123
2025-04-27T13:13:16Z;-1498;;95
2025-04-27T13:13:30Z;-1578;;15
2025-04-27T13:13:33Z;-1400;;193
2025-04-27T13:13:47Z;-1586;;7
2025-04-27T13:13:49Z;-1410;;183
2025-04-27T13:14:02Z;-1465;;128
2025-04-27T13:14:04Z;-1581;;12
2025-04-27T13:14:06Z;-1458;;135
2025-04-27T13:14:07Z;-1501;;92
2025-04-27T13:15:03Z;;1665;164
2025-04-27T13:15:07Z;-1360;;305
2025-04-27T13:17:35Z;-1381;;284
2025-04-27T13:17:36Z;-1144;;521
2025-04-27T13:17:52Z;-1377;;288
2025-04-27T13:17:54Z;-1263;;402
2025-04-27T13:18:43Z;-1286;;379
2025-04-27T13:18:44Z;-1228;;437
2025-04-27T13:18:57Z;-1334;;331
2025-04-27T13:18:58Z;-1126;;539
2025-04-27T13:19:15Z;-1334;;331
2025-04-27T13:19:16Z;-1224;;441
2025-04-27T13:19:30Z;-1219;;446
2025-04-27T13:19:31Z;;1498;279
2025-04-27T13:19:33Z;;1508;289
2025-04-27T13:19:35Z;-1224;;284
2025-04-27T13:19:39Z;;1505;281
2025-04-27T13:19:42Z;;1502;278
2025-04-27T13:19:46Z;;1497;273
2025-04-27T13:19:50Z;-1161;;336
2025-04-27T13:19:51Z;-1209;;288
2025-04-27T13:19:52Z;-1192;;305
2025-04-27T13:19:53Z;-1210;1504;312
2025-04-27T13:19:55Z;;1497;287
2025-04-27T13:19:58Z;-1197;;300
2025-04-27T13:19:59Z;-1204;;293
2025-04-27T13:20:02Z;;1505;301
2025-04-27T13:20:04Z;;1496;292
2025-04-27T13:20:06Z;-1110;;386
2025-04-27T13:20:07Z;-1212;;284
2025-04-27T13:20:08Z;-1195;;301
2025-04-27T13:20:12Z;;1500;305
2025-04-27T13:20:14Z;;1495;300
2025-04-27T13:20:16Z;-1200;1505;310
2025-04-27T13:20:18Z;;1493;293
2025-04-27T13:20:20Z;;1504;304
2025-04-27T13:20:22Z;-1174;;330
2025-04-27T13:20:23Z;-1226;;278
2025-04-27T13:20:26Z;;1497;271
2025-04-27T13:20:30Z;-1190;;307
2025-04-27T13:20:31Z;-1196;;301
2025-04-27T13:20:32Z;-1200;1503;307
2025-04-27T13:20:33Z;-1321;;182
2025-04-27T13:20:34Z;;1498;177
2025-04-27T13:20:39Z;-1207;;291
2025-04-27T13:20:40Z;-1199;;299
2025-04-27T13:20:42Z;;1504;305
2025-04-27T13:20:44Z;;1498;299
2025-04-27T13:20:47Z;-1186;;312
2025-04-27T13:20:48Z;-1197;;301
2025-04-27T13:20:51Z;;1500;303
2025-04-27T13:20:54Z;-1184;;316
2025-04-27T13:20:55Z;-1214;;286
2025-04-27T13:20:56Z;-1219;;281
2025-04-27T13:20:57Z;-1202;;298
2025-04-27T13:20:58Z;;1499;297
2025-04-27T13:21:00Z;;1500;298
2025-04-27T13:21:02Z;;1486;284
2025-04-27T13:21:04Z;;1500;298
2025-04-27T13:21:05Z;-1204;;296
2025-04-27T13:21:06Z;-1205;;295
2025-04-27T13:21:07Z;-1205;;295
2025-04-27T13:21:08Z;;1497;292
2025-04-27T13:21:09Z;;1502;297
2025-04-27T13:21:11Z;-1200;;302
2025-04-27T13:21:12Z;;1488;288
2025-04-27T13:21:14Z;;1503;303
2025-04-27T13:21:16Z;;1489;289
2025-04-27T13:21:17Z;-1203;;286
2025-04-27T13:21:18Z;-1195;1504;294
2025-04-27T13:21:20Z;-1201;;303
2025-04-27T13:21:22Z;-1337;;167
2025-04-27T13:21:23Z;-1333;;171
2025-04-27T13:21:25Z;-1188;;316
2025-04-27T13:21:26Z;;1493;305
2025-04-27T13:21:28Z;;1507;319
2025-04-27T13:21:36Z;;1497;309
2025-04-27T13:21:38Z;;1513;325
2025-04-27T13:21:40Z;-1236;;277
2025-04-27T13:21:41Z;-1198;;315
2025-04-27T13:22:12Z;-1367;;146
2025-04-27T13:22:14Z;-1272;;241
2025-04-27T13:22:58Z;-1524;1832;560
2025-04-27T13:23:13Z;-1449;1749;225
2025-04-27T13:24:22Z;-1375;;374
2025-04-27T13:24:24Z;-1253;;496
2025-04-27T13:25:14Z;;1499;246
2025-04-27T13:25:16Z;;1598;345
2025-04-27T13:26:14Z;-1197;;401
2025-04-27T13:26:15Z;-1271;;327
2025-04-27T13:26:56Z;-1271;;327
2025-04-27T13:26:57Z;-923;;675
2025-04-27T13:26:59Z;-1166;;432
2025-04-27T13:27:04Z;;1496;330
2025-04-27T13:27:06Z;;1509;343
2025-04-27T13:27:12Z;;1494;328
2025-04-27T13:27:14Z;;1508;342
2025-04-27T13:27:22Z;;1490;324
2025-04-27T13:27:24Z;;1506;340
2025-04-27T13:27:32Z;;1491;325
2025-04-27T13:27:34Z;;1506;340
2025-04-27T13:27:42Z;;1493;327
2025-04-27T13:27:44Z;;1508;342
2025-04-27T13:27:52Z;;1494;328
2025-04-27T13:27:54Z;;1510;344
2025-04-27T13:28:02Z;;1499;333
2025-04-27T13:28:04Z;;1514;348
2025-04-27T13:28:22Z;-1179;;335
2025-04-27T13:28:25Z;-1206;;308
2025-04-27T13:29:38Z;-1305;;209
2025-04-27T13:29:40Z;-827;;687
2025-04-27T13:30:03Z;;1579;752
2025-04-27T13:30:09Z;-1360;;219
2025-04-27T13:30:26Z;-1200;;379
2025-04-27T13:30:28Z;-1124;;455
2025-04-27T13:30:54Z;-1205;;374
2025-04-27T13:30:58Z;-1198;;381
2025-04-27T13:31:02Z;-1201;;378
2025-04-27T13:31:05Z;-1215;;364
2025-04-27T13:31:12Z;-1212;;367
2025-04-27T13:31:14Z;-1203;;376
2025-04-27T13:31:28Z;-1207;;372
2025-04-27T13:31:40Z;;1490;283
2025-04-27T13:32:21Z;-1249;;241
2025-04-27T13:33:16Z;-1224;;266
2025-04-27T13:33:19Z;-1199;;291
2025-04-27T13:33:57Z;-1252;;238
2025-04-27T13:33:59Z;-1234;;256
2025-04-27T13:34:17Z;-1199;;291
2025-04-27T13:34:18Z;-1204;;286
2025-04-27T13:34:19Z;-1186;;304
2025-04-27T13:34:21Z;-1273;;217
2025-04-27T13:34:27Z;-1152;;338
2025-04-27T13:34:35Z;-1282;;208
2025-04-27T13:34:41Z;-1156;;334
2025-04-27T13:34:43Z;-1202;;288
2025-04-27T13:34:44Z;-1196;;294
2025-04-27T13:34:50Z;-1273;;217
2025-04-27T13:34:56Z;-1124;;366
2025-04-27T13:35:00Z;-1256;;234
2025-04-27T13:35:22Z;-1374;;116
2025-04-27T13:35:25Z;-1151;;339
2025-04-27T13:35:38Z;-1296;;194
2025-04-27T13:35:39Z;-1197;;293
2025-04-27T13:35:53Z;-1207;;283
2025-04-27T13:35:55Z;-1251;;239
2025-04-27T13:36:07Z;-1273;;217
2025-04-27T13:36:09Z;-1221;;269
2025-04-27T13:36:21Z;-1287;;203
2025-04-27T13:36:23Z;-1182;;308
2025-04-27T13:37:05Z;-1245;;245
2025-04-27T13:37:06Z;-1170;;320
2025-04-27T13:37:21Z;-1270;;220
2025-04-27T13:37:22Z;-1184;;306
2025-04-27T13:37:33Z;-1273;;217
2025-04-27T13:37:36Z;-1240;;250
2025-04-27T13:37:49Z;-1186;;304
2025-04-27T13:37:50Z;-1242;;248
2025-04-27T13:38:05Z;-1175;;315
2025-04-27T13:38:06Z;-1240;;250
2025-04-27T13:38:13Z;-695;;795
2025-04-27T13:38:14Z;-1329;;161
2025-04-27T13:39:17Z;-1175;;315
2025-04-27T13:39:18Z;-1303;;187
2025-04-27T13:39:27Z;-1330;;160
2025-04-27T13:39:28Z;-1305;;185
2025-04-27T13:39:36Z;-1327;;163
2025-04-27T13:39:37Z;-1204;;286
2025-04-27T13:39:47Z;-1324;;166
2025-04-27T13:39:48Z;-1033;;457
2025-04-27T13:39:59Z;-1326;;164
2025-04-27T13:40:00Z;-1184;;306
2025-04-27T13:40:08Z;-1215;;275
2025-04-27T13:40:10Z;-1275;;215
2025-04-27T13:40:16Z;-1259;;231
2025-04-27T13:40:18Z;-812;;678
2025-04-27T13:40:19Z;-1198;;292
2025-04-27T13:40:20Z;-1350;;140
2025-04-27T13:41:42Z;-1079;;411
2025-04-27T13:41:43Z;-781;;709
2025-04-27T13:41:45Z;-1213;;277
2025-04-27T13:42:05Z;;1506;293
2025-04-27T13:42:13Z;;1499;286
2025-04-27T13:42:29Z;;1502;289
2025-04-27T13:42:30Z;;1486;273
2025-04-27T13:42:47Z;-1305;;181
2025-04-27T13:42:52Z;-1214;;272
2025-04-27T13:42:56Z;-1200;;286
2025-04-27T13:42:58Z;-1200;;286
2025-04-27T13:43:05Z;-1200;;286
2025-04-27T13:43:07Z;-1205;;281
2025-04-27T13:43:17Z;-1214;;272
2025-04-27T13:43:19Z;-1201;;285
2025-04-27T13:43:20Z;-1202;;284
2025-04-27T13:43:22Z;-1201;;285
2025-04-27T13:43:25Z;-1202;;284
2025-04-27T13:43:26Z;-1199;;287
2025-04-27T13:43:34Z;-1212;;274
2025-04-27T13:43:37Z;-1215;;271
2025-04-27T13:43:45Z;-1191;;295
2025-04-27T13:44:14Z;-1205;;281
2025-04-27T13:44:21Z;-1189;;297
2025-04-27T13:44:24Z;-1203;;283
2025-04-27T13:44:34Z;-1206;;280
2025-04-27T13:45:03Z;;1485;279
2025-04-27T13:45:09Z;-1146;;339
2025-04-27T13:45:42Z;;1501;355
2025-04-27T13:45:44Z;;1494;348
2025-04-27T13:45:46Z;;1505;359
2025-04-27T13:45:54Z;;1492;346
2025-04-27T13:45:56Z;;1511;365
2025-04-27T13:45:58Z;;1498;352
2025-04-27T13:45:59Z;-1189;;309
2025-04-27T13:46:00Z;-1170;1500;311
2025-04-27T13:46:01Z;-1181;;319
2025-04-27T13:46:04Z;;1413;232
2025-04-27T13:46:06Z;;1517;336
2025-04-27T13:46:28Z;-1505;;12
2025-04-27T13:46:52Z;;1802;297
2025-04-27T13:46:55Z;-1808;;-6
2025-04-27T13:47:04Z;-1795;;7
2025-04-27T13:47:14Z;-1799;;3
2025-04-27T13:47:31Z;-1800;;2
2025-04-27T13:47:39Z;;1799;-1
2025-04-27T13:47:41Z;;1802;2
2025-04-27T13:47:43Z;;1798;-2
2025-04-27T13:48:51Z;;1819;19
2025-04-27T13:48:54Z;-1794;;25
2025-04-27T13:48:58Z;;2143;349
2025-04-27T13:49:00Z;-2056;;87
2025-04-27T13:49:07Z;-2082;;61
2025-04-27T13:49:10Z;;2078;-4
2025-04-27T13:49:14Z;-1833;;245
2025-04-27T13:49:16Z;-1850;;228
2025-04-27T13:49:18Z;-1804;;274
2025-04-27T13:49:25Z;;1792;-12
2025-04-27T13:49:44Z;-1555;;237
2025-04-27T13:49:53Z;-1562;;230
2025-04-27T13:49:59Z;-1460;;332
2025-04-27T13:50:08Z;-1528;;264
2025-04-27T13:50:13Z;-1465;;327
2025-04-27T13:51:05Z;;1493;28
2025-04-27T13:51:07Z;;1500;35
2025-04-27T13:51:09Z;;1498;33
2025-04-27T13:51:11Z;;1502;37
2025-04-27T13:51:13Z;;1497;32
2025-04-27T13:52:50Z;-1170;;327
2025-04-27T13:52:51Z;-1233;;264
2025-04-27T13:53:43Z;-1362;;135
2025-04-27T13:53:44Z;-1086;;411
2025-04-27T13:53:46Z;-1237;;260
2025-04-27T13:53:53Z;;1500;263
2025-04-27T13:54:04Z;-1484;;16
2025-04-27T13:54:13Z;-1517;;-17
2025-04-27T13:54:33Z;;1499;-18
2025-04-27T13:54:54Z;-1110;;389
2025-04-27T13:54:55Z;-884;;615
2025-04-27T13:55:21Z;;1505;621
2025-04-27T13:55:33Z;;1492;608
2025-04-27T13:55:52Z;-1360;;132
2025-04-27T13:55:53Z;-1271;;221
2025-04-27T13:55:58Z;;1501;230
2025-04-27T13:57:02Z;;1436;165
2025-04-27T13:57:03Z;;1548;277
2025-04-27T13:57:10Z;-1539;;9
2025-04-27T13:57:33Z;-1491;;57
2025-04-27T13:57:35Z;-1520;;28
2025-04-27T13:57:38Z;-1505;;43
2025-04-27T13:58:17Z;-1470;;78
2025-04-27T13:58:24Z;-1460;;88
2025-04-27T13:58:29Z;-1451;;97
2025-04-27T13:58:37Z;-1477;;71
2025-04-27T13:58:40Z;-1505;;43
2025-04-27T13:58:51Z;;1794;289
2025-04-27T13:58:57Z;-1813;;-19
2025-04-27T13:59:07Z;-1795;;-1
2025-04-27T13:59:09Z;-1803;;-9
2025-04-27T13:59:10Z;-1780;;14
2025-04-27T13:59:13Z;;1785;5
2025-04-27T13:59:29Z;;1806;26
2025-04-27T13:59:39Z;-1795;;11
2025-04-27T13:59:51Z;-1803;;3
2025-04-27T13:59:58Z;;1789;-14
2025-04-27T14:00:03Z;;1789;-14
2025-04-27T14:00:07Z;-1663;;126
2025-04-27T14:00:08Z;;1813;150
2025-04-27T14:00:12Z;-1531;;282
2025-04-27T14:00:13Z;-1324;;489
2025-04-27T14:00:36Z;;1793;469
2025-04-27T14:00:37Z;-1518;;275
2025-04-27T14:02:45Z;;1800;282
2025-04-27T14:02:47Z;;1780;262
2025-04-27T14:02:57Z;;1804;286
2025-04-27T14:03:02Z;;1798;280
2025-04-27T14:03:15Z;;1802;284
2025-04-27T14:03:16Z;;1790;272
2025-04-27T14:03:30Z;-1191;;599
2025-04-27T14:04:45Z;-1210;;580
2025-04-27T14:04:55Z;-1196;;594
2025-04-27T14:05:43Z;-1206;;584
2025-04-27T14:05:45Z;-1192;;598
2025-04-27T14:07:32Z;;1485;293
2025-04-27T14:07:54Z;-1095;;390
2025-04-27T14:07:58Z;;1502;407
2025-04-27T14:08:00Z;;1492;397
2025-04-27T14:08:02Z;;1502;407
2025-04-27T14:08:08Z;;1497;402
2025-04-27T14:08:12Z;;1504;409
2025-04-27T14:08:25Z;-1500;;4
2025-04-27T14:09:33Z;-1397;;107
2025-04-27T14:09:34Z;-1550;;-46
2025-04-27T14:10:53Z;-1466;;38
2025-04-27T14:10:58Z;-1515;;-11
2025-04-27T14:11:05Z;-1509;;-5
2025-04-27T14:11:39Z;;1498;-11
2025-04-27T14:14:26Z;;1501;-8
2025-04-27T14:14:27Z;-1176;;325
2025-04-27T14:14:29Z;-1233;;268
2025-04-27T14:14:47Z;-1310;;191
2025-04-27T14:15:03Z;;1608;298
2025-04-27T14:15:05Z;-1503;;105
2025-04-27T14:15:08Z;-1520;;88
2025-04-27T14:15:24Z;-1502;;106
2025-04-27T14:15:26Z;-1284;;324
2025-04-27T14:15:35Z;-1528;;80
2025-04-27T14:15:36Z;;1823;295
2025-04-27T14:15:46Z;;1784;256
2025-04-27T14:16:23Z;-1503;;281
2025-04-27T14:16:33Z;;1496;-7
2025-04-27T14:17:38Z;-1299;;197
2025-04-27T14:17:42Z;-1136;;360
2025-04-27T14:19:02Z;-1199;;297
2025-04-27T14:20:02Z;;1199;0
2025-04-27T14:20:03Z;;1201;2
2025-04-27T14:20:05Z;;1197;-2
2025-04-27T14:20:07Z;;1201;2
2025-04-27T14:20:09Z;;1195;-4
2025-04-27T14:20:49Z;;1202;3
2025-04-27T14:20:51Z;;1199;0
2025-04-27T14:20:52Z;;1202;3
2025-04-27T14:20:54Z;;1201;2
2025-04-27T14:22:51Z;;1204;5
2025-04-27T14:22:55Z;;1199;0
2025-04-27T14:24:29Z;-929;;270
2025-04-27T14:24:49Z;-831;;368
2025-04-27T14:25:32Z;-1051;;148
2025-04-27T14:26:02Z;-1043;;156
2025-04-27T14:27:12Z;;1201;158
2025-04-27T14:28:09Z;-1509;;-308
2025-04-27T14:28:17Z;-1505;;-304
2025-04-27T14:28:21Z;;1498;-7
2025-04-27T14:28:29Z;-1194;;304
2025-04-27T14:30:03Z;;1235;41
2025-04-27T14:30:07Z;-1163;;72
2025-04-27T14:31:07Z;-1199;;36
2025-04-27T14:31:21Z;-1201;;34
2025-04-27T14:31:23Z;-1199;;36
2025-04-27T14:31:59Z;;1508;309
2025-04-27T14:32:04Z;-1543;;-35
2025-04-27T14:32:07Z;;1792;249
2025-04-27T14:32:10Z;;1813;270
2025-04-27T14:32:16Z;-1478;;335
2025-04-27T14:32:18Z;;1498;20
2025-04-27T14:32:25Z;-1209;;289
2025-04-27T14:33:37Z;;1198;-11
2025-04-27T14:34:09Z;547;;1745
2025-04-27T14:34:12Z;;1213;1760
2025-04-27T14:34:29Z;;1196;1743
2025-04-27T14:35:14Z;;1212;1759
2025-04-27T14:35:22Z;298;;1510
2025-04-27T14:35:35Z;;1505;1803
2025-04-27T14:35:38Z;;1492;1790
2025-04-27T14:36:14Z;363;;1855
2025-04-27T14:36:24Z;723;;2215
2025-04-27T14:36:27Z;420;;1912
2025-04-27T14:36:33Z;640;;2132
2025-04-27T14:36:37Z;455;;1947
2025-04-27T14:36:41Z;683;;2175
2025-04-27T14:36:47Z;;1199;1882
2025-04-27T14:37:02Z;458;;1657
2025-04-27T14:37:34Z;751;;1950
2025-04-27T14:37:49Z;;1201;1952
2025-04-27T14:37:50Z;;1202;1953
2025-04-27T14:37:55Z;528;;1730
2025-04-27T14:37:57Z;;1204;1732
2025-04-27T14:38:06Z;639;;1843
2025-04-27T14:38:10Z;559;;1763
2025-04-27T14:38:13Z;618;;1822
2025-04-27T14:38:16Z;594;;1798
2025-04-27T14:38:20Z;990;;2194
2025-04-27T14:38:23Z;;1147;2137
2025-04-27T14:38:25Z;;1258;2248
2025-04-27T14:38:27Z;560;;1818
2025-04-27T14:38:28Z;643;;1901
2025-04-27T14:38:29Z;519;;1777
2025-04-27T14:38:38Z;;1198;1717
2025-04-27T14:39:13Z;745;;1943
2025-04-27T14:39:34Z;499;;1697
2025-04-27T14:41:02Z;;1200;1699
2025-04-27T14:41:10Z;;1198;1697
2025-04-27T14:41:19Z;604;;1802
2025-04-27T14:41:20Z;561;;1759
2025-04-27T14:41:28Z;623;;1821
2025-04-27T14:41:29Z;597;;1795
2025-04-27T14:41:30Z;605;;1803
2025-04-27T14:41:35Z;-803;;395
2025-04-27T14:41:38Z;614;;1812
2025-04-27T14:41:43Z;583;;1781
2025-04-27T14:41:46Z;640;;1838
2025-04-27T14:41:52Z;595;;1793
2025-04-27T14:41:54Z;602;;1800
2025-04-27T14:42:07Z;678;;1876
2025-04-27T14:42:19Z;717;;1915
2025-04-27T14:42:45Z;-655;;543
2025-04-27T14:43:00Z;700;;1898
2025-04-27T14:43:24Z;-730;;468
2025-04-27T14:43:41Z;693;;1891
2025-04-27T14:44:06Z;-650;;548
2025-04-27T14:44:22Z;753;;1951
2025-04-27T14:44:49Z;377;;1575
2025-04-27T14:45:03Z;;934;1311
2025-04-27T14:45:06Z;739;;1673
2025-04-27T14:45:08Z;-20;;914
2025-04-27T14:45:32Z;775;;1709
2025-04-27T14:45:34Z;-661;;273
2025-04-27T14:45:43Z;746;;1680
2025-04-27T14:46:17Z;-650;;284
2025-04-27T14:46:24Z;575;;1509
2025-04-27T14:46:36Z;634;;1568
2025-04-27T14:46:58Z;683;;1617
2025-04-27T14:47:05Z;800;;1734
2025-04-27T14:47:10Z;;692;1492
2025-04-27T14:47:11Z;905;958;1597
2025-04-27T14:47:14Z;;843;1748
2025-04-27T14:47:15Z;738;;1581
2025-04-27T14:47:17Z;;960;1698
2025-04-27T14:47:18Z;;763;1501
2025-04-27T14:47:20Z;;958;1696
2025-04-27T14:47:39Z;-719;;239
2025-04-27T14:47:46Z;687;;1645
2025-04-27T14:48:16Z;736;;1694
2025-04-27T14:48:27Z;718;;1676
2025-04-27T14:48:30Z;1170;;2128
2025-04-27T14:48:31Z;670;;1628
2025-04-27T14:48:55Z;-707;;251
2025-04-27T14:49:04Z;-768;;190
2025-04-27T14:49:05Z;-699;;259
2025-04-27T14:49:08Z;717;;1675
2025-04-27T14:49:21Z;588;;1546
2025-04-27T14:49:22Z;630;;1588
2025-04-27T14:49:31Z;-798;;160
2025-04-27T14:49:56Z;-868;;90
2025-04-27T14:49:59Z;-917;;41
2025-04-27T14:50:06Z;-929;;29
2025-04-27T14:50:09Z;535;;1493
2025-04-27T14:50:12Z;-901;;57
2025-04-27T14:50:13Z;-897;;61
2025-04-27T14:50:15Z;-926;;32
2025-04-27T14:50:18Z;-861;;97
2025-04-27T14:50:42Z;-509;;449
2025-04-27T14:50:44Z;-608;;350
2025-04-27T14:50:50Z;913;;1871
2025-04-27T14:50:51Z;891;;1849
2025-04-27T14:51:01Z;851;;1809
2025-04-27T14:51:02Z;-587;;371
2025-04-27T14:51:31Z;733;;1691
2025-04-27T14:51:38Z;986;;1944
2025-04-27T14:51:41Z;882;;1840
2025-04-27T14:51:44Z;1030;;1988
2025-04-27T14:51:50Z;898;;1856
2025-04-27T14:51:58Z;915;;1873
2025-04-27T14:51:59Z;690;;1648
2025-04-27T14:52:32Z;597;;1555
2025-04-27T14:52:34Z;608;;1566
2025-04-27T14:52:36Z;583;;1541
2025-04-27T14:52:41Z;;1212;1795
2025-04-27T14:53:02Z;;1195;1778
2025-04-27T14:53:24Z;606;;1801
2025-04-27T14:53:25Z;567;;1762
2025-04-27T14:54:01Z;692;;1887
2025-04-27T14:54:11Z;-815;;380
2025-04-27T14:54:15Z;644;;1839
2025-04-27T14:54:20Z;599;;1794
2025-04-27T14:54:21Z;602;;1797
2025-04-27T14:54:55Z;1489;;2684
2025-04-27T14:54:56Z;2181;;3376
2025-04-27T14:55:17Z;861;;2056
2025-04-27T14:55:22Z;961;;2156
2025-04-27T14:55:29Z;885;;2080
2025-04-27T14:55:30Z;916;;2111
2025-04-27T14:55:36Z;2284;;3479
2025-04-27T14:55:54Z;965;;2160
2025-04-27T14:56:13Z;894;;2089
2025-04-27T14:56:16Z;959;;2154
2025-04-27T14:56:17Z;2323;;3518
2025-04-27T14:56:38Z;813;;2008
2025-04-27T14:56:52Z;905;;2100
2025-04-27T14:57:04Z;;898;1803
2025-04-27T14:57:10Z;1092;;1990
2025-04-27T14:57:15Z;;902;1994
2025-04-27T14:57:17Z;;898;1990
2025-04-27T14:57:25Z;;904;1996
2025-04-27T14:57:42Z;-618;;286
2025-04-27T14:58:36Z;;567;-51
2025-04-27T14:58:37Z;-674;1047;-107
2025-04-27T14:58:39Z;-737;;310
2025-04-27T14:58:44Z;;1204;467
2025-04-27T14:59:08Z;;1190;453
2025-04-27T14:59:18Z;-594;;596
2025-04-27T14:59:38Z;;898;304
2025-04-27T14:59:50Z;-292;;606
2025-04-27T15:00:03Z;;842;550
2025-04-27T15:00:07Z;-262;;580
2025-04-27T15:00:18Z;-314;;528
2025-04-27T15:00:20Z;;903;589
2025-04-27T15:00:57Z;;1200;886
2025-04-27T15:01:03Z;-586;;614
2025-04-27T15:01:05Z;-636;;564
2025-04-27T15:01:13Z;-292;1196;560
2025-04-27T15:01:24Z;;892;600
2025-04-27T15:01:25Z;8;;900
2025-04-27T15:01:58Z;;491;499
2025-04-27T15:02:01Z;;810;818
2025-04-27T15:02:04Z;71;;881
2025-04-27T15:02:10Z;3;;813
2025-04-27T15:02:16Z;148;;958
2025-04-27T15:02:38Z;-54;;756
2025-04-27T15:02:43Z;407;;1217
2025-04-27T15:02:44Z;-44;;766
2025-04-27T15:03:35Z;0;;810
2025-04-27T15:05:12Z;-423;;387
2025-04-27T15:05:33Z;-229;;581
2025-04-27T15:06:09Z;-204;;606
2025-04-27T15:06:30Z;-394;;416
2025-04-27T15:07:30Z;1131;;1941
2025-04-27T15:08:45Z;868;;1678
2025-04-27T15:08:49Z;1123;;1933
2025-04-27T15:08:50Z;850;;1660
2025-04-27T15:08:51Z;930;;1740
2025-04-27T15:08:54Z;;912;1842
2025-04-27T15:08:56Z;;630;1560
2025-04-27T15:08:57Z;866;;1496
2025-04-27T15:09:00Z;940;;1570
2025-04-27T15:09:06Z;873;;1503
2025-04-27T15:09:09Z;923;;1553
2025-04-27T15:09:25Z;931;;1561
2025-04-27T15:09:27Z;922;;1552
2025-04-27T15:09:28Z;858;;1488
2025-04-27T15:09:33Z;867;;1497
2025-04-27T15:09:36Z;912;;1542
2025-04-27T15:09:42Z;856;;1486
2025-04-27T15:09:45Z;1070;;1700
2025-04-27T15:09:47Z;899;;1529
2025-04-27T15:09:48Z;901;;1531
2025-04-27T15:09:51Z;896;;1526
2025-04-27T15:09:59Z;923;;1553
2025-04-27T15:10:00Z;896;;1526
2025-04-27T15:10:03Z;910;;1540
2025-04-27T15:10:05Z;853;;1483
2025-04-27T15:10:08Z;931;;1561
2025-04-27T15:10:11Z;893;;1523
2025-04-27T15:10:17Z;908;;1538
2025-04-27T15:10:18Z;897;;1527
2025-04-27T15:10:19Z;903;;1533
2025-04-27T15:10:21Z;898;;1528
2025-04-27T15:10:26Z;911;;1541
2025-04-27T15:10:29Z;884;;1514
2025-04-27T15:10:30Z;910;;1540
2025-04-27T15:10:32Z;860;;1490
2025-04-27T15:10:36Z;906;;1536
2025-04-27T15:10:41Z;858;;1488
2025-04-27T15:10:44Z;909;;1539
2025-04-27T15:10:50Z;856;;1486
2025-04-27T15:10:53Z;1026;;1656
2025-04-27T15:10:54Z;;599;1625
2025-04-27T15:10:56Z;;600;1626
2025-04-27T15:10:57Z;898;;1498
2025-04-27T15:10:58Z;921;;1521
2025-04-27T15:11:00Z;;595;1516
2025-04-27T15:11:01Z;867;;1462
2025-04-27T15:11:02Z;;601;1468
2025-04-27T15:11:06Z;;598;1465
2025-04-27T15:11:07Z;948;;1546
2025-04-27T15:11:10Z;;614;1562
2025-04-27T15:11:12Z;896;596;1544
2025-04-27T15:11:16Z;918;;1514
2025-04-27T15:11:17Z;891;;1487
2025-04-27T15:11:21Z;903;;1499
2025-04-27T15:11:22Z;858;;1454
2025-04-27T15:11:29Z;902;;1498
2025-04-27T15:11:30Z;894;;1490
2025-04-27T15:11:34Z;936;;1532
2025-04-27T15:11:40Z;888;;1484
2025-04-27T15:11:43Z;930;;1526
2025-04-27T15:11:49Z;898;;1494
2025-04-27T15:11:50Z;900;;1496
2025-04-27T15:11:51Z;895;;1491
2025-04-27T15:11:53Z;941;;1537
2025-04-27T15:12:21Z;891;;1487
2025-04-27T15:12:23Z;902;;1498
2025-04-27T15:12:30Z;893;;1489
2025-04-27T15:12:32Z;903;;1499
2025-04-27T15:12:48Z;-472;;124
2025-04-27T15:12:57Z;947;;1543
2025-04-27T15:13:17Z;938;;1534
2025-04-27T15:13:37Z;957;;1553
2025-04-27T15:13:53Z;-400;;196
2025-04-27T15:14:18Z;982;;1578
2025-04-27T15:14:33Z;-422;;174
2025-04-27T15:14:59Z;1034;;1630
2025-04-27T15:15:03Z;;529;1563
2025-04-27T15:15:07Z;1031;;1560
2025-04-27T15:15:15Z;986;;1515
2025-04-27T15:15:24Z;-432;;97
2025-04-27T15:15:26Z;-345;;184
2025-04-27T15:15:40Z;1032;;1561
2025-04-27T15:16:02Z;-380;;149
2025-04-27T15:16:56Z;1000;;1529
2025-04-27T15:16:59Z;985;;1514
2025-04-27T15:17:02Z;1000;;1529
2025-04-27T15:17:30Z;981;;1510
2025-04-27T15:17:43Z;1052;;1581
2025-04-27T15:18:13Z;-375;;154
2025-04-27T15:18:24Z;1037;;1566
2025-04-27T15:18:54Z;-358;;171
2025-04-27T15:18:59Z;-721;183;-175
2025-04-27T15:19:00Z;-410;;-227
2025-04-27T15:19:07Z;1036;;1219
2025-04-27T15:19:34Z;-380;;-197
2025-04-27T15:19:46Z;985;;1168
2025-04-27T15:20:13Z;-386;;-203
2025-04-27T15:20:27Z;965;;1148
2025-04-27T15:20:50Z;335;;518
2025-04-27T15:21:08Z;1023;;1206
2025-04-27T15:21:29Z;1009;;1192
2025-04-27T15:21:48Z;362;;545
2025-04-27T15:21:49Z;1005;;1188
2025-04-27T15:22:11Z;-436;;-253
2025-04-27T15:22:29Z;958;;1141
2025-04-27T15:22:51Z;985;;1168
2025-04-27T15:23:10Z;988;;1171
2025-04-27T15:23:33Z;1056;;1239
2025-04-27T15:23:34Z;-335;;-152
2025-04-27T15:23:36Z;-293;;-110
2025-04-27T15:23:51Z;1030;;1213
2025-04-27T15:24:15Z;-355;;-172
2025-04-27T15:24:32Z;1040;;1223
2025-04-27T15:24:56Z;1055;;1238
2025-04-27T15:25:13Z;1057;;1240
2025-04-27T15:25:37Z;1011;;1194
2025-04-27T15:25:38Z;-292;;-109
2025-04-27T15:25:42Z;-339;;-156
2025-04-27T15:25:44Z;-263;;-80
2025-04-27T15:25:54Z;1081;;1264
2025-04-27T15:26:20Z;-340;;-157
2025-04-27T15:26:27Z;-362;;-179
2025-04-27T15:26:29Z;-330;;-147
2025-04-27T15:26:35Z;1005;;1188
2025-04-27T15:26:59Z;1045;;1228
2025-04-27T15:27:16Z;901;;1084
2025-04-27T15:27:20Z;;606;1507
2025-04-27T15:27:21Z;893;;1499
2025-04-27T15:27:41Z;-632;;-26
2025-04-27T15:27:45Z;-585;;21
2025-04-27T15:27:46Z;-618;;-12
2025-04-27T15:27:49Z;-599;;7
2025-04-27T15:27:51Z;-625;;-19
2025-04-27T15:27:54Z;-513;;93
2025-04-27T15:27:57Z;872;;1478
2025-04-27T15:28:04Z;;595;1467
2025-04-27T15:28:07Z;923;;1518
2025-04-27T15:28:13Z;888;;1483
2025-04-27T15:28:16Z;945;;1540
2025-04-27T15:28:21Z;929;;1524
2025-04-27T15:28:38Z;967;;1562
2025-04-27T15:29:01Z;28;;623
2025-04-27T15:29:19Z;1046;;1641
2025-04-27T15:29:41Z;994;;1589
2025-04-27T15:29:42Z;-292;;303
2025-04-27T15:29:53Z;-368;;227
2025-04-27T15:29:54Z;-288;;307
2025-04-27T15:29:59Z;670;;1265
2025-04-27T15:30:00Z;1027;;1622
2025-04-27T15:30:03Z;;435;1462
2025-04-27T15:30:09Z;1066;;1501
2025-04-27T15:30:25Z;-290;;145
2025-04-27T15:30:29Z;-337;;98
2025-04-27T15:30:32Z;-282;;153
2025-04-27T15:30:38Z;-345;;90
2025-04-27T15:30:40Z;1022;;1457
2025-04-27T15:31:04Z;-298;;137
2025-04-27T15:31:05Z;-305;;130
2025-04-27T15:31:15Z;-258;;177
2025-04-27T15:31:16Z;-294;;141
2025-04-27T15:31:18Z;-300;;135
2025-04-27T15:31:19Z;-283;;152
2025-04-27T15:31:20Z;-333;;102
2025-04-27T15:31:21Z;1135;;1570
2025-04-27T15:31:26Z;1210;;1645
2025-04-27T15:31:27Z;1198;;1633
2025-04-27T15:31:28Z;1210;;1645
2025-04-27T15:31:44Z;1259;;1694
2025-04-27T15:31:46Z;-173;;262
2025-04-27T15:31:49Z;-301;;134
2025-04-27T15:31:55Z;-282;;153
2025-04-27T15:31:58Z;-327;264;-18
2025-04-27T15:32:00Z;;376;49
2025-04-27T15:32:02Z;1179;;1555
2025-04-27T15:32:08Z;1210;;1586
2025-04-27T15:32:09Z;1170;;1546
2025-04-27T15:32:17Z;1200;;1576
2025-04-27T15:32:18Z;1168;;1544
2025-04-27T15:32:27Z;1113;;1489
2025-04-27T15:32:33Z;-297;;79
2025-04-27T15:32:38Z;-305;;71
2025-04-27T15:32:43Z;1154;;1530
2025-04-27T15:33:07Z;-307;;69
2025-04-27T15:33:15Z;-389;;-13
2025-04-27T15:33:16Z;-298;;78
2025-04-27T15:33:21Z;;167;-131
2025-04-27T15:33:23Z;;457;159
2025-04-27T15:33:24Z;1079;;1536
2025-04-27T15:34:05Z;1113;;1570
2025-04-27T15:34:29Z;-354;;103
2025-04-27T15:34:46Z;1043;;1500
2025-04-27T15:35:08Z;1006;;1463
2025-04-27T15:35:26Z;;611;1617
2025-04-27T15:35:27Z;959;;1570
2025-04-27T15:35:29Z;889;;1500
2025-04-27T15:35:32Z;945;;1556
2025-04-27T15:35:34Z;896;;1507
2025-04-27T15:35:37Z;907;;1518
2025-04-27T15:35:38Z;835;;1446
2025-04-27T15:35:51Z;763;;1374
2025-04-27T15:36:08Z;849;;1460
2025-04-27T15:36:30Z;547;;1158
2025-04-27T15:36:49Z;774;;1385
2025-04-27T15:37:11Z;-558;;53
2025-04-27T15:37:12Z;-731;;-120
2025-04-27T15:37:30Z;718;;1329
2025-04-27T15:37:50Z;723;;1334
2025-04-27T15:38:05Z;-680;;-69
2025-04-27T15:38:10Z;564;;1175
2025-04-27T15:38:11Z;892;;1503
2025-04-27T15:38:19Z;959;;1570
2025-04-27T15:38:20Z;860;;1471
2025-04-27T15:38:32Z;798;;1409
2025-04-27T15:38:46Z;-644;;-33
2025-04-27T15:38:48Z;-599;;12
2025-04-27T15:38:49Z;-603;;8
2025-04-27T15:38:51Z;825;;1436
2025-04-27T15:39:13Z;847;;1458
2025-04-27T15:39:20Z;;360;1207
2025-04-27T15:39:22Z;-553;671;1518
2025-04-27T15:39:25Z;;594;41
2025-04-27T15:39:26Z;-632;;-38
2025-04-27T15:39:27Z;;686;54
2025-04-27T15:39:29Z;-599;;87
2025-04-27T15:39:32Z;825;;1511
2025-04-27T15:45:03Z;;722;1547
2025-04-27T15:46:54Z;;453;1278
2025-04-27T15:46:56Z;;680;1505
2025-04-27T15:54:00Z;;599;1424
2025-04-27T15:54:02Z;;603;1428
2025-04-27T15:54:17Z;;599;1424
2025-04-27T15:54:19Z;;605;1430
2025-04-27T15:55:04Z;;597;1422
2025-04-27T15:55:06Z;;605;1430
2025-04-27T15:55:14Z;;598;1423
2025-04-27T15:55:17Z;;602;1427
2025-04-27T15:55:19Z;;599;1424
2025-04-27T15:55:21Z;;607;1432
2025-04-27T15:55:31Z;;598;1423
2025-04-27T15:55:33Z;;605;1430
2025-04-27T15:55:39Z;;599;1424
2025-04-27T15:55:41Z;;606;1431
2025-04-27T15:55:53Z;;599;1424
2025-04-27T15:55:56Z;;603;1428
2025-04-27T15:56:02Z;;595;1420
2025-04-27T15:56:08Z;;602;1427
2025-04-27T15:56:10Z;;595;1420
2025-04-27T15:56:14Z;;603;1428
2025-04-27T15:56:16Z;;599;1424
2025-04-27T15:56:23Z;;600;1425
2025-04-27T15:56:25Z;;599;1424
2025-04-27T15:56:53Z;;600;1425
2025-04-27T15:56:55Z;;596;1421
2025-04-27T15:58:17Z;;600;1425
2025-04-27T15:58:20Z;;575;1400
2025-04-27T15:59:56Z;;828;1653
2025-04-27T15:59:57Z;;533;1358
2025-04-27T16:00:03Z;;534;1359
2025-04-27T16:15:03Z;;357;1182
2025-04-27T16:17:02Z;;263;1088
2025-04-27T16:17:03Z;;329;1154
2025-04-27T16:19:11Z;;298;1123
2025-04-27T16:19:13Z;;303;1128
2025-04-27T16:19:39Z;;298;1123
2025-04-27T16:19:44Z;;302;1127
2025-04-27T16:19:46Z;;295;1120
2025-04-27T16:19:49Z;;303;1128
2025-04-27T16:19:53Z;;292;1117
2025-04-27T16:19:55Z;;302;1127
2025-04-27T16:19:57Z;;297;1122
2025-04-27T16:19:58Z;;300;1125
2025-04-27T16:20:03Z;;294;1119
2025-04-27T16:20:08Z;;300;1125
2025-04-27T16:20:10Z;;299;1124
2025-04-27T16:20:39Z;;360;1185
2025-04-27T16:20:43Z;;283;1108
2025-04-27T16:29:41Z;-10;;273
2025-04-27T16:30:03Z;;205;195
2025-04-27T16:30:07Z;-38;;167
2025-04-27T16:30:30Z;3;;208
2025-04-27T16:30:31Z;4;;209
2025-04-27T16:33:06Z;3;;208
2025-04-27T16:33:07Z;-52;;153
2025-04-27T16:34:41Z;16;;221
2025-04-27T16:34:43Z;5;;210
2025-04-27T16:34:48Z;9;;214
2025-04-27T16:34:54Z;15;;220
2025-04-27T16:35:13Z;7;;212
2025-04-27T16:35:58Z;0;;205
2025-04-27T16:37:56Z;3;;208
2025-04-27T16:37:59Z;-13;;192
2025-04-27T16:38:13Z;8;;213
2025-04-27T16:38:16Z;6;;211
2025-04-27T16:38:43Z;12;;217
2025-04-27T16:38:44Z;10;;215
2025-04-27T16:39:56Z;2;;207
2025-04-27T16:39:57Z;-3;;202
2025-04-27T16:40:22Z;5;;210
2025-04-27T16:40:23Z;2;;207
2025-04-27T16:40:42Z;-8;;197
2025-04-27T16:40:52Z;2;;207
2025-04-27T16:40:53Z;4;;209
2025-04-27T16:40:57Z;11;;216
2025-04-27T16:40:58Z;10;;215
2025-04-27T16:41:01Z;0;;205
2025-04-27T16:41:07Z;10;;215
2025-04-27T16:41:08Z;4;;209
2025-04-27T16:42:13Z;0;;205
2025-04-27T16:42:43Z;2;;207
2025-04-27T16:42:44Z;2;;207
2025-04-27T16:43:00Z;10;;215
2025-04-27T16:43:05Z;-17;;188
2025-04-27T16:43:22Z;2;;207
2025-04-27T16:43:24Z;-10;;195
2025-04-27T16:43:38Z;7;;212
2025-04-27T16:43:39Z;0;;205
2025-04-27T16:43:40Z;1;;206
2025-04-27T16:43:41Z;-8;;197
2025-04-27T16:44:35Z;2;;207
2025-04-27T16:44:45Z;2;;207
2025-04-27T16:45:00Z;;176;178
2025-04-27T16:45:02Z;4;;180
2025-04-27T16:45:20Z;9;;185
2025-04-27T16:45:35Z;3;;179
2025-04-27T16:45:37Z;3;;179
2025-04-27T16:45:39Z;10;;186
2025-04-27T16:45:59Z;2;;178
2025-04-27T16:46:01Z;-4;;172
2025-04-27T16:46:02Z;14;;190
2025-04-27T16:46:04Z;-14;;162
2025-04-27T16:47:27Z;2;;178
2025-04-27T16:47:28Z;3;;179
2025-04-27T16:47:33Z;9;;185
2025-04-27T16:47:56Z;0;;176
2025-04-27T16:48:08Z;0;;176
2025-04-27T16:50:21Z;9;;185
2025-04-27T16:50:36Z;-69;;107
2025-04-27T16:50:53Z;8;;184
2025-04-27T16:50:54Z;1;;177
2025-04-27T16:50:56Z;10;;186
2025-04-27T16:50:59Z;14;;190
2025-04-27T16:51:02Z;0;;176
2025-04-27T16:51:03Z;14;;190
2025-04-27T16:52:54Z;8;;184
2025-04-27T16:52:55Z;-7;;169
2025-04-27T16:53:25Z;-5;;171
2025-04-27T16:53:45Z;0;;176
2025-04-27T16:53:52Z;0;;176
2025-04-27T16:53:59Z;6;;182
2025-04-27T16:54:00Z;0;;176
2025-04-27T16:54:02Z;2;;178
2025-04-27T16:54:03Z;0;;176
2025-04-27T16:54:34Z;1;;177
2025-04-27T16:54:37Z;27;;203
2025-04-27T16:54:39Z;-1;;175
2025-04-27T16:54:40Z;9;;185
2025-04-27T16:54:44Z;0;;176
2025-04-27T16:54:48Z;3;;179
2025-04-27T16:55:16Z;9;;185
2025-04-27T16:55:22Z;9;;185
2025-04-27T16:55:25Z;8;;184
2025-04-27T16:55:27Z;1;;177
2025-04-27T16:55:36Z;4;;180
2025-04-27T16:55:46Z;-7;;169
2025-04-27T16:55:48Z;10;;186
2025-04-27T16:55:50Z;0;;176
2025-04-27T16:56:01Z;5;;181
2025-04-27T16:56:09Z;7;;183
2025-04-27T16:56:13Z;6;;182
2025-04-27T16:56:17Z;0;;176
2025-04-27T16:56:18Z;4;;180
2025-04-27T16:56:20Z;5;;181
2025-04-27T16:56:21Z;5;;181
2025-04-27T16:56:27Z;4;;180
2025-04-27T16:56:31Z;2;;178
2025-04-27T16:56:45Z;-6;;170
2025-04-27T16:56:49Z;9;;185
2025-04-27T16:57:00Z;-2;;174
2025-04-27T16:57:02Z;2;;178
2025-04-27T16:57:03Z;-2;;174
2025-04-27T16:57:05Z;12;;188
2025-04-27T16:57:19Z;-1;;175
2025-04-27T16:57:21Z;12;;188
2025-04-27T16:57:22Z;-3;;173
2025-04-27T16:57:24Z;1;;177
2025-04-27T16:57:25Z;-2;;174
2025-04-27T16:57:27Z;7;;183
2025-04-27T16:57:28Z;0;;176
2025-04-27T16:57:30Z;7;;183
2025-04-27T16:57:36Z;3;;179
2025-04-27T16:57:40Z;6;;182
2025-04-27T16:57:44Z;0;;176
2025-04-27T16:57:46Z;1;;177
2025-04-27T16:57:48Z;3;;179
2025-04-27T16:57:50Z;0;;176
2025-04-27T16:57:52Z;7;;183
2025-04-27T16:57:59Z;0;;176
2025-04-27T16:58:02Z;2;;178
2025-04-27T16:58:04Z;31;;207
2025-04-27T16:58:05Z;8;;184
2025-04-27T16:58:07Z;2;;178
2025-04-27T16:58:14Z;0;;176
2025-04-27T16:58:15Z;3;;179
2025-04-27T16:58:23Z;0;;176
2025-04-27T16:58:25Z;15;;191
2025-04-27T16:58:41Z;0;;176
2025-04-27T16:58:43Z;4;;180
2025-04-27T16:58:44Z;0;;176
2025-04-27T16:58:46Z;15;;191
2025-04-27T16:58:50Z;0;;176
2025-04-27T16:58:52Z;6;;182
2025-04-27T16:59:02Z;0;;176
2025-04-27T16:59:03Z;7;;183
2025-04-27T16:59:05Z;0;;176
2025-04-27T16:59:07Z;0;;176
2025-04-27T16:59:10Z;9;;185
2025-04-27T17:00:00Z;;147;156
2025-04-27T17:00:22Z;-1;;146
2025-04-27T17:00:23Z;2;;149
2025-04-27T17:00:25Z;0;;147
2025-04-27T17:00:26Z;1;;148
2025-04-27T17:00:33Z;-3;;144
2025-04-27T17:00:34Z;5;;152
2025-04-27T17:00:47Z;0;;147
2025-04-27T17:00:48Z;8;;155
2025-04-27T17:00:55Z;0;;147
2025-04-27T17:00:56Z;4;;151
2025-04-27T17:00:57Z;-1;;146
2025-04-27T17:00:58Z;9;;156
2025-04-27T17:01:27Z;0;;147
2025-04-27T17:01:28Z;7;;154
2025-04-27T17:01:32Z;0;;147
2025-04-27T17:01:33Z;8;;155
2025-04-27T17:11:41Z;;0;8
2025-04-27T17:11:43Z;;100;108
2025-04-27T17:11:44Z;;0;8
2025-04-27T17:11:46Z;;105;113
2025-04-27T17:15:00Z;;104;112
2025-04-27T17:15:05Z;72;;176
2025-04-27T17:22:09Z;372;;476
2025-04-27T17:22:10Z;115;;219
2025-04-27T17:22:11Z;;454;569
2025-04-27T17:22:13Z;;82;197
2025-04-27T17:24:32Z;1789;;1871
2025-04-27T17:24:33Z;1815;;1897
2025-04-27T17:24:35Z;1798;;1880
2025-04-27T17:24:36Z;1816;;1898
2025-04-27T17:24:38Z;1726;;1808
2025-04-27T17:24:58Z;1826;;1908
2025-04-27T17:24:59Z;1781;;1863
2025-04-27T17:25:09Z;1802;;1884
2025-04-27T17:25:10Z;1789;;1871
2025-04-27T17:25:16Z;1800;;1882
2025-04-27T17:25:18Z;1791;;1873
2025-04-27T17:25:30Z;1802;;1884
2025-04-27T17:25:31Z;1794;;1876
2025-04-27T17:25:37Z;1804;;1886
2025-04-27T17:25:38Z;1785;;1867
2025-04-27T17:25:41Z;1802;;1884
2025-04-27T17:25:43Z;1787;;1869
2025-04-27T17:25:46Z;1804;;1886
2025-04-27T17:25:48Z;1735;;1817
2025-04-27T17:25:53Z;1820;;1902
2025-04-27T17:25:59Z;1736;;1818
2025-04-27T17:26:04Z;1817;;1899
2025-04-27T17:26:12Z;328;;410
2025-04-27T17:26:15Z;215;;297
2025-04-27T17:26:20Z;1897;;1979
2025-04-27T17:26:28Z;1693;;1775
2025-04-27T17:27:07Z;1948;;2030
2025-04-27T17:27:11Z;1799;;1881
2025-04-27T17:27:12Z;1804;;1886
2025-04-27T17:27:14Z;1798;;1880
2025-04-27T17:27:15Z;1903;;1985
2025-04-27T17:27:25Z;1799;;1881
2025-04-27T17:30:00Z;1969;50;2051
2025-04-27T17:30:07Z;1969;;2019
2025-04-27T17:30:13Z;323;;373
2025-04-27T17:30:20Z;248;;298
2025-04-27T17:31:06Z;328;;378
2025-04-27T17:31:11Z;140;;190
2025-04-27T17:31:13Z;379;;429
2025-04-27T17:31:17Z;225;;275
2025-04-27T17:32:02Z;300;;350
2025-04-27T17:32:12Z;229;;279
2025-04-27T17:32:16Z;303;;353
2025-04-27T17:32:19Z;139;;189
2025-04-27T17:32:54Z;1681;;1731
2025-04-27T17:33:02Z;1816;;1866
2025-04-27T17:33:03Z;1793;;1843
2025-04-27T17:33:18Z;;31;1824
2025-04-27T17:33:19Z;;0;1793
2025-04-27T17:34:04Z;1824;;1824
2025-04-27T17:34:05Z;1781;;1781
2025-04-27T17:34:22Z;1834;;1834
2025-04-27T17:34:23Z;1798;;1798
2025-04-27T17:34:55Z;1788;;1788
2025-04-27T17:34:56Z;1795;;1795
2025-04-27T17:35:10Z;1826;;1826
2025-04-27T17:35:11Z;1758;;1758
2025-04-27T17:35:58Z;1807;;1807
2025-04-27T17:36:00Z;1770;;1770
2025-04-27T17:36:16Z;1812;;1812
2025-04-27T17:36:17Z;1769;;1769
2025-04-27T17:37:03Z;1821;;1821
2025-04-27T17:37:04Z;1767;;1767
2025-04-27T17:37:21Z;1835;;1835
2025-04-27T17:37:22Z;1786;;1786
2025-04-27T17:37:38Z;1811;;1811
2025-04-27T17:37:41Z;1672;;1672
2025-04-27T17:38:03Z;41;;41
2025-04-27T17:42:30Z;1817;;1817
2025-04-27T17:42:36Z;1797;;1797
2025-04-27T17:42:37Z;1802;;1802
2025-04-27T17:42:39Z;1799;;1799
2025-04-27T17:42:45Z;1820;;1820
2025-04-27T17:42:50Z;1676;;1676
2025-04-27T17:43:02Z;1800;;1800
2025-04-27T17:43:19Z;1868;;1868
2025-04-27T17:43:21Z;1791;;1791
2025-04-27T17:43:59Z;1824;;1824
2025-04-27T17:44:00Z;1664;0;1664
2025-04-27T17:44:02Z;;4;1668
2025-04-27T17:44:03Z;;414;2078
2025-04-27T17:44:05Z;;15;1679
2025-04-27T17:44:08Z;1803;;1818
2025-04-27T17:45:03Z;;12;1815
2025-04-27T17:45:07Z;26;;38
2025-04-27T17:46:33Z;1759;;1771
2025-04-27T17:47:07Z;1806;;1818
2025-04-27T17:47:10Z;55;;67
2025-04-27T17:49:50Z;;0;55
2025-04-27T17:49:51Z;;1;56
2025-04-27T17:50:02Z;;0;55
2025-04-27T17:50:03Z;;1;56
2025-04-27T17:50:05Z;;0;55
2025-04-27T17:50:09Z;;1;56
2025-04-27T17:50:11Z;;0;55
2025-04-27T17:50:14Z;;1;56
2025-04-27T17:50:15Z;;0;55
2025-04-27T17:50:17Z;;1;56
2025-04-27T17:50:19Z;;0;55
2025-04-27T17:50:21Z;;1;56
2025-04-27T17:50:23Z;;0;55
2025-04-27T18:00:03Z;;0;55
2025-04-27T18:00:17Z;74;;74
2025-04-27T18:00:54Z;363;;363
2025-04-27T18:00:56Z;208;;208
2025-04-27T18:02:21Z;405;;405
2025-04-27T18:03:37Z;360;;360
2025-04-27T18:03:38Z;194;;194
2025-04-27T18:04:24Z;413;;413
2025-04-27T18:04:25Z;194;;194
2025-04-27T18:15:03Z;;0;194
2025-04-27T18:15:19Z;473;;473
2025-04-27T18:15:21Z;253;;253
2025-04-27T18:16:44Z;333;;333
2025-04-27T18:16:47Z;189;;189
2025-04-27T18:17:50Z;324;;324
2025-04-27T18:17:53Z;188;;188
2025-04-27T18:18:38Z;1651;;1651
2025-04-27T18:18:40Z;331;;331
2025-04-27T18:21:34Z;167;;167
2025-04-27T18:22:31Z;381;;381
2025-04-27T18:22:32Z;223;;223
2025-04-27T18:24:00Z;303;;303
2025-04-27T18:24:15Z;337;;337
2025-04-27T18:24:16Z;272;;272
2025-04-27T18:24:28Z;339;;339
2025-04-27T18:24:29Z;297;;297
2025-04-27T18:24:31Z;309;;309
2025-04-27T18:24:34Z;290;;290
2025-04-27T18:24:36Z;314;;314
2025-04-27T18:24:42Z;323;;323
2025-04-27T18:24:51Z;180;;180
2025-04-27T18:24:57Z;344;;344
2025-04-27T18:25:04Z;161;;161
2025-04-27T18:25:11Z;319;;319
2025-04-27T18:25:18Z;166;;166
2025-04-27T18:25:24Z;309;;309
2025-04-27T18:25:34Z;158;;158
2025-04-27T18:25:40Z;327;;327
2025-04-27T18:25:47Z;159;;159
2025-04-27T18:25:53Z;335;;335
2025-04-27T18:26:03Z;161;;161
2025-04-27T18:26:08Z;369;;369
2025-04-27T18:26:16Z;165;;165
2025-04-27T18:26:31Z;159;;159
2025-04-27T18:27:25Z;349;;349
2025-04-27T18:28:19Z;497;;497
2025-04-27T18:28:20Z;668;;668
2025-04-27T18:28:22Z;296;;296
2025-04-27T18:29:26Z;441;;441
2025-04-27T18:29:28Z;632;;632
2025-04-27T18:30:03Z;;0;632
2025-04-27T18:30:25Z;459;;459
2025-04-27T18:30:28Z;288;;288
2025-04-27T18:30:30Z;302;;302
2025-04-27T18:30:31Z;284;;284
2025-04-27T18:30:35Z;302;;302
2025-04-27T18:30:37Z;297;;297
2025-04-27T18:30:43Z;295;;295
2025-04-27T18:30:55Z;302;;302
2025-04-27T18:31:37Z;298;;298
2025-04-27T18:31:38Z;300;;300
2025-04-27T18:31:44Z;174;;174
2025-04-27T18:34:25Z;218;;218
2025-04-27T18:34:56Z;377;;377
2025-04-27T18:34:59Z;291;;291
2025-04-27T18:35:18Z;306;;306
2025-04-27T18:38:30Z;296;;296
2025-04-27T18:39:06Z;302;;302
2025-04-27T18:42:39Z;61;;61
2025-04-27T18:44:41Z;88;;88
2025-04-27T18:44:43Z;44;;44
2025-04-27T18:45:03Z;;0;44
2025-04-27T18:45:09Z;44;;44
2025-04-27T19:00:04Z;;0;44
2025-04-27T19:04:26Z;310;;310
2025-04-27T19:04:28Z;256;;256
2025-04-27T19:05:21Z;318;;318
2025-04-27T19:05:23Z;256;;256
2025-04-27T19:12:35Z;543;;543
2025-04-27T19:12:36Z;138;;138
2025-04-27T19:14:32Z;1743;;1743
2025-04-27T19:15:02Z;;0;1743
2025-04-27T19:15:07Z;1602;;1602
2025-04-27T19:17:16Z;1493;;1493
2025-04-27T19:17:19Z;1563;;1563
2025-04-27T19:17:27Z;1462;;1462
2025-04-27T19:17:28Z;1544;;1544
2025-04-27T19:17:35Z;1494;;1494
2025-04-27T19:17:37Z;1549;;1549
2025-04-27T19:17:43Z;1460;;1460
2025-04-27T19:17:46Z;1529;;1529
2025-04-27T19:17:52Z;1461;;1461
2025-04-27T19:17:55Z;1531;;1531
2025-04-27T19:19:00Z;1494;;1494
2025-04-27T19:19:01Z;1574;;1574
2025-04-27T19:19:32Z;1495;;1495
2025-04-27T19:19:34Z;1504;;1504
2025-04-27T19:21:16Z;1496;;1496
2025-04-27T19:21:23Z;1500;;1500
2025-04-27T19:21:25Z;1498;;1498
2025-04-27T19:21:48Z;1498;;1498
2025-04-27T19:21:50Z;1502;;1502
2025-04-27T19:21:57Z;200;;200
2025-04-27T19:22:01Z;1638;;1638
2025-04-27T19:22:33Z;243;;243
2025-04-27T19:22:43Z;1632;;1632
2025-04-27T19:23:23Z;1550;;1550
2025-04-27T19:23:49Z;692;;692
2025-04-27T19:23:50Z;249;;249
2025-04-27T19:24:05Z;1226;;1226
2025-04-27T19:24:06Z;1592;;1592
2025-04-27T19:24:32Z;253;;253
2025-04-27T19:24:44Z;1668;;1668
2025-04-27T19:25:15Z;214;;214
2025-04-27T19:25:26Z;1643;;1643
2025-04-27T19:25:58Z;272;;272
2025-04-27T19:26:04Z;325;;325
2025-04-27T19:26:05Z;273;;273
2025-04-27T19:26:06Z;1622;;1622
2025-04-27T19:26:39Z;213;;213
2025-04-27T19:26:48Z;1626;;1626
2025-04-27T19:27:12Z;1801;;1801
2025-04-27T19:27:14Z;1640;;1640
2025-04-27T19:27:22Z;211;;211
2025-04-27T19:27:28Z;1584;;1584
2025-04-27T19:28:02Z;262;;262
2025-04-27T19:28:09Z;1681;;1681
2025-04-27T19:28:41Z;256;;256
2025-04-27T19:28:50Z;1592;;1592
2025-04-27T19:29:21Z;210;;210
2025-04-27T19:29:31Z;1636;;1636
2025-04-27T19:29:52Z;221;;221
2025-04-27T19:29:54Z;304;;304
2025-04-27T19:30:02Z;;0;304
2025-04-27T19:30:07Z;181;;181
2025-04-27T19:30:33Z;1693;;1693
2025-04-27T19:30:34Z;1313;;1313
2025-04-27T19:30:35Z;264;;264
2025-04-27T19:30:59Z;391;;391
2025-04-27T19:31:01Z;264;;264
2025-04-27T19:31:07Z;1713;;1713
2025-04-27T19:31:09Z;354;;354
2025-04-27T19:31:15Z;1813;;1813
2025-04-27T19:31:16Z;1795;;1795
2025-04-27T19:31:22Z;1818;;1818
2025-04-27T19:31:23Z;1792;;1792
2025-04-27T19:31:26Z;384;;384
2025-04-27T19:31:56Z;1816;;1816
2025-04-27T19:31:57Z;1762;;1762
2025-04-27T19:31:58Z;1810;;1810
2025-04-27T19:32:00Z;1797;;1797
2025-04-27T19:32:01Z;1808;;1808
2025-04-27T19:32:04Z;1747;;1747
2025-04-27T19:32:08Z;1834;;1834
2025-04-27T19:32:09Z;1786;;1786
2025-04-27T19:33:16Z;1812;;1812
2025-04-27T19:33:18Z;1757;;1757
2025-04-27T19:34:23Z;1836;;1836
2025-04-27T19:34:25Z;1790;;1790
2025-04-27T19:34:34Z;314;;314
2025-04-27T19:34:39Z;1762;;1762
2025-04-27T19:35:12Z;299;;299
2025-04-27T19:35:13Z;322;;322
2025-04-27T19:35:19Z;1697;;1697
2025-04-27T19:35:31Z;1916;;1916
2025-04-27T19:35:34Z;1757;;1757
2025-04-27T19:35:42Z;378;;378
2025-04-27T19:35:59Z;1241;;1241
2025-04-27T19:36:00Z;1708;;1708
2025-04-27T19:36:18Z;309;;309
2025-04-27T19:39:08Z;623;;623
2025-04-27T19:43:07Z;318;;318
2025-04-27T19:43:21Z;292;;292
2025-04-27T19:45:03Z;;0;292
2025-04-27T19:45:07Z;320;;320
2025-04-27T19:46:53Z;290;;290
2025-04-27T19:46:55Z;304;;304
2025-04-27T19:47:03Z;280;;280
2025-04-27T19:47:05Z;1664;;1664
2025-04-27T19:47:06Z;1851;;1851
2025-04-27T19:47:13Z;1770;;1770
2025-04-27T19:47:19Z;1845;;1845
2025-04-27T19:47:26Z;1765;;1765
2025-04-27T19:47:29Z;1825;;1825
2025-04-27T19:47:35Z;1766;;1766
2025-04-27T19:47:38Z;1858;;1858
2025-04-27T19:47:43Z;1757;;1757
2025-04-27T19:47:46Z;1811;;1811
2025-04-27T19:47:47Z;1797;;1797
2025-04-27T19:47:55Z;1802;;1802
2025-04-27T19:47:56Z;1793;;1793
2025-04-27T19:48:37Z;1806;;1806
2025-04-27T19:49:44Z;1810;;1810
2025-04-27T19:49:45Z;1775;;1775
2025-04-27T19:51:44Z;249;;249
2025-04-27T19:51:51Z;329;;329
2025-04-27T19:51:53Z;1647;;1647
2025-04-27T19:52:14Z;243;;243
2025-04-27T19:52:32Z;1417;;1417
2025-04-27T19:52:33Z;1616;;1616
2025-04-27T19:53:13Z;1653;;1653
2025-04-27T19:53:28Z;248;;248
2025-04-27T19:53:53Z;397;;397
2025-04-27T19:53:55Z;1701;;1701
2025-04-27T19:54:13Z;229;;229
2025-04-27T19:54:35Z;1682;;1682
2025-04-27T19:54:56Z;235;;235
2025-04-27T19:55:02Z;352;;352
2025-04-27T19:55:03Z;274;;274
2025-04-27T19:55:17Z;1684;;1684
2025-04-27T19:55:41Z;208;;208
2025-04-27T19:55:57Z;1636;;1636
2025-04-27T19:56:28Z;256;;256
2025-04-27T19:56:38Z;1628;;1628
2025-04-27T19:57:11Z;237;;237
2025-04-27T19:57:18Z;310;;310
2025-04-27T19:57:19Z;1675;;1675
2025-04-27T19:57:50Z;268;;268
2025-04-27T19:58:01Z;1658;;1658
2025-04-27T19:58:29Z;242;;242
2025-04-27T19:58:41Z;1676;;1676
2025-04-27T19:59:07Z;241;;241
2025-04-27T19:59:22Z;1635;;1635
2025-04-27T19:59:46Z;191;;191
2025-04-27T20:00:03Z;1626;0;191
2025-04-27T20:00:26Z;1038;;1038
2025-04-27T20:00:27Z;252;;252
2025-04-27T20:00:42Z;300;;300
2025-04-27T20:00:43Z;266;;266
2025-04-27T20:00:45Z;1685;;1685
2025-04-27T20:01:06Z;318;;318
2025-04-27T20:01:07Z;234;;234
2025-04-27T20:01:26Z;305;;305
2025-04-27T20:01:27Z;1672;;1672
2025-04-27T20:01:47Z;218;;218
2025-04-27T20:02:05Z;1427;;1427
2025-04-27T20:02:06Z;1676;;1676
2025-04-27T20:02:28Z;209;;209
2025-04-27T20:02:46Z;1611;;1611
2025-04-27T20:03:11Z;201;;201
2025-04-27T20:03:28Z;1633;;1633
2025-04-27T20:03:51Z;251;;251
2025-04-27T20:03:57Z;311;;311
2025-04-27T20:03:58Z;273;;273
2025-04-27T20:04:09Z;1690;;1690
2025-04-27T20:04:33Z;251;;251
2025-04-27T20:04:49Z;1680;;1680
2025-04-27T20:05:16Z;275;;275
2025-04-27T20:05:30Z;1667;;1667
2025-04-27T20:05:55Z;273;;273
2025-04-27T20:06:11Z;1664;;1664
2025-04-27T20:06:36Z;1808;;1808
2025-04-27T20:06:52Z;1656;;1656
2025-04-27T20:07:17Z;268;;268
2025-04-27T20:07:34Z;1703;;1703
2025-04-27T20:07:43Z;1834;;1834
2025-04-27T20:07:44Z;1701;;1701
2025-04-27T20:07:59Z;275;;275
2025-04-27T20:08:02Z;307;;307
2025-04-27T20:08:05Z;284;;284
2025-04-27T20:08:12Z;315;;315
2025-04-27T20:08:14Z;1709;;1709
2025-04-27T20:08:39Z;294;;294
2025-04-27T20:08:51Z;318;;318
2025-04-27T20:08:52Z;295;;295
2025-04-27T20:08:56Z;1706;;1706
2025-04-27T20:09:18Z;231;;231
2025-04-27T20:09:19Z;312;;312
2025-04-27T20:09:21Z;268;;268
2025-04-27T20:09:28Z;306;;306
2025-04-27T20:09:29Z;285;;285
2025-04-27T20:09:38Z;1676;;1676
2025-04-27T20:09:58Z;864;;864
2025-04-27T20:10:00Z;230;;230
2025-04-27T20:10:02Z;277;;277
2025-04-27T20:10:09Z;314;;314
2025-04-27T20:10:11Z;297;;297
2025-04-27T20:10:19Z;1662;;1662
2025-04-27T20:10:39Z;347;;347
2025-04-27T20:10:41Z;284;;284
2025-04-27T20:10:48Z;283;;283
2025-04-27T20:10:58Z;504;;504
2025-04-27T20:11:20Z;290;;290
2025-04-27T20:11:26Z;316;;316
2025-04-27T20:11:28Z;287;;287
2025-04-27T20:11:35Z;317;;317
2025-04-27T20:11:36Z;280;;280
2025-04-27T20:11:38Z;1520;;1520
2025-04-27T20:12:02Z;253;;253
2025-04-27T20:12:16Z;396;;396
2025-04-27T20:12:20Z;1681;;1681
2025-04-27T20:12:43Z;310;;310
2025-04-27T20:12:45Z;279;;279
2025-04-27T20:13:00Z;1623;;1623
2025-04-27T20:13:23Z;1813;;1813
2025-04-27T20:13:24Z;271;;271
2025-04-27T20:13:43Z;1601;;1601
2025-04-27T20:14:05Z;249;;249
2025-04-27T20:14:22Z;1653;;1653
2025-04-27T20:14:48Z;192;;192
2025-04-27T20:14:59Z;317;;317
2025-04-27T20:15:00Z;276;;276
2025-04-27T20:15:02Z;;0;276
2025-04-27T20:15:03Z;1685;;1685
2025-04-27T20:15:27Z;308;;308
2025-04-27T20:15:28Z;287;;287
2025-04-27T20:15:40Z;311;;311
2025-04-27T20:15:42Z;280;;280
2025-04-27T20:15:44Z;1670;;1670
2025-04-27T20:16:08Z;281;;281
2025-04-27T20:16:30Z;307;;307
2025-04-27T20:16:33Z;295;;295
2025-04-27T20:16:36Z;1649;;1649
2025-04-27T20:16:49Z;283;;283
2025-04-27T20:16:58Z;316;;316
2025-04-27T20:17:06Z;1688;;1688
2025-04-27T20:17:30Z;240;;240
2025-04-27T20:17:48Z;1667;;1667
2025-04-27T20:18:11Z;236;;236
2025-04-27T20:18:14Z;305;;305
2025-04-27T20:18:15Z;272;;272
2025-04-27T20:18:17Z;309;;309
2025-04-27T20:18:18Z;295;;295
2025-04-27T20:18:29Z;1679;;1679
2025-04-27T20:18:51Z;1344;;1344
2025-04-27T20:18:52Z;292;;292
2025-04-27T20:19:04Z;317;;317
2025-04-27T20:19:06Z;292;;292
2025-04-27T20:19:08Z;291;;291
2025-04-27T20:19:09Z;1682;;1682
2025-04-27T20:19:32Z;421;;421
2025-04-27T20:19:34Z;282;;282
2025-04-27T20:19:42Z;302;;302
2025-04-27T20:19:43Z;276;;276
2025-04-27T20:19:49Z;520;;520
2025-04-27T20:19:50Z;1655;;1655
2025-04-27T20:20:16Z;284;;284
2025-04-27T20:20:22Z;319;;319
2025-04-27T20:20:25Z;300;;300
2025-04-27T20:20:32Z;1441;;1441
2025-04-27T20:20:33Z;1646;;1646
2025-04-27T20:20:54Z;228;;228
2025-04-27T20:21:11Z;1616;;1616
2025-04-27T20:21:35Z;228;;228
2025-04-27T20:21:52Z;1619;;1619
2025-04-27T20:22:17Z;286;;286
2025-04-27T20:22:29Z;313;;313
2025-04-27T20:22:33Z;1628;;1628
2025-04-27T20:22:58Z;281;;281
2025-04-27T20:23:14Z;1639;;1639
2025-04-27T20:23:39Z;276;;276
2025-04-27T20:23:58Z;403;;403
2025-04-27T20:23:59Z;229;;229
2025-04-27T20:25:05Z;318;;318
2025-04-27T20:25:18Z;1668;;1668
2025-04-27T20:25:22Z;289;;289
2025-04-27T20:25:44Z;300;;300
2025-04-27T20:25:45Z;284;;284
2025-04-27T20:26:00Z;1640;;1640
2025-04-27T20:26:08Z;246;;246
2025-04-27T20:26:13Z;321;;321
2025-04-27T20:26:14Z;289;;289
2025-04-27T20:26:29Z;301;;301
2025-04-27T20:26:30Z;291;;291
2025-04-27T20:26:41Z;1673;;1673
2025-04-27T20:26:55Z;277;;277
2025-04-27T20:27:20Z;1700;;1700
2025-04-27T20:27:42Z;238;;238
2025-04-27T20:28:01Z;1621;;1621
2025-04-27T20:28:16Z;1595;;1595
2025-04-27T20:28:17Z;1589;;1589
2025-04-27T20:28:26Z;223;;223
2025-04-27T20:28:29Z;316;;316
2025-04-27T20:28:32Z;307;;307
2025-04-27T20:28:34Z;295;;295
2025-04-27T20:28:35Z;306;;306
2025-04-27T20:28:36Z;249;;249
2025-04-27T20:28:42Z;1639;;1639
2025-04-27T20:29:07Z;240;;240
2025-04-27T20:29:18Z;318;;318
2025-04-27T20:29:19Z;289;;289
2025-04-27T20:29:23Z;1591;;1591
2025-04-27T20:29:47Z;237;;237
2025-04-27T20:30:02Z;;0;237
2025-04-27T20:30:04Z;1609;;1609
2025-04-27T20:30:07Z;280;;280
2025-04-27T20:30:25Z;1368;;1368
2025-04-27T20:30:27Z;305;;305
2025-04-27T20:30:35Z;329;;329
2025-04-27T20:30:37Z;286;;286
2025-04-27T20:30:40Z;301;;301
2025-04-27T20:30:41Z;242;;242
2025-04-27T20:30:45Z;305;;305
2025-04-27T20:30:46Z;1661;;1661
2025-04-27T20:31:07Z;268;;268
2025-04-27T20:31:26Z;1649;;1649
2025-04-27T20:31:44Z;325;;325
2025-04-27T20:32:08Z;394;;394
2025-04-27T20:32:09Z;232;;232
2025-04-27T20:32:19Z;301;;301
2025-04-27T20:32:20Z;289;;289
2025-04-27T20:32:38Z;304;;304
2025-04-27T20:32:40Z;294;;294
2025-04-27T20:32:48Z;1690;;1690
2025-04-27T20:32:49Z;279;;279
2025-04-27T20:32:57Z;323;;323
2025-04-27T20:33:05Z;318;;318
2025-04-27T20:33:06Z;286;;286
2025-04-27T20:33:14Z;308;;308
2025-04-27T20:33:16Z;289;;289
2025-04-27T20:33:28Z;694;;694
2025-04-27T20:33:35Z;237;;237
2025-04-27T20:33:38Z;308;;308
2025-04-27T20:33:41Z;294;;294
2025-04-27T20:33:55Z;303;;303
2025-04-27T20:33:56Z;294;;294
2025-04-27T20:34:04Z;310;;310
2025-04-27T20:34:06Z;280;;280
2025-04-27T20:34:08Z;1616;;1616
2025-04-27T20:34:20Z;242;;242
2025-04-27T20:34:23Z;303;;303
2025-04-27T20:34:25Z;301;;301
2025-04-27T20:34:26Z;292;;292
2025-04-27T20:34:41Z;310;;310
2025-04-27T20:34:42Z;293;;293
2025-04-27T20:34:45Z;304;;304
2025-04-27T20:34:46Z;295;;295
2025-04-27T20:34:49Z;1712;;1712
2025-04-27T20:35:05Z;283;;283
2025-04-27T20:35:12Z;300;;300
2025-04-27T20:35:13Z;275;;275
2025-04-27T20:35:21Z;304;;304
2025-04-27T20:35:23Z;277;;277
2025-04-27T20:35:31Z;1734;;1734
2025-04-27T20:35:51Z;225;;225
2025-04-27T20:36:11Z;1740;;1740
2025-04-27T20:36:33Z;287;;287
2025-04-27T20:36:42Z;307;;307
2025-04-27T20:36:43Z;299;;299
2025-04-27T20:36:54Z;1701;;1701
2025-04-27T20:37:15Z;264;;264
2025-04-27T20:37:20Z;318;;318
2025-04-27T20:37:28Z;324;;324
2025-04-27T20:37:30Z;267;;267
2025-04-27T20:37:33Z;1723;;1723
2025-04-27T20:37:55Z;219;;219
2025-04-27T20:37:59Z;303;;303
2025-04-27T20:38:00Z;287;;287
2025-04-27T20:38:11Z;302;;302
2025-04-27T20:38:12Z;286;;286
2025-04-27T20:38:14Z;1673;;1673
2025-04-27T20:38:35Z;239;;239
2025-04-27T20:38:36Z;314;;314
2025-04-27T20:38:37Z;283;;283
2025-04-27T20:38:46Z;316;;316
2025-04-27T20:38:47Z;293;;293
2025-04-27T20:38:54Z;310;;310
2025-04-27T20:38:55Z;1692;;1692
2025-04-27T20:39:07Z;1864;;1864
2025-04-27T20:39:08Z;1686;;1686
2025-04-27T20:39:12Z;271;;271
2025-04-27T20:39:17Z;318;;318
2025-04-27T20:39:18Z;280;;280
2025-04-27T20:39:37Z;315;;315
2025-04-27T20:39:38Z;1694;;1694
2025-04-27T20:39:50Z;858;;858
2025-04-27T20:39:52Z;247;;247
2025-04-27T20:40:08Z;301;;301
2025-04-27T20:40:09Z;280;;280
2025-04-27T20:40:15Z;396;;396
2025-04-27T20:40:18Z;236;;236
2025-04-27T20:40:19Z;301;;301
2025-04-27T20:40:20Z;292;;292
2025-04-27T20:40:30Z;463;;463
2025-04-27T20:40:31Z;295;;295
2025-04-27T20:40:50Z;303;;303
2025-04-27T20:40:51Z;285;;285
2025-04-27T20:40:58Z;311;;311
2025-04-27T20:40:59Z;295;;295
2025-04-27T20:41:07Z;323;;323
2025-04-27T20:41:09Z;278;;278
2025-04-27T20:41:16Z;301;;301
2025-04-27T20:41:17Z;272;;272
2025-04-27T20:41:40Z;343;;343
2025-04-27T20:41:41Z;284;;284
2025-04-27T20:41:58Z;330;;330
2025-04-27T20:41:59Z;314;;314
2025-04-27T20:42:02Z;298;;298
2025-04-27T20:42:06Z;326;;326
2025-04-27T20:42:08Z;295;;295
2025-04-27T20:42:10Z;286;;286
2025-04-27T20:42:25Z;326;;326
2025-04-27T20:43:06Z;325;;325
2025-04-27T20:43:14Z;317;;317
2025-04-27T20:43:15Z;287;;287
2025-04-27T20:43:24Z;301;;301
2025-04-27T20:43:25Z;282;;282
2025-04-27T20:43:32Z;313;;313
2025-04-27T20:43:33Z;297;;297
2025-04-27T20:43:42Z;304;;304
2025-04-27T20:43:43Z;278;;278
2025-04-27T20:43:44Z;303;;303
2025-04-27T20:43:46Z;286;;286
2025-04-27T20:43:55Z;302;;302
2025-04-27T20:43:56Z;284;;284
2025-04-27T20:44:05Z;315;;315
2025-04-27T20:44:07Z;290;;290
2025-04-27T20:44:08Z;411;;411
2025-04-27T20:45:02Z;;0;411
2025-04-27T20:45:07Z;359;;359
2025-04-27T20:51:49Z;297;;297
2025-04-27T20:51:51Z;349;;349
2025-04-27T20:51:55Z;295;;295
2025-04-27T20:51:56Z;387;;387
2025-04-27T20:52:34Z;284;;284
2025-04-27T20:52:36Z;316;;316
2025-04-27T20:54:01Z;297;;297
2025-04-27T20:54:03Z;315;;315
2025-04-27T20:54:09Z;279;;279
2025-04-27T20:54:10Z;308;;308
2025-04-27T20:54:12Z;295;;295
2025-04-27T20:54:23Z;295;;295
2025-04-27T20:54:25Z;302;;302
2025-04-27T20:54:26Z;297;;297
2025-04-27T20:54:30Z;301;;301
2025-04-27T20:54:34Z;308;;308
2025-04-27T20:54:36Z;290;;290
2025-04-27T20:55:03Z;303;;303
2025-04-27T20:55:04Z;220;;220
2025-04-27T20:55:11Z;306;;306
2025-04-27T20:55:17Z;293;;293
2025-04-27T20:55:22Z;315;;315
2025-04-27T20:55:45Z;1956;;1956
2025-04-27T20:57:11Z;333;;333
2025-04-27T20:57:12Z;241;;241
2025-04-27T20:57:43Z;331;;331
2025-04-27T20:57:48Z;251;;251
2025-04-27T20:57:50Z;312;;312
2025-04-27T20:57:52Z;299;;299
2025-04-27T20:58:20Z;301;;301
2025-04-27T20:58:31Z;299;;299
2025-04-27T20:58:33Z;307;;307
2025-04-27T20:58:36Z;297;;297
2025-04-27T20:58:37Z;301;;301
2025-04-27T20:58:39Z;297;;297
2025-04-27T20:58:40Z;306;;306
2025-04-27T21:00:02Z;;0;306
2025-04-27T21:00:09Z;338;;338
2025-04-27T21:01:54Z;296;;296
2025-04-27T21:02:00Z;297;;297
2025-04-27T21:02:01Z;302;;302
2025-04-27T21:02:02Z;297;;297
2025-04-27T21:02:06Z;300;;300
2025-04-27T21:02:55Z;299;;299
2025-04-27T21:02:57Z;305;;305
2025-04-27T21:02:58Z;298;;298
2025-04-27T21:03:09Z;302;;302
2025-04-27T21:03:10Z;296;;296
2025-04-27T21:03:15Z;302;;302
2025-04-27T21:03:17Z;303;;303
2025-04-27T21:03:18Z;297;;297
2025-04-27T21:03:25Z;302;;302
2025-04-27T21:03:27Z;301;;301
2025-04-27T21:03:28Z;299;;299
2025-04-27T21:03:32Z;302;;302
2025-04-27T21:03:38Z;303;;303
2025-04-27T21:03:39Z;297;;297
2025-04-27T21:03:41Z;313;;313
2025-04-27T21:03:53Z;298;;298
2025-04-27T21:03:55Z;306;;306
2025-04-27T21:03:58Z;299;;299
2025-04-27T21:03:59Z;302;;302
2025-04-27T21:04:01Z;299;;299
2025-04-27T21:04:03Z;305;;305
2025-04-27T21:04:05Z;300;;300
2025-04-27T21:04:06Z;295;;295
2025-04-27T21:04:08Z;300;;300
2025-04-27T21:04:42Z;299;;299
2025-04-27T21:04:44Z;304;;304
2025-04-27T21:04:45Z;299;;299
2025-04-27T21:04:47Z;300;;300
2025-04-27T21:04:48Z;299;;299
2025-04-27T21:04:52Z;303;;303
2025-04-27T21:04:55Z;306;;306
2025-04-27T21:04:59Z;299;;299
2025-04-27T21:05:02Z;303;;303
2025-04-27T21:05:05Z;295;;295
2025-04-27T21:05:08Z;304;;304
2025-04-27T21:05:10Z;300;;300
2025-04-27T21:05:15Z;293;;293
2025-04-27T21:05:19Z;300;;300
2025-04-27T21:05:26Z;298;;298
2025-04-27T21:05:28Z;303;;303
2025-04-27T21:05:54Z;299;;299
2025-04-27T21:05:55Z;302;;302
2025-04-27T21:05:58Z;299;;299
2025-04-27T21:05:59Z;302;;302
2025-04-27T21:06:06Z;297;;297
2025-04-27T21:06:07Z;300;;300
2025-04-27T21:06:08Z;294;;294
2025-04-27T21:06:09Z;300;;300
2025-04-27T21:06:11Z;298;;298
2025-04-27T21:06:12Z;301;;301
2025-04-27T21:06:22Z;298;;298
2025-04-27T21:06:24Z;300;;300
2025-04-27T21:06:28Z;299;;299
2025-04-27T21:06:29Z;328;;328
2025-04-27T21:07:09Z;299;;299
2025-04-27T21:07:10Z;300;;300
2025-04-27T21:07:24Z;296;;296
2025-04-27T21:07:25Z;304;;304
2025-04-27T21:07:26Z;299;;299
2025-04-27T21:15:02Z;;0;299
2025-04-27T21:15:07Z;176;;176
2025-04-27T21:30:02Z;;0;176
2025-04-27T21:45:02Z;;0;176
2025-04-27T21:45:07Z;176;;176
2025-04-27T22:00:02Z;;0;176
2025-04-27T22:00:07Z;50;;50
2025-04-27T22:04:34Z;1124;;1124
2025-04-27T22:15:02Z;;0;1124
2025-04-27T22:15:07Z;162;;162
2025-04-27T22:30:02Z;;0;162
2025-04-27T22:30:07Z;47;;47
2025-04-27T22:45:02Z;;0;47
2025-04-27T22:45:07Z;48;;48
2025-04-27T23:00:02Z;;0;48
2025-04-27T23:15:02Z;;0;48
2025-04-27T23:15:07Z;48;;48
2025-04-27T23:20:19Z;1546;;1546
2025-04-27T23:20:21Z;189;;189
2025-04-27T23:30:02Z;;0;189
2025-04-27T23:30:07Z;162;;162
2025-04-27T23:45:02Z;;0;162