timestamp;P_ex;P_pr;P_load
2025-08-18T00:00:06Z;;0;74
2025-08-18T00:00:35Z;49;;49
2025-08-18T00:02:24Z;1999;;1999
2025-08-18T00:02:26Z;205;;205
2025-08-18T00:15:07Z;;0;205
2025-08-18T00:15:35Z;177;;177
2025-08-18T00:30:06Z;;0;177
2025-08-18T00:30:28Z;167;;167
2025-08-18T00:45:06Z;;0;167
2025-08-18T00:45:28Z;43;;43
2025-08-18T00:47:26Z;43;;43
2025-08-18T00:47:27Z;43;;43
2025-08-18T01:00:06Z;;0;43
2025-08-18T01:00:28Z;49;;49
2025-08-18T01:15:06Z;;0;49
2025-08-18T01:15:28Z;44;;44
2025-08-18T01:18:46Z;1431;;1431
2025-08-18T01:18:47Z;188;;188
2025-08-18T01:30:06Z;;0;188
2025-08-18T01:30:28Z;172;;172
2025-08-18T01:45:06Z;;0;172
2025-08-18T01:45:28Z;168;;168
2025-08-18T02:00:06Z;;0;168
2025-08-18T02:00:28Z;43;;43
2025-08-18T02:15:06Z;;0;43
2025-08-18T02:15:28Z;43;;43
2025-08-18T02:29:52Z;1338;;1338
2025-08-18T02:29:54Z;193;;193
2025-08-18T02:30:06Z;;0;193
2025-08-18T02:30:29Z;172;;172
2025-08-18T02:45:06Z;;0;172
2025-08-18T02:45:28Z;175;;175
2025-08-18T03:00:06Z;;0;175
2025-08-18T03:00:28Z;166;;166
2025-08-18T03:15:06Z;;0;166
2025-08-18T03:15:28Z;43;;43
2025-08-18T03:30:06Z;;0;43
2025-08-18T03:30:28Z;43;;43
2025-08-18T03:44:44Z;1505;;1505
2025-08-18T03:44:46Z;192;;192
2025-08-18T03:45:06Z;;0;192
2025-08-18T03:45:28Z;174;;174
2025-08-18T04:00:06Z;;0;174
2025-08-18T04:00:28Z;168;;168
2025-08-18T04:15:06Z;;0;168
2025-08-18T04:15:28Z;43;;43
2025-08-18T04:20:17Z;;5;48
2025-08-18T04:20:19Z;;0;43
2025-08-18T04:20:21Z;;13;56
2025-08-18T04:20:23Z;;0;43
2025-08-18T04:21:03Z;;1;44
2025-08-18T04:21:07Z;;0;43
2025-08-18T04:21:09Z;;1;44
2025-08-18T04:25:24Z;;0;43
2025-08-18T04:25:27Z;;5;48
2025-08-18T04:30:06Z;;26;69
2025-08-18T04:30:28Z;15;;41
2025-08-18T04:33:23Z;0;;26
2025-08-18T04:33:25Z;1;;27
2025-08-18T04:33:28Z;0;;26
2025-08-18T04:33:30Z;1;;27
2025-08-18T04:33:31Z;0;;26
2025-08-18T04:33:32Z;0;;26
2025-08-18T04:33:35Z;27;;53
2025-08-18T04:33:38Z;0;;26
2025-08-18T04:33:41Z;0;;26
2025-08-18T04:33:47Z;3;;29
2025-08-18T04:33:49Z;0;;26
2025-08-18T04:33:51Z;0;;26
2025-08-18T04:33:59Z;4;;30
2025-08-18T04:34:00Z;3;;29
2025-08-18T04:34:08Z;2;;28
2025-08-18T04:34:10Z;0;;26
2025-08-18T04:34:20Z;2;;28
2025-08-18T04:34:40Z;4;;30
2025-08-18T04:34:42Z;0;;26
2025-08-18T04:34:43Z;0;;26
2025-08-18T04:34:52Z;0;;26
2025-08-18T04:35:03Z;0;;26
2025-08-18T04:35:25Z;0;;26
2025-08-18T04:35:38Z;0;;26
2025-08-18T04:35:40Z;;370;370
2025-08-18T04:35:42Z;;48;48
2025-08-18T04:35:43Z;21;;69
2025-08-18T04:35:45Z;-7;;41
2025-08-18T04:36:39Z;10;;58
2025-08-18T04:36:41Z;-5;;43
2025-08-18T04:37:44Z;1;;49
2025-08-18T04:40:48Z;0;;48
2025-08-18T04:45:06Z;;80;80
2025-08-18T04:45:28Z;-42;;38
2025-08-18T04:45:49Z;443;;523
2025-08-18T04:45:51Z;63;;143
2025-08-18T04:56:01Z;;509;572
2025-08-18T04:56:03Z;;143;206
2025-08-18T04:58:14Z;1294;;1437
2025-08-18T04:58:16Z;0;;143
2025-08-18T04:58:17Z;-21;;122
2025-08-18T05:00:06Z;;187;166
2025-08-18T05:00:28Z;-14;;173
2025-08-18T05:00:45Z;86;;273
2025-08-18T05:01:11Z;16;;203
2025-08-18T05:02:29Z;-2;;185
2025-08-18T05:03:12Z;8;;195
2025-08-18T05:05:17Z;5;;192
2025-08-18T05:05:19Z;-14;;173
2025-08-18T05:08:04Z;1;;188
2025-08-18T05:08:05Z;-4;;183
2025-08-18T05:08:11Z;0;;187
2025-08-18T05:08:13Z;4;;191
2025-08-18T05:08:20Z;0;;187
2025-08-18T05:08:22Z;3;;190
2025-08-18T05:09:22Z;0;;187
2025-08-18T05:09:24Z;10;;197
2025-08-18T05:12:10Z;0;;187
2025-08-18T05:12:12Z;4;;191
2025-08-18T05:12:15Z;0;;187
2025-08-18T05:12:17Z;1;;188
2025-08-18T05:12:18Z;0;;187
2025-08-18T05:12:21Z;1;;188
2025-08-18T05:12:25Z;0;;187
2025-08-18T05:12:33Z;3;;190
2025-08-18T05:12:36Z;0;;187
2025-08-18T05:12:38Z;1;;188
2025-08-18T05:12:39Z;0;;187
2025-08-18T05:12:41Z;0;;187
2025-08-18T05:12:44Z;4;;191
2025-08-18T05:12:46Z;4;;191
2025-08-18T05:12:52Z;-2;;185
2025-08-18T05:12:55Z;2;;189
2025-08-18T05:12:58Z;-2;;185
2025-08-18T05:13:08Z;1;;188
2025-08-18T05:13:10Z;-3;;184
2025-08-18T05:13:19Z;-4;;183
2025-08-18T05:13:30Z;-5;;182
2025-08-18T05:13:39Z;-1;;186
2025-08-18T05:13:49Z;0;;187
2025-08-18T05:14:21Z;15;;202
2025-08-18T05:15:06Z;;178;193
2025-08-18T05:15:30Z;-16;;162
2025-08-18T05:15:39Z;97;;275
2025-08-18T05:17:25Z;3;;181
2025-08-18T05:17:27Z;-15;;163
2025-08-18T05:17:59Z;-9;;169
2025-08-18T05:27:29Z;-396;;-218
2025-08-18T05:27:31Z;-203;;-25
2025-08-18T05:30:06Z;;279;76
2025-08-18T05:30:28Z;-244;;35
2025-08-18T05:31:07Z;;300;56
2025-08-18T05:31:09Z;;294;50
2025-08-18T05:31:11Z;;301;57
2025-08-18T05:31:13Z;;295;51
2025-08-18T05:31:21Z;;304;60
2025-08-18T05:31:23Z;;297;53
2025-08-18T05:31:25Z;;304;60
2025-08-18T05:31:27Z;;297;53
2025-08-18T05:31:35Z;;306;62
2025-08-18T05:31:39Z;;291;47
2025-08-18T05:31:41Z;;301;57
2025-08-18T05:31:49Z;;294;50
2025-08-18T05:31:51Z;;304;60
2025-08-18T05:31:59Z;;296;52
2025-08-18T05:32:01Z;;306;62
2025-08-18T05:32:09Z;;298;54
2025-08-18T05:32:11Z;;307;63
2025-08-18T05:34:10Z;-300;;7
2025-08-18T05:34:11Z;-300;;7
2025-08-18T05:34:21Z;-296;;11
2025-08-18T05:34:23Z;-303;;4
2025-08-18T05:34:25Z;-294;;13
2025-08-18T05:34:27Z;-305;;2
2025-08-18T05:34:29Z;-299;;8
2025-08-18T05:34:32Z;-299;;8
2025-08-18T05:34:36Z;-297;;10
2025-08-18T05:34:43Z;-302;;5
2025-08-18T05:34:46Z;-300;;7
2025-08-18T05:34:55Z;-311;;-4
2025-08-18T05:34:57Z;-299;;8
2025-08-18T05:34:58Z;-300;;7
2025-08-18T05:34:59Z;-296;;11
2025-08-18T05:35:01Z;-306;;1
2025-08-18T05:35:46Z;-314;;-7
2025-08-18T05:35:49Z;-298;;9
2025-08-18T05:35:51Z;-318;;-11
2025-08-18T05:36:00Z;-299;;8
2025-08-18T05:36:02Z;-302;;5
2025-08-18T05:36:04Z;-298;;9
2025-08-18T05:36:12Z;-302;;5
2025-08-18T05:36:14Z;-294;;13
2025-08-18T05:36:18Z;-305;;2
2025-08-18T05:36:19Z;-299;;8
2025-08-18T05:36:25Z;-301;;6
2025-08-18T05:36:33Z;-296;;11
2025-08-18T05:36:36Z;-303;;4
2025-08-18T05:36:43Z;-306;;1
2025-08-18T05:36:45Z;-290;;17
2025-08-18T05:37:38Z;-311;;-4
2025-08-18T05:37:39Z;-297;;10
2025-08-18T05:37:41Z;147;;454
2025-08-18T05:41:07Z;;604;751
2025-08-18T05:41:44Z;;218;365
2025-08-18T05:41:46Z;;648;795
2025-08-18T05:41:48Z;-589;;59
2025-08-18T05:41:58Z;-608;;40
2025-08-18T05:42:00Z;-588;;60
2025-08-18T05:42:08Z;-614;;34
2025-08-18T05:42:09Z;-590;;58
2025-08-18T05:42:40Z;-606;;42
2025-08-18T05:42:53Z;;598;-8
2025-08-18T05:43:23Z;;596;-10
2025-08-18T05:43:44Z;-599;;-3
2025-08-18T05:43:46Z;-602;;-6
2025-08-18T05:43:48Z;-596;;0
2025-08-18T05:43:53Z;-594;;2
2025-08-18T05:44:28Z;;597;3
2025-08-18T05:44:38Z;;602;8
2025-08-18T05:44:42Z;;596;2
2025-08-18T05:44:44Z;;605;11
2025-08-18T05:44:46Z;;599;5
2025-08-18T05:44:48Z;;606;12
2025-08-18T05:44:50Z;;596;2
2025-08-18T05:44:52Z;;600;6
2025-08-18T05:44:54Z;;598;4
2025-08-18T05:45:06Z;;583;-11
2025-08-18T05:45:27Z;-126;;457
2025-08-18T05:45:28Z;-443;;140
2025-08-18T05:45:31Z;-445;;138
2025-08-18T05:53:38Z;;607;162
2025-08-18T05:54:18Z;;591;146
2025-08-18T05:54:22Z;;606;161
2025-08-18T05:54:26Z;;592;147
2025-08-18T05:54:28Z;;601;156
2025-08-18T05:54:36Z;;594;149
2025-08-18T05:54:38Z;;602;157
2025-08-18T05:54:46Z;;594;149
2025-08-18T05:54:48Z;;603;158
2025-08-18T05:54:56Z;;594;149
2025-08-18T05:54:58Z;;606;161
2025-08-18T05:55:06Z;;599;154
2025-08-18T05:55:08Z;;600;155
2025-08-18T05:55:56Z;-594;;6
2025-08-18T05:58:26Z;-268;;332
2025-08-18T05:58:27Z;-665;;-65
2025-08-18T05:58:51Z;;901;236
2025-08-18T05:59:06Z;;620;-45
2025-08-18T05:59:08Z;;933;268
2025-08-18T05:59:10Z;;889;224
2025-08-18T05:59:12Z;;905;240
2025-08-18T05:59:14Z;;892;227
2025-08-18T05:59:38Z;;904;239
2025-08-18T05:59:48Z;-903;;1
2025-08-18T06:00:06Z;;1009;106
2025-08-18T06:00:08Z;-722;;287
2025-08-18T06:00:28Z;-771;;238
2025-08-18T06:00:52Z;;899;128
2025-08-18T06:01:05Z;-606;;293
2025-08-18T06:04:37Z;;598;-8
2025-08-18T06:06:46Z;-293;;305
2025-08-18T06:06:47Z;-292;;306
2025-08-18T06:06:49Z;-300;;298
2025-08-18T06:06:50Z;-299;;299
2025-08-18T06:06:51Z;-304;;294
2025-08-18T06:08:56Z;;0;-304
2025-08-18T06:08:58Z;-526;431;127
2025-08-18T06:08:59Z;-241;;190
2025-08-18T06:15:06Z;;454;213
2025-08-18T06:15:28Z;-267;;187
2025-08-18T06:17:21Z;;156;-111
2025-08-18T06:17:23Z;;480;213
2025-08-18T06:18:13Z;1305;;1785
2025-08-18T06:19:03Z;1608;;2088
2025-08-18T06:19:05Z;1273;;1753
2025-08-18T06:19:11Z;1293;;1773
2025-08-18T06:19:12Z;-300;;180
2025-08-18T06:19:13Z;-293;;187
2025-08-18T06:19:15Z;-301;;179
2025-08-18T06:19:22Z;-293;;187
2025-08-18T06:19:29Z;-297;;183
2025-08-18T06:19:33Z;-293;;187
2025-08-18T06:19:35Z;-300;;180
2025-08-18T06:19:36Z;-299;;181
2025-08-18T06:19:38Z;-305;;175
2025-08-18T06:19:42Z;-290;;190
2025-08-18T06:19:44Z;-302;;178
2025-08-18T06:19:48Z;-294;;186
2025-08-18T06:19:51Z;-296;;184
2025-08-18T06:19:52Z;-295;;185
2025-08-18T06:19:54Z;-300;;180
2025-08-18T06:19:55Z;-299;;181
2025-08-18T06:19:56Z;-302;;178
2025-08-18T06:19:58Z;-293;;187
2025-08-18T06:20:01Z;-300;;180
2025-08-18T06:20:02Z;-296;;184
2025-08-18T06:20:06Z;-302;;178
2025-08-18T06:20:08Z;-293;;187
2025-08-18T06:20:12Z;-295;;185
2025-08-18T06:20:18Z;-293;;187
2025-08-18T06:20:24Z;-302;;178
2025-08-18T06:20:25Z;-298;;182
2025-08-18T06:20:27Z;-302;;178
2025-08-18T06:20:28Z;-293;;187
2025-08-18T06:20:34Z;-304;;176
2025-08-18T06:20:38Z;-294;;186
2025-08-18T06:20:45Z;-298;;182
2025-08-18T06:20:49Z;-304;;176
2025-08-18T06:20:55Z;-283;;197
2025-08-18T06:20:59Z;-304;;176
2025-08-18T06:21:07Z;-293;;187
2025-08-18T06:21:09Z;-305;;175
2025-08-18T06:21:17Z;-293;;187
2025-08-18T06:21:19Z;-301;;179
2025-08-18T06:21:27Z;-298;;182
2025-08-18T06:21:29Z;-305;;175
2025-08-18T06:22:59Z;;601;296
2025-08-18T06:23:10Z;;597;292
2025-08-18T06:26:26Z;-373;;224
2025-08-18T06:26:28Z;-163;;434
2025-08-18T06:27:30Z;;600;437
2025-08-18T06:27:32Z;;569;406
2025-08-18T06:27:34Z;;600;437
2025-08-18T06:27:36Z;;594;431
2025-08-18T06:27:38Z;;608;445
2025-08-18T06:28:50Z;-630;;-22
2025-08-18T06:29:06Z;;219;-411
2025-08-18T06:29:08Z;;692;62
2025-08-18T06:29:23Z;;904;274
2025-08-18T06:29:26Z;-883;;21
2025-08-18T06:29:41Z;-902;;2
2025-08-18T06:29:47Z;;896;-6
2025-08-18T06:30:06Z;;813;-89
2025-08-18T06:30:30Z;-760;;53
2025-08-18T06:30:45Z;;913;153
2025-08-18T06:31:04Z;-899;;14
2025-08-18T06:31:06Z;-901;;12
2025-08-18T06:31:27Z;;897;-4
2025-08-18T06:32:09Z;;920;19
2025-08-18T06:32:11Z;-912;;8
2025-08-18T06:32:19Z;;832;-80
2025-08-18T06:32:21Z;;1184;272
2025-08-18T06:32:31Z;-900;;284
2025-08-18T06:32:35Z;;895;-5
2025-08-18T06:33:10Z;;914;14
2025-08-18T06:33:14Z;-889;;25
2025-08-18T06:33:19Z;;1221;332
2025-08-18T06:33:20Z;-1188;;33
2025-08-18T06:33:32Z;-1208;;13
2025-08-18T06:33:39Z;;1198;-10
2025-08-18T06:34:20Z;-904;;294
2025-08-18T06:34:27Z;;892;-12
2025-08-18T06:35:18Z;-723;;169
2025-08-18T06:35:40Z;-718;;174
2025-08-18T06:36:23Z;-456;;436
2025-08-18T06:36:42Z;-720;;172
2025-08-18T06:37:00Z;;903;183
2025-08-18T06:37:06Z;;894;174
2025-08-18T06:39:40Z;-269;;625
2025-08-18T06:39:42Z;-658;;236
2025-08-18T06:41:03Z;;921;263
2025-08-18T06:41:06Z;-906;;15
2025-08-18T06:41:34Z;-912;;9
2025-08-18T06:41:40Z;;899;-13
2025-08-18T06:42:01Z;;904;-8
2025-08-18T06:42:03Z;-861;;43
2025-08-18T06:42:10Z;;1213;352
2025-08-18T06:42:11Z;-1178;;35
2025-08-18T06:42:31Z;-1202;;11
2025-08-18T06:42:34Z;;1183;-19
2025-08-18T06:42:40Z;-922;;261
2025-08-18T06:43:02Z;;898;-24
2025-08-18T06:43:13Z;;904;-18
2025-08-18T06:43:43Z;;886;-36
2025-08-18T06:43:45Z;;906;-16
2025-08-18T06:43:49Z;;897;-25
2025-08-18T06:44:11Z;;901;-21
2025-08-18T06:44:24Z;-887;;14
2025-08-18T06:44:38Z;;1213;326
2025-08-18T06:44:40Z;-1201;;12
2025-08-18T06:44:49Z;-1186;;27
2025-08-18T06:44:56Z;-1190;;23
2025-08-18T06:45:04Z;-1180;;33
2025-08-18T06:45:06Z;;1317;137
2025-08-18T06:45:07Z;;1190;10
2025-08-18T06:45:15Z;-907;;283
2025-08-18T06:45:22Z;;887;-20
2025-08-18T06:45:28Z;-799;;88
2025-08-18T06:50:04Z;;283;-516
2025-08-18T06:50:06Z;;843;44
2025-08-18T06:50:53Z;;906;107
2025-08-18T06:51:11Z;;895;96
2025-08-18T06:53:25Z;;902;103
2025-08-18T06:53:44Z;;896;97
2025-08-18T06:54:45Z;;900;101
2025-08-18T06:54:47Z;;896;97
2025-08-18T06:54:49Z;;907;108
2025-08-18T06:55:05Z;;899;100
2025-08-18T06:55:07Z;;900;101
2025-08-18T06:55:09Z;;898;99
2025-08-18T06:56:56Z;;901;102
2025-08-18T06:56:58Z;;897;98
2025-08-18T06:57:00Z;;907;108
2025-08-18T06:57:05Z;;899;100
2025-08-18T06:57:07Z;;905;106
2025-08-18T06:57:13Z;;895;96
2025-08-18T06:57:15Z;;901;102
2025-08-18T06:57:17Z;;376;-423
2025-08-18T06:57:19Z;;895;96
2025-08-18T06:57:22Z;;902;103
2025-08-18T06:57:37Z;;897;98
2025-08-18T06:57:39Z;;905;106
2025-08-18T06:57:55Z;-884;;21
2025-08-18T06:57:57Z;;398;-486
2025-08-18T06:57:59Z;;1034;150
2025-08-18T06:58:05Z;-918;;116
2025-08-18T06:58:26Z;-896;;138
2025-08-18T06:58:30Z;-897;;137
2025-08-18T06:58:34Z;;752;-145
2025-08-18T06:58:36Z;;903;6
2025-08-18T06:58:38Z;;896;-1
2025-08-18T06:58:40Z;;900;3
2025-08-18T06:58:41Z;;899;2
2025-08-18T07:00:06Z;;873;-24
2025-08-18T07:00:28Z;-803;;70
2025-08-18T07:02:11Z;;901;98
2025-08-18T07:02:13Z;;896;93
2025-08-18T07:02:15Z;;904;101
2025-08-18T07:02:17Z;;899;96
2025-08-18T07:02:18Z;;901;98
2025-08-18T07:02:22Z;;879;76
2025-08-18T07:02:24Z;;909;106
2025-08-18T07:02:39Z;-889;;20
2025-08-18T07:02:43Z;-1154;1220;331
2025-08-18T07:02:47Z;;1563;409
2025-08-18T07:02:48Z;-1552;;11
2025-08-18T07:02:52Z;;1814;262
2025-08-18T07:02:55Z;-1801;;13
2025-08-18T07:04:00Z;-1803;;11
2025-08-18T07:04:06Z;;1788;-15
2025-08-18T07:04:14Z;;1805;2
2025-08-18T07:04:20Z;-1805;;0
2025-08-18T07:04:43Z;-1785;;20
2025-08-18T07:04:46Z;;1754;-31
2025-08-18T07:04:48Z;-1491;;263
2025-08-18T07:04:50Z;;1478;-13
2025-08-18T07:05:07Z;-1194;;284
2025-08-18T07:05:10Z;-1228;;250
2025-08-18T07:05:15Z;;1519;291
2025-08-18T07:05:16Z;-1507;;12
2025-08-18T07:05:20Z;;1828;321
2025-08-18T07:05:21Z;-1786;;42
2025-08-18T07:05:40Z;-1803;;25
2025-08-18T07:05:48Z;-1791;;37
2025-08-18T07:05:52Z;-1839;;-11
2025-08-18T07:05:54Z;-1719;;109
2025-08-18T07:06:02Z;;1747;28
2025-08-18T07:06:03Z;-1459;;288
2025-08-18T07:06:11Z;;1494;35
2025-08-18T07:06:13Z;;1510;51
2025-08-18T07:06:27Z;-1511;;-1
2025-08-18T07:06:31Z;-1510;;0
2025-08-18T07:06:33Z;-1497;;13
2025-08-18T07:06:34Z;-1504;;6
2025-08-18T07:06:36Z;-1461;;49
2025-08-18T07:06:39Z;;1816;355
2025-08-18T07:06:51Z;-1805;;11
2025-08-18T07:06:53Z;-1793;;23
2025-08-18T07:07:03Z;;1776;-17
2025-08-18T07:07:08Z;;1804;11
2025-08-18T07:07:19Z;-1813;;-9
2025-08-18T07:08:04Z;-1784;;20
2025-08-18T07:08:18Z;-1801;;3
2025-08-18T07:08:45Z;-1787;;17
2025-08-18T07:08:53Z;-1801;;3
2025-08-18T07:09:15Z;-1796;;8
2025-08-18T07:09:23Z;;1787;-9
2025-08-18T07:09:28Z;;1814;18
2025-08-18T07:09:32Z;;1765;-31
2025-08-18T07:09:33Z;-1465;;300
2025-08-18T07:09:50Z;-1451;;314
2025-08-18T07:09:53Z;;1810;359
2025-08-18T07:10:07Z;-1808;;2
2025-08-18T07:10:12Z;;2108;300
2025-08-18T07:10:14Z;;2097;289
2025-08-18T07:10:16Z;;2120;312
2025-08-18T07:11:05Z;;2096;288
2025-08-18T07:11:08Z;-1786;;310
2025-08-18T07:11:31Z;-1816;;280
2025-08-18T07:11:43Z;;2100;284
2025-08-18T07:12:02Z;;2063;247
2025-08-18T07:12:03Z;-1750;;313
2025-08-18T07:12:07Z;-1496;1742;-8
2025-08-18T07:12:12Z;;1469;-27
2025-08-18T07:12:16Z;;1506;10
2025-08-18T07:12:27Z;-1512;;-6
2025-08-18T07:12:29Z;;1836;324
2025-08-18T07:12:37Z;-1791;;45
2025-08-18T07:12:40Z;;2126;335
2025-08-18T07:12:46Z;-1849;;277
2025-08-18T07:12:47Z;;2046;197
2025-08-18T07:12:50Z;-1398;1737;-112
2025-08-18T07:12:52Z;;1493;95
2025-08-18T07:12:53Z;-1140;;353
2025-08-18T07:13:17Z;;1194;54
2025-08-18T07:13:20Z;-912;;282
2025-08-18T07:13:24Z;-877;;317
2025-08-18T07:13:28Z;-916;;278
2025-08-18T07:14:45Z;382;;1576
2025-08-18T07:14:47Z;1050;;2244
2025-08-18T07:14:53Z;995;;2189
2025-08-18T07:14:59Z;-859;;335
2025-08-18T07:15:02Z;803;;1997
2025-08-18T07:15:06Z;;1130;1933
2025-08-18T07:15:08Z;926;;2056
2025-08-18T07:15:10Z;857;;1987
2025-08-18T07:15:13Z;954;;2084
2025-08-18T07:15:28Z;1134;;2264
2025-08-18T07:16:45Z;885;;2015
2025-08-18T07:17:03Z;938;;2068
2025-08-18T07:17:15Z;898;;2028
2025-08-18T07:17:17Z;901;;2031
2025-08-18T07:17:27Z;900;;2030
2025-08-18T07:17:50Z;-565;;565
2025-08-18T07:17:52Z;-579;;551
2025-08-18T07:17:57Z;-647;;483
2025-08-18T07:18:08Z;-586;;544
2025-08-18T07:18:35Z;-850;;280
2025-08-18T07:18:37Z;;1241;391
2025-08-18T07:18:39Z;-1163;;78
2025-08-18T07:18:41Z;-1263;1512;-22
2025-08-18T07:18:42Z;-1240;;272
2025-08-18T07:18:48Z;-1500;;12
2025-08-18T07:18:50Z;;1816;316
2025-08-18T07:19:01Z;-1479;;337
2025-08-18T07:19:02Z;;1790;311
2025-08-18T07:19:04Z;-1510;;280
2025-08-18T07:19:06Z;-1494;;296
2025-08-18T07:19:09Z;-1170;;620
2025-08-18T07:19:10Z;;1434;264
2025-08-18T07:19:26Z;;1199;29
2025-08-18T07:19:27Z;-892;;307
2025-08-18T07:19:32Z;-957;;242
2025-08-18T07:19:36Z;-883;;316
2025-08-18T07:19:38Z;-913;;286
2025-08-18T07:19:40Z;;1203;290
2025-08-18T07:19:44Z;;1199;286
2025-08-18T07:19:51Z;;1202;289
2025-08-18T07:20:30Z;;1191;278
2025-08-18T07:20:31Z;-886;;305
2025-08-18T07:20:34Z;-902;;289
2025-08-18T07:20:36Z;-878;;313
2025-08-18T07:20:37Z;-887;;304
2025-08-18T07:20:41Z;-980;;211
2025-08-18T07:20:43Z;-926;1208;228
2025-08-18T07:20:55Z;;1198;272
2025-08-18T07:21:00Z;;1216;290
2025-08-18T07:21:05Z;-1201;;15
2025-08-18T07:21:08Z;-1242;;-26
2025-08-18T07:21:14Z;-1207;;9
2025-08-18T07:21:15Z;;1502;295
2025-08-18T07:21:17Z;-1201;;301
2025-08-18T07:21:18Z;;1491;290
2025-08-18T07:21:20Z;-1171;;320
2025-08-18T07:21:22Z;-1201;;290
2025-08-18T07:21:26Z;-1149;;342
2025-08-18T07:21:28Z;;1514;365
2025-08-18T07:21:47Z;-1221;;293
2025-08-18T07:21:48Z;;1498;277
2025-08-18T07:21:49Z;-1176;;322
2025-08-18T07:21:50Z;-1190;;308
2025-08-18T07:22:04Z;-929;;569
2025-08-18T07:22:05Z;;1191;262
2025-08-18T07:22:12Z;-885;;306
2025-08-18T07:22:14Z;;1204;319
2025-08-18T07:22:27Z;;1195;310
2025-08-18T07:22:31Z;-903;;292
2025-08-18T07:22:55Z;-890;;305
2025-08-18T07:22:58Z;-953;;242
2025-08-18T07:23:00Z;-889;;306
2025-08-18T07:23:01Z;;1234;345
2025-08-18T07:23:06Z;;1198;309
2025-08-18T07:23:07Z;752;;1950
2025-08-18T07:23:12Z;1059;;2257
2025-08-18T07:23:14Z;798;;1996
2025-08-18T07:23:55Z;931;;2129
2025-08-18T07:23:57Z;893;;2091
2025-08-18T07:23:58Z;907;;2105
2025-08-18T07:23:59Z;894;;2092
2025-08-18T07:24:04Z;909;;2107
2025-08-18T07:24:09Z;802;;2000
2025-08-18T07:24:11Z;919;;2117
2025-08-18T07:24:21Z;898;;2096
2025-08-18T07:24:23Z;904;;2102
2025-08-18T07:24:25Z;821;;2019
2025-08-18T07:24:28Z;904;;2102
2025-08-18T07:24:30Z;896;;2094
2025-08-18T07:24:31Z;900;;2098
2025-08-18T07:24:41Z;814;;2012
2025-08-18T07:24:44Z;958;;2156
2025-08-18T07:24:46Z;885;;2083
2025-08-18T07:24:49Z;903;;2101
2025-08-18T07:24:51Z;875;;2073
2025-08-18T07:25:00Z;904;;2102
2025-08-18T07:25:02Z;899;;2097
2025-08-18T07:25:03Z;903;;2101
2025-08-18T07:25:04Z;897;;2095
2025-08-18T07:25:05Z;901;;2099
2025-08-18T07:25:07Z;894;;2092
2025-08-18T07:25:11Z;908;;2106
2025-08-18T07:25:14Z;802;;2000
2025-08-18T07:25:16Z;920;;2118
2025-08-18T07:25:30Z;810;;2008
2025-08-18T07:25:49Z;;1215;2025
2025-08-18T07:25:54Z;599;;1814
2025-08-18T07:25:56Z;622;;1837
2025-08-18T07:26:03Z;;1192;1814
2025-08-18T07:26:16Z;907;;2099
2025-08-18T07:26:18Z;894;;2086
2025-08-18T07:26:21Z;902;;2094
2025-08-18T07:26:26Z;892;;2084
2025-08-18T07:26:37Z;963;;2155
2025-08-18T07:26:44Z;872;;2064
2025-08-18T07:26:54Z;-810;;382
2025-08-18T07:27:00Z;-915;1220;410
2025-08-18T07:27:10Z;-861;;359
2025-08-18T07:27:17Z;;1198;337
2025-08-18T07:27:19Z;;1202;341
2025-08-18T07:27:21Z;;1199;338
2025-08-18T07:27:22Z;;1200;339
2025-08-18T07:27:23Z;-886;;314
2025-08-18T07:27:25Z;;1198;312
2025-08-18T07:27:26Z;-879;;319
2025-08-18T07:27:29Z;;1201;322
2025-08-18T07:27:31Z;-879;;322
2025-08-18T07:27:33Z;-899;;302
2025-08-18T07:27:35Z;-892;;309
2025-08-18T07:28:52Z;1040;;2241
2025-08-18T07:29:02Z;882;;2083
2025-08-18T07:29:04Z;1050;;2251
2025-08-18T07:30:06Z;;1398;2448
2025-08-18T07:30:07Z;;1516;2566
2025-08-18T07:30:09Z;883;;2399
2025-08-18T07:30:12Z;592;1822;2705
2025-08-18T07:30:17Z;;2157;2749
2025-08-18T07:30:18Z;282;;2439
2025-08-18T07:30:21Z;337;;2494
2025-08-18T07:30:22Z;;2028;2365
2025-08-18T07:30:24Z;;1790;2127
2025-08-18T07:30:26Z;753;;2543
2025-08-18T07:30:28Z;910;;2700
2025-08-18T07:30:29Z;;1497;2407
2025-08-18T07:30:31Z;486;;1983
2025-08-18T07:30:39Z;799;;2296
2025-08-18T07:30:40Z;;1530;2329
2025-08-18T07:30:44Z;;1484;2283
2025-08-18T07:30:45Z;945;;2429
2025-08-18T07:30:54Z;;1199;2144
2025-08-18T07:30:56Z;;1201;2146
2025-08-18T07:30:58Z;1207;1197;2142
2025-08-18T07:31:00Z;1187;;2384
2025-08-18T07:31:01Z;;1200;2387
2025-08-18T07:31:02Z;;1199;2386
2025-08-18T07:31:03Z;1200;;2399
2025-08-18T07:31:05Z;1198;;2397
2025-08-18T07:31:06Z;1202;;2401
2025-08-18T07:31:09Z;1194;;2393
2025-08-18T07:31:14Z;1202;;2401
2025-08-18T07:31:16Z;1192;;2391
2025-08-18T07:31:18Z;1207;;2406
2025-08-18T07:31:21Z;1194;;2393
2025-08-18T07:31:23Z;1206;;2405
2025-08-18T07:31:24Z;1182;;2381
2025-08-18T07:31:30Z;2723;;3922
2025-08-18T07:31:33Z;;1200;3923
2025-08-18T07:31:35Z;;1199;3922
2025-08-18T07:31:36Z;2681;;3880
2025-08-18T07:31:37Z;;1200;3881
2025-08-18T07:31:38Z;2720;;3920
2025-08-18T07:31:39Z;;1199;3919
2025-08-18T07:31:41Z;;1200;3920
2025-08-18T07:31:43Z;;1193;3913
2025-08-18T07:31:45Z;;1203;3923
2025-08-18T07:31:46Z;2623;;3826
2025-08-18T07:31:47Z;2703;1198;3821
2025-08-18T07:32:01Z;2667;;3865
2025-08-18T07:32:03Z;2802;;4000
2025-08-18T07:32:17Z;2669;;3867
2025-08-18T07:32:19Z;2753;;3951
2025-08-18T07:32:33Z;2672;;3870
2025-08-18T07:32:35Z;2748;;3946
2025-08-18T07:32:49Z;2673;;3871
2025-08-18T07:32:51Z;2747;;3945
2025-08-18T07:33:02Z;2498;;3696
2025-08-18T07:33:04Z;1209;;2407
2025-08-18T07:33:05Z;1199;;2397
2025-08-18T07:33:08Z;1232;;2430
2025-08-18T07:33:10Z;1168;;2366
2025-08-18T07:33:44Z;;1207;2375
2025-08-18T07:33:58Z;;1197;2365
2025-08-18T07:34:01Z;1346;;2543
2025-08-18T07:34:03Z;1152;;2349
2025-08-18T07:34:04Z;1220;;2417
2025-08-18T07:34:05Z;1171;;2368
2025-08-18T07:34:34Z;1272;;2469
2025-08-18T07:34:40Z;1178;;2375
2025-08-18T07:34:53Z;1286;;2483
2025-08-18T07:34:56Z;1160;;2357
2025-08-18T07:35:00Z;;1201;2361
2025-08-18T07:35:09Z;;1188;2348
2025-08-18T07:35:18Z;2721;;3909
2025-08-18T07:35:23Z;2699;;3887
2025-08-18T07:35:26Z;2814;;4002
2025-08-18T07:35:32Z;2615;;3803
2025-08-18T07:35:35Z;2712;;3900
2025-08-18T07:35:37Z;2699;;3887
2025-08-18T07:35:39Z;2706;;3894
2025-08-18T07:35:40Z;827;;2015
2025-08-18T07:35:51Z;-797;;391
2025-08-18T07:36:05Z;-886;;302
2025-08-18T07:36:07Z;-906;;282
2025-08-18T07:36:22Z;;1207;301
2025-08-18T07:36:23Z;-952;;255
2025-08-18T07:36:27Z;;1506;554
2025-08-18T07:36:28Z;-1193;;313
2025-08-18T07:36:31Z;-1196;;310
2025-08-18T07:36:33Z;;1493;297
2025-08-18T07:36:46Z;-901;;592
2025-08-18T07:36:50Z;-893;;600
2025-08-18T07:37:00Z;-921;;572
2025-08-18T07:37:05Z;;1190;269
2025-08-18T07:37:09Z;-826;;364
2025-08-18T07:37:13Z;-780;;410
2025-08-18T07:40:21Z;;1200;420
2025-08-18T07:40:24Z;-806;;394
2025-08-18T07:40:25Z;;1197;391
2025-08-18T07:40:27Z;;1211;405
2025-08-18T07:40:28Z;-901;;310
2025-08-18T07:40:37Z;-929;;282
2025-08-18T07:40:40Z;;1500;571
2025-08-18T07:40:44Z;;1470;541
2025-08-18T07:40:52Z;-882;;588
2025-08-18T07:40:54Z;-915;;555
2025-08-18T07:41:10Z;;1501;586
2025-08-18T07:41:14Z;-1251;;250
2025-08-18T07:41:17Z;-1184;;317
2025-08-18T07:41:18Z;-1227;;274
2025-08-18T07:41:22Z;;1812;585
2025-08-18T07:41:28Z;;1775;548
2025-08-18T07:41:33Z;-1151;;624
2025-08-18T07:41:38Z;;1498;347
2025-08-18T07:41:44Z;-1169;;329
2025-08-18T07:41:55Z;-1200;;298
2025-08-18T07:41:57Z;-1201;;297
2025-08-18T07:42:00Z;-1199;;299
2025-08-18T07:42:02Z;-1199;;299
2025-08-18T07:42:04Z;-1292;;206
2025-08-18T07:42:18Z;;1505;213
2025-08-18T07:42:21Z;-1198;;307
2025-08-18T07:42:24Z;-1222;;283
2025-08-18T07:42:26Z;;1477;255
2025-08-18T07:42:27Z;-1188;;289
2025-08-18T07:42:32Z;-1481;1506;318
2025-08-18T07:43:06Z;;1798;317
2025-08-18T07:43:11Z;-1581;;217
2025-08-18T07:43:30Z;-1496;;302
2025-08-18T07:43:37Z;-1502;;296
2025-08-18T07:43:38Z;;1791;289
2025-08-18T07:43:40Z;-1585;;206
2025-08-18T07:43:42Z;-1490;;301
2025-08-18T07:44:01Z;-1445;;346
2025-08-18T07:44:03Z;;1803;358
2025-08-18T07:44:12Z;-1741;;62
2025-08-18T07:44:14Z;;2162;421
2025-08-18T07:44:23Z;-1826;;336
2025-08-18T07:44:25Z;;2090;264
2025-08-18T07:44:27Z;-1823;;267
2025-08-18T07:44:29Z;;2110;287
2025-08-18T07:44:38Z;;2446;623
2025-08-18T07:44:41Z;-2156;;290
2025-08-18T07:44:47Z;-2049;2384;228
2025-08-18T07:44:58Z;;2411;362
2025-08-18T07:45:00Z;-2120;;291
2025-08-18T07:45:06Z;;2468;348
2025-08-18T07:45:18Z;-2449;;19
2025-08-18T07:45:20Z;-2332;;136
2025-08-18T07:45:28Z;-2361;;107
2025-08-18T07:45:31Z;;2708;347
2025-08-18T07:45:34Z;-2403;;305
2025-08-18T07:45:35Z;-2395;;313
2025-08-18T07:45:37Z;-2505;;203
2025-08-18T07:45:38Z;-2407;;301
2025-08-18T07:45:39Z;;2694;287
2025-08-18T07:45:50Z;-2456;;238
2025-08-18T07:45:52Z;-2386;;308
2025-08-18T07:46:06Z;-2388;;306
2025-08-18T07:46:07Z;;2702;314
2025-08-18T07:46:09Z;-2341;;361
2025-08-18T07:46:21Z;-2388;;314
2025-08-18T07:46:25Z;-2344;;358
2025-08-18T07:46:27Z;-2401;;301
2025-08-18T07:46:29Z;-2381;;321
2025-08-18T07:46:41Z;-2467;;235
2025-08-18T07:46:42Z;-2441;;261
2025-08-18T07:46:54Z;-2347;;355
2025-08-18T07:46:57Z;-2339;;363
2025-08-18T07:47:11Z;-2360;;342
2025-08-18T07:47:14Z;-2355;;347
2025-08-18T07:47:17Z;-2382;;320
2025-08-18T07:47:19Z;-2376;;326
2025-08-18T07:47:28Z;-2499;;203
2025-08-18T07:47:30Z;-2495;;207
2025-08-18T07:47:46Z;-2462;;240
2025-08-18T07:47:47Z;-2387;;315
2025-08-18T07:47:59Z;-2359;;343
2025-08-18T07:48:02Z;-2379;;323
2025-08-18T07:49:44Z;-2439;;263
2025-08-18T07:49:48Z;-2408;;294
2025-08-18T07:50:25Z;-233;;2469
2025-08-18T07:50:38Z;128;2373;2140
2025-08-18T07:50:47Z;321;;2694
2025-08-18T07:50:50Z;;2099;2420
2025-08-18T07:51:00Z;;2124;2445
2025-08-18T07:51:03Z;295;;2419
2025-08-18T07:51:09Z;97;;2221
2025-08-18T07:51:11Z;;2401;2498
2025-08-18T07:51:17Z;106;;2507
2025-08-18T07:51:19Z;217;;2618
2025-08-18T07:51:25Z;-292;;2109
2025-08-18T07:51:26Z;;2700;2408
2025-08-18T07:51:28Z;;2686;2394
2025-08-18T07:51:30Z;;2715;2423
2025-08-18T07:51:31Z;;2691;2399
2025-08-18T07:51:33Z;;2714;2422
2025-08-18T07:51:35Z;;2699;2407
2025-08-18T07:51:37Z;-301;;2398
2025-08-18T07:51:41Z;-305;;2394
2025-08-18T07:51:42Z;-293;;2406
2025-08-18T07:51:45Z;-306;;2393
2025-08-18T07:51:47Z;-299;;2400
2025-08-18T07:51:53Z;;2344;2045
2025-08-18T07:51:55Z;18;;2362
2025-08-18T07:52:34Z;413;;2757
2025-08-18T07:52:36Z;152;;2496
2025-08-18T07:52:42Z;-40;;2304
2025-08-18T07:52:43Z;7;;2351
2025-08-18T07:52:45Z;;2081;2088
2025-08-18T07:52:48Z;318;;2399
2025-08-18T07:52:54Z;269;;2350
2025-08-18T07:53:02Z;306;;2387
2025-08-18T07:53:06Z;-1484;;597
2025-08-18T07:53:08Z;-1551;;530
2025-08-18T07:53:14Z;-1479;1797;246
2025-08-18T07:53:19Z;-1507;;290
2025-08-18T07:53:21Z;;1828;321
2025-08-18T07:53:24Z;-1379;;449
2025-08-18T07:53:25Z;-1611;2123;744
2025-08-18T07:53:27Z;-1811;;312
2025-08-18T07:53:31Z;-1773;;350
2025-08-18T07:53:33Z;;2088;315
2025-08-18T07:53:49Z;;2105;332
2025-08-18T07:53:50Z;-1797;;308
2025-08-18T07:53:54Z;-1787;;318
2025-08-18T07:53:57Z;;2077;290
2025-08-18T07:54:01Z;-1543;;534
2025-08-18T07:54:05Z;;1758;215
2025-08-18T07:54:10Z;-1198;;560
2025-08-18T07:54:12Z;-1223;;535
2025-08-18T07:54:18Z;;1821;598
2025-08-18T07:54:21Z;;1799;576
2025-08-18T07:54:29Z;-1468;1844;621
2025-08-18T07:54:34Z;;2101;633
2025-08-18T07:54:36Z;-1809;;292
2025-08-18T07:54:43Z;;2404;595
2025-08-18T07:54:56Z;;2396;587
2025-08-18T07:54:59Z;;2413;604
2025-08-18T07:55:06Z;;2393;584
2025-08-18T07:55:14Z;;2437;628
2025-08-18T07:55:16Z;-2265;;172
2025-08-18T07:55:28Z;-2121;;316
2025-08-18T07:55:29Z;;2342;221
2025-08-18T07:55:38Z;;2083;-38
2025-08-18T07:55:39Z;-1781;;302
2025-08-18T07:55:47Z;-1822;;261
2025-08-18T07:55:49Z;-1795;;288
2025-08-18T07:55:52Z;-1557;1797;2
2025-08-18T07:56:00Z;;1484;-73
2025-08-18T07:56:06Z;;1518;-39
2025-08-18T07:56:11Z;;1489;-68
2025-08-18T07:56:16Z;-1220;;269
2025-08-18T07:56:19Z;-1186;;303
2025-08-18T07:56:23Z;;1520;334
2025-08-18T07:56:27Z;-1570;;-50
2025-08-18T07:56:28Z;;1844;274
2025-08-18T07:56:30Z;-1836;;8
2025-08-18T07:56:32Z;-1782;;62
2025-08-18T07:56:37Z;;1771;-11
2025-08-18T07:56:42Z;;1840;58
2025-08-18T07:56:45Z;-1816;;24
2025-08-18T07:56:46Z;;2139;323
2025-08-18T07:57:08Z;-2092;;47
2025-08-18T07:57:09Z;;2439;347
2025-08-18T07:57:28Z;-2073;2385;293
2025-08-18T07:57:33Z;;2087;14
2025-08-18T07:57:36Z;-1790;;297
2025-08-18T07:57:37Z;-1881;2110;320
2025-08-18T07:57:45Z;;2410;529
2025-08-18T07:57:47Z;;2388;507
2025-08-18T07:57:57Z;-1845;;543
2025-08-18T07:57:59Z;-1748;;640
2025-08-18T07:58:01Z;-1797;;591
2025-08-18T07:58:04Z;-1825;;563
2025-08-18T07:58:06Z;-2062;;326
2025-08-18T07:58:09Z;;2423;361
2025-08-18T07:58:11Z;;2380;318
2025-08-18T07:58:12Z;-1992;;388
2025-08-18T07:58:18Z;;2412;420
2025-08-18T07:58:20Z;-2073;;339
2025-08-18T07:58:27Z;-1993;;419
2025-08-18T07:58:29Z;;2397;404
2025-08-18T07:58:40Z;;2063;70
2025-08-18T07:58:43Z;-1762;;301
2025-08-18T07:58:51Z;-1770;;293
2025-08-18T07:58:54Z;;2126;356
2025-08-18T07:59:04Z;-2152;;-26
2025-08-18T07:59:09Z;-2048;;78
2025-08-18T07:59:18Z;-2166;;-40
2025-08-18T07:59:23Z;-2160;;-34
2025-08-18T07:59:32Z;-2002;;124
2025-08-18T07:59:37Z;-2142;;-16
2025-08-18T07:59:46Z;-1986;;140
2025-08-18T07:59:51Z;-2146;;-20
2025-08-18T08:00:02Z;-2133;;-7
2025-08-18T08:00:06Z;;2356;223
2025-08-18T08:00:07Z;-2095;;261
2025-08-18T08:00:08Z;-2105;;251
2025-08-18T08:00:14Z;-2090;;266
2025-08-18T08:00:16Z;-2086;;270
2025-08-18T08:00:17Z;-2100;;256
2025-08-18T08:00:20Z;-2098;;258
2025-08-18T08:00:22Z;-2095;;261
2025-08-18T08:00:28Z;-2096;;260
2025-08-18T08:02:13Z;-1963;;393
2025-08-18T08:02:14Z;-1795;;561
2025-08-18T08:04:44Z;-1688;;668
2025-08-18T08:04:46Z;-1889;;467
2025-08-18T08:06:40Z;-1787;;569
2025-08-18T08:06:42Z;-1800;;556
2025-08-18T08:06:44Z;-1801;;555
2025-08-18T08:06:46Z;-1808;;548
2025-08-18T08:06:48Z;-1793;;563
2025-08-18T08:07:24Z;-1805;;551
2025-08-18T08:07:28Z;-1797;;559
2025-08-18T08:07:36Z;-1804;;552
2025-08-18T08:07:38Z;-1804;;552
2025-08-18T08:07:45Z;-1820;;536
2025-08-18T08:07:51Z;-1792;;564
2025-08-18T08:08:01Z;-1781;;575
2025-08-18T08:08:03Z;-1797;;559
2025-08-18T08:08:05Z;-1797;;559
2025-08-18T08:08:09Z;-1802;;554
2025-08-18T08:08:11Z;-1786;;570
2025-08-18T08:08:17Z;-1799;;557
2025-08-18T08:08:19Z;-1805;;551
2025-08-18T08:08:21Z;-1792;;564
2025-08-18T08:08:22Z;-2015;;341
2025-08-18T08:12:01Z;-1797;;559
2025-08-18T08:12:03Z;-1864;;492
2025-08-18T08:12:38Z;-2102;;254
2025-08-18T08:12:40Z;-2099;;257
2025-08-18T08:12:51Z;-2086;;270
2025-08-18T08:12:53Z;-2080;;276
2025-08-18T08:13:23Z;-2078;;278
2025-08-18T08:13:25Z;-2100;;256
2025-08-18T08:13:47Z;-2106;;250
2025-08-18T08:13:49Z;-2105;;251
2025-08-18T08:13:56Z;-2086;;270
2025-08-18T08:13:58Z;-2092;;264
2025-08-18T08:14:05Z;-2105;;251
2025-08-18T08:14:10Z;-2094;;262
2025-08-18T08:14:12Z;-2092;;264
2025-08-18T08:14:13Z;-2098;;258
2025-08-18T08:15:06Z;;2292;194
2025-08-18T08:15:19Z;-2100;;192
2025-08-18T08:15:21Z;-2094;;198
2025-08-18T08:15:28Z;-2038;;254
2025-08-18T08:15:41Z;-1711;;581
2025-08-18T08:15:43Z;-1917;;375
2025-08-18T08:16:48Z;-1898;;394
2025-08-18T08:16:50Z;-1938;;354
2025-08-18T08:17:47Z;-1883;;409
2025-08-18T08:17:49Z;-1939;;353
2025-08-18T08:19:06Z;-2109;;183
2025-08-18T08:19:15Z;-2117;;175
2025-08-18T08:19:17Z;-2106;;186
2025-08-18T08:19:19Z;-2091;;201
2025-08-18T08:19:20Z;-2111;;181
2025-08-18T08:19:47Z;-2129;;163
2025-08-18T08:19:52Z;-2123;;169
2025-08-18T08:19:59Z;-2074;;218
2025-08-18T08:20:04Z;-2089;;203
2025-08-18T08:20:13Z;-2062;;230
2025-08-18T08:20:15Z;-2100;;192
2025-08-18T08:20:16Z;-2102;;190
2025-08-18T08:20:19Z;-2145;;147
2025-08-18T08:20:26Z;-2106;;186
2025-08-18T08:20:28Z;-2109;;183
2025-08-18T08:20:51Z;-2167;;125
2025-08-18T08:20:53Z;-2094;;198
2025-08-18T08:21:18Z;-2190;;102
2025-08-18T08:21:20Z;-2134;;158
2025-08-18T08:21:34Z;;2400;266
2025-08-18T08:21:36Z;;2391;257
2025-08-18T08:21:43Z;;2405;271
2025-08-18T08:21:45Z;;2398;264
2025-08-18T08:21:49Z;;2401;267
2025-08-18T08:21:57Z;;2393;259
2025-08-18T08:21:59Z;;2407;273
2025-08-18T08:22:03Z;-2050;;357
2025-08-18T08:22:07Z;;2398;348
2025-08-18T08:22:09Z;;2412;362
2025-08-18T08:22:13Z;-2110;;302
2025-08-18T08:22:15Z;-2082;;330
2025-08-18T08:22:19Z;;2385;303
2025-08-18T08:22:21Z;;2407;325
2025-08-18T08:22:34Z;-382;;2025
2025-08-18T08:22:36Z;-1902;;505
2025-08-18T08:24:57Z;92;;2499
2025-08-18T08:27:46Z;314;;2721
2025-08-18T08:27:49Z;;2376;2690
2025-08-18T08:27:58Z;277;2420;2734
2025-08-18T08:28:06Z;324;;2744
2025-08-18T08:28:09Z;;2385;2709
2025-08-18T08:28:11Z;;2406;2730
2025-08-18T08:28:12Z;266;;2672
2025-08-18T08:28:26Z;;2718;2984
2025-08-18T08:28:32Z;-3;;2715
2025-08-18T08:28:34Z;13;;2731
2025-08-18T08:28:37Z;;2694;2707
2025-08-18T08:28:49Z;357;;3051
2025-08-18T08:28:51Z;600;;3294
2025-08-18T08:28:52Z;;2282;2882
2025-08-18T08:28:54Z;;2013;2613
2025-08-18T08:28:56Z;938;1761;2951
2025-08-18T08:29:04Z;884;1803;2741
2025-08-18T08:29:10Z;;1779;2663
2025-08-18T08:29:11Z;921;;2700
2025-08-18T08:29:27Z;877;;2656
2025-08-18T08:29:29Z;;1852;2729
2025-08-18T08:29:31Z;;2150;3027
2025-08-18T08:29:33Z;579;;2729
2025-08-18T08:29:36Z;;2432;3011
2025-08-18T08:29:37Z;253;;2685
2025-08-18T08:29:43Z;1;2711;2964
2025-08-18T08:29:45Z;-227;;2484
2025-08-18T08:29:46Z;-341;;2370
2025-08-18T08:29:47Z;;2677;2336
2025-08-18T08:29:52Z;;2368;2027
2025-08-18T08:29:57Z;;2427;2086
2025-08-18T08:30:00Z;-292;;2135
2025-08-18T08:30:03Z;;2716;2424
2025-08-18T08:30:06Z;;2648;2356
2025-08-18T08:30:16Z;-336;;2312
2025-08-18T08:30:17Z;;2667;2331
2025-08-18T08:30:25Z;;2370;2034
2025-08-18T08:30:26Z;23;;2393
2025-08-18T08:30:29Z;-103;;2267
2025-08-18T08:30:30Z;;2087;1984
2025-08-18T08:30:32Z;348;;2435
2025-08-18T08:30:44Z;;1782;2130
2025-08-18T08:30:46Z;648;;2430
2025-08-18T08:31:03Z;588;;2370
2025-08-18T08:31:10Z;647;;2429
2025-08-18T08:31:13Z;598;;2380
2025-08-18T08:31:16Z;;1854;2452
2025-08-18T08:31:18Z;256;;2110
2025-08-18T08:31:20Z;;2159;2415
2025-08-18T08:31:21Z;35;;2194
2025-08-18T08:31:25Z;;2406;2441
2025-08-18T08:31:27Z;;2392;2427
2025-08-18T08:31:28Z;31;;2423
2025-08-18T08:31:33Z;;2069;2100
2025-08-18T08:31:37Z;309;;2378
2025-08-18T08:31:56Z;294;;2363
2025-08-18T08:31:59Z;;2105;2399
2025-08-18T08:32:02Z;-58;;2047
2025-08-18T08:32:04Z;;2414;2356
2025-08-18T08:32:10Z;-329;;2085
2025-08-18T08:32:12Z;;2709;2380
2025-08-18T08:32:32Z;;2696;2367
2025-08-18T08:32:34Z;;2700;2371
2025-08-18T08:32:38Z;;2693;2364
2025-08-18T08:32:41Z;-303;;2390
2025-08-18T08:32:42Z;;2394;2091
2025-08-18T08:32:43Z;40;;2434
2025-08-18T08:32:46Z;;2094;2134
2025-08-18T08:32:48Z;;2109;2149
2025-08-18T08:32:56Z;0;;2109
2025-08-18T08:32:59Z;;2402;2402
2025-08-18T08:33:09Z;-306;;2096
2025-08-18T08:33:12Z;;2731;2425
2025-08-18T08:33:18Z;-362;2690;2384
2025-08-18T08:33:22Z;;2398;2036
2025-08-18T08:33:24Z;;2085;1723
2025-08-18T08:33:26Z;32;;2117
2025-08-18T08:33:29Z;303;;2388
2025-08-18T08:33:31Z;291;;2376
2025-08-18T08:33:39Z;;2111;2402
2025-08-18T08:33:45Z;;2079;2370
2025-08-18T08:33:48Z;314;;2393
2025-08-18T08:33:53Z;;1793;2107
2025-08-18T08:33:56Z;;1803;2117
2025-08-18T08:34:01Z;;1788;2102
2025-08-18T08:34:19Z;628;;2416
2025-08-18T08:34:43Z;572;;2360
2025-08-18T08:34:45Z;;1822;2394
2025-08-18T08:34:47Z;264;;2086
2025-08-18T08:34:49Z;;2133;2397
2025-08-18T08:34:50Z;77;;2210
2025-08-18T08:34:54Z;;2447;2524
2025-08-18T08:35:05Z;-272;;2175
2025-08-18T08:35:14Z;-294;;2153
2025-08-18T08:35:17Z;;2383;2089
2025-08-18T08:35:18Z;68;;2451
2025-08-18T08:35:21Z;;2080;2148
2025-08-18T08:35:22Z;300;;2380
2025-08-18T08:35:33Z;;1782;2082
2025-08-18T08:35:40Z;600;;2382
2025-08-18T08:35:42Z;595;;2377
2025-08-18T08:35:43Z;616;;2398
2025-08-18T08:36:19Z;;1484;2100
2025-08-18T08:36:51Z;;1506;2122
2025-08-18T08:37:16Z;592;;2098
2025-08-18T08:37:22Z;;1804;2396
2025-08-18T08:37:27Z;;1796;2388
2025-08-18T08:37:48Z;;1810;2402
2025-08-18T08:37:52Z;251;;2061
2025-08-18T08:37:54Z;;2155;2406
2025-08-18T08:37:56Z;18;;2173
2025-08-18T08:37:59Z;1;;2156
2025-08-18T08:38:01Z;-9;;2146
2025-08-18T08:38:07Z;7;;2162
2025-08-18T08:38:08Z;-35;;2120
2025-08-18T08:38:12Z;10;;2165
2025-08-18T08:38:16Z;-4;;2151
2025-08-18T08:38:22Z;38;;2193
2025-08-18T08:38:27Z;;2090;2128
2025-08-18T08:38:32Z;304;;2394
2025-08-18T08:38:41Z;-1589;;501
2025-08-18T08:38:48Z;-1840;2126;537
2025-08-18T08:38:55Z;-2143;2404;564
2025-08-18T08:39:00Z;-2424;2709;566
2025-08-18T08:39:02Z;-2418;;291
2025-08-18T08:39:04Z;;2665;247
2025-08-18T08:39:18Z;-2102;;563
2025-08-18T08:39:19Z;;2382;280
2025-08-18T08:39:27Z;-2067;;315
2025-08-18T08:39:29Z;;2458;391
2025-08-18T08:39:32Z;-2476;2740;673
2025-08-18T08:39:34Z;-2585;;155
2025-08-18T08:39:36Z;;3097;512
2025-08-18T08:39:41Z;;2973;388
2025-08-18T08:39:45Z;-2676;;297
2025-08-18T08:39:55Z;-2677;3019;343
2025-08-18T08:40:33Z;-2690;;329
2025-08-18T08:40:36Z;;2987;297
2025-08-18T08:40:41Z;-2431;;556
2025-08-18T08:40:43Z;;2683;252
2025-08-18T08:40:47Z;-2070;;613
2025-08-18T08:40:49Z;;2318;248
2025-08-18T08:40:51Z;-1802;2097;27
2025-08-18T08:41:01Z;-1753;;344
2025-08-18T08:41:03Z;;2164;411
2025-08-18T08:41:05Z;-2072;;92
2025-08-18T08:41:08Z;;2453;381
2025-08-18T08:41:18Z;-2402;2715;643
2025-08-18T08:41:22Z;-2647;;68
2025-08-18T08:41:25Z;;3026;379
2025-08-18T08:41:31Z;-2626;;400
2025-08-18T08:41:32Z;;2892;266
2025-08-18T08:41:34Z;-2338;2691;65
2025-08-18T08:41:42Z;-2094;;597
2025-08-18T08:41:45Z;;2363;269
2025-08-18T08:41:56Z;-2132;2420;326
2025-08-18T08:42:04Z;-2078;2390;258
2025-08-18T08:42:08Z;-2117;2415;337
2025-08-18T08:42:13Z;-2097;;318
2025-08-18T08:42:14Z;;2379;282
2025-08-18T08:42:34Z;-2123;2408;311
2025-08-18T08:42:39Z;-2475;2742;619
2025-08-18T08:42:42Z;-2706;3025;550
2025-08-18T08:42:46Z;-2644;;381
2025-08-18T08:42:47Z;;2906;262
2025-08-18T08:42:48Z;-2407;;499
2025-08-18T08:42:49Z;;2655;248
2025-08-18T08:42:51Z;-2031;2386;-21
2025-08-18T08:42:53Z;-1843;;543
2025-08-18T08:42:55Z;;2063;220
2025-08-18T08:43:20Z;;1795;-48
2025-08-18T08:43:21Z;-1482;;313
2025-08-18T08:43:40Z;-1515;;280
2025-08-18T08:43:41Z;;1837;322
2025-08-18T08:43:51Z;-1774;;63
2025-08-18T08:43:52Z;;2113;339
2025-08-18T08:43:55Z;-2067;;46
2025-08-18T08:43:57Z;;2423;356
2025-08-18T08:44:03Z;-2137;;286
2025-08-18T08:44:05Z;;2387;250
2025-08-18T08:44:31Z;-1796;;591
2025-08-18T08:44:32Z;;2064;268
2025-08-18T08:44:54Z;-1805;;259
2025-08-18T08:44:56Z;;2138;333
2025-08-18T08:45:01Z;-1776;;362
2025-08-18T08:45:02Z;;2046;270
2025-08-18T08:45:06Z;;2103;327
2025-08-18T08:45:18Z;-1810;;293
2025-08-18T08:45:19Z;;2166;356
2025-08-18T08:45:22Z;-2125;2419;609
2025-08-18T08:45:28Z;-2162;;257
2025-08-18T08:45:30Z;-2360;;59
2025-08-18T08:45:33Z;;2710;350
2025-08-18T08:45:37Z;-2323;2675;315
2025-08-18T08:45:39Z;-2100;;575
2025-08-18T08:45:41Z;-1869;2329;229
2025-08-18T08:45:44Z;;2048;179
2025-08-18T08:45:57Z;;1792;-77
2025-08-18T08:45:58Z;-1483;;309
2025-08-18T08:46:12Z;-1500;;292
2025-08-18T08:46:15Z;-1507;;285
2025-08-18T08:46:27Z;-1498;;294
2025-08-18T08:46:28Z;;1810;312
2025-08-18T08:46:34Z;-1820;;-10
2025-08-18T08:46:35Z;;2152;332
2025-08-18T08:46:39Z;-1839;;313
2025-08-18T08:46:42Z;;2098;259
2025-08-18T08:46:59Z;-1905;2127;288
2025-08-18T08:47:03Z;;2400;495
2025-08-18T08:47:05Z;;2363;458
2025-08-18T08:47:08Z;-1845;;518
2025-08-18T08:47:10Z;;2069;224
2025-08-18T08:47:56Z;-1785;;284
2025-08-18T08:47:58Z;;2121;336
2025-08-18T08:48:44Z;-2105;2410;625
2025-08-18T08:48:50Z;-2085;;325
2025-08-18T08:48:51Z;;2378;293
2025-08-18T08:49:04Z;-1787;;591
2025-08-18T08:49:05Z;;2076;289
2025-08-18T08:49:27Z;-1520;;556
2025-08-18T08:49:28Z;;1798;278
2025-08-18T08:52:26Z;-1516;;282
2025-08-18T08:52:29Z;;1809;293
2025-08-18T08:52:33Z;-1844;2103;587
2025-08-18T08:52:44Z;-1768;2095;251
2025-08-18T08:53:08Z;-1502;1794;26
2025-08-18T08:53:18Z;-1493;;301
2025-08-18T08:53:20Z;;1801;308
2025-08-18T08:53:24Z;-1492;1785;292
2025-08-18T08:53:46Z;-1512;;273
2025-08-18T08:53:47Z;;1812;300
2025-08-18T08:54:00Z;-1511;;301
2025-08-18T08:54:01Z;;1783;272
2025-08-18T08:54:07Z;-1505;;278
2025-08-18T08:54:08Z;;1817;312
2025-08-18T08:54:14Z;-1830;2113;608
2025-08-18T08:54:20Z;-1806;;307
2025-08-18T08:54:21Z;;2085;279
2025-08-18T08:54:24Z;-1821;;264
2025-08-18T08:54:25Z;;2144;323
2025-08-18T08:54:33Z;-1823;;321
2025-08-18T08:54:34Z;;2066;243
2025-08-18T08:54:39Z;-1478;1779;-44
2025-08-18T08:55:23Z;;1492;14
2025-08-18T08:55:46Z;;1504;26
2025-08-18T08:55:55Z;;1482;4
2025-08-18T08:56:16Z;-1204;;278
2025-08-18T08:56:18Z;-1207;;275
2025-08-18T08:56:21Z;-1203;;279
2025-08-18T08:58:30Z;-1190;;292
2025-08-18T08:58:32Z;-1203;;279
2025-08-18T08:58:33Z;-1199;;283
2025-08-18T08:59:11Z;;1509;310
2025-08-18T08:59:16Z;;1845;646
2025-08-18T08:59:19Z;;2140;941
2025-08-18T08:59:20Z;-1517;;623
2025-08-18T08:59:22Z;-2139;;1
2025-08-18T08:59:27Z;;2439;300
2025-08-18T08:59:33Z;;2376;237
2025-08-18T08:59:34Z;-2052;;324
2025-08-18T08:59:36Z;;2040;-12
2025-08-18T08:59:37Z;-1680;;360
2025-08-18T08:59:39Z;-1478;;562
2025-08-18T08:59:40Z;;1780;302
2025-08-18T08:59:42Z;;1482;4
2025-08-18T09:00:06Z;;1387;-91
2025-08-18T09:00:30Z;-1221;;166
2025-08-18T09:01:08Z;;1503;282
2025-08-18T09:01:38Z;;1499;278
2025-08-18T09:01:42Z;;1501;280
2025-08-18T09:01:50Z;;1496;275
2025-08-18T09:02:30Z;;1503;282
2025-08-18T09:03:28Z;-1515;;-12
2025-08-18T09:03:31Z;;1818;303
2025-08-18T09:03:38Z;;1793;278
2025-08-18T09:03:39Z;-1072;;721
2025-08-18T09:03:41Z;-1512;;281
2025-08-18T09:03:42Z;-1420;1856;373
2025-08-18T09:03:44Z;;1653;233
2025-08-18T09:03:53Z;-1515;;138
2025-08-18T09:04:03Z;-1493;;160
2025-08-18T09:05:07Z;-1502;;151
2025-08-18T09:05:12Z;-1497;;156
2025-08-18T09:05:14Z;-1508;;145
2025-08-18T09:05:26Z;-1490;;163
2025-08-18T09:05:28Z;-1494;;159
2025-08-18T09:05:40Z;-1497;;156
2025-08-18T09:05:48Z;-1498;;155
2025-08-18T09:06:01Z;-1512;;141
2025-08-18T09:06:03Z;-1499;;154
2025-08-18T09:06:11Z;-1499;;154
2025-08-18T09:06:13Z;-1508;;145
2025-08-18T09:06:18Z;-1493;;160
2025-08-18T09:06:20Z;-1517;;136
2025-08-18T09:06:47Z;;1801;284
2025-08-18T09:06:53Z;;1795;278
2025-08-18T09:07:09Z;;1807;290
2025-08-18T09:07:17Z;;1783;266
2025-08-18T09:07:32Z;;1826;309
2025-08-18T09:07:37Z;-1816;;10
2025-08-18T09:07:41Z;;2112;296
2025-08-18T09:07:49Z;;2068;252
2025-08-18T09:07:50Z;-1817;;251
2025-08-18T09:07:56Z;;1778;-39
2025-08-18T09:09:25Z;;1813;-4
2025-08-18T09:09:30Z;-1828;;-15
2025-08-18T09:09:41Z;-1785;;28
2025-08-18T09:10:04Z;;1798;13
2025-08-18T09:10:19Z;;1801;16
2025-08-18T09:10:42Z;;1797;12
2025-08-18T09:11:56Z;;1804;19
2025-08-18T09:12:20Z;-1775;;29
2025-08-18T09:12:25Z;-1714;;90
2025-08-18T09:12:31Z;-1817;;-13
2025-08-18T09:12:33Z;;2117;300
2025-08-18T09:12:50Z;;2074;257
2025-08-18T09:12:56Z;;2127;310
2025-08-18T09:13:01Z;-2145;;-18
2025-08-18T09:13:03Z;;2426;281
2025-08-18T09:13:07Z;;2395;250
2025-08-18T09:13:10Z;-2113;;282
2025-08-18T09:13:15Z;-1781;2072;-41
2025-08-18T09:13:19Z;-1807;;265
2025-08-18T09:13:21Z;-1793;;279
2025-08-18T09:13:34Z;-1732;;340
2025-08-18T09:13:38Z;-1810;;262
2025-08-18T09:13:44Z;-230;2153;343
2025-08-18T09:13:46Z;-525;;1628
2025-08-18T09:13:48Z;-850;2530;2005
2025-08-18T09:13:50Z;;2844;1994
2025-08-18T09:13:51Z;-1173;;1671
2025-08-18T09:13:52Z;;3028;1855
2025-08-18T09:13:55Z;;3369;2196
2025-08-18T09:13:59Z;-1226;;2143
2025-08-18T09:14:01Z;-960;3176;1950
2025-08-18T09:14:03Z;;2901;1941
2025-08-18T09:14:04Z;;2657;1697
2025-08-18T09:14:05Z;-615;;2042
2025-08-18T09:14:08Z;;2380;1765
2025-08-18T09:14:10Z;-301;;2079
2025-08-18T09:14:13Z;-259;;2121
2025-08-18T09:14:17Z;;2421;2162
2025-08-18T09:14:23Z;;2373;2114
2025-08-18T09:14:30Z;;2403;2144
2025-08-18T09:14:33Z;;2392;2133
2025-08-18T09:14:46Z;-337;;2055
2025-08-18T09:14:49Z;;2092;1755
2025-08-18T09:14:51Z;-260;2117;1780
2025-08-18T09:14:54Z;;2419;2159
2025-08-18T09:14:57Z;-611;;1808
2025-08-18T09:15:01Z;-634;;1785
2025-08-18T09:15:06Z;;2387;1753
2025-08-18T09:15:07Z;-307;;2080
2025-08-18T09:15:09Z;;2518;2211
2025-08-18T09:15:10Z;;2078;1771
2025-08-18T09:15:13Z;34;;2112
2025-08-18T09:15:24Z;67;;2145
2025-08-18T09:15:28Z;16;;2094
2025-08-18T09:15:31Z;61;;2139
2025-08-18T09:15:32Z;83;;2161
2025-08-18T09:15:36Z;-1819;;259
2025-08-18T09:15:40Z;-1791;;287
2025-08-18T09:15:52Z;-1809;;269
2025-08-18T09:15:55Z;-1799;;279
2025-08-18T09:15:57Z;-1809;;269
2025-08-18T09:15:58Z;-1678;;400
2025-08-18T09:16:41Z;;1799;121
2025-08-18T09:16:43Z;-1514;;285
2025-08-18T09:16:47Z;-1602;;197
2025-08-18T09:16:56Z;-1490;;309
2025-08-18T09:16:58Z;-1482;;317
2025-08-18T09:17:26Z;-1511;;288
2025-08-18T09:17:27Z;-1491;;308
2025-08-18T09:17:29Z;-1569;;230
2025-08-18T09:17:41Z;-1482;;317
2025-08-18T09:17:46Z;-1501;;298
2025-08-18T09:17:53Z;-1547;;252
2025-08-18T09:17:57Z;-1484;;315
2025-08-18T09:18:08Z;-1448;;351
2025-08-18T09:18:14Z;-1415;;384
2025-08-18T09:18:20Z;-1487;;312
2025-08-18T09:18:24Z;-1591;;208
2025-08-18T09:18:37Z;-1563;;236
2025-08-18T09:18:41Z;-1483;;316
2025-08-18T09:18:48Z;-1556;;243
2025-08-18T09:18:52Z;-1495;;304
2025-08-18T09:19:04Z;-1553;;246
2025-08-18T09:19:09Z;-1444;;355
2025-08-18T09:19:15Z;-1523;;276
2025-08-18T09:19:19Z;-1484;;315
2025-08-18T09:19:31Z;-1444;;355
2025-08-18T09:19:36Z;-1438;;361
2025-08-18T09:19:42Z;-1431;;368
2025-08-18T09:19:46Z;-1531;;268
2025-08-18T09:19:58Z;-1448;;351
2025-08-18T09:20:03Z;-1453;;346
2025-08-18T09:20:09Z;-1434;;365
2025-08-18T09:20:15Z;-1404;;395
2025-08-18T09:20:26Z;-1480;;319
2025-08-18T09:20:30Z;-1520;;279
2025-08-18T09:20:38Z;-1509;;290
2025-08-18T09:20:42Z;-1432;;367
2025-08-18T09:20:53Z;-1423;;376
2025-08-18T09:20:57Z;-1522;;277
2025-08-18T09:21:05Z;-1525;;274
2025-08-18T09:21:09Z;-1446;;353
2025-08-18T09:21:20Z;-1444;;355
2025-08-18T09:21:25Z;-1547;;252
2025-08-18T09:21:32Z;-1479;;320
2025-08-18T09:21:39Z;;1801;322
2025-08-18T09:21:50Z;78;1798;319
2025-08-18T09:23:12Z;;1806;1884
2025-08-18T09:23:36Z;42;;1848
2025-08-18T09:23:41Z;;2116;2158
2025-08-18T09:23:44Z;;2086;2128
2025-08-18T09:23:48Z;28;;2114
2025-08-18T09:23:51Z;;1744;1772
2025-08-18T09:23:53Z;;1881;1909
2025-08-18T09:24:09Z;6;;1887
2025-08-18T09:24:11Z;11;;1892
2025-08-18T09:24:13Z;15;;1896
2025-08-18T09:24:20Z;;2116;2131
2025-08-18T09:24:24Z;-296;;1820
2025-08-18T09:24:26Z;;2403;2107
2025-08-18T09:24:28Z;-592;;1811
2025-08-18T09:24:30Z;;2702;2110
2025-08-18T09:24:31Z;-862;;1840
2025-08-18T09:24:33Z;-909;;1793
2025-08-18T09:24:37Z;;2678;1769
2025-08-18T09:24:39Z;-650;;2028
2025-08-18T09:24:40Z;;2391;1741
2025-08-18T09:24:42Z;-258;;2133
2025-08-18T09:24:46Z;;2077;1819
2025-08-18T09:24:51Z;-50;;2027
2025-08-18T09:24:54Z;8;;2085
2025-08-18T09:25:04Z;0;;2077
2025-08-18T09:25:06Z;11;;2088
2025-08-18T09:25:22Z;-5;;2072
2025-08-18T09:25:23Z;100;;2177
2025-08-18T09:25:35Z;;1794;1894
2025-08-18T09:25:37Z;;1815;1915
2025-08-18T09:25:41Z;27;;1842
2025-08-18T09:25:44Z;;2104;2131
2025-08-18T09:25:45Z;-214;;1890
2025-08-18T09:25:47Z;;2400;2186
2025-08-18T09:25:49Z;-720;;1680
2025-08-18T09:25:51Z;-861;2812;1951
2025-08-18T09:25:52Z;;3137;2276
2025-08-18T09:25:54Z;;3399;2538
2025-08-18T09:25:55Z;-976;;2423
2025-08-18T09:26:04Z;-1092;3206;2230
2025-08-18T09:26:06Z;;2857;1765
2025-08-18T09:26:08Z;-922;2672;1580
2025-08-18T09:26:10Z;-594;2354;2078
2025-08-18T09:26:11Z;-303;;2051
2025-08-18T09:26:12Z;23;2093;1790
2025-08-18T09:26:14Z;;1781;1804
2025-08-18T09:26:19Z;303;;2084
2025-08-18T09:26:21Z;296;;2077
2025-08-18T09:26:22Z;313;;2094
2025-08-18T09:26:25Z;209;;1990
2025-08-18T09:26:27Z;306;;2087
2025-08-18T09:26:41Z;228;;2009
2025-08-18T09:26:43Z;302;;2083
2025-08-18T09:26:56Z;396;;2177
2025-08-18T09:26:58Z;-1071;;710
2025-08-18T09:27:16Z;;1493;422
2025-08-18T09:27:25Z;;1500;429
2025-08-18T09:27:29Z;;1499;428
2025-08-18T09:27:37Z;-1208;;291
2025-08-18T09:27:40Z;-1201;;298
2025-08-18T09:27:42Z;-1200;;299
2025-08-18T09:27:43Z;-1177;;322
2025-08-18T09:27:46Z;-1212;;287
2025-08-18T09:27:59Z;-1185;;314
2025-08-18T09:28:02Z;-1305;;194
2025-08-18T09:28:13Z;-1203;;296
2025-08-18T09:28:16Z;-1197;;302
2025-08-18T09:28:18Z;-1302;;197
2025-08-18T09:28:19Z;-1163;;336
2025-08-18T09:28:25Z;-1212;;287
2025-08-18T09:28:28Z;;1517;305
2025-08-18T09:28:39Z;;1499;287
2025-08-18T09:28:43Z;-1187;;312
2025-08-18T09:28:48Z;-1200;;299
2025-08-18T09:28:52Z;-1173;;326
2025-08-18T09:28:54Z;-1204;;295
2025-08-18T09:29:02Z;;1502;298
2025-08-18T09:29:10Z;-1426;1827;623
2025-08-18T09:29:19Z;;1786;360
2025-08-18T09:29:23Z;-1536;;250
2025-08-18T09:29:31Z;;1494;-42
2025-08-18T09:29:35Z;;1502;-34
2025-08-18T09:29:43Z;-1468;;34
2025-08-18T09:29:45Z;-1762;1813;345
2025-08-18T09:29:46Z;;2120;358
2025-08-18T09:29:52Z;-1725;2047;285
2025-08-18T09:29:55Z;;1743;18
2025-08-18T09:29:57Z;-1353;;390
2025-08-18T09:30:06Z;;1553;200
2025-08-18T09:30:24Z;-1488;;65
2025-08-18T09:30:26Z;-1738;1812;324
2025-08-18T09:30:28Z;-2200;;-388
2025-08-18T09:30:29Z;;2244;44
2025-08-18T09:30:30Z;;2502;302
2025-08-18T09:30:31Z;-1456;;1046
2025-08-18T09:30:32Z;-2603;;-101
2025-08-18T09:30:33Z;-2767;;-265
2025-08-18T09:30:34Z;;2784;17
2025-08-18T09:30:35Z;;3131;364
2025-08-18T09:30:43Z;-2660;2923;156
2025-08-18T09:30:45Z;-2268;;655
2025-08-18T09:30:46Z;;2590;322
2025-08-18T09:30:47Z;-2059;;531
2025-08-18T09:30:48Z;;2374;315
2025-08-18T09:30:50Z;;2438;379
2025-08-18T09:30:52Z;;2721;662
2025-08-18T09:30:54Z;;3026;967
2025-08-18T09:30:55Z;-2101;;925
2025-08-18T09:30:56Z;-2454;;572
2025-08-18T09:30:58Z;;2931;477
2025-08-18T09:31:00Z;-2758;;173
2025-08-18T09:31:01Z;-2691;2624;-134
2025-08-18T09:31:05Z;-2216;2395;-296
2025-08-18T09:31:09Z;-2099;;296
2025-08-18T09:31:38Z;;2099;0
2025-08-18T09:31:39Z;-1731;;368
2025-08-18T09:31:42Z;;1795;64
2025-08-18T09:31:47Z;;1845;114
2025-08-18T09:31:48Z;-1788;;57
2025-08-18T09:31:50Z;;2104;316
2025-08-18T09:31:52Z;-2331;2522;734
2025-08-18T09:31:54Z;-2589;;-67
2025-08-18T09:31:55Z;-2770;;-248
2025-08-18T09:31:56Z;-3038;2792;22
2025-08-18T09:31:58Z;;3005;-33
2025-08-18T09:32:00Z;;3342;304
2025-08-18T09:32:23Z;-2997;;345
2025-08-18T09:32:25Z;-3020;;322
2025-08-18T09:32:32Z;-2996;;346
2025-08-18T09:32:34Z;-3009;;333
2025-08-18T09:32:36Z;-2994;;348
2025-08-18T09:32:38Z;-3111;;231
2025-08-18T09:32:40Z;-2990;;352
2025-08-18T09:32:44Z;;3268;278
2025-08-18T09:32:46Z;;3303;313
2025-08-18T09:32:49Z;-3000;;303
2025-08-18T09:32:51Z;-2995;;308
2025-08-18T09:32:55Z;-3096;;207
2025-08-18T09:32:56Z;-2966;3299;203
2025-08-18T09:33:09Z;-3037;;262
2025-08-18T09:33:12Z;-2912;;387
2025-08-18T09:33:26Z;-3076;;223
2025-08-18T09:33:28Z;-2960;;339
2025-08-18T09:33:38Z;-2564;2942;588
2025-08-18T09:33:40Z;-2354;;945
2025-08-18T09:33:41Z;-2039;2536;-424
2025-08-18T09:33:43Z;;2361;322
2025-08-18T09:33:46Z;-2168;2417;378
2025-08-18T09:33:49Z;-2529;2769;601
2025-08-18T09:33:52Z;-2703;3000;471
2025-08-18T09:33:55Z;-2679;2981;278
2025-08-18T09:33:57Z;-2651;;330
2025-08-18T09:33:59Z;;3007;356
2025-08-18T09:34:05Z;-2670;2997;346
2025-08-18T09:34:15Z;-2799;;198
2025-08-18T09:34:17Z;;3029;230
2025-08-18T09:34:31Z;-3051;;-22
2025-08-18T09:34:33Z;-2952;;77
2025-08-18T09:35:16Z;;2981;29
2025-08-18T09:35:18Z;-2658;;323
2025-08-18T09:35:22Z;-708;;2273
2025-08-18T09:35:26Z;-551;2619;1911
2025-08-18T09:35:29Z;-522;;2097
2025-08-18T09:35:31Z;;2723;2201
2025-08-18T09:35:32Z;-872;;1851
2025-08-18T09:35:34Z;;3044;2172
2025-08-18T09:35:43Z;-924;2963;2091
2025-08-18T09:35:51Z;-879;;2084
2025-08-18T09:35:54Z;;3048;1907
2025-08-18T09:36:08Z;-1141;;1822
2025-08-18T09:36:11Z;-1078;;1970
2025-08-18T09:36:37Z;-1113;;1935
2025-08-18T09:36:39Z;-967;;2081
2025-08-18T09:39:11Z;-1045;;2003
2025-08-18T09:39:12Z;-944;;2104
2025-08-18T09:39:19Z;-880;;2168
2025-08-18T09:39:21Z;-898;;2150
2025-08-18T09:39:42Z;-972;;2076
2025-08-18T09:39:44Z;;2992;2020
2025-08-18T09:39:52Z;;3015;2043
2025-08-18T09:39:56Z;-1005;;2010
2025-08-18T09:39:59Z;-821;;2194
2025-08-18T09:40:01Z;;2998;2177
2025-08-18T09:40:06Z;-599;;2399
2025-08-18T09:40:08Z;;2662;2063
2025-08-18T09:40:11Z;-257;;2405
2025-08-18T09:40:13Z;;2312;2055
2025-08-18T09:40:18Z;-310;;2002
2025-08-18T09:40:20Z;;2465;2155
2025-08-18T09:40:29Z;-607;;1858
2025-08-18T09:40:31Z;-545;;1920
2025-08-18T09:40:33Z;-727;2799;2254
2025-08-18T09:40:36Z;-936;3063;2336
2025-08-18T09:40:38Z;-889;;2174
2025-08-18T09:40:40Z;;2964;2075
2025-08-18T09:40:47Z;-863;;2101
2025-08-18T09:40:49Z;-918;;2046
2025-08-18T09:40:50Z;;3038;2120
2025-08-18T09:40:51Z;-919;;2119
2025-08-18T09:40:55Z;-923;;2115
2025-08-18T09:40:58Z;-897;;2141
2025-08-18T09:41:03Z;-1034;;2004
2025-08-18T09:41:05Z;-890;;2148
2025-08-18T09:41:20Z;-883;;2155
2025-08-18T09:41:24Z;-904;;2134
2025-08-18T09:41:26Z;-912;;2126
2025-08-18T09:41:31Z;;2998;2086
2025-08-18T09:41:33Z;-829;;2169
2025-08-18T09:41:35Z;-839;;2159
2025-08-18T09:41:49Z;-849;;2149
2025-08-18T09:41:52Z;-912;;2086
2025-08-18T09:42:05Z;-851;;2147
2025-08-18T09:42:08Z;-970;;2028
2025-08-18T09:42:22Z;-830;;2168
2025-08-18T09:42:24Z;-937;;2061
2025-08-18T09:42:39Z;-944;;2054
2025-08-18T09:42:41Z;-844;;2154
2025-08-18T09:42:55Z;-910;;2088
2025-08-18T09:42:58Z;-812;;2186
2025-08-18T09:43:20Z;-637;;2361
2025-08-18T09:43:22Z;;2656;2019
2025-08-18T09:43:24Z;-308;;2348
2025-08-18T09:43:26Z;;2329;2021
2025-08-18T09:43:27Z;66;;2395
2025-08-18T09:43:28Z;;2058;2124
2025-08-18T09:43:30Z;325;;2383
2025-08-18T09:43:32Z;;1768;2093
2025-08-18T09:43:35Z;;1438;1763
2025-08-18T09:43:36Z;654;;2092
2025-08-18T09:43:41Z;518;;1956
2025-08-18T09:43:42Z;;1578;2096
2025-08-18T09:43:50Z;275;;1853
2025-08-18T09:43:51Z;;1836;2111
2025-08-18T09:43:55Z;4;;1840
2025-08-18T09:43:58Z;;2130;2134
2025-08-18T09:44:12Z;;2097;2101
2025-08-18T09:44:15Z;;2104;2108
2025-08-18T09:44:48Z;-299;;1805
2025-08-18T09:44:50Z;;2411;2112
2025-08-18T09:45:05Z;-588;;1823
2025-08-18T09:45:06Z;;2516;1928
2025-08-18T09:45:07Z;-591;;1925
2025-08-18T09:45:17Z;-572;;1944
2025-08-18T09:45:19Z;-600;2707;1916
2025-08-18T09:45:21Z;-587;;2120
2025-08-18T09:45:28Z;-732;;1975
2025-08-18T09:45:30Z;-590;;2117
2025-08-18T09:45:32Z;;2692;2102
2025-08-18T09:45:40Z;-312;;2380
2025-08-18T09:45:41Z;;2392;2080
2025-08-18T09:45:52Z;15;2085;1773
2025-08-18T09:45:54Z;-87;;1998
2025-08-18T09:45:58Z;;2104;2017
2025-08-18T09:46:04Z;;2086;1999
2025-08-18T09:46:05Z;31;;2117
2025-08-18T09:46:09Z;-9;;2077
2025-08-18T09:46:11Z;;2126;2117
2025-08-18T09:46:28Z;-310;;1816
2025-08-18T09:46:30Z;-201;;1925
2025-08-18T09:46:33Z;-288;;1838
2025-08-18T09:46:35Z;;2420;2132
2025-08-18T09:46:42Z;-569;;1851
2025-08-18T09:46:45Z;;2733;2164
2025-08-18T09:47:14Z;-602;;2131
2025-08-18T09:47:16Z;-598;2690;2135
2025-08-18T09:47:17Z;-691;;1999
2025-08-18T09:47:22Z;;2700;2009
2025-08-18T09:47:24Z;;2692;2001
2025-08-18T09:47:31Z;-564;;2128
2025-08-18T09:47:33Z;-724;2719;2155
2025-08-18T09:47:37Z;-630;;2089
2025-08-18T09:47:39Z;-607;2689;2112
2025-08-18T09:47:43Z;-345;;2344
2025-08-18T09:47:45Z;;2357;2012
2025-08-18T09:47:46Z;-291;;2066
2025-08-18T09:47:49Z;;2451;2160
2025-08-18T09:48:04Z;-675;;1776
2025-08-18T09:48:06Z;-683;;2021
2025-08-18T09:48:09Z;-602;2704;2029
2025-08-18T09:48:11Z;-606;;2098
2025-08-18T09:48:14Z;;2655;2049
2025-08-18T09:48:28Z;-601;2714;2108
2025-08-18T09:48:39Z;-574;;2140
2025-08-18T09:48:41Z;;2689;2115
2025-08-18T09:48:51Z;-246;2380;1806
2025-08-18T09:48:55Z;;2027;1781
2025-08-18T09:48:56Z;77;;2104
2025-08-18T09:48:58Z;;1765;1842
2025-08-18T09:48:59Z;328;;2093
2025-08-18T09:49:04Z;;1471;1799
2025-08-18T09:49:06Z;660;;2131
2025-08-18T09:49:10Z;544;;2015
2025-08-18T09:49:12Z;608;;2079
2025-08-18T09:49:14Z;496;1524;1967
2025-08-18T09:49:18Z;259;;1783
2025-08-18T09:49:19Z;;1825;2084
2025-08-18T09:49:20Z;53;;1878
2025-08-18T09:49:22Z;;2172;2225
2025-08-18T09:49:23Z;-246;;1926
2025-08-18T09:49:25Z;-424;2484;2238
2025-08-18T09:49:27Z;-655;;1829
2025-08-18T09:49:41Z;-532;;1952
2025-08-18T09:49:43Z;;2723;2191
2025-08-18T09:49:49Z;-618;;2105
2025-08-18T09:49:51Z;;2677;2059
2025-08-18T09:49:58Z;-553;;2124
2025-08-18T09:50:00Z;-662;;2015
2025-08-18T09:50:02Z;-607;2724;2062
2025-08-18T09:50:22Z;-2114;;610
2025-08-18T09:50:24Z;-2393;;331
2025-08-18T09:50:26Z;-2387;;337
2025-08-18T09:50:29Z;-2401;;323
2025-08-18T09:50:33Z;-2413;;311
2025-08-18T09:50:35Z;-2407;;317
2025-08-18T09:50:38Z;-2392;;332
2025-08-18T09:50:44Z;-2410;;314
2025-08-18T09:50:50Z;-2384;;340
2025-08-18T09:50:53Z;-2408;;316
2025-08-18T09:50:55Z;-2384;;340
2025-08-18T09:50:57Z;-2399;;325
2025-08-18T09:50:59Z;-2385;;339
2025-08-18T09:51:02Z;-2402;;322
2025-08-18T09:51:05Z;-2362;;362
2025-08-18T09:51:07Z;-2414;;310
2025-08-18T09:51:09Z;-2397;;327
2025-08-18T09:51:16Z;-2399;;325
2025-08-18T09:51:18Z;-2383;;341
2025-08-18T09:51:34Z;-2490;;234
2025-08-18T09:51:37Z;-2375;;349
2025-08-18T09:51:39Z;-2400;;324
2025-08-18T09:51:41Z;-2390;;334
2025-08-18T09:51:46Z;-2409;;315
2025-08-18T09:51:48Z;-2380;;344
2025-08-18T09:51:50Z;-2400;;324
2025-08-18T09:51:51Z;-2378;;346
2025-08-18T09:51:53Z;-2404;;320
2025-08-18T09:51:54Z;-2383;;341
2025-08-18T09:51:55Z;-2400;;324
2025-08-18T09:51:56Z;-2389;;335
2025-08-18T09:51:57Z;-2410;;314
2025-08-18T09:51:59Z;-2381;;343
2025-08-18T09:52:02Z;-2404;;320
2025-08-18T09:52:04Z;-2376;;348
2025-08-18T09:52:05Z;-2403;;321
2025-08-18T09:52:08Z;-2383;;341
2025-08-18T09:52:15Z;-2400;;324
2025-08-18T09:52:20Z;-2427;;297
2025-08-18T09:52:22Z;-2428;;296
2025-08-18T09:52:24Z;-2392;;332
2025-08-18T09:52:26Z;-2422;;302
2025-08-18T09:52:29Z;-2410;;314
2025-08-18T09:52:31Z;-2418;;306
2025-08-18T09:52:40Z;-2393;;331
2025-08-18T09:52:44Z;-2421;;303
2025-08-18T09:54:46Z;-2425;;299
2025-08-18T09:54:48Z;-2410;;314
2025-08-18T09:54:55Z;-2397;;327
2025-08-18T09:54:57Z;-2416;;308
2025-08-18T09:54:59Z;-2418;;306
2025-08-18T09:55:01Z;-2406;;318
2025-08-18T09:55:04Z;-2386;;338
2025-08-18T09:55:06Z;-2394;;330
2025-08-18T09:55:07Z;-2399;;325
2025-08-18T09:55:10Z;-2405;;319
2025-08-18T09:55:12Z;-2378;;346
2025-08-18T09:55:18Z;-2488;;236
2025-08-18T09:55:19Z;-2476;;248
2025-08-18T09:55:23Z;;2694;218
2025-08-18T09:55:28Z;-2033;;661
2025-08-18T09:55:31Z;;2355;322
2025-08-18T09:55:35Z;-1729;;626
2025-08-18T09:55:37Z;;2038;309
2025-08-18T09:55:38Z;-1500;;538
2025-08-18T09:55:41Z;;1779;279
2025-08-18T09:55:42Z;-1236;;543
2025-08-18T09:55:46Z;-1112;1498;262
2025-08-18T09:55:48Z;-1224;;274
2025-08-18T09:55:50Z;;1505;281
2025-08-18T09:55:54Z;;1482;258
2025-08-18T09:56:06Z;-873;;609
2025-08-18T09:56:09Z;;1192;319
2025-08-18T09:56:26Z;-591;;601
2025-08-18T09:56:28Z;-620;;572
2025-08-18T09:56:48Z;;1211;591
2025-08-18T09:56:49Z;-898;;313
2025-08-18T09:56:56Z;-1189;;22
2025-08-18T09:56:57Z;;1526;337
2025-08-18T09:57:27Z;-1190;;336
2025-08-18T09:57:28Z;-1232;;294
2025-08-18T09:57:30Z;-1198;;328
2025-08-18T09:57:31Z;-1204;;322
2025-08-18T09:57:41Z;-1194;;332
2025-08-18T09:57:45Z;;1492;298
2025-08-18T09:57:51Z;-919;;573
2025-08-18T09:57:53Z;-828;;664
2025-08-18T09:57:55Z;-910;1195;367
2025-08-18T09:58:06Z;-627;;568
2025-08-18T09:58:10Z;1103;;2298
2025-08-18T09:58:11Z;;880;1983
2025-08-18T09:58:12Z;1207;;2087
2025-08-18T09:58:19Z;;589;1796
2025-08-18T09:58:24Z;1511;;2100
2025-08-18T09:58:25Z;1443;;2032
2025-08-18T09:58:28Z;1555;;2144
2025-08-18T09:58:59Z;1488;;2077
2025-08-18T09:59:00Z;1606;;2195
2025-08-18T09:59:57Z;120;;709
2025-08-18T10:00:06Z;;370;490
2025-08-18T10:00:28Z;-119;;251
2025-08-18T10:05:40Z;;0;-119
2025-08-18T10:05:41Z;-104;;-104
2025-08-18T10:05:43Z;-494;371;-494
2025-08-18T10:11:34Z;1438;;1809
2025-08-18T10:13:18Z;1440;;1811
2025-08-18T10:13:21Z;;111;1551
2025-08-18T10:13:23Z;;413;1853
2025-08-18T10:15:06Z;;404;1844
2025-08-18T10:15:29Z;-137;;267
2025-08-18T10:15:47Z;82;;486
2025-08-18T10:15:49Z;-138;;266
2025-08-18T10:19:29Z;-210;;194
2025-08-18T10:19:31Z;-303;;101
2025-08-18T10:20:01Z;-220;;184
2025-08-18T10:20:04Z;-165;;239
2025-08-18T10:20:32Z;-250;;154
2025-08-18T10:20:34Z;-331;;73
2025-08-18T10:20:41Z;-333;;71
2025-08-18T10:20:51Z;-341;;63
2025-08-18T10:21:21Z;-357;;47
2025-08-18T10:21:23Z;-282;;122
2025-08-18T10:21:54Z;-282;;122
2025-08-18T10:21:55Z;-384;;20
2025-08-18T10:22:23Z;-290;;114
2025-08-18T10:22:26Z;-408;;-4
2025-08-18T10:22:34Z;-293;;111
2025-08-18T10:22:36Z;-318;;86
2025-08-18T10:22:37Z;-287;;117
2025-08-18T10:22:38Z;-310;;94
2025-08-18T10:22:39Z;-284;;120
2025-08-18T10:23:19Z;;601;317
2025-08-18T10:23:21Z;;595;311
2025-08-18T10:23:23Z;;606;322
2025-08-18T10:25:36Z;-473;;133
2025-08-18T10:25:47Z;-597;;9
2025-08-18T10:25:49Z;-600;;6
2025-08-18T10:25:50Z;-592;;14
2025-08-18T10:25:52Z;-425;;181
2025-08-18T10:26:15Z;;287;-138
2025-08-18T10:26:16Z;-458;;-171
2025-08-18T10:26:17Z;;712;254
2025-08-18T10:26:20Z;-631;;81
2025-08-18T10:26:41Z;1171;;1883
2025-08-18T10:27:30Z;1619;;2331
2025-08-18T10:27:32Z;1097;;1809
2025-08-18T10:28:04Z;1113;;1825
2025-08-18T10:28:28Z;-694;;18
2025-08-18T10:28:30Z;-668;;44
2025-08-18T10:28:47Z;-577;;135
2025-08-18T10:28:49Z;-614;;98
2025-08-18T10:28:59Z;-600;;112
2025-08-18T10:29:00Z;-585;;127
2025-08-18T10:29:01Z;-710;;2
2025-08-18T10:29:03Z;-593;;119
2025-08-18T10:29:10Z;-602;;110
2025-08-18T10:29:14Z;-597;;115
2025-08-18T10:29:16Z;-606;;106
2025-08-18T10:29:17Z;-589;;123
2025-08-18T10:29:20Z;-623;;89
2025-08-18T10:29:31Z;-599;;113
2025-08-18T10:29:33Z;-722;;-10
2025-08-18T10:29:34Z;-560;;152
2025-08-18T10:29:36Z;-593;;119
2025-08-18T10:29:38Z;-603;;109
2025-08-18T10:29:42Z;-584;;128
2025-08-18T10:29:44Z;-605;;107
2025-08-18T10:29:50Z;-608;;104
2025-08-18T10:29:51Z;-602;;110
2025-08-18T10:29:52Z;-596;;116
2025-08-18T10:29:55Z;-613;;99
2025-08-18T10:29:57Z;-590;;122
2025-08-18T10:30:06Z;;870;280
2025-08-18T10:30:19Z;;906;316
2025-08-18T10:30:28Z;-679;;227
2025-08-18T10:30:31Z;;897;218
2025-08-18T10:30:33Z;;902;223
2025-08-18T10:30:36Z;;899;220
2025-08-18T10:30:38Z;;903;224
2025-08-18T10:30:39Z;;897;218
2025-08-18T10:30:45Z;;900;221
2025-08-18T10:33:46Z;-920;;-20
2025-08-18T10:33:47Z;-932;;-32
2025-08-18T10:34:15Z;-837;;63
2025-08-18T10:34:17Z;-920;;-20
2025-08-18T10:34:50Z;-956;;-56
2025-08-18T10:34:51Z;-801;;99
2025-08-18T10:35:18Z;-838;;62
2025-08-18T10:35:22Z;-764;;136
2025-08-18T10:39:53Z;1034;;1934
2025-08-18T10:39:55Z;;898;1932
2025-08-18T10:39:57Z;;904;1938
2025-08-18T10:40:04Z;;899;1933
2025-08-18T10:40:07Z;;901;1935
2025-08-18T10:40:09Z;;899;1933
2025-08-18T10:41:07Z;2428;;3327
2025-08-18T10:41:08Z;1114;;2013
2025-08-18T10:41:10Z;1215;;2114
2025-08-18T10:41:12Z;1195;;2094
2025-08-18T10:41:13Z;1223;;2122
2025-08-18T10:41:27Z;-423;;476
2025-08-18T10:43:16Z;-297;;602
2025-08-18T10:43:18Z;-316;;583
2025-08-18T10:43:21Z;;276;-40
2025-08-18T10:43:23Z;;721;405
2025-08-18T10:44:18Z;-450;;271
2025-08-18T10:44:20Z;-315;;406
2025-08-18T10:44:30Z;-304;;417
2025-08-18T10:44:35Z;-303;;418
2025-08-18T10:44:37Z;-305;;416
2025-08-18T10:44:49Z;-287;;434
2025-08-18T10:44:50Z;-403;;318
2025-08-18T10:44:53Z;-292;;429
2025-08-18T10:44:55Z;-315;;406
2025-08-18T10:44:56Z;-284;;437
2025-08-18T10:45:00Z;-302;;419
2025-08-18T10:45:02Z;-297;;424
2025-08-18T10:45:04Z;-306;;415
2025-08-18T10:45:06Z;;667;361
2025-08-18T10:45:08Z;-293;;374
2025-08-18T10:45:22Z;-314;;353
2025-08-18T10:45:24Z;-297;;370
2025-08-18T10:45:28Z;-297;;370
2025-08-18T10:45:42Z;-291;;376
2025-08-18T10:45:45Z;-314;;353
2025-08-18T10:45:48Z;-299;;368
2025-08-18T10:45:50Z;-304;;363
2025-08-18T10:45:56Z;-277;;390
2025-08-18T10:45:57Z;-304;;363
2025-08-18T10:45:59Z;-297;;370
2025-08-18T10:46:02Z;-304;;363
2025-08-18T10:46:04Z;-280;;387
2025-08-18T10:46:06Z;-300;;367
2025-08-18T10:46:07Z;-294;;373
2025-08-18T10:46:08Z;-305;;362
2025-08-18T10:46:09Z;-294;;373
2025-08-18T10:46:12Z;-302;;365
2025-08-18T10:46:14Z;-298;;369
2025-08-18T10:46:19Z;-304;;363
2025-08-18T10:46:21Z;-294;;373
2025-08-18T10:46:22Z;-282;;385
2025-08-18T10:46:25Z;-318;;349
2025-08-18T10:46:30Z;-296;;371
2025-08-18T10:46:32Z;-300;;367
2025-08-18T10:46:41Z;-280;;387
2025-08-18T10:46:43Z;-291;;376
2025-08-18T10:46:54Z;-273;;394
2025-08-18T10:46:56Z;-381;;286
2025-08-18T10:47:27Z;-247;;420
2025-08-18T10:47:28Z;-395;;272
2025-08-18T10:47:59Z;-270;;397
2025-08-18T10:48:00Z;-295;;372
2025-08-18T10:48:30Z;-383;;284
2025-08-18T10:48:32Z;-388;;279
2025-08-18T10:49:01Z;-384;;283
2025-08-18T10:49:04Z;-238;;429
2025-08-18T10:49:33Z;-375;;292
2025-08-18T10:49:35Z;-384;;283
2025-08-18T10:50:04Z;-249;;418
2025-08-18T10:50:07Z;-239;;428
2025-08-18T10:50:35Z;-256;;411
2025-08-18T10:50:38Z;-304;;363
2025-08-18T10:50:49Z;;599;295
2025-08-18T10:50:51Z;;609;305
2025-08-18T10:51:09Z;-264;;345
2025-08-18T10:51:10Z;-381;;228
2025-08-18T10:51:39Z;-386;;223
2025-08-18T10:51:42Z;-224;;385
2025-08-18T10:52:10Z;-266;;343
2025-08-18T10:52:14Z;-291;;318
2025-08-18T10:52:45Z;-380;;229
2025-08-18T10:52:46Z;-377;;232
2025-08-18T10:53:13Z;-264;;345
2025-08-18T10:53:16Z;-312;;297
2025-08-18T10:53:47Z;-282;;327
2025-08-18T10:53:48Z;-388;;221
2025-08-18T10:54:13Z;-297;;312
2025-08-18T10:54:15Z;-301;;308
2025-08-18T10:54:16Z;-285;;324
2025-08-18T10:54:20Z;-253;;356
2025-08-18T10:54:31Z;-296;;313
2025-08-18T10:54:33Z;-276;;333
2025-08-18T10:54:39Z;-302;;307
2025-08-18T10:54:47Z;-282;;327
2025-08-18T10:54:48Z;-303;;306
2025-08-18T10:54:49Z;-287;;322
2025-08-18T10:54:50Z;-301;;308
2025-08-18T10:54:51Z;-282;;327
2025-08-18T10:54:52Z;-409;;200
2025-08-18T10:54:54Z;-284;;325
2025-08-18T10:54:56Z;1384;;1993
2025-08-18T10:56:21Z;1360;;1969
2025-08-18T10:56:23Z;-252;;357
2025-08-18T10:56:25Z;-424;;185
2025-08-18T10:56:27Z;-303;;306
2025-08-18T10:56:31Z;-303;;306
2025-08-18T10:56:33Z;-286;;323
2025-08-18T10:56:36Z;-321;;288
2025-08-18T10:56:38Z;-299;;310
2025-08-18T10:56:49Z;-333;;276
2025-08-18T10:56:51Z;-299;;310
2025-08-18T10:56:59Z;-445;;164
2025-08-18T10:57:00Z;-284;;325
2025-08-18T10:58:49Z;8;;617
2025-08-18T10:58:51Z;-324;;285
2025-08-18T10:59:03Z;-337;;272
2025-08-18T10:59:04Z;-15;;594
2025-08-18T11:00:06Z;;728;713
2025-08-18T11:00:29Z;-390;;338
2025-08-18T11:03:47Z;-593;;135
2025-08-18T11:03:49Z;-601;;127
2025-08-18T11:04:17Z;-503;;225
2025-08-18T11:04:20Z;-627;;101
2025-08-18T11:04:50Z;-618;;110
2025-08-18T11:04:52Z;-558;;170
2025-08-18T11:05:01Z;;901;343
2025-08-18T11:05:03Z;;894;336
2025-08-18T11:05:05Z;;905;347
2025-08-18T11:05:07Z;;899;341
2025-08-18T11:05:09Z;;900;342
2025-08-18T11:05:23Z;-571;;329
2025-08-18T11:05:24Z;-684;;216
2025-08-18T11:05:31Z;-589;;311
2025-08-18T11:05:59Z;;1209;620
2025-08-18T11:06:08Z;;1193;604
2025-08-18T11:06:37Z;-707;;486
2025-08-18T11:06:39Z;-226;;967
2025-08-18T11:07:41Z;;1201;975
2025-08-18T11:07:48Z;;1197;971
2025-08-18T11:08:00Z;-809;;388
2025-08-18T11:08:01Z;-891;;306
2025-08-18T11:08:03Z;-911;;286
2025-08-18T11:08:09Z;-918;;279
2025-08-18T11:08:10Z;-908;;289
2025-08-18T11:08:32Z;;1203;295
2025-08-18T11:08:42Z;-1197;;6
2025-08-18T11:08:45Z;;1500;303
2025-08-18T11:08:53Z;;1493;296
2025-08-18T11:09:15Z;;1504;307
2025-08-18T11:09:19Z;-1479;;25
2025-08-18T11:09:22Z;;1825;346
2025-08-18T11:09:26Z;-1806;;19
2025-08-18T11:09:43Z;-1798;;27
2025-08-18T11:09:51Z;;1745;-53
2025-08-18T11:09:54Z;-1488;;257
2025-08-18T11:10:04Z;;1497;9
2025-08-18T11:10:10Z;;1509;21
2025-08-18T11:10:13Z;-1499;;10
2025-08-18T11:10:16Z;;1823;324
2025-08-18T11:10:17Z;-1811;;12
2025-08-18T11:10:20Z;;2152;341
2025-08-18T11:10:29Z;;2061;250
2025-08-18T11:10:35Z;;2111;300
2025-08-18T11:10:37Z;;2092;281
2025-08-18T11:10:38Z;-1837;;255
2025-08-18T11:10:48Z;;1788;-49
2025-08-18T11:10:51Z;;1817;-20
2025-08-18T11:10:54Z;-1805;;12
2025-08-18T11:11:08Z;-1798;;19
2025-08-18T11:11:18Z;;1796;-2
2025-08-18T11:11:21Z;;1820;22
2025-08-18T11:11:25Z;-1813;;7
2025-08-18T11:11:45Z;-1800;;20
2025-08-18T11:11:50Z;-1688;;132
2025-08-18T11:11:52Z;-1800;;20
2025-08-18T11:11:54Z;-1795;;25
2025-08-18T11:11:58Z;-1793;;27
2025-08-18T11:12:04Z;;1785;-8
2025-08-18T11:12:11Z;-1556;;229
2025-08-18T11:12:27Z;;1498;-58
2025-08-18T11:12:44Z;-1204;;294
2025-08-18T11:12:45Z;-1189;;309
2025-08-18T11:13:01Z;;1509;320
2025-08-18T11:13:06Z;-1433;;76
2025-08-18T11:13:08Z;;1810;377
2025-08-18T11:13:10Z;-1797;;13
2025-08-18T11:13:12Z;-2109;2109;312
2025-08-18T11:13:15Z;;2434;325
2025-08-18T11:13:20Z;;2381;272
2025-08-18T11:13:23Z;;2401;292
2025-08-18T11:13:28Z;-2193;2380;271
2025-08-18T11:13:30Z;-1984;;396
2025-08-18T11:13:32Z;;2042;58
2025-08-18T11:13:34Z;-1490;1781;-203
2025-08-18T11:13:44Z;-1517;;264
2025-08-18T11:13:49Z;;1803;286
2025-08-18T11:13:52Z;;1793;276
2025-08-18T11:13:57Z;-1595;;198
2025-08-18T11:14:04Z;-1513;;280
2025-08-18T11:14:12Z;;1810;297
2025-08-18T11:14:15Z;-1828;;-18
2025-08-18T11:14:20Z;-1795;;15
2025-08-18T11:14:22Z;-1805;;5
2025-08-18T11:14:26Z;;2176;371
2025-08-18T11:14:27Z;-2142;;34
2025-08-18T11:14:31Z;;2414;272
2025-08-18T11:14:34Z;-2467;;-53
2025-08-18T11:14:36Z;;2706;239
2025-08-18T11:14:37Z;-2701;;5
2025-08-18T11:14:40Z;;3001;300
2025-08-18T11:14:47Z;;2993;292
2025-08-18T11:14:48Z;-2637;;356
2025-08-18T11:14:50Z;-2393;2634;-3
2025-08-18T11:14:52Z;-2173;2399;6
2025-08-18T11:14:57Z;;2081;-92
2025-08-18T11:15:03Z;-1621;;460
2025-08-18T11:15:06Z;;2058;437
2025-08-18T11:15:08Z;-1528;;530
2025-08-18T11:15:10Z;;1755;227
2025-08-18T11:15:28Z;-1280;;475
2025-08-18T11:15:29Z;;1497;217
2025-08-18T11:15:40Z;-1259;;238
2025-08-18T11:15:42Z;-1192;;305
2025-08-18T11:15:49Z;-1163;;334
2025-08-18T11:15:51Z;-1180;;317
2025-08-18T11:15:52Z;-1225;;272
2025-08-18T11:15:55Z;-1252;;245
2025-08-18T11:16:12Z;;1500;248
2025-08-18T11:16:17Z;-1469;;31
2025-08-18T11:16:20Z;-1328;;172
2025-08-18T11:16:24Z;-1498;;2
2025-08-18T11:16:27Z;;1912;414
2025-08-18T11:16:28Z;-1956;;-44
2025-08-18T11:16:30Z;;2199;243
2025-08-18T11:16:32Z;;2489;533
2025-08-18T11:16:33Z;-2475;;14
2025-08-18T11:16:36Z;;2736;261
2025-08-18T11:16:38Z;;2692;217
2025-08-18T11:16:40Z;-2346;;346
2025-08-18T11:16:42Z;;2381;35
2025-08-18T11:16:43Z;-2004;;377
2025-08-18T11:16:48Z;;2087;83
2025-08-18T11:16:50Z;;2167;163
2025-08-18T11:16:51Z;-2235;;-68
2025-08-18T11:16:53Z;-2467;2491;256
2025-08-18T11:16:55Z;-2836;;-345
2025-08-18T11:16:56Z;;2841;5
2025-08-18T11:16:58Z;;3004;168
2025-08-18T11:17:03Z;-2647;2982;146
2025-08-18T11:17:07Z;-2340;2606;-41
2025-08-18T11:17:10Z;;2356;16
2025-08-18T11:17:12Z;-2099;;257
2025-08-18T11:17:24Z;-1771;2072;-27
2025-08-18T11:17:28Z;;1776;5
2025-08-18T11:17:29Z;-1493;;283
2025-08-18T11:17:32Z;;1451;-42
2025-08-18T11:17:34Z;-1062;;389
2025-08-18T11:18:20Z;-1169;;282
2025-08-18T11:18:23Z;-1215;;236
2025-08-18T11:18:50Z;;1197;-18
2025-08-18T11:19:30Z;-985;;212
2025-08-18T11:19:32Z;-956;;241
2025-08-18T11:19:40Z;-1000;;197
2025-08-18T11:19:42Z;-879;;318
2025-08-18T11:19:54Z;-814;;383
2025-08-18T11:19:55Z;-965;;232
2025-08-18T11:20:02Z;-789;;408
2025-08-18T11:20:04Z;-916;;281
2025-08-18T11:20:13Z;-750;;447
2025-08-18T11:20:15Z;-936;;261
2025-08-18T11:20:24Z;-873;;324
2025-08-18T11:20:26Z;-950;;247
2025-08-18T11:20:36Z;-799;;398
2025-08-18T11:20:37Z;-921;;276
2025-08-18T11:20:43Z;-990;;207
2025-08-18T11:20:45Z;-880;;317
2025-08-18T11:20:54Z;-896;;301
2025-08-18T11:20:56Z;-760;;437
2025-08-18T11:20:57Z;-881;;316
2025-08-18T11:20:59Z;-892;;305
2025-08-18T11:21:04Z;-986;;211
2025-08-18T11:21:06Z;-851;;346
2025-08-18T11:21:15Z;-907;;290
2025-08-18T11:21:19Z;-885;;312
2025-08-18T11:21:22Z;-955;;242
2025-08-18T11:21:24Z;-891;;306
2025-08-18T11:21:25Z;-842;;355
2025-08-18T11:21:31Z;-878;;319
2025-08-18T11:21:33Z;-965;;232
2025-08-18T11:21:34Z;-969;;228
2025-08-18T11:21:47Z;-979;;218
2025-08-18T11:21:49Z;-937;;260
2025-08-18T11:21:53Z;-929;;268
2025-08-18T11:21:55Z;-893;;304
2025-08-18T11:21:57Z;-981;;216
2025-08-18T11:21:59Z;-862;;335
2025-08-18T11:22:08Z;-980;;217
2025-08-18T11:22:10Z;-934;;263
2025-08-18T11:22:19Z;-885;;312
2025-08-18T11:22:21Z;-886;;311
2025-08-18T11:22:43Z;-827;;370
2025-08-18T11:22:44Z;-942;;255
2025-08-18T11:22:48Z;-774;;423
2025-08-18T11:22:50Z;-570;;627
2025-08-18T11:22:51Z;-820;;377
2025-08-18T11:22:52Z;-984;;213
2025-08-18T11:23:42Z;-911;;286
2025-08-18T11:23:44Z;-805;;392
2025-08-18T11:23:45Z;;721;-84
2025-08-18T11:23:47Z;;1285;480
2025-08-18T11:23:49Z;;1085;280
2025-08-18T11:24:06Z;-910;;175
2025-08-18T11:24:07Z;-891;;194
2025-08-18T11:24:13Z;-918;;167
2025-08-18T11:24:15Z;-681;;404
2025-08-18T11:24:16Z;-854;;231
2025-08-18T11:24:18Z;-874;;211
2025-08-18T11:25:29Z;-916;;169
2025-08-18T11:25:37Z;-971;;114
2025-08-18T11:26:09Z;-896;;189
2025-08-18T11:26:11Z;-904;;181
2025-08-18T11:26:18Z;-697;;388
2025-08-18T11:26:20Z;-529;;556
2025-08-18T11:26:21Z;-835;;250
2025-08-18T11:29:50Z;;899;64
2025-08-18T11:29:52Z;;906;71
2025-08-18T11:29:56Z;;899;64
2025-08-18T11:30:06Z;;896;61
2025-08-18T11:30:18Z;-662;;234
2025-08-18T11:30:20Z;-583;;313
2025-08-18T11:30:32Z;-709;;187
2025-08-18T11:30:36Z;-589;;307
2025-08-18T11:30:38Z;-601;;295
2025-08-18T11:30:41Z;-592;;304
2025-08-18T11:30:47Z;-630;;266
2025-08-18T11:30:56Z;-543;;353
2025-08-18T11:31:02Z;-531;;365
2025-08-18T11:31:10Z;-541;;355
2025-08-18T11:31:15Z;-683;;213
2025-08-18T11:31:24Z;-492;;404
2025-08-18T11:31:30Z;-546;;350
2025-08-18T11:31:40Z;-664;;232
2025-08-18T11:31:45Z;-568;;328
2025-08-18T11:31:54Z;-654;;242
2025-08-18T11:31:59Z;-562;;334
2025-08-18T11:32:08Z;-658;;238
2025-08-18T11:32:12Z;-660;;236
2025-08-18T11:32:22Z;-448;;448
2025-08-18T11:32:27Z;-172;;724
2025-08-18T11:32:37Z;-437;;459
2025-08-18T11:32:41Z;-620;;276
2025-08-18T11:32:51Z;-424;;472
2025-08-18T11:32:56Z;-639;;257
2025-08-18T11:33:05Z;-437;;459
2025-08-18T11:33:11Z;-532;;364
2025-08-18T11:33:20Z;-463;;433
2025-08-18T11:33:25Z;-638;;258
2025-08-18T11:33:34Z;-452;;444
2025-08-18T11:33:39Z;-644;;252
2025-08-18T11:33:48Z;-460;;436
2025-08-18T11:33:55Z;-491;;405
2025-08-18T11:33:58Z;;469;-22
2025-08-18T11:34:00Z;;782;291
2025-08-18T11:34:04Z;-658;;124
2025-08-18T11:34:09Z;-549;;233
2025-08-18T11:34:18Z;-628;;154
2025-08-18T11:34:23Z;-518;;264
2025-08-18T11:34:33Z;-678;;104
2025-08-18T11:34:38Z;-579;;203
2025-08-18T11:34:46Z;-506;;276
2025-08-18T11:35:04Z;;905;399
2025-08-18T11:35:58Z;-905;;0
2025-08-18T11:36:02Z;;1200;295
2025-08-18T11:36:06Z;-1216;;-16
2025-08-18T11:36:08Z;;1518;302
2025-08-18T11:36:11Z;-1189;1469;253
2025-08-18T11:36:13Z;-1192;;277
2025-08-18T11:36:14Z;-1171;;298
2025-08-18T11:36:21Z;;1176;5
2025-08-18T11:36:26Z;-948;;228
2025-08-18T11:36:29Z;-898;;278
2025-08-18T11:36:31Z;-907;;269
2025-08-18T11:36:33Z;-955;;221
2025-08-18T11:36:35Z;-931;1204;245
2025-08-18T11:36:37Z;-1033;;171
2025-08-18T11:36:39Z;-1195;;9
2025-08-18T11:36:41Z;-1467;1590;395
2025-08-18T11:36:43Z;;1805;338
2025-08-18T11:36:45Z;-1885;;-80
2025-08-18T11:36:47Z;-2034;;-229
2025-08-18T11:36:48Z;;2122;88
2025-08-18T11:36:50Z;;2442;408
2025-08-18T11:36:52Z;-2442;;0
2025-08-18T11:36:54Z;;2754;312
2025-08-18T11:37:03Z;;2655;213
2025-08-18T11:37:04Z;-2358;;297
2025-08-18T11:37:07Z;-2068;2338;-20
2025-08-18T11:37:13Z;;2091;23
2025-08-18T11:37:14Z;-1740;;351
2025-08-18T11:37:17Z;-1460;1757;17
2025-08-18T11:37:23Z;;1495;35
2025-08-18T11:37:26Z;;1526;66
2025-08-18T11:37:29Z;-1517;;9
2025-08-18T11:37:31Z;;1838;321
2025-08-18T11:37:38Z;-1811;;27
2025-08-18T11:37:46Z;;2111;300
2025-08-18T11:37:49Z;-2100;;11
2025-08-18T11:37:51Z;;2454;354
2025-08-18T11:38:01Z;-1945;;509
2025-08-18T11:38:03Z;-2097;;357
2025-08-18T11:38:24Z;;2397;300
2025-08-18T11:38:27Z;-2062;;335
2025-08-18T11:38:28Z;-1782;;615
2025-08-18T11:38:29Z;;2095;313
2025-08-18T11:38:33Z;;1794;12
2025-08-18T11:38:36Z;;1808;26
2025-08-18T11:38:39Z;-1838;;-30
2025-08-18T11:38:42Z;;2121;283
2025-08-18T11:38:48Z;;2084;246
2025-08-18T11:38:50Z;;2111;273
2025-08-18T11:38:52Z;-2087;;24
2025-08-18T11:38:54Z;;2460;373
2025-08-18T11:38:59Z;-2410;;50
2025-08-18T11:39:01Z;;2707;297
2025-08-18T11:39:07Z;-2351;;356
2025-08-18T11:39:09Z;-2515;;192
2025-08-18T11:39:18Z;-2393;;314
2025-08-18T11:39:20Z;;2659;266
2025-08-18T11:39:24Z;-2091;;568
2025-08-18T11:39:26Z;;2386;295
2025-08-18T11:39:29Z;-2113;2427;336
2025-08-18T11:40:03Z;;2704;591
2025-08-18T11:40:16Z;-2410;;294
2025-08-18T11:40:38Z;;3008;598
2025-08-18T11:40:56Z;;2992;582
2025-08-18T11:40:58Z;;3007;597
2025-08-18T11:41:07Z;;2987;577
2025-08-18T11:41:19Z;-2397;;590
2025-08-18T11:41:25Z;;2676;279
2025-08-18T11:41:27Z;-2132;;544
2025-08-18T11:41:32Z;-1817;2330;198
2025-08-18T11:41:37Z;;2071;254
2025-08-18T11:41:47Z;-1468;;603
2025-08-18T11:41:49Z;;1771;303
2025-08-18T11:42:16Z;;1824;356
2025-08-18T11:42:19Z;-1512;;312
2025-08-18T11:42:29Z;;2110;598
2025-08-18T11:42:32Z;-1807;;303
2025-08-18T11:42:36Z;;2425;618
2025-08-18T11:42:38Z;-2106;;319
2025-08-18T11:42:44Z;-2477;;-52
2025-08-18T11:42:47Z;;2703;226
2025-08-18T11:42:54Z;;2683;206
2025-08-18T11:42:56Z;-2382;;301
2025-08-18T11:43:05Z;-2444;;239
2025-08-18T11:43:07Z;;2732;288
2025-08-18T11:43:11Z;-2703;;29
2025-08-18T11:43:35Z;-2673;;59
2025-08-18T11:43:42Z;;2695;22
2025-08-18T11:43:44Z;;2712;39
2025-08-18T11:43:53Z;-2708;;4
2025-08-18T11:43:55Z;-2696;;16
2025-08-18T11:43:57Z;-2711;;1
2025-08-18T11:43:58Z;-2694;;18
2025-08-18T11:43:59Z;-2744;;-32
2025-08-18T11:44:05Z;-2698;;14
2025-08-18T11:44:07Z;-2697;;15
2025-08-18T11:44:08Z;-2697;;15
2025-08-18T11:44:14Z;-2739;;-27
2025-08-18T11:44:18Z;-2727;;-15
2025-08-18T11:44:28Z;-2718;;-6
2025-08-18T11:44:33Z;-2673;;39
2025-08-18T11:44:43Z;-2701;;11
2025-08-18T11:44:45Z;-2689;;23
2025-08-18T11:44:46Z;-2704;;8
2025-08-18T11:44:48Z;-2700;;12
2025-08-18T11:45:06Z;;2888;188
2025-08-18T11:45:28Z;-2551;;337
2025-08-18T11:48:20Z;-2700;;188
2025-08-18T11:48:24Z;-2627;;261
2025-08-18T11:48:34Z;;2687;60
2025-08-18T11:48:35Z;-2375;;312
2025-08-18T11:48:37Z;-2216;;471
2025-08-18T11:48:40Z;;2362;146
2025-08-18T11:48:46Z;;2445;229
2025-08-18T11:48:47Z;-2104;;341
2025-08-18T11:48:55Z;-2097;;348
2025-08-18T11:48:57Z;-2153;;292
2025-08-18T11:49:02Z;;2364;211
2025-08-18T11:49:03Z;-2032;;332
2025-08-18T11:49:04Z;-2108;2078;46
2025-08-18T11:49:05Z;-1966;;112
2025-08-18T11:49:07Z;-1709;;369
2025-08-18T11:49:08Z;;1781;72
2025-08-18T11:49:10Z;;1814;105
2025-08-18T11:49:12Z;;2149;440
2025-08-18T11:49:13Z;-1480;;669
2025-08-18T11:49:15Z;-1594;;555
2025-08-18T11:49:16Z;-1823;;326
2025-08-18T11:49:20Z;;2096;273
2025-08-18T11:49:22Z;-1687;;409
2025-08-18T11:49:24Z;-1495;1724;37
2025-08-18T11:49:33Z;;1492;-3
2025-08-18T11:49:53Z;-1215;;277
2025-08-18T11:50:03Z;-1074;;418
2025-08-18T11:50:05Z;-964;;528
2025-08-18T11:50:12Z;;1199;235
2025-08-18T11:50:13Z;-914;;285
2025-08-18T11:50:28Z;;1209;295
2025-08-18T11:50:30Z;-890;;319
2025-08-18T11:50:32Z;-956;;253
2025-08-18T11:50:35Z;;1186;230
2025-08-18T11:51:22Z;-578;;608
2025-08-18T11:51:24Z;-638;;548
2025-08-18T11:51:34Z;-554;;632
2025-08-18T11:51:35Z;-631;;555
2025-08-18T11:51:43Z;-516;;670
2025-08-18T11:51:45Z;-706;;480
2025-08-18T11:51:56Z;-625;;561
2025-08-18T11:51:58Z;-595;;591
2025-08-18T11:51:59Z;-632;;554
2025-08-18T11:52:00Z;-595;;591
2025-08-18T11:52:03Z;-658;;528
2025-08-18T11:52:04Z;-451;;735
2025-08-18T11:52:06Z;-627;;559
2025-08-18T11:52:07Z;-618;;568
2025-08-18T11:52:09Z;-603;;583
2025-08-18T11:52:10Z;-594;;592
2025-08-18T11:52:11Z;-621;;565
2025-08-18T11:52:12Z;-650;;536
2025-08-18T11:52:14Z;-657;;529
2025-08-18T11:52:16Z;-598;;588
2025-08-18T11:52:19Z;-618;;568
2025-08-18T11:52:21Z;-608;;578
2025-08-18T11:52:24Z;-633;;553
2025-08-18T11:52:26Z;-458;;728
2025-08-18T11:52:27Z;-600;;586
2025-08-18T11:52:30Z;-581;;605
2025-08-18T11:52:35Z;-546;;640
2025-08-18T11:52:38Z;-569;;617
2025-08-18T11:52:39Z;-605;;581
2025-08-18T11:52:43Z;-594;;592
2025-08-18T11:52:47Z;-362;;824
2025-08-18T11:52:49Z;-565;;621
2025-08-18T11:52:50Z;-621;;565
2025-08-18T11:52:54Z;-574;;612
2025-08-18T11:52:55Z;-666;;520
2025-08-18T11:52:59Z;-586;;600
2025-08-18T11:53:00Z;-626;;560
2025-08-18T11:53:02Z;-595;;591
2025-08-18T11:53:06Z;-634;;552
2025-08-18T11:53:09Z;-620;;566
2025-08-18T11:53:10Z;-652;;534
2025-08-18T11:53:11Z;-596;;590
2025-08-18T11:53:12Z;-635;;551
2025-08-18T11:53:14Z;-626;;560
2025-08-18T11:53:17Z;-678;;508
2025-08-18T11:53:21Z;-596;;590
2025-08-18T11:53:22Z;-649;;537
2025-08-18T11:53:23Z;-587;;599
2025-08-18T11:53:27Z;-662;;524
2025-08-18T11:53:29Z;-572;;614
2025-08-18T11:53:39Z;-625;;561
2025-08-18T11:53:41Z;-704;;482
2025-08-18T11:53:46Z;-867;;319
2025-08-18T11:53:48Z;-993;1238;193
2025-08-18T11:53:50Z;;1575;582
2025-08-18T11:53:52Z;-1531;1859;44
2025-08-18T11:53:53Z;-1521;;338
2025-08-18T11:53:57Z;-1633;;226
2025-08-18T11:53:58Z;;2215;582
2025-08-18T11:53:59Z;-1617;;598
2025-08-18T11:54:01Z;-2177;;38
2025-08-18T11:54:02Z;;2416;239
2025-08-18T11:54:03Z;;2776;599
2025-08-18T11:54:04Z;-2386;;390
2025-08-18T11:54:09Z;-2355;;421
2025-08-18T11:54:10Z;;2657;302
2025-08-18T11:54:18Z;;2713;358
2025-08-18T11:54:22Z;;2679;324
2025-08-18T11:54:27Z;;2710;355
2025-08-18T11:54:33Z;;2671;316
2025-08-18T11:54:53Z;-2056;;615
2025-08-18T11:54:55Z;-2120;;551
2025-08-18T11:54:57Z;;2776;656
2025-08-18T11:54:58Z;-2447;;329
2025-08-18T11:55:00Z;;3050;603
2025-08-18T11:55:03Z;-2721;;329
2025-08-18T11:55:06Z;-2573;;477
2025-08-18T11:55:07Z;-2396;;654
2025-08-18T11:55:08Z;-2612;;438
2025-08-18T11:55:26Z;-2701;;349
2025-08-18T11:55:27Z;-2701;;349
2025-08-18T11:55:29Z;-2720;;330
2025-08-18T11:55:36Z;-2719;;331
2025-08-18T11:56:07Z;-2308;;742
2025-08-18T11:56:08Z;-2530;;520
2025-08-18T11:56:48Z;;2999;469
2025-08-18T11:56:55Z;;3005;475
2025-08-18T11:56:57Z;;2997;467
2025-08-18T11:57:05Z;;3008;478
2025-08-18T11:57:07Z;;2998;468
2025-08-18T11:57:16Z;;3007;477
2025-08-18T11:57:17Z;;2996;466
2025-08-18T11:57:25Z;;3004;474
2025-08-18T11:57:27Z;;2992;462
2025-08-18T11:57:35Z;;3004;474
2025-08-18T11:57:37Z;;2992;462
2025-08-18T11:57:45Z;;3003;473
2025-08-18T11:57:47Z;;2990;460
2025-08-18T11:57:55Z;;3001;471
2025-08-18T11:57:57Z;;2988;458
2025-08-18T11:58:06Z;;3003;473
2025-08-18T11:58:08Z;;2989;459
2025-08-18T11:58:33Z;;3002;472
2025-08-18T11:58:35Z;;2995;465
2025-08-18T11:58:43Z;;3010;480
2025-08-18T11:58:45Z;;2993;463
2025-08-18T11:58:47Z;;3008;478
2025-08-18T11:58:49Z;;2999;469
2025-08-18T11:58:51Z;;3009;479
2025-08-18T11:58:53Z;;2995;465
2025-08-18T11:58:55Z;;3008;478
2025-08-18T11:58:59Z;;2986;456
2025-08-18T11:59:16Z;;3009;479
2025-08-18T11:59:22Z;-2693;;316
2025-08-18T11:59:24Z;-2696;;313
2025-08-18T11:59:25Z;-2708;;301
2025-08-18T11:59:26Z;-2703;;306
2025-08-18T11:59:27Z;;2968;265
2025-08-18T11:59:30Z;;2613;-90
2025-08-18T11:59:31Z;-2437;;176
2025-08-18T11:59:32Z;-2025;;588
2025-08-18T11:59:34Z;;2345;320
2025-08-18T11:59:36Z;-1773;;572
2025-08-18T11:59:37Z;;2037;264
2025-08-18T11:59:38Z;-1581;;456
2025-08-18T11:59:39Z;;1667;86
2025-08-18T11:59:40Z;-1280;;387
2025-08-18T11:59:50Z;-849;;818
2025-08-18T12:00:17Z;-1095;;572
2025-08-18T12:00:18Z;-1313;;354
2025-08-18T12:00:19Z;-1539;;128
2025-08-18T12:00:21Z;-1950;;-283
2025-08-18T12:00:23Z;-2176;;-509
2025-08-18T12:00:28Z;-2428;;-761
2025-08-18T12:00:30Z;-2210;;-543
2025-08-18T12:00:32Z;-2706;;-1039
2025-08-18T12:00:37Z;-2678;;-1011
2025-08-18T12:00:38Z;-2799;;-1132
2025-08-18T12:01:00Z;-2736;;-1069
2025-08-18T12:01:16Z;-2723;;-1056
2025-08-18T12:01:17Z;-2726;;-1059
2025-08-18T12:01:23Z;-2310;;-643
2025-08-18T12:01:25Z;-2040;;-373
2025-08-18T12:01:28Z;-1790;;-123
2025-08-18T12:01:29Z;-1500;;167
2025-08-18T12:01:33Z;-1146;;521
2025-08-18T12:01:40Z;-870;;797
2025-08-18T12:02:07Z;-865;;802
2025-08-18T12:02:10Z;-1169;;498
2025-08-18T12:02:15Z;-1549;;118
2025-08-18T12:02:22Z;-1803;;-136
2025-08-18T12:02:25Z;-2145;;-478
2025-08-18T12:02:31Z;-2506;;-839
2025-08-18T12:02:34Z;-2732;;-1065
2025-08-18T12:02:37Z;-2663;;-996
2025-08-18T12:02:49Z;-2358;;-691
2025-08-18T12:02:51Z;-1904;;-237
2025-08-18T12:02:52Z;-1540;;127
2025-08-18T12:02:54Z;-1413;;254
2025-08-18T12:02:56Z;-1090;;577
2025-08-18T12:03:01Z;-896;;771
2025-08-18T12:03:31Z;-612;;1055
2025-08-18T12:03:32Z;-597;;1070
2025-08-18T12:03:35Z;-606;;1061
2025-08-18T12:05:10Z;;894;288
2025-08-18T12:05:12Z;;909;303
2025-08-18T12:05:41Z;-571;;338
2025-08-18T12:05:46Z;;1243;672
2025-08-18T12:05:51Z;;1196;625
2025-08-18T12:06:01Z;;1214;643
2025-08-18T12:06:15Z;-923;;291
2025-08-18T12:06:16Z;;1544;621
2025-08-18T12:06:17Z;-1131;;413
2025-08-18T12:06:19Z;;1807;676
2025-08-18T12:06:22Z;;1798;667
2025-08-18T12:06:28Z;-1210;;588
2025-08-18T12:06:32Z;-1168;;630
2025-08-18T12:06:34Z;;1839;671
2025-08-18T12:06:35Z;-1435;;404
2025-08-18T12:06:41Z;-1488;;351
2025-08-18T12:06:44Z;-1468;;371
2025-08-18T12:06:46Z;;2146;678
2025-08-18T12:06:49Z;;2020;552
2025-08-18T12:06:50Z;-1496;;524
2025-08-18T12:06:53Z;-1563;;457
2025-08-18T12:06:54Z;;2137;574
2025-08-18T12:06:55Z;-1982;;155
2025-08-18T12:06:56Z;;2541;559
2025-08-18T12:06:58Z;;2752;770
2025-08-18T12:07:16Z;;2693;711
2025-08-18T12:07:18Z;-2111;;582
2025-08-18T12:07:27Z;;2386;275
2025-08-18T12:07:31Z;-1780;;606
2025-08-18T12:07:33Z;;2041;261
2025-08-18T12:07:35Z;-1507;;534
2025-08-18T12:07:36Z;-1514;;527
2025-08-18T12:07:40Z;;2119;605
2025-08-18T12:07:42Z;-1825;;294
2025-08-18T12:07:54Z;-1888;;231
2025-08-18T12:07:57Z;;2010;122
2025-08-18T12:07:59Z;-1383;;627
2025-08-18T12:08:01Z;;1783;400
2025-08-18T12:08:03Z;;1868;485
2025-08-18T12:08:04Z;-1489;;379
2025-08-18T12:08:05Z;;2140;651
2025-08-18T12:08:06Z;-1801;;339
2025-08-18T12:08:09Z;;2410;609
2025-08-18T12:08:11Z;-2076;;334
2025-08-18T12:08:13Z;;2711;635
2025-08-18T12:08:15Z;-2388;;323
2025-08-18T12:08:41Z;-2319;;392
2025-08-18T12:08:46Z;-2441;;270
2025-08-18T12:09:26Z;-2395;;316
2025-08-18T12:09:28Z;-2402;;309
2025-08-18T12:09:34Z;-2397;;314
2025-08-18T12:09:38Z;-2404;;307
2025-08-18T12:09:40Z;-2396;;315
2025-08-18T12:10:34Z;-2520;;191
2025-08-18T12:10:47Z;;2692;320
2025-08-18T12:10:48Z;-2372;;339
2025-08-18T12:10:51Z;;2399;27
2025-08-18T12:10:52Z;-2092;;307
2025-08-18T12:10:53Z;-1841;;558
2025-08-18T12:10:56Z;;2045;204
2025-08-18T12:10:58Z;;1757;-84
2025-08-18T12:10:59Z;-1432;;325
2025-08-18T12:11:00Z;-1226;1471;39
2025-08-18T12:11:06Z;-912;1181;-45
2025-08-18T12:11:10Z;-877;;304
2025-08-18T12:11:12Z;;1214;337
2025-08-18T12:11:14Z;-1271;;-57
2025-08-18T12:11:16Z;;1573;302
2025-08-18T12:11:18Z;-1581;;-8
2025-08-18T12:11:19Z;;1881;300
2025-08-18T12:11:20Z;-1793;;88
2025-08-18T12:11:21Z;-2084;2130;337
2025-08-18T12:11:25Z;;2416;332
2025-08-18T12:11:26Z;;2714;630
2025-08-18T12:11:29Z;-2416;;298
2025-08-18T12:11:39Z;-2402;;312
2025-08-18T12:11:41Z;;2699;297
2025-08-18T12:11:45Z;-2418;;281
2025-08-18T12:11:48Z;;2713;295
2025-08-18T12:12:03Z;-2391;;322
2025-08-18T12:12:07Z;-2392;;321
2025-08-18T12:12:16Z;-2385;;328
2025-08-18T12:12:19Z;-2403;;310
2025-08-18T12:12:28Z;;2698;295
2025-08-18T12:12:29Z;-2354;;344
2025-08-18T12:12:30Z;;2700;346
2025-08-18T12:12:31Z;;2696;342
2025-08-18T12:12:33Z;;2700;346
2025-08-18T12:12:35Z;-2420;;280
2025-08-18T12:12:37Z;;2693;273
2025-08-18T12:12:39Z;;2704;284
2025-08-18T12:12:42Z;-2364;;340
2025-08-18T12:12:45Z;;2692;328
2025-08-18T12:12:47Z;-2369;2703;339
2025-08-18T12:12:49Z;;2689;320
2025-08-18T12:12:51Z;;2704;335
2025-08-18T12:12:53Z;-2415;;289
2025-08-18T12:12:56Z;;2691;276
2025-08-18T12:13:05Z;-2410;;281
2025-08-18T12:13:08Z;;2713;303
2025-08-18T12:13:39Z;;2698;288
2025-08-18T12:13:44Z;-2393;;305
2025-08-18T12:13:56Z;-2043;2388;-5
2025-08-18T12:13:59Z;;2066;23
2025-08-18T12:14:00Z;-1765;;301
2025-08-18T12:14:28Z;-1835;;231
2025-08-18T12:14:30Z;-1745;;321
2025-08-18T12:14:32Z;-1488;1689;-56
2025-08-18T12:14:35Z;;1420;-68
2025-08-18T12:14:37Z;-1404;;16
2025-08-18T12:14:40Z;;1578;174
2025-08-18T12:14:42Z;;1850;446
2025-08-18T12:14:46Z;-1813;;37
2025-08-18T12:14:49Z;;2130;317
2025-08-18T12:14:50Z;-2117;;13
2025-08-18T12:14:53Z;;2425;308
2025-08-18T12:14:56Z;-2439;;-14
2025-08-18T12:15:06Z;;2665;226
2025-08-18T12:15:29Z;-2485;;180
2025-08-18T12:17:14Z;-2397;;268
2025-08-18T12:17:16Z;-2399;;266
2025-08-18T12:17:26Z;-2394;;271
2025-08-18T12:17:27Z;-2405;;260
2025-08-18T12:17:33Z;-2401;;264
2025-08-18T12:17:36Z;-2399;;266
2025-08-18T12:17:42Z;-2400;;265
2025-08-18T12:20:41Z;;2398;-2
2025-08-18T12:20:43Z;;2407;7
2025-08-18T12:20:45Z;;2386;-14
2025-08-18T12:21:33Z;;2405;5
2025-08-18T12:21:35Z;;2393;-7
2025-08-18T12:21:37Z;;2403;3
2025-08-18T12:21:43Z;;2393;-7
2025-08-18T12:21:45Z;;2410;10
2025-08-18T12:25:19Z;;2399;-1
2025-08-18T12:25:21Z;;2411;11
2025-08-18T12:25:30Z;;2398;-2
2025-08-18T12:25:31Z;;2402;2
2025-08-18T12:25:39Z;;2396;-4
2025-08-18T12:25:41Z;;2404;4
2025-08-18T12:25:49Z;;2393;-7
2025-08-18T12:25:51Z;;2405;5
2025-08-18T12:25:59Z;;2389;-11
2025-08-18T12:26:01Z;;2402;2
2025-08-18T12:26:10Z;;2389;-11
2025-08-18T12:26:13Z;;2403;3
2025-08-18T12:26:19Z;;2391;-9
2025-08-18T12:26:21Z;;2405;5
2025-08-18T12:26:29Z;;2392;-8
2025-08-18T12:26:31Z;;2405;5
2025-08-18T12:26:40Z;;2391;-9
2025-08-18T12:26:41Z;;2403;3
2025-08-18T12:26:49Z;;2390;-10
2025-08-18T12:26:51Z;;2402;2
2025-08-18T12:26:59Z;;2387;-13
2025-08-18T12:27:05Z;;2400;0
2025-08-18T12:27:07Z;;2396;-4
2025-08-18T12:27:15Z;;2402;2
2025-08-18T12:27:17Z;;2392;-8
2025-08-18T12:29:20Z;;2400;0
2025-08-18T12:29:22Z;;2394;-6
2025-08-18T12:29:33Z;;2402;2
2025-08-18T12:29:35Z;;2396;-4
2025-08-18T12:29:50Z;;2401;1
2025-08-18T12:29:52Z;;2393;-7
2025-08-18T12:30:00Z;;2401;1
2025-08-18T12:30:02Z;;2393;-7
2025-08-18T12:30:06Z;;2393;-7
2025-08-18T12:30:09Z;;2401;1
2025-08-18T12:30:11Z;;2395;-5
2025-08-18T12:30:19Z;;2401;1
2025-08-18T12:30:21Z;;2394;-6
2025-08-18T12:30:29Z;-2234;;160
2025-08-18T12:35:38Z;-2001;;393
2025-08-18T12:35:40Z;-2167;;227
2025-08-18T12:45:06Z;;2289;122
2025-08-18T12:45:29Z;-2160;;129
2025-08-18T12:48:09Z;-2092;;197
2025-08-18T12:48:10Z;-2108;;181
2025-08-18T12:48:30Z;-2112;;177
2025-08-18T12:48:32Z;-2091;;198
2025-08-18T12:49:25Z;-2106;;183
2025-08-18T12:49:26Z;-2108;;181
2025-08-18T12:49:31Z;-2090;;199
2025-08-18T12:49:44Z;-2092;;197
2025-08-18T12:49:48Z;-2099;;190
2025-08-18T12:49:50Z;-2115;;174
2025-08-18T12:49:53Z;-2097;;192
2025-08-18T12:49:55Z;-2102;;187
2025-08-18T12:50:00Z;-2099;;190
2025-08-18T12:50:02Z;-2107;;182
2025-08-18T12:50:03Z;-2094;;195
2025-08-18T12:50:05Z;-2104;;185
2025-08-18T12:50:13Z;-2096;;193
2025-08-18T12:50:15Z;-2108;;181
2025-08-18T12:50:20Z;-2092;;197
2025-08-18T12:50:22Z;-2106;;183
2025-08-18T12:50:23Z;-2093;;196
2025-08-18T12:50:25Z;-2101;;188
2025-08-18T12:50:33Z;-2094;;195
2025-08-18T12:50:37Z;-2102;;187
2025-08-18T12:50:38Z;-2105;;184
2025-08-18T12:50:46Z;-2106;;183
2025-08-18T12:50:47Z;-2095;;194
2025-08-18T12:50:49Z;-2105;;184
2025-08-18T12:50:50Z;-2108;;181
2025-08-18T12:50:54Z;-2109;;180
2025-08-18T12:50:55Z;-2095;;194
2025-08-18T12:50:59Z;-2105;;184
2025-08-18T12:51:01Z;-2102;;187
2025-08-18T12:51:06Z;-2106;;183
2025-08-18T12:51:13Z;-2095;;194
2025-08-18T12:51:15Z;-2102;;187
2025-08-18T12:51:18Z;-2093;;196
2025-08-18T12:51:19Z;-2114;;175
2025-08-18T12:51:23Z;-2098;;191
2025-08-18T12:51:24Z;-2094;;195
2025-08-18T12:51:34Z;-2094;;195
2025-08-18T12:51:35Z;-2107;;182
2025-08-18T12:51:43Z;-2088;;201
2025-08-18T12:51:45Z;-2089;;200
2025-08-18T12:51:52Z;-2091;;198
2025-08-18T12:51:55Z;-2101;;188
2025-08-18T12:51:57Z;-2103;;186
2025-08-18T12:51:59Z;-2106;;183
2025-08-18T12:52:02Z;-2100;;189
2025-08-18T12:52:07Z;-2100;;189
2025-08-18T12:52:09Z;-2107;;182
2025-08-18T12:52:19Z;-2093;;196
2025-08-18T12:52:21Z;-2097;;192
2025-08-18T12:52:30Z;-2100;;189
2025-08-18T12:52:31Z;-2094;;195
2025-08-18T13:00:06Z;;2206;112
2025-08-18T13:00:29Z;-1926;;280
2025-08-18T13:08:53Z;-1802;;404
2025-08-18T13:09:35Z;-1777;;429
2025-08-18T13:09:43Z;-1796;;410
2025-08-18T13:09:57Z;-1787;;419
2025-08-18T13:10:05Z;-1824;;382
2025-08-18T13:10:07Z;-1797;;409
2025-08-18T13:10:47Z;;2091;294
2025-08-18T13:10:49Z;;2106;309
2025-08-18T13:11:32Z;;2098;301
2025-08-18T13:11:34Z;;2117;320
2025-08-18T13:11:42Z;;2098;301
2025-08-18T13:11:44Z;;2112;315
2025-08-18T13:12:32Z;;2099;302
2025-08-18T13:12:34Z;;2110;313
2025-08-18T13:12:41Z;;2096;299
2025-08-18T13:12:43Z;;2107;310
2025-08-18T13:12:51Z;;2096;299
2025-08-18T13:12:53Z;;2108;311
2025-08-18T13:13:01Z;;2094;297
2025-08-18T13:13:03Z;;2105;308
2025-08-18T13:13:11Z;;2092;295
2025-08-18T13:13:13Z;;2102;305
2025-08-18T13:13:21Z;;2093;296
2025-08-18T13:13:26Z;;2104;307
2025-08-18T13:13:31Z;;2092;295
2025-08-18T13:13:33Z;;2103;306
2025-08-18T13:13:41Z;;2091;294
2025-08-18T13:13:43Z;;2103;306
2025-08-18T13:13:45Z;;2099;302
2025-08-18T13:13:47Z;;2103;306
2025-08-18T13:13:51Z;;2093;296
2025-08-18T13:13:53Z;;2104;307
2025-08-18T13:14:01Z;;2093;296
2025-08-18T13:14:03Z;;2104;307
2025-08-18T13:14:12Z;;2092;295
2025-08-18T13:14:13Z;;2102;305
2025-08-18T13:14:21Z;;2091;294
2025-08-18T13:14:23Z;;2102;305
2025-08-18T13:14:26Z;;2098;301
2025-08-18T13:14:28Z;;2100;303
2025-08-18T13:14:31Z;;2090;293
2025-08-18T13:14:33Z;;2102;305
2025-08-18T13:14:41Z;;2091;294
2025-08-18T13:14:43Z;;2102;305
2025-08-18T13:14:48Z;;2099;302
2025-08-18T13:14:50Z;;2101;304
2025-08-18T13:14:52Z;;2090;293
2025-08-18T13:14:53Z;;2101;304
2025-08-18T13:14:57Z;;2089;292
2025-08-18T13:15:00Z;;2100;303
2025-08-18T13:15:03Z;;2099;302
2025-08-18T13:15:06Z;;2104;307
2025-08-18T13:15:11Z;;2104;307
2025-08-18T13:15:13Z;;2098;301
2025-08-18T13:15:21Z;;2101;304
2025-08-18T13:15:23Z;;2096;299
2025-08-18T13:15:29Z;-1885;;211
2025-08-18T13:15:31Z;;2101;216
2025-08-18T13:15:33Z;;2096;211
2025-08-18T13:15:41Z;;2100;215
2025-08-18T13:15:43Z;;2095;210
2025-08-18T13:15:51Z;;2100;215
2025-08-18T13:15:53Z;;2096;211
2025-08-18T13:15:55Z;178;2112;2274
2025-08-18T13:15:57Z;;2085;2263
2025-08-18T13:16:02Z;;2100;2278
2025-08-18T13:16:04Z;;2094;2272
2025-08-18T13:16:16Z;;2100;2278
2025-08-18T13:16:18Z;;2094;2272
2025-08-18T13:18:14Z;168;;2262
2025-08-18T13:19:23Z;-1796;;298
2025-08-18T13:19:31Z;-1803;;291
2025-08-18T13:19:33Z;-1796;;298
2025-08-18T13:19:41Z;-1805;;289
2025-08-18T13:19:43Z;-1795;;299
2025-08-18T13:19:51Z;-1803;;291
2025-08-18T13:19:53Z;-1793;;301
2025-08-18T13:20:01Z;-1798;;296
2025-08-18T13:20:03Z;-1791;;303
2025-08-18T13:20:05Z;-1800;;294
2025-08-18T13:20:07Z;-1791;;303
2025-08-18T13:20:15Z;-1800;;294
2025-08-18T13:20:17Z;-1790;;304
2025-08-18T13:21:54Z;-1795;;299
2025-08-18T13:25:00Z;-1812;;282
2025-08-18T13:25:02Z;-1799;;295
2025-08-18T13:25:10Z;-1811;;283
2025-08-18T13:25:13Z;-1810;;284
2025-08-18T13:25:21Z;-1797;;297
2025-08-18T13:25:23Z;-1809;;285
2025-08-18T13:25:31Z;-1795;;299
2025-08-18T13:25:33Z;-1810;;284
2025-08-18T13:25:41Z;-1799;;295
2025-08-18T13:25:43Z;-1811;;283
2025-08-18T13:25:51Z;-1798;;296
2025-08-18T13:25:53Z;-1809;;285
2025-08-18T13:26:01Z;-1798;;296
2025-08-18T13:26:06Z;-1808;;286
2025-08-18T13:26:11Z;-1795;;299
2025-08-18T13:26:13Z;-1803;;291
2025-08-18T13:26:18Z;-1744;;350
2025-08-18T13:27:54Z;-1800;;294
2025-08-18T13:28:00Z;-1799;;295
2025-08-18T13:28:06Z;-1799;;295
2025-08-18T13:28:08Z;-1806;;288
2025-08-18T13:28:16Z;-1798;;296
2025-08-18T13:28:18Z;-1806;;288
2025-08-18T13:28:27Z;-1804;;290
2025-08-18T13:28:29Z;-1798;;296
2025-08-18T13:28:37Z;-1805;;289
2025-08-18T13:28:39Z;-1797;;297
2025-08-18T13:28:47Z;-1804;;290
2025-08-18T13:28:49Z;-1790;;304
2025-08-18T13:28:51Z;-1802;;292
2025-08-18T13:28:52Z;-1802;;292
2025-08-18T13:28:54Z;-1794;;300
2025-08-18T13:28:56Z;-1799;;295
2025-08-18T13:29:14Z;-1732;;362
2025-08-18T13:29:16Z;-1705;;389
2025-08-18T13:29:37Z;-1497;;597
2025-08-18T13:29:39Z;-1572;;522
2025-08-18T13:30:06Z;;1989;417
2025-08-18T13:30:21Z;-1801;;188
2025-08-18T13:30:22Z;-1774;;215
2025-08-18T13:30:30Z;-1763;;226
2025-08-18T13:30:36Z;-1492;;497
2025-08-18T13:30:37Z;-1556;;433
2025-08-18T13:30:58Z;-1895;;94
2025-08-18T13:42:55Z;-1799;;190
2025-08-18T13:42:57Z;-1810;;179
2025-08-18T13:43:05Z;-1797;;192
2025-08-18T13:43:07Z;-1806;;183
2025-08-18T13:43:15Z;-1794;;195
2025-08-18T13:43:17Z;-1805;;184
2025-08-18T13:43:27Z;-1793;;196
2025-08-18T13:43:29Z;-1802;;187
2025-08-18T13:43:37Z;-1792;;197
2025-08-18T13:43:39Z;-1801;;188
2025-08-18T13:43:45Z;-1801;;188
2025-08-18T13:43:53Z;-1806;;183
2025-08-18T13:43:55Z;-1798;;191
2025-08-18T13:44:03Z;-1804;;185
2025-08-18T13:44:05Z;-1798;;191
2025-08-18T13:44:13Z;-1804;;185
2025-08-18T13:44:15Z;-1796;;193
2025-08-18T13:44:23Z;-1803;;186
2025-08-18T13:44:25Z;-1796;;193
2025-08-18T13:44:33Z;-1801;;188
2025-08-18T13:44:35Z;-1793;;196
2025-08-18T13:44:53Z;-1802;;187
2025-08-18T13:44:54Z;-1801;;188
2025-08-18T13:45:04Z;-1801;;188
2025-08-18T13:45:06Z;-1794;;195
2025-08-18T13:45:08Z;;1873;79
2025-08-18T13:45:13Z;-1800;;73
2025-08-18T13:45:15Z;-1792;;81
2025-08-18T13:45:29Z;-1796;;77
2025-08-18T13:51:27Z;;1798;2
2025-08-18T13:51:29Z;;1809;13
2025-08-18T13:51:37Z;;1796;0
2025-08-18T13:51:39Z;;1807;11
2025-08-18T13:51:47Z;;1794;-2
2025-08-18T13:51:49Z;;1804;8
2025-08-18T13:51:57Z;;1792;-4
2025-08-18T13:51:59Z;;1802;6
2025-08-18T13:52:06Z;;1799;3
2025-08-18T13:52:10Z;;1800;4
2025-08-18T13:52:12Z;;1799;3
2025-08-18T13:52:14Z;;1805;9
2025-08-18T13:52:16Z;;1799;3
2025-08-18T13:52:23Z;;1801;5
2025-08-18T13:52:25Z;;1797;1
2025-08-18T13:52:49Z;;1801;5
2025-08-18T13:52:51Z;;1796;0
2025-08-18T13:52:53Z;;1802;6
2025-08-18T13:52:55Z;;1795;-1
2025-08-18T13:53:03Z;;1800;4
2025-08-18T13:53:05Z;;1794;-2
2025-08-18T13:53:14Z;;1800;4
2025-08-18T13:53:15Z;;1798;2
2025-08-18T14:00:10Z;;1744;-52
2025-08-18T14:00:29Z;-1663;;81
2025-08-18T14:14:01Z;-1551;;193
2025-08-18T14:15:10Z;;1609;58
2025-08-18T14:15:29Z;-1418;;191
2025-08-18T14:18:03Z;;1477;59
2025-08-18T14:18:05Z;;1579;161
2025-08-18T14:19:32Z;-1060;;519
2025-08-18T14:19:52Z;-1243;;336
2025-08-18T14:20:31Z;-1344;;235
2025-08-18T14:20:51Z;-1344;;235
2025-08-18T14:22:58Z;;1497;153
2025-08-18T14:23:00Z;;1509;165
2025-08-18T14:23:08Z;;1496;152
2025-08-18T14:23:10Z;;1504;160
2025-08-18T14:23:17Z;;1495;151
2025-08-18T14:23:19Z;;1507;163
2025-08-18T14:23:28Z;;1499;155
2025-08-18T14:23:30Z;;1508;164
2025-08-18T14:23:57Z;;1498;154
2025-08-18T14:23:59Z;;1511;167
2025-08-18T14:24:06Z;;1498;154
2025-08-18T14:24:08Z;;1509;165
2025-08-18T14:24:13Z;;1497;153
2025-08-18T14:24:15Z;;1506;162
2025-08-18T14:24:27Z;;1488;144
2025-08-18T14:24:29Z;;1500;156
2025-08-18T14:24:33Z;;1496;152
2025-08-18T14:24:35Z;;1507;163
2025-08-18T14:24:43Z;;1473;129
2025-08-18T14:24:44Z;;1500;156
2025-08-18T14:24:46Z;;1499;155
2025-08-18T14:24:48Z;;1505;161
2025-08-18T14:24:50Z;;1498;154
2025-08-18T14:24:51Z;;1508;164
2025-08-18T14:24:53Z;;1482;138
2025-08-18T14:24:55Z;;1512;168
2025-08-18T14:24:57Z;;1469;125
2025-08-18T14:24:58Z;;1513;169
2025-08-18T14:25:01Z;;1495;151
2025-08-18T14:25:03Z;;1512;168
2025-08-18T14:25:12Z;;1499;155
2025-08-18T14:25:14Z;;1510;166
2025-08-18T14:25:23Z;;1473;129
2025-08-18T14:25:31Z;-1090;;383
2025-08-18T14:25:35Z;;1500;410
2025-08-18T14:25:37Z;;1470;380
2025-08-18T14:25:41Z;;1500;410
2025-08-18T14:25:44Z;;1481;391
2025-08-18T14:25:48Z;;1501;411
2025-08-18T14:25:50Z;;1499;409
2025-08-18T14:25:52Z;;1505;415
2025-08-18T14:25:57Z;;1455;365
2025-08-18T14:26:10Z;;1502;412
2025-08-18T14:26:12Z;;1484;394
2025-08-18T14:26:14Z;;1500;410
2025-08-18T14:26:15Z;;1478;388
2025-08-18T14:26:18Z;-1106;;372
2025-08-18T14:26:19Z;-1203;1502;275
2025-08-18T14:26:21Z;;1496;293
2025-08-18T14:26:26Z;;1503;300
2025-08-18T14:26:28Z;;1474;271
2025-08-18T14:26:30Z;;1500;297
2025-08-18T14:26:32Z;;1463;260
2025-08-18T14:26:36Z;;1501;298
2025-08-18T14:26:39Z;;1496;293
2025-08-18T14:26:42Z;-1269;1504;227
2025-08-18T14:26:44Z;;1477;208
2025-08-18T14:26:45Z;;1502;233
2025-08-18T14:26:47Z;;1474;205
2025-08-18T14:27:06Z;-1236;;238
2025-08-18T14:27:08Z;-1199;;275
2025-08-18T14:28:08Z;-1129;;345
2025-08-18T14:28:09Z;-1224;;250
2025-08-18T14:29:11Z;-1205;;269
2025-08-18T14:29:17Z;-1187;;287
2025-08-18T14:29:19Z;-1198;;276
2025-08-18T14:29:41Z;-1185;;289
2025-08-18T14:29:43Z;-1200;;274
2025-08-18T14:30:06Z;;1432;232
2025-08-18T14:30:29Z;-1183;;249
2025-08-18T14:32:55Z;;1010;-173
2025-08-18T14:32:57Z;;1394;211
2025-08-18T14:38:05Z;-1090;;304
2025-08-18T14:38:12Z;-1191;;203
2025-08-18T14:38:15Z;-1203;;191
2025-08-18T14:38:31Z;-1205;;189
2025-08-18T14:38:33Z;-1201;;193
2025-08-18T14:38:37Z;-1206;;188
2025-08-18T14:38:43Z;-1197;;197
2025-08-18T14:38:45Z;-1204;;190
2025-08-18T14:38:48Z;-1202;;192
2025-08-18T14:38:51Z;-1204;;190
2025-08-18T14:38:53Z;-1196;;198
2025-08-18T14:38:54Z;-1202;;192
2025-08-18T14:38:56Z;-1207;;187
2025-08-18T14:39:00Z;-1199;;195
2025-08-18T14:39:01Z;-1197;;197
2025-08-18T14:39:05Z;-1073;;321
2025-08-18T14:39:11Z;-1203;;191
2025-08-18T14:39:12Z;-1199;;195
2025-08-18T14:39:13Z;-1201;;193
2025-08-18T14:39:14Z;-1188;;206
2025-08-18T14:39:20Z;-1200;;194
2025-08-18T14:39:21Z;-1191;;203
2025-08-18T14:39:49Z;-1193;;201
2025-08-18T14:39:51Z;-1190;;204
2025-08-18T14:42:23Z;806;;2200
2025-08-18T14:43:07Z;854;;2248
2025-08-18T14:43:59Z;835;;2229
2025-08-18T14:45:29Z;813;;2207
2025-08-18T14:46:05Z;;1197;2010
2025-08-18T14:46:10Z;;1205;2018
2025-08-18T14:46:12Z;;1194;2007
2025-08-18T14:46:15Z;;1202;2015
2025-08-18T14:46:30Z;;1195;2008
2025-08-18T14:46:32Z;;1200;2013
2025-08-18T14:46:35Z;;1191;2004
2025-08-18T14:46:37Z;;1210;2023
2025-08-18T14:46:39Z;;1195;2008
2025-08-18T14:46:40Z;;1208;2021
2025-08-18T14:46:42Z;;1196;2009
2025-08-18T14:46:43Z;;1200;2013
2025-08-18T14:46:45Z;;1177;1990
2025-08-18T14:46:49Z;;1200;2013
2025-08-18T14:46:54Z;;1194;2007
2025-08-18T14:46:56Z;;1202;2015
2025-08-18T14:47:04Z;;1199;2012
2025-08-18T14:47:10Z;;1204;2017
2025-08-18T14:47:12Z;;1195;2008
2025-08-18T14:47:29Z;;1200;2013
2025-08-18T14:47:31Z;;1183;1996
2025-08-18T14:47:58Z;;819;1632
2025-08-18T14:48:00Z;;1165;1978
2025-08-18T14:48:21Z;-566;;599
2025-08-18T14:48:22Z;-1061;;104
2025-08-18T14:56:20Z;-901;;264
2025-08-18T14:56:22Z;-914;;251
2025-08-18T14:56:27Z;-911;;254
2025-08-18T14:56:30Z;-910;;255
2025-08-18T14:57:35Z;-915;;250
2025-08-18T14:57:36Z;-850;;315
2025-08-18T14:58:45Z;-911;;254
2025-08-18T14:58:46Z;-898;;267
2025-08-18T14:59:28Z;-914;;251
2025-08-18T14:59:30Z;-895;;270
2025-08-18T15:00:06Z;;1047;152
2025-08-18T15:00:26Z;-903;;144
2025-08-18T15:00:28Z;-899;;148
2025-08-18T15:00:32Z;-907;;140
2025-08-18T15:00:33Z;-904;;143
2025-08-18T15:00:38Z;-907;;140
2025-08-18T15:00:41Z;-896;;151
2025-08-18T15:00:44Z;-902;;145
2025-08-18T15:00:49Z;-896;;151
2025-08-18T15:00:53Z;-905;;142
2025-08-18T15:01:12Z;-900;;147
2025-08-18T15:01:19Z;-892;;155
2025-08-18T15:01:21Z;-903;;144
2025-08-18T15:01:25Z;-898;;149
2025-08-18T15:01:31Z;-884;;163
2025-08-18T15:01:32Z;-891;;156
2025-08-18T15:01:33Z;-900;;147
2025-08-18T15:03:17Z;;790;-110
2025-08-18T15:03:18Z;-626;;164
2025-08-18T15:03:20Z;-598;;192
2025-08-18T15:03:39Z;;900;302
2025-08-18T15:03:41Z;;897;299
2025-08-18T15:03:43Z;;906;308
2025-08-18T15:03:56Z;-845;;61
2025-08-18T15:04:17Z;;862;17
2025-08-18T15:04:19Z;;988;143
2025-08-18T15:04:24Z;-899;;89
2025-08-18T15:04:25Z;-915;;73
2025-08-18T15:04:37Z;-898;;90
2025-08-18T15:04:38Z;-902;;86
2025-08-18T15:05:06Z;-897;;91
2025-08-18T15:05:07Z;-898;;90
2025-08-18T15:05:08Z;-900;;88
2025-08-18T15:05:10Z;-900;;88
2025-08-18T15:05:11Z;-905;;83
2025-08-18T15:09:01Z;-852;;136
2025-08-18T15:09:02Z;-538;;450
2025-08-18T15:09:24Z;;887;349
2025-08-18T15:09:26Z;;902;364
2025-08-18T15:09:38Z;;899;361
2025-08-18T15:09:40Z;;907;369
2025-08-18T15:09:52Z;;899;361
2025-08-18T15:09:54Z;;904;366
2025-08-18T15:10:14Z;;899;361
2025-08-18T15:10:16Z;;904;366
2025-08-18T15:10:20Z;;898;360
2025-08-18T15:10:26Z;;901;363
2025-08-18T15:10:28Z;;898;360
2025-08-18T15:10:30Z;;905;367
2025-08-18T15:10:32Z;;897;359
2025-08-18T15:10:40Z;;900;362
2025-08-18T15:10:42Z;;899;361
2025-08-18T15:15:06Z;;837;299
2025-08-18T15:15:29Z;-637;;200
2025-08-18T15:16:49Z;-624;;213
2025-08-18T15:17:53Z;-578;;259
2025-08-18T15:18:01Z;-606;;231
2025-08-18T15:18:02Z;-599;;238
2025-08-18T15:18:25Z;-595;;242
2025-08-18T15:25:32Z;;545;-50
2025-08-18T15:25:42Z;;621;26
2025-08-18T15:25:44Z;;581;-14
2025-08-18T15:25:48Z;;601;6
2025-08-18T15:25:50Z;;596;1
2025-08-18T15:25:51Z;;607;12
2025-08-18T15:29:19Z;;179;-416
2025-08-18T15:29:21Z;;635;40
2025-08-18T15:30:06Z;;631;36
2025-08-18T15:30:31Z;-430;;201
2025-08-18T15:31:48Z;;585;155
2025-08-18T15:31:49Z;;612;182
2025-08-18T15:31:51Z;;590;160
2025-08-18T15:31:53Z;;609;179
2025-08-18T15:31:55Z;;599;169
2025-08-18T15:31:57Z;;601;171
2025-08-18T15:31:59Z;;598;168
2025-08-18T15:32:01Z;;603;173
2025-08-18T15:32:05Z;;595;165
2025-08-18T15:32:07Z;;601;171
2025-08-18T15:32:08Z;;579;149
2025-08-18T15:32:10Z;;613;183
2025-08-18T15:32:12Z;;583;153
2025-08-18T15:32:14Z;;606;176
2025-08-18T15:32:23Z;;599;169
2025-08-18T15:32:25Z;;602;172
2025-08-18T15:32:27Z;;594;164
2025-08-18T15:32:28Z;;609;179
2025-08-18T15:32:30Z;;572;142
2025-08-18T15:32:32Z;;604;174
2025-08-18T15:32:37Z;;593;163
2025-08-18T15:32:43Z;-405;601;188
2025-08-18T15:32:44Z;-282;;319
2025-08-18T15:32:45Z;;574;292
2025-08-18T15:32:47Z;;603;321
2025-08-18T15:32:49Z;;595;313
2025-08-18T15:32:56Z;;601;319
2025-08-18T15:32:58Z;;594;312
2025-08-18T15:33:19Z;;603;321
2025-08-18T15:33:24Z;;597;315
2025-08-18T15:33:26Z;;600;318
2025-08-18T15:33:28Z;;599;317
2025-08-18T15:33:30Z;;600;318
2025-08-18T15:33:32Z;;566;284
2025-08-18T15:34:22Z;-362;;204
2025-08-18T15:34:31Z;-305;;261
2025-08-18T15:34:33Z;-316;;250
2025-08-18T15:34:56Z;-300;;266
2025-08-18T15:34:57Z;-295;;271
2025-08-18T15:34:58Z;-309;;257
2025-08-18T15:35:04Z;-252;;314
2025-08-18T15:35:05Z;-335;;231
2025-08-18T15:35:13Z;-310;;256
2025-08-18T15:35:17Z;-292;;274
2025-08-18T15:35:21Z;-328;;238
2025-08-18T15:35:25Z;1695;;2261
2025-08-18T15:37:30Z;1809;;2375
2025-08-18T15:37:31Z;1793;;2359
2025-08-18T15:37:37Z;1809;;2375
2025-08-18T15:37:38Z;1787;;2353
2025-08-18T15:37:40Z;1802;;2368
2025-08-18T15:37:41Z;1790;;2356
2025-08-18T15:37:53Z;1804;;2370
2025-08-18T15:37:54Z;1740;;2306
2025-08-18T15:39:15Z;1810;;2376
2025-08-18T15:39:17Z;1785;;2351
2025-08-18T15:39:27Z;1805;;2371
2025-08-18T15:39:28Z;1773;;2339
2025-08-18T15:39:40Z;1805;;2371
2025-08-18T15:39:41Z;1790;;2356
2025-08-18T15:39:44Z;1802;;2368
2025-08-18T15:39:45Z;1783;;2349
2025-08-18T15:39:51Z;1806;;2372
2025-08-18T15:39:52Z;1782;;2348
2025-08-18T15:40:35Z;1886;;2452
2025-08-18T15:40:36Z;1756;;2322
2025-08-18T15:40:54Z;1836;;2402
2025-08-18T15:40:56Z;1798;;2364
2025-08-18T15:41:09Z;1718;;2284
2025-08-18T15:41:32Z;;254;1972
2025-08-18T15:41:33Z;32;;286
2025-08-18T15:41:40Z;;301;333
2025-08-18T15:41:42Z;;298;330
2025-08-18T15:41:43Z;;321;353
2025-08-18T15:42:01Z;-225;;96
2025-08-18T15:42:03Z;-352;;-31
2025-08-18T15:42:16Z;24;189;345
2025-08-18T15:42:24Z;7;;196
2025-08-18T15:42:31Z;;319;326
2025-08-18T15:43:04Z;-264;;55
2025-08-18T15:43:07Z;-380;;-61
2025-08-18T15:43:37Z;-269;;50
2025-08-18T15:43:38Z;-382;;-63
2025-08-18T15:44:08Z;-259;;60
2025-08-18T15:44:10Z;-373;;-54
2025-08-18T15:44:40Z;-360;;-41
2025-08-18T15:44:41Z;-359;;-40
2025-08-18T15:45:06Z;;470;111
2025-08-18T15:45:11Z;-233;;237
2025-08-18T15:45:13Z;-259;;211
2025-08-18T15:45:29Z;-209;;261
2025-08-18T15:45:43Z;-276;;194
2025-08-18T15:45:45Z;-353;;117
2025-08-18T15:46:15Z;-350;;120
2025-08-18T15:46:17Z;-114;;356
2025-08-18T15:46:26Z;-194;;276
2025-08-18T15:46:31Z;-321;;149
2025-08-18T15:46:40Z;-237;;233
2025-08-18T15:46:45Z;-329;;141
2025-08-18T15:46:54Z;-233;;237
2025-08-18T15:47:00Z;-305;;165
2025-08-18T15:47:09Z;-232;;238
2025-08-18T15:47:14Z;-323;;147
2025-08-18T15:47:29Z;;289;-34
2025-08-18T15:47:39Z;;312;-11
2025-08-18T15:47:51Z;-314;;-2
2025-08-18T15:47:52Z;-331;;-19
2025-08-18T15:48:18Z;-337;;-25
2025-08-18T15:48:20Z;-277;;35
2025-08-18T15:48:50Z;-308;;4
2025-08-18T15:48:51Z;-303;;9
2025-08-18T15:48:59Z;-301;;11
2025-08-18T15:49:02Z;-291;;21
2025-08-18T15:49:06Z;-295;;17
2025-08-18T15:49:07Z;-303;;9
2025-08-18T15:49:15Z;-272;;40
2025-08-18T15:49:17Z;-300;;12
2025-08-18T15:49:18Z;-291;;21
2025-08-18T15:49:24Z;-307;;5
2025-08-18T15:49:39Z;-303;;9
2025-08-18T15:49:43Z;-138;;174
2025-08-18T15:50:10Z;;37;-101
2025-08-18T15:50:13Z;;411;273
2025-08-18T15:50:25Z;-271;;140
2025-08-18T15:50:27Z;-304;;107
2025-08-18T15:50:35Z;-225;;186
2025-08-18T15:50:37Z;-303;;108
2025-08-18T15:50:46Z;-273;;138
2025-08-18T15:50:47Z;-307;;104
2025-08-18T15:51:19Z;78;;489
2025-08-18T15:51:20Z;272;;683
2025-08-18T15:51:57Z;141;;552
2025-08-18T15:51:58Z;-144;;267
2025-08-18T15:55:52Z;;285;141
2025-08-18T15:55:56Z;;362;218
2025-08-18T15:57:20Z;234;0;234
2025-08-18T15:57:22Z;;353;587
2025-08-18T15:57:24Z;-127;;226
2025-08-18T15:58:26Z;17;;370
2025-08-18T15:58:48Z;24;;377
2025-08-18T15:59:23Z;16;;369
2025-08-18T15:59:24Z;-2;;351
2025-08-18T15:59:25Z;5;;358
2025-08-18T15:59:26Z;-40;;313
2025-08-18T15:59:55Z;27;;380
2025-08-18T16:00:06Z;;337;364
2025-08-18T16:00:17Z;-170;;167
2025-08-18T16:00:18Z;-375;;-38
2025-08-18T16:00:21Z;;736;361
2025-08-18T16:00:22Z;;331;-44
2025-08-18T16:00:31Z;-215;;116
2025-08-18T16:01:26Z;60;;391
2025-08-18T16:01:37Z;7;;338
2025-08-18T16:02:10Z;0;;331
2025-08-18T16:02:32Z;;253;253
2025-08-18T16:02:34Z;;322;322
2025-08-18T16:02:58Z;;291;291
2025-08-18T16:03:00Z;;329;329
2025-08-18T16:03:01Z;68;;397
2025-08-18T16:03:02Z;-169;;160
2025-08-18T16:03:22Z;53;;382
2025-08-18T16:03:23Z;-170;;159
2025-08-18T16:03:43Z;7;;336
2025-08-18T16:04:04Z;-139;;190
2025-08-18T16:04:46Z;68;;397
2025-08-18T16:04:47Z;-91;;238
2025-08-18T16:04:50Z;;298;207
2025-08-18T16:04:52Z;;301;210
2025-08-18T16:04:56Z;135;;436
2025-08-18T16:04:57Z;422;;723
2025-08-18T16:04:58Z;3;;304
2025-08-18T16:04:59Z;-37;;264
2025-08-18T16:05:21Z;;299;262
2025-08-18T16:05:27Z;;301;264
2025-08-18T16:05:30Z;;298;261
2025-08-18T16:05:32Z;210;;508
2025-08-18T16:05:33Z;270;;568
2025-08-18T16:05:37Z;;300;570
2025-08-18T16:05:39Z;;296;566
2025-08-18T16:05:44Z;6;;302
2025-08-18T16:05:45Z;9;;305
2025-08-18T16:05:47Z;;300;309
2025-08-18T16:05:49Z;;299;308
2025-08-18T16:05:52Z;6;;305
2025-08-18T16:05:53Z;3;;302
2025-08-18T16:06:02Z;;300;303
2025-08-18T16:06:04Z;;296;299
2025-08-18T16:06:23Z;;300;303
2025-08-18T16:06:25Z;;299;302
2025-08-18T16:06:28Z;142;;441
2025-08-18T16:06:29Z;320;;619
2025-08-18T16:06:43Z;2;;301
2025-08-18T16:06:46Z;3;;302
2025-08-18T16:06:50Z;2;;301
2025-08-18T16:06:52Z;15;;314
2025-08-18T16:09:21Z;123;;422
2025-08-18T16:15:06Z;;182;305
2025-08-18T16:15:29Z;-50;;132
2025-08-18T16:16:31Z;2064;;2246
2025-08-18T16:16:32Z;94;;276
2025-08-18T16:23:45Z;1;;183
2025-08-18T16:23:47Z;20;;202
2025-08-18T16:23:50Z;-3;;179
2025-08-18T16:24:08Z;8;;190
2025-08-18T16:24:18Z;-1;;181
2025-08-18T16:24:20Z;1;;183
2025-08-18T16:24:23Z;0;;182
2025-08-18T16:24:26Z;1;;183
2025-08-18T16:24:27Z;-1;;181
2025-08-18T16:24:30Z;1;;183
2025-08-18T16:24:31Z;0;;182
2025-08-18T16:24:32Z;0;;182
2025-08-18T16:24:37Z;0;;182
2025-08-18T16:24:38Z;2;;184
2025-08-18T16:24:39Z;0;;182
2025-08-18T16:24:40Z;0;;182
2025-08-18T16:24:47Z;1;;183
2025-08-18T16:24:51Z;7;;189
2025-08-18T16:24:54Z;2;;184
2025-08-18T16:25:11Z;0;;182
2025-08-18T16:25:12Z;6;;188
2025-08-18T16:25:24Z;0;;182
2025-08-18T16:25:25Z;6;;188
2025-08-18T16:25:29Z;0;;182
2025-08-18T16:25:32Z;3;;185
2025-08-18T16:25:45Z;1841;;2023
2025-08-18T16:30:06Z;;180;2021
2025-08-18T16:30:29Z;1933;;2113
2025-08-18T16:32:43Z;2374;0;2374
2025-08-18T16:32:44Z;1908;;1908
2025-08-18T16:32:45Z;1701;;1701
2025-08-18T16:32:46Z;1895;;1895
2025-08-18T16:37:53Z;2143;;2143
2025-08-18T16:38:03Z;2099;;2099
2025-08-18T16:38:05Z;2101;;2101
2025-08-18T16:38:08Z;2097;;2097
2025-08-18T16:38:09Z;2100;;2100
2025-08-18T16:38:10Z;2099;;2099
2025-08-18T16:38:12Z;2104;;2104
2025-08-18T16:38:14Z;1922;;1922
2025-08-18T16:40:47Z;-22;;-22
2025-08-18T16:40:51Z;168;;168
2025-08-18T16:41:11Z;149;;149
2025-08-18T16:45:04Z;59;;59
2025-08-18T16:45:06Z;;142;201
2025-08-18T16:45:24Z;128;;270
2025-08-18T16:45:29Z;128;;270
2025-08-18T16:46:39Z;43;;185
2025-08-18T16:47:01Z;-70;;72
2025-08-18T16:52:44Z;74;;216
2025-08-18T16:52:49Z;78;;220
2025-08-18T17:00:31Z;-15;;127
2025-08-18T17:03:15Z;6;;148
2025-08-18T17:03:17Z;-9;;133
2025-08-18T17:04:30Z;-4;;138
2025-08-18T17:07:07Z;0;;142
2025-08-18T17:07:19Z;0;;142
2025-08-18T17:07:27Z;0;;142
2025-08-18T17:07:30Z;0;;142
2025-08-18T17:07:32Z;0;;142
2025-08-18T17:07:43Z;1;;143
2025-08-18T17:07:44Z;0;;142
2025-08-18T17:07:45Z;2;;144
2025-08-18T17:07:47Z;0;;142
2025-08-18T17:07:48Z;1;;143
2025-08-18T17:07:49Z;0;;142
2025-08-18T17:07:53Z;1;;143
2025-08-18T17:07:55Z;0;;142
2025-08-18T17:07:56Z;1;;143
2025-08-18T17:08:02Z;0;;142
2025-08-18T17:08:04Z;1;;143
2025-08-18T17:08:09Z;0;;142
2025-08-18T17:08:10Z;1;;143
2025-08-18T17:08:13Z;0;;142
2025-08-18T17:08:14Z;1;;143
2025-08-18T17:08:15Z;0;;142
2025-08-18T17:08:17Z;1;;143
2025-08-18T17:08:18Z;0;;142
2025-08-18T17:08:19Z;2;;144
2025-08-18T17:08:22Z;0;;142
2025-08-18T17:08:23Z;1;;143
2025-08-18T17:08:30Z;0;;142
2025-08-18T17:08:31Z;1;;143
2025-08-18T17:08:32Z;0;;142
2025-08-18T17:08:33Z;1;;143
2025-08-18T17:08:34Z;0;;142
2025-08-18T17:08:36Z;2;;144
2025-08-18T17:08:38Z;-27;;115
2025-08-18T17:08:44Z;1117;;1259
2025-08-18T17:08:45Z;109;;251
2025-08-18T17:15:06Z;;70;179
2025-08-18T17:15:29Z;89;;159
2025-08-18T17:18:18Z;356;;426
2025-08-18T17:18:20Z;295;;365
2025-08-18T17:19:11Z;355;;425
2025-08-18T17:19:13Z;296;;366
2025-08-18T17:20:04Z;354;;424
2025-08-18T17:20:05Z;296;;366
2025-08-18T17:21:05Z;355;;425
2025-08-18T17:21:07Z;297;;367
2025-08-18T17:21:11Z;300;;370
2025-08-18T17:21:12Z;297;;367
2025-08-18T17:21:21Z;300;;370
2025-08-18T17:21:22Z;298;;368
2025-08-18T17:21:23Z;300;;370
2025-08-18T17:21:24Z;297;;367
2025-08-18T17:23:44Z;;0;297
2025-08-18T17:23:46Z;608;;608
2025-08-18T17:23:47Z;109;;109
2025-08-18T17:23:48Z;;48;157
2025-08-18T17:23:50Z;;0;109
2025-08-18T17:23:52Z;;54;163
2025-08-18T17:30:06Z;;45;154
2025-08-18T17:30:29Z;112;;157
2025-08-18T17:37:33Z;0;;45
2025-08-18T17:37:34Z;1;;46
2025-08-18T17:44:21Z;;0;1
2025-08-18T17:44:23Z;;17;18
2025-08-18T17:45:06Z;;17;18
2025-08-18T17:45:29Z;16;;33
2025-08-18T17:50:01Z;;0;16
2025-08-18T17:50:03Z;;7;23
2025-08-18T17:51:45Z;;0;16
2025-08-18T17:51:47Z;;4;20
2025-08-18T17:52:47Z;;0;16
2025-08-18T17:52:49Z;;1;17
2025-08-18T17:53:17Z;;0;16
2025-08-18T17:53:19Z;;1;17
2025-08-18T17:53:22Z;;0;16
2025-08-18T17:53:24Z;;1;17
2025-08-18T17:53:25Z;;0;16
2025-08-18T17:53:27Z;;1;17
2025-08-18T17:53:29Z;;0;16
2025-08-18T17:53:30Z;;1;17
2025-08-18T17:53:32Z;;0;16
2025-08-18T17:53:34Z;;1;17
2025-08-18T17:53:36Z;;0;16
2025-08-18T17:53:38Z;;1;17
2025-08-18T17:53:39Z;;0;16
2025-08-18T17:53:41Z;;1;17
2025-08-18T17:53:43Z;;0;16
2025-08-18T17:53:45Z;;1;17
2025-08-18T17:53:47Z;;0;16
2025-08-18T17:54:03Z;;2;18
2025-08-18T17:54:05Z;;0;16
2025-08-18T17:54:55Z;;81;97
2025-08-18T17:54:57Z;;0;16
2025-08-18T18:00:06Z;;0;16
2025-08-18T18:00:29Z;41;;41
2025-08-18T18:03:32Z;318;;318
2025-08-18T18:03:34Z;253;;253
2025-08-18T18:04:29Z;309;;309
2025-08-18T18:04:31Z;254;;254
2025-08-18T18:09:09Z;318;;318
2025-08-18T18:09:11Z;253;;253
2025-08-18T18:10:50Z;316;;316
2025-08-18T18:10:52Z;252;;252
2025-08-18T18:15:06Z;;0;252
2025-08-18T18:15:29Z;39;;39
2025-08-18T18:15:45Z;510;;510
2025-08-18T18:15:46Z;204;;204
2025-08-18T18:30:06Z;;0;204
2025-08-18T18:30:29Z;163;;163
2025-08-18T18:45:06Z;;0;163
2025-08-18T18:45:29Z;37;;37
2025-08-18T19:00:06Z;;0;37
2025-08-18T19:00:29Z;38;;38
2025-08-18T19:15:06Z;;0;38
2025-08-18T19:15:29Z;37;;37
2025-08-18T19:20:20Z;599;;599
2025-08-18T19:20:21Z;163;;163
2025-08-18T19:30:06Z;;0;163
2025-08-18T19:30:29Z;163;;163
2025-08-18T19:45:06Z;;0;163
2025-08-18T19:45:29Z;38;;38
2025-08-18T20:00:06Z;;0;38
2025-08-18T20:00:29Z;39;;39
2025-08-18T20:15:06Z;;0;39
2025-08-18T20:15:29Z;39;;39
2025-08-18T20:30:06Z;;0;39
2025-08-18T20:30:31Z;162;;162
2025-08-18T20:45:06Z;;0;162
2025-08-18T20:45:29Z;160;;160
2025-08-18T21:00:06Z;;0;160
2025-08-18T21:00:31Z;38;;38
2025-08-18T21:15:06Z;;0;38
2025-08-18T21:15:29Z;38;;38
2025-08-18T21:30:06Z;;0;38
2025-08-18T21:30:29Z;39;;39
2025-08-18T21:33:14Z;1421;;1421
2025-08-18T21:33:15Z;181;;181
2025-08-18T21:45:06Z;;0;181
2025-08-18T21:45:29Z;162;;162
2025-08-18T22:00:06Z;;0;162
2025-08-18T22:00:29Z;37;;37
2025-08-18T22:15:06Z;;0;37
2025-08-18T22:15:29Z;38;;38
2025-08-18T22:30:06Z;;0;38
2025-08-18T22:30:29Z;38;;38
2025-08-18T22:39:22Z;2281;;2281
2025-08-18T22:39:23Z;194;;194
2025-08-18T22:45:06Z;;0;194
2025-08-18T22:45:29Z;164;;164
2025-08-18T23:00:06Z;;0;164
2025-08-18T23:00:29Z;159;;159
2025-08-18T23:15:06Z;;0;159
2025-08-18T23:15:29Z;39;;39
2025-08-18T23:30:06Z;;0;39
2025-08-18T23:30:29Z;38;;38
2025-08-18T23:45:06Z;;0;38
2025-08-18T23:45:27Z;1032;;1032
2025-08-18T23:45:28Z;176;;176
2025-08-18T23:45:31Z;38;;38