timestamp;P_ex;P_pr;P_load
2024-03-31T00:00:06Z;315;;315
2024-03-31T00:00:08Z;;0;315
2024-03-31T00:02:01Z;69;;69
2024-03-31T00:05:08Z;301;;301
2024-03-31T00:14:32Z;2615;;2615
2024-03-31T00:14:33Z;467;;467
2024-03-31T00:15:06Z;435;;435
2024-03-31T00:18:33Z;187;;187
2024-03-31T00:21:33Z;355;;355
2024-03-31T00:30:06Z;424;;424
2024-03-31T00:34:43Z;183;;183
2024-03-31T00:37:43Z;343;;343
2024-03-31T00:37:45Z;280;;280
2024-03-31T00:37:52Z;300;;300
2024-03-31T00:39:22Z;298;;298
2024-03-31T00:39:23Z;300;;300
2024-03-31T00:40:17Z;296;;296
2024-03-31T00:40:18Z;305;;305
2024-03-31T00:45:06Z;;0;305
2024-03-31T00:51:22Z;69;;69
2024-03-31T00:54:31Z;303;;303
2024-03-31T00:55:30Z;299;;299
2024-03-31T00:55:31Z;302;;302
2024-03-31T00:57:57Z;299;;299
2024-03-31T00:57:58Z;305;;305
2024-03-31T01:00:06Z;;0;305
2024-03-31T01:00:08Z;307;;307
2024-03-31T01:07:51Z;177;;177
2024-03-31T01:11:01Z;302;;302
2024-03-31T01:11:51Z;299;;299
2024-03-31T01:11:52Z;301;;301
2024-03-31T01:12:15Z;299;;299
2024-03-31T01:12:16Z;300;;300
2024-03-31T01:12:17Z;299;;299
2024-03-31T01:12:18Z;300;;300
2024-03-31T01:12:28Z;297;;297
2024-03-31T01:12:29Z;302;;302
2024-03-31T01:12:33Z;299;;299
2024-03-31T01:12:34Z;301;;301
2024-03-31T01:12:40Z;299;;299
2024-03-31T01:12:41Z;301;;301
2024-03-31T01:12:45Z;299;;299
2024-03-31T01:12:46Z;303;;303
2024-03-31T01:14:09Z;299;;299
2024-03-31T01:14:10Z;304;;304
2024-03-31T01:15:06Z;305;;305
2024-03-31T01:15:08Z;;0;305
2024-03-31T01:24:09Z;70;;70
2024-03-31T01:27:19Z;301;;301
2024-03-31T01:28:09Z;299;;299
2024-03-31T01:28:10Z;301;;301
2024-03-31T01:28:13Z;299;;299
2024-03-31T01:28:14Z;300;;300
2024-03-31T01:28:16Z;298;;298
2024-03-31T01:28:17Z;300;;300
2024-03-31T01:28:19Z;299;;299
2024-03-31T01:28:20Z;300;;300
2024-03-31T01:28:28Z;299;;299
2024-03-31T01:28:29Z;300;;300
2024-03-31T01:28:31Z;299;;299
2024-03-31T01:28:32Z;300;;300
2024-03-31T01:28:33Z;299;;299
2024-03-31T01:28:34Z;300;;300
2024-03-31T01:28:35Z;299;;299
2024-03-31T01:28:37Z;300;;300
2024-03-31T01:28:38Z;299;;299
2024-03-31T01:28:39Z;300;;300
2024-03-31T01:28:40Z;298;;298
2024-03-31T01:28:41Z;300;;300
2024-03-31T01:28:43Z;299;;299
2024-03-31T01:28:44Z;300;;300
2024-03-31T01:28:45Z;299;;299
2024-03-31T01:28:47Z;300;;300
2024-03-31T01:28:48Z;299;;299
2024-03-31T01:28:49Z;300;;300
2024-03-31T01:28:51Z;299;;299
2024-03-31T01:28:52Z;300;;300
2024-03-31T01:28:56Z;299;;299
2024-03-31T01:28:57Z;304;;304
2024-03-31T01:29:01Z;299;;299
2024-03-31T01:29:02Z;301;;301
2024-03-31T01:29:10Z;299;;299
2024-03-31T01:29:11Z;300;;300
2024-03-31T01:30:01Z;299;;299
2024-03-31T01:30:02Z;301;;301
2024-03-31T01:30:06Z;;0;300
2024-03-31T01:30:10Z;299;;299
2024-03-31T01:36:51Z;649;;649
2024-03-31T01:36:52Z;440;;440
2024-03-31T01:39:56Z;183;;183
2024-03-31T01:42:55Z;423;;423
2024-03-31T01:45:06Z;414;0;423
2024-03-31T01:56:09Z;182;;182
2024-03-31T01:59:06Z;343;;343
2024-03-31T02:00:06Z;;0;343
2024-03-31T02:00:12Z;298;;298
2024-03-31T02:00:23Z;300;;300
2024-03-31T02:00:24Z;298;;298
2024-03-31T02:00:54Z;300;;300
2024-03-31T02:00:55Z;299;;299
2024-03-31T02:00:57Z;301;;301
2024-03-31T02:00:59Z;299;;299
2024-03-31T02:01:00Z;301;;301
2024-03-31T02:01:01Z;299;;299
2024-03-31T02:01:03Z;300;;300
2024-03-31T02:01:04Z;299;;299
2024-03-31T02:01:05Z;300;;300
2024-03-31T02:01:07Z;299;;299
2024-03-31T02:01:10Z;300;;300
2024-03-31T02:01:11Z;298;;298
2024-03-31T02:01:13Z;300;;300
2024-03-31T02:01:14Z;299;;299
2024-03-31T02:01:15Z;301;;301
2024-03-31T02:01:16Z;299;;299
2024-03-31T02:01:18Z;301;;301
2024-03-31T02:01:21Z;299;;299
2024-03-31T02:01:22Z;301;;301
2024-03-31T02:01:30Z;299;;299
2024-03-31T02:01:31Z;300;;300
2024-03-31T02:01:35Z;299;;299
2024-03-31T02:01:36Z;301;;301
2024-03-31T02:01:39Z;299;;299
2024-03-31T02:01:40Z;300;;300
2024-03-31T02:01:44Z;299;;299
2024-03-31T02:01:45Z;300;;300
2024-03-31T02:02:24Z;299;;299
2024-03-31T02:02:25Z;301;;301
2024-03-31T02:10:56Z;311;;311
2024-03-31T02:10:57Z;310;;310
2024-03-31T02:11:46Z;69;;69
2024-03-31T02:14:56Z;301;;301
2024-03-31T02:15:34Z;299;;299
2024-03-31T02:15:35Z;301;;301
2024-03-31T02:15:36Z;299;;299
2024-03-31T02:15:37Z;300;;300
2024-03-31T02:15:40Z;299;;299
2024-03-31T02:15:41Z;302;;302
2024-03-31T02:15:43Z;299;;299
2024-03-31T02:15:44Z;300;;300
2024-03-31T02:15:46Z;299;;299
2024-03-31T02:15:47Z;300;;300
2024-03-31T02:15:48Z;298;;298
2024-03-31T02:15:53Z;301;;301
2024-03-31T02:15:54Z;299;;299
2024-03-31T02:16:28Z;300;;300
2024-03-31T02:16:29Z;299;;299
2024-03-31T02:16:39Z;300;;300
2024-03-31T02:16:40Z;297;;297
2024-03-31T02:17:01Z;298;;298
2024-03-31T02:17:02Z;301;;301
2024-03-31T02:17:04Z;299;;299
2024-03-31T02:17:05Z;300;;300
2024-03-31T02:17:06Z;299;;299
2024-03-31T02:17:07Z;300;;300
2024-03-31T02:17:08Z;299;;299
2024-03-31T02:17:10Z;300;;300
2024-03-31T02:17:11Z;299;;299
2024-03-31T02:17:15Z;300;;300
2024-03-31T02:17:16Z;298;;298
2024-03-31T02:17:17Z;300;;300
2024-03-31T02:17:18Z;295;;295
2024-03-31T02:17:19Z;300;;300
2024-03-31T02:17:21Z;299;;299
2024-03-31T02:17:22Z;301;;301
2024-03-31T02:17:23Z;299;;299
2024-03-31T02:17:28Z;300;;300
2024-03-31T02:17:29Z;299;;299
2024-03-31T02:17:31Z;300;;300
2024-03-31T02:17:34Z;299;;299
2024-03-31T02:17:35Z;300;;300
2024-03-31T02:17:36Z;299;;299
2024-03-31T02:17:37Z;300;;300
2024-03-31T02:17:38Z;299;;299
2024-03-31T02:17:42Z;300;;300
2024-03-31T02:17:43Z;299;;299
2024-03-31T02:17:46Z;300;;300
2024-03-31T02:17:57Z;299;;299
2024-03-31T02:17:58Z;300;;300
2024-03-31T02:19:34Z;299;;299
2024-03-31T02:19:35Z;301;;301
2024-03-31T02:28:03Z;70;;70
2024-03-31T02:30:05Z;;0;70
2024-03-31T02:30:10Z;69;;69
2024-03-31T02:31:15Z;301;;301
2024-03-31T02:31:55Z;299;;299
2024-03-31T02:31:56Z;301;;301
2024-03-31T02:31:57Z;299;;299
2024-03-31T02:31:58Z;300;;300
2024-03-31T02:31:59Z;299;;299
2024-03-31T02:32:53Z;301;;301
2024-03-31T02:33:09Z;300;;300
2024-03-31T02:33:10Z;298;;298
2024-03-31T02:33:16Z;300;;300
2024-03-31T02:33:17Z;299;;299
2024-03-31T02:33:21Z;300;;300
2024-03-31T02:33:22Z;299;;299
2024-03-31T02:33:34Z;300;;300
2024-03-31T02:33:36Z;298;;298
2024-03-31T02:33:45Z;301;;301
2024-03-31T02:33:46Z;299;;299
2024-03-31T02:33:47Z;300;;300
2024-03-31T02:33:48Z;299;;299
2024-03-31T02:33:54Z;300;;300
2024-03-31T02:33:55Z;299;;299
2024-03-31T02:33:58Z;300;;300
2024-03-31T02:33:59Z;299;;299
2024-03-31T02:34:00Z;300;;300
2024-03-31T02:34:02Z;299;;299
2024-03-31T02:34:07Z;300;;300
2024-03-31T02:34:08Z;298;;298
2024-03-31T02:34:09Z;300;;300
2024-03-31T02:34:10Z;299;;299
2024-03-31T02:34:11Z;301;;301
2024-03-31T02:34:14Z;299;;299
2024-03-31T02:34:15Z;301;;301
2024-03-31T02:34:18Z;299;;299
2024-03-31T02:34:19Z;301;;301
2024-03-31T02:34:20Z;299;;299
2024-03-31T02:34:21Z;300;;300
2024-03-31T02:34:22Z;299;;299
2024-03-31T02:34:24Z;300;;300
2024-03-31T02:34:28Z;299;;299
2024-03-31T02:34:29Z;300;;300
2024-03-31T02:34:35Z;299;;299
2024-03-31T02:34:36Z;300;;300
2024-03-31T02:34:50Z;297;;297
2024-03-31T02:34:51Z;301;;301
2024-03-31T02:34:57Z;298;;298
2024-03-31T02:34:58Z;300;;300
2024-03-31T02:35:00Z;299;;299
2024-03-31T02:35:01Z;302;;302
2024-03-31T02:35:02Z;296;;296
2024-03-31T02:35:03Z;301;;301
2024-03-31T02:35:08Z;296;;296
2024-03-31T02:35:09Z;301;;301
2024-03-31T02:35:50Z;296;;296
2024-03-31T02:35:51Z;302;;302
2024-03-31T02:35:57Z;297;;297
2024-03-31T02:35:58Z;302;;302
2024-03-31T02:36:02Z;297;;297
2024-03-31T02:36:03Z;302;;302
2024-03-31T02:36:05Z;299;;299
2024-03-31T02:36:06Z;302;;302
2024-03-31T02:36:08Z;296;;296
2024-03-31T02:36:09Z;303;;303
2024-03-31T02:36:44Z;295;;295
2024-03-31T02:36:45Z;302;;302
2024-03-31T02:36:51Z;296;;296
2024-03-31T02:36:52Z;303;;303
2024-03-31T02:36:56Z;298;;298
2024-03-31T02:36:57Z;304;;304
2024-03-31T02:37:03Z;297;;297
2024-03-31T02:37:04Z;303;;303
2024-03-31T02:37:44Z;298;;298
2024-03-31T02:37:45Z;305;;305
2024-03-31T02:37:51Z;298;;298
2024-03-31T02:37:52Z;305;;305
2024-03-31T02:37:56Z;298;;298
2024-03-31T02:37:57Z;304;;304
2024-03-31T02:38:03Z;298;;298
2024-03-31T02:38:04Z;304;;304
2024-03-31T02:38:38Z;299;;299
2024-03-31T02:38:39Z;305;;305
2024-03-31T02:38:45Z;298;;298
2024-03-31T02:38:46Z;304;;304
2024-03-31T02:38:50Z;299;;299
2024-03-31T02:38:51Z;305;;305
2024-03-31T02:44:06Z;68;;68
2024-03-31T02:45:06Z;;0;68
2024-03-31T02:45:10Z;69;;69
2024-03-31T02:47:18Z;302;;302
2024-03-31T02:47:48Z;299;;299
2024-03-31T02:47:50Z;302;;302
2024-03-31T02:47:51Z;299;;299
2024-03-31T02:47:52Z;300;;300
2024-03-31T02:47:54Z;299;;299
2024-03-31T02:47:58Z;300;;300
2024-03-31T02:47:59Z;299;;299
2024-03-31T02:50:00Z;300;;300
2024-03-31T02:50:01Z;299;;299
2024-03-31T02:50:05Z;300;;300
2024-03-31T02:50:06Z;299;;299
2024-03-31T02:50:07Z;300;;300
2024-03-31T02:50:08Z;296;;296
2024-03-31T02:50:11Z;300;;300
2024-03-31T02:50:12Z;299;;299
2024-03-31T02:50:13Z;301;;301
2024-03-31T02:50:14Z;298;;298
2024-03-31T02:50:17Z;300;;300
2024-03-31T02:50:18Z;299;;299
2024-03-31T02:50:22Z;300;;300
2024-03-31T02:50:23Z;298;;298
2024-03-31T02:50:24Z;300;;300
2024-03-31T02:50:25Z;298;;298
2024-03-31T02:50:26Z;300;;300
2024-03-31T02:50:28Z;299;;299
2024-03-31T02:50:29Z;300;;300
2024-03-31T02:50:30Z;299;;299
2024-03-31T02:50:31Z;300;;300
2024-03-31T02:50:32Z;299;;299
2024-03-31T02:50:34Z;300;;300
2024-03-31T02:50:35Z;299;;299
2024-03-31T02:50:39Z;300;;300
2024-03-31T02:50:40Z;299;;299
2024-03-31T02:50:41Z;300;;300
2024-03-31T02:50:42Z;299;;299
2024-03-31T02:50:43Z;300;;300
2024-03-31T02:50:45Z;299;;299
2024-03-31T02:50:46Z;300;;300
2024-03-31T02:50:47Z;299;;299
2024-03-31T02:50:48Z;300;;300
2024-03-31T02:50:50Z;299;;299
2024-03-31T02:50:52Z;301;;301
2024-03-31T02:50:53Z;299;;299
2024-03-31T02:50:54Z;300;;300
2024-03-31T02:50:55Z;299;;299
2024-03-31T02:50:57Z;300;;300
2024-03-31T02:50:59Z;299;;299
2024-03-31T02:51:00Z;301;;301
2024-03-31T02:51:02Z;298;;298
2024-03-31T02:51:03Z;301;;301
2024-03-31T02:51:09Z;299;;299
2024-03-31T02:51:10Z;301;;301
2024-03-31T02:51:56Z;299;;299
2024-03-31T02:51:57Z;302;;302
2024-03-31T02:52:03Z;299;;299
2024-03-31T02:52:05Z;302;;302
2024-03-31T02:52:36Z;299;;299
2024-03-31T02:52:37Z;302;;302
2024-03-31T03:00:06Z;;0;302
2024-03-31T03:00:10Z;310;;310
2024-03-31T03:00:30Z;217;;217
2024-03-31T03:03:30Z;344;;344
2024-03-31T03:15:05Z;;0;344
2024-03-31T03:15:10Z;427;;427
2024-03-31T03:17:27Z;184;;184
2024-03-31T03:20:26Z;348;;348
2024-03-31T03:30:05Z;;0;348
2024-03-31T03:30:06Z;310;;310
2024-03-31T03:32:56Z;70;;70
2024-03-31T03:36:05Z;300;;300
2024-03-31T03:36:56Z;298;;298
2024-03-31T03:36:57Z;302;;302
2024-03-31T03:37:09Z;299;;299
2024-03-31T03:37:11Z;302;;302
2024-03-31T03:37:38Z;299;;299
2024-03-31T03:37:39Z;302;;302
2024-03-31T03:45:05Z;;0;302
2024-03-31T03:45:06Z;310;;310
2024-03-31T03:47:22Z;68;;68
2024-03-31T03:50:33Z;301;;301
2024-03-31T03:50:54Z;298;;298
2024-03-31T03:50:55Z;301;;301
2024-03-31T03:51:01Z;299;;299
2024-03-31T03:51:02Z;300;;300
2024-03-31T03:51:04Z;299;;299
2024-03-31T03:51:07Z;300;;300
2024-03-31T03:51:09Z;299;;299
2024-03-31T03:51:14Z;302;;302
2024-03-31T03:51:15Z;297;;297
2024-03-31T03:53:02Z;301;;301
2024-03-31T03:53:03Z;297;;297
2024-03-31T03:53:15Z;300;;300
2024-03-31T03:53:17Z;298;;298
2024-03-31T03:53:50Z;300;;300
2024-03-31T03:53:51Z;298;;298
2024-03-31T03:53:57Z;301;;301
2024-03-31T03:53:58Z;298;;298
2024-03-31T03:54:02Z;301;;301
2024-03-31T03:54:03Z;297;;297
2024-03-31T03:54:19Z;300;;300
2024-03-31T03:54:20Z;299;;299
2024-03-31T03:54:28Z;301;;301
2024-03-31T03:54:29Z;299;;299
2024-03-31T03:54:30Z;300;;300
2024-03-31T03:54:31Z;298;;298
2024-03-31T03:54:32Z;301;;301
2024-03-31T03:54:34Z;298;;298
2024-03-31T03:54:38Z;301;;301
2024-03-31T03:54:39Z;298;;298
2024-03-31T03:54:45Z;302;;302
2024-03-31T03:54:47Z;299;;299
2024-03-31T03:54:48Z;301;;301
2024-03-31T03:54:49Z;299;;299
2024-03-31T03:54:53Z;300;;300
2024-03-31T03:54:54Z;298;;298
2024-03-31T03:54:55Z;300;;300
2024-03-31T03:54:56Z;299;;299
2024-03-31T03:54:58Z;300;;300
2024-03-31T03:54:59Z;298;;298
2024-03-31T03:55:05Z;300;;300
2024-03-31T03:55:06Z;298;;298
2024-03-31T03:55:07Z;300;;300
2024-03-31T03:55:08Z;299;;299
2024-03-31T03:55:10Z;300;;300
2024-03-31T03:55:11Z;299;;299
2024-03-31T03:55:12Z;300;;300
2024-03-31T03:55:14Z;299;;299
2024-03-31T03:55:15Z;300;;300
2024-03-31T03:55:17Z;299;;299
2024-03-31T03:55:18Z;300;;300
2024-03-31T03:55:19Z;299;;299
2024-03-31T03:55:20Z;303;;303
2024-03-31T03:55:28Z;299;;299
2024-03-31T03:55:29Z;300;;300
2024-03-31T03:55:33Z;299;;299
2024-03-31T03:55:35Z;300;;300
2024-03-31T03:55:36Z;299;;299
2024-03-31T03:55:37Z;300;;300
2024-03-31T03:55:48Z;299;;299
2024-03-31T03:55:49Z;300;;300
2024-03-31T03:56:03Z;299;;299
2024-03-31T03:56:04Z;300;;300
2024-03-31T03:56:10Z;299;;299
2024-03-31T03:56:11Z;300;;300
2024-03-31T03:56:13Z;299;;299
2024-03-31T03:56:14Z;304;;304
2024-03-31T04:00:05Z;;0;304
2024-03-31T04:00:06Z;305;;305
2024-03-31T04:01:24Z;296;;296
2024-03-31T04:01:25Z;307;;307
2024-03-31T04:03:02Z;68;;68
2024-03-31T04:06:14Z;300;;300
2024-03-31T04:06:35Z;299;;299
2024-03-31T04:06:36Z;300;;300
2024-03-31T04:06:38Z;299;;299
2024-03-31T04:06:39Z;301;;301
2024-03-31T04:06:40Z;298;;298
2024-03-31T04:10:14Z;300;;300
2024-03-31T04:10:15Z;297;;297
2024-03-31T04:10:39Z;300;;300
2024-03-31T04:10:40Z;298;;298
2024-03-31T04:10:52Z;301;;301
2024-03-31T04:10:54Z;297;;297
2024-03-31T04:10:56Z;300;;300
2024-03-31T04:10:57Z;299;;299
2024-03-31T04:10:58Z;300;;300
2024-03-31T04:10:59Z;298;;298
2024-03-31T04:11:01Z;300;;300
2024-03-31T04:11:03Z;299;;299
2024-03-31T04:11:06Z;301;;301
2024-03-31T04:11:07Z;299;;299
2024-03-31T04:11:08Z;300;;300
2024-03-31T04:11:09Z;299;;299
2024-03-31T04:11:10Z;300;;300
2024-03-31T04:11:12Z;299;;299
2024-03-31T04:11:14Z;300;;300
2024-03-31T04:11:15Z;298;;298
2024-03-31T04:11:18Z;300;;300
2024-03-31T04:11:19Z;298;;298
2024-03-31T04:11:20Z;300;;300
2024-03-31T04:11:21Z;298;;298
2024-03-31T04:11:22Z;300;;300
2024-03-31T04:11:24Z;299;;299
2024-03-31T04:11:25Z;300;;300
2024-03-31T04:11:29Z;299;;299
2024-03-31T04:11:33Z;300;;300
2024-03-31T04:11:35Z;299;;299
2024-03-31T04:11:36Z;300;;300
2024-03-31T04:11:39Z;299;;299
2024-03-31T04:11:42Z;300;;300
2024-03-31T04:11:50Z;299;;299
2024-03-31T04:11:51Z;300;;300
2024-03-31T04:11:52Z;299;;299
2024-03-31T04:11:54Z;300;;300
2024-03-31T04:11:55Z;299;;299
2024-03-31T04:12:01Z;301;;301
2024-03-31T04:12:03Z;299;;299
2024-03-31T04:12:04Z;300;;300
2024-03-31T04:12:05Z;299;;299
2024-03-31T04:12:07Z;300;;300
2024-03-31T04:12:09Z;299;;299
2024-03-31T04:12:10Z;300;;300
2024-03-31T04:12:30Z;299;;299
2024-03-31T04:12:32Z;300;;300
2024-03-31T04:12:34Z;299;;299
2024-03-31T04:12:35Z;300;;300
2024-03-31T04:12:43Z;299;;299
2024-03-31T04:12:45Z;302;;302
2024-03-31T04:13:07Z;299;;299
2024-03-31T04:13:08Z;301;;301
2024-03-31T04:13:16Z;298;;298
2024-03-31T04:13:17Z;300;;300
2024-03-31T04:15:05Z;;0;300
2024-03-31T04:15:10Z;301;;301
2024-03-31T04:17:47Z;67;;67
2024-03-31T04:21:03Z;300;;300
2024-03-31T04:21:13Z;299;;299
2024-03-31T04:24:55Z;300;;300
2024-03-31T04:24:56Z;297;;297
2024-03-31T04:26:18Z;300;;300
2024-03-31T04:26:19Z;298;;298
2024-03-31T04:26:20Z;300;;300
2024-03-31T04:26:22Z;298;;298
2024-03-31T04:26:46Z;300;;300
2024-03-31T04:26:47Z;298;;298
2024-03-31T04:26:51Z;300;;300
2024-03-31T04:26:52Z;299;;299
2024-03-31T04:26:56Z;1460;;1460
2024-03-31T04:26:57Z;434;;434
2024-03-31T04:30:05Z;;0;434
2024-03-31T04:30:06Z;414;;414
2024-03-31T04:33:38Z;182;;182
2024-03-31T04:36:37Z;525;;525
2024-03-31T04:45:05Z;;0;525
2024-03-31T04:45:06Z;416;;416
2024-03-31T04:49:56Z;252;;252
2024-03-31T04:53:11Z;301;;301
2024-03-31T04:53:26Z;299;;299
2024-03-31T04:54:22Z;;12;311
2024-03-31T04:54:24Z;309;;321
2024-03-31T04:54:25Z;295;0;307
2024-03-31T04:54:56Z;;1;296
2024-03-31T04:54:58Z;;0;295
2024-03-31T04:55:00Z;;1;296
2024-03-31T04:59:28Z;;0;295
2024-03-31T04:59:30Z;;19;314
2024-03-31T05:00:05Z;;22;317
2024-03-31T05:00:06Z;283;;305
2024-03-31T05:09:35Z;614;;636
2024-03-31T05:09:36Z;272;;294
2024-03-31T05:09:37Z;324;;346
2024-03-31T05:09:38Z;270;;292
2024-03-31T05:10:01Z;455;;477
2024-03-31T05:10:02Z;282;;304
2024-03-31T05:10:03Z;326;;348
2024-03-31T05:10:04Z;298;;320
2024-03-31T05:10:05Z;313;;335
2024-03-31T05:10:08Z;263;;285
2024-03-31T05:10:28Z;336;;358
2024-03-31T05:10:34Z;261;;283
2024-03-31T05:10:47Z;315;;337
2024-03-31T05:10:54Z;259;;281
2024-03-31T05:11:05Z;304;;326
2024-03-31T05:11:12Z;250;;272
2024-03-31T05:11:25Z;358;;380
2024-03-31T05:11:32Z;248;;270
2024-03-31T05:11:36Z;340;;362
2024-03-31T05:11:41Z;253;;275
2024-03-31T05:11:51Z;343;;365
2024-03-31T05:11:58Z;244;;266
2024-03-31T05:12:02Z;327;;349
2024-03-31T05:12:07Z;249;;271
2024-03-31T05:12:17Z;333;;355
2024-03-31T05:12:24Z;237;;259
2024-03-31T05:12:28Z;314;;336
2024-03-31T05:12:35Z;243;;265
2024-03-31T05:12:42Z;375;;397
2024-03-31T05:12:48Z;234;;256
2024-03-31T05:12:53Z;397;;419
2024-03-31T05:13:05Z;230;;252
2024-03-31T05:13:09Z;1971;;1993
2024-03-31T05:15:05Z;;108;2079
2024-03-31T05:15:06Z;1948;;2056
2024-03-31T05:17:09Z;1787;;1895
2024-03-31T05:17:10Z;1809;;1917
2024-03-31T05:18:03Z;1795;;1903
2024-03-31T05:18:05Z;1811;;1919
2024-03-31T05:18:14Z;1799;;1907
2024-03-31T05:18:17Z;1932;;2040
2024-03-31T05:18:29Z;1796;;1904
2024-03-31T05:18:33Z;1894;;2002
2024-03-31T05:18:40Z;1790;;1898
2024-03-31T05:18:44Z;1897;;2005
2024-03-31T05:18:56Z;1795;;1903
2024-03-31T05:19:00Z;1913;;2021
2024-03-31T05:19:07Z;1795;;1903
2024-03-31T05:19:11Z;1906;;2014
2024-03-31T05:19:24Z;1788;;1896
2024-03-31T05:19:28Z;1944;;2052
2024-03-31T05:19:35Z;1786;;1894
2024-03-31T05:19:39Z;1927;;2035
2024-03-31T05:19:42Z;;0;1927
2024-03-31T05:19:44Z;;141;2068
2024-03-31T05:19:51Z;1785;;1926
2024-03-31T05:19:55Z;1886;;2027
2024-03-31T05:20:02Z;1787;;1928
2024-03-31T05:20:06Z;1871;;2012
2024-03-31T05:20:18Z;1783;;1924
2024-03-31T05:20:22Z;1897;;2038
2024-03-31T05:20:44Z;1789;;1930
2024-03-31T05:20:46Z;1979;;2120
2024-03-31T05:20:52Z;1789;;1930
2024-03-31T05:21:02Z;1973;;2114
2024-03-31T05:21:08Z;1788;;1929
2024-03-31T05:21:18Z;1908;;2049
2024-03-31T05:21:24Z;1784;;1925
2024-03-31T05:21:34Z;1889;;2030
2024-03-31T05:21:40Z;1786;;1927
2024-03-31T05:24:49Z;1809;;1950
2024-03-31T05:24:55Z;1759;;1900
2024-03-31T05:25:06Z;1971;;2112
2024-03-31T05:25:12Z;1782;;1923
2024-03-31T05:25:22Z;1959;;2100
2024-03-31T05:25:28Z;1769;;1910
2024-03-31T05:25:38Z;1899;;2040
2024-03-31T05:25:44Z;1767;;1908
2024-03-31T05:25:54Z;1865;;2006
2024-03-31T05:26:00Z;1763;;1904
2024-03-31T05:26:10Z;1875;;2016
2024-03-31T05:26:16Z;1766;;1907
2024-03-31T05:26:27Z;1942;;2083
2024-03-31T05:26:33Z;1760;;1901
2024-03-31T05:26:43Z;1881;;2022
2024-03-31T05:26:49Z;1764;;1905
2024-03-31T05:26:59Z;1857;;1998
2024-03-31T05:27:05Z;1763;;1904
2024-03-31T05:27:15Z;1866;;2007
2024-03-31T05:27:21Z;1765;;1906
2024-03-31T05:27:32Z;1972;;2113
2024-03-31T05:27:38Z;1765;;1906
2024-03-31T05:27:48Z;1948;;2089
2024-03-31T05:27:54Z;1766;;1907
2024-03-31T05:28:04Z;1856;;1997
2024-03-31T05:28:10Z;1762;;1903
2024-03-31T05:28:20Z;1848;;1989
2024-03-31T05:28:26Z;1770;;1911
2024-03-31T05:28:37Z;1956;;2097
2024-03-31T05:28:43Z;1758;;1899
2024-03-31T05:28:53Z;1921;;2062
2024-03-31T05:28:59Z;1758;;1899
2024-03-31T05:29:09Z;1870;;2011
2024-03-31T05:29:15Z;1758;;1899
2024-03-31T05:29:25Z;1854;;1995
2024-03-31T05:29:31Z;1754;;1895
2024-03-31T05:29:42Z;1956;;2097
2024-03-31T05:29:47Z;1761;;1902
2024-03-31T05:29:48Z;1833;;1974
2024-03-31T05:29:49Z;1759;;1900
2024-03-31T05:29:50Z;1450;;1591
2024-03-31T05:29:51Z;1750;;1891
2024-03-31T05:29:58Z;1894;;2035
2024-03-31T05:30:04Z;1754;;1895
2024-03-31T05:30:05Z;;179;1933
2024-03-31T05:30:06Z;1888;;2067
2024-03-31T05:30:14Z;1847;;2026
2024-03-31T05:30:20Z;1751;;1930
2024-03-31T05:30:30Z;1857;;2036
2024-03-31T05:30:36Z;1756;;1935
2024-03-31T05:30:47Z;1938;;2117
2024-03-31T05:30:52Z;1798;;1977
2024-03-31T05:31:03Z;1941;;2120
2024-03-31T05:31:09Z;1749;;1928
2024-03-31T05:31:19Z;1840;;2019
2024-03-31T05:31:25Z;1747;;1926
2024-03-31T05:31:35Z;1847;;2026
2024-03-31T05:31:41Z;1745;;1924
2024-03-31T05:31:52Z;1928;;2107
2024-03-31T05:31:58Z;1731;;1910
2024-03-31T05:32:08Z;1937;;2116
2024-03-31T05:32:14Z;1730;;1909
2024-03-31T05:32:24Z;1869;;2048
2024-03-31T05:32:30Z;1701;;1880
2024-03-31T05:32:40Z;1898;;2077
2024-03-31T05:32:46Z;1708;;1887
2024-03-31T05:32:57Z;1882;;2061
2024-03-31T05:33:02Z;1719;;1898
2024-03-31T05:33:13Z;1893;;2072
2024-03-31T05:33:19Z;1724;;1903
2024-03-31T05:33:29Z;1849;;2028
2024-03-31T05:33:35Z;1725;;1904
2024-03-31T05:33:45Z;1820;;1999
2024-03-31T05:33:51Z;1721;;1900
2024-03-31T05:34:01Z;1833;;2012
2024-03-31T05:34:07Z;1725;;1904
2024-03-31T05:34:18Z;1941;;2120
2024-03-31T05:34:24Z;1735;;1914
2024-03-31T05:34:34Z;1843;;2022
2024-03-31T05:34:40Z;1720;;1899
2024-03-31T05:34:50Z;1804;;1983
2024-03-31T05:34:56Z;1716;;1895
2024-03-31T05:35:06Z;1803;;1982
2024-03-31T05:35:13Z;1726;;1905
2024-03-31T05:35:23Z;1903;;2082
2024-03-31T05:35:29Z;1717;;1896
2024-03-31T05:35:39Z;1881;;2060
2024-03-31T05:35:45Z;1715;;1894
2024-03-31T05:35:55Z;1825;;2004
2024-03-31T05:36:01Z;1711;;1890
2024-03-31T05:36:12Z;1906;;2085
2024-03-31T05:36:17Z;1736;;1915
2024-03-31T05:36:28Z;1909;;2088
2024-03-31T05:36:34Z;1711;;1890
2024-03-31T05:36:44Z;1852;;2031
2024-03-31T05:36:50Z;1710;;1889
2024-03-31T05:37:00Z;1803;;1982
2024-03-31T05:37:06Z;1704;;1883
2024-03-31T05:37:16Z;1800;;1979
2024-03-31T05:37:22Z;1704;;1883
2024-03-31T05:37:33Z;1909;;2088
2024-03-31T05:37:38Z;1731;;1910
2024-03-31T05:37:49Z;1829;;2008
2024-03-31T05:37:55Z;1689;;1868
2024-03-31T05:38:00Z;1463;;1642
2024-03-31T05:38:05Z;1563;;1742
2024-03-31T05:38:11Z;1468;;1647
2024-03-31T05:38:21Z;1573;;1752
2024-03-31T05:38:27Z;1472;;1651
2024-03-31T05:38:38Z;1670;;1849
2024-03-31T05:38:44Z;1463;;1642
2024-03-31T05:38:54Z;1668;;1847
2024-03-31T05:39:00Z;1468;;1647
2024-03-31T05:39:10Z;1567;;1746
2024-03-31T05:39:16Z;1476;;1655
2024-03-31T05:39:26Z;1572;;1751
2024-03-31T05:39:32Z;1468;;1647
2024-03-31T05:39:43Z;1659;;1838
2024-03-31T05:39:49Z;1477;;1656
2024-03-31T05:39:59Z;1663;;1842
2024-03-31T05:40:05Z;1457;;1636
2024-03-31T05:40:15Z;1607;;1786
2024-03-31T05:40:21Z;1488;;1667
2024-03-31T05:40:31Z;1580;;1759
2024-03-31T05:40:37Z;1489;;1668
2024-03-31T05:40:48Z;1691;;1870
2024-03-31T05:40:54Z;1494;;1673
2024-03-31T05:40:59Z;1679;;1858
2024-03-31T05:41:04Z;1858;;2037
2024-03-31T05:41:22Z;1827;;2006
2024-03-31T05:41:26Z;1720;;1899
2024-03-31T05:41:36Z;1814;;1993
2024-03-31T05:41:42Z;1705;;1884
2024-03-31T05:41:52Z;1821;;2000
2024-03-31T05:41:58Z;1727;;1906
2024-03-31T05:42:09Z;1864;;2043
2024-03-31T05:42:15Z;1722;;1901
2024-03-31T05:42:25Z;1832;;2011
2024-03-31T05:42:31Z;1729;;1908
2024-03-31T05:42:41Z;1825;;2004
2024-03-31T05:42:47Z;1733;;1912
2024-03-31T05:42:57Z;1814;;1993
2024-03-31T05:43:03Z;1749;;1928
2024-03-31T05:43:14Z;1937;;2116
2024-03-31T05:43:20Z;1738;;1917
2024-03-31T05:43:30Z;1840;;2019
2024-03-31T05:43:36Z;1741;;1920
2024-03-31T05:43:46Z;1857;;2036
2024-03-31T05:43:52Z;1751;;1930
2024-03-31T05:44:03Z;1926;;2105
2024-03-31T05:44:09Z;1747;;1926
2024-03-31T05:44:19Z;1940;;2119
2024-03-31T05:44:25Z;1746;;1925
2024-03-31T05:44:35Z;1889;;2068
2024-03-31T05:44:41Z;1749;;1928
2024-03-31T05:44:51Z;1850;;2029
2024-03-31T05:44:57Z;1758;;1937
2024-03-31T05:45:05Z;;187;1945
2024-03-31T05:45:06Z;1748;;1935
2024-03-31T05:45:08Z;1968;;2155
2024-03-31T05:45:13Z;1743;;1930
2024-03-31T05:45:24Z;1931;;2118
2024-03-31T05:45:30Z;1744;;1931
2024-03-31T05:45:31Z;112;;299
2024-03-31T05:45:57Z;301;;488
2024-03-31T05:45:58Z;264;;451
2024-03-31T05:46:14Z;307;;494
2024-03-31T05:46:16Z;234;;421
2024-03-31T05:50:07Z;-271;;-84
2024-03-31T05:50:08Z;57;;244
2024-03-31T05:51:22Z;303;;490
2024-03-31T05:51:23Z;205;;392
2024-03-31T05:54:49Z;60;;247
2024-03-31T05:54:53Z;13;;200
2024-03-31T05:55:42Z;4;;191
2024-03-31T05:56:52Z;;300;304
2024-03-31T05:56:54Z;;294;298
2024-03-31T05:56:56Z;;303;307
2024-03-31T05:56:58Z;;296;300
2024-03-31T05:57:00Z;;304;308
2024-03-31T05:57:02Z;;298;302
2024-03-31T05:57:04Z;;306;310
2024-03-31T05:57:20Z;2003;;2309
2024-03-31T05:57:21Z;-65;;241
2024-03-31T05:57:31Z;32;;338
2024-03-31T05:57:32Z;-8;;298
2024-03-31T05:57:35Z;8;;314
2024-03-31T05:57:36Z;8;;314
2024-03-31T05:57:42Z;;295;303
2024-03-31T05:57:44Z;;300;308
2024-03-31T05:57:46Z;;292;300
2024-03-31T05:57:50Z;122;;414
2024-03-31T05:57:52Z;;306;428
2024-03-31T05:57:54Z;;299;421
2024-03-31T05:58:02Z;;309;431
2024-03-31T05:58:25Z;468;;777
2024-03-31T05:58:27Z;287;;596
2024-03-31T05:58:28Z;307;;616
2024-03-31T05:58:36Z;105;;414
2024-03-31T05:59:37Z;328;;637
2024-03-31T05:59:39Z;218;;527
2024-03-31T05:59:45Z;322;;631
2024-03-31T05:59:46Z;229;;538
2024-03-31T06:00:05Z;;324;553
2024-03-31T06:00:06Z;230;;554
2024-03-31T06:00:14Z;330;;654
2024-03-31T06:00:15Z;228;;552
2024-03-31T06:00:16Z;425;;749
2024-03-31T06:00:17Z;211;;535
2024-03-31T06:02:08Z;347;;671
2024-03-31T06:02:09Z;249;;573
2024-03-31T06:02:50Z;313;;637
2024-03-31T06:02:51Z;102;;426
2024-03-31T06:09:39Z;335;;659
2024-03-31T06:09:40Z;221;;545
2024-03-31T06:10:40Z;-32;;292
2024-03-31T06:11:36Z;186;;510
2024-03-31T06:11:37Z;-105;;219
2024-03-31T06:11:47Z;126;;450
2024-03-31T06:11:48Z;-99;;225
2024-03-31T06:11:56Z;17;;341
2024-03-31T06:11:57Z;-8;;316
2024-03-31T06:12:07Z;168;;492
2024-03-31T06:12:08Z;-89;;235
2024-03-31T06:12:28Z;118;;442
2024-03-31T06:12:39Z;21;;345
2024-03-31T06:12:43Z;;298;319
2024-03-31T06:12:45Z;;306;327
2024-03-31T06:12:51Z;154;;460
2024-03-31T06:12:53Z;;297;451
2024-03-31T06:12:55Z;;305;459
2024-03-31T06:12:57Z;281;;586
2024-03-31T06:12:58Z;461;;766
2024-03-31T06:12:59Z;28;;333
2024-03-31T06:13:03Z;;296;324
2024-03-31T06:13:05Z;;304;332
2024-03-31T06:13:08Z;64;;368
2024-03-31T06:13:13Z;;296;360
2024-03-31T06:13:15Z;;303;367
2024-03-31T06:13:21Z;;293;357
2024-03-31T06:13:23Z;;303;367
2024-03-31T06:13:31Z;;296;360
2024-03-31T06:13:33Z;;303;367
2024-03-31T06:13:39Z;;295;359
2024-03-31T06:13:40Z;99;;394
2024-03-31T06:13:41Z;;295;394
2024-03-31T06:13:49Z;;296;395
2024-03-31T06:13:51Z;;304;403
2024-03-31T06:13:59Z;;296;395
2024-03-31T06:14:01Z;;305;404
2024-03-31T06:14:08Z;;297;396
2024-03-31T06:14:11Z;396;;693
2024-03-31T06:14:12Z;;306;702
2024-03-31T06:14:13Z;236;;542
2024-03-31T06:14:19Z;;297;533
2024-03-31T06:14:21Z;;305;541
2024-03-31T06:14:29Z;;297;533
2024-03-31T06:14:36Z;;303;539
2024-03-31T06:14:43Z;;270;506
2024-03-31T06:14:45Z;;306;542
2024-03-31T06:14:46Z;;262;498
2024-03-31T06:14:48Z;;309;545
2024-03-31T06:14:55Z;;297;533
2024-03-31T06:14:57Z;;304;540
2024-03-31T06:15:03Z;;295;531
2024-03-31T06:15:05Z;;305;541
2024-03-31T06:15:06Z;274;;579
2024-03-31T06:15:08Z;;309;583
2024-03-31T06:15:13Z;;293;567
2024-03-31T06:15:14Z;306;;615
2024-03-31T06:15:15Z;;301;607
2024-03-31T06:15:18Z;;299;605
2024-03-31T06:15:20Z;;304;610
2024-03-31T06:15:22Z;;297;603
2024-03-31T06:15:24Z;;297;603
2024-03-31T06:15:28Z;;297;603
2024-03-31T06:15:36Z;299;;596
2024-03-31T06:15:38Z;305;;602
2024-03-31T06:15:40Z;299;;596
2024-03-31T06:15:45Z;301;;598
2024-03-31T06:15:48Z;299;;596
2024-03-31T06:15:56Z;307;;604
2024-03-31T06:15:59Z;298;;595
2024-03-31T06:16:06Z;305;;602
2024-03-31T06:16:09Z;293;;590
2024-03-31T06:16:15Z;300;;597
2024-03-31T06:16:18Z;297;;594
2024-03-31T06:16:27Z;307;;604
2024-03-31T06:16:29Z;299;;596
2024-03-31T06:16:30Z;300;;597
2024-03-31T06:16:31Z;288;;585
2024-03-31T06:16:36Z;307;;604
2024-03-31T06:16:37Z;294;;591
2024-03-31T06:16:38Z;306;;603
2024-03-31T06:16:39Z;299;;596
2024-03-31T06:16:40Z;304;;601
2024-03-31T06:16:41Z;298;;595
2024-03-31T06:16:46Z;318;;615
2024-03-31T06:16:49Z;291;;588
2024-03-31T06:16:50Z;308;;605
2024-03-31T06:16:52Z;292;;589
2024-03-31T06:16:56Z;317;;614
2024-03-31T06:16:59Z;298;;595
2024-03-31T06:17:00Z;300;;597
2024-03-31T06:17:01Z;287;;584
2024-03-31T06:17:04Z;399;;696
2024-03-31T06:17:05Z;298;;595
2024-03-31T06:17:08Z;;300;598
2024-03-31T06:17:10Z;;296;594
2024-03-31T06:20:00Z;312;;608
2024-03-31T06:20:01Z;260;;556
2024-03-31T06:20:13Z;315;;611
2024-03-31T06:20:15Z;293;;589
2024-03-31T06:20:17Z;317;;613
2024-03-31T06:20:18Z;293;;589
2024-03-31T06:20:28Z;312;;608
2024-03-31T06:20:29Z;;354;666
2024-03-31T06:20:31Z;;244;556
2024-03-31T06:20:32Z;187;;431
2024-03-31T06:20:38Z;325;;569
2024-03-31T06:20:39Z;283;;527
2024-03-31T06:20:40Z;335;;579
2024-03-31T06:20:41Z;278;;522
2024-03-31T06:20:42Z;300;;544
2024-03-31T06:20:44Z;149;;393
2024-03-31T06:20:51Z;330;;574
2024-03-31T06:20:52Z;288;;532
2024-03-31T06:21:06Z;318;;562
2024-03-31T06:21:07Z;277;;521
2024-03-31T06:21:08Z;302;;546
2024-03-31T06:21:09Z;280;;524
2024-03-31T06:21:18Z;301;;545
2024-03-31T06:21:19Z;295;;539
2024-03-31T06:22:41Z;138;;382
2024-03-31T06:22:43Z;3;;247
2024-03-31T06:22:55Z;-6;;238
2024-03-31T06:22:56Z;;301;295
2024-03-31T06:22:57Z;13;;314
2024-03-31T06:22:58Z;;293;306
2024-03-31T06:22:59Z;;301;314
2024-03-31T06:23:01Z;;299;312
2024-03-31T06:23:07Z;;301;314
2024-03-31T06:23:09Z;2;;303
2024-03-31T06:23:11Z;7;;308
2024-03-31T06:23:13Z;;295;302
2024-03-31T06:23:15Z;;303;310
2024-03-31T06:23:22Z;;307;314
2024-03-31T06:23:24Z;;299;306
2024-03-31T06:23:25Z;0;;299
2024-03-31T06:23:29Z;139;;438
2024-03-31T06:23:35Z;;294;433
2024-03-31T06:23:36Z;18;;312
2024-03-31T06:23:37Z;;307;325
2024-03-31T06:23:42Z;136;;443
2024-03-31T06:23:47Z;119;;426
2024-03-31T06:23:55Z;81;;388
2024-03-31T06:24:00Z;111;;418
2024-03-31T06:24:54Z;125;;432
2024-03-31T06:25:48Z;397;;704
2024-03-31T06:25:49Z;600;;907
2024-03-31T06:25:50Z;177;;484
2024-03-31T06:25:54Z;-3;;304
2024-03-31T06:26:03Z;37;;344
2024-03-31T06:26:16Z;16;;323
2024-03-31T06:26:19Z;6;;313
2024-03-31T06:26:21Z;0;;307
2024-03-31T06:26:23Z;5;;312
2024-03-31T06:26:34Z;0;;307
2024-03-31T06:26:41Z;4;;311
2024-03-31T06:26:52Z;0;;307
2024-03-31T06:26:54Z;6;;313
2024-03-31T06:27:00Z;171;;478
2024-03-31T06:27:01Z;-25;;282
2024-03-31T06:27:05Z;13;;320
2024-03-31T06:27:06Z;2;;309
2024-03-31T06:27:09Z;56;;363
2024-03-31T06:27:17Z;-20;;287
2024-03-31T06:27:19Z;93;;400
2024-03-31T06:27:28Z;373;;680
2024-03-31T06:27:30Z;129;;436
2024-03-31T06:27:46Z;2;;309
2024-03-31T06:28:00Z;39;;346
2024-03-31T06:29:30Z;445;;752
2024-03-31T06:29:32Z;212;;519
2024-03-31T06:29:48Z;-3;;304
2024-03-31T06:29:49Z;3;;310
2024-03-31T06:29:50Z;0;;307
2024-03-31T06:29:51Z;-11;;296
2024-03-31T06:29:58Z;-2;;305
2024-03-31T06:29:59Z;16;;323
2024-03-31T06:30:05Z;;232;248
2024-03-31T06:30:07Z;14;;246
2024-03-31T06:30:44Z;43;;275
2024-03-31T06:30:46Z;27;;259
2024-03-31T06:30:48Z;36;;268
2024-03-31T06:31:32Z;72;;304
2024-03-31T06:34:04Z;39;;271
2024-03-31T06:34:58Z;48;;280
2024-03-31T06:34:59Z;222;;454
2024-03-31T06:35:46Z;4;;236
2024-03-31T06:35:49Z;3;;235
2024-03-31T06:35:51Z;1;;233
2024-03-31T06:35:53Z;6;;238
2024-03-31T06:36:12Z;-4;;228
2024-03-31T06:36:17Z;-3;;229
2024-03-31T06:36:25Z;1;;233
2024-03-31T06:36:26Z;0;;232
2024-03-31T06:36:27Z;-12;;220
2024-03-31T06:36:34Z;6;;238
2024-03-31T06:37:14Z;2;;234
2024-03-31T06:37:16Z;;300;302
2024-03-31T06:37:18Z;;294;296
2024-03-31T06:37:20Z;;304;306
2024-03-31T06:37:22Z;;298;300
2024-03-31T06:37:24Z;;308;310
2024-03-31T06:39:53Z;-301;;7
2024-03-31T06:39:55Z;-294;;14
2024-03-31T06:39:57Z;-303;;5
2024-03-31T06:39:59Z;-297;;11
2024-03-31T06:40:01Z;-310;;-2
2024-03-31T06:40:35Z;-347;;-39
2024-03-31T06:40:38Z;-226;;82
2024-03-31T06:40:44Z;-348;;-40
2024-03-31T06:40:46Z;-299;;9
2024-03-31T06:41:37Z;-327;;-19
2024-03-31T06:41:42Z;-299;;9
2024-03-31T06:41:55Z;;600;301
2024-03-31T06:42:24Z;-569;;31
2024-03-31T06:42:27Z;-519;;81
2024-03-31T06:43:20Z;-620;;-20
2024-03-31T06:43:24Z;-636;;-36
2024-03-31T06:43:26Z;-640;;-40
2024-03-31T06:43:27Z;-642;;-42
2024-03-31T06:43:35Z;-569;;31
2024-03-31T06:43:42Z;-568;;32
2024-03-31T06:43:52Z;-603;;-3
2024-03-31T06:43:54Z;-598;;2
2024-03-31T06:43:56Z;-601;;-1
2024-03-31T06:43:58Z;-593;;7
2024-03-31T06:44:00Z;-626;;-26
2024-03-31T06:44:23Z;-541;;59
2024-03-31T06:44:34Z;-627;;-27
2024-03-31T06:44:38Z;-614;;-14
2024-03-31T06:44:45Z;-648;;-48
2024-03-31T06:44:49Z;-666;;-66
2024-03-31T06:44:55Z;-578;;22
2024-03-31T06:45:05Z;;773;195
2024-03-31T06:45:06Z;-715;;58
2024-03-31T06:45:25Z;-732;;41
2024-03-31T06:45:30Z;-598;;175
2024-03-31T06:46:07Z;;900;302
2024-03-31T06:46:09Z;;894;296
2024-03-31T06:46:11Z;;906;308
2024-03-31T06:46:12Z;;898;300
2024-03-31T06:46:14Z;;908;310
2024-03-31T06:46:56Z;-253;;655
2024-03-31T06:46:57Z;-839;;69
2024-03-31T06:48:20Z;;896;57
2024-03-31T06:48:23Z;;900;61
2024-03-31T06:48:26Z;;895;56
2024-03-31T06:48:28Z;;907;68
2024-03-31T06:48:30Z;;893;54
2024-03-31T06:48:32Z;;908;69
2024-03-31T06:49:03Z;;855;16
2024-03-31T06:49:05Z;;941;102
2024-03-31T06:50:59Z;-647;;294
2024-03-31T06:51:01Z;802;;1743
2024-03-31T06:51:15Z;905;;1846
2024-03-31T06:51:16Z;891;;1832
2024-03-31T06:52:27Z;707;;1648
2024-03-31T06:53:28Z;-784;;157
2024-03-31T06:53:31Z;273;;1214
2024-03-31T06:53:32Z;626;;1567
2024-03-31T06:53:41Z;-990;;-49
2024-03-31T06:54:35Z;;364;-626
2024-03-31T06:54:37Z;;1077;87
2024-03-31T06:59:32Z;;818;-172
2024-03-31T06:59:34Z;;1158;168
2024-03-31T07:00:05Z;;1157;167
2024-03-31T07:00:06Z;-1091;;66
2024-03-31T07:01:02Z;;671;-420
2024-03-31T07:01:04Z;;1147;56
2024-03-31T07:01:06Z;;1149;58
2024-03-31T07:01:07Z;;1158;67
2024-03-31T07:01:52Z;-440;;718
2024-03-31T07:01:53Z;-1084;;74
2024-03-31T07:03:14Z;;883;-201
2024-03-31T07:03:16Z;;1047;-37
2024-03-31T07:04:02Z;-1095;;-48
2024-03-31T07:04:03Z;-883;;164
2024-03-31T07:08:35Z;-1116;;-69
2024-03-31T07:08:37Z;-978;;69
2024-03-31T07:09:34Z;-891;;156
2024-03-31T07:09:35Z;-1019;1203;28
2024-03-31T07:09:37Z;;1199;180
2024-03-31T07:09:38Z;;1202;183
2024-03-31T07:09:40Z;;1198;179
2024-03-31T07:09:42Z;;1204;185
2024-03-31T07:09:44Z;;1183;164
2024-03-31T07:09:46Z;;1204;185
2024-03-31T07:09:50Z;;1193;174
2024-03-31T07:09:52Z;;1200;181
2024-03-31T07:09:54Z;;1199;180
2024-03-31T07:09:56Z;;1201;182
2024-03-31T07:09:59Z;;1199;180
2024-03-31T07:10:02Z;;1203;184
2024-03-31T07:11:09Z;;1133;114
2024-03-31T07:11:11Z;;1244;225
2024-03-31T07:13:03Z;;1198;179
2024-03-31T07:13:17Z;;1200;181
2024-03-31T07:14:29Z;;821;-198
2024-03-31T07:14:31Z;;1264;245
2024-03-31T07:15:05Z;;1281;262
2024-03-31T07:15:06Z;-1098;;183
2024-03-31T07:16:29Z;;1121;23
2024-03-31T07:16:31Z;;1323;225
2024-03-31T07:17:10Z;-528;;795
2024-03-31T07:17:11Z;-1155;;168
2024-03-31T07:17:17Z;;709;-446
2024-03-31T07:17:19Z;;1328;173
2024-03-31T07:19:00Z;-1201;;127
2024-03-31T07:19:01Z;-1204;;124
2024-03-31T07:19:03Z;-1194;;134
2024-03-31T07:19:04Z;-1204;;124
2024-03-31T07:19:10Z;-1196;;132
2024-03-31T07:19:11Z;-1203;;125
2024-03-31T07:19:13Z;-1196;;132
2024-03-31T07:19:19Z;-1201;;127
2024-03-31T07:19:21Z;-1193;;135
2024-03-31T07:19:22Z;-1200;;128
2024-03-31T07:19:42Z;-1199;;129
2024-03-31T07:19:43Z;-1200;;128
2024-03-31T07:21:11Z;-875;1195;453
2024-03-31T07:21:14Z;;1214;339
2024-03-31T07:21:18Z;-906;;308
2024-03-31T07:21:34Z;-893;;321
2024-03-31T07:21:41Z;-902;;312
2024-03-31T07:21:43Z;-890;;324
2024-03-31T07:21:45Z;-907;;307
2024-03-31T07:21:50Z;-903;;311
2024-03-31T07:21:52Z;-895;;319
2024-03-31T07:21:58Z;-903;;311
2024-03-31T07:22:00Z;-891;;323
2024-03-31T07:22:15Z;-943;;271
2024-03-31T07:22:16Z;-487;;727
2024-03-31T07:22:17Z;-913;;301
2024-03-31T07:22:18Z;;1192;279
2024-03-31T07:22:19Z;-928;;264
2024-03-31T07:22:20Z;;1232;304
2024-03-31T07:24:15Z;1010;;2242
2024-03-31T07:26:39Z;1203;;2435
2024-03-31T07:26:40Z;1185;;2417
2024-03-31T07:26:48Z;1205;;2437
2024-03-31T07:26:50Z;1184;;2416
2024-03-31T07:26:59Z;1210;;2442
2024-03-31T07:27:00Z;1191;;2423
2024-03-31T07:27:01Z;1200;;2432
2024-03-31T07:27:08Z;1191;;2423
2024-03-31T07:27:12Z;1205;;2437
2024-03-31T07:27:14Z;1188;;2420
2024-03-31T07:30:05Z;;1475;2663
2024-03-31T07:30:06Z;1011;;2486
2024-03-31T07:30:21Z;876;;2351
2024-03-31T07:30:29Z;469;;1944
2024-03-31T07:30:30Z;-1149;;326
2024-03-31T07:32:05Z;-1133;;342
2024-03-31T07:32:06Z;-406;;1069
2024-03-31T07:34:28Z;;806;400
2024-03-31T07:34:30Z;;1471;1065
2024-03-31T07:35:22Z;;1501;1095
2024-03-31T07:35:24Z;;1498;1092
2024-03-31T07:35:26Z;;1503;1097
2024-03-31T07:35:28Z;;1493;1087
2024-03-31T07:35:30Z;;1503;1097
2024-03-31T07:35:36Z;;1494;1088
2024-03-31T07:35:38Z;;1508;1102
2024-03-31T07:36:41Z;-1317;;191
2024-03-31T07:37:19Z;-1363;;145
2024-03-31T07:37:21Z;-1213;;295
2024-03-31T07:37:24Z;-1198;;310
2024-03-31T07:37:27Z;-1197;;311
2024-03-31T07:37:31Z;-1201;;307
2024-03-31T07:37:33Z;-1187;;321
2024-03-31T07:39:31Z;;1017;-170
2024-03-31T07:39:33Z;;1612;425
2024-03-31T07:40:54Z;269;;1881
2024-03-31T07:40:55Z;660;;2272
2024-03-31T07:42:26Z;594;;2206
2024-03-31T07:42:27Z;611;;2223
2024-03-31T07:42:30Z;592;;2204
2024-03-31T07:42:31Z;790;;2402
2024-03-31T07:42:32Z;575;;2187
2024-03-31T07:42:34Z;619;;2231
2024-03-31T07:42:39Z;599;;2211
2024-03-31T07:43:33Z;2318;;3930
2024-03-31T07:43:57Z;846;;2458
2024-03-31T07:43:58Z;576;;2188
2024-03-31T07:44:10Z;2121;;3733
2024-03-31T07:45:05Z;;1752;3873
2024-03-31T07:45:06Z;2174;;3926
2024-03-31T07:45:12Z;2095;;3847
2024-03-31T07:45:32Z;2082;;3834
2024-03-31T07:45:33Z;2157;;3909
2024-03-31T07:45:41Z;2094;;3846
2024-03-31T07:45:44Z;2133;;3885
2024-03-31T07:45:54Z;511;;2263
2024-03-31T07:46:04Z;2165;;3917
2024-03-31T07:46:08Z;2087;;3839
2024-03-31T07:46:09Z;2157;;3909
2024-03-31T07:46:11Z;2095;;3847
2024-03-31T07:46:12Z;2113;;3865
2024-03-31T07:46:14Z;2091;;3843
2024-03-31T07:46:15Z;2217;;3969
2024-03-31T07:47:17Z;2097;;3849
2024-03-31T07:47:24Z;2186;;3938
2024-03-31T07:47:27Z;2096;;3848
2024-03-31T07:47:57Z;2155;;3907
2024-03-31T07:47:59Z;2064;;3816
2024-03-31T07:48:33Z;2145;;3897
2024-03-31T07:48:58Z;;1484;3629
2024-03-31T07:49:04Z;;1503;3648
2024-03-31T07:49:07Z;2085;;3588
2024-03-31T07:49:10Z;2123;;3626
2024-03-31T07:49:11Z;;1487;3610
2024-03-31T07:49:16Z;;1501;3624
2024-03-31T07:49:19Z;;1490;3613
2024-03-31T07:49:22Z;;1510;3633
2024-03-31T07:49:23Z;2096;;3606
2024-03-31T07:49:44Z;718;;2228
2024-03-31T07:50:08Z;;1485;2203
2024-03-31T07:50:12Z;909;;2394
2024-03-31T07:50:14Z;873;;2358
2024-03-31T07:50:28Z;-346;;1139
2024-03-31T07:50:29Z;-1223;;262
2024-03-31T07:50:31Z;;1509;286
2024-03-31T07:50:41Z;-1212;1501;278
2024-03-31T07:50:46Z;-1237;;264
2024-03-31T07:50:48Z;;1505;268
2024-03-31T07:50:49Z;-1264;;241
2024-03-31T07:50:50Z;;1492;228
2024-03-31T07:50:58Z;;1501;237
2024-03-31T07:51:00Z;-1203;;298
2024-03-31T07:51:17Z;426;;1927
2024-03-31T07:51:58Z;;1497;1923
2024-03-31T07:52:10Z;604;;2101
2024-03-31T07:52:11Z;503;;2000
2024-03-31T07:52:13Z;603;;2100
2024-03-31T07:52:17Z;592;;2089
2024-03-31T07:52:27Z;;1504;2096
2024-03-31T07:52:45Z;;1489;2081
2024-03-31T07:53:07Z;602;;2091
2024-03-31T07:53:33Z;569;;2058
2024-03-31T07:53:34Z;605;;2094
2024-03-31T07:53:44Z;595;;2084
2024-03-31T07:53:45Z;618;;2107
2024-03-31T07:53:48Z;591;;2080
2024-03-31T07:53:49Z;642;;2131
2024-03-31T07:54:39Z;592;;2081
2024-03-31T07:54:40Z;639;;2128
2024-03-31T07:54:52Z;598;;2087
2024-03-31T07:54:56Z;638;;2127
2024-03-31T07:55:03Z;546;;2035
2024-03-31T07:55:11Z;;1521;2067
2024-03-31T07:55:21Z;442;1486;1963
2024-03-31T07:55:27Z;-1178;;308
2024-03-31T07:55:32Z;;1508;330
2024-03-31T07:56:13Z;217;;1725
2024-03-31T07:56:20Z;303;;1811
2024-03-31T07:56:22Z;;1499;1802
2024-03-31T07:56:27Z;275;1513;1774
2024-03-31T07:56:31Z;322;;1835
2024-03-31T07:56:32Z;274;;1787
2024-03-31T07:56:52Z;;1450;1724
2024-03-31T07:56:53Z;338;;1788
2024-03-31T07:57:35Z;;1199;1537
2024-03-31T07:57:41Z;643;;1842
2024-03-31T07:58:28Z;;1202;1845
2024-03-31T07:58:36Z;;1186;1829
2024-03-31T07:58:42Z;909;;2095
2024-03-31T08:00:05Z;;959;1868
2024-03-31T08:00:06Z;1094;;2053
2024-03-31T08:00:41Z;1244;;2203
2024-03-31T08:00:43Z;1098;;2057
2024-03-31T08:01:23Z;1217;;2176
2024-03-31T08:01:30Z;1150;;2109
2024-03-31T08:02:15Z;621;;1580
2024-03-31T08:02:23Z;;1205;1826
2024-03-31T08:02:29Z;;1088;1709
2024-03-31T08:02:41Z;;1210;1831
2024-03-31T08:02:44Z;;1182;1803
2024-03-31T08:02:55Z;;1196;1817
2024-03-31T08:03:01Z;-793;;403
2024-03-31T08:03:02Z;;1195;402
2024-03-31T08:03:04Z;728;;1923
2024-03-31T08:03:06Z;-676;;519
2024-03-31T08:03:10Z;;1201;525
2024-03-31T08:03:24Z;;1197;521
2024-03-31T08:03:25Z;-840;;357
2024-03-31T08:03:26Z;-201;1202;996
2024-03-31T08:03:28Z;-922;;280
2024-03-31T08:03:29Z;-527;;675
2024-03-31T08:03:37Z;-890;;312
2024-03-31T08:03:44Z;603;;1805
2024-03-31T08:03:46Z;599;;1801
2024-03-31T08:03:47Z;601;;1803
2024-03-31T08:03:48Z;607;;1809
2024-03-31T08:04:01Z;;1195;1802
2024-03-31T08:04:05Z;-901;;294
2024-03-31T08:04:06Z;-909;;286
2024-03-31T08:04:07Z;;1203;294
2024-03-31T08:04:11Z;;502;-407
2024-03-31T08:04:13Z;;1220;311
2024-03-31T08:04:15Z;;1182;273
2024-03-31T08:04:16Z;-893;;289
2024-03-31T08:04:17Z;;1224;331
2024-03-31T08:04:19Z;-910;;314
2024-03-31T08:04:21Z;-914;;310
2024-03-31T08:04:22Z;-900;;324
2024-03-31T08:04:25Z;609;;1833
2024-03-31T08:04:28Z;599;;1823
2024-03-31T08:04:44Z;613;;1837
2024-03-31T08:04:47Z;595;;1819
2024-03-31T08:04:53Z;618;1188;1842
2024-03-31T08:05:08Z;590;;1778
2024-03-31T08:05:09Z;605;;1793
2024-03-31T08:05:58Z;2621;;3809
2024-03-31T08:07:21Z;;1201;3822
2024-03-31T08:07:23Z;;1196;3817
2024-03-31T08:07:28Z;2809;;4005
2024-03-31T08:07:36Z;2697;;3893
2024-03-31T08:07:40Z;2702;;3898
2024-03-31T08:07:43Z;2697;;3893
2024-03-31T08:07:45Z;;1202;3899
2024-03-31T08:07:47Z;1305;;2507
2024-03-31T08:07:49Z;1125;;2327
2024-03-31T08:07:50Z;2434;;3636
2024-03-31T08:07:56Z;2398;;3600
2024-03-31T08:08:24Z;1118;;2320
2024-03-31T08:08:25Z;;1501;2619
2024-03-31T08:08:30Z;1937;;3438
2024-03-31T08:08:31Z;2264;;3765
2024-03-31T08:08:45Z;2065;;3566
2024-03-31T08:09:00Z;751;;2252
2024-03-31T08:09:11Z;2022;;3523
2024-03-31T08:09:31Z;2114;;3615
2024-03-31T08:09:34Z;2096;;3597
2024-03-31T08:09:35Z;2105;;3606
2024-03-31T08:09:37Z;2087;;3588
2024-03-31T08:09:38Z;2130;;3631
2024-03-31T08:09:40Z;810;;2311
2024-03-31T08:09:52Z;2067;;3568
2024-03-31T08:09:54Z;2145;;3646
2024-03-31T08:09:55Z;2099;;3600
2024-03-31T08:09:56Z;2123;;3624
2024-03-31T08:09:57Z;2090;;3591
2024-03-31T08:10:00Z;2106;;3607
2024-03-31T08:10:01Z;2038;;3539
2024-03-31T08:10:21Z;676;;2177
2024-03-31T08:10:24Z;585;;2086
2024-03-31T08:10:26Z;648;;2149
2024-03-31T08:10:33Z;1978;;3479
2024-03-31T08:10:50Z;2132;;3633
2024-03-31T08:10:55Z;2089;;3590
2024-03-31T08:10:57Z;2100;;3601
2024-03-31T08:11:00Z;2085;;3586
2024-03-31T08:11:02Z;735;;2236
2024-03-31T08:11:14Z;2111;;3612
2024-03-31T08:11:15Z;2095;;3596
2024-03-31T08:11:23Z;2118;;3619
2024-03-31T08:11:25Z;;1494;3612
2024-03-31T08:11:27Z;;1525;3643
2024-03-31T08:11:28Z;2066;;3591
2024-03-31T08:11:29Z;2112;;3637
2024-03-31T08:11:41Z;;1498;3610
2024-03-31T08:11:43Z;;1504;3616
2024-03-31T08:11:45Z;799;;2303
2024-03-31T08:11:46Z;;1489;2288
2024-03-31T08:11:53Z;1159;;2648
2024-03-31T08:11:55Z;2453;;3942
2024-03-31T08:11:57Z;2384;;3873
2024-03-31T08:12:20Z;2096;1508;3892
2024-03-31T08:12:21Z;2106;1476;3582
2024-03-31T08:12:22Z;2098;;3574
2024-03-31T08:12:23Z;2108;;3584
2024-03-31T08:12:27Z;834;;2310
2024-03-31T08:12:36Z;2157;;3633
2024-03-31T08:12:53Z;3383;;4859
2024-03-31T08:12:55Z;3297;;4773
2024-03-31T08:12:57Z;3303;;4779
2024-03-31T08:13:09Z;2139;;3615
2024-03-31T08:13:14Z;2052;;3528
2024-03-31T08:13:17Z;3214;;4690
2024-03-31T08:13:52Z;2028;;3504
2024-03-31T08:13:57Z;2614;;4090
2024-03-31T08:13:58Z;3252;;4728
2024-03-31T08:14:26Z;;1504;4756
2024-03-31T08:14:27Z;2998;;4502
2024-03-31T08:14:29Z;3010;;4514
2024-03-31T08:14:30Z;2636;;4140
2024-03-31T08:14:31Z;1728;;3232
2024-03-31T08:14:38Z;2903;;4407
2024-03-31T08:15:05Z;;1677;4580
2024-03-31T08:15:06Z;2843;;4520
2024-03-31T08:15:09Z;3612;;5289
2024-03-31T08:15:11Z;2432;;4109
2024-03-31T08:15:12Z;2399;;4076
2024-03-31T08:15:14Z;1271;;2948
2024-03-31T08:15:15Z;1538;;3215
2024-03-31T08:15:19Z;2742;;4419
2024-03-31T08:15:42Z;1013;;2690
2024-03-31T08:15:50Z;1075;;2752
2024-03-31T08:16:00Z;1045;;2722
2024-03-31T08:16:30Z;1055;;2732
2024-03-31T08:16:41Z;1046;;2723
2024-03-31T08:17:14Z;-311;;1366
2024-03-31T08:17:19Z;-1367;;310
2024-03-31T08:17:22Z;19;;1696
2024-03-31T08:17:24Z;1053;;2730
2024-03-31T08:17:28Z;1864;;3541
2024-03-31T08:17:35Z;121;;1798
2024-03-31T08:17:36Z;1036;;2713
2024-03-31T08:17:47Z;4;;1681
2024-03-31T08:17:48Z;15;;1692
2024-03-31T08:17:49Z;-2;;1675
2024-03-31T08:17:50Z;10;;1687
2024-03-31T08:17:51Z;9;;1686
2024-03-31T08:18:03Z;3;;1680
2024-03-31T08:18:04Z;0;;1677
2024-03-31T08:18:07Z;5;;1682
2024-03-31T08:18:08Z;122;;1799
2024-03-31T08:18:10Z;449;;2126
2024-03-31T08:18:13Z;290;;1967
2024-03-31T08:18:14Z;403;;2080
2024-03-31T08:18:27Z;146;;1823
2024-03-31T08:18:28Z;382;;2059
2024-03-31T08:18:29Z;240;;1917
2024-03-31T08:18:30Z;435;;2112
2024-03-31T08:18:31Z;167;;1844
2024-03-31T08:18:32Z;-1109;;568
2024-03-31T08:18:35Z;-1240;;437
2024-03-31T08:18:37Z;-1414;;263
2024-03-31T08:18:41Z;-1416;;261
2024-03-31T08:18:44Z;66;;1743
2024-03-31T08:18:49Z;-10;;1667
2024-03-31T08:18:50Z;136;;1813
2024-03-31T08:19:00Z;7;;1684
2024-03-31T08:19:03Z;4;;1681
2024-03-31T08:19:10Z;40;;1717
2024-03-31T08:19:11Z;-202;;1475
2024-03-31T08:19:23Z;-1252;;425
2024-03-31T08:19:25Z;167;;1844
2024-03-31T08:19:35Z;;1495;243
2024-03-31T08:19:39Z;308;;1803
2024-03-31T08:19:50Z;418;;1913
2024-03-31T08:20:05Z;341;;1836
2024-03-31T08:20:09Z;299;;1794
2024-03-31T08:20:15Z;;1507;1806
2024-03-31T08:20:32Z;-1332;;175
2024-03-31T08:20:39Z;555;;2062
2024-03-31T08:20:46Z;1847;;3354
2024-03-31T08:21:10Z;1792;;3299
2024-03-31T08:21:13Z;458;;1965
2024-03-31T08:21:17Z;;1797;2255
2024-03-31T08:21:19Z;;1796;2254
2024-03-31T08:21:21Z;;1808;2266
2024-03-31T08:21:27Z;1680;;3488
2024-03-31T08:21:46Z;-102;;1706
2024-03-31T08:21:54Z;-118;;1690
2024-03-31T08:22:08Z;-136;;1672
2024-03-31T08:22:24Z;;1793;1657
2024-03-31T08:22:32Z;65;;1858
2024-03-31T08:22:36Z;74;;1867
2024-03-31T08:22:49Z;61;;1854
2024-03-31T08:23:00Z;1;;1794
2024-03-31T08:23:04Z;1;;1794
2024-03-31T08:23:05Z;;1805;1806
2024-03-31T08:23:13Z;10;1786;1815
2024-03-31T08:23:17Z;0;;1786
2024-03-31T08:23:18Z;17;;1803
2024-03-31T08:23:19Z;97;;1883
2024-03-31T08:23:28Z;;1805;1902
2024-03-31T08:23:30Z;2;;1807
2024-03-31T08:23:58Z;-60;;1745
2024-03-31T08:24:13Z;6;;1811
2024-03-31T08:24:14Z;-8;;1797
2024-03-31T08:24:22Z;13;;1818
2024-03-31T08:24:23Z;7;;1812
2024-03-31T08:24:39Z;-522;;1283
2024-03-31T08:24:41Z;-1421;;384
2024-03-31T08:24:51Z;-579;;1226
2024-03-31T08:24:52Z;-20;;1785
2024-03-31T08:25:16Z;9;;1814
2024-03-31T08:25:18Z;-7;;1798
2024-03-31T08:25:19Z;-1374;;431
2024-03-31T08:25:33Z;14;;1819
2024-03-31T08:25:37Z;12;;1817
2024-03-31T08:25:54Z;7;;1812
2024-03-31T08:25:58Z;7;;1812
2024-03-31T08:26:13Z;16;;1821
2024-03-31T08:26:23Z;10;;1815
2024-03-31T08:26:24Z;10;;1815
2024-03-31T08:26:30Z;;1796;1806
2024-03-31T08:26:34Z;;1802;1812
2024-03-31T08:26:36Z;;1799;1809
2024-03-31T08:26:38Z;;1798;1808
2024-03-31T08:26:40Z;-65;;1733
2024-03-31T08:26:42Z;-1521;;277
2024-03-31T08:26:44Z;-1535;;263
2024-03-31T08:26:48Z;;1797;262
2024-03-31T08:26:50Z;;1808;273
2024-03-31T08:26:54Z;-29;;1779
2024-03-31T08:27:04Z;;1798;1769
2024-03-31T08:27:06Z;;1821;1792
2024-03-31T08:27:20Z;-87;;1734
2024-03-31T08:27:23Z;-1500;;321
2024-03-31T08:27:34Z;;1796;296
2024-03-31T08:27:36Z;;1804;304
2024-03-31T08:27:39Z;;1798;298
2024-03-31T08:30:05Z;;1711;211
2024-03-31T08:30:06Z;-1400;;311
2024-03-31T08:30:38Z;-1434;;277
2024-03-31T08:30:44Z;-1517;;194
2024-03-31T08:32:27Z;-1497;;214
2024-03-31T08:32:29Z;-1479;;232
2024-03-31T08:32:53Z;-1490;;221
2024-03-31T08:32:54Z;-1500;;211
2024-03-31T08:33:02Z;-1501;;210
2024-03-31T08:33:03Z;-1505;;206
2024-03-31T08:33:28Z;-1498;;213
2024-03-31T08:33:29Z;-1382;;329
2024-03-31T08:33:31Z;-1505;;206
2024-03-31T08:33:34Z;-1520;;191
2024-03-31T08:33:35Z;-1522;;189
2024-03-31T08:33:41Z;-1480;;231
2024-03-31T08:33:49Z;-1494;;217
2024-03-31T08:33:51Z;-1504;;207
2024-03-31T08:34:00Z;-1490;;221
2024-03-31T08:34:01Z;-1489;;222
2024-03-31T08:34:05Z;-1472;;239
2024-03-31T08:34:17Z;-1484;;227
2024-03-31T08:34:25Z;-1506;;205
2024-03-31T08:34:27Z;-1493;;218
2024-03-31T08:34:45Z;-1538;;173
2024-03-31T08:34:46Z;-192;;1519
2024-03-31T08:37:10Z;;1803;1611
2024-03-31T08:37:12Z;;1795;1603
2024-03-31T08:37:14Z;;1805;1613
2024-03-31T08:37:16Z;;1796;1604
2024-03-31T08:37:18Z;;1797;1605
2024-03-31T08:37:33Z;;1793;1601
2024-03-31T08:37:36Z;;1810;1618
2024-03-31T08:38:05Z;-1466;;344
2024-03-31T08:38:10Z;-1491;;319
2024-03-31T08:38:14Z;-1502;;308
2024-03-31T08:38:15Z;-1500;;310
2024-03-31T08:38:43Z;-1515;;295
2024-03-31T08:38:46Z;-1497;;313
2024-03-31T08:38:48Z;-1516;;294
2024-03-31T08:39:11Z;-1518;;292
2024-03-31T08:39:24Z;-1497;;313
2024-03-31T08:39:28Z;-1490;;320
2024-03-31T08:39:31Z;-1493;;317
2024-03-31T08:39:40Z;-1497;;313
2024-03-31T08:39:42Z;-1511;;299
2024-03-31T08:39:52Z;-1488;;322
2024-03-31T08:39:54Z;-1497;;313
2024-03-31T08:41:45Z;-1505;;305
2024-03-31T08:41:46Z;-1492;;318
2024-03-31T08:41:58Z;-1495;;315
2024-03-31T08:42:03Z;-1503;;307
2024-03-31T08:43:39Z;-1500;;310
2024-03-31T08:43:40Z;-1497;;313
2024-03-31T08:43:44Z;-1177;;633
2024-03-31T08:43:45Z;;1821;644
2024-03-31T08:43:47Z;;1739;562
2024-03-31T08:43:54Z;-1508;;231
2024-03-31T08:43:58Z;-1494;;245
2024-03-31T08:44:01Z;;1776;282
2024-03-31T08:44:14Z;;1820;326
2024-03-31T08:44:16Z;-1498;;322
2024-03-31T08:44:19Z;-1501;;319
2024-03-31T08:44:20Z;;1793;292
2024-03-31T08:44:21Z;-1504;;289
2024-03-31T08:44:22Z;;1836;332
2024-03-31T08:45:05Z;;1853;349
2024-03-31T08:45:06Z;-1524;;329
2024-03-31T08:46:22Z;-1492;;361
2024-03-31T08:46:23Z;-1503;;350
2024-03-31T08:46:26Z;-1499;;354
2024-03-31T08:46:27Z;-1503;;350
2024-03-31T08:46:29Z;-1496;;357
2024-03-31T08:47:12Z;;1791;295
2024-03-31T08:47:14Z;;1805;309
2024-03-31T08:47:18Z;-1509;;296
2024-03-31T08:47:23Z;-1503;;302
2024-03-31T08:47:24Z;;1798;295
2024-03-31T08:47:26Z;-1503;1800;295
2024-03-31T08:47:28Z;-1501;;299
2024-03-31T08:47:30Z;;1794;293
2024-03-31T08:47:40Z;;1811;310
2024-03-31T08:47:45Z;-1481;;330
2024-03-31T08:48:17Z;-1484;;327
2024-03-31T08:48:20Z;-1510;;301
2024-03-31T08:50:23Z;-1803;;8
2024-03-31T08:51:56Z;-1783;;28
2024-03-31T08:51:59Z;-1801;;10
2024-03-31T08:52:00Z;-1792;;19
2024-03-31T08:52:02Z;-1806;;5
2024-03-31T08:52:06Z;-1784;;27
2024-03-31T08:52:10Z;-1802;;9
2024-03-31T08:52:16Z;-1787;;24
2024-03-31T08:52:18Z;-1806;;5
2024-03-31T08:52:22Z;-1788;;23
2024-03-31T08:52:24Z;-1806;;5
2024-03-31T08:53:37Z;-1742;;69
2024-03-31T08:53:48Z;-1837;;-26
2024-03-31T08:54:00Z;-1798;;13
2024-03-31T08:54:02Z;-1826;;-15
2024-03-31T08:54:20Z;-1795;;16
2024-03-31T08:54:22Z;-1812;;-1
2024-03-31T08:54:28Z;-1781;;30
2024-03-31T08:54:31Z;-1801;;10
2024-03-31T08:54:33Z;-1810;;1
2024-03-31T08:54:35Z;-1797;;14
2024-03-31T08:54:37Z;-1796;;15
2024-03-31T08:54:45Z;-1795;;16
2024-03-31T08:57:52Z;-1797;;14
2024-03-31T08:57:54Z;-1806;;5
2024-03-31T08:57:58Z;-1798;;13
2024-03-31T08:58:00Z;-1809;;2
2024-03-31T08:59:40Z;;2101;292
2024-03-31T08:59:52Z;;2096;287
2024-03-31T08:59:54Z;;2115;306
2024-03-31T09:00:05Z;;2127;318
2024-03-31T09:00:06Z;-1992;;135
2024-03-31T09:01:56Z;;2095;103
2024-03-31T09:01:58Z;;2108;116
2024-03-31T09:02:06Z;;2095;103
2024-03-31T09:02:08Z;;2108;116
2024-03-31T09:02:17Z;;2099;107
2024-03-31T09:02:19Z;;2111;119
2024-03-31T09:02:26Z;;2093;101
2024-03-31T09:02:28Z;;2110;118
2024-03-31T09:02:36Z;;2097;105
2024-03-31T09:02:38Z;;2107;115
2024-03-31T09:02:46Z;;2092;100
2024-03-31T09:02:48Z;;2105;113
2024-03-31T09:02:50Z;;2099;107
2024-03-31T09:02:52Z;;2106;114
2024-03-31T09:02:56Z;;2094;102
2024-03-31T09:02:58Z;;2108;116
2024-03-31T09:03:04Z;;2098;106
2024-03-31T09:03:10Z;;2106;114
2024-03-31T09:03:16Z;;2091;99
2024-03-31T09:03:18Z;;2108;116
2024-03-31T09:03:30Z;;2095;103
2024-03-31T09:03:32Z;;2108;116
2024-03-31T09:03:38Z;;2096;104
2024-03-31T09:05:13Z;;2100;108
2024-03-31T09:05:20Z;;2097;105
2024-03-31T09:05:22Z;;2111;119
2024-03-31T09:05:27Z;;2097;105
2024-03-31T09:12:21Z;185;;2282
2024-03-31T09:13:41Z;-5;;2092
2024-03-31T09:13:42Z;31;;2128
2024-03-31T09:13:48Z;0;;2097
2024-03-31T09:13:49Z;25;;2122
2024-03-31T09:15:05Z;;2036;2061
2024-03-31T09:15:06Z;47;;2083
2024-03-31T09:15:10Z;11;;2047
2024-03-31T09:15:12Z;0;;2036
2024-03-31T09:15:14Z;;2102;2102
2024-03-31T09:15:16Z;;2099;2099
2024-03-31T09:15:18Z;;2102;2102
2024-03-31T09:15:22Z;;2082;2082
2024-03-31T09:15:28Z;;2105;2105
2024-03-31T09:15:34Z;;2099;2099
2024-03-31T09:15:36Z;;2108;2108
2024-03-31T09:16:30Z;6;2088;2114
2024-03-31T09:16:31Z;-3;;2085
2024-03-31T09:16:32Z;;2101;2098
2024-03-31T09:16:33Z;-3;;2098
2024-03-31T09:16:35Z;;2099;2096
2024-03-31T09:16:42Z;12;;2111
2024-03-31T09:16:44Z;0;;2099
2024-03-31T09:16:46Z;-11;;2088
2024-03-31T09:17:18Z;;2103;2092
2024-03-31T09:18:39Z;;2098;2087
2024-03-31T09:18:52Z;;2105;2094
2024-03-31T09:18:56Z;;2094;2083
2024-03-31T09:18:58Z;;2105;2094
2024-03-31T09:19:08Z;;2092;2081
2024-03-31T09:19:10Z;;2108;2097
2024-03-31T09:20:09Z;;2098;2087
2024-03-31T09:20:12Z;;2100;2089
2024-03-31T09:20:14Z;;2099;2088
2024-03-31T09:20:16Z;;2104;2093
2024-03-31T09:20:18Z;;2095;2084
2024-03-31T09:20:20Z;;2100;2089
2024-03-31T09:20:21Z;;2098;2087
2024-03-31T09:20:23Z;;2105;2094
2024-03-31T09:20:24Z;;2096;2085
2024-03-31T09:20:38Z;;2102;2091
2024-03-31T09:20:42Z;;2099;2088
2024-03-31T09:20:44Z;;2105;2094
2024-03-31T09:20:46Z;;2093;2082
2024-03-31T09:20:47Z;;2123;2112
2024-03-31T09:22:38Z;;2099;2088
2024-03-31T09:22:40Z;;2114;2103
2024-03-31T09:22:45Z;;2098;2087
2024-03-31T09:22:52Z;;2110;2099
2024-03-31T09:22:54Z;;2099;2088
2024-03-31T09:22:56Z;;2101;2090
2024-03-31T09:23:11Z;;2094;2083
2024-03-31T09:23:50Z;;2106;2095
2024-03-31T09:23:52Z;;2086;2075
2024-03-31T09:23:55Z;1287;2103;3390
2024-03-31T09:23:59Z;;2106;3393
2024-03-31T09:24:29Z;;2103;3390
2024-03-31T09:24:31Z;;2090;3377
2024-03-31T09:24:35Z;;2101;3388
2024-03-31T09:24:37Z;;2082;3369
2024-03-31T09:25:06Z;;2100;3387
2024-03-31T09:25:08Z;;2096;3383
2024-03-31T09:25:13Z;;2100;3387
2024-03-31T09:25:19Z;1300;;3400
2024-03-31T09:26:32Z;-291;;1809
2024-03-31T09:26:48Z;;2091;1800
2024-03-31T09:26:52Z;;2121;1830
2024-03-31T09:27:11Z;;2098;1807
2024-03-31T09:27:14Z;;2100;1809
2024-03-31T09:27:16Z;;2098;1807
2024-03-31T09:29:55Z;-1891;;207
2024-03-31T09:30:05Z;;1987;96
2024-03-31T09:30:06Z;-1786;;201
2024-03-31T09:30:24Z;-1752;;235
2024-03-31T09:30:42Z;-1550;;437
2024-03-31T09:30:44Z;-1576;;411
2024-03-31T09:30:47Z;-1626;;361
2024-03-31T09:30:54Z;-1684;;303
2024-03-31T09:30:56Z;-1449;;538
2024-03-31T09:30:58Z;-1581;;406
2024-03-31T09:31:00Z;-1523;;464
2024-03-31T09:31:04Z;-1657;;330
2024-03-31T09:31:06Z;-1716;;271
2024-03-31T09:31:07Z;-1726;;261
2024-03-31T09:31:09Z;-1573;;414
2024-03-31T09:31:24Z;1367;;3354
2024-03-31T09:31:25Z;-242;;1745
2024-03-31T09:31:26Z;-407;;1580
2024-03-31T09:31:27Z;-147;;1840
2024-03-31T09:31:30Z;-351;;1636
2024-03-31T09:31:37Z;;1799;1448
2024-03-31T09:31:39Z;-237;;1562
2024-03-31T09:31:40Z;-346;;1453
2024-03-31T09:31:43Z;-141;;1658
2024-03-31T09:31:47Z;-317;;1482
2024-03-31T09:31:48Z;-239;;1560
2024-03-31T09:31:56Z;-400;;1399
2024-03-31T09:31:57Z;-292;;1507
2024-03-31T09:31:59Z;;1804;1512
2024-03-31T09:32:00Z;-398;;1406
2024-03-31T09:32:02Z;;1796;1398
2024-03-31T09:32:05Z;-376;;1420
2024-03-31T09:32:07Z;-216;;1580
2024-03-31T09:32:11Z;;1800;1584
2024-03-31T09:32:14Z;-465;;1335
2024-03-31T09:32:15Z;-297;;1503
2024-03-31T09:32:43Z;-478;;1322
2024-03-31T09:32:45Z;-414;;1386
2024-03-31T09:33:05Z;;1792;1378
2024-03-31T09:33:40Z;;1800;1386
2024-03-31T09:33:42Z;;1799;1385
2024-03-31T09:34:26Z;-369;;1430
2024-03-31T09:34:27Z;-1551;;248
2024-03-31T09:34:29Z;-1550;;249
2024-03-31T09:34:39Z;;1486;-64
2024-03-31T09:34:41Z;;1502;-48
2024-03-31T09:34:43Z;;1497;-53
2024-03-31T09:34:45Z;;1538;-12
2024-03-31T09:34:49Z;-1265;1490;273
2024-03-31T09:35:10Z;-1037;;453
2024-03-31T09:35:46Z;-1264;;226
2024-03-31T09:36:00Z;;1504;240
2024-03-31T09:36:01Z;-1190;;314
2024-03-31T09:36:51Z;;1494;304
2024-03-31T09:37:01Z;-1190;;304
2024-03-31T09:37:02Z;-1225;;269
2024-03-31T09:37:34Z;-1210;;284
2024-03-31T09:37:36Z;-1203;;291
2024-03-31T09:37:37Z;-1210;;284
2024-03-31T09:37:45Z;-1215;;279
2024-03-31T09:38:02Z;-1186;;308
2024-03-31T09:38:04Z;-1197;;297
2024-03-31T09:38:08Z;-1189;;305
2024-03-31T09:38:14Z;-1197;;297
2024-03-31T09:38:19Z;-1199;;295
2024-03-31T09:38:20Z;-1195;;299
2024-03-31T09:38:25Z;;1497;302
2024-03-31T09:39:11Z;;1495;300
2024-03-31T09:39:14Z;;1500;305
2024-03-31T09:39:25Z;-1500;;0
2024-03-31T09:39:31Z;-1497;;3
2024-03-31T09:39:33Z;-1501;;-1
2024-03-31T09:39:34Z;-1498;;2
2024-03-31T09:40:18Z;-1514;;-14
2024-03-31T09:41:06Z;-1464;;36
2024-03-31T09:41:14Z;-1589;;-89
2024-03-31T09:42:08Z;-1502;;-2
2024-03-31T09:42:10Z;-1522;;-22
2024-03-31T09:42:14Z;-1499;;1
2024-03-31T09:42:30Z;;1497;-2
2024-03-31T09:43:35Z;;1500;1
2024-03-31T09:43:37Z;;1494;-5
2024-03-31T09:43:49Z;-1196;;298
2024-03-31T09:43:55Z;;1207;11
2024-03-31T09:43:58Z;;1203;7
2024-03-31T09:44:02Z;-1171;;32
2024-03-31T09:44:05Z;-1249;;-46
2024-03-31T09:44:24Z;-1214;;-11
2024-03-31T09:44:45Z;;1521;307
2024-03-31T09:45:00Z;;1470;256
2024-03-31T09:45:05Z;;1470;256
2024-03-31T09:45:06Z;-1366;;104
2024-03-31T09:45:30Z;;1511;145
2024-03-31T09:45:33Z;-1524;;-13
2024-03-31T09:45:35Z;-1488;;23
2024-03-31T09:45:42Z;;1498;10
2024-03-31T09:45:46Z;;1504;16
2024-03-31T09:45:48Z;;1492;4
2024-03-31T09:46:07Z;-1199;;293
2024-03-31T09:46:13Z;;1197;-2
2024-03-31T09:46:18Z;;1218;19
2024-03-31T09:46:53Z;-1227;;-9
2024-03-31T09:46:58Z;-1186;;32
2024-03-31T09:47:00Z;-1187;;31
2024-03-31T09:47:10Z;-1221;;-3
2024-03-31T09:47:14Z;;1197;-24
2024-03-31T09:47:17Z;;1200;-21
2024-03-31T09:47:25Z;-1191;;9
2024-03-31T09:47:31Z;-1209;;-9
2024-03-31T09:47:48Z;-1174;;26
2024-03-31T09:47:51Z;;1539;365
2024-03-31T09:47:52Z;-1470;;69
2024-03-31T09:48:06Z;;1831;361
2024-03-31T09:48:09Z;-1797;;34
2024-03-31T09:48:11Z;-1813;;18
2024-03-31T09:48:31Z;-1806;;25
2024-03-31T09:48:37Z;-1799;;32
2024-03-31T09:48:40Z;-1843;;-12
2024-03-31T09:48:51Z;-1773;;58
2024-03-31T09:48:53Z;;1799;26
2024-03-31T09:48:55Z;;1833;60
2024-03-31T09:48:57Z;-1812;;21
2024-03-31T09:49:08Z;-1741;;92
2024-03-31T09:49:13Z;-1837;;-4
2024-03-31T09:49:20Z;;2121;284
2024-03-31T09:49:28Z;-2112;;9
2024-03-31T09:50:02Z;;2390;278
2024-03-31T09:50:18Z;;2388;276
2024-03-31T09:50:47Z;-2107;;281
2024-03-31T09:51:04Z;;2071;-36
2024-03-31T09:51:21Z;;2126;19
2024-03-31T09:51:44Z;;2077;-30
2024-03-31T09:51:50Z;;2107;0
2024-03-31T09:51:56Z;;2088;-19
2024-03-31T09:52:06Z;;2105;-2
2024-03-31T09:52:14Z;;2066;-41
2024-03-31T09:52:38Z;-1797;;269
2024-03-31T09:52:41Z;-1811;;255
2024-03-31T09:52:50Z;;2118;307
2024-03-31T09:53:03Z;-2143;;-25
2024-03-31T09:53:18Z;-1928;;190
2024-03-31T09:53:39Z;-2142;;-24
2024-03-31T09:53:50Z;-2099;;19
2024-03-31T09:54:00Z;-2088;;30
2024-03-31T09:54:02Z;-2101;;17
2024-03-31T09:54:04Z;-2095;;23
2024-03-31T09:54:07Z;-2090;;28
2024-03-31T09:54:14Z;;2098;8
2024-03-31T09:54:16Z;;2102;12
2024-03-31T09:54:17Z;;2080;-10
2024-03-31T09:54:20Z;-1647;;433
2024-03-31T09:54:39Z;-1676;;404
2024-03-31T09:54:43Z;-1792;;288
2024-03-31T09:54:49Z;-1814;;266
2024-03-31T09:54:53Z;-1821;;259
2024-03-31T09:55:00Z;;1797;-24
2024-03-31T09:55:13Z;;1814;-7
2024-03-31T09:55:16Z;;1798;-23
2024-03-31T09:55:18Z;;1802;-19
2024-03-31T09:55:26Z;;1765;-56
2024-03-31T09:55:31Z;;1833;12
2024-03-31T09:55:33Z;-1822;;11
2024-03-31T09:55:50Z;-1776;;57
2024-03-31T09:55:53Z;-1802;;31
2024-03-31T09:55:57Z;-1796;;37
2024-03-31T09:56:00Z;;1796;0
2024-03-31T09:56:18Z;;1778;-18
2024-03-31T09:56:22Z;-1820;;-42
2024-03-31T09:56:52Z;-1817;;-39
2024-03-31T09:57:05Z;-427;;1351
2024-03-31T09:57:09Z;-288;;1490
2024-03-31T09:57:13Z;-306;;1472
2024-03-31T09:57:21Z;-294;;1484
2024-03-31T09:57:30Z;-313;;1465
2024-03-31T09:57:34Z;;1799;1486
2024-03-31T09:57:36Z;;1810;1497
2024-03-31T09:57:38Z;;1794;1481
2024-03-31T09:57:50Z;;1804;1491
2024-03-31T09:57:52Z;-280;;1524
2024-03-31T09:58:19Z;;2102;1822
2024-03-31T09:58:24Z;-580;;1522
2024-03-31T09:58:25Z;-600;;1502
2024-03-31T09:58:37Z;-585;;1517
2024-03-31T09:58:38Z;-590;;1512
2024-03-31T09:59:28Z;-606;;1496
2024-03-31T09:59:30Z;;2076;1470
2024-03-31T09:59:33Z;-541;;1535
2024-03-31T09:59:38Z;-1964;;112
2024-03-31T09:59:52Z;-1860;;216
2024-03-31T09:59:57Z;-384;;1692
2024-03-31T10:00:04Z;;2087;1703
2024-03-31T10:00:06Z;-455;;1632
2024-03-31T10:00:07Z;;1999;1544
2024-03-31T10:00:09Z;-634;;1365
2024-03-31T10:00:20Z;-2145;;-146
2024-03-31T10:00:33Z;-2178;;-179
2024-03-31T10:01:07Z;-627;;1372
2024-03-31T10:01:13Z;-2099;;-100
2024-03-31T10:01:16Z;-862;;1137
2024-03-31T10:01:23Z;-591;;1408
2024-03-31T10:01:39Z;-615;;1384
2024-03-31T10:04:14Z;-2106;;-107
2024-03-31T10:06:02Z;-2091;;-92
2024-03-31T10:07:25Z;;2406;315
2024-03-31T10:07:28Z;;2399;308
2024-03-31T10:07:30Z;;2411;320
2024-03-31T10:07:33Z;;2384;293
2024-03-31T10:08:03Z;-2084;;300
2024-03-31T10:09:03Z;-1788;;596
2024-03-31T10:09:05Z;-1859;;525
2024-03-31T10:09:53Z;;2099;240
2024-03-31T10:10:19Z;-1789;;310
2024-03-31T10:10:21Z;-1810;;289
2024-03-31T10:10:31Z;;2103;293
2024-03-31T10:11:06Z;;2098;288
2024-03-31T10:11:15Z;;2102;292
2024-03-31T10:11:57Z;;2098;288
2024-03-31T10:11:59Z;;2100;290
2024-03-31T10:12:07Z;;2083;273
2024-03-31T10:12:15Z;;2107;297
2024-03-31T10:14:00Z;-2103;;4
2024-03-31T10:15:05Z;;2340;237
2024-03-31T10:15:06Z;-2108;;232
2024-03-31T10:15:14Z;-2107;;233
2024-03-31T10:16:54Z;;2091;-16
2024-03-31T10:17:09Z;;2101;-6
2024-03-31T10:17:53Z;-2093;;8
2024-03-31T10:18:05Z;-2096;;5
2024-03-31T10:18:10Z;-2099;;2
2024-03-31T10:18:15Z;-2083;;18
2024-03-31T10:18:17Z;-2104;;-3
2024-03-31T10:18:49Z;;2401;297
2024-03-31T10:18:55Z;;2395;291
2024-03-31T10:18:57Z;;2417;313
2024-03-31T10:19:03Z;;2399;295
2024-03-31T10:19:09Z;;2402;298
2024-03-31T10:19:29Z;;2399;295
2024-03-31T10:19:42Z;;2400;296
2024-03-31T10:19:44Z;;2385;281
2024-03-31T10:19:46Z;;2401;297
2024-03-31T10:19:49Z;;2400;296
2024-03-31T10:19:57Z;;2414;310
2024-03-31T10:20:14Z;;2399;295
2024-03-31T10:20:21Z;;2410;306
2024-03-31T10:20:25Z;;2396;292
2024-03-31T10:20:27Z;;2394;290
2024-03-31T10:20:37Z;;2386;282
2024-03-31T10:20:39Z;;2414;310
2024-03-31T10:20:44Z;;2395;291
2024-03-31T10:20:46Z;;2405;301
2024-03-31T10:20:58Z;;2393;289
2024-03-31T10:21:02Z;-2089;;304
2024-03-31T10:21:25Z;;2408;319
2024-03-31T10:21:57Z;;2394;305
2024-03-31T10:22:14Z;-2114;;280
2024-03-31T10:22:16Z;-2098;;296
2024-03-31T10:22:21Z;-2095;;299
2024-03-31T10:23:36Z;-1986;;408
2024-03-31T10:24:28Z;;2401;415
2024-03-31T10:24:37Z;;2399;413
2024-03-31T10:24:39Z;;2401;415
2024-03-31T10:24:50Z;-2041;;360
2024-03-31T10:24:57Z;-2059;;342
2024-03-31T10:25:14Z;-2053;;348
2024-03-31T10:25:15Z;-2222;;179
2024-03-31T10:25:21Z;-2079;;322
2024-03-31T10:25:22Z;-2135;;266
2024-03-31T10:25:25Z;-2205;;196
2024-03-31T10:25:59Z;-2086;;315
2024-03-31T10:26:06Z;-2099;;302
2024-03-31T10:26:08Z;-2097;;304
2024-03-31T10:28:41Z;;2396;299
2024-03-31T10:28:43Z;;2398;301
2024-03-31T10:28:53Z;;2398;301
2024-03-31T10:28:55Z;;2401;304
2024-03-31T10:29:15Z;;2398;301
2024-03-31T10:29:17Z;;2408;311
2024-03-31T10:29:23Z;;2396;299
2024-03-31T10:29:25Z;;2402;305
2024-03-31T10:29:27Z;;2396;299
2024-03-31T10:30:00Z;-2097;;299
2024-03-31T10:30:05Z;;2316;219
2024-03-31T10:30:06Z;-2093;;223
2024-03-31T10:30:12Z;-2165;;151
2024-03-31T10:30:51Z;;2403;238
2024-03-31T10:32:31Z;;2399;234
2024-03-31T10:32:56Z;-2096;;303
2024-03-31T10:33:16Z;-2109;;290
2024-03-31T10:33:31Z;-2106;;293
2024-03-31T10:33:41Z;-2102;;297
2024-03-31T10:33:58Z;-2111;;288
2024-03-31T10:34:00Z;-2105;;294
2024-03-31T10:34:30Z;-2093;;306
2024-03-31T10:34:34Z;-2110;;289
2024-03-31T10:34:53Z;-2097;;302
2024-03-31T10:34:57Z;-2113;;286
2024-03-31T10:42:29Z;;2406;293
2024-03-31T10:42:31Z;;2395;282
2024-03-31T10:42:33Z;;2403;290
2024-03-31T10:42:35Z;;2389;276
2024-03-31T10:43:04Z;-2074;;315
2024-03-31T10:43:11Z;-2091;;298
2024-03-31T10:43:13Z;-2114;;275
2024-03-31T10:43:16Z;-2098;;291
2024-03-31T10:43:20Z;-2112;;277
2024-03-31T10:43:23Z;-2122;;267
2024-03-31T10:43:27Z;-2093;;296
2024-03-31T10:43:34Z;-2133;;256
2024-03-31T10:43:40Z;-2125;;264
2024-03-31T10:43:42Z;-2087;;302
2024-03-31T10:43:47Z;-2093;;296
2024-03-31T10:43:49Z;-2108;;281
2024-03-31T10:45:05Z;;2328;220
2024-03-31T10:45:06Z;-2205;;123
2024-03-31T10:46:04Z;-2087;;241
2024-03-31T10:46:19Z;-2106;;222
2024-03-31T10:46:29Z;-2092;;236
2024-03-31T10:47:00Z;;2097;5
2024-03-31T10:47:37Z;-1828;;269
2024-03-31T10:47:42Z;-1801;;296
2024-03-31T10:48:41Z;-1821;;276
2024-03-31T10:48:45Z;-1807;;290
2024-03-31T10:49:53Z;;2109;302
2024-03-31T10:50:10Z;;2093;286
2024-03-31T10:50:27Z;;2101;294
2024-03-31T10:50:29Z;;2092;285
2024-03-31T10:50:43Z;;2083;276
2024-03-31T10:51:48Z;;2098;291
2024-03-31T10:51:50Z;;2115;308
2024-03-31T10:51:59Z;;2096;289
2024-03-31T10:52:13Z;;2101;294
2024-03-31T10:52:20Z;;2090;283
2024-03-31T10:52:23Z;;2101;294
2024-03-31T10:52:25Z;;2098;291
2024-03-31T10:53:44Z;;2100;293
2024-03-31T10:54:14Z;;2089;282
2024-03-31T10:54:19Z;;2100;293
2024-03-31T10:54:35Z;-2101;;-1
2024-03-31T10:55:11Z;-2104;;-4
2024-03-31T10:55:14Z;-2109;;-9
2024-03-31T10:55:28Z;-2098;;2
2024-03-31T10:59:15Z;-2101;;-1
2024-03-31T10:59:16Z;-2092;;8
2024-03-31T10:59:56Z;-2104;;-4
2024-03-31T11:00:05Z;;2215;111
2024-03-31T11:00:06Z;-2098;;117
2024-03-31T11:00:08Z;-2113;;102
2024-03-31T11:00:09Z;-2107;;108
2024-03-31T11:00:12Z;-2096;;119
2024-03-31T11:00:18Z;-2098;;117
2024-03-31T11:00:23Z;-2101;;114
2024-03-31T11:01:11Z;;2094;-7
2024-03-31T11:02:09Z;;2104;3
2024-03-31T11:03:04Z;-2102;;2
2024-03-31T11:03:05Z;-2099;;5
2024-03-31T11:03:07Z;-2100;;4
2024-03-31T11:03:08Z;-2082;;22
2024-03-31T11:03:09Z;-2102;;2
2024-03-31T11:03:18Z;-2087;;17
2024-03-31T11:03:24Z;-2101;;3
2024-03-31T11:03:25Z;-2099;;5
2024-03-31T11:03:35Z;-2104;;0
2024-03-31T11:03:36Z;-2099;;5
2024-03-31T11:03:38Z;-2107;;-3
2024-03-31T11:03:40Z;-2096;;8
2024-03-31T11:03:41Z;-2091;;13
2024-03-31T11:03:47Z;-2099;;5
2024-03-31T11:04:38Z;-2101;;3
2024-03-31T11:04:41Z;-2100;;4
2024-03-31T11:04:47Z;-2096;;8
2024-03-31T11:04:52Z;-2095;;9
2024-03-31T11:04:54Z;-2105;;-1
2024-03-31T11:04:57Z;-2100;;4
2024-03-31T11:05:14Z;;2095;-5
2024-03-31T11:05:16Z;;2107;7
2024-03-31T11:05:18Z;;2071;-29
2024-03-31T11:05:29Z;;2126;26
2024-03-31T11:05:33Z;-2101;;25
2024-03-31T11:06:05Z;-2096;;30
2024-03-31T11:06:07Z;-2101;;25
2024-03-31T11:06:08Z;-2099;;27
2024-03-31T11:06:09Z;-2102;;24
2024-03-31T11:06:15Z;-2098;;28
2024-03-31T11:06:17Z;-2106;;20
2024-03-31T11:06:21Z;-2091;;35
2024-03-31T11:06:26Z;-2100;;26
2024-03-31T11:06:27Z;-2096;;30
2024-03-31T11:06:31Z;-2098;;28
2024-03-31T11:06:34Z;-2099;;27
2024-03-31T11:06:50Z;;2071;-28
2024-03-31T11:07:03Z;;2104;5
2024-03-31T11:07:34Z;;2057;-42
2024-03-31T11:07:49Z;;2130;31
2024-03-31T11:08:48Z;;2098;-1
2024-03-31T11:08:50Z;;2117;18
2024-03-31T11:09:19Z;-2104;;13
2024-03-31T11:09:21Z;-2088;;29
2024-03-31T11:10:20Z;-2098;;19
2024-03-31T11:10:22Z;-2101;;16
2024-03-31T11:12:11Z;-2106;;11
2024-03-31T11:12:19Z;-2084;;33
2024-03-31T11:12:21Z;-2103;;14
2024-03-31T11:12:24Z;-2099;;18
2024-03-31T11:12:26Z;-2076;;41
2024-03-31T11:12:52Z;-2096;;21
2024-03-31T11:13:14Z;;2099;3
2024-03-31T11:13:16Z;;2110;14
2024-03-31T11:13:24Z;-2099;;11
2024-03-31T11:13:26Z;-2099;;11
2024-03-31T11:13:35Z;;2093;-6
2024-03-31T11:13:41Z;;2112;13
2024-03-31T11:13:44Z;;2099;0
2024-03-31T11:14:16Z;-1807;;292
2024-03-31T11:14:18Z;-1812;;287
2024-03-31T11:14:26Z;-1805;;294
2024-03-31T11:14:32Z;-1805;;294
2024-03-31T11:15:05Z;;1946;141
2024-03-31T11:15:07Z;-1862;;84
2024-03-31T11:15:14Z;;2113;251
2024-03-31T11:15:17Z;;2096;234
2024-03-31T11:15:19Z;;2103;241
2024-03-31T11:15:23Z;;2099;237
2024-03-31T11:15:25Z;;2100;238
2024-03-31T11:15:26Z;;2086;224
2024-03-31T11:15:39Z;;2117;255
2024-03-31T11:15:44Z;;2096;234
2024-03-31T11:15:55Z;;2101;239
2024-03-31T11:15:59Z;;2093;231
2024-03-31T11:16:03Z;;2100;238
2024-03-31T11:16:06Z;;2092;230
2024-03-31T11:16:08Z;;2112;250
2024-03-31T11:16:33Z;;2096;234
2024-03-31T11:16:40Z;;2105;243
2024-03-31T11:17:12Z;;2110;248
2024-03-31T11:17:54Z;;2103;241
2024-03-31T11:17:55Z;;2093;231
2024-03-31T11:17:57Z;;2102;240
2024-03-31T11:17:59Z;;2096;234
2024-03-31T11:18:00Z;;2100;238
2024-03-31T11:18:02Z;;2099;237
2024-03-31T11:18:17Z;;2110;248
2024-03-31T11:18:21Z;;2095;233
2024-03-31T11:18:23Z;;2111;249
2024-03-31T11:18:25Z;;2098;236
2024-03-31T11:18:27Z;;2103;241
2024-03-31T11:18:59Z;-2115;;-12
2024-03-31T11:19:13Z;-2093;;10
2024-03-31T11:19:14Z;-2094;;9
2024-03-31T11:20:21Z;-2098;;5
2024-03-31T11:20:29Z;;2099;1
2024-03-31T11:20:50Z;-1788;;311
2024-03-31T11:20:54Z;;1795;7
2024-03-31T11:20:56Z;;1802;14
2024-03-31T11:20:58Z;;1794;6
2024-03-31T11:21:29Z;;1811;23
2024-03-31T11:21:39Z;-1801;;10
2024-03-31T11:21:40Z;-1791;;20
2024-03-31T11:21:41Z;-1808;;3
2024-03-31T11:22:34Z;-1794;;17
2024-03-31T11:22:54Z;-1794;;17
2024-03-31T11:23:43Z;;2103;309
2024-03-31T11:23:45Z;;2091;297
2024-03-31T11:23:47Z;;2104;310
2024-03-31T11:23:53Z;;2084;290
2024-03-31T11:24:36Z;;2105;311
2024-03-31T11:25:05Z;-2112;;-7
2024-03-31T11:25:19Z;-2090;;15
2024-03-31T11:25:21Z;-2119;;-14
2024-03-31T11:26:23Z;-2096;;9
2024-03-31T11:26:24Z;-2090;;15
2024-03-31T11:26:34Z;-2094;;11
2024-03-31T11:26:36Z;-2114;;-9
2024-03-31T11:26:38Z;-2114;;-9
2024-03-31T11:26:43Z;-2103;;2
2024-03-31T11:26:45Z;-2092;;13
2024-03-31T11:27:21Z;-2106;;-1
2024-03-31T11:27:41Z;-2099;;6
2024-03-31T11:27:50Z;;2091;-8
2024-03-31T11:28:10Z;;2101;2
2024-03-31T11:28:36Z;-2101;;0
2024-03-31T11:28:56Z;-2111;;-10
2024-03-31T11:28:59Z;-2103;;-2
2024-03-31T11:29:00Z;-2097;;4
2024-03-31T11:29:08Z;-2099;;2
2024-03-31T11:29:12Z;-2103;;-2
2024-03-31T11:29:44Z;;2092;-11
2024-03-31T11:29:49Z;;2101;-2
2024-03-31T11:29:51Z;;2097;-6
2024-03-31T11:30:05Z;;2067;-36
2024-03-31T11:30:06Z;-1987;;80
2024-03-31T11:30:38Z;-1796;;271
2024-03-31T11:30:39Z;-1804;;263
2024-03-31T11:30:43Z;-1796;;271
2024-03-31T11:30:55Z;-1768;;299
2024-03-31T11:32:26Z;-1806;;261
2024-03-31T11:32:28Z;-1794;;273
2024-03-31T11:32:34Z;-1797;;270
2024-03-31T11:32:46Z;;1799;2
2024-03-31T11:33:50Z;;1809;12
2024-03-31T11:34:03Z;-1796;;13
2024-03-31T11:34:29Z;-1788;;21
2024-03-31T11:34:31Z;-1815;;-6
2024-03-31T11:34:48Z;-1800;;9
2024-03-31T11:35:01Z;;1794;-6
2024-03-31T11:35:07Z;;1804;4
2024-03-31T11:35:14Z;;1793;-7
2024-03-31T11:35:19Z;;1806;6
2024-03-31T11:36:13Z;;1799;-1
2024-03-31T11:36:17Z;;1802;2
2024-03-31T11:37:17Z;;1797;-3
2024-03-31T11:37:51Z;;1811;11
2024-03-31T11:37:56Z;;1798;-2
2024-03-31T11:39:03Z;;1818;18
2024-03-31T11:39:06Z;;1797;-3
2024-03-31T11:39:08Z;;1807;7
2024-03-31T11:39:15Z;;1792;-8
2024-03-31T11:39:17Z;-1728;;64
2024-03-31T11:39:18Z;-1583;;209
2024-03-31T11:39:39Z;;1803;220
2024-03-31T11:41:30Z;-1802;;1
2024-03-31T11:42:31Z;-1795;;8
2024-03-31T11:43:52Z;-1787;;16
2024-03-31T11:44:39Z;-1805;;-2
2024-03-31T11:44:40Z;-1809;;-6
2024-03-31T11:44:44Z;-1807;;-4
2024-03-31T11:45:05Z;;1973;166
2024-03-31T11:45:06Z;-1801;;172
2024-03-31T11:45:08Z;-1781;;192
2024-03-31T11:45:09Z;-1797;;176
2024-03-31T11:45:10Z;-1802;;171
2024-03-31T11:45:29Z;;2098;296
2024-03-31T11:50:40Z;-2103;;-5
2024-03-31T11:50:41Z;-2091;;7
2024-03-31T11:50:44Z;-2093;;5
2024-03-31T11:50:47Z;-2093;;5
2024-03-31T11:50:51Z;-2103;;-5
2024-03-31T11:50:59Z;-2096;;2
2024-03-31T11:51:01Z;-2112;;-14
2024-03-31T11:51:07Z;-2092;;6
2024-03-31T11:51:28Z;-2100;;-2
2024-03-31T11:51:29Z;-2086;;12
2024-03-31T11:57:55Z;;2088;2
2024-03-31T11:59:25Z;-1799;;289
2024-03-31T11:59:26Z;-1802;;286
2024-03-31T12:00:05Z;;2046;244
2024-03-31T12:00:06Z;-1859;;187
2024-03-31T12:00:19Z;-1800;;246
2024-03-31T12:01:38Z;;1799;-1
2024-03-31T12:01:40Z;;1805;5
2024-03-31T12:02:39Z;;1803;3
2024-03-31T12:02:42Z;;1796;-4
2024-03-31T12:02:45Z;;1818;18
2024-03-31T12:02:46Z;-1788;;30
2024-03-31T12:02:48Z;;1794;6
2024-03-31T12:02:51Z;;1820;32
2024-03-31T12:03:35Z;-1799;;21
2024-03-31T12:04:00Z;;1799;0
2024-03-31T12:05:45Z;-1504;;295
2024-03-31T12:05:48Z;;1491;-13
2024-03-31T12:06:36Z;;1502;-2
2024-03-31T12:06:40Z;;1498;-6
2024-03-31T12:06:42Z;;1501;-3
2024-03-31T12:06:44Z;;1494;-10
2024-03-31T12:06:47Z;;1505;1
2024-03-31T12:06:50Z;-1495;;10
2024-03-31T12:06:51Z;-1500;;5
2024-03-31T12:06:55Z;-1515;;-10
2024-03-31T12:07:16Z;-1504;;1
2024-03-31T12:07:38Z;-1502;;3
2024-03-31T12:09:07Z;-1507;;-2
2024-03-31T12:09:12Z;;1487;-20
2024-03-31T12:09:29Z;;1519;12
2024-03-31T12:09:30Z;-1488;;31
2024-03-31T12:10:08Z;-1507;;12
2024-03-31T12:10:10Z;;1491;-16
2024-03-31T12:10:36Z;;1503;-4
2024-03-31T12:10:45Z;-1489;;14
2024-03-31T12:10:47Z;-1508;;-5
2024-03-31T12:10:57Z;-1493;;10
2024-03-31T12:11:01Z;-982;;521
2024-03-31T12:11:02Z;-1447;1093;111
2024-03-31T12:11:03Z;;1504;57
2024-03-31T12:11:05Z;;1459;12
2024-03-31T12:11:07Z;;1521;74
2024-03-31T12:11:11Z;;1493;46
2024-03-31T12:15:05Z;;1295;-152
2024-03-31T12:15:06Z;-1239;;56
2024-03-31T12:15:18Z;-1198;;97
2024-03-31T12:15:45Z;;1199;1
2024-03-31T12:19:45Z;;1200;2
2024-03-31T12:19:47Z;;1192;-6
2024-03-31T12:19:53Z;;1201;3
2024-03-31T12:19:55Z;;1201;3
2024-03-31T12:21:07Z;;1206;8
2024-03-31T12:21:15Z;;1189;-9
2024-03-31T12:21:17Z;;1202;4
2024-03-31T12:21:43Z;;1153;-45
2024-03-31T12:21:45Z;;1229;31
2024-03-31T12:21:46Z;;1196;-2
2024-03-31T12:21:48Z;;1287;89
2024-03-31T12:21:49Z;-1210;;77
2024-03-31T12:23:08Z;-1350;;-63
2024-03-31T12:23:10Z;-1356;;-69
2024-03-31T12:23:53Z;;1500;144
2024-03-31T12:23:54Z;;1489;133
2024-03-31T12:23:56Z;;1501;145
2024-03-31T12:23:59Z;;1473;117
2024-03-31T12:24:01Z;;1506;150
2024-03-31T12:24:06Z;;1498;142
2024-03-31T12:24:08Z;;1509;153
2024-03-31T12:25:01Z;;1498;142
2024-03-31T12:30:05Z;;1309;-47
2024-03-31T12:30:08Z;-1260;;49
2024-03-31T12:30:50Z;-1198;;111
2024-03-31T12:30:51Z;-1200;;109
2024-03-31T12:32:33Z;-1339;;-30
2024-03-31T12:32:34Z;;896;-443
2024-03-31T12:32:35Z;-1322;;-426
2024-03-31T12:32:36Z;;1376;54
2024-03-31T12:33:10Z;;1500;178
2024-03-31T12:33:15Z;;1496;174
2024-03-31T12:33:54Z;;1502;180
2024-03-31T12:33:56Z;;1492;170
2024-03-31T12:34:36Z;;1501;179
2024-03-31T12:34:38Z;;1497;175
2024-03-31T12:34:39Z;;1503;181
2024-03-31T12:35:02Z;;1504;182
2024-03-31T12:38:31Z;;1500;178
2024-03-31T12:38:43Z;;1499;177
2024-03-31T12:38:46Z;-1435;;64
2024-03-31T12:38:47Z;;929;-506
2024-03-31T12:38:49Z;;1489;54
2024-03-31T12:38:50Z;-924;1507;565
2024-03-31T12:38:57Z;-1493;;14
2024-03-31T12:39:40Z;;1801;308
2024-03-31T12:39:48Z;-1801;;0
2024-03-31T12:39:49Z;-1799;;2
2024-03-31T12:39:50Z;-1806;;-5
2024-03-31T12:41:19Z;-1795;;6
2024-03-31T12:41:33Z;-1770;;31
2024-03-31T12:41:35Z;-1681;;120
2024-03-31T12:41:37Z;-1702;;99
2024-03-31T12:42:12Z;-1804;;-3
2024-03-31T12:42:45Z;;1792;-12
2024-03-31T12:42:47Z;;1807;3
2024-03-31T12:42:53Z;;1795;-9
2024-03-31T12:42:55Z;;1814;10
2024-03-31T12:43:19Z;;1797;-7
2024-03-31T12:43:47Z;;1313;-491
2024-03-31T12:43:49Z;;1740;-64
2024-03-31T12:43:52Z;;1804;0
2024-03-31T12:43:54Z;;1799;-5
2024-03-31T12:44:20Z;;1800;-4
2024-03-31T12:44:24Z;;1796;-8
2024-03-31T12:44:59Z;;1811;7
2024-03-31T12:45:01Z;;1797;-7
2024-03-31T12:45:03Z;;1810;6
2024-03-31T12:45:06Z;;1812;8
2024-03-31T12:45:08Z;-1726;;86
2024-03-31T12:45:09Z;;1790;64
2024-03-31T12:45:11Z;;1802;76
2024-03-31T12:45:13Z;;1799;73
2024-03-31T12:46:52Z;-1480;;319
2024-03-31T12:47:29Z;;1502;22
2024-03-31T12:47:43Z;;1489;9
2024-03-31T12:48:19Z;;1504;24
2024-03-31T12:48:21Z;;1492;12
2024-03-31T12:48:23Z;;1509;29
2024-03-31T12:48:56Z;-1507;;2
2024-03-31T12:49:08Z;-1497;;12
2024-03-31T12:50:09Z;;1485;-12
2024-03-31T12:50:31Z;;1502;5
2024-03-31T12:50:33Z;;1497;0
2024-03-31T12:50:35Z;;1501;4
2024-03-31T12:50:49Z;-1504;;-3
2024-03-31T12:50:56Z;-1509;;-8
2024-03-31T12:50:57Z;-1496;;5
2024-03-31T12:53:50Z;-1618;;-117
2024-03-31T12:53:54Z;-1681;;-180
2024-03-31T12:54:35Z;-1494;;7
2024-03-31T12:54:49Z;;1499;5
2024-03-31T12:54:51Z;;1505;11
2024-03-31T12:54:54Z;;1498;4
2024-03-31T12:55:07Z;;1507;13
2024-03-31T12:55:12Z;-1509;;-2
2024-03-31T12:55:17Z;-1493;;14
2024-03-31T12:55:23Z;-1505;;2
2024-03-31T12:55:43Z;-1493;;14
2024-03-31T12:55:51Z;-1508;;-1
2024-03-31T12:57:20Z;;1805;297
2024-03-31T12:58:45Z;;1796;288
2024-03-31T13:00:05Z;-1499;;297
2024-03-31T13:00:07Z;-1514;1696;197
2024-03-31T13:00:08Z;-1500;;196
2024-03-31T13:00:09Z;-1498;;198
2024-03-31T13:01:24Z;;1497;-1
2024-03-31T13:02:24Z;-1196;;301
2024-03-31T13:02:28Z;-1201;;296
2024-03-31T13:02:33Z;-1188;;309
2024-03-31T13:03:08Z;;1192;4
2024-03-31T13:03:58Z;-1016;;176
2024-03-31T13:03:59Z;-651;;541
2024-03-31T13:04:01Z;;650;-1
2024-03-31T13:04:02Z;;1072;421
2024-03-31T13:04:54Z;;1200;549
2024-03-31T13:05:50Z;-1206;;-6
2024-03-31T13:06:56Z;-1201;;-1
2024-03-31T13:07:01Z;-1199;;1
2024-03-31T13:07:02Z;-1200;;0
2024-03-31T13:07:31Z;-1194;;6
2024-03-31T13:07:34Z;-1204;;-4
2024-03-31T13:07:47Z;-1198;;2
2024-03-31T13:08:14Z;;1522;324
2024-03-31T13:08:44Z;-1505;;17
2024-03-31T13:09:18Z;-1492;;30
2024-03-31T13:10:13Z;-1488;;34
2024-03-31T13:10:40Z;-1502;;20
2024-03-31T13:10:46Z;-1502;;20
2024-03-31T13:12:41Z;-1505;;17
2024-03-31T13:12:43Z;-1505;;17
2024-03-31T13:12:51Z;-1497;;25
2024-03-31T13:12:53Z;-1497;;25
2024-03-31T13:12:58Z;-1500;;22
2024-03-31T13:13:06Z;-1499;;23
2024-03-31T13:13:10Z;-1508;;14
2024-03-31T13:13:12Z;-1490;;32
2024-03-31T13:14:09Z;-1489;;33
2024-03-31T13:14:11Z;-450;;1072
2024-03-31T13:14:12Z;-1571;;-49
2024-03-31T13:15:06Z;-1596;;-74
2024-03-31T13:15:08Z;;1780;184
2024-03-31T13:15:24Z;-1546;;234
2024-03-31T13:15:48Z;;1798;252
2024-03-31T13:15:50Z;;1793;247
2024-03-31T13:16:01Z;;1804;258
2024-03-31T13:16:15Z;;1796;250
2024-03-31T13:16:24Z;;1801;255
2024-03-31T13:16:26Z;-498;;1303
2024-03-31T13:16:30Z;;1792;1294
2024-03-31T13:16:44Z;;1808;1310
2024-03-31T13:16:53Z;-1605;;203
2024-03-31T13:20:09Z;-1820;;-12
2024-03-31T13:20:43Z;-1771;;37
2024-03-31T13:20:45Z;;1777;6
2024-03-31T13:20:57Z;;1813;42
2024-03-31T13:21:16Z;-1790;;23
2024-03-31T13:21:20Z;-1803;;10
2024-03-31T13:21:24Z;-1799;;14
2024-03-31T13:21:26Z;-1801;;12
2024-03-31T13:21:34Z;-1805;;8
2024-03-31T13:22:00Z;-1796;;17
2024-03-31T13:22:02Z;-1800;;13
2024-03-31T13:23:14Z;-1797;;16
2024-03-31T13:24:17Z;-676;;1137
2024-03-31T13:24:18Z;;1754;1078
2024-03-31T13:24:20Z;;1846;1170
2024-03-31T13:24:21Z;-1781;;65
2024-03-31T13:24:48Z;;1799;18
2024-03-31T13:25:12Z;;1804;23
2024-03-31T13:25:27Z;-1804;;0
2024-03-31T13:25:37Z;-1751;;53
2024-03-31T13:25:55Z;-1708;;96
2024-03-31T13:26:09Z;-1553;;251
2024-03-31T13:26:30Z;-1873;;-69
2024-03-31T13:26:42Z;-1598;;206
2024-03-31T13:27:02Z;-1631;;173
2024-03-31T13:27:44Z;-1823;;-19
2024-03-31T13:27:52Z;-1793;;11
2024-03-31T13:27:56Z;-1801;;3
2024-03-31T13:28:02Z;-1823;;-19
2024-03-31T13:28:40Z;-1790;;14
2024-03-31T13:28:42Z;-1799;;5
2024-03-31T13:29:42Z;-1798;;6
2024-03-31T13:29:43Z;-1804;;0
2024-03-31T13:30:08Z;-1832;;-28
2024-03-31T13:30:11Z;;1899;67
2024-03-31T13:30:56Z;-1815;;84
2024-03-31T13:31:00Z;-1800;;99
2024-03-31T13:31:06Z;-1801;;98
2024-03-31T13:32:06Z;;1798;-3
2024-03-31T13:32:29Z;;1802;1
2024-03-31T13:32:31Z;;1791;-10
2024-03-31T13:32:32Z;;1806;5
2024-03-31T13:32:34Z;;1799;-2
2024-03-31T13:41:54Z;-1494;;305
2024-03-31T13:42:04Z;-1503;;296
2024-03-31T13:44:35Z;-1333;;466
2024-03-31T13:44:36Z;-1530;;269
2024-03-31T13:44:37Z;-1081;;718
2024-03-31T13:44:38Z;-1602;;197
2024-03-31T13:44:46Z;-1510;;289
2024-03-31T13:44:49Z;-1507;;292
2024-03-31T13:44:56Z;-1512;;287
2024-03-31T13:44:58Z;-1494;;305
2024-03-31T13:45:06Z;-1519;;280
2024-03-31T13:45:08Z;;1568;49
2024-03-31T13:45:53Z;-1501;;67
2024-03-31T13:45:55Z;-1510;;58
2024-03-31T13:46:12Z;-1500;;68
2024-03-31T13:46:19Z;;1489;-11
2024-03-31T13:46:24Z;;1507;7
2024-03-31T13:46:31Z;-1502;;5
2024-03-31T13:46:32Z;-1503;;4
2024-03-31T13:46:34Z;-1495;;12
2024-03-31T13:46:41Z;-1492;;15
2024-03-31T13:48:15Z;-1503;;4
2024-03-31T13:49:45Z;-1500;;7
2024-03-31T13:50:09Z;;1499;-1
2024-03-31T13:50:11Z;;1501;1
2024-03-31T13:50:13Z;;1498;-2
2024-03-31T13:50:14Z;;1500;0
2024-03-31T13:50:16Z;;1496;-4
2024-03-31T13:53:26Z;-1206;;290
2024-03-31T13:53:56Z;-1197;;299
2024-03-31T13:54:17Z;;1199;2
2024-03-31T13:54:19Z;;1200;3
2024-03-31T13:54:51Z;;1193;-4
2024-03-31T13:55:00Z;-1127;;66
2024-03-31T13:55:01Z;-447;;746
2024-03-31T13:55:03Z;-1138;;55
2024-03-31T13:56:08Z;;725;-413
2024-03-31T13:56:10Z;;1141;3
2024-03-31T13:56:11Z;;846;-292
2024-03-31T13:56:13Z;;1142;4
2024-03-31T13:56:15Z;;508;-630
2024-03-31T13:56:17Z;;1147;9
2024-03-31T13:59:58Z;;1200;62
2024-03-31T14:00:05Z;;1202;64
2024-03-31T14:00:06Z;-1159;;43
2024-03-31T14:00:13Z;-1206;;-4
2024-03-31T14:02:12Z;;1508;302
2024-03-31T14:02:19Z;-1491;;17
2024-03-31T14:03:54Z;-1498;;10
2024-03-31T14:04:10Z;;1495;-3
2024-03-31T14:05:05Z;-1220;;275
2024-03-31T14:05:06Z;-1118;;377
2024-03-31T14:05:07Z;;1169;51
2024-03-31T14:05:09Z;;1273;155
2024-03-31T14:05:44Z;-1195;;78
2024-03-31T14:05:54Z;;1197;2
2024-03-31T14:05:58Z;;1200;5
2024-03-31T14:06:08Z;;1197;2
2024-03-31T14:06:13Z;;1201;6
2024-03-31T14:06:15Z;;1199;4
2024-03-31T14:06:16Z;;1201;6
2024-03-31T14:06:18Z;;1198;3
2024-03-31T14:06:20Z;;1202;7
2024-03-31T14:06:48Z;;1194;-1
2024-03-31T14:10:59Z;-931;;263
2024-03-31T14:11:00Z;-699;;495
2024-03-31T14:11:06Z;-907;;287
2024-03-31T14:11:07Z;-869;;325
2024-03-31T14:11:11Z;-909;;285
2024-03-31T14:11:19Z;;890;-19
2024-03-31T14:11:21Z;;925;16
2024-03-31T14:11:26Z;-896;;29
2024-03-31T14:11:46Z;-992;;-67
2024-03-31T14:11:47Z;-497;;428
2024-03-31T14:13:21Z;;1207;710
2024-03-31T14:13:35Z;;1194;697
2024-03-31T14:13:47Z;;1211;714
2024-03-31T14:13:54Z;;1197;700
2024-03-31T14:13:55Z;;1205;708
2024-03-31T14:14:11Z;;1195;698
2024-03-31T14:15:05Z;;1098;601
2024-03-31T14:15:06Z;-1060;;38
2024-03-31T14:15:13Z;;1206;146
2024-03-31T14:15:20Z;;1108;48
2024-03-31T14:15:21Z;;1216;156
2024-03-31T14:15:40Z;;1187;127
2024-03-31T14:16:07Z;;1210;150
2024-03-31T14:16:13Z;-1213;;-3
2024-03-31T14:16:31Z;-1199;;11
2024-03-31T14:16:37Z;-1197;;13
2024-03-31T14:16:44Z;-1202;;8
2024-03-31T14:16:50Z;;1195;-7
2024-03-31T14:17:04Z;;1209;7
2024-03-31T14:17:06Z;-1188;;21
2024-03-31T14:17:33Z;-1202;;7
2024-03-31T14:17:39Z;;1191;-11
2024-03-31T14:18:24Z;;1204;2
2024-03-31T14:18:29Z;-1209;;-5
2024-03-31T14:20:28Z;-878;;326
2024-03-31T14:23:38Z;;1195;317
2024-03-31T14:24:10Z;;1200;322
2024-03-31T14:24:12Z;;1193;315
2024-03-31T14:24:21Z;;1204;326
2024-03-31T14:24:22Z;;1197;319
2024-03-31T14:24:24Z;;1201;323
2024-03-31T14:24:25Z;;1189;311
2024-03-31T14:24:27Z;;1206;328
2024-03-31T14:24:29Z;;1198;320
2024-03-31T14:24:31Z;;1202;324
2024-03-31T14:24:33Z;;1204;326
2024-03-31T14:24:50Z;;1200;322
2024-03-31T14:24:51Z;;1200;322
2024-03-31T14:25:59Z;;794;-84
2024-03-31T14:26:01Z;;1139;261
2024-03-31T14:26:43Z;-995;;144
2024-03-31T14:26:44Z;-493;;646
2024-03-31T14:27:29Z;-768;;371
2024-03-31T14:27:30Z;-945;;194
2024-03-31T14:27:44Z;-898;;241
2024-03-31T14:29:07Z;-905;;234
2024-03-31T14:29:26Z;-904;;235
2024-03-31T14:29:28Z;-895;;244
2024-03-31T14:30:05Z;;1095;200
2024-03-31T14:30:06Z;-930;;165
2024-03-31T14:31:14Z;-899;;196
2024-03-31T14:31:16Z;-891;;204
2024-03-31T14:31:26Z;-903;;192
2024-03-31T14:31:28Z;-893;;202
2024-03-31T14:31:30Z;-896;;199
2024-03-31T14:31:32Z;-892;;203
2024-03-31T14:31:34Z;-893;;202
2024-03-31T14:33:33Z;;898;5
2024-03-31T14:33:35Z;;909;16
2024-03-31T14:33:45Z;;895;2
2024-03-31T14:37:35Z;-603;;292
2024-03-31T14:37:36Z;-599;;296
2024-03-31T14:37:44Z;-602;;293
2024-03-31T14:37:46Z;-588;;307
2024-03-31T14:37:52Z;-604;;291
2024-03-31T14:37:58Z;-599;;296
2024-03-31T14:37:59Z;-599;;296
2024-03-31T14:38:00Z;-604;;291
2024-03-31T14:38:02Z;-603;;292
2024-03-31T14:39:31Z;-601;;294
2024-03-31T14:39:33Z;-598;;297
2024-03-31T14:40:21Z;-599;;296
2024-03-31T14:40:22Z;-600;;295
2024-03-31T14:40:30Z;-597;;298
2024-03-31T14:40:32Z;-600;;295
2024-03-31T14:40:46Z;-599;;296
2024-03-31T14:40:48Z;-587;;308
2024-03-31T14:40:54Z;-599;;296
2024-03-31T14:40:56Z;-601;;294
2024-03-31T14:40:58Z;-597;;298
2024-03-31T14:41:02Z;-600;;295
2024-03-31T14:41:09Z;-599;;296
2024-03-31T14:41:11Z;-595;;300
2024-03-31T14:41:21Z;-599;;296
2024-03-31T14:41:23Z;-598;;297
2024-03-31T14:41:30Z;-596;;299
2024-03-31T14:41:32Z;-603;;292
2024-03-31T14:41:35Z;-605;;290
2024-03-31T14:41:36Z;-604;;291
2024-03-31T14:41:45Z;-598;;297
2024-03-31T14:41:50Z;-607;;288
2024-03-31T14:41:58Z;-598;;297
2024-03-31T14:42:00Z;-604;;291
2024-03-31T14:42:04Z;-588;;307
2024-03-31T14:42:18Z;-597;;298
2024-03-31T14:42:19Z;-606;;289
2024-03-31T14:42:21Z;-579;;316
2024-03-31T14:42:22Z;-604;;291
2024-03-31T14:42:25Z;-597;;298
2024-03-31T14:42:26Z;-605;;290
2024-03-31T14:42:27Z;-580;;315
2024-03-31T14:42:28Z;-605;;290
2024-03-31T14:42:32Z;-595;;300
2024-03-31T14:42:33Z;-613;;282
2024-03-31T14:42:36Z;-598;;297
2024-03-31T14:42:37Z;-613;;282
2024-03-31T14:44:29Z;;903;290
2024-03-31T14:44:30Z;;899;286
2024-03-31T14:44:31Z;;911;298
2024-03-31T14:44:42Z;-889;;22
2024-03-31T14:44:43Z;-900;;11
2024-03-31T14:44:50Z;-891;;20
2024-03-31T14:44:51Z;-903;;8
2024-03-31T14:44:54Z;-892;;19
2024-03-31T14:44:55Z;-901;;10
2024-03-31T14:45:04Z;-900;;11
2024-03-31T14:45:05Z;-897;;14
2024-03-31T14:45:06Z;-905;;6
2024-03-31T14:45:07Z;;943;38
2024-03-31T14:45:10Z;-899;;44
2024-03-31T14:46:58Z;-1050;;-107
2024-03-31T14:46:59Z;-819;;124
2024-03-31T14:48:35Z;;1201;382
2024-03-31T14:48:36Z;;1195;376
2024-03-31T14:48:38Z;;1204;385
2024-03-31T14:49:34Z;-1201;;3
2024-03-31T14:49:37Z;-1205;;-1
2024-03-31T14:49:38Z;-1195;;9
2024-03-31T14:54:16Z;-1200;;4
2024-03-31T14:55:04Z;;1197;-3
2024-03-31T14:56:13Z;-1052;;145
2024-03-31T14:56:14Z;-652;;545
2024-03-31T15:00:05Z;;1047;395
2024-03-31T15:00:06Z;-998;;49
2024-03-31T15:00:38Z;-900;;147
2024-03-31T15:01:00Z;-897;;150
2024-03-31T15:01:02Z;-907;;140
2024-03-31T15:01:04Z;-902;;145
2024-03-31T15:01:07Z;-899;;148
2024-03-31T15:01:08Z;-900;;147
2024-03-31T15:01:09Z;-889;;158
2024-03-31T15:01:11Z;-901;;146
2024-03-31T15:01:12Z;-897;;150
2024-03-31T15:01:15Z;-906;;141
2024-03-31T15:01:17Z;-898;;149
2024-03-31T15:01:18Z;-901;;146
2024-03-31T15:01:25Z;-898;;149
2024-03-31T15:01:26Z;-902;;145
2024-03-31T15:01:38Z;-906;;141
2024-03-31T15:01:50Z;;898;-8
2024-03-31T15:02:11Z;;907;1
2024-03-31T15:02:38Z;;897;-9
2024-03-31T15:02:39Z;;904;-2
2024-03-31T15:02:48Z;;897;-9
2024-03-31T15:02:49Z;;905;-1
2024-03-31T15:02:53Z;;898;-8
2024-03-31T15:02:55Z;;900;-6
2024-03-31T15:02:57Z;;899;-7
2024-03-31T15:02:58Z;;903;-3
2024-03-31T15:03:00Z;;897;-9
2024-03-31T15:03:03Z;;901;-5
2024-03-31T15:03:05Z;;898;-8
2024-03-31T15:03:06Z;;902;-4
2024-03-31T15:03:08Z;;897;-9
2024-03-31T15:03:11Z;;903;-3
2024-03-31T15:03:12Z;;898;-8
2024-03-31T15:04:02Z;-815;;83
2024-03-31T15:04:06Z;-603;;295
2024-03-31T15:04:13Z;-602;;296
2024-03-31T15:04:14Z;-598;;300
2024-03-31T15:04:17Z;-593;;305
2024-03-31T15:04:23Z;-793;;105
2024-03-31T15:05:09Z;-761;;137
2024-03-31T15:05:31Z;-726;;172
2024-03-31T15:07:31Z;;284;-442
2024-03-31T15:07:32Z;;769;43
2024-03-31T15:11:12Z;-615;;154
2024-03-31T15:11:13Z;-343;;426
2024-03-31T15:11:26Z;-602;;167
2024-03-31T15:11:53Z;;594;-8
2024-03-31T15:12:08Z;;206;-396
2024-03-31T15:12:10Z;;583;-19
2024-03-31T15:15:05Z;;433;-169
2024-03-31T15:15:06Z;-395;;38
2024-03-31T15:17:10Z;;600;205
2024-03-31T15:17:11Z;;598;203
2024-03-31T15:17:17Z;;603;208
2024-03-31T15:17:32Z;;592;197
2024-03-31T15:17:34Z;;603;208
2024-03-31T15:17:40Z;;596;201
2024-03-31T15:17:42Z;;605;210
2024-03-31T15:17:44Z;;595;200
2024-03-31T15:17:47Z;;613;218
2024-03-31T15:17:48Z;;599;204
2024-03-31T15:17:50Z;;601;206
2024-03-31T15:17:53Z;;599;204
2024-03-31T15:18:00Z;;600;205
2024-03-31T15:18:01Z;;599;204
2024-03-31T15:19:05Z;;601;206
2024-03-31T15:19:07Z;;592;197
2024-03-31T15:19:08Z;;602;207
2024-03-31T15:19:10Z;;596;201
2024-03-31T15:19:12Z;;604;209
2024-03-31T15:19:14Z;;597;202
2024-03-31T15:19:16Z;;605;210
2024-03-31T15:19:18Z;;597;202
2024-03-31T15:19:20Z;;605;210
2024-03-31T15:19:26Z;;596;201
2024-03-31T15:19:28Z;;604;209
2024-03-31T15:19:38Z;;593;198
2024-03-31T15:19:40Z;;605;210
2024-03-31T15:20:42Z;-591;;14
2024-03-31T15:20:44Z;-601;;4
2024-03-31T15:20:46Z;-599;;6
2024-03-31T15:22:48Z;-629;;-24
2024-03-31T15:23:09Z;-533;;72
2024-03-31T15:23:43Z;-645;;-40
2024-03-31T15:24:04Z;-435;;170
2024-03-31T15:24:46Z;-637;;-32
2024-03-31T15:25:08Z;-618;;-13
2024-03-31T15:26:22Z;-619;;-14
2024-03-31T15:26:44Z;-620;;-15
2024-03-31T15:27:01Z;-610;;-5
2024-03-31T15:27:04Z;;318;-292
2024-03-31T15:27:05Z;;651;41
2024-03-31T15:27:23Z;-602;;49
2024-03-31T15:27:27Z;-600;;51
2024-03-31T15:27:30Z;-597;;54
2024-03-31T15:27:31Z;-601;;50
2024-03-31T15:27:49Z;;510;-91
2024-03-31T15:27:50Z;;612;11
2024-03-31T15:28:01Z;-583;;29
2024-03-31T15:28:02Z;-155;;457
2024-03-31T15:28:31Z;;594;439
2024-03-31T15:28:33Z;;602;447
2024-03-31T15:28:37Z;;598;443
2024-03-31T15:28:45Z;;600;445
2024-03-31T15:28:46Z;;598;443
2024-03-31T15:29:05Z;;604;449
2024-03-31T15:29:07Z;;597;442
2024-03-31T15:29:09Z;;600;445
2024-03-31T15:29:18Z;;595;440
2024-03-31T15:29:20Z;;602;447
2024-03-31T15:29:21Z;;595;440
2024-03-31T15:29:23Z;;605;450
2024-03-31T15:29:25Z;;598;443
2024-03-31T15:29:27Z;;605;450
2024-03-31T15:29:29Z;;599;444
2024-03-31T15:29:31Z;;607;452
2024-03-31T15:29:34Z;;599;444
2024-03-31T15:29:35Z;;607;452
2024-03-31T15:29:57Z;;597;442
2024-03-31T15:29:59Z;;607;452
2024-03-31T15:30:05Z;;603;448
2024-03-31T15:30:06Z;-556;;47
2024-03-31T15:30:08Z;;595;39
2024-03-31T15:30:10Z;;602;46
2024-03-31T15:30:16Z;;601;45
2024-03-31T15:30:23Z;;602;46
2024-03-31T15:30:25Z;;597;41
2024-03-31T15:38:05Z;;604;48
2024-03-31T15:38:06Z;;599;43
2024-03-31T15:38:16Z;;602;46
2024-03-31T15:38:17Z;;590;34
2024-03-31T15:40:09Z;-516;;74
2024-03-31T15:40:10Z;-226;;364
2024-03-31T15:45:05Z;;523;297
2024-03-31T15:45:08Z;-489;;34
2024-03-31T15:45:53Z;805;;1328
2024-03-31T15:45:54Z;-344;;179
2024-03-31T15:48:28Z;64;;587
2024-03-31T15:48:29Z;-328;;195
2024-03-31T15:48:30Z;-261;;262
2024-03-31T15:48:54Z;-299;;224
2024-03-31T15:48:56Z;-306;;217
2024-03-31T15:49:04Z;-289;;234
2024-03-31T15:52:04Z;;299;10
2024-03-31T15:52:06Z;;299;10
2024-03-31T15:52:14Z;;297;8
2024-03-31T15:52:20Z;;307;18
2024-03-31T15:52:28Z;;298;9
2024-03-31T15:52:30Z;;305;16
2024-03-31T15:52:34Z;;299;10
2024-03-31T15:52:36Z;;300;11
2024-03-31T15:52:37Z;;290;1
2024-03-31T15:52:39Z;;301;12
2024-03-31T15:52:44Z;;293;4
2024-03-31T15:52:48Z;;304;15
2024-03-31T15:52:54Z;;298;9
2024-03-31T15:52:56Z;;307;18
2024-03-31T15:55:02Z;;112;-177
2024-03-31T15:55:04Z;;327;38
2024-03-31T15:58:55Z;-229;;98
2024-03-31T15:58:56Z;-305;;22
2024-03-31T16:00:05Z;;370;65
2024-03-31T16:00:06Z;-219;;151
2024-03-31T16:02:56Z;;293;74
2024-03-31T16:02:58Z;;303;84
2024-03-31T16:03:17Z;;299;80
2024-03-31T16:03:18Z;;307;88
2024-03-31T16:03:24Z;;297;78
2024-03-31T16:03:26Z;;305;86
2024-03-31T16:03:34Z;;293;74
2024-03-31T16:03:36Z;;301;82
2024-03-31T16:03:38Z;;299;80
2024-03-31T16:03:39Z;;300;81
2024-03-31T16:03:42Z;;298;79
2024-03-31T16:03:44Z;;304;85
2024-03-31T16:03:50Z;;294;75
2024-03-31T16:03:52Z;;300;81
2024-03-31T16:03:53Z;;299;80
2024-03-31T16:09:05Z;7;;306
2024-03-31T16:15:05Z;;239;246
2024-03-31T16:15:06Z;-199;;40
2024-03-31T16:19:10Z;;0;-199
2024-03-31T16:19:11Z;;162;-37
2024-03-31T16:29:22Z;59;;221
2024-03-31T16:30:05Z;;69;128
2024-03-31T16:30:06Z;-33;;36
2024-03-31T16:39:30Z;;0;-33
2024-03-31T16:39:31Z;;70;37
2024-03-31T16:45:05Z;;69;36
2024-03-31T16:45:06Z;-29;;40
2024-03-31T16:49:57Z;403;;472
2024-03-31T16:49:59Z;59;;128
2024-03-31T16:57:40Z;-2;;67
2024-03-31T16:57:47Z;0;;69
2024-03-31T16:57:50Z;0;;69
2024-03-31T16:57:56Z;1;;70
2024-03-31T16:58:01Z;1;;70
2024-03-31T16:58:02Z;0;;69
2024-03-31T16:58:06Z;1;;70
2024-03-31T16:58:41Z;0;;69
2024-03-31T16:58:42Z;3;;72
2024-03-31T16:58:45Z;0;;69
2024-03-31T16:58:46Z;3;;72
2024-03-31T16:58:53Z;0;;69
2024-03-31T16:58:54Z;3;;72
2024-03-31T16:59:27Z;0;;69
2024-03-31T16:59:28Z;4;;73
2024-03-31T16:59:35Z;0;;69
2024-03-31T16:59:36Z;4;;73
2024-03-31T16:59:45Z;0;;69
2024-03-31T16:59:46Z;4;;73
2024-03-31T17:00:05Z;;33;37
2024-03-31T17:00:06Z;3;;36
2024-03-31T17:00:33Z;;0;3
2024-03-31T17:00:34Z;21;;21
2024-03-31T17:00:35Z;;24;45
2024-03-31T17:00:36Z;1;;25
2024-03-31T17:00:37Z;;0;1
2024-03-31T17:00:39Z;0;;0
2024-03-31T17:00:40Z;2;;2
2024-03-31T17:00:42Z;;34;36
2024-03-31T17:01:07Z;0;;34
2024-03-31T17:01:08Z;2;;36
2024-03-31T17:01:10Z;0;;34
2024-03-31T17:01:19Z;0;;34
2024-03-31T17:01:24Z;0;;34
2024-03-31T17:03:17Z;0;;34
2024-03-31T17:03:26Z;0;;34
2024-03-31T17:03:32Z;0;;34
2024-03-31T17:03:38Z;1;;35
2024-03-31T17:03:39Z;0;;34
2024-03-31T17:03:45Z;1;;35
2024-03-31T17:03:48Z;-1;;33
2024-03-31T17:03:49Z;1;;35
2024-03-31T17:09:58Z;;0;1
2024-03-31T17:09:59Z;;2;3
2024-03-31T17:10:36Z;;0;1
2024-03-31T17:10:37Z;;0;1
2024-03-31T17:10:39Z;;0;1
2024-03-31T17:10:42Z;;1;2
2024-03-31T17:10:44Z;;0;1
2024-03-31T17:10:46Z;;1;2
2024-03-31T17:10:47Z;;0;1
2024-03-31T17:10:51Z;;4;5
2024-03-31T17:10:52Z;;0;1
2024-03-31T17:10:56Z;;3;4
2024-03-31T17:10:57Z;;0;1
2024-03-31T17:11:03Z;;3;4
2024-03-31T17:11:04Z;;0;1
2024-03-31T17:11:09Z;;3;4
2024-03-31T17:11:10Z;;0;1
2024-03-31T17:11:31Z;665;;665
2024-03-31T17:11:32Z;169;;169
2024-03-31T17:11:35Z;;1;170
2024-03-31T17:11:36Z;;0;169
2024-03-31T17:11:44Z;;4;173
2024-03-31T17:11:46Z;;0;169
2024-03-31T17:11:47Z;412;;412
2024-03-31T17:11:50Z;;3;415
2024-03-31T17:11:52Z;;0;412
2024-03-31T17:11:56Z;;3;415
2024-03-31T17:11:58Z;;0;412
2024-03-31T17:12:06Z;251;;251
2024-03-31T17:12:32Z;;1;252
2024-03-31T17:12:34Z;;0;251
2024-03-31T17:12:38Z;;1;252
2024-03-31T17:12:40Z;;0;251
2024-03-31T17:12:45Z;312;;312
2024-03-31T17:13:04Z;155;;155
2024-03-31T17:15:05Z;;0;155
2024-03-31T17:15:06Z;156;;156
2024-03-31T17:20:49Z;195;;195
2024-03-31T17:20:51Z;186;;186
2024-03-31T17:22:15Z;459;;459
2024-03-31T17:22:36Z;228;;228
2024-03-31T17:23:24Z;463;;463
2024-03-31T17:23:46Z;193;;193
2024-03-31T17:30:04Z;;0;193
2024-03-31T17:30:06Z;172;;172
2024-03-31T17:30:39Z;302;;302
2024-03-31T17:30:40Z;291;;291
2024-03-31T17:30:43Z;309;;309
2024-03-31T17:30:46Z;225;;225
2024-03-31T17:30:48Z;305;;305
2024-03-31T17:30:54Z;291;;291
2024-03-31T17:30:56Z;303;;303
2024-03-31T17:30:59Z;286;;286
2024-03-31T17:31:04Z;308;;308
2024-03-31T17:31:05Z;292;;292
2024-03-31T17:31:06Z;328;;328
2024-03-31T17:32:32Z;252;;252
2024-03-31T17:32:33Z;327;;327
2024-03-31T17:32:42Z;254;;254
2024-03-31T17:32:58Z;319;;319
2024-03-31T17:33:07Z;256;;256
2024-03-31T17:33:10Z;318;;318
2024-03-31T17:34:44Z;298;;298
2024-03-31T17:34:46Z;300;;300
2024-03-31T17:34:48Z;276;;276
2024-03-31T17:34:50Z;301;;301
2024-03-31T17:34:51Z;294;;294
2024-03-31T17:35:07Z;313;;313
2024-03-31T17:35:17Z;286;;286
2024-03-31T17:35:20Z;359;;359
2024-03-31T17:35:27Z;299;;299
2024-03-31T17:35:28Z;308;;308
2024-03-31T17:35:48Z;287;;287
2024-03-31T17:45:05Z;;0;287
2024-03-31T17:45:08Z;195;;195
2024-03-31T17:46:37Z;327;;327
2024-03-31T17:46:38Z;192;;192
2024-03-31T17:46:42Z;349;;349
2024-03-31T17:46:47Z;183;;183
2024-03-31T17:47:01Z;285;;285
2024-03-31T18:00:05Z;;0;285
2024-03-31T18:00:06Z;148;;148
2024-03-31T18:15:04Z;;0;148
2024-03-31T18:15:06Z;169;;169
2024-03-31T18:30:04Z;;0;169
2024-03-31T18:30:06Z;165;;165
2024-03-31T18:40:04Z;367;;367
2024-03-31T18:40:07Z;289;;289
2024-03-31T18:40:21Z;302;;302
2024-03-31T18:40:22Z;299;;299
2024-03-31T18:40:24Z;303;;303
2024-03-31T18:40:34Z;299;;299
2024-03-31T18:40:37Z;300;;300
2024-03-31T18:40:38Z;299;;299
2024-03-31T18:40:39Z;300;;300
2024-03-31T18:40:41Z;297;;297
2024-03-31T18:40:42Z;300;;300
2024-03-31T18:40:43Z;298;;298
2024-03-31T18:40:44Z;304;;304
2024-03-31T18:40:46Z;297;;297
2024-03-31T18:40:57Z;306;;306
2024-03-31T18:41:03Z;299;;299
2024-03-31T18:41:04Z;301;;301
2024-03-31T18:41:09Z;294;;294
2024-03-31T18:41:13Z;307;;307
2024-03-31T18:41:26Z;291;;291
2024-03-31T18:41:33Z;305;;305
2024-03-31T18:41:36Z;287;;287
2024-03-31T18:41:38Z;304;;304
2024-03-31T18:41:41Z;288;;288
2024-03-31T18:41:49Z;300;;300
2024-03-31T18:41:51Z;299;;299
2024-03-31T18:41:52Z;303;;303
2024-03-31T18:41:55Z;288;;288
2024-03-31T18:42:14Z;301;;301
2024-03-31T18:42:15Z;298;;298
2024-03-31T18:42:17Z;300;;300
2024-03-31T18:42:18Z;274;;274
2024-03-31T18:42:22Z;300;;300
2024-03-31T18:42:23Z;298;;298
2024-03-31T18:42:51Z;301;;301
2024-03-31T18:42:52Z;295;;295
2024-03-31T18:43:16Z;308;;308
2024-03-31T18:43:17Z;290;;290
2024-03-31T18:43:23Z;302;;302
2024-03-31T18:43:24Z;299;;299
2024-03-31T18:43:27Z;307;;307
2024-03-31T18:43:32Z;296;;296
2024-03-31T18:43:37Z;302;;302
2024-03-31T18:43:41Z;295;;295
2024-03-31T18:44:00Z;306;;306
2024-03-31T18:44:02Z;295;;295
2024-03-31T18:44:05Z;300;;300
2024-03-31T18:44:06Z;297;;297
2024-03-31T18:44:12Z;303;;303
2024-03-31T18:44:14Z;293;;293
2024-03-31T18:44:15Z;302;;302
2024-03-31T18:44:17Z;294;;294
2024-03-31T18:44:23Z;304;;304
2024-03-31T18:44:24Z;288;;288
2024-03-31T18:44:25Z;300;;300
2024-03-31T18:44:28Z;296;;296
2024-03-31T18:44:43Z;301;;301
2024-03-31T18:44:45Z;293;;293
2024-03-31T18:44:51Z;306;;306
2024-03-31T18:44:54Z;298;;298
2024-03-31T18:45:02Z;300;;300
2024-03-31T18:45:03Z;299;;299
2024-03-31T18:45:04Z;;0;299
2024-03-31T18:45:06Z;293;;293
2024-03-31T18:45:14Z;303;;303
2024-03-31T18:45:15Z;290;;290
2024-03-31T18:45:18Z;308;;308
2024-03-31T18:45:20Z;294;;294
2024-03-31T18:45:22Z;305;;305
2024-03-31T18:45:24Z;299;;299
2024-03-31T18:45:33Z;305;;305
2024-03-31T18:45:34Z;289;;289
2024-03-31T18:45:35Z;304;;304
2024-03-31T18:45:40Z;299;;299
2024-03-31T18:45:41Z;300;;300
2024-03-31T18:45:42Z;287;;287
2024-03-31T18:45:44Z;303;;303
2024-03-31T18:45:48Z;289;;289
2024-03-31T18:45:49Z;300;;300
2024-03-31T18:45:51Z;298;;298
2024-03-31T18:45:52Z;301;;301
2024-03-31T18:46:03Z;295;;295
2024-03-31T18:46:05Z;303;;303
2024-03-31T18:46:06Z;298;;298
2024-03-31T18:46:08Z;306;;306
2024-03-31T18:46:17Z;299;;299
2024-03-31T18:46:18Z;300;;300
2024-03-31T18:46:19Z;288;;288
2024-03-31T18:46:25Z;301;;301
2024-03-31T18:46:29Z;286;;286
2024-03-31T18:46:40Z;304;;304
2024-03-31T18:46:43Z;288;;288
2024-03-31T18:50:58Z;302;;302
2024-03-31T18:51:02Z;280;;280
2024-03-31T18:51:07Z;302;;302
2024-03-31T18:51:08Z;287;;287
2024-03-31T18:51:09Z;302;;302
2024-03-31T18:51:12Z;281;;281
2024-03-31T18:53:13Z;338;;338
2024-03-31T18:53:15Z;279;;279
2024-03-31T18:53:17Z;305;;305
2024-03-31T18:53:18Z;264;;264
2024-03-31T18:53:33Z;302;;302
2024-03-31T18:55:23Z;1474;;1474
2024-03-31T19:00:04Z;;0;1474
2024-03-31T19:00:08Z;1336;;1336
2024-03-31T19:15:03Z;1595;;1595
2024-03-31T19:15:04Z;2804;0;2804
2024-03-31T19:15:08Z;1756;;1756
2024-03-31T19:15:11Z;1433;;1433
2024-03-31T19:15:17Z;115;;115
2024-03-31T19:30:04Z;;0;115
2024-03-31T19:30:06Z;94;;94
2024-03-31T19:45:04Z;;0;94
2024-03-31T19:45:06Z;82;;82
2024-03-31T19:54:47Z;1342;;1342
2024-03-31T19:55:11Z;90;;90
2024-03-31T19:55:12Z;1389;;1389
2024-03-31T19:55:14Z;88;;88
2024-03-31T19:55:15Z;1249;;1249
2024-03-31T19:55:16Z;126;;126
2024-03-31T19:55:35Z;1384;;1384
2024-03-31T19:55:36Z;88;;88
2024-03-31T19:55:38Z;1393;;1393
2024-03-31T19:55:39Z;89;;89
2024-03-31T19:55:41Z;1394;;1394
2024-03-31T19:55:42Z;89;;89
2024-03-31T19:55:44Z;1394;;1394
2024-03-31T19:55:45Z;88;;88
2024-03-31T19:55:46Z;1438;;1438
2024-03-31T19:55:49Z;89;;89
2024-03-31T19:55:52Z;1440;;1440
2024-03-31T19:55:53Z;138;;138
2024-03-31T19:55:56Z;1434;;1434
2024-03-31T19:56:03Z;90;;90
2024-03-31T19:56:51Z;720;;720
2024-03-31T19:56:52Z;230;;230
2024-03-31T20:00:04Z;;0;230
2024-03-31T20:00:06Z;63;;63
2024-03-31T20:03:53Z;1593;;1593
2024-03-31T20:03:54Z;207;;207
2024-03-31T20:15:04Z;;0;207
2024-03-31T20:15:08Z;190;;190
2024-03-31T20:25:10Z;315;;315
2024-03-31T20:25:14Z;298;;298
2024-03-31T20:25:18Z;311;;311
2024-03-31T20:25:20Z;246;;246
2024-03-31T20:25:21Z;304;;304
2024-03-31T20:25:22Z;299;;299
2024-03-31T20:25:23Z;318;;318
2024-03-31T20:25:27Z;257;;257
2024-03-31T20:25:29Z;317;;317
2024-03-31T20:25:48Z;280;;280
2024-03-31T20:25:59Z;303;;303
2024-03-31T20:26:00Z;261;;261
2024-03-31T20:26:02Z;307;;307
2024-03-31T20:26:11Z;231;;231
2024-03-31T20:26:22Z;300;;300
2024-03-31T20:26:23Z;298;;298
2024-03-31T20:26:25Z;303;;303
2024-03-31T20:26:26Z;283;;283
2024-03-31T20:26:30Z;303;;303
2024-03-31T20:26:31Z;280;;280
2024-03-31T20:30:04Z;;0;280
2024-03-31T20:30:06Z;186;;186
2024-03-31T20:38:17Z;454;;454
2024-03-31T20:38:38Z;189;;189
2024-03-31T20:39:23Z;463;;463
2024-03-31T20:39:42Z;187;;187
2024-03-31T20:45:04Z;;0;187
2024-03-31T20:45:06Z;187;;187
2024-03-31T21:00:04Z;;0;187
2024-03-31T21:00:06Z;182;;182
2024-03-31T21:15:04Z;;0;182
2024-03-31T21:15:06Z;164;;164
2024-03-31T21:29:22Z;1301;;1301
2024-03-31T21:29:23Z;315;;315
2024-03-31T21:29:25Z;296;;296
2024-03-31T21:29:40Z;300;;300
2024-03-31T21:29:41Z;298;;298
2024-03-31T21:29:44Z;303;;303
2024-03-31T21:29:47Z;296;;296
2024-03-31T21:29:55Z;302;;302
2024-03-31T21:29:56Z;299;;299
2024-03-31T21:29:57Z;302;;302
2024-03-31T21:29:58Z;295;;295
2024-03-31T21:30:04Z;;0;295
2024-03-31T21:30:06Z;297;;297
2024-03-31T21:30:09Z;301;;301
2024-03-31T21:30:10Z;287;;287
2024-03-31T21:33:08Z;300;;300
2024-03-31T21:33:09Z;295;;295
2024-03-31T21:33:28Z;300;;300
2024-03-31T21:33:29Z;292;;292
2024-03-31T21:33:37Z;300;;300
2024-03-31T21:33:38Z;297;;297
2024-03-31T21:34:27Z;301;;301
2024-03-31T21:34:28Z;295;;295
2024-03-31T21:34:37Z;300;;300
2024-03-31T21:34:38Z;299;;299
2024-03-31T21:34:44Z;300;;300
2024-03-31T21:34:48Z;298;;298
2024-03-31T21:34:50Z;300;;300
2024-03-31T21:34:51Z;298;;298
2024-03-31T21:35:10Z;303;;303
2024-03-31T21:35:11Z;299;;299
2024-03-31T21:35:38Z;300;;300
2024-03-31T21:35:40Z;299;;299
2024-03-31T21:36:01Z;300;;300
2024-03-31T21:36:02Z;287;;287
2024-03-31T21:36:18Z;300;;300
2024-03-31T21:36:20Z;286;;286
2024-03-31T21:36:26Z;300;;300
2024-03-31T21:36:27Z;290;;290
2024-03-31T21:36:31Z;300;;300
2024-03-31T21:36:32Z;299;;299
2024-03-31T21:36:36Z;300;;300
2024-03-31T21:36:37Z;298;;298
2024-03-31T21:36:47Z;301;;301
2024-03-31T21:36:48Z;292;;292
2024-03-31T21:37:07Z;300;;300
2024-03-31T21:37:08Z;290;;290
2024-03-31T21:37:18Z;300;;300
2024-03-31T21:37:24Z;299;;299
2024-03-31T21:37:33Z;300;;300
2024-03-31T21:37:34Z;298;;298
2024-03-31T21:37:36Z;300;;300
2024-03-31T21:37:37Z;296;;296
2024-03-31T21:37:39Z;300;;300
2024-03-31T21:37:40Z;299;;299
2024-03-31T21:37:51Z;303;;303
2024-03-31T21:37:52Z;298;;298
2024-03-31T21:38:06Z;328;;328
2024-03-31T21:39:55Z;298;;298
2024-03-31T21:40:03Z;300;;300
2024-03-31T21:40:05Z;299;;299
2024-03-31T21:40:07Z;303;;303
2024-03-31T21:40:11Z;298;;298
2024-03-31T21:40:12Z;300;;300
2024-03-31T21:40:13Z;299;;299
2024-03-31T21:40:16Z;300;;300
2024-03-31T21:40:17Z;299;;299
2024-03-31T21:40:18Z;300;;300
2024-03-31T21:40:19Z;295;;295
2024-03-31T21:40:31Z;300;;300
2024-03-31T21:40:32Z;290;;290
2024-03-31T21:40:34Z;300;;300
2024-03-31T21:40:37Z;299;;299
2024-03-31T21:40:39Z;301;;301
2024-03-31T21:40:40Z;294;;294
2024-03-31T21:41:06Z;301;;301
2024-03-31T21:41:07Z;298;;298
2024-03-31T21:41:08Z;300;;300
2024-03-31T21:41:09Z;299;;299
2024-03-31T21:41:11Z;302;;302
2024-03-31T21:41:14Z;299;;299
2024-03-31T21:41:23Z;300;;300
2024-03-31T21:41:25Z;297;;297
2024-03-31T21:41:26Z;300;;300
2024-03-31T21:41:27Z;298;;298
2024-03-31T21:41:28Z;300;;300
2024-03-31T21:41:29Z;298;;298
2024-03-31T21:41:31Z;300;;300
2024-03-31T21:41:32Z;299;;299
2024-03-31T21:41:48Z;300;;300
2024-03-31T21:41:49Z;298;;298
2024-03-31T21:41:53Z;301;;301
2024-03-31T21:41:54Z;299;;299
2024-03-31T21:41:57Z;300;;300
2024-03-31T21:41:58Z;296;;296
2024-03-31T21:42:13Z;300;;300
2024-03-31T21:42:14Z;296;;296
2024-03-31T21:42:22Z;384;;384
2024-03-31T21:42:28Z;293;;293
2024-03-31T21:42:35Z;302;;302
2024-03-31T21:42:36Z;298;;298
2024-03-31T21:42:42Z;300;;300
2024-03-31T21:42:43Z;299;;299
2024-03-31T21:42:44Z;300;;300
2024-03-31T21:42:46Z;299;;299
2024-03-31T21:42:56Z;300;;300
2024-03-31T21:42:57Z;299;;299
2024-03-31T21:42:59Z;300;;300
2024-03-31T21:43:11Z;298;;298
2024-03-31T21:43:17Z;300;;300
2024-03-31T21:43:18Z;299;;299
2024-03-31T21:43:35Z;300;;300
2024-03-31T21:43:36Z;296;;296
2024-03-31T21:43:37Z;301;;301
2024-03-31T21:43:38Z;296;;296
2024-03-31T21:43:39Z;300;;300
2024-03-31T21:43:40Z;299;;299
2024-03-31T21:43:42Z;300;;300
2024-03-31T21:43:43Z;299;;299
2024-03-31T21:43:44Z;302;;302
2024-03-31T21:43:45Z;297;;297
2024-03-31T21:43:47Z;300;;300
2024-03-31T21:43:48Z;294;;294
2024-03-31T21:43:50Z;300;;300
2024-03-31T21:43:51Z;299;;299
2024-03-31T21:44:40Z;300;;300
2024-03-31T21:44:43Z;299;;299
2024-03-31T21:44:52Z;311;;311
2024-03-31T21:45:04Z;;0;311
2024-03-31T21:45:06Z;354;;354
2024-03-31T21:53:01Z;225;;225
2024-03-31T22:00:04Z;;0;225
2024-03-31T22:00:09Z;233;;233
2024-03-31T22:15:04Z;;0;233
2024-03-31T22:15:06Z;213;;213
2024-03-31T22:30:04Z;;0;213
2024-03-31T22:30:06Z;211;;211
2024-03-31T22:45:04Z;;0;211
2024-03-31T22:45:06Z;214;;214
2024-03-31T22:58:08Z;382;;382
2024-03-31T22:58:56Z;298;;298
2024-03-31T22:58:57Z;332;;332
2024-03-31T22:59:03Z;284;;284
2024-03-31T22:59:04Z;328;;328
2024-03-31T22:59:40Z;296;;296
2024-03-31T22:59:47Z;314;;314
2024-03-31T23:00:04Z;;0;314
2024-03-31T23:00:06Z;341;;341
2024-03-31T23:04:24Z;295;;295
2024-03-31T23:04:25Z;330;;330
2024-03-31T23:12:15Z;293;;293
2024-03-31T23:12:17Z;307;;307
2024-03-31T23:15:04Z;;0;307
2024-03-31T23:15:06Z;328;;328
2024-03-31T23:15:57Z;299;;299
2024-03-31T23:15:59Z;306;;306
2024-03-31T23:16:07Z;275;;275
2024-03-31T23:16:10Z;317;;317
2024-03-31T23:16:16Z;281;;281
2024-03-31T23:16:17Z;324;;324
2024-03-31T23:16:45Z;298;;298
2024-03-31T23:16:46Z;308;;308
2024-03-31T23:16:58Z;299;;299
2024-03-31T23:16:59Z;306;;306
2024-03-31T23:17:00Z;299;;299
2024-03-31T23:17:05Z;332;;332
2024-03-31T23:17:27Z;288;;288
2024-03-31T23:17:29Z;303;;303
2024-03-31T23:17:41Z;287;;287
2024-03-31T23:17:43Z;305;;305
2024-03-31T23:17:45Z;285;;285
2024-03-31T23:17:48Z;315;;315
2024-03-31T23:17:53Z;294;;294
2024-03-31T23:17:57Z;306;;306
2024-03-31T23:17:59Z;295;;295
2024-03-31T23:18:10Z;300;;300
2024-03-31T23:18:11Z;297;;297
2024-03-31T23:18:19Z;308;;308
2024-03-31T23:18:23Z;260;;260
2024-03-31T23:18:24Z;307;;307
2024-03-31T23:18:41Z;277;;277
2024-03-31T23:18:59Z;306;;306
2024-03-31T23:19:19Z;255;;255
2024-03-31T23:19:20Z;342;;342
2024-03-31T23:19:31Z;288;;288
2024-03-31T23:19:32Z;311;;311
2024-03-31T23:21:56Z;225;;225
2024-03-31T23:30:04Z;;0;225
2024-03-31T23:30:06Z;188;;188
2024-03-31T23:45:04Z;;0;188
2024-03-31T23:45:06Z;191;;191