timestamp;P_ex;P_pr;P_load
2025-02-27T00:00:02Z;;0;157
2025-02-27T00:00:05Z;154;;154
2025-02-27T00:15:02Z;;0;154
2025-02-27T00:15:05Z;43;;43
2025-02-27T00:30:02Z;;0;43
2025-02-27T00:30:05Z;43;;43
2025-02-27T00:45:02Z;;0;43
2025-02-27T00:45:05Z;45;;45
2025-02-27T01:00:02Z;;0;45
2025-02-27T01:00:05Z;45;;45
2025-02-27T01:15:02Z;;0;45
2025-02-27T01:15:05Z;43;;43
2025-02-27T01:30:02Z;;0;43
2025-02-27T01:30:05Z;44;;44
2025-02-27T01:45:02Z;;0;44
2025-02-27T01:45:05Z;43;;43
2025-02-27T01:45:33Z;1220;;1220
2025-02-27T01:45:34Z;208;;208
2025-02-27T02:00:02Z;;0;208
2025-02-27T02:00:05Z;155;;155
2025-02-27T02:15:02Z;;0;155
2025-02-27T02:15:05Z;152;;152
2025-02-27T02:30:02Z;;0;152
2025-02-27T02:30:05Z;44;;44
2025-02-27T02:45:02Z;;0;44
2025-02-27T02:45:05Z;44;;44
2025-02-27T03:00:02Z;;0;44
2025-02-27T03:00:05Z;44;;44
2025-02-27T03:15:02Z;;0;44
2025-02-27T03:15:05Z;44;;44
2025-02-27T03:30:02Z;;0;44
2025-02-27T03:30:05Z;44;;44
2025-02-27T03:45:02Z;;0;44
2025-02-27T03:45:05Z;44;;44
2025-02-27T03:54:10Z;2299;;2299
2025-02-27T03:54:11Z;195;;195
2025-02-27T04:00:02Z;;0;195
2025-02-27T04:00:05Z;281;;281
2025-02-27T04:15:02Z;;0;281
2025-02-27T04:15:05Z;280;;280
2025-02-27T04:30:02Z;;0;280
2025-02-27T04:30:05Z;123;;123
2025-02-27T04:45:02Z;;0;123
2025-02-27T04:45:05Z;172;;172
2025-02-27T05:00:02Z;;0;172
2025-02-27T05:00:05Z;44;;44
2025-02-27T05:15:02Z;;0;44
2025-02-27T05:15:05Z;45;;45
2025-02-27T05:30:02Z;;0;45
2025-02-27T05:30:05Z;44;;44
2025-02-27T05:42:12Z;1241;;1241
2025-02-27T05:43:41Z;2801;;2801
2025-02-27T05:44:08Z;1237;;1237
2025-02-27T05:45:02Z;;0;1237
2025-02-27T05:45:05Z;1243;;1243
2025-02-27T05:47:53Z;1198;;1198
2025-02-27T05:48:07Z;1201;;1201
2025-02-27T05:48:09Z;1199;;1199
2025-02-27T05:48:10Z;1202;;1202
2025-02-27T05:48:12Z;1199;;1199
2025-02-27T05:48:18Z;1200;;1200
2025-02-27T05:48:19Z;1197;;1197
2025-02-27T05:50:00Z;1199;;1199
2025-02-27T05:50:03Z;1185;;1185
2025-02-27T05:50:06Z;1200;;1200
2025-02-27T05:50:09Z;1198;;1198
2025-02-27T05:50:21Z;1200;;1200
2025-02-27T05:50:22Z;1526;;1526
2025-02-27T05:50:24Z;1322;;1322
2025-02-27T05:51:22Z;;8;1330
2025-02-27T05:51:24Z;;0;1322
2025-02-27T05:51:49Z;;1;1323
2025-02-27T05:56:44Z;;0;1322
2025-02-27T05:56:46Z;;14;1336
2025-02-27T05:56:47Z;;0;1322
2025-02-27T05:56:49Z;;26;1348
2025-02-27T05:58:12Z;218;;244
2025-02-27T05:59:37Z;1292;;1318
2025-02-27T06:00:02Z;;41;1333
2025-02-27T06:00:05Z;1274;;1315
2025-02-27T06:02:09Z;160;;201
2025-02-27T06:04:17Z;333;;374
2025-02-27T06:04:19Z;665;;706
2025-02-27T06:04:20Z;1767;;1808
2025-02-27T06:05:27Z;154;;195
2025-02-27T06:15:02Z;;107;261
2025-02-27T06:15:05Z;115;;222
2025-02-27T06:17:01Z;;0;115
2025-02-27T06:17:02Z;;108;223
2025-02-27T06:17:04Z;;0;115
2025-02-27T06:17:06Z;;118;233
2025-02-27T06:25:14Z;65;;183
2025-02-27T06:26:41Z;81;;199
2025-02-27T06:26:42Z;73;;191
2025-02-27T06:27:04Z;399;;517
2025-02-27T06:29:03Z;21;;139
2025-02-27T06:29:04Z;-58;;60
2025-02-27T06:29:08Z;53;;171
2025-02-27T06:29:20Z;-72;;46
2025-02-27T06:29:40Z;64;;182
2025-02-27T06:29:48Z;62;;180
2025-02-27T06:30:02Z;;173;235
2025-02-27T06:30:05Z;-93;;80
2025-02-27T06:34:30Z;81;;254
2025-02-27T06:38:50Z;81;;254
2025-02-27T06:38:56Z;-70;;103
2025-02-27T06:44:19Z;15;;188
2025-02-27T06:44:39Z;86;;259
2025-02-27T06:45:02Z;;189;275
2025-02-27T06:45:05Z;-122;;67
2025-02-27T06:45:16Z;142;;331
2025-02-27T06:45:37Z;-118;;71
2025-02-27T06:57:27Z;;0;-118
2025-02-27T06:57:28Z;;230;112
2025-02-27T07:00:02Z;;258;140
2025-02-27T07:00:05Z;-180;;78
2025-02-27T07:09:30Z;;300;120
2025-02-27T07:09:32Z;;296;116
2025-02-27T07:09:40Z;;302;122
2025-02-27T07:09:42Z;;297;117
2025-02-27T07:10:00Z;;301;121
2025-02-27T07:10:02Z;;295;115
2025-02-27T07:10:04Z;;302;122
2025-02-27T07:10:06Z;;295;115
2025-02-27T07:10:08Z;;303;123
2025-02-27T07:10:12Z;;295;115
2025-02-27T07:10:14Z;;303;123
2025-02-27T07:10:15Z;;297;117
2025-02-27T07:10:17Z;;304;124
2025-02-27T07:10:19Z;;297;117
2025-02-27T07:10:20Z;;305;125
2025-02-27T07:10:26Z;;299;119
2025-02-27T07:10:28Z;;307;127
2025-02-27T07:10:38Z;;292;112
2025-02-27T07:10:40Z;;302;122
2025-02-27T07:12:58Z;-299;;3
2025-02-27T07:13:00Z;-293;;9
2025-02-27T07:13:02Z;-299;;3
2025-02-27T07:13:03Z;-300;;2
2025-02-27T07:13:05Z;-294;;8
2025-02-27T07:13:07Z;-301;;1
2025-02-27T07:13:09Z;-294;;8
2025-02-27T07:13:12Z;-294;;8
2025-02-27T07:13:13Z;-294;;8
2025-02-27T07:13:15Z;-301;;1
2025-02-27T07:13:17Z;-296;;6
2025-02-27T07:13:20Z;-295;;7
2025-02-27T07:13:21Z;-294;;8
2025-02-27T07:13:23Z;-300;;2
2025-02-27T07:13:31Z;-298;;4
2025-02-27T07:13:34Z;-298;;4
2025-02-27T07:13:41Z;-298;;4
2025-02-27T07:13:43Z;-304;;-2
2025-02-27T07:13:51Z;-298;;4
2025-02-27T07:13:53Z;-305;;-3
2025-02-27T07:13:55Z;-298;;4
2025-02-27T07:14:01Z;-307;;-5
2025-02-27T07:14:03Z;-298;;4
2025-02-27T07:14:11Z;-306;;-4
2025-02-27T07:14:13Z;-298;;4
2025-02-27T07:14:21Z;-306;;-4
2025-02-27T07:14:23Z;-299;;3
2025-02-27T07:14:33Z;-301;;1
2025-02-27T07:14:35Z;-293;;9
2025-02-27T07:15:02Z;;376;83
2025-02-27T07:15:05Z;-313;;63
2025-02-27T07:16:33Z;;606;293
2025-02-27T07:16:50Z;-594;;12
2025-02-27T07:17:43Z;;902;308
2025-02-27T07:17:45Z;;895;301
2025-02-27T07:17:46Z;;907;313
2025-02-27T07:18:05Z;-909;;-2
2025-02-27T07:19:49Z;;1203;294
2025-02-27T07:19:51Z;;1198;289
2025-02-27T07:19:52Z;;1198;289
2025-02-27T07:20:17Z;;1195;286
2025-02-27T07:20:19Z;;1203;294
2025-02-27T07:20:33Z;;1197;288
2025-02-27T07:20:35Z;;1206;297
2025-02-27T07:21:39Z;-473;;733
2025-02-27T07:21:40Z;-1167;;39
2025-02-27T07:22:31Z;-1193;;13
2025-02-27T07:22:34Z;-1196;;10
2025-02-27T07:22:35Z;-1196;;10
2025-02-27T07:22:37Z;-1206;;0
2025-02-27T07:22:40Z;-1208;;-2
2025-02-27T07:22:48Z;-1195;;11
2025-02-27T07:22:49Z;-1202;;4
2025-02-27T07:22:55Z;-1205;;1
2025-02-27T07:23:40Z;-1199;;7
2025-02-27T07:23:41Z;-1194;;12
2025-02-27T07:23:42Z;-1198;;8
2025-02-27T07:23:43Z;-1205;;1
2025-02-27T07:23:46Z;-1207;;-1
2025-02-27T07:24:15Z;-1204;;2
2025-02-27T07:24:16Z;-1194;;12
2025-02-27T07:24:18Z;-1199;;7
2025-02-27T07:24:19Z;-1199;;7
2025-02-27T07:24:21Z;-1200;;6
2025-02-27T07:24:30Z;-1203;;3
2025-02-27T07:24:32Z;-1192;;14
2025-02-27T07:24:46Z;-1200;;6
2025-02-27T07:24:48Z;-1193;;13
2025-02-27T07:24:56Z;-1200;;6
2025-02-27T07:24:57Z;-1199;;7
2025-02-27T07:25:08Z;-1203;;3
2025-02-27T07:25:09Z;-1199;;7
2025-02-27T07:25:10Z;-1205;;1
2025-02-27T07:25:12Z;-1197;;9
2025-02-27T07:25:19Z;-1197;;9
2025-02-27T07:25:21Z;-1202;;4
2025-02-27T07:28:15Z;;1198;-4
2025-02-27T07:28:17Z;;1200;-2
2025-02-27T07:28:19Z;;1199;-3
2025-02-27T07:30:02Z;;1107;-95
2025-02-27T07:30:05Z;-1043;;64
2025-02-27T07:31:31Z;-386;;721
2025-02-27T07:31:32Z;-1009;;98
2025-02-27T07:36:37Z;-985;;122
2025-02-27T07:36:38Z;-464;;643
2025-02-27T07:39:03Z;-947;;160
2025-02-27T07:39:05Z;-936;;171
2025-02-27T07:39:07Z;;1201;265
2025-02-27T07:39:09Z;;1022;86
2025-02-27T07:44:17Z;-1016;;6
2025-02-27T07:44:18Z;-470;;552
2025-02-27T07:44:55Z;;1030;560
2025-02-27T07:44:57Z;;1024;554
2025-02-27T07:45:02Z;;1024;554
2025-02-27T07:45:05Z;-935;;89
2025-02-27T07:45:21Z;-929;;95
2025-02-27T07:46:33Z;;448;-481
2025-02-27T07:46:35Z;;981;52
2025-02-27T07:51:08Z;-892;;89
2025-02-27T07:51:10Z;-905;;76
2025-02-27T07:51:12Z;-902;;79
2025-02-27T07:51:38Z;;647;-255
2025-02-27T07:51:39Z;;1149;247
2025-02-27T07:52:07Z;-736;;413
2025-02-27T07:52:08Z;-904;;245
2025-02-27T07:52:09Z;-868;;281
2025-02-27T07:52:11Z;-902;;247
2025-02-27T07:53:16Z;;1209;307
2025-02-27T07:56:03Z;-1201;;8
2025-02-27T07:56:04Z;-1196;;13
2025-02-27T07:56:05Z;-1206;;3
2025-02-27T07:56:18Z;-1198;;11
2025-02-27T07:56:19Z;-1204;;5
2025-02-27T07:56:20Z;-1202;;7
2025-02-27T07:56:55Z;-1203;;6
2025-02-27T07:57:09Z;-1202;;7
2025-02-27T07:57:20Z;-1202;;7
2025-02-27T07:59:10Z;;1504;302
2025-02-27T07:59:14Z;;1478;276
2025-02-27T07:59:15Z;;1512;310
2025-02-27T07:59:25Z;;1434;232
2025-02-27T07:59:26Z;;1553;351
2025-02-27T08:00:02Z;;1544;342
2025-02-27T08:00:07Z;-1381;;163
2025-02-27T08:01:04Z;;1349;-32
2025-02-27T08:01:05Z;;1652;271
2025-02-27T08:02:11Z;-1499;;153
2025-02-27T08:02:13Z;-1494;;158
2025-02-27T08:02:20Z;-1499;;153
2025-02-27T08:02:23Z;-1499;;153
2025-02-27T08:02:32Z;-1503;;149
2025-02-27T08:02:33Z;-1499;;153
2025-02-27T08:02:35Z;-1491;;161
2025-02-27T08:02:37Z;-1502;;150
2025-02-27T08:03:15Z;-1501;;151
2025-02-27T08:03:17Z;-1510;;142
2025-02-27T08:03:24Z;-1509;;143
2025-02-27T08:03:27Z;-1509;;143
2025-02-27T08:03:34Z;-1506;;146
2025-02-27T08:03:36Z;-1494;;158
2025-02-27T08:03:38Z;-1502;;150
2025-02-27T08:03:41Z;-1502;;150
2025-02-27T08:03:43Z;-1491;;161
2025-02-27T08:06:39Z;;1493;2
2025-02-27T08:06:58Z;-1202;;291
2025-02-27T08:08:47Z;-1201;;292
2025-02-27T08:09:38Z;;1500;299
2025-02-27T08:09:53Z;-1320;;180
2025-02-27T08:09:54Z;;1511;191
2025-02-27T08:09:57Z;-1303;;208
2025-02-27T08:09:58Z;;1515;212
2025-02-27T08:14:46Z;;1422;119
2025-02-27T08:14:47Z;;1626;323
2025-02-27T08:15:02Z;;1621;318
2025-02-27T08:15:07Z;-1400;;221
2025-02-27T08:15:09Z;-1416;;205
2025-02-27T08:15:12Z;-1497;;124
2025-02-27T08:15:44Z;-1502;;119
2025-02-27T08:15:46Z;-1497;;124
2025-02-27T08:15:48Z;-1512;;109
2025-02-27T08:17:36Z;-1502;;119
2025-02-27T08:17:38Z;-1511;;110
2025-02-27T08:17:43Z;-1508;;113
2025-02-27T08:17:45Z;-1496;;125
2025-02-27T08:17:46Z;-1500;;121
2025-02-27T08:18:41Z;-1496;;125
2025-02-27T08:20:27Z;-1577;;44
2025-02-27T08:20:29Z;-1563;;58
2025-02-27T08:21:35Z;-1522;;99
2025-02-27T08:21:36Z;-796;;825
2025-02-27T08:22:35Z;-1101;;520
2025-02-27T08:22:36Z;-1554;;67
2025-02-27T08:22:54Z;-1499;;122
2025-02-27T08:22:55Z;-1500;;121
2025-02-27T08:22:56Z;-1494;;127
2025-02-27T08:23:14Z;-1500;;121
2025-02-27T08:23:15Z;-1502;;119
2025-02-27T08:23:17Z;-1495;;126
2025-02-27T08:23:22Z;-1495;;126
2025-02-27T08:23:24Z;-1506;;115
2025-02-27T08:23:26Z;-1496;;125
2025-02-27T08:23:27Z;-1496;;125
2025-02-27T08:23:36Z;-1493;;128
2025-02-27T08:23:37Z;-1504;;117
2025-02-27T08:24:00Z;-1496;;125
2025-02-27T08:24:05Z;-1498;;123
2025-02-27T08:24:16Z;-1509;;112
2025-02-27T08:24:17Z;-1488;;133
2025-02-27T08:24:38Z;-1501;;120
2025-02-27T08:24:39Z;-1510;;111
2025-02-27T08:24:48Z;-1519;;102
2025-02-27T08:24:50Z;-1528;;93
2025-02-27T08:28:56Z;;1022;-506
2025-02-27T08:28:57Z;;1715;187
2025-02-27T08:29:40Z;;1117;-411
2025-02-27T08:29:41Z;;1749;221
2025-02-27T08:30:02Z;;1791;263
2025-02-27T08:30:05Z;-1697;;94
2025-02-27T08:30:20Z;;1800;103
2025-02-27T08:30:21Z;;1791;94
2025-02-27T08:30:31Z;;1806;109
2025-02-27T08:31:03Z;-1751;;55
2025-02-27T08:31:05Z;-1740;;66
2025-02-27T08:31:07Z;;1745;5
2025-02-27T08:31:08Z;;1832;92
2025-02-27T08:31:38Z;-1800;;32
2025-02-27T08:31:39Z;-1788;;44
2025-02-27T08:31:54Z;-1798;;34
2025-02-27T08:31:56Z;-1793;;39
2025-02-27T08:32:00Z;-1801;;31
2025-02-27T08:32:02Z;-1786;;46
2025-02-27T08:32:04Z;-1802;;30
2025-02-27T08:32:18Z;-1800;;32
2025-02-27T08:32:20Z;-1816;;16
2025-02-27T08:42:20Z;-1816;;16
2025-02-27T08:42:27Z;;1790;-26
2025-02-27T08:42:31Z;-1644;;146
2025-02-27T08:42:33Z;-1618;;172
2025-02-27T08:42:58Z;-1493;;297
2025-02-27T08:43:18Z;-1492;;298
2025-02-27T08:44:08Z;-1488;;302
2025-02-27T08:44:12Z;;1497;9
2025-02-27T08:44:22Z;;1509;21
2025-02-27T08:44:27Z;-1519;;-10
2025-02-27T08:44:38Z;;1808;289
2025-02-27T08:44:46Z;-1802;;6
2025-02-27T08:45:02Z;;1976;174
2025-02-27T08:45:05Z;-1899;;77
2025-02-27T08:48:38Z;-1796;;180
2025-02-27T08:48:47Z;-1801;;175
2025-02-27T08:48:50Z;-1799;;177
2025-02-27T08:48:51Z;-1817;;159
2025-02-27T08:50:30Z;-1799;;177
2025-02-27T08:50:32Z;-1808;;168
2025-02-27T08:50:58Z;-1795;;181
2025-02-27T08:51:22Z;-1808;;168
2025-02-27T08:51:59Z;-1796;;180
2025-02-27T08:52:18Z;-1792;;184
2025-02-27T08:54:03Z;-1872;;104
2025-02-27T08:54:05Z;-1854;;122
2025-02-27T09:00:01Z;;2037;183
2025-02-27T09:00:05Z;-1946;;91
2025-02-27T09:03:42Z;;2105;159
2025-02-27T09:03:44Z;;2098;152
2025-02-27T09:03:46Z;;2101;155
2025-02-27T09:03:48Z;;2088;142
2025-02-27T09:03:52Z;;2104;158
2025-02-27T09:03:54Z;;2094;148
2025-02-27T09:03:56Z;;2108;162
2025-02-27T09:03:58Z;;2096;150
2025-02-27T09:04:00Z;;2106;160
2025-02-27T09:04:06Z;;2095;149
2025-02-27T09:04:08Z;;2106;160
2025-02-27T09:04:14Z;;2098;152
2025-02-27T09:04:22Z;;2103;157
2025-02-27T09:04:24Z;;2095;149
2025-02-27T09:04:56Z;;2102;156
2025-02-27T09:04:58Z;;2092;146
2025-02-27T09:05:00Z;;2104;158
2025-02-27T09:05:02Z;;2092;146
2025-02-27T09:05:04Z;;2103;157
2025-02-27T09:05:10Z;;2088;142
2025-02-27T09:05:16Z;;2107;161
2025-02-27T09:05:20Z;;2088;142
2025-02-27T09:05:22Z;;2089;143
2025-02-27T09:05:24Z;;2099;153
2025-02-27T09:05:26Z;;2100;154
2025-02-27T09:05:28Z;;2099;153
2025-02-27T09:05:30Z;;2106;160
2025-02-27T09:05:31Z;;2098;152
2025-02-27T09:05:36Z;;2104;158
2025-02-27T09:05:38Z;;2093;147
2025-02-27T09:05:46Z;;2100;154
2025-02-27T09:05:48Z;;2091;145
2025-02-27T09:07:09Z;;2107;161
2025-02-27T09:07:10Z;;2108;162
2025-02-27T09:07:12Z;;2091;145
2025-02-27T09:07:20Z;;2103;157
2025-02-27T09:07:22Z;;2091;145
2025-02-27T09:09:03Z;;2100;154
2025-02-27T09:09:05Z;;2094;148
2025-02-27T09:09:42Z;;2101;155
2025-02-27T09:09:45Z;;2096;150
2025-02-27T09:09:47Z;;2112;166
2025-02-27T09:09:48Z;;2100;154
2025-02-27T09:09:51Z;;2090;144
2025-02-27T09:09:53Z;;2098;152
2025-02-27T09:09:54Z;;2107;161
2025-02-27T09:09:55Z;;2108;162
2025-02-27T09:09:57Z;;2098;152
2025-02-27T09:10:02Z;;2093;147
2025-02-27T09:10:04Z;;2101;155
2025-02-27T09:10:12Z;;2087;141
2025-02-27T09:10:15Z;;2101;155
2025-02-27T09:10:17Z;;2099;153
2025-02-27T09:10:19Z;;2100;154
2025-02-27T09:10:21Z;;2098;152
2025-02-27T09:10:26Z;;2101;155
2025-02-27T09:10:32Z;;2092;146
2025-02-27T09:10:35Z;;2101;155
2025-02-27T09:10:42Z;;2096;150
2025-02-27T09:10:44Z;;2107;161
2025-02-27T09:10:50Z;;2079;133
2025-02-27T09:10:54Z;;2105;159
2025-02-27T09:10:56Z;;2093;147
2025-02-27T09:11:04Z;;2102;156
2025-02-27T09:11:06Z;;2092;146
2025-02-27T09:11:14Z;;2106;160
2025-02-27T09:11:16Z;;2091;145
2025-02-27T09:11:18Z;;2104;158
2025-02-27T09:11:24Z;;2095;149
2025-02-27T09:11:26Z;;2104;158
2025-02-27T09:11:32Z;;2098;152
2025-02-27T09:11:34Z;;2101;155
2025-02-27T09:11:36Z;;2087;141
2025-02-27T09:11:40Z;;2106;160
2025-02-27T09:11:42Z;;2097;151
2025-02-27T09:12:40Z;;2101;155
2025-02-27T09:12:42Z;;2088;142
2025-02-27T09:12:44Z;;2101;155
2025-02-27T09:12:50Z;;2092;146
2025-02-27T09:12:52Z;;2105;159
2025-02-27T09:12:59Z;;2098;152
2025-02-27T09:13:06Z;;2104;158
2025-02-27T09:13:10Z;;2093;147
2025-02-27T09:13:12Z;;2105;159
2025-02-27T09:13:21Z;;2107;161
2025-02-27T09:13:23Z;;2084;138
2025-02-27T09:13:27Z;;2095;149
2025-02-27T09:13:30Z;;2109;163
2025-02-27T09:13:39Z;;2082;136
2025-02-27T09:13:40Z;;2105;159
2025-02-27T09:13:46Z;;2089;143
2025-02-27T09:13:48Z;;2110;164
2025-02-27T09:13:56Z;;2096;150
2025-02-27T09:13:58Z;;2116;170
2025-02-27T09:14:06Z;;2092;146
2025-02-27T09:14:08Z;;2111;165
2025-02-27T09:15:01Z;;2130;184
2025-02-27T09:15:05Z;-2039;;91
2025-02-27T09:16:36Z;-2104;;26
2025-02-27T09:16:38Z;-2094;;36
2025-02-27T09:16:40Z;-2107;;23
2025-02-27T09:16:42Z;-2099;;31
2025-02-27T09:16:46Z;-2100;;30
2025-02-27T09:16:47Z;-2099;;31
2025-02-27T09:16:48Z;-2100;;30
2025-02-27T09:16:58Z;-2094;;36
2025-02-27T09:17:00Z;-2107;;23
2025-02-27T09:17:08Z;-2094;;36
2025-02-27T09:17:10Z;-2107;;23
2025-02-27T09:17:12Z;-2065;;65
2025-02-27T09:17:13Z;-2111;;19
2025-02-27T09:17:24Z;-2096;;34
2025-02-27T09:17:25Z;-2110;;20
2025-02-27T09:17:39Z;-2098;;32
2025-02-27T09:17:40Z;-2108;;22
2025-02-27T09:17:41Z;-2105;;25
2025-02-27T09:17:46Z;-2102;;28
2025-02-27T09:17:47Z;-2110;;20
2025-02-27T09:17:48Z;-2109;;21
2025-02-27T09:17:51Z;-2109;;21
2025-02-27T09:17:53Z;-2110;;20
2025-02-27T09:18:01Z;-2104;;26
2025-02-27T09:18:08Z;-2102;;28
2025-02-27T09:18:10Z;-2095;;35
2025-02-27T09:19:14Z;;2098;3
2025-02-27T09:19:16Z;;2107;12
2025-02-27T09:19:20Z;;2095;0
2025-02-27T09:19:22Z;;2107;12
2025-02-27T09:19:29Z;;2099;4
2025-02-27T09:20:31Z;-1813;;286
2025-02-27T09:20:57Z;;1813;0
2025-02-27T09:21:19Z;;1802;-11
2025-02-27T09:21:25Z;-1810;;-8
2025-02-27T09:23:26Z;;2111;301
2025-02-27T09:23:53Z;-2099;;12
2025-02-27T09:24:01Z;;2223;124
2025-02-27T09:24:02Z;-1867;;356
2025-02-27T09:24:05Z;-2009;1925;58
2025-02-27T09:24:08Z;;2121;112
2025-02-27T09:24:09Z;-1712;1768;409
2025-02-27T09:24:11Z;;1755;43
2025-02-27T09:24:13Z;-1728;;27
2025-02-27T09:24:16Z;-1790;1838;-35
2025-02-27T09:24:18Z;-1392;;446
2025-02-27T09:24:22Z;-994;;844
2025-02-27T09:24:24Z;-782;;1056
2025-02-27T09:24:25Z;;1451;669
2025-02-27T09:24:27Z;;1067;285
2025-02-27T09:24:28Z;-1198;;-131
2025-02-27T09:24:30Z;-1750;;-683
2025-02-27T09:24:31Z;;843;-907
2025-02-27T09:24:34Z;;966;-784
2025-02-27T09:24:35Z;;1349;-401
2025-02-27T09:24:37Z;;1936;186
2025-02-27T09:24:39Z;;2252;502
2025-02-27T09:25:44Z;-2107;;145
2025-02-27T09:25:46Z;-1655;1979;-128
2025-02-27T09:25:47Z;;1731;76
2025-02-27T09:25:48Z;-1024;;707
2025-02-27T09:25:49Z;-1001;;730
2025-02-27T09:25:50Z;;1042;41
2025-02-27T09:25:51Z;;1295;294
2025-02-27T09:25:53Z;-726;758;-243
2025-02-27T09:26:01Z;-614;;144
2025-02-27T09:26:06Z;-562;;196
2025-02-27T09:26:08Z;-725;;33
2025-02-27T09:26:10Z;;598;-127
2025-02-27T09:26:23Z;-540;650;58
2025-02-27T09:26:25Z;-1603;1134;-953
2025-02-27T09:26:26Z;-2048;;-914
2025-02-27T09:26:28Z;;1805;-243
2025-02-27T09:26:30Z;;2179;131
2025-02-27T09:26:42Z;-1702;1726;477
2025-02-27T09:26:44Z;;1358;-344
2025-02-27T09:26:45Z;-1201;;157
2025-02-27T09:26:47Z;-1092;;266
2025-02-27T09:26:52Z;-1008;;350
2025-02-27T09:26:53Z;-1418;;-60
2025-02-27T09:26:57Z;-1499;;-141
2025-02-27T09:26:58Z;-1815;;-457
2025-02-27T09:27:38Z;;1113;-702
2025-02-27T09:27:40Z;;1277;-538
2025-02-27T09:27:42Z;;738;-1077
2025-02-27T09:27:44Z;;738;-1077
2025-02-27T09:27:45Z;;1159;-656
2025-02-27T09:27:47Z;;1561;-254
2025-02-27T09:27:49Z;;2023;208
2025-02-27T09:27:51Z;;2400;585
2025-02-27T09:27:53Z;;2394;579
2025-02-27T09:27:55Z;;2411;596
2025-02-27T09:27:56Z;;2384;569
2025-02-27T09:27:58Z;;2383;568
2025-02-27T09:28:05Z;;2343;528
2025-02-27T09:28:06Z;-2071;;272
2025-02-27T09:28:10Z;-1808;;535
2025-02-27T09:28:14Z;-2191;1829;21
2025-02-27T09:28:26Z;-1957;;-128
2025-02-27T09:28:27Z;-1783;;46
2025-02-27T09:28:29Z;-1379;;450
2025-02-27T09:28:30Z;-960;;869
2025-02-27T09:28:31Z;-729;;1100
2025-02-27T09:28:34Z;-932;;897
2025-02-27T09:28:35Z;-1512;;317
2025-02-27T09:28:36Z;-2043;;-214
2025-02-27T09:28:38Z;-2338;;-509
2025-02-27T09:28:53Z;;2333;-5
2025-02-27T09:28:55Z;;2454;116
2025-02-27T09:28:57Z;;2454;116
2025-02-27T09:28:59Z;;2454;116
2025-02-27T09:29:00Z;;2454;116
2025-02-27T09:29:11Z;;2395;57
2025-02-27T09:29:29Z;-2081;;314
2025-02-27T09:29:30Z;-2060;;335
2025-02-27T09:29:32Z;-1975;2240;180
2025-02-27T09:29:33Z;;2166;191
2025-02-27T09:29:35Z;;2058;83
2025-02-27T09:29:38Z;-1764;;294
2025-02-27T09:29:39Z;-1313;1752;-12
2025-02-27T09:29:41Z;-1539;;213
2025-02-27T09:29:42Z;-1490;;262
2025-02-27T09:29:47Z;;1494;4
2025-02-27T09:29:48Z;;1494;4
2025-02-27T09:29:50Z;;1494;4
2025-02-27T09:29:51Z;-1115;;379
2025-02-27T09:29:52Z;;1568;453
2025-02-27T09:29:54Z;;1124;9
2025-02-27T09:29:55Z;-895;1314;229
2025-02-27T09:29:57Z;;1776;881
2025-02-27T09:29:59Z;-1165;;611
2025-02-27T09:30:00Z;-1443;1489;324
2025-02-27T09:30:01Z;-1509;;-20
2025-02-27T09:30:02Z;;1655;146
2025-02-27T09:30:05Z;;1489;-20
2025-02-27T09:30:07Z;;2421;912
2025-02-27T09:30:09Z;;2396;887
2025-02-27T09:30:11Z;;2416;907
2025-02-27T09:30:12Z;-1509;;907
2025-02-27T09:30:14Z;;2376;867
2025-02-27T09:30:15Z;;2401;892
2025-02-27T09:30:17Z;;2387;878
2025-02-27T09:30:19Z;;2400;891
2025-02-27T09:30:21Z;;2395;886
2025-02-27T09:30:26Z;;2401;892
2025-02-27T09:30:31Z;;2392;883
2025-02-27T09:30:33Z;;2400;891
2025-02-27T09:30:35Z;;2394;885
2025-02-27T09:30:41Z;;2401;892
2025-02-27T09:30:50Z;;2397;888
2025-02-27T09:30:53Z;;2400;891
2025-02-27T09:30:57Z;;2397;888
2025-02-27T09:31:06Z;;2402;893
2025-02-27T09:31:07Z;;2398;889
2025-02-27T09:31:11Z;;2401;892
2025-02-27T09:31:13Z;;2395;886
2025-02-27T09:31:38Z;-998;2043;534
2025-02-27T09:31:39Z;;982;-16
2025-02-27T09:31:41Z;-2087;748;-1105
2025-02-27T09:31:44Z;-1805;;-1057
2025-02-27T09:31:45Z;-595;;153
2025-02-27T09:31:46Z;-605;;143
2025-02-27T09:31:50Z;-1089;1251;-341
2025-02-27T09:31:51Z;-1461;;-210
2025-02-27T09:31:52Z;-1509;;-258
2025-02-27T09:31:54Z;-2298;;-1047
2025-02-27T09:31:55Z;-2407;;-1156
2025-02-27T09:31:56Z;-2363;;-1112
2025-02-27T09:31:59Z;;1546;-817
2025-02-27T09:32:01Z;;2479;116
2025-02-27T09:32:15Z;;2392;29
2025-02-27T09:32:18Z;-2024;;368
2025-02-27T09:32:21Z;;2013;-11
2025-02-27T09:32:24Z;-1765;;248
2025-02-27T09:32:25Z;;1631;-134
2025-02-27T09:32:26Z;-1242;;389
2025-02-27T09:32:27Z;-977;;654
2025-02-27T09:32:28Z;-643;1272;295
2025-02-27T09:32:30Z;-484;;788
2025-02-27T09:32:31Z;-688;973;489
2025-02-27T09:32:32Z;;688;0
2025-02-27T09:32:34Z;;553;-135
2025-02-27T09:32:35Z;-975;;-422
2025-02-27T09:32:36Z;-1956;;-1403
2025-02-27T09:32:37Z;-2222;;-1669
2025-02-27T09:32:38Z;;664;-1558
2025-02-27T09:32:40Z;;1192;-1030
2025-02-27T09:32:42Z;;2191;-31
2025-02-27T09:32:44Z;;2439;217
2025-02-27T09:32:46Z;;2364;142
2025-02-27T09:32:47Z;;2403;181
2025-02-27T09:33:58Z;;2353;131
2025-02-27T09:34:01Z;;2462;240
2025-02-27T09:34:26Z;;2327;105
2025-02-27T09:34:28Z;;2442;220
2025-02-27T09:34:33Z;;2369;147
2025-02-27T09:34:34Z;-2042;2092;327
2025-02-27T09:34:36Z;;1759;-283
2025-02-27T09:34:38Z;-1437;;322
2025-02-27T09:34:39Z;;1493;-310
2025-02-27T09:34:40Z;-1803;1570;-44
2025-02-27T09:34:41Z;-1847;;-277
2025-02-27T09:34:43Z;-1229;;341
2025-02-27T09:34:45Z;-912;;658
2025-02-27T09:34:46Z;-1664;;-94
2025-02-27T09:34:47Z;;1962;298
2025-02-27T09:34:48Z;-2429;;-467
2025-02-27T09:34:50Z;;1559;-870
2025-02-27T09:34:52Z;;1240;-1189
2025-02-27T09:34:54Z;;948;-1481
2025-02-27T09:34:56Z;;1932;-497
2025-02-27T09:34:57Z;;2501;72
2025-02-27T09:35:50Z;;2701;272
2025-02-27T09:35:52Z;;2688;259
2025-02-27T09:35:54Z;;2702;273
2025-02-27T09:35:56Z;;2695;266
2025-02-27T09:35:59Z;;2709;280
2025-02-27T09:36:00Z;;2698;269
2025-02-27T09:36:02Z;;2700;271
2025-02-27T09:36:28Z;;2674;245
2025-02-27T09:36:29Z;;2720;291
2025-02-27T09:37:01Z;-2385;;335
2025-02-27T09:37:04Z;;2599;214
2025-02-27T09:37:07Z;-1782;;817
2025-02-27T09:37:10Z;;899;-883
2025-02-27T09:37:31Z;;923;-859
2025-02-27T09:37:33Z;-835;1368;88
2025-02-27T09:37:35Z;;2500;1665
2025-02-27T09:37:37Z;;2398;1563
2025-02-27T09:37:39Z;;2408;1573
2025-02-27T09:37:40Z;-2234;;174
2025-02-27T09:37:41Z;-2352;;56
2025-02-27T09:37:42Z;-2442;;-34
2025-02-27T09:37:43Z;-2595;;-187
2025-02-27T09:37:45Z;-2072;2718;123
2025-02-27T09:37:47Z;;2686;614
2025-02-27T09:37:48Z;-2034;2317;652
2025-02-27T09:37:50Z;-1322;2060;26
2025-02-27T09:37:51Z;-1105;;955
2025-02-27T09:37:53Z;;2109;1004
2025-02-27T09:37:54Z;-836;;1273
2025-02-27T09:37:55Z;;1718;882
2025-02-27T09:37:56Z;;1356;520
2025-02-27T09:37:58Z;;1134;298
2025-02-27T09:38:00Z;;874;38
2025-02-27T09:38:16Z;-817;907;57
2025-02-27T09:38:20Z;;1233;416
2025-02-27T09:38:21Z;-1178;;55
2025-02-27T09:38:22Z;-1366;;-133
2025-02-27T09:38:23Z;;1509;143
2025-02-27T09:38:24Z;-2127;;-618
2025-02-27T09:38:25Z;-2544;;-1035
2025-02-27T09:38:27Z;;2354;-190
2025-02-27T09:38:29Z;-2539;2670;-185
2025-02-27T09:38:31Z;;2685;146
2025-02-27T09:38:33Z;-2469;2228;-311
2025-02-27T09:38:34Z;-2469;1775;-241
2025-02-27T09:38:35Z;-1772;;3
2025-02-27T09:38:36Z;-1275;;500
2025-02-27T09:38:39Z;;1331;56
2025-02-27T09:38:40Z;;1113;-162
2025-02-27T09:38:41Z;-1732;;-619
2025-02-27T09:38:43Z;-2333;;-1220
2025-02-27T09:38:44Z;-2572;1340;-993
2025-02-27T09:38:47Z;;1912;-660
2025-02-27T09:38:49Z;;2507;-65
2025-02-27T09:38:51Z;;2507;-65
2025-02-27T09:38:53Z;;2720;148
2025-02-27T09:38:54Z;-2135;;585
2025-02-27T09:38:55Z;;2689;554
2025-02-27T09:38:56Z;;2204;69
2025-02-27T09:38:58Z;;1937;-198
2025-02-27T09:39:00Z;;1602;-533
2025-02-27T09:39:01Z;-1570;;32
2025-02-27T09:39:02Z;-1233;;369
2025-02-27T09:39:03Z;-1141;;461
2025-02-27T09:39:05Z;-1176;;426
2025-02-27T09:39:06Z;-917;1250;685
2025-02-27T09:39:08Z;;1118;201
2025-02-27T09:39:10Z;;1244;327
2025-02-27T09:39:12Z;;1127;210
2025-02-27T09:39:14Z;;912;-5
2025-02-27T09:39:19Z;;900;-17
2025-02-27T09:39:21Z;;883;-34
2025-02-27T09:39:23Z;;946;29
2025-02-27T09:39:24Z;-983;;-37
2025-02-27T09:39:26Z;;1200;217
2025-02-27T09:39:28Z;;1187;204
2025-02-27T09:39:30Z;-882;;305
2025-02-27T09:39:32Z;;888;6
2025-02-27T09:39:55Z;;905;23
2025-02-27T09:39:57Z;;830;-52
2025-02-27T09:40:01Z;;1111;229
2025-02-27T09:40:03Z;-986;1472;486
2025-02-27T09:40:04Z;-1329;;143
2025-02-27T09:40:05Z;-1777;;-305
2025-02-27T09:40:07Z;;1590;-187
2025-02-27T09:40:09Z;-2071;1941;164
2025-02-27T09:40:10Z;-2302;;-361
2025-02-27T09:40:11Z;;2211;-91
2025-02-27T09:40:13Z;;2440;138
2025-02-27T09:40:14Z;-2410;;30
2025-02-27T09:40:15Z;;2371;-39
2025-02-27T09:40:16Z;;2414;4
2025-02-27T09:40:18Z;-2394;2352;20
2025-02-27T09:40:19Z;-2425;;-73
2025-02-27T09:40:22Z;;2435;10
2025-02-27T09:40:28Z;-2381;;54
2025-02-27T09:40:29Z;-2421;;14
2025-02-27T09:40:30Z;-2436;;-1
2025-02-27T09:40:31Z;-2141;;294
2025-02-27T09:40:33Z;-1388;;1047
2025-02-27T09:40:35Z;-1104;2180;792
2025-02-27T09:40:37Z;;1437;333
2025-02-27T09:40:39Z;;1129;25
2025-02-27T09:40:41Z;;853;-251
2025-02-27T09:40:50Z;-881;956;-28
2025-02-27T09:40:51Z;-1048;;-92
2025-02-27T09:40:53Z;;1227;179
2025-02-27T09:40:55Z;;2092;1044
2025-02-27T09:40:57Z;;2558;1510
2025-02-27T09:40:59Z;-2424;;134
2025-02-27T09:42:03Z;-2260;2271;298
2025-02-27T09:42:04Z;-1680;;591
2025-02-27T09:42:05Z;-1466;;805
2025-02-27T09:42:06Z;;1693;227
2025-02-27T09:42:07Z;-1632;;61
2025-02-27T09:42:08Z;;2314;682
2025-02-27T09:42:10Z;-2204;;110
2025-02-27T09:42:11Z;;2651;447
2025-02-27T09:42:13Z;-1839;;812
2025-02-27T09:42:14Z;;1869;30
2025-02-27T09:42:15Z;-1642;1720;227
2025-02-27T09:42:16Z;-1487;;233
2025-02-27T09:42:18Z;-1590;;130
2025-02-27T09:42:20Z;-2159;2343;-439
2025-02-27T09:42:22Z;;2507;348
2025-02-27T09:42:24Z;;2368;209
2025-02-27T09:42:25Z;-2453;2522;-85
2025-02-27T09:42:45Z;-2430;;92
2025-02-27T09:42:47Z;-2419;;103
2025-02-27T09:42:50Z;-2393;;129
2025-02-27T09:43:24Z;-2457;;65
2025-02-27T09:43:25Z;;2261;-196
2025-02-27T09:43:26Z;-1735;;526
2025-02-27T09:43:27Z;;1745;10
2025-02-27T09:43:28Z;-1184;;561
2025-02-27T09:43:31Z;;1379;195
2025-02-27T09:43:33Z;;1254;70
2025-02-27T09:43:34Z;-1317;1254;-63
2025-02-27T09:43:36Z;;1595;278
2025-02-27T09:43:38Z;;1494;177
2025-02-27T09:43:40Z;-1414;1574;257
2025-02-27T09:43:41Z;-1461;;113
2025-02-27T09:43:42Z;-1915;;-341
2025-02-27T09:43:44Z;-2454;2480;565
2025-02-27T09:43:45Z;;2686;232
2025-02-27T09:43:47Z;;2696;242
2025-02-27T09:43:49Z;;2740;286
2025-02-27T09:44:07Z;;2638;184
2025-02-27T09:44:14Z;-2245;2315;393
2025-02-27T09:44:15Z;-2089;;226
2025-02-27T09:44:17Z;;1923;-166
2025-02-27T09:44:19Z;;1697;-392
2025-02-27T09:44:20Z;-1642;;55
2025-02-27T09:44:21Z;-1308;;389
2025-02-27T09:44:22Z;-2057;;-360
2025-02-27T09:44:23Z;-2220;2194;137
2025-02-27T09:44:25Z;-2097;;97
2025-02-27T09:44:27Z;;2182;85
2025-02-27T09:44:30Z;-2196;2361;-14
2025-02-27T09:44:31Z;-2538;;-177
2025-02-27T09:44:33Z;;2676;138
2025-02-27T09:44:35Z;;2715;177
2025-02-27T09:44:37Z;;2698;160
2025-02-27T09:44:38Z;;2715;177
2025-02-27T09:44:43Z;-2516;2613;199
2025-02-27T09:44:45Z;-1643;2246;970
2025-02-27T09:44:47Z;-1564;;682
2025-02-27T09:44:49Z;;1719;155
2025-02-27T09:44:51Z;;1324;-240
2025-02-27T09:44:52Z;;1194;-370
2025-02-27T09:44:53Z;-1268;;-74
2025-02-27T09:44:54Z;;1631;363
2025-02-27T09:44:57Z;-1097;1959;534
2025-02-27T09:44:58Z;;2173;1076
2025-02-27T09:45:01Z;-1440;;733
2025-02-27T09:45:02Z;-1535;;638
2025-02-27T09:45:03Z;;2584;1049
2025-02-27T09:45:08Z;-2388;1959;196
2025-02-27T09:45:09Z;-2449;2152;-236
2025-02-27T09:45:10Z;-2388;;-236
2025-02-27T09:45:11Z;;2078;-310
2025-02-27T09:45:12Z;-2318;;-240
2025-02-27T09:45:13Z;-1658;;420
2025-02-27T09:45:15Z;;1704;46
2025-02-27T09:45:17Z;;1411;-247
2025-02-27T09:45:19Z;;1954;296
2025-02-27T09:45:20Z;;2366;708
2025-02-27T09:45:22Z;;2545;887
2025-02-27T09:45:24Z;;2335;677
2025-02-27T09:45:26Z;;1897;239
2025-02-27T09:45:27Z;;1592;-66
2025-02-27T09:45:28Z;-2213;;-621
2025-02-27T09:45:29Z;-2391;1345;-868
2025-02-27T09:45:31Z;-2307;1119;-962
2025-02-27T09:45:32Z;;831;-1476
2025-02-27T09:45:34Z;;906;-1401
2025-02-27T09:45:36Z;;1838;-469
2025-02-27T09:45:38Z;;2617;310
2025-02-27T09:45:40Z;-1550;2710;403
2025-02-27T09:45:41Z;-1290;;1420
2025-02-27T09:45:43Z;-942;;1768
2025-02-27T09:45:44Z;-802;;1908
2025-02-27T09:45:45Z;-1562;2660;1148
2025-02-27T09:45:47Z;-2223;2111;437
2025-02-27T09:45:50Z;;1809;-414
2025-02-27T09:45:51Z;;1717;-506
2025-02-27T09:45:53Z;;1855;-368
2025-02-27T09:45:54Z;-2261;;-406
2025-02-27T09:45:55Z;-2495;2423;-640
2025-02-27T09:46:03Z;;2702;207
2025-02-27T09:46:05Z;;2688;193
2025-02-27T09:46:07Z;;2703;208
2025-02-27T09:46:21Z;;2649;154
2025-02-27T09:46:23Z;;2702;207
2025-02-27T09:46:33Z;;2467;-28
2025-02-27T09:46:35Z;-2438;;29
2025-02-27T09:46:37Z;-2218;2283;249
2025-02-27T09:46:39Z;-1810;;473
2025-02-27T09:46:41Z;-1247;;1036
2025-02-27T09:46:42Z;;1942;695
2025-02-27T09:46:43Z;;1578;331
2025-02-27T09:46:45Z;-971;;607
2025-02-27T09:46:46Z;;1290;319
2025-02-27T09:46:48Z;;1181;210
2025-02-27T09:46:49Z;;885;-86
2025-02-27T09:46:50Z;-879;;6
2025-02-27T09:46:52Z;-1443;968;89
2025-02-27T09:46:53Z;;1204;-239
2025-02-27T09:46:55Z;;1580;137
2025-02-27T09:46:56Z;-2406;;-826
2025-02-27T09:46:59Z;;2074;-332
2025-02-27T09:47:00Z;-2327;;-253
2025-02-27T09:47:01Z;;2552;225
2025-02-27T09:47:03Z;;2345;18
2025-02-27T09:47:04Z;-1939;;406
2025-02-27T09:47:05Z;;2015;76
2025-02-27T09:47:06Z;;1728;-211
2025-02-27T09:47:08Z;-1358;;370
2025-02-27T09:47:09Z;-1147;1402;44
2025-02-27T09:47:11Z;-894;1197;508
2025-02-27T09:47:13Z;;845;-49
2025-02-27T09:47:21Z;-597;;248
2025-02-27T09:47:58Z;-602;;243
2025-02-27T09:48:11Z;;960;358
2025-02-27T09:48:12Z;-1528;;-568
2025-02-27T09:48:13Z;-1419;;-459
2025-02-27T09:48:14Z;;1680;261
2025-02-27T09:48:15Z;;1426;7
2025-02-27T09:48:17Z;-1041;;385
2025-02-27T09:48:18Z;-1059;;367
2025-02-27T09:48:20Z;-1327;1089;99
2025-02-27T09:48:21Z;-2575;;-1486
2025-02-27T09:48:22Z;;1467;-1108
2025-02-27T09:48:24Z;;2401;-174
2025-02-27T09:48:35Z;-2485;;-84
2025-02-27T09:48:37Z;-1888;2028;513
2025-02-27T09:48:38Z;-1210;;818
2025-02-27T09:48:40Z;;1330;120
2025-02-27T09:48:42Z;;1131;-79
2025-02-27T09:48:43Z;-917;833;214
2025-02-27T09:48:48Z;-693;;140
2025-02-27T09:48:57Z;;596;-97
2025-02-27T09:49:17Z;;600;-93
2025-02-27T09:49:20Z;-538;;62
2025-02-27T09:49:21Z;;1075;537
2025-02-27T09:49:22Z;-1296;;-221
2025-02-27T09:49:23Z;;1562;266
2025-02-27T09:49:24Z;-2081;;-519
2025-02-27T09:49:25Z;;1949;-132
2025-02-27T09:49:26Z;;2339;258
2025-02-27T09:49:28Z;;2377;296
2025-02-27T09:49:58Z;-2407;;-30
2025-02-27T09:49:59Z;-2420;;-43
2025-02-27T09:50:01Z;-2274;;103
2025-02-27T09:50:02Z;;2024;-250
2025-02-27T09:50:03Z;-1320;;704
2025-02-27T09:50:05Z;;1489;169
2025-02-27T09:50:07Z;;1194;-126
2025-02-27T09:50:08Z;-836;1497;661
2025-02-27T09:50:10Z;;2037;1201
2025-02-27T09:50:12Z;-1224;1618;782
2025-02-27T09:50:13Z;-1856;;-238
2025-02-27T09:50:14Z;-1610;;8
2025-02-27T09:50:15Z;-1803;;-185
2025-02-27T09:50:17Z;-1739;;-121
2025-02-27T09:50:18Z;-1683;;-65
2025-02-27T09:50:22Z;-1598;;20
2025-02-27T09:50:23Z;-1295;;323
2025-02-27T09:50:25Z;-751;;867
2025-02-27T09:50:30Z;-888;;730
2025-02-27T09:50:32Z;-975;;643
2025-02-27T09:50:44Z;-1109;;509
2025-02-27T09:50:45Z;-1571;;47
2025-02-27T09:50:47Z;-2340;;-722
2025-02-27T09:50:48Z;-2482;;-864
2025-02-27T09:51:02Z;-2447;;-829
2025-02-27T09:51:05Z;-1898;;-280
2025-02-27T09:51:07Z;-1973;;-355
2025-02-27T09:51:09Z;-2194;;-576
2025-02-27T09:51:11Z;-2431;;-813
2025-02-27T09:51:12Z;-2456;;-838
2025-02-27T09:51:14Z;-2450;;-832
2025-02-27T09:51:27Z;-2331;;-713
2025-02-27T09:51:28Z;-2077;;-459
2025-02-27T09:51:30Z;-1413;;205
2025-02-27T09:51:31Z;-1107;;511
2025-02-27T09:51:32Z;-889;;729
2025-02-27T09:51:40Z;-570;;1048
2025-02-27T09:51:57Z;-632;;986
2025-02-27T09:51:59Z;-1121;;497
2025-02-27T09:52:00Z;-1659;;-41
2025-02-27T09:52:01Z;-2057;;-439
2025-02-27T09:52:03Z;-2255;;-637
2025-02-27T09:52:04Z;-1921;;-303
2025-02-27T09:52:05Z;-1779;;-161
2025-02-27T09:52:06Z;-1810;;-192
2025-02-27T09:52:07Z;-2142;;-524
2025-02-27T09:52:09Z;-2467;;-849
2025-02-27T09:52:31Z;-2418;;-800
2025-02-27T09:52:34Z;-2417;;-799
2025-02-27T09:52:56Z;-2420;;-802
2025-02-27T09:52:59Z;-2103;;-485
2025-02-27T09:53:01Z;-1175;;443
2025-02-27T09:53:05Z;-873;;745
2025-02-27T09:53:09Z;-1316;;302
2025-02-27T09:53:11Z;-2250;;-632
2025-02-27T09:53:13Z;-2314;;-696
2025-02-27T09:53:14Z;-1793;;-175
2025-02-27T09:53:16Z;-818;;800
2025-02-27T09:53:17Z;-632;;986
2025-02-27T09:53:44Z;-622;;996
2025-02-27T09:53:48Z;-1672;;-54
2025-02-27T09:53:49Z;-2192;;-574
2025-02-27T09:53:51Z;-2000;;-382
2025-02-27T09:53:52Z;-1782;;-164
2025-02-27T09:53:53Z;-1872;;-254
2025-02-27T09:53:55Z;-1711;;-93
2025-02-27T09:53:56Z;-1351;;267
2025-02-27T09:53:57Z;-1083;;535
2025-02-27T09:54:00Z;-895;;723
2025-02-27T09:54:06Z;-1359;;259
2025-02-27T09:54:08Z;-2582;;-964
2025-02-27T09:54:09Z;-2489;;-871
2025-02-27T09:54:11Z;-2019;;-401
2025-02-27T09:54:13Z;-1765;;-147
2025-02-27T09:54:15Z;-1718;;-100
2025-02-27T09:54:17Z;-1381;;237
2025-02-27T09:54:19Z;-1567;;51
2025-02-27T09:54:20Z;-1789;;-171
2025-02-27T09:54:22Z;-1023;;595
2025-02-27T09:54:23Z;-1130;;488
2025-02-27T09:54:25Z;-2211;;-593
2025-02-27T09:54:26Z;-2169;;-551
2025-02-27T09:54:34Z;-2296;;-678
2025-02-27T09:54:35Z;-2033;;-415
2025-02-27T09:54:37Z;-1668;;-50
2025-02-27T09:54:39Z;-1104;;514
2025-02-27T09:54:40Z;-1133;;485
2025-02-27T09:54:42Z;-2137;;-519
2025-02-27T09:54:55Z;-2378;;-760
2025-02-27T09:54:56Z;-2000;;-382
2025-02-27T09:54:58Z;-1243;;375
2025-02-27T09:54:59Z;-943;;675
2025-02-27T09:55:17Z;;2516;1573
2025-02-27T09:55:19Z;;2005;1062
2025-02-27T09:55:20Z;;2491;1548
2025-02-27T09:55:22Z;;1473;530
2025-02-27T09:55:25Z;-957;2561;516
2025-02-27T09:55:26Z;;2209;1252
2025-02-27T09:55:27Z;;905;-52
2025-02-27T09:55:28Z;-1481;;-576
2025-02-27T09:55:29Z;;1160;-321
2025-02-27T09:55:31Z;;1686;205
2025-02-27T09:55:32Z;-1200;;486
2025-02-27T09:55:33Z;-916;;770
2025-02-27T09:55:59Z;;902;-14
2025-02-27T09:56:07Z;-814;;88
2025-02-27T09:56:08Z;;1223;409
2025-02-27T09:56:09Z;-1824;;-601
2025-02-27T09:56:10Z;;2085;261
2025-02-27T09:56:11Z;-1870;;215
2025-02-27T09:56:13Z;-1179;1648;906
2025-02-27T09:56:15Z;;1352;173
2025-02-27T09:56:17Z;;1195;16
2025-02-27T09:56:26Z;;1207;28
2025-02-27T09:56:28Z;-1466;1672;-259
2025-02-27T09:56:30Z;-1098;;574
2025-02-27T09:56:32Z;;1461;363
2025-02-27T09:56:36Z;-1512;1758;-51
2025-02-27T09:56:37Z;-2049;;-291
2025-02-27T09:56:38Z;-2153;;-395
2025-02-27T09:56:39Z;;2314;161
2025-02-27T09:56:41Z;;1682;-471
2025-02-27T09:56:42Z;;1498;-655
2025-02-27T09:56:45Z;-2024;;-526
2025-02-27T09:56:46Z;;1660;-364
2025-02-27T09:56:48Z;;1943;-81
2025-02-27T09:56:49Z;-1522;;421
2025-02-27T09:56:50Z;-1435;1696;174
2025-02-27T09:56:52Z;-1164;;532
2025-02-27T09:56:53Z;-1216;;480
2025-02-27T09:56:54Z;-1433;1444;263
2025-02-27T09:56:55Z;-1268;;176
2025-02-27T09:56:59Z;;1234;-34
2025-02-27T09:57:00Z;-911;;323
2025-02-27T09:57:22Z;-896;;338
2025-02-27T09:57:26Z;-1045;1272;189
2025-02-27T09:57:28Z;;1774;729
2025-02-27T09:57:30Z;;1914;869
2025-02-27T09:57:31Z;;1771;726
2025-02-27T09:57:32Z;-1585;;186
2025-02-27T09:57:33Z;-1111;1283;660
2025-02-27T09:57:35Z;;1167;56
2025-02-27T09:57:37Z;-902;;265
2025-02-27T09:58:38Z;-869;;298
2025-02-27T09:58:41Z;;1247;378
2025-02-27T09:58:43Z;;1145;276
2025-02-27T09:58:45Z;-1040;1245;205
2025-02-27T09:58:46Z;-1224;;21
2025-02-27T09:58:50Z;;1123;-101
2025-02-27T09:58:52Z;-905;;218
2025-02-27T09:59:14Z;;898;-7
2025-02-27T09:59:22Z;;901;-4
2025-02-27T09:59:24Z;;899;-6
2025-02-27T09:59:26Z;;925;20
2025-02-27T09:59:30Z;;1281;376
2025-02-27T09:59:31Z;-872;;409
2025-02-27T09:59:32Z;-822;1127;459
2025-02-27T09:59:35Z;;826;4
2025-02-27T09:59:37Z;-602;;224
2025-02-27T10:00:01Z;;678;76
2025-02-27T10:00:07Z;-564;;114
2025-02-27T10:00:29Z;-601;;77
2025-02-27T10:00:35Z;-734;932;-56
2025-02-27T10:00:36Z;-1278;;-346
2025-02-27T10:00:38Z;-2379;;-1447
2025-02-27T10:00:39Z;;1559;-820
2025-02-27T10:00:40Z;;2063;-316
2025-02-27T10:00:42Z;;2655;276
2025-02-27T10:00:44Z;;2837;458
2025-02-27T10:00:55Z;;2760;381
2025-02-27T10:00:57Z;-2589;2829;171
2025-02-27T10:00:59Z;-2038;2513;791
2025-02-27T10:01:01Z;-2384;;129
2025-02-27T10:01:03Z;;2704;320
2025-02-27T10:01:05Z;-1767;2586;937
2025-02-27T10:01:07Z;;2365;598
2025-02-27T10:01:09Z;;2570;803
2025-02-27T10:01:11Z;;2294;527
2025-02-27T10:01:12Z;-1396;1927;898
2025-02-27T10:01:14Z;;1548;152
2025-02-27T10:01:15Z;-989;;559
2025-02-27T10:01:16Z;-835;;713
2025-02-27T10:01:18Z;;1155;320
2025-02-27T10:01:42Z;-873;;282
2025-02-27T10:01:45Z;-1038;1243;205
2025-02-27T10:01:47Z;-2117;;-874
2025-02-27T10:01:48Z;-2684;;-1441
2025-02-27T10:01:49Z;-2447;;-1204
2025-02-27T10:01:50Z;;1549;-898
2025-02-27T10:01:52Z;;2455;8
2025-02-27T10:01:53Z;-2096;;359
2025-02-27T10:01:54Z;;2920;824
2025-02-27T10:01:55Z;-1099;2602;1821
2025-02-27T10:01:57Z;;2042;943
2025-02-27T10:01:59Z;;2324;1225
2025-02-27T10:02:01Z;;1658;559
2025-02-27T10:02:02Z;;1246;147
2025-02-27T10:02:03Z;-586;;660
2025-02-27T10:02:04Z;;1000;414
2025-02-27T10:02:06Z;;893;307
2025-02-27T10:02:31Z;-597;;296
2025-02-27T10:02:32Z;-606;;287
2025-02-27T10:02:33Z;-592;;301
2025-02-27T10:02:35Z;-1375;1724;-482
2025-02-27T10:02:37Z;-2449;2646;197
2025-02-27T10:02:39Z;-2445;;201
2025-02-27T10:02:40Z;-2477;;169
2025-02-27T10:02:41Z;;2709;232
2025-02-27T10:02:43Z;;2599;122
2025-02-27T10:02:44Z;;2227;-250
2025-02-27T10:02:45Z;-2069;;158
2025-02-27T10:02:46Z;;1884;-185
2025-02-27T10:02:47Z;;1764;-305
2025-02-27T10:02:49Z;-1688;1978;76
2025-02-27T10:02:50Z;-1713;;265
2025-02-27T10:02:51Z;-1956;;22
2025-02-27T10:02:52Z;-1893;;85
2025-02-27T10:02:54Z;-1237;;741
2025-02-27T10:02:55Z;-1268;;710
2025-02-27T10:02:56Z;;2547;1279
2025-02-27T10:02:57Z;-1025;;1522
2025-02-27T10:02:59Z;-989;2179;1154
2025-02-27T10:03:00Z;-1461;;718
2025-02-27T10:03:02Z;-2436;;-257
2025-02-27T10:03:03Z;-2362;;-183
2025-02-27T10:03:05Z;-1778;2038;-324
2025-02-27T10:03:06Z;;2117;339
2025-02-27T10:03:08Z;;1804;26
2025-02-27T10:03:09Z;-1480;1394;324
2025-02-27T10:03:11Z;-1150;1074;244
2025-02-27T10:03:13Z;-690;2457;384
2025-02-27T10:03:15Z;;2457;1767
2025-02-27T10:03:17Z;;2327;1637
2025-02-27T10:03:18Z;;1755;1065
2025-02-27T10:03:19Z;-665;;1090
2025-02-27T10:03:20Z;;1650;985
2025-02-27T10:03:22Z;;1286;621
2025-02-27T10:03:23Z;;928;263
2025-02-27T10:03:25Z;-537;880;391
2025-02-27T10:03:27Z;;1453;916
2025-02-27T10:03:29Z;;1165;628
2025-02-27T10:03:31Z;-1574;825;288
2025-02-27T10:03:32Z;;1172;-402
2025-02-27T10:03:34Z;;1824;250
2025-02-27T10:03:35Z;-1865;;-41
2025-02-27T10:03:36Z;-1761;2274;409
2025-02-27T10:03:37Z;-1960;;314
2025-02-27T10:03:38Z;;2046;86
2025-02-27T10:03:39Z;-1954;;92
2025-02-27T10:03:40Z;-1863;;183
2025-02-27T10:03:43Z;;1757;-106
2025-02-27T10:03:45Z;;1729;-134
2025-02-27T10:03:46Z;;1853;-10
2025-02-27T10:03:48Z;;2194;331
2025-02-27T10:03:50Z;;2424;561
2025-02-27T10:03:52Z;;2136;273
2025-02-27T10:03:54Z;;2096;233
2025-02-27T10:05:50Z;-2065;2262;31
2025-02-27T10:05:51Z;-2184;;78
2025-02-27T10:05:54Z;;2426;242
2025-02-27T10:05:56Z;;2188;4
2025-02-27T10:05:57Z;-1996;2412;192
2025-02-27T10:06:01Z;-2158;;254
2025-02-27T10:06:28Z;-2161;2358;251
2025-02-27T10:06:30Z;-2094;2041;264
2025-02-27T10:06:32Z;;2356;262
2025-02-27T10:06:34Z;;2507;413
2025-02-27T10:06:46Z;;2397;303
2025-02-27T10:06:48Z;;2516;422
2025-02-27T10:06:51Z;;2345;251
2025-02-27T10:06:52Z;-1851;;494
2025-02-27T10:06:53Z;;2032;181
2025-02-27T10:06:54Z;-1914;;118
2025-02-27T10:06:56Z;;2152;238
2025-02-27T10:06:58Z;;2490;576
2025-02-27T10:07:23Z;;2385;471
2025-02-27T10:07:25Z;;2438;524
2025-02-27T10:07:27Z;;2178;264
2025-02-27T10:07:29Z;-2007;;171
2025-02-27T10:07:30Z;-2111;2518;67
2025-02-27T10:07:37Z;-2165;2366;201
2025-02-27T10:07:42Z;-2237;2484;129
2025-02-27T10:08:18Z;;2335;98
2025-02-27T10:08:20Z;;2411;174
2025-02-27T10:08:45Z;;2370;133
2025-02-27T10:08:47Z;;2445;208
2025-02-27T10:09:45Z;-2039;2229;406
2025-02-27T10:09:47Z;;2088;49
2025-02-27T10:09:48Z;-1758;;330
2025-02-27T10:09:50Z;-1917;2144;171
2025-02-27T10:09:52Z;-2175;2406;-31
2025-02-27T10:09:54Z;-1956;2357;450
2025-02-27T10:09:56Z;-2116;;241
2025-02-27T10:09:57Z;-2087;;270
2025-02-27T10:10:01Z;-2183;2406;174
2025-02-27T10:10:26Z;-1904;2090;186
2025-02-27T10:10:29Z;-2108;;-18
2025-02-27T10:10:30Z;-2078;;12
2025-02-27T10:10:36Z;-1766;1958;324
2025-02-27T10:10:38Z;-1876;;82
2025-02-27T10:10:39Z;;2170;294
2025-02-27T10:10:40Z;-2189;;-19
2025-02-27T10:10:41Z;;2425;236
2025-02-27T10:12:08Z;-2094;2294;331
2025-02-27T10:12:09Z;-2254;;40
2025-02-27T10:12:13Z;;2491;237
2025-02-27T10:12:50Z;;2386;132
2025-02-27T10:12:52Z;;2484;230
2025-02-27T10:13:31Z;;2357;103
2025-02-27T10:13:33Z;-1844;2026;513
2025-02-27T10:13:34Z;-1454;;572
2025-02-27T10:13:35Z;;1600;146
2025-02-27T10:13:36Z;-845;;755
2025-02-27T10:13:37Z;;996;151
2025-02-27T10:13:38Z;;736;-109
2025-02-27T10:13:40Z;-561;;175
2025-02-27T10:13:41Z;;675;114
2025-02-27T10:13:42Z;-856;;-181
2025-02-27T10:13:43Z;-1793;607;-249
2025-02-27T10:13:45Z;;618;-1175
2025-02-27T10:13:46Z;;2063;270
2025-02-27T10:13:47Z;-2166;;-103
2025-02-27T10:13:49Z;;2394;228
2025-02-27T10:13:51Z;;2432;266
2025-02-27T10:13:52Z;;2421;255
2025-02-27T10:13:58Z;;2396;230
2025-02-27T10:14:00Z;;2407;241
2025-02-27T10:14:39Z;-1998;2180;409
2025-02-27T10:14:40Z;-1384;;796
2025-02-27T10:14:42Z;;1513;129
2025-02-27T10:14:43Z;-767;;746
2025-02-27T10:14:45Z;;1011;244
2025-02-27T10:14:47Z;-666;881;345
2025-02-27T10:14:48Z;-623;;258
2025-02-27T10:14:51Z;;1306;683
2025-02-27T10:14:53Z;;1306;683
2025-02-27T10:14:55Z;;1108;485
2025-02-27T10:14:56Z;;835;212
2025-02-27T10:14:59Z;;935;312
2025-02-27T10:15:01Z;-687;2021;1334
2025-02-27T10:15:04Z;;670;-17
2025-02-27T10:15:05Z;-1724;2261;-1054
2025-02-27T10:15:07Z;;2491;767
2025-02-27T10:15:08Z;-1724;;767
2025-02-27T10:15:16Z;;2396;672
2025-02-27T10:15:18Z;;2405;681
2025-02-27T10:15:20Z;;2378;654
2025-02-27T10:15:22Z;;2410;686
2025-02-27T10:15:28Z;-2168;2370;242
2025-02-27T10:15:30Z;-2203;2424;167
2025-02-27T10:15:39Z;;2397;194
2025-02-27T10:15:41Z;;2407;204
2025-02-27T10:15:46Z;;2391;188
2025-02-27T10:15:48Z;;2402;199
2025-02-27T10:15:57Z;;2396;193
2025-02-27T10:15:58Z;;2401;198
2025-02-27T10:17:25Z;;2386;183
2025-02-27T10:17:27Z;;2465;262
2025-02-27T10:17:30Z;;2308;105
2025-02-27T10:17:31Z;-1872;;436
2025-02-27T10:17:32Z;-1490;;818
2025-02-27T10:17:33Z;-848;;1460
2025-02-27T10:17:34Z;;2054;1206
2025-02-27T10:17:35Z;;991;143
2025-02-27T10:17:37Z;;991;143
2025-02-27T10:17:38Z;-628;;363
2025-02-27T10:17:47Z;-652;;339
2025-02-27T10:17:55Z;-1409;1750;-418
2025-02-27T10:17:56Z;-1979;;-229
2025-02-27T10:17:58Z;;2187;208
2025-02-27T10:18:01Z;-2142;;45
2025-02-27T10:18:02Z;;2403;261
2025-02-27T10:18:04Z;;2378;236
2025-02-27T10:18:21Z;-2136;;242
2025-02-27T10:18:24Z;;2037;-99
2025-02-27T10:18:26Z;-2044;;-7
2025-02-27T10:18:27Z;;2198;154
2025-02-27T10:18:28Z;-2131;;67
2025-02-27T10:18:30Z;-2136;;62
2025-02-27T10:18:35Z;-2098;;100
2025-02-27T10:18:36Z;-2072;;126
2025-02-27T10:18:50Z;-2129;;69
2025-02-27T10:18:52Z;-2127;;71
2025-02-27T10:19:53Z;-2044;;154
2025-02-27T10:19:54Z;-1972;;226
2025-02-27T10:19:55Z;;2087;115
2025-02-27T10:19:58Z;-2076;;11
2025-02-27T10:20:00Z;;2233;157
2025-02-27T10:20:01Z;-2079;;154
2025-02-27T10:20:26Z;-2078;;155
2025-02-27T10:20:27Z;-1670;;563
2025-02-27T10:20:28Z;;1978;308
2025-02-27T10:20:30Z;;1750;80
2025-02-27T10:20:31Z;;1929;259
2025-02-27T10:20:32Z;-1803;;126
2025-02-27T10:22:10Z;-1976;2017;-47
2025-02-27T10:22:12Z;-1729;;288
2025-02-27T10:22:13Z;;1584;-145
2025-02-27T10:22:14Z;-2220;1842;-378
2025-02-27T10:22:16Z;;2329;109
2025-02-27T10:24:03Z;-2100;;229
2025-02-27T10:24:05Z;-2105;;224
2025-02-27T10:24:11Z;-2096;;233
2025-02-27T10:24:23Z;-2098;;231
2025-02-27T10:24:25Z;-2087;;242
2025-02-27T10:24:27Z;-2106;;223
2025-02-27T10:24:29Z;-2095;;234
2025-02-27T10:24:30Z;-2095;;234
2025-02-27T10:24:37Z;-2002;;327
2025-02-27T10:25:23Z;;2098;96
2025-02-27T10:25:25Z;;2103;101
2025-02-27T10:25:27Z;;2099;97
2025-02-27T10:25:29Z;;2102;100
2025-02-27T10:25:31Z;;2099;97
2025-02-27T10:29:45Z;;1730;-272
2025-02-27T10:29:46Z;-1832;;-102
2025-02-27T10:29:47Z;;1460;-372
2025-02-27T10:29:49Z;;1591;-241
2025-02-27T10:29:51Z;;2033;201
2025-02-27T10:29:53Z;-1474;;559
2025-02-27T10:29:54Z;-1464;;569
2025-02-27T10:30:01Z;;2028;564
2025-02-27T10:30:05Z;-1968;;60
2025-02-27T10:30:11Z;;2117;149
2025-02-27T10:31:35Z;;2098;130
2025-02-27T10:31:58Z;;2101;133
2025-02-27T10:32:00Z;;2094;126
2025-02-27T10:32:02Z;;2109;141
2025-02-27T10:32:23Z;;2098;130
2025-02-27T10:32:27Z;;2102;134
2025-02-27T10:32:29Z;;2068;100
2025-02-27T10:32:31Z;;2100;132
2025-02-27T10:32:35Z;;2093;125
2025-02-27T10:32:41Z;;2105;137
2025-02-27T10:32:43Z;;2096;128
2025-02-27T10:32:45Z;;2109;141
2025-02-27T10:32:48Z;;2099;131
2025-02-27T10:32:50Z;;2110;142
2025-02-27T10:32:53Z;;2086;118
2025-02-27T10:32:55Z;;2088;120
2025-02-27T10:33:09Z;;2075;107
2025-02-27T10:33:11Z;;2121;153
2025-02-27T10:33:19Z;;2094;126
2025-02-27T10:33:28Z;;2101;133
2025-02-27T10:33:30Z;;2098;130
2025-02-27T10:33:32Z;;2101;133
2025-02-27T10:33:34Z;;2097;129
2025-02-27T10:33:35Z;;2102;134
2025-02-27T10:33:36Z;-1659;;443
2025-02-27T10:33:37Z;-1402;2072;413
2025-02-27T10:33:39Z;;1700;298
2025-02-27T10:33:41Z;;1456;54
2025-02-27T10:33:42Z;;1761;359
2025-02-27T10:33:44Z;-1646;;115
2025-02-27T10:33:45Z;-1873;1994;348
2025-02-27T10:33:47Z;;2143;270
2025-02-27T10:34:39Z;;2098;225
2025-02-27T10:34:43Z;-1814;;284
2025-02-27T10:34:44Z;;1772;-42
2025-02-27T10:34:46Z;-1671;1457;101
2025-02-27T10:34:48Z;-1591;1712;-134
2025-02-27T10:34:50Z;;1956;365
2025-02-27T10:35:04Z;;2127;536
2025-02-27T10:35:10Z;;2056;465
2025-02-27T10:35:11Z;-1819;;237
2025-02-27T10:35:13Z;;1705;-114
2025-02-27T10:35:14Z;-1004;;701
2025-02-27T10:35:17Z;-972;1266;294
2025-02-27T10:35:18Z;-1226;;40
2025-02-27T10:35:20Z;-2005;1062;-164
2025-02-27T10:35:23Z;;1351;-654
2025-02-27T10:35:25Z;;1800;-205
2025-02-27T10:35:27Z;;2116;111
2025-02-27T10:35:48Z;;2094;89
2025-02-27T10:36:17Z;-1755;;339
2025-02-27T10:36:18Z;-1459;;635
2025-02-27T10:36:19Z;;1515;56
2025-02-27T10:36:21Z;;1294;-165
2025-02-27T10:36:22Z;;1185;-274
2025-02-27T10:36:23Z;-1129;;56
2025-02-27T10:36:24Z;;1519;390
2025-02-27T10:36:26Z;;1889;760
2025-02-27T10:36:29Z;-1381;;508
2025-02-27T10:36:30Z;-1783;;106
2025-02-27T10:36:32Z;-1853;;36
2025-02-27T10:36:59Z;-1643;;246
2025-02-27T10:37:01Z;-1842;;47
2025-02-27T10:37:02Z;-1549;;340
2025-02-27T10:37:04Z;-1198;;691
2025-02-27T10:37:05Z;;1593;395
2025-02-27T10:37:07Z;;1248;50
2025-02-27T10:37:09Z;;1091;-107
2025-02-27T10:37:10Z;-1117;1213;-26
2025-02-27T10:37:11Z;-1290;;-77
2025-02-27T10:37:13Z;-1367;;-154
2025-02-27T10:37:14Z;;1626;259
2025-02-27T10:37:15Z;;1425;58
2025-02-27T10:37:17Z;-1761;1500;-261
2025-02-27T10:37:19Z;;1872;111
2025-02-27T10:37:21Z;;2103;342
2025-02-27T10:37:23Z;;2073;312
2025-02-27T10:37:24Z;;2101;340
2025-02-27T10:37:29Z;;2095;334
2025-02-27T10:37:35Z;;2106;345
2025-02-27T10:37:37Z;;2094;333
2025-02-27T10:37:39Z;;2102;341
2025-02-27T10:37:43Z;;2098;337
2025-02-27T10:37:47Z;;2102;341
2025-02-27T10:37:54Z;;2028;267
2025-02-27T10:37:55Z;-1878;;150
2025-02-27T10:37:57Z;-1709;;319
2025-02-27T10:37:58Z;;1490;-219
2025-02-27T10:37:59Z;-1122;;368
2025-02-27T10:38:00Z;;1146;24
2025-02-27T10:38:05Z;;842;-280
2025-02-27T10:38:12Z;-567;;275
2025-02-27T10:38:13Z;-597;;245
2025-02-27T10:38:14Z;-618;;224
2025-02-27T10:38:16Z;-614;;228
2025-02-27T10:38:34Z;-856;941;85
2025-02-27T10:38:35Z;-1040;;-99
2025-02-27T10:38:37Z;-1910;;-969
2025-02-27T10:38:39Z;;1782;-128
2025-02-27T10:38:40Z;;2011;101
2025-02-27T10:40:43Z;-1752;;259
2025-02-27T10:40:49Z;;1741;-11
2025-02-27T10:40:51Z;-1490;;251
2025-02-27T10:40:52Z;-1639;;102
2025-02-27T10:40:53Z;;1855;216
2025-02-27T10:40:56Z;-1826;;29
2025-02-27T10:40:58Z;-1770;;85
2025-02-27T10:41:00Z;;1811;41
2025-02-27T10:41:03Z;;1837;67
2025-02-27T10:41:04Z;-1819;;18
2025-02-27T10:41:05Z;-1790;;47
2025-02-27T10:41:07Z;-1812;;25
2025-02-27T10:41:08Z;-1781;;56
2025-02-27T10:41:09Z;-1804;;33
2025-02-27T10:41:43Z;-1823;;14
2025-02-27T10:41:44Z;;1830;7
2025-02-27T10:41:49Z;-1824;1918;6
2025-02-27T10:44:02Z;-1611;1676;307
2025-02-27T10:44:03Z;-1195;;481
2025-02-27T10:44:06Z;-883;;793
2025-02-27T10:44:07Z;;1233;350
2025-02-27T10:44:09Z;;1009;126
2025-02-27T10:44:10Z;;858;-25
2025-02-27T10:44:21Z;;919;36
2025-02-27T10:44:24Z;-1074;1208;-155
2025-02-27T10:44:25Z;-1705;;-497
2025-02-27T10:44:27Z;-1866;;-658
2025-02-27T10:44:29Z;;1828;-38
2025-02-27T10:45:01Z;;2018;152
2025-02-27T10:45:05Z;-1933;;85
2025-02-27T10:45:13Z;;2104;171
2025-02-27T10:45:41Z;-2106;;-2
2025-02-27T10:45:44Z;-2110;;-6
2025-02-27T10:45:45Z;;2052;-58
2025-02-27T10:45:46Z;-1758;;294
2025-02-27T10:45:47Z;;1289;-469
2025-02-27T10:45:48Z;-1459;;-170
2025-02-27T10:45:49Z;;1616;157
2025-02-27T10:45:50Z;-2158;;-542
2025-02-27T10:45:52Z;;2088;-70
2025-02-27T10:47:09Z;-2064;;24
2025-02-27T10:47:10Z;;2077;13
2025-02-27T10:47:11Z;-1891;;186
2025-02-27T10:47:13Z;-1942;;135
2025-02-27T10:47:15Z;-2152;2255;-75
2025-02-27T10:47:20Z;;1934;-218
2025-02-27T10:47:22Z;;2298;146
2025-02-27T10:47:30Z;;2414;262
2025-02-27T10:49:06Z;-2421;;-7
2025-02-27T10:49:08Z;-2322;;92
2025-02-27T10:49:09Z;-2383;;31
2025-02-27T10:49:15Z;;2082;-301
2025-02-27T10:49:16Z;-2375;;-293
2025-02-27T10:49:17Z;-2008;1668;74
2025-02-27T10:49:18Z;-1330;;338
2025-02-27T10:49:19Z;-1097;;571
2025-02-27T10:49:20Z;;1402;305
2025-02-27T10:49:21Z;;1153;56
2025-02-27T10:49:23Z;;868;-229
2025-02-27T10:49:25Z;;900;-197
2025-02-27T10:49:26Z;-847;;53
2025-02-27T10:49:28Z;-938;;-38
2025-02-27T10:49:29Z;-907;;-7
2025-02-27T10:49:30Z;;898;-9
2025-02-27T10:49:32Z;-886;911;4
2025-02-27T10:49:33Z;-932;;-21
2025-02-27T10:49:34Z;-1904;;-993
2025-02-27T10:49:36Z;-2439;2499;-1528
2025-02-27T10:49:38Z;;2499;60
2025-02-27T10:49:43Z;-2300;;199
2025-02-27T10:49:44Z;-2150;;349
2025-02-27T10:49:46Z;-1752;;747
2025-02-27T10:49:47Z;;2247;495
2025-02-27T10:49:49Z;;1969;217
2025-02-27T10:49:51Z;;2312;560
2025-02-27T10:49:53Z;-2210;;102
2025-02-27T10:49:54Z;;2488;278
2025-02-27T10:49:55Z;-2451;;37
2025-02-27T10:49:58Z;-2409;;79
2025-02-27T10:50:01Z;-2414;;74
2025-02-27T10:50:59Z;-2395;;93
2025-02-27T10:51:00Z;;2233;-162
2025-02-27T10:51:01Z;-1619;;614
2025-02-27T10:51:02Z;-1526;;707
2025-02-27T10:51:03Z;-1263;;970
2025-02-27T10:51:04Z;;1684;421
2025-02-27T10:51:06Z;;1327;64
2025-02-27T10:51:07Z;;1132;-131
2025-02-27T10:51:08Z;-1796;;-664
2025-02-27T10:51:09Z;-2520;;-1388
2025-02-27T10:51:11Z;;1921;-599
2025-02-27T10:51:13Z;;2648;128
2025-02-27T10:52:38Z;-2508;2199;140
2025-02-27T10:52:40Z;;1905;-603
2025-02-27T10:52:42Z;;1713;-795
2025-02-27T10:52:44Z;;1920;-588
2025-02-27T10:52:45Z;-1827;;93
2025-02-27T10:52:46Z;-1627;;293
2025-02-27T10:52:47Z;;2114;487
2025-02-27T10:52:49Z;;2513;886
2025-02-27T10:52:50Z;-1607;;906
2025-02-27T10:52:51Z;-1820;;693
2025-02-27T10:52:52Z;-2394;;119
2025-02-27T10:53:06Z;-2340;;173
2025-02-27T10:53:07Z;;2343;3
2025-02-27T10:53:09Z;-1741;1817;602
2025-02-27T10:53:13Z;;1590;-151
2025-02-27T10:53:15Z;;2262;521
2025-02-27T10:53:16Z;-2154;;108
2025-02-27T10:53:17Z;-1787;2027;-127
2025-02-27T10:53:18Z;-2419;;-392
2025-02-27T10:53:19Z;;2419;0
2025-02-27T10:53:30Z;-2388;;31
2025-02-27T10:53:31Z;-2389;;30
2025-02-27T10:53:33Z;-2177;2255;242
2025-02-27T10:53:35Z;;1800;-377
2025-02-27T10:53:37Z;-1722;1570;-607
2025-02-27T10:53:38Z;-979;;591
2025-02-27T10:53:39Z;;1294;315
2025-02-27T10:53:40Z;-861;;433
2025-02-27T10:53:41Z;-960;;334
2025-02-27T10:53:43Z;;1046;86
2025-02-27T10:53:45Z;-1300;;-254
2025-02-27T10:53:46Z;;1305;5
2025-02-27T10:53:47Z;-1218;;87
2025-02-27T10:53:50Z;;1661;443
2025-02-27T10:53:51Z;;1288;70
2025-02-27T10:53:53Z;-1009;1014;279
2025-02-27T10:53:54Z;-2323;;-1309
2025-02-27T10:53:55Z;;1720;-603
2025-02-27T10:53:57Z;;2441;118
2025-02-27T10:53:58Z;-2414;;27
2025-02-27T10:53:59Z;;2353;-61
2025-02-27T10:54:00Z;;2533;119
2025-02-27T10:54:02Z;-2174;;359
2025-02-27T10:54:03Z;;2692;518
2025-02-27T10:54:04Z;;2728;554
2025-02-27T10:54:06Z;;2262;88
2025-02-27T10:54:08Z;;2421;247
2025-02-27T10:54:09Z;-2231;2329;190
2025-02-27T10:54:11Z;;1841;-390
2025-02-27T10:54:13Z;-2165;2299;68
2025-02-27T10:54:14Z;-2503;;-204
2025-02-27T10:54:17Z;;2483;-20
2025-02-27T10:55:24Z;;2714;211
2025-02-27T10:55:55Z;;2690;187
2025-02-27T10:55:56Z;-2198;;492
2025-02-27T10:55:57Z;-1464;;1226
2025-02-27T10:55:58Z;-1561;1543;79
2025-02-27T10:56:00Z;-2120;;-577
2025-02-27T10:56:02Z;;2226;106
2025-02-27T10:56:03Z;;2430;310
2025-02-27T10:56:04Z;-2628;;-198
2025-02-27T10:56:05Z;;2364;-264
2025-02-27T10:56:07Z;;2749;121
2025-02-27T10:56:11Z;;2693;65
2025-02-27T10:56:12Z;-2700;;-7
2025-02-27T10:56:13Z;-2682;;11
2025-02-27T10:56:14Z;;2822;140
2025-02-27T10:56:32Z;;2696;14
2025-02-27T10:57:09Z;;2709;27
2025-02-27T10:57:12Z;;2699;17
2025-02-27T10:57:16Z;;2702;20
2025-02-27T10:57:48Z;-2706;;-4
2025-02-27T10:58:24Z;;2997;291
2025-02-27T10:58:26Z;;3014;308
2025-02-27T10:58:31Z;;2498;-208
2025-02-27T10:58:33Z;-2386;2080;112
2025-02-27T10:58:34Z;-1987;;93
2025-02-27T10:58:36Z;-1777;1786;303
2025-02-27T10:58:38Z;;1445;-332
2025-02-27T10:58:39Z;-1503;;-58
2025-02-27T10:58:40Z;-1574;;-129
2025-02-27T10:58:42Z;;1589;15
2025-02-27T10:58:44Z;;1411;-163
2025-02-27T10:58:46Z;;1540;-34
2025-02-27T10:58:48Z;;1912;338
2025-02-27T10:58:49Z;-1644;;268
2025-02-27T10:58:50Z;-1942;2313;-30
2025-02-27T10:58:51Z;-1928;;385
2025-02-27T10:58:53Z;-2138;;175
2025-02-27T10:58:54Z;;2021;-117
2025-02-27T10:58:56Z;;2144;6
2025-02-27T10:58:57Z;-2781;;-637
2025-02-27T10:58:58Z;-2650;;-506
2025-02-27T10:58:59Z;;2612;-38
2025-02-27T10:59:01Z;;2906;256
2025-02-27T10:59:03Z;;2047;-603
2025-02-27T10:59:05Z;;2047;-603
2025-02-27T10:59:07Z;;1295;-1355
2025-02-27T10:59:08Z;-2655;;-1360
2025-02-27T10:59:10Z;-1220;;75
2025-02-27T10:59:11Z;;1391;171
2025-02-27T10:59:14Z;-928;;463
2025-02-27T10:59:15Z;-1027;1487;364
2025-02-27T10:59:17Z;-1116;1190;371
2025-02-27T10:59:18Z;-1181;;9
2025-02-27T10:59:19Z;;1258;77
2025-02-27T10:59:20Z;-2443;;-1185
2025-02-27T10:59:22Z;-2799;1725;-1541
2025-02-27T10:59:24Z;;2793;-6
2025-02-27T10:59:26Z;;2793;-6
2025-02-27T10:59:31Z;-2610;;183
2025-02-27T10:59:32Z;;2302;-308
2025-02-27T10:59:33Z;-2201;;101
2025-02-27T10:59:34Z;-1534;;768
2025-02-27T10:59:35Z;;1934;400
2025-02-27T10:59:37Z;;1614;80
2025-02-27T10:59:38Z;;1092;-442
2025-02-27T10:59:39Z;-1206;;-114
2025-02-27T10:59:40Z;;1165;-41
2025-02-27T10:59:42Z;;1944;738
2025-02-27T10:59:43Z;-1385;;559
2025-02-27T10:59:44Z;-2349;;-405
2025-02-27T10:59:46Z;;2461;112
2025-02-27T10:59:48Z;-2554;2294;-55
2025-02-27T10:59:49Z;-1718;;576
2025-02-27T10:59:50Z;;1805;87
2025-02-27T10:59:52Z;;1540;-178
2025-02-27T10:59:53Z;;1416;-302
2025-02-27T10:59:54Z;-1451;;-35
2025-02-27T10:59:55Z;-1266;1654;150
2025-02-27T10:59:57Z;;1876;610
2025-02-27T10:59:59Z;-1989;;-113
2025-02-27T11:00:00Z;-2616;;-740
2025-02-27T11:00:01Z;;2734;118
2025-02-27T11:00:04Z;;2701;85
2025-02-27T11:00:05Z;-2656;;45
2025-02-27T11:00:10Z;;2620;-36
2025-02-27T11:00:12Z;;2713;57
2025-02-27T11:00:14Z;;2654;-2
2025-02-27T11:00:15Z;-2424;;230
2025-02-27T11:00:17Z;-2578;;76
2025-02-27T11:00:18Z;-2658;;-4
2025-02-27T11:00:20Z;;2502;-156
2025-02-27T11:00:22Z;;2502;-156
2025-02-27T11:00:23Z;-1420;1499;1082
2025-02-27T11:00:25Z;;1256;-164
2025-02-27T11:00:27Z;-1172;;84
2025-02-27T11:00:28Z;;1179;7
2025-02-27T11:00:31Z;-1328;1422;250
2025-02-27T11:00:33Z;-1139;;283
2025-02-27T11:00:35Z;;1527;388
2025-02-27T11:00:37Z;;1212;73
2025-02-27T11:00:38Z;-1302;;-90
2025-02-27T11:00:39Z;-2551;;-1339
2025-02-27T11:00:40Z;-2388;1104;-1447
2025-02-27T11:00:42Z;;1386;-1002
2025-02-27T11:00:43Z;;2688;300
2025-02-27T11:00:45Z;;2359;-29
2025-02-27T11:00:46Z;;2008;-380
2025-02-27T11:00:48Z;;1736;-652
2025-02-27T11:00:49Z;-1654;;82
2025-02-27T11:00:50Z;;1344;-310
2025-02-27T11:00:52Z;;970;-684
2025-02-27T11:00:53Z;-1274;;-304
2025-02-27T11:00:54Z;-901;872;69
2025-02-27T11:00:58Z;-803;;69
2025-02-27T11:01:02Z;-968;1044;-96
2025-02-27T11:01:04Z;-2421;;-1377
2025-02-27T11:01:06Z;;1737;-684
2025-02-27T11:01:08Z;;2537;116
2025-02-27T11:01:10Z;;2700;279
2025-02-27T11:01:11Z;;2727;306
2025-02-27T11:01:13Z;;2713;292
2025-02-27T11:01:15Z;;2664;243
2025-02-27T11:01:46Z;;2704;283
2025-02-27T11:01:49Z;;2695;274
2025-02-27T11:01:52Z;-2552;;143
2025-02-27T11:01:53Z;;2354;-198
2025-02-27T11:01:54Z;-1831;;523
2025-02-27T11:01:57Z;-1601;1920;753
2025-02-27T11:01:59Z;;1930;329
2025-02-27T11:02:01Z;;1687;86
2025-02-27T11:02:03Z;-1131;1868;267
2025-02-27T11:02:04Z;-1134;;734
2025-02-27T11:02:05Z;-2539;;-671
2025-02-27T11:02:09Z;;2720;181
2025-02-27T11:02:11Z;-2185;2277;92
2025-02-27T11:02:15Z;;1616;-569
2025-02-27T11:02:17Z;-1630;1805;-380
2025-02-27T11:02:18Z;-1366;;439
2025-02-27T11:02:21Z;-927;;878
2025-02-27T11:02:35Z;-753;;1052
2025-02-27T11:02:38Z;-1102;;703
2025-02-27T11:02:39Z;-1664;;141
2025-02-27T11:02:43Z;-1614;;191
2025-02-27T11:02:45Z;-2752;;-947
2025-02-27T11:02:55Z;-2708;;-903
2025-02-27T11:03:58Z;-2562;;-757
2025-02-27T11:04:01Z;-2247;;-442
2025-02-27T11:04:48Z;-2712;;-907
2025-02-27T11:04:50Z;-2651;;-846
2025-02-27T11:04:51Z;-2306;;-501
2025-02-27T11:04:52Z;-1977;;-172
2025-02-27T11:04:56Z;-1479;;326
2025-02-27T11:04:57Z;-1336;;469
2025-02-27T11:05:01Z;-982;;823
2025-02-27T11:05:03Z;-1510;;295
2025-02-27T11:05:05Z;-2654;;-849
2025-02-27T11:05:08Z;-2221;;-416
2025-02-27T11:05:09Z;-2463;;-658
2025-02-27T11:05:12Z;-2706;;-901
2025-02-27T11:05:16Z;-2664;;-859
2025-02-27T11:05:17Z;-2726;;-921
2025-02-27T11:05:25Z;-2367;;-562
2025-02-27T11:05:27Z;-1599;;206
2025-02-27T11:05:29Z;-839;;966
2025-02-27T11:05:42Z;-918;;887
2025-02-27T11:05:46Z;-894;;911
2025-02-27T11:05:49Z;-875;;930
2025-02-27T11:05:50Z;-900;;905
2025-02-27T11:06:41Z;-852;;953
2025-02-27T11:06:42Z;-993;;812
2025-02-27T11:06:44Z;-1807;;-2
2025-02-27T11:06:46Z;-1917;;-112
2025-02-27T11:06:47Z;-1477;;328
2025-02-27T11:06:48Z;-1269;;536
2025-02-27T11:06:50Z;-862;;943
2025-02-27T11:07:01Z;-610;;1195
2025-02-27T11:07:13Z;-589;;1216
2025-02-27T11:07:23Z;-1713;;92
2025-02-27T11:07:26Z;-2562;;-757
2025-02-27T11:07:31Z;-2413;;-608
2025-02-27T11:07:41Z;-2382;;-577
2025-02-27T11:07:43Z;-2444;;-639
2025-02-27T11:12:55Z;;2703;259
2025-02-27T11:12:57Z;;2692;248
2025-02-27T11:12:59Z;;2712;268
2025-02-27T11:13:14Z;-2683;;29
2025-02-27T11:13:18Z;-2078;2152;634
2025-02-27T11:13:20Z;-791;;1361
2025-02-27T11:13:22Z;;860;69
2025-02-27T11:13:31Z;;907;116
2025-02-27T11:13:33Z;;1065;274
2025-02-27T11:13:35Z;-878;2945;187
2025-02-27T11:13:37Z;;3000;2122
2025-02-27T11:13:39Z;-1705;2840;1295
2025-02-27T11:13:41Z;;2634;929
2025-02-27T11:13:42Z;;2759;1054
2025-02-27T11:13:43Z;-2719;;40
2025-02-27T11:13:44Z;-2723;;36
2025-02-27T11:13:45Z;-2846;2356;-367
2025-02-27T11:13:46Z;-1874;;482
2025-02-27T11:13:47Z;;1969;95
2025-02-27T11:13:48Z;-1356;;613
2025-02-27T11:13:49Z;;1427;71
2025-02-27T11:13:51Z;;1743;387
2025-02-27T11:13:53Z;;1815;459
2025-02-27T11:13:54Z;-1322;;493
2025-02-27T11:13:55Z;;1761;439
2025-02-27T11:13:56Z;-1013;;748
2025-02-27T11:13:57Z;;1396;383
2025-02-27T11:13:59Z;-895;1087;74
2025-02-27T11:14:00Z;;897;2
2025-02-27T11:14:52Z;;1073;178
2025-02-27T11:14:53Z;-771;;302
2025-02-27T11:14:54Z;-2132;;-1059
2025-02-27T11:14:55Z;-1765;;-692
2025-02-27T11:14:56Z;;2243;478
2025-02-27T11:14:57Z;-1209;;1034
2025-02-27T11:14:59Z;;2466;1257
2025-02-27T11:15:01Z;;1849;640
2025-02-27T11:15:02Z;-1982;;-133
2025-02-27T11:15:03Z;-2352;;-503
2025-02-27T11:15:04Z;;1286;-1066
2025-02-27T11:15:05Z;;1286;-1066
2025-02-27T11:15:06Z;-2013;;-727
2025-02-27T11:15:08Z;-1299;;-13
2025-02-27T11:15:10Z;-2163;;-877
2025-02-27T11:15:12Z;-1428;;-142
2025-02-27T11:15:15Z;-1348;;-62
2025-02-27T11:15:17Z;-1043;;243
2025-02-27T11:15:28Z;-794;;492
2025-02-27T11:15:31Z;-969;;317
2025-02-27T11:15:32Z;-862;;424
2025-02-27T11:15:34Z;-1055;;231
2025-02-27T11:15:37Z;-2817;;-1531
2025-02-27T11:15:48Z;-2678;;-1392
2025-02-27T11:15:49Z;-2256;;-970
2025-02-27T11:15:51Z;-1357;;-71
2025-02-27T11:15:56Z;-1132;;154
2025-02-27T11:16:00Z;-902;;384
2025-02-27T11:16:34Z;-854;;432
2025-02-27T11:16:36Z;-2631;;-1345
2025-02-27T11:16:38Z;-1514;;-228
2025-02-27T11:16:47Z;-604;;682
2025-02-27T11:17:42Z;-609;;677
2025-02-27T11:17:43Z;-1158;;128
2025-02-27T11:17:44Z;-2099;;-813
2025-02-27T11:17:46Z;-2522;;-1236
2025-02-27T11:18:01Z;-2609;;-1323
2025-02-27T11:18:06Z;-2506;;-1220
2025-02-27T11:18:58Z;-2703;;-1417
2025-02-27T11:19:37Z;-2685;;-1399
2025-02-27T11:19:38Z;-2716;;-1430
2025-02-27T11:19:52Z;-2699;;-1413
2025-02-27T11:19:53Z;-2703;;-1417
2025-02-27T11:20:00Z;-2703;2695;-1417
2025-02-27T11:20:04Z;-2354;2162;341
2025-02-27T11:20:05Z;-2334;1884;-172
2025-02-27T11:20:07Z;;1377;-957
2025-02-27T11:20:09Z;-1301;1083;-1251
2025-02-27T11:20:10Z;-958;;125
2025-02-27T11:20:11Z;-1315;;-232
2025-02-27T11:20:13Z;-1664;;-581
2025-02-27T11:20:15Z;;1033;-631
2025-02-27T11:20:16Z;-2066;;-1033
2025-02-27T11:20:17Z;;1761;-305
2025-02-27T11:20:18Z;;1302;-764
2025-02-27T11:20:20Z;-1561;1548;-259
2025-02-27T11:20:24Z;;2177;616
2025-02-27T11:20:25Z;-1155;;1022
2025-02-27T11:20:26Z;-1059;;1118
2025-02-27T11:20:28Z;-853;2486;1427
2025-02-27T11:20:29Z;;2129;1276
2025-02-27T11:20:31Z;;1641;788
2025-02-27T11:20:32Z;-840;;801
2025-02-27T11:20:34Z;;1438;598
2025-02-27T11:20:35Z;-1273;;165
2025-02-27T11:20:36Z;;1576;303
2025-02-27T11:20:37Z;;1336;63
2025-02-27T11:20:39Z;-2192;1125;-148
2025-02-27T11:20:41Z;;1160;-1032
2025-02-27T11:20:42Z;-2355;911;-1195
2025-02-27T11:20:44Z;;1356;-999
2025-02-27T11:20:45Z;-2426;;-1070
2025-02-27T11:20:48Z;;1639;-787
2025-02-27T11:20:50Z;;2302;-124
2025-02-27T11:20:52Z;;2573;147
2025-02-27T11:20:53Z;;2148;-278
2025-02-27T11:20:55Z;;2539;113
2025-02-27T11:20:57Z;;2707;281
2025-02-27T11:20:59Z;;2698;272
2025-02-27T11:21:00Z;;2711;285
2025-02-27T11:21:02Z;;2672;246
2025-02-27T11:21:04Z;;2334;-92
2025-02-27T11:21:06Z;-2244;1617;-809
2025-02-27T11:21:07Z;-1609;;8
2025-02-27T11:21:09Z;;1933;324
2025-02-27T11:21:11Z;;2251;642
2025-02-27T11:21:13Z;;2614;1005
2025-02-27T11:21:14Z;-1936;;678
2025-02-27T11:21:15Z;-2502;2746;810
2025-02-27T11:21:58Z;;2615;113
2025-02-27T11:21:59Z;-2364;;251
2025-02-27T11:22:00Z;-2527;;88
2025-02-27T11:22:03Z;;2704;177
2025-02-27T11:22:23Z;;2628;101
2025-02-27T11:22:25Z;;2708;181
2025-02-27T11:22:27Z;;2661;134
2025-02-27T11:22:29Z;-2146;2706;179
2025-02-27T11:22:30Z;;2611;465
2025-02-27T11:22:31Z;-2616;;-5
2025-02-27T11:22:33Z;-2317;2239;-377
2025-02-27T11:22:35Z;-1274;;965
2025-02-27T11:22:36Z;;2471;1197
2025-02-27T11:22:38Z;;2733;1459
2025-02-27T11:22:40Z;;2422;1148
2025-02-27T11:22:42Z;;1346;72
2025-02-27T11:22:43Z;;1346;72
2025-02-27T11:22:45Z;;945;-329
2025-02-27T11:22:46Z;-697;;248
2025-02-27T11:22:47Z;;774;77
2025-02-27T11:22:48Z;;978;281
2025-02-27T11:22:50Z;-991;;-13
2025-02-27T11:22:51Z;-1935;1772;-957
2025-02-27T11:22:53Z;-2267;;-495
2025-02-27T11:22:55Z;;2024;-243
2025-02-27T11:22:56Z;;1986;-281
2025-02-27T11:22:58Z;;2685;418
2025-02-27T11:23:00Z;;2751;484
2025-02-27T11:23:02Z;;2702;435
2025-02-27T11:23:21Z;-2461;;241
2025-02-27T11:23:28Z;-2447;;255
2025-02-27T11:23:43Z;-2373;;329
2025-02-27T11:23:46Z;;2196;-177
2025-02-27T11:23:48Z;-2326;2437;-130
2025-02-27T11:27:12Z;-2065;;372
2025-02-27T11:27:13Z;-2476;;-39
2025-02-27T11:27:15Z;;2167;-309
2025-02-27T11:27:16Z;;2594;118
2025-02-27T11:27:18Z;;2395;-81
2025-02-27T11:27:20Z;;2459;-17
2025-02-27T11:27:22Z;;2159;-317
2025-02-27T11:27:23Z;-2293;1980;-134
2025-02-27T11:27:24Z;-2347;;-367
2025-02-27T11:27:25Z;-1705;;275
2025-02-27T11:27:27Z;;2138;433
2025-02-27T11:27:28Z;;1975;270
2025-02-27T11:27:29Z;-2050;;-75
2025-02-27T11:27:30Z;-2415;;-440
2025-02-27T11:27:31Z;;1789;-626
2025-02-27T11:27:32Z;;1827;-588
2025-02-27T11:27:34Z;;1719;-696
2025-02-27T11:27:35Z;;2161;-254
2025-02-27T11:27:37Z;;2531;116
2025-02-27T11:27:39Z;-2511;2727;312
2025-02-27T11:27:40Z;;2691;180
2025-02-27T11:27:42Z;;1997;-514
2025-02-27T11:27:43Z;-1242;;755
2025-02-27T11:27:44Z;-850;;1147
2025-02-27T11:27:46Z;;1314;464
2025-02-27T11:27:48Z;;993;143
2025-02-27T11:27:50Z;;898;48
2025-02-27T11:27:53Z;;900;50
2025-02-27T11:28:00Z;-893;;7
2025-02-27T11:28:29Z;-2026;1780;887
2025-02-27T11:28:31Z;-1878;;-98
2025-02-27T11:28:32Z;;1836;-42
2025-02-27T11:28:33Z;-1134;;702
2025-02-27T11:28:35Z;;1965;831
2025-02-27T11:28:36Z;;1429;295
2025-02-27T11:28:38Z;;1146;12
2025-02-27T11:28:54Z;-1230;1317;-84
2025-02-27T11:28:56Z;-1580;;-263
2025-02-27T11:28:57Z;-1313;;4
2025-02-27T11:28:58Z;;1560;247
2025-02-27T11:28:59Z;-1184;1259;376
2025-02-27T11:29:03Z;;1259;75
2025-02-27T11:29:06Z;-864;;395
2025-02-27T11:29:10Z;;897;33
2025-02-27T11:29:12Z;;900;36
2025-02-27T11:29:21Z;;883;19
2025-02-27T11:30:01Z;;689;-175
2025-02-27T11:30:05Z;-613;;76
2025-02-27T11:30:09Z;-600;;89
2025-02-27T11:30:48Z;-593;;96
2025-02-27T11:30:49Z;-603;;86
2025-02-27T11:30:50Z;-598;;91
2025-02-27T11:33:15Z;-602;;87
2025-02-27T11:33:49Z;-582;;107
2025-02-27T11:33:50Z;-609;;80
2025-02-27T11:33:51Z;;1304;695
2025-02-27T11:33:52Z;-1201;;103
2025-02-27T11:33:54Z;;2626;1425
2025-02-27T11:33:58Z;;2709;1508
2025-02-27T11:33:59Z;;2690;1489
2025-02-27T11:34:00Z;;2705;1504
2025-02-27T11:34:01Z;-2336;;369
2025-02-27T11:34:03Z;-2000;;705
2025-02-27T11:34:04Z;;2698;698
2025-02-27T11:34:06Z;;2096;96
2025-02-27T11:34:07Z;;2096;96
2025-02-27T11:34:08Z;-2358;;-262
2025-02-27T11:34:09Z;;2173;-185
2025-02-27T11:34:11Z;;2468;110
2025-02-27T11:34:13Z;;2316;-42
2025-02-27T11:34:14Z;-2480;;-164
2025-02-27T11:34:15Z;;2513;33
2025-02-27T11:34:17Z;-2212;;301
2025-02-27T11:34:19Z;-1823;;690
2025-02-27T11:34:20Z;-1920;;593
2025-02-27T11:34:22Z;-2418;;95
2025-02-27T11:34:24Z;;2374;-44
2025-02-27T11:34:25Z;-2511;;-137
2025-02-27T11:34:27Z;-1536;;838
2025-02-27T11:34:29Z;-1897;;477
2025-02-27T11:34:31Z;-2046;;328
2025-02-27T11:34:32Z;-1738;;636
2025-02-27T11:34:34Z;-1158;;1216
2025-02-27T11:34:35Z;-791;;1583
2025-02-27T11:35:26Z;-596;;1778
2025-02-27T11:35:36Z;-787;;1587
2025-02-27T11:35:37Z;-1153;;1221
2025-02-27T11:35:39Z;-2514;;-140
2025-02-27T11:35:44Z;-2710;;-336
2025-02-27T11:35:46Z;-2518;;-144
2025-02-27T11:35:47Z;-2278;;96
2025-02-27T11:35:49Z;-1346;;1028
2025-02-27T11:35:51Z;-1032;;1342
2025-02-27T11:36:20Z;-843;;1531
2025-02-27T11:36:22Z;-899;;1475
2025-02-27T11:36:42Z;-1141;;1233
2025-02-27T11:36:43Z;-1729;;645
2025-02-27T11:36:44Z;-2605;;-231
2025-02-27T11:36:46Z;-2251;;123
2025-02-27T11:36:47Z;-2090;;284
2025-02-27T11:36:48Z;-2372;;2
2025-02-27T11:36:50Z;-2094;;280
2025-02-27T11:36:51Z;-1523;;851
2025-02-27T11:36:52Z;-1111;;1263
2025-02-27T11:36:56Z;-1720;;654
2025-02-27T11:36:57Z;-1922;;452
2025-02-27T11:36:58Z;-1428;;946
2025-02-27T11:37:00Z;-1003;;1371
2025-02-27T11:37:01Z;-883;;1491
2025-02-27T11:37:13Z;-1054;;1320
2025-02-27T11:37:14Z;-1764;;610
2025-02-27T11:37:15Z;-2022;;352
2025-02-27T11:37:21Z;-1932;;442
2025-02-27T11:37:23Z;-2567;;-193
2025-02-27T11:37:27Z;-2702;;-328
2025-02-27T11:37:29Z;-2664;;-290
2025-02-27T11:37:34Z;-2364;;10
2025-02-27T11:37:39Z;-2061;;313
2025-02-27T11:37:43Z;-1652;;722
2025-02-27T11:37:45Z;-1203;;1171
2025-02-27T11:37:46Z;-997;;1377
2025-02-27T11:38:03Z;-851;;1523
2025-02-27T11:38:04Z;-937;;1437
2025-02-27T11:38:05Z;-1457;;917
2025-02-27T11:38:07Z;-921;;1453
2025-02-27T11:38:11Z;-879;;1495
2025-02-27T11:38:13Z;-908;;1466
2025-02-27T11:38:15Z;-926;;1448
2025-02-27T11:38:18Z;-867;;1507
2025-02-27T11:38:49Z;-1168;;1206
2025-02-27T11:38:51Z;-1474;;900
2025-02-27T11:38:52Z;-993;;1381
2025-02-27T11:39:21Z;-1090;;1284
2025-02-27T11:39:22Z;-859;;1515
2025-02-27T11:39:23Z;-858;;1516
2025-02-27T11:39:24Z;-902;;1472
2025-02-27T11:39:30Z;;1649;747
2025-02-27T11:39:32Z;;1216;314
2025-02-27T11:39:36Z;;896;-6
2025-02-27T11:39:38Z;;909;7
2025-02-27T11:39:40Z;;895;-7
2025-02-27T11:40:16Z;-244;450;206
2025-02-27T11:40:18Z;;748;504
2025-02-27T11:40:20Z;-677;;71
2025-02-27T11:41:56Z;;904;227
2025-02-27T11:41:57Z;;899;222
2025-02-27T11:41:58Z;;904;227
2025-02-27T11:42:20Z;-894;;10
2025-02-27T11:42:29Z;;1210;316
2025-02-27T11:42:31Z;-910;;300
2025-02-27T11:42:32Z;;1105;195
2025-02-27T11:42:36Z;;894;-16
2025-02-27T11:42:38Z;;903;-7
2025-02-27T11:42:40Z;;899;-11
2025-02-27T11:42:50Z;;903;-7
2025-02-27T11:42:56Z;-887;;16
2025-02-27T11:43:07Z;-912;;-9
2025-02-27T11:43:25Z;-896;;7
2025-02-27T11:43:32Z;-1147;1225;-244
2025-02-27T11:43:37Z;;1515;368
2025-02-27T11:43:39Z;;1460;313
2025-02-27T11:43:42Z;-1517;1604;-57
2025-02-27T11:43:44Z;-1393;;211
2025-02-27T11:43:45Z;;1468;75
2025-02-27T11:43:47Z;-1215;;253
2025-02-27T11:43:50Z;;1197;-18
2025-02-27T11:43:52Z;;1224;9
2025-02-27T11:43:53Z;-1212;;12
2025-02-27T11:43:55Z;;1505;293
2025-02-27T11:43:56Z;-1509;;-4
2025-02-27T11:44:00Z;-1464;;41
2025-02-27T11:44:01Z;;1378;-86
2025-02-27T11:44:05Z;-1186;;192
2025-02-27T11:44:08Z;-1208;;170
2025-02-27T11:44:14Z;-1669;;-291
2025-02-27T11:44:15Z;;1770;101
2025-02-27T11:44:17Z;;2189;520
2025-02-27T11:44:19Z;;2421;752
2025-02-27T11:44:21Z;-2084;2234;565
2025-02-27T11:44:22Z;-2312;;-78
2025-02-27T11:44:23Z;-2049;;185
2025-02-27T11:44:24Z;;2039;-10
2025-02-27T11:44:26Z;;2161;112
2025-02-27T11:44:27Z;-2213;;-52
2025-02-27T11:44:28Z;;2525;312
2025-02-27T11:44:29Z;;2717;504
2025-02-27T11:44:31Z;;3060;847
2025-02-27T11:44:33Z;;2505;292
2025-02-27T11:44:34Z;-2416;;89
2025-02-27T11:44:35Z;-2321;1974;-442
2025-02-27T11:44:37Z;-2587;1659;-613
2025-02-27T11:44:38Z;-2924;;-1265
2025-02-27T11:44:39Z;-2402;;-743
2025-02-27T11:44:40Z;-1887;;-228
2025-02-27T11:44:41Z;-1578;;81
2025-02-27T11:44:42Z;;1468;-110
2025-02-27T11:44:47Z;-1708;1809;-240
2025-02-27T11:44:49Z;-2559;;-750
2025-02-27T11:44:50Z;-2721;2188;-371
2025-02-27T11:44:51Z;;2685;-36
2025-02-27T11:44:52Z;-2434;;251
2025-02-27T11:44:53Z;-2102;;583
2025-02-27T11:44:55Z;-1916;;769
2025-02-27T11:44:56Z;;2840;924
2025-02-27T11:44:57Z;-1588;;1252
2025-02-27T11:44:59Z;;2396;808
2025-02-27T11:45:00Z;;2548;960
2025-02-27T11:45:01Z;-2168;;380
2025-02-27T11:45:04Z;-3063;1737;-515
2025-02-27T11:45:05Z;;2189;-874
2025-02-27T11:45:07Z;;1928;-1135
2025-02-27T11:45:09Z;-2050;;-122
2025-02-27T11:45:10Z;-2788;1737;-860
2025-02-27T11:45:11Z;;1910;-878
2025-02-27T11:45:13Z;-2608;2149;-639
2025-02-27T11:45:15Z;;2913;305
2025-02-27T11:45:16Z;;3046;438
2025-02-27T11:45:18Z;;2907;299
2025-02-27T11:45:19Z;-2604;;303
2025-02-27T11:45:20Z;;3067;463
2025-02-27T11:45:21Z;;2997;393
2025-02-27T11:45:23Z;-3048;3115;511
2025-02-27T11:45:25Z;-2872;;243
2025-02-27T11:45:26Z;;3049;177
2025-02-27T11:45:29Z;-3004;3059;45
2025-02-27T11:45:30Z;-2920;;139
2025-02-27T11:45:38Z;;2964;44
2025-02-27T11:45:42Z;;2905;-15
2025-02-27T11:45:43Z;-2438;;467
2025-02-27T11:45:45Z;-2328;2431;577
2025-02-27T11:45:46Z;-1965;;466
2025-02-27T11:45:48Z;-1652;1727;779
2025-02-27T11:45:50Z;;1336;-316
2025-02-27T11:45:52Z;-1265;;71
2025-02-27T11:46:34Z;-1076;;260
2025-02-27T11:46:35Z;-1426;;-90
2025-02-27T11:46:37Z;-1569;;-233
2025-02-27T11:46:38Z;;1525;-44
2025-02-27T11:46:39Z;;1862;293
2025-02-27T11:46:41Z;-1359;1649;80
2025-02-27T11:46:42Z;-2311;;-662
2025-02-27T11:46:43Z;;1453;-858
2025-02-27T11:46:44Z;-2330;;-877
2025-02-27T11:46:45Z;-2036;;-583
2025-02-27T11:46:47Z;;1740;-296
2025-02-27T11:46:49Z;-1137;2433;397
2025-02-27T11:46:50Z;;1551;414
2025-02-27T11:46:52Z;;1551;414
2025-02-27T11:46:54Z;;1446;309
2025-02-27T11:46:56Z;;1170;33
2025-02-27T11:47:25Z;-893;;277
2025-02-27T11:47:51Z;-906;;264
2025-02-27T11:48:17Z;;1210;304
2025-02-27T11:48:18Z;-1256;;-46
2025-02-27T11:48:20Z;;1582;326
2025-02-27T11:48:21Z;-1751;;-169
2025-02-27T11:48:23Z;;1848;97
2025-02-27T11:48:25Z;;2190;439
2025-02-27T11:48:26Z;-1637;;553
2025-02-27T11:48:27Z;-1500;1897;260
2025-02-27T11:48:30Z;;1723;223
2025-02-27T11:48:32Z;;1196;-304
2025-02-27T11:48:34Z;-914;;282
2025-02-27T11:48:41Z;;899;-15
2025-02-27T11:50:31Z;;900;-14
2025-02-27T11:50:34Z;-913;;-13
2025-02-27T11:50:49Z;-904;;-4
2025-02-27T11:50:51Z;-896;;4
2025-02-27T11:50:53Z;-1016;;-116
2025-02-27T11:50:55Z;-1448;1529;-548
2025-02-27T11:50:56Z;-2303;;-774
2025-02-27T11:50:57Z;-2679;1801;-502
2025-02-27T11:51:01Z;;2406;-273
2025-02-27T11:51:02Z;;2802;123
2025-02-27T11:51:03Z;-2665;;137
2025-02-27T11:51:05Z;-2495;2609;307
2025-02-27T11:51:07Z;-1408;;1201
2025-02-27T11:51:09Z;-1457;1990;1152
2025-02-27T11:51:11Z;-2701;;-711
2025-02-27T11:51:12Z;;1490;-1211
2025-02-27T11:51:13Z;-2373;1539;-883
2025-02-27T11:51:17Z;;2036;-337
2025-02-27T11:51:18Z;;2822;449
2025-02-27T11:51:19Z;-1543;;1279
2025-02-27T11:51:20Z;;2490;947
2025-02-27T11:51:22Z;;2202;659
2025-02-27T11:51:24Z;;1631;88
2025-02-27T11:51:25Z;-968;;663
2025-02-27T11:51:26Z;;1392;424
2025-02-27T11:51:27Z;;1052;84
2025-02-27T11:51:29Z;-941;;111
2025-02-27T11:51:30Z;-1577;898;-679
2025-02-27T11:51:31Z;-2228;;-1330
2025-02-27T11:51:33Z;-2651;;-1753
2025-02-27T11:51:35Z;;916;-1735
2025-02-27T11:51:36Z;;1660;-991
2025-02-27T11:51:37Z;-2298;;-638
2025-02-27T11:51:40Z;-2557;;-897
2025-02-27T11:51:41Z;;2333;-224
2025-02-27T11:51:43Z;;2476;-81
2025-02-27T11:51:45Z;;2772;215
2025-02-27T11:51:47Z;;2682;125
2025-02-27T11:51:48Z;;2311;-246
2025-02-27T11:51:50Z;;2444;-113
2025-02-27T11:51:51Z;-2243;;201
2025-02-27T11:51:53Z;-2584;2701;-140
2025-02-27T11:51:55Z;;2552;-32
2025-02-27T11:51:57Z;;2353;-231
2025-02-27T11:51:59Z;;2702;118
2025-02-27T11:52:01Z;;2676;92
2025-02-27T11:52:02Z;;2738;154
2025-02-27T11:52:07Z;;2616;32
2025-02-27T11:52:08Z;-2326;;290
2025-02-27T11:52:09Z;-1939;;677
2025-02-27T11:52:10Z;;2037;98
2025-02-27T11:52:12Z;-1652;1744;92
2025-02-27T11:52:14Z;;1458;-194
2025-02-27T11:52:16Z;-1374;;84
2025-02-27T11:52:17Z;-1138;;320
2025-02-27T11:52:19Z;-1286;;172
2025-02-27T11:52:22Z;;1508;222
2025-02-27T11:52:23Z;-1567;;-59
2025-02-27T11:52:26Z;-1948;2041;-440
2025-02-27T11:52:28Z;;1752;-196
2025-02-27T11:52:30Z;-1946;;-194
2025-02-27T11:52:31Z;-1618;;134
2025-02-27T11:52:32Z;;1814;196
2025-02-27T11:52:33Z;-1469;;345
2025-02-27T11:52:34Z;;1701;232
2025-02-27T11:52:36Z;;1814;345
2025-02-27T11:52:38Z;-1480;;334
2025-02-27T11:52:41Z;-1274;;540
2025-02-27T11:52:43Z;;1786;512
2025-02-27T11:52:44Z;;1460;186
2025-02-27T11:52:46Z;;1174;-100
2025-02-27T11:52:48Z;-1172;1272;-2
2025-02-27T11:52:52Z;;1567;395
2025-02-27T11:52:54Z;;2135;963
2025-02-27T11:52:56Z;-2048;;87
2025-02-27T11:52:58Z;-2561;;-426
2025-02-27T11:52:59Z;-2757;;-622
2025-02-27T11:53:01Z;;2670;-87
2025-02-27T11:53:02Z;-2665;;5
2025-02-27T11:53:03Z;;2878;213
2025-02-27T11:53:05Z;-2304;2675;10
2025-02-27T11:53:06Z;;2286;-18
2025-02-27T11:53:08Z;;1898;-406
2025-02-27T11:53:10Z;;1553;-751
2025-02-27T11:53:12Z;-2182;1825;-479
2025-02-27T11:53:13Z;-1792;;33
2025-02-27T11:53:14Z;-1740;;85
2025-02-27T11:53:16Z;-2259;;-434
2025-02-27T11:53:17Z;-2149;;-324
2025-02-27T11:53:18Z;;2172;23
2025-02-27T11:53:20Z;;1900;-249
2025-02-27T11:53:22Z;;1729;-420
2025-02-27T11:53:24Z;-1641;1424;88
2025-02-27T11:53:25Z;-1517;;-93
2025-02-27T11:53:28Z;;1580;63
2025-02-27T11:53:30Z;;1491;-26
2025-02-27T11:53:32Z;-1547;1629;-56
2025-02-27T11:53:34Z;-2180;;-551
2025-02-27T11:53:36Z;-2372;;-743
2025-02-27T11:53:37Z;-1820;1907;-465
2025-02-27T11:53:39Z;-1588;;319
2025-02-27T11:53:40Z;;2278;690
2025-02-27T11:53:41Z;-1677;;601
2025-02-27T11:53:43Z;;2136;459
2025-02-27T11:53:45Z;;1918;241
2025-02-27T11:53:46Z;-1487;;431
2025-02-27T11:53:47Z;;1676;189
2025-02-27T11:53:48Z;-1386;;290
2025-02-27T11:53:50Z;;1420;34
2025-02-27T11:53:52Z;;1994;608
2025-02-27T11:53:54Z;;2164;778
2025-02-27T11:53:56Z;;2563;1177
2025-02-27T11:53:57Z;-2213;2547;350
2025-02-27T11:54:49Z;-2701;;-154
2025-02-27T11:54:53Z;-2666;;-119
2025-02-27T11:54:55Z;-2724;;-177
2025-02-27T11:55:16Z;;3004;280
2025-02-27T11:55:18Z;;2968;244
2025-02-27T11:55:20Z;;3041;317
2025-02-27T11:55:27Z;-3004;;37
2025-02-27T11:55:29Z;-2961;;80
2025-02-27T11:55:30Z;;2487;-474
2025-02-27T11:55:32Z;;2212;-749
2025-02-27T11:55:33Z;-2341;;-129
2025-02-27T11:55:34Z;-1880;1980;-361
2025-02-27T11:55:36Z;-1546;;434
2025-02-27T11:55:37Z;;1640;94
2025-02-27T11:55:38Z;;1474;-72
2025-02-27T11:55:40Z;-1468;1548;2
2025-02-27T11:55:41Z;;1399;-69
2025-02-27T11:55:44Z;-1445;;-46
2025-02-27T11:55:45Z;-1190;;209
2025-02-27T11:55:51Z;-1214;;185
2025-02-27T11:55:55Z;-1353;;46
2025-02-27T11:56:00Z;-1199;;200
2025-02-27T11:56:03Z;-1893;;-494
2025-02-27T11:56:05Z;-1737;;-338
2025-02-27T11:56:06Z;;1974;237
2025-02-27T11:56:07Z;-2779;;-805
2025-02-27T11:56:08Z;;2417;-362
2025-02-27T11:56:10Z;;2898;119
2025-02-27T11:56:11Z;-2622;;276
2025-02-27T11:56:12Z;;3040;418
2025-02-27T11:56:13Z;;2995;373
2025-02-27T11:56:15Z;-2777;;218
2025-02-27T11:56:17Z;-2674;2590;321
2025-02-27T11:56:18Z;-2477;;113
2025-02-27T11:56:20Z;;2398;-79
2025-02-27T11:56:22Z;;2440;-37
2025-02-27T11:56:23Z;-2099;;341
2025-02-27T11:56:24Z;-1827;2382;283
2025-02-27T11:56:26Z;-1875;;507
2025-02-27T11:56:27Z;;2058;183
2025-02-27T11:56:28Z;-2408;;-350
2025-02-27T11:56:30Z;-2171;2434;26
2025-02-27T11:56:31Z;;2262;91
2025-02-27T11:56:33Z;;2404;233
2025-02-27T11:56:34Z;-1559;;845
2025-02-27T11:56:36Z;-1488;2356;797
2025-02-27T11:56:37Z;;1788;300
2025-02-27T11:56:38Z;-2007;;-219
2025-02-27T11:56:39Z;;1472;-535
2025-02-27T11:56:40Z;-2474;;-1002
2025-02-27T11:56:41Z;-2659;;-1187
2025-02-27T11:56:42Z;;1672;-987
2025-02-27T11:56:43Z;-2413;;-741
2025-02-27T11:56:44Z;-2357;;-685
2025-02-27T11:56:45Z;;2172;-185
2025-02-27T11:56:46Z;;2493;136
2025-02-27T11:56:48Z;;2718;361
2025-02-27T11:56:49Z;;2587;230
2025-02-27T11:56:51Z;;2180;-177
2025-02-27T11:56:53Z;;2407;50
2025-02-27T11:56:54Z;;2110;-247
2025-02-27T11:56:56Z;;1924;-433
2025-02-27T11:56:57Z;-1703;;221
2025-02-27T11:56:58Z;;1694;-9
2025-02-27T11:56:59Z;;1917;214
2025-02-27T11:57:00Z;-1735;;182
2025-02-27T11:57:01Z;-2204;;-287
2025-02-27T11:57:02Z;-2090;;-173
2025-02-27T11:57:03Z;;2759;710
2025-02-27T11:57:04Z;-2049;;-132
2025-02-27T11:57:05Z;-2069;2445;690
2025-02-27T11:57:07Z;;2322;253
2025-02-27T11:57:08Z;;2060;-9
2025-02-27T11:57:09Z;-2082;;-22
2025-02-27T11:57:10Z;;2111;29
2025-02-27T11:57:11Z;;2058;-24
2025-02-27T11:57:14Z;;2139;57
2025-02-27T11:57:15Z;;2544;462
2025-02-27T11:57:16Z;-2128;;416
2025-02-27T11:57:17Z;-2434;;110
2025-02-27T11:57:18Z;;2866;432
2025-02-27T11:57:19Z;-2534;;332
2025-02-27T11:57:21Z;;3100;566
2025-02-27T11:57:48Z;;2970;436
2025-02-27T11:57:50Z;;2670;136
2025-02-27T11:57:52Z;-2687;2398;-17
2025-02-27T11:57:53Z;-2457;;-59
2025-02-27T11:57:54Z;-2213;;185
2025-02-27T11:57:55Z;;2437;224
2025-02-27T11:57:57Z;;1932;-281
2025-02-27T11:57:58Z;-1561;;371
2025-02-27T11:58:01Z;;1532;-29
2025-02-27T11:58:03Z;;1482;-79
2025-02-27T11:58:04Z;-1200;1506;282
2025-02-27T11:58:06Z;;1410;210
2025-02-27T11:58:09Z;-1215;;195
2025-02-27T11:58:12Z;;1545;330
2025-02-27T11:58:15Z;-1669;;-124
2025-02-27T11:58:16Z;;2052;383
2025-02-27T11:58:17Z;-2539;;-487
2025-02-27T11:58:19Z;-2390;2734;195
2025-02-27T11:58:22Z;;2622;232
2025-02-27T11:58:24Z;-2109;2369;513
2025-02-27T11:58:29Z;-2195;;174
2025-02-27T11:58:30Z;-2047;2414;219
2025-02-27T11:58:32Z;;2273;226
2025-02-27T11:58:34Z;-1820;2068;21
2025-02-27T11:58:35Z;;1700;-120
2025-02-27T11:58:36Z;-1610;;90
2025-02-27T11:58:37Z;-1485;;215
2025-02-27T11:58:39Z;-1469;;231
2025-02-27T11:58:43Z;;1498;29
2025-02-27T11:58:56Z;;1652;183
2025-02-27T11:58:57Z;-1659;;-7
2025-02-27T11:58:59Z;;1841;182
2025-02-27T11:59:00Z;-2120;2341;-279
2025-02-27T11:59:02Z;-2840;;-499
2025-02-27T11:59:03Z;;3053;213
2025-02-27T11:59:05Z;-2567;;486
2025-02-27T11:59:06Z;;2831;264
2025-02-27T11:59:09Z;-2277;;554
2025-02-27T11:59:10Z;-1958;2516;239
2025-02-27T11:59:12Z;;2182;224
2025-02-27T11:59:13Z;;2091;133
2025-02-27T11:59:15Z;;1675;-283
2025-02-27T11:59:17Z;-1452;1355;-603
2025-02-27T11:59:18Z;-1160;;195
2025-02-27T11:59:24Z;;1193;33
2025-02-27T11:59:40Z;-898;;295
2025-02-27T12:00:01Z;;1034;136
2025-02-27T12:00:05Z;-840;;194
2025-02-27T12:00:16Z;-917;;117
2025-02-27T12:00:27Z;;1279;362
2025-02-27T12:00:37Z;-1211;;68
2025-02-27T12:00:39Z;;1520;309
2025-02-27T12:00:41Z;-1241;;279
2025-02-27T12:00:42Z;;1438;197
2025-02-27T12:00:50Z;-1116;;322
2025-02-27T12:00:52Z;;1510;394
2025-02-27T12:01:03Z;-1532;;-22
2025-02-27T12:01:04Z;;1862;330
2025-02-27T12:01:06Z;;2275;743
2025-02-27T12:01:08Z;-1831;;444
2025-02-27T12:01:09Z;-2317;;-42
2025-02-27T12:01:10Z;;2546;229
2025-02-27T12:01:11Z;-1853;;693
2025-02-27T12:01:12Z;-1264;;1282
2025-02-27T12:01:13Z;;2381;1117
2025-02-27T12:01:15Z;;2087;823
2025-02-27T12:01:16Z;-900;;1187
2025-02-27T12:01:17Z;;1480;580
2025-02-27T12:01:18Z;;1123;223
2025-02-27T12:01:29Z;-898;;225
2025-02-27T12:01:35Z;;1204;306
2025-02-27T12:01:37Z;;1188;290
2025-02-27T12:02:00Z;;1224;326
2025-02-27T12:02:14Z;;1189;291
2025-02-27T12:02:19Z;-888;;301
2025-02-27T12:04:45Z;;899;11
2025-02-27T12:04:47Z;;900;12
2025-02-27T12:04:51Z;;894;6
2025-02-27T12:04:53Z;;905;17
2025-02-27T12:06:34Z;-889;;16
2025-02-27T12:07:15Z;;1202;313
2025-02-27T12:07:48Z;;1196;307
2025-02-27T12:08:00Z;;1224;335
2025-02-27T12:08:05Z;;1179;290
2025-02-27T12:08:07Z;-902;;277
2025-02-27T12:08:38Z;;894;-8
2025-02-27T12:09:41Z;;900;-2
2025-02-27T12:09:43Z;;895;-7
2025-02-27T12:09:45Z;;905;3
2025-02-27T12:10:53Z;-894;;11
2025-02-27T12:10:54Z;-897;;8
2025-02-27T12:10:55Z;-899;;6
2025-02-27T12:11:11Z;-907;;-2
2025-02-27T12:11:30Z;-898;;7
2025-02-27T12:13:23Z;;900;2
2025-02-27T12:13:27Z;-711;;189
2025-02-27T12:13:28Z;;402;-309
2025-02-27T12:13:30Z;;880;169
2025-02-27T12:13:34Z;-569;;311
2025-02-27T12:14:22Z;-600;;280
2025-02-27T12:14:57Z;-599;;281
2025-02-27T12:14:58Z;-606;;274
2025-02-27T12:14:59Z;-599;;281
2025-02-27T12:15:01Z;;787;188
2025-02-27T12:15:05Z;-608;;179
2025-02-27T12:18:33Z;;905;297
2025-02-27T12:19:02Z;;898;290
2025-02-27T12:19:07Z;;900;292
2025-02-27T12:19:09Z;;896;288
2025-02-27T12:19:11Z;;900;292
2025-02-27T12:19:13Z;;896;288
2025-02-27T12:19:19Z;;903;295
2025-02-27T12:19:23Z;;891;283
2025-02-27T12:19:25Z;;900;292
2025-02-27T12:19:33Z;;896;288
2025-02-27T12:19:35Z;;905;297
2025-02-27T12:19:42Z;;897;289
2025-02-27T12:19:45Z;;906;298
2025-02-27T12:19:53Z;;897;289
2025-02-27T12:19:55Z;;901;293
2025-02-27T12:20:03Z;;893;285
2025-02-27T12:20:09Z;;901;293
2025-02-27T12:20:11Z;;899;291
2025-02-27T12:21:57Z;;900;292
2025-02-27T12:21:59Z;;898;290
2025-02-27T12:22:10Z;;900;292
2025-02-27T12:24:01Z;-896;;4
2025-02-27T12:24:47Z;;1205;309
2025-02-27T12:25:38Z;;1199;303
2025-02-27T12:25:52Z;-885;;314
2025-02-27T12:25:53Z;-885;;314
2025-02-27T12:26:05Z;;1200;315
2025-02-27T12:26:07Z;;1198;313
2025-02-27T12:26:09Z;;1201;316
2025-02-27T12:26:36Z;-1209;;-8
2025-02-27T12:26:41Z;;1506;297
2025-02-27T12:26:42Z;-1589;;-83
2025-02-27T12:26:46Z;-1597;2089;-91
2025-02-27T12:26:50Z;;1819;222
2025-02-27T12:27:02Z;-1477;;342
2025-02-27T12:27:05Z;;1850;373
2025-02-27T12:27:08Z;-1462;;388
2025-02-27T12:27:09Z;;1669;207
2025-02-27T12:27:42Z;-1517;;152
2025-02-27T12:27:43Z;;2033;516
2025-02-27T12:27:45Z;;3010;1493
2025-02-27T12:27:46Z;-1863;;1147
2025-02-27T12:27:47Z;;2788;925
2025-02-27T12:27:48Z;;2246;383
2025-02-27T12:27:50Z;-2825;;-579
2025-02-27T12:27:51Z;-2504;2481;-344
2025-02-27T12:27:53Z;;2339;-165
2025-02-27T12:27:55Z;-2025;;314
2025-02-27T12:27:56Z;-2272;;67
2025-02-27T12:27:58Z;-2421;2515;-82
2025-02-27T12:28:00Z;;2777;356
2025-02-27T12:28:02Z;;3142;721
2025-02-27T12:28:03Z;-2861;;281
2025-02-27T12:28:04Z;-3005;;137
2025-02-27T12:28:05Z;-2887;2964;-41
2025-02-27T12:28:06Z;-2632;;332
2025-02-27T12:28:07Z;;2643;11
2025-02-27T12:28:08Z;;2937;305
2025-02-27T12:28:10Z;;3115;483
2025-02-27T12:28:11Z;-2810;;305
2025-02-27T12:28:12Z;-3000;;115
2025-02-27T12:28:17Z;-2995;;120
2025-02-27T12:28:19Z;-2687;;428
2025-02-27T12:28:20Z;;2822;135
2025-02-27T12:28:22Z;;2687;0
2025-02-27T12:28:23Z;-2330;2705;357
2025-02-27T12:28:25Z;;2445;115
2025-02-27T12:28:27Z;-2618;2704;374
2025-02-27T12:28:28Z;-2960;;-256
2025-02-27T12:28:29Z;;3066;106
2025-02-27T12:28:31Z;;3308;348
2025-02-27T12:28:33Z;;3278;318
2025-02-27T12:28:35Z;-3167;2890;-70
2025-02-27T12:28:36Z;;3048;-119
2025-02-27T12:28:37Z;-2908;;140
2025-02-27T12:28:39Z;;2923;15
2025-02-27T12:28:40Z;-2632;3051;291
2025-02-27T12:28:42Z;;2769;137
2025-02-27T12:28:44Z;;2664;32
2025-02-27T12:28:48Z;;2716;84
2025-02-27T12:28:49Z;-2559;;157
2025-02-27T12:28:51Z;-1817;2054;-505
2025-02-27T12:28:53Z;;1748;-69
2025-02-27T12:28:57Z;-1399;;349
2025-02-27T12:28:59Z;;1487;88
2025-02-27T12:29:20Z;;1510;111
2025-02-27T12:29:30Z;-1469;;41
2025-02-27T12:29:31Z;-1495;;15
2025-02-27T12:29:33Z;-1555;;-45
2025-02-27T12:29:34Z;;1845;290
2025-02-27T12:29:39Z;-1934;;-89
2025-02-27T12:29:41Z;-1806;;39
2025-02-27T12:29:45Z;;1716;-90
2025-02-27T12:29:54Z;-1460;;256
2025-02-27T12:29:55Z;;1469;9
2025-02-27T12:29:57Z;;1502;42
2025-02-27T12:29:59Z;;1478;18
2025-02-27T12:30:02Z;;1502;42
2025-02-27T12:30:03Z;;1528;68
2025-02-27T12:30:04Z;-1464;;64
2025-02-27T12:30:07Z;-1414;;114
2025-02-27T12:30:22Z;-1838;;-310
2025-02-27T12:30:23Z;;1914;37
2025-02-27T12:30:24Z;-1877;;-349
2025-02-27T12:30:27Z;;1783;-94
2025-02-27T12:30:31Z;-1533;;250
2025-02-27T12:30:35Z;-1486;;297
2025-02-27T12:30:43Z;-1731;;52
2025-02-27T12:30:44Z;;1821;90
2025-02-27T12:30:45Z;-2245;;-424
2025-02-27T12:30:46Z;-2438;2316;71
2025-02-27T12:30:48Z;;2546;108
2025-02-27T12:30:49Z;;2947;509
2025-02-27T12:30:51Z;;3036;598
2025-02-27T12:30:54Z;-2283;;753
2025-02-27T12:30:55Z;-1830;2459;176
2025-02-27T12:30:57Z;;1957;127
2025-02-27T12:30:58Z;;1463;-367
2025-02-27T12:30:59Z;-1365;;98
2025-02-27T12:31:00Z;-1233;;230
2025-02-27T12:31:21Z;-1493;;-30
2025-02-27T12:31:23Z;-1787;1574;81
2025-02-27T12:31:24Z;;1881;94
2025-02-27T12:31:26Z;;1586;-201
2025-02-27T12:31:28Z;;1456;-331
2025-02-27T12:31:43Z;-1208;;248
2025-02-27T12:31:51Z;-1198;;258
2025-02-27T12:32:01Z;-1569;;-113
2025-02-27T12:32:02Z;-2220;1622;53
2025-02-27T12:32:04Z;;2290;70
2025-02-27T12:32:05Z;;2550;330
2025-02-27T12:32:07Z;;2211;-9
2025-02-27T12:32:09Z;-2449;2007;-213
2025-02-27T12:32:10Z;-2094;;-87
2025-02-27T12:32:11Z;;2379;285
2025-02-27T12:32:12Z;-1711;;668
2025-02-27T12:32:13Z;-2313;;66
2025-02-27T12:32:14Z;-2674;;-295
2025-02-27T12:32:15Z;-2733;;-354
2025-02-27T12:32:16Z;-2636;;-257
2025-02-27T12:32:17Z;;2794;158
2025-02-27T12:32:18Z;-2356;;23
2025-02-27T12:32:19Z;-2579;;215
2025-02-27T12:32:20Z;;2611;32
2025-02-27T12:32:21Z;;2745;166
2025-02-27T12:32:23Z;-2821;2495;-76
2025-02-27T12:32:25Z;;2939;118
2025-02-27T12:32:27Z;-2552;3030;387
2025-02-27T12:32:29Z;;2704;152
2025-02-27T12:32:31Z;;2078;-474
2025-02-27T12:32:32Z;;1661;-891
2025-02-27T12:32:34Z;-2164;;-503
2025-02-27T12:32:35Z;-1960;1484;-299
2025-02-27T12:32:36Z;-1572;;-88
2025-02-27T12:32:37Z;-1463;;21
2025-02-27T12:32:54Z;;1512;49
2025-02-27T12:32:57Z;-1487;;25
2025-02-27T12:33:02Z;-1717;;-205
2025-02-27T12:33:03Z;;1803;86
2025-02-27T12:33:04Z;-2097;;-294
2025-02-27T12:33:05Z;;2191;94
2025-02-27T12:33:06Z;;2086;-11
2025-02-27T12:33:08Z;-2555;;-469
2025-02-27T12:33:09Z;-2630;2213;-342
2025-02-27T12:33:11Z;;2750;120
2025-02-27T12:33:12Z;;2493;-137
2025-02-27T12:33:13Z;-2341;;152
2025-02-27T12:33:14Z;-1708;;785
2025-02-27T12:33:16Z;-1893;2469;761
2025-02-27T12:33:17Z;;1759;-134
2025-02-27T12:33:19Z;-1720;1977;84
2025-02-27T12:33:21Z;;1642;-78
2025-02-27T12:33:22Z;-1619;;23
2025-02-27T12:33:24Z;-2013;1707;88
2025-02-27T12:33:25Z;;2361;348
2025-02-27T12:33:26Z;-1808;;553
2025-02-27T12:33:28Z;-1944;;417
2025-02-27T12:33:30Z;;1904;-40
2025-02-27T12:33:32Z;;1513;-431
2025-02-27T12:33:34Z;;1399;-545
2025-02-27T12:33:41Z;-1193;;206
2025-02-27T12:34:20Z;-1201;;198
2025-02-27T12:34:32Z;-1413;;-14
2025-02-27T12:34:33Z;;1576;163
2025-02-27T12:34:34Z;-2208;;-632
2025-02-27T12:34:36Z;-2164;;-588
2025-02-27T12:34:37Z;-2252;;-676
2025-02-27T12:34:38Z;;2245;-7
2025-02-27T12:34:39Z;-1793;;452
2025-02-27T12:34:42Z;;2736;943
2025-02-27T12:34:44Z;;2295;502
2025-02-27T12:34:46Z;;1883;90
2025-02-27T12:34:48Z;;1622;-171
2025-02-27T12:34:50Z;;1807;14
2025-02-27T12:34:53Z;-1799;1787;8
2025-02-27T12:34:54Z;;1884;85
2025-02-27T12:34:56Z;;1775;-24
2025-02-27T12:34:57Z;-1683;;92
2025-02-27T12:34:58Z;-1523;1806;252
2025-02-27T12:35:02Z;;1621;98
2025-02-27T12:35:04Z;;1481;-42
2025-02-27T12:35:06Z;-1469;1502;-21
2025-02-27T12:35:10Z;-1493;;9
2025-02-27T12:35:13Z;-1528;;-26
2025-02-27T12:35:16Z;;1865;337
2025-02-27T12:35:18Z;;1790;262
2025-02-27T12:35:19Z;-1902;;-112
2025-02-27T12:35:20Z;-1756;;34
2025-02-27T12:35:21Z;-1875;1995;239
2025-02-27T12:35:23Z;-2396;;-401
2025-02-27T12:35:24Z;-2610;;-615
2025-02-27T12:35:25Z;-2971;;-976
2025-02-27T12:35:27Z;;2178;-793
2025-02-27T12:35:29Z;;2699;-272
2025-02-27T12:35:30Z;-2653;;46
2025-02-27T12:35:31Z;-2845;2769;116
2025-02-27T12:35:33Z;;3095;250
2025-02-27T12:35:37Z;;2945;100
2025-02-27T12:35:39Z;;3048;203
2025-02-27T12:35:41Z;-2632;;416
2025-02-27T12:35:42Z;-2807;2734;102
2025-02-27T12:35:43Z;;2700;-107
2025-02-27T12:35:44Z;-2536;;164
2025-02-27T12:35:45Z;-1880;;820
2025-02-27T12:35:46Z;-1655;;1045
2025-02-27T12:35:47Z;-1417;;1283
2025-02-27T12:35:59Z;-1198;;1502
2025-02-27T12:36:10Z;;1198;0
2025-02-27T12:38:00Z;;1202;4
2025-02-27T12:38:16Z;-1196;;6
2025-02-27T12:38:30Z;-1198;;4
2025-02-27T12:38:40Z;-1198;;4
2025-02-27T12:39:02Z;-1206;;-4
2025-02-27T12:39:17Z;;1196;-10
2025-02-27T12:40:30Z;-852;;344
2025-02-27T12:40:31Z;-921;;275
2025-02-27T12:40:33Z;-929;;267
2025-02-27T12:41:15Z;-1118;;78
2025-02-27T12:41:16Z;;1190;72
2025-02-27T12:41:17Z;-1351;;-161
2025-02-27T12:41:19Z;;1194;-157
2025-02-27T12:41:49Z;;1203;-148
2025-02-27T12:41:53Z;;1196;-155
2025-02-27T12:42:06Z;;1213;-138
2025-02-27T12:42:08Z;;1198;-153
2025-02-27T12:43:03Z;;1211;-140
2025-02-27T12:43:07Z;-1215;;-4
2025-02-27T12:43:09Z;-1506;;-295
2025-02-27T12:43:10Z;;1591;85
2025-02-27T12:43:11Z;-1878;;-287
2025-02-27T12:43:12Z;;1973;95
2025-02-27T12:43:13Z;;2750;872
2025-02-27T12:43:15Z;-2637;;113
2025-02-27T12:43:16Z;-2818;;-68
2025-02-27T12:43:39Z;;3004;186
2025-02-27T12:43:41Z;;2995;177
2025-02-27T12:43:43Z;;2082;-736
2025-02-27T12:43:46Z;-2640;;-558
2025-02-27T12:43:47Z;-1945;1458;137
2025-02-27T12:43:48Z;-1636;;-178
2025-02-27T12:43:50Z;-1437;;21
2025-02-27T12:44:09Z;;1506;69
2025-02-27T12:44:10Z;-1558;;-52
2025-02-27T12:44:12Z;;1857;299
2025-02-27T12:44:14Z;;1644;86
2025-02-27T12:44:19Z;-1443;;201
2025-02-27T12:44:20Z;;1431;-12
2025-02-27T12:44:25Z;-1190;;241
2025-02-27T12:44:28Z;-1196;;235
2025-02-27T12:44:33Z;-1249;;182
2025-02-27T12:44:36Z;;1157;-92
2025-02-27T12:44:49Z;-900;;257
2025-02-27T12:45:01Z;;931;31
2025-02-27T12:45:21Z;-850;;81
2025-02-27T12:45:22Z;;2015;1165
2025-02-27T12:45:24Z;;2068;1218
2025-02-27T12:45:27Z;-1402;1453;666
2025-02-27T12:45:29Z;;2165;763
2025-02-27T12:45:30Z;-1814;;351
2025-02-27T12:45:31Z;-1903;;262
2025-02-27T12:45:32Z;-1951;;214
2025-02-27T12:45:33Z;;1403;-548
2025-02-27T12:45:35Z;;1152;-799
2025-02-27T12:45:36Z;-2052;;-900
2025-02-27T12:45:37Z;-2050;;-898
2025-02-27T12:45:39Z;-1449;;-297
2025-02-27T12:45:40Z;-1301;854;-149
2025-02-27T12:45:41Z;-969;;-115
2025-02-27T12:45:47Z;-778;;76
2025-02-27T12:45:48Z;;989;211
2025-02-27T12:45:51Z;-1120;1318;-131
2025-02-27T12:45:52Z;-1645;;-327
2025-02-27T12:45:53Z;;1713;68
2025-02-27T12:45:55Z;;2199;554
2025-02-27T12:45:56Z;;2423;778
2025-02-27T12:45:58Z;;2371;726
2025-02-27T12:46:00Z;;2410;765
2025-02-27T12:46:03Z;;2399;754
2025-02-27T12:46:20Z;;2400;755
2025-02-27T12:46:31Z;;2358;713
2025-02-27T12:46:33Z;;2420;775
2025-02-27T12:46:35Z;;2396;751
2025-02-27T12:46:37Z;;2413;768
2025-02-27T12:46:39Z;;2379;734
2025-02-27T12:46:41Z;;2458;813
2025-02-27T12:46:47Z;-2399;;59
2025-02-27T12:47:05Z;-1996;;462
2025-02-27T12:47:08Z;-1821;2133;137
2025-02-27T12:47:10Z;;1914;93
2025-02-27T12:47:13Z;;1780;-41
2025-02-27T12:47:16Z;;1804;-17
2025-02-27T12:47:17Z;-2030;;-226
2025-02-27T12:47:19Z;-2164;2121;91
2025-02-27T12:47:20Z;;2440;276
2025-02-27T12:47:22Z;;2395;231
2025-02-27T12:47:24Z;;2492;328
2025-02-27T12:47:25Z;-2066;;426
2025-02-27T12:47:26Z;;2185;119
2025-02-27T12:47:27Z;;1995;-71
2025-02-27T12:47:29Z;-2356;2110;44
2025-02-27T12:47:30Z;-2535;;-425
2025-02-27T12:47:33Z;;2452;-83
2025-02-27T12:47:49Z;-2344;;108
2025-02-27T12:47:50Z;-2496;;-44
2025-02-27T12:47:51Z;;2337;-159
2025-02-27T12:47:52Z;-2379;;-42
2025-02-27T12:47:54Z;;2559;180
2025-02-27T12:47:56Z;-2429;;130
2025-02-27T12:47:57Z;-2286;;273
2025-02-27T12:47:58Z;-1927;;632
2025-02-27T12:47:59Z;-1503;;1056
2025-02-27T12:48:01Z;-1975;2400;897
2025-02-27T12:48:02Z;;1964;-11
2025-02-27T12:48:04Z;;1836;-139
2025-02-27T12:48:05Z;-1699;;137
2025-02-27T12:48:07Z;;1778;79
2025-02-27T12:48:08Z;-1839;;-61
2025-02-27T12:48:09Z;;1913;74
2025-02-27T12:48:10Z;;2115;276
2025-02-27T12:48:12Z;-2223;1893;54
2025-02-27T12:48:13Z;-1792;;101
2025-02-27T12:48:14Z;-1466;;427
2025-02-27T12:48:19Z;-1194;;699
2025-02-27T12:48:40Z;-1229;;664
2025-02-27T12:48:42Z;-1693;;200
2025-02-27T12:48:45Z;-1844;;49
2025-02-27T12:48:48Z;-1303;;590
2025-02-27T12:49:23Z;-1111;;782
2025-02-27T12:49:24Z;-1278;;615
2025-02-27T12:49:41Z;-1112;;781
2025-02-27T12:49:47Z;-1459;;434
2025-02-27T12:49:49Z;-1862;;31
2025-02-27T12:49:51Z;-1352;;541
2025-02-27T12:49:53Z;-1214;;679
2025-02-27T12:49:54Z;-1975;;-82
2025-02-27T12:49:57Z;-2024;;-131
2025-02-27T12:49:59Z;-2107;;-214
2025-02-27T12:50:02Z;-2267;;-374
2025-02-27T12:50:06Z;-1333;;560
2025-02-27T12:50:08Z;-1114;;779
2025-02-27T12:50:23Z;-890;;1003
2025-02-27T12:50:25Z;-1050;;843
2025-02-27T12:50:26Z;-1282;;611
2025-02-27T12:50:28Z;-1362;;531
2025-02-27T12:50:30Z;-1837;;56
2025-02-27T12:50:32Z;-1165;;728
2025-02-27T12:50:33Z;-1219;;674
2025-02-27T12:50:35Z;-1013;;880
2025-02-27T12:50:41Z;-1916;;-23
2025-02-27T12:50:42Z;-2372;;-479
2025-02-27T12:50:44Z;-2423;;-530
2025-02-27T12:50:48Z;-2397;;-504
2025-02-27T12:50:49Z;-2419;;-526
2025-02-27T12:50:51Z;-2289;;-396
2025-02-27T12:50:53Z;-2005;;-112
2025-02-27T12:50:54Z;-2147;;-254
2025-02-27T12:50:58Z;-2087;;-194
2025-02-27T12:50:59Z;-2131;;-238
2025-02-27T12:51:00Z;-1866;;27
2025-02-27T12:51:02Z;-2257;;-364
2025-02-27T12:51:05Z;-1692;;201
2025-02-27T12:51:06Z;-1230;;663
2025-02-27T12:51:09Z;-1022;;871
2025-02-27T12:51:10Z;-881;;1012
2025-02-27T12:51:13Z;-903;;990
2025-02-27T12:51:16Z;-1408;;485
2025-02-27T12:51:19Z;-1099;;794
2025-02-27T12:51:28Z;-1211;;682
2025-02-27T12:51:32Z;-1718;;175
2025-02-27T12:51:34Z;-2102;;-209
2025-02-27T12:51:43Z;-1911;;-18
2025-02-27T12:51:46Z;-832;;1061
2025-02-27T12:52:28Z;-941;;952
2025-02-27T12:52:30Z;-1124;;769
2025-02-27T12:52:33Z;-1537;;356
2025-02-27T12:52:35Z;-1826;;67
2025-02-27T12:52:39Z;-1786;;107
2025-02-27T12:52:48Z;-1527;;366
2025-02-27T12:53:03Z;-1221;;672
2025-02-27T12:53:06Z;-1157;;736
2025-02-27T12:53:18Z;;1516;359
2025-02-27T12:53:20Z;;1812;655
2025-02-27T12:53:22Z;;1830;673
2025-02-27T12:53:23Z;;1490;333
2025-02-27T12:53:25Z;;1521;364
2025-02-27T12:53:27Z;;1445;288
2025-02-27T12:53:29Z;;1449;292
2025-02-27T12:53:30Z;-1236;;213
2025-02-27T12:53:31Z;;1449;213
2025-02-27T12:53:33Z;;1471;235
2025-02-27T12:53:34Z;;1510;274
2025-02-27T12:53:36Z;;1475;239
2025-02-27T12:53:38Z;;1150;-86
2025-02-27T12:53:43Z;-899;;251
2025-02-27T12:53:57Z;-899;;251
2025-02-27T12:54:03Z;-884;;266
2025-02-27T12:54:07Z;;884;0
2025-02-27T12:55:44Z;;906;22
2025-02-27T12:56:03Z;-898;;8
2025-02-27T12:57:16Z;;1226;328
2025-02-27T12:57:18Z;;1035;137
2025-02-27T12:58:19Z;;1200;302
2025-02-27T12:58:21Z;;1181;283
2025-02-27T12:58:27Z;;1206;308
2025-02-27T12:58:36Z;-1217;;-11
2025-02-27T12:58:38Z;-1600;;-394
2025-02-27T12:58:39Z;;1670;70
2025-02-27T12:58:43Z;;1811;211
2025-02-27T12:58:46Z;;1798;198
2025-02-27T12:58:48Z;;1873;273
2025-02-27T12:58:50Z;-1808;;65
2025-02-27T12:58:52Z;;2132;324
2025-02-27T12:58:53Z;-2100;;32
2025-02-27T12:59:05Z;;2420;320
2025-02-27T12:59:07Z;-2443;;-23
2025-02-27T12:59:11Z;-2180;;240
2025-02-27T12:59:12Z;-2030;;390
2025-02-27T12:59:14Z;;2286;256
2025-02-27T12:59:16Z;;2064;34
2025-02-27T12:59:18Z;;2348;318
2025-02-27T12:59:20Z;;2061;31
2025-02-27T12:59:21Z;-2112;;-51
2025-02-27T12:59:22Z;-1819;2157;45
2025-02-27T12:59:23Z;;2002;183
2025-02-27T12:59:25Z;;1656;-163
2025-02-27T12:59:27Z;;1579;-240
2025-02-27T12:59:29Z;;1629;-190
2025-02-27T12:59:31Z;;2134;315
2025-02-27T12:59:32Z;-1722;1511;412
2025-02-27T12:59:34Z;;1388;-334
2025-02-27T12:59:36Z;;1843;121
2025-02-27T12:59:38Z;-1565;1603;278
2025-02-27T12:59:39Z;-1556;;47
2025-02-27T12:59:40Z;-2130;;-527
2025-02-27T12:59:42Z;;1816;-314
2025-02-27T12:59:43Z;;2292;162
2025-02-27T12:59:44Z;-1403;;889
2025-02-27T12:59:45Z;;2741;1338
2025-02-27T12:59:46Z;-1405;;1336
2025-02-27T12:59:47Z;-1510;;1231
2025-02-27T12:59:48Z;-1772;2551;969
2025-02-27T12:59:51Z;;2704;932
2025-02-27T12:59:52Z;-2609;;95
2025-02-27T12:59:53Z;-2347;;357
2025-02-27T12:59:55Z;-2441;2695;263
2025-02-27T13:00:01Z;;2659;218
2025-02-27T13:00:04Z;;2265;-176
2025-02-27T13:00:05Z;-2478;;-213
2025-02-27T13:00:07Z;;1929;-549
2025-02-27T13:00:08Z;;2362;-116
2025-02-27T13:00:10Z;-2547;;-185
2025-02-27T13:00:11Z;-2280;;82
2025-02-27T13:00:12Z;-2442;;-80
2025-02-27T13:00:13Z;;2537;95
2025-02-27T13:00:14Z;-2324;;213
2025-02-27T13:00:15Z;-2361;;176
2025-02-27T13:00:16Z;;2314;-47
2025-02-27T13:00:18Z;;2259;-102
2025-02-27T13:00:20Z;;2259;-102
2025-02-27T13:00:21Z;;2063;-298
2025-02-27T13:00:22Z;-2092;;-29
2025-02-27T13:00:23Z;-2086;;-23
2025-02-27T13:00:24Z;;2184;98
2025-02-27T13:00:26Z;;2479;393
2025-02-27T13:00:27Z;-2409;2192;70
2025-02-27T13:00:28Z;-2463;;-271
2025-02-27T13:00:29Z;-1660;;532
2025-02-27T13:00:31Z;;1760;100
2025-02-27T13:00:33Z;-2240;2255;595
2025-02-27T13:00:35Z;;2477;817
2025-02-27T13:00:37Z;-2486;;-9
2025-02-27T13:00:40Z;-2083;;394
2025-02-27T13:00:41Z;;2295;212
2025-02-27T13:00:42Z;-1418;;877
2025-02-27T13:00:43Z;;1661;243
2025-02-27T13:00:44Z;;1405;-13
2025-02-27T13:00:46Z;;1518;100
2025-02-27T13:00:48Z;;1290;-128
2025-02-27T13:00:49Z;-1463;1174;-173
2025-02-27T13:00:50Z;-1500;;-326
2025-02-27T13:00:52Z;;1204;-296
2025-02-27T13:00:54Z;;1182;-318
2025-02-27T13:01:03Z;-1182;;0
2025-02-27T13:01:04Z;;1239;57
2025-02-27T13:01:06Z;-2013;;-774
2025-02-27T13:01:07Z;;1978;-35
2025-02-27T13:01:09Z;;2433;420
2025-02-27T13:01:10Z;;2370;357
2025-02-27T13:01:12Z;;2424;411
2025-02-27T13:01:14Z;;2372;359
2025-02-27T13:01:16Z;;1972;-41
2025-02-27T13:01:17Z;-2058;1701;-86
2025-02-27T13:01:19Z;;1825;-233
2025-02-27T13:01:21Z;;1579;-479
2025-02-27T13:01:23Z;;1317;-741
2025-02-27T13:01:24Z;-1592;;-275
2025-02-27T13:01:25Z;-1718;1180;-412
2025-02-27T13:01:29Z;-1218;;-38
2025-02-27T13:01:32Z;-1033;;147
2025-02-27T13:01:33Z;;1252;219
2025-02-27T13:01:36Z;-1496;;-244
2025-02-27T13:01:37Z;-1648;;-396
2025-02-27T13:01:38Z;;1552;-96
2025-02-27T13:01:39Z;-1133;;419
2025-02-27T13:01:40Z;;1236;103
2025-02-27T13:01:42Z;-901;1108;-25
2025-02-27T13:01:50Z;;898;-3
2025-02-27T13:01:54Z;;902;1
2025-02-27T13:01:57Z;-892;;10
2025-02-27T13:02:00Z;-1099;;-197
2025-02-27T13:02:01Z;;1249;150
2025-02-27T13:02:03Z;;1958;859
2025-02-27T13:02:05Z;-1943;2388;1289
2025-02-27T13:02:07Z;-2297;1791;91
2025-02-27T13:02:09Z;-1329;1989;-308
2025-02-27T13:02:10Z;-1043;1770;946
2025-02-27T13:02:12Z;;1436;393
2025-02-27T13:02:14Z;-1297;1155;112
2025-02-27T13:02:16Z;-1418;;-263
2025-02-27T13:02:17Z;;1254;-164
2025-02-27T13:02:18Z;;1542;124
2025-02-27T13:02:19Z;-1169;;373
2025-02-27T13:02:22Z;;1375;206
2025-02-27T13:02:24Z;;1580;411
2025-02-27T13:02:26Z;;1400;231
2025-02-27T13:02:27Z;-1355;;45
2025-02-27T13:02:29Z;-1865;1130;-465
2025-02-27T13:02:31Z;;1135;-730
2025-02-27T13:02:33Z;;1170;-695
2025-02-27T13:02:35Z;;1383;-482
2025-02-27T13:02:36Z;-2306;;-923
2025-02-27T13:02:37Z;;1544;-762
2025-02-27T13:02:38Z;;1864;-442
2025-02-27T13:02:40Z;;2397;91
2025-02-27T13:02:42Z;-1907;2435;129
2025-02-27T13:02:44Z;;2357;450
2025-02-27T13:02:45Z;;2010;103
2025-02-27T13:02:47Z;-2224;2146;-214
2025-02-27T13:02:49Z;;2416;192
2025-02-27T13:02:51Z;;2288;64
2025-02-27T13:02:53Z;-1967;;321
2025-02-27T13:02:55Z;-2269;2092;19
2025-02-27T13:02:57Z;;2359;90
2025-02-27T13:02:59Z;-1992;2014;-255
2025-02-27T13:03:00Z;-2229;;-215
2025-02-27T13:03:01Z;;2301;72
2025-02-27T13:03:03Z;-2066;;235
2025-02-27T13:03:04Z;-2128;;173
2025-02-27T13:03:06Z;-2095;;206
2025-02-27T13:03:07Z;-2118;;183
2025-02-27T13:03:12Z;-2047;;254
2025-02-27T13:03:13Z;;1704;-343
2025-02-27T13:03:15Z;;1363;-684
2025-02-27T13:03:16Z;-1573;;-210
2025-02-27T13:03:17Z;-1413;;-50
2025-02-27T13:03:21Z;-1194;;169
2025-02-27T13:03:23Z;;1189;-5
2025-02-27T13:03:25Z;;1214;20
2025-02-27T13:03:31Z;;1145;-49
2025-02-27T13:03:33Z;;1206;12
2025-02-27T13:03:35Z;;1194;0
2025-02-27T13:03:43Z;-902;;292
2025-02-27T13:03:47Z;-899;;295
2025-02-27T13:04:05Z;-1199;;-5
2025-02-27T13:04:07Z;;1245;46
2025-02-27T13:04:09Z;;1503;304
2025-02-27T13:04:11Z;;1495;296
2025-02-27T13:04:13Z;-1388;1817;618
2025-02-27T13:04:14Z;-1821;;-4
2025-02-27T13:04:15Z;;2145;324
2025-02-27T13:04:18Z;;1986;165
2025-02-27T13:04:20Z;-1748;;238
2025-02-27T13:04:22Z;;1760;12
2025-02-27T13:04:24Z;-1361;;399
2025-02-27T13:04:25Z;;1477;116
2025-02-27T13:04:26Z;-1205;;272
2025-02-27T13:04:33Z;;1160;-45
2025-02-27T13:04:35Z;;1206;1
2025-02-27T13:04:37Z;;1147;-58
2025-02-27T13:04:44Z;-1105;;42
2025-02-27T13:04:45Z;;1377;272
2025-02-27T13:04:47Z;;1762;657
2025-02-27T13:04:49Z;;2024;919
2025-02-27T13:04:50Z;-1711;;313
2025-02-27T13:04:51Z;;2132;421
2025-02-27T13:04:52Z;-2054;;78
2025-02-27T13:04:55Z;-2165;;-33
2025-02-27T13:04:57Z;-1717;;415
2025-02-27T13:04:59Z;-1847;;285
2025-02-27T13:05:00Z;;1810;-37
2025-02-27T13:05:02Z;;1792;-55
2025-02-27T13:05:04Z;;1892;45
2025-02-27T13:05:06Z;;2146;299
2025-02-27T13:05:07Z;-1710;;436
2025-02-27T13:05:09Z;-1327;1859;819
2025-02-27T13:05:11Z;;1449;122
2025-02-27T13:05:12Z;-1441;;8
2025-02-27T13:05:14Z;-1411;;38
2025-02-27T13:05:15Z;;1620;209
2025-02-27T13:05:17Z;;1390;-21
2025-02-27T13:05:18Z;-1598;;-208
2025-02-27T13:05:19Z;-2136;1622;24
2025-02-27T13:05:21Z;-2063;2041;-22
2025-02-27T13:05:23Z;;2215;152
2025-02-27T13:05:24Z;;1997;-66
2025-02-27T13:05:25Z;-1394;;603
2025-02-27T13:05:26Z;-1479;;518
2025-02-27T13:05:28Z;;1543;64
2025-02-27T13:05:30Z;;1479;0
2025-02-27T13:05:32Z;;1979;500
2025-02-27T13:05:34Z;;2112;633
2025-02-27T13:05:36Z;;1992;513
2025-02-27T13:05:38Z;;1636;157
2025-02-27T13:05:40Z;-1863;1160;-227
2025-02-27T13:05:41Z;-1493;;-333
2025-02-27T13:05:42Z;-1351;;-191
2025-02-27T13:05:43Z;;1201;-150
2025-02-27T13:05:44Z;-1140;;20
2025-02-27T13:05:45Z;-1568;;-367
2025-02-27T13:05:46Z;-1788;;-587
2025-02-27T13:05:47Z;;1592;-196
2025-02-27T13:05:49Z;;1856;68
2025-02-27T13:05:50Z;-1610;;246
2025-02-27T13:05:53Z;;1736;126
2025-02-27T13:05:55Z;;1490;-120
2025-02-27T13:05:57Z;-1337;;153
2025-02-27T13:05:58Z;-1187;;303
2025-02-27T13:06:04Z;;1613;426
2025-02-27T13:06:05Z;-1281;;332
2025-02-27T13:06:06Z;-1474;;139
2025-02-27T13:06:07Z;;1479;5
2025-02-27T13:06:10Z;;1527;53
2025-02-27T13:06:11Z;-1353;;174
2025-02-27T13:06:14Z;-1128;1475;122
2025-02-27T13:06:16Z;;1186;58
2025-02-27T13:06:18Z;;1293;165
2025-02-27T13:06:19Z;-1504;;-211
2025-02-27T13:06:20Z;-1525;1570;66
2025-02-27T13:06:22Z;;1473;-52
2025-02-27T13:06:24Z;;1368;-157
2025-02-27T13:06:26Z;;1494;-31
2025-02-27T13:06:30Z;-1409;;85
2025-02-27T13:06:31Z;;1661;252
2025-02-27T13:06:33Z;;1464;55
2025-02-27T13:06:35Z;;1189;-220
2025-02-27T13:06:38Z;-1332;;-143
2025-02-27T13:06:39Z;;1209;-123
2025-02-27T13:06:41Z;;1164;-168
2025-02-27T13:06:43Z;-1155;;9
2025-02-27T13:06:45Z;-1710;1215;60
2025-02-27T13:06:46Z;;1750;40
2025-02-27T13:06:47Z;-1281;;469
2025-02-27T13:06:49Z;-1577;;173
2025-02-27T13:06:50Z;;1358;-219
2025-02-27T13:06:52Z;;1642;65
2025-02-27T13:06:54Z;-1800;1832;-158
2025-02-27T13:06:56Z;;1401;-399
2025-02-27T13:06:57Z;;1013;-787
2025-02-27T13:06:58Z;-1333;;-320
2025-02-27T13:07:00Z;-1132;867;-119
2025-02-27T13:07:01Z;-1287;;-420
2025-02-27T13:07:02Z;-897;;-30
2025-02-27T13:07:19Z;-1150;;-283
2025-02-27T13:07:20Z;-1024;;-157
2025-02-27T13:07:21Z;;1192;168
2025-02-27T13:07:23Z;-1533;;-341
2025-02-27T13:07:25Z;-1594;;-402
2025-02-27T13:07:26Z;;1248;-346
2025-02-27T13:07:27Z;-1199;;49
2025-02-27T13:07:29Z;;1595;396
2025-02-27T13:07:30Z;-950;;645
2025-02-27T13:07:31Z;;1323;373
2025-02-27T13:07:32Z;-849;;474
2025-02-27T13:07:34Z;-1548;;-225
2025-02-27T13:07:35Z;;1143;-405
2025-02-27T13:07:38Z;-1742;874;-599
2025-02-27T13:07:39Z;;1131;-611
2025-02-27T13:07:41Z;;1607;-135
2025-02-27T13:07:42Z;-1792;;-185
2025-02-27T13:07:43Z;-1778;1886;-171
2025-02-27T13:07:47Z;;1603;-175
2025-02-27T13:07:49Z;;1887;109
2025-02-27T13:07:51Z;-1812;;75
2025-02-27T13:08:02Z;;1794;-18
2025-02-27T13:08:27Z;-1387;;407
2025-02-27T13:08:29Z;-980;1477;90
2025-02-27T13:08:30Z;-1126;;351
2025-02-27T13:08:32Z;-1458;1057;-69
2025-02-27T13:08:33Z;-1516;;-459
2025-02-27T13:08:34Z;;1412;-104
2025-02-27T13:08:35Z;-1470;;-58
2025-02-27T13:08:36Z;;1543;73
2025-02-27T13:08:37Z;-1034;;509
2025-02-27T13:08:40Z;;1431;397
2025-02-27T13:08:42Z;;1579;545
2025-02-27T13:08:44Z;-1405;1303;269
2025-02-27T13:08:46Z;-1603;;-300
2025-02-27T13:08:47Z;-1362;;-59
2025-02-27T13:08:49Z;-983;1090;-272
2025-02-27T13:08:50Z;;1468;485
2025-02-27T13:08:52Z;;1744;761
2025-02-27T13:08:53Z;-846;;898
2025-02-27T13:08:54Z;;1836;990
2025-02-27T13:08:55Z;;1719;873
2025-02-27T13:08:57Z;-1106;1475;629
2025-02-27T13:08:59Z;;1126;20
2025-02-27T13:09:01Z;;853;-253
2025-02-27T13:09:03Z;;1176;70
2025-02-27T13:09:04Z;;1486;380
2025-02-27T13:09:05Z;-1478;;8
2025-02-27T13:09:06Z;;1566;88
2025-02-27T13:09:08Z;;1408;-70
2025-02-27T13:09:10Z;;1523;45
2025-02-27T13:09:11Z;-1450;;73
2025-02-27T13:09:12Z;-1580;1344;-106
2025-02-27T13:09:16Z;;1626;46
2025-02-27T13:09:26Z;-1478;;148
2025-02-27T13:09:27Z;-1530;;96
2025-02-27T13:09:30Z;-1389;;237
2025-02-27T13:09:31Z;;1329;-60
2025-02-27T13:09:35Z;-1170;;159
2025-02-27T13:09:36Z;-1224;;105
2025-02-27T13:09:37Z;-1174;;155
2025-02-27T13:09:38Z;-1265;;64
2025-02-27T13:09:41Z;-1079;1516;250
2025-02-27T13:09:43Z;;1468;389
2025-02-27T13:09:45Z;-1235;1121;42
2025-02-27T13:09:46Z;-1514;;-393
2025-02-27T13:09:48Z;;1280;-234
2025-02-27T13:09:49Z;;1561;47
2025-02-27T13:10:03Z;-1424;;137
2025-02-27T13:10:04Z;-1571;;-10
2025-02-27T13:10:23Z;;1812;241
2025-02-27T13:10:25Z;;1809;238
2025-02-27T13:10:27Z;;1708;137
2025-02-27T13:10:30Z;-1777;;-69
2025-02-27T13:10:34Z;-1813;;-105
2025-02-27T13:10:36Z;-1815;;-107
2025-02-27T13:10:40Z;-1809;;-101
2025-02-27T13:10:44Z;;1890;81
2025-02-27T13:10:50Z;-1575;;315
2025-02-27T13:10:52Z;-1760;;130
2025-02-27T13:10:54Z;;1810;50
2025-02-27T13:11:12Z;-1509;;301
2025-02-27T13:11:14Z;;1659;150
2025-02-27T13:11:15Z;-1938;;-279
2025-02-27T13:11:18Z;;1825;-113
2025-02-27T13:11:20Z;-1724;;101
2025-02-27T13:11:21Z;;1650;-74
2025-02-27T13:11:23Z;;1404;-320
2025-02-27T13:11:25Z;;1088;-636
2025-02-27T13:11:27Z;-1509;;-421
2025-02-27T13:11:28Z;-1310;;-222
2025-02-27T13:11:29Z;-1203;;-115
2025-02-27T13:11:31Z;;1274;71
2025-02-27T13:11:33Z;-953;1659;456
2025-02-27T13:11:34Z;-879;;780
2025-02-27T13:11:52Z;-775;;884
2025-02-27T13:11:54Z;-1291;;368
2025-02-27T13:11:59Z;-1758;;-99
2025-02-27T13:12:05Z;-1926;;-267
2025-02-27T13:12:08Z;-1928;;-269
2025-02-27T13:12:39Z;-1659;;0
2025-02-27T13:12:40Z;-1229;;430
2025-02-27T13:12:41Z;-879;;780
2025-02-27T13:12:45Z;-935;;724
2025-02-27T13:12:49Z;-846;;813
2025-02-27T13:12:52Z;-908;;751
2025-02-27T13:12:55Z;-1725;;-66
2025-02-27T13:12:56Z;-2007;;-348
2025-02-27T13:13:23Z;-1533;;126
2025-02-27T13:13:24Z;-1764;;-105
2025-02-27T13:13:27Z;-1575;;84
2025-02-27T13:13:29Z;-1678;;-19
2025-02-27T13:13:49Z;-1781;;-122
2025-02-27T13:13:52Z;-1835;;-176
2025-02-27T13:14:00Z;-1765;;-106
2025-02-27T13:14:02Z;-1822;;-163
2025-02-27T13:14:05Z;-1786;;-127
2025-02-27T13:14:07Z;-1858;;-199
2025-02-27T13:14:09Z;-1761;;-102
2025-02-27T13:14:16Z;-1326;;333
2025-02-27T13:14:17Z;-1179;;480
2025-02-27T13:14:20Z;-1281;;378
2025-02-27T13:14:21Z;-1184;;475
2025-02-27T13:14:22Z;-917;;742
2025-02-27T13:14:27Z;-871;;788
2025-02-27T13:14:28Z;-1029;;630
2025-02-27T13:14:29Z;-1721;;-62
2025-02-27T13:14:37Z;-1808;;-149
2025-02-27T13:14:39Z;-1794;;-135
2025-02-27T13:14:41Z;-1802;;-143
2025-02-27T13:14:53Z;-1796;;-137
2025-02-27T13:14:55Z;-1806;;-147
2025-02-27T13:14:57Z;-1800;;-141
2025-02-27T13:14:59Z;-1808;;-149
2025-02-27T13:15:00Z;;1562;-246
2025-02-27T13:15:03Z;-1786;2033;-224
2025-02-27T13:15:04Z;;1420;-366
2025-02-27T13:15:05Z;-1800;;-380
2025-02-27T13:15:07Z;;1169;-631
2025-02-27T13:15:09Z;;1217;-583
2025-02-27T13:15:12Z;-1808;;-591
2025-02-27T13:15:13Z;-1794;;-577
2025-02-27T13:15:15Z;-1811;;-594
2025-02-27T13:15:47Z;;2105;294
2025-02-27T13:15:49Z;;2097;286
2025-02-27T13:15:53Z;;2125;314
2025-02-27T13:16:05Z;;2096;285
2025-02-27T13:16:07Z;;2111;300
2025-02-27T13:16:13Z;-1697;;414
2025-02-27T13:16:14Z;-1851;;260
2025-02-27T13:16:15Z;;1923;72
2025-02-27T13:16:18Z;-1321;;602
2025-02-27T13:16:19Z;-810;;1113
2025-02-27T13:16:20Z;;1627;817
2025-02-27T13:16:21Z;;1266;456
2025-02-27T13:16:23Z;;1037;227
2025-02-27T13:16:25Z;;898;88
2025-02-27T13:16:28Z;;900;90
2025-02-27T13:16:31Z;-1001;;-101
2025-02-27T13:16:53Z;-872;;28
2025-02-27T13:16:55Z;-1202;;-302
2025-02-27T13:16:56Z;-1282;;-382
2025-02-27T13:16:57Z;-1116;;-216
2025-02-27T13:16:58Z;-1292;;-392
2025-02-27T13:16:59Z;-1119;1798;-219
2025-02-27T13:17:01Z;;2244;1125
2025-02-27T13:17:02Z;-1657;1235;116
2025-02-27T13:17:03Z;-2028;;-793
2025-02-27T13:17:05Z;-1267;;-32
2025-02-27T13:17:08Z;-1121;;114
2025-02-27T13:17:18Z;;2096;975
2025-02-27T13:17:20Z;;2118;997
2025-02-27T13:17:52Z;-1809;;309
2025-02-27T13:17:54Z;-1419;2075;699
2025-02-27T13:17:56Z;;1744;325
2025-02-27T13:17:57Z;-1303;;441
2025-02-27T13:17:58Z;;1215;-88
2025-02-27T13:18:01Z;;1157;-146
2025-02-27T13:18:03Z;;1212;-91
2025-02-27T13:18:05Z;;1178;-125
2025-02-27T13:18:07Z;-1051;1505;202
2025-02-27T13:18:08Z;-1207;1428;298
2025-02-27T13:18:10Z;;1118;-89
2025-02-27T13:18:12Z;-904;;214
2025-02-27T13:18:13Z;-844;;274
2025-02-27T13:18:14Z;-910;;208
2025-02-27T13:18:16Z;;887;-23
2025-02-27T13:18:19Z;-611;;276
2025-02-27T13:18:20Z;-580;;307
2025-02-27T13:18:37Z;;926;346
2025-02-27T13:18:46Z;-722;;204
2025-02-27T13:18:47Z;-414;;512
2025-02-27T13:18:49Z;-445;;481
2025-02-27T13:18:50Z;-723;;203
2025-02-27T13:19:20Z;-843;;83
2025-02-27T13:19:22Z;;1272;429
2025-02-27T13:19:26Z;-1262;;10
2025-02-27T13:19:28Z;;1561;299
2025-02-27T13:19:30Z;-1245;1470;208
2025-02-27T13:19:33Z;;1172;-73
2025-02-27T13:19:35Z;-876;;296
2025-02-27T13:19:46Z;-876;;296
2025-02-27T13:19:47Z;;1220;344
2025-02-27T13:19:49Z;;1912;1036
2025-02-27T13:19:51Z;;2146;1270
2025-02-27T13:19:54Z;-1778;1602;368
2025-02-27T13:19:56Z;;1443;-335
2025-02-27T13:19:57Z;-2027;;-584
2025-02-27T13:19:58Z;-2097;;-654
2025-02-27T13:19:59Z;-1341;;102
2025-02-27T13:20:01Z;-1248;;195
2025-02-27T13:20:03Z;;1190;-58
2025-02-27T13:20:10Z;;1200;-48
2025-02-27T13:20:12Z;;1177;-71
2025-02-27T13:20:14Z;;1209;-39
2025-02-27T13:20:18Z;-1157;;52
2025-02-27T13:20:20Z;-1138;;71
2025-02-27T13:20:28Z;;1153;15
2025-02-27T13:20:31Z;-905;;248
2025-02-27T13:20:35Z;-918;;235
2025-02-27T13:20:44Z;;1255;337
2025-02-27T13:20:47Z;-1305;;-50
2025-02-27T13:20:48Z;;1669;364
2025-02-27T13:20:50Z;;1464;159
2025-02-27T13:20:52Z;;1611;306
2025-02-27T13:20:53Z;;1465;160
2025-02-27T13:20:55Z;;1552;247
2025-02-27T13:20:56Z;-1515;;37
2025-02-27T13:20:57Z;;1878;363
2025-02-27T13:20:58Z;-1876;;2
2025-02-27T13:21:01Z;-1654;2192;538
2025-02-27T13:21:03Z;-2070;;122
2025-02-27T13:21:05Z;-2108;;84
2025-02-27T13:21:09Z;-2011;;181
2025-02-27T13:21:11Z;-1425;;767
2025-02-27T13:21:12Z;-1133;;1059
2025-02-27T13:21:42Z;-902;;1290
2025-02-27T13:21:53Z;-899;;1293
2025-02-27T13:22:14Z;-1141;;1051
2025-02-27T13:22:15Z;-1436;;756
2025-02-27T13:22:17Z;-1962;;230
2025-02-27T13:22:22Z;-2103;;89
2025-02-27T13:22:24Z;-2116;;76
2025-02-27T13:22:26Z;-1451;;741
2025-02-27T13:22:32Z;-1636;;556
2025-02-27T13:22:52Z;-1918;;274
2025-02-27T13:22:54Z;-1593;;599
2025-02-27T13:22:57Z;-1391;;801
2025-02-27T13:23:01Z;-1873;;319
2025-02-27T13:23:03Z;-1866;;326
2025-02-27T13:23:05Z;-1346;;846
2025-02-27T13:23:08Z;-1409;;783
2025-02-27T13:23:09Z;-1180;;1012
2025-02-27T13:23:13Z;-1159;;1033
2025-02-27T13:23:20Z;-1147;;1045
2025-02-27T13:23:21Z;-1200;;992
2025-02-27T13:23:25Z;-1827;;365
2025-02-27T13:23:27Z;-1644;;548
2025-02-27T13:23:29Z;-1542;;650
2025-02-27T13:23:32Z;-1328;;864
2025-02-27T13:23:34Z;-1052;;1140
2025-02-27T13:23:37Z;-994;;1198
2025-02-27T13:23:40Z;-1486;;706
2025-02-27T13:23:42Z;-1880;;312
2025-02-27T13:24:23Z;-1799;;393
2025-02-27T13:24:24Z;-1801;;391
2025-02-27T13:24:25Z;-1798;;394
2025-02-27T13:25:36Z;-1794;;398
2025-02-27T13:25:48Z;-1808;;384
2025-02-27T13:25:50Z;-1795;;397
2025-02-27T13:26:01Z;-1813;;379
2025-02-27T13:26:14Z;-1801;;391
2025-02-27T13:26:17Z;;2112;311
2025-02-27T13:26:27Z;;2091;290
2025-02-27T13:26:29Z;;2124;323
2025-02-27T13:26:51Z;;2096;295
2025-02-27T13:26:54Z;-1801;;295
2025-02-27T13:27:01Z;;1795;-6
2025-02-27T13:27:04Z;;1817;16
2025-02-27T13:27:09Z;-1802;;15
2025-02-27T13:27:20Z;-1782;;35
2025-02-27T13:27:42Z;;1787;5
2025-02-27T13:27:46Z;-1479;;308
2025-02-27T13:28:02Z;;1495;16
2025-02-27T13:28:05Z;;1505;26
2025-02-27T13:28:12Z;-1511;;-6
2025-02-27T13:28:14Z;;1807;296
2025-02-27T13:28:31Z;-1808;;-1
2025-02-27T13:28:37Z;;2108;300
2025-02-27T13:28:41Z;;2098;290
2025-02-27T13:28:50Z;;2094;286
2025-02-27T13:28:53Z;;2081;273
2025-02-27T13:29:08Z;;2104;296
2025-02-27T13:29:17Z;;2071;263
2025-02-27T13:29:18Z;-1840;;231
2025-02-27T13:29:28Z;-1824;;247
2025-02-27T13:29:31Z;;2120;296
2025-02-27T13:30:01Z;;2182;358
2025-02-27T13:30:07Z;-1944;;238
2025-02-27T13:30:20Z;;2097;153
2025-02-27T13:30:28Z;-1802;;295
2025-02-27T13:31:03Z;-1807;;290
2025-02-27T13:31:13Z;;2104;297
2025-02-27T13:32:07Z;;2080;273
2025-02-27T13:32:12Z;-1785;;295
2025-02-27T13:32:42Z;-1814;;266
2025-02-27T13:32:47Z;;2103;289
2025-02-27T13:33:03Z;;2082;268
2025-02-27T13:33:04Z;-1817;;265
2025-02-27T13:33:10Z;;1799;-18
2025-02-27T13:33:20Z;-1501;;298
2025-02-27T13:33:28Z;-1516;;283
2025-02-27T13:33:30Z;;1857;341
2025-02-27T13:33:52Z;;1788;272
2025-02-27T13:33:53Z;-1494;;294
2025-02-27T13:33:59Z;;1460;-34
2025-02-27T13:34:12Z;;1511;17
2025-02-27T13:34:14Z;;1512;18
2025-02-27T13:34:16Z;-1202;;310
2025-02-27T13:34:41Z;-1199;;313
2025-02-27T13:34:53Z;;1516;317
2025-02-27T13:34:59Z;-1547;;-31
2025-02-27T13:35:00Z;;1812;265
2025-02-27T13:35:04Z;-1776;;36
2025-02-27T13:35:09Z;;2101;325
2025-02-27T13:35:11Z;;2097;321
2025-02-27T13:35:12Z;;2115;339
2025-02-27T13:35:56Z;;2145;369
2025-02-27T13:35:58Z;-1769;;376
2025-02-27T13:36:00Z;;1736;-33
2025-02-27T13:36:02Z;;1444;-325
2025-02-27T13:36:04Z;-1350;;94
2025-02-27T13:36:05Z;;1501;151
2025-02-27T13:36:08Z;-1519;;-18
2025-02-27T13:36:10Z;;1821;302
2025-02-27T13:36:22Z;-1820;;1
2025-02-27T13:36:23Z;-1814;;7
2025-02-27T13:36:27Z;;1805;-9
2025-02-27T13:36:29Z;-1494;;311
2025-02-27T13:36:32Z;-1501;;304
2025-02-27T13:36:34Z;;1847;346
2025-02-27T13:36:37Z;-1840;;7
2025-02-27T13:36:45Z;;2137;297
2025-02-27T13:38:32Z;-2098;;39
2025-02-27T13:38:34Z;-2093;;44
2025-02-27T13:40:32Z;;2069;-24
2025-02-27T13:40:33Z;-1765;;304
2025-02-27T13:40:41Z;-1799;;270
2025-02-27T13:40:47Z;-1845;;224
2025-02-27T13:40:51Z;-1733;;336
2025-02-27T13:40:55Z;-1833;;236
2025-02-27T13:40:58Z;;1799;-34
2025-02-27T13:41:01Z;;1808;-25
2025-02-27T13:41:07Z;-1831;;-23
2025-02-27T13:41:09Z;;2079;248
2025-02-27T13:41:19Z;;2065;234
2025-02-27T13:41:24Z;;2108;277
2025-02-27T13:41:28Z;;2093;262
2025-02-27T13:41:30Z;-1817;;276
2025-02-27T13:41:36Z;-1792;;301
2025-02-27T13:41:38Z;-1793;;300
2025-02-27T13:41:42Z;-1816;;277
2025-02-27T13:41:47Z;;2104;288
2025-02-27T13:42:30Z;-1810;;294
2025-02-27T13:42:31Z;;1999;189
2025-02-27T13:42:33Z;;1866;56
2025-02-27T13:42:35Z;;1820;10
2025-02-27T13:42:43Z;-1865;;-45
2025-02-27T13:42:45Z;;2128;263
2025-02-27T13:43:09Z;;2069;204
2025-02-27T13:43:11Z;-1764;;305
2025-02-27T13:43:22Z;-1805;;264
2025-02-27T13:43:24Z;;2115;310
2025-02-27T13:43:33Z;-1771;;344
2025-02-27T13:43:34Z;;2007;236
2025-02-27T13:43:38Z;-1826;;181
2025-02-27T13:43:42Z;-1793;;214
2025-02-27T13:43:44Z;-1800;;207
2025-02-27T13:43:47Z;;2111;311
2025-02-27T13:44:00Z;;2094;294
2025-02-27T13:44:05Z;-1794;;300
2025-02-27T13:44:10Z;-1856;;238
2025-02-27T13:45:01Z;;2045;189
2025-02-27T13:45:05Z;-1875;;170
2025-02-27T13:45:49Z;-1763;;282
2025-02-27T13:46:22Z;-1800;;245
2025-02-27T13:46:23Z;-1793;;252
2025-02-27T13:46:24Z;-1804;;241
2025-02-27T13:46:26Z;-1797;;248
2025-02-27T13:50:17Z;-1661;;384
2025-02-27T13:50:18Z;-1801;;244
2025-02-27T13:50:24Z;-1804;;241
2025-02-27T13:50:26Z;-1796;;249
2025-02-27T13:50:56Z;-1806;;239
2025-02-27T13:51:02Z;-1799;;246
2025-02-27T13:53:01Z;;1798;-1
2025-02-27T13:53:03Z;;1809;10
2025-02-27T13:53:10Z;;1789;-10
2025-02-27T13:53:13Z;-1538;;251
2025-02-27T13:53:15Z;-1511;;278
2025-02-27T13:53:25Z;-1481;;308
2025-02-27T13:53:27Z;;1462;-19
2025-02-27T13:53:35Z;;1507;26
2025-02-27T13:53:40Z;-1481;;26
2025-02-27T13:53:48Z;;1800;319
2025-02-27T13:53:50Z;;1791;310
2025-02-27T13:54:16Z;-1452;;339
2025-02-27T13:54:17Z;;1488;36
2025-02-27T13:54:28Z;-1199;;289
2025-02-27T13:54:38Z;;1182;-17
2025-02-27T13:54:49Z;;1192;-7
2025-02-27T13:54:51Z;-1221;;-29
2025-02-27T13:55:08Z;;1522;301
2025-02-27T13:55:12Z;-1493;;29
2025-02-27T13:56:55Z;-1499;;23
2025-02-27T13:58:04Z;;1494;-5
2025-02-27T14:00:01Z;;1403;-96
2025-02-27T14:00:05Z;-1319;;84
2025-02-27T14:06:08Z;-958;;445
2025-02-27T14:06:32Z;-1218;;185
2025-02-27T14:06:33Z;-1188;;215
2025-02-27T14:06:54Z;-1199;;204
2025-02-27T14:06:55Z;-1202;;201
2025-02-27T14:07:01Z;-1194;;209
2025-02-27T14:07:03Z;-1202;;201
2025-02-27T14:07:06Z;-1205;;198
2025-02-27T14:07:07Z;-1205;;198
2025-02-27T14:07:09Z;-1200;;203
2025-02-27T14:07:18Z;-1196;;207
2025-02-27T14:07:19Z;-1196;;207
2025-02-27T14:08:08Z;-1223;;180
2025-02-27T14:08:09Z;-1007;;396
2025-02-27T14:08:25Z;-1209;;194
2025-02-27T14:08:26Z;-1197;;206
2025-02-27T14:08:34Z;-1198;;205
2025-02-27T14:08:35Z;-1198;;205
2025-02-27T14:09:02Z;-1198;;205
2025-02-27T14:09:03Z;-1203;;200
2025-02-27T14:09:06Z;-1195;;208
2025-02-27T14:09:12Z;-1202;;201
2025-02-27T14:09:14Z;-1194;;209
2025-02-27T14:09:16Z;-1201;;202
2025-02-27T14:09:22Z;-1196;;207
2025-02-27T14:09:28Z;-1201;;202
2025-02-27T14:09:29Z;-1201;;202
2025-02-27T14:09:37Z;-1194;;209
2025-02-27T14:09:43Z;-1204;;199
2025-02-27T14:09:46Z;-1207;;196
2025-02-27T14:09:54Z;-1191;;212
2025-02-27T14:09:55Z;-1190;;213
2025-02-27T14:10:03Z;-1208;;195
2025-02-27T14:10:06Z;-1208;;195
2025-02-27T14:10:25Z;-1199;;204
2025-02-27T14:10:37Z;-1217;;186
2025-02-27T14:10:50Z;-1215;;188
2025-02-27T14:10:54Z;;1171;-44
2025-02-27T14:10:58Z;-900;;271
2025-02-27T14:10:59Z;-923;;248
2025-02-27T14:11:05Z;-858;;313
2025-02-27T14:11:25Z;;895;37
2025-02-27T14:11:29Z;-589;;306
2025-02-27T14:11:47Z;-610;;285
2025-02-27T14:12:07Z;-593;;302
2025-02-27T14:12:47Z;-593;;302
2025-02-27T14:12:56Z;-600;;295
2025-02-27T14:13:06Z;-594;;301
2025-02-27T14:13:12Z;-588;;307
2025-02-27T14:14:16Z;-589;;306
2025-02-27T14:14:20Z;;875;286
2025-02-27T14:14:22Z;;875;286
2025-02-27T14:14:35Z;-587;;288
2025-02-27T14:14:37Z;-611;;264
2025-02-27T14:14:44Z;-606;;269
2025-02-27T14:15:01Z;;688;82
2025-02-27T14:15:05Z;-492;;196
2025-02-27T14:16:29Z;-589;;99
2025-02-27T14:16:43Z;-594;;94
2025-02-27T14:17:00Z;-586;;102
2025-02-27T14:17:39Z;-615;;73
2025-02-27T14:18:36Z;;599;-16
2025-02-27T14:24:16Z;;600;-15
2025-02-27T14:24:18Z;;598;-17
2025-02-27T14:25:20Z;;597;-18
2025-02-27T14:25:22Z;;598;-17
2025-02-27T14:25:24Z;;606;-9
2025-02-27T14:25:52Z;;596;-19
2025-02-27T14:25:54Z;;602;-13
2025-02-27T14:25:56Z;;597;-18
2025-02-27T14:26:00Z;;600;-15
2025-02-27T14:26:02Z;;599;-16
2025-02-27T14:26:04Z;;605;-10
2025-02-27T14:26:06Z;;593;-22
2025-02-27T14:26:08Z;;600;-15
2025-02-27T14:26:10Z;;599;-16
2025-02-27T14:26:16Z;;600;-15
2025-02-27T14:26:18Z;;591;-24
2025-02-27T14:26:20Z;;600;-15
2025-02-27T14:26:22Z;;595;-20
2025-02-27T14:26:23Z;;600;-15
2025-02-27T14:26:25Z;;603;-12
2025-02-27T14:26:27Z;;599;-16
2025-02-27T14:26:30Z;;593;-22
2025-02-27T14:26:32Z;;604;-11
2025-02-27T14:26:34Z;;594;-21
2025-02-27T14:26:36Z;;605;-10
2025-02-27T14:26:42Z;;597;-18
2025-02-27T14:26:46Z;;600;-15
2025-02-27T14:27:15Z;;503;-112
2025-02-27T14:27:17Z;;710;95
2025-02-27T14:27:23Z;;232;-383
2025-02-27T14:27:25Z;;722;107
2025-02-27T14:28:07Z;-590;;132
2025-02-27T14:28:15Z;;919;329
2025-02-27T14:28:17Z;;882;292
2025-02-27T14:28:19Z;;913;323
2025-02-27T14:28:21Z;;871;281
2025-02-27T14:28:22Z;-619;;252
2025-02-27T14:30:01Z;;633;14
2025-02-27T14:30:05Z;-465;;168
2025-02-27T14:31:14Z;-579;;54
2025-02-27T14:31:16Z;-612;;21
2025-02-27T14:31:18Z;-638;;-5
2025-02-27T14:31:22Z;;920;282
2025-02-27T14:31:24Z;;889;251
2025-02-27T14:31:26Z;;918;280
2025-02-27T14:31:45Z;;869;231
2025-02-27T14:31:53Z;-598;;271
2025-02-27T14:33:29Z;-612;;257
2025-02-27T14:34:22Z;;900;288
2025-02-27T14:35:02Z;;895;283
2025-02-27T14:35:47Z;;892;280
2025-02-27T14:35:54Z;-896;;-4
2025-02-27T14:36:56Z;-912;;-20
2025-02-27T14:37:02Z;;897;-15
2025-02-27T14:38:33Z;;912;0
2025-02-27T14:38:40Z;-891;;21
2025-02-27T14:38:48Z;-901;;11
2025-02-27T14:38:55Z;;888;-13
2025-02-27T14:39:03Z;;901;0
2025-02-27T14:39:18Z;;896;-5
2025-02-27T14:39:35Z;;902;1
2025-02-27T14:40:17Z;;888;-13
2025-02-27T14:40:46Z;;901;0
2025-02-27T14:41:44Z;;898;-3
2025-02-27T14:41:46Z;;900;-1
2025-02-27T14:41:58Z;;897;-4
2025-02-27T14:42:00Z;;906;5
2025-02-27T14:42:04Z;;868;-33
2025-02-27T14:42:06Z;;904;3
2025-02-27T14:42:16Z;;874;-27
2025-02-27T14:42:18Z;;903;2
2025-02-27T14:42:20Z;;898;-3
2025-02-27T14:42:22Z;;907;6
2025-02-27T14:42:26Z;;896;-5
2025-02-27T14:42:29Z;;904;3
2025-02-27T14:42:31Z;;893;-8
2025-02-27T14:42:32Z;;899;-2
2025-02-27T14:42:34Z;;899;-2
2025-02-27T14:45:01Z;;793;-108
2025-02-27T14:45:05Z;-713;;80
2025-02-27T14:47:39Z;-339;;454
2025-02-27T14:47:40Z;-681;;112
2025-02-27T14:48:57Z;-595;;198
2025-02-27T14:49:05Z;;598;3
2025-02-27T14:49:15Z;;603;8
2025-02-27T14:49:21Z;;594;-1
2025-02-27T14:52:39Z;;603;8
2025-02-27T14:52:41Z;;598;3
2025-02-27T14:52:43Z;;600;5
2025-02-27T14:52:44Z;;589;-6
2025-02-27T14:57:57Z;-353;;236
2025-02-27T14:57:58Z;-642;;-53
2025-02-27T15:00:01Z;;383;-259
2025-02-27T15:00:05Z;-317;;66
2025-02-27T15:01:53Z;-301;;82
2025-02-27T15:01:54Z;-297;;86
2025-02-27T15:02:02Z;-301;;82
2025-02-27T15:02:05Z;-298;;85
2025-02-27T15:02:12Z;-301;;82
2025-02-27T15:02:15Z;-299;;84
2025-02-27T15:02:22Z;-303;;80
2025-02-27T15:02:25Z;-301;;82
2025-02-27T15:02:26Z;-298;;85
2025-02-27T15:02:28Z;-306;;77
2025-02-27T15:04:08Z;-305;;78
2025-02-27T15:04:10Z;-294;;89
2025-02-27T15:04:20Z;-305;;78
2025-02-27T15:04:22Z;-296;;87
2025-02-27T15:04:34Z;-306;;77
2025-02-27T15:04:36Z;-297;;86
2025-02-27T15:07:12Z;-298;;85
2025-02-27T15:07:13Z;-304;;79
2025-02-27T15:07:21Z;-295;;88
2025-02-27T15:07:23Z;-304;;79
2025-02-27T15:08:10Z;-346;;37
2025-02-27T15:08:11Z;-145;;238
2025-02-27T15:08:12Z;-337;;46
2025-02-27T15:08:13Z;-70;;313
2025-02-27T15:08:42Z;-294;;89
2025-02-27T15:13:06Z;;298;4
2025-02-27T15:13:08Z;;306;12
2025-02-27T15:13:10Z;;295;1
2025-02-27T15:13:12Z;;312;18
2025-02-27T15:13:27Z;;299;5
2025-02-27T15:13:29Z;;307;13
2025-02-27T15:13:42Z;;298;4
2025-02-27T15:13:44Z;;305;11
2025-02-27T15:13:52Z;;294;0
2025-02-27T15:13:54Z;;300;6
2025-02-27T15:14:02Z;;294;0
2025-02-27T15:14:04Z;;300;6
2025-02-27T15:14:10Z;;299;5
2025-02-27T15:14:18Z;;300;6
2025-02-27T15:14:20Z;;295;1
2025-02-27T15:15:01Z;;290;-4
2025-02-27T15:15:05Z;-224;;66
2025-02-27T15:18:15Z;138;;428
2025-02-27T15:30:01Z;;179;317
2025-02-27T15:30:05Z;-107;;72
2025-02-27T15:45:05Z;-110;;69
2025-02-27T15:45:07Z;;176;66
2025-02-27T15:48:42Z;;441;331
2025-02-27T15:48:44Z;;167;57
2025-02-27T15:58:49Z;-473;;-306
2025-02-27T15:58:50Z;-108;;59
2025-02-27T16:00:05Z;-105;;62
2025-02-27T16:00:07Z;;172;67
2025-02-27T16:04:25Z;1659;;1831
2025-02-27T16:04:26Z;113;;285
2025-02-27T16:15:05Z;128;;300
2025-02-27T16:15:07Z;;50;178
2025-02-27T16:19:02Z;-124;;-74
2025-02-27T16:19:03Z;132;;182
2025-02-27T16:29:22Z;;388;520
2025-02-27T16:29:24Z;;62;194
2025-02-27T16:30:05Z;117;;179
2025-02-27T16:30:07Z;;58;175
2025-02-27T16:39:24Z;;0;117
2025-02-27T16:39:25Z;310;;310
2025-02-27T16:39:26Z;65;;65
2025-02-27T16:39:28Z;;0;65
2025-02-27T16:42:53Z;;0;65
2025-02-27T16:42:55Z;;1;66
2025-02-27T16:42:57Z;;0;65
2025-02-27T16:43:02Z;;1;66
2025-02-27T16:43:05Z;;0;65
2025-02-27T16:43:11Z;;1;66
2025-02-27T16:43:13Z;;0;65
2025-02-27T16:45:05Z;66;;66
2025-02-27T16:45:07Z;;0;66
2025-02-27T17:00:05Z;68;;68
2025-02-27T17:00:07Z;;0;68
2025-02-27T17:15:05Z;65;;65
2025-02-27T17:15:07Z;;0;65
2025-02-27T17:30:05Z;66;;66
2025-02-27T17:30:07Z;;0;66
2025-02-27T17:45:05Z;224;;224
2025-02-27T17:45:07Z;;0;224
2025-02-27T17:47:31Z;342;;342
2025-02-27T17:47:33Z;282;;282
2025-02-27T17:48:28Z;332;;332
2025-02-27T17:48:30Z;283;;283
2025-02-27T17:55:42Z;341;;341
2025-02-27T17:55:44Z;283;;283
2025-02-27T17:56:35Z;340;;340
2025-02-27T17:56:37Z;282;;282
2025-02-27T17:56:57Z;340;;340
2025-02-27T17:56:59Z;280;;280
2025-02-27T17:58:06Z;334;;334
2025-02-27T17:58:08Z;281;;281
2025-02-27T18:00:05Z;68;;68
2025-02-27T18:00:07Z;;0;68
2025-02-27T18:03:39Z;899;;899
2025-02-27T18:03:40Z;200;;200
2025-02-27T18:15:05Z;180;;180
2025-02-27T18:15:07Z;;0;180
2025-02-27T18:30:05Z;176;;176
2025-02-27T18:30:07Z;;0;176
2025-02-27T18:45:05Z;67;;67
2025-02-27T18:45:07Z;;0;67
2025-02-27T19:00:05Z;133;;133
2025-02-27T19:00:07Z;;0;133
2025-02-27T19:15:05Z;136;;136
2025-02-27T19:15:07Z;;0;136
2025-02-27T19:30:05Z;134;;134
2025-02-27T19:30:07Z;;0;134
2025-02-27T19:45:05Z;135;;135
2025-02-27T19:45:07Z;;0;135
2025-02-27T19:55:25Z;383;;383
2025-02-27T19:55:46Z;144;;144
2025-02-27T19:56:23Z;410;;410
2025-02-27T19:56:42Z;138;;138
2025-02-27T19:59:48Z;374;;374
2025-02-27T19:59:51Z;1804;;1804
2025-02-27T19:59:58Z;1797;;1797
2025-02-27T20:00:04Z;1804;;1804
2025-02-27T20:00:07Z;1795;0;1795
2025-02-27T20:00:23Z;1799;;1799
2025-02-27T20:01:18Z;166;;166
2025-02-27T20:06:29Z;2406;;2406
2025-02-27T20:06:30Z;338;;338
2025-02-27T20:06:33Z;298;;298
2025-02-27T20:06:35Z;301;;301
2025-02-27T20:07:36Z;299;;299
2025-02-27T20:07:55Z;301;;301
2025-02-27T20:07:59Z;294;;294
2025-02-27T20:08:01Z;300;;300
2025-02-27T20:08:05Z;289;;289
2025-02-27T20:09:12Z;304;;304
2025-02-27T20:09:14Z;282;;282
2025-02-27T20:10:15Z;432;;432
2025-02-27T20:10:19Z;270;;270
2025-02-27T20:10:36Z;317;;317
2025-02-27T20:10:42Z;262;;262
2025-02-27T20:10:47Z;330;;330
2025-02-27T20:10:51Z;287;;287
2025-02-27T20:11:04Z;304;;304
2025-02-27T20:11:11Z;270;;270
2025-02-27T20:11:16Z;339;;339
2025-02-27T20:11:22Z;271;;271
2025-02-27T20:11:35Z;314;;314
2025-02-27T20:11:42Z;264;;264
2025-02-27T20:11:46Z;324;;324
2025-02-27T20:11:53Z;265;;265
2025-02-27T20:12:04Z;315;;315
2025-02-27T20:12:11Z;261;;261
2025-02-27T20:12:15Z;304;;304
2025-02-27T20:12:25Z;272;;272
2025-02-27T20:12:35Z;321;;321
2025-02-27T20:12:42Z;260;;260
2025-02-27T20:12:46Z;339;;339
2025-02-27T20:12:58Z;260;;260
2025-02-27T20:13:02Z;1171;;1171
2025-02-27T20:13:03Z;1970;;1970
2025-02-27T20:13:05Z;2119;;2119
2025-02-27T20:13:06Z;2097;;2097
2025-02-27T20:13:07Z;2104;;2104
2025-02-27T20:13:09Z;1983;;1983
2025-02-27T20:13:51Z;296;;296
2025-02-27T20:14:01Z;1967;;1967
2025-02-27T20:15:05Z;1982;;1982
2025-02-27T20:15:07Z;;0;1982
2025-02-27T20:21:24Z;2122;;2122
2025-02-27T20:21:25Z;2068;;2068
2025-02-27T20:21:56Z;2100;;2100
2025-02-27T20:21:57Z;2018;;2018
2025-02-27T20:24:06Z;2105;;2105
2025-02-27T20:24:07Z;2060;;2060
2025-02-27T20:24:24Z;2120;;2120
2025-02-27T20:24:25Z;2062;;2062
2025-02-27T20:25:11Z;2100;;2100
2025-02-27T20:25:12Z;2054;;2054
2025-02-27T20:25:29Z;2104;;2104
2025-02-27T20:25:30Z;2073;;2073
2025-02-27T20:26:31Z;475;;475
2025-02-27T20:28:14Z;298;;298
2025-02-27T20:28:18Z;301;;301
2025-02-27T20:28:20Z;287;;287
2025-02-27T20:28:22Z;336;;336
2025-02-27T20:28:29Z;290;;290
2025-02-27T20:28:32Z;333;;333
2025-02-27T20:30:05Z;410;;410
2025-02-27T20:30:06Z;;0;410
2025-02-27T20:30:12Z;265;;265
2025-02-27T20:30:13Z;328;;328
2025-02-27T20:36:07Z;222;;222
2025-02-27T20:36:14Z;318;;318
2025-02-27T20:36:20Z;225;;225
2025-02-27T20:36:30Z;321;;321
2025-02-27T20:36:36Z;226;;226
2025-02-27T20:36:47Z;409;;409
2025-02-27T20:36:52Z;259;;259
2025-02-27T20:37:03Z;352;;352
2025-02-27T20:37:09Z;227;;227
2025-02-27T20:37:19Z;315;;315
2025-02-27T20:37:25Z;225;;225
2025-02-27T20:37:35Z;337;;337
2025-02-27T20:37:41Z;226;;226
2025-02-27T20:37:52Z;404;;404
2025-02-27T20:37:58Z;236;;236
2025-02-27T20:38:08Z;404;;404
2025-02-27T20:38:14Z;231;;231
2025-02-27T20:38:24Z;314;;314
2025-02-27T20:38:30Z;231;;231
2025-02-27T20:38:40Z;333;;333
2025-02-27T20:38:46Z;229;;229
2025-02-27T20:38:57Z;397;;397
2025-02-27T20:39:03Z;246;;246
2025-02-27T20:39:13Z;377;;377
2025-02-27T20:39:19Z;238;;238
2025-02-27T20:39:29Z;344;;344
2025-02-27T20:39:35Z;235;;235
2025-02-27T20:39:45Z;317;;317
2025-02-27T20:39:51Z;227;;227
2025-02-27T20:40:02Z;429;;429
2025-02-27T20:40:07Z;252;;252
2025-02-27T20:40:18Z;387;;387
2025-02-27T20:40:24Z;225;;225
2025-02-27T20:40:34Z;336;;336
2025-02-27T20:40:40Z;246;;246
2025-02-27T20:40:50Z;341;;341
2025-02-27T20:40:56Z;246;;246
2025-02-27T20:41:06Z;307;;307
2025-02-27T20:41:12Z;254;;254
2025-02-27T20:41:23Z;409;;409
2025-02-27T20:41:29Z;239;;239
2025-02-27T20:41:39Z;334;;334
2025-02-27T20:41:45Z;237;;237
2025-02-27T20:41:55Z;1953;;1953
2025-02-27T20:42:56Z;235;;235
2025-02-27T20:42:57Z;461;;461
2025-02-27T20:43:12Z;237;;237
2025-02-27T20:43:13Z;403;;403
2025-02-27T20:43:27Z;235;;235
2025-02-27T20:43:29Z;423;;423
2025-02-27T20:43:43Z;178;;178
2025-02-27T20:43:45Z;322;;322
2025-02-27T20:43:59Z;238;;238
2025-02-27T20:44:01Z;359;;359
2025-02-27T20:44:15Z;242;;242
2025-02-27T20:44:17Z;321;;321
2025-02-27T20:44:32Z;238;;238
2025-02-27T20:44:34Z;428;;428
2025-02-27T20:44:48Z;232;;232
2025-02-27T20:44:50Z;357;;357
2025-02-27T20:45:04Z;242;;242
2025-02-27T20:45:06Z;;0;242
2025-02-27T20:45:09Z;353;;353
2025-02-27T20:45:20Z;237;;237
2025-02-27T20:45:23Z;402;;402
2025-02-27T20:45:36Z;245;;245
2025-02-27T20:45:39Z;427;;427
2025-02-27T20:45:53Z;229;;229
2025-02-27T20:45:55Z;363;;363
2025-02-27T20:46:01Z;219;;219
2025-02-27T20:46:11Z;317;;317
2025-02-27T20:46:17Z;240;;240
2025-02-27T20:46:27Z;322;;322
2025-02-27T20:46:33Z;234;;234
2025-02-27T20:46:44Z;415;;415
2025-02-27T20:46:49Z;243;;243
2025-02-27T20:47:00Z;362;;362
2025-02-27T20:47:06Z;230;;230
2025-02-27T20:47:16Z;326;;326
2025-02-27T20:47:22Z;234;;234
2025-02-27T20:47:32Z;333;;333
2025-02-27T20:47:38Z;236;;236
2025-02-27T20:47:49Z;396;;396
2025-02-27T20:47:54Z;295;;295
2025-02-27T20:48:05Z;418;;418
2025-02-27T20:48:11Z;238;;238
2025-02-27T20:48:21Z;305;;305
2025-02-27T20:48:27Z;221;;221
2025-02-27T20:48:37Z;321;;321
2025-02-27T20:48:43Z;232;;232
2025-02-27T20:48:54Z;379;;379
2025-02-27T20:49:00Z;219;;219
2025-02-27T20:49:10Z;387;;387
2025-02-27T20:49:16Z;238;;238
2025-02-27T20:49:26Z;331;;331
2025-02-27T20:49:32Z;223;;223
2025-02-27T20:49:42Z;310;;310
2025-02-27T20:49:48Z;228;;228
2025-02-27T20:49:59Z;361;;361
2025-02-27T20:50:04Z;216;;216
2025-02-27T20:50:15Z;379;;379
2025-02-27T20:50:21Z;215;;215
2025-02-27T20:50:31Z;320;;320
2025-02-27T20:50:37Z;232;;232
2025-02-27T20:50:47Z;309;;309
2025-02-27T20:50:53Z;221;;221
2025-02-27T20:51:03Z;366;;366
2025-02-27T20:51:09Z;232;;232
2025-02-27T20:51:20Z;413;;413
2025-02-27T20:51:26Z;230;;230
2025-02-27T20:51:35Z;320;;320
2025-02-27T20:51:42Z;227;;227
2025-02-27T20:51:52Z;313;;313
2025-02-27T20:51:58Z;216;;216
2025-02-27T20:52:09Z;377;;377
2025-02-27T20:52:14Z;257;;257
2025-02-27T20:52:24Z;406;;406
2025-02-27T20:52:31Z;235;;235
2025-02-27T20:52:41Z;374;;374
2025-02-27T20:52:47Z;239;;239
2025-02-27T20:52:57Z;339;;339
2025-02-27T20:53:03Z;236;;236
2025-02-27T20:53:14Z;376;;376
2025-02-27T20:53:19Z;230;;230
2025-02-27T20:53:30Z;421;;421
2025-02-27T20:53:36Z;232;;232
2025-02-27T20:53:46Z;360;;360
2025-02-27T20:53:52Z;241;;241
2025-02-27T20:54:02Z;320;;320
2025-02-27T20:54:08Z;232;;232
2025-02-27T20:54:18Z;328;;328
2025-02-27T20:54:24Z;235;;235
2025-02-27T20:54:35Z;413;;413
2025-02-27T20:54:41Z;232;;232
2025-02-27T20:54:51Z;356;;356
2025-02-27T20:54:57Z;229;;229
2025-02-27T20:55:07Z;314;;314
2025-02-27T20:55:13Z;222;;222
2025-02-27T20:55:23Z;334;;334
2025-02-27T20:55:29Z;231;;231
2025-02-27T20:55:40Z;371;;371
2025-02-27T20:55:46Z;235;;235
2025-02-27T20:55:56Z;402;;402
2025-02-27T20:56:02Z;233;;233
2025-02-27T20:56:12Z;311;;311
2025-02-27T20:56:18Z;224;;224
2025-02-27T20:56:28Z;315;;315
2025-02-27T20:56:34Z;227;;227
2025-02-27T20:56:45Z;398;;398
2025-02-27T20:56:51Z;227;;227
2025-02-27T20:57:01Z;384;;384
2025-02-27T20:57:07Z;231;;231
2025-02-27T20:57:17Z;342;;342
2025-02-27T20:57:23Z;235;;235
2025-02-27T20:57:33Z;319;;319
2025-02-27T20:57:39Z;214;;214
2025-02-27T20:57:49Z;336;;336
2025-02-27T20:57:55Z;262;;262
2025-02-27T20:58:06Z;396;;396
2025-02-27T20:58:12Z;249;;249
2025-02-27T20:58:22Z;348;;348
2025-02-27T20:58:28Z;248;;248
2025-02-27T20:58:38Z;344;;344
2025-02-27T20:58:44Z;260;;260
2025-02-27T20:58:55Z;410;;410
2025-02-27T20:59:00Z;282;;282
2025-02-27T20:59:03Z;302;;302
2025-02-27T20:59:04Z;287;;287
2025-02-27T20:59:08Z;349;;349
2025-02-27T20:59:09Z;252;;252
2025-02-27T20:59:11Z;435;;435
2025-02-27T20:59:17Z;265;;265
2025-02-27T20:59:27Z;403;;403
2025-02-27T20:59:33Z;247;;247
2025-02-27T20:59:43Z;352;;352
2025-02-27T20:59:49Z;249;;249
2025-02-27T21:00:00Z;422;;422
2025-02-27T21:00:05Z;422;;422
2025-02-27T21:00:06Z;248;;248
2025-02-27T21:00:07Z;;0;248
2025-02-27T21:00:16Z;410;;410
2025-02-27T21:00:22Z;256;;256
2025-02-27T21:00:30Z;302;;302
2025-02-27T21:00:31Z;247;;247
2025-02-27T21:00:33Z;382;;382
2025-02-27T21:00:38Z;274;;274
2025-02-27T21:00:48Z;380;;380
2025-02-27T21:00:54Z;283;;283
2025-02-27T21:01:05Z;441;;441
2025-02-27T21:01:10Z;280;;280
2025-02-27T21:01:21Z;446;;446
2025-02-27T21:01:27Z;279;;279
2025-02-27T21:01:37Z;397;;397
2025-02-27T21:01:43Z;277;;277
2025-02-27T21:01:53Z;366;;366
2025-02-27T21:01:59Z;276;;276
2025-02-27T21:02:09Z;378;;378
2025-02-27T21:02:15Z;280;;280
2025-02-27T21:02:26Z;444;;444
2025-02-27T21:02:32Z;278;;278
2025-02-27T21:02:42Z;384;;384
2025-02-27T21:02:48Z;278;;278
2025-02-27T21:02:58Z;358;;358
2025-02-27T21:03:04Z;274;;274
2025-02-27T21:03:14Z;357;;357
2025-02-27T21:03:20Z;285;;285
2025-02-27T21:03:31Z;431;;431
2025-02-27T21:03:37Z;280;;280
2025-02-27T21:03:47Z;423;;423
2025-02-27T21:03:53Z;274;;274
2025-02-27T21:04:03Z;381;;381
2025-02-27T21:04:09Z;279;;279
2025-02-27T21:04:19Z;338;;338
2025-02-27T21:04:25Z;279;;279
2025-02-27T21:04:36Z;471;;471
2025-02-27T21:04:42Z;273;;273
2025-02-27T21:04:52Z;403;;403
2025-02-27T21:04:58Z;269;;269
2025-02-27T21:05:08Z;363;;363
2025-02-27T21:05:14Z;272;;272
2025-02-27T21:05:24Z;383;;383
2025-02-27T21:05:30Z;287;;287
2025-02-27T21:05:40Z;319;;319
2025-02-27T21:05:47Z;272;;272
2025-02-27T21:05:57Z;396;;396
2025-02-27T21:06:03Z;289;;289
2025-02-27T21:06:13Z;377;;377
2025-02-27T21:06:19Z;280;;280
2025-02-27T21:06:29Z;369;;369
2025-02-27T21:06:35Z;273;;273
2025-02-27T21:06:46Z;439;;439
2025-02-27T21:06:52Z;281;;281
2025-02-27T21:07:02Z;456;;456
2025-02-27T21:07:08Z;265;;265
2025-02-27T21:07:18Z;353;;353
2025-02-27T21:07:24Z;253;;253
2025-02-27T21:07:34Z;349;;349
2025-02-27T21:07:40Z;263;;263
2025-02-27T21:07:51Z;414;;414
2025-02-27T21:07:57Z;261;;261
2025-02-27T21:08:07Z;446;;446
2025-02-27T21:08:13Z;267;;267
2025-02-27T21:08:23Z;375;;375
2025-02-27T21:08:29Z;260;;260
2025-02-27T21:08:39Z;342;;342
2025-02-27T21:08:45Z;258;;258
2025-02-27T21:08:56Z;416;;416
2025-02-27T21:09:01Z;254;;254
2025-02-27T21:09:12Z;398;;398
2025-02-27T21:09:18Z;280;;280
2025-02-27T21:09:28Z;385;;385
2025-02-27T21:09:34Z;277;;277
2025-02-27T21:09:44Z;369;;369
2025-02-27T21:09:50Z;279;;279
2025-02-27T21:10:00Z;365;;365
2025-02-27T21:10:06Z;280;;280
2025-02-27T21:10:17Z;439;;439
2025-02-27T21:10:23Z;292;;292
2025-02-27T21:10:33Z;367;;367
2025-02-27T21:10:39Z;281;;281
2025-02-27T21:10:49Z;363;;363
2025-02-27T21:10:55Z;244;;244
2025-02-27T21:11:05Z;345;;345
2025-02-27T21:11:12Z;290;;290
2025-02-27T21:11:22Z;455;;455
2025-02-27T21:11:28Z;261;;261
2025-02-27T21:11:38Z;395;;395
2025-02-27T21:11:44Z;283;;283
2025-02-27T21:11:54Z;358;;358
2025-02-27T21:12:00Z;262;;262
2025-02-27T21:12:11Z;442;;442
2025-02-27T21:12:16Z;271;;271
2025-02-27T21:12:27Z;445;;445
2025-02-27T21:12:33Z;269;;269
2025-02-27T21:12:43Z;395;;395
2025-02-27T21:12:49Z;274;;274
2025-02-27T21:12:59Z;355;;355
2025-02-27T21:13:05Z;271;;271
2025-02-27T21:13:15Z;363;;363
2025-02-27T21:13:21Z;269;;269
2025-02-27T21:13:32Z;441;;441
2025-02-27T21:13:38Z;268;;268
2025-02-27T21:13:48Z;384;;384
2025-02-27T21:13:54Z;264;;264
2025-02-27T21:14:04Z;360;;360
2025-02-27T21:14:10Z;268;;268
2025-02-27T21:14:20Z;367;;367
2025-02-27T21:14:26Z;278;;278
2025-02-27T21:14:37Z;460;;460
2025-02-27T21:14:43Z;276;;276
2025-02-27T21:14:53Z;436;;436
2025-02-27T21:14:59Z;282;;282
2025-02-27T21:15:05Z;276;;276
2025-02-27T21:15:07Z;;0;276
2025-02-27T21:15:09Z;387;;387
2025-02-27T21:15:15Z;271;;271
2025-02-27T21:15:25Z;366;;366
2025-02-27T21:15:31Z;285;;285
2025-02-27T21:15:42Z;446;;446
2025-02-27T21:15:48Z;292;;292
2025-02-27T21:15:58Z;438;;438
2025-02-27T21:16:04Z;291;;291
2025-02-27T21:16:14Z;394;;394
2025-02-27T21:16:20Z;291;;291
2025-02-27T21:16:30Z;370;;370
2025-02-27T21:16:36Z;280;;280
2025-02-27T21:16:46Z;371;;371
2025-02-27T21:16:52Z;280;;280
2025-02-27T21:17:03Z;413;;413
2025-02-27T21:17:09Z;275;;275
2025-02-27T21:17:19Z;345;;345
2025-02-27T21:17:25Z;264;;264
2025-02-27T21:17:35Z;361;;361
2025-02-27T21:17:41Z;265;;265
2025-02-27T21:17:51Z;319;;319
2025-02-27T21:17:57Z;284;;284
2025-02-27T21:18:08Z;448;;448
2025-02-27T21:18:14Z;258;;258
2025-02-27T21:18:24Z;359;;359
2025-02-27T21:18:30Z;258;;258
2025-02-27T21:18:40Z;348;;348
2025-02-27T21:18:46Z;266;;266
2025-02-27T21:18:57Z;423;;423
2025-02-27T21:19:03Z;269;;269
2025-02-27T21:19:12Z;436;;436
2025-02-27T21:19:19Z;259;;259
2025-02-27T21:19:29Z;388;;388
2025-02-27T21:19:35Z;274;;274
2025-02-27T21:19:45Z;366;;366
2025-02-27T21:19:51Z;277;;277
2025-02-27T21:20:02Z;455;;455
2025-02-27T21:20:07Z;274;;274
2025-02-27T21:20:18Z;439;;439
2025-02-27T21:20:24Z;270;;270
2025-02-27T21:20:34Z;390;;390
2025-02-27T21:20:40Z;274;;274
2025-02-27T21:20:50Z;363;;363
2025-02-27T21:20:56Z;274;;274
2025-02-27T21:21:06Z;370;;370
2025-02-27T21:21:12Z;263;;263
2025-02-27T21:21:23Z;401;;401
2025-02-27T21:21:29Z;269;;269
2025-02-27T21:21:39Z;376;;376
2025-02-27T21:21:45Z;273;;273
2025-02-27T21:21:55Z;351;;351
2025-02-27T21:22:01Z;262;;262
2025-02-27T21:22:11Z;351;;351
2025-02-27T21:22:17Z;256;;256
2025-02-27T21:22:28Z;416;;416
2025-02-27T21:22:34Z;264;;264
2025-02-27T21:22:44Z;406;;406
2025-02-27T21:22:50Z;256;;256
2025-02-27T21:23:00Z;343;;343
2025-02-27T21:23:06Z;253;;253
2025-02-27T21:23:16Z;313;;313
2025-02-27T21:23:22Z;253;;253
2025-02-27T21:23:33Z;432;;432
2025-02-27T21:23:39Z;267;;267
2025-02-27T21:23:49Z;412;;412
2025-02-27T21:23:55Z;265;;265
2025-02-27T21:24:05Z;347;;347
2025-02-27T21:24:11Z;251;;251
2025-02-27T21:24:21Z;334;;334
2025-02-27T21:24:27Z;252;;252
2025-02-27T21:24:38Z;404;;404
2025-02-27T21:24:43Z;268;;268
2025-02-27T21:24:54Z;383;;383
2025-02-27T21:25:00Z;275;;275
2025-02-27T21:25:10Z;393;;393
2025-02-27T21:25:16Z;253;;253
2025-02-27T21:25:26Z;365;;365
2025-02-27T21:25:32Z;255;;255
2025-02-27T21:25:43Z;397;;397
2025-02-27T21:25:49Z;248;;248
2025-02-27T21:25:59Z;414;;414
2025-02-27T21:26:05Z;258;;258
2025-02-27T21:26:15Z;357;;357
2025-02-27T21:26:21Z;250;;250
2025-02-27T21:26:30Z;351;;351
2025-02-27T21:26:37Z;248;;248
2025-02-27T21:26:48Z;436;;436
2025-02-27T21:26:54Z;256;;256
2025-02-27T21:27:04Z;428;;428
2025-02-27T21:27:10Z;248;;248
2025-02-27T21:27:20Z;375;;375
2025-02-27T21:27:26Z;260;;260
2025-02-27T21:27:36Z;348;;348
2025-02-27T21:27:42Z;257;;257
2025-02-27T21:27:53Z;447;;447
2025-02-27T21:27:58Z;258;;258
2025-02-27T21:28:09Z;422;;422
2025-02-27T21:28:15Z;261;;261
2025-02-27T21:28:25Z;357;;357
2025-02-27T21:28:31Z;253;;253
2025-02-27T21:28:41Z;332;;332
2025-02-27T21:28:47Z;252;;252
2025-02-27T21:28:57Z;336;;336
2025-02-27T21:29:03Z;252;;252
2025-02-27T21:29:14Z;389;;389
2025-02-27T21:29:20Z;245;;245
2025-02-27T21:29:30Z;351;;351
2025-02-27T21:29:36Z;251;;251
2025-02-27T21:29:46Z;343;;343
2025-02-27T21:29:52Z;253;;253
2025-02-27T21:30:02Z;332;;332
2025-02-27T21:30:05Z;249;;249
2025-02-27T21:30:06Z;;0;249
2025-02-27T21:30:08Z;260;;260
2025-02-27T21:30:19Z;441;;441
2025-02-27T21:30:25Z;243;;243
2025-02-27T21:30:35Z;403;;403
2025-02-27T21:30:41Z;245;;245
2025-02-27T21:30:51Z;350;;350
2025-02-27T21:30:57Z;246;;246
2025-02-27T21:31:08Z;411;;411
2025-02-27T21:31:13Z;299;;299
2025-02-27T21:31:24Z;435;;435
2025-02-27T21:31:30Z;250;;250
2025-02-27T21:31:40Z;378;;378
2025-02-27T21:31:46Z;257;;257
2025-02-27T21:31:56Z;351;;351
2025-02-27T21:32:02Z;260;;260
2025-02-27T21:32:13Z;401;;401
2025-02-27T21:32:18Z;244;;244
2025-02-27T21:32:29Z;427;;427
2025-02-27T21:32:35Z;255;;255
2025-02-27T21:32:45Z;375;;375
2025-02-27T21:32:51Z;256;;256
2025-02-27T21:33:01Z;339;;339
2025-02-27T21:33:07Z;251;;251
2025-02-27T21:33:14Z;380;;380
2025-02-27T21:45:05Z;499;;499
2025-02-27T21:45:06Z;;0;499
2025-02-27T21:50:27Z;620;;620
2025-02-27T21:50:29Z;591;;591
2025-02-27T21:51:53Z;711;;711
2025-02-27T21:51:55Z;518;;518
2025-02-27T21:53:09Z;668;;668
2025-02-27T21:53:11Z;553;;553
2025-02-27T21:53:57Z;729;;729
2025-02-27T21:53:59Z;514;;514
2025-02-27T22:00:05Z;464;;464
2025-02-27T22:00:06Z;;0;514
2025-02-27T22:00:16Z;609;;609
2025-02-27T22:00:17Z;517;;517
2025-02-27T22:03:18Z;627;;627
2025-02-27T22:03:19Z;393;;393
2025-02-27T22:03:39Z;657;;657
2025-02-27T22:03:40Z;429;;429
2025-02-27T22:04:21Z;621;;621
2025-02-27T22:04:22Z;469;;469
2025-02-27T22:04:42Z;612;;612
2025-02-27T22:04:43Z;391;;391
2025-02-27T22:05:22Z;752;;752
2025-02-27T22:05:24Z;474;;474
2025-02-27T22:06:47Z;621;;621
2025-02-27T22:06:49Z;508;;508
2025-02-27T22:07:53Z;660;;660
2025-02-27T22:07:55Z;558;;558
2025-02-27T22:09:57Z;612;;612
2025-02-27T22:09:58Z;571;;571
2025-02-27T22:13:59Z;295;;295
2025-02-27T22:14:00Z;386;;386
2025-02-27T22:14:08Z;297;;297
2025-02-27T22:14:11Z;369;;369
2025-02-27T22:15:05Z;492;;492
2025-02-27T22:15:06Z;;0;492
2025-02-27T22:15:27Z;608;;608
2025-02-27T22:15:28Z;546;;546
2025-02-27T22:17:25Z;631;;631
2025-02-27T22:17:26Z;528;;528
2025-02-27T22:18:19Z;790;;790
2025-02-27T22:18:20Z;993;;993
2025-02-27T22:18:22Z;560;;560
2025-02-27T22:19:27Z;669;;669
2025-02-27T22:19:29Z;538;;538
2025-02-27T22:20:26Z;639;;639
2025-02-27T22:20:28Z;542;;542
2025-02-27T22:23:55Z;2031;;2031
2025-02-27T22:24:01Z;2101;;2101
2025-02-27T22:24:02Z;2097;;2097
2025-02-27T22:24:09Z;2122;;2122
2025-02-27T22:24:13Z;2096;;2096
2025-02-27T22:24:14Z;2103;;2103
2025-02-27T22:24:15Z;2092;;2092
2025-02-27T22:24:19Z;2114;;2114
2025-02-27T22:24:20Z;2094;;2094
2025-02-27T22:24:21Z;2114;;2114
2025-02-27T22:24:23Z;2097;;2097
2025-02-27T22:24:24Z;2112;;2112
2025-02-27T22:24:25Z;2057;;2057
2025-02-27T22:24:26Z;2111;;2111
2025-02-27T22:24:29Z;2097;;2097
2025-02-27T22:24:33Z;2145;;2145
2025-02-27T22:24:34Z;2033;;2033
2025-02-27T22:24:37Z;2100;;2100
2025-02-27T22:24:38Z;2037;;2037
2025-02-27T22:24:40Z;2153;;2153
2025-02-27T22:25:22Z;593;;593
2025-02-27T22:25:23Z;605;;605
2025-02-27T22:25:32Z;599;;599
2025-02-27T22:25:33Z;607;;607
2025-02-27T22:25:34Z;595;;595
2025-02-27T22:25:39Z;600;;600
2025-02-27T22:25:40Z;533;;533
2025-02-27T22:25:42Z;600;;600
2025-02-27T22:25:43Z;536;;536
2025-02-27T22:26:08Z;627;;627
2025-02-27T22:26:09Z;552;;552
2025-02-27T22:26:11Z;628;;628
2025-02-27T22:26:12Z;560;;560
2025-02-27T22:26:13Z;632;;632
2025-02-27T22:26:28Z;578;;578
2025-02-27T22:26:32Z;660;;660
2025-02-27T22:26:34Z;587;;587
2025-02-27T22:26:35Z;669;;669
2025-02-27T22:26:42Z;596;;596
2025-02-27T22:26:43Z;668;;668
2025-02-27T22:30:05Z;721;;721
2025-02-27T22:30:06Z;;0;721
2025-02-27T22:32:23Z;370;;370
2025-02-27T22:33:12Z;1615;;1615
2025-02-27T22:33:13Z;1982;;1982
2025-02-27T22:33:38Z;375;;375
2025-02-27T22:41:11Z;288;;288
2025-02-27T22:41:24Z;308;;308
2025-02-27T22:41:25Z;291;;291
2025-02-27T22:42:47Z;314;;314
2025-02-27T22:42:52Z;255;;255
2025-02-27T22:42:56Z;1901;;1901
2025-02-27T22:43:03Z;1790;;1790
2025-02-27T22:43:09Z;1810;;1810
2025-02-27T22:43:15Z;1765;;1765
2025-02-27T22:43:19Z;1834;;1834
2025-02-27T22:43:22Z;1798;;1798
2025-02-27T22:43:23Z;1801;;1801
2025-02-27T22:43:24Z;1764;;1764
2025-02-27T22:43:28Z;1828;;1828
2025-02-27T22:43:33Z;1742;;1742
2025-02-27T22:43:37Z;1822;;1822
2025-02-27T22:43:38Z;1778;;1778
2025-02-27T22:43:46Z;1829;;1829
2025-02-27T22:43:47Z;1778;;1778
2025-02-27T22:43:55Z;1829;;1829
2025-02-27T22:43:56Z;1795;;1795
2025-02-27T22:44:04Z;1828;;1828
2025-02-27T22:44:05Z;1793;;1793
2025-02-27T22:44:27Z;1804;;1804
2025-02-27T22:44:28Z;1771;;1771
2025-02-27T22:44:47Z;1830;;1830
2025-02-27T22:44:48Z;1766;;1766
2025-02-27T22:44:54Z;1814;;1814
2025-02-27T22:44:55Z;1766;;1766
2025-02-27T22:44:59Z;1804;;1804
2025-02-27T22:45:00Z;1740;;1740
2025-02-27T22:45:03Z;1816;;1816
2025-02-27T22:45:04Z;1787;;1787
2025-02-27T22:45:06Z;;0;1787
2025-02-27T22:45:07Z;1740;;1740
2025-02-27T22:45:12Z;1800;;1800
2025-02-27T22:45:13Z;1761;;1761
2025-02-27T22:45:44Z;1808;;1808
2025-02-27T22:45:45Z;1775;;1775
2025-02-27T22:45:53Z;1803;;1803
2025-02-27T22:45:54Z;1772;;1772
2025-02-27T22:46:02Z;1826;;1826
2025-02-27T22:46:03Z;1778;;1778
2025-02-27T22:46:11Z;1826;;1826
2025-02-27T22:46:12Z;1776;;1776
2025-02-27T22:46:20Z;1804;;1804
2025-02-27T22:46:21Z;1775;;1775
2025-02-27T22:46:33Z;1870;;1870
2025-02-27T22:46:34Z;1796;;1796
2025-02-27T22:47:03Z;1812;;1812
2025-02-27T22:47:04Z;1768;;1768
2025-02-27T22:47:10Z;1813;;1813
2025-02-27T22:47:11Z;1769;;1769
2025-02-27T22:47:19Z;1822;;1822
2025-02-27T22:47:20Z;1771;;1771
2025-02-27T22:48:27Z;1808;;1808
2025-02-27T22:48:28Z;1765;;1765
2025-02-27T22:48:36Z;1811;;1811
2025-02-27T22:48:37Z;1773;;1773
2025-02-27T22:49:08Z;1800;;1800
2025-02-27T22:49:09Z;1781;;1781
2025-02-27T22:49:28Z;1814;;1814
2025-02-27T22:49:29Z;1770;;1770
2025-02-27T22:49:35Z;1802;;1802
2025-02-27T22:49:36Z;1764;;1764
2025-02-27T22:50:34Z;1815;;1815
2025-02-27T22:50:35Z;1767;;1767
2025-02-27T22:50:43Z;1811;;1811
2025-02-27T22:50:44Z;1760;;1760
2025-02-27T22:50:52Z;1804;;1804
2025-02-27T22:50:53Z;1761;;1761
2025-02-27T22:51:04Z;308;;308
2025-02-27T22:51:06Z;1727;;1727
2025-02-27T22:51:38Z;384;;384
2025-02-27T22:51:39Z;297;;297
2025-02-27T22:51:41Z;319;;319
2025-02-27T22:51:47Z;1732;;1732
2025-02-27T22:51:51Z;1806;;1806
2025-02-27T22:51:52Z;1754;;1754
2025-02-27T22:52:00Z;1815;;1815
2025-02-27T22:52:01Z;1763;;1763
2025-02-27T22:52:15Z;335;;335
2025-02-27T22:52:19Z;291;;291
2025-02-27T22:52:21Z;301;;301
2025-02-27T22:52:28Z;1715;;1715
2025-02-27T22:52:55Z;329;;329
2025-02-27T22:52:57Z;287;;287
2025-02-27T22:52:58Z;309;;309
2025-02-27T22:53:07Z;290;;290
2025-02-27T22:53:08Z;375;;375
2025-02-27T22:53:09Z;1781;;1781
2025-02-27T22:53:37Z;179;;179
2025-02-27T22:53:50Z;1681;;1681
2025-02-27T22:54:20Z;259;;259
2025-02-27T22:54:31Z;1682;;1682
2025-02-27T22:55:03Z;207;;207
2025-02-27T22:55:12Z;1647;;1647
2025-02-27T22:55:47Z;207;;207
2025-02-27T22:55:53Z;1627;;1627
2025-02-27T22:56:28Z;229;;229
2025-02-27T22:56:33Z;1195;;1195
2025-02-27T22:56:34Z;1649;;1649
2025-02-27T22:57:06Z;1026;;1026
2025-02-27T22:57:07Z;231;;231
2025-02-27T22:57:16Z;1659;;1659
2025-02-27T22:57:46Z;240;;240
2025-02-27T22:57:55Z;1645;;1645
2025-02-27T22:58:16Z;230;;230
2025-02-27T22:58:59Z;1731;;1731
2025-02-27T22:59:00Z;256;;256
2025-02-27T22:59:24Z;304;;304
2025-02-27T22:59:25Z;264;;264
2025-02-27T22:59:37Z;1479;;1479
2025-02-27T22:59:38Z;1731;;1731
2025-02-27T22:59:50Z;256;;256
2025-02-27T23:00:05Z;255;;255
2025-02-27T23:00:06Z;;0;255
2025-02-27T23:00:18Z;1743;;1743
2025-02-27T23:03:00Z;179;;179
2025-02-27T23:03:02Z;1632;;1632
2025-02-27T23:03:35Z;209;;209
2025-02-27T23:03:43Z;1587;;1587
2025-02-27T23:04:08Z;159;;159
2025-02-27T23:04:24Z;1599;;1599
2025-02-27T23:04:44Z;184;;184
2025-02-27T23:05:04Z;370;;370
2025-02-27T23:05:05Z;1640;;1640
2025-02-27T23:05:26Z;162;;162
2025-02-27T23:05:45Z;1613;;1613
2025-02-27T23:06:07Z;209;;209
2025-02-27T23:06:26Z;1670;;1670
2025-02-27T23:06:51Z;160;;160
2025-02-27T23:07:07Z;1603;;1603
2025-02-27T23:07:34Z;210;;210
2025-02-27T23:07:48Z;1596;;1596
2025-02-27T23:08:17Z;160;;160
2025-02-27T23:08:47Z;340;;340
2025-02-27T23:08:49Z;275;;275
2025-02-27T23:09:17Z;301;;301
2025-02-27T23:09:25Z;279;;279
2025-02-27T23:09:26Z;312;;312
2025-02-27T23:12:34Z;605;;605
2025-02-27T23:12:41Z;599;;599
2025-02-27T23:15:05Z;576;;576
2025-02-27T23:15:06Z;;0;576
2025-02-27T23:15:13Z;170;;170
2025-02-27T23:16:35Z;308;;308
2025-02-27T23:16:36Z;206;;206
2025-02-27T23:19:11Z;1740;;1740
2025-02-27T23:23:49Z;211;;211
2025-02-27T23:23:57Z;1594;;1594
2025-02-27T23:24:20Z;170;;170
2025-02-27T23:24:38Z;1591;;1591
2025-02-27T23:24:54Z;209;;209
2025-02-27T23:25:19Z;1550;;1550
2025-02-27T23:25:34Z;719;;719
2025-02-27T23:25:35Z;208;;208
2025-02-27T23:26:02Z;1608;;1608
2025-02-27T23:26:18Z;371;;371
2025-02-27T23:26:19Z;154;;154
2025-02-27T23:26:41Z;1598;;1598
2025-02-27T23:27:03Z;385;;385
2025-02-27T23:27:04Z;153;;153
2025-02-27T23:27:22Z;1603;;1603
2025-02-27T23:27:48Z;363;;363
2025-02-27T23:27:49Z;201;;201
2025-02-27T23:28:04Z;1429;;1429
2025-02-27T23:28:05Z;1544;;1544
2025-02-27T23:28:32Z;246;;246
2025-02-27T23:28:43Z;1536;;1536
2025-02-27T23:29:15Z;204;;204
2025-02-27T23:29:24Z;1589;;1589
2025-02-27T23:29:56Z;214;;214
2025-02-27T23:30:05Z;1580;;1580
2025-02-27T23:30:06Z;;0;1580
2025-02-27T23:30:08Z;173;;173
2025-02-27T23:30:35Z;195;;195
2025-02-27T23:30:46Z;1573;;1573
2025-02-27T23:31:13Z;201;;201
2025-02-27T23:31:27Z;1575;;1575
2025-02-27T23:31:52Z;274;;274
2025-02-27T23:32:08Z;1571;;1571
2025-02-27T23:32:31Z;202;;202
2025-02-27T23:32:49Z;1642;;1642
2025-02-27T23:33:12Z;204;;204
2025-02-27T23:33:30Z;1626;;1626
2025-02-27T23:33:52Z;798;;798
2025-02-27T23:33:53Z;155;;155
2025-02-27T23:34:11Z;1626;;1626
2025-02-27T23:34:34Z;226;;226
2025-02-27T23:34:51Z;968;;968
2025-02-27T23:34:52Z;1585;;1585
2025-02-27T23:35:16Z;201;;201
2025-02-27T23:35:32Z;1563;;1563
2025-02-27T23:35:57Z;205;;205
2025-02-27T23:36:13Z;1630;;1630
2025-02-27T23:36:38Z;201;;201
2025-02-27T23:36:54Z;1637;;1637
2025-02-27T23:37:20Z;202;;202
2025-02-27T23:37:35Z;1622;;1622
2025-02-27T23:38:01Z;202;;202
2025-02-27T23:38:16Z;1585;;1585
2025-02-27T23:38:41Z;201;;201
2025-02-27T23:38:57Z;1590;;1590
2025-02-27T23:39:21Z;202;;202
2025-02-27T23:39:38Z;1626;;1626
2025-02-27T23:40:02Z;199;;199
2025-02-27T23:40:19Z;1623;;1623
2025-02-27T23:40:42Z;1183;;1183
2025-02-27T23:40:43Z;240;;240
2025-02-27T23:41:02Z;1613;;1613
2025-02-27T23:41:23Z;197;;197
2025-02-27T23:41:40Z;1101;;1101
2025-02-27T23:41:41Z;1562;;1562
2025-02-27T23:42:06Z;197;;197
2025-02-27T23:42:21Z;1549;;1549
2025-02-27T23:42:45Z;203;;203
2025-02-27T23:43:02Z;1625;;1625
2025-02-27T23:43:26Z;200;;200
2025-02-27T23:43:43Z;1608;;1608
2025-02-27T23:44:08Z;201;;201
2025-02-27T23:44:24Z;1608;;1608
2025-02-27T23:44:49Z;198;;198
2025-02-27T23:45:05Z;1588;;1588
2025-02-27T23:45:06Z;;0;1588
2025-02-27T23:45:08Z;203;;203
2025-02-27T23:45:32Z;200;;200
2025-02-27T23:45:46Z;1622;;1622
2025-02-27T23:46:27Z;1629;;1629
2025-02-27T23:46:51Z;154;;154
2025-02-27T23:47:08Z;1633;;1633
2025-02-27T23:47:30Z;910;;910
2025-02-27T23:47:31Z;240;;240
2025-02-27T23:47:49Z;1633;;1633
2025-02-27T23:48:11Z;220;;220
2025-02-27T23:48:29Z;767;;767
2025-02-27T23:48:30Z;1667;;1667
2025-02-27T23:48:52Z;223;;223
2025-02-27T23:49:10Z;1560;;1560
2025-02-27T23:49:33Z;202;;202
2025-02-27T23:49:51Z;1636;;1636
2025-02-27T23:50:14Z;200;;200
2025-02-27T23:50:32Z;1636;;1636
2025-02-27T23:50:55Z;244;;244
2025-02-27T23:51:13Z;1643;;1643
2025-02-27T23:51:37Z;207;;207
2025-02-27T23:51:54Z;1671;;1671
2025-02-27T23:52:18Z;202;;202
2025-02-27T23:52:35Z;1658;;1658
2025-02-27T23:52:59Z;155;;155
2025-02-27T23:53:16Z;1646;;1646
2025-02-27T23:53:40Z;155;;155
2025-02-27T23:53:57Z;1602;;1602
2025-02-27T23:54:20Z;201;;201
2025-02-27T23:54:38Z;1588;;1588
2025-02-27T23:55:00Z;670;;670
2025-02-27T23:55:01Z;204;;204
2025-02-27T23:55:19Z;1639;;1639
2025-02-27T23:55:41Z;218;;218
2025-02-27T23:55:59Z;1252;;1252
2025-02-27T23:56:00Z;1633;;1633
2025-02-27T23:56:22Z;204;;204
2025-02-27T23:56:40Z;1625;;1625
2025-02-27T23:57:03Z;162;;162
2025-02-27T23:57:21Z;1642;;1642
2025-02-27T23:57:44Z;207;;207
2025-02-27T23:58:02Z;1590;;1590
2025-02-27T23:58:25Z;197;;197
2025-02-27T23:58:43Z;1629;;1629
2025-02-27T23:59:06Z;201;;201
2025-02-27T23:59:24Z;1635;;1635
2025-02-27T23:59:49Z;153;;153