timestamp;P_ex;P_pr;P_load
2024-05-15T00:00:06Z;;0;55
2024-05-15T00:00:12Z;169;;169
2024-05-15T00:15:06Z;;0;169
2024-05-15T00:15:12Z;55;;55
2024-05-15T00:30:06Z;;0;55
2024-05-15T00:30:12Z;57;;57
2024-05-15T00:45:06Z;;0;57
2024-05-15T00:45:12Z;54;;54
2024-05-15T01:00:06Z;;0;54
2024-05-15T01:00:12Z;55;;55
2024-05-15T01:15:06Z;;0;55
2024-05-15T01:15:12Z;168;;168
2024-05-15T01:30:06Z;;0;168
2024-05-15T01:30:12Z;61;;61
2024-05-15T01:45:06Z;;0;61
2024-05-15T01:45:12Z;58;;58
2024-05-15T02:00:06Z;;0;58
2024-05-15T02:00:12Z;56;;56
2024-05-15T02:15:06Z;;0;56
2024-05-15T02:15:12Z;171;;171
2024-05-15T02:30:06Z;;0;171
2024-05-15T02:30:12Z;64;;64
2024-05-15T02:45:06Z;;0;64
2024-05-15T02:45:12Z;64;;64
2024-05-15T03:00:06Z;;0;64
2024-05-15T03:00:12Z;58;;58
2024-05-15T03:00:19Z;55;;55
2024-05-15T03:00:20Z;55;;55
2024-05-15T03:15:06Z;;0;55
2024-05-15T03:15:12Z;58;;58
2024-05-15T03:30:06Z;;0;58
2024-05-15T03:30:12Z;180;;180
2024-05-15T03:45:06Z;;0;180
2024-05-15T03:45:12Z;58;;58
2024-05-15T03:53:24Z;;6;64
2024-05-15T03:53:25Z;;0;58
2024-05-15T03:56:29Z;;1;59
2024-05-15T03:56:31Z;;0;58
2024-05-15T03:56:32Z;;1;59
2024-05-15T03:56:34Z;;0;58
2024-05-15T03:56:40Z;;1;59
2024-05-15T03:56:41Z;;0;58
2024-05-15T03:56:43Z;;1;59
2024-05-15T03:56:44Z;;0;58
2024-05-15T03:56:52Z;;1;59
2024-05-15T03:56:53Z;;0;58
2024-05-15T03:58:31Z;;435;493
2024-05-15T03:58:32Z;;0;58
2024-05-15T03:58:37Z;;1;59
2024-05-15T03:58:38Z;;0;58
2024-05-15T03:59:47Z;;1;59
2024-05-15T03:59:48Z;;0;58
2024-05-15T04:00:06Z;;0;58
2024-05-15T04:00:12Z;61;;61
2024-05-15T04:08:51Z;101;;101
2024-05-15T04:08:53Z;91;;91
2024-05-15T04:09:29Z;;1;92
2024-05-15T04:09:38Z;;0;91
2024-05-15T04:15:06Z;;3;94
2024-05-15T04:15:14Z;83;;86
2024-05-15T04:23:59Z;;0;83
2024-05-15T04:24:01Z;;1;84
2024-05-15T04:24:03Z;;0;83
2024-05-15T04:24:06Z;;0;83
2024-05-15T04:24:08Z;;0;83
2024-05-15T04:27:49Z;1556;;1556
2024-05-15T04:27:50Z;280;;280
2024-05-15T04:29:14Z;238;;238
2024-05-15T04:29:16Z;230;;230
2024-05-15T04:29:55Z;;1;231
2024-05-15T04:30:03Z;;0;230
2024-05-15T04:30:04Z;;1;231
2024-05-15T04:30:07Z;;1;231
2024-05-15T04:30:08Z;;0;230
2024-05-15T04:30:10Z;;1;231
2024-05-15T04:30:12Z;218;;219
2024-05-15T04:31:04Z;;0;218
2024-05-15T04:31:06Z;;1;219
2024-05-15T04:31:08Z;;0;218
2024-05-15T04:31:09Z;;1;219
2024-05-15T04:31:11Z;;0;218
2024-05-15T04:31:12Z;363;;363
2024-05-15T04:31:15Z;;1;364
2024-05-15T04:31:16Z;;0;363
2024-05-15T04:31:17Z;235;;235
2024-05-15T04:31:18Z;;2;237
2024-05-15T04:31:20Z;;0;235
2024-05-15T04:31:21Z;;0;235
2024-05-15T04:31:23Z;;0;235
2024-05-15T04:31:25Z;;1;236
2024-05-15T04:31:27Z;;0;235
2024-05-15T04:31:29Z;;1;236
2024-05-15T04:31:31Z;;0;235
2024-05-15T04:31:32Z;;1;236
2024-05-15T04:31:34Z;;0;235
2024-05-15T04:31:36Z;;1;236
2024-05-15T04:31:37Z;;0;235
2024-05-15T04:31:39Z;;1;236
2024-05-15T04:31:41Z;;0;235
2024-05-15T04:31:43Z;;1;236
2024-05-15T04:31:44Z;;0;235
2024-05-15T04:31:46Z;;2;237
2024-05-15T04:31:48Z;;0;235
2024-05-15T04:31:50Z;;1;236
2024-05-15T04:31:51Z;;0;235
2024-05-15T04:31:53Z;;1;236
2024-05-15T04:31:55Z;;0;235
2024-05-15T04:31:56Z;;1;236
2024-05-15T04:31:58Z;;0;235
2024-05-15T04:32:00Z;;1;236
2024-05-15T04:33:33Z;405;;406
2024-05-15T04:33:36Z;1831;;1832
2024-05-15T04:34:24Z;1794;;1795
2024-05-15T04:34:57Z;1802;;1803
2024-05-15T04:34:58Z;1797;;1798
2024-05-15T04:35:03Z;185;;186
2024-05-15T04:35:35Z;378;;379
2024-05-15T04:35:37Z;1790;;1791
2024-05-15T04:35:44Z;1800;;1801
2024-05-15T04:35:45Z;1799;;1800
2024-05-15T04:35:46Z;233;;234
2024-05-15T04:37:59Z;;0;233
2024-05-15T04:38:01Z;;1;234
2024-05-15T04:38:03Z;;0;233
2024-05-15T04:38:05Z;;1;234
2024-05-15T04:38:06Z;;0;233
2024-05-15T04:38:08Z;;2;235
2024-05-15T04:38:10Z;;0;233
2024-05-15T04:39:18Z;;436;669
2024-05-15T04:39:20Z;;0;233
2024-05-15T04:41:48Z;345;;345
2024-05-15T04:42:13Z;211;;211
2024-05-15T04:45:05Z;;0;211
2024-05-15T04:45:12Z;211;;211
2024-05-15T04:49:42Z;-344;;-344
2024-05-15T04:49:43Z;91;;91
2024-05-15T04:53:05Z;;1;92
2024-05-15T04:53:07Z;;0;91
2024-05-15T04:53:09Z;;1;92
2024-05-15T04:53:32Z;;0;91
2024-05-15T04:53:34Z;;1;92
2024-05-15T04:53:38Z;;0;91
2024-05-15T04:53:40Z;;1;92
2024-05-15T04:53:42Z;;0;91
2024-05-15T04:53:43Z;;1;92
2024-05-15T04:53:46Z;;0;91
2024-05-15T04:54:52Z;;1;92
2024-05-15T04:54:56Z;;0;91
2024-05-15T04:54:58Z;;1;92
2024-05-15T05:00:06Z;;64;155
2024-05-15T05:00:11Z;0;;64
2024-05-15T05:00:13Z;11;;75
2024-05-15T05:00:15Z;1;;65
2024-05-15T05:00:18Z;0;;64
2024-05-15T05:03:51Z;37;;101
2024-05-15T05:03:56Z;21;;85
2024-05-15T05:04:02Z;256;;320
2024-05-15T05:04:22Z;-54;;10
2024-05-15T05:05:04Z;223;;287
2024-05-15T05:05:24Z;18;;82
2024-05-15T05:10:06Z;-124;;-60
2024-05-15T05:10:07Z;-388;;-324
2024-05-15T05:14:07Z;;304;-84
2024-05-15T05:14:21Z;-297;;7
2024-05-15T05:15:06Z;;457;160
2024-05-15T05:15:14Z;-391;;66
2024-05-15T05:18:42Z;;602;211
2024-05-15T05:18:44Z;;598;207
2024-05-15T05:18:46Z;;603;212
2024-05-15T05:19:46Z;;595;204
2024-05-15T05:20:14Z;-156;;439
2024-05-15T05:20:15Z;-457;;138
2024-05-15T05:20:16Z;-259;;336
2024-05-15T05:20:17Z;-475;;120
2024-05-15T05:22:27Z;;612;137
2024-05-15T05:23:56Z;;598;123
2024-05-15T05:26:17Z;-305;;293
2024-05-15T05:26:18Z;-163;;435
2024-05-15T05:26:19Z;-302;;296
2024-05-15T05:26:47Z;;298;-4
2024-05-15T05:26:49Z;;301;-1
2024-05-15T05:26:52Z;;297;-5
2024-05-15T05:30:05Z;;145;-157
2024-05-15T05:35:53Z;32;;177
2024-05-15T05:35:55Z;-22;;123
2024-05-15T05:36:11Z;;303;281
2024-05-15T05:36:28Z;-298;;5
2024-05-15T05:36:57Z;-382;;-79
2024-05-15T05:37:18Z;-193;;110
2024-05-15T05:38:12Z;;184;-9
2024-05-15T05:38:14Z;;419;226
2024-05-15T05:40:20Z;-255;;164
2024-05-15T05:40:21Z;-392;;27
2024-05-15T05:41:39Z;;600;208
2024-05-15T05:41:41Z;;595;203
2024-05-15T05:41:43Z;;608;216
2024-05-15T05:41:50Z;;233;-159
2024-05-15T05:41:52Z;;632;240
2024-05-15T05:41:54Z;;589;197
2024-05-15T05:41:55Z;;629;237
2024-05-15T05:42:22Z;-607;;22
2024-05-15T05:43:31Z;;901;294
2024-05-15T05:44:23Z;;899;292
2024-05-15T05:45:05Z;;806;199
2024-05-15T05:45:12Z;-637;;169
2024-05-15T05:45:22Z;-601;;205
2024-05-15T05:46:10Z;;598;-3
2024-05-15T05:47:22Z;-294;;304
2024-05-15T05:48:33Z;-286;;312
2024-05-15T05:48:39Z;-496;706;102
2024-05-15T05:48:42Z;-678;;28
2024-05-15T05:48:45Z;;576;-102
2024-05-15T05:48:47Z;;620;-58
2024-05-15T05:48:49Z;-575;;45
2024-05-15T05:48:54Z;;930;355
2024-05-15T05:48:57Z;;847;272
2024-05-15T05:48:58Z;-614;;233
2024-05-15T05:49:06Z;-521;;326
2024-05-15T05:49:08Z;;936;415
2024-05-15T05:49:09Z;-848;;88
2024-05-15T05:49:11Z;-944;;-8
2024-05-15T05:49:13Z;-668;745;268
2024-05-15T05:49:15Z;;585;-83
2024-05-15T05:49:32Z;-300;;285
2024-05-15T05:51:02Z;;0;-300
2024-05-15T05:51:04Z;;302;2
2024-05-15T05:51:22Z;;296;-4
2024-05-15T05:51:24Z;;301;1
2024-05-15T05:51:30Z;;299;-1
2024-05-15T05:57:05Z;1;;300
2024-05-15T05:57:06Z;0;;299
2024-05-15T05:57:08Z;1;;300
2024-05-15T05:58:56Z;-100;;199
2024-05-15T06:00:05Z;;144;44
2024-05-15T06:15:05Z;;180;80
2024-05-15T06:15:12Z;-135;;45
2024-05-15T06:18:05Z;;307;172
2024-05-15T06:18:15Z;-294;;13
2024-05-15T06:18:16Z;-300;;7
2024-05-15T06:18:18Z;-297;;10
2024-05-15T06:18:54Z;;603;306
2024-05-15T06:18:58Z;-588;;15
2024-05-15T06:19:29Z;;900;312
2024-05-15T06:19:36Z;-893;;7
2024-05-15T06:20:31Z;;1201;308
2024-05-15T06:20:38Z;-1196;;5
2024-05-15T06:21:40Z;-1203;;-2
2024-05-15T06:21:47Z;;1121;-82
2024-05-15T06:21:49Z;;1233;30
2024-05-15T06:21:56Z;;1194;-9
2024-05-15T06:22:28Z;;1201;-2
2024-05-15T06:22:30Z;;1198;-5
2024-05-15T06:22:32Z;;1207;4
2024-05-15T06:22:35Z;-1219;;-12
2024-05-15T06:22:39Z;-1440;;-233
2024-05-15T06:22:40Z;;1536;96
2024-05-15T06:22:43Z;;1866;426
2024-05-15T06:22:47Z;;1749;309
2024-05-15T06:22:52Z;;1919;479
2024-05-15T06:22:53Z;-1908;;11
2024-05-15T06:22:56Z;;2139;231
2024-05-15T06:22:59Z;-2094;;45
2024-05-15T06:23:01Z;-2094;;45
2024-05-15T06:23:03Z;;2036;-58
2024-05-15T06:23:07Z;;2124;30
2024-05-15T06:23:10Z;;2092;-2
2024-05-15T06:23:12Z;;1744;-350
2024-05-15T06:23:13Z;-1466;;278
2024-05-15T06:23:14Z;;1443;-23
2024-05-15T06:23:21Z;-1493;;-50
2024-05-15T06:23:22Z;;1596;103
2024-05-15T06:23:24Z;;1914;421
2024-05-15T06:23:25Z;-1929;;-15
2024-05-15T06:23:29Z;-1816;;98
2024-05-15T06:23:30Z;-1813;;101
2024-05-15T06:23:32Z;;2106;293
2024-05-15T06:23:36Z;-2116;;-10
2024-05-15T06:23:45Z;-2093;;13
2024-05-15T06:23:52Z;-2100;;6
2024-05-15T06:23:53Z;-2060;2067;46
2024-05-15T06:24:01Z;-1802;;-63
2024-05-15T06:24:04Z;;1739;-321
2024-05-15T06:24:07Z;-1445;;294
2024-05-15T06:24:10Z;;1488;43
2024-05-15T06:24:19Z;;1511;66
2024-05-15T06:24:21Z;-1548;;-37
2024-05-15T06:24:23Z;;1804;256
2024-05-15T06:24:25Z;-1831;;-27
2024-05-15T06:24:30Z;-1769;;35
2024-05-15T06:24:31Z;;1770;1
2024-05-15T06:24:45Z;;1802;33
2024-05-15T06:24:47Z;;1755;-14
2024-05-15T06:24:51Z;-1476;;279
2024-05-15T06:24:52Z;;1457;-19
2024-05-15T06:25:13Z;-1427;;30
2024-05-15T06:25:16Z;;1520;93
2024-05-15T06:25:17Z;;1879;452
2024-05-15T06:25:21Z;;1766;339
2024-05-15T06:25:28Z;;1827;400
2024-05-15T06:25:30Z;-1794;;33
2024-05-15T06:25:39Z;-1822;;5
2024-05-15T06:25:40Z;;1775;-47
2024-05-15T06:25:50Z;;1824;2
2024-05-15T06:25:52Z;-1844;;-20
2024-05-15T06:26:02Z;-1813;;11
2024-05-15T06:26:06Z;-1822;;2
2024-05-15T06:26:21Z;;2104;282
2024-05-15T06:26:23Z;;2098;276
2024-05-15T06:26:25Z;;2101;279
2024-05-15T06:26:32Z;-2105;;-4
2024-05-15T06:26:37Z;-2122;;-21
2024-05-15T06:26:45Z;;1964;-158
2024-05-15T06:26:55Z;;2117;-5
2024-05-15T06:26:57Z;-1874;2005;243
2024-05-15T06:26:59Z;;1771;-103
2024-05-15T06:27:01Z;-1875;;-104
2024-05-15T06:27:03Z;;1851;-24
2024-05-15T06:27:05Z;;2131;256
2024-05-15T06:27:07Z;;2131;256
2024-05-15T06:27:18Z;-1779;;352
2024-05-15T06:27:20Z;-1850;;281
2024-05-15T06:27:24Z;-1793;;338
2024-05-15T06:27:25Z;;1826;33
2024-05-15T06:27:27Z;;1786;-7
2024-05-15T06:27:30Z;-1848;;-62
2024-05-15T06:27:33Z;;2129;281
2024-05-15T06:27:34Z;-2114;;15
2024-05-15T06:27:37Z;-2143;;-14
2024-05-15T06:27:40Z;-2057;;72
2024-05-15T06:27:42Z;-2102;;27
2024-05-15T06:27:43Z;;2059;-43
2024-05-15T06:27:48Z;;2134;32
2024-05-15T06:27:49Z;-2120;;14
2024-05-15T06:27:52Z;;2443;323
2024-05-15T06:27:53Z;-2413;;30
2024-05-15T06:27:56Z;;2255;-158
2024-05-15T06:27:57Z;-2304;;-49
2024-05-15T06:27:59Z;;2060;-244
2024-05-15T06:28:01Z;-2106;;-46
2024-05-15T06:28:04Z;-1774;;286
2024-05-15T06:28:05Z;;1798;24
2024-05-15T06:28:15Z;;1808;34
2024-05-15T06:28:17Z;-1807;;1
2024-05-15T06:28:19Z;-1795;;13
2024-05-15T06:28:21Z;;1784;-11
2024-05-15T06:28:27Z;;1803;8
2024-05-15T06:28:35Z;-1831;;-28
2024-05-15T06:28:37Z;;2149;318
2024-05-15T06:28:40Z;;2078;247
2024-05-15T06:28:44Z;-1774;;304
2024-05-15T06:28:45Z;;1789;15
2024-05-15T06:30:05Z;;1741;-33
2024-05-15T06:30:07Z;-1752;1841;-11
2024-05-15T06:30:11Z;-1804;;37
2024-05-15T06:30:12Z;;1796;-8
2024-05-15T06:30:14Z;-1752;;44
2024-05-15T06:30:28Z;;1800;48
2024-05-15T06:30:37Z;;1730;-22
2024-05-15T06:30:50Z;-1498;;232
2024-05-15T06:31:00Z;;1496;-2
2024-05-15T06:31:15Z;;1512;14
2024-05-15T06:31:27Z;;1489;-9
2024-05-15T06:32:36Z;-1197;;292
2024-05-15T06:33:10Z;;1195;-2
2024-05-15T06:33:12Z;;1202;5
2024-05-15T06:33:22Z;;1199;2
2024-05-15T06:33:24Z;;1210;13
2024-05-15T06:33:33Z;-1189;;21
2024-05-15T06:33:54Z;;1489;300
2024-05-15T06:33:57Z;-1483;;6
2024-05-15T06:33:59Z;;1711;228
2024-05-15T06:34:01Z;-1841;;-130
2024-05-15T06:34:03Z;-2162;;-451
2024-05-15T06:34:04Z;;2000;-162
2024-05-15T06:34:10Z;;2462;300
2024-05-15T06:34:12Z;;2357;195
2024-05-15T06:34:14Z;;2424;262
2024-05-15T06:34:16Z;;2377;215
2024-05-15T06:34:21Z;-2046;;331
2024-05-15T06:34:22Z;;2063;17
2024-05-15T06:34:24Z;-1808;;255
2024-05-15T06:34:27Z;;1791;-17
2024-05-15T06:34:32Z;;1819;11
2024-05-15T06:34:35Z;;1793;-15
2024-05-15T06:34:37Z;;1802;-6
2024-05-15T06:34:41Z;-1781;;21
2024-05-15T06:34:49Z;-1797;;5
2024-05-15T06:34:51Z;;1799;2
2024-05-15T06:35:23Z;-1501;;298
2024-05-15T06:35:29Z;;1499;-2
2024-05-15T06:35:31Z;;1507;6
2024-05-15T06:35:34Z;;1492;-9
2024-05-15T06:36:16Z;-948;;544
2024-05-15T06:36:17Z;-1310;;182
2024-05-15T06:36:18Z;-1192;;300
2024-05-15T06:36:19Z;-1281;;211
2024-05-15T06:36:33Z;;1514;233
2024-05-15T06:36:37Z;-1505;;9
2024-05-15T06:36:40Z;-1487;;27
2024-05-15T06:36:43Z;;1489;2
2024-05-15T06:36:52Z;-1178;;311
2024-05-15T06:36:53Z;;1186;8
2024-05-15T06:38:50Z;-906;;280
2024-05-15T06:39:38Z;;899;-7
2024-05-15T06:40:55Z;;903;-3
2024-05-15T06:41:05Z;-897;;6
2024-05-15T06:41:07Z;-899;;4
2024-05-15T06:41:29Z;;898;-1
2024-05-15T06:43:21Z;;901;2
2024-05-15T06:43:39Z;-895;;6
2024-05-15T06:45:05Z;;1135;240
2024-05-15T06:45:12Z;-1087;;48
2024-05-15T06:46:03Z;;1190;103
2024-05-15T06:46:05Z;-1178;;12
2024-05-15T06:46:15Z;-1204;;-14
2024-05-15T06:46:18Z;-1190;;0
2024-05-15T06:46:20Z;-1180;;10
2024-05-15T06:46:21Z;;1158;-22
2024-05-15T06:46:23Z;-1212;1275;63
2024-05-15T06:47:08Z;;1526;314
2024-05-15T06:47:16Z;;1493;281
2024-05-15T06:47:47Z;-1197;;296
2024-05-15T06:47:54Z;-1208;;285
2024-05-15T06:47:58Z;-1180;;313
2024-05-15T06:48:04Z;;1199;19
2024-05-15T06:48:19Z;;1199;19
2024-05-15T06:48:21Z;;1196;16
2024-05-15T06:48:23Z;;1198;18
2024-05-15T06:48:37Z;-1196;;2
2024-05-15T06:49:26Z;;1501;305
2024-05-15T06:49:29Z;-1474;;27
2024-05-15T06:49:43Z;-1369;1397;132
2024-05-15T06:49:57Z;;982;-387
2024-05-15T06:49:59Z;;1366;-3
2024-05-15T06:50:05Z;;1501;132
2024-05-15T06:50:07Z;-1473;;28
2024-05-15T06:50:10Z;;1822;349
2024-05-15T06:50:22Z;;1799;326
2024-05-15T06:50:24Z;;1803;330
2024-05-15T06:50:26Z;;1790;317
2024-05-15T06:50:35Z;-1637;;153
2024-05-15T06:50:37Z;-1478;;312
2024-05-15T06:50:53Z;-1498;;292
2024-05-15T06:51:09Z;;1800;302
2024-05-15T06:51:17Z;;1799;301
2024-05-15T06:51:20Z;-1541;;258
2024-05-15T06:51:24Z;;1472;-69
2024-05-15T06:51:27Z;-1191;;281
2024-05-15T06:51:36Z;;1189;-2
2024-05-15T06:51:52Z;-896;;293
2024-05-15T06:51:55Z;-905;;284
2024-05-15T06:52:07Z;;1200;295
2024-05-15T06:52:50Z;;1198;293
2024-05-15T06:52:57Z;1105;;2303
2024-05-15T06:55:21Z;;1218;2323
2024-05-15T06:55:26Z;897;;2115
2024-05-15T06:55:29Z;912;;2130
2024-05-15T06:55:49Z;882;;2100
2024-05-15T06:56:34Z;;1511;2393
2024-05-15T06:56:37Z;;1497;2379
2024-05-15T06:56:44Z;912;;2409
2024-05-15T06:56:57Z;845;;2342
2024-05-15T06:57:05Z;;1508;2353
2024-05-15T06:57:06Z;991;;2499
2024-05-15T06:57:07Z;;1491;2482
2024-05-15T06:57:10Z;696;1519;2187
2024-05-15T06:57:15Z;;1499;2195
2024-05-15T06:58:01Z;900;;2399
2024-05-15T06:58:03Z;876;;2375
2024-05-15T06:58:04Z;901;;2400
2024-05-15T06:58:11Z;895;;2394
2024-05-15T06:58:12Z;917;;2416
2024-05-15T06:58:13Z;888;;2387
2024-05-15T06:58:15Z;913;;2412
2024-05-15T06:58:19Z;895;;2394
2024-05-15T06:58:20Z;917;;2416
2024-05-15T06:58:47Z;895;;2394
2024-05-15T06:58:48Z;904;;2403
2024-05-15T06:58:49Z;889;;2388
2024-05-15T06:59:00Z;;1521;2410
2024-05-15T06:59:02Z;580;;2101
2024-05-15T06:59:07Z;;1793;2373
2024-05-15T06:59:13Z;284;;2077
2024-05-15T06:59:19Z;;2096;2380
2024-05-15T06:59:26Z;2;;2098
2024-05-15T06:59:28Z;2;;2098
2024-05-15T06:59:38Z;11;;2107
2024-05-15T06:59:40Z;10;;2106
2024-05-15T06:59:50Z;11;;2107
2024-05-15T07:00:04Z;7;;2103
2024-05-15T07:00:05Z;-16;2292;2080
2024-05-15T07:00:06Z;5;;2297
2024-05-15T07:00:07Z;;1855;1860
2024-05-15T07:00:08Z;463;;2318
2024-05-15T07:00:09Z;602;1658;2457
2024-05-15T07:00:11Z;595;;2253
2024-05-15T07:00:12Z;617;;2275
2024-05-15T07:00:15Z;225;;1883
2024-05-15T07:00:31Z;;1928;2153
2024-05-15T07:00:32Z;169;;2097
2024-05-15T07:00:33Z;;2155;2324
2024-05-15T07:00:35Z;;2087;2256
2024-05-15T07:00:37Z;;2127;2296
2024-05-15T07:00:39Z;;2090;2259
2024-05-15T07:00:45Z;315;;2405
2024-05-15T07:00:48Z;;1795;2110
2024-05-15T07:00:54Z;;1812;2127
2024-05-15T07:00:57Z;270;;2082
2024-05-15T07:01:05Z;421;1693;2233
2024-05-15T07:01:09Z;614;;2307
2024-05-15T07:01:11Z;568;;2261
2024-05-15T07:01:22Z;617;;2310
2024-05-15T07:01:23Z;;1496;2113
2024-05-15T07:01:25Z;;1501;2118
2024-05-15T07:01:26Z;574;;2075
2024-05-15T07:01:32Z;-1046;;455
2024-05-15T07:01:39Z;;1448;402
2024-05-15T07:01:41Z;-1218;;230
2024-05-15T07:02:06Z;-1193;;255
2024-05-15T07:02:09Z;;1552;359
2024-05-15T07:02:22Z;;1472;279
2024-05-15T07:02:31Z;-1215;;257
2024-05-15T07:02:34Z;-1185;;287
2024-05-15T07:02:37Z;;1519;334
2024-05-15T07:02:44Z;;1486;301
2024-05-15T07:02:46Z;;1500;315
2024-05-15T07:03:01Z;;1450;265
2024-05-15T07:03:10Z;;1527;342
2024-05-15T07:03:18Z;-1516;;11
2024-05-15T07:03:20Z;-1450;;77
2024-05-15T07:03:33Z;-1515;;12
2024-05-15T07:03:35Z;;1858;343
2024-05-15T07:03:38Z;-1790;;68
2024-05-15T07:03:43Z;;2117;327
2024-05-15T07:03:52Z;-2106;;11
2024-05-15T07:03:57Z;-2112;;5
2024-05-15T07:04:08Z;-2134;;-17
2024-05-15T07:04:09Z;;2454;320
2024-05-15T07:04:21Z;-2402;;52
2024-05-15T07:04:22Z;-2394;;60
2024-05-15T07:04:45Z;-2391;;63
2024-05-15T07:04:46Z;-2394;;60
2024-05-15T07:04:48Z;-2403;;51
2024-05-15T07:04:49Z;-2405;;49
2024-05-15T07:05:00Z;;2354;-51
2024-05-15T07:05:02Z;-2132;;222
2024-05-15T07:05:14Z;;2089;-43
2024-05-15T07:05:15Z;-1808;;546
2024-05-15T07:05:21Z;-1784;2055;305
2024-05-15T07:05:30Z;-2119;;-64
2024-05-15T07:05:32Z;-2095;;-40
2024-05-15T07:05:33Z;-1911;2054;144
2024-05-15T07:05:35Z;-1768;;286
2024-05-15T07:05:37Z;-1823;;231
2024-05-15T07:05:39Z;-1807;;247
2024-05-15T07:05:40Z;;2210;403
2024-05-15T07:05:41Z;-2049;;161
2024-05-15T07:05:45Z;;2451;402
2024-05-15T07:05:50Z;-2408;;43
2024-05-15T07:05:52Z;;2703;295
2024-05-15T07:05:54Z;;2682;274
2024-05-15T07:05:55Z;-2266;;416
2024-05-15T07:05:56Z;;2362;96
2024-05-15T07:05:58Z;;2085;-181
2024-05-15T07:05:59Z;;2160;-106
2024-05-15T07:06:02Z;-1983;;177
2024-05-15T07:06:03Z;;2024;41
2024-05-15T07:06:04Z;-1759;;265
2024-05-15T07:06:06Z;;1666;-93
2024-05-15T07:06:08Z;-1399;;267
2024-05-15T07:06:10Z;;1493;94
2024-05-15T07:06:17Z;-1200;;293
2024-05-15T07:07:10Z;-1197;;296
2024-05-15T07:07:17Z;;1508;311
2024-05-15T07:07:24Z;-1515;;-7
2024-05-15T07:07:27Z;;1860;345
2024-05-15T07:07:29Z;-1927;;-67
2024-05-15T07:07:30Z;;2276;349
2024-05-15T07:07:31Z;;2579;652
2024-05-15T07:07:32Z;;2737;810
2024-05-15T07:07:34Z;;2641;714
2024-05-15T07:07:36Z;;2297;370
2024-05-15T07:07:37Z;-2439;;-142
2024-05-15T07:07:38Z;-2303;;-6
2024-05-15T07:07:39Z;-2030;;267
2024-05-15T07:07:40Z;-1829;1989;468
2024-05-15T07:07:42Z;-1750;;239
2024-05-15T07:07:43Z;;2240;490
2024-05-15T07:07:44Z;-2099;;141
2024-05-15T07:07:45Z;;2406;307
2024-05-15T07:07:47Z;;2700;601
2024-05-15T07:07:51Z;-2427;;273
2024-05-15T07:07:53Z;;2809;382
2024-05-15T07:07:54Z;-2475;;334
2024-05-15T07:07:55Z;;2326;-149
2024-05-15T07:07:57Z;;2412;-63
2024-05-15T07:08:00Z;;2377;-98
2024-05-15T07:08:01Z;-2090;;287
2024-05-15T07:08:04Z;-1912;;465
2024-05-15T07:08:05Z;;1974;62
2024-05-15T07:08:07Z;;1781;-131
2024-05-15T07:08:08Z;-1519;;262
2024-05-15T07:08:26Z;-1493;;288
2024-05-15T07:08:28Z;;1836;343
2024-05-15T07:08:30Z;-1798;;38
2024-05-15T07:08:31Z;;2106;308
2024-05-15T07:08:32Z;-1805;;301
2024-05-15T07:08:33Z;;1970;165
2024-05-15T07:08:36Z;;1786;-19
2024-05-15T07:08:38Z;;1830;25
2024-05-15T07:08:41Z;-1800;;30
2024-05-15T07:08:42Z;;2157;357
2024-05-15T07:08:43Z;-2067;;90
2024-05-15T07:08:44Z;;2470;403
2024-05-15T07:08:48Z;-2411;;59
2024-05-15T07:08:49Z;;2736;325
2024-05-15T07:08:56Z;;2699;288
2024-05-15T07:09:04Z;-2293;2398;406
2024-05-15T07:09:05Z;-2026;;372
2024-05-15T07:09:07Z;;2046;20
2024-05-15T07:09:12Z;;2176;150
2024-05-15T07:09:13Z;-2095;;81
2024-05-15T07:09:14Z;;2440;345
2024-05-15T07:09:16Z;;2375;280
2024-05-15T07:09:28Z;-2098;;277
2024-05-15T07:09:31Z;-2150;;225
2024-05-15T07:09:32Z;;2402;252
2024-05-15T07:09:34Z;-2409;;-7
2024-05-15T07:09:40Z;;2700;291
2024-05-15T07:10:06Z;;2692;283
2024-05-15T07:10:18Z;;2220;-189
2024-05-15T07:10:21Z;-2154;;66
2024-05-15T07:10:22Z;-1957;;263
2024-05-15T07:10:25Z;-1750;2057;307
2024-05-15T07:10:26Z;;1776;26
2024-05-15T07:10:37Z;;1847;97
2024-05-15T07:10:39Z;-1809;;38
2024-05-15T07:10:45Z;;2109;300
2024-05-15T07:10:46Z;-2018;;91
2024-05-15T07:10:52Z;;2431;413
2024-05-15T07:10:54Z;-2395;;36
2024-05-15T07:11:10Z;;2704;309
2024-05-15T07:11:29Z;;2688;293
2024-05-15T07:11:59Z;-2387;;301
2024-05-15T07:12:01Z;;2358;-29
2024-05-15T07:12:03Z;-1514;2099;844
2024-05-15T07:12:05Z;;1747;233
2024-05-15T07:12:07Z;-1404;;343
2024-05-15T07:12:08Z;;1461;57
2024-05-15T07:12:27Z;-1207;;254
2024-05-15T07:12:50Z;;1198;-9
2024-05-15T07:14:18Z;;1202;-5
2024-05-15T07:14:45Z;-1200;;2
2024-05-15T07:15:05Z;;1355;155
2024-05-15T07:15:14Z;-1313;;42
2024-05-15T07:15:25Z;;1508;195
2024-05-15T07:15:29Z;-1503;;5
2024-05-15T07:16:21Z;-1521;;-13
2024-05-15T07:16:30Z;;1495;-26
2024-05-15T07:17:01Z;-1200;;295
2024-05-15T07:17:20Z;;1195;-5
2024-05-15T07:19:43Z;-902;;293
2024-05-15T07:19:44Z;-897;;298
2024-05-15T07:19:45Z;-905;;290
2024-05-15T07:20:24Z;-896;;299
2024-05-15T07:20:54Z;;1206;310
2024-05-15T07:21:03Z;-1207;;-1
2024-05-15T07:21:19Z;;1542;335
2024-05-15T07:21:21Z;-1521;;21
2024-05-15T07:21:26Z;-1476;;66
2024-05-15T07:21:30Z;-1454;;88
2024-05-15T07:21:31Z;-1019;;523
2024-05-15T07:21:33Z;;1442;423
2024-05-15T07:21:35Z;;1537;518
2024-05-15T07:21:37Z;;1486;467
2024-05-15T07:21:44Z;;1520;501
2024-05-15T07:21:48Z;-1524;;-4
2024-05-15T07:21:49Z;;1807;283
2024-05-15T07:21:51Z;;1799;275
2024-05-15T07:21:53Z;;1812;288
2024-05-15T07:21:55Z;-1784;;28
2024-05-15T07:21:56Z;-1796;;16
2024-05-15T07:22:07Z;;1769;-27
2024-05-15T07:22:09Z;-1516;;253
2024-05-15T07:22:10Z;;1494;-22
2024-05-15T07:22:17Z;-1431;1567;63
2024-05-15T07:22:48Z;-1507;;60
2024-05-15T07:22:49Z;;1470;-37
2024-05-15T07:22:52Z;-1201;;269
2024-05-15T07:23:15Z;;1198;-3
2024-05-15T07:23:17Z;;1202;1
2024-05-15T07:23:19Z;;1198;-3
2024-05-15T07:24:16Z;;1202;1
2024-05-15T07:24:36Z;-1212;;-10
2024-05-15T07:24:47Z;;1521;309
2024-05-15T07:24:50Z;-1530;;-9
2024-05-15T07:24:54Z;;1829;299
2024-05-15T07:24:58Z;-1819;;10
2024-05-15T07:25:09Z;-1799;;30
2024-05-15T07:25:14Z;-1815;;14
2024-05-15T07:25:24Z;-1570;;259
2024-05-15T07:25:25Z;-1225;1500;275
2024-05-15T07:25:26Z;-1169;1273;331
2024-05-15T07:25:30Z;;1200;31
2024-05-15T07:28:21Z;-896;;304
2024-05-15T07:29:06Z;;899;3
2024-05-15T07:29:08Z;;903;7
2024-05-15T07:29:16Z;;898;2
2024-05-15T07:29:18Z;;906;10
2024-05-15T07:30:05Z;;930;34
2024-05-15T07:30:12Z;-858;;72
2024-05-15T07:31:40Z;-899;;31
2024-05-15T07:31:42Z;-869;;61
2024-05-15T07:31:44Z;-883;;47
2024-05-15T07:32:01Z;;1248;365
2024-05-15T07:32:02Z;-1179;;69
2024-05-15T07:32:09Z;;1527;348
2024-05-15T07:32:10Z;-1455;;72
2024-05-15T07:32:23Z;;1807;352
2024-05-15T07:32:30Z;;1791;336
2024-05-15T07:32:39Z;;1825;370
2024-05-15T07:32:41Z;-1800;;25
2024-05-15T07:32:48Z;;2102;302
2024-05-15T07:32:56Z;-2101;;1
2024-05-15T07:32:58Z;-2074;;28
2024-05-15T07:32:59Z;;2086;-43
2024-05-15T07:33:01Z;;2127;53
2024-05-15T07:33:02Z;-2129;;-27
2024-05-15T07:33:12Z;-2031;;96
2024-05-15T07:33:13Z;;2069;38
2024-05-15T07:33:16Z;-1795;;274
2024-05-15T07:33:17Z;-1828;;241
2024-05-15T07:33:19Z;;2141;313
2024-05-15T07:33:21Z;-2163;;-22
2024-05-15T07:33:46Z;;2407;244
2024-05-15T07:33:57Z;;2254;91
2024-05-15T07:33:59Z;;1916;-247
2024-05-15T07:34:00Z;-1921;;-5
2024-05-15T07:34:02Z;;1776;-145
2024-05-15T07:34:04Z;-1720;;56
2024-05-15T07:34:05Z;;1872;152
2024-05-15T07:34:06Z;-1941;;-69
2024-05-15T07:34:07Z;;2130;189
2024-05-15T07:34:09Z;-2362;;-232
2024-05-15T07:34:12Z;-2315;2531;169
2024-05-15T07:34:14Z;-1758;2329;14
2024-05-15T07:34:16Z;;1963;205
2024-05-15T07:34:17Z;;1766;8
2024-05-15T07:34:21Z;;1810;52
2024-05-15T07:34:24Z;;1761;3
2024-05-15T07:34:48Z;;1821;63
2024-05-15T07:34:51Z;-1751;;70
2024-05-15T07:34:55Z;;2104;353
2024-05-15T07:34:57Z;;2067;316
2024-05-15T07:35:04Z;-2040;;27
2024-05-15T07:35:05Z;;2189;149
2024-05-15T07:35:06Z;-2072;;117
2024-05-15T07:35:07Z;;1911;-161
2024-05-15T07:35:08Z;-1710;;201
2024-05-15T07:35:09Z;;1782;72
2024-05-15T07:35:31Z;-1501;;281
2024-05-15T07:36:20Z;-1501;;281
2024-05-15T07:36:21Z;-1493;;289
2024-05-15T07:36:22Z;-1511;;271
2024-05-15T07:36:35Z;;1829;318
2024-05-15T07:36:39Z;;1774;263
2024-05-15T07:36:57Z;-1719;1878;55
2024-05-15T07:37:00Z;;2199;480
2024-05-15T07:37:01Z;-2182;;17
2024-05-15T07:37:05Z;;2408;226
2024-05-15T07:37:06Z;-2491;;-83
2024-05-15T07:37:07Z;;2780;289
2024-05-15T07:37:09Z;-2710;;70
2024-05-15T07:37:13Z;-2665;;115
2024-05-15T07:37:29Z;;2681;16
2024-05-15T07:37:31Z;;2702;37
2024-05-15T07:37:35Z;;2690;25
2024-05-15T07:38:13Z;-2402;;288
2024-05-15T07:38:16Z;;2350;-52
2024-05-15T07:38:20Z;-2069;;281
2024-05-15T07:38:21Z;;2063;-6
2024-05-15T07:38:27Z;-1797;;266
2024-05-15T07:38:41Z;-1808;;255
2024-05-15T07:38:47Z;;2117;309
2024-05-15T07:38:49Z;-2114;;3
2024-05-15T07:39:17Z;-2092;;25
2024-05-15T07:39:26Z;;2092;0
2024-05-15T07:39:32Z;;2109;17
2024-05-15T07:39:34Z;;2088;-4
2024-05-15T07:39:38Z;-1827;1898;261
2024-05-15T07:39:47Z;-1497;;401
2024-05-15T07:39:50Z;;1487;-10
2024-05-15T07:39:52Z;;1509;12
2024-05-15T07:39:54Z;;1482;-15
2024-05-15T07:39:59Z;;1501;4
2024-05-15T07:40:04Z;;1473;-24
2024-05-15T07:40:22Z;;1531;34
2024-05-15T07:40:26Z;-1565;;-34
2024-05-15T07:40:28Z;;1843;278
2024-05-15T07:40:33Z;;1775;210
2024-05-15T07:40:35Z;;1840;275
2024-05-15T07:40:39Z;-1841;;-1
2024-05-15T07:40:45Z;-1764;;76
2024-05-15T07:40:48Z;;1750;-14
2024-05-15T07:40:50Z;;1810;46
2024-05-15T07:40:52Z;;1775;11
2024-05-15T07:40:54Z;;1803;39
2024-05-15T07:40:55Z;;1757;-7
2024-05-15T07:40:58Z;-1432;1496;325
2024-05-15T07:41:24Z;-1444;1535;52
2024-05-15T07:41:30Z;-1545;;-10
2024-05-15T07:41:37Z;-1499;;36
2024-05-15T07:41:38Z;-1515;;20
2024-05-15T07:41:40Z;;1489;-26
2024-05-15T07:41:49Z;;1541;26
2024-05-15T07:41:54Z;;1497;-18
2024-05-15T07:42:34Z;-1197;;300
2024-05-15T07:43:08Z;;1198;1
2024-05-15T07:44:16Z;;1210;13
2024-05-15T07:44:19Z;-1208;;2
2024-05-15T07:44:25Z;;1527;319
2024-05-15T07:44:27Z;-1488;;39
2024-05-15T07:44:48Z;;1839;351
2024-05-15T07:44:50Z;-1858;;-19
2024-05-15T07:44:53Z;;2105;247
2024-05-15T07:45:00Z;;2099;241
2024-05-15T07:45:05Z;;2105;247
2024-05-15T07:45:09Z;;2099;241
2024-05-15T07:45:10Z;-1591;;508
2024-05-15T07:45:11Z;;1604;13
2024-05-15T07:45:15Z;-2004;;-400
2024-05-15T07:45:26Z;;1539;-465
2024-05-15T07:45:28Z;-1506;;33
2024-05-15T07:45:32Z;;1840;334
2024-05-15T07:45:33Z;-1776;;64
2024-05-15T07:45:39Z;;2132;356
2024-05-15T07:45:42Z;-2105;;27
2024-05-15T07:45:47Z;-2105;;27
2024-05-15T07:45:56Z;;2094;-11
2024-05-15T07:45:58Z;;2131;26
2024-05-15T07:46:00Z;;2031;-74
2024-05-15T07:46:03Z;-1852;;179
2024-05-15T07:46:04Z;-1811;;220
2024-05-15T07:46:08Z;-1795;;236
2024-05-15T07:46:13Z;;1798;3
2024-05-15T07:46:16Z;-1556;;242
2024-05-15T07:46:18Z;;1468;-88
2024-05-15T07:46:57Z;-1205;;263
2024-05-15T07:46:58Z;-1219;;249
2024-05-15T07:47:00Z;-1199;;269
2024-05-15T07:47:23Z;;1199;0
2024-05-15T07:48:24Z;-899;;300
2024-05-15T07:48:27Z;-908;;291
2024-05-15T07:48:29Z;-895;;304
2024-05-15T07:48:57Z;;899;4
2024-05-15T07:50:52Z;;265;-630
2024-05-15T07:50:54Z;;787;-108
2024-05-15T07:51:48Z;;910;15
2024-05-15T07:52:11Z;-896;;14
2024-05-15T07:52:47Z;;1207;311
2024-05-15T07:53:03Z;;1192;296
2024-05-15T07:53:16Z;;1217;321
2024-05-15T07:53:40Z;;1181;285
2024-05-15T07:54:13Z;;1220;324
2024-05-15T07:54:23Z;-1211;;9
2024-05-15T07:54:26Z;-1183;;37
2024-05-15T07:55:03Z;-1196;;24
2024-05-15T07:55:04Z;-1203;;17
2024-05-15T07:55:06Z;-1206;;14
2024-05-15T07:55:16Z;;1502;296
2024-05-15T07:55:20Z;-1502;;0
2024-05-15T07:55:39Z;;1811;309
2024-05-15T07:55:52Z;-1807;;4
2024-05-15T07:56:31Z;;2104;297
2024-05-15T07:56:46Z;-2102;;2
2024-05-15T07:57:03Z;;2416;314
2024-05-15T07:57:50Z;-2400;;16
2024-05-15T07:58:26Z;-2399;;17
2024-05-15T07:58:35Z;;2398;-1
2024-05-15T07:58:54Z;;2417;18
2024-05-15T07:58:58Z;-2400;;17
2024-05-15T08:00:04Z;-2335;;82
2024-05-15T08:00:05Z;;2352;17
2024-05-15T08:00:08Z;;2600;265
2024-05-15T08:00:09Z;;2416;81
2024-05-15T08:00:12Z;-2406;;10
2024-05-15T08:00:15Z;-2363;;53
2024-05-15T08:00:23Z;-2399;;17
2024-05-15T08:00:26Z;;2388;-11
2024-05-15T08:00:30Z;-2207;;181
2024-05-15T08:01:19Z;-2104;;284
2024-05-15T08:01:34Z;-2090;;298
2024-05-15T08:01:50Z;-2105;;283
2024-05-15T08:02:01Z;-2098;;290
2024-05-15T08:02:15Z;;2095;-3
2024-05-15T08:02:28Z;;2115;17
2024-05-15T08:03:22Z;;2095;-3
2024-05-15T08:03:24Z;;2101;3
2024-05-15T08:03:26Z;;2095;-3
2024-05-15T08:03:35Z;;2119;21
2024-05-15T08:04:01Z;;2089;-9
2024-05-15T08:04:14Z;-1795;;294
2024-05-15T08:05:30Z;;1811;16
2024-05-15T08:05:33Z;;1803;8
2024-05-15T08:05:35Z;;1791;-4
2024-05-15T08:05:37Z;-1494;;297
2024-05-15T08:05:38Z;-1499;;292
2024-05-15T08:05:52Z;-1523;;268
2024-05-15T08:05:58Z;;1498;-25
2024-05-15T08:06:03Z;;1515;-8
2024-05-15T08:06:06Z;;1476;-47
2024-05-15T08:06:13Z;-1187;;289
2024-05-15T08:07:37Z;;1192;5
2024-05-15T08:08:19Z;-897;;295
2024-05-15T08:10:35Z;-884;;308
2024-05-15T08:10:39Z;-907;;285
2024-05-15T08:10:49Z;-904;;288
2024-05-15T08:10:50Z;-906;;286
2024-05-15T08:10:53Z;-910;;282
2024-05-15T08:11:28Z;;1200;290
2024-05-15T08:12:03Z;-1207;;-7
2024-05-15T08:12:19Z;;1531;324
2024-05-15T08:12:38Z;-1509;;22
2024-05-15T08:12:42Z;;1808;299
2024-05-15T08:12:44Z;;1814;305
2024-05-15T08:12:45Z;-1543;;271
2024-05-15T08:13:05Z;;1493;-50
2024-05-15T08:13:17Z;;1516;-27
2024-05-15T08:13:25Z;-1502;;14
2024-05-15T08:13:34Z;-1482;;34
2024-05-15T08:13:44Z;;1497;15
2024-05-15T08:13:52Z;-1197;;300
2024-05-15T08:14:13Z;-1205;;292
2024-05-15T08:14:16Z;;1509;304
2024-05-15T08:14:19Z;;1498;293
2024-05-15T08:14:33Z;-1204;1024;294
2024-05-15T08:14:35Z;;1386;182
2024-05-15T08:15:05Z;;1303;99
2024-05-15T08:15:14Z;-1127;;176
2024-05-15T08:18:08Z;-1219;;84
2024-05-15T08:18:39Z;;1514;295
2024-05-15T08:19:14Z;-1496;;18
2024-05-15T08:20:43Z;;1805;309
2024-05-15T08:20:49Z;-1813;;-8
2024-05-15T08:21:29Z;;2105;292
2024-05-15T08:21:55Z;-2100;;5
2024-05-15T08:22:27Z;;2413;313
2024-05-15T08:22:47Z;-2397;;16
2024-05-15T08:22:49Z;-2399;;14
2024-05-15T08:22:59Z;-2407;;6
2024-05-15T08:23:26Z;-2392;;21
2024-05-15T08:23:45Z;;2391;-1
2024-05-15T08:24:21Z;-2090;;301
2024-05-15T08:24:50Z;;2099;9
2024-05-15T08:24:52Z;;2102;12
2024-05-15T08:24:54Z;;2092;2
2024-05-15T08:25:16Z;-1792;;300
2024-05-15T08:25:24Z;;1795;3
2024-05-15T08:25:33Z;-1526;;269
2024-05-15T08:25:58Z;;1493;-33
2024-05-15T08:27:11Z;-1199;;294
2024-05-15T08:27:48Z;;1198;-1
2024-05-15T08:27:51Z;;1206;7
2024-05-15T08:27:53Z;;1196;-3
2024-05-15T08:27:57Z;;1201;2
2024-05-15T08:27:59Z;;1193;-6
2024-05-15T08:30:05Z;;1168;-31
2024-05-15T08:30:12Z;-1099;;69
2024-05-15T08:30:26Z;;1202;103
2024-05-15T08:31:02Z;-1198;;4
2024-05-15T08:33:07Z;;1501;303
2024-05-15T08:33:09Z;;1493;295
2024-05-15T08:33:11Z;;1509;311
2024-05-15T08:33:37Z;-1460;;49
2024-05-15T08:33:38Z;;1467;7
2024-05-15T08:33:39Z;-1589;;-122
2024-05-15T08:33:40Z;;1575;-14
2024-05-15T08:33:48Z;;1492;-97
2024-05-15T08:34:00Z;;1494;-95
2024-05-15T08:34:16Z;-1533;;-39
2024-05-15T08:34:18Z;;1826;293
2024-05-15T08:34:21Z;-1813;;13
2024-05-15T08:34:28Z;-1790;;36
2024-05-15T08:34:29Z;;1785;-5
2024-05-15T08:34:38Z;-1512;;273
2024-05-15T08:34:40Z;-1504;;281
2024-05-15T08:35:22Z;;1815;311
2024-05-15T08:35:40Z;;1784;280
2024-05-15T08:35:48Z;;1818;314
2024-05-15T08:35:52Z;;1784;280
2024-05-15T08:35:56Z;;1882;378
2024-05-15T08:35:57Z;-1831;;51
2024-05-15T08:36:04Z;-1759;;123
2024-05-15T08:36:08Z;-1806;;76
2024-05-15T08:36:10Z;-1797;;85
2024-05-15T08:36:13Z;;1795;-2
2024-05-15T08:36:20Z;;1810;13
2024-05-15T08:36:27Z;;1791;-6
2024-05-15T08:37:16Z;-1505;;286
2024-05-15T08:38:15Z;-1496;;295
2024-05-15T08:39:17Z;;1800;304
2024-05-15T08:39:26Z;;1794;298
2024-05-15T08:39:34Z;;1801;305
2024-05-15T08:39:36Z;;1789;293
2024-05-15T08:39:54Z;;1811;315
2024-05-15T08:39:56Z;;1797;301
2024-05-15T08:39:58Z;;1802;306
2024-05-15T08:40:00Z;;1771;275
2024-05-15T08:40:12Z;;1822;326
2024-05-15T08:40:14Z;-1810;;12
2024-05-15T08:40:17Z;-1773;;49
2024-05-15T08:40:21Z;;1797;24
2024-05-15T08:40:40Z;;1805;32
2024-05-15T08:40:42Z;-1760;;45
2024-05-15T08:40:47Z;;2105;345
2024-05-15T08:40:51Z;;2058;298
2024-05-15T08:40:53Z;;2142;382
2024-05-15T08:40:55Z;-2113;;29
2024-05-15T08:41:03Z;;2418;305
2024-05-15T08:41:05Z;-2418;;0
2024-05-15T08:41:08Z;;2702;284
2024-05-15T08:41:13Z;;2675;257
2024-05-15T08:41:20Z;-2333;;342
2024-05-15T08:41:25Z;-2363;;312
2024-05-15T08:41:31Z;-2317;2323;358
2024-05-15T08:41:35Z;-2064;;259
2024-05-15T08:41:36Z;-2196;;127
2024-05-15T08:41:38Z;-2059;;264
2024-05-15T08:41:41Z;-2108;;215
2024-05-15T08:41:43Z;-2082;;241
2024-05-15T08:41:48Z;-2107;;216
2024-05-15T08:41:49Z;;2417;310
2024-05-15T08:41:51Z;-2411;;6
2024-05-15T08:41:57Z;-2371;;46
2024-05-15T08:42:00Z;;2398;27
2024-05-15T08:42:02Z;;2408;37
2024-05-15T08:42:30Z;;2392;21
2024-05-15T08:42:45Z;-2101;;291
2024-05-15T08:42:52Z;;2089;-12
2024-05-15T08:43:24Z;;2104;3
2024-05-15T08:43:33Z;;2035;-66
2024-05-15T08:43:41Z;-1754;;281
2024-05-15T08:43:42Z;;1750;-4
2024-05-15T08:43:48Z;;1804;50
2024-05-15T08:43:51Z;-1867;;-63
2024-05-15T08:43:55Z;;2100;233
2024-05-15T08:43:59Z;;2089;222
2024-05-15T08:44:03Z;;2121;254
2024-05-15T08:44:05Z;;2091;224
2024-05-15T08:44:08Z;-1792;;299
2024-05-15T08:44:12Z;-1815;;276
2024-05-15T08:44:19Z;;2112;297
2024-05-15T08:44:23Z;-2101;;11
2024-05-15T08:44:28Z;-2099;;13
2024-05-15T08:44:39Z;;2096;292
2024-05-15T08:44:48Z;-1804;;308
2024-05-15T08:45:03Z;;1799;-5
2024-05-15T08:45:07Z;;1819;15
2024-05-15T08:45:12Z;-1680;;139
2024-05-15T08:45:45Z;;1813;133
2024-05-15T08:45:51Z;-1804;;9
2024-05-15T08:45:59Z;-1889;;-76
2024-05-15T08:46:01Z;;1773;-116
2024-05-15T08:46:07Z;;1821;-68
2024-05-15T08:46:18Z;-1817;;4
2024-05-15T08:47:02Z;-1678;1751;143
2024-05-15T08:47:19Z;;1849;171
2024-05-15T08:47:20Z;-1882;;-33
2024-05-15T08:47:28Z;-1750;;99
2024-05-15T08:47:29Z;;1778;28
2024-05-15T08:47:32Z;;1840;90
2024-05-15T08:47:34Z;-1786;;54
2024-05-15T08:47:57Z;-1773;;67
2024-05-15T08:48:00Z;;1791;18
2024-05-15T08:48:01Z;-1764;;27
2024-05-15T08:48:02Z;;1836;72
2024-05-15T08:48:03Z;-1790;;46
2024-05-15T08:48:05Z;;1780;-10
2024-05-15T08:48:06Z;-1551;;229
2024-05-15T08:48:09Z;;1412;-139
2024-05-15T08:48:36Z;-1208;;204
2024-05-15T08:49:05Z;;1198;-10
2024-05-15T08:50:15Z;;1207;-1
2024-05-15T08:50:18Z;856;;2063
2024-05-15T08:50:57Z;594;;1801
2024-05-15T08:51:01Z;;1503;2097
2024-05-15T08:51:14Z;292;;1795
2024-05-15T08:51:15Z;;1843;2135
2024-05-15T08:51:18Z;78;;1921
2024-05-15T08:51:19Z;;2178;2256
2024-05-15T08:51:23Z;;2431;2509
2024-05-15T08:51:24Z;-452;;1979
2024-05-15T08:51:25Z;-666;2865;1765
2024-05-15T08:51:26Z;-933;;1932
2024-05-15T08:51:28Z;-1137;;1728
2024-05-15T08:51:30Z;;3304;2167
2024-05-15T08:51:31Z;;3304;2167
2024-05-15T08:54:50Z;-545;2418;2759
2024-05-15T08:54:52Z;;2061;1516
2024-05-15T08:54:53Z;-246;;1815
2024-05-15T08:54:54Z;;2156;1910
2024-05-15T08:54:56Z;;2633;2387
2024-05-15T08:54:57Z;-689;2723;1944
2024-05-15T08:54:59Z;;2694;2005
2024-05-15T08:55:01Z;;2803;2114
2024-05-15T08:55:04Z;-606;;2197
2024-05-15T08:55:05Z;-419;2659;2384
2024-05-15T08:55:07Z;;2350;1931
2024-05-15T08:55:09Z;-253;2514;2095
2024-05-15T08:55:10Z;-401;;2113
2024-05-15T08:55:11Z;54;;2568
2024-05-15T08:55:12Z;55;;2569
2024-05-15T08:55:15Z;28;;2542
2024-05-15T08:55:17Z;57;;2571
2024-05-15T08:55:19Z;338;;2852
2024-05-15T08:55:46Z;;1497;1835
2024-05-15T08:55:55Z;606;;2103
2024-05-15T08:56:13Z;594;;2091
2024-05-15T08:56:28Z;;1510;2104
2024-05-15T08:56:43Z;259;1809;2068
2024-05-15T08:56:49Z;68;;1877
2024-05-15T08:56:50Z;;2110;2178
2024-05-15T08:56:53Z;-249;;1861
2024-05-15T08:56:54Z;;2466;2217
2024-05-15T08:56:55Z;-525;;1941
2024-05-15T08:56:56Z;-777;2667;1890
2024-05-15T08:56:58Z;-1113;3165;2052
2024-05-15T08:57:00Z;;3431;2318
2024-05-15T08:57:49Z;-1158;;2273
2024-05-15T08:57:50Z;;3192;2034
2024-05-15T08:57:56Z;;3042;1884
2024-05-15T08:57:57Z;-860;;2182
2024-05-15T08:57:58Z;;2952;2092
2024-05-15T08:57:59Z;-320;;2632
2024-05-15T08:58:00Z;-127;;2825
2024-05-15T08:58:01Z;;2668;2541
2024-05-15T08:58:03Z;;2148;2021
2024-05-15T08:58:04Z;5;;2153
2024-05-15T08:58:05Z;-77;2149;2071
2024-05-15T08:58:07Z;-312;2413;1837
2024-05-15T08:58:09Z;-673;2776;1740
2024-05-15T08:58:11Z;;3035;2362
2024-05-15T08:58:12Z;-1013;;2022
2024-05-15T08:58:15Z;;3337;2324
2024-05-15T08:58:16Z;-1235;;2102
2024-05-15T08:58:37Z;-1222;;2115
2024-05-15T08:58:39Z;;3236;2014
2024-05-15T08:58:47Z;-1185;;2051
2024-05-15T08:58:48Z;;3330;2145
2024-05-15T08:58:55Z;-1082;3185;2248
2024-05-15T08:58:56Z;-906;;2279
2024-05-15T08:58:57Z;;2942;2036
2024-05-15T08:58:59Z;;2676;1770
2024-05-15T08:59:01Z;;2767;1861
2024-05-15T08:59:02Z;;2526;1620
2024-05-15T08:59:03Z;71;;2597
2024-05-15T08:59:04Z;330;;2856
2024-05-15T08:59:05Z;;1661;1991
2024-05-15T08:59:48Z;281;;1942
2024-05-15T08:59:51Z;;1818;2099
2024-05-15T08:59:56Z;46;;1864
2024-05-15T08:59:58Z;;2249;2295
2024-05-15T08:59:59Z;-366;;1883
2024-05-15T09:00:00Z;-530;2417;1719
2024-05-15T09:00:03Z;;2708;2178
2024-05-15T09:00:06Z;;2589;2059
2024-05-15T09:00:07Z;-818;;1771
2024-05-15T09:00:08Z;;3101;2283
2024-05-15T09:00:12Z;-1020;;2081
2024-05-15T09:00:15Z;;2935;1915
2024-05-15T09:00:17Z;;3044;2024
2024-05-15T09:00:20Z;-1085;;1959
2024-05-15T09:00:21Z;;3318;2233
2024-05-15T09:00:27Z;-1501;;1817
2024-05-15T09:00:28Z;;3604;2103
2024-05-15T09:00:38Z;;3574;2073
2024-05-15T09:00:39Z;-1324;;2250
2024-05-15T09:00:40Z;-882;2806;2692
2024-05-15T09:00:42Z;;2432;1550
2024-05-15T09:00:44Z;-675;;1757
2024-05-15T09:00:46Z;;2849;2174
2024-05-15T09:00:47Z;-1105;;1744
2024-05-15T09:00:48Z;-1367;;1482
2024-05-15T09:00:50Z;;3203;1836
2024-05-15T09:00:52Z;;3458;2091
2024-05-15T09:00:54Z;-1061;3040;2397
2024-05-15T09:00:55Z;-753;;2287
2024-05-15T09:00:57Z;;2758;2005
2024-05-15T09:00:59Z;;3105;2352
2024-05-15T09:01:01Z;-1026;3309;2079
2024-05-15T09:01:02Z;-1228;;2081
2024-05-15T09:01:03Z;-1148;;2161
2024-05-15T09:01:04Z;;3196;2048
2024-05-15T09:01:06Z;;2999;1851
2024-05-15T09:01:07Z;-821;;2178
2024-05-15T09:01:09Z;;3010;2189
2024-05-15T09:01:12Z;;3393;2572
2024-05-15T09:01:14Z;-905;;2488
2024-05-15T09:01:15Z;-1296;;2097
2024-05-15T09:01:16Z;;3090;1794
2024-05-15T09:01:17Z;-306;;2784
2024-05-15T09:01:18Z;166;;3256
2024-05-15T09:01:20Z;;2163;2329
2024-05-15T09:01:21Z;310;;2473
2024-05-15T09:01:22Z;;1761;2071
2024-05-15T09:01:30Z;;1498;1808
2024-05-15T09:01:32Z;;1500;1810
2024-05-15T09:01:34Z;;1477;1787
2024-05-15T09:01:36Z;;1503;1813
2024-05-15T09:01:37Z;;1473;1783
2024-05-15T09:01:39Z;;1504;1814
2024-05-15T09:01:41Z;;1478;1788
2024-05-15T09:02:10Z;607;;2085
2024-05-15T09:02:47Z;598;;2076
2024-05-15T09:03:18Z;;1502;2100
2024-05-15T09:03:40Z;286;;1788
2024-05-15T09:03:41Z;;1838;2124
2024-05-15T09:03:43Z;-39;;1799
2024-05-15T09:03:46Z;;2114;2075
2024-05-15T09:03:47Z;-184;;1930
2024-05-15T09:03:48Z;;2659;2475
2024-05-15T09:03:49Z;-1090;;1569
2024-05-15T09:03:50Z;;3267;2177
2024-05-15T09:03:52Z;-1523;;1744
2024-05-15T09:03:54Z;;3555;2032
2024-05-15T09:03:56Z;;3624;2101
2024-05-15T09:04:00Z;-1501;;2123
2024-05-15T09:04:04Z;-1504;;2120
2024-05-15T09:04:13Z;-1498;;2126
2024-05-15T09:04:16Z;-1501;;2123
2024-05-15T09:04:18Z;-1498;;2126
2024-05-15T09:04:19Z;-1506;;2118
2024-05-15T09:05:08Z;-1551;;2073
2024-05-15T09:05:09Z;;3263;1712
2024-05-15T09:05:10Z;-996;;2267
2024-05-15T09:05:11Z;-1075;;2188
2024-05-15T09:05:14Z;-1091;;2172
2024-05-15T09:05:15Z;;2829;1738
2024-05-15T09:05:17Z;;2696;1605
2024-05-15T09:05:19Z;-668;2776;2028
2024-05-15T09:05:21Z;;2625;1957
2024-05-15T09:05:22Z;;2399;1731
2024-05-15T09:05:24Z;;2661;1993
2024-05-15T09:05:25Z;-576;;2085
2024-05-15T09:05:26Z;;3004;2428
2024-05-15T09:05:27Z;;3318;2742
2024-05-15T09:05:29Z;-1097;;2221
2024-05-15T09:05:30Z;-1448;;1870
2024-05-15T09:05:31Z;;3283;1835
2024-05-15T09:05:32Z;;3422;1974
2024-05-15T09:05:33Z;-904;;2518
2024-05-15T09:05:34Z;;3180;2276
2024-05-15T09:05:36Z;-682;2967;2498
2024-05-15T09:05:38Z;;2651;1969
2024-05-15T09:05:40Z;;2729;2047
2024-05-15T09:05:42Z;;3089;2407
2024-05-15T09:05:47Z;-1087;;2002
2024-05-15T09:05:48Z;;3350;2263
2024-05-15T09:06:27Z;-1195;3268;2155
2024-05-15T09:06:28Z;-1264;;2004
2024-05-15T09:06:31Z;-1152;3323;2116
2024-05-15T09:06:33Z;;3245;2093
2024-05-15T09:06:34Z;-1266;;1979
2024-05-15T09:06:35Z;;3340;2074
2024-05-15T09:06:44Z;;3292;2026
2024-05-15T09:06:45Z;-1207;;2085
2024-05-15T09:06:50Z;-873;2901;2419
2024-05-15T09:06:51Z;-882;;2019
2024-05-15T09:06:52Z;;3022;2140
2024-05-15T09:06:57Z;;3340;2458
2024-05-15T09:06:58Z;-1105;;2235
2024-05-15T09:06:59Z;-2922;;418
2024-05-15T09:07:01Z;;3128;206
2024-05-15T09:07:02Z;-2540;2810;588
2024-05-15T09:07:03Z;;2621;81
2024-05-15T09:07:05Z;;2136;-404
2024-05-15T09:07:06Z;-2337;;-201
2024-05-15T09:07:07Z;-2143;;-7
2024-05-15T09:07:11Z;-2403;2507;-267
2024-05-15T09:07:12Z;-2518;;-11
2024-05-15T09:07:13Z;;2821;303
2024-05-15T09:07:14Z;-2674;;147
2024-05-15T09:07:16Z;;2696;22
2024-05-15T09:07:17Z;-2377;;319
2024-05-15T09:07:18Z;-2469;;227
2024-05-15T09:07:19Z;;2736;267
2024-05-15T09:07:24Z;-2719;;17
2024-05-15T09:07:26Z;;3109;390
2024-05-15T09:07:27Z;-3067;;42
2024-05-15T09:07:31Z;-2972;;137
2024-05-15T09:07:33Z;-3050;;59
2024-05-15T09:07:34Z;;3329;279
2024-05-15T09:07:37Z;-3314;;15
2024-05-15T09:07:39Z;-3233;;96
2024-05-15T09:07:40Z;-2929;;400
2024-05-15T09:07:41Z;-2497;2940;11
2024-05-15T09:07:42Z;-2099;;841
2024-05-15T09:07:44Z;-1738;2497;1202
2024-05-15T09:07:46Z;;1873;135
2024-05-15T09:07:48Z;;1873;135
2024-05-15T09:07:50Z;;1797;59
2024-05-15T09:08:01Z;;1805;67
2024-05-15T09:08:03Z;-1760;;45
2024-05-15T09:08:08Z;;2147;387
2024-05-15T09:08:09Z;-2176;;-29
2024-05-15T09:08:10Z;;2565;389
2024-05-15T09:08:12Z;-2778;2764;-213
2024-05-15T09:08:14Z;-3126;3106;-362
2024-05-15T09:08:16Z;;3350;224
2024-05-15T09:08:18Z;-3358;;-8
2024-05-15T09:08:22Z;-3276;;74
2024-05-15T09:08:23Z;;3069;-207
2024-05-15T09:08:24Z;-2610;;459
2024-05-15T09:08:25Z;-1887;;1182
2024-05-15T09:08:26Z;-1675;2532;645
2024-05-15T09:08:30Z;;1876;201
2024-05-15T09:08:31Z;;1734;59
2024-05-15T09:08:35Z;-1504;;230
2024-05-15T09:08:45Z;;1499;-5
2024-05-15T09:09:26Z;;1501;-3
2024-05-15T09:09:29Z;-1489;;12
2024-05-15T09:09:37Z;;1876;387
2024-05-15T09:09:38Z;-1929;;-53
2024-05-15T09:09:39Z;;2154;225
2024-05-15T09:09:40Z;-2146;;8
2024-05-15T09:09:42Z;;2463;317
2024-05-15T09:09:43Z;-2622;;-159
2024-05-15T09:09:44Z;;2784;162
2024-05-15T09:09:46Z;-3001;;-217
2024-05-15T09:09:47Z;-2996;;-212
2024-05-15T09:09:48Z;-3019;;-235
2024-05-15T09:09:49Z;-3011;;-227
2024-05-15T09:09:51Z;-3000;;-216
2024-05-15T09:09:52Z;-2986;;-202
2024-05-15T09:09:57Z;;3039;53
2024-05-15T09:09:59Z;;2675;-311
2024-05-15T09:10:01Z;-2599;2765;76
2024-05-15T09:10:03Z;;2553;-46
2024-05-15T09:10:04Z;;2317;-282
2024-05-15T09:10:05Z;-2252;;65
2024-05-15T09:10:06Z;-2404;;-87
2024-05-15T09:10:07Z;-2332;;-15
2024-05-15T09:10:09Z;-2430;2419;87
2024-05-15T09:10:11Z;-2301;2379;118
2024-05-15T09:10:15Z;-2070;;309
2024-05-15T09:10:16Z;;2065;-5
2024-05-15T09:10:24Z;;2112;42
2024-05-15T09:10:26Z;-2112;;0
2024-05-15T09:10:37Z;-2093;;19
2024-05-15T09:10:39Z;-2105;;7
2024-05-15T09:10:43Z;-2282;;-170
2024-05-15T09:10:44Z;;2550;268
2024-05-15T09:10:46Z;-2818;2776;-42
2024-05-15T09:10:48Z;;3072;254
2024-05-15T09:10:49Z;-3014;;58
2024-05-15T09:10:50Z;;3305;291
2024-05-15T09:10:52Z;-3374;;-69
2024-05-15T09:10:54Z;;3605;231
2024-05-15T09:11:01Z;;3372;-2
2024-05-15T09:11:02Z;-2839;;533
2024-05-15T09:11:03Z;-2473;2823;-16
2024-05-15T09:11:04Z;-2280;;543
2024-05-15T09:11:05Z;-2303;;520
2024-05-15T09:11:07Z;-2341;;482
2024-05-15T09:11:08Z;-2091;;732
2024-05-15T09:11:14Z;-1785;;1038
2024-05-15T09:11:30Z;265;;3088
2024-05-15T09:12:00Z;-1492;;1331
2024-05-15T09:12:13Z;-1761;;1062
2024-05-15T09:12:14Z;;2157;396
2024-05-15T09:12:15Z;-2089;;68
2024-05-15T09:12:16Z;;2553;464
2024-05-15T09:12:17Z;-2447;;106
2024-05-15T09:12:18Z;-2381;;172
2024-05-15T09:12:19Z;;2387;6
2024-05-15T09:12:20Z;-2018;;369
2024-05-15T09:12:21Z;;2046;28
2024-05-15T09:12:22Z;-1779;;267
2024-05-15T09:12:33Z;;1793;14
2024-05-15T09:12:41Z;-1460;;333
2024-05-15T09:12:56Z;;1492;32
2024-05-15T09:13:33Z;;1515;55
2024-05-15T09:13:35Z;;1463;3
2024-05-15T09:13:43Z;-1203;;260
2024-05-15T09:13:51Z;-1207;;256
2024-05-15T09:13:54Z;;1521;314
2024-05-15T09:13:58Z;;1481;274
2024-05-15T09:14:00Z;-1207;;274
2024-05-15T09:14:03Z;-1178;;303
2024-05-15T09:14:07Z;;1573;395
2024-05-15T09:14:10Z;-1595;1800;-22
2024-05-15T09:14:14Z;-1820;;-20
2024-05-15T09:14:15Z;-1830;;-30
2024-05-15T09:14:17Z;;1667;-163
2024-05-15T09:14:18Z;-1351;;316
2024-05-15T09:14:19Z;;1496;145
2024-05-15T09:14:27Z;-1181;;315
2024-05-15T09:14:31Z;-1196;;300
2024-05-15T09:14:33Z;-1198;;298
2024-05-15T09:14:39Z;;1187;-11
2024-05-15T09:14:55Z;-896;;291
2024-05-15T09:15:05Z;;1036;140
2024-05-15T09:15:12Z;-846;;190
2024-05-15T09:16:00Z;;897;51
2024-05-15T09:17:27Z;;900;54
2024-05-15T09:17:51Z;-891;;9
2024-05-15T09:18:28Z;-886;;14
2024-05-15T09:18:33Z;-906;;-6
2024-05-15T09:19:03Z;;1203;297
2024-05-15T09:20:10Z;;1198;292
2024-05-15T09:20:18Z;-888;;310
2024-05-15T09:20:26Z;-898;;300
2024-05-15T09:20:40Z;;1204;306
2024-05-15T09:20:42Z;;1198;300
2024-05-15T09:20:52Z;-913;;285
2024-05-15T09:20:53Z;-866;;332
2024-05-15T09:21:02Z;;1210;344
2024-05-15T09:21:08Z;-1071;;139
2024-05-15T09:21:09Z;-808;1113;305
2024-05-15T09:21:11Z;;1245;437
2024-05-15T09:21:51Z;-1207;;38
2024-05-15T09:22:10Z;;1501;294
2024-05-15T09:22:33Z;-1509;;-8
2024-05-15T09:22:43Z;;1804;295
2024-05-15T09:23:02Z;-1798;;6
2024-05-15T09:23:07Z;;2117;319
2024-05-15T09:23:16Z;-2125;;-8
2024-05-15T09:23:19Z;;2416;291
2024-05-15T09:23:40Z;-2402;;14
2024-05-15T09:23:48Z;;2708;306
2024-05-15T09:24:23Z;-2687;;21
2024-05-15T09:24:24Z;;3007;320
2024-05-15T09:24:39Z;-3000;;7
2024-05-15T09:24:40Z;-2994;;13
2024-05-15T09:24:42Z;-3014;;-7
2024-05-15T09:24:44Z;;3335;321
2024-05-15T09:24:51Z;;3270;256
2024-05-15T09:24:54Z;-2969;;301
2024-05-15T09:24:57Z;;2892;-77
2024-05-15T09:24:58Z;-2554;;338
2024-05-15T09:25:00Z;;2479;-75
2024-05-15T09:25:02Z;-2549;;-70
2024-05-15T09:25:03Z;-2130;;349
2024-05-15T09:25:04Z;;2348;218
2024-05-15T09:25:11Z;;2061;-69
2024-05-15T09:25:13Z;-1766;;295
2024-05-15T09:25:15Z;;1792;26
2024-05-15T09:25:18Z;-1482;;310
2024-05-15T09:25:44Z;-1500;;292
2024-05-15T09:25:46Z;;1824;324
2024-05-15T09:25:54Z;-1812;;12
2024-05-15T09:25:57Z;-1781;;43
2024-05-15T09:25:59Z;;1791;10
2024-05-15T09:26:12Z;;1836;55
2024-05-15T09:26:15Z;-1820;;16
2024-05-15T09:26:18Z;;2126;306
2024-05-15T09:26:20Z;;2068;248
2024-05-15T09:26:23Z;-1814;;254
2024-05-15T09:26:33Z;-1815;;253
2024-05-15T09:26:43Z;;2117;302
2024-05-15T09:26:45Z;;2047;232
2024-05-15T09:26:48Z;-1768;;279
2024-05-15T09:26:50Z;-1788;;259
2024-05-15T09:26:56Z;-1770;;277
2024-05-15T09:27:00Z;-1781;;266
2024-05-15T09:27:03Z;;2112;331
2024-05-15T09:27:06Z;;2082;301
2024-05-15T09:27:08Z;-1816;;266
2024-05-15T09:27:15Z;;1771;-45
2024-05-15T09:27:17Z;-1516;;255
2024-05-15T09:27:37Z;;1499;-17
2024-05-15T09:27:39Z;;1503;-13
2024-05-15T09:27:45Z;;1492;-24
2024-05-15T09:28:28Z;;1529;13
2024-05-15T09:28:41Z;;1496;-20
2024-05-15T09:28:54Z;;1533;17
2024-05-15T09:28:59Z;-1557;;-24
2024-05-15T09:29:00Z;;1842;285
2024-05-15T09:29:01Z;-1724;;118
2024-05-15T09:29:04Z;;2161;437
2024-05-15T09:29:15Z;-2110;;51
2024-05-15T09:29:30Z;;2362;252
2024-05-15T09:29:37Z;-2425;;-63
2024-05-15T09:29:49Z;;2738;34
2024-05-15T09:29:50Z;-2704;;-342
2024-05-15T09:29:56Z;;3009;305
2024-05-15T09:29:59Z;;2963;259
2024-05-15T09:30:01Z;;3037;333
2024-05-15T09:30:03Z;;2921;217
2024-05-15T09:30:04Z;;3112;408
2024-05-15T09:30:05Z;-3052;;60
2024-05-15T09:30:07Z;;3037;-15
2024-05-15T09:30:08Z;;3409;357
2024-05-15T09:30:09Z;-3347;;62
2024-05-15T09:30:12Z;-3248;;161
2024-05-15T09:30:17Z;-3287;;122
2024-05-15T09:30:20Z;-3323;;86
2024-05-15T09:30:27Z;;3624;301
2024-05-15T09:32:07Z;;3578;255
2024-05-15T09:32:11Z;;3615;292
2024-05-15T09:32:35Z;;3590;267
2024-05-15T09:32:37Z;;3621;298
2024-05-15T09:32:59Z;;3577;254
2024-05-15T09:33:01Z;;3609;286
2024-05-15T09:33:11Z;;3598;275
2024-05-15T09:33:13Z;;3603;280
2024-05-15T09:33:17Z;;3598;275
2024-05-15T09:37:23Z;-3249;;349
2024-05-15T09:37:24Z;-3340;;258
2024-05-15T09:39:21Z;-3253;;345
2024-05-15T09:39:22Z;-3377;;221
2024-05-15T09:39:34Z;-3296;;302
2024-05-15T09:39:45Z;-3303;;295
2024-05-15T09:39:53Z;-3290;;308
2024-05-15T09:39:55Z;;3288;-2
2024-05-15T09:39:57Z;;3184;-106
2024-05-15T09:39:59Z;-3344;;-160
2024-05-15T09:40:19Z;-3298;;-114
2024-05-15T09:40:22Z;-3315;;-131
2024-05-15T09:41:02Z;-3289;;-105
2024-05-15T09:41:05Z;;3264;-25
2024-05-15T09:41:13Z;;3323;34
2024-05-15T09:41:17Z;-3301;;22
2024-05-15T09:41:20Z;-3298;;25
2024-05-15T09:41:52Z;;3291;-7
2024-05-15T09:41:59Z;;3318;20
2024-05-15T09:42:29Z;;3297;-1
2024-05-15T09:42:34Z;-2990;;307
2024-05-15T09:42:36Z;;3035;45
2024-05-15T09:42:44Z;-2678;;357
2024-05-15T09:42:48Z;-2701;;334
2024-05-15T09:42:50Z;-2671;;364
2024-05-15T09:42:51Z;;2678;7
2024-05-15T09:42:54Z;;2736;65
2024-05-15T09:42:55Z;-2705;;31
2024-05-15T09:42:57Z;;3098;393
2024-05-15T09:42:58Z;-3039;;59
2024-05-15T09:43:11Z;-2997;;101
2024-05-15T09:43:12Z;;3019;22
2024-05-15T09:43:16Z;-2640;;379
2024-05-15T09:43:17Z;;2684;44
2024-05-15T09:43:23Z;;2708;68
2024-05-15T09:43:26Z;-2738;;-30
2024-05-15T09:43:37Z;;3043;305
2024-05-15T09:43:41Z;;2950;212
2024-05-15T09:43:44Z;;3033;295
2024-05-15T09:43:47Z;;2940;202
2024-05-15T09:43:50Z;-2667;;273
2024-05-15T09:43:51Z;-2717;;223
2024-05-15T09:43:55Z;;3038;321
2024-05-15T09:43:57Z;-3060;;-22
2024-05-15T09:44:02Z;-2942;;96
2024-05-15T09:44:03Z;;2888;-54
2024-05-15T09:44:04Z;-2671;;217
2024-05-15T09:44:05Z;;2601;-70
2024-05-15T09:44:07Z;-2369;;232
2024-05-15T09:44:10Z;;2398;29
2024-05-15T09:44:12Z;;2420;51
2024-05-15T09:44:13Z;-2522;;-102
2024-05-15T09:44:14Z;;2717;195
2024-05-15T09:44:16Z;;2611;89
2024-05-15T09:44:18Z;-2352;;259
2024-05-15T09:44:19Z;;2386;34
2024-05-15T09:44:21Z;;2452;100
2024-05-15T09:44:22Z;-2407;;45
2024-05-15T09:44:28Z;-2370;;82
2024-05-15T09:44:29Z;;2324;-46
2024-05-15T09:44:31Z;-2103;;221
2024-05-15T09:44:36Z;;2070;-33
2024-05-15T09:44:40Z;;2121;18
2024-05-15T09:44:42Z;-2115;;6
2024-05-15T09:44:47Z;-2084;;37
2024-05-15T09:44:49Z;;2032;-52
2024-05-15T09:44:56Z;;2102;18
2024-05-15T09:44:58Z;-2234;;-132
2024-05-15T09:44:59Z;-2462;2615;-360
2024-05-15T09:45:01Z;-2817;2814;-202
2024-05-15T09:45:03Z;-2918;;-104
2024-05-15T09:45:05Z;;3016;98
2024-05-15T09:45:08Z;;2814;-104
2024-05-15T09:45:09Z;-2733;3116;81
2024-05-15T09:45:11Z;-2603;2666;513
2024-05-15T09:45:15Z;-2378;;288
2024-05-15T09:45:16Z;-2086;2326;-52
2024-05-15T09:45:19Z;-3108;;-782
2024-05-15T09:45:24Z;;2402;-706
2024-05-15T09:45:26Z;-2407;;-5
2024-05-15T09:45:28Z;;2726;319
2024-05-15T09:45:31Z;;2642;235
2024-05-15T09:45:33Z;-2421;;221
2024-05-15T09:45:41Z;;2385;-36
2024-05-15T09:45:52Z;-2019;2070;366
2024-05-15T09:45:57Z;;2127;108
2024-05-15T09:45:58Z;-2105;;22
2024-05-15T09:46:02Z;;2497;392
2024-05-15T09:46:03Z;-2517;;-20
2024-05-15T09:46:04Z;-2686;2822;-189
2024-05-15T09:46:08Z;-2698;;124
2024-05-15T09:46:09Z;-2534;2584;288
2024-05-15T09:46:12Z;-2154;;430
2024-05-15T09:46:15Z;;2273;119
2024-05-15T09:46:17Z;;2091;-63
2024-05-15T09:46:22Z;-2037;2142;54
2024-05-15T09:46:24Z;;2432;395
2024-05-15T09:46:26Z;-2425;;7
2024-05-15T09:46:28Z;-2356;;76
2024-05-15T09:46:31Z;-2415;;17
2024-05-15T09:46:35Z;;2765;350
2024-05-15T09:46:36Z;-2731;;34
2024-05-15T09:46:38Z;;3130;399
2024-05-15T09:46:40Z;-3057;;73
2024-05-15T09:46:41Z;;3348;291
2024-05-15T09:46:43Z;;3248;191
2024-05-15T09:46:45Z;-2905;2998;343
2024-05-15T09:46:47Z;;3004;99
2024-05-15T09:46:49Z;;3387;482
2024-05-15T09:46:52Z;-3080;;307
2024-05-15T09:46:53Z;-3320;;67
2024-05-15T09:46:57Z;-3244;;143
2024-05-15T09:46:58Z;;3239;-5
2024-05-15T09:47:00Z;-2930;;309
2024-05-15T09:47:01Z;;2918;-12
2024-05-15T09:47:04Z;;3008;78
2024-05-15T09:47:08Z;-3021;;-13
2024-05-15T09:47:10Z;-2987;;21
2024-05-15T09:47:11Z;;2967;-20
2024-05-15T09:47:17Z;;3054;67
2024-05-15T09:47:18Z;-3010;;44
2024-05-15T09:47:25Z;-3203;3356;-149
2024-05-15T09:47:35Z;-3297;;59
2024-05-15T09:47:36Z;-3305;;51
2024-05-15T09:47:38Z;-3274;;82
2024-05-15T09:47:59Z;-3293;;63
2024-05-15T09:48:04Z;-3256;;100
2024-05-15T09:48:05Z;;3114;-142
2024-05-15T09:48:06Z;-2797;;317
2024-05-15T09:48:07Z;-2523;2829;591
2024-05-15T09:48:09Z;;2550;27
2024-05-15T09:48:11Z;;2324;-199
2024-05-15T09:48:12Z;;2480;-43
2024-05-15T09:48:13Z;-2459;;21
2024-05-15T09:48:17Z;-2337;2380;143
2024-05-15T09:48:19Z;;2401;64
2024-05-15T09:48:22Z;;2394;57
2024-05-15T09:48:25Z;;2456;119
2024-05-15T09:48:26Z;-2497;;-41
2024-05-15T09:48:27Z;-2700;2853;-244
2024-05-15T09:48:29Z;-3053;;-200
2024-05-15T09:48:31Z;;3064;11
2024-05-15T09:48:32Z;;3343;290
2024-05-15T09:48:35Z;;3238;185
2024-05-15T09:48:36Z;-3023;;215
2024-05-15T09:48:37Z;;2983;-40
2024-05-15T09:48:43Z;;3083;60
2024-05-15T09:48:44Z;-3076;;7
2024-05-15T09:48:45Z;;3355;279
2024-05-15T09:48:47Z;-3324;;31
2024-05-15T09:48:51Z;-3255;;100
2024-05-15T09:48:52Z;;3233;-22
2024-05-15T09:48:54Z;-2917;2987;316
2024-05-15T09:48:58Z;-2789;;198
2024-05-15T09:48:59Z;-2776;2546;211
2024-05-15T09:49:01Z;;2278;-498
2024-05-15T09:49:03Z;;1948;-828
2024-05-15T09:49:05Z;;1468;-1308
2024-05-15T09:49:06Z;-2640;;-1172
2024-05-15T09:49:07Z;-2515;;-1047
2024-05-15T09:49:08Z;-1954;;-486
2024-05-15T09:49:09Z;-1802;;-334
2024-05-15T09:49:20Z;-1426;;42
2024-05-15T09:49:21Z;;1632;206
2024-05-15T09:49:22Z;-1745;;-113
2024-05-15T09:49:23Z;;1856;111
2024-05-15T09:49:24Z;-2287;;-431
2024-05-15T09:49:25Z;;2168;-119
2024-05-15T09:49:26Z;-2557;;-389
2024-05-15T09:49:28Z;;2423;-134
2024-05-15T09:49:29Z;;2729;172
2024-05-15T09:49:31Z;;2697;140
2024-05-15T09:49:33Z;;2774;217
2024-05-15T09:49:34Z;-2755;;19
2024-05-15T09:49:36Z;;3035;280
2024-05-15T09:49:39Z;-2950;;85
2024-05-15T09:49:42Z;;3382;432
2024-05-15T09:49:45Z;;3158;208
2024-05-15T09:49:46Z;-2934;;224
2024-05-15T09:49:47Z;-2791;2865;367
2024-05-15T09:49:50Z;-2437;;428
2024-05-15T09:49:53Z;;2612;175
2024-05-15T09:49:55Z;;2364;-73
2024-05-15T09:49:56Z;-2426;2430;-62
2024-05-15T09:49:58Z;-2802;2752;-372
2024-05-15T09:50:00Z;-3104;3120;-352
2024-05-15T09:50:02Z;;3311;207
2024-05-15T09:50:04Z;;3299;195
2024-05-15T09:50:09Z;-2942;;357
2024-05-15T09:50:10Z;;2974;32
2024-05-15T09:50:14Z;;3008;66
2024-05-15T09:50:17Z;;2952;10
2024-05-15T09:50:22Z;;3044;102
2024-05-15T09:50:23Z;-3036;;8
2024-05-15T09:50:24Z;;3345;309
2024-05-15T09:50:26Z;-3323;;22
2024-05-15T09:50:29Z;-3259;;86
2024-05-15T09:50:31Z;;3242;-17
2024-05-15T09:50:49Z;;3359;100
2024-05-15T09:50:52Z;;3285;26
2024-05-15T09:50:56Z;;3300;41
2024-05-15T09:51:04Z;;3299;40
2024-05-15T09:51:12Z;;3300;41
2024-05-15T09:55:29Z;;3276;17
2024-05-15T09:55:31Z;;3318;59
2024-05-15T09:55:33Z;;3265;6
2024-05-15T09:55:36Z;-2932;;333
2024-05-15T09:55:37Z;-2792;2867;473
2024-05-15T09:55:39Z;;2605;-187
2024-05-15T09:55:44Z;;2712;-80
2024-05-15T09:55:50Z;-2699;;13
2024-05-15T09:55:52Z;-2689;;23
2024-05-15T09:55:54Z;;2649;-40
2024-05-15T09:55:57Z;-2335;;314
2024-05-15T09:56:02Z;;2376;41
2024-05-15T09:56:13Z;;2418;83
2024-05-15T09:56:15Z;-2421;;-3
2024-05-15T09:56:17Z;;2765;344
2024-05-15T09:56:18Z;-2760;;5
2024-05-15T09:56:19Z;-2911;3050;139
2024-05-15T09:56:21Z;;3333;422
2024-05-15T09:56:34Z;;3257;346
2024-05-15T09:56:44Z;-2986;;271
2024-05-15T09:56:45Z;;2973;-13
2024-05-15T09:56:48Z;-2634;;339
2024-05-15T09:56:49Z;;2687;53
2024-05-15T09:56:52Z;-2360;;327
2024-05-15T09:56:53Z;;2329;-31
2024-05-15T09:57:00Z;-2408;2524;-79
2024-05-15T09:57:02Z;-2731;2700;-207
2024-05-15T09:57:04Z;-3030;3048;-330
2024-05-15T09:57:11Z;-2934;;114
2024-05-15T09:57:13Z;-2625;;423
2024-05-15T09:57:18Z;-2714;;334
2024-05-15T09:57:28Z;-2595;;453
2024-05-15T09:57:31Z;-2394;;654
2024-05-15T09:57:33Z;-2423;;625
2024-05-15T09:57:36Z;-2756;;292
2024-05-15T09:57:38Z;-3037;;11
2024-05-15T09:57:56Z;-2961;;87
2024-05-15T09:58:13Z;-2561;;487
2024-05-15T09:58:14Z;-2386;;662
2024-05-15T09:58:17Z;-2043;;1005
2024-05-15T09:58:21Z;-2110;;938
2024-05-15T09:58:35Z;-2476;;572
2024-05-15T09:58:38Z;-2780;;268
2024-05-15T09:58:41Z;-3055;;-7
2024-05-15T09:59:20Z;-2980;;68
2024-05-15T09:59:24Z;-3008;;40
2024-05-15T09:59:39Z;-2973;;75
2024-05-15T09:59:44Z;;2971;-2
2024-05-15T09:59:49Z;-2695;;276
2024-05-15T09:59:51Z;-2710;;261
2024-05-15T10:00:00Z;-2677;;294
2024-05-15T10:00:04Z;;2668;-9
2024-05-15T10:00:07Z;;2767;90
2024-05-15T10:00:12Z;-2404;;363
2024-05-15T10:00:14Z;;2629;225
2024-05-15T10:00:17Z;-2797;2923;-168
2024-05-15T10:00:19Z;-3026;;-103
2024-05-15T10:00:24Z;-2983;;-60
2024-05-15T10:00:25Z;;2926;-57
2024-05-15T10:00:32Z;-2659;;267
2024-05-15T10:00:33Z;;2666;7
2024-05-15T10:00:36Z;;2718;59
2024-05-15T10:00:37Z;-2707;;11
2024-05-15T10:00:39Z;;3075;368
2024-05-15T10:00:40Z;-3019;;56
2024-05-15T10:00:55Z;-2994;;81
2024-05-15T10:00:56Z;;2984;-10
2024-05-15T10:00:57Z;-2691;;293
2024-05-15T10:00:58Z;-2394;;590
2024-05-15T10:00:59Z;;2455;61
2024-05-15T10:01:03Z;-2429;;26
2024-05-15T10:01:04Z;;2732;303
2024-05-15T10:01:08Z;;2694;265
2024-05-15T10:01:13Z;;2663;234
2024-05-15T10:01:15Z;-2684;;-21
2024-05-15T10:01:23Z;-2686;;-23
2024-05-15T10:01:25Z;;2675;-11
2024-05-15T10:01:28Z;-2356;;319
2024-05-15T10:01:29Z;;2389;33
2024-05-15T10:01:36Z;;2450;94
2024-05-15T10:01:37Z;-2473;;-23
2024-05-15T10:01:38Z;;2721;248
2024-05-15T10:01:41Z;;2664;191
2024-05-15T10:01:42Z;-2466;;198
2024-05-15T10:01:45Z;;2382;-84
2024-05-15T10:01:50Z;-2103;;279
2024-05-15T10:01:51Z;;2043;-60
2024-05-15T10:02:04Z;;2114;11
2024-05-15T10:02:05Z;-2167;;-53
2024-05-15T10:02:06Z;-2317;;-203
2024-05-15T10:02:07Z;;2426;109
2024-05-15T10:02:14Z;;2707;390
2024-05-15T10:02:20Z;-2599;2640;323
2024-05-15T10:02:22Z;-1717;2054;337
2024-05-15T10:02:24Z;;1767;50
2024-05-15T10:02:26Z;;1834;117
2024-05-15T10:02:27Z;;1747;30
2024-05-15T10:02:28Z;-1440;;307
2024-05-15T10:02:29Z;;1446;6
2024-05-15T10:02:52Z;;1507;67
2024-05-15T10:03:01Z;-1504;;3
2024-05-15T10:03:08Z;;1823;319
2024-05-15T10:03:13Z;-1793;;30
2024-05-15T10:03:18Z;;2118;325
2024-05-15T10:03:20Z;-2095;;23
2024-05-15T10:03:35Z;-2131;;-13
2024-05-15T10:03:38Z;;2050;-81
2024-05-15T10:03:43Z;-1786;;264
2024-05-15T10:03:45Z;-1819;;231
2024-05-15T10:03:50Z;;2164;345
2024-05-15T10:03:51Z;-2152;;12
2024-05-15T10:03:57Z;;2420;268
2024-05-15T10:04:01Z;-2403;;17
2024-05-15T10:04:02Z;-2192;;228
2024-05-15T10:04:03Z;-1913;;507
2024-05-15T10:04:04Z;;2224;311
2024-05-15T10:04:06Z;;1962;49
2024-05-15T10:04:07Z;;2185;272
2024-05-15T10:04:08Z;-2102;;83
2024-05-15T10:04:09Z;-1825;1859;360
2024-05-15T10:04:11Z;;1725;-100
2024-05-15T10:04:13Z;-1673;;52
2024-05-15T10:04:15Z;;1907;234
2024-05-15T10:04:19Z;-1915;;-8
2024-05-15T10:04:20Z;;2208;293
2024-05-15T10:04:21Z;-2333;;-125
2024-05-15T10:04:22Z;-2504;;-296
2024-05-15T10:04:24Z;;2446;-58
2024-05-15T10:04:41Z;;2707;203
2024-05-15T10:04:48Z;;2694;190
2024-05-15T10:04:54Z;;2724;220
2024-05-15T10:04:56Z;-2712;;12
2024-05-15T10:04:57Z;-2706;;18
2024-05-15T10:05:01Z;;2684;-22
2024-05-15T10:05:05Z;;2708;2
2024-05-15T10:05:07Z;-2745;;-37
2024-05-15T10:05:10Z;;3054;309
2024-05-15T10:05:20Z;-2991;;63
2024-05-15T10:05:27Z;-3016;;38
2024-05-15T10:05:29Z;;2977;-39
2024-05-15T10:05:30Z;-2700;;277
2024-05-15T10:05:31Z;-2507;2570;63
2024-05-15T10:05:33Z;-2053;2107;517
2024-05-15T10:05:35Z;;1954;-99
2024-05-15T10:05:36Z;-1743;;211
2024-05-15T10:05:39Z;;1766;23
2024-05-15T10:05:51Z;-1414;;352
2024-05-15T10:05:52Z;;1472;58
2024-05-15T10:06:42Z;;1503;89
2024-05-15T10:06:43Z;-1472;;31
2024-05-15T10:07:21Z;;1808;336
2024-05-15T10:07:23Z;-1813;;-5
2024-05-15T10:07:29Z;-1822;;-14
2024-05-15T10:07:35Z;-1854;;-46
2024-05-15T10:07:40Z;-1843;;-35
2024-05-15T10:07:43Z;;1786;-57
2024-05-15T10:07:58Z;;1805;-38
2024-05-15T10:08:01Z;-1806;;-1
2024-05-15T10:08:07Z;;2126;320
2024-05-15T10:08:09Z;-2105;;21
2024-05-15T10:08:11Z;-2088;;38
2024-05-15T10:08:14Z;;2098;10
2024-05-15T10:08:16Z;;2113;25
2024-05-15T10:08:24Z;-2109;;4
2024-05-15T10:08:28Z;;2430;321
2024-05-15T10:08:29Z;-2432;;-2
2024-05-15T10:08:39Z;-2428;;2
2024-05-15T10:08:42Z;-2474;;-44
2024-05-15T10:08:44Z;;2765;291
2024-05-15T10:08:45Z;-2713;;52
2024-05-15T10:08:48Z;;2958;245
2024-05-15T10:08:55Z;;2965;252
2024-05-15T10:09:02Z;;2947;234
2024-05-15T10:09:05Z;-3006;;-59
2024-05-15T10:09:09Z;-2975;;-28
2024-05-15T10:09:12Z;;2994;19
2024-05-15T10:09:14Z;;3009;34
2024-05-15T10:09:17Z;;2981;6
2024-05-15T10:09:23Z;-2679;;302
2024-05-15T10:09:25Z;;2636;-43
2024-05-15T10:09:28Z;-2326;;310
2024-05-15T10:09:29Z;;2342;16
2024-05-15T10:09:34Z;;2419;93
2024-05-15T10:09:36Z;;2386;60
2024-05-15T10:09:40Z;-2089;;297
2024-05-15T10:09:41Z;-2103;;283
2024-05-15T10:09:58Z;-2096;;290
2024-05-15T10:10:08Z;-2106;;280
2024-05-15T10:10:10Z;-2081;;305
2024-05-15T10:10:20Z;-2105;;281
2024-05-15T10:10:28Z;-2332;2429;54
2024-05-15T10:10:31Z;-2652;2765;-223
2024-05-15T10:10:37Z;-2600;2677;165
2024-05-15T10:10:39Z;-2396;;281
2024-05-15T10:10:41Z;;2383;-13
2024-05-15T10:10:57Z;-2097;;286
2024-05-15T10:10:59Z;-2094;;289
2024-05-15T10:11:14Z;-2116;;267
2024-05-15T10:11:30Z;-2130;;253
2024-05-15T10:11:42Z;;2411;281
2024-05-15T10:11:44Z;-2411;;0
2024-05-15T10:11:47Z;-2390;;21
2024-05-15T10:11:49Z;;2373;-17
2024-05-15T10:11:55Z;-2082;;291
2024-05-15T10:11:58Z;;2090;8
2024-05-15T10:12:17Z;-2057;2140;33
2024-05-15T10:12:27Z;-2082;;58
2024-05-15T10:12:41Z;-2093;;47
2024-05-15T10:12:47Z;-2416;2515;-276
2024-05-15T10:12:51Z;-2358;;157
2024-05-15T10:12:52Z;;2373;15
2024-05-15T10:13:02Z;;2451;93
2024-05-15T10:13:03Z;-2411;;40
2024-05-15T10:13:06Z;-2427;;24
2024-05-15T10:13:14Z;-2434;;17
2024-05-15T10:13:22Z;-2405;;46
2024-05-15T10:13:23Z;;2390;-15
2024-05-15T10:14:08Z;-2093;;297
2024-05-15T10:14:27Z;-2094;;296
2024-05-15T10:14:40Z;;2426;332
2024-05-15T10:14:42Z;-2433;;-7
2024-05-15T10:14:46Z;-2414;;12
2024-05-15T10:14:49Z;-2421;;5
2024-05-15T10:14:55Z;;2752;331
2024-05-15T10:14:57Z;-2706;;46
2024-05-15T10:14:58Z;-2687;;65
2024-05-15T10:15:00Z;-2716;;36
2024-05-15T10:15:05Z;;2822;106
2024-05-15T10:15:07Z;;3012;296
2024-05-15T10:15:09Z;-2948;;64
2024-05-15T10:15:12Z;-2902;3279;110
2024-05-15T10:15:19Z;;3241;339
2024-05-15T10:15:23Z;-2891;2968;350
2024-05-15T10:15:25Z;-2656;;312
2024-05-15T10:15:26Z;;2640;-16
2024-05-15T10:15:33Z;;2715;59
2024-05-15T10:15:35Z;-2715;;0
2024-05-15T10:15:37Z;-2685;;30
2024-05-15T10:15:44Z;-2749;;-34
2024-05-15T10:15:46Z;;3045;296
2024-05-15T10:15:48Z;-3012;;33
2024-05-15T10:15:51Z;-2960;;85
2024-05-15T10:15:53Z;-3017;;28
2024-05-15T10:16:00Z;-2956;;89
2024-05-15T10:16:01Z;;2986;30
2024-05-15T10:16:13Z;-2685;;301
2024-05-15T10:16:18Z;;2655;-30
2024-05-15T10:16:23Z;-2399;;256
2024-05-15T10:16:26Z;-2450;;205
2024-05-15T10:16:28Z;;2792;342
2024-05-15T10:16:29Z;-2766;;26
2024-05-15T10:16:35Z;-2659;;133
2024-05-15T10:16:38Z;;2696;37
2024-05-15T10:16:40Z;;2724;65
2024-05-15T10:16:42Z;;2668;9
2024-05-15T10:16:44Z;;2706;47
2024-05-15T10:16:46Z;-2800;;-94
2024-05-15T10:16:51Z;-2694;;12
2024-05-15T10:16:55Z;-2619;;87
2024-05-15T10:17:00Z;-2729;;-23
2024-05-15T10:17:09Z;;2686;-43
2024-05-15T10:17:25Z;;2763;34
2024-05-15T10:17:27Z;-2736;;27
2024-05-15T10:17:33Z;-2648;;115
2024-05-15T10:17:34Z;;2676;28
2024-05-15T10:17:41Z;-2378;;298
2024-05-15T10:17:44Z;-2406;;270
2024-05-15T10:17:45Z;-2390;;286
2024-05-15T10:17:48Z;-2400;;276
2024-05-15T10:17:51Z;-2375;;301
2024-05-15T10:17:52Z;;2379;4
2024-05-15T10:18:01Z;;2418;43
2024-05-15T10:18:05Z;;2366;-9
2024-05-15T10:18:07Z;;2383;8
2024-05-15T10:18:10Z;;2399;24
2024-05-15T10:18:20Z;;2425;50
2024-05-15T10:18:21Z;-2382;;43
2024-05-15T10:18:30Z;;2745;363
2024-05-15T10:18:31Z;-2746;;-1
2024-05-15T10:18:33Z;;3068;322
2024-05-15T10:18:34Z;-3130;;-62
2024-05-15T10:18:35Z;-3386;3310;-318
2024-05-15T10:18:37Z;;3614;228
2024-05-15T10:18:39Z;;3592;206
2024-05-15T10:18:43Z;;3262;-124
2024-05-15T10:18:44Z;-3259;;3
2024-05-15T10:18:45Z;;3306;47
2024-05-15T10:18:48Z;-3336;;-30
2024-05-15T10:18:50Z;-3292;;14
2024-05-15T10:18:51Z;;3268;-24
2024-05-15T10:18:53Z;-2983;;285
2024-05-15T10:18:55Z;-3121;;147
2024-05-15T10:18:56Z;;3412;291
2024-05-15T10:18:57Z;-3349;;63
2024-05-15T10:19:03Z;;3612;263
2024-05-15T10:19:15Z;;3595;246
2024-05-15T10:19:18Z;-3190;3293;405
2024-05-15T10:19:22Z;;3292;102
2024-05-15T10:19:24Z;;3274;84
2024-05-15T10:19:29Z;;3366;176
2024-05-15T10:19:31Z;-3326;;40
2024-05-15T10:19:55Z;;3600;274
2024-05-15T10:19:58Z;;3569;243
2024-05-15T10:20:00Z;;3620;294
2024-05-15T10:20:06Z;;3567;241
2024-05-15T10:20:07Z;-3273;;294
2024-05-15T10:20:08Z;;3193;-80
2024-05-15T10:20:09Z;-2819;;374
2024-05-15T10:20:10Z;-3292;;-99
2024-05-15T10:20:12Z;-2658;;535
2024-05-15T10:20:14Z;-2382;;811
2024-05-15T10:20:17Z;-2061;;1132
2024-05-15T10:20:37Z;-2056;;1137
2024-05-15T10:20:44Z;-2490;;703
2024-05-15T10:20:47Z;-2753;;440
2024-05-15T10:20:48Z;-2728;;465
2024-05-15T10:21:01Z;-3331;;-138
2024-05-15T10:21:10Z;-3300;;-107
2024-05-15T10:21:12Z;-3314;;-121
2024-05-15T10:21:34Z;-3294;;-101
2024-05-15T10:21:44Z;-3321;;-128
2024-05-15T10:21:58Z;-3171;;22
2024-05-15T10:22:01Z;-2983;;210
2024-05-15T10:22:04Z;-3016;;177
2024-05-15T10:22:05Z;-3408;;-215
2024-05-15T10:22:18Z;-3294;;-101
2024-05-15T10:22:19Z;-2890;;303
2024-05-15T10:22:20Z;-2666;;527
2024-05-15T10:22:24Z;-2783;;410
2024-05-15T10:22:25Z;-3012;;181
2024-05-15T10:22:27Z;-2989;;204
2024-05-15T10:22:29Z;-2645;;548
2024-05-15T10:22:32Z;-2375;;818
2024-05-15T10:22:35Z;-2085;;1108
2024-05-15T10:22:39Z;-2119;;1074
2024-05-15T10:22:43Z;-2461;;732
2024-05-15T10:22:49Z;-2273;;920
2024-05-15T10:22:51Z;-2076;;1117
2024-05-15T10:22:56Z;-2132;;1061
2024-05-15T10:22:59Z;-2550;;643
2024-05-15T10:23:00Z;-2880;;313
2024-05-15T10:23:01Z;-3242;;-49
2024-05-15T10:23:02Z;-3365;;-172
2024-05-15T10:23:13Z;-3279;;-86
2024-05-15T10:23:18Z;-2967;;226
2024-05-15T10:23:21Z;-3018;;175
2024-05-15T10:23:24Z;-3017;;176
2024-05-15T10:23:32Z;-3107;;86
2024-05-15T10:23:36Z;-3138;;55
2024-05-15T10:23:39Z;-2682;;511
2024-05-15T10:23:47Z;-2821;;372
2024-05-15T10:23:48Z;-3019;;174
2024-05-15T10:23:50Z;-3312;;-119
2024-05-15T10:23:52Z;-3278;;-85
2024-05-15T10:23:59Z;-2982;;211
2024-05-15T10:24:03Z;-2667;;526
2024-05-15T10:24:04Z;-2742;;451
2024-05-15T10:24:08Z;-2555;;638
2024-05-15T10:24:10Z;-1615;;1578
2024-05-15T10:24:12Z;-1847;;1346
2024-05-15T10:24:14Z;-2302;;891
2024-05-15T10:24:15Z;-2087;;1106
2024-05-15T10:24:19Z;-2076;;1117
2024-05-15T10:24:26Z;-2468;;725
2024-05-15T10:24:28Z;-2880;;313
2024-05-15T10:24:31Z;-2830;;363
2024-05-15T10:24:33Z;-2835;;358
2024-05-15T10:24:35Z;-2399;;794
2024-05-15T10:24:36Z;-2298;;895
2024-05-15T10:24:54Z;-1799;;1394
2024-05-15T10:25:05Z;-1762;;1431
2024-05-15T10:25:09Z;-2366;;827
2024-05-15T10:25:10Z;-2877;;316
2024-05-15T10:25:12Z;-3367;;-174
2024-05-15T10:25:14Z;;1851;-1516
2024-05-15T10:25:16Z;;2410;-957
2024-05-15T10:25:17Z;;2725;-642
2024-05-15T10:25:19Z;;2390;-977
2024-05-15T10:25:21Z;;2117;-1250
2024-05-15T10:25:23Z;;2107;-1260
2024-05-15T10:25:25Z;;2682;-685
2024-05-15T10:25:27Z;;3536;169
2024-05-15T10:25:46Z;;3588;221
2024-05-15T10:26:01Z;-3285;;303
2024-05-15T10:26:12Z;-3311;;277
2024-05-15T10:26:19Z;-3288;;300
2024-05-15T10:26:31Z;;3218;-70
2024-05-15T10:26:32Z;-2919;;299
2024-05-15T10:26:37Z;;2999;80
2024-05-15T10:26:39Z;;3043;124
2024-05-15T10:26:49Z;-3029;;14
2024-05-15T10:26:51Z;;3326;297
2024-05-15T10:27:10Z;-3092;;234
2024-05-15T10:27:11Z;;3204;112
2024-05-15T10:27:13Z;;2961;-131
2024-05-15T10:27:14Z;-2594;;367
2024-05-15T10:27:15Z;;2657;63
2024-05-15T10:27:17Z;-2396;;261
2024-05-15T10:27:18Z;-2441;;216
2024-05-15T10:27:19Z;;2738;297
2024-05-15T10:27:21Z;-2709;;29
2024-05-15T10:27:22Z;;3081;372
2024-05-15T10:27:25Z;-3022;;59
2024-05-15T10:27:27Z;;3377;355
2024-05-15T10:27:39Z;-3309;;68
2024-05-15T10:27:41Z;;3609;300
2024-05-15T10:27:44Z;;3598;289
2024-05-15T10:27:45Z;-3290;;308
2024-05-15T10:27:47Z;-2712;2867;886
2024-05-15T10:27:49Z;-2042;2393;825
2024-05-15T10:27:50Z;-2151;;242
2024-05-15T10:27:52Z;;2422;271
2024-05-15T10:27:53Z;;2872;721
2024-05-15T10:27:55Z;-2601;3124;271
2024-05-15T10:27:57Z;;3308;707
2024-05-15T10:28:01Z;-2822;;486
2024-05-15T10:28:02Z;-3045;;263
2024-05-15T10:28:08Z;-3096;3269;212
2024-05-15T10:28:10Z;-2606;;318
2024-05-15T10:28:11Z;-2278;2924;-172
2024-05-15T10:28:12Z;-2283;;641
2024-05-15T10:28:13Z;;2435;152
2024-05-15T10:28:14Z;-1768;;667
2024-05-15T10:28:15Z;;2099;331
2024-05-15T10:28:19Z;;1768;0
2024-05-15T10:28:21Z;-1511;;257
2024-05-15T10:28:30Z;-1509;;259
2024-05-15T10:28:31Z;;1816;307
2024-05-15T10:28:34Z;-1757;;59
2024-05-15T10:28:37Z;;2133;376
2024-05-15T10:28:38Z;-2067;;66
2024-05-15T10:28:40Z;;2644;577
2024-05-15T10:28:41Z;;2871;804
2024-05-15T10:28:44Z;;3003;936
2024-05-15T10:28:45Z;-2613;;390
2024-05-15T10:28:46Z;;2823;210
2024-05-15T10:28:47Z;-2767;;56
2024-05-15T10:28:48Z;;3052;285
2024-05-15T10:28:50Z;;3484;717
2024-05-15T10:28:52Z;;3606;839
2024-05-15T10:28:53Z;-2631;;975
2024-05-15T10:28:55Z;-2768;3577;838
2024-05-15T10:28:56Z;-3172;;405
2024-05-15T10:28:57Z;-3295;;282
2024-05-15T10:28:59Z;-2962;3164;615
2024-05-15T10:29:02Z;;2901;-61
2024-05-15T10:29:03Z;-2609;;292
2024-05-15T10:29:07Z;-2704;;197
2024-05-15T10:29:08Z;;3003;299
2024-05-15T10:29:10Z;-2687;2966;279
2024-05-15T10:29:16Z;;2693;6
2024-05-15T10:29:18Z;-2201;2324;492
2024-05-15T10:29:19Z;-1968;;356
2024-05-15T10:29:25Z;-2100;;224
2024-05-15T10:29:27Z;-2056;;268
2024-05-15T10:29:28Z;-2132;;192
2024-05-15T10:29:30Z;;2430;298
2024-05-15T10:29:45Z;;2382;250
2024-05-15T10:29:47Z;;2412;280
2024-05-15T10:29:49Z;;2321;189
2024-05-15T10:29:51Z;-2165;;156
2024-05-15T10:29:56Z;-2187;2412;134
2024-05-15T10:30:00Z;-2416;;-4
2024-05-15T10:30:02Z;;2731;315
2024-05-15T10:30:04Z;-2738;;-7
2024-05-15T10:30:05Z;;2755;17
2024-05-15T10:30:08Z;-2615;;140
2024-05-15T10:30:12Z;-2707;;48
2024-05-15T10:30:20Z;-2721;;34
2024-05-15T10:30:21Z;;3000;279
2024-05-15T10:30:23Z;;2975;254
2024-05-15T10:30:25Z;;2982;261
2024-05-15T10:30:29Z;;2909;188
2024-05-15T10:30:30Z;-2614;;295
2024-05-15T10:30:34Z;;2683;69
2024-05-15T10:30:36Z;-2365;;318
2024-05-15T10:30:42Z;-2383;;300
2024-05-15T10:30:45Z;-2391;;292
2024-05-15T10:30:48Z;;2348;-43
2024-05-15T10:30:49Z;-2097;;251
2024-05-15T10:30:52Z;-2105;;243
2024-05-15T10:30:57Z;;2409;304
2024-05-15T10:30:59Z;;2365;260
2024-05-15T10:31:00Z;-2096;;269
2024-05-15T10:31:06Z;;2040;-56
2024-05-15T10:31:07Z;-1826;;214
2024-05-15T10:31:09Z;-1823;;217
2024-05-15T10:31:16Z;;2124;301
2024-05-15T10:31:19Z;-2188;2407;219
2024-05-15T10:31:23Z;;2321;133
2024-05-15T10:31:28Z;;2411;223
2024-05-15T10:31:30Z;-2126;2383;285
2024-05-15T10:31:35Z;;2063;-63
2024-05-15T10:31:36Z;-1838;;225
2024-05-15T10:31:52Z;-1736;;327
2024-05-15T10:31:54Z;;2106;370
2024-05-15T10:31:56Z;;2069;333
2024-05-15T10:31:58Z;-1721;;348
2024-05-15T10:32:00Z;;1757;36
2024-05-15T10:32:04Z;;1807;86
2024-05-15T10:32:07Z;-1821;;-14
2024-05-15T10:32:09Z;-1811;;-4
2024-05-15T10:32:14Z;;1744;-67
2024-05-15T10:32:17Z;-1488;;256
2024-05-15T10:32:29Z;-1517;;227
2024-05-15T10:32:35Z;;1810;293
2024-05-15T10:32:52Z;-1809;;1
2024-05-15T10:32:53Z;;2151;342
2024-05-15T10:32:55Z;-2124;;27
2024-05-15T10:32:56Z;;2447;323
2024-05-15T10:32:58Z;-2409;;38
2024-05-15T10:33:01Z;-2337;;110
2024-05-15T10:33:03Z;;2376;39
2024-05-15T10:33:05Z;;2416;79
2024-05-15T10:33:09Z;-2508;2743;-92
2024-05-15T10:33:10Z;-2643;;100
2024-05-15T10:33:11Z;;3051;408
2024-05-15T10:33:13Z;-3040;;11
2024-05-15T10:33:17Z;-2956;;95
2024-05-15T10:33:18Z;;2867;-89
2024-05-15T10:33:19Z;-2687;;180
2024-05-15T10:33:20Z;;2751;64
2024-05-15T10:33:22Z;;2687;0
2024-05-15T10:33:27Z;-2725;;-38
2024-05-15T10:33:28Z;;3105;380
2024-05-15T10:33:31Z;;2956;231
2024-05-15T10:33:32Z;-2676;;280
2024-05-15T10:33:36Z;-2751;;205
2024-05-15T10:33:42Z;;3019;268
2024-05-15T10:33:48Z;;2974;223
2024-05-15T10:33:49Z;-2666;;308
2024-05-15T10:33:51Z;;2659;-7
2024-05-15T10:33:53Z;;2850;184
2024-05-15T10:33:55Z;-2757;;93
2024-05-15T10:34:00Z;;3023;266
2024-05-15T10:34:02Z;-2723;2984;300
2024-05-15T10:34:09Z;-2686;;298
2024-05-15T10:34:11Z;;3052;366
2024-05-15T10:34:14Z;-2989;;63
2024-05-15T10:34:15Z;;3368;379
2024-05-15T10:34:18Z;;3297;308
2024-05-15T10:34:19Z;-2973;;324
2024-05-15T10:34:28Z;;2961;-12
2024-05-15T10:34:30Z;;3088;643
2024-05-15T10:34:32Z;-3007;;-46
2024-05-15T10:34:33Z;;3333;888
2024-05-15T10:34:39Z;;3202;757
2024-05-15T10:34:40Z;-2871;;-101
2024-05-15T10:34:43Z;-2974;;-204
2024-05-15T10:34:44Z;;3317;479
2024-05-15T10:34:46Z;-2838;;459
2024-05-15T10:34:47Z;-2601;;625
2024-05-15T10:34:48Z;;3226;388
2024-05-15T10:34:50Z;;2770;325
2024-05-15T10:34:51Z;-2443;;783
2024-05-15T10:34:52Z;-2445;;781
2024-05-15T10:34:53Z;;2643;198
2024-05-15T10:34:54Z;-2466;;177
2024-05-15T10:34:55Z;;2740;274
2024-05-15T10:34:57Z;-2320;2643;177
2024-05-15T10:34:58Z;;2712;392
2024-05-15T10:35:00Z;-2362;2662;300
2024-05-15T10:35:02Z;-2089;2384;22
2024-05-15T10:35:06Z;;2053;-36
2024-05-15T10:35:10Z;-1790;;263
2024-05-15T10:35:11Z;-1800;;253
2024-05-15T10:35:18Z;;2161;361
2024-05-15T10:35:20Z;-2183;2419;-22
2024-05-15T10:35:22Z;-2511;2765;-92
2024-05-15T10:35:28Z;-2861;3127;-96
2024-05-15T10:35:32Z;-3036;;91
2024-05-15T10:35:33Z;-2969;;158
2024-05-15T10:35:34Z;-2672;2967;-2
2024-05-15T10:35:39Z;;2692;20
2024-05-15T10:35:40Z;-2376;;316
2024-05-15T10:35:41Z;;2363;-13
2024-05-15T10:35:42Z;-1982;;381
2024-05-15T10:35:46Z;-2192;;171
2024-05-15T10:35:48Z;-2056;;307
2024-05-15T10:35:52Z;-2213;2487;150
2024-05-15T10:35:53Z;-2487;;0
2024-05-15T10:35:54Z;;2740;253
2024-05-15T10:35:57Z;-2656;;84
2024-05-15T10:35:58Z;;3033;377
2024-05-15T10:36:01Z;;2938;282
2024-05-15T10:36:02Z;-2624;;314
2024-05-15T10:36:04Z;-2378;2549;560
2024-05-15T10:36:06Z;;2335;-43
2024-05-15T10:36:11Z;;2426;48
2024-05-15T10:36:13Z;-2386;;40
2024-05-15T10:36:14Z;;2729;343
2024-05-15T10:36:18Z;;2611;225
2024-05-15T10:36:19Z;-2348;;263
2024-05-15T10:36:23Z;;2354;6
2024-05-15T10:36:27Z;;2425;77
2024-05-15T10:36:31Z;;2385;37
2024-05-15T10:36:34Z;;2454;106
2024-05-15T10:36:37Z;-2420;;34
2024-05-15T10:36:38Z;;2743;323
2024-05-15T10:36:48Z;;2578;158
2024-05-15T10:36:49Z;-2275;;303
2024-05-15T10:36:50Z;;2355;80
2024-05-15T10:36:56Z;-2010;;345
2024-05-15T10:37:05Z;-2066;;289
2024-05-15T10:37:07Z;-1976;;379
2024-05-15T10:37:08Z;-1804;1971;551
2024-05-15T10:37:17Z;-1664;;307
2024-05-15T10:37:19Z;-1948;2200;23
2024-05-15T10:37:23Z;-1969;2031;231
2024-05-15T10:37:25Z;;2201;232
2024-05-15T10:37:28Z;-2193;2444;8
2024-05-15T10:37:29Z;-2251;;193
2024-05-15T10:37:31Z;-2350;;94
2024-05-15T10:37:33Z;-3059;;-615
2024-05-15T10:37:35Z;-3376;;-932
2024-05-15T10:37:41Z;-3177;;-733
2024-05-15T10:37:42Z;-3015;;-571
2024-05-15T10:37:49Z;-3139;;-695
2024-05-15T10:37:51Z;-3126;;-682
2024-05-15T10:37:52Z;-2853;;-409
2024-05-15T10:37:53Z;-2668;;-224
2024-05-15T10:37:54Z;-2657;;-213
2024-05-15T10:38:03Z;-2605;;-161
2024-05-15T10:38:09Z;-2370;;74
2024-05-15T10:38:12Z;-2527;;-83
2024-05-15T10:38:13Z;-2704;;-260
2024-05-15T10:38:16Z;-2632;;-188
2024-05-15T10:38:19Z;-2371;;73
2024-05-15T10:38:20Z;-2406;;38
2024-05-15T10:38:23Z;-2409;;35
2024-05-15T10:38:25Z;-2092;;352
2024-05-15T10:38:28Z;-2181;;263
2024-05-15T10:38:30Z;-2404;;40
2024-05-15T10:38:38Z;-2419;;25
2024-05-15T10:38:40Z;-2076;;368
2024-05-15T10:38:42Z;-2125;;319
2024-05-15T10:38:46Z;-2433;;11
2024-05-15T10:38:48Z;-2383;;61
2024-05-15T10:38:51Z;-1958;;486
2024-05-15T10:38:52Z;-1768;;676
2024-05-15T10:39:09Z;-1875;;569
2024-05-15T10:39:10Z;-2305;;139
2024-05-15T10:39:11Z;-2446;;-2
2024-05-15T10:39:13Z;-2796;;-352
2024-05-15T10:39:16Z;-3255;;-811
2024-05-15T10:39:17Z;-3357;;-913
2024-05-15T10:39:21Z;-3222;;-778
2024-05-15T10:39:22Z;-2967;;-523
2024-05-15T10:39:23Z;-2671;;-227
2024-05-15T10:39:24Z;-2271;;173
2024-05-15T10:39:27Z;-1970;;474
2024-05-15T10:39:31Z;-1937;;507
2024-05-15T10:39:35Z;-2557;;-113
2024-05-15T10:39:36Z;-2791;;-347
2024-05-15T10:39:39Z;-3077;;-633
2024-05-15T10:39:45Z;-2932;;-488
2024-05-15T10:39:48Z;-3049;;-605
2024-05-15T10:39:54Z;-3377;;-933
2024-05-15T10:39:56Z;-3327;;-883
2024-05-15T10:39:59Z;-2873;;-429
2024-05-15T10:40:02Z;-3036;;-592
2024-05-15T10:40:05Z;-3343;;-899
2024-05-15T10:40:09Z;-3297;;-853
2024-05-15T10:40:10Z;-3315;;-871
2024-05-15T10:40:14Z;-3176;;-732
2024-05-15T10:40:15Z;-2986;;-542
2024-05-15T10:40:17Z;-2763;;-319
2024-05-15T10:40:22Z;-2372;;72
2024-05-15T10:40:23Z;-2201;;243
2024-05-15T10:40:28Z;-2122;;322
2024-05-15T10:40:29Z;-2279;;165
2024-05-15T10:40:31Z;-2997;;-553
2024-05-15T10:40:32Z;-3237;;-793
2024-05-15T10:40:33Z;-3332;;-888
2024-05-15T10:40:48Z;-3209;;-765
2024-05-15T10:40:52Z;-3353;;-909
2024-05-15T10:41:13Z;-3285;;-841
2024-05-15T10:41:18Z;-3341;;-897
2024-05-15T10:42:14Z;-3239;;-795
2024-05-15T10:42:15Z;;3289;50
2024-05-15T10:42:17Z;;3385;146
2024-05-15T10:42:18Z;-3307;;78
2024-05-15T10:42:29Z;-3298;;87
2024-05-15T10:42:30Z;-3300;;85
2024-05-15T10:42:32Z;-3298;;87
2024-05-15T10:42:33Z;-3307;;78
2024-05-15T10:42:44Z;-3299;;86
2024-05-15T10:43:55Z;;3296;-3
2024-05-15T10:44:01Z;;3307;8
2024-05-15T10:44:03Z;;3298;-1
2024-05-15T10:44:07Z;;3302;3
2024-05-15T10:44:09Z;;3295;-4
2024-05-15T10:44:11Z;;3300;1
2024-05-15T10:44:13Z;;3280;-19
2024-05-15T10:45:05Z;;3259;-40
2024-05-15T10:45:12Z;-3131;;128
2024-05-15T10:45:23Z;-2891;2936;368
2024-05-15T10:45:27Z;-2284;;652
2024-05-15T10:45:28Z;-2098;2225;-59
2024-05-15T10:45:29Z;-2365;;-140
2024-05-15T10:45:31Z;-2684;2887;-459
2024-05-15T10:45:33Z;;3183;499
2024-05-15T10:45:35Z;-3031;;152
2024-05-15T10:46:08Z;;3302;271
2024-05-15T10:46:10Z;;3287;256
2024-05-15T10:46:12Z;;3300;269
2024-05-15T10:46:14Z;;3289;258
2024-05-15T10:46:18Z;;3303;272
2024-05-15T10:46:25Z;;3249;218
2024-05-15T10:46:27Z;;2685;-346
2024-05-15T10:46:28Z;-2759;;-74
2024-05-15T10:46:29Z;-2110;;575
2024-05-15T10:46:30Z;-3092;;-407
2024-05-15T10:46:34Z;-2826;;-141
2024-05-15T10:46:37Z;-2963;;-278
2024-05-15T10:46:38Z;-3006;;-321
2024-05-15T10:46:46Z;-2968;;-283
2024-05-15T10:46:49Z;-3048;;-363
2024-05-15T10:48:31Z;-2941;;-256
2024-05-15T10:48:33Z;-3141;;-456
2024-05-15T10:50:14Z;;3298;157
2024-05-15T10:50:22Z;;3301;160
2024-05-15T10:50:33Z;;3303;162
2024-05-15T10:50:35Z;;3265;124
2024-05-15T10:50:54Z;;3254;113
2024-05-15T10:50:56Z;;3320;179
2024-05-15T10:50:59Z;;3244;103
2024-05-15T10:51:02Z;;3342;201
2024-05-15T10:51:09Z;;3260;119
2024-05-15T10:51:11Z;;3365;224
2024-05-15T10:51:13Z;-2834;2721;-420
2024-05-15T10:51:15Z;-2171;2109;-725
2024-05-15T10:51:16Z;;1799;-372
2024-05-15T10:51:18Z;;2156;-15
2024-05-15T10:51:19Z;-1807;;349
2024-05-15T10:51:20Z;-1783;1834;373
2024-05-15T10:51:21Z;-1961;;-127
2024-05-15T10:51:22Z;-2151;;-317
2024-05-15T10:51:24Z;;2135;-16
2024-05-15T10:51:25Z;;1992;-159
2024-05-15T10:51:26Z;-1941;;51
2024-05-15T10:51:28Z;-2217;2169;-225
2024-05-15T10:51:30Z;;2627;410
2024-05-15T10:51:31Z;;2747;530
2024-05-15T10:51:32Z;-2431;;316
2024-05-15T10:51:33Z;-2770;2033;-23
2024-05-15T10:51:34Z;-2009;;24
2024-05-15T10:51:35Z;-1760;;273
2024-05-15T10:51:36Z;-1448;;585
2024-05-15T10:51:38Z;-1677;;356
2024-05-15T10:51:40Z;;1753;76
2024-05-15T10:51:41Z;;1497;-180
2024-05-15T10:51:43Z;;1508;-169
2024-05-15T10:51:44Z;-1328;;180
2024-05-15T10:51:45Z;;1489;161
2024-05-15T10:51:47Z;;1510;182
2024-05-15T10:51:49Z;;1353;25
2024-05-15T10:51:52Z;-1591;1709;-238
2024-05-15T10:51:54Z;-2332;1933;-623
2024-05-15T10:51:55Z;-2685;;-752
2024-05-15T10:51:57Z;;2530;-155
2024-05-15T10:51:58Z;-2056;2780;474
2024-05-15T10:52:00Z;;2536;480
2024-05-15T10:52:02Z;;2096;40
2024-05-15T10:52:04Z;;1609;-447
2024-05-15T10:52:05Z;-1796;;-187
2024-05-15T10:52:06Z;-1407;;202
2024-05-15T10:52:08Z;;1418;11
2024-05-15T10:52:13Z;;1558;151
2024-05-15T10:52:14Z;-1640;;-82
2024-05-15T10:52:15Z;;1868;228
2024-05-15T10:52:16Z;-1724;;144
2024-05-15T10:52:18Z;-1419;1774;50
2024-05-15T10:52:19Z;;1449;30
2024-05-15T10:52:28Z;;1524;105
2024-05-15T10:52:29Z;-1581;;-57
2024-05-15T10:52:31Z;-1767;1889;-243
2024-05-15T10:52:33Z;;2142;375
2024-05-15T10:52:35Z;-1953;2044;277
2024-05-15T10:52:38Z;-2526;;-482
2024-05-15T10:52:39Z;;2325;-201
2024-05-15T10:52:41Z;-2763;2405;-358
2024-05-15T10:52:43Z;-3137;2756;-7
2024-05-15T10:52:45Z;;3152;15
2024-05-15T10:52:46Z;-3308;;-156
2024-05-15T10:52:47Z;;3343;35
2024-05-15T10:52:49Z;-3292;;51
2024-05-15T10:54:52Z;;3193;-99
2024-05-15T10:54:57Z;;3318;26
2024-05-15T10:55:02Z;-3300;;18
2024-05-15T10:55:05Z;-3285;;33
2024-05-15T10:55:06Z;;3248;-37
2024-05-15T10:55:11Z;-2970;;278
2024-05-15T10:55:12Z;;2809;-161
2024-05-15T10:55:15Z;-2677;;132
2024-05-15T10:55:16Z;;3235;558
2024-05-15T10:55:18Z;;3406;729
2024-05-15T10:55:20Z;-2726;;680
2024-05-15T10:55:23Z;;3213;487
2024-05-15T10:55:25Z;-2663;2759;33
2024-05-15T10:55:27Z;;3084;421
2024-05-15T10:55:28Z;-2826;2708;258
2024-05-15T10:55:29Z;-2676;;32
2024-05-15T10:55:30Z;;2735;59
2024-05-15T10:55:32Z;-2320;;415
2024-05-15T10:55:33Z;-2145;;590
2024-05-15T10:55:34Z;;2677;532
2024-05-15T10:55:35Z;-1869;;808
2024-05-15T10:55:36Z;;2387;518
2024-05-15T10:55:37Z;-1804;;583
2024-05-15T10:55:38Z;;2170;366
2024-05-15T10:55:40Z;;2044;240
2024-05-15T10:55:41Z;-1950;;94
2024-05-15T10:55:42Z;;2470;520
2024-05-15T10:55:44Z;;2713;763
2024-05-15T10:55:45Z;-2586;;127
2024-05-15T10:55:46Z;;3032;446
2024-05-15T10:55:47Z;-2972;;60
2024-05-15T10:55:49Z;;3324;352
2024-05-15T10:55:53Z;-3317;;7
2024-05-15T10:55:59Z;-3291;3234;33
2024-05-15T10:56:02Z;;3342;51
2024-05-15T10:56:09Z;-2846;2820;496
2024-05-15T10:56:10Z;-2300;;520
2024-05-15T10:56:11Z;-2069;;751
2024-05-15T10:56:12Z;;2345;276
2024-05-15T10:56:13Z;;2099;30
2024-05-15T10:56:15Z;;2575;506
2024-05-15T10:56:17Z;;2985;916
2024-05-15T10:56:18Z;-1793;;1192
2024-05-15T10:56:19Z;-1785;3311;1518
2024-05-15T10:56:21Z;;3066;1281
2024-05-15T10:56:22Z;;2829;1044
2024-05-15T10:56:23Z;-2835;;-6
2024-05-15T10:56:24Z;-3146;;-317
2024-05-15T10:56:26Z;-3307;2578;-478
2024-05-15T10:56:28Z;;2609;-698
2024-05-15T10:56:30Z;;2609;-698
2024-05-15T10:56:31Z;;2854;-453
2024-05-15T10:56:32Z;-3059;;-205
2024-05-15T10:56:34Z;-2521;;333
2024-05-15T10:56:35Z;;3275;754
2024-05-15T10:56:37Z;;3458;937
2024-05-15T10:56:38Z;-2745;3204;713
2024-05-15T10:56:40Z;;2805;60
2024-05-15T10:56:42Z;-2653;3264;152
2024-05-15T10:56:44Z;;3416;763
2024-05-15T10:56:46Z;;3111;458
2024-05-15T10:56:47Z;;3339;686
2024-05-15T10:56:48Z;-3094;;245
2024-05-15T10:56:50Z;-3318;3252;21
2024-05-15T10:56:51Z;-3182;;70
2024-05-15T10:56:52Z;-2765;;487
2024-05-15T10:56:53Z;-3081;;171
2024-05-15T10:56:54Z;-3308;;-56
2024-05-15T10:56:56Z;-3070;;182
2024-05-15T10:56:57Z;-2946;;306
2024-05-15T10:56:58Z;-3219;;33
2024-05-15T10:56:59Z;-3362;;-110
2024-05-15T10:57:00Z;-3050;;202
2024-05-15T10:57:02Z;-2906;;346
2024-05-15T10:57:03Z;-2839;;413
2024-05-15T10:57:04Z;-2508;;744
2024-05-15T10:57:05Z;-2341;;911
2024-05-15T10:57:06Z;-2608;;644
2024-05-15T10:57:08Z;-3166;;86
2024-05-15T10:57:09Z;-3342;;-90
2024-05-15T10:57:30Z;-3113;;139
2024-05-15T10:57:32Z;-3382;;-130
2024-05-15T10:58:10Z;-3280;;-28
2024-05-15T10:58:13Z;-3311;;-59
2024-05-15T10:58:25Z;-3281;;-29
2024-05-15T10:58:29Z;-3324;;-72
2024-05-15T10:58:30Z;-3319;;-67
2024-05-15T10:58:33Z;-3322;;-70
2024-05-15T10:58:36Z;-3289;;-37
2024-05-15T10:58:38Z;-3300;;-48
2024-05-15T10:58:49Z;-2954;2957;298
2024-05-15T10:58:50Z;-3076;;-119
2024-05-15T10:58:52Z;-3307;;-350
2024-05-15T10:58:53Z;-3033;;-76
2024-05-15T10:58:54Z;;3267;234
2024-05-15T10:58:55Z;-3377;;-110
2024-05-15T10:58:56Z;-3133;3429;52
2024-05-15T10:58:57Z;-2656;;773
2024-05-15T10:58:58Z;-2378;;1051
2024-05-15T10:59:00Z;-2553;;876
2024-05-15T10:59:01Z;-2733;;696
2024-05-15T10:59:02Z;;3111;378
2024-05-15T10:59:03Z;-3015;;96
2024-05-15T10:59:05Z;;3518;503
2024-05-15T10:59:07Z;;3178;163
2024-05-15T10:59:08Z;;2670;-345
2024-05-15T10:59:10Z;;2365;-650
2024-05-15T10:59:12Z;;2681;-334
2024-05-15T10:59:14Z;;2873;-142
2024-05-15T10:59:16Z;;3150;135
2024-05-15T10:59:21Z;-2666;2721;484
2024-05-15T10:59:23Z;-3320;3495;-599
2024-05-15T11:00:05Z;;3545;225
2024-05-15T11:00:12Z;-3395;;150
2024-05-15T11:00:18Z;-3288;;257
2024-05-15T11:00:19Z;-3331;;214
2024-05-15T11:00:21Z;-3205;;340
2024-05-15T11:00:22Z;;2757;-448
2024-05-15T11:00:23Z;-2526;;231
2024-05-15T11:00:25Z;;2621;95
2024-05-15T11:00:27Z;;2753;227
2024-05-15T11:00:28Z;-2988;;-235
2024-05-15T11:00:29Z;-3355;;-602
2024-05-15T11:00:30Z;;2690;-665
2024-05-15T11:00:32Z;;3179;-176
2024-05-15T11:00:34Z;;3508;153
2024-05-15T11:00:37Z;;3564;209
2024-05-15T11:00:39Z;;3221;-134
2024-05-15T11:00:40Z;-3137;;84
2024-05-15T11:00:41Z;-2417;;804
2024-05-15T11:00:42Z;-2095;2421;1126
2024-05-15T11:00:43Z;-2286;;135
2024-05-15T11:00:44Z;-2023;;398
2024-05-15T11:00:46Z;;2166;143
2024-05-15T11:00:47Z;-1717;2094;449
2024-05-15T11:00:49Z;;1787;70
2024-05-15T11:00:56Z;;1824;107
2024-05-15T11:00:58Z;-1827;;-3
2024-05-15T11:01:01Z;-2317;2482;-493
2024-05-15T11:01:02Z;-3025;;-543
2024-05-15T11:01:04Z;;3206;181
2024-05-15T11:01:05Z;-3382;3455;-176
2024-05-15T11:01:07Z;;3230;-152
2024-05-15T11:01:09Z;;3530;148
2024-05-15T11:01:11Z;;3074;-308
2024-05-15T11:01:12Z;-3023;2949;51
2024-05-15T11:01:14Z;;3197;174
2024-05-15T11:01:16Z;-2786;2748;411
2024-05-15T11:01:17Z;-3102;;-354
2024-05-15T11:01:18Z;-2727;;21
2024-05-15T11:01:20Z;-3256;3001;-508
2024-05-15T11:01:23Z;;3408;152
2024-05-15T11:01:25Z;;3601;345
2024-05-15T11:01:28Z;;3596;340
2024-05-15T11:01:37Z;;3600;344
2024-05-15T11:01:41Z;;3594;338
2024-05-15T11:01:50Z;-3180;3274;414
2024-05-15T11:01:51Z;-2991;;283
2024-05-15T11:01:53Z;;2972;-19
2024-05-15T11:01:54Z;;3015;24
2024-05-15T11:01:55Z;-3089;;-74
2024-05-15T11:01:56Z;;3368;279
2024-05-15T11:01:58Z;-3322;;46
2024-05-15T11:02:01Z;;3424;281
2024-05-15T11:02:02Z;-3143;;225
2024-05-15T11:02:03Z;-2925;;499
2024-05-15T11:02:04Z;-2725;3005;80
2024-05-15T11:02:08Z;;3259;534
2024-05-15T11:02:10Z;;3456;731
2024-05-15T11:02:11Z;-2838;;618
2024-05-15T11:02:12Z;-3110;;346
2024-05-15T11:02:13Z;-3316;;140
2024-05-15T11:02:15Z;;3608;292
2024-05-15T11:02:22Z;;3597;281
2024-05-15T11:02:28Z;-3194;3276;403
2024-05-15T11:02:29Z;-2860;;416
2024-05-15T11:02:31Z;;2928;68
2024-05-15T11:02:32Z;-2392;;536
2024-05-15T11:02:33Z;;2667;275
2024-05-15T11:02:35Z;-2501;;166
2024-05-15T11:02:36Z;;2825;324
2024-05-15T11:02:38Z;;3016;515
2024-05-15T11:02:39Z;-3027;;-11
2024-05-15T11:02:47Z;-2973;;43
2024-05-15T11:02:48Z;-2783;;233
2024-05-15T11:02:51Z;;2865;82
2024-05-15T11:02:52Z;-2384;;481
2024-05-15T11:02:54Z;-2114;2576;751
2024-05-15T11:02:56Z;;2282;168
2024-05-15T11:02:58Z;;2097;-17
2024-05-15T11:02:59Z;-2014;;83
2024-05-15T11:03:00Z;;2238;224
2024-05-15T11:03:01Z;-2307;;-69
2024-05-15T11:03:03Z;-2730;;-492
2024-05-15T11:03:04Z;;2849;119
2024-05-15T11:03:06Z;;2849;119
2024-05-15T11:03:07Z;-2686;;163
2024-05-15T11:03:11Z;-2758;;91
2024-05-15T11:03:12Z;;3070;312
2024-05-15T11:03:13Z;-3182;3334;-112
2024-05-15T11:03:14Z;-3359;;-25
2024-05-15T11:03:57Z;-3270;;64
2024-05-15T11:04:00Z;;3288;18
2024-05-15T11:04:05Z;-2987;;301
2024-05-15T11:04:06Z;-3012;;276
2024-05-15T11:04:14Z;;3355;343
2024-05-15T11:04:17Z;-3304;;51
2024-05-15T11:04:19Z;-3285;;70
2024-05-15T11:04:21Z;;3299;14
2024-05-15T11:04:23Z;;3316;31
2024-05-15T11:04:24Z;-3317;;-1
2024-05-15T11:04:27Z;-3299;;17
2024-05-15T11:04:28Z;-3310;;6
2024-05-15T11:04:42Z;-3272;;44
2024-05-15T11:04:45Z;-3304;;12
2024-05-15T11:05:05Z;-3251;;65
2024-05-15T11:05:10Z;-3305;;11
2024-05-15T11:05:16Z;-3256;;60
2024-05-15T11:05:21Z;;3253;-3
2024-05-15T11:05:23Z;;3316;60
2024-05-15T11:05:32Z;;3261;5
2024-05-15T11:05:37Z;;3235;-21
2024-05-15T11:05:41Z;-3311;;-76
2024-05-15T11:06:16Z;-3221;;14
2024-05-15T11:06:17Z;-3331;;-96
2024-05-15T11:06:18Z;-3284;;-49
2024-05-15T11:06:19Z;-3366;;-131
2024-05-15T11:06:21Z;-3284;;-49
2024-05-15T11:06:22Z;-3368;;-133
2024-05-15T11:06:46Z;-3299;;-64
2024-05-15T11:06:49Z;;3272;-27
2024-05-15T11:06:51Z;;3301;2
2024-05-15T11:06:55Z;;3254;-45
2024-05-15T11:06:57Z;-2918;;336
2024-05-15T11:07:00Z;-3012;;242
2024-05-15T11:07:06Z;-2975;;279
2024-05-15T11:07:08Z;-3169;3305;136
2024-05-15T11:07:10Z;-3335;;-30
2024-05-15T11:07:34Z;-3281;;24
2024-05-15T11:07:36Z;-3313;;-8
2024-05-15T11:08:08Z;-3245;;60
2024-05-15T11:08:09Z;-3335;;-30
2024-05-15T11:08:34Z;-3258;;47
2024-05-15T11:08:35Z;-3337;;-32
2024-05-15T11:09:14Z;-3297;;8
2024-05-15T11:09:15Z;-3296;;9
2024-05-15T11:09:17Z;-3295;;10
2024-05-15T11:09:19Z;-3301;;4
2024-05-15T11:09:20Z;-3298;;7
2024-05-15T11:09:27Z;-3300;;5
2024-05-15T11:09:43Z;-3299;;6
2024-05-15T11:09:47Z;;3278;-21
2024-05-15T11:09:49Z;-2728;2807;550
2024-05-15T11:09:50Z;-2401;;406
2024-05-15T11:09:51Z;-2121;;686
2024-05-15T11:09:53Z;;2468;347
2024-05-15T11:09:55Z;-2028;2182;61
2024-05-15T11:09:56Z;-2140;;42
2024-05-15T11:09:57Z;;2469;329
2024-05-15T11:09:58Z;-2596;;-127
2024-05-15T11:09:59Z;-2809;;-340
2024-05-15T11:10:00Z;-3111;2704;-105
2024-05-15T11:10:01Z;;3119;8
2024-05-15T11:10:03Z;-2926;;193
2024-05-15T11:10:04Z;;3309;383
2024-05-15T11:10:05Z;;3213;287
2024-05-15T11:10:06Z;-3060;;153
2024-05-15T11:10:08Z;;3327;267
2024-05-15T11:10:50Z;-3299;;28
2024-05-15T11:10:54Z;-3298;;29
2024-05-15T11:10:59Z;;3246;-52
2024-05-15T11:11:08Z;;3371;73
2024-05-15T11:11:10Z;-3303;;68
2024-05-15T11:11:22Z;-3287;;84
2024-05-15T11:11:32Z;-3300;;71
2024-05-15T11:11:39Z;-3292;;79
2024-05-15T11:11:40Z;;3159;-133
2024-05-15T11:11:41Z;-3312;;-153
2024-05-15T11:11:44Z;;3451;139
2024-05-15T11:11:47Z;-2628;2573;823
2024-05-15T11:11:48Z;-1991;;582
2024-05-15T11:11:49Z;-1853;;720
2024-05-15T11:11:51Z;;2043;190
2024-05-15T11:11:52Z;;1613;-240
2024-05-15T11:11:54Z;-1554;;59
2024-05-15T11:11:55Z;;1426;-128
2024-05-15T11:11:58Z;-1194;;232
2024-05-15T11:11:59Z;-1188;;238
2024-05-15T11:12:04Z;;1561;373
2024-05-15T11:12:06Z;-1495;;66
2024-05-15T11:12:11Z;-1678;;-117
2024-05-15T11:12:12Z;;1893;215
2024-05-15T11:12:13Z;-2013;;-120
2024-05-15T11:12:16Z;;2101;88
2024-05-15T11:12:18Z;-2402;2501;-301
2024-05-15T11:12:20Z;-2830;;-329
2024-05-15T11:12:22Z;;2734;-96
2024-05-15T11:12:24Z;;3015;185
2024-05-15T11:12:25Z;-2610;;405
2024-05-15T11:12:27Z;-2482;2911;533
2024-05-15T11:12:28Z;;2696;214
2024-05-15T11:12:30Z;;2307;-175
2024-05-15T11:12:32Z;-2404;2505;23
2024-05-15T11:12:34Z;-2796;;-291
2024-05-15T11:12:35Z;-3039;;-534
2024-05-15T11:12:36Z;-3231;;-726
2024-05-15T11:12:58Z;-3292;;-787
2024-05-15T11:13:01Z;-3292;;-787
2024-05-15T11:13:06Z;-3298;;-793
2024-05-15T11:13:08Z;-3303;;-798
2024-05-15T11:13:10Z;-3289;;-784
2024-05-15T11:13:15Z;-3301;;-796
2024-05-15T11:13:17Z;-3256;;-751
2024-05-15T11:13:18Z;;3144;-112
2024-05-15T11:13:20Z;-2626;2695;518
2024-05-15T11:13:21Z;-2629;;66
2024-05-15T11:13:23Z;-3323;;-628
2024-05-15T11:13:24Z;;2756;-567
2024-05-15T11:13:26Z;;3300;-23
2024-05-15T11:13:28Z;;3185;-138
2024-05-15T11:13:30Z;;3309;-14
2024-05-15T11:13:32Z;-3288;3180;-143
2024-05-15T11:13:33Z;-2946;;234
2024-05-15T11:13:34Z;-2446;3306;360
2024-05-15T11:13:36Z;;2439;-7
2024-05-15T11:13:37Z;;2215;-231
2024-05-15T11:13:39Z;;2637;191
2024-05-15T11:13:41Z;;2371;-75
2024-05-15T11:13:43Z;;2529;83
2024-05-15T11:13:44Z;-2117;2261;412
2024-05-15T11:13:45Z;-2235;;26
2024-05-15T11:13:46Z;-2324;;-63
2024-05-15T11:13:47Z;-2440;;-179
2024-05-15T11:13:49Z;-2210;2080;51
2024-05-15T11:13:51Z;;2281;71
2024-05-15T11:13:53Z;-2013;;268
2024-05-15T11:13:54Z;-2186;;95
2024-05-15T11:13:55Z;-2051;;230
2024-05-15T11:13:56Z;-2114;;167
2024-05-15T11:13:57Z;-2565;;-284
2024-05-15T11:13:58Z;;2687;122
2024-05-15T11:14:00Z;;3028;463
2024-05-15T11:14:01Z;;3165;600
2024-05-15T11:14:03Z;;3172;607
2024-05-15T11:14:04Z;-2896;;276
2024-05-15T11:14:05Z;-2619;2720;-176
2024-05-15T11:14:07Z;;2349;-270
2024-05-15T11:14:09Z;;2400;-219
2024-05-15T11:14:10Z;;2898;279
2024-05-15T11:14:12Z;;3193;574
2024-05-15T11:14:15Z;-2466;;727
2024-05-15T11:14:16Z;-2780;2780;314
2024-05-15T11:14:18Z;;2146;-634
2024-05-15T11:14:19Z;;1980;-800
2024-05-15T11:14:20Z;-2639;;-659
2024-05-15T11:14:21Z;-3051;;-1071
2024-05-15T11:14:23Z;-2989;2210;-1009
2024-05-15T11:14:24Z;;2492;-497
2024-05-15T11:14:26Z;;2359;-630
2024-05-15T11:14:27Z;-2103;;256
2024-05-15T11:14:28Z;-1846;;513
2024-05-15T11:14:29Z;-2068;;291
2024-05-15T11:14:30Z;;1999;-69
2024-05-15T11:14:31Z;;2185;117
2024-05-15T11:14:33Z;;2604;536
2024-05-15T11:14:35Z;;2749;681
2024-05-15T11:14:37Z;;2672;604
2024-05-15T11:14:38Z;;2811;743
2024-05-15T11:14:39Z;-2489;;322
2024-05-15T11:14:40Z;;3085;596
2024-05-15T11:14:42Z;;3336;847
2024-05-15T11:14:43Z;-2700;;636
2024-05-15T11:14:44Z;-3310;3236;536
2024-05-15T11:14:46Z;;2333;-977
2024-05-15T11:14:47Z;;2609;-701
2024-05-15T11:14:48Z;-3140;;-531
2024-05-15T11:14:50Z;-2318;;291
2024-05-15T11:14:51Z;-2489;;120
2024-05-15T11:14:52Z;-2693;;-84
2024-05-15T11:14:53Z;-3008;2791;98
2024-05-15T11:14:55Z;;3041;33
2024-05-15T11:14:57Z;;3358;350
2024-05-15T11:14:58Z;;3292;284
2024-05-15T11:15:00Z;;3339;331
2024-05-15T11:15:05Z;;3335;327
2024-05-15T11:15:12Z;-3196;;139
2024-05-15T11:15:13Z;;3296;100
2024-05-15T11:15:23Z;;3300;104
2024-05-15T11:15:26Z;;3298;102
2024-05-15T11:15:34Z;-2573;2637;725
2024-05-15T11:15:37Z;-2915;3046;-278
2024-05-15T11:15:38Z;-3072;;-26
2024-05-15T11:15:54Z;-2932;;114
2024-05-15T11:15:55Z;;2814;-118
2024-05-15T11:15:56Z;-2807;;7
2024-05-15T11:15:58Z;-2718;;96
2024-05-15T11:15:59Z;-2658;;156
2024-05-15T11:16:00Z;-2678;;136
2024-05-15T11:16:01Z;;3026;348
2024-05-15T11:16:05Z;-3022;;4
2024-05-15T11:16:33Z;;3300;278
2024-05-15T11:16:35Z;;3282;260
2024-05-15T11:16:37Z;;3310;288
2024-05-15T11:16:42Z;;3298;276
2024-05-15T11:16:44Z;;3306;284
2024-05-15T11:16:50Z;;3263;241
2024-05-15T11:16:52Z;;2869;-153
2024-05-15T11:16:54Z;-2796;;73
2024-05-15T11:16:55Z;;2617;-179
2024-05-15T11:16:56Z;;2365;-431
2024-05-15T11:16:58Z;-2561;2006;-196
2024-05-15T11:16:59Z;-2071;;-65
2024-05-15T11:17:00Z;-2137;;-131
2024-05-15T11:17:21Z;-3061;;-1055
2024-05-15T11:17:24Z;;3304;243
2024-05-15T11:17:25Z;;3273;212
2024-05-15T11:17:27Z;;3282;221
2024-05-15T11:17:30Z;;3281;220
2024-05-15T11:17:41Z;;3301;240
2024-05-15T11:17:44Z;;3271;210
2024-05-15T11:17:46Z;;3314;253
2024-05-15T11:17:48Z;;3281;220
2024-05-15T11:17:50Z;;3317;256
2024-05-15T11:17:52Z;;3274;213
2024-05-15T11:17:54Z;;3309;248
2024-05-15T11:18:03Z;;3285;224
2024-05-15T11:18:05Z;;3315;254
2024-05-15T11:18:29Z;;3244;183
2024-05-15T11:18:30Z;;3030;-31
2024-05-15T11:18:31Z;;2998;-63
2024-05-15T11:18:32Z;-2930;;68
2024-05-15T11:18:33Z;;3041;111
2024-05-15T11:18:34Z;-2984;;57
2024-05-15T11:18:35Z;;2994;10
2024-05-15T11:18:37Z;;3302;318
2024-05-15T11:18:42Z;;3210;226
2024-05-15T11:18:44Z;;3361;377
2024-05-15T11:18:46Z;;3191;207
2024-05-15T11:18:48Z;;3379;395
2024-05-15T11:18:51Z;;3292;308
2024-05-15T11:18:56Z;;3325;341
2024-05-15T11:19:39Z;-3305;;20
2024-05-15T11:19:47Z;-3279;;46
2024-05-15T11:19:49Z;-2811;2902;514
2024-05-15T11:19:50Z;-3038;;-136
2024-05-15T11:19:52Z;;3207;169
2024-05-15T11:19:53Z;;3307;269
2024-05-15T11:19:55Z;;3302;264
2024-05-15T11:19:57Z;;3277;239
2024-05-15T11:20:05Z;-3271;;6
2024-05-15T11:20:06Z;-3290;;-13
2024-05-15T11:20:09Z;-3326;;-49
2024-05-15T11:20:22Z;-3265;;12
2024-05-15T11:20:25Z;-3310;;-33
2024-05-15T11:20:39Z;-3181;3255;96
2024-05-15T11:20:40Z;-2900;;355
2024-05-15T11:20:42Z;;2976;76
2024-05-15T11:20:44Z;;2593;-307
2024-05-15T11:20:45Z;-2679;;-86
2024-05-15T11:20:46Z;;2296;-383
2024-05-15T11:20:49Z;-2370;;-74
2024-05-15T11:20:50Z;-2094;;202
2024-05-15T11:20:55Z;-2128;;168
2024-05-15T11:20:57Z;-2261;;35
2024-05-15T11:20:59Z;;1935;-326
2024-05-15T11:21:00Z;-1794;;141
2024-05-15T11:21:02Z;-1785;;150
2024-05-15T11:21:04Z;-2298;2446;-363
2024-05-15T11:21:06Z;-3072;;-626
2024-05-15T11:21:07Z;-3319;;-873
2024-05-15T11:21:08Z;;2881;-438
2024-05-15T11:21:10Z;-3278;3237;-82
2024-05-15T11:21:12Z;-2754;3467;189
2024-05-15T11:21:13Z;;3163;409
2024-05-15T11:21:15Z;;2829;75
2024-05-15T11:21:16Z;;2420;-334
2024-05-15T11:21:18Z;;1933;-821
2024-05-15T11:21:19Z;-2405;;-472
2024-05-15T11:21:20Z;;1716;-689
2024-05-15T11:21:22Z;;1453;-952
2024-05-15T11:21:25Z;-1911;;-458
2024-05-15T11:21:27Z;-1413;;40
2024-05-15T11:21:35Z;-1466;1531;-13
2024-05-15T11:21:37Z;-1754;1868;-223
2024-05-15T11:21:39Z;-2128;2138;-260
2024-05-15T11:21:41Z;-2083;;55
2024-05-15T11:21:42Z;;2015;-68
2024-05-15T11:21:43Z;-2205;;-190
2024-05-15T11:21:44Z;;2194;-11
2024-05-15T11:21:45Z;-2574;;-380
2024-05-15T11:21:47Z;-2554;;-360
2024-05-15T11:21:49Z;-1867;;327
2024-05-15T11:22:00Z;-1503;;691
2024-05-15T11:22:04Z;-1500;;694
2024-05-15T11:22:05Z;-1505;;689
2024-05-15T11:22:39Z;-1534;;660
2024-05-15T11:22:41Z;-2248;;-54
2024-05-15T11:22:43Z;-2111;;83
2024-05-15T11:22:45Z;-1795;;399
2024-05-15T11:23:09Z;-1908;;286
2024-05-15T11:23:11Z;-2685;;-491
2024-05-15T11:23:12Z;-3109;;-915
2024-05-15T11:23:14Z;-2835;;-641
2024-05-15T11:23:15Z;-2403;;-209
2024-05-15T11:23:16Z;-2174;;20
2024-05-15T11:23:19Z;-2286;;-92
2024-05-15T11:23:21Z;-2811;;-617
2024-05-15T11:23:22Z;-3129;;-935
2024-05-15T11:23:29Z;-2993;;-799
2024-05-15T11:23:30Z;-3054;;-860
2024-05-15T11:23:31Z;-2995;;-801
2024-05-15T11:23:37Z;-2981;;-787
2024-05-15T11:23:42Z;-2953;;-759
2024-05-15T11:23:43Z;-2969;;-775
2024-05-15T11:23:49Z;-3307;;-1113
2024-05-15T11:24:23Z;-2526;;-332
2024-05-15T11:24:28Z;-2847;;-653
2024-05-15T11:24:30Z;-2353;;-159
2024-05-15T11:24:32Z;-1984;;210
2024-05-15T11:24:34Z;-1787;;407
2024-05-15T11:24:35Z;-1803;;391
2024-05-15T11:24:36Z;-1730;;464
2024-05-15T11:24:45Z;-1771;;423
2024-05-15T11:24:47Z;-1836;;358
2024-05-15T11:24:54Z;-1771;;423
2024-05-15T11:24:56Z;-2108;;86
2024-05-15T11:24:57Z;-1784;;410
2024-05-15T11:25:01Z;-2221;;-27
2024-05-15T11:25:03Z;-2973;;-779
2024-05-15T11:25:04Z;-3434;;-1240
2024-05-15T11:25:11Z;-3424;;-1230
2024-05-15T11:25:12Z;-1958;;236
2024-05-15T11:25:14Z;-1533;;661
2024-05-15T11:25:32Z;-1461;;733
2024-05-15T11:25:34Z;-1633;;561
2024-05-15T11:25:36Z;-2268;;-74
2024-05-15T11:25:38Z;-2093;;101
2024-05-15T11:25:40Z;-1694;;500
2024-05-15T11:25:46Z;-1458;;736
2024-05-15T11:25:49Z;-1566;;628
2024-05-15T11:25:51Z;-2395;;-201
2024-05-15T11:25:53Z;-3263;;-1069
2024-05-15T11:25:54Z;-3323;;-1129
2024-05-15T11:26:15Z;-3107;;-913
2024-05-15T11:26:16Z;-3321;;-1127
2024-05-15T11:26:17Z;-3220;;-1026
2024-05-15T11:26:18Z;-3331;;-1137
2024-05-15T11:26:19Z;-3284;;-1090
2024-05-15T11:26:20Z;-3316;;-1122
2024-05-15T11:26:23Z;-3203;;-1009
2024-05-15T11:26:24Z;-3315;;-1121
2024-05-15T11:26:25Z;-3287;;-1093
2024-05-15T11:26:26Z;-2870;;-676
2024-05-15T11:26:28Z;-2259;;-65
2024-05-15T11:26:29Z;-1824;;370
2024-05-15T11:26:32Z;-1875;;319
2024-05-15T11:26:35Z;-2164;;30
2024-05-15T11:26:38Z;-2463;;-269
2024-05-15T11:26:39Z;-2794;;-600
2024-05-15T11:26:40Z;-3020;;-826
2024-05-15T11:26:41Z;-2712;;-518
2024-05-15T11:26:43Z;-3040;;-846
2024-05-15T11:26:44Z;-2994;;-800
2024-05-15T11:26:45Z;-3199;;-1005
2024-05-15T11:26:50Z;;1486;-1713
2024-05-15T11:26:52Z;;3411;212
2024-05-15T11:26:53Z;-2888;;523
2024-05-15T11:26:55Z;-2699;3441;712
2024-05-15T11:26:57Z;;2858;159
2024-05-15T11:26:59Z;;2249;-450
2024-05-15T11:27:01Z;;2008;-691
2024-05-15T11:27:02Z;;3012;313
2024-05-15T11:27:03Z;-2791;;221
2024-05-15T11:27:04Z;;3261;470
2024-05-15T11:27:06Z;;2959;168
2024-05-15T11:27:07Z;-3056;;-97
2024-05-15T11:27:08Z;;3040;-16
2024-05-15T11:27:14Z;-2955;;85
2024-05-15T11:27:16Z;-2642;2717;398
2024-05-15T11:27:18Z;-3005;3160;-288
2024-05-15T11:27:20Z;-2998;;162
2024-05-15T11:27:21Z;;2836;-162
2024-05-15T11:27:23Z;-3029;3093;-193
2024-05-15T11:27:25Z;;2955;-74
2024-05-15T11:27:27Z;-2812;3213;184
2024-05-15T11:27:28Z;;2933;121
2024-05-15T11:27:31Z;;3044;232
2024-05-15T11:27:33Z;-2390;2890;78
2024-05-15T11:27:35Z;-1754;2374;1136
2024-05-15T11:27:37Z;;1824;70
2024-05-15T11:27:38Z;;2132;378
2024-05-15T11:27:39Z;-1813;;319
2024-05-15T11:27:40Z;;2740;927
2024-05-15T11:27:42Z;;3144;1331
2024-05-15T11:27:44Z;;3368;1555
2024-05-15T11:27:45Z;-2540;;828
2024-05-15T11:27:46Z;-3092;3355;276
2024-05-15T11:27:47Z;-3121;;234
2024-05-15T11:27:49Z;;2816;-305
2024-05-15T11:27:51Z;;3074;-47
2024-05-15T11:27:52Z;-3060;;14
2024-05-15T11:27:55Z;-2997;;77
2024-05-15T11:27:56Z;-3043;;31
2024-05-15T11:27:58Z;-2942;;132
2024-05-15T11:27:59Z;;2969;27
2024-05-15T11:28:01Z;-3135;3085;-166
2024-05-15T11:28:47Z;-2990;;95
2024-05-15T11:28:49Z;-2906;2963;179
2024-05-15T11:28:51Z;-3016;3159;-53
2024-05-15T11:28:53Z;-2992;;167
2024-05-15T11:28:55Z;;2933;-59
2024-05-15T11:28:59Z;-2675;;258
2024-05-15T11:29:01Z;-2719;;214
2024-05-15T11:29:03Z;-2776;;157
2024-05-15T11:29:06Z;;2690;-86
2024-05-15T11:29:10Z;-2459;;231
2024-05-15T11:29:12Z;;2364;-95
2024-05-15T11:29:13Z;-2310;;54
2024-05-15T11:29:14Z;;2403;93
2024-05-15T11:29:17Z;;2723;413
2024-05-15T11:29:20Z;;2665;355
2024-05-15T11:29:23Z;-2314;2369;351
2024-05-15T11:29:25Z;-2022;2074;347
2024-05-15T11:29:30Z;-2168;2281;-94
2024-05-15T11:29:32Z;-2593;2512;-312
2024-05-15T11:29:33Z;-2749;;-237
2024-05-15T11:29:36Z;;2709;-40
2024-05-15T11:29:38Z;;3076;327
2024-05-15T11:29:41Z;-3046;;30
2024-05-15T11:29:44Z;-2301;2195;775
2024-05-15T11:29:45Z;-1889;;306
2024-05-15T11:29:47Z;-2324;;-129
2024-05-15T11:29:48Z;;1943;-381
2024-05-15T11:29:49Z;-3202;;-1259
2024-05-15T11:29:51Z;-2964;2390;-812
2024-05-15T11:29:52Z;;2871;-93
2024-05-15T11:29:54Z;;3339;375
2024-05-15T11:29:55Z;;3290;326
2024-05-15T11:29:57Z;-3043;2860;247
2024-05-15T11:29:59Z;;3061;18
2024-05-15T11:30:04Z;-2902;2984;82
2024-05-15T11:30:07Z;-3024;3199;-40
2024-05-15T11:30:09Z;;3140;116
2024-05-15T11:30:12Z;-3024;;116
2024-05-15T11:30:45Z;-2998;;142
2024-05-15T11:30:47Z;-3011;;129
2024-05-15T11:30:49Z;-3014;;126
2024-05-15T11:30:51Z;-3001;;139
2024-05-15T11:30:52Z;-2998;;142
2024-05-15T11:32:03Z;;2997;-1
2024-05-15T11:32:05Z;;3010;12
2024-05-15T11:33:02Z;-1296;;1714
2024-05-15T11:33:03Z;-2835;;175
2024-05-15T11:33:22Z;-2581;2796;215
2024-05-15T11:33:24Z;-2707;;89
2024-05-15T11:33:25Z;-2236;;560
2024-05-15T11:33:26Z;-2298;;498
2024-05-15T11:33:27Z;;2401;103
2024-05-15T11:33:28Z;-2097;;304
2024-05-15T11:33:29Z;;2175;78
2024-05-15T11:33:31Z;;1824;-273
2024-05-15T11:33:32Z;-1756;1799;68
2024-05-15T11:33:34Z;;2083;327
2024-05-15T11:33:36Z;;2899;1143
2024-05-15T11:33:37Z;;3111;1355
2024-05-15T11:33:39Z;-2736;;375
2024-05-15T11:33:43Z;;2912;176
2024-05-15T11:33:44Z;-2146;;766
2024-05-15T11:33:45Z;-2538;;374
2024-05-15T11:33:47Z;;2282;-256
2024-05-15T11:33:49Z;;2872;334
2024-05-15T11:33:51Z;;3087;549
2024-05-15T11:34:09Z;;2960;422
2024-05-15T11:34:11Z;;2580;42
2024-05-15T11:34:12Z;-2609;;-29
2024-05-15T11:34:13Z;-2381;;199
2024-05-15T11:34:14Z;-2493;;87
2024-05-15T11:34:15Z;;2775;282
2024-05-15T11:34:18Z;-2723;;52
2024-05-15T11:34:19Z;-2681;;94
2024-05-15T11:34:20Z;-2711;;64
2024-05-15T11:34:22Z;;2996;285
2024-05-15T11:34:25Z;;2987;276
2024-05-15T11:34:29Z;;3010;299
2024-05-15T11:36:10Z;;2991;280
2024-05-15T11:36:11Z;-2630;;361
2024-05-15T11:36:13Z;-2209;2251;782
2024-05-15T11:36:14Z;-1682;;569
2024-05-15T11:36:15Z;-2056;;195
2024-05-15T11:36:16Z;;1872;-184
2024-05-15T11:36:17Z;;2216;160
2024-05-15T11:36:19Z;;2887;831
2024-05-15T11:36:21Z;;3040;984
2024-05-15T11:36:23Z;-2474;;566
2024-05-15T11:36:25Z;;2980;506
2024-05-15T11:36:27Z;;3009;535
2024-05-15T11:36:29Z;;2980;506
2024-05-15T11:36:31Z;;3021;547
2024-05-15T11:36:46Z;;3004;530
2024-05-15T11:36:55Z;;3004;530
2024-05-15T11:37:08Z;;2999;525
2024-05-15T11:37:10Z;;3011;537
2024-05-15T11:37:23Z;-2501;2646;510
2024-05-15T11:37:25Z;-1786;1950;860
2024-05-15T11:37:26Z;-1953;;-3
2024-05-15T11:37:27Z;-2098;;-148
2024-05-15T11:37:29Z;-2772;2269;-822
2024-05-15T11:37:31Z;;2765;-7
2024-05-15T11:37:33Z;;3008;236
2024-05-15T11:37:39Z;;2997;225
2024-05-15T11:37:41Z;;3001;229
2024-05-15T11:37:43Z;;2997;225
2024-05-15T11:37:45Z;;3005;233
2024-05-15T11:37:47Z;;2983;211
2024-05-15T11:37:54Z;-2687;;296
2024-05-15T11:37:56Z;-2714;;269
2024-05-15T11:38:14Z;;3000;286
2024-05-15T11:38:21Z;;2998;284
2024-05-15T11:38:23Z;;3011;297
2024-05-15T11:38:28Z;;2990;276
2024-05-15T11:38:36Z;;3003;289
2024-05-15T11:38:38Z;;2998;284
2024-05-15T11:38:40Z;;3011;297
2024-05-15T11:38:42Z;;3006;292
2024-05-15T11:38:46Z;-2578;;428
2024-05-15T11:38:51Z;-2735;;271
2024-05-15T11:39:12Z;;3000;265
2024-05-15T11:39:14Z;;2987;252
2024-05-15T11:39:18Z;;3000;265
2024-05-15T11:39:33Z;;3010;275
2024-05-15T11:39:36Z;;3001;266
2024-05-15T11:39:42Z;;2979;244
2024-05-15T11:39:44Z;;3002;267
2024-05-15T11:39:46Z;;2993;258
2024-05-15T11:39:48Z;;3007;272
2024-05-15T11:39:51Z;;2999;264
2024-05-15T11:39:53Z;;3015;280
2024-05-15T11:40:00Z;;2985;250
2024-05-15T11:40:02Z;;3004;269
2024-05-15T11:40:08Z;;2998;263
2024-05-15T11:40:10Z;;3000;265
2024-05-15T11:40:12Z;;2981;246
2024-05-15T11:40:14Z;;3003;268
2024-05-15T11:40:20Z;;2976;241
2024-05-15T11:40:23Z;;3002;267
2024-05-15T11:40:35Z;;2872;137
2024-05-15T11:40:36Z;-2560;;312
2024-05-15T11:40:37Z;-2397;;475
2024-05-15T11:40:39Z;;2523;126
2024-05-15T11:40:40Z;-2458;;65
2024-05-15T11:40:41Z;;2335;-123
2024-05-15T11:40:43Z;;2448;-10
2024-05-15T11:40:45Z;;2717;259
2024-05-15T11:40:47Z;;2634;176
2024-05-15T11:40:48Z;;2791;333
2024-05-15T11:40:51Z;-2743;;48
2024-05-15T11:41:44Z;;3011;268
2024-05-15T11:41:48Z;;2985;242
2024-05-15T11:42:04Z;;2992;249
2024-05-15T11:42:06Z;;3000;257
2024-05-15T11:42:14Z;;3002;259
2024-05-15T11:42:16Z;;2985;242
2024-05-15T11:42:20Z;;3000;257
2024-05-15T11:42:22Z;;2997;254
2024-05-15T11:43:32Z;;3001;258
2024-05-15T11:43:44Z;;2996;253
2024-05-15T11:43:48Z;;3018;275
2024-05-15T11:44:05Z;;2978;235
2024-05-15T11:44:06Z;-2288;;690
2024-05-15T11:44:07Z;-2040;;938
2024-05-15T11:44:08Z;-1738;2315;275
2024-05-15T11:44:10Z;;1918;180
2024-05-15T11:44:12Z;-1888;;30
2024-05-15T11:44:13Z;-1777;2143;255
2024-05-15T11:44:15Z;;2620;843
2024-05-15T11:44:16Z;;3045;1268
2024-05-15T11:44:17Z;-1916;;1129
2024-05-15T11:44:19Z;-2347;;698
2024-05-15T11:44:20Z;-2806;;239
2024-05-15T11:44:21Z;-2459;2865;406
2024-05-15T11:44:22Z;-2104;;761
2024-05-15T11:44:23Z;-2446;2594;490
2024-05-15T11:44:25Z;-2704;2335;-110
2024-05-15T11:44:27Z;;2438;-266
2024-05-15T11:44:28Z;;2834;130
2024-05-15T11:44:30Z;;3010;306
2024-05-15T11:44:52Z;;2786;82
2024-05-15T11:44:55Z;-2776;;10
2024-05-15T11:44:58Z;;3014;238
2024-05-15T11:45:01Z;;2968;192
2024-05-15T11:45:04Z;;3034;258
2024-05-15T11:45:05Z;;3030;254
2024-05-15T11:45:12Z;-2800;;230
2024-05-15T11:45:55Z;-2815;;215
2024-05-15T11:45:56Z;;2944;129
2024-05-15T11:45:58Z;-2767;;177
2024-05-15T11:45:59Z;-2796;3033;266
2024-05-15T11:46:01Z;-1903;;1130
2024-05-15T11:46:02Z;-2185;;848
2024-05-15T11:46:03Z;;2680;495
2024-05-15T11:46:05Z;;2114;-71
2024-05-15T11:46:07Z;;3039;854
2024-05-15T11:46:08Z;;2154;-31
2024-05-15T11:46:09Z;-2288;;-134
2024-05-15T11:46:10Z;-2712;;-558
2024-05-15T11:46:11Z;-2706;2590;-122
2024-05-15T11:46:13Z;-2781;2919;-191
2024-05-15T11:46:15Z;-2755;;164
2024-05-15T11:46:16Z;;3018;263
2024-05-15T11:46:17Z;;2746;-9
2024-05-15T11:46:19Z;;3016;261
2024-05-15T11:46:21Z;;2990;235
2024-05-15T11:46:23Z;;3054;299
2024-05-15T11:46:33Z;;2985;230
2024-05-15T11:46:37Z;;3020;265
2024-05-15T11:48:08Z;;2991;236
2024-05-15T11:48:10Z;;3010;255
2024-05-15T11:48:16Z;;2985;230
2024-05-15T11:48:18Z;;3007;252
2024-05-15T11:48:24Z;;2996;241
2024-05-15T11:48:26Z;;3004;249
2024-05-15T11:48:29Z;;2997;242
2024-05-15T11:49:56Z;-2628;;369
2024-05-15T11:49:58Z;-2738;;259
2024-05-15T11:50:02Z;-2546;;451
2024-05-15T11:50:03Z;-2318;;679
2024-05-15T11:50:04Z;;2519;201
2024-05-15T11:50:06Z;;2776;458
2024-05-15T11:50:07Z;-2690;2464;86
2024-05-15T11:50:08Z;-2710;;-246
2024-05-15T11:50:09Z;-2694;;-230
2024-05-15T11:50:10Z;-2737;;-273
2024-05-15T11:50:13Z;;2922;185
2024-05-15T11:50:14Z;-2698;;224
2024-05-15T11:50:15Z;-2752;;170
2024-05-15T11:50:16Z;;3004;252
2024-05-15T11:50:18Z;;2985;233
2024-05-15T11:50:20Z;;3009;257
2024-05-15T11:50:21Z;;2983;231
2024-05-15T11:50:23Z;;3006;254
2024-05-15T11:50:26Z;;2993;241
2024-05-15T11:50:39Z;;3019;267
2024-05-15T11:50:41Z;-1362;2832;1470
2024-05-15T11:50:43Z;;1782;420
2024-05-15T11:50:45Z;-2756;2452;1090
2024-05-15T11:50:47Z;;2054;-702
2024-05-15T11:50:49Z;-2698;2775;77
2024-05-15T11:50:50Z;-2709;;66
2024-05-15T11:50:58Z;-2696;;79
2024-05-15T11:51:02Z;-2712;;63
2024-05-15T11:51:03Z;-2715;;60
2024-05-15T11:51:06Z;-2703;;72
2024-05-15T11:51:10Z;-2694;;81
2024-05-15T11:51:18Z;-2708;;67
2024-05-15T11:51:19Z;-2707;;68
2024-05-15T11:51:21Z;-2709;;66
2024-05-15T11:51:22Z;-2695;;80
2024-05-15T11:51:23Z;-2697;;78
2024-05-15T11:51:28Z;-2693;;82
2024-05-15T11:51:30Z;-2701;;74
2024-05-15T11:51:34Z;-2677;;98
2024-05-15T11:51:51Z;-2699;;76
2024-05-15T11:51:54Z;-2697;;78
2024-05-15T11:52:02Z;-2707;;68
2024-05-15T11:52:10Z;-2699;;76
2024-05-15T11:52:11Z;-2697;;78
2024-05-15T11:52:36Z;;2134;-563
2024-05-15T11:52:38Z;-2219;2682;-85
2024-05-15T11:52:39Z;-2306;;376
2024-05-15T11:52:42Z;;2971;665
2024-05-15T11:52:53Z;-2611;;360
2024-05-15T11:52:56Z;-2760;;211
2024-05-15T11:53:21Z;-2361;2340;610
2024-05-15T11:53:23Z;-2752;2556;-196
2024-05-15T11:53:25Z;;2871;119
2024-05-15T11:53:26Z;;2684;-68
2024-05-15T11:53:28Z;-2668;2764;16
2024-05-15T11:53:32Z;-2717;;47
2024-05-15T11:56:07Z;-2230;2251;534
2024-05-15T11:56:09Z;;2491;261
2024-05-15T11:56:10Z;-2212;;279
2024-05-15T11:56:12Z;-2175;2336;316
2024-05-15T11:56:13Z;-2402;;-66
2024-05-15T11:56:15Z;;2498;96
2024-05-15T11:56:16Z;;2006;-396
2024-05-15T11:56:18Z;-2290;2410;-284
2024-05-15T11:56:19Z;;2333;43
2024-05-15T11:56:20Z;-2518;;-185
2024-05-15T11:56:21Z;;2451;-67
2024-05-15T11:56:23Z;;2777;259
2024-05-15T11:56:27Z;-2723;;54
2024-05-15T11:58:08Z;-2650;;127
2024-05-15T11:58:09Z;;2544;-106
2024-05-15T11:58:10Z;-2391;;153
2024-05-15T11:58:11Z;-1958;;586
2024-05-15T11:58:12Z;;1936;-22
2024-05-15T11:58:14Z;;2194;236
2024-05-15T11:58:15Z;;2654;696
2024-05-15T11:58:16Z;-2010;;644
2024-05-15T11:58:17Z;-2793;2899;-139
2024-05-15T12:00:05Z;;2908;115
2024-05-15T12:00:12Z;-2798;;110
2024-05-15T12:00:13Z;-2676;;232
2024-05-15T12:00:33Z;-2791;;117
2024-05-15T12:05:06Z;;2989;198
2024-05-15T12:05:09Z;;2996;205
2024-05-15T12:05:11Z;;3018;227
2024-05-15T12:05:12Z;;3003;212
2024-05-15T12:05:20Z;;2989;198
2024-05-15T12:05:21Z;;3016;225
2024-05-15T12:05:39Z;;2991;200
2024-05-15T12:05:43Z;;3012;221
2024-05-15T12:05:47Z;-2570;2674;442
2024-05-15T12:05:48Z;-2650;;24
2024-05-15T12:05:50Z;;2405;-245
2024-05-15T12:05:52Z;;2405;-245
2024-05-15T12:05:53Z;-2053;;352
2024-05-15T12:05:54Z;-1665;;740
2024-05-15T12:05:55Z;-2035;;370
2024-05-15T12:05:56Z;-2391;;14
2024-05-15T12:05:57Z;-2221;2108;-283
2024-05-15T12:05:59Z;-1547;;561
2024-05-15T12:06:01Z;;1706;159
2024-05-15T12:06:02Z;;2171;624
2024-05-15T12:06:03Z;-1692;;479
2024-05-15T12:06:04Z;-2714;;-543
2024-05-15T12:06:07Z;;2637;-77
2024-05-15T12:06:08Z;;2304;-410
2024-05-15T12:06:10Z;;1703;-1011
2024-05-15T12:06:12Z;;1891;-823
2024-05-15T12:06:14Z;;1749;-965
2024-05-15T12:06:16Z;;2846;132
2024-05-15T12:06:17Z;;3023;309
2024-05-15T12:08:05Z;;3000;286
2024-05-15T12:08:18Z;-3009;;-9
2024-05-15T12:08:29Z;-2985;;15
2024-05-15T12:08:40Z;-3019;;-19
2024-05-15T12:08:42Z;-2991;;9
2024-05-15T12:08:44Z;-3005;;-5
2024-05-15T12:08:45Z;-2997;;3
2024-05-15T12:08:49Z;;2971;-26
2024-05-15T12:08:51Z;;3025;28
2024-05-15T12:09:03Z;;2991;-6
2024-05-15T12:09:05Z;;3025;28
2024-05-15T12:09:07Z;;2998;1
2024-05-15T12:09:09Z;;3016;19
2024-05-15T12:09:14Z;;2994;-3
2024-05-15T12:09:47Z;-2726;;268
2024-05-15T12:09:49Z;-2378;2450;616
2024-05-15T12:09:51Z;;2226;-152
2024-05-15T12:09:52Z;-2580;;-354
2024-05-15T12:09:56Z;;2409;-171
2024-05-15T12:09:58Z;;2726;146
2024-05-15T12:09:59Z;-2734;;-8
2024-05-15T12:10:00Z;;2678;-56
2024-05-15T12:10:01Z;;2834;100
2024-05-15T12:10:42Z;-2697;;137
2024-05-15T12:10:43Z;-2712;;122
2024-05-15T12:10:50Z;-2691;;143
2024-05-15T12:10:51Z;-2690;;144
2024-05-15T12:10:54Z;-2697;;137
2024-05-15T12:10:55Z;-2702;;132
2024-05-15T12:10:58Z;-2697;;137
2024-05-15T12:11:06Z;-2700;;134
2024-05-15T12:11:07Z;-2698;;136
2024-05-15T12:11:13Z;-2700;;134
2024-05-15T12:11:14Z;-2698;;136
2024-05-15T12:12:06Z;-2701;;133
2024-05-15T12:12:07Z;-2701;;133
2024-05-15T12:12:10Z;-2703;;131
2024-05-15T12:12:15Z;-2684;;150
2024-05-15T12:12:18Z;-2700;;134
2024-05-15T12:12:23Z;-2702;;132
2024-05-15T12:12:32Z;-2708;;126
2024-05-15T12:12:40Z;-2688;;146
2024-05-15T12:12:42Z;-2707;;127
2024-05-15T12:12:50Z;-2696;;138
2024-05-15T12:12:52Z;-2710;;124
2024-05-15T12:13:00Z;-2688;;146
2024-05-15T12:13:02Z;-2708;;126
2024-05-15T12:13:06Z;-2692;;142
2024-05-15T12:13:13Z;-2700;;134
2024-05-15T12:13:16Z;-2685;;149
2024-05-15T12:13:18Z;-2700;;134
2024-05-15T12:13:22Z;-2688;;146
2024-05-15T12:13:23Z;-2693;;141
2024-05-15T12:13:38Z;-2704;;130
2024-05-15T12:13:39Z;-2702;;132
2024-05-15T12:14:21Z;;3017;315
2024-05-15T12:14:23Z;-2674;;343
2024-05-15T12:14:24Z;-2844;2930;173
2024-05-15T12:14:26Z;;3061;217
2024-05-15T12:14:28Z;-2307;;754
2024-05-15T12:14:29Z;;2991;684
2024-05-15T12:14:30Z;-1347;;1644
2024-05-15T12:14:31Z;-1616;2393;1046
2024-05-15T12:14:33Z;-1699;;694
2024-05-15T12:14:34Z;;1336;-363
2024-05-15T12:14:35Z;-2020;;-684
2024-05-15T12:14:36Z;-2083;;-747
2024-05-15T12:14:38Z;-2460;;-1124
2024-05-15T12:14:42Z;-2356;;-1020
2024-05-15T12:14:44Z;-1745;;-409
2024-05-15T12:14:45Z;-1252;;84
2024-05-15T12:14:46Z;-1117;;219
2024-05-15T12:14:48Z;-1216;;120
2024-05-15T12:14:50Z;-1565;;-229
2024-05-15T12:14:51Z;-1457;;-121
2024-05-15T12:14:52Z;-1584;;-248
2024-05-15T12:14:53Z;-1426;;-90
2024-05-15T12:14:55Z;-1815;;-479
2024-05-15T12:14:56Z;-2166;;-830
2024-05-15T12:14:58Z;-2428;;-1092
2024-05-15T12:15:00Z;-2807;;-1471
2024-05-15T12:15:04Z;;2225;-582
2024-05-15T12:15:07Z;;2914;107
2024-05-15T12:15:08Z;;2096;-711
2024-05-15T12:15:10Z;;2471;-336
2024-05-15T12:15:12Z;-2845;2471;-374
2024-05-15T12:15:14Z;;2005;-840
2024-05-15T12:15:16Z;;1268;-1577
2024-05-15T12:15:18Z;;1880;-965
2024-05-15T12:17:18Z;;2511;-334
2024-05-15T12:17:19Z;-2684;;-173
2024-05-15T12:17:20Z;-2455;;56
2024-05-15T12:17:21Z;-1862;;649
2024-05-15T12:17:22Z;;1274;-588
2024-05-15T12:17:24Z;;1118;-744
2024-05-15T12:17:26Z;-897;891;221
2024-05-15T12:17:28Z;;909;12
2024-05-15T12:17:30Z;-847;;62
2024-05-15T12:17:32Z;-915;;-6
2024-05-15T12:17:34Z;-1115;;-206
2024-05-15T12:17:35Z;-1566;;-657
2024-05-15T12:17:37Z;-2289;1648;-1380
2024-05-15T12:17:39Z;;1996;-293
2024-05-15T12:17:41Z;-2067;;-71
2024-05-15T12:17:42Z;-2766;;-770
2024-05-15T12:17:43Z;;2160;-606
2024-05-15T12:17:45Z;-2363;;-203
2024-05-15T12:17:48Z;-2463;;-303
2024-05-15T12:17:50Z;-1014;;1146
2024-05-15T12:17:51Z;-1023;;1137
2024-05-15T12:17:58Z;-907;;1253
2024-05-15T12:18:01Z;-1574;;586
2024-05-15T12:18:03Z;-1905;;255
2024-05-15T12:18:05Z;-2723;;-563
2024-05-15T12:18:08Z;-2284;;-124
2024-05-15T12:18:09Z;-2064;;96
2024-05-15T12:18:10Z;-2366;;-206
2024-05-15T12:18:12Z;-2825;;-665
2024-05-15T12:18:23Z;-2681;;-521
2024-05-15T12:18:26Z;-2778;;-618
2024-05-15T12:19:15Z;-2456;;-296
2024-05-15T12:19:19Z;-2738;;-578
2024-05-15T12:19:35Z;-2735;;-575
2024-05-15T12:19:37Z;-2702;;-542
2024-05-15T12:19:39Z;-2675;;-515
2024-05-15T12:19:41Z;-1931;;229
2024-05-15T12:19:42Z;-1717;;443
2024-05-15T12:19:44Z;-2841;;-681
2024-05-15T12:20:31Z;-2534;;-374
2024-05-15T12:20:32Z;-1967;;193
2024-05-15T12:20:33Z;-2227;;-67
2024-05-15T12:20:34Z;-2006;;154
2024-05-15T12:20:36Z;-2361;;-201
2024-05-15T12:20:40Z;-1669;;491
2024-05-15T12:20:42Z;-1982;;178
2024-05-15T12:20:44Z;-1400;;760
2024-05-15T12:20:46Z;-2048;;112
2024-05-15T12:20:47Z;-1770;;390
2024-05-15T12:20:49Z;-1444;;716
2024-05-15T12:20:51Z;-1751;;409
2024-05-15T12:20:52Z;-2061;;99
2024-05-15T12:20:53Z;-2203;;-43
2024-05-15T12:20:54Z;-2513;;-353
2024-05-15T12:20:56Z;-2318;;-158
2024-05-15T12:20:57Z;-2814;;-654
2024-05-15T12:22:33Z;;3006;192
2024-05-15T12:22:53Z;-3016;;-10
2024-05-15T12:23:10Z;-3005;;1
2024-05-15T12:23:11Z;;2916;-89
2024-05-15T12:23:12Z;-2670;;246
2024-05-15T12:23:13Z;-2751;;165
2024-05-15T12:23:14Z;;2128;-623
2024-05-15T12:23:16Z;;1724;-1027
2024-05-15T12:23:18Z;;1399;-1352
2024-05-15T12:23:20Z;-2053;;-654
2024-05-15T12:23:21Z;-1378;;21
2024-05-15T12:23:22Z;-1200;1195;-183
2024-05-15T12:23:25Z;;1203;3
2024-05-15T12:23:27Z;-1197;;6
2024-05-15T12:23:29Z;;1341;144
2024-05-15T12:23:33Z;-1691;1770;-350
2024-05-15T12:23:35Z;-2634;;-864
2024-05-15T12:23:36Z;-3080;;-1310
2024-05-15T12:23:39Z;-2900;;-1130
2024-05-15T12:23:40Z;-2362;3207;307
2024-05-15T12:23:41Z;-3204;;3
2024-05-15T12:23:44Z;;3207;3
2024-05-15T12:23:45Z;;3380;176
2024-05-15T12:23:47Z;;2977;-227
2024-05-15T12:23:48Z;;2513;-691
2024-05-15T12:23:50Z;;2899;-305
2024-05-15T12:23:52Z;;3327;123
2024-05-15T12:23:54Z;;3234;30
2024-05-15T12:23:56Z;;3311;107
2024-05-15T12:23:58Z;;3270;66
2024-05-15T12:24:09Z;-1542;1623;1728
2024-05-15T12:24:11Z;-1287;1810;336
2024-05-15T12:24:13Z;;1270;-17
2024-05-15T12:24:15Z;;1040;-247
2024-05-15T12:24:16Z;;1586;299
2024-05-15T12:24:18Z;-982;1935;604
2024-05-15T12:24:20Z;;1567;585
2024-05-15T12:24:21Z;;1888;906
2024-05-15T12:24:23Z;;1654;672
2024-05-15T12:24:24Z;-1901;;-247
2024-05-15T12:24:25Z;;1301;-600
2024-05-15T12:24:27Z;;1666;-235
2024-05-15T12:24:28Z;-1248;;418
2024-05-15T12:24:30Z;;2812;1564
2024-05-15T12:24:31Z;;3022;1774
2024-05-15T12:24:33Z;;2998;1750
2024-05-15T12:24:35Z;-1191;3022;1774
2024-05-15T12:24:36Z;-2675;;347
2024-05-15T12:24:39Z;;2988;313
2024-05-15T12:24:41Z;;3024;349
2024-05-15T12:24:43Z;;2999;324
2024-05-15T12:24:45Z;;3007;332
2024-05-15T12:24:47Z;;2994;319
2024-05-15T12:24:59Z;;2990;315
2024-05-15T12:25:01Z;;2996;321
2024-05-15T12:25:32Z;;3009;334
2024-05-15T12:25:36Z;;2997;322
2024-05-15T12:25:38Z;;3003;328
2024-05-15T12:25:43Z;;2594;-81
2024-05-15T12:25:45Z;;1763;-912
2024-05-15T12:25:47Z;;1940;-735
2024-05-15T12:25:48Z;;2284;-391
2024-05-15T12:25:50Z;;2590;-85
2024-05-15T12:25:51Z;-2596;;-6
2024-05-15T12:25:52Z;;2891;295
2024-05-15T12:25:53Z;;3056;460
2024-05-15T12:25:54Z;-1781;;1275
2024-05-15T12:25:56Z;-2150;2823;906
2024-05-15T12:25:57Z;-2769;;54
2024-05-15T12:25:58Z;;3002;233
2024-05-15T12:26:00Z;;3029;260
2024-05-15T12:26:02Z;;3033;264
2024-05-15T12:26:04Z;;2994;225
2024-05-15T12:26:06Z;;3028;259
2024-05-15T12:26:20Z;-3026;;2
2024-05-15T12:26:21Z;-2883;;145
2024-05-15T12:26:22Z;;2973;90
2024-05-15T12:26:24Z;;3018;135
2024-05-15T12:26:26Z;-3029;;-11
2024-05-15T12:26:27Z;-2973;;45
2024-05-15T12:26:28Z;-3000;;18
2024-05-15T12:26:29Z;-2994;;24
2024-05-15T12:26:30Z;-2169;;849
2024-05-15T12:26:31Z;;2124;-45
2024-05-15T12:26:33Z;;1831;-338
2024-05-15T12:26:34Z;;1487;-682
2024-05-15T12:26:37Z;;1184;-985
2024-05-15T12:26:40Z;-1724;;-540
2024-05-15T12:26:41Z;-1917;;-733
2024-05-15T12:26:42Z;-1236;;-52
2024-05-15T12:26:44Z;-1233;1304;-49
2024-05-15T12:26:45Z;-1697;;-393
2024-05-15T12:26:47Z;-2947;;-1643
2024-05-15T12:26:49Z;;1825;-1122
2024-05-15T12:26:51Z;-3051;2286;-661
2024-05-15T12:26:53Z;;3096;45
2024-05-15T12:27:16Z;-2979;;117
2024-05-15T12:27:18Z;;2784;-195
2024-05-15T12:27:19Z;-2435;;349
2024-05-15T12:27:20Z;;2460;25
2024-05-15T12:27:22Z;-2706;;-246
2024-05-15T12:27:23Z;;2228;-478
2024-05-15T12:27:24Z;-3000;;-772
2024-05-15T12:27:25Z;-2961;2461;-500
2024-05-15T12:27:26Z;-3040;;-579
2024-05-15T12:27:27Z;-2980;;-519
2024-05-15T12:27:30Z;-2669;2825;-155
2024-05-15T12:27:31Z;-2136;;689
2024-05-15T12:27:33Z;-1776;2813;1049
2024-05-15T12:27:34Z;-1497;2188;1316
2024-05-15T12:27:36Z;;1786;289
2024-05-15T12:27:38Z;;1421;-76
2024-05-15T12:27:41Z;;1559;62
2024-05-15T12:27:43Z;;1492;-5
2024-05-15T12:27:45Z;-1602;1527;-75
2024-05-15T12:27:47Z;;1902;300
2024-05-15T12:27:49Z;-1420;;482
2024-05-15T12:27:50Z;-1383;;519
2024-05-15T12:27:51Z;;1590;207
2024-05-15T12:27:52Z;-2646;;-1056
2024-05-15T12:27:53Z;-3040;;-1450
2024-05-15T12:27:55Z;;1436;-1604
2024-05-15T12:27:56Z;;1777;-1263
2024-05-15T12:27:58Z;;2748;-292
2024-05-15T12:28:00Z;;3178;138
2024-05-15T12:28:22Z;-3043;;135
2024-05-15T12:28:24Z;;2982;-61
2024-05-15T12:28:26Z;;3028;-15
2024-05-15T12:28:28Z;;2949;-94
2024-05-15T12:28:29Z;-3013;;-64
2024-05-15T12:28:30Z;;3009;-4
2024-05-15T12:28:51Z;-2982;;27
2024-05-15T12:29:02Z;;2987;5
2024-05-15T12:29:04Z;;3020;38
2024-05-15T12:29:07Z;;2993;11
2024-05-15T12:29:09Z;;3011;29
2024-05-15T12:29:11Z;;2973;-9
2024-05-15T12:29:15Z;-2588;;385
2024-05-15T12:29:16Z;-2831;3062;142
2024-05-15T12:29:18Z;;2975;144
2024-05-15T12:29:19Z;-3013;;-38
2024-05-15T12:29:20Z;-2968;3079;66
2024-05-15T12:29:21Z;-3021;;58
2024-05-15T12:29:26Z;-2991;;88
2024-05-15T12:29:27Z;-3039;;40
2024-05-15T12:29:40Z;-2971;;108
2024-05-15T12:29:41Z;-3036;;43
2024-05-15T12:29:49Z;-2857;2961;222
2024-05-15T12:29:50Z;-3067;;-106
2024-05-15T12:29:52Z;;3197;130
2024-05-15T12:29:53Z;-2788;;409
2024-05-15T12:29:54Z;-2674;;523
2024-05-15T12:29:55Z;-2066;2796;122
2024-05-15T12:29:56Z;;2041;-25
2024-05-15T12:29:58Z;;1616;-450
2024-05-15T12:30:00Z;;1399;-667
2024-05-15T12:30:02Z;-1344;1552;-514
2024-05-15T12:30:05Z;;1552;208
2024-05-15T12:30:06Z;-1657;;-105
2024-05-15T12:30:07Z;-2080;2139;59
2024-05-15T12:30:09Z;;1912;-168
2024-05-15T12:30:11Z;;2610;530
2024-05-15T12:30:12Z;-2470;;140
2024-05-15T12:30:13Z;-2380;;230
2024-05-15T12:30:14Z;-1998;;612
2024-05-15T12:30:15Z;-1665;;945
2024-05-15T12:30:16Z;-1760;;850
2024-05-15T12:30:17Z;;2017;257
2024-05-15T12:30:18Z;;1735;-25
2024-05-15T12:30:19Z;;1820;60
2024-05-15T12:30:21Z;;1796;36
2024-05-15T12:30:23Z;-2080;1482;-278
2024-05-15T12:30:28Z;-1694;1758;-212
2024-05-15T12:30:30Z;-2744;;-986
2024-05-15T12:30:32Z;;1865;-879
2024-05-15T12:30:33Z;-3139;;-1274
2024-05-15T12:30:34Z;;2936;-203
2024-05-15T12:30:36Z;;3093;-46
2024-05-15T12:30:54Z;;3313;174
2024-05-15T12:30:56Z;;3295;156
2024-05-15T12:30:58Z;;3303;164
2024-05-15T12:31:00Z;;3283;144
2024-05-15T12:31:02Z;;3340;201
2024-05-15T12:31:13Z;-2701;2703;639
2024-05-15T12:31:14Z;-1895;;808
2024-05-15T12:31:15Z;-1772;;931
2024-05-15T12:31:16Z;;1957;185
2024-05-15T12:31:18Z;;2368;596
2024-05-15T12:31:19Z;;1795;23
2024-05-15T12:31:21Z;;1918;146
2024-05-15T12:31:22Z;-1784;;134
2024-05-15T12:31:23Z;-1558;;360
2024-05-15T12:31:25Z;;1593;35
2024-05-15T12:31:27Z;;1390;-168
2024-05-15T12:31:28Z;;1529;-29
2024-05-15T12:31:30Z;;1474;-84
2024-05-15T12:31:34Z;-1656;1742;-182
2024-05-15T12:31:35Z;-1938;;-196
2024-05-15T12:31:37Z;;2064;126
2024-05-15T12:31:38Z;;2383;445
2024-05-15T12:31:40Z;-2256;2704;127
2024-05-15T12:31:41Z;-2532;;172
2024-05-15T12:31:42Z;-3009;3136;604
2024-05-15T12:31:44Z;-2899;;237
2024-05-15T12:31:45Z;-3028;;108
2024-05-15T12:32:10Z;;3164;136
2024-05-15T12:32:11Z;-2498;;666
2024-05-15T12:32:12Z;-1927;;1237
2024-05-15T12:32:13Z;;1945;18
2024-05-15T12:32:14Z;;2470;543
2024-05-15T12:32:16Z;;2282;355
2024-05-15T12:32:17Z;-2354;;-72
2024-05-15T12:32:18Z;;1915;-439
2024-05-15T12:32:20Z;;1467;-887
2024-05-15T12:32:21Z;;1188;-1166
2024-05-15T12:32:23Z;-2240;;-1052
2024-05-15T12:32:25Z;-1440;;-252
2024-05-15T12:32:26Z;-1153;;35
2024-05-15T12:32:33Z;;1215;62
2024-05-15T12:32:34Z;-1139;;76
2024-05-15T12:32:35Z;;1185;46
2024-05-15T12:32:36Z;-1621;;-436
2024-05-15T12:32:39Z;;1334;-287
2024-05-15T12:32:41Z;-2847;;-1513
2024-05-15T12:32:42Z;-3018;1673;-1174
2024-05-15T12:32:44Z;;1822;-1196
2024-05-15T12:32:45Z;;1592;-1426
2024-05-15T12:32:47Z;;1940;-1078
2024-05-15T12:32:49Z;-2965;3003;-15
2024-05-15T12:32:53Z;;2993;28
2024-05-15T12:32:55Z;;3005;40
2024-05-15T12:32:56Z;;2986;21
2024-05-15T12:33:02Z;-2679;;307
2024-05-15T12:33:03Z;-2763;;223
2024-05-15T12:33:10Z;;2206;-557
2024-05-15T12:33:12Z;-2233;;-27
2024-05-15T12:33:13Z;-2676;2784;-470
2024-05-15T12:33:14Z;-2766;;18
2024-05-15T12:35:09Z;-2607;2687;177
2024-05-15T12:35:11Z;;2842;235
2024-05-15T12:35:13Z;-2740;;102
2024-05-15T12:35:23Z;;3000;260
2024-05-15T12:35:25Z;;2996;256
2024-05-15T12:35:29Z;;3008;268
2024-05-15T12:35:33Z;;2982;242
2024-05-15T12:35:35Z;;3008;268
2024-05-15T12:35:37Z;;3004;264
2024-05-15T12:35:39Z;;3005;265
2024-05-15T12:35:45Z;;2991;251
2024-05-15T12:35:47Z;;3027;287
2024-05-15T12:35:49Z;;2998;258
2024-05-15T12:35:51Z;;3011;271
2024-05-15T12:36:01Z;-2999;;12
2024-05-15T12:36:03Z;-2982;;29
2024-05-15T12:36:15Z;-3030;;-19
2024-05-15T12:36:16Z;-2945;;66
2024-05-15T12:36:17Z;-3044;;-33
2024-05-15T12:36:21Z;-2707;2787;304
2024-05-15T12:36:22Z;-3004;;-217
2024-05-15T12:36:24Z;;3144;140
2024-05-15T12:36:25Z;;2408;-596
2024-05-15T12:36:27Z;;2098;-906
2024-05-15T12:36:29Z;-2474;2598;124
2024-05-15T12:36:31Z;;3387;913
2024-05-15T12:36:33Z;-2295;;1092
2024-05-15T12:36:34Z;-3257;;130
2024-05-15T12:36:37Z;;3287;30
2024-05-15T12:36:40Z;;3288;31
2024-05-15T12:36:45Z;;3234;-23
2024-05-15T12:36:46Z;-2854;;380
2024-05-15T12:36:47Z;-2035;2907;1199
2024-05-15T12:36:49Z;;2355;320
2024-05-15T12:36:50Z;;2098;63
2024-05-15T12:36:51Z;-2340;;-242
2024-05-15T12:36:52Z;-2664;;-566
2024-05-15T12:36:53Z;;2288;-376
2024-05-15T12:36:54Z;;2431;-233
2024-05-15T12:36:56Z;-2240;2785;191
2024-05-15T12:36:58Z;-2014;2680;417
2024-05-15T12:37:00Z;-1646;2815;801
2024-05-15T12:37:02Z;;2577;931
2024-05-15T12:37:03Z;-1851;2278;726
2024-05-15T12:37:06Z;-2448;;-170
2024-05-15T12:37:08Z;;2029;-419
2024-05-15T12:37:09Z;-2982;1692;-953
2024-05-15T12:37:11Z;;1926;-1056
2024-05-15T12:37:13Z;-3125;;-1199
2024-05-15T12:37:14Z;;2529;-596
2024-05-15T12:37:16Z;;2671;-454
2024-05-15T12:37:17Z;;3094;-31
2024-05-15T12:37:19Z;;3270;145
2024-05-15T12:37:29Z;;3004;-121
2024-05-15T12:37:30Z;-1516;;1488
2024-05-15T12:37:31Z;;1506;-10
2024-05-15T12:37:33Z;;1386;-130
2024-05-15T12:37:34Z;-1332;;54
2024-05-15T12:37:35Z;-1607;;-221
2024-05-15T12:37:36Z;;1689;82
2024-05-15T12:37:38Z;;1804;197
2024-05-15T12:37:40Z;;2409;802
2024-05-15T12:37:41Z;;2158;551
2024-05-15T12:37:42Z;-1882;;276
2024-05-15T12:37:43Z;-2326;;-168
2024-05-15T12:37:45Z;;3003;677
2024-05-15T12:37:46Z;;1858;-468
2024-05-15T12:37:47Z;-2043;;-185
2024-05-15T12:37:48Z;-2915;;-1057
2024-05-15T12:37:49Z;-1840;1547;-1368
2024-05-15T12:37:51Z;-1539;;8
2024-05-15T12:37:52Z;-1357;;190
2024-05-15T12:37:53Z;;1388;31
2024-05-15T12:37:55Z;;1193;-164
2024-05-15T12:37:59Z;-1186;;7
2024-05-15T12:38:08Z;-1187;1242;6
2024-05-15T12:38:09Z;-1295;;-53
2024-05-15T12:38:11Z;;2117;822
2024-05-15T12:38:12Z;;2733;1438
2024-05-15T12:38:14Z;-2568;3225;165
2024-05-15T12:38:16Z;;2865;297
2024-05-15T12:38:20Z;-3101;3054;-236
2024-05-15T12:38:21Z;-3073;;-19
2024-05-15T12:38:22Z;-2664;2922;-151
2024-05-15T12:38:23Z;;2685;21
2024-05-15T12:38:25Z;;2300;-364
2024-05-15T12:38:27Z;;2058;-606
2024-05-15T12:38:29Z;;1577;-1087
2024-05-15T12:38:31Z;;1428;-1236
2024-05-15T12:38:32Z;-2749;;-1321
2024-05-15T12:38:33Z;-2630;;-1202
2024-05-15T12:38:34Z;;1185;-1445
2024-05-15T12:38:37Z;-2068;;-883
2024-05-15T12:38:38Z;-2001;;-816
2024-05-15T12:38:39Z;-1546;;-361
2024-05-15T12:38:41Z;-1227;;-42
2024-05-15T12:38:51Z;-900;;285
2024-05-15T12:38:53Z;-898;;287
2024-05-15T12:39:15Z;-1163;1231;333
2024-05-15T12:39:17Z;-2486;1698;-1255
2024-05-15T12:39:19Z;;2662;176
2024-05-15T12:39:21Z;;2964;478
2024-05-15T12:39:22Z;;2475;-11
2024-05-15T12:39:24Z;-2877;2225;-402
2024-05-15T12:39:26Z;;2871;-6
2024-05-15T12:39:27Z;-2674;;197
2024-05-15T12:39:28Z;-2975;3087;413
2024-05-15T12:39:29Z;-3044;;43
2024-05-15T12:39:40Z;-2971;;116
2024-05-15T12:39:41Z;-3002;;85
2024-05-15T12:39:42Z;;2717;-285
2024-05-15T12:39:44Z;-2130;2163;587
2024-05-15T12:39:46Z;;1842;-288
2024-05-15T12:39:48Z;;2119;-11
2024-05-15T12:39:49Z;-2664;;-545
2024-05-15T12:39:51Z;-3153;2736;-1034
2024-05-15T12:39:53Z;;3287;134
2024-05-15T12:39:54Z;-3300;;-13
2024-05-15T12:39:55Z;-3295;;-8
2024-05-15T12:39:58Z;-3071;;216
2024-05-15T12:40:01Z;-3186;;101
2024-05-15T12:40:02Z;-2861;;426
2024-05-15T12:40:04Z;-2752;;535
2024-05-15T12:40:06Z;-2846;;441
2024-05-15T12:40:07Z;-2560;;727
2024-05-15T12:40:10Z;-2200;;1087
2024-05-15T12:40:12Z;-2476;;811
2024-05-15T12:40:13Z;-3237;;50
2024-05-15T12:40:14Z;-3333;;-46
2024-05-15T12:40:16Z;-2957;;330
2024-05-15T12:40:18Z;-2698;;589
2024-05-15T12:40:19Z;-2899;;388
2024-05-15T12:40:20Z;-3243;;44
2024-05-15T12:40:24Z;-2871;;416
2024-05-15T12:40:25Z;-3205;;82
2024-05-15T12:40:29Z;-3300;;-13
2024-05-15T12:40:30Z;-3299;;-12
2024-05-15T12:40:31Z;-3301;;-14
2024-05-15T12:40:32Z;-3299;;-12
2024-05-15T12:40:36Z;-3310;;-23
2024-05-15T12:40:39Z;-3236;;51
2024-05-15T12:40:40Z;-2186;;1101
2024-05-15T12:40:41Z;-1962;;1325
2024-05-15T12:40:43Z;-2460;;827
2024-05-15T12:40:45Z;-2312;;975
2024-05-15T12:40:47Z;-2437;;850
2024-05-15T12:40:48Z;-2886;;401
2024-05-15T12:40:49Z;-3085;;202
2024-05-15T12:40:50Z;-2650;;637
2024-05-15T12:40:52Z;-1530;;1757
2024-05-15T12:41:08Z;-1463;;1824
2024-05-15T12:41:23Z;-1465;;1822
2024-05-15T12:41:26Z;-1462;;1825
2024-05-15T12:41:31Z;-1570;;1717
2024-05-15T12:41:49Z;-1444;;1843
2024-05-15T12:41:51Z;-1498;;1789
2024-05-15T12:41:54Z;-1441;;1846
2024-05-15T12:41:59Z;-1495;;1792
2024-05-15T12:42:01Z;-1494;;1793
2024-05-15T12:42:10Z;-1806;;1481
2024-05-15T12:42:12Z;-1925;;1362
2024-05-15T12:42:18Z;-2455;;832
2024-05-15T12:42:20Z;-2767;;520
2024-05-15T12:42:22Z;-3039;;248
2024-05-15T12:42:28Z;-2942;;345
2024-05-15T12:42:29Z;-2637;;650
2024-05-15T12:42:33Z;-2664;;623
2024-05-15T12:42:34Z;-3182;;105
2024-05-15T12:42:35Z;-2900;;387
2024-05-15T12:42:36Z;-3173;;114
2024-05-15T12:42:38Z;-2737;;550
2024-05-15T12:42:39Z;-2466;;821
2024-05-15T12:42:40Z;-2939;;348
2024-05-15T12:42:42Z;-2585;;702
2024-05-15T12:42:45Z;-2081;;1206
2024-05-15T12:42:52Z;-2157;;1130
2024-05-15T12:42:54Z;-1876;;1411
2024-05-15T12:42:55Z;-1685;;1602
2024-05-15T12:43:04Z;-1488;;1799
2024-05-15T12:44:05Z;-1464;;1823
2024-05-15T12:44:09Z;-2024;;1263
2024-05-15T12:44:11Z;-1868;;1419
2024-05-15T12:44:15Z;-1798;;1489
2024-05-15T12:44:19Z;-2439;;848
2024-05-15T12:44:20Z;-2994;;293
2024-05-15T12:44:22Z;-3087;;200
2024-05-15T12:44:23Z;-2222;;1065
2024-05-15T12:44:24Z;-1656;;1631
2024-05-15T12:44:28Z;-1492;;1795
2024-05-15T12:44:29Z;-1481;;1806
2024-05-15T12:44:31Z;-1655;;1632
2024-05-15T12:44:33Z;-2344;;943
2024-05-15T12:44:35Z;-1519;;1768
2024-05-15T12:44:39Z;-1456;;1831
2024-05-15T12:44:42Z;-1520;;1767
2024-05-15T12:45:00Z;;1877;357
2024-05-15T12:45:02Z;;2342;822
2024-05-15T12:45:04Z;;3116;1596
2024-05-15T12:45:05Z;;2230;710
2024-05-15T12:45:09Z;;1432;-88
2024-05-15T12:45:10Z;-1463;2365;845
2024-05-15T12:45:11Z;;1479;16
2024-05-15T12:45:13Z;;1528;65
2024-05-15T12:45:15Z;;1829;366
2024-05-15T12:45:18Z;-1374;;455
2024-05-15T12:45:19Z;-1757;;72
2024-05-15T12:45:20Z;-1791;1747;38
2024-05-15T12:45:25Z;-1508;;239
2024-05-15T12:45:26Z;-1494;;253
2024-05-15T12:45:29Z;;1796;302
2024-05-15T12:45:30Z;-1996;;-200
2024-05-15T12:45:33Z;;2037;41
2024-05-15T12:45:35Z;-1910;;127
2024-05-15T12:45:36Z;;1780;-130
2024-05-15T12:45:38Z;-1517;;263
2024-05-15T12:45:39Z;;1475;-42
2024-05-15T12:45:41Z;;1587;70
2024-05-15T12:45:43Z;;1287;-230
2024-05-15T12:45:45Z;;1181;-336
2024-05-15T12:45:47Z;-1170;;11
2024-05-15T12:46:06Z;-1288;1357;-107
2024-05-15T12:46:07Z;-1194;;163
2024-05-15T12:46:09Z;;1091;-103
2024-05-15T12:46:15Z;-895;;196
2024-05-15T12:46:23Z;;896;1
2024-05-15T12:46:55Z;251;;1147
2024-05-15T12:47:28Z;;902;1153
2024-05-15T12:47:53Z;-898;;4
2024-05-15T12:48:09Z;;1208;310
2024-05-15T12:48:12Z;-1222;;-14
2024-05-15T12:48:13Z;;1832;610
2024-05-15T12:48:14Z;-2024;;-192
2024-05-15T12:48:15Z;-1346;2122;98
2024-05-15T12:48:17Z;;1493;147
2024-05-15T12:48:19Z;-1159;;334
2024-05-15T12:48:23Z;-1228;;265
2024-05-15T12:48:24Z;;1500;272
2024-05-15T12:48:25Z;-1744;;-244
2024-05-15T12:48:28Z;;1945;201
2024-05-15T12:48:29Z;-1432;1733;513
2024-05-15T12:48:31Z;-1168;;565
2024-05-15T12:48:32Z;;1387;219
2024-05-15T12:48:37Z;;1192;24
2024-05-15T12:49:04Z;-900;;292
2024-05-15T12:49:22Z;-896;;296
2024-05-15T12:49:28Z;-914;;278
2024-05-15T12:49:49Z;;1194;280
2024-05-15T12:49:52Z;-936;;258
2024-05-15T12:49:53Z;;1184;248
2024-05-15T12:49:55Z;-908;;276
2024-05-15T12:49:58Z;-883;;301
2024-05-15T12:50:11Z;;1205;322
2024-05-15T12:50:29Z;-1083;;122
2024-05-15T12:50:33Z;-896;;309
2024-05-15T12:50:50Z;-1061;;144
2024-05-15T12:51:01Z;;1528;467
2024-05-15T12:51:04Z;-1540;;-12
2024-05-15T12:51:05Z;;1889;349
2024-05-15T12:51:06Z;-1976;;-87
2024-05-15T12:51:07Z;;2230;254
2024-05-15T12:51:08Z;-1937;;293
2024-05-15T12:51:09Z;;2109;172
2024-05-15T12:51:11Z;;2145;208
2024-05-15T12:51:14Z;-2134;;11
2024-05-15T12:51:15Z;-2088;;57
2024-05-15T12:51:19Z;;2042;-46
2024-05-15T12:51:20Z;-1781;;261
2024-05-15T12:51:22Z;-1494;;548
2024-05-15T12:51:23Z;;1730;236
2024-05-15T12:51:28Z;-1596;1802;134
2024-05-15T12:51:30Z;-1929;2129;-127
2024-05-15T12:51:31Z;-2201;;-72
2024-05-15T12:51:33Z;-1669;2440;239
2024-05-15T12:51:34Z;-1454;;986
2024-05-15T12:51:36Z;;1810;356
2024-05-15T12:51:37Z;-1157;;653
2024-05-15T12:51:38Z;;1616;459
2024-05-15T12:51:40Z;;1425;268
2024-05-15T12:51:44Z;;1190;33
2024-05-15T12:53:07Z;;1191;34
2024-05-15T12:53:18Z;-1171;;20
2024-05-15T12:53:21Z;-1363;1556;-172
2024-05-15T12:53:23Z;-2106;1862;-550
2024-05-15T12:53:25Z;;2347;241
2024-05-15T12:53:27Z;;2963;857
2024-05-15T12:53:28Z;-2216;;747
2024-05-15T12:53:31Z;-1632;2445;1331
2024-05-15T12:53:33Z;-1480;2196;965
2024-05-15T12:53:35Z;;1799;319
2024-05-15T12:53:36Z;;1875;395
2024-05-15T12:53:38Z;-1516;2792;359
2024-05-15T12:53:40Z;;3325;1809
2024-05-15T12:53:42Z;;2982;1466
2024-05-15T12:53:43Z;;2318;802
2024-05-15T12:53:45Z;-1802;2441;516
2024-05-15T12:53:46Z;-3094;;-653
2024-05-15T12:53:47Z;-2871;;-430
2024-05-15T12:53:48Z;-2154;;287
2024-05-15T12:53:49Z;;1881;-273
2024-05-15T12:53:50Z;-2423;;-542
2024-05-15T12:53:51Z;-1780;;101
2024-05-15T12:53:52Z;-1475;1653;406
2024-05-15T12:53:53Z;-1559;;94
2024-05-15T12:53:54Z;-1368;;285
2024-05-15T12:53:55Z;-1179;;474
2024-05-15T12:53:56Z;;1416;237
2024-05-15T12:53:58Z;;1201;22
2024-05-15T12:54:01Z;-684;;517
2024-05-15T12:54:02Z;-950;;251
2024-05-15T12:54:03Z;;1329;379
2024-05-15T12:54:05Z;;1103;153
2024-05-15T12:54:10Z;-897;;206
2024-05-15T12:54:56Z;-895;;208
2024-05-15T12:55:10Z;;1200;305
2024-05-15T12:55:33Z;-1190;;10
2024-05-15T12:55:45Z;;1526;336
2024-05-15T12:55:48Z;-1769;1975;-243
2024-05-15T12:55:50Z;-1872;;103
2024-05-15T12:55:52Z;-2690;;-715
2024-05-15T12:55:53Z;-2190;;-215
2024-05-15T12:55:55Z;-1685;;290
2024-05-15T12:56:01Z;-2018;;-43
2024-05-15T12:56:07Z;-2112;;-137
2024-05-15T12:56:10Z;-2788;;-813
2024-05-15T12:56:11Z;-3172;;-1197
2024-05-15T12:56:18Z;-2821;;-846
2024-05-15T12:56:19Z;-2529;;-554
2024-05-15T12:56:21Z;-2377;;-402
2024-05-15T12:56:22Z;-1993;;-18
2024-05-15T12:56:24Z;-2103;;-128
2024-05-15T12:56:26Z;-2742;;-767
2024-05-15T12:56:27Z;-2515;;-540
2024-05-15T12:56:31Z;-1373;;602
2024-05-15T12:56:32Z;-1222;;753
2024-05-15T12:56:54Z;-896;;1079
2024-05-15T12:57:37Z;-898;;1077
2024-05-15T12:57:56Z;-912;;1063
2024-05-15T12:59:14Z;-891;;1084
2024-05-15T12:59:15Z;;1200;309
2024-05-15T12:59:37Z;-1235;;-35
2024-05-15T12:59:40Z;;1503;268
2024-05-15T12:59:46Z;-1644;1827;-141
2024-05-15T12:59:47Z;-1417;;410
2024-05-15T13:00:05Z;;1489;72
2024-05-15T13:00:08Z;;1477;60
2024-05-15T13:00:09Z;;1529;112
2024-05-15T13:00:14Z;-1319;;210
2024-05-15T13:00:17Z;;1810;491
2024-05-15T13:00:18Z;-1737;;73
2024-05-15T13:00:19Z;;2192;455
2024-05-15T13:00:20Z;-1750;;442
2024-05-15T13:00:22Z;-1423;;769
2024-05-15T13:00:30Z;-1197;;995
2024-05-15T13:00:44Z;-1193;;999
2024-05-15T13:00:54Z;;1515;322
2024-05-15T13:01:07Z;-1483;;32
2024-05-15T13:01:16Z;-1475;;40
2024-05-15T13:01:19Z;-1505;;10
2024-05-15T13:01:26Z;-1526;;-11
2024-05-15T13:01:28Z;-1551;;-36
2024-05-15T13:01:30Z;;1857;306
2024-05-15T13:01:32Z;;1693;142
2024-05-15T13:01:33Z;-1384;;309
2024-05-15T13:01:35Z;;1486;102
2024-05-15T13:01:43Z;;1512;128
2024-05-15T13:01:47Z;;1467;83
2024-05-15T13:01:52Z;-1161;;306
2024-05-15T13:02:01Z;;1198;37
2024-05-15T13:02:30Z;-893;;305
2024-05-15T13:02:57Z;;899;6
2024-05-15T13:03:25Z;-614;;285
2024-05-15T13:03:41Z;-578;;321
2024-05-15T13:03:51Z;;904;326
2024-05-15T13:04:29Z;-909;;-5
2024-05-15T13:04:32Z;;1200;291
2024-05-15T13:04:37Z;-1183;;17
2024-05-15T13:04:39Z;;1520;337
2024-05-15T13:04:42Z;-1727;;-207
2024-05-15T13:04:43Z;;1884;157
2024-05-15T13:04:45Z;;1774;47
2024-05-15T13:04:47Z;-1503;;271
2024-05-15T13:04:49Z;-1458;;316
2024-05-15T13:04:50Z;;1800;342
2024-05-15T13:04:51Z;-1789;;11
2024-05-15T13:04:52Z;;2437;648
2024-05-15T13:04:53Z;-1638;;799
2024-05-15T13:04:56Z;;1775;137
2024-05-15T13:04:58Z;;1431;-207
2024-05-15T13:05:00Z;;1509;-129
2024-05-15T13:05:01Z;-1600;;-91
2024-05-15T13:05:03Z;-1218;1363;291
2024-05-15T13:05:08Z;;1183;-35
2024-05-15T13:05:18Z;-877;;306
2024-05-15T13:05:19Z;;861;-16
2024-05-15T13:05:21Z;;1016;139
2024-05-15T13:05:44Z;;894;17
2024-05-15T13:05:46Z;;903;26
2024-05-15T13:05:50Z;;897;20
2024-05-15T13:05:52Z;;904;27
2024-05-15T13:05:54Z;;897;20
2024-05-15T13:05:56Z;;909;32
2024-05-15T13:06:34Z;-899;;10
2024-05-15T13:06:36Z;-894;;15
2024-05-15T13:06:41Z;-897;;12
2024-05-15T13:06:48Z;-885;;24
2024-05-15T13:06:57Z;-885;;24
2024-05-15T13:07:28Z;-899;;10
2024-05-15T13:08:31Z;;1204;305
2024-05-15T13:08:43Z;-1207;;-3
2024-05-15T13:08:50Z;;1589;382
2024-05-15T13:08:51Z;-1634;;-45
2024-05-15T13:08:52Z;-1484;;105
2024-05-15T13:08:55Z;;1454;-30
2024-05-15T13:09:06Z;-1300;;154
2024-05-15T13:09:07Z;;1735;435
2024-05-15T13:09:09Z;;1804;504
2024-05-15T13:09:11Z;;1774;474
2024-05-15T13:09:12Z;-1428;1588;346
2024-05-15T13:09:13Z;-1730;;-142
2024-05-15T13:09:15Z;-1279;;309
2024-05-15T13:09:16Z;;1712;433
2024-05-15T13:09:19Z;;1160;-119
2024-05-15T13:09:28Z;-907;;253
2024-05-15T13:09:44Z;;898;-9
2024-05-15T13:10:53Z;;900;-7
2024-05-15T13:11:04Z;-909;;-9
2024-05-15T13:11:15Z;;1215;306
2024-05-15T13:11:19Z;-1200;;15
2024-05-15T13:11:21Z;-1646;1790;-431
2024-05-15T13:11:23Z;;2168;522
2024-05-15T13:11:25Z;-2012;;156
2024-05-15T13:11:26Z;-2219;;-51
2024-05-15T13:11:27Z;-2098;;70
2024-05-15T13:11:29Z;-2161;;7
2024-05-15T13:11:30Z;-2267;2432;-99
2024-05-15T13:11:32Z;-2541;2898;631
2024-05-15T13:11:33Z;-2954;;-56
2024-05-15T13:11:35Z;-3086;;-188
2024-05-15T13:11:36Z;;3153;67
2024-05-15T13:11:37Z;-2950;;203
2024-05-15T13:11:38Z;;2621;-329
2024-05-15T13:11:40Z;;2896;-54
2024-05-15T13:11:41Z;-2246;;650
2024-05-15T13:11:42Z;-1861;;1035
2024-05-15T13:11:43Z;;2414;553
2024-05-15T13:11:44Z;;2020;159
2024-05-15T13:11:46Z;;1762;-99
2024-05-15T13:11:49Z;-1423;;339
2024-05-15T13:11:51Z;-1484;;278
2024-05-15T13:11:52Z;-1580;;182
2024-05-15T13:11:53Z;;2496;916
2024-05-15T13:11:54Z;-2690;;-194
2024-05-15T13:11:55Z;-2930;;-434
2024-05-15T13:11:56Z;-2694;;-198
2024-05-15T13:11:58Z;;2882;188
2024-05-15T13:12:00Z;;3125;431
2024-05-15T13:12:01Z;;2892;198
2024-05-15T13:12:02Z;-2842;;50
2024-05-15T13:12:03Z;;2639;-203
2024-05-15T13:12:05Z;-3088;;-449
2024-05-15T13:12:06Z;-2815;;-176
2024-05-15T13:12:07Z;;2860;45
2024-05-15T13:12:08Z;-3060;;-200
2024-05-15T13:12:09Z;-2828;;32
2024-05-15T13:12:10Z;;2695;-133
2024-05-15T13:12:12Z;-2166;2845;17
2024-05-15T13:12:13Z;;3031;865
2024-05-15T13:12:15Z;;2681;515
2024-05-15T13:12:16Z;-2492;;189
2024-05-15T13:12:17Z;-3036;;-355
2024-05-15T13:12:18Z;-2949;;-268
2024-05-15T13:12:20Z;-3131;;-450
2024-05-15T13:12:21Z;-2941;;-260
2024-05-15T13:12:26Z;-2288;;393
2024-05-15T13:12:27Z;-2042;;639
2024-05-15T13:12:39Z;-1634;;1047
2024-05-15T13:12:41Z;-1491;;1190
2024-05-15T13:12:59Z;-1446;;1235
2024-05-15T13:13:02Z;-1951;;730
2024-05-15T13:13:04Z;-1687;;994
2024-05-15T13:13:08Z;-1739;;942
2024-05-15T13:13:10Z;-1573;;1108
2024-05-15T13:14:02Z;-1633;;1048
2024-05-15T13:14:03Z;-2334;;347
2024-05-15T13:14:04Z;-2425;;256
2024-05-15T13:14:06Z;-2263;;418
2024-05-15T13:14:07Z;-2645;;36
2024-05-15T13:14:08Z;-2776;;-95
2024-05-15T13:14:09Z;-3091;;-410
2024-05-15T13:14:13Z;-2929;;-248
2024-05-15T13:14:14Z;-3031;;-350
2024-05-15T13:14:15Z;-2846;;-165
2024-05-15T13:14:17Z;-3109;;-428
2024-05-15T13:14:22Z;-2681;;0
2024-05-15T13:14:23Z;-1934;;747
2024-05-15T13:14:24Z;-1414;;1267
2024-05-15T13:15:01Z;-1323;;1358
2024-05-15T13:15:03Z;-2944;;-263
2024-05-15T13:15:06Z;-3074;;-393
2024-05-15T13:15:08Z;;3282;208
2024-05-15T13:15:09Z;;3284;210
2024-05-15T13:15:12Z;-3104;;180
2024-05-15T13:15:14Z;;1431;-1673
2024-05-15T13:15:15Z;;2102;-1002
2024-05-15T13:15:17Z;;2245;-859
2024-05-15T13:15:19Z;-3047;3134;-802
2024-05-15T13:15:20Z;-3052;;82
2024-05-15T13:15:21Z;-2928;;206
2024-05-15T13:15:22Z;-1817;3310;382
2024-05-15T13:15:26Z;;3268;1451
2024-05-15T13:15:27Z;-1766;;1502
2024-05-15T13:15:28Z;;3328;1562
2024-05-15T13:15:29Z;-2518;;810
2024-05-15T13:15:31Z;-2026;3238;720
2024-05-15T13:15:32Z;;1984;-42
2024-05-15T13:15:34Z;;2217;191
2024-05-15T13:15:35Z;-2482;1927;-265
2024-05-15T13:15:37Z;;1786;-696
2024-05-15T13:15:39Z;-2322;;-536
2024-05-15T13:15:40Z;-2123;;-337
2024-05-15T13:15:41Z;;2652;529
2024-05-15T13:15:42Z;;2839;716
2024-05-15T13:15:44Z;;2190;67
2024-05-15T13:15:46Z;;2648;525
2024-05-15T13:15:48Z;;2716;593
2024-05-15T13:15:49Z;;2261;138
2024-05-15T13:15:50Z;-2495;;-234
2024-05-15T13:15:51Z;-2035;;226
2024-05-15T13:15:52Z;-1381;;880
2024-05-15T13:15:53Z;;2044;663
2024-05-15T13:15:55Z;;2476;1095
2024-05-15T13:15:57Z;;2203;822
2024-05-15T13:15:59Z;;1999;618
2024-05-15T13:16:01Z;;1485;104
2024-05-15T13:16:12Z;;1500;119
2024-05-15T13:16:16Z;;1897;516
2024-05-15T13:16:17Z;-1525;;372
2024-05-15T13:16:18Z;-2050;2194;-153
2024-05-15T13:16:20Z;;2723;673
2024-05-15T13:16:22Z;-1961;;762
2024-05-15T13:16:23Z;-2392;;331
2024-05-15T13:16:24Z;-2284;;439
2024-05-15T13:16:29Z;-2181;;542
2024-05-15T13:16:30Z;-2029;;694
2024-05-15T13:16:32Z;-1872;;851
2024-05-15T13:16:40Z;-1462;;1261
2024-05-15T13:17:01Z;-1533;;1190
2024-05-15T13:17:03Z;-1900;;823
2024-05-15T13:17:05Z;-2781;;-58
2024-05-15T13:17:07Z;-3013;;-290
2024-05-15T13:17:09Z;-2945;;-222
2024-05-15T13:17:10Z;-1967;;756
2024-05-15T13:17:11Z;-1567;;1156
2024-05-15T13:17:24Z;-1513;;1210
2024-05-15T13:17:31Z;-1214;;1509
2024-05-15T13:17:34Z;-1198;;1525
2024-05-15T13:17:37Z;-1188;;1535
2024-05-15T13:17:45Z;-910;;1813
2024-05-15T13:18:36Z;-893;;1830
2024-05-15T13:18:49Z;;1216;323
2024-05-15T13:18:53Z;-1217;;-1
2024-05-15T13:18:54Z;-1834;1916;699
2024-05-15T13:18:55Z;-2969;;-1053
2024-05-15T13:18:57Z;-3005;3149;180
2024-05-15T13:18:58Z;-2984;;165
2024-05-15T13:19:01Z;-2520;;629
2024-05-15T13:19:02Z;-1976;;1173
2024-05-15T13:19:03Z;;2727;751
2024-05-15T13:19:05Z;;2168;192
2024-05-15T13:19:07Z;;2056;80
2024-05-15T13:19:08Z;;2217;241
2024-05-15T13:19:09Z;-2703;;-486
2024-05-15T13:19:10Z;-3022;2085;-805
2024-05-15T13:19:12Z;;2174;-848
2024-05-15T13:19:14Z;;2871;-151
2024-05-15T13:19:16Z;;3221;199
2024-05-15T13:19:24Z;;2864;-158
2024-05-15T13:19:26Z;;2864;-158
2024-05-15T13:19:27Z;;1841;-1181
2024-05-15T13:19:28Z;-2623;;-782
2024-05-15T13:19:29Z;;1412;-1211
2024-05-15T13:19:32Z;-2325;;-913
2024-05-15T13:19:33Z;-1270;;142
2024-05-15T13:19:34Z;-1182;;230
2024-05-15T13:19:48Z;;1196;14
2024-05-15T13:20:25Z;;1215;33
2024-05-15T13:20:30Z;-1202;;13
2024-05-15T13:20:31Z;;1364;162
2024-05-15T13:20:32Z;-1681;;-317
2024-05-15T13:20:33Z;-2744;;-1380
2024-05-15T13:20:34Z;;2931;593
2024-05-15T13:20:35Z;-2338;;-974
2024-05-15T13:20:36Z;-1691;;-327
2024-05-15T13:20:37Z;-1903;;1028
2024-05-15T13:20:38Z;-1470;2540;1461
2024-05-15T13:20:40Z;;1834;364
2024-05-15T13:20:42Z;-1944;1640;170
2024-05-15T13:20:43Z;;1809;-135
2024-05-15T13:20:45Z;;1640;-304
2024-05-15T13:20:47Z;;1386;-558
2024-05-15T13:21:00Z;-1311;;75
2024-05-15T13:21:01Z;;2600;1289
2024-05-15T13:21:02Z;-2917;;-317
2024-05-15T13:21:04Z;-2517;;83
2024-05-15T13:21:05Z;-2067;;533
2024-05-15T13:21:07Z;-1452;3117;1148
2024-05-15T13:21:08Z;-1437;;1680
2024-05-15T13:21:09Z;-2668;;449
2024-05-15T13:21:11Z;;2720;52
2024-05-15T13:21:13Z;-2210;;510
2024-05-15T13:21:14Z;;1600;-610
2024-05-15T13:21:15Z;-1459;2239;141
2024-05-15T13:21:17Z;;2862;1403
2024-05-15T13:21:19Z;;2431;972
2024-05-15T13:21:20Z;-1222;;1209
2024-05-15T13:21:21Z;;2710;1488
2024-05-15T13:21:23Z;;2405;1183
2024-05-15T13:21:25Z;;2066;844
2024-05-15T13:21:26Z;;1622;400
2024-05-15T13:21:28Z;;1441;219
2024-05-15T13:21:30Z;;1196;-26
2024-05-15T13:21:48Z;-904;;292
2024-05-15T13:21:49Z;-899;;297
2024-05-15T13:22:02Z;;1213;314
2024-05-15T13:22:03Z;-1276;;-63
2024-05-15T13:22:04Z;-2525;;-1312
2024-05-15T13:22:05Z;;2662;137
2024-05-15T13:22:06Z;;2992;467
2024-05-15T13:22:18Z;;3009;484
2024-05-15T13:22:20Z;;2982;457
2024-05-15T13:22:27Z;;3003;478
2024-05-15T13:22:34Z;;2990;465
2024-05-15T13:22:36Z;-2732;;258
2024-05-15T13:22:38Z;-2722;;268
2024-05-15T13:22:39Z;;3002;280
2024-05-15T13:22:40Z;-2574;;428
2024-05-15T13:22:42Z;;2785;211
2024-05-15T13:22:43Z;;2551;-23
2024-05-15T13:22:45Z;-2809;2770;-258
2024-05-15T13:22:47Z;;3034;225
2024-05-15T13:22:49Z;;2933;124
2024-05-15T13:22:51Z;;3034;225
2024-05-15T13:23:02Z;-2720;;314
2024-05-15T13:23:03Z;;2923;203
2024-05-15T13:23:04Z;-2070;2542;853
2024-05-15T13:23:06Z;;2278;208
2024-05-15T13:23:08Z;-1576;1725;-345
2024-05-15T13:23:09Z;-1270;1409;455
2024-05-15T13:23:13Z;-1218;;191
2024-05-15T13:23:15Z;;1189;-29
2024-05-15T13:23:27Z;-898;;291
2024-05-15T13:23:38Z;;894;-4
2024-05-15T13:24:17Z;;908;10
2024-05-15T13:24:25Z;-921;;-13
2024-05-15T13:24:28Z;-1496;;-588
2024-05-15T13:24:29Z;-2416;;-1508
2024-05-15T13:24:30Z;;1618;-798
2024-05-15T13:24:32Z;-2715;2571;-1097
2024-05-15T13:24:34Z;;2765;50
2024-05-15T13:24:36Z;-2288;2486;-229
2024-05-15T13:24:37Z;-1485;;1001
2024-05-15T13:24:38Z;;2486;1001
2024-05-15T13:24:39Z;-1165;1642;1321
2024-05-15T13:24:41Z;;1191;26
2024-05-15T13:24:44Z;;1226;61
2024-05-15T13:24:49Z;-1199;;27
2024-05-15T13:24:51Z;;1506;307
2024-05-15T13:24:52Z;-2272;;-766
2024-05-15T13:24:53Z;;2425;153
2024-05-15T13:24:54Z;-2801;;-376
2024-05-15T13:24:55Z;;2847;46
2024-05-15T13:25:09Z;;3003;202
2024-05-15T13:25:13Z;-2779;2966;187
2024-05-15T13:25:15Z;-2163;2340;803
2024-05-15T13:25:17Z;;1997;-166
2024-05-15T13:25:19Z;;2284;121
2024-05-15T13:25:21Z;;2026;-137
2024-05-15T13:25:22Z;-1842;;184
2024-05-15T13:25:23Z;-2122;;-96
2024-05-15T13:25:24Z;-1875;2270;148
2024-05-15T13:25:25Z;-2125;;145
2024-05-15T13:25:26Z;-1930;;340
2024-05-15T13:25:28Z;-1728;;542
2024-05-15T13:25:29Z;-1880;;390
2024-05-15T13:25:30Z;-1437;;833
2024-05-15T13:25:37Z;-1642;;628
2024-05-15T13:25:38Z;-2639;;-369
2024-05-15T13:25:39Z;-2399;;-129
2024-05-15T13:25:44Z;-2652;;-382
2024-05-15T13:25:45Z;-2773;;-503
2024-05-15T13:25:46Z;-2238;;32
2024-05-15T13:25:47Z;-2000;;270
2024-05-15T13:25:49Z;-2218;;52
2024-05-15T13:25:52Z;-1925;;345
2024-05-15T13:25:54Z;-1318;;952
2024-05-15T13:25:55Z;-1527;;743
2024-05-15T13:25:57Z;-2555;;-285
2024-05-15T13:25:58Z;-2023;;247
2024-05-15T13:26:00Z;-1554;;716
2024-05-15T13:26:02Z;-1823;;447
2024-05-15T13:26:04Z;-1391;;879
2024-05-15T13:26:05Z;-1441;;829
2024-05-15T13:26:09Z;-1903;;367
2024-05-15T13:26:11Z;-2431;;-161
2024-05-15T13:26:14Z;-1564;;706
2024-05-15T13:26:16Z;-2337;;-67
2024-05-15T13:26:21Z;-2286;;-16
2024-05-15T13:26:24Z;-2558;;-288
2024-05-15T13:26:36Z;-2262;;8
2024-05-15T13:26:38Z;-1642;;628
2024-05-15T13:26:40Z;-2117;;153
2024-05-15T13:26:42Z;-1203;;1067
2024-05-15T13:26:45Z;-1432;;838
2024-05-15T13:26:47Z;-1268;;1002
2024-05-15T13:26:50Z;-1587;;683
2024-05-15T13:26:51Z;-1879;;391
2024-05-15T13:26:52Z;-1937;;333
2024-05-15T13:26:54Z;-2607;;-337
2024-05-15T13:26:57Z;-1958;;312
2024-05-15T13:26:59Z;-1736;;534
2024-05-15T13:27:02Z;-1255;;1015
2024-05-15T13:27:03Z;-1907;;363
2024-05-15T13:27:04Z;-1058;;1212
2024-05-15T13:27:05Z;-841;;1429
2024-05-15T13:27:18Z;-862;;1408
2024-05-15T13:27:20Z;-1193;;1077
2024-05-15T13:27:21Z;-1310;;960
2024-05-15T13:27:23Z;-2288;;-18
2024-05-15T13:27:25Z;-1552;;718
2024-05-15T13:27:27Z;-935;;1335
2024-05-15T13:27:28Z;-887;;1383
2024-05-15T13:27:43Z;-1128;;1142
2024-05-15T13:27:44Z;-1128;;1142
2024-05-15T13:27:45Z;-2426;;-156
2024-05-15T13:27:46Z;-2282;;-12
2024-05-15T13:27:47Z;-2403;;-133
2024-05-15T13:27:48Z;-2390;;-120
2024-05-15T13:27:50Z;-2414;;-144
2024-05-15T13:27:51Z;-2389;;-119
2024-05-15T13:27:57Z;-2050;;220
2024-05-15T13:27:58Z;-1798;;472
2024-05-15T13:27:59Z;-1410;;860
2024-05-15T13:28:04Z;-1068;;1202
2024-05-15T13:28:05Z;-1023;;1247
2024-05-15T13:28:23Z;-855;;1415
2024-05-15T13:28:24Z;-1033;;1237
2024-05-15T13:28:26Z;-1023;;1247
2024-05-15T13:28:31Z;-593;;1677
2024-05-15T13:28:41Z;-613;;1657
2024-05-15T13:28:43Z;-1911;;359
2024-05-15T13:28:45Z;-1102;;1168
2024-05-15T13:28:47Z;-670;;1600
2024-05-15T13:29:04Z;-693;;1577
2024-05-15T13:29:06Z;-1198;;1072
2024-05-15T13:29:08Z;-2292;;-22
2024-05-15T13:29:22Z;-1936;;334
2024-05-15T13:29:24Z;-1469;;801
2024-05-15T13:29:25Z;-1924;;346
2024-05-15T13:29:29Z;-1741;;529
2024-05-15T13:29:30Z;-2056;;214
2024-05-15T13:29:31Z;-2269;;1
2024-05-15T13:30:03Z;-2400;;-130
2024-05-15T13:30:04Z;;2465;65
2024-05-15T13:30:07Z;;2544;144
2024-05-15T13:30:08Z;;2088;-312
2024-05-15T13:30:10Z;;1616;-784
2024-05-15T13:30:12Z;-2423;;-807
2024-05-15T13:30:13Z;;2234;-189
2024-05-15T13:30:14Z;;2467;44
2024-05-15T13:30:17Z;;2615;192
2024-05-15T13:30:18Z;-2203;;412
2024-05-15T13:30:19Z;-1877;;738
2024-05-15T13:30:21Z;-799;2361;484
2024-05-15T13:30:23Z;;1132;333
2024-05-15T13:30:25Z;;881;82
2024-05-15T13:30:30Z;-779;916;137
2024-05-15T13:30:32Z;;1296;517
2024-05-15T13:30:34Z;-1147;;149
2024-05-15T13:30:35Z;-1369;;-73
2024-05-15T13:30:37Z;-2401;1526;-1105
2024-05-15T13:30:39Z;;2056;-345
2024-05-15T13:30:41Z;;2583;182
2024-05-15T13:30:42Z;-2382;;201
2024-05-15T13:30:43Z;-1962;2123;621
2024-05-15T13:30:44Z;-2109;;14
2024-05-15T13:30:45Z;-1436;;687
2024-05-15T13:30:46Z;;1569;133
2024-05-15T13:30:48Z;;1497;61
2024-05-15T13:30:49Z;-1135;948;-488
2024-05-15T13:30:51Z;-808;;140
2024-05-15T13:30:53Z;;896;88
2024-05-15T13:30:56Z;;907;99
2024-05-15T13:31:00Z;-943;;-36
2024-05-15T13:31:03Z;-883;;24
2024-05-15T13:31:04Z;-930;;-23
2024-05-15T13:31:06Z;-755;882;152
2024-05-15T13:31:29Z;;914;159
2024-05-15T13:31:31Z;-894;;20
2024-05-15T13:31:32Z;;1354;460
2024-05-15T13:31:33Z;-1462;;-108
2024-05-15T13:31:35Z;-2295;1702;240
2024-05-15T13:31:36Z;;2158;-137
2024-05-15T13:31:37Z;-1450;;708
2024-05-15T13:31:38Z;;2514;1064
2024-05-15T13:31:40Z;;1611;161
2024-05-15T13:31:42Z;;1339;-111
2024-05-15T13:31:43Z;;1150;-300
2024-05-15T13:31:45Z;-871;;279
2024-05-15T13:31:47Z;;895;24
2024-05-15T13:31:55Z;-597;;298
2024-05-15T13:32:07Z;-589;;306
2024-05-15T13:32:17Z;-741;;154
2024-05-15T13:32:18Z;;1272;531
2024-05-15T13:32:19Z;-2036;;-764
2024-05-15T13:32:21Z;-1746;2252;216
2024-05-15T13:32:22Z;;2451;705
2024-05-15T13:32:24Z;;1886;140
2024-05-15T13:32:25Z;-1033;;853
2024-05-15T13:32:27Z;;1441;408
2024-05-15T13:32:28Z;;1182;149
2024-05-15T13:32:30Z;-1108;1202;169
2024-05-15T13:32:32Z;;1167;59
2024-05-15T13:32:33Z;;1219;111
2024-05-15T13:32:35Z;;2403;1295
2024-05-15T13:32:41Z;;2372;1264
2024-05-15T13:32:43Z;;2438;1330
2024-05-15T13:32:45Z;;2371;1263
2024-05-15T13:32:47Z;;2432;1324
2024-05-15T13:34:08Z;-94;;2338
2024-05-15T13:34:38Z;296;2051;2347
2024-05-15T13:34:40Z;;2432;2728
2024-05-15T13:34:43Z;-74;;2358
2024-05-15T13:34:50Z;-2368;;64
2024-05-15T13:36:09Z;-2384;;48
2024-05-15T13:36:12Z;-2316;;116
2024-05-15T13:36:13Z;;1965;-351
2024-05-15T13:36:14Z;-1791;;174
2024-05-15T13:36:16Z;-1946;2120;19
2024-05-15T13:36:18Z;;2044;98
2024-05-15T13:36:19Z;;1776;-170
2024-05-15T13:36:21Z;-1607;1977;169
2024-05-15T13:36:23Z;;2293;686
2024-05-15T13:36:25Z;;2507;900
2024-05-15T13:36:27Z;-2101;;406
2024-05-15T13:36:28Z;-2390;;117
2024-05-15T13:36:29Z;;1823;-567
2024-05-15T13:36:30Z;-1907;;-84
2024-05-15T13:36:31Z;;1197;-710
2024-05-15T13:36:32Z;-914;;283
2024-05-15T13:36:37Z;-883;;314
2024-05-15T13:36:40Z;-948;;249
2024-05-15T13:36:47Z;-1072;1230;125
2024-05-15T13:36:48Z;-1341;;-111
2024-05-15T13:36:50Z;-2386;;-1156
2024-05-15T13:36:51Z;;2557;171
2024-05-15T13:37:39Z;;2397;11
2024-05-15T13:37:44Z;;2404;18
2024-05-15T13:37:46Z;;2396;10
2024-05-15T13:37:48Z;;2407;21
2024-05-15T13:37:49Z;;2391;5
2024-05-15T13:38:55Z;;2412;26
2024-05-15T13:39:20Z;;2366;-20
2024-05-15T13:39:21Z;-2110;;256
2024-05-15T13:39:24Z;;2082;-28
2024-05-15T13:39:27Z;;1576;-534
2024-05-15T13:39:28Z;-1816;;-240
2024-05-15T13:39:29Z;;1362;-454
2024-05-15T13:39:31Z;;1506;-310
2024-05-15T13:39:33Z;;1492;-324
2024-05-15T13:39:35Z;;2000;184
2024-05-15T13:39:36Z;;1898;82
2024-05-15T13:39:37Z;-1426;;472
2024-05-15T13:39:38Z;-1822;;76
2024-05-15T13:39:39Z;-1748;;150
2024-05-15T13:39:40Z;;2166;418
2024-05-15T13:39:42Z;;2410;662
2024-05-15T13:39:43Z;-1959;;451
2024-05-15T13:39:46Z;;2398;439
2024-05-15T13:39:48Z;;2401;442
2024-05-15T13:39:50Z;;2394;435
2024-05-15T13:40:28Z;;2400;441
2024-05-15T13:40:30Z;;2397;438
2024-05-15T13:40:32Z;;2406;447
2024-05-15T13:40:41Z;;2374;415
2024-05-15T13:40:44Z;-2062;;312
2024-05-15T13:40:48Z;-1970;;404
2024-05-15T13:40:49Z;;2372;402
2024-05-15T13:40:50Z;-2159;;213
2024-05-15T13:40:51Z;;2447;288
2024-05-15T13:41:02Z;;2391;232
2024-05-15T13:41:04Z;;2429;270
2024-05-15T13:41:06Z;;2406;247
2024-05-15T13:41:07Z;;2324;165
2024-05-15T13:41:09Z;;2425;266
2024-05-15T13:41:12Z;;2506;347
2024-05-15T13:41:54Z;;2398;239
2024-05-15T13:41:55Z;-2173;;225
2024-05-15T13:41:57Z;-2258;2446;140
2024-05-15T13:41:59Z;;2086;-172
2024-05-15T13:42:01Z;;2117;-141
2024-05-15T13:42:02Z;;1996;-262
2024-05-15T13:42:04Z;-1925;1402;71
2024-05-15T13:42:05Z;-1862;;-460
2024-05-15T13:42:06Z;-1152;1175;23
2024-05-15T13:42:08Z;-1153;;22
2024-05-15T13:42:10Z;-1625;;-450
2024-05-15T13:42:12Z;-2314;;-1139
2024-05-15T13:42:13Z;;1335;-979
2024-05-15T13:42:15Z;;1807;-507
2024-05-15T13:42:16Z;;2519;205
2024-05-15T13:42:33Z;;2399;85
2024-05-15T13:42:35Z;;2413;99
2024-05-15T13:42:40Z;;2396;82
2024-05-15T13:42:48Z;;2401;87
2024-05-15T13:42:54Z;-2024;2225;201
2024-05-15T13:42:56Z;-1788;1955;437
2024-05-15T13:42:58Z;-1004;;951
2024-05-15T13:42:59Z;;1506;502
2024-05-15T13:43:00Z;-891;1180;615
2024-05-15T13:43:04Z;-920;;260
2024-05-15T13:43:05Z;-1275;;-95
2024-05-15T13:43:06Z;-2081;;-901
2024-05-15T13:43:07Z;;1471;-610
2024-05-15T13:43:08Z;-1539;;-68
2024-05-15T13:43:09Z;-1056;;415
2024-05-15T13:43:10Z;-820;;651
2024-05-15T13:43:11Z;;2312;1492
2024-05-15T13:43:12Z;;1980;1160
2024-05-15T13:43:15Z;;1713;893
2024-05-15T13:43:16Z;;1009;189
2024-05-15T13:43:18Z;;1009;189
2024-05-15T13:43:21Z;;896;76
2024-05-15T13:43:23Z;;907;87
2024-05-15T13:43:25Z;;896;76
2024-05-15T13:44:17Z;;926;106
2024-05-15T13:44:19Z;-1143;1306;-217
2024-05-15T13:44:21Z;-2232;;-926
2024-05-15T13:44:22Z;;1883;-349
2024-05-15T13:44:23Z;;2422;190
2024-05-15T13:44:25Z;;2331;99
2024-05-15T13:44:26Z;-2140;;191
2024-05-15T13:44:27Z;;2099;-41
2024-05-15T13:44:28Z;-1507;;592
2024-05-15T13:44:29Z;-1220;;879
2024-05-15T13:44:31Z;;1618;398
2024-05-15T13:44:32Z;-923;;695
2024-05-15T13:44:35Z;;1350;427
2024-05-15T13:44:37Z;;1099;176
2024-05-15T13:44:38Z;-885;1092;214
2024-05-15T13:44:40Z;;1672;787
2024-05-15T13:44:42Z;;2030;1145
2024-05-15T13:44:44Z;;1774;889
2024-05-15T13:44:46Z;;1899;1014
2024-05-15T13:44:47Z;-1489;1712;410
2024-05-15T13:44:49Z;;1337;-152
2024-05-15T13:44:51Z;-1872;1093;-396
2024-05-15T13:44:52Z;-1636;;-543
2024-05-15T13:44:53Z;-1449;;-356
2024-05-15T13:44:54Z;-930;;163
2024-05-15T13:44:55Z;;878;-52
2024-05-15T13:45:05Z;;767;-163
2024-05-15T13:45:12Z;-608;;159
2024-05-15T13:45:28Z;-797;938;-30
2024-05-15T13:45:30Z;;1224;427
2024-05-15T13:45:31Z;-1621;;-397
2024-05-15T13:45:33Z;;1819;198
2024-05-15T13:45:35Z;-1525;2242;621
2024-05-15T13:45:36Z;;1996;471
2024-05-15T13:45:37Z;-1862;;134
2024-05-15T13:45:38Z;;1669;-193
2024-05-15T13:45:40Z;;1813;-49
2024-05-15T13:45:42Z;;2107;245
2024-05-15T13:45:43Z;;2099;237
2024-05-15T13:45:45Z;-1618;2144;481
2024-05-15T13:45:47Z;-1157;;987
2024-05-15T13:45:48Z;;2011;854
2024-05-15T13:45:49Z;;1763;606
2024-05-15T13:45:51Z;-931;1287;832
2024-05-15T13:45:53Z;;1077;146
2024-05-15T13:45:55Z;-883;;194
2024-05-15T13:45:56Z;-1388;1310;427
2024-05-15T13:45:57Z;;1757;369
2024-05-15T13:45:59Z;;1328;-60
2024-05-15T13:46:01Z;;1018;-370
2024-05-15T13:46:03Z;-1223;893;-205
2024-05-15T13:46:04Z;-945;;-52
2024-05-15T13:46:05Z;-602;;291
2024-05-15T13:46:11Z;-509;;384
2024-05-15T13:46:16Z;;910;401
2024-05-15T13:46:17Z;-834;;76
2024-05-15T13:46:19Z;;1124;290
2024-05-15T13:46:20Z;-1357;;-233
2024-05-15T13:46:22Z;-1064;;60
2024-05-15T13:46:23Z;;1646;582
2024-05-15T13:46:24Z;-835;;811
2024-05-15T13:46:26Z;;1087;252
2024-05-15T13:46:32Z;-910;;177
2024-05-15T13:46:33Z;-1326;;-239
2024-05-15T13:46:34Z;-1585;;-498
2024-05-15T13:46:35Z;;1489;-96
2024-05-15T13:46:36Z;-1950;;-461
2024-05-15T13:46:37Z;;1784;-166
2024-05-15T13:46:39Z;;1848;-102
2024-05-15T13:46:40Z;-1768;2109;80
2024-05-15T13:46:42Z;;1942;174
2024-05-15T13:46:44Z;;2192;424
2024-05-15T13:46:46Z;-1894;;298
2024-05-15T13:46:47Z;-2180;;12
2024-05-15T13:46:49Z;-1975;;217
2024-05-15T13:47:03Z;;2405;430
2024-05-15T13:47:05Z;;2394;419
2024-05-15T13:47:10Z;-2164;;230
2024-05-15T13:47:16Z;-1859;2035;535
2024-05-15T13:47:18Z;-1978;;57
2024-05-15T13:47:19Z;;2253;275
2024-05-15T13:47:20Z;;1865;-113
2024-05-15T13:47:22Z;;1759;-219
2024-05-15T13:47:24Z;;1814;-164
2024-05-15T13:47:25Z;;2338;360
2024-05-15T13:47:27Z;-1693;2559;645
2024-05-15T13:47:37Z;;2384;691
2024-05-15T13:47:39Z;;2484;791
2024-05-15T13:47:41Z;;2380;687
2024-05-15T13:47:43Z;;2461;768
2024-05-15T13:47:44Z;;2383;690
2024-05-15T13:47:46Z;-1930;;453
2024-05-15T13:47:47Z;;2474;544
2024-05-15T13:47:48Z;;2085;155
2024-05-15T13:47:50Z;;2190;260
2024-05-15T13:47:52Z;;2061;131
2024-05-15T13:47:53Z;;1395;-535
2024-05-15T13:47:55Z;-1265;1187;130
2024-05-15T13:48:00Z;-899;;288
2024-05-15T13:48:18Z;;899;0
2024-05-15T13:48:47Z;-600;;299
2024-05-15T13:49:06Z;;598;-2
2024-05-15T13:49:37Z;;601;1
2024-05-15T13:50:51Z;;597;-3
2024-05-15T13:51:40Z;;602;2
2024-05-15T13:52:03Z;-597;;5
2024-05-15T13:52:26Z;803;;1405
2024-05-15T13:52:27Z;-510;;92
2024-05-15T13:52:47Z;-605;;-3
2024-05-15T13:52:55Z;;906;301
2024-05-15T13:53:33Z;;895;290
2024-05-15T13:53:35Z;;904;299
2024-05-15T13:53:38Z;;898;293
2024-05-15T13:53:49Z;-605;;293
2024-05-15T13:57:30Z;;600;-5
2024-05-15T13:59:59Z;-300;;300
2024-05-15T14:00:05Z;;543;243
2024-05-15T14:00:12Z;-284;;259
2024-05-15T14:01:23Z;-300;;243
2024-05-15T14:01:24Z;-292;;251
2024-05-15T14:01:26Z;-303;;240
2024-05-15T14:01:54Z;;604;301
2024-05-15T14:02:42Z;-403;;201
2024-05-15T14:02:43Z;-126;444;478
2024-05-15T14:02:45Z;;659;533
2024-05-15T14:05:15Z;;598;472
2024-05-15T14:05:17Z;;602;476
2024-05-15T14:05:19Z;;594;468
2024-05-15T14:06:32Z;117;;711
2024-05-15T14:06:33Z;-311;;283
2024-05-15T14:06:34Z;-270;;324
2024-05-15T14:06:37Z;;145;-125
2024-05-15T14:06:38Z;;562;292
2024-05-15T14:06:58Z;;602;332
2024-05-15T14:07:00Z;;597;327
2024-05-15T14:07:02Z;;608;338
2024-05-15T14:07:17Z;;599;329
2024-05-15T14:07:19Z;;607;337
2024-05-15T14:07:33Z;;598;328
2024-05-15T14:07:35Z;;600;330
2024-05-15T14:07:37Z;;599;329
2024-05-15T14:07:56Z;;602;332
2024-05-15T14:07:58Z;;598;328
2024-05-15T14:08:00Z;;607;337
2024-05-15T14:10:54Z;;597;327
2024-05-15T14:13:44Z;-307;;290
2024-05-15T14:14:55Z;-327;;270
2024-05-15T14:15:05Z;;402;75
2024-05-15T14:15:12Z;-356;;46
2024-05-15T14:16:25Z;-304;;98
2024-05-15T14:16:37Z;-268;;134
2024-05-15T14:16:38Z;;668;400
2024-05-15T14:16:40Z;;319;51
2024-05-15T14:16:42Z;;299;31
2024-05-15T14:16:44Z;-452;301;-153
2024-05-15T14:16:46Z;;299;-153
2024-05-15T14:18:38Z;;304;-148
2024-05-15T14:18:40Z;;299;-153
2024-05-15T14:18:42Z;;301;-151
2024-05-15T14:19:01Z;-298;;3
2024-05-15T14:19:02Z;-300;;1
2024-05-15T14:19:04Z;-296;;5
2024-05-15T14:19:07Z;-295;;6
2024-05-15T14:19:08Z;-297;;4
2024-05-15T14:20:10Z;-403;;-102
2024-05-15T14:20:32Z;-410;;-109
2024-05-15T14:21:21Z;-167;;134
2024-05-15T14:21:39Z;-238;;63
2024-05-15T14:23:22Z;-298;;3
2024-05-15T14:23:23Z;-302;;-1
2024-05-15T14:23:26Z;-299;;2
2024-05-15T14:23:27Z;-305;;-4
2024-05-15T14:23:29Z;-298;;3
2024-05-15T14:23:49Z;-299;;2
2024-05-15T14:23:51Z;-294;;7
2024-05-15T14:23:56Z;-295;;6
2024-05-15T14:23:58Z;-302;;-1
2024-05-15T14:24:00Z;-295;;6
2024-05-15T14:24:05Z;-301;;0
2024-05-15T14:24:12Z;-297;;4
2024-05-15T14:24:15Z;-297;;4
2024-05-15T14:24:24Z;-300;;1
2024-05-15T14:25:13Z;-304;;-3
2024-05-15T14:25:14Z;-304;;-3
2024-05-15T14:25:16Z;-296;;5
2024-05-15T14:25:22Z;-301;;0
2024-05-15T14:26:47Z;-302;;-1
2024-05-15T14:26:51Z;-295;;6
2024-05-15T14:26:53Z;-302;;-1
2024-05-15T14:26:55Z;-51;;250
2024-05-15T14:26:58Z;-317;;-16
2024-05-15T14:30:05Z;;389;72
2024-05-15T14:30:12Z;-356;;33
2024-05-15T14:31:01Z;-296;;93
2024-05-15T14:31:02Z;-296;;93
2024-05-15T14:31:10Z;-299;;90
2024-05-15T14:32:57Z;;296;-3
2024-05-15T14:32:59Z;;296;-3
2024-05-15T14:33:06Z;;175;-124
2024-05-15T14:33:08Z;;300;1
2024-05-15T14:33:21Z;;177;-122
2024-05-15T14:33:24Z;;307;8
2024-05-15T14:33:53Z;;297;-2
2024-05-15T14:33:55Z;;305;6
2024-05-15T14:33:57Z;;299;0
2024-05-15T14:33:59Z;;300;1
2024-05-15T14:35:13Z;-295;;5
2024-05-15T14:35:14Z;-297;;3
2024-05-15T14:35:16Z;-301;;-1
2024-05-15T14:35:18Z;-298;;2
2024-05-15T14:35:26Z;-299;;1
2024-05-15T14:35:30Z;-301;;-1
2024-05-15T14:35:36Z;-297;;3
2024-05-15T14:35:38Z;-305;;-5
2024-05-15T14:35:41Z;-305;;-5
2024-05-15T14:36:10Z;-307;;-7
2024-05-15T14:36:11Z;-299;;1
2024-05-15T14:36:18Z;-307;;-7
2024-05-15T14:36:20Z;-297;;3
2024-05-15T14:36:36Z;-298;;2
2024-05-15T14:36:37Z;-305;;-5
2024-05-15T14:36:45Z;-296;;4
2024-05-15T14:36:47Z;-301;;-1
2024-05-15T14:36:49Z;-299;;1
2024-05-15T14:36:50Z;-301;;-1
2024-05-15T14:36:57Z;-294;;6
2024-05-15T14:36:58Z;-301;;-1
2024-05-15T14:36:59Z;-289;;399
2024-05-15T14:37:01Z;-611;;77
2024-05-15T14:37:02Z;-287;;13
2024-05-15T14:37:03Z;-302;;386
2024-05-15T14:37:04Z;-295;;5
2024-05-15T14:37:06Z;;688;393
2024-05-15T14:37:07Z;;331;36
2024-05-15T14:37:10Z;-306;;25
2024-05-15T14:37:12Z;-300;;31
2024-05-15T14:37:13Z;-298;;33
2024-05-15T14:37:16Z;-301;;30
2024-05-15T14:37:23Z;-299;;32
2024-05-15T14:37:27Z;-300;;31
2024-05-15T14:37:31Z;-302;;29
2024-05-15T14:37:37Z;-300;;31
2024-05-15T14:37:40Z;-295;;36
2024-05-15T14:37:44Z;-303;;28
2024-05-15T14:39:00Z;;298;-5
2024-05-15T14:47:07Z;;269;-34
2024-05-15T14:47:10Z;-239;;30
2024-05-15T14:55:13Z;;301;62
2024-05-15T14:55:14Z;;302;63
2024-05-15T14:55:16Z;;305;66
2024-05-15T14:56:33Z;;299;60
2024-05-15T14:56:35Z;;307;68
2024-05-15T14:56:42Z;;298;59
2024-05-15T14:56:44Z;;307;68
2024-05-15T14:56:52Z;;299;60
2024-05-15T14:56:54Z;;308;69
2024-05-15T14:57:08Z;-401;;-93
2024-05-15T14:57:09Z;-272;;36
2024-05-15T14:57:40Z;;295;23
2024-05-15T15:00:05Z;;212;-60
2024-05-15T15:00:12Z;-172;;40
2024-05-15T15:01:28Z;;293;121
2024-05-15T15:01:46Z;-306;;-13
2024-05-15T15:02:00Z;37;;330
2024-05-15T15:03:21Z;-293;;0
2024-05-15T15:03:23Z;-300;;-7
2024-05-15T15:03:25Z;-304;;-11
2024-05-15T15:03:29Z;-308;;-15
2024-05-15T15:03:31Z;-279;;14
2024-05-15T15:05:14Z;;604;325
2024-05-15T15:05:16Z;;595;316
2024-05-15T15:05:18Z;;602;323
2024-05-15T15:05:20Z;;597;318
2024-05-15T15:05:22Z;;607;328
2024-05-15T15:06:28Z;;598;319
2024-05-15T15:06:30Z;;604;325
2024-05-15T15:06:36Z;;599;320
2024-05-15T15:08:31Z;-298;;301
2024-05-15T15:08:33Z;-303;;296
2024-05-15T15:08:39Z;-296;;303
2024-05-15T15:09:34Z;-291;;308
2024-05-15T15:13:05Z;-301;;298
2024-05-15T15:13:07Z;-303;;296
2024-05-15T15:13:10Z;-300;;299
2024-05-15T15:15:05Z;;314;14
2024-05-15T15:15:12Z;-169;;145
2024-05-15T15:18:22Z;;137;-32
2024-05-15T15:18:24Z;;411;242
2024-05-15T15:18:26Z;;149;-20
2024-05-15T15:18:27Z;;408;239
2024-05-15T15:18:29Z;;275;106
2024-05-15T15:18:31Z;;412;243
2024-05-15T15:19:05Z;24;;436
2024-05-15T15:19:06Z;-255;;157
2024-05-15T15:20:11Z;-347;;65
2024-05-15T15:21:28Z;-304;;108
2024-05-15T15:21:30Z;-294;;118
2024-05-15T15:21:32Z;-300;;112
2024-05-15T15:21:34Z;-298;;114
2024-05-15T15:21:36Z;-300;;112
2024-05-15T15:22:19Z;;297;-3
2024-05-15T15:22:21Z;;303;3
2024-05-15T15:22:30Z;;294;-6
2024-05-15T15:22:31Z;;300;0
2024-05-15T15:22:38Z;;299;-1
2024-05-15T15:22:41Z;;300;0
2024-05-15T15:22:43Z;;299;-1
2024-05-15T15:22:45Z;;300;0
2024-05-15T15:22:46Z;;293;-7
2024-05-15T15:22:51Z;;300;0
2024-05-15T15:22:53Z;;294;-6
2024-05-15T15:23:01Z;;300;0
2024-05-15T15:23:05Z;;296;-4
2024-05-15T15:23:07Z;;306;6
2024-05-15T15:23:36Z;-292;;14
2024-05-15T15:23:38Z;-304;;2
2024-05-15T15:23:40Z;-296;;10
2024-05-15T15:23:42Z;-307;;-1
2024-05-15T15:23:44Z;-299;;7
2024-05-15T15:23:46Z;-310;;-4
2024-05-15T15:23:48Z;-297;;9
2024-05-15T15:25:14Z;-306;;0
2024-05-15T15:25:17Z;-304;;2
2024-05-15T15:25:24Z;-300;;6
2024-05-15T15:26:57Z;;292;-8
2024-05-15T15:27:01Z;;308;8
2024-05-15T15:27:38Z;-286;;22
2024-05-15T15:27:39Z;-309;;-1
2024-05-15T15:27:43Z;-293;;15
2024-05-15T15:27:45Z;-305;;3
2024-05-15T15:27:48Z;-309;;-1
2024-05-15T15:30:05Z;;596;287
2024-05-15T15:30:12Z;-558;;38
2024-05-15T15:33:29Z;;149;-409
2024-05-15T15:33:31Z;;417;-141
2024-05-15T15:37:45Z;-516;;-99
2024-05-15T15:37:46Z;-127;;290
2024-05-15T15:40:38Z;;600;473
2024-05-15T15:40:40Z;;595;468
2024-05-15T15:40:46Z;;601;474
2024-05-15T15:40:48Z;;594;467
2024-05-15T15:42:30Z;;600;473
2024-05-15T15:42:32Z;;594;467
2024-05-15T15:42:34Z;;604;477
2024-05-15T15:42:40Z;;599;472
2024-05-15T15:42:42Z;;600;473
2024-05-15T15:43:01Z;-596;;4
2024-05-15T15:43:03Z;-605;;-5
2024-05-15T15:43:04Z;-598;;2
2024-05-15T15:43:15Z;-604;;-4
2024-05-15T15:43:16Z;-596;;4
2024-05-15T15:43:24Z;-595;;5
2024-05-15T15:43:26Z;-606;;-6
2024-05-15T15:45:05Z;;658;52
2024-05-15T15:45:12Z;-612;;46
2024-05-15T15:48:04Z;-1009;;-351
2024-05-15T15:48:05Z;-813;936;-73
2024-05-15T15:48:06Z;;854;41
2024-05-15T15:48:28Z;;347;-466
2024-05-15T15:48:30Z;;838;25
2024-05-15T15:51:18Z;-599;;239
2024-05-15T15:51:47Z;;598;-1
2024-05-15T15:52:26Z;-453;;145
2024-05-15T15:52:47Z;-205;;393
2024-05-15T15:53:30Z;-390;;208
2024-05-15T15:53:49Z;-273;;325
2024-05-15T16:00:05Z;;382;109
2024-05-15T16:00:14Z;-335;;47
2024-05-15T16:00:24Z;-300;;82
2024-05-15T16:00:38Z;;299;-1
2024-05-15T16:04:19Z;;306;6
2024-05-15T16:04:21Z;;296;-4
2024-05-15T16:04:23Z;;304;4
2024-05-15T16:04:26Z;;298;-2
2024-05-15T16:04:28Z;;306;6
2024-05-15T16:04:31Z;;297;-3
2024-05-15T16:04:33Z;;302;2
2024-05-15T16:04:41Z;;295;-5
2024-05-15T16:04:43Z;;311;11
2024-05-15T16:04:50Z;;306;6
2024-05-15T16:04:52Z;;307;7
2024-05-15T16:05:28Z;-292;;15
2024-05-15T16:05:32Z;-296;;11
2024-05-15T16:05:33Z;-304;;3
2024-05-15T16:06:40Z;-304;;3
2024-05-15T16:06:42Z;-295;;12
2024-05-15T16:06:44Z;-297;;10
2024-05-15T16:07:07Z;;295;-2
2024-05-15T16:08:18Z;-181;;114
2024-05-15T16:08:19Z;;508;327
2024-05-15T16:08:21Z;;230;49
2024-05-15T16:08:22Z;-454;;-224
2024-05-15T16:09:52Z;;301;-153
2024-05-15T16:09:54Z;;295;-159
2024-05-15T16:09:55Z;;306;-148
2024-05-15T16:10:07Z;-302;;4
2024-05-15T16:10:08Z;-292;;14
2024-05-15T16:10:10Z;-302;;4
2024-05-15T16:11:20Z;900;;1206
2024-05-15T16:11:21Z;-248;;58
2024-05-15T16:13:19Z;;295;47
2024-05-15T16:14:42Z;0;;295
2024-05-15T16:14:52Z;4;;299
2024-05-15T16:14:54Z;0;;295
2024-05-15T16:14:57Z;0;;295
2024-05-15T16:15:01Z;1;;296
2024-05-15T16:15:05Z;;178;179
2024-05-15T16:15:07Z;1;;179
2024-05-15T16:15:09Z;2;;180
2024-05-15T16:15:11Z;0;;178
2024-05-15T16:15:14Z;1;;179
2024-05-15T16:15:15Z;0;;178
2024-05-15T16:15:41Z;0;;178
2024-05-15T16:15:49Z;-4;;174
2024-05-15T16:15:59Z;0;;178
2024-05-15T16:18:22Z;174;;352
2024-05-15T16:18:24Z;43;;221
2024-05-15T16:19:28Z;81;;259
2024-05-15T16:23:28Z;1;;179
2024-05-15T16:23:29Z;0;;178
2024-05-15T16:23:30Z;4;;182
2024-05-15T16:27:33Z;0;;178
2024-05-15T16:29:04Z;7;552;552
2024-05-15T16:29:06Z;;175;182
2024-05-15T16:30:05Z;;180;187
2024-05-15T16:30:12Z;-143;;37
2024-05-15T16:45:05Z;;226;83
2024-05-15T16:45:12Z;-197;;29
2024-05-15T16:49:07Z;;300;103
2024-05-15T16:49:09Z;;293;96
2024-05-15T16:49:11Z;;302;105
2024-05-15T16:49:13Z;;295;98
2024-05-15T16:49:15Z;;304;107
2024-05-15T16:49:17Z;;298;101
2024-05-15T16:49:19Z;;301;104
2024-05-15T16:49:23Z;;291;94
2024-05-15T16:49:25Z;;302;105
2024-05-15T16:49:39Z;;296;99
2024-05-15T16:49:41Z;;308;111
2024-05-15T16:51:04Z;-271;;37
2024-05-15T16:51:05Z;;614;343
2024-05-15T16:51:07Z;;326;55
2024-05-15T16:51:08Z;-330;;-4
2024-05-15T16:51:47Z;-298;;28
2024-05-15T16:51:48Z;-304;;22
2024-05-15T16:51:55Z;-298;;28
2024-05-15T16:51:57Z;-303;;23
2024-05-15T16:54:33Z;;299;-4
2024-05-15T16:54:35Z;;307;4
2024-05-15T16:54:46Z;;298;-5
2024-05-15T16:54:48Z;;302;-1
2024-05-15T16:54:55Z;;303;0
2024-05-15T16:54:57Z;;301;-2
2024-05-15T16:55:06Z;;294;-9
2024-05-15T16:55:09Z;;300;-3
2024-05-15T16:55:11Z;;299;-4
2024-05-15T16:55:13Z;;304;1
2024-05-15T16:55:15Z;;299;-4
2024-05-15T16:55:22Z;;303;0
2024-05-15T16:55:25Z;;298;-5
2024-05-15T16:55:29Z;;300;-3
2024-05-15T16:55:36Z;;296;-7
2024-05-15T16:55:38Z;;301;-2
2024-05-15T16:55:46Z;;299;-4
2024-05-15T16:55:48Z;;304;1
2024-05-15T16:55:56Z;;299;-4
2024-05-15T16:55:58Z;;302;-1
2024-05-15T16:56:07Z;;293;-10
2024-05-15T16:56:12Z;;301;-2
2024-05-15T16:56:14Z;;296;-7
2024-05-15T17:00:05Z;;221;-82
2024-05-15T17:00:12Z;-176;;45
2024-05-15T17:01:06Z;139;;360
2024-05-15T17:01:07Z;-173;;48
2024-05-15T17:06:49Z;;299;126
2024-05-15T17:06:52Z;;299;126
2024-05-15T17:06:54Z;;300;127
2024-05-15T17:06:56Z;;292;119
2024-05-15T17:06:57Z;;301;128
2024-05-15T17:07:18Z;;297;124
2024-05-15T17:07:20Z;;304;131
2024-05-15T17:07:26Z;;298;125
2024-05-15T17:07:28Z;;302;129
2024-05-15T17:07:32Z;;298;125
2024-05-15T17:15:05Z;;207;34
2024-05-15T17:15:12Z;-172;;35
2024-05-15T17:21:23Z;38;0;245
2024-05-15T17:21:24Z;-139;;-139
2024-05-15T17:21:25Z;;175;36
2024-05-15T17:21:43Z;1273;;1448
2024-05-15T17:28:29Z;-4;;171
2024-05-15T17:28:30Z;1;;176
2024-05-15T17:28:33Z;-1;;174
2024-05-15T17:28:34Z;3;;178
2024-05-15T17:29:57Z;0;;175
2024-05-15T17:29:58Z;8;;183
2024-05-15T17:30:05Z;;141;149
2024-05-15T17:30:12Z;10;;185
2024-05-15T17:34:57Z;0;;141
2024-05-15T17:34:58Z;2;;143
2024-05-15T17:35:02Z;4;;145
2024-05-15T17:35:04Z;1;;142
2024-05-15T17:35:07Z;0;;141
2024-05-15T17:35:32Z;0;;141
2024-05-15T17:35:45Z;-1;;140
2024-05-15T17:35:47Z;1;;142
2024-05-15T17:35:48Z;0;;141
2024-05-15T17:35:49Z;1;;142
2024-05-15T17:39:43Z;42;;183
2024-05-15T17:41:38Z;;482;524
2024-05-15T17:41:40Z;;127;169
2024-05-15T17:45:01Z;172;;299
2024-05-15T17:45:05Z;;121;293
2024-05-15T17:45:12Z;118;;239
2024-05-15T17:45:20Z;126;;247
2024-05-15T17:46:02Z;139;;260
2024-05-15T17:46:23Z;-55;;66
2024-05-15T17:47:35Z;106;;227
2024-05-15T17:47:57Z;-20;;101
2024-05-15T17:49:37Z;219;;340
2024-05-15T17:49:57Z;-26;;95
2024-05-15T17:50:45Z;246;;367
2024-05-15T17:51:05Z;171;;292
2024-05-15T17:52:31Z;466;;587
2024-05-15T17:52:33Z;59;;180
2024-05-15T17:56:28Z;2;;123
2024-05-15T17:56:29Z;0;;121
2024-05-15T17:56:31Z;0;;121
2024-05-15T17:56:33Z;0;;121
2024-05-15T17:56:38Z;0;;121
2024-05-15T17:56:45Z;-5;;116
2024-05-15T17:56:51Z;1;;122
2024-05-15T17:56:52Z;0;;121
2024-05-15T17:57:00Z;0;;121
2024-05-15T17:57:15Z;-1;;120
2024-05-15T17:57:18Z;-1;;120
2024-05-15T17:57:25Z;-1;;120
2024-05-15T17:57:27Z;-1;;120
2024-05-15T17:57:29Z;1;;122
2024-05-15T17:57:30Z;0;;121
2024-05-15T17:57:34Z;-5;;116
2024-05-15T17:57:40Z;-6;;115
2024-05-15T17:57:56Z;-1;;120
2024-05-15T17:57:59Z;-1;;120
2024-05-15T17:59:21Z;0;;121
2024-05-15T17:59:39Z;9;;130
2024-05-15T17:59:40Z;0;;121
2024-05-15T17:59:41Z;1;;122
2024-05-15T17:59:42Z;0;;121
2024-05-15T17:59:44Z;2;;123
2024-05-15T17:59:57Z;0;;121
2024-05-15T17:59:59Z;2;;123
2024-05-15T18:00:03Z;4;;125
2024-05-15T18:00:05Z;5;;126
2024-05-15T18:00:07Z;;33;38
2024-05-15T18:00:09Z;4;;125
2024-05-15T18:00:12Z;5;;38
2024-05-15T18:00:15Z;6;;39
2024-05-15T18:00:17Z;6;;39
2024-05-15T18:00:54Z;0;;33
2024-05-15T18:00:55Z;8;;41
2024-05-15T18:00:58Z;0;;33
2024-05-15T18:00:59Z;6;;39
2024-05-15T18:01:06Z;0;;33
2024-05-15T18:01:07Z;7;;40
2024-05-15T18:01:46Z;0;;33
2024-05-15T18:01:47Z;9;;42
2024-05-15T18:02:36Z;24;;57
2024-05-15T18:02:37Z;;385;409
2024-05-15T18:02:39Z;;25;49
2024-05-15T18:02:41Z;13;;38
2024-05-15T18:05:17Z;;0;13
2024-05-15T18:05:19Z;;1;14
2024-05-15T18:05:21Z;;0;13
2024-05-15T18:12:03Z;302;;302
2024-05-15T18:12:05Z;265;;265
2024-05-15T18:12:58Z;308;;308
2024-05-15T18:13:01Z;257;;257
2024-05-15T18:15:05Z;;0;257
2024-05-15T18:15:12Z;54;;54
2024-05-15T18:26:47Z;1252;;1252
2024-05-15T18:27:42Z;2859;;2859
2024-05-15T18:27:43Z;1380;;1380
2024-05-15T18:30:05Z;;0;1380
2024-05-15T18:30:12Z;1326;;1326
2024-05-15T18:41:11Z;210;;210
2024-05-15T18:43:51Z;374;;374
2024-05-15T18:43:52Z;240;;240
2024-05-15T18:44:40Z;344;;344
2024-05-15T18:44:45Z;212;;212
2024-05-15T18:44:57Z;347;;347
2024-05-15T18:45:01Z;211;;211
2024-05-15T18:45:05Z;;0;211
2024-05-15T18:45:12Z;209;;209
2024-05-15T19:00:05Z;;0;209
2024-05-15T19:00:12Z;204;;204
2024-05-15T19:06:20Z;333;;333
2024-05-15T19:07:07Z;230;;230
2024-05-15T19:15:05Z;;0;230
2024-05-15T19:15:12Z;96;;96
2024-05-15T19:30:05Z;;0;96
2024-05-15T19:30:12Z;64;;64
2024-05-15T19:35:03Z;1443;;1443
2024-05-15T19:35:04Z;200;;200
2024-05-15T19:45:05Z;;0;200
2024-05-15T19:45:12Z;180;;180
2024-05-15T20:00:05Z;;0;180
2024-05-15T20:00:12Z;62;;62
2024-05-15T20:12:55Z;328;;328
2024-05-15T20:12:57Z;275;;275
2024-05-15T20:13:55Z;334;;334
2024-05-15T20:13:57Z;284;;284
2024-05-15T20:15:05Z;;0;284
2024-05-15T20:15:12Z;73;;73
2024-05-15T20:19:40Z;684;;684
2024-05-15T20:19:41Z;207;;207
2024-05-15T20:30:05Z;;0;207
2024-05-15T20:30:12Z;179;;179
2024-05-15T20:34:28Z;392;;392
2024-05-15T20:34:30Z;296;;296
2024-05-15T20:34:37Z;301;;301
2024-05-15T20:34:41Z;299;;299
2024-05-15T20:34:46Z;312;;312
2024-05-15T20:34:59Z;298;;298
2024-05-15T20:35:41Z;312;;312
2024-05-15T20:35:42Z;294;;294
2024-05-15T20:35:49Z;315;;315
2024-05-15T20:35:50Z;299;;299
2024-05-15T20:36:05Z;301;;301
2024-05-15T20:36:09Z;299;;299
2024-05-15T20:36:11Z;300;;300
2024-05-15T20:36:15Z;291;;291
2024-05-15T20:36:25Z;301;;301
2024-05-15T20:36:30Z;299;;299
2024-05-15T20:36:58Z;313;;313
2024-05-15T20:37:05Z;298;;298
2024-05-15T20:37:18Z;300;;300
2024-05-15T20:37:20Z;292;;292
2024-05-15T20:37:21Z;304;;304
2024-05-15T20:37:29Z;292;;292
2024-05-15T20:37:32Z;301;;301
2024-05-15T20:37:35Z;293;;293
2024-05-15T20:37:37Z;303;;303
2024-05-15T20:37:42Z;299;;299
2024-05-15T20:37:44Z;300;;300
2024-05-15T20:38:12Z;299;;299
2024-05-15T20:38:21Z;305;;305
2024-05-15T20:38:32Z;299;;299
2024-05-15T20:38:33Z;316;;316
2024-05-15T20:39:00Z;299;;299
2024-05-15T20:39:01Z;308;;308
2024-05-15T20:39:07Z;294;;294
2024-05-15T20:39:08Z;308;;308
2024-05-15T20:39:20Z;293;;293
2024-05-15T20:39:22Z;317;;317
2024-05-15T20:39:35Z;293;;293
2024-05-15T20:39:39Z;306;;306
2024-05-15T20:39:58Z;298;;298
2024-05-15T20:39:59Z;307;;307
2024-05-15T20:40:09Z;299;;299
2024-05-15T20:40:11Z;312;;312
2024-05-15T20:40:18Z;294;;294
2024-05-15T20:40:33Z;300;;300
2024-05-15T20:40:34Z;299;;299
2024-05-15T20:40:38Z;300;;300
2024-05-15T20:41:17Z;296;;296
2024-05-15T20:41:18Z;308;;308
2024-05-15T20:41:20Z;297;;297
2024-05-15T20:41:22Z;307;;307
2024-05-15T20:41:24Z;297;;297
2024-05-15T20:41:32Z;307;;307
2024-05-15T20:41:36Z;297;;297
2024-05-15T20:41:38Z;303;;303
2024-05-15T20:42:07Z;299;;299
2024-05-15T20:42:08Z;300;;300
2024-05-15T20:44:04Z;296;;296
2024-05-15T20:44:05Z;311;;311
2024-05-15T20:45:05Z;;0;311
2024-05-15T20:45:13Z;311;;311
2024-05-15T20:48:07Z;249;;249
2024-05-15T20:48:08Z;321;;321
2024-05-15T20:48:17Z;299;;299
2024-05-15T20:48:18Z;301;;301
2024-05-15T20:48:20Z;297;;297
2024-05-15T20:48:25Z;303;;303
2024-05-15T20:48:30Z;294;;294
2024-05-15T20:48:34Z;301;;301
2024-05-15T20:48:36Z;295;;295
2024-05-15T20:48:40Z;301;;301
2024-05-15T20:48:49Z;298;;298
2024-05-15T20:48:50Z;301;;301
2024-05-15T20:49:00Z;299;;299
2024-05-15T20:49:07Z;301;;301
2024-05-15T20:49:08Z;294;;294
2024-05-15T20:49:17Z;306;;306
2024-05-15T20:49:29Z;244;;244
2024-05-15T20:49:32Z;311;;311
2024-05-15T20:49:33Z;277;;277
2024-05-15T20:49:34Z;313;;313
2024-05-15T20:49:36Z;299;;299
2024-05-15T20:49:44Z;326;;326
2024-05-15T20:51:42Z;287;;287
2024-05-15T20:51:44Z;315;;315
2024-05-15T20:51:45Z;298;;298
2024-05-15T20:51:46Z;316;;316
2024-05-15T20:51:48Z;291;;291
2024-05-15T20:51:49Z;313;;313
2024-05-15T20:51:50Z;295;;295
2024-05-15T20:51:53Z;312;;312
2024-05-15T20:51:54Z;295;;295
2024-05-15T20:51:55Z;303;;303
2024-05-15T20:51:57Z;293;;293
2024-05-15T20:51:58Z;300;;300
2024-05-15T20:51:59Z;294;;294
2024-05-15T20:52:28Z;301;;301
2024-05-15T20:52:29Z;288;;288
2024-05-15T20:52:33Z;300;;300
2024-05-15T20:52:35Z;291;;291
2024-05-15T21:00:05Z;;0;291
2024-05-15T21:00:12Z;177;;177
2024-05-15T21:15:05Z;;0;177
2024-05-15T21:15:12Z;195;;195
2024-05-15T21:30:05Z;;0;195
2024-05-15T21:30:12Z;190;;190
2024-05-15T21:39:48Z;436;;436
2024-05-15T21:39:50Z;296;;296
2024-05-15T21:40:11Z;300;;300
2024-05-15T21:40:15Z;299;;299
2024-05-15T21:40:28Z;310;;310
2024-05-15T21:40:29Z;290;;290
2024-05-15T21:41:21Z;301;;301
2024-05-15T21:41:23Z;299;;299
2024-05-15T21:41:26Z;300;;300
2024-05-15T21:41:27Z;299;;299
2024-05-15T21:41:46Z;300;;300
2024-05-15T21:41:47Z;298;;298
2024-05-15T21:41:48Z;302;;302
2024-05-15T21:41:49Z;299;;299
2024-05-15T21:41:50Z;312;;312
2024-05-15T21:41:57Z;296;;296
2024-05-15T21:42:07Z;306;;306
2024-05-15T21:42:16Z;294;;294
2024-05-15T21:42:18Z;300;;300
2024-05-15T21:42:20Z;296;;296
2024-05-15T21:42:23Z;302;;302
2024-05-15T21:42:25Z;298;;298
2024-05-15T21:42:28Z;303;;303
2024-05-15T21:42:29Z;295;;295
2024-05-15T21:42:32Z;308;;308
2024-05-15T21:42:37Z;288;;288
2024-05-15T21:42:40Z;303;;303
2024-05-15T21:42:47Z;291;;291
2024-05-15T21:43:35Z;304;;304
2024-05-15T21:43:36Z;280;;280
2024-05-15T21:43:52Z;303;;303
2024-05-15T21:43:54Z;298;;298
2024-05-15T21:44:22Z;303;;303
2024-05-15T21:44:25Z;287;;287
2024-05-15T21:44:31Z;303;;303
2024-05-15T21:44:33Z;286;;286
2024-05-15T21:44:47Z;309;;309
2024-05-15T21:44:48Z;283;;283
2024-05-15T21:44:51Z;302;;302
2024-05-15T21:44:52Z;291;;291
2024-05-15T21:45:05Z;;0;291
2024-05-15T21:45:12Z;286;;286
2024-05-15T21:45:14Z;302;;302
2024-05-15T21:45:22Z;293;;293
2024-05-15T21:45:23Z;301;;301
2024-05-15T21:45:30Z;290;;290
2024-05-15T21:45:54Z;303;;303
2024-05-15T21:45:55Z;297;;297
2024-05-15T21:46:06Z;307;;307
2024-05-15T21:46:07Z;299;;299
2024-05-15T21:46:08Z;312;;312
2024-05-15T21:46:16Z;253;;253
2024-05-15T21:46:22Z;307;;307
2024-05-15T21:46:23Z;286;;286
2024-05-15T21:46:30Z;303;;303
2024-05-15T21:46:31Z;279;;279
2024-05-15T21:46:34Z;300;;300
2024-05-15T21:46:35Z;287;;287
2024-05-15T21:46:38Z;301;;301
2024-05-15T21:46:40Z;298;;298
2024-05-15T21:46:45Z;306;;306
2024-05-15T21:46:47Z;297;;297
2024-05-15T21:46:51Z;305;;305
2024-05-15T21:46:53Z;292;;292
2024-05-15T21:47:04Z;300;;300
2024-05-15T21:47:08Z;292;;292
2024-05-15T21:47:13Z;300;;300
2024-05-15T21:47:14Z;284;;284
2024-05-15T21:47:18Z;300;;300
2024-05-15T21:47:20Z;289;;289
2024-05-15T21:47:52Z;314;;314
2024-05-15T21:47:54Z;284;;284
2024-05-15T21:47:59Z;301;;301
2024-05-15T21:48:01Z;291;;291
2024-05-15T21:48:11Z;302;;302
2024-05-15T21:48:12Z;298;;298
2024-05-15T21:48:14Z;300;;300
2024-05-15T21:48:15Z;288;;288
2024-05-15T21:48:16Z;301;;301
2024-05-15T21:48:18Z;288;;288
2024-05-15T21:48:21Z;302;;302
2024-05-15T21:48:22Z;287;;287
2024-05-15T21:48:26Z;303;;303
2024-05-15T21:48:27Z;299;;299
2024-05-15T21:48:38Z;305;;305
2024-05-15T21:48:39Z;252;;252
2024-05-15T21:48:52Z;301;;301
2024-05-15T21:48:55Z;290;;290
2024-05-15T21:49:00Z;301;;301
2024-05-15T21:49:01Z;287;;287
2024-05-15T21:49:08Z;304;;304
2024-05-15T21:49:09Z;289;;289
2024-05-15T21:49:10Z;301;;301
2024-05-15T21:49:11Z;284;;284
2024-05-15T21:49:24Z;314;;314
2024-05-15T21:49:25Z;298;;298
2024-05-15T21:49:26Z;306;;306
2024-05-15T21:49:31Z;280;;280
2024-05-15T21:49:34Z;305;;305
2024-05-15T21:49:35Z;298;;298
2024-05-15T21:49:36Z;302;;302
2024-05-15T21:49:38Z;290;;290
2024-05-15T21:49:39Z;300;;300
2024-05-15T21:49:40Z;287;;287
2024-05-15T21:49:44Z;302;;302
2024-05-15T21:49:45Z;286;;286
2024-05-15T21:49:49Z;308;;308
2024-05-15T21:49:56Z;297;;297
2024-05-15T21:49:57Z;301;;301
2024-05-15T21:49:58Z;293;;293
2024-05-15T21:50:00Z;311;;311
2024-05-15T21:50:02Z;246;;246
2024-05-15T21:50:03Z;310;;310
2024-05-15T21:50:04Z;287;;287
2024-05-15T21:50:06Z;313;;313
2024-05-15T21:50:07Z;265;;265
2024-05-15T21:50:08Z;314;;314
2024-05-15T21:50:11Z;279;;279
2024-05-15T21:50:15Z;307;;307
2024-05-15T21:50:16Z;277;;277
2024-05-15T21:50:19Z;304;;304
2024-05-15T21:50:22Z;291;;291
2024-05-15T21:50:25Z;300;;300
2024-05-15T21:50:26Z;295;;295
2024-05-15T21:50:27Z;300;;300
2024-05-15T21:50:29Z;295;;295
2024-05-15T21:50:55Z;305;;305
2024-05-15T21:50:56Z;273;;273
2024-05-15T21:51:00Z;307;;307
2024-05-15T21:51:01Z;283;;283
2024-05-15T21:51:13Z;307;;307
2024-05-15T21:51:14Z;289;;289
2024-05-15T21:51:30Z;301;;301
2024-05-15T21:51:31Z;293;;293
2024-05-15T21:52:14Z;313;;313
2024-05-15T21:52:19Z;284;;284
2024-05-15T21:53:14Z;301;;301
2024-05-15T21:53:15Z;293;;293
2024-05-15T21:53:56Z;312;;312
2024-05-15T21:53:58Z;298;;298
2024-05-15T21:54:08Z;301;;301
2024-05-15T21:54:11Z;293;;293
2024-05-15T21:54:26Z;300;;300
2024-05-15T21:54:31Z;286;;286
2024-05-15T21:56:42Z;358;;358
2024-05-15T21:56:47Z;292;;292
2024-05-15T22:00:05Z;;0;292
2024-05-15T22:00:12Z;173;;173
2024-05-15T22:15:08Z;;0;173
2024-05-15T22:15:12Z;51;;51
2024-05-15T22:30:05Z;;0;51
2024-05-15T22:30:12Z;50;;50
2024-05-15T22:45:05Z;;0;50
2024-05-15T22:45:12Z;51;;51
2024-05-15T22:46:13Z;1517;;1517
2024-05-15T22:46:14Z;191;;191
2024-05-15T23:00:05Z;;0;191
2024-05-15T23:00:12Z;162;;162
2024-05-15T23:15:05Z;;0;162
2024-05-15T23:15:12Z;49;;49
2024-05-15T23:30:05Z;;0;49
2024-05-15T23:30:12Z;49;;49
2024-05-15T23:45:05Z;;0;49
2024-05-15T23:45:12Z;48;;48
2024-05-15T23:53:20Z;1496;;1496
2024-05-15T23:53:21Z;189;;189