timestamp;P_ex;P_pr;P_load
2025-07-10T00:00:08Z;;0;213
2025-07-10T00:00:14Z;167;;167
2025-07-10T00:15:08Z;;0;167
2025-07-10T00:30:07Z;;0;167
2025-07-10T00:30:12Z;48;;48
2025-07-10T00:45:08Z;;0;48
2025-07-10T00:45:12Z;48;;48
2025-07-10T01:00:08Z;;0;48
2025-07-10T01:00:12Z;50;;50
2025-07-10T01:15:08Z;;0;50
2025-07-10T01:15:12Z;48;;48
2025-07-10T01:18:09Z;1584;;1584
2025-07-10T01:18:10Z;196;;196
2025-07-10T01:30:07Z;;0;196
2025-07-10T01:30:13Z;170;;170
2025-07-10T01:45:07Z;;0;170
2025-07-10T01:45:12Z;50;;50
2025-07-10T02:00:08Z;;0;50
2025-07-10T02:15:08Z;;0;50
2025-07-10T02:15:12Z;48;;48
2025-07-10T02:30:07Z;;0;48
2025-07-10T02:30:12Z;49;;49
2025-07-10T02:37:17Z;1521;;1521
2025-07-10T02:37:18Z;194;;194
2025-07-10T02:45:07Z;;0;194
2025-07-10T03:00:07Z;;0;194
2025-07-10T03:00:12Z;170;;170
2025-07-10T03:15:07Z;;0;170
2025-07-10T03:15:12Z;52;;52
2025-07-10T03:30:07Z;;0;52
2025-07-10T03:30:12Z;54;;54
2025-07-10T03:36:43Z;;10;64
2025-07-10T03:36:45Z;;0;54
2025-07-10T03:37:32Z;;1;55
2025-07-10T03:37:34Z;;0;54
2025-07-10T03:37:36Z;;1;55
2025-07-10T03:37:40Z;;0;54
2025-07-10T03:37:42Z;;1;55
2025-07-10T03:37:45Z;;0;54
2025-07-10T03:37:47Z;;1;55
2025-07-10T03:37:49Z;;0;54
2025-07-10T03:37:51Z;;1;55
2025-07-10T03:41:46Z;;0;54
2025-07-10T03:41:48Z;;9;63
2025-07-10T03:41:49Z;-401;;-392
2025-07-10T03:41:50Z;25;;34
2025-07-10T03:45:07Z;;39;64
2025-07-10T03:45:12Z;7;;46
2025-07-10T03:45:51Z;0;;39
2025-07-10T03:45:54Z;1;;40
2025-07-10T03:45:57Z;0;;39
2025-07-10T03:46:01Z;1;;40
2025-07-10T03:46:04Z;0;;39
2025-07-10T03:46:08Z;5;;44
2025-07-10T03:46:10Z;0;;39
2025-07-10T03:46:11Z;-1;;38
2025-07-10T03:46:15Z;6;;45
2025-07-10T03:46:17Z;-1;;38
2025-07-10T03:46:20Z;-1;;38
2025-07-10T03:46:23Z;3;;42
2025-07-10T03:46:24Z;0;;39
2025-07-10T03:46:25Z;-1;;38
2025-07-10T03:46:30Z;2;;41
2025-07-10T03:46:31Z;0;;39
2025-07-10T03:46:32Z;-2;;37
2025-07-10T03:46:38Z;3;;42
2025-07-10T03:46:39Z;0;;39
2025-07-10T03:46:47Z;3;;42
2025-07-10T03:46:54Z;0;;39
2025-07-10T03:47:01Z;1;;40
2025-07-10T03:51:55Z;;68;69
2025-07-10T03:51:57Z;;78;79
2025-07-10T03:56:00Z;1481;;1559
2025-07-10T03:56:01Z;80;;158
2025-07-10T04:00:07Z;;141;221
2025-07-10T04:00:14Z;23;;164
2025-07-10T04:02:21Z;9;;150
2025-07-10T04:02:23Z;2;;143
2025-07-10T04:02:36Z;0;;141
2025-07-10T04:02:39Z;1;;142
2025-07-10T04:02:41Z;0;;141
2025-07-10T04:02:46Z;5;;146
2025-07-10T04:02:47Z;1;;142
2025-07-10T04:02:53Z;3;;144
2025-07-10T04:02:54Z;-1;;140
2025-07-10T04:03:00Z;1;;142
2025-07-10T04:03:02Z;0;;141
2025-07-10T04:03:06Z;2;;143
2025-07-10T04:03:13Z;2;;143
2025-07-10T04:03:20Z;2;;143
2025-07-10T04:03:27Z;-4;;137
2025-07-10T04:03:33Z;8;;149
2025-07-10T04:12:29Z;332;;473
2025-07-10T04:12:30Z;-73;;68
2025-07-10T04:12:31Z;;408;335
2025-07-10T04:12:33Z;;263;190
2025-07-10T04:15:07Z;;274;201
2025-07-10T04:15:12Z;-118;;156
2025-07-10T04:16:19Z;;300;182
2025-07-10T04:16:21Z;;296;178
2025-07-10T04:16:28Z;;302;184
2025-07-10T04:16:30Z;;299;181
2025-07-10T04:16:35Z;;300;182
2025-07-10T04:16:37Z;;299;181
2025-07-10T04:16:39Z;;302;184
2025-07-10T04:16:42Z;;292;174
2025-07-10T04:16:44Z;;300;182
2025-07-10T04:16:51Z;;299;181
2025-07-10T04:16:53Z;;301;183
2025-07-10T04:17:16Z;;298;180
2025-07-10T04:17:18Z;;307;189
2025-07-10T04:17:26Z;;289;171
2025-07-10T04:17:28Z;;301;183
2025-07-10T04:17:34Z;;290;172
2025-07-10T04:17:36Z;;302;184
2025-07-10T04:20:39Z;-296;;6
2025-07-10T04:20:40Z;-300;;2
2025-07-10T04:21:08Z;-296;;6
2025-07-10T04:21:10Z;-301;;1
2025-07-10T04:21:18Z;-292;;10
2025-07-10T04:21:20Z;-303;;-1
2025-07-10T04:21:34Z;-286;;16
2025-07-10T04:21:35Z;-301;;1
2025-07-10T04:21:41Z;-301;;1
2025-07-10T04:21:43Z;-304;;-2
2025-07-10T04:21:45Z;-294;;8
2025-07-10T04:21:46Z;-303;;-1
2025-07-10T04:21:48Z;-291;;11
2025-07-10T04:21:49Z;-303;;-1
2025-07-10T04:21:52Z;-304;;-2
2025-07-10T04:21:56Z;-304;;-2
2025-07-10T04:21:58Z;-290;;12
2025-07-10T04:22:06Z;-307;;-5
2025-07-10T04:22:08Z;-293;;9
2025-07-10T04:22:16Z;-308;;-6
2025-07-10T04:22:18Z;-297;;5
2025-07-10T04:22:26Z;-311;;-9
2025-07-10T04:22:28Z;-299;;3
2025-07-10T04:22:37Z;-296;;6
2025-07-10T04:22:38Z;-299;;3
2025-07-10T04:22:40Z;;0;-299
2025-07-10T04:22:41Z;-303;;-303
2025-07-10T04:22:42Z;-295;;-295
2025-07-10T04:22:43Z;-616;;-616
2025-07-10T04:22:45Z;;350;-266
2025-07-10T04:26:46Z;-299;;51
2025-07-10T04:26:47Z;-360;;-10
2025-07-10T04:30:07Z;;447;87
2025-07-10T04:30:12Z;-383;;64
2025-07-10T04:32:59Z;-420;;27
2025-07-10T04:33:01Z;-441;;6
2025-07-10T04:41:43Z;;190;-251
2025-07-10T04:41:45Z;;593;152
2025-07-10T04:43:04Z;;609;168
2025-07-10T04:43:06Z;;586;145
2025-07-10T04:43:09Z;;600;159
2025-07-10T04:43:13Z;;590;149
2025-07-10T04:43:15Z;;601;160
2025-07-10T04:43:20Z;;595;154
2025-07-10T04:43:22Z;;602;161
2025-07-10T04:43:25Z;;593;152
2025-07-10T04:43:27Z;;603;162
2025-07-10T04:43:37Z;;595;154
2025-07-10T04:43:39Z;;605;164
2025-07-10T04:43:49Z;;597;156
2025-07-10T04:43:51Z;;608;167
2025-07-10T04:44:01Z;;598;157
2025-07-10T04:44:03Z;;293;-148
2025-07-10T04:44:05Z;;597;156
2025-07-10T04:44:07Z;;608;167
2025-07-10T04:44:55Z;;592;151
2025-07-10T04:44:57Z;;610;169
2025-07-10T04:45:07Z;;611;170
2025-07-10T04:45:12Z;-573;;38
2025-07-10T04:47:15Z;-599;;12
2025-07-10T04:47:17Z;-589;;22
2025-07-10T04:47:19Z;-589;;22
2025-07-10T04:47:21Z;-600;;11
2025-07-10T04:47:23Z;-599;;12
2025-07-10T04:47:27Z;-602;;9
2025-07-10T04:47:29Z;-591;;20
2025-07-10T04:47:37Z;-604;;7
2025-07-10T04:47:39Z;-594;;17
2025-07-10T04:47:40Z;-600;;11
2025-07-10T04:47:41Z;-599;;12
2025-07-10T04:47:47Z;-606;;5
2025-07-10T04:47:49Z;-591;;20
2025-07-10T04:47:57Z;-610;;1
2025-07-10T04:47:59Z;-592;;19
2025-07-10T04:48:40Z;-599;;12
2025-07-10T04:48:41Z;-617;;-6
2025-07-10T04:53:28Z;;259;-358
2025-07-10T04:53:30Z;;722;105
2025-07-10T04:56:41Z;-728;;-6
2025-07-10T04:56:42Z;-204;;518
2025-07-10T04:58:12Z;-571;;151
2025-07-10T04:58:19Z;-584;;138
2025-07-10T04:58:20Z;-45;;677
2025-07-10T04:58:55Z;-595;;127
2025-07-10T04:58:56Z;-601;;121
2025-07-10T04:59:02Z;-649;;73
2025-07-10T04:59:03Z;-641;;81
2025-07-10T04:59:05Z;-138;;584
2025-07-10T04:59:07Z;-634;;88
2025-07-10T04:59:18Z;-599;;123
2025-07-10T04:59:19Z;-598;;124
2025-07-10T04:59:21Z;-596;;126
2025-07-10T04:59:44Z;;582;-14
2025-07-10T04:59:46Z;;804;208
2025-07-10T05:00:07Z;;816;220
2025-07-10T05:00:14Z;-741;;75
2025-07-10T05:03:45Z;-760;;56
2025-07-10T05:03:46Z;-353;;463
2025-07-10T05:03:47Z;;846;493
2025-07-10T05:03:49Z;;853;500
2025-07-10T05:05:13Z;695;;1548
2025-07-10T05:05:14Z;-658;;195
2025-07-10T05:06:58Z;-695;;158
2025-07-10T05:07:11Z;-566;;287
2025-07-10T05:07:15Z;;900;334
2025-07-10T05:07:17Z;;898;332
2025-07-10T05:07:25Z;;903;337
2025-07-10T05:07:29Z;;896;330
2025-07-10T05:07:32Z;;902;336
2025-07-10T05:07:39Z;;898;332
2025-07-10T05:07:41Z;;899;333
2025-07-10T05:07:50Z;;896;330
2025-07-10T05:07:52Z;;893;327
2025-07-10T05:09:34Z;;896;330
2025-07-10T05:09:36Z;;906;340
2025-07-10T05:10:50Z;-742;;164
2025-07-10T05:10:52Z;-616;;290
2025-07-10T05:12:05Z;;834;218
2025-07-10T05:12:06Z;;953;337
2025-07-10T05:13:56Z;;396;-220
2025-07-10T05:13:58Z;;973;357
2025-07-10T05:15:07Z;;995;379
2025-07-10T05:15:12Z;-802;;193
2025-07-10T05:23:19Z;-898;;97
2025-07-10T05:23:20Z;-900;;95
2025-07-10T05:23:41Z;-902;;93
2025-07-10T05:23:42Z;-894;;101
2025-07-10T05:23:49Z;-904;;91
2025-07-10T05:23:51Z;-893;;102
2025-07-10T05:23:55Z;-900;;95
2025-07-10T05:23:56Z;-899;;96
2025-07-10T05:24:06Z;-902;;93
2025-07-10T05:24:10Z;-895;;100
2025-07-10T05:24:13Z;-900;;95
2025-07-10T05:24:19Z;-897;;98
2025-07-10T05:24:20Z;-900;;95
2025-07-10T05:24:26Z;-894;;101
2025-07-10T05:24:27Z;-905;;90
2025-07-10T05:24:29Z;-898;;97
2025-07-10T05:24:30Z;-901;;94
2025-07-10T05:24:38Z;-908;;87
2025-07-10T05:24:40Z;-891;;104
2025-07-10T05:24:48Z;-903;;92
2025-07-10T05:24:50Z;-898;;97
2025-07-10T05:25:22Z;-903;;92
2025-07-10T05:25:25Z;-903;;92
2025-07-10T05:25:41Z;-894;;101
2025-07-10T05:25:42Z;-898;;97
2025-07-10T05:26:38Z;;721;-177
2025-07-10T05:26:40Z;;1130;232
2025-07-10T05:28:19Z;;475;-423
2025-07-10T05:28:21Z;;1132;234
2025-07-10T05:28:53Z;;1148;250
2025-07-10T05:28:55Z;;1165;267
2025-07-10T05:28:57Z;;1165;267
2025-07-10T05:28:59Z;;1157;259
2025-07-10T05:30:07Z;;1164;266
2025-07-10T05:30:12Z;-968;;196
2025-07-10T05:31:58Z;;1202;234
2025-07-10T05:32:00Z;;1199;231
2025-07-10T05:32:08Z;;1201;233
2025-07-10T05:32:10Z;;1200;232
2025-07-10T05:32:18Z;;1204;236
2025-07-10T05:32:20Z;;1196;228
2025-07-10T05:32:22Z;;1202;234
2025-07-10T05:32:28Z;;1199;231
2025-07-10T05:32:30Z;;1200;232
2025-07-10T05:32:32Z;;1191;223
2025-07-10T05:32:34Z;;1200;232
2025-07-10T05:32:36Z;;1197;229
2025-07-10T05:32:38Z;;1200;232
2025-07-10T05:32:46Z;;1194;226
2025-07-10T05:32:48Z;;1207;239
2025-07-10T05:32:54Z;;1195;227
2025-07-10T05:32:56Z;;1205;237
2025-07-10T05:33:04Z;;1196;228
2025-07-10T05:33:06Z;;1208;240
2025-07-10T05:33:12Z;;1198;230
2025-07-10T05:33:14Z;;1206;238
2025-07-10T05:33:15Z;;1198;230
2025-07-10T05:33:17Z;;1207;239
2025-07-10T05:33:19Z;;1167;199
2025-07-10T05:33:21Z;;1207;239
2025-07-10T05:34:05Z;;1122;154
2025-07-10T05:34:07Z;;1217;249
2025-07-10T05:34:10Z;;1192;224
2025-07-10T05:34:12Z;;1206;238
2025-07-10T05:34:20Z;-1022;;184
2025-07-10T05:34:21Z;-904;;302
2025-07-10T05:40:45Z;-1195;;11
2025-07-10T05:40:46Z;-1202;;4
2025-07-10T05:40:55Z;-1197;;9
2025-07-10T05:40:57Z;-1202;;4
2025-07-10T05:41:15Z;-1193;;13
2025-07-10T05:41:18Z;-1194;;12
2025-07-10T05:41:21Z;-1199;;7
2025-07-10T05:41:25Z;-1201;;5
2025-07-10T05:41:31Z;-1198;;8
2025-07-10T05:41:33Z;-1205;;1
2025-07-10T05:41:36Z;-1203;;3
2025-07-10T05:41:37Z;-1201;;5
2025-07-10T05:41:43Z;-1199;;7
2025-07-10T05:41:45Z;-1200;;6
2025-07-10T05:41:46Z;-1198;;8
2025-07-10T05:41:48Z;-1193;;13
2025-07-10T05:41:49Z;-1195;;11
2025-07-10T05:41:51Z;-1208;;-2
2025-07-10T05:41:54Z;-1211;;-5
2025-07-10T05:42:13Z;-1208;;-2
2025-07-10T05:42:15Z;-1197;;9
2025-07-10T05:42:19Z;-1213;;-7
2025-07-10T05:42:21Z;-1212;;-6
2025-07-10T05:43:19Z;;727;-485
2025-07-10T05:43:21Z;;1324;112
2025-07-10T05:43:26Z;-1195;;129
2025-07-10T05:43:27Z;-1226;;98
2025-07-10T05:43:30Z;-1198;;126
2025-07-10T05:43:31Z;-1222;;102
2025-07-10T05:43:48Z;;728;-494
2025-07-10T05:43:50Z;;1331;109
2025-07-10T05:43:52Z;;1187;-35
2025-07-10T05:43:53Z;;1302;80
2025-07-10T05:43:56Z;-1193;;109
2025-07-10T05:43:57Z;-1219;;83
2025-07-10T05:44:22Z;;845;-374
2025-07-10T05:44:24Z;-1219;1321;-374
2025-07-10T05:44:25Z;-1134;;187
2025-07-10T05:45:07Z;;1334;200
2025-07-10T05:45:12Z;-1229;;105
2025-07-10T05:47:46Z;-1275;;59
2025-07-10T05:47:48Z;-1269;;65
2025-07-10T05:48:10Z;-1279;;55
2025-07-10T05:48:19Z;-1284;;50
2025-07-10T05:53:54Z;-1332;;2
2025-07-10T05:53:58Z;315;;1649
2025-07-10T05:53:59Z;297;;1631
2025-07-10T05:54:03Z;302;;1636
2025-07-10T05:54:04Z;296;;1630
2025-07-10T05:54:05Z;304;;1638
2025-07-10T05:54:09Z;286;;1620
2025-07-10T05:54:16Z;320;;1654
2025-07-10T05:54:21Z;291;;1625
2025-07-10T05:54:56Z;268;;1602
2025-07-10T05:54:58Z;;1008;1276
2025-07-10T05:55:00Z;;1429;1697
2025-07-10T05:56:34Z;;967;1235
2025-07-10T05:56:36Z;;1462;1730
2025-07-10T05:58:49Z;-1370;;92
2025-07-10T05:58:50Z;-1135;;327
2025-07-10T05:58:53Z;;1501;366
2025-07-10T05:58:55Z;;1499;364
2025-07-10T05:59:03Z;;1500;365
2025-07-10T05:59:05Z;;1495;360
2025-07-10T05:59:13Z;;1501;366
2025-07-10T05:59:15Z;;1496;361
2025-07-10T05:59:23Z;;1502;367
2025-07-10T06:00:05Z;;1499;364
2025-07-10T06:00:07Z;;1500;365
2025-07-10T06:00:09Z;;1504;369
2025-07-10T06:00:10Z;;1498;363
2025-07-10T06:00:12Z;-1392;1501;106
2025-07-10T06:00:14Z;;1495;103
2025-07-10T06:00:16Z;;1502;110
2025-07-10T06:00:17Z;;1497;105
2025-07-10T06:00:19Z;;1503;111
2025-07-10T06:00:24Z;;1499;107
2025-07-10T06:00:25Z;-1379;;120
2025-07-10T06:00:27Z;-1403;1504;96
2025-07-10T06:00:43Z;;1496;93
2025-07-10T06:00:45Z;;1504;101
2025-07-10T06:00:53Z;;1498;95
2025-07-10T06:00:55Z;;1506;103
2025-07-10T06:01:03Z;;1499;96
2025-07-10T06:01:05Z;;1506;103
2025-07-10T06:03:35Z;;1494;91
2025-07-10T06:03:37Z;;1510;107
2025-07-10T06:05:08Z;;555;-848
2025-07-10T06:05:10Z;;1568;165
2025-07-10T06:07:15Z;527;;2095
2025-07-10T06:07:23Z;563;;2131
2025-07-10T06:13:29Z;-1500;;68
2025-07-10T06:13:31Z;-1492;;76
2025-07-10T06:13:38Z;-1487;;81
2025-07-10T06:13:40Z;-1496;;72
2025-07-10T06:13:47Z;-1502;;66
2025-07-10T06:13:52Z;-1504;;64
2025-07-10T06:13:59Z;-1500;;68
2025-07-10T06:14:01Z;-1495;;73
2025-07-10T06:14:07Z;-1497;;71
2025-07-10T06:14:11Z;-1492;;76
2025-07-10T06:14:14Z;-1485;;83
2025-07-10T06:14:23Z;-1488;;80
2025-07-10T06:14:33Z;-1503;;65
2025-07-10T06:14:35Z;-1490;;78
2025-07-10T06:14:37Z;-1505;;63
2025-07-10T06:14:42Z;-1504;;64
2025-07-10T06:14:45Z;-1500;;68
2025-07-10T06:14:52Z;-1507;;61
2025-07-10T06:14:54Z;-1493;;75
2025-07-10T06:15:02Z;-1501;;67
2025-07-10T06:15:04Z;-1491;;77
2025-07-10T06:15:07Z;;1643;152
2025-07-10T06:15:12Z;-1507;;136
2025-07-10T06:15:20Z;-1508;;135
2025-07-10T06:15:23Z;-1509;;134
2025-07-10T06:15:32Z;-1505;;138
2025-07-10T06:15:34Z;-1497;;146
2025-07-10T06:15:37Z;;1646;149
2025-07-10T06:15:39Z;;1644;147
2025-07-10T06:15:47Z;-1500;;144
2025-07-10T06:15:49Z;-1508;;136
2025-07-10T06:16:46Z;-1509;;135
2025-07-10T06:22:15Z;-1495;;149
2025-07-10T06:22:33Z;-1489;;155
2025-07-10T06:22:34Z;-1488;;156
2025-07-10T06:25:07Z;-1449;;195
2025-07-10T06:25:08Z;-1513;;131
2025-07-10T06:25:09Z;-1367;;277
2025-07-10T06:25:34Z;-1561;;83
2025-07-10T06:25:50Z;-1541;;103
2025-07-10T06:25:51Z;;1117;-424
2025-07-10T06:25:52Z;-1553;;-436
2025-07-10T06:25:53Z;;1677;124
2025-07-10T06:26:15Z;-1378;;299
2025-07-10T06:26:35Z;-1354;;323
2025-07-10T06:27:19Z;-1531;;146
2025-07-10T06:27:21Z;-1526;;151
2025-07-10T06:27:35Z;-1548;;129
2025-07-10T06:27:37Z;-1585;;92
2025-07-10T06:29:15Z;;1800;192
2025-07-10T06:29:17Z;;1790;205
2025-07-10T06:29:19Z;;1800;215
2025-07-10T06:29:21Z;;1798;213
2025-07-10T06:29:28Z;;1801;216
2025-07-10T06:29:30Z;;1799;214
2025-07-10T06:29:48Z;;1803;218
2025-07-10T06:29:50Z;;1795;210
2025-07-10T06:29:59Z;;1805;220
2025-07-10T06:30:00Z;;1797;212
2025-07-10T06:30:07Z;;1785;200
2025-07-10T06:30:08Z;;1807;222
2025-07-10T06:30:12Z;-1608;1787;202
2025-07-10T06:30:14Z;;1801;216
2025-07-10T06:30:23Z;;1788;203
2025-07-10T06:30:24Z;;1802;194
2025-07-10T06:30:40Z;;1791;183
2025-07-10T06:30:42Z;;1804;196
2025-07-10T06:30:48Z;;1792;184
2025-07-10T06:30:50Z;;1806;198
2025-07-10T06:30:59Z;;1793;185
2025-07-10T06:31:00Z;;1808;200
2025-07-10T06:31:08Z;;1793;185
2025-07-10T06:31:10Z;;1808;200
2025-07-10T06:31:18Z;;1795;187
2025-07-10T06:31:20Z;;1810;202
2025-07-10T06:31:36Z;;1799;191
2025-07-10T06:31:38Z;;1803;195
2025-07-10T06:31:40Z;;1792;184
2025-07-10T06:31:46Z;;1812;204
2025-07-10T06:31:48Z;;1798;190
2025-07-10T06:31:50Z;;1813;205
2025-07-10T06:31:56Z;;1799;191
2025-07-10T06:31:58Z;;1815;207
2025-07-10T06:32:15Z;;1799;191
2025-07-10T06:32:17Z;;1816;208
2025-07-10T06:32:40Z;;1796;188
2025-07-10T06:32:42Z;;1814;206
2025-07-10T06:36:18Z;;1546;-62
2025-07-10T06:36:20Z;;1831;223
2025-07-10T06:36:22Z;;1424;-184
2025-07-10T06:36:23Z;;1679;71
2025-07-10T06:36:25Z;;1849;241
2025-07-10T06:45:07Z;;1927;319
2025-07-10T06:45:10Z;-1735;;192
2025-07-10T06:45:12Z;-1740;;187
2025-07-10T06:52:36Z;-1795;;132
2025-07-10T06:52:37Z;-1893;;34
2025-07-10T06:53:08Z;173;;2100
2025-07-10T06:59:25Z;50;;1977
2025-07-10T07:00:07Z;;2045;2095
2025-07-10T07:00:12Z;-1955;;90
2025-07-10T07:05:19Z;;2101;146
2025-07-10T07:05:21Z;;2094;139
2025-07-10T07:05:29Z;;2102;147
2025-07-10T07:05:31Z;;2093;138
2025-07-10T07:05:39Z;;2103;148
2025-07-10T07:05:41Z;;2094;139
2025-07-10T07:05:50Z;;2104;149
2025-07-10T07:05:51Z;;2097;142
2025-07-10T07:05:58Z;;2097;142
2025-07-10T07:06:01Z;;2094;139
2025-07-10T07:06:09Z;;2108;153
2025-07-10T07:06:11Z;;2101;146
2025-07-10T07:06:13Z;;2098;143
2025-07-10T07:06:19Z;;2097;142
2025-07-10T07:06:22Z;;2079;124
2025-07-10T07:06:29Z;;2080;125
2025-07-10T07:06:34Z;;2101;146
2025-07-10T07:06:37Z;;2098;143
2025-07-10T07:06:39Z;;2109;154
2025-07-10T07:06:43Z;;2081;126
2025-07-10T07:06:45Z;;2080;125
2025-07-10T07:06:52Z;;2103;148
2025-07-10T07:06:57Z;;2102;147
2025-07-10T07:07:03Z;;2085;130
2025-07-10T07:07:05Z;;2106;151
2025-07-10T07:07:14Z;;2088;133
2025-07-10T07:07:15Z;;2108;153
2025-07-10T07:07:23Z;;2088;133
2025-07-10T07:07:25Z;;2110;155
2025-07-10T07:07:33Z;;2090;135
2025-07-10T07:07:35Z;;2111;156
2025-07-10T07:07:47Z;;2092;137
2025-07-10T07:07:49Z;;2113;158
2025-07-10T07:07:57Z;;2094;139
2025-07-10T07:07:59Z;;2114;159
2025-07-10T07:08:15Z;;2095;140
2025-07-10T07:08:17Z;;2116;161
2025-07-10T07:08:27Z;;2098;143
2025-07-10T07:08:29Z;;2117;162
2025-07-10T07:08:38Z;;2099;144
2025-07-10T07:08:39Z;;2120;165
2025-07-10T07:08:48Z;;2099;144
2025-07-10T07:08:50Z;;2119;164
2025-07-10T07:08:57Z;;2058;103
2025-07-10T07:08:59Z;;2102;147
2025-07-10T07:15:07Z;;2172;217
2025-07-10T07:15:12Z;-2064;;108
2025-07-10T07:17:53Z;-2100;;72
2025-07-10T07:17:55Z;-2092;;80
2025-07-10T07:18:03Z;-2101;;71
2025-07-10T07:18:05Z;-2091;;81
2025-07-10T07:18:10Z;-2100;;72
2025-07-10T07:18:11Z;-2097;;75
2025-07-10T07:19:12Z;-2103;;69
2025-07-10T07:19:17Z;-2096;;76
2025-07-10T07:19:19Z;-2109;;63
2025-07-10T07:19:27Z;-2094;;78
2025-07-10T07:19:29Z;-2112;;60
2025-07-10T07:19:37Z;-2095;;77
2025-07-10T07:19:39Z;-2117;;55
2025-07-10T07:19:46Z;-2098;;74
2025-07-10T07:19:53Z;-2108;;64
2025-07-10T07:19:54Z;-2111;;61
2025-07-10T07:19:56Z;-2095;;77
2025-07-10T07:20:03Z;-2096;;76
2025-07-10T07:20:08Z;-2087;;85
2025-07-10T07:20:10Z;-2104;;68
2025-07-10T07:20:13Z;-2113;;59
2025-07-10T07:20:15Z;-2098;;74
2025-07-10T07:20:17Z;-2111;;61
2025-07-10T07:20:23Z;-2097;;75
2025-07-10T07:20:25Z;-2113;;59
2025-07-10T07:20:32Z;-2107;;65
2025-07-10T07:20:35Z;-2113;;59
2025-07-10T07:20:42Z;-2111;;61
2025-07-10T07:20:44Z;-2099;;73
2025-07-10T07:21:03Z;-2097;;75
2025-07-10T07:21:04Z;-2099;;73
2025-07-10T07:21:14Z;-2098;;74
2025-07-10T07:21:16Z;-2098;;74
2025-07-10T07:21:26Z;-2111;;61
2025-07-10T07:21:28Z;-2099;;73
2025-07-10T07:21:37Z;-2095;;77
2025-07-10T07:21:39Z;-2110;;62
2025-07-10T07:22:19Z;-2096;;76
2025-07-10T07:22:21Z;-2109;;63
2025-07-10T07:22:27Z;-2099;;73
2025-07-10T07:22:29Z;-2113;;59
2025-07-10T07:22:36Z;-2115;;57
2025-07-10T07:22:38Z;-2100;;72
2025-07-10T07:23:10Z;-2111;;61
2025-07-10T07:23:13Z;-2114;;58
2025-07-10T07:30:07Z;;2285;171
2025-07-10T07:30:12Z;-2156;;129
2025-07-10T07:35:43Z;-2217;;68
2025-07-10T07:36:35Z;-2104;;181
2025-07-10T07:36:37Z;-1983;;302
2025-07-10T07:36:42Z;-2097;;188
2025-07-10T07:36:47Z;-2090;;195
2025-07-10T07:37:21Z;-2100;;185
2025-07-10T07:37:27Z;-2091;;194
2025-07-10T07:37:29Z;-2102;;183
2025-07-10T07:37:37Z;-2091;;194
2025-07-10T07:37:39Z;-2101;;184
2025-07-10T07:37:40Z;-2092;;193
2025-07-10T07:37:46Z;-2101;;184
2025-07-10T07:37:48Z;-2095;;190
2025-07-10T07:38:15Z;-2100;;185
2025-07-10T07:38:19Z;-2097;;188
2025-07-10T07:38:25Z;-2111;;174
2025-07-10T07:38:27Z;-2098;;187
2025-07-10T07:38:31Z;-2098;;187
2025-07-10T07:38:33Z;-2107;;178
2025-07-10T07:38:35Z;-2103;;182
2025-07-10T07:38:37Z;-2096;;189
2025-07-10T07:38:38Z;-46;;2239
2025-07-10T07:45:07Z;;2366;2320
2025-07-10T07:45:14Z;-166;;2200
2025-07-10T07:49:00Z;;2400;2234
2025-07-10T07:49:02Z;;2392;2226
2025-07-10T07:49:09Z;;2400;2234
2025-07-10T07:49:11Z;;2397;2231
2025-07-10T07:49:19Z;;2401;2235
2025-07-10T07:49:21Z;;2393;2227
2025-07-10T07:49:22Z;33;;2426
2025-07-10T07:49:29Z;;2402;2435
2025-07-10T07:49:31Z;;2394;2427
2025-07-10T07:49:39Z;;2403;2436
2025-07-10T07:49:41Z;;2393;2426
2025-07-10T07:49:49Z;;2403;2436
2025-07-10T07:49:51Z;;2395;2428
2025-07-10T07:49:59Z;;2403;2436
2025-07-10T07:50:01Z;;2397;2430
2025-07-10T07:50:09Z;;2404;2437
2025-07-10T07:50:11Z;;2397;2430
2025-07-10T07:50:18Z;;2398;2431
2025-07-10T07:50:21Z;;2397;2430
2025-07-10T07:50:25Z;;2400;2433
2025-07-10T07:50:27Z;;2399;2432
2025-07-10T07:50:29Z;;2406;2439
2025-07-10T07:50:31Z;;2398;2431
2025-07-10T07:50:33Z;;2400;2433
2025-07-10T07:50:35Z;;2384;2417
2025-07-10T07:50:39Z;;2405;2438
2025-07-10T07:50:41Z;;2394;2427
2025-07-10T07:50:49Z;;2400;2433
2025-07-10T07:50:51Z;;2399;2432
2025-07-10T07:50:57Z;;2400;2433
2025-07-10T07:51:03Z;;2385;2418
2025-07-10T07:51:05Z;;2402;2435
2025-07-10T07:51:10Z;;2399;2432
2025-07-10T07:51:15Z;;2402;2435
2025-07-10T07:51:23Z;;2386;2419
2025-07-10T07:51:25Z;;2400;2433
2025-07-10T07:51:27Z;;2399;2432
2025-07-10T07:51:29Z;;2410;2443
2025-07-10T07:51:33Z;;2386;2419
2025-07-10T07:51:35Z;;2401;2434
2025-07-10T07:51:43Z;;2384;2417
2025-07-10T07:51:45Z;;2402;2435
2025-07-10T07:51:47Z;-200;2384;2417
2025-07-10T07:51:49Z;;2400;2200
2025-07-10T07:51:53Z;;2388;2188
2025-07-10T07:51:55Z;;2404;2204
2025-07-10T07:52:03Z;;2387;2187
2025-07-10T07:52:05Z;;2401;2201
2025-07-10T07:52:13Z;;2388;2188
2025-07-10T07:52:15Z;;2405;2205
2025-07-10T07:52:18Z;;2389;2189
2025-07-10T07:52:20Z;;2405;2205
2025-07-10T07:52:23Z;;2388;2188
2025-07-10T07:52:29Z;;2402;2202
2025-07-10T07:52:31Z;;2388;2188
2025-07-10T07:52:33Z;;2403;2203
2025-07-10T07:52:39Z;;2389;2189
2025-07-10T07:52:41Z;;2406;2206
2025-07-10T07:53:03Z;;2388;2188
2025-07-10T07:53:05Z;;2403;2203
2025-07-10T07:53:11Z;;2388;2188
2025-07-10T07:53:13Z;;2407;2207
2025-07-10T07:53:21Z;;2390;2190
2025-07-10T07:53:23Z;;2407;2207
2025-07-10T07:53:31Z;;2390;2190
2025-07-10T07:53:33Z;;2408;2208
2025-07-10T07:53:55Z;;2392;2192
2025-07-10T07:53:57Z;;2409;2209
2025-07-10T07:54:03Z;;2392;2192
2025-07-10T07:54:05Z;;2411;2211
2025-07-10T07:54:15Z;;2392;2192
2025-07-10T07:54:17Z;;2406;2206
2025-07-10T07:54:25Z;;2394;2194
2025-07-10T07:54:27Z;;2412;2212
2025-07-10T07:54:35Z;;2394;2194
2025-07-10T07:54:37Z;;2410;2210
2025-07-10T07:54:45Z;;2392;2192
2025-07-10T07:54:47Z;;2410;2210
2025-07-10T07:54:55Z;;2393;2193
2025-07-10T07:54:57Z;;2412;2212
2025-07-10T07:55:05Z;;2394;2194
2025-07-10T07:55:07Z;;2413;2213
2025-07-10T07:55:16Z;;2393;2193
2025-07-10T07:55:17Z;;2395;2195
2025-07-10T07:55:25Z;;2394;2194
2025-07-10T07:55:27Z;;2414;2214
2025-07-10T07:55:36Z;;2397;2197
2025-07-10T07:55:37Z;;2416;2216
2025-07-10T07:55:40Z;;2385;2185
2025-07-10T07:55:42Z;;2409;2209
2025-07-10T07:55:45Z;;2397;2197
2025-07-10T07:55:51Z;;2417;2217
2025-07-10T07:55:53Z;;2396;2196
2025-07-10T07:55:55Z;;2417;2217
2025-07-10T07:56:01Z;;2397;2197
2025-07-10T07:56:03Z;;2417;2217
2025-07-10T07:56:09Z;;2393;2193
2025-07-10T07:56:11Z;;2417;2217
2025-07-10T07:56:25Z;;2398;2198
2025-07-10T07:56:27Z;;2417;2217
2025-07-10T07:56:33Z;;2398;2198
2025-07-10T07:56:35Z;;2417;2217
2025-07-10T07:56:42Z;;2419;2219
2025-07-10T07:56:45Z;;2419;2219
2025-07-10T07:56:53Z;;2398;2198
2025-07-10T07:56:55Z;;2419;2219
2025-07-10T07:57:03Z;;2399;2199
2025-07-10T07:57:05Z;;2420;2220
2025-07-10T07:57:13Z;;2399;2199
2025-07-10T07:57:15Z;;2421;2221
2025-07-10T07:57:23Z;;2373;2173
2025-07-10T07:57:25Z;;2423;2223
2025-07-10T07:57:33Z;;2398;2198
2025-07-10T07:57:35Z;;2422;2222
2025-07-10T07:57:43Z;;2399;2199
2025-07-10T07:57:45Z;;2401;2201
2025-07-10T08:00:07Z;;2430;2230
2025-07-10T08:00:11Z;-2216;;214
2025-07-10T08:03:51Z;;2396;180
2025-07-10T08:03:52Z;;2425;209
2025-07-10T08:09:38Z;-2404;;21
2025-07-10T08:09:40Z;-2393;;32
2025-07-10T08:09:47Z;-2395;;30
2025-07-10T08:09:50Z;-2394;;31
2025-07-10T08:09:58Z;-2400;;25
2025-07-10T08:10:00Z;-2402;;23
2025-07-10T08:10:10Z;-2408;;17
2025-07-10T08:10:11Z;-2396;;29
2025-07-10T08:10:16Z;-2400;;25
2025-07-10T08:10:20Z;-2397;;28
2025-07-10T08:10:25Z;-2400;;25
2025-07-10T08:10:30Z;-2399;;26
2025-07-10T08:10:39Z;-2410;;15
2025-07-10T08:10:42Z;-2386;;39
2025-07-10T08:10:44Z;-2405;;20
2025-07-10T08:10:52Z;-2391;;34
2025-07-10T08:10:54Z;-2408;;17
2025-07-10T08:11:02Z;-2394;;31
2025-07-10T08:11:04Z;-2409;;16
2025-07-10T08:11:13Z;-2394;;31
2025-07-10T08:11:14Z;-2413;;12
2025-07-10T08:11:23Z;-2398;;27
2025-07-10T08:11:34Z;-2399;;26
2025-07-10T08:11:35Z;-2398;;27
2025-07-10T08:11:42Z;-2399;;26
2025-07-10T08:11:44Z;-2416;;9
2025-07-10T08:15:07Z;;2543;127
2025-07-10T08:15:11Z;-2442;;101
2025-07-10T08:30:07Z;;2647;205
2025-07-10T08:30:11Z;-2531;;116
2025-07-10T08:37:37Z;;2700;169
2025-07-10T08:37:39Z;;2699;168
2025-07-10T08:37:44Z;;2687;156
2025-07-10T08:37:46Z;;2697;166
2025-07-10T08:38:25Z;;2700;169
2025-07-10T08:38:27Z;;2699;168
2025-07-10T08:38:35Z;;2700;169
2025-07-10T08:38:37Z;;2691;160
2025-07-10T08:38:45Z;;2701;170
2025-07-10T08:38:47Z;;2692;161
2025-07-10T08:38:55Z;;2704;173
2025-07-10T08:38:57Z;;2692;161
2025-07-10T08:39:05Z;;2705;174
2025-07-10T08:39:07Z;;2692;161
2025-07-10T08:39:15Z;;2707;176
2025-07-10T08:39:17Z;;2691;160
2025-07-10T08:39:25Z;;2706;175
2025-07-10T08:39:27Z;;2694;163
2025-07-10T08:39:34Z;;2694;163
2025-07-10T08:39:37Z;;2691;160
2025-07-10T08:39:46Z;;2704;173
2025-07-10T08:39:48Z;;2696;165
2025-07-10T08:39:55Z;;2710;179
2025-07-10T08:39:57Z;;2698;167
2025-07-10T08:40:04Z;;2698;167
2025-07-10T08:40:07Z;;2696;165
2025-07-10T08:40:09Z;;2710;179
2025-07-10T08:40:15Z;;2694;163
2025-07-10T08:40:17Z;;2704;173
2025-07-10T08:40:21Z;;2692;161
2025-07-10T08:40:23Z;;2708;177
2025-07-10T08:40:29Z;;2696;165
2025-07-10T08:40:31Z;;2708;177
2025-07-10T08:40:35Z;;2686;155
2025-07-10T08:40:37Z;;2705;174
2025-07-10T08:40:43Z;;2695;164
2025-07-10T08:40:45Z;;2708;177
2025-07-10T08:40:49Z;;2694;163
2025-07-10T08:40:55Z;;2709;178
2025-07-10T08:40:57Z;;2694;163
2025-07-10T08:41:05Z;;2704;173
2025-07-10T08:41:07Z;;2711;180
2025-07-10T08:41:15Z;;2710;179
2025-07-10T08:41:17Z;;2703;172
2025-07-10T08:41:21Z;;2700;169
2025-07-10T08:41:24Z;;2696;165
2025-07-10T08:41:26Z;;2703;172
2025-07-10T08:41:28Z;;2698;167
2025-07-10T08:41:33Z;;2701;170
2025-07-10T08:41:37Z;;2698;167
2025-07-10T08:41:39Z;;2700;169
2025-07-10T08:41:53Z;;2680;149
2025-07-10T08:41:55Z;;2703;172
2025-07-10T08:42:01Z;;2681;150
2025-07-10T08:42:03Z;;2703;172
2025-07-10T08:42:06Z;;2699;168
2025-07-10T08:42:08Z;;2715;184
2025-07-10T08:42:15Z;;2671;140
2025-07-10T08:42:17Z;;2703;172
2025-07-10T08:42:23Z;;2699;168
2025-07-10T08:42:25Z;;2701;170
2025-07-10T08:42:49Z;;2678;147
2025-07-10T08:42:51Z;;2703;172
2025-07-10T08:43:35Z;;2679;148
2025-07-10T08:43:37Z;;2704;173
2025-07-10T08:43:43Z;;2678;147
2025-07-10T08:43:45Z;;2704;173
2025-07-10T08:43:52Z;;2697;166
2025-07-10T08:43:54Z;;2713;182
2025-07-10T08:44:15Z;;2685;154
2025-07-10T08:44:17Z;;2710;179
2025-07-10T08:44:23Z;;2689;158
2025-07-10T08:44:25Z;;2712;181
2025-07-10T08:44:32Z;;2692;161
2025-07-10T08:44:34Z;;2721;190
2025-07-10T08:45:05Z;;2691;160
2025-07-10T08:45:07Z;;2712;181
2025-07-10T08:45:10Z;;2727;196
2025-07-10T08:45:12Z;-2612;2717;115
2025-07-10T08:45:15Z;;2716;104
2025-07-10T08:45:23Z;;2694;82
2025-07-10T08:45:25Z;;2718;106
2025-07-10T08:45:27Z;;2698;86
2025-07-10T08:45:29Z;;2720;108
2025-07-10T08:45:37Z;;2696;84
2025-07-10T08:45:39Z;;2695;83
2025-07-10T08:48:45Z;;2694;82
2025-07-10T08:48:47Z;;2755;143
2025-07-10T08:48:51Z;;2688;76
2025-07-10T08:48:53Z;;2722;110
2025-07-10T08:57:33Z;-2700;;22
2025-07-10T08:57:34Z;-2700;;22
2025-07-10T08:57:55Z;-2701;;21
2025-07-10T08:57:56Z;-2691;;31
2025-07-10T08:58:03Z;-2701;;21
2025-07-10T08:58:05Z;-2691;;31
2025-07-10T08:58:13Z;-2701;;21
2025-07-10T08:58:15Z;-2691;;31
2025-07-10T08:58:52Z;;2656;-35
2025-07-10T08:58:54Z;;2764;73
2025-07-10T08:59:04Z;-2702;;62
2025-07-10T08:59:05Z;-2694;;70
2025-07-10T08:59:11Z;-2703;;61
2025-07-10T08:59:13Z;-2694;;70
2025-07-10T08:59:17Z;-2702;;62
2025-07-10T08:59:25Z;-2692;;72
2025-07-10T08:59:27Z;-2704;;60
2025-07-10T08:59:31Z;-2695;;69
2025-07-10T08:59:36Z;-2697;;67
2025-07-10T08:59:39Z;-2695;;69
2025-07-10T08:59:47Z;-2710;;54
2025-07-10T08:59:48Z;-2668;;96
2025-07-10T08:59:54Z;-2701;;63
2025-07-10T08:59:59Z;-2699;;65
2025-07-10T09:00:03Z;-2700;;64
2025-07-10T09:00:07Z;;2786;86
2025-07-10T09:00:11Z;-2689;;97
2025-07-10T09:00:13Z;-2713;;73
2025-07-10T09:00:14Z;-2706;;80
2025-07-10T09:00:21Z;-2688;;98
2025-07-10T09:00:23Z;-2707;;79
2025-07-10T09:00:31Z;-2689;;97
2025-07-10T09:00:33Z;-2705;;81
2025-07-10T09:00:41Z;-2689;;97
2025-07-10T09:00:43Z;-2707;;79
2025-07-10T09:00:51Z;-2688;;98
2025-07-10T09:00:53Z;-2707;;79
2025-07-10T09:01:01Z;-2686;;100
2025-07-10T09:01:03Z;-2705;;81
2025-07-10T09:01:11Z;-2686;;100
2025-07-10T09:01:13Z;-2703;;83
2025-07-10T09:01:16Z;-2698;;88
2025-07-10T09:01:17Z;-2710;;76
2025-07-10T09:01:19Z;-2699;;87
2025-07-10T09:01:25Z;-2700;;86
2025-07-10T09:01:31Z;-2681;;105
2025-07-10T09:01:33Z;-2700;;86
2025-07-10T09:01:39Z;-2699;;87
2025-07-10T09:01:40Z;-2700;;86
2025-07-10T09:01:41Z;-2685;;101
2025-07-10T09:01:43Z;-2702;;84
2025-07-10T09:01:51Z;-2690;;96
2025-07-10T09:01:53Z;-2708;;78
2025-07-10T09:02:01Z;-2691;;95
2025-07-10T09:02:02Z;-2686;;100
2025-07-10T09:02:10Z;-2710;;76
2025-07-10T09:02:13Z;-2710;;76
2025-07-10T09:02:21Z;-2692;;94
2025-07-10T09:02:22Z;-2690;;96
2025-07-10T09:02:30Z;-2709;;77
2025-07-10T09:02:33Z;-2709;;77
2025-07-10T09:02:41Z;-2685;;101
2025-07-10T09:02:43Z;-2706;;80
2025-07-10T09:02:51Z;-2688;;98
2025-07-10T09:11:22Z;;2694;6
2025-07-10T09:11:24Z;;2827;139
2025-07-10T09:15:07Z;;2858;170
2025-07-10T09:15:12Z;-2628;;230
2025-07-10T09:30:07Z;;2874;246
2025-07-10T09:34:09Z;-2692;;182
2025-07-10T09:45:07Z;;2890;198
2025-07-10T09:45:12Z;-2782;;108
2025-07-10T09:53:18Z;;2636;-146
2025-07-10T09:53:20Z;;2910;128
2025-07-10T10:00:07Z;;2946;164
2025-07-10T10:00:12Z;-2835;;111
2025-07-10T10:05:51Z;-2614;;332
2025-07-10T10:06:12Z;-2817;;129
2025-07-10T10:06:51Z;-2533;;413
2025-07-10T10:07:10Z;-2824;;122
2025-07-10T10:15:07Z;;2940;116
2025-07-10T10:15:12Z;-2839;;101
2025-07-10T10:30:07Z;;2975;136
2025-07-10T10:30:12Z;-2858;;82
2025-07-10T10:33:42Z;;3011;153
2025-07-10T10:33:43Z;-2670;;341
2025-07-10T10:33:44Z;;2979;309
2025-07-10T10:33:47Z;-2734;;245
2025-07-10T10:37:25Z;-2698;;281
2025-07-10T10:37:27Z;-2719;;260
2025-07-10T10:37:35Z;-2699;;280
2025-07-10T10:37:37Z;-2719;;260
2025-07-10T10:37:45Z;-2696;;283
2025-07-10T10:37:47Z;-2715;;264
2025-07-10T10:37:55Z;-2696;;283
2025-07-10T10:37:57Z;-2716;;263
2025-07-10T10:38:05Z;-2695;;284
2025-07-10T10:38:06Z;-2694;;285
2025-07-10T10:38:14Z;-2717;;262
2025-07-10T10:38:17Z;-2718;;261
2025-07-10T10:38:39Z;-2716;;263
2025-07-10T10:38:41Z;-2730;;249
2025-07-10T10:39:05Z;-2699;;280
2025-07-10T10:39:07Z;-2720;;259
2025-07-10T10:39:15Z;-2698;;281
2025-07-10T10:39:17Z;-2705;;274
2025-07-10T10:39:25Z;-2697;;282
2025-07-10T10:39:27Z;-2717;;262
2025-07-10T10:39:35Z;-2698;;281
2025-07-10T10:39:37Z;-2721;;258
2025-07-10T10:40:15Z;-2698;;281
2025-07-10T10:40:16Z;-2700;;279
2025-07-10T10:40:27Z;-2697;;282
2025-07-10T10:40:28Z;-2695;;284
2025-07-10T10:40:34Z;-2717;;262
2025-07-10T10:40:37Z;-2717;;262
2025-07-10T10:40:45Z;-2697;;282
2025-07-10T10:40:46Z;-2698;;281
2025-07-10T10:41:07Z;-2699;;280
2025-07-10T10:41:08Z;-2721;;258
2025-07-10T10:41:15Z;-2697;;282
2025-07-10T10:41:17Z;-2718;;261
2025-07-10T10:41:24Z;-2716;;263
2025-07-10T10:41:27Z;-2717;;262
2025-07-10T10:41:35Z;-2692;;287
2025-07-10T10:41:36Z;-2690;;289
2025-07-10T10:41:44Z;-2712;;267
2025-07-10T10:41:47Z;-2701;;278
2025-07-10T10:41:55Z;-2690;;289
2025-07-10T10:41:56Z;-2666;;313
2025-07-10T10:42:04Z;-2711;;268
2025-07-10T10:42:07Z;-2710;;269
2025-07-10T10:42:19Z;-2689;;290
2025-07-10T10:42:21Z;-2711;;268
2025-07-10T10:42:29Z;-2686;;293
2025-07-10T10:42:31Z;-2711;;268
2025-07-10T10:42:39Z;-2687;;292
2025-07-10T10:42:41Z;-2710;;269
2025-07-10T10:42:49Z;-2685;;294
2025-07-10T10:42:51Z;-2708;;271
2025-07-10T10:42:59Z;-2686;;293
2025-07-10T10:43:01Z;-2709;;270
2025-07-10T10:43:09Z;-2684;;295
2025-07-10T10:43:10Z;-2685;;294
2025-07-10T10:43:18Z;-2704;;275
2025-07-10T10:43:21Z;-2706;;273
2025-07-10T10:43:29Z;-2684;;295
2025-07-10T10:43:31Z;-2709;;270
2025-07-10T10:43:38Z;-2710;;269
2025-07-10T10:43:41Z;-2710;;269
2025-07-10T10:43:49Z;-2687;;292
2025-07-10T10:43:50Z;-2687;;292
2025-07-10T10:44:01Z;-2686;;293
2025-07-10T10:44:02Z;-2711;;268
2025-07-10T10:44:09Z;-2687;;292
2025-07-10T10:44:11Z;-2711;;268
2025-07-10T10:44:19Z;-2686;;293
2025-07-10T10:44:21Z;-2710;;269
2025-07-10T10:44:29Z;-2686;;293
2025-07-10T10:44:31Z;-2708;;271
2025-07-10T10:44:39Z;-2685;;294
2025-07-10T10:44:41Z;-2708;;271
2025-07-10T10:44:49Z;-2684;;295
2025-07-10T10:44:51Z;-2707;;272
2025-07-10T10:44:56Z;-2699;;280
2025-07-10T10:44:57Z;-2702;;277
2025-07-10T10:44:59Z;-2679;;300
2025-07-10T10:45:01Z;-2702;;277
2025-07-10T10:45:07Z;;2943;241
2025-07-10T10:45:11Z;-2694;;249
2025-07-10T10:45:14Z;-2704;;239
2025-07-10T10:45:15Z;-2691;;252
2025-07-10T10:45:16Z;-2701;;242
2025-07-10T10:45:18Z;-2677;;266
2025-07-10T10:45:19Z;-2700;;243
2025-07-10T10:45:26Z;-2699;;244
2025-07-10T10:45:27Z;-2701;;242
2025-07-10T10:45:35Z;-2677;;266
2025-07-10T10:45:36Z;-2678;;265
2025-07-10T10:45:44Z;-2704;;239
2025-07-10T10:45:47Z;-2704;;239
2025-07-10T10:46:03Z;-2677;;266
2025-07-10T10:46:04Z;-2677;;266
2025-07-10T10:46:27Z;-2676;;267
2025-07-10T10:46:28Z;-2702;;241
2025-07-10T10:46:37Z;-2679;;264
2025-07-10T10:46:39Z;-2705;;238
2025-07-10T10:46:47Z;-2688;;255
2025-07-10T10:46:49Z;-2714;;229
2025-07-10T10:46:57Z;-2690;;253
2025-07-10T10:46:59Z;-2716;;227
2025-07-10T10:47:06Z;-2715;;228
2025-07-10T10:47:09Z;-2716;;227
2025-07-10T10:47:17Z;-2694;;249
2025-07-10T10:47:18Z;-2695;;248
2025-07-10T10:47:26Z;-2719;;224
2025-07-10T10:47:29Z;-2717;;226
2025-07-10T10:47:37Z;-2697;;246
2025-07-10T10:47:39Z;-2718;;225
2025-07-10T10:47:47Z;-2699;;244
2025-07-10T10:47:49Z;-2720;;223
2025-07-10T10:47:57Z;-2694;;249
2025-07-10T10:47:59Z;-2717;;226
2025-07-10T10:48:07Z;-2693;;250
2025-07-10T10:48:09Z;-2715;;228
2025-07-10T10:48:17Z;-2692;;251
2025-07-10T10:48:19Z;-2714;;229
2025-07-10T10:48:27Z;-2691;;252
2025-07-10T10:48:28Z;-2691;;252
2025-07-10T10:48:36Z;-2715;;228
2025-07-10T10:48:39Z;-2714;;229
2025-07-10T10:48:46Z;-2713;;230
2025-07-10T10:48:48Z;-2691;;252
2025-07-10T10:49:11Z;-2690;;253
2025-07-10T10:49:13Z;-2714;;229
2025-07-10T10:49:19Z;-2691;;252
2025-07-10T10:49:21Z;-2713;;230
2025-07-10T10:49:29Z;-2692;;251
2025-07-10T10:49:31Z;-2714;;229
2025-07-10T10:49:46Z;-2712;;231
2025-07-10T10:49:49Z;-2710;;233
2025-07-10T10:49:54Z;-2713;;230
2025-07-10T10:49:57Z;-2712;;231
2025-07-10T10:50:03Z;-2698;;245
2025-07-10T10:50:04Z;-2706;;237
2025-07-10T10:50:05Z;-2684;;259
2025-07-10T10:50:07Z;-2706;;237
2025-07-10T10:50:15Z;-2683;;260
2025-07-10T10:50:17Z;-2706;;237
2025-07-10T10:50:25Z;-2674;;269
2025-07-10T10:50:27Z;-2704;;239
2025-07-10T10:50:28Z;-2698;;245
2025-07-10T10:50:32Z;-2709;;234
2025-07-10T10:50:34Z;-2699;;244
2025-07-10T10:50:35Z;-2713;;230
2025-07-10T10:50:39Z;-2687;;256
2025-07-10T10:50:41Z;-2710;;233
2025-07-10T10:50:49Z;-2690;;253
2025-07-10T10:50:51Z;-2712;;231
2025-07-10T10:50:59Z;-2690;;253
2025-07-10T10:51:01Z;-2709;;234
2025-07-10T10:51:13Z;-2691;;252
2025-07-10T10:51:15Z;-2713;;230
2025-07-10T10:51:23Z;-2693;;250
2025-07-10T10:51:25Z;-2715;;228
2025-07-10T10:51:32Z;-2712;;231
2025-07-10T10:51:35Z;-2715;;228
2025-07-10T10:51:43Z;-2697;;246
2025-07-10T10:51:44Z;-2698;;245
2025-07-10T10:51:54Z;-2699;;244
2025-07-10T10:51:55Z;-2718;;225
2025-07-10T10:52:03Z;-2699;;244
2025-07-10T10:52:05Z;-2717;;226
2025-07-10T10:52:35Z;-2678;;265
2025-07-10T10:52:37Z;-2706;;237
2025-07-10T10:54:03Z;-2694;;249
2025-07-10T10:54:04Z;-2693;;250
2025-07-10T10:54:16Z;-2699;;244
2025-07-10T10:54:17Z;-2723;;220
2025-07-10T10:55:03Z;-2705;;238
2025-07-10T10:55:05Z;-2717;;226
2025-07-10T10:56:35Z;-2697;;246
2025-07-10T10:56:37Z;-2723;;220
2025-07-10T10:56:47Z;-2692;;251
2025-07-10T10:56:48Z;-2692;;251
2025-07-10T10:57:00Z;-2717;;226
2025-07-10T10:57:03Z;-2716;;227
2025-07-10T10:57:59Z;-2694;;249
2025-07-10T10:58:01Z;-2720;;223
2025-07-10T10:58:07Z;-2698;;245
2025-07-10T10:58:09Z;-2721;;222
2025-07-10T10:58:21Z;-2695;;248
2025-07-10T10:58:23Z;-2723;;220
2025-07-10T10:58:49Z;-2697;;246
2025-07-10T10:58:51Z;-2722;;221
2025-07-10T11:00:07Z;;2963;241
2025-07-10T11:00:12Z;-2741;;222
2025-07-10T11:00:40Z;-2719;;244
2025-07-10T11:00:43Z;-2718;;245
2025-07-10T11:00:49Z;-2690;;273
2025-07-10T11:00:51Z;-2715;;248
2025-07-10T11:00:59Z;-2691;;272
2025-07-10T11:01:01Z;-2715;;248
2025-07-10T11:02:20Z;-2695;;268
2025-07-10T11:02:21Z;-2715;;248
2025-07-10T11:02:25Z;-2699;;264
2025-07-10T11:02:31Z;-2717;;246
2025-07-10T11:02:33Z;-2698;;265
2025-07-10T11:02:35Z;-2715;;248
2025-07-10T11:02:41Z;-2698;;265
2025-07-10T11:02:43Z;-2719;;244
2025-07-10T11:02:51Z;-2696;;267
2025-07-10T11:02:53Z;-2715;;248
2025-07-10T11:03:01Z;-2695;;268
2025-07-10T11:03:02Z;-2694;;269
2025-07-10T11:03:10Z;-2711;;252
2025-07-10T11:03:13Z;-2713;;250
2025-07-10T11:03:21Z;-2691;;272
2025-07-10T11:03:22Z;-2690;;273
2025-07-10T11:03:33Z;-2687;;276
2025-07-10T11:03:34Z;-2709;;254
2025-07-10T11:03:41Z;-2684;;279
2025-07-10T11:03:43Z;-2705;;258
2025-07-10T11:03:51Z;-2680;;283
2025-07-10T11:03:53Z;-2704;;259
2025-07-10T11:04:01Z;-2684;;279
2025-07-10T11:04:03Z;-2705;;258
2025-07-10T11:04:09Z;-2698;;265
2025-07-10T11:04:13Z;-2703;;260
2025-07-10T11:04:21Z;-2678;;285
2025-07-10T11:04:37Z;-2701;;262
2025-07-10T11:04:38Z;-2698;;265
2025-07-10T11:04:49Z;-2705;;258
2025-07-10T11:04:50Z;-2697;;266
2025-07-10T11:04:51Z;-2700;;263
2025-07-10T11:04:52Z;-2678;;285
2025-07-10T11:04:55Z;-2701;;262
2025-07-10T11:05:01Z;-2678;;285
2025-07-10T11:05:06Z;-2695;;268
2025-07-10T11:05:09Z;-2693;;270
2025-07-10T11:05:17Z;-2701;;262
2025-07-10T11:05:19Z;-2692;;271
2025-07-10T11:05:27Z;-2704;;259
2025-07-10T11:05:29Z;-2689;;274
2025-07-10T11:05:37Z;-2703;;260
2025-07-10T11:05:39Z;-2687;;276
2025-07-10T11:05:41Z;-2701;;262
2025-07-10T11:15:07Z;;2934;233
2025-07-10T11:15:12Z;-2808;;126
2025-07-10T11:30:07Z;;2900;92
2025-07-10T11:30:12Z;-2821;;79
2025-07-10T11:39:47Z;-2653;;247
2025-07-10T11:39:48Z;-2816;;84
2025-07-10T11:45:07Z;;2884;68
2025-07-10T11:45:12Z;-2776;;108
2025-07-10T11:51:55Z;-2651;;233
2025-07-10T11:51:56Z;-2776;;108
2025-07-10T11:58:46Z;-2688;;196
2025-07-10T11:58:49Z;-2715;;169
2025-07-10T12:00:07Z;;2843;128
2025-07-10T12:00:12Z;-2723;;120
2025-07-10T12:00:37Z;-2700;;143
2025-07-10T12:00:39Z;-2715;;128
2025-07-10T12:01:01Z;-2699;;144
2025-07-10T12:01:02Z;-2699;;144
2025-07-10T12:01:10Z;-2714;;129
2025-07-10T12:01:13Z;-2709;;134
2025-07-10T12:01:21Z;-2698;;145
2025-07-10T12:01:22Z;-2701;;142
2025-07-10T12:01:33Z;-2696;;147
2025-07-10T12:01:34Z;-2713;;130
2025-07-10T12:02:39Z;-2692;;151
2025-07-10T12:02:40Z;-2717;;126
2025-07-10T12:02:49Z;-2686;;157
2025-07-10T12:02:51Z;-2716;;127
2025-07-10T12:02:59Z;-2691;;152
2025-07-10T12:03:01Z;-2714;;129
2025-07-10T12:03:34Z;-2720;;123
2025-07-10T12:03:35Z;-2694;;149
2025-07-10T12:03:45Z;-2698;;145
2025-07-10T12:03:47Z;-2723;;120
2025-07-10T12:04:03Z;-2698;;145
2025-07-10T12:04:05Z;-2721;;122
2025-07-10T12:04:11Z;-2698;;145
2025-07-10T12:04:12Z;-2698;;145
2025-07-10T12:04:55Z;-2682;;161
2025-07-10T12:04:57Z;-2708;;135
2025-07-10T12:05:23Z;-2704;;139
2025-07-10T12:05:25Z;-2714;;129
2025-07-10T12:05:43Z;-2677;;166
2025-07-10T12:05:46Z;-2701;;142
2025-07-10T12:05:50Z;-2699;;144
2025-07-10T12:05:59Z;-2710;;133
2025-07-10T12:06:01Z;-2694;;149
2025-07-10T12:06:09Z;-2702;;141
2025-07-10T12:06:11Z;-2694;;149
2025-07-10T12:06:13Z;-2709;;134
2025-07-10T12:06:19Z;-2692;;151
2025-07-10T12:06:21Z;-2704;;139
2025-07-10T12:06:23Z;-2700;;143
2025-07-10T12:06:27Z;-2704;;139
2025-07-10T12:06:37Z;-2017;;826
2025-07-10T12:06:38Z;-2563;;280
2025-07-10T12:15:07Z;;2800;237
2025-07-10T12:15:12Z;-2559;;241
2025-07-10T12:30:07Z;;2714;155
2025-07-10T12:30:12Z;-2519;;195
2025-07-10T12:31:40Z;;2678;159
2025-07-10T12:31:42Z;;2708;189
2025-07-10T12:34:45Z;;2699;180
2025-07-10T12:34:47Z;;2710;191
2025-07-10T12:34:55Z;;2696;177
2025-07-10T12:34:57Z;;2712;193
2025-07-10T12:35:05Z;;2694;175
2025-07-10T12:35:07Z;;2710;191
2025-07-10T12:35:16Z;;2687;168
2025-07-10T12:35:17Z;;2707;188
2025-07-10T12:35:25Z;;2686;167
2025-07-10T12:35:27Z;;2704;185
2025-07-10T12:35:35Z;;2686;167
2025-07-10T12:35:37Z;;2701;182
2025-07-10T12:35:43Z;;2697;178
2025-07-10T12:35:45Z;;2701;182
2025-07-10T12:35:47Z;;2683;164
2025-07-10T12:35:51Z;;2701;182
2025-07-10T12:45:07Z;;2680;161
2025-07-10T12:45:12Z;-2571;;109
2025-07-10T13:00:07Z;;2586;15
2025-07-10T13:00:12Z;-2488;;98
2025-07-10T13:08:27Z;-2400;;186
2025-07-10T13:08:29Z;-2413;;173
2025-07-10T13:08:37Z;-2400;;186
2025-07-10T13:08:39Z;-2419;;167
2025-07-10T13:08:46Z;-2414;;172
2025-07-10T13:08:48Z;-2396;;190
2025-07-10T13:08:57Z;-2392;;194
2025-07-10T13:08:58Z;-2392;;194
2025-07-10T13:09:47Z;-2382;;204
2025-07-10T13:09:50Z;-2395;;191
2025-07-10T13:10:02Z;-2403;;183
2025-07-10T13:10:07Z;-2410;;176
2025-07-10T13:10:08Z;-2412;;174
2025-07-10T13:10:10Z;-2401;;185
2025-07-10T13:10:19Z;-2380;;206
2025-07-10T13:10:20Z;-2378;;208
2025-07-10T13:10:27Z;-2395;;191
2025-07-10T13:10:28Z;-2398;;188
2025-07-10T13:10:32Z;-2411;;175
2025-07-10T13:10:35Z;-2395;;191
2025-07-10T13:10:38Z;-2398;;188
2025-07-10T13:10:59Z;-2401;;185
2025-07-10T13:11:05Z;-2385;;201
2025-07-10T13:11:11Z;-2413;;173
2025-07-10T13:11:13Z;-2392;;194
2025-07-10T13:12:36Z;;2267;-125
2025-07-10T13:12:38Z;;2481;89
2025-07-10T13:13:51Z;;2060;-332
2025-07-10T13:13:53Z;;2345;-47
2025-07-10T13:13:55Z;;2462;70
2025-07-10T13:14:53Z;;2393;1
2025-07-10T13:14:55Z;;2451;59
2025-07-10T13:15:07Z;;2432;40
2025-07-10T13:15:12Z;-2355;;77
2025-07-10T13:19:16Z;;2395;40
2025-07-10T13:19:18Z;;2420;65
2025-07-10T13:22:50Z;;2398;43
2025-07-10T13:22:52Z;;2400;45
2025-07-10T13:23:01Z;;2398;43
2025-07-10T13:23:03Z;;2416;61
2025-07-10T13:23:10Z;;2399;44
2025-07-10T13:23:12Z;;2400;45
2025-07-10T13:23:20Z;;2398;43
2025-07-10T13:23:22Z;;2410;55
2025-07-10T13:23:30Z;;2394;39
2025-07-10T13:23:32Z;;2408;53
2025-07-10T13:23:40Z;;2394;39
2025-07-10T13:23:56Z;;2403;48
2025-07-10T13:23:58Z;;2386;31
2025-07-10T13:24:00Z;;2401;46
2025-07-10T13:24:06Z;;2387;32
2025-07-10T13:24:08Z;;2400;45
2025-07-10T13:24:11Z;;2398;43
2025-07-10T13:24:13Z;;2406;51
2025-07-10T13:24:14Z;;2399;44
2025-07-10T13:24:22Z;;2405;50
2025-07-10T13:24:24Z;;2394;39
2025-07-10T13:24:32Z;;2401;46
2025-07-10T13:24:34Z;;2399;44
2025-07-10T13:26:35Z;-2287;;112
2025-07-10T13:26:37Z;-2273;;126
2025-07-10T13:30:07Z;;2344;71
2025-07-10T13:30:12Z;-2256;;88
2025-07-10T13:39:16Z;-154;;2190
2025-07-10T13:45:07Z;;2269;2115
2025-07-10T13:45:12Z;-2054;;215
2025-07-10T13:51:16Z;;1967;-87
2025-07-10T13:51:18Z;;2221;167
2025-07-10T13:52:24Z;;1882;-172
2025-07-10T13:52:26Z;;2207;153
2025-07-10T13:52:36Z;;2076;22
2025-07-10T13:52:38Z;;2213;159
2025-07-10T13:55:15Z;-1970;;243
2025-07-10T13:55:16Z;;1984;14
2025-07-10T13:55:17Z;-1980;;4
2025-07-10T13:55:18Z;;2191;211
2025-07-10T13:55:28Z;;2189;209
2025-07-10T13:55:30Z;;2168;188
2025-07-10T14:00:07Z;;2154;174
2025-07-10T14:00:14Z;-1938;;216
2025-07-10T14:02:41Z;;2090;152
2025-07-10T14:02:43Z;;2112;174
2025-07-10T14:03:42Z;;2098;160
2025-07-10T14:03:44Z;;2112;174
2025-07-10T14:03:52Z;;2095;157
2025-07-10T14:03:54Z;;2109;171
2025-07-10T14:04:02Z;;2096;158
2025-07-10T14:04:04Z;;2109;171
2025-07-10T14:04:12Z;;2097;159
2025-07-10T14:04:14Z;;2107;169
2025-07-10T14:04:22Z;;2094;156
2025-07-10T14:04:24Z;;2106;168
2025-07-10T14:04:32Z;;2094;156
2025-07-10T14:04:34Z;;2102;164
2025-07-10T14:04:42Z;;2094;156
2025-07-10T14:04:44Z;;2103;165
2025-07-10T14:04:52Z;;2095;157
2025-07-10T14:04:54Z;;2109;171
2025-07-10T14:05:02Z;;2097;159
2025-07-10T14:05:04Z;;2109;171
2025-07-10T14:05:12Z;;2096;158
2025-07-10T14:05:14Z;;2109;171
2025-07-10T14:05:22Z;;2095;157
2025-07-10T14:05:24Z;;2108;170
2025-07-10T14:05:32Z;;2076;138
2025-07-10T14:05:34Z;;2105;167
2025-07-10T14:05:42Z;;2091;153
2025-07-10T14:05:44Z;;2104;166
2025-07-10T14:05:52Z;;2091;153
2025-07-10T14:05:54Z;;2102;164
2025-07-10T14:06:03Z;;2090;152
2025-07-10T14:06:05Z;;2100;162
2025-07-10T14:06:09Z;;2099;161
2025-07-10T14:06:11Z;;2100;162
2025-07-10T14:06:12Z;;2090;152
2025-07-10T14:06:14Z;;2100;162
2025-07-10T14:06:18Z;;2087;149
2025-07-10T14:06:23Z;;2101;163
2025-07-10T14:06:25Z;;2097;159
2025-07-10T14:06:33Z;;2100;162
2025-07-10T14:06:35Z;;2096;158
2025-07-10T14:15:07Z;;2013;75
2025-07-10T14:15:12Z;-1940;;73
2025-07-10T14:27:19Z;-1819;;194
2025-07-10T14:27:21Z;-1801;;212
2025-07-10T14:27:36Z;-1795;;218
2025-07-10T14:27:38Z;-1809;;204
2025-07-10T14:29:09Z;-1811;;202
2025-07-10T14:29:13Z;-1806;;207
2025-07-10T14:29:29Z;-1810;;203
2025-07-10T14:29:31Z;-1800;;213
2025-07-10T14:29:39Z;-1806;;207
2025-07-10T14:29:41Z;-1796;;217
2025-07-10T14:29:49Z;-1806;;207
2025-07-10T14:29:51Z;-1796;;217
2025-07-10T14:30:00Z;-1794;;219
2025-07-10T14:30:01Z;-1793;;220
2025-07-10T14:30:07Z;;1877;84
2025-07-10T14:30:09Z;-1802;;75
2025-07-10T14:30:12Z;-1801;;76
2025-07-10T14:30:15Z;-1809;;68
2025-07-10T14:30:20Z;-1791;;86
2025-07-10T14:30:23Z;-1800;;77
2025-07-10T14:30:31Z;-1799;;78
2025-07-10T14:30:45Z;-1800;;77
2025-07-10T14:30:49Z;-1800;;77
2025-07-10T14:31:01Z;-1798;;79
2025-07-10T14:31:03Z;-1803;;74
2025-07-10T14:31:11Z;-1794;;83
2025-07-10T14:31:13Z;-1800;;77
2025-07-10T14:32:29Z;-1795;;82
2025-07-10T14:32:31Z;-1792;;85
2025-07-10T14:38:01Z;;1797;5
2025-07-10T14:38:04Z;;1810;18
2025-07-10T14:38:37Z;;1799;7
2025-07-10T14:38:39Z;;1808;16
2025-07-10T14:38:47Z;;1798;6
2025-07-10T14:38:49Z;;1807;15
2025-07-10T14:38:56Z;;1796;4
2025-07-10T14:38:59Z;;1804;12
2025-07-10T14:39:08Z;;1794;2
2025-07-10T14:39:09Z;;1803;11
2025-07-10T14:39:17Z;;1792;0
2025-07-10T14:39:19Z;;1801;9
2025-07-10T14:39:26Z;;1799;7
2025-07-10T14:39:33Z;;1801;9
2025-07-10T14:39:35Z;;1798;6
2025-07-10T14:45:07Z;;1732;-60
2025-07-10T14:45:12Z;-1644;;88
2025-07-10T14:54:38Z;-1457;;275
2025-07-10T14:54:39Z;-1557;1440;-17
2025-07-10T14:54:40Z;-1421;;19
2025-07-10T14:54:42Z;-1541;;-101
2025-07-10T14:54:43Z;;1624;83
2025-07-10T14:55:07Z;-1498;;126
2025-07-10T14:55:09Z;-1548;;76
2025-07-10T14:55:51Z;-1497;;127
2025-07-10T14:55:52Z;-1498;;126
2025-07-10T14:56:28Z;-1347;;277
2025-07-10T14:56:29Z;-1536;1431;84
2025-07-10T14:56:30Z;;1603;67
2025-07-10T14:58:29Z;-1495;;108
2025-07-10T14:58:31Z;-1598;;5
2025-07-10T14:58:32Z;;1480;-118
2025-07-10T14:58:34Z;;1581;-17
2025-07-10T14:59:04Z;-1502;;60
2025-07-10T14:59:06Z;-1496;;85
2025-07-10T14:59:09Z;-1497;;84
2025-07-10T14:59:16Z;-1495;;86
2025-07-10T14:59:18Z;-1509;;72
2025-07-10T14:59:21Z;-1497;;84
2025-07-10T14:59:33Z;-1492;;89
2025-07-10T14:59:43Z;-1498;;83
2025-07-10T14:59:45Z;-1496;;85
2025-07-10T14:59:57Z;-1498;;83
2025-07-10T14:59:59Z;-1485;;96
2025-07-10T15:00:07Z;;1562;77
2025-07-10T15:00:12Z;-1489;;73
2025-07-10T15:02:36Z;;1498;9
2025-07-10T15:02:38Z;;1513;24
2025-07-10T15:02:52Z;;1493;4
2025-07-10T15:02:54Z;;1518;29
2025-07-10T15:03:18Z;;1485;-4
2025-07-10T15:03:20Z;;1500;11
2025-07-10T15:03:59Z;;1490;1
2025-07-10T15:04:01Z;;1504;15
2025-07-10T15:04:03Z;;1492;3
2025-07-10T15:04:04Z;;1507;18
2025-07-10T15:04:08Z;;1479;-10
2025-07-10T15:04:10Z;;1507;18
2025-07-10T15:04:12Z;;1497;8
2025-07-10T15:04:14Z;;1503;14
2025-07-10T15:04:15Z;;1495;6
2025-07-10T15:04:17Z;;1502;13
2025-07-10T15:04:20Z;;1491;2
2025-07-10T15:04:22Z;;1508;19
2025-07-10T15:04:24Z;;1487;-2
2025-07-10T15:04:31Z;;1506;17
2025-07-10T15:04:35Z;;1498;9
2025-07-10T15:04:37Z;;1502;13
2025-07-10T15:04:42Z;;1496;7
2025-07-10T15:04:44Z;;1508;19
2025-07-10T15:04:46Z;;1510;21
2025-07-10T15:04:48Z;;1503;14
2025-07-10T15:04:50Z;;1497;8
2025-07-10T15:04:52Z;;1509;20
2025-07-10T15:04:56Z;;1478;-11
2025-07-10T15:05:01Z;;1504;15
2025-07-10T15:05:03Z;;1498;9
2025-07-10T15:05:05Z;;1500;11
2025-07-10T15:05:12Z;;1496;7
2025-07-10T15:05:14Z;;1501;12
2025-07-10T15:05:16Z;;1492;3
2025-07-10T15:05:18Z;;1519;30
2025-07-10T15:05:20Z;;1495;6
2025-07-10T15:05:35Z;;1500;11
2025-07-10T15:05:37Z;;1488;-1
2025-07-10T15:05:45Z;;1501;12
2025-07-10T15:05:47Z;;1495;6
2025-07-10T15:08:35Z;-1565;;-70
2025-07-10T15:08:36Z;-1389;;106
2025-07-10T15:09:23Z;-1379;;116
2025-07-10T15:09:24Z;;1072;-307
2025-07-10T15:09:26Z;;1468;89
2025-07-10T15:09:27Z;-1147;;321
2025-07-10T15:11:54Z;55;;1523
2025-07-10T15:11:59Z;-1207;;261
2025-07-10T15:12:02Z;-1204;;264
2025-07-10T15:12:04Z;-1202;;266
2025-07-10T15:12:12Z;-1204;;264
2025-07-10T15:12:30Z;-1200;;268
2025-07-10T15:12:34Z;-1199;;269
2025-07-10T15:12:37Z;-1203;;265
2025-07-10T15:12:38Z;-1179;;289
2025-07-10T15:12:49Z;-1206;;262
2025-07-10T15:12:50Z;-1188;;280
2025-07-10T15:12:54Z;-1195;;273
2025-07-10T15:12:56Z;-1211;;257
2025-07-10T15:12:59Z;-1208;;260
2025-07-10T15:13:00Z;-1216;;252
2025-07-10T15:13:02Z;-1210;;258
2025-07-10T15:13:06Z;-1209;;259
2025-07-10T15:13:08Z;-1184;;284
2025-07-10T15:13:17Z;-1196;;272
2025-07-10T15:13:20Z;-1204;;264
2025-07-10T15:13:23Z;-1208;;260
2025-07-10T15:13:25Z;;1071;-137
2025-07-10T15:13:27Z;;1381;173
2025-07-10T15:13:30Z;-1189;;192
2025-07-10T15:13:32Z;-1196;;185
2025-07-10T15:13:35Z;-1181;;200
2025-07-10T15:13:36Z;-1201;1023;-158
2025-07-10T15:13:39Z;-1198;;-175
2025-07-10T15:13:41Z;;1384;186
2025-07-10T15:13:44Z;-1191;;193
2025-07-10T15:14:10Z;;1000;-191
2025-07-10T15:14:12Z;;1367;176
2025-07-10T15:14:21Z;-1196;;171
2025-07-10T15:15:07Z;;1372;176
2025-07-10T15:15:12Z;-1170;;202
2025-07-10T15:18:52Z;-659;;713
2025-07-10T15:18:53Z;-1289;;83
2025-07-10T15:18:54Z;-1121;;251
2025-07-10T15:21:02Z;;1165;44
2025-07-10T15:21:04Z;;1287;166
2025-07-10T15:27:14Z;;1186;65
2025-07-10T15:27:16Z;;1214;93
2025-07-10T15:27:20Z;;1190;69
2025-07-10T15:27:23Z;;1213;92
2025-07-10T15:27:34Z;;1198;77
2025-07-10T15:27:36Z;;1208;87
2025-07-10T15:27:37Z;;1198;77
2025-07-10T15:27:39Z;;1204;83
2025-07-10T15:27:41Z;;1177;56
2025-07-10T15:27:43Z;;1212;91
2025-07-10T15:27:45Z;;1191;70
2025-07-10T15:27:46Z;;1216;95
2025-07-10T15:27:48Z;;1192;71
2025-07-10T15:27:50Z;;1200;79
2025-07-10T15:27:51Z;;1197;76
2025-07-10T15:27:53Z;;1211;90
2025-07-10T15:27:57Z;;1195;74
2025-07-10T15:27:59Z;;1201;80
2025-07-10T15:28:14Z;;1206;85
2025-07-10T15:28:16Z;;1201;80
2025-07-10T15:28:21Z;;1197;76
2025-07-10T15:28:23Z;;1209;88
2025-07-10T15:28:25Z;;1111;-10
2025-07-10T15:28:27Z;;1201;80
2025-07-10T15:28:29Z;;1195;74
2025-07-10T15:28:30Z;;1206;85
2025-07-10T15:28:32Z;;1196;75
2025-07-10T15:28:34Z;;1200;79
2025-07-10T15:28:36Z;;1192;71
2025-07-10T15:28:38Z;;1203;82
2025-07-10T15:28:39Z;;1190;69
2025-07-10T15:28:45Z;;1200;79
2025-07-10T15:28:46Z;;1194;73
2025-07-10T15:28:47Z;;1204;83
2025-07-10T15:28:50Z;;1199;78
2025-07-10T15:28:52Z;;1207;86
2025-07-10T15:28:54Z;;1199;78
2025-07-10T15:28:55Z;;1200;79
2025-07-10T15:28:57Z;;1198;77
2025-07-10T15:28:59Z;;1193;72
2025-07-10T15:29:01Z;;1200;79
2025-07-10T15:29:02Z;;1202;81
2025-07-10T15:29:04Z;;1194;73
2025-07-10T15:29:06Z;;1203;82
2025-07-10T15:29:08Z;;1188;67
2025-07-10T15:29:09Z;-999;;189
2025-07-10T15:29:10Z;-715;;473
2025-07-10T15:30:07Z;;1190;475
2025-07-10T15:30:12Z;-959;;231
2025-07-10T15:37:49Z;-908;;282
2025-07-10T15:37:50Z;-896;;294
2025-07-10T15:38:00Z;-902;;288
2025-07-10T15:38:01Z;-892;;298
2025-07-10T15:38:35Z;-896;;294
2025-07-10T15:38:39Z;-900;;290
2025-07-10T15:38:40Z;-901;;289
2025-07-10T15:38:41Z;-898;;292
2025-07-10T15:38:44Z;-904;;286
2025-07-10T15:38:45Z;-899;;291
2025-07-10T15:38:47Z;-901;;289
2025-07-10T15:38:52Z;-900;;290
2025-07-10T15:38:53Z;-895;;295
2025-07-10T15:38:58Z;-907;;283
2025-07-10T15:38:59Z;-905;;285
2025-07-10T15:39:01Z;-897;;293
2025-07-10T15:43:08Z;;681;-216
2025-07-10T15:43:10Z;;1020;123
2025-07-10T15:43:14Z;;725;-172
2025-07-10T15:43:16Z;;1028;131
2025-07-10T15:43:22Z;-524;;504
2025-07-10T15:43:23Z;-839;;189
2025-07-10T15:43:27Z;;897;58
2025-07-10T15:43:29Z;;1016;177
2025-07-10T15:44:34Z;-937;;79
2025-07-10T15:45:07Z;;995;58
2025-07-10T15:45:12Z;-952;;43
2025-07-10T15:47:02Z;-933;;62
2025-07-10T15:47:06Z;-894;;101
2025-07-10T15:47:39Z;-894;;101
2025-07-10T15:47:40Z;-905;;90
2025-07-10T15:48:12Z;-903;;92
2025-07-10T15:48:14Z;-899;;96
2025-07-10T15:48:16Z;-910;;85
2025-07-10T15:48:28Z;-890;;105
2025-07-10T15:48:34Z;-908;;87
2025-07-10T15:48:40Z;-899;;96
2025-07-10T15:48:42Z;-903;;92
2025-07-10T15:48:43Z;-895;;100
2025-07-10T15:48:47Z;-902;;93
2025-07-10T15:48:48Z;-898;;97
2025-07-10T15:48:50Z;-898;;97
2025-07-10T15:49:14Z;-890;;105
2025-07-10T15:49:15Z;-900;;95
2025-07-10T15:49:24Z;-895;;100
2025-07-10T15:49:25Z;-902;;93
2025-07-10T15:49:26Z;-868;844;-58
2025-07-10T15:49:27Z;-1096;;-252
2025-07-10T15:49:28Z;;921;-175
2025-07-10T15:49:30Z;;882;-214
2025-07-10T15:49:31Z;;929;-167
2025-07-10T15:52:04Z;;896;-200
2025-07-10T15:52:05Z;;902;-194
2025-07-10T15:52:13Z;;890;-206
2025-07-10T15:52:20Z;;888;-208
2025-07-10T15:52:24Z;;921;-175
2025-07-10T15:52:25Z;;921;-175
2025-07-10T15:52:46Z;;891;-205
2025-07-10T15:52:48Z;;914;-182
2025-07-10T15:52:59Z;;894;-202
2025-07-10T15:53:02Z;;903;-193
2025-07-10T15:53:04Z;;883;-213
2025-07-10T15:53:06Z;;901;-195
2025-07-10T15:53:08Z;;889;-207
2025-07-10T15:53:10Z;;903;-193
2025-07-10T15:53:13Z;;897;-199
2025-07-10T15:53:19Z;;906;-190
2025-07-10T15:53:22Z;;887;-209
2025-07-10T15:53:24Z;;902;-194
2025-07-10T15:53:26Z;;893;-203
2025-07-10T15:53:27Z;;905;-191
2025-07-10T15:53:29Z;;883;-213
2025-07-10T15:53:32Z;;908;-188
2025-07-10T15:53:34Z;;886;-210
2025-07-10T15:53:38Z;;900;-196
2025-07-10T15:53:42Z;;895;-201
2025-07-10T15:53:53Z;;904;-192
2025-07-10T15:53:55Z;;891;-205
2025-07-10T15:54:19Z;;903;-193
2025-07-10T15:54:21Z;;881;-215
2025-07-10T15:54:23Z;;900;-196
2025-07-10T15:54:24Z;;885;-211
2025-07-10T15:59:35Z;-751;;134
2025-07-10T15:59:37Z;-758;;127
2025-07-10T16:00:07Z;;806;48
2025-07-10T16:00:13Z;-755;;51
2025-07-10T16:05:55Z;;554;-201
2025-07-10T16:05:57Z;;743;-12
2025-07-10T16:09:34Z;-581;;162
2025-07-10T16:09:35Z;-624;;119
2025-07-10T16:09:54Z;-650;;93
2025-07-10T16:09:55Z;-598;;145
2025-07-10T16:09:56Z;-580;;163
2025-07-10T16:09:57Z;-587;;156
2025-07-10T16:10:24Z;-610;;133
2025-07-10T16:10:28Z;-571;;172
2025-07-10T16:10:32Z;-650;;93
2025-07-10T16:10:37Z;-591;;152
2025-07-10T16:10:50Z;-642;;101
2025-07-10T16:10:57Z;-568;;175
2025-07-10T16:11:02Z;-622;;121
2025-07-10T16:11:11Z;-634;;109
2025-07-10T16:11:23Z;-638;;105
2025-07-10T16:11:30Z;-575;;168
2025-07-10T16:11:34Z;-641;;102
2025-07-10T16:11:47Z;-630;;113
2025-07-10T16:11:51Z;-565;;178
2025-07-10T16:11:56Z;-631;;112
2025-07-10T16:12:07Z;-547;;196
2025-07-10T16:12:14Z;-625;;118
2025-07-10T16:12:18Z;334;;1077
2025-07-10T16:12:19Z;1142;;1885
2025-07-10T16:13:33Z;;531;1673
2025-07-10T16:13:35Z;;675;1817
2025-07-10T16:14:13Z;1276;;1951
2025-07-10T16:14:14Z;1127;;1802
2025-07-10T16:14:59Z;-588;;87
2025-07-10T16:15:07Z;;653;65
2025-07-10T16:15:12Z;-595;;58
2025-07-10T16:18:35Z;;593;-2
2025-07-10T16:18:39Z;;607;12
2025-07-10T16:18:44Z;;591;-4
2025-07-10T16:18:46Z;;602;7
2025-07-10T16:18:53Z;;602;7
2025-07-10T16:18:56Z;;603;8
2025-07-10T16:19:04Z;;583;-12
2025-07-10T16:19:07Z;;603;8
2025-07-10T16:19:12Z;;597;2
2025-07-10T16:19:14Z;;608;13
2025-07-10T16:19:16Z;;598;3
2025-07-10T16:19:18Z;;601;6
2025-07-10T16:19:20Z;;597;2
2025-07-10T16:19:22Z;;606;11
2025-07-10T16:19:24Z;;597;2
2025-07-10T16:19:36Z;;603;8
2025-07-10T16:19:38Z;;598;3
2025-07-10T16:19:59Z;;603;8
2025-07-10T16:20:01Z;;599;4
2025-07-10T16:20:03Z;;600;5
2025-07-10T16:20:05Z;;597;2
2025-07-10T16:20:09Z;-540;;57
2025-07-10T16:20:10Z;-182;;415
2025-07-10T16:20:16Z;;600;418
2025-07-10T16:20:18Z;;595;413
2025-07-10T16:20:41Z;1277;;1872
2025-07-10T16:20:48Z;1199;;1794
2025-07-10T16:20:49Z;1200;;1795
2025-07-10T16:20:53Z;1105;;1700
2025-07-10T16:20:56Z;1225;;1820
2025-07-10T16:20:57Z;1197;;1792
2025-07-10T16:20:59Z;1205;;1800
2025-07-10T16:21:08Z;1191;;1786
2025-07-10T16:21:12Z;1239;;1834
2025-07-10T16:21:13Z;1194;;1789
2025-07-10T16:21:15Z;1203;;1798
2025-07-10T16:21:25Z;1199;;1794
2025-07-10T16:21:28Z;1291;;1886
2025-07-10T16:21:42Z;1121;;1716
2025-07-10T16:21:44Z;1227;;1822
2025-07-10T16:21:45Z;1191;;1786
2025-07-10T16:21:48Z;1205;;1800
2025-07-10T16:21:58Z;1100;;1695
2025-07-10T16:22:01Z;1256;;1851
2025-07-10T16:22:14Z;1106;;1701
2025-07-10T16:22:17Z;1261;;1856
2025-07-10T16:22:31Z;1088;;1683
2025-07-10T16:22:33Z;1271;;1866
2025-07-10T16:22:34Z;1182;;1777
2025-07-10T16:22:36Z;1220;;1815
2025-07-10T16:22:47Z;1094;;1689
2025-07-10T16:22:49Z;1216;;1811
2025-07-10T16:22:51Z;1177;;1772
2025-07-10T16:22:53Z;1204;;1799
2025-07-10T16:23:03Z;1100;;1695
2025-07-10T16:23:06Z;1222;;1817
2025-07-10T16:23:07Z;1172;;1767
2025-07-10T16:23:09Z;1210;;1805
2025-07-10T16:23:10Z;1195;;1790
2025-07-10T16:23:14Z;1201;;1796
2025-07-10T16:23:16Z;1184;;1779
2025-07-10T16:23:17Z;1204;;1799
2025-07-10T16:23:19Z;1120;;1715
2025-07-10T16:23:22Z;1242;;1837
2025-07-10T16:23:24Z;1197;;1792
2025-07-10T16:23:25Z;1213;;1808
2025-07-10T16:23:33Z;1199;;1794
2025-07-10T16:23:34Z;1216;;1811
2025-07-10T16:23:36Z;1103;;1698
2025-07-10T16:23:38Z;1244;;1839
2025-07-10T16:23:40Z;1193;;1788
2025-07-10T16:23:41Z;1203;;1798
2025-07-10T16:23:54Z;1107;;1702
2025-07-10T16:23:55Z;1209;;1804
2025-07-10T16:24:08Z;1137;;1732
2025-07-10T16:24:11Z;1274;;1869
2025-07-10T16:24:24Z;1164;;1759
2025-07-10T16:24:27Z;1299;;1894
2025-07-10T16:24:41Z;1131;;1726
2025-07-10T16:24:43Z;1265;;1860
2025-07-10T16:24:57Z;1102;;1697
2025-07-10T16:24:59Z;1213;;1808
2025-07-10T16:25:13Z;1114;;1709
2025-07-10T16:25:16Z;1248;;1843
2025-07-10T16:25:30Z;1104;;1699
2025-07-10T16:25:32Z;1278;;1873
2025-07-10T16:25:34Z;1199;;1794
2025-07-10T16:25:35Z;1217;;1812
2025-07-10T16:25:46Z;1228;;1823
2025-07-10T16:25:47Z;-384;;211
2025-07-10T16:26:52Z;-473;;122
2025-07-10T16:26:53Z;-286;;309
2025-07-10T16:27:55Z;-479;;116
2025-07-10T16:27:57Z;-381;;214
2025-07-10T16:28:04Z;-357;;238
2025-07-10T16:28:06Z;;0;-357
2025-07-10T16:28:08Z;;494;137
2025-07-10T16:28:12Z;189;;683
2025-07-10T16:28:13Z;-317;;177
2025-07-10T16:29:50Z;-292;;202
2025-07-10T16:29:51Z;-334;;160
2025-07-10T16:30:07Z;;504;170
2025-07-10T16:30:14Z;-338;;166
2025-07-10T16:30:38Z;-378;;126
2025-07-10T16:30:39Z;-276;;228
2025-07-10T16:30:48Z;;8;-268
2025-07-10T16:30:49Z;-318;;-310
2025-07-10T16:30:51Z;;472;154
2025-07-10T16:30:53Z;-323;;149
2025-07-10T16:30:55Z;-270;;202
2025-07-10T16:30:56Z;-333;;139
2025-07-10T16:31:27Z;-349;;123
2025-07-10T16:31:29Z;-338;;134
2025-07-10T16:31:43Z;-390;;82
2025-07-10T16:31:44Z;-264;;208
2025-07-10T16:32:01Z;-413;;59
2025-07-10T16:32:02Z;-212;;260
2025-07-10T16:32:12Z;-316;;156
2025-07-10T16:32:13Z;-295;;177
2025-07-10T16:32:16Z;-323;;149
2025-07-10T16:32:19Z;-318;;154
2025-07-10T16:32:20Z;-298;;174
2025-07-10T16:32:22Z;-307;;165
2025-07-10T16:32:26Z;-299;;173
2025-07-10T16:32:27Z;-310;;162
2025-07-10T16:32:29Z;-294;;178
2025-07-10T16:32:30Z;-324;;148
2025-07-10T16:32:33Z;-292;;180
2025-07-10T16:32:34Z;-310;;162
2025-07-10T16:32:48Z;-207;;265
2025-07-10T16:32:50Z;-290;;182
2025-07-10T16:32:52Z;-321;;151
2025-07-10T16:32:53Z;-299;;173
2025-07-10T16:33:00Z;-300;;172
2025-07-10T16:33:01Z;-298;;174
2025-07-10T16:33:04Z;-422;;50
2025-07-10T16:33:05Z;-240;;232
2025-07-10T16:33:13Z;-300;;172
2025-07-10T16:33:15Z;-290;;182
2025-07-10T16:33:22Z;-270;;202
2025-07-10T16:33:23Z;-316;;156
2025-07-10T16:33:28Z;-288;;184
2025-07-10T16:33:29Z;-316;;156
2025-07-10T16:33:30Z;-285;;187
2025-07-10T16:33:34Z;-309;;163
2025-07-10T16:33:37Z;-338;;134
2025-07-10T16:33:39Z;-298;;174
2025-07-10T16:33:40Z;-311;;161
2025-07-10T16:33:41Z;-296;;176
2025-07-10T16:33:43Z;-307;;165
2025-07-10T16:33:45Z;-296;;176
2025-07-10T16:33:48Z;-304;;168
2025-07-10T16:33:52Z;-290;;182
2025-07-10T16:33:53Z;-411;;61
2025-07-10T16:33:54Z;-232;;240
2025-07-10T16:33:57Z;-294;;178
2025-07-10T16:34:07Z;-277;;195
2025-07-10T16:34:09Z;-399;;73
2025-07-10T16:34:11Z;-293;;179
2025-07-10T16:34:13Z;-300;;172
2025-07-10T16:34:15Z;-286;;186
2025-07-10T16:34:17Z;-301;;171
2025-07-10T16:34:23Z;-294;;178
2025-07-10T16:34:29Z;-306;;166
2025-07-10T16:34:31Z;-281;;191
2025-07-10T16:34:32Z;-300;;172
2025-07-10T16:34:36Z;-297;;175
2025-07-10T16:34:38Z;-286;;186
2025-07-10T16:34:39Z;-293;;179
2025-07-10T16:34:42Z;-353;;119
2025-07-10T16:34:43Z;-242;;230
2025-07-10T16:34:46Z;-302;;170
2025-07-10T16:34:56Z;-279;;193
2025-07-10T16:34:58Z;-391;;81
2025-07-10T16:35:12Z;-274;;198
2025-07-10T16:35:14Z;-294;;178
2025-07-10T16:35:16Z;-260;;212
2025-07-10T16:35:17Z;-306;;166
2025-07-10T16:35:29Z;-400;;72
2025-07-10T16:35:30Z;-393;;79
2025-07-10T16:35:39Z;-275;;197
2025-07-10T16:35:40Z;-303;;169
2025-07-10T16:35:44Z;-281;;191
2025-07-10T16:35:47Z;-388;;84
2025-07-10T16:36:01Z;-276;;196
2025-07-10T16:36:03Z;-396;;76
2025-07-10T16:36:17Z;-275;;197
2025-07-10T16:36:20Z;-310;;162
2025-07-10T16:36:33Z;-285;;187
2025-07-10T16:36:37Z;-244;;228
2025-07-10T16:36:50Z;-380;;92
2025-07-10T16:36:53Z;-211;;261
2025-07-10T16:37:07Z;-380;;92
2025-07-10T16:37:09Z;-206;;266
2025-07-10T16:37:22Z;-266;;206
2025-07-10T16:37:24Z;-377;;95
2025-07-10T16:37:38Z;-285;;187
2025-07-10T16:37:41Z;-309;;163
2025-07-10T16:37:54Z;-253;;219
2025-07-10T16:37:57Z;-381;;91
2025-07-10T16:38:11Z;-272;;200
2025-07-10T16:38:13Z;-375;;97
2025-07-10T16:38:27Z;-259;;213
2025-07-10T16:38:29Z;-384;;88
2025-07-10T16:38:44Z;-357;;115
2025-07-10T16:38:47Z;-183;;289
2025-07-10T16:39:01Z;-369;;103
2025-07-10T16:39:03Z;-171;;301
2025-07-10T16:39:16Z;-262;;210
2025-07-10T16:39:19Z;-222;;250
2025-07-10T16:39:32Z;-240;;232
2025-07-10T16:39:34Z;-370;;102
2025-07-10T16:39:48Z;-245;;227
2025-07-10T16:39:52Z;-204;;268
2025-07-10T16:40:05Z;-243;;229
2025-07-10T16:40:07Z;-359;;113
2025-07-10T16:40:21Z;-243;;229
2025-07-10T16:40:23Z;-355;;117
2025-07-10T16:40:37Z;-227;;245
2025-07-10T16:40:39Z;-350;;122
2025-07-10T16:40:54Z;-330;;142
2025-07-10T16:40:56Z;-358;;114
2025-07-10T16:41:10Z;-229;;243
2025-07-10T16:41:13Z;1374;;1846
2025-07-10T16:42:14Z;-350;;122
2025-07-10T16:42:27Z;-248;;224
2025-07-10T16:42:29Z;-347;;125
2025-07-10T16:42:43Z;-215;;257
2025-07-10T16:42:47Z;-135;;337
2025-07-10T16:43:00Z;-228;;244
2025-07-10T16:43:02Z;-336;;136
2025-07-10T16:43:16Z;-215;;257
2025-07-10T16:43:18Z;-339;;133
2025-07-10T16:43:33Z;-344;;128
2025-07-10T16:43:35Z;-270;;202
2025-07-10T16:43:49Z;-337;;135
2025-07-10T16:43:52Z;-151;;321
2025-07-10T16:44:04Z;2;;474
2025-07-10T16:45:07Z;;369;371
2025-07-10T16:45:12Z;-74;;295
2025-07-10T16:46:02Z;1;;370
2025-07-10T16:48:45Z;9;;378
2025-07-10T16:48:46Z;-54;;315
2025-07-10T16:49:03Z;58;;427
2025-07-10T16:49:32Z;;299;357
2025-07-10T16:49:34Z;;307;365
2025-07-10T16:49:43Z;;291;349
2025-07-10T16:49:45Z;;304;362
2025-07-10T16:49:52Z;46;;350
2025-07-10T16:49:57Z;;299;345
2025-07-10T16:49:59Z;;300;346
2025-07-10T16:50:00Z;1;;301
2025-07-10T16:50:01Z;-17;;283
2025-07-10T16:50:04Z;;295;278
2025-07-10T16:50:08Z;47;;342
2025-07-10T16:50:09Z;9;;304
2025-07-10T16:50:10Z;0;;295
2025-07-10T16:50:12Z;;300;300
2025-07-10T16:50:15Z;;299;299
2025-07-10T16:50:17Z;;300;300
2025-07-10T16:50:23Z;;299;299
2025-07-10T16:50:25Z;;309;309
2025-07-10T16:50:26Z;12;;321
2025-07-10T16:50:45Z;;297;309
2025-07-10T16:50:47Z;;303;315
2025-07-10T16:50:55Z;30;;333
2025-07-10T16:50:56Z;-26;;277
2025-07-10T16:51:13Z;12;;315
2025-07-10T16:51:14Z;;329;341
2025-07-10T16:51:15Z;-38;;291
2025-07-10T16:51:16Z;;0;-38
2025-07-10T16:51:17Z;-338;;-338
2025-07-10T16:51:18Z;-34;;-34
2025-07-10T16:51:54Z;;299;265
2025-07-10T16:51:56Z;;304;270
2025-07-10T16:52:00Z;62;;366
2025-07-10T16:52:01Z;;299;361
2025-07-10T16:52:03Z;;306;368
2025-07-10T16:52:16Z;4;;310
2025-07-10T16:52:27Z;;298;302
2025-07-10T16:52:29Z;;304;308
2025-07-10T16:52:31Z;;295;299
2025-07-10T16:52:33Z;;307;311
2025-07-10T16:52:34Z;;298;302
2025-07-10T16:52:36Z;;300;304
2025-07-10T16:52:47Z;;294;298
2025-07-10T16:52:49Z;;304;308
2025-07-10T16:52:51Z;13;;317
2025-07-10T16:52:57Z;;298;311
2025-07-10T16:52:59Z;5;301;314
2025-07-10T16:53:00Z;;295;300
2025-07-10T16:53:02Z;0;;295
2025-07-10T16:53:05Z;59;;354
2025-07-10T16:53:11Z;4;;299
2025-07-10T16:53:12Z;-10;;285
2025-07-10T16:53:14Z;10;;305
2025-07-10T16:53:15Z;-6;;289
2025-07-10T16:53:17Z;8;;303
2025-07-10T16:53:19Z;;300;308
2025-07-10T16:53:21Z;-130;291;299
2025-07-10T16:53:22Z;2;;293
2025-07-10T16:53:23Z;-13;;278
2025-07-10T16:53:25Z;-6;;285
2025-07-10T16:53:26Z;13;;304
2025-07-10T16:53:28Z;-3;;288
2025-07-10T16:53:33Z;7;;298
2025-07-10T16:53:35Z;-117;;174
2025-07-10T16:53:38Z;14;;305
2025-07-10T16:53:39Z;-7;;284
2025-07-10T16:53:41Z;3;;294
2025-07-10T16:53:42Z;-2;;289
2025-07-10T16:53:44Z;22;;313
2025-07-10T16:53:45Z;-1;;290
2025-07-10T16:53:46Z;9;;300
2025-07-10T16:53:48Z;-17;;274
2025-07-10T16:53:50Z;2;;293
2025-07-10T16:53:54Z;76;;367
2025-07-10T16:53:58Z;1;;292
2025-07-10T16:54:03Z;6;;297
2025-07-10T16:54:10Z;39;;330
2025-07-10T16:54:15Z;3;;294
2025-07-10T16:54:16Z;-3;;288
2025-07-10T16:54:18Z;6;;297
2025-07-10T16:54:19Z;0;;291
2025-07-10T16:54:32Z;0;;291
2025-07-10T16:54:34Z;0;;291
2025-07-10T16:54:37Z;0;;291
2025-07-10T16:54:43Z;20;;311
2025-07-10T16:54:46Z;0;;291
2025-07-10T16:54:49Z;-9;;282
2025-07-10T16:54:52Z;9;;300
2025-07-10T16:54:55Z;2;;293
2025-07-10T16:54:59Z;89;;380
2025-07-10T16:55:01Z;;300;389
2025-07-10T16:55:03Z;2;294;383
2025-07-10T16:55:06Z;12;;306
2025-07-10T16:55:08Z;0;;294
2025-07-10T16:55:12Z;2;;296
2025-07-10T16:55:15Z;28;;322
2025-07-10T16:55:16Z;6;;300
2025-07-10T16:55:19Z;7;;301
2025-07-10T16:55:28Z;0;;294
2025-07-10T16:55:31Z;13;;307
2025-07-10T16:55:32Z;20;;314
2025-07-10T16:55:34Z;2;;296
2025-07-10T16:55:35Z;0;;294
2025-07-10T16:55:41Z;19;;313
2025-07-10T16:55:44Z;13;;307
2025-07-10T16:55:48Z;24;;318
2025-07-10T16:55:51Z;8;;302
2025-07-10T16:55:54Z;19;;313
2025-07-10T16:55:59Z;-4;;290
2025-07-10T16:56:00Z;2;;296
2025-07-10T16:56:02Z;-13;;281
2025-07-10T16:56:06Z;85;;379
2025-07-10T16:56:07Z;-3;;291
2025-07-10T16:56:08Z;2;;296
2025-07-10T16:56:18Z;-88;;206
2025-07-10T16:56:20Z;34;;328
2025-07-10T16:56:22Z;-23;;271
2025-07-10T16:56:23Z;4;;298
2025-07-10T16:56:25Z;-6;;288
2025-07-10T16:56:26Z;1;;295
2025-07-10T16:56:32Z;-3;;291
2025-07-10T16:56:33Z;3;;297
2025-07-10T16:56:35Z;-108;;186
2025-07-10T16:56:39Z;2;;296
2025-07-10T16:56:43Z;-2;;292
2025-07-10T16:56:44Z;13;;307
2025-07-10T16:56:51Z;9;;303
2025-07-10T16:56:53Z;37;;331
2025-07-10T16:56:54Z;1;;295
2025-07-10T16:56:57Z;13;;307
2025-07-10T16:57:03Z;0;;294
2025-07-10T16:57:04Z;23;;317
2025-07-10T16:57:06Z;17;;311
2025-07-10T16:57:09Z;71;;365
2025-07-10T16:57:22Z;17;;311
2025-07-10T16:57:25Z;25;;319
2025-07-10T16:57:28Z;10;;304
2025-07-10T16:57:30Z;7;;301
2025-07-10T16:57:35Z;-12;;282
2025-07-10T16:57:37Z;19;;313
2025-07-10T16:57:38Z;13;;307
2025-07-10T16:57:42Z;39;;333
2025-07-10T16:57:43Z;6;;300
2025-07-10T16:57:45Z;13;;307
2025-07-10T16:57:54Z;21;;315
2025-07-10T16:58:01Z;63;;357
2025-07-10T16:58:02Z;17;;311
2025-07-10T16:58:04Z;19;;313
2025-07-10T16:58:06Z;15;;309
2025-07-10T16:58:12Z;-103;;191
2025-07-10T16:58:14Z;55;;349
2025-07-10T16:58:16Z;-4;;290
2025-07-10T16:58:17Z;19;;313
2025-07-10T16:58:28Z;-91;;203
2025-07-10T16:58:30Z;18;;312
2025-07-10T16:58:44Z;-87;;207
2025-07-10T16:58:47Z;66;;360
2025-07-10T16:58:49Z;0;;294
2025-07-10T16:58:50Z;35;;329
2025-07-10T16:59:00Z;4;;298
2025-07-10T16:59:03Z;121;;415
2025-07-10T16:59:16Z;22;;316
2025-07-10T16:59:19Z;71;;365
2025-07-10T16:59:32Z;35;;329
2025-07-10T16:59:35Z;28;;322
2025-07-10T16:59:48Z;28;;322
2025-07-10T16:59:52Z;61;;355
2025-07-10T17:00:05Z;38;;332
2025-07-10T17:00:07Z;;267;305
2025-07-10T17:00:08Z;108;;375
2025-07-10T17:00:12Z;-98;;169
2025-07-10T17:00:21Z;27;;294
2025-07-10T17:00:24Z;21;;288
2025-07-10T17:00:37Z;35;;302
2025-07-10T17:00:40Z;16;;283
2025-07-10T17:00:53Z;44;;311
2025-07-10T17:00:57Z;95;;362
2025-07-10T17:01:11Z;-60;;207
2025-07-10T17:01:13Z;96;;363
2025-07-10T17:01:27Z;-45;;222
2025-07-10T17:01:28Z;25;;292
2025-07-10T17:01:31Z;;627;652
2025-07-10T17:01:33Z;;219;225
2025-07-10T17:01:42Z;69;;336
2025-07-10T17:01:45Z;37;;304
2025-07-10T17:01:58Z;78;;345
2025-07-10T17:02:01Z;4;;271
2025-07-10T17:02:15Z;72;;339
2025-07-10T17:02:18Z;85;;352
2025-07-10T17:02:32Z;-70;;197
2025-07-10T17:02:34Z;36;;303
2025-07-10T17:02:47Z;34;;301
2025-07-10T17:02:50Z;6;;273
2025-07-10T17:03:04Z;40;;259
2025-07-10T17:03:07Z;113;;332
2025-07-10T17:03:21Z;-65;;154
2025-07-10T17:03:23Z;78;;297
2025-07-10T17:03:37Z;-56;;163
2025-07-10T17:03:39Z;52;;271
2025-07-10T17:03:52Z;66;;285
2025-07-10T17:03:55Z;20;;239
2025-07-10T17:04:09Z;64;;283
2025-07-10T17:04:12Z;137;;356
2025-07-10T17:04:26Z;-52;;167
2025-07-10T17:04:28Z;65;;284
2025-07-10T17:04:42Z;-43;;176
2025-07-10T17:04:44Z;42;;261
2025-07-10T17:04:58Z;-16;;203
2025-07-10T17:05:00Z;24;;243
2025-07-10T17:05:14Z;77;;296
2025-07-10T17:05:17Z;163;;382
2025-07-10T17:05:30Z;69;;288
2025-07-10T17:05:33Z;57;;276
2025-07-10T17:05:46Z;86;;305
2025-07-10T17:05:49Z;57;;276
2025-07-10T17:06:04Z;-21;;198
2025-07-10T17:06:06Z;131;;350
2025-07-10T17:06:20Z;-32;;187
2025-07-10T17:06:22Z;114;;333
2025-07-10T17:06:36Z;-27;;192
2025-07-10T17:06:38Z;74;;293
2025-07-10T17:06:51Z;70;;289
2025-07-10T17:06:54Z;54;;273
2025-07-10T17:07:08Z;84;;303
2025-07-10T17:07:11Z;167;;386
2025-07-10T17:07:24Z;81;;300
2025-07-10T17:07:27Z;97;;316
2025-07-10T17:07:40Z;86;;305
2025-07-10T17:07:43Z;63;;282
2025-07-10T17:07:56Z;96;;315
2025-07-10T17:07:59Z;35;;254
2025-07-10T17:08:14Z;-29;;190
2025-07-10T17:08:16Z;161;;380
2025-07-10T17:08:30Z;-31;;188
2025-07-10T17:08:32Z;73;;292
2025-07-10T17:08:46Z;-25;;194
2025-07-10T17:08:48Z;73;;292
2025-07-10T17:09:01Z;86;;305
2025-07-10T17:09:05Z;154;;373
2025-07-10T17:09:18Z;106;;325
2025-07-10T17:09:21Z;181;;400
2025-07-10T17:09:35Z;-16;;203
2025-07-10T17:09:37Z;79;;298
2025-07-10T17:09:51Z;-20;;199
2025-07-10T17:09:53Z;53;;272
2025-07-10T17:10:06Z;111;;330
2025-07-10T17:10:10Z;153;;372
2025-07-10T17:10:23Z;108;;327
2025-07-10T17:10:26Z;164;;383
2025-07-10T17:10:39Z;113;;332
2025-07-10T17:10:42Z;84;;303
2025-07-10T17:10:55Z;105;;324
2025-07-10T17:10:58Z;58;;277
2025-07-10T17:11:12Z;-7;;212
2025-07-10T17:11:15Z;179;;398
2025-07-10T17:11:29Z;-7;;212
2025-07-10T17:11:31Z;163;;382
2025-07-10T17:11:32Z;401;;620
2025-07-10T17:11:34Z;104;;323
2025-07-10T17:11:45Z;-8;;211
2025-07-10T17:11:47Z;89;;308
2025-07-10T17:12:00Z;106;;325
2025-07-10T17:12:03Z;34;;253
2025-07-10T17:12:17Z;87;;306
2025-07-10T17:12:20Z;162;;381
2025-07-10T17:12:33Z;103;;322
2025-07-10T17:12:36Z;153;;372
2025-07-10T17:12:49Z;121;;340
2025-07-10T17:12:52Z;84;;303
2025-07-10T17:13:05Z;114;;333
2025-07-10T17:13:08Z;9;;228
2025-07-10T17:13:10Z;167;;386
2025-07-10T17:13:22Z;112;;331
2025-07-10T17:13:25Z;201;;420
2025-07-10T17:13:39Z;-1;;218
2025-07-10T17:13:41Z;135;;354
2025-07-10T17:13:55Z;-12;;207
2025-07-10T17:13:57Z;70;;289
2025-07-10T17:14:10Z;111;;330
2025-07-10T17:14:14Z;149;;368
2025-07-10T17:14:27Z;111;;330
2025-07-10T17:14:30Z;175;;394
2025-07-10T17:14:43Z;108;;327
2025-07-10T17:14:46Z;126;;345
2025-07-10T17:14:59Z;96;;315
2025-07-10T17:15:02Z;51;;270
2025-07-10T17:15:07Z;;178;229
2025-07-10T17:15:12Z;115;;293
2025-07-10T17:15:16Z;0;;178
2025-07-10T17:15:19Z;177;;355
2025-07-10T17:15:32Z;105;;283
2025-07-10T17:15:35Z;156;;334
2025-07-10T17:15:48Z;111;;289
2025-07-10T17:15:51Z;90;;268
2025-07-10T17:15:54Z;97;;275
2025-07-10T17:16:08Z;27;;205
2025-07-10T17:16:15Z;1;;179
2025-07-10T17:16:24Z;84;;262
2025-07-10T17:16:25Z;-16;;162
2025-07-10T17:16:32Z;4;;182
2025-07-10T17:16:33Z;-9;;169
2025-07-10T17:16:40Z;13;;191
2025-07-10T17:16:41Z;-6;;172
2025-07-10T17:16:57Z;10;;188
2025-07-10T17:16:58Z;-18;;160
2025-07-10T17:17:00Z;3;;181
2025-07-10T17:17:02Z;0;;178
2025-07-10T17:17:04Z;0;;178
2025-07-10T17:17:13Z;44;;222
2025-07-10T17:17:15Z;4;;182
2025-07-10T17:17:19Z;2;;180
2025-07-10T17:17:21Z;0;;178
2025-07-10T17:17:30Z;45;;223
2025-07-10T17:17:36Z;3;;181
2025-07-10T17:17:41Z;0;;178
2025-07-10T17:17:46Z;6;;184
2025-07-10T17:17:49Z;3;;181
2025-07-10T17:17:50Z;6;;184
2025-07-10T17:17:57Z;6;;184
2025-07-10T17:17:58Z;6;;184
2025-07-10T17:18:01Z;22;;200
2025-07-10T17:18:02Z;22;;200
2025-07-10T17:18:06Z;5;;183
2025-07-10T17:18:09Z;0;;178
2025-07-10T17:18:10Z;6;;184
2025-07-10T17:18:14Z;7;;185
2025-07-10T17:18:18Z;58;;236
2025-07-10T17:18:22Z;1;;179
2025-07-10T17:18:23Z;0;;178
2025-07-10T17:18:30Z;0;;178
2025-07-10T17:18:31Z;7;;185
2025-07-10T17:18:34Z;58;;236
2025-07-10T17:18:41Z;-13;;165
2025-07-10T17:18:48Z;-118;;60
2025-07-10T17:18:51Z;4;;182
2025-07-10T17:18:52Z;-24;;154
2025-07-10T17:18:54Z;6;;184
2025-07-10T17:18:59Z;0;;178
2025-07-10T17:19:00Z;7;;185
2025-07-10T17:19:02Z;0;;178
2025-07-10T17:19:03Z;14;;192
2025-07-10T17:19:04Z;-112;;66
2025-07-10T17:19:07Z;53;;231
2025-07-10T17:19:13Z;-4;;174
2025-07-10T17:19:14Z;13;;191
2025-07-10T17:19:21Z;0;;178
2025-07-10T17:19:23Z;92;;270
2025-07-10T17:19:25Z;4;;182
2025-07-10T17:19:27Z;2;;180
2025-07-10T17:19:28Z;5;;183
2025-07-10T17:19:31Z;7;;185
2025-07-10T17:19:33Z;8;;186
2025-07-10T17:19:36Z;0;;178
2025-07-10T17:19:39Z;33;;211
2025-07-10T17:19:40Z;0;;178
2025-07-10T17:19:43Z;9;;187
2025-07-10T17:19:45Z;6;;184
2025-07-10T17:19:49Z;3;;181
2025-07-10T17:19:51Z;9;;187
2025-07-10T17:19:52Z;13;;191
2025-07-10T17:20:01Z;17;;195
2025-07-10T17:20:06Z;16;;194
2025-07-10T17:20:11Z;10;;188
2025-07-10T17:20:12Z;77;;255
2025-07-10T17:20:13Z;6;;184
2025-07-10T17:20:18Z;8;;186
2025-07-10T17:20:19Z;0;;178
2025-07-10T17:20:22Z;1;;179
2025-07-10T17:20:24Z;11;;189
2025-07-10T17:20:28Z;79;;257
2025-07-10T17:20:29Z;2;;180
2025-07-10T17:20:31Z;14;;192
2025-07-10T17:20:34Z;1;;179
2025-07-10T17:20:36Z;10;;188
2025-07-10T17:20:38Z;0;;178
2025-07-10T17:20:44Z;26;;204
2025-07-10T17:20:45Z;9;;187
2025-07-10T17:20:47Z;12;;190
2025-07-10T17:20:57Z;13;;191
2025-07-10T17:21:01Z;15;;193
2025-07-10T17:21:03Z;3;;181
2025-07-10T17:21:05Z;9;;187
2025-07-10T17:21:06Z;25;;203
2025-07-10T17:21:08Z;11;;189
2025-07-10T17:21:13Z;21;;199
2025-07-10T17:21:17Z;83;;261
2025-07-10T17:21:20Z;14;;192
2025-07-10T17:21:22Z;13;;191
2025-07-10T17:21:24Z;7;;185
2025-07-10T17:21:30Z;13;;191
2025-07-10T17:21:33Z;85;;263
2025-07-10T17:21:36Z;15;;193
2025-07-10T17:21:47Z;-99;;79
2025-07-10T17:21:49Z;16;;194
2025-07-10T17:21:51Z;-7;;171
2025-07-10T17:21:52Z;4;;182
2025-07-10T17:22:05Z;-105;;73
2025-07-10T17:22:06Z;55;;233
2025-07-10T17:22:07Z;-2;;176
2025-07-10T17:22:09Z;11;;189
2025-07-10T17:22:10Z;0;;178
2025-07-10T17:22:11Z;15;;193
2025-07-10T17:22:13Z;-7;;171
2025-07-10T17:22:14Z;6;;184
2025-07-10T17:22:18Z;21;;199
2025-07-10T17:22:22Z;116;;294
2025-07-10T17:22:35Z;23;;201
2025-07-10T17:22:39Z;0;;178
2025-07-10T17:22:41Z;10;;188
2025-07-10T17:22:51Z;18;;196
2025-07-10T17:22:54Z;6;;184
2025-07-10T17:22:55Z;22;;200
2025-07-10T17:22:57Z;7;;185
2025-07-10T17:23:07Z;29;;207
2025-07-10T17:23:11Z;62;;240
2025-07-10T17:23:12Z;8;;186
2025-07-10T17:23:14Z;24;;202
2025-07-10T17:23:17Z;0;;178
2025-07-10T17:23:24Z;6;;184
2025-07-10T17:23:26Z;25;;203
2025-07-10T17:23:27Z;113;;291
2025-07-10T17:23:40Z;43;;221
2025-07-10T17:23:43Z;56;;234
2025-07-10T17:23:44Z;40;;218
2025-07-10T17:23:46Z;24;;202
2025-07-10T17:23:57Z;-91;;87
2025-07-10T17:23:59Z;1;;179
2025-07-10T17:24:13Z;-93;;85
2025-07-10T17:24:16Z;87;;265
2025-07-10T17:24:30Z;-90;;88
2025-07-10T17:24:32Z;106;;284
2025-07-10T17:24:46Z;-92;;86
2025-07-10T17:24:48Z;35;;213
2025-07-10T17:24:49Z;39;;217
2025-07-10T17:24:51Z;21;;199
2025-07-10T17:25:01Z;26;;204
2025-07-10T17:25:05Z;55;;233
2025-07-10T17:25:17Z;40;;218
2025-07-10T17:25:21Z;106;;284
2025-07-10T17:25:34Z;33;;211
2025-07-10T17:25:37Z;64;;242
2025-07-10T17:25:50Z;34;;212
2025-07-10T17:25:53Z;28;;206
2025-07-10T17:26:06Z;31;;209
2025-07-10T17:26:10Z;49;;227
2025-07-10T17:26:22Z;33;;211
2025-07-10T17:26:26Z;128;;306
2025-07-10T17:26:39Z;26;;204
2025-07-10T17:26:42Z;78;;256
2025-07-10T17:26:56Z;-83;;95
2025-07-10T17:26:58Z;16;;194
2025-07-10T17:27:12Z;-82;;96
2025-07-10T17:27:14Z;4;;182
2025-07-10T17:27:29Z;-80;;98
2025-07-10T17:27:31Z;94;;272
2025-07-10T17:27:44Z;40;;218
2025-07-10T17:27:47Z;47;;225
2025-07-10T17:28:00Z;36;;214
2025-07-10T17:28:03Z;11;;189
2025-07-10T17:28:16Z;53;;231
2025-07-10T17:28:20Z;115;;293
2025-07-10T17:28:33Z;33;;211
2025-07-10T17:28:36Z;109;;287
2025-07-10T17:28:50Z;-79;;99
2025-07-10T17:28:52Z;38;;216
2025-07-10T17:29:05Z;42;;220
2025-07-10T17:29:08Z;10;;188
2025-07-10T17:29:22Z;-54;;124
2025-07-10T17:29:25Z;116;;294
2025-07-10T17:29:38Z;57;;235
2025-07-10T17:29:41Z;78;;256
2025-07-10T17:29:54Z;29;;207
2025-07-10T17:29:57Z;36;;214
2025-07-10T17:30:07Z;;117;153
2025-07-10T17:30:10Z;54;;171
2025-07-10T17:30:13Z;52;;169
2025-07-10T17:30:14Z;14;;131
2025-07-10T17:30:27Z;16;;133
2025-07-10T17:30:30Z;132;;249
2025-07-10T17:30:43Z;43;;160
2025-07-10T17:30:46Z;70;;187
2025-07-10T17:30:59Z;38;;155
2025-07-10T17:31:01Z;27;;144
2025-07-10T17:31:15Z;49;;166
2025-07-10T17:31:18Z;16;;133
2025-07-10T17:31:32Z;66;;183
2025-07-10T17:31:35Z;114;;231
2025-07-10T17:31:48Z;54;;171
2025-07-10T17:31:51Z;54;;171
2025-07-10T17:32:04Z;56;;173
2025-07-10T17:32:07Z;;0;56
2025-07-10T17:32:09Z;;96;152
2025-07-10T17:32:11Z;;0;56
2025-07-10T17:32:13Z;;108;164
2025-07-10T17:32:16Z;32;;140
2025-07-10T17:32:17Z;63;;171
2025-07-10T17:32:20Z;46;;154
2025-07-10T17:32:23Z;12;;120
2025-07-10T17:32:37Z;41;;149
2025-07-10T17:32:40Z;103;;211
2025-07-10T17:32:53Z;54;;162
2025-07-10T17:32:56Z;47;;155
2025-07-10T17:33:10Z;-61;;47
2025-07-10T17:33:12Z;26;;134
2025-07-10T17:33:27Z;-62;;46
2025-07-10T17:33:29Z;98;;206
2025-07-10T17:33:42Z;35;;143
2025-07-10T17:33:45Z;78;;186
2025-07-10T17:33:58Z;47;;155
2025-07-10T17:34:01Z;40;;148
2025-07-10T17:34:15Z;-57;;51
2025-07-10T17:34:17Z;26;;134
2025-07-10T17:34:32Z;-59;;49
2025-07-10T17:34:34Z;110;;218
2025-07-10T17:34:47Z;61;;169
2025-07-10T17:34:50Z;70;;178
2025-07-10T17:35:03Z;55;;163
2025-07-10T17:35:06Z;39;;147
2025-07-10T17:35:19Z;68;;176
2025-07-10T17:35:22Z;17;;125
2025-07-10T17:35:36Z;71;;179
2025-07-10T17:35:39Z;106;;214
2025-07-10T17:35:52Z;74;;182
2025-07-10T17:35:55Z;54;;162
2025-07-10T17:36:08Z;59;;167
2025-07-10T17:36:11Z;16;;124
2025-07-10T17:36:25Z;-49;;59
2025-07-10T17:36:28Z;129;;237
2025-07-10T17:36:42Z;-53;;55
2025-07-10T17:36:44Z;93;;201
2025-07-10T17:36:57Z;68;;176
2025-07-10T17:37:00Z;55;;163
2025-07-10T17:37:13Z;66;;174
2025-07-10T17:37:16Z;47;;155
2025-07-10T17:37:30Z;67;;175
2025-07-10T17:37:33Z;139;;247
2025-07-10T17:37:46Z;64;;172
2025-07-10T17:37:49Z;68;;176
2025-07-10T17:38:03Z;-46;;62
2025-07-10T17:38:05Z;52;;160
2025-07-10T17:38:19Z;-25;;83
2025-07-10T17:38:21Z;34;;142
2025-07-10T17:38:35Z;71;;179
2025-07-10T17:38:38Z;123;;231
2025-07-10T17:38:51Z;81;;189
2025-07-10T17:38:54Z;60;;168
2025-07-10T17:39:07Z;74;;182
2025-07-10T17:39:10Z;49;;157
2025-07-10T17:39:25Z;-45;;63
2025-07-10T17:39:27Z;120;;228
2025-07-10T17:39:40Z;84;;192
2025-07-10T17:39:43Z;92;;200
2025-07-10T17:39:56Z;72;;180
2025-07-10T17:39:59Z;59;;167
2025-07-10T17:40:12Z;81;;189
2025-07-10T17:40:15Z;53;;161
2025-07-10T17:40:29Z;77;;185
2025-07-10T17:40:32Z;140;;248
2025-07-10T17:40:46Z;-43;;65
2025-07-10T17:40:48Z;86;;194
2025-07-10T17:41:02Z;-42;;66
2025-07-10T17:41:04Z;91;;199
2025-07-10T17:41:18Z;-28;;80
2025-07-10T17:41:20Z;33;;141
2025-07-10T17:41:34Z;81;;189
2025-07-10T17:41:37Z;121;;229
2025-07-10T17:41:43Z;-40;;68
2025-07-10T17:41:53Z;53;;161
2025-07-10T17:41:58Z;77;;185
2025-07-10T17:42:09Z;53;;161
2025-07-10T17:42:14Z;71;;179
2025-07-10T17:42:25Z;78;;186
2025-07-10T17:42:40Z;-37;;71
2025-07-10T17:42:42Z;181;;289
2025-07-10T17:42:56Z;-38;;70
2025-07-10T17:42:58Z;71;;179
2025-07-10T17:43:11Z;85;;193
2025-07-10T17:43:14Z;59;;167
2025-07-10T17:43:28Z;93;;201
2025-07-10T17:43:31Z;128;;236
2025-07-10T17:43:44Z;86;;194
2025-07-10T17:43:47Z;92;;200
2025-07-10T17:44:00Z;85;;193
2025-07-10T17:44:03Z;71;;179
2025-07-10T17:44:17Z;-31;;77
2025-07-10T17:44:19Z;43;;151
2025-07-10T17:44:33Z;85;;193
2025-07-10T17:44:36Z;166;;274
2025-07-10T17:44:49Z;94;;202
2025-07-10T17:44:52Z;76;;184
2025-07-10T17:45:05Z;97;;205
2025-07-10T17:45:07Z;;75;172
2025-07-10T17:45:08Z;72;;147
2025-07-10T17:45:12Z;-29;;46
2025-07-10T17:45:22Z;12;;87
2025-07-10T17:45:24Z;29;;104
2025-07-10T17:45:39Z;-31;;44
2025-07-10T17:45:41Z;174;;249
2025-07-10T17:45:55Z;-25;;50
2025-07-10T17:45:57Z;74;;149
2025-07-10T17:46:11Z;-27;;48
2025-07-10T17:46:13Z;54;;129
2025-07-10T17:46:27Z;101;;176
2025-07-10T17:46:30Z;152;;227
2025-07-10T17:46:43Z;100;;175
2025-07-10T17:46:45Z;181;;256
2025-07-10T17:47:00Z;-29;;46
2025-07-10T17:47:02Z;75;;150
2025-07-10T17:47:15Z;88;;163
2025-07-10T17:47:18Z;62;;137
2025-07-10T17:47:32Z;104;;179
2025-07-10T17:47:35Z;136;;211
2025-07-10T17:47:48Z;95;;170
2025-07-10T17:47:51Z;111;;186
2025-07-10T17:48:04Z;92;;167
2025-07-10T17:48:07Z;69;;144
2025-07-10T17:48:21Z;-22;;53
2025-07-10T17:48:23Z;36;;111
2025-07-10T17:48:38Z;-23;;52
2025-07-10T17:48:40Z;175;;250
2025-07-10T17:48:53Z;109;;184
2025-07-10T17:48:57Z;12;;87
2025-07-10T17:49:07Z;85;;160
2025-07-10T17:49:49Z;38;;113
2025-07-10T17:49:53Z;148;;223
2025-07-10T17:50:00Z;49;;124
2025-07-10T17:50:03Z;129;;204
2025-07-10T17:50:10Z;63;;138
2025-07-10T17:50:14Z;158;;233
2025-07-10T17:50:21Z;58;;133
2025-07-10T17:50:24Z;51;;126
2025-07-10T17:50:33Z;-11;;64
2025-07-10T17:50:35Z;114;;189
2025-07-10T17:50:42Z;30;;105
2025-07-10T17:50:45Z;75;;150
2025-07-10T17:50:53Z;29;;104
2025-07-10T17:50:56Z;131;;206
2025-07-10T17:51:03Z;43;;118
2025-07-10T17:51:06Z;61;;136
2025-07-10T17:51:13Z;28;;103
2025-07-10T17:51:16Z;10;;85
2025-07-10T17:51:26Z;447;;522
2025-07-10T17:51:28Z;273;;348
2025-07-10T17:51:29Z;-5;;70
2025-07-10T17:51:32Z;-2;;73
2025-07-10T17:51:34Z;-1;;74
2025-07-10T17:51:40Z;-4;;71
2025-07-10T17:51:43Z;36;;111
2025-07-10T17:52:30Z;528;;603
2025-07-10T17:52:31Z;57;;132
2025-07-10T17:52:52Z;550;;625
2025-07-10T17:52:54Z;128;;203
2025-07-10T17:52:55Z;1;;76
2025-07-10T17:52:58Z;1;;76
2025-07-10T17:52:59Z;0;;75
2025-07-10T17:53:09Z;39;;114
2025-07-10T17:54:08Z;449;;524
2025-07-10T17:54:10Z;158;;233
2025-07-10T17:54:16Z;-1;;74
2025-07-10T17:54:25Z;-3;;72
2025-07-10T17:54:26Z;1;;76
2025-07-10T17:54:55Z;304;;379
2025-07-10T17:54:57Z;120;;195
2025-07-10T17:56:49Z;166;;241
2025-07-10T17:56:53Z;2;;77
2025-07-10T17:56:54Z;0;;75
2025-07-10T17:57:02Z;1;;76
2025-07-10T17:57:04Z;0;;75
2025-07-10T17:57:13Z;3;;78
2025-07-10T17:57:15Z;9;;84
2025-07-10T17:57:38Z;214;;289
2025-07-10T17:57:48Z;-5;;70
2025-07-10T17:57:53Z;50;;125
2025-07-10T17:58:01Z;59;;134
2025-07-10T17:58:04Z;2;;77
2025-07-10T17:58:07Z;38;;113
2025-07-10T17:58:17Z;-4;;71
2025-07-10T17:58:21Z;1;;76
2025-07-10T17:58:33Z;0;;75
2025-07-10T17:58:36Z;43;;118
2025-07-10T17:58:45Z;64;;139
2025-07-10T17:58:50Z;1;;76
2025-07-10T17:58:59Z;96;;171
2025-07-10T17:59:05Z;53;;128
2025-07-10T17:59:14Z;1;;76
2025-07-10T17:59:19Z;54;;129
2025-07-10T17:59:29Z;0;;75
2025-07-10T17:59:34Z;99;;174
2025-07-10T17:59:42Z;113;;188
2025-07-10T17:59:48Z;54;;129
2025-07-10T17:59:57Z;-3;;72
2025-07-10T18:00:03Z;124;;199
2025-07-10T18:00:07Z;;51;175
2025-07-10T18:00:12Z;-4;;47
2025-07-10T18:00:15Z;100;;151
2025-07-10T18:00:19Z;58;;109
2025-07-10T18:00:26Z;-7;;44
2025-07-10T18:00:32Z;134;;185
2025-07-10T18:00:41Z;115;;166
2025-07-10T18:00:46Z;74;;125
2025-07-10T18:00:54Z;126;;177
2025-07-10T18:01:00Z;53;;104
2025-07-10T18:01:09Z;109;;160
2025-07-10T18:01:15Z;75;;126
2025-07-10T18:01:24Z;105;;156
2025-07-10T18:01:29Z;53;;104
2025-07-10T18:01:37Z;96;;147
2025-07-10T18:01:44Z;126;;177
2025-07-10T18:01:53Z;125;;176
2025-07-10T18:01:58Z;65;;116
2025-07-10T18:02:07Z;0;;51
2025-07-10T18:02:12Z;20;;71
2025-07-10T18:02:21Z;116;;167
2025-07-10T18:02:26Z;7;;58
2025-07-10T18:02:28Z;427;;478
2025-07-10T18:02:36Z;209;;260
2025-07-10T18:02:38Z;;321;530
2025-07-10T18:02:40Z;;47;256
2025-07-10T18:03:23Z;329;;376
2025-07-10T18:03:24Z;264;;311
2025-07-10T18:03:41Z;344;;391
2025-07-10T18:03:43Z;614;;661
2025-07-10T18:03:44Z;176;;223
2025-07-10T18:05:07Z;394;;441
2025-07-10T18:05:09Z;288;;335
2025-07-10T18:06:13Z;328;;375
2025-07-10T18:06:15Z;137;;184
2025-07-10T18:08:46Z;305;;352
2025-07-10T18:08:48Z;288;;335
2025-07-10T18:12:43Z;494;;541
2025-07-10T18:12:45Z;98;;145
2025-07-10T18:14:56Z;1550;;1597
2025-07-10T18:14:57Z;318;;365
2025-07-10T18:14:58Z;293;;340
2025-07-10T18:15:07Z;;33;326
2025-07-10T18:15:10Z;325;;358
2025-07-10T18:15:11Z;256;;289
2025-07-10T18:15:14Z;143;;176
2025-07-10T18:15:24Z;328;;361
2025-07-10T18:15:25Z;285;;318
2025-07-10T18:15:39Z;311;;344
2025-07-10T18:15:40Z;242;;275
2025-07-10T18:17:03Z;303;;336
2025-07-10T18:17:04Z;268;;301
2025-07-10T18:17:13Z;366;;399
2025-07-10T18:17:14Z;621;;654
2025-07-10T18:17:15Z;384;;417
2025-07-10T18:17:17Z;297;;330
2025-07-10T18:17:18Z;313;;346
2025-07-10T18:17:19Z;148;;181
2025-07-10T18:18:19Z;338;;371
2025-07-10T18:18:22Z;274;;307
2025-07-10T18:19:18Z;316;;349
2025-07-10T18:19:21Z;279;;312
2025-07-10T18:19:29Z;301;;334
2025-07-10T18:19:30Z;299;;332
2025-07-10T18:19:32Z;306;;339
2025-07-10T18:19:39Z;296;;329
2025-07-10T18:19:40Z;301;;334
2025-07-10T18:19:43Z;298;;331
2025-07-10T18:19:47Z;303;;336
2025-07-10T18:20:40Z;153;;186
2025-07-10T18:23:02Z;;9;162
2025-07-10T18:23:04Z;;423;576
2025-07-10T18:23:29Z;315;;738
2025-07-10T18:23:30Z;199;;622
2025-07-10T18:23:50Z;317;;740
2025-07-10T18:23:51Z;208;;631
2025-07-10T18:24:00Z;431;;854
2025-07-10T18:24:01Z;639;;1062
2025-07-10T18:24:02Z;291;;714
2025-07-10T18:24:03Z;300;;723
2025-07-10T18:24:05Z;279;;702
2025-07-10T18:24:08Z;300;;723
2025-07-10T18:24:09Z;277;;700
2025-07-10T18:24:11Z;301;;724
2025-07-10T18:29:01Z;601;;1024
2025-07-10T18:29:08Z;599;;1022
2025-07-10T18:30:07Z;;6;605
2025-07-10T18:30:12Z;562;;568
2025-07-10T18:31:41Z;173;;179
2025-07-10T18:33:06Z;616;2;175
2025-07-10T18:33:08Z;181;;183
2025-07-10T18:33:10Z;;3;184
2025-07-10T18:34:19Z;;0;181
2025-07-10T18:34:21Z;;1;182
2025-07-10T18:34:23Z;;0;181
2025-07-10T18:34:26Z;;1;182
2025-07-10T18:34:28Z;;0;181
2025-07-10T18:34:34Z;;0;181
2025-07-10T18:34:37Z;;0;181
2025-07-10T18:34:39Z;;0;181
2025-07-10T18:34:42Z;;0;181
2025-07-10T18:39:17Z;;10;191
2025-07-10T18:39:19Z;;0;181
2025-07-10T18:43:16Z;-252;;-252
2025-07-10T18:43:17Z;168;;168
2025-07-10T18:45:07Z;;0;168
2025-07-10T18:45:12Z;175;;175
2025-07-10T19:00:07Z;;0;175
2025-07-10T19:00:12Z;44;;44
2025-07-10T19:15:07Z;;0;44
2025-07-10T19:15:12Z;40;;40
2025-07-10T19:30:07Z;;0;40
2025-07-10T19:34:48Z;310;;310
2025-07-10T19:43:04Z;460;;460
2025-07-10T19:43:06Z;87;;87
2025-07-10T19:45:07Z;;0;1722
2025-07-10T19:45:12Z;1566;;1566
2025-07-10T19:45:15Z;138;;138
2025-07-10T19:46:33Z;1843;;1843
2025-07-10T19:46:34Z;1722;;1722
2025-07-10T19:47:41Z;1800;;1800
2025-07-10T19:47:43Z;1704;;1704
2025-07-10T19:52:37Z;267;;267
2025-07-10T19:52:42Z;1649;;1649
2025-07-10T19:53:13Z;294;;294
2025-07-10T19:53:22Z;325;;325
2025-07-10T19:53:24Z;1745;;1745
2025-07-10T19:53:31Z;1821;;1821
2025-07-10T19:53:32Z;1796;;1796
2025-07-10T19:53:48Z;336;;336
2025-07-10T19:54:05Z;1735;;1735
2025-07-10T19:54:17Z;1872;;1872
2025-07-10T19:54:31Z;277;;277
2025-07-10T19:54:32Z;350;;350
2025-07-10T19:54:45Z;1746;;1746
2025-07-10T19:54:49Z;1802;;1802
2025-07-10T19:54:57Z;1801;;1801
2025-07-10T19:54:59Z;1793;;1793
2025-07-10T19:55:10Z;402;;402
2025-07-10T19:55:13Z;277;;277
2025-07-10T19:55:14Z;358;;358
2025-07-10T19:55:27Z;1817;;1817
2025-07-10T19:55:29Z;1817;;1817
2025-07-10T19:55:33Z;1766;;1766
2025-07-10T19:55:38Z;1818;;1818
2025-07-10T19:55:39Z;1799;;1799
2025-07-10T19:55:41Z;1803;;1803
2025-07-10T19:55:43Z;1798;;1798
2025-07-10T19:55:44Z;1806;;1806
2025-07-10T19:55:45Z;1756;;1756
2025-07-10T19:55:47Z;1834;;1834
2025-07-10T19:55:53Z;1757;;1757
2025-07-10T19:55:55Z;357;;357
2025-07-10T19:56:09Z;1803;;1803
2025-07-10T19:56:10Z;1795;;1795
2025-07-10T19:56:11Z;1807;;1807
2025-07-10T19:56:12Z;1758;;1758
2025-07-10T19:56:15Z;1807;;1807
2025-07-10T19:56:20Z;1756;;1756
2025-07-10T19:56:23Z;1804;;1804
2025-07-10T19:56:26Z;1796;;1796
2025-07-10T19:56:28Z;1799;;1799
2025-07-10T19:56:33Z;1852;;1852
2025-07-10T19:56:37Z;414;;414
2025-07-10T19:56:48Z;1804;;1804
2025-07-10T19:56:50Z;1798;;1798
2025-07-10T19:56:51Z;1810;;1810
2025-07-10T19:56:53Z;1753;;1753
2025-07-10T19:56:55Z;1829;;1829
2025-07-10T19:57:01Z;1754;;1754
2025-07-10T19:57:05Z;1801;;1801
2025-07-10T19:57:10Z;1766;;1766
2025-07-10T19:57:13Z;1802;;1802
2025-07-10T19:57:20Z;1756;;1756
2025-07-10T19:57:21Z;349;;349
2025-07-10T19:57:31Z;1782;;1782
2025-07-10T19:57:32Z;1848;;1848
2025-07-10T19:57:37Z;1772;;1772
2025-07-10T19:57:41Z;1869;;1869
2025-07-10T19:57:47Z;1798;;1798
2025-07-10T19:57:54Z;1811;;1811
2025-07-10T19:57:56Z;1794;;1794
2025-07-10T19:57:58Z;1807;;1807
2025-07-10T19:58:01Z;1758;;1758
2025-07-10T19:58:02Z;356;;356
2025-07-10T19:58:10Z;1762;;1762
2025-07-10T19:58:12Z;1806;;1806
2025-07-10T19:58:18Z;1755;;1755
2025-07-10T19:58:23Z;1827;;1827
2025-07-10T19:58:27Z;1757;;1757
2025-07-10T19:58:31Z;1817;;1817
2025-07-10T19:58:34Z;1797;;1797
2025-07-10T19:58:40Z;1834;;1834
2025-07-10T19:58:44Z;403;;403
2025-07-10T19:58:50Z;654;;654
2025-07-10T19:58:52Z;1803;;1803
2025-07-10T19:58:53Z;1797;;1797
2025-07-10T19:58:54Z;1802;;1802
2025-07-10T19:58:55Z;1787;;1787
2025-07-10T19:58:56Z;1815;;1815
2025-07-10T19:58:57Z;1759;;1759
2025-07-10T19:59:04Z;1816;;1816
2025-07-10T19:59:05Z;1797;;1797
2025-07-10T19:59:06Z;1801;;1801
2025-07-10T19:59:08Z;1757;;1757
2025-07-10T19:59:12Z;1807;;1807
2025-07-10T19:59:17Z;1759;;1759
2025-07-10T19:59:20Z;1805;;1805
2025-07-10T19:59:21Z;1781;;1781
2025-07-10T19:59:23Z;401;;401
2025-07-10T19:59:31Z;1516;;1516
2025-07-10T19:59:33Z;1824;;1824
2025-07-10T19:59:34Z;1788;;1788
2025-07-10T19:59:39Z;1830;;1830
2025-07-10T19:59:42Z;1797;;1797
2025-07-10T19:59:48Z;1827;;1827
2025-07-10T19:59:49Z;1787;;1787
2025-07-10T19:59:51Z;1801;;1801
2025-07-10T19:59:52Z;1793;;1793
2025-07-10T19:59:59Z;1855;;1855
2025-07-10T20:00:00Z;1796;;1796
2025-07-10T20:00:01Z;578;;578
2025-07-10T20:00:12Z;1769;;1769
2025-07-10T20:00:16Z;;0;1769
2025-07-10T20:00:17Z;355;;355
2025-07-10T20:00:21Z;1804;;1804
2025-07-10T20:00:34Z;377;;377
2025-07-10T20:01:17Z;1815;;1815
2025-07-10T20:01:56Z;1848;;1848
2025-07-10T20:02:00Z;1782;;1782
2025-07-10T20:02:04Z;1850;;1850
2025-07-10T20:02:06Z;399;;399
2025-07-10T20:02:36Z;1833;;1833
2025-07-10T20:02:38Z;1785;;1785
2025-07-10T20:02:41Z;1837;;1837
2025-07-10T20:02:46Z;1764;;1764
2025-07-10T20:02:49Z;1830;;1830
2025-07-10T20:02:52Z;1796;;1796
2025-07-10T20:02:55Z;1807;;1807
2025-07-10T20:02:56Z;1756;;1756
2025-07-10T20:03:06Z;1829;;1829
2025-07-10T20:03:07Z;1804;;1804
2025-07-10T20:03:08Z;1772;;1772
2025-07-10T20:03:12Z;1841;;1841
2025-07-10T20:03:13Z;1792;;1792
2025-07-10T20:03:15Z;1801;;1801
2025-07-10T20:03:21Z;1817;;1817
2025-07-10T20:03:23Z;1775;;1775
2025-07-10T20:04:29Z;1833;;1833
2025-07-10T20:04:30Z;1777;;1777
2025-07-10T20:04:50Z;1802;;1802
2025-07-10T20:05:05Z;1861;;1861
2025-07-10T20:05:07Z;1783;;1783
2025-07-10T20:05:16Z;307;;307
2025-07-10T20:05:19Z;1387;;1387
2025-07-10T20:05:21Z;1752;;1752
2025-07-10T20:05:25Z;353;;353
2025-07-10T20:05:48Z;628;;628
2025-07-10T20:05:50Z;431;;431
2025-07-10T20:08:19Z;604;;604
2025-07-10T20:08:22Z;574;;574
2025-07-10T20:08:23Z;643;;643
2025-07-10T20:08:52Z;598;;598
2025-07-10T20:08:54Z;604;;604
2025-07-10T20:12:14Z;339;;339
2025-07-10T20:15:16Z;;0;339
2025-07-10T20:16:09Z;1939;;1939
2025-07-10T20:16:19Z;1795;;1795
2025-07-10T20:16:20Z;1802;;1802
2025-07-10T20:16:22Z;1799;;1799
2025-07-10T20:16:23Z;1861;;1861
2025-07-10T20:16:28Z;1797;;1797
2025-07-10T20:16:31Z;1834;;1834
2025-07-10T20:16:37Z;1786;;1786
2025-07-10T20:16:39Z;1810;;1810
2025-07-10T20:16:46Z;1780;;1780
2025-07-10T20:16:50Z;1815;;1815
2025-07-10T20:16:56Z;1764;;1764
2025-07-10T20:20:47Z;281;;281
2025-07-10T20:20:55Z;1695;;1695
2025-07-10T20:21:18Z;269;;269
2025-07-10T20:21:22Z;315;;315
2025-07-10T20:21:23Z;265;;265
2025-07-10T20:21:31Z;314;;314
2025-07-10T20:21:32Z;271;;271
2025-07-10T20:21:36Z;1687;;1687
2025-07-10T20:21:53Z;275;;275
2025-07-10T20:22:17Z;1699;;1699
2025-07-10T20:22:32Z;269;;269
2025-07-10T20:22:39Z;309;;309
2025-07-10T20:22:40Z;267;;267
2025-07-10T20:22:48Z;316;;316
2025-07-10T20:22:49Z;255;;255
2025-07-10T20:23:00Z;1718;;1718
2025-07-10T20:23:15Z;262;;262
2025-07-10T20:23:29Z;302;;302
2025-07-10T20:23:31Z;272;;272
2025-07-10T20:23:40Z;1714;;1714
2025-07-10T20:24:02Z;265;;265
2025-07-10T20:24:20Z;310;;310
2025-07-10T20:24:21Z;1715;;1715
2025-07-10T20:24:45Z;219;;219
2025-07-10T20:24:47Z;300;;300
2025-07-10T20:24:48Z;268;;268
2025-07-10T20:25:01Z;1661;;1661
2025-07-10T20:25:30Z;272;;272
2025-07-10T20:25:36Z;305;;305
2025-07-10T20:25:37Z;260;;260
2025-07-10T20:25:45Z;1657;;1657
2025-07-10T20:26:12Z;259;;259
2025-07-10T20:26:23Z;1679;;1679
2025-07-10T20:26:53Z;316;;316
2025-07-10T20:26:54Z;290;;290
2025-07-10T20:27:04Z;1688;;1688
2025-07-10T20:27:33Z;273;;273
2025-07-10T20:27:45Z;1676;;1676
2025-07-10T20:28:11Z;278;;278
2025-07-10T20:28:26Z;1655;;1655
2025-07-10T20:28:49Z;360;;360
2025-07-10T20:28:51Z;222;;222
2025-07-10T20:29:06Z;390;;390
2025-07-10T20:29:08Z;1677;;1677
2025-07-10T20:29:29Z;277;;277
2025-07-10T20:29:47Z;312;;312
2025-07-10T20:29:48Z;1054;;1054
2025-07-10T20:29:49Z;1670;;1670
2025-07-10T20:29:51Z;1905;;1905
2025-07-10T20:30:09Z;484;;484
2025-07-10T20:30:11Z;274;;274
2025-07-10T20:30:16Z;;0;274
2025-07-10T20:30:28Z;1536;;1536
2025-07-10T20:30:50Z;259;;259
2025-07-10T20:30:54Z;309;;309
2025-07-10T20:30:55Z;204;;204
2025-07-10T20:31:09Z;1633;;1633
2025-07-10T20:31:32Z;226;;226
2025-07-10T20:31:50Z;1597;;1597
2025-07-10T20:32:03Z;1840;;1840
2025-07-10T20:32:06Z;3180;;3180
2025-07-10T20:32:14Z;1834;;1834
2025-07-10T20:32:31Z;3159;;3159
2025-07-10T20:32:56Z;1879;;1879
2025-07-10T20:33:12Z;3185;;3185
2025-07-10T20:33:33Z;1671;;1671
2025-07-10T20:33:39Z;199;;199
2025-07-10T20:33:51Z;327;;327
2025-07-10T20:33:52Z;253;;253
2025-07-10T20:33:54Z;1657;;1657
2025-07-10T20:34:21Z;246;;246
2025-07-10T20:34:34Z;1636;;1636
2025-07-10T20:35:01Z;203;;203
2025-07-10T20:35:15Z;1585;;1585
2025-07-10T20:35:41Z;234;;234
2025-07-10T20:35:56Z;1614;;1614
2025-07-10T20:36:22Z;218;;218
2025-07-10T20:36:37Z;1642;;1642
2025-07-10T20:36:47Z;1806;;1806
2025-07-10T20:36:49Z;1641;;1641
2025-07-10T20:37:03Z;242;;242
2025-07-10T20:37:18Z;1642;;1642
2025-07-10T20:37:41Z;211;;211
2025-07-10T20:37:59Z;1662;;1662
2025-07-10T20:38:22Z;195;;195
2025-07-10T20:38:41Z;1608;;1608
2025-07-10T20:39:03Z;175;;175
2025-07-10T20:39:22Z;1636;;1636
2025-07-10T20:39:44Z;225;;225
2025-07-10T20:40:02Z;1664;;1664
2025-07-10T20:40:25Z;236;;236
2025-07-10T20:40:44Z;1682;;1682
2025-07-10T20:41:06Z;409;;409
2025-07-10T20:41:08Z;292;;292
2025-07-10T20:41:26Z;1669;;1669
2025-07-10T20:41:47Z;246;;246
2025-07-10T20:42:06Z;1698;;1698
2025-07-10T20:42:29Z;257;;257
2025-07-10T20:42:46Z;1686;;1686
2025-07-10T20:43:08Z;1475;;1475
2025-07-10T20:43:10Z;251;;251
2025-07-10T20:43:23Z;308;;308
2025-07-10T20:43:24Z;252;;252
2025-07-10T20:43:27Z;1671;;1671
2025-07-10T20:43:50Z;1213;;1213
2025-07-10T20:43:52Z;209;;209
2025-07-10T20:44:10Z;1670;;1670
2025-07-10T20:44:31Z;527;;527
2025-07-10T20:44:33Z;251;;251
2025-07-10T20:44:51Z;1670;;1670
2025-07-10T20:45:13Z;361;;361
2025-07-10T20:45:15Z;1664;;1664
2025-07-10T20:45:16Z;248;0;248
2025-07-10T20:45:29Z;448;;448
2025-07-10T20:45:31Z;1715;;1715
2025-07-10T20:45:55Z;283;;283
2025-07-10T20:46:10Z;880;;880
2025-07-10T20:46:12Z;1678;;1678
2025-07-10T20:46:33Z;253;;253
2025-07-10T20:46:51Z;1449;;1449
2025-07-10T20:46:53Z;1669;;1669
2025-07-10T20:47:00Z;1829;;1829
2025-07-10T20:47:01Z;1662;;1662
2025-07-10T20:47:16Z;242;;242
2025-07-10T20:47:32Z;1583;;1583
2025-07-10T20:47:54Z;194;;194
2025-07-10T20:48:08Z;367;;367
2025-07-10T20:48:10Z;266;;266
2025-07-10T20:48:13Z;1656;;1656
2025-07-10T20:48:36Z;271;;271
2025-07-10T20:48:54Z;1677;;1677
2025-07-10T20:49:17Z;265;;265
2025-07-10T20:49:36Z;1711;;1711
2025-07-10T20:49:57Z;255;;255
2025-07-10T20:50:16Z;1686;;1686
2025-07-10T20:50:39Z;247;;247
2025-07-10T20:50:58Z;1679;;1679
2025-07-10T20:51:19Z;1827;;1827
2025-07-10T20:51:21Z;296;;296
2025-07-10T20:51:39Z;1679;;1679
2025-07-10T20:52:01Z;250;;250
2025-07-10T20:52:19Z;1683;;1683
2025-07-10T20:52:43Z;252;;252
2025-07-10T20:53:00Z;1681;;1681
2025-07-10T20:53:23Z;204;;204
2025-07-10T20:53:36Z;315;;315
2025-07-10T20:53:38Z;265;;265
2025-07-10T20:53:42Z;1683;;1683
2025-07-10T20:54:05Z;201;;201
2025-07-10T20:54:22Z;1634;;1634
2025-07-10T20:54:45Z;256;;256
2025-07-10T20:55:04Z;1614;;1614
2025-07-10T20:55:25Z;270;;270
2025-07-10T20:55:44Z;1662;;1662
2025-07-10T20:56:07Z;253;;253
2025-07-10T20:56:25Z;1661;;1661
2025-07-10T20:56:47Z;214;;214
2025-07-10T20:57:06Z;1670;;1670
2025-07-10T20:57:28Z;194;;194
2025-07-10T20:57:47Z;1606;;1606
2025-07-10T20:58:09Z;255;;255
2025-07-10T20:58:28Z;1637;;1637
2025-07-10T20:58:51Z;238;;238
2025-07-10T20:59:09Z;1676;;1676
2025-07-10T20:59:31Z;1279;;1279
2025-07-10T20:59:33Z;248;;248
2025-07-10T20:59:51Z;1654;;1654
2025-07-10T21:00:12Z;648;;648
2025-07-10T21:00:16Z;;0;648
2025-07-10T21:00:17Z;1661;;1661
2025-07-10T21:00:31Z;1622;;1622
2025-07-10T21:00:53Z;190;;190
2025-07-10T21:01:12Z;1625;;1625
2025-07-10T21:01:34Z;244;;244
2025-07-10T21:01:52Z;808;;808
2025-07-10T21:01:54Z;1571;;1571
2025-07-10T21:02:33Z;1407;;1407
2025-07-10T21:02:35Z;1660;;1660
2025-07-10T21:02:57Z;247;;247
2025-07-10T21:03:14Z;1587;;1587
2025-07-10T21:03:16Z;184;;184
2025-07-10T21:04:37Z;1686;;1686
2025-07-10T21:04:41Z;220;;220
2025-07-10T21:05:20Z;1658;;1658
2025-07-10T21:05:28Z;175;;175
2025-07-10T21:06:02Z;1667;;1667
2025-07-10T21:06:13Z;249;;249
2025-07-10T21:06:39Z;730;;730
2025-07-10T21:06:41Z;1670;;1670
2025-07-10T21:06:58Z;173;;173
2025-07-10T21:07:21Z;1285;;1285
2025-07-10T21:07:22Z;1652;;1652
2025-07-10T21:07:41Z;253;;253
2025-07-10T21:08:01Z;1600;;1600
2025-07-10T21:08:23Z;211;;211
2025-07-10T21:08:42Z;1636;;1636
2025-07-10T21:09:03Z;201;;201
2025-07-10T21:09:24Z;1645;;1645
2025-07-10T21:09:43Z;186;;186
2025-07-10T21:10:05Z;1689;;1689
2025-07-10T21:10:21Z;230;;230
2025-07-10T21:10:45Z;1686;;1686
2025-07-10T21:11:01Z;205;;205
2025-07-10T21:11:11Z;393;;393
2025-07-10T21:11:13Z;249;;249
2025-07-10T21:11:29Z;508;;508
2025-07-10T21:11:30Z;163;;163
2025-07-10T21:12:07Z;1722;;1722
2025-07-10T21:12:09Z;258;;258
2025-07-10T21:12:48Z;1747;;1747
2025-07-10T21:12:53Z;264;;264
2025-07-10T21:13:29Z;1712;;1712
2025-07-10T21:13:40Z;481;;481
2025-07-10T21:13:41Z;201;;201
2025-07-10T21:13:42Z;397;;397
2025-07-10T21:13:44Z;293;;293
2025-07-10T21:14:12Z;1719;;1719
2025-07-10T21:14:24Z;1329;;1329
2025-07-10T21:14:26Z;243;;243
2025-07-10T21:14:51Z;1739;;1739
2025-07-10T21:15:09Z;221;;221
2025-07-10T21:15:16Z;;0;221
2025-07-10T21:15:31Z;1680;;1680
2025-07-10T21:15:52Z;231;;231
2025-07-10T21:16:13Z;1688;;1688
2025-07-10T21:16:28Z;2994;;2994
2025-07-10T21:16:30Z;1779;;1779
2025-07-10T21:16:31Z;1818;;1818
2025-07-10T21:16:33Z;1756;;1756
2025-07-10T21:16:34Z;365;;365
2025-07-10T21:16:55Z;1767;;1767
2025-07-10T21:16:58Z;1834;;1834
2025-07-10T21:17:01Z;1797;;1797
2025-07-10T21:17:07Z;1852;;1852
2025-07-10T21:17:13Z;538;;538
2025-07-10T21:17:35Z;1756;;1756
2025-07-10T21:17:43Z;1800;;1800
2025-07-10T21:17:44Z;1749;;1749
2025-07-10T21:17:48Z;1807;;1807
2025-07-10T21:17:50Z;1772;;1772
2025-07-10T21:17:52Z;388;;388
2025-07-10T21:18:14Z;292;;292
2025-07-10T21:18:16Z;397;;397
2025-07-10T21:18:17Z;1775;;1775
2025-07-10T21:18:18Z;1811;;1811
2025-07-10T21:18:20Z;1777;;1777
2025-07-10T21:18:31Z;367;;367
2025-07-10T21:18:57Z;1805;;1805
2025-07-10T21:18:59Z;1798;;1798
2025-07-10T21:19:04Z;1810;;1810
2025-07-10T21:19:07Z;1792;;1792
2025-07-10T21:19:10Z;330;;330
2025-07-10T21:19:20Z;297;;297
2025-07-10T21:19:24Z;358;;358
2025-07-10T21:19:30Z;299;;299
2025-07-10T21:19:33Z;303;;303
2025-07-10T21:19:35Z;299;;299
2025-07-10T21:19:36Z;324;;324
2025-07-10T21:19:38Z;296;;296
2025-07-10T21:19:40Z;397;;397
2025-07-10T21:19:45Z;288;;288
2025-07-10T21:19:51Z;350;;350
2025-07-10T21:19:58Z;297;;297
2025-07-10T21:20:00Z;353;;353
2025-07-10T21:20:15Z;299;;299
2025-07-10T21:20:18Z;326;;326
2025-07-10T21:20:34Z;294;;294
2025-07-10T21:20:37Z;374;;374
2025-07-10T21:20:44Z;293;;293
2025-07-10T21:20:46Z;294;;294
2025-07-10T21:20:47Z;359;;359
2025-07-10T21:20:53Z;294;;294
2025-07-10T21:20:55Z;300;;300
2025-07-10T21:21:07Z;289;;289
2025-07-10T21:21:08Z;309;;309
2025-07-10T21:21:14Z;299;;299
2025-07-10T21:21:16Z;309;;309
2025-07-10T21:21:17Z;299;;299
2025-07-10T21:21:19Z;366;;366
2025-07-10T21:21:33Z;295;;295
2025-07-10T21:21:35Z;303;;303
2025-07-10T21:21:45Z;296;;296
2025-07-10T21:21:46Z;398;;398
2025-07-10T21:21:52Z;297;;297
2025-07-10T21:21:54Z;366;;366
2025-07-10T21:22:03Z;293;;293
2025-07-10T21:22:04Z;304;;304
2025-07-10T21:22:06Z;298;;298
2025-07-10T21:22:07Z;306;;306
2025-07-10T21:22:13Z;298;;298
2025-07-10T21:22:15Z;302;;302
2025-07-10T21:22:33Z;288;;288
2025-07-10T21:22:34Z;305;;305
2025-07-10T21:22:43Z;291;;291
2025-07-10T21:22:44Z;367;;367
2025-07-10T21:22:50Z;297;;297
2025-07-10T21:22:54Z;369;;369
2025-07-10T21:23:00Z;297;;297
2025-07-10T21:23:02Z;360;;360
2025-07-10T21:23:09Z;294;;294
2025-07-10T21:23:11Z;302;;302
2025-07-10T21:23:12Z;290;;290
2025-07-10T21:23:14Z;302;;302
2025-07-10T21:23:22Z;298;;298
2025-07-10T21:23:24Z;315;;315
2025-07-10T21:23:34Z;297;;297
2025-07-10T21:23:35Z;379;;379
2025-07-10T21:23:41Z;292;;292
2025-07-10T21:23:43Z;296;;296
2025-07-10T21:23:44Z;406;;406
2025-07-10T21:24:40Z;299;;299
2025-07-10T21:24:42Z;372;;372
2025-07-10T21:24:49Z;296;;296
2025-07-10T21:24:50Z;300;;300
2025-07-10T21:24:57Z;295;;295
2025-07-10T21:24:59Z;302;;302
2025-07-10T21:25:07Z;297;;297
2025-07-10T21:25:08Z;304;;304
2025-07-10T21:25:18Z;315;;315
2025-07-10T21:25:25Z;297;;297
2025-07-10T21:25:27Z;325;;325
2025-07-10T21:25:38Z;296;;296
2025-07-10T21:25:39Z;300;;300
2025-07-10T21:25:41Z;299;;299
2025-07-10T21:25:42Z;375;;375
2025-07-10T21:25:48Z;299;;299
2025-07-10T21:25:49Z;305;;305
2025-07-10T21:26:46Z;291;;291
2025-07-10T21:26:47Z;319;;319
2025-07-10T21:28:54Z;292;;292
2025-07-10T21:28:56Z;365;;365
2025-07-10T21:29:02Z;288;;288
2025-07-10T21:29:06Z;367;;367
2025-07-10T21:29:11Z;299;;299
2025-07-10T21:29:14Z;350;;350
2025-07-10T21:29:21Z;287;;287
2025-07-10T21:29:23Z;341;;341
2025-07-10T21:29:29Z;291;;291
2025-07-10T21:29:31Z;303;;303
2025-07-10T21:29:39Z;299;;299
2025-07-10T21:29:41Z;328;;328
2025-07-10T21:29:47Z;292;;292
2025-07-10T21:29:48Z;312;;312
2025-07-10T21:29:50Z;290;;290
2025-07-10T21:29:51Z;393;;393
2025-07-10T21:29:58Z;286;;286
2025-07-10T21:30:04Z;352;;352
2025-07-10T21:30:10Z;296;;296
2025-07-10T21:30:12Z;302;;302
2025-07-10T21:30:15Z;297;;297
2025-07-10T21:30:16Z;;0;297
2025-07-10T21:30:19Z;355;;355
2025-07-10T21:30:22Z;299;;299
2025-07-10T21:30:31Z;291;;291
2025-07-10T21:30:32Z;344;;344
2025-07-10T21:30:37Z;298;;298
2025-07-10T21:30:39Z;303;;303
2025-07-10T21:30:56Z;296;;296
2025-07-10T21:30:58Z;307;;307
2025-07-10T21:31:06Z;293;;293
2025-07-10T21:31:09Z;302;;302
2025-07-10T21:31:11Z;299;;299
2025-07-10T21:31:13Z;364;;364
2025-07-10T21:31:18Z;292;;292
2025-07-10T21:31:21Z;359;;359
2025-07-10T21:31:28Z;299;;299
2025-07-10T21:31:31Z;349;;349
2025-07-10T21:31:45Z;296;;296
2025-07-10T21:31:47Z;301;;301
2025-07-10T21:31:56Z;299;;299
2025-07-10T21:31:58Z;378;;378
2025-07-10T21:32:04Z;299;;299
2025-07-10T21:32:06Z;308;;308
2025-07-10T21:32:18Z;296;;296
2025-07-10T21:32:20Z;341;;341
2025-07-10T21:32:26Z;294;;294
2025-07-10T21:32:28Z;302;;302
2025-07-10T21:32:48Z;296;;296
2025-07-10T21:32:49Z;369;;369
2025-07-10T21:32:53Z;295;;295
2025-07-10T21:32:55Z;300;;300
2025-07-10T21:33:04Z;298;;298
2025-07-10T21:33:06Z;380;;380
2025-07-10T21:34:04Z;297;;297
2025-07-10T21:34:06Z;382;;382
2025-07-10T21:35:55Z;365;;365
2025-07-10T21:35:57Z;353;;353
2025-07-10T21:36:00Z;299;;299
2025-07-10T21:36:02Z;308;;308
2025-07-10T21:36:09Z;299;;299
2025-07-10T21:36:12Z;302;;302
2025-07-10T21:40:24Z;300;;300
2025-07-10T21:40:26Z;238;;238
2025-07-10T21:45:12Z;197;;197
2025-07-10T21:45:16Z;;0;197
2025-07-10T22:00:12Z;50;;50
2025-07-10T22:00:16Z;;0;50
2025-07-10T22:15:12Z;47;;47
2025-07-10T22:15:16Z;;0;47
2025-07-10T22:30:16Z;;0;47
2025-07-10T22:45:12Z;48;;48
2025-07-10T22:45:16Z;;0;48
2025-07-10T22:46:34Z;328;;328
2025-07-10T22:46:35Z;177;;177
2025-07-10T23:00:12Z;165;;165
2025-07-10T23:00:16Z;;0;165
2025-07-10T23:15:12Z;164;;164
2025-07-10T23:15:16Z;;0;164
2025-07-10T23:30:16Z;;0;164
2025-07-10T23:45:15Z;47;;47
2025-07-10T23:45:16Z;;0;47