timestamp;P_ex;P_pr;P_load
2025-05-24T00:00:06Z;;0;174
2025-05-24T00:00:07Z;155;;155
2025-05-24T00:15:06Z;;0;155
2025-05-24T00:15:07Z;157;;157
2025-05-24T00:30:06Z;;0;157
2025-05-24T00:30:07Z;43;;43
2025-05-24T00:45:06Z;;0;43
2025-05-24T00:45:07Z;49;;49
2025-05-24T01:00:06Z;;0;49
2025-05-24T01:00:07Z;43;;43
2025-05-24T01:15:06Z;;0;43
2025-05-24T01:19:06Z;1630;;1630
2025-05-24T01:19:07Z;196;;196
2025-05-24T01:30:06Z;;0;196
2025-05-24T01:30:07Z;159;;159
2025-05-24T01:45:06Z;;0;159
2025-05-24T02:00:06Z;;0;159
2025-05-24T02:00:07Z;43;;43
2025-05-24T02:15:06Z;;0;43
2025-05-24T02:30:06Z;43;0;43
2025-05-24T02:45:06Z;158;0;43
2025-05-24T03:00:06Z;156;0;158
2025-05-24T03:15:06Z;;0;156
2025-05-24T03:30:06Z;;0;156
2025-05-24T03:30:07Z;39;;39
2025-05-24T03:35:42Z;;8;47
2025-05-24T03:35:44Z;;0;39
2025-05-24T03:35:54Z;;1;40
2025-05-24T03:35:56Z;;0;39
2025-05-24T03:35:58Z;;1;40
2025-05-24T03:35:59Z;;0;39
2025-05-24T03:36:01Z;;1;40
2025-05-24T03:36:03Z;;0;39
2025-05-24T03:36:04Z;;1;40
2025-05-24T03:36:11Z;;0;39
2025-05-24T03:36:13Z;;1;40
2025-05-24T03:40:44Z;;0;39
2025-05-24T03:40:47Z;;20;59
2025-05-24T03:43:34Z;0;;20
2025-05-24T03:43:35Z;2;;22
2025-05-24T03:43:36Z;0;;20
2025-05-24T03:43:37Z;6;;26
2025-05-24T03:43:41Z;0;;20
2025-05-24T03:43:43Z;2;;22
2025-05-24T03:43:45Z;0;;20
2025-05-24T03:43:47Z;3;;23
2025-05-24T03:43:48Z;3;;23
2025-05-24T03:43:53Z;0;;20
2025-05-24T03:43:56Z;6;;26
2025-05-24T03:43:57Z;0;;20
2025-05-24T03:44:00Z;4;;24
2025-05-24T03:44:01Z;0;;20
2025-05-24T03:44:04Z;6;;26
2025-05-24T03:44:05Z;0;;20
2025-05-24T03:44:08Z;3;;23
2025-05-24T03:44:09Z;0;;20
2025-05-24T03:44:14Z;2;;22
2025-05-24T03:44:15Z;0;;20
2025-05-24T03:44:17Z;0;;20
2025-05-24T03:44:19Z;0;;20
2025-05-24T03:44:21Z;0;;20
2025-05-24T03:44:28Z;0;;20
2025-05-24T03:44:45Z;0;;20
2025-05-24T03:44:49Z;0;;20
2025-05-24T03:44:53Z;0;;20
2025-05-24T03:44:57Z;0;;20
2025-05-24T03:45:01Z;0;;20
2025-05-24T03:45:05Z;0;;20
2025-05-24T03:45:06Z;;45;45
2025-05-24T03:45:17Z;0;;45
2025-05-24T03:45:21Z;0;;45
2025-05-24T04:00:06Z;;103;103
2025-05-24T04:00:10Z;-64;;39
2025-05-24T04:01:21Z;;0;-64
2025-05-24T04:01:23Z;;125;61
2025-05-24T04:01:26Z;-95;;30
2025-05-24T04:01:46Z;1414;;1539
2025-05-24T04:01:48Z;-9;;116
2025-05-24T04:02:34Z;2;;127
2025-05-24T04:02:38Z;-2;;123
2025-05-24T04:02:42Z;0;;125
2025-05-24T04:11:40Z;161;;286
2025-05-24T04:11:42Z;-113;;12
2025-05-24T04:11:43Z;-134;;-9
2025-05-24T04:12:36Z;;300;166
2025-05-24T04:12:38Z;;294;160
2025-05-24T04:12:40Z;;300;166
2025-05-24T04:12:42Z;;299;165
2025-05-24T04:12:47Z;;301;167
2025-05-24T04:12:50Z;;296;162
2025-05-24T04:12:56Z;;304;170
2025-05-24T04:12:58Z;;299;165
2025-05-24T04:13:00Z;;305;171
2025-05-24T04:13:02Z;;299;165
2025-05-24T04:13:06Z;;301;167
2025-05-24T04:13:13Z;;271;137
2025-05-24T04:13:15Z;;304;170
2025-05-24T04:13:22Z;;293;159
2025-05-24T04:13:24Z;;303;169
2025-05-24T04:13:34Z;;296;162
2025-05-24T04:13:36Z;;306;172
2025-05-24T04:13:48Z;;298;164
2025-05-24T04:13:50Z;;310;176
2025-05-24T04:15:06Z;;325;191
2025-05-24T04:21:51Z;-250;;75
2025-05-24T04:21:53Z;-394;;-69
2025-05-24T04:24:00Z;-386;;-61
2025-05-24T04:30:06Z;;510;124
2025-05-24T04:30:09Z;-475;;35
2025-05-24T04:31:57Z;-274;;236
2025-05-24T04:31:59Z;-480;;30
2025-05-24T04:32:00Z;-149;;361
2025-05-24T04:33:34Z;;247;98
2025-05-24T04:33:36Z;;556;407
2025-05-24T04:36:20Z;;600;451
2025-05-24T04:36:22Z;;593;444
2025-05-24T04:36:23Z;;600;451
2025-05-24T04:36:25Z;;593;444
2025-05-24T04:36:27Z;;601;452
2025-05-24T04:36:29Z;;595;446
2025-05-24T04:36:31Z;;602;453
2025-05-24T04:36:33Z;;596;447
2025-05-24T04:36:41Z;;604;455
2025-05-24T04:36:43Z;;604;455
2025-05-24T04:36:45Z;;604;455
2025-05-24T04:36:47Z;;597;448
2025-05-24T04:36:55Z;;606;457
2025-05-24T04:37:05Z;;597;448
2025-05-24T04:37:09Z;;604;455
2025-05-24T04:37:13Z;;595;446
2025-05-24T04:37:15Z;;606;457
2025-05-24T04:37:21Z;;597;448
2025-05-24T04:37:23Z;;607;458
2025-05-24T04:37:31Z;;599;450
2025-05-24T04:37:33Z;;609;460
2025-05-24T04:39:41Z;-599;;10
2025-05-24T04:39:42Z;-600;;9
2025-05-24T04:39:43Z;-597;;12
2025-05-24T04:39:44Z;-600;;9
2025-05-24T04:39:46Z;-594;;15
2025-05-24T04:39:48Z;-603;;6
2025-05-24T04:39:50Z;-596;;13
2025-05-24T04:39:52Z;-603;;6
2025-05-24T04:39:55Z;-604;;5
2025-05-24T04:39:56Z;-604;;5
2025-05-24T04:39:58Z;-597;;12
2025-05-24T04:40:01Z;-599;;10
2025-05-24T04:40:29Z;-598;;11
2025-05-24T04:40:30Z;-603;;6
2025-05-24T04:40:43Z;-598;;11
2025-05-24T04:41:45Z;;203;-395
2025-05-24T04:41:46Z;;664;66
2025-05-24T04:42:07Z;;250;-348
2025-05-24T04:42:09Z;;666;68
2025-05-24T04:42:32Z;;349;-249
2025-05-24T04:42:34Z;;662;64
2025-05-24T04:45:06Z;;704;106
2025-05-24T04:45:08Z;-663;;41
2025-05-24T04:45:56Z;;536;-127
2025-05-24T04:45:58Z;;718;55
2025-05-24T04:48:30Z;-472;;246
2025-05-24T04:48:31Z;-703;;15
2025-05-24T04:52:14Z;;1001;298
2025-05-24T04:52:16Z;;792;89
2025-05-24T04:56:38Z;-815;;-23
2025-05-24T04:58:22Z;-501;;291
2025-05-24T04:58:23Z;-835;;-43
2025-05-24T04:59:32Z;;898;63
2025-05-24T04:59:34Z;;898;63
2025-05-24T04:59:37Z;;902;67
2025-05-24T04:59:39Z;;895;60
2025-05-24T04:59:46Z;;900;65
2025-05-24T04:59:49Z;;898;63
2025-05-24T04:59:56Z;;902;67
2025-05-24T04:59:59Z;;899;64
2025-05-24T05:00:03Z;;900;65
2025-05-24T05:00:06Z;;889;54
2025-05-24T05:00:07Z;-854;;35
2025-05-24T05:00:10Z;;897;43
2025-05-24T05:00:13Z;;902;48
2025-05-24T05:00:21Z;;898;44
2025-05-24T05:00:23Z;;903;49
2025-05-24T05:00:32Z;;896;42
2025-05-24T05:00:34Z;;903;49
2025-05-24T05:00:44Z;;899;45
2025-05-24T05:00:46Z;;905;51
2025-05-24T05:01:01Z;;888;34
2025-05-24T05:01:02Z;;913;59
2025-05-24T05:03:16Z;-893;;20
2025-05-24T05:03:18Z;-900;;13
2025-05-24T05:03:38Z;-890;;23
2025-05-24T05:03:40Z;-904;;9
2025-05-24T05:03:48Z;-897;;16
2025-05-24T05:03:52Z;-895;;18
2025-05-24T05:03:54Z;-889;;24
2025-05-24T05:03:56Z;-901;;12
2025-05-24T05:03:58Z;-895;;18
2025-05-24T05:04:01Z;-901;;12
2025-05-24T05:04:06Z;-901;;12
2025-05-24T05:04:08Z;-898;;15
2025-05-24T05:04:12Z;-898;;15
2025-05-24T05:04:14Z;-890;;23
2025-05-24T05:04:16Z;-904;;9
2025-05-24T05:04:17Z;-899;;14
2025-05-24T05:04:22Z;-909;;4
2025-05-24T05:04:23Z;-897;;16
2025-05-24T05:04:24Z;-904;;9
2025-05-24T05:04:26Z;-899;;14
2025-05-24T05:04:34Z;-907;;6
2025-05-24T05:04:35Z;-895;;18
2025-05-24T05:04:43Z;-898;;15
2025-05-24T05:04:44Z;-898;;15
2025-05-24T05:04:55Z;-900;;13
2025-05-24T05:04:56Z;-912;;1
2025-05-24T05:05:03Z;-904;;9
2025-05-24T05:05:05Z;-899;;14
2025-05-24T05:12:26Z;-994;;-81
2025-05-24T05:12:27Z;-352;;561
2025-05-24T05:12:28Z;-976;;-63
2025-05-24T05:12:29Z;-815;;98
2025-05-24T05:13:23Z;-653;;260
2025-05-24T05:13:24Z;-1007;;-94
2025-05-24T05:13:30Z;-869;;44
2025-05-24T05:13:41Z;-1007;;-94
2025-05-24T05:15:06Z;;1076;69
2025-05-24T05:15:51Z;-1033;;43
2025-05-24T05:15:53Z;-1037;;39
2025-05-24T05:17:19Z;379;;1455
2025-05-24T05:17:20Z;-920;;156
2025-05-24T05:22:14Z;;1200;280
2025-05-24T05:22:16Z;;1193;273
2025-05-24T05:22:23Z;;1201;281
2025-05-24T05:22:25Z;;1195;275
2025-05-24T05:22:34Z;;1292;372
2025-05-24T05:22:36Z;;1182;262
2025-05-24T05:22:37Z;;1204;284
2025-05-24T05:22:39Z;;1198;278
2025-05-24T05:22:41Z;;1204;284
2025-05-24T05:22:43Z;;1199;279
2025-05-24T05:22:49Z;;1200;280
2025-05-24T05:22:54Z;;1199;279
2025-05-24T05:22:57Z;;1200;280
2025-05-24T05:23:05Z;;1187;267
2025-05-24T05:23:07Z;;1203;283
2025-05-24T05:23:14Z;-1008;;195
2025-05-24T05:23:17Z;-896;;307
2025-05-24T05:23:19Z;-901;;302
2025-05-24T05:23:22Z;;1206;305
2025-05-24T05:23:25Z;;1207;306
2025-05-24T05:23:31Z;;1193;292
2025-05-24T05:23:33Z;;1209;308
2025-05-24T05:23:41Z;;1197;296
2025-05-24T05:23:43Z;;1211;310
2025-05-24T05:23:48Z;-889;;322
2025-05-24T05:23:50Z;;1198;309
2025-05-24T05:23:53Z;;1213;324
2025-05-24T05:24:02Z;;1199;310
2025-05-24T05:24:03Z;;1215;326
2025-05-24T05:24:34Z;-896;;319
2025-05-24T05:24:36Z;-903;;312
2025-05-24T05:24:39Z;-896;;319
2025-05-24T05:24:41Z;-905;;310
2025-05-24T05:24:43Z;-899;;316
2025-05-24T05:24:47Z;-902;;313
2025-05-24T05:24:49Z;-899;;316
2025-05-24T05:24:53Z;-897;;318
2025-05-24T05:24:54Z;-901;;314
2025-05-24T05:25:38Z;;1199;298
2025-05-24T05:25:39Z;;1211;310
2025-05-24T05:26:30Z;;1199;298
2025-05-24T05:26:31Z;;1240;339
2025-05-24T05:27:10Z;-1035;;205
2025-05-24T05:27:11Z;-544;;696
2025-05-24T05:27:28Z;-906;;334
2025-05-24T05:27:29Z;-896;;344
2025-05-24T05:27:37Z;;765;-131
2025-05-24T05:27:39Z;;1256;360
2025-05-24T05:27:40Z;-897;;359
2025-05-24T05:27:41Z;-902;;354
2025-05-24T05:30:06Z;;1294;392
2025-05-24T05:30:15Z;;673;-229
2025-05-24T05:30:16Z;;1300;398
2025-05-24T05:32:42Z;;1004;102
2025-05-24T05:32:45Z;;1312;410
2025-05-24T05:32:47Z;;886;-16
2025-05-24T05:32:48Z;;1317;415
2025-05-24T05:36:42Z;32;;1349
2025-05-24T05:37:07Z;90;;1407
2025-05-24T05:37:09Z;90;;1407
2025-05-24T05:37:10Z;-1184;;133
2025-05-24T05:37:12Z;105;;1422
2025-05-24T05:37:15Z;97;;1414
2025-05-24T05:37:25Z;104;;1421
2025-05-24T05:37:31Z;103;;1420
2025-05-24T05:37:32Z;-1186;;131
2025-05-24T05:37:34Z;54;;1371
2025-05-24T05:38:03Z;-1315;;2
2025-05-24T05:39:21Z;-31;;1286
2025-05-24T05:39:22Z;-1326;;-9
2025-05-24T05:40:40Z;-1344;;-27
2025-05-24T05:40:42Z;-1345;;-28
2025-05-24T05:42:22Z;;1080;-265
2025-05-24T05:42:23Z;;1439;94
2025-05-24T05:43:13Z;;1089;-256
2025-05-24T05:43:14Z;;1440;95
2025-05-24T05:43:16Z;;1094;-251
2025-05-24T05:43:18Z;;1481;136
2025-05-24T05:43:59Z;-116;;1365
2025-05-24T05:44:00Z;-116;;1365
2025-05-24T05:44:39Z;-1249;;232
2025-05-24T05:44:40Z;-86;;1395
2025-05-24T05:45:06Z;;1479;1393
2025-05-24T05:45:09Z;-1398;;81
2025-05-24T05:45:20Z;-93;;1386
2025-05-24T05:45:21Z;-1401;;78
2025-05-24T05:45:49Z;;827;-574
2025-05-24T05:45:51Z;;1488;87
2025-05-24T05:46:00Z;;1500;99
2025-05-24T05:46:02Z;;1495;94
2025-05-24T05:46:03Z;-109;;1386
2025-05-24T05:46:04Z;-1413;;82
2025-05-24T05:46:30Z;;1500;87
2025-05-24T05:46:32Z;;1494;81
2025-05-24T05:46:34Z;;1501;88
2025-05-24T05:46:36Z;;1494;81
2025-05-24T05:46:40Z;;1501;88
2025-05-24T05:46:41Z;;1496;83
2025-05-24T05:46:43Z;-1405;;91
2025-05-24T05:46:44Z;;1501;96
2025-05-24T05:46:45Z;-1198;;303
2025-05-24T05:46:46Z;;1497;299
2025-05-24T05:46:53Z;;1504;306
2025-05-24T05:46:55Z;;1499;301
2025-05-24T05:46:56Z;;1502;304
2025-05-24T05:46:58Z;;1498;300
2025-05-24T05:47:00Z;;1505;307
2025-05-24T05:47:02Z;;1499;301
2025-05-24T05:47:05Z;;1501;303
2025-05-24T05:47:06Z;;1498;300
2025-05-24T05:47:08Z;;1501;303
2025-05-24T05:47:11Z;;1497;299
2025-05-24T05:47:14Z;;1502;304
2025-05-24T05:47:22Z;;1491;293
2025-05-24T05:47:24Z;;1504;306
2025-05-24T05:47:34Z;;1494;296
2025-05-24T05:47:36Z;;1506;308
2025-05-24T05:47:44Z;;1497;299
2025-05-24T05:47:46Z;;1508;310
2025-05-24T05:47:54Z;;1498;300
2025-05-24T05:47:55Z;;1501;303
2025-05-24T05:48:18Z;;746;-452
2025-05-24T05:48:20Z;;1515;317
2025-05-24T05:48:55Z;;1489;291
2025-05-24T05:48:57Z;;1508;310
2025-05-24T05:49:59Z;-189;;1319
2025-05-24T05:50:00Z;-1476;;32
2025-05-24T05:50:38Z;-1482;;26
2025-05-24T05:50:39Z;-172;;1336
2025-05-24T05:51:18Z;-1489;;19
2025-05-24T05:51:20Z;-1494;;14
2025-05-24T05:51:51Z;-1505;;3
2025-05-24T05:51:52Z;-1500;;8
2025-05-24T05:51:57Z;-1481;;27
2025-05-24T05:51:59Z;69;;1577
2025-05-24T05:52:02Z;-1219;;289
2025-05-24T05:52:03Z;-1183;;325
2025-05-24T05:52:05Z;-1192;;316
2025-05-24T05:52:08Z;-1184;;324
2025-05-24T05:52:45Z;-1501;;7
2025-05-24T05:52:46Z;-1488;;20
2025-05-24T05:52:53Z;-1502;;6
2025-05-24T05:52:55Z;-1490;;18
2025-05-24T05:53:03Z;-1504;;4
2025-05-24T05:53:05Z;-1494;;14
2025-05-24T05:53:07Z;-1504;;4
2025-05-24T05:53:13Z;-1499;;9
2025-05-24T05:53:27Z;;1158;-341
2025-05-24T05:53:29Z;;1550;51
2025-05-24T05:53:30Z;;1365;-134
2025-05-24T05:53:32Z;-1190;1647;148
2025-05-24T05:53:33Z;-1257;;390
2025-05-24T05:53:35Z;-1502;;145
2025-05-24T05:53:40Z;-1507;;140
2025-05-24T05:53:42Z;-1494;;153
2025-05-24T05:54:13Z;-1518;;129
2025-05-24T05:54:29Z;-1391;;256
2025-05-24T05:55:57Z;-1546;;101
2025-05-24T05:55:59Z;-1545;;102
2025-05-24T05:56:05Z;;1602;57
2025-05-24T05:56:07Z;;1594;49
2025-05-24T05:56:37Z;-1543;;51
2025-05-24T05:56:39Z;-1543;;51
2025-05-24T05:57:17Z;-1355;;239
2025-05-24T05:57:18Z;-252;;1342
2025-05-24T05:57:19Z;-1559;;35
2025-05-24T05:57:28Z;;1389;-170
2025-05-24T05:57:29Z;;1595;36
2025-05-24T05:57:30Z;-1470;;125
2025-05-24T05:57:31Z;-1530;;65
2025-05-24T05:57:57Z;-1558;;37
2025-05-24T05:57:59Z;-1558;;37
2025-05-24T06:00:06Z;;1640;82
2025-05-24T06:00:07Z;-1591;;49
2025-05-24T06:00:37Z;-625;;1015
2025-05-24T06:00:38Z;-1587;;53
2025-05-24T06:00:46Z;;989;-598
2025-05-24T06:00:47Z;;1657;70
2025-05-24T06:01:16Z;-1594;;63
2025-05-24T06:01:18Z;-1597;;60
2025-05-24T06:03:14Z;;956;-641
2025-05-24T06:03:16Z;;1683;86
2025-05-24T06:03:40Z;;1261;-336
2025-05-24T06:03:42Z;;1670;73
2025-05-24T06:06:35Z;-1647;;23
2025-05-24T06:06:37Z;-1659;;11
2025-05-24T06:07:56Z;-363;;1307
2025-05-24T06:07:57Z;-1668;;2
2025-05-24T06:11:55Z;-845;;825
2025-05-24T06:11:56Z;-1724;;-54
2025-05-24T06:12:35Z;-459;;1211
2025-05-24T06:12:36Z;-1722;;-52
2025-05-24T06:13:32Z;;1800;78
2025-05-24T06:13:33Z;;1799;77
2025-05-24T06:13:36Z;;1801;79
2025-05-24T06:13:38Z;;1793;71
2025-05-24T06:13:46Z;;1320;-402
2025-05-24T06:13:47Z;;1890;168
2025-05-24T06:13:49Z;;1795;73
2025-05-24T06:13:51Z;;1801;79
2025-05-24T06:13:53Z;;1796;74
2025-05-24T06:14:00Z;;1801;79
2025-05-24T06:14:03Z;;1799;77
2025-05-24T06:14:07Z;;1800;78
2025-05-24T06:14:14Z;;1795;73
2025-05-24T06:14:17Z;;1801;79
2025-05-24T06:14:32Z;;1798;76
2025-05-24T06:14:35Z;;1802;80
2025-05-24T06:14:45Z;;1784;62
2025-05-24T06:14:47Z;;1802;80
2025-05-24T06:14:54Z;;1800;78
2025-05-24T06:14:57Z;;1804;82
2025-05-24T06:15:06Z;;1813;91
2025-05-24T06:15:07Z;-1737;;76
2025-05-24T06:15:09Z;;1789;52
2025-05-24T06:15:11Z;;1805;68
2025-05-24T06:15:37Z;;1790;53
2025-05-24T06:15:39Z;;1809;72
2025-05-24T06:15:48Z;;1806;69
2025-05-24T06:15:51Z;;1811;74
2025-05-24T06:15:59Z;;1794;57
2025-05-24T06:16:01Z;;1812;75
2025-05-24T06:16:09Z;;1794;57
2025-05-24T06:16:11Z;;1814;77
2025-05-24T06:16:27Z;;1796;59
2025-05-24T06:16:29Z;;1816;79
2025-05-24T06:16:35Z;;1787;50
2025-05-24T06:16:37Z;;1814;77
2025-05-24T06:19:14Z;-517;;1297
2025-05-24T06:19:15Z;-1787;;27
2025-05-24T06:19:28Z;-1800;;14
2025-05-24T06:19:29Z;-1796;;18
2025-05-24T06:19:44Z;-1800;;14
2025-05-24T06:19:46Z;-1797;;17
2025-05-24T06:19:54Z;-595;;1219
2025-05-24T06:19:55Z;-1803;;11
2025-05-24T06:19:57Z;-1797;;17
2025-05-24T06:20:00Z;-1800;;14
2025-05-24T06:20:03Z;-1798;;16
2025-05-24T06:20:04Z;-1804;;10
2025-05-24T06:20:08Z;-1792;;22
2025-05-24T06:20:13Z;-1792;;22
2025-05-24T06:20:15Z;-1800;;14
2025-05-24T06:20:17Z;-1791;;23
2025-05-24T06:20:23Z;-1804;;10
2025-05-24T06:20:25Z;-1788;;26
2025-05-24T06:20:33Z;-1803;;11
2025-05-24T06:20:35Z;-1797;;17
2025-05-24T06:20:39Z;-1808;;6
2025-05-24T06:20:41Z;-1803;;11
2025-05-24T06:20:47Z;-1803;;11
2025-05-24T06:20:51Z;-1780;;34
2025-05-24T06:21:03Z;-1811;;3
2025-05-24T06:21:07Z;-1785;;29
2025-05-24T06:21:13Z;-1813;;1
2025-05-24T06:21:15Z;-1799;;15
2025-05-24T06:21:23Z;-1806;;8
2025-05-24T06:21:25Z;-1787;;27
2025-05-24T06:21:31Z;-1805;;9
2025-05-24T06:21:33Z;-1789;;25
2025-05-24T06:21:59Z;-1809;;5
2025-05-24T06:22:01Z;-1794;;20
2025-05-24T06:22:07Z;-1811;;3
2025-05-24T06:22:09Z;-1794;;20
2025-05-24T06:22:17Z;-1814;;0
2025-05-24T06:22:19Z;-1795;;19
2025-05-24T06:23:13Z;-574;;1240
2025-05-24T06:23:14Z;-1823;;-9
2025-05-24T06:23:52Z;-1843;;-29
2025-05-24T06:23:54Z;-1809;;5
2025-05-24T06:28:33Z;-1878;;-64
2025-05-24T06:28:34Z;-1876;;-62
2025-05-24T06:30:05Z;;1970;94
2025-05-24T06:30:07Z;-1886;;84
2025-05-24T06:30:32Z;-594;;1376
2025-05-24T06:30:33Z;-1894;;76
2025-05-24T06:35:11Z;-671;;1299
2025-05-24T06:35:12Z;-1950;;20
2025-05-24T06:35:50Z;-1955;;15
2025-05-24T06:35:52Z;-1959;;11
2025-05-24T06:39:49Z;-1893;;77
2025-05-24T06:39:51Z;-1882;;88
2025-05-24T06:40:29Z;-1889;;81
2025-05-24T06:40:30Z;-1212;;758
2025-05-24T06:41:11Z;-1892;;78
2025-05-24T06:42:18Z;;2101;209
2025-05-24T06:42:20Z;;2095;203
2025-05-24T06:42:29Z;;2100;208
2025-05-24T06:42:30Z;-1589;;511
2025-05-24T06:42:31Z;;2090;501
2025-05-24T06:42:32Z;;2100;511
2025-05-24T06:42:34Z;;2094;505
2025-05-24T06:42:36Z;;2102;513
2025-05-24T06:42:38Z;;2091;502
2025-05-24T06:42:40Z;;2102;513
2025-05-24T06:42:48Z;;2093;504
2025-05-24T06:42:50Z;;2104;515
2025-05-24T06:42:54Z;;2094;505
2025-05-24T06:42:56Z;;2103;514
2025-05-24T06:43:02Z;;2095;506
2025-05-24T06:43:08Z;;2108;519
2025-05-24T06:43:10Z;;2097;508
2025-05-24T06:43:12Z;;2107;518
2025-05-24T06:43:14Z;;2096;507
2025-05-24T06:43:16Z;;2107;518
2025-05-24T06:43:22Z;;2099;510
2025-05-24T06:43:24Z;;2110;521
2025-05-24T06:43:28Z;;2099;510
2025-05-24T06:43:30Z;;2110;521
2025-05-24T06:43:37Z;;2101;512
2025-05-24T06:43:40Z;-1794;;307
2025-05-24T06:43:43Z;;2100;306
2025-05-24T06:43:44Z;;2097;303
2025-05-24T06:43:46Z;;2111;317
2025-05-24T06:43:48Z;-1800;;311
2025-05-24T06:43:49Z;-1796;;315
2025-05-24T06:43:51Z;-1801;;310
2025-05-24T06:43:52Z;-1784;;327
2025-05-24T06:43:54Z;-1800;;311
2025-05-24T06:43:55Z;;2098;298
2025-05-24T06:43:57Z;;2101;301
2025-05-24T06:43:59Z;-1797;;304
2025-05-24T06:44:01Z;-1801;;300
2025-05-24T06:44:02Z;-1799;;302
2025-05-24T06:44:04Z;-1800;;301
2025-05-24T06:44:10Z;-1795;;306
2025-05-24T06:44:11Z;-1801;;300
2025-05-24T06:44:13Z;-1791;;310
2025-05-24T06:44:14Z;-1801;;300
2025-05-24T06:44:15Z;-1796;;305
2025-05-24T06:44:17Z;-1801;;300
2025-05-24T06:44:22Z;-1786;;315
2025-05-24T06:44:25Z;;2083;297
2025-05-24T06:44:26Z;;2106;320
2025-05-24T06:44:29Z;-1804;;302
2025-05-24T06:44:30Z;-1793;;313
2025-05-24T06:44:32Z;-1805;;301
2025-05-24T06:44:34Z;-1785;;321
2025-05-24T06:44:36Z;-1802;;304
2025-05-24T06:44:40Z;-1798;;308
2025-05-24T06:44:44Z;-1802;;304
2025-05-24T06:44:46Z;-1800;;306
2025-05-24T06:44:48Z;-1807;;299
2025-05-24T06:44:52Z;-1792;;314
2025-05-24T06:44:54Z;-1802;;304
2025-05-24T06:45:01Z;-1806;;300
2025-05-24T06:45:04Z;;2095;289
2025-05-24T06:45:07Z;-1789;;306
2025-05-24T06:45:08Z;;2125;336
2025-05-24T06:45:09Z;;2115;326
2025-05-24T06:45:12Z;-1121;;994
2025-05-24T06:45:13Z;;2097;976
2025-05-24T06:45:15Z;;2119;998
2025-05-24T06:45:17Z;-1795;;324
2025-05-24T06:45:19Z;-1804;;315
2025-05-24T06:45:22Z;;2098;294
2025-05-24T06:45:24Z;;2121;317
2025-05-24T06:45:28Z;-1811;;310
2025-05-24T06:45:30Z;-1795;;326
2025-05-24T06:45:31Z;-1800;;321
2025-05-24T06:45:39Z;-1802;;319
2025-05-24T06:45:44Z;-1812;;309
2025-05-24T06:45:48Z;-1764;;357
2025-05-24T06:45:49Z;-455;;1666
2025-05-24T06:45:52Z;;2098;1643
2025-05-24T06:45:53Z;-1804;;294
2025-05-24T06:45:54Z;;2124;320
2025-05-24T06:45:58Z;-1782;;342
2025-05-24T06:46:02Z;-1803;;321
2025-05-24T06:46:06Z;-1803;;321
2025-05-24T06:46:08Z;-1811;;313
2025-05-24T06:46:18Z;-1804;;320
2025-05-24T06:46:24Z;-1786;;338
2025-05-24T06:46:25Z;-1787;;337
2025-05-24T06:46:33Z;;2091;304
2025-05-24T06:46:35Z;;2110;323
2025-05-24T06:46:37Z;-1803;;307
2025-05-24T06:51:07Z;-1987;;123
2025-05-24T06:51:09Z;-1994;;116
2025-05-24T06:51:47Z;-1988;;122
2025-05-24T06:51:49Z;-1998;;112
2025-05-24T06:53:08Z;-677;;1433
2025-05-24T06:53:09Z;-2004;;106
2025-05-24T06:55:26Z;-1782;;328
2025-05-24T06:55:29Z;-1807;;303
2025-05-24T06:55:31Z;-1802;;308
2025-05-24T06:55:33Z;-1782;;328
2025-05-24T06:55:37Z;-1798;;312
2025-05-24T06:55:38Z;-1806;;304
2025-05-24T06:55:41Z;-1764;;346
2025-05-24T06:55:42Z;-1806;;304
2025-05-24T06:56:27Z;-1467;;643
2025-05-24T06:56:28Z;-1727;;383
2025-05-24T06:56:30Z;-1814;;296
2025-05-24T06:56:42Z;-1798;;312
2025-05-24T06:56:44Z;-1814;;296
2025-05-24T06:57:46Z;-2051;;59
2025-05-24T06:57:48Z;-2040;;70
2025-05-24T06:59:44Z;-378;;1732
2025-05-24T06:59:46Z;-389;;1721
2025-05-24T06:59:48Z;-379;;1731
2025-05-24T07:00:06Z;;2256;1877
2025-05-24T07:00:07Z;-408;;1848
2025-05-24T07:00:11Z;-2066;;190
2025-05-24T07:00:20Z;-1784;;472
2025-05-24T07:00:21Z;-1855;;401
2025-05-24T07:00:22Z;-781;;1475
2025-05-24T07:00:23Z;-415;;1841
2025-05-24T07:01:50Z;-469;;1787
2025-05-24T07:03:04Z;-2026;;230
2025-05-24T07:03:10Z;-2056;;200
2025-05-24T07:03:12Z;-728;;1528
2025-05-24T07:03:13Z;-1306;;950
2025-05-24T07:03:14Z;-2079;;177
2025-05-24T07:03:23Z;-2100;;156
2025-05-24T07:03:24Z;-2085;;171
2025-05-24T07:03:48Z;-2101;;155
2025-05-24T07:03:50Z;-2091;;165
2025-05-24T07:04:08Z;-2100;;156
2025-05-24T07:04:10Z;-2090;;166
2025-05-24T07:04:18Z;-2096;;160
2025-05-24T07:04:20Z;-2094;;162
2025-05-24T07:04:28Z;-2100;;156
2025-05-24T07:04:30Z;-2094;;162
2025-05-24T07:04:47Z;-2100;;156
2025-05-24T07:04:49Z;-2102;;154
2025-05-24T07:05:17Z;-2093;;163
2025-05-24T07:05:22Z;-2087;;169
2025-05-24T07:05:27Z;-2099;;157
2025-05-24T07:05:29Z;-2098;;158
2025-05-24T07:05:30Z;-2094;;162
2025-05-24T07:05:34Z;-2091;;165
2025-05-24T07:05:36Z;-2103;;153
2025-05-24T07:05:43Z;-2098;;158
2025-05-24T07:05:49Z;-2088;;168
2025-05-24T07:05:51Z;-2107;;149
2025-05-24T07:05:54Z;-2109;;147
2025-05-24T07:05:59Z;-2110;;146
2025-05-24T07:06:01Z;-2096;;160
2025-05-24T07:06:10Z;-2096;;160
2025-05-24T07:06:13Z;-2075;;181
2025-05-24T07:07:06Z;-2128;;128
2025-05-24T07:07:21Z;-2025;;231
2025-05-24T07:08:02Z;-2080;;176
2025-05-24T07:08:03Z;-2110;;146
2025-05-24T07:15:06Z;;2338;228
2025-05-24T07:15:09Z;-2257;;81
2025-05-24T07:17:56Z;;2401;144
2025-05-24T07:17:57Z;;2389;132
2025-05-24T07:18:05Z;;2407;150
2025-05-24T07:18:07Z;;2393;136
2025-05-24T07:18:15Z;;2407;150
2025-05-24T07:18:17Z;;2394;137
2025-05-24T07:18:19Z;;2410;153
2025-05-24T07:18:21Z;;2395;138
2025-05-24T07:18:23Z;;2402;145
2025-05-24T07:18:30Z;;2399;142
2025-05-24T07:18:31Z;;2412;155
2025-05-24T07:18:37Z;;2377;120
2025-05-24T07:18:39Z;;2403;146
2025-05-24T07:18:45Z;;2377;120
2025-05-24T07:18:47Z;;2401;144
2025-05-24T07:18:55Z;;2376;119
2025-05-24T07:18:57Z;;2402;145
2025-05-24T07:19:03Z;;2400;143
2025-05-24T07:19:11Z;;2412;155
2025-05-24T07:19:13Z;;2397;140
2025-05-24T07:19:15Z;;2412;155
2025-05-24T07:19:20Z;;2408;151
2025-05-24T07:19:22Z;;2395;138
2025-05-24T07:19:31Z;;2394;137
2025-05-24T07:19:33Z;;2409;152
2025-05-24T07:19:37Z;;2394;137
2025-05-24T07:19:42Z;;2395;138
2025-05-24T07:19:45Z;;2393;136
2025-05-24T07:19:53Z;;2408;151
2025-05-24T07:19:55Z;;2392;135
2025-05-24T07:19:57Z;;2407;150
2025-05-24T07:19:59Z;;2394;137
2025-05-24T07:20:01Z;;2408;151
2025-05-24T07:20:02Z;;2399;142
2025-05-24T07:20:04Z;;2402;145
2025-05-24T07:20:07Z;;2396;139
2025-05-24T07:20:09Z;;2410;153
2025-05-24T07:20:13Z;;2395;138
2025-05-24T07:20:19Z;;2408;151
2025-05-24T07:20:21Z;;2393;136
2025-05-24T07:20:23Z;;2406;149
2025-05-24T07:20:29Z;;2390;133
2025-05-24T07:20:31Z;;2407;150
2025-05-24T07:20:35Z;;2392;135
2025-05-24T07:20:37Z;;2407;150
2025-05-24T07:20:43Z;;2390;133
2025-05-24T07:20:45Z;;2403;146
2025-05-24T07:20:53Z;;2392;135
2025-05-24T07:20:55Z;;2406;149
2025-05-24T07:20:59Z;;2393;136
2025-05-24T07:21:05Z;;2409;152
2025-05-24T07:21:07Z;;2396;139
2025-05-24T07:21:09Z;;2411;154
2025-05-24T07:21:11Z;;2399;142
2025-05-24T07:21:13Z;;2413;156
2025-05-24T07:21:29Z;;2382;125
2025-05-24T07:21:31Z;;2410;153
2025-05-24T07:22:15Z;;2384;127
2025-05-24T07:22:17Z;;2411;154
2025-05-24T07:22:31Z;;2387;130
2025-05-24T07:22:33Z;;2415;158
2025-05-24T07:23:19Z;;2383;126
2025-05-24T07:23:21Z;;2413;156
2025-05-24T07:23:35Z;;2381;124
2025-05-24T07:23:37Z;;2413;156
2025-05-24T07:25:58Z;-2231;;182
2025-05-24T07:26:20Z;-2211;;202
2025-05-24T07:26:58Z;-2076;;337
2025-05-24T07:27:00Z;-2148;;265
2025-05-24T07:27:23Z;-2400;;13
2025-05-24T07:27:27Z;-2401;;12
2025-05-24T07:27:29Z;;2365;-36
2025-05-24T07:27:33Z;-1709;2060;-341
2025-05-24T07:27:34Z;-1240;;820
2025-05-24T07:27:35Z;;1433;193
2025-05-24T07:27:37Z;;1854;614
2025-05-24T07:27:38Z;;1604;364
2025-05-24T07:27:40Z;;1802;562
2025-05-24T07:27:42Z;-1727;2228;75
2025-05-24T07:27:44Z;-2054;;174
2025-05-24T07:27:45Z;;2045;-9
2025-05-24T07:27:46Z;-2026;1671;19
2025-05-24T07:27:48Z;;1459;-567
2025-05-24T07:27:49Z;-1736;1160;-277
2025-05-24T07:27:51Z;;1219;-517
2025-05-24T07:27:53Z;-1280;;-61
2025-05-24T07:27:54Z;;1595;315
2025-05-24T07:27:55Z;-1092;;503
2025-05-24T07:27:57Z;-1444;1418;326
2025-05-24T07:27:59Z;;1562;118
2025-05-24T07:28:00Z;;1468;24
2025-05-24T07:28:01Z;-1434;;34
2025-05-24T07:28:02Z;;1623;189
2025-05-24T07:28:04Z;;1970;536
2025-05-24T07:28:05Z;-2010;;-40
2025-05-24T07:28:06Z;;2217;207
2025-05-24T07:28:07Z;-2088;;129
2025-05-24T07:28:09Z;-2102;;115
2025-05-24T07:28:12Z;;2484;382
2025-05-24T07:30:06Z;;2503;401
2025-05-24T07:30:29Z;-2404;;99
2025-05-24T07:30:31Z;-2395;;108
2025-05-24T07:30:40Z;-2400;;103
2025-05-24T07:30:41Z;-2391;;112
2025-05-24T07:31:29Z;-2401;;102
2025-05-24T07:31:31Z;-2387;;116
2025-05-24T07:31:40Z;-2401;;102
2025-05-24T07:31:41Z;-2393;;110
2025-05-24T07:31:59Z;-2405;;98
2025-05-24T07:32:01Z;-2407;;96
2025-05-24T07:32:07Z;-2405;;98
2025-05-24T07:32:08Z;-2397;;106
2025-05-24T07:32:09Z;-2404;;99
2025-05-24T07:32:11Z;-2401;;102
2025-05-24T07:32:14Z;-2390;;113
2025-05-24T07:32:23Z;-2395;;108
2025-05-24T07:32:27Z;-2404;;99
2025-05-24T07:32:36Z;-2407;;96
2025-05-24T07:32:39Z;-2405;;98
2025-05-24T07:32:45Z;-2404;;99
2025-05-24T07:32:47Z;-2418;;85
2025-05-24T07:45:06Z;;2620;202
2025-05-24T07:45:07Z;-2505;;115
2025-05-24T07:49:31Z;;2704;199
2025-05-24T07:49:33Z;;2696;191
2025-05-24T07:49:37Z;;2701;196
2025-05-24T07:49:46Z;;2684;179
2025-05-24T07:49:47Z;;2703;198
2025-05-24T07:49:49Z;;2693;188
2025-05-24T07:49:53Z;;2700;195
2025-05-24T07:49:55Z;;2697;192
2025-05-24T07:49:58Z;;2700;195
2025-05-24T07:50:05Z;;2686;181
2025-05-24T07:50:07Z;;2709;204
2025-05-24T07:50:15Z;;2698;193
2025-05-24T07:50:17Z;;2700;195
2025-05-24T07:50:27Z;;2686;181
2025-05-24T07:50:29Z;;2721;216
2025-05-24T07:50:37Z;;2664;159
2025-05-24T07:50:39Z;;2758;253
2025-05-24T07:50:42Z;;2696;191
2025-05-24T07:50:44Z;;2203;-302
2025-05-24T07:50:46Z;;1831;-674
2025-05-24T07:50:48Z;;2075;-430
2025-05-24T07:50:50Z;;2380;-125
2025-05-24T07:50:52Z;;2371;-134
2025-05-24T07:50:54Z;-2249;;122
2025-05-24T07:50:55Z;-1884;2372;487
2025-05-24T07:50:56Z;-1659;;713
2025-05-24T07:50:57Z;-2086;;286
2025-05-24T07:50:59Z;-2243;;129
2025-05-24T07:51:00Z;-643;;1729
2025-05-24T07:51:01Z;;2341;1698
2025-05-24T07:51:03Z;-895;;1446
2025-05-24T07:51:04Z;-942;2548;1399
2025-05-24T07:51:07Z;;2274;1332
2025-05-24T07:51:09Z;-832;;1442
2025-05-24T07:51:10Z;;1645;813
2025-05-24T07:51:11Z;-850;;795
2025-05-24T07:51:12Z;-381;;1264
2025-05-24T07:51:13Z;179;1092;711
2025-05-24T07:51:14Z;314;;1406
2025-05-24T07:51:15Z;-125;;967
2025-05-24T07:51:17Z;-786;;306
2025-05-24T07:51:18Z;-995;;97
2025-05-24T07:51:33Z;-1093;;-1
2025-05-24T07:51:36Z;131;;1223
2025-05-24T07:51:38Z;321;;1413
2025-05-24T07:51:42Z;21;;1113
2025-05-24T07:51:44Z;346;;1438
2025-05-24T07:51:47Z;637;;1729
2025-05-24T07:51:48Z;508;;1600
2025-05-24T07:51:50Z;93;;1185
2025-05-24T07:51:51Z;100;;1192
2025-05-24T07:51:52Z;-60;;1032
2025-05-24T07:51:53Z;-693;;399
2025-05-24T07:51:59Z;-1216;;-124
2025-05-24T07:52:00Z;-1211;;-119
2025-05-24T07:52:08Z;-136;;956
2025-05-24T07:52:09Z;-1070;;22
2025-05-24T07:53:38Z;-1198;;-106
2025-05-24T07:53:40Z;-1168;;-76
2025-05-24T07:53:46Z;-1222;;-130
2025-05-24T07:53:49Z;-1203;;-111
2025-05-24T07:53:50Z;-1195;;-103
2025-05-24T07:53:58Z;-1224;;-132
2025-05-24T07:53:59Z;;2636;1412
2025-05-24T07:54:00Z;-837;;1799
2025-05-24T07:54:02Z;;1581;744
2025-05-24T07:54:04Z;-840;1035;741
2025-05-24T07:54:06Z;686;;1721
2025-05-24T07:54:10Z;;841;1527
2025-05-24T07:54:11Z;124;;965
2025-05-24T07:54:12Z;-431;;410
2025-05-24T07:54:13Z;-885;;-44
2025-05-24T07:54:17Z;;1283;398
2025-05-24T07:54:18Z;-1290;;-7
2025-05-24T07:54:21Z;;1969;679
2025-05-24T07:54:23Z;;2332;1042
2025-05-24T07:54:25Z;;2789;1499
2025-05-24T07:54:27Z;;3028;1738
2025-05-24T07:54:28Z;;2976;1686
2025-05-24T07:54:29Z;-931;;2045
2025-05-24T07:54:30Z;-892;;2084
2025-05-24T07:54:33Z;-1292;3010;1718
2025-05-24T07:54:37Z;;2949;1657
2025-05-24T07:54:39Z;;3011;1719
2025-05-24T07:54:40Z;;2989;1697
2025-05-24T07:54:42Z;;2585;1293
2025-05-24T07:54:44Z;;2730;1438
2025-05-24T07:54:46Z;;3055;1763
2025-05-24T07:55:27Z;;2994;1702
2025-05-24T07:55:28Z;-1267;;1727
2025-05-24T07:55:29Z;-1169;;1825
2025-05-24T07:55:33Z;;3003;1834
2025-05-24T07:55:37Z;-1329;2991;1674
2025-05-24T07:55:38Z;-1169;;1822
2025-05-24T07:55:41Z;;2435;1266
2025-05-24T07:55:42Z;-1122;;1313
2025-05-24T07:55:44Z;-899;;1536
2025-05-24T07:55:45Z;;2212;1313
2025-05-24T07:55:47Z;;2086;1187
2025-05-24T07:55:48Z;;2209;1310
2025-05-24T07:55:49Z;-471;;1738
2025-05-24T07:55:50Z;;2059;1588
2025-05-24T07:55:51Z;33;;2092
2025-05-24T07:55:52Z;-159;1976;1900
2025-05-24T07:55:54Z;;2291;2132
2025-05-24T07:55:56Z;-691;;1600
2025-05-24T07:55:57Z;-702;;1589
2025-05-24T07:55:58Z;;2005;1303
2025-05-24T07:55:59Z;;2323;1621
2025-05-24T07:56:01Z;;2608;1906
2025-05-24T07:56:04Z;-411;2710;2197
2025-05-24T07:56:05Z;-180;;2530
2025-05-24T07:56:06Z;;3006;2826
2025-05-24T07:56:09Z;-398;;2608
2025-05-24T07:56:10Z;-916;;2090
2025-05-24T07:56:11Z;-1208;;1798
2025-05-24T07:56:15Z;;2999;1791
2025-05-24T07:56:23Z;;3029;1821
2025-05-24T07:57:05Z;;2992;1784
2025-05-24T07:57:06Z;-1182;;1810
2025-05-24T07:57:10Z;-1218;;1774
2025-05-24T07:57:11Z;;2613;1395
2025-05-24T07:57:12Z;;2726;1508
2025-05-24T07:57:14Z;-1194;;1532
2025-05-24T07:57:15Z;-898;2336;1828
2025-05-24T07:57:17Z;-1005;;1331
2025-05-24T07:57:18Z;-853;;1483
2025-05-24T07:57:19Z;-435;1951;1901
2025-05-24T07:57:20Z;-167;;1784
2025-05-24T07:57:21Z;21;;1972
2025-05-24T07:57:23Z;;1766;1787
2025-05-24T07:57:25Z;;1489;1510
2025-05-24T07:57:27Z;;1157;1178
2025-05-24T07:57:29Z;625;1202;1223
2025-05-24T07:57:31Z;302;;1504
2025-05-24T07:57:32Z;37;;1239
2025-05-24T07:57:33Z;;1088;1125
2025-05-24T07:57:35Z;;1531;1568
2025-05-24T07:57:36Z;0;;1531
2025-05-24T07:57:37Z;;1476;1476
2025-05-24T07:57:39Z;;1536;1536
2025-05-24T07:57:40Z;162;;1698
2025-05-24T07:57:41Z;;1832;1994
2025-05-24T07:57:42Z;312;;2144
2025-05-24T07:57:44Z;688;;2520
2025-05-24T07:57:45Z;;1728;2416
2025-05-24T07:57:46Z;;1444;2132
2025-05-24T07:57:48Z;;1033;1721
2025-05-24T07:57:50Z;;892;1580
2025-05-24T07:57:53Z;;906;1594
2025-05-24T07:57:54Z;593;;1499
2025-05-24T07:57:55Z;;1200;1793
2025-05-24T07:57:58Z;;1141;1734
2025-05-24T07:58:00Z;;1341;1934
2025-05-24T07:58:01Z;165;;1506
2025-05-24T07:58:05Z;;1662;1827
2025-05-24T07:58:06Z;11;;1673
2025-05-24T07:58:08Z;-239;;1423
2025-05-24T07:58:09Z;;1702;1463
2025-05-24T07:58:10Z;;1826;1587
2025-05-24T07:58:12Z;-527;2361;2122
2025-05-24T07:58:14Z;;2675;2148
2025-05-24T07:58:15Z;;2930;2403
2025-05-24T07:58:16Z;-1070;;1860
2025-05-24T07:58:17Z;-1187;3042;1743
2025-05-24T07:58:21Z;-1287;;1755
2025-05-24T07:58:22Z;-2663;;379
2025-05-24T07:58:23Z;-1282;;1760
2025-05-24T07:58:47Z;;2992;1710
2025-05-24T07:58:48Z;;3008;1726
2025-05-24T07:58:53Z;;2999;1717
2025-05-24T07:58:54Z;-2660;;339
2025-05-24T07:58:55Z;;3004;344
2025-05-24T07:58:57Z;;2986;326
2025-05-24T07:58:58Z;-2713;;273
2025-05-24T07:59:02Z;;3001;288
2025-05-24T07:59:04Z;-2615;;386
2025-05-24T07:59:06Z;-1222;;1779
2025-05-24T07:59:07Z;;2984;1762
2025-05-24T07:59:08Z;;3007;1785
2025-05-24T07:59:12Z;;2992;1770
2025-05-24T07:59:15Z;;3009;1787
2025-05-24T07:59:20Z;;2996;1774
2025-05-24T07:59:23Z;;3015;1793
2025-05-24T07:59:31Z;-2670;;345
2025-05-24T07:59:35Z;-2736;;279
2025-05-24T07:59:37Z;-2742;;273
2025-05-24T07:59:44Z;-1292;;1723
2025-05-24T08:00:06Z;;3011;1719
2025-05-24T08:00:07Z;-1254;;1757
2025-05-24T08:00:09Z;-2742;;269
2025-05-24T08:00:10Z;-2645;;366
2025-05-24T08:00:12Z;;2932;287
2025-05-24T08:00:13Z;;3032;387
2025-05-24T08:00:16Z;-2748;;284
2025-05-24T08:00:19Z;-2659;;373
2025-05-24T08:00:22Z;-2700;;332
2025-05-24T08:00:23Z;-2697;;335
2025-05-24T08:00:25Z;-1296;;1736
2025-05-24T08:00:51Z;-2683;;349
2025-05-24T08:01:06Z;-1281;;1751
2025-05-24T08:01:23Z;;2939;1658
2025-05-24T08:01:24Z;-1079;;1860
2025-05-24T08:01:25Z;-724;;2215
2025-05-24T08:01:27Z;-474;;2465
2025-05-24T08:01:28Z;-838;;2101
2025-05-24T08:01:30Z;;2617;1779
2025-05-24T08:01:31Z;;2328;1490
2025-05-24T08:01:32Z;-970;;1358
2025-05-24T08:01:33Z;-756;;1572
2025-05-24T08:01:34Z;-353;;1975
2025-05-24T08:01:35Z;;2765;2412
2025-05-24T08:01:36Z;-1292;;1473
2025-05-24T08:01:37Z;-1019;2628;1746
2025-05-24T08:01:38Z;-1456;;1172
2025-05-24T08:01:39Z;;2153;697
2025-05-24T08:01:41Z;-1781;;372
2025-05-24T08:01:42Z;;1758;-23
2025-05-24T08:01:43Z;-2596;;-838
2025-05-24T08:01:46Z;;1382;-1214
2025-05-24T08:01:48Z;-2066;1522;-1074
2025-05-24T08:01:50Z;;2327;261
2025-05-24T08:01:51Z;;2887;821
2025-05-24T08:01:53Z;;2303;237
2025-05-24T08:01:55Z;-1260;;1043
2025-05-24T08:01:56Z;;2091;831
2025-05-24T08:01:57Z;-873;;1218
2025-05-24T08:01:58Z;-1308;;783
2025-05-24T08:01:59Z;;2661;1353
2025-05-24T08:02:04Z;-1257;2447;1139
2025-05-24T08:02:05Z;-794;;1653
2025-05-24T08:02:07Z;4;;2451
2025-05-24T08:02:10Z;380;;2827
2025-05-24T08:02:11Z;;2733;3113
2025-05-24T08:02:12Z;750;2648;3483
2025-05-24T08:02:14Z;;2783;3533
2025-05-24T08:02:16Z;805;3072;3588
2025-05-24T08:02:17Z;-188;;2884
2025-05-24T08:02:20Z;;2974;2786
2025-05-24T08:02:21Z;;3009;2821
2025-05-24T08:02:23Z;;2779;2591
2025-05-24T08:02:25Z;-576;1655;2203
2025-05-24T08:02:27Z;;894;318
2025-05-24T08:02:29Z;796;;1690
2025-05-24T08:02:30Z;;900;1696
2025-05-24T08:02:31Z;;932;1728
2025-05-24T08:02:35Z;;911;1707
2025-05-24T08:02:51Z;550;;1461
2025-05-24T08:02:53Z;644;;1555
2025-05-24T08:03:08Z;590;;1501
2025-05-24T08:03:10Z;;1378;1968
2025-05-24T08:03:16Z;214;;1592
2025-05-24T08:03:17Z;;1583;1797
2025-05-24T08:03:18Z;2;;1585
2025-05-24T08:03:20Z;43;;1626
2025-05-24T08:03:21Z;;1431;1474
2025-05-24T08:03:22Z;347;;1778
2025-05-24T08:03:23Z;;1071;1418
2025-05-24T08:03:25Z;;889;1236
2025-05-24T08:03:26Z;666;;1555
2025-05-24T08:03:27Z;;911;1577
2025-05-24T08:03:29Z;;899;1565
2025-05-24T08:03:41Z;861;;1760
2025-05-24T08:03:49Z;893;;1792
2025-05-24T08:03:50Z;909;;1808
2025-05-24T08:03:52Z;895;;1794
2025-05-24T08:04:00Z;877;;1776
2025-05-24T08:04:01Z;987;;1886
2025-05-24T08:04:24Z;-434;;465
2025-05-24T08:04:30Z;965;;1864
2025-05-24T08:05:03Z;-377;;522
2025-05-24T08:05:11Z;1018;;1917
2025-05-24T08:05:17Z;;598;1616
2025-05-24T08:05:41Z;-267;;331
2025-05-24T08:05:42Z;-263;;335
2025-05-24T08:05:48Z;-313;;285
2025-05-24T08:05:52Z;1104;;1702
2025-05-24T08:06:12Z;1092;;1690
2025-05-24T08:06:43Z;-296;;302
2025-05-24T08:06:44Z;-317;;281
2025-05-24T08:06:46Z;-286;;312
2025-05-24T08:06:48Z;;617;331
2025-05-24T08:06:51Z;-482;;135
2025-05-24T08:06:53Z;610;1004;522
2025-05-24T08:06:54Z;;1247;1857
2025-05-24T08:06:55Z;287;;1534
2025-05-24T08:06:56Z;-818;;429
2025-05-24T08:06:58Z;;1769;951
2025-05-24T08:06:59Z;;2059;1241
2025-05-24T08:07:01Z;-2600;2267;-541
2025-05-24T08:07:03Z;;2826;226
2025-05-24T08:07:06Z;;3031;431
2025-05-24T08:07:07Z;-2701;;330
2025-05-24T08:07:09Z;-2735;;296
2025-05-24T08:07:11Z;;2974;239
2025-05-24T08:07:12Z;;3018;283
2025-05-24T08:07:15Z;;2955;220
2025-05-24T08:07:16Z;;3000;265
2025-05-24T08:07:18Z;;2996;261
2025-05-24T08:07:19Z;-2703;;293
2025-05-24T08:07:20Z;-2597;;399
2025-05-24T08:07:34Z;-1157;;1839
2025-05-24T08:07:40Z;-1228;;1768
2025-05-24T08:07:43Z;-1117;;1879
2025-05-24T08:07:48Z;-2613;;383
2025-05-24T08:08:02Z;-2384;;612
2025-05-24T08:08:07Z;-2427;;569
2025-05-24T08:08:10Z;-2346;;650
2025-05-24T08:08:15Z;-926;;2070
2025-05-24T08:08:19Z;-873;;2123
2025-05-24T08:08:23Z;-1090;;1906
2025-05-24T08:09:00Z;-1147;;1849
2025-05-24T08:09:01Z;-817;;2179
2025-05-24T08:09:02Z;-898;;2098
2025-05-24T08:09:05Z;-883;;2113
2025-05-24T08:09:08Z;-939;;2057
2025-05-24T08:09:17Z;-940;;2056
2025-05-24T08:09:19Z;-950;;2046
2025-05-24T08:10:54Z;-1183;;1813
2025-05-24T08:10:57Z;-2571;;425
2025-05-24T08:10:59Z;-1122;;1874
2025-05-24T08:11:27Z;-1093;;1903
2025-05-24T08:11:29Z;-2506;;490
2025-05-24T08:11:42Z;-1095;;1901
2025-05-24T08:12:02Z;-2582;;414
2025-05-24T08:12:20Z;-1217;;1779
2025-05-24T08:12:25Z;-1236;;1760
2025-05-24T08:12:39Z;-2703;;293
2025-05-24T08:12:41Z;-2692;;304
2025-05-24T08:12:48Z;-2719;;277
2025-05-24T08:12:51Z;-2634;;362
2025-05-24T08:12:56Z;-2663;;333
2025-05-24T08:13:00Z;-2664;;332
2025-05-24T08:13:13Z;-1239;;1757
2025-05-24T08:13:19Z;-1218;;1778
2025-05-24T08:13:23Z;-2624;;372
2025-05-24T08:13:29Z;-2716;;280
2025-05-24T08:13:32Z;-2643;;353
2025-05-24T08:13:37Z;-2662;;334
2025-05-24T08:13:41Z;-2642;;354
2025-05-24T08:13:46Z;-1184;;1812
2025-05-24T08:13:50Z;-1201;;1795
2025-05-24T08:13:55Z;-1212;;1784
2025-05-24T08:14:00Z;-1216;;1780
2025-05-24T08:14:01Z;-1192;;1804
2025-05-24T08:14:03Z;-1216;;1780
2025-05-24T08:14:07Z;-2707;;289
2025-05-24T08:14:08Z;-2640;;356
2025-05-24T08:14:14Z;-2684;;312
2025-05-24T08:14:22Z;-2681;;315
2025-05-24T08:14:23Z;-1207;;1789
2025-05-24T08:14:24Z;-1207;;1789
2025-05-24T08:14:26Z;-1190;;1806
2025-05-24T08:14:30Z;-1260;;1736
2025-05-24T08:14:32Z;-1232;;1764
2025-05-24T08:14:46Z;-1270;;1726
2025-05-24T08:14:48Z;-2760;;236
2025-05-24T08:14:50Z;-2716;;280
2025-05-24T08:15:04Z;-1349;;1647
2025-05-24T08:15:06Z;;2967;1618
2025-05-24T08:15:07Z;-2732;;235
2025-05-24T08:15:22Z;;2995;263
2025-05-24T08:15:26Z;;2984;252
2025-05-24T08:15:27Z;;3005;273
2025-05-24T08:15:31Z;;2989;257
2025-05-24T08:15:32Z;;3013;281
2025-05-24T08:15:35Z;;2992;260
2025-05-24T08:15:36Z;-2787;;205
2025-05-24T08:15:38Z;;3013;226
2025-05-24T08:15:45Z;-1372;;1641
2025-05-24T08:16:13Z;-2872;;141
2025-05-24T08:16:26Z;-1342;;1671
2025-05-24T08:16:52Z;-1382;;1631
2025-05-24T08:16:54Z;-2890;;123
2025-05-24T08:17:06Z;-2243;;770
2025-05-24T08:17:07Z;-1370;;1643
2025-05-24T08:17:34Z;-1382;;1631
2025-05-24T08:17:47Z;-1420;;1593
2025-05-24T08:18:11Z;-1453;;1560
2025-05-24T08:18:28Z;-1417;;1596
2025-05-24T08:18:52Z;-2928;;85
2025-05-24T08:19:09Z;-1435;;1578
2025-05-24T08:19:50Z;-1443;;1570
2025-05-24T08:20:12Z;-2854;;159
2025-05-24T08:20:31Z;-1364;;1649
2025-05-24T08:20:53Z;-1417;;1596
2025-05-24T08:21:11Z;-1354;;1659
2025-05-24T08:21:16Z;;2999;1645
2025-05-24T08:21:17Z;;3019;1665
2025-05-24T08:21:26Z;;2985;1631
2025-05-24T08:21:27Z;;3005;1651
2025-05-24T08:21:32Z;-1331;;1674
2025-05-24T08:21:36Z;;2978;1647
2025-05-24T08:21:42Z;;3009;1678
2025-05-24T08:21:43Z;;2994;1663
2025-05-24T08:21:51Z;;3008;1677
2025-05-24T08:21:53Z;;2995;295
2025-05-24T08:21:54Z;-2763;;231
2025-05-24T08:21:59Z;-2703;;291
2025-05-24T08:22:01Z;;3009;246
2025-05-24T08:22:02Z;-2723;;260
2025-05-24T08:22:06Z;-2700;2983;280
2025-05-24T08:22:08Z;;3009;309
2025-05-24T08:22:14Z;-2719;;290
2025-05-24T08:22:17Z;-2706;;303
2025-05-24T08:22:20Z;;3015;309
2025-05-24T08:22:25Z;-2686;;329
2025-05-24T08:22:26Z;-2686;;329
2025-05-24T08:22:28Z;-2697;;318
2025-05-24T08:22:29Z;;2996;299
2025-05-24T08:22:30Z;-2700;3021;296
2025-05-24T08:22:35Z;;2998;298
2025-05-24T08:22:37Z;;3019;319
2025-05-24T08:22:38Z;-2699;;320
2025-05-24T08:22:45Z;;2996;297
2025-05-24T08:22:47Z;;3018;319
2025-05-24T08:22:56Z;;2995;296
2025-05-24T08:22:57Z;;3017;318
2025-05-24T08:23:05Z;;2996;297
2025-05-24T08:23:08Z;;3020;321
2025-05-24T08:23:15Z;;2994;295
2025-05-24T08:23:17Z;;3016;317
2025-05-24T08:23:25Z;;2988;289
2025-05-24T08:23:28Z;;3009;310
2025-05-24T08:23:35Z;;2989;290
2025-05-24T08:23:39Z;;3000;301
2025-05-24T08:23:40Z;;2999;300
2025-05-24T08:23:42Z;;3000;301
2025-05-24T08:23:46Z;;2988;289
2025-05-24T08:23:47Z;;3005;306
2025-05-24T08:23:56Z;;2988;289
2025-05-24T08:23:57Z;;3009;310
2025-05-24T08:24:05Z;;2995;296
2025-05-24T08:24:10Z;;3002;303
2025-05-24T08:24:15Z;;2982;283
2025-05-24T08:24:17Z;;3003;304
2025-05-24T08:24:23Z;;2997;298
2025-05-24T08:24:41Z;;3000;301
2025-05-24T08:24:43Z;;2990;291
2025-05-24T08:25:12Z;;3004;305
2025-05-24T08:25:13Z;;2992;293
2025-05-24T08:25:16Z;;3001;302
2025-05-24T08:25:18Z;;2988;289
2025-05-24T08:25:24Z;;3001;302
2025-05-24T08:25:29Z;;2979;280
2025-05-24T08:25:32Z;;3003;304
2025-05-24T08:25:43Z;;2983;284
2025-05-24T08:25:45Z;;2982;283
2025-05-24T08:25:53Z;;2980;281
2025-05-24T08:25:55Z;;3005;306
2025-05-24T08:26:03Z;;2974;275
2025-05-24T08:26:09Z;;3008;309
2025-05-24T08:26:11Z;;2991;292
2025-05-24T08:26:13Z;;3002;303
2025-05-24T08:26:15Z;;2991;292
2025-05-24T08:26:17Z;;3003;304
2025-05-24T08:26:19Z;;2986;287
2025-05-24T08:26:21Z;;3002;303
2025-05-24T08:26:27Z;;2995;296
2025-05-24T08:26:56Z;;3000;301
2025-05-24T08:26:58Z;;2990;291
2025-05-24T08:27:05Z;;3002;303
2025-05-24T08:27:07Z;;2986;287
2025-05-24T08:27:09Z;;3003;304
2025-05-24T08:27:11Z;;2997;298
2025-05-24T08:27:13Z;;3007;308
2025-05-24T08:27:15Z;;2993;294
2025-05-24T08:27:17Z;;3005;306
2025-05-24T08:27:19Z;;2990;291
2025-05-24T08:27:21Z;;3008;309
2025-05-24T08:27:23Z;;2993;294
2025-05-24T08:27:25Z;;3012;313
2025-05-24T08:27:27Z;;2995;296
2025-05-24T08:27:29Z;;3015;316
2025-05-24T08:27:35Z;;2998;299
2025-05-24T08:27:37Z;;3017;318
2025-05-24T08:28:10Z;-2386;;631
2025-05-24T08:28:11Z;-2480;;537
2025-05-24T08:28:21Z;-2483;;534
2025-05-24T08:28:55Z;;2996;513
2025-05-24T08:28:57Z;;3002;519
2025-05-24T08:29:01Z;;2972;489
2025-05-24T08:29:03Z;;3030;547
2025-05-24T08:29:15Z;;2998;515
2025-05-24T08:29:17Z;;3018;535
2025-05-24T08:29:25Z;;2988;505
2025-05-24T08:29:27Z;;3008;525
2025-05-24T08:29:34Z;;3008;525
2025-05-24T08:29:37Z;;3007;524
2025-05-24T08:29:45Z;;2980;497
2025-05-24T08:29:47Z;;3000;517
2025-05-24T08:29:49Z;;2998;515
2025-05-24T08:29:51Z;;3006;523
2025-05-24T08:29:53Z;;2996;513
2025-05-24T08:30:05Z;;2995;512
2025-05-24T08:32:21Z;-1155;;1840
2025-05-24T08:33:27Z;-1320;;1675
2025-05-24T08:33:29Z;-1222;;1773
2025-05-24T08:34:24Z;-1320;;1675
2025-05-24T08:34:26Z;-1194;;1801
2025-05-24T08:34:27Z;-1189;;1806
2025-05-24T08:34:30Z;-1264;;1731
2025-05-24T08:36:57Z;-2711;;284
2025-05-24T08:37:06Z;-2715;;280
2025-05-24T08:37:25Z;-1317;;1678
2025-05-24T08:37:27Z;-2724;;271
2025-05-24T08:37:48Z;-1349;;1646
2025-05-24T08:37:59Z;-1354;;1641
2025-05-24T08:38:01Z;-2671;;324
2025-05-24T08:38:03Z;-2718;;277
2025-05-24T08:38:31Z;-1422;;1573
2025-05-24T08:38:40Z;-2775;;220
2025-05-24T08:39:09Z;-2138;;857
2025-05-24T08:39:10Z;-1247;;1748
2025-05-24T08:39:27Z;-2701;;294
2025-05-24T08:39:30Z;-2751;;244
2025-05-24T08:39:35Z;-2710;;285
2025-05-24T08:39:37Z;-2727;;268
2025-05-24T08:39:49Z;-2699;;296
2025-05-24T08:39:51Z;-1284;;1711
2025-05-24T08:40:08Z;-1201;;1794
2025-05-24T08:40:10Z;-2639;;356
2025-05-24T08:40:13Z;-2710;;285
2025-05-24T08:40:23Z;-2691;;304
2025-05-24T08:40:30Z;-2698;;297
2025-05-24T08:40:31Z;-1221;;1774
2025-05-24T08:40:55Z;-1265;;1730
2025-05-24T08:40:57Z;-2670;;325
2025-05-24T08:41:02Z;-2664;;331
2025-05-24T08:41:06Z;-2721;;274
2025-05-24T08:41:12Z;-1252;;1743
2025-05-24T08:41:16Z;-1199;;1796
2025-05-24T08:41:19Z;-1215;;1780
2025-05-24T08:41:26Z;-1221;;1774
2025-05-24T08:41:37Z;-1246;;1749
2025-05-24T08:41:38Z;-1191;;1804
2025-05-24T08:41:40Z;-2674;;321
2025-05-24T08:41:44Z;-2738;;257
2025-05-24T08:41:47Z;-2661;;334
2025-05-24T08:41:52Z;-2679;;316
2025-05-24T08:42:22Z;-1272;;1723
2025-05-24T08:42:24Z;-2677;;318
2025-05-24T08:42:29Z;-2688;;307
2025-05-24T08:42:33Z;-2665;;330
2025-05-24T08:42:47Z;-1195;;1800
2025-05-24T08:42:48Z;-1198;;1797
2025-05-24T08:43:04Z;-2672;;323
2025-05-24T08:43:10Z;-2728;;267
2025-05-24T08:43:14Z;-2699;;296
2025-05-24T08:43:15Z;-1218;;1777
2025-05-24T08:43:42Z;-2708;;287
2025-05-24T08:43:45Z;-2681;;314
2025-05-24T08:43:47Z;-2705;;290
2025-05-24T08:43:53Z;-2746;;249
2025-05-24T08:43:56Z;-1201;;1794
2025-05-24T08:44:04Z;-1235;;1760
2025-05-24T08:44:07Z;-1219;;1776
2025-05-24T08:44:25Z;-2695;;300
2025-05-24T08:44:27Z;-2747;;248
2025-05-24T08:44:35Z;-2695;;300
2025-05-24T08:44:37Z;-2733;;262
2025-05-24T08:44:59Z;-2747;;248
2025-05-24T08:45:03Z;-2699;;296
2025-05-24T08:45:05Z;;2938;239
2025-05-24T08:45:07Z;-2708;;230
2025-05-24T08:45:08Z;-2732;;206
2025-05-24T08:45:12Z;-2694;;244
2025-05-24T08:45:17Z;-2746;;192
2025-05-24T08:45:40Z;-2687;;251
2025-05-24T08:45:41Z;-2681;;257
2025-05-24T08:45:43Z;-2696;;242
2025-05-24T08:45:48Z;-2664;;274
2025-05-24T08:45:51Z;-2704;;234
2025-05-24T08:45:56Z;-2750;;188
2025-05-24T08:45:59Z;-1200;;1738
2025-05-24T08:46:17Z;-1289;;1649
2025-05-24T08:46:23Z;-2689;;249
2025-05-24T08:46:25Z;-2748;;190
2025-05-24T08:46:36Z;-2744;;194
2025-05-24T08:46:39Z;-2691;;247
2025-05-24T08:46:59Z;-2689;;249
2025-05-24T08:47:02Z;-2764;;174
2025-05-24T08:47:05Z;-2693;;245
2025-05-24T08:47:06Z;-2728;;210
2025-05-24T08:47:10Z;-2691;;247
2025-05-24T08:47:11Z;-2718;;220
2025-05-24T08:47:22Z;-1607;;1331
2025-05-24T08:47:42Z;-2760;;178
2025-05-24T08:48:01Z;-1329;;1609
2025-05-24T08:48:23Z;-1288;;1650
2025-05-24T08:48:26Z;-2714;;224
2025-05-24T08:48:28Z;-2708;;230
2025-05-24T08:48:29Z;-2690;;248
2025-05-24T08:48:30Z;-2688;;250
2025-05-24T08:48:39Z;-2697;;241
2025-05-24T08:48:41Z;-2716;;222
2025-05-24T08:48:42Z;-1260;;1678
2025-05-24T08:48:55Z;-1194;2577;1744
2025-05-24T08:48:56Z;-809;;1768
2025-05-24T08:48:58Z;;2365;1556
2025-05-24T08:48:59Z;-835;;1530
2025-05-24T08:49:01Z;-1188;;1177
2025-05-24T08:49:02Z;-1256;;1109
2025-05-24T08:49:03Z;;2516;1260
2025-05-24T08:49:05Z;;2714;1458
2025-05-24T08:49:06Z;;2698;1442
2025-05-24T08:49:08Z;;2344;1088
2025-05-24T08:49:10Z;;2069;813
2025-05-24T08:49:11Z;;2195;939
2025-05-24T08:49:12Z;-1165;;1030
2025-05-24T08:49:13Z;-1220;;975
2025-05-24T08:49:14Z;-2302;;-107
2025-05-24T08:49:15Z;;2623;321
2025-05-24T08:49:17Z;;2890;588
2025-05-24T08:49:21Z;-2011;;879
2025-05-24T08:49:22Z;-1883;;1007
2025-05-24T08:49:23Z;-2485;;405
2025-05-24T08:49:24Z;-2731;;159
2025-05-24T08:49:26Z;-2681;;209
2025-05-24T08:49:27Z;-2736;;154
2025-05-24T08:49:28Z;-2672;;218
2025-05-24T08:49:30Z;-1095;;1795
2025-05-24T08:49:41Z;-1138;;1752
2025-05-24T08:49:48Z;-2578;;312
2025-05-24T08:50:03Z;-2568;;322
2025-05-24T08:50:27Z;-1188;;1702
2025-05-24T08:50:29Z;-1211;;1679
2025-05-24T08:50:31Z;-2725;;165
2025-05-24T08:50:45Z;-1244;;1646
2025-05-24T08:51:09Z;-2777;;113
2025-05-24T08:51:14Z;-2699;;191
2025-05-24T08:51:15Z;-2685;;205
2025-05-24T08:51:21Z;-2577;;313
2025-05-24T08:51:25Z;-2773;;117
2025-05-24T08:51:26Z;-1284;;1606
2025-05-24T08:51:27Z;-1263;;1627
2025-05-24T08:51:29Z;-1240;;1650
2025-05-24T08:51:36Z;;2590;1350
2025-05-24T08:51:38Z;;2950;1710
2025-05-24T08:51:49Z;-2773;;177
2025-05-24T08:52:07Z;-1247;;1703
2025-05-24T08:52:27Z;-1072;;1878
2025-05-24T08:52:29Z;-2609;;341
2025-05-24T08:52:36Z;-2691;;259
2025-05-24T08:52:46Z;-2692;;258
2025-05-24T08:52:47Z;-2701;;249
2025-05-24T08:53:09Z;-2717;;233
2025-05-24T08:53:11Z;-2705;;245
2025-05-24T08:53:13Z;-2733;;217
2025-05-24T08:53:17Z;-2698;;252
2025-05-24T08:53:19Z;-2705;;245
2025-05-24T08:53:21Z;-2697;;253
2025-05-24T08:53:22Z;-2739;;211
2025-05-24T08:53:26Z;-2673;;277
2025-05-24T08:53:27Z;-2710;;240
2025-05-24T08:53:29Z;-1259;;1691
2025-05-24T08:53:43Z;-1272;;1678
2025-05-24T08:53:44Z;-1199;;1751
2025-05-24T08:53:48Z;-1246;;1704
2025-05-24T08:53:50Z;-2759;;191
2025-05-24T08:53:53Z;-2678;;272
2025-05-24T08:53:54Z;-2694;;256
2025-05-24T08:53:57Z;-2697;;253
2025-05-24T08:54:00Z;-2738;;212
2025-05-24T08:54:06Z;-2687;;263
2025-05-24T08:54:09Z;-2668;;282
2025-05-24T08:54:15Z;-1220;;1730
2025-05-24T08:54:20Z;-1195;;1755
2025-05-24T08:54:29Z;-1259;;1691
2025-05-24T08:54:31Z;-2725;;225
2025-05-24T08:54:33Z;-2722;;228
2025-05-24T08:54:39Z;-2704;;246
2025-05-24T08:54:43Z;-2633;;317
2025-05-24T08:54:49Z;-2719;;231
2025-05-24T08:54:51Z;-1289;;1661
2025-05-24T08:55:12Z;-2706;;244
2025-05-24T08:55:20Z;-2712;;238
2025-05-24T08:55:23Z;-2668;;282
2025-05-24T08:55:29Z;-2739;;211
2025-05-24T08:55:31Z;-1716;;1234
2025-05-24T08:55:32Z;-1294;;1656
2025-05-24T08:55:54Z;-2677;;273
2025-05-24T08:55:57Z;-2741;;209
2025-05-24T08:55:58Z;;3001;260
2025-05-24T08:56:01Z;;2991;250
2025-05-24T08:56:06Z;-2724;;267
2025-05-24T08:56:09Z;-2656;;335
2025-05-24T08:56:12Z;-1296;;1695
2025-05-24T08:56:13Z;;3005;1709
2025-05-24T08:56:15Z;;2999;1703
2025-05-24T08:56:24Z;;3008;1712
2025-05-24T08:56:27Z;;2988;1692
2025-05-24T08:56:29Z;;3006;1710
2025-05-24T08:56:36Z;-2701;;305
2025-05-24T08:56:37Z;;2993;292
2025-05-24T08:56:39Z;-1242;;1751
2025-05-24T08:56:41Z;;3011;1769
2025-05-24T08:56:47Z;;2991;1749
2025-05-24T08:56:50Z;-1133;;1858
2025-05-24T08:56:53Z;126;;3117
2025-05-24T08:56:54Z;;3008;3134
2025-05-24T08:56:56Z;;2995;3121
2025-05-24T08:56:57Z;;3008;3134
2025-05-24T08:56:59Z;;2994;3120
2025-05-24T08:57:08Z;;3013;3139
2025-05-24T08:57:11Z;;2971;3097
2025-05-24T08:57:16Z;;3000;3126
2025-05-24T08:57:17Z;-1203;;1797
2025-05-24T08:57:18Z;-1198;;1802
2025-05-24T08:57:19Z;-1203;;1797
2025-05-24T08:57:20Z;-1193;;1807
2025-05-24T08:57:21Z;;2995;1802
2025-05-24T08:57:22Z;;3013;1820
2025-05-24T08:57:24Z;-1219;;1794
2025-05-24T08:57:25Z;-1185;;1828
2025-05-24T08:57:27Z;-1243;;1770
2025-05-24T08:57:30Z;-1111;;1902
2025-05-24T08:57:31Z;-1213;;1800
2025-05-24T08:57:37Z;78;;3091
2025-05-24T08:57:48Z;58;;3071
2025-05-24T08:57:59Z;-2709;;304
2025-05-24T08:58:03Z;-2715;;298
2025-05-24T08:58:06Z;-1256;;1757
2025-05-24T08:58:07Z;;2995;1739
2025-05-24T08:58:08Z;-1194;;1801
2025-05-24T08:58:12Z;;3012;1818
2025-05-24T08:58:15Z;78;;3090
2025-05-24T08:58:17Z;;2990;3068
2025-05-24T08:58:19Z;;3004;3082
2025-05-24T08:58:25Z;;2999;3077
2025-05-24T08:58:27Z;200;;3199
2025-05-24T08:58:28Z;;3001;3201
2025-05-24T08:58:30Z;;2978;3178
2025-05-24T08:58:32Z;;3000;3200
2025-05-24T08:58:35Z;;2998;3198
2025-05-24T08:58:38Z;-1240;;1758
2025-05-24T08:58:43Z;-2704;;294
2025-05-24T08:58:44Z;;3000;296
2025-05-24T08:58:46Z;;2990;286
2025-05-24T08:58:53Z;-2734;;256
2025-05-24T08:58:56Z;-1256;;1734
2025-05-24T08:59:05Z;-1278;;1712
2025-05-24T08:59:20Z;-2663;;327
2025-05-24T08:59:24Z;-2644;;346
2025-05-24T08:59:31Z;-2704;;286
2025-05-24T08:59:32Z;-2708;;282
2025-05-24T08:59:36Z;-2618;;372
2025-05-24T08:59:39Z;-1191;;1799
2025-05-24T08:59:50Z;-1212;;1778
2025-05-24T08:59:51Z;-1199;;1791
2025-05-24T08:59:59Z;-1252;;1738
2025-05-24T09:00:05Z;;2966;1714
2025-05-24T09:00:07Z;-2687;;279
2025-05-24T09:00:18Z;-1231;;1735
2025-05-24T09:00:22Z;-1256;;1710
2025-05-24T09:00:24Z;-1235;;1731
2025-05-24T09:00:32Z;237;;3203
2025-05-24T09:00:39Z;128;;3094
2025-05-24T09:00:59Z;198;;3164
2025-05-24T09:01:21Z;-1168;;1798
2025-05-24T09:01:40Z;217;;3183
2025-05-24T09:02:01Z;-776;;2190
2025-05-24T09:02:02Z;-979;;1987
2025-05-24T09:02:23Z;229;;3195
2025-05-24T09:02:30Z;226;;3192
2025-05-24T09:02:33Z;-1216;;1750
2025-05-24T09:02:42Z;-2592;;374
2025-05-24T09:02:45Z;-1193;;1773
2025-05-24T09:02:46Z;-1197;;1769
2025-05-24T09:02:48Z;-1145;;1821
2025-05-24T09:02:54Z;-1202;;1764
2025-05-24T09:02:57Z;-1151;;1815
2025-05-24T09:03:00Z;-1154;;1812
2025-05-24T09:03:02Z;184;;3150
2025-05-24T09:03:09Z;109;;3075
2025-05-24T09:03:10Z;-1108;;1858
2025-05-24T09:03:22Z;-1230;;1736
2025-05-24T09:03:28Z;-2713;;253
2025-05-24T09:03:29Z;-2631;;335
2025-05-24T09:03:35Z;-2704;;262
2025-05-24T09:03:38Z;-2640;;326
2025-05-24T09:03:42Z;-1291;;1675
2025-05-24T09:04:04Z;-1267;;1699
2025-05-24T09:04:23Z;-1220;;1746
2025-05-24T09:04:46Z;-2618;;348
2025-05-24T09:04:51Z;-2700;;266
2025-05-24T09:04:55Z;-2370;;596
2025-05-24T09:04:56Z;-2535;;431
2025-05-24T09:05:04Z;-1089;;1877
2025-05-24T09:05:27Z;-2535;;431
2025-05-24T09:05:44Z;-2616;;350
2025-05-24T09:06:08Z;-2537;;429
2025-05-24T09:06:26Z;-1097;;1869
2025-05-24T09:06:48Z;-2548;;418
2025-05-24T09:07:07Z;-1085;;1881
2025-05-24T09:07:23Z;;3005;1920
2025-05-24T09:07:25Z;;2992;1907
2025-05-24T09:07:29Z;-2579;;413
2025-05-24T09:07:33Z;;3000;421
2025-05-24T09:07:35Z;;2997;418
2025-05-24T09:07:47Z;-2563;;434
2025-05-24T09:07:53Z;;3000;437
2025-05-24T09:07:55Z;;2999;436
2025-05-24T09:08:08Z;-1152;;1847
2025-05-24T09:08:29Z;-1089;;1910
2025-05-24T09:08:50Z;-2446;;553
2025-05-24T09:09:10Z;-1083;;1916
2025-05-24T09:09:29Z;-2420;;579
2025-05-24T09:09:50Z;-2560;;439
2025-05-24T09:10:10Z;-1062;;1937
2025-05-24T09:10:31Z;-2159;;840
2025-05-24T09:10:42Z;;3002;843
2025-05-24T09:10:43Z;;2995;836
2025-05-24T09:10:50Z;-1156;;1839
2025-05-24T09:10:51Z;;3001;1845
2025-05-24T09:10:53Z;;2949;1793
2025-05-24T09:11:11Z;-2579;;370
2025-05-24T09:11:13Z;-1126;;1823
2025-05-24T09:11:32Z;-1136;;1813
2025-05-24T09:11:53Z;-1093;;1856
2025-05-24T09:12:14Z;-2634;;315
2025-05-24T09:12:34Z;-1100;;1849
2025-05-24T09:12:55Z;-2565;;384
2025-05-24T09:13:15Z;-1088;;1861
2025-05-24T09:13:36Z;-1098;;1851
2025-05-24T09:13:56Z;-1158;;1791
2025-05-24T09:14:17Z;-2596;;353
2025-05-24T09:14:36Z;-2621;;328
2025-05-24T09:14:45Z;-1156;;1793
2025-05-24T09:14:47Z;-1173;;1776
2025-05-24T09:14:49Z;;3002;1829
2025-05-24T09:14:51Z;;2985;1812
2025-05-24T09:14:53Z;;3000;1827
2025-05-24T09:14:54Z;-1152;;1848
2025-05-24T09:14:57Z;-1216;;1784
2025-05-24T09:14:59Z;;2990;1774
2025-05-24T09:15:04Z;;2988;1772
2025-05-24T09:15:08Z;;2990;1774
2025-05-24T09:15:09Z;;2991;1775
2025-05-24T09:15:15Z;;3002;1786
2025-05-24T09:15:18Z;-1136;;1866
2025-05-24T09:15:21Z;-1144;2991;1855
2025-05-24T09:15:24Z;-1204;;1787
2025-05-24T09:15:25Z;;2996;1792
2025-05-24T09:15:27Z;;3009;1805
2025-05-24T09:15:31Z;;3000;1796
2025-05-24T09:15:32Z;-1210;;1790
2025-05-24T09:15:34Z;;2993;1783
2025-05-24T09:15:35Z;-1209;;1784
2025-05-24T09:15:36Z;;3010;1801
2025-05-24T09:15:38Z;-1156;;1854
2025-05-24T09:15:39Z;;2996;1840
2025-05-24T09:15:45Z;;3010;1854
2025-05-24T09:15:47Z;;2996;1840
2025-05-24T09:15:54Z;;2998;1842
2025-05-24T09:15:56Z;;3010;1854
2025-05-24T09:15:58Z;;3000;1844
2025-05-24T09:15:59Z;-1107;;1893
2025-05-24T09:16:02Z;;2969;1862
2025-05-24T09:16:04Z;-1188;;1781
2025-05-24T09:16:05Z;;3008;1820
2025-05-24T09:16:06Z;-1137;;1871
2025-05-24T09:16:07Z;;2993;1856
2025-05-24T09:16:20Z;-2571;;422
2025-05-24T09:16:25Z;;3005;434
2025-05-24T09:16:27Z;;2990;419
2025-05-24T09:16:29Z;;3004;433
2025-05-24T09:16:31Z;;2997;426
2025-05-24T09:16:33Z;;3010;439
2025-05-24T09:16:35Z;;2990;419
2025-05-24T09:16:37Z;;3006;435
2025-05-24T09:16:40Z;-1221;;1785
2025-05-24T09:16:45Z;;2990;1769
2025-05-24T09:16:47Z;-1161;;1829
2025-05-24T09:16:52Z;;3010;1849
2025-05-24T09:16:53Z;-1234;;1776
2025-05-24T09:16:56Z;-1161;;1849
2025-05-24T09:16:59Z;;2988;1827
2025-05-24T09:17:00Z;-2122;;866
2025-05-24T09:17:02Z;-2597;3005;391
2025-05-24T09:17:04Z;;2998;401
2025-05-24T09:17:06Z;;3004;407
2025-05-24T09:17:09Z;;2985;388
2025-05-24T09:17:19Z;;3003;406
2025-05-24T09:17:21Z;-1204;;1799
2025-05-24T09:17:23Z;-1171;;1832
2025-05-24T09:17:24Z;-1195;;1808
2025-05-24T09:17:26Z;-1193;;1810
2025-05-24T09:17:29Z;-1223;;1780
2025-05-24T09:17:32Z;-1146;;1857
2025-05-24T09:17:38Z;-1227;;1776
2025-05-24T09:17:39Z;-1284;;1719
2025-05-24T09:18:01Z;-2498;;505
2025-05-24T09:18:04Z;-1123;;1880
2025-05-24T09:18:10Z;-1229;;1774
2025-05-24T09:18:13Z;-1122;;1881
2025-05-24T09:18:19Z;-1271;;1732
2025-05-24T09:18:22Z;-2574;;429
2025-05-24T09:18:41Z;-2590;;413
2025-05-24T09:18:43Z;-1170;;1833
2025-05-24T09:18:46Z;-1226;;1777
2025-05-24T09:18:48Z;-1231;;1772
2025-05-24T09:18:55Z;-1163;;1840
2025-05-24T09:19:03Z;-2565;;438
2025-05-24T09:19:27Z;-1227;;1776
2025-05-24T09:19:30Z;-1173;;1830
2025-05-24T09:19:36Z;-1231;;1772
2025-05-24T09:19:39Z;-1152;;1851
2025-05-24T09:19:45Z;-2666;;337
2025-05-24T09:20:11Z;-1175;;1828
2025-05-24T09:20:12Z;-1208;;1795
2025-05-24T09:20:13Z;-1196;;1807
2025-05-24T09:20:17Z;-1244;;1759
2025-05-24T09:20:20Z;-1180;;1823
2025-05-24T09:20:21Z;-1206;;1797
2025-05-24T09:20:44Z;-2675;;328
2025-05-24T09:20:50Z;-1209;;1794
2025-05-24T09:20:52Z;-1186;;1817
2025-05-24T09:21:06Z;-1198;;1805
2025-05-24T09:21:26Z;-1263;;1740
2025-05-24T09:21:45Z;-1258;;1745
2025-05-24T09:21:46Z;-1190;;1813
2025-05-24T09:22:06Z;-2625;;378
2025-05-24T09:22:08Z;-1196;;1807
2025-05-24T09:22:09Z;-1191;;1812
2025-05-24T09:22:12Z;-1251;;1752
2025-05-24T09:22:18Z;-1195;;1808
2025-05-24T09:22:28Z;-2626;;377
2025-05-24T09:22:31Z;-2410;;593
2025-05-24T09:22:36Z;-2388;;615
2025-05-24T09:22:38Z;-2414;;589
2025-05-24T09:22:39Z;-2398;;605
2025-05-24T09:22:41Z;-2389;;614
2025-05-24T09:22:44Z;-2443;;560
2025-05-24T09:22:46Z;-2408;;595
2025-05-24T09:22:47Z;-2402;;601
2025-05-24T09:22:50Z;-1132;;1871
2025-05-24T09:22:53Z;-1206;;1797
2025-05-24T09:22:59Z;;2995;1789
2025-05-24T09:23:01Z;;3003;1797
2025-05-24T09:23:08Z;-1199;;1804
2025-05-24T09:23:09Z;;2997;1798
2025-05-24T09:23:11Z;;3014;1815
2025-05-24T09:23:19Z;;2993;1794
2025-05-24T09:23:21Z;;3011;1812
2025-05-24T09:23:27Z;-2333;;678
2025-05-24T09:23:29Z;-1008;2989;2003
2025-05-24T09:23:34Z;;3007;1999
2025-05-24T09:23:39Z;;2986;1978
2025-05-24T09:23:41Z;;2987;1979
2025-05-24T09:23:49Z;;2983;1975
2025-05-24T09:23:50Z;-2642;;341
2025-05-24T09:23:52Z;;3000;358
2025-05-24T09:23:59Z;;2983;341
2025-05-24T09:24:01Z;;3004;362
2025-05-24T09:24:09Z;;2987;345
2025-05-24T09:24:10Z;-1199;;1788
2025-05-24T09:24:14Z;;3000;1801
2025-05-24T09:24:15Z;;2999;1800
2025-05-24T09:24:17Z;-1228;3013;1771
2025-05-24T09:24:19Z;;2982;1754
2025-05-24T09:24:21Z;-1163;;1819
2025-05-24T09:24:23Z;;3003;1840
2025-05-24T09:24:26Z;-1239;;1764
2025-05-24T09:24:29Z;-1027;;1976
2025-05-24T09:24:30Z;-1208;2981;1795
2025-05-24T09:24:32Z;-2610;;371
2025-05-24T09:24:36Z;;3010;400
2025-05-24T09:24:38Z;;2998;388
2025-05-24T09:24:42Z;;3001;391
2025-05-24T09:24:47Z;;2996;386
2025-05-24T09:24:49Z;;3002;392
2025-05-24T09:24:51Z;-1214;2982;1788
2025-05-24T09:24:53Z;;3000;1786
2025-05-24T09:24:58Z;-1141;;1859
2025-05-24T09:24:59Z;-1227;;1773
2025-05-24T09:25:00Z;-1178;2981;1822
2025-05-24T09:25:02Z;;3002;1824
2025-05-24T09:25:06Z;-1189;;1813
2025-05-24T09:25:09Z;-1212;;1790
2025-05-24T09:25:10Z;;2983;1771
2025-05-24T09:25:12Z;;3006;1794
2025-05-24T09:25:14Z;;2998;1786
2025-05-24T09:25:15Z;;3006;1794
2025-05-24T09:25:19Z;;2985;1773
2025-05-24T09:25:21Z;;3008;1796
2025-05-24T09:25:30Z;;2986;1774
2025-05-24T09:25:31Z;-2612;;374
2025-05-24T09:25:34Z;-1226;;1760
2025-05-24T09:25:37Z;-1079;;1907
2025-05-24T09:25:43Z;-1175;;1811
2025-05-24T09:25:50Z;-1203;;1783
2025-05-24T09:26:12Z;-2010;;976
2025-05-24T09:26:14Z;-1172;;1814
2025-05-24T09:26:17Z;-1227;;1759
2025-05-24T09:26:26Z;-1236;;1750
2025-05-24T09:26:32Z;-2622;;364
2025-05-24T09:26:53Z;-1394;;1592
2025-05-24T09:27:14Z;-2795;;191
2025-05-24T09:27:17Z;-2695;;291
2025-05-24T09:27:18Z;-2722;;264
2025-05-24T09:27:34Z;-1318;;1668
2025-05-24T09:27:55Z;-2729;;257
2025-05-24T09:28:06Z;-2697;;289
2025-05-24T09:28:11Z;-2711;;275
2025-05-24T09:28:15Z;-1257;;1729
2025-05-24T09:28:17Z;-1173;;1813
2025-05-24T09:28:19Z;-1221;;1765
2025-05-24T09:28:21Z;-1198;;1788
2025-05-24T09:28:35Z;-1256;;1730
2025-05-24T09:28:55Z;-2757;;229
2025-05-24T09:29:00Z;-1268;;1718
2025-05-24T09:29:01Z;-1156;;1830
2025-05-24T09:29:18Z;-2749;;237
2025-05-24T09:29:37Z;-1240;;1746
2025-05-24T09:29:57Z;-2790;;196
2025-05-24T09:30:05Z;;3015;225
2025-05-24T09:30:09Z;-2578;;437
2025-05-24T09:30:11Z;-2743;;272
2025-05-24T09:30:18Z;-1247;;1768
2025-05-24T09:30:31Z;-1278;;1737
2025-05-24T09:30:33Z;-1199;;1816
2025-05-24T09:30:39Z;-2765;;250
2025-05-24T09:30:59Z;-1242;;1773
2025-05-24T09:31:16Z;-1324;;1691
2025-05-24T09:31:18Z;-2732;;283
2025-05-24T09:31:40Z;-1239;;1776
2025-05-24T09:31:59Z;-2778;;237
2025-05-24T09:32:21Z;-1238;;1777
2025-05-24T09:32:35Z;;2999;1761
2025-05-24T09:32:37Z;;3028;1790
2025-05-24T09:32:38Z;-1310;;1718
2025-05-24T09:32:40Z;-2760;;268
2025-05-24T09:33:20Z;-1283;;1745
2025-05-24T09:33:42Z;-2825;;203
2025-05-24T09:34:01Z;-2810;;218
2025-05-24T09:34:22Z;-2787;;241
2025-05-24T09:34:24Z;-1290;;1738
2025-05-24T09:34:42Z;-1272;;1756
2025-05-24T09:35:04Z;-1334;;1694
2025-05-24T09:35:24Z;-2764;;264
2025-05-24T09:35:45Z;-1283;;1745
2025-05-24T09:36:05Z;-2778;;250
2025-05-24T09:36:26Z;-1321;;1707
2025-05-24T09:36:47Z;-2826;;202
2025-05-24T09:37:06Z;-2820;;208
2025-05-24T09:37:27Z;-1379;;1649
2025-05-24T09:37:48Z;-1344;;1684
2025-05-24T09:37:56Z;;2966;1622
2025-05-24T09:37:58Z;;3051;1707
2025-05-24T09:38:09Z;-2781;;270
2025-05-24T09:38:28Z;-2751;;300
2025-05-24T09:39:10Z;-1421;;1630
2025-05-24T09:39:30Z;-2785;;266
2025-05-24T09:39:51Z;-1392;;1659
2025-05-24T09:40:10Z;-2049;;1002
2025-05-24T09:40:32Z;-1398;;1653
2025-05-24T09:40:51Z;-2773;;278
2025-05-24T09:41:13Z;-1327;;1724
2025-05-24T09:41:32Z;-2765;;286
2025-05-24T09:41:53Z;-1848;;1203
2025-05-24T09:41:54Z;-1362;;1689
2025-05-24T09:42:15Z;-1372;;1679
2025-05-24T09:42:34Z;-1410;;1641
2025-05-24T09:42:54Z;-2789;;262
2025-05-24T09:43:15Z;-1391;;1660
2025-05-24T09:43:35Z;-1414;;1637
2025-05-24T09:43:55Z;-2834;;217
2025-05-24T09:44:15Z;-1411;;1640
2025-05-24T09:44:36Z;-2778;;273
2025-05-24T09:44:56Z;-1390;;1661
2025-05-24T09:45:05Z;;3026;1636
2025-05-24T09:45:18Z;-1385;;1641
2025-05-24T09:45:38Z;-2803;;223
2025-05-24T09:45:59Z;-1422;;1604
2025-05-24T09:46:19Z;-1385;;1641
2025-05-24T09:46:40Z;-1402;;1624
2025-05-24T09:47:01Z;-2750;;276
2025-05-24T09:47:21Z;-1403;;1623
2025-05-24T09:47:42Z;-2787;;239
2025-05-24T09:48:01Z;-2788;;238
2025-05-24T09:48:11Z;-1361;;1665
2025-05-24T09:48:14Z;-1182;;1844
2025-05-24T09:48:17Z;-1197;;1829
2025-05-24T09:48:20Z;-1160;;1866
2025-05-24T09:48:33Z;-2788;;238
2025-05-24T09:48:43Z;-1362;;1664
2025-05-24T09:49:02Z;-2772;;254
2025-05-24T09:49:22Z;-2526;;500
2025-05-24T09:49:23Z;-2450;;576
2025-05-24T09:49:25Z;-1210;;1816
2025-05-24T09:49:43Z;-2798;;228
2025-05-24T09:50:04Z;-1658;;1368
2025-05-24T09:50:24Z;-2765;;261
2025-05-24T09:50:33Z;-2785;;241
2025-05-24T09:50:36Z;-2715;;311
2025-05-24T09:50:37Z;-2697;;329
2025-05-24T09:50:39Z;-2713;;313
2025-05-24T09:50:45Z;-1360;;1666
2025-05-24T09:51:06Z;-1352;;1674
2025-05-24T09:51:24Z;-2664;;362
2025-05-24T09:51:25Z;-2712;;314
2025-05-24T09:51:27Z;-1268;;1758
2025-05-24T09:51:46Z;-2736;;290
2025-05-24T09:52:07Z;-1303;;1723
2025-05-24T09:52:26Z;-1320;;1706
2025-05-24T09:52:47Z;-2794;;232
2025-05-24T09:53:08Z;-2759;;267
2025-05-24T09:53:29Z;-1381;;1645
2025-05-24T09:53:49Z;-2735;;291
2025-05-24T09:54:10Z;-1453;;1573
2025-05-24T09:54:30Z;-2829;;197
2025-05-24T09:54:50Z;-2833;;193
2025-05-24T09:54:52Z;-1144;;1882
2025-05-24T09:54:54Z;263;;3289
2025-05-24T09:54:57Z;313;;3339
2025-05-24T09:54:58Z;270;;3296
2025-05-24T09:55:01Z;265;;3291
2025-05-24T09:55:11Z;-2777;;249
2025-05-24T09:55:21Z;-2609;;417
2025-05-24T09:55:23Z;-1118;;1908
2025-05-24T09:55:31Z;-1126;;1900
2025-05-24T09:55:35Z;;2933;1807
2025-05-24T09:55:37Z;;3020;1894
2025-05-24T09:55:51Z;-1148;;1872
2025-05-24T09:55:52Z;-2593;;427
2025-05-24T09:55:53Z;-1198;;1822
2025-05-24T09:55:55Z;-2831;;189
2025-05-24T09:56:21Z;-1154;;1866
2025-05-24T09:56:23Z;291;;3311
2025-05-24T09:56:32Z;-2257;;763
2025-05-24T09:56:33Z;-2757;;263
2025-05-24T09:56:56Z;-1342;;1678
2025-05-24T09:57:04Z;-1059;;1961
2025-05-24T09:57:08Z;257;;3277
2025-05-24T09:57:13Z;-1058;;1962
2025-05-24T09:57:14Z;-1129;;1891
2025-05-24T09:57:28Z;-2618;;402
2025-05-24T09:57:30Z;-1493;;1527
2025-05-24T09:57:35Z;284;;3304
2025-05-24T09:57:53Z;204;;3224
2025-05-24T09:57:54Z;-1107;;1913
2025-05-24T09:58:14Z;-2775;;245
2025-05-24T09:58:16Z;-1318;;1702
2025-05-24T09:58:34Z;-2773;;247
2025-05-24T09:58:43Z;-2613;;407
2025-05-24T09:58:44Z;-2773;;247
2025-05-24T09:58:56Z;-1373;;1647
2025-05-24T09:59:14Z;-1323;;1697
2025-05-24T09:59:37Z;-1351;;1669
2025-05-24T09:59:56Z;-2805;;215
2025-05-24T10:00:05Z;;3044;239
2025-05-24T10:00:07Z;-2807;;237
2025-05-24T10:00:18Z;-1361;;1683
2025-05-24T10:00:37Z;-2757;;287
2025-05-24T10:00:59Z;-1318;;1726
2025-05-24T10:01:18Z;-2725;;319
2025-05-24T10:01:40Z;-1300;;1744
2025-05-24T10:01:58Z;-1360;;1684
2025-05-24T10:02:20Z;-2774;;270
2025-05-24T10:02:40Z;-1234;;1810
2025-05-24T10:02:44Z;-2639;;405
2025-05-24T10:02:45Z;;2997;358
2025-05-24T10:02:47Z;;3024;385
2025-05-24T10:02:58Z;-2678;;346
2025-05-24T10:03:02Z;-1199;;1825
2025-05-24T10:03:05Z;-1207;;1817
2025-05-24T10:03:14Z;-1252;;1772
2025-05-24T10:03:15Z;-1146;;1878
2025-05-24T10:03:24Z;-2750;;274
2025-05-24T10:03:25Z;-2678;;346
2025-05-24T10:03:26Z;-2766;;258
2025-05-24T10:04:03Z;-2783;;241
2025-05-24T10:04:04Z;-2685;;339
2025-05-24T10:04:05Z;-2705;;319
2025-05-24T10:04:11Z;-2680;;344
2025-05-24T10:04:17Z;-2741;;283
2025-05-24T10:04:23Z;-2551;;473
2025-05-24T10:04:24Z;-1214;;1810
2025-05-24T10:04:44Z;-2674;;350
2025-05-24T10:04:45Z;-2701;;323
2025-05-24T10:04:47Z;-2691;;333
2025-05-24T10:04:50Z;-2752;;272
2025-05-24T10:04:52Z;-2749;;275
2025-05-24T10:04:59Z;-2726;;298
2025-05-24T10:05:01Z;;2994;268
2025-05-24T10:05:03Z;;2995;269
2025-05-24T10:05:05Z;-1228;;1767
2025-05-24T10:05:09Z;-1182;;1813
2025-05-24T10:05:10Z;-1202;2994;1793
2025-05-24T10:05:12Z;;3022;1820
2025-05-24T10:05:19Z;;2991;1789
2025-05-24T10:05:22Z;-2629;;362
2025-05-24T10:05:23Z;;3004;375
2025-05-24T10:05:24Z;-2679;;325
2025-05-24T10:05:37Z;-2730;;274
2025-05-24T10:05:45Z;-2755;;249
2025-05-24T10:06:04Z;-2817;;187
2025-05-24T10:06:26Z;-2560;;444
2025-05-24T10:06:44Z;-1373;;1631
2025-05-24T10:06:57Z;;2997;1624
2025-05-24T10:06:59Z;;3026;1653
2025-05-24T10:07:07Z;-1538;;1488
2025-05-24T10:07:08Z;-1371;;1655
2025-05-24T10:07:26Z;-2819;;207
2025-05-24T10:07:48Z;-1337;;1689
2025-05-24T10:08:07Z;-2842;;184
2025-05-24T10:08:28Z;-2849;;177
2025-05-24T10:08:49Z;-2880;;146
2025-05-24T10:09:10Z;-1356;;1670
2025-05-24T10:09:30Z;-2890;;136
2025-05-24T10:09:46Z;-735;;2291
2025-05-24T10:09:51Z;645;;3671
2025-05-24T10:09:58Z;594;;3620
2025-05-24T10:10:04Z;644;;3670
2025-05-24T10:10:10Z;593;;3619
2025-05-24T10:10:11Z;-781;;2245
2025-05-24T10:10:22Z;;2992;2211
2025-05-24T10:10:24Z;;3058;2277
2025-05-24T10:10:34Z;689;;3747
2025-05-24T10:10:47Z;592;;3650
2025-05-24T10:10:49Z;667;;3725
2025-05-24T10:10:50Z;645;;3703
2025-05-24T10:11:15Z;638;;3696
2025-05-24T10:11:21Z;653;;3711
2025-05-24T10:11:27Z;583;;3641
2025-05-24T10:11:30Z;653;;3711
2025-05-24T10:11:32Z;-754;;2304
2025-05-24T10:11:50Z;-2829;;229
2025-05-24T10:11:54Z;-1352;;1706
2025-05-24T10:12:11Z;671;;3729
2025-05-24T10:12:12Z;670;;3728
2025-05-24T10:12:37Z;625;;3683
2025-05-24T10:12:53Z;192;;3250
2025-05-24T10:13:03Z;-2348;;710
2025-05-24T10:13:16Z;-1319;;1739
2025-05-24T10:13:33Z;-1362;;1696
2025-05-24T10:13:56Z;-2844;;214
2025-05-24T10:14:16Z;-2831;;227
2025-05-24T10:14:38Z;-1337;;1721
2025-05-24T10:14:56Z;-2852;;206
2025-05-24T10:15:05Z;;3044;192
2025-05-24T10:15:07Z;-2903;;141
2025-05-24T10:15:18Z;-1654;;1390
2025-05-24T10:15:19Z;-1348;;1696
2025-05-24T10:15:38Z;-1375;;1669
2025-05-24T10:15:59Z;-1292;;1752
2025-05-24T10:16:18Z;-2826;;218
2025-05-24T10:16:35Z;-2547;;497
2025-05-24T10:16:39Z;-2475;;569
2025-05-24T10:16:55Z;-1078;;1966
2025-05-24T10:16:59Z;-2862;;182
2025-05-24T10:17:21Z;-1341;;1703
2025-05-24T10:17:38Z;-1344;;1700
2025-05-24T10:17:59Z;-2636;;408
2025-05-24T10:18:02Z;-1326;;1718
2025-05-24T10:18:20Z;-2836;;208
2025-05-24T10:18:35Z;-1130;;1914
2025-05-24T10:18:36Z;-691;2992;2301
2025-05-24T10:18:38Z;;3023;2332
2025-05-24T10:18:45Z;579;;3602
2025-05-24T10:18:46Z;621;;3644
2025-05-24T10:18:51Z;569;;3592
2025-05-24T10:18:54Z;623;;3646
2025-05-24T10:18:58Z;-1312;;1711
2025-05-24T10:19:01Z;-2808;;215
2025-05-24T10:19:23Z;-2861;;162
2025-05-24T10:19:43Z;-2881;;142
2025-05-24T10:19:54Z;-2831;;192
2025-05-24T10:20:01Z;-1366;;1657
2025-05-24T10:20:03Z;-1197;;1826
2025-05-24T10:20:05Z;14;;3037
2025-05-24T10:20:23Z;46;;3069
2025-05-24T10:20:24Z;-1417;;1606
2025-05-24T10:20:46Z;-1352;;1671
2025-05-24T10:21:06Z;-2839;;184
2025-05-24T10:21:10Z;-2678;;345
2025-05-24T10:21:11Z;-2782;;241
2025-05-24T10:21:27Z;-1364;;1659
2025-05-24T10:21:47Z;-2098;;925
2025-05-24T10:22:07Z;-2890;;133
2025-05-24T10:22:27Z;-1414;;1609
2025-05-24T10:22:41Z;-1167;;1856
2025-05-24T10:22:42Z;-2665;;358
2025-05-24T10:22:51Z;-1279;;1744
2025-05-24T10:23:03Z;-971;;2052
2025-05-24T10:23:07Z;-1080;;1943
2025-05-24T10:23:13Z;-2422;;601
2025-05-24T10:23:15Z;-2451;;572
2025-05-24T10:23:17Z;-2465;;558
2025-05-24T10:23:19Z;-2432;;591
2025-05-24T10:23:25Z;-2702;;321
2025-05-24T10:23:27Z;-2694;;329
2025-05-24T10:23:29Z;-1729;;1294
2025-05-24T10:23:30Z;-1181;;1842
2025-05-24T10:23:33Z;-1223;;1800
2025-05-24T10:23:47Z;-1311;;1712
2025-05-24T10:23:51Z;-2692;;331
2025-05-24T10:23:53Z;-2703;;320
2025-05-24T10:23:55Z;-2602;;421
2025-05-24T10:24:10Z;-1097;;1926
2025-05-24T10:24:15Z;-1078;;1945
2025-05-24T10:24:51Z;-1218;;1805
2025-05-24T10:25:09Z;-2696;;327
2025-05-24T10:25:12Z;-2710;;313
2025-05-24T10:25:15Z;-2693;;330
2025-05-24T10:25:17Z;-2720;;303
2025-05-24T10:25:21Z;-2688;;335
2025-05-24T10:25:30Z;-2720;;303
2025-05-24T10:25:32Z;-1213;;1810
2025-05-24T10:25:34Z;-1183;;1840
2025-05-24T10:25:35Z;-1207;;1816
2025-05-24T10:25:43Z;-1192;;1831
2025-05-24T10:25:44Z;-1238;;1785
2025-05-24T10:25:50Z;-2747;;276
2025-05-24T10:25:56Z;-1157;;1866
2025-05-24T10:26:03Z;-1213;;1810
2025-05-24T10:26:05Z;-1159;;1864
2025-05-24T10:26:09Z;-1168;;1855
2025-05-24T10:26:12Z;-2741;;282
2025-05-24T10:26:20Z;-1288;;1735
2025-05-24T10:26:22Z;128;;3151
2025-05-24T10:26:31Z;122;;3145
2025-05-24T10:26:33Z;-1218;;1805
2025-05-24T10:26:34Z;-1211;;1812
2025-05-24T10:26:51Z;-1186;;1837
2025-05-24T10:26:52Z;-1191;;1832
2025-05-24T10:26:54Z;148;;3171
2025-05-24T10:27:12Z;106;;3129
2025-05-24T10:27:35Z;154;;3177
2025-05-24T10:27:51Z;125;;3148
2025-05-24T10:27:53Z;-1276;;1747
2025-05-24T10:27:57Z;-2781;;242
2025-05-24T10:27:59Z;-2690;;333
2025-05-24T10:28:01Z;-2729;;294
2025-05-24T10:28:07Z;-2730;;293
2025-05-24T10:28:16Z;150;;3173
2025-05-24T10:28:36Z;-1272;;1751
2025-05-24T10:28:57Z;106;;3129
2025-05-24T10:29:10Z;-1248;;1775
2025-05-24T10:29:18Z;-2779;;244
2025-05-24T10:29:24Z;-1207;;1816
2025-05-24T10:29:32Z;-1211;;1812
2025-05-24T10:29:34Z;-1196;;1827
2025-05-24T10:29:38Z;160;;3183
2025-05-24T10:29:58Z;70;;3093
2025-05-24T10:30:05Z;;3063;3133
2025-05-24T10:30:19Z;151;;3214
2025-05-24T10:30:24Z;-1324;;1739
2025-05-24T10:30:38Z;-1295;;1768
2025-05-24T10:30:40Z;-1209;;1854
2025-05-24T10:31:00Z;152;;3215
2025-05-24T10:31:19Z;132;;3195
2025-05-24T10:31:26Z;-1198;;1865
2025-05-24T10:31:28Z;-2731;;332
2025-05-24T10:32:00Z;-2749;;314
2025-05-24T10:32:21Z;-1457;;1606
2025-05-24T10:32:41Z;-2800;;263
2025-05-24T10:33:02Z;-1314;;1749
2025-05-24T10:33:20Z;-2728;;335
2025-05-24T10:33:39Z;-2655;;408
2025-05-24T10:33:40Z;-2700;;363
2025-05-24T10:33:43Z;-1273;;1790
2025-05-24T10:34:01Z;-1279;;1784
2025-05-24T10:34:20Z;-2660;;403
2025-05-24T10:34:21Z;-2706;;357
2025-05-24T10:34:24Z;-1255;;1808
2025-05-24T10:34:42Z;-1258;;1805
2025-05-24T10:34:44Z;-2747;;316
2025-05-24T10:34:47Z;-2660;;403
2025-05-24T10:34:53Z;-2697;;366
2025-05-24T10:35:00Z;-2685;;378
2025-05-24T10:35:02Z;-2713;;350
2025-05-24T10:35:04Z;-2683;;380
2025-05-24T10:35:05Z;-1241;;1822
2025-05-24T10:35:24Z;-2734;;329
2025-05-24T10:35:28Z;-2688;;375
2025-05-24T10:35:33Z;-2741;;322
2025-05-24T10:35:37Z;-2652;;411
2025-05-24T10:35:43Z;-2738;;325
2025-05-24T10:35:46Z;-1223;;1840
2025-05-24T10:36:04Z;-1312;;1751
2025-05-24T10:36:07Z;-2754;;309
2025-05-24T10:36:11Z;-2713;;350
2025-05-24T10:36:18Z;-2699;;364
2025-05-24T10:36:19Z;-2709;;354
2025-05-24T10:36:27Z;-1241;;1822
2025-05-24T10:36:46Z;-2709;;354
2025-05-24T10:36:48Z;-2696;;367
2025-05-24T10:36:51Z;-2744;;319
2025-05-24T10:36:54Z;-2658;;405
2025-05-24T10:36:55Z;-2706;;357
2025-05-24T10:36:57Z;-2699;;364
2025-05-24T10:36:59Z;-2668;;395
2025-05-24T10:37:03Z;-2668;;395
2025-05-24T10:37:05Z;-2734;;329
2025-05-24T10:37:07Z;-2689;;374
2025-05-24T10:37:15Z;-1257;;1806
2025-05-24T10:37:17Z;-1223;;1840
2025-05-24T10:37:26Z;-1215;;1848
2025-05-24T10:37:34Z;-2749;;314
2025-05-24T10:37:37Z;-2700;;363
2025-05-24T10:37:39Z;-2674;;389
2025-05-24T10:37:41Z;-2749;;314
2025-05-24T10:37:44Z;-2675;;388
2025-05-24T10:37:46Z;-2685;;378
2025-05-24T10:37:49Z;-1227;;1836
2025-05-24T10:37:52Z;-1280;;1783
2025-05-24T10:37:54Z;-1220;;1843
2025-05-24T10:37:57Z;-1187;;1876
2025-05-24T10:37:59Z;-1186;;1877
2025-05-24T10:38:10Z;-2754;;309
2025-05-24T10:38:11Z;-2751;;312
2025-05-24T10:38:13Z;-2705;;358
2025-05-24T10:38:16Z;-2699;;364
2025-05-24T10:38:18Z;-2708;;355
2025-05-24T10:38:23Z;-2750;;313
2025-05-24T10:38:27Z;-2701;;362
2025-05-24T10:38:29Z;-2697;;366
2025-05-24T10:38:31Z;-1267;;1796
2025-05-24T10:38:33Z;-1200;;1863
2025-05-24T10:38:35Z;-1224;;1839
2025-05-24T10:38:56Z;-1229;;1834
2025-05-24T10:38:57Z;-2700;;363
2025-05-24T10:38:59Z;-2628;;435
2025-05-24T10:39:01Z;-2680;;383
2025-05-24T10:39:02Z;-2745;;318
2025-05-24T10:39:03Z;-2714;;349
2025-05-24T10:39:05Z;-2691;;372
2025-05-24T10:39:07Z;-2748;;315
2025-05-24T10:39:08Z;-2706;;357
2025-05-24T10:39:10Z;-2654;;409
2025-05-24T10:39:11Z;-2677;;386
2025-05-24T10:39:19Z;-1165;;1898
2025-05-24T10:39:22Z;-1204;;1859
2025-05-24T10:39:24Z;-1197;;1866
2025-05-24T10:39:29Z;-2681;;382
2025-05-24T10:39:31Z;-2724;;339
2025-05-24T10:39:32Z;-2683;;380
2025-05-24T10:39:38Z;-2740;;323
2025-05-24T10:39:41Z;-2683;;380
2025-05-24T10:39:46Z;-2654;;409
2025-05-24T10:39:50Z;-2740;;323
2025-05-24T10:39:52Z;-1174;;1889
2025-05-24T10:39:54Z;-1170;;1893
2025-05-24T10:40:03Z;-1176;;1887
2025-05-24T10:40:05Z;-1202;;1861
2025-05-24T10:40:09Z;-1224;;1839
2025-05-24T10:40:11Z;-2682;;381
2025-05-24T10:40:13Z;-2702;;361
2025-05-24T10:40:18Z;-2666;;397
2025-05-24T10:40:20Z;-2685;;378
2025-05-24T10:40:32Z;-1314;;1749
2025-05-24T10:40:33Z;-1189;;1874
2025-05-24T10:40:42Z;-1185;;1878
2025-05-24T10:40:44Z;-1199;;1864
2025-05-24T10:40:49Z;-1197;;1866
2025-05-24T10:40:50Z;-1174;;1889
2025-05-24T10:40:59Z;-2645;;418
2025-05-24T10:41:04Z;-2725;;338
2025-05-24T10:41:08Z;-2652;;411
2025-05-24T10:41:13Z;-1185;;1878
2025-05-24T10:41:16Z;-1226;;1837
2025-05-24T10:41:22Z;-1171;;1892
2025-05-24T10:41:25Z;-1241;;1822
2025-05-24T10:41:31Z;-1182;;1881
2025-05-24T10:41:35Z;-2678;;385
2025-05-24T10:41:42Z;-2728;;335
2025-05-24T10:41:43Z;-2693;;370
2025-05-24T10:41:45Z;-2708;;355
2025-05-24T10:41:48Z;-2676;;387
2025-05-24T10:41:58Z;-1170;;1893
2025-05-24T10:42:03Z;-1209;;1854
2025-05-24T10:42:07Z;-1190;;1873
2025-05-24T10:42:08Z;-1201;;1862
2025-05-24T10:42:11Z;-1181;;1882
2025-05-24T10:42:13Z;-2686;;377
2025-05-24T10:42:15Z;-2596;;467
2025-05-24T10:42:16Z;-2738;;325
2025-05-24T10:42:17Z;-2658;;405
2025-05-24T10:42:18Z;-2703;;360
2025-05-24T10:42:19Z;-2699;;364
2025-05-24T10:42:24Z;-2711;;352
2025-05-24T10:42:25Z;-2647;;416
2025-05-24T10:42:27Z;-2705;;358
2025-05-24T10:42:29Z;-2699;;364
2025-05-24T10:42:31Z;-2720;;343
2025-05-24T10:42:34Z;-2668;;395
2025-05-24T10:42:36Z;-1187;;1876
2025-05-24T10:42:37Z;-1205;;1858
2025-05-24T10:42:52Z;-79;;2984
2025-05-24T10:42:56Z;-1465;;1598
2025-05-24T10:43:01Z;-1455;;1608
2025-05-24T10:43:05Z;-1527;;1536
2025-05-24T10:43:12Z;-1514;;1549
2025-05-24T10:43:14Z;-1528;;1535
2025-05-24T10:43:15Z;-1470;;1593
2025-05-24T10:43:37Z;-1504;;1559
2025-05-24T10:43:41Z;-1536;;1527
2025-05-24T10:43:48Z;-1545;;1518
2025-05-24T10:43:51Z;-1447;;1616
2025-05-24T10:43:54Z;-1500;;1563
2025-05-24T10:43:56Z;-1499;;1564
2025-05-24T10:44:04Z;48;;3111
2025-05-24T10:44:15Z;-65;;2998
2025-05-24T10:44:19Z;-1536;;1527
2025-05-24T10:44:23Z;-1459;;1604
2025-05-24T10:44:28Z;-1487;;1576
2025-05-24T10:44:31Z;-1514;;1549
2025-05-24T10:44:37Z;-1485;;1578
2025-05-24T10:44:56Z;-103;;2960
2025-05-24T10:44:58Z;-1540;;1523
2025-05-24T10:45:05Z;;3070;1530
2025-05-24T10:45:08Z;-1466;;1604
2025-05-24T10:45:14Z;-1316;;1754
2025-05-24T10:45:21Z;-1480;;1590
2025-05-24T10:45:23Z;4;;3074
2025-05-24T10:45:39Z;-1513;;1557
2025-05-24T10:45:41Z;-1444;;1626
2025-05-24T10:45:45Z;-1514;;1556
2025-05-24T10:45:49Z;-1453;;1617
2025-05-24T10:45:53Z;-1500;;1570
2025-05-24T10:45:58Z;-1472;;1598
2025-05-24T10:46:19Z;-232;;2838
2025-05-24T10:46:24Z;-1522;;1548
2025-05-24T10:46:29Z;-1557;;1513
2025-05-24T10:46:31Z;-1509;;1561
2025-05-24T10:46:38Z;-1524;;1546
2025-05-24T10:46:40Z;-1502;;1568
2025-05-24T10:47:02Z;-1483;;1587
2025-05-24T10:47:06Z;-1504;;1566
2025-05-24T10:47:11Z;-1501;;1569
2025-05-24T10:47:15Z;-1465;;1605
2025-05-24T10:47:21Z;-1481;;1589
2025-05-24T10:47:40Z;-1476;;1594
2025-05-24T10:48:03Z;63;;3133
2025-05-24T10:48:05Z;-50;;3020
2025-05-24T10:48:20Z;-113;;2957
2025-05-24T10:48:22Z;-1518;;1552
2025-05-24T10:48:30Z;-1510;;1560
2025-05-24T10:48:37Z;-1211;;1859
2025-05-24T10:48:43Z;-394;;2676
2025-05-24T10:48:44Z;170;;3240
2025-05-24T10:48:51Z;-56;;3014
2025-05-24T10:49:02Z;-1533;;1537
2025-05-24T10:49:04Z;-1463;;1607
2025-05-24T10:49:05Z;-1502;;1568
2025-05-24T10:49:06Z;-1497;;1573
2025-05-24T10:49:08Z;-1507;;1563
2025-05-24T10:49:17Z;-1497;;1573
2025-05-24T10:49:22Z;-1458;;1612
2025-05-24T10:49:24Z;-105;;2965
2025-05-24T10:49:26Z;152;;3222
2025-05-24T10:49:42Z;52;;3122
2025-05-24T10:49:51Z;-1546;;1524
2025-05-24T10:49:54Z;-1429;;1641
2025-05-24T10:49:59Z;-1490;;1580
2025-05-24T10:50:03Z;-1454;;1616
2025-05-24T10:50:05Z;-98;;2972
2025-05-24T10:50:23Z;-103;;2967
2025-05-24T10:50:26Z;-1483;;1587
2025-05-24T10:50:29Z;-1521;;1549
2025-05-24T10:50:36Z;-1530;;1540
2025-05-24T10:50:38Z;-1521;;1549
2025-05-24T10:50:45Z;-1342;;1728
2025-05-24T10:51:04Z;-36;;3034
2025-05-24T10:51:16Z;-1472;;1598
2025-05-24T10:51:25Z;-1479;;1591
2025-05-24T10:51:27Z;-120;;2950
2025-05-24T10:51:46Z;-200;;2870
2025-05-24T10:51:58Z;-1498;;1572
2025-05-24T10:52:01Z;-1425;;1645
2025-05-24T10:52:05Z;-1474;;1596
2025-05-24T10:52:28Z;-1447;;1623
2025-05-24T10:52:34Z;-1538;;1532
2025-05-24T10:52:36Z;-1519;;1551
2025-05-24T10:52:42Z;-1488;;1582
2025-05-24T10:52:46Z;-1488;;1582
2025-05-24T10:52:48Z;-1478;;1592
2025-05-24T10:53:07Z;-116;;2954
2025-05-24T10:53:09Z;-1457;;1613
2025-05-24T10:53:12Z;-1489;;1581
2025-05-24T10:53:19Z;-1500;;1570
2025-05-24T10:53:23Z;-1500;;1570
2025-05-24T10:53:28Z;-1498;;1572
2025-05-24T10:53:30Z;-76;;2994
2025-05-24T10:53:48Z;-64;;3006
2025-05-24T10:53:50Z;-1467;;1603
2025-05-24T10:53:53Z;-1540;;1530
2025-05-24T10:54:00Z;-1499;;1571
2025-05-24T10:54:02Z;-1509;;1561
2025-05-24T10:54:09Z;-1479;;1591
2025-05-24T10:54:11Z;-119;;2951
2025-05-24T10:54:29Z;-201;;2869
2025-05-24T10:54:52Z;-233;;2837
2025-05-24T10:55:11Z;-315;;2755
2025-05-24T10:55:12Z;-1558;;1512
2025-05-24T10:55:35Z;-242;;2828
2025-05-24T10:55:52Z;-1376;;1694
2025-05-24T10:55:53Z;-1598;;1472
2025-05-24T10:56:16Z;-237;;2833
2025-05-24T10:56:31Z;-322;;2748
2025-05-24T10:56:33Z;-1573;;1497
2025-05-24T10:56:54Z;-1592;;1478
2025-05-24T10:56:58Z;-262;;2808
2025-05-24T10:57:14Z;-2743;;327
2025-05-24T10:57:35Z;-1635;;1435
2025-05-24T10:57:54Z;-2739;;331
2025-05-24T10:58:16Z;-1371;;1699
2025-05-24T10:58:24Z;-1318;;1752
2025-05-24T10:58:34Z;-283;;2787
2025-05-24T10:58:57Z;-281;;2789
2025-05-24T10:58:59Z;-215;;2855
2025-05-24T10:59:17Z;-1382;;1688
2025-05-24T10:59:38Z;-1313;;1757
2025-05-24T10:59:57Z;-2762;;308
2025-05-24T11:00:05Z;;3081;319
2025-05-24T11:00:19Z;-1333;;1748
2025-05-24T11:00:37Z;-1308;;1773
2025-05-24T11:00:51Z;-2675;;406
2025-05-24T11:00:52Z;-2713;;368
2025-05-24T11:01:00Z;-1357;;1724
2025-05-24T11:01:18Z;-1323;;1758
2025-05-24T11:02:49Z;-2622;;459
2025-05-24T11:02:50Z;-2741;;340
2025-05-24T11:03:05Z;-1296;;1785
2025-05-24T11:03:07Z;-2774;;307
2025-05-24T11:03:43Z;-2771;;310
2025-05-24T11:03:53Z;-2765;;316
2025-05-24T11:03:57Z;-2617;;464
2025-05-24T11:03:58Z;-2711;;370
2025-05-24T11:04:27Z;-1281;;1800
2025-05-24T11:04:37Z;-2828;;253
2025-05-24T11:05:05Z;-2755;;326
2025-05-24T11:05:47Z;-1285;;1796
2025-05-24T11:06:05Z;-2738;;343
2025-05-24T11:06:27Z;-2762;;319
2025-05-24T11:06:45Z;-2336;;745
2025-05-24T11:07:09Z;-1347;;1734
2025-05-24T11:07:25Z;-2722;;359
2025-05-24T11:07:50Z;-1343;;1738
2025-05-24T11:08:05Z;-2743;;338
2025-05-24T11:08:41Z;-2817;;264
2025-05-24T11:08:43Z;-1280;;1801
2025-05-24T11:08:44Z;-1282;;1799
2025-05-24T11:09:10Z;-2762;;319
2025-05-24T11:09:23Z;-1298;;1783
2025-05-24T11:09:38Z;-2697;;384
2025-05-24T11:09:39Z;-2754;;327
2025-05-24T11:09:54Z;-1570;;1511
2025-05-24T11:09:55Z;-2818;;263
2025-05-24T11:10:33Z;-1305;;1776
2025-05-24T11:10:35Z;-2769;;312
2025-05-24T11:11:16Z;-1270;;1811
2025-05-24T11:11:19Z;-1273;;1808
2025-05-24T11:11:55Z;-1264;;1817
2025-05-24T11:12:04Z;-1258;;1823
2025-05-24T11:12:09Z;-2665;;416
2025-05-24T11:12:10Z;-2746;;335
2025-05-24T11:12:36Z;-1256;;1825
2025-05-24T11:12:49Z;-2773;;308
2025-05-24T11:13:16Z;-2814;;267
2025-05-24T11:13:32Z;-1256;;1825
2025-05-24T11:13:58Z;-1276;;1805
2025-05-24T11:14:15Z;-2815;;266
2025-05-24T11:14:39Z;-1284;;1797
2025-05-24T11:14:53Z;-1348;;1733
2025-05-24T11:14:55Z;-2685;;396
2025-05-24T11:15:05Z;;3072;387
2025-05-24T11:15:19Z;-2801;;271
2025-05-24T11:15:33Z;-1257;;1815
2025-05-24T11:16:01Z;-1346;;1726
2025-05-24T11:16:41Z;-2724;;348
2025-05-24T11:16:54Z;-2795;;277
2025-05-24T11:17:22Z;-2503;;569
2025-05-24T11:17:23Z;-1279;;1793
2025-05-24T11:17:36Z;-2751;;321
2025-05-24T11:22:43Z;-2784;;288
2025-05-24T11:22:44Z;-2762;;310
2025-05-24T11:24:28Z;;3036;274
2025-05-24T11:24:30Z;;3028;266
2025-05-24T11:24:51Z;-2781;;247
2025-05-24T11:26:35Z;-2731;;297
2025-05-24T11:26:37Z;-2790;;238
2025-05-24T11:29:06Z;-2693;;335
2025-05-24T11:29:07Z;-2752;;276
2025-05-24T11:30:05Z;;3027;275
2025-05-24T11:30:07Z;-2802;;225
2025-05-24T11:30:22Z;-2791;;236
2025-05-24T11:30:33Z;-2737;;290
2025-05-24T11:30:36Z;;3027;290
2025-05-24T11:30:37Z;;3034;297
2025-05-24T11:31:19Z;;2989;252
2025-05-24T11:31:21Z;;3019;282
2025-05-24T11:31:39Z;-2774;;245
2025-05-24T11:31:41Z;-2733;;286
2025-05-24T11:32:05Z;-2703;2996;263
2025-05-24T11:32:07Z;-2722;3021;274
2025-05-24T11:32:13Z;;2996;274
2025-05-24T11:32:15Z;;3023;301
2025-05-24T11:32:20Z;;2984;262
2025-05-24T11:32:21Z;-2696;;327
2025-05-24T11:32:22Z;;3021;299
2025-05-24T11:32:24Z;;2997;301
2025-05-24T11:32:25Z;-2728;;269
2025-05-24T11:32:27Z;;3022;294
2025-05-24T11:32:33Z;;2996;268
2025-05-24T11:32:35Z;;3020;292
2025-05-24T11:32:43Z;;2994;266
2025-05-24T11:32:45Z;;3015;287
2025-05-24T11:32:47Z;-2778;;237
2025-05-24T11:32:49Z;-2734;;281
2025-05-24T11:32:53Z;;2995;261
2025-05-24T11:32:55Z;;3021;287
2025-05-24T11:33:03Z;-2680;;341
2025-05-24T11:33:04Z;;2995;315
2025-05-24T11:33:06Z;;3022;342
2025-05-24T11:33:12Z;;2981;301
2025-05-24T11:33:14Z;;3034;354
2025-05-24T11:33:21Z;;2995;315
2025-05-24T11:33:23Z;;3022;342
2025-05-24T11:33:29Z;-2669;2999;353
2025-05-24T11:33:30Z;-2711;;288
2025-05-24T11:33:31Z;;3000;289
2025-05-24T11:33:38Z;-2698;;302
2025-05-24T11:33:39Z;-2710;;290
2025-05-24T11:34:29Z;;2998;288
2025-05-24T11:34:31Z;;3021;311
2025-05-24T11:34:39Z;;2998;288
2025-05-24T11:34:41Z;;3020;310
2025-05-24T11:34:49Z;;2997;287
2025-05-24T11:34:51Z;;3020;310
2025-05-24T11:34:59Z;;2999;289
2025-05-24T11:35:01Z;;3020;310
2025-05-24T11:35:09Z;;2996;286
2025-05-24T11:35:11Z;;3018;308
2025-05-24T11:35:13Z;-2695;;323
2025-05-24T11:35:14Z;-2766;;252
2025-05-24T11:35:16Z;-2788;;230
2025-05-24T11:35:18Z;-2805;;213
2025-05-24T11:35:19Z;;2996;191
2025-05-24T11:35:21Z;;3017;212
2025-05-24T11:35:29Z;;2997;192
2025-05-24T11:35:31Z;;3019;214
2025-05-24T11:35:39Z;;2998;193
2025-05-24T11:35:41Z;;3020;215
2025-05-24T11:35:49Z;;2998;193
2025-05-24T11:35:51Z;;3020;215
2025-05-24T11:36:09Z;;2999;194
2025-05-24T11:36:11Z;;3020;215
2025-05-24T11:36:13Z;;2987;182
2025-05-24T11:36:15Z;;3020;215
2025-05-24T11:36:29Z;;2999;194
2025-05-24T11:36:31Z;;3000;195
2025-05-24T11:36:49Z;;2998;193
2025-05-24T11:36:51Z;;3017;212
2025-05-24T11:36:59Z;;2995;190
2025-05-24T11:37:01Z;;3014;209
2025-05-24T11:37:09Z;;2993;188
2025-05-24T11:37:11Z;;2993;188
2025-05-24T11:37:19Z;;2990;185
2025-05-24T11:37:21Z;;3010;205
2025-05-24T11:37:29Z;;2984;179
2025-05-24T11:37:31Z;;3008;203
2025-05-24T11:37:39Z;;2984;179
2025-05-24T11:37:44Z;;3006;201
2025-05-24T11:37:49Z;;2981;176
2025-05-24T11:37:51Z;;3004;199
2025-05-24T11:38:00Z;;2983;178
2025-05-24T11:38:01Z;;3004;199
2025-05-24T11:38:09Z;;2982;177
2025-05-24T11:38:11Z;;3004;199
2025-05-24T11:38:19Z;;2981;176
2025-05-24T11:38:21Z;;3003;198
2025-05-24T11:38:30Z;;2978;173
2025-05-24T11:38:31Z;;3000;195
2025-05-24T11:38:34Z;;2998;193
2025-05-24T11:38:36Z;;3011;206
2025-05-24T11:38:38Z;;2995;190
2025-05-24T11:38:42Z;;3000;195
2025-05-24T11:38:44Z;;2999;194
2025-05-24T11:38:46Z;;3011;206
2025-05-24T11:38:48Z;;2996;191
2025-05-24T11:38:52Z;;3000;195
2025-05-24T11:38:54Z;;2997;192
2025-05-24T11:38:56Z;;3011;206
2025-05-24T11:38:57Z;;2998;193
2025-05-24T11:39:01Z;;3000;195
2025-05-24T11:39:03Z;;2998;193
2025-05-24T11:39:05Z;;3015;210
2025-05-24T11:39:09Z;;2979;174
2025-05-24T11:39:11Z;;3003;198
2025-05-24T11:39:14Z;;2997;192
2025-05-24T11:39:16Z;;3002;197
2025-05-24T11:39:19Z;;2979;174
2025-05-24T11:39:21Z;;3002;197
2025-05-24T11:39:28Z;;2995;190
2025-05-24T11:39:33Z;;3003;198
2025-05-24T11:39:35Z;;2997;192
2025-05-24T11:39:37Z;;3013;208
2025-05-24T11:39:39Z;;2981;176
2025-05-24T11:39:41Z;;3004;199
2025-05-24T11:39:50Z;;2982;177
2025-05-24T11:39:55Z;;3002;197
2025-05-24T11:40:02Z;;3010;205
2025-05-24T11:40:05Z;;3008;203
2025-05-24T11:40:13Z;;2988;183
2025-05-24T11:40:15Z;;3008;203
2025-05-24T11:40:23Z;;2988;183
2025-05-24T11:40:25Z;;3009;204
2025-05-24T11:40:32Z;;2984;179
2025-05-24T11:40:36Z;;3004;199
2025-05-24T11:40:43Z;;2976;171
2025-05-24T11:40:49Z;;3006;201
2025-05-24T11:40:51Z;;2998;193
2025-05-24T11:40:56Z;;3000;195
2025-05-24T11:40:58Z;;2999;194
2025-05-24T11:41:00Z;;3000;195
2025-05-24T11:41:02Z;;2999;194
2025-05-24T11:41:08Z;;3000;195
2025-05-24T11:41:13Z;;2981;176
2025-05-24T11:41:15Z;;3001;196
2025-05-24T11:41:23Z;;2984;179
2025-05-24T11:41:25Z;;3006;201
2025-05-24T11:41:33Z;;2983;178
2025-05-24T11:41:35Z;;3006;201
2025-05-24T11:41:41Z;;2991;186
2025-05-24T11:41:43Z;;3004;199
2025-05-24T11:41:51Z;;2982;177
2025-05-24T11:41:53Z;;3005;200
2025-05-24T11:41:58Z;;3006;201
2025-05-24T11:42:00Z;;2982;177
2025-05-24T11:42:09Z;;2981;176
2025-05-24T11:42:11Z;;3004;199
2025-05-24T11:42:19Z;;2984;179
2025-05-24T11:42:21Z;;3006;201
2025-05-24T11:42:29Z;-913;2979;2093
2025-05-24T11:42:31Z;;3001;2088
2025-05-24T11:42:33Z;-2615;;386
2025-05-24T11:42:35Z;;2999;384
2025-05-24T11:42:37Z;;3000;385
2025-05-24T11:42:39Z;;2997;382
2025-05-24T11:42:42Z;;3000;385
2025-05-24T11:42:44Z;;2999;384
2025-05-24T11:42:46Z;;3009;394
2025-05-24T11:42:48Z;;2994;379
2025-05-24T11:42:55Z;;3001;386
2025-05-24T11:42:57Z;;2987;372
2025-05-24T11:43:05Z;;3006;391
2025-05-24T11:43:07Z;;2995;380
2025-05-24T11:43:15Z;;3008;393
2025-05-24T11:43:17Z;;2994;379
2025-05-24T11:43:25Z;;3010;395
2025-05-24T11:43:28Z;;2999;384
2025-05-24T11:43:33Z;;3002;387
2025-05-24T11:43:39Z;;2982;367
2025-05-24T11:43:41Z;;3005;390
2025-05-24T11:43:49Z;;2982;367
2025-05-24T11:43:51Z;;2983;368
2025-05-24T11:43:53Z;;2997;382
2025-05-24T11:43:55Z;;3013;398
2025-05-24T11:43:58Z;;3000;385
2025-05-24T11:44:03Z;;3000;385
2025-05-24T11:44:05Z;;2995;380
2025-05-24T11:44:07Z;;3008;393
2025-05-24T11:44:09Z;;2979;364
2025-05-24T11:44:15Z;;3009;394
2025-05-24T11:44:17Z;;2999;384
2025-05-24T11:44:22Z;;3000;385
2025-05-24T11:44:27Z;;2999;384
2025-05-24T11:44:29Z;;3000;385
2025-05-24T11:44:31Z;;2981;366
2025-05-24T11:44:33Z;;3002;387
2025-05-24T11:44:34Z;;2999;384
2025-05-24T11:44:36Z;;3001;386
2025-05-24T11:44:38Z;;2998;383
2025-05-24T11:44:41Z;;3001;386
2025-05-24T11:44:47Z;;2998;383
2025-05-24T11:44:49Z;;3002;387
2025-05-24T11:44:50Z;;2982;367
2025-05-24T11:44:52Z;;3003;388
2025-05-24T11:44:57Z;;2999;384
2025-05-24T11:44:59Z;;3002;387
2025-05-24T11:45:00Z;;2982;367
2025-05-24T11:45:02Z;;3001;386
2025-05-24T11:45:06Z;;2981;366
2025-05-24T11:45:07Z;;2998;383
2025-05-24T11:45:09Z;-2677;3001;386
2025-05-24T11:45:11Z;;2982;305
2025-05-24T11:45:13Z;;3002;325
2025-05-24T11:45:17Z;;2999;322
2025-05-24T11:45:21Z;;3000;323
2025-05-24T11:45:27Z;;2998;321
2025-05-24T11:45:32Z;;3000;323
2025-05-24T11:45:34Z;;2998;321
2025-05-24T11:45:36Z;;3009;332
2025-05-24T11:45:37Z;;2996;319
2025-05-24T11:45:45Z;;3009;332
2025-05-24T11:45:47Z;;2998;321
2025-05-24T11:45:55Z;;3006;329
2025-05-24T11:45:57Z;;2993;316
2025-05-24T11:46:05Z;;3005;328
2025-05-24T11:46:07Z;;2995;318
2025-05-24T11:46:15Z;;3008;331
2025-05-24T11:46:17Z;;2998;321
2025-05-24T11:46:25Z;;3007;330
2025-05-24T11:46:27Z;;2995;318
2025-05-24T11:46:45Z;;3005;328
2025-05-24T11:46:47Z;;2992;315
2025-05-24T11:46:55Z;;3001;324
2025-05-24T11:46:57Z;;2989;312
2025-05-24T11:47:05Z;;3002;325
2025-05-24T11:47:07Z;;2990;313
2025-05-24T12:00:05Z;;2917;240
2025-05-24T12:00:07Z;-2604;;313
2025-05-24T12:08:47Z;-2700;;217
2025-05-24T12:08:48Z;-2698;;219
2025-05-24T12:09:27Z;-2700;;217
2025-05-24T12:09:29Z;-2687;;230
2025-05-24T12:09:37Z;-2699;;218
2025-05-24T12:09:39Z;-2687;;230
2025-05-24T12:15:05Z;;2871;184
2025-05-24T12:15:07Z;-2681;;190
2025-05-24T12:30:05Z;;2780;99
2025-05-24T12:30:07Z;-2594;;186
2025-05-24T12:35:02Z;-2606;;174
2025-05-24T12:35:23Z;-2385;;395
2025-05-24T12:36:06Z;-2317;;463
2025-05-24T12:36:25Z;-2588;;192
2025-05-24T12:38:16Z;;2696;108
2025-05-24T12:38:18Z;;2720;132
2025-05-24T12:38:41Z;;2708;120
2025-05-24T12:38:44Z;;2679;91
2025-05-24T12:38:47Z;;2709;121
2025-05-24T12:41:23Z;;2690;102
2025-05-24T12:41:25Z;;2715;127
2025-05-24T12:41:31Z;;2693;105
2025-05-24T12:41:33Z;;2715;127
2025-05-24T12:41:42Z;;2692;104
2025-05-24T12:41:43Z;;2703;115
2025-05-24T12:41:45Z;;2695;107
2025-05-24T12:41:47Z;;2714;126
2025-05-24T12:41:51Z;;2691;103
2025-05-24T12:41:53Z;;2712;124
2025-05-24T12:42:01Z;;2689;101
2025-05-24T12:42:03Z;;2711;123
2025-05-24T12:42:25Z;;2688;100
2025-05-24T12:42:27Z;;2712;124
2025-05-24T12:42:33Z;;2687;99
2025-05-24T12:42:37Z;;2710;122
2025-05-24T12:42:42Z;;2709;121
2025-05-24T12:42:44Z;;2687;99
2025-05-24T12:42:53Z;;2687;99
2025-05-24T12:42:55Z;;2708;120
2025-05-24T12:43:03Z;;2686;98
2025-05-24T12:43:05Z;;2706;118
2025-05-24T12:43:21Z;;2690;102
2025-05-24T12:43:23Z;;2713;125
2025-05-24T12:43:25Z;-2284;;429
2025-05-24T12:43:31Z;;2689;405
2025-05-24T12:43:33Z;;2711;427
2025-05-24T12:43:41Z;;2689;405
2025-05-24T12:43:43Z;-2546;2710;426
2025-05-24T12:43:52Z;;2687;141
2025-05-24T12:43:53Z;;2710;164
2025-05-24T12:44:15Z;-2297;2687;413
2025-05-24T12:44:17Z;;2709;412
2025-05-24T12:44:22Z;;2705;408
2025-05-24T12:44:25Z;;2707;410
2025-05-24T12:44:27Z;-2502;;205
2025-05-24T12:44:29Z;-2298;;409
2025-05-24T12:44:33Z;;2683;385
2025-05-24T12:44:35Z;;2706;408
2025-05-24T12:44:41Z;-2540;;166
2025-05-24T12:44:43Z;;2684;386
2025-05-24T12:44:48Z;;2701;161
2025-05-24T12:44:51Z;;2698;158
2025-05-24T12:44:55Z;;2700;160
2025-05-24T12:44:57Z;;2701;161
2025-05-24T12:44:59Z;;2711;171
2025-05-24T12:45:01Z;;2697;157
2025-05-24T12:45:05Z;;2711;171
2025-05-24T12:45:07Z;-2536;;175
2025-05-24T12:45:08Z;;2694;158
2025-05-24T12:45:11Z;;2695;159
2025-05-24T12:45:25Z;;2700;164
2025-05-24T12:45:26Z;-2269;;431
2025-05-24T12:45:27Z;;2698;429
2025-05-24T12:45:29Z;;2700;431
2025-05-24T12:45:31Z;;2699;430
2025-05-24T12:45:33Z;;2700;431
2025-05-24T12:45:35Z;;2676;407
2025-05-24T12:45:37Z;;2700;431
2025-05-24T12:45:43Z;;2684;415
2025-05-24T12:45:45Z;;2702;433
2025-05-24T12:45:46Z;-2337;;365
2025-05-24T12:45:53Z;;2684;347
2025-05-24T12:45:55Z;;2703;366
2025-05-24T12:46:03Z;;2685;348
2025-05-24T12:46:05Z;;2704;367
2025-05-24T12:46:12Z;;2701;364
2025-05-24T12:46:15Z;;2703;366
2025-05-24T12:46:23Z;;2685;348
2025-05-24T12:46:25Z;;2704;367
2025-05-24T12:46:33Z;;2686;349
2025-05-24T12:46:35Z;;2704;367
2025-05-24T12:46:43Z;;2685;348
2025-05-24T12:46:45Z;;2705;368
2025-05-24T12:46:51Z;;2697;360
2025-05-24T12:46:55Z;;2702;365
2025-05-24T12:46:57Z;;2697;360
2025-05-24T12:46:59Z;;2710;373
2025-05-24T12:47:01Z;;2695;358
2025-05-24T12:47:09Z;;2702;365
2025-05-24T12:47:13Z;;2683;346
2025-05-24T12:47:15Z;;2683;346
2025-05-24T12:47:21Z;;2699;362
2025-05-24T12:47:25Z;;2700;363
2025-05-24T12:47:27Z;;2696;359
2025-05-24T12:47:29Z;;2700;363
2025-05-24T12:47:32Z;;2699;362
2025-05-24T12:47:35Z;;2701;364
2025-05-24T12:47:37Z;;2697;360
2025-05-24T12:47:39Z;;2699;362
2025-05-24T12:47:41Z;;2710;373
2025-05-24T12:47:42Z;;2698;361
2025-05-24T12:47:44Z;;2700;363
2025-05-24T12:47:48Z;;2698;361
2025-05-24T12:47:51Z;;2692;355
2025-05-24T12:48:01Z;;2702;365
2025-05-24T12:48:05Z;;2690;353
2025-05-24T12:48:11Z;;2701;364
2025-05-24T12:48:13Z;;2694;357
2025-05-24T12:48:21Z;;2700;363
2025-05-24T12:48:23Z;;2691;354
2025-05-24T12:48:51Z;-2532;;159
2025-05-24T12:49:01Z;;2700;168
2025-05-24T12:49:03Z;;2699;167
2025-05-24T12:49:15Z;-2396;;303
2025-05-24T12:49:17Z;-2413;;286
2025-05-24T12:49:42Z;-2398;;301
2025-05-24T12:49:44Z;-2414;;285
2025-05-24T12:49:52Z;-2399;;300
2025-05-24T12:49:53Z;-2417;;282
2025-05-24T12:50:01Z;-2381;;318
2025-05-24T12:50:03Z;-2406;;293
2025-05-24T12:50:09Z;-2384;;315
2025-05-24T12:50:11Z;-2408;;291
2025-05-24T12:50:19Z;-2382;;317
2025-05-24T12:50:21Z;-2406;;293
2025-05-24T12:50:37Z;-2380;;319
2025-05-24T12:50:39Z;-2403;;296
2025-05-24T12:50:49Z;-2384;;315
2025-05-24T12:50:51Z;-2401;;298
2025-05-24T12:51:42Z;-2399;;300
2025-05-24T12:51:43Z;-2407;;292
2025-05-24T12:51:49Z;-2394;;305
2025-05-24T12:51:51Z;-2391;;308
2025-05-24T12:52:01Z;-2388;;311
2025-05-24T12:52:02Z;-2408;;291
2025-05-24T12:52:09Z;-2394;;305
2025-05-24T12:52:15Z;-2406;;293
2025-05-24T12:52:17Z;-2390;;309
2025-05-24T12:52:18Z;-2392;;307
2025-05-24T12:52:24Z;-2398;;301
2025-05-24T12:52:35Z;-2398;;301
2025-05-24T12:52:36Z;-2400;;299
2025-05-24T12:52:48Z;-2404;;295
2025-05-24T12:52:50Z;-2399;;300
2025-05-24T12:52:51Z;-2414;;285
2025-05-24T12:52:54Z;-2406;;293
2025-05-24T12:52:57Z;-2405;;294
2025-05-24T12:53:03Z;-2409;;290
2025-05-24T12:53:11Z;-2407;;292
2025-05-24T12:53:12Z;-2402;;297
2025-05-24T12:53:23Z;-2403;;296
2025-05-24T12:53:24Z;-2391;;308
2025-05-24T12:53:31Z;-2405;;294
2025-05-24T12:53:32Z;-2399;;300
2025-05-24T12:53:35Z;-2400;;299
2025-05-24T12:53:37Z;-2404;;295
2025-05-24T12:53:39Z;-2399;;300
2025-05-24T12:53:40Z;-2400;;299
2025-05-24T12:53:42Z;-2386;;313
2025-05-24T13:00:05Z;;2602;216
2025-05-24T13:00:07Z;-2351;;251
2025-05-24T13:09:48Z;-2421;;181
2025-05-24T13:10:55Z;-2387;;215
2025-05-24T13:12:02Z;-2414;;188
2025-05-24T13:12:09Z;-2415;;187
2025-05-24T13:12:13Z;-2396;;206
2025-05-24T13:12:14Z;-2400;;202
2025-05-24T13:12:23Z;-2399;;203
2025-05-24T13:12:25Z;-2417;;185
2025-05-24T13:12:42Z;-2414;;188
2025-05-24T13:12:45Z;-2413;;189
2025-05-24T13:12:53Z;-2397;;205
2025-05-24T13:12:55Z;-2413;;189
2025-05-24T13:13:03Z;-2395;;207
2025-05-24T13:13:05Z;-2406;;196
2025-05-24T13:13:13Z;-2388;;214
2025-05-24T13:13:15Z;-2411;;191
2025-05-24T13:13:22Z;-2399;;203
2025-05-24T13:13:30Z;-2412;;190
2025-05-24T13:13:39Z;-2411;;191
2025-05-24T13:13:41Z;-2397;;205
2025-05-24T13:13:48Z;-2395;;207
2025-05-24T13:13:50Z;-2405;;197
2025-05-24T13:13:59Z;-2405;;197
2025-05-24T13:14:00Z;-2404;;198
2025-05-24T13:14:11Z;-2402;;200
2025-05-24T13:14:12Z;-2386;;216
2025-05-24T13:14:51Z;-2398;;204
2025-05-24T13:14:53Z;-2386;;216
2025-05-24T13:15:05Z;;2507;121
2025-05-24T13:28:09Z;;2398;12
2025-05-24T13:28:11Z;;2414;28
2025-05-24T13:28:15Z;;2371;-15
2025-05-24T13:28:17Z;;2413;27
2025-05-24T13:28:43Z;;2396;10
2025-05-24T13:28:45Z;;2409;23
2025-05-24T13:28:51Z;;2395;9
2025-05-24T13:28:53Z;;2406;20
2025-05-24T13:29:01Z;;2396;10
2025-05-24T13:29:03Z;;2410;24
2025-05-24T13:29:10Z;;2410;24
2025-05-24T13:29:12Z;;2395;9
2025-05-24T13:29:21Z;;2393;7
2025-05-24T13:29:23Z;;2394;8
2025-05-24T13:29:30Z;;2406;20
2025-05-24T13:29:32Z;;2391;5
2025-05-24T13:29:41Z;;2389;3
2025-05-24T13:29:43Z;;2403;17
2025-05-24T13:29:58Z;;2399;13
2025-05-24T13:30:01Z;;2402;16
2025-05-24T13:30:03Z;;2399;13
2025-05-24T13:30:05Z;;2406;20
2025-05-24T13:30:07Z;-2282;;124
2025-05-24T13:30:08Z;;2386;104
2025-05-24T13:30:09Z;;2397;115
2025-05-24T13:30:13Z;;2405;123
2025-05-24T13:30:15Z;;2395;113
2025-05-24T13:30:23Z;;2400;118
2025-05-24T13:30:25Z;;2394;112
2025-05-24T13:30:33Z;;2404;122
2025-05-24T13:30:35Z;;2392;110
2025-05-24T13:30:43Z;;2403;121
2025-05-24T13:30:45Z;;2394;112
2025-05-24T13:30:54Z;;2402;120
2025-05-24T13:30:56Z;;2393;111
2025-05-24T13:31:03Z;;2401;119
2025-05-24T13:31:05Z;;2393;111
2025-05-24T13:37:47Z;-2075;;318
2025-05-24T13:38:06Z;-2205;;188
2025-05-24T13:45:05Z;;2253;48
2025-05-24T13:45:07Z;-2130;;123
2025-05-24T13:47:08Z;-2097;;156
2025-05-24T13:47:09Z;-2120;;133
2025-05-24T13:47:15Z;-2100;;153
2025-05-24T13:47:17Z;-2121;;132
2025-05-24T13:47:25Z;-2101;;152
2025-05-24T13:47:27Z;-2120;;133
2025-05-24T13:47:46Z;-2096;;157
2025-05-24T13:47:48Z;-2117;;136
2025-05-24T13:49:55Z;-2099;;154
2025-05-24T13:49:56Z;-2100;;153
2025-05-24T13:50:03Z;-2099;;154
2025-05-24T13:50:05Z;-2094;;159
2025-05-24T13:50:16Z;-2107;;146
2025-05-24T13:50:23Z;-2092;;161
2025-05-24T13:50:25Z;-2101;;152
2025-05-24T13:50:31Z;-2096;;157
2025-05-24T13:50:35Z;-2104;;149
2025-05-24T13:50:37Z;-2101;;152
2025-05-24T13:50:42Z;-2102;;151
2025-05-24T13:50:44Z;-2105;;148
2025-05-24T13:50:49Z;-2099;;154
2025-05-24T13:50:51Z;-2097;;156
2025-05-24T13:51:01Z;-2098;;155
2025-05-24T13:51:02Z;-2108;;145
2025-05-24T13:51:04Z;-2103;;150
2025-05-24T13:51:14Z;-2097;;156
2025-05-24T13:51:18Z;-2099;;154
2025-05-24T13:51:25Z;-2101;;152
2025-05-24T13:51:26Z;-2105;;148
2025-05-24T13:51:28Z;-2094;;159
2025-05-24T13:51:35Z;-2095;;158
2025-05-24T13:51:37Z;-2100;;153
2025-05-24T13:51:40Z;-2105;;148
2025-05-24T13:51:47Z;-2103;;150
2025-05-24T13:51:49Z;-2092;;161
2025-05-24T13:51:57Z;-2099;;154
2025-05-24T13:51:59Z;-2091;;162
2025-05-24T13:52:07Z;-2102;;151
2025-05-24T13:52:09Z;-2084;;169
2025-05-24T13:52:18Z;-2101;;152
2025-05-24T13:52:19Z;-2093;;160
2025-05-24T13:52:37Z;-2101;;152
2025-05-24T13:52:38Z;-2098;;155
2025-05-24T13:56:59Z;-1874;;379
2025-05-24T13:57:00Z;-1778;;475
2025-05-24T13:57:53Z;-1769;;484
2025-05-24T13:58:59Z;;2092;323
2025-05-24T13:59:01Z;;2119;350
2025-05-24T14:00:05Z;;2134;365
2025-05-24T14:00:09Z;-2013;;121
2025-05-24T14:01:51Z;;2085;72
2025-05-24T14:01:53Z;;2108;95
2025-05-24T14:02:06Z;-1993;;115
2025-05-24T14:02:26Z;;2099;106
2025-05-24T14:02:28Z;;2114;121
2025-05-24T14:02:30Z;-1899;;215
2025-05-24T14:02:36Z;;2097;198
2025-05-24T14:02:38Z;;2113;214
2025-05-24T14:02:42Z;707;;2820
2025-05-24T14:02:46Z;;2078;2785
2025-05-24T14:02:50Z;;2101;2808
2025-05-24T14:02:55Z;-1878;;223
2025-05-24T14:02:56Z;-570;;1531
2025-05-24T14:03:01Z;;2092;1522
2025-05-24T14:03:03Z;-1879;2117;213
2025-05-24T14:03:05Z;;2096;217
2025-05-24T14:03:06Z;;2109;230
2025-05-24T14:03:08Z;-1880;;229
2025-05-24T14:03:11Z;;2096;216
2025-05-24T14:03:13Z;;2107;227
2025-05-24T14:03:21Z;;2094;214
2025-05-24T14:03:23Z;;2105;225
2025-05-24T14:03:27Z;;2095;215
2025-05-24T14:03:29Z;;2106;226
2025-05-24T14:03:35Z;;2091;211
2025-05-24T14:03:37Z;;2104;224
2025-05-24T14:03:45Z;;2091;211
2025-05-24T14:03:47Z;;2102;222
2025-05-24T14:03:51Z;;2090;210
2025-05-24T14:03:55Z;-1735;;355
2025-05-24T14:03:57Z;-1758;;332
2025-05-24T14:04:01Z;;2100;342
2025-05-24T14:04:03Z;;2099;341
2025-05-24T14:04:18Z;-1721;;378
2025-05-24T14:04:32Z;-1733;;366
2025-05-24T14:04:47Z;;2100;367
2025-05-24T14:04:49Z;;2096;363
2025-05-24T14:04:50Z;-582;;1514
2025-05-24T14:04:51Z;-1871;;225
2025-05-24T14:05:29Z;-1868;;228
2025-05-24T14:05:31Z;-1859;;237
2025-05-24T14:07:31Z;-1749;;347
2025-05-24T14:07:32Z;-1843;;253
2025-05-24T14:07:35Z;-476;;1620
2025-05-24T14:07:36Z;-1792;;304
2025-05-24T14:07:40Z;-482;;1614
2025-05-24T14:07:44Z;-500;;1596
2025-05-24T14:07:45Z;-1789;;307
2025-05-24T14:07:46Z;-1797;;299
2025-05-24T14:07:48Z;-1803;;293
2025-05-24T14:07:49Z;-1802;;294
2025-05-24T14:07:51Z;-493;;1603
2025-05-24T14:07:54Z;-1549;;547
2025-05-24T14:07:56Z;-1799;;297
2025-05-24T14:07:58Z;-1787;;309
2025-05-24T14:08:53Z;-1800;;296
2025-05-24T14:08:55Z;-1818;;278
2025-05-24T14:09:03Z;-1801;;295
2025-05-24T14:09:05Z;-1820;;276
2025-05-24T14:09:32Z;-1820;;276
2025-05-24T14:09:34Z;-1801;;295
2025-05-24T14:09:44Z;-1799;;297
2025-05-24T14:09:45Z;-1819;;277
2025-05-24T14:09:53Z;-1799;;297
2025-05-24T14:09:55Z;-1813;;283
2025-05-24T14:10:02Z;-1752;;344
2025-05-24T14:10:04Z;-1798;;298
2025-05-24T14:10:12Z;-1810;;286
2025-05-24T14:10:14Z;-1797;;299
2025-05-24T14:10:22Z;-1809;;287
2025-05-24T14:10:24Z;-1795;;301
2025-05-24T14:10:32Z;-1810;;286
2025-05-24T14:10:34Z;-1790;;306
2025-05-24T14:10:42Z;-608;;1488
2025-05-24T14:10:44Z;-1790;;306
2025-05-24T14:10:52Z;-1805;;291
2025-05-24T14:10:54Z;-1794;;302
2025-05-24T14:11:02Z;-1814;;282
2025-05-24T14:11:04Z;-1793;;303
2025-05-24T14:11:12Z;-1812;;284
2025-05-24T14:11:15Z;-1813;;283
2025-05-24T14:11:22Z;-521;;1575
2025-05-24T14:11:25Z;-1812;;284
2025-05-24T14:11:33Z;-1791;;305
2025-05-24T14:11:35Z;-1804;;292
2025-05-24T14:11:42Z;-1804;;292
2025-05-24T14:11:44Z;-1790;;306
2025-05-24T14:11:52Z;-1786;;310
2025-05-24T14:11:54Z;-1785;;311
2025-05-24T14:12:18Z;-1810;;286
2025-05-24T14:12:20Z;-1804;;292
2025-05-24T14:12:24Z;-1813;;283
2025-05-24T14:12:28Z;-1785;;311
2025-05-24T14:12:54Z;-1802;;294
2025-05-24T14:12:56Z;-1797;;299
2025-05-24T14:13:02Z;-1803;;293
2025-05-24T14:13:06Z;-1801;;295
2025-05-24T14:13:08Z;-1802;;294
2025-05-24T14:13:10Z;-1787;;309
2025-05-24T14:13:12Z;-1801;;295
2025-05-24T14:13:20Z;-1664;;432
2025-05-24T14:13:21Z;-1800;;296
2025-05-24T14:13:23Z;-1795;;301
2025-05-24T14:13:53Z;-1797;;299
2025-05-24T14:15:05Z;;2003;206
2025-05-24T14:16:00Z;-1776;;227
2025-05-24T14:16:01Z;-1301;;702
2025-05-24T14:16:41Z;-494;;1509
2025-05-24T14:16:43Z;-1767;;236
2025-05-24T14:28:26Z;-1676;;327
2025-05-24T14:28:27Z;-1661;1790;129
2025-05-24T14:28:29Z;;1883;222
2025-05-24T14:30:05Z;;1866;205
2025-05-24T14:30:07Z;-1663;;203
2025-05-24T14:31:08Z;-1397;;469
2025-05-24T14:31:28Z;-1432;;434
2025-05-24T14:32:08Z;-1733;;133
2025-05-24T14:32:12Z;-1523;;343
2025-05-24T14:34:19Z;;1799;276
2025-05-24T14:34:21Z;;1806;283
2025-05-24T14:34:43Z;;1798;275
2025-05-24T14:34:45Z;;1800;277
2025-05-24T14:34:52Z;;1809;286
2025-05-24T14:34:55Z;;1810;287
2025-05-24T14:35:03Z;;1797;274
2025-05-24T14:35:05Z;;1807;284
2025-05-24T14:35:13Z;;1793;270
2025-05-24T14:35:15Z;;1804;281
2025-05-24T14:35:23Z;;1792;269
2025-05-24T14:35:25Z;;1792;269
2025-05-24T14:35:31Z;;1797;274
2025-05-24T14:35:33Z;;1803;280
2025-05-24T14:35:34Z;;1790;267
2025-05-24T14:35:36Z;;1802;279
2025-05-24T14:35:43Z;;1788;265
2025-05-24T14:35:47Z;;1800;277
2025-05-24T14:35:49Z;;1799;276
2025-05-24T14:35:51Z;;1809;286
2025-05-24T14:35:53Z;;1797;274
2025-05-24T14:35:59Z;;1804;281
2025-05-24T14:36:01Z;;1798;275
2025-05-24T14:36:09Z;;1801;278
2025-05-24T14:36:11Z;;1795;272
2025-05-24T14:36:29Z;;1800;277
2025-05-24T14:36:31Z;;1792;269
2025-05-24T14:40:39Z;-1414;;378
2025-05-24T14:41:33Z;-1528;;264
2025-05-24T14:45:05Z;;1706;178
2025-05-24T14:51:44Z;-1497;;209
2025-05-24T14:51:45Z;-1496;;210
2025-05-24T14:51:57Z;-1510;;196
2025-05-24T14:52:03Z;-1502;;204
2025-05-24T14:52:06Z;-1505;;201
2025-05-24T14:52:13Z;-1497;;209
2025-05-24T14:52:16Z;-1495;;211
2025-05-24T14:52:24Z;-1489;;217
2025-05-24T14:52:26Z;-1507;;199
2025-05-24T14:52:29Z;-1497;;209
2025-05-24T14:52:30Z;-1511;;195
2025-05-24T14:52:52Z;-1500;;206
2025-05-24T14:53:00Z;-1501;;205
2025-05-24T14:53:01Z;-1498;;208
2025-05-24T14:53:12Z;-1500;;206
2025-05-24T14:53:13Z;-1499;;207
2025-05-24T14:58:51Z;;1453;-46
2025-05-24T14:58:53Z;;1543;44
2025-05-24T15:00:05Z;;1543;44
2025-05-24T15:00:09Z;-1420;;123
2025-05-24T15:02:58Z;;1498;78
2025-05-24T15:03:00Z;;1508;88
2025-05-24T15:03:06Z;;1496;76
2025-05-24T15:03:08Z;;1503;83
2025-05-24T15:03:11Z;;1499;79
2025-05-24T15:03:13Z;;1501;81
2025-05-24T15:03:15Z;;1489;69
2025-05-24T15:03:16Z;;1500;80
2025-05-24T15:03:18Z;;1477;57
2025-05-24T15:03:20Z;;1503;83
2025-05-24T15:03:22Z;;1489;69
2025-05-24T15:03:24Z;;1500;80
2025-05-24T15:03:25Z;;1498;78
2025-05-24T15:03:31Z;;1502;82
2025-05-24T15:03:33Z;;1499;79
2025-05-24T15:03:38Z;-928;;571
2025-05-24T15:03:40Z;-1368;;131
2025-05-24T15:03:45Z;-927;1177;572
2025-05-24T15:03:47Z;-1343;1446;156
2025-05-24T15:07:27Z;-1194;;252
2025-05-24T15:07:29Z;-1300;;146
2025-05-24T15:09:04Z;-1257;;189
2025-05-24T15:09:07Z;-1307;;139
2025-05-24T15:09:31Z;-1261;;185
2025-05-24T15:09:34Z;-1148;;298
2025-05-24T15:09:36Z;-1201;;245
2025-05-24T15:09:41Z;-1175;;271
2025-05-24T15:10:16Z;377;;1823
2025-05-24T15:10:18Z;-535;;911
2025-05-24T15:10:53Z;296;;1742
2025-05-24T15:11:39Z;378;;1824
2025-05-24T15:11:49Z;393;;1839
2025-05-24T15:13:02Z;413;;1859
2025-05-24T15:13:27Z;420;;1866
2025-05-24T15:15:05Z;;1362;1782
2025-05-24T15:15:07Z;532;;1978
2025-05-24T15:16:19Z;657;;2019
2025-05-24T15:16:22Z;507;;1869
2025-05-24T15:17:12Z;572;;1934
2025-05-24T15:17:14Z;-1209;;153
2025-05-24T15:17:18Z;-1229;;133
2025-05-24T15:17:26Z;-1224;;138
2025-05-24T15:17:29Z;-1226;;136
2025-05-24T15:17:42Z;-1208;;154
2025-05-24T15:17:46Z;-1119;;243
2025-05-24T15:17:52Z;-1087;;275
2025-05-24T15:17:57Z;-1115;;247
2025-05-24T15:18:08Z;-1108;;254
2025-05-24T15:18:13Z;-1106;;256
2025-05-24T15:18:20Z;-1210;;152
2025-05-24T15:18:23Z;-1210;;152
2025-05-24T15:18:53Z;-1187;;175
2025-05-24T15:19:05Z;614;;1976
2025-05-24T15:19:20Z;500;;1862
2025-05-24T15:19:22Z;1180;1168;2542
2025-05-24T15:19:23Z;607;;1969
2025-05-24T15:19:24Z;599;;1767
2025-05-24T15:19:25Z;;1314;1913
2025-05-24T15:19:28Z;627;;1941
2025-05-24T15:19:29Z;590;;1904
2025-05-24T15:19:32Z;600;;1914
2025-05-24T15:19:36Z;495;;1809
2025-05-24T15:19:38Z;600;;1914
2025-05-24T15:19:40Z;579;;1893
2025-05-24T15:19:42Z;606;;1920
2025-05-24T15:19:43Z;585;;1899
2025-05-24T15:19:55Z;612;;1926
2025-05-24T15:19:57Z;551;;1865
2025-05-24T15:20:02Z;620;;1934
2025-05-24T15:20:03Z;597;;1911
2025-05-24T15:20:05Z;609;;1923
2025-05-24T15:20:08Z;495;;1809
2025-05-24T15:20:11Z;667;;1981
2025-05-24T15:20:13Z;592;;1906
2025-05-24T15:20:14Z;602;;1916
2025-05-24T15:20:25Z;500;;1814
2025-05-24T15:20:27Z;698;;2012
2025-05-24T15:20:41Z;519;;1833
2025-05-24T15:20:43Z;657;;1971
2025-05-24T15:20:57Z;531;;1845
2025-05-24T15:20:59Z;619;;1933
2025-05-24T15:21:13Z;525;;1839
2025-05-24T15:21:16Z;731;;2045
2025-05-24T15:21:30Z;510;;1824
2025-05-24T15:21:32Z;716;;2030
2025-05-24T15:21:46Z;521;;1835
2025-05-24T15:21:48Z;643;;1957
2025-05-24T15:22:02Z;533;;1847
2025-05-24T15:22:04Z;607;;1921
2025-05-24T15:22:18Z;509;;1823
2025-05-24T15:22:21Z;721;;2035
2025-05-24T15:22:35Z;506;;1820
2025-05-24T15:22:36Z;650;;1964
2025-05-24T15:22:53Z;507;;1821
2025-05-24T15:22:54Z;628;;1942
2025-05-24T15:23:07Z;503;;1817
2025-05-24T15:23:09Z;601;;1915
2025-05-24T15:23:23Z;519;;1833
2025-05-24T15:23:47Z;674;;1988
2025-05-24T15:23:48Z;605;;1919
2025-05-24T15:23:52Z;581;;1895
2025-05-24T15:23:58Z;604;;1918
2025-05-24T15:24:00Z;576;;1890
2025-05-24T15:24:03Z;614;;1928
2025-05-24T15:24:11Z;596;;1910
2025-05-24T15:24:15Z;636;;1950
2025-05-24T15:24:16Z;583;;1897
2025-05-24T15:24:17Z;612;;1926
2025-05-24T15:24:27Z;596;;1910
2025-05-24T15:24:31Z;661;;1975
2025-05-24T15:24:32Z;595;;1909
2025-05-24T15:24:33Z;601;;1915
2025-05-24T15:24:35Z;593;;1907
2025-05-24T15:24:38Z;601;;1915
2025-05-24T15:24:39Z;589;;1903
2025-05-24T15:25:02Z;593;;1907
2025-05-24T15:25:04Z;632;;1946
2025-05-24T15:25:05Z;593;;1907
2025-05-24T15:25:06Z;599;;1913
2025-05-24T15:25:08Z;609;;1923
2025-05-24T15:25:11Z;598;;1912
2025-05-24T15:25:12Z;608;;1922
2025-05-24T15:25:19Z;499;;1813
2025-05-24T15:25:20Z;652;;1966
2025-05-24T15:25:21Z;595;;1909
2025-05-24T15:25:23Z;603;;1917
2025-05-24T15:25:34Z;516;;1830
2025-05-24T15:25:36Z;683;;1997
2025-05-24T15:25:50Z;515;;1829
2025-05-24T15:25:52Z;719;;2033
2025-05-24T15:26:06Z;526;;1840
2025-05-24T15:26:09Z;660;;1974
2025-05-24T15:26:22Z;522;;1836
2025-05-24T15:26:25Z;669;;1983
2025-05-24T15:26:39Z;533;;1847
2025-05-24T15:26:41Z;714;;2028
2025-05-24T15:26:55Z;517;;1831
2025-05-24T15:26:57Z;705;;2019
2025-05-24T15:27:11Z;537;;1851
2025-05-24T15:27:13Z;638;;1952
2025-05-24T15:27:23Z;;1187;1825
2025-05-24T15:27:25Z;;1200;1838
2025-05-24T15:27:27Z;538;;1738
2025-05-24T15:27:28Z;;1197;1735
2025-05-24T15:27:29Z;633;1209;1747
2025-05-24T15:27:43Z;523;;1732
2025-05-24T15:28:00Z;524;;1733
2025-05-24T15:28:02Z;698;;1907
2025-05-24T15:28:10Z;-997;;212
2025-05-24T15:28:49Z;524;;1733
2025-05-24T15:28:51Z;769;;1978
2025-05-24T15:28:53Z;583;;1792
2025-05-24T15:28:55Z;613;;1822
2025-05-24T15:29:07Z;506;;1715
2025-05-24T15:29:08Z;666;;1875
2025-05-24T15:29:21Z;502;;1711
2025-05-24T15:29:24Z;635;;1844
2025-05-24T15:29:25Z;591;;1800
2025-05-24T15:29:27Z;621;;1830
2025-05-24T15:29:33Z;994;;2203
2025-05-24T15:29:34Z;657;;1866
2025-05-24T15:29:36Z;507;;1716
2025-05-24T15:29:40Z;652;;1861
2025-05-24T15:30:07Z;-963;;246
2025-05-24T15:30:08Z;;1272;309
2025-05-24T15:30:11Z;;1166;203
2025-05-24T15:30:12Z;;1190;227
2025-05-24T15:30:42Z;22;;1212
2025-05-24T15:30:44Z;559;;1749
2025-05-24T15:30:50Z;526;;1716
2025-05-24T15:31:01Z;699;;1889
2025-05-24T15:31:07Z;538;;1728
2025-05-24T15:31:17Z;654;;1844
2025-05-24T15:31:24Z;662;;1852
2025-05-24T15:32:07Z;-853;;337
2025-05-24T15:32:41Z;652;;1842
2025-05-24T15:32:52Z;579;;1769
2025-05-24T15:32:54Z;609;;1799
2025-05-24T15:33:09Z;579;;1769
2025-05-24T15:33:11Z;775;;1965
2025-05-24T15:33:14Z;693;;1883
2025-05-24T15:33:26Z;-1038;;152
2025-05-24T15:33:28Z;-927;;263
2025-05-24T15:33:43Z;-968;;222
2025-05-24T15:33:44Z;-886;;304
2025-05-24T15:33:47Z;-908;;282
2025-05-24T15:33:51Z;-920;;270
2025-05-24T15:33:53Z;-911;;279
2025-05-24T15:33:59Z;-1053;;137
2025-05-24T15:34:00Z;-855;;335
2025-05-24T15:34:16Z;-852;;338
2025-05-24T15:34:18Z;-942;;248
2025-05-24T15:34:29Z;-899;;291
2025-05-24T15:34:30Z;-1014;;176
2025-05-24T15:34:32Z;-882;;308
2025-05-24T15:34:34Z;-902;;288
2025-05-24T15:34:49Z;-873;;317
2025-05-24T15:34:50Z;-934;;256
2025-05-24T15:35:33Z;800;;1990
2025-05-24T15:36:07Z;-889;;301
2025-05-24T15:36:10Z;-688;;502
2025-05-24T15:38:18Z;779;;1969
2025-05-24T15:38:20Z;925;;2115
2025-05-24T15:38:22Z;864;;2054
2025-05-24T15:38:44Z;897;;2087
2025-05-24T15:38:50Z;832;;2022
2025-05-24T15:41:11Z;-573;;617
2025-05-24T15:41:14Z;-720;;470
2025-05-24T15:42:41Z;-818;;372
2025-05-24T15:42:42Z;-580;;610
2025-05-24T15:43:30Z;-672;;518
2025-05-24T15:45:05Z;;969;297
2025-05-24T15:45:38Z;-736;;233
2025-05-24T15:45:40Z;-563;;406
2025-05-24T15:46:28Z;-566;;403
2025-05-24T15:46:30Z;-632;;337
2025-05-24T15:46:44Z;-758;;211
2025-05-24T15:46:45Z;-644;;325
2025-05-24T15:46:59Z;-750;;219
2025-05-24T15:47:01Z;-631;;338
2025-05-24T15:47:32Z;;897;266
2025-05-24T15:47:34Z;;914;283
2025-05-24T15:47:50Z;-739;;175
2025-05-24T15:47:51Z;-622;;292
2025-05-24T15:47:59Z;-622;;292
2025-05-24T15:48:00Z;;898;276
2025-05-24T15:48:02Z;-565;908;286
2025-05-24T15:48:05Z;-728;;180
2025-05-24T15:48:06Z;-618;;290
2025-05-24T15:48:10Z;-606;;302
2025-05-24T15:48:12Z;-629;;279
2025-05-24T15:48:14Z;;883;254
2025-05-24T15:48:15Z;;942;313
2025-05-24T15:48:22Z;-611;;331
2025-05-24T15:48:24Z;-400;;542
2025-05-24T15:48:26Z;-603;897;294
2025-05-24T15:48:34Z;-593;907;304
2025-05-24T15:48:37Z;-664;;243
2025-05-24T15:48:48Z;-599;;308
2025-05-24T15:48:50Z;-578;;329
2025-05-24T15:48:53Z;-715;;192
2025-05-24T15:48:55Z;-593;;314
2025-05-24T15:48:57Z;-605;;302
2025-05-24T15:48:58Z;-599;;308
2025-05-24T15:49:09Z;-589;;318
2025-05-24T15:49:10Z;-711;;196
2025-05-24T15:49:11Z;-557;;350
2025-05-24T15:49:12Z;-603;;304
2025-05-24T15:49:16Z;-594;;313
2025-05-24T15:49:17Z;-582;;325
2025-05-24T15:49:19Z;-591;;316
2025-05-24T15:49:24Z;-719;;188
2025-05-24T15:49:27Z;-579;;328
2025-05-24T15:49:28Z;-605;;302
2025-05-24T15:49:30Z;-557;;350
2025-05-24T15:49:40Z;-703;;204
2025-05-24T15:49:42Z;-595;;312
2025-05-24T15:49:44Z;-603;;304
2025-05-24T15:49:45Z;-579;;328
2025-05-24T15:49:58Z;-621;;286
2025-05-24T15:50:01Z;-608;;299
2025-05-24T15:50:03Z;-578;;329
2025-05-24T15:50:06Z;-601;;306
2025-05-24T15:50:12Z;-592;;315
2025-05-24T15:50:14Z;-704;;203
2025-05-24T15:50:16Z;-602;;305
2025-05-24T15:50:17Z;-602;;305
2025-05-24T15:50:30Z;-590;;317
2025-05-24T15:50:31Z;-605;;302
2025-05-24T15:50:39Z;-591;;316
2025-05-24T15:50:41Z;-602;;305
2025-05-24T15:50:47Z;-673;;234
2025-05-24T15:50:48Z;-614;;293
2025-05-24T15:51:02Z;-704;;203
2025-05-24T15:51:03Z;-701;;206
2025-05-24T15:51:17Z;-567;;340
2025-05-24T15:51:20Z;-697;;210
2025-05-24T15:51:33Z;-576;;331
2025-05-24T15:51:36Z;-607;;300
2025-05-24T15:51:53Z;-516;;391
2025-05-24T15:52:08Z;-685;;222
2025-05-24T15:52:09Z;-476;;431
2025-05-24T15:52:24Z;-681;;226
2025-05-24T15:52:38Z;-570;;337
2025-05-24T15:52:41Z;-591;;316
2025-05-24T15:52:56Z;-556;;351
2025-05-24T15:52:57Z;-637;;270
2025-05-24T15:53:11Z;-652;;255
2025-05-24T15:53:13Z;-671;;236
2025-05-24T15:53:28Z;-538;;369
2025-05-24T15:53:29Z;-665;;242
2025-05-24T15:53:43Z;-552;;355
2025-05-24T15:53:45Z;-667;;240
2025-05-24T15:53:59Z;-548;;359
2025-05-24T15:54:03Z;-646;;261
2025-05-24T15:54:17Z;-649;;258
2025-05-24T15:54:18Z;-648;;259
2025-05-24T15:54:32Z;-541;;366
2025-05-24T15:54:34Z;-651;;256
2025-05-24T15:54:49Z;-532;;375
2025-05-24T15:54:50Z;-642;;265
2025-05-24T15:55:05Z;-641;;266
2025-05-24T15:55:08Z;-544;;363
2025-05-24T15:55:22Z;-638;;269
2025-05-24T15:55:24Z;-446;;461
2025-05-24T15:55:38Z;-639;;268
2025-05-24T15:55:39Z;-642;;265
2025-05-24T15:55:53Z;-517;;390
2025-05-24T15:55:55Z;-608;;299
2025-05-24T15:56:10Z;-626;;281
2025-05-24T15:56:12Z;-631;;276
2025-05-24T15:56:28Z;-524;;383
2025-05-24T15:56:29Z;-406;;501
2025-05-24T15:56:43Z;-504;;403
2025-05-24T15:56:44Z;-623;;284
2025-05-24T15:56:58Z;-506;;401
2025-05-24T15:57:02Z;-533;;374
2025-05-24T15:57:14Z;-501;;406
2025-05-24T15:57:17Z;-628;;279
2025-05-24T15:57:32Z;-608;;299
2025-05-24T15:57:34Z;-618;;289
2025-05-24T15:57:50Z;-465;;295
2025-05-24T15:59:22Z;-596;;311
2025-05-24T15:59:23Z;-582;;325
2025-05-24T15:59:25Z;-581;;326
2025-05-24T15:59:28Z;-469;;438
2025-05-24T15:59:42Z;-588;;319
2025-05-24T15:59:43Z;-704;;203
2025-05-24T15:59:58Z;-687;;220
2025-05-24T16:00:00Z;-693;;214
2025-05-24T16:00:05Z;;768;75
2025-05-24T16:00:13Z;-575;;193
2025-05-24T16:00:17Z;-612;;156
2025-05-24T16:00:29Z;-578;;190
2025-05-24T16:00:33Z;-450;;318
2025-05-24T16:00:48Z;-689;;79
2025-05-24T16:00:50Z;-519;;249
2025-05-24T16:01:04Z;-687;;81
2025-05-24T16:01:05Z;-567;;201
2025-05-24T16:01:19Z;-673;;95
2025-05-24T16:01:21Z;-598;;170
2025-05-24T16:01:35Z;-542;;226
2025-05-24T16:01:37Z;-634;;134
2025-05-24T16:01:51Z;-553;;215
2025-05-24T16:01:53Z;-671;;97
2025-05-24T16:02:08Z;-650;;118
2025-05-24T16:02:11Z;-550;;218
2025-05-24T16:02:23Z;-520;;248
2025-05-24T16:02:25Z;-662;;106
2025-05-24T16:02:42Z;-637;;131
2025-05-24T16:02:57Z;-537;;231
2025-05-24T16:02:58Z;-654;;114
2025-05-24T16:03:13Z;-652;;116
2025-05-24T16:03:14Z;-651;;117
2025-05-24T16:03:32Z;-560;;208
2025-05-24T16:03:46Z;-645;;123
2025-05-24T16:03:48Z;-448;;320
2025-05-24T16:04:02Z;-520;;248
2025-05-24T16:04:03Z;-629;;139
2025-05-24T16:04:17Z;-525;;243
2025-05-24T16:04:19Z;-631;;137
2025-05-24T16:04:33Z;-423;;345
2025-05-24T16:04:36Z;-578;;190
2025-05-24T16:04:49Z;-500;;268
2025-05-24T16:04:52Z;-636;;132
2025-05-24T16:05:02Z;;561;-75
2025-05-24T16:05:04Z;;698;62
2025-05-24T16:05:07Z;-503;;195
2025-05-24T16:05:08Z;-631;;67
2025-05-24T16:05:23Z;-505;;193
2025-05-24T16:05:24Z;-622;;76
2025-05-24T16:05:39Z;-501;;197
2025-05-24T16:05:41Z;-530;;168
2025-05-24T16:05:55Z;-555;;143
2025-05-24T16:05:57Z;-601;;97
2025-05-24T16:06:11Z;-510;;188
2025-05-24T16:06:14Z;-473;;225
2025-05-24T16:06:28Z;-601;;97
2025-05-24T16:06:29Z;-605;;93
2025-05-24T16:06:47Z;-524;;174
2025-05-24T16:07:02Z;-603;;95
2025-05-24T16:07:03Z;-398;;300
2025-05-24T16:07:17Z;-605;;93
2025-05-24T16:07:19Z;-598;;100
2025-05-24T16:07:32Z;-485;;213
2025-05-24T16:07:35Z;-603;;95
2025-05-24T16:09:56Z;38;;736
2025-05-24T16:09:57Z;-434;257;295
2025-05-24T16:09:59Z;;629;195
2025-05-24T16:11:57Z;;597;163
2025-05-24T16:11:59Z;;601;167
2025-05-24T16:12:12Z;;594;160
2025-05-24T16:12:14Z;;607;173
2025-05-24T16:12:16Z;;583;149
2025-05-24T16:12:18Z;;609;175
2025-05-24T16:12:23Z;;580;146
2025-05-24T16:12:25Z;;604;170
2025-05-24T16:12:27Z;;594;160
2025-05-24T16:12:29Z;;613;179
2025-05-24T16:12:35Z;;596;162
2025-05-24T16:12:37Z;;600;166
2025-05-24T16:12:40Z;;599;165
2025-05-24T16:12:42Z;;611;177
2025-05-24T16:12:50Z;;599;165
2025-05-24T16:12:52Z;;603;169
2025-05-24T16:12:54Z;;591;157
2025-05-24T16:12:56Z;;607;173
2025-05-24T16:13:01Z;;595;161
2025-05-24T16:13:03Z;;601;167
2025-05-24T16:13:06Z;;597;163
2025-05-24T16:13:08Z;;601;167
2025-05-24T16:13:10Z;;594;160
2025-05-24T16:13:13Z;;604;170
2025-05-24T16:13:15Z;;594;160
2025-05-24T16:13:17Z;;602;168
2025-05-24T16:13:20Z;;596;162
2025-05-24T16:15:05Z;;566;132
2025-05-24T16:15:07Z;-392;;174
2025-05-24T16:15:26Z;-481;;85
2025-05-24T16:15:28Z;-274;;292
2025-05-24T16:15:44Z;-477;;89
2025-05-24T16:15:45Z;-291;;275
2025-05-24T16:16:16Z;-296;;270
2025-05-24T16:16:17Z;-373;;193
2025-05-24T16:16:34Z;-252;;314
2025-05-24T16:16:35Z;-373;;193
2025-05-24T16:16:48Z;-461;;105
2025-05-24T16:18:00Z;-325;;241
2025-05-24T16:18:01Z;-279;;287
2025-05-24T16:18:19Z;-317;;249
2025-05-24T16:18:20Z;-290;;276
2025-05-24T16:18:28Z;-342;;224
2025-05-24T16:18:33Z;-302;;264
2025-05-24T16:18:44Z;-235;;331
2025-05-24T16:18:45Z;-320;;246
2025-05-24T16:19:24Z;-319;;247
2025-05-24T16:19:28Z;-222;;344
2025-05-24T16:19:30Z;-361;;205
2025-05-24T16:19:32Z;-326;;240
2025-05-24T16:19:42Z;-301;;265
2025-05-24T16:19:43Z;-297;;269
2025-05-24T16:19:46Z;-433;;133
2025-05-24T16:19:48Z;-312;;254
2025-05-24T16:20:02Z;-435;;131
2025-05-24T16:20:04Z;-251;;315
2025-05-24T16:20:14Z;-298;;268
2025-05-24T16:20:15Z;-308;;258
2025-05-24T16:20:16Z;-299;;267
2025-05-24T16:20:17Z;-410;;156
2025-05-24T16:20:20Z;-255;;311
2025-05-24T16:20:21Z;-312;;254
2025-05-24T16:20:23Z;-287;;279
2025-05-24T16:20:25Z;-302;;264
2025-05-24T16:20:30Z;-305;;261
2025-05-24T16:20:33Z;-266;;300
2025-05-24T16:20:35Z;-417;;149
2025-05-24T16:20:36Z;-222;;344
2025-05-24T16:20:37Z;-325;;241
2025-05-24T16:20:40Z;-306;;260
2025-05-24T16:20:42Z;-295;;271
2025-05-24T16:20:43Z;-304;;262
2025-05-24T16:20:47Z;-312;;254
2025-05-24T16:20:51Z;-425;;141
2025-05-24T16:20:53Z;-187;;379
2025-05-24T16:21:00Z;-291;;275
2025-05-24T16:21:07Z;-423;;143
2025-05-24T16:21:09Z;-299;;267
2025-05-24T16:21:12Z;-310;;256
2025-05-24T16:21:16Z;-304;;262
2025-05-24T16:21:18Z;-302;;264
2025-05-24T16:21:21Z;-296;;270
2025-05-24T16:21:24Z;-310;;256
2025-05-24T16:21:26Z;-312;;254
2025-05-24T16:21:28Z;-296;;270
2025-05-24T16:21:31Z;-293;;273
2025-05-24T16:21:32Z;-315;;251
2025-05-24T16:21:33Z;-296;;270
2025-05-24T16:21:35Z;-306;;260
2025-05-24T16:21:36Z;-287;;279
2025-05-24T16:21:38Z;-406;;160
2025-05-24T16:21:40Z;-411;;155
2025-05-24T16:21:42Z;-280;;286
2025-05-24T16:21:44Z;-305;;261
2025-05-24T16:21:49Z;-298;;268
2025-05-24T16:21:51Z;-301;;265
2025-05-24T16:21:55Z;-299;;267
2025-05-24T16:21:56Z;-420;;146
2025-05-24T16:21:59Z;-273;;293
2025-05-24T16:22:02Z;-298;;268
2025-05-24T16:22:06Z;-290;;276
2025-05-24T16:22:10Z;-299;;267
2025-05-24T16:22:13Z;-414;;152
2025-05-24T16:22:14Z;-296;;270
2025-05-24T16:22:16Z;-282;;284
2025-05-24T16:22:29Z;-307;;259
2025-05-24T16:22:43Z;-390;;176
2025-05-24T16:22:46Z;-235;;331
2025-05-24T16:22:48Z;-296;;270
2025-05-24T16:22:52Z;-300;;266
2025-05-24T16:22:53Z;-284;;282
2025-05-24T16:22:59Z;-281;;285
2025-05-24T16:23:01Z;-376;;190
2025-05-24T16:23:15Z;-286;;280
2025-05-24T16:23:18Z;-266;;300
2025-05-24T16:23:31Z;-290;;276
2025-05-24T16:23:34Z;-304;;262
2025-05-24T16:23:35Z;-250;;316
2025-05-24T16:23:37Z;-298;;268
2025-05-24T16:23:48Z;-327;;239
2025-05-24T16:23:51Z;-225;;341
2025-05-24T16:24:05Z;-392;;174
2025-05-24T16:24:07Z;-180;;386
2025-05-24T16:24:21Z;-380;;186
2025-05-24T16:24:23Z;-370;;196
2025-05-24T16:24:36Z;-269;;297
2025-05-24T16:24:39Z;-302;;264
2025-05-24T16:24:52Z;-257;;309
2025-05-24T16:24:55Z;-381;;185
2025-05-24T16:25:09Z;-267;;299
2025-05-24T16:25:11Z;-383;;183
2025-05-24T16:25:26Z;-373;;193
2025-05-24T16:25:28Z;-371;;195
2025-05-24T16:25:41Z;-266;;300
2025-05-24T16:25:43Z;-360;;206
2025-05-24T16:25:57Z;-249;;317
2025-05-24T16:26:00Z;-374;;192
2025-05-24T16:26:14Z;-271;;295
2025-05-24T16:26:16Z;-376;;190
2025-05-24T16:27:56Z;-264;;302
2025-05-24T16:27:59Z;-385;;181
2025-05-24T16:28:07Z;-261;;305
2025-05-24T16:28:10Z;-377;;189
2025-05-24T16:28:40Z;-255;;311
2025-05-24T16:28:42Z;-375;;191
2025-05-24T16:28:56Z;-252;;314
2025-05-24T16:28:59Z;-375;;191
2025-05-24T16:29:14Z;-361;;205
2025-05-24T16:29:16Z;-364;;202
2025-05-24T16:31:05Z;-352;;214
2025-05-24T16:31:06Z;-235;;331
2025-05-24T16:31:08Z;-259;;307
2025-05-24T16:31:11Z;-355;;211
2025-05-24T16:31:14Z;-279;;287
2025-05-24T16:31:17Z;;430;151
2025-05-24T16:31:20Z;-352;;78
2025-05-24T16:31:22Z;-230;;200
2025-05-24T16:31:23Z;-146;;284
2025-05-24T16:31:25Z;-351;;79
2025-05-24T16:31:26Z;;0;-351
2025-05-24T16:31:29Z;;414;175
2025-05-24T16:31:32Z;-239;;-239
2025-05-24T16:31:35Z;-355;;-355
2025-05-24T16:34:10Z;-343;;71
2025-05-24T16:34:13Z;-335;247;-96
2025-05-24T16:34:15Z;;389;56
2025-05-24T16:34:16Z;-254;;160
2025-05-24T16:34:19Z;-333;;-86
2025-05-24T16:34:21Z;-202;;187
2025-05-24T16:34:22Z;-122;;267
2025-05-24T16:34:23Z;-320;;69
2025-05-24T16:34:25Z;-324;;65
2025-05-24T16:34:28Z;-181;;208
2025-05-24T16:34:31Z;-200;;189
2025-05-24T16:34:34Z;-314;;75
2025-05-24T16:34:39Z;-322;;67
2025-05-24T16:34:40Z;-325;;64
2025-05-24T16:35:46Z;9;;398
2025-05-24T16:36:21Z;2;;391
2025-05-24T16:36:22Z;-19;;370
2025-05-24T16:36:35Z;36;;425
2025-05-24T16:36:36Z;-47;;342
2025-05-24T16:36:53Z;62;;451
2025-05-24T16:37:42Z;55;;444
2025-05-24T16:39:01Z;10;;399
2025-05-24T16:40:06Z;23;;412
2025-05-24T16:40:08Z;-54;;335
2025-05-24T16:40:55Z;16;;405
2025-05-24T16:41:11Z;67;;456
2025-05-24T16:41:46Z;20;;409
2025-05-24T16:42:00Z;44;;433
2025-05-24T16:42:17Z;-34;;437
2025-05-24T16:42:26Z;;298;264
2025-05-24T16:42:28Z;;304;270
2025-05-24T16:42:32Z;1;;305
2025-05-24T16:42:34Z;-25;;279
2025-05-24T16:42:48Z;;295;270
2025-05-24T16:42:50Z;13;;308
2025-05-24T16:42:52Z;;302;315
2025-05-24T16:42:54Z;;299;312
2025-05-24T16:42:56Z;;301;314
2025-05-24T16:42:58Z;;294;307
2025-05-24T16:43:00Z;;300;313
2025-05-24T16:43:02Z;13;;312
2025-05-24T16:43:03Z;-13;;287
2025-05-24T16:43:04Z;7;;307
2025-05-24T16:43:05Z;2;;302
2025-05-24T16:43:06Z;;299;301
2025-05-24T16:43:08Z;;300;302
2025-05-24T16:43:13Z;88;;302
2025-05-24T16:43:14Z;;291;379
2025-05-24T16:43:16Z;0;300;300
2025-05-24T16:43:18Z;;299;299
2025-05-24T16:43:20Z;;305;305
2025-05-24T16:43:21Z;;299;299
2025-05-24T16:43:22Z;66;;365
2025-05-24T16:43:23Z;;304;370
2025-05-24T16:43:28Z;;297;363
2025-05-24T16:43:30Z;;304;370
2025-05-24T16:43:34Z;;296;362
2025-05-24T16:43:36Z;;303;369
2025-05-24T16:43:37Z;0;;303
2025-05-24T16:43:39Z;;242;242
2025-05-24T16:43:40Z;73;;315
2025-05-24T16:43:41Z;;304;304
2025-05-24T16:43:44Z;;296;369
2025-05-24T16:43:47Z;3;;299
2025-05-24T16:43:49Z;2;302;304
2025-05-24T16:43:52Z;;295;297
2025-05-24T16:43:54Z;8;;303
2025-05-24T16:43:55Z;;302;306
2025-05-24T16:43:57Z;;294;302
2025-05-24T16:43:58Z;4;;299
2025-05-24T16:44:02Z;2;;297
2025-05-24T16:44:03Z;;294;296
2025-05-24T16:44:04Z;-7;;287
2025-05-24T16:44:06Z;;300;293
2025-05-24T16:44:07Z;5;;305
2025-05-24T16:44:09Z;84;;384
2025-05-24T16:44:11Z;39;;339
2025-05-24T16:44:26Z;14;;314
2025-05-24T16:44:48Z;2;;302
2025-05-24T16:44:51Z;1;;301
2025-05-24T16:44:53Z;0;;300
2025-05-24T16:44:59Z;37;;337
2025-05-24T16:45:04Z;1;;301
2025-05-24T16:45:06Z;5;;305
2025-05-24T16:45:07Z;;293;298
2025-05-24T16:45:08Z;-8;;285
2025-05-24T16:45:18Z;10;;303
2025-05-24T16:45:28Z;6;;299
2025-05-24T16:45:31Z;117;;410
2025-05-24T16:45:33Z;-18;;275
2025-05-24T16:45:36Z;6;;299
2025-05-24T16:45:37Z;1;;294
2025-05-24T16:45:44Z;14;;307
2025-05-24T16:45:49Z;25;;318
2025-05-24T16:45:50Z;2;;295
2025-05-24T16:46:01Z;-87;;206
2025-05-24T16:46:04Z;71;;364
2025-05-24T16:46:07Z;-10;;310
2025-05-24T16:46:18Z;-99;;194
2025-05-24T16:46:20Z;109;;402
2025-05-24T16:46:34Z;-92;;201
2025-05-24T16:46:38Z;18;;311
2025-05-24T16:46:49Z;23;;316
2025-05-24T16:46:52Z;2;;295
2025-05-24T16:47:05Z;35;;328
2025-05-24T16:47:09Z;73;;366
2025-05-24T16:47:21Z;30;;323
2025-05-24T16:47:25Z;125;;418
2025-05-24T16:47:38Z;307;;600
2025-05-24T16:47:40Z;181;;474
2025-05-24T16:48:10Z;20;;313
2025-05-24T16:48:14Z;88;;381
2025-05-24T16:48:27Z;45;;338
2025-05-24T16:48:30Z;152;;445
2025-05-24T16:48:36Z;310;;603
2025-05-24T16:48:39Z;257;;550
2025-05-24T16:49:00Z;-76;;217
2025-05-24T16:49:03Z;16;;309
2025-05-24T16:49:16Z;-85;;208
2025-05-24T16:49:31Z;24;;317
2025-05-24T16:49:36Z;115;;408
2025-05-24T16:50:05Z;-84;;209
2025-05-24T16:50:07Z;28;;321
2025-05-24T16:50:21Z;42;;335
2025-05-24T16:50:23Z;5;;298
2025-05-24T16:50:37Z;34;;327
2025-05-24T16:50:41Z;292;;585
2025-05-24T16:50:48Z;;501;793
2025-05-24T16:50:50Z;;246;538
2025-05-24T16:51:09Z;30;;276
2025-05-24T16:51:12Z;9;;255
2025-05-24T16:51:25Z;45;;291
2025-05-24T16:51:28Z;11;;257
2025-05-24T16:51:43Z;44;;290
2025-05-24T16:51:45Z;145;;391
2025-05-24T16:51:59Z;60;;306
2025-05-24T16:52:01Z;131;;377
2025-05-24T16:52:15Z;-71;;175
2025-05-24T16:52:18Z;37;;283
2025-05-24T16:52:31Z;-63;;183
2025-05-24T16:52:34Z;109;;355
2025-05-24T16:52:47Z;-27;;219
2025-05-24T16:52:51Z;168;;414
2025-05-24T16:53:03Z;50;;296
2025-05-24T16:53:07Z;114;;360
2025-05-24T16:53:19Z;57;;303
2025-05-24T16:53:22Z;50;;296
2025-05-24T16:53:35Z;51;;297
2025-05-24T16:53:39Z;128;;374
2025-05-24T16:53:53Z;16;;262
2025-05-24T16:53:55Z;137;;383
2025-05-24T16:54:09Z;65;;311
2025-05-24T16:54:11Z;67;;313
2025-05-24T16:54:25Z;71;;317
2025-05-24T16:54:27Z;38;;284
2025-05-24T16:54:41Z;73;;319
2025-05-24T16:54:44Z;158;;404
2025-05-24T16:54:57Z;61;;307
2025-05-24T16:55:01Z;144;;390
2025-05-24T16:55:14Z;-38;;208
2025-05-24T16:55:17Z;81;;327
2025-05-24T16:55:30Z;-47;;199
2025-05-24T16:55:33Z;47;;293
2025-05-24T16:55:47Z;-38;;208
2025-05-24T16:55:48Z;31;;277
2025-05-24T16:56:02Z;77;;323
2025-05-24T16:56:05Z;144;;390
2025-05-24T16:56:18Z;81;;327
2025-05-24T16:56:22Z;87;;333
2025-05-24T16:56:34Z;95;;341
2025-05-24T16:56:38Z;58;;304
2025-05-24T16:56:51Z;31;;277
2025-05-24T16:56:53Z;19;;265
2025-05-24T16:57:08Z;107;;353
2025-05-24T16:57:10Z;204;;450
2025-05-24T16:57:23Z;113;;359
2025-05-24T16:57:39Z;83;;329
2025-05-24T16:57:43Z;73;;319
2025-05-24T16:57:55Z;121;;367
2025-05-24T16:57:59Z;173;;419
2025-05-24T16:58:12Z;98;;344
2025-05-24T16:58:16Z;201;;447
2025-05-24T16:58:24Z;1585;;1831
2025-05-24T16:58:27Z;287;;533
2025-05-24T16:59:04Z;327;;573
2025-05-24T16:59:05Z;227;;473
2025-05-24T16:59:22Z;305;;551
2025-05-24T17:00:05Z;;184;423
2025-05-24T17:00:09Z;351;;597
2025-05-24T17:00:10Z;239;;485
2025-05-24T17:01:14Z;346;;530
2025-05-24T17:01:15Z;232;;416
2025-05-24T17:02:19Z;303;;487
2025-05-24T17:02:20Z;217;;401
2025-05-24T17:03:24Z;306;;490
2025-05-24T17:03:26Z;233;;417
2025-05-24T17:03:31Z;524;;708
2025-05-24T17:03:34Z;1687;;1871
2025-05-24T17:03:35Z;1862;;2046
2025-05-24T17:03:38Z;1744;;1928
2025-05-24T17:03:40Z;1864;;2048
2025-05-24T17:03:54Z;1739;;1923
2025-05-24T17:03:56Z;1827;;2011
2025-05-24T17:04:10Z;1732;;1916
2025-05-24T17:04:13Z;1873;;2057
2025-05-24T17:04:27Z;1701;;1885
2025-05-24T17:04:30Z;1934;;2118
2025-05-24T17:04:44Z;1709;;1893
2025-05-24T17:04:45Z;1813;;1997
2025-05-24T17:04:46Z;257;;441
2025-05-24T17:04:48Z;417;;601
2025-05-24T17:04:49Z;1814;;1998
2025-05-24T17:05:00Z;1722;;1906
2025-05-24T17:05:01Z;1823;;2007
2025-05-24T17:05:14Z;232;;416
2025-05-24T17:05:18Z;315;;499
2025-05-24T17:05:20Z;248;;432
2025-05-24T17:05:36Z;349;;533
2025-05-24T17:05:37Z;255;;439
2025-05-24T17:06:23Z;317;;501
2025-05-24T17:06:24Z;222;;406
2025-05-24T17:06:50Z;249;;433
2025-05-24T17:07:32Z;308;;492
2025-05-24T17:07:35Z;148;;332
2025-05-24T17:07:40Z;370;;554
2025-05-24T17:07:42Z;727;;911
2025-05-24T17:07:44Z;296;;480
2025-05-24T17:07:50Z;402;;586
2025-05-24T17:08:10Z;290;;474
2025-05-24T17:08:50Z;446;;630
2025-05-24T17:09:06Z;708;;892
2025-05-24T17:09:08Z;909;;1093
2025-05-24T17:09:09Z;321;;505
2025-05-24T17:09:10Z;266;;450
2025-05-24T17:10:23Z;416;;600
2025-05-24T17:10:25Z;313;;497
2025-05-24T17:10:26Z;271;;455
2025-05-24T17:10:53Z;;0;271
2025-05-24T17:10:55Z;;130;401
2025-05-24T17:10:59Z;197;;327
2025-05-24T17:11:10Z;513;;643
2025-05-24T17:11:11Z;728;;858
2025-05-24T17:11:13Z;279;;409
2025-05-24T17:12:05Z;308;;438
2025-05-24T17:13:06Z;157;;287
2025-05-24T17:15:05Z;;122;279
2025-05-24T17:15:07Z;225;;347
2025-05-24T17:15:55Z;301;;423
2025-05-24T17:15:56Z;234;;356
2025-05-24T17:16:11Z;304;;426
2025-05-24T17:16:12Z;232;;354
2025-05-24T17:16:24Z;336;;458
2025-05-24T17:16:26Z;276;;398
2025-05-24T17:16:40Z;357;;479
2025-05-24T17:16:41Z;261;;383
2025-05-24T17:16:44Z;306;;428
2025-05-24T17:16:53Z;342;;464
2025-05-24T17:16:55Z;285;;407
2025-05-24T17:16:57Z;324;;446
2025-05-24T17:17:01Z;157;;279
2025-05-24T17:17:07Z;363;;485
2025-05-24T17:17:15Z;152;;274
2025-05-24T17:17:22Z;368;;490
2025-05-24T17:17:31Z;157;;279
2025-05-24T17:17:36Z;365;;487
2025-05-24T17:17:44Z;154;;276
2025-05-24T17:17:49Z;332;;454
2025-05-24T17:17:59Z;162;;284
2025-05-24T17:18:05Z;384;;506
2025-05-24T17:18:13Z;150;;272
2025-05-24T17:18:19Z;387;;509
2025-05-24T17:18:27Z;162;;284
2025-05-24T17:18:33Z;305;;427
2025-05-24T17:18:42Z;148;;270
2025-05-24T17:18:48Z;390;;512
2025-05-24T17:18:56Z;151;;273
2025-05-24T17:19:01Z;327;;449
2025-05-24T17:19:11Z;161;;283
2025-05-24T17:19:17Z;379;;501
2025-05-24T17:19:26Z;148;;270
2025-05-24T17:19:30Z;310;;432
2025-05-24T17:19:39Z;161;;283
2025-05-24T17:19:45Z;346;;468
2025-05-24T17:19:54Z;156;;278
2025-05-24T17:20:00Z;358;;480
2025-05-24T17:20:09Z;177;;299
2025-05-24T17:20:13Z;351;;473
2025-05-24T17:20:23Z;157;;279
2025-05-24T17:20:30Z;371;;493
2025-05-24T17:20:38Z;178;;300
2025-05-24T17:20:43Z;330;;452
2025-05-24T17:20:52Z;152;;274
2025-05-24T17:20:58Z;388;;510
2025-05-24T17:21:06Z;157;;279
2025-05-24T17:21:13Z;374;;496
2025-05-24T17:21:21Z;163;;285
2025-05-24T17:21:26Z;304;;426
2025-05-24T17:21:35Z;164;;286
2025-05-24T17:22:51Z;340;;462
2025-05-24T17:22:54Z;291;;413
2025-05-24T17:22:58Z;305;;427
2025-05-24T17:22:59Z;293;;415
2025-05-24T17:23:42Z;403;;525
2025-05-24T17:23:45Z;732;;854
2025-05-24T17:23:48Z;551;;673
2025-05-24T17:23:51Z;172;;294
2025-05-24T17:25:00Z;400;;522
2025-05-24T17:25:01Z;711;;833
2025-05-24T17:25:03Z;463;;585
2025-05-24T17:25:04Z;281;;403
2025-05-24T17:26:06Z;366;;488
2025-05-24T17:26:08Z;644;;766
2025-05-24T17:26:09Z;300;;422
2025-05-24T17:26:14Z;282;;404
2025-05-24T17:26:15Z;309;;431
2025-05-24T17:27:46Z;259;;381
2025-05-24T17:27:55Z;307;;429
2025-05-24T17:28:01Z;293;;415
2025-05-24T17:28:03Z;305;;427
2025-05-24T17:28:04Z;299;;421
2025-05-24T17:28:06Z;302;;424
2025-05-24T17:28:13Z;299;;421
2025-05-24T17:28:44Z;298;;420
2025-05-24T17:30:05Z;;79;377
2025-05-24T17:30:07Z;96;;175
2025-05-24T17:33:14Z;304;;383
2025-05-24T17:33:15Z;225;;304
2025-05-24T17:34:13Z;278;;357
2025-05-24T17:34:28Z;346;;425
2025-05-24T17:34:31Z;318;;397
2025-05-24T17:34:34Z;106;;185
2025-05-24T17:34:40Z;331;;410
2025-05-24T17:34:50Z;103;;182
2025-05-24T17:34:55Z;335;;414
2025-05-24T17:35:04Z;110;;189
2025-05-24T17:35:10Z;394;;473
2025-05-24T17:35:18Z;103;;182
2025-05-24T17:35:25Z;362;;441
2025-05-24T17:35:32Z;105;;184
2025-05-24T17:35:38Z;329;;408
2025-05-24T17:35:39Z;89;;168
2025-05-24T17:35:40Z;398;;477
2025-05-24T17:35:48Z;94;;173
2025-05-24T17:35:54Z;368;;447
2025-05-24T17:36:01Z;106;;185
2025-05-24T17:36:09Z;344;;423
2025-05-24T17:36:16Z;84;;163
2025-05-24T17:36:22Z;316;;395
2025-05-24T17:36:30Z;86;;165
2025-05-24T17:36:37Z;366;;445
2025-05-24T17:36:45Z;98;;177
2025-05-24T17:36:52Z;363;;442
2025-05-24T17:36:59Z;93;;172
2025-05-24T17:37:07Z;342;;421
2025-05-24T17:37:14Z;93;;172
2025-05-24T17:37:20Z;333;;412
2025-05-24T17:37:29Z;87;;166
2025-05-24T17:37:36Z;345;;424
2025-05-24T17:37:42Z;95;;174
2025-05-24T17:37:49Z;365;;444
2025-05-24T17:37:57Z;96;;175
2025-05-24T17:38:04Z;309;;388
2025-05-24T17:38:11Z;94;;173
2025-05-24T17:38:19Z;372;;451
2025-05-24T17:38:27Z;87;;166
2025-05-24T17:38:32Z;331;;410
2025-05-24T17:38:40Z;93;;172
2025-05-24T17:39:59Z;316;;395
2025-05-24T17:40:00Z;285;;364
2025-05-24T17:40:53Z;553;;632
2025-05-24T17:40:54Z;838;;917
2025-05-24T17:40:56Z;302;;381
2025-05-24T17:40:57Z;291;;370
2025-05-24T17:40:58Z;346;;425
2025-05-24T17:41:00Z;113;;192
2025-05-24T17:42:02Z;329;;408
2025-05-24T17:42:03Z;374;;453
2025-05-24T17:42:05Z;224;;303
2025-05-24T17:43:01Z;494;;573
2025-05-24T17:43:03Z;618;;697
2025-05-24T17:45:05Z;;56;674
2025-05-24T17:46:57Z;369;;425
2025-05-24T17:47:00Z;1755;;1811
2025-05-24T17:47:07Z;175;;231
2025-05-24T17:47:12Z;520;;576
2025-05-24T17:47:15Z;235;;291
2025-05-24T17:47:47Z;300;;356
2025-05-24T17:47:48Z;293;;349
2025-05-24T17:47:50Z;309;;365
2025-05-24T17:47:51Z;296;;352
2025-05-24T17:47:53Z;316;;372
2025-05-24T17:48:12Z;294;;350
2025-05-24T17:48:21Z;303;;359
2025-05-24T17:48:23Z;299;;355
2025-05-24T17:48:25Z;297;;353
2025-05-24T17:48:27Z;305;;361
2025-05-24T17:48:29Z;293;;349
2025-05-24T17:48:31Z;305;;361
2025-05-24T17:51:33Z;;0;305
2025-05-24T17:51:34Z;978;;978
2025-05-24T17:51:35Z;;41;1019
2025-05-24T17:51:37Z;;0;978
2025-05-24T17:51:39Z;;46;1024
2025-05-24T17:54:54Z;150;;196
2025-05-24T18:00:05Z;;37;187
2025-05-24T18:00:07Z;133;;170
2025-05-24T18:04:35Z;1685;;1722
2025-05-24T18:05:32Z;1496;;1533
2025-05-24T18:06:26Z;2689;;2726
2025-05-24T18:06:27Z;1747;;1784
2025-05-24T18:08:11Z;1807;;1844
2025-05-24T18:08:12Z;1758;;1795
2025-05-24T18:08:39Z;1809;;1846
2025-05-24T18:08:40Z;1759;;1796
2025-05-24T18:08:48Z;1803;;1840
2025-05-24T18:08:49Z;1727;;1764
2025-05-24T18:09:19Z;1872;;1909
2025-05-24T18:09:21Z;1737;;1774
2025-05-24T18:10:27Z;1849;;1886
2025-05-24T18:10:28Z;1726;;1763
2025-05-24T18:12:05Z;2088;;2125
2025-05-24T18:12:06Z;;0;2088
2025-05-24T18:12:08Z;;14;2102
2025-05-24T18:12:42Z;295;;309
2025-05-24T18:12:43Z;319;;333
2025-05-24T18:12:45Z;1745;;1759
2025-05-24T18:13:01Z;1478;;1492
2025-05-24T18:13:03Z;1585;;1599
2025-05-24T18:13:09Z;1485;;1499
2025-05-24T18:13:17Z;1485;;1499
2025-05-24T18:13:19Z;168;;182
2025-05-24T18:13:26Z;1484;;1498
2025-05-24T18:13:29Z;1566;;1580
2025-05-24T18:13:36Z;1493;;1507
2025-05-24T18:13:39Z;1547;;1561
2025-05-24T18:13:45Z;1496;;1510
2025-05-24T18:13:46Z;1510;;1524
2025-05-24T18:13:56Z;226;;240
2025-05-24T18:14:08Z;1549;;1563
2025-05-24T18:14:10Z;1820;;1834
2025-05-24T18:14:11Z;1667;;1681
2025-05-24T18:14:13Z;1896;;1910
2025-05-24T18:14:16Z;1745;;1759
2025-05-24T18:14:20Z;1860;;1874
2025-05-24T18:14:25Z;1763;;1777
2025-05-24T18:14:28Z;1846;;1860
2025-05-24T18:14:32Z;1773;;1787
2025-05-24T18:14:36Z;1477;;1491
2025-05-24T18:14:49Z;929;;943
2025-05-24T18:14:51Z;1623;;1637
2025-05-24T18:15:05Z;;14;1637
2025-05-24T18:15:07Z;1598;;1612
2025-05-24T18:15:17Z;601;;615
2025-05-24T18:15:19Z;285;;299
2025-05-24T18:15:27Z;338;;352
2025-05-24T18:15:28Z;1761;;1775
2025-05-24T18:15:30Z;1823;;1837
2025-05-24T18:15:32Z;1790;;1804
2025-05-24T18:15:36Z;1806;;1820
2025-05-24T18:15:37Z;1779;;1793
2025-05-24T18:15:46Z;1641;;1655
2025-05-24T18:16:01Z;303;;317
2025-05-24T18:16:02Z;231;;245
2025-05-24T18:16:10Z;1603;;1617
2025-05-24T18:16:44Z;313;;327
2025-05-24T18:16:45Z;175;;189
2025-05-24T18:16:51Z;1563;;1577
2025-05-24T18:17:24Z;185;;199
2025-05-24T18:17:32Z;1547;;1561
2025-05-24T18:18:06Z;232;0;246
2025-05-24T18:18:07Z;;7;239
2025-05-24T18:18:13Z;1608;;1615
2025-05-24T18:18:45Z;;0;1608
2025-05-24T18:18:47Z;238;5;1613
2025-05-24T18:18:53Z;1608;;1613
2025-05-24T18:19:25Z;177;;182
2025-05-24T18:19:34Z;1589;;1594
2025-05-24T18:19:56Z;188;;193
2025-05-24T18:19:57Z;245;;250
2025-05-24T18:20:36Z;1618;;1623
2025-05-24T18:20:39Z;231;;236
2025-05-24T18:21:03Z;325;;330
2025-05-24T18:21:18Z;1647;;1652
2025-05-24T18:21:31Z;230;;235
2025-05-24T18:21:44Z;;0;230
2025-05-24T18:21:46Z;;2;232
2025-05-24T18:21:57Z;1663;;1665
2025-05-24T18:22:16Z;;0;1663
2025-05-24T18:22:18Z;;2;1665
2025-05-24T18:22:20Z;;0;1663
2025-05-24T18:22:21Z;;2;1665
2025-05-24T18:22:30Z;;0;1663
2025-05-24T18:22:32Z;;1;1664
2025-05-24T18:22:34Z;;0;1663
2025-05-24T18:22:35Z;;454;2117
2025-05-24T18:22:37Z;;1;1664
2025-05-24T18:22:39Z;;0;1663
2025-05-24T18:22:41Z;;1;1664
2025-05-24T18:22:42Z;;0;1663
2025-05-24T18:22:44Z;;1;1664
2025-05-24T18:22:46Z;;0;1663
2025-05-24T18:22:47Z;;1;1664
2025-05-24T18:22:49Z;;0;1663
2025-05-24T18:22:51Z;;1;1664
2025-05-24T18:22:52Z;;1;1664
2025-05-24T18:22:54Z;;1;1664
2025-05-24T18:22:56Z;;0;1663
2025-05-24T18:22:58Z;;2;1665
2025-05-24T18:23:00Z;;0;1663
2025-05-24T18:23:02Z;;1;1664
2025-05-24T18:23:04Z;;0;1663
2025-05-24T18:23:07Z;;1;1664
2025-05-24T18:23:09Z;;0;1663
2025-05-24T18:24:38Z;187;;187
2025-05-24T18:24:42Z;1598;;1598
2025-05-24T18:25:16Z;189;;189
2025-05-24T18:25:23Z;1599;;1599
2025-05-24T18:25:36Z;;2;1601
2025-05-24T18:25:38Z;;0;1599
2025-05-24T18:26:04Z;1564;;1564
2025-05-24T18:26:25Z;420;;420
2025-05-24T18:26:26Z;234;;234
2025-05-24T18:26:44Z;1614;;1614
2025-05-24T18:27:07Z;253;;253
2025-05-24T18:27:24Z;1223;;1223
2025-05-24T18:27:26Z;1505;;1505
2025-05-24T18:27:27Z;1496;;1496
2025-05-24T18:27:33Z;1532;;1532
2025-05-24T18:27:34Z;1482;;1482
2025-05-24T18:27:43Z;1529;;1529
2025-05-24T18:27:46Z;1501;;1501
2025-05-24T18:27:47Z;125;;125
2025-05-24T18:28:05Z;1507;;1507
2025-05-24T18:28:11Z;1447;;1447
2025-05-24T18:28:13Z;1507;;1507
2025-05-24T18:28:14Z;1493;;1493
2025-05-24T18:28:23Z;1504;;1504
2025-05-24T18:28:24Z;1496;;1496
2025-05-24T18:28:32Z;81;;81
2025-05-24T18:28:56Z;337;;337
2025-05-24T18:30:05Z;;0;337
2025-05-24T18:30:07Z;259;;259
2025-05-24T18:30:45Z;300;;300
2025-05-24T18:30:48Z;299;;299
2025-05-24T18:30:49Z;306;;306
2025-05-24T18:35:21Z;86;;86
2025-05-24T18:39:19Z;1668;;1668
2025-05-24T18:39:47Z;1495;;1495
2025-05-24T18:39:49Z;1514;;1514
2025-05-24T18:39:56Z;1498;;1498
2025-05-24T18:39:59Z;1549;;1549
2025-05-24T18:40:06Z;1495;;1495
2025-05-24T18:40:08Z;1527;;1527
2025-05-24T18:40:14Z;1469;;1469
2025-05-24T18:40:17Z;1526;;1526
2025-05-24T18:40:23Z;1474;;1474
2025-05-24T18:40:27Z;1577;;1577
2025-05-24T18:40:34Z;1473;;1473
2025-05-24T18:40:41Z;1540;;1540
2025-05-24T18:40:46Z;1474;;1474
2025-05-24T18:40:49Z;1543;;1543
2025-05-24T18:40:56Z;1463;;1463
2025-05-24T18:40:58Z;1511;;1511
2025-05-24T18:41:04Z;1459;;1459
2025-05-24T18:41:07Z;1518;;1518
2025-05-24T18:41:13Z;1468;;1468
2025-05-24T18:41:17Z;1524;;1524
2025-05-24T18:41:19Z;1489;;1489
2025-05-24T18:41:21Z;1515;;1515
2025-05-24T18:41:23Z;1466;;1466
2025-05-24T18:41:26Z;1592;;1592
2025-05-24T18:41:32Z;1494;;1494
2025-05-24T18:41:34Z;1502;;1502
2025-05-24T18:41:36Z;1603;;1603
2025-05-24T18:41:44Z;1494;;1494
2025-05-24T18:41:48Z;1494;;1494
2025-05-24T18:41:54Z;1494;;1494
2025-05-24T18:41:57Z;1559;;1559
2025-05-24T18:42:03Z;1495;;1495
2025-05-24T18:42:04Z;1506;;1506
2025-05-24T18:42:13Z;1486;;1486
2025-05-24T18:42:15Z;1523;;1523
2025-05-24T18:42:22Z;1499;;1499
2025-05-24T18:42:31Z;1491;;1491
2025-05-24T18:42:35Z;1571;;1571
2025-05-24T18:42:39Z;1495;;1495
2025-05-24T18:42:43Z;1510;;1510
2025-05-24T18:42:51Z;1478;;1478
2025-05-24T18:42:53Z;1509;;1509
2025-05-24T18:42:54Z;1496;;1496
2025-05-24T18:42:56Z;1542;;1542
2025-05-24T18:43:12Z;1486;;1486
2025-05-24T18:43:14Z;1535;;1535
2025-05-24T18:43:21Z;1498;;1498
2025-05-24T18:43:22Z;1470;;1470
2025-05-24T18:43:24Z;1518;;1518
2025-05-24T18:43:29Z;1482;;1482
2025-05-24T18:43:33Z;1501;;1501
2025-05-24T18:43:38Z;1499;;1499
2025-05-24T18:43:40Z;1511;;1511
2025-05-24T18:43:47Z;1494;;1494
2025-05-24T18:43:51Z;1583;;1583
2025-05-24T18:44:10Z;1482;;1482
2025-05-24T18:44:14Z;1536;;1536
2025-05-24T18:44:19Z;1493;;1493
2025-05-24T18:44:21Z;1501;;1501
2025-05-24T18:44:28Z;1495;;1495
2025-05-24T18:44:32Z;1565;;1565
2025-05-24T18:44:47Z;1530;;1530
2025-05-24T18:44:51Z;1580;;1580
2025-05-24T18:45:05Z;;0;1580
2025-05-24T18:45:07Z;1497;;1497
2025-05-24T18:45:09Z;1546;;1546
2025-05-24T18:45:27Z;1506;;1506
2025-05-24T18:45:43Z;185;;185
2025-05-24T18:46:08Z;1567;;1567
2025-05-24T18:46:15Z;1497;;1497
2025-05-24T18:46:17Z;1500;;1500
2025-05-24T18:46:18Z;1497;;1497
2025-05-24T18:46:19Z;1505;;1505
2025-05-24T18:46:23Z;130;;130
2025-05-24T18:46:50Z;1567;;1567
2025-05-24T18:47:07Z;128;;128
2025-05-24T18:47:30Z;1562;;1562
2025-05-24T18:47:52Z;96;;96
2025-05-24T18:48:10Z;1032;;1032
2025-05-24T18:48:12Z;1515;;1515
2025-05-24T18:48:32Z;1497;;1497
2025-05-24T18:48:37Z;1548;;1548
2025-05-24T18:48:51Z;1462;;1462
2025-05-24T18:48:53Z;1514;;1514
2025-05-24T18:49:12Z;1498;;1498
2025-05-24T18:49:14Z;1606;;1606
2025-05-24T18:49:20Z;1499;;1499
2025-05-24T18:49:21Z;120;;120
2025-05-24T18:49:33Z;1562;;1562
2025-05-24T18:49:38Z;1498;;1498
2025-05-24T18:49:40Z;1504;;1504
2025-05-24T18:50:04Z;175;;175
2025-05-24T18:50:14Z;1561;;1561
2025-05-24T18:50:18Z;1496;;1496
2025-05-24T18:50:38Z;1495;;1495
2025-05-24T18:50:40Z;1574;;1574
2025-05-24T18:50:44Z;127;;127
2025-05-24T18:50:54Z;1559;;1559
2025-05-24T18:50:58Z;1493;;1493
2025-05-24T18:51:01Z;1496;;1496
2025-05-24T18:51:02Z;1583;;1583
2025-05-24T18:51:17Z;1492;;1492
2025-05-24T18:51:20Z;1577;;1577
2025-05-24T18:51:23Z;130;;130
2025-05-24T18:51:35Z;1503;;1503
2025-05-24T18:51:36Z;1495;;1495
2025-05-24T18:51:38Z;1560;;1560
2025-05-24T18:51:55Z;1494;;1494
2025-05-24T18:52:01Z;146;;146
2025-05-24T18:52:18Z;1498;;1498
2025-05-24T18:52:20Z;1559;;1559
2025-05-24T18:52:25Z;1478;;1478
2025-05-24T18:52:28Z;1559;;1559
2025-05-24T18:52:34Z;1486;;1486
2025-05-24T18:52:37Z;1551;;1551
2025-05-24T18:52:40Z;122;;122
2025-05-24T18:52:57Z;1552;;1552
2025-05-24T18:53:03Z;1479;;1479
2025-05-24T18:53:07Z;1517;;1517
2025-05-24T18:53:16Z;1498;;1498
2025-05-24T18:53:19Z;1588;;1588
2025-05-24T18:53:21Z;127;;127
2025-05-24T18:53:39Z;1527;;1527
2025-05-24T18:53:43Z;1493;;1493
2025-05-24T18:54:02Z;1483;;1483
2025-05-24T18:54:20Z;1575;;1575
2025-05-24T18:54:43Z;75;;75
2025-05-24T18:55:01Z;1486;;1486
2025-05-24T18:55:02Z;1530;;1530
2025-05-24T18:55:08Z;1473;;1473
2025-05-24T18:55:12Z;1544;;1544
2025-05-24T18:55:18Z;1461;;1461
2025-05-24T18:55:25Z;155;;155
2025-05-24T18:55:41Z;1476;;1476
2025-05-24T18:55:44Z;1568;;1568
2025-05-24T18:55:49Z;1474;;1474
2025-05-24T18:55:52Z;1533;;1533
2025-05-24T18:55:59Z;1468;;1468
2025-05-24T18:56:01Z;1552;;1552
2025-05-24T18:56:07Z;73;;73
2025-05-24T18:56:23Z;1527;;1527
2025-05-24T18:56:26Z;1478;;1478
2025-05-24T18:56:33Z;1548;;1548
2025-05-24T18:56:39Z;1471;;1471
2025-05-24T18:56:43Z;1553;;1553
2025-05-24T18:56:47Z;1453;;1453
2025-05-24T18:56:49Z;79;;79
2025-05-24T18:57:05Z;1524;;1524
2025-05-24T18:57:07Z;1469;;1469
2025-05-24T18:57:10Z;1539;;1539
2025-05-24T18:57:15Z;1467;;1467
2025-05-24T18:57:18Z;1526;;1526
2025-05-24T18:57:27Z;1516;;1516
2025-05-24T18:57:29Z;784;;784
2025-05-24T18:57:31Z;121;;121
2025-05-24T18:57:46Z;1534;;1534
2025-05-24T18:57:47Z;1473;;1473
2025-05-24T18:57:50Z;1545;;1545
2025-05-24T18:57:57Z;1468;;1468
2025-05-24T18:57:59Z;1556;;1556
2025-05-24T18:58:05Z;1467;;1467
2025-05-24T18:58:08Z;1530;;1530
2025-05-24T18:58:10Z;193;;193
2025-05-24T18:58:25Z;1381;;1381
2025-05-24T18:58:26Z;1526;;1526
2025-05-24T18:58:33Z;1470;;1470
2025-05-24T18:58:36Z;1516;;1516
2025-05-24T18:58:43Z;1492;;1492
2025-05-24T18:58:50Z;1537;;1537
2025-05-24T18:59:08Z;1480;;1480
2025-05-24T18:59:13Z;1475;;1475
2025-05-24T18:59:16Z;1527;;1527
2025-05-24T18:59:22Z;1481;;1481
2025-05-24T18:59:26Z;1532;;1532
2025-05-24T18:59:31Z;73;;73
2025-05-24T18:59:46Z;1531;;1531
2025-05-24T18:59:51Z;1471;;1471
2025-05-24T18:59:57Z;1558;;1558
2025-05-24T19:00:04Z;1486;;1486
2025-05-24T19:00:05Z;;0;1486
2025-05-24T19:00:09Z;1528;;1528
2025-05-24T19:00:27Z;1524;;1524
2025-05-24T19:00:31Z;1470;;1470
2025-05-24T19:00:33Z;1521;;1521
2025-05-24T19:00:39Z;1472;;1472
2025-05-24T19:00:42Z;1509;;1509
2025-05-24T19:00:48Z;1470;;1470
2025-05-24T19:00:52Z;1503;;1503
2025-05-24T19:01:08Z;1523;;1523
2025-05-24T19:01:11Z;1465;;1465
2025-05-24T19:01:15Z;1533;;1533
2025-05-24T19:01:20Z;1483;;1483
2025-05-24T19:01:23Z;1547;;1547
2025-05-24T19:01:49Z;1514;;1514
2025-05-24T19:01:50Z;1508;;1508
2025-05-24T19:01:56Z;1461;;1461
2025-05-24T19:01:59Z;1541;;1541
2025-05-24T19:02:07Z;1474;;1474
2025-05-24T19:02:13Z;146;;146
2025-05-24T19:02:30Z;1468;;1468
2025-05-24T19:02:32Z;1532;;1532
2025-05-24T19:02:37Z;1473;;1473
2025-05-24T19:02:41Z;1534;;1534
2025-05-24T19:02:46Z;1475;;1475
2025-05-24T19:02:49Z;1522;;1522
2025-05-24T19:02:54Z;129;;129
2025-05-24T19:03:11Z;1532;;1532
2025-05-24T19:03:21Z;1519;;1519
2025-05-24T19:03:28Z;1480;;1480
2025-05-24T19:03:30Z;1521;;1521
2025-05-24T19:03:36Z;74;;74
2025-05-24T19:03:52Z;1517;;1517
2025-05-24T19:03:54Z;1469;;1469
2025-05-24T19:03:57Z;1529;;1529
2025-05-24T19:04:03Z;1480;;1480
2025-05-24T19:04:07Z;1537;;1537
2025-05-24T19:04:12Z;1490;;1490
2025-05-24T19:04:15Z;1624;;1624
2025-05-24T19:04:18Z;123;;123
2025-05-24T19:04:33Z;1520;;1520
2025-05-24T19:04:35Z;1470;;1470
2025-05-24T19:04:39Z;1527;;1527
2025-05-24T19:04:44Z;1495;;1495
2025-05-24T19:04:47Z;1523;;1523
2025-05-24T19:04:51Z;1494;;1494
2025-05-24T19:04:52Z;1512;;1512
2025-05-24T19:04:54Z;1474;;1474
2025-05-24T19:04:58Z;1512;;1512
2025-05-24T19:04:59Z;117;;117
2025-05-24T19:05:15Z;1479;;1479
2025-05-24T19:05:16Z;1560;;1560
2025-05-24T19:05:22Z;1487;;1487
2025-05-24T19:05:23Z;1547;;1547
2025-05-24T19:05:32Z;1459;;1459
2025-05-24T19:05:37Z;1533;;1533
2025-05-24T19:05:39Z;129;;129
2025-05-24T19:05:55Z;1539;;1539
2025-05-24T19:06:01Z;1481;;1481
2025-05-24T19:06:04Z;1513;;1513
2025-05-24T19:06:10Z;1453;;1453
2025-05-24T19:06:13Z;1508;;1508
2025-05-24T19:06:20Z;1392;;1392
2025-05-24T19:06:36Z;1523;;1523
2025-05-24T19:06:40Z;1484;;1484
2025-05-24T19:06:45Z;1519;;1519
2025-05-24T19:06:51Z;1458;;1458
2025-05-24T19:06:54Z;1501;;1501
2025-05-24T19:07:00Z;389;;389
2025-05-24T19:07:01Z;73;;73
2025-05-24T19:07:18Z;455;;455
2025-05-24T19:07:19Z;1532;;1532
2025-05-24T19:07:21Z;1483;;1483
2025-05-24T19:07:28Z;1483;;1483
2025-05-24T19:07:32Z;1557;;1557
2025-05-24T19:07:37Z;1477;;1477
2025-05-24T19:07:40Z;1574;;1574
2025-05-24T19:07:42Z;149;;149
2025-05-24T19:07:57Z;1361;;1361
2025-05-24T19:07:59Z;1527;;1527
2025-05-24T19:08:04Z;1528;;1528
2025-05-24T19:08:08Z;1469;;1469
2025-05-24T19:08:11Z;1507;;1507
2025-05-24T19:08:17Z;1483;;1483
2025-05-24T19:08:21Z;1552;;1552
2025-05-24T19:08:22Z;117;;117
2025-05-24T19:08:38Z;1476;;1476
2025-05-24T19:08:39Z;1579;;1579
2025-05-24T19:08:46Z;1485;;1485
2025-05-24T19:08:48Z;1571;;1571
2025-05-24T19:08:55Z;1465;;1465
2025-05-24T19:09:02Z;1518;;1518
2025-05-24T19:09:03Z;124;;124
2025-05-24T19:09:19Z;1536;;1536
2025-05-24T19:09:25Z;1473;;1473
2025-05-24T19:09:29Z;1560;;1560
2025-05-24T19:09:35Z;1477;;1477
2025-05-24T19:09:39Z;1538;;1538
2025-05-24T19:09:43Z;1490;;1490
2025-05-24T19:09:44Z;77;;77
2025-05-24T19:10:00Z;1541;;1541
2025-05-24T19:10:03Z;1475;;1475
2025-05-24T19:10:09Z;1522;;1522
2025-05-24T19:10:15Z;1475;;1475
2025-05-24T19:10:18Z;1519;;1519
2025-05-24T19:10:24Z;73;;73
2025-05-24T19:10:41Z;1526;;1526
2025-05-24T19:10:43Z;1479;;1479
2025-05-24T19:10:46Z;1550;;1550
2025-05-24T19:10:52Z;1463;;1463
2025-05-24T19:10:55Z;1550;;1550
2025-05-24T19:11:02Z;1469;;1469
2025-05-24T19:11:05Z;1562;;1562
2025-05-24T19:11:25Z;1479;;1479
2025-05-24T19:11:26Z;1520;;1520
2025-05-24T19:11:32Z;1486;;1486
2025-05-24T19:11:36Z;1508;;1508
2025-05-24T19:11:41Z;1475;;1475
2025-05-24T19:11:44Z;1506;;1506
2025-05-24T19:11:46Z;117;;117
2025-05-24T19:12:03Z;1569;;1569
2025-05-24T19:12:09Z;1469;;1469
2025-05-24T19:12:12Z;1551;;1551
2025-05-24T19:12:20Z;1477;;1477
2025-05-24T19:12:25Z;1518;;1518
2025-05-24T19:12:28Z;121;;121
2025-05-24T19:12:45Z;1550;;1550
2025-05-24T19:12:49Z;1476;;1476
2025-05-24T19:12:53Z;1502;;1502
2025-05-24T19:13:03Z;1542;;1542
2025-05-24T19:13:08Z;1453;;1453
2025-05-24T19:13:09Z;75;;75
2025-05-24T19:13:25Z;1526;;1526
2025-05-24T19:13:27Z;1468;;1468
2025-05-24T19:13:34Z;1537;;1537
2025-05-24T19:13:39Z;1478;;1478
2025-05-24T19:13:42Z;1518;;1518
2025-05-24T19:13:48Z;1458;;1458
2025-05-24T19:13:50Z;78;;78
2025-05-24T19:14:01Z;582;;582
2025-05-24T19:14:31Z;243;;243
2025-05-24T19:14:47Z;1585;;1585
2025-05-24T19:15:05Z;;0;1585
2025-05-24T19:15:07Z;1642;;1642
2025-05-24T19:15:10Z;1458;;1458
2025-05-24T19:15:12Z;239;;239
2025-05-24T19:15:30Z;1637;;1637
2025-05-24T19:15:52Z;482;;482
2025-05-24T19:16:32Z;206;;206
2025-05-24T19:16:49Z;1247;;1247
2025-05-24T19:16:50Z;1636;;1636
2025-05-24T19:16:59Z;1825;;1825
2025-05-24T19:17:00Z;1666;;1666
2025-05-24T19:17:14Z;192;;192
2025-05-24T19:17:31Z;1607;;1607
2025-05-24T19:17:54Z;237;;237
2025-05-24T19:18:05Z;345;;345
2025-05-24T19:18:07Z;258;;258
2025-05-24T19:18:13Z;1603;;1603
2025-05-24T19:18:35Z;235;;235
2025-05-24T19:18:53Z;1640;;1640
2025-05-24T19:19:16Z;235;;235
2025-05-24T19:19:33Z;1652;;1652
2025-05-24T19:19:57Z;193;;193
2025-05-24T19:20:15Z;1663;;1663
2025-05-24T19:20:39Z;188;;188
2025-05-24T19:20:56Z;1607;;1607
2025-05-24T19:21:20Z;234;;234
2025-05-24T19:21:36Z;1607;;1607
2025-05-24T19:22:01Z;235;;235
2025-05-24T19:22:17Z;1648;;1648
2025-05-24T19:22:41Z;242;;242
2025-05-24T19:22:58Z;1644;;1644
2025-05-24T19:23:22Z;188;;188
2025-05-24T19:23:40Z;1622;;1622
2025-05-24T19:24:04Z;186;;186
2025-05-24T19:24:21Z;1609;;1609
2025-05-24T19:24:44Z;241;;241
2025-05-24T19:25:01Z;1612;;1612
2025-05-24T19:25:25Z;865;;865
2025-05-24T19:25:44Z;1666;;1666
2025-05-24T19:26:05Z;333;;333
2025-05-24T19:26:06Z;241;;241
2025-05-24T19:26:22Z;569;;569
2025-05-24T19:26:23Z;1660;;1660
2025-05-24T19:26:49Z;203;;203
2025-05-24T19:26:56Z;368;;368
2025-05-24T19:26:57Z;282;;282
2025-05-24T19:27:04Z;1461;;1461
2025-05-24T19:27:05Z;1610;;1610
2025-05-24T19:27:29Z;190;;190
2025-05-24T19:27:44Z;1596;;1596
2025-05-24T19:28:04Z;1803;;1803
2025-05-24T19:28:05Z;1695;;1695
2025-05-24T19:28:08Z;238;;238
2025-05-24T19:28:25Z;1605;;1605
2025-05-24T19:28:48Z;236;;236
2025-05-24T19:29:06Z;1665;;1665
2025-05-24T19:29:30Z;235;;235
2025-05-24T19:29:47Z;1673;;1673
2025-05-24T19:30:05Z;;0;1673
2025-05-24T19:30:07Z;1655;;1655
2025-05-24T19:30:10Z;188;;188
2025-05-24T19:30:28Z;1606;;1606
2025-05-24T19:30:52Z;185;;185
2025-05-24T19:31:10Z;1601;;1601
2025-05-24T19:31:32Z;239;;239
2025-05-24T19:31:50Z;1624;;1624
2025-05-24T19:32:14Z;234;;234
2025-05-24T19:32:31Z;1658;;1658
2025-05-24T19:32:56Z;234;;234
2025-05-24T19:33:13Z;1660;;1660
2025-05-24T19:33:36Z;258;;258
2025-05-24T19:33:49Z;502;;502
2025-05-24T19:33:53Z;1823;;1823
2025-05-24T19:34:10Z;1652;;1652
2025-05-24T19:34:18Z;331;;331
2025-05-24T19:34:31Z;320;;320
2025-05-24T19:34:35Z;1620;;1620
2025-05-24T19:34:45Z;1847;;1847
2025-05-24T19:34:59Z;447;;447
2025-05-24T19:35:06Z;252;;252
2025-05-24T19:35:16Z;1679;;1679
2025-05-24T19:35:37Z;796;;796
2025-05-24T19:35:38Z;191;;191
2025-05-24T19:35:56Z;1677;;1677
2025-05-24T19:36:06Z;1929;;1929
2025-05-24T19:36:19Z;504;;504
2025-05-24T19:36:25Z;242;;242
2025-05-24T19:36:30Z;355;;355
2025-05-24T19:36:37Z;716;;716
2025-05-24T19:36:38Z;1768;;1768
2025-05-24T19:36:42Z;1809;;1809
2025-05-24T19:36:43Z;1798;;1798
2025-05-24T19:36:51Z;1846;;1846
2025-05-24T19:36:58Z;1773;;1773
2025-05-24T19:36:59Z;363;;363
2025-05-24T19:37:04Z;600;;600
2025-05-24T19:37:07Z;578;;578
2025-05-24T19:37:09Z;650;;650
2025-05-24T19:37:16Z;556;;556
2025-05-24T19:37:18Z;1730;;1730
2025-05-24T19:37:19Z;2015;;2015
2025-05-24T19:37:28Z;1775;;1775
2025-05-24T19:37:32Z;1821;;1821
2025-05-24T19:37:39Z;1763;;1763
2025-05-24T19:37:40Z;348;;348
2025-05-24T19:37:58Z;1732;;1732
2025-05-24T19:38:00Z;1847;;1847
2025-05-24T19:38:08Z;1846;;1846
2025-05-24T19:38:14Z;1761;;1761
2025-05-24T19:38:17Z;1821;;1821
2025-05-24T19:38:19Z;1797;;1797
2025-05-24T19:38:21Z;394;;394
2025-05-24T19:38:31Z;292;;292
2025-05-24T19:38:39Z;1700;;1700
2025-05-24T19:39:08Z;281;;281
2025-05-24T19:39:09Z;309;;309
2025-05-24T19:39:11Z;319;;319
2025-05-24T19:39:14Z;295;;295
2025-05-24T19:39:17Z;311;;311
2025-05-24T19:39:21Z;1693;;1693
2025-05-24T19:39:38Z;1898;;1898
2025-05-24T19:39:39Z;1737;;1737
2025-05-24T19:39:46Z;266;;266
2025-05-24T19:39:48Z;304;;304
2025-05-24T19:39:53Z;267;;267
2025-05-24T19:39:57Z;348;;348
2025-05-24T19:40:01Z;1738;;1738
2025-05-24T19:40:21Z;1484;;1484
2025-05-24T19:40:24Z;1553;;1553
2025-05-24T19:40:26Z;130;;130
2025-05-24T19:40:44Z;1515;;1515
2025-05-24T19:40:53Z;1498;;1498
2025-05-24T19:40:55Z;1540;;1540
2025-05-24T19:41:06Z;137;;137
2025-05-24T19:41:23Z;1585;;1585
2025-05-24T19:41:47Z;132;;132
2025-05-24T19:42:00Z;408;;408
2025-05-24T19:42:04Z;1795;;1795
2025-05-24T19:42:14Z;1812;;1812
2025-05-24T19:42:28Z;94;;94
2025-05-24T19:42:45Z;1572;;1572
2025-05-24T19:43:08Z;342;;342
2025-05-24T19:43:27Z;1745;;1745
2025-05-24T19:43:37Z;1498;;1498
2025-05-24T19:44:07Z;1514;;1514
2025-05-24T19:44:30Z;188;;188
2025-05-24T19:44:50Z;362;;362
2025-05-24T19:44:51Z;82;;82
2025-05-24T19:45:05Z;;0;82
2025-05-24T19:46:11Z;1647;;1647
2025-05-24T19:46:14Z;171;;171
2025-05-24T19:46:53Z;1643;;1643
2025-05-24T19:47:01Z;135;;135
2025-05-24T19:47:34Z;1610;;1610
2025-05-24T19:47:47Z;185;;185
2025-05-24T19:48:14Z;1627;;1627
2025-05-24T19:48:32Z;155;;155
2025-05-24T19:48:54Z;1603;;1603
2025-05-24T19:49:15Z;174;;174
2025-05-24T19:49:20Z;377;;377
2025-05-24T19:49:21Z;243;;243
2025-05-24T19:49:36Z;542;;542
2025-05-24T19:49:37Z;1676;;1676
2025-05-24T19:49:57Z;244;;244
2025-05-24T19:50:15Z;1485;;1485
2025-05-24T19:50:16Z;1631;;1631
2025-05-24T19:50:38Z;218;;218
2025-05-24T19:50:56Z;1682;;1682
2025-05-24T19:51:17Z;217;;217
2025-05-24T19:51:37Z;1741;;1741
2025-05-24T19:51:55Z;263;;263
2025-05-24T19:52:19Z;1709;;1709
2025-05-24T19:52:35Z;215;;215
2025-05-24T19:52:45Z;318;;318
2025-05-24T19:52:46Z;261;;261
2025-05-24T19:53:01Z;1334;;1334
2025-05-24T19:53:02Z;216;;216
2025-05-24T19:53:04Z;230;;230
2025-05-24T19:53:16Z;270;;270
2025-05-24T19:53:40Z;1737;;1737
2025-05-24T19:53:43Z;1165;;1165
2025-05-24T19:54:21Z;1764;;1764
2025-05-24T19:54:29Z;208;;208
2025-05-24T19:55:04Z;1736;;1736
2025-05-24T19:55:15Z;212;;212
2025-05-24T19:55:45Z;1740;;1740
2025-05-24T19:55:59Z;254;;254
2025-05-24T19:56:23Z;442;;442
2025-05-24T19:56:25Z;1773;;1773
2025-05-24T19:56:45Z;217;;217
2025-05-24T19:57:05Z;1727;;1727
2025-05-24T19:57:26Z;270;;270
2025-05-24T19:57:31Z;381;;381
2025-05-24T19:57:34Z;263;;263
2025-05-24T19:57:47Z;1719;;1719
2025-05-24T19:58:08Z;261;;261
2025-05-24T19:58:28Z;1658;;1658
2025-05-24T19:58:46Z;549;;549
2025-05-24T19:58:48Z;217;;217
2025-05-24T19:59:10Z;1666;;1666
2025-05-24T19:59:25Z;273;;273
2025-05-24T19:59:39Z;303;;303
2025-05-24T19:59:51Z;1712;;1712
2025-05-24T20:00:05Z;263;0;1712
2025-05-24T20:00:07Z;1662;;1662
2025-05-24T20:00:30Z;753;;753
2025-05-24T20:00:45Z;213;;213
2025-05-24T20:00:48Z;262;;262
2025-05-24T20:02:19Z;300;;300
2025-05-24T20:02:20Z;257;;257
2025-05-24T20:08:49Z;302;;302
2025-05-24T20:08:50Z;261;;261
2025-05-24T20:10:28Z;340;;340
2025-05-24T20:10:30Z;258;;258
2025-05-24T20:11:36Z;414;;414
2025-05-24T20:11:38Z;256;;256
2025-05-24T20:11:48Z;305;;305
2025-05-24T20:11:49Z;225;;225
2025-05-24T20:12:47Z;260;;260
2025-05-24T20:12:55Z;301;;301
2025-05-24T20:14:03Z;301;;301
2025-05-24T20:15:05Z;;0;301
2025-05-24T20:15:19Z;301;;301
2025-05-24T20:15:20Z;253;;253
2025-05-24T20:30:05Z;;0;253
2025-05-24T20:30:09Z;159;;159
2025-05-24T20:34:06Z;2263;;2263
2025-05-24T20:34:07Z;286;;286
2025-05-24T20:34:12Z;300;;300
2025-05-24T20:34:13Z;294;;294
2025-05-24T20:34:16Z;304;;304
2025-05-24T20:34:17Z;288;;288
2025-05-24T20:34:28Z;303;;303
2025-05-24T20:34:29Z;295;;295
2025-05-24T20:34:31Z;300;;300
2025-05-24T20:34:33Z;295;;295
2025-05-24T20:34:37Z;302;;302
2025-05-24T20:34:38Z;294;;294
2025-05-24T20:34:54Z;284;;284
2025-05-24T20:34:55Z;301;;301
2025-05-24T20:34:56Z;288;;288
2025-05-24T20:37:55Z;300;;300
2025-05-24T20:37:56Z;295;;295
2025-05-24T20:38:00Z;300;;300
2025-05-24T20:38:01Z;294;;294
2025-05-24T20:38:13Z;300;;300
2025-05-24T20:38:14Z;289;;289
2025-05-24T20:38:22Z;301;;301
2025-05-24T20:38:23Z;296;;296
2025-05-24T20:38:31Z;301;;301
2025-05-24T20:38:32Z;294;;294
2025-05-24T20:39:01Z;300;;300
2025-05-24T20:39:02Z;294;;294
2025-05-24T20:39:06Z;300;;300
2025-05-24T20:39:07Z;296;;296
2025-05-24T20:39:48Z;301;;301
2025-05-24T20:39:49Z;294;;294
2025-05-24T20:45:00Z;312;;312
2025-05-24T20:45:04Z;276;;276
2025-05-24T20:45:05Z;;0;276
2025-05-24T20:45:41Z;311;;311
2025-05-24T20:45:53Z;1930;;1930
2025-05-24T20:46:38Z;333;;333
2025-05-24T20:46:42Z;1670;;1670
2025-05-24T20:47:22Z;314;;314
2025-05-24T20:47:24Z;284;;284
2025-05-24T20:47:25Z;314;;314
2025-05-24T20:47:26Z;287;;287
2025-05-24T20:47:27Z;313;;313
2025-05-24T20:47:37Z;290;;290
2025-05-24T20:47:39Z;310;;310
2025-05-24T20:47:45Z;293;;293
2025-05-24T20:47:47Z;314;;314
2025-05-24T20:47:53Z;277;;277
2025-05-24T20:47:55Z;313;;313
2025-05-24T20:48:02Z;299;;299
2025-05-24T20:48:04Z;308;;308
2025-05-24T20:48:09Z;285;;285
2025-05-24T20:48:12Z;306;;306
2025-05-24T20:48:13Z;295;;295
2025-05-24T20:48:19Z;316;;316
2025-05-24T20:48:21Z;294;;294
2025-05-24T20:48:25Z;308;;308
2025-05-24T20:48:27Z;294;;294
2025-05-24T20:48:29Z;301;;301
2025-05-24T20:48:31Z;311;;311
2025-05-24T20:48:32Z;287;;287
2025-05-24T20:48:34Z;287;;287
2025-05-24T20:48:58Z;310;;310
2025-05-24T20:49:00Z;293;;293
2025-05-24T20:49:32Z;267;;267
2025-05-24T20:49:33Z;322;;322
2025-05-24T20:51:05Z;280;;280
2025-05-24T20:51:45Z;303;;303
2025-05-24T20:51:46Z;284;;284
2025-05-24T20:51:50Z;315;;315
2025-05-24T20:51:51Z;277;;277
2025-05-24T20:51:53Z;302;;302
2025-05-24T20:51:54Z;288;;288
2025-05-24T20:51:55Z;308;;308
2025-05-24T20:51:56Z;231;;231
2025-05-24T20:52:01Z;309;;309
2025-05-24T20:52:02Z;236;;236
2025-05-24T20:52:04Z;305;;305
2025-05-24T20:52:06Z;236;;236
2025-05-24T20:52:07Z;309;;309
2025-05-24T20:52:09Z;231;;231
2025-05-24T20:52:12Z;304;;304
2025-05-24T20:52:24Z;230;;230
2025-05-24T20:52:28Z;302;;302
2025-05-24T20:52:30Z;229;;229
2025-05-24T20:53:04Z;301;;301
2025-05-24T20:53:05Z;299;;299
2025-05-24T20:53:08Z;302;;302
2025-05-24T20:53:14Z;298;;298
2025-05-24T20:53:16Z;300;;300
2025-05-24T20:53:19Z;231;;231
2025-05-24T20:53:22Z;311;;311
2025-05-24T20:53:30Z;299;;299
2025-05-24T20:53:32Z;302;;302
2025-05-24T20:53:33Z;297;;297
2025-05-24T20:53:35Z;307;;307
2025-05-24T20:53:49Z;298;;298
2025-05-24T20:53:51Z;306;;306
2025-05-24T20:54:13Z;231;;231
2025-05-24T20:54:17Z;306;;306
2025-05-24T20:54:27Z;237;;237
2025-05-24T20:54:30Z;311;;311
2025-05-24T20:54:35Z;287;;287
2025-05-24T20:54:39Z;314;;314
2025-05-24T20:54:40Z;281;;281
2025-05-24T20:54:42Z;310;;310
2025-05-24T20:54:46Z;281;;281
2025-05-24T20:54:56Z;312;;312
2025-05-24T20:55:13Z;295;;295
2025-05-24T20:55:14Z;306;;306
2025-05-24T20:55:18Z;297;;297
2025-05-24T20:55:19Z;308;;308
2025-05-24T20:55:22Z;299;;299
2025-05-24T20:55:24Z;304;;304
2025-05-24T20:55:26Z;299;;299
2025-05-24T20:55:27Z;301;;301
2025-05-24T20:55:45Z;298;;298
2025-05-24T20:55:47Z;302;;302
2025-05-24T20:55:48Z;299;;299
2025-05-24T20:55:51Z;301;;301
2025-05-24T20:55:52Z;299;;299
2025-05-24T20:55:55Z;301;;301
2025-05-24T20:56:03Z;299;;299
2025-05-24T20:56:04Z;306;;306
2025-05-24T20:56:06Z;299;;299
2025-05-24T20:56:07Z;303;;303
2025-05-24T20:56:10Z;297;;297
2025-05-24T20:56:12Z;302;;302
2025-05-24T20:56:27Z;299;;299
2025-05-24T20:56:29Z;302;;302
2025-05-24T20:56:30Z;297;;297
2025-05-24T20:56:36Z;298;;298
2025-05-24T20:56:37Z;303;;303
2025-05-24T20:56:38Z;298;;298
2025-05-24T20:56:43Z;319;;319
2025-05-24T20:56:47Z;298;;298
2025-05-24T20:56:49Z;303;;303
2025-05-24T20:56:50Z;298;;298
2025-05-24T20:56:53Z;305;;305
2025-05-24T20:56:56Z;299;;299
2025-05-24T20:56:57Z;292;;292
2025-05-24T20:57:00Z;300;;300
2025-05-24T20:57:02Z;300;;300
2025-05-24T20:57:03Z;275;;275
2025-05-24T21:00:05Z;;0;275
2025-05-24T21:00:07Z;141;;141
2025-05-24T21:15:05Z;;0;141
2025-05-24T21:30:05Z;;0;141
2025-05-24T21:30:07Z;142;;142
2025-05-24T21:45:05Z;;0;142
2025-05-24T21:45:07Z;171;;171
2025-05-24T22:00:05Z;;0;171
2025-05-24T22:00:07Z;162;;162
2025-05-24T22:15:05Z;;0;162
2025-05-24T22:30:05Z;;0;162
2025-05-24T22:30:09Z;42;;42
2025-05-24T22:45:05Z;;0;42
2025-05-24T22:45:07Z;48;;48
2025-05-24T23:00:05Z;;0;48
2025-05-24T23:15:05Z;;0;48
2025-05-24T23:15:07Z;45;;45
2025-05-24T23:21:28Z;876;;876
2025-05-24T23:21:30Z;211;;211
2025-05-24T23:30:05Z;;0;211
2025-05-24T23:30:07Z;162;;162
2025-05-24T23:45:05Z;;0;162