timestamp;P_ex;P_pr;P_load
2025-09-29T00:00:07Z;;0;160
2025-09-29T00:15:07Z;;0;160
2025-09-29T00:15:08Z;45;;45
2025-09-29T00:19:16Z;1017;;1017
2025-09-29T00:19:17Z;206;;206
2025-09-29T00:30:06Z;;0;206
2025-09-29T00:30:08Z;162;;162
2025-09-29T00:45:06Z;;0;162
2025-09-29T01:00:07Z;;0;162
2025-09-29T01:00:10Z;47;;47
2025-09-29T01:15:06Z;;0;47
2025-09-29T01:15:08Z;42;;42
2025-09-29T01:25:01Z;1482;;1482
2025-09-29T01:25:02Z;188;;188
2025-09-29T01:30:06Z;;0;188
2025-09-29T01:30:08Z;163;;163
2025-09-29T01:45:06Z;;0;163
2025-09-29T01:45:08Z;166;;166
2025-09-29T02:00:06Z;;0;166
2025-09-29T02:00:08Z;51;;51
2025-09-29T02:15:06Z;;0;51
2025-09-29T02:30:08Z;45;0;45
2025-09-29T02:31:37Z;728;;728
2025-09-29T02:31:38Z;176;;176
2025-09-29T02:45:06Z;;0;176
2025-09-29T02:45:08Z;170;;170
2025-09-29T03:00:06Z;;0;170
2025-09-29T03:00:08Z;43;;43
2025-09-29T03:15:06Z;;0;43
2025-09-29T03:15:08Z;42;;42
2025-09-29T03:30:06Z;;0;42
2025-09-29T03:30:08Z;42;;42
2025-09-29T03:45:06Z;;0;42
2025-09-29T03:45:08Z;168;;168
2025-09-29T04:00:06Z;;0;168
2025-09-29T04:00:08Z;163;;163
2025-09-29T04:15:06Z;;0;163
2025-09-29T04:30:06Z;;0;163
2025-09-29T04:30:08Z;46;;46
2025-09-29T04:45:06Z;;0;46
2025-09-29T04:45:08Z;43;;43
2025-09-29T04:49:33Z;875;;875
2025-09-29T04:49:34Z;178;;178
2025-09-29T05:00:06Z;;0;178
2025-09-29T05:06:07Z;;2;180
2025-09-29T05:06:10Z;;0;178
2025-09-29T05:07:59Z;;1;179
2025-09-29T05:08:12Z;;0;178
2025-09-29T05:08:14Z;;2;180
2025-09-29T05:11:24Z;;0;178
2025-09-29T05:11:26Z;;141;319
2025-09-29T05:11:48Z;;0;178
2025-09-29T05:11:50Z;;1;179
2025-09-29T05:11:52Z;;0;178
2025-09-29T05:11:54Z;;2;180
2025-09-29T05:15:06Z;;14;192
2025-09-29T05:15:08Z;22;;36
2025-09-29T05:22:19Z;0;;14
2025-09-29T05:22:21Z;1;;15
2025-09-29T05:22:22Z;0;;14
2025-09-29T05:22:23Z;7;;21
2025-09-29T05:22:24Z;0;;14
2025-09-29T05:22:27Z;1;;15
2025-09-29T05:22:29Z;0;;14
2025-09-29T05:22:32Z;3;;17
2025-09-29T05:22:34Z;0;;14
2025-09-29T05:22:38Z;4;;18
2025-09-29T05:22:39Z;0;;14
2025-09-29T05:22:43Z;3;;17
2025-09-29T05:22:48Z;3;;17
2025-09-29T05:22:52Z;1;;15
2025-09-29T05:22:53Z;1;;15
2025-09-29T05:22:59Z;1;;15
2025-09-29T05:23:02Z;0;;14
2025-09-29T05:23:07Z;2;;16
2025-09-29T05:23:12Z;2;;16
2025-09-29T05:23:17Z;5;;19
2025-09-29T05:23:19Z;3;;17
2025-09-29T05:23:23Z;4;;18
2025-09-29T05:23:24Z;-4;;10
2025-09-29T05:23:27Z;2;;16
2025-09-29T05:23:28Z;-3;;11
2025-09-29T05:23:34Z;-3;;11
2025-09-29T05:23:40Z;2;;16
2025-09-29T05:23:41Z;-6;;8
2025-09-29T05:23:43Z;-4;;10
2025-09-29T05:23:49Z;-5;;9
2025-09-29T05:23:54Z;-4;;10
2025-09-29T05:23:59Z;3;;17
2025-09-29T05:24:00Z;-6;;8
2025-09-29T05:24:04Z;-5;;9
2025-09-29T05:24:15Z;-7;;7
2025-09-29T05:30:06Z;;53;46
2025-09-29T05:30:10Z;-15;;38
2025-09-29T05:31:42Z;-422;;-369
2025-09-29T05:31:43Z;-15;;38
2025-09-29T05:41:55Z;;427;412
2025-09-29T05:41:56Z;4;;431
2025-09-29T05:41:57Z;;125;129
2025-09-29T05:42:59Z;;301;305
2025-09-29T05:43:10Z;-295;;6
2025-09-29T05:45:06Z;;426;131
2025-09-29T05:45:08Z;-385;;41
2025-09-29T05:52:04Z;;211;-174
2025-09-29T05:52:06Z;;498;113
2025-09-29T05:52:08Z;;246;-139
2025-09-29T05:52:10Z;;518;133
2025-09-29T05:57:34Z;-130;;388
2025-09-29T05:57:35Z;-418;197;100
2025-09-29T05:57:37Z;;444;26
2025-09-29T05:58:39Z;1754;;2198
2025-09-29T06:00:06Z;;315;2069
2025-09-29T06:00:08Z;-162;;153
2025-09-29T06:00:10Z;;298;136
2025-09-29T06:00:30Z;;306;144
2025-09-29T06:01:50Z;;602;440
2025-09-29T06:01:58Z;;598;436
2025-09-29T06:02:00Z;;605;443
2025-09-29T06:02:06Z;;594;432
2025-09-29T06:02:08Z;;600;438
2025-09-29T06:02:10Z;33;589;633
2025-09-29T06:02:12Z;;644;677
2025-09-29T06:02:13Z;-430;;214
2025-09-29T06:02:16Z;;596;166
2025-09-29T06:02:20Z;;601;171
2025-09-29T06:05:10Z;;592;162
2025-09-29T06:05:55Z;-300;;292
2025-09-29T06:06:56Z;;297;-3
2025-09-29T06:11:45Z;20;;317
2025-09-29T06:15:06Z;;228;248
2025-09-29T06:21:32Z;;306;326
2025-09-29T06:21:34Z;-279;;27
2025-09-29T06:21:50Z;-583;618;339
2025-09-29T06:22:19Z;;900;317
2025-09-29T06:22:21Z;;897;314
2025-09-29T06:22:23Z;;900;317
2025-09-29T06:22:26Z;;897;314
2025-09-29T06:22:28Z;;905;322
2025-09-29T06:22:30Z;;897;314
2025-09-29T06:22:36Z;;906;323
2025-09-29T06:22:38Z;;899;316
2025-09-29T06:22:40Z;;900;317
2025-09-29T06:22:48Z;;894;311
2025-09-29T06:22:50Z;-858;903;320
2025-09-29T06:22:52Z;-400;893;35
2025-09-29T06:22:55Z;;904;504
2025-09-29T06:23:07Z;;897;497
2025-09-29T06:24:30Z;;903;503
2025-09-29T06:25:29Z;-897;;6
2025-09-29T06:25:30Z;-901;;2
2025-09-29T06:25:38Z;-894;;9
2025-09-29T06:25:40Z;-906;;-3
2025-09-29T06:25:46Z;-893;;10
2025-09-29T06:25:53Z;-902;;1
2025-09-29T06:25:54Z;-891;;12
2025-09-29T06:25:56Z;-901;;2
2025-09-29T06:25:58Z;-897;;6
2025-09-29T06:26:03Z;-902;;1
2025-09-29T06:26:04Z;-893;;10
2025-09-29T06:26:06Z;-896;;7
2025-09-29T06:26:08Z;-897;;6
2025-09-29T06:26:16Z;-891;;12
2025-09-29T06:26:18Z;-899;;4
2025-09-29T06:26:22Z;-901;;2
2025-09-29T06:26:27Z;-898;;5
2025-09-29T06:26:30Z;-902;;1
2025-09-29T06:26:36Z;-899;;4
2025-09-29T06:26:37Z;-599;;304
2025-09-29T06:26:45Z;-901;;2
2025-09-29T06:26:49Z;-890;;13
2025-09-29T06:26:50Z;-902;;1
2025-09-29T06:26:52Z;-898;;5
2025-09-29T06:26:53Z;-901;;2
2025-09-29T06:26:54Z;-893;;10
2025-09-29T06:26:56Z;-903;;0
2025-09-29T06:26:58Z;-899;;4
2025-09-29T06:27:02Z;-905;;-2
2025-09-29T06:27:05Z;-897;;6
2025-09-29T06:27:12Z;-906;;-3
2025-09-29T06:27:14Z;-897;;6
2025-09-29T06:27:23Z;-893;;10
2025-09-29T06:27:25Z;-908;;-5
2025-09-29T06:27:32Z;-895;;8
2025-09-29T06:27:41Z;-898;;5
2025-09-29T06:27:43Z;-904;;-1
2025-09-29T06:28:17Z;;481;-423
2025-09-29T06:28:19Z;;975;71
2025-09-29T06:28:58Z;;300;-604
2025-09-29T06:29:00Z;;977;73
2025-09-29T06:30:06Z;;975;71
2025-09-29T06:30:07Z;-937;;38
2025-09-29T06:41:27Z;-1071;;-96
2025-09-29T06:41:29Z;-743;;232
2025-09-29T06:42:25Z;-1100;;-125
2025-09-29T06:42:26Z;-1091;;-116
2025-09-29T06:42:27Z;;698;-393
2025-09-29T06:42:29Z;;1151;60
2025-09-29T06:43:03Z;;816;-275
2025-09-29T06:43:05Z;;1144;53
2025-09-29T06:43:06Z;;1358;267
2025-09-29T06:43:08Z;;1146;55
2025-09-29T06:45:06Z;;1186;95
2025-09-29T06:45:07Z;-1139;;47
2025-09-29T06:46:21Z;;1200;61
2025-09-29T06:46:23Z;;1195;56
2025-09-29T06:46:31Z;;1201;62
2025-09-29T06:46:33Z;;1195;56
2025-09-29T06:46:35Z;;1202;63
2025-09-29T06:46:37Z;;1197;58
2025-09-29T06:46:45Z;;1204;65
2025-09-29T06:46:47Z;;1198;59
2025-09-29T06:46:54Z;;1200;61
2025-09-29T06:46:59Z;;1191;52
2025-09-29T06:47:05Z;;1202;63
2025-09-29T06:47:07Z;;1197;58
2025-09-29T06:47:09Z;;1202;63
2025-09-29T06:47:10Z;;1193;54
2025-09-29T06:47:12Z;;1201;62
2025-09-29T06:47:19Z;;1196;57
2025-09-29T06:47:21Z;;1204;65
2025-09-29T06:47:29Z;;1199;60
2025-09-29T06:47:31Z;;1209;70
2025-09-29T06:50:45Z;-1201;;8
2025-09-29T06:50:47Z;-1190;;19
2025-09-29T06:50:50Z;-1200;;9
2025-09-29T06:50:55Z;-1196;;13
2025-09-29T06:51:02Z;-1200;;9
2025-09-29T06:51:03Z;-1197;;12
2025-09-29T06:51:12Z;-1203;;6
2025-09-29T06:51:14Z;-1199;;10
2025-09-29T06:51:18Z;-1200;;9
2025-09-29T06:51:25Z;-1204;;5
2025-09-29T06:51:28Z;-1186;;23
2025-09-29T06:51:50Z;-1205;;4
2025-09-29T06:51:51Z;-1212;;-3
2025-09-29T06:51:59Z;-1198;;11
2025-09-29T06:52:12Z;-1197;;12
2025-09-29T06:53:08Z;-1214;;-5
2025-09-29T06:53:09Z;;1187;-27
2025-09-29T06:53:11Z;;1456;242
2025-09-29T06:53:15Z;-1109;;347
2025-09-29T06:56:31Z;-1122;;334
2025-09-29T06:56:34Z;-1136;;320
2025-09-29T06:56:38Z;-1261;;195
2025-09-29T06:56:39Z;-824;;632
2025-09-29T06:58:52Z;-663;;793
2025-09-29T06:58:58Z;;906;243
2025-09-29T06:59:00Z;;1345;682
2025-09-29T07:00:06Z;;1350;687
2025-09-29T07:00:08Z;-1292;;58
2025-09-29T07:03:30Z;;1026;-266
2025-09-29T07:03:32Z;;1508;216
2025-09-29T07:03:34Z;;1383;91
2025-09-29T07:06:08Z;368;;1751
2025-09-29T07:07:48Z;402;;1785
2025-09-29T07:08:54Z;-1310;;73
2025-09-29T07:08:56Z;-1224;;159
2025-09-29T07:08:59Z;-1185;;198
2025-09-29T07:09:17Z;-1221;;162
2025-09-29T07:09:18Z;-1183;;200
2025-09-29T07:09:22Z;-1240;;143
2025-09-29T07:09:27Z;-1177;;206
2025-09-29T07:09:38Z;-1213;;170
2025-09-29T07:09:42Z;-1198;;185
2025-09-29T07:09:49Z;-1234;;149
2025-09-29T07:09:55Z;-1188;;195
2025-09-29T07:09:58Z;-1209;;174
2025-09-29T07:09:59Z;-1186;;197
2025-09-29T07:10:03Z;-1207;;176
2025-09-29T07:10:04Z;-1193;;190
2025-09-29T07:10:06Z;-1200;;183
2025-09-29T07:10:10Z;-1192;;191
2025-09-29T07:10:14Z;-1195;;188
2025-09-29T07:10:20Z;-1248;;135
2025-09-29T07:10:22Z;-1184;;199
2025-09-29T07:10:23Z;-1207;;176
2025-09-29T07:10:25Z;-1199;;184
2025-09-29T07:10:28Z;-1214;;169
2025-09-29T07:10:32Z;-1196;;187
2025-09-29T07:10:39Z;-1201;;182
2025-09-29T07:10:42Z;-1185;;198
2025-09-29T07:10:49Z;-1206;;177
2025-09-29T07:10:52Z;-1193;;190
2025-09-29T07:11:10Z;-1205;;178
2025-09-29T07:11:12Z;-1249;;134
2025-09-29T07:11:32Z;-1222;;161
2025-09-29T07:11:33Z;-1199;;184
2025-09-29T07:11:47Z;-1210;;173
2025-09-29T07:11:49Z;-1188;;195
2025-09-29T07:12:18Z;-1205;;178
2025-09-29T07:12:44Z;-1276;;107
2025-09-29T07:12:47Z;-1211;;172
2025-09-29T07:13:46Z;;777;-434
2025-09-29T07:13:47Z;-1152;;-375
2025-09-29T07:13:48Z;;1590;438
2025-09-29T07:13:50Z;;1492;340
2025-09-29T07:13:51Z;-1281;;211
2025-09-29T07:13:55Z;-1197;;295
2025-09-29T07:13:56Z;-1224;;268
2025-09-29T07:14:08Z;-1181;;311
2025-09-29T07:14:30Z;;1500;319
2025-09-29T07:14:32Z;;1493;312
2025-09-29T07:14:40Z;;1500;319
2025-09-29T07:14:42Z;;1496;315
2025-09-29T07:14:44Z;;1500;319
2025-09-29T07:14:46Z;;1497;316
2025-09-29T07:14:54Z;;1505;324
2025-09-29T07:14:56Z;;1499;318
2025-09-29T07:14:58Z;;1506;325
2025-09-29T07:15:04Z;;1492;311
2025-09-29T07:15:06Z;;1502;321
2025-09-29T07:15:09Z;;1509;328
2025-09-29T07:15:18Z;;1498;317
2025-09-29T07:15:20Z;;1506;325
2025-09-29T07:23:58Z;;568;-613
2025-09-29T07:24:00Z;;1681;500
2025-09-29T07:24:25Z;-1345;;336
2025-09-29T07:24:28Z;276;;1957
2025-09-29T07:25:08Z;316;;1997
2025-09-29T07:25:11Z;297;;1978
2025-09-29T07:25:17Z;307;;1988
2025-09-29T07:25:18Z;293;;1974
2025-09-29T07:25:24Z;232;;1913
2025-09-29T07:25:25Z;-863;;818
2025-09-29T07:26:38Z;-900;;781
2025-09-29T07:26:39Z;-1366;;315
2025-09-29T07:26:55Z;274;;1955
2025-09-29T07:26:57Z;333;;2014
2025-09-29T07:26:58Z;263;;1944
2025-09-29T07:27:03Z;314;;1995
2025-09-29T07:27:12Z;;1076;1390
2025-09-29T07:27:13Z;298;;1374
2025-09-29T07:27:14Z;;1621;1919
2025-09-29T07:27:16Z;301;;1922
2025-09-29T07:27:18Z;255;;1876
2025-09-29T07:27:20Z;308;;1929
2025-09-29T07:27:25Z;252;;1873
2025-09-29T07:27:29Z;304;;1925
2025-09-29T07:27:31Z;297;;1918
2025-09-29T07:27:33Z;300;;1921
2025-09-29T07:27:36Z;295;;1916
2025-09-29T07:27:37Z;300;;1921
2025-09-29T07:27:43Z;255;;1876
2025-09-29T07:27:47Z;-1371;;250
2025-09-29T07:28:05Z;-1142;;479
2025-09-29T07:28:06Z;-1377;;244
2025-09-29T07:29:39Z;-1375;;246
2025-09-29T07:29:40Z;-709;;912
2025-09-29T07:29:55Z;266;;1887
2025-09-29T07:29:58Z;310;;1931
2025-09-29T07:30:05Z;222;;1843
2025-09-29T07:30:08Z;306;;1927
2025-09-29T07:30:50Z;303;;1924
2025-09-29T07:30:53Z;281;;1902
2025-09-29T07:30:54Z;300;;1921
2025-09-29T07:30:55Z;214;;1835
2025-09-29T07:31:00Z;308;;1929
2025-09-29T07:31:02Z;295;;1916
2025-09-29T07:34:04Z;;887;1182
2025-09-29T07:34:05Z;351;;1238
2025-09-29T07:34:06Z;;1777;2128
2025-09-29T07:34:09Z;254;;2031
2025-09-29T07:36:15Z;241;;2018
2025-09-29T07:36:51Z;-1447;;330
2025-09-29T07:36:56Z;-1490;;287
2025-09-29T07:36:57Z;-1502;;275
2025-09-29T07:37:09Z;-1437;;340
2025-09-29T07:37:11Z;-1500;;277
2025-09-29T07:37:13Z;-1507;;270
2025-09-29T07:37:14Z;-1508;;269
2025-09-29T07:37:43Z;-1497;;280
2025-09-29T07:37:46Z;-1451;;326
2025-09-29T07:37:57Z;-1499;;278
2025-09-29T07:37:58Z;-1504;;273
2025-09-29T07:37:59Z;-1498;;279
2025-09-29T07:40:47Z;93;;1870
2025-09-29T07:41:28Z;71;;1848
2025-09-29T07:41:35Z;47;;1824
2025-09-29T07:41:45Z;0;;1777
2025-09-29T07:42:16Z;48;;1825
2025-09-29T07:42:33Z;45;;1822
2025-09-29T07:42:39Z;42;;1819
2025-09-29T07:42:49Z;39;;1816
2025-09-29T07:42:56Z;39;;1816
2025-09-29T07:43:06Z;-9;;1768
2025-09-29T07:43:13Z;50;;1827
2025-09-29T07:43:22Z;0;;1777
2025-09-29T07:43:23Z;-25;;1752
2025-09-29T07:43:28Z;161;;1938
2025-09-29T07:43:38Z;-30;;1747
2025-09-29T07:43:45Z;36;;1813
2025-09-29T07:43:47Z;1;;1778
2025-09-29T07:43:52Z;5;;1782
2025-09-29T07:43:54Z;5;;1782
2025-09-29T07:44:07Z;6;;1783
2025-09-29T07:44:09Z;15;;1792
2025-09-29T07:44:10Z;41;;1818
2025-09-29T07:44:11Z;;1871;1912
2025-09-29T07:44:13Z;;1764;1805
2025-09-29T07:44:17Z;68;;1832
2025-09-29T07:44:24Z;19;;1783
2025-09-29T07:44:48Z;64;;1828
2025-09-29T07:44:59Z;39;;1803
2025-09-29T07:45:03Z;16;;1780
2025-09-29T07:45:06Z;;1792;1808
2025-09-29T07:45:08Z;16;;1808
2025-09-29T07:45:26Z;;1800;1816
2025-09-29T07:45:28Z;;1794;1810
2025-09-29T07:45:39Z;5;;1799
2025-09-29T07:45:40Z;2;;1796
2025-09-29T07:45:45Z;;1800;1802
2025-09-29T07:45:47Z;;1795;1797
2025-09-29T07:45:48Z;32;;1827
2025-09-29T07:45:55Z;;1802;1834
2025-09-29T07:45:56Z;10;;1812
2025-09-29T07:45:57Z;;1795;1805
2025-09-29T07:46:04Z;0;;1795
2025-09-29T07:46:05Z;;1804;1804
2025-09-29T07:46:07Z;;1797;1797
2025-09-29T07:46:12Z;11;;1808
2025-09-29T07:46:15Z;;1805;1816
2025-09-29T07:46:17Z;;1798;1809
2025-09-29T07:46:20Z;25;;1823
2025-09-29T07:46:25Z;;1806;1831
2025-09-29T07:46:29Z;;1787;1812
2025-09-29T07:46:31Z;;1800;1825
2025-09-29T07:46:34Z;1;;1801
2025-09-29T07:46:37Z;;1798;1799
2025-09-29T07:46:39Z;;1800;1801
2025-09-29T07:46:40Z;;1788;1789
2025-09-29T07:46:42Z;;1806;1807
2025-09-29T07:46:49Z;;1787;1788
2025-09-29T07:46:52Z;;1800;1801
2025-09-29T07:46:53Z;-30;;1770
2025-09-29T07:46:54Z;;1792;1762
2025-09-29T07:46:56Z;;1807;1777
2025-09-29T07:46:59Z;;1790;1760
2025-09-29T07:47:01Z;;1802;1772
2025-09-29T07:47:09Z;;1795;1765
2025-09-29T07:47:11Z;;1807;1777
2025-09-29T07:47:19Z;;1797;1767
2025-09-29T07:47:21Z;;1811;1781
2025-09-29T07:47:30Z;;1798;1768
2025-09-29T07:47:31Z;;1812;1782
2025-09-29T07:47:50Z;;1787;1757
2025-09-29T07:47:52Z;;1814;1784
2025-09-29T07:50:46Z;;1784;1754
2025-09-29T07:50:48Z;;1826;1796
2025-09-29T07:52:08Z;-1772;;54
2025-09-29T07:52:22Z;;1780;8
2025-09-29T07:52:24Z;;1838;66
2025-09-29T07:53:15Z;12;;1850
2025-09-29T07:53:16Z;0;;1838
2025-09-29T07:54:21Z;50;1760;1888
2025-09-29T07:54:23Z;;1854;1904
2025-09-29T07:55:58Z;2;;1856
2025-09-29T08:00:06Z;;1894;1896
2025-09-29T08:00:08Z;-99;;1795
2025-09-29T08:06:49Z;-1783;;111
2025-09-29T08:06:56Z;-1766;;128
2025-09-29T08:07:04Z;-157;;1737
2025-09-29T08:10:07Z;-1780;;114
2025-09-29T08:10:11Z;-1795;;99
2025-09-29T08:10:27Z;-1792;;102
2025-09-29T08:10:33Z;-1870;;24
2025-09-29T08:10:40Z;-1791;;103
2025-09-29T08:10:42Z;-1802;;92
2025-09-29T08:10:45Z;-1797;;97
2025-09-29T08:10:47Z;-1812;;82
2025-09-29T08:10:56Z;-1791;;103
2025-09-29T08:10:57Z;-1808;;86
2025-09-29T08:11:01Z;-1792;;102
2025-09-29T08:11:03Z;-1802;;92
2025-09-29T08:11:05Z;-1791;;103
2025-09-29T08:11:06Z;-1855;;39
2025-09-29T08:11:12Z;-1795;;99
2025-09-29T08:11:16Z;-1796;;98
2025-09-29T08:11:20Z;-1797;;97
2025-09-29T08:11:22Z;-1852;;42
2025-09-29T08:11:30Z;-1811;;83
2025-09-29T08:11:32Z;-1801;;93
2025-09-29T08:11:44Z;-1868;;26
2025-09-29T08:11:45Z;-1795;;99
2025-09-29T08:12:21Z;-1792;;102
2025-09-29T08:12:23Z;-1809;;85
2025-09-29T08:12:40Z;-1809;;85
2025-09-29T08:12:41Z;-1796;;98
2025-09-29T08:12:57Z;-1808;;86
2025-09-29T08:15:06Z;;1989;181
2025-09-29T08:18:02Z;-1794;;195
2025-09-29T08:18:03Z;-1850;;139
2025-09-29T08:27:48Z;-500;;1489
2025-09-29T08:27:49Z;-1840;;149
2025-09-29T08:30:06Z;;2088;248
2025-09-29T08:30:08Z;-1879;;209
2025-09-29T08:30:13Z;;2100;221
2025-09-29T08:30:15Z;;2093;214
2025-09-29T08:30:23Z;;2100;221
2025-09-29T08:30:25Z;;2093;214
2025-09-29T08:30:34Z;;2103;224
2025-09-29T08:30:36Z;;2096;217
2025-09-29T08:30:43Z;;2103;224
2025-09-29T08:30:45Z;;2095;216
2025-09-29T08:30:52Z;;2100;221
2025-09-29T08:30:57Z;;2088;209
2025-09-29T08:30:59Z;;2101;222
2025-09-29T08:31:07Z;;2086;207
2025-09-29T08:31:09Z;;2100;221
2025-09-29T08:31:16Z;;2096;217
2025-09-29T08:31:23Z;;2106;227
2025-09-29T08:31:25Z;;2097;218
2025-09-29T08:31:33Z;;2104;225
2025-09-29T08:31:35Z;;2098;219
2025-09-29T08:31:43Z;;2103;224
2025-09-29T08:31:45Z;;2094;215
2025-09-29T08:31:47Z;;2105;226
2025-09-29T08:31:49Z;;2097;218
2025-09-29T08:31:57Z;;2104;225
2025-09-29T08:31:59Z;;2096;217
2025-09-29T08:32:07Z;;2103;224
2025-09-29T08:32:09Z;;2095;216
2025-09-29T08:32:17Z;;2105;226
2025-09-29T08:32:19Z;;2068;189
2025-09-29T08:32:24Z;;2102;223
2025-09-29T08:32:27Z;;2094;215
2025-09-29T08:32:33Z;;2104;225
2025-09-29T08:32:35Z;;2096;217
2025-09-29T08:32:43Z;;2105;226
2025-09-29T08:32:45Z;;2096;217
2025-09-29T08:32:54Z;;2107;228
2025-09-29T08:32:55Z;;2099;220
2025-09-29T08:32:57Z;;2100;221
2025-09-29T08:32:59Z;;2087;208
2025-09-29T08:33:01Z;;2102;223
2025-09-29T08:33:07Z;;2086;207
2025-09-29T08:33:09Z;;2103;224
2025-09-29T08:33:17Z;;2092;213
2025-09-29T08:33:19Z;;2106;227
2025-09-29T08:33:22Z;;2055;176
2025-09-29T08:33:24Z;;2113;234
2025-09-29T08:33:31Z;;2088;209
2025-09-29T08:33:33Z;;2104;225
2025-09-29T08:33:41Z;;2093;214
2025-09-29T08:33:43Z;;2108;229
2025-09-29T08:33:52Z;;2096;217
2025-09-29T08:33:53Z;;2109;230
2025-09-29T08:34:01Z;;2093;214
2025-09-29T08:34:03Z;;2107;228
2025-09-29T08:34:11Z;;2096;217
2025-09-29T08:34:13Z;;2109;230
2025-09-29T08:34:21Z;;2096;217
2025-09-29T08:34:23Z;;2109;230
2025-09-29T08:34:31Z;;2093;214
2025-09-29T08:34:33Z;;2107;228
2025-09-29T08:34:41Z;;2093;214
2025-09-29T08:34:43Z;;2105;226
2025-09-29T08:34:49Z;;2078;199
2025-09-29T08:34:51Z;;2112;233
2025-09-29T08:34:59Z;-1791;2092;321
2025-09-29T08:35:01Z;;2109;318
2025-09-29T08:35:03Z;-1811;;298
2025-09-29T08:35:07Z;;2097;286
2025-09-29T08:35:09Z;;2112;301
2025-09-29T08:35:35Z;-1847;;265
2025-09-29T08:35:37Z;-1762;;350
2025-09-29T08:36:15Z;;2043;281
2025-09-29T08:36:17Z;;2122;360
2025-09-29T08:36:26Z;-1779;2085;323
2025-09-29T08:36:28Z;-1833;2121;252
2025-09-29T08:36:36Z;;2079;246
2025-09-29T08:36:38Z;;2129;296
2025-09-29T08:37:02Z;-1715;;414
2025-09-29T08:37:05Z;-1891;;238
2025-09-29T08:37:33Z;-1839;;290
2025-09-29T08:38:15Z;-1858;;271
2025-09-29T08:38:17Z;-1654;;475
2025-09-29T08:38:19Z;-1807;;322
2025-09-29T08:38:23Z;-1890;;239
2025-09-29T08:38:40Z;;2098;208
2025-09-29T08:38:42Z;;2131;241
2025-09-29T08:39:03Z;-1869;;262
2025-09-29T08:39:07Z;-1789;;342
2025-09-29T08:39:12Z;-1777;;354
2025-09-29T08:39:46Z;-1802;;329
2025-09-29T08:39:48Z;-1793;;338
2025-09-29T08:40:59Z;-1763;;368
2025-09-29T08:42:05Z;-1867;;264
2025-09-29T08:42:20Z;-1826;;305
2025-09-29T08:42:29Z;-1765;;366
2025-09-29T08:42:36Z;-1816;;315
2025-09-29T08:43:12Z;-1872;;259
2025-09-29T08:43:15Z;-1709;;422
2025-09-29T08:43:23Z;-1787;;344
2025-09-29T08:43:33Z;-1821;;310
2025-09-29T08:43:38Z;-1745;;386
2025-09-29T08:43:44Z;-1853;;278
2025-09-29T08:43:54Z;-1793;;338
2025-09-29T08:43:56Z;-1856;;275
2025-09-29T08:44:24Z;-1713;;418
2025-09-29T08:44:30Z;-1726;;405
2025-09-29T08:44:35Z;-1799;;332
2025-09-29T08:44:45Z;-1801;;330
2025-09-29T08:44:50Z;-1811;;320
2025-09-29T08:44:59Z;-1814;;317
2025-09-29T08:45:04Z;-1816;;315
2025-09-29T08:45:06Z;;2178;362
2025-09-29T08:45:08Z;-1816;;362
2025-09-29T08:45:14Z;-1868;;310
2025-09-29T08:45:20Z;-1764;;414
2025-09-29T08:45:28Z;-1819;;359
2025-09-29T08:45:34Z;-1784;;394
2025-09-29T08:45:35Z;-1881;;297
2025-09-29T08:46:22Z;-1728;;450
2025-09-29T08:46:26Z;-1845;;333
2025-09-29T08:46:50Z;-1732;;446
2025-09-29T08:46:54Z;-1816;;362
2025-09-29T08:47:05Z;-1793;;385
2025-09-29T08:47:06Z;-1938;;240
2025-09-29T08:50:03Z;-1762;;416
2025-09-29T08:50:06Z;-1905;;273
2025-09-29T08:55:31Z;-1714;;464
2025-09-29T08:55:41Z;-1720;;458
2025-09-29T08:58:02Z;-2022;;156
2025-09-29T08:58:08Z;-2051;;127
2025-09-29T08:58:18Z;-2104;;74
2025-09-29T08:58:19Z;-2090;;88
2025-09-29T08:58:22Z;-2102;;76
2025-09-29T08:58:23Z;-2054;;124
2025-09-29T08:58:35Z;-2100;;78
2025-09-29T08:58:37Z;-2054;;124
2025-09-29T08:58:46Z;-2102;;76
2025-09-29T08:58:47Z;-2097;;81
2025-09-29T08:59:01Z;-2111;;67
2025-09-29T08:59:05Z;-2118;;60
2025-09-29T08:59:14Z;-2021;;157
2025-09-29T08:59:19Z;-2093;;85
2025-09-29T08:59:30Z;-2088;;90
2025-09-29T08:59:44Z;-2099;;79
2025-09-29T08:59:49Z;-2051;;127
2025-09-29T08:59:58Z;-2103;;75
2025-09-29T08:59:59Z;-2093;;85
2025-09-29T09:00:06Z;;2201;108
2025-09-29T09:00:09Z;-2090;;111
2025-09-29T09:01:10Z;-2123;;78
2025-09-29T09:01:15Z;-2113;;88
2025-09-29T09:01:25Z;-2111;;90
2025-09-29T09:01:27Z;-2092;;109
2025-09-29T09:01:28Z;-2087;;114
2025-09-29T09:01:30Z;-2066;;135
2025-09-29T09:01:39Z;-2112;;89
2025-09-29T09:01:44Z;-2086;;115
2025-09-29T09:01:54Z;-2121;;80
2025-09-29T09:01:59Z;-2078;;123
2025-09-29T09:02:18Z;-2098;;103
2025-09-29T09:02:26Z;-2098;;103
2025-09-29T09:02:30Z;-2099;;102
2025-09-29T09:02:36Z;-2093;;108
2025-09-29T09:02:38Z;-2103;;98
2025-09-29T09:03:38Z;-2114;;87
2025-09-29T09:03:40Z;-2072;;129
2025-09-29T09:03:55Z;-1992;;209
2025-09-29T09:04:33Z;-2101;;100
2025-09-29T09:04:35Z;-2087;;114
2025-09-29T09:04:38Z;-2080;;121
2025-09-29T09:04:40Z;-2094;;107
2025-09-29T09:04:43Z;-2103;;98
2025-09-29T09:04:45Z;-2095;;106
2025-09-29T09:04:55Z;-2097;;104
2025-09-29T09:05:15Z;-2141;;60
2025-09-29T09:05:27Z;-2076;;125
2025-09-29T09:07:15Z;-2058;;143
2025-09-29T09:09:14Z;-2099;;102
2025-09-29T09:09:15Z;-2116;;85
2025-09-29T09:09:33Z;-2100;;101
2025-09-29T09:09:35Z;-2111;;90
2025-09-29T09:09:38Z;-2111;;90
2025-09-29T09:09:40Z;-2103;;98
2025-09-29T09:09:41Z;-2097;;104
2025-09-29T09:09:43Z;-2109;;92
2025-09-29T09:09:47Z;-2099;;102
2025-09-29T09:09:48Z;-2108;;93
2025-09-29T09:09:50Z;-2121;;80
2025-09-29T09:09:52Z;-2108;;93
2025-09-29T09:09:53Z;-2091;;110
2025-09-29T09:09:57Z;-2107;;94
2025-09-29T09:10:00Z;-2138;;63
2025-09-29T09:10:05Z;-2107;;94
2025-09-29T09:10:09Z;-2005;;196
2025-09-29T09:11:32Z;-1856;;345
2025-09-29T09:11:33Z;;2074;218
2025-09-29T09:11:36Z;-1528;;546
2025-09-29T09:11:38Z;;1779;251
2025-09-29T09:11:43Z;-1260;;519
2025-09-29T09:11:44Z;;1435;175
2025-09-29T09:11:46Z;-930;;505
2025-09-29T09:11:47Z;;1162;232
2025-09-29T09:11:48Z;-883;;279
2025-09-29T09:11:49Z;;1205;322
2025-09-29T09:11:50Z;-1073;;132
2025-09-29T09:11:51Z;;1559;486
2025-09-29T09:11:53Z;-1484;1834;75
2025-09-29T09:11:55Z;-1731;;103
2025-09-29T09:11:56Z;;2157;426
2025-09-29T09:14:34Z;-1812;;345
2025-09-29T09:14:37Z;-1806;;351
2025-09-29T09:14:39Z;-1800;;357
2025-09-29T09:15:06Z;;2276;476
2025-09-29T09:15:09Z;-1742;;534
2025-09-29T09:17:20Z;;2082;340
2025-09-29T09:17:26Z;-1508;;574
2025-09-29T09:17:28Z;-1496;;586
2025-09-29T09:17:29Z;-1446;;636
2025-09-29T09:17:30Z;-1217;;865
2025-09-29T09:17:31Z;;1731;514
2025-09-29T09:17:35Z;;1393;176
2025-09-29T09:17:36Z;-744;;649
2025-09-29T09:17:37Z;-646;;747
2025-09-29T09:17:38Z;;1153;507
2025-09-29T09:17:40Z;;875;229
2025-09-29T09:17:42Z;-397;;478
2025-09-29T09:17:47Z;;585;188
2025-09-29T09:17:49Z;39;;624
2025-09-29T09:17:51Z;86;;671
2025-09-29T09:18:02Z;-300;;285
2025-09-29T09:18:04Z;-293;;292
2025-09-29T09:18:30Z;-522;605;63
2025-09-29T09:18:32Z;-857;968;-252
2025-09-29T09:18:34Z;-1366;1234;377
2025-09-29T09:18:36Z;;1578;212
2025-09-29T09:18:38Z;-1225;1396;353
2025-09-29T09:18:40Z;-1183;;213
2025-09-29T09:18:44Z;;1595;412
2025-09-29T09:18:45Z;-1635;;-40
2025-09-29T09:18:46Z;;1912;277
2025-09-29T09:18:47Z;-1957;;-45
2025-09-29T09:18:48Z;;2184;227
2025-09-29T09:18:49Z;-2188;;-4
2025-09-29T09:18:52Z;;2405;217
2025-09-29T09:18:54Z;;2376;188
2025-09-29T09:18:56Z;;2405;217
2025-09-29T09:18:58Z;;2392;204
2025-09-29T09:19:00Z;;2411;223
2025-09-29T09:19:05Z;;2391;203
2025-09-29T09:19:07Z;;2402;214
2025-09-29T09:19:12Z;;2398;210
2025-09-29T09:19:19Z;;2401;213
2025-09-29T09:19:21Z;;2392;204
2025-09-29T09:19:39Z;;2403;215
2025-09-29T09:19:41Z;;2397;209
2025-09-29T09:19:49Z;;2405;217
2025-09-29T09:19:51Z;;2396;208
2025-09-29T09:20:00Z;;2401;213
2025-09-29T09:20:02Z;;2390;202
2025-09-29T09:20:04Z;;2402;214
2025-09-29T09:20:05Z;;2399;211
2025-09-29T09:22:00Z;-2118;;281
2025-09-29T09:22:02Z;-2112;;287
2025-09-29T09:22:17Z;-2219;;180
2025-09-29T09:22:19Z;-461;;1938
2025-09-29T09:22:20Z;-297;;2102
2025-09-29T09:22:21Z;;2060;1763
2025-09-29T09:22:22Z;-277;;1783
2025-09-29T09:22:24Z;-437;2133;1623
2025-09-29T09:24:33Z;-782;;1351
2025-09-29T09:24:34Z;-565;;1568
2025-09-29T09:28:57Z;-1874;;259
2025-09-29T09:28:58Z;-2152;;-19
2025-09-29T09:29:06Z;-2066;;67
2025-09-29T09:29:07Z;-751;;1382
2025-09-29T09:29:29Z;-2143;;-10
2025-09-29T09:29:48Z;-719;;1414
2025-09-29T09:30:05Z;-2174;;-41
2025-09-29T09:30:06Z;;2336;162
2025-09-29T09:30:08Z;-797;;1539
2025-09-29T09:30:13Z;-2211;;125
2025-09-29T09:30:15Z;-2130;;206
2025-09-29T09:30:29Z;-724;;1612
2025-09-29T09:30:45Z;-2191;;145
2025-09-29T09:31:10Z;-770;;1566
2025-09-29T09:31:29Z;-2208;;128
2025-09-29T09:31:51Z;-750;;1586
2025-09-29T09:32:15Z;-2153;;183
2025-09-29T09:32:31Z;-2113;;223
2025-09-29T09:32:59Z;-796;;1540
2025-09-29T09:33:13Z;-759;;1577
2025-09-29T09:33:45Z;-2180;;156
2025-09-29T09:33:54Z;-765;;1571
2025-09-29T09:34:26Z;-824;;1512
2025-09-29T09:34:33Z;-2235;;101
2025-09-29T09:35:06Z;-794;;1542
2025-09-29T09:35:14Z;-2225;;111
2025-09-29T09:35:29Z;;2401;176
2025-09-29T09:35:31Z;;2389;164
2025-09-29T09:35:33Z;;2403;178
2025-09-29T09:35:35Z;;2393;168
2025-09-29T09:35:37Z;;2406;181
2025-09-29T09:35:39Z;;2391;166
2025-09-29T09:35:41Z;;2406;181
2025-09-29T09:35:45Z;-866;;1540
2025-09-29T09:35:47Z;;2399;1533
2025-09-29T09:35:52Z;;2400;1534
2025-09-29T09:35:55Z;;2399;1533
2025-09-29T09:35:57Z;-813;;1586
2025-09-29T09:35:59Z;;2412;1599
2025-09-29T09:36:03Z;;2399;1586
2025-09-29T09:36:05Z;;2401;1588
2025-09-29T09:36:21Z;-1142;;1259
2025-09-29T09:36:22Z;-2235;;166
2025-09-29T09:36:37Z;-814;;1587
2025-09-29T09:36:59Z;-2251;;150
2025-09-29T09:37:18Z;-1570;;831
2025-09-29T09:37:37Z;-840;;1561
2025-09-29T09:38:19Z;-2029;;372
2025-09-29T09:38:21Z;-2135;;266
2025-09-29T09:38:29Z;-2141;;260
2025-09-29T09:38:30Z;-2125;;276
2025-09-29T09:38:45Z;-2098;;303
2025-09-29T09:38:46Z;-2107;;294
2025-09-29T09:38:58Z;-2099;;302
2025-09-29T09:39:00Z;-2102;;299
2025-09-29T09:39:10Z;-2099;;302
2025-09-29T09:39:11Z;-2100;;301
2025-09-29T09:39:12Z;-2078;;323
2025-09-29T09:39:14Z;-2100;;301
2025-09-29T09:39:17Z;-2094;;307
2025-09-29T09:39:19Z;-2112;;289
2025-09-29T09:39:25Z;-2097;;304
2025-09-29T09:39:27Z;-2105;;296
2025-09-29T09:39:28Z;-2099;;302
2025-09-29T09:39:29Z;-2103;;298
2025-09-29T09:39:35Z;-2099;;302
2025-09-29T09:39:37Z;-2113;;288
2025-09-29T09:39:43Z;-2113;;288
2025-09-29T09:39:46Z;-2100;;301
2025-09-29T09:39:56Z;-2092;;309
2025-09-29T09:39:57Z;-2114;;287
2025-09-29T09:39:58Z;-2097;;304
2025-09-29T09:40:00Z;-2101;;300
2025-09-29T09:40:02Z;-2092;;309
2025-09-29T09:43:20Z;-1799;;602
2025-09-29T09:43:21Z;;2390;591
2025-09-29T09:43:25Z;-1545;1956;845
2025-09-29T09:43:26Z;-1253;;703
2025-09-29T09:43:27Z;;1696;443
2025-09-29T09:43:35Z;;1472;219
2025-09-29T09:43:36Z;-920;;552
2025-09-29T09:43:37Z;-478;;994
2025-09-29T09:43:38Z;;1147;227
2025-09-29T09:43:41Z;-535;;612
2025-09-29T09:43:43Z;;1274;739
2025-09-29T09:43:45Z;-865;;409
2025-09-29T09:43:46Z;;1510;645
2025-09-29T09:43:48Z;-882;1443;628
2025-09-29T09:43:51Z;-590;;853
2025-09-29T09:43:52Z;;1144;554
2025-09-29T09:43:56Z;-296;843;848
2025-09-29T09:44:03Z;;570;274
2025-09-29T09:44:04Z;27;;597
2025-09-29T09:44:53Z;237;;807
2025-09-29T09:45:06Z;;471;708
2025-09-29T09:45:08Z;-119;;352
2025-09-29T09:46:36Z;-286;;185
2025-09-29T09:46:40Z;-298;;173
2025-09-29T09:46:44Z;-297;;174
2025-09-29T09:46:45Z;;619;322
2025-09-29T09:46:52Z;;583;286
2025-09-29T09:46:53Z;-315;;268
2025-09-29T09:47:35Z;-265;602;287
2025-09-29T09:47:37Z;-476;;126
2025-09-29T09:47:38Z;;971;495
2025-09-29T09:47:39Z;-840;;131
2025-09-29T09:47:40Z;;1347;507
2025-09-29T09:47:41Z;-1213;;134
2025-09-29T09:47:42Z;;1518;305
2025-09-29T09:47:44Z;;1851;638
2025-09-29T09:47:45Z;-1456;;395
2025-09-29T09:47:48Z;-1796;2143;55
2025-09-29T09:47:50Z;-1994;;149
2025-09-29T09:47:51Z;;2459;465
2025-09-29T09:48:39Z;-723;;1736
2025-09-29T09:50:10Z;-612;;1847
2025-09-29T09:50:11Z;;2389;1777
2025-09-29T09:50:17Z;-551;;1838
2025-09-29T09:50:18Z;;2428;1877
2025-09-29T09:50:23Z;;2376;1825
2025-09-29T09:50:25Z;-591;;1785
2025-09-29T09:50:26Z;-620;;1756
2025-09-29T09:50:28Z;-617;;1759
2025-09-29T09:50:32Z;;2098;1481
2025-09-29T09:50:35Z;;2101;1484
2025-09-29T09:50:37Z;;2082;1465
2025-09-29T09:50:39Z;-569;2163;1513
2025-09-29T09:50:42Z;-622;;1541
2025-09-29T09:50:43Z;-483;;1680
2025-09-29T09:50:45Z;;2429;1946
2025-09-29T09:50:47Z;-281;;2148
2025-09-29T09:50:48Z;-332;;2097
2025-09-29T09:50:49Z;;2320;1988
2025-09-29T09:50:50Z;;2031;1699
2025-09-29T09:50:52Z;;1777;1445
2025-09-29T09:50:53Z;126;;1903
2025-09-29T09:50:54Z;;1235;1361
2025-09-29T09:50:56Z;;1045;1171
2025-09-29T09:50:57Z;395;;1440
2025-09-29T09:50:58Z;649;877;1272
2025-09-29T09:51:00Z;;917;1566
2025-09-29T09:51:02Z;;1287;1936
2025-09-29T09:51:03Z;562;;1849
2025-09-29T09:51:05Z;262;1567;1549
2025-09-29T09:51:06Z;9;;1576
2025-09-29T09:51:07Z;;1812;1821
2025-09-29T09:51:10Z;-255;;1557
2025-09-29T09:51:11Z;;2161;1906
2025-09-29T09:51:12Z;-636;;1525
2025-09-29T09:51:14Z;;2493;1857
2025-09-29T09:51:16Z;-861;;1632
2025-09-29T09:51:17Z;;2714;1853
2025-09-29T09:51:19Z;;2691;1830
2025-09-29T09:51:24Z;-908;;1783
2025-09-29T09:51:44Z;;2391;1483
2025-09-29T09:51:45Z;-593;;1798
2025-09-29T09:51:47Z;-323;;2068
2025-09-29T09:51:48Z;;2054;1731
2025-09-29T09:51:51Z;;1754;1431
2025-09-29T09:51:52Z;67;;1821
2025-09-29T09:51:55Z;;1487;1554
2025-09-29T09:51:56Z;302;;1789
2025-09-29T09:52:03Z;;1179;1481
2025-09-29T09:52:05Z;;1238;1540
2025-09-29T09:52:07Z;219;1541;1457
2025-09-29T09:52:08Z;-8;;1533
2025-09-29T09:52:09Z;;1890;1882
2025-09-29T09:52:11Z;-388;2111;1723
2025-09-29T09:52:26Z;-638;2423;1473
2025-09-29T09:52:28Z;-598;2362;1825
2025-09-29T09:52:31Z;-299;1986;2063
2025-09-29T09:52:33Z;16;1735;2002
2025-09-29T09:52:37Z;;1492;1508
2025-09-29T09:52:40Z;365;;1857
2025-09-29T09:52:41Z;;1254;1619
2025-09-29T09:52:45Z;602;;1856
2025-09-29T09:52:46Z;586;;1840
2025-09-29T09:52:48Z;;1200;1786
2025-09-29T09:52:54Z;;1197;1783
2025-09-29T09:52:58Z;663;;1860
2025-09-29T09:53:02Z;;890;1553
2025-09-29T09:53:10Z;907;;1797
2025-09-29T09:53:11Z;893;;1783
2025-09-29T09:53:15Z;;916;1809
2025-09-29T09:53:17Z;-694;;222
2025-09-29T09:53:21Z;;886;192
2025-09-29T09:53:23Z;881;;1767
2025-09-29T09:53:25Z;912;;1798
2025-09-29T09:53:40Z;1036;;1922
2025-09-29T09:53:41Z;-296;;590
2025-09-29T09:53:49Z;-356;;530
2025-09-29T09:53:50Z;-281;;605
2025-09-29T09:53:51Z;-305;;581
2025-09-29T09:53:52Z;-298;;588
2025-09-29T09:53:54Z;-303;;583
2025-09-29T09:53:55Z;-299;;587
2025-09-29T09:53:56Z;;598;299
2025-09-29T09:53:58Z;-341;;257
2025-09-29T09:54:04Z;1123;;1721
2025-09-29T09:54:15Z;-297;;301
2025-09-29T09:54:16Z;-313;;285
2025-09-29T09:54:24Z;-269;;329
2025-09-29T09:54:30Z;-310;;288
2025-09-29T09:54:36Z;-268;;330
2025-09-29T09:54:39Z;-314;;284
2025-09-29T09:54:45Z;1161;;1759
2025-09-29T09:54:55Z;1110;;1708
2025-09-29T09:54:56Z;-299;;299
2025-09-29T09:54:57Z;-301;;297
2025-09-29T09:55:03Z;-271;;327
2025-09-29T09:55:06Z;-315;;283
2025-09-29T09:55:07Z;-270;;328
2025-09-29T09:55:08Z;;623;353
2025-09-29T09:55:09Z;-422;;201
2025-09-29T09:55:10Z;-646;;-23
2025-09-29T09:55:11Z;;989;343
2025-09-29T09:55:12Z;;1318;672
2025-09-29T09:55:14Z;-1322;1683;1037
2025-09-29T09:55:16Z;;2036;714
2025-09-29T09:55:17Z;;2340;1018
2025-09-29T09:55:18Z;-2013;;327
2025-09-29T09:55:19Z;;2563;550
2025-09-29T09:55:21Z;;2705;692
2025-09-29T09:55:22Z;;2692;679
2025-09-29T09:55:24Z;;2705;692
2025-09-29T09:55:25Z;-2337;;368
2025-09-29T09:55:26Z;;2690;353
2025-09-29T09:55:28Z;;2702;365
2025-09-29T09:55:30Z;;2695;358
2025-09-29T09:55:32Z;;2700;363
2025-09-29T09:55:33Z;;2680;343
2025-09-29T09:55:37Z;-903;;1777
2025-09-29T09:55:39Z;-837;;1843
2025-09-29T09:55:40Z;-2311;;369
2025-09-29T09:56:07Z;-800;;1880
2025-09-29T09:56:25Z;-2246;;434
2025-09-29T09:56:47Z;-2240;;440
2025-09-29T09:57:10Z;-834;;1846
2025-09-29T09:57:28Z;-2422;;258
2025-09-29T09:57:34Z;-930;;1750
2025-09-29T09:57:38Z;;2332;1402
2025-09-29T09:57:40Z;-638;;1694
2025-09-29T09:57:43Z;;2070;1432
2025-09-29T09:57:46Z;;2132;1494
2025-09-29T09:57:47Z;-584;;1548
2025-09-29T09:57:49Z;;2466;1882
2025-09-29T09:57:51Z;-663;2247;1803
2025-09-29T09:57:52Z;-410;;1837
2025-09-29T09:57:53Z;;1978;1568
2025-09-29T09:57:55Z;-83;;1895
2025-09-29T09:57:56Z;;1796;1713
2025-09-29T09:57:57Z;;1806;1723
2025-09-29T09:57:58Z;;1795;1712
2025-09-29T09:58:01Z;-1554;;241
2025-09-29T09:58:04Z;-1484;;311
2025-09-29T09:58:06Z;;1857;373
2025-09-29T09:58:08Z;-1820;;37
2025-09-29T09:58:10Z;-432;;1425
2025-09-29T09:58:11Z;-359;;1498
2025-09-29T09:58:13Z;;1761;1402
2025-09-29T09:58:15Z;122;1476;1883
2025-09-29T09:58:19Z;;1545;1667
2025-09-29T09:58:21Z;;1464;1586
2025-09-29T09:58:23Z;365;;1829
2025-09-29T09:58:24Z;;1062;1427
2025-09-29T09:58:25Z;644;;1706
2025-09-29T09:58:26Z;;855;1499
2025-09-29T09:58:31Z;903;;1758
2025-09-29T09:58:33Z;877;;1732
2025-09-29T09:58:36Z;;915;1792
2025-09-29T09:58:39Z;-703;831;1708
2025-09-29T09:58:41Z;-555;;276
2025-09-29T09:58:51Z;969;;1800
2025-09-29T09:59:02Z;899;;1730
2025-09-29T09:59:03Z;948;;1779
2025-09-29T09:59:09Z;852;;1683
2025-09-29T09:59:14Z;;992;1844
2025-09-29T09:59:15Z;460;;1452
2025-09-29T09:59:16Z;292;;1284
2025-09-29T09:59:18Z;-13;1338;979
2025-09-29T09:59:19Z;-46;;1292
2025-09-29T09:59:20Z;;1593;1547
2025-09-29T09:59:21Z;;1489;1443
2025-09-29T09:59:22Z;-1145;;344
2025-09-29T09:59:23Z;-994;;495
2025-09-29T09:59:24Z;;1176;182
2025-09-29T09:59:25Z;;871;-123
2025-09-29T09:59:28Z;-598;;273
2025-09-29T09:59:32Z;959;;1830
2025-09-29T09:59:41Z;870;;1741
2025-09-29T09:59:43Z;;1005;1875
2025-09-29T09:59:44Z;438;;1443
2025-09-29T09:59:45Z;225;;1230
2025-09-29T09:59:46Z;56;1361;1586
2025-09-29T09:59:48Z;-204;;1157
2025-09-29T09:59:49Z;;1539;1335
2025-09-29T09:59:51Z;;1835;1631
2025-09-29T09:59:53Z;-324;2123;1511
2025-09-29T09:59:55Z;;2060;1736
2025-09-29T09:59:56Z;;1737;1413
2025-09-29T09:59:58Z;-154;1826;1583
2025-09-29T10:00:01Z;-1689;;137
2025-09-29T10:00:03Z;;2201;512
2025-09-29T10:00:05Z;-2212;;-11
2025-09-29T10:00:06Z;;2453;241
2025-09-29T10:00:08Z;-1968;;485
2025-09-29T10:00:09Z;;1913;-55
2025-09-29T10:00:13Z;-822;;1091
2025-09-29T10:00:17Z;-891;;1022
2025-09-29T10:00:18Z;-907;;1006
2025-09-29T10:00:26Z;-872;;1041
2025-09-29T10:00:29Z;-863;;1050
2025-09-29T10:00:34Z;-868;;1045
2025-09-29T10:00:37Z;-2364;;-451
2025-09-29T10:00:54Z;-872;;1041
2025-09-29T10:01:15Z;-1952;;-39
2025-09-29T10:01:35Z;-835;;1078
2025-09-29T10:01:53Z;-827;;1086
2025-09-29T10:02:16Z;-763;;1150
2025-09-29T10:02:34Z;-2269;;-356
2025-09-29T10:02:55Z;-2232;;-319
2025-09-29T10:02:57Z;-777;;1136
2025-09-29T10:03:15Z;-2213;;-300
2025-09-29T10:03:36Z;-2224;;-311
2025-09-29T10:03:56Z;-751;;1162
2025-09-29T10:04:18Z;-795;;1118
2025-09-29T10:04:38Z;-810;;1103
2025-09-29T10:04:59Z;-812;;1101
2025-09-29T10:05:21Z;-2222;;-309
2025-09-29T10:05:39Z;-2217;;-304
2025-09-29T10:06:03Z;-2239;;-326
2025-09-29T10:06:21Z;-772;;1141
2025-09-29T10:06:43Z;-802;;1111
2025-09-29T10:07:01Z;-2233;;-320
2025-09-29T10:07:24Z;-791;;1122
2025-09-29T10:07:42Z;-2256;;-343
2025-09-29T10:08:03Z;-826;;1087
2025-09-29T10:08:12Z;;2395;1569
2025-09-29T10:08:14Z;;2409;1583
2025-09-29T10:08:24Z;-808;;1601
2025-09-29T10:08:44Z;-2196;;213
2025-09-29T10:09:05Z;-776;;1633
2025-09-29T10:09:25Z;-2246;;163
2025-09-29T10:09:46Z;-827;;1582
2025-09-29T10:10:06Z;-830;;1579
2025-09-29T10:10:27Z;-785;;1624
2025-09-29T10:10:46Z;-832;;1577
2025-09-29T10:10:48Z;-2301;;108
2025-09-29T10:11:08Z;-875;;1534
2025-09-29T10:11:16Z;-901;;1508
2025-09-29T10:11:18Z;-845;;1564
2025-09-29T10:11:29Z;-1968;;441
2025-09-29T10:11:30Z;-2323;;86
2025-09-29T10:11:51Z;-880;;1529
2025-09-29T10:11:55Z;-866;;1543
2025-09-29T10:11:57Z;-890;;1519
2025-09-29T10:12:05Z;-908;;1501
2025-09-29T10:12:07Z;-925;;1484
2025-09-29T10:12:09Z;-877;;1532
2025-09-29T10:12:29Z;-2079;;330
2025-09-29T10:12:32Z;-899;;1510
2025-09-29T10:12:38Z;-934;;1475
2025-09-29T10:12:42Z;-890;;1519
2025-09-29T10:12:43Z;-901;;1508
2025-09-29T10:12:44Z;-899;;1510
2025-09-29T10:12:48Z;-956;;1453
2025-09-29T10:12:50Z;-2333;;76
2025-09-29T10:12:55Z;-2401;;8
2025-09-29T10:12:57Z;-2399;;10
2025-09-29T10:13:06Z;-2400;;9
2025-09-29T10:13:07Z;-2343;;66
2025-09-29T10:13:10Z;-1121;;1288
2025-09-29T10:13:13Z;-937;;1472
2025-09-29T10:13:15Z;-944;;1465
2025-09-29T10:13:21Z;-892;;1517
2025-09-29T10:13:26Z;-904;;1505
2025-09-29T10:13:30Z;-885;;1524
2025-09-29T10:13:51Z;-901;;1508
2025-09-29T10:13:53Z;-923;;1486
2025-09-29T10:13:57Z;-870;;1539
2025-09-29T10:14:02Z;-873;;1536
2025-09-29T10:14:05Z;-926;;1483
2025-09-29T10:14:06Z;-873;;1536
2025-09-29T10:14:09Z;-894;;1515
2025-09-29T10:14:10Z;-900;;1509
2025-09-29T10:14:11Z;-911;;1498
2025-09-29T10:14:27Z;;2372;1461
2025-09-29T10:14:29Z;-2078;;294
2025-09-29T10:14:31Z;;2046;-32
2025-09-29T10:14:32Z;-270;;1776
2025-09-29T10:14:33Z;76;1529;2122
2025-09-29T10:14:34Z;328;;1857
2025-09-29T10:14:37Z;601;;2130
2025-09-29T10:14:38Z;;1252;1853
2025-09-29T10:14:39Z;557;;1809
2025-09-29T10:14:42Z;674;;1926
2025-09-29T10:14:43Z;;1071;1745
2025-09-29T10:14:44Z;;839;1513
2025-09-29T10:14:48Z;;973;1647
2025-09-29T10:14:49Z;513;;1486
2025-09-29T10:14:52Z;664;862;1637
2025-09-29T10:14:53Z;-660;;202
2025-09-29T10:14:54Z;-585;;277
2025-09-29T10:14:56Z;;597;12
2025-09-29T10:15:00Z;;627;42
2025-09-29T10:15:06Z;;655;70
2025-09-29T10:15:07Z;;598;13
2025-09-29T10:15:08Z;-528;;70
2025-09-29T10:15:10Z;;607;79
2025-09-29T10:15:13Z;925;;1532
2025-09-29T10:15:15Z;;593;1518
2025-09-29T10:15:33Z;1017;;1610
2025-09-29T10:15:54Z;1042;;1635
2025-09-29T10:16:14Z;-357;;236
2025-09-29T10:16:35Z;1051;;1644
2025-09-29T10:16:55Z;970;;1563
2025-09-29T10:17:14Z;;600;1570
2025-09-29T10:17:16Z;990;599;1590
2025-09-29T10:17:18Z;;600;1590
2025-09-29T10:17:36Z;880;;1480
2025-09-29T10:17:38Z;-536;;64
2025-09-29T10:17:53Z;-606;;-6
2025-09-29T10:17:57Z;802;;1402
2025-09-29T10:18:04Z;;942;1744
2025-09-29T10:18:05Z;561;;1503
2025-09-29T10:18:08Z;;1278;1839
2025-09-29T10:18:09Z;245;;1523
2025-09-29T10:18:12Z;56;;1334
2025-09-29T10:18:14Z;;1517;1573
2025-09-29T10:18:16Z;;1909;1965
2025-09-29T10:18:17Z;-182;;1727
2025-09-29T10:18:19Z;;2188;2006
2025-09-29T10:18:21Z;-448;;1740
2025-09-29T10:18:23Z;-2122;2478;66
2025-09-29T10:18:30Z;-2420;;58
2025-09-29T10:18:38Z;-938;;1540
2025-09-29T10:18:40Z;;2715;1777
2025-09-29T10:18:50Z;-986;2665;1729
2025-09-29T10:18:53Z;;2384;1398
2025-09-29T10:18:54Z;-538;;1846
2025-09-29T10:18:55Z;;2090;1552
2025-09-29T10:18:58Z;-401;;1689
2025-09-29T10:19:01Z;;2108;1707
2025-09-29T10:19:05Z;-2087;;21
2025-09-29T10:19:07Z;;2468;381
2025-09-29T10:19:15Z;-2387;;81
2025-09-29T10:19:17Z;;2774;387
2025-09-29T10:19:19Z;-1124;;1650
2025-09-29T10:19:39Z;-1114;;1660
2025-09-29T10:20:00Z;-1073;;1701
2025-09-29T10:20:20Z;-1656;;1118
2025-09-29T10:20:40Z;-2488;;286
2025-09-29T10:21:00Z;-2443;;331
2025-09-29T10:21:21Z;;2696;253
2025-09-29T10:21:22Z;-958;;1738
2025-09-29T10:21:25Z;-895;;1801
2025-09-29T10:21:27Z;-930;;1766
2025-09-29T10:21:29Z;-934;;1762
2025-09-29T10:21:32Z;-903;;1793
2025-09-29T10:21:40Z;-1053;;1643
2025-09-29T10:21:48Z;-2397;;299
2025-09-29T10:21:56Z;-2110;2331;586
2025-09-29T10:21:59Z;-2084;;247
2025-09-29T10:22:01Z;-2251;2438;80
2025-09-29T10:22:03Z;-867;;1571
2025-09-29T10:22:04Z;-898;;1540
2025-09-29T10:22:20Z;-1016;;1422
2025-09-29T10:22:29Z;-2394;;44
2025-09-29T10:22:43Z;-1150;;1288
2025-09-29T10:22:44Z;-856;;1582
2025-09-29T10:22:47Z;;2388;1532
2025-09-29T10:22:48Z;-672;;1716
2025-09-29T10:22:51Z;-406;2071;1982
2025-09-29T10:22:54Z;;1692;1286
2025-09-29T10:22:55Z;45;;1737
2025-09-29T10:22:58Z;;1485;1530
2025-09-29T10:22:59Z;391;;1876
2025-09-29T10:23:00Z;;1169;1560
2025-09-29T10:23:02Z;;854;1245
2025-09-29T10:23:03Z;669;;1523
2025-09-29T10:23:05Z;733;;1587
2025-09-29T10:23:06Z;-607;;247
2025-09-29T10:23:24Z;945;;1799
2025-09-29T10:23:26Z;;598;1543
2025-09-29T10:23:44Z;-418;;180
2025-09-29T10:23:46Z;-215;;383
2025-09-29T10:23:47Z;-345;;253
2025-09-29T10:24:05Z;1064;;1662
2025-09-29T10:24:24Z;1012;;1610
2025-09-29T10:24:46Z;1067;;1665
2025-09-29T10:25:05Z;992;;1590
2025-09-29T10:25:27Z;1027;;1625
2025-09-29T10:25:47Z;1001;;1599
2025-09-29T10:26:08Z;1018;;1616
2025-09-29T10:26:29Z;999;;1597
2025-09-29T10:26:49Z;984;;1582
2025-09-29T10:27:01Z;;600;1584
2025-09-29T10:27:03Z;;595;1579
2025-09-29T10:27:05Z;;604;1588
2025-09-29T10:27:07Z;;598;1582
2025-09-29T10:27:09Z;;606;1590
2025-09-29T10:27:11Z;-387;;219
2025-09-29T10:27:17Z;;593;206
2025-09-29T10:27:19Z;;604;217
2025-09-29T10:27:30Z;935;;1539
2025-09-29T10:27:51Z;-450;;154
2025-09-29T10:28:11Z;982;;1586
2025-09-29T10:28:28Z;895;;1499
2025-09-29T10:28:30Z;924;;1528
2025-09-29T10:28:31Z;-493;;111
2025-09-29T10:28:51Z;-725;929;-121
2025-09-29T10:28:52Z;543;;1472
2025-09-29T10:28:54Z;;1278;1821
2025-09-29T10:28:56Z;;1645;2188
2025-09-29T10:28:57Z;177;;1822
2025-09-29T10:28:58Z;9;1845;2022
2025-09-29T10:28:59Z;-231;;1614
2025-09-29T10:29:00Z;-551;2178;1294
2025-09-29T10:29:01Z;;2461;1910
2025-09-29T10:29:04Z;;2718;2167
2025-09-29T10:29:07Z;-926;;1792
2025-09-29T10:29:13Z;-2507;;211
2025-09-29T10:29:32Z;-2547;;171
2025-09-29T10:29:53Z;-2536;;182
2025-09-29T10:30:06Z;;2765;229
2025-09-29T10:30:08Z;-2548;;217
2025-09-29T10:30:14Z;-1108;;1657
2025-09-29T10:30:32Z;-1116;;1649
2025-09-29T10:30:34Z;-2596;;169
2025-09-29T10:30:55Z;-1152;;1613
2025-09-29T10:31:13Z;-2580;;185
2025-09-29T10:31:36Z;-1135;;1630
2025-09-29T10:31:51Z;-1194;;1571
2025-09-29T10:31:53Z;-1198;;1567
2025-09-29T10:32:17Z;-1166;;1599
2025-09-29T10:32:21Z;-1204;;1561
2025-09-29T10:32:24Z;-1144;;1621
2025-09-29T10:32:30Z;-1211;;1554
2025-09-29T10:32:33Z;-1155;;1610
2025-09-29T10:32:36Z;-2610;;155
2025-09-29T10:32:57Z;-1724;;1041
2025-09-29T10:32:58Z;-1166;;1599
2025-09-29T10:33:17Z;-1121;;1644
2025-09-29T10:33:38Z;-1243;;1522
2025-09-29T10:33:39Z;-1140;;1625
2025-09-29T10:33:50Z;;2696;1556
2025-09-29T10:33:53Z;-867;;1829
2025-09-29T10:33:55Z;;2255;1388
2025-09-29T10:33:56Z;-518;;1737
2025-09-29T10:33:57Z;-1749;;506
2025-09-29T10:33:58Z;;1888;139
2025-09-29T10:33:59Z;;1686;-63
2025-09-29T10:34:01Z;;1479;-270
2025-09-29T10:34:03Z;;1185;-564
2025-09-29T10:34:10Z;-1285;;-100
2025-09-29T10:34:11Z;;897;-388
2025-09-29T10:34:13Z;-1136;;-239
2025-09-29T10:34:16Z;-885;;12
2025-09-29T10:34:18Z;;907;22
2025-09-29T10:34:19Z;658;;1565
2025-09-29T10:34:24Z;;897;1555
2025-09-29T10:34:27Z;;903;1561
2025-09-29T10:34:37Z;586;;1489
2025-09-29T10:34:38Z;582;;1485
2025-09-29T10:34:44Z;-897;;6
2025-09-29T10:34:48Z;;1210;313
2025-09-29T10:34:50Z;-1155;;55
2025-09-29T10:34:53Z;;1515;360
2025-09-29T10:34:56Z;;1484;329
2025-09-29T10:34:57Z;-1294;;190
2025-09-29T10:35:00Z;345;;1829
2025-09-29T10:35:02Z;;1164;1509
2025-09-29T10:35:08Z;;1281;1626
2025-09-29T10:35:09Z;275;;1556
2025-09-29T10:35:11Z;;1515;1790
2025-09-29T10:35:13Z;60;;1575
2025-09-29T10:35:16Z;-270;1911;1245
2025-09-29T10:35:18Z;-590;2255;1321
2025-09-29T10:35:19Z;-762;;1493
2025-09-29T10:35:21Z;-2413;;-158
2025-09-29T10:35:22Z;;2427;14
2025-09-29T10:35:23Z;;2741;328
2025-09-29T10:35:27Z;-2712;;29
2025-09-29T10:35:29Z;-2737;;4
2025-09-29T10:35:31Z;-2700;;41
2025-09-29T10:35:33Z;-2678;;63
2025-09-29T10:35:35Z;-2705;;36
2025-09-29T10:35:39Z;-2678;;63
2025-09-29T10:35:41Z;-1197;;1544
2025-09-29T10:35:42Z;-1202;;1539
2025-09-29T10:35:44Z;-1186;;1555
2025-09-29T10:35:48Z;-1191;;1550
2025-09-29T10:35:49Z;-1202;;1539
2025-09-29T10:35:50Z;-1201;;1540
2025-09-29T10:35:55Z;-1199;;1542
2025-09-29T10:35:56Z;-1242;;1499
2025-09-29T10:36:01Z;-2672;;69
2025-09-29T10:36:03Z;-2717;;24
2025-09-29T10:36:05Z;-2718;;23
2025-09-29T10:36:22Z;-1212;;1529
2025-09-29T10:36:23Z;-1199;;1542
2025-09-29T10:36:24Z;-1202;;1539
2025-09-29T10:36:27Z;-1223;;1518
2025-09-29T10:36:35Z;-1214;;1527
2025-09-29T10:36:38Z;-1144;;1597
2025-09-29T10:36:41Z;-1169;;1572
2025-09-29T10:37:02Z;-2692;;49
2025-09-29T10:37:04Z;-1223;;1518
2025-09-29T10:37:10Z;-1186;;1555
2025-09-29T10:37:13Z;-1221;;1520
2025-09-29T10:37:19Z;-1181;;1560
2025-09-29T10:37:21Z;-1226;;1515
2025-09-29T10:37:23Z;-2673;;68
2025-09-29T10:37:30Z;-2707;;34
2025-09-29T10:37:37Z;-2657;;84
2025-09-29T10:37:43Z;-2696;;45
2025-09-29T10:37:46Z;-1152;;1589
2025-09-29T10:37:52Z;-1218;;1523
2025-09-29T10:37:55Z;-1149;;1592
2025-09-29T10:38:01Z;-1208;;1533
2025-09-29T10:38:03Z;-2666;;75
2025-09-29T10:38:25Z;-1143;;1598
2025-09-29T10:38:41Z;-1195;;1546
2025-09-29T10:38:43Z;-2669;;72
2025-09-29T10:39:06Z;-1099;;1642
2025-09-29T10:39:25Z;-2616;;125
2025-09-29T10:39:47Z;-1168;;1573
2025-09-29T10:40:05Z;-1116;;1625
2025-09-29T10:40:28Z;-1158;;1583
2025-09-29T10:40:44Z;-1161;;1580
2025-09-29T10:40:46Z;-1882;;859
2025-09-29T10:41:09Z;-1148;;1593
2025-09-29T10:41:27Z;-2518;;223
2025-09-29T10:41:49Z;-2573;;168
2025-09-29T10:42:08Z;-2558;;183
2025-09-29T10:42:31Z;-1074;;1667
2025-09-29T10:42:48Z;-1101;;1640
2025-09-29T10:43:11Z;-1643;;1098
2025-09-29T10:43:23Z;-994;2635;1747
2025-09-29T10:43:25Z;-625;2252;2010
2025-09-29T10:43:27Z;-392;2023;1860
2025-09-29T10:43:29Z;325;1654;2348
2025-09-29T10:43:31Z;;1252;1577
2025-09-29T10:43:32Z;;932;1257
2025-09-29T10:43:34Z;-653;;279
2025-09-29T10:43:35Z;-599;802;333
2025-09-29T10:44:11Z;-512;;290
2025-09-29T10:44:13Z;-612;;190
2025-09-29T10:44:33Z;723;;1525
2025-09-29T10:44:52Z;716;;1518
2025-09-29T10:45:06Z;;852;1568
2025-09-29T10:45:08Z;-669;;183
2025-09-29T10:45:14Z;771;;1623
2025-09-29T10:45:19Z;925;;1777
2025-09-29T10:45:20Z;796;;1648
2025-09-29T10:45:34Z;760;;1612
2025-09-29T10:45:55Z;760;;1612
2025-09-29T10:46:15Z;-723;;129
2025-09-29T10:46:26Z;-698;;154
2025-09-29T10:46:27Z;-598;;254
2025-09-29T10:46:38Z;706;;1558
2025-09-29T10:46:55Z;337;;1189
2025-09-29T10:46:56Z;-599;;253
2025-09-29T10:46:57Z;-613;;239
2025-09-29T10:46:59Z;-583;;269
2025-09-29T10:47:05Z;-633;;219
2025-09-29T10:47:08Z;-591;;261
2025-09-29T10:47:12Z;;900;309
2025-09-29T10:47:14Z;-629;;271
2025-09-29T10:47:15Z;;896;267
2025-09-29T10:47:17Z;824;;1720
2025-09-29T10:47:19Z;;910;1734
2025-09-29T10:47:36Z;-564;;346
2025-09-29T10:47:39Z;;897;333
2025-09-29T10:47:40Z;;905;341
2025-09-29T10:47:42Z;-592;;313
2025-09-29T10:47:48Z;-638;897;305
2025-09-29T10:47:53Z;;900;262
2025-09-29T10:47:54Z;-592;;308
2025-09-29T10:47:55Z;;899;307
2025-09-29T10:47:58Z;841;;1740
2025-09-29T10:47:59Z;;901;1742
2025-09-29T10:48:00Z;;898;1739
2025-09-29T10:48:12Z;;900;1741
2025-09-29T10:48:15Z;;894;1735
2025-09-29T10:48:17Z;830;;1724
2025-09-29T10:48:18Z;;901;1731
2025-09-29T10:48:20Z;;897;1727
2025-09-29T10:48:21Z;-591;;306
2025-09-29T10:48:25Z;;900;309
2025-09-29T10:48:27Z;-609;;291
2025-09-29T10:48:30Z;-587;893;313
2025-09-29T10:48:32Z;;904;317
2025-09-29T10:48:34Z;-666;;238
2025-09-29T10:48:37Z;-610;;294
2025-09-29T10:48:39Z;829;;1733
2025-09-29T10:48:58Z;797;;1701
2025-09-29T10:49:20Z;795;;1699
2025-09-29T10:49:40Z;-714;;190
2025-09-29T10:50:01Z;701;;1605
2025-09-29T10:50:20Z;546;;1450
2025-09-29T10:50:42Z;725;;1629
2025-09-29T10:51:00Z;722;;1626
2025-09-29T10:51:01Z;-489;;415
2025-09-29T10:51:23Z;705;;1609
2025-09-29T10:51:42Z;-781;;123
2025-09-29T10:51:46Z;-901;;3
2025-09-29T10:51:49Z;;1208;307
2025-09-29T10:51:54Z;-1307;1636;-99
2025-09-29T10:51:56Z;-1638;1937;-2
2025-09-29T10:51:57Z;-1797;;140
2025-09-29T10:51:59Z;;2255;458
2025-09-29T10:52:01Z;;2474;677
2025-09-29T10:52:02Z;-2125;;349
2025-09-29T10:52:04Z;-730;;1744
2025-09-29T10:52:06Z;;2376;1646
2025-09-29T10:52:08Z;;2412;1682
2025-09-29T10:52:10Z;-878;2720;1842
2025-09-29T10:52:13Z;;3019;2141
2025-09-29T10:52:14Z;-1193;;1826
2025-09-29T10:52:16Z;;2989;1796
2025-09-29T10:52:21Z;-1196;;1793
2025-09-29T10:52:22Z;-2633;;356
2025-09-29T10:52:23Z;;3007;374
2025-09-29T10:52:24Z;;2975;342
2025-09-29T10:52:30Z;;3026;393
2025-09-29T10:52:32Z;-2711;;315
2025-09-29T10:52:34Z;-2680;;346
2025-09-29T10:52:36Z;-2712;;314
2025-09-29T10:52:38Z;-2728;;298
2025-09-29T10:52:44Z;-2014;;1012
2025-09-29T10:52:45Z;-1243;;1783
2025-09-29T10:52:49Z;-1185;;1841
2025-09-29T10:52:50Z;-1206;;1820
2025-09-29T10:52:51Z;-1193;;1833
2025-09-29T10:52:53Z;-1207;;1819
2025-09-29T10:52:58Z;-1170;;1856
2025-09-29T10:52:59Z;;2997;1827
2025-09-29T10:53:03Z;-2601;;396
2025-09-29T10:53:08Z;-2397;;600
2025-09-29T10:53:09Z;;2666;269
2025-09-29T10:53:11Z;-2104;;562
2025-09-29T10:53:12Z;;2319;215
2025-09-29T10:53:16Z;-1735;2086;584
2025-09-29T10:53:20Z;;2123;388
2025-09-29T10:53:21Z;-1853;;270
2025-09-29T10:53:25Z;-701;;1422
2025-09-29T10:53:27Z;;2417;1716
2025-09-29T10:53:30Z;-688;;1729
2025-09-29T10:53:31Z;;2328;1640
2025-09-29T10:53:32Z;-362;;1966
2025-09-29T10:53:34Z;15;;2343
2025-09-29T10:53:35Z;;1947;1962
2025-09-29T10:53:36Z;451;;2398
2025-09-29T10:53:37Z;;1740;2191
2025-09-29T10:53:38Z;621;;2361
2025-09-29T10:53:39Z;;1494;2115
2025-09-29T10:53:40Z;;1138;1759
2025-09-29T10:53:43Z;684;;1822
2025-09-29T10:54:07Z;751;;1889
2025-09-29T10:54:24Z;804;;1942
2025-09-29T10:54:47Z;803;;1941
2025-09-29T10:55:05Z;817;;1955
2025-09-29T10:55:28Z;809;;1947
2025-09-29T10:55:47Z;-620;;518
2025-09-29T10:55:55Z;-599;;539
2025-09-29T10:55:56Z;-608;;530
2025-09-29T10:56:01Z;;899;291
2025-09-29T10:56:03Z;;904;296
2025-09-29T10:56:04Z;-644;;260
2025-09-29T10:56:05Z;-601;;303
2025-09-29T10:56:07Z;-631;;273
2025-09-29T10:56:09Z;833;899;1737
2025-09-29T10:56:28Z;-606;;293
2025-09-29T10:56:30Z;-615;;284
2025-09-29T10:56:36Z;-573;;326
2025-09-29T10:56:39Z;-618;;281
2025-09-29T10:56:47Z;-595;;304
2025-09-29T10:56:50Z;825;;1724
2025-09-29T10:56:53Z;;1001;1826
2025-09-29T10:56:55Z;;871;1696
2025-09-29T10:57:09Z;806;;1677
2025-09-29T10:57:12Z;-550;;321
2025-09-29T10:57:18Z;-612;;259
2025-09-29T10:57:20Z;-604;;267
2025-09-29T10:57:26Z;-579;;292
2025-09-29T10:57:31Z;870;;1741
2025-09-29T10:57:51Z;-566;;305
2025-09-29T10:57:54Z;-561;;310
2025-09-29T10:58:00Z;-613;;258
2025-09-29T10:58:06Z;-580;;291
2025-09-29T10:58:10Z;-612;;259
2025-09-29T10:58:12Z;864;;1735
2025-09-29T10:58:32Z;-560;;311
2025-09-29T10:58:35Z;-620;;251
2025-09-29T10:58:38Z;-552;;319
2025-09-29T10:58:44Z;-608;;263
2025-09-29T10:58:47Z;-557;;314
2025-09-29T10:58:53Z;811;;1682
2025-09-29T10:59:02Z;;900;1711
2025-09-29T10:59:04Z;;895;1706
2025-09-29T10:59:06Z;;906;1717
2025-09-29T10:59:09Z;912;;1818
2025-09-29T10:59:10Z;757;;1663
2025-09-29T10:59:11Z;769;;1675
2025-09-29T10:59:34Z;759;;1665
2025-09-29T10:59:52Z;694;;1600
2025-09-29T11:00:01Z;-634;890;256
2025-09-29T11:00:06Z;;890;256
2025-09-29T11:00:08Z;-588;;302
2025-09-29T11:00:15Z;902;;1792
2025-09-29T11:00:33Z;526;;1416
2025-09-29T11:00:56Z;1066;;1956
2025-09-29T11:01:15Z;157;;1047
2025-09-29T11:01:16Z;-328;;562
2025-09-29T11:01:39Z;1106;;1996
2025-09-29T11:01:55Z;1086;;1976
2025-09-29T11:01:56Z;-242;;648
2025-09-29T11:01:58Z;;599;357
2025-09-29T11:02:00Z;;611;369
2025-09-29T11:02:18Z;1055;;1666
2025-09-29T11:02:20Z;1230;;1841
2025-09-29T11:02:21Z;1107;;1718
2025-09-29T11:02:38Z;1085;;1696
2025-09-29T11:02:39Z;-326;;285
2025-09-29T11:02:57Z;-337;;274
2025-09-29T11:02:59Z;1038;;1649
2025-09-29T11:03:18Z;-382;;229
2025-09-29T11:03:27Z;-388;;223
2025-09-29T11:03:28Z;-200;;411
2025-09-29T11:03:41Z;633;;1244
2025-09-29T11:03:42Z;1021;;1632
2025-09-29T11:03:59Z;-411;;200
2025-09-29T11:04:20Z;973;;1584
2025-09-29T11:04:39Z;-382;;229
2025-09-29T11:05:01Z;987;;1598
2025-09-29T11:05:20Z;-424;;187
2025-09-29T11:05:42Z;938;;1549
2025-09-29T11:06:01Z;957;;1568
2025-09-29T11:06:23Z;883;;1494
2025-09-29T11:06:25Z;915;;1526
2025-09-29T11:06:28Z;889;;1500
2025-09-29T11:06:30Z;;942;1831
2025-09-29T11:06:32Z;511;;1453
2025-09-29T11:06:33Z;;1343;1854
2025-09-29T11:06:34Z;;1530;2041
2025-09-29T11:06:36Z;;1816;2327
2025-09-29T11:06:37Z;205;;2021
2025-09-29T11:06:38Z;59;;1875
2025-09-29T11:06:39Z;-289;;1527
2025-09-29T11:06:43Z;-1821;;-5
2025-09-29T11:06:47Z;;2105;284
2025-09-29T11:06:56Z;-2104;;1
2025-09-29T11:06:58Z;-2092;;13
2025-09-29T11:07:00Z;-2105;;0
2025-09-29T11:07:01Z;-2086;;19
2025-09-29T11:07:05Z;-541;2091;5
2025-09-29T11:07:07Z;-294;;1797
2025-09-29T11:07:09Z;;1788;1494
2025-09-29T11:07:13Z;4;;1792
2025-09-29T11:07:15Z;;1470;1474
2025-09-29T11:07:20Z;;1534;1538
2025-09-29T11:07:24Z;-1328;;206
2025-09-29T11:07:25Z;;1478;150
2025-09-29T11:07:26Z;-1234;;244
2025-09-29T11:07:30Z;;1198;-36
2025-09-29T11:07:40Z;;1204;-30
2025-09-29T11:07:45Z;250;;1454
2025-09-29T11:07:51Z;;1507;1757
2025-09-29T11:07:57Z;280;1351;1631
2025-09-29T11:07:58Z;;1622;1902
2025-09-29T11:08:00Z;;1282;1562
2025-09-29T11:08:02Z;153;1633;1913
2025-09-29T11:08:04Z;-1592;1801;41
2025-09-29T11:08:09Z;-1732;;69
2025-09-29T11:08:11Z;;2154;422
2025-09-29T11:08:12Z;-2044;;110
2025-09-29T11:08:16Z;;2428;384
2025-09-29T11:08:19Z;-2343;;85
2025-09-29T11:08:22Z;;2732;389
2025-09-29T11:08:26Z;-1008;;1724
2025-09-29T11:08:38Z;-1057;;1675
2025-09-29T11:08:39Z;;2461;1404
2025-09-29T11:08:40Z;;2047;990
2025-09-29T11:08:41Z;30;;2077
2025-09-29T11:08:43Z;220;;2267
2025-09-29T11:08:44Z;-1388;;659
2025-09-29T11:08:45Z;;1610;222
2025-09-29T11:08:46Z;-1842;;-232
2025-09-29T11:08:47Z;;1354;-488
2025-09-29T11:08:49Z;;1588;-254
2025-09-29T11:08:50Z;-1712;;-124
2025-09-29T11:08:51Z;-996;;592
2025-09-29T11:08:59Z;-603;;985
2025-09-29T11:09:05Z;-600;;988
2025-09-29T11:09:07Z;827;;2415
2025-09-29T11:09:09Z;904;;2492
2025-09-29T11:09:10Z;877;;2465
2025-09-29T11:09:14Z;;1870;2747
2025-09-29T11:09:16Z;;2109;2986
2025-09-29T11:09:24Z;871;;2980
2025-09-29T11:09:28Z;;1472;2343
2025-09-29T11:09:35Z;;847;1718
2025-09-29T11:09:37Z;;847;1718
2025-09-29T11:09:48Z;842;;1689
2025-09-29T11:09:51Z;903;;1750
2025-09-29T11:09:52Z;897;;1744
2025-09-29T11:09:53Z;901;;1748
2025-09-29T11:09:55Z;862;;1709
2025-09-29T11:09:58Z;967;;1814
2025-09-29T11:10:05Z;883;;1730
2025-09-29T11:10:07Z;-539;;308
2025-09-29T11:10:29Z;910;;1757
2025-09-29T11:10:48Z;-436;;411
2025-09-29T11:10:56Z;;596;160
2025-09-29T11:11:10Z;1030;;1626
2025-09-29T11:11:28Z;331;;927
2025-09-29T11:11:29Z;-362;;234
2025-09-29T11:11:51Z;1097;;1693
2025-09-29T11:12:10Z;-91;;505
2025-09-29T11:12:14Z;-356;;240
2025-09-29T11:12:15Z;-296;;300
2025-09-29T11:12:23Z;-351;;245
2025-09-29T11:12:24Z;-286;;310
2025-09-29T11:12:28Z;-294;;302
2025-09-29T11:12:30Z;-337;;259
2025-09-29T11:12:32Z;1081;;1677
2025-09-29T11:12:51Z;-241;;355
2025-09-29T11:12:52Z;-328;;268
2025-09-29T11:12:56Z;-283;;313
2025-09-29T11:13:01Z;-329;;267
2025-09-29T11:13:04Z;-299;;297
2025-09-29T11:13:11Z;-323;;273
2025-09-29T11:13:13Z;1120;;1716
2025-09-29T11:13:31Z;1078;;1674
2025-09-29T11:13:37Z;-277;;319
2025-09-29T11:13:40Z;-329;;267
2025-09-29T11:13:47Z;-273;;323
2025-09-29T11:13:53Z;308;;904
2025-09-29T11:13:54Z;1158;;1754
2025-09-29T11:14:12Z;1083;;1679
2025-09-29T11:14:19Z;-323;;273
2025-09-29T11:14:21Z;-316;;280
2025-09-29T11:14:27Z;-289;;307
2025-09-29T11:14:31Z;-268;;328
2025-09-29T11:14:34Z;1014;;1610
2025-09-29T11:14:53Z;1143;;1739
2025-09-29T11:14:56Z;-282;;314
2025-09-29T11:15:01Z;-314;;282
2025-09-29T11:15:06Z;;444;130
2025-09-29T11:15:07Z;-256;;188
2025-09-29T11:15:10Z;-302;;142
2025-09-29T11:15:15Z;1125;;1569
2025-09-29T11:15:34Z;1129;;1573
2025-09-29T11:15:36Z;-269;;175
2025-09-29T11:15:38Z;-325;;119
2025-09-29T11:15:48Z;-260;;184
2025-09-29T11:15:54Z;-320;;124
2025-09-29T11:15:56Z;1091;;1535
2025-09-29T11:16:10Z;1300;;1744
2025-09-29T11:16:11Z;1134;;1578
2025-09-29T11:16:15Z;-284;;160
2025-09-29T11:16:16Z;-318;;126
2025-09-29T11:16:20Z;-289;;155
2025-09-29T11:16:22Z;-303;;141
2025-09-29T11:16:23Z;-296;;148
2025-09-29T11:16:25Z;-339;;105
2025-09-29T11:16:29Z;-262;;182
2025-09-29T11:16:31Z;-290;;154
2025-09-29T11:16:37Z;1069;;1513
2025-09-29T11:16:55Z;1053;;1497
2025-09-29T11:17:18Z;1158;;1602
2025-09-29T11:17:37Z;1051;;1495
2025-09-29T11:17:59Z;1036;;1480
2025-09-29T11:18:19Z;-417;;27
2025-09-29T11:18:22Z;;602;185
2025-09-29T11:18:24Z;;598;181
2025-09-29T11:18:26Z;;600;183
2025-09-29T11:18:40Z;974;;1574
2025-09-29T11:18:58Z;1375;166;1975
2025-09-29T11:19:00Z;;632;2007
2025-09-29T11:19:02Z;;586;1961
2025-09-29T11:19:03Z;;639;2014
2025-09-29T11:19:05Z;-449;;190
2025-09-29T11:19:24Z;892;;1531
2025-09-29T11:19:25Z;904;;1543
2025-09-29T11:19:26Z;896;;1535
2025-09-29T11:19:27Z;901;;1540
2025-09-29T11:19:29Z;839;;1478
2025-09-29T11:19:39Z;853;;1492
2025-09-29T11:19:40Z;-566;;73
2025-09-29T11:19:44Z;-549;;90
2025-09-29T11:19:49Z;-598;;41
2025-09-29T11:19:52Z;-644;;-5
2025-09-29T11:19:53Z;-578;;61
2025-09-29T11:20:04Z;808;;1447
2025-09-29T11:20:21Z;-706;;-67
2025-09-29T11:20:24Z;;902;196
2025-09-29T11:20:43Z;669;;1571
2025-09-29T11:20:49Z;586;;1488
2025-09-29T11:20:50Z;600;;1502
2025-09-29T11:20:51Z;593;;1495
2025-09-29T11:20:52Z;666;;1568
2025-09-29T11:20:58Z;566;;1468
2025-09-29T11:21:02Z;-848;;54
2025-09-29T11:21:06Z;-893;;9
2025-09-29T11:21:08Z;-905;;-3
2025-09-29T11:21:24Z;581;;1483
2025-09-29T11:21:37Z;;1224;1805
2025-09-29T11:21:43Z;-1065;;159
2025-09-29T11:21:53Z;-1264;;-40
2025-09-29T11:21:54Z;;1562;298
2025-09-29T11:21:55Z;-1560;;2
2025-09-29T11:21:57Z;-2057;;-495
2025-09-29T11:21:58Z;;1976;-81
2025-09-29T11:22:00Z;;2223;166
2025-09-29T11:22:01Z;-2276;;-53
2025-09-29T11:22:02Z;-2444;;-221
2025-09-29T11:22:04Z;;2449;5
2025-09-29T11:22:05Z;-1238;;1211
2025-09-29T11:22:06Z;;2764;1526
2025-09-29T11:22:11Z;-1182;;1582
2025-09-29T11:22:14Z;;2664;1482
2025-09-29T11:22:16Z;-864;;1800
2025-09-29T11:22:23Z;-872;;1792
2025-09-29T11:22:25Z;-2361;;303
2025-09-29T11:22:33Z;-2432;;232
2025-09-29T11:22:38Z;;2700;268
2025-09-29T11:22:45Z;;2646;214
2025-09-29T11:22:46Z;-935;;1711
2025-09-29T11:22:49Z;;2333;1398
2025-09-29T11:22:50Z;-658;;1675
2025-09-29T11:22:53Z;;2096;1438
2025-09-29T11:22:57Z;-311;;1785
2025-09-29T11:22:58Z;;1782;1471
2025-09-29T11:23:04Z;-83;;1699
2025-09-29T11:23:05Z;-1151;;631
2025-09-29T11:23:07Z;;1837;686
2025-09-29T11:23:11Z;-2034;2187;1036
2025-09-29T11:23:14Z;;2405;371
2025-09-29T11:23:20Z;-2398;;7
2025-09-29T11:23:26Z;-2507;;-102
2025-09-29T11:23:28Z;;2720;213
2025-09-29T11:23:45Z;-1109;;1611
2025-09-29T11:24:08Z;-1034;2697;1663
2025-09-29T11:24:26Z;-2477;;220
2025-09-29T11:24:48Z;-2307;;390
2025-09-29T11:24:49Z;-1026;;1671
2025-09-29T11:25:19Z;-2382;;315
2025-09-29T11:25:21Z;-2451;;246
2025-09-29T11:25:24Z;-2399;;298
2025-09-29T11:25:25Z;-2413;;284
2025-09-29T11:25:28Z;-2390;;307
2025-09-29T11:25:30Z;-969;;1728
2025-09-29T11:25:46Z;-913;;1784
2025-09-29T11:25:48Z;-2403;;294
2025-09-29T11:25:51Z;-2368;;329
2025-09-29T11:26:09Z;-2203;;494
2025-09-29T11:26:16Z;-852;;1845
2025-09-29T11:26:20Z;-905;;1792
2025-09-29T11:26:27Z;-840;;1857
2025-09-29T11:26:51Z;-849;;1848
2025-09-29T11:27:08Z;-840;;1857
2025-09-29T11:27:26Z;-2249;;448
2025-09-29T11:27:32Z;390;;3087
2025-09-29T11:27:49Z;-1051;;1646
2025-09-29T11:28:02Z;;2393;1342
2025-09-29T11:28:04Z;;2404;1353
2025-09-29T11:28:09Z;;2399;1348
2025-09-29T11:28:13Z;332;;2731
2025-09-29T11:28:15Z;;2402;2734
2025-09-29T11:28:17Z;;2396;2728
2025-09-29T11:28:19Z;;2400;2732
2025-09-29T11:28:21Z;;2394;2726
2025-09-29T11:28:30Z;403;;2797
2025-09-29T11:28:54Z;375;;2769
2025-09-29T11:29:13Z;-1044;;1350
2025-09-29T11:29:35Z;456;;2850
2025-09-29T11:29:53Z;393;;2787
2025-09-29T11:30:06Z;;2313;2706
2025-09-29T11:30:08Z;-1013;;1300
2025-09-29T11:30:16Z;447;;2760
2025-09-29T11:30:31Z;-654;;1659
2025-09-29T11:30:34Z;-631;;1682
2025-09-29T11:30:35Z;-2102;;211
2025-09-29T11:30:36Z;-982;;1331
2025-09-29T11:30:57Z;454;;2767
2025-09-29T11:31:16Z;443;;2756
2025-09-29T11:31:25Z;-954;;1359
2025-09-29T11:31:38Z;-707;;1606
2025-09-29T11:31:57Z;-2205;;108
2025-09-29T11:32:19Z;-717;;1596
2025-09-29T11:32:38Z;-2230;;83
2025-09-29T11:32:59Z;-2181;;132
2025-09-29T11:33:17Z;-781;;1532
2025-09-29T11:33:18Z;-907;;1406
2025-09-29T11:33:43Z;-727;;1586
2025-09-29T11:33:49Z;;2400;1673
2025-09-29T11:33:51Z;;2387;1660
2025-09-29T11:33:52Z;;2407;1680
2025-09-29T11:33:54Z;;2394;1667
2025-09-29T11:33:56Z;;2409;1682
2025-09-29T11:33:58Z;;2398;1671
2025-09-29T11:33:59Z;-1894;;504
2025-09-29T11:34:00Z;-2244;;154
2025-09-29T11:34:02Z;;2419;175
2025-09-29T11:34:04Z;;2399;155
2025-09-29T11:34:05Z;;2407;163
2025-09-29T11:34:22Z;-784;;1623
2025-09-29T11:34:38Z;-817;;1590
2025-09-29T11:35:08Z;-2359;;48
2025-09-29T11:35:10Z;-878;;1529
2025-09-29T11:35:14Z;-878;;1529
2025-09-29T11:35:19Z;-886;;1521
2025-09-29T11:35:43Z;-2391;;16
2025-09-29T11:35:45Z;-936;;1471
2025-09-29T11:35:46Z;-873;;1534
2025-09-29T11:35:54Z;-957;;1450
2025-09-29T11:35:56Z;-938;;1469
2025-09-29T11:36:00Z;-945;;1462
2025-09-29T11:36:04Z;-2395;;12
2025-09-29T11:36:08Z;-2411;;-4
2025-09-29T11:36:13Z;-2394;;13
2025-09-29T11:36:16Z;-2406;;1
2025-09-29T11:36:23Z;-2396;;11
2025-09-29T11:36:24Z;-2421;;-14
2025-09-29T11:36:25Z;-2382;2353;-68
2025-09-29T11:36:26Z;-2323;;30
2025-09-29T11:36:28Z;-715;;1638
2025-09-29T11:36:29Z;-659;1650;1694
2025-09-29T11:36:30Z;-510;;1140
2025-09-29T11:36:31Z;121;1406;896
2025-09-29T11:36:34Z;;1135;1256
2025-09-29T11:36:35Z;313;;1448
2025-09-29T11:36:36Z;;1273;1586
2025-09-29T11:36:38Z;;1590;1903
2025-09-29T11:36:39Z;15;;1605
2025-09-29T11:36:41Z;41;1488;1503
2025-09-29T11:36:43Z;;1067;1108
2025-09-29T11:36:44Z;-844;;223
2025-09-29T11:36:45Z;;867;23
2025-09-29T11:37:05Z;536;;1403
2025-09-29T11:37:06Z;673;;1540
2025-09-29T11:37:07Z;;924;1597
2025-09-29T11:37:08Z;592;;1516
2025-09-29T11:37:13Z;298;;1222
2025-09-29T11:37:14Z;;1271;1569
2025-09-29T11:37:16Z;100;;1371
2025-09-29T11:37:17Z;;1629;1729
2025-09-29T11:37:18Z;-252;;1377
2025-09-29T11:37:21Z;;1802;1550
2025-09-29T11:37:22Z;-838;;964
2025-09-29T11:37:23Z;;2270;1432
2025-09-29T11:37:25Z;;2459;1621
2025-09-29T11:37:27Z;-2422;;37
2025-09-29T11:37:30Z;-2399;;60
2025-09-29T11:37:31Z;-2376;;83
2025-09-29T11:37:33Z;-2398;;61
2025-09-29T11:37:39Z;-2412;;47
2025-09-29T11:37:40Z;-2392;;67
2025-09-29T11:37:42Z;;2370;-22
2025-09-29T11:37:44Z;;2410;18
2025-09-29T11:37:45Z;;2366;-26
2025-09-29T11:37:48Z;-663;;1703
2025-09-29T11:37:51Z;;1879;1216
2025-09-29T11:37:53Z;236;1525;2115
2025-09-29T11:37:55Z;;1350;1586
2025-09-29T11:37:58Z;;1536;1772
2025-09-29T11:37:59Z;-89;;1447
2025-09-29T11:38:01Z;;1892;1803
2025-09-29T11:38:03Z;-394;;1498
2025-09-29T11:38:04Z;;2129;1735
2025-09-29T11:38:07Z;-1994;;135
2025-09-29T11:38:08Z;-2122;;7
2025-09-29T11:38:09Z;;2436;314
2025-09-29T11:38:13Z;-2404;;32
2025-09-29T11:38:14Z;-2334;;102
2025-09-29T11:38:23Z;;2372;38
2025-09-29T11:38:24Z;-2153;;219
2025-09-29T11:38:27Z;-472;2043;1900
2025-09-29T11:38:30Z;;1778;1306
2025-09-29T11:38:31Z;-319;;1459
2025-09-29T11:38:32Z;25;;1803
2025-09-29T11:38:33Z;;1350;1375
2025-09-29T11:38:34Z;397;;1747
2025-09-29T11:38:37Z;628;1160;1557
2025-09-29T11:38:41Z;;882;1510
2025-09-29T11:38:45Z;805;;1687
2025-09-29T11:38:52Z;-547;;335
2025-09-29T11:39:08Z;853;;1735
2025-09-29T11:39:10Z;919;;1801
2025-09-29T11:39:11Z;897;;1779
2025-09-29T11:39:12Z;900;;1782
2025-09-29T11:39:16Z;862;;1744
2025-09-29T11:39:19Z;927;;1809
2025-09-29T11:39:25Z;872;;1754
2025-09-29T11:39:26Z;881;;1763
2025-09-29T11:39:41Z;;599;1480
2025-09-29T11:39:43Z;;601;1482
2025-09-29T11:39:45Z;;597;1478
2025-09-29T11:39:51Z;973;;1570
2025-09-29T11:40:07Z;925;;1522
2025-09-29T11:40:30Z;1005;;1602
2025-09-29T11:40:49Z;1035;;1632
2025-09-29T11:41:11Z;1041;;1638
2025-09-29T11:41:24Z;823;678;1501
2025-09-29T11:41:31Z;-590;;88
2025-09-29T11:41:33Z;;583;-7
2025-09-29T11:41:35Z;1789;;2372
2025-09-29T11:41:36Z;-239;;344
2025-09-29T11:41:52Z;1163;;1746
2025-09-29T11:41:55Z;1200;;1783
2025-09-29T11:41:56Z;1192;;1775
2025-09-29T11:41:58Z;1202;;1785
2025-09-29T11:41:59Z;1157;;1740
2025-09-29T11:42:02Z;1292;;1875
2025-09-29T11:42:10Z;1148;;1731
2025-09-29T11:42:11Z;1142;;1725
2025-09-29T11:42:33Z;1165;;1748
2025-09-29T11:42:34Z;1240;;1823
2025-09-29T11:42:40Z;1162;;1745
2025-09-29T11:42:43Z;1245;;1828
2025-09-29T11:42:49Z;1181;;1764
2025-09-29T11:42:51Z;1152;;1735
2025-09-29T11:43:14Z;1214;;1797
2025-09-29T11:43:16Z;1196;;1779
2025-09-29T11:43:32Z;1138;;1721
2025-09-29T11:43:55Z;1185;;1768
2025-09-29T11:44:13Z;1143;;1726
2025-09-29T11:44:17Z;-302;;281
2025-09-29T11:44:18Z;-235;;348
2025-09-29T11:44:26Z;-303;;280
2025-09-29T11:44:28Z;-288;;295
2025-09-29T11:44:36Z;1182;;1765
2025-09-29T11:44:54Z;584;;1167
2025-09-29T11:44:55Z;-268;;315
2025-09-29T11:44:56Z;-302;;281
2025-09-29T11:45:04Z;-265;;318
2025-09-29T11:45:06Z;;499;234
2025-09-29T11:45:07Z;-308;;191
2025-09-29T11:45:13Z;-261;;238
2025-09-29T11:45:17Z;1110;;1609
2025-09-29T11:45:34Z;1101;;1600
2025-09-29T11:45:35Z;-103;;396
2025-09-29T11:45:39Z;-325;;174
2025-09-29T11:45:45Z;-281;;218
2025-09-29T11:45:48Z;-302;;197
2025-09-29T11:45:54Z;-270;;229
2025-09-29T11:45:58Z;1154;;1653
2025-09-29T11:46:15Z;1065;;1564
2025-09-29T11:46:22Z;-307;;192
2025-09-29T11:46:25Z;-306;;193
2025-09-29T11:46:30Z;-264;;235
2025-09-29T11:46:34Z;-306;;193
2025-09-29T11:46:39Z;1158;;1657
2025-09-29T11:46:56Z;1075;;1574
2025-09-29T11:47:11Z;-259;;240
2025-09-29T11:47:14Z;-303;;196
2025-09-29T11:47:19Z;117;;616
2025-09-29T11:47:20Z;1114;;1613
2025-09-29T11:47:38Z;1201;;1700
2025-09-29T11:47:40Z;-152;;347
2025-09-29T11:48:00Z;959;;1458
2025-09-29T11:48:20Z;-260;;239
2025-09-29T11:48:37Z;-192;;307
2025-09-29T11:48:38Z;;621;429
2025-09-29T11:48:39Z;-232;;389
2025-09-29T11:48:41Z;1120;;1741
2025-09-29T11:48:42Z;1222;;1843
2025-09-29T11:48:44Z;1180;461;1801
2025-09-29T11:48:51Z;1213;;1674
2025-09-29T11:48:53Z;1186;;1647
2025-09-29T11:48:57Z;1200;;1661
2025-09-29T11:48:58Z;1155;;1616
2025-09-29T11:49:01Z;-227;;234
2025-09-29T11:49:22Z;1243;;1704
2025-09-29T11:49:28Z;1199;;1660
2025-09-29T11:49:29Z;1200;;1661
2025-09-29T11:49:39Z;1198;;1659
2025-09-29T11:49:41Z;1203;;1664
2025-09-29T11:49:42Z;-125;;336
2025-09-29T11:50:03Z;1281;;1742
2025-09-29T11:50:23Z;-133;;328
2025-09-29T11:50:44Z;1255;;1716
2025-09-29T11:51:03Z;1314;;1775
2025-09-29T11:51:25Z;1318;;1779
2025-09-29T11:51:41Z;1194;;1655
2025-09-29T11:51:44Z;-266;;195
2025-09-29T11:52:00Z;-282;;179
2025-09-29T11:52:01Z;;620;338
2025-09-29T11:52:06Z;919;;1539
2025-09-29T11:52:08Z;;914;1833
2025-09-29T11:52:10Z;562;;1476
2025-09-29T11:52:11Z;;1274;1836
2025-09-29T11:52:13Z;281;;1555
2025-09-29T11:52:15Z;317;;1591
2025-09-29T11:52:21Z;;1162;1479
2025-09-29T11:52:25Z;-834;;328
2025-09-29T11:52:29Z;-942;1261;427
2025-09-29T11:52:30Z;-1075;;186
2025-09-29T11:52:31Z;;1550;475
2025-09-29T11:52:32Z;-1388;;162
2025-09-29T11:52:33Z;;1870;482
2025-09-29T11:52:35Z;-1836;2133;34
2025-09-29T11:52:46Z;-2035;;98
2025-09-29T11:52:51Z;-585;;1548
2025-09-29T11:52:55Z;-617;;1516
2025-09-29T11:53:05Z;-1954;;179
2025-09-29T11:53:27Z;-1946;;187
2025-09-29T11:53:47Z;-1902;;231
2025-09-29T11:54:09Z;-482;;1651
2025-09-29T11:54:27Z;-452;;1681
2025-09-29T11:54:43Z;-1883;;250
2025-09-29T11:54:45Z;-1834;;299
2025-09-29T11:54:49Z;-1857;;276
2025-09-29T11:55:06Z;-431;;1702
2025-09-29T11:55:07Z;-1231;;902
2025-09-29T11:55:32Z;-1880;;253
2025-09-29T11:55:47Z;-509;;1624
2025-09-29T11:56:12Z;-423;;1710
2025-09-29T11:56:30Z;-1850;;283
2025-09-29T11:56:53Z;-410;;1723
2025-09-29T11:57:11Z;-1845;;288
2025-09-29T11:57:33Z;-1435;;698
2025-09-29T11:57:51Z;-384;;1749
2025-09-29T11:58:08Z;-1854;;279
2025-09-29T11:58:12Z;-1807;;326
2025-09-29T11:58:14Z;-651;;1482
2025-09-29T11:58:32Z;-349;;1784
2025-09-29T11:58:35Z;-1845;;288
2025-09-29T11:58:45Z;-1782;;351
2025-09-29T11:58:46Z;-1800;;333
2025-09-29T11:58:48Z;-1815;;318
2025-09-29T11:58:50Z;-1803;;330
2025-09-29T11:58:54Z;-1794;;339
2025-09-29T11:59:12Z;-409;;1724
2025-09-29T11:59:16Z;-1844;;289
2025-09-29T11:59:22Z;-1791;;342
2025-09-29T11:59:28Z;-1799;;334
2025-09-29T11:59:32Z;-1825;;308
2025-09-29T11:59:35Z;-1764;;369
2025-09-29T11:59:36Z;-347;;1786
2025-09-29T11:59:49Z;;2094;1747
2025-09-29T11:59:51Z;;2101;1754
2025-09-29T11:59:53Z;;2098;1751
2025-09-29T11:59:54Z;-1768;;330
2025-09-29T11:59:57Z;;2104;336
2025-09-29T11:59:59Z;-1803;;301
2025-09-29T12:00:00Z;;2096;293
2025-09-29T12:00:02Z;-1760;;336
2025-09-29T12:00:06Z;;2089;329
2025-09-29T12:00:07Z;;2100;340
2025-09-29T12:00:09Z;;2094;334
2025-09-29T12:00:10Z;-1810;;284
2025-09-29T12:00:11Z;;2103;293
2025-09-29T12:00:13Z;-1777;2093;283
2025-09-29T12:00:17Z;-1799;2107;294
2025-09-29T12:00:19Z;;2098;299
2025-09-29T12:00:35Z;-1765;;333
2025-09-29T12:00:39Z;-1761;;337
2025-09-29T12:00:40Z;-1792;;306
2025-09-29T12:00:48Z;-1770;;328
2025-09-29T12:00:50Z;-1807;;291
2025-09-29T12:00:58Z;-377;2103;296
2025-09-29T12:01:00Z;;2092;1715
2025-09-29T12:01:02Z;;2100;1723
2025-09-29T12:01:03Z;;2091;1714
2025-09-29T12:01:05Z;;2100;1723
2025-09-29T12:01:10Z;;2099;1722
2025-09-29T12:01:15Z;-434;;1665
2025-09-29T12:01:36Z;-1748;;351
2025-09-29T12:01:38Z;-1515;1722;207
2025-09-29T12:01:40Z;13;;1735
2025-09-29T12:01:41Z;;1486;1499
2025-09-29T12:01:45Z;322;;1808
2025-09-29T12:01:46Z;;1140;1462
2025-09-29T12:01:49Z;;890;1212
2025-09-29T12:01:56Z;599;;1489
2025-09-29T12:01:57Z;;1001;1600
2025-09-29T12:01:58Z;-1057;1207;150
2025-09-29T12:02:03Z;;1174;117
2025-09-29T12:02:05Z;-888;;286
2025-09-29T12:02:06Z;-977;;197
2025-09-29T12:02:07Z;;1266;289
2025-09-29T12:02:08Z;-1325;;-59
2025-09-29T12:02:09Z;;1671;346
2025-09-29T12:02:11Z;;1834;509
2025-09-29T12:02:13Z;-1601;;233
2025-09-29T12:02:14Z;-1791;;43
2025-09-29T12:02:20Z;-404;;1430
2025-09-29T12:02:39Z;-1889;;-55
2025-09-29T12:02:58Z;;2101;212
2025-09-29T12:03:00Z;-1882;2098;219
2025-09-29T12:03:04Z;;2102;220
2025-09-29T12:03:06Z;;2099;217
2025-09-29T12:03:07Z;;2110;228
2025-09-29T12:03:13Z;;2099;217
2025-09-29T12:03:15Z;;2109;227
2025-09-29T12:03:20Z;-1890;;219
2025-09-29T12:03:22Z;;2089;199
2025-09-29T12:03:24Z;;2103;213
2025-09-29T12:03:32Z;;2096;206
2025-09-29T12:03:34Z;;2104;214
2025-09-29T12:03:41Z;-1888;;216
2025-09-29T12:03:42Z;;2099;211
2025-09-29T12:03:44Z;;2102;214
2025-09-29T12:03:50Z;;2099;211
2025-09-29T12:03:59Z;;2101;213
2025-09-29T12:04:00Z;-412;;1689
2025-09-29T12:04:01Z;;2095;1683
2025-09-29T12:04:19Z;;2102;1690
2025-09-29T12:04:20Z;;2093;1681
2025-09-29T12:04:22Z;-1912;;181
2025-09-29T12:04:41Z;-460;;1633
2025-09-29T12:05:03Z;-1904;;189
2025-09-29T12:05:21Z;-451;;1642
2025-09-29T12:05:22Z;-669;;1424
2025-09-29T12:05:47Z;-406;;1687
2025-09-29T12:05:52Z;-404;;1689
2025-09-29T12:06:05Z;-1504;;589
2025-09-29T12:06:06Z;-1895;;198
2025-09-29T12:06:25Z;-1876;;217
2025-09-29T12:06:43Z;-1861;;232
2025-09-29T12:07:06Z;-481;;1612
2025-09-29T12:07:23Z;-1844;;249
2025-09-29T12:07:47Z;-1895;;198
2025-09-29T12:08:06Z;-1887;;206
2025-09-29T12:08:28Z;-977;;1116
2025-09-29T12:08:29Z;-412;;1681
2025-09-29T12:08:47Z;-1875;;218
2025-09-29T12:09:08Z;-1838;;255
2025-09-29T12:09:27Z;-1853;;240
2025-09-29T12:09:49Z;-1850;;243
2025-09-29T12:10:07Z;-422;;1671
2025-09-29T12:10:30Z;-1842;;251
2025-09-29T12:10:49Z;-1848;;245
2025-09-29T12:11:12Z;-404;;1689
2025-09-29T12:11:30Z;-1863;;230
2025-09-29T12:11:53Z;-407;;1686
2025-09-29T12:12:11Z;-1899;;194
2025-09-29T12:12:24Z;;2100;201
2025-09-29T12:12:28Z;;2094;195
2025-09-29T12:12:34Z;-389;2106;1705
2025-09-29T12:12:36Z;;2097;1708
2025-09-29T12:12:43Z;;2100;1711
2025-09-29T12:12:47Z;;2099;1710
2025-09-29T12:12:49Z;;2105;1716
2025-09-29T12:12:51Z;-449;;1656
2025-09-29T12:12:52Z;-1919;;186
2025-09-29T12:12:54Z;-1870;;235
2025-09-29T12:12:56Z;;2094;224
2025-09-29T12:13:01Z;;2100;230
2025-09-29T12:13:04Z;;2099;229
2025-09-29T12:13:06Z;;2101;231
2025-09-29T12:13:12Z;;2094;224
2025-09-29T12:13:15Z;-377;2105;1717
2025-09-29T12:13:18Z;;2096;1719
2025-09-29T12:13:21Z;;2102;1725
2025-09-29T12:13:25Z;;2099;1722
2025-09-29T12:13:32Z;-381;2102;1718
2025-09-29T12:13:34Z;;2099;1718
2025-09-29T12:13:55Z;-1904;;195
2025-09-29T12:13:56Z;;2100;196
2025-09-29T12:13:57Z;;2099;195
2025-09-29T12:14:01Z;-198;;1901
2025-09-29T12:14:02Z;-358;;1741
2025-09-29T12:14:17Z;-1844;;255
2025-09-29T12:14:37Z;-407;;1692
2025-09-29T12:14:55Z;-1874;;225
2025-09-29T12:15:06Z;;2051;177
2025-09-29T12:15:08Z;-1861;;190
2025-09-29T12:15:09Z;-1767;;284
2025-09-29T12:15:15Z;;1759;-8
2025-09-29T12:15:17Z;-1644;1830;115
2025-09-29T12:15:21Z;;1733;89
2025-09-29T12:15:22Z;82;;1815
2025-09-29T12:15:25Z;;1436;1518
2025-09-29T12:15:29Z;89;1578;1525
2025-09-29T12:15:31Z;;1823;1912
2025-09-29T12:15:35Z;-257;;1566
2025-09-29T12:15:39Z;;1759;1502
2025-09-29T12:15:51Z;-1464;;295
2025-09-29T12:15:55Z;;1479;15
2025-09-29T12:15:57Z;-1393;;86
2025-09-29T12:15:58Z;;1603;210
2025-09-29T12:15:59Z;-197;;1406
2025-09-29T12:16:00Z;-256;1893;1637
2025-09-29T12:16:03Z;-343;;1550
2025-09-29T12:16:05Z;-319;;1574
2025-09-29T12:16:15Z;-366;;1527
2025-09-29T12:16:23Z;-1835;;58
2025-09-29T12:16:27Z;-1780;;113
2025-09-29T12:16:33Z;-1813;;80
2025-09-29T12:16:35Z;-1828;;65
2025-09-29T12:16:39Z;-1799;;94
2025-09-29T12:16:56Z;-345;;1548
2025-09-29T12:16:59Z;-1803;;90
2025-09-29T12:17:07Z;-1796;;97
2025-09-29T12:17:09Z;-1847;;46
2025-09-29T12:17:15Z;-1798;;95
2025-09-29T12:17:19Z;-1839;;54
2025-09-29T12:17:21Z;-356;;1537
2025-09-29T12:17:35Z;-292;;1601
2025-09-29T12:17:36Z;-309;;1584
2025-09-29T12:17:38Z;-293;;1600
2025-09-29T12:17:39Z;-1745;;148
2025-09-29T12:17:41Z;-1831;;62
2025-09-29T12:17:44Z;-1767;;126
2025-09-29T12:17:50Z;-1828;;65
2025-09-29T12:17:53Z;-1752;;141
2025-09-29T12:17:59Z;-1817;;76
2025-09-29T12:18:02Z;-251;;1642
2025-09-29T12:18:05Z;-300;;1593
2025-09-29T12:18:10Z;-344;;1549
2025-09-29T12:18:11Z;-290;;1603
2025-09-29T12:18:14Z;-308;;1585
2025-09-29T12:18:16Z;-288;;1605
2025-09-29T12:18:18Z;-329;;1564
2025-09-29T12:18:26Z;-1746;;147
2025-09-29T12:18:30Z;-1803;;90
2025-09-29T12:18:43Z;-242;;1651
2025-09-29T12:18:48Z;-282;;1611
2025-09-29T12:18:51Z;-313;;1580
2025-09-29T12:18:57Z;-259;;1634
2025-09-29T12:18:59Z;-1811;;82
2025-09-29T12:19:22Z;-1722;;171
2025-09-29T12:19:23Z;-635;;1258
2025-09-29T12:19:24Z;-262;;1631
2025-09-29T12:19:28Z;-251;;1642
2025-09-29T12:19:35Z;-296;;1597
2025-09-29T12:19:40Z;-304;;1589
2025-09-29T12:20:04Z;-285;;1608
2025-09-29T12:20:07Z;-307;;1586
2025-09-29T12:20:09Z;-238;;1655
2025-09-29T12:20:17Z;-302;;1591
2025-09-29T12:20:18Z;-248;;1645
2025-09-29T12:20:22Z;-1692;;201
2025-09-29T12:20:45Z;-303;;1590
2025-09-29T12:20:46Z;-286;;1607
2025-09-29T12:20:55Z;-260;;1633
2025-09-29T12:20:57Z;-293;;1600
2025-09-29T12:21:25Z;-1776;;117
2025-09-29T12:21:31Z;-278;;1615
2025-09-29T12:21:34Z;-327;;1566
2025-09-29T12:21:40Z;-264;;1629
2025-09-29T12:21:43Z;-326;;1567
2025-09-29T12:21:44Z;-261;;1632
2025-09-29T12:22:06Z;-1781;;112
2025-09-29T12:22:07Z;-245;;1648
2025-09-29T12:22:12Z;-281;;1612
2025-09-29T12:22:16Z;-264;;1629
2025-09-29T12:22:21Z;-266;;1627
2025-09-29T12:22:24Z;-318;;1575
2025-09-29T12:22:26Z;-1724;;169
2025-09-29T12:22:47Z;-1729;;164
2025-09-29T12:22:48Z;-272;;1621
2025-09-29T12:22:51Z;-309;;1584
2025-09-29T12:22:59Z;-265;;1628
2025-09-29T12:23:05Z;-306;;1587
2025-09-29T12:23:29Z;-250;;1643
2025-09-29T12:23:31Z;-300;;1593
2025-09-29T12:23:33Z;-254;;1639
2025-09-29T12:23:47Z;-1702;;191
2025-09-29T12:24:10Z;-297;;1596
2025-09-29T12:24:12Z;-296;;1597
2025-09-29T12:24:13Z;-312;;1581
2025-09-29T12:24:19Z;-261;;1632
2025-09-29T12:24:20Z;-309;;1584
2025-09-29T12:24:21Z;-299;;1594
2025-09-29T12:24:22Z;-308;;1585
2025-09-29T12:24:27Z;-268;;1625
2025-09-29T12:24:50Z;-1725;;168
2025-09-29T12:24:58Z;-307;;1586
2025-09-29T12:25:05Z;-311;;1582
2025-09-29T12:25:07Z;-310;;1583
2025-09-29T12:25:08Z;-158;;1735
2025-09-29T12:25:33Z;-255;;1638
2025-09-29T12:25:38Z;-289;;1604
2025-09-29T12:25:40Z;-251;;1642
2025-09-29T12:25:46Z;-307;;1586
2025-09-29T12:25:49Z;-276;;1617
2025-09-29T12:25:50Z;-1703;;190
2025-09-29T12:26:15Z;-300;;1593
2025-09-29T12:26:26Z;-300;;1593
2025-09-29T12:26:29Z;-305;;1588
2025-09-29T12:26:31Z;-259;;1634
2025-09-29T12:26:53Z;-1694;;199
2025-09-29T12:27:11Z;-282;;1611
2025-09-29T12:27:12Z;-1010;;883
2025-09-29T12:27:34Z;-1725;;168
2025-09-29T12:27:52Z;-260;;1633
2025-09-29T12:28:15Z;-1680;;213
2025-09-29T12:28:56Z;-1662;;231
2025-09-29T12:29:14Z;-1652;;241
2025-09-29T12:29:37Z;-858;;1035
2025-09-29T12:29:38Z;-180;;1713
2025-09-29T12:29:44Z;;1777;1597
2025-09-29T12:29:46Z;20;;1797
2025-09-29T12:29:47Z;12;;1789
2025-09-29T12:29:55Z;-1554;;223
2025-09-29T12:29:56Z;;1813;259
2025-09-29T12:30:06Z;;1832;278
2025-09-29T12:30:08Z;-1620;;212
2025-09-29T12:30:18Z;-273;;1559
2025-09-29T12:30:20Z;;1788;1515
2025-09-29T12:30:23Z;;1809;1536
2025-09-29T12:30:35Z;-143;;1666
2025-09-29T12:30:39Z;;1790;1647
2025-09-29T12:30:43Z;;1811;1668
2025-09-29T12:30:58Z;-1681;;130
2025-09-29T12:31:16Z;-1646;;165
2025-09-29T12:31:40Z;-118;;1693
2025-09-29T12:31:57Z;;1797;1679
2025-09-29T12:31:58Z;-1556;;241
2025-09-29T12:32:01Z;;1804;248
2025-09-29T12:32:04Z;;1796;240
2025-09-29T12:32:06Z;;1801;245
2025-09-29T12:32:20Z;-1599;;202
2025-09-29T12:32:38Z;-139;;1662
2025-09-29T12:33:01Z;-1614;;187
2025-09-29T12:33:20Z;-1622;;179
2025-09-29T12:33:42Z;-1659;;142
2025-09-29T12:34:01Z;-225;;1576
2025-09-29T12:34:23Z;-1655;;146
2025-09-29T12:34:43Z;-1646;;155
2025-09-29T12:35:23Z;-1594;;207
2025-09-29T12:35:45Z;-1601;;200
2025-09-29T12:36:03Z;-144;;1657
2025-09-29T12:36:27Z;-180;;1621
2025-09-29T12:36:45Z;-1592;;209
2025-09-29T12:37:01Z;;1706;114
2025-09-29T12:37:03Z;;1802;210
2025-09-29T12:37:05Z;;1109;-483
2025-09-29T12:37:06Z;;1833;241
2025-09-29T12:37:08Z;-166;;1667
2025-09-29T12:37:19Z;;1796;1630
2025-09-29T12:37:21Z;;1810;1644
2025-09-29T12:37:26Z;-384;;1426
2025-09-29T12:37:50Z;8;;1818
2025-09-29T12:37:53Z;;1797;1805
2025-09-29T12:37:55Z;;1807;1815
2025-09-29T12:38:04Z;;1795;1803
2025-09-29T12:38:05Z;;1806;1814
2025-09-29T12:38:06Z;-1439;;367
2025-09-29T12:38:07Z;-1628;;178
2025-09-29T12:38:13Z;;1797;169
2025-09-29T12:38:15Z;;1807;179
2025-09-29T12:38:23Z;;1798;170
2025-09-29T12:38:25Z;;1804;176
2025-09-29T12:38:31Z;;1799;171
2025-09-29T12:38:39Z;;1802;174
2025-09-29T12:38:41Z;;1794;166
2025-09-29T12:38:48Z;-1493;;301
2025-09-29T12:39:13Z;-113;;1681
2025-09-29T12:39:28Z;-147;;1647
2025-09-29T12:39:51Z;-1615;;179
2025-09-29T12:39:55Z;;1800;185
2025-09-29T12:39:57Z;;1792;177
2025-09-29T12:39:59Z;;1800;185
2025-09-29T12:40:01Z;;1799;184
2025-09-29T12:40:03Z;;1806;191
2025-09-29T12:40:04Z;;1799;184
2025-09-29T12:40:08Z;-109;;1690
2025-09-29T12:40:10Z;;1803;1694
2025-09-29T12:40:15Z;;1796;1687
2025-09-29T12:40:17Z;;1804;1695
2025-09-29T12:40:24Z;;1798;1689
2025-09-29T12:40:30Z;;1800;1691
2025-09-29T12:40:32Z;-882;;918
2025-09-29T12:40:33Z;;1798;916
2025-09-29T12:40:35Z;;1800;918
2025-09-29T12:40:39Z;;1792;910
2025-09-29T12:40:40Z;;1803;921
2025-09-29T12:40:42Z;;1796;914
2025-09-29T12:40:44Z;;1806;924
2025-09-29T12:40:49Z;-163;;1643
2025-09-29T12:40:50Z;;1794;1631
2025-09-29T12:40:51Z;;1801;1638
2025-09-29T12:40:59Z;;1794;1631
2025-09-29T12:41:01Z;;1805;1642
2025-09-29T12:41:09Z;;1795;1632
2025-09-29T12:41:11Z;;1806;1643
2025-09-29T12:41:14Z;-1628;;178
2025-09-29T12:41:20Z;;1799;171
2025-09-29T12:41:22Z;;1811;183
2025-09-29T12:41:29Z;;1799;171
2025-09-29T12:41:31Z;-1606;;193
2025-09-29T12:41:33Z;;1800;194
2025-09-29T12:41:34Z;;1786;180
2025-09-29T12:41:36Z;;1800;194
2025-09-29T12:41:43Z;;1786;180
2025-09-29T12:41:46Z;;1801;195
2025-09-29T12:41:48Z;;1799;193
2025-09-29T12:41:49Z;;1801;195
2025-09-29T12:41:53Z;-1574;;227
2025-09-29T12:41:59Z;;1796;222
2025-09-29T12:42:01Z;;1803;229
2025-09-29T12:42:09Z;;1795;221
2025-09-29T12:42:11Z;-144;;1651
2025-09-29T12:42:12Z;;1802;1658
2025-09-29T12:42:19Z;;1796;1652
2025-09-29T12:42:25Z;;1802;1658
2025-09-29T12:42:27Z;;1795;1651
2025-09-29T12:42:34Z;-1572;;223
2025-09-29T12:42:35Z;;1817;245
2025-09-29T12:42:37Z;;1799;227
2025-09-29T12:42:39Z;;1808;236
2025-09-29T12:42:43Z;;1792;220
2025-09-29T12:42:45Z;;1803;231
2025-09-29T12:42:54Z;-1586;;217
2025-09-29T12:42:57Z;;1798;212
2025-09-29T12:42:59Z;;1810;224
2025-09-29T12:43:06Z;;1799;213
2025-09-29T12:43:08Z;;1816;230
2025-09-29T12:43:15Z;-1634;;182
2025-09-29T12:43:24Z;;1799;165
2025-09-29T12:43:25Z;;1809;175
2025-09-29T12:43:33Z;;1796;162
2025-09-29T12:43:34Z;-145;;1651
2025-09-29T12:43:35Z;;1800;1655
2025-09-29T12:43:38Z;;1797;1652
2025-09-29T12:43:40Z;;1802;1657
2025-09-29T12:43:42Z;;1797;1652
2025-09-29T12:43:57Z;-162;;1635
2025-09-29T12:44:15Z;-164;;1633
2025-09-29T12:44:37Z;-1595;;202
2025-09-29T12:44:56Z;-160;;1637
2025-09-29T12:45:06Z;;1772;1612
2025-09-29T12:45:08Z;-1598;;174
2025-09-29T12:45:19Z;-94;;1678
2025-09-29T12:45:37Z;-1531;;241
2025-09-29T12:46:00Z;-95;;1677
2025-09-29T12:46:18Z;-1558;;214
2025-09-29T12:46:41Z;-142;;1630
2025-09-29T12:46:58Z;-111;;1661
2025-09-29T12:47:21Z;-1604;;168
2025-09-29T12:47:23Z;351;;2123
2025-09-29T12:47:25Z;;1284;1635
2025-09-29T12:47:27Z;;1761;2112
2025-09-29T12:47:39Z;-195;;1566
2025-09-29T12:48:02Z;-1576;;185
2025-09-29T12:48:21Z;-1540;;221
2025-09-29T12:48:44Z;-86;;1675
2025-09-29T12:48:47Z;1145;;2906
2025-09-29T12:48:49Z;41;;1802
2025-09-29T12:48:54Z;19;;1780
2025-09-29T12:48:58Z;37;;1798
2025-09-29T12:49:01Z;24;;1785
2025-09-29T12:49:02Z;-385;;1376
2025-09-29T12:49:27Z;55;;1816
2025-09-29T12:49:28Z;5;;1766
2025-09-29T12:49:29Z;17;;1778
2025-09-29T12:49:35Z;2;;1763
2025-09-29T12:49:38Z;18;;1779
2025-09-29T12:49:41Z;12;;1773
2025-09-29T12:49:42Z;-12;;1749
2025-09-29T12:49:44Z;-1446;;315
2025-09-29T12:50:06Z;42;;1803
2025-09-29T12:50:12Z;15;;1776
2025-09-29T12:50:19Z;36;;1797
2025-09-29T12:50:23Z;23;;1784
2025-09-29T12:50:47Z;38;;1799
2025-09-29T12:50:53Z;-12;;1749
2025-09-29T12:50:56Z;52;;1813
2025-09-29T12:51:02Z;-10;;1751
2025-09-29T12:51:05Z;-1365;;396
2025-09-29T12:51:26Z;-1453;;308
2025-09-29T12:51:28Z;54;;1815
2025-09-29T12:51:36Z;32;;1793
2025-09-29T12:51:41Z;30;;1791
2025-09-29T12:51:45Z;-34;;1727
2025-09-29T12:52:09Z;61;;1822
2025-09-29T12:52:11Z;0;;1761
2025-09-29T12:52:13Z;61;;1822
2025-09-29T12:52:19Z;13;;1774
2025-09-29T12:52:21Z;12;;1773
2025-09-29T12:52:26Z;33;;1794
2025-09-29T12:52:49Z;7;;1768
2025-09-29T12:52:50Z;8;;1769
2025-09-29T12:52:54Z;45;;1806
2025-09-29T12:53:00Z;10;;1771
2025-09-29T12:53:03Z;57;;1818
2025-09-29T12:53:06Z;10;;1771
2025-09-29T12:53:30Z;61;;1822
2025-09-29T12:53:37Z;-3;;1758
2025-09-29T12:53:39Z;10;;1771
2025-09-29T12:53:40Z;0;;1761
2025-09-29T12:53:42Z;1;;1762
2025-09-29T12:53:48Z;-1391;;370
2025-09-29T12:54:13Z;62;;1823
2025-09-29T12:54:25Z;44;;1805
2025-09-29T12:54:28Z;-11;;1750
2025-09-29T12:54:52Z;45;;1806
2025-09-29T12:54:59Z;4;;1765
2025-09-29T12:55:05Z;36;;1797
2025-09-29T12:55:09Z;-2;;1759
2025-09-29T12:55:33Z;42;;1803
2025-09-29T12:55:34Z;3;;1764
2025-09-29T12:55:36Z;9;;1770
2025-09-29T12:55:50Z;53;;1814
2025-09-29T12:56:14Z;49;;1810
2025-09-29T12:56:33Z;-1405;;356
2025-09-29T12:56:55Z;84;;1845
2025-09-29T12:57:14Z;-1390;;371
2025-09-29T12:57:33Z;;1243;-147
2025-09-29T12:57:35Z;;1680;290
2025-09-29T12:57:36Z;97;;1777
2025-09-29T12:57:54Z;75;;1755
2025-09-29T12:58:17Z;93;;1773
2025-09-29T12:58:58Z;60;;1740
2025-09-29T12:59:55Z;86;;1766
2025-09-29T12:59:56Z;-925;;755
2025-09-29T13:00:06Z;;1674;749
2025-09-29T13:00:20Z;108;;1782
2025-09-29T13:00:38Z;-1212;;462
2025-09-29T13:01:01Z;66;;1740
2025-09-29T13:01:14Z;0;;1674
2025-09-29T13:01:15Z;0;;1674
2025-09-29T13:01:17Z;39;;1713
2025-09-29T13:01:19Z;-1304;;370
2025-09-29T13:01:42Z;64;;1738
2025-09-29T13:01:59Z;33;;1707
2025-09-29T13:02:21Z;-1320;;354
2025-09-29T13:02:23Z;49;;1723
2025-09-29T13:02:40Z;111;;1785
2025-09-29T13:04:24Z;-548;;1126
2025-09-29T13:04:25Z;124;;1798
2025-09-29T13:04:27Z;-1330;;344
2025-09-29T13:05:05Z;50;;1724
2025-09-29T13:05:11Z;119;;1793
2025-09-29T13:05:48Z;98;;1772
2025-09-29T13:05:56Z;242;;1916
2025-09-29T13:06:26Z;164;;1838
2025-09-29T13:06:42Z;-1323;;351
2025-09-29T13:07:08Z;122;;1796
2025-09-29T13:07:25Z;-1227;;447
2025-09-29T13:07:28Z;-1202;;472
2025-09-29T13:07:34Z;-1243;;431
2025-09-29T13:07:39Z;;1319;76
2025-09-29T13:07:40Z;-1166;;153
2025-09-29T13:07:41Z;;1604;438
2025-09-29T13:07:42Z;;1279;113
2025-09-29T13:07:43Z;-1216;;63
2025-09-29T13:07:44Z;;1642;426
2025-09-29T13:08:07Z;91;;1733
2025-09-29T13:08:30Z;108;;1750
2025-09-29T13:08:31Z;73;;1715
2025-09-29T13:08:34Z;21;;1663
2025-09-29T13:08:39Z;12;;1654
2025-09-29T13:08:43Z;6;;1648
2025-09-29T13:08:46Z;22;;1664
2025-09-29T13:08:47Z;-5;;1637
2025-09-29T13:09:12Z;-1422;;220
2025-09-29T13:09:15Z;58;;1700
2025-09-29T13:09:20Z;20;;1662
2025-09-29T13:09:24Z;59;;1701
2025-09-29T13:09:26Z;1978;;3620
2025-09-29T13:09:28Z;603;;2245
2025-09-29T13:09:29Z;592;;2234
2025-09-29T13:09:33Z;627;;2269
2025-09-29T13:09:39Z;574;;2216
2025-09-29T13:09:45Z;599;;2241
2025-09-29T13:09:46Z;600;;2242
2025-09-29T13:09:48Z;567;;2209
2025-09-29T13:09:51Z;617;;2259
2025-09-29T13:09:52Z;1920;;3562
2025-09-29T13:10:09Z;579;;2221
2025-09-29T13:10:46Z;966;;2608
2025-09-29T13:10:47Z;551;;2193
2025-09-29T13:10:50Z;603;;2245
2025-09-29T13:10:51Z;569;;2211
2025-09-29T13:10:55Z;603;;2245
2025-09-29T13:10:57Z;572;;2214
2025-09-29T13:11:00Z;600;;2242
2025-09-29T13:11:02Z;581;;2223
2025-09-29T13:11:13Z;605;;2247
2025-09-29T13:11:14Z;547;;2189
2025-09-29T13:11:17Z;611;;2253
2025-09-29T13:11:19Z;586;;2228
2025-09-29T13:11:55Z;1855;;3497
2025-09-29T13:11:57Z;539;;2181
2025-09-29T13:12:26Z;609;;2251
2025-09-29T13:12:29Z;591;;2233
2025-09-29T13:12:34Z;630;;2272
2025-09-29T13:12:36Z;2050;;3692
2025-09-29T13:12:41Z;591;;2233
2025-09-29T13:12:42Z;601;;2243
2025-09-29T13:13:17Z;2044;;3686
2025-09-29T13:13:25Z;677;;2319
2025-09-29T13:13:57Z;1191;;2833
2025-09-29T13:14:38Z;1911;;3553
2025-09-29T13:14:51Z;2132;;3774
2025-09-29T13:14:52Z;2033;;3675
2025-09-29T13:14:54Z;660;;2302
2025-09-29T13:15:06Z;;1551;2211
2025-09-29T13:15:08Z;656;;2207
2025-09-29T13:15:19Z;2033;;3584
2025-09-29T13:15:37Z;694;;2245
2025-09-29T13:16:00Z;2045;;3596
2025-09-29T13:16:09Z;157;;1708
2025-09-29T13:16:17Z;58;;1609
2025-09-29T13:16:41Z;115;;1666
2025-09-29T13:16:57Z;104;;1655
2025-09-29T13:17:22Z;121;;1672
2025-09-29T13:17:38Z;-1328;;223
2025-09-29T13:17:43Z;-955;;596
2025-09-29T13:17:44Z;-1289;;262
2025-09-29T13:18:05Z;139;;1690
2025-09-29T13:18:17Z;-1317;;234
2025-09-29T13:18:44Z;146;;1697
2025-09-29T13:18:57Z;-1319;;232
2025-09-29T13:21:40Z;-1353;;198
2025-09-29T13:21:41Z;-1142;;409
2025-09-29T13:22:42Z;;1442;300
2025-09-29T13:22:46Z;;1502;360
2025-09-29T13:22:49Z;-1151;;351
2025-09-29T13:22:50Z;-1241;;261
2025-09-29T13:22:54Z;;1498;257
2025-09-29T13:22:56Z;;1506;265
2025-09-29T13:22:58Z;;1489;248
2025-09-29T13:23:01Z;-177;;1312
2025-09-29T13:23:02Z;-1291;1500;198
2025-09-29T13:23:04Z;;1495;204
2025-09-29T13:23:06Z;;1504;213
2025-09-29T13:23:08Z;;1495;204
2025-09-29T13:23:10Z;;1503;212
2025-09-29T13:23:11Z;;1483;192
2025-09-29T13:23:13Z;;1502;211
2025-09-29T13:23:15Z;;1498;207
2025-09-29T13:23:18Z;;1502;211
2025-09-29T13:23:20Z;;1502;211
2025-09-29T13:23:28Z;;1503;212
2025-09-29T13:23:30Z;;1498;207
2025-09-29T13:23:38Z;;1501;210
2025-09-29T13:23:40Z;;1497;206
2025-09-29T13:23:48Z;;1501;210
2025-09-29T13:23:50Z;;1499;208
2025-09-29T13:26:13Z;-1280;;219
2025-09-29T13:26:29Z;-1209;;290
2025-09-29T13:26:30Z;-1199;;300
2025-09-29T13:26:37Z;-1242;;257
2025-09-29T13:26:38Z;-1193;;306
2025-09-29T13:26:46Z;-1186;;313
2025-09-29T13:26:50Z;-1190;;309
2025-09-29T13:26:53Z;-1238;;261
2025-09-29T13:26:59Z;-1195;;304
2025-09-29T13:27:02Z;-1240;;259
2025-09-29T13:27:08Z;-1193;;306
2025-09-29T13:27:11Z;-1228;;271
2025-09-29T13:27:17Z;-1184;;315
2025-09-29T13:27:22Z;-1144;;355
2025-09-29T13:27:28Z;-1243;;256
2025-09-29T13:27:34Z;-1257;;242
2025-09-29T13:27:41Z;-1221;;278
2025-09-29T13:27:56Z;-1192;;307
2025-09-29T13:27:58Z;-1295;1609;417
2025-09-29T13:28:00Z;;1436;141
2025-09-29T13:28:02Z;-1198;;238
2025-09-29T13:28:03Z;-1210;;226
2025-09-29T13:28:29Z;-1261;;175
2025-09-29T13:28:30Z;-1187;;249
2025-09-29T13:30:06Z;;1417;230
2025-09-29T13:30:08Z;-1219;;198
2025-09-29T13:30:19Z;-1204;;213
2025-09-29T13:30:21Z;-1191;;226
2025-09-29T13:30:28Z;-1186;;231
2025-09-29T13:30:30Z;-1210;;207
2025-09-29T13:30:37Z;-1192;;225
2025-09-29T13:30:39Z;-1231;;186
2025-09-29T13:30:41Z;-1205;;212
2025-09-29T13:30:46Z;-1188;;229
2025-09-29T13:30:48Z;-1199;;218
2025-09-29T13:30:51Z;-1193;;224
2025-09-29T13:30:53Z;-1200;;217
2025-09-29T13:30:59Z;-1199;;218
2025-09-29T13:31:00Z;-1205;;212
2025-09-29T13:31:03Z;-1195;;222
2025-09-29T13:31:05Z;-1236;;181
2025-09-29T13:31:11Z;-1198;;219
2025-09-29T13:31:13Z;-1207;;210
2025-09-29T13:31:17Z;-1213;;204
2025-09-29T13:31:23Z;-1220;;197
2025-09-29T13:31:26Z;-1187;;230
2025-09-29T13:31:32Z;-1224;;193
2025-09-29T13:31:35Z;-1235;;182
2025-09-29T13:31:41Z;-1185;;232
2025-09-29T13:31:44Z;-1222;;195
2025-09-29T13:31:50Z;-1184;;233
2025-09-29T13:31:53Z;-1220;;197
2025-09-29T13:32:00Z;-1188;;229
2025-09-29T13:32:06Z;-1209;;208
2025-09-29T13:32:13Z;-1221;;196
2025-09-29T13:32:15Z;-1220;;197
2025-09-29T13:32:21Z;-1171;;246
2025-09-29T13:32:23Z;-1177;;240
2025-09-29T13:32:41Z;-1228;;189
2025-09-29T13:32:44Z;-1150;;267
2025-09-29T13:32:49Z;-1157;;260
2025-09-29T13:32:52Z;-1190;;227
2025-09-29T13:32:59Z;-1205;;212
2025-09-29T13:33:02Z;-1130;;287
2025-09-29T13:33:09Z;-1208;;209
2025-09-29T13:33:15Z;-1114;;303
2025-09-29T13:33:21Z;-1222;;195
2025-09-29T13:33:24Z;-1150;;267
2025-09-29T13:33:30Z;-1217;;200
2025-09-29T13:33:31Z;-1189;;228
2025-09-29T13:33:39Z;-1185;;232
2025-09-29T13:33:42Z;-1233;;184
2025-09-29T13:33:48Z;-1189;;228
2025-09-29T13:33:51Z;-1223;;194
2025-09-29T13:33:57Z;-1153;;264
2025-09-29T13:34:00Z;-1233;;184
2025-09-29T13:34:06Z;-1187;;230
2025-09-29T13:34:09Z;-1233;;184
2025-09-29T13:34:16Z;-1170;;247
2025-09-29T13:34:22Z;-1217;;200
2025-09-29T13:34:39Z;-1197;;220
2025-09-29T13:34:40Z;-1210;;207
2025-09-29T13:34:48Z;-1211;;206
2025-09-29T13:34:51Z;-1159;;258
2025-09-29T13:35:58Z;;1184;25
2025-09-29T13:36:05Z;;885;-274
2025-09-29T13:36:08Z;-591;;294
2025-09-29T13:36:09Z;-607;;278
2025-09-29T13:36:12Z;-575;;310
2025-09-29T13:36:14Z;-618;;267
2025-09-29T13:36:16Z;-575;;310
2025-09-29T13:36:30Z;;589;14
2025-09-29T13:36:42Z;;609;34
2025-09-29T13:36:47Z;-587;;22
2025-09-29T13:36:49Z;;901;314
2025-09-29T13:36:58Z;-885;;16
2025-09-29T13:37:06Z;;1220;335
2025-09-29T13:37:12Z;-1166;;54
2025-09-29T13:37:26Z;;1027;-139
2025-09-29T13:37:28Z;;1360;194
2025-09-29T13:37:32Z;-1229;;131
2025-09-29T13:37:33Z;-1190;;170
2025-09-29T13:37:46Z;-1194;;166
2025-09-29T13:37:48Z;;1163;-31
2025-09-29T13:37:49Z;-954;;209
2025-09-29T13:37:52Z;;881;-73
2025-09-29T13:37:54Z;-614;;267
2025-09-29T13:38:01Z;-103;;778
2025-09-29T13:38:02Z;-558;;323
2025-09-29T13:38:03Z;;477;-81
2025-09-29T13:38:05Z;;687;129
2025-09-29T13:38:19Z;;574;16
2025-09-29T13:38:26Z;-296;;278
2025-09-29T13:38:27Z;-346;;228
2025-09-29T13:38:30Z;-292;;282
2025-09-29T13:38:52Z;;294;2
2025-09-29T13:38:53Z;;303;11
2025-09-29T13:38:56Z;;293;1
2025-09-29T13:38:58Z;;300;8
2025-09-29T13:39:01Z;;297;5
2025-09-29T13:43:36Z;;300;8
2025-09-29T13:43:38Z;;293;1
2025-09-29T13:43:39Z;;309;17
2025-09-29T13:43:58Z;-304;;5
2025-09-29T13:44:27Z;;601;297
2025-09-29T13:44:47Z;-591;;10
2025-09-29T13:44:53Z;;906;315
2025-09-29T13:45:05Z;-896;;10
2025-09-29T13:45:06Z;;1026;130
2025-09-29T13:45:09Z;-914;;112
2025-09-29T13:45:11Z;-866;;160
2025-09-29T13:45:12Z;-921;;105
2025-09-29T13:45:25Z;;1213;292
2025-09-29T13:45:27Z;;1194;273
2025-09-29T13:45:28Z;;1204;283
2025-09-29T13:45:30Z;;1197;276
2025-09-29T13:45:32Z;;1204;283
2025-09-29T13:45:33Z;;1199;278
2025-09-29T13:45:35Z;;1209;288
2025-09-29T13:45:37Z;;1173;252
2025-09-29T13:45:39Z;;1200;279
2025-09-29T13:45:40Z;;1186;265
2025-09-29T13:45:42Z;;1215;294
2025-09-29T13:45:44Z;;1176;255
2025-09-29T13:45:46Z;;1219;298
2025-09-29T13:45:47Z;;1197;276
2025-09-29T13:45:49Z;;1209;288
2025-09-29T13:45:52Z;;1152;231
2025-09-29T13:46:00Z;-923;;229
2025-09-29T13:46:13Z;;889;-34
2025-09-29T13:46:17Z;-626;;263
2025-09-29T13:46:18Z;-598;;291
2025-09-29T13:46:20Z;-572;;317
2025-09-29T13:46:38Z;-575;;314
2025-09-29T13:46:42Z;;912;337
2025-09-29T13:46:49Z;-920;;-8
2025-09-29T13:47:04Z;-917;;-5
2025-09-29T13:47:05Z;-845;;67
2025-09-29T13:47:06Z;-903;;9
2025-09-29T13:47:21Z;;860;-43
2025-09-29T13:47:23Z;-577;;283
2025-09-29T13:47:27Z;;551;-26
2025-09-29T13:47:29Z;-267;;284
2025-09-29T13:47:54Z;-266;;285
2025-09-29T13:47:58Z;-364;;187
2025-09-29T13:47:59Z;-183;;368
2025-09-29T13:48:01Z;;616;433
2025-09-29T13:48:08Z;-482;;134
2025-09-29T13:48:09Z;-781;;-165
2025-09-29T13:48:12Z;-583;;33
2025-09-29T13:48:16Z;;938;355
2025-09-29T13:48:29Z;-905;;33
2025-09-29T13:48:33Z;-891;;47
2025-09-29T13:48:42Z;-912;;26
2025-09-29T13:48:44Z;-875;;63
2025-09-29T13:48:47Z;-899;;39
2025-09-29T13:48:49Z;-904;;34
2025-09-29T13:48:51Z;-922;;16
2025-09-29T13:48:52Z;-879;;59
2025-09-29T13:49:03Z;-887;;51
2025-09-29T13:49:05Z;-891;;47
2025-09-29T13:49:15Z;-897;;41
2025-09-29T13:49:22Z;-912;;26
2025-09-29T13:49:48Z;-802;;136
2025-09-29T13:49:54Z;-863;;75
2025-09-29T13:52:24Z;;750;-113
2025-09-29T13:52:25Z;;1020;157
2025-09-29T13:53:25Z;;840;-23
2025-09-29T13:53:26Z;;1020;157
2025-09-29T13:54:56Z;603;;1623
2025-09-29T13:54:57Z;1293;;2313
2025-09-29T13:55:35Z;;896;2189
2025-09-29T13:55:37Z;;907;2200
2025-09-29T13:55:43Z;1191;;2098
2025-09-29T13:55:44Z;1224;;2131
2025-09-29T13:56:12Z;;891;2115
2025-09-29T13:56:14Z;;950;2174
2025-09-29T13:56:47Z;1173;;2123
2025-09-29T13:56:49Z;1296;;2246
2025-09-29T13:57:19Z;1167;;2117
2025-09-29T13:57:20Z;1256;;2206
2025-09-29T13:57:50Z;1184;;2134
2025-09-29T13:57:52Z;1286;;2236
2025-09-29T13:57:53Z;;896;2182
2025-09-29T13:57:55Z;;929;2215
2025-09-29T13:58:09Z;;897;2183
2025-09-29T13:58:11Z;;921;2207
2025-09-29T13:58:16Z;;899;2185
2025-09-29T13:58:17Z;1505;;2404
2025-09-29T13:58:18Z;1419;929;2434
2025-09-29T13:58:54Z;1877;;2806
2025-09-29T13:58:55Z;;893;2770
2025-09-29T13:58:57Z;;918;2795
2025-09-29T13:59:01Z;1404;;2322
2025-09-29T13:59:54Z;;878;2282
2025-09-29T13:59:56Z;;914;2318
2025-09-29T14:00:06Z;;914;2318
2025-09-29T14:00:11Z;;861;2265
2025-09-29T14:00:13Z;;917;2321
2025-09-29T14:00:29Z;;896;2300
2025-09-29T14:00:32Z;;925;2329
2025-09-29T14:00:33Z;1501;;2426
2025-09-29T14:00:34Z;1435;;2360
2025-09-29T14:00:39Z;;887;2322
2025-09-29T14:00:41Z;;913;2348
2025-09-29T14:00:43Z;;896;2331
2025-09-29T14:00:45Z;;910;2345
2025-09-29T14:00:56Z;;889;2324
2025-09-29T14:00:58Z;;903;2338
2025-09-29T14:01:02Z;;898;2333
2025-09-29T14:01:04Z;;916;2351
2025-09-29T14:01:15Z;;895;2330
2025-09-29T14:01:17Z;;904;2339
2025-09-29T14:01:20Z;;896;2331
2025-09-29T14:01:28Z;;911;2346
2025-09-29T14:01:30Z;;897;2332
2025-09-29T14:01:32Z;;906;2341
2025-09-29T14:01:35Z;;885;2320
2025-09-29T14:01:38Z;;902;2337
2025-09-29T14:01:40Z;;899;2334
2025-09-29T14:02:03Z;1536;;2435
2025-09-29T14:02:04Z;1471;;2370
2025-09-29T14:02:08Z;1504;;2403
2025-09-29T14:02:09Z;1469;;2368
2025-09-29T14:02:31Z;;900;2369
2025-09-29T14:02:33Z;;891;2360
2025-09-29T14:03:51Z;1616;;2507
2025-09-29T14:03:53Z;1432;;2323
2025-09-29T14:04:13Z;1413;;2304
2025-09-29T14:04:33Z;1539;;2430
2025-09-29T14:04:34Z;1444;;2335
2025-09-29T14:04:45Z;1515;;2406
2025-09-29T14:04:46Z;1475;;2366
2025-09-29T14:04:54Z;1580;;2471
2025-09-29T14:04:55Z;1438;;2329
2025-09-29T14:05:05Z;1565;;2456
2025-09-29T14:05:06Z;1408;;2299
2025-09-29T14:05:26Z;1580;;2471
2025-09-29T14:05:28Z;1404;;2295
2025-09-29T14:05:47Z;1642;;2533
2025-09-29T14:05:49Z;1421;;2312
2025-09-29T14:06:05Z;1507;;2398
2025-09-29T14:06:06Z;1462;;2353
2025-09-29T14:06:08Z;1605;;2496
2025-09-29T14:06:09Z;1442;;2333
2025-09-29T14:06:19Z;1504;;2395
2025-09-29T14:06:21Z;1454;;2345
2025-09-29T14:06:31Z;1634;;2525
2025-09-29T14:06:32Z;1459;;2350
2025-09-29T14:06:43Z;1388;;2279
2025-09-29T14:07:43Z;1499;;2390
2025-09-29T14:07:44Z;1500;;2391
2025-09-29T14:08:26Z;2330;;3221
2025-09-29T14:08:27Z;1650;0;2330
2025-09-29T14:08:28Z;;795;2445
2025-09-29T14:08:30Z;;538;2188
2025-09-29T14:08:32Z;;782;2432
2025-09-29T14:09:25Z;;488;2138
2025-09-29T14:09:26Z;1755;;2243
2025-09-29T14:09:28Z;1816;;2304
2025-09-29T14:09:30Z;1774;;2262
2025-09-29T14:09:32Z;;604;2378
2025-09-29T14:09:41Z;1653;;2257
2025-09-29T14:09:44Z;-220;;384
2025-09-29T14:12:13Z;-445;;159
2025-09-29T14:12:15Z;-299;;305
2025-09-29T14:12:30Z;-314;;290
2025-09-29T14:12:31Z;-297;;307
2025-09-29T14:12:34Z;-304;;300
2025-09-29T14:12:48Z;-328;;276
2025-09-29T14:12:51Z;-282;;322
2025-09-29T14:12:57Z;-435;;169
2025-09-29T14:13:08Z;-295;;309
2025-09-29T14:13:09Z;-300;;304
2025-09-29T14:13:26Z;-277;;327
2025-09-29T14:13:27Z;-300;;304
2025-09-29T14:13:28Z;-253;;351
2025-09-29T14:13:30Z;-234;;370
2025-09-29T14:13:34Z;-236;;368
2025-09-29T14:13:45Z;-409;;195
2025-09-29T14:13:52Z;-440;;164
2025-09-29T14:14:02Z;-274;;330
2025-09-29T14:14:08Z;-418;;186
2025-09-29T14:14:18Z;-295;;309
2025-09-29T14:14:24Z;-435;;169
2025-09-29T14:14:35Z;-191;;413
2025-09-29T14:14:40Z;-287;;317
2025-09-29T14:15:06Z;;666;379
2025-09-29T14:15:08Z;-380;;286
2025-09-29T14:15:37Z;-360;;306
2025-09-29T14:15:47Z;-259;;407
2025-09-29T14:15:49Z;-291;;375
2025-09-29T14:15:50Z;-319;;347
2025-09-29T14:15:52Z;-298;;368
2025-09-29T14:15:57Z;-319;;347
2025-09-29T14:15:58Z;-299;;367
2025-09-29T14:16:00Z;-313;;353
2025-09-29T14:16:01Z;-364;;302
2025-09-29T14:16:03Z;-370;;296
2025-09-29T14:16:05Z;-335;;331
2025-09-29T14:16:08Z;-299;;367
2025-09-29T14:16:09Z;-316;;350
2025-09-29T14:16:10Z;-289;;377
2025-09-29T14:16:14Z;-246;;420
2025-09-29T14:16:16Z;-336;;330
2025-09-29T14:16:18Z;-287;;379
2025-09-29T14:16:19Z;;598;311
2025-09-29T14:16:21Z;;609;322
2025-09-29T14:16:23Z;-269;;340
2025-09-29T14:16:25Z;-294;;315
2025-09-29T14:16:26Z;-353;;256
2025-09-29T14:16:27Z;-277;;332
2025-09-29T14:16:28Z;-309;;300
2025-09-29T14:16:29Z;-293;;316
2025-09-29T14:16:31Z;-329;;280
2025-09-29T14:16:32Z;-282;;327
2025-09-29T14:16:33Z;-354;;255
2025-09-29T14:16:35Z;-261;;348
2025-09-29T14:16:37Z;-332;;277
2025-09-29T14:16:38Z;-292;;317
2025-09-29T14:16:40Z;-329;;280
2025-09-29T14:16:44Z;-296;;313
2025-09-29T14:16:45Z;-357;;252
2025-09-29T14:16:46Z;-360;;249
2025-09-29T14:16:48Z;-276;;333
2025-09-29T14:16:50Z;-254;;355
2025-09-29T14:16:52Z;-338;;271
2025-09-29T14:16:53Z;-257;;352
2025-09-29T14:16:56Z;;596;339
2025-09-29T14:16:58Z;;625;368
2025-09-29T14:16:59Z;-240;;385
2025-09-29T14:17:00Z;-258;;367
2025-09-29T14:17:01Z;-301;;324
2025-09-29T14:17:03Z;-289;;336
2025-09-29T14:17:04Z;;597;308
2025-09-29T14:17:06Z;;604;315
2025-09-29T14:17:08Z;;594;305
2025-09-29T14:17:09Z;;621;332
2025-09-29T14:17:11Z;-340;;281
2025-09-29T14:17:12Z;;596;256
2025-09-29T14:17:13Z;-138;;458
2025-09-29T14:17:14Z;;614;476
2025-09-29T14:17:17Z;-304;;310
2025-09-29T14:17:18Z;-296;;318
2025-09-29T14:17:19Z;-300;;314
2025-09-29T14:17:20Z;-348;;266
2025-09-29T14:17:21Z;-344;;270
2025-09-29T14:17:23Z;-199;;415
2025-09-29T14:17:24Z;-301;;313
2025-09-29T14:17:26Z;-285;;329
2025-09-29T14:17:27Z;-306;;308
2025-09-29T14:17:29Z;-370;;244
2025-09-29T14:17:30Z;-95;;519
2025-09-29T14:17:32Z;-314;589;300
2025-09-29T14:17:34Z;;607;293
2025-09-29T14:17:37Z;-308;;299
2025-09-29T14:17:39Z;-361;;246
2025-09-29T14:17:40Z;-262;;345
2025-09-29T14:17:41Z;-335;;272
2025-09-29T14:17:44Z;;592;257
2025-09-29T14:17:46Z;;608;273
2025-09-29T14:17:47Z;-256;589;352
2025-09-29T14:17:49Z;;619;363
2025-09-29T14:17:51Z;-331;;288
2025-09-29T14:17:52Z;;584;253
2025-09-29T14:17:55Z;-266;605;290
2025-09-29T14:17:56Z;-315;;269
2025-09-29T14:18:00Z;-244;;361
2025-09-29T14:18:01Z;-314;;291
2025-09-29T14:18:02Z;-271;;334
2025-09-29T14:18:03Z;-355;;250
2025-09-29T14:18:05Z;;589;234
2025-09-29T14:18:09Z;-244;607;345
2025-09-29T14:18:10Z;-345;;262
2025-09-29T14:18:13Z;-253;591;354
2025-09-29T14:18:15Z;;602;349
2025-09-29T14:18:16Z;;597;344
2025-09-29T14:18:17Z;-307;;290
2025-09-29T14:18:19Z;-324;;273
2025-09-29T14:18:21Z;-266;;331
2025-09-29T14:18:22Z;-332;;265
2025-09-29T14:18:23Z;-255;603;271
2025-09-29T14:18:24Z;-304;;299
2025-09-29T14:18:25Z;;598;294
2025-09-29T14:18:27Z;-239;608;359
2025-09-29T14:18:29Z;;595;356
2025-09-29T14:18:31Z;;608;369
2025-09-29T14:18:34Z;;596;357
2025-09-29T14:18:38Z;;609;370
2025-09-29T14:18:40Z;;599;360
2025-09-29T14:18:42Z;;603;364
2025-09-29T14:18:43Z;-455;;148
2025-09-29T14:18:44Z;-251;576;352
2025-09-29T14:19:03Z;-237;;339
2025-09-29T14:19:04Z;-389;;187
2025-09-29T14:19:23Z;;136;-253
2025-09-29T14:19:24Z;-180;;-44
2025-09-29T14:19:25Z;-398;545;365
2025-09-29T14:19:26Z;-652;;-107
2025-09-29T14:19:27Z;-349;;196
2025-09-29T14:19:35Z;-263;;282
2025-09-29T14:19:37Z;-369;;176
2025-09-29T14:19:44Z;-346;;199
2025-09-29T14:19:46Z;-333;;212
2025-09-29T14:19:55Z;-372;;173
2025-09-29T14:19:57Z;-299;;246
2025-09-29T14:20:17Z;-292;;253
2025-09-29T14:20:18Z;-303;;242
2025-09-29T14:20:20Z;-335;;210
2025-09-29T14:20:52Z;-109;;436
2025-09-29T14:20:54Z;-302;;243
2025-09-29T14:20:56Z;-279;;266
2025-09-29T14:21:16Z;-277;;268
2025-09-29T14:21:46Z;-114;;431
2025-09-29T14:25:49Z;-253;;292
2025-09-29T14:25:51Z;-302;;243
2025-09-29T14:25:58Z;-292;;253
2025-09-29T14:30:00Z;19;;564
2025-09-29T14:30:02Z;-251;;294
2025-09-29T14:30:06Z;;356;105
2025-09-29T14:30:10Z;-228;;128
2025-09-29T14:31:15Z;;273;45
2025-09-29T14:31:17Z;;312;84
2025-09-29T14:32:18Z;;294;66
2025-09-29T14:32:20Z;;300;72
2025-09-29T14:32:22Z;;292;64
2025-09-29T14:32:29Z;67;;359
2025-09-29T14:32:30Z;-122;;170
2025-09-29T14:32:41Z;48;;340
2025-09-29T14:32:42Z;1464;;1756
2025-09-29T14:39:22Z;-53;;239
2025-09-29T14:39:28Z;2;;294
2025-09-29T14:39:30Z;1346;;1638
2025-09-29T14:39:55Z;1335;;1627
2025-09-29T14:40:07Z;;0;1335
2025-09-29T14:40:08Z;;142;1477
2025-09-29T14:40:10Z;13;;155
2025-09-29T14:40:11Z;1351;;1493
2025-09-29T14:40:12Z;1069;;1211
2025-09-29T14:40:13Z;1353;;1495
2025-09-29T14:40:36Z;6;;148
2025-09-29T14:40:50Z;38;;180
2025-09-29T14:40:52Z;1370;;1512
2025-09-29T14:41:11Z;-39;;103
2025-09-29T14:41:31Z;959;;1101
2025-09-29T14:41:32Z;1307;;1449
2025-09-29T14:41:54Z;-88;;54
2025-09-29T14:42:00Z;130;;272
2025-09-29T14:42:12Z;1271;;1413
2025-09-29T14:42:37Z;1342;;1484
2025-09-29T14:42:43Z;1;;143
2025-09-29T14:42:53Z;1379;;1521
2025-09-29T14:43:23Z;-90;;52
2025-09-29T14:43:26Z;37;;179
2025-09-29T14:43:27Z;-42;;100
2025-09-29T14:43:36Z;1341;;1483
2025-09-29T14:44:13Z;203;;345
2025-09-29T14:44:15Z;1375;;1517
2025-09-29T14:44:49Z;1493;;1635
2025-09-29T14:44:50Z;124;;266
2025-09-29T14:44:56Z;1520;;1662
2025-09-29T14:45:05Z;1493;;1635
2025-09-29T14:45:06Z;;174;1667
2025-09-29T14:45:08Z;1532;;1706
2025-09-29T14:45:18Z;;0;1532
2025-09-29T14:45:20Z;;68;1600
2025-09-29T14:45:24Z;1502;;1570
2025-09-29T14:45:25Z;1410;;1478
2025-09-29T14:45:28Z;1319;;1387
2025-09-29T14:45:31Z;0;;68
2025-09-29T14:45:37Z;1282;;1350
2025-09-29T14:45:43Z;1584;;1652
2025-09-29T14:45:46Z;1488;;1556
2025-09-29T14:45:49Z;1564;;1632
2025-09-29T14:45:55Z;1479;;1547
2025-09-29T14:46:04Z;1289;;1357
2025-09-29T14:46:07Z;1341;;1409
2025-09-29T14:46:18Z;1360;;1428
2025-09-29T14:46:33Z;;0;1360
2025-09-29T14:46:34Z;;143;1503
2025-09-29T14:46:47Z;1289;;1432
2025-09-29T14:46:59Z;1355;;1498
2025-09-29T14:47:25Z;-5;;138
2025-09-29T14:47:40Z;1363;;1506
2025-09-29T14:48:00Z;1336;;1479
2025-09-29T14:48:37Z;36;;179
2025-09-29T14:48:38Z;-21;;122
2025-09-29T14:48:41Z;1348;;1491
2025-09-29T14:48:44Z;-41;;102
2025-09-29T14:49:09Z;5;;148
2025-09-29T14:49:11Z;-34;;109
2025-09-29T14:49:22Z;1380;;1523
2025-09-29T14:49:32Z;1372;;1515
2025-09-29T14:50:05Z;1416;;1559
2025-09-29T14:50:17Z;1527;;1670
2025-09-29T14:50:18Z;1414;;1557
2025-09-29T14:52:44Z;-86;;57
2025-09-29T14:52:47Z;1380;;1523
2025-09-29T14:53:16Z;-37;;106
2025-09-29T14:53:28Z;1353;;1496
2025-09-29T14:53:49Z;1299;;1442
2025-09-29T14:53:58Z;79;;222
2025-09-29T14:54:00Z;-23;;120
2025-09-29T14:54:19Z;3;;146
2025-09-29T14:57:56Z;302;;445
2025-09-29T14:57:57Z;294;;437
2025-09-29T14:57:59Z;304;;447
2025-09-29T14:58:54Z;296;;439
2025-09-29T14:59:04Z;302;;445
2025-09-29T14:59:07Z;300;;443
2025-09-29T14:59:09Z;298;;441
2025-09-29T14:59:10Z;301;;444
2025-09-29T14:59:13Z;298;;441
2025-09-29T14:59:17Z;300;;443
2025-09-29T14:59:19Z;298;;441
2025-09-29T14:59:23Z;306;;449
2025-09-29T14:59:29Z;298;;441
2025-09-29T14:59:31Z;300;;443
2025-09-29T14:59:34Z;297;;440
2025-09-29T14:59:35Z;302;;445
2025-09-29T14:59:41Z;299;;442
2025-09-29T14:59:44Z;303;;446
2025-09-29T14:59:46Z;297;;440
2025-09-29T14:59:50Z;303;;446
2025-09-29T14:59:53Z;297;;440
2025-09-29T14:59:55Z;305;;448
2025-09-29T15:00:04Z;302;;445
2025-09-29T15:00:06Z;297;;440
2025-09-29T15:00:08Z;;167;464
2025-09-29T15:00:10Z;302;;469
2025-09-29T15:00:12Z;294;;461
2025-09-29T15:00:13Z;300;;467
2025-09-29T15:00:20Z;298;;465
2025-09-29T15:00:21Z;708;;875
2025-09-29T15:00:22Z;307;;474
2025-09-29T15:00:24Z;34;;201
2025-09-29T15:00:25Z;299;;466
2025-09-29T15:00:27Z;302;;469
2025-09-29T15:00:28Z;297;;464
2025-09-29T15:00:29Z;301;;468
2025-09-29T15:00:30Z;293;;460
2025-09-29T15:00:32Z;301;;468
2025-09-29T15:00:33Z;299;;466
2025-09-29T15:00:34Z;300;;467
2025-09-29T15:00:39Z;299;;466
2025-09-29T15:00:40Z;303;;470
2025-09-29T15:00:46Z;-82;;85
2025-09-29T15:04:39Z;1504;;1671
2025-09-29T15:04:40Z;1479;;1646
2025-09-29T15:09:03Z;2702;;2869
2025-09-29T15:09:05Z;1480;;1647
2025-09-29T15:09:11Z;1512;;1679
2025-09-29T15:09:13Z;1480;;1647
2025-09-29T15:09:19Z;118;;285
2025-09-29T15:09:25Z;1483;;1650
2025-09-29T15:09:48Z;59;;226
2025-09-29T15:10:06Z;1496;;1663
2025-09-29T15:10:10Z;1515;;1682
2025-09-29T15:10:11Z;1486;;1653
2025-09-29T15:10:19Z;1537;;1704
2025-09-29T15:10:21Z;117;;284
2025-09-29T15:10:47Z;1473;;1640
2025-09-29T15:10:50Z;1505;;1672
2025-09-29T15:10:56Z;1463;;1630
2025-09-29T15:11:00Z;832;;999
2025-09-29T15:11:01Z;93;;260
2025-09-29T15:11:28Z;1528;;1695
2025-09-29T15:11:34Z;1480;;1647
2025-09-29T15:11:40Z;1520;;1687
2025-09-29T15:11:43Z;673;;840
2025-09-29T15:11:44Z;108;;275
2025-09-29T15:12:11Z;1544;;1711
2025-09-29T15:12:14Z;1478;;1645
2025-09-29T15:12:17Z;1557;;1724
2025-09-29T15:12:23Z;1473;;1640
2025-09-29T15:12:26Z;1555;;1722
2025-09-29T15:12:27Z;1071;;1238
2025-09-29T15:12:28Z;110;;277
2025-09-29T15:12:50Z;1525;;1692
2025-09-29T15:12:54Z;1474;;1641
2025-09-29T15:12:58Z;1542;;1709
2025-09-29T15:13:04Z;1471;;1638
2025-09-29T15:13:07Z;1560;;1727
2025-09-29T15:13:12Z;1496;;1663
2025-09-29T15:13:14Z;63;;230
2025-09-29T15:13:31Z;1491;;1658
2025-09-29T15:13:34Z;1563;;1730
2025-09-29T15:13:40Z;1481;;1648
2025-09-29T15:13:43Z;1530;;1697
2025-09-29T15:13:50Z;1481;;1648
2025-09-29T15:13:57Z;1549;;1716
2025-09-29T15:14:12Z;1487;;1654
2025-09-29T15:14:15Z;1568;;1735
2025-09-29T15:14:21Z;1487;;1654
2025-09-29T15:14:22Z;1507;;1674
2025-09-29T15:14:23Z;1487;;1654
2025-09-29T15:14:24Z;1570;;1737
2025-09-29T15:14:30Z;1473;;1640
2025-09-29T15:14:33Z;1543;;1710
2025-09-29T15:14:39Z;1477;;1644
2025-09-29T15:14:41Z;66;;233
2025-09-29T15:14:53Z;1532;;1699
2025-09-29T15:14:58Z;1483;;1650
2025-09-29T15:15:05Z;1549;;1716
2025-09-29T15:15:06Z;;127;1676
2025-09-29T15:15:11Z;1482;;1609
2025-09-29T15:15:13Z;1560;;1687
2025-09-29T15:15:23Z;179;;306
2025-09-29T15:15:38Z;1477;;1604
2025-09-29T15:15:41Z;1530;;1657
2025-09-29T15:15:47Z;1473;;1600
2025-09-29T15:15:50Z;1525;;1652
2025-09-29T15:15:52Z;1494;;1621
2025-09-29T15:15:53Z;1529;;1656
2025-09-29T15:15:56Z;1482;;1609
2025-09-29T15:15:59Z;1524;;1651
2025-09-29T15:16:02Z;1283;;1410
2025-09-29T15:16:03Z;116;;243
2025-09-29T15:16:16Z;747;;874
2025-09-29T15:16:19Z;1476;;1603
2025-09-29T15:16:22Z;1567;;1694
2025-09-29T15:16:31Z;1562;;1689
2025-09-29T15:16:37Z;1474;;1601
2025-09-29T15:16:40Z;1530;;1657
2025-09-29T15:16:41Z;223;;350
2025-09-29T15:16:55Z;1263;;1390
2025-09-29T15:16:58Z;1531;;1658
2025-09-29T15:17:04Z;1487;;1614
2025-09-29T15:17:07Z;1529;;1656
2025-09-29T15:17:15Z;1493;;1620
2025-09-29T15:17:19Z;90;;217
2025-09-29T15:17:36Z;1442;;1569
2025-09-29T15:17:39Z;1562;;1689
2025-09-29T15:17:45Z;1485;;1612
2025-09-29T15:17:48Z;1537;;1664
2025-09-29T15:17:54Z;1489;;1616
2025-09-29T15:17:57Z;1528;;1655
2025-09-29T15:17:58Z;128;;255
2025-09-29T15:18:19Z;1543;;1670
2025-09-29T15:18:23Z;1493;;1620
2025-09-29T15:18:27Z;1500;;1627
2025-09-29T15:18:35Z;1499;;1626
2025-09-29T15:18:38Z;143;;270
2025-09-29T15:18:58Z;1545;;1672
2025-09-29T15:19:02Z;1493;;1620
2025-09-29T15:19:05Z;1543;;1670
2025-09-29T15:19:11Z;1490;;1617
2025-09-29T15:19:14Z;1526;;1653
2025-09-29T15:19:20Z;85;;212
2025-09-29T15:19:39Z;1540;;1667
2025-09-29T15:19:43Z;1496;;1623
2025-09-29T15:19:46Z;1548;;1675
2025-09-29T15:19:52Z;1495;;1622
2025-09-29T15:19:55Z;1553;;1680
2025-09-29T15:20:01Z;76;;203
2025-09-29T15:20:22Z;1527;;1654
2025-09-29T15:20:29Z;1490;;1617
2025-09-29T15:20:31Z;1516;;1643
2025-09-29T15:20:39Z;1485;;1612
2025-09-29T15:20:42Z;;0;1485
2025-09-29T15:20:43Z;89;;89
2025-09-29T15:20:50Z;;108;197
2025-09-29T15:21:01Z;1508;;1616
2025-09-29T15:21:09Z;1499;;1607
2025-09-29T15:21:12Z;1537;;1645
2025-09-29T15:21:18Z;1491;;1599
2025-09-29T15:21:21Z;1562;;1670
2025-09-29T15:21:25Z;135;;243
2025-09-29T15:21:42Z;1538;;1646
2025-09-29T15:21:47Z;1491;;1599
2025-09-29T15:21:52Z;1501;;1609
2025-09-29T15:21:59Z;1494;;1602
2025-09-29T15:22:02Z;1535;;1643
2025-09-29T15:22:08Z;75;;183
2025-09-29T15:22:23Z;1553;;1661
2025-09-29T15:22:26Z;1499;;1607
2025-09-29T15:22:28Z;1502;;1610
2025-09-29T15:22:29Z;1496;;1604
2025-09-29T15:22:30Z;1572;;1680
2025-09-29T15:22:38Z;1497;;1605
2025-09-29T15:22:39Z;1571;;1679
2025-09-29T15:22:45Z;1489;;1597
2025-09-29T15:22:48Z;168;;276
2025-09-29T15:23:04Z;1548;;1656
2025-09-29T15:23:16Z;1493;;1601
2025-09-29T15:23:19Z;1530;;1638
2025-09-29T15:23:26Z;1493;;1601
2025-09-29T15:23:28Z;114;;222
2025-09-29T15:23:45Z;1505;;1613
2025-09-29T15:23:53Z;1493;;1601
2025-09-29T15:23:56Z;1574;;1682
2025-09-29T15:24:01Z;1459;;1567
2025-09-29T15:24:02Z;1508;;1616
2025-09-29T15:24:03Z;1451;;1559
2025-09-29T15:24:09Z;122;;230
2025-09-29T15:24:26Z;1502;;1610
2025-09-29T15:24:34Z;1496;;1604
2025-09-29T15:24:36Z;1514;;1622
2025-09-29T15:24:44Z;1492;;1600
2025-09-29T15:24:46Z;1575;;1683
2025-09-29T15:24:50Z;130;;238
2025-09-29T15:25:07Z;1547;;1655
2025-09-29T15:25:11Z;1495;;1603
2025-09-29T15:25:13Z;1501;;1609
2025-09-29T15:25:17Z;1547;;1655
2025-09-29T15:25:23Z;1492;;1600
2025-09-29T15:25:25Z;1507;;1615
2025-09-29T15:25:26Z;1498;;1606
2025-09-29T15:25:27Z;1569;;1677
2025-09-29T15:25:30Z;126;;234
2025-09-29T15:25:48Z;1550;;1658
2025-09-29T15:25:54Z;1575;;1683
2025-09-29T15:26:00Z;1498;;1606
2025-09-29T15:26:03Z;1563;;1671
2025-09-29T15:26:06Z;1439;;1547
2025-09-29T15:26:07Z;1513;;1621
2025-09-29T15:26:09Z;1466;;1574
2025-09-29T15:26:11Z;81;;189
2025-09-29T15:26:29Z;1530;;1638
2025-09-29T15:26:31Z;1473;;1581
2025-09-29T15:26:35Z;1541;;1649
2025-09-29T15:26:41Z;1479;;1587
2025-09-29T15:26:44Z;1535;;1643
2025-09-29T15:26:50Z;1493;;1601
2025-09-29T15:26:52Z;80;;188
2025-09-29T15:27:10Z;1498;;1606
2025-09-29T15:27:11Z;1562;;1670
2025-09-29T15:27:17Z;1492;;1600
2025-09-29T15:27:20Z;1539;;1647
2025-09-29T15:27:27Z;1492;;1600
2025-09-29T15:27:32Z;79;;187
2025-09-29T15:27:51Z;1503;;1611
2025-09-29T15:28:00Z;1495;;1603
2025-09-29T15:28:01Z;1573;;1681
2025-09-29T15:28:07Z;1495;;1603
2025-09-29T15:28:10Z;1553;;1661
2025-09-29T15:28:13Z;1031;;1139
2025-09-29T15:28:14Z;122;;230
2025-09-29T15:28:33Z;1561;;1669
2025-09-29T15:28:36Z;1499;;1607
2025-09-29T15:28:37Z;1500;;1608
2025-09-29T15:28:39Z;1497;;1605
2025-09-29T15:28:40Z;1502;;1610
2025-09-29T15:28:50Z;1490;;1598
2025-09-29T15:28:52Z;1583;;1691
2025-09-29T15:28:54Z;403;;511
2025-09-29T15:28:55Z;130;;238
2025-09-29T15:29:14Z;1549;;1657
2025-09-29T15:29:19Z;1441;;1549
2025-09-29T15:29:35Z;21;;129
2025-09-29T15:29:44Z;-8;;100
2025-09-29T15:29:50Z;58;;166
2025-09-29T15:29:54Z;1436;;1544
2025-09-29T15:30:06Z;;106;1542
2025-09-29T15:30:08Z;1426;;1532
2025-09-29T15:30:17Z;-17;;89
2025-09-29T15:30:24Z;18;;124
2025-09-29T15:30:26Z;17;;123
2025-09-29T15:30:31Z;18;;124
2025-09-29T15:30:34Z;995;;1101
2025-09-29T15:30:35Z;1446;;1552
2025-09-29T15:30:59Z;42;;148
2025-09-29T15:31:03Z;19;;125
2025-09-29T15:31:07Z;52;;158
2025-09-29T15:31:12Z;23;;129
2025-09-29T15:31:15Z;1322;;1428
2025-09-29T15:31:38Z;23;;129
2025-09-29T15:31:40Z;22;;128
2025-09-29T15:31:43Z;5;;111
2025-09-29T15:31:48Z;29;;135
2025-09-29T15:31:52Z;104;;210
2025-09-29T15:31:56Z;1425;;1531
2025-09-29T15:32:19Z;28;;134
2025-09-29T15:32:20Z;27;;133
2025-09-29T15:32:24Z;30;;136
2025-09-29T15:32:29Z;18;;124
2025-09-29T15:32:33Z;21;;127
2025-09-29T15:32:38Z;1460;;1566
2025-09-29T15:33:00Z;160;;266
2025-09-29T15:33:08Z;-31;;75
2025-09-29T15:33:14Z;39;;145
2025-09-29T15:33:16Z;-14;;92
2025-09-29T15:33:17Z;15;;121
2025-09-29T15:33:18Z;1431;;1537
2025-09-29T15:33:41Z;25;;131
2025-09-29T15:33:46Z;21;;127
2025-09-29T15:33:50Z;29;;135
2025-09-29T15:33:55Z;29;;135
2025-09-29T15:34:08Z;1547;;1653
2025-09-29T15:34:10Z;1454;;1560
2025-09-29T15:34:20Z;1397;;1503
2025-09-29T15:34:22Z;39;;145
2025-09-29T15:34:27Z;20;;126
2025-09-29T15:34:31Z;21;;127
2025-09-29T15:34:36Z;24;;130
2025-09-29T15:34:40Z;1464;;1570
2025-09-29T15:35:02Z;41;;147
2025-09-29T15:35:04Z;27;;133
2025-09-29T15:35:10Z;42;;148
2025-09-29T15:35:13Z;19;;125
2025-09-29T15:35:16Z;65;;171
2025-09-29T15:35:20Z;24;;130
2025-09-29T15:35:21Z;1457;;1563
2025-09-29T15:35:46Z;17;;123
2025-09-29T15:35:47Z;-29;;77
2025-09-29T15:35:48Z;28;;134
2025-09-29T15:35:54Z;-7;;99
2025-09-29T15:35:57Z;18;;124
2025-09-29T15:36:02Z;1443;;1549
2025-09-29T15:36:25Z;55;;161
2025-09-29T15:36:31Z;32;;138
2025-09-29T15:36:38Z;21;;127
2025-09-29T15:36:43Z;1452;;1558
2025-09-29T15:37:06Z;4;;110
2025-09-29T15:37:10Z;19;;125
2025-09-29T15:37:15Z;55;;161
2025-09-29T15:37:20Z;16;;122
2025-09-29T15:37:24Z;1484;;1590
2025-09-29T15:37:46Z;27;;133
2025-09-29T15:37:51Z;17;;123
2025-09-29T15:37:55Z;43;;149
2025-09-29T15:38:00Z;32;;138
2025-09-29T15:38:05Z;1460;;1566
2025-09-29T15:38:28Z;24;;130
2025-09-29T15:38:32Z;58;;164
2025-09-29T15:38:37Z;21;;127
2025-09-29T15:38:41Z;47;;153
2025-09-29T15:38:46Z;1466;;1572
2025-09-29T15:39:08Z;1435;;1541
2025-09-29T15:39:13Z;43;;149
2025-09-29T15:39:18Z;21;;127
2025-09-29T15:39:22Z;58;;164
2025-09-29T15:39:27Z;1429;;1535
2025-09-29T15:39:50Z;24;;130
2025-09-29T15:39:56Z;-25;;81
2025-09-29T15:39:59Z;-8;;98
2025-09-29T15:40:02Z;183;;289
2025-09-29T15:40:09Z;1398;;1504
2025-09-29T15:40:30Z;56;;162
2025-09-29T15:40:35Z;21;;127
2025-09-29T15:40:39Z;55;;161
2025-09-29T15:40:44Z;23;;129
2025-09-29T15:40:48Z;41;;147
2025-09-29T15:40:50Z;1447;;1553
2025-09-29T15:41:12Z;1576;;1682
2025-09-29T15:41:13Z;18;;124
2025-09-29T15:41:15Z;25;;131
2025-09-29T15:41:20Z;58;;164
2025-09-29T15:41:24Z;30;;136
2025-09-29T15:41:29Z;60;;166
2025-09-29T15:41:31Z;1449;;1555
2025-09-29T15:41:32Z;1761;;1867
2025-09-29T15:41:33Z;1452;;1558
2025-09-29T15:41:34Z;1549;;1655
2025-09-29T15:41:51Z;897;;1003
2025-09-29T15:41:53Z;29;;135
2025-09-29T15:41:56Z;33;;139
2025-09-29T15:42:01Z;44;;150
2025-09-29T15:42:05Z;53;;159
2025-09-29T15:42:11Z;1446;;1552
2025-09-29T15:42:32Z;240;;346
2025-09-29T15:42:34Z;-16;;90
2025-09-29T15:42:37Z;62;;168
2025-09-29T15:42:43Z;-21;;85
2025-09-29T15:42:46Z;54;;160
2025-09-29T15:42:52Z;1409;;1515
2025-09-29T15:43:13Z;102;;208
2025-09-29T15:43:19Z;41;;147
2025-09-29T15:43:34Z;1398;;1504
2025-09-29T15:43:56Z;65;;171
2025-09-29T15:43:59Z;33;;139
2025-09-29T15:44:03Z;67;;173
2025-09-29T15:44:09Z;0;;106
2025-09-29T15:44:12Z;34;;140
2025-09-29T15:44:13Z;627;;733
2025-09-29T15:44:15Z;1452;;1558
2025-09-29T15:44:21Z;1527;;1633
2025-09-29T15:44:23Z;1474;;1580
2025-09-29T15:44:37Z;44;;150
2025-09-29T15:44:40Z;49;;155
2025-09-29T15:44:44Z;68;;174
2025-09-29T15:44:49Z;36;;142
2025-09-29T15:44:53Z;60;;166
2025-09-29T15:44:55Z;1154;;1260
2025-09-29T15:45:06Z;;81;1235
2025-09-29T15:45:08Z;1441;;1522
2025-09-29T15:45:17Z;0;;81
2025-09-29T15:45:20Z;42;;123
2025-09-29T15:45:29Z;192;;273
2025-09-29T15:45:35Z;1382;;1463
2025-09-29T15:45:57Z;1445;;1526
2025-09-29T15:46:01Z;48;;129
2025-09-29T15:46:16Z;1375;;1456
2025-09-29T15:46:38Z;1527;;1608
2025-09-29T15:46:47Z;-6;;75
2025-09-29T15:46:51Z;53;;134
2025-09-29T15:46:58Z;1406;;1487
2025-09-29T15:47:18Z;37;;118
2025-09-29T15:47:27Z;51;;132
2025-09-29T15:47:32Z;43;;124
2025-09-29T15:47:37Z;63;;144
2025-09-29T15:47:38Z;1458;;1539
2025-09-29T15:48:00Z;59;;140
2025-09-29T15:48:04Z;41;;122
2025-09-29T15:48:08Z;48;;129
2025-09-29T15:48:19Z;1450;;1531
2025-09-29T15:48:40Z;1436;;1517
2025-09-29T15:48:46Z;59;;140
2025-09-29T15:48:50Z;40;;121
2025-09-29T15:48:54Z;94;;175
2025-09-29T15:49:00Z;1454;;1535
2025-09-29T15:49:22Z;0;;81
2025-09-29T15:49:25Z;43;;124
2025-09-29T15:49:30Z;47;;128
2025-09-29T15:49:34Z;19;;100
2025-09-29T15:49:41Z;1406;;1487
2025-09-29T15:50:03Z;56;;137
2025-09-29T15:50:09Z;-5;;76
2025-09-29T15:50:12Z;16;;97
2025-09-29T15:50:20Z;34;;115
2025-09-29T15:50:21Z;1411;;1492
2025-09-29T15:50:45Z;39;;120
2025-09-29T15:50:48Z;22;;103
2025-09-29T15:50:52Z;80;;161
2025-09-29T15:50:57Z;7;;88
2025-09-29T15:51:01Z;83;;164
2025-09-29T15:51:03Z;1459;;1540
2025-09-29T15:51:26Z;45;;126
2025-09-29T15:51:28Z;41;;122
2025-09-29T15:51:32Z;41;;122
2025-09-29T15:51:38Z;4;;85
2025-09-29T15:51:42Z;40;;121
2025-09-29T15:51:44Z;1453;;1534
2025-09-29T15:52:05Z;1461;;1542
2025-09-29T15:52:07Z;3;;84
2025-09-29T15:52:25Z;1402;;1483
2025-09-29T15:52:31Z;1596;;1677
2025-09-29T15:52:33Z;1457;;1538
2025-09-29T15:52:49Z;2;;83
2025-09-29T15:52:50Z;-1;;80
2025-09-29T15:52:51Z;76;;157
2025-09-29T15:52:56Z;-2;;79
2025-09-29T15:52:59Z;74;;155
2025-09-29T15:53:06Z;1422;;1503
2025-09-29T15:53:28Z;53;;134
2025-09-29T15:53:33Z;0;;81
2025-09-29T15:53:35Z;0;;81
2025-09-29T15:53:37Z;4;;85
2025-09-29T15:53:46Z;0;;81
2025-09-29T15:53:47Z;1400;;1481
2025-09-29T15:54:09Z;58;;139
2025-09-29T15:54:14Z;0;;81
2025-09-29T15:54:15Z;1;;82
2025-09-29T15:54:30Z;1470;;1551
2025-09-29T15:54:50Z;47;;128
2025-09-29T15:55:09Z;1452;;1533
2025-09-29T15:55:31Z;7;;88
2025-09-29T15:55:50Z;1401;;1482
2025-09-29T15:56:12Z;1;;82
2025-09-29T15:56:31Z;1404;;1485
2025-09-29T15:56:54Z;56;;137
2025-09-29T15:57:12Z;1406;;1487
2025-09-29T15:57:33Z;451;;532
2025-09-29T15:57:34Z;55;;136
2025-09-29T15:57:55Z;1440;;1521
2025-09-29T15:58:14Z;130;;211
2025-09-29T15:58:34Z;1439;;1520
2025-09-29T15:58:56Z;66;;147
2025-09-29T15:59:14Z;327;;408
2025-09-29T15:59:15Z;1402;;1483
2025-09-29T15:59:37Z;28;;109
2025-09-29T15:59:55Z;1007;;1088
2025-09-29T15:59:56Z;78;;159
2025-09-29T16:01:18Z;1498;;1579
2025-09-29T16:01:21Z;62;;143
2025-09-29T16:01:59Z;1492;;1573
2025-09-29T16:02:07Z;60;;141
2025-09-29T16:02:42Z;1455;;1536
2025-09-29T16:02:44Z;1514;;1595
2025-09-29T16:02:46Z;1482;;1563
2025-09-29T16:02:53Z;88;;169
2025-09-29T16:03:20Z;366;;447
2025-09-29T16:03:22Z;1502;;1583
2025-09-29T16:03:38Z;72;;153
2025-09-29T16:03:58Z;8;;89
2025-09-29T16:04:00Z;10;;91
2025-09-29T16:04:01Z;1086;;1167
2025-09-29T16:04:03Z;1440;;1521
2025-09-29T16:04:21Z;65;;146
2025-09-29T16:04:42Z;1377;;1458
2025-09-29T16:05:23Z;1417;;1498
2025-09-29T16:05:36Z;1542;;1623
2025-09-29T16:05:38Z;1458;;1539
2025-09-29T16:05:48Z;16;;97
2025-09-29T16:06:05Z;1429;;1510
2025-09-29T16:06:25Z;16;;97
2025-09-29T16:06:45Z;1489;;1570
2025-09-29T16:07:04Z;18;;99
2025-09-29T16:07:27Z;1456;;1537
2025-09-29T16:07:42Z;27;;108
2025-09-29T16:08:48Z;1489;;1570
2025-09-29T16:08:49Z;79;;160
2025-09-29T16:09:29Z;1537;;1618
2025-09-29T16:09:32Z;1498;;1579
2025-09-29T16:09:34Z;107;;188
2025-09-29T16:10:10Z;1512;;1593
2025-09-29T16:10:12Z;1466;;1547
2025-09-29T16:10:15Z;1510;;1591
2025-09-29T16:10:18Z;1496;;1577
2025-09-29T16:10:19Z;187;;268
2025-09-29T16:10:51Z;1502;;1583
2025-09-29T16:10:52Z;1453;;1534
2025-09-29T16:10:55Z;1516;;1597
2025-09-29T16:10:56Z;1495;;1576
2025-09-29T16:11:04Z;550;;631
2025-09-29T16:11:06Z;70;;151
2025-09-29T16:11:34Z;1529;;1610
2025-09-29T16:11:39Z;1457;;1538
2025-09-29T16:11:46Z;1499;;1580
2025-09-29T16:11:50Z;72;;153
2025-09-29T16:12:13Z;1500;;1581
2025-09-29T16:12:14Z;1495;;1576
2025-09-29T16:12:16Z;1502;;1583
2025-09-29T16:12:17Z;1493;;1574
2025-09-29T16:12:56Z;1493;;1574
2025-09-29T16:13:14Z;990;;1071
2025-09-29T16:13:15Z;73;;154
2025-09-29T16:13:19Z;;0;73
2025-09-29T16:13:20Z;;37;110
2025-09-29T16:13:21Z;-315;;-278
2025-09-29T16:13:22Z;72;;109
2025-09-29T16:13:23Z;;0;72
2025-09-29T16:13:25Z;;43;115
2025-09-29T16:13:37Z;1446;;1489
2025-09-29T16:13:48Z;1520;;1563
2025-09-29T16:13:49Z;1487;;1530
2025-09-29T16:13:56Z;193;;236
2025-09-29T16:14:16Z;1439;;1482
2025-09-29T16:14:34Z;47;;90
2025-09-29T16:14:57Z;1494;;1537
2025-09-29T16:15:06Z;;43;1537
2025-09-29T16:15:08Z;1442;;1485
2025-09-29T16:15:13Z;85;;128
2025-09-29T16:15:37Z;395;;438
2025-09-29T16:15:39Z;1490;;1533
2025-09-29T16:15:46Z;1500;;1543
2025-09-29T16:15:47Z;1479;;1522
2025-09-29T16:15:54Z;40;;83
2025-09-29T16:16:16Z;0;;43
2025-09-29T16:16:17Z;72;;115
2025-09-29T16:20:19Z;972;;1015
2025-09-29T16:20:20Z;194;;237
2025-09-29T16:22:12Z;329;;372
2025-09-29T16:22:14Z;223;;266
2025-09-29T16:23:20Z;349;;392
2025-09-29T16:23:21Z;212;;255
2025-09-29T16:27:40Z;389;;432
2025-09-29T16:28:47Z;331;;374
2025-09-29T16:28:48Z;248;;291
2025-09-29T16:30:06Z;;20;268
2025-09-29T16:30:08Z;159;;179
2025-09-29T16:33:42Z;;0;159
2025-09-29T16:33:43Z;282;;282
2025-09-29T16:33:44Z;;1;283
2025-09-29T16:33:45Z;261;;262
2025-09-29T16:33:46Z;;0;261
2025-09-29T16:33:48Z;;11;272
2025-09-29T16:39:21Z;;0;261
2025-09-29T16:39:22Z;;4;265
2025-09-29T16:39:48Z;305;;309
2025-09-29T16:40:11Z;186;0;305
2025-09-29T16:40:13Z;;2;188
2025-09-29T16:40:19Z;;0;186
2025-09-29T16:40:20Z;;1;187
2025-09-29T16:40:25Z;;0;186
2025-09-29T16:40:26Z;;1;187
2025-09-29T16:40:36Z;;0;186
2025-09-29T16:40:37Z;;1;187
2025-09-29T16:40:40Z;;0;186
2025-09-29T16:40:41Z;;1;187
2025-09-29T16:40:43Z;;0;186
2025-09-29T16:40:45Z;;1;187
2025-09-29T16:40:47Z;;0;186
2025-09-29T16:40:49Z;;1;187
2025-09-29T16:40:52Z;;0;186
2025-09-29T16:40:57Z;;1;187
2025-09-29T16:40:58Z;;0;186
2025-09-29T16:41:00Z;;1;187
2025-09-29T16:41:02Z;;0;186
2025-09-29T16:41:03Z;;1;187
2025-09-29T16:41:05Z;;0;186
2025-09-29T16:41:07Z;;1;187
2025-09-29T16:41:09Z;;0;186
2025-09-29T16:41:26Z;;1;187
2025-09-29T16:41:28Z;;0;186
2025-09-29T16:41:29Z;;1;187
2025-09-29T16:41:31Z;;0;186
2025-09-29T16:45:06Z;;0;186
2025-09-29T16:49:02Z;;3;189
2025-09-29T16:49:03Z;;0;186
2025-09-29T16:59:00Z;329;;329
2025-09-29T16:59:02Z;295;;295
2025-09-29T16:59:53Z;319;;319
2025-09-29T16:59:55Z;245;;245
2025-09-29T17:00:06Z;;0;245
2025-09-29T17:00:08Z;242;;242
2025-09-29T17:15:06Z;;0;242
2025-09-29T17:15:08Z;44;;44
2025-09-29T17:30:06Z;;0;44
2025-09-29T17:30:08Z;41;;41
2025-09-29T17:30:35Z;2279;;2279
2025-09-29T17:45:06Z;;0;2279
2025-09-29T17:45:08Z;157;;157
2025-09-29T18:00:06Z;;0;157
2025-09-29T18:15:06Z;;0;157
2025-09-29T18:30:05Z;;0;157
2025-09-29T18:42:40Z;1433;;1433
2025-09-29T18:45:05Z;;0;1433
2025-09-29T18:45:08Z;157;;157
2025-09-29T19:00:06Z;;0;157
2025-09-29T19:00:08Z;162;;162
2025-09-29T19:15:06Z;;0;162
2025-09-29T19:15:08Z;38;;38
2025-09-29T19:30:06Z;;0;38
2025-09-29T19:30:08Z;37;;37
2025-09-29T19:45:05Z;;0;37
2025-09-29T20:00:06Z;;0;37
2025-09-29T20:00:08Z;156;;156
2025-09-29T20:15:06Z;;0;156
2025-09-29T20:15:08Z;155;;155
2025-09-29T20:30:05Z;;0;155
2025-09-29T20:45:05Z;;0;155
2025-09-29T20:45:08Z;38;;38
2025-09-29T21:00:05Z;;0;38
2025-09-29T21:09:59Z;2315;;2315
2025-09-29T21:10:00Z;192;;192
2025-09-29T21:15:05Z;;0;192
2025-09-29T21:15:08Z;157;;157
2025-09-29T21:30:05Z;;0;157
2025-09-29T21:30:07Z;155;;155
2025-09-29T21:45:05Z;;0;155
2025-09-29T21:45:07Z;45;;45
2025-09-29T22:00:05Z;;0;45
2025-09-29T22:00:08Z;39;;39
2025-09-29T22:15:05Z;;0;39
2025-09-29T22:24:17Z;1520;;1520
2025-09-29T22:24:18Z;183;;183
2025-09-29T22:30:05Z;;0;183
2025-09-29T22:30:08Z;163;;163
2025-09-29T22:45:05Z;;0;163
2025-09-29T22:45:08Z;85;;85
2025-09-29T23:00:05Z;;0;85
2025-09-29T23:00:08Z;40;;40
2025-09-29T23:15:05Z;;0;40
2025-09-29T23:15:08Z;40;;40
2025-09-29T23:30:14Z;;0;40
2025-09-29T23:39:18Z;1476;;1476
2025-09-29T23:39:19Z;183;;183
2025-09-29T23:45:14Z;;0;183