timestamp;P_ex;P_pr;P_load
2024-04-22T00:00:02Z;;0;47
2024-04-22T00:00:09Z;47;;47
2024-04-22T00:15:02Z;;0;47
2024-04-22T00:15:09Z;46;;46
2024-04-22T00:30:02Z;;0;46
2024-04-22T00:30:09Z;46;;46
2024-04-22T00:34:18Z;1374;;1374
2024-04-22T00:34:19Z;182;;182
2024-04-22T00:45:02Z;;0;182
2024-04-22T00:45:09Z;159;;159
2024-04-22T01:00:02Z;;0;159
2024-04-22T01:00:09Z;46;;46
2024-04-22T01:15:02Z;;0;46
2024-04-22T01:15:09Z;46;;46
2024-04-22T01:30:02Z;;0;46
2024-04-22T01:30:09Z;47;;47
2024-04-22T01:45:02Z;;0;47
2024-04-22T01:45:09Z;46;;46
2024-04-22T01:59:43Z;2261;;2261
2024-04-22T01:59:44Z;197;;197
2024-04-22T02:00:02Z;;0;197
2024-04-22T02:00:11Z;167;;167
2024-04-22T02:15:02Z;;0;167
2024-04-22T02:15:09Z;157;;157
2024-04-22T02:30:02Z;;0;157
2024-04-22T02:30:09Z;46;;46
2024-04-22T02:45:02Z;;0;46
2024-04-22T02:45:09Z;46;;46
2024-04-22T03:00:02Z;;0;46
2024-04-22T03:00:09Z;45;;45
2024-04-22T03:15:02Z;;0;45
2024-04-22T03:15:09Z;48;;48
2024-04-22T03:24:53Z;1604;;1604
2024-04-22T03:24:54Z;191;;191
2024-04-22T03:30:02Z;;0;191
2024-04-22T03:30:09Z;158;;158
2024-04-22T03:45:02Z;;0;158
2024-04-22T03:45:09Z;156;;156
2024-04-22T04:00:02Z;;0;156
2024-04-22T04:00:09Z;45;;45
2024-04-22T04:12:54Z;;2;47
2024-04-22T04:15:02Z;;5;50
2024-04-22T04:15:09Z;165;;170
2024-04-22T04:17:02Z;469;;474
2024-04-22T04:17:21Z;163;;168
2024-04-22T04:18:07Z;426;;431
2024-04-22T04:18:21Z;377;;382
2024-04-22T04:18:23Z;365;;370
2024-04-22T04:18:27Z;166;;171
2024-04-22T04:19:08Z;301;;306
2024-04-22T04:19:09Z;213;;218
2024-04-22T04:28:37Z;;0;213
2024-04-22T04:28:39Z;;23;236
2024-04-22T04:28:41Z;;0;213
2024-04-22T04:28:43Z;;31;244
2024-04-22T04:30:02Z;;37;250
2024-04-22T04:30:09Z;80;;117
2024-04-22T04:33:34Z;0;;37
2024-04-22T04:33:37Z;-2;;35
2024-04-22T04:34:04Z;30;;67
2024-04-22T04:35:21Z;10;;47
2024-04-22T04:37:16Z;3;;40
2024-04-22T04:38:52Z;120;;157
2024-04-22T04:38:53Z;;457;577
2024-04-22T04:38:54Z;113;;570
2024-04-22T04:38:55Z;;56;169
2024-04-22T04:45:02Z;;73;186
2024-04-22T04:45:09Z;96;;169
2024-04-22T04:49:34Z;1609;;1682
2024-04-22T04:49:35Z;216;;289
2024-04-22T04:55:14Z;1;;74
2024-04-22T04:55:31Z;;301;302
2024-04-22T04:57:48Z;;303;304
2024-04-22T04:58:25Z;27;;330
2024-04-22T04:58:57Z;32;;335
2024-04-22T04:59:04Z;;620;652
2024-04-22T04:59:05Z;;287;319
2024-04-22T04:59:53Z;;294;326
2024-04-22T04:59:57Z;;273;305
2024-04-22T04:59:59Z;158;316;431
2024-04-22T05:00:00Z;-54;;262
2024-04-22T05:00:02Z;;273;219
2024-04-22T05:00:09Z;-78;;195
2024-04-22T05:02:26Z;-246;;27
2024-04-22T05:05:59Z;;265;19
2024-04-22T05:06:01Z;;579;333
2024-04-22T05:07:07Z;;600;354
2024-04-22T05:07:09Z;;599;353
2024-04-22T05:07:23Z;;601;355
2024-04-22T05:07:25Z;;599;353
2024-04-22T05:07:27Z;;600;354
2024-04-22T05:07:28Z;;595;349
2024-04-22T05:07:32Z;;600;354
2024-04-22T05:07:37Z;;597;351
2024-04-22T05:07:40Z;;602;356
2024-04-22T05:07:48Z;;596;350
2024-04-22T05:07:50Z;;600;354
2024-04-22T05:07:58Z;;595;349
2024-04-22T05:07:59Z;;602;356
2024-04-22T05:09:11Z;;467;221
2024-04-22T05:09:12Z;-461;;6
2024-04-22T05:09:13Z;-138;618;329
2024-04-22T05:09:15Z;;290;152
2024-04-22T05:09:17Z;;631;493
2024-04-22T05:09:18Z;;214;76
2024-04-22T05:09:20Z;;628;490
2024-04-22T05:15:02Z;;688;550
2024-04-22T05:15:09Z;-554;;134
2024-04-22T05:15:24Z;-552;;136
2024-04-22T05:18:03Z;-599;;89
2024-04-22T05:18:21Z;-601;;87
2024-04-22T05:20:47Z;-381;;307
2024-04-22T05:20:49Z;;301;-80
2024-04-22T05:20:50Z;442;;743
2024-04-22T05:20:51Z;910;;1211
2024-04-22T05:20:52Z;896;;1197
2024-04-22T05:20:53Z;;791;1687
2024-04-22T05:20:54Z;922;;1713
2024-04-22T05:21:04Z;883;;1674
2024-04-22T05:21:30Z;1379;;2170
2024-04-22T05:21:31Z;877;;1668
2024-04-22T05:21:32Z;;373;1250
2024-04-22T05:21:34Z;;783;1660
2024-04-22T05:21:43Z;869;;1652
2024-04-22T05:22:59Z;-606;;177
2024-04-22T05:23:03Z;;597;-9
2024-04-22T05:24:10Z;-316;;281
2024-04-22T05:24:11Z;-202;;395
2024-04-22T05:24:13Z;;142;-60
2024-04-22T05:24:15Z;;363;161
2024-04-22T05:26:12Z;;601;399
2024-04-22T05:26:18Z;-611;;-10
2024-04-22T05:26:47Z;;900;289
2024-04-22T05:26:58Z;;899;288
2024-04-22T05:27:00Z;;901;290
2024-04-22T05:27:01Z;;905;294
2024-04-22T05:27:08Z;;905;294
2024-04-22T05:27:12Z;;890;279
2024-04-22T05:27:14Z;;904;293
2024-04-22T05:27:16Z;;868;257
2024-04-22T05:27:18Z;;906;295
2024-04-22T05:28:48Z;-900;;6
2024-04-22T05:28:50Z;-900;;6
2024-04-22T05:28:55Z;-901;;5
2024-04-22T05:28:58Z;-901;;5
2024-04-22T05:29:00Z;-895;;11
2024-04-22T05:29:02Z;-903;;3
2024-04-22T05:29:04Z;-896;;10
2024-04-22T05:29:06Z;-905;;1
2024-04-22T05:29:08Z;-898;;8
2024-04-22T05:30:02Z;;972;74
2024-04-22T05:30:09Z;-921;;51
2024-04-22T05:36:23Z;;1201;280
2024-04-22T05:36:25Z;;1196;275
2024-04-22T05:36:27Z;;1204;283
2024-04-22T05:36:29Z;;1199;278
2024-04-22T05:36:31Z;;1200;279
2024-04-22T05:36:35Z;-1161;;39
2024-04-22T05:36:36Z;;945;-216
2024-04-22T05:36:37Z;-1155;;-210
2024-04-22T05:36:38Z;;1205;50
2024-04-22T05:36:40Z;;1193;38
2024-04-22T05:36:42Z;;1208;53
2024-04-22T05:39:07Z;-558;;650
2024-04-22T05:39:08Z;-1173;;35
2024-04-22T05:39:10Z;-1242;;-34
2024-04-22T05:40:00Z;-1289;;-81
2024-04-22T05:40:01Z;;791;-498
2024-04-22T05:40:02Z;-1279;;-488
2024-04-22T05:40:04Z;;1353;74
2024-04-22T05:40:42Z;;948;-331
2024-04-22T05:40:43Z;-1320;;-372
2024-04-22T05:40:44Z;-844;1381;104
2024-04-22T05:40:46Z;;1515;671
2024-04-22T05:40:48Z;;1387;543
2024-04-22T05:43:14Z;;1500;656
2024-04-22T05:43:16Z;;1492;648
2024-04-22T05:43:17Z;;1501;657
2024-04-22T05:43:19Z;;1494;650
2024-04-22T05:43:21Z;;1504;660
2024-04-22T05:43:23Z;;1496;652
2024-04-22T05:43:25Z;;1506;662
2024-04-22T05:43:31Z;;1499;655
2024-04-22T05:43:33Z;;1500;656
2024-04-22T05:45:02Z;;1548;704
2024-04-22T05:45:09Z;-1422;;126
2024-04-22T05:47:24Z;321;;1869
2024-04-22T05:47:31Z;228;;1776
2024-04-22T05:47:35Z;323;;1871
2024-04-22T05:47:43Z;227;;1775
2024-04-22T05:47:48Z;322;;1870
2024-04-22T05:47:55Z;213;;1761
2024-04-22T05:47:59Z;328;;1876
2024-04-22T05:48:11Z;226;;1774
2024-04-22T05:48:15Z;319;;1867
2024-04-22T05:48:22Z;232;;1780
2024-04-22T05:48:26Z;306;;1854
2024-04-22T05:48:38Z;235;;1783
2024-04-22T05:48:43Z;360;;1908
2024-04-22T05:48:49Z;209;;1757
2024-04-22T05:48:54Z;352;;1900
2024-04-22T05:48:55Z;1103;;2651
2024-04-22T05:48:56Z;330;;1878
2024-04-22T05:49:20Z;261;;1809
2024-04-22T05:49:21Z;348;;1896
2024-04-22T05:49:33Z;214;;1762
2024-04-22T05:49:37Z;324;;1872
2024-04-22T05:49:44Z;223;;1771
2024-04-22T05:49:52Z;393;;1941
2024-04-22T05:49:54Z;670;;2218
2024-04-22T05:49:58Z;;1481;2151
2024-04-22T05:50:09Z;939;1213;2420
2024-04-22T05:50:15Z;764;;1977
2024-04-22T05:50:16Z;907;;2120
2024-04-22T05:50:27Z;892;;2105
2024-04-22T05:50:28Z;979;;2192
2024-04-22T05:50:29Z;861;;2074
2024-04-22T05:50:32Z;934;;2147
2024-04-22T05:50:34Z;;924;1858
2024-04-22T05:50:36Z;;651;1585
2024-04-22T05:50:39Z;863;;1514
2024-04-22T05:50:43Z;906;;1557
2024-04-22T05:50:46Z;871;;1522
2024-04-22T05:50:52Z;;1258;2129
2024-04-22T05:50:54Z;380;;1638
2024-04-22T05:50:57Z;261;;1519
2024-04-22T05:50:58Z;;1510;1771
2024-04-22T05:51:00Z;303;;1813
2024-04-22T05:51:01Z;266;;1776
2024-04-22T05:51:02Z;709;1432;1698
2024-04-22T05:51:03Z;250;;1682
2024-04-22T05:51:04Z;312;;1744
2024-04-22T05:51:06Z;221;;1653
2024-04-22T05:51:07Z;;1611;1832
2024-04-22T05:51:08Z;;623;844
2024-04-22T05:51:10Z;;1695;1916
2024-04-22T05:52:21Z;340;;2035
2024-04-22T05:52:24Z;1795;;3490
2024-04-22T05:52:33Z;1818;;3513
2024-04-22T05:52:34Z;1758;;3453
2024-04-22T05:53:51Z;81;;1776
2024-04-22T05:54:03Z;757;;2452
2024-04-22T05:54:04Z;193;;1888
2024-04-22T05:56:44Z;2;;1697
2024-04-22T05:56:49Z;4;;1699
2024-04-22T05:56:50Z;3;;1698
2024-04-22T05:56:52Z;94;;1789
2024-04-22T05:56:57Z;128;;1823
2024-04-22T05:56:59Z;771;;2466
2024-04-22T05:57:00Z;7;;1702
2024-04-22T05:57:08Z;0;;1695
2024-04-22T05:57:09Z;163;;1858
2024-04-22T05:57:14Z;141;;1836
2024-04-22T05:57:22Z;1;;1696
2024-04-22T05:57:25Z;93;;1788
2024-04-22T05:57:31Z;0;;1695
2024-04-22T05:57:33Z;2;;1697
2024-04-22T05:57:58Z;352;;2047
2024-04-22T05:58:00Z;;1479;1831
2024-04-22T05:58:03Z;299;;1778
2024-04-22T05:58:05Z;323;;1802
2024-04-22T05:58:10Z;;1195;1518
2024-04-22T05:58:13Z;607;;1802
2024-04-22T05:58:30Z;921;;2116
2024-04-22T05:58:33Z;891;;2086
2024-04-22T05:58:37Z;580;;1775
2024-04-22T05:58:41Z;;1244;1824
2024-04-22T05:58:52Z;289;;1533
2024-04-22T05:58:56Z;;1547;1836
2024-04-22T05:59:01Z;-10;;1537
2024-04-22T05:59:02Z;12;;1559
2024-04-22T05:59:08Z;-33;;1514
2024-04-22T05:59:19Z;168;;1715
2024-04-22T05:59:25Z;-39;;1508
2024-04-22T05:59:33Z;84;;1631
2024-04-22T05:59:52Z;335;;1882
2024-04-22T05:59:54Z;201;;1748
2024-04-22T06:00:02Z;;1691;1892
2024-04-22T06:00:07Z;362;;2053
2024-04-22T06:00:09Z;;1487;1849
2024-04-22T06:00:10Z;221;;1708
2024-04-22T06:00:17Z;610;;2097
2024-04-22T06:00:20Z;;1160;1770
2024-04-22T06:00:23Z;915;;2075
2024-04-22T06:00:29Z;869;;2029
2024-04-22T06:00:36Z;;897;1766
2024-04-22T06:00:38Z;919;;1816
2024-04-22T06:01:01Z;;946;1865
2024-04-22T06:01:05Z;769;;1715
2024-04-22T06:01:06Z;;1248;2017
2024-04-22T06:01:07Z;476;;1724
2024-04-22T06:01:08Z;801;;2049
2024-04-22T06:01:09Z;488;;1736
2024-04-22T06:01:11Z;;1536;2024
2024-04-22T06:01:18Z;294;;1830
2024-04-22T06:01:19Z;321;;1857
2024-04-22T06:01:22Z;;1496;1817
2024-04-22T06:01:29Z;650;;2146
2024-04-22T06:01:35Z;477;;1973
2024-04-22T06:01:40Z;;1500;1977
2024-04-22T06:01:42Z;275;;1775
2024-04-22T06:01:45Z;540;;2040
2024-04-22T06:01:55Z;299;;1799
2024-04-22T06:01:58Z;351;;1851
2024-04-22T06:02:07Z;246;;1746
2024-04-22T06:02:12Z;354;;1854
2024-04-22T06:02:23Z;293;;1793
2024-04-22T06:02:26Z;402;;1902
2024-04-22T06:02:31Z;;1496;1898
2024-04-22T06:02:34Z;693;;2189
2024-04-22T06:02:37Z;561;;2057
2024-04-22T06:02:49Z;745;;2241
2024-04-22T06:02:55Z;499;;1995
2024-04-22T06:02:58Z;617;;2113
2024-04-22T06:03:03Z;581;;2077
2024-04-22T06:03:05Z;731;;2227
2024-04-22T06:03:11Z;;1198;1929
2024-04-22T06:03:38Z;910;897;2108
2024-04-22T06:03:44Z;876;;1773
2024-04-22T06:03:50Z;;903;1779
2024-04-22T06:03:55Z;921;;1824
2024-04-22T06:04:00Z;886;;1789
2024-04-22T06:04:08Z;913;;1816
2024-04-22T06:04:18Z;895;;1798
2024-04-22T06:04:26Z;904;;1807
2024-04-22T06:04:32Z;790;;1693
2024-04-22T06:04:43Z;1003;;1906
2024-04-22T06:04:48Z;862;;1765
2024-04-22T06:04:51Z;;905;1767
2024-04-22T06:04:56Z;;901;1763
2024-04-22T06:04:59Z;1011;;1912
2024-04-22T06:05:05Z;755;;1656
2024-04-22T06:05:21Z;595;;1496
2024-04-22T06:05:26Z;;1200;1795
2024-04-22T06:05:28Z;;1176;1771
2024-04-22T06:05:31Z;711;;1887
2024-04-22T06:05:48Z;907;;2083
2024-04-22T06:05:53Z;842;;2018
2024-04-22T06:05:55Z;;887;1729
2024-04-22T06:06:01Z;907;;1794
2024-04-22T06:06:46Z;889;;1776
2024-04-22T06:06:51Z;;901;1790
2024-04-22T06:06:53Z;951;;1852
2024-04-22T06:06:58Z;806;;1707
2024-04-22T06:07:09Z;985;;1886
2024-04-22T06:07:14Z;802;;1703
2024-04-22T06:07:25Z;956;;1857
2024-04-22T06:07:27Z;860;;1761
2024-04-22T06:07:29Z;;1234;2094
2024-04-22T06:07:33Z;582;;1816
2024-04-22T06:07:35Z;;1537;2119
2024-04-22T06:07:39Z;249;;1786
2024-04-22T06:07:41Z;352;;1889
2024-04-22T06:07:47Z;252;;1789
2024-04-22T06:07:57Z;392;;1929
2024-04-22T06:08:02Z;288;;1825
2024-04-22T06:08:14Z;377;;1914
2024-04-22T06:08:20Z;219;;1756
2024-04-22T06:08:30Z;317;;1854
2024-04-22T06:08:32Z;295;;1832
2024-04-22T06:08:34Z;336;;1873
2024-04-22T06:08:35Z;229;;1766
2024-04-22T06:09:12Z;-1531;;6
2024-04-22T06:09:15Z;-1496;;41
2024-04-22T06:09:18Z;;1498;2
2024-04-22T06:09:22Z;-1213;;285
2024-04-22T06:09:32Z;;1198;-15
2024-04-22T06:09:39Z;-866;;332
2024-04-22T06:09:41Z;-1011;;187
2024-04-22T06:09:50Z;-970;;228
2024-04-22T06:09:56Z;-780;;418
2024-04-22T06:09:58Z;-903;;295
2024-04-22T06:10:06Z;;886;-17
2024-04-22T06:10:11Z;;902;-1
2024-04-22T06:10:14Z;-893;;9
2024-04-22T06:10:22Z;;1202;309
2024-04-22T06:10:30Z;-1098;;104
2024-04-22T06:10:33Z;-1200;;2
2024-04-22T06:10:38Z;-1213;;-11
2024-04-22T06:10:40Z;-1234;;-32
2024-04-22T06:10:42Z;-1152;;50
2024-04-22T06:10:47Z;;1506;354
2024-04-22T06:10:50Z;-1513;;-7
2024-04-22T06:10:55Z;-1546;;-40
2024-04-22T06:11:02Z;-1564;;-58
2024-04-22T06:11:11Z;-1571;;-65
2024-04-22T06:11:18Z;-1539;;-33
2024-04-22T06:11:23Z;-1524;;-18
2024-04-22T06:11:26Z;;1473;-51
2024-04-22T06:11:28Z;;1572;48
2024-04-22T06:11:31Z;;1479;-45
2024-04-22T06:11:35Z;-1206;;273
2024-04-22T06:11:36Z;-1145;;334
2024-04-22T06:11:38Z;-1153;;326
2024-04-22T06:11:39Z;;1177;24
2024-04-22T06:11:46Z;-952;;225
2024-04-22T06:11:54Z;;898;-54
2024-04-22T06:12:00Z;;914;-38
2024-04-22T06:12:06Z;-904;;10
2024-04-22T06:12:08Z;;1216;312
2024-04-22T06:12:11Z;;1198;294
2024-04-22T06:12:18Z;-844;;354
2024-04-22T06:13:05Z;-901;;297
2024-04-22T06:13:06Z;-884;;314
2024-04-22T06:13:09Z;;888;4
2024-04-22T06:13:22Z;-618;;270
2024-04-22T06:13:24Z;-592;;296
2024-04-22T06:13:30Z;;911;319
2024-04-22T06:13:32Z;-884;;27
2024-04-22T06:13:39Z;;1222;338
2024-04-22T06:13:44Z;-1244;;-22
2024-04-22T06:13:48Z;;1510;266
2024-04-22T06:14:05Z;;1494;250
2024-04-22T06:14:09Z;-1374;;120
2024-04-22T06:14:10Z;;1168;-206
2024-04-22T06:14:12Z;;1447;73
2024-04-22T06:14:14Z;-1233;;214
2024-04-22T06:14:26Z;;1500;267
2024-04-22T06:14:32Z;;1498;265
2024-04-22T06:14:38Z;;1502;269
2024-04-22T06:14:43Z;;1496;304
2024-04-22T06:14:49Z;-1213;;172
2024-04-22T06:14:50Z;-1192;;310
2024-04-22T06:14:51Z;;996;-196
2024-04-22T06:14:53Z;;1385;193
2024-04-22T06:14:58Z;-1193;;192
2024-04-22T06:15:01Z;;1192;-1
2024-04-22T06:15:03Z;-883;;309
2024-04-22T06:15:05Z;-859;1335;452
2024-04-22T06:15:08Z;-883;;452
2024-04-22T06:15:09Z;-901;;434
2024-04-22T06:15:33Z;-527;;808
2024-04-22T06:15:34Z;;892;365
2024-04-22T06:15:37Z;-657;;235
2024-04-22T06:15:49Z;-586;;306
2024-04-22T06:15:51Z;-623;;269
2024-04-22T06:15:53Z;-597;;295
2024-04-22T06:15:55Z;-722;;170
2024-04-22T06:16:05Z;-516;;376
2024-04-22T06:16:11Z;-698;;194
2024-04-22T06:16:21Z;-579;;313
2024-04-22T06:16:26Z;-543;;349
2024-04-22T06:16:38Z;-516;;376
2024-04-22T06:16:42Z;-522;;370
2024-04-22T06:16:53Z;-668;;224
2024-04-22T06:16:59Z;-526;;366
2024-04-22T06:17:09Z;-676;;216
2024-04-22T06:17:11Z;-505;;387
2024-04-22T06:17:13Z;-315;;577
2024-04-22T06:17:27Z;-311;;581
2024-04-22T06:17:30Z;-206;;686
2024-04-22T06:18:08Z;-535;;357
2024-04-22T06:18:10Z;-289;;603
2024-04-22T06:18:14Z;-345;;547
2024-04-22T06:18:20Z;-200;;692
2024-04-22T06:20:28Z;-120;;772
2024-04-22T06:20:31Z;-325;;567
2024-04-22T06:20:42Z;-304;;588
2024-04-22T06:20:44Z;-298;;594
2024-04-22T06:21:36Z;-329;;563
2024-04-22T06:21:38Z;-299;;593
2024-04-22T06:21:41Z;-325;;567
2024-04-22T06:21:43Z;-303;;589
2024-04-22T06:21:45Z;-286;;606
2024-04-22T06:21:47Z;-268;;624
2024-04-22T06:21:49Z;-272;;620
2024-04-22T06:21:57Z;-480;;412
2024-04-22T06:22:27Z;-511;;381
2024-04-22T06:22:29Z;-254;;638
2024-04-22T06:22:59Z;-508;;384
2024-04-22T06:23:01Z;-281;;611
2024-04-22T06:23:06Z;-453;;439
2024-04-22T06:23:09Z;-313;;579
2024-04-22T06:24:21Z;-399;;493
2024-04-22T06:24:23Z;-241;;651
2024-04-22T06:24:55Z;;267;26
2024-04-22T06:24:57Z;;687;446
2024-04-22T06:29:08Z;;546;305
2024-04-22T06:29:10Z;;711;470
2024-04-22T06:29:46Z;;589;348
2024-04-22T06:29:48Z;;705;464
2024-04-22T06:30:02Z;;714;473
2024-04-22T06:30:08Z;-551;;163
2024-04-22T06:37:53Z;-513;;201
2024-04-22T06:38:00Z;-685;;29
2024-04-22T06:38:02Z;-650;;64
2024-04-22T06:38:07Z;-632;;82
2024-04-22T06:38:09Z;-313;;401
2024-04-22T06:38:10Z;-284;;430
2024-04-22T06:38:20Z;-558;;156
2024-04-22T06:39:23Z;-388;;326
2024-04-22T06:39:25Z;-137;;577
2024-04-22T06:39:26Z;-531;;183
2024-04-22T06:42:03Z;;1022;491
2024-04-22T06:42:05Z;;758;227
2024-04-22T06:42:19Z;-713;;45
2024-04-22T06:44:01Z;;591;-122
2024-04-22T06:44:03Z;;797;84
2024-04-22T06:45:09Z;;841;128
2024-04-22T06:45:12Z;-808;;33
2024-04-22T06:47:09Z;;907;99
2024-04-22T06:48:18Z;-738;;169
2024-04-22T06:48:26Z;-810;;97
2024-04-22T06:48:31Z;-731;;176
2024-04-22T06:48:38Z;-910;;-3
2024-04-22T06:48:44Z;-769;;138
2024-04-22T06:48:49Z;-901;;6
2024-04-22T06:48:58Z;-896;;11
2024-04-22T06:49:01Z;-900;;7
2024-04-22T06:51:59Z;-614;;293
2024-04-22T06:52:01Z;-762;;145
2024-04-22T06:52:07Z;-885;;22
2024-04-22T06:52:08Z;-471;;436
2024-04-22T06:52:14Z;-897;;10
2024-04-22T06:52:18Z;-898;;9
2024-04-22T06:52:19Z;-898;;9
2024-04-22T06:52:24Z;-887;;20
2024-04-22T06:53:07Z;-688;;219
2024-04-22T06:53:08Z;-488;;419
2024-04-22T06:53:27Z;-912;;-5
2024-04-22T06:53:42Z;-858;;49
2024-04-22T06:54:06Z;-651;;256
2024-04-22T06:54:07Z;-470;;437
2024-04-22T06:55:25Z;-919;;-12
2024-04-22T06:56:14Z;-907;;0
2024-04-22T06:56:17Z;-880;;27
2024-04-22T06:56:25Z;-903;;4
2024-04-22T06:56:31Z;-945;;-38
2024-04-22T06:56:38Z;-927;;-20
2024-04-22T06:56:39Z;-887;;20
2024-04-22T06:58:23Z;-997;;-90
2024-04-22T06:58:25Z;-898;;9
2024-04-22T06:58:57Z;;303;-595
2024-04-22T06:58:59Z;;1035;137
2024-04-22T06:59:06Z;-900;;135
2024-04-22T06:59:18Z;-467;;568
2024-04-22T06:59:20Z;-344;;691
2024-04-22T06:59:26Z;-608;;427
2024-04-22T06:59:27Z;-517;;518
2024-04-22T07:00:01Z;;1044;527
2024-04-22T07:00:03Z;-791;;253
2024-04-22T07:00:08Z;-791;;253
2024-04-22T07:00:25Z;-799;;245
2024-04-22T07:02:15Z;;678;-121
2024-04-22T07:02:17Z;;1077;278
2024-04-22T07:02:19Z;;1331;532
2024-04-22T07:02:21Z;;1090;291
2024-04-22T07:03:06Z;-817;;273
2024-04-22T07:03:07Z;-162;;928
2024-04-22T07:04:08Z;-845;;245
2024-04-22T07:05:39Z;;1195;350
2024-04-22T07:06:00Z;-1161;;34
2024-04-22T07:06:06Z;-1201;;-6
2024-04-22T07:06:14Z;-1234;;-39
2024-04-22T07:06:25Z;;1463;229
2024-04-22T07:06:33Z;;1475;241
2024-04-22T07:06:38Z;-1198;;277
2024-04-22T07:07:00Z;;1199;1
2024-04-22T07:07:36Z;;1200;2
2024-04-22T07:07:38Z;;1198;0
2024-04-22T07:07:49Z;;1192;-6
2024-04-22T07:07:51Z;;1200;2
2024-04-22T07:08:00Z;;1203;5
2024-04-22T07:08:02Z;;1199;1
2024-04-22T07:08:03Z;;1200;2
2024-04-22T07:08:20Z;;1198;0
2024-04-22T07:08:22Z;;1209;11
2024-04-22T07:09:51Z;;1178;-20
2024-04-22T07:09:53Z;;1223;25
2024-04-22T07:10:57Z;-1195;;28
2024-04-22T07:12:30Z;;910;-285
2024-04-22T07:12:31Z;;1313;118
2024-04-22T07:12:33Z;;1154;-41
2024-04-22T07:12:34Z;-1167;;-13
2024-04-22T07:12:35Z;;1568;401
2024-04-22T07:12:37Z;;1325;158
2024-04-22T07:12:41Z;-1256;;69
2024-04-22T07:14:35Z;;1022;-234
2024-04-22T07:14:36Z;;1457;201
2024-04-22T07:14:39Z;;1511;255
2024-04-22T07:14:42Z;-1518;;-7
2024-04-22T07:14:45Z;-1486;;25
2024-04-22T07:14:49Z;;1486;0
2024-04-22T07:15:02Z;;1444;-42
2024-04-22T07:15:09Z;-1421;;23
2024-04-22T07:15:14Z;;1514;93
2024-04-22T07:15:17Z;-1505;;9
2024-04-22T07:15:27Z;;1841;336
2024-04-22T07:15:30Z;-1829;;12
2024-04-22T07:15:41Z;;2119;290
2024-04-22T07:15:44Z;-2156;;-37
2024-04-22T07:15:47Z;;2425;269
2024-04-22T07:15:50Z;;2382;226
2024-04-22T07:15:54Z;-2101;;281
2024-04-22T07:15:56Z;;2072;-29
2024-04-22T07:16:01Z;-1804;;268
2024-04-22T07:16:03Z;;1798;-6
2024-04-22T07:16:14Z;-1765;1812;8
2024-04-22T07:16:17Z;;2108;343
2024-04-22T07:16:20Z;-2135;;-27
2024-04-22T07:16:24Z;-2106;;2
2024-04-22T07:16:26Z;;2039;-67
2024-04-22T07:16:34Z;;2130;24
2024-04-22T07:16:37Z;-2102;;28
2024-04-22T07:16:42Z;;2451;349
2024-04-22T07:17:05Z;-2425;;26
2024-04-22T07:17:08Z;;2683;258
2024-04-22T07:17:11Z;-2365;;318
2024-04-22T07:17:14Z;;2711;346
2024-04-22T07:17:26Z;;2687;322
2024-04-22T07:17:34Z;-2378;;-314
2024-04-22T07:17:37Z;;2382;4
2024-04-22T07:17:39Z;;2425;47
2024-04-22T07:17:42Z;-2420;;5
2024-04-22T07:17:44Z;-2446;;-21
2024-04-22T07:17:45Z;-2062;;363
2024-04-22T07:17:48Z;;2361;299
2024-04-22T07:17:53Z;-2075;2413;351
2024-04-22T07:18:00Z;-2005;2328;253
2024-04-22T07:18:02Z;-1793;;535
2024-04-22T07:18:03Z;;2021;228
2024-04-22T07:18:06Z;-1710;;311
2024-04-22T07:18:08Z;-2152;;-131
2024-04-22T07:18:09Z;;2126;-26
2024-04-22T07:18:11Z;;2418;266
2024-04-22T07:18:14Z;-2414;;-288
2024-04-22T07:18:18Z;-2370;;-244
2024-04-22T07:18:19Z;;2395;25
2024-04-22T07:18:22Z;-1990;2086;-284
2024-04-22T07:18:23Z;-1871;;215
2024-04-22T07:18:26Z;;1772;-99
2024-04-22T07:18:30Z;;1801;-70
2024-04-22T07:18:34Z;-1842;;-41
2024-04-22T07:18:37Z;;2121;279
2024-04-22T07:18:41Z;;2064;222
2024-04-22T07:18:43Z;-1777;;287
2024-04-22T07:18:45Z;;1794;17
2024-04-22T07:18:47Z;;1816;39
2024-04-22T07:18:50Z;-1873;;-57
2024-04-22T07:18:52Z;;2101;228
2024-04-22T07:18:53Z;;2092;219
2024-04-22T07:18:59Z;;2128;255
2024-04-22T07:19:01Z;-2117;;11
2024-04-22T07:19:10Z;-2093;;35
2024-04-22T07:19:13Z;;2059;-34
2024-04-22T07:19:31Z;-2115;2171;-56
2024-04-22T07:19:34Z;-2353;2422;307
2024-04-22T07:19:37Z;-2374;;48
2024-04-22T07:19:39Z;;2378;4
2024-04-22T07:19:43Z;;2426;52
2024-04-22T07:19:45Z;-2436;;-10
2024-04-22T07:19:53Z;-2398;;28
2024-04-22T07:19:57Z;;2389;-9
2024-04-22T07:20:01Z;;2414;16
2024-04-22T07:20:03Z;-2437;;-23
2024-04-22T07:20:31Z;-2378;;36
2024-04-22T07:20:42Z;;2375;-3
2024-04-22T07:20:48Z;;2402;24
2024-04-22T07:20:51Z;-2405;;-3
2024-04-22T07:25:15Z;;2701;296
2024-04-22T07:25:17Z;;2692;287
2024-04-22T07:25:19Z;;2714;309
2024-04-22T07:25:21Z;;2695;290
2024-04-22T07:25:23Z;;2708;303
2024-04-22T07:25:29Z;;2699;294
2024-04-22T07:25:30Z;;2701;296
2024-04-22T07:25:32Z;;2677;272
2024-04-22T07:25:34Z;;2700;295
2024-04-22T07:25:35Z;;2696;291
2024-04-22T07:25:37Z;;2702;297
2024-04-22T07:25:39Z;;2690;285
2024-04-22T07:25:41Z;;2702;297
2024-04-22T07:25:45Z;;2696;291
2024-04-22T07:25:47Z;;2712;307
2024-04-22T07:25:50Z;;2710;305
2024-04-22T07:25:53Z;;2708;303
2024-04-22T07:25:58Z;;2706;301
2024-04-22T07:26:01Z;;2707;302
2024-04-22T07:26:10Z;;2696;291
2024-04-22T07:26:11Z;;2711;306
2024-04-22T07:26:21Z;;2697;292
2024-04-22T07:26:23Z;;2731;326
2024-04-22T07:26:47Z;-2701;;30
2024-04-22T07:26:51Z;-2682;;49
2024-04-22T07:26:53Z;-2706;;25
2024-04-22T07:27:01Z;-2693;;38
2024-04-22T07:27:03Z;-2708;;23
2024-04-22T07:27:11Z;-2693;;38
2024-04-22T07:27:13Z;-2709;;22
2024-04-22T07:27:21Z;-2689;;42
2024-04-22T07:27:22Z;-2697;;34
2024-04-22T07:27:30Z;-2703;;28
2024-04-22T07:27:33Z;-2705;;26
2024-04-22T07:27:41Z;-2688;;43
2024-04-22T07:27:42Z;-2687;;44
2024-04-22T07:27:45Z;-2699;;32
2024-04-22T07:27:46Z;-2692;;39
2024-04-22T07:27:50Z;-2695;;36
2024-04-22T07:28:06Z;-2694;;37
2024-04-22T07:28:09Z;-2698;;33
2024-04-22T07:28:17Z;-2718;;13
2024-04-22T07:29:03Z;-2694;;37
2024-04-22T07:29:04Z;-2698;;33
2024-04-22T07:30:02Z;;2910;212
2024-04-22T07:30:09Z;-2817;;93
2024-04-22T07:31:13Z;;2999;182
2024-04-22T07:31:15Z;;2984;167
2024-04-22T07:31:29Z;;3004;187
2024-04-22T07:31:31Z;;2997;180
2024-04-22T07:31:34Z;-2668;;329
2024-04-22T07:31:35Z;-2735;;262
2024-04-22T07:31:39Z;;3004;269
2024-04-22T07:31:41Z;;2989;254
2024-04-22T07:31:43Z;;3007;272
2024-04-22T07:31:49Z;;2996;261
2024-04-22T07:31:51Z;;3015;280
2024-04-22T07:32:01Z;;2989;254
2024-04-22T07:32:03Z;;3018;283
2024-04-22T07:35:45Z;;2993;258
2024-04-22T07:35:47Z;;3016;281
2024-04-22T07:35:53Z;;2999;264
2024-04-22T07:35:55Z;;3020;285
2024-04-22T07:36:03Z;;2989;254
2024-04-22T07:36:05Z;;3015;280
2024-04-22T07:36:27Z;;2995;260
2024-04-22T07:37:25Z;-2693;;302
2024-04-22T07:37:26Z;-2700;;295
2024-04-22T07:37:28Z;-2699;;296
2024-04-22T07:39:00Z;;2680;-19
2024-04-22T07:39:02Z;-2377;;303
2024-04-22T07:39:06Z;;2350;-27
2024-04-22T07:39:07Z;-2053;;297
2024-04-22T07:39:12Z;-2081;;269
2024-04-22T07:39:13Z;;2358;277
2024-04-22T07:39:17Z;-2404;;-46
2024-04-22T07:39:20Z;;2708;304
2024-04-22T07:39:37Z;;2693;289
2024-04-22T07:39:39Z;-2380;;313
2024-04-22T07:39:42Z;;2381;1
2024-04-22T07:39:44Z;-2049;;332
2024-04-22T07:39:46Z;;2091;42
2024-04-22T07:39:48Z;-1799;;292
2024-04-22T07:39:49Z;-1819;;272
2024-04-22T07:39:51Z;;2156;337
2024-04-22T07:39:53Z;-2201;;-45
2024-04-22T07:39:54Z;;2493;292
2024-04-22T07:39:55Z;-2418;;75
2024-04-22T07:39:56Z;;2602;184
2024-04-22T07:40:14Z;-2715;;-113
2024-04-22T07:40:29Z;-2342;;260
2024-04-22T07:40:30Z;-1442;2676;1234
2024-04-22T07:40:31Z;-1167;;1509
2024-04-22T07:40:32Z;;1735;568
2024-04-22T07:40:34Z;;1342;175
2024-04-22T07:40:35Z;-1263;;79
2024-04-22T07:40:36Z;;1605;342
2024-04-22T07:40:37Z;;2000;737
2024-04-22T07:40:39Z;-1891;;109
2024-04-22T07:40:40Z;;2570;679
2024-04-22T07:40:41Z;-2424;;146
2024-04-22T07:40:44Z;-2265;2848;305
2024-04-22T07:40:46Z;-1995;;853
2024-04-22T07:40:47Z;;2519;524
2024-04-22T07:40:48Z;-1473;;1046
2024-04-22T07:40:49Z;;2307;834
2024-04-22T07:40:50Z;-1145;;1162
2024-04-22T07:40:52Z;;1978;833
2024-04-22T07:40:53Z;;1705;560
2024-04-22T07:40:55Z;;1409;264
2024-04-22T07:40:57Z;;1193;48
2024-04-22T07:40:59Z;;1206;61
2024-04-22T07:41:01Z;;1179;34
2024-04-22T07:41:02Z;;1267;122
2024-04-22T07:41:05Z;-1258;;9
2024-04-22T07:41:07Z;-1203;;64
2024-04-22T07:41:09Z;-1362;;-95
2024-04-22T07:41:10Z;-1541;;-274
2024-04-22T07:41:11Z;;1504;-37
2024-04-22T07:41:13Z;-1858;;-354
2024-04-22T07:41:15Z;-2107;1811;-603
2024-04-22T07:41:17Z;;2168;61
2024-04-22T07:41:19Z;;2441;334
2024-04-22T07:41:21Z;-2401;2757;650
2024-04-22T07:41:51Z;;2661;260
2024-04-22T07:41:57Z;-2400;;261
2024-04-22T07:42:01Z;;2339;-61
2024-04-22T07:42:02Z;-2075;;264
2024-04-22T07:42:09Z;-2123;;216
2024-04-22T07:42:12Z;-2099;;240
2024-04-22T07:42:20Z;;2096;-3
2024-04-22T07:42:23Z;-1757;;339
2024-04-22T07:42:26Z;;1783;26
2024-04-22T07:42:28Z;-1482;;301
2024-04-22T07:42:37Z;;1488;6
2024-04-22T07:42:38Z;-1239;;249
2024-04-22T07:42:44Z;;1197;-42
2024-04-22T07:44:39Z;;1243;4
2024-04-22T07:44:45Z;-1217;;26
2024-04-22T07:44:48Z;;1522;305
2024-04-22T07:44:51Z;-1489;;33
2024-04-22T07:44:56Z;;1847;358
2024-04-22T07:45:02Z;;1797;308
2024-04-22T07:45:04Z;-1537;;260
2024-04-22T07:45:05Z;;1898;361
2024-04-22T07:45:09Z;-1537;;361
2024-04-22T07:45:12Z;;1495;-42
2024-04-22T07:45:28Z;-1183;;312
2024-04-22T07:45:32Z;-1188;;307
2024-04-22T07:45:39Z;;1515;327
2024-04-22T07:45:52Z;;1479;291
2024-04-22T07:45:54Z;-1217;;262
2024-04-22T07:46:07Z;;1206;-11
2024-04-22T07:46:08Z;;1200;-17
2024-04-22T07:46:10Z;;1200;-17
2024-04-22T07:46:12Z;;1199;-18
2024-04-22T07:46:22Z;-1203;;-4
2024-04-22T07:46:25Z;;1513;310
2024-04-22T07:46:29Z;;1585;382
2024-04-22T07:46:31Z;-1236;;349
2024-04-22T07:46:40Z;-1237;;348
2024-04-22T07:46:42Z;;1523;286
2024-04-22T07:46:57Z;;1509;272
2024-04-22T07:47:09Z;;1518;281
2024-04-22T07:47:12Z;;1814;577
2024-04-22T07:47:15Z;-1553;2151;914
2024-04-22T07:47:16Z;-1873;;278
2024-04-22T07:47:17Z;;2416;543
2024-04-22T07:47:20Z;-2138;;278
2024-04-22T07:47:21Z;;2487;349
2024-04-22T07:47:23Z;-2084;;403
2024-04-22T07:47:25Z;;2097;13
2024-04-22T07:47:27Z;-1768;;329
2024-04-22T07:47:31Z;;1754;-14
2024-04-22T07:47:34Z;-1444;1457;-311
2024-04-22T07:47:36Z;-1161;;296
2024-04-22T07:47:38Z;;1163;2
2024-04-22T07:48:20Z;-894;;269
2024-04-22T07:48:21Z;-896;;267
2024-04-22T07:48:59Z;;1224;328
2024-04-22T07:49:02Z;-1151;1532;636
2024-04-22T07:49:04Z;-1455;;77
2024-04-22T07:49:05Z;;1806;351
2024-04-22T07:49:07Z;-1795;;11
2024-04-22T07:49:11Z;-1711;;95
2024-04-22T07:49:12Z;;1793;82
2024-04-22T07:49:14Z;;1465;-246
2024-04-22T07:49:15Z;-1410;;55
2024-04-22T07:49:17Z;-1144;;321
2024-04-22T07:49:22Z;-1241;;224
2024-04-22T07:49:24Z;;1531;290
2024-04-22T07:49:28Z;-1491;;40
2024-04-22T07:49:30Z;-1749;1894;403
2024-04-22T07:49:32Z;-2091;2254;505
2024-04-22T07:49:34Z;;2404;313
2024-04-22T07:49:36Z;;2351;260
2024-04-22T07:49:38Z;;2135;44
2024-04-22T07:49:39Z;-2020;;115
2024-04-22T07:49:41Z;-1826;1722;-298
2024-04-22T07:49:43Z;-1467;;255
2024-04-22T07:49:55Z;-1490;;232
2024-04-22T07:50:02Z;;1825;335
2024-04-22T07:50:04Z;-1881;;-56
2024-04-22T07:50:05Z;;2197;316
2024-04-22T07:50:07Z;;2504;623
2024-04-22T07:50:08Z;-2182;;322
2024-04-22T07:50:10Z;-2421;;83
2024-04-22T07:50:11Z;;2708;287
2024-04-22T07:50:20Z;;2649;228
2024-04-22T07:50:23Z;-2370;;279
2024-04-22T07:50:29Z;;2385;15
2024-04-22T07:50:32Z;-2115;;270
2024-04-22T07:50:34Z;;2078;-37
2024-04-22T07:50:36Z;-1745;;333
2024-04-22T07:50:38Z;;1820;75
2024-04-22T07:50:40Z;-1463;;357
2024-04-22T07:50:44Z;;1481;18
2024-04-22T07:50:56Z;-1190;;291
2024-04-22T07:51:05Z;;1181;282
2024-04-22T07:51:10Z;-899;;582
2024-04-22T07:51:29Z;;898;-1
2024-04-22T07:52:17Z;-596;;302
2024-04-22T07:52:57Z;-682;;216
2024-04-22T07:54:23Z;;252;-430
2024-04-22T07:54:24Z;;748;66
2024-04-22T07:57:46Z;;901;219
2024-04-22T07:57:50Z;-879;;22
2024-04-22T07:57:55Z;-916;;-15
2024-04-22T07:57:57Z;;892;-24
2024-04-22T08:00:02Z;;777;-139
2024-04-22T08:00:09Z;-707;;70
2024-04-22T08:02:13Z;1250;;2027
2024-04-22T08:02:31Z;;905;2155
2024-04-22T08:02:33Z;;893;2143
2024-04-22T08:02:35Z;;904;2154
2024-04-22T08:02:37Z;;896;2146
2024-04-22T08:02:39Z;;903;2153
2024-04-22T08:02:47Z;;891;2141
2024-04-22T08:02:50Z;;903;2153
2024-04-22T08:03:22Z;1181;;2084
2024-04-22T08:03:23Z;1210;;2113
2024-04-22T08:03:29Z;1192;;2095
2024-04-22T08:03:31Z;1209;;2112
2024-04-22T08:03:34Z;1191;;2094
2024-04-22T08:03:35Z;1209;;2112
2024-04-22T08:03:41Z;1183;;2086
2024-04-22T08:03:46Z;1204;;2107
2024-04-22T08:03:52Z;1173;;2076
2024-04-22T08:03:53Z;1202;;2105
2024-04-22T08:03:56Z;1183;;2086
2024-04-22T08:05:31Z;;339;1522
2024-04-22T08:05:32Z;;997;2180
2024-04-22T08:05:41Z;1578;;2575
2024-04-22T08:05:42Z;1119;;2116
2024-04-22T08:05:46Z;;881;2000
2024-04-22T08:05:47Z;;1006;2125
2024-04-22T08:09:17Z;898;;1904
2024-04-22T08:09:21Z;900;;1906
2024-04-22T08:10:02Z;899;;1905
2024-04-22T08:10:03Z;907;;1913
2024-04-22T08:10:04Z;887;;1893
2024-04-22T08:10:05Z;902;;1908
2024-04-22T08:10:16Z;896;;1902
2024-04-22T08:10:18Z;907;;1913
2024-04-22T08:10:19Z;896;;1902
2024-04-22T08:10:22Z;;1203;2099
2024-04-22T08:10:23Z;;1193;2089
2024-04-22T08:10:26Z;;1200;2096
2024-04-22T08:10:27Z;;1194;2090
2024-04-22T08:10:30Z;;1200;2096
2024-04-22T08:10:31Z;902;;2102
2024-04-22T08:10:34Z;;1194;2096
2024-04-22T08:10:35Z;;1202;2104
2024-04-22T08:10:37Z;;1195;2097
2024-04-22T08:10:39Z;;1201;2103
2024-04-22T08:10:41Z;;1196;2098
2024-04-22T08:10:43Z;;1204;2106
2024-04-22T08:10:44Z;;1199;2101
2024-04-22T08:10:45Z;903;;2102
2024-04-22T08:10:46Z;896;;2095
2024-04-22T08:10:47Z;;1203;2099
2024-04-22T08:10:49Z;;1197;2093
2024-04-22T08:10:51Z;901;;2098
2024-04-22T08:10:52Z;899;;2096
2024-04-22T08:10:54Z;;1202;2101
2024-04-22T08:11:02Z;891;;2093
2024-04-22T08:15:02Z;;1270;2161
2024-04-22T08:15:09Z;-1182;;88
2024-04-22T08:15:36Z;;1264;82
2024-04-22T08:15:37Z;;1286;104
2024-04-22T08:15:39Z;-1174;;112
2024-04-22T08:20:20Z;-1197;;89
2024-04-22T08:20:27Z;-1185;;101
2024-04-22T08:20:29Z;-1194;;92
2024-04-22T08:20:30Z;-1185;;101
2024-04-22T08:20:31Z;-647;;639
2024-04-22T08:20:36Z;-554;;732
2024-04-22T08:20:37Z;-1181;;105
2024-04-22T08:20:51Z;-1199;;87
2024-04-22T08:20:52Z;-1200;;86
2024-04-22T08:20:54Z;-1192;;94
2024-04-22T08:20:55Z;-1200;;86
2024-04-22T08:20:57Z;-1207;;79
2024-04-22T08:20:58Z;-1201;;85
2024-04-22T08:21:16Z;-1188;;98
2024-04-22T08:21:17Z;;677;-511
2024-04-22T08:21:18Z;-1161;1274;-484
2024-04-22T08:21:22Z;-1192;;82
2024-04-22T08:21:30Z;-1185;;89
2024-04-22T08:21:31Z;-1211;;63
2024-04-22T08:22:11Z;-1193;;81
2024-04-22T08:22:12Z;-1209;;65
2024-04-22T08:22:13Z;-1193;;81
2024-04-22T08:22:26Z;-1196;;78
2024-04-22T08:22:27Z;-1200;;74
2024-04-22T08:22:37Z;-1198;;76
2024-04-22T08:22:39Z;-1191;;83
2024-04-22T08:22:53Z;-1205;;69
2024-04-22T08:22:56Z;-1209;;65
2024-04-22T08:24:16Z;-1177;;97
2024-04-22T08:24:18Z;-1194;;80
2024-04-22T08:24:22Z;-1197;;77
2024-04-22T08:24:24Z;-1199;;75
2024-04-22T08:24:25Z;-1198;;76
2024-04-22T08:24:31Z;-1189;;85
2024-04-22T08:24:45Z;-1198;;76
2024-04-22T08:24:47Z;-1195;;79
2024-04-22T08:25:40Z;-699;;575
2024-04-22T08:25:41Z;-1165;;109
2024-04-22T08:25:43Z;;1154;-11
2024-04-22T08:25:44Z;;1266;101
2024-04-22T08:27:21Z;-1198;;68
2024-04-22T08:27:23Z;-1204;;62
2024-04-22T08:27:30Z;-1198;;68
2024-04-22T08:27:31Z;-1185;;81
2024-04-22T08:27:32Z;-1199;;67
2024-04-22T08:27:33Z;-1200;;66
2024-04-22T08:27:34Z;-1205;;61
2024-04-22T08:27:36Z;-1205;;61
2024-04-22T08:27:39Z;-1199;;67
2024-04-22T08:27:44Z;-1201;;65
2024-04-22T08:27:51Z;-1196;;70
2024-04-22T08:27:56Z;-1188;;78
2024-04-22T08:28:42Z;-1198;;68
2024-04-22T08:28:44Z;-1197;;69
2024-04-22T08:30:02Z;;1266;69
2024-04-22T08:30:04Z;-1186;;80
2024-04-22T08:30:06Z;-1192;;74
2024-04-22T08:30:07Z;-1194;;72
2024-04-22T08:30:10Z;-1186;;80
2024-04-22T08:30:15Z;-1209;;57
2024-04-22T08:30:16Z;-1199;;67
2024-04-22T08:30:56Z;-1185;;81
2024-04-22T08:31:02Z;-1200;;66
2024-04-22T08:31:03Z;-1201;;65
2024-04-22T08:31:13Z;-1199;;67
2024-04-22T08:31:15Z;-1194;;72
2024-04-22T08:32:59Z;-1199;;67
2024-04-22T08:33:29Z;-1197;;69
2024-04-22T08:33:30Z;-1200;;66
2024-04-22T08:33:39Z;-1199;;67
2024-04-22T08:33:40Z;-1208;;58
2024-04-22T08:33:48Z;-1190;;76
2024-04-22T08:35:15Z;;675;-515
2024-04-22T08:35:16Z;;1278;88
2024-04-22T08:35:58Z;-1200;;78
2024-04-22T08:35:59Z;-753;;525
2024-04-22T08:36:00Z;-1189;;89
2024-04-22T08:36:02Z;;1164;-25
2024-04-22T08:36:03Z;;1267;78
2024-04-22T08:36:07Z;-1203;;64
2024-04-22T08:36:08Z;-1197;;70
2024-04-22T08:36:09Z;-1201;;66
2024-04-22T08:36:14Z;-1198;;69
2024-04-22T08:36:16Z;-1200;;67
2024-04-22T08:36:17Z;-1195;;72
2024-04-22T08:36:19Z;-1202;;65
2024-04-22T08:36:20Z;-1181;;86
2024-04-22T08:36:28Z;-1206;;61
2024-04-22T08:36:39Z;-1193;;74
2024-04-22T08:36:41Z;-1201;;66
2024-04-22T08:36:42Z;-1198;;69
2024-04-22T08:41:41Z;-1191;;76
2024-04-22T08:41:42Z;-1206;;61
2024-04-22T08:41:44Z;-1196;;71
2024-04-22T08:41:53Z;-1199;;68
2024-04-22T08:41:54Z;-1196;;71
2024-04-22T08:45:02Z;;1431;235
2024-04-22T08:45:09Z;-1369;;62
2024-04-22T08:46:06Z;-1395;;36
2024-04-22T08:46:10Z;-1413;;18
2024-04-22T08:46:16Z;;1508;95
2024-04-22T08:46:35Z;-1499;;9
2024-04-22T08:46:39Z;;1863;364
2024-04-22T08:46:40Z;-1961;;-98
2024-04-22T08:46:41Z;;2224;263
2024-04-22T08:46:42Z;;2421;460
2024-04-22T08:46:43Z;-2462;;-41
2024-04-22T08:46:44Z;;2732;270
2024-04-22T08:46:47Z;-2681;;51
2024-04-22T08:46:51Z;-2711;;21
2024-04-22T08:46:58Z;;2650;-61
2024-04-22T08:46:59Z;;2325;-386
2024-04-22T08:47:00Z;-2486;;-161
2024-04-22T08:47:02Z;-1999;;326
2024-04-22T08:47:04Z;;2043;44
2024-04-22T08:47:06Z;-1778;;265
2024-04-22T08:47:08Z;;1759;-19
2024-04-22T08:47:12Z;-1489;;270
2024-04-22T08:47:23Z;;1495;6
2024-04-22T08:53:05Z;;1503;14
2024-04-22T08:53:07Z;;1498;9
2024-04-22T08:53:10Z;;1505;16
2024-04-22T08:53:12Z;;1497;8
2024-04-22T08:53:14Z;;1506;17
2024-04-22T08:53:16Z;;1499;10
2024-04-22T08:53:18Z;;1508;19
2024-04-22T08:53:26Z;;1491;2
2024-04-22T08:53:28Z;;1506;17
2024-04-22T08:53:35Z;-1443;;63
2024-04-22T08:53:36Z;-724;;782
2024-04-22T08:56:37Z;-1491;;15
2024-04-22T08:56:39Z;-1508;;-2
2024-04-22T08:56:40Z;-1496;;10
2024-04-22T08:56:58Z;-1496;;10
2024-04-22T08:57:28Z;-1508;;-2
2024-04-22T08:57:32Z;-1501;;5
2024-04-22T08:57:34Z;-1512;;-6
2024-04-22T08:57:37Z;;1832;320
2024-04-22T08:57:47Z;;1762;250
2024-04-22T08:57:49Z;-1494;;268
2024-04-22T08:58:21Z;-1512;;250
2024-04-22T08:58:28Z;-1489;;273
2024-04-22T08:59:00Z;-1497;;265
2024-04-22T08:59:10Z;;1811;314
2024-04-22T08:59:27Z;-1783;;28
2024-04-22T08:59:33Z;;2120;337
2024-04-22T08:59:47Z;-2141;;-21
2024-04-22T08:59:48Z;;2415;274
2024-04-22T08:59:51Z;;2352;211
2024-04-22T08:59:54Z;-2101;;251
2024-04-22T08:59:55Z;;2087;-14
2024-04-22T08:59:57Z;-1828;;259
2024-04-22T09:00:01Z;;2046;218
2024-04-22T09:00:09Z;-1633;;413
2024-04-22T09:00:21Z;-1743;;303
2024-04-22T09:00:22Z;;2149;406
2024-04-22T09:00:24Z;;2498;755
2024-04-22T09:00:25Z;-1968;;530
2024-04-22T09:00:27Z;-2433;;65
2024-04-22T09:00:28Z;-2387;;111
2024-04-22T09:00:35Z;;2346;-41
2024-04-22T09:00:38Z;;2036;-351
2024-04-22T09:00:40Z;-2163;;-127
2024-04-22T09:00:49Z;-1789;;247
2024-04-22T09:00:51Z;-1782;;254
2024-04-22T09:01:01Z;-1798;;238
2024-04-22T09:01:04Z;;2150;352
2024-04-22T09:01:13Z;;2082;284
2024-04-22T09:01:15Z;-1804;;278
2024-04-22T09:01:37Z;-1780;;302
2024-04-22T09:01:39Z;-1795;;319
2024-04-22T09:01:50Z;-1790;;292
2024-04-22T09:01:53Z;;2114;106
2024-04-22T09:01:59Z;-2081;;1
2024-04-22T09:02:01Z;-2008;;74
2024-04-22T09:02:02Z;;2086;78
2024-04-22T09:02:04Z;-1787;;299
2024-04-22T09:02:08Z;-1803;;283
2024-04-22T09:02:18Z;-1792;;294
2024-04-22T09:02:32Z;-1807;;279
2024-04-22T09:02:33Z;;2117;310
2024-04-22T09:02:35Z;;2411;604
2024-04-22T09:02:36Z;-2267;;144
2024-04-22T09:02:37Z;-2527;2925;-116
2024-04-22T09:02:38Z;-2773;;152
2024-04-22T09:02:40Z;-3049;;-124
2024-04-22T09:02:42Z;;3134;-178
2024-04-22T09:02:43Z;-3312;;-387
2024-04-22T09:02:44Z;;3350;38
2024-04-22T09:02:46Z;;3632;320
2024-04-22T09:02:47Z;-3223;;409
2024-04-22T09:02:48Z;;3598;375
2024-04-22T09:02:53Z;;3197;-26
2024-04-22T09:02:55Z;;2939;-284
2024-04-22T09:02:57Z;;3033;-190
2024-04-22T09:02:59Z;-2872;;161
2024-04-22T09:03:00Z;-2684;;349
2024-04-22T09:03:02Z;-2732;;301
2024-04-22T09:03:03Z;;3477;745
2024-04-22T09:03:05Z;;3641;909
2024-04-22T09:03:08Z;-3098;;543
2024-04-22T09:03:10Z;-3402;;239
2024-04-22T09:03:28Z;-3297;3440;344
2024-04-22T09:03:30Z;-2880;;560
2024-04-22T09:03:31Z;;3208;328
2024-04-22T09:03:34Z;;2989;109
2024-04-22T09:03:37Z;-2694;;295
2024-04-22T09:03:39Z;-2381;;608
2024-04-22T09:03:40Z;;2659;278
2024-04-22T09:03:43Z;-2386;;273
2024-04-22T09:03:44Z;-2415;;244
2024-04-22T09:03:47Z;;2384;-31
2024-04-22T09:03:48Z;;2459;44
2024-04-22T09:03:51Z;;2352;-63
2024-04-22T09:03:52Z;-2095;;257
2024-04-22T09:03:55Z;-2126;;226
2024-04-22T09:03:58Z;;2428;302
2024-04-22T09:04:09Z;;2397;271
2024-04-22T09:04:11Z;-2066;;331
2024-04-22T09:04:56Z;;2405;339
2024-04-22T09:04:58Z;-2136;;269
2024-04-22T09:05:05Z;-2468;2764;-63
2024-04-22T09:05:15Z;;2646;178
2024-04-22T09:05:17Z;-2332;;314
2024-04-22T09:05:20Z;-2404;;242
2024-04-22T09:05:21Z;-2356;;290
2024-04-22T09:05:23Z;;2375;19
2024-04-22T09:05:24Z;-2133;;242
2024-04-22T09:05:41Z;-2105;;270
2024-04-22T09:05:45Z;;2422;317
2024-04-22T09:05:51Z;-2492;2819;-70
2024-04-22T09:05:53Z;-2746;3019;73
2024-04-22T09:05:55Z;;2985;239
2024-04-22T09:05:57Z;-2615;;370
2024-04-22T09:05:59Z;;2681;66
2024-04-22T09:06:01Z;;2877;262
2024-04-22T09:06:03Z;-2704;;173
2024-04-22T09:06:04Z;-2663;;214
2024-04-22T09:06:08Z;-2774;3100;103
2024-04-22T09:06:11Z;-3013;3334;87
2024-04-22T09:06:16Z;;3294;281
2024-04-22T09:06:18Z;;3327;314
2024-04-22T09:06:20Z;;3545;532
2024-04-22T09:06:21Z;-3378;;167
2024-04-22T09:06:36Z;-3257;3449;288
2024-04-22T09:06:38Z;-2973;3088;-909
2024-04-22T09:06:40Z;-2504;;945
2024-04-22T09:06:41Z;;2828;-429
2024-04-22T09:06:43Z;;2638;603
2024-04-22T09:06:44Z;;2384;-120
2024-04-22T09:06:45Z;-2035;;29
2024-04-22T09:06:48Z;;2064;-1193
2024-04-22T09:06:49Z;-1810;;254
2024-04-22T09:07:13Z;-1842;;222
2024-04-22T09:07:17Z;-1783;;281
2024-04-22T09:07:50Z;;1789;6
2024-04-22T09:08:23Z;;1807;24
2024-04-22T09:08:45Z;-1817;;-10
2024-04-22T09:08:46Z;;2105;288
2024-04-22T09:08:48Z;;2061;244
2024-04-22T09:08:55Z;;2111;294
2024-04-22T09:08:59Z;-2185;2564;-74
2024-04-22T09:09:00Z;-2381;;183
2024-04-22T09:09:01Z;;2705;324
2024-04-22T09:09:03Z;;2696;315
2024-04-22T09:09:05Z;-2345;;351
2024-04-22T09:09:06Z;-2224;;472
2024-04-22T09:09:09Z;;2366;142
2024-04-22T09:09:10Z;;2078;-146
2024-04-22T09:09:15Z;;2104;-120
2024-04-22T09:09:17Z;;2086;-138
2024-04-22T09:09:23Z;;2128;-96
2024-04-22T09:09:33Z;;2063;-161
2024-04-22T09:09:36Z;-1778;;285
2024-04-22T09:09:42Z;;1797;19
2024-04-22T09:10:04Z;-1489;;308
2024-04-22T09:12:56Z;-1487;;310
2024-04-22T09:13:16Z;;1808;321
2024-04-22T09:13:31Z;;1790;303
2024-04-22T09:13:38Z;-1486;;304
2024-04-22T09:14:41Z;;1499;13
2024-04-22T09:14:43Z;;1501;15
2024-04-22T09:14:45Z;;1499;13
2024-04-22T09:14:47Z;;1500;14
2024-04-22T09:14:53Z;;1498;12
2024-04-22T09:14:55Z;;1506;20
2024-04-22T09:15:01Z;;1508;22
2024-04-22T09:15:09Z;-1298;;210
2024-04-22T09:15:14Z;;1502;204
2024-04-22T09:15:17Z;;1501;203
2024-04-22T09:15:19Z;;1499;201
2024-04-22T09:15:51Z;;1504;206
2024-04-22T09:16:19Z;-1496;;8
2024-04-22T09:16:45Z;-1504;;0
2024-04-22T09:16:54Z;-1499;;5
2024-04-22T09:17:15Z;-1496;;8
2024-04-22T09:18:22Z;-1489;;15
2024-04-22T09:18:24Z;-1507;;-3
2024-04-22T09:18:26Z;-1501;;3
2024-04-22T09:20:16Z;-1504;;0
2024-04-22T09:21:09Z;-1505;;-1
2024-04-22T09:22:07Z;;1804;299
2024-04-22T09:22:18Z;-1810;;-6
2024-04-22T09:22:57Z;-1789;;15
2024-04-22T09:23:56Z;-1792;;12
2024-04-22T09:24:08Z;-1810;;-6
2024-04-22T09:24:10Z;-1804;;0
2024-04-22T09:26:18Z;;2100;296
2024-04-22T09:26:21Z;-2054;;46
2024-04-22T09:26:27Z;;2403;349
2024-04-22T09:26:29Z;;2426;372
2024-04-22T09:26:31Z;-2106;;320
2024-04-22T09:26:34Z;-2153;;273
2024-04-22T09:26:35Z;;2466;313
2024-04-22T09:26:38Z;;2389;236
2024-04-22T09:26:47Z;-2095;;294
2024-04-22T09:26:51Z;;2094;-1
2024-04-22T09:27:31Z;-1804;;290
2024-04-22T09:28:09Z;;1808;4
2024-04-22T09:30:01Z;;1676;-128
2024-04-22T09:30:11Z;-1563;;113
2024-04-22T09:30:29Z;;1110;-453
2024-04-22T09:30:30Z;-1506;;-396
2024-04-22T09:30:32Z;-1509;;-399
2024-04-22T09:30:33Z;-1503;;-393
2024-04-22T09:30:37Z;;1583;80
2024-04-22T09:30:56Z;;1498;-5
2024-04-22T09:31:27Z;-1195;;303
2024-04-22T09:33:29Z;-1200;;298
2024-04-22T09:34:44Z;;1506;306
2024-04-22T09:35:01Z;;1498;298
2024-04-22T09:40:40Z;-1234;;264
2024-04-22T09:40:41Z;-1153;;345
2024-04-22T09:44:21Z;-1295;;203
2024-04-22T09:44:23Z;-1284;;214
2024-04-22T09:44:25Z;;563;-721
2024-04-22T09:44:27Z;;1356;72
2024-04-22T09:44:31Z;-1262;;94
2024-04-22T09:44:32Z;-958;;398
2024-04-22T09:44:35Z;;949;-9
2024-04-22T09:44:37Z;;1372;414
2024-04-22T09:44:39Z;;1133;175
2024-04-22T09:44:41Z;;1365;407
2024-04-22T09:45:01Z;;1362;404
2024-04-22T09:45:09Z;-1262;;100
2024-04-22T09:47:43Z;;1503;241
2024-04-22T09:47:45Z;;1496;234
2024-04-22T09:47:47Z;;1498;236
2024-04-22T09:47:49Z;;1496;234
2024-04-22T09:47:51Z;;1502;240
2024-04-22T09:48:23Z;;1497;235
2024-04-22T09:48:25Z;;1507;245
2024-04-22T09:48:33Z;;1489;227
2024-04-22T09:51:23Z;;1501;239
2024-04-22T09:51:25Z;;1494;232
2024-04-22T09:51:27Z;;1510;248
2024-04-22T09:52:00Z;-1508;;2
2024-04-22T09:53:57Z;-1501;;9
2024-04-22T09:54:20Z;;1498;-3
2024-04-22T09:55:47Z;;1511;10
2024-04-22T09:55:55Z;-1496;;15
2024-04-22T09:56:00Z;;1806;310
2024-04-22T09:56:03Z;;1794;298
2024-04-22T09:56:05Z;;1835;339
2024-04-22T09:56:07Z;-1802;;33
2024-04-22T09:56:14Z;;2100;298
2024-04-22T09:56:16Z;;2336;534
2024-04-22T09:56:19Z;;2654;852
2024-04-22T09:56:20Z;-2036;;618
2024-04-22T09:56:21Z;-2404;;250
2024-04-22T09:56:22Z;;3105;701
2024-04-22T09:56:25Z;-2625;;480
2024-04-22T09:56:27Z;-3010;;95
2024-04-22T09:56:28Z;;3350;340
2024-04-22T09:56:31Z;-3306;3030;44
2024-04-22T09:56:32Z;-3256;;-226
2024-04-22T09:56:33Z;;2653;-603
2024-04-22T09:56:35Z;;2318;-938
2024-04-22T09:56:36Z;-2765;;-447
2024-04-22T09:56:37Z;-2398;;-80
2024-04-22T09:56:38Z;-2120;;198
2024-04-22T09:56:39Z;-2079;;239
2024-04-22T09:56:43Z;;2423;344
2024-04-22T09:56:45Z;-2406;;17
2024-04-22T09:56:47Z;;2726;320
2024-04-22T09:56:52Z;;2653;247
2024-04-22T09:56:59Z;-2396;;257
2024-04-22T09:57:00Z;-2389;;264
2024-04-22T09:57:03Z;;2715;326
2024-04-22T09:57:05Z;;2629;240
2024-04-22T09:57:08Z;;2896;507
2024-04-22T09:57:10Z;-2851;3097;708
2024-04-22T09:57:11Z;-2988;;109
2024-04-22T09:57:13Z;-2990;;107
2024-04-22T09:57:14Z;;2885;-105
2024-04-22T09:57:19Z;;3066;76
2024-04-22T09:57:20Z;-2982;;84
2024-04-22T09:57:21Z;;3444;462
2024-04-22T09:57:22Z;-3335;;109
2024-04-22T09:57:24Z;;3606;271
2024-04-22T09:57:27Z;;3301;-34
2024-04-22T09:57:28Z;-3002;;299
2024-04-22T09:57:29Z;-2531;;770
2024-04-22T09:57:30Z;-2145;;1156
2024-04-22T09:57:31Z;;2840;695
2024-04-22T09:57:32Z;-2017;;823
2024-04-22T09:57:33Z;;2059;42
2024-04-22T09:57:34Z;-2857;;-798
2024-04-22T09:57:35Z;-3169;2259;-1110
2024-04-22T09:57:37Z;;2817;-352
2024-04-22T09:57:39Z;-3321;;-504
2024-04-22T09:57:40Z;-3173;3281;-40
2024-04-22T09:57:41Z;;3328;155
2024-04-22T09:57:43Z;;2854;-319
2024-04-22T09:57:44Z;-2508;2392;346
2024-04-22T09:57:45Z;-2146;;246
2024-04-22T09:57:46Z;;2028;-118
2024-04-22T09:57:48Z;;2101;-45
2024-04-22T09:57:50Z;;2084;-62
2024-04-22T09:57:52Z;-2036;;48
2024-04-22T09:57:53Z;-1931;;153
2024-04-22T09:57:54Z;-1800;;284
2024-04-22T09:57:56Z;;1775;-25
2024-04-22T09:58:38Z;-1499;;276
2024-04-22T09:58:39Z;-1507;;268
2024-04-22T09:58:47Z;-1496;;279
2024-04-22T09:58:49Z;-1502;;273
2024-04-22T09:58:55Z;-1493;;282
2024-04-22T09:58:57Z;-1510;;265
2024-04-22T09:59:26Z;;1823;313
2024-04-22T09:59:31Z;-1847;;-24
2024-04-22T09:59:36Z;-2030;2190;-207
2024-04-22T09:59:38Z;;2464;434
2024-04-22T09:59:39Z;-2439;;25
2024-04-22T09:59:40Z;;2708;269
2024-04-22T09:59:41Z;-2793;;-85
2024-04-22T09:59:43Z;;3105;312
2024-04-22T09:59:44Z;;2759;-34
2024-04-22T09:59:45Z;-2509;;250
2024-04-22T09:59:46Z;-2214;2417;545
2024-04-22T09:59:47Z;-2013;;404
2024-04-22T09:59:48Z;;2185;172
2024-04-22T09:59:50Z;;2006;-7
2024-04-22T09:59:57Z;-2023;2192;-17
2024-04-22T09:59:59Z;;2484;461
2024-04-22T10:00:00Z;-2415;;69
2024-04-22T10:00:01Z;;2728;313
2024-04-22T10:00:03Z;-2783;;-55
2024-04-22T10:00:05Z;-3118;2081;-390
2024-04-22T10:00:06Z;-3387;;-1306
2024-04-22T10:00:07Z;;3017;-370
2024-04-22T10:00:09Z;-2938;3427;40
2024-04-22T10:00:10Z;;3658;720
2024-04-22T10:00:11Z;-3146;;512
2024-04-22T10:00:12Z;-2928;3590;730
2024-04-22T10:00:14Z;;3147;219
2024-04-22T10:00:16Z;-2733;;414
2024-04-22T10:00:19Z;;2938;205
2024-04-22T10:00:21Z;;2697;-36
2024-04-22T10:00:22Z;;2786;53
2024-04-22T10:00:24Z;;3075;342
2024-04-22T10:00:26Z;;2907;174
2024-04-22T10:00:27Z;-2751;;156
2024-04-22T10:00:28Z;-2685;;222
2024-04-22T10:00:30Z;-2783;2612;124
2024-04-22T10:00:31Z;-2550;;62
2024-04-22T10:00:32Z;-2460;;152
2024-04-22T10:00:33Z;;2271;-189
2024-04-22T10:00:34Z;-2071;;200
2024-04-22T10:00:36Z;;2056;-15
2024-04-22T10:00:40Z;;2112;41
2024-04-22T10:00:42Z;;2072;1
2024-04-22T10:00:46Z;-1797;;275
2024-04-22T10:00:48Z;-1818;;254
2024-04-22T10:00:50Z;-1780;;292
2024-04-22T10:00:54Z;;1797;17
2024-04-22T10:00:58Z;;1795;15
2024-04-22T10:01:00Z;;1799;19
2024-04-22T10:01:02Z;;1805;25
2024-04-22T10:01:07Z;-1769;;36
2024-04-22T10:01:19Z;;2106;337
2024-04-22T10:01:20Z;-2094;;12
2024-04-22T10:01:27Z;;2539;445
2024-04-22T10:01:29Z;;2758;664
2024-04-22T10:01:30Z;-2716;;42
2024-04-22T10:01:31Z;;3049;333
2024-04-22T10:01:32Z;-2978;;71
2024-04-22T10:01:34Z;;3307;329
2024-04-22T10:01:35Z;-3599;;-292
2024-04-22T10:01:36Z;-3704;;-397
2024-04-22T10:01:38Z;;3646;-58
2024-04-22T10:01:40Z;;3906;202
2024-04-22T10:01:42Z;;3893;189
2024-04-22T10:01:43Z;;3905;201
2024-04-22T10:01:53Z;;3900;1565
2024-04-22T10:01:59Z;;3293;-411
2024-04-22T10:02:01Z;-3383;2923;254
2024-04-22T10:02:02Z;-3050;;-257
2024-04-22T10:02:03Z;-2840;;-47
2024-04-22T10:02:04Z;-2661;;1244
2024-04-22T10:02:05Z;-2335;;958
2024-04-22T10:02:06Z;-2519;;274
2024-04-22T10:02:08Z;-2812;;-19
2024-04-22T10:02:09Z;-3180;;-387
2024-04-22T10:02:10Z;-3564;;-771
2024-04-22T10:02:11Z;-3660;2631;296
2024-04-22T10:02:13Z;;2793;124
2024-04-22T10:02:14Z;-3456;;-663
2024-04-22T10:02:15Z;-3079;;-286
2024-04-22T10:03:09Z;-2669;;-38
2024-04-22T10:03:14Z;;2555;-114
2024-04-22T10:03:16Z;;2381;-288
2024-04-22T10:03:20Z;-2396;2418;-15
2024-04-22T10:03:25Z;-2396;;22
2024-04-22T10:03:27Z;;2756;360
2024-04-22T10:03:28Z;-2689;;67
2024-04-22T10:03:30Z;-3311;3348;659
2024-04-22T10:03:31Z;-3205;;143
2024-04-22T10:03:32Z;-2957;;391
2024-04-22T10:03:33Z;-3192;;156
2024-04-22T10:03:34Z;-3388;3160;-32
2024-04-22T10:03:36Z;-3155;;5
2024-04-22T10:03:37Z;-2972;3535;188
2024-04-22T10:03:38Z;-2484;;1051
2024-04-22T10:03:39Z;-2331;;1204
2024-04-22T10:03:40Z;;3156;825
2024-04-22T10:03:41Z;;2972;641
2024-04-22T10:03:43Z;;2688;357
2024-04-22T10:03:45Z;;2355;24
2024-04-22T10:03:48Z;;2428;97
2024-04-22T10:03:49Z;-189;;2239
2024-04-22T10:03:50Z;-449;;1979
2024-04-22T10:03:51Z;;2961;2512
2024-04-22T10:03:52Z;-1028;;1933
2024-04-22T10:03:53Z;-908;3293;2053
2024-04-22T10:03:54Z;-603;;2690
2024-04-22T10:03:55Z;;2681;2078
2024-04-22T10:03:57Z;;2372;1769
2024-04-22T10:03:58Z;-330;2392;2042
2024-04-22T10:04:02Z;;2392;2062
2024-04-22T10:04:10Z;19;;2411
2024-04-22T10:04:12Z;19;;2411
2024-04-22T10:04:14Z;;2089;2108
2024-04-22T10:04:17Z;;2126;2145
2024-04-22T10:04:19Z;;2083;2102
2024-04-22T10:04:23Z;;2108;2127
2024-04-22T10:04:34Z;5;;2113
2024-04-22T10:04:38Z;-180;;1928
2024-04-22T10:04:39Z;-351;;1757
2024-04-22T10:04:40Z;-685;;1423
2024-04-22T10:04:42Z;-644;;1464
2024-04-22T10:04:43Z;-374;2485;1841
2024-04-22T10:04:46Z;;2778;2404
2024-04-22T10:04:47Z;;3171;2797
2024-04-22T10:04:49Z;-220;2684;2310
2024-04-22T10:04:50Z;-405;;2279
2024-04-22T10:04:52Z;-749;;1935
2024-04-22T10:04:53Z;-356;2303;2328
2024-04-22T10:04:55Z;-234;;2069
2024-04-22T10:04:58Z;;2383;2149
2024-04-22T10:04:59Z;;2841;2607
2024-04-22T10:05:01Z;-381;3011;2460
2024-04-22T10:05:03Z;;2925;2544
2024-04-22T10:05:04Z;;2659;2278
2024-04-22T10:05:06Z;-270;2729;2348
2024-04-22T10:05:08Z;;2575;2305
2024-04-22T10:05:09Z;-292;;2283
2024-04-22T10:05:10Z;-282;;2293
2024-04-22T10:05:13Z;-511;;2064
2024-04-22T10:05:14Z;;2821;2310
2024-04-22T10:05:16Z;-665;;2156
2024-04-22T10:05:17Z;;2679;2014
2024-04-22T10:05:18Z;-522;;2157
2024-04-22T10:05:20Z;-873;2870;1806
2024-04-22T10:05:21Z;;3416;2543
2024-04-22T10:05:23Z;;3743;2870
2024-04-22T10:05:24Z;-1305;;2438
2024-04-22T10:05:27Z;-1479;;2264
2024-04-22T10:05:28Z;;3317;1838
2024-04-22T10:05:29Z;-924;;2819
2024-04-22T10:05:30Z;-721;;2596
2024-04-22T10:05:31Z;;3057;2336
2024-04-22T10:05:33Z;;2866;2145
2024-04-22T10:05:34Z;;2657;1936
2024-04-22T10:05:36Z;;2737;2016
2024-04-22T10:05:38Z;-515;2698;2183
2024-04-22T10:05:40Z;;2715;2200
2024-04-22T10:05:41Z;;3012;2497
2024-04-22T10:05:43Z;;3641;3126
2024-04-22T10:05:46Z;-891;;2750
2024-04-22T10:05:47Z;-1128;;2513
2024-04-22T10:05:49Z;-1530;;2111
2024-04-22T10:05:50Z;-1503;2962;2138
2024-04-22T10:05:51Z;-1504;;1458
2024-04-22T10:05:52Z;-1311;;1651
2024-04-22T10:05:53Z;-426;;2536
2024-04-22T10:05:55Z;76;;3038
2024-04-22T10:05:57Z;;2386;2462
2024-04-22T10:05:59Z;;2053;2129
2024-04-22T10:06:41Z;;2119;2195
2024-04-22T10:06:43Z;-44;;2075
2024-04-22T10:06:44Z;-266;2681;1853
2024-04-22T10:06:46Z;;2836;2570
2024-04-22T10:06:48Z;;2656;2390
2024-04-22T10:06:53Z;;2729;2463
2024-04-22T10:06:56Z;;2917;2651
2024-04-22T10:06:58Z;;3585;3319
2024-04-22T10:07:00Z;;3753;3487
2024-04-22T10:07:02Z;-604;;3149
2024-04-22T10:07:03Z;;3578;2974
2024-04-22T10:07:04Z;-993;;2585
2024-04-22T10:07:05Z;-1450;;2128
2024-04-22T10:07:07Z;-1494;;2084
2024-04-22T10:07:08Z;;3604;2110
2024-04-22T10:07:11Z;-1554;;2050
2024-04-22T10:07:13Z;;3325;1771
2024-04-22T10:07:15Z;-1286;;2039
2024-04-22T10:07:17Z;-614;3024;2711
2024-04-22T10:07:19Z;;2639;2025
2024-04-22T10:07:20Z;-919;;1720
2024-04-22T10:07:21Z;;3003;2084
2024-04-22T10:07:23Z;-824;;2179
2024-04-22T10:07:26Z;-604;2839;2015
2024-04-22T10:07:27Z;-745;;2094
2024-04-22T10:07:28Z;-1105;;1734
2024-04-22T10:07:30Z;-1277;;1562
2024-04-22T10:07:31Z;-995;2836;1841
2024-04-22T10:07:32Z;;3498;2941
2024-04-22T10:07:33Z;-557;;2279
2024-04-22T10:07:34Z;-419;;3079
2024-04-22T10:07:37Z;;3054;2635
2024-04-22T10:07:38Z;;2795;2376
2024-04-22T10:07:40Z;;2679;2260
2024-04-22T10:07:42Z;;2281;1862
2024-04-22T10:07:52Z;;2445;2026
2024-04-22T10:07:54Z;-308;;2137
2024-04-22T10:07:57Z;-560;;1885
2024-04-22T10:07:58Z;-654;2851;1791
2024-04-22T10:08:00Z;;2646;1992
2024-04-22T10:08:04Z;-573;;2073
2024-04-22T10:08:05Z;-761;2846;1885
2024-04-22T10:08:07Z;-1330;;1516
2024-04-22T10:08:08Z;;3087;1757
2024-04-22T10:08:09Z;;3382;2052
2024-04-22T10:08:10Z;-1352;;2030
2024-04-22T10:08:12Z;;3654;2302
2024-04-22T10:08:13Z;-689;;2965
2024-04-22T10:08:14Z;;3382;2693
2024-04-22T10:08:15Z;;3178;2489
2024-04-22T10:08:17Z;;2949;2260
2024-04-22T10:08:18Z;-614;;2564
2024-04-22T10:08:19Z;-347;2607;2602
2024-04-22T10:08:23Z;;2327;1980
2024-04-22T10:08:25Z;-222;;2105
2024-04-22T10:08:26Z;;2439;2217
2024-04-22T10:08:27Z;-346;;2093
2024-04-22T10:08:28Z;;2374;2028
2024-04-22T10:08:34Z;;2443;2097
2024-04-22T10:08:35Z;-288;;2155
2024-04-22T10:08:39Z;;2724;2436
2024-04-22T10:08:41Z;-642;;2082
2024-04-22T10:08:46Z;;3211;2569
2024-04-22T10:08:47Z;-1072;;2139
2024-04-22T10:08:48Z;-1156;;2055
2024-04-22T10:08:49Z;;3353;2197
2024-04-22T10:08:50Z;-1595;;1758
2024-04-22T10:08:54Z;;3817;2222
2024-04-22T10:08:55Z;;3913;2318
2024-04-22T10:08:57Z;-1560;;2353
2024-04-22T10:08:58Z;;3875;2315
2024-04-22T10:09:00Z;;3592;2032
2024-04-22T10:09:02Z;-924;;2668
2024-04-22T10:09:03Z;;3023;2099
2024-04-22T10:09:05Z;;2981;2057
2024-04-22T10:09:07Z;;3048;2124
2024-04-22T10:09:09Z;;2989;2065
2024-04-22T10:09:10Z;-586;;2403
2024-04-22T10:09:11Z;-370;2649;2619
2024-04-22T10:09:13Z;;2334;1964
2024-04-22T10:09:23Z;26;;2360
2024-04-22T10:09:33Z;-33;;2301
2024-04-22T10:09:34Z;;2473;2440
2024-04-22T10:09:35Z;-332;;2141
2024-04-22T10:09:40Z;-698;;1775
2024-04-22T10:09:41Z;-907;2795;1888
2024-04-22T10:09:42Z;;3019;2112
2024-04-22T10:09:44Z;;3303;2396
2024-04-22T10:09:45Z;-1211;;2092
2024-04-22T10:09:46Z;-1523;3600;1780
2024-04-22T10:09:48Z;-1112;;2488
2024-04-22T10:09:49Z;-332;2833;3268
2024-04-22T10:09:51Z;;2339;2007
2024-04-22T10:09:53Z;-118;;2221
2024-04-22T10:09:54Z;6;;2345
2024-04-22T10:09:56Z;;2083;2089
2024-04-22T10:13:48Z;;2175;2181
2024-04-22T10:13:49Z;-6;;2169
2024-04-22T10:13:51Z;;2145;2139
2024-04-22T10:13:52Z;10;;2155
2024-04-22T10:14:20Z;-7;;2138
2024-04-22T10:14:21Z;;2104;2097
2024-04-22T10:14:26Z;;2447;2440
2024-04-22T10:14:27Z;-399;;2048
2024-04-22T10:14:36Z;-631;;1816
2024-04-22T10:14:37Z;;2869;2238
2024-04-22T10:14:39Z;-460;;2409
2024-04-22T10:14:40Z;;2450;1990
2024-04-22T10:14:41Z;-219;;2231
2024-04-22T10:14:42Z;;2334;2115
2024-04-22T10:14:57Z;;2080;1861
2024-04-22T10:14:59Z;5;;2085
2024-04-22T10:15:01Z;19;;2099
2024-04-22T10:15:04Z;;2100;2119
2024-04-22T10:15:09Z;48;;2148
2024-04-22T10:15:41Z;5;;2105
2024-04-22T10:15:44Z;;2122;2127
2024-04-22T10:15:48Z;-184;;1938
2024-04-22T10:15:49Z;-328;2569;2241
2024-04-22T10:15:51Z;;2821;2493
2024-04-22T10:15:53Z;;3245;2917
2024-04-22T10:15:54Z;;3502;3174
2024-04-22T10:15:56Z;-909;3722;2593
2024-04-22T10:16:00Z;-1467;;2255
2024-04-22T10:16:01Z;-1467;2912;2255
2024-04-22T10:16:03Z;;2626;1159
2024-04-22T10:16:04Z;;2884;1417
2024-04-22T10:16:05Z;-1199;;1685
2024-04-22T10:16:06Z;-630;3127;2497
2024-04-22T10:16:08Z;;2979;2349
2024-04-22T10:16:10Z;-579;2496;1866
2024-04-22T10:16:11Z;-906;;1590
2024-04-22T10:16:12Z;-649;2374;1468
2024-04-22T10:16:15Z;;2099;1450
2024-04-22T10:16:16Z;-341;;1758
2024-04-22T10:16:21Z;12;;2111
2024-04-22T10:16:51Z;;1794;1806
2024-04-22T10:16:53Z;;1809;1821
2024-04-22T10:17:25Z;484;;2293
2024-04-22T10:17:29Z;292;;2101
2024-04-22T10:18:22Z;301;;2110
2024-04-22T10:19:14Z;299;;2108
2024-04-22T10:19:15Z;308;;2117
2024-04-22T10:19:17Z;297;;2106
2024-04-22T10:19:18Z;301;;2110
2024-04-22T10:19:19Z;294;;2103
2024-04-22T10:19:24Z;311;;2120
2024-04-22T10:19:38Z;;1799;2110
2024-04-22T10:19:44Z;;1805;2116
2024-04-22T10:19:46Z;;1802;2113
2024-04-22T10:19:51Z;;1802;2113
2024-04-22T10:19:58Z;299;;2101
2024-04-22T10:20:09Z;304;;2106
2024-04-22T10:20:10Z;288;1849;2090
2024-04-22T10:20:11Z;357;;2206
2024-04-22T10:20:14Z;;1823;2180
2024-04-22T10:20:15Z;281;;2104
2024-04-22T10:20:17Z;321;;2144
2024-04-22T10:20:19Z;;1784;2105
2024-04-22T10:20:39Z;;1815;2136
2024-04-22T10:20:41Z;;1769;2090
2024-04-22T10:20:44Z;;1801;2122
2024-04-22T10:20:45Z;320;;2121
2024-04-22T10:21:00Z;-1766;;35
2024-04-22T10:21:02Z;-1792;;9
2024-04-22T10:21:04Z;-1798;;3
2024-04-22T10:21:05Z;;2120;322
2024-04-22T10:21:07Z;;2025;227
2024-04-22T10:21:08Z;-1814;;211
2024-04-22T10:21:27Z;-1801;;224
2024-04-22T10:21:32Z;;2417;616
2024-04-22T10:21:33Z;-2173;;244
2024-04-22T10:21:34Z;-2067;;350
2024-04-22T10:21:35Z;-2204;;213
2024-04-22T10:21:36Z;-2569;;-152
2024-04-22T10:21:37Z;;2294;-275
2024-04-22T10:21:38Z;;2886;317
2024-04-22T10:21:40Z;-2703;2886;317
2024-04-22T10:21:41Z;-2545;;341
2024-04-22T10:21:43Z;-2203;;683
2024-04-22T10:21:44Z;-1883;;1003
2024-04-22T10:21:45Z;-1684;;1202
2024-04-22T10:21:49Z;;2536;852
2024-04-22T10:21:50Z;;2212;528
2024-04-22T10:21:52Z;-1497;1946;715
2024-04-22T10:21:54Z;;1779;282
2024-04-22T10:24:54Z;;1016;-481
2024-04-22T10:24:56Z;;1498;1
2024-04-22T10:24:58Z;;1524;27
2024-04-22T10:25:04Z;;1497;0
2024-04-22T10:25:06Z;;1496;-1
2024-04-22T10:25:14Z;;1493;-4
2024-04-22T10:25:16Z;;1504;7
2024-04-22T10:25:22Z;;1498;1
2024-04-22T10:25:24Z;;1501;4
2024-04-22T10:25:26Z;;1498;1
2024-04-22T10:26:16Z;-1201;;297
2024-04-22T10:30:01Z;;1302;101
2024-04-22T10:30:09Z;-1135;;167
2024-04-22T10:33:51Z;;1197;62
2024-04-22T10:33:53Z;;1201;66
2024-04-22T10:33:56Z;;1194;59
2024-04-22T10:34:11Z;;1201;66
2024-04-22T10:34:14Z;;1197;62
2024-04-22T10:34:16Z;;1201;66
2024-04-22T10:34:18Z;;1184;49
2024-04-22T10:34:20Z;;1200;65
2024-04-22T10:34:22Z;;1195;60
2024-04-22T10:34:26Z;;1200;65
2024-04-22T10:34:28Z;;1204;69
2024-04-22T10:34:31Z;;1201;66
2024-04-22T10:34:33Z;;1199;64
2024-04-22T10:34:35Z;;1200;65
2024-04-22T10:34:37Z;;1182;47
2024-04-22T10:34:47Z;;1200;65
2024-04-22T10:34:58Z;;1199;64
2024-04-22T10:35:00Z;;1207;72
2024-04-22T10:35:02Z;;1179;44
2024-04-22T10:35:05Z;;1230;95
2024-04-22T10:35:07Z;;1187;52
2024-04-22T10:35:09Z;;1201;66
2024-04-22T10:35:11Z;;1198;63
2024-04-22T10:35:13Z;;1200;65
2024-04-22T10:35:14Z;;1191;56
2024-04-22T10:35:16Z;;1201;66
2024-04-22T10:35:22Z;;1195;60
2024-04-22T10:35:24Z;;1207;72
2024-04-22T10:36:43Z;;848;-287
2024-04-22T10:36:45Z;;1255;120
2024-04-22T10:36:46Z;;1144;9
2024-04-22T10:36:48Z;;1241;106
2024-04-22T10:38:04Z;;1198;63
2024-04-22T10:39:10Z;-907;;291
2024-04-22T10:39:13Z;-896;;302
2024-04-22T10:44:02Z;;1200;304
2024-04-22T10:44:04Z;;1198;302
2024-04-22T10:44:06Z;;1205;309
2024-04-22T10:44:07Z;;1199;303
2024-04-22T10:44:09Z;;1200;304
2024-04-22T10:45:01Z;;1220;324
2024-04-22T10:45:09Z;-1164;;56
2024-04-22T10:45:13Z;;871;-293
2024-04-22T10:45:15Z;;1194;30
2024-04-22T10:45:17Z;;1281;117
2024-04-22T10:45:19Z;;1191;27
2024-04-22T10:45:21Z;;1207;43
2024-04-22T10:45:27Z;;1194;30
2024-04-22T10:45:29Z;;1200;36
2024-04-22T10:45:35Z;;1198;34
2024-04-22T10:50:41Z;-898;;300
2024-04-22T10:50:42Z;-900;;298
2024-04-22T10:50:43Z;-898;;300
2024-04-22T10:51:10Z;-907;;291
2024-04-22T10:51:14Z;-896;;302
2024-04-22T10:51:16Z;-901;;297
2024-04-22T10:55:24Z;;610;-291
2024-04-22T10:55:26Z;;992;91
2024-04-22T10:55:27Z;-872;;120
2024-04-22T10:55:28Z;-940;;52
2024-04-22T10:55:30Z;;528;-412
2024-04-22T10:55:32Z;;989;49
2024-04-22T11:00:07Z;;1124;184
2024-04-22T11:00:09Z;-1078;;46
2024-04-22T11:02:38Z;;1200;122
2024-04-22T11:02:40Z;;1193;115
2024-04-22T11:02:42Z;;1206;128
2024-04-22T11:03:16Z;-1202;;4
2024-04-22T11:03:17Z;-1192;;14
2024-04-22T11:03:19Z;-1203;;3
2024-04-22T11:03:21Z;-1198;;8
2024-04-22T11:03:22Z;-1202;;4
2024-04-22T11:05:33Z;-1275;;-69
2024-04-22T11:05:34Z;-1286;;-80
2024-04-22T11:06:31Z;-1037;;169
2024-04-22T11:06:33Z;-1266;;-60
2024-04-22T11:06:37Z;-665;;541
2024-04-22T11:06:38Z;-1267;;-61
2024-04-22T11:07:18Z;;584;-683
2024-04-22T11:07:30Z;;841;-426
2024-04-22T11:07:33Z;;1265;-2
2024-04-22T11:07:43Z;-1203;;62
2024-04-22T11:07:44Z;-1189;;76
2024-04-22T11:07:46Z;-1206;;59
2024-04-22T11:08:12Z;;1199;-7
2024-04-22T11:08:14Z;;1224;18
2024-04-22T11:08:39Z;;1199;-7
2024-04-22T11:08:41Z;;1207;1
2024-04-22T11:08:49Z;;1193;-13
2024-04-22T11:08:51Z;;1202;-4
2024-04-22T11:08:57Z;;1199;-7
2024-04-22T11:15:07Z;;1124;-82
2024-04-22T11:15:09Z;-1065;;59
2024-04-22T11:21:33Z;-830;;294
2024-04-22T11:21:34Z;-1071;;53
2024-04-22T11:22:17Z;;1124;53
2024-04-22T11:22:19Z;;694;-377
2024-04-22T11:23:18Z;;1200;129
2024-04-22T11:23:20Z;;1198;127
2024-04-22T11:23:22Z;;1210;139
2024-04-22T11:23:57Z;-1191;;19
2024-04-22T11:23:59Z;-1204;;6
2024-04-22T11:24:02Z;-1206;;4
2024-04-22T11:24:06Z;-1204;;6
2024-04-22T11:24:45Z;;1198;-6
2024-04-22T11:24:47Z;;1208;4
2024-04-22T11:24:55Z;;1196;-8
2024-04-22T11:24:57Z;;1206;2
2024-04-22T11:25:06Z;;1194;-10
2024-04-22T11:25:07Z;;1203;-1
2024-04-22T11:25:12Z;;1199;-5
2024-04-22T11:25:51Z;;664;-540
2024-04-22T11:25:53Z;;1142;-62
2024-04-22T11:25:55Z;;1280;76
2024-04-22T11:25:57Z;;1151;-53
2024-04-22T11:29:10Z;;1205;1
2024-04-22T11:29:42Z;-1208;;-3
2024-04-22T11:29:45Z;;1501;293
2024-04-22T11:29:50Z;-1499;;2
2024-04-22T11:29:54Z;-1487;;14
2024-04-22T11:29:56Z;;1492;5
2024-04-22T11:30:03Z;;1524;37
2024-04-22T11:30:07Z;;1497;10
2024-04-22T11:30:09Z;-1474;1499;23
2024-04-22T11:30:19Z;;1503;29
2024-04-22T11:30:27Z;;1495;21
2024-04-22T11:30:36Z;;1497;23
2024-04-22T11:30:43Z;;1486;12
2024-04-22T11:32:17Z;;1512;38
2024-04-22T11:32:25Z;-1491;;21
2024-04-22T11:32:50Z;;1804;313
2024-04-22T11:32:53Z;-1776;;28
2024-04-22T11:33:10Z;-1798;;6
2024-04-22T11:33:12Z;;1786;-12
2024-04-22T11:35:09Z;-1499;;287
2024-04-22T11:35:38Z;;1499;0
2024-04-22T11:35:40Z;;1502;3
2024-04-22T11:35:42Z;;1498;-1
2024-04-22T11:35:58Z;;1623;124
2024-04-22T11:36:00Z;;1467;-32
2024-04-22T11:36:18Z;;1503;4
2024-04-22T11:36:20Z;;1499;0
2024-04-22T11:36:22Z;;1502;3
2024-04-22T11:36:42Z;-1502;;0
2024-04-22T11:36:44Z;-1499;;3
2024-04-22T11:36:45Z;-1502;;0
2024-04-22T11:37:52Z;;1837;335
2024-04-22T11:37:54Z;-1817;;20
2024-04-22T11:37:58Z;-1785;;52
2024-04-22T11:38:10Z;-1811;;26
2024-04-22T11:38:18Z;;2109;298
2024-04-22T11:38:19Z;-2068;;41
2024-04-22T11:38:24Z;-1986;;123
2024-04-22T11:38:26Z;;2014;28
2024-04-22T11:38:51Z;;2194;208
2024-04-22T11:38:52Z;-2051;;143
2024-04-22T11:38:53Z;-2622;2540;489
2024-04-22T11:38:55Z;-2650;2714;-110
2024-04-22T11:38:57Z;;2895;245
2024-04-22T11:38:58Z;;3905;1255
2024-04-22T11:38:59Z;-3682;;223
2024-04-22T11:39:00Z;;3870;188
2024-04-22T11:39:03Z;-3274;;596
2024-04-22T11:39:05Z;-2493;3177;1377
2024-04-22T11:39:06Z;-2309;;1561
2024-04-22T11:39:09Z;;2748;439
2024-04-22T11:39:10Z;-2246;;502
2024-04-22T11:39:11Z;;2479;233
2024-04-22T11:39:12Z;;2364;118
2024-04-22T11:39:14Z;;2405;159
2024-04-22T11:39:15Z;-2447;;-42
2024-04-22T11:39:16Z;;2353;-94
2024-04-22T11:39:17Z;-2036;;317
2024-04-22T11:39:27Z;-2123;;230
2024-04-22T11:39:30Z;;2509;386
2024-04-22T11:39:32Z;-2581;;-72
2024-04-22T11:39:34Z;;2874;293
2024-04-22T11:39:36Z;-3095;3021;-221
2024-04-22T11:39:38Z;;3388;293
2024-04-22T11:39:40Z;-3397;;-9
2024-04-22T11:39:42Z;-3604;3744;-216
2024-04-22T11:39:43Z;-3567;;177
2024-04-22T11:39:45Z;-3262;3365;482
2024-04-22T11:39:46Z;-2961;;783
2024-04-22T11:39:48Z;-2591;;774
2024-04-22T11:39:49Z;;3101;510
2024-04-22T11:39:50Z;;2868;277
2024-04-22T11:39:52Z;;2695;104
2024-04-22T11:39:53Z;-2888;;-193
2024-04-22T11:39:54Z;-3254;;-559
2024-04-22T11:39:55Z;-3542;2706;-548
2024-04-22T11:39:56Z;-3626;;-920
2024-04-22T11:39:59Z;;3258;-368
2024-04-22T11:40:01Z;;3682;56
2024-04-22T11:40:02Z;;3908;282
2024-04-22T11:40:05Z;;3852;226
2024-04-22T11:40:06Z;-2539;;1313
2024-04-22T11:40:07Z;-2236;2385;1616
2024-04-22T11:40:08Z;-2237;;148
2024-04-22T11:40:10Z;-2797;2447;210
2024-04-22T11:40:11Z;-3367;3101;-920
2024-04-22T11:40:13Z;;3847;480
2024-04-22T11:40:15Z;;3926;559
2024-04-22T11:40:29Z;;3897;530
2024-04-22T11:40:47Z;-3434;;463
2024-04-22T11:40:51Z;-3608;;289
2024-04-22T11:41:03Z;-3597;;300
2024-04-22T11:43:08Z;;3759;162
2024-04-22T11:43:09Z;-3321;;438
2024-04-22T11:43:10Z;;2334;-987
2024-04-22T11:43:12Z;;1689;-1632
2024-04-22T11:43:14Z;;1441;-1880
2024-04-22T11:43:15Z;-1814;;-373
2024-04-22T11:43:16Z;;1649;-165
2024-04-22T11:43:17Z;-1382;;267
2024-04-22T11:43:18Z;;1898;516
2024-04-22T11:43:21Z;-1536;1757;221
2024-04-22T11:43:22Z;-1663;1875;94
2024-04-22T11:43:24Z;;2407;744
2024-04-22T11:43:26Z;;2972;1309
2024-04-22T11:43:27Z;;3322;1659
2024-04-22T11:43:29Z;-2644;;678
2024-04-22T11:43:30Z;-3348;;-26
2024-04-22T11:43:31Z;-3220;;102
2024-04-22T11:43:32Z;-3414;;-92
2024-04-22T11:43:33Z;;3688;274
2024-04-22T11:43:34Z;;3536;122
2024-04-22T11:43:35Z;-3072;;464
2024-04-22T11:43:36Z;;3004;-68
2024-04-22T11:43:37Z;;2256;-816
2024-04-22T11:43:39Z;-1948;2013;308
2024-04-22T11:43:41Z;;2180;232
2024-04-22T11:43:42Z;-1768;;412
2024-04-22T11:43:43Z;;2056;288
2024-04-22T11:43:45Z;;2100;332
2024-04-22T11:43:46Z;-1993;;107
2024-04-22T11:43:47Z;;1849;-144
2024-04-22T11:43:48Z;;2673;680
2024-04-22T11:43:50Z;;3373;1380
2024-04-22T11:43:52Z;;2778;785
2024-04-22T11:43:54Z;;1788;-205
2024-04-22T11:43:56Z;-2891;1879;-114
2024-04-22T11:43:57Z;-1986;;-107
2024-04-22T11:43:58Z;-1585;2969;983
2024-04-22T11:44:00Z;-3160;3491;-191
2024-04-22T11:44:01Z;-3455;;36
2024-04-22T11:44:04Z;;3651;196
2024-04-22T11:44:29Z;;3523;68
2024-04-22T11:44:30Z;-3202;;321
2024-04-22T11:44:32Z;-3352;;171
2024-04-22T11:44:33Z;;3595;243
2024-04-22T11:44:40Z;;3592;240
2024-04-22T11:44:41Z;-3297;;295
2024-04-22T11:44:45Z;-3310;;282
2024-04-22T11:44:46Z;-3266;;326
2024-04-22T11:44:49Z;-3338;;254
2024-04-22T11:45:07Z;;3569;231
2024-04-22T11:45:09Z;-3322;;247
2024-04-22T11:45:12Z;-3294;;275
2024-04-22T11:46:40Z;;3247;-47
2024-04-22T11:46:42Z;;3336;42
2024-04-22T11:46:44Z;;2944;-350
2024-04-22T11:46:45Z;-2417;;527
2024-04-22T11:46:46Z;;2191;-226
2024-04-22T11:46:48Z;;2415;-2
2024-04-22T11:46:49Z;-1968;;447
2024-04-22T11:46:50Z;-2740;2843;-325
2024-04-22T11:46:52Z;;2484;-256
2024-04-22T11:46:54Z;-2394;2220;90
2024-04-22T11:46:55Z;-2328;;-108
2024-04-22T11:46:56Z;-2619;1897;-431
2024-04-22T11:46:57Z;;2246;-373
2024-04-22T11:46:59Z;;2620;1
2024-04-22T11:47:01Z;;2813;194
2024-04-22T11:47:03Z;;2532;-87
2024-04-22T11:47:05Z;;2133;-486
2024-04-22T11:47:06Z;-2126;;7
2024-04-22T11:47:07Z;-2005;2654;528
2024-04-22T11:47:08Z;;3398;1393
2024-04-22T11:47:11Z;-3200;;198
2024-04-22T11:47:19Z;;3264;64
2024-04-22T11:47:20Z;-2992;;272
2024-04-22T11:47:21Z;;2939;-53
2024-04-22T11:47:23Z;;3278;286
2024-04-22T11:47:24Z;-3215;;63
2024-04-22T11:47:30Z;-3018;;260
2024-04-22T11:47:34Z;-1416;;1862
2024-04-22T11:47:36Z;-1654;;1624
2024-04-22T11:47:38Z;-1569;;1709
2024-04-22T11:47:40Z;-1516;;1762
2024-04-22T11:47:51Z;-1710;;1568
2024-04-22T11:47:54Z;-1634;;1644
2024-04-22T11:47:55Z;-1306;;1972
2024-04-22T11:47:56Z;-1138;;2140
2024-04-22T11:48:34Z;-1284;;1994
2024-04-22T11:48:38Z;-1187;;2091
2024-04-22T11:48:41Z;-1224;;2054
2024-04-22T11:48:56Z;-1419;;1859
2024-04-22T11:48:58Z;-1746;;1532
2024-04-22T11:49:00Z;-2763;;515
2024-04-22T11:49:01Z;-2504;;774
2024-04-22T11:49:03Z;-1852;;1426
2024-04-22T11:49:06Z;-2219;;1059
2024-04-22T11:49:08Z;-2578;;700
2024-04-22T11:49:09Z;-2205;;1073
2024-04-22T11:49:10Z;-2426;;852
2024-04-22T11:49:14Z;-3327;;-49
2024-04-22T11:49:40Z;-3299;;-21
2024-04-22T11:49:43Z;-3300;;-22
2024-04-22T11:49:44Z;-3293;;-15
2024-04-22T11:49:56Z;-3301;;-23
2024-04-22T11:49:58Z;-3213;;65
2024-04-22T11:50:16Z;-2998;;280
2024-04-22T11:50:17Z;-3225;;53
2024-04-22T11:51:44Z;-3157;;121
2024-04-22T11:51:47Z;;3316;159
2024-04-22T11:51:48Z;;3300;143
2024-04-22T11:51:49Z;-3206;;94
2024-04-22T11:52:54Z;-3301;;-1
2024-04-22T11:52:56Z;-3304;;-4
2024-04-22T11:52:58Z;-3305;;-5
2024-04-22T11:53:14Z;;3605;300
2024-04-22T11:53:19Z;-3308;;297
2024-04-22T11:53:20Z;-2963;3465;502
2024-04-22T11:53:22Z;-1921;2742;1544
2024-04-22T11:53:24Z;;2240;319
2024-04-22T11:53:26Z;;1982;61
2024-04-22T11:53:27Z;-1790;;192
2024-04-22T11:53:28Z;;2104;314
2024-04-22T11:53:30Z;;1904;114
2024-04-22T11:53:31Z;;2198;408
2024-04-22T11:53:33Z;;2426;636
2024-04-22T11:53:35Z;;2820;1030
2024-04-22T11:53:36Z;-1771;;1049
2024-04-22T11:53:37Z;-2204;;616
2024-04-22T11:53:38Z;;3191;987
2024-04-22T11:53:39Z;-2730;;461
2024-04-22T11:53:40Z;-3126;;65
2024-04-22T11:53:41Z;-2938;3140;202
2024-04-22T11:53:42Z;-3106;;34
2024-04-22T11:53:44Z;;3333;227
2024-04-22T11:53:46Z;-3310;3290;184
2024-04-22T11:53:50Z;;3600;220
2024-04-22T11:53:51Z;-3380;;-90
2024-04-22T11:53:52Z;;3600;220
2024-04-22T11:53:53Z;;3594;214
2024-04-22T11:53:55Z;-2996;;598
2024-04-22T11:53:56Z;-2516;3622;1078
2024-04-22T11:53:58Z;;3583;1067
2024-04-22T11:53:59Z;;3278;762
2024-04-22T11:54:00Z;-1895;;1383
2024-04-22T11:54:01Z;;2954;1059
2024-04-22T11:54:03Z;;2395;500
2024-04-22T11:54:04Z;-2084;;311
2024-04-22T11:54:05Z;-2847;;-452
2024-04-22T11:54:06Z;-3212;;-817
2024-04-22T11:54:07Z;;2915;-297
2024-04-22T11:54:08Z;-3372;;-977
2024-04-22T11:54:09Z;-2597;;318
2024-04-22T11:54:10Z;-1943;;972
2024-04-22T11:54:11Z;-1439;3145;1202
2024-04-22T11:54:12Z;;2943;1504
2024-04-22T11:54:14Z;;3108;1669
2024-04-22T11:54:16Z;-1414;3335;1694
2024-04-22T11:54:18Z;-2297;3658;1038
2024-04-22T11:54:20Z;;3201;904
2024-04-22T11:54:22Z;-2240;2522;961
2024-04-22T11:54:23Z;-2290;;232
2024-04-22T11:54:25Z;-1934;;588
2024-04-22T11:54:26Z;;1750;-184
2024-04-22T11:54:28Z;;2295;361
2024-04-22T11:54:29Z;-1775;;520
2024-04-22T11:54:30Z;;2635;860
2024-04-22T11:54:31Z;-1711;;924
2024-04-22T11:54:32Z;;2354;643
2024-04-22T11:54:33Z;-1839;;515
2024-04-22T11:54:35Z;;2694;855
2024-04-22T11:54:37Z;;2240;401
2024-04-22T11:54:39Z;-1833;;407
2024-04-22T11:54:40Z;-2156;;84
2024-04-22T11:54:41Z;-2658;1993;-163
2024-04-22T11:54:43Z;-3155;1790;-1162
2024-04-22T11:54:44Z;-3455;;-1665
2024-04-22T11:54:46Z;;1824;-1631
2024-04-22T11:54:48Z;;1792;-1663
2024-04-22T11:54:50Z;;1823;-1632
2024-04-22T11:54:52Z;;2121;-1334
2024-04-22T11:54:53Z;;3136;-319
2024-04-22T11:54:55Z;;3625;170
2024-04-22T11:54:56Z;-3235;;390
2024-04-22T11:54:57Z;;3494;259
2024-04-22T11:54:59Z;;3216;-19
2024-04-22T11:55:00Z;-2628;;588
2024-04-22T11:55:02Z;-2819;;397
2024-04-22T11:55:03Z;-2492;;724
2024-04-22T11:55:04Z;-2181;;1035
2024-04-22T11:55:05Z;-2984;;232
2024-04-22T11:55:06Z;-1767;;1449
2024-04-22T11:55:08Z;-1444;;1772
2024-04-22T11:55:09Z;-2236;;980
2024-04-22T11:55:10Z;-3016;;200
2024-04-22T11:55:11Z;-2314;;902
2024-04-22T11:55:12Z;-1915;;1301
2024-04-22T11:55:14Z;-1518;;1698
2024-04-22T11:55:15Z;-1362;;1854
2024-04-22T11:55:16Z;-1524;;1692
2024-04-22T11:55:17Z;-1491;;1725
2024-04-22T11:55:23Z;-1584;;1632
2024-04-22T11:55:25Z;-1905;;1311
2024-04-22T11:55:26Z;-2140;;1076
2024-04-22T11:55:29Z;-2524;;692
2024-04-22T11:55:30Z;-2935;;281
2024-04-22T11:55:34Z;-2877;;339
2024-04-22T11:55:36Z;-2333;;883
2024-04-22T11:55:37Z;-2654;;562
2024-04-22T11:55:43Z;-2171;;1045
2024-04-22T11:55:44Z;-1423;;1793
2024-04-22T11:55:50Z;-1222;;1994
2024-04-22T11:57:06Z;-1181;;2035
2024-04-22T11:57:17Z;;1517;336
2024-04-22T11:57:23Z;-1490;;27
2024-04-22T11:57:24Z;;1713;223
2024-04-22T11:57:25Z;-1863;;-150
2024-04-22T11:57:26Z;;1914;51
2024-04-22T11:57:27Z;-2232;;-318
2024-04-22T11:57:28Z;;2418;186
2024-04-22T11:57:29Z;-2785;;-367
2024-04-22T11:57:30Z;-2638;;-220
2024-04-22T11:57:32Z;;2877;239
2024-04-22T11:57:34Z;-2601;2690;276
2024-04-22T11:57:36Z;-3389;3086;-699
2024-04-22T11:57:37Z;;3558;169
2024-04-22T11:57:39Z;;3167;-222
2024-04-22T11:57:40Z;-3127;;40
2024-04-22T11:57:41Z;-2861;;306
2024-04-22T11:57:44Z;;2961;100
2024-04-22T11:57:45Z;-2601;;360
2024-04-22T11:57:47Z;;2296;-305
2024-04-22T11:57:48Z;-2006;;290
2024-04-22T11:57:50Z;-2006;2098;290
2024-04-22T11:57:51Z;;2259;253
2024-04-22T11:57:53Z;-2583;2444;-324
2024-04-22T11:57:55Z;;2762;179
2024-04-22T11:57:57Z;;2208;-375
2024-04-22T11:57:58Z;;2090;-493
2024-04-22T11:58:02Z;-2153;;-63
2024-04-22T11:58:03Z;-1842;2101;-52
2024-04-22T11:58:05Z;;2578;736
2024-04-22T11:58:06Z;;2881;1039
2024-04-22T11:58:08Z;;3179;1337
2024-04-22T11:58:10Z;-1732;3303;1461
2024-04-22T11:58:11Z;-2004;;1299
2024-04-22T11:58:12Z;;3125;1121
2024-04-22T11:58:13Z;;2948;944
2024-04-22T11:58:15Z;;2551;547
2024-04-22T11:58:17Z;;2909;905
2024-04-22T11:58:18Z;-2515;;394
2024-04-22T11:58:19Z;-3054;;-145
2024-04-22T11:58:21Z;-2810;;99
2024-04-22T11:58:22Z;-2669;2216;240
2024-04-22T11:58:23Z;-2428;;-212
2024-04-22T11:58:24Z;-2232;;-16
2024-04-22T11:58:25Z;-2708;;-492
2024-04-22T11:58:26Z;;2402;-306
2024-04-22T11:58:27Z;-2275;;-59
2024-04-22T11:58:28Z;-2306;;96
2024-04-22T11:58:29Z;;2627;321
2024-04-22T11:58:31Z;;2617;311
2024-04-22T11:58:32Z;-2403;;214
2024-04-22T11:58:33Z;-2480;;137
2024-04-22T11:58:34Z;-2311;;306
2024-04-22T11:58:36Z;;2351;40
2024-04-22T11:58:38Z;-2056;;295
2024-04-22T11:58:40Z;;2045;-11
2024-04-22T11:58:41Z;-1837;;514
2024-04-22T11:58:43Z;-1858;;187
2024-04-22T11:58:44Z;;2158;300
2024-04-22T11:58:47Z;-1821;;337
2024-04-22T11:58:48Z;;1915;94
2024-04-22T11:58:51Z;-1767;;148
2024-04-22T11:58:52Z;;2217;450
2024-04-22T11:58:53Z;-2141;;76
2024-04-22T11:58:56Z;;1948;-193
2024-04-22T11:58:57Z;-2046;;-98
2024-04-22T11:58:58Z;-1694;;254
2024-04-22T11:58:59Z;;1794;100
2024-04-22T11:59:02Z;-1467;;327
2024-04-22T11:59:13Z;;1499;32
2024-04-22T11:59:15Z;;1501;34
2024-04-22T11:59:21Z;-1506;;-5
2024-04-22T11:59:23Z;;1898;392
2024-04-22T11:59:25Z;-1912;;-14
2024-04-22T11:59:26Z;;2172;260
2024-04-22T11:59:27Z;-2239;;-67
2024-04-22T11:59:30Z;;2476;237
2024-04-22T11:59:31Z;-2090;;386
2024-04-22T11:59:32Z;;2365;275
2024-04-22T11:59:34Z;-2134;;231
2024-04-22T11:59:35Z;-2401;2479;-36
2024-04-22T11:59:37Z;-2281;;198
2024-04-22T11:59:38Z;-2017;;462
2024-04-22T11:59:39Z;-1777;2343;326
2024-04-22T11:59:40Z;-1867;2049;182
2024-04-22T11:59:42Z;;2184;317
2024-04-22T11:59:44Z;;2093;226
2024-04-22T11:59:46Z;;1778;-89
2024-04-22T11:59:47Z;-2101;;-323
2024-04-22T11:59:48Z;-2037;;-259
2024-04-22T11:59:49Z;-1699;;79
2024-04-22T11:59:50Z;;1807;108
2024-04-22T11:59:52Z;;1771;72
2024-04-22T11:59:53Z;-1526;;245
2024-04-22T12:00:05Z;;1499;-27
2024-04-22T12:00:08Z;;1562;36
2024-04-22T12:00:13Z;-1376;;186
2024-04-22T12:00:14Z;;1505;129
2024-04-22T12:00:16Z;;1493;117
2024-04-22T12:00:19Z;;1509;133
2024-04-22T12:00:29Z;-1492;;17
2024-04-22T12:00:30Z;;1898;406
2024-04-22T12:00:31Z;-1815;;83
2024-04-22T12:00:33Z;-2237;2116;-339
2024-04-22T12:00:35Z;-2434;2527;290
2024-04-22T12:00:37Z;;2941;507
2024-04-22T12:00:38Z;-2918;;23
2024-04-22T12:00:39Z;-3014;;-73
2024-04-22T12:00:40Z;-2679;;262
2024-04-22T12:00:43Z;-3123;;-182
2024-04-22T12:00:44Z;-3384;;-443
2024-04-22T12:00:47Z;-3052;;-111
2024-04-22T12:00:48Z;-2608;;333
2024-04-22T12:00:50Z;-1952;;989
2024-04-22T12:00:52Z;-1403;;1538
2024-04-22T12:00:58Z;-1205;;1736
2024-04-22T12:02:09Z;-1200;;1741
2024-04-22T12:02:12Z;;1476;276
2024-04-22T12:02:16Z;-1599;;-123
2024-04-22T12:02:17Z;;1835;236
2024-04-22T12:02:18Z;-1809;;26
2024-04-22T12:02:19Z;;2249;440
2024-04-22T12:02:21Z;-2104;;145
2024-04-22T12:02:22Z;-1976;;273
2024-04-22T12:02:23Z;;2030;236
2024-04-22T12:02:24Z;-1794;;455
2024-04-22T12:02:26Z;;1699;-95
2024-04-22T12:02:27Z;-1427;;272
2024-04-22T12:02:29Z;;1473;46
2024-04-22T12:02:33Z;-1196;;277
2024-04-22T12:05:20Z;;1590;394
2024-04-22T12:05:21Z;-1146;;444
2024-04-22T12:05:22Z;;1970;824
2024-04-22T12:05:23Z;;2105;959
2024-04-22T12:05:25Z;;1774;628
2024-04-22T12:05:27Z;-1577;1461;315
2024-04-22T12:05:28Z;-1752;;-291
2024-04-22T12:05:30Z;-1414;;47
2024-04-22T12:06:54Z;;1198;-216
2024-04-22T12:06:56Z;;1200;-214
2024-04-22T12:06:58Z;;1199;-215
2024-04-22T12:09:37Z;-902;;297
2024-04-22T12:09:39Z;-889;;310
2024-04-22T12:09:41Z;-893;;306
2024-04-22T12:10:13Z;-1028;;171
2024-04-22T12:10:14Z;-849;;350
2024-04-22T12:11:49Z;;894;45
2024-04-22T12:11:51Z;;900;51
2024-04-22T12:11:53Z;;899;50
2024-04-22T12:15:07Z;;828;-21
2024-04-22T12:17:26Z;-609;;219
2024-04-22T12:17:28Z;-605;;223
2024-04-22T12:17:35Z;-597;;231
2024-04-22T12:17:37Z;-604;;224
2024-04-22T12:17:45Z;-592;;236
2024-04-22T12:17:47Z;-600;;228
2024-04-22T12:17:55Z;-591;;237
2024-04-22T12:17:57Z;-600;;228
2024-04-22T12:17:58Z;-598;;230
2024-04-22T12:18:01Z;-604;;224
2024-04-22T12:18:03Z;-599;;229
2024-04-22T12:18:11Z;-601;;227
2024-04-22T12:18:13Z;-597;;231
2024-04-22T12:18:21Z;-601;;227
2024-04-22T12:18:23Z;-592;;236
2024-04-22T12:18:30Z;-594;;234
2024-04-22T12:18:32Z;-601;;227
2024-04-22T12:18:40Z;-596;;232
2024-04-22T12:18:42Z;-603;;225
2024-04-22T12:18:50Z;-597;;231
2024-04-22T12:18:52Z;-603;;225
2024-04-22T12:18:56Z;-591;;237
2024-04-22T12:19:08Z;-605;;223
2024-04-22T12:19:10Z;-597;;231
2024-04-22T12:19:18Z;-607;;221
2024-04-22T12:19:20Z;-599;;229
2024-04-22T12:20:19Z;-648;;180
2024-04-22T12:20:20Z;-412;;416
2024-04-22T12:20:21Z;-648;298;180
2024-04-22T12:20:23Z;;806;158
2024-04-22T12:20:25Z;-291;;515
2024-04-22T12:20:30Z;-646;;160
2024-04-22T12:20:31Z;-651;;155
2024-04-22T12:30:07Z;;769;118
2024-04-22T12:30:09Z;-735;;34
2024-04-22T12:30:25Z;-729;;40
2024-04-22T12:30:26Z;-588;;181
2024-04-22T12:30:27Z;-716;;53
2024-04-22T12:30:29Z;-739;;30
2024-04-22T12:35:17Z;-607;;162
2024-04-22T12:35:19Z;;414;-193
2024-04-22T12:35:21Z;;621;14
2024-04-22T12:35:25Z;-591;;30
2024-04-22T12:45:07Z;;848;257
2024-04-22T12:45:09Z;-809;;39
2024-04-22T12:49:56Z;;902;93
2024-04-22T12:49:58Z;;892;83
2024-04-22T12:50:00Z;;900;91
2024-04-22T12:50:04Z;;872;63
2024-04-22T12:50:06Z;;908;99
2024-04-22T12:50:08Z;-869;;39
2024-04-22T12:50:09Z;-421;;487
2024-04-22T12:50:10Z;-874;881;34
2024-04-22T12:50:12Z;-871;916;10
2024-04-22T12:50:22Z;-891;;25
2024-04-22T12:50:23Z;-903;347;13
2024-04-22T12:50:25Z;-906;948;-559
2024-04-22T12:50:27Z;;727;-179
2024-04-22T12:50:29Z;;948;42
2024-04-22T12:50:30Z;;666;-240
2024-04-22T12:50:31Z;-903;;-237
2024-04-22T12:50:32Z;;949;46
2024-04-22T12:50:35Z;-903;;46
2024-04-22T12:52:16Z;;1201;298
2024-04-22T12:52:18Z;;1198;295
2024-04-22T12:52:20Z;;1207;304
2024-04-22T12:52:31Z;-1209;;-2
2024-04-22T12:52:43Z;-1436;;-229
2024-04-22T12:52:44Z;;1493;57
2024-04-22T12:52:46Z;;1917;481
2024-04-22T12:52:47Z;-2040;;-123
2024-04-22T12:52:48Z;;2113;73
2024-04-22T12:52:50Z;;2495;455
2024-04-22T12:52:51Z;;2755;715
2024-04-22T12:52:53Z;-2591;3033;993
2024-04-22T12:52:55Z;-2816;;217
2024-04-22T12:52:56Z;-2523;;510
2024-04-22T12:52:57Z;-2765;2752;268
2024-04-22T12:52:59Z;;2543;-222
2024-04-22T12:53:01Z;-2727;;-184
2024-04-22T12:53:02Z;-2386;;157
2024-04-22T12:53:03Z;;2774;388
2024-04-22T12:53:05Z;;2672;286
2024-04-22T12:53:06Z;-1731;;941
2024-04-22T12:53:08Z;;2361;630
2024-04-22T12:53:10Z;;1987;256
2024-04-22T12:53:12Z;;1697;-34
2024-04-22T12:53:13Z;;1864;133
2024-04-22T12:53:14Z;-1836;;-139
2024-04-22T12:53:16Z;;2179;343
2024-04-22T12:53:18Z;-2203;2459;-24
2024-04-22T12:53:20Z;;2317;114
2024-04-22T12:53:23Z;;2491;288
2024-04-22T12:53:25Z;;2374;171
2024-04-22T12:53:26Z;-2298;;76
2024-04-22T12:53:28Z;;2409;111
2024-04-22T12:53:30Z;;2718;420
2024-04-22T12:53:31Z;-2784;;-66
2024-04-22T12:53:32Z;;3002;218
2024-04-22T12:53:34Z;;3313;529
2024-04-22T12:53:35Z;-3084;;229
2024-04-22T12:53:36Z;;3252;168
2024-04-22T12:53:37Z;-2982;;270
2024-04-22T12:53:38Z;;2978;-4
2024-04-22T12:53:40Z;;2663;-319
2024-04-22T12:53:41Z;;2726;-256
2024-04-22T12:53:43Z;-2681;;45
2024-04-22T12:53:45Z;-2706;;20
2024-04-22T12:53:46Z;-2692;;34
2024-04-22T12:53:47Z;-2780;;-54
2024-04-22T12:53:48Z;-2985;3166;-259
2024-04-22T12:53:53Z;;3320;335
2024-04-22T12:53:55Z;-3345;;-25
2024-04-22T12:53:56Z;;3672;327
2024-04-22T12:54:00Z;-3611;;61
2024-04-22T12:54:07Z;-3568;;104
2024-04-22T12:54:08Z;;3439;-129
2024-04-22T12:54:09Z;-3224;;215
2024-04-22T12:54:10Z;;3256;32
2024-04-22T12:54:13Z;-2890;2887;366
2024-04-22T12:54:14Z;-2655;;232
2024-04-22T12:54:15Z;-2462;;425
2024-04-22T12:54:17Z;;2661;199
2024-04-22T12:54:19Z;-2435;;226
2024-04-22T12:54:25Z;-2398;;263
2024-04-22T12:54:26Z;-2416;;245
2024-04-22T12:54:27Z;-2568;2726;93
2024-04-22T12:54:29Z;-2596;;130
2024-04-22T12:54:30Z;-2323;;403
2024-04-22T12:54:31Z;;2576;253
2024-04-22T12:54:33Z;;2257;-66
2024-04-22T12:54:35Z;;2028;-295
2024-04-22T12:54:38Z;-1842;;186
2024-04-22T12:54:39Z;;1768;-74
2024-04-22T12:54:41Z;;1815;-27
2024-04-22T12:54:43Z;-1790;;25
2024-04-22T12:54:45Z;-1810;;5
2024-04-22T12:54:47Z;-1854;;-39
2024-04-22T12:54:50Z;;2037;183
2024-04-22T12:54:51Z;-2023;;14
2024-04-22T12:54:52Z;;2301;278
2024-04-22T12:54:55Z;-2504;;-203
2024-04-22T12:54:59Z;-2386;;-85
2024-04-22T12:55:00Z;-2450;;-149
2024-04-22T12:55:01Z;;2720;270
2024-04-22T12:55:03Z;-2714;;6
2024-04-22T12:55:04Z;-2668;;52
2024-04-22T12:55:05Z;;2671;3
2024-04-22T12:55:09Z;;2382;-286
2024-04-22T12:55:10Z;-2340;;42
2024-04-22T12:55:12Z;;2422;82
2024-04-22T12:55:13Z;-2402;;20
2024-04-22T12:55:17Z;-2396;;26
2024-04-22T12:55:19Z;-2348;2331;74
2024-04-22T12:55:21Z;;2488;140
2024-04-22T12:55:23Z;;2727;379
2024-04-22T12:55:25Z;;2690;342
2024-04-22T12:55:26Z;-2768;;-78
2024-04-22T12:55:27Z;;2668;-100
2024-04-22T12:55:28Z;;3038;270
2024-04-22T12:55:30Z;;2885;117
2024-04-22T12:55:33Z;;3067;299
2024-04-22T12:55:35Z;-3083;;-16
2024-04-22T12:55:36Z;;3328;245
2024-04-22T12:55:42Z;-3383;;-55
2024-04-22T12:55:43Z;;3622;239
2024-04-22T12:55:49Z;;3460;77
2024-04-22T12:55:50Z;-3196;;264
2024-04-22T12:55:51Z;;3214;18
2024-04-22T12:55:54Z;-2994;;220
2024-04-22T12:55:55Z;-2683;;531
2024-04-22T12:55:56Z;-2701;2876;193
2024-04-22T12:56:00Z;-2683;;193
2024-04-22T12:56:01Z;-2868;3068;8
2024-04-22T12:56:02Z;-3048;;20
2024-04-22T12:56:04Z;;3317;269
2024-04-22T12:56:07Z;;3283;235
2024-04-22T12:56:09Z;-3322;3375;-39
2024-04-22T12:56:11Z;;3628;306
2024-04-22T12:56:13Z;;3550;228
2024-04-22T12:56:14Z;-3155;;395
2024-04-22T12:56:15Z;;3217;62
2024-04-22T12:56:16Z;-2901;;316
2024-04-22T12:56:17Z;;2998;97
2024-04-22T12:56:18Z;-3035;;-37
2024-04-22T12:56:19Z;;3055;20
2024-04-22T12:56:20Z;-2897;;158
2024-04-22T12:56:22Z;-3140;;-85
2024-04-22T12:56:23Z;-3306;;-251
2024-04-22T12:56:24Z;;2972;-334
2024-04-22T12:56:25Z;;3129;-177
2024-04-22T12:56:26Z;-3248;;-119
2024-04-22T12:56:27Z;;3331;83
2024-04-22T12:56:29Z;-3308;;23
2024-04-22T12:56:35Z;;3600;292
2024-04-22T12:56:50Z;;3597;289
2024-04-22T12:57:13Z;;3605;297
2024-04-22T12:57:15Z;;3554;246
2024-04-22T12:57:17Z;;3266;-42
2024-04-22T12:57:18Z;-2922;;344
2024-04-22T12:57:19Z;-2395;2832;871
2024-04-22T12:57:21Z;;2533;138
2024-04-22T12:57:22Z;-2317;;216
2024-04-22T12:57:23Z;;2314;-3
2024-04-22T12:57:24Z;-2704;;-390
2024-04-22T12:57:25Z;-2793;;-479
2024-04-22T12:57:27Z;;2470;-323
2024-04-22T12:57:28Z;;2861;68
2024-04-22T12:57:30Z;;2666;-127
2024-04-22T12:57:31Z;-2722;;-56
2024-04-22T12:57:32Z;;2735;13
2024-04-22T12:57:33Z;;3066;344
2024-04-22T12:57:36Z;;3303;581
2024-04-22T12:57:37Z;-3003;;300
2024-04-22T12:57:38Z;;3267;264
2024-04-22T12:57:39Z;-3049;;218
2024-04-22T12:57:40Z;-3150;;117
2024-04-22T12:57:41Z;-2943;;324
2024-04-22T12:57:44Z;;2970;27
2024-04-22T12:57:48Z;;3043;-5
2024-04-22T12:57:49Z;-3048;;-78
2024-04-22T12:57:51Z;-3323;3415;-280
2024-04-22T12:57:53Z;;3229;-94
2024-04-22T12:57:55Z;-3289;;-60
2024-04-22T12:57:56Z;-2814;;415
2024-04-22T12:57:57Z;-2623;2816;606
2024-04-22T12:57:59Z;;2661;38
2024-04-22T12:58:01Z;-2610;;51
2024-04-22T12:58:02Z;-3098;2749;139
2024-04-22T12:58:07Z;-3303;;-554
2024-04-22T12:58:26Z;-3271;;-522
2024-04-22T12:58:28Z;;3200;-71
2024-04-22T12:58:29Z;-3034;;166
2024-04-22T12:58:30Z;;2959;-75
2024-04-22T12:58:32Z;;2658;-376
2024-04-22T12:58:33Z;-2610;;48
2024-04-22T12:58:37Z;-2396;;262
2024-04-22T12:58:38Z;;2308;-88
2024-04-22T12:58:40Z;;2413;17
2024-04-22T12:58:41Z;-2420;;-7
2024-04-22T12:58:42Z;;2729;309
2024-04-22T12:58:44Z;;2660;240
2024-04-22T12:58:48Z;-2330;;330
2024-04-22T12:58:50Z;;2366;36
2024-04-22T12:58:53Z;-2097;;269
2024-04-22T12:58:54Z;;2439;342
2024-04-22T12:58:55Z;-2128;;311
2024-04-22T12:58:56Z;-2413;;26
2024-04-22T12:58:59Z;;2746;333
2024-04-22T12:59:02Z;-2707;;39
2024-04-22T12:59:04Z;;3117;410
2024-04-22T12:59:05Z;-3035;;82
2024-04-22T12:59:07Z;-2991;;126
2024-04-22T12:59:08Z;-3015;;102
2024-04-22T12:59:10Z;;3302;287
2024-04-22T12:59:16Z;-3301;;1
2024-04-22T12:59:19Z;-3297;;5
2024-04-22T12:59:38Z;;3291;-6
2024-04-22T12:59:43Z;;3319;22
2024-04-22T12:59:46Z;;3299;2
2024-04-22T12:59:51Z;-2954;;345
2024-04-22T12:59:52Z;-2546;;753
2024-04-22T12:59:58Z;-2793;;506
2024-04-22T13:00:01Z;;2948;155
2024-04-22T13:00:02Z;-3088;;-140
2024-04-22T13:00:03Z;;2713;-375
2024-04-22T13:00:05Z;;2713;-375
2024-04-22T13:00:07Z;;3032;-56
2024-04-22T13:00:09Z;-3207;3250;-175
2024-04-22T13:00:10Z;;3318;111
2024-04-22T13:00:35Z;;3296;89
2024-04-22T13:00:37Z;;3300;93
2024-04-22T13:00:41Z;;3292;85
2024-04-22T13:00:45Z;-2917;;375
2024-04-22T13:00:46Z;;2991;74
2024-04-22T13:00:48Z;;3001;84
2024-04-22T13:00:53Z;;2949;32
2024-04-22T13:00:54Z;-2792;;157
2024-04-22T13:00:56Z;;2597;-195
2024-04-22T13:00:58Z;;2703;-89
2024-04-22T13:01:00Z;-2833;;-130
2024-04-22T13:01:01Z;;3103;270
2024-04-22T13:01:02Z;-3030;;73
2024-04-22T13:03:31Z;-1396;;1707
2024-04-22T13:03:32Z;-2853;;250
2024-04-22T13:04:01Z;;2934;81
2024-04-22T13:04:02Z;-2665;;269
2024-04-22T13:04:04Z;-2643;;291
2024-04-22T13:04:07Z;;2538;-105
2024-04-22T13:04:08Z;-2463;;75
2024-04-22T13:04:09Z;-2187;;351
2024-04-22T13:04:12Z;-2018;2281;94
2024-04-22T13:04:13Z;;2448;430
2024-04-22T13:04:16Z;;2394;376
2024-04-22T13:04:18Z;;2466;448
2024-04-22T13:04:19Z;-2572;;-106
2024-04-22T13:04:20Z;;2853;281
2024-04-22T13:04:24Z;-2412;;441
2024-04-22T13:04:25Z;;2542;130
2024-04-22T13:04:27Z;-2052;2398;490
2024-04-22T13:04:29Z;-1998;;400
2024-04-22T13:04:30Z;;2411;413
2024-04-22T13:04:32Z;-2581;;-170
2024-04-22T13:04:34Z;;2863;282
2024-04-22T13:04:36Z;-2249;2562;614
2024-04-22T13:04:38Z;;2387;138
2024-04-22T13:04:40Z;-2174;;213
2024-04-22T13:04:41Z;-2707;2476;302
2024-04-22T13:04:42Z;;2789;82
2024-04-22T13:04:44Z;;3034;327
2024-04-22T13:05:02Z;;2997;290
2024-04-22T13:05:28Z;-2671;;326
2024-04-22T13:05:36Z;;2635;-36
2024-04-22T13:05:38Z;;2784;113
2024-04-22T13:05:41Z;-2732;;52
2024-04-22T13:06:06Z;-2689;;95
2024-04-22T13:06:12Z;;2690;1
2024-04-22T13:06:14Z;-2276;;414
2024-04-22T13:06:15Z;;2218;-58
2024-04-22T13:06:16Z;-1974;;244
2024-04-22T13:06:19Z;-2080;;138
2024-04-22T13:06:21Z;;2529;449
2024-04-22T13:06:26Z;-2420;;109
2024-04-22T13:06:27Z;-2390;;139
2024-04-22T13:06:30Z;-2435;;94
2024-04-22T13:06:31Z;;2707;272
2024-04-22T13:06:36Z;-2344;;363
2024-04-22T13:06:37Z;-2032;;675
2024-04-22T13:06:38Z;;2396;364
2024-04-22T13:06:40Z;;2091;59
2024-04-22T13:06:42Z;;2216;184
2024-04-22T13:06:43Z;-2129;;87
2024-04-22T13:06:46Z;-1885;2400;331
2024-04-22T13:06:47Z;-1643;;757
2024-04-22T13:06:48Z;-1473;2210;927
2024-04-22T13:06:51Z;-1552;;658
2024-04-22T13:06:52Z;;1953;401
2024-04-22T13:06:54Z;;1738;186
2024-04-22T13:06:55Z;-1820;;-82
2024-04-22T13:06:56Z;-1770;;-32
2024-04-22T13:06:57Z;;1894;124
2024-04-22T13:06:59Z;;1729;-41
2024-04-22T13:07:03Z;-1464;;265
2024-04-22T13:07:04Z;-1510;;219
2024-04-22T13:07:06Z;-1460;;269
2024-04-22T13:07:10Z;;1425;-35
2024-04-22T13:07:11Z;-1203;;222
2024-04-22T13:07:15Z;;1161;-42
2024-04-22T13:07:17Z;-1148;1247;13
2024-04-22T13:07:21Z;;1513;365
2024-04-22T13:07:27Z;-1506;;7
2024-04-22T13:07:28Z;-1553;;-40
2024-04-22T13:07:32Z;-1428;;85
2024-04-22T13:07:33Z;-1611;1919;-98
2024-04-22T13:07:35Z;-2119;2214;-200
2024-04-22T13:07:36Z;-2112;;102
2024-04-22T13:07:37Z;;2063;-49
2024-04-22T13:07:39Z;;2172;60
2024-04-22T13:07:40Z;-2103;;69
2024-04-22T13:07:44Z;-2148;;24
2024-04-22T13:07:45Z;-1671;;501
2024-04-22T13:07:46Z;;2030;359
2024-04-22T13:07:48Z;;1724;53
2024-04-22T13:07:49Z;-1476;;248
2024-04-22T13:07:51Z;-1642;1893;82
2024-04-22T13:07:52Z;-2163;;-270
2024-04-22T13:07:54Z;;2290;127
2024-04-22T13:07:56Z;-1872;2405;418
2024-04-22T13:07:58Z;-1956;2180;449
2024-04-22T13:07:59Z;;2046;90
2024-04-22T13:08:01Z;;2139;183
2024-04-22T13:08:02Z;-1524;;615
2024-04-22T13:08:05Z;-1491;2069;648
2024-04-22T13:08:07Z;;1661;170
2024-04-22T13:08:09Z;-1866;1871;-205
2024-04-22T13:08:10Z;;2202;336
2024-04-22T13:08:11Z;-2560;;-689
2024-04-22T13:08:12Z;;2586;26
2024-04-22T13:08:16Z;-2402;;184
2024-04-22T13:08:17Z;;2856;454
2024-04-22T13:08:18Z;-1711;;1145
2024-04-22T13:08:20Z;-1430;3128;1417
2024-04-22T13:08:22Z;;2845;1415
2024-04-22T13:08:23Z;;2406;976
2024-04-22T13:08:24Z;-1556;;850
2024-04-22T13:08:25Z;;2042;486
2024-04-22T13:08:27Z;;1650;94
2024-04-22T13:08:29Z;;1803;247
2024-04-22T13:08:31Z;;1831;275
2024-04-22T13:08:32Z;;1802;246
2024-04-22T13:08:34Z;-1691;2111;555
2024-04-22T13:08:36Z;;2482;791
2024-04-22T13:08:38Z;-2252;2272;581
2024-04-22T13:08:40Z;-2134;2097;138
2024-04-22T13:08:42Z;;1635;-499
2024-04-22T13:08:44Z;;1460;-674
2024-04-22T13:08:46Z;;1501;-633
2024-04-22T13:08:49Z;-1990;;-489
2024-04-22T13:08:50Z;-1528;;-27
2024-04-22T13:08:51Z;;1808;280
2024-04-22T13:08:52Z;-1561;;247
2024-04-22T13:08:53Z;;2360;799
2024-04-22T13:08:55Z;;2504;943
2024-04-22T13:08:56Z;;2381;820
2024-04-22T13:08:58Z;-2038;2060;499
2024-04-22T13:09:00Z;-2052;2154;8
2024-04-22T13:09:02Z;;2464;412
2024-04-22T13:09:05Z;;2736;684
2024-04-22T13:09:06Z;-2035;;701
2024-04-22T13:09:07Z;;3142;1107
2024-04-22T13:09:08Z;-2410;;732
2024-04-22T13:09:10Z;;2930;520
2024-04-22T13:09:12Z;-2648;;282
2024-04-22T13:09:13Z;-2651;;279
2024-04-22T13:09:14Z;-2834;3125;96
2024-04-22T13:09:16Z;;3321;487
2024-04-22T13:09:18Z;-2969;;352
2024-04-22T13:09:20Z;;3294;325
2024-04-22T13:09:22Z;;3345;376
2024-04-22T13:09:26Z;;3255;286
2024-04-22T13:09:27Z;-2929;;326
2024-04-22T13:09:28Z;;2987;58
2024-04-22T13:09:31Z;-2647;2590;340
2024-04-22T13:09:32Z;-2359;;628
2024-04-22T13:09:34Z;-2432;;158
2024-04-22T13:09:35Z;;2756;324
2024-04-22T13:09:41Z;-2793;;-37
2024-04-22T13:09:42Z;-2689;;67
2024-04-22T13:09:43Z;;2693;4
2024-04-22T13:09:45Z;-2318;;375
2024-04-22T13:09:46Z;-2130;2236;563
2024-04-22T13:09:48Z;;2039;-91
2024-04-22T13:09:50Z;-1750;;289
2024-04-22T13:09:51Z;-1326;1613;713
2024-04-22T13:09:53Z;;1446;120
2024-04-22T13:09:55Z;-1474;;-28
2024-04-22T13:09:56Z;-1930;;-484
2024-04-22T13:09:57Z;-1930;;-484
2024-04-22T13:09:59Z;-1477;;-31
2024-04-22T13:10:00Z;;1525;48
2024-04-22T13:10:02Z;;1984;507
2024-04-22T13:10:03Z;;2194;717
2024-04-22T13:10:04Z;-1542;;652
2024-04-22T13:10:05Z;;2011;469
2024-04-22T13:10:06Z;-1835;;176
2024-04-22T13:10:07Z;;1724;-111
2024-04-22T13:10:08Z;-2210;;-486
2024-04-22T13:10:09Z;;1931;-279
2024-04-22T13:10:11Z;;2258;48
2024-04-22T13:10:12Z;-2837;;-579
2024-04-22T13:10:13Z;-3046;2535;-788
2024-04-22T13:10:15Z;;2891;-155
2024-04-22T13:10:17Z;;3319;273
2024-04-22T13:10:19Z;;3279;233
2024-04-22T13:10:21Z;;3318;272
2024-04-22T13:10:22Z;;3271;225
2024-04-22T13:10:24Z;;3316;270
2024-04-22T13:10:29Z;;3290;244
2024-04-22T13:10:35Z;;3300;254
2024-04-22T13:10:37Z;;3298;252
2024-04-22T13:10:43Z;;2992;-54
2024-04-22T13:10:44Z;-2965;;27
2024-04-22T13:10:45Z;-2673;;319
2024-04-22T13:10:47Z;-2825;;167
2024-04-22T13:10:48Z;;3111;286
2024-04-22T13:10:49Z;-3013;;98
2024-04-22T13:10:55Z;;3308;295
2024-04-22T13:10:59Z;;3287;274
2024-04-22T13:11:01Z;;3309;296
2024-04-22T13:11:03Z;;3293;280
2024-04-22T13:11:05Z;;3315;302
2024-04-22T13:11:07Z;;3296;283
2024-04-22T13:11:09Z;;3315;302
2024-04-22T13:11:12Z;;3298;285
2024-04-22T13:11:15Z;-2980;;318
2024-04-22T13:11:17Z;-3002;;296
2024-04-22T13:11:28Z;-2994;;304
2024-04-22T13:11:35Z;-3036;;262
2024-04-22T13:11:36Z;-3029;;269
2024-04-22T13:11:39Z;-3022;;276
2024-04-22T13:11:41Z;-2993;;305
2024-04-22T13:11:48Z;;2858;-135
2024-04-22T13:11:49Z;-2411;;447
2024-04-22T13:11:50Z;;2442;31
2024-04-22T13:11:53Z;-1924;;518
2024-04-22T13:11:54Z;-1236;1897;1206
2024-04-22T13:11:56Z;;1515;279
2024-04-22T13:11:58Z;;1369;133
2024-04-22T13:13:00Z;-1203;;166
2024-04-22T13:13:03Z;-1186;;183
2024-04-22T13:13:06Z;-1189;;180
2024-04-22T13:13:09Z;;1503;314
2024-04-22T13:13:11Z;-1485;;18
2024-04-22T13:13:12Z;-1502;;1
2024-04-22T13:13:23Z;;1491;-11
2024-04-22T13:13:30Z;;1598;96
2024-04-22T13:13:32Z;-1551;;47
2024-04-22T13:13:34Z;;1808;257
2024-04-22T13:13:41Z;-1814;;-6
2024-04-22T13:13:42Z;;2419;605
2024-04-22T13:13:46Z;;2335;521
2024-04-22T13:13:48Z;;2525;711
2024-04-22T13:13:49Z;-2465;;60
2024-04-22T13:13:50Z;;2772;307
2024-04-22T13:13:52Z;;3006;541
2024-04-22T13:13:53Z;-2700;;306
2024-04-22T13:13:54Z;-3015;;-9
2024-04-22T13:13:56Z;-2987;;19
2024-04-22T13:14:01Z;;2915;-72
2024-04-22T13:14:02Z;-2671;;244
2024-04-22T13:14:04Z;;3091;420
2024-04-22T13:14:06Z;-2809;;282
2024-04-22T13:14:07Z;-3019;;72
2024-04-22T13:14:09Z;;3300;281
2024-04-22T13:14:12Z;;3258;239
2024-04-22T13:14:14Z;;3301;282
2024-04-22T13:14:15Z;;3292;273
2024-04-22T13:14:17Z;-2963;;329
2024-04-22T13:14:21Z;-3028;;264
2024-04-22T13:14:29Z;-2926;;366
2024-04-22T13:14:34Z;-3002;;290
2024-04-22T13:15:04Z;-2999;;293
2024-04-22T13:15:05Z;-3018;;274
2024-04-22T13:15:07Z;;3226;208
2024-04-22T13:15:09Z;-2999;;227
2024-04-22T13:15:13Z;-2990;;236
2024-04-22T13:15:14Z;-2989;;237
2024-04-22T13:15:24Z;-2984;;242
2024-04-22T13:15:25Z;-3003;;223
2024-04-22T13:15:27Z;-2997;;229
2024-04-22T13:15:28Z;-3001;;225
2024-04-22T13:15:31Z;-2997;;229
2024-04-22T13:15:36Z;-3000;;226
2024-04-22T13:15:37Z;-2998;;228
2024-04-22T13:15:38Z;-3001;;225
2024-04-22T13:15:43Z;-2994;;232
2024-04-22T13:15:44Z;-3006;;220
2024-04-22T13:15:47Z;-2996;;230
2024-04-22T13:16:56Z;;2932;-64
2024-04-22T13:16:57Z;-2658;;274
2024-04-22T13:17:01Z;-2730;3058;202
2024-04-22T13:20:42Z;;3067;337
2024-04-22T13:20:45Z;-2651;2827;416
2024-04-22T13:20:47Z;;2436;-215
2024-04-22T13:20:49Z;-2280;;156
2024-04-22T13:20:50Z;-2132;;304
2024-04-22T13:20:51Z;;2192;60
2024-04-22T13:20:53Z;-1703;1792;489
2024-04-22T13:20:57Z;-1466;2132;326
2024-04-22T13:20:59Z;;2865;1399
2024-04-22T13:21:00Z;;3069;833
2024-04-22T13:21:01Z;-2236;;629
2024-04-22T13:21:02Z;-2596;;473
2024-04-22T13:21:20Z;;3001;405
2024-04-22T13:21:37Z;;3012;416
2024-04-22T13:21:39Z;;2986;390
2024-04-22T13:21:41Z;;3005;409
2024-04-22T13:21:47Z;;2982;386
2024-04-22T13:21:49Z;;3002;406
2024-04-22T13:21:52Z;;2998;402
2024-04-22T13:21:54Z;;3007;411
2024-04-22T13:21:56Z;;2999;403
2024-04-22T13:23:21Z;-2692;;307
2024-04-22T13:23:24Z;-2702;;297
2024-04-22T13:23:33Z;-2750;;249
2024-04-22T13:23:35Z;;2683;-67
2024-04-22T13:23:36Z;-2343;;340
2024-04-22T13:23:37Z;;2480;137
2024-04-22T13:23:39Z;;2318;-25
2024-04-22T13:23:40Z;-1985;;333
2024-04-22T13:23:41Z;;1786;-199
2024-04-22T13:23:42Z;;1388;-597
2024-04-22T13:23:46Z;-1343;;45
2024-04-22T13:23:48Z;-853;;535
2024-04-22T13:23:51Z;-905;;483
2024-04-22T13:23:52Z;;1224;319
2024-04-22T13:23:54Z;;1164;259
2024-04-22T13:23:55Z;-909;;255
2024-04-22T13:24:06Z;;893;-16
2024-04-22T13:24:45Z;;902;-7
2024-04-22T13:24:47Z;;891;-18
2024-04-22T13:24:49Z;;918;9
2024-04-22T13:24:53Z;;899;-10
2024-04-22T13:24:56Z;;901;-8
2024-04-22T13:25:01Z;-880;;21
2024-04-22T13:25:13Z;-907;;-6
2024-04-22T13:25:15Z;-888;;13
2024-04-22T13:25:24Z;-981;;-80
2024-04-22T13:25:26Z;;888;-93
2024-04-22T13:25:52Z;;902;-79
2024-04-22T13:25:55Z;;884;-97
2024-04-22T13:26:01Z;;902;-79
2024-04-22T13:26:05Z;-926;;-24
2024-04-22T13:26:07Z;;1262;336
2024-04-22T13:26:08Z;-1338;;-76
2024-04-22T13:26:10Z;;1146;-192
2024-04-22T13:26:12Z;-1157;;-11
2024-04-22T13:26:18Z;-881;;265
2024-04-22T13:26:19Z;;897;16
2024-04-22T13:26:53Z;;904;23
2024-04-22T13:27:25Z;-899;;5
2024-04-22T13:27:26Z;-901;;3
2024-04-22T13:27:30Z;-895;;9
2024-04-22T13:28:43Z;;1209;314
2024-04-22T13:28:45Z;;1191;296
2024-04-22T13:30:07Z;;1148;253
2024-04-22T13:30:09Z;-1108;;40
2024-04-22T13:30:21Z;;1202;94
2024-04-22T13:30:24Z;-1177;;25
2024-04-22T13:30:32Z;;1500;323
2024-04-22T13:30:33Z;-1462;;38
2024-04-22T13:30:35Z;;1837;375
2024-04-22T13:30:37Z;-1716;;121
2024-04-22T13:30:41Z;-1780;;57
2024-04-22T13:30:42Z;;1719;-61
2024-04-22T13:30:44Z;;1833;53
2024-04-22T13:30:46Z;;1788;8
2024-04-22T13:30:49Z;;1456;-324
2024-04-22T13:30:52Z;-1428;;28
2024-04-22T13:30:57Z;-1509;1598;-53
2024-04-22T13:31:01Z;;1805;296
2024-04-22T13:31:03Z;;1781;272
2024-04-22T13:31:04Z;-1625;;156
2024-04-22T13:31:05Z;;1486;-139
2024-04-22T13:31:10Z;;1603;-22
2024-04-22T13:31:11Z;-1761;;-158
2024-04-22T13:31:12Z;;1922;161
2024-04-22T13:31:13Z;-2191;;-269
2024-04-22T13:31:14Z;;2246;55
2024-04-22T13:31:15Z;-1435;;811
2024-04-22T13:31:16Z;;1802;367
2024-04-22T13:31:17Z;-1191;;611
2024-04-22T13:31:18Z;;1408;217
2024-04-22T13:31:20Z;-1213;;195
2024-04-22T13:31:23Z;-1169;;239
2024-04-22T13:31:24Z;;1186;17
2024-04-22T13:31:26Z;;1215;46
2024-04-22T13:31:28Z;;1157;-12
2024-04-22T13:31:59Z;;1213;44
2024-04-22T13:32:01Z;-1195;;18
2024-04-22T13:32:08Z;-1460;1542;-247
2024-04-22T13:32:15Z;-1465;;77
2024-04-22T13:32:17Z;-1512;;30
2024-04-22T13:32:19Z;;1840;328
2024-04-22T13:32:20Z;-1978;;-436
2024-04-22T13:32:21Z;;2132;154
2024-04-22T13:32:22Z;-2482;;-350
2024-04-22T13:32:23Z;;2409;-73
2024-04-22T13:32:24Z;-2694;;-285
2024-04-22T13:32:27Z;;2701;7
2024-04-22T13:32:28Z;;3016;322
2024-04-22T13:32:30Z;;2972;278
2024-04-22T13:32:32Z;-2390;2381;582
2024-04-22T13:32:34Z;;1952;-438
2024-04-22T13:32:36Z;-1905;;47
2024-04-22T13:32:37Z;-2199;;-247
2024-04-22T13:32:38Z;;2184;-15
2024-04-22T13:32:40Z;;2400;201
2024-04-22T13:32:41Z;-2020;;380
2024-04-22T13:32:43Z;;2227;207
2024-04-22T13:32:44Z;-2131;;96
2024-04-22T13:32:47Z;;2043;-88
2024-04-22T13:32:48Z;;2113;-18
2024-04-22T13:32:50Z;;2445;314
2024-04-22T13:32:51Z;-2326;;119
2024-04-22T13:32:53Z;-2475;;-30
2024-04-22T13:32:54Z;;2320;-155
2024-04-22T13:32:55Z;-2134;;186
2024-04-22T13:32:57Z;-2160;;160
2024-04-22T13:32:59Z;;2435;275
2024-04-22T13:33:00Z;-2449;;-14
2024-04-22T13:33:01Z;-2414;;21
2024-04-22T13:33:02Z;;2324;-90
2024-04-22T13:33:03Z;-2048;;276
2024-04-22T13:33:04Z;;2080;32
2024-04-22T13:33:06Z;;2236;188
2024-04-22T13:33:07Z;-2106;;130
2024-04-22T13:33:08Z;-2343;;-107
2024-04-22T13:33:10Z;;2504;161
2024-04-22T13:33:11Z;;2718;375
2024-04-22T13:33:12Z;-2785;;-67
2024-04-22T13:33:15Z;;2375;-410
2024-04-22T13:33:17Z;;2087;-698
2024-04-22T13:33:19Z;;2207;-578
2024-04-22T13:33:21Z;-2714;2072;-507
2024-04-22T13:33:22Z;-2058;;14
2024-04-22T13:33:23Z;-2179;;-107
2024-04-22T13:33:24Z;-2082;;-10
2024-04-22T13:33:26Z;-1734;;338
2024-04-22T13:33:27Z;-1872;;200
2024-04-22T13:33:30Z;-1768;;304
2024-04-22T13:33:32Z;-1495;;577
2024-04-22T13:33:34Z;-1748;;324
2024-04-22T13:33:35Z;-2155;;-83
2024-04-22T13:33:36Z;-2502;;-430
2024-04-22T13:33:38Z;-2744;;-672
2024-04-22T13:34:25Z;-2703;;-631
2024-04-22T13:34:26Z;-2316;;-244
2024-04-22T13:34:27Z;-1945;;127
2024-04-22T13:34:34Z;-1881;;191
2024-04-22T13:34:39Z;-2214;;-142
2024-04-22T13:34:41Z;-1716;;356
2024-04-22T13:34:43Z;-1886;;186
2024-04-22T13:34:45Z;-2511;;-439
2024-04-22T13:34:49Z;-2504;;-432
2024-04-22T13:34:52Z;-2018;;54
2024-04-22T13:34:54Z;-2005;;67
2024-04-22T13:34:57Z;-2487;;-415
2024-04-22T13:35:00Z;-2304;;-232
2024-04-22T13:35:03Z;-2380;;-308
2024-04-22T13:35:12Z;-2730;;-658
2024-04-22T13:35:36Z;-2696;;-624
2024-04-22T13:35:42Z;-2700;;-628
2024-04-22T13:35:44Z;-2693;;-621
2024-04-22T13:35:52Z;-2702;;-630
2024-04-22T13:36:00Z;-2698;;-626
2024-04-22T13:36:01Z;-2702;;-630
2024-04-22T13:36:18Z;;2432;-270
2024-04-22T13:36:20Z;-2453;2002;-21
2024-04-22T13:36:21Z;-1667;;335
2024-04-22T13:36:22Z;;1648;-19
2024-04-22T13:36:24Z;;1497;-170
2024-04-22T13:36:25Z;-1281;;216
2024-04-22T13:36:26Z;;1528;247
2024-04-22T13:36:28Z;;1432;151
2024-04-22T13:36:29Z;;1117;-164
2024-04-22T13:36:33Z;-897;;220
2024-04-22T13:36:34Z;-921;;196
2024-04-22T13:36:36Z;-879;;238
2024-04-22T13:36:40Z;;899;20
2024-04-22T13:36:42Z;;908;29
2024-04-22T13:36:45Z;;899;20
2024-04-22T13:36:52Z;;906;27
2024-04-22T13:36:57Z;;897;18
2024-04-22T13:37:35Z;;905;26
2024-04-22T13:37:43Z;-899;;6
2024-04-22T13:37:58Z;-1173;1249;-268
2024-04-22T13:38:00Z;;1517;344
2024-04-22T13:38:02Z;-1416;;101
2024-04-22T13:38:03Z;-1468;1462;49
2024-04-22T13:38:05Z;-1070;;392
2024-04-22T13:38:06Z;;1097;27
2024-04-22T13:38:09Z;-1171;1246;-74
2024-04-22T13:38:11Z;;1527;356
2024-04-22T13:38:13Z;-1621;1973;-94
2024-04-22T13:38:15Z;;2192;571
2024-04-22T13:38:17Z;;2506;885
2024-04-22T13:38:18Z;;2707;1086
2024-04-22T13:38:19Z;-2061;;646
2024-04-22T13:38:21Z;-2514;;193
2024-04-22T13:38:22Z;-2708;;-1
2024-04-22T13:38:28Z;-2698;;9
2024-04-22T13:38:30Z;-2713;;-6
2024-04-22T13:38:36Z;-2694;;13
2024-04-22T13:38:42Z;;2635;-59
2024-04-22T13:38:44Z;-2200;2227;435
2024-04-22T13:38:46Z;;2095;-105
2024-04-22T13:38:48Z;-2061;2134;34
2024-04-22T13:38:51Z;;1970;-91
2024-04-22T13:38:53Z;;2131;70
2024-04-22T13:38:54Z;-2113;;18
2024-04-22T13:38:59Z;;2432;319
2024-04-22T13:39:01Z;-2403;;29
2024-04-22T13:39:05Z;;2716;313
2024-04-22T13:39:09Z;;2671;268
2024-04-22T13:39:12Z;;2729;326
2024-04-22T13:39:25Z;;2699;296
2024-04-22T13:39:27Z;-2456;;243
2024-04-22T13:39:28Z;;2313;-143
2024-04-22T13:39:31Z;;2447;-9
2024-04-22T13:39:32Z;-2417;;30
2024-04-22T13:39:39Z;;2716;299
2024-04-22T13:39:51Z;;2684;267
2024-04-22T13:39:54Z;-2325;2389;359
2024-04-22T13:39:58Z;;2446;121
2024-04-22T13:39:59Z;;2353;28
2024-04-22T13:40:01Z;;2403;78
2024-04-22T13:40:02Z;-2419;;-16
2024-04-22T13:40:06Z;-2449;;-46
2024-04-22T13:40:07Z;;2378;-71
2024-04-22T13:40:11Z;-2000;2049;378
2024-04-22T13:40:15Z;-2164;2182;-115
2024-04-22T13:40:18Z;-2123;;59
2024-04-22T13:40:21Z;-2097;;85
2024-04-22T13:40:23Z;-2425;2549;-243
2024-04-22T13:40:25Z;;2710;285
2024-04-22T13:40:28Z;;2694;269
2024-04-22T13:40:35Z;;2734;309
2024-04-22T13:40:58Z;;2696;271
2024-04-22T13:43:02Z;-2416;;280
2024-04-22T13:43:05Z;-2403;;293
2024-04-22T13:43:14Z;-2397;;299
2024-04-22T13:43:21Z;-2404;;292
2024-04-22T13:44:08Z;-2396;;300
2024-04-22T13:44:09Z;-2409;;287
2024-04-22T13:44:10Z;-2376;;320
2024-04-22T13:44:11Z;-1993;2447;454
2024-04-22T13:44:12Z;-1729;;718
2024-04-22T13:44:13Z;-1436;1989;1011
2024-04-22T13:44:14Z;-1176;;813
2024-04-22T13:44:16Z;;1701;525
2024-04-22T13:44:17Z;-928;;773
2024-04-22T13:44:20Z;;1407;479
2024-04-22T13:44:22Z;;1192;264
2024-04-22T13:44:23Z;;856;-72
2024-04-22T13:44:25Z;-904;903;-48
2024-04-22T13:44:27Z;-1290;1419;-387
2024-04-22T13:44:29Z;;1689;399
2024-04-22T13:44:31Z;;1919;629
2024-04-22T13:44:33Z;-1560;2304;1014
2024-04-22T13:44:35Z;-1979;;325
2024-04-22T13:44:36Z;-2182;;122
2024-04-22T13:44:37Z;-2407;;-103
2024-04-22T13:44:38Z;;2502;95
2024-04-22T13:44:40Z;;2201;-206
2024-04-22T13:44:42Z;-2204;1904;-3
2024-04-22T13:44:44Z;;1720;-484
2024-04-22T13:44:46Z;-1912;1486;-192
2024-04-22T13:44:48Z;;1045;-867
2024-04-22T13:44:50Z;-1695;860;-650
2024-04-22T13:44:54Z;-1488;;-628
2024-04-22T13:44:55Z;-1051;;-191
2024-04-22T13:44:56Z;-898;;-38
2024-04-22T13:44:57Z;;946;48
2024-04-22T13:44:58Z;-1026;;-80
2024-04-22T13:44:59Z;-1261;1365;-315
2024-04-22T13:45:01Z;-1508;;-143
2024-04-22T13:45:03Z;;1596;88
2024-04-22T13:45:04Z;;1812;304
2024-04-22T13:45:05Z;-1784;;28
2024-04-22T13:45:07Z;-2087;;-275
2024-04-22T13:45:09Z;;1691;-396
2024-04-22T13:45:10Z;;2201;114
2024-04-22T13:45:12Z;;2418;331
2024-04-22T13:45:14Z;-1743;2390;647
2024-04-22T13:45:17Z;;2445;702
2024-04-22T13:45:18Z;-2402;;43
2024-04-22T13:45:23Z;-2341;2355;104
2024-04-22T13:45:25Z;;1992;-349
2024-04-22T13:45:27Z;-2034;1551;-42
2024-04-22T13:45:28Z;-1226;;325
2024-04-22T13:45:30Z;;1207;-19
2024-04-22T13:45:32Z;-1135;1128;-98
2024-04-22T13:45:34Z;-1682;;-554
2024-04-22T13:45:35Z;;1835;153
2024-04-22T13:45:37Z;;2100;418
2024-04-22T13:45:38Z;-2135;;-35
2024-04-22T13:45:43Z;-2084;2091;16
2024-04-22T13:45:45Z;;1525;-559
2024-04-22T13:45:47Z;-1818;;-293
2024-04-22T13:45:48Z;-1541;1275;-16
2024-04-22T13:45:50Z;;1080;-461
2024-04-22T13:45:52Z;;899;-642
2024-04-22T13:45:55Z;-1077;906;-178
2024-04-22T13:45:59Z;-941;;-35
2024-04-22T13:46:00Z;-855;;51
2024-04-22T13:46:02Z;-924;;-18
2024-04-22T13:46:04Z;-908;;-2
2024-04-22T13:46:06Z;-1094;;-188
2024-04-22T13:46:07Z;;1298;204
2024-04-22T13:46:14Z;-1180;1172;118
2024-04-22T13:46:18Z;-988;895;184
2024-04-22T13:46:20Z;;903;-85
2024-04-22T13:46:24Z;-888;;15
2024-04-22T13:46:26Z;-1117;1215;-214
2024-04-22T13:46:30Z;-1506;;-291
2024-04-22T13:46:32Z;;1598;92
2024-04-22T13:46:34Z;;1816;310
2024-04-22T13:46:35Z;;1779;273
2024-04-22T13:46:42Z;-1481;;298
2024-04-22T13:46:43Z;;1430;-51
2024-04-22T13:46:49Z;;1509;28
2024-04-22T13:46:51Z;;1490;9
2024-04-22T13:46:53Z;-1469;1548;21
2024-04-22T13:46:55Z;;1819;350
2024-04-22T13:46:57Z;-1677;2279;142
2024-04-22T13:46:59Z;;2427;750
2024-04-22T13:47:03Z;-2083;2364;687
2024-04-22T13:47:05Z;-2406;;-42
2024-04-22T13:47:06Z;-2313;;51
2024-04-22T13:47:07Z;-2064;;300
2024-04-22T13:47:09Z;-2091;2518;273
2024-04-22T13:47:12Z;;2283;192
2024-04-22T13:47:13Z;-2062;;221
2024-04-22T13:47:17Z;;2017;-45
2024-04-22T13:47:18Z;-1696;;321
2024-04-22T13:47:19Z;;1634;-62
2024-04-22T13:47:21Z;;1496;-200
2024-04-22T13:47:23Z;-1192;;304
2024-04-22T13:47:27Z;;1179;-13
2024-04-22T13:47:36Z;;1374;182
2024-04-22T13:47:37Z;-1367;;7
2024-04-22T13:47:38Z;;1608;241
2024-04-22T13:47:40Z;;1815;448
2024-04-22T13:47:42Z;-1869;;-54
2024-04-22T13:47:44Z;-1826;;-11
2024-04-22T13:47:45Z;;1759;-67
2024-04-22T13:47:46Z;-1402;;357
2024-04-22T13:47:47Z;;1444;42
2024-04-22T13:47:50Z;-1226;;218
2024-04-22T13:47:51Z;;1195;-31
2024-04-22T13:47:53Z;;1213;-13
2024-04-22T13:47:55Z;;1162;-64
2024-04-22T13:47:58Z;-889;;273
2024-04-22T13:49:07Z;;898;9
2024-04-22T13:49:09Z;;904;15
2024-04-22T13:49:15Z;;898;9
2024-04-22T13:53:11Z;;901;12
2024-04-22T13:53:13Z;;899;10
2024-04-22T13:53:15Z;;901;12
2024-04-22T13:53:22Z;-900;;1
2024-04-22T13:54:11Z;;1338;438
2024-04-22T13:54:13Z;-1235;1592;103
2024-04-22T13:54:14Z;-1387;;205
2024-04-22T13:54:16Z;-1496;;96
2024-04-22T13:54:17Z;;1360;-136
2024-04-22T13:54:18Z;-1187;;173
2024-04-22T13:54:19Z;;1183;-4
2024-04-22T13:54:27Z;-905;;278
2024-04-22T13:54:30Z;-884;;299
2024-04-22T13:54:31Z;-444;;739
2024-04-22T13:54:43Z;-853;;330
2024-04-22T13:54:46Z;-640;;543
2024-04-22T13:54:53Z;;898;258
2024-04-22T13:54:55Z;;900;260
2024-04-22T13:54:57Z;;892;252
2024-04-22T13:55:05Z;;901;261
2024-04-22T13:55:07Z;;895;255
2024-04-22T13:55:09Z;;903;263
2024-04-22T13:55:11Z;;898;258
2024-04-22T13:55:13Z;;906;266
2024-04-22T13:55:16Z;;899;259
2024-04-22T13:55:18Z;;909;269
2024-04-22T13:55:21Z;;899;259
2024-04-22T13:55:23Z;;912;272
2024-04-22T13:55:40Z;-906;;6
2024-04-22T13:55:47Z;-917;;-5
2024-04-22T13:56:01Z;-939;1219;-27
2024-04-22T13:56:05Z;-1250;1547;297
2024-04-22T13:56:08Z;;1448;198
2024-04-22T13:56:10Z;-1147;1117;301
2024-04-22T13:56:48Z;-902;;215
2024-04-22T13:56:51Z;-901;;216
2024-04-22T13:56:57Z;-898;;219
2024-04-22T13:57:05Z;-903;;214
2024-04-22T13:57:07Z;-893;;224
2024-04-22T13:57:15Z;-903;;214
2024-04-22T13:57:18Z;-900;;217
2024-04-22T13:57:30Z;-896;;221
2024-04-22T13:57:31Z;-896;;221
2024-04-22T13:58:45Z;-901;;216
2024-04-22T13:58:47Z;-896;;221
2024-04-22T13:58:49Z;-899;;218
2024-04-22T13:59:24Z;;907;8
2024-04-22T13:59:26Z;;896;-3
2024-04-22T13:59:35Z;;893;-6
2024-04-22T13:59:38Z;;897;-2
2024-04-22T13:59:40Z;;898;-1
2024-04-22T13:59:42Z;;902;3
2024-04-22T13:59:45Z;;891;-8
2024-04-22T13:59:51Z;;903;4
2024-04-22T13:59:53Z;;899;0
2024-04-22T14:00:01Z;;901;2
2024-04-22T14:00:03Z;;896;-3
2024-04-22T14:00:07Z;;902;3
2024-04-22T14:00:09Z;-831;;71
2024-04-22T14:00:11Z;;901;70
2024-04-22T14:00:13Z;;896;65
2024-04-22T14:00:51Z;;904;73
2024-04-22T14:01:10Z;-898;;6
2024-04-22T14:01:16Z;-1152;1263;-173
2024-04-22T14:01:18Z;;1393;-43
2024-04-22T14:01:21Z;-1487;;-583
2024-04-22T14:01:27Z;-1436;;-532
2024-04-22T14:01:29Z;;1482;46
2024-04-22T14:01:35Z;;1441;5
2024-04-22T14:01:37Z;-1610;;-169
2024-04-22T14:01:38Z;;1823;213
2024-04-22T14:01:42Z;;1693;83
2024-04-22T14:01:43Z;-1475;;218
2024-04-22T14:01:44Z;-1137;;556
2024-04-22T14:01:45Z;;1146;9
2024-04-22T14:01:50Z;-901;;245
2024-04-22T14:01:51Z;-897;;249
2024-04-22T14:01:59Z;-909;;237
2024-04-22T14:02:14Z;;897;-12
2024-04-22T14:02:43Z;;905;-4
2024-04-22T14:02:47Z;-921;;-16
2024-04-22T14:02:49Z;-882;;23
2024-04-22T14:02:51Z;323;;1228
2024-04-22T14:02:52Z;860;894;1754
2024-04-22T14:03:05Z;900;;1794
2024-04-22T14:03:06Z;887;;1781
2024-04-22T14:03:07Z;908;;1802
2024-04-22T14:03:15Z;883;;1777
2024-04-22T14:03:19Z;906;;1800
2024-04-22T14:03:22Z;886;;1780
2024-04-22T14:03:23Z;915;;1809
2024-04-22T14:03:27Z;877;;1771
2024-04-22T14:03:30Z;917;;1811
2024-04-22T14:05:29Z;-565;;329
2024-04-22T14:05:31Z;-583;;311
2024-04-22T14:05:35Z;-629;;265
2024-04-22T14:05:40Z;-615;;279
2024-04-22T14:05:41Z;-610;;284
2024-04-22T14:05:42Z;-585;;309
2024-04-22T14:05:46Z;-625;;269
2024-04-22T14:05:58Z;-577;;317
2024-04-22T14:06:02Z;-634;;260
2024-04-22T14:06:10Z;-639;;255
2024-04-22T14:06:15Z;-603;;291
2024-04-22T14:06:17Z;-601;;293
2024-04-22T14:06:20Z;-598;;296
2024-04-22T14:06:21Z;-604;;290
2024-04-22T14:06:22Z;-594;;300
2024-04-22T14:06:24Z;-603;;291
2024-04-22T14:06:29Z;878;;1772
2024-04-22T14:06:38Z;989;;1883
2024-04-22T14:06:39Z;886;;1780
2024-04-22T14:07:01Z;960;;1854
2024-04-22T14:07:05Z;782;;1676
2024-04-22T14:07:40Z;1027;;1921
2024-04-22T14:08:05Z;878;;1772
2024-04-22T14:08:06Z;913;;1807
2024-04-22T14:08:07Z;880;;1774
2024-04-22T14:08:36Z;;900;1780
2024-04-22T14:08:38Z;;896;1776
2024-04-22T14:08:44Z;704;;1600
2024-04-22T14:08:46Z;;902;1606
2024-04-22T14:08:50Z;;892;1596
2024-04-22T14:08:52Z;;901;1605
2024-04-22T14:09:00Z;;896;1600
2024-04-22T14:09:02Z;;905;1609
2024-04-22T14:10:04Z;-515;;390
2024-04-22T14:10:05Z;931;;1836
2024-04-22T14:10:11Z;882;;1787
2024-04-22T14:10:17Z;907;;1812
2024-04-22T14:10:18Z;897;;1802
2024-04-22T14:10:20Z;901;;1806
2024-04-22T14:10:21Z;883;;1788
2024-04-22T14:11:21Z;;1215;2098
2024-04-22T14:11:24Z;;1193;2076
2024-04-22T14:11:25Z;594;;1787
2024-04-22T14:11:26Z;;1237;1831
2024-04-22T14:11:29Z;240;;1477
2024-04-22T14:11:30Z;44;1533;1281
2024-04-22T14:11:32Z;-280;1917;1253
2024-04-22T14:11:34Z;-530;2243;1387
2024-04-22T14:11:36Z;;2434;1904
2024-04-22T14:11:50Z;-601;;1833
2024-04-22T14:11:51Z;;2375;1774
2024-04-22T14:11:53Z;-348;;2027
2024-04-22T14:11:54Z;;2086;1738
2024-04-22T14:11:57Z;25;;2111
2024-04-22T14:11:58Z;;1695;1720
2024-04-22T14:12:00Z;349;;2044
2024-04-22T14:12:01Z;;1445;1794
2024-04-22T14:12:19Z;;1509;1858
2024-04-22T14:12:20Z;266;;1775
2024-04-22T14:12:21Z;;1818;2084
2024-04-22T14:12:24Z;99;2125;2224
2024-04-22T14:12:25Z;-264;;1861
2024-04-22T14:12:28Z;-368;;1757
2024-04-22T14:12:30Z;;2039;1671
2024-04-22T14:12:32Z;-249;2146;1790
2024-04-22T14:12:38Z;;2422;2173
2024-04-22T14:12:44Z;-591;;1831
2024-04-22T14:12:47Z;;2705;2114
2024-04-22T14:12:55Z;-682;2554;2023
2024-04-22T14:12:56Z;-472;;2233
2024-04-22T14:12:57Z;;2259;2329
2024-04-22T14:12:59Z;70;1951;2624
2024-04-22T14:13:01Z;;1789;1859
2024-04-22T14:13:02Z;343;;1781
2024-04-22T14:13:03Z;;1438;1508
2024-04-22T14:13:17Z;;1536;1879
2024-04-22T14:13:19Z;243;;1779
2024-04-22T14:13:20Z;;1834;2077
2024-04-22T14:13:21Z;13;;1847
2024-04-22T14:13:25Z;97;1733;1931
2024-04-22T14:13:29Z;322;;2055
2024-04-22T14:13:31Z;286;;2019
2024-04-22T14:13:32Z;301;;2034
2024-04-22T14:13:34Z;;1491;1792
2024-04-22T14:13:36Z;;1535;1836
2024-04-22T14:13:40Z;223;;1758
2024-04-22T14:13:48Z;;1812;2035
2024-04-22T14:13:50Z;-82;2058;1730
2024-04-22T14:13:54Z;-466;1915;1592
2024-04-22T14:13:56Z;;1686;1220
2024-04-22T14:13:58Z;-185;1478;1501
2024-04-22T14:13:59Z;120;;1598
2024-04-22T14:14:00Z;355;;1833
2024-04-22T14:14:01Z;601;;2079
2024-04-22T14:14:09Z;-930;;548
2024-04-22T14:14:22Z;-887;;591
2024-04-22T14:14:28Z;-919;;559
2024-04-22T14:14:34Z;;1199;280
2024-04-22T14:14:36Z;-866;1209;333
2024-04-22T14:14:42Z;-926;;283
2024-04-22T14:15:00Z;487;;1696
2024-04-22T14:15:07Z;;1287;1774
2024-04-22T14:15:09Z;499;;1786
2024-04-22T14:15:11Z;278;1584;1565
2024-04-22T14:15:13Z;;1907;2185
2024-04-22T14:15:15Z;131;;2038
2024-04-22T14:15:16Z;-274;;1633
2024-04-22T14:15:17Z;;2142;1868
2024-04-22T14:15:21Z;;2431;2157
2024-04-22T14:15:22Z;-689;;1742
2024-04-22T14:15:43Z;-631;;1800
2024-04-22T14:15:45Z;-613;;1818
2024-04-22T14:15:54Z;-583;;1848
2024-04-22T14:15:56Z;-596;;1835
2024-04-22T14:16:00Z;-634;;1797
2024-04-22T14:16:07Z;-589;;1842
2024-04-22T14:16:19Z;-605;;1826
2024-04-22T14:16:21Z;-607;;1824
2024-04-22T14:16:23Z;-602;;1829
2024-04-22T14:16:27Z;-588;;1843
2024-04-22T14:16:28Z;-605;;1826
2024-04-22T14:17:09Z;;2393;1788
2024-04-22T14:17:11Z;;2402;1797
2024-04-22T14:17:14Z;;2397;1792
2024-04-22T14:18:56Z;-314;;2083
2024-04-22T14:19:16Z;-287;;2110
2024-04-22T14:19:17Z;-301;;2096
2024-04-22T14:19:27Z;-284;;2113
2024-04-22T14:19:30Z;-303;;2094
2024-04-22T14:19:39Z;-289;;2108
2024-04-22T14:19:40Z;-301;;2096
2024-04-22T14:19:46Z;-190;;2207
2024-04-22T14:19:51Z;-352;1992;2045
2024-04-22T14:19:53Z;;1757;1405
2024-04-22T14:19:55Z;;1339;987
2024-04-22T14:19:56Z;;1149;797
2024-04-22T14:19:57Z;83;;1232
2024-04-22T14:19:59Z;423;;1572
2024-04-22T14:20:13Z;;1247;1670
2024-04-22T14:20:16Z;254;;1501
2024-04-22T14:20:17Z;;1521;1775
2024-04-22T14:20:20Z;34;;1555
2024-04-22T14:20:23Z;58;;1579
2024-04-22T14:20:26Z;34;;1555
2024-04-22T14:20:31Z;54;;1575
2024-04-22T14:20:33Z;178;;1699
2024-04-22T14:20:37Z;26;;1547
2024-04-22T14:20:38Z;53;;1574
2024-04-22T14:20:40Z;;1785;1838
2024-04-22T14:20:56Z;;2154;2207
2024-04-22T14:20:57Z;-272;;1882
2024-04-22T14:21:02Z;-595;;1559
2024-04-22T14:21:07Z;;2400;1805
2024-04-22T14:21:09Z;;2379;1784
2024-04-22T14:21:11Z;-620;2405;1759
2024-04-22T14:21:13Z;;2390;1770
2024-04-22T14:21:14Z;-364;;2026
2024-04-22T14:21:15Z;;2062;1698
2024-04-22T14:21:17Z;;1679;1315
2024-04-22T14:21:18Z;123;;1802
2024-04-22T14:21:19Z;;1541;1664
2024-04-22T14:21:22Z;312;;1853
2024-04-22T14:21:24Z;286;;1827
2024-04-22T14:21:25Z;316;;1857
2024-04-22T14:21:28Z;;1172;1488
2024-04-22T14:21:36Z;623;;1795
2024-04-22T14:21:37Z;597;;1769
2024-04-22T14:21:40Z;627;;1799
2024-04-22T14:21:51Z;595;;1767
2024-04-22T14:21:53Z;2035;;3207
2024-04-22T14:21:54Z;708;;1880
2024-04-22T14:21:55Z;-750;;422
2024-04-22T14:21:58Z;;1256;506
2024-04-22T14:22:00Z;214;;1470
2024-04-22T14:22:01Z;497;;1753
2024-04-22T14:22:07Z;265;1574;1521
2024-04-22T14:22:11Z;-42;;1532
2024-04-22T14:22:13Z;;1844;1802
2024-04-22T14:22:15Z;-343;2102;1501
2024-04-22T14:22:17Z;;2310;1967
2024-04-22T14:22:19Z;-594;;1716
2024-04-22T14:22:31Z;-1706;;604
2024-04-22T14:22:32Z;;2375;669
2024-04-22T14:22:34Z;-1691;2043;684
2024-04-22T14:22:38Z;-1671;2100;372
2024-04-22T14:22:40Z;;2033;362
2024-04-22T14:22:42Z;;1763;92
2024-04-22T14:22:43Z;187;;1950
2024-04-22T14:22:44Z;302;1493;2065
2024-04-22T14:22:46Z;262;1530;1792
2024-04-22T14:22:50Z;300;;1830
2024-04-22T14:22:51Z;296;;1826
2024-04-22T14:22:58Z;;1808;2104
2024-04-22T14:23:02Z;;1749;2045
2024-04-22T14:23:04Z;;1456;1752
2024-04-22T14:23:05Z;310;;1766
2024-04-22T14:23:07Z;596;;2052
2024-04-22T14:23:09Z;;1183;1779
2024-04-22T14:23:20Z;629;;1812
2024-04-22T14:23:32Z;;1207;1836
2024-04-22T14:23:35Z;599;;1806
2024-04-22T14:23:45Z;;1183;1782
2024-04-22T14:23:46Z;605;;1788
2024-04-22T14:23:52Z;;1203;1808
2024-04-22T14:23:53Z;-844;;359
2024-04-22T14:23:56Z;-923;;280
2024-04-22T14:24:01Z;608;;1811
2024-04-22T14:24:02Z;596;;1799
2024-04-22T14:24:08Z;602;;1805
2024-04-22T14:24:11Z;;1194;1796
2024-04-22T14:24:27Z;654;;1848
2024-04-22T14:24:42Z;749;;1943
2024-04-22T14:25:11Z;;1310;2059
2024-04-22T14:25:12Z;537;;1847
2024-04-22T14:25:14Z;-1037;1640;273
2024-04-22T14:25:15Z;-1204;;436
2024-04-22T14:25:16Z;;1854;650
2024-04-22T14:25:18Z;;2156;952
2024-04-22T14:25:19Z;-1514;;642
2024-04-22T14:25:20Z;-1833;;323
2024-04-22T14:25:22Z;-1785;;371
2024-04-22T14:25:23Z;-255;;1901
2024-04-22T14:25:24Z;;2056;1801
2024-04-22T14:25:33Z;64;1768;1832
2024-04-22T14:25:37Z;308;;2076
2024-04-22T14:25:38Z;257;;2025
2024-04-22T14:25:40Z;345;1463;2113
2024-04-22T14:25:44Z;294;1598;1757
2024-04-22T14:25:45Z;144;;1742
2024-04-22T14:25:46Z;;1918;2062
2024-04-22T14:25:47Z;-295;;1623
2024-04-22T14:25:48Z;;2207;1912
2024-04-22T14:25:54Z;-394;;1813
2024-04-22T14:26:04Z;-385;;1822
2024-04-22T14:26:32Z;-302;;1905
2024-04-22T14:26:37Z;-280;;1927
2024-04-22T14:26:45Z;-269;;1938
2024-04-22T14:26:48Z;;2010;1741
2024-04-22T14:26:50Z;196;1610;2206
2024-04-22T14:26:52Z;;1439;1635
2024-04-22T14:26:55Z;;1537;1733
2024-04-22T14:26:56Z;384;;1921
2024-04-22T14:26:58Z;286;;1823
2024-04-22T14:27:04Z;71;;1608
2024-04-22T14:27:05Z;;1925;1996
2024-04-22T14:27:08Z;;2103;2174
2024-04-22T14:27:11Z;;2098;2169
2024-04-22T14:27:14Z;;2104;2175
2024-04-22T14:27:16Z;;2080;2151
2024-04-22T14:27:18Z;136;1638;2216
2024-04-22T14:27:20Z;;1334;1470
2024-04-22T14:27:21Z;;1050;1186
2024-04-22T14:27:22Z;-1012;;38
2024-04-22T14:27:23Z;-714;;336
2024-04-22T14:27:25Z;898;887;1948
2024-04-22T14:27:26Z;977;;1864
2024-04-22T14:27:45Z;;923;1900
2024-04-22T14:27:47Z;886;;1809
2024-04-22T14:27:50Z;544;1323;1867
2024-04-22T14:27:56Z;449;;1772
2024-04-22T14:28:02Z;;1530;1979
2024-04-22T14:28:05Z;;1482;1931
2024-04-22T14:28:06Z;437;;1919
2024-04-22T14:28:08Z;620;;2102
2024-04-22T14:28:09Z;;1147;1767
2024-04-22T14:28:28Z;576;1250;1723
2024-04-22T14:28:30Z;;1572;2148
2024-04-22T14:28:32Z;279;;1851
2024-04-22T14:28:35Z;339;;1911
2024-04-22T14:28:36Z;;1472;1811
2024-04-22T14:28:38Z;;1555;1894
2024-04-22T14:28:42Z;;1410;1749
2024-04-22T14:28:46Z;;1518;1857
2024-04-22T14:28:47Z;333;;1851
2024-04-22T14:28:48Z;;1438;1771
2024-04-22T14:28:50Z;;1193;1526
2024-04-22T14:28:51Z;702;;1895
2024-04-22T14:28:53Z;;1250;1952
2024-04-22T14:28:54Z;503;;1753
2024-04-22T14:28:56Z;;1556;2059
2024-04-22T14:29:00Z;247;;1803
2024-04-22T14:29:02Z;;1820;2067
2024-04-22T14:29:04Z;-23;;1797
2024-04-22T14:29:06Z;1;;1821
2024-04-22T14:29:08Z;;1643;1644
2024-04-22T14:29:09Z;374;;2017
2024-04-22T14:29:10Z;;1429;1803
2024-04-22T14:29:12Z;;1585;1959
2024-04-22T14:29:13Z;246;;1831
2024-04-22T14:29:15Z;;1804;2050
2024-04-22T14:29:16Z;-1326;;478
2024-04-22T14:29:17Z;;1796;470
2024-04-22T14:29:18Z;-1197;;599
2024-04-22T14:29:21Z;;1462;265
2024-04-22T14:29:26Z;;1576;379
2024-04-22T14:29:28Z;235;;1811
2024-04-22T14:29:30Z;;1832;2067
2024-04-22T14:29:32Z;-16;;1816
2024-04-22T14:29:35Z;-16;;1816
2024-04-22T14:29:40Z;69;;1901
2024-04-22T14:29:41Z;;1676;1745
2024-04-22T14:29:42Z;416;;2092
2024-04-22T14:29:43Z;;1472;1888
2024-04-22T14:29:44Z;645;;2117
2024-04-22T14:29:46Z;555;;2027
2024-04-22T14:29:48Z;;1576;2131
2024-04-22T14:29:49Z;293;;1869
2024-04-22T14:29:52Z;;1847;2140
2024-04-22T14:29:54Z;8;;1855
2024-04-22T14:30:04Z;;1778;1786
2024-04-22T14:30:06Z;-1164;;614
2024-04-22T14:30:07Z;;1886;722
2024-04-22T14:30:08Z;;1473;309
2024-04-22T14:30:09Z;501;;1974
2024-04-22T14:30:12Z;-1353;;120
2024-04-22T14:30:20Z;;1517;164
2024-04-22T14:30:23Z;283;;1800
2024-04-22T14:30:27Z;;1800;2083
2024-04-22T14:30:31Z;;1688;1971
2024-04-22T14:30:34Z;304;;1992
2024-04-22T14:30:35Z;289;;1977
2024-04-22T14:30:36Z;-1164;;524
2024-04-22T14:30:48Z;;1495;331
2024-04-22T14:30:50Z;413;1528;1941
2024-04-22T14:30:57Z;271;;1799
2024-04-22T14:30:59Z;;1815;2086
2024-04-22T14:31:16Z;27;;1842
2024-04-22T14:31:31Z;96;;1911
2024-04-22T14:31:58Z;187;;2002
2024-04-22T14:32:11Z;-1037;;778
2024-04-22T14:32:12Z;106;;1921
2024-04-22T14:32:13Z;;1773;1879
2024-04-22T14:32:19Z;;1829;1935
2024-04-22T14:32:28Z;-2;;1827
2024-04-22T14:32:29Z;29;;1858
2024-04-22T14:32:34Z;;1773;1802
2024-04-22T14:32:39Z;-1158;;615
2024-04-22T14:32:40Z;-1226;;547
2024-04-22T14:32:42Z;-1186;;587
2024-04-22T14:32:49Z;;1472;286
2024-04-22T14:32:52Z;532;;2004
2024-04-22T14:32:53Z;645;;2117
2024-04-22T14:32:54Z;;1114;1759
2024-04-22T14:33:05Z;908;;2022
2024-04-22T14:33:09Z;;893;1801
2024-04-22T14:33:11Z;;917;1825
2024-04-22T14:33:13Z;894;;1811
2024-04-22T14:33:15Z;930;;1847
2024-04-22T14:33:17Z;867;;1784
2024-04-22T14:33:19Z;717;;1634
2024-04-22T14:33:20Z;;1222;1939
2024-04-22T14:33:25Z;-878;;344
2024-04-22T14:33:28Z;-1188;1618;34
2024-04-22T14:33:33Z;91;;1709
2024-04-22T14:33:35Z;;1805;1896
2024-04-22T14:33:54Z;;1791;1882
2024-04-22T14:33:59Z;;1828;1919
2024-04-22T14:34:01Z;31;;1859
2024-04-22T14:34:03Z;;1774;1805
2024-04-22T14:34:06Z;;1807;1838
2024-04-22T14:34:09Z;-1516;;291
2024-04-22T14:34:12Z;-1518;;289
2024-04-22T14:34:14Z;-48;;1759
2024-04-22T14:34:20Z;83;;1890
2024-04-22T14:34:35Z;;1774;1857
2024-04-22T14:34:37Z;321;;2095
2024-04-22T14:34:40Z;365;;2139
2024-04-22T14:34:42Z;-1224;;550
2024-04-22T14:34:43Z;-1237;;537
2024-04-22T14:34:44Z;;1616;379
2024-04-22T14:34:45Z;-874;;742
2024-04-22T14:34:46Z;;1124;250
2024-04-22T14:34:47Z;-483;;641
2024-04-22T14:34:53Z;-316;838;808
2024-04-22T14:34:55Z;1221;;2059
2024-04-22T14:35:19Z;1195;;2033
2024-04-22T14:35:21Z;1243;;2081
2024-04-22T14:35:22Z;-344;;494
2024-04-22T14:35:36Z;1069;;1907
2024-04-22T14:36:04Z;239;;1077
2024-04-22T14:36:06Z;;1756;1995
2024-04-22T14:36:07Z;;1627;1866
2024-04-22T14:36:08Z;;1407;1646
2024-04-22T14:36:09Z;-737;;670
2024-04-22T14:36:10Z;73;1113;1480
2024-04-22T14:36:13Z;;1889;1962
2024-04-22T14:36:14Z;-594;;1295
2024-04-22T14:36:16Z;-1466;;423
2024-04-22T14:36:17Z;744;1178;2633
2024-04-22T14:36:19Z;-1481;;-303
2024-04-22T14:36:23Z;;1168;-313
2024-04-22T14:36:25Z;946;;2114
2024-04-22T14:36:47Z;-462;;706
2024-04-22T14:36:49Z;;889;427
2024-04-22T14:36:52Z;-276;;613
2024-04-22T14:36:53Z;-301;;588
2024-04-22T14:36:56Z;-256;;633
2024-04-22T14:36:57Z;-303;;586
2024-04-22T14:36:58Z;1128;;2017
2024-04-22T14:37:23Z;223;;1112
2024-04-22T14:37:47Z;108;;997
2024-04-22T14:38:03Z;982;;1871
2024-04-22T14:38:19Z;948;;1837
2024-04-22T14:38:24Z;898;900;1787
2024-04-22T14:38:55Z;;886;1784
2024-04-22T14:39:00Z;873;;1759
2024-04-22T14:39:01Z;;906;1779
2024-04-22T14:39:06Z;593;1223;1499
2024-04-22T14:39:09Z;600;;1823
2024-04-22T14:39:10Z;;1167;1767
2024-04-22T14:39:12Z;508;;1675
2024-04-22T14:39:14Z;296;1176;1463
2024-04-22T14:39:17Z;;1514;1810
2024-04-22T14:39:26Z;202;;1716
2024-04-22T14:39:30Z;-1189;;325
2024-04-22T14:39:32Z;-1203;;311
2024-04-22T14:39:33Z;;1478;275
2024-04-22T14:39:39Z;;1511;308
2024-04-22T14:39:41Z;236;;1747
2024-04-22T14:40:03Z;301;;1812
2024-04-22T14:40:08Z;-939;;572
2024-04-22T14:40:14Z;;1516;577
2024-04-22T14:40:19Z;;1478;539
2024-04-22T14:40:22Z;430;;1908
2024-04-22T14:40:31Z;618;1167;2096
2024-04-22T14:40:38Z;907;;2074
2024-04-22T14:40:39Z;839;;2006
2024-04-22T14:40:48Z;;1203;2042
2024-04-22T14:40:49Z;576;;1779
2024-04-22T14:40:51Z;-851;;352
2024-04-22T14:41:01Z;;1513;662
2024-04-22T14:41:03Z;328;1473;1841
2024-04-22T14:41:05Z;;1159;1487
2024-04-22T14:41:06Z;754;;1913
2024-04-22T14:41:15Z;522;1285;1681
2024-04-22T14:41:20Z;662;1117;1947
2024-04-22T14:41:24Z;918;865;2035
2024-04-22T14:41:28Z;927;;1792
2024-04-22T14:41:44Z;997;;1862
2024-04-22T14:42:08Z;2040;;2905
2024-04-22T14:42:10Z;1564;;2429
2024-04-22T14:42:25Z;2914;;3779
2024-04-22T14:42:49Z;1794;;2659
2024-04-22T14:42:50Z;-41;;824
2024-04-22T14:42:51Z;630;;1495
2024-04-22T14:43:05Z;1322;;2187
2024-04-22T14:43:06Z;1979;;2844
2024-04-22T14:43:30Z;676;;1541
2024-04-22T14:43:46Z;1992;;2857
2024-04-22T14:44:11Z;638;;1503
2024-04-22T14:44:15Z;594;;1459
2024-04-22T14:44:18Z;633;;1498
2024-04-22T14:44:27Z;1964;;2829
2024-04-22T14:44:53Z;502;;1367
2024-04-22T14:45:07Z;;833;1348
2024-04-22T14:45:09Z;515;;1380
2024-04-22T14:45:12Z;605;;1438
2024-04-22T14:45:16Z;590;;1423
2024-04-22T14:45:17Z;615;;1448
2024-04-22T14:45:37Z;577;;1410
2024-04-22T14:45:39Z;611;;1444
2024-04-22T14:45:45Z;598;;1431
2024-04-22T14:45:54Z;;914;1512
2024-04-22T14:46:36Z;;896;1494
2024-04-22T14:47:23Z;601;;1497
2024-04-22T14:47:24Z;593;;1489
2024-04-22T14:49:23Z;468;;1364
2024-04-22T14:49:30Z;;925;1393
2024-04-22T14:49:39Z;;895;1363
2024-04-22T14:49:52Z;-636;;259
2024-04-22T14:49:53Z;-269;;626
2024-04-22T14:49:57Z;-301;;594
2024-04-22T14:49:58Z;;913;612
2024-04-22T14:50:00Z;-299;;614
2024-04-22T14:50:02Z;-373;;540
2024-04-22T14:50:03Z;-294;;619
2024-04-22T14:50:11Z;-458;;455
2024-04-22T14:50:12Z;-769;;144
2024-04-22T14:50:14Z;-420;;493
2024-04-22T14:50:20Z;-788;;125
2024-04-22T14:50:22Z;-543;;370
2024-04-22T14:50:23Z;;893;350
2024-04-22T14:50:26Z;-627;;266
2024-04-22T14:50:27Z;-510;;383
2024-04-22T14:50:30Z;-543;;350
2024-04-22T14:50:32Z;-571;;322
2024-04-22T14:50:36Z;-601;;292
2024-04-22T14:50:40Z;-593;;300
2024-04-22T14:50:43Z;-651;;242
2024-04-22T14:50:44Z;-535;;358
2024-04-22T14:50:45Z;-617;;276
2024-04-22T14:50:46Z;;910;293
2024-04-22T14:50:47Z;-692;;218
2024-04-22T14:50:49Z;-792;;118
2024-04-22T14:50:50Z;-580;;330
2024-04-22T14:50:53Z;-672;;238
2024-04-22T14:50:54Z;-559;;351
2024-04-22T14:51:02Z;-533;;377
2024-04-22T14:51:07Z;-944;;-34
2024-04-22T14:51:13Z;;722;-222
2024-04-22T14:51:15Z;;1177;233
2024-04-22T14:51:17Z;;1334;390
2024-04-22T14:51:20Z;-967;1190;367
2024-04-22T14:51:22Z;;1207;240
2024-04-22T14:51:23Z;;1182;215
2024-04-22T14:51:24Z;-1000;;182
2024-04-22T14:51:25Z;-835;;347
2024-04-22T14:51:26Z;-726;;456
2024-04-22T14:51:27Z;;889;163
2024-04-22T14:51:31Z;-597;;292
2024-04-22T14:51:32Z;-601;;288
2024-04-22T14:51:46Z;-597;;292
2024-04-22T14:51:48Z;-627;;262
2024-04-22T14:51:52Z;-598;;291
2024-04-22T14:51:53Z;-610;;279
2024-04-22T14:52:05Z;-595;;294
2024-04-22T14:55:46Z;;601;6
2024-04-22T14:55:48Z;;603;8
2024-04-22T14:55:54Z;;598;3
2024-04-22T15:00:07Z;;481;-114
2024-04-22T15:00:09Z;-324;;157
2024-04-22T15:00:18Z;-303;;178
2024-04-22T15:00:21Z;-299;;182
2024-04-22T15:00:22Z;-302;;179
2024-04-22T15:00:25Z;-294;;187
2024-04-22T15:00:27Z;-353;;128
2024-04-22T15:00:30Z;-294;;187
2024-04-22T15:00:31Z;-300;;181
2024-04-22T15:00:33Z;-295;;186
2024-04-22T15:00:34Z;-300;;181
2024-04-22T15:06:03Z;;176;-124
2024-04-22T15:06:05Z;;388;88
2024-04-22T15:12:24Z;74;;462
2024-04-22T15:12:26Z;-257;;131
2024-04-22T15:12:27Z;-302;;86
2024-04-22T15:13:43Z;-303;;85
2024-04-22T15:13:44Z;-304;;84
2024-04-22T15:13:46Z;-292;;96
2024-04-22T15:13:53Z;-300;;88
2024-04-22T15:13:54Z;-298;;90
2024-04-22T15:13:57Z;-290;;98
2024-04-22T15:14:07Z;-297;;91
2024-04-22T15:14:13Z;-300;;88
2024-04-22T15:14:16Z;-291;;97
2024-04-22T15:14:24Z;-302;;86
2024-04-22T15:14:25Z;-297;;91
2024-04-22T15:14:29Z;-305;;83
2024-04-22T15:14:32Z;-298;;90
2024-04-22T15:14:33Z;-302;;86
2024-04-22T15:14:35Z;-297;;91
2024-04-22T15:14:38Z;-304;;84
2024-04-22T15:14:40Z;-296;;92
2024-04-22T15:15:07Z;;459;163
2024-04-22T15:15:10Z;-303;;156
2024-04-22T15:15:20Z;-313;;146
2024-04-22T15:15:21Z;-298;;161
2024-04-22T15:15:27Z;-303;;156
2024-04-22T15:15:30Z;-296;;163
2024-04-22T15:15:31Z;-304;;155
2024-04-22T15:15:32Z;-313;;146
2024-04-22T15:15:36Z;-303;;156
2024-04-22T15:15:37Z;-283;;176
2024-04-22T15:16:04Z;-320;;139
2024-04-22T15:16:06Z;-297;;162
2024-04-22T15:16:14Z;-302;;157
2024-04-22T15:21:12Z;;256;-46
2024-04-22T15:21:14Z;;325;23
2024-04-22T15:21:20Z;;337;35
2024-04-22T15:21:22Z;;333;31
2024-04-22T15:22:26Z;141;;474
2024-04-22T15:22:34Z;-8;;325
2024-04-22T15:22:36Z;20;;353
2024-04-22T15:22:45Z;0;;333
2024-04-22T15:22:46Z;65;;398
2024-04-22T15:23:24Z;110;;443
2024-04-22T15:23:44Z;48;;381
2024-04-22T15:24:22Z;;298;346
2024-04-22T15:24:24Z;;304;352
2024-04-22T15:24:30Z;;298;346
2024-04-22T15:25:16Z;;302;350
2024-04-22T15:25:18Z;;296;344
2024-04-22T15:25:20Z;;306;354
2024-04-22T15:25:22Z;;299;347
2024-04-22T15:25:24Z;;301;349
2024-04-22T15:25:38Z;;299;347
2024-04-22T15:25:40Z;;307;355
2024-04-22T15:26:02Z;;292;340
2024-04-22T15:26:04Z;;300;348
2024-04-22T15:26:10Z;;296;344
2024-04-22T15:26:14Z;;301;349
2024-04-22T15:29:41Z;;299;347
2024-04-22T15:29:43Z;;307;355
2024-04-22T15:29:46Z;;299;347
2024-04-22T15:29:48Z;;300;348
2024-04-22T15:29:56Z;;297;345
2024-04-22T15:29:58Z;;310;358
2024-04-22T15:30:07Z;;315;363
2024-04-22T15:30:09Z;-190;;125
2024-04-22T15:32:34Z;205;;520
2024-04-22T15:32:35Z;-246;;69
2024-04-22T15:35:32Z;32;;347
2024-04-22T15:42:26Z;;298;330
2024-04-22T15:42:28Z;;306;338
2024-04-22T15:42:32Z;;294;326
2024-04-22T15:42:48Z;;304;336
2024-04-22T15:42:49Z;2060;;2364
2024-04-22T15:42:50Z;10;;314
2024-04-22T15:42:52Z;;293;303
2024-04-22T15:42:53Z;;300;310
2024-04-22T15:42:55Z;;294;304
2024-04-22T15:43:06Z;;300;310
2024-04-22T15:43:08Z;;293;303
2024-04-22T15:43:10Z;55;;348
2024-04-22T15:43:12Z;;301;356
2024-04-22T15:43:13Z;;294;349
2024-04-22T15:43:15Z;;301;356
2024-04-22T15:43:19Z;;293;348
2024-04-22T15:43:21Z;;301;356
2024-04-22T15:43:29Z;;293;348
2024-04-22T15:43:33Z;;300;355
2024-04-22T15:43:41Z;;297;352
2024-04-22T15:43:43Z;;306;361
2024-04-22T15:44:01Z;-46;;260
2024-04-22T15:45:11Z;;320;274
2024-04-22T15:45:14Z;-96;;224
2024-04-22T15:45:25Z;;295;199
2024-04-22T15:45:27Z;;302;206
2024-04-22T15:45:35Z;;297;201
2024-04-22T15:45:37Z;;304;208
2024-04-22T15:45:41Z;;298;202
2024-04-22T15:45:43Z;;305;209
2024-04-22T15:45:45Z;;298;202
2024-04-22T15:45:47Z;;305;209
2024-04-22T15:45:53Z;;297;201
2024-04-22T15:45:55Z;;304;208
2024-04-22T15:46:01Z;;298;202
2024-04-22T15:46:09Z;;298;202
2024-04-22T15:46:11Z;;291;195
2024-04-22T15:46:53Z;2;;293
2024-04-22T15:46:59Z;0;;291
2024-04-22T15:47:01Z;2;;293
2024-04-22T15:52:49Z;;0;2
2024-04-22T15:52:51Z;;155;157
2024-04-22T15:54:24Z;338;;493
2024-04-22T15:54:26Z;286;;441
2024-04-22T15:55:34Z;343;;498
2024-04-22T15:55:36Z;284;;439
2024-04-22T15:56:56Z;-10;;145
2024-04-22T15:57:09Z;3;;158
2024-04-22T15:57:14Z;1;;156
2024-04-22T15:57:27Z;;303;304
2024-04-22T15:57:29Z;;299;300
2024-04-22T15:57:31Z;;306;307
2024-04-22T15:57:35Z;;297;298
2024-04-22T15:57:37Z;;302;303
2024-04-22T15:57:59Z;;299;300
2024-04-22T15:58:01Z;;308;309
2024-04-22T15:58:07Z;;299;300
2024-04-22T15:58:09Z;;306;307
2024-04-22T15:58:15Z;;291;292
2024-04-22T15:58:21Z;;300;301
2024-04-22T15:58:25Z;;293;294
2024-04-22T15:58:27Z;;303;304
2024-04-22T15:58:31Z;;299;300
2024-04-22T15:58:33Z;;300;301
2024-04-22T15:58:46Z;64;;364
2024-04-22T15:58:47Z;58;;358
2024-04-22T16:00:07Z;;499;557
2024-04-22T16:00:09Z;-193;;306
2024-04-22T16:00:16Z;-286;;213
2024-04-22T16:00:20Z;-306;;193
2024-04-22T16:00:25Z;-251;;248
2024-04-22T16:00:28Z;-324;;175
2024-04-22T16:00:32Z;-171;;328
2024-04-22T16:00:34Z;;620;449
2024-04-22T16:01:28Z;;598;427
2024-04-22T16:02:15Z;-297;;301
2024-04-22T16:03:53Z;;298;1
2024-04-22T16:03:57Z;;300;3
2024-04-22T16:04:11Z;-290;;10
2024-04-22T16:04:31Z;-301;;-1
2024-04-22T16:08:19Z;;299;-2
2024-04-22T16:08:21Z;;304;3
2024-04-22T16:08:24Z;;297;-4
2024-04-22T16:08:29Z;;300;-1
2024-04-22T16:08:31Z;;298;-3
2024-04-22T16:08:33Z;;302;1
2024-04-22T16:08:43Z;-283;;19
2024-04-22T16:08:44Z;-302;;0
2024-04-22T16:08:45Z;-298;;4
2024-04-22T16:09:22Z;-281;;21
2024-04-22T16:09:26Z;;292;11
2024-04-22T16:13:36Z;2;;294
2024-04-22T16:13:37Z;-169;;52
2024-04-22T16:13:38Z;;439;158
2024-04-22T16:13:40Z;;221;-60
2024-04-22T16:15:07Z;;187;18
2024-04-22T16:15:09Z;-143;;44
2024-04-22T16:20:10Z;13;;200
2024-04-22T16:20:13Z;7;;194
2024-04-22T16:20:23Z;17;;204
2024-04-22T16:20:29Z;0;;187
2024-04-22T16:20:44Z;4;;191
2024-04-22T16:20:45Z;2;;189
2024-04-22T16:20:55Z;2;;189
2024-04-22T16:20:56Z;2;;189
2024-04-22T16:20:58Z;7;;194
2024-04-22T16:21:00Z;0;;187
2024-04-22T16:21:01Z;4;;191
2024-04-22T16:21:29Z;0;;187
2024-04-22T16:21:30Z;4;;191
2024-04-22T16:21:32Z;0;;187
2024-04-22T16:21:36Z;-127;;60
2024-04-22T16:21:51Z;10;;197
2024-04-22T16:22:07Z;4;;191
2024-04-22T16:25:52Z;45;;232
2024-04-22T16:30:07Z;;151;196
2024-04-22T16:30:09Z;25;;176
2024-04-22T16:33:59Z;-211;;-60
2024-04-22T16:34:00Z;27;;178
2024-04-22T16:38:57Z;20;;171
2024-04-22T16:44:00Z;;0;20
2024-04-22T16:44:02Z;;120;140
2024-04-22T16:45:07Z;;128;148
2024-04-22T16:45:09Z;-91;;37
2024-04-22T16:49:42Z;2120;;2248
2024-04-22T16:49:43Z;77;;205
2024-04-22T16:54:17Z;53;;181
2024-04-22T16:54:19Z;44;;172
2024-04-22T17:00:07Z;;87;131
2024-04-22T17:00:09Z;87;;174
2024-04-22T17:04:35Z;592;0;592
2024-04-22T17:04:36Z;147;;147
2024-04-22T17:04:37Z;;45;192
2024-04-22T17:04:39Z;;0;147
2024-04-22T17:04:41Z;;51;198
2024-04-22T17:15:04Z;175;;226
2024-04-22T17:15:06Z;164;;215
2024-04-22T17:15:07Z;;32;196
2024-04-22T17:15:09Z;175;;207
2024-04-22T17:25:30Z;;0;175
2024-04-22T17:25:32Z;;7;182
2024-04-22T17:25:33Z;;0;175
2024-04-22T17:25:35Z;;18;193
2024-04-22T17:30:07Z;;8;183
2024-04-22T17:30:09Z;42;;50
2024-04-22T17:32:24Z;;0;42
2024-04-22T17:32:26Z;;4;46
2024-04-22T17:33:40Z;;0;42
2024-04-22T17:33:42Z;;2;44
2024-04-22T17:34:42Z;;0;42
2024-04-22T17:34:44Z;;1;43
2024-04-22T17:34:47Z;;0;42
2024-04-22T17:34:48Z;;1;43
2024-04-22T17:34:50Z;;0;42
2024-04-22T17:34:52Z;;1;43
2024-04-22T17:34:54Z;;0;42
2024-04-22T17:34:58Z;;2;44
2024-04-22T17:35:00Z;;0;42
2024-04-22T17:35:04Z;;2;44
2024-04-22T17:35:05Z;;0;42
2024-04-22T17:35:10Z;;2;44
2024-04-22T17:35:12Z;;0;42
2024-04-22T17:35:35Z;62;;62
2024-04-22T17:35:36Z;;415;477
2024-04-22T17:35:37Z;54;;469
2024-04-22T17:35:38Z;;0;54
2024-04-22T17:35:43Z;;10;64
2024-04-22T17:35:44Z;;0;54
2024-04-22T17:35:46Z;;2;56
2024-04-22T17:36:12Z;;2;56
2024-04-22T17:36:15Z;;0;54
2024-04-22T17:36:40Z;;1;55
2024-04-22T17:36:42Z;;0;54
2024-04-22T17:36:46Z;;1;55
2024-04-22T17:36:48Z;;0;54
2024-04-22T17:36:52Z;;1;55
2024-04-22T17:36:54Z;;0;54
2024-04-22T17:36:58Z;;4;58
2024-04-22T17:37:00Z;;0;54
2024-04-22T17:37:40Z;;2;56
2024-04-22T17:37:42Z;;0;54
2024-04-22T17:37:46Z;;1;55
2024-04-22T17:37:47Z;;0;54
2024-04-22T17:37:52Z;;1;55
2024-04-22T17:37:54Z;;0;54
2024-04-22T17:37:58Z;;1;55
2024-04-22T17:38:00Z;;0;54
2024-04-22T17:38:40Z;;1;55
2024-04-22T17:38:42Z;;0;54
2024-04-22T17:38:46Z;;1;55
2024-04-22T17:38:48Z;;0;54
2024-04-22T17:38:52Z;;1;55
2024-04-22T17:38:54Z;;0;54
2024-04-22T17:38:58Z;;1;55
2024-04-22T17:39:00Z;;0;54
2024-04-22T17:45:07Z;;0;54
2024-04-22T17:45:09Z;60;;60
2024-04-22T17:57:52Z;1704;;1704
2024-04-22T17:57:53Z;204;;204
2024-04-22T18:00:07Z;;0;204
2024-04-22T18:00:11Z;168;;168
2024-04-22T18:15:07Z;;0;168
2024-04-22T18:15:09Z;165;;165
2024-04-22T18:30:07Z;;0;165
2024-04-22T18:30:09Z;67;;67
2024-04-22T18:45:07Z;;0;67
2024-04-22T18:45:09Z;68;;68
2024-04-22T18:55:44Z;362;;362
2024-04-22T18:55:47Z;277;;277
2024-04-22T18:56:32Z;319;;319
2024-04-22T18:56:34Z;279;;279
2024-04-22T19:00:07Z;;0;279
2024-04-22T19:00:09Z;100;;100
2024-04-22T19:07:22Z;502;;502
2024-04-22T19:07:23Z;1717;;1717
2024-04-22T19:07:50Z;93;;93
2024-04-22T19:12:41Z;1608;;1608
2024-04-22T19:12:42Z;367;;367
2024-04-22T19:15:07Z;;0;367
2024-04-22T19:15:09Z;328;;328
2024-04-22T19:27:59Z;298;;298
2024-04-22T19:28:01Z;305;;305
2024-04-22T19:28:04Z;295;;295
2024-04-22T19:28:06Z;308;;308
2024-04-22T19:30:07Z;;0;308
2024-04-22T19:30:08Z;320;;320
2024-04-22T19:32:50Z;219;;219
2024-04-22T19:45:07Z;;0;219
2024-04-22T19:45:08Z;218;;218
2024-04-22T19:46:57Z;333;;333
2024-04-22T19:47:06Z;202;;202
2024-04-22T19:51:54Z;359;;359
2024-04-22T19:52:01Z;224;;224
2024-04-22T20:00:07Z;;0;224
2024-04-22T20:00:08Z;213;;213
2024-04-22T20:15:07Z;;0;213
2024-04-22T20:15:09Z;208;;208
2024-04-22T20:16:58Z;1505;;1505
2024-04-22T20:16:59Z;319;;319
2024-04-22T20:17:00Z;296;;296
2024-04-22T20:17:01Z;325;;325
2024-04-22T20:17:11Z;288;;288
2024-04-22T20:17:12Z;348;;348
2024-04-22T20:17:14Z;288;;288
2024-04-22T20:17:15Z;348;;348
2024-04-22T20:17:25Z;287;;287
2024-04-22T20:17:27Z;342;;342
2024-04-22T20:18:05Z;288;;288
2024-04-22T20:18:06Z;302;;302
2024-04-22T20:18:10Z;298;;298
2024-04-22T20:18:11Z;307;;307
2024-04-22T20:18:32Z;299;;299
2024-04-22T20:18:33Z;306;;306
2024-04-22T20:19:07Z;299;;299
2024-04-22T20:19:08Z;304;;304
2024-04-22T20:19:28Z;289;;289
2024-04-22T20:19:30Z;321;;321
2024-04-22T20:30:07Z;;0;321
2024-04-22T20:30:09Z;327;;327
2024-04-22T20:31:07Z;292;;292
2024-04-22T20:31:11Z;335;;335
2024-04-22T20:31:45Z;297;;297
2024-04-22T20:31:46Z;339;;339
2024-04-22T20:35:26Z;226;;226
2024-04-22T20:45:07Z;;0;226
2024-04-22T20:45:10Z;194;;194
2024-04-22T20:53:25Z;347;;347
2024-04-22T20:53:30Z;204;;204
2024-04-22T20:56:44Z;337;;337
2024-04-22T21:00:07Z;;0;337
2024-04-22T21:00:09Z;399;;399
2024-04-22T21:07:35Z;250;;250
2024-04-22T21:15:07Z;;0;250
2024-04-22T21:15:10Z;236;;236
2024-04-22T21:30:07Z;;0;236
2024-04-22T21:30:09Z;246;;246
2024-04-22T21:30:19Z;1696;;1696
2024-04-22T21:30:20Z;376;;376
2024-04-22T21:35:26Z;289;;289
2024-04-22T21:35:27Z;334;;334
2024-04-22T21:39:36Z;298;;298
2024-04-22T21:39:38Z;350;;350
2024-04-22T21:39:46Z;292;;292
2024-04-22T21:39:47Z;302;;302
2024-04-22T21:40:18Z;287;;287
2024-04-22T21:40:19Z;335;;335
2024-04-22T21:40:46Z;297;;297
2024-04-22T21:40:47Z;356;;356
2024-04-22T21:42:31Z;286;;286
2024-04-22T21:42:32Z;324;;324
2024-04-22T21:43:38Z;282;;282
2024-04-22T21:43:40Z;359;;359
2024-04-22T21:45:06Z;282;;282
2024-04-22T21:45:09Z;308;0;282
2024-04-22T21:45:11Z;300;;300
2024-04-22T21:45:13Z;299;;299
2024-04-22T21:45:14Z;300;;300
2024-04-22T21:45:15Z;296;;296
2024-04-22T21:45:20Z;324;;324
2024-04-22T21:50:29Z;229;;229
2024-04-22T22:00:06Z;;0;229
2024-04-22T22:00:09Z;240;;240
2024-04-22T22:15:07Z;;0;240
2024-04-22T22:15:09Z;212;;212
2024-04-22T22:30:07Z;;0;212
2024-04-22T22:30:09Z;233;;233
2024-04-22T22:45:07Z;;0;233
2024-04-22T22:45:09Z;210;;210
2024-04-22T22:47:55Z;380;;380
2024-04-22T22:54:37Z;293;;293
2024-04-22T22:54:38Z;305;;305
2024-04-22T22:54:57Z;283;;283
2024-04-22T22:54:59Z;318;;318
2024-04-22T23:00:06Z;;0;318
2024-04-22T23:00:09Z;325;;325
2024-04-22T23:03:48Z;272;;272
2024-04-22T23:03:50Z;340;;340
2024-04-22T23:08:09Z;209;;209
2024-04-22T23:15:06Z;;0;209
2024-04-22T23:15:09Z;227;;227
2024-04-22T23:30:06Z;;0;227
2024-04-22T23:30:09Z;220;;220
2024-04-22T23:45:06Z;;0;220
2024-04-22T23:45:09Z;89;;89