timestamp;P_ex;P_pr;P_load
2024-06-13T00:00:06Z;;0;56
2024-06-13T00:00:07Z;56;;56
2024-06-13T00:15:06Z;;0;56
2024-06-13T00:15:07Z;54;;54
2024-06-13T00:25:35Z;360;;360
2024-06-13T00:25:36Z;186;;186
2024-06-13T00:30:06Z;;0;186
2024-06-13T00:30:07Z;174;;174
2024-06-13T00:45:06Z;;0;174
2024-06-13T00:45:07Z;54;;54
2024-06-13T01:00:06Z;;0;54
2024-06-13T01:00:07Z;55;;55
2024-06-13T01:15:06Z;;0;55
2024-06-13T01:15:07Z;54;;54
2024-06-13T01:26:25Z;939;;939
2024-06-13T01:26:26Z;190;;190
2024-06-13T01:30:06Z;;0;190
2024-06-13T01:30:07Z;173;;173
2024-06-13T01:45:06Z;;0;173
2024-06-13T01:45:07Z;54;;54
2024-06-13T02:00:06Z;;0;54
2024-06-13T02:00:07Z;84;;84
2024-06-13T02:15:06Z;;0;84
2024-06-13T02:15:07Z;55;;55
2024-06-13T02:27:12Z;2247;;2247
2024-06-13T02:27:13Z;215;;215
2024-06-13T02:30:06Z;;0;215
2024-06-13T02:30:07Z;173;;173
2024-06-13T02:45:06Z;;0;173
2024-06-13T02:45:07Z;54;;54
2024-06-13T03:00:06Z;;0;54
2024-06-13T03:00:07Z;54;;54
2024-06-13T03:15:06Z;;0;54
2024-06-13T03:15:07Z;54;;54
2024-06-13T03:29:42Z;1563;;1563
2024-06-13T03:29:43Z;197;;197
2024-06-13T03:30:06Z;;0;197
2024-06-13T03:30:07Z;176;;176
2024-06-13T03:30:14Z;;2;178
2024-06-13T03:30:16Z;;0;176
2024-06-13T03:31:00Z;;1;177
2024-06-13T03:31:01Z;;0;176
2024-06-13T03:31:03Z;;1;177
2024-06-13T03:31:06Z;;0;176
2024-06-13T03:31:07Z;;1;177
2024-06-13T03:45:06Z;;77;253
2024-06-13T03:45:09Z;90;;167
2024-06-13T03:46:14Z;;0;90
2024-06-13T03:46:16Z;87;;87
2024-06-13T03:46:18Z;68;86;154
2024-06-13T03:46:20Z;;97;165
2024-06-13T03:46:22Z;;97;165
2024-06-13T03:46:43Z;65;;162
2024-06-13T03:56:20Z;328;;425
2024-06-13T04:00:05Z;;199;527
2024-06-13T04:00:07Z;-158;;41
2024-06-13T04:10:19Z;;301;143
2024-06-13T04:10:21Z;;296;138
2024-06-13T04:10:30Z;;300;142
2024-06-13T04:10:32Z;;293;135
2024-06-13T04:10:34Z;;301;143
2024-06-13T04:10:35Z;;294;136
2024-06-13T04:10:37Z;;303;145
2024-06-13T04:10:39Z;;296;138
2024-06-13T04:10:41Z;;305;147
2024-06-13T04:10:43Z;;297;139
2024-06-13T04:10:45Z;;306;148
2024-06-13T04:10:51Z;;299;141
2024-06-13T04:10:53Z;;300;142
2024-06-13T04:11:21Z;;252;94
2024-06-13T04:11:28Z;;300;142
2024-06-13T04:11:29Z;;299;141
2024-06-13T04:15:06Z;;109;-49
2024-06-13T04:15:07Z;-58;;51
2024-06-13T04:26:46Z;;312;254
2024-06-13T04:26:48Z;;122;64
2024-06-13T04:30:06Z;;131;73
2024-06-13T04:30:07Z;-81;;50
2024-06-13T04:31:21Z;130;;261
2024-06-13T04:43:53Z;0;;131
2024-06-13T04:43:54Z;3;;134
2024-06-13T04:44:40Z;1;;132
2024-06-13T04:44:42Z;1;;132
2024-06-13T04:44:46Z;1;;132
2024-06-13T04:44:48Z;1;;132
2024-06-13T04:44:52Z;1;;132
2024-06-13T04:44:54Z;1;;132
2024-06-13T04:44:58Z;1;;132
2024-06-13T04:45:00Z;2;;133
2024-06-13T04:45:04Z;0;;131
2024-06-13T04:45:05Z;;168;168
2024-06-13T04:45:07Z;9;;177
2024-06-13T04:45:10Z;2;;170
2024-06-13T04:45:15Z;-1;;167
2024-06-13T04:45:16Z;-1;;167
2024-06-13T04:45:19Z;-1;;167
2024-06-13T04:57:58Z;-143;;25
2024-06-13T04:57:59Z;-397;;-229
2024-06-13T05:00:05Z;;223;-174
2024-06-13T05:00:09Z;-179;;-11
2024-06-13T05:05:43Z;;300;121
2024-06-13T05:05:45Z;;293;114
2024-06-13T05:05:47Z;;300;121
2024-06-13T05:05:48Z;;293;114
2024-06-13T05:05:56Z;;302;123
2024-06-13T05:05:58Z;;295;116
2024-06-13T05:06:00Z;;296;117
2024-06-13T05:06:02Z;;296;117
2024-06-13T05:06:04Z;;303;124
2024-06-13T05:06:06Z;;297;118
2024-06-13T05:06:08Z;;304;125
2024-06-13T05:06:10Z;;297;118
2024-06-13T05:06:12Z;;300;121
2024-06-13T05:06:14Z;;298;119
2024-06-13T05:06:17Z;;305;126
2024-06-13T05:06:18Z;;298;119
2024-06-13T05:06:24Z;;299;120
2024-06-13T05:06:34Z;;291;112
2024-06-13T05:06:36Z;;301;122
2024-06-13T05:06:52Z;;295;116
2024-06-13T05:06:54Z;;304;125
2024-06-13T05:07:06Z;;297;118
2024-06-13T05:07:08Z;;306;127
2024-06-13T05:07:16Z;;297;118
2024-06-13T05:07:18Z;;307;128
2024-06-13T05:07:34Z;;299;120
2024-06-13T05:07:36Z;;300;121
2024-06-13T05:08:02Z;;297;118
2024-06-13T05:08:04Z;;580;401
2024-06-13T05:09:44Z;;302;123
2024-06-13T05:09:46Z;;310;131
2024-06-13T05:10:33Z;;296;117
2024-06-13T05:10:35Z;;309;130
2024-06-13T05:10:39Z;;296;117
2024-06-13T05:10:41Z;;294;115
2024-06-13T05:11:12Z;;109;-70
2024-06-13T05:11:14Z;;312;133
2024-06-13T05:12:21Z;;296;117
2024-06-13T05:12:23Z;;304;125
2024-06-13T05:12:56Z;;287;108
2024-06-13T05:12:58Z;;308;129
2024-06-13T05:14:17Z;;297;118
2024-06-13T05:14:19Z;;305;126
2024-06-13T05:14:25Z;;297;118
2024-06-13T05:14:27Z;;305;126
2024-06-13T05:15:05Z;;314;135
2024-06-13T05:15:07Z;-259;;55
2024-06-13T05:15:17Z;;297;38
2024-06-13T05:15:19Z;;305;46
2024-06-13T05:18:07Z;;78;-181
2024-06-13T05:18:09Z;-226;;-148
2024-06-13T05:18:10Z;-570;;-492
2024-06-13T05:18:12Z;;316;-254
2024-06-13T05:18:13Z;;161;-409
2024-06-13T05:18:15Z;;335;-235
2024-06-13T05:20:29Z;1752;;2087
2024-06-13T05:22:25Z;-268;;67
2024-06-13T05:26:10Z;;168;-100
2024-06-13T05:26:12Z;;344;76
2024-06-13T05:28:13Z;;662;394
2024-06-13T05:28:15Z;;331;63
2024-06-13T05:29:49Z;748;;1079
2024-06-13T05:29:50Z;-90;;241
2024-06-13T05:30:05Z;;316;226
2024-06-13T05:30:09Z;-119;;197
2024-06-13T05:34:07Z;;305;186
2024-06-13T05:34:08Z;;302;183
2024-06-13T05:34:17Z;;299;180
2024-06-13T05:34:19Z;;300;181
2024-06-13T05:34:23Z;;298;179
2024-06-13T05:34:25Z;;303;184
2024-06-13T05:34:28Z;;288;169
2024-06-13T05:34:49Z;;301;182
2024-06-13T05:34:51Z;;298;179
2024-06-13T05:34:59Z;;301;182
2024-06-13T05:35:01Z;;298;179
2024-06-13T05:35:03Z;;301;182
2024-06-13T05:35:05Z;;297;178
2024-06-13T05:35:07Z;;302;183
2024-06-13T05:35:08Z;;292;173
2024-06-13T05:35:11Z;;300;181
2024-06-13T05:35:13Z;;299;180
2024-06-13T05:35:17Z;;300;181
2024-06-13T05:35:21Z;;298;179
2024-06-13T05:35:29Z;;304;185
2024-06-13T05:35:31Z;;297;178
2024-06-13T05:35:38Z;;297;178
2024-06-13T05:35:41Z;;295;176
2024-06-13T05:35:49Z;;301;182
2024-06-13T05:35:51Z;;299;180
2024-06-13T05:37:54Z;59;;358
2024-06-13T05:38:00Z;-80;;219
2024-06-13T05:42:23Z;123;;422
2024-06-13T05:42:24Z;1547;;1846
2024-06-13T05:42:37Z;-52;;247
2024-06-13T05:42:51Z;93;;392
2024-06-13T05:42:53Z;1531;;1830
2024-06-13T05:43:06Z;1525;;1824
2024-06-13T05:43:21Z;88;;387
2024-06-13T05:43:23Z;1508;;1807
2024-06-13T05:43:37Z;-58;;241
2024-06-13T05:43:51Z;79;;378
2024-06-13T05:43:53Z;1495;;1794
2024-06-13T05:43:54Z;1515;;1814
2024-06-13T05:44:06Z;1512;;1811
2024-06-13T05:45:05Z;;287;1799
2024-06-13T05:45:07Z;-106;;181
2024-06-13T05:45:50Z;;300;194
2024-06-13T05:45:52Z;;296;190
2024-06-13T05:46:04Z;;301;195
2024-06-13T05:46:06Z;;303;197
2024-06-13T05:46:14Z;;302;196
2024-06-13T05:46:16Z;;296;190
2024-06-13T05:46:25Z;;298;192
2024-06-13T05:46:28Z;;299;193
2024-06-13T05:46:36Z;;306;200
2024-06-13T05:46:38Z;;299;193
2024-06-13T05:46:42Z;;300;194
2024-06-13T05:46:50Z;;293;187
2024-06-13T05:46:52Z;;301;195
2024-06-13T05:46:55Z;;298;192
2024-06-13T05:46:57Z;;300;194
2024-06-13T05:47:02Z;;294;188
2024-06-13T05:47:04Z;;303;197
2024-06-13T05:47:12Z;;296;190
2024-06-13T05:47:14Z;;304;198
2024-06-13T05:47:22Z;;297;191
2024-06-13T05:47:24Z;;305;199
2024-06-13T05:47:32Z;;298;192
2024-06-13T05:47:34Z;;298;192
2024-06-13T05:47:42Z;;299;193
2024-06-13T05:47:44Z;;308;202
2024-06-13T05:50:03Z;61;;369
2024-06-13T05:50:06Z;1474;;1782
2024-06-13T05:51:13Z;-142;;166
2024-06-13T06:00:05Z;;336;194
2024-06-13T06:00:07Z;-285;;51
2024-06-13T06:01:25Z;-297;;39
2024-06-13T06:01:42Z;-312;;24
2024-06-13T06:01:45Z;-195;;141
2024-06-13T06:05:19Z;;600;405
2024-06-13T06:05:21Z;;596;401
2024-06-13T06:05:29Z;;603;408
2024-06-13T06:05:52Z;;597;402
2024-06-13T06:07:47Z;;604;409
2024-06-13T06:07:51Z;-609;;-5
2024-06-13T06:07:57Z;;904;709
2024-06-13T06:07:59Z;-1008;;-104
2024-06-13T06:08:00Z;;1259;251
2024-06-13T06:08:01Z;-1259;;0
2024-06-13T06:08:08Z;;1502;243
2024-06-13T06:08:10Z;-1578;;-319
2024-06-13T06:08:13Z;;1801;223
2024-06-13T06:08:19Z;-1804;;-3
2024-06-13T06:08:23Z;-1791;;10
2024-06-13T06:08:25Z;-1806;;-5
2024-06-13T06:08:44Z;-1796;;5
2024-06-13T06:08:48Z;-1805;;-4
2024-06-13T06:08:52Z;-1808;;-7
2024-06-13T06:08:56Z;;1795;-13
2024-06-13T06:09:00Z;;1814;6
2024-06-13T06:09:02Z;-1796;;-1
2024-06-13T06:10:00Z;-1755;;59
2024-06-13T06:10:01Z;;1769;14
2024-06-13T06:10:04Z;;1826;71
2024-06-13T06:10:06Z;-1851;;-25
2024-06-13T06:10:32Z;-1817;;9
2024-06-13T06:10:33Z;;1739;-78
2024-06-13T06:10:36Z;-1399;;340
2024-06-13T06:10:37Z;;1424;25
2024-06-13T06:10:40Z;;1579;180
2024-06-13T06:10:41Z;-1575;;-151
2024-06-13T06:10:43Z;-1803;;-224
2024-06-13T06:10:44Z;;1824;21
2024-06-13T06:11:29Z;-1752;;72
2024-06-13T06:11:30Z;;1752;195
2024-06-13T06:11:32Z;-1557;;267
2024-06-13T06:11:33Z;;1475;-82
2024-06-13T06:11:34Z;-1337;;138
2024-06-13T06:11:37Z;-912;;563
2024-06-13T06:11:39Z;;1186;542
2024-06-13T06:11:40Z;-644;;831
2024-06-13T06:11:43Z;;806;162
2024-06-13T06:11:44Z;;598;-46
2024-06-13T06:11:49Z;;608;-36
2024-06-13T06:11:50Z;-586;;22
2024-06-13T06:11:51Z;-723;;-115
2024-06-13T06:11:52Z;;1078;355
2024-06-13T06:11:53Z;-1143;;-65
2024-06-13T06:11:54Z;-1347;;-269
2024-06-13T06:11:56Z;-1773;;-695
2024-06-13T06:11:57Z;;1558;-215
2024-06-13T06:11:58Z;-1785;1952;-227
2024-06-13T06:12:00Z;;1762;-23
2024-06-13T06:12:02Z;-1526;;236
2024-06-13T06:12:04Z;;1489;-37
2024-06-13T06:12:08Z;-1208;;281
2024-06-13T06:12:13Z;-1208;;281
2024-06-13T06:12:16Z;-1233;;256
2024-06-13T06:12:18Z;;1180;-53
2024-06-13T06:12:22Z;-886;;294
2024-06-13T06:12:23Z;;876;-10
2024-06-13T06:12:26Z;;936;-297
2024-06-13T06:12:29Z;-896;;40
2024-06-13T06:12:38Z;-1156;;-220
2024-06-13T06:12:39Z;;1301;145
2024-06-13T06:12:41Z;-1501;;-200
2024-06-13T06:12:43Z;;1530;29
2024-06-13T06:12:44Z;-1834;;-304
2024-06-13T06:12:47Z;;1901;67
2024-06-13T06:12:53Z;-1793;;108
2024-06-13T06:12:55Z;;1742;-51
2024-06-13T06:13:00Z;-1511;;231
2024-06-13T06:13:03Z;;1474;-37
2024-06-13T06:13:05Z;-1266;;208
2024-06-13T06:13:08Z;;1184;-82
2024-06-13T06:13:10Z;-1141;;43
2024-06-13T06:13:11Z;;1203;62
2024-06-13T06:13:13Z;-1548;1574;433
2024-06-13T06:13:15Z;-1776;;-573
2024-06-13T06:13:16Z;;1829;53
2024-06-13T06:13:29Z;-1799;;30
2024-06-13T06:13:31Z;;1779;-20
2024-06-13T06:13:35Z;;1871;72
2024-06-13T06:13:37Z;-1850;;21
2024-06-13T06:13:43Z;-1829;;42
2024-06-13T06:13:51Z;-1776;;95
2024-06-13T06:15:05Z;;1980;204
2024-06-13T06:15:07Z;-1919;;61
2024-06-13T06:15:56Z;-1759;;221
2024-06-13T06:15:57Z;;1784;25
2024-06-13T06:16:02Z;;1839;80
2024-06-13T06:16:03Z;-1800;;39
2024-06-13T06:18:51Z;-1588;;251
2024-06-13T06:18:53Z;-1844;;-5
2024-06-13T06:19:15Z;-1770;;69
2024-06-13T06:19:16Z;-1814;;25
2024-06-13T06:19:17Z;-1630;;209
2024-06-13T06:19:23Z;-1817;;22
2024-06-13T06:19:28Z;-1817;;22
2024-06-13T06:19:30Z;-1795;;44
2024-06-13T06:19:34Z;-1817;;22
2024-06-13T06:19:36Z;-1865;;-26
2024-06-13T06:20:12Z;-1594;;245
2024-06-13T06:20:14Z;-1862;;-23
2024-06-13T06:20:17Z;-1584;;255
2024-06-13T06:20:36Z;-1643;;196
2024-06-13T06:21:15Z;-1853;;-14
2024-06-13T06:21:34Z;-1619;;220
2024-06-13T06:22:42Z;-1583;;256
2024-06-13T06:25:31Z;-1800;;39
2024-06-13T06:25:33Z;-1797;;42
2024-06-13T06:25:35Z;-1801;;38
2024-06-13T06:25:37Z;-1795;;44
2024-06-13T06:25:39Z;-1800;;39
2024-06-13T06:25:45Z;-1798;;41
2024-06-13T06:25:51Z;-1802;;37
2024-06-13T06:25:53Z;-1801;;38
2024-06-13T06:25:55Z;-1807;;32
2024-06-13T06:26:44Z;-1795;;44
2024-06-13T06:26:45Z;-1805;;34
2024-06-13T06:26:59Z;-1779;;60
2024-06-13T06:27:12Z;;1773;-6
2024-06-13T06:27:14Z;-1495;;278
2024-06-13T06:27:16Z;;1462;-33
2024-06-13T06:27:17Z;-1219;;243
2024-06-13T06:27:19Z;;1117;-102
2024-06-13T06:27:20Z;-889;;228
2024-06-13T06:28:03Z;-887;;230
2024-06-13T06:28:04Z;-906;;211
2024-06-13T06:28:13Z;-865;;252
2024-06-13T06:28:26Z;;1206;341
2024-06-13T06:28:36Z;;1178;313
2024-06-13T06:28:40Z;;1212;347
2024-06-13T06:28:43Z;;1189;324
2024-06-13T06:28:51Z;-913;;276
2024-06-13T06:28:57Z;-916;;273
2024-06-13T06:29:08Z;-884;;305
2024-06-13T06:29:10Z;;891;7
2024-06-13T06:29:16Z;-610;;281
2024-06-13T06:29:44Z;-597;;294
2024-06-13T06:29:49Z;;912;315
2024-06-13T06:30:05Z;;931;334
2024-06-13T06:30:07Z;-748;;183
2024-06-13T06:30:17Z;;887;139
2024-06-13T06:30:34Z;;914;166
2024-06-13T06:30:43Z;-931;;-17
2024-06-13T06:30:44Z;;1210;279
2024-06-13T06:30:47Z;-1266;;-56
2024-06-13T06:30:48Z;;1607;341
2024-06-13T06:30:50Z;-1521;;86
2024-06-13T06:30:52Z;;1815;294
2024-06-13T06:31:00Z;;1797;276
2024-06-13T06:31:02Z;-1485;;312
2024-06-13T06:31:04Z;;1420;-65
2024-06-13T06:31:06Z;-1096;;324
2024-06-13T06:31:08Z;;1177;81
2024-06-13T06:31:14Z;;1243;147
2024-06-13T06:31:17Z;-1222;;21
2024-06-13T06:31:18Z;;1582;360
2024-06-13T06:31:20Z;-1510;;72
2024-06-13T06:31:22Z;-1475;;107
2024-06-13T06:31:24Z;;1468;-7
2024-06-13T06:31:25Z;-1263;;205
2024-06-13T06:31:33Z;-1190;;278
2024-06-13T06:31:39Z;;1504;314
2024-06-13T06:31:48Z;-1537;;-33
2024-06-13T06:31:49Z;;1824;287
2024-06-13T06:31:53Z;-1609;;215
2024-06-13T06:31:54Z;;1737;128
2024-06-13T06:31:58Z;-1433;;304
2024-06-13T06:32:00Z;;1807;374
2024-06-13T06:32:06Z;-1824;;-17
2024-06-13T06:32:07Z;;2103;279
2024-06-13T06:32:14Z;;2097;273
2024-06-13T06:32:20Z;;2132;308
2024-06-13T06:32:32Z;-2105;;27
2024-06-13T06:32:33Z;-2097;;35
2024-06-13T06:32:43Z;;2073;-24
2024-06-13T06:32:46Z;-1832;1675;241
2024-06-13T06:32:50Z;-1574;;101
2024-06-13T06:32:51Z;-1504;;171
2024-06-13T06:32:53Z;;1913;409
2024-06-13T06:32:55Z;-1901;;12
2024-06-13T06:32:56Z;;2150;249
2024-06-13T06:32:59Z;-2125;;25
2024-06-13T06:33:02Z;-2084;;66
2024-06-13T06:33:09Z;-2103;;47
2024-06-13T06:33:11Z;-2107;;43
2024-06-13T06:33:14Z;-1895;;255
2024-06-13T06:33:15Z;;1965;70
2024-06-13T06:33:16Z;-1363;;602
2024-06-13T06:33:17Z;-1095;;870
2024-06-13T06:33:18Z;;1673;578
2024-06-13T06:33:20Z;;1390;295
2024-06-13T06:33:21Z;;1133;38
2024-06-13T06:33:23Z;;857;-238
2024-06-13T06:33:27Z;;939;-156
2024-06-13T06:33:29Z;-972;;-33
2024-06-13T06:33:30Z;-1152;1247;-213
2024-06-13T06:33:32Z;;1597;445
2024-06-13T06:33:35Z;;1482;330
2024-06-13T06:33:36Z;-1227;;255
2024-06-13T06:33:38Z;-914;1132;568
2024-06-13T06:33:49Z;;899;-15
2024-06-13T06:33:51Z;;908;-6
2024-06-13T06:33:56Z;;894;-20
2024-06-13T06:34:19Z;-597;;297
2024-06-13T06:35:16Z;-528;;366
2024-06-13T06:35:17Z;-89;;805
2024-06-13T06:37:21Z;-588;;306
2024-06-13T06:37:25Z;;948;360
2024-06-13T06:37:37Z;-843;;105
2024-06-13T06:37:40Z;;1295;452
2024-06-13T06:37:41Z;-1179;;116
2024-06-13T06:37:43Z;-1430;;-135
2024-06-13T06:37:44Z;;1541;111
2024-06-13T06:37:46Z;-1809;1829;-268
2024-06-13T06:37:49Z;;2134;325
2024-06-13T06:37:56Z;;2048;239
2024-06-13T06:37:57Z;-1831;;217
2024-06-13T06:38:03Z;-1832;;216
2024-06-13T06:38:04Z;;2124;292
2024-06-13T06:38:09Z;;2079;247
2024-06-13T06:38:11Z;-1650;;429
2024-06-13T06:38:12Z;-1446;;633
2024-06-13T06:38:14Z;-1006;1734;288
2024-06-13T06:38:15Z;-812;1063;922
2024-06-13T06:38:17Z;;872;60
2024-06-13T06:38:19Z;-554;;318
2024-06-13T06:38:42Z;-611;;261
2024-06-13T06:38:43Z;;908;297
2024-06-13T06:38:57Z;-880;;28
2024-06-13T06:39:00Z;-908;;0
2024-06-13T06:39:05Z;;889;-19
2024-06-13T06:39:16Z;;927;19
2024-06-13T06:39:19Z;-859;;68
2024-06-13T06:39:31Z;-901;;26
2024-06-13T06:39:32Z;;862;-39
2024-06-13T06:39:42Z;-835;;27
2024-06-13T06:39:43Z;;932;97
2024-06-13T06:39:44Z;-1064;;-132
2024-06-13T06:39:45Z;;1187;123
2024-06-13T06:39:49Z;;1538;474
2024-06-13T06:39:50Z;-1488;;50
2024-06-13T06:39:59Z;-1479;;59
2024-06-13T06:40:02Z;;1483;4
2024-06-13T06:40:07Z;;1521;42
2024-06-13T06:40:09Z;-1540;;-19
2024-06-13T06:40:32Z;-1505;;16
2024-06-13T06:40:33Z;;1446;-59
2024-06-13T06:40:35Z;-1262;;184
2024-06-13T06:40:37Z;;1162;-100
2024-06-13T06:40:41Z;-1148;;14
2024-06-13T06:40:42Z;;1233;85
2024-06-13T06:40:45Z;;1524;376
2024-06-13T06:40:49Z;;1462;314
2024-06-13T06:40:59Z;;1490;342
2024-06-13T06:41:01Z;-1507;;-17
2024-06-13T06:41:05Z;;1798;291
2024-06-13T06:41:06Z;-1786;;12
2024-06-13T06:41:09Z;;2141;355
2024-06-13T06:41:23Z;;2011;225
2024-06-13T06:41:34Z;;2115;329
2024-06-13T06:41:37Z;;2090;304
2024-06-13T06:41:44Z;;2110;324
2024-06-13T06:41:49Z;-2139;;-29
2024-06-13T06:43:08Z;-2108;;2
2024-06-13T06:43:27Z;;2097;-11
2024-06-13T06:43:36Z;;2100;-8
2024-06-13T06:43:45Z;-2088;;12
2024-06-13T06:44:10Z;-2100;;0
2024-06-13T06:44:12Z;;2038;-62
2024-06-13T06:44:27Z;-1799;;239
2024-06-13T06:44:33Z;-1800;;238
2024-06-13T06:44:35Z;-1801;;237
2024-06-13T06:44:37Z;-1795;;243
2024-06-13T06:44:43Z;-1796;;242
2024-06-13T06:44:47Z;-1798;;240
2024-06-13T06:44:53Z;-1811;;227
2024-06-13T06:44:57Z;-1794;;244
2024-06-13T06:44:59Z;-1804;;234
2024-06-13T06:45:05Z;;1776;-28
2024-06-13T06:45:07Z;-1752;;24
2024-06-13T06:45:09Z;;1847;95
2024-06-13T06:45:10Z;;1865;113
2024-06-13T06:45:12Z;-1844;2129;21
2024-06-13T06:45:14Z;-2083;;46
2024-06-13T06:45:24Z;-2087;;42
2024-06-13T06:45:25Z;;1987;-100
2024-06-13T06:45:26Z;-1860;;127
2024-06-13T06:45:28Z;;1751;-109
2024-06-13T06:45:33Z;-1536;;215
2024-06-13T06:45:34Z;;1428;-108
2024-06-13T06:45:35Z;-1304;;124
2024-06-13T06:45:37Z;;1132;-172
2024-06-13T06:45:39Z;-827;;305
2024-06-13T06:45:40Z;;840;13
2024-06-13T06:45:45Z;-586;;254
2024-06-13T06:45:48Z;-617;;223
2024-06-13T06:45:50Z;;1014;397
2024-06-13T06:45:51Z;-1092;;-78
2024-06-13T06:45:52Z;-1361;;-347
2024-06-13T06:45:53Z;-1629;;-615
2024-06-13T06:45:54Z;-1814;;-800
2024-06-13T06:46:00Z;-2157;;-1143
2024-06-13T06:46:17Z;-2099;;-1085
2024-06-13T06:46:18Z;-2102;;-1088
2024-06-13T06:46:35Z;-2129;;-1115
2024-06-13T06:46:36Z;;2092;-37
2024-06-13T06:46:39Z;-1895;;197
2024-06-13T06:46:40Z;;1748;-147
2024-06-13T06:46:41Z;-1592;;156
2024-06-13T06:46:43Z;-1268;;480
2024-06-13T06:46:44Z;;1399;131
2024-06-13T06:46:46Z;;1130;-138
2024-06-13T06:46:49Z;-1136;;-6
2024-06-13T06:46:50Z;;1247;111
2024-06-13T06:46:56Z;;1544;408
2024-06-13T06:46:58Z;;1460;324
2024-06-13T06:47:02Z;;1509;373
2024-06-13T06:47:03Z;-1524;;-15
2024-06-13T06:47:06Z;;1742;218
2024-06-13T06:47:07Z;-1841;;-99
2024-06-13T06:47:09Z;-1785;;-43
2024-06-13T06:47:10Z;;1793;8
2024-06-13T06:47:11Z;-1491;;302
2024-06-13T06:47:12Z;-1281;;512
2024-06-13T06:47:13Z;;1447;166
2024-06-13T06:47:14Z;;1080;-201
2024-06-13T06:47:17Z;-969;;111
2024-06-13T06:47:18Z;-896;;184
2024-06-13T06:47:19Z;-1121;1228;-41
2024-06-13T06:47:21Z;;1520;399
2024-06-13T06:47:23Z;-1403;;117
2024-06-13T06:47:24Z;-1531;;-11
2024-06-13T06:47:26Z;;1494;-37
2024-06-13T06:47:31Z;-1381;;113
2024-06-13T06:47:32Z;;1685;304
2024-06-13T06:47:34Z;-1915;1890;-230
2024-06-13T06:47:39Z;;2121;206
2024-06-13T06:48:01Z;;2108;193
2024-06-13T06:48:04Z;-1816;2099;292
2024-06-13T06:48:08Z;-1818;;281
2024-06-13T06:48:09Z;;1673;-145
2024-06-13T06:48:10Z;-1518;;155
2024-06-13T06:48:11Z;-1337;;336
2024-06-13T06:48:18Z;-1099;;574
2024-06-13T06:48:19Z;-1309;;364
2024-06-13T06:48:20Z;-1779;;-106
2024-06-13T06:48:31Z;-1820;;-147
2024-06-13T06:48:46Z;-1779;;-106
2024-06-13T06:48:52Z;-1773;;-100
2024-06-13T06:49:00Z;-1832;;-159
2024-06-13T06:49:39Z;-2109;;-436
2024-06-13T06:49:42Z;-2098;;-425
2024-06-13T06:49:44Z;-2107;;-434
2024-06-13T06:49:49Z;-2095;;-422
2024-06-13T06:50:10Z;-2120;;-447
2024-06-13T06:50:13Z;-2102;;-429
2024-06-13T06:50:20Z;-2100;;-427
2024-06-13T06:50:52Z;-2099;;-426
2024-06-13T06:51:00Z;;2088;-11
2024-06-13T06:51:15Z;;2119;20
2024-06-13T06:51:17Z;-2114;;5
2024-06-13T06:51:22Z;-2096;;23
2024-06-13T06:51:25Z;;2068;-28
2024-06-13T06:51:29Z;-1750;;318
2024-06-13T06:51:31Z;-1832;;236
2024-06-13T06:51:32Z;;1777;-55
2024-06-13T06:51:33Z;;1849;17
2024-06-13T06:51:37Z;;2103;271
2024-06-13T06:51:42Z;-2120;;-17
2024-06-13T06:52:01Z;-2086;;17
2024-06-13T06:52:11Z;;2057;-29
2024-06-13T06:52:16Z;;2132;36
2024-06-13T06:52:25Z;-2096;;-39
2024-06-13T06:52:42Z;-2124;;8
2024-06-13T06:52:44Z;;2086;-38
2024-06-13T06:52:50Z;;2103;-21
2024-06-13T06:52:51Z;-2082;;21
2024-06-13T06:52:56Z;-2111;;-8
2024-06-13T06:53:02Z;;2096;-15
2024-06-13T06:53:10Z;;2122;11
2024-06-13T06:53:15Z;-2109;;-13
2024-06-13T06:53:45Z;-2093;;29
2024-06-13T06:53:49Z;;2090;-3
2024-06-13T06:53:53Z;-1741;;349
2024-06-13T06:53:54Z;;1770;29
2024-06-13T06:53:56Z;-1493;;277
2024-06-13T06:54:02Z;;1477;-16
2024-06-13T06:54:11Z;-1243;;234
2024-06-13T06:54:12Z;;1156;-87
2024-06-13T06:54:18Z;-904;;252
2024-06-13T06:54:20Z;;882;-308
2024-06-13T06:54:22Z;-866;;290
2024-06-13T06:54:25Z;;932;-258
2024-06-13T06:54:26Z;-1190;;-34
2024-06-13T06:54:29Z;;1275;85
2024-06-13T06:54:30Z;-1502;1507;317
2024-06-13T06:54:35Z;;1820;318
2024-06-13T06:54:37Z;-1799;;21
2024-06-13T06:54:50Z;;2108;309
2024-06-13T06:54:53Z;-2105;;3
2024-06-13T06:55:00Z;-2100;;8
2024-06-13T06:55:01Z;;2083;-17
2024-06-13T06:55:12Z;;2107;7
2024-06-13T06:55:24Z;;2089;-11
2024-06-13T06:55:39Z;;2114;14
2024-06-13T06:55:43Z;;2070;238
2024-06-13T06:55:50Z;;1748;-84
2024-06-13T06:55:51Z;-1832;;282
2024-06-13T06:55:52Z;-1625;;489
2024-06-13T06:55:53Z;;1457;-168
2024-06-13T06:55:55Z;-1514;1514;0
2024-06-13T06:55:57Z;;1782;157
2024-06-13T06:55:59Z;-1769;;13
2024-06-13T06:56:00Z;-1803;;-21
2024-06-13T06:56:04Z;-1758;;24
2024-06-13T06:56:07Z;;1866;108
2024-06-13T06:56:09Z;;1866;108
2024-06-13T06:56:11Z;;2126;368
2024-06-13T06:56:13Z;;2094;336
2024-06-13T06:56:14Z;;2114;356
2024-06-13T06:56:19Z;;2079;321
2024-06-13T06:56:21Z;;2081;323
2024-06-13T06:56:22Z;-2082;;-1
2024-06-13T06:56:39Z;-2099;;-18
2024-06-13T06:56:44Z;-2116;;-35
2024-06-13T06:56:50Z;-2082;;-1
2024-06-13T06:56:52Z;-2100;;-19
2024-06-13T06:57:03Z;-2082;;-1
2024-06-13T06:57:05Z;-2115;;-34
2024-06-13T06:57:09Z;-2039;;42
2024-06-13T06:57:10Z;;2084;45
2024-06-13T06:57:26Z;-1780;;304
2024-06-13T06:57:27Z;;1778;-2
2024-06-13T06:57:28Z;-1559;;219
2024-06-13T06:57:29Z;;1478;-81
2024-06-13T06:57:33Z;-1192;;286
2024-06-13T06:57:35Z;;1181;-11
2024-06-13T06:57:37Z;;1206;14
2024-06-13T06:57:38Z;-1187;;19
2024-06-13T06:57:45Z;-1425;;-219
2024-06-13T06:57:46Z;;1525;100
2024-06-13T06:57:47Z;;1856;431
2024-06-13T06:57:48Z;-1895;;-39
2024-06-13T06:57:49Z;;2185;290
2024-06-13T06:57:52Z;-2173;;12
2024-06-13T07:00:05Z;;2304;131
2024-06-13T07:00:07Z;-2231;;73
2024-06-13T07:04:57Z;;2400;169
2024-06-13T07:04:59Z;;2393;162
2024-06-13T07:05:01Z;-2039;2058;354
2024-06-13T07:05:05Z;;2109;-38
2024-06-13T07:05:07Z;-2147;;-89
2024-06-13T07:05:21Z;-2103;;-45
2024-06-13T07:05:22Z;;2054;-49
2024-06-13T07:05:24Z;;2193;90
2024-06-13T07:05:25Z;-2186;;7
2024-06-13T07:05:32Z;;2413;227
2024-06-13T07:05:34Z;-2159;2331;254
2024-06-13T07:05:36Z;;1963;-196
2024-06-13T07:05:38Z;-1805;;158
2024-06-13T07:05:39Z;-1862;2147;101
2024-06-13T07:05:42Z;;2409;547
2024-06-13T07:05:43Z;-2170;;239
2024-06-13T07:05:50Z;;2374;204
2024-06-13T07:05:56Z;;2434;264
2024-06-13T07:06:03Z;-2400;;34
2024-06-13T07:06:05Z;-2393;;41
2024-06-13T07:06:12Z;;2372;-21
2024-06-13T07:06:14Z;;2407;14
2024-06-13T07:06:20Z;-2404;;3
2024-06-13T07:06:41Z;-2389;;18
2024-06-13T07:06:46Z;-2426;;-19
2024-06-13T07:07:01Z;-2444;;-37
2024-06-13T07:07:02Z;;2388;-56
2024-06-13T07:07:06Z;;2405;-39
2024-06-13T07:07:09Z;;2373;-71
2024-06-13T07:07:16Z;;2448;4
2024-06-13T07:07:18Z;;2361;-83
2024-06-13T07:07:20Z;-2006;1992;355
2024-06-13T07:07:22Z;;1756;-250
2024-06-13T07:07:24Z;-1572;;184
2024-06-13T07:07:27Z;;1478;-94
2024-06-13T07:07:28Z;;1519;-53
2024-06-13T07:07:29Z;-1499;;20
2024-06-13T07:07:51Z;-1567;;-48
2024-06-13T07:07:53Z;;1408;-159
2024-06-13T07:08:04Z;;1549;-18
2024-06-13T07:08:05Z;-1563;;-14
2024-06-13T07:08:09Z;-1495;;54
2024-06-13T07:08:10Z;;1452;-43
2024-06-13T07:08:28Z;-1226;;226
2024-06-13T07:08:31Z;;1155;-71
2024-06-13T07:08:53Z;;1208;-18
2024-06-13T07:08:57Z;-1212;;-4
2024-06-13T07:09:01Z;-1199;;9
2024-06-13T07:09:05Z;;1173;-26
2024-06-13T07:09:12Z;;1201;2
2024-06-13T07:09:15Z;-1227;;-26
2024-06-13T07:09:33Z;;1549;322
2024-06-13T07:09:34Z;-1524;;25
2024-06-13T07:09:38Z;-1498;;51
2024-06-13T07:09:39Z;;1479;-19
2024-06-13T07:09:46Z;;1515;17
2024-06-13T07:09:54Z;;1483;-15
2024-06-13T07:10:02Z;-1210;;273
2024-06-13T07:10:03Z;;1182;-28
2024-06-13T07:10:08Z;;1203;-7
2024-06-13T07:10:12Z;;1199;-11
2024-06-13T07:10:13Z;;1210;0
2024-06-13T07:10:15Z;-1193;;17
2024-06-13T07:10:26Z;-1191;;19
2024-06-13T07:10:29Z;-1190;;20
2024-06-13T07:10:32Z;-1193;;17
2024-06-13T07:10:35Z;-1191;;19
2024-06-13T07:10:40Z;-1219;;-9
2024-06-13T07:10:41Z;;1208;-11
2024-06-13T07:10:49Z;-1177;1261;31
2024-06-13T07:10:54Z;-1268;;-7
2024-06-13T07:10:56Z;;1178;-90
2024-06-13T07:11:47Z;-892;;286
2024-06-13T07:11:54Z;-902;;276
2024-06-13T07:12:06Z;-902;;276
2024-06-13T07:12:07Z;-898;;280
2024-06-13T07:12:28Z;-900;;278
2024-06-13T07:12:29Z;-873;;305
2024-06-13T07:12:33Z;-908;;270
2024-06-13T07:12:38Z;-889;;289
2024-06-13T07:13:32Z;;1238;349
2024-06-13T07:13:33Z;-1225;;13
2024-06-13T07:13:36Z;;1507;282
2024-06-13T07:13:38Z;;1475;250
2024-06-13T07:13:44Z;;1672;447
2024-06-13T07:13:45Z;-1569;;103
2024-06-13T07:13:48Z;;1820;251
2024-06-13T07:13:49Z;-1798;;22
2024-06-13T07:13:53Z;-1668;;152
2024-06-13T07:13:55Z;-1546;;274
2024-06-13T07:13:56Z;;1801;255
2024-06-13T07:13:57Z;;1452;-94
2024-06-13T07:14:02Z;;1507;-39
2024-06-13T07:14:03Z;-1506;;1
2024-06-13T07:14:05Z;-1721;;-214
2024-06-13T07:14:06Z;;1864;143
2024-06-13T07:14:07Z;-2083;;-219
2024-06-13T07:14:08Z;;2200;117
2024-06-13T07:14:10Z;;2099;16
2024-06-13T07:14:12Z;-2121;;-22
2024-06-13T07:14:17Z;;2170;49
2024-06-13T07:14:18Z;-2212;;-42
2024-06-13T07:14:19Z;;2472;260
2024-06-13T07:14:22Z;-2351;;121
2024-06-13T07:14:23Z;-2408;2297;64
2024-06-13T07:14:25Z;;2095;-313
2024-06-13T07:14:27Z;;1731;-677
2024-06-13T07:14:30Z;-2102;;-371
2024-06-13T07:14:31Z;-1773;;-42
2024-06-13T07:14:33Z;;1863;90
2024-06-13T07:14:34Z;-1871;;-8
2024-06-13T07:14:38Z;-1854;;9
2024-06-13T07:14:39Z;;1714;-140
2024-06-13T07:14:40Z;-1592;;122
2024-06-13T07:14:42Z;;1483;-109
2024-06-13T07:14:43Z;-1439;;44
2024-06-13T07:14:46Z;;1520;81
2024-06-13T07:14:47Z;-1824;;-304
2024-06-13T07:14:48Z;;1853;29
2024-06-13T07:14:52Z;;2120;296
2024-06-13T07:14:54Z;;2066;242
2024-06-13T07:14:59Z;;2124;300
2024-06-13T07:15:01Z;-2172;;-48
2024-06-13T07:15:03Z;-2430;;-306
2024-06-13T07:15:04Z;;2308;-122
2024-06-13T07:15:07Z;-2315;;-7
2024-06-13T07:15:08Z;-2359;;-51
2024-06-13T07:15:09Z;;2189;-170
2024-06-13T07:15:10Z;-2129;;60
2024-06-13T07:15:11Z;;2392;263
2024-06-13T07:15:14Z;;2495;366
2024-06-13T07:15:17Z;-2141;;354
2024-06-13T07:15:18Z;-2477;;18
2024-06-13T07:15:20Z;;2737;260
2024-06-13T07:15:21Z;;2664;187
2024-06-13T07:15:45Z;-2714;2709;-50
2024-06-13T07:15:48Z;-2695;;14
2024-06-13T07:15:50Z;-2710;;-1
2024-06-13T07:15:51Z;-2674;2664;-46
2024-06-13T07:15:56Z;-2704;;-40
2024-06-13T07:15:59Z;-2676;;-12
2024-06-13T07:16:03Z;-2706;;-42
2024-06-13T07:16:09Z;-2692;;-28
2024-06-13T07:16:12Z;;2643;-49
2024-06-13T07:16:15Z;-2380;;263
2024-06-13T07:16:16Z;;2348;-32
2024-06-13T07:16:20Z;-2072;;276
2024-06-13T07:16:22Z;-2116;;232
2024-06-13T07:16:24Z;;2407;291
2024-06-13T07:16:26Z;-2446;;-39
2024-06-13T07:16:29Z;;2700;254
2024-06-13T07:16:33Z;-2717;;-17
2024-06-13T07:16:43Z;;2764;47
2024-06-13T07:16:44Z;-2621;;143
2024-06-13T07:16:45Z;-2504;2523;260
2024-06-13T07:16:53Z;-2196;;327
2024-06-13T07:16:54Z;;1962;-234
2024-06-13T07:16:55Z;-1799;;163
2024-06-13T07:16:58Z;;1740;-59
2024-06-13T07:16:59Z;;1853;54
2024-06-13T07:17:01Z;-1741;;112
2024-06-13T07:17:02Z;;2139;398
2024-06-13T07:17:04Z;-2127;;12
2024-06-13T07:17:09Z;-2109;;30
2024-06-13T07:17:10Z;;2043;-66
2024-06-13T07:17:13Z;-1695;;348
2024-06-13T07:17:14Z;;1715;20
2024-06-13T07:17:15Z;-1522;;193
2024-06-13T07:17:16Z;;1479;-43
2024-06-13T07:17:23Z;;1507;-15
2024-06-13T07:17:25Z;-1525;;-18
2024-06-13T07:17:29Z;;1869;344
2024-06-13T07:17:30Z;-1844;;25
2024-06-13T07:17:33Z;-2100;2123;-231
2024-06-13T07:17:36Z;;2457;357
2024-06-13T07:17:38Z;-2423;;34
2024-06-13T07:17:45Z;;2708;285
2024-06-13T07:17:48Z;-2706;;2
2024-06-13T07:17:49Z;-2709;;-1
2024-06-13T07:17:58Z;;2688;-21
2024-06-13T07:18:00Z;;2727;18
2024-06-13T07:18:11Z;;2691;-18
2024-06-13T07:18:13Z;;2702;-7
2024-06-13T07:18:29Z;;2696;-13
2024-06-13T07:18:46Z;-2376;;320
2024-06-13T07:18:47Z;;2398;22
2024-06-13T07:18:50Z;;2414;38
2024-06-13T07:18:52Z;-2457;;-43
2024-06-13T07:18:57Z;-2361;;53
2024-06-13T07:18:58Z;;2321;-40
2024-06-13T07:19:01Z;;2462;101
2024-06-13T07:19:02Z;-2455;;7
2024-06-13T07:19:08Z;-2331;;131
2024-06-13T07:19:09Z;;2344;13
2024-06-13T07:19:27Z;-2083;;261
2024-06-13T07:19:28Z;;2138;55
2024-06-13T07:19:31Z;-1759;;379
2024-06-13T07:19:32Z;;1795;36
2024-06-13T07:19:33Z;-1744;;51
2024-06-13T07:19:34Z;;1831;87
2024-06-13T07:19:41Z;-2045;;-214
2024-06-13T07:19:42Z;;2211;166
2024-06-13T07:19:43Z;-2414;;-203
2024-06-13T07:19:44Z;;2406;-8
2024-06-13T07:19:54Z;-2397;;9
2024-06-13T07:19:55Z;;2389;-8
2024-06-13T07:19:56Z;-1997;;392
2024-06-13T07:19:57Z;;1963;-34
2024-06-13T07:19:59Z;;1773;-224
2024-06-13T07:20:01Z;;1485;-512
2024-06-13T07:20:02Z;-1790;;-305
2024-06-13T07:20:03Z;;1502;-288
2024-06-13T07:20:04Z;-1500;;2
2024-06-13T07:20:05Z;-1477;;25
2024-06-13T07:20:09Z;;1801;324
2024-06-13T07:20:13Z;;1780;303
2024-06-13T07:20:16Z;;1832;355
2024-06-13T07:20:17Z;-1819;;13
2024-06-13T07:20:19Z;-2067;;-235
2024-06-13T07:20:21Z;;2188;121
2024-06-13T07:20:23Z;;2429;362
2024-06-13T07:20:25Z;-2414;;15
2024-06-13T07:20:28Z;-2408;;21
2024-06-13T07:20:31Z;-2387;;42
2024-06-13T07:21:20Z;-2344;;85
2024-06-13T07:21:21Z;;2386;42
2024-06-13T07:21:23Z;-2455;2446;-69
2024-06-13T07:22:05Z;-2395;;51
2024-06-13T07:22:06Z;-2406;;40
2024-06-13T07:22:07Z;-2399;;47
2024-06-13T07:22:10Z;;2407;8
2024-06-13T07:22:15Z;;2436;37
2024-06-13T07:22:17Z;-2453;;-17
2024-06-13T07:22:39Z;-2385;;51
2024-06-13T07:22:42Z;-2423;;13
2024-06-13T07:22:45Z;-2337;;99
2024-06-13T07:22:46Z;;2378;41
2024-06-13T07:22:49Z;-2110;;268
2024-06-13T07:22:53Z;-2105;;273
2024-06-13T07:23:01Z;-2070;;308
2024-06-13T07:23:02Z;;2078;8
2024-06-13T07:23:10Z;-2058;;20
2024-06-13T07:23:12Z;;2181;123
2024-06-13T07:23:13Z;;2404;346
2024-06-13T07:23:17Z;-2401;;3
2024-06-13T07:23:27Z;-2347;;57
2024-06-13T07:23:28Z;;2382;35
2024-06-13T07:23:30Z;-2063;;319
2024-06-13T07:23:31Z;;2049;-14
2024-06-13T07:23:34Z;-1777;;272
2024-06-13T07:23:36Z;-1853;;196
2024-06-13T07:23:38Z;;2146;293
2024-06-13T07:23:40Z;;1998;145
2024-06-13T07:23:41Z;-1866;;132
2024-06-13T07:23:44Z;;1753;-113
2024-06-13T07:23:46Z;137;;1890
2024-06-13T07:23:47Z;;1497;1634
2024-06-13T07:23:51Z;-1367;;130
2024-06-13T07:23:52Z;;1591;224
2024-06-13T07:23:53Z;-1693;;-102
2024-06-13T07:23:54Z;;1981;288
2024-06-13T07:23:55Z;-2066;;-85
2024-06-13T07:23:56Z;;2184;118
2024-06-13T07:23:57Z;-2121;;63
2024-06-13T07:23:59Z;-1899;;285
2024-06-13T07:24:00Z;;2031;132
2024-06-13T07:24:05Z;-1787;;244
2024-06-13T07:24:07Z;;2101;314
2024-06-13T07:24:10Z;-2070;;31
2024-06-13T07:24:12Z;;2434;364
2024-06-13T07:24:18Z;;2367;297
2024-06-13T07:24:19Z;-2098;;269
2024-06-13T07:24:20Z;-1935;;432
2024-06-13T07:24:22Z;-1449;2020;918
2024-06-13T07:24:24Z;;1769;320
2024-06-13T07:24:25Z;-866;;903
2024-06-13T07:24:28Z;;1100;234
2024-06-13T07:24:30Z;;883;17
2024-06-13T07:24:31Z;;919;53
2024-06-13T07:24:34Z;-909;;10
2024-06-13T07:24:35Z;;1207;298
2024-06-13T07:24:39Z;;1156;247
2024-06-13T07:24:43Z;;1233;324
2024-06-13T07:24:45Z;-1248;;-15
2024-06-13T07:24:46Z;;1613;365
2024-06-13T07:24:48Z;-1529;;84
2024-06-13T07:24:50Z;-1440;;173
2024-06-13T07:24:53Z;;1485;45
2024-06-13T07:24:55Z;-1442;1541;43
2024-06-13T07:24:57Z;;1865;423
2024-06-13T07:24:58Z;-1966;;-101
2024-06-13T07:24:59Z;-2119;;-254
2024-06-13T07:25:01Z;;2230;111
2024-06-13T07:25:03Z;-2408;2503;-178
2024-06-13T07:25:04Z;-2401;;102
2024-06-13T07:25:09Z;;2352;-49
2024-06-13T07:25:10Z;-2072;;280
2024-06-13T07:25:12Z;-1811;2048;541
2024-06-13T07:25:14Z;-1749;;299
2024-06-13T07:25:15Z;;1961;212
2024-06-13T07:25:16Z;-2015;;-54
2024-06-13T07:25:17Z;;2437;422
2024-06-13T07:25:22Z;-2178;;259
2024-06-13T07:25:23Z;;2275;97
2024-06-13T07:25:24Z;-1702;;573
2024-06-13T07:25:25Z;;2011;309
2024-06-13T07:25:27Z;;1667;-35
2024-06-13T07:25:28Z;-1452;;215
2024-06-13T07:25:29Z;;1862;410
2024-06-13T07:25:30Z;-1476;;386
2024-06-13T07:25:33Z;-1565;;297
2024-06-13T07:25:34Z;;1696;131
2024-06-13T07:25:35Z;-1458;;238
2024-06-13T07:25:38Z;;1878;420
2024-06-13T07:25:40Z;-1837;;41
2024-06-13T07:25:41Z;;2166;329
2024-06-13T07:25:45Z;-2115;;51
2024-06-13T07:25:47Z;;2420;305
2024-06-13T07:26:03Z;;2360;245
2024-06-13T07:26:07Z;;2477;362
2024-06-13T07:26:25Z;;2390;275
2024-06-13T07:26:28Z;;2406;291
2024-06-13T07:27:01Z;;2377;262
2024-06-13T07:27:04Z;-2081;;296
2024-06-13T07:27:05Z;-2234;2498;143
2024-06-13T07:29:58Z;-2405;;93
2024-06-13T07:29:59Z;-2394;;104
2024-06-13T07:30:05Z;;2581;187
2024-06-13T07:30:06Z;-2412;;169
2024-06-13T07:30:08Z;-2397;;184
2024-06-13T07:30:09Z;-2390;;191
2024-06-13T07:30:10Z;-2408;;173
2024-06-13T07:30:16Z;-2387;;194
2024-06-13T07:30:22Z;-2401;;180
2024-06-13T07:30:25Z;-2406;;175
2024-06-13T07:30:28Z;-2410;;171
2024-06-13T07:30:31Z;-2409;;172
2024-06-13T07:30:34Z;-2406;;175
2024-06-13T07:30:40Z;-2398;;183
2024-06-13T07:30:42Z;-2407;;174
2024-06-13T07:30:49Z;-2406;;175
2024-06-13T07:30:52Z;-2411;;170
2024-06-13T07:31:08Z;-2416;;165
2024-06-13T07:31:12Z;;2392;-24
2024-06-13T07:31:14Z;;2416;0
2024-06-13T07:31:18Z;-2406;;10
2024-06-13T07:31:22Z;-2407;;9
2024-06-13T07:31:32Z;;2369;-38
2024-06-13T07:31:34Z;-2060;;309
2024-06-13T07:31:36Z;;2031;-29
2024-06-13T07:31:38Z;-1749;;282
2024-06-13T07:31:40Z;-1760;;271
2024-06-13T07:31:46Z;-1782;;249
2024-06-13T07:31:52Z;-1817;;214
2024-06-13T07:31:54Z;;2115;298
2024-06-13T07:31:58Z;;2085;268
2024-06-13T07:32:00Z;-1823;;262
2024-06-13T07:32:03Z;;1760;-63
2024-06-13T07:32:04Z;-1532;;228
2024-06-13T07:32:07Z;;1455;-77
2024-06-13T07:32:16Z;-1223;;232
2024-06-13T07:32:20Z;;1174;-49
2024-06-13T07:32:33Z;;1180;-43
2024-06-13T07:32:51Z;-1189;;-9
2024-06-13T07:32:54Z;;1524;335
2024-06-13T07:32:58Z;;1474;285
2024-06-13T07:33:00Z;-1220;;304
2024-06-13T07:33:04Z;;1190;-30
2024-06-13T07:33:17Z;;1220;0
2024-06-13T07:33:21Z;-1258;;-38
2024-06-13T07:33:22Z;;1620;362
2024-06-13T07:33:23Z;-1512;;108
2024-06-13T07:33:24Z;;1800;288
2024-06-13T07:33:26Z;;1777;265
2024-06-13T07:33:29Z;;1815;303
2024-06-13T07:33:42Z;;1760;248
2024-06-13T07:33:44Z;-1478;;282
2024-06-13T07:33:46Z;;1437;-41
2024-06-13T07:33:48Z;-1161;;276
2024-06-13T07:33:50Z;;1193;32
2024-06-13T07:34:04Z;;1245;84
2024-06-13T07:34:08Z;-1257;;-12
2024-06-13T07:34:09Z;;1555;298
2024-06-13T07:34:25Z;-1503;;52
2024-06-13T07:34:28Z;;1847;344
2024-06-13T07:34:37Z;-1728;;119
2024-06-13T07:34:38Z;;2105;377
2024-06-13T07:34:41Z;-2166;;-61
2024-06-13T07:34:42Z;;2409;243
2024-06-13T07:34:47Z;;2383;217
2024-06-13T07:34:49Z;-2123;;260
2024-06-13T07:34:52Z;-1894;;489
2024-06-13T07:34:53Z;;2028;134
2024-06-13T07:35:00Z;;1758;-136
2024-06-13T07:35:01Z;-1541;;487
2024-06-13T07:35:08Z;-1485;;273
2024-06-13T07:35:09Z;;1818;333
2024-06-13T07:35:10Z;-1714;;104
2024-06-13T07:35:13Z;;2165;451
2024-06-13T07:35:18Z;-2188;;-23
2024-06-13T07:35:19Z;-2296;2429;-131
2024-06-13T07:35:21Z;;2767;471
2024-06-13T07:35:22Z;-2742;;25
2024-06-13T07:35:23Z;;3001;259
2024-06-13T07:35:46Z;;2995;253
2024-06-13T07:35:49Z;;3006;264
2024-06-13T07:35:53Z;;2998;256
2024-06-13T07:35:55Z;;3011;269
2024-06-13T07:36:07Z;;2997;255
2024-06-13T07:36:09Z;;3004;262
2024-06-13T07:36:14Z;;2990;248
2024-06-13T07:36:28Z;-2677;;313
2024-06-13T07:36:40Z;-2718;;272
2024-06-13T07:36:50Z;-2688;;302
2024-06-13T07:37:24Z;;2687;-1
2024-06-13T07:37:31Z;;2721;33
2024-06-13T07:37:39Z;;2662;-26
2024-06-13T07:37:43Z;;2644;-44
2024-06-13T07:37:50Z;;2659;-29
2024-06-13T07:37:51Z;-2438;;221
2024-06-13T07:37:54Z;;2240;-198
2024-06-13T07:37:56Z;;2002;-436
2024-06-13T07:37:57Z;-1931;;71
2024-06-13T07:37:58Z;-1516;1772;486
2024-06-13T07:38:02Z;-1494;;278
2024-06-13T07:38:03Z;;1809;315
2024-06-13T07:38:05Z;;1795;301
2024-06-13T07:38:06Z;;1813;319
2024-06-13T07:38:14Z;-1821;;-8
2024-06-13T07:38:15Z;;2244;423
2024-06-13T07:38:16Z;-2140;;104
2024-06-13T07:38:18Z;;2414;274
2024-06-13T07:38:19Z;-2164;;250
2024-06-13T07:38:20Z;;2312;148
2024-06-13T07:38:24Z;-2110;;202
2024-06-13T07:38:26Z;;2413;303
2024-06-13T07:38:28Z;;2398;288
2024-06-13T07:38:30Z;;2475;365
2024-06-13T07:38:33Z;;2368;293
2024-06-13T07:38:34Z;-2075;;400
2024-06-13T07:38:35Z;-1878;;490
2024-06-13T07:38:36Z;;1951;73
2024-06-13T07:38:37Z;-1542;;409
2024-06-13T07:38:38Z;;1780;238
2024-06-13T07:38:44Z;;1496;-46
2024-06-13T07:38:50Z;;1510;-32
2024-06-13T07:39:12Z;;1495;-47
2024-06-13T07:39:17Z;;1544;2
2024-06-13T07:39:23Z;;1446;-96
2024-06-13T07:39:26Z;-1239;;207
2024-06-13T07:39:27Z;-1204;;242
2024-06-13T07:39:33Z;;1537;333
2024-06-13T07:39:37Z;;1487;283
2024-06-13T07:39:43Z;-1226;;261
2024-06-13T07:39:44Z;-1182;;305
2024-06-13T07:39:47Z;-1215;;272
2024-06-13T07:39:49Z;-1177;;310
2024-06-13T07:39:55Z;;1530;353
2024-06-13T07:39:58Z;;1436;259
2024-06-13T07:40:00Z;-1149;;287
2024-06-13T07:40:03Z;;1172;23
2024-06-13T07:40:10Z;;1211;62
2024-06-13T07:40:17Z;-1162;;49
2024-06-13T07:40:20Z;-1177;;34
2024-06-13T07:40:21Z;-1176;;35
2024-06-13T07:40:27Z;-1435;;-224
2024-06-13T07:40:28Z;;1522;87
2024-06-13T07:40:32Z;;1813;378
2024-06-13T07:40:34Z;;1782;347
2024-06-13T07:40:35Z;-1540;;242
2024-06-13T07:40:36Z;;1545;5
2024-06-13T07:40:37Z;;1514;-26
2024-06-13T07:40:38Z;-1482;;32
2024-06-13T07:40:45Z;-1532;;-18
2024-06-13T07:40:46Z;;1467;-65
2024-06-13T07:41:05Z;;1564;32
2024-06-13T07:41:06Z;-1591;;-27
2024-06-13T07:41:08Z;-2007;1952;-443
2024-06-13T07:41:10Z;;2198;191
2024-06-13T07:41:11Z;;2429;422
2024-06-13T07:41:12Z;-2230;;199
2024-06-13T07:41:13Z;-1895;;534
2024-06-13T07:41:14Z;-1749;;680
2024-06-13T07:41:16Z;-1807;;622
2024-06-13T07:41:18Z;-2171;2315;258
2024-06-13T07:41:20Z;;1779;-392
2024-06-13T07:41:22Z;;1806;-365
2024-06-13T07:41:24Z;;2145;-26
2024-06-13T07:41:26Z;-2030;;115
2024-06-13T07:41:27Z;;2055;25
2024-06-13T07:41:29Z;-1749;;306
2024-06-13T07:41:30Z;;1794;45
2024-06-13T07:41:32Z;-1818;;-24
2024-06-13T07:41:33Z;;1805;-13
2024-06-13T07:41:35Z;-1744;;61
2024-06-13T07:41:36Z;;1796;52
2024-06-13T07:41:38Z;-1830;1830;-34
2024-06-13T07:41:40Z;;2119;289
2024-06-13T07:41:42Z;-2126;;-7
2024-06-13T07:41:43Z;;1968;-158
2024-06-13T07:41:44Z;-1974;;-6
2024-06-13T07:41:47Z;-1778;;190
2024-06-13T07:41:48Z;;1797;19
2024-06-13T07:41:52Z;;1860;82
2024-06-13T07:41:53Z;-1832;;28
2024-06-13T07:41:57Z;;2110;278
2024-06-13T07:41:58Z;-1980;;130
2024-06-13T07:41:59Z;;2476;496
2024-06-13T07:42:00Z;-2409;;67
2024-06-13T07:42:01Z;-2394;;82
2024-06-13T07:42:02Z;;2374;-20
2024-06-13T07:42:06Z;;2606;212
2024-06-13T07:42:07Z;-2475;;131
2024-06-13T07:42:08Z;;2702;227
2024-06-13T07:42:10Z;-2714;;-12
2024-06-13T07:42:20Z;;3000;286
2024-06-13T07:42:24Z;;2961;247
2024-06-13T07:42:27Z;-2624;;337
2024-06-13T07:42:28Z;-2592;2669;369
2024-06-13T07:42:30Z;;2769;177
2024-06-13T07:43:39Z;;3017;425
2024-06-13T07:43:44Z;;2932;340
2024-06-13T07:43:49Z;-2623;;309
2024-06-13T07:43:50Z;;2619;-4
2024-06-13T07:43:52Z;-2365;;254
2024-06-13T07:43:53Z;;2399;34
2024-06-13T07:44:00Z;-2077;;322
2024-06-13T07:44:01Z;;2076;-1
2024-06-13T07:44:04Z;;2105;28
2024-06-13T07:44:06Z;;2029;-48
2024-06-13T07:44:20Z;-1717;;312
2024-06-13T07:44:21Z;;1699;-18
2024-06-13T07:44:25Z;;1804;87
2024-06-13T07:44:27Z;-1877;;-73
2024-06-13T07:44:30Z;-1771;;33
2024-06-13T07:44:31Z;;1794;23
2024-06-13T07:44:33Z;;1819;48
2024-06-13T07:44:34Z;-1800;;19
2024-06-13T07:44:38Z;;2167;367
2024-06-13T07:44:39Z;-2129;;38
2024-06-13T07:44:41Z;-2037;;130
2024-06-13T07:44:42Z;;2036;-1
2024-06-13T07:44:47Z;;2130;93
2024-06-13T07:44:49Z;-2113;;17
2024-06-13T07:44:54Z;;2525;412
2024-06-13T07:44:55Z;-2489;;36
2024-06-13T07:44:59Z;-2289;;236
2024-06-13T07:45:00Z;;2340;51
2024-06-13T07:45:03Z;;2417;128
2024-06-13T07:45:05Z;-2432;;-15
2024-06-13T07:45:07Z;-2212;2300;-132
2024-06-13T07:45:09Z;-2365;;-65
2024-06-13T07:45:11Z;-2469;;-169
2024-06-13T07:45:12Z;;2743;274
2024-06-13T07:45:14Z;;2701;232
2024-06-13T07:45:15Z;-2267;;434
2024-06-13T07:45:16Z;;2272;5
2024-06-13T07:45:17Z;;2530;263
2024-06-13T07:45:19Z;-2505;;25
2024-06-13T07:45:21Z;-2242;2397;288
2024-06-13T07:45:24Z;-2091;;306
2024-06-13T07:45:27Z;;2064;-27
2024-06-13T07:45:37Z;-1794;;270
2024-06-13T07:45:39Z;-1848;;216
2024-06-13T07:45:42Z;;2175;327
2024-06-13T07:45:43Z;-2170;;5
2024-06-13T07:45:49Z;-2321;;-146
2024-06-13T07:45:50Z;;2465;144
2024-06-13T07:45:51Z;-2391;;74
2024-06-13T07:45:52Z;;2397;6
2024-06-13T07:45:53Z;;2058;-333
2024-06-13T07:45:55Z;-2047;;11
2024-06-13T07:45:56Z;;2111;64
2024-06-13T07:45:58Z;;2056;9
2024-06-13T07:46:08Z;;2127;80
2024-06-13T07:46:11Z;;2065;18
2024-06-13T07:46:16Z;;2114;67
2024-06-13T07:46:18Z;-2069;;45
2024-06-13T07:46:20Z;;2425;356
2024-06-13T07:46:22Z;;2186;117
2024-06-13T07:46:23Z;-1972;;214
2024-06-13T07:46:24Z;;1953;-19
2024-06-13T07:46:35Z;;2188;216
2024-06-13T07:46:36Z;-2167;;21
2024-06-13T07:46:39Z;-2022;;166
2024-06-13T07:46:40Z;;2049;27
2024-06-13T07:46:41Z;-1829;;220
2024-06-13T07:46:42Z;;1788;-41
2024-06-13T07:46:46Z;;1816;-13
2024-06-13T07:46:48Z;-1790;;26
2024-06-13T07:46:51Z;-1995;;-179
2024-06-13T07:46:52Z;;2127;132
2024-06-13T07:46:55Z;-2016;;111
2024-06-13T07:46:56Z;;2046;30
2024-06-13T07:46:58Z;-1748;;298
2024-06-13T07:46:59Z;;1791;43
2024-06-13T07:47:01Z;;1823;75
2024-06-13T07:47:02Z;-1877;;-54
2024-06-13T07:47:03Z;;2113;236
2024-06-13T07:47:05Z;;2516;639
2024-06-13T07:47:06Z;-2139;;377
2024-06-13T07:47:07Z;-2497;;19
2024-06-13T07:47:08Z;-2445;;71
2024-06-13T07:47:22Z;-2064;;452
2024-06-13T07:47:24Z;-2157;;359
2024-06-13T07:47:25Z;-2095;2215;58
2024-06-13T07:47:26Z;-2155;2025;60
2024-06-13T07:47:27Z;-2016;;9
2024-06-13T07:47:28Z;;2460;444
2024-06-13T07:47:31Z;-1770;2398;382
2024-06-13T07:47:33Z;;1776;6
2024-06-13T07:47:34Z;-2194;;-418
2024-06-13T07:47:37Z;;2212;18
2024-06-13T07:47:44Z;-1509;;703
2024-06-13T07:47:47Z;-1604;;608
2024-06-13T07:47:51Z;-1587;;625
2024-06-13T07:47:54Z;-1478;;734
2024-06-13T07:47:58Z;-1487;;725
2024-06-13T07:48:00Z;;1446;-41
2024-06-13T07:48:07Z;;1526;39
2024-06-13T07:48:08Z;-1487;;39
2024-06-13T07:48:11Z;-1488;;38
2024-06-13T07:48:13Z;;1492;4
2024-06-13T07:48:26Z;;1510;22
2024-06-13T07:48:28Z;;1482;-6
2024-06-13T07:48:46Z;;1561;73
2024-06-13T07:48:47Z;-1502;;59
2024-06-13T07:48:48Z;-1429;;132
2024-06-13T07:48:50Z;;1448;19
2024-06-13T07:49:18Z;;1525;96
2024-06-13T07:49:21Z;;1476;47
2024-06-13T07:49:26Z;;1503;74
2024-06-13T07:49:30Z;;1485;56
2024-06-13T07:49:42Z;;1544;115
2024-06-13T07:49:44Z;;1527;98
2024-06-13T07:49:56Z;;1527;98
2024-06-13T07:49:57Z;-1506;;21
2024-06-13T07:50:00Z;-1472;;55
2024-06-13T07:50:01Z;;1463;-9
2024-06-13T07:50:12Z;;1507;35
2024-06-13T07:50:18Z;-1479;;28
2024-06-13T07:50:22Z;-1478;;29
2024-06-13T07:50:23Z;;1491;13
2024-06-13T07:50:25Z;;1510;32
2024-06-13T07:50:29Z;;1497;19
2024-06-13T07:50:31Z;;1510;32
2024-06-13T07:50:34Z;-1465;;45
2024-06-13T07:50:40Z;;1812;347
2024-06-13T07:50:42Z;;1749;284
2024-06-13T07:50:44Z;-1531;;218
2024-06-13T07:50:51Z;;1495;-36
2024-06-13T07:51:23Z;;1500;-31
2024-06-13T07:51:33Z;-1504;;-4
2024-06-13T07:51:34Z;-1509;;-9
2024-06-13T07:51:40Z;;1494;-15
2024-06-13T07:51:42Z;;1514;5
2024-06-13T07:51:44Z;-1507;;7
2024-06-13T07:51:49Z;-1496;;18
2024-06-13T07:51:50Z;-1508;;6
2024-06-13T07:51:52Z;-1494;;20
2024-06-13T07:51:56Z;-1501;;13
2024-06-13T07:51:57Z;-1494;;20
2024-06-13T07:52:05Z;-1523;;-9
2024-06-13T07:52:18Z;;1805;282
2024-06-13T07:52:20Z;-1863;;-58
2024-06-13T07:52:27Z;;2117;254
2024-06-13T07:52:29Z;;2074;211
2024-06-13T07:52:33Z;;2105;242
2024-06-13T07:52:34Z;-2108;;-3
2024-06-13T07:52:36Z;;2009;-99
2024-06-13T07:52:38Z;-2137;;-128
2024-06-13T07:52:42Z;;2109;-28
2024-06-13T07:52:44Z;-2194;;-85
2024-06-13T07:52:46Z;-2081;;28
2024-06-13T07:52:48Z;;2086;5
2024-06-13T07:52:52Z;;2214;133
2024-06-13T07:52:53Z;-2252;;-38
2024-06-13T07:52:54Z;;2486;234
2024-06-13T07:52:55Z;-2401;;85
2024-06-13T07:52:56Z;-2318;;168
2024-06-13T07:52:58Z;-2433;;53
2024-06-13T07:53:02Z;-2354;;132
2024-06-13T07:53:05Z;-2572;;-86
2024-06-13T07:53:10Z;-3062;;-576
2024-06-13T07:53:12Z;-3306;;-820
2024-06-13T07:54:01Z;-3240;;-754
2024-06-13T07:54:02Z;-2887;;-401
2024-06-13T07:54:03Z;-2733;;-247
2024-06-13T07:54:05Z;-2326;;160
2024-06-13T07:54:16Z;-2485;;1
2024-06-13T07:54:18Z;-2765;;-279
2024-06-13T07:54:26Z;-2690;;-204
2024-06-13T07:54:32Z;-2321;;165
2024-06-13T07:54:34Z;-2346;;140
2024-06-13T07:54:37Z;-2379;;107
2024-06-13T07:54:40Z;-2365;;121
2024-06-13T07:55:16Z;-2452;;34
2024-06-13T07:55:43Z;-2406;;80
2024-06-13T07:55:45Z;-2397;;89
2024-06-13T07:55:46Z;-2425;;61
2024-06-13T07:56:07Z;-2382;;104
2024-06-13T07:56:32Z;-2092;;394
2024-06-13T07:56:36Z;-2133;;353
2024-06-13T07:56:40Z;-2110;;376
2024-06-13T07:57:27Z;-1808;;678
2024-06-13T07:57:29Z;-1812;;674
2024-06-13T07:57:43Z;;2135;323
2024-06-13T07:57:45Z;;2061;249
2024-06-13T07:57:49Z;;2124;312
2024-06-13T07:57:50Z;-2102;;22
2024-06-13T07:57:54Z;-2161;;-37
2024-06-13T07:57:57Z;-2106;;18
2024-06-13T07:57:58Z;-2096;;28
2024-06-13T07:58:01Z;;2065;-31
2024-06-13T07:58:04Z;;2156;60
2024-06-13T07:58:08Z;;2082;-14
2024-06-13T07:58:10Z;;2107;11
2024-06-13T07:58:12Z;;2091;-5
2024-06-13T07:58:18Z;;2123;27
2024-06-13T07:58:23Z;-2070;;53
2024-06-13T07:58:25Z;-2054;;69
2024-06-13T07:58:26Z;-2077;;46
2024-06-13T07:58:28Z;-2135;;-12
2024-06-13T07:58:30Z;-2100;;23
2024-06-13T07:58:33Z;-2087;;36
2024-06-13T07:58:35Z;-2109;;14
2024-06-13T07:58:57Z;;2457;348
2024-06-13T07:58:58Z;-2406;;51
2024-06-13T07:59:02Z;;2785;379
2024-06-13T07:59:03Z;-2768;;17
2024-06-13T07:59:06Z;;2674;-94
2024-06-13T07:59:07Z;-2634;;40
2024-06-13T07:59:13Z;-2708;;-34
2024-06-13T07:59:14Z;-2653;;21
2024-06-13T07:59:16Z;;2804;151
2024-06-13T07:59:18Z;-2745;2695;-50
2024-06-13T07:59:20Z;;2715;-30
2024-06-13T07:59:28Z;-2600;2643;43
2024-06-13T07:59:32Z;;2740;140
2024-06-13T07:59:34Z;;2645;45
2024-06-13T07:59:37Z;-2392;;253
2024-06-13T07:59:38Z;-2405;;240
2024-06-13T07:59:42Z;-2287;2351;358
2024-06-13T07:59:53Z;;2401;114
2024-06-13T07:59:55Z;-2417;;-16
2024-06-13T07:59:56Z;-2431;;-30
2024-06-13T07:59:59Z;-2445;;-44
2024-06-13T08:00:00Z;;2790;345
2024-06-13T08:00:01Z;-2778;;12
2024-06-13T08:00:04Z;-3185;3151;-395
2024-06-13T08:00:08Z;;2790;-395
2024-06-13T08:00:10Z;-3338;3186;-548
2024-06-13T08:00:11Z;-3252;;-66
2024-06-13T08:00:12Z;-2981;;205
2024-06-13T08:00:14Z;-2796;2824;390
2024-06-13T08:00:15Z;-2727;;97
2024-06-13T08:00:40Z;;2643;-84
2024-06-13T08:00:43Z;-2389;;254
2024-06-13T08:00:45Z;;2393;-18
2024-06-13T08:00:46Z;-2411;;232
2024-06-13T08:01:00Z;-2084;;309
2024-06-13T08:01:04Z;;2063;-21
2024-06-13T08:01:09Z;;2105;21
2024-06-13T08:01:11Z;;2078;-6
2024-06-13T08:01:42Z;;2101;17
2024-06-13T08:01:45Z;;2081;-3
2024-06-13T08:02:05Z;;2103;19
2024-06-13T08:02:18Z;-2110;;-7
2024-06-13T08:02:23Z;;2415;305
2024-06-13T08:02:26Z;-2396;;19
2024-06-13T08:02:33Z;-2386;;29
2024-06-13T08:02:34Z;;2398;0
2024-06-13T08:02:36Z;-2398;2444;46
2024-06-13T08:02:39Z;-2467;;-23
2024-06-13T08:02:41Z;;2309;-158
2024-06-13T08:02:49Z;-2040;2091;269
2024-06-13T08:03:02Z;;2140;100
2024-06-13T08:03:03Z;-2100;;40
2024-06-13T08:03:24Z;;2423;323
2024-06-13T08:03:26Z;;2391;291
2024-06-13T08:03:33Z;;2451;351
2024-06-13T08:03:37Z;;2380;280
2024-06-13T08:03:45Z;;2450;350
2024-06-13T08:03:46Z;-2406;;44
2024-06-13T08:03:50Z;-2399;2381;51
2024-06-13T08:03:54Z;;2428;29
2024-06-13T08:03:56Z;-2442;;-14
2024-06-13T08:03:58Z;-2379;;11
2024-06-13T08:03:59Z;;2390;-52
2024-06-13T08:04:02Z;;2432;53
2024-06-13T08:04:04Z;-2408;;24
2024-06-13T08:04:05Z;-2349;;83
2024-06-13T08:04:06Z;;2366;17
2024-06-13T08:05:07Z;-2066;;300
2024-06-13T08:05:08Z;;2077;11
2024-06-13T08:05:11Z;-2013;2117;64
2024-06-13T08:05:14Z;-2133;;-16
2024-06-13T08:05:18Z;;2079;-54
2024-06-13T08:05:26Z;;2124;-9
2024-06-13T08:05:30Z;;2093;-40
2024-06-13T08:06:02Z;;2114;-19
2024-06-13T08:06:05Z;;2088;-45
2024-06-13T08:06:37Z;-1797;;291
2024-06-13T08:06:55Z;-1823;;265
2024-06-13T08:07:23Z;-1799;;289
2024-06-13T08:07:24Z;-1805;;283
2024-06-13T08:07:35Z;-1796;;292
2024-06-13T08:07:36Z;-1795;;293
2024-06-13T08:07:49Z;-1800;;288
2024-06-13T08:07:53Z;-1802;;286
2024-06-13T08:07:57Z;-1795;;293
2024-06-13T08:08:04Z;-1801;;287
2024-06-13T08:08:05Z;-1792;;296
2024-06-13T08:08:06Z;-1796;;292
2024-06-13T08:08:11Z;-1787;;301
2024-06-13T08:08:25Z;-1807;;281
2024-06-13T08:08:31Z;-1786;;302
2024-06-13T08:08:37Z;-1794;;294
2024-06-13T08:08:41Z;-1806;;282
2024-06-13T08:08:43Z;-1784;;304
2024-06-13T08:08:45Z;-1788;;300
2024-06-13T08:08:57Z;;1789;1
2024-06-13T08:10:12Z;-1504;;285
2024-06-13T08:10:22Z;-1502;;287
2024-06-13T08:10:23Z;-1493;;296
2024-06-13T08:10:28Z;;1495;2
2024-06-13T08:12:26Z;-1195;;300
2024-06-13T08:12:28Z;-1200;;295
2024-06-13T08:12:31Z;-1199;;296
2024-06-13T08:13:16Z;;1196;-3
2024-06-13T08:15:05Z;;1078;-121
2024-06-13T08:15:09Z;-1029;;49
2024-06-13T08:18:29Z;-959;;119
2024-06-13T08:18:30Z;-1262;;-184
2024-06-13T08:24:49Z;-1112;;-34
2024-06-13T08:24:50Z;-374;;704
2024-06-13T08:28:09Z;;1202;828
2024-06-13T08:28:11Z;;1190;816
2024-06-13T08:28:45Z;-1027;;163
2024-06-13T08:28:46Z;-700;;490
2024-06-13T08:28:48Z;;1200;500
2024-06-13T08:28:49Z;;1181;481
2024-06-13T08:28:52Z;;1201;501
2024-06-13T08:28:54Z;;1197;497
2024-06-13T08:28:56Z;;1200;500
2024-06-13T08:28:58Z;;1188;488
2024-06-13T08:29:00Z;;1201;501
2024-06-13T08:29:06Z;;1190;490
2024-06-13T08:29:08Z;;1203;503
2024-06-13T08:30:05Z;;1225;525
2024-06-13T08:30:07Z;-1057;;168
2024-06-13T08:33:57Z;-1233;;-8
2024-06-13T08:34:00Z;-1221;;4
2024-06-13T08:34:03Z;;1198;-23
2024-06-13T08:34:05Z;;1200;-21
2024-06-13T08:34:06Z;;1200;-21
2024-06-13T08:34:09Z;;1199;-22
2024-06-13T08:34:11Z;;1199;-22
2024-06-13T08:36:26Z;-895;;304
2024-06-13T08:36:28Z;-893;;306
2024-06-13T08:36:32Z;-901;;298
2024-06-13T08:39:49Z;;784;-117
2024-06-13T08:39:51Z;;977;76
2024-06-13T08:39:56Z;;494;-407
2024-06-13T08:39:58Z;-807;976;-313
2024-06-13T08:40:02Z;-452;;524
2024-06-13T08:40:44Z;-790;;145
2024-06-13T08:40:46Z;-786;;149
2024-06-13T08:40:47Z;;854;402
2024-06-13T08:40:49Z;;935;483
2024-06-13T08:41:08Z;-899;;36
2024-06-13T08:41:09Z;-900;;35
2024-06-13T08:41:18Z;-900;;35
2024-06-13T08:41:19Z;-893;;42
2024-06-13T08:42:24Z;;898;5
2024-06-13T08:42:26Z;;908;15
2024-06-13T08:42:32Z;;897;4
2024-06-13T08:42:34Z;;907;14
2024-06-13T08:42:42Z;;896;3
2024-06-13T08:42:44Z;;906;13
2024-06-13T08:42:53Z;;894;1
2024-06-13T08:42:54Z;;905;12
2024-06-13T08:43:02Z;;897;4
2024-06-13T08:43:04Z;;908;15
2024-06-13T08:43:19Z;-898;;10
2024-06-13T08:43:20Z;-903;;5
2024-06-13T08:43:52Z;;896;-7
2024-06-13T08:43:54Z;;901;-2
2024-06-13T08:44:02Z;;894;-9
2024-06-13T08:44:04Z;;900;-3
2024-06-13T08:44:06Z;;898;-5
2024-06-13T08:44:08Z;;903;0
2024-06-13T08:44:12Z;;892;-11
2024-06-13T08:44:14Z;;902;-1
2024-06-13T08:44:23Z;;897;-6
2024-06-13T08:44:24Z;;910;7
2024-06-13T08:44:31Z;-893;;17
2024-06-13T08:44:37Z;-903;;7
2024-06-13T08:44:41Z;;897;4
2024-06-13T08:44:43Z;;914;11
2024-06-13T08:44:51Z;;901;-2
2024-06-13T08:44:54Z;;911;8
2024-06-13T08:45:00Z;-901;;10
2024-06-13T08:45:05Z;-894;;17
2024-06-13T08:45:06Z;-904;;7
2024-06-13T08:45:08Z;;952;48
2024-06-13T08:45:09Z;-958;;-6
2024-06-13T08:45:22Z;-899;;-8
2024-06-13T08:45:28Z;;891;-67
2024-06-13T08:54:13Z;;900;1
2024-06-13T09:00:05Z;;1011;112
2024-06-13T09:00:07Z;-977;;34
2024-06-13T09:03:14Z;;1207;230
2024-06-13T09:03:21Z;;1194;217
2024-06-13T09:05:31Z;-1164;1236;30
2024-06-13T09:05:35Z;-1233;1182;3
2024-06-13T09:07:22Z;;1201;-32
2024-06-13T09:07:30Z;-1207;;-6
2024-06-13T09:07:50Z;;1505;298
2024-06-13T09:07:52Z;-1525;;-20
2024-06-13T09:07:53Z;-1527;;-22
2024-06-13T09:07:55Z;;1494;-1107
2024-06-13T09:07:57Z;;1514;-13
2024-06-13T09:08:02Z;-1475;;30
2024-06-13T09:08:06Z;;1749;-852
2024-06-13T09:08:07Z;-1764;;-250
2024-06-13T09:08:08Z;;2159;-1163
2024-06-13T09:08:10Z;;2441;-160
2024-06-13T09:08:11Z;-2298;;221
2024-06-13T09:08:14Z;;2358;-964
2024-06-13T09:08:17Z;;2519;-82
2024-06-13T09:08:18Z;-2601;;-1087
2024-06-13T09:08:19Z;;2744;-578
2024-06-13T09:08:20Z;-3027;;-508
2024-06-13T09:08:21Z;;3237;210
2024-06-13T09:08:22Z;-3367;;-848
2024-06-13T09:08:23Z;-3266;3452;186
2024-06-13T09:08:43Z;-2908;;544
2024-06-13T09:08:44Z;-3123;;329
2024-06-13T09:08:45Z;-3322;;-85
2024-06-13T09:08:47Z;-3292;;160
2024-06-13T09:08:49Z;;3221;-71
2024-06-13T09:08:50Z;-3034;;187
2024-06-13T09:08:52Z;-2623;2569;598
2024-06-13T09:08:54Z;;2221;-402
2024-06-13T09:08:56Z;;2404;356
2024-06-13T09:08:57Z;;2385;337
2024-06-13T09:08:58Z;-2202;;19
2024-06-13T09:09:02Z;-2048;2055;173
2024-06-13T09:09:06Z;-2071;2173;102
2024-06-13T09:09:08Z;-2095;;78
2024-06-13T09:09:09Z;;2012;-83
2024-06-13T09:09:11Z;-1753;;259
2024-06-13T09:09:12Z;;1764;11
2024-06-13T09:09:14Z;;1820;67
2024-06-13T09:09:16Z;;1791;38
2024-06-13T09:09:20Z;-1790;1890;100
2024-06-13T09:09:24Z;-1814;;76
2024-06-13T09:09:26Z;;1784;-30
2024-06-13T09:09:28Z;;1800;-14
2024-06-13T09:09:30Z;;1834;20
2024-06-13T09:09:46Z;;1827;13
2024-06-13T09:09:49Z;-1817;;10
2024-06-13T09:09:51Z;-1768;;59
2024-06-13T09:09:52Z;-1803;;24
2024-06-13T09:09:54Z;;2110;342
2024-06-13T09:09:55Z;-2142;;-32
2024-06-13T09:09:59Z;-2061;2250;-223
2024-06-13T09:10:01Z;;3334;1224
2024-06-13T09:10:03Z;-2110;;0
2024-06-13T09:10:04Z;-2473;;1108
2024-06-13T09:10:06Z;;3603;1461
2024-06-13T09:10:08Z;;3581;1471
2024-06-13T09:10:11Z;-3069;;512
2024-06-13T09:10:12Z;-3407;;174
2024-06-13T09:10:13Z;-3294;;287
2024-06-13T09:10:14Z;-3319;;262
2024-06-13T09:10:15Z;-3280;;301
2024-06-13T09:10:18Z;-3344;;237
2024-06-13T09:10:21Z;-3218;3288;70
2024-06-13T09:10:26Z;-2835;2892;453
2024-06-13T09:10:28Z;;2540;-295
2024-06-13T09:10:30Z;-2672;;-132
2024-06-13T09:10:31Z;-2384;;-288
2024-06-13T09:10:32Z;;2397;-275
2024-06-13T09:10:36Z;-2044;2096;-576
2024-06-13T09:10:42Z;-1787;;309
2024-06-13T09:10:49Z;-1821;;275
2024-06-13T09:10:51Z;-1803;;293
2024-06-13T09:10:52Z;;1750;-53
2024-06-13T09:11:13Z;;1811;8
2024-06-13T09:11:14Z;-1745;;66
2024-06-13T09:11:18Z;-1740;1782;71
2024-06-13T09:11:30Z;-1497;;285
2024-06-13T09:11:34Z;;1495;-2
2024-06-13T09:11:36Z;;1553;56
2024-06-13T09:11:38Z;-1522;;31
2024-06-13T09:12:22Z;-1498;;55
2024-06-13T09:12:25Z;;1495;-3
2024-06-13T09:13:10Z;-1187;;308
2024-06-13T09:13:15Z;;1142;-45
2024-06-13T09:13:17Z;-1200;;-58
2024-06-13T09:13:19Z;-1199;1242;-57
2024-06-13T09:13:21Z;;1193;-6
2024-06-13T09:15:05Z;;1056;-143
2024-06-13T09:15:07Z;-1014;;42
2024-06-13T09:17:05Z;;1201;187
2024-06-13T09:17:21Z;-1200;;1
2024-06-13T09:17:28Z;-1195;;6
2024-06-13T09:17:43Z;-1203;;-2
2024-06-13T09:17:47Z;-1201;;0
2024-06-13T09:18:35Z;;1198;-3
2024-06-13T09:18:48Z;;1203;2
2024-06-13T09:18:50Z;;1188;-13
2024-06-13T09:18:57Z;;1202;1
2024-06-13T09:19:06Z;-1201;;1
2024-06-13T09:19:17Z;-1185;;17
2024-06-13T09:19:27Z;-1199;;3
2024-06-13T09:19:51Z;-1194;;8
2024-06-13T09:20:11Z;-1195;;7
2024-06-13T09:20:12Z;-1202;;0
2024-06-13T09:20:14Z;-1202;;0
2024-06-13T09:21:04Z;-1201;;1
2024-06-13T09:21:42Z;;1188;-13
2024-06-13T09:21:51Z;;1201;0
2024-06-13T09:21:52Z;;1196;-5
2024-06-13T09:22:00Z;;1201;0
2024-06-13T09:22:02Z;;1199;-2
2024-06-13T09:22:07Z;;1200;-1
2024-06-13T09:22:14Z;;1195;-6
2024-06-13T09:22:16Z;;1208;7
2024-06-13T09:22:31Z;-1192;;16
2024-06-13T09:23:25Z;-1286;;-78
2024-06-13T09:23:27Z;-1276;;-68
2024-06-13T09:23:50Z;-1471;;-263
2024-06-13T09:23:51Z;;1574;103
2024-06-13T09:23:53Z;;1815;344
2024-06-13T09:23:55Z;;1645;174
2024-06-13T09:23:56Z;-1494;;151
2024-06-13T09:24:00Z;;1498;4
2024-06-13T09:24:08Z;;1505;11
2024-06-13T09:24:10Z;-1503;;2
2024-06-13T09:24:11Z;-1495;;10
2024-06-13T09:24:12Z;;1496;1
2024-06-13T09:24:14Z;;1482;-13
2024-06-13T09:24:16Z;;1496;1
2024-06-13T09:24:17Z;;1514;19
2024-06-13T09:24:19Z;;1497;2
2024-06-13T09:24:21Z;;1523;28
2024-06-13T09:24:23Z;;1496;1
2024-06-13T09:24:25Z;;1581;86
2024-06-13T09:24:26Z;-1502;;723
2024-06-13T09:24:27Z;;1878;364
2024-06-13T09:24:28Z;-1813;;412
2024-06-13T09:24:32Z;-2133;;92
2024-06-13T09:24:33Z;;2182;687
2024-06-13T09:24:35Z;-2273;2479;965
2024-06-13T09:24:37Z;;2225;730
2024-06-13T09:24:39Z;;1812;298
2024-06-13T09:24:40Z;;1640;126
2024-06-13T09:24:41Z;-1625;;600
2024-06-13T09:24:43Z;-1514;1477;711
2024-06-13T09:24:45Z;;1522;8
2024-06-13T09:24:50Z;;1484;-30
2024-06-13T09:24:52Z;;1516;2
2024-06-13T09:24:53Z;-1479;;311
2024-06-13T09:25:10Z;;1790;276
2024-06-13T09:25:27Z;;1805;326
2024-06-13T09:25:29Z;;1795;316
2024-06-13T09:25:31Z;;1810;331
2024-06-13T09:25:33Z;-1850;;-40
2024-06-13T09:25:38Z;;2131;281
2024-06-13T09:25:39Z;-2173;;-42
2024-06-13T09:25:41Z;;2415;242
2024-06-13T09:25:45Z;-2413;2371;198
2024-06-13T09:25:47Z;-2337;;34
2024-06-13T09:25:48Z;-2009;;362
2024-06-13T09:25:49Z;;2060;51
2024-06-13T09:25:51Z;;2107;98
2024-06-13T09:25:56Z;;2117;108
2024-06-13T09:25:58Z;-1956;1792;-217
2024-06-13T09:26:05Z;-1784;1883;8
2024-06-13T09:26:08Z;;2153;369
2024-06-13T09:26:09Z;-2101;;-218
2024-06-13T09:26:34Z;;2345;245
2024-06-13T09:26:35Z;-2085;;260
2024-06-13T09:26:37Z;-2087;;258
2024-06-13T09:26:38Z;;2058;-29
2024-06-13T09:26:40Z;-2318;2127;-260
2024-06-13T09:26:43Z;;2614;296
2024-06-13T09:26:44Z;;2093;-225
2024-06-13T09:26:46Z;-1758;;335
2024-06-13T09:26:52Z;-1875;;218
2024-06-13T09:26:53Z;-1799;;294
2024-06-13T09:26:57Z;-1842;;251
2024-06-13T09:26:58Z;;2113;271
2024-06-13T09:26:59Z;-2137;;-24
2024-06-13T09:27:05Z;;2447;310
2024-06-13T09:27:08Z;-2439;;8
2024-06-13T09:27:09Z;;2741;302
2024-06-13T09:27:14Z;-2748;;-7
2024-06-13T09:27:15Z;;3002;254
2024-06-13T09:27:16Z;;2993;245
2024-06-13T09:27:18Z;;3002;254
2024-06-13T09:27:21Z;;2969;221
2024-06-13T09:27:23Z;-2737;;232
2024-06-13T09:27:27Z;;2593;-144
2024-06-13T09:27:29Z;-2366;;227
2024-06-13T09:27:30Z;-2386;;207
2024-06-13T09:27:31Z;;2735;349
2024-06-13T09:27:33Z;-2450;2699;285
2024-06-13T09:27:41Z;;2287;-163
2024-06-13T09:27:42Z;-2069;;218
2024-06-13T09:27:46Z;-2142;;145
2024-06-13T09:27:47Z;;2514;372
2024-06-13T09:27:49Z;-2453;;61
2024-06-13T09:27:50Z;-2402;;112
2024-06-13T09:27:54Z;-2354;;160
2024-06-13T09:27:56Z;;2719;365
2024-06-13T09:27:58Z;;2690;336
2024-06-13T09:28:00Z;;2752;398
2024-06-13T09:28:17Z;;2698;344
2024-06-13T09:28:20Z;-2378;;320
2024-06-13T09:28:21Z;;2395;17
2024-06-13T09:28:23Z;;2415;37
2024-06-13T09:28:25Z;;2385;7
2024-06-13T09:28:30Z;-2130;;255
2024-06-13T09:28:32Z;-2001;;384
2024-06-13T09:28:33Z;;2432;431
2024-06-13T09:28:37Z;;2340;339
2024-06-13T09:28:38Z;-2092;;248
2024-06-13T09:28:40Z;-2139;;201
2024-06-13T09:28:41Z;;2516;377
2024-06-13T09:28:43Z;-2468;2717;48
2024-06-13T09:28:47Z;;2602;134
2024-06-13T09:28:48Z;-2264;;338
2024-06-13T09:28:49Z;;2397;133
2024-06-13T09:28:52Z;-2118;;279
2024-06-13T09:28:53Z;;2275;157
2024-06-13T09:28:54Z;-2159;;116
2024-06-13T09:28:58Z;-2466;;-191
2024-06-13T09:29:01Z;;2761;295
2024-06-13T09:29:05Z;-2708;;53
2024-06-13T09:29:07Z;-2658;;103
2024-06-13T09:29:10Z;-2482;2661;279
2024-06-13T09:29:12Z;;2365;-117
2024-06-13T09:29:13Z;-2120;;245
2024-06-13T09:29:18Z;;2078;-42
2024-06-13T09:29:22Z;-1729;;349
2024-06-13T09:29:29Z;-1771;;307
2024-06-13T09:29:32Z;;2109;338
2024-06-13T09:29:34Z;;2087;316
2024-06-13T09:29:36Z;-1795;;292
2024-06-13T09:29:40Z;;1793;-2
2024-06-13T09:29:45Z;-1498;;295
2024-06-13T09:29:53Z;-1518;;275
2024-06-13T09:29:55Z;-1484;;309
2024-06-13T09:29:59Z;-1512;;281
2024-06-13T09:30:00Z;;1804;292
2024-06-13T09:30:02Z;-1923;2189;-119
2024-06-13T09:30:04Z;;2455;532
2024-06-13T09:30:07Z;;1804;-119
2024-06-13T09:30:08Z;;2335;412
2024-06-13T09:30:09Z;-2105;;230
2024-06-13T09:30:10Z;-2085;2093;250
2024-06-13T09:30:12Z;;2075;-10
2024-06-13T09:30:13Z;-1923;;152
2024-06-13T09:30:16Z;-2169;;-94
2024-06-13T09:30:18Z;-2054;;21
2024-06-13T09:30:20Z;-2241;2531;-166
2024-06-13T09:30:21Z;-2466;;65
2024-06-13T09:30:22Z;-2701;;-170
2024-06-13T09:30:24Z;;2771;70
2024-06-13T09:30:26Z;;3022;321
2024-06-13T09:30:32Z;-3016;;6
2024-06-13T09:30:40Z;;3316;300
2024-06-13T09:30:42Z;;3296;280
2024-06-13T09:30:44Z;;3335;319
2024-06-13T09:30:51Z;;3292;276
2024-06-13T09:30:53Z;;3322;306
2024-06-13T09:31:52Z;;3299;283
2024-06-13T09:31:53Z;-3032;;267
2024-06-13T09:31:57Z;;2991;-41
2024-06-13T09:31:58Z;-2717;;274
2024-06-13T09:32:05Z;-2663;;328
2024-06-13T09:32:06Z;;3063;400
2024-06-13T09:32:09Z;-3004;;59
2024-06-13T09:32:11Z;-2918;;145
2024-06-13T09:32:15Z;-3118;;-55
2024-06-13T09:32:16Z;;3420;302
2024-06-13T09:32:23Z;-2947;3086;473
2024-06-13T09:32:25Z;;2976;29
2024-06-13T09:32:26Z;;3183;236
2024-06-13T09:32:28Z;-3084;3382;435
2024-06-13T09:32:50Z;-3304;;78
2024-06-13T09:32:52Z;-3256;;126
2024-06-13T09:32:54Z;;3270;14
2024-06-13T09:32:55Z;-2904;;366
2024-06-13T09:32:56Z;;2961;57
2024-06-13T09:32:58Z;;3059;155
2024-06-13T09:33:00Z;-3014;3305;45
2024-06-13T09:33:02Z;;3273;259
2024-06-13T09:33:03Z;-2923;;350
2024-06-13T09:33:04Z;;2715;-208
2024-06-13T09:33:06Z;;2608;-315
2024-06-13T09:33:07Z;-2623;;-15
2024-06-13T09:33:08Z;-2750;;-142
2024-06-13T09:33:10Z;;2794;44
2024-06-13T09:33:11Z;-3220;3063;-426
2024-06-13T09:33:13Z;;3303;83
2024-06-13T09:33:17Z;-3315;;-12
2024-06-13T09:33:28Z;-3285;;18
2024-06-13T09:33:30Z;-3312;;-9
2024-06-13T09:34:09Z;-3297;;6
2024-06-13T09:34:10Z;-3328;;-25
2024-06-13T09:34:29Z;-3295;;8
2024-06-13T09:34:35Z;-3310;;-7
2024-06-13T09:34:48Z;-3289;;14
2024-06-13T09:35:09Z;-3273;;30
2024-06-13T09:35:12Z;-3287;;16
2024-06-13T09:35:40Z;-3303;;0
2024-06-13T09:35:41Z;-3291;;12
2024-06-13T09:35:53Z;;3234;-57
2024-06-13T09:35:55Z;;3308;17
2024-06-13T09:35:57Z;-2906;3239;402
2024-06-13T09:35:59Z;;2942;36
2024-06-13T09:36:01Z;;3037;131
2024-06-13T09:36:03Z;-2564;;473
2024-06-13T09:36:04Z;;2864;300
2024-06-13T09:36:05Z;-2716;;148
2024-06-13T09:36:06Z;-2680;;184
2024-06-13T09:36:10Z;-2757;;107
2024-06-13T09:36:11Z;-2693;;171
2024-06-13T09:36:20Z;-2374;2529;490
2024-06-13T09:36:23Z;-2490;2764;39
2024-06-13T09:36:25Z;;2612;122
2024-06-13T09:36:26Z;-2330;;282
2024-06-13T09:36:28Z;;2709;379
2024-06-13T09:36:30Z;-2375;;334
2024-06-13T09:36:31Z;-2310;;399
2024-06-13T09:36:33Z;-2416;2636;293
2024-06-13T09:36:35Z;-2798;2746;-162
2024-06-13T09:36:37Z;;3009;211
2024-06-13T09:36:38Z;;2970;172
2024-06-13T09:36:39Z;-2556;;414
2024-06-13T09:36:40Z;-2369;2647;601
2024-06-13T09:36:41Z;-2534;;113
2024-06-13T09:36:42Z;;2868;334
2024-06-13T09:36:44Z;;3143;609
2024-06-13T09:36:45Z;-2764;;379
2024-06-13T09:36:46Z;-2688;;455
2024-06-13T09:36:47Z;-2842;;301
2024-06-13T09:36:49Z;-2593;2970;377
2024-06-13T09:36:54Z;;2680;87
2024-06-13T09:36:56Z;;2727;134
2024-06-13T09:37:03Z;;2682;89
2024-06-13T09:37:05Z;;2740;147
2024-06-13T09:37:08Z;;2687;94
2024-06-13T09:37:10Z;-2358;;329
2024-06-13T09:37:15Z;;2387;29
2024-06-13T09:37:17Z;;2520;162
2024-06-13T09:37:18Z;-2481;;39
2024-06-13T09:37:19Z;;2753;272
2024-06-13T09:37:21Z;;2619;138
2024-06-13T09:37:22Z;;2367;-114
2024-06-13T09:37:24Z;-2258;2095;-386
2024-06-13T09:37:26Z;-2047;;48
2024-06-13T09:37:27Z;-2121;;-26
2024-06-13T09:37:28Z;;2122;1
2024-06-13T09:37:29Z;-2530;;-408
2024-06-13T09:37:30Z;-2701;;-579
2024-06-13T09:37:32Z;;2420;-281
2024-06-13T09:37:33Z;;2814;113
2024-06-13T09:37:35Z;;3015;314
2024-06-13T09:37:36Z;-2703;;312
2024-06-13T09:37:37Z;;2968;265
2024-06-13T09:37:42Z;-2705;;263
2024-06-13T09:37:43Z;-2690;;278
2024-06-13T09:37:50Z;;3014;324
2024-06-13T09:37:52Z;-2739;;275
2024-06-13T09:37:54Z;-2798;2957;216
2024-06-13T09:37:57Z;;2668;-130
2024-06-13T09:38:00Z;;2879;81
2024-06-13T09:38:01Z;-2784;;95
2024-06-13T09:38:02Z;;3078;294
2024-06-13T09:38:05Z;;2901;117
2024-06-13T09:38:06Z;-2582;;319
2024-06-13T09:38:07Z;;2601;19
2024-06-13T09:38:08Z;-2350;;251
2024-06-13T09:38:10Z;;2312;-38
2024-06-13T09:38:12Z;-2090;;222
2024-06-13T09:38:13Z;-2140;;172
2024-06-13T09:38:15Z;;2483;343
2024-06-13T09:38:17Z;;2361;221
2024-06-13T09:38:19Z;-2428;2441;301
2024-06-13T09:38:20Z;-2306;;135
2024-06-13T09:38:25Z;-2292;;149
2024-06-13T09:38:27Z;;2714;422
2024-06-13T09:38:29Z;;2679;387
2024-06-13T09:38:31Z;-2664;2713;15
2024-06-13T09:38:33Z;;3094;430
2024-06-13T09:38:34Z;;2990;326
2024-06-13T09:38:36Z;-2522;;468
2024-06-13T09:38:38Z;;2362;-160
2024-06-13T09:38:40Z;;2362;-160
2024-06-13T09:38:41Z;;2414;-108
2024-06-13T09:38:43Z;-2246;2800;278
2024-06-13T09:38:45Z;-2563;2687;124
2024-06-13T09:38:47Z;-2257;;430
2024-06-13T09:38:48Z;;2756;499
2024-06-13T09:38:50Z;-3100;3076;-344
2024-06-13T09:38:52Z;;3442;342
2024-06-13T09:38:54Z;-3267;;175
2024-06-13T09:39:12Z;-3298;;144
2024-06-13T09:39:30Z;-3300;;142
2024-06-13T09:39:33Z;-3297;;145
2024-06-13T09:39:40Z;;3256;-41
2024-06-13T09:39:41Z;-2915;;341
2024-06-13T09:39:44Z;-3024;;232
2024-06-13T09:39:46Z;-3308;3399;-52
2024-06-13T09:40:03Z;-3299;;100
2024-06-13T09:40:05Z;-3307;;92
2024-06-13T09:40:12Z;-3291;;108
2024-06-13T09:40:14Z;-3307;;92
2024-06-13T09:40:16Z;-3278;;121
2024-06-13T09:40:26Z;;3272;-6
2024-06-13T09:40:28Z;;3419;141
2024-06-13T09:41:08Z;-3302;;117
2024-06-13T09:41:09Z;-3290;;129
2024-06-13T09:41:15Z;;3237;-53
2024-06-13T09:41:17Z;-2957;;280
2024-06-13T09:41:18Z;;2836;-121
2024-06-13T09:41:19Z;-2517;;319
2024-06-13T09:41:20Z;;2692;175
2024-06-13T09:41:22Z;;2838;321
2024-06-13T09:41:24Z;;3087;570
2024-06-13T09:41:25Z;;3390;873
2024-06-13T09:41:28Z;-2776;;614
2024-06-13T09:41:29Z;-2910;;480
2024-06-13T09:41:40Z;;3140;230
2024-06-13T09:41:41Z;-2724;;416
2024-06-13T09:41:42Z;;2837;113
2024-06-13T09:41:45Z;-2551;;286
2024-06-13T09:41:53Z;;2581;30
2024-06-13T09:41:54Z;-2281;;300
2024-06-13T09:41:59Z;-2550;;31
2024-06-13T09:42:00Z;;2853;303
2024-06-13T09:42:01Z;-2813;3120;40
2024-06-13T09:42:06Z;-2672;2777;448
2024-06-13T09:42:08Z;-2379;2606;-66
2024-06-13T09:42:09Z;-2528;;78
2024-06-13T09:42:10Z;;2821;293
2024-06-13T09:42:12Z;;2697;169
2024-06-13T09:42:14Z;;2704;176
2024-06-13T09:42:18Z;;2613;85
2024-06-13T09:42:20Z;;2904;376
2024-06-13T09:42:22Z;;2842;314
2024-06-13T09:42:23Z;-2299;;543
2024-06-13T09:42:24Z;;2626;327
2024-06-13T09:42:27Z;-2354;;272
2024-06-13T09:42:31Z;;2709;355
2024-06-13T09:42:34Z;;2745;391
2024-06-13T09:42:36Z;;2659;305
2024-06-13T09:42:38Z;-2747;2772;-88
2024-06-13T09:42:39Z;-2691;;81
2024-06-13T09:42:47Z;-2704;;68
2024-06-13T09:42:48Z;;2686;-18
2024-06-13T09:42:49Z;-2595;;177
2024-06-13T09:42:54Z;-2397;;289
2024-06-13T09:42:56Z;-2175;2314;511
2024-06-13T09:43:04Z;;2079;-96
2024-06-13T09:43:06Z;;2145;-30
2024-06-13T09:43:07Z;-2148;;-3
2024-06-13T09:43:08Z;;2437;289
2024-06-13T09:43:10Z;;2745;597
2024-06-13T09:43:11Z;-2472;;273
2024-06-13T09:43:12Z;;2660;188
2024-06-13T09:43:14Z;;2810;338
2024-06-13T09:43:15Z;-2514;;296
2024-06-13T09:43:18Z;;2650;136
2024-06-13T09:43:19Z;-2549;;101
2024-06-13T09:43:22Z;;2706;157
2024-06-13T09:43:23Z;-2470;;236
2024-06-13T09:43:24Z;-2424;;282
2024-06-13T09:43:26Z;-2760;;-54
2024-06-13T09:43:27Z;;3001;241
2024-06-13T09:43:29Z;-2687;2819;314
2024-06-13T09:43:31Z;;3059;372
2024-06-13T09:43:33Z;-2864;;195
2024-06-13T09:43:34Z;-3069;;-10
2024-06-13T09:43:35Z;;3307;238
2024-06-13T09:43:42Z;-3319;;-12
2024-06-13T09:43:49Z;-3290;;17
2024-06-13T09:43:51Z;-3338;;-31
2024-06-13T09:43:56Z;-3289;;18
2024-06-13T09:44:01Z;-3316;;-9
2024-06-13T09:44:08Z;-3277;;30
2024-06-13T09:44:10Z;-3316;;-9
2024-06-13T09:44:12Z;-3252;;55
2024-06-13T09:44:14Z;-3320;;-13
2024-06-13T09:44:50Z;-3307;;0
2024-06-13T09:44:51Z;;3284;-23
2024-06-13T09:44:52Z;-3301;;-17
2024-06-13T09:44:53Z;;3431;130
2024-06-13T09:45:05Z;;3436;135
2024-06-13T09:45:07Z;-3309;;127
2024-06-13T09:45:14Z;-3297;;139
2024-06-13T09:45:21Z;-3301;;135
2024-06-13T09:45:34Z;-3299;;137
2024-06-13T09:45:35Z;-3300;;136
2024-06-13T09:45:36Z;-3299;;137
2024-06-13T09:45:37Z;-3300;;136
2024-06-13T09:45:38Z;-3297;;139
2024-06-13T09:45:41Z;;3298;1
2024-06-13T09:45:43Z;;3406;109
2024-06-13T09:47:54Z;;3358;61
2024-06-13T09:47:58Z;;3275;-22
2024-06-13T09:48:05Z;;3290;-7
2024-06-13T09:48:08Z;-2737;2723;553
2024-06-13T09:48:09Z;-2520;;203
2024-06-13T09:48:12Z;-2863;;-140
2024-06-13T09:48:13Z;-3082;;-359
2024-06-13T09:48:14Z;;2565;-517
2024-06-13T09:48:16Z;;2808;-274
2024-06-13T09:48:18Z;;3043;-39
2024-06-13T09:48:19Z;;3347;265
2024-06-13T09:49:19Z;;3268;186
2024-06-13T09:49:22Z;;3349;267
2024-06-13T09:50:11Z;;3268;186
2024-06-13T09:50:14Z;;3342;260
2024-06-13T09:51:05Z;;3200;118
2024-06-13T09:51:07Z;;3305;223
2024-06-13T09:52:03Z;;3211;129
2024-06-13T09:52:05Z;;3324;242
2024-06-13T09:53:03Z;;3219;137
2024-06-13T09:53:05Z;;3347;265
2024-06-13T09:53:13Z;;3186;104
2024-06-13T09:53:15Z;-2980;;206
2024-06-13T09:53:16Z;-3187;;-1
2024-06-13T09:53:19Z;;3342;155
2024-06-13T09:53:22Z;;3238;51
2024-06-13T09:53:25Z;;3304;117
2024-06-13T09:54:27Z;;3204;17
2024-06-13T09:54:29Z;;3326;139
2024-06-13T09:54:39Z;;3406;219
2024-06-13T09:54:41Z;;3375;188
2024-06-13T09:54:43Z;-3301;;74
2024-06-13T09:54:44Z;-3299;;76
2024-06-13T09:54:45Z;-3309;;66
2024-06-13T09:54:48Z;-3289;;86
2024-06-13T09:54:54Z;;3294;5
2024-06-13T09:54:55Z;-2960;;334
2024-06-13T09:54:56Z;;2944;-16
2024-06-13T09:54:58Z;;2699;-261
2024-06-13T09:54:59Z;-2677;;22
2024-06-13T09:55:00Z;;2228;-449
2024-06-13T09:55:02Z;;2034;-643
2024-06-13T09:55:05Z;;1713;-964
2024-06-13T09:55:06Z;-2199;;-486
2024-06-13T09:55:07Z;-1733;1871;-20
2024-06-13T09:55:08Z;-1742;;129
2024-06-13T09:55:11Z;-1956;2244;-85
2024-06-13T09:55:19Z;;2429;473
2024-06-13T09:55:20Z;-2367;;62
2024-06-13T09:55:24Z;-2186;2158;243
2024-06-13T09:55:25Z;-2024;;134
2024-06-13T09:55:26Z;;2087;63
2024-06-13T09:55:27Z;-2092;;-5
2024-06-13T09:55:28Z;;2129;37
2024-06-13T09:55:31Z;-2075;;54
2024-06-13T09:55:34Z;-2090;;39
2024-06-13T09:55:36Z;;2410;320
2024-06-13T09:55:38Z;;2353;263
2024-06-13T09:55:40Z;;2421;331
2024-06-13T09:55:42Z;-2442;;-21
2024-06-13T09:55:48Z;;2739;297
2024-06-13T09:55:49Z;-2716;;23
2024-06-13T09:56:06Z;-2640;;99
2024-06-13T09:56:13Z;-2731;;8
2024-06-13T09:56:15Z;-2673;;66
2024-06-13T09:56:18Z;-2742;;-3
2024-06-13T09:56:23Z;-3036;;-297
2024-06-13T09:56:26Z;-2941;;-202
2024-06-13T09:56:29Z;-2657;;82
2024-06-13T09:56:30Z;;2942;285
2024-06-13T09:56:31Z;;2942;285
2024-06-13T09:56:32Z;-2760;;182
2024-06-13T09:56:33Z;;2942;182
2024-06-13T09:56:35Z;;2942;182
2024-06-13T09:56:36Z;-3056;;-114
2024-06-13T09:56:37Z;;2672;-384
2024-06-13T09:56:39Z;;2725;-331
2024-06-13T09:56:41Z;;3036;-20
2024-06-13T09:56:43Z;;3416;360
2024-06-13T09:56:46Z;-3330;;86
2024-06-13T09:57:09Z;-3285;;131
2024-06-13T09:57:11Z;-3323;;93
2024-06-13T09:57:18Z;-3130;3236;286
2024-06-13T09:57:20Z;;3454;324
2024-06-13T09:57:24Z;-3319;;135
2024-06-13T09:57:32Z;-3242;;212
2024-06-13T09:57:34Z;;3242;0
2024-06-13T09:57:36Z;;3372;130
2024-06-13T09:57:38Z;;3264;22
2024-06-13T09:57:41Z;;3322;80
2024-06-13T09:57:45Z;-3310;;12
2024-06-13T09:57:50Z;-3292;;30
2024-06-13T09:57:54Z;;3069;-223
2024-06-13T09:57:55Z;-2840;;229
2024-06-13T09:57:56Z;;2898;58
2024-06-13T09:57:58Z;;3020;180
2024-06-13T09:57:59Z;-2944;;76
2024-06-13T09:58:01Z;;3312;368
2024-06-13T09:58:07Z;-3316;;-4
2024-06-13T09:58:22Z;-3295;;17
2024-06-13T09:58:24Z;-3312;;0
2024-06-13T09:58:29Z;-3199;3220;113
2024-06-13T09:58:31Z;;3333;134
2024-06-13T09:58:32Z;-3304;;29
2024-06-13T09:58:34Z;;2981;-323
2024-06-13T09:58:36Z;-3282;;-301
2024-06-13T09:58:41Z;-2624;2663;357
2024-06-13T09:58:45Z;-2442;;221
2024-06-13T09:58:46Z;-2440;;223
2024-06-13T09:58:48Z;;2752;312
2024-06-13T09:58:50Z;-2805;;-53
2024-06-13T09:58:56Z;-2687;;65
2024-06-13T09:58:57Z;;2639;-48
2024-06-13T09:59:02Z;;2707;20
2024-06-13T09:59:03Z;-2772;;-65
2024-06-13T09:59:07Z;-2653;;54
2024-06-13T09:59:08Z;;2698;45
2024-06-13T09:59:10Z;-3023;2908;-325
2024-06-13T09:59:12Z;;3254;231
2024-06-13T09:59:14Z;;3369;346
2024-06-13T09:59:16Z;;3284;261
2024-06-13T09:59:18Z;-2942;;342
2024-06-13T09:59:20Z;-3064;;220
2024-06-13T09:59:21Z;-3192;3363;92
2024-06-13T09:59:25Z;-3291;3391;72
2024-06-13T09:59:29Z;;3332;41
2024-06-13T09:59:33Z;-3335;;-3
2024-06-13T09:59:35Z;-3294;;38
2024-06-13T09:59:46Z;;3199;-95
2024-06-13T09:59:48Z;-2820;2828;379
2024-06-13T09:59:51Z;;3103;283
2024-06-13T09:59:52Z;-3086;;17
2024-06-13T09:59:53Z;;3381;295
2024-06-13T09:59:57Z;;3297;211
2024-06-13T09:59:58Z;-2918;;379
2024-06-13T09:59:59Z;;2955;37
2024-06-13T10:00:01Z;;2613;-305
2024-06-13T10:00:02Z;;2313;-605
2024-06-13T10:00:05Z;-2584;2024;-271
2024-06-13T10:00:08Z;;2613;29
2024-06-13T10:00:09Z;-2283;;-259
2024-06-13T10:00:12Z;;1725;-558
2024-06-13T10:00:14Z;-2005;1933;-280
2024-06-13T10:00:32Z;-2023;2712;-90
2024-06-13T10:00:34Z;;3082;1059
2024-06-13T10:00:35Z;;2075;52
2024-06-13T10:00:36Z;;2844;821
2024-06-13T10:00:37Z;-2406;2559;438
2024-06-13T10:00:38Z;-2915;;-356
2024-06-13T10:00:39Z;-2579;;-20
2024-06-13T10:00:40Z;-2300;2309;-270
2024-06-13T10:00:41Z;-2123;2082;-218
2024-06-13T10:00:42Z;;2878;755
2024-06-13T10:00:44Z;;2169;46
2024-06-13T10:00:46Z;-2493;;-324
2024-06-13T10:00:47Z;-3257;3136;643
2024-06-13T10:00:49Z;-2880;;256
2024-06-13T10:00:50Z;-2656;;480
2024-06-13T10:00:51Z;;2926;270
2024-06-13T10:00:53Z;-2810;2696;116
2024-06-13T10:00:55Z;;2809;-1
2024-06-13T10:00:57Z;;3006;196
2024-06-13T10:00:58Z;;2938;128
2024-06-13T10:00:59Z;-3234;;-296
2024-06-13T10:01:01Z;-3367;3099;-429
2024-06-13T10:01:03Z;;3428;61
2024-06-13T10:01:11Z;-3283;;145
2024-06-13T10:01:12Z;;3121;-162
2024-06-13T10:01:13Z;-2974;;147
2024-06-13T10:01:15Z;;2985;11
2024-06-13T10:01:17Z;-3042;;-57
2024-06-13T10:01:18Z;-2978;3226;248
2024-06-13T10:01:19Z;-2678;;548
2024-06-13T10:01:20Z;-3004;;222
2024-06-13T10:01:25Z;-2952;;274
2024-06-13T10:01:26Z;-3052;;174
2024-06-13T10:01:27Z;;3304;252
2024-06-13T10:01:29Z;;3259;207
2024-06-13T10:01:31Z;;3334;282
2024-06-13T10:01:34Z;-3328;;6
2024-06-13T10:01:39Z;-3287;;47
2024-06-13T10:01:40Z;-3314;;20
2024-06-13T10:02:09Z;-3273;;61
2024-06-13T10:02:10Z;;3226;-47
2024-06-13T10:02:16Z;;3449;176
2024-06-13T10:02:17Z;-3353;;96
2024-06-13T10:02:32Z;;3107;-246
2024-06-13T10:02:33Z;-3060;;47
2024-06-13T10:02:34Z;;2856;-204
2024-06-13T10:02:36Z;;2391;-669
2024-06-13T10:02:38Z;;2636;-424
2024-06-13T10:02:39Z;;3114;54
2024-06-13T10:02:40Z;-2864;;250
2024-06-13T10:02:41Z;-2437;3320;677
2024-06-13T10:02:42Z;-2423;;897
2024-06-13T10:02:43Z;-2854;;466
2024-06-13T10:02:44Z;-3325;;-5
2024-06-13T10:03:04Z;-3293;;27
2024-06-13T10:03:07Z;-3344;;-24
2024-06-13T10:03:12Z;-3234;3171;86
2024-06-13T10:03:14Z;;2672;-562
2024-06-13T10:03:16Z;-2719;2330;-47
2024-06-13T10:03:17Z;-2346;;-16
2024-06-13T10:03:18Z;-1733;;597
2024-06-13T10:03:19Z;-1700;;630
2024-06-13T10:03:20Z;-2058;2004;304
2024-06-13T10:03:22Z;-2408;;-404
2024-06-13T10:03:23Z;;1764;-644
2024-06-13T10:03:25Z;-2263;1928;-480
2024-06-13T10:03:26Z;-2043;2259;-4
2024-06-13T10:03:27Z;-1890;;369
2024-06-13T10:03:28Z;;2500;610
2024-06-13T10:03:29Z;-2431;;69
2024-06-13T10:03:30Z;;2305;-126
2024-06-13T10:03:31Z;;2077;-354
2024-06-13T10:03:33Z;-3096;2278;-153
2024-06-13T10:03:35Z;-3347;;-1069
2024-06-13T10:03:38Z;;2411;-936
2024-06-13T10:03:40Z;;2932;-415
2024-06-13T10:03:41Z;;3384;37
2024-06-13T10:03:45Z;-3257;;127
2024-06-13T10:03:46Z;;3219;-38
2024-06-13T10:03:49Z;;3391;134
2024-06-13T10:03:52Z;;3055;-202
2024-06-13T10:03:53Z;-2678;;377
2024-06-13T10:03:54Z;;2652;-26
2024-06-13T10:03:58Z;-2348;2351;304
2024-06-13T10:04:02Z;-2094;2701;607
2024-06-13T10:04:04Z;;3447;1353
2024-06-13T10:04:06Z;-2370;;1077
2024-06-13T10:04:07Z;-3201;;246
2024-06-13T10:04:08Z;-3402;;45
2024-06-13T10:04:20Z;-3074;2940;373
2024-06-13T10:04:22Z;;2126;-948
2024-06-13T10:04:24Z;;1838;-1236
2024-06-13T10:04:25Z;;1760;-1314
2024-06-13T10:04:26Z;-2239;;-479
2024-06-13T10:04:28Z;-1841;1954;-81
2024-06-13T10:04:30Z;;2292;451
2024-06-13T10:04:31Z;;2583;742
2024-06-13T10:04:32Z;-1827;;756
2024-06-13T10:04:33Z;-2405;2781;376
2024-06-13T10:04:34Z;-2719;;62
2024-06-13T10:04:35Z;-2524;2827;108
2024-06-13T10:04:36Z;-2325;;502
2024-06-13T10:04:38Z;-2023;;804
2024-06-13T10:04:39Z;;2395;372
2024-06-13T10:04:41Z;;2477;454
2024-06-13T10:04:42Z;;2253;230
2024-06-13T10:04:44Z;-1973;2064;41
2024-06-13T10:04:46Z;-3132;2172;-1068
2024-06-13T10:04:48Z;;2864;-268
2024-06-13T10:04:50Z;;3322;190
2024-06-13T10:04:51Z;;3178;46
2024-06-13T10:04:52Z;-2893;;285
2024-06-13T10:04:54Z;-3012;;166
2024-06-13T10:04:55Z;;2952;-60
2024-06-13T10:04:57Z;;3135;123
2024-06-13T10:04:58Z;-2784;;351
2024-06-13T10:04:59Z;-2331;;804
2024-06-13T10:05:00Z;-1614;;1521
2024-06-13T10:05:01Z;;2770;1156
2024-06-13T10:05:03Z;;1763;149
2024-06-13T10:05:04Z;;1763;149
2024-06-13T10:05:10Z;-1508;;255
2024-06-13T10:05:11Z;-1486;;277
2024-06-13T10:05:20Z;;1896;410
2024-06-13T10:05:21Z;-1803;;93
2024-06-13T10:05:23Z;-2143;2297;-247
2024-06-13T10:05:27Z;-2032;2235;265
2024-06-13T10:05:32Z;-1888;;347
2024-06-13T10:05:33Z;;2327;439
2024-06-13T10:05:34Z;-2504;;-177
2024-06-13T10:05:35Z;;2709;205
2024-06-13T10:05:36Z;;3072;568
2024-06-13T10:05:38Z;-2827;2789;245
2024-06-13T10:05:39Z;-2414;;375
2024-06-13T10:05:40Z;;2400;-14
2024-06-13T10:05:42Z;;2225;-189
2024-06-13T10:05:44Z;;1902;-512
2024-06-13T10:05:45Z;;1721;-693
2024-06-13T10:05:46Z;-2179;;-458
2024-06-13T10:05:48Z;;1498;-681
2024-06-13T10:05:49Z;-1909;;-411
2024-06-13T10:05:50Z;;1500;-409
2024-06-13T10:05:52Z;;1476;-433
2024-06-13T10:05:53Z;-1708;;-232
2024-06-13T10:05:54Z;-1541;;-65
2024-06-13T10:06:08Z;-1204;;272
2024-06-13T10:06:09Z;-1199;;277
2024-06-13T10:06:23Z;-1512;1617;-36
2024-06-13T10:06:25Z;;1889;377
2024-06-13T10:06:27Z;-1770;2204;119
2024-06-13T10:06:28Z;-2285;;-81
2024-06-13T10:06:29Z;-2187;;17
2024-06-13T10:06:30Z;-1950;;254
2024-06-13T10:06:31Z;;2433;483
2024-06-13T10:06:33Z;;2170;220
2024-06-13T10:06:35Z;;1978;28
2024-06-13T10:06:36Z;-2077;;-99
2024-06-13T10:06:37Z;;2251;174
2024-06-13T10:06:38Z;-2988;;-737
2024-06-13T10:06:39Z;;2748;-240
2024-06-13T10:06:41Z;;3263;275
2024-06-13T10:06:43Z;;3477;489
2024-06-13T10:06:44Z;-3319;;158
2024-06-13T10:06:48Z;-3324;;153
2024-06-13T10:06:50Z;;3129;-195
2024-06-13T10:06:51Z;-2947;;182
2024-06-13T10:06:52Z;-3081;3249;168
2024-06-13T10:06:54Z;-3318;;-69
2024-06-13T10:06:55Z;-3288;;-39
2024-06-13T10:06:56Z;;3196;-92
2024-06-13T10:06:57Z;-2992;;204
2024-06-13T10:06:58Z;;2979;-13
2024-06-13T10:07:00Z;-3004;3177;-25
2024-06-13T10:07:06Z;-2738;2708;439
2024-06-13T10:07:08Z;;2193;-545
2024-06-13T10:07:09Z;;1778;-960
2024-06-13T10:07:10Z;-2284;;-506
2024-06-13T10:07:11Z;-1615;;163
2024-06-13T10:07:14Z;-1482;;296
2024-06-13T10:07:15Z;;1479;-3
2024-06-13T10:07:28Z;;1510;28
2024-06-13T10:07:29Z;-1522;;-12
2024-06-13T10:07:30Z;-1933;2213;-423
2024-06-13T10:07:31Z;-2511;;-298
2024-06-13T10:07:32Z;-2961;;-748
2024-06-13T10:07:33Z;;2759;-202
2024-06-13T10:07:34Z;-3293;;-534
2024-06-13T10:07:35Z;;3186;-107
2024-06-13T10:07:37Z;-3325;;-139
2024-06-13T10:07:38Z;;3438;113
2024-06-13T10:07:53Z;-3227;;211
2024-06-13T10:07:55Z;;3188;-39
2024-06-13T10:07:56Z;-2615;;573
2024-06-13T10:07:57Z;;2493;-122
2024-06-13T10:07:59Z;;2021;-594
2024-06-13T10:08:01Z;;1751;-864
2024-06-13T10:08:03Z;;1811;-804
2024-06-13T10:08:04Z;;2647;32
2024-06-13T10:08:05Z;-2059;;588
2024-06-13T10:08:06Z;;3344;1285
2024-06-13T10:08:07Z;;3181;1122
2024-06-13T10:08:09Z;-1700;;1481
2024-06-13T10:08:10Z;-2345;;836
2024-06-13T10:08:11Z;-3069;;112
2024-06-13T10:08:12Z;;3340;271
2024-06-13T10:08:13Z;;3269;200
2024-06-13T10:08:15Z;-3360;;-91
2024-06-13T10:08:16Z;-3233;2951;-409
2024-06-13T10:08:17Z;;2630;-603
2024-06-13T10:08:19Z;;2329;-904
2024-06-13T10:08:20Z;-2947;;-618
2024-06-13T10:08:21Z;;2582;-365
2024-06-13T10:08:22Z;;2812;-135
2024-06-13T10:08:24Z;;2612;-335
2024-06-13T10:08:26Z;;2806;-141
2024-06-13T10:08:27Z;-2308;;498
2024-06-13T10:08:28Z;-2227;;579
2024-06-13T10:08:29Z;-2736;3181;954
2024-06-13T10:08:30Z;;3424;688
2024-06-13T10:08:31Z;-2530;;894
2024-06-13T10:08:32Z;-2946;;478
2024-06-13T10:08:33Z;-3267;;157
2024-06-13T10:08:34Z;-3353;;71
2024-06-13T10:08:35Z;-3191;;233
2024-06-13T10:08:37Z;-3311;3252;-59
2024-06-13T10:08:38Z;-3215;;37
2024-06-13T10:08:39Z;;3400;185
2024-06-13T10:08:40Z;-3318;;82
2024-06-13T10:08:43Z;-3231;;169
2024-06-13T10:08:46Z;;3230;-1
2024-06-13T10:08:47Z;-3054;;176
2024-06-13T10:08:49Z;;2974;-80
2024-06-13T10:08:53Z;-2708;;266
2024-06-13T10:08:55Z;;2671;-37
2024-06-13T10:08:58Z;-2199;2208;472
2024-06-13T10:09:00Z;;2020;-179
2024-06-13T10:09:02Z;;2172;-27
2024-06-13T10:09:04Z;;2087;-112
2024-06-13T10:09:05Z;-1986;;101
2024-06-13T10:09:06Z;-2118;;-31
2024-06-13T10:09:07Z;;2248;130
2024-06-13T10:09:09Z;;2413;295
2024-06-13T10:09:10Z;-2558;2378;-145
2024-06-13T10:09:11Z;-2756;;-378
2024-06-13T10:09:12Z;-2705;;-327
2024-06-13T10:09:14Z;-2712;;-334
2024-06-13T10:09:15Z;;2477;-235
2024-06-13T10:09:17Z;;2719;7
2024-06-13T10:09:18Z;-2657;;62
2024-06-13T10:09:21Z;;2594;-63
2024-06-13T10:09:26Z;;2787;130
2024-06-13T10:09:27Z;-2730;;57
2024-06-13T10:09:28Z;-2663;;124
2024-06-13T10:09:29Z;;2660;-3
2024-06-13T10:09:32Z;-2391;;269
2024-06-13T10:09:34Z;;2216;-175
2024-06-13T10:09:35Z;-2013;;203
2024-06-13T10:09:36Z;;2080;67
2024-06-13T10:09:37Z;;2185;172
2024-06-13T10:09:40Z;-2164;;21
2024-06-13T10:09:41Z;-2132;2054;53
2024-06-13T10:09:43Z;;2138;6
2024-06-13T10:09:45Z;-2186;;-48
2024-06-13T10:09:46Z;;2418;232
2024-06-13T10:09:50Z;-2444;;-26
2024-06-13T10:09:54Z;-2438;;-20
2024-06-13T10:09:57Z;-2400;;18
2024-06-13T10:10:01Z;-2389;;29
2024-06-13T10:10:03Z;-2405;;13
2024-06-13T10:10:11Z;;2781;79
2024-06-13T10:10:12Z;-2702;;-284
2024-06-13T10:10:13Z;;2846;144
2024-06-13T10:10:15Z;-3021;;-175
2024-06-13T10:10:16Z;-2937;;-91
2024-06-13T10:10:18Z;-3003;;-157
2024-06-13T10:10:19Z;;3386;383
2024-06-13T10:10:23Z;;3131;128
2024-06-13T10:10:26Z;-2979;;152
2024-06-13T10:10:27Z;-3135;3305;-4
2024-06-13T10:10:29Z;-3314;;-9
2024-06-13T10:10:52Z;-1539;2742;1766
2024-06-13T10:10:54Z;;3029;1490
2024-06-13T10:10:55Z;-1291;2977;1738
2024-06-13T10:10:57Z;-2511;;466
2024-06-13T10:10:58Z;-1503;;1474
2024-06-13T10:10:59Z;-2902;;75
2024-06-13T10:11:00Z;-2593;;384
2024-06-13T10:11:01Z;;1645;-948
2024-06-13T10:11:02Z;-2759;;-1114
2024-06-13T10:11:04Z;;2176;-583
2024-06-13T10:11:05Z;-3307;;-1131
2024-06-13T10:12:13Z;-3299;;-1123
2024-06-13T10:12:18Z;-3300;;-1124
2024-06-13T10:12:19Z;-3298;;-1122
2024-06-13T10:13:26Z;;3287;-11
2024-06-13T10:13:28Z;;3373;75
2024-06-13T10:14:21Z;;3182;-116
2024-06-13T10:14:23Z;;3372;74
2024-06-13T10:15:05Z;;3386;88
2024-06-13T10:15:07Z;-3261;;125
2024-06-13T10:15:18Z;;3256;-5
2024-06-13T10:15:20Z;;3364;103
2024-06-13T10:15:59Z;;3247;-14
2024-06-13T10:16:01Z;-2956;;291
2024-06-13T10:16:06Z;-3140;;107
2024-06-13T10:16:08Z;;3324;184
2024-06-13T10:16:10Z;;3291;151
2024-06-13T10:16:11Z;-3041;;250
2024-06-13T10:16:13Z;-2534;;757
2024-06-13T10:16:14Z;-2788;;503
2024-06-13T10:16:15Z;;2757;-31
2024-06-13T10:16:16Z;;2655;-133
2024-06-13T10:16:18Z;;2945;157
2024-06-13T10:16:19Z;-2423;;522
2024-06-13T10:16:20Z;-2132;;813
2024-06-13T10:16:21Z;;3009;877
2024-06-13T10:16:22Z;-2411;;598
2024-06-13T10:16:23Z;;2802;391
2024-06-13T10:16:24Z;-3160;;-358
2024-06-13T10:16:27Z;-3303;2183;-977
2024-06-13T10:16:28Z;-3297;;-1114
2024-06-13T10:16:30Z;;2444;-853
2024-06-13T10:16:31Z;-2861;;-417
2024-06-13T10:16:32Z;-2593;2977;-149
2024-06-13T10:16:33Z;-2031;;946
2024-06-13T10:16:34Z;-1450;;1527
2024-06-13T10:16:35Z;;3317;1867
2024-06-13T10:16:36Z;-1114;;2203
2024-06-13T10:16:38Z;;3102;1988
2024-06-13T10:16:39Z;-1352;;1750
2024-06-13T10:16:40Z;-1662;;1440
2024-06-13T10:16:41Z;-2272;2947;675
2024-06-13T10:16:42Z;-2962;;-15
2024-06-13T10:16:43Z;;2558;-404
2024-06-13T10:16:44Z;-3257;;-699
2024-06-13T10:16:45Z;;1955;-1302
2024-06-13T10:16:46Z;;1392;-1865
2024-06-13T10:16:48Z;;1135;-2122
2024-06-13T10:16:50Z;-2929;1274;-1983
2024-06-13T10:16:52Z;-3081;;-1807
2024-06-13T10:16:53Z;-2981;1838;-1243
2024-06-13T10:16:54Z;-2583;;-745
2024-06-13T10:16:55Z;-2745;2549;-34
2024-06-13T10:16:56Z;-2534;;15
2024-06-13T10:16:58Z;-2372;;177
2024-06-13T10:16:59Z;-2421;;128
2024-06-13T10:17:00Z;-2279;3392;971
2024-06-13T10:17:01Z;;3132;853
2024-06-13T10:17:03Z;;2985;706
2024-06-13T10:17:04Z;-2650;;335
2024-06-13T10:17:05Z;-3219;;-234
2024-06-13T10:17:06Z;-2832;;153
2024-06-13T10:17:08Z;-2433;;552
2024-06-13T10:17:09Z;-2413;;572
2024-06-13T10:17:10Z;-3270;;-285
2024-06-13T10:17:11Z;;2641;-629
2024-06-13T10:17:13Z;;2788;-482
2024-06-13T10:17:14Z;-2836;;-48
2024-06-13T10:17:15Z;-2057;;731
2024-06-13T10:17:17Z;;2308;251
2024-06-13T10:17:19Z;-1266;2929;1042
2024-06-13T10:17:21Z;-1149;;1780
2024-06-13T10:17:23Z;;3387;2238
2024-06-13T10:17:24Z;-1634;;1753
2024-06-13T10:17:25Z;;2841;1207
2024-06-13T10:17:26Z;-2858;2488;-17
2024-06-13T10:17:27Z;-3198;;-710
2024-06-13T10:17:28Z;-3280;;-792
2024-06-13T10:17:30Z;;1947;-1333
2024-06-13T10:17:32Z;;1583;-1697
2024-06-13T10:17:34Z;;1400;-1880
2024-06-13T10:17:36Z;;1807;-1473
2024-06-13T10:17:37Z;;2447;-833
2024-06-13T10:17:39Z;;3087;-193
2024-06-13T10:17:41Z;;3413;133
2024-06-13T10:17:42Z;-3296;;117
2024-06-13T10:17:43Z;;3281;-15
2024-06-13T10:17:44Z;;3358;62
2024-06-13T10:18:34Z;;3276;-20
2024-06-13T10:18:36Z;;3334;38
2024-06-13T10:19:15Z;;3241;-55
2024-06-13T10:19:17Z;;3320;24
2024-06-13T10:20:13Z;;3233;-63
2024-06-13T10:20:15Z;;3318;22
2024-06-13T10:21:31Z;;3293;-3
2024-06-13T10:21:33Z;-2911;2983;382
2024-06-13T10:21:35Z;;3170;259
2024-06-13T10:21:37Z;-2854;;316
2024-06-13T10:21:39Z;;3325;471
2024-06-13T10:21:45Z;;3231;377
2024-06-13T10:21:47Z;;3318;464
2024-06-13T10:22:11Z;;3291;437
2024-06-13T10:22:13Z;;3303;449
2024-06-13T10:23:19Z;;3187;333
2024-06-13T10:23:20Z;-2942;;245
2024-06-13T10:23:21Z;;2991;49
2024-06-13T10:23:23Z;;3092;150
2024-06-13T10:23:25Z;-2606;2796;486
2024-06-13T10:23:29Z;-2729;3088;67
2024-06-13T10:23:31Z;;3303;574
2024-06-13T10:23:33Z;-3103;;200
2024-06-13T10:24:37Z;;3240;137
2024-06-13T10:24:39Z;;3320;217
2024-06-13T10:25:33Z;;3230;127
2024-06-13T10:25:35Z;;3323;220
2024-06-13T10:27:25Z;;3288;185
2024-06-13T10:27:27Z;;3305;202
2024-06-13T10:27:35Z;;3294;191
2024-06-13T10:27:37Z;;3300;197
2024-06-13T10:27:39Z;;3298;195
2024-06-13T10:28:13Z;-3036;;262
2024-06-13T10:28:17Z;-3008;;290
2024-06-13T10:28:30Z;-2969;;329
2024-06-13T10:28:33Z;;2966;-3
2024-06-13T10:28:35Z;-2688;;278
2024-06-13T10:28:36Z;-2661;;305
2024-06-13T10:28:37Z;;3060;399
2024-06-13T10:28:39Z;;2978;317
2024-06-13T10:28:41Z;;2603;-58
2024-06-13T10:28:43Z;-2531;;72
2024-06-13T10:28:45Z;;2834;303
2024-06-13T10:28:46Z;-2885;;-51
2024-06-13T10:28:50Z;-3015;;-181
2024-06-13T10:28:55Z;-2811;2823;23
2024-06-13T10:28:57Z;;2630;-181
2024-06-13T10:28:59Z;-2587;2763;43
2024-06-13T10:29:00Z;-2859;;-96
2024-06-13T10:29:01Z;-3149;;-386
2024-06-13T10:29:03Z;;3105;-44
2024-06-13T10:29:05Z;;3301;152
2024-06-13T10:29:07Z;;3296;147
2024-06-13T10:29:10Z;;3303;154
2024-06-13T10:29:16Z;;3281;132
2024-06-13T10:29:53Z;-1700;;1581
2024-06-13T10:29:54Z;-3001;;280
2024-06-13T10:29:55Z;-2997;;284
2024-06-13T10:29:58Z;-3001;;280
2024-06-13T10:30:05Z;;3271;270
2024-06-13T10:30:07Z;-3026;;245
2024-06-13T10:30:10Z;-2957;;314
2024-06-13T10:30:27Z;-2827;;444
2024-06-13T10:30:28Z;;3292;465
2024-06-13T10:30:30Z;;3032;205
2024-06-13T10:30:31Z;-2965;;67
2024-06-13T10:30:33Z;-2446;;586
2024-06-13T10:30:36Z;-3043;;-11
2024-06-13T10:30:39Z;;3301;258
2024-06-13T10:30:40Z;-3002;;299
2024-06-13T10:30:42Z;-2974;;327
2024-06-13T10:30:44Z;-2831;;470
2024-06-13T10:30:45Z;;2819;-12
2024-06-13T10:30:47Z;;2651;-180
2024-06-13T10:30:49Z;;2750;-81
2024-06-13T10:30:50Z;-2730;;20
2024-06-13T10:30:53Z;;3007;277
2024-06-13T10:31:00Z;-2672;2859;335
2024-06-13T10:31:02Z;;3086;414
2024-06-13T10:31:04Z;-2822;;264
2024-06-13T10:31:06Z;-3004;;82
2024-06-13T10:31:07Z;-2987;;99
2024-06-13T10:31:08Z;-3015;;71
2024-06-13T10:31:09Z;;3320;305
2024-06-13T10:31:12Z;;3271;256
2024-06-13T10:31:14Z;;3347;332
2024-06-13T10:31:20Z;-2955;2981;392
2024-06-13T10:31:22Z;;2328;-627
2024-06-13T10:31:24Z;;2011;-944
2024-06-13T10:31:26Z;-2320;2238;-717
2024-06-13T10:31:28Z;-1906;2533;332
2024-06-13T10:31:30Z;;2843;937
2024-06-13T10:31:32Z;;3250;1344
2024-06-13T10:31:34Z;-1792;3367;1461
2024-06-13T10:31:36Z;-1927;;1440
2024-06-13T10:31:38Z;-2253;3298;1114
2024-06-13T10:31:40Z;;2986;733
2024-06-13T10:31:42Z;;3097;844
2024-06-13T10:31:43Z;-2914;;183
2024-06-13T10:31:44Z;-2975;;122
2024-06-13T10:31:46Z;-3017;;80
2024-06-13T10:31:47Z;;3312;295
2024-06-13T10:31:59Z;;3375;358
2024-06-13T10:32:01Z;-2752;3198;623
2024-06-13T10:32:03Z;;2862;110
2024-06-13T10:32:05Z;-2532;3177;330
2024-06-13T10:32:09Z;-2749;;428
2024-06-13T10:32:10Z;-3122;;55
2024-06-13T10:32:14Z;-3063;3228;114
2024-06-13T10:32:18Z;-3132;3389;326
2024-06-13T10:32:38Z;;3277;145
2024-06-13T10:32:39Z;-2996;;281
2024-06-13T10:32:41Z;;3344;348
2024-06-13T10:32:43Z;-3055;;289
2024-06-13T10:32:47Z;;3112;57
2024-06-13T10:32:48Z;-2511;;601
2024-06-13T10:32:49Z;;2590;79
2024-06-13T10:32:51Z;;2367;-144
2024-06-13T10:32:52Z;-2261;2841;106
2024-06-13T10:32:53Z;-2452;;389
2024-06-13T10:32:54Z;-2836;;5
2024-06-13T10:32:55Z;-3103;3121;285
2024-06-13T10:32:57Z;;3356;253
2024-06-13T10:33:35Z;;3291;400
2024-06-13T10:33:36Z;-2891;;465
2024-06-13T10:33:38Z;;3361;470
2024-06-13T10:33:40Z;-3092;;269
2024-06-13T10:33:41Z;-2893;;468
2024-06-13T10:33:42Z;-2562;;799
2024-06-13T10:33:43Z;-2402;3298;736
2024-06-13T10:33:45Z;;2687;285
2024-06-13T10:33:46Z;;3180;778
2024-06-13T10:33:47Z;-3113;;67
2024-06-13T10:33:49Z;;3378;265
2024-06-13T10:33:52Z;;3159;46
2024-06-13T10:33:53Z;-2849;;310
2024-06-13T10:33:57Z;-2432;2998;566
2024-06-13T10:33:59Z;;2392;-40
2024-06-13T10:34:00Z;;1712;-720
2024-06-13T10:34:01Z;-1753;;-41
2024-06-13T10:34:02Z;-1129;;583
2024-06-13T10:34:03Z;;1330;201
2024-06-13T10:34:04Z;-1103;;227
2024-06-13T10:34:05Z;;1151;48
2024-06-13T10:34:07Z;;1398;295
2024-06-13T10:34:08Z;;1720;617
2024-06-13T10:34:10Z;;1943;840
2024-06-13T10:34:11Z;-1470;;473
2024-06-13T10:34:12Z;-2047;;-104
2024-06-13T10:34:14Z;;2435;388
2024-06-13T10:34:15Z;;3058;1011
2024-06-13T10:34:16Z;-2590;;468
2024-06-13T10:34:17Z;-2866;;192
2024-06-13T10:34:20Z;;3392;526
2024-06-13T10:34:21Z;;3387;521
2024-06-13T10:34:23Z;-3076;3336;311
2024-06-13T10:34:36Z;;3322;246
2024-06-13T10:34:37Z;-2999;;323
2024-06-13T10:34:42Z;-3087;3344;235
2024-06-13T10:35:43Z;;3299;212
2024-06-13T10:35:45Z;;3309;222
2024-06-13T10:35:53Z;;3299;212
2024-06-13T10:35:57Z;;3300;213
2024-06-13T10:35:59Z;;3298;211
2024-06-13T10:36:02Z;-3040;;258
2024-06-13T10:36:05Z;-3042;;256
2024-06-13T10:36:11Z;-2965;;333
2024-06-13T10:36:14Z;-3034;;264
2024-06-13T10:36:52Z;-2991;;307
2024-06-13T10:36:53Z;;2871;-120
2024-06-13T10:36:54Z;-2382;;489
2024-06-13T10:36:55Z;;2403;21
2024-06-13T10:37:01Z;;2618;236
2024-06-13T10:37:02Z;-2618;;0
2024-06-13T10:37:03Z;;2966;348
2024-06-13T10:37:06Z;-2912;;54
2024-06-13T10:37:07Z;-3005;;-39
2024-06-13T10:37:22Z;-2995;;-29
2024-06-13T10:37:26Z;-3000;;-34
2024-06-13T10:37:27Z;-2994;;-28
2024-06-13T10:37:34Z;-3000;;-34
2024-06-13T10:37:46Z;-2999;;-33
2024-06-13T10:37:47Z;-3000;;-34
2024-06-13T10:37:48Z;-2996;;-30
2024-06-13T10:38:23Z;-3000;;-34
2024-06-13T10:38:47Z;-2996;;-30
2024-06-13T10:38:48Z;-3007;;-41
2024-06-13T10:38:50Z;-2955;;11
2024-06-13T10:38:53Z;-3033;;-67
2024-06-13T10:39:04Z;-3011;;-45
2024-06-13T10:39:11Z;-3005;;-39
2024-06-13T10:39:19Z;-2981;;-15
2024-06-13T10:39:21Z;-2935;;31
2024-06-13T10:39:46Z;-2993;;-27
2024-06-13T10:39:49Z;-3010;;-44
2024-06-13T10:40:15Z;-2981;;-15
2024-06-13T10:40:16Z;;2870;-111
2024-06-13T10:40:17Z;-2617;;253
2024-06-13T10:40:18Z;-2747;3025;123
2024-06-13T10:40:20Z;-2524;2938;501
2024-06-13T10:40:22Z;;2658;134
2024-06-13T10:40:24Z;-2350;;308
2024-06-13T10:40:25Z;-1942;;716
2024-06-13T10:40:26Z;;2273;331
2024-06-13T10:40:27Z;-1780;;493
2024-06-13T10:40:28Z;-1914;;359
2024-06-13T10:40:29Z;-2112;1975;61
2024-06-13T10:40:31Z;;2168;56
2024-06-13T10:40:32Z;;2408;296
2024-06-13T10:40:34Z;-2528;2725;-120
2024-06-13T10:40:35Z;-2396;;329
2024-06-13T10:40:36Z;;2496;100
2024-06-13T10:40:37Z;;2372;-24
2024-06-13T10:40:39Z;-2662;2618;-290
2024-06-13T10:40:41Z;;3036;374
2024-06-13T10:40:43Z;;3315;653
2024-06-13T10:40:45Z;-2988;3204;542
2024-06-13T10:40:46Z;-3065;;139
2024-06-13T10:40:47Z;;3328;263
2024-06-13T10:40:48Z;-2924;;404
2024-06-13T10:40:49Z;-3032;;296
2024-06-13T10:41:20Z;;3349;317
2024-06-13T10:41:22Z;-2929;;420
2024-06-13T10:41:24Z;-2558;2558;791
2024-06-13T10:41:26Z;;2051;-507
2024-06-13T10:41:28Z;;2237;-321
2024-06-13T10:41:29Z;;2521;-37
2024-06-13T10:41:31Z;-2181;2900;340
2024-06-13T10:41:32Z;-2803;;97
2024-06-13T10:41:33Z;-3115;3305;-215
2024-06-13T10:41:48Z;-2944;;361
2024-06-13T10:41:50Z;-2655;;650
2024-06-13T10:41:52Z;-2373;;932
2024-06-13T10:41:54Z;-1781;;1524
2024-06-13T10:41:56Z;-1101;;2204
2024-06-13T10:42:01Z;-1200;;2105
2024-06-13T10:42:05Z;-1699;;1606
2024-06-13T10:42:06Z;-1848;;1457
2024-06-13T10:42:07Z;-1779;;1526
2024-06-13T10:42:14Z;-1669;;1636
2024-06-13T10:42:17Z;-1736;;1569
2024-06-13T10:42:24Z;-1493;;1812
2024-06-13T10:42:30Z;-1755;;1550
2024-06-13T10:42:32Z;-1954;;1351
2024-06-13T10:42:34Z;-2651;;654
2024-06-13T10:42:35Z;-2727;;578
2024-06-13T10:42:36Z;-2630;;675
2024-06-13T10:42:38Z;-2374;;931
2024-06-13T10:42:39Z;-2561;;744
2024-06-13T10:42:42Z;-3042;;263
2024-06-13T10:42:43Z;-2880;;425
2024-06-13T10:42:44Z;-2473;;832
2024-06-13T10:42:45Z;-2355;;950
2024-06-13T10:42:47Z;-2492;;813
2024-06-13T10:42:48Z;-2395;;910
2024-06-13T10:42:49Z;-2502;;803
2024-06-13T10:42:51Z;-2540;;765
2024-06-13T10:42:53Z;-3058;;247
2024-06-13T10:43:47Z;-2910;;395
2024-06-13T10:43:49Z;-3123;;182
2024-06-13T10:43:52Z;-3140;;165
2024-06-13T10:43:54Z;-2372;;933
2024-06-13T10:43:55Z;-1803;;1502
2024-06-13T10:43:59Z;-1886;;1419
2024-06-13T10:44:01Z;-1938;;1367
2024-06-13T10:44:03Z;-2485;;820
2024-06-13T10:44:04Z;-2805;;500
2024-06-13T10:44:06Z;-2924;;381
2024-06-13T10:44:07Z;-2672;;633
2024-06-13T10:44:09Z;-2678;;627
2024-06-13T10:44:11Z;-2629;;676
2024-06-13T10:44:12Z;-2546;;759
2024-06-13T10:44:14Z;-3064;;241
2024-06-13T10:44:24Z;-2603;;702
2024-06-13T10:44:28Z;-2669;;636
2024-06-13T10:44:32Z;-3097;;208
2024-06-13T10:45:05Z;;3385;288
2024-06-13T10:45:06Z;;3130;33
2024-06-13T10:45:07Z;-3141;;-11
2024-06-13T10:45:09Z;;3075;-66
2024-06-13T10:45:11Z;;3339;198
2024-06-13T10:45:13Z;;3110;-31
2024-06-13T10:45:49Z;;3261;120
2024-06-13T10:45:51Z;;3342;201
2024-06-13T10:45:58Z;;3284;143
2024-06-13T10:46:04Z;-2950;3308;334
2024-06-13T10:46:05Z;-3054;;254
2024-06-13T10:46:37Z;;3292;238
2024-06-13T10:46:39Z;;3309;255
2024-06-13T10:46:51Z;;3297;243
2024-06-13T10:46:56Z;-2796;2935;501
2024-06-13T10:46:57Z;-2608;;327
2024-06-13T10:47:01Z;-2770;;165
2024-06-13T10:47:02Z;;3017;247
2024-06-13T10:47:03Z;-3060;;-43
2024-06-13T10:47:31Z;;3298;238
2024-06-13T10:47:35Z;;3289;229
2024-06-13T10:47:37Z;-2846;;443
2024-06-13T10:47:38Z;;2926;80
2024-06-13T10:47:40Z;-2672;2692;254
2024-06-13T10:47:42Z;;2210;-462
2024-06-13T10:47:44Z;;1412;-1260
2024-06-13T10:47:46Z;-2361;1084;-1588
2024-06-13T10:47:48Z;-1026;;58
2024-06-13T10:47:49Z;-889;1397;195
2024-06-13T10:47:50Z;-1278;;119
2024-06-13T10:47:51Z;-994;1505;227
2024-06-13T10:47:53Z;-2444;;-939
2024-06-13T10:47:54Z;;1228;-1216
2024-06-13T10:47:55Z;-2971;;-1743
2024-06-13T10:47:59Z;-3180;;-1952
2024-06-13T10:49:18Z;-2958;;-1730
2024-06-13T10:49:21Z;-3029;;-1801
2024-06-13T10:50:08Z;-2863;;-1635
2024-06-13T10:50:09Z;-2373;;-1145
2024-06-13T10:50:10Z;-1432;;-204
2024-06-13T10:50:12Z;-1233;;-5
2024-06-13T10:50:14Z;-2263;;-1035
2024-06-13T10:50:16Z;-2702;;-1474
2024-06-13T10:50:18Z;-3253;;-2025
2024-06-13T10:50:19Z;-3300;;-2072
2024-06-13T10:50:21Z;-3299;;-2071
2024-06-13T10:50:22Z;-3300;;-2072
2024-06-13T10:50:23Z;-3297;;-2069
2024-06-13T10:50:38Z;-3305;;-2077
2024-06-13T10:50:39Z;-3291;;-2063
2024-06-13T10:50:42Z;-3300;;-2072
2024-06-13T10:50:50Z;-3254;;-2026
2024-06-13T10:50:51Z;-2982;;-1754
2024-06-13T10:50:52Z;-2746;;-1518
2024-06-13T10:50:55Z;-2911;;-1683
2024-06-13T10:50:56Z;-3270;;-2042
2024-06-13T10:50:57Z;-3330;;-2102
2024-06-13T10:50:59Z;-3218;;-1990
2024-06-13T10:51:01Z;-2833;;-1605
2024-06-13T10:51:02Z;-2467;;-1239
2024-06-13T10:51:03Z;-2338;;-1110
2024-06-13T10:51:06Z;-2034;;-806
2024-06-13T10:51:08Z;-1801;;-573
2024-06-13T10:51:12Z;-1922;;-694
2024-06-13T10:51:16Z;-2432;;-1204
2024-06-13T10:51:19Z;-3012;;-1784
2024-06-13T10:51:25Z;-3335;;-2107
2024-06-13T10:51:45Z;-3299;;-2071
2024-06-13T10:51:46Z;-3312;;-2084
2024-06-13T10:51:50Z;-3242;;-2014
2024-06-13T10:51:52Z;-2481;;-1253
2024-06-13T10:51:53Z;-1952;;-724
2024-06-13T10:51:55Z;-1676;;-448
2024-06-13T10:51:59Z;-2128;;-900
2024-06-13T10:52:00Z;-2666;;-1438
2024-06-13T10:52:22Z;-2974;;-1746
2024-06-13T10:52:39Z;-3295;;-2067
2024-06-13T10:52:42Z;-3364;;-2136
2024-06-13T10:52:47Z;-3229;;-2001
2024-06-13T10:52:49Z;-3327;;-2099
2024-06-13T10:52:50Z;-3222;;-1994
2024-06-13T10:52:53Z;-2893;;-1665
2024-06-13T10:52:54Z;-2822;;-1594
2024-06-13T10:53:00Z;;1689;-1133
2024-06-13T10:53:01Z;-2957;3058;-1268
2024-06-13T10:53:02Z;-2998;;60
2024-06-13T10:53:03Z;;3229;231
2024-06-13T10:53:05Z;;3384;386
2024-06-13T10:53:07Z;-2991;;393
2024-06-13T10:53:08Z;;3124;133
2024-06-13T10:53:10Z;;2725;-266
2024-06-13T10:53:11Z;-2518;;207
2024-06-13T10:53:12Z;;2918;400
2024-06-13T10:53:14Z;;2869;351
2024-06-13T10:53:15Z;-2731;;138
2024-06-13T10:53:16Z;-2647;2834;222
2024-06-13T10:53:18Z;;3089;442
2024-06-13T10:53:20Z;-2646;3431;443
2024-06-13T10:53:24Z;-3040;;391
2024-06-13T10:53:25Z;-3243;;188
2024-06-13T10:53:26Z;-3073;;358
2024-06-13T10:53:28Z;;3095;22
2024-06-13T10:53:29Z;;2927;-146
2024-06-13T10:53:31Z;;3059;-14
2024-06-13T10:53:32Z;-3121;;-62
2024-06-13T10:53:33Z;-2976;2864;83
2024-06-13T10:53:35Z;;3060;84
2024-06-13T10:53:37Z;;2998;22
2024-06-13T10:53:38Z;;2514;-462
2024-06-13T10:53:40Z;-2567;;-53
2024-06-13T10:53:41Z;-2146;;368
2024-06-13T10:53:42Z;;2096;-50
2024-06-13T10:53:44Z;;2113;-33
2024-06-13T10:53:45Z;-2182;;-69
2024-06-13T10:53:46Z;;2455;273
2024-06-13T10:53:49Z;;2314;132
2024-06-13T10:53:50Z;;2416;234
2024-06-13T10:53:52Z;;2916;734
2024-06-13T10:53:53Z;-2641;;275
2024-06-13T10:53:54Z;-2997;;-81
2024-06-13T10:53:55Z;-2409;;507
2024-06-13T10:53:56Z;-2256;;660
2024-06-13T10:53:57Z;-1991;;925
2024-06-13T10:53:59Z;;3117;1126
2024-06-13T10:54:00Z;;2752;761
2024-06-13T10:54:02Z;;2416;425
2024-06-13T10:54:04Z;;2297;306
2024-06-13T10:54:05Z;;2020;29
2024-06-13T10:54:07Z;;2188;197
2024-06-13T10:54:09Z;-2285;2096;-97
2024-06-13T10:54:11Z;;2112;-173
2024-06-13T10:54:12Z;-2069;;43
2024-06-13T10:54:13Z;-2145;;-33
2024-06-13T10:54:14Z;;2020;-125
2024-06-13T10:54:16Z;;2225;80
2024-06-13T10:54:17Z;-2015;;210
2024-06-13T10:54:18Z;;2433;418
2024-06-13T10:54:19Z;;2200;185
2024-06-13T10:54:21Z;;2401;386
2024-06-13T10:54:22Z;-2313;;88
2024-06-13T10:54:23Z;-2570;;-169
2024-06-13T10:54:24Z;;2303;-267
2024-06-13T10:54:26Z;;2090;-480
2024-06-13T10:54:27Z;-1962;;128
2024-06-13T10:54:28Z;;2218;256
2024-06-13T10:54:29Z;;2493;531
2024-06-13T10:54:31Z;-1722;2732;770
2024-06-13T10:54:33Z;;2334;612
2024-06-13T10:54:34Z;-1849;1951;485
2024-06-13T10:54:36Z;;1778;-71
2024-06-13T10:54:38Z;;1841;-8
2024-06-13T10:54:40Z;;1787;-62
2024-06-13T10:54:41Z;-2105;;-318
2024-06-13T10:54:42Z;-2464;1830;-634
2024-06-13T10:54:44Z;;1982;-482
2024-06-13T10:54:45Z;;2664;200
2024-06-13T10:54:46Z;-2381;;283
2024-06-13T10:54:47Z;;2335;-46
2024-06-13T10:54:50Z;-2662;;-327
2024-06-13T10:54:51Z;-3269;3048;-934
2024-06-13T10:54:52Z;-3328;;-280
2024-06-13T10:54:53Z;;3440;112
2024-06-13T10:54:54Z;-3280;;160
2024-06-13T10:54:55Z;-3354;;86
2024-06-13T10:54:56Z;-2922;;518
2024-06-13T10:54:57Z;-3067;;373
2024-06-13T10:54:58Z;-2481;3286;219
2024-06-13T10:54:59Z;-2063;;1223
2024-06-13T10:55:02Z;;3385;1322
2024-06-13T10:55:03Z;-2209;;1176
2024-06-13T10:55:05Z;;2854;645
2024-06-13T10:55:07Z;;3278;1069
2024-06-13T10:55:09Z;;2336;127
2024-06-13T10:55:10Z;;2049;-160
2024-06-13T10:55:12Z;-2883;;-834
2024-06-13T10:55:13Z;-2874;;-825
2024-06-13T10:55:14Z;;2159;-715
2024-06-13T10:55:16Z;;2573;-301
2024-06-13T10:55:17Z;-2500;3296;73
2024-06-13T10:55:18Z;-2208;;1088
2024-06-13T10:55:19Z;;3503;1295
2024-06-13T10:55:20Z;-1935;;1568
2024-06-13T10:55:21Z;;3370;1435
2024-06-13T10:55:23Z;;2545;610
2024-06-13T10:55:25Z;;2817;882
2024-06-13T10:55:26Z;;2669;734
2024-06-13T10:55:27Z;-2466;;203
2024-06-13T10:55:28Z;-2378;2173;291
2024-06-13T10:55:30Z;;1960;-418
2024-06-13T10:55:32Z;;2372;-6
2024-06-13T10:55:33Z;;2566;188
2024-06-13T10:55:35Z;-2089;;477
2024-06-13T10:55:36Z;-1870;2380;696
2024-06-13T10:55:38Z;;2097;227
2024-06-13T10:55:40Z;;2304;434
2024-06-13T10:55:41Z;;2490;620
2024-06-13T10:55:43Z;-2316;2288;174
2024-06-13T10:55:45Z;;1976;-340
2024-06-13T10:55:46Z;-1734;1788;242
2024-06-13T10:55:48Z;;1816;82
2024-06-13T10:55:50Z;-1847;;-31
2024-06-13T10:55:51Z;-2629;;-813
2024-06-13T10:55:52Z;;2610;-19
2024-06-13T10:55:53Z;-2401;;209
2024-06-13T10:55:54Z;-2076;2688;612
2024-06-13T10:55:55Z;-3064;;-376
2024-06-13T10:55:56Z;;2837;-227
2024-06-13T10:55:58Z;;3230;166
2024-06-13T10:55:59Z;-2957;;273
2024-06-13T10:56:00Z;-3062;2891;-66
2024-06-13T10:56:01Z;-2819;;72
2024-06-13T10:56:02Z;-2459;2397;-422
2024-06-13T10:56:04Z;;2096;-363
2024-06-13T10:56:05Z;;2402;-57
2024-06-13T10:56:07Z;-1984;2285;418
2024-06-13T10:56:08Z;-2187;;98
2024-06-13T10:56:09Z;-2299;;-14
2024-06-13T10:56:10Z;-2573;;-288
2024-06-13T10:56:11Z;-2535;2593;20
2024-06-13T10:56:13Z;;2738;203
2024-06-13T10:56:15Z;-3258;3204;669
2024-06-13T10:56:16Z;-3381;;-177
2024-06-13T10:56:18Z;;3433;52
2024-06-13T10:56:20Z;-2988;2805;445
2024-06-13T10:56:22Z;;2210;-778
2024-06-13T10:56:23Z;-2383;;-173
2024-06-13T10:56:24Z;;2585;202
2024-06-13T10:56:25Z;;2192;-191
2024-06-13T10:56:27Z;;2023;-360
2024-06-13T10:56:28Z;-2280;;-257
2024-06-13T10:56:29Z;;2165;-115
2024-06-13T10:56:31Z;;2046;-234
2024-06-13T10:56:32Z;-1951;;95
2024-06-13T10:56:33Z;-1787;;259
2024-06-13T10:56:34Z;;1772;-15
2024-06-13T10:56:36Z;;1816;29
2024-06-13T10:56:39Z;;1772;-15
2024-06-13T10:56:42Z;-1761;1885;11
2024-06-13T10:56:44Z;;2310;549
2024-06-13T10:56:46Z;-2145;;165
2024-06-13T10:56:47Z;-2756;2630;-446
2024-06-13T10:56:49Z;;3028;272
2024-06-13T10:56:51Z;;3484;728
2024-06-13T10:56:54Z;-3269;3363;215
2024-06-13T10:56:55Z;-3428;;-65
2024-06-13T10:56:56Z;-3307;;56
2024-06-13T10:56:57Z;-2896;3198;-109
2024-06-13T10:56:59Z;-3202;3445;-4
2024-06-13T10:57:00Z;-3416;;29
2024-06-13T10:57:01Z;-2898;2656;547
2024-06-13T10:57:02Z;-2108;;548
2024-06-13T10:57:03Z;-1789;;867
2024-06-13T10:57:04Z;;2015;226
2024-06-13T10:57:13Z;-1872;;143
2024-06-13T10:57:15Z;-2000;;15
2024-06-13T10:57:16Z;;2211;211
2024-06-13T10:57:17Z;-3248;2793;-1037
2024-06-13T10:57:19Z;;3492;244
2024-06-13T10:57:21Z;-3457;;35
2024-06-13T10:57:22Z;;3613;156
2024-06-13T10:57:23Z;;3593;136
2024-06-13T10:57:25Z;;3603;146
2024-06-13T10:57:27Z;;3558;101
2024-06-13T10:57:28Z;-2961;;597
2024-06-13T10:57:29Z;-2494;;1064
2024-06-13T10:57:31Z;-2877;2873;681
2024-06-13T10:57:33Z;-2643;2505;230
2024-06-13T10:57:35Z;;2783;140
2024-06-13T10:57:36Z;;3028;385
2024-06-13T10:57:38Z;-3033;2902;-5
2024-06-13T10:57:40Z;;2690;-343
2024-06-13T10:57:42Z;-2829;2878;-139
2024-06-13T10:57:43Z;;3244;415
2024-06-13T10:57:45Z;;2797;-32
2024-06-13T10:57:46Z;-2502;;295
2024-06-13T10:57:47Z;-2208;;589
2024-06-13T10:57:49Z;;2552;344
2024-06-13T10:57:50Z;;2196;-12
2024-06-13T10:57:51Z;-2463;;-267
2024-06-13T10:57:52Z;-2764;2650;-568
2024-06-13T10:57:53Z;-3055;;-405
2024-06-13T10:57:54Z;-2937;;-287
2024-06-13T10:57:56Z;-2467;;183
2024-06-13T10:57:57Z;-1988;;662
2024-06-13T10:57:58Z;-1793;2707;719
2024-06-13T10:58:02Z;-2381;2643;326
2024-06-13T10:58:03Z;-2849;;-206
2024-06-13T10:58:04Z;-3191;3006;157
2024-06-13T10:58:06Z;;2912;-279
2024-06-13T10:58:07Z;;2375;-816
2024-06-13T10:58:09Z;;1771;-1420
2024-06-13T10:58:11Z;;1852;-1339
2024-06-13T10:58:12Z;-2678;;-826
2024-06-13T10:58:14Z;-1898;2135;-543
2024-06-13T10:58:15Z;-1859;2649;276
2024-06-13T10:58:17Z;;3347;1488
2024-06-13T10:58:19Z;-2137;2564;1210
2024-06-13T10:58:20Z;-2099;;465
2024-06-13T10:58:23Z;;2140;41
2024-06-13T10:58:25Z;;2193;94
2024-06-13T10:58:27Z;;2056;-43
2024-06-13T10:58:29Z;-1833;;223
2024-06-13T10:58:31Z;-1904;;152
2024-06-13T10:58:32Z;-2550;2472;-494
2024-06-13T10:58:34Z;;2565;15
2024-06-13T10:58:35Z;-2334;;231
2024-06-13T10:58:39Z;;2292;-42
2024-06-13T10:58:40Z;-2388;;-96
2024-06-13T10:58:44Z;-2373;;-81
2024-06-13T10:58:45Z;-2534;2172;-242
2024-06-13T10:58:46Z;-2202;;-30
2024-06-13T10:58:47Z;-1940;;232
2024-06-13T10:58:49Z;-2154;;18
2024-06-13T10:58:50Z;-3268;;-1096
2024-06-13T10:58:51Z;-3323;;-1151
2024-06-13T10:58:52Z;-3259;;-1087
2024-06-13T10:58:53Z;-2953;;-781
2024-06-13T10:58:55Z;-2759;;-587
2024-06-13T10:58:56Z;-2194;;-22
2024-06-13T10:58:59Z;-1722;;450
2024-06-13T10:59:14Z;-1744;;428
2024-06-13T10:59:20Z;-2436;;-264
2024-06-13T10:59:21Z;-2879;;-707
2024-06-13T10:59:23Z;-2543;;-371
2024-06-13T10:59:24Z;-2274;;-102
2024-06-13T10:59:26Z;-1764;;408
2024-06-13T10:59:30Z;-1797;;375
2024-06-13T10:59:32Z;-2247;;-75
2024-06-13T10:59:34Z;-2873;;-701
2024-06-13T10:59:35Z;-3092;;-920
2024-06-13T10:59:37Z;-3360;;-1188
2024-06-13T11:00:07Z;-3464;;-1292
2024-06-13T11:00:09Z;-3234;;-1062
2024-06-13T11:00:10Z;;1811;-1423
2024-06-13T11:00:12Z;-2908;;-1097
2024-06-13T11:00:13Z;-2671;;-860
2024-06-13T11:00:15Z;;3593;922
2024-06-13T11:00:17Z;;1971;-700
2024-06-13T11:00:18Z;-2316;;-345
2024-06-13T11:00:19Z;-2059;3053;-88
2024-06-13T11:00:20Z;-2421;;632
2024-06-13T11:00:21Z;-2779;2891;470
2024-06-13T11:00:23Z;;2632;-147
2024-06-13T11:00:24Z;;2298;-481
2024-06-13T11:00:25Z;-2484;;-186
2024-06-13T11:00:26Z;-2335;;-37
2024-06-13T11:00:28Z;-2468;;-170
2024-06-13T11:00:29Z;-2719;2073;-395
2024-06-13T11:00:30Z;-3249;;-1176
2024-06-13T11:00:31Z;-3412;2171;-1078
2024-06-13T11:00:33Z;;2673;-739
2024-06-13T11:00:35Z;;2907;-505
2024-06-13T11:00:36Z;;2501;-911
2024-06-13T11:00:38Z;-3275;;-774
2024-06-13T11:00:39Z;-2145;;356
2024-06-13T11:00:40Z;;2396;251
2024-06-13T11:00:42Z;;2478;333
2024-06-13T11:00:44Z;;2980;835
2024-06-13T11:00:45Z;;3469;1324
2024-06-13T11:00:47Z;;3264;1119
2024-06-13T11:00:49Z;;2574;429
2024-06-13T11:00:51Z;-1990;2144;584
2024-06-13T11:00:52Z;-1678;;466
2024-06-13T11:00:54Z;-1520;;624
2024-06-13T11:00:55Z;;2013;493
2024-06-13T11:00:57Z;;1802;282
2024-06-13T11:00:58Z;-1503;;299
2024-06-13T11:00:59Z;-1674;2113;439
2024-06-13T11:01:01Z;;1958;284
2024-06-13T11:01:03Z;;1661;-13
2024-06-13T11:01:05Z;;1482;-192
2024-06-13T11:01:08Z;-2218;;-736
2024-06-13T11:01:09Z;-1991;;-509
2024-06-13T11:01:10Z;-1456;;26
2024-06-13T11:01:13Z;-1465;1552;17
2024-06-13T11:01:19Z;;1815;350
2024-06-13T11:01:21Z;-1864;;-49
2024-06-13T11:01:23Z;-1783;;32
2024-06-13T11:01:24Z;;1756;-27
2024-06-13T11:01:25Z;-1804;;11
2024-06-13T11:01:26Z;;1970;166
2024-06-13T11:01:27Z;-2211;;-241
2024-06-13T11:01:28Z;;2271;60
2024-06-13T11:01:30Z;;2036;-175
2024-06-13T11:01:32Z;;2107;-104
2024-06-13T11:01:34Z;;2082;-129
2024-06-13T11:01:36Z;;2175;-36
2024-06-13T11:01:37Z;;2098;-113
2024-06-13T11:01:39Z;-2061;;37
2024-06-13T11:01:41Z;-2115;;-17
2024-06-13T11:01:42Z;-1650;1692;448
2024-06-13T11:01:44Z;;1870;220
2024-06-13T11:01:45Z;;2232;582
2024-06-13T11:01:46Z;-2034;;198
2024-06-13T11:01:47Z;-2619;;-387
2024-06-13T11:01:48Z;-2706;2567;-52
2024-06-13T11:01:51Z;;2774;-511
2024-06-13T11:01:52Z;-3285;;-718
2024-06-13T11:01:53Z;-3385;;-611
2024-06-13T11:01:55Z;;3180;-205
2024-06-13T11:01:57Z;;3463;78
2024-06-13T11:02:43Z;-3252;;211
2024-06-13T11:02:44Z;;3229;-23
2024-06-13T11:02:45Z;-2910;;319
2024-06-13T11:02:46Z;;2877;-33
2024-06-13T11:02:48Z;;2386;-524
2024-06-13T11:02:50Z;;2087;-823
2024-06-13T11:02:52Z;-2114;;-27
2024-06-13T11:02:53Z;-2058;2119;29
2024-06-13T11:02:57Z;-2112;;7
2024-06-13T11:02:58Z;-2602;2489;377
2024-06-13T11:02:59Z;;2771;169
2024-06-13T11:03:00Z;-2951;;-180
2024-06-13T11:03:01Z;;3164;213
2024-06-13T11:03:03Z;;3446;495
2024-06-13T11:03:07Z;-3288;;158
2024-06-13T11:03:08Z;-3355;;91
2024-06-13T11:04:53Z;-3220;;226
2024-06-13T11:04:55Z;-3308;;138
2024-06-13T11:05:18Z;-3330;;116
2024-06-13T11:05:19Z;;2923;-269
2024-06-13T11:05:22Z;;3140;-52
2024-06-13T11:05:23Z;-3192;;254
2024-06-13T11:05:24Z;;3359;167
2024-06-13T11:05:26Z;;3227;35
2024-06-13T11:05:28Z;;3318;126
2024-06-13T11:05:31Z;-3309;;9
2024-06-13T11:05:47Z;-2806;2680;512
2024-06-13T11:05:49Z;;2216;-590
2024-06-13T11:05:51Z;;2453;-353
2024-06-13T11:05:53Z;;2837;31
2024-06-13T11:05:54Z;-2203;;634
2024-06-13T11:05:55Z;;3076;873
2024-06-13T11:05:57Z;;2901;698
2024-06-13T11:05:58Z;-2083;;818
2024-06-13T11:05:59Z;-2140;;761
2024-06-13T11:06:00Z;-2664;;237
2024-06-13T11:06:01Z;-2777;;124
2024-06-13T11:06:02Z;;3106;329
2024-06-13T11:06:05Z;-3159;;-53
2024-06-13T11:06:06Z;-2838;2859;-300
2024-06-13T11:06:08Z;;2548;-290
2024-06-13T11:06:10Z;;3063;225
2024-06-13T11:06:11Z;;3414;576
2024-06-13T11:06:13Z;-2689;;725
2024-06-13T11:06:14Z;-2795;;619
2024-06-13T11:06:15Z;;3201;406
2024-06-13T11:06:16Z;;3374;579
2024-06-13T11:06:18Z;-3000;;374
2024-06-13T11:06:19Z;;3242;242
2024-06-13T11:06:20Z;-3045;;197
2024-06-13T11:06:21Z;-2544;;698
2024-06-13T11:06:22Z;-2352;;890
2024-06-13T11:06:23Z;;2717;365
2024-06-13T11:06:25Z;;2149;-203
2024-06-13T11:06:27Z;;1907;-445
2024-06-13T11:06:28Z;;2144;-208
2024-06-13T11:06:29Z;-2476;;-332
2024-06-13T11:06:30Z;;1954;-522
2024-06-13T11:06:33Z;-2981;2133;-1027
2024-06-13T11:06:35Z;;2664;-317
2024-06-13T11:06:37Z;-2754;;-90
2024-06-13T11:06:38Z;-1851;;813
2024-06-13T11:06:39Z;;2916;1065
2024-06-13T11:06:42Z;-2182;3138;1287
2024-06-13T11:06:43Z;-1927;;1211
2024-06-13T11:06:45Z;;2627;700
2024-06-13T11:06:47Z;;2269;342
2024-06-13T11:06:49Z;;2010;83
2024-06-13T11:06:50Z;-2184;;-174
2024-06-13T11:06:51Z;-2742;2177;-7
2024-06-13T11:06:52Z;;2415;-327
2024-06-13T11:06:54Z;;2800;58
2024-06-13T11:06:56Z;-3137;3199;-337
2024-06-13T11:06:58Z;;3333;196
2024-06-13T11:06:59Z;-2990;;343
2024-06-13T11:07:00Z;-2640;;693
2024-06-13T11:07:01Z;;3242;602
2024-06-13T11:07:02Z;-2290;;952
2024-06-13T11:07:03Z;-2176;;1066
2024-06-13T11:07:04Z;-2635;;607
2024-06-13T11:07:06Z;;2701;66
2024-06-13T11:07:08Z;-3022;2111;-524
2024-06-13T11:07:09Z;;2033;-989
2024-06-13T11:07:11Z;;2193;-829
2024-06-13T11:07:13Z;;1980;-1042
2024-06-13T11:07:15Z;;1797;-1225
2024-06-13T11:07:17Z;-3304;;-1507
2024-06-13T11:07:18Z;-3199;;-1402
2024-06-13T11:07:19Z;-2155;;-358
2024-06-13T11:07:21Z;-1933;;-136
2024-06-13T11:07:22Z;-2127;;-330
2024-06-13T11:07:23Z;-1960;;-163
2024-06-13T11:07:35Z;;1807;-153
2024-06-13T11:07:37Z;;1786;-174
2024-06-13T11:07:44Z;;1820;-140
2024-06-13T11:07:45Z;-1794;;26
2024-06-13T11:07:53Z;;2140;346
2024-06-13T11:07:56Z;-2304;2468;-164
2024-06-13T11:07:58Z;;2836;532
2024-06-13T11:08:00Z;-2931;3146;-95
2024-06-13T11:08:01Z;-3237;;-91
2024-06-13T11:08:02Z;-3370;;-224
2024-06-13T11:08:04Z;;3421;51
2024-06-13T11:08:07Z;-3275;;146
2024-06-13T11:08:08Z;;3099;-176
2024-06-13T11:08:09Z;-2871;;228
2024-06-13T11:08:10Z;;2953;82
2024-06-13T11:08:11Z;-2684;;269
2024-06-13T11:08:12Z;;2486;-198
2024-06-13T11:08:13Z;-2253;;233
2024-06-13T11:08:14Z;-2060;;426
2024-06-13T11:08:16Z;-2129;2278;357
2024-06-13T11:08:18Z;-2487;2636;-209
2024-06-13T11:08:20Z;;2785;298
2024-06-13T11:08:23Z;;2655;168
2024-06-13T11:08:25Z;-2626;;29
2024-06-13T11:08:26Z;;2327;-299
2024-06-13T11:08:28Z;;2830;204
2024-06-13T11:08:29Z;;3012;386
2024-06-13T11:08:31Z;-2078;2754;128
2024-06-13T11:08:33Z;;2389;311
2024-06-13T11:08:35Z;;2129;51
2024-06-13T11:08:36Z;;1536;-542
2024-06-13T11:08:38Z;-2146;1472;-606
2024-06-13T11:08:39Z;-2909;;-1437
2024-06-13T11:08:41Z;-2389;1507;-1402
2024-06-13T11:08:42Z;-2066;;-559
2024-06-13T11:08:43Z;-1725;;-218
2024-06-13T11:08:44Z;-1424;;83
2024-06-13T11:08:45Z;-1504;;3
2024-06-13T11:08:51Z;-1466;;41
2024-06-13T11:08:52Z;;1458;-8
2024-06-13T11:08:58Z;;1523;57
2024-06-13T11:09:00Z;;1476;10
2024-06-13T11:09:02Z;;1515;49
2024-06-13T11:09:03Z;-1529;;-14
2024-06-13T11:09:07Z;;1809;280
2024-06-13T11:09:08Z;-1809;;0
2024-06-13T11:09:11Z;-1800;;9
2024-06-13T11:09:12Z;;1731;-69
2024-06-13T11:09:22Z;-1779;1926;-48
2024-06-13T11:09:24Z;;2351;572
2024-06-13T11:09:26Z;;3141;1362
2024-06-13T11:09:28Z;;3521;1742
2024-06-13T11:09:31Z;-2819;;702
2024-06-13T11:09:32Z;-3358;3246;163
2024-06-13T11:09:33Z;-3355;;-109
2024-06-13T11:09:34Z;-3216;;30
2024-06-13T11:09:36Z;;3376;160
2024-06-13T11:09:39Z;-3271;;105
2024-06-13T11:09:40Z;-3307;;69
2024-06-13T11:10:18Z;-3277;;99
2024-06-13T11:10:19Z;-3338;;38
2024-06-13T11:10:43Z;-3298;;78
2024-06-13T11:10:44Z;-3285;;91
2024-06-13T11:10:48Z;-3295;;81
2024-06-13T11:10:52Z;;3282;-13
2024-06-13T11:10:54Z;-2944;;338
2024-06-13T11:10:55Z;-3182;3356;100
2024-06-13T11:10:57Z;-3303;;53
2024-06-13T11:10:58Z;-3283;;73
2024-06-13T11:11:08Z;-3305;;51
2024-06-13T11:11:13Z;-3299;;57
2024-06-13T11:11:15Z;-3302;;54
2024-06-13T11:11:19Z;-3299;;57
2024-06-13T11:11:25Z;;3236;-63
2024-06-13T11:11:26Z;-2995;;241
2024-06-13T11:11:28Z;-3002;;234
2024-06-13T11:11:29Z;-2905;2971;331
2024-06-13T11:11:35Z;-2663;;308
2024-06-13T11:11:40Z;;2599;-64
2024-06-13T11:11:42Z;-2305;2342;294
2024-06-13T11:11:44Z;;2027;-278
2024-06-13T11:11:48Z;;1629;-676
2024-06-13T11:11:49Z;-1979;;-350
2024-06-13T11:11:50Z;-1789;;-160
2024-06-13T11:11:52Z;;1476;-313
2024-06-13T11:11:53Z;;1189;-600
2024-06-13T11:11:54Z;-1611;;-422
2024-06-13T11:11:56Z;;1231;-380
2024-06-13T11:11:58Z;-1155;;76
2024-06-13T11:11:59Z;-1163;;68
2024-06-13T11:12:00Z;-1230;;1
2024-06-13T11:12:05Z;-1201;;30
2024-06-13T11:12:10Z;-1491;1568;-260
2024-06-13T11:12:14Z;;1811;320
2024-06-13T11:12:15Z;-1755;;56
2024-06-13T11:12:17Z;;2222;467
2024-06-13T11:12:18Z;-2313;;-91
2024-06-13T11:12:19Z;-2439;2436;-3
2024-06-13T11:12:21Z;-2711;2852;-275
2024-06-13T11:12:23Z;;2988;277
2024-06-13T11:12:28Z;-3013;;-25
2024-06-13T11:12:29Z;;3370;357
2024-06-13T11:12:30Z;-3312;;58
2024-06-13T11:12:31Z;-3257;;113
2024-06-13T11:12:32Z;;3155;-102
2024-06-13T11:12:33Z;-2863;;292
2024-06-13T11:12:34Z;-2672;2917;483
2024-06-13T11:12:36Z;;2686;14
2024-06-13T11:12:37Z;-2327;2365;359
2024-06-13T11:12:40Z;-2014;2057;351
2024-06-13T11:12:44Z;-1860;;197
2024-06-13T11:12:45Z;;1835;-25
2024-06-13T11:12:46Z;-1501;;334
2024-06-13T11:12:47Z;;1443;-58
2024-06-13T11:12:59Z;;1551;50
2024-06-13T11:13:00Z;-1668;;-117
2024-06-13T11:13:02Z;;2339;671
2024-06-13T11:13:04Z;-2207;2504;132
2024-06-13T11:13:05Z;-2514;;-10
2024-06-13T11:13:07Z;;2725;211
2024-06-13T11:13:08Z;;2678;164
2024-06-13T11:13:15Z;;2334;-180
2024-06-13T11:13:16Z;-2375;;-41
2024-06-13T11:13:17Z;-2081;;253
2024-06-13T11:13:18Z;-2047;;287
2024-06-13T11:13:25Z;;2061;14
2024-06-13T11:13:27Z;-2008;;53
2024-06-13T11:13:31Z;;2100;92
2024-06-13T11:13:32Z;-2123;;-23
2024-06-13T11:13:49Z;;2441;318
2024-06-13T11:13:50Z;-2418;;23
2024-06-13T11:13:54Z;-2403;;38
2024-06-13T11:13:55Z;;2367;-36
2024-06-13T11:13:58Z;;2449;46
2024-06-13T11:14:00Z;-2457;;-8
2024-06-13T11:14:04Z;;2726;269
2024-06-13T11:14:06Z;;2679;222
2024-06-13T11:14:08Z;;2760;303
2024-06-13T11:14:14Z;-2743;;17
2024-06-13T11:14:18Z;-2695;;65
2024-06-13T11:14:19Z;;2633;-62
2024-06-13T11:14:21Z;-2330;2391;303
2024-06-13T11:14:24Z;-2050;;341
2024-06-13T11:14:26Z;-2118;;273
2024-06-13T11:14:28Z;-2090;;301
2024-06-13T11:14:30Z;;2072;-18
2024-06-13T11:14:39Z;-1772;;300
2024-06-13T11:14:41Z;;1777;5
2024-06-13T11:14:43Z;-1764;1835;13
2024-06-13T11:14:47Z;-1962;;-127
2024-06-13T11:14:48Z;-2735;2478;-900
2024-06-13T11:14:50Z;;2922;187
2024-06-13T11:14:52Z;-3022;;-100
2024-06-13T11:14:53Z;-2911;3161;139
2024-06-13T11:14:55Z;;2963;52
2024-06-13T11:14:57Z;-2693;;270
2024-06-13T11:15:02Z;;2675;-18
2024-06-13T11:15:03Z;-2510;;165
2024-06-13T11:15:05Z;-2222;2256;453
2024-06-13T11:15:10Z;-2601;;-345
2024-06-13T11:15:11Z;;2779;178
2024-06-13T11:15:12Z;-1829;2095;-506
2024-06-13T11:15:16Z;;1761;-68
2024-06-13T11:15:23Z;-1491;;270
2024-06-13T11:15:25Z;;1484;-7
2024-06-13T11:15:40Z;-1199;;285
2024-06-13T11:15:50Z;;1197;-2
2024-06-13T11:19:06Z;;1203;4
2024-06-13T11:19:12Z;-1198;;5
2024-06-13T11:19:25Z;;1522;324
2024-06-13T11:19:26Z;-1547;;-25
2024-06-13T11:19:28Z;;1815;268
2024-06-13T11:19:29Z;-1815;;0
2024-06-13T11:19:31Z;-2166;2275;-351
2024-06-13T11:19:34Z;-1873;1875;402
2024-06-13T11:19:35Z;-1609;;266
2024-06-13T11:19:36Z;-1472;;403
2024-06-13T11:19:37Z;;1635;163
2024-06-13T11:19:38Z;;1456;-16
2024-06-13T11:19:53Z;-1197;;259
2024-06-13T11:20:01Z;;1198;1
2024-06-13T11:21:10Z;-902;;296
2024-06-13T11:21:46Z;;899;-3
2024-06-13T11:25:18Z;;900;-2
2024-06-13T11:25:20Z;;893;-9
2024-06-13T11:25:22Z;;907;5
2024-06-13T11:25:32Z;-895;;12
2024-06-13T11:25:53Z;-1154;1210;-247
2024-06-13T11:25:55Z;-1000;;210
2024-06-13T11:25:57Z;;1051;51
2024-06-13T11:27:37Z;;1200;200
2024-06-13T11:27:39Z;;1197;197
2024-06-13T11:27:41Z;;1200;200
2024-06-13T11:27:49Z;-1200;;0
2024-06-13T11:28:14Z;-1489;1558;-289
2024-06-13T11:28:27Z;-1724;1809;-166
2024-06-13T11:28:41Z;;2104;380
2024-06-13T11:28:43Z;;2094;370
2024-06-13T11:28:52Z;-1792;;302
2024-06-13T11:28:53Z;-1811;;283
2024-06-13T11:29:04Z;-1798;;296
2024-06-13T11:29:05Z;-1814;;280
2024-06-13T11:29:06Z;-1781;;313
2024-06-13T11:29:07Z;;1790;9
2024-06-13T11:29:26Z;-1747;1826;43
2024-06-13T11:29:32Z;-1783;;43
2024-06-13T11:29:34Z;;1796;13
2024-06-13T11:29:49Z;;1870;87
2024-06-13T11:29:50Z;-1959;;-89
2024-06-13T11:29:51Z;;2141;182
2024-06-13T11:29:54Z;;1974;15
2024-06-13T11:29:56Z;-1700;1749;274
2024-06-13T11:29:58Z;;1807;107
2024-06-13T11:30:00Z;-1847;;-40
2024-06-13T11:30:02Z;;2117;270
2024-06-13T11:30:04Z;;1996;149
2024-06-13T11:30:05Z;-1745;;251
2024-06-13T11:30:07Z;-1981;1882;-99
2024-06-13T11:30:08Z;;2178;197
2024-06-13T11:30:11Z;;2047;66
2024-06-13T11:30:12Z;-2036;;11
2024-06-13T11:30:13Z;-2117;2138;-70
2024-06-13T11:30:17Z;-2073;;65
2024-06-13T11:30:18Z;-2119;2088;19
2024-06-13T11:30:19Z;-2079;;9
2024-06-13T11:30:21Z;-1773;;315
2024-06-13T11:30:22Z;;1735;-38
2024-06-13T11:30:24Z;-1501;;234
2024-06-13T11:30:25Z;;1440;-61
2024-06-13T11:30:31Z;-1201;;239
2024-06-13T11:30:35Z;;1184;-17
2024-06-13T11:31:17Z;-910;;274
2024-06-13T11:31:20Z;;868;-42
2024-06-13T11:32:48Z;-602;;266
2024-06-13T11:33:09Z;;598;-4
2024-06-13T11:33:53Z;324;;922
2024-06-13T11:33:54Z;-359;;239
2024-06-13T11:35:54Z;;591;232
2024-06-13T11:36:43Z;-604;;-13
2024-06-13T11:37:01Z;;908;304
2024-06-13T11:37:36Z;-869;1212;39
2024-06-13T11:37:38Z;;1182;313
2024-06-13T11:37:40Z;-956;;226
2024-06-13T11:38:14Z;-908;;274
2024-06-13T11:38:17Z;-883;;299
2024-06-13T11:38:39Z;;894;11
2024-06-13T11:40:04Z;;925;42
2024-06-13T11:40:12Z;;892;9
2024-06-13T11:40:27Z;-594;;298
2024-06-13T11:41:33Z;;599;5
2024-06-13T11:44:19Z;-297;;302
2024-06-13T11:44:20Z;-297;;302
2024-06-13T11:44:25Z;-301;;298
2024-06-13T11:45:05Z;;412;111
2024-06-13T11:45:07Z;-257;;155
2024-06-13T11:46:10Z;;299;42
2024-06-13T11:46:12Z;;301;44
2024-06-13T11:46:14Z;;299;42
2024-06-13T11:46:16Z;;301;44
2024-06-13T11:46:18Z;;294;37
2024-06-13T11:57:34Z;48;436;342
2024-06-13T11:57:36Z;;85;133
2024-06-13T11:57:41Z;-49;;36
2024-06-13T12:00:05Z;;54;5
2024-06-13T12:00:07Z;-18;;36
2024-06-13T12:02:29Z;0;;54
2024-06-13T12:02:39Z;-6;;48
2024-06-13T12:02:44Z;-6;;48
2024-06-13T12:02:50Z;0;;54
2024-06-13T12:02:53Z;1;;55
2024-06-13T12:02:54Z;0;;54
2024-06-13T12:02:55Z;1;;55
2024-06-13T12:02:56Z;1;;55
2024-06-13T12:02:58Z;1;;55
2024-06-13T12:03:03Z;-5;;49
2024-06-13T12:03:04Z;2;;56
2024-06-13T12:03:11Z;-4;;50
2024-06-13T12:03:12Z;3;;57
2024-06-13T12:03:15Z;-4;;50
2024-06-13T12:03:16Z;3;;57
2024-06-13T12:03:18Z;-11;;43
2024-06-13T12:03:19Z;5;;59
2024-06-13T12:03:21Z;-4;;50
2024-06-13T12:03:22Z;3;;57
2024-06-13T12:03:29Z;-2;;52
2024-06-13T12:03:30Z;3;;57
2024-06-13T12:03:33Z;-3;;51
2024-06-13T12:03:34Z;4;;58
2024-06-13T12:03:41Z;-2;;52
2024-06-13T12:03:42Z;7;;61
2024-06-13T12:03:44Z;5;;59
2024-06-13T12:03:46Z;5;;59
2024-06-13T12:03:50Z;6;;60
2024-06-13T12:03:52Z;6;;60
2024-06-13T12:03:57Z;0;;54
2024-06-13T12:03:58Z;14;;68
2024-06-13T12:07:40Z;;0;14
2024-06-13T12:07:42Z;;10;24
2024-06-13T12:09:26Z;0;;10
2024-06-13T12:09:34Z;-1;;9
2024-06-13T12:15:05Z;;204;203
2024-06-13T12:15:07Z;-171;;33
2024-06-13T12:20:01Z;;300;129
2024-06-13T12:20:07Z;;288;117
2024-06-13T12:20:09Z;;311;140
2024-06-13T12:20:22Z;-275;;36
2024-06-13T12:20:24Z;-305;;6
2024-06-13T12:20:25Z;-286;;25
2024-06-13T12:21:54Z;-601;;-290
2024-06-13T12:22:05Z;;909;308
2024-06-13T12:22:06Z;-910;;-1
2024-06-13T12:22:08Z;;1242;332
2024-06-13T12:22:09Z;-1272;;-363
2024-06-13T12:22:10Z;;1508;236
2024-06-13T12:22:11Z;-1589;;-81
2024-06-13T12:22:13Z;-1437;1462;25
2024-06-13T12:22:15Z;-1125;1137;337
2024-06-13T12:23:48Z;;1203;78
2024-06-13T12:23:56Z;-1189;;14
2024-06-13T12:24:10Z;-1449;1514;65
2024-06-13T12:24:14Z;-1784;1869;-270
2024-06-13T12:24:18Z;-1955;;-86
2024-06-13T12:24:19Z;;2245;290
2024-06-13T12:24:20Z;-2448;;-203
2024-06-13T12:24:21Z;-2636;;-391
2024-06-13T12:24:22Z;;2571;-65
2024-06-13T12:24:24Z;;2742;106
2024-06-13T12:24:32Z;;3004;368
2024-06-13T12:24:45Z;-3019;;-15
2024-06-13T12:24:52Z;-2990;;14
2024-06-13T12:24:55Z;-3026;;-22
2024-06-13T12:25:05Z;-2978;;26
2024-06-13T12:25:14Z;;2985;7
2024-06-13T12:25:16Z;-2448;2495;537
2024-06-13T12:25:18Z;;2101;-347
2024-06-13T12:25:19Z;;1848;-600
2024-06-13T12:25:20Z;-2070;;-222
2024-06-13T12:25:21Z;-1676;;172
2024-06-13T12:25:23Z;;1732;56
2024-06-13T12:25:32Z;;1441;-235
2024-06-13T12:25:34Z;-1407;;34
2024-06-13T12:25:41Z;-1219;;222
2024-06-13T12:25:46Z;-1226;;215
2024-06-13T12:25:49Z;-1182;;259
2024-06-13T12:25:50Z;;1160;-22
2024-06-13T12:27:20Z;;1209;27
2024-06-13T12:27:22Z;;1198;16
2024-06-13T12:27:24Z;;1210;28
2024-06-13T12:27:42Z;;1194;12
2024-06-13T12:27:44Z;;1201;19
2024-06-13T12:27:46Z;;1194;12
2024-06-13T12:29:40Z;-902;;292
2024-06-13T12:29:58Z;;889;-13
2024-06-13T12:29:59Z;-845;;44
2024-06-13T12:30:00Z;-1034;;-145
2024-06-13T12:30:01Z;;929;-105
2024-06-13T12:30:03Z;;887;-147
2024-06-13T12:30:06Z;;929;-105
2024-06-13T12:30:09Z;-839;;90
2024-06-13T12:35:23Z;-604;;325
2024-06-13T12:35:27Z;-600;;329
2024-06-13T12:35:30Z;-600;;329
2024-06-13T12:35:38Z;-600;;329
2024-06-13T12:35:40Z;-595;;334
2024-06-13T12:37:44Z;1069;;1998
2024-06-13T12:40:19Z;;200;1269
2024-06-13T12:40:21Z;-499;;-299
2024-06-13T12:40:22Z;-635;;-435
2024-06-13T12:40:23Z;;671;36
2024-06-13T12:41:16Z;;522;-113
2024-06-13T12:41:18Z;;698;63
2024-06-13T12:44:03Z;;598;-37
2024-06-13T12:45:05Z;;518;-117
2024-06-13T12:45:07Z;-367;;151
2024-06-13T12:46:12Z;-303;;215
2024-06-13T12:46:13Z;-299;;219
2024-06-13T12:46:15Z;-306;;212
2024-06-13T12:46:22Z;-297;;221
2024-06-13T12:46:24Z;-302;;216
2024-06-13T12:46:26Z;-287;;231
2024-06-13T12:46:33Z;-298;;220
2024-06-13T12:46:38Z;-296;;222
2024-06-13T12:46:40Z;-302;;216
2024-06-13T12:47:02Z;-295;;223
2024-06-13T12:47:04Z;-302;;216
2024-06-13T12:47:12Z;-297;;221
2024-06-13T12:47:14Z;-301;;217
2024-06-13T12:47:20Z;-299;;219
2024-06-13T12:47:21Z;-301;;217
2024-06-13T12:47:22Z;-297;;221
2024-06-13T12:47:24Z;-305;;213
2024-06-13T12:47:25Z;-297;;221
2024-06-13T12:47:26Z;-300;;218
2024-06-13T12:47:31Z;-300;;218
2024-06-13T12:47:36Z;-304;;214
2024-06-13T12:47:38Z;-294;;224
2024-06-13T12:49:53Z;;604;310
2024-06-13T12:49:57Z;;594;300
2024-06-13T12:50:02Z;;604;310
2024-06-13T12:50:32Z;-490;;114
2024-06-13T12:50:33Z;-176;;428
2024-06-13T12:51:34Z;-600;;4
2024-06-13T12:51:35Z;-589;;15
2024-06-13T12:51:37Z;-604;;0
2024-06-13T12:52:37Z;;904;300
2024-06-13T12:52:39Z;;895;291
2024-06-13T12:52:41Z;;900;296
2024-06-13T12:52:43Z;;889;285
2024-06-13T12:52:45Z;;906;302
2024-06-13T12:55:20Z;;866;262
2024-06-13T12:55:22Z;;988;384
2024-06-13T12:56:11Z;;895;291
2024-06-13T12:57:33Z;-601;;294
2024-06-13T12:57:48Z;;597;-4
2024-06-13T13:00:05Z;;391;-210
2024-06-13T13:00:09Z;-348;;43
2024-06-13T13:10:13Z;-364;;27
2024-06-13T13:10:15Z;-103;;288
2024-06-13T13:11:48Z;-328;;63
2024-06-13T13:11:49Z;-84;;307
2024-06-13T13:15:05Z;;401;317
2024-06-13T13:15:07Z;-358;;43
2024-06-13T13:26:35Z;-546;;-145
2024-06-13T13:26:37Z;-557;;-156
2024-06-13T13:26:47Z;;607;50
2024-06-13T13:26:52Z;;595;38
2024-06-13T13:26:54Z;;608;51
2024-06-13T13:27:11Z;-594;;14
2024-06-13T13:27:13Z;-600;;8
2024-06-13T13:27:15Z;-599;;9
2024-06-13T13:30:05Z;;766;167
2024-06-13T13:30:09Z;-733;;33
2024-06-13T13:31:23Z;-728;;38
2024-06-13T13:31:24Z;-949;;-183
2024-06-13T13:34:37Z;-599;;167
2024-06-13T13:35:28Z;;599;0
2024-06-13T13:35:30Z;;603;4
2024-06-13T13:35:35Z;;599;0
2024-06-13T13:41:31Z;;7;-592
2024-06-13T13:41:33Z;;440;-159
2024-06-13T13:42:03Z;-401;;39
2024-06-13T13:42:04Z;-125;;315
2024-06-13T13:45:05Z;;373;248
2024-06-13T13:45:07Z;-343;;30
2024-06-13T13:46:06Z;-308;;65
2024-06-13T13:48:05Z;;297;-11
2024-06-13T13:48:07Z;;304;-4
2024-06-13T13:48:15Z;;295;-13
2024-06-13T13:48:17Z;;300;-8
2024-06-13T13:48:19Z;;299;-9
2024-06-13T13:48:21Z;;300;-8
2024-06-13T13:48:23Z;;299;-9
2024-06-13T13:48:25Z;;304;-4
2024-06-13T13:48:26Z;;297;-11
2024-06-13T13:51:35Z;51;;348
2024-06-13T13:51:36Z;-95;;202
2024-06-13T13:51:37Z;;612;517
2024-06-13T13:51:39Z;;267;172
2024-06-13T14:00:05Z;;256;161
2024-06-13T14:00:07Z;-101;;155
2024-06-13T14:12:11Z;-109;;147
2024-06-13T14:12:12Z;-482;;-226
2024-06-13T14:15:05Z;;149;-333
2024-06-13T14:15:07Z;-112;;37
2024-06-13T14:18:29Z;;302;190
2024-06-13T14:18:31Z;;297;185
2024-06-13T14:18:33Z;;307;195
2024-06-13T14:19:13Z;-297;;10
2024-06-13T14:19:14Z;-300;;7
2024-06-13T14:19:24Z;-298;;9
2024-06-13T14:19:36Z;-304;;3
2024-06-13T14:19:38Z;-294;;13
2024-06-13T14:19:47Z;-301;;6
2024-06-13T14:19:49Z;-296;;11
2024-06-13T14:21:27Z;-302;;5
2024-06-13T14:21:28Z;-296;;11
2024-06-13T14:21:36Z;-301;;6
2024-06-13T14:21:42Z;-298;;9
2024-06-13T14:21:45Z;-298;;9
2024-06-13T14:22:21Z;;0;-298
2024-06-13T14:22:23Z;;307;9
2024-06-13T14:22:51Z;;297;-1
2024-06-13T14:22:53Z;;304;6
2024-06-13T14:23:01Z;;294;-4
2024-06-13T14:23:07Z;;304;6
2024-06-13T14:23:09Z;;299;1
2024-06-13T14:23:17Z;;300;2
2024-06-13T14:23:19Z;;299;1
2024-06-13T14:29:20Z;;295;-3
2024-06-13T14:29:23Z;;299;1
2024-06-13T14:29:25Z;;301;3
2024-06-13T14:29:45Z;-306;;-5
2024-06-13T14:29:47Z;-295;;6
2024-06-13T14:29:49Z;-306;;-5
2024-06-13T14:30:05Z;;352;46
2024-06-13T14:30:07Z;-325;;27
2024-06-13T14:35:29Z;-304;;48
2024-06-13T14:35:31Z;-296;;56
2024-06-13T14:35:34Z;-299;;53
2024-06-13T14:35:36Z;-304;;48
2024-06-13T14:35:42Z;-299;;53
2024-06-13T14:35:43Z;-300;;52
2024-06-13T14:35:44Z;-290;;62
2024-06-13T14:35:50Z;-301;;51
2024-06-13T14:35:52Z;-295;;57
2024-06-13T14:36:35Z;;298;3
2024-06-13T14:36:37Z;;306;11
2024-06-13T14:36:44Z;;294;-1
2024-06-13T14:36:46Z;;300;5
2024-06-13T14:36:49Z;;299;4
2024-06-13T14:36:51Z;;305;10
2024-06-13T14:36:53Z;;299;4
2024-06-13T14:36:57Z;;300;5
2024-06-13T14:36:59Z;;296;1
2024-06-13T14:37:01Z;;301;6
2024-06-13T14:37:03Z;;295;0
2024-06-13T14:38:16Z;;303;8
2024-06-13T14:38:20Z;;292;-3
2024-06-13T14:38:22Z;;303;8
2024-06-13T14:39:13Z;-295;;8
2024-06-13T14:39:16Z;-297;;6
2024-06-13T14:39:17Z;-296;;7
2024-06-13T14:39:19Z;-305;;-2
2024-06-13T14:39:21Z;-299;;4
2024-06-13T14:39:37Z;-304;;-1
2024-06-13T14:39:40Z;-304;;-1
2024-06-13T14:41:16Z;-321;;-18
2024-06-13T14:41:17Z;-82;;221
2024-06-13T14:42:35Z;-335;;-32
2024-06-13T14:42:36Z;;0;-335
2024-06-13T14:42:37Z;-326;;-326
2024-06-13T14:42:38Z;-85;364;-85
2024-06-13T14:42:39Z;-343;;21
2024-06-13T14:45:05Z;;391;48
2024-06-13T14:45:07Z;-360;;31
2024-06-13T14:50:46Z;-299;;92
2024-06-13T14:50:47Z;-297;;94
2024-06-13T14:50:58Z;-292;;99
2024-06-13T14:51:02Z;-300;;91
2024-06-13T14:51:04Z;-295;;96
2024-06-13T14:51:55Z;;293;-2
2024-06-13T14:52:02Z;;301;6
2024-06-13T14:52:04Z;;290;-5
2024-06-13T14:52:42Z;;459;164
2024-06-13T14:52:44Z;;239;-56
2024-06-13T14:56:31Z;1;;240
2024-06-13T14:56:32Z;0;;239
2024-06-13T14:56:33Z;1;;240
2024-06-13T14:56:34Z;0;;239
2024-06-13T14:56:36Z;1;;240
2024-06-13T15:00:05Z;;79;80
2024-06-13T15:00:07Z;72;;151
2024-06-13T15:02:55Z;;0;72
2024-06-13T15:02:57Z;;38;110
2024-06-13T15:13:22Z;0;;38
2024-06-13T15:13:23Z;1;;39
2024-06-13T15:13:25Z;0;;38
2024-06-13T15:13:26Z;1;;39
2024-06-13T15:13:27Z;0;;38
2024-06-13T15:13:29Z;1;;39
2024-06-13T15:13:31Z;0;;38
2024-06-13T15:13:33Z;0;;38
2024-06-13T15:13:58Z;-1;;37
2024-06-13T15:14:11Z;-1;;37
2024-06-13T15:14:14Z;-2;;36
2024-06-13T15:15:05Z;;41;39
2024-06-13T15:15:07Z;-4;;37
2024-06-13T15:18:04Z;52;;93
2024-06-13T15:23:29Z;46;;87
2024-06-13T15:30:05Z;;47;93
2024-06-13T15:30:07Z;-9;;38
2024-06-13T15:31:11Z;1;;48
2024-06-13T15:31:33Z;4;;51
2024-06-13T15:31:35Z;5;;52
2024-06-13T15:31:39Z;5;;52
2024-06-13T15:31:41Z;6;;53
2024-06-13T15:31:46Z;0;;47
2024-06-13T15:31:47Z;7;;54
2024-06-13T15:31:54Z;0;;47
2024-06-13T15:31:55Z;7;;54
2024-06-13T15:33:52Z;;0;7
2024-06-13T15:33:54Z;;1;8
2024-06-13T15:36:24Z;;2;9
2024-06-13T15:36:26Z;;2;9
2024-06-13T15:36:41Z;;0;7
2024-06-13T15:36:43Z;;1;8
2024-06-13T15:36:47Z;;0;7
2024-06-13T15:36:49Z;;1;8
2024-06-13T15:36:51Z;;0;7
2024-06-13T15:36:53Z;;1;8
2024-06-13T15:36:56Z;;0;7
2024-06-13T15:36:58Z;;5;12
2024-06-13T15:37:00Z;;0;7
2024-06-13T15:37:02Z;;1;8
2024-06-13T15:37:05Z;;0;7
2024-06-13T15:37:10Z;;5;12
2024-06-13T15:37:12Z;;0;7
2024-06-13T15:37:16Z;;4;11
2024-06-13T15:37:18Z;;0;7
2024-06-13T15:37:22Z;;3;10
2024-06-13T15:37:24Z;;0;7
2024-06-13T15:37:28Z;;3;10
2024-06-13T15:37:30Z;;0;7
2024-06-13T15:37:40Z;;4;11
2024-06-13T15:37:42Z;;0;7
2024-06-13T15:37:44Z;;1;8
2024-06-13T15:37:46Z;;0;7
2024-06-13T15:37:47Z;;4;11
2024-06-13T15:37:49Z;;0;7
2024-06-13T15:37:52Z;;4;11
2024-06-13T15:37:54Z;;0;7
2024-06-13T15:37:58Z;;4;11
2024-06-13T15:38:00Z;;0;7
2024-06-13T15:38:04Z;;4;11
2024-06-13T15:38:06Z;;0;7
2024-06-13T15:38:10Z;;4;11
2024-06-13T15:38:12Z;;0;7
2024-06-13T15:38:16Z;;4;11
2024-06-13T15:38:18Z;;0;7
2024-06-13T15:38:22Z;;5;12
2024-06-13T15:38:24Z;;0;7
2024-06-13T15:38:28Z;;4;11
2024-06-13T15:38:30Z;;0;7
2024-06-13T15:38:34Z;;5;12
2024-06-13T15:38:36Z;;0;7
2024-06-13T15:38:40Z;;5;12
2024-06-13T15:38:42Z;;0;7
2024-06-13T15:38:46Z;;5;12
2024-06-13T15:38:48Z;;0;7
2024-06-13T15:38:52Z;;5;12
2024-06-13T15:38:54Z;;0;7
2024-06-13T15:38:58Z;;5;12
2024-06-13T15:39:00Z;;0;7
2024-06-13T15:39:04Z;;5;12
2024-06-13T15:39:06Z;;0;7
2024-06-13T15:39:10Z;;5;12
2024-06-13T15:39:12Z;;0;7
2024-06-13T15:39:14Z;;1;8
2024-06-13T15:39:16Z;;0;7
2024-06-13T15:39:18Z;;6;13
2024-06-13T15:39:19Z;;0;7
2024-06-13T15:39:21Z;;1;8
2024-06-13T15:39:23Z;;0;7
2024-06-13T15:39:25Z;;1;8
2024-06-13T15:39:27Z;;0;7
2024-06-13T15:39:28Z;;1;8
2024-06-13T15:39:51Z;;0;7
2024-06-13T15:39:53Z;;6;13
2024-06-13T15:45:05Z;;19;26
2024-06-13T15:45:07Z;17;;36
2024-06-13T15:52:05Z;0;;19
2024-06-13T15:52:06Z;1;;20
2024-06-13T15:52:16Z;0;;19
2024-06-13T15:52:17Z;3;;22
2024-06-13T15:52:21Z;0;;19
2024-06-13T15:52:22Z;1;;20
2024-06-13T15:52:26Z;0;;19
2024-06-13T15:52:29Z;2;;21
2024-06-13T15:52:30Z;0;;19
2024-06-13T15:52:42Z;0;;19
2024-06-13T15:52:51Z;0;;19
2024-06-13T15:52:54Z;0;;19
2024-06-13T15:52:59Z;0;;19
2024-06-13T15:53:01Z;0;;19
2024-06-13T15:53:05Z;0;;19
2024-06-13T15:53:11Z;0;;19
2024-06-13T15:53:17Z;0;;19
2024-06-13T15:54:27Z;249;;268
2024-06-13T15:54:29Z;60;;79
2024-06-13T16:00:05Z;;73;133
2024-06-13T16:00:07Z;-36;;37
2024-06-13T16:05:29Z;414;;487
2024-06-13T16:05:30Z;64;;137
2024-06-13T16:14:50Z;-348;357;9
2024-06-13T16:14:52Z;;141;-207
2024-06-13T16:14:54Z;10;;151
2024-06-13T16:15:05Z;;143;153
2024-06-13T16:15:07Z;9;;152
2024-06-13T16:15:44Z;0;;143
2024-06-13T16:15:47Z;0;;143
2024-06-13T16:15:49Z;0;;143
2024-06-13T16:15:54Z;-1;;142
2024-06-13T16:23:43Z;;300;299
2024-06-13T16:23:45Z;;294;293
2024-06-13T16:23:47Z;;301;300
2024-06-13T16:23:49Z;;295;294
2024-06-13T16:23:51Z;;304;303
2024-06-13T16:23:53Z;;296;295
2024-06-13T16:23:55Z;;306;305
2024-06-13T16:25:06Z;-296;;10
2024-06-13T16:25:09Z;-300;;6
2024-06-13T16:25:10Z;-298;;8
2024-06-13T16:25:15Z;-301;;5
2024-06-13T16:25:16Z;-305;;1
2024-06-13T16:25:41Z;-295;;11
2024-06-13T16:25:43Z;;0;-295
2024-06-13T16:25:45Z;;337;42
2024-06-13T16:25:46Z;-319;;18
2024-06-13T16:25:48Z;;246;-73
2024-06-13T16:25:50Z;;361;42
2024-06-13T16:28:39Z;-388;;-27
2024-06-13T16:28:40Z;-111;;250
2024-06-13T16:28:42Z;;220;109
2024-06-13T16:28:44Z;;420;309
2024-06-13T16:29:20Z;-390;;30
2024-06-13T16:29:22Z;-388;;32
2024-06-13T16:30:05Z;;425;37
2024-06-13T16:30:09Z;-395;;30
2024-06-13T16:45:05Z;;509;114
2024-06-13T16:45:07Z;-470;;39
2024-06-13T16:48:14Z;;604;134
2024-06-13T16:48:35Z;-601;;3
2024-06-13T16:48:36Z;-594;;10
2024-06-13T16:48:37Z;-608;;-4
2024-06-13T16:58:35Z;-606;;-2
2024-06-13T16:58:37Z;-597;;7
2024-06-13T16:58:39Z;-603;;1
2024-06-13T16:58:40Z;-599;;5
2024-06-13T16:58:41Z;-600;;4
2024-06-13T16:58:59Z;;596;-4
2024-06-13T16:59:22Z;-216;;380
2024-06-13T16:59:23Z;-488;;108
2024-06-13T16:59:34Z;-167;;429
2024-06-13T16:59:35Z;-474;;122
2024-06-13T17:00:05Z;;493;19
2024-06-13T17:00:07Z;-451;;42
2024-06-13T17:10:53Z;-442;;51
2024-06-13T17:10:54Z;-260;;233
2024-06-13T17:11:12Z;-295;;198
2024-06-13T17:11:15Z;-302;;191
2024-06-13T17:11:17Z;-297;;196
2024-06-13T17:11:21Z;-306;;187
2024-06-13T17:11:43Z;-297;;196
2024-06-13T17:11:45Z;-305;;188
2024-06-13T17:11:51Z;-297;;196
2024-06-13T17:11:53Z;-304;;189
2024-06-13T17:12:38Z;-304;;189
2024-06-13T17:12:39Z;-297;;196
2024-06-13T17:12:46Z;-302;;191
2024-06-13T17:12:49Z;-301;;192
2024-06-13T17:12:56Z;-299;;194
2024-06-13T17:13:02Z;-297;;196
2024-06-13T17:13:03Z;-302;;191
2024-06-13T17:15:05Z;;412;110
2024-06-13T17:15:08Z;;277;-25
2024-06-13T17:15:09Z;-249;;28
2024-06-13T17:15:10Z;;409;160
2024-06-13T17:16:37Z;224;;633
2024-06-13T17:19:51Z;;299;523
2024-06-13T17:19:55Z;;306;530
2024-06-13T17:19:59Z;;297;521
2024-06-13T17:20:01Z;;308;532
2024-06-13T17:20:06Z;;296;520
2024-06-13T17:20:08Z;;307;531
2024-06-13T17:20:11Z;;293;517
2024-06-13T17:20:13Z;;305;529
2024-06-13T17:20:37Z;;299;523
2024-06-13T17:20:39Z;;307;531
2024-06-13T17:20:47Z;;297;521
2024-06-13T17:20:49Z;;304;528
2024-06-13T17:20:57Z;;294;518
2024-06-13T17:20:59Z;;302;526
2024-06-13T17:21:03Z;;299;523
2024-06-13T17:21:04Z;;301;525
2024-06-13T17:21:07Z;;292;516
2024-06-13T17:21:09Z;;300;524
2024-06-13T17:21:11Z;;299;523
2024-06-13T17:21:13Z;;302;526
2024-06-13T17:21:15Z;;295;519
2024-06-13T17:21:23Z;;300;524
2024-06-13T17:21:25Z;;296;520
2024-06-13T17:30:05Z;;135;359
2024-06-13T17:30:07Z;-146;;-11
2024-06-13T17:36:52Z;64;;199
2024-06-13T17:36:53Z;;0;64
2024-06-13T17:36:54Z;;155;219
2024-06-13T17:45:05Z;;120;184
2024-06-13T17:45:07Z;-81;;39
2024-06-13T18:00:05Z;;74;-7
2024-06-13T18:00:07Z;-36;;38
2024-06-13T18:07:27Z;10;;84
2024-06-13T18:07:28Z;-18;;56
2024-06-13T18:15:05Z;;40;22
2024-06-13T18:15:07Z;-5;;35
2024-06-13T18:16:06Z;0;;40
2024-06-13T18:16:09Z;0;;40
2024-06-13T18:16:12Z;1;;41
2024-06-13T18:16:13Z;0;;40
2024-06-13T18:16:15Z;0;;40
2024-06-13T18:16:21Z;1;;41
2024-06-13T18:16:22Z;0;;40
2024-06-13T18:16:24Z;1;;41
2024-06-13T18:16:25Z;0;;40
2024-06-13T18:16:28Z;2;;42
2024-06-13T18:16:29Z;0;;40
2024-06-13T18:16:30Z;1;;41
2024-06-13T18:16:31Z;0;;40
2024-06-13T18:16:33Z;1;;41
2024-06-13T18:16:34Z;0;;40
2024-06-13T18:16:35Z;1;;41
2024-06-13T18:16:38Z;0;;40
2024-06-13T18:16:40Z;1;;41
2024-06-13T18:17:38Z;625;0;665
2024-06-13T18:17:39Z;135;;135
2024-06-13T18:17:41Z;;21;156
2024-06-13T18:17:42Z;;0;135
2024-06-13T18:17:43Z;;32;167
2024-06-13T18:27:46Z;;0;135
2024-06-13T18:27:48Z;;14;149
2024-06-13T18:30:05Z;;9;144
2024-06-13T18:30:07Z;143;;152
2024-06-13T18:36:03Z;;0;143
2024-06-13T18:36:05Z;;1;144
2024-06-13T18:36:09Z;;0;143
2024-06-13T18:36:11Z;;1;144
2024-06-13T18:36:13Z;;0;143
2024-06-13T18:36:14Z;;1;144
2024-06-13T18:36:16Z;;0;143
2024-06-13T18:36:18Z;;1;144
2024-06-13T18:36:20Z;;0;143
2024-06-13T18:36:21Z;;1;144
2024-06-13T18:36:23Z;;0;143
2024-06-13T18:36:25Z;;1;144
2024-06-13T18:36:27Z;;0;143
2024-06-13T18:36:28Z;;0;143
2024-06-13T18:36:30Z;;0;143
2024-06-13T18:37:09Z;;1;144
2024-06-13T18:37:13Z;;0;143
2024-06-13T18:37:16Z;;1;144
2024-06-13T18:37:18Z;;0;143
2024-06-13T18:37:20Z;;1;144
2024-06-13T18:37:21Z;;0;143
2024-06-13T18:37:23Z;;1;144
2024-06-13T18:37:25Z;;0;143
2024-06-13T18:37:28Z;;1;144
2024-06-13T18:37:31Z;;0;143
2024-06-13T18:37:33Z;;1;144
2024-06-13T18:37:35Z;;0;143
2024-06-13T18:37:36Z;;1;144
2024-06-13T18:37:38Z;;0;143
2024-06-13T18:37:42Z;;1;144
2024-06-13T18:37:43Z;;0;143
2024-06-13T18:38:05Z;445;;445
2024-06-13T18:38:06Z;45;;45
2024-06-13T18:45:05Z;;0;45
2024-06-13T18:45:07Z;45;;45
2024-06-13T18:49:01Z;;107;152
2024-06-13T18:49:03Z;;0;45
2024-06-13T19:00:05Z;;0;45
2024-06-13T19:00:07Z;39;;39
2024-06-13T19:15:05Z;;0;39
2024-06-13T19:15:07Z;39;;39
2024-06-13T19:21:15Z;2331;;2331
2024-06-13T19:21:16Z;197;;197
2024-06-13T19:30:05Z;;0;197
2024-06-13T19:30:07Z;161;;161
2024-06-13T19:45:05Z;;0;161
2024-06-13T19:45:07Z;39;;39
2024-06-13T20:00:05Z;;0;39
2024-06-13T20:00:07Z;41;;41
2024-06-13T20:15:05Z;;0;41
2024-06-13T20:15:07Z;40;;40
2024-06-13T20:25:11Z;1551;;1551
2024-06-13T20:25:13Z;186;;186
2024-06-13T20:30:05Z;;0;186
2024-06-13T20:30:07Z;160;;160
2024-06-13T20:45:05Z;;0;160
2024-06-13T20:45:07Z;41;;41
2024-06-13T21:00:05Z;;0;41
2024-06-13T21:00:07Z;41;;41
2024-06-13T21:15:05Z;;0;41
2024-06-13T21:15:07Z;41;;41
2024-06-13T21:30:05Z;;0;41
2024-06-13T21:30:07Z;164;;164
2024-06-13T21:45:05Z;;0;164
2024-06-13T21:45:07Z;157;;157
2024-06-13T22:00:05Z;;0;157
2024-06-13T22:00:07Z;40;;40
2024-06-13T22:15:05Z;;0;40
2024-06-13T22:15:07Z;41;;41
2024-06-13T22:30:05Z;;0;41
2024-06-13T22:30:07Z;41;;41
2024-06-13T22:32:24Z;553;;553
2024-06-13T22:32:25Z;164;;164
2024-06-13T22:45:05Z;;0;164
2024-06-13T22:45:07Z;158;;158
2024-06-13T23:00:05Z;;0;158
2024-06-13T23:00:07Z;41;;41
2024-06-13T23:15:05Z;;0;41
2024-06-13T23:15:07Z;42;;42
2024-06-13T23:30:05Z;;0;42
2024-06-13T23:30:07Z;41;;41
2024-06-13T23:45:05Z;;0;41
2024-06-13T23:45:07Z;160;;160