timestamp;P_ex;P_pr;P_load
2025-07-02T00:00:06Z;1563;;1563
2025-07-02T00:00:16Z;;0;1563
2025-07-02T00:00:24Z;1299;;1299
2025-07-02T00:00:39Z;1127;;1127
2025-07-02T00:07:20Z;1351;;1351
2025-07-02T00:15:09Z;1391;;1391
2025-07-02T00:15:18Z;;0;1391
2025-07-02T00:30:06Z;1299;;1299
2025-07-02T00:30:16Z;;0;1299
2025-07-02T00:37:20Z;1078;;1078
2025-07-02T00:44:01Z;1431;;1431
2025-07-02T00:45:06Z;1324;;1324
2025-07-02T00:45:16Z;;0;1324
2025-07-02T01:00:07Z;1331;;1331
2025-07-02T01:00:16Z;;0;1331
2025-07-02T01:14:22Z;1633;;1633
2025-07-02T01:15:07Z;1638;;1638
2025-07-02T01:15:16Z;;0;1638
2025-07-02T01:15:52Z;1402;;1402
2025-07-02T01:19:38Z;4302;;4302
2025-07-02T01:19:40Z;1650;;1650
2025-07-02T01:22:39Z;2988;;2988
2025-07-02T01:22:41Z;1855;;1855
2025-07-02T01:30:07Z;1988;;1988
2025-07-02T01:30:16Z;;0;1988
2025-07-02T01:39:29Z;1694;;1694
2025-07-02T01:45:07Z;1564;;1564
2025-07-02T01:45:16Z;;0;1564
2025-07-02T01:53:10Z;1387;;1387
2025-07-02T01:59:50Z;1678;;1678
2025-07-02T02:00:07Z;1630;;1630
2025-07-02T02:00:16Z;;0;1630
2025-07-02T02:15:07Z;1558;;1558
2025-07-02T02:15:16Z;;0;1558
2025-07-02T02:29:20Z;1375;;1375
2025-07-02T02:30:07Z;1385;;1385
2025-07-02T02:30:16Z;;0;1385
2025-07-02T02:36:01Z;2711;;2711
2025-07-02T02:36:02Z;1572;;1572
2025-07-02T02:37:02Z;4460;;4460
2025-07-02T02:37:03Z;1909;;1909
2025-07-02T02:45:07Z;1957;;1957
2025-07-02T02:45:16Z;;0;1957
2025-07-02T02:56:53Z;1665;;1665
2025-07-02T03:00:08Z;1642;;1642
2025-07-02T03:00:16Z;;0;1642
2025-07-02T03:05:12Z;1426;;1426
2025-07-02T03:11:51Z;1628;;1628
2025-07-02T03:13:13Z;3955;;3955
2025-07-02T03:13:15Z;1966;;1966
2025-07-02T03:15:07Z;1958;;1958
2025-07-02T03:15:16Z;;0;1958
2025-07-02T03:30:07Z;1888;;1888
2025-07-02T03:30:16Z;;0;1888
2025-07-02T03:41:38Z;;32;1920
2025-07-02T03:41:39Z;;0;1888
2025-07-02T03:42:25Z;;2;1890
2025-07-02T03:42:26Z;;0;1888
2025-07-02T03:42:44Z;;1;1889
2025-07-02T03:42:45Z;;0;1888
2025-07-02T03:42:48Z;;1;1889
2025-07-02T03:42:49Z;;0;1888
2025-07-02T03:42:50Z;;1;1889
2025-07-02T03:42:51Z;;0;1888
2025-07-02T03:42:54Z;1664;;1664
2025-07-02T03:42:55Z;;1;1665
2025-07-02T03:42:56Z;;0;1664
2025-07-02T03:42:57Z;;1;1665
2025-07-02T03:42:58Z;;0;1664
2025-07-02T03:43:00Z;;1;1665
2025-07-02T03:43:01Z;;0;1664
2025-07-02T03:43:03Z;;1;1665
2025-07-02T03:43:05Z;;0;1664
2025-07-02T03:43:07Z;;1;1665
2025-07-02T03:43:08Z;;0;1664
2025-07-02T03:43:10Z;;1;1665
2025-07-02T03:43:15Z;;0;1664
2025-07-02T03:43:17Z;;1;1665
2025-07-02T03:43:18Z;;0;1664
2025-07-02T03:43:19Z;;1;1665
2025-07-02T03:43:20Z;;0;1664
2025-07-02T03:43:21Z;;1;1665
2025-07-02T03:43:26Z;;0;1664
2025-07-02T03:43:27Z;;1;1665
2025-07-02T03:43:29Z;;0;1664
2025-07-02T03:43:30Z;;1;1665
2025-07-02T03:43:33Z;;0;1664
2025-07-02T03:43:34Z;;1;1665
2025-07-02T03:43:40Z;;0;1664
2025-07-02T03:43:41Z;;1;1665
2025-07-02T03:43:42Z;;0;1664
2025-07-02T03:43:43Z;;2;1666
2025-07-02T03:45:16Z;;4;1668
2025-07-02T03:45:21Z;;0;1664
2025-07-02T03:45:24Z;;4;1668
2025-07-02T03:46:01Z;;0;1664
2025-07-02T03:46:04Z;;5;1669
2025-07-02T03:49:35Z;1907;;1912
2025-07-02T03:55:24Z;2111;0;2116
2025-07-02T03:55:25Z;;28;2139
2025-07-02T03:55:28Z;1922;;1950
2025-07-02T03:56:07Z;2320;;2348
2025-07-02T03:56:09Z;1922;30;2350
2025-07-02T03:56:12Z;;430;2352
2025-07-02T03:56:13Z;;43;1965
2025-07-02T04:00:07Z;1896;;1939
2025-07-02T04:00:16Z;;51;1947
2025-07-02T04:15:08Z;1853;;1904
2025-07-02T04:15:16Z;;90;1943
2025-07-02T04:15:44Z;1523;;1613
2025-07-02T04:15:46Z;1845;;1935
2025-07-02T04:16:19Z;1637;;1727
2025-07-02T04:16:21Z;1843;;1933
2025-07-02T04:16:55Z;1621;;1711
2025-07-02T04:23:09Z;1496;;1586
2025-07-02T04:23:10Z;1509;;1599
2025-07-02T04:23:12Z;1499;;1589
2025-07-02T04:23:14Z;1500;;1590
2025-07-02T04:23:15Z;1497;;1587
2025-07-02T04:23:17Z;1500;;1590
2025-07-02T04:23:19Z;1498;;1588
2025-07-02T04:23:20Z;1502;;1592
2025-07-02T04:23:22Z;1498;;1588
2025-07-02T04:23:24Z;1511;;1601
2025-07-02T04:26:14Z;;0;1511
2025-07-02T04:26:15Z;;130;1641
2025-07-02T04:26:16Z;1827;;1957
2025-07-02T04:26:18Z;1751;;1881
2025-07-02T04:26:24Z;2059;0;2189
2025-07-02T04:26:26Z;1753;;1753
2025-07-02T04:26:27Z;;131;1884
2025-07-02T04:26:28Z;1836;;1967
2025-07-02T04:26:30Z;1745;;1876
2025-07-02T04:29:48Z;1962;;2093
2025-07-02T04:29:50Z;1737;;1868
2025-07-02T04:30:07Z;1710;;1841
2025-07-02T04:30:16Z;;162;1872
2025-07-02T04:30:21Z;2011;;2173
2025-07-02T04:30:23Z;1707;;1869
2025-07-02T04:33:44Z;1817;;1979
2025-07-02T04:33:52Z;1687;;1849
2025-07-02T04:36:35Z;1820;;1982
2025-07-02T04:36:41Z;1784;;1946
2025-07-02T04:36:43Z;1837;;1999
2025-07-02T04:36:45Z;1688;;1850
2025-07-02T04:37:02Z;2071;;2233
2025-07-02T04:38:00Z;2104;;2266
2025-07-02T04:38:01Z;2077;;2239
2025-07-02T04:38:08Z;2143;;2305
2025-07-02T04:40:27Z;2090;;2252
2025-07-02T04:40:29Z;2120;;2282
2025-07-02T04:42:28Z;1830;;1992
2025-07-02T04:42:51Z;1799;;1961
2025-07-02T04:42:53Z;1800;;1962
2025-07-02T04:43:00Z;1799;;1961
2025-07-02T04:43:03Z;1801;;1963
2025-07-02T04:43:11Z;1798;;1960
2025-07-02T04:43:13Z;1834;;1996
2025-07-02T04:43:21Z;1796;;1958
2025-07-02T04:43:24Z;1800;;1962
2025-07-02T04:43:25Z;1798;;1960
2025-07-02T04:43:29Z;1800;;1962
2025-07-02T04:43:31Z;1798;;1960
2025-07-02T04:43:34Z;1801;;1963
2025-07-02T04:43:37Z;1798;;1960
2025-07-02T04:43:38Z;1802;;1964
2025-07-02T04:43:47Z;1799;;1961
2025-07-02T04:43:49Z;1802;;1964
2025-07-02T04:43:51Z;1799;;1961
2025-07-02T04:43:53Z;1801;;1963
2025-07-02T04:43:55Z;1796;;1958
2025-07-02T04:43:58Z;1800;;1962
2025-07-02T04:44:01Z;1799;;1961
2025-07-02T04:44:04Z;1800;;1962
2025-07-02T04:44:05Z;1798;;1960
2025-07-02T04:44:06Z;1803;;1965
2025-07-02T04:44:09Z;1796;;1958
2025-07-02T04:44:12Z;1802;;1964
2025-07-02T04:44:15Z;1797;;1959
2025-07-02T04:44:16Z;1811;;1973
2025-07-02T04:44:18Z;1796;;1958
2025-07-02T04:44:20Z;1804;;1966
2025-07-02T04:44:23Z;1798;;1960
2025-07-02T04:44:26Z;1800;;1962
2025-07-02T04:44:28Z;1794;;1956
2025-07-02T04:44:30Z;1820;;1982
2025-07-02T04:44:33Z;1797;;1959
2025-07-02T04:44:36Z;1803;;1965
2025-07-02T04:44:38Z;1797;;1959
2025-07-02T04:44:41Z;1802;;1964
2025-07-02T04:44:42Z;1799;;1961
2025-07-02T04:44:44Z;1801;;1963
2025-07-02T04:44:47Z;1797;;1959
2025-07-02T04:44:50Z;1811;;1973
2025-07-02T04:44:53Z;1799;;1961
2025-07-02T04:44:55Z;1800;;1962
2025-07-02T04:44:56Z;1798;;1960
2025-07-02T04:44:59Z;1800;;1962
2025-07-02T04:45:02Z;1796;;1958
2025-07-02T04:45:05Z;1867;;2029
2025-07-02T04:45:07Z;1830;;1992
2025-07-02T04:45:16Z;;231;2061
2025-07-02T04:46:02Z;1429;;1660
2025-07-02T04:46:24Z;1889;0;1429
2025-07-02T04:46:25Z;;225;2114
2025-07-02T04:46:28Z;1429;;1654
2025-07-02T04:46:29Z;1530;;1755
2025-07-02T04:46:31Z;1412;;1637
2025-07-02T04:46:34Z;1828;;2053
2025-07-02T04:46:36Z;1433;0;1828
2025-07-02T04:46:37Z;;227;1660
2025-07-02T04:46:39Z;1570;;1797
2025-07-02T04:46:41Z;1438;;1665
2025-07-02T04:49:27Z;1753;;1980
2025-07-02T04:50:58Z;1477;;1704
2025-07-02T04:52:05Z;1502;;1729
2025-07-02T04:52:07Z;1481;;1708
2025-07-02T04:52:15Z;1501;;1728
2025-07-02T04:52:19Z;1484;;1711
2025-07-02T04:54:30Z;;300;1784
2025-07-02T04:54:31Z;;299;1783
2025-07-02T04:54:35Z;;300;1784
2025-07-02T04:54:38Z;;298;1782
2025-07-02T04:54:40Z;;300;1784
2025-07-02T04:54:50Z;;299;1783
2025-07-02T04:54:52Z;;301;1785
2025-07-02T04:57:45Z;1630;;1931
2025-07-02T05:00:07Z;1666;;1967
2025-07-02T05:00:16Z;;323;1989
2025-07-02T05:15:08Z;1586;;1909
2025-07-02T05:15:16Z;;409;1995
2025-07-02T05:15:37Z;2008;;2417
2025-07-02T05:15:43Z;2140;;2549
2025-07-02T05:15:47Z;2001;;2410
2025-07-02T05:15:51Z;1797;;2206
2025-07-02T05:15:55Z;1801;;2210
2025-07-02T05:17:11Z;1776;;2185
2025-07-02T05:19:25Z;1494;;1903
2025-07-02T05:19:28Z;1738;;2147
2025-07-02T05:19:30Z;1497;;1906
2025-07-02T05:19:34Z;1506;;1915
2025-07-02T05:19:41Z;1497;;1906
2025-07-02T05:19:44Z;1501;;1910
2025-07-02T05:20:02Z;1498;;1907
2025-07-02T05:20:04Z;1510;;1919
2025-07-02T05:20:06Z;1496;;1905
2025-07-02T05:20:09Z;1519;;1928
2025-07-02T05:20:11Z;1497;;1906
2025-07-02T05:20:12Z;1508;;1917
2025-07-02T05:20:18Z;1495;;1904
2025-07-02T05:20:19Z;1510;;1919
2025-07-02T05:20:21Z;1490;;1899
2025-07-02T05:20:23Z;1513;;1922
2025-07-02T05:20:26Z;1493;;1902
2025-07-02T05:20:28Z;1505;;1914
2025-07-02T05:20:31Z;1494;;1903
2025-07-02T05:20:33Z;1507;;1916
2025-07-02T05:20:35Z;1493;;1902
2025-07-02T05:20:38Z;1504;;1913
2025-07-02T05:20:42Z;1499;;1908
2025-07-02T05:20:44Z;1513;;1922
2025-07-02T05:20:46Z;1497;;1906
2025-07-02T05:20:49Z;1505;;1914
2025-07-02T05:20:52Z;1489;;1898
2025-07-02T05:20:53Z;1500;;1909
2025-07-02T05:20:56Z;1488;;1897
2025-07-02T05:20:59Z;1502;;1911
2025-07-02T05:21:01Z;1492;;1901
2025-07-02T05:21:03Z;1500;;1909
2025-07-02T05:21:05Z;1491;;1900
2025-07-02T05:21:07Z;1508;;1917
2025-07-02T05:21:09Z;1487;;1896
2025-07-02T05:21:12Z;1631;;2040
2025-07-02T05:21:15Z;1482;;1891
2025-07-02T05:21:22Z;1629;;2038
2025-07-02T05:21:32Z;1482;;1891
2025-07-02T05:21:45Z;1503;;1912
2025-07-02T05:21:48Z;1491;;1900
2025-07-02T05:22:03Z;1500;;1909
2025-07-02T05:22:05Z;1484;;1893
2025-07-02T05:22:14Z;1501;;1910
2025-07-02T05:22:16Z;1479;;1888
2025-07-02T05:23:15Z;1509;;1918
2025-07-02T05:23:28Z;1501;;1910
2025-07-02T05:23:29Z;1496;;1905
2025-07-02T05:23:30Z;1501;;1910
2025-07-02T05:23:34Z;1499;;1908
2025-07-02T05:23:36Z;1505;;1914
2025-07-02T05:23:39Z;1499;;1908
2025-07-02T05:23:42Z;1503;;1912
2025-07-02T05:23:44Z;1487;;1896
2025-07-02T05:23:45Z;1500;;1909
2025-07-02T05:23:48Z;1495;;1904
2025-07-02T05:23:49Z;1503;;1912
2025-07-02T05:23:56Z;1494;;1903
2025-07-02T05:23:58Z;1501;;1910
2025-07-02T05:24:05Z;1494;;1903
2025-07-02T05:24:07Z;1512;;1921
2025-07-02T05:24:19Z;1499;;1908
2025-07-02T05:24:23Z;1505;;1914
2025-07-02T05:24:24Z;1490;;1899
2025-07-02T05:24:28Z;1502;;1911
2025-07-02T05:24:30Z;1492;;1901
2025-07-02T05:24:55Z;1500;;1909
2025-07-02T05:24:57Z;1487;;1896
2025-07-02T05:26:45Z;;274;1761
2025-07-02T05:26:47Z;1723;;1997
2025-07-02T05:26:48Z;1254;;1528
2025-07-02T05:26:51Z;1051;;1325
2025-07-02T05:26:54Z;1243;;1517
2025-07-02T05:26:56Z;;88;1331
2025-07-02T05:26:57Z;1609;543;1697
2025-07-02T05:26:58Z;;609;2218
2025-07-02T05:26:59Z;1248;553;2162
2025-07-02T05:27:48Z;1188;;1741
2025-07-02T05:29:28Z;1320;;1873
2025-07-02T05:29:34Z;1158;;1711
2025-07-02T05:29:36Z;1208;;1761
2025-07-02T05:29:39Z;1199;;1752
2025-07-02T05:29:41Z;1202;;1755
2025-07-02T05:29:45Z;1199;;1752
2025-07-02T05:29:47Z;1212;;1765
2025-07-02T05:29:58Z;1154;;1707
2025-07-02T05:30:00Z;1300;;1853
2025-07-02T05:30:03Z;1173;;1726
2025-07-02T05:30:07Z;1201;;1754
2025-07-02T05:30:10Z;1298;;1851
2025-07-02T05:30:11Z;1198;;1751
2025-07-02T05:30:16Z;;575;1773
2025-07-02T05:30:59Z;;601;1799
2025-07-02T05:31:00Z;;599;1797
2025-07-02T05:31:01Z;;601;1799
2025-07-02T05:31:02Z;;599;1797
2025-07-02T05:31:05Z;;600;1798
2025-07-02T05:31:09Z;;599;1797
2025-07-02T05:31:10Z;;601;1799
2025-07-02T05:31:15Z;;599;1797
2025-07-02T05:31:17Z;;605;1803
2025-07-02T05:31:59Z;1837;;2442
2025-07-02T05:32:18Z;1634;;2239
2025-07-02T05:32:19Z;1410;;2015
2025-07-02T05:32:21Z;;599;2009
2025-07-02T05:32:23Z;;607;2017
2025-07-02T05:33:10Z;;594;2004
2025-07-02T05:33:11Z;;604;2014
2025-07-02T05:33:22Z;;596;2006
2025-07-02T05:33:23Z;;606;2016
2025-07-02T05:36:51Z;;484;1894
2025-07-02T05:36:52Z;;692;2102
2025-07-02T05:43:02Z;1199;;1891
2025-07-02T05:43:03Z;1205;;1897
2025-07-02T05:43:10Z;1153;;1845
2025-07-02T05:45:07Z;1138;;1830
2025-07-02T05:45:16Z;;787;1925
2025-07-02T05:52:10Z;;900;2038
2025-07-02T05:52:11Z;;899;2037
2025-07-02T05:52:13Z;;901;2039
2025-07-02T05:52:17Z;;898;2036
2025-07-02T05:52:19Z;;902;2040
2025-07-02T05:52:20Z;;895;2033
2025-07-02T05:52:22Z;;904;2042
2025-07-02T05:52:29Z;;899;2037
2025-07-02T05:52:30Z;;900;2038
2025-07-02T05:54:39Z;;899;2037
2025-07-02T05:54:40Z;;939;2077
2025-07-02T05:56:59Z;;857;1995
2025-07-02T05:57:00Z;;948;2086
2025-07-02T05:57:01Z;;776;1914
2025-07-02T05:57:02Z;825;963;1788
2025-07-02T05:57:06Z;944;;1907
2025-07-02T05:57:31Z;;970;1914
2025-07-02T05:57:34Z;1382;;2352
2025-07-02T05:57:35Z;;958;2340
2025-07-02T05:57:36Z;955;;1913
2025-07-02T05:59:00Z;886;;1844
2025-07-02T05:59:02Z;918;;1876
2025-07-02T05:59:13Z;898;;1856
2025-07-02T05:59:15Z;904;;1862
2025-07-02T06:00:01Z;898;;1856
2025-07-02T06:00:04Z;904;;1862
2025-07-02T06:00:08Z;904;;1862
2025-07-02T06:00:09Z;896;;1854
2025-07-02T06:00:11Z;910;;1868
2025-07-02T06:00:13Z;894;;1852
2025-07-02T06:00:16Z;;1015;1909
2025-07-02T06:00:21Z;906;;1921
2025-07-02T06:00:23Z;896;;1911
2025-07-02T06:00:33Z;903;;1918
2025-07-02T06:00:35Z;898;;1913
2025-07-02T06:00:40Z;901;;1916
2025-07-02T06:00:41Z;884;;1899
2025-07-02T06:03:59Z;599;;1614
2025-07-02T06:04:00Z;604;;1619
2025-07-02T06:04:07Z;598;;1613
2025-07-02T06:04:09Z;601;;1616
2025-07-02T06:04:14Z;596;;1611
2025-07-02T06:04:15Z;605;;1620
2025-07-02T06:04:17Z;593;;1608
2025-07-02T06:04:19Z;607;;1622
2025-07-02T06:04:21Z;598;;1613
2025-07-02T06:04:23Z;601;;1616
2025-07-02T06:04:25Z;591;;1606
2025-07-02T06:04:29Z;604;;1619
2025-07-02T06:04:32Z;592;;1607
2025-07-02T06:04:54Z;606;;1621
2025-07-02T06:04:55Z;595;;1610
2025-07-02T06:05:06Z;610;;1625
2025-07-02T06:05:07Z;584;;1599
2025-07-02T06:05:15Z;603;;1618
2025-07-02T06:05:18Z;595;;1610
2025-07-02T06:05:20Z;603;;1618
2025-07-02T06:05:21Z;589;;1604
2025-07-02T06:05:27Z;601;;1616
2025-07-02T06:05:28Z;591;;1606
2025-07-02T06:05:30Z;606;;1621
2025-07-02T06:05:32Z;595;;1610
2025-07-02T06:05:50Z;639;;1654
2025-07-02T06:06:01Z;598;;1613
2025-07-02T06:06:02Z;613;;1628
2025-07-02T06:06:13Z;598;;1613
2025-07-02T06:06:14Z;605;;1620
2025-07-02T06:06:19Z;599;;1614
2025-07-02T06:06:20Z;609;;1624
2025-07-02T06:06:25Z;597;;1612
2025-07-02T06:06:26Z;609;;1624
2025-07-02T06:06:31Z;581;;1596
2025-07-02T06:06:46Z;611;;1626
2025-07-02T06:06:48Z;591;;1606
2025-07-02T06:06:50Z;602;;1617
2025-07-02T06:06:52Z;597;;1612
2025-07-02T06:06:53Z;607;;1622
2025-07-02T06:06:55Z;597;;1612
2025-07-02T06:07:38Z;615;;1630
2025-07-02T06:07:39Z;595;;1610
2025-07-02T06:07:43Z;600;;1615
2025-07-02T06:07:44Z;592;;1607
2025-07-02T06:07:46Z;602;;1617
2025-07-02T06:07:47Z;590;;1605
2025-07-02T06:07:49Z;816;;1831
2025-07-02T06:09:25Z;;1200;2016
2025-07-02T06:09:26Z;;1199;2015
2025-07-02T06:09:29Z;;1200;2016
2025-07-02T06:09:31Z;;1195;2011
2025-07-02T06:09:33Z;;1201;2017
2025-07-02T06:09:35Z;;1199;2015
2025-07-02T06:09:37Z;;1203;2019
2025-07-02T06:09:41Z;;1199;2015
2025-07-02T06:09:43Z;;1205;2021
2025-07-02T06:15:07Z;698;;1903
2025-07-02T06:15:16Z;;1269;1967
2025-07-02T06:17:47Z;;1033;1731
2025-07-02T06:17:48Z;951;1347;1984
2025-07-02T06:17:50Z;629;;1976
2025-07-02T06:17:56Z;584;;1931
2025-07-02T06:17:59Z;600;;1947
2025-07-02T06:18:00Z;593;;1940
2025-07-02T06:18:12Z;610;;1957
2025-07-02T06:18:28Z;596;;1943
2025-07-02T06:18:30Z;612;;1959
2025-07-02T06:18:32Z;578;;1925
2025-07-02T06:18:34Z;605;;1952
2025-07-02T06:18:35Z;589;;1936
2025-07-02T06:18:39Z;612;;1959
2025-07-02T06:18:40Z;598;;1945
2025-07-02T06:18:43Z;619;;1966
2025-07-02T06:18:45Z;596;;1943
2025-07-02T06:18:46Z;602;;1949
2025-07-02T06:18:50Z;597;;1944
2025-07-02T06:18:51Z;604;;1951
2025-07-02T06:18:54Z;594;;1941
2025-07-02T06:18:56Z;605;;1952
2025-07-02T06:19:01Z;598;;1945
2025-07-02T06:19:20Z;607;;1954
2025-07-02T06:19:22Z;597;;1944
2025-07-02T06:19:24Z;622;;1969
2025-07-02T06:19:27Z;593;;1940
2025-07-02T06:19:29Z;615;;1962
2025-07-02T06:19:31Z;598;;1945
2025-07-02T06:19:33Z;600;;1947
2025-07-02T06:19:34Z;596;;1943
2025-07-02T06:19:51Z;600;;1947
2025-07-02T06:19:53Z;599;;1946
2025-07-02T06:19:56Z;604;;1951
2025-07-02T06:19:59Z;589;;1936
2025-07-02T06:20:04Z;601;;1948
2025-07-02T06:20:07Z;586;;1933
2025-07-02T06:20:10Z;618;;1965
2025-07-02T06:20:13Z;587;;1934
2025-07-02T06:20:29Z;606;;1953
2025-07-02T06:20:30Z;576;;1923
2025-07-02T06:24:38Z;606;;1953
2025-07-02T06:24:40Z;529;;1876
2025-07-02T06:27:15Z;;1043;1572
2025-07-02T06:27:16Z;;1479;2008
2025-07-02T06:27:17Z;868;;2347
2025-07-02T06:27:20Z;519;;1998
2025-07-02T06:28:13Z;;1502;2021
2025-07-02T06:28:14Z;;1497;2016
2025-07-02T06:28:21Z;;1493;2012
2025-07-02T06:28:23Z;;1501;2020
2025-07-02T06:28:27Z;;1499;2018
2025-07-02T06:28:29Z;;1502;2021
2025-07-02T06:28:33Z;;1496;2015
2025-07-02T06:28:35Z;;1504;2023
2025-07-02T06:28:39Z;;1498;2017
2025-07-02T06:28:40Z;;1503;2022
2025-07-02T06:28:45Z;;1499;2018
2025-07-02T06:28:47Z;;1506;2025
2025-07-02T06:28:57Z;;1496;2015
2025-07-02T06:28:58Z;;1501;2020
2025-07-02T06:29:02Z;;1482;2001
2025-07-02T06:29:03Z;;1504;2023
2025-07-02T06:29:07Z;;1482;2001
2025-07-02T06:29:08Z;;1507;2026
2025-07-02T06:29:12Z;;1498;2017
2025-07-02T06:29:14Z;;1508;2027
2025-07-02T06:30:07Z;424;;1932
2025-07-02T06:30:16Z;;1525;1949
2025-07-02T06:32:01Z;;1466;1890
2025-07-02T06:32:03Z;;1560;1984
2025-07-02T06:33:20Z;298;;1858
2025-07-02T06:33:21Z;329;;1889
2025-07-02T06:35:39Z;299;;1859
2025-07-02T06:35:41Z;329;;1889
2025-07-02T06:36:09Z;299;;1859
2025-07-02T06:36:11Z;317;;1877
2025-07-02T06:37:18Z;794;1194;2354
2025-07-02T06:37:19Z;;1609;2403
2025-07-02T06:37:20Z;411;;2020
2025-07-02T06:37:22Z;;1435;1846
2025-07-02T06:37:23Z;;1621;2032
2025-07-02T06:37:54Z;861;1135;1996
2025-07-02T06:37:56Z;402;;1537
2025-07-02T06:37:57Z;;1609;2011
2025-07-02T06:39:38Z;259;;1868
2025-07-02T06:45:08Z;75;;1684
2025-07-02T06:45:16Z;;1774;1849
2025-07-02T06:45:37Z;-22;;1752
2025-07-02T06:45:51Z;;1802;1780
2025-07-02T06:45:53Z;;1798;1776
2025-07-02T06:45:56Z;-29;;1769
2025-07-02T06:45:57Z;;1802;1773
2025-07-02T06:46:01Z;;1799;1770
2025-07-02T06:46:03Z;;1805;1776
2025-07-02T06:46:05Z;;1799;1770
2025-07-02T06:46:07Z;12;;1811
2025-07-02T06:46:09Z;-39;1807;1819
2025-07-02T06:46:19Z;;1797;1758
2025-07-02T06:46:21Z;;1813;1774
2025-07-02T06:46:25Z;2467;;4280
2025-07-02T06:46:28Z;175;;1988
2025-07-02T06:51:51Z;-13;;1800
2025-07-02T06:51:53Z;104;;1917
2025-07-02T06:52:00Z;-185;;1628
2025-07-02T06:56:12Z;-302;;1511
2025-07-02T06:56:14Z;-297;;1516
2025-07-02T06:56:35Z;-302;;1511
2025-07-02T06:56:37Z;-299;;1514
2025-07-02T06:56:40Z;-309;;1504
2025-07-02T06:56:43Z;-291;;1522
2025-07-02T06:56:45Z;-303;;1510
2025-07-02T06:56:48Z;-299;;1514
2025-07-02T06:56:51Z;-320;;1493
2025-07-02T06:56:53Z;-293;;1520
2025-07-02T06:56:54Z;-306;;1507
2025-07-02T06:56:57Z;-289;;1524
2025-07-02T06:57:01Z;-306;;1507
2025-07-02T06:57:06Z;-291;;1522
2025-07-02T06:57:08Z;-305;;1508
2025-07-02T06:57:16Z;-286;;1527
2025-07-02T06:57:18Z;-317;;1496
2025-07-02T06:57:25Z;;1561;1244
2025-07-02T06:57:26Z;;1959;1642
2025-07-02T06:57:27Z;-108;817;500
2025-07-02T06:57:28Z;;1969;1861
2025-07-02T06:57:29Z;1019;;2988
2025-07-02T06:57:30Z;-285;;1684
2025-07-02T06:57:40Z;-310;;1659
2025-07-02T06:57:42Z;-290;;1679
2025-07-02T06:57:49Z;-304;;1665
2025-07-02T06:57:58Z;-288;;1681
2025-07-02T06:58:01Z;-303;;1666
2025-07-02T06:58:04Z;-298;;1671
2025-07-02T06:58:06Z;-303;;1666
2025-07-02T06:58:08Z;-257;;1712
2025-07-02T06:58:10Z;;1032;775
2025-07-02T06:58:11Z;453;1999;1485
2025-07-02T06:58:16Z;-315;;1684
2025-07-02T06:58:17Z;-297;;1702
2025-07-02T06:58:19Z;-303;;1696
2025-07-02T06:58:22Z;-294;;1705
2025-07-02T06:58:24Z;-307;;1692
2025-07-02T06:58:41Z;-293;;1706
2025-07-02T06:58:44Z;-333;;1666
2025-07-02T07:00:07Z;-361;;1638
2025-07-02T07:00:16Z;;2064;1703
2025-07-02T07:00:28Z;-6;;2058
2025-07-02T07:02:48Z;;2101;2095
2025-07-02T07:02:49Z;;2095;2089
2025-07-02T07:02:52Z;;2105;2099
2025-07-02T07:02:54Z;;2098;2092
2025-07-02T07:02:55Z;;2101;2095
2025-07-02T07:03:00Z;;2099;2093
2025-07-02T07:03:02Z;;2103;2097
2025-07-02T07:03:07Z;;2099;2093
2025-07-02T07:03:08Z;;2109;2103
2025-07-02T07:03:09Z;;2081;2075
2025-07-02T07:03:10Z;;2114;2108
2025-07-02T07:04:42Z;512;;2626
2025-07-02T07:04:44Z;1752;;3866
2025-07-02T07:04:47Z;1806;;3920
2025-07-02T07:04:50Z;1776;;3890
2025-07-02T07:04:52Z;1808;;3922
2025-07-02T07:04:55Z;1775;;3889
2025-07-02T07:05:01Z;1831;;3945
2025-07-02T07:05:04Z;1778;;3892
2025-07-02T07:05:07Z;1810;;3924
2025-07-02T07:05:11Z;1771;;3885
2025-07-02T07:05:14Z;;2032;3803
2025-07-02T07:05:15Z;1836;;3868
2025-07-02T07:05:17Z;1759;2108;3944
2025-07-02T07:05:19Z;;2109;3868
2025-07-02T07:05:21Z;;2111;3870
2025-07-02T07:05:22Z;;2111;3870
2025-07-02T07:05:23Z;;2071;3830
2025-07-02T07:05:25Z;;2130;3889
2025-07-02T07:06:40Z;1494;;3624
2025-07-02T07:06:41Z;1607;;3737
2025-07-02T07:07:31Z;;2062;3669
2025-07-02T07:07:32Z;;2234;3841
2025-07-02T07:08:13Z;;2071;3678
2025-07-02T07:08:14Z;;2243;3850
2025-07-02T07:09:48Z;938;;3181
2025-07-02T07:10:00Z;899;;3142
2025-07-02T07:10:02Z;928;;3171
2025-07-02T07:10:06Z;898;;3141
2025-07-02T07:10:08Z;951;;3194
2025-07-02T07:10:09Z;893;;3136
2025-07-02T07:10:11Z;906;;3149
2025-07-02T07:10:31Z;891;;3134
2025-07-02T07:10:33Z;926;;3169
2025-07-02T07:10:35Z;1446;;3689
2025-07-02T07:10:36Z;1616;;3859
2025-07-02T07:11:02Z;896;;3139
2025-07-02T07:11:03Z;1060;;3303
2025-07-02T07:11:34Z;882;;3125
2025-07-02T07:11:36Z;918;;3161
2025-07-02T07:12:27Z;1584;;3827
2025-07-02T07:12:50Z;965;;3208
2025-07-02T07:14:13Z;882;;3125
2025-07-02T07:14:15Z;920;;3163
2025-07-02T07:14:16Z;893;;3136
2025-07-02T07:14:18Z;909;;3152
2025-07-02T07:14:20Z;896;;3139
2025-07-02T07:14:22Z;-328;;1915
2025-07-02T07:14:46Z;-299;;1944
2025-07-02T07:14:48Z;-312;;1931
2025-07-02T07:14:51Z;-285;;1958
2025-07-02T07:14:54Z;-311;;1932
2025-07-02T07:14:57Z;-293;;1950
2025-07-02T07:15:00Z;-310;;1933
2025-07-02T07:15:02Z;-291;;1952
2025-07-02T07:15:05Z;-308;;1935
2025-07-02T07:15:08Z;-273;;1970
2025-07-02T07:15:09Z;-293;;1950
2025-07-02T07:15:12Z;-308;;1935
2025-07-02T07:15:15Z;-299;;1944
2025-07-02T07:15:16Z;;2308;2009
2025-07-02T07:15:17Z;-301;;2007
2025-07-02T07:15:20Z;-298;;2010
2025-07-02T07:15:23Z;-301;;2007
2025-07-02T07:15:26Z;-274;;2034
2025-07-02T07:15:29Z;458;;2766
2025-07-02T07:15:33Z;1664;;3972
2025-07-02T07:15:57Z;973;;3281
2025-07-02T07:16:53Z;897;;3205
2025-07-02T07:16:55Z;941;;3249
2025-07-02T07:16:57Z;899;;3207
2025-07-02T07:16:58Z;915;;3223
2025-07-02T07:17:04Z;1284;;3592
2025-07-02T07:17:06Z;1188;;3496
2025-07-02T07:17:43Z;1579;;3887
2025-07-02T07:17:45Z;;2400;3979
2025-07-02T07:17:46Z;2091;2396;4491
2025-07-02T07:17:50Z;1795;;4191
2025-07-02T07:17:56Z;;2402;4197
2025-07-02T07:17:57Z;;2394;4189
2025-07-02T07:17:59Z;;2401;4196
2025-07-02T07:18:00Z;;2392;4187
2025-07-02T07:18:02Z;;2402;4197
2025-07-02T07:18:03Z;;2397;4192
2025-07-02T07:18:05Z;;2404;4199
2025-07-02T07:18:06Z;1376;;3780
2025-07-02T07:18:07Z;;2399;3775
2025-07-02T07:18:08Z;894;2406;3782
2025-07-02T07:18:10Z;935;;3341
2025-07-02T07:18:12Z;;2397;3332
2025-07-02T07:18:14Z;;2407;3342
2025-07-02T07:18:15Z;1225;;3632
2025-07-02T07:18:16Z;;2384;3609
2025-07-02T07:18:17Z;1191;;3575
2025-07-02T07:18:19Z;;2411;3602
2025-07-02T07:18:20Z;1206;;3617
2025-07-02T07:18:21Z;901;;3312
2025-07-02T07:18:23Z;854;;3265
2025-07-02T07:18:25Z;945;;3356
2025-07-02T07:18:26Z;899;;3310
2025-07-02T07:18:28Z;903;;3314
2025-07-02T07:18:29Z;884;;3295
2025-07-02T07:18:31Z;920;;3331
2025-07-02T07:18:33Z;895;;3306
2025-07-02T07:18:35Z;932;;3343
2025-07-02T07:18:36Z;893;;3304
2025-07-02T07:18:37Z;916;;3327
2025-07-02T07:18:40Z;688;;3099
2025-07-02T07:18:42Z;;2398;3086
2025-07-02T07:18:43Z;;2419;3107
2025-07-02T07:18:44Z;977;;3396
2025-07-02T07:18:47Z;690;;3109
2025-07-02T07:19:11Z;957;;3376
2025-07-02T07:19:15Z;687;;3106
2025-07-02T07:19:24Z;;2301;2988
2025-07-02T07:19:25Z;;2415;3102
2025-07-02T07:19:59Z;;2246;2933
2025-07-02T07:20:00Z;;2433;3120
2025-07-02T07:20:01Z;1476;;3909
2025-07-02T07:20:25Z;684;;3117
2025-07-02T07:20:40Z;954;;3387
2025-07-02T07:20:46Z;895;;3328
2025-07-02T07:20:59Z;-588;;1845
2025-07-02T07:21:01Z;-616;;1817
2025-07-02T07:21:10Z;-597;;1836
2025-07-02T07:21:12Z;-630;;1803
2025-07-02T07:21:17Z;-603;;1830
2025-07-02T07:21:18Z;-589;;1844
2025-07-02T07:21:21Z;-611;;1822
2025-07-02T07:21:24Z;-588;;1845
2025-07-02T07:21:27Z;-608;;1825
2025-07-02T07:21:29Z;-572;;1861
2025-07-02T07:21:32Z;-602;;1831
2025-07-02T07:21:34Z;-589;;1844
2025-07-02T07:21:40Z;394;;2827
2025-07-02T07:22:10Z;299;;2732
2025-07-02T07:22:13Z;301;;2734
2025-07-02T07:22:22Z;897;;3330
2025-07-02T07:22:23Z;959;;3392
2025-07-02T07:22:52Z;335;;2768
2025-07-02T07:23:03Z;295;;2728
2025-07-02T07:23:06Z;306;;2739
2025-07-02T07:23:09Z;292;;2725
2025-07-02T07:23:11Z;311;;2744
2025-07-02T07:23:14Z;294;;2727
2025-07-02T07:23:15Z;336;;2769
2025-07-02T07:23:18Z;293;;2726
2025-07-02T07:23:19Z;302;;2735
2025-07-02T07:23:20Z;279;;2712
2025-07-02T07:23:21Z;303;;2736
2025-07-02T07:23:24Z;297;;2730
2025-07-02T07:23:27Z;987;;3420
2025-07-02T07:24:44Z;316;;2749
2025-07-02T07:24:51Z;295;;2728
2025-07-02T07:24:53Z;317;;2750
2025-07-02T07:24:57Z;292;;2725
2025-07-02T07:24:58Z;312;;2745
2025-07-02T07:25:01Z;269;;2702
2025-07-02T07:25:02Z;314;;2747
2025-07-02T07:25:04Z;294;;2727
2025-07-02T07:25:06Z;330;;2763
2025-07-02T07:25:12Z;1026;;3459
2025-07-02T07:25:23Z;2227;;4660
2025-07-02T07:25:25Z;1216;;3649
2025-07-02T07:25:28Z;1181;;3614
2025-07-02T07:25:29Z;1215;;3648
2025-07-02T07:25:31Z;1194;;3627
2025-07-02T07:25:32Z;5;;2438
2025-07-02T07:25:36Z;-27;;2406
2025-07-02T07:25:39Z;6;;2439
2025-07-02T07:25:41Z;-14;;2419
2025-07-02T07:25:50Z;959;;3392
2025-07-02T07:25:53Z;1217;;3650
2025-07-02T07:25:55Z;1188;;3621
2025-07-02T07:25:57Z;1212;;3645
2025-07-02T07:25:58Z;1178;;3611
2025-07-02T07:26:00Z;519;;2952
2025-07-02T07:26:03Z;-737;;1696
2025-07-02T07:26:17Z;546;;2979
2025-07-02T07:26:30Z;1179;;3612
2025-07-02T07:26:37Z;1208;;3641
2025-07-02T07:26:39Z;1199;;3632
2025-07-02T07:26:42Z;1211;;3644
2025-07-02T07:26:44Z;1192;;3625
2025-07-02T07:26:46Z;1214;;3647
2025-07-02T07:26:47Z;1172;;3605
2025-07-02T07:26:49Z;1215;;3648
2025-07-02T07:26:51Z;1191;;3624
2025-07-02T07:26:52Z;1204;;3637
2025-07-02T07:26:59Z;-12;;2421
2025-07-02T07:27:05Z;4;;2437
2025-07-02T07:27:06Z;-27;;2406
2025-07-02T07:27:30Z;-747;;1686
2025-07-02T07:28:05Z;502;;2935
2025-07-02T07:28:09Z;1103;;3536
2025-07-02T07:28:23Z;;2554;3657
2025-07-02T07:28:24Z;-39;;2515
2025-07-02T07:28:34Z;1139;;3693
2025-07-02T07:29:17Z;-77;;2477
2025-07-02T07:29:32Z;-784;;1770
2025-07-02T07:29:50Z;475;;3029
2025-07-02T07:30:01Z;1172;;3726
2025-07-02T07:30:04Z;-53;;2501
2025-07-02T07:30:08Z;1154;;3708
2025-07-02T07:30:15Z;1152;;3706
2025-07-02T07:30:16Z;;2568;3720
2025-07-02T07:31:00Z;-85;;2483
2025-07-02T07:31:23Z;-796;;1772
2025-07-02T07:31:36Z;482;;3050
2025-07-02T07:31:50Z;-791;;1777
2025-07-02T07:31:55Z;-101;;2467
2025-07-02T07:32:34Z;-810;;1758
2025-07-02T07:33:02Z;446;;3014
2025-07-02T07:33:19Z;1124;;3692
2025-07-02T07:35:04Z;-169;;2399
2025-07-02T07:35:22Z;1077;;3645
2025-07-02T07:35:56Z;-171;;2397
2025-07-02T07:36:01Z;1023;;3591
2025-07-02T07:36:14Z;376;;2944
2025-07-02T07:36:16Z;-870;;1698
2025-07-02T07:36:20Z;389;;2957
2025-07-02T07:36:40Z;1061;;3629
2025-07-02T07:37:08Z;597;;3165
2025-07-02T07:37:10Z;-179;;2389
2025-07-02T07:37:28Z;1071;;3639
2025-07-02T07:37:39Z;;2701;3772
2025-07-02T07:37:41Z;;2688;3759
2025-07-02T07:37:44Z;;1008;2079
2025-07-02T07:37:45Z;;2689;3760
2025-07-02T07:37:46Z;2451;;5140
2025-07-02T07:37:47Z;;2700;5151
2025-07-02T07:37:48Z;1049;;3749
2025-07-02T07:38:00Z;-170;;2530
2025-07-02T07:38:17Z;1034;;3734
2025-07-02T07:38:20Z;360;;3060
2025-07-02T07:38:29Z;1840;979;1339
2025-07-02T07:38:30Z;314;2738;4578
2025-07-02T07:38:43Z;295;;3033
2025-07-02T07:38:45Z;322;;3060
2025-07-02T07:38:47Z;967;;3705
2025-07-02T07:39:05Z;-227;;2511
2025-07-02T07:39:21Z;974;;3712
2025-07-02T07:39:39Z;-273;;2465
2025-07-02T07:39:45Z;925;;3663
2025-07-02T07:40:18Z;-290;;2448
2025-07-02T07:40:25Z;-303;;2435
2025-07-02T07:40:28Z;-1015;;1723
2025-07-02T07:41:09Z;-318;;2420
2025-07-02T07:41:10Z;-294;;2444
2025-07-02T07:41:12Z;-314;;2424
2025-07-02T07:41:14Z;-259;;2479
2025-07-02T07:41:16Z;-314;;2424
2025-07-02T07:41:20Z;-290;;2448
2025-07-02T07:41:22Z;-308;;2430
2025-07-02T07:41:24Z;-268;;2470
2025-07-02T07:41:26Z;-304;;2434
2025-07-02T07:41:27Z;-290;;2448
2025-07-02T07:41:29Z;-306;;2432
2025-07-02T07:41:31Z;-297;;2441
2025-07-02T07:41:32Z;-302;;2436
2025-07-02T07:41:34Z;-285;;2453
2025-07-02T07:41:36Z;-977;;1761
2025-07-02T07:45:07Z;-1142;;1596
2025-07-02T07:45:16Z;;2880;1738
2025-07-02T07:47:49Z;-760;;2120
2025-07-02T07:47:51Z;-1188;;1692
2025-07-02T07:48:07Z;-1223;;1657
2025-07-02T07:48:08Z;-1187;;1693
2025-07-02T07:48:13Z;-1207;;1673
2025-07-02T07:48:15Z;-1199;;1681
2025-07-02T07:48:18Z;-1203;;1677
2025-07-02T07:48:20Z;-1193;;1687
2025-07-02T07:48:23Z;-1203;;1677
2025-07-02T07:48:24Z;-1195;;1685
2025-07-02T07:48:25Z;-1206;;1674
2025-07-02T07:48:28Z;-1198;;1682
2025-07-02T07:48:29Z;-1201;;1679
2025-07-02T07:48:35Z;-1197;;1683
2025-07-02T07:48:37Z;-1205;;1675
2025-07-02T07:48:39Z;-1174;;1706
2025-07-02T07:48:40Z;-1202;;1678
2025-07-02T07:48:42Z;-1196;;1684
2025-07-02T07:48:45Z;-1203;;1677
2025-07-02T07:49:01Z;-1198;;1682
2025-07-02T07:49:03Z;-1205;;1675
2025-07-02T07:49:05Z;-1136;;1744
2025-07-02T07:49:07Z;-1211;;1669
2025-07-02T07:49:09Z;-1144;;1736
2025-07-02T07:49:11Z;-1204;;1676
2025-07-02T07:49:27Z;-1189;;1691
2025-07-02T07:49:29Z;-1205;;1675
2025-07-02T07:49:32Z;-1149;;1731
2025-07-02T07:49:35Z;-1206;;1674
2025-07-02T07:49:37Z;-1195;;1685
2025-07-02T07:49:40Z;-1206;;1674
2025-07-02T07:49:41Z;-1197;;1683
2025-07-02T07:49:44Z;-1209;;1671
2025-07-02T07:49:50Z;-1087;;1793
2025-07-02T07:49:52Z;;2658;1571
2025-07-02T07:49:53Z;;2938;1851
2025-07-02T07:49:55Z;-1212;;1726
2025-07-02T07:49:57Z;-1192;;1746
2025-07-02T07:49:59Z;-1212;;1726
2025-07-02T07:50:32Z;-1220;;1718
2025-07-02T07:50:34Z;-1215;;1723
2025-07-02T07:50:38Z;-1198;;1740
2025-07-02T07:50:39Z;-1205;;1733
2025-07-02T07:50:48Z;-1170;;1768
2025-07-02T07:50:50Z;-1213;;1725
2025-07-02T07:50:51Z;-1163;;1775
2025-07-02T07:50:54Z;-1215;;1723
2025-07-02T07:51:10Z;-1183;;1755
2025-07-02T07:51:12Z;-1222;;1716
2025-07-02T07:51:16Z;-1193;;1745
2025-07-02T07:51:18Z;-1219;;1719
2025-07-02T07:51:39Z;-1195;;1743
2025-07-02T07:51:44Z;-1208;;1730
2025-07-02T07:51:45Z;-1184;;1754
2025-07-02T07:51:47Z;-1206;;1732
2025-07-02T07:51:49Z;-1185;;1753
2025-07-02T07:51:51Z;-1204;;1734
2025-07-02T07:51:52Z;-1197;;1741
2025-07-02T07:51:55Z;-1205;;1733
2025-07-02T07:52:05Z;-1197;;1741
2025-07-02T07:52:07Z;-1204;;1734
2025-07-02T07:52:13Z;-1192;;1746
2025-07-02T07:52:15Z;-1210;;1728
2025-07-02T07:52:26Z;-1184;;1754
2025-07-02T07:52:27Z;-1206;;1732
2025-07-02T07:52:29Z;-1187;;1751
2025-07-02T07:52:32Z;-1200;;1738
2025-07-02T07:52:38Z;-1197;;1741
2025-07-02T07:52:40Z;-1201;;1737
2025-07-02T07:52:49Z;-1198;;1740
2025-07-02T07:52:51Z;-1220;;1718
2025-07-02T07:53:10Z;-1191;;1747
2025-07-02T07:53:12Z;-1221;;1717
2025-07-02T07:54:15Z;;3000;1779
2025-07-02T07:54:16Z;;2999;1778
2025-07-02T07:54:17Z;;3000;1779
2025-07-02T07:54:18Z;;2996;1775
2025-07-02T07:54:21Z;;3001;1780
2025-07-02T07:54:25Z;;2999;1778
2025-07-02T07:54:26Z;;3002;1781
2025-07-02T07:54:30Z;;2997;1776
2025-07-02T07:54:33Z;;3002;1781
2025-07-02T07:54:37Z;;2999;1778
2025-07-02T07:54:38Z;;3003;1782
2025-07-02T07:54:43Z;;2991;1770
2025-07-02T07:54:45Z;;3005;1784
2025-07-02T07:54:55Z;;2994;1773
2025-07-02T07:54:57Z;;3006;1785
2025-07-02T07:55:07Z;;2994;1773
2025-07-02T07:55:09Z;;3006;1785
2025-07-02T07:55:19Z;;2996;1775
2025-07-02T07:55:20Z;;3000;1779
2025-07-02T07:57:33Z;-1600;;1400
2025-07-02T07:58:28Z;;2993;1393
2025-07-02T07:58:29Z;;3058;1458
2025-07-02T08:00:07Z;-1655;;1403
2025-07-02T08:00:16Z;;3073;1418
2025-07-02T08:00:40Z;;2950;1295
2025-07-02T08:00:41Z;;3083;1428
2025-07-02T08:03:27Z;;2997;1342
2025-07-02T08:03:28Z;;3132;1477
2025-07-02T08:04:33Z;-1466;;1666
2025-07-02T08:04:35Z;-1504;;1628
2025-07-02T08:04:38Z;-1477;;1655
2025-07-02T08:04:41Z;-1511;;1621
2025-07-02T08:04:59Z;-1487;;1645
2025-07-02T08:05:07Z;-1505;;1627
2025-07-02T08:05:09Z;-1490;;1642
2025-07-02T08:05:11Z;-1505;;1627
2025-07-02T08:05:13Z;-1493;;1639
2025-07-02T08:05:15Z;-1502;;1630
2025-07-02T08:05:18Z;-1492;;1640
2025-07-02T08:05:20Z;-1502;;1630
2025-07-02T08:05:23Z;-1425;;1707
2025-07-02T08:05:26Z;-1502;;1630
2025-07-02T08:05:27Z;-1487;;1645
2025-07-02T08:05:29Z;-1506;;1626
2025-07-02T08:05:31Z;-1491;;1641
2025-07-02T08:05:34Z;-1502;;1630
2025-07-02T08:05:38Z;-1497;;1635
2025-07-02T08:05:41Z;-1502;;1630
2025-07-02T08:05:43Z;-1497;;1635
2025-07-02T08:06:15Z;-1501;;1631
2025-07-02T08:06:19Z;-1491;;1641
2025-07-02T08:06:21Z;-1512;;1620
2025-07-02T08:06:24Z;-1494;;1638
2025-07-02T08:06:26Z;-1510;;1622
2025-07-02T08:06:29Z;-1496;;1636
2025-07-02T08:06:32Z;-1515;;1617
2025-07-02T08:06:34Z;-1491;;1641
2025-07-02T08:06:37Z;-1500;;1632
2025-07-02T08:06:40Z;-1496;;1636
2025-07-02T08:06:42Z;-1522;;1610
2025-07-02T08:06:45Z;-1499;;1633
2025-07-02T08:06:48Z;-1506;;1626
2025-07-02T08:06:50Z;-1497;;1635
2025-07-02T08:06:53Z;-1512;;1620
2025-07-02T08:06:55Z;-1491;;1641
2025-07-02T08:06:56Z;-1501;;1631
2025-07-02T08:06:59Z;-1475;;1657
2025-07-02T08:07:00Z;-1500;;1632
2025-07-02T08:07:02Z;-1495;;1637
2025-07-02T08:07:04Z;-1508;;1624
2025-07-02T08:07:06Z;-1497;;1635
2025-07-02T08:07:07Z;-1504;;1628
2025-07-02T08:07:09Z;-1499;;1633
2025-07-02T08:07:11Z;-1508;;1624
2025-07-02T08:07:48Z;-1498;;1634
2025-07-02T08:07:49Z;-1508;;1624
2025-07-02T08:08:02Z;-1458;;1674
2025-07-02T08:08:04Z;-1524;;1608
2025-07-02T08:08:05Z;-1492;;1640
2025-07-02T08:08:07Z;-1515;;1617
2025-07-02T08:08:09Z;-1494;;1638
2025-07-02T08:08:10Z;-1531;;1601
2025-07-02T08:08:12Z;-1475;;1657
2025-07-02T08:08:14Z;-1522;;1610
2025-07-02T08:08:22Z;-1484;;1648
2025-07-02T08:08:24Z;-1520;;1612
2025-07-02T08:08:29Z;-1498;;1634
2025-07-02T08:08:30Z;-1511;;1621
2025-07-02T08:10:02Z;-1463;;1669
2025-07-02T08:10:03Z;-1561;;1571
2025-07-02T08:14:58Z;;3300;1739
2025-07-02T08:15:03Z;;3299;1738
2025-07-02T08:15:04Z;;3300;1739
2025-07-02T08:15:05Z;;3292;1731
2025-07-02T08:15:08Z;-1603;;1689
2025-07-02T08:15:09Z;;3300;1697
2025-07-02T08:15:10Z;;3299;1696
2025-07-02T08:15:11Z;;3301;1698
2025-07-02T08:15:12Z;;3297;1694
2025-07-02T08:15:14Z;;3300;1697
2025-07-02T08:15:16Z;;3301;1698
2025-07-02T08:15:18Z;;3297;1694
2025-07-02T08:15:21Z;;3301;1698
2025-07-02T08:15:24Z;;3298;1695
2025-07-02T08:15:26Z;;3303;1700
2025-07-02T08:15:31Z;;3295;1692
2025-07-02T08:15:36Z;;3316;1713
2025-07-02T08:15:37Z;;3299;1696
2025-07-02T08:15:39Z;;3301;1698
2025-07-02T08:15:43Z;;3298;1695
2025-07-02T08:15:44Z;;3303;1700
2025-07-02T08:16:31Z;;3259;1656
2025-07-02T08:16:32Z;;3322;1719
2025-07-02T08:17:12Z;;3155;1552
2025-07-02T08:17:13Z;;3329;1726
2025-07-02T08:27:22Z;-2072;;1257
2025-07-02T08:27:39Z;-2102;;1227
2025-07-02T08:27:41Z;-2091;;1238
2025-07-02T08:27:55Z;-2125;;1204
2025-07-02T08:27:57Z;-2093;;1236
2025-07-02T08:28:05Z;-2115;;1214
2025-07-02T08:28:08Z;-2083;;1246
2025-07-02T08:28:11Z;-2102;;1227
2025-07-02T08:28:13Z;-2089;;1240
2025-07-02T08:28:14Z;-2111;;1218
2025-07-02T08:28:16Z;-2087;;1242
2025-07-02T08:28:23Z;-2112;;1217
2025-07-02T08:28:25Z;-2083;;1246
2025-07-02T08:28:32Z;-2101;;1228
2025-07-02T08:28:34Z;-2091;;1238
2025-07-02T08:28:58Z;-2100;;1229
2025-07-02T08:28:59Z;-2099;;1230
2025-07-02T08:29:01Z;-2104;;1225
2025-07-02T08:29:03Z;-2094;;1235
2025-07-02T08:29:06Z;-2105;;1224
2025-07-02T08:29:09Z;-2092;;1237
2025-07-02T08:29:11Z;-2100;;1229
2025-07-02T08:29:14Z;-2099;;1230
2025-07-02T08:29:17Z;-2103;;1226
2025-07-02T08:29:18Z;-2090;;1239
2025-07-02T08:29:20Z;-2107;;1222
2025-07-02T08:29:23Z;-2098;;1231
2025-07-02T08:29:26Z;-2118;;1211
2025-07-02T08:29:28Z;-2098;;1231
2025-07-02T08:29:31Z;-2104;;1225
2025-07-02T08:29:34Z;-2093;;1236
2025-07-02T08:29:36Z;-2114;;1215
2025-07-02T08:29:39Z;-2097;;1232
2025-07-02T08:29:41Z;-2134;;1195
2025-07-02T08:30:08Z;-2112;;1217
2025-07-02T08:30:16Z;;3565;1453
2025-07-02T08:32:23Z;;3600;1488
2025-07-02T08:32:24Z;;3595;1483
2025-07-02T08:32:26Z;;3602;1490
2025-07-02T08:32:27Z;;3596;1484
2025-07-02T08:32:29Z;;3602;1490
2025-07-02T08:32:39Z;;3599;1487
2025-07-02T08:32:40Z;;3600;1488
2025-07-02T08:34:36Z;-549;;3051
2025-07-02T08:34:39Z;-146;;3454
2025-07-02T08:35:07Z;113;;3713
2025-07-02T08:35:13Z;-219;;3381
2025-07-02T08:35:18Z;;3466;3247
2025-07-02T08:35:19Z;;3636;3417
2025-07-02T08:35:28Z;19;;3655
2025-07-02T08:35:30Z;-6;;3630
2025-07-02T08:35:50Z;;3493;3487
2025-07-02T08:35:51Z;;3645;3639
2025-07-02T08:36:02Z;47;;3692
2025-07-02T08:36:07Z;-19;;3626
2025-07-02T08:36:29Z;228;;3873
2025-07-02T08:36:31Z;-203;;3442
2025-07-02T08:36:34Z;-492;;3153
2025-07-02T08:36:56Z;-220;;3425
2025-07-02T08:37:01Z;-499;;3146
2025-07-02T08:37:31Z;-254;;3391
2025-07-02T08:37:35Z;-508;;3137
2025-07-02T08:37:38Z;-1716;;1929
2025-07-02T08:38:03Z;;3561;1845
2025-07-02T08:38:04Z;;3673;1957
2025-07-02T08:38:09Z;-1366;;2307
2025-07-02T08:38:15Z;-1688;;1985
2025-07-02T08:38:23Z;-2397;;1276
2025-07-02T08:38:25Z;-2405;;1268
2025-07-02T08:38:27Z;-2139;;1534
2025-07-02T08:38:32Z;-2408;;1265
2025-07-02T08:38:41Z;-2399;;1274
2025-07-02T08:38:42Z;-2403;;1270
2025-07-02T08:38:46Z;-2395;;1278
2025-07-02T08:38:48Z;-2407;;1266
2025-07-02T08:38:50Z;-2395;;1278
2025-07-02T08:38:52Z;-2406;;1267
2025-07-02T08:38:53Z;-2393;;1280
2025-07-02T08:38:55Z;-2401;;1272
2025-07-02T08:38:58Z;-2397;;1276
2025-07-02T08:39:00Z;-2406;;1267
2025-07-02T08:39:04Z;-2396;;1277
2025-07-02T08:39:05Z;-2407;;1266
2025-07-02T08:39:10Z;-2398;;1275
2025-07-02T08:39:12Z;-2400;;1273
2025-07-02T08:39:14Z;-2399;;1274
2025-07-02T08:39:15Z;-2400;;1273
2025-07-02T08:39:17Z;-2399;;1274
2025-07-02T08:39:19Z;-2407;;1266
2025-07-02T08:39:21Z;-2396;;1277
2025-07-02T08:39:23Z;-1741;;1932
2025-07-02T08:39:24Z;-1322;;2351
2025-07-02T08:39:27Z;-1646;;2027
2025-07-02T08:39:37Z;-1368;;2305
2025-07-02T08:39:44Z;-1660;;2013
2025-07-02T08:39:48Z;-2412;;1261
2025-07-02T08:39:52Z;-2399;;1274
2025-07-02T08:39:54Z;-2413;;1260
2025-07-02T08:39:58Z;-2113;;1560
2025-07-02T08:40:03Z;-2409;;1264
2025-07-02T08:40:41Z;-2398;;1275
2025-07-02T08:40:43Z;-2419;;1254
2025-07-02T08:42:42Z;-1181;;2492
2025-07-02T08:42:50Z;-1206;;2467
2025-07-02T08:42:52Z;-1199;;2474
2025-07-02T08:42:56Z;-1205;;2468
2025-07-02T08:42:58Z;-1189;;2484
2025-07-02T08:43:01Z;-2437;;1236
2025-07-02T08:43:17Z;-2232;;1441
2025-07-02T08:43:36Z;-1499;;2174
2025-07-02T08:43:45Z;-1502;;2171
2025-07-02T08:43:47Z;-1497;;2176
2025-07-02T08:43:49Z;-1504;;2169
2025-07-02T08:43:50Z;-1499;;2174
2025-07-02T08:43:52Z;-1510;;2163
2025-07-02T08:43:56Z;-1498;;2175
2025-07-02T08:44:16Z;-1919;;1754
2025-07-02T08:44:18Z;-2192;;1481
2025-07-02T08:44:37Z;-910;;2763
2025-07-02T08:44:57Z;-899;;2774
2025-07-02T08:45:12Z;-2193;;1480
2025-07-02T08:45:13Z;-2179;;1494
2025-07-02T08:45:14Z;-2179;;1494
2025-07-02T08:45:16Z;-1486;3717;1538
2025-07-02T08:45:18Z;-980;;2737
2025-07-02T08:45:20Z;-271;;3446
2025-07-02T08:45:32Z;-1483;;2234
2025-07-02T08:45:34Z;-1503;;2214
2025-07-02T08:45:36Z;-1495;;2222
2025-07-02T08:45:38Z;-1504;;2213
2025-07-02T08:45:40Z;-1493;;2224
2025-07-02T08:45:43Z;-1502;;2215
2025-07-02T08:45:47Z;-1493;;2224
2025-07-02T08:45:49Z;-1500;;2217
2025-07-02T08:45:51Z;-1498;;2219
2025-07-02T08:45:52Z;-270;;3447
2025-07-02T08:46:06Z;-886;;2831
2025-07-02T08:46:08Z;-945;;2772
2025-07-02T08:46:09Z;-2217;;1500
2025-07-02T08:46:16Z;-947;;2770
2025-07-02T08:46:23Z;-2139;;1578
2025-07-02T08:46:37Z;-1531;;2186
2025-07-02T08:46:40Z;-1497;;2220
2025-07-02T08:46:42Z;-1503;;2214
2025-07-02T08:46:52Z;-1496;;2221
2025-07-02T08:46:54Z;-1503;;2214
2025-07-02T08:47:02Z;-1497;;2220
2025-07-02T08:47:04Z;-1515;;2202
2025-07-02T08:47:06Z;-1499;;2218
2025-07-02T08:47:07Z;-1513;;2204
2025-07-02T08:47:14Z;-260;;3457
2025-07-02T08:47:21Z;-992;;2725
2025-07-02T08:47:49Z;-2229;;1488
2025-07-02T08:47:54Z;-1525;;2192
2025-07-02T08:48:08Z;-1497;;2220
2025-07-02T08:48:10Z;-1504;;2213
2025-07-02T08:48:16Z;-1497;;2220
2025-07-02T08:48:19Z;-267;;3450
2025-07-02T08:48:30Z;-1485;;2232
2025-07-02T08:48:32Z;-256;;3461
2025-07-02T08:48:40Z;-1505;;2212
2025-07-02T08:48:42Z;-1496;;2221
2025-07-02T08:48:45Z;-1503;;2214
2025-07-02T08:48:48Z;-1497;;2220
2025-07-02T08:48:50Z;-1513;;2204
2025-07-02T08:48:53Z;-2234;;1483
2025-07-02T08:48:57Z;-961;;2756
2025-07-02T08:49:02Z;-2220;;1497
2025-07-02T08:49:05Z;-953;;2764
2025-07-02T08:49:18Z;-2247;;1470
2025-07-02T08:49:27Z;-1530;;2187
2025-07-02T08:50:05Z;-2248;;1469
2025-07-02T08:51:14Z;-1580;;2137
2025-07-02T08:51:42Z;-2337;;1380
2025-07-02T08:52:15Z;-2005;;1712
2025-07-02T08:52:17Z;-2325;;1392
2025-07-02T08:52:50Z;-2099;;1618
2025-07-02T08:52:52Z;-2350;;1367
2025-07-02T08:52:59Z;-1340;;2377
2025-07-02T08:53:01Z;-1056;;2661
2025-07-02T08:53:18Z;-2352;;1365
2025-07-02T08:53:21Z;-1038;;2679
2025-07-02T08:53:24Z;-337;;3380
2025-07-02T08:53:37Z;-1588;;2129
2025-07-02T08:53:47Z;-336;;3381
2025-07-02T08:54:03Z;-1060;;2657
2025-07-02T08:54:10Z;-2373;;1344
2025-07-02T08:54:26Z;-1041;;2676
2025-07-02T08:54:39Z;-1575;;2142
2025-07-02T08:54:56Z;-294;;3423
2025-07-02T08:55:00Z;-301;;3416
2025-07-02T08:55:02Z;-288;;3429
2025-07-02T08:55:04Z;-302;;3415
2025-07-02T08:55:12Z;-289;;3428
2025-07-02T08:55:14Z;-306;3901;3612
2025-07-02T08:55:15Z;;3896;3590
2025-07-02T08:55:17Z;;3903;3597
2025-07-02T08:55:18Z;;3897;3591
2025-07-02T08:55:20Z;;3902;3596
2025-07-02T08:55:21Z;-1589;;2313
2025-07-02T08:55:24Z;-361;;3541
2025-07-02T08:55:25Z;;3897;3536
2025-07-02T08:55:26Z;;3905;3544
2025-07-02T08:55:27Z;;3898;3537
2025-07-02T08:55:28Z;-795;;3103
2025-07-02T08:55:29Z;-1006;3906;3111
2025-07-02T08:55:31Z;;3899;2893
2025-07-02T08:55:32Z;;3905;2899
2025-07-02T08:55:38Z;;3902;2896
2025-07-02T08:55:40Z;-2323;;1579
2025-07-02T08:55:41Z;;3897;1574
2025-07-02T08:55:44Z;;3904;1581
2025-07-02T08:55:48Z;;3896;1573
2025-07-02T08:55:50Z;;3901;1578
2025-07-02T08:55:55Z;-1053;;2848
2025-07-02T08:55:56Z;;3901;2848
2025-07-02T08:56:00Z;;3898;2845
2025-07-02T08:56:02Z;;3902;2849
2025-07-02T08:56:03Z;-874;;3028
2025-07-02T08:56:04Z;-377;;3525
2025-07-02T08:56:05Z;;3896;3519
2025-07-02T08:56:08Z;;3902;3525
2025-07-02T08:56:12Z;;3897;3520
2025-07-02T08:56:15Z;;3900;3523
2025-07-02T08:56:17Z;;3892;3515
2025-07-02T08:56:20Z;;3902;3525
2025-07-02T08:56:26Z;;3899;3522
2025-07-02T08:56:27Z;;3902;3525
2025-07-02T08:56:30Z;;3897;3520
2025-07-02T08:56:33Z;;3905;3528
2025-07-02T08:56:43Z;;3893;3516
2025-07-02T08:56:44Z;;3902;3525
2025-07-02T08:57:03Z;-1623;;2279
2025-07-02T08:57:05Z;-421;;3481
2025-07-02T08:57:25Z;-1617;;2285
2025-07-02T08:57:30Z;-2357;;1545
2025-07-02T08:57:59Z;-1592;;2310
2025-07-02T08:58:39Z;-2347;;1555
2025-07-02T08:58:41Z;-1034;;2868
2025-07-02T08:59:16Z;-1604;;2298
2025-07-02T08:59:17Z;-323;;3579
2025-07-02T08:59:26Z;-1614;;2288
2025-07-02T08:59:29Z;-349;;3553
2025-07-02T08:59:49Z;-1587;;2315
2025-07-02T08:59:57Z;-377;;3525
2025-07-02T09:00:07Z;-380;;3522
2025-07-02T09:00:11Z;-1628;;2274
2025-07-02T09:00:16Z;-2376;3955;2327
2025-07-02T09:00:33Z;-2407;;1548
2025-07-02T09:00:35Z;-2354;;1601
2025-07-02T09:01:01Z;-1638;;2317
2025-07-02T09:01:27Z;-338;;3617
2025-07-02T09:01:30Z;-1073;;2882
2025-07-02T09:01:46Z;-2391;;1564
2025-07-02T09:01:48Z;-2450;;1505
2025-07-02T09:01:59Z;-1115;;2840
2025-07-02T09:02:15Z;-439;;3516
2025-07-02T09:02:17Z;-1706;;2249
2025-07-02T09:02:40Z;-405;;3550
2025-07-02T09:02:55Z;-1130;;2825
2025-07-02T09:02:57Z;-2382;;1573
2025-07-02T09:03:00Z;-2465;;1490
2025-07-02T09:03:51Z;-1730;;2225
2025-07-02T09:04:22Z;-2452;;1503
2025-07-02T09:05:13Z;-2220;;1735
2025-07-02T09:05:15Z;-1069;;2886
2025-07-02T09:05:35Z;-2479;;1476
2025-07-02T09:05:37Z;-1150;;2805
2025-07-02T09:05:42Z;-446;;3509
2025-07-02T09:05:44Z;-1734;;2221
2025-07-02T09:06:14Z;-2514;;1441
2025-07-02T09:06:29Z;-1165;;2790
2025-07-02T09:06:41Z;-1210;;2745
2025-07-02T09:06:45Z;-2519;;1436
2025-07-02T09:07:02Z;-1776;;2179
2025-07-02T09:07:14Z;-498;;3457
2025-07-02T09:07:29Z;-695;;3260
2025-07-02T09:07:30Z;-1787;;2168
2025-07-02T09:07:43Z;-2519;;1436
2025-07-02T09:07:52Z;-1184;;2771
2025-07-02T09:07:55Z;-1209;;2746
2025-07-02T09:08:07Z;-1197;;2758
2025-07-02T09:08:09Z;-2507;;1448
2025-07-02T09:08:26Z;-1214;;2741
2025-07-02T09:08:28Z;-1182;;2773
2025-07-02T09:08:31Z;-496;;3459
2025-07-02T09:08:42Z;-1759;;2196
2025-07-02T09:08:51Z;-1800;;2155
2025-07-02T09:08:53Z;-1795;;2160
2025-07-02T09:08:57Z;-1803;;2152
2025-07-02T09:08:58Z;-1793;;2162
2025-07-02T09:09:03Z;-512;;3443
2025-07-02T09:09:10Z;-1215;;2740
2025-07-02T09:09:15Z;-2534;;1421
2025-07-02T09:09:18Z;-1221;;2734
2025-07-02T09:09:28Z;-2193;;1762
2025-07-02T09:09:30Z;-1577;;2378
2025-07-02T09:09:31Z;-1215;;2740
2025-07-02T09:09:46Z;-855;;3100
2025-07-02T09:09:48Z;-512;;3443
2025-07-02T09:09:50Z;-1783;;2172
2025-07-02T09:09:59Z;-1801;;2154
2025-07-02T09:10:01Z;-1790;;2165
2025-07-02T09:10:04Z;-525;;3430
2025-07-02T09:10:14Z;-1795;;2160
2025-07-02T09:10:18Z;-1801;;2154
2025-07-02T09:10:19Z;-1798;;2157
2025-07-02T09:10:21Z;-537;;3418
2025-07-02T09:10:28Z;-1794;;2161
2025-07-02T09:10:30Z;-2546;;1409
2025-07-02T09:10:35Z;-1229;;2726
2025-07-02T09:11:05Z;-589;;3366
2025-07-02T09:11:07Z;-1810;;2145
2025-07-02T09:11:09Z;-634;;3321
2025-07-02T09:11:10Z;-576;;3379
2025-07-02T09:11:14Z;-616;;3339
2025-07-02T09:11:16Z;-1828;;2127
2025-07-02T09:11:18Z;-574;;3381
2025-07-02T09:11:25Z;-1817;;2138
2025-07-02T09:11:36Z;-1789;;2166
2025-07-02T09:11:38Z;-1805;;2150
2025-07-02T09:11:39Z;-1790;;2165
2025-07-02T09:11:41Z;-1800;;2155
2025-07-02T09:11:43Z;-1789;;2166
2025-07-02T09:11:44Z;-1806;;2149
2025-07-02T09:11:46Z;-1778;;2177
2025-07-02T09:11:48Z;-1806;;2149
2025-07-02T09:11:50Z;-1678;;2277
2025-07-02T09:11:52Z;-1808;;2147
2025-07-02T09:11:54Z;-1778;;2177
2025-07-02T09:11:55Z;-2490;;1465
2025-07-02T09:12:04Z;-1226;;2729
2025-07-02T09:12:20Z;-2559;;1396
2025-07-02T09:12:22Z;-1240;;2715
2025-07-02T09:12:36Z;-2554;;1401
2025-07-02T09:12:38Z;-1263;;2692
2025-07-02T09:12:39Z;-560;;3395
2025-07-02T09:13:00Z;-1811;;2144
2025-07-02T09:13:02Z;-548;;3407
2025-07-02T09:13:12Z;-1808;;2147
2025-07-02T09:13:36Z;-1204;;2751
2025-07-02T09:13:56Z;-2580;;1375
2025-07-02T09:14:08Z;-1874;;2081
2025-07-02T09:14:11Z;-567;;3388
2025-07-02T09:14:20Z;-1812;;2143
2025-07-02T09:14:22Z;-1799;;2156
2025-07-02T09:14:23Z;-1837;;2118
2025-07-02T09:14:54Z;-2601;;1354
2025-07-02T09:15:07Z;-2613;;1342
2025-07-02T09:15:16Z;;4128;1515
2025-07-02T09:15:37Z;-2838;;1290
2025-07-02T09:15:44Z;-2452;;1676
2025-07-02T09:15:46Z;-2086;;2042
2025-07-02T09:16:00Z;-2101;;2027
2025-07-02T09:16:01Z;-2092;;2036
2025-07-02T09:16:05Z;-2100;;2028
2025-07-02T09:16:07Z;-2074;;2054
2025-07-02T09:16:11Z;-2105;;2023
2025-07-02T09:16:13Z;-2098;;2030
2025-07-02T09:16:15Z;-2867;;1261
2025-07-02T09:17:52Z;-1362;;2766
2025-07-02T09:17:54Z;-535;;3593
2025-07-02T09:18:21Z;-1797;;2331
2025-07-02T09:18:22Z;-516;;3612
2025-07-02T09:18:25Z;-1221;;2907
2025-07-02T09:18:28Z;;4200;2979
2025-07-02T09:18:30Z;;4197;2976
2025-07-02T09:18:32Z;;4202;2981
2025-07-02T09:18:34Z;;4193;2972
2025-07-02T09:18:36Z;-2581;;1612
2025-07-02T09:18:37Z;-1248;;2945
2025-07-02T09:18:49Z;-2610;;1583
2025-07-02T09:18:56Z;-1213;;2980
2025-07-02T09:19:02Z;-507;;3686
2025-07-02T09:19:10Z;-1789;;2404
2025-07-02T09:19:14Z;-1496;;2697
2025-07-02T09:19:15Z;-509;;3684
2025-07-02T09:19:26Z;-1792;;2401
2025-07-02T09:19:29Z;-1838;;2355
2025-07-02T09:19:51Z;-2613;;1580
2025-07-02T09:20:33Z;-1842;;2351
2025-07-02T09:20:39Z;-565;;3628
2025-07-02T09:20:50Z;-1847;;2346
2025-07-02T09:20:58Z;-536;;3657
2025-07-02T09:21:10Z;-604;;3589
2025-07-02T09:21:12Z;-1886;;2307
2025-07-02T09:21:15Z;-604;;3589
2025-07-02T09:21:18Z;-1311;;2882
2025-07-02T09:21:20Z;-2644;;1549
2025-07-02T09:22:01Z;-1918;;2275
2025-07-02T09:22:06Z;-617;;3576
2025-07-02T09:22:24Z;-333;;3860
2025-07-02T09:22:26Z;-1699;;2494
2025-07-02T09:22:28Z;-452;;3741
2025-07-02T09:22:42Z;-1676;;2517
2025-07-02T09:22:51Z;-2431;;1762
2025-07-02T09:23:07Z;-2393;;1800
2025-07-02T09:23:10Z;-2406;;1787
2025-07-02T09:23:12Z;-1118;;3075
2025-07-02T09:23:18Z;-2414;;1779
2025-07-02T09:23:20Z;-2392;;1801
2025-07-02T09:23:22Z;-2405;;1788
2025-07-02T09:23:23Z;-1439;;2754
2025-07-02T09:23:27Z;-1120;;3073
2025-07-02T09:23:29Z;-2407;;1786
2025-07-02T09:23:40Z;-1687;;2506
2025-07-02T09:23:44Z;-415;;3778
2025-07-02T09:23:53Z;-1514;;2679
2025-07-02T09:24:03Z;-448;;3745
2025-07-02T09:24:07Z;-1694;;2499
2025-07-02T09:24:10Z;-462;;3731
2025-07-02T09:24:13Z;-1546;;2647
2025-07-02T09:24:17Z;-435;;3758
2025-07-02T09:24:21Z;-1695;;2498
2025-07-02T09:24:26Z;-1943;;2250
2025-07-02T09:24:28Z;-2443;;1750
2025-07-02T09:24:50Z;-1076;;3117
2025-07-02T09:24:59Z;-2255;;1938
2025-07-02T09:25:00Z;-2443;;1750
2025-07-02T09:25:02Z;-1120;;3073
2025-07-02T09:25:06Z;;4052;2932
2025-07-02T09:25:07Z;;4332;3212
2025-07-02T09:25:10Z;-2458;;1874
2025-07-02T09:25:19Z;-1711;;2621
2025-07-02T09:25:21Z;-419;;3913
2025-07-02T09:25:45Z;-1729;;2603
2025-07-02T09:25:59Z;-2429;;1903
2025-07-02T09:26:32Z;-1151;;3181
2025-07-02T09:26:50Z;-560;;3772
2025-07-02T09:26:53Z;-1743;;2589
2025-07-02T09:27:07Z;-460;;3872
2025-07-02T09:27:19Z;-1729;;2603
2025-07-02T09:27:26Z;-459;;3873
2025-07-02T09:27:28Z;;4141;3682
2025-07-02T09:27:29Z;-297;4380;3844
2025-07-02T09:27:31Z;-781;;3599
2025-07-02T09:27:34Z;-1758;;2622
2025-07-02T09:27:35Z;-2133;;2247
2025-07-02T09:27:38Z;-2500;;1880
2025-07-02T09:27:40Z;-1185;;3195
2025-07-02T09:27:43Z;-1208;;3172
2025-07-02T09:27:48Z;-1187;;3193
2025-07-02T09:27:51Z;-1218;;3162
2025-07-02T09:27:54Z;-1188;;3192
2025-07-02T09:27:56Z;-1204;;3176
2025-07-02T09:27:59Z;-1508;;2872
2025-07-02T09:28:00Z;-2520;;1860
2025-07-02T09:28:04Z;-1192;;3188
2025-07-02T09:28:08Z;-1204;;3176
2025-07-02T09:28:10Z;-1199;;3181
2025-07-02T09:28:12Z;-1201;;3179
2025-07-02T09:28:14Z;-2507;;1873
2025-07-02T09:28:17Z;-1214;;3166
2025-07-02T09:28:20Z;-542;;3838
2025-07-02T09:28:27Z;-1795;;2585
2025-07-02T09:28:30Z;-535;;3845
2025-07-02T09:28:35Z;-1778;;2602
2025-07-02T09:28:37Z;-520;;3860
2025-07-02T09:28:41Z;-1766;;2614
2025-07-02T09:28:44Z;-532;;3848
2025-07-02T09:28:52Z;-1751;;2629
2025-07-02T09:29:02Z;-517;;3863
2025-07-02T09:29:06Z;-1222;;3158
2025-07-02T09:29:19Z;-2454;;1926
2025-07-02T09:29:21Z;-1238;;3142
2025-07-02T09:29:35Z;-549;;3831
2025-07-02T09:29:56Z;-611;;3769
2025-07-02T09:29:58Z;;4190;3579
2025-07-02T09:29:59Z;-566;4412;3624
2025-07-02T09:30:00Z;-604;;3808
2025-07-02T09:30:02Z;-599;;3813
2025-07-02T09:30:04Z;-609;;3803
2025-07-02T09:30:06Z;-1820;;2592
2025-07-02T09:30:09Z;-609;;3803
2025-07-02T09:30:10Z;-1791;;2621
2025-07-02T09:30:12Z;-1808;;2604
2025-07-02T09:30:13Z;-1769;;2643
2025-07-02T09:30:15Z;-528;;3884
2025-07-02T09:30:16Z;;4417;3889
2025-07-02T09:30:26Z;-1429;;2988
2025-07-02T09:30:30Z;-1779;;2638
2025-07-02T09:30:36Z;-538;;3879
2025-07-02T09:30:41Z;-1645;;2772
2025-07-02T09:30:43Z;-540;;3877
2025-07-02T09:30:48Z;-2509;;1908
2025-07-02T09:30:56Z;-1176;;3241
2025-07-02T09:30:59Z;-1204;;3213
2025-07-02T09:31:03Z;-2518;;1899
2025-07-02T09:31:16Z;-1235;;3182
2025-07-02T09:31:19Z;-546;;3871
2025-07-02T09:31:28Z;-1283;;3134
2025-07-02T09:31:30Z;-1792;;2625
2025-07-02T09:31:33Z;-1806;;2611
2025-07-02T09:32:01Z;-1700;;2717
2025-07-02T09:32:03Z;-1876;;2541
2025-07-02T09:32:06Z;-2575;;1842
2025-07-02T09:32:19Z;;4500;1925
2025-07-02T09:32:22Z;;4499;1924
2025-07-02T09:32:24Z;;4502;1927
2025-07-02T09:32:26Z;;4496;1921
2025-07-02T09:32:30Z;;4506;1931
2025-07-02T09:32:56Z;-1879;;2627
2025-07-02T09:33:30Z;-2629;;1877
2025-07-02T09:34:48Z;-1643;;2863
2025-07-02T09:34:51Z;-1447;;3059
2025-07-02T09:35:01Z;-1508;;2998
2025-07-02T09:35:04Z;-1488;;3018
2025-07-02T09:35:07Z;-1065;;3441
2025-07-02T09:35:09Z;-813;;3693
2025-07-02T09:35:12Z;-1961;;2545
2025-07-02T09:35:15Z;-895;;3611
2025-07-02T09:35:46Z;-1981;;2525
2025-07-02T09:35:52Z;-800;;3706
2025-07-02T09:36:29Z;-1991;;2515
2025-07-02T09:36:31Z;-796;;3710
2025-07-02T09:36:37Z;-1993;;2513
2025-07-02T09:36:56Z;-780;;3726
2025-07-02T09:37:04Z;-1438;;3068
2025-07-02T09:37:06Z;-1893;;2613
2025-07-02T09:37:09Z;-2710;;1796
2025-07-02T09:37:12Z;-2698;;1808
2025-07-02T09:37:13Z;-1453;;3053
2025-07-02T09:37:19Z;-2699;;1807
2025-07-02T09:37:22Z;-1451;;3055
2025-07-02T09:37:34Z;-773;;3733
2025-07-02T09:37:37Z;-2004;;2502
2025-07-02T09:37:40Z;-797;;3709
2025-07-02T09:37:52Z;-1984;;2522
2025-07-02T09:38:41Z;-2706;;1800
2025-07-02T09:38:51Z;-1473;;3033
2025-07-02T09:39:02Z;-1533;;2973
2025-07-02T09:39:04Z;-1499;;3007
2025-07-02T09:39:13Z;-2720;;1786
2025-07-02T09:39:16Z;-1483;;3023
2025-07-02T09:39:19Z;-829;;3677
2025-07-02T09:39:29Z;-2013;;2493
2025-07-02T09:39:33Z;-806;;3700
2025-07-02T09:39:42Z;-2004;;2502
2025-07-02T09:39:50Z;-1042;;3464
2025-07-02T09:39:53Z;-786;;3720
2025-07-02T09:39:58Z;-2001;;2505
2025-07-02T09:40:13Z;-777;;3729
2025-07-02T09:40:23Z;-1678;;2828
2025-07-02T09:40:26Z;-1968;;2538
2025-07-02T09:40:29Z;-2662;;1844
2025-07-02T09:40:38Z;-1372;;3134
2025-07-02T09:40:44Z;-2651;;1855
2025-07-02T09:41:05Z;-1949;;2557
2025-07-02T09:41:43Z;-2664;;1842
2025-07-02T09:41:53Z;-2700;;1806
2025-07-02T09:41:55Z;-2695;;1811
2025-07-02T09:41:58Z;-2703;;1803
2025-07-02T09:42:00Z;-2699;;1807
2025-07-02T09:42:35Z;-1567;;2939
2025-07-02T09:42:38Z;-1384;;3122
2025-07-02T09:42:40Z;-774;;3732
2025-07-02T09:43:17Z;;4498;3724
2025-07-02T09:43:19Z;;4510;3736
2025-07-02T09:43:25Z;-1867;;2643
2025-07-02T09:43:26Z;;4496;2629
2025-07-02T09:43:27Z;-1312;;3184
2025-07-02T09:43:32Z;-2539;;1957
2025-07-02T09:43:34Z;-1307;;3189
2025-07-02T09:43:40Z;-1124;;3372
2025-07-02T09:43:42Z;-2497;;1999
2025-07-02T09:43:45Z;-1234;;3262
2025-07-02T09:43:48Z;-1188;;3308
2025-07-02T09:43:50Z;-1885;;2611
2025-07-02T09:43:53Z;-2452;;2044
2025-07-02T09:43:54Z;-2363;;2133
2025-07-02T09:43:56Z;;4181;1818
2025-07-02T09:43:57Z;-1033;;3148
2025-07-02T09:44:00Z;-275;;3906
2025-07-02T09:44:03Z;-301;;3880
2025-07-02T09:44:05Z;-250;;3931
2025-07-02T09:44:15Z;-1385;;2796
2025-07-02T09:44:23Z;-100;;4081
2025-07-02T09:44:31Z;;3899;3799
2025-07-02T09:44:33Z;;3910;3810
2025-07-02T09:44:49Z;;3890;3790
2025-07-02T09:44:56Z;-1168;;2722
2025-07-02T09:45:05Z;59;;3949
2025-07-02T09:45:09Z;-1122;;2768
2025-07-02T09:45:14Z;-4;;3886
2025-07-02T09:45:16Z;;3746;3742
2025-07-02T09:45:17Z;22;;3768
2025-07-02T09:45:19Z;-1228;;2518
2025-07-02T09:45:23Z;-1926;;1820
2025-07-02T09:45:37Z;-725;;3021
2025-07-02T09:45:46Z;-2005;;1741
2025-07-02T09:45:51Z;-1407;;2339
2025-07-02T09:45:53Z;-158;;3588
2025-07-02T09:45:59Z;-1286;;2460
2025-07-02T09:46:02Z;-122;;3624
2025-07-02T09:46:09Z;-1309;;2437
2025-07-02T09:46:11Z;-154;;3592
2025-07-02T09:46:13Z;-1303;;2443
2025-07-02T09:46:15Z;;3907;2604
2025-07-02T09:46:18Z;-192;;3715
2025-07-02T09:46:25Z;-684;;3223
2025-07-02T09:46:26Z;-1388;;2519
2025-07-02T09:46:42Z;-1522;;2385
2025-07-02T09:46:44Z;-1479;;2428
2025-07-02T09:46:46Z;-1523;;2384
2025-07-02T09:46:52Z;-1482;;2425
2025-07-02T09:46:59Z;-2129;;1778
2025-07-02T09:47:11Z;;4200;2071
2025-07-02T09:47:13Z;;4190;2061
2025-07-02T09:47:14Z;;4257;2128
2025-07-02T09:47:16Z;-2418;;1839
2025-07-02T09:47:26Z;;4507;2089
2025-07-02T09:47:36Z;-2704;;1803
2025-07-02T09:47:38Z;-2669;;1838
2025-07-02T09:47:49Z;-1975;;2532
2025-07-02T09:48:05Z;;4497;2522
2025-07-02T09:48:06Z;;4500;2525
2025-07-02T09:48:07Z;;4498;2523
2025-07-02T09:48:17Z;-2574;;1924
2025-07-02T09:48:47Z;;4501;1927
2025-07-02T09:48:49Z;-1372;;3129
2025-07-02T09:48:59Z;-2651;;1850
2025-07-02T09:49:17Z;;4498;1847
2025-07-02T09:49:25Z;-1847;;2651
2025-07-02T09:49:29Z;;4500;2653
2025-07-02T09:49:37Z;-1350;;3150
2025-07-02T09:49:39Z;-742;;3758
2025-07-02T09:49:50Z;;4497;3755
2025-07-02T09:49:51Z;-1887;;2610
2025-07-02T09:49:59Z;-1785;;2712
2025-07-02T09:50:01Z;-2472;;2025
2025-07-02T09:50:15Z;;4503;2031
2025-07-02T09:51:00Z;-1933;;2570
2025-07-02T09:51:28Z;-2633;;1870
2025-07-02T09:51:41Z;;4362;1729
2025-07-02T09:51:42Z;;4524;1891
2025-07-02T09:51:43Z;-1321;;3203
2025-07-02T09:51:54Z;;4496;3175
2025-07-02T09:51:56Z;-2583;;1913
2025-07-02T09:52:23Z;-2394;;2102
2025-07-02T09:52:25Z;-1149;;3347
2025-07-02T09:52:27Z;-462;;4034
2025-07-02T09:52:48Z;;4187;3725
2025-07-02T09:52:55Z;;4201;3739
2025-07-02T09:52:57Z;-1590;;2611
2025-07-02T09:53:00Z;-395;;3806
2025-07-02T09:53:08Z;-1538;;2663
2025-07-02T09:53:10Z;-398;;3803
2025-07-02T09:53:18Z;;4187;3789
2025-07-02T09:53:22Z;;4202;3804
2025-07-02T09:53:25Z;-2258;;1944
2025-07-02T09:53:28Z;;4197;1939
2025-07-02T09:53:29Z;;4201;1943
2025-07-02T09:53:30Z;;4192;1934
2025-07-02T09:54:02Z;-1549;;2643
2025-07-02T09:54:08Z;;4210;2661
2025-07-02T09:54:14Z;-447;;3763
2025-07-02T09:54:21Z;-1705;;2505
2025-07-02T09:54:34Z;-554;;3656
2025-07-02T09:54:37Z;-636;;3574
2025-07-02T09:54:39Z;-580;;3630
2025-07-02T09:54:41Z;-640;;3570
2025-07-02T09:54:42Z;-1276;;2934
2025-07-02T09:54:45Z;-1533;;2677
2025-07-02T09:55:14Z;-909;;3301
2025-07-02T09:55:16Z;-1953;;2257
2025-07-02T09:55:56Z;-800;;3410
2025-07-02T09:56:02Z;-1181;;3029
2025-07-02T09:56:05Z;-1461;;2749
2025-07-02T09:56:07Z;-2740;;1470
2025-07-02T09:56:27Z;-1457;;2753
2025-07-02T09:56:44Z;-823;;3387
2025-07-02T09:56:47Z;-1991;;2219
2025-07-02T09:57:00Z;-831;;3379
2025-07-02T09:57:15Z;-2004;;2206
2025-07-02T09:57:31Z;-2723;;1487
2025-07-02T09:57:41Z;-2699;;1511
2025-07-02T09:57:43Z;-2714;;1496
2025-07-02T09:57:52Z;-2683;;1527
2025-07-02T09:57:54Z;-2703;;1507
2025-07-02T09:57:57Z;-1427;;2783
2025-07-02T09:58:04Z;-2673;;1537
2025-07-02T09:58:08Z;-2703;;1507
2025-07-02T09:58:10Z;-2699;;1511
2025-07-02T09:58:12Z;-2149;;2061
2025-07-02T09:58:15Z;-1417;;2793
2025-07-02T09:58:18Z;-792;;3418
2025-07-02T09:58:20Z;-1984;;2226
2025-07-02T09:58:23Z;-1133;;3077
2025-07-02T09:58:26Z;-774;;3436
2025-07-02T09:58:33Z;-1956;;2254
2025-07-02T09:58:40Z;-778;;3432
2025-07-02T09:58:45Z;-1942;;2268
2025-07-02T09:58:51Z;-812;;3398
2025-07-02T09:59:05Z;-1902;;2308
2025-07-02T09:59:10Z;-2627;;1583
2025-07-02T09:59:13Z;-1349;;2861
2025-07-02T09:59:20Z;;4149;2800
2025-07-02T09:59:23Z;;4200;2851
2025-07-02T09:59:25Z;-2529;;1671
2025-07-02T09:59:43Z;-1911;;2289
2025-07-02T10:00:07Z;-1851;;2349
2025-07-02T10:00:10Z;-637;;3563
2025-07-02T10:00:16Z;;4302;3665
2025-07-02T10:00:18Z;-1904;;2398
2025-07-02T10:00:23Z;-2563;;1739
2025-07-02T10:00:31Z;-1403;;2899
2025-07-02T10:00:35Z;-2682;;1620
2025-07-02T10:00:38Z;-1415;;2887
2025-07-02T10:00:46Z;-2573;;1729
2025-07-02T10:00:49Z;-1338;;2964
2025-07-02T10:00:54Z;-2679;;1623
2025-07-02T10:01:03Z;-2060;;2242
2025-07-02T10:01:13Z;;4195;2135
2025-07-02T10:01:14Z;-1789;;2406
2025-07-02T10:01:15Z;-1907;;2288
2025-07-02T10:01:33Z;-1724;;2471
2025-07-02T10:01:40Z;-2384;;1811
2025-07-02T10:01:42Z;-2410;;1785
2025-07-02T10:01:43Z;-2398;;1797
2025-07-02T10:01:45Z;-2400;;1795
2025-07-02T10:01:47Z;-2386;;1809
2025-07-02T10:01:51Z;-2408;;1787
2025-07-02T10:01:54Z;-2399;;1796
2025-07-02T10:02:44Z;-1688;;2507
2025-07-02T10:02:47Z;-454;;3741
2025-07-02T10:03:10Z;-1647;;2548
2025-07-02T10:03:13Z;-896;;3299
2025-07-02T10:03:16Z;-467;;3728
2025-07-02T10:03:20Z;-1657;;2538
2025-07-02T10:03:21Z;-2379;;1816
2025-07-02T10:03:22Z;;4149;1770
2025-07-02T10:03:23Z;;4312;1933
2025-07-02T10:03:36Z;-1077;;3235
2025-07-02T10:03:41Z;-2359;;1953
2025-07-02T10:04:04Z;-1685;;2627
2025-07-02T10:04:31Z;-500;;3812
2025-07-02T10:04:44Z;-1670;;2642
2025-07-02T10:04:46Z;-2366;;1946
2025-07-02T10:04:49Z;-1097;;3215
2025-07-02T10:04:54Z;-2273;;2039
2025-07-02T10:05:03Z;-1169;;3143
2025-07-02T10:05:05Z;-1201;;3111
2025-07-02T10:05:06Z;-1193;;3119
2025-07-02T10:05:08Z;-1216;;3096
2025-07-02T10:05:15Z;-1178;;3134
2025-07-02T10:05:17Z;-2399;;1913
2025-07-02T10:05:28Z;-1108;;3204
2025-07-02T10:05:31Z;-458;;3854
2025-07-02T10:05:34Z;-1641;;2671
2025-07-02T10:06:03Z;-448;;3864
2025-07-02T10:06:07Z;-276;4156;3708
2025-07-02T10:06:08Z;;4305;4029
2025-07-02T10:06:09Z;-451;;3854
2025-07-02T10:06:11Z;-1118;;3187
2025-07-02T10:06:13Z;-2381;;1924
2025-07-02T10:06:17Z;-1110;;3195
2025-07-02T10:06:41Z;-2389;;1916
2025-07-02T10:06:43Z;-2400;;1905
2025-07-02T10:06:46Z;-2398;;1907
2025-07-02T10:06:48Z;-2400;;1905
2025-07-02T10:06:51Z;-2382;;1923
2025-07-02T10:06:54Z;-1685;;2620
2025-07-02T10:07:36Z;-1813;;2492
2025-07-02T10:07:40Z;-2513;;1792
2025-07-02T10:08:33Z;-1289;;3016
2025-07-02T10:08:43Z;-2472;;1833
2025-07-02T10:08:57Z;-1294;;3011
2025-07-02T10:09:04Z;-1905;;2400
2025-07-02T10:09:06Z;-2530;;1775
2025-07-02T10:09:08Z;-1817;;2488
2025-07-02T10:09:11Z;-1791;;2514
2025-07-02T10:09:13Z;-1822;;2483
2025-07-02T10:09:16Z;-1793;;2512
2025-07-02T10:09:17Z;-1820;;2485
2025-07-02T10:09:19Z;-1794;;2511
2025-07-02T10:09:22Z;-1817;;2488
2025-07-02T10:09:24Z;-601;;3704
2025-07-02T10:09:28Z;-595;;3710
2025-07-02T10:09:30Z;-1774;;2531
2025-07-02T10:09:33Z;-1807;;2498
2025-07-02T10:09:39Z;-1798;;2507
2025-07-02T10:09:41Z;-1814;;2491
2025-07-02T10:09:52Z;-2490;;1815
2025-07-02T10:10:31Z;-1230;;3075
2025-07-02T10:10:40Z;-2502;;1803
2025-07-02T10:10:58Z;-1770;;2535
2025-07-02T10:11:09Z;-559;;3746
2025-07-02T10:11:19Z;-1780;;2525
2025-07-02T10:11:33Z;-2491;;1814
2025-07-02T10:11:41Z;-1323;;2982
2025-07-02T10:11:42Z;;4149;2826
2025-07-02T10:11:43Z;-1087;4306;2983
2025-07-02T10:11:46Z;-1216;;3090
2025-07-02T10:11:48Z;-1182;;3124
2025-07-02T10:11:50Z;-2486;;1820
2025-07-02T10:11:59Z;-1171;;3135
2025-07-02T10:12:03Z;-1741;;2565
2025-07-02T10:12:05Z;-2480;;1826
2025-07-02T10:12:23Z;-1758;;2548
2025-07-02T10:12:42Z;-514;;3792
2025-07-02T10:12:58Z;-1776;;2530
2025-07-02T10:13:00Z;-2495;;1811
2025-07-02T10:13:09Z;-1221;;3085
2025-07-02T10:13:20Z;-2516;;1790
2025-07-02T10:13:32Z;-1221;;3085
2025-07-02T10:13:40Z;-2473;;1833
2025-07-02T10:13:42Z;-1820;;2486
2025-07-02T10:13:45Z;-1791;;2515
2025-07-02T10:13:48Z;-1802;;2504
2025-07-02T10:13:50Z;-1798;;2508
2025-07-02T10:13:52Z;-1818;;2488
2025-07-02T10:13:54Z;-1792;;2514
2025-07-02T10:13:57Z;-1816;;2490
2025-07-02T10:14:00Z;-1796;;2510
2025-07-02T10:14:02Z;-1807;;2499
2025-07-02T10:14:05Z;-581;;3725
2025-07-02T10:14:09Z;-1808;;2498
2025-07-02T10:14:17Z;-1785;;2521
2025-07-02T10:14:19Z;-1804;;2502
2025-07-02T10:14:23Z;-1779;;2527
2025-07-02T10:14:25Z;-1811;;2495
2025-07-02T10:14:30Z;-2543;;1763
2025-07-02T10:15:08Z;-2524;;1782
2025-07-02T10:15:16Z;;4341;1817
2025-07-02T10:15:28Z;-1806;;2535
2025-07-02T10:15:29Z;-1799;;2542
2025-07-02T10:15:32Z;-1800;;2541
2025-07-02T10:15:35Z;-1799;;2542
2025-07-02T10:15:37Z;-1805;;2536
2025-07-02T10:15:40Z;-1798;;2543
2025-07-02T10:15:42Z;-1802;;2539
2025-07-02T10:15:44Z;-555;;3786
2025-07-02T10:15:56Z;-1152;;3189
2025-07-02T10:15:58Z;-1243;;3098
2025-07-02T10:16:01Z;-2531;;1810
2025-07-02T10:16:22Z;-1222;;3119
2025-07-02T10:16:38Z;-2533;;1808
2025-07-02T10:16:46Z;-1800;;2541
2025-07-02T10:16:52Z;-1794;;2547
2025-07-02T10:16:59Z;-509;;3832
2025-07-02T10:17:10Z;-1782;;2559
2025-07-02T10:17:15Z;-534;;3807
2025-07-02T10:17:21Z;-1794;;2547
2025-07-02T10:17:27Z;-2512;;1829
2025-07-02T10:17:58Z;-2391;;1950
2025-07-02T10:18:00Z;-1239;;3102
2025-07-02T10:18:14Z;-2523;;1818
2025-07-02T10:18:16Z;-1783;;2558
2025-07-02T10:18:17Z;-539;;3802
2025-07-02T10:18:30Z;-1776;;2565
2025-07-02T10:18:59Z;-2519;;1822
2025-07-02T10:19:04Z;-1184;;3157
2025-07-02T10:19:19Z;-2511;;1830
2025-07-02T10:19:45Z;-2362;;1979
2025-07-02T10:19:47Z;-1758;;2583
2025-07-02T10:19:53Z;-677;;3664
2025-07-02T10:19:55Z;-481;;3860
2025-07-02T10:20:01Z;-1767;;2574
2025-07-02T10:20:22Z;-2491;;1850
2025-07-02T10:21:21Z;-1191;;3150
2025-07-02T10:21:23Z;-1205;;3136
2025-07-02T10:21:25Z;-1192;;3149
2025-07-02T10:21:26Z;-1210;;3131
2025-07-02T10:21:28Z;-519;;3822
2025-07-02T10:21:30Z;-1783;;2558
2025-07-02T10:21:44Z;-1802;;2539
2025-07-02T10:21:46Z;-532;;3809
2025-07-02T10:21:55Z;-1809;;2532
2025-07-02T10:21:57Z;-1784;;2557
2025-07-02T10:21:59Z;-2527;;1814
2025-07-02T10:22:03Z;-1214;;3127
2025-07-02T10:22:08Z;-1199;;3142
2025-07-02T10:22:10Z;-2526;;1815
2025-07-02T10:22:11Z;-1203;;3138
2025-07-02T10:22:14Z;-1199;;3142
2025-07-02T10:22:17Z;-1206;;3135
2025-07-02T10:22:21Z;-2533;;1808
2025-07-02T10:22:37Z;-1788;;2553
2025-07-02T10:22:39Z;-1804;;2537
2025-07-02T10:22:45Z;-1791;;2550
2025-07-02T10:22:47Z;-1810;;2531
2025-07-02T10:22:48Z;-519;;3822
2025-07-02T10:23:01Z;-1786;;2555
2025-07-02T10:23:03Z;-1807;;2534
2025-07-02T10:23:05Z;-1797;;2544
2025-07-02T10:23:07Z;-1807;;2534
2025-07-02T10:23:09Z;-1798;;2543
2025-07-02T10:23:11Z;-1809;;2532
2025-07-02T10:23:17Z;-1794;;2547
2025-07-02T10:23:22Z;-1806;;2535
2025-07-02T10:23:23Z;-2225;;2116
2025-07-02T10:23:25Z;-2559;;1782
2025-07-02T10:24:01Z;-1212;;3129
2025-07-02T10:24:10Z;-2552;;1789
2025-07-02T10:24:16Z;-2097;;2244
2025-07-02T10:24:17Z;-1796;;2545
2025-07-02T10:24:28Z;-1802;;2539
2025-07-02T10:24:30Z;-1799;;2542
2025-07-02T10:24:32Z;-1806;;2535
2025-07-02T10:24:33Z;-1792;;2549
2025-07-02T10:24:37Z;-1800;;2541
2025-07-02T10:24:39Z;-1785;;2556
2025-07-02T10:24:40Z;-1378;;2963
2025-07-02T10:24:42Z;-498;;3843
2025-07-02T10:24:49Z;-1216;;3125
2025-07-02T10:24:53Z;-2552;;1789
2025-07-02T10:25:11Z;-1215;;3126
2025-07-02T10:25:17Z;-2489;;1852
2025-07-02T10:25:37Z;-1799;;2542
2025-07-02T10:25:42Z;-1820;;2521
2025-07-02T10:25:44Z;-1797;;2544
2025-07-02T10:25:46Z;-1815;;2526
2025-07-02T10:25:55Z;-1797;;2544
2025-07-02T10:25:58Z;-1807;;2534
2025-07-02T10:26:03Z;-1795;;2546
2025-07-02T10:26:04Z;-1820;;2521
2025-07-02T10:26:06Z;-573;;3768
2025-07-02T10:26:12Z;-1282;;3059
2025-07-02T10:26:18Z;-2558;;1783
2025-07-02T10:26:22Z;-1251;;3090
2025-07-02T10:26:45Z;-2558;;1783
2025-07-02T10:26:54Z;-1829;;2512
2025-07-02T10:27:23Z;-1682;;2659
2025-07-02T10:27:26Z;-1835;;2506
2025-07-02T10:27:28Z;-565;;3776
2025-07-02T10:27:35Z;-1252;;3089
2025-07-02T10:27:38Z;-2570;;1771
2025-07-02T10:27:51Z;-2391;;1950
2025-07-02T10:27:53Z;-2578;;1763
2025-07-02T10:28:22Z;-1857;;2484
2025-07-02T10:28:39Z;-574;;3767
2025-07-02T10:28:50Z;-613;;3728
2025-07-02T10:28:54Z;-1846;;2495
2025-07-02T10:28:57Z;-2607;;1734
2025-07-02T10:28:59Z;;4105;1498
2025-07-02T10:29:00Z;;4429;1822
2025-07-02T10:29:01Z;-2341;;2088
2025-07-02T10:29:03Z;-2602;;1827
2025-07-02T10:29:09Z;-1291;;3138
2025-07-02T10:29:21Z;-2600;;1829
2025-07-02T10:29:32Z;-1278;;3151
2025-07-02T10:29:44Z;-2599;;1830
2025-07-02T10:29:47Z;-1863;;2566
2025-07-02T10:30:08Z;-1861;;2568
2025-07-02T10:30:11Z;-625;;3804
2025-07-02T10:30:16Z;;4423;3798
2025-07-02T10:30:23Z;-1320;;3103
2025-07-02T10:30:35Z;-2580;;1843
2025-07-02T10:31:02Z;-1887;;2536
2025-07-02T10:31:05Z;-634;;3789
2025-07-02T10:31:16Z;-1866;;2557
2025-07-02T10:31:51Z;-2172;;2251
2025-07-02T10:31:54Z;-2614;;1809
2025-07-02T10:32:24Z;-1329;;3094
2025-07-02T10:32:40Z;-2602;;1821
2025-07-02T10:32:49Z;-1322;;3101
2025-07-02T10:32:55Z;-655;;3768
2025-07-02T10:33:08Z;-1830;;2593
2025-07-02T10:33:15Z;-668;;3755
2025-07-02T10:33:30Z;-1897;;2526
2025-07-02T10:33:35Z;-661;;3762
2025-07-02T10:33:48Z;-1826;;2597
2025-07-02T10:33:55Z;-2107;;2316
2025-07-02T10:33:58Z;-892;;3531
2025-07-02T10:34:21Z;-1526;;2897
2025-07-02T10:34:33Z;-2834;;1589
2025-07-02T10:35:10Z;-2049;;2374
2025-07-02T10:35:41Z;-2791;;1632
2025-07-02T10:36:16Z;-1504;;2919
2025-07-02T10:36:29Z;-1487;;2936
2025-07-02T10:36:32Z;-1504;;2919
2025-07-02T10:36:38Z;-2057;;2366
2025-07-02T10:37:05Z;-770;;3653
2025-07-02T10:37:22Z;-1506;;2917
2025-07-02T10:37:28Z;-2796;;1627
2025-07-02T10:37:46Z;-1511;;2912
2025-07-02T10:37:49Z;-1474;;2949
2025-07-02T10:37:51Z;-1506;;2917
2025-07-02T10:38:05Z;-821;;3602
2025-07-02T10:38:08Z;-2082;;2341
2025-07-02T10:38:14Z;-839;;3584
2025-07-02T10:38:22Z;-1974;;2449
2025-07-02T10:38:26Z;-854;;3569
2025-07-02T10:38:36Z;-2050;;2373
2025-07-02T10:38:40Z;-2105;;2318
2025-07-02T10:38:41Z;-2071;;2352
2025-07-02T10:38:43Z;-2101;;2322
2025-07-02T10:38:45Z;-2077;;2346
2025-07-02T10:38:47Z;-2115;;2308
2025-07-02T10:38:49Z;-2817;;1606
2025-07-02T10:39:20Z;-1603;;2820
2025-07-02T10:39:34Z;-2855;;1568
2025-07-02T10:39:36Z;-2136;;2287
2025-07-02T10:40:00Z;-982;;3441
2025-07-02T10:40:01Z;-888;;3535
2025-07-02T10:40:15Z;-1558;;2865
2025-07-02T10:40:25Z;-2142;;2281
2025-07-02T10:40:27Z;-2836;;1587
2025-07-02T10:40:32Z;-1527;;2896
2025-07-02T10:40:39Z;-1317;;3106
2025-07-02T10:40:42Z;-2601;;1822
2025-07-02T10:40:48Z;-1324;;3099
2025-07-02T10:40:53Z;-743;;3680
2025-07-02T10:41:08Z;-1869;;2554
2025-07-02T10:41:44Z;-2594;;1829
2025-07-02T10:42:26Z;-1866;;2557
2025-07-02T10:43:18Z;-2629;;1794
2025-07-02T10:44:40Z;-1962;;2461
2025-07-02T10:45:08Z;-1954;;2469
2025-07-02T10:45:18Z;;4493;2539
2025-07-02T10:45:19Z;;4501;2547
2025-07-02T10:45:23Z;;4497;2543
2025-07-02T10:45:25Z;;4501;2547
2025-07-02T10:45:29Z;;4492;2538
2025-07-02T10:45:30Z;-2296;;2196
2025-07-02T10:45:31Z;;4501;2205
2025-07-02T10:45:32Z;-2594;;1907
2025-07-02T10:45:41Z;;4498;1904
2025-07-02T10:45:43Z;;4505;1911
2025-07-02T10:45:45Z;;4238;1644
2025-07-02T10:45:46Z;-2351;4505;1911
2025-07-02T10:45:49Z;-2609;;1896
2025-07-02T10:45:55Z;;4499;1890
2025-07-02T10:45:57Z;;4506;1897
2025-07-02T10:46:07Z;;4497;1888
2025-07-02T10:46:09Z;;4505;1896
2025-07-02T10:46:13Z;;4404;1795
2025-07-02T10:46:14Z;;4502;1893
2025-07-02T10:46:19Z;;4497;1888
2025-07-02T10:46:21Z;;4505;1896
2025-07-02T10:46:31Z;;4496;1887
2025-07-02T10:46:33Z;;4503;1894
2025-07-02T10:46:38Z;;4499;1890
2025-07-02T10:46:39Z;;4504;1895
2025-07-02T10:46:43Z;;4495;1886
2025-07-02T10:46:45Z;;4505;1896
2025-07-02T10:46:55Z;;4496;1887
2025-07-02T10:46:57Z;;4505;1896
2025-07-02T10:47:05Z;;4488;1879
2025-07-02T10:47:06Z;;4505;1896
2025-07-02T10:47:07Z;;4495;1886
2025-07-02T10:47:09Z;;4502;1893
2025-07-02T10:47:11Z;-1942;;2560
2025-07-02T10:47:15Z;;4499;2557
2025-07-02T10:47:18Z;;4500;2558
2025-07-02T10:48:07Z;;4498;2556
2025-07-02T10:48:08Z;;4500;2558
2025-07-02T10:48:10Z;-2632;;1868
2025-07-02T10:48:19Z;;4498;1866
2025-07-02T10:48:21Z;;4507;1875
2025-07-02T10:48:31Z;;4498;1866
2025-07-02T10:48:33Z;;4505;1873
2025-07-02T10:48:44Z;;4499;1867
2025-07-02T10:48:45Z;;4508;1876
2025-07-02T10:49:07Z;;4498;1866
2025-07-02T10:49:09Z;;4506;1874
2025-07-02T10:49:13Z;-1909;;2597
2025-07-02T10:49:20Z;;4499;2590
2025-07-02T10:49:21Z;;4507;2598
2025-07-02T10:49:22Z;-2642;;1865
2025-07-02T10:49:43Z;-1975;;2532
2025-07-02T10:49:45Z;-2652;;1855
2025-07-02T10:49:55Z;;4499;1847
2025-07-02T10:49:56Z;;4500;1848
2025-07-02T10:50:44Z;;4499;1847
2025-07-02T10:50:45Z;;4508;1856
2025-07-02T10:51:07Z;;4496;1844
2025-07-02T10:51:09Z;;4506;1854
2025-07-02T10:51:14Z;;4497;1845
2025-07-02T10:51:15Z;;4506;1854
2025-07-02T10:51:19Z;;4496;1844
2025-07-02T10:51:21Z;;4505;1853
2025-07-02T10:51:33Z;-1337;;3168
2025-07-02T10:51:35Z;-632;;3873
2025-07-02T10:51:59Z;-1303;;3202
2025-07-02T10:52:07Z;;4499;3196
2025-07-02T10:52:09Z;;4510;3207
2025-07-02T10:52:19Z;;4496;3193
2025-07-02T10:52:21Z;;4505;3202
2025-07-02T10:52:31Z;;4497;3194
2025-07-02T10:52:33Z;;4504;3201
2025-07-02T10:52:37Z;;4499;3196
2025-07-02T10:52:39Z;;4505;3202
2025-07-02T10:52:40Z;-697;;3808
2025-07-02T10:52:43Z;;4495;3798
2025-07-02T10:52:45Z;;4505;3808
2025-07-02T10:52:49Z;;4498;3801
2025-07-02T10:52:50Z;;4501;3804
2025-07-02T10:52:55Z;;4497;3800
2025-07-02T10:52:57Z;;4505;3808
2025-07-02T10:53:07Z;;4497;3800
2025-07-02T10:53:09Z;;4505;3808
2025-07-02T10:53:14Z;;4499;3802
2025-07-02T10:53:15Z;;4505;3808
2025-07-02T10:53:19Z;;4492;3795
2025-07-02T10:53:21Z;;4502;3805
2025-07-02T10:53:23Z;;4499;3802
2025-07-02T10:53:27Z;;4500;3803
2025-07-02T10:53:28Z;;4498;3801
2025-07-02T10:53:29Z;-565;;3933
2025-07-02T10:53:30Z;-1182;;3316
2025-07-02T10:53:32Z;-1211;;3287
2025-07-02T10:54:43Z;-778;;3720
2025-07-02T10:55:22Z;-1347;;3151
2025-07-02T10:56:17Z;-678;;3820
2025-07-02T10:56:47Z;-1377;;3121
2025-07-02T10:56:48Z;;4500;3123
2025-07-02T10:56:49Z;;4496;3119
2025-07-02T10:56:52Z;;4500;3123
2025-07-02T10:56:53Z;;4490;3113
2025-07-02T10:56:55Z;;4501;3124
2025-07-02T10:56:57Z;;4499;3122
2025-07-02T10:56:58Z;;4500;3123
2025-07-02T10:57:03Z;;4493;3116
2025-07-02T10:57:05Z;;4504;3127
2025-07-02T10:57:15Z;;4496;3119
2025-07-02T10:57:17Z;;4505;3128
2025-07-02T10:57:27Z;;4490;3113
2025-07-02T10:57:29Z;;4508;3131
2025-07-02T10:58:10Z;-1524;;2984
2025-07-02T10:58:11Z;-1488;;3020
2025-07-02T10:58:15Z;-1517;;2991
2025-07-02T10:58:18Z;-1489;;3019
2025-07-02T10:58:20Z;-881;;3627
2025-07-02T10:58:40Z;-1493;;3015
2025-07-02T10:58:44Z;-1452;;3056
2025-07-02T10:58:47Z;-1494;;3014
2025-07-02T10:58:50Z;-1514;;2994
2025-07-02T10:58:53Z;-1463;;3045
2025-07-02T10:58:56Z;-1523;;2985
2025-07-02T10:58:59Z;-1448;;3060
2025-07-02T10:59:01Z;-1513;;2995
2025-07-02T10:59:04Z;-1437;;3071
2025-07-02T10:59:20Z;-2731;;1777
2025-07-02T10:59:22Z;-2696;;1812
2025-07-02T10:59:25Z;-2734;;1774
2025-07-02T10:59:30Z;-2712;;1796
2025-07-02T10:59:33Z;-2675;;1833
2025-07-02T10:59:35Z;-2710;;1798
2025-07-02T10:59:36Z;-2690;;1818
2025-07-02T10:59:38Z;-2700;;1808
2025-07-02T10:59:41Z;-2699;;1809
2025-07-02T10:59:44Z;-2705;;1803
2025-07-02T10:59:47Z;-2678;;1830
2025-07-02T10:59:50Z;-2715;;1793
2025-07-02T10:59:53Z;-2695;;1813
2025-07-02T10:59:55Z;-2721;;1787
2025-07-02T10:59:57Z;-2697;;1811
2025-07-02T10:59:58Z;-2700;;1808
2025-07-02T11:00:00Z;-2679;;1829
2025-07-02T11:00:02Z;-2721;;1787
2025-07-02T11:00:04Z;-2693;;1815
2025-07-02T11:00:05Z;-2702;;1806
2025-07-02T11:00:07Z;-2685;;1823
2025-07-02T11:00:10Z;-2685;;1823
2025-07-02T11:00:14Z;;4496;1811
2025-07-02T11:00:15Z;-2700;;1796
2025-07-02T11:00:16Z;;4504;1804
2025-07-02T11:00:18Z;-2560;;1944
2025-07-02T11:00:27Z;-1817;;2687
2025-07-02T11:00:30Z;-1770;;2734
2025-07-02T11:00:32Z;-1843;;2661
2025-07-02T11:00:35Z;-1767;;2737
2025-07-02T11:00:41Z;1231;;5735
2025-07-02T11:00:43Z;-1389;;3115
2025-07-02T11:00:45Z;-1517;;2987
2025-07-02T11:00:49Z;-1483;;3021
2025-07-02T11:00:52Z;-1518;;2986
2025-07-02T11:00:54Z;-2196;4506;2988
2025-07-02T11:01:04Z;-2405;;2101
2025-07-02T11:01:15Z;-2395;;2111
2025-07-02T11:01:18Z;-2419;;2087
2025-07-02T11:01:20Z;-2398;;2108
2025-07-02T11:01:23Z;-2408;;2098
2025-07-02T11:01:25Z;-2399;;2107
2025-07-02T11:01:26Z;-2401;;2105
2025-07-02T11:01:28Z;-2384;;2122
2025-07-02T11:01:31Z;-2412;;2094
2025-07-02T11:01:34Z;-2394;;2112
2025-07-02T11:01:37Z;-2418;;2088
2025-07-02T11:01:39Z;-2380;;2126
2025-07-02T11:01:42Z;-2400;;2106
2025-07-02T11:01:44Z;-2388;;2118
2025-07-02T11:01:47Z;-2401;;2105
2025-07-02T11:01:48Z;-2385;;2121
2025-07-02T11:01:58Z;-2407;;2099
2025-07-02T11:02:01Z;-2397;;2109
2025-07-02T11:02:03Z;-2404;;2102
2025-07-02T11:02:06Z;-2396;;2110
2025-07-02T11:02:07Z;-2410;;2096
2025-07-02T11:02:09Z;-2393;;2113
2025-07-02T11:02:12Z;-2411;;2095
2025-07-02T11:02:16Z;-2399;;2107
2025-07-02T11:02:18Z;-2413;;2093
2025-07-02T11:02:28Z;-2399;;2107
2025-07-02T11:02:32Z;-2414;;2092
2025-07-02T11:02:35Z;-1150;;3356
2025-07-02T11:02:45Z;-2393;;2113
2025-07-02T11:02:48Z;-2413;;2093
2025-07-02T11:02:51Z;-2394;;2112
2025-07-02T11:02:53Z;-2405;;2101
2025-07-02T11:03:00Z;-2391;;2115
2025-07-02T11:03:02Z;-2417;;2089
2025-07-02T11:03:05Z;-2399;;2107
2025-07-02T11:03:08Z;-1707;;2799
2025-07-02T11:03:39Z;-2396;;2110
2025-07-02T11:03:41Z;-2387;;2119
2025-07-02T11:03:46Z;-2398;;2108
2025-07-02T11:03:49Z;-2404;;2102
2025-07-02T11:03:51Z;-2399;;2107
2025-07-02T11:03:56Z;-2083;;2423
2025-07-02T11:03:58Z;-2150;;2356
2025-07-02T11:04:10Z;-1207;;3299
2025-07-02T11:04:13Z;-1162;;3344
2025-07-02T11:04:30Z;-2375;;2131
2025-07-02T11:04:35Z;-1170;;3336
2025-07-02T11:04:39Z;-2401;;2105
2025-07-02T11:04:42Z;-2394;;2112
2025-07-02T11:04:44Z;-1151;;3355
2025-07-02T11:04:52Z;-2363;;2143
2025-07-02T11:04:53Z;;4492;2129
2025-07-02T11:04:55Z;;4502;2139
2025-07-02T11:04:56Z;-1132;;3370
2025-07-02T11:04:59Z;-354;;4148
2025-07-02T11:05:02Z;-1535;;2967
2025-07-02T11:05:07Z;-378;;4124
2025-07-02T11:05:20Z;-1551;;2951
2025-07-02T11:05:23Z;-335;;4167
2025-07-02T11:05:27Z;;4499;4164
2025-07-02T11:05:28Z;;4518;4183
2025-07-02T11:05:31Z;-1562;;2956
2025-07-02T11:05:32Z;;4504;2942
2025-07-02T11:05:33Z;-332;;4172
2025-07-02T11:05:34Z;;4510;4178
2025-07-02T11:05:37Z;;4494;4162
2025-07-02T11:05:38Z;-240;;4254
2025-07-02T11:05:40Z;-382;;4112
2025-07-02T11:05:43Z;-1546;;2948
2025-07-02T11:05:56Z;-2219;;2275
2025-07-02T11:06:37Z;-1596;;2898
2025-07-02T11:06:52Z;-378;;4116
2025-07-02T11:07:02Z;-1587;;2907
2025-07-02T11:07:04Z;-372;;4122
2025-07-02T11:07:08Z;-884;;3610
2025-07-02T11:07:11Z;-1581;;2913
2025-07-02T11:07:27Z;-2304;;2190
2025-07-02T11:07:29Z;-1058;;3436
2025-07-02T11:07:50Z;-2278;;2216
2025-07-02T11:08:20Z;-1642;;2852
2025-07-02T11:08:30Z;-1087;;3407
2025-07-02T11:08:32Z;-411;;4083
2025-07-02T11:08:42Z;;4499;4088
2025-07-02T11:08:43Z;-208;4516;4291
2025-07-02T11:08:45Z;-400;;4116
2025-07-02T11:08:54Z;-1611;;2905
2025-07-02T11:08:59Z;-427;;4089
2025-07-02T11:09:01Z;-1073;;3443
2025-07-02T11:09:18Z;-2301;;2215
2025-07-02T11:09:39Z;-385;;4131
2025-07-02T11:09:55Z;-1597;;2919
2025-07-02T11:10:23Z;-406;;4110
2025-07-02T11:10:37Z;-1609;;2907
2025-07-02T11:10:54Z;-2321;;2195
2025-07-02T11:10:59Z;-1058;;3458
2025-07-02T11:11:19Z;-2324;;2192
2025-07-02T11:11:22Z;-1073;;3443
2025-07-02T11:11:40Z;-1821;;2695
2025-07-02T11:11:43Z;-2319;;2197
2025-07-02T11:11:54Z;-1625;;2891
2025-07-02T11:12:00Z;-435;;4081
2025-07-02T11:12:12Z;-705;;3811
2025-07-02T11:12:14Z;-1621;;2895
2025-07-02T11:12:17Z;-403;;4113
2025-07-02T11:12:20Z;-1554;;2962
2025-07-02T11:12:25Z;-1484;;3032
2025-07-02T11:12:28Z;-295;;4221
2025-07-02T11:12:31Z;-305;;4211
2025-07-02T11:12:34Z;-284;;4232
2025-07-02T11:12:36Z;-422;;4094
2025-07-02T11:12:40Z;-1613;;2903
2025-07-02T11:12:42Z;-422;;4094
2025-07-02T11:12:59Z;-1618;;2898
2025-07-02T11:13:01Z;-1840;;2676
2025-07-02T11:13:04Z;-1266;;3250
2025-07-02T11:13:07Z;-646;;3870
2025-07-02T11:13:09Z;-1850;;2666
2025-07-02T11:13:12Z;-874;;3642
2025-07-02T11:13:15Z;-1857;;2659
2025-07-02T11:13:18Z;-658;;3858
2025-07-02T11:13:20Z;-1331;;3185
2025-07-02T11:13:25Z;-2577;;1939
2025-07-02T11:13:32Z;-1336;;3180
2025-07-02T11:13:50Z;-2572;;1944
2025-07-02T11:13:57Z;-1331;;3185
2025-07-02T11:14:10Z;-2571;;1945
2025-07-02T11:14:13Z;-1318;;3198
2025-07-02T11:14:15Z;-655;;3861
2025-07-02T11:14:25Z;-1870;;2646
2025-07-02T11:14:29Z;-688;;3828
2025-07-02T11:14:41Z;-1864;;2652
2025-07-02T11:14:48Z;-632;;3884
2025-07-02T11:14:57Z;-1628;;2888
2025-07-02T11:14:59Z;-1831;;2685
2025-07-02T11:15:02Z;-561;;3955
2025-07-02T11:15:05Z;-603;;3913
2025-07-02T11:15:09Z;-589;;3927
2025-07-02T11:15:11Z;-587;;3929
2025-07-02T11:15:13Z;-602;;3914
2025-07-02T11:15:16Z;-592;4571;3969
2025-07-02T11:15:21Z;-1807;;2764
2025-07-02T11:15:28Z;-2543;;2028
2025-07-02T11:15:36Z;-2373;;2198
2025-07-02T11:15:38Z;-2560;;2011
2025-07-02T11:16:02Z;-1830;;2741
2025-07-02T11:16:08Z;-1791;;2780
2025-07-02T11:16:10Z;-1803;;2768
2025-07-02T11:16:23Z;-1797;;2774
2025-07-02T11:16:25Z;-1815;;2756
2025-07-02T11:16:53Z;-2556;;2015
2025-07-02T11:17:10Z;;4422;1866
2025-07-02T11:17:11Z;;4568;2012
2025-07-02T11:17:48Z;-1255;;3313
2025-07-02T11:18:00Z;-2565;;2003
2025-07-02T11:18:25Z;;4445;1880
2025-07-02T11:18:26Z;;4581;2016
2025-07-02T11:18:50Z;-1332;;3249
2025-07-02T11:19:04Z;-2603;;1978
2025-07-02T11:19:09Z;-1499;;3082
2025-07-02T11:19:16Z;-2614;;1967
2025-07-02T11:19:23Z;-1364;;3217
2025-07-02T11:19:46Z;-2590;;1991
2025-07-02T11:19:48Z;-2392;;2189
2025-07-02T11:20:15Z;-1084;;3497
2025-07-02T11:20:33Z;-2332;;2249
2025-07-02T11:20:35Z;-1076;;3505
2025-07-02T11:20:41Z;-1437;;3144
2025-07-02T11:20:43Z;-2648;;1933
2025-07-02T11:20:52Z;-2372;;2209
2025-07-02T11:20:54Z;-1356;;3225
2025-07-02T11:20:59Z;-2661;;1920
2025-07-02T11:21:02Z;-1379;;3202
2025-07-02T11:21:12Z;-2658;;1923
2025-07-02T11:21:23Z;-1441;;3140
2025-07-02T11:21:31Z;-2660;;1921
2025-07-02T11:21:37Z;-1382;;3199
2025-07-02T11:21:42Z;-1602;;2979
2025-07-02T11:21:44Z;-1391;;3190
2025-07-02T11:21:47Z;-2670;;1911
2025-07-02T11:21:57Z;-1406;;3175
2025-07-02T11:22:03Z;-2678;;1903
2025-07-02T11:22:10Z;-2794;;1787
2025-07-02T11:22:22Z;-1510;;3071
2025-07-02T11:22:25Z;-1499;;3082
2025-07-02T11:22:27Z;-1500;;3081
2025-07-02T11:22:37Z;-1499;;3082
2025-07-02T11:22:40Z;-1513;;3068
2025-07-02T11:22:43Z;-1495;;3086
2025-07-02T11:22:45Z;-1505;;3076
2025-07-02T11:23:02Z;-2789;;1792
2025-07-02T11:23:06Z;-835;;3746
2025-07-02T11:23:11Z;-2063;;2518
2025-07-02T11:23:14Z;-836;;3745
2025-07-02T11:23:21Z;-907;;3674
2025-07-02T11:23:27Z;-894;;3687
2025-07-02T11:23:30Z;-923;;3658
2025-07-02T11:23:39Z;-1240;;3341
2025-07-02T11:23:41Z;-1620;;2961
2025-07-02T11:23:54Z;-2887;;1694
2025-07-02T11:24:06Z;-1634;;2947
2025-07-02T11:24:20Z;-2912;;1669
2025-07-02T11:24:38Z;-2236;;2345
2025-07-02T11:25:04Z;-2932;;1649
2025-07-02T11:25:10Z;-1702;;2879
2025-07-02T11:25:29Z;-2963;;1618
2025-07-02T11:25:45Z;-2258;;2323
2025-07-02T11:26:00Z;;4801;2543
2025-07-02T11:26:01Z;;4795;2537
2025-07-02T11:26:02Z;-1057;;3738
2025-07-02T11:26:03Z;;4802;3745
2025-07-02T11:26:08Z;;4792;3735
2025-07-02T11:26:09Z;;4809;3752
2025-07-02T11:26:19Z;-2298;;2511
2025-07-02T11:26:24Z;-1100;;3709
2025-07-02T11:26:26Z;-1434;;3375
2025-07-02T11:26:29Z;-1769;;3040
2025-07-02T11:26:37Z;;4754;2985
2025-07-02T11:26:38Z;-2938;;1816
2025-07-02T11:26:39Z;;4805;1867
2025-07-02T11:26:40Z;-3020;;1785
2025-07-02T11:26:44Z;-2997;;1808
2025-07-02T11:26:47Z;-3005;;1800
2025-07-02T11:26:48Z;-1761;;3044
2025-07-02T11:26:49Z;;4792;3031
2025-07-02T11:27:02Z;-1060;;3732
2025-07-02T11:27:03Z;;4804;3744
2025-07-02T11:27:05Z;-2269;;2535
2025-07-02T11:27:07Z;-1099;;3705
2025-07-02T11:27:24Z;-1286;;3518
2025-07-02T11:27:26Z;-2319;;2485
2025-07-02T11:27:29Z;-1120;;3684
2025-07-02T11:27:33Z;-1787;;3017
2025-07-02T11:27:39Z;-3003;;1801
2025-07-02T11:27:40Z;;4793;1790
2025-07-02T11:27:42Z;-2989;;1804
2025-07-02T11:27:49Z;-2243;;2550
2025-07-02T11:27:52Z;-1699;;3094
2025-07-02T11:28:06Z;-2909;;1884
2025-07-02T11:28:09Z;-2206;;2587
2025-07-02T11:28:23Z;;4801;2595
2025-07-02T11:28:24Z;;4793;2587
2025-07-02T11:28:31Z;-2979;;1814
2025-07-02T11:28:33Z;;4802;1823
2025-07-02T11:28:37Z;-3007;;1795
2025-07-02T11:29:23Z;-1796;;3006
2025-07-02T11:29:26Z;-1122;;3680
2025-07-02T11:29:42Z;-2308;;2494
2025-07-02T11:29:49Z;-3055;;1747
2025-07-02T11:29:52Z;-1819;;2983
2025-07-02T11:30:07Z;-1853;;2949
2025-07-02T11:30:11Z;-3060;;1742
2025-07-02T11:30:16Z;;4915;1855
2025-07-02T11:30:19Z;-1811;;3104
2025-07-02T11:30:22Z;-1786;;3129
2025-07-02T11:30:24Z;-1840;;3075
2025-07-02T11:30:28Z;-1201;;3714
2025-07-02T11:30:29Z;-1193;;3722
2025-07-02T11:30:32Z;-1216;;3699
2025-07-02T11:30:35Z;-1158;;3757
2025-07-02T11:30:41Z;-2364;;2551
2025-07-02T11:30:46Z;-914;;4001
2025-07-02T11:30:48Z;-891;;4024
2025-07-02T11:30:56Z;;4788;3897
2025-07-02T11:30:57Z;-591;;4197
2025-07-02T11:31:00Z;-649;;4139
2025-07-02T11:31:03Z;-596;;4192
2025-07-02T11:31:05Z;-1225;;3563
2025-07-02T11:31:10Z;-2432;;2356
2025-07-02T11:31:20Z;-1341;4829;2397
2025-07-02T11:31:24Z;-1530;;3299
2025-07-02T11:31:28Z;-936;;3893
2025-07-02T11:31:36Z;-877;;3952
2025-07-02T11:31:41Z;;4787;3910
2025-07-02T11:31:43Z;-1866;;2921
2025-07-02T11:31:47Z;-684;;4103
2025-07-02T11:31:50Z;;4802;4118
2025-07-02T11:31:56Z;-905;;3897
2025-07-02T11:32:00Z;-2136;;2666
2025-07-02T11:32:03Z;-1656;;3146
2025-07-02T11:32:11Z;-2746;;2056
2025-07-02T11:32:14Z;-2687;;2115
2025-07-02T11:32:18Z;;4788;2101
2025-07-02T11:32:36Z;-2375;;2413
2025-07-02T11:32:37Z;;4499;2124
2025-07-02T11:32:41Z;-1397;;3102
2025-07-02T11:32:42Z;;4169;2772
2025-07-02T11:32:45Z;-1132;;3037
2025-07-02T11:32:48Z;;3891;2759
2025-07-02T11:32:54Z;-895;;2996
2025-07-02T11:32:57Z;;3562;2667
2025-07-02T11:33:00Z;-562;;3000
2025-07-02T11:33:02Z;-1110;3191;2629
2025-07-02T11:33:07Z;;2989;1879
2025-07-02T11:33:09Z;-859;;2130
2025-07-02T11:33:15Z;;2692;1833
2025-07-02T11:33:16Z;-582;;2110
2025-07-02T11:33:24Z;;2396;1814
2025-07-02T11:33:25Z;-288;;2108
2025-07-02T11:33:49Z;;2423;2135
2025-07-02T11:33:51Z;-335;;2088
2025-07-02T11:33:54Z;800;;3223
2025-07-02T11:33:58Z;;2711;3511
2025-07-02T11:33:59Z;590;;3301
2025-07-02T11:34:02Z;1193;;3904
2025-07-02T11:34:09Z;1215;;3926
2025-07-02T11:34:10Z;;2688;3903
2025-07-02T11:34:23Z;;2736;3951
2025-07-02T11:34:25Z;1195;;3931
2025-07-02T11:34:28Z;338;;3074
2025-07-02T11:34:29Z;;3009;3347
2025-07-02T11:34:30Z;291;;3300
2025-07-02T11:34:35Z;-976;;2033
2025-07-02T11:34:41Z;214;;3223
2025-07-02T11:34:52Z;;3310;3524
2025-07-02T11:34:54Z;-42;;3268
2025-07-02T11:34:59Z;;3605;3563
2025-07-02T11:35:00Z;-957;;2648
2025-07-02T11:35:03Z;-1531;;2074
2025-07-02T11:35:05Z;-857;;2748
2025-07-02T11:35:08Z;-901;;2704
2025-07-02T11:35:11Z;-882;;2723
2025-07-02T11:35:17Z;;3594;2712
2025-07-02T11:35:21Z;-590;;3004
2025-07-02T11:35:24Z;565;;4159
2025-07-02T11:35:29Z;;3625;4190
2025-07-02T11:35:35Z;276;;3901
2025-07-02T11:35:37Z;;3901;4177
2025-07-02T11:35:43Z;;3868;4144
2025-07-02T11:35:46Z;335;;4203
2025-07-02T11:35:48Z;;3575;3910
2025-07-02T11:35:49Z;-247;;3328
2025-07-02T11:35:51Z;88;;3663
2025-07-02T11:35:54Z;;3284;3372
2025-07-02T11:36:03Z;-945;;2339
2025-07-02T11:36:07Z;;3322;2377
2025-07-02T11:36:09Z;-1233;;2089
2025-07-02T11:36:13Z;;3657;2424
2025-07-02T11:36:14Z;-1516;;2141
2025-07-02T11:36:17Z;;3900;2384
2025-07-02T11:36:18Z;-1808;;2092
2025-07-02T11:36:25Z;;4202;2394
2025-07-02T11:36:26Z;-1343;;2859
2025-07-02T11:36:29Z;-241;;3961
2025-07-02T11:36:30Z;-345;;3857
2025-07-02T11:36:32Z;;4553;4208
2025-07-02T11:36:34Z;-622;;3931
2025-07-02T11:36:36Z;;4879;4257
2025-07-02T11:36:39Z;-910;;3969
2025-07-02T11:36:40Z;;5118;4208
2025-07-02T11:36:52Z;-1720;;3398
2025-07-02T11:36:54Z;;5099;3379
2025-07-02T11:36:55Z;-2827;;2272
2025-07-02T11:36:58Z;-2677;;2422
2025-07-02T11:37:01Z;-2391;;2708
2025-07-02T11:37:02Z;;4482;2091
2025-07-02T11:37:08Z;-962;;3520
2025-07-02T11:37:12Z;;4542;3580
2025-07-02T11:37:14Z;-1260;;3282
2025-07-02T11:37:16Z;;4831;3571
2025-07-02T11:37:17Z;-2700;;2131
2025-07-02T11:37:21Z;;5105;2405
2025-07-02T11:37:26Z;-1763;;3342
2025-07-02T11:37:28Z;-1112;;3993
2025-07-02T11:37:40Z;;5093;3981
2025-07-02T11:37:44Z;-2100;;2993
2025-07-02T11:37:47Z;-2055;;3038
2025-07-02T11:37:51Z;-1797;;3296
2025-07-02T11:37:54Z;-1240;;3853
2025-07-02T11:37:59Z;-2603;;2490
2025-07-02T11:38:00Z;;4815;2212
2025-07-02T11:38:05Z;-2708;;2107
2025-07-02T11:38:14Z;;4757;2049
2025-07-02T11:38:15Z;-2576;4899;2191
2025-07-02T11:38:22Z;;4791;2215
2025-07-02T11:38:29Z;-2371;;2420
2025-07-02T11:38:31Z;;4472;2101
2025-07-02T11:38:34Z;-2041;;2431
2025-07-02T11:38:35Z;;4159;2118
2025-07-02T11:38:37Z;-1281;;2878
2025-07-02T11:38:41Z;-1189;;2970
2025-07-02T11:38:42Z;61;;4220
2025-07-02T11:38:43Z;;3597;3658
2025-07-02T11:38:45Z;354;;3951
2025-07-02T11:38:48Z;603;;4200
2025-07-02T11:38:53Z;904;;4501
2025-07-02T11:38:55Z;-237;;3360
2025-07-02T11:38:59Z;-303;;3294
2025-07-02T11:39:02Z;-1074;3363;2289
2025-07-02T11:39:04Z;-1231;;2132
2025-07-02T11:39:05Z;;3693;2462
2025-07-02T11:39:07Z;-1544;3940;2709
2025-07-02T11:39:10Z;-1911;4290;2379
2025-07-02T11:39:13Z;-2127;4584;2673
2025-07-02T11:39:16Z;-2448;;2136
2025-07-02T11:39:17Z;;4846;2398
2025-07-02T11:39:19Z;-2728;;2118
2025-07-02T11:39:23Z;-1543;;3303
2025-07-02T11:39:30Z;;5100;3557
2025-07-02T11:39:32Z;-2919;;2181
2025-07-02T11:39:38Z;-3000;;2100
2025-07-02T11:39:47Z;-2988;;2112
2025-07-02T11:39:49Z;-2150;5069;2081
2025-07-02T11:39:53Z;-2081;4741;2591
2025-07-02T11:39:55Z;-1758;;2983
2025-07-02T11:39:57Z;-1583;;3158
2025-07-02T11:40:00Z;;4470;2887
2025-07-02T11:40:01Z;;4178;2595
2025-07-02T11:40:02Z;-1175;;3003
2025-07-02T11:40:06Z;;3897;2722
2025-07-02T11:40:10Z;-885;;3012
2025-07-02T11:40:13Z;-1505;;2392
2025-07-02T11:40:15Z;-1468;3587;2082
2025-07-02T11:40:20Z;-1175;3282;1814
2025-07-02T11:40:25Z;-872;;2410
2025-07-02T11:40:27Z;;2986;2114
2025-07-02T11:40:47Z;;3000;2128
2025-07-02T11:40:52Z;-928;;2072
2025-07-02T11:40:58Z;;3349;2421
2025-07-02T11:41:00Z;-1211;;2138
2025-07-02T11:41:01Z;;3608;2397
2025-07-02T11:41:02Z;-1557;;2051
2025-07-02T11:41:05Z;-1857;;1751
2025-07-02T11:41:06Z;;3918;2061
2025-07-02T11:41:08Z;-2166;;1752
2025-07-02T11:41:11Z;-2423;;1495
2025-07-02T11:41:15Z;;4880;2457
2025-07-02T11:41:16Z;-2735;;2145
2025-07-02T11:41:22Z;;5100;2365
2025-07-02T11:41:37Z;-2240;;2860
2025-07-02T11:41:40Z;-1013;;4087
2025-07-02T11:41:56Z;-2150;;2950
2025-07-02T11:41:59Z;-2863;;2237
2025-07-02T11:42:19Z;;5097;2234
2025-07-02T11:42:22Z;-2640;;2457
2025-07-02T11:42:25Z;-2700;;2397
2025-07-02T11:42:42Z;;5103;2403
2025-07-02T11:42:45Z;;5099;2399
2025-07-02T11:42:54Z;-1586;;3513
2025-07-02T11:43:08Z;;5103;3517
2025-07-02T11:43:09Z;-2738;;2365
2025-07-02T11:43:12Z;-2160;;2943
2025-07-02T11:43:19Z;-2900;;2203
2025-07-02T11:43:22Z;;5090;2190
2025-07-02T11:43:34Z;-2687;;2403
2025-07-02T11:43:44Z;;4800;2113
2025-07-02T11:43:50Z;;4748;2061
2025-07-02T11:43:52Z;-2364;;2384
2025-07-02T11:43:53Z;;4464;2100
2025-07-02T11:43:56Z;-2088;;2376
2025-07-02T11:44:01Z;;4228;2140
2025-07-02T11:44:04Z;-2164;;2064
2025-07-02T11:44:05Z;;4502;2338
2025-07-02T11:44:07Z;-2408;;2094
2025-07-02T11:44:09Z;;4831;2423
2025-07-02T11:44:11Z;-2736;;2095
2025-07-02T11:44:12Z;;4752;2016
2025-07-02T11:44:13Z;;4980;2244
2025-07-02T11:44:15Z;-2543;;2437
2025-07-02T11:44:18Z;-2773;;2207
2025-07-02T11:44:20Z;-2688;;2292
2025-07-02T11:44:21Z;;4773;2085
2025-07-02T11:44:24Z;-2329;;2444
2025-07-02T11:44:25Z;;4380;2051
2025-07-02T11:44:28Z;;4182;1853
2025-07-02T11:44:29Z;-2098;;2084
2025-07-02T11:44:32Z;-2114;;2068
2025-07-02T11:44:33Z;;3861;1747
2025-07-02T11:44:34Z;-1981;;1880
2025-07-02T11:44:37Z;-1782;;2079
2025-07-02T11:44:43Z;-1488;;2373
2025-07-02T11:44:44Z;;3555;2067
2025-07-02T11:44:49Z;;3712;2224
2025-07-02T11:44:51Z;-1563;;2149
2025-07-02T11:44:53Z;-1886;4039;2476
2025-07-02T11:44:54Z;;4212;2326
2025-07-02T11:44:55Z;;4532;2646
2025-07-02T11:44:56Z;-2200;;2332
2025-07-02T11:44:57Z;;4885;2685
2025-07-02T11:44:59Z;-2482;;2403
2025-07-02T11:45:01Z;-2709;;2176
2025-07-02T11:45:07Z;-2776;;2109
2025-07-02T11:45:16Z;;4992;2216
2025-07-02T11:46:49Z;-2669;;2323
2025-07-02T11:47:20Z;-2737;;2255
2025-07-02T11:47:47Z;-2696;;2296
2025-07-02T11:47:50Z;-2724;;2268
2025-07-02T11:48:10Z;-2698;;2294
2025-07-02T11:48:13Z;-2704;;2288
2025-07-02T11:48:20Z;-2699;;2293
2025-07-02T11:48:23Z;-2706;;2286
2025-07-02T11:48:26Z;-2695;;2297
2025-07-02T11:48:27Z;-2707;;2285
2025-07-02T11:48:37Z;-2688;;2304
2025-07-02T11:48:40Z;-2707;;2285
2025-07-02T11:48:42Z;-2699;;2293
2025-07-02T11:48:45Z;-2711;;2281
2025-07-02T11:48:47Z;-2693;;2299
2025-07-02T11:48:50Z;;4787;2094
2025-07-02T11:48:59Z;;4818;2125
2025-07-02T11:49:03Z;-2702;;2116
2025-07-02T11:49:13Z;-2662;;2156
2025-07-02T11:49:14Z;;4746;2084
2025-07-02T11:49:17Z;-2304;4405;1743
2025-07-02T11:49:19Z;-2052;;2353
2025-07-02T11:49:20Z;;4144;2092
2025-07-02T11:49:23Z;;4277;2225
2025-07-02T11:49:24Z;-2235;;2042
2025-07-02T11:49:26Z;;4655;2420
2025-07-02T11:49:27Z;-2434;;2221
2025-07-02T11:49:32Z;-2343;;2312
2025-07-02T11:49:34Z;;4397;2054
2025-07-02T11:49:35Z;-2031;;2366
2025-07-02T11:49:36Z;;4101;2070
2025-07-02T11:49:37Z;;3888;1857
2025-07-02T11:49:38Z;-1646;;2242
2025-07-02T11:49:39Z;;3446;1800
2025-07-02T11:49:40Z;;3239;1593
2025-07-02T11:49:41Z;-1398;;1841
2025-07-02T11:49:42Z;;2886;1488
2025-07-02T11:49:43Z;-1039;;1847
2025-07-02T11:49:44Z;;2640;1601
2025-07-02T11:49:46Z;-828;;1812
2025-07-02T11:49:48Z;;2372;1544
2025-07-02T11:49:49Z;-564;;1808
2025-07-02T11:49:51Z;-277;;2095
2025-07-02T11:49:54Z;14;2098;1821
2025-07-02T11:49:55Z;;2107;2121
2025-07-02T11:49:58Z;-24;;2083
2025-07-02T11:50:03Z;;2403;2379
2025-07-02T11:50:04Z;;2378;2354
2025-07-02T11:50:11Z;37;2044;2020
2025-07-02T11:50:21Z;306;;2350
2025-07-02T11:50:22Z;;1791;2097
2025-07-02T11:51:04Z;615;;2406
2025-07-02T11:51:35Z;582;;2373
2025-07-02T11:51:41Z;;1832;2414
2025-07-02T11:51:46Z;273;;2105
2025-07-02T11:51:48Z;-22;;1810
2025-07-02T11:51:52Z;50;;1882
2025-07-02T11:51:57Z;-37;;1795
2025-07-02T11:52:11Z;13;;1845
2025-07-02T11:52:12Z;;1794;1807
2025-07-02T11:52:55Z;;1830;1843
2025-07-02T11:52:56Z;-49;;1781
2025-07-02T11:52:59Z;;2138;2089
2025-07-02T11:53:00Z;-360;;1778
2025-07-02T11:53:04Z;;2429;2069
2025-07-02T11:53:05Z;-610;;1819
2025-07-02T11:53:15Z;-586;;1843
2025-07-02T11:53:16Z;;2360;1774
2025-07-02T11:53:20Z;-251;;2109
2025-07-02T11:53:23Z;;2075;1824
2025-07-02T11:53:34Z;27;;2102
2025-07-02T11:53:37Z;-21;;2054
2025-07-02T11:53:46Z;10;;2085
2025-07-02T11:54:36Z;-27;;2048
2025-07-02T11:54:40Z;;2110;2083
2025-07-02T11:54:53Z;-321;;1789
2025-07-02T11:54:54Z;;2443;2122
2025-07-02T11:54:58Z;-620;;1823
2025-07-02T11:55:06Z;-582;;1861
2025-07-02T11:55:11Z;;2372;1790
2025-07-02T11:55:26Z;;2485;1903
2025-07-02T11:55:28Z;-613;;1872
2025-07-02T11:55:29Z;;2747;2134
2025-07-02T11:55:30Z;-986;;1761
2025-07-02T11:55:31Z;;3002;2016
2025-07-02T11:55:33Z;-1228;;1774
2025-07-02T11:55:34Z;;3326;2098
2025-07-02T11:55:37Z;;3265;2037
2025-07-02T11:55:40Z;-1189;;2076
2025-07-02T11:55:44Z;-839;;2426
2025-07-02T11:55:50Z;-572;;2693
2025-07-02T11:55:52Z;;2380;1808
2025-07-02T11:55:58Z;-252;;2128
2025-07-02T11:56:01Z;-325;;2055
2025-07-02T11:56:06Z;;2407;2082
2025-07-02T11:56:08Z;-663;;1744
2025-07-02T11:56:10Z;;2720;2057
2025-07-02T11:56:12Z;-925;;1795
2025-07-02T11:56:13Z;;3022;2097
2025-07-02T11:56:15Z;-1251;;1771
2025-07-02T11:56:17Z;-1548;;1474
2025-07-02T11:56:19Z;;3642;2094
2025-07-02T11:56:20Z;-1813;;1829
2025-07-02T11:56:23Z;;3931;2118
2025-07-02T11:56:30Z;-2108;;1823
2025-07-02T11:56:34Z;;4249;2141
2025-07-02T11:56:45Z;-2089;;2160
2025-07-02T11:56:48Z;;3829;1740
2025-07-02T11:56:51Z;-1695;;2134
2025-07-02T11:56:55Z;-1903;;1926
2025-07-02T11:56:56Z;;3952;2049
2025-07-02T11:56:58Z;-2112;;1840
2025-07-02T11:56:59Z;;4203;2091
2025-07-02T11:57:03Z;;4190;2078
2025-07-02T11:57:05Z;-2013;;2177
2025-07-02T11:57:06Z;;3805;1792
2025-07-02T11:57:08Z;-1713;3574;1861
2025-07-02T11:57:10Z;-1472;;2102
2025-07-02T11:57:11Z;;3276;1804
2025-07-02T11:57:13Z;-1117;;2159
2025-07-02T11:57:14Z;;2995;1878
2025-07-02T11:57:17Z;-867;;2128
2025-07-02T11:57:25Z;-917;;2078
2025-07-02T11:57:28Z;-859;;2136
2025-07-02T11:57:36Z;-911;;2084
2025-07-02T11:57:38Z;;3040;2129
2025-07-02T11:57:40Z;-1201;;1839
2025-07-02T11:57:42Z;;3313;2112
2025-07-02T11:57:45Z;-1559;;1754
2025-07-02T11:57:47Z;;3609;2050
2025-07-02T11:57:52Z;-1808;;1801
2025-07-02T11:57:55Z;;3916;2108
2025-07-02T11:57:59Z;-2113;;1803
2025-07-02T11:58:01Z;;4211;2098
2025-07-02T11:58:05Z;-2468;4514;2401
2025-07-02T11:58:07Z;-2708;;1806
2025-07-02T11:58:09Z;;4861;2153
2025-07-02T11:58:15Z;;4757;2049
2025-07-02T11:58:17Z;-2698;;2059
2025-07-02T11:58:22Z;;4451;1753
2025-07-02T11:58:25Z;-2393;;2058
2025-07-02T11:58:27Z;;4181;1788
2025-07-02T11:58:30Z;-2098;;2083
2025-07-02T11:58:33Z;-2141;;2040
2025-07-02T11:58:35Z;;4216;2075
2025-07-02T11:58:44Z;;4180;2039
2025-07-02T11:58:45Z;-2004;;2176
2025-07-02T11:58:47Z;-1755;;2425
2025-07-02T11:58:48Z;;3892;2137
2025-07-02T11:58:49Z;;3903;2148
2025-07-02T11:58:54Z;-1842;;2061
2025-07-02T11:59:03Z;;4226;2384
2025-07-02T11:59:08Z;-2108;;2118
2025-07-02T11:59:15Z;;4525;2417
2025-07-02T11:59:18Z;-2459;;2066
2025-07-02T11:59:20Z;;4821;2362
2025-07-02T11:59:28Z;;4743;2284
2025-07-02T11:59:31Z;-2374;4484;2025
2025-07-02T11:59:36Z;-2067;;2417
2025-07-02T11:59:38Z;;4191;2124
2025-07-02T11:59:42Z;-1743;;2448
2025-07-02T11:59:44Z;;3861;2118
2025-07-02T11:59:48Z;-1448;;2413
2025-07-02T11:59:49Z;;3598;2150
2025-07-02T12:00:06Z;;3623;2175
2025-07-02T12:00:08Z;-1286;;2337
2025-07-02T12:00:12Z;;3923;2637
2025-07-02T12:00:16Z;;3886;2600
2025-07-02T12:00:17Z;-1826;;2060
2025-07-02T12:00:19Z;;4238;2412
2025-07-02T12:00:21Z;-2156;;2082
2025-07-02T12:00:23Z;;4548;2392
2025-07-02T12:00:26Z;-2447;;2101
2025-07-02T12:00:35Z;;4826;2379
2025-07-02T12:01:23Z;;4794;2347
2025-07-02T12:03:09Z;-2382;;2412
2025-07-02T12:03:12Z;-2401;;2393
2025-07-02T12:03:14Z;-2397;;2397
2025-07-02T12:03:17Z;-2403;;2391
2025-07-02T12:03:20Z;-2397;;2397
2025-07-02T12:03:22Z;-2401;;2393
2025-07-02T12:03:27Z;-2398;;2396
2025-07-02T12:03:30Z;-2400;;2394
2025-07-02T12:03:47Z;-2397;;2397
2025-07-02T12:03:50Z;-2411;;2383
2025-07-02T12:04:22Z;-2396;;2398
2025-07-02T12:04:25Z;-2409;;2385
2025-07-02T12:04:28Z;-2393;;2401
2025-07-02T12:04:30Z;-2401;;2393
2025-07-02T12:04:34Z;-2394;;2400
2025-07-02T12:04:37Z;-2402;;2392
2025-07-02T12:04:41Z;-2371;;2423
2025-07-02T12:04:44Z;-2402;;2392
2025-07-02T12:05:07Z;-2398;;2396
2025-07-02T12:05:10Z;-2435;;2359
2025-07-02T12:05:46Z;-2398;;2396
2025-07-02T12:05:49Z;-2419;;2375
2025-07-02T12:06:06Z;-2381;;2413
2025-07-02T12:06:09Z;-2422;;2372
2025-07-02T12:06:12Z;-2398;;2396
2025-07-02T12:06:15Z;-2405;;2389
2025-07-02T12:06:37Z;-2396;;2398
2025-07-02T12:06:40Z;-2423;;2371
2025-07-02T12:06:42Z;-2381;;2413
2025-07-02T12:06:46Z;-2407;;2387
2025-07-02T12:06:49Z;-2382;;2412
2025-07-02T12:06:51Z;-2400;;2394
2025-07-02T12:06:53Z;-2390;;2404
2025-07-02T12:07:10Z;;4334;1944
2025-07-02T12:07:11Z;;4635;2245
2025-07-02T12:07:12Z;-2057;;2578
2025-07-02T12:07:14Z;-2384;;2251
2025-07-02T12:07:50Z;;4497;2113
2025-07-02T12:08:00Z;;4517;2133
2025-07-02T12:08:16Z;;4491;2107
2025-07-02T12:08:42Z;-2097;;2394
2025-07-02T12:08:52Z;-2104;;2387
2025-07-02T12:08:55Z;-2096;;2395
2025-07-02T12:08:57Z;-2110;;2381
2025-07-02T12:09:00Z;-2093;;2398
2025-07-02T12:09:01Z;;4165;2072
2025-07-02T12:09:05Z;-1793;;2372
2025-07-02T12:09:16Z;-1828;;2337
2025-07-02T12:09:22Z;;4206;2378
2025-07-02T12:09:25Z;-2101;;2105
2025-07-02T12:09:33Z;-2077;;2129
2025-07-02T12:09:36Z;;4168;2091
2025-07-02T12:09:41Z;-1780;;2388
2025-07-02T12:09:42Z;;3895;2115
2025-07-02T12:09:49Z;-1498;;2397
2025-07-02T12:09:52Z;;3589;2091
2025-07-02T12:10:00Z;-1174;;2415
2025-07-02T12:10:06Z;-1214;;2375
2025-07-02T12:10:13Z;;3634;2420
2025-07-02T12:10:16Z;-1527;;2107
2025-07-02T12:10:20Z;;3907;2380
2025-07-02T12:10:23Z;-1832;;2075
2025-07-02T12:10:32Z;;4207;2375
2025-07-02T12:10:48Z;;4186;2354
2025-07-02T12:10:56Z;-1777;;2409
2025-07-02T12:11:05Z;-1813;;2373
2025-07-02T12:11:12Z;;4208;2395
2025-07-02T12:11:32Z;;4185;2372
2025-07-02T12:11:48Z;-1774;;2411
2025-07-02T12:11:50Z;-1936;;2249
2025-07-02T12:12:21Z;-1792;;2393
2025-07-02T12:12:50Z;-1814;;2371
2025-07-02T12:12:57Z;;4215;2401
2025-07-02T12:13:00Z;-2118;;2097
2025-07-02T12:13:06Z;;4527;2409
2025-07-02T12:13:26Z;;4485;2367
2025-07-02T12:13:40Z;;4500;2382
2025-07-02T12:14:01Z;;4427;2309
2025-07-02T12:14:02Z;;4608;2490
2025-07-02T12:14:11Z;;4350;2232
2025-07-02T12:14:12Z;;4561;2443
2025-07-02T12:14:13Z;;4449;2331
2025-07-02T12:14:14Z;;4558;2440
2025-07-02T12:14:24Z;;4497;2379
2025-07-02T12:14:36Z;;4501;2383
2025-07-02T12:14:49Z;;4488;2370
2025-07-02T12:15:07Z;-2129;;2359
2025-07-02T12:15:15Z;;4506;2377
2025-07-02T12:15:17Z;;4449;2320
2025-07-02T12:16:20Z;;4496;2367
2025-07-02T12:16:22Z;;4500;2371
2025-07-02T12:16:23Z;;4497;2368
2025-07-02T12:17:03Z;;4501;2372
2025-07-02T12:17:44Z;;4499;2370
2025-07-02T12:17:45Z;;4504;2375
2025-07-02T12:18:44Z;;4498;2369
2025-07-02T12:18:45Z;;4500;2371
2025-07-02T12:18:50Z;;4499;2370
2025-07-02T12:18:51Z;;4502;2373
2025-07-02T12:18:56Z;;4492;2363
2025-07-02T12:18:58Z;;4500;2371
2025-07-02T12:19:01Z;;4496;2367
2025-07-02T12:20:01Z;-2043;;2453
2025-07-02T12:20:04Z;-2257;;2239
2025-07-02T12:30:07Z;-2147;;2349
2025-07-02T12:30:16Z;;4321;2174
2025-07-02T12:31:31Z;-2401;;1920
2025-07-02T12:31:34Z;-2392;;1929
2025-07-02T12:31:41Z;-2412;;1909
2025-07-02T12:31:45Z;-2399;;1922
2025-07-02T12:31:47Z;-2400;;1921
2025-07-02T12:31:50Z;-2389;;1932
2025-07-02T12:31:52Z;-2415;;1906
2025-07-02T12:31:58Z;-2399;;1922
2025-07-02T12:32:01Z;-2405;;1916
2025-07-02T12:32:03Z;-2397;;1924
2025-07-02T12:32:04Z;-2406;;1915
2025-07-02T12:32:06Z;-2398;;1923
2025-07-02T12:32:08Z;-2408;;1913
2025-07-02T12:32:11Z;-2393;;1928
2025-07-02T12:32:15Z;-2410;;1911
2025-07-02T12:32:30Z;-2399;;1922
2025-07-02T12:32:33Z;-2416;;1905
2025-07-02T12:32:36Z;-2227;;2094
2025-07-02T12:32:41Z;-2404;;1917
2025-07-02T12:32:44Z;-2375;;1946
2025-07-02T12:32:46Z;-2411;;1910
2025-07-02T12:32:52Z;-2394;;1927
2025-07-02T12:32:55Z;-2400;;1921
2025-07-02T12:32:57Z;-2399;;1922
2025-07-02T12:33:00Z;-2420;;1901
2025-07-02T12:33:01Z;-2397;;1924
2025-07-02T12:33:03Z;-2417;;1904
2025-07-02T12:33:06Z;-2382;;1939
2025-07-02T12:33:08Z;-2416;;1905
2025-07-02T12:33:17Z;-2388;;1933
2025-07-02T12:33:20Z;-2401;;1920
2025-07-02T12:33:22Z;-2382;;1939
2025-07-02T12:33:25Z;-2401;;1920
2025-07-02T12:33:28Z;-2398;;1923
2025-07-02T12:33:35Z;-2403;;1918
2025-07-02T12:33:54Z;-2394;;1927
2025-07-02T12:33:57Z;-2408;;1913
2025-07-02T12:33:59Z;-2371;;1950
2025-07-02T12:34:02Z;-2403;;1918
2025-07-02T12:34:05Z;-2388;;1933
2025-07-02T12:34:43Z;-2404;;1917
2025-07-02T12:34:46Z;-2399;;1922
2025-07-02T12:35:29Z;-2401;;1920
2025-07-02T12:35:32Z;-2395;;1926
2025-07-02T12:35:38Z;;4166;1771
2025-07-02T12:35:39Z;;4305;1910
2025-07-02T12:36:50Z;-2402;;1903
2025-07-02T12:36:54Z;-2395;;1910
2025-07-02T12:36:55Z;-2401;;1904
2025-07-02T12:36:56Z;-2395;;1910
2025-07-02T12:36:59Z;-2405;;1900
2025-07-02T12:37:01Z;-2398;;1907
2025-07-02T12:37:03Z;-2401;;1904
2025-07-02T12:37:05Z;-2383;;1922
2025-07-02T12:37:06Z;-2414;;1891
2025-07-02T12:37:13Z;-2368;;1937
2025-07-02T12:37:18Z;-2402;;1903
2025-07-02T12:37:21Z;-2397;;1908
2025-07-02T12:37:23Z;-2405;;1900
2025-07-02T12:37:26Z;-2391;;1914
2025-07-02T12:37:34Z;-2404;;1901
2025-07-02T12:37:36Z;-2386;;1919
2025-07-02T12:37:44Z;-2450;;1855
2025-07-02T12:38:03Z;-2248;;2057
2025-07-02T12:40:28Z;-2054;;2251
2025-07-02T12:41:14Z;-2102;;2203
2025-07-02T12:41:17Z;-2097;;2208
2025-07-02T12:41:20Z;-2102;;2203
2025-07-02T12:41:23Z;-2085;;2220
2025-07-02T12:41:31Z;;4114;2029
2025-07-02T12:41:32Z;;4275;2190
2025-07-02T12:41:58Z;-2100;;2175
2025-07-02T12:42:01Z;-2092;;2183
2025-07-02T12:42:21Z;-2106;;2169
2025-07-02T12:42:25Z;-2093;;2182
2025-07-02T12:42:28Z;-2104;;2171
2025-07-02T12:42:29Z;-2092;;2183
2025-07-02T12:42:32Z;-2100;;2175
2025-07-02T12:42:35Z;-2098;;2177
2025-07-02T12:42:41Z;-2108;;2167
2025-07-02T12:42:44Z;-2070;;2205
2025-07-02T12:42:51Z;-2102;;2173
2025-07-02T12:42:53Z;-2097;;2178
2025-07-02T12:42:57Z;-2100;;2175
2025-07-02T12:43:00Z;-2097;;2178
2025-07-02T12:43:02Z;-2100;;2175
2025-07-02T12:43:05Z;-2094;;2181
2025-07-02T12:43:08Z;-2104;4066;2171
2025-07-02T12:43:10Z;-1915;;2151
2025-07-02T12:43:13Z;-2108;;1958
2025-07-02T12:43:16Z;-2099;;1967
2025-07-02T12:43:18Z;-2107;;1959
2025-07-02T12:43:19Z;-2098;;1968
2025-07-02T12:43:21Z;-2104;;1962
2025-07-02T12:43:23Z;-2091;;1975
2025-07-02T12:43:25Z;-2100;;1966
2025-07-02T12:43:33Z;-2099;;1967
2025-07-02T12:43:36Z;-2144;;1922
2025-07-02T12:44:04Z;-2090;;1976
2025-07-02T12:44:05Z;-2102;;1964
2025-07-02T12:44:08Z;-2090;;1976
2025-07-02T12:44:12Z;-2102;;1964
2025-07-02T12:44:15Z;-2099;;1967
2025-07-02T12:44:17Z;-2100;;1966
2025-07-02T12:44:20Z;-2097;;1969
2025-07-02T12:44:23Z;-2102;;1964
2025-07-02T12:44:25Z;-2094;;1972
2025-07-02T12:44:27Z;-2107;;1959
2025-07-02T12:44:28Z;-2085;;1981
2025-07-02T12:44:30Z;-2106;;1960
2025-07-02T12:44:32Z;-2099;;1967
2025-07-02T12:44:35Z;-2100;;1966
2025-07-02T12:44:38Z;-2096;;1970
2025-07-02T12:44:40Z;-2103;;1963
2025-07-02T12:44:43Z;-2089;;1977
2025-07-02T12:44:46Z;-2105;;1961
2025-07-02T12:44:48Z;-2096;;1970
2025-07-02T12:44:51Z;-2102;;1964
2025-07-02T12:44:54Z;-2094;;1972
2025-07-02T12:44:55Z;-2112;;1954
2025-07-02T12:44:58Z;-2098;;1968
2025-07-02T12:45:01Z;-2101;;1965
2025-07-02T12:45:03Z;-2097;;1969
2025-07-02T12:45:06Z;-2104;;1962
2025-07-02T12:45:09Z;-2104;;1962
2025-07-02T12:45:11Z;-2094;;1972
2025-07-02T12:45:13Z;-2125;;1941
2025-07-02T12:45:14Z;-2097;;1969
2025-07-02T12:45:17Z;-2100;;1966
2025-07-02T12:45:18Z;;4282;2182
2025-07-02T12:45:20Z;-2099;;2183
2025-07-02T12:45:22Z;-2104;;2178
2025-07-02T12:45:24Z;-2094;;2188
2025-07-02T12:45:26Z;-2107;;2175
2025-07-02T12:45:29Z;-2097;;2185
2025-07-02T12:45:32Z;-2101;;2181
2025-07-02T12:45:34Z;-2099;;2183
2025-07-02T12:45:37Z;-2109;;2173
2025-07-02T12:45:41Z;-2099;;2183
2025-07-02T12:45:44Z;-2106;;2176
2025-07-02T12:45:47Z;-2096;;2186
2025-07-02T12:45:48Z;-2108;;2174
2025-07-02T12:45:50Z;-2099;;2183
2025-07-02T12:45:53Z;-2101;;2181
2025-07-02T12:45:56Z;-2093;;2189
2025-07-02T12:45:58Z;-2102;;2180
2025-07-02T12:46:01Z;-2090;;2192
2025-07-02T12:46:02Z;-2103;;2179
2025-07-02T12:46:06Z;-2090;;2192
2025-07-02T12:46:08Z;-2100;;2182
2025-07-02T12:46:11Z;-2096;;2186
2025-07-02T12:46:12Z;-2103;;2179
2025-07-02T12:46:33Z;-2098;;2184
2025-07-02T12:46:36Z;-2104;;2178
2025-07-02T12:46:37Z;-2098;;2184
2025-07-02T12:46:40Z;-2110;;2172
2025-07-02T12:46:43Z;-2099;;2183
2025-07-02T12:46:45Z;-2103;;2179
2025-07-02T12:46:48Z;-2093;;2189
2025-07-02T12:46:50Z;-2113;;2169
2025-07-02T12:46:52Z;-2094;;2188
2025-07-02T12:46:55Z;-2114;;2168
2025-07-02T12:46:58Z;-2093;;2189
2025-07-02T12:47:01Z;-2108;;2174
2025-07-02T12:47:02Z;-2098;;2184
2025-07-02T12:47:04Z;-2112;;2170
2025-07-02T12:47:06Z;-2096;;2186
2025-07-02T12:47:09Z;-2107;;2175
2025-07-02T12:47:16Z;-2094;;2188
2025-07-02T12:47:19Z;-2112;;2170
2025-07-02T12:47:21Z;-2095;;2187
2025-07-02T12:47:24Z;-2108;;2174
2025-07-02T12:47:33Z;-2083;;2199
2025-07-02T12:47:36Z;-2111;;2171
2025-07-02T12:47:47Z;-2089;;2193
2025-07-02T12:47:48Z;-2106;;2176
2025-07-02T12:47:51Z;-2080;;2202
2025-07-02T12:47:53Z;-2106;;2176
2025-07-02T12:47:56Z;-2089;;2193
2025-07-02T12:47:59Z;-2109;;2173
2025-07-02T12:48:23Z;-2093;;2189
2025-07-02T12:48:26Z;-2116;;2166
2025-07-02T12:48:27Z;-2082;;2200
2025-07-02T12:48:29Z;-2109;;2173
2025-07-02T12:48:32Z;-2077;;2205
2025-07-02T12:48:34Z;-2112;;2170
2025-07-02T12:48:37Z;-2097;;2185
2025-07-02T12:48:40Z;-2102;;2180
2025-07-02T12:48:42Z;-2099;;2183
2025-07-02T12:48:43Z;-2109;;2173
2025-07-02T12:48:47Z;-2094;;2188
2025-07-02T12:48:50Z;-2111;;2171
2025-07-02T12:48:53Z;-2099;;2183
2025-07-02T12:48:56Z;-2107;;2175
2025-07-02T12:48:58Z;-2079;;2203
2025-07-02T12:49:00Z;-2106;;2176
2025-07-02T12:49:03Z;-2088;;2194
2025-07-02T12:49:06Z;-2110;;2172
2025-07-02T12:49:08Z;-2096;;2186
2025-07-02T12:49:11Z;-2108;;2174
2025-07-02T12:49:14Z;-2085;;2197
2025-07-02T12:49:15Z;-2104;;2178
2025-07-02T12:49:17Z;-2097;;2185
2025-07-02T12:49:20Z;-2100;;2182
2025-07-02T12:49:23Z;-2089;;2193
2025-07-02T12:49:25Z;-2107;;2175
2025-07-02T12:49:28Z;-2093;;2189
2025-07-02T12:49:31Z;-2104;;2178
2025-07-02T12:49:33Z;-2082;;2200
2025-07-02T12:49:35Z;-2106;;2176
2025-07-02T12:49:37Z;-2095;;2187
2025-07-02T12:49:40Z;-2101;;2181
2025-07-02T12:49:42Z;-2096;;2186
2025-07-02T12:49:45Z;-2101;;2181
2025-07-02T12:49:48Z;-2092;;2190
2025-07-02T12:49:49Z;-2102;;2180
2025-07-02T12:49:51Z;-2092;;2190
2025-07-02T12:49:54Z;-2101;;2181
2025-07-02T12:49:56Z;-2099;;2183
2025-07-02T12:49:59Z;-2105;;2177
2025-07-02T12:50:02Z;-2091;;2191
2025-07-02T12:50:04Z;-2101;;2181
2025-07-02T12:50:07Z;-2092;;2190
2025-07-02T12:50:10Z;-2102;;2180
2025-07-02T12:50:12Z;-2098;;2184
2025-07-02T12:50:15Z;-2100;;2182
2025-07-02T12:50:16Z;-2099;;2183
2025-07-02T12:50:18Z;-2102;;2180
2025-07-02T12:50:21Z;-2089;;2193
2025-07-02T12:50:23Z;-2102;;2180
2025-07-02T12:50:26Z;-2096;;2186
2025-07-02T12:50:29Z;-2100;;2182
2025-07-02T12:50:31Z;-2091;;2191
2025-07-02T12:50:33Z;-2102;;2180
2025-07-02T12:50:34Z;-2099;;2183
2025-07-02T12:50:38Z;-2102;;2180
2025-07-02T12:50:41Z;-2098;;2184
2025-07-02T12:50:43Z;-2104;;2178
2025-07-02T12:50:46Z;-2099;;2183
2025-07-02T12:50:49Z;-2102;;2180
2025-07-02T12:50:51Z;-2099;;2183
2025-07-02T12:50:53Z;-2101;;2181
2025-07-02T12:50:55Z;-2096;;2186
2025-07-02T12:51:01Z;-2100;;2182
2025-07-02T12:51:04Z;-2080;;2202
2025-07-02T12:51:06Z;-2100;;2182
2025-07-02T12:51:09Z;-2094;;2188
2025-07-02T12:51:12Z;-2100;;2182
2025-07-02T12:51:15Z;-2096;;2186
2025-07-02T12:51:18Z;-2101;;2181
2025-07-02T12:51:20Z;-2099;;2183
2025-07-02T12:51:23Z;-2101;;2181
2025-07-02T12:51:26Z;-2093;;2189
2025-07-02T12:51:28Z;-2103;;2179
2025-07-02T12:51:31Z;-2097;;2185
2025-07-02T12:51:34Z;-2101;;2181
2025-07-02T12:51:38Z;-2099;;2183
2025-07-02T12:51:39Z;-2101;;2181
2025-07-02T12:51:41Z;-2090;;2192
2025-07-02T12:51:44Z;-2100;;2182
2025-07-02T12:51:47Z;-2083;;2199
2025-07-02T12:51:49Z;-2103;;2179
2025-07-02T12:51:52Z;-2099;;2183
2025-07-02T12:51:55Z;-2100;;2182
2025-07-02T12:51:57Z;-2086;;2196
2025-07-02T12:51:59Z;-2104;;2178
2025-07-02T12:52:01Z;-2091;;2191
2025-07-02T12:52:07Z;-2104;;2178
2025-07-02T12:52:10Z;-2099;;2183
2025-07-02T12:52:12Z;-2101;;2181
2025-07-02T12:52:14Z;-2090;;2192
2025-07-02T12:52:15Z;-2103;;2179
2025-07-02T12:52:17Z;-2099;;2183
2025-07-02T12:52:19Z;-2101;;2181
2025-07-02T12:52:21Z;-2089;4127;2193
2025-07-02T12:52:22Z;-2111;;2016
2025-07-02T12:52:24Z;-1930;;2197
2025-07-02T12:52:26Z;-2112;;2015
2025-07-02T12:52:28Z;-2093;;2034
2025-07-02T12:52:30Z;-2114;;2013
2025-07-02T12:52:48Z;-2086;;2041
2025-07-02T12:52:50Z;-2113;;2014
2025-07-02T12:53:01Z;-2096;;2031
2025-07-02T12:53:03Z;-2105;;2022
2025-07-02T12:53:24Z;;4111;2006
2025-07-02T12:53:25Z;-1964;;2147
2025-07-02T12:53:26Z;-2115;4277;2313
2025-07-02T12:53:28Z;-2092;;2185
2025-07-02T12:53:29Z;;4079;1987
2025-07-02T12:53:31Z;-2110;4275;2183
2025-07-02T12:53:32Z;-2046;;2229
2025-07-02T12:53:34Z;-2107;;2168
2025-07-02T12:53:36Z;-2093;;2182
2025-07-02T12:53:37Z;-2106;;2169
2025-07-02T12:53:39Z;-2083;;2192
2025-07-02T12:53:44Z;-2105;;2170
2025-07-02T12:53:46Z;-2098;;2177
2025-07-02T12:53:48Z;-2106;;2169
2025-07-02T12:53:52Z;-2093;;2182
2025-07-02T12:53:56Z;-2106;;2169
2025-07-02T12:53:58Z;-2079;;2196
2025-07-02T12:54:00Z;-2103;;2172
2025-07-02T12:54:01Z;-2096;;2179
2025-07-02T12:54:05Z;-2105;;2170
2025-07-02T12:54:07Z;-2095;;2180
2025-07-02T12:54:09Z;-2100;;2175
2025-07-02T12:54:11Z;-2099;;2176
2025-07-02T12:54:13Z;-2103;;2172
2025-07-02T12:54:17Z;-2098;;2177
2025-07-02T12:54:24Z;-2100;;2175
2025-07-02T12:54:26Z;-2098;;2177
2025-07-02T12:56:24Z;-2186;;2089
2025-07-02T13:00:07Z;-2126;;2149
2025-07-02T13:00:16Z;;4242;2116
2025-07-02T13:00:34Z;;4022;1896
2025-07-02T13:00:35Z;;4246;2120
2025-07-02T13:00:36Z;-1904;;2342
2025-07-02T13:00:38Z;-2124;;2122
2025-07-02T13:01:33Z;;4166;2042
2025-07-02T13:01:34Z;-1974;;2192
2025-07-02T13:01:35Z;;4236;2262
2025-07-02T13:01:37Z;-2126;;2110
2025-07-02T13:01:56Z;-2091;;2145
2025-07-02T13:01:59Z;-2115;;2121
2025-07-02T13:04:18Z;-2003;;2233
2025-07-02T13:04:19Z;-2120;;2116
2025-07-02T13:04:22Z;;4075;1955
2025-07-02T13:04:23Z;;4231;2111
2025-07-02T13:04:24Z;-2020;;2211
2025-07-02T13:04:26Z;-2143;;2088
2025-07-02T13:05:16Z;-2093;;2138
2025-07-02T13:05:17Z;-2100;;2131
2025-07-02T13:05:20Z;-2084;;2147
2025-07-02T13:05:22Z;-2109;;2122
2025-07-02T13:05:25Z;-2084;;2147
2025-07-02T13:05:26Z;-2110;;2121
2025-07-02T13:05:29Z;-2099;;2132
2025-07-02T13:05:32Z;-2116;;2115
2025-07-02T13:05:34Z;-2083;;2148
2025-07-02T13:05:36Z;-2102;;2129
2025-07-02T13:05:45Z;-2091;;2140
2025-07-02T13:05:47Z;-2100;;2131
2025-07-02T13:05:50Z;-2088;;2143
2025-07-02T13:05:53Z;-2102;;2129
2025-07-02T13:05:55Z;-2090;;2141
2025-07-02T13:05:57Z;-2112;;2119
2025-07-02T13:05:59Z;-2090;;2141
2025-07-02T13:06:02Z;-2101;;2130
2025-07-02T13:06:05Z;-2097;;2134
2025-07-02T13:06:07Z;-2105;;2126
2025-07-02T13:06:08Z;-1948;;2283
2025-07-02T13:06:11Z;-2106;;2125
2025-07-02T13:06:13Z;;4011;1905
2025-07-02T13:06:15Z;-2061;;1950
2025-07-02T13:06:17Z;-2115;;1896
2025-07-02T13:06:19Z;-2095;;1916
2025-07-02T13:06:20Z;-2103;;1908
2025-07-02T13:06:23Z;-2097;;1914
2025-07-02T13:06:26Z;-2111;;1900
2025-07-02T13:06:28Z;-2093;;1918
2025-07-02T13:06:31Z;-2125;;1886
2025-07-02T13:06:34Z;-2099;;1912
2025-07-02T13:06:37Z;-2109;;1902
2025-07-02T13:06:40Z;-2099;;1912
2025-07-02T13:06:42Z;-2104;;1907
2025-07-02T13:06:45Z;-2093;;1918
2025-07-02T13:06:46Z;-2113;;1898
2025-07-02T13:06:48Z;-2098;;1913
2025-07-02T13:06:50Z;-2108;;1903
2025-07-02T13:06:53Z;-2094;;1917
2025-07-02T13:06:55Z;-2101;;1910
2025-07-02T13:06:58Z;-2094;;1917
2025-07-02T13:07:01Z;-2105;;1906
2025-07-02T13:07:02Z;-2097;;1914
2025-07-02T13:07:04Z;-2105;;1906
2025-07-02T13:07:08Z;-2087;;1924
2025-07-02T13:07:10Z;-2110;;1901
2025-07-02T13:07:13Z;-2099;;1912
2025-07-02T13:07:15Z;-2110;;1901
2025-07-02T13:07:16Z;-2086;;1925
2025-07-02T13:07:19Z;-2101;;1910
2025-07-02T13:07:22Z;-2098;;1913
2025-07-02T13:07:24Z;-2102;;1909
2025-07-02T13:07:27Z;-2096;;1915
2025-07-02T13:07:28Z;-2100;;1911
2025-07-02T13:07:32Z;-2099;;1912
2025-07-02T13:07:34Z;-2099;;1912
2025-07-02T13:07:37Z;-2098;;1913
2025-07-02T13:07:38Z;-2100;;1911
2025-07-02T13:07:41Z;-2092;;1919
2025-07-02T13:07:44Z;-2108;;1903
2025-07-02T13:07:46Z;-2090;;1921
2025-07-02T13:07:47Z;-2100;;1911
2025-07-02T13:07:50Z;-2089;;1922
2025-07-02T13:07:53Z;-2100;;1911
2025-07-02T13:07:54Z;-2082;;1929
2025-07-02T13:07:57Z;-2100;;1911
2025-07-02T13:08:00Z;-2080;;1931
2025-07-02T13:08:02Z;-2106;;1905
2025-07-02T13:08:03Z;;4006;1900
2025-07-02T13:08:04Z;;4206;2100
2025-07-02T13:08:06Z;-2095;;2111
2025-07-02T13:08:09Z;-2109;;2097
2025-07-02T13:08:11Z;-2078;;2128
2025-07-02T13:08:13Z;-2102;;2104
2025-07-02T13:08:16Z;-1878;;2328
2025-07-02T13:08:19Z;-2102;;2104
2025-07-02T13:08:21Z;-2071;;2135
2025-07-02T13:08:23Z;-2107;;2099
2025-07-02T13:08:25Z;-2098;;2108
2025-07-02T13:08:28Z;-2111;;2095
2025-07-02T13:08:29Z;;4133;2022
2025-07-02T13:08:31Z;-2095;;2038
2025-07-02T13:08:32Z;;4205;2110
2025-07-02T13:08:34Z;-2101;;2104
2025-07-02T13:08:37Z;-2093;;2112
2025-07-02T13:08:40Z;-2102;;2103
2025-07-02T13:08:45Z;;4199;2097
2025-07-02T13:08:46Z;;4207;2105
2025-07-02T13:08:47Z;-2089;;2118
2025-07-02T13:08:49Z;-2149;;2058
2025-07-02T13:08:57Z;;4199;2050
2025-07-02T13:08:59Z;;4208;2059
2025-07-02T13:09:09Z;;4197;2048
2025-07-02T13:09:11Z;;4207;2058
2025-07-02T13:09:21Z;;4192;2043
2025-07-02T13:09:23Z;;4202;2053
2025-07-02T13:09:27Z;;4199;2050
2025-07-02T13:09:29Z;-2099;4200;2051
2025-07-02T13:09:30Z;-2111;;2089
2025-07-02T13:09:32Z;;4199;2088
2025-07-02T13:09:35Z;-2099;4200;2089
2025-07-02T13:09:36Z;;4198;2099
2025-07-02T13:09:37Z;;4200;2101
2025-07-02T13:09:38Z;-2112;4199;2087
2025-07-02T13:09:40Z;-2090;;2109
2025-07-02T13:09:41Z;;4202;2112
2025-07-02T13:09:44Z;-2106;;2096
2025-07-02T13:09:45Z;;4193;2087
2025-07-02T13:09:47Z;-2098;4203;2105
2025-07-02T13:09:50Z;-2117;;2086
2025-07-02T13:09:53Z;-2098;;2105
2025-07-02T13:09:55Z;;4196;2098
2025-07-02T13:09:56Z;-2105;;2091
2025-07-02T13:09:57Z;;4201;2096
2025-07-02T13:09:58Z;-2097;;2104
2025-07-02T13:10:00Z;-2116;;2085
2025-07-02T13:10:03Z;-2097;;2104
2025-07-02T13:10:06Z;-2115;;2086
2025-07-02T13:10:08Z;-2086;;2115
2025-07-02T13:10:09Z;-2103;4194;2108
2025-07-02T13:10:11Z;;4203;2100
2025-07-02T13:10:12Z;-2094;;2109
2025-07-02T13:10:16Z;-2114;;2089
2025-07-02T13:10:17Z;;4200;2086
2025-07-02T13:10:21Z;;4193;2079
2025-07-02T13:10:23Z;;4204;2090
2025-07-02T13:11:05Z;;4199;2085
2025-07-02T13:11:06Z;;4200;2086
2025-07-02T13:11:57Z;;4199;2085
2025-07-02T13:11:59Z;;4207;2093
2025-07-02T13:12:09Z;;4196;2082
2025-07-02T13:12:11Z;;4205;2091
2025-07-02T13:12:21Z;;4190;2076
2025-07-02T13:12:23Z;;4201;2087
2025-07-02T13:12:27Z;;4196;2082
2025-07-02T13:12:30Z;;4201;2087
2025-07-02T13:12:31Z;;4199;2085
2025-07-02T13:13:11Z;;4200;2086
2025-07-02T13:13:15Z;;4196;2082
2025-07-02T13:13:26Z;;4200;2086
2025-07-02T13:13:32Z;;4201;2087
2025-07-02T13:13:33Z;;4190;2076
2025-07-02T13:13:35Z;;4203;2089
2025-07-02T13:13:45Z;;4196;2082
2025-07-02T13:13:47Z;;4206;2092
2025-07-02T13:13:57Z;;4196;2082
2025-07-02T13:13:59Z;;4207;2093
2025-07-02T13:14:09Z;;4196;2082
2025-07-02T13:14:11Z;;4207;2093
2025-07-02T13:14:21Z;;4196;2082
2025-07-02T13:14:23Z;;4207;2093
2025-07-02T13:14:33Z;;4193;2079
2025-07-02T13:14:35Z;;4204;2090
2025-07-02T13:14:40Z;;4199;2085
2025-07-02T13:14:41Z;;4201;2087
2025-07-02T13:14:44Z;;4199;2085
2025-07-02T13:14:47Z;;4200;2086
2025-07-02T13:14:51Z;;4197;2083
2025-07-02T13:14:54Z;;4200;2086
2025-07-02T13:14:55Z;;4197;2083
2025-07-02T13:15:07Z;-2328;;1869
2025-07-02T13:15:16Z;;4195;1867
2025-07-02T13:17:00Z;-2099;;2096
2025-07-02T13:17:03Z;-2101;;2094
2025-07-02T13:17:06Z;-2090;;2105
2025-07-02T13:17:28Z;-2104;;2091
2025-07-02T13:17:30Z;-2071;;2124
2025-07-02T13:21:30Z;;3898;1827
2025-07-02T13:21:32Z;-1795;;2103
2025-07-02T13:21:45Z;-1817;3904;2109
2025-07-02T13:21:58Z;-1776;3869;2052
2025-07-02T13:22:08Z;;3906;2130
2025-07-02T13:22:09Z;-1804;;2102
2025-07-02T13:24:40Z;;3864;2060
2025-07-02T13:24:41Z;-1776;;2088
2025-07-02T13:24:46Z;;3919;2143
2025-07-02T13:24:47Z;-1832;;2087
2025-07-02T13:25:44Z;-2103;;1816
2025-07-02T13:25:46Z;-2083;;1836
2025-07-02T13:26:05Z;-2115;;1804
2025-07-02T13:26:06Z;-2093;;1826
2025-07-02T13:26:12Z;-2102;;1817
2025-07-02T13:26:14Z;-2093;;1826
2025-07-02T13:27:00Z;;4201;2108
2025-07-02T13:27:01Z;-2101;;2100
2025-07-02T13:27:03Z;-2092;;2109
2025-07-02T13:27:05Z;;4203;2111
2025-07-02T13:27:08Z;;4117;2025
2025-07-02T13:27:09Z;;4200;2108
2025-07-02T13:27:16Z;-2106;;2094
2025-07-02T13:27:17Z;;4199;2093
2025-07-02T13:27:19Z;-2083;;2116
2025-07-02T13:27:20Z;-2102;4201;2097
2025-07-02T13:27:22Z;-2098;;2103
2025-07-02T13:27:24Z;-2103;;2098
2025-07-02T13:27:26Z;-2091;;2110
2025-07-02T13:27:28Z;-2101;;2100
2025-07-02T13:27:30Z;-2090;;2111
2025-07-02T13:27:32Z;-2101;;2100
2025-07-02T13:27:33Z;-2098;;2103
2025-07-02T13:27:35Z;-2103;;2098
2025-07-02T13:27:41Z;-2085;;2116
2025-07-02T13:27:43Z;-2106;;2095
2025-07-02T13:27:45Z;-2080;;2121
2025-07-02T13:27:48Z;-2100;;2101
2025-07-02T13:27:52Z;-2097;;2104
2025-07-02T13:27:55Z;-2108;;2093
2025-07-02T13:28:02Z;-2099;;2102
2025-07-02T13:28:04Z;-2109;;2092
2025-07-02T13:28:05Z;-2099;;2102
2025-07-02T13:28:08Z;-2105;;2096
2025-07-02T13:28:12Z;-2098;;2103
2025-07-02T13:28:14Z;-2104;;2097
2025-07-02T13:28:16Z;-2089;;2112
2025-07-02T13:28:18Z;-2108;;2093
2025-07-02T13:28:19Z;-2092;;2109
2025-07-02T13:28:21Z;-2101;;2100
2025-07-02T13:28:24Z;-2094;;2107
2025-07-02T13:28:31Z;-2105;;2096
2025-07-02T13:28:34Z;-2097;;2104
2025-07-02T13:28:39Z;-2101;;2100
2025-07-02T13:28:41Z;-2084;;2117
2025-07-02T13:28:44Z;-2102;;2099
2025-07-02T13:28:46Z;-2096;;2105
2025-07-02T13:28:48Z;-2101;;2100
2025-07-02T13:28:49Z;-2079;;2122
2025-07-02T13:28:51Z;-2104;;2097
2025-07-02T13:28:53Z;-2071;;2130
2025-07-02T13:28:56Z;-2106;;2095
2025-07-02T13:28:58Z;-2097;;2104
2025-07-02T13:29:00Z;-2106;;2095
2025-07-02T13:29:02Z;-2097;;2104
2025-07-02T13:29:03Z;-2105;;2096
2025-07-02T13:29:05Z;-1915;4049;1944
2025-07-02T13:29:06Z;;4210;2295
2025-07-02T13:29:09Z;-2101;;2109
2025-07-02T13:29:11Z;-2096;;2114
2025-07-02T13:29:13Z;-2103;;2107
2025-07-02T13:29:16Z;-2098;;2112
2025-07-02T13:29:19Z;-2101;;2109
2025-07-02T13:29:21Z;-2098;;2112
2025-07-02T13:29:22Z;-2101;;2109
2025-07-02T13:29:24Z;-2090;;2120
2025-07-02T13:29:53Z;;4196;2106
2025-07-02T13:29:55Z;;4206;2116
2025-07-02T13:30:00Z;;4199;2109
2025-07-02T13:30:01Z;;4205;2115
2025-07-02T13:30:05Z;;4193;2103
2025-07-02T13:30:07Z;;4202;2112
2025-07-02T13:30:09Z;-2079;;2123
2025-07-02T13:30:10Z;;4199;2120
2025-07-02T13:30:16Z;;4201;2122
2025-07-02T13:30:18Z;;4195;2116
2025-07-02T13:30:19Z;;4189;2110
2025-07-02T13:30:20Z;;4200;2121
2025-07-02T13:30:23Z;;4197;2118
2025-07-02T13:30:39Z;;4200;2121
2025-07-02T13:30:41Z;;4192;2113
2025-07-02T13:30:43Z;;4204;2125
2025-07-02T13:30:53Z;;4199;2120
2025-07-02T13:30:54Z;;4201;2122
2025-07-02T13:32:01Z;-2101;;2100
2025-07-02T13:32:04Z;-2096;;2105
2025-07-02T13:32:07Z;-2101;;2100
2025-07-02T13:32:10Z;-2097;;2104
2025-07-02T13:32:12Z;-2101;;2100
2025-07-02T13:32:15Z;-2093;;2108
2025-07-02T13:32:18Z;-2104;;2097
2025-07-02T13:32:20Z;-2096;;2105
2025-07-02T13:32:23Z;-2100;;2101
2025-07-02T13:32:26Z;-2096;;2105
2025-07-02T13:32:58Z;-2102;;2099
2025-07-02T13:33:02Z;-2090;;2111
2025-07-02T13:33:04Z;-2101;;2100
2025-07-02T13:33:06Z;-1869;;2332
2025-07-02T13:33:43Z;-2103;;2098
2025-07-02T13:33:46Z;-2099;;2102
2025-07-02T13:33:48Z;-2102;;2099
2025-07-02T13:33:51Z;-2097;;2104
2025-07-02T13:33:53Z;-2103;;2098
2025-07-02T13:33:56Z;-2092;;2109
2025-07-02T13:33:59Z;-2110;;2091
2025-07-02T13:34:01Z;-2095;;2106
2025-07-02T13:34:04Z;-2107;;2094
2025-07-02T13:34:07Z;-2097;;2104
2025-07-02T13:34:09Z;-2100;;2101
2025-07-02T13:34:11Z;-2094;;2107
2025-07-02T13:34:12Z;-2104;;2097
2025-07-02T13:34:14Z;-2092;;2109
2025-07-02T13:34:16Z;-2119;;2082
2025-07-02T13:34:19Z;-2096;;2105
2025-07-02T13:34:24Z;-2109;;2092
2025-07-02T13:34:26Z;-1975;;2226
2025-07-02T13:34:27Z;-2121;;2080
2025-07-02T13:35:06Z;-2089;;2112
2025-07-02T13:35:09Z;-2122;;2079
2025-07-02T13:35:22Z;-2092;;2109
2025-07-02T13:35:25Z;-2121;;2080
2025-07-02T13:35:27Z;-2095;;2106
2025-07-02T13:35:30Z;-2123;;2078
2025-07-02T13:36:26Z;-2099;;2102
2025-07-02T13:36:29Z;-2100;;2101
2025-07-02T13:36:31Z;-2097;;2104
2025-07-02T13:36:34Z;-2112;;2089
2025-07-02T13:36:37Z;-2099;;2102
2025-07-02T13:36:39Z;-2101;;2100
2025-07-02T13:36:42Z;-2095;;2106
2025-07-02T13:36:45Z;-2105;;2096
2025-07-02T13:36:47Z;-2095;;2106
2025-07-02T13:36:50Z;-2102;;2099
2025-07-02T13:36:52Z;-2096;;2105
2025-07-02T13:36:55Z;-2105;;2096
2025-07-02T13:36:58Z;-2090;;2111
2025-07-02T13:37:00Z;-2105;;2096
2025-07-02T13:37:03Z;-2099;;2102
2025-07-02T13:37:07Z;-2103;;2098
2025-07-02T13:37:11Z;-2091;;2110
2025-07-02T13:37:14Z;-2109;;2092
2025-07-02T13:37:16Z;-2095;;2106
2025-07-02T13:37:25Z;-2105;;2096
2025-07-02T13:37:28Z;-2094;;2107
2025-07-02T13:37:51Z;;4198;2104
2025-07-02T13:37:55Z;;4209;2115
2025-07-02T13:38:03Z;;4189;2095
2025-07-02T13:38:06Z;;4200;2106
2025-07-02T13:38:13Z;;4196;2102
2025-07-02T13:38:17Z;;4204;2110
2025-07-02T13:38:25Z;;4199;2105
2025-07-02T13:38:29Z;;4205;2111
2025-07-02T13:38:37Z;;4197;2103
2025-07-02T13:38:41Z;;4202;2108
2025-07-02T13:38:53Z;;4203;2109
2025-07-02T13:39:05Z;;4202;2108
2025-07-02T13:39:13Z;;4195;2101
2025-07-02T13:39:17Z;;4200;2106
2025-07-02T13:39:18Z;-2109;;2091
2025-07-02T13:39:19Z;-2079;;2121
2025-07-02T13:44:12Z;;3895;1816
2025-07-02T13:44:13Z;;4041;1962
2025-07-02T13:45:08Z;-1903;;2138
2025-07-02T13:45:16Z;;4023;2120
2025-07-02T13:46:43Z;;3829;1926
2025-07-02T13:46:44Z;;3969;2066
2025-07-02T13:50:19Z;;3898;1995
2025-07-02T13:50:21Z;;3901;1998
2025-07-02T13:50:22Z;;3897;1994
2025-07-02T13:53:19Z;;3900;1997
2025-07-02T13:53:23Z;;3896;1993
2025-07-02T13:53:32Z;;3902;1999
2025-07-02T13:53:35Z;;3897;1994
2025-07-02T13:53:37Z;;3900;1997
2025-07-02T13:53:39Z;;3893;1990
2025-07-02T13:55:58Z;-1788;;2105
2025-07-02T13:59:10Z;-1807;;2086
2025-07-02T13:59:13Z;-1792;;2101
2025-07-02T13:59:16Z;-1808;;2085
2025-07-02T13:59:26Z;-1801;;2092
2025-07-02T13:59:27Z;-1795;;2098
2025-07-02T13:59:36Z;-1801;;2092
2025-07-02T13:59:39Z;-1796;;2097
2025-07-02T13:59:41Z;-1801;;2092
2025-07-02T13:59:44Z;-1796;;2097
2025-07-02T13:59:53Z;-1800;;2093
2025-07-02T13:59:56Z;-1795;;2098
2025-07-02T13:59:57Z;-1802;;2091
2025-07-02T13:59:59Z;-1788;;2105
2025-07-02T14:00:01Z;-1801;;2092
2025-07-02T14:00:02Z;-1796;;2097
2025-07-02T14:00:04Z;-1801;;2092
2025-07-02T14:00:06Z;-1791;;2102
2025-07-02T14:00:09Z;-1778;;2115
2025-07-02T14:00:16Z;;3879;2101
2025-07-02T14:04:15Z;;3589;1811
2025-07-02T14:04:17Z;-1485;;2104
2025-07-02T14:05:01Z;-1508;;2081
2025-07-02T14:05:03Z;-1494;;2095
2025-07-02T14:05:05Z;-1501;;2088
2025-07-02T14:05:14Z;-1496;;2093
2025-07-02T14:05:16Z;-1505;;2084
2025-07-02T14:05:20Z;;3600;2095
2025-07-02T14:11:58Z;-1495;;2105
2025-07-02T14:12:01Z;-1520;;2080
2025-07-02T14:12:03Z;-741;;2859
2025-07-02T14:12:06Z;-261;;3339
2025-07-02T14:12:15Z;-1611;;1989
2025-07-02T14:12:18Z;-1458;;2142
2025-07-02T14:12:21Z;-233;;3367
2025-07-02T14:12:35Z;-1565;;2035
2025-07-02T14:12:38Z;-1427;;2173
2025-07-02T14:12:40Z;-1025;;2575
2025-07-02T14:12:43Z;-166;;3434
2025-07-02T14:12:45Z;-1504;;2096
2025-07-02T14:12:46Z;-1497;;2103
2025-07-02T14:12:49Z;-1501;;2099
2025-07-02T14:12:52Z;-1496;;2104
2025-07-02T14:12:53Z;;3596;2100
2025-07-02T14:13:47Z;;3604;2108
2025-07-02T14:13:48Z;-1502;;2102
2025-07-02T14:15:08Z;-1607;;1997
2025-07-02T14:15:16Z;;3730;2123
2025-07-02T14:21:51Z;;3699;2092
2025-07-02T14:21:52Z;-1432;;2267
2025-07-02T14:21:55Z;-1602;;2097
2025-07-02T14:22:33Z;;3521;1919
2025-07-02T14:22:34Z;;3691;2089
2025-07-02T14:22:35Z;-1469;;2222
2025-07-02T14:22:38Z;-1598;;2093
2025-07-02T14:23:35Z;;3599;2001
2025-07-02T14:23:42Z;-1490;;2109
2025-07-02T14:24:36Z;;3282;1792
2025-07-02T14:24:37Z;-1188;;2094
2025-07-02T14:24:45Z;;2999;1811
2025-07-02T14:24:46Z;-892;;2107
2025-07-02T14:24:57Z;;2669;1777
2025-07-02T14:24:59Z;-579;;2090
2025-07-02T14:25:04Z;;2395;1816
2025-07-02T14:25:05Z;-290;;2105
2025-07-02T14:25:12Z;;2099;1809
2025-07-02T14:25:14Z;17;;2116
2025-07-02T14:25:20Z;;1794;1811
2025-07-02T14:25:22Z;310;;2104
2025-07-02T14:25:29Z;299;;2093
2025-07-02T14:25:32Z;;1828;2127
2025-07-02T14:25:40Z;-28;2100;2399
2025-07-02T14:25:51Z;-325;;1775
2025-07-02T14:25:52Z;;2419;2094
2025-07-02T14:26:00Z;-634;2743;2418
2025-07-02T14:26:04Z;;3003;2369
2025-07-02T14:26:06Z;-933;;2070
2025-07-02T14:26:12Z;;3300;2367
2025-07-02T14:26:14Z;-1223;;2077
2025-07-02T14:26:29Z;-1501;;1799
2025-07-02T14:26:30Z;;3600;2099
2025-07-02T14:26:31Z;;3592;2091
2025-07-02T14:26:32Z;-1470;;2122
2025-07-02T14:26:49Z;;3612;2142
2025-07-02T14:26:51Z;-1524;;2088
2025-07-02T14:27:36Z;;3583;2059
2025-07-02T14:27:38Z;-1484;;2099
2025-07-02T14:27:42Z;-1502;;2081
2025-07-02T14:27:43Z;;3615;2113
2025-07-02T14:27:56Z;-1839;;1776
2025-07-02T14:28:00Z;-1796;;1819
2025-07-02T14:28:03Z;;3566;1770
2025-07-02T14:28:08Z;-1465;;2101
2025-07-02T14:28:11Z;;3278;1813
2025-07-02T14:28:13Z;-1159;;2119
2025-07-02T14:28:15Z;;2978;1819
2025-07-02T14:28:17Z;-846;;2132
2025-07-02T14:28:18Z;;2638;1792
2025-07-02T14:28:34Z;;2729;1883
2025-07-02T14:28:35Z;-923;;1806
2025-07-02T14:28:41Z;;3022;2099
2025-07-02T14:28:43Z;-1228;;1794
2025-07-02T14:29:10Z;-1165;;1857
2025-07-02T14:29:11Z;;2967;1802
2025-07-02T14:29:15Z;-887;;2080
2025-07-02T14:29:17Z;;2694;1807
2025-07-02T14:29:31Z;-560;;2134
2025-07-02T14:29:34Z;-633;;2061
2025-07-02T14:29:39Z;-935;2766;2133
2025-07-02T14:29:42Z;;3024;2089
2025-07-02T14:29:43Z;-1256;;1768
2025-07-02T14:29:46Z;;3333;2077
2025-07-02T14:29:47Z;-1530;;1803
2025-07-02T14:29:54Z;;3606;2076
2025-07-02T14:29:58Z;-1815;;1791
2025-07-02T14:30:09Z;-1841;;1765
2025-07-02T14:30:16Z;;3703;1862
2025-07-02T14:30:27Z;-1792;;1911
2025-07-02T14:30:30Z;;3546;1754
2025-07-02T14:30:39Z;-1472;;2074
2025-07-02T14:30:42Z;-1503;;2043
2025-07-02T14:30:44Z;-1497;;2049
2025-07-02T14:30:47Z;-1516;;2030
2025-07-02T14:30:53Z;;3621;2105
2025-07-02T14:30:58Z;-1809;;1812
2025-07-02T14:31:24Z;-1797;;1824
2025-07-02T14:31:26Z;-1801;;1820
2025-07-02T14:31:34Z;-1787;;1834
2025-07-02T14:31:36Z;-1805;;1816
2025-07-02T14:31:45Z;-1778;;1843
2025-07-02T14:31:50Z;-1800;;1821
2025-07-02T14:32:02Z;-1799;;1822
2025-07-02T14:32:04Z;-1814;;1807
2025-07-02T14:32:06Z;-1797;;1824
2025-07-02T14:32:08Z;-1804;;1817
2025-07-02T14:32:12Z;-1794;;1827
2025-07-02T14:32:14Z;-1801;;1820
2025-07-02T14:32:15Z;-1792;;1829
2025-07-02T14:32:31Z;;3594;1802
2025-07-02T14:32:59Z;;3603;1811
2025-07-02T14:33:08Z;-1804;;1799
2025-07-02T14:33:10Z;-1795;;1808
2025-07-02T14:33:21Z;;3599;1804
2025-07-02T14:33:27Z;-1449;;2150
2025-07-02T14:33:28Z;;3225;1776
2025-07-02T14:33:30Z;;2999;1550
2025-07-02T14:33:31Z;-1150;;1849
2025-07-02T14:33:33Z;;2695;1545
2025-07-02T14:33:34Z;-857;;1838
2025-07-02T14:33:37Z;;2366;1509
2025-07-02T14:33:38Z;-545;;1821
2025-07-02T14:33:40Z;;2365;1820
2025-07-02T14:33:42Z;-641;;1724
2025-07-02T14:33:46Z;;2745;2104
2025-07-02T14:33:47Z;-927;;1818
2025-07-02T14:33:49Z;;3006;2079
2025-07-02T14:33:50Z;-1228;;1778
2025-07-02T14:33:53Z;;3304;2076
2025-07-02T14:33:54Z;-1509;;1795
2025-07-02T14:34:09Z;;3613;2104
2025-07-02T14:34:11Z;-1817;;1796
2025-07-02T14:34:17Z;-1771;;1842
2025-07-02T14:34:18Z;;3558;1787
2025-07-02T14:34:21Z;-1489;;2069
2025-07-02T14:34:22Z;;3267;1778
2025-07-02T14:34:25Z;-1192;;2075
2025-07-02T14:34:27Z;;2938;1746
2025-07-02T14:34:30Z;-890;;2048
2025-07-02T14:34:32Z;;2657;1767
2025-07-02T14:34:45Z;;2734;1844
2025-07-02T14:34:51Z;;3007;2117
2025-07-02T14:34:52Z;-960;;2047
2025-07-02T14:35:01Z;-897;;2110
2025-07-02T14:35:02Z;;2960;2063
2025-07-02T14:35:22Z;-901;;2059
2025-07-02T14:35:24Z;-888;;2072
2025-07-02T14:35:30Z;;2696;1808
2025-07-02T14:35:31Z;-581;;2115
2025-07-02T14:35:43Z;-608;;2088
2025-07-02T14:35:44Z;;2724;2116
2025-07-02T14:35:49Z;;3038;2430
2025-07-02T14:35:50Z;-945;;2093
2025-07-02T14:36:03Z;;2940;1995
2025-07-02T14:36:04Z;-838;;2102
2025-07-02T14:36:07Z;;2683;1845
2025-07-02T14:36:08Z;-597;;2086
2025-07-02T14:36:31Z;;2383;1786
2025-07-02T14:36:32Z;-249;;2134
2025-07-02T14:36:36Z;;2057;1808
2025-07-02T14:36:37Z;17;;2074
2025-07-02T14:36:40Z;;1789;1806
2025-07-02T14:36:41Z;331;;2120
2025-07-02T14:36:47Z;262;;2051
2025-07-02T14:36:48Z;;1826;2088
2025-07-02T14:36:54Z;-13;;1813
2025-07-02T14:36:55Z;;2105;2092
2025-07-02T14:37:08Z;-314;;1791
2025-07-02T14:37:10Z;;2408;2094
2025-07-02T14:37:19Z;;2703;2389
2025-07-02T14:37:20Z;-627;;2076
2025-07-02T14:37:30Z;;3021;2394
2025-07-02T14:37:31Z;-933;;2088
2025-07-02T14:37:44Z;;2919;1986
2025-07-02T14:37:45Z;-816;;2103
2025-07-02T14:37:48Z;;2632;1816
2025-07-02T14:37:49Z;-538;;2094
2025-07-02T14:37:52Z;;2336;1798
2025-07-02T14:37:53Z;-258;;2078
2025-07-02T14:37:56Z;;2096;1838
2025-07-02T14:37:57Z;33;;2129
2025-07-02T14:38:03Z;;1794;1827
2025-07-02T14:38:05Z;327;;2121
2025-07-02T14:38:18Z;257;;2051
2025-07-02T14:38:20Z;;1830;2087
2025-07-02T14:38:25Z;-11;;1819
2025-07-02T14:38:37Z;;2114;2103
2025-07-02T14:38:48Z;;2421;2410
2025-07-02T14:38:49Z;-347;;2074
2025-07-02T14:39:02Z;;2394;2047
2025-07-02T14:39:03Z;-294;;2100
2025-07-02T14:39:13Z;-301;;2093
2025-07-02T14:39:15Z;-297;;2097
2025-07-02T14:39:42Z;;2008;1711
2025-07-02T14:39:43Z;65;;2073
2025-07-02T14:39:47Z;;1753;1818
2025-07-02T14:39:48Z;303;;2056
2025-07-02T14:40:16Z;664;;2417
2025-07-02T14:40:27Z;;1498;2162
2025-07-02T14:40:29Z;;1504;2168
2025-07-02T14:40:32Z;557;;2061
2025-07-02T14:40:33Z;;1496;2053
2025-07-02T14:40:59Z;601;;2097
2025-07-02T14:41:00Z;590;;2086
2025-07-02T14:41:02Z;603;;2099
2025-07-02T14:41:05Z;596;;2092
2025-07-02T14:41:08Z;600;;2096
2025-07-02T14:41:10Z;594;;2090
2025-07-02T14:41:12Z;603;;2099
2025-07-02T14:41:15Z;592;;2088
2025-07-02T14:41:18Z;600;;2096
2025-07-02T14:41:20Z;593;;2089
2025-07-02T14:41:22Z;608;;2104
2025-07-02T14:41:24Z;596;;2092
2025-07-02T14:41:27Z;601;;2097
2025-07-02T14:42:03Z;535;;2031
2025-07-02T14:42:04Z;606;;2102
2025-07-02T14:45:07Z;698;;2194
2025-07-02T14:45:16Z;;1360;2058
2025-07-02T14:52:21Z;573;;1933
2025-07-02T14:52:23Z;615;;1975
2025-07-02T14:52:26Z;599;;1959
2025-07-02T14:52:29Z;607;;1967
2025-07-02T14:52:55Z;598;;1958
2025-07-02T14:52:58Z;611;;1971
2025-07-02T14:53:00Z;594;;1954
2025-07-02T14:53:02Z;604;;1964
2025-07-02T14:53:48Z;595;;1955
2025-07-02T14:53:51Z;603;;1963
2025-07-02T14:55:31Z;599;;1959
2025-07-02T14:55:33Z;602;;1962
2025-07-02T14:55:37Z;;987;1589
2025-07-02T14:55:38Z;;1442;2044
2025-07-02T14:55:39Z;588;;2030
2025-07-02T14:55:43Z;602;;2044
2025-07-02T14:55:45Z;580;;2022
2025-07-02T14:55:49Z;618;;2060
2025-07-02T14:55:52Z;574;;2016
2025-07-02T14:55:59Z;600;;2042
2025-07-02T14:56:02Z;584;;2026
2025-07-02T14:56:04Z;605;;2047
2025-07-02T14:56:07Z;585;;2027
2025-07-02T14:56:10Z;600;;2042
2025-07-02T14:56:13Z;589;;2031
2025-07-02T14:56:30Z;622;;2064
2025-07-02T14:56:36Z;;890;1512
2025-07-02T14:56:37Z;;1451;2073
2025-07-02T14:56:39Z;584;;2035
2025-07-02T14:56:42Z;605;;2056
2025-07-02T14:56:45Z;597;;2048
2025-07-02T14:56:47Z;611;;2062
2025-07-02T14:56:50Z;595;;2046
2025-07-02T14:56:52Z;609;;2060
2025-07-02T14:56:54Z;595;;2046
2025-07-02T14:56:55Z;603;;2054
2025-07-02T14:56:58Z;595;;2046
2025-07-02T14:57:01Z;600;;2051
2025-07-02T14:57:04Z;599;;2050
2025-07-02T14:57:06Z;602;;2053
2025-07-02T14:57:08Z;598;;2049
2025-07-02T14:57:23Z;605;;2056
2025-07-02T14:57:25Z;584;;2035
2025-07-02T14:59:19Z;;1500;2084
2025-07-02T14:59:20Z;;1499;2083
2025-07-02T14:59:25Z;;1503;2087
2025-07-02T15:00:07Z;527;;2030
2025-07-02T15:00:16Z;;1526;2053
2025-07-02T15:02:07Z;288;;1814
2025-07-02T15:02:09Z;;1809;2097
2025-07-02T15:02:17Z;-37;2100;2388
2025-07-02T15:02:23Z;-302;;1798
2025-07-02T15:02:24Z;;2424;2122
2025-07-02T15:02:32Z;-608;;1816
2025-07-02T15:02:34Z;;2705;2097
2025-07-02T15:02:46Z;-954;3039;2431
2025-07-02T15:02:51Z;;3323;2369
2025-07-02T15:02:52Z;-1224;;2099
2025-07-02T15:02:58Z;;3271;2047
2025-07-02T15:02:59Z;-1169;;2102
2025-07-02T15:03:02Z;;2957;1788
2025-07-02T15:03:04Z;-850;;2107
2025-07-02T15:03:06Z;;2627;1777
2025-07-02T15:03:07Z;-540;;2087
2025-07-02T15:03:09Z;;2347;1807
2025-07-02T15:03:10Z;-278;;2069
2025-07-02T15:03:13Z;;2070;1792
2025-07-02T15:03:14Z;18;;2088
2025-07-02T15:03:50Z;-1;;2069
2025-07-02T15:03:53Z;;2115;2114
2025-07-02T15:04:34Z;;2097;2096
2025-07-02T15:04:35Z;;2101;2100
2025-07-02T15:04:46Z;-324;;1777
2025-07-02T15:04:47Z;;2447;2123
2025-07-02T15:04:51Z;-621;;1826
2025-07-02T15:04:52Z;;2786;2165
2025-07-02T15:04:55Z;;3019;2398
2025-07-02T15:04:56Z;-944;;2075
2025-07-02T15:04:59Z;-1201;;1818
2025-07-02T15:05:00Z;;3349;2148
2025-07-02T15:05:10Z;-1178;;2086
2025-07-02T15:05:11Z;;3264;2063
2025-07-02T15:05:16Z;;2984;1806
2025-07-02T15:05:17Z;-878;;2106
2025-07-02T15:05:22Z;;2691;1813
2025-07-02T15:05:23Z;-546;;2145
2025-07-02T15:05:39Z;-610;;2081
2025-07-02T15:05:40Z;;2718;2108
2025-07-02T15:05:46Z;-915;;1803
2025-07-02T15:05:47Z;;3019;2104
2025-07-02T15:05:50Z;;2971;2056
2025-07-02T15:05:51Z;-876;;2095
2025-07-02T15:05:58Z;-591;2676;1800
2025-07-02T15:06:03Z;;2377;1786
2025-07-02T15:06:05Z;-271;;2106
2025-07-02T15:06:29Z;;1641;1370
2025-07-02T15:06:30Z;4;;1645
2025-07-02T15:06:31Z;;2091;2095
2025-07-02T15:06:32Z;;2117;2121
2025-07-02T15:06:33Z;-32;;2085
2025-07-02T15:06:35Z;997;;3114
2025-07-02T15:06:37Z;-276;;1841
2025-07-02T15:06:48Z;-324;;1793
2025-07-02T15:06:57Z;-285;;1832
2025-07-02T15:06:59Z;-306;;1811
2025-07-02T15:07:17Z;;2401;2095
2025-07-02T15:07:31Z;;2390;2084
2025-07-02T15:07:50Z;-86;;2304
2025-07-02T15:07:52Z;-541;1805;1719
2025-07-02T15:07:53Z;;2439;1898
2025-07-02T15:07:54Z;-247;;2192
2025-07-02T15:07:55Z;-587;;1852
2025-07-02T15:07:57Z;-607;;1832
2025-07-02T15:07:59Z;;2776;2169
2025-07-02T15:08:00Z;-927;;1849
2025-07-02T15:08:02Z;;3046;2119
2025-07-02T15:08:03Z;-1316;;1730
2025-07-02T15:08:05Z;;3372;2056
2025-07-02T15:08:06Z;-1508;;1864
2025-07-02T15:08:08Z;;3617;2109
2025-07-02T15:08:10Z;-1879;;1738
2025-07-02T15:08:14Z;;3926;2047
2025-07-02T15:08:18Z;-2100;;1826
2025-07-02T15:08:20Z;-2099;;1827
2025-07-02T15:08:21Z;-2107;;1819
2025-07-02T15:08:33Z;-2091;;1835
2025-07-02T15:08:36Z;;3892;1801
2025-07-02T15:08:40Z;-1738;;2154
2025-07-02T15:08:41Z;;3551;1813
2025-07-02T15:08:43Z;-1469;;2082
2025-07-02T15:08:44Z;;3261;1792
2025-07-02T15:08:48Z;-1175;;2086
2025-07-02T15:08:49Z;;2981;1806
2025-07-02T15:09:01Z;-885;;2096
2025-07-02T15:09:04Z;;2598;1713
2025-07-02T15:09:10Z;;2716;1831
2025-07-02T15:09:12Z;-938;;1778
2025-07-02T15:09:16Z;;3017;2079
2025-07-02T15:09:17Z;-1261;;1756
2025-07-02T15:09:20Z;;3339;2078
2025-07-02T15:09:21Z;-1549;;1790
2025-07-02T15:09:24Z;;3624;2075
2025-07-02T15:09:25Z;-1829;;1795
2025-07-02T15:09:31Z;;3920;2091
2025-07-02T15:10:01Z;;3898;2069
2025-07-02T15:10:03Z;;3900;2071
2025-07-02T15:10:04Z;;3896;2067
2025-07-02T15:11:27Z;-1795;;2101
2025-07-02T15:11:31Z;-1822;;2074
2025-07-02T15:11:34Z;-1788;;2108
2025-07-02T15:12:30Z;;3598;1810
2025-07-02T15:13:19Z;-1420;;2178
2025-07-02T15:14:48Z;-1195;;2403
2025-07-02T15:14:51Z;-1220;;2378
2025-07-02T15:14:54Z;-1198;;2400
2025-07-02T15:14:57Z;-1209;;2389
2025-07-02T15:14:59Z;-1196;;2402
2025-07-02T15:15:04Z;;3295;2099
2025-07-02T15:15:07Z;-1177;;2118
2025-07-02T15:15:16Z;;3234;2057
2025-07-02T15:20:31Z;;3303;2126
2025-07-02T15:20:32Z;;3299;2122
2025-07-02T15:20:33Z;;3300;2123
2025-07-02T15:20:38Z;;3298;2121
2025-07-02T15:20:40Z;;3310;2133
2025-07-02T15:20:50Z;;3285;2108
2025-07-02T15:21:05Z;-898;;2387
2025-07-02T15:21:06Z;;2988;2090
2025-07-02T15:21:19Z;;3009;2111
2025-07-02T15:21:21Z;-917;;2092
2025-07-02T15:21:41Z;-898;;2111
2025-07-02T15:21:42Z;;2995;2097
2025-07-02T15:21:52Z;;3011;2113
2025-07-02T15:21:53Z;-909;;2102
2025-07-02T15:24:11Z;;2991;2082
2025-07-02T15:24:13Z;-896;;2095
2025-07-02T15:24:26Z;;2685;1789
2025-07-02T15:24:33Z;;2702;1806
2025-07-02T15:25:03Z;-900;;1802
2025-07-02T15:25:08Z;-897;;1805
2025-07-02T15:25:33Z;-905;;1797
2025-07-02T15:25:53Z;-894;;1808
2025-07-02T15:26:00Z;;2697;1803
2025-07-02T15:26:03Z;-536;;2161
2025-07-02T15:26:06Z;;2388;1852
2025-07-02T15:26:08Z;-295;;2093
2025-07-02T15:26:14Z;;2092;1797
2025-07-02T15:26:19Z;;2112;1817
2025-07-02T15:26:26Z;-319;;1793
2025-07-02T15:26:28Z;;2431;2112
2025-07-02T15:26:33Z;-623;;1808
2025-07-02T15:26:36Z;;2707;2084
2025-07-02T15:27:19Z;;2687;2064
2025-07-02T15:27:24Z;-593;;2094
2025-07-02T15:28:00Z;-603;;2084
2025-07-02T15:28:10Z;;2702;2099
2025-07-02T15:28:30Z;;2697;2094
2025-07-02T15:28:32Z;;2707;2104
2025-07-02T15:28:37Z;;2694;2091
2025-07-02T15:29:32Z;-597;;2097
2025-07-02T15:29:35Z;-605;;2089
2025-07-02T15:29:39Z;-591;;2103
2025-07-02T15:29:42Z;-603;;2091
2025-07-02T15:29:44Z;-595;;2099
2025-07-02T15:29:53Z;-605;;2089
2025-07-02T15:29:56Z;-554;;2140
2025-07-02T15:30:08Z;-571;;2123
2025-07-02T15:30:16Z;;2595;2024
2025-07-02T15:34:11Z;-115;;2480
2025-07-02T15:34:13Z;-484;;2111
2025-07-02T15:38:19Z;;2398;1914
2025-07-02T15:38:21Z;;2408;1924
2025-07-02T15:38:25Z;;2399;1915
2025-07-02T15:38:27Z;;2406;1922
2025-07-02T15:38:31Z;;2395;1911
2025-07-02T15:38:33Z;;2404;1920
2025-07-02T15:38:37Z;;2394;1910
2025-07-02T15:38:39Z;;2402;1918
2025-07-02T15:38:43Z;;2391;1907
2025-07-02T15:38:45Z;;2400;1916
2025-07-02T15:38:47Z;;2399;1915
2025-07-02T15:41:10Z;-299;;2100
2025-07-02T15:41:12Z;-389;;2010
2025-07-02T15:42:11Z;;2400;2011
2025-07-02T15:42:14Z;;2398;2009
2025-07-02T15:42:17Z;;2400;2011
2025-07-02T15:42:21Z;;2398;2009
2025-07-02T15:42:23Z;;2402;2013
2025-07-02T15:42:27Z;;2391;2002
2025-07-02T15:42:29Z;;2404;2015
2025-07-02T15:42:39Z;;2392;2003
2025-07-02T15:42:41Z;;2406;2017
2025-07-02T15:42:45Z;;2375;1986
2025-07-02T15:42:46Z;;2403;2014
2025-07-02T15:42:51Z;;2395;2006
2025-07-02T15:42:54Z;;2410;2021
2025-07-02T15:43:04Z;;2396;2007
2025-07-02T15:43:06Z;;2411;2022
2025-07-02T15:43:20Z;;2354;1965
2025-07-02T15:43:21Z;;2411;2022
2025-07-02T15:44:22Z;;2394;2005
2025-07-02T15:44:23Z;;2409;2020
2025-07-02T15:45:08Z;-460;;1949
2025-07-02T15:45:09Z;-664;;1745
2025-07-02T15:45:16Z;;2430;1766
2025-07-02T15:45:18Z;-577;;1853
2025-07-02T15:45:20Z;-644;;1786
2025-07-02T15:45:28Z;;2398;1754
2025-07-02T15:45:30Z;-593;;1805
2025-07-02T15:45:47Z;;2095;1502
2025-07-02T15:45:49Z;-294;1634;1041
2025-07-02T15:45:50Z;;2076;1782
2025-07-02T15:46:45Z;-321;;1755
2025-07-02T15:46:46Z;;2110;1789
2025-07-02T15:47:07Z;-604;;1506
2025-07-02T15:47:09Z;;2402;1798
2025-07-02T15:48:10Z;-547;;1855
2025-07-02T15:48:25Z;;2396;1849
2025-07-02T15:51:56Z;-210;;2186
2025-07-02T15:54:26Z;;2022;1812
2025-07-02T15:54:27Z;;2143;1933
2025-07-02T15:55:12Z;;2097;1887
2025-07-02T15:55:14Z;;2102;1892
2025-07-02T15:55:17Z;;2095;1885
2025-07-02T15:55:20Z;-17;;2078
2025-07-02T15:55:28Z;1;;2096
2025-07-02T15:55:31Z;-1;;2094
2025-07-02T15:55:33Z;6;;2101
2025-07-02T15:55:35Z;-5;;2090
2025-07-02T15:55:36Z;7;;2102
2025-07-02T15:55:38Z;0;;2095
2025-07-02T15:55:40Z;1;;2096
2025-07-02T15:55:43Z;-1;;2094
2025-07-02T15:55:45Z;4;;2099
2025-07-02T15:55:52Z;;1666;1670
2025-07-02T15:55:53Z;;2048;2052
2025-07-02T15:55:54Z;;1093;1097
2025-07-02T15:55:55Z;585;2069;2073
2025-07-02T15:55:58Z;15;;2084
2025-07-02T16:00:08Z;193;;2262
2025-07-02T16:00:16Z;;1900;2093
2025-07-02T16:02:54Z;;1743;1936
2025-07-02T16:02:56Z;;1807;2000
2025-07-02T16:02:57Z;;1799;1992
2025-07-02T16:02:58Z;;1802;1995
2025-07-02T16:03:05Z;341;1729;1922
2025-07-02T16:03:07Z;267;;1996
2025-07-02T16:03:08Z;;1801;2068
2025-07-02T16:03:09Z;;1795;2062
2025-07-02T16:03:29Z;308;;2103
2025-07-02T16:03:31Z;285;;2080
2025-07-02T16:03:53Z;311;;2106
2025-07-02T16:03:55Z;288;;2083
2025-07-02T16:04:07Z;324;;2119
2025-07-02T16:04:09Z;291;;2086
2025-07-02T16:04:11Z;300;;2095
2025-07-02T16:04:12Z;288;;2083
2025-07-02T16:04:14Z;303;;2098
2025-07-02T16:04:16Z;286;;2081
2025-07-02T16:04:18Z;303;;2098
2025-07-02T16:04:22Z;291;;2086
2025-07-02T16:04:24Z;305;;2100
2025-07-02T16:04:26Z;293;;2088
2025-07-02T16:04:28Z;444;;2239
2025-07-02T16:04:29Z;290;;2085
2025-07-02T16:04:31Z;315;;2110
2025-07-02T16:04:35Z;294;;2089
2025-07-02T16:04:37Z;306;;2101
2025-07-02T16:04:42Z;298;;2093
2025-07-02T16:04:44Z;301;;2096
2025-07-02T16:04:50Z;;590;891
2025-07-02T16:04:51Z;;1746;2047
2025-07-02T16:05:59Z;837;;2583
2025-07-02T16:06:01Z;372;;2118
2025-07-02T16:06:03Z;682;;2428
2025-07-02T16:06:04Z;374;;2120
2025-07-02T16:12:35Z;612;;2358
2025-07-02T16:13:17Z;482;;2228
2025-07-02T16:14:52Z;977;;2723
2025-07-02T16:14:53Z;;1124;2101
2025-07-02T16:14:54Z;552;1546;1676
2025-07-02T16:14:55Z;695;;2241
2025-07-02T16:14:58Z;512;;2058
2025-07-02T16:15:08Z;507;;2053
2025-07-02T16:15:16Z;;1540;2047
2025-07-02T16:16:16Z;;1495;2002
2025-07-02T16:16:17Z;;1530;2037
2025-07-02T16:17:29Z;;1451;1958
2025-07-02T16:17:30Z;;1510;2017
2025-07-02T16:17:31Z;606;;2116
2025-07-02T16:17:34Z;557;;2067
2025-07-02T16:17:53Z;;1498;2055
2025-07-02T16:17:54Z;;1503;2060
2025-07-02T16:18:05Z;;1497;2054
2025-07-02T16:18:06Z;;1502;2059
2025-07-02T16:18:17Z;;1496;2053
2025-07-02T16:18:18Z;;1503;2060
2025-07-02T16:18:29Z;;1494;2051
2025-07-02T16:18:30Z;;1501;2058
2025-07-02T16:18:35Z;;1497;2054
2025-07-02T16:18:37Z;;1503;2060
2025-07-02T16:18:40Z;;1496;2053
2025-07-02T16:18:43Z;;1502;2059
2025-07-02T16:18:46Z;;1499;2056
2025-07-02T16:18:49Z;;1500;2057
2025-07-02T16:18:52Z;;1492;2049
2025-07-02T16:20:42Z;610;;2102
2025-07-02T16:20:45Z;596;;2088
2025-07-02T16:20:53Z;603;;2095
2025-07-02T16:20:55Z;594;;2086
2025-07-02T16:21:04Z;609;;2101
2025-07-02T16:21:07Z;599;;2091
2025-07-02T16:21:14Z;602;;2094
2025-07-02T16:21:17Z;589;;2081
2025-07-02T16:21:19Z;628;;2120
2025-07-02T16:21:22Z;599;;2091
2025-07-02T16:21:25Z;600;;2092
2025-07-02T16:21:27Z;595;;2087
2025-07-02T16:21:30Z;605;;2097
2025-07-02T16:21:33Z;595;;2087
2025-07-02T16:21:35Z;609;;2101
2025-07-02T16:21:38Z;593;;2085
2025-07-02T16:21:41Z;601;;2093
2025-07-02T16:22:24Z;574;;2066
2025-07-02T16:22:27Z;643;;2135
2025-07-02T16:22:39Z;597;;2089
2025-07-02T16:22:41Z;636;;2128
2025-07-02T16:22:45Z;574;;2066
2025-07-02T16:22:47Z;615;;2107
2025-07-02T16:23:15Z;599;;2091
2025-07-02T16:23:18Z;635;;2127
2025-07-02T16:23:33Z;595;;2087
2025-07-02T16:23:36Z;610;;2102
2025-07-02T16:23:44Z;406;;1898
2025-07-02T16:26:06Z;;852;1258
2025-07-02T16:26:07Z;;1340;1746
2025-07-02T16:26:08Z;1066;1070;1476
2025-07-02T16:26:09Z;;1351;2417
2025-07-02T16:26:11Z;447;;1798
2025-07-02T16:30:07Z;512;;1863
2025-07-02T16:30:16Z;;1284;1796
2025-07-02T16:30:31Z;885;;2169
2025-07-02T16:32:17Z;;1181;2066
2025-07-02T16:32:18Z;;1232;2117
2025-07-02T16:33:56Z;;1198;2083
2025-07-02T16:33:58Z;;1204;2089
2025-07-02T16:34:00Z;;1198;2083
2025-07-02T16:34:02Z;;1202;2087
2025-07-02T16:34:06Z;;1199;2084
2025-07-02T16:34:10Z;;1200;2085
2025-07-02T16:34:12Z;;1196;2081
2025-07-02T16:34:15Z;;1200;2085
2025-07-02T16:34:16Z;;1198;2083
2025-07-02T16:34:17Z;;1200;2085
2025-07-02T16:34:18Z;;1196;2081
2025-07-02T16:35:02Z;;468;1353
2025-07-02T16:35:03Z;;1183;2068
2025-07-02T16:35:21Z;901;;2084
2025-07-02T16:35:24Z;897;;2080
2025-07-02T16:35:26Z;905;;2088
2025-07-02T16:35:28Z;892;;2075
2025-07-02T16:36:08Z;909;;2092
2025-07-02T16:36:10Z;889;;2072
2025-07-02T16:36:11Z;1113;;2296
2025-07-02T16:36:14Z;877;;2060
2025-07-02T16:36:21Z;909;;2092
2025-07-02T16:36:25Z;881;;2064
2025-07-02T16:38:04Z;901;;2084
2025-07-02T16:38:06Z;898;;2081
2025-07-02T16:38:08Z;900;;2083
2025-07-02T16:38:10Z;894;;2077
2025-07-02T16:38:12Z;908;;2091
2025-07-02T16:38:13Z;896;;2079
2025-07-02T16:38:15Z;904;;2087
2025-07-02T16:38:18Z;895;;2078
2025-07-02T16:38:20Z;907;;2090
2025-07-02T16:43:06Z;1568;;2751
2025-07-02T16:43:25Z;1048;;2231
2025-07-02T16:45:05Z;;731;1779
2025-07-02T16:45:06Z;;979;2027
2025-07-02T16:45:07Z;1015;;1994
2025-07-02T16:45:09Z;996;;1975
2025-07-02T16:45:10Z;833;;1812
2025-07-02T16:45:13Z;996;;1975
2025-07-02T16:45:16Z;;983;1979
2025-07-02T16:52:08Z;;898;1894
2025-07-02T16:52:09Z;;919;1915
2025-07-02T16:52:19Z;;897;1893
2025-07-02T16:52:20Z;;902;1898
2025-07-02T16:52:31Z;;896;1892
2025-07-02T16:52:33Z;;911;1907
2025-07-02T16:52:43Z;;890;1886
2025-07-02T16:52:45Z;;907;1903
2025-07-02T16:52:55Z;;885;1881
2025-07-02T16:52:57Z;;904;1900
2025-07-02T16:53:01Z;;899;1895
2025-07-02T16:53:02Z;;902;1898
2025-07-02T16:53:06Z;;897;1893
2025-07-02T16:53:09Z;;901;1897
2025-07-02T16:53:12Z;;898;1894
2025-07-02T16:54:23Z;1204;;2102
2025-07-02T16:54:25Z;1185;;2083
2025-07-02T16:54:41Z;1206;;2104
2025-07-02T16:54:43Z;1195;;2093
2025-07-02T16:54:50Z;1219;;2117
2025-07-02T16:54:52Z;1197;;2095
2025-07-02T16:54:54Z;1201;;2099
2025-07-02T16:54:56Z;1198;;2096
2025-07-02T16:54:58Z;1204;;2102
2025-07-02T16:55:00Z;1199;;2097
2025-07-02T16:55:01Z;1207;;2105
2025-07-02T17:02:41Z;1200;;2098
2025-07-02T17:02:43Z;1196;;2094
2025-07-02T17:02:46Z;1153;;2051
2025-07-02T17:02:47Z;1210;;2108
2025-07-02T17:02:49Z;1184;;2082
2025-07-02T17:02:53Z;1201;;2099
2025-07-02T17:02:55Z;1183;;2081
2025-07-02T17:03:25Z;1204;;2102
2025-07-02T17:03:27Z;1183;;2081
2025-07-02T17:03:30Z;1215;;2113
2025-07-02T17:03:32Z;1188;;2086
2025-07-02T17:03:34Z;1201;;2099
2025-07-02T17:03:36Z;1197;;2095
2025-07-02T17:03:38Z;1201;;2099
2025-07-02T17:04:24Z;1196;;2094
2025-07-02T17:04:26Z;1212;;2110
2025-07-02T17:04:30Z;1194;;2092
2025-07-02T17:04:32Z;1222;;2120
2025-07-02T17:05:36Z;;592;1814
2025-07-02T17:05:39Z;;607;1829
2025-07-02T17:05:51Z;;598;1820
2025-07-02T17:05:52Z;;607;1829
2025-07-02T17:05:57Z;;599;1821
2025-07-02T17:05:58Z;;606;1828
2025-07-02T17:06:03Z;;599;1821
2025-07-02T17:06:04Z;;602;1824
2025-07-02T17:06:07Z;;598;1820
2025-07-02T17:06:08Z;;606;1828
2025-07-02T17:06:14Z;;598;1820
2025-07-02T17:06:16Z;;600;1822
2025-07-02T17:06:17Z;;598;1820
2025-07-02T17:06:18Z;;605;1827
2025-07-02T17:06:20Z;;598;1820
2025-07-02T17:06:22Z;;600;1822
2025-07-02T17:06:24Z;;599;1821
2025-07-02T17:06:25Z;;600;1822
2025-07-02T17:06:26Z;;596;1818
2025-07-02T17:06:28Z;;600;1822
2025-07-02T17:06:29Z;;598;1820
2025-07-02T17:06:30Z;;100;1322
2025-07-02T17:06:31Z;;583;1805
2025-07-02T17:06:32Z;;625;1847
2025-07-02T17:06:33Z;;597;1819
2025-07-02T17:09:07Z;1741;;2338
2025-07-02T17:15:08Z;1615;;2212
2025-07-02T17:15:16Z;;489;2104
2025-07-02T17:15:44Z;;122;1737
2025-07-02T17:15:45Z;;473;2088
2025-07-02T17:16:39Z;2154;291;1906
2025-07-02T17:16:40Z;;474;2628
2025-07-02T17:16:42Z;1677;;2151
2025-07-02T17:16:45Z;1461;;1935
2025-07-02T17:16:47Z;1677;;2151
2025-07-02T17:25:51Z;1881;;2355
2025-07-02T17:25:53Z;1760;;2234
2025-07-02T17:26:33Z;1800;;2274
2025-07-02T17:26:35Z;1778;;2252
2025-07-02T17:27:11Z;1804;;2278
2025-07-02T17:27:13Z;1785;;2259
2025-07-02T17:27:15Z;1803;;2277
2025-07-02T17:27:17Z;1776;;2250
2025-07-02T17:27:23Z;1804;;2278
2025-07-02T17:27:26Z;1776;;2250
2025-07-02T17:29:27Z;1800;;2274
2025-07-02T17:29:30Z;1788;;2262
2025-07-02T17:30:08Z;1787;;2261
2025-07-02T17:30:16Z;;346;2133
2025-07-02T17:30:27Z;1805;;2151
2025-07-02T17:30:33Z;1790;;2136
2025-07-02T17:30:36Z;1802;;2148
2025-07-02T17:30:38Z;1791;;2137
2025-07-02T17:30:41Z;1800;;2146
2025-07-02T17:30:44Z;1785;;2131
2025-07-02T17:30:50Z;1804;;2150
2025-07-02T17:30:53Z;1780;;2126
2025-07-02T17:30:57Z;1814;;2160
2025-07-02T17:31:00Z;1795;;2141
2025-07-02T17:31:03Z;1814;;2160
2025-07-02T17:31:05Z;1802;;2148
2025-07-02T17:31:07Z;1792;;2138
2025-07-02T17:31:10Z;1808;;2154
2025-07-02T17:31:12Z;1787;;2133
2025-07-02T17:31:15Z;1801;;2147
2025-07-02T17:31:16Z;1798;;2144
2025-07-02T17:31:18Z;1805;;2151
2025-07-02T17:31:21Z;1786;;2132
2025-07-02T17:31:24Z;1804;;2150
2025-07-02T17:31:26Z;1792;;2138
2025-07-02T17:31:29Z;1810;;2156
2025-07-02T17:31:32Z;1798;;2144
2025-07-02T17:31:33Z;1815;;2161
2025-07-02T17:31:35Z;1799;;2145
2025-07-02T17:31:38Z;1808;;2154
2025-07-02T17:31:41Z;1788;;2134
2025-07-02T17:31:57Z;1801;;2147
2025-07-02T17:31:59Z;1794;;2140
2025-07-02T17:32:00Z;1818;;2164
2025-07-02T17:32:02Z;1790;;2136
2025-07-02T17:32:26Z;1803;;2149
2025-07-02T17:32:28Z;1799;;2145
2025-07-02T17:33:01Z;1800;;2146
2025-07-02T17:33:04Z;1794;;2140
2025-07-02T17:33:12Z;1802;;2148
2025-07-02T17:33:14Z;1793;;2139
2025-07-02T17:33:26Z;1803;;2149
2025-07-02T17:33:28Z;1779;;2125
2025-07-02T17:33:31Z;1800;;2146
2025-07-02T17:33:33Z;1776;;2122
2025-07-02T17:34:36Z;1808;;2154
2025-07-02T17:34:38Z;1784;;2130
2025-07-02T17:35:28Z;1823;;2169
2025-07-02T17:35:30Z;1779;;2125
2025-07-02T17:35:38Z;1815;;2161
2025-07-02T17:35:40Z;1796;;2142
2025-07-02T17:35:54Z;1803;;2149
2025-07-02T17:35:56Z;1799;;2145
2025-07-02T17:36:07Z;1818;;2164
2025-07-02T17:36:12Z;1783;;2129
2025-07-02T17:36:21Z;1828;;2174
2025-07-02T17:36:23Z;1786;;2132
2025-07-02T17:36:31Z;1816;;2162
2025-07-02T17:36:33Z;1787;;2133
2025-07-02T17:36:39Z;1801;;2147
2025-07-02T17:36:41Z;1795;;2141
2025-07-02T17:36:43Z;1816;;2162
2025-07-02T17:36:45Z;1788;;2134
2025-07-02T17:36:47Z;1802;;2148
2025-07-02T17:36:48Z;;211;2013
2025-07-02T17:36:50Z;1799;;2010
2025-07-02T17:36:51Z;1807;;2018
2025-07-02T17:36:53Z;1797;;2008
2025-07-02T17:36:56Z;1802;;2013
2025-07-02T17:36:58Z;1791;;2002
2025-07-02T17:37:00Z;1816;;2027
2025-07-02T17:37:02Z;1796;;2007
2025-07-02T17:37:09Z;1812;;2023
2025-07-02T17:37:21Z;1796;;2007
2025-07-02T17:37:23Z;1804;;2015
2025-07-02T17:37:28Z;1792;;2003
2025-07-02T17:37:30Z;1808;;2019
2025-07-02T17:37:33Z;1799;;2010
2025-07-02T17:37:35Z;1805;;2016
2025-07-02T17:37:45Z;1799;;2010
2025-07-02T17:37:47Z;1804;;2015
2025-07-02T17:38:14Z;1794;;2005
2025-07-02T17:38:16Z;1815;;2026
2025-07-02T17:40:39Z;;297;2112
2025-07-02T17:40:41Z;;307;2122
2025-07-02T17:40:50Z;;299;2114
2025-07-02T17:40:53Z;;306;2121
2025-07-02T17:40:57Z;1618;;1924
2025-07-02T17:41:14Z;;298;1916
2025-07-02T17:41:15Z;;300;1918
2025-07-02T17:41:26Z;;295;1913
2025-07-02T17:41:27Z;;301;1919
2025-07-02T17:41:30Z;;299;1917
2025-07-02T17:41:31Z;;303;1921
2025-07-02T17:41:38Z;;296;1914
2025-07-02T17:41:41Z;;304;1922
2025-07-02T17:41:50Z;;296;1914
2025-07-02T17:41:52Z;;301;1919
2025-07-02T17:41:53Z;;298;1916
2025-07-02T17:41:54Z;;301;1919
2025-07-02T17:41:56Z;;299;1917
2025-07-02T17:41:57Z;;303;1921
2025-07-02T17:42:02Z;;298;1916
2025-07-02T17:42:03Z;;302;1920
2025-07-02T17:42:06Z;;298;1916
2025-07-02T17:42:09Z;;300;1918
2025-07-02T17:42:14Z;;299;1917
2025-07-02T17:42:15Z;;300;1918
2025-07-02T17:42:16Z;;297;1915
2025-07-02T17:42:17Z;;301;1919
2025-07-02T17:42:19Z;;298;1916
2025-07-02T17:42:22Z;;301;1919
2025-07-02T17:42:26Z;;295;1913
2025-07-02T17:42:27Z;;301;1919
2025-07-02T17:42:32Z;;299;1917
2025-07-02T17:42:33Z;;303;1921
2025-07-02T17:42:36Z;;298;1916
2025-07-02T17:42:39Z;;304;1922
2025-07-02T17:42:44Z;;299;1917
2025-07-02T17:42:45Z;;304;1922
2025-07-02T17:43:07Z;;299;1917
2025-07-02T17:43:09Z;;303;1921
2025-07-02T17:44:09Z;;301;1919
2025-07-02T17:44:19Z;;299;1917
2025-07-02T17:44:20Z;;301;1919
2025-07-02T17:44:31Z;;299;1917
2025-07-02T17:44:33Z;;301;1919
2025-07-02T17:44:43Z;;299;1917
2025-07-02T17:44:45Z;;304;1922
2025-07-02T17:44:56Z;;296;1914
2025-07-02T17:44:57Z;;303;1921
2025-07-02T17:45:02Z;;299;1917
2025-07-02T17:45:03Z;;301;1919
2025-07-02T17:45:07Z;1650;296;1914
2025-07-02T17:45:09Z;;300;1950
2025-07-02T17:45:14Z;;299;1949
2025-07-02T17:45:15Z;;301;1951
2025-07-02T17:45:16Z;;299;1949
2025-07-02T17:45:18Z;;300;1950
2025-07-02T17:45:19Z;;302;1952
2025-07-02T17:45:20Z;;298;1948
2025-07-02T17:45:21Z;;301;1951
2025-07-02T17:45:22Z;;301;1951
2025-07-02T17:45:24Z;;299;1949
2025-07-02T17:45:25Z;;302;1952
2025-07-02T17:45:26Z;;297;1947
2025-07-02T17:45:35Z;;300;1950
2025-07-02T17:45:36Z;;296;1946
2025-07-02T17:45:40Z;;300;1950
2025-07-02T17:45:41Z;;296;1946
2025-07-02T17:45:57Z;;311;1961
2025-07-02T17:45:58Z;;293;1943
2025-07-02T17:46:00Z;;0;1650
2025-07-02T17:46:01Z;;288;1938
2025-07-02T17:46:02Z;;420;2070
2025-07-02T17:46:03Z;;292;1942
2025-07-02T17:46:55Z;;452;2102
2025-07-02T17:46:56Z;;277;1927
2025-07-02T17:47:51Z;1807;;2084
2025-07-02T17:47:54Z;1795;;2072
2025-07-02T17:47:57Z;1810;;2087
2025-07-02T17:48:00Z;1793;;2070
2025-07-02T17:48:04Z;1800;;2077
2025-07-02T17:48:23Z;1783;;2060
2025-07-02T17:48:31Z;1819;;2096
2025-07-02T17:48:34Z;1768;;2045
2025-07-02T17:48:37Z;1808;;2085
2025-07-02T17:48:38Z;1770;;2047
2025-07-02T17:48:40Z;1804;;2081
2025-07-02T17:48:42Z;1798;;2075
2025-07-02T17:48:44Z;1805;;2082
2025-07-02T17:48:48Z;1770;;2047
2025-07-02T17:48:51Z;1826;;2103
2025-07-02T17:48:54Z;1767;;2044
2025-07-02T17:48:56Z;1819;;2096
2025-07-02T17:49:39Z;1794;;2071
2025-07-02T17:50:10Z;1800;;2077
2025-07-02T17:50:13Z;1792;;2069
2025-07-02T17:50:15Z;1810;;2087
2025-07-02T17:50:19Z;1770;;2047
2025-07-02T17:50:23Z;1817;;2094
2025-07-02T17:50:26Z;1797;;2074
2025-07-02T17:50:29Z;1813;;2090
2025-07-02T17:50:41Z;1799;;2076
2025-07-02T17:50:43Z;1805;;2082
2025-07-02T17:50:46Z;1795;;2072
2025-07-02T17:50:49Z;1820;;2097
2025-07-02T17:51:04Z;1797;;2074
2025-07-02T17:51:08Z;1802;;2079
2025-07-02T17:51:23Z;1799;;2076
2025-07-02T17:51:25Z;1825;;2102
2025-07-02T17:51:29Z;1799;;2076
2025-07-02T17:51:31Z;1803;;2080
2025-07-02T17:56:10Z;1624;;1901
2025-07-02T17:56:13Z;1838;;2115
2025-07-02T17:57:00Z;2247;;2524
2025-07-02T17:57:03Z;1839;;2116
2025-07-02T17:58:21Z;1774;;2051
2025-07-02T17:58:23Z;1819;;2096
2025-07-02T17:59:55Z;1793;;2070
2025-07-02T17:59:56Z;1837;;2114
2025-07-02T18:00:08Z;1847;;2124
2025-07-02T18:00:16Z;;184;2031
2025-07-02T18:03:25Z;1797;;1981
2025-07-02T18:03:28Z;1820;;2004
2025-07-02T18:03:29Z;1797;;1981
2025-07-02T18:03:55Z;1889;;2073
2025-07-02T18:05:16Z;1786;;1970
2025-07-02T18:05:41Z;1825;;2009
2025-07-02T18:07:06Z;;316;2141
2025-07-02T18:07:07Z;;156;1981
2025-07-02T18:15:05Z;2103;;2259
2025-07-02T18:15:07Z;2072;;2228
2025-07-02T18:15:10Z;1933;;2089
2025-07-02T18:15:16Z;;110;2043
2025-07-02T18:16:18Z;;0;1933
2025-07-02T18:16:20Z;;97;2030
2025-07-02T18:16:21Z;;476;2409
2025-07-02T18:16:22Z;;105;2038
2025-07-02T18:17:11Z;;0;1933
2025-07-02T18:17:12Z;;94;2027
2025-07-02T18:17:14Z;1612;;1706
2025-07-02T18:17:17Z;1959;;2053
2025-07-02T18:19:44Z;1720;;1814
2025-07-02T18:26:22Z;1836;;1930
2025-07-02T18:26:25Z;2222;;2316
2025-07-02T18:26:28Z;1845;;1939
2025-07-02T18:30:07Z;2001;;2095
2025-07-02T18:30:16Z;;77;2078
2025-07-02T18:30:17Z;2119;;2196
2025-07-02T18:30:48Z;2090;;2167
2025-07-02T18:30:51Z;2111;;2188
2025-07-02T18:30:54Z;1980;;2057
2025-07-02T18:37:40Z;;0;1980
2025-07-02T18:37:41Z;;52;2032
2025-07-02T18:37:42Z;;487;2467
2025-07-02T18:37:43Z;;63;2043
2025-07-02T18:43:25Z;2133;;2196
2025-07-02T18:43:38Z;2001;;2064
2025-07-02T18:44:41Z;2150;;2213
2025-07-02T18:44:53Z;2019;;2082
2025-07-02T18:45:07Z;2023;;2086
2025-07-02T18:45:16Z;;40;2063
2025-07-02T18:46:14Z;2177;;2217
2025-07-02T18:46:24Z;2038;;2078
2025-07-02T18:46:42Z;;0;2038
2025-07-02T18:46:43Z;;23;2061
2025-07-02T18:46:44Z;2228;;2251
2025-07-02T18:46:48Z;1767;;1790
2025-07-02T18:46:50Z;2172;;2195
2025-07-02T18:46:53Z;2041;;2064
2025-07-02T18:47:48Z;2521;;2544
2025-07-02T18:47:51Z;2054;;2077
2025-07-02T18:54:23Z;2182;;2205
2025-07-02T18:54:33Z;2022;;2045
2025-07-02T18:55:01Z;2103;;2126
2025-07-02T18:55:03Z;2081;;2104
2025-07-02T18:56:03Z;2107;;2130
2025-07-02T18:56:06Z;2081;;2104
2025-07-02T18:57:02Z;2100;;2123
2025-07-02T18:57:05Z;2083;;2106
2025-07-02T18:57:57Z;;0;2083
2025-07-02T18:57:58Z;;17;2100
2025-07-02T18:57:59Z;2104;;2121
2025-07-02T18:58:02Z;2086;;2103
2025-07-02T18:58:05Z;2106;;2123
2025-07-02T18:58:07Z;2080;;2097
2025-07-02T19:00:08Z;1873;;1890
2025-07-02T19:00:16Z;;11;1884
2025-07-02T19:05:06Z;3985;;3996
2025-07-02T19:05:10Z;2111;;2122
2025-07-02T19:05:32Z;;0;2111
2025-07-02T19:05:33Z;;2;2113
2025-07-02T19:05:46Z;;0;2111
2025-07-02T19:05:47Z;;1;2112
2025-07-02T19:06:00Z;;0;2111
2025-07-02T19:06:01Z;;1;2112
2025-07-02T19:06:14Z;;0;2111
2025-07-02T19:06:15Z;;2;2113
2025-07-02T19:06:17Z;;0;2111
2025-07-02T19:06:18Z;;1;2112
2025-07-02T19:06:21Z;;0;2111
2025-07-02T19:06:22Z;;1;2112
2025-07-02T19:06:28Z;;0;2111
2025-07-02T19:06:30Z;;1;2112
2025-07-02T19:06:32Z;;0;2111
2025-07-02T19:06:33Z;;1;2112
2025-07-02T19:06:35Z;;0;2111
2025-07-02T19:06:37Z;;1;2112
2025-07-02T19:06:38Z;;0;2111
2025-07-02T19:06:39Z;;1;2112
2025-07-02T19:06:40Z;;0;2111
2025-07-02T19:06:41Z;;1;2112
2025-07-02T19:06:42Z;;0;2111
2025-07-02T19:06:43Z;;2;2113
2025-07-02T19:06:44Z;;0;2111
2025-07-02T19:06:45Z;;1;2112
2025-07-02T19:06:48Z;;0;2111
2025-07-02T19:06:51Z;;1;2112
2025-07-02T19:06:52Z;;0;2111
2025-07-02T19:06:55Z;;1;2112
2025-07-02T19:06:56Z;;0;2111
2025-07-02T19:06:57Z;;1;2112
2025-07-02T19:06:58Z;;0;2111
2025-07-02T19:07:01Z;;1;2112
2025-07-02T19:07:02Z;;0;2111
2025-07-02T19:07:13Z;;467;2578
2025-07-02T19:07:14Z;;0;2111
2025-07-02T19:07:22Z;;2;2113
2025-07-02T19:07:23Z;;0;2111
2025-07-02T19:08:00Z;;1;2112
2025-07-02T19:08:01Z;;0;2111
2025-07-02T19:08:33Z;;1;2112
2025-07-02T19:08:34Z;;0;2111
2025-07-02T19:15:07Z;2180;0;2111
2025-07-02T19:17:22Z;2681;;2681
2025-07-02T19:17:24Z;2194;;2194
2025-07-02T19:24:43Z;2097;;2097
2025-07-02T19:24:44Z;2101;;2101
2025-07-02T19:24:58Z;2098;;2098
2025-07-02T19:25:00Z;2121;;2121
2025-07-02T19:25:17Z;2093;;2093
2025-07-02T19:25:19Z;2123;;2123
2025-07-02T19:30:07Z;2119;0;2123
2025-07-02T19:33:01Z;2091;;2091
2025-07-02T19:33:21Z;2105;;2105
2025-07-02T19:33:23Z;2091;;2091
2025-07-02T19:33:24Z;2100;;2100
2025-07-02T19:33:27Z;2099;;2099
2025-07-02T19:33:29Z;2126;;2126
2025-07-02T19:33:30Z;2090;;2090
2025-07-02T19:33:33Z;2106;;2106
2025-07-02T19:33:36Z;2094;;2094
2025-07-02T19:33:47Z;2101;;2101
2025-07-02T19:33:49Z;2097;;2097
2025-07-02T19:33:55Z;2115;;2115
2025-07-02T19:33:58Z;2098;;2098
2025-07-02T19:33:59Z;2100;;2100
2025-07-02T19:34:00Z;2094;;2094
2025-07-02T19:34:02Z;2100;;2100
2025-07-02T19:34:04Z;2093;;2093
2025-07-02T19:34:57Z;2100;;2100
2025-07-02T19:35:00Z;2086;;2086
2025-07-02T19:35:03Z;2102;;2102
2025-07-02T19:35:04Z;2096;;2096
2025-07-02T19:35:06Z;2104;;2104
2025-07-02T19:35:07Z;2092;;2092
2025-07-02T19:35:09Z;2102;;2102
2025-07-02T19:35:11Z;2090;;2090
2025-07-02T19:35:31Z;2110;;2110
2025-07-02T19:35:33Z;2091;;2091
2025-07-02T19:35:47Z;2100;;2100
2025-07-02T19:35:49Z;2089;;2089
2025-07-02T19:36:06Z;2100;;2100
2025-07-02T19:36:08Z;2093;;2093
2025-07-02T19:36:14Z;2100;;2100
2025-07-02T19:36:16Z;2094;;2094
2025-07-02T19:36:19Z;2100;;2100
2025-07-02T19:36:21Z;2083;;2083
2025-07-02T19:36:28Z;2109;;2109
2025-07-02T19:36:30Z;2094;;2094
2025-07-02T19:36:37Z;2101;;2101
2025-07-02T19:36:39Z;2094;;2094
2025-07-02T19:36:42Z;2101;;2101
2025-07-02T19:36:44Z;2089;;2089
2025-07-02T19:36:46Z;2105;;2105
2025-07-02T19:36:48Z;2091;;2091
2025-07-02T19:36:49Z;2107;;2107
2025-07-02T19:36:51Z;2097;;2097
2025-07-02T19:43:48Z;2104;;2104
2025-07-02T19:45:07Z;2118;0;2104
2025-07-02T19:47:06Z;2049;;2049
2025-07-02T19:47:10Z;2106;;2106
2025-07-02T19:47:13Z;2099;;2099
2025-07-02T19:47:15Z;2109;;2109
2025-07-02T19:48:18Z;2099;;2099
2025-07-02T19:48:21Z;2101;;2101
2025-07-02T19:48:24Z;2096;;2096
2025-07-02T19:48:26Z;2105;;2105
2025-07-02T19:48:27Z;2099;;2099
2025-07-02T19:48:29Z;2103;;2103
2025-07-02T19:48:34Z;2093;;2093
2025-07-02T19:48:36Z;2105;;2105
2025-07-02T19:48:39Z;2097;;2097
2025-07-02T19:48:42Z;2104;;2104
2025-07-02T19:48:45Z;2099;;2099
2025-07-02T19:48:46Z;2100;;2100
2025-07-02T19:48:48Z;2099;;2099
2025-07-02T19:48:50Z;2105;;2105
2025-07-02T19:48:55Z;2097;;2097
2025-07-02T19:48:58Z;2100;;2100
2025-07-02T19:49:06Z;2096;;2096
2025-07-02T19:49:11Z;2101;;2101
2025-07-02T19:49:14Z;2098;;2098
2025-07-02T19:49:17Z;2115;;2115
2025-07-02T19:49:24Z;2071;;2071
2025-07-02T19:49:30Z;2111;;2111
2025-07-02T19:49:32Z;2095;;2095
2025-07-02T19:49:35Z;2118;;2118
2025-07-02T19:49:40Z;2091;;2091
2025-07-02T19:49:43Z;2100;;2100
2025-07-02T19:49:45Z;2097;;2097
2025-07-02T19:49:52Z;2101;;2101
2025-07-02T19:49:54Z;2097;;2097
2025-07-02T19:49:57Z;2109;;2109
2025-07-02T19:50:03Z;2098;;2098
2025-07-02T19:50:04Z;2100;;2100
2025-07-02T19:50:06Z;2094;;2094
2025-07-02T19:50:08Z;2103;;2103
2025-07-02T19:50:11Z;2043;;2043
2025-07-02T19:50:14Z;2101;;2101
2025-07-02T19:50:16Z;2096;;2096
2025-07-02T19:50:19Z;2103;;2103
2025-07-02T19:50:22Z;2099;;2099
2025-07-02T19:50:24Z;2101;;2101
2025-07-02T19:50:27Z;2098;;2098
2025-07-02T19:50:29Z;2100;;2100
2025-07-02T19:50:32Z;2092;;2092
2025-07-02T19:50:34Z;2103;;2103
2025-07-02T19:50:37Z;2098;;2098
2025-07-02T19:50:40Z;2101;;2101
2025-07-02T19:50:43Z;2093;;2093
2025-07-02T19:50:45Z;2101;;2101
2025-07-02T19:50:47Z;2098;;2098
2025-07-02T19:50:49Z;2119;;2119
2025-07-02T19:54:39Z;2099;;2099
2025-07-02T19:54:42Z;2110;;2110
2025-07-02T20:00:07Z;2184;0;2110
2025-07-02T20:15:07Z;2138;0;2184
2025-07-02T20:15:32Z;1906;;1906
2025-07-02T20:16:33Z;2210;;2210
2025-07-02T20:17:05Z;1953;;1953
2025-07-02T20:17:19Z;2132;;2132
2025-07-02T20:17:44Z;1900;;1900
2025-07-02T20:17:55Z;2171;;2171
2025-07-02T20:18:04Z;1922;;1922
2025-07-02T20:22:19Z;2130;;2130
2025-07-02T20:22:35Z;2416;;2416
2025-07-02T20:22:47Z;2236;;2236
2025-07-02T20:23:03Z;2406;;2406
2025-07-02T20:23:06Z;2378;;2378
2025-07-02T20:30:07Z;2257;0;2378
2025-07-02T20:31:17Z;2426;;2426
2025-07-02T20:31:29Z;2176;;2176
2025-07-02T20:31:48Z;1942;;1942
2025-07-02T20:33:14Z;1774;;1774
2025-07-02T20:33:17Z;1806;;1806
2025-07-02T20:33:20Z;1761;;1761
2025-07-02T20:33:22Z;1801;;1801
2025-07-02T20:33:25Z;1798;;1798
2025-07-02T20:33:28Z;1802;;1802
2025-07-02T20:33:30Z;1793;;1793
2025-07-02T20:33:33Z;1804;;1804
2025-07-02T20:33:36Z;1795;;1795
2025-07-02T20:33:38Z;1803;;1803
2025-07-02T20:33:41Z;1773;;1773
2025-07-02T20:33:44Z;1819;;1819
2025-07-02T20:33:46Z;1798;;1798
2025-07-02T20:34:00Z;1803;;1803
2025-07-02T20:34:03Z;1779;;1779
2025-07-02T20:34:30Z;1800;;1800
2025-07-02T20:34:32Z;1796;;1796
2025-07-02T20:42:15Z;1800;;1800
2025-07-02T20:42:17Z;1797;;1797
2025-07-02T20:42:19Z;1801;;1801
2025-07-02T20:42:21Z;1798;;1798
2025-07-02T20:42:23Z;1805;;1805
2025-07-02T20:42:25Z;1795;;1795
2025-07-02T20:42:27Z;1800;;1800
2025-07-02T20:42:28Z;1792;;1792
2025-07-02T20:42:30Z;1801;;1801
2025-07-02T20:42:32Z;1794;;1794
2025-07-02T20:42:33Z;1807;;1807
2025-07-02T20:42:35Z;1799;;1799
2025-07-02T20:42:37Z;1818;;1818
2025-07-02T20:42:39Z;1799;;1799
2025-07-02T20:42:40Z;1822;;1822
2025-07-02T20:42:42Z;1793;;1793
2025-07-02T20:42:44Z;1803;;1803
2025-07-02T20:42:46Z;1798;;1798
2025-07-02T20:42:48Z;1808;;1808
2025-07-02T20:42:49Z;1795;;1795
2025-07-02T20:42:54Z;1907;;1907
2025-07-02T20:45:07Z;1994;0;1907
2025-07-02T20:45:46Z;1799;;1799
2025-07-02T20:45:50Z;1801;;1801
2025-07-02T20:45:52Z;1796;;1796
2025-07-02T20:45:54Z;1808;;1808
2025-07-02T20:45:55Z;1799;;1799
2025-07-02T20:45:57Z;1800;;1800
2025-07-02T20:45:59Z;1799;;1799
2025-07-02T20:46:01Z;1803;;1803
2025-07-02T20:46:03Z;1799;;1799
2025-07-02T20:46:04Z;1804;;1804
2025-07-02T20:46:06Z;1798;;1798
2025-07-02T20:46:08Z;1801;;1801
2025-07-02T20:46:11Z;1796;;1796
2025-07-02T20:46:13Z;1803;;1803
2025-07-02T20:46:14Z;1795;;1795
2025-07-02T20:46:16Z;1805;;1805
2025-07-02T20:46:18Z;1798;;1798
2025-07-02T20:46:20Z;1801;;1801
2025-07-02T20:46:22Z;1799;;1799
2025-07-02T20:46:24Z;1802;;1802
2025-07-02T20:46:26Z;1798;;1798
2025-07-02T20:46:29Z;1801;;1801
2025-07-02T20:46:31Z;1797;;1797
2025-07-02T20:46:37Z;1813;;1813
2025-07-02T20:46:39Z;1799;;1799
2025-07-02T20:46:41Z;1808;;1808
2025-07-02T20:46:43Z;1798;;1798
2025-07-02T20:46:56Z;1800;;1800
2025-07-02T20:46:58Z;1798;;1798
2025-07-02T20:47:03Z;1816;;1816
2025-07-02T20:47:09Z;1786;;1786
2025-07-02T20:47:12Z;1805;;1805
2025-07-02T20:47:14Z;1794;;1794
2025-07-02T20:47:16Z;1805;;1805
2025-07-02T20:47:18Z;1793;;1793
2025-07-02T20:47:19Z;1807;;1807
2025-07-02T20:47:21Z;1792;;1792
2025-07-02T20:47:24Z;1808;;1808
2025-07-02T20:47:27Z;1793;;1793
2025-07-02T20:47:29Z;1811;;1811
2025-07-02T20:47:31Z;1795;;1795
2025-07-02T20:47:34Z;1812;;1812
2025-07-02T20:47:36Z;1799;;1799
2025-07-02T20:47:39Z;1804;;1804
2025-07-02T20:47:49Z;1798;;1798
2025-07-02T20:47:52Z;1803;;1803
2025-07-02T20:47:55Z;1799;;1799
2025-07-02T20:47:59Z;1802;;1802
2025-07-02T20:48:04Z;1799;;1799
2025-07-02T20:48:07Z;1804;;1804
2025-07-02T20:48:10Z;1788;;1788
2025-07-02T20:48:12Z;1804;;1804
2025-07-02T20:48:15Z;1798;;1798
2025-07-02T20:48:18Z;1801;;1801
2025-07-02T20:48:20Z;1798;;1798
2025-07-02T20:48:26Z;1803;;1803
2025-07-02T20:48:30Z;1798;;1798
2025-07-02T20:48:33Z;1800;;1800
2025-07-02T20:48:35Z;1785;;1785
2025-07-02T20:48:42Z;1804;;1804
2025-07-02T20:48:45Z;1793;;1793
2025-07-02T20:48:58Z;1800;;1800
2025-07-02T20:49:01Z;1790;;1790
2025-07-02T20:49:36Z;1801;;1801
2025-07-02T20:49:39Z;1790;;1790
2025-07-02T20:49:42Z;1804;;1804
2025-07-02T20:49:44Z;1796;;1796
2025-07-02T20:49:47Z;1807;;1807
2025-07-02T20:49:49Z;1793;;1793
2025-07-02T20:50:46Z;1807;;1807
2025-07-02T20:50:49Z;1786;;1786
2025-07-02T20:51:47Z;1801;;1801
2025-07-02T20:51:51Z;1793;;1793
2025-07-02T20:52:50Z;1801;;1801
2025-07-02T20:52:53Z;1778;;1778
2025-07-02T20:53:36Z;1807;;1807
2025-07-02T20:53:39Z;1787;;1787
2025-07-02T20:53:46Z;1800;;1800
2025-07-02T20:53:47Z;1776;;1776
2025-07-02T21:00:07Z;;0;1776
2025-07-02T21:00:08Z;1549;;1549
2025-07-02T21:00:32Z;1404;;1404
2025-07-02T21:00:56Z;1631;;1631
2025-07-02T21:13:36Z;1803;;1803
2025-07-02T21:13:38Z;1795;;1795
2025-07-02T21:14:15Z;1811;;1811
2025-07-02T21:14:17Z;1783;;1783
2025-07-02T21:15:01Z;1814;;1814
2025-07-02T21:15:03Z;1785;;1785
2025-07-02T21:15:07Z;1785;0;1785
2025-07-02T21:15:18Z;1800;;1800
2025-07-02T21:15:20Z;1792;;1792
2025-07-02T21:15:22Z;1809;;1809
2025-07-02T21:15:24Z;1789;;1789
2025-07-02T21:16:06Z;1801;;1801
2025-07-02T21:16:08Z;1783;;1783
2025-07-02T21:16:23Z;1809;;1809
2025-07-02T21:16:25Z;1783;;1783
2025-07-02T21:16:36Z;1803;;1803
2025-07-02T21:16:38Z;1795;;1795
2025-07-02T21:16:52Z;1808;;1808
2025-07-02T21:16:54Z;1780;;1780
2025-07-02T21:19:00Z;1805;;1805
2025-07-02T21:19:03Z;1794;;1794
2025-07-02T21:19:17Z;1803;;1803
2025-07-02T21:19:19Z;1797;;1797
2025-07-02T21:19:21Z;1800;;1800
2025-07-02T21:19:25Z;1799;;1799
2025-07-02T21:19:28Z;1802;;1802
2025-07-02T21:19:32Z;1797;;1797
2025-07-02T21:19:38Z;1802;;1802
2025-07-02T21:19:41Z;1796;;1796
2025-07-02T21:19:46Z;1800;;1800
2025-07-02T21:19:49Z;1795;;1795
2025-07-02T21:20:01Z;1801;;1801
2025-07-02T21:20:04Z;1798;;1798
2025-07-02T21:20:29Z;1800;;1800
2025-07-02T21:20:31Z;1792;;1792
2025-07-02T21:20:40Z;1801;;1801
2025-07-02T21:20:43Z;1788;;1788
2025-07-02T21:20:46Z;1802;;1802
2025-07-02T21:20:48Z;1794;;1794
2025-07-02T21:20:51Z;1804;;1804
2025-07-02T21:20:54Z;1799;;1799
2025-07-02T21:20:58Z;1800;;1800
2025-07-02T21:21:00Z;1792;;1792
2025-07-02T21:21:05Z;1813;;1813
2025-07-02T21:21:07Z;1796;;1796
2025-07-02T21:21:22Z;1802;;1802
2025-07-02T21:21:24Z;1794;;1794
2025-07-02T21:22:16Z;1800;;1800
2025-07-02T21:22:19Z;1783;;1783
2025-07-02T21:22:32Z;1810;;1810
2025-07-02T21:22:35Z;1780;;1780
2025-07-02T21:22:40Z;2043;;2043
2025-07-02T21:23:17Z;1745;;1745
2025-07-02T21:26:49Z;1486;;1486
2025-07-02T21:26:58Z;1503;;1503
2025-07-02T21:27:00Z;1498;;1498
2025-07-02T21:27:01Z;1505;;1505
2025-07-02T21:27:03Z;1497;;1497
2025-07-02T21:27:06Z;1502;;1502
2025-07-02T21:27:09Z;1497;;1497
2025-07-02T21:27:11Z;1500;;1500
2025-07-02T21:27:14Z;1494;;1494
2025-07-02T21:27:20Z;1501;;1501
2025-07-02T21:27:24Z;1496;;1496
2025-07-02T21:27:27Z;1511;;1511
2025-07-02T21:27:30Z;1499;;1499
2025-07-02T21:27:33Z;1501;;1501
2025-07-02T21:27:34Z;1499;;1499
2025-07-02T21:27:36Z;1513;;1513
2025-07-02T21:27:39Z;1497;;1497
2025-07-02T21:27:42Z;1512;;1512
2025-07-02T21:27:50Z;1497;;1497
2025-07-02T21:27:54Z;1503;;1503
2025-07-02T21:27:56Z;1499;;1499
2025-07-02T21:27:59Z;1503;;1503
2025-07-02T21:28:00Z;1497;;1497
2025-07-02T21:28:02Z;1502;;1502
2025-07-02T21:28:14Z;1482;;1482
2025-07-02T21:28:18Z;1554;;1554
2025-07-02T21:28:29Z;1499;;1499
2025-07-02T21:28:33Z;1500;;1500
2025-07-02T21:28:36Z;1497;;1497
2025-07-02T21:28:43Z;1508;;1508
2025-07-02T21:28:46Z;1496;;1496
2025-07-02T21:28:48Z;1501;;1501
2025-07-02T21:28:50Z;1499;;1499
2025-07-02T21:29:01Z;1507;;1507
2025-07-02T21:29:04Z;1496;;1496
2025-07-02T21:29:07Z;1500;;1500
2025-07-02T21:29:10Z;1498;;1498
2025-07-02T21:29:12Z;1506;;1506
2025-07-02T21:29:14Z;1499;;1499
2025-07-02T21:29:15Z;1528;;1528
2025-07-02T21:29:20Z;1498;;1498
2025-07-02T21:29:21Z;1502;;1502
2025-07-02T21:29:24Z;1496;;1496
2025-07-02T21:29:25Z;1500;;1500
2025-07-02T21:29:27Z;1499;;1499
2025-07-02T21:29:31Z;1500;;1500
2025-07-02T21:29:33Z;1466;;1466
2025-07-02T21:29:36Z;1500;;1500
2025-07-02T21:29:37Z;1498;;1498
2025-07-02T21:29:39Z;1502;;1502
2025-07-02T21:29:42Z;1498;;1498
2025-07-02T21:29:45Z;1513;;1513
2025-07-02T21:29:48Z;1498;;1498
2025-07-02T21:29:50Z;1504;;1504
2025-07-02T21:29:51Z;1496;;1496
2025-07-02T21:29:53Z;1500;;1500
2025-07-02T21:29:57Z;1496;;1496
2025-07-02T21:30:00Z;1500;;1500
2025-07-02T21:30:04Z;1494;;1494
2025-07-02T21:30:07Z;;0;1494
2025-07-02T21:30:08Z;1525;;1525
2025-07-02T21:30:10Z;1494;;1494
2025-07-02T21:30:17Z;1500;;1500
2025-07-02T21:30:19Z;1495;;1495
2025-07-02T21:30:20Z;1501;;1501
2025-07-02T21:30:24Z;1496;;1496
2025-07-02T21:30:45Z;1505;;1505
2025-07-02T21:30:47Z;1498;;1498
2025-07-02T21:30:50Z;1515;;1515
2025-07-02T21:30:53Z;1496;;1496
2025-07-02T21:31:01Z;1502;;1502
2025-07-02T21:31:06Z;1496;;1496
2025-07-02T21:31:28Z;1500;;1500
2025-07-02T21:31:30Z;1497;;1497
2025-07-02T21:31:33Z;1500;;1500
2025-07-02T21:31:35Z;1491;;1491
2025-07-02T21:31:38Z;1501;;1501
2025-07-02T21:31:41Z;1491;;1491
2025-07-02T21:31:43Z;1507;;1507
2025-07-02T21:31:44Z;1496;;1496
2025-07-02T21:31:46Z;1503;;1503
2025-07-02T21:31:49Z;1489;;1489
2025-07-02T21:31:57Z;1500;;1500
2025-07-02T21:32:00Z;1498;;1498
2025-07-02T21:32:04Z;1514;;1514
2025-07-02T21:32:08Z;1485;;1485
2025-07-02T21:33:08Z;1537;;1537
2025-07-02T21:34:05Z;1800;;1800
2025-07-02T21:34:08Z;1778;;1778
2025-07-02T21:38:24Z;1807;;1807
2025-07-02T21:38:26Z;1788;;1788
2025-07-02T21:40:23Z;1828;;1828
2025-07-02T21:40:46Z;1792;;1792
2025-07-02T21:45:07Z;1713;0;1792
2025-07-02T21:58:25Z;1365;;1365
2025-07-02T22:00:07Z;1392;0;1365
2025-07-02T22:05:06Z;1519;;1519
2025-07-02T22:15:07Z;1574;0;1519
2025-07-02T22:27:05Z;1403;;1403
2025-07-02T22:29:05Z;1708;;1708
2025-07-02T22:30:07Z;;0;1708
2025-07-02T22:30:08Z;1681;;1681
2025-07-02T22:33:47Z;3226;;3226
2025-07-02T22:33:49Z;1922;;1922
2025-07-02T22:45:07Z;1948;0;1922
2025-07-02T22:56:26Z;1677;;1677
2025-07-02T23:00:07Z;1616;0;1677
2025-07-02T23:03:10Z;1829;;1829
2025-07-02T23:15:07Z;1830;0;1829
2025-07-02T23:26:53Z;1699;;1699
2025-07-02T23:30:07Z;;0;1699
2025-07-02T23:30:09Z;1691;;1691
2025-07-02T23:33:36Z;2787;;2787
2025-07-02T23:33:38Z;1890;;1890
2025-07-02T23:42:36Z;1645;;1645
2025-07-02T23:45:07Z;1607;0;1645
2025-07-02T23:50:09Z;1406;;1406
2025-07-02T23:51:30Z;1116;;1116
2025-07-02T23:52:19Z;832;;832
2025-07-02T23:56:54Z;994;;994