timestamp;P_ex;P_pr;P_load
2026-03-27T00:00:33Z;;0;398
2026-03-27T00:00:42Z;368;;368
2026-03-27T00:15:34Z;;0;368
2026-03-27T00:15:42Z;386;;386
2026-03-27T00:30:33Z;;0;386
2026-03-27T00:30:42Z;394;;394
2026-03-27T00:45:33Z;;0;394
2026-03-27T00:45:42Z;342;;342
2026-03-27T01:00:33Z;;0;342
2026-03-27T01:00:43Z;355;;355
2026-03-27T01:15:33Z;;0;355
2026-03-27T01:15:42Z;391;;391
2026-03-27T01:30:36Z;;0;391
2026-03-27T01:30:42Z;389;;389
2026-03-27T01:45:33Z;;0;389
2026-03-27T01:45:44Z;352;;352
2026-03-27T02:00:42Z;351;;351
2026-03-27T02:15:34Z;;0;351
2026-03-27T02:15:42Z;381;;381
2026-03-27T02:30:33Z;;0;381
2026-03-27T02:30:42Z;390;;390
2026-03-27T02:45:33Z;;0;390
2026-03-27T02:45:42Z;357;;357
2026-03-27T03:00:36Z;;0;357
2026-03-27T03:00:42Z;377;;377
2026-03-27T03:15:35Z;;0;377
2026-03-27T03:15:43Z;402;;402
2026-03-27T03:30:33Z;;0;402
2026-03-27T03:30:42Z;391;;391
2026-03-27T03:45:33Z;;0;391
2026-03-27T03:45:42Z;360;;360
2026-03-27T04:00:33Z;;0;360
2026-03-27T04:00:42Z;362;;362
2026-03-27T04:15:33Z;;0;362
2026-03-27T04:15:43Z;400;;400
2026-03-27T04:30:34Z;;0;400
2026-03-27T04:45:33Z;;0;400
2026-03-27T04:45:42Z;355;;355
2026-03-27T04:53:27Z;299;;299
2026-03-27T04:53:29Z;303;;303
2026-03-27T04:53:39Z;299;;299
2026-03-27T04:53:40Z;301;;301
2026-03-27T04:53:57Z;299;;299
2026-03-27T04:53:58Z;300;;300
2026-03-27T04:54:00Z;299;;299
2026-03-27T04:54:02Z;301;;301
2026-03-27T04:54:04Z;299;;299
2026-03-27T04:54:05Z;302;;302
2026-03-27T04:54:08Z;299;;299
2026-03-27T04:54:10Z;303;;303
2026-03-27T04:54:19Z;298;;298
2026-03-27T04:54:23Z;300;;300
2026-03-27T04:54:27Z;298;;298
2026-03-27T04:54:29Z;302;;302
2026-03-27T04:54:31Z;298;;298
2026-03-27T04:54:35Z;300;;300
2026-03-27T04:54:45Z;297;;297
2026-03-27T04:54:51Z;300;;300
2026-03-27T04:54:52Z;299;;299
2026-03-27T04:54:54Z;301;;301
2026-03-27T04:54:56Z;298;;298
2026-03-27T04:54:58Z;304;;304
2026-03-27T04:55:00Z;298;;298
2026-03-27T04:55:01Z;300;;300
2026-03-27T04:55:03Z;296;;296
2026-03-27T04:55:05Z;301;;301
2026-03-27T04:55:07Z;298;;298
2026-03-27T04:55:10Z;302;;302
2026-03-27T04:55:13Z;299;;299
2026-03-27T04:55:14Z;301;;301
2026-03-27T04:55:16Z;299;;299
2026-03-27T04:55:18Z;300;;300
2026-03-27T04:55:20Z;299;;299
2026-03-27T04:55:21Z;301;;301
2026-03-27T04:55:23Z;297;;297
2026-03-27T04:55:25Z;300;;300
2026-03-27T04:55:31Z;299;;299
2026-03-27T04:55:32Z;302;;302
2026-03-27T04:55:35Z;299;;299
2026-03-27T04:55:36Z;301;;301
2026-03-27T04:55:38Z;299;;299
2026-03-27T04:55:41Z;300;;300
2026-03-27T04:55:46Z;299;;299
2026-03-27T04:55:49Z;301;;301
2026-03-27T04:55:51Z;299;;299
2026-03-27T04:55:52Z;300;;300
2026-03-27T04:55:53Z;298;;298
2026-03-27T04:55:54Z;300;;300
2026-03-27T04:55:57Z;299;;299
2026-03-27T04:55:59Z;302;;302
2026-03-27T04:56:02Z;299;;299
2026-03-27T04:56:03Z;300;;300
2026-03-27T04:56:07Z;298;;298
2026-03-27T04:56:10Z;301;;301
2026-03-27T04:56:13Z;299;;299
2026-03-27T04:56:15Z;300;;300
2026-03-27T04:56:23Z;299;;299
2026-03-27T04:56:24Z;301;;301
2026-03-27T04:56:30Z;299;;299
2026-03-27T04:56:32Z;300;;300
2026-03-27T04:56:39Z;299;;299
2026-03-27T04:56:40Z;300;;300
2026-03-27T04:56:49Z;299;;299
2026-03-27T04:56:50Z;301;;301
2026-03-27T04:57:03Z;299;;299
2026-03-27T04:57:04Z;301;;301
2026-03-27T04:57:09Z;298;;298
2026-03-27T04:57:11Z;301;;301
2026-03-27T04:57:13Z;299;;299
2026-03-27T04:57:18Z;302;;302
2026-03-27T04:57:22Z;297;;297
2026-03-27T04:57:23Z;300;;300
2026-03-27T04:57:25Z;299;;299
2026-03-27T04:57:27Z;301;;301
2026-03-27T04:57:30Z;299;;299
2026-03-27T04:57:34Z;302;;302
2026-03-27T04:57:37Z;299;;299
2026-03-27T04:57:42Z;301;;301
2026-03-27T04:57:43Z;299;;299
2026-03-27T04:57:45Z;300;;300
2026-03-27T04:57:47Z;299;;299
2026-03-27T04:57:49Z;300;;300
2026-03-27T04:57:50Z;298;;298
2026-03-27T04:57:52Z;300;;300
2026-03-27T04:57:54Z;298;;298
2026-03-27T04:57:56Z;302;;302
2026-03-27T04:57:57Z;299;;299
2026-03-27T04:57:59Z;301;;301
2026-03-27T04:58:01Z;299;;299
2026-03-27T04:58:03Z;301;;301
2026-03-27T04:58:04Z;297;;297
2026-03-27T04:58:06Z;300;;300
2026-03-27T04:58:08Z;299;;299
2026-03-27T04:58:10Z;301;;301
2026-03-27T04:58:12Z;299;;299
2026-03-27T04:58:13Z;300;;300
2026-03-27T04:58:15Z;298;;298
2026-03-27T04:58:17Z;301;;301
2026-03-27T04:58:19Z;299;;299
2026-03-27T04:58:20Z;300;;300
2026-03-27T04:58:22Z;298;;298
2026-03-27T04:58:24Z;303;;303
2026-03-27T04:58:26Z;299;;299
2026-03-27T04:58:28Z;300;;300
2026-03-27T04:58:29Z;292;;292
2026-03-27T04:58:31Z;301;;301
2026-03-27T04:58:33Z;299;;299
2026-03-27T04:58:35Z;300;;300
2026-03-27T04:58:37Z;298;;298
2026-03-27T04:58:40Z;301;;301
2026-03-27T04:58:45Z;299;;299
2026-03-27T04:58:46Z;300;;300
2026-03-27T04:58:52Z;298;;298
2026-03-27T04:58:54Z;304;;304
2026-03-27T04:58:55Z;298;;298
2026-03-27T04:58:59Z;302;;302
2026-03-27T04:59:01Z;299;;299
2026-03-27T04:59:04Z;300;;300
2026-03-27T04:59:06Z;299;;299
2026-03-27T04:59:23Z;303;;303
2026-03-27T04:59:25Z;296;;296
2026-03-27T05:00:33Z;;0;296
2026-03-27T05:00:36Z;300;;300
2026-03-27T05:00:39Z;295;;295
2026-03-27T05:00:42Z;295;;295
2026-03-27T05:00:57Z;301;;301
2026-03-27T05:01:00Z;298;;298
2026-03-27T05:01:30Z;300;;300
2026-03-27T05:01:32Z;298;;298
2026-03-27T05:05:47Z;300;;300
2026-03-27T05:05:50Z;298;;298
2026-03-27T05:05:57Z;333;;333
2026-03-27T05:15:22Z;;29;362
2026-03-27T05:15:24Z;;0;333
2026-03-27T05:15:33Z;;0;333
2026-03-27T05:15:41Z;328;;328
2026-03-27T05:19:07Z;;1;329
2026-03-27T05:19:08Z;;0;328
2026-03-27T05:19:11Z;;1;329
2026-03-27T05:19:12Z;;0;328
2026-03-27T05:19:15Z;;1;329
2026-03-27T05:19:16Z;;0;328
2026-03-27T05:19:17Z;;1;329
2026-03-27T05:19:18Z;;0;328
2026-03-27T05:19:22Z;;1;329
2026-03-27T05:19:28Z;;0;328
2026-03-27T05:19:29Z;;1;329
2026-03-27T05:28:54Z;;0;328
2026-03-27T05:28:55Z;;17;345
2026-03-27T05:28:56Z;;433;761
2026-03-27T05:28:57Z;;30;358
2026-03-27T05:29:21Z;;0;328
2026-03-27T05:29:22Z;;18;346
2026-03-27T05:29:23Z;;462;790
2026-03-27T05:29:24Z;;32;360
2026-03-27T05:30:33Z;;34;362
2026-03-27T05:30:42Z;322;;356
2026-03-27T05:31:48Z;288;;322
2026-03-27T05:38:58Z;597;;631
2026-03-27T05:39:01Z;266;;300
2026-03-27T05:39:25Z;587;;621
2026-03-27T05:39:27Z;273;;307
2026-03-27T05:39:28Z;313;;347
2026-03-27T05:39:30Z;263;;297
2026-03-27T05:45:33Z;;89;352
2026-03-27T05:45:42Z;236;;325
2026-03-27T05:49:34Z;;405;641
2026-03-27T05:49:35Z;;113;349
2026-03-27T05:59:10Z;;0;236
2026-03-27T05:59:11Z;;263;499
2026-03-27T06:00:33Z;;299;535
2026-03-27T06:00:35Z;;298;534
2026-03-27T06:00:36Z;;300;536
2026-03-27T06:00:42Z;22;;322
2026-03-27T06:01:12Z;0;;300
2026-03-27T06:01:14Z;1;;301
2026-03-27T06:01:16Z;0;;300
2026-03-27T06:01:18Z;-1;;299
2026-03-27T06:01:20Z;-4;;296
2026-03-27T06:01:22Z;-3;;297
2026-03-27T06:01:26Z;-3;;297
2026-03-27T06:01:35Z;6;;306
2026-03-27T06:01:37Z;-10;;290
2026-03-27T06:03:45Z;21;;321
2026-03-27T06:03:47Z;-24;;276
2026-03-27T06:09:16Z;35;;335
2026-03-27T06:09:17Z;-115;;185
2026-03-27T06:11:04Z;69;;369
2026-03-27T06:11:08Z;-164;;136
2026-03-27T06:11:33Z;64;;364
2026-03-27T06:11:52Z;-185;;115
2026-03-27T06:13:37Z;;600;415
2026-03-27T06:13:39Z;;599;414
2026-03-27T06:13:41Z;;600;415
2026-03-27T06:13:45Z;;599;414
2026-03-27T06:13:47Z;;603;418
2026-03-27T06:15:17Z;-301;;302
2026-03-27T06:15:19Z;-289;;314
2026-03-27T06:15:30Z;-302;;301
2026-03-27T06:15:33Z;-291;;312
2026-03-27T06:15:34Z;-301;;302
2026-03-27T06:15:35Z;;651;350
2026-03-27T06:15:36Z;-293;;358
2026-03-27T06:15:37Z;-318;;333
2026-03-27T06:15:39Z;-298;;353
2026-03-27T06:15:41Z;-300;;351
2026-03-27T06:15:45Z;-303;;348
2026-03-27T06:15:52Z;-298;;353
2026-03-27T06:15:53Z;-303;;348
2026-03-27T06:15:56Z;-293;;358
2026-03-27T06:15:58Z;-293;;358
2026-03-27T06:20:26Z;;519;226
2026-03-27T06:20:27Z;;705;412
2026-03-27T06:20:45Z;-190;;515
2026-03-27T06:20:47Z;-342;;363
2026-03-27T06:21:06Z;758;;1463
2026-03-27T06:21:34Z;-347;;358
2026-03-27T06:21:43Z;768;;1473
2026-03-27T06:21:45Z;-273;;432
2026-03-27T06:21:46Z;-327;;378
2026-03-27T06:21:48Z;769;;1474
2026-03-27T06:21:50Z;-307;;398
2026-03-27T06:21:52Z;788;;1493
2026-03-27T06:21:53Z;-317;;388
2026-03-27T06:21:56Z;784;;1489
2026-03-27T06:21:58Z;-309;;396
2026-03-27T06:22:00Z;785;;1490
2026-03-27T06:22:01Z;-314;;391
2026-03-27T06:22:04Z;782;;1487
2026-03-27T06:22:06Z;-318;;387
2026-03-27T06:22:16Z;780;;1485
2026-03-27T06:22:17Z;-322;;383
2026-03-27T06:22:20Z;788;;1493
2026-03-27T06:22:22Z;-317;;388
2026-03-27T06:22:24Z;774;;1479
2026-03-27T06:22:25Z;-354;;351
2026-03-27T06:22:28Z;753;;1458
2026-03-27T06:22:31Z;-362;;343
2026-03-27T06:22:32Z;754;;1459
2026-03-27T06:22:34Z;-367;;338
2026-03-27T06:22:44Z;689;;1394
2026-03-27T06:22:45Z;-359;;346
2026-03-27T06:22:56Z;730;;1435
2026-03-27T06:22:58Z;-368;;337
2026-03-27T06:23:00Z;722;;1427
2026-03-27T06:23:01Z;-358;;347
2026-03-27T06:24:24Z;743;;1448
2026-03-27T06:24:26Z;-389;;316
2026-03-27T06:26:26Z;669;;1374
2026-03-27T06:26:27Z;-403;;302
2026-03-27T06:28:22Z;636;;1341
2026-03-27T06:28:24Z;-496;;209
2026-03-27T06:28:26Z;636;;1341
2026-03-27T06:28:27Z;-505;;200
2026-03-27T06:29:03Z;;901;396
2026-03-27T06:29:04Z;;897;392
2026-03-27T06:29:06Z;;901;396
2026-03-27T06:29:20Z;;500;-5
2026-03-27T06:29:21Z;;898;393
2026-03-27T06:29:22Z;-239;;659
2026-03-27T06:29:23Z;;912;673
2026-03-27T06:29:25Z;-527;;385
2026-03-27T06:30:25Z;-252;;660
2026-03-27T06:30:27Z;;739;487
2026-03-27T06:30:28Z;;956;704
2026-03-27T06:30:29Z;-574;;382
2026-03-27T06:30:33Z;;956;382
2026-03-27T06:30:38Z;-602;;354
2026-03-27T06:30:40Z;-599;;357
2026-03-27T06:30:42Z;-601;;355
2026-03-27T06:30:45Z;-584;;372
2026-03-27T06:30:46Z;-596;;360
2026-03-27T06:30:47Z;528;;1484
2026-03-27T06:30:49Z;-599;;357
2026-03-27T06:30:51Z;-606;;350
2026-03-27T06:30:53Z;-588;;368
2026-03-27T06:30:55Z;-613;;343
2026-03-27T06:31:01Z;-595;;361
2026-03-27T06:31:02Z;-600;;356
2026-03-27T06:31:38Z;-595;;361
2026-03-27T06:31:40Z;-613;;343
2026-03-27T06:34:50Z;-598;;358
2026-03-27T06:34:53Z;-614;;342
2026-03-27T06:34:56Z;-598;;358
2026-03-27T06:34:59Z;-606;;350
2026-03-27T06:35:01Z;-594;;362
2026-03-27T06:35:04Z;-611;;345
2026-03-27T06:35:11Z;-596;;360
2026-03-27T06:35:14Z;-609;;347
2026-03-27T06:35:23Z;-599;;357
2026-03-27T06:35:27Z;-611;;345
2026-03-27T06:35:30Z;-593;;363
2026-03-27T06:35:32Z;-604;;352
2026-03-27T06:35:34Z;-594;;362
2026-03-27T06:35:36Z;-604;;352
2026-03-27T06:35:39Z;-575;;381
2026-03-27T06:35:41Z;-604;;352
2026-03-27T06:35:44Z;-595;;361
2026-03-27T06:35:47Z;-609;;347
2026-03-27T06:35:49Z;-599;;357
2026-03-27T06:35:52Z;-612;;344
2026-03-27T06:36:00Z;-599;;357
2026-03-27T06:36:02Z;-614;;342
2026-03-27T06:36:04Z;-599;;357
2026-03-27T06:36:06Z;-612;;344
2026-03-27T06:36:07Z;-597;;359
2026-03-27T06:36:09Z;-613;;343
2026-03-27T06:37:31Z;-572;;384
2026-03-27T06:37:33Z;-671;;285
2026-03-27T06:39:26Z;-326;;630
2026-03-27T06:39:29Z;-716;;240
2026-03-27T06:40:32Z;-528;;428
2026-03-27T06:40:34Z;-794;;162
2026-03-27T06:41:07Z;;1201;407
2026-03-27T06:41:11Z;;1199;405
2026-03-27T06:41:13Z;;1207;413
2026-03-27T06:41:31Z;-904;;303
2026-03-27T06:41:33Z;-892;;315
2026-03-27T06:41:51Z;-894;;313
2026-03-27T06:41:54Z;-897;;310
2026-03-27T06:41:57Z;-897;;310
2026-03-27T06:42:00Z;-896;;311
2026-03-27T06:42:03Z;-906;;301
2026-03-27T06:42:05Z;-899;;308
2026-03-27T06:42:08Z;-900;;307
2026-03-27T06:42:11Z;-889;;318
2026-03-27T06:42:12Z;;1116;227
2026-03-27T06:42:13Z;;1241;352
2026-03-27T06:42:15Z;-907;;334
2026-03-27T06:42:17Z;-891;;350
2026-03-27T06:42:19Z;-911;;330
2026-03-27T06:42:25Z;-899;;342
2026-03-27T06:42:27Z;-910;;331
2026-03-27T06:44:07Z;;1178;268
2026-03-27T06:44:09Z;;1234;324
2026-03-27T06:44:11Z;-895;;339
2026-03-27T06:44:14Z;-901;;333
2026-03-27T06:44:23Z;-899;;335
2026-03-27T06:44:24Z;-900;;334
2026-03-27T06:44:27Z;-891;1192;301
2026-03-27T06:44:29Z;-903;1238;347
2026-03-27T06:44:32Z;-891;;347
2026-03-27T06:44:36Z;-906;;332
2026-03-27T06:44:38Z;-896;;342
2026-03-27T06:44:41Z;-901;;337
2026-03-27T06:44:43Z;-892;;346
2026-03-27T06:44:45Z;-907;;331
2026-03-27T06:44:50Z;-897;;341
2026-03-27T06:44:52Z;-901;;337
2026-03-27T06:44:55Z;-881;;357
2026-03-27T06:45:33Z;;1212;331
2026-03-27T06:45:42Z;-875;;337
2026-03-27T06:46:15Z;-900;;312
2026-03-27T06:46:17Z;-899;;313
2026-03-27T06:46:20Z;-902;;310
2026-03-27T06:46:22Z;-902;;310
2026-03-27T06:46:25Z;-902;;310
2026-03-27T06:46:35Z;;1175;273
2026-03-27T06:46:36Z;;1259;332
2026-03-27T06:46:37Z;-808;;367
2026-03-27T06:46:39Z;-927;;248
2026-03-27T06:49:19Z;-898;;361
2026-03-27T06:49:31Z;;1193;295
2026-03-27T06:49:32Z;;1234;336
2026-03-27T06:49:41Z;-925;;268
2026-03-27T06:49:43Z;-829;;405
2026-03-27T06:50:22Z;-907;;327
2026-03-27T06:50:26Z;-889;;345
2026-03-27T06:50:35Z;;834;-55
2026-03-27T06:50:36Z;;1291;402
2026-03-27T06:50:51Z;;1110;221
2026-03-27T06:50:52Z;;1284;384
2026-03-27T06:51:12Z;-904;;206
2026-03-27T06:51:15Z;-898;;212
2026-03-27T06:51:18Z;-900;;210
2026-03-27T06:55:02Z;;1500;600
2026-03-27T06:55:03Z;;1499;599
2026-03-27T06:55:04Z;;1500;600
2026-03-27T06:55:05Z;;1499;599
2026-03-27T06:55:08Z;;1502;602
2026-03-27T06:55:12Z;;1488;588
2026-03-27T06:55:14Z;;1500;600
2026-03-27T06:55:18Z;;1497;597
2026-03-27T06:55:20Z;;1504;604
2026-03-27T06:55:24Z;;1491;591
2026-03-27T06:55:26Z;;1506;606
2026-03-27T06:55:36Z;;1498;598
2026-03-27T06:55:38Z;;1511;611
2026-03-27T06:56:26Z;-1201;;310
2026-03-27T06:56:29Z;-1198;;313
2026-03-27T06:56:32Z;-1201;;310
2026-03-27T06:56:34Z;-1198;;313
2026-03-27T06:56:37Z;-1207;;304
2026-03-27T06:56:42Z;-1194;;317
2026-03-27T06:56:44Z;-1200;;311
2026-03-27T06:56:49Z;-1199;;312
2026-03-27T06:56:52Z;-1217;;294
2026-03-27T06:57:00Z;-1192;;319
2026-03-27T06:57:03Z;-1206;;305
2026-03-27T06:57:05Z;-1198;;313
2026-03-27T06:57:24Z;;1489;291
2026-03-27T06:59:35Z;-436;;1053
2026-03-27T06:59:38Z;-1103;;386
2026-03-27T07:00:33Z;;1356;253
2026-03-27T07:00:40Z;;1172;69
2026-03-27T07:00:41Z;-365;1303;200
2026-03-27T07:00:45Z;-980;;323
2026-03-27T07:00:46Z;-962;;341
2026-03-27T07:01:06Z;-888;;415
2026-03-27T07:01:10Z;-946;;357
2026-03-27T07:01:46Z;;1503;557
2026-03-27T07:02:04Z;-1200;;303
2026-03-27T07:02:08Z;-1196;;307
2026-03-27T07:02:11Z;-1205;;298
2026-03-27T07:02:14Z;-1180;;323
2026-03-27T07:02:29Z;;1416;236
2026-03-27T07:02:30Z;;1536;356
2026-03-27T07:03:15Z;-1200;;336
2026-03-27T07:03:18Z;-1175;;361
2026-03-27T07:03:27Z;;1430;255
2026-03-27T07:03:28Z;;1531;356
2026-03-27T07:03:40Z;-1200;;331
2026-03-27T07:05:14Z;-1158;;373
2026-03-27T07:05:22Z;-1298;;233
2026-03-27T07:06:40Z;;1801;503
2026-03-27T07:06:41Z;;1797;499
2026-03-27T07:06:42Z;;1800;502
2026-03-27T07:06:43Z;;1797;499
2026-03-27T07:06:46Z;;1803;505
2026-03-27T07:06:50Z;;1777;479
2026-03-27T07:06:53Z;;1802;504
2026-03-27T07:06:56Z;;1789;491
2026-03-27T07:06:58Z;;1803;505
2026-03-27T07:07:02Z;;1779;481
2026-03-27T07:07:04Z;;1805;507
2026-03-27T07:07:08Z;;1792;494
2026-03-27T07:07:10Z;;1807;509
2026-03-27T07:07:14Z;;1783;485
2026-03-27T07:07:16Z;;1810;512
2026-03-27T07:07:20Z;;1797;499
2026-03-27T07:07:22Z;;1811;513
2026-03-27T07:07:26Z;;1786;488
2026-03-27T07:07:28Z;;1812;514
2026-03-27T07:07:33Z;;1798;500
2026-03-27T07:07:34Z;;1800;502
2026-03-27T07:07:38Z;;1787;489
2026-03-27T07:07:40Z;;1813;515
2026-03-27T07:07:50Z;;1792;494
2026-03-27T07:07:52Z;;1820;522
2026-03-27T07:09:37Z;-1147;;673
2026-03-27T07:09:40Z;-1403;;417
2026-03-27T07:10:47Z;-1161;;659
2026-03-27T07:10:50Z;-1442;;378
2026-03-27T07:11:49Z;;1704;262
2026-03-27T07:11:50Z;;1885;443
2026-03-27T07:12:44Z;;1795;353
2026-03-27T07:12:45Z;;1893;451
2026-03-27T07:13:05Z;-1501;;392
2026-03-27T07:13:08Z;-1496;;397
2026-03-27T07:13:11Z;-1505;;388
2026-03-27T07:13:13Z;-1483;;410
2026-03-27T07:13:16Z;-1504;;389
2026-03-27T07:13:19Z;-1497;;396
2026-03-27T07:13:21Z;-1508;;385
2026-03-27T07:13:24Z;-1490;;403
2026-03-27T07:13:28Z;-1508;;385
2026-03-27T07:13:31Z;-1497;;396
2026-03-27T07:13:34Z;-1550;;343
2026-03-27T07:15:03Z;-1439;;454
2026-03-27T07:15:04Z;-1575;;318
2026-03-27T07:15:33Z;;1962;387
2026-03-27T07:15:41Z;-1548;;414
2026-03-27T07:19:42Z;;1490;-58
2026-03-27T07:19:43Z;;2035;487
2026-03-27T07:20:50Z;-1497;;538
2026-03-27T07:20:52Z;;1751;254
2026-03-27T07:20:53Z;-1501;1914;417
2026-03-27T07:21:01Z;-1497;;417
2026-03-27T07:21:12Z;;1799;302
2026-03-27T07:22:19Z;;1800;303
2026-03-27T07:22:23Z;;1745;248
2026-03-27T07:22:24Z;;1833;336
2026-03-27T07:22:33Z;-1515;;318
2026-03-27T07:23:09Z;;2101;586
2026-03-27T07:23:12Z;;2099;584
2026-03-27T07:23:13Z;;2101;586
2026-03-27T07:23:14Z;;2090;575
2026-03-27T07:23:16Z;;2111;596
2026-03-27T07:23:38Z;;2095;580
2026-03-27T07:23:40Z;;2111;596
2026-03-27T07:23:48Z;;2095;580
2026-03-27T07:23:52Z;;2102;587
2026-03-27T07:23:54Z;;2098;583
2026-03-27T07:23:56Z;;2105;590
2026-03-27T07:24:02Z;;2094;579
2026-03-27T07:24:04Z;;2116;601
2026-03-27T07:26:21Z;-1810;;306
2026-03-27T07:26:25Z;-1796;;320
2026-03-27T07:26:27Z;-1800;;316
2026-03-27T07:26:29Z;-1802;;314
2026-03-27T07:26:31Z;-1801;;315
2026-03-27T07:26:34Z;-1790;;326
2026-03-27T07:26:37Z;-1803;;313
2026-03-27T07:26:39Z;-1789;;327
2026-03-27T07:26:42Z;-1802;;314
2026-03-27T07:26:45Z;-1789;;327
2026-03-27T07:26:47Z;-1802;;314
2026-03-27T07:26:50Z;-1799;;317
2026-03-27T07:26:53Z;-1808;;308
2026-03-27T07:26:55Z;-1792;;324
2026-03-27T07:26:58Z;-1793;;323
2026-03-27T07:27:00Z;-1798;;318
2026-03-27T07:27:03Z;-1800;;316
2026-03-27T07:27:06Z;-1797;;319
2026-03-27T07:27:09Z;-1810;;306
2026-03-27T07:29:43Z;-1770;2086;276
2026-03-27T07:29:44Z;;2265;495
2026-03-27T07:29:46Z;-1852;;413
2026-03-27T07:29:47Z;-598;;1667
2026-03-27T07:29:49Z;-1867;;398
2026-03-27T07:30:29Z;-1722;;543
2026-03-27T07:30:31Z;-1860;;405
2026-03-27T07:30:41Z;-1875;;390
2026-03-27T07:30:54Z;;1933;58
2026-03-27T07:30:55Z;;2289;414
2026-03-27T07:30:56Z;-1520;1600;-275
2026-03-27T07:30:57Z;;2312;792
2026-03-27T07:31:11Z;-1708;;604
2026-03-27T07:31:13Z;-1883;;429
2026-03-27T07:35:04Z;;2400;517
2026-03-27T07:35:05Z;;2393;510
2026-03-27T07:35:09Z;;2403;520
2026-03-27T07:35:11Z;;2399;516
2026-03-27T07:35:15Z;;2403;520
2026-03-27T07:35:17Z;;2397;514
2026-03-27T07:35:19Z;;2402;519
2026-03-27T07:35:25Z;;2397;514
2026-03-27T07:35:27Z;;2407;524
2026-03-27T07:35:31Z;;2134;251
2026-03-27T07:35:32Z;;2404;521
2026-03-27T07:35:33Z;;2386;503
2026-03-27T07:35:36Z;;2404;521
2026-03-27T07:35:37Z;;2390;507
2026-03-27T07:35:38Z;;2413;530
2026-03-27T07:35:39Z;;2378;495
2026-03-27T07:35:42Z;;2414;531
2026-03-27T07:35:51Z;;2393;510
2026-03-27T07:35:52Z;;2400;517
2026-03-27T07:39:10Z;;2320;437
2026-03-27T07:39:12Z;;2467;584
2026-03-27T07:39:18Z;-2101;;366
2026-03-27T07:39:20Z;-2078;;389
2026-03-27T07:39:22Z;-2101;;366
2026-03-27T07:39:23Z;-2095;;372
2026-03-27T07:39:25Z;-2102;;365
2026-03-27T07:39:27Z;-2099;;368
2026-03-27T07:39:28Z;-2102;;365
2026-03-27T07:39:30Z;-2081;;386
2026-03-27T07:39:32Z;-2100;;367
2026-03-27T07:39:34Z;-2097;;370
2026-03-27T07:39:36Z;-2095;;372
2026-03-27T07:39:39Z;-2084;;383
2026-03-27T07:39:42Z;-2104;;363
2026-03-27T07:39:45Z;-2094;;373
2026-03-27T07:40:14Z;;2307;213
2026-03-27T07:40:15Z;;2422;328
2026-03-27T07:40:22Z;;2318;224
2026-03-27T07:40:23Z;;2402;308
2026-03-27T07:40:24Z;;2399;305
2026-03-27T07:40:25Z;;2420;326
2026-03-27T07:40:45Z;;2320;226
2026-03-27T07:40:46Z;;2422;328
2026-03-27T07:40:53Z;;2395;301
2026-03-27T07:40:54Z;;2438;344
2026-03-27T07:40:58Z;-1659;;779
2026-03-27T07:40:59Z;-2034;;404
2026-03-27T07:41:01Z;-1753;;685
2026-03-27T07:41:03Z;-2046;;392
2026-03-27T07:41:25Z;;2398;352
2026-03-27T07:41:35Z;;2401;355
2026-03-27T07:41:38Z;;2391;345
2026-03-27T07:41:40Z;;2428;382
2026-03-27T07:42:05Z;-2106;;322
2026-03-27T07:42:09Z;-2097;;331
2026-03-27T07:42:11Z;-2105;;323
2026-03-27T07:42:14Z;-2090;;338
2026-03-27T07:42:16Z;-2088;;340
2026-03-27T07:42:26Z;-2099;;329
2026-03-27T07:42:28Z;-2122;;306
2026-03-27T07:43:39Z;-2098;;330
2026-03-27T07:43:41Z;-2124;;304
2026-03-27T07:43:50Z;-2088;;340
2026-03-27T07:43:52Z;-2116;;312
2026-03-27T07:44:04Z;-2082;;346
2026-03-27T07:44:20Z;;2398;316
2026-03-27T07:44:48Z;;2400;318
2026-03-27T07:44:49Z;;2397;315
2026-03-27T07:44:51Z;;2407;325
2026-03-27T07:45:12Z;;2391;309
2026-03-27T07:45:26Z;-1820;;571
2026-03-27T07:45:34Z;;2159;339
2026-03-27T07:45:42Z;-1676;;483
2026-03-27T07:46:04Z;;2101;425
2026-03-27T07:46:09Z;;2099;423
2026-03-27T07:46:10Z;;2107;431
2026-03-27T07:46:17Z;;2098;422
2026-03-27T07:46:34Z;;2102;426
2026-03-27T07:47:03Z;;2033;357
2026-03-27T07:47:04Z;;2117;441
2026-03-27T07:47:19Z;;2098;422
2026-03-27T07:47:21Z;;2105;429
2026-03-27T07:47:54Z;-1788;;317
2026-03-27T07:47:56Z;-1795;;310
2026-03-27T07:47:59Z;-1802;;303
2026-03-27T07:48:03Z;-1795;;310
2026-03-27T07:48:11Z;;2083;288
2026-03-27T07:48:19Z;-1490;;593
2026-03-27T07:48:22Z;;1793;303
2026-03-27T07:48:34Z;-1195;;598
2026-03-27T07:48:49Z;-1201;;592
2026-03-27T07:49:01Z;;1823;622
2026-03-27T07:49:03Z;-1533;;290
2026-03-27T07:49:08Z;;2103;570
2026-03-27T07:49:12Z;-1811;;292
2026-03-27T07:49:22Z;;2401;590
2026-03-27T07:49:27Z;;2287;476
2026-03-27T07:49:28Z;;2428;617
2026-03-27T07:49:31Z;;2398;587
2026-03-27T07:49:33Z;;2413;602
2026-03-27T07:49:34Z;;2343;532
2026-03-27T07:49:35Z;;2409;598
2026-03-27T07:49:36Z;;2394;583
2026-03-27T07:49:55Z;-2102;;292
2026-03-27T07:50:16Z;-2093;;301
2026-03-27T07:50:22Z;;2373;280
2026-03-27T07:50:23Z;;2476;383
2026-03-27T07:50:31Z;-2104;;372
2026-03-27T07:50:32Z;-2077;;399
2026-03-27T07:50:34Z;-2113;;363
2026-03-27T07:50:35Z;;2345;232
2026-03-27T07:50:36Z;-2021;2512;324
2026-03-27T07:50:38Z;-2129;;383
2026-03-27T07:51:35Z;-2099;;413
2026-03-27T07:52:12Z;;2387;288
2026-03-27T07:52:40Z;-1788;;599
2026-03-27T07:52:43Z;;2096;308
2026-03-27T07:53:08Z;;2104;316
2026-03-27T07:53:17Z;-1811;;293
2026-03-27T07:53:40Z;;2401;590
2026-03-27T07:53:53Z;;2395;584
2026-03-27T07:54:04Z;-1686;;709
2026-03-27T07:54:08Z;;2093;407
2026-03-27T07:54:12Z;-1482;;611
2026-03-27T07:54:22Z;;1782;300
2026-03-27T07:54:30Z;;1805;323
2026-03-27T07:54:39Z;-1502;;303
2026-03-27T07:54:45Z;;2100;598
2026-03-27T07:54:53Z;;2097;595
2026-03-27T07:54:54Z;;2101;599
2026-03-27T07:54:55Z;;2093;591
2026-03-27T07:55:49Z;;2105;603
2026-03-27T07:56:05Z;;2093;591
2026-03-27T07:56:26Z;-1493;;600
2026-03-27T07:56:29Z;-1571;;522
2026-03-27T07:58:19Z;-1499;;594
2026-03-27T07:58:26Z;;1792;293
2026-03-27T07:58:46Z;-1194;;598
2026-03-27T07:58:50Z;;1490;296
2026-03-27T07:59:17Z;;1514;320
2026-03-27T07:59:38Z;-1201;;313
2026-03-27T07:59:58Z;;1815;614
2026-03-27T08:00:06Z;-1521;;294
2026-03-27T08:00:18Z;;2117;596
2026-03-27T08:00:24Z;;2081;560
2026-03-27T08:00:25Z;-1782;2186;665
2026-03-27T08:00:26Z;;1240;-542
2026-03-27T08:00:27Z;;2228;446
2026-03-27T08:00:33Z;;2233;451
2026-03-27T08:00:42Z;-1883;;350
2026-03-27T08:00:44Z;-1791;;442
2026-03-27T08:00:48Z;;2098;307
2026-03-27T08:01:04Z;;1542;-249
2026-03-27T08:01:05Z;;1924;133
2026-03-27T08:01:06Z;-1134;1617;-174
2026-03-27T08:01:07Z;;1937;803
2026-03-27T08:01:08Z;-1537;;400
2026-03-27T08:01:13Z;-1498;;439
2026-03-27T08:01:26Z;-1512;;425
2026-03-27T08:01:54Z;-1507;;430
2026-03-27T08:02:00Z;;1794;287
2026-03-27T08:02:10Z;-1182;;612
2026-03-27T08:02:13Z;-1227;;567
2026-03-27T08:02:15Z;-1117;;677
2026-03-27T08:02:19Z;;1492;375
2026-03-27T08:02:31Z;-886;;606
2026-03-27T08:02:35Z;-984;;508
2026-03-27T08:02:55Z;-894;;598
2026-03-27T08:03:05Z;-902;;590
2026-03-27T08:03:35Z;;1503;601
2026-03-27T08:04:24Z;;1493;591
2026-03-27T08:04:28Z;-901;;592
2026-03-27T08:04:41Z;;1188;287
2026-03-27T08:05:02Z;;1216;315
2026-03-27T08:05:12Z;-889;;327
2026-03-27T08:05:19Z;-899;;317
2026-03-27T08:06:13Z;-909;;307
2026-03-27T08:06:52Z;;1504;595
2026-03-27T08:06:57Z;;1507;598
2026-03-27T08:07:00Z;;1500;591
2026-03-27T08:07:01Z;;1488;579
2026-03-27T08:07:04Z;;1500;591
2026-03-27T08:07:15Z;-1230;;270
2026-03-27T08:07:19Z;;1830;600
2026-03-27T08:07:23Z;-1529;;301
2026-03-27T08:07:26Z;;2104;575
2026-03-27T08:07:33Z;-1817;;287
2026-03-27T08:07:42Z;;2408;591
2026-03-27T08:07:43Z;;2391;574
2026-03-27T08:07:45Z;;2415;598
2026-03-27T08:08:26Z;;2394;577
2026-03-27T08:08:33Z;-1784;;610
2026-03-27T08:08:42Z;-315;;2079
2026-03-27T08:08:44Z;-1708;;686
2026-03-27T08:08:48Z;-951;;1443
2026-03-27T08:08:50Z;368;;2762
2026-03-27T08:09:28Z;290;;2684
2026-03-27T08:09:37Z;;2402;2692
2026-03-27T08:09:47Z;;2715;3005
2026-03-27T08:09:48Z;-31;;2684
2026-03-27T08:09:56Z;-281;;2434
2026-03-27T08:10:06Z;;3000;2719
2026-03-27T08:10:07Z;;2988;2707
2026-03-27T08:10:10Z;;3001;2720
2026-03-27T08:10:11Z;;2999;2718
2026-03-27T08:10:18Z;;3003;2722
2026-03-27T08:10:19Z;;2982;2701
2026-03-27T08:10:28Z;;3009;2728
2026-03-27T08:10:31Z;;2994;2713
2026-03-27T08:10:32Z;;2629;2348
2026-03-27T08:10:33Z;;3046;2765
2026-03-27T08:10:34Z;833;;3879
2026-03-27T08:10:36Z;-404;;2642
2026-03-27T08:10:59Z;-610;;2436
2026-03-27T08:11:08Z;-591;;2455
2026-03-27T08:11:12Z;-51;;2995
2026-03-27T08:11:13Z;-618;;2428
2026-03-27T08:11:15Z;;3304;2686
2026-03-27T08:13:37Z;-1534;;1770
2026-03-27T08:14:05Z;-1489;;1815
2026-03-27T08:14:08Z;-1504;;1800
2026-03-27T08:14:17Z;;3262;1758
2026-03-27T08:14:18Z;-1390;;1872
2026-03-27T08:14:30Z;-592;;2670
2026-03-27T08:14:34Z;-617;3363;2645
2026-03-27T08:14:54Z;-1493;;1870
2026-03-27T08:14:59Z;-1503;;1860
2026-03-27T08:15:02Z;-1490;;1873
2026-03-27T08:15:05Z;-1500;;1863
2026-03-27T08:15:07Z;-1499;;1864
2026-03-27T08:15:20Z;-1500;;1863
2026-03-27T08:15:23Z;-1498;;1865
2026-03-27T08:15:33Z;;3336;1838
2026-03-27T08:15:34Z;-769;;2567
2026-03-27T08:15:41Z;-753;;2583
2026-03-27T08:16:05Z;-1475;;1861
2026-03-27T08:16:52Z;-676;;2660
2026-03-27T08:17:23Z;-1412;;1924
2026-03-27T08:17:40Z;;3299;1887
2026-03-27T08:17:41Z;;3306;1894
2026-03-27T08:17:52Z;;3297;1885
2026-03-27T08:17:53Z;;3305;1893
2026-03-27T08:17:59Z;-1403;;1902
2026-03-27T08:18:04Z;;3297;1894
2026-03-27T08:18:05Z;;3304;1901
2026-03-27T08:18:16Z;;3294;1891
2026-03-27T08:18:17Z;;3300;1897
2026-03-27T08:18:22Z;;3294;1891
2026-03-27T08:18:24Z;;3314;1911
2026-03-27T08:18:28Z;;3292;1889
2026-03-27T08:18:30Z;;3313;1910
2026-03-27T08:18:34Z;;3290;1887
2026-03-27T08:18:36Z;;3310;1907
2026-03-27T08:18:38Z;-1409;;1901
2026-03-27T08:18:40Z;;3289;1880
2026-03-27T08:18:42Z;;3310;1901
2026-03-27T08:18:46Z;;3287;1878
2026-03-27T08:18:48Z;;3307;1898
2026-03-27T08:18:52Z;;3288;1879
2026-03-27T08:18:54Z;;3308;1899
2026-03-27T08:18:58Z;;3284;1875
2026-03-27T08:19:00Z;;3306;1897
2026-03-27T08:19:02Z;-1409;;1897
2026-03-27T08:19:04Z;;3287;1878
2026-03-27T08:19:06Z;-1423;3302;1864
2026-03-27T08:19:08Z;-690;;2612
2026-03-27T08:19:09Z;;3297;2607
2026-03-27T08:19:12Z;;3303;2613
2026-03-27T08:19:15Z;;3299;2609
2026-03-27T08:19:18Z;;3303;2613
2026-03-27T08:19:21Z;;3296;2606
2026-03-27T08:19:24Z;;3301;2611
2026-03-27T08:19:27Z;;3297;2607
2026-03-27T08:19:30Z;;3301;2611
2026-03-27T08:19:33Z;;3292;2602
2026-03-27T08:19:40Z;-1374;;1918
2026-03-27T08:20:07Z;-822;;2470
2026-03-27T08:21:03Z;-1379;;1913
2026-03-27T08:21:36Z;-938;;2354
2026-03-27T08:21:40Z;-711;;2581
2026-03-27T08:22:15Z;-1405;;1887
2026-03-27T08:22:42Z;-664;;2628
2026-03-27T08:23:27Z;-1438;;1854
2026-03-27T08:25:47Z;-2823;3301;1863
2026-03-27T08:25:51Z;;3281;458
2026-03-27T08:25:53Z;;3301;478
2026-03-27T08:25:57Z;;3284;461
2026-03-27T08:25:59Z;;3302;479
2026-03-27T08:26:01Z;-1023;;2279
2026-03-27T08:26:03Z;;3281;744
2026-03-27T08:26:04Z;-622;;2680
2026-03-27T08:26:05Z;;3304;767
2026-03-27T08:26:07Z;-1371;;1934
2026-03-27T08:26:09Z;;3280;743
2026-03-27T08:26:10Z;-2819;;483
2026-03-27T08:26:11Z;;3302;765
2026-03-27T08:26:13Z;-2537;;765
2026-03-27T08:26:15Z;;3279;742
2026-03-27T08:26:16Z;-1396;;1904
2026-03-27T08:26:17Z;;3302;765
2026-03-27T08:26:19Z;-705;;2595
2026-03-27T08:26:21Z;;3284;747
2026-03-27T08:26:22Z;-2011;3300;1289
2026-03-27T08:26:23Z;;3305;768
2026-03-27T08:26:24Z;;3299;1288
2026-03-27T08:26:25Z;;3282;745
2026-03-27T08:26:47Z;;3300;763
2026-03-27T08:26:50Z;-637;;2663
2026-03-27T08:26:51Z;;3277;2640
2026-03-27T08:26:53Z;;3301;2664
2026-03-27T08:26:55Z;-1386;3298;2661
2026-03-27T08:26:56Z;;3304;1918
2026-03-27T08:26:59Z;;3289;1903
2026-03-27T08:27:00Z;;3301;1915
2026-03-27T08:27:03Z;;3279;1893
2026-03-27T08:27:05Z;;3304;1918
2026-03-27T08:27:06Z;-2799;;505
2026-03-27T08:27:09Z;;3290;491
2026-03-27T08:27:11Z;;3305;506
2026-03-27T08:27:13Z;-1403;;1902
2026-03-27T08:27:15Z;;3284;1881
2026-03-27T08:27:17Z;;3307;1904
2026-03-27T08:27:18Z;-2827;;480
2026-03-27T08:27:21Z;;3291;464
2026-03-27T08:27:22Z;-1403;;1888
2026-03-27T08:27:23Z;;3306;1903
2026-03-27T08:27:25Z;-2804;;502
2026-03-27T08:27:27Z;;3282;478
2026-03-27T08:27:29Z;;3308;504
2026-03-27T08:27:33Z;;3295;491
2026-03-27T08:27:35Z;;3311;507
2026-03-27T08:27:39Z;;3285;481
2026-03-27T08:27:41Z;;3311;507
2026-03-27T08:27:45Z;;3297;493
2026-03-27T08:27:47Z;;3312;508
2026-03-27T08:27:51Z;;3284;480
2026-03-27T08:27:53Z;;3312;508
2026-03-27T08:27:57Z;;3298;494
2026-03-27T08:27:58Z;;3301;497
2026-03-27T08:28:03Z;-2791;;510
2026-03-27T08:28:04Z;;3288;497
2026-03-27T08:28:05Z;;3312;521
2026-03-27T08:28:07Z;;3287;496
2026-03-27T08:28:13Z;;3312;521
2026-03-27T08:28:15Z;;3284;493
2026-03-27T08:28:17Z;;3311;520
2026-03-27T08:28:23Z;;3286;495
2026-03-27T08:28:25Z;;3315;524
2026-03-27T08:28:35Z;;3288;497
2026-03-27T08:28:37Z;;3317;526
2026-03-27T08:28:42Z;-1390;;1927
2026-03-27T08:28:47Z;;3291;1901
2026-03-27T08:28:49Z;;3319;1929
2026-03-27T08:28:53Z;-637;;2682
2026-03-27T08:28:58Z;;3323;2686
2026-03-27T08:29:01Z;;3321;2684
2026-03-27T08:29:11Z;;3293;2656
2026-03-27T08:29:13Z;;3323;2686
2026-03-27T08:29:16Z;-2029;;1294
2026-03-27T08:29:22Z;-637;;2686
2026-03-27T08:29:24Z;-1386;;1937
2026-03-27T08:29:28Z;-1415;;1908
2026-03-27T08:29:32Z;-1466;;1857
2026-03-27T08:29:38Z;-2818;;505
2026-03-27T08:29:46Z;-2814;;509
2026-03-27T08:29:55Z;-1440;;1883
2026-03-27T08:29:59Z;-2000;;1323
2026-03-27T08:30:05Z;-661;3165;1165
2026-03-27T08:30:06Z;;3333;2672
2026-03-27T08:30:09Z;-1999;;1334
2026-03-27T08:30:11Z;-658;;2675
2026-03-27T08:30:16Z;-2028;;1305
2026-03-27T08:30:24Z;-625;;2708
2026-03-27T08:30:31Z;-2043;;1290
2026-03-27T08:30:33Z;;3337;1294
2026-03-27T08:30:35Z;-2817;;520
2026-03-27T08:30:41Z;-2834;;503
2026-03-27T08:30:45Z;-1411;;1926
2026-03-27T08:30:58Z;-2663;;674
2026-03-27T08:31:00Z;-2814;;523
2026-03-27T08:31:08Z;-2035;;1302
2026-03-27T08:31:10Z;-654;;2683
2026-03-27T08:31:16Z;-2033;;1304
2026-03-27T08:31:45Z;-2841;;496
2026-03-27T08:31:50Z;-1416;;1921
2026-03-27T08:32:03Z;-2861;;476
2026-03-27T08:32:17Z;-1680;;1657
2026-03-27T08:32:19Z;-1411;;1926
2026-03-27T08:32:25Z;-2855;;482
2026-03-27T08:32:27Z;-2051;;1286
2026-03-27T08:32:58Z;-2856;;481
2026-03-27T08:33:23Z;-2619;;718
2026-03-27T08:33:25Z;-1421;;1916
2026-03-27T08:33:52Z;-689;;2648
2026-03-27T08:33:54Z;-2060;;1277
2026-03-27T08:34:01Z;-2073;;1264
2026-03-27T08:34:10Z;-2049;;1288
2026-03-27T08:34:13Z;-692;;2645
2026-03-27T08:34:23Z;-1486;;1851
2026-03-27T08:34:29Z;-2894;;443
2026-03-27T08:34:35Z;-1468;;1869
2026-03-27T08:34:49Z;-2889;;448
2026-03-27T08:34:57Z;-1445;;1892
2026-03-27T08:34:59Z;-679;;2658
2026-03-27T08:35:05Z;-2129;;1208
2026-03-27T08:35:30Z;-2843;;494
2026-03-27T08:35:39Z;-1498;;1839
2026-03-27T08:35:41Z;-1514;;1823
2026-03-27T08:35:46Z;-1498;;1839
2026-03-27T08:35:47Z;-1507;;1830
2026-03-27T08:35:51Z;-1488;;1849
2026-03-27T08:35:53Z;-1500;;1837
2026-03-27T08:35:57Z;-1495;;1842
2026-03-27T08:35:59Z;-1516;;1821
2026-03-27T08:36:14Z;-758;;2579
2026-03-27T08:36:21Z;-2083;;1254
2026-03-27T08:36:23Z;-2109;;1228
2026-03-27T08:36:25Z;-711;;2626
2026-03-27T08:36:48Z;-2087;;1250
2026-03-27T08:36:50Z;-2113;;1224
2026-03-27T08:36:52Z;-2099;;1238
2026-03-27T08:36:54Z;-2122;;1215
2026-03-27T08:36:56Z;-2923;;414
2026-03-27T08:37:02Z;-1513;;1824
2026-03-27T08:37:04Z;-1495;;1842
2026-03-27T08:37:06Z;-1517;;1820
2026-03-27T08:37:22Z;-2895;;442
2026-03-27T08:37:26Z;-1529;;1808
2026-03-27T08:37:28Z;-1495;;1842
2026-03-27T08:37:30Z;-1500;;1837
2026-03-27T08:37:36Z;-780;;2557
2026-03-27T08:37:41Z;-2154;;1183
2026-03-27T08:37:51Z;-720;;2617
2026-03-27T08:38:15Z;-2117;;1220
2026-03-27T08:38:17Z;-2927;;410
2026-03-27T08:38:35Z;-1558;;1779
2026-03-27T08:38:51Z;-2950;;387
2026-03-27T08:38:58Z;-1565;;1772
2026-03-27T08:39:00Z;-806;;2531
2026-03-27T08:39:24Z;-2199;;1138
2026-03-27T08:39:26Z;-1064;;2273
2026-03-27T08:39:28Z;-799;;2538
2026-03-27T08:39:36Z;-2203;;1134
2026-03-27T08:39:42Z;-2961;;376
2026-03-27T08:39:45Z;-1575;;1762
2026-03-27T08:39:53Z;-3019;;318
2026-03-27T08:39:55Z;-2996;;341
2026-03-27T08:39:59Z;-3012;;325
2026-03-27T08:40:01Z;-2989;;348
2026-03-27T08:40:03Z;-3030;;307
2026-03-27T08:40:10Z;-2168;;1169
2026-03-27T08:40:12Z;-1596;;1741
2026-03-27T08:40:20Z;-879;;2458
2026-03-27T08:40:27Z;-2213;;1124
2026-03-27T08:40:53Z;-2179;;1158
2026-03-27T08:41:00Z;-1701;;1636
2026-03-27T08:41:13Z;-2978;;359
2026-03-27T08:41:16Z;-1563;;1774
2026-03-27T08:41:24Z;-2982;;355
2026-03-27T08:41:27Z;-1555;;1782
2026-03-27T08:41:34Z;-1567;;1770
2026-03-27T08:41:37Z;-792;;2545
2026-03-27T08:41:41Z;-2179;;1158
2026-03-27T08:41:46Z;-803;;2534
2026-03-27T08:41:54Z;-2181;;1156
2026-03-27T08:42:01Z;-814;;2523
2026-03-27T08:42:07Z;-2190;;1147
2026-03-27T08:42:23Z;-3012;;325
2026-03-27T08:42:28Z;-1823;;1514
2026-03-27T08:42:30Z;-1583;;1754
2026-03-27T08:42:42Z;-3017;;320
2026-03-27T08:42:59Z;-1586;;1751
2026-03-27T08:43:04Z;-835;;2502
2026-03-27T08:43:09Z;-2190;;1147
2026-03-27T08:43:13Z;-831;;2506
2026-03-27T08:43:18Z;-2210;;1127
2026-03-27T08:43:37Z;-834;;2503
2026-03-27T08:43:45Z;-1635;;1702
2026-03-27T08:43:48Z;-3041;;296
2026-03-27T08:44:11Z;-1619;;1718
2026-03-27T08:44:22Z;-861;;2476
2026-03-27T08:44:28Z;-2244;;1093
2026-03-27T08:44:59Z;-3077;;260
2026-03-27T08:45:18Z;-2889;;448
2026-03-27T08:45:20Z;-3092;;245
2026-03-27T08:45:33Z;;3556;464
2026-03-27T08:45:34Z;-1677;;1879
2026-03-27T08:45:41Z;-1686;;1870
2026-03-27T08:45:49Z;-3100;;456
2026-03-27T08:45:52Z;-2309;;1247
2026-03-27T08:46:03Z;-943;;2613
2026-03-27T08:46:07Z;-890;;2666
2026-03-27T08:46:09Z;-958;;2598
2026-03-27T08:46:11Z;-2310;;1246
2026-03-27T08:46:23Z;-3112;;444
2026-03-27T08:46:28Z;-1687;;1869
2026-03-27T08:46:37Z;-1703;;1853
2026-03-27T08:47:06Z;-2347;;1209
2026-03-27T08:47:08Z;-975;;2581
2026-03-27T08:47:22Z;-2345;;1211
2026-03-27T08:47:36Z;-3138;;418
2026-03-27T08:47:41Z;-3139;;417
2026-03-27T08:47:51Z;-3149;;407
2026-03-27T08:47:58Z;-1728;;1828
2026-03-27T08:48:09Z;-1029;;2527
2026-03-27T08:48:20Z;-2330;;1226
2026-03-27T08:48:22Z;;3601;1271
2026-03-27T08:48:23Z;;3599;1269
2026-03-27T08:48:24Z;;3600;1270
2026-03-27T08:48:25Z;;3581;1251
2026-03-27T08:48:27Z;;3603;1273
2026-03-27T08:48:30Z;-1020;;2583
2026-03-27T08:48:31Z;;3592;2572
2026-03-27T08:48:33Z;;3604;2584
2026-03-27T08:48:37Z;;3588;2568
2026-03-27T08:48:39Z;-2362;3602;2582
2026-03-27T08:48:43Z;;3593;1231
2026-03-27T08:48:45Z;;3605;1243
2026-03-27T08:48:49Z;;3593;1231
2026-03-27T08:48:50Z;-3147;;446
2026-03-27T08:48:51Z;;3605;458
2026-03-27T08:48:55Z;;3595;448
2026-03-27T08:48:57Z;;3606;459
2026-03-27T08:49:01Z;;3597;450
2026-03-27T08:49:03Z;;3607;460
2026-03-27T08:49:05Z;-2458;;1149
2026-03-27T08:49:07Z;;3596;1138
2026-03-27T08:49:08Z;-1717;;1879
2026-03-27T08:49:09Z;;3607;1890
2026-03-27T08:49:13Z;;3596;1879
2026-03-27T08:49:15Z;;3608;1891
2026-03-27T08:49:19Z;;3598;1881
2026-03-27T08:49:21Z;;3609;1892
2026-03-27T08:49:26Z;;3598;1881
2026-03-27T08:49:27Z;-997;3610;1893
2026-03-27T08:49:42Z;-2370;;1240
2026-03-27T08:50:00Z;-1016;;2594
2026-03-27T08:50:07Z;;3592;2576
2026-03-27T08:50:09Z;;3612;2596
2026-03-27T08:50:10Z;-1772;;1840
2026-03-27T08:50:14Z;-3167;;445
2026-03-27T08:50:17Z;;3599;432
2026-03-27T08:50:19Z;;3616;449
2026-03-27T08:50:30Z;-1761;;1855
2026-03-27T08:50:39Z;-3169;;447
2026-03-27T08:50:42Z;-2664;;952
2026-03-27T08:50:44Z;-2378;;1238
2026-03-27T08:50:46Z;-1027;;2589
2026-03-27T08:50:53Z;-2368;;1248
2026-03-27T08:50:55Z;-1038;;2578
2026-03-27T08:51:02Z;-2125;;1491
2026-03-27T08:51:09Z;-2405;;1211
2026-03-27T08:51:11Z;-2394;;1222
2026-03-27T08:51:14Z;-1046;;2570
2026-03-27T08:51:20Z;-2393;;1223
2026-03-27T08:51:45Z;-1769;;1847
2026-03-27T08:51:55Z;-3134;;482
2026-03-27T08:52:19Z;-2643;;973
2026-03-27T08:52:24Z;-2399;;1217
2026-03-27T08:52:26Z;-2403;;1213
2026-03-27T08:52:37Z;-2398;;1218
2026-03-27T08:52:39Z;-2409;;1207
2026-03-27T08:52:42Z;-2396;;1220
2026-03-27T08:52:44Z;-2406;;1210
2026-03-27T08:52:54Z;-3183;;433
2026-03-27T08:52:56Z;-1724;;1892
2026-03-27T08:52:58Z;-1801;;1815
2026-03-27T08:53:00Z;-1798;;1818
2026-03-27T08:53:03Z;-1806;;1810
2026-03-27T08:53:15Z;-3211;;405
2026-03-27T08:53:19Z;-1797;;1819
2026-03-27T08:53:21Z;-1851;;1765
2026-03-27T08:53:27Z;-3255;;361
2026-03-27T08:53:29Z;-1865;;1751
2026-03-27T08:53:33Z;-2460;;1156
2026-03-27T08:53:35Z;-1117;;2499
2026-03-27T08:53:44Z;-2472;;1144
2026-03-27T08:53:48Z;-1090;;2526
2026-03-27T08:53:57Z;-2459;;1157
2026-03-27T08:53:59Z;-1128;;2488
2026-03-27T08:54:01Z;-2467;;1149
2026-03-27T08:54:06Z;-1074;;2542
2026-03-27T08:54:11Z;-1302;;2314
2026-03-27T08:54:13Z;-2447;;1169
2026-03-27T08:54:15Z;-1094;;2522
2026-03-27T08:54:17Z;-2191;;1425
2026-03-27T08:54:19Z;-2464;;1152
2026-03-27T08:54:26Z;-2713;;903
2026-03-27T08:54:28Z;-3278;;338
2026-03-27T08:54:30Z;-1838;;1778
2026-03-27T08:54:45Z;-3185;;431
2026-03-27T08:55:03Z;-2443;;1173
2026-03-27T08:55:14Z;-1130;;2486
2026-03-27T08:55:21Z;-2448;;1168
2026-03-27T08:55:23Z;-1234;;2382
2026-03-27T08:55:25Z;-1107;;2509
2026-03-27T08:55:28Z;-2451;;1165
2026-03-27T08:55:35Z;-1837;;1779
2026-03-27T08:55:37Z;-1085;;2531
2026-03-27T08:55:39Z;-1860;;1756
2026-03-27T08:55:41Z;-1844;;1772
2026-03-27T08:55:49Z;-3248;;368
2026-03-27T08:56:01Z;-3248;;368
2026-03-27T08:56:14Z;-2528;;1088
2026-03-27T08:56:18Z;-1093;;2523
2026-03-27T08:56:30Z;-2355;;1261
2026-03-27T08:56:32Z;-2458;;1158
2026-03-27T08:56:38Z;-1119;;2497
2026-03-27T08:56:41Z;;3522;2403
2026-03-27T08:56:42Z;;3701;2582
2026-03-27T08:56:56Z;-2471;;1230
2026-03-27T08:56:58Z;-3263;;438
2026-03-27T08:57:06Z;-1877;;1824
2026-03-27T08:57:20Z;-3278;;423
2026-03-27T08:57:31Z;-2473;;1228
2026-03-27T08:57:35Z;-1097;;2604
2026-03-27T08:57:46Z;-2477;;1224
2026-03-27T08:57:49Z;-1139;;2562
2026-03-27T08:57:51Z;-1120;;2581
2026-03-27T08:58:04Z;-2479;;1222
2026-03-27T08:58:13Z;-1886;;1815
2026-03-27T08:58:26Z;-3269;;432
2026-03-27T08:58:31Z;-1884;;1817
2026-03-27T08:58:37Z;-3277;;424
2026-03-27T08:58:43Z;-2482;;1219
2026-03-27T08:58:52Z;-1126;;2575
2026-03-27T08:59:12Z;-2506;;1195
2026-03-27T08:59:25Z;-1856;;1845
2026-03-27T08:59:32Z;-3295;;406
2026-03-27T08:59:34Z;-3295;;406
2026-03-27T08:59:54Z;-1899;;1802
2026-03-27T09:00:04Z;-3309;;392
2026-03-27T09:00:06Z;-2531;;1170
2026-03-27T09:00:10Z;-1141;;2560
2026-03-27T09:00:16Z;-2527;;1174
2026-03-27T09:00:25Z;-1133;;2568
2026-03-27T09:00:33Z;;3745;2612
2026-03-27T09:00:40Z;-2158;;1587
2026-03-27T09:00:44Z;-1154;;2591
2026-03-27T09:00:45Z;-2537;;1208
2026-03-27T09:00:46Z;-1133;;2612
2026-03-27T09:00:53Z;-1916;;1829
2026-03-27T09:01:02Z;-1936;;1809
2026-03-27T09:01:04Z;-2036;;1709
2026-03-27T09:01:12Z;-3349;;396
2026-03-27T09:01:17Z;-1925;;1820
2026-03-27T09:01:24Z;-3333;;412
2026-03-27T09:01:31Z;-2463;;1282
2026-03-27T09:01:33Z;-1167;;2578
2026-03-27T09:01:47Z;-2567;;1178
2026-03-27T09:01:53Z;-1678;;2067
2026-03-27T09:01:55Z;-1195;;2550
2026-03-27T09:02:03Z;-2560;;1185
2026-03-27T09:02:04Z;-1172;;2573
2026-03-27T09:02:13Z;-1203;;2542
2026-03-27T09:02:14Z;-1193;;2552
2026-03-27T09:02:16Z;-1204;;2541
2026-03-27T09:02:18Z;-2568;;1177
2026-03-27T09:02:25Z;-3357;;388
2026-03-27T09:02:27Z;-2237;;1508
2026-03-27T09:02:37Z;-3368;;377
2026-03-27T09:02:40Z;-1949;;1796
2026-03-27T09:02:52Z;-3372;;373
2026-03-27T09:02:56Z;-2557;;1188
2026-03-27T09:03:00Z;-1720;;2025
2026-03-27T09:03:02Z;-1194;;2551
2026-03-27T09:03:04Z;-1207;;2538
2026-03-27T09:03:09Z;-1068;;2677
2026-03-27T09:03:14Z;-2420;;1325
2026-03-27T09:03:28Z;-1097;;2648
2026-03-27T09:03:35Z;-2433;;1312
2026-03-27T09:03:55Z;-3233;;512
2026-03-27T09:03:57Z;-2865;;880
2026-03-27T09:03:59Z;-1815;;1930
2026-03-27T09:04:06Z;-3230;;515
2026-03-27T09:04:12Z;-1825;;1920
2026-03-27T09:04:13Z;-3106;;639
2026-03-27T09:04:15Z;-3106;;639
2026-03-27T09:04:37Z;-2329;;1416
2026-03-27T09:04:53Z;-963;;2782
2026-03-27T09:05:02Z;-2326;;1419
2026-03-27T09:05:06Z;-3129;;616
2026-03-27T09:05:55Z;-2347;;1398
2026-03-27T09:05:58Z;-972;;2773
2026-03-27T09:06:08Z;-993;;2752
2026-03-27T09:06:29Z;-1707;;2038
2026-03-27T09:06:55Z;-3155;;590
2026-03-27T09:06:59Z;-1751;;1994
2026-03-27T09:07:07Z;-992;;2753
2026-03-27T09:07:09Z;-2352;;1393
2026-03-27T09:07:12Z;-986;;2759
2026-03-27T09:07:16Z;-2343;;1402
2026-03-27T09:07:18Z;-983;;2762
2026-03-27T09:07:22Z;-2143;;1602
2026-03-27T09:07:54Z;-3156;;589
2026-03-27T09:08:03Z;-1745;;2000
2026-03-27T09:08:16Z;-3158;;587
2026-03-27T09:08:38Z;-2354;;1391
2026-03-27T09:08:40Z;-992;;2753
2026-03-27T09:08:58Z;-2365;;1380
2026-03-27T09:09:09Z;-988;;2757
2026-03-27T09:09:14Z;-2366;;1379
2026-03-27T09:09:38Z;-3135;;610
2026-03-27T09:10:32Z;-1756;;1989
2026-03-27T09:10:39Z;-1049;3900;2144
2026-03-27T09:10:40Z;;3898;2849
2026-03-27T09:10:42Z;;3911;2862
2026-03-27T09:10:45Z;-2429;;1482
2026-03-27T09:10:55Z;-1319;;2592
2026-03-27T09:11:02Z;-2563;;1348
2026-03-27T09:11:17Z;-3379;;532
2026-03-27T09:11:26Z;-1948;;1963
2026-03-27T09:11:34Z;-3388;;523
2026-03-27T09:11:49Z;-1954;;1957
2026-03-27T09:11:58Z;-3386;;525
2026-03-27T09:12:11Z;-2589;;1322
2026-03-27T09:12:46Z;-3406;;505
2026-03-27T09:12:51Z;-2846;;1065
2026-03-27T09:12:53Z;-1981;;1930
2026-03-27T09:12:58Z;-3410;;501
2026-03-27T09:13:12Z;-2001;;1910
2026-03-27T09:13:20Z;-3428;;483
2026-03-27T09:13:48Z;-2639;;1272
2026-03-27T09:13:59Z;-1282;;2629
2026-03-27T09:14:09Z;-2654;;1257
2026-03-27T09:14:18Z;-2644;;1267
2026-03-27T09:15:02Z;-3453;;458
2026-03-27T09:15:23Z;-1318;;2593
2026-03-27T09:15:33Z;-2052;4033;2715
2026-03-27T09:15:35Z;-3465;;568
2026-03-27T09:15:39Z;;3893;428
2026-03-27T09:15:40Z;;4034;569
2026-03-27T09:15:41Z;-3467;;567
2026-03-27T09:16:01Z;-2062;;1972
2026-03-27T09:16:10Z;-3471;;563
2026-03-27T09:16:14Z;-2068;;1966
2026-03-27T09:16:16Z;-1332;;2702
2026-03-27T09:16:19Z;-2667;;1367
2026-03-27T09:16:22Z;-1342;;2692
2026-03-27T09:16:28Z;-2676;;1358
2026-03-27T09:16:32Z;-2680;;1354
2026-03-27T09:16:40Z;-2685;;1349
2026-03-27T09:16:50Z;-1322;;2712
2026-03-27T09:16:58Z;-2691;;1343
2026-03-27T09:17:00Z;-3488;;546
2026-03-27T09:17:42Z;-2688;;1346
2026-03-27T09:17:55Z;-1315;;2719
2026-03-27T09:17:58Z;-2064;;1970
2026-03-27T09:18:03Z;-3493;;541
2026-03-27T09:21:50Z;-2079;;1955
2026-03-27T09:21:54Z;-2110;;1924
2026-03-27T09:21:56Z;-2095;;1939
2026-03-27T09:21:58Z;-2106;;1928
2026-03-27T09:22:03Z;-3518;;516
2026-03-27T09:22:05Z;-3662;;372
2026-03-27T09:22:09Z;-3490;;544
2026-03-27T09:22:14Z;-3661;;373
2026-03-27T09:23:15Z;-2220;;1814
2026-03-27T09:23:27Z;-1480;;2554
2026-03-27T09:24:14Z;-2248;;1786
2026-03-27T09:24:21Z;-3665;;369
2026-03-27T09:24:23Z;-2245;;1789
2026-03-27T09:24:42Z;-3677;;357
2026-03-27T09:24:55Z;-2868;;1166
2026-03-27T09:25:25Z;-2677;;1357
2026-03-27T09:25:27Z;-2888;;1146
2026-03-27T09:25:37Z;-3691;;343
2026-03-27T09:26:19Z;-2282;;1752
2026-03-27T09:26:39Z;-3700;;334
2026-03-27T09:26:53Z;-2292;;1742
2026-03-27T09:26:57Z;-1552;;2482
2026-03-27T09:27:06Z;-2909;;1125
2026-03-27T09:27:16Z;-1550;;2484
2026-03-27T09:27:22Z;-2915;;1119
2026-03-27T09:27:33Z;-1578;;2456
2026-03-27T09:27:35Z;-2315;;1719
2026-03-27T09:27:41Z;-3708;;326
2026-03-27T09:27:45Z;-3483;;551
2026-03-27T09:27:47Z;-3713;;321
2026-03-27T09:27:52Z;-3698;;336
2026-03-27T09:28:03Z;-3714;;320
2026-03-27T09:28:13Z;-2305;;1729
2026-03-27T09:28:20Z;-3711;;323
2026-03-27T09:28:27Z;-3212;;822
2026-03-27T09:28:29Z;-2914;;1120
2026-03-27T09:29:06Z;-3673;;361
2026-03-27T09:29:28Z;-2533;;1501
2026-03-27T09:29:44Z;-3722;;312
2026-03-27T09:30:30Z;-2886;;1148
2026-03-27T09:30:32Z;-1528;;2506
2026-03-27T09:30:33Z;;4175;2647
2026-03-27T09:30:41Z;-1513;;2662
2026-03-27T09:31:04Z;-2236;;1939
2026-03-27T09:31:13Z;-3674;;501
2026-03-27T09:31:15Z;-2286;;1889
2026-03-27T09:31:22Z;-3667;;508
2026-03-27T09:31:24Z;-2267;;1908
2026-03-27T09:31:30Z;-3677;;498
2026-03-27T09:31:34Z;-2303;;1872
2026-03-27T09:31:40Z;-3670;;505
2026-03-27T09:31:42Z;-2303;;1872
2026-03-27T09:31:44Z;-1574;;2601
2026-03-27T09:31:46Z;-2325;;1850
2026-03-27T09:31:48Z;-2797;;1378
2026-03-27T09:31:50Z;-1565;;2610
2026-03-27T09:31:54Z;-2902;;1273
2026-03-27T09:31:56Z;-1582;;2593
2026-03-27T09:31:59Z;-2903;;1272
2026-03-27T09:32:21Z;-1563;;2612
2026-03-27T09:32:30Z;-2334;;1841
2026-03-27T09:32:46Z;-3695;;480
2026-03-27T09:32:54Z;-2336;;1839
2026-03-27T09:33:14Z;-1626;;2549
2026-03-27T09:33:20Z;-2923;;1252
2026-03-27T09:33:23Z;-1608;;2567
2026-03-27T09:33:34Z;-2930;;1245
2026-03-27T09:33:37Z;-1602;;2573
2026-03-27T09:33:47Z;-2909;;1266
2026-03-27T09:33:50Z;-1590;;2585
2026-03-27T09:34:04Z;-2289;;1886
2026-03-27T09:34:11Z;-3698;;477
2026-03-27T09:34:16Z;-2319;;1856
2026-03-27T09:34:29Z;-2349;;1826
2026-03-27T09:34:32Z;-2498;;1677
2026-03-27T09:34:35Z;-2337;;1838
2026-03-27T09:34:41Z;;4200;1863
2026-03-27T09:34:42Z;;4198;1861
2026-03-27T09:34:44Z;-3379;;819
2026-03-27T09:34:46Z;-2323;;1875
2026-03-27T09:34:51Z;-2919;;1279
2026-03-27T09:34:53Z;;4200;1281
2026-03-27T09:34:54Z;;4199;1280
2026-03-27T09:34:59Z;-1617;;2582
2026-03-27T09:35:07Z;-2942;4200;2583
2026-03-27T09:35:11Z;;4201;1259
2026-03-27T09:35:14Z;;4202;1260
2026-03-27T09:35:16Z;;4198;1256
2026-03-27T09:35:18Z;;4201;1259
2026-03-27T09:35:23Z;;4199;1257
2026-03-27T09:35:26Z;;4205;1263
2026-03-27T09:35:31Z;-3716;;489
2026-03-27T09:36:08Z;-2329;;1876
2026-03-27T09:36:18Z;-3515;;690
2026-03-27T09:36:20Z;-3727;;478
2026-03-27T09:36:33Z;-2335;;1870
2026-03-27T09:36:46Z;-3730;;475
2026-03-27T09:37:00Z;-3587;;618
2026-03-27T09:37:02Z;-3728;;477
2026-03-27T09:37:15Z;-3728;;477
2026-03-27T09:37:16Z;;4055;327
2026-03-27T09:37:18Z;;4218;490
2026-03-27T09:37:19Z;-3543;;675
2026-03-27T09:37:22Z;;4190;647
2026-03-27T09:37:23Z;;4220;677
2026-03-27T09:37:29Z;-3732;;488
2026-03-27T09:37:41Z;-3059;;1161
2026-03-27T09:37:43Z;-2959;;1261
2026-03-27T09:37:53Z;-1627;;2593
2026-03-27T09:38:02Z;-2728;;1492
2026-03-27T09:39:14Z;-1596;;2624
2026-03-27T09:39:19Z;-2346;;1874
2026-03-27T09:39:27Z;-3738;;482
2026-03-27T09:39:54Z;-2960;;1260
2026-03-27T09:40:23Z;-3639;;581
2026-03-27T09:40:44Z;-2389;;1831
2026-03-27T09:40:46Z;-2408;;1812
2026-03-27T09:41:02Z;-3759;;461
2026-03-27T09:41:07Z;-2556;;1664
2026-03-27T09:41:09Z;-2392;;1828
2026-03-27T09:41:11Z;-2403;;1817
2026-03-27T09:41:15Z;-1697;;2523
2026-03-27T09:41:17Z;-3004;;1216
2026-03-27T09:41:19Z;-2991;;1229
2026-03-27T09:41:21Z;-1690;;2530
2026-03-27T09:41:23Z;-3003;;1217
2026-03-27T09:41:25Z;-2454;;1766
2026-03-27T09:41:27Z;-1699;;2521
2026-03-27T09:41:34Z;-2893;;1327
2026-03-27T09:41:36Z;-3012;;1208
2026-03-27T09:41:38Z;-1706;;2514
2026-03-27T09:41:42Z;-2997;;1223
2026-03-27T09:41:44Z;-3005;;1215
2026-03-27T09:41:46Z;-1720;;2500
2026-03-27T09:41:55Z;-3000;;1220
2026-03-27T09:41:57Z;-2995;;1225
2026-03-27T09:41:59Z;-3010;;1210
2026-03-27T09:42:03Z;-2994;;1226
2026-03-27T09:42:05Z;-1674;;2546
2026-03-27T09:42:14Z;-3000;;1220
2026-03-27T09:42:16Z;-3775;;445
2026-03-27T09:42:40Z;;4166;391
2026-03-27T09:42:41Z;;4263;488
2026-03-27T09:42:53Z;-2393;;1870
2026-03-27T09:42:55Z;-1690;;2573
2026-03-27T09:43:02Z;-3007;;1256
2026-03-27T09:43:12Z;-2816;4086;1079
2026-03-27T09:43:13Z;;4270;1454
2026-03-27T09:43:15Z;-3017;;1253
2026-03-27T09:43:24Z;-1688;;2582
2026-03-27T09:43:34Z;-2572;;1698
2026-03-27T09:43:36Z;-3017;;1253
2026-03-27T09:43:38Z;-3792;;478
2026-03-27T09:44:00Z;-2417;;1853
2026-03-27T09:44:09Z;-3799;;471
2026-03-27T09:44:16Z;-3022;;1248
2026-03-27T09:44:26Z;-1714;;2556
2026-03-27T09:44:38Z;-2999;;1271
2026-03-27T09:44:40Z;-3035;;1235
2026-03-27T09:44:45Z;-1671;;2599
2026-03-27T09:44:51Z;-2603;;1667
2026-03-27T09:44:53Z;-3028;;1242
2026-03-27T09:44:56Z;-1704;;2566
2026-03-27T09:45:01Z;-2401;;1869
2026-03-27T09:45:05Z;-3805;;465
2026-03-27T09:45:33Z;;4300;495
2026-03-27T09:45:40Z;-3031;;1269
2026-03-27T09:45:44Z;-3820;;480
2026-03-27T09:46:11Z;-1701;;2599
2026-03-27T09:46:15Z;-2446;;1854
2026-03-27T09:46:27Z;-3829;;471
2026-03-27T09:46:31Z;-2440;;1860
2026-03-27T09:46:41Z;-3828;;472
2026-03-27T09:47:01Z;-3060;;1240
2026-03-27T09:47:13Z;-1698;;2602
2026-03-27T09:47:24Z;-3054;;1246
2026-03-27T09:47:33Z;-3852;;448
2026-03-27T09:48:26Z;-3056;;1244
2026-03-27T09:48:28Z;-1698;;2602
2026-03-27T09:48:35Z;-2315;;1985
2026-03-27T09:48:37Z;-3074;;1226
2026-03-27T09:48:44Z;;4170;1096
2026-03-27T09:48:45Z;;4337;1263
2026-03-27T09:48:49Z;-1685;;2652
2026-03-27T09:48:51Z;-1685;;2652
2026-03-27T09:49:12Z;-3830;;507
2026-03-27T09:49:30Z;-2456;;1881
2026-03-27T09:49:35Z;-1718;;2619
2026-03-27T09:50:06Z;-3069;;1268
2026-03-27T09:50:12Z;-3702;;635
2026-03-27T09:50:29Z;-2470;;1867
2026-03-27T09:50:38Z;-3863;;474
2026-03-27T09:50:41Z;-2463;;1874
2026-03-27T09:50:44Z;-3864;;473
2026-03-27T09:50:47Z;-3068;;1269
2026-03-27T09:50:54Z;-1706;;2631
2026-03-27T09:51:02Z;-3056;;1281
2026-03-27T09:51:06Z;-2003;;2334
2026-03-27T09:51:08Z;-1702;;2635
2026-03-27T09:51:24Z;-3066;;1271
2026-03-27T09:51:27Z;-1710;;2627
2026-03-27T09:51:51Z;-3870;;467
2026-03-27T09:51:57Z;-2464;;1873
2026-03-27T09:52:03Z;-3871;;466
2026-03-27T09:52:10Z;-2690;;1647
2026-03-27T09:52:28Z;-3859;;478
2026-03-27T09:52:32Z;-3098;;1239
2026-03-27T09:52:34Z;-1726;;2611
2026-03-27T09:52:44Z;-3025;;1312
2026-03-27T09:52:49Z;-1702;;2635
2026-03-27T09:53:02Z;-3076;;1261
2026-03-27T09:53:07Z;-2965;;1372
2026-03-27T09:53:09Z;-1712;;2625
2026-03-27T09:53:28Z;-3076;;1261
2026-03-27T09:53:30Z;-3062;;1275
2026-03-27T09:53:35Z;-3658;;679
2026-03-27T09:53:48Z;-2442;;1895
2026-03-27T09:53:58Z;-3876;;461
2026-03-27T09:54:06Z;-3079;;1258
2026-03-27T09:54:11Z;-1702;;2635
2026-03-27T09:54:19Z;-3080;;1257
2026-03-27T09:54:26Z;-1697;;2640
2026-03-27T09:54:35Z;-3084;;1253
2026-03-27T09:54:58Z;-3870;;467
2026-03-27T09:55:34Z;-2448;;1889
2026-03-27T09:55:48Z;-1708;;2629
2026-03-27T09:55:52Z;-3081;;1256
2026-03-27T09:55:58Z;-1687;;2650
2026-03-27T09:56:09Z;-3069;;1268
2026-03-27T09:56:18Z;-1689;;2648
2026-03-27T09:56:24Z;-2454;;1883
2026-03-27T09:56:40Z;-3891;;446
2026-03-27T09:56:46Z;-3900;;437
2026-03-27T09:56:47Z;-3888;;449
2026-03-27T09:56:52Z;-2457;;1880
2026-03-27T09:56:54Z;-1699;;2638
2026-03-27T09:57:08Z;-3081;;1256
2026-03-27T09:57:19Z;-1741;;2596
2026-03-27T09:57:33Z;-2722;;1615
2026-03-27T09:57:35Z;-3092;;1245
2026-03-27T09:57:47Z;-3809;;528
2026-03-27T09:57:58Z;-3903;;434
2026-03-27T09:58:00Z;-3899;;438
2026-03-27T09:58:03Z;-3879;;458
2026-03-27T09:58:05Z;-3896;;441
2026-03-27T09:58:16Z;-3901;;436
2026-03-27T09:58:17Z;-3895;;442
2026-03-27T09:58:20Z;-3900;;437
2026-03-27T09:58:21Z;-3899;;438
2026-03-27T09:58:23Z;-3900;;437
2026-03-27T09:58:26Z;-3894;;443
2026-03-27T09:58:30Z;-3905;;432
2026-03-27T09:58:32Z;-3093;;1244
2026-03-27T09:58:34Z;-2792;;1545
2026-03-27T09:58:36Z;-3101;;1236
2026-03-27T09:59:10Z;-3901;;436
2026-03-27T09:59:13Z;-3898;;439
2026-03-27T09:59:15Z;-3906;;431
2026-03-27T09:59:17Z;-3898;;439
2026-03-27T09:59:19Z;-3908;;429
2026-03-27T09:59:21Z;-3899;;438
2026-03-27T09:59:22Z;-3909;;428
2026-03-27T09:59:38Z;-3899;;438
2026-03-27T09:59:40Z;-3906;;431
2026-03-27T09:59:48Z;-3101;;1236
2026-03-27T10:00:32Z;-3788;;549
2026-03-27T10:00:33Z;;4397;609
2026-03-27T10:00:34Z;-3902;;495
2026-03-27T10:00:40Z;-3894;;503
2026-03-27T10:00:43Z;-3900;;497
2026-03-27T10:00:44Z;-3909;;488
2026-03-27T10:00:52Z;-3897;;500
2026-03-27T10:00:54Z;-3905;;492
2026-03-27T10:00:57Z;-3899;;498
2026-03-27T10:00:58Z;-3898;;499
2026-03-27T10:01:04Z;-3896;;501
2026-03-27T10:01:06Z;-3900;;497
2026-03-27T10:01:10Z;-3896;;501
2026-03-27T10:01:11Z;-3902;;495
2026-03-27T10:01:13Z;-3897;;500
2026-03-27T10:01:15Z;-3901;;496
2026-03-27T10:01:17Z;-3898;;499
2026-03-27T10:01:19Z;-3903;;494
2026-03-27T10:01:20Z;-3094;;1303
2026-03-27T10:01:43Z;-3913;;484
2026-03-27T10:03:41Z;-3578;;819
2026-03-27T10:03:42Z;-3610;;787
2026-03-27T10:03:46Z;-3920;;477
2026-03-27T10:05:04Z;-3749;;648
2026-03-27T10:05:05Z;-3937;;460
2026-03-27T10:11:52Z;;4500;563
2026-03-27T10:11:54Z;;4499;562
2026-03-27T10:11:58Z;;4503;566
2026-03-27T10:12:00Z;;4497;560
2026-03-27T10:12:01Z;;4503;566
2026-03-27T10:12:06Z;;4496;559
2026-03-27T10:12:09Z;;4505;568
2026-03-27T10:12:19Z;;4492;555
2026-03-27T10:12:21Z;;4505;568
2026-03-27T10:12:30Z;;4498;561
2026-03-27T10:12:33Z;;4505;568
2026-03-27T10:12:34Z;;4498;561
2026-03-27T10:12:36Z;;4505;568
2026-03-27T10:12:43Z;;4496;559
2026-03-27T10:12:45Z;;4500;563
2026-03-27T10:12:48Z;;4350;413
2026-03-27T10:12:49Z;-3838;4505;568
2026-03-27T10:12:52Z;-4058;;447
2026-03-27T10:12:55Z;;4499;441
2026-03-27T10:12:56Z;;4500;442
2026-03-27T10:13:07Z;;4499;441
2026-03-27T10:13:08Z;;4500;442
2026-03-27T10:13:25Z;-3885;;615
2026-03-27T10:13:28Z;-4061;;439
2026-03-27T10:13:30Z;;4493;432
2026-03-27T10:13:31Z;;4506;445
2026-03-27T10:13:32Z;;4498;437
2026-03-27T10:13:33Z;;4503;442
2026-03-27T10:13:43Z;;4499;438
2026-03-27T10:13:44Z;;4505;444
2026-03-27T10:15:23Z;;4488;427
2026-03-27T10:15:24Z;;4515;454
2026-03-27T10:15:33Z;;4511;450
2026-03-27T10:15:41Z;-4102;;409
2026-03-27T10:16:22Z;-3853;4389;287
2026-03-27T10:16:25Z;-4082;4518;665
2026-03-27T10:24:05Z;-3822;;696
2026-03-27T10:24:06Z;;4367;545
2026-03-27T10:24:07Z;;4556;734
2026-03-27T10:24:10Z;-4138;;418
2026-03-27T10:28:45Z;;4415;277
2026-03-27T10:28:46Z;;4584;446
2026-03-27T10:29:27Z;;4463;325
2026-03-27T10:29:28Z;;4585;447
2026-03-27T10:30:33Z;;4584;446
2026-03-27T10:30:41Z;-4167;;417
2026-03-27T10:30:43Z;-4244;;340
2026-03-27T10:30:45Z;-4167;;417
2026-03-27T10:32:29Z;;4386;219
2026-03-27T10:32:30Z;;4581;414
2026-03-27T10:35:18Z;-4201;;380
2026-03-27T10:35:20Z;-4165;;416
2026-03-27T10:37:08Z;;4412;247
2026-03-27T10:37:09Z;;4606;441
2026-03-27T10:38:30Z;-3814;;792
2026-03-27T10:38:32Z;-4159;;447
2026-03-27T10:39:06Z;-3707;4228;69
2026-03-27T10:39:07Z;;4591;884
2026-03-27T10:39:13Z;-4145;;446
2026-03-27T10:40:13Z;;4475;330
2026-03-27T10:40:14Z;;4617;472
2026-03-27T10:40:20Z;;4460;315
2026-03-27T10:40:21Z;;4624;479
2026-03-27T10:41:59Z;-4201;;423
2026-03-27T10:42:01Z;-4196;;428
2026-03-27T10:42:04Z;;4404;208
2026-03-27T10:42:05Z;;4649;453
2026-03-27T10:42:08Z;-4202;;447
2026-03-27T10:42:12Z;-4195;;454
2026-03-27T10:42:14Z;-4201;;448
2026-03-27T10:42:17Z;-4196;;453
2026-03-27T10:42:19Z;-4201;;448
2026-03-27T10:42:36Z;-4115;;534
2026-03-27T10:42:38Z;-4205;;444
2026-03-27T10:43:01Z;-4196;;453
2026-03-27T10:43:03Z;-4211;;438
2026-03-27T10:43:13Z;-3955;4467;256
2026-03-27T10:43:14Z;;4658;703
2026-03-27T10:43:16Z;-4212;;446
2026-03-27T10:43:35Z;-4217;;441
2026-03-27T10:43:37Z;-4220;;438
2026-03-27T10:43:51Z;;4444;224
2026-03-27T10:43:52Z;;4652;432
2026-03-27T10:43:54Z;-4193;;459
2026-03-27T10:43:57Z;;4419;226
2026-03-27T10:43:58Z;;4634;441
2026-03-27T10:44:04Z;-4201;;433
2026-03-27T10:44:06Z;-4195;;439
2026-03-27T10:44:08Z;-4206;;428
2026-03-27T10:44:40Z;-4197;;437
2026-03-27T10:44:45Z;;4469;272
2026-03-27T10:44:46Z;;4658;461
2026-03-27T10:44:47Z;-4200;;458
2026-03-27T10:44:49Z;-4192;;466
2026-03-27T10:44:51Z;-4214;;444
2026-03-27T10:44:52Z;-4195;;463
2026-03-27T10:44:54Z;-4200;;458
2026-03-27T10:44:56Z;-4193;;465
2026-03-27T10:44:58Z;-4204;;454
2026-03-27T10:45:00Z;-4184;;474
2026-03-27T10:45:01Z;-4203;;455
2026-03-27T10:45:03Z;-4194;;464
2026-03-27T10:45:05Z;-4217;;441
2026-03-27T10:45:07Z;-4199;;459
2026-03-27T10:45:08Z;-4220;;438
2026-03-27T10:45:10Z;-4191;;467
2026-03-27T10:45:12Z;-4203;;455
2026-03-27T10:45:14Z;-4196;;462
2026-03-27T10:45:16Z;-4219;;439
2026-03-27T10:45:18Z;-4193;;465
2026-03-27T10:45:22Z;-4190;;468
2026-03-27T10:45:27Z;-4191;;467
2026-03-27T10:45:29Z;-4219;;439
2026-03-27T10:45:33Z;;4668;449
2026-03-27T10:45:35Z;-4197;;471
2026-03-27T10:45:37Z;-4201;;467
2026-03-27T10:45:41Z;-4201;;467
2026-03-27T10:45:42Z;-4193;;475
2026-03-27T10:45:44Z;-4208;;460
2026-03-27T10:45:46Z;-4190;;478
2026-03-27T10:45:47Z;-4210;;458
2026-03-27T10:45:49Z;-4196;;472
2026-03-27T10:45:51Z;-4218;;450
2026-03-27T10:46:08Z;-4196;;472
2026-03-27T10:46:10Z;-4189;;479
2026-03-27T10:46:16Z;-4190;;478
2026-03-27T10:46:19Z;-4203;;465
2026-03-27T10:46:21Z;-4183;;485
2026-03-27T10:46:37Z;-4216;;452
2026-03-27T10:46:39Z;-4198;;470
2026-03-27T10:46:42Z;-4201;;467
2026-03-27T10:46:44Z;-4185;;483
2026-03-27T10:46:46Z;-4225;;443
2026-03-27T10:46:48Z;-4195;;473
2026-03-27T10:46:49Z;-4213;;455
2026-03-27T10:46:51Z;-4171;;497
2026-03-27T10:46:53Z;-4220;;448
2026-03-27T10:46:55Z;-4196;;472
2026-03-27T10:46:59Z;-4208;;460
2026-03-27T10:47:01Z;-4184;;484
2026-03-27T10:47:03Z;-4221;;447
2026-03-27T10:47:11Z;-4192;;476
2026-03-27T10:47:13Z;-4218;;450
2026-03-27T10:47:19Z;-4195;;473
2026-03-27T10:47:21Z;-4218;;450
2026-03-27T10:47:29Z;-4186;;482
2026-03-27T10:47:32Z;-4220;;448
2026-03-27T10:47:38Z;-4153;;515
2026-03-27T10:49:20Z;-4200;;468
2026-03-27T10:49:36Z;-4189;;479
2026-03-27T10:49:38Z;-4213;;455
2026-03-27T10:50:24Z;-4187;;481
2026-03-27T10:50:25Z;-4212;;456
2026-03-27T10:50:27Z;-4183;;485
2026-03-27T10:50:29Z;-4207;;461
2026-03-27T10:50:31Z;-4180;;488
2026-03-27T10:50:33Z;-4209;;459
2026-03-27T10:50:35Z;-4181;;487
2026-03-27T10:50:39Z;-4209;;459
2026-03-27T10:50:41Z;-4193;;475
2026-03-27T10:50:43Z;-4214;;454
2026-03-27T10:50:46Z;-4191;;477
2026-03-27T10:50:52Z;-4205;;463
2026-03-27T10:50:54Z;-4186;;482
2026-03-27T10:50:56Z;-4220;;448
2026-03-27T10:50:58Z;-4174;;494
2026-03-27T10:51:01Z;-4211;;457
2026-03-27T10:51:03Z;-4188;;480
2026-03-27T10:51:05Z;-4215;;453
2026-03-27T10:51:07Z;-4193;;475
2026-03-27T10:51:09Z;-4214;;454
2026-03-27T10:51:11Z;-4180;;488
2026-03-27T10:51:13Z;-4218;;450
2026-03-27T10:51:14Z;-4188;;480
2026-03-27T10:51:18Z;-4209;;459
2026-03-27T10:51:20Z;-4182;;486
2026-03-27T10:51:22Z;-4211;;457
2026-03-27T10:51:24Z;-4202;;466
2026-03-27T10:51:26Z;-4208;;460
2026-03-27T10:51:28Z;-4120;;548
2026-03-27T10:52:49Z;-3865;4414;294
2026-03-27T10:52:50Z;;4654;789
2026-03-27T10:52:52Z;-4171;;483
2026-03-27T10:57:41Z;-4201;;453
2026-03-27T10:57:43Z;-4186;;468
2026-03-27T10:58:30Z;-4236;;418
2026-03-27T10:58:34Z;-4192;;462
2026-03-27T10:58:36Z;-4201;;453
2026-03-27T10:58:37Z;-4189;;465
2026-03-27T10:58:45Z;-4200;;454
2026-03-27T10:58:47Z;-4191;;463
2026-03-27T11:00:41Z;-4106;;548
2026-03-27T11:00:54Z;-4209;;445
2026-03-27T11:01:27Z;-4171;;483
2026-03-27T11:01:36Z;-2891;;1763
2026-03-27T11:01:38Z;-2041;;2613
2026-03-27T11:02:23Z;-2098;;2556
2026-03-27T11:02:28Z;-2093;;2561
2026-03-27T11:02:31Z;-2100;;2554
2026-03-27T11:02:33Z;-2074;;2580
2026-03-27T11:02:39Z;-2103;;2551
2026-03-27T11:02:41Z;-2075;;2579
2026-03-27T11:02:43Z;-2100;;2554
2026-03-27T11:02:45Z;-2096;;2558
2026-03-27T11:02:47Z;-2100;;2554
2026-03-27T11:02:49Z;-2096;;2558
2026-03-27T11:02:53Z;-2099;;2555
2026-03-27T11:02:55Z;-2099;;2555
2026-03-27T11:02:57Z;-2107;;2547
2026-03-27T11:03:00Z;-2085;;2569
2026-03-27T11:03:17Z;-2130;;2524
2026-03-27T11:03:37Z;-2097;;2557
2026-03-27T11:03:39Z;-2130;;2524
2026-03-27T11:05:24Z;-2900;;1754
2026-03-27T11:06:34Z;-2009;;2645
2026-03-27T11:07:00Z;-1744;4242;2233
2026-03-27T11:07:01Z;;4509;2765
2026-03-27T11:07:02Z;;4455;2711
2026-03-27T11:07:05Z;-1944;;2511
2026-03-27T11:07:06Z;-2657;;1798
2026-03-27T11:08:01Z;-2704;4519;1862
2026-03-27T11:08:47Z;-2677;;1842
2026-03-27T11:08:48Z;;4484;1807
2026-03-27T11:08:55Z;-2714;;1770
2026-03-27T11:08:56Z;;4507;1793
2026-03-27T11:09:05Z;-2745;;1762
2026-03-27T11:09:30Z;-2747;;1760
2026-03-27T11:11:42Z;-2127;;2380
2026-03-27T11:12:14Z;-2950;;1557
2026-03-27T11:13:35Z;-3548;;959
2026-03-27T11:14:13Z;-4002;;505
2026-03-27T11:14:15Z;-4247;;260
2026-03-27T11:14:57Z;-3453;;1054
2026-03-27T11:14:59Z;-2050;;2457
2026-03-27T11:15:27Z;-2829;;1678
2026-03-27T11:15:33Z;;4757;1928
2026-03-27T11:15:41Z;-2816;;1941
2026-03-27T11:16:06Z;-2055;;2702
2026-03-27T11:16:21Z;-3397;;1360
2026-03-27T11:16:35Z;-2059;;2698
2026-03-27T11:16:45Z;-2816;;1941
2026-03-27T11:16:47Z;-4202;;555
2026-03-27T11:16:48Z;;4482;280
2026-03-27T11:16:49Z;;4733;531
2026-03-27T11:16:52Z;-3994;;739
2026-03-27T11:16:53Z;-2816;;1917
2026-03-27T11:17:11Z;-4229;;504
2026-03-27T11:17:13Z;-3475;;1258
2026-03-27T11:17:36Z;-2097;;2636
2026-03-27T11:17:38Z;-2109;;2624
2026-03-27T11:17:44Z;-3379;;1354
2026-03-27T11:17:47Z;-3175;;1558
2026-03-27T11:17:49Z;-2101;;2632
2026-03-27T11:17:51Z;-2093;;2640
2026-03-27T11:17:54Z;-3415;;1318
2026-03-27T11:17:57Z;-3431;;1302
2026-03-27T11:17:59Z;-3428;;1305
2026-03-27T11:18:01Z;-4191;;542
2026-03-27T11:18:03Z;-4211;;522
2026-03-27T11:18:05Z;-4218;;515
2026-03-27T11:18:07Z;-4194;;539
2026-03-27T11:18:10Z;-3873;4471;277
2026-03-27T11:18:11Z;;4704;831
2026-03-27T11:18:12Z;-4204;;500
2026-03-27T11:18:14Z;-4198;;506
2026-03-27T11:18:16Z;-4203;;501
2026-03-27T11:18:18Z;-2819;;1885
2026-03-27T11:18:31Z;-2448;;2256
2026-03-27T11:18:33Z;-2021;;2683
2026-03-27T11:18:49Z;-3357;;1347
2026-03-27T11:18:55Z;-3291;;1413
2026-03-27T11:19:01Z;-1882;;2822
2026-03-27T11:19:04Z;;4490;2608
2026-03-27T11:19:08Z;-1775;;2715
2026-03-27T11:19:11Z;-3097;;1393
2026-03-27T11:19:20Z;-1658;;2832
2026-03-27T11:19:21Z;-2432;;2058
2026-03-27T11:19:31Z;-2598;;1892
2026-03-27T11:19:35Z;-2643;4502;1904
2026-03-27T11:19:39Z;-2706;;1796
2026-03-27T11:19:44Z;-4105;;397
2026-03-27T11:19:48Z;-2686;;1816
2026-03-27T11:19:50Z;-1955;;2547
2026-03-27T11:19:56Z;-3364;;1138
2026-03-27T11:19:59Z;-2019;;2483
2026-03-27T11:20:32Z;-3396;;1106
2026-03-27T11:20:52Z;-1985;;2517
2026-03-27T11:21:03Z;-3287;;1215
2026-03-27T11:21:11Z;-4061;;441
2026-03-27T11:21:15Z;-3895;4400;339
2026-03-27T11:21:17Z;-4019;4516;621
2026-03-27T11:21:18Z;;4461;442
2026-03-27T11:21:21Z;;4500;481
2026-03-27T11:21:22Z;;4486;467
2026-03-27T11:21:27Z;;4501;482
2026-03-27T11:21:31Z;;4496;477
2026-03-27T11:21:32Z;-2589;;1907
2026-03-27T11:21:36Z;;4503;1914
2026-03-27T11:21:41Z;-4073;;430
2026-03-27T11:21:45Z;-3296;;1207
2026-03-27T11:21:47Z;-3301;;1202
2026-03-27T11:21:49Z;-3297;;1206
2026-03-27T11:21:51Z;-3303;;1200
2026-03-27T11:22:22Z;-4161;;342
2026-03-27T11:23:20Z;-3785;;718
2026-03-27T11:23:22Z;-3349;;1154
2026-03-27T11:23:47Z;-4146;;357
2026-03-27T11:25:30Z;-3356;;1147
2026-03-27T11:25:53Z;-1984;;2519
2026-03-27T11:25:59Z;-2693;;1810
2026-03-27T11:26:01Z;-2709;;1794
2026-03-27T11:26:05Z;-2698;;1805
2026-03-27T11:26:07Z;-2709;;1794
2026-03-27T11:26:48Z;-4121;;382
2026-03-27T11:27:01Z;-3353;;1150
2026-03-27T11:27:09Z;-1964;;2539
2026-03-27T11:27:28Z;-2732;;1771
2026-03-27T11:27:34Z;-2735;;1768
2026-03-27T11:27:36Z;-2723;;1780
2026-03-27T11:27:46Z;-4123;;380
2026-03-27T11:27:54Z;-2706;;1797
2026-03-27T11:27:56Z;-2683;;1820
2026-03-27T11:27:58Z;-2711;;1792
2026-03-27T11:28:00Z;-2696;;1807
2026-03-27T11:28:01Z;-1952;;2551
2026-03-27T11:28:24Z;-2023;;2480
2026-03-27T11:28:36Z;-1957;;2546
2026-03-27T11:28:48Z;-1970;;2533
2026-03-27T11:28:50Z;-3311;;1192
2026-03-27T11:28:54Z;-2039;;2464
2026-03-27T11:29:06Z;-2709;;1794
2026-03-27T11:29:09Z;-4116;;387
2026-03-27T11:29:30Z;-2710;;1793
2026-03-27T11:29:32Z;-2687;;1816
2026-03-27T11:29:42Z;-1966;;2537
2026-03-27T11:29:47Z;-3308;;1195
2026-03-27T11:29:50Z;-2030;;2473
2026-03-27T11:30:02Z;-3298;;1205
2026-03-27T11:30:04Z;-3312;;1191
2026-03-27T11:30:20Z;-3875;;628
2026-03-27T11:30:28Z;-2702;;1801
2026-03-27T11:30:30Z;-2698;;1805
2026-03-27T11:30:33Z;;4639;1941
2026-03-27T11:30:34Z;-2701;;1938
2026-03-27T11:30:39Z;-4101;;538
2026-03-27T11:30:43Z;-2707;;1932
2026-03-27T11:30:52Z;-4127;;512
2026-03-27T11:31:05Z;-1963;;2676
2026-03-27T11:31:15Z;-3316;;1323
2026-03-27T11:31:27Z;-2546;;2093
2026-03-27T11:31:29Z;-1929;;2710
2026-03-27T11:31:34Z;-1645;4324;2395
2026-03-27T11:31:36Z;-1957;;2367
2026-03-27T11:31:37Z;;4637;2680
2026-03-27T11:31:40Z;-2723;;1914
2026-03-27T11:31:44Z;-4118;;519
2026-03-27T11:31:49Z;-2739;;1898
2026-03-27T11:32:03Z;-4133;;504
2026-03-27T11:32:12Z;-2735;;1902
2026-03-27T11:32:18Z;-1998;;2639
2026-03-27T11:32:22Z;-3315;;1322
2026-03-27T11:32:37Z;-1992;;2645
2026-03-27T11:32:51Z;-3337;;1300
2026-03-27T11:32:53Z;-2004;;2633
2026-03-27T11:32:56Z;-2757;;1880
2026-03-27T11:32:59Z;-2767;;1870
2026-03-27T11:33:05Z;-2755;;1882
2026-03-27T11:33:17Z;-4142;;495
2026-03-27T11:33:24Z;-2743;;1894
2026-03-27T11:33:28Z;-3332;;1305
2026-03-27T11:33:37Z;-1984;;2653
2026-03-27T11:33:58Z;-3271;;1366
2026-03-27T11:34:01Z;-3340;;1297
2026-03-27T11:34:04Z;-1962;;2675
2026-03-27T11:34:10Z;-1976;;2661
2026-03-27T11:34:15Z;-3958;;679
2026-03-27T11:34:17Z;-2750;;1887
2026-03-27T11:34:22Z;-2696;;1941
2026-03-27T11:34:24Z;-4132;;505
2026-03-27T11:34:27Z;-2725;;1912
2026-03-27T11:34:29Z;-2699;;1938
2026-03-27T11:34:31Z;-2701;;1936
2026-03-27T11:34:36Z;-4126;;511
2026-03-27T11:34:42Z;-2727;;1910
2026-03-27T11:34:44Z;-1963;;2674
2026-03-27T11:34:55Z;-3314;;1323
2026-03-27T11:35:14Z;-3295;;1342
2026-03-27T11:35:16Z;-1913;;2724
2026-03-27T11:35:25Z;-3208;;1429
2026-03-27T11:35:27Z;-3300;;1337
2026-03-27T11:35:29Z;-1934;;2703
2026-03-27T11:35:33Z;-4127;;510
2026-03-27T11:36:10Z;-3289;;1348
2026-03-27T11:36:15Z;-3304;;1333
2026-03-27T11:36:19Z;-3292;;1345
2026-03-27T11:36:22Z;-3305;;1332
2026-03-27T11:36:25Z;-3293;;1344
2026-03-27T11:36:35Z;-3301;;1336
2026-03-27T11:36:38Z;-3293;;1344
2026-03-27T11:36:39Z;-1874;;2763
2026-03-27T11:36:41Z;-2675;;1962
2026-03-27T11:37:07Z;-2703;;1934
2026-03-27T11:37:09Z;-2694;;1943
2026-03-27T11:37:15Z;-2664;;1973
2026-03-27T11:37:32Z;-3271;;1366
2026-03-27T11:37:34Z;-1875;;2762
2026-03-27T11:37:40Z;-3263;;1374
2026-03-27T11:37:56Z;-4108;;529
2026-03-27T11:38:00Z;-2635;;2002
2026-03-27T11:38:04Z;-2657;4441;1806
2026-03-27T11:38:05Z;;4641;1984
2026-03-27T11:38:07Z;-2704;;1937
2026-03-27T11:38:21Z;-4100;;541
2026-03-27T11:38:24Z;-2663;;1978
2026-03-27T11:38:26Z;-2701;;1940
2026-03-27T11:38:27Z;;4317;1616
2026-03-27T11:38:29Z;-2674;;1643
2026-03-27T11:38:31Z;-1929;;2388
2026-03-27T11:39:02Z;-3273;;1044
2026-03-27T11:39:16Z;-4086;;231
2026-03-27T11:39:50Z;-2654;;1663
2026-03-27T11:39:57Z;-1945;;2372
2026-03-27T11:40:02Z;-3279;;1038
2026-03-27T11:40:08Z;-3290;;1027
2026-03-27T11:40:14Z;-3226;;1091
2026-03-27T11:40:18Z;-1930;;2387
2026-03-27T11:40:24Z;-2750;;1567
2026-03-27T11:40:26Z;-3281;;1036
2026-03-27T11:40:28Z;-3302;;1015
2026-03-27T11:40:30Z;-3297;;1020
2026-03-27T11:40:32Z;-4096;;221
2026-03-27T11:41:12Z;-3297;;1020
2026-03-27T11:41:23Z;-3302;;1015
2026-03-27T11:41:25Z;-3299;;1018
2026-03-27T11:41:27Z;-3309;;1008
2026-03-27T11:41:29Z;-1934;;2383
2026-03-27T11:41:48Z;-2716;;1601
2026-03-27T11:41:50Z;-2684;;1633
2026-03-27T11:41:52Z;-2702;;1615
2026-03-27T11:41:53Z;-2674;;1643
2026-03-27T11:41:55Z;-2706;;1611
2026-03-27T11:41:57Z;-2688;;1629
2026-03-27T11:41:59Z;-2700;;1617
2026-03-27T11:42:03Z;-2713;;1604
2026-03-27T11:42:06Z;-2693;;1624
2026-03-27T11:42:08Z;-4091;;226
2026-03-27T11:42:10Z;-2698;;1619
2026-03-27T11:42:12Z;-2701;;1616
2026-03-27T11:42:14Z;-2689;;1628
2026-03-27T11:42:16Z;-2731;;1586
2026-03-27T11:42:18Z;-2673;;1644
2026-03-27T11:42:33Z;-2060;;2257
2026-03-27T11:42:50Z;-3275;;1042
2026-03-27T11:43:00Z;-3301;;1016
2026-03-27T11:43:02Z;-3295;;1022
2026-03-27T11:43:05Z;-4094;;223
2026-03-27T11:43:18Z;-2657;;1660
2026-03-27T11:43:41Z;-4043;;274
2026-03-27T11:43:47Z;-3297;;1020
2026-03-27T11:43:51Z;-3294;;1023
2026-03-27T11:43:53Z;-3297;;1020
2026-03-27T11:43:55Z;-3307;;1010
2026-03-27T11:44:01Z;-1951;;2366
2026-03-27T11:44:12Z;-3276;;1041
2026-03-27T11:44:14Z;-3301;;1016
2026-03-27T11:44:16Z;-1961;;2356
2026-03-27T11:44:23Z;-2702;;1615
2026-03-27T11:44:25Z;-3450;;867
2026-03-27T11:44:27Z;-2714;;1603
2026-03-27T11:44:29Z;-2691;;1626
2026-03-27T11:44:35Z;-3974;;343
2026-03-27T11:44:38Z;-4099;;218
2026-03-27T11:44:45Z;-2709;;1608
2026-03-27T11:44:47Z;-2692;;1625
2026-03-27T11:44:51Z;-2704;;1613
2026-03-27T11:44:55Z;-2690;;1627
2026-03-27T11:44:57Z;-2708;;1609
2026-03-27T11:45:01Z;-1975;;2342
2026-03-27T11:45:07Z;-3275;;1042
2026-03-27T11:45:09Z;-3310;;1007
2026-03-27T11:45:16Z;-3293;;1024
2026-03-27T11:45:18Z;-3307;;1010
2026-03-27T11:45:20Z;-3297;;1020
2026-03-27T11:45:22Z;-3314;;1003
2026-03-27T11:45:23Z;-3298;;1019
2026-03-27T11:45:26Z;-1929;;2388
2026-03-27T11:45:34Z;-3248;;1069
2026-03-27T11:45:38Z;-2688;;1629
2026-03-27T11:45:41Z;-3290;;1027
2026-03-27T11:45:43Z;-4091;;226
2026-03-27T11:45:51Z;-2705;;1612
2026-03-27T11:45:53Z;-2687;;1630
2026-03-27T11:45:57Z;-2729;;1588
2026-03-27T11:45:59Z;-2691;;1626
2026-03-27T11:46:01Z;-2719;;1598
2026-03-27T11:46:03Z;-2693;;1624
2026-03-27T11:46:04Z;-2704;;1613
2026-03-27T11:46:06Z;-2699;;1618
2026-03-27T11:46:08Z;-4083;;234
2026-03-27T11:46:10Z;-2706;;1611
2026-03-27T11:46:12Z;-1963;;2354
2026-03-27T11:46:13Z;-3289;;1028
2026-03-27T11:46:15Z;-3303;;1014
2026-03-27T11:46:17Z;-2009;;2308
2026-03-27T11:46:20Z;-2252;;2065
2026-03-27T11:46:22Z;-3309;;1008
2026-03-27T11:46:31Z;-3289;;1028
2026-03-27T11:46:33Z;-1957;;2360
2026-03-27T11:46:43Z;-3293;;1024
2026-03-27T11:46:45Z;-3312;;1005
2026-03-27T11:46:49Z;-4105;;212
2026-03-27T11:47:05Z;-2716;;1601
2026-03-27T11:47:07Z;-2686;;1631
2026-03-27T11:47:11Z;-2728;;1589
2026-03-27T11:47:13Z;-2679;;1638
2026-03-27T11:47:18Z;-4098;;219
2026-03-27T11:47:26Z;-3306;;1011
2026-03-27T11:47:30Z;-1971;;2346
2026-03-27T11:47:53Z;-3305;;1012
2026-03-27T11:48:03Z;-2721;;1596
2026-03-27T11:48:05Z;-2697;;1620
2026-03-27T11:48:09Z;-2724;;1593
2026-03-27T11:48:20Z;-2704;;1613
2026-03-27T11:48:23Z;-2729;;1588
2026-03-27T11:48:26Z;-2695;;1622
2026-03-27T11:48:28Z;-2704;;1613
2026-03-27T11:48:33Z;-1965;;2352
2026-03-27T11:48:45Z;-3285;;1032
2026-03-27T11:48:47Z;-3303;;1014
2026-03-27T11:48:51Z;-3297;;1020
2026-03-27T11:48:53Z;-1957;;2360
2026-03-27T11:49:01Z;-3304;;1013
2026-03-27T11:49:03Z;-1996;;2321
2026-03-27T11:49:07Z;-3315;;1002
2026-03-27T11:49:15Z;-3858;;459
2026-03-27T11:49:17Z;-4097;;220
2026-03-27T11:49:19Z;-2716;;1601
2026-03-27T11:49:21Z;-2698;;1619
2026-03-27T11:49:23Z;-2709;;1608
2026-03-27T11:49:34Z;-2749;;1568
2026-03-27T11:49:37Z;-4104;;213
2026-03-27T11:49:44Z;-4097;;220
2026-03-27T11:49:46Z;-3335;;982
2026-03-27T11:49:51Z;-1992;;2325
2026-03-27T11:49:54Z;-1626;4479;2487
2026-03-27T11:49:55Z;;4643;3017
2026-03-27T11:49:57Z;-1989;;2654
2026-03-27T11:50:10Z;-3289;;1354
2026-03-27T11:50:12Z;-3306;;1337
2026-03-27T11:50:15Z;-1977;;2666
2026-03-27T11:50:18Z;-2559;;2084
2026-03-27T11:50:20Z;-3293;;1350
2026-03-27T11:50:22Z;-1971;;2672
2026-03-27T11:50:25Z;-3312;;1331
2026-03-27T11:50:33Z;-1981;;2662
2026-03-27T11:50:36Z;-2705;;1938
2026-03-27T11:50:41Z;-4079;;564
2026-03-27T11:50:45Z;-2727;;1916
2026-03-27T11:50:49Z;-4090;;553
2026-03-27T11:51:05Z;-3310;;1333
2026-03-27T11:51:17Z;-3292;;1351
2026-03-27T11:51:19Z;-3303;;1340
2026-03-27T11:51:21Z;-3304;;1339
2026-03-27T11:51:23Z;-3301;;1342
2026-03-27T11:51:28Z;-3294;;1349
2026-03-27T11:51:30Z;-3303;;1340
2026-03-27T11:51:38Z;-4098;;545
2026-03-27T11:52:13Z;-2708;;1935
2026-03-27T11:52:17Z;-2697;;1946
2026-03-27T11:52:19Z;-2707;;1936
2026-03-27T11:52:22Z;-4088;;555
2026-03-27T11:52:29Z;-3362;;1281
2026-03-27T11:52:39Z;;4464;1102
2026-03-27T11:52:40Z;;4641;1279
2026-03-27T11:52:41Z;-3143;;1498
2026-03-27T11:52:44Z;-2032;;2609
2026-03-27T11:52:53Z;;4458;2426
2026-03-27T11:52:54Z;;4644;2612
2026-03-27T11:52:58Z;-2758;;1886
2026-03-27T11:53:03Z;-4134;;510
2026-03-27T11:53:22Z;-2752;;1892
2026-03-27T11:53:32Z;-2008;;2636
2026-03-27T11:53:34Z;-3231;;1413
2026-03-27T11:53:36Z;-2013;;2631
2026-03-27T11:53:41Z;-1582;;3062
2026-03-27T11:53:43Z;-2004;;2640
2026-03-27T11:53:48Z;-3323;;1321
2026-03-27T11:53:51Z;-2015;;2629
2026-03-27T11:54:00Z;-3332;;1312
2026-03-27T11:54:02Z;-2028;;2616
2026-03-27T11:54:17Z;-2738;;1906
2026-03-27T11:54:23Z;-4106;;538
2026-03-27T11:54:37Z;;4498;392
2026-03-27T11:54:38Z;;4650;544
2026-03-27T11:54:46Z;-1975;;2675
2026-03-27T11:54:53Z;-3262;;1388
2026-03-27T11:54:55Z;-3324;;1326
2026-03-27T11:54:58Z;-2016;;2634
2026-03-27T11:55:14Z;-3318;;1332
2026-03-27T11:55:22Z;-3295;;1355
2026-03-27T11:55:24Z;-3330;;1320
2026-03-27T11:55:26Z;-4067;;583
2026-03-27T11:55:36Z;-2739;;1911
2026-03-27T11:55:38Z;-2698;;1952
2026-03-27T11:55:40Z;-2738;;1912
2026-03-27T11:55:42Z;-2699;;1951
2026-03-27T11:55:44Z;-2723;;1927
2026-03-27T11:55:53Z;-2042;;2608
2026-03-27T11:55:55Z;-3307;;1343
2026-03-27T11:56:06Z;-2006;;2644
2026-03-27T11:56:17Z;-3335;;1315
2026-03-27T11:56:25Z;-2239;;2411
2026-03-27T11:56:28Z;-2027;;2623
2026-03-27T11:56:33Z;-2798;;1852
2026-03-27T11:56:36Z;-3037;;1613
2026-03-27T11:56:38Z;-2784;;1866
2026-03-27T11:56:40Z;-4102;;548
2026-03-27T11:56:46Z;-2766;;1884
2026-03-27T11:56:57Z;-4089;;561
2026-03-27T11:57:02Z;-4119;;531
2026-03-27T11:57:06Z;-3328;;1322
2026-03-27T11:57:32Z;-3326;;1324
2026-03-27T11:57:35Z;;4483;1157
2026-03-27T11:57:36Z;;4647;1321
2026-03-27T11:57:43Z;-2659;;1988
2026-03-27T11:57:45Z;-2075;;2572
2026-03-27T11:57:53Z;-3365;;1282
2026-03-27T11:57:58Z;-4110;;537
2026-03-27T11:58:01Z;-2767;;1880
2026-03-27T11:58:24Z;-4117;;530
2026-03-27T11:58:26Z;-2777;;1870
2026-03-27T11:58:29Z;-4025;;622
2026-03-27T11:58:32Z;-2781;;1866
2026-03-27T11:58:35Z;-2063;;2584
2026-03-27T11:58:39Z;-3374;;1273
2026-03-27T11:58:44Z;-2062;;2585
2026-03-27T11:58:54Z;-3357;;1290
2026-03-27T11:58:58Z;-2078;;2569
2026-03-27T11:59:10Z;-3367;;1280
2026-03-27T11:59:13Z;-2054;;2593
2026-03-27T11:59:21Z;-3386;;1261
2026-03-27T11:59:24Z;-3354;;1293
2026-03-27T11:59:26Z;-2060;;2587
2026-03-27T11:59:33Z;-3374;;1273
2026-03-27T11:59:35Z;-2082;;2565
2026-03-27T11:59:41Z;-2072;;2575
2026-03-27T11:59:46Z;-2069;;2578
2026-03-27T11:59:49Z;-2786;;1861
2026-03-27T11:59:55Z;-4105;;542
2026-03-27T11:59:58Z;-2785;;1862
2026-03-27T12:00:17Z;-3366;;1281
2026-03-27T12:00:18Z;;4281;915
2026-03-27T12:00:19Z;;4649;1283
2026-03-27T12:00:33Z;;4648;1282
2026-03-27T12:00:35Z;-2040;;2608
2026-03-27T12:00:41Z;-2020;;2628
2026-03-27T14:54:43Z;;904;-1116
2026-03-27T14:54:46Z;-632;;272
2026-03-27T14:54:49Z;-576;;328
2026-03-27T14:54:52Z;;879;255
2026-03-27T14:54:53Z;-2401;;-1497
2026-03-27T14:54:55Z;-2391;915;291
2026-03-27T14:54:58Z;-624;;280
2026-03-27T14:55:01Z;;1250;626
2026-03-27T14:55:03Z;-1104;;-200
2026-03-27T14:55:05Z;-2401;;-1151
2026-03-27T14:55:06Z;;1692;588
2026-03-27T14:55:07Z;-2396;;-242
2026-03-27T14:55:09Z;-2401;1932;828
2026-03-27T14:55:12Z;;2154;-247
2026-03-27T14:55:14Z;-2398;;-244
2026-03-27T14:55:15Z;-1361;;793
2026-03-27T14:55:16Z;-2410;;-256
2026-03-27T14:55:18Z;;2497;87
2026-03-27T14:55:21Z;-1584;;913
2026-03-27T14:55:24Z;;2754;513
2026-03-27T14:55:27Z;-1982;;1049
2026-03-27T14:55:30Z;;2684;443
2026-03-27T14:55:33Z;-2241;;256
2026-03-27T14:55:36Z;;2720;479
2026-03-27T14:55:39Z;-2376;;308
2026-03-27T14:55:42Z;;3031;790
2026-03-27T14:55:45Z;;2958;582
2026-03-27T14:55:48Z;-2390;;568
2026-03-27T14:55:51Z;-2400;;558
2026-03-27T14:55:54Z;;3017;617
2026-03-27T14:55:57Z;;2975;575
2026-03-27T14:56:00Z;;3107;707
2026-03-27T14:56:03Z;-2719;;388
2026-03-27T14:56:06Z;-2691;;416
2026-03-27T14:56:09Z;-2734;;373
2026-03-27T14:56:12Z;-2658;;449
2026-03-27T14:56:15Z;-2725;;382
2026-03-27T14:56:18Z;-2677;;430
2026-03-27T14:56:21Z;-2704;;403
2026-03-27T14:56:24Z;-2677;;430
2026-03-27T14:56:27Z;;3079;402
2026-03-27T14:56:30Z;-2380;;699
2026-03-27T14:56:33Z;;2908;528
2026-03-27T14:56:36Z;;3022;642
2026-03-27T14:56:39Z;;2986;606
2026-03-27T14:56:42Z;-2617;;369
2026-03-27T14:56:45Z;-2596;;390
2026-03-27T14:56:48Z;;3016;420
2026-03-27T14:56:51Z;;3001;405
2026-03-27T14:56:54Z;;3047;451
2026-03-27T14:56:55Z;;2996;400
2026-03-27T14:56:57Z;;3002;406
2026-03-27T14:57:00Z;;3027;431
2026-03-27T14:57:01Z;;2998;402
2026-03-27T14:57:03Z;;2999;418
2026-03-27T14:57:06Z;;3003;407
2026-03-27T14:57:09Z;;2995;399
2026-03-27T14:57:12Z;;3014;418
2026-03-27T14:57:15Z;;2991;395
2026-03-27T14:57:18Z;;3008;412
2026-03-27T14:57:21Z;;2984;388
2026-03-27T14:57:24Z;;3003;407
2026-03-27T14:57:27Z;;2997;401
2026-03-27T14:57:30Z;;2218;-378
2026-03-27T14:57:33Z;;2978;382
2026-03-27T14:57:36Z;-1909;;1069
2026-03-27T14:57:39Z;-2458;;520
2026-03-27T14:57:42Z;-2397;;581
2026-03-27T14:57:45Z;-2408;;570
2026-03-27T14:57:48Z;-2388;;590
2026-03-27T14:59:12Z;-2703;;275
2026-03-27T14:59:14Z;-2699;;279
2026-03-27T14:59:17Z;-2706;;272
2026-03-27T15:00:09Z;-2674;;304
2026-03-27T15:00:12Z;;2988;314
2026-03-27T15:00:15Z;-2372;;616
2026-03-27T15:00:30Z;;2688;316
2026-03-27T15:00:36Z;;2688;316
2026-03-27T15:00:38Z;-2071;;617
2026-03-27T15:00:41Z;;2394;323
2026-03-27T15:00:42Z;-2140;;254
2026-03-27T15:00:43Z;;2409;269
2026-03-27T15:00:46Z;-2123;;286
2026-03-27T15:00:49Z;-2056;;353
2026-03-27T15:00:51Z;;2306;250
2026-03-27T15:00:52Z;-1754;;552
2026-03-27T15:00:54Z;;2038;284
2026-03-27T15:00:57Z;-1447;;591
2026-03-27T15:00:59Z;;1799;352
2026-03-27T15:01:10Z;;1152;-295
2026-03-27T15:01:11Z;;1609;162
2026-03-27T15:01:12Z;;1497;50
2026-03-27T15:01:13Z;-977;1616;169
2026-03-27T15:01:15Z;-1222;;394
2026-03-27T15:01:18Z;-1187;;429
2026-03-27T15:01:26Z;-1194;;422
2026-03-27T15:01:28Z;-1202;;414
2026-03-27T15:01:30Z;-1198;;418
2026-03-27T15:01:45Z;-1199;;417
2026-03-27T15:01:47Z;-1204;;412
2026-03-27T15:02:05Z;;1812;608
2026-03-27T15:02:19Z;-1500;;312
2026-03-27T15:02:22Z;-1490;;322
2026-03-27T15:02:26Z;;1793;303
2026-03-27T15:02:41Z;;1803;313
2026-03-27T15:02:47Z;-1512;;291
2026-03-27T15:02:49Z;-1486;;317
2026-03-27T15:02:51Z;-1528;;275
2026-03-27T15:02:56Z;-1475;;328
2026-03-27T15:03:07Z;-1533;;270
2026-03-27T15:03:19Z;-1488;;315
2026-03-27T15:03:21Z;-1576;;227
2026-03-27T15:03:23Z;;2115;539
2026-03-27T15:03:26Z;-1819;;296
2026-03-27T15:03:27Z;;2402;583
2026-03-27T15:03:33Z;;2397;578
2026-03-27T15:03:34Z;-1848;;549
2026-03-27T15:03:43Z;-1834;;563
2026-03-27T15:03:51Z;;2407;573
2026-03-27T15:03:56Z;-2117;;290
2026-03-27T15:03:59Z;;2707;590
2026-03-27T15:04:00Z;-2409;;298
2026-03-27T15:04:02Z;;3053;644
2026-03-27T15:04:04Z;-2738;;315
2026-03-27T15:04:12Z;;3339;601
2026-03-27T15:04:15Z;-3015;;324
2026-03-27T15:04:46Z;-2985;;354
2026-03-27T15:05:46Z;;3280;295
2026-03-27T15:05:50Z;-2680;;600
2026-03-27T15:05:54Z;-2716;;564
2026-03-27T15:05:58Z;-2647;;633
2026-03-27T15:06:00Z;;2921;274
2026-03-27T15:06:01Z;-2322;;599
2026-03-27T15:06:02Z;;2690;368
2026-03-27T15:06:04Z;-2013;;677
2026-03-27T15:06:05Z;;2367;354
2026-03-27T15:06:07Z;-1760;;607
2026-03-27T15:06:10Z;;2065;305
2026-03-27T15:06:17Z;-1481;;584
2026-03-27T15:06:21Z;;1796;315
2026-03-27T15:06:22Z;;1849;368
2026-03-27T15:06:24Z;-1580;;269
2026-03-27T15:06:26Z;;2159;579
2026-03-27T15:06:27Z;-1845;;314
2026-03-27T15:06:30Z;;2405;560
2026-03-27T15:06:35Z;;2386;541
2026-03-27T15:06:39Z;-1807;;579
2026-03-27T15:06:42Z;;2078;271
2026-03-27T15:06:45Z;-1524;;554
2026-03-27T15:06:48Z;;1793;269
2026-03-27T15:06:51Z;-1199;;594
2026-03-27T15:07:02Z;;1499;300
2026-03-27T15:08:42Z;-1210;1566;367
2026-03-27T15:08:45Z;;1807;597
2026-03-27T15:08:47Z;;1785;575
2026-03-27T15:08:51Z;-1151;;634
2026-03-27T15:08:54Z;;1490;339
2026-03-27T15:09:23Z;;1506;355
2026-03-27T15:09:29Z;-1235;;271
2026-03-27T15:09:32Z;;1866;631
2026-03-27T15:09:33Z;-1564;;302
2026-03-27T15:09:38Z;-1462;;404
2026-03-27T15:09:40Z;;1761;299
2026-03-27T15:09:51Z;;1804;342
2026-03-27T15:09:52Z;-1501;;303
2026-03-27T15:09:55Z;-1802;2165;664
2026-03-27T15:10:01Z;-1747;;418
2026-03-27T15:10:06Z;-1765;;400
2026-03-27T15:10:10Z;;2408;643
2026-03-27T15:10:12Z;;2337;572
2026-03-27T15:10:13Z;-1772;;565
2026-03-27T15:10:15Z;;1979;207
2026-03-27T15:10:16Z;-1421;;558
2026-03-27T15:10:17Z;;1738;317
2026-03-27T15:10:19Z;-1170;;568
2026-03-27T15:10:21Z;;1490;320
2026-03-27T15:10:37Z;;1516;346
2026-03-27T15:10:38Z;-1189;;327
2026-03-27T15:10:50Z;;1835;646
2026-03-27T15:10:51Z;-1530;;305
2026-03-27T15:10:55Z;;2149;619
2026-03-27T15:10:56Z;-1845;;304
2026-03-27T15:11:03Z;-1754;;395
2026-03-27T15:11:04Z;;2099;345
2026-03-27T15:11:10Z;-1461;;638
2026-03-27T15:11:11Z;;1794;333
2026-03-27T15:11:15Z;-1190;;604
2026-03-27T15:11:19Z;;1474;284
2026-03-27T15:11:40Z;;1533;343
2026-03-27T15:11:41Z;-1200;;333
2026-03-27T15:11:43Z;-1199;;334
2026-03-27T15:11:46Z;;1453;254
2026-03-27T15:11:49Z;-881;;572
2026-03-27T15:12:02Z;-918;;535
2026-03-27T15:12:15Z;-883;;570
2026-03-27T15:12:26Z;;1199;316
2026-03-27T15:12:30Z;;1204;321
2026-03-27T15:12:37Z;;1198;315
2026-03-27T15:13:00Z;;1227;344
2026-03-27T15:13:01Z;-912;;315
2026-03-27T15:13:05Z;;1523;611
2026-03-27T15:13:06Z;-1285;;238
2026-03-27T15:13:09Z;;1805;520
2026-03-27T15:13:10Z;;1786;501
2026-03-27T15:13:13Z;-1158;;628
2026-03-27T15:13:14Z;;1425;267
2026-03-27T15:13:21Z;-892;;533
2026-03-27T15:13:32Z;;1199;307
2026-03-27T15:13:53Z;;1210;318
2026-03-27T15:14:04Z;;1195;303
2026-03-27T15:14:07Z;;1201;309
2026-03-27T15:14:14Z;-248;;953
2026-03-27T15:14:16Z;;1143;895
2026-03-27T15:14:17Z;-758;;385
2026-03-27T15:14:19Z;-945;1586;198
2026-03-27T15:14:21Z;-1274;;312
2026-03-27T15:14:23Z;;1885;611
2026-03-27T15:14:26Z;-1575;;310
2026-03-27T15:14:27Z;;2128;553
2026-03-27T15:14:35Z;;1975;400
2026-03-27T15:14:38Z;-1461;;514
2026-03-27T15:14:53Z;-1515;;460
2026-03-27T15:14:57Z;-1464;;511
2026-03-27T15:15:00Z;;1772;308
2026-03-27T15:15:01Z;-1151;;621
2026-03-27T15:15:04Z;;1489;338
2026-03-27T15:15:08Z;-897;;592
2026-03-27T15:15:21Z;-907;;582
2026-03-27T15:15:23Z;-893;;596
2026-03-27T15:15:29Z;;1198;305
2026-03-27T15:15:33Z;;1211;318
2026-03-27T15:15:42Z;-756;;455
2026-03-27T15:15:56Z;;1208;452
2026-03-27T15:15:59Z;-915;;293
2026-03-27T15:16:27Z;-893;;315
2026-03-27T15:16:35Z;;1191;298
2026-03-27T15:17:12Z;;1203;310
2026-03-27T15:17:21Z;-975;;228
2026-03-27T15:17:23Z;;1557;582
2026-03-27T15:17:24Z;-1245;;312
2026-03-27T15:17:26Z;;1873;628
2026-03-27T15:17:27Z;-1608;;265
2026-03-27T15:17:28Z;;2128;520
2026-03-27T15:17:30Z;-1806;;322
2026-03-27T15:17:32Z;;2485;679
2026-03-27T15:17:34Z;-2167;;318
2026-03-27T15:17:36Z;;2717;550
2026-03-27T15:17:44Z;;2693;526
2026-03-27T15:17:49Z;-2090;;603
2026-03-27T15:17:54Z;;2370;280
2026-03-27T15:17:57Z;-1796;;574
2026-03-27T15:18:01Z;-1796;;574
2026-03-27T15:18:10Z;;2432;636
2026-03-27T15:18:12Z;-2117;;315
2026-03-27T15:18:20Z;-2073;;359
2026-03-27T15:18:23Z;;2355;282
2026-03-27T15:18:26Z;-1785;;570
2026-03-27T15:18:31Z;;2083;298
2026-03-27T15:18:38Z;;2134;349
2026-03-27T15:18:41Z;-1806;;328
2026-03-27T15:18:46Z;-1795;;339
2026-03-27T15:18:52Z;-1802;;332
2026-03-27T15:18:54Z;-1795;;339
2026-03-27T15:18:57Z;;2054;259
2026-03-27T15:18:58Z;-1499;;555
2026-03-27T15:19:00Z;;1767;268
2026-03-27T15:19:02Z;-1181;;586
2026-03-27T15:19:05Z;;1489;308
2026-03-27T15:19:07Z;;1503;322
2026-03-27T15:19:08Z;;1498;317
2026-03-27T15:19:17Z;;1538;357
2026-03-27T15:19:18Z;-1236;;302
2026-03-27T15:19:24Z;-1198;;340
2026-03-27T15:19:26Z;;1483;285
2026-03-27T15:19:30Z;-896;;587
2026-03-27T15:19:33Z;;1178;282
2026-03-27T15:20:01Z;;1207;311
2026-03-27T15:20:04Z;-905;;302
2026-03-27T15:20:13Z;-885;;322
2026-03-27T15:20:15Z;;774;-111
2026-03-27T15:20:16Z;-904;1310;425
2026-03-27T15:20:18Z;-887;;423
2026-03-27T15:20:25Z;-940;;370
2026-03-27T15:20:34Z;-855;;455
2026-03-27T15:20:45Z;-908;;402
2026-03-27T15:20:52Z;-894;;416
2026-03-27T15:20:59Z;-904;;406
2026-03-27T15:21:11Z;-1166;1567;663
2026-03-27T15:21:14Z;;1802;636
2026-03-27T15:21:16Z;-1540;;262
2026-03-27T15:21:17Z;;2116;576
2026-03-27T15:21:24Z;;2077;537
2026-03-27T15:21:26Z;-1414;;663
2026-03-27T15:21:28Z;;1762;348
2026-03-27T15:21:37Z;-1187;;575
2026-03-27T15:21:44Z;;1484;297
2026-03-27T15:21:56Z;-889;;595
2026-03-27T15:22:03Z;-909;;575
2026-03-27T15:22:10Z;;1508;599
2026-03-27T15:22:20Z;;1495;586
2026-03-27T15:22:26Z;-890;;605
2026-03-27T15:22:39Z;;1192;302
2026-03-27T15:22:56Z;;1201;311
2026-03-27T15:22:58Z;;1198;308
2026-03-27T15:23:06Z;-600;;598
2026-03-27T15:24:22Z;;898;298
2026-03-27T15:24:37Z;;904;304
2026-03-27T15:24:44Z;;893;293
2026-03-27T15:25:34Z;;906;306
2026-03-27T15:25:38Z;;895;295
2026-03-27T15:25:58Z;;904;304
2026-03-27T15:26:11Z;-607;;297
2026-03-27T15:26:28Z;-583;;321
2026-03-27T15:26:52Z;-603;;301
2026-03-27T15:26:58Z;;1215;612
2026-03-27T15:27:07Z;;1169;566
2026-03-27T15:27:17Z;;1250;647
2026-03-27T15:27:20Z;-941;;309
2026-03-27T15:27:22Z;;1502;561
2026-03-27T15:27:26Z;-1256;;246
2026-03-27T15:27:27Z;;1818;562
2026-03-27T15:27:38Z;-1504;;314
2026-03-27T15:27:44Z;;2111;607
2026-03-27T15:27:48Z;;2098;594
2026-03-27T15:27:52Z;-1498;;600
2026-03-27T15:28:01Z;-1543;;555
2026-03-27T15:28:03Z;;2149;606
2026-03-27T15:28:08Z;-1819;;330
2026-03-27T15:28:32Z;-1797;;352
2026-03-27T15:28:34Z;-1820;;329
2026-03-27T15:28:38Z;-1795;;354
2026-03-27T15:28:42Z;-1806;;343
2026-03-27T15:28:44Z;-1786;;363
2026-03-27T15:28:46Z;-1786;;363
2026-03-27T15:28:48Z;-1800;;349
2026-03-27T15:30:20Z;;1616;-184
2026-03-27T15:30:21Z;;2202;402
2026-03-27T15:30:23Z;-538;;1664
2026-03-27T15:30:25Z;-1707;;495
2026-03-27T15:30:33Z;;2208;501
2026-03-27T15:30:41Z;-1691;;517
2026-03-27T15:31:02Z;;2091;400
2026-03-27T15:31:06Z;-1470;;621
2026-03-27T15:31:09Z;;1745;275
2026-03-27T15:31:10Z;-1109;;636
2026-03-27T15:31:12Z;-954;1463;354
2026-03-27T15:31:28Z;-901;;562
2026-03-27T15:31:35Z;;1523;622
2026-03-27T15:31:39Z;-1211;;312
2026-03-27T15:31:43Z;;1836;625
2026-03-27T15:31:51Z;-1506;;330
2026-03-27T15:32:35Z;-1488;;348
2026-03-27T15:33:10Z;;1799;311
2026-03-27T15:33:23Z;-1186;;613
2026-03-27T15:33:26Z;-1202;;597
2026-03-27T15:33:29Z;;1817;615
2026-03-27T15:33:35Z;-1507;;310
2026-03-27T15:33:37Z;-1442;;375
2026-03-27T15:33:43Z;;1764;322
2026-03-27T15:33:45Z;-1183;;581
2026-03-27T15:33:47Z;-1220;;544
2026-03-27T15:33:51Z;;1818;598
2026-03-27T15:33:56Z;-1509;;309
2026-03-27T15:33:58Z;-1490;;328
2026-03-27T15:34:00Z;-1500;;318
2026-03-27T15:34:02Z;-1485;;333
2026-03-27T15:34:04Z;-1506;;312
2026-03-27T15:34:06Z;-1499;;319
2026-03-27T15:34:08Z;-1510;;308
2026-03-27T15:34:09Z;-1497;;321
2026-03-27T15:34:11Z;-1505;;313
2026-03-27T15:34:30Z;;1434;-71
2026-03-27T15:34:31Z;;2010;505
2026-03-27T15:34:55Z;-1494;;516
2026-03-27T15:34:57Z;-1505;;505
2026-03-27T15:35:04Z;-1492;;518
2026-03-27T15:35:06Z;-1506;;504
2026-03-27T15:35:11Z;-1499;;511
2026-03-27T15:35:13Z;-1499;;511
2026-03-27T15:35:15Z;-1500;;510
2026-03-27T15:35:41Z;-1503;;507
2026-03-27T15:35:52Z;-1466;;544
2026-03-27T15:36:03Z;-1514;;496
2026-03-27T15:36:05Z;-1486;;524
2026-03-27T15:36:10Z;-1501;;509
2026-03-27T15:36:12Z;-1495;;515
2026-03-27T15:38:31Z;;1792;297
2026-03-27T15:38:39Z;-1094;;698
2026-03-27T15:38:45Z;-1203;;589
2026-03-27T15:38:47Z;-1190;;602
2026-03-27T15:38:49Z;-1210;;582
2026-03-27T15:39:00Z;;1811;601
2026-03-27T15:40:22Z;;1794;584
2026-03-27T15:40:24Z;;1801;591
2026-03-27T15:40:25Z;;1796;586
2026-03-27T15:40:27Z;-963;;833
2026-03-27T15:40:28Z;;1803;840
2026-03-27T15:40:29Z;-1324;;479
2026-03-27T15:40:44Z;;1790;466
2026-03-27T15:40:54Z;-1194;;596
2026-03-27T15:41:14Z;-1208;;582
2026-03-27T15:41:22Z;;1809;601
2026-03-27T15:41:27Z;;1787;579
2026-03-27T15:41:31Z;-1171;;616
2026-03-27T15:41:37Z;;1494;323
2026-03-27T15:41:41Z;;1502;331
2026-03-27T15:41:45Z;-1220;;282
2026-03-27T15:41:49Z;;1819;599
2026-03-27T15:42:11Z;;1788;568
2026-03-27T15:42:40Z;-1176;;612
2026-03-27T15:42:43Z;;1484;308
2026-03-27T15:42:45Z;-881;;603
2026-03-27T15:42:48Z;;1196;315
2026-03-27T15:43:02Z;;1197;316
2026-03-27T15:43:17Z;;1221;340
2026-03-27T15:43:20Z;-928;;293
2026-03-27T15:43:23Z;;1503;575
2026-03-27T15:43:29Z;;1487;559
2026-03-27T15:43:33Z;-899;;588
2026-03-27T15:43:35Z;-910;;577
2026-03-27T15:43:41Z;;1506;596
2026-03-27T15:43:53Z;;1465;555
2026-03-27T15:43:56Z;-862;;603
2026-03-27T15:44:01Z;-925;;540
2026-03-27T15:44:04Z;;1505;580
2026-03-27T15:44:08Z;-1204;;301
2026-03-27T15:44:10Z;-1207;;298
2026-03-27T15:44:25Z;-1231;;274
2026-03-27T15:44:31Z;;1821;590
2026-03-27T15:44:40Z;;1521;290
2026-03-27T15:44:41Z;;1857;626
2026-03-27T15:44:42Z;-875;1769;538
2026-03-27T15:44:44Z;-1392;;377
2026-03-27T15:44:45Z;;1879;487
2026-03-27T15:45:33Z;;1847;455
2026-03-27T15:45:41Z;-1344;;503
2026-03-27T15:46:42Z;;1748;404
2026-03-27T15:46:44Z;;1818;474
2026-03-27T15:46:45Z;;1726;382
2026-03-27T15:46:48Z;;1824;480
2026-03-27T15:46:49Z;;1798;454
2026-03-27T15:46:50Z;;1813;469
2026-03-27T15:46:52Z;-1187;;626
2026-03-27T15:46:54Z;;1658;471
2026-03-27T15:46:55Z;;1806;619
2026-03-27T15:46:56Z;-1301;;505
2026-03-27T15:46:57Z;;1798;497
2026-03-27T15:46:58Z;;1813;512
2026-03-27T15:46:59Z;;1790;489
2026-03-27T15:47:00Z;;1805;504
2026-03-27T15:47:01Z;;1794;493
2026-03-27T15:47:02Z;;1810;509
2026-03-27T15:47:04Z;;1793;492
2026-03-27T15:47:10Z;;1809;508
2026-03-27T15:47:12Z;;1801;500
2026-03-27T15:47:13Z;;1796;495
2026-03-27T15:47:41Z;-1092;;704
2026-03-27T15:47:43Z;-1304;;492
2026-03-27T15:47:51Z;-1079;;717
2026-03-27T15:47:53Z;-1069;;727
2026-03-27T15:48:00Z;-1055;;741
2026-03-27T15:48:02Z;-1282;;514
2026-03-27T15:49:10Z;-1196;;600
2026-03-27T15:49:12Z;-1223;;573
2026-03-27T15:49:14Z;-1199;;597
2026-03-27T15:49:16Z;-1202;;594
2026-03-27T15:49:19Z;-1195;;601
2026-03-27T15:49:21Z;-1202;;594
2026-03-27T15:49:23Z;-1199;;597
2026-03-27T15:49:33Z;-1206;;590
2026-03-27T15:49:35Z;-1192;;604
2026-03-27T15:49:56Z;;1480;288
2026-03-27T15:49:58Z;-870;;610
2026-03-27T15:50:02Z;;1187;317
2026-03-27T15:50:04Z;-563;;624
2026-03-27T15:50:08Z;;877;314
2026-03-27T15:50:12Z;-280;;597
2026-03-27T15:50:23Z;;597;317
2026-03-27T15:51:14Z;;602;322
2026-03-27T15:51:27Z;-306;;296
2026-03-27T15:51:29Z;-283;;319
2026-03-27T15:51:42Z;;589;306
2026-03-27T15:52:19Z;;609;326
2026-03-27T15:52:24Z;-315;;294
2026-03-27T15:52:30Z;-291;;318
2026-03-27T15:52:37Z;;566;275
2026-03-27T15:53:15Z;;603;312
2026-03-27T15:53:22Z;;595;304
2026-03-27T15:53:49Z;;600;309
2026-03-27T15:54:06Z;-313;;287
2026-03-27T15:54:38Z;;900;587
2026-03-27T15:54:46Z;-698;;202
2026-03-27T15:54:47Z;;1210;512
2026-03-27T15:54:52Z;-904;;306
2026-03-27T15:55:02Z;-892;;318
2026-03-27T15:55:32Z;;1183;291
2026-03-27T15:55:35Z;-588;;595
2026-03-27T15:56:04Z;-608;;575
2026-03-27T15:56:09Z;;1223;615
2026-03-27T15:56:42Z;;1155;547
2026-03-27T15:56:43Z;-591;;564
2026-03-27T15:56:47Z;;855;264
2026-03-27T15:56:48Z;-283;;572
2026-03-27T15:56:51Z;;598;315
2026-03-27T15:56:54Z;18;;616
2026-03-27T15:57:01Z;-17;;581
2026-03-27T15:57:04Z;;601;584
2026-03-27T15:57:22Z;;582;565
2026-03-27T15:57:28Z;1;;583
2026-03-27T15:57:30Z;-7;;575
2026-03-27T15:57:36Z;;624;617
2026-03-27T15:57:41Z;-315;;309
2026-03-27T15:57:45Z;;921;606
2026-03-27T15:57:55Z;;881;566
2026-03-27T15:57:57Z;-323;;558
2026-03-27T15:58:04Z;;588;265
2026-03-27T15:58:15Z;-3;;585
2026-03-27T15:58:17Z;1;;589
2026-03-27T15:58:19Z;0;;588
2026-03-27T15:58:20Z;3;;591
2026-03-27T15:58:32Z;-7;;581
2026-03-27T15:58:40Z;;601;594
2026-03-27T15:58:51Z;-333;;268
2026-03-27T15:58:55Z;;938;605
2026-03-27T15:59:00Z;-626;;312
2026-03-27T15:59:06Z;;1201;575
2026-03-27T15:59:14Z;;1199;573
2026-03-27T16:00:33Z;;1121;495
2026-03-27T16:00:35Z;;625;-1
2026-03-27T16:00:36Z;;1115;489
2026-03-27T16:00:41Z;-644;;471
2026-03-27T16:02:39Z;-597;;518
2026-03-27T16:02:41Z;-602;;513
2026-03-27T16:02:44Z;-593;;522
2026-03-27T16:02:48Z;-607;;508
2026-03-27T16:02:50Z;-599;;516
2026-03-27T16:02:51Z;-605;;510
2026-03-27T16:02:57Z;-592;;523
2026-03-27T16:02:59Z;-604;;511
2026-03-27T16:03:08Z;-578;;537
2026-03-27T16:03:10Z;-602;;513
2026-03-27T16:03:12Z;-597;;518
2026-03-27T16:07:46Z;;899;302
2026-03-27T16:10:50Z;-245;542;-55
2026-03-27T16:10:51Z;;836;591
2026-03-27T16:10:54Z;-366;;470
2026-03-27T16:14:10Z;-293;;543
2026-03-27T16:14:12Z;-308;;528
2026-03-27T16:14:18Z;-297;;539
2026-03-27T16:14:21Z;-294;;542
2026-03-27T16:14:29Z;-311;;525
2026-03-27T16:14:32Z;-308;;528
2026-03-27T16:14:36Z;-299;;537
2026-03-27T16:14:56Z;;584;285
2026-03-27T16:14:57Z;;745;446
2026-03-27T16:14:58Z;;567;268
2026-03-27T16:14:59Z;;756;457
2026-03-27T16:15:33Z;;747;448
2026-03-27T16:15:42Z;-260;;487
2026-03-27T16:24:51Z;;591;331
2026-03-27T16:24:53Z;;600;340
2026-03-27T16:24:55Z;;596;963
2026-03-27T16:24:59Z;367;;967
2026-03-27T16:25:01Z;-91;;509
2026-03-27T16:28:31Z;145;;741
2026-03-27T16:28:50Z;-66;;530
2026-03-27T16:30:33Z;;427;361
2026-03-27T16:30:41Z;-10;;417
2026-03-27T16:30:52Z;3;;430
2026-03-27T16:30:54Z;-1;;426
2026-03-27T16:30:55Z;;0;6
2026-03-27T16:30:57Z;6;;433
2026-03-27T16:30:58Z;;411;417
2026-03-27T16:33:42Z;4;;415
2026-03-27T16:33:44Z;-8;;403
2026-03-27T16:33:46Z;-1;;410
2026-03-27T16:33:48Z;6;;417
2026-03-27T16:33:50Z;-43;;368
2026-03-27T16:33:52Z;23;;434
2026-03-27T16:34:05Z;-15;;396
2026-03-27T16:34:07Z;1;;412
2026-03-27T16:34:10Z;-7;;404
2026-03-27T16:34:14Z;3;;414
2026-03-27T16:34:16Z;-1;;410
2026-03-27T16:34:18Z;2;;413
2026-03-27T16:34:19Z;0;;411
2026-03-27T16:34:21Z;-31;;380
2026-03-27T16:34:23Z;1;;412
2026-03-27T16:34:25Z;0;;411
2026-03-27T16:34:27Z;4;;415
2026-03-27T16:34:28Z;0;;411
2026-03-27T16:34:30Z;5;;416
2026-03-27T16:34:32Z;-6;;405
2026-03-27T16:34:35Z;4;;415
2026-03-27T16:34:37Z;0;;411
2026-03-27T16:34:39Z;6;;417
2026-03-27T16:35:01Z;-5;;406
2026-03-27T16:35:03Z;12;;423
2026-03-27T16:35:05Z;0;;411
2026-03-27T16:35:07Z;3;;414
2026-03-27T16:35:17Z;0;;411
2026-03-27T16:35:19Z;18;;429
2026-03-27T16:35:21Z;0;;411
2026-03-27T16:35:23Z;-8;;403
2026-03-27T16:37:21Z;-18;;393
2026-03-27T16:38:21Z;-5;;406
2026-03-27T16:38:23Z;1;;412
2026-03-27T16:38:25Z;-4;;407
2026-03-27T16:38:27Z;1;;412
2026-03-27T16:38:29Z;-3;;408
2026-03-27T16:38:32Z;2;;413
2026-03-27T16:38:34Z;-2;;409
2026-03-27T16:38:36Z;3;;414
2026-03-27T16:38:39Z;-1;;410
2026-03-27T16:38:41Z;7;;418
2026-03-27T16:41:02Z;309;;720
2026-03-27T16:41:04Z;54;;465
2026-03-27T16:41:06Z;-177;;234
2026-03-27T16:41:08Z;47;;458
2026-03-27T16:41:45Z;;299;346
2026-03-27T16:41:46Z;;300;347
2026-03-27T16:41:50Z;;299;346
2026-03-27T16:41:55Z;;300;347
2026-03-27T16:41:56Z;;298;345
2026-03-27T16:45:28Z;;527;574
2026-03-27T16:45:29Z;;227;274
2026-03-27T16:45:33Z;;527;574
2026-03-27T16:45:41Z;166;;693
2026-03-27T16:55:33Z;495;;1022
2026-03-27T16:55:35Z;276;;803
2026-03-27T16:55:37Z;306;;833
2026-03-27T16:55:39Z;270;;797
2026-03-27T17:00:33Z;;126;396
2026-03-27T17:00:41Z;251;;377
2026-03-27T17:01:25Z;;463;714
2026-03-27T17:01:26Z;;124;375
2026-03-27T17:04:50Z;300;;424
2026-03-27T17:04:52Z;291;;415
2026-03-27T17:07:45Z;303;;427
2026-03-27T17:07:47Z;295;;419
2026-03-27T17:07:49Z;300;;424
2026-03-27T17:07:51Z;295;;419
2026-03-27T17:07:53Z;306;;430
2026-03-27T17:07:54Z;299;;423
2026-03-27T17:07:56Z;300;;424
2026-03-27T17:07:58Z;293;;417
2026-03-27T17:08:00Z;300;;424
2026-03-27T17:08:02Z;299;;423
2026-03-27T17:08:04Z;313;;437
2026-03-27T17:08:05Z;299;;423
2026-03-27T17:08:07Z;300;;424
2026-03-27T17:08:11Z;297;;421
2026-03-27T17:08:13Z;303;;427
2026-03-27T17:08:15Z;299;;423
2026-03-27T17:08:17Z;303;;427
2026-03-27T17:08:19Z;277;;401
2026-03-27T17:08:21Z;307;;431
2026-03-27T17:08:23Z;299;;423
2026-03-27T17:08:29Z;339;;463
2026-03-27T17:08:32Z;271;;395
2026-03-27T17:08:34Z;316;;440
2026-03-27T17:09:53Z;290;;414
2026-03-27T17:09:55Z;308;;432
2026-03-27T17:10:06Z;281;;405
2026-03-27T17:10:15Z;306;;430
2026-03-27T17:10:48Z;281;;405
2026-03-27T17:10:50Z;304;;428
2026-03-27T17:10:54Z;282;;406
2026-03-27T17:10:57Z;301;;425
2026-03-27T17:11:00Z;273;;397
2026-03-27T17:11:30Z;480;;604
2026-03-27T17:11:32Z;290;;414
2026-03-27T17:12:34Z;304;;428
2026-03-27T17:12:36Z;289;;413
2026-03-27T17:12:41Z;323;;447
2026-03-27T17:12:43Z;289;;413
2026-03-27T17:12:47Z;312;;436
2026-03-27T17:12:49Z;292;;416
2026-03-27T17:12:50Z;312;;436
2026-03-27T17:12:51Z;290;;414
2026-03-27T17:12:53Z;309;;433
2026-03-27T17:12:55Z;291;;415
2026-03-27T17:12:57Z;310;;434
2026-03-27T17:12:59Z;289;;413
2026-03-27T17:13:00Z;315;;439
2026-03-27T17:13:02Z;296;;420
2026-03-27T17:13:04Z;312;;436
2026-03-27T17:13:06Z;286;;410
2026-03-27T17:13:08Z;314;;438
2026-03-27T17:13:09Z;288;;412
2026-03-27T17:13:11Z;306;;430
2026-03-27T17:13:13Z;288;;412
2026-03-27T17:13:15Z;316;;440
2026-03-27T17:13:17Z;291;;415
2026-03-27T17:13:18Z;310;;434
2026-03-27T17:13:20Z;288;;412
2026-03-27T17:13:22Z;320;;444
2026-03-27T17:13:24Z;290;;414
2026-03-27T17:13:25Z;303;;427
2026-03-27T17:13:27Z;293;;417
2026-03-27T17:13:29Z;300;;424
2026-03-27T17:13:31Z;293;;417
2026-03-27T17:13:33Z;315;;439
2026-03-27T17:13:35Z;288;;412
2026-03-27T17:13:36Z;311;;435
2026-03-27T17:13:38Z;294;;418
2026-03-27T17:13:40Z;322;;446
2026-03-27T17:13:42Z;291;;415
2026-03-27T17:13:44Z;312;;436
2026-03-27T17:13:46Z;290;;414
2026-03-27T17:13:48Z;312;;436
2026-03-27T17:13:51Z;283;;407
2026-03-27T17:13:53Z;318;;442
2026-03-27T17:14:09Z;294;;418
2026-03-27T17:14:11Z;312;;436
2026-03-27T17:14:13Z;291;;415
2026-03-27T17:14:14Z;322;;446
2026-03-27T17:15:05Z;295;;419
2026-03-27T17:15:07Z;310;;434
2026-03-27T17:15:15Z;296;;420
2026-03-27T17:15:17Z;333;;457
2026-03-27T17:15:33Z;;77;410
2026-03-27T17:15:41Z;318;;395
2026-03-27T17:15:46Z;;0;318
2026-03-27T17:15:47Z;;67;385
2026-03-27T17:15:48Z;;464;782
2026-03-27T17:15:49Z;;76;394
2026-03-27T17:16:51Z;299;;375
2026-03-27T17:16:58Z;302;;378
2026-03-27T17:17:00Z;299;;375
2026-03-27T17:17:16Z;303;;379
2026-03-27T17:17:18Z;299;;375
2026-03-27T17:17:20Z;300;;376
2026-03-27T17:17:22Z;297;;373
2026-03-27T17:17:28Z;300;;376
2026-03-27T17:17:30Z;298;;374
2026-03-27T17:17:33Z;302;;378
2026-03-27T17:17:35Z;296;;372
2026-03-27T17:17:40Z;307;;383
2026-03-27T17:17:42Z;298;;374
2026-03-27T17:17:44Z;303;;379
2026-03-27T17:17:49Z;298;;374
2026-03-27T17:17:52Z;302;;378
2026-03-27T17:17:54Z;299;;375
2026-03-27T17:17:56Z;300;;376
2026-03-27T17:18:01Z;299;;375
2026-03-27T17:18:03Z;304;;380
2026-03-27T17:18:06Z;298;;374
2026-03-27T17:18:12Z;301;;377
2026-03-27T17:18:14Z;297;;373
2026-03-27T17:18:16Z;303;;379
2026-03-27T17:18:23Z;294;;370
2026-03-27T17:18:42Z;300;;376
2026-03-27T17:18:44Z;297;;373
2026-03-27T17:18:46Z;300;;376
2026-03-27T17:18:48Z;299;;375
2026-03-27T17:18:50Z;300;;376
2026-03-27T17:18:57Z;300;;376
2026-03-27T17:18:59Z;296;;372
2026-03-27T17:19:12Z;298;;374
2026-03-27T17:19:15Z;300;;376
2026-03-27T17:19:18Z;298;;374
2026-03-27T17:21:40Z;318;;394
2026-03-27T17:22:38Z;276;;352
2026-03-27T17:22:40Z;307;;383
2026-03-27T17:22:52Z;299;;375
2026-03-27T17:22:54Z;307;;383
2026-03-27T17:26:01Z;811;;887
2026-03-27T17:26:05Z;332;;408
2026-03-27T17:26:06Z;298;;374
2026-03-27T17:26:08Z;317;;393
2026-03-27T17:26:10Z;295;;371
2026-03-27T17:26:12Z;314;;390
2026-03-27T17:27:18Z;299;;375
2026-03-27T17:27:20Z;324;;400
2026-03-27T17:30:33Z;;31;355
2026-03-27T17:30:41Z;310;;341
2026-03-27T17:31:16Z;299;;330
2026-03-27T17:31:18Z;315;;346
2026-03-27T17:32:29Z;;0;315
2026-03-27T17:32:30Z;;14;329
2026-03-27T17:36:15Z;;0;315
2026-03-27T17:36:16Z;;16;331
2026-03-27T17:42:13Z;;0;315
2026-03-27T17:42:14Z;;2;317
2026-03-27T17:42:18Z;;0;315
2026-03-27T17:42:23Z;;1;316
2026-03-27T17:42:24Z;;0;315
2026-03-27T17:42:25Z;;1;316
2026-03-27T17:42:29Z;;0;315
2026-03-27T17:42:36Z;736;;736
2026-03-27T17:42:38Z;383;;383
2026-03-27T17:42:54Z;;1;384
2026-03-27T17:42:55Z;;0;383
2026-03-27T17:44:09Z;;2;385
2026-03-27T17:44:10Z;;0;383
2026-03-27T17:45:33Z;;0;383
2026-03-27T17:45:41Z;417;;417
2026-03-27T17:46:40Z;-39;;-39
2026-03-27T17:46:42Z;410;;410
2026-03-27T17:48:56Z;;7;417
2026-03-27T17:48:57Z;;0;410
2026-03-27T17:53:02Z;;321;731
2026-03-27T17:53:03Z;;0;410
2026-03-27T18:00:33Z;;0;410
2026-03-27T18:00:41Z;400;;400
2026-03-27T18:15:33Z;;0;400
2026-03-27T18:15:42Z;413;;413
2026-03-27T18:21:20Z;888;;888
2026-03-27T18:21:22Z;906;;906
2026-03-27T18:21:24Z;868;;868
2026-03-27T18:21:26Z;905;;905
2026-03-27T18:21:27Z;869;;869
2026-03-27T18:21:29Z;905;;905
2026-03-27T18:21:31Z;873;;873
2026-03-27T18:21:33Z;902;;902
2026-03-27T18:21:35Z;868;;868
2026-03-27T18:21:48Z;913;;913
2026-03-27T18:21:50Z;891;;891
2026-03-27T18:21:52Z;900;;900
2026-03-27T18:21:54Z;885;;885
2026-03-27T18:21:57Z;416;;416
2026-03-27T18:30:33Z;;0;416
2026-03-27T18:30:41Z;382;;382
2026-03-27T18:30:46Z;787;;787
2026-03-27T18:30:52Z;576;;576
2026-03-27T18:31:00Z;600;;600
2026-03-27T18:31:02Z;597;;597
2026-03-27T18:31:36Z;660;;660
2026-03-27T18:31:55Z;512;;512
2026-03-27T18:45:33Z;;0;512
2026-03-27T18:45:41Z;778;;778
2026-03-27T19:00:33Z;;0;778
2026-03-27T19:00:41Z;675;;675
2026-03-27T19:07:10Z;599;;599
2026-03-27T19:07:35Z;600;;600
2026-03-27T19:07:37Z;582;;582
2026-03-27T19:07:50Z;602;;602
2026-03-27T19:07:52Z;594;;594
2026-03-27T19:07:54Z;601;;601
2026-03-27T19:07:56Z;587;;587
2026-03-27T19:07:57Z;600;;600
2026-03-27T19:07:59Z;588;;588
2026-03-27T19:08:01Z;606;;606
2026-03-27T19:08:02Z;592;;592
2026-03-27T19:08:10Z;601;;601
2026-03-27T19:08:12Z;594;;594
2026-03-27T19:08:15Z;601;;601
2026-03-27T19:08:17Z;586;;586
2026-03-27T19:08:20Z;606;;606
2026-03-27T19:08:22Z;587;;587
2026-03-27T19:08:24Z;614;;614
2026-03-27T19:10:41Z;449;;449
2026-03-27T19:15:33Z;;0;449
2026-03-27T19:15:41Z;442;;442
2026-03-27T19:30:33Z;;0;442
2026-03-27T19:30:41Z;395;;395
2026-03-27T19:43:28Z;610;;610
2026-03-27T19:43:30Z;536;;536
2026-03-27T19:43:33Z;609;;609
2026-03-27T19:43:35Z;575;;575
2026-03-27T19:44:22Z;695;;695
2026-03-27T19:45:11Z;573;;573
2026-03-27T19:45:33Z;;0;573
2026-03-27T19:45:41Z;540;;540
2026-03-27T19:46:05Z;656;;656
2026-03-27T19:46:15Z;485;;485
2026-03-27T19:46:28Z;606;;606
2026-03-27T19:47:09Z;490;;490
2026-03-27T19:49:54Z;616;;616
2026-03-27T19:49:57Z;551;;551
2026-03-27T19:51:33Z;762;;762
2026-03-27T19:51:45Z;486;;486
2026-03-27T19:51:55Z;616;;616
2026-03-27T19:51:58Z;596;;596
2026-03-27T19:52:01Z;609;;609
2026-03-27T19:52:06Z;598;;598
2026-03-27T19:52:09Z;608;;608
2026-03-27T19:52:50Z;516;;516
2026-03-27T20:00:33Z;;0;516
2026-03-27T20:00:41Z;507;;507
2026-03-27T20:09:55Z;658;;658
2026-03-27T20:10:09Z;522;;522
2026-03-27T20:10:19Z;662;;662
2026-03-27T20:10:41Z;520;;520
2026-03-27T20:15:33Z;;0;520
2026-03-27T20:15:41Z;499;;499
2026-03-27T20:23:46Z;637;;637
2026-03-27T20:23:57Z;490;;490
2026-03-27T20:24:00Z;635;;635
2026-03-27T20:24:07Z;495;;495
2026-03-27T20:30:33Z;;0;495
2026-03-27T20:30:42Z;495;;495
2026-03-27T20:45:33Z;;0;495
2026-03-27T20:45:42Z;549;;549
2026-03-27T20:58:03Z;602;;602
2026-03-27T20:58:05Z;591;;591
2026-03-27T20:58:32Z;993;;993
2026-03-27T21:00:24Z;535;;535
2026-03-27T21:00:33Z;;0;535
2026-03-27T21:00:41Z;520;;520
2026-03-27T21:01:52Z;633;;633
2026-03-27T21:10:50Z;514;;514
2026-03-27T21:15:33Z;;0;514
2026-03-27T21:15:42Z;543;;543
2026-03-27T21:19:37Z;672;;672
2026-03-27T21:20:32Z;519;;519
2026-03-27T21:21:07Z;602;;602
2026-03-27T21:21:10Z;599;;599
2026-03-27T21:21:13Z;601;;601
2026-03-27T21:21:16Z;595;;595
2026-03-27T21:21:18Z;600;;600
2026-03-27T21:21:21Z;599;;599
2026-03-27T21:21:24Z;602;;602
2026-03-27T21:21:26Z;598;;598
2026-03-27T21:21:29Z;606;;606
2026-03-27T21:21:32Z;598;;598
2026-03-27T21:21:34Z;603;;603
2026-03-27T21:21:37Z;598;;598
2026-03-27T21:21:40Z;601;;601
2026-03-27T21:21:42Z;599;;599
2026-03-27T21:21:45Z;600;;600
2026-03-27T21:21:48Z;597;;597
2026-03-27T21:21:50Z;603;;603
2026-03-27T21:21:53Z;599;;599
2026-03-27T21:21:56Z;601;;601
2026-03-27T21:21:58Z;599;;599
2026-03-27T21:22:01Z;600;;600
2026-03-27T21:22:03Z;597;;597
2026-03-27T21:22:06Z;602;;602
2026-03-27T21:22:07Z;597;;597
2026-03-27T21:22:10Z;600;;600
2026-03-27T21:22:11Z;597;;597
2026-03-27T21:22:13Z;600;;600
2026-03-27T21:22:15Z;599;;599
2026-03-27T21:22:17Z;599;;599
2026-03-27T21:22:18Z;600;;600
2026-03-27T21:22:40Z;598;;598
2026-03-27T21:22:43Z;600;;600
2026-03-27T21:22:45Z;595;;595
2026-03-27T21:22:47Z;600;;600
2026-03-27T21:22:49Z;599;;599
2026-03-27T21:22:51Z;600;;600
2026-03-27T21:22:52Z;596;;596
2026-03-27T21:22:54Z;603;;603
2026-03-27T21:23:16Z;596;;596
2026-03-27T21:23:19Z;602;;602
2026-03-27T21:23:21Z;599;;599
2026-03-27T21:23:23Z;601;;601
2026-03-27T21:23:25Z;599;;599
2026-03-27T21:23:27Z;607;;607
2026-03-27T21:23:33Z;599;;599
2026-03-27T21:23:35Z;661;;661
2026-03-27T21:27:38Z;586;;586
2026-03-27T21:30:33Z;;0;586
2026-03-27T21:30:41Z;492;;492
2026-03-27T21:45:33Z;;0;492
2026-03-27T21:45:41Z;489;;489
2026-03-27T22:00:33Z;;0;489
2026-03-27T22:00:41Z;444;;444
2026-03-27T22:15:33Z;;0;444
2026-03-27T22:15:41Z;448;;448
2026-03-27T22:30:33Z;;0;448
2026-03-27T22:30:41Z;461;;461
2026-03-27T22:45:33Z;;0;461
2026-03-27T22:45:41Z;412;;412
2026-03-27T23:00:33Z;;0;412
2026-03-27T23:00:41Z;454;;454
2026-03-27T23:15:33Z;;0;454
2026-03-27T23:15:41Z;446;;446
2026-03-27T23:30:33Z;;0;446
2026-03-27T23:30:41Z;407;;407
2026-03-27T23:45:33Z;;0;407
2026-03-27T23:45:41Z;447;;447