timestamp;P_ex;P_pr;P_load
2025-08-22T00:00:07Z;;0;1545
2025-08-22T00:00:23Z;1496;;1496
2025-08-22T00:00:27Z;1501;;1501
2025-08-22T00:00:29Z;1479;;1479
2025-08-22T00:00:33Z;1496;;1496
2025-08-22T00:01:31Z;1503;;1503
2025-08-22T00:01:35Z;1499;;1499
2025-08-22T00:01:38Z;1501;;1501
2025-08-22T00:01:41Z;1498;;1498
2025-08-22T00:01:43Z;1502;;1502
2025-08-22T00:01:48Z;2942;;2942
2025-08-22T00:01:51Z;1715;;1715
2025-08-22T00:06:52Z;1457;;1457
2025-08-22T00:07:57Z;1741;;1741
2025-08-22T00:08:20Z;1455;;1455
2025-08-22T00:10:53Z;3807;;3807
2025-08-22T00:10:59Z;1751;;1751
2025-08-22T00:11:04Z;1447;;1447
2025-08-22T00:13:19Z;2372;;2372
2025-08-22T00:13:23Z;1743;;1743
2025-08-22T00:15:07Z;;0;1743
2025-08-22T00:15:30Z;1722;;1722
2025-08-22T00:15:39Z;1444;;1444
2025-08-22T00:16:48Z;1796;;1796
2025-08-22T00:18:49Z;1448;;1448
2025-08-22T00:19:56Z;1652;;1652
2025-08-22T00:20:17Z;1381;;1381
2025-08-22T00:21:30Z;1677;;1677
2025-08-22T00:25:32Z;1374;;1374
2025-08-22T00:26:43Z;3548;;3548
2025-08-22T00:26:45Z;1681;;1681
2025-08-22T00:30:07Z;;0;1681
2025-08-22T00:30:30Z;1662;;1662
2025-08-22T00:32:55Z;1435;;1435
2025-08-22T00:35:49Z;1510;;1510
2025-08-22T00:36:26Z;1499;;1499
2025-08-22T00:36:28Z;1507;;1507
2025-08-22T00:38:24Z;1476;;1476
2025-08-22T00:39:23Z;1509;;1509
2025-08-22T00:45:07Z;;0;1509
2025-08-22T00:45:32Z;1758;;1758
2025-08-22T00:59:04Z;1443;;1443
2025-08-22T01:00:07Z;;0;1443
2025-08-22T01:00:30Z;1416;;1416
2025-08-22T01:01:00Z;1713;;1713
2025-08-22T01:04:42Z;1431;;1431
2025-08-22T01:06:56Z;1142;;1142
2025-08-22T01:09:31Z;1422;;1422
2025-08-22T01:11:21Z;1631;;1631
2025-08-22T01:15:04Z;1378;;1378
2025-08-22T01:15:07Z;;0;1378
2025-08-22T01:15:30Z;1354;;1354
2025-08-22T01:18:02Z;4243;;4243
2025-08-22T01:18:04Z;1662;;1662
2025-08-22T01:22:28Z;2062;;2062
2025-08-22T01:25:52Z;1674;;1674
2025-08-22T01:28:53Z;2024;;2024
2025-08-22T01:30:07Z;;0;2024
2025-08-22T01:30:30Z;2027;;2027
2025-08-22T01:33:12Z;1735;;1735
2025-08-22T01:36:39Z;4841;;4841
2025-08-22T01:36:42Z;2030;;2030
2025-08-22T01:38:38Z;1754;;1754
2025-08-22T01:41:11Z;1499;;1499
2025-08-22T01:41:13Z;1501;;1501
2025-08-22T01:41:22Z;1215;;1215
2025-08-22T01:41:36Z;1195;;1195
2025-08-22T01:42:14Z;1220;;1220
2025-08-22T01:42:34Z;1575;;1575
2025-08-22T01:42:36Z;1492;;1492
2025-08-22T01:42:38Z;1502;;1502
2025-08-22T01:43:47Z;1499;;1499
2025-08-22T01:43:49Z;1502;;1502
2025-08-22T01:43:58Z;1499;;1499
2025-08-22T01:44:00Z;1502;;1502
2025-08-22T01:44:02Z;1499;;1499
2025-08-22T01:44:04Z;1501;;1501
2025-08-22T01:44:06Z;1499;;1499
2025-08-22T01:44:11Z;1501;;1501
2025-08-22T01:44:13Z;1499;;1499
2025-08-22T01:44:14Z;1502;;1502
2025-08-22T01:44:16Z;1499;;1499
2025-08-22T01:44:18Z;1500;;1500
2025-08-22T01:44:20Z;1498;;1498
2025-08-22T01:44:22Z;1501;;1501
2025-08-22T01:44:23Z;1498;;1498
2025-08-22T01:44:25Z;1500;;1500
2025-08-22T01:44:27Z;1499;;1499
2025-08-22T01:44:28Z;1502;;1502
2025-08-22T01:44:30Z;1498;;1498
2025-08-22T01:44:32Z;1500;;1500
2025-08-22T01:44:34Z;1496;;1496
2025-08-22T01:44:35Z;1500;;1500
2025-08-22T01:44:37Z;1498;;1498
2025-08-22T01:44:39Z;1504;;1504
2025-08-22T01:44:40Z;1497;;1497
2025-08-22T01:44:42Z;1503;;1503
2025-08-22T01:44:44Z;1499;;1499
2025-08-22T01:44:46Z;1501;;1501
2025-08-22T01:44:47Z;1499;;1499
2025-08-22T01:44:49Z;1504;;1504
2025-08-22T01:44:56Z;1499;;1499
2025-08-22T01:44:58Z;1501;;1501
2025-08-22T01:45:00Z;1480;;1480
2025-08-22T01:45:07Z;;0;1480
2025-08-22T01:45:12Z;1189;;1189
2025-08-22T01:45:30Z;1166;;1166
2025-08-22T01:46:18Z;1390;;1390
2025-08-22T01:47:47Z;1959;;1959
2025-08-22T01:47:49Z;1737;;1737
2025-08-22T01:52:08Z;1452;;1452
2025-08-22T01:54:45Z;1723;;1723
2025-08-22T02:00:07Z;;0;1723
2025-08-22T02:00:30Z;1667;;1667
2025-08-22T02:01:47Z;1363;;1363
2025-08-22T02:04:40Z;1667;;1667
2025-08-22T02:09:42Z;1373;;1373
2025-08-22T02:12:22Z;1662;;1662
2025-08-22T02:15:07Z;;0;1662
2025-08-22T02:15:31Z;1667;;1667
2025-08-22T02:17:27Z;1437;;1437
2025-08-22T02:17:35Z;1145;;1145
2025-08-22T02:18:47Z;1218;;1218
2025-08-22T02:18:51Z;1176;;1176
2025-08-22T02:19:34Z;1200;;1200
2025-08-22T02:19:35Z;1197;;1197
2025-08-22T02:19:39Z;1222;;1222
2025-08-22T02:19:59Z;3990;;3990
2025-08-22T02:20:02Z;1503;;1503
2025-08-22T02:21:54Z;1498;;1498
2025-08-22T02:21:56Z;1515;;1515
2025-08-22T02:22:54Z;1490;;1490
2025-08-22T02:23:54Z;1500;;1500
2025-08-22T02:23:56Z;1499;;1499
2025-08-22T02:23:58Z;1501;;1501
2025-08-22T02:24:00Z;1498;;1498
2025-08-22T02:24:02Z;1502;;1502
2025-08-22T02:24:04Z;1498;;1498
2025-08-22T02:24:06Z;1500;;1500
2025-08-22T02:24:07Z;1499;;1499
2025-08-22T02:24:09Z;1500;;1500
2025-08-22T02:24:18Z;1444;;1444
2025-08-22T02:25:03Z;1500;;1500
2025-08-22T02:25:05Z;1499;;1499
2025-08-22T02:25:25Z;1501;;1501
2025-08-22T02:25:27Z;1498;;1498
2025-08-22T02:25:35Z;1500;;1500
2025-08-22T02:25:37Z;1492;;1492
2025-08-22T02:25:55Z;1196;;1196
2025-08-22T02:25:57Z;1201;;1201
2025-08-22T02:25:59Z;1198;;1198
2025-08-22T02:26:01Z;1202;;1202
2025-08-22T02:26:03Z;1199;;1199
2025-08-22T02:26:05Z;1200;;1200
2025-08-22T02:26:06Z;1198;;1198
2025-08-22T02:26:08Z;1201;;1201
2025-08-22T02:26:10Z;1199;;1199
2025-08-22T02:27:05Z;1419;;1419
2025-08-22T02:27:27Z;1772;;1772
2025-08-22T02:27:38Z;1473;;1473
2025-08-22T02:30:07Z;;0;1473
2025-08-22T02:30:16Z;1406;;1406
2025-08-22T02:31:26Z;1709;;1709
2025-08-22T02:31:38Z;1453;;1453
2025-08-22T02:31:44Z;1152;;1152
2025-08-22T02:33:10Z;1405;;1405
2025-08-22T02:34:14Z;4225;;4225
2025-08-22T02:34:16Z;1716;;1716
2025-08-22T02:40:57Z;1364;;1364
2025-08-22T02:43:17Z;1641;;1641
2025-08-22T02:45:07Z;;0;1641
2025-08-22T02:45:16Z;1646;;1646
2025-08-22T02:48:00Z;1370;;1370
2025-08-22T02:50:36Z;1630;;1630
2025-08-22T02:52:40Z;4082;;4082
2025-08-22T02:52:42Z;2028;;2028
2025-08-22T02:52:51Z;1732;;1732
2025-08-22T02:54:04Z;2055;;2055
2025-08-22T02:55:24Z;1795;;1795
2025-08-22T02:55:26Z;1802;;1802
2025-08-22T02:55:32Z;1794;;1794
2025-08-22T02:55:48Z;1482;;1482
2025-08-22T02:56:16Z;1180;;1180
2025-08-22T02:59:07Z;1200;;1200
2025-08-22T02:59:09Z;1197;;1197
2025-08-22T02:59:16Z;1203;;1203
2025-08-22T02:59:20Z;1198;;1198
2025-08-22T02:59:22Z;3315;;3315
2025-08-22T02:59:24Z;1486;;1486
2025-08-22T02:59:27Z;1501;;1501
2025-08-22T03:00:05Z;1498;;1498
2025-08-22T03:00:09Z;1500;0;1500
2025-08-22T03:00:11Z;1495;;1495
2025-08-22T03:00:16Z;1495;;1495
2025-08-22T03:00:39Z;1500;;1500
2025-08-22T03:00:42Z;1495;;1495
2025-08-22T03:01:51Z;1500;;1500
2025-08-22T03:01:54Z;1497;;1497
2025-08-22T03:02:07Z;1703;;1703
2025-08-22T03:04:22Z;1390;;1390
2025-08-22T03:07:07Z;1648;;1648
2025-08-22T03:12:47Z;1369;;1369
2025-08-22T03:15:10Z;;0;1369
2025-08-22T03:15:16Z;1428;;1428
2025-08-22T03:15:18Z;1689;;1689
2025-08-22T03:16:05Z;1429;;1429
2025-08-22T03:17:51Z;1705;;1705
2025-08-22T03:18:26Z;1423;;1423
2025-08-22T03:19:35Z;1714;;1714
2025-08-22T03:19:53Z;1427;;1427
2025-08-22T03:20:40Z;1127;;1127
2025-08-22T03:20:58Z;1441;;1441
2025-08-22T03:22:15Z;1103;;1103
2025-08-22T03:23:28Z;2785;;2785
2025-08-22T03:23:30Z;1431;;1431
2025-08-22T03:23:45Z;1737;;1737
2025-08-22T03:24:17Z;1430;;1430
2025-08-22T03:25:40Z;1713;;1713
2025-08-22T03:27:13Z;1423;;1423
2025-08-22T03:27:26Z;1724;;1724
2025-08-22T03:27:51Z;1417;;1417
2025-08-22T03:28:00Z;1126;;1126
2025-08-22T03:28:27Z;1408;;1408
2025-08-22T03:29:00Z;1715;;1715
2025-08-22T03:29:52Z;1434;;1434
2025-08-22T03:29:54Z;1147;;1147
2025-08-22T03:30:05Z;1425;;1425
2025-08-22T03:30:07Z;;0;1425
2025-08-22T03:30:16Z;1398;;1398
2025-08-22T03:31:03Z;3079;;3079
2025-08-22T03:31:05Z;1710;;1710
2025-08-22T03:33:14Z;1417;;1417
2025-08-22T03:35:52Z;1134;;1134
2025-08-22T03:38:26Z;1402;;1402
2025-08-22T03:39:04Z;1149;;1149
2025-08-22T03:40:01Z;1397;;1397
2025-08-22T03:40:10Z;4433;;4433
2025-08-22T03:40:12Z;1664;;1664
2025-08-22T03:40:39Z;1995;;1995
2025-08-22T03:43:03Z;1732;;1732
2025-08-22T03:44:05Z;1366;;1366
2025-08-22T03:45:07Z;;0;1366
2025-08-22T03:45:16Z;1347;;1347
2025-08-22T03:47:29Z;1657;;1657
2025-08-22T03:47:40Z;1363;;1363
2025-08-22T03:48:50Z;1066;;1066
2025-08-22T03:48:54Z;3980;;3980
2025-08-22T03:48:57Z;1390;;1390
2025-08-22T03:50:31Z;4190;;4190
2025-08-22T03:50:34Z;1638;;1638
2025-08-22T03:50:53Z;1360;;1360
2025-08-22T03:52:05Z;1770;;1770
2025-08-22T03:53:57Z;1452;;1452
2025-08-22T03:54:02Z;1735;;1735
2025-08-22T03:55:13Z;1399;;1399
2025-08-22T03:55:39Z;4417;;4417
2025-08-22T03:55:41Z;1697;;1697
2025-08-22T03:56:16Z;2012;;2012
2025-08-22T03:56:44Z;1756;;1756
2025-08-22T03:57:34Z;1421;;1421
2025-08-22T03:58:38Z;1109;;1109
2025-08-22T03:59:34Z;1410;;1410
2025-08-22T04:00:10Z;;0;1106
2025-08-22T04:00:12Z;1106;;1106
2025-08-22T04:00:16Z;1413;;1413
2025-08-22T04:01:34Z;3138;;3138
2025-08-22T04:01:36Z;1415;;1415
2025-08-22T04:01:39Z;1690;;1690
2025-08-22T04:01:49Z;1449;;1449
2025-08-22T04:03:44Z;1695;;1695
2025-08-22T04:05:38Z;1481;;1481
2025-08-22T04:05:43Z;1192;;1192
2025-08-22T04:06:48Z;878;;878
2025-08-22T04:07:44Z;1160;;1160
2025-08-22T04:09:24Z;1466;;1466
2025-08-22T04:09:32Z;1501;;1501
2025-08-22T04:09:55Z;1489;;1489
2025-08-22T04:10:09Z;1517;;1517
2025-08-22T04:10:25Z;1800;;1800
2025-08-22T04:10:42Z;1798;;1798
2025-08-22T04:10:45Z;1800;;1800
2025-08-22T04:10:47Z;1799;;1799
2025-08-22T04:10:49Z;1800;;1800
2025-08-22T04:10:51Z;1798;;1798
2025-08-22T04:12:22Z;1976;;1976
2025-08-22T04:13:05Z;1749;;1749
2025-08-22T04:13:32Z;1448;;1448
2025-08-22T04:13:38Z;1152;;1152
2025-08-22T04:14:41Z;1449;;1449
2025-08-22T04:14:52Z;1129;;1129
2025-08-22T04:15:13Z;;0;1129
2025-08-22T04:15:16Z;1104;;1104
2025-08-22T04:16:11Z;1395;;1395
2025-08-22T04:16:46Z;1973;;1973
2025-08-22T04:16:48Z;1752;;1752
2025-08-22T04:17:45Z;1428;;1428
2025-08-22T04:18:51Z;2278;;2278
2025-08-22T04:18:53Z;1701;;1701
2025-08-22T04:19:02Z;1421;;1421
2025-08-22T04:20:57Z;1654;;1654
2025-08-22T04:21:15Z;1357;;1357
2025-08-22T04:23:10Z;1043;;1043
2025-08-22T04:25:15Z;1314;;1314
2025-08-22T04:26:56Z;2800;;2800
2025-08-22T04:26:58Z;1627;;1627
2025-08-22T04:29:45Z;1345;;1345
2025-08-22T04:30:07Z;;0;1345
2025-08-22T04:30:17Z;1319;;1319
2025-08-22T04:30:31Z;1030;;1030
2025-08-22T04:33:04Z;1309;;1309
2025-08-22T04:33:14Z;1025;;1025
2025-08-22T04:34:28Z;1339;;1339
2025-08-22T04:35:53Z;;40;1379
2025-08-22T04:35:55Z;;0;1339
2025-08-22T04:36:40Z;1088;;1088
2025-08-22T04:37:32Z;;1;1089
2025-08-22T04:37:33Z;;0;1088
2025-08-22T04:38:19Z;;1;1089
2025-08-22T04:38:20Z;;0;1088
2025-08-22T04:38:23Z;;1;1089
2025-08-22T04:38:24Z;;0;1088
2025-08-22T04:38:31Z;;1;1089
2025-08-22T04:38:32Z;;0;1088
2025-08-22T04:38:36Z;;1;1089
2025-08-22T04:38:37Z;;0;1088
2025-08-22T04:38:42Z;;1;1089
2025-08-22T04:38:43Z;;0;1088
2025-08-22T04:38:50Z;;1;1089
2025-08-22T04:38:51Z;;0;1088
2025-08-22T04:38:52Z;;1;1089
2025-08-22T04:38:54Z;;0;1088
2025-08-22T04:38:55Z;;1;1089
2025-08-22T04:38:56Z;;0;1088
2025-08-22T04:38:57Z;;1;1089
2025-08-22T04:38:58Z;;0;1088
2025-08-22T04:38:59Z;;1;1089
2025-08-22T04:39:00Z;;0;1088
2025-08-22T04:39:01Z;;1;1089
2025-08-22T04:39:07Z;;0;1088
2025-08-22T04:39:10Z;;2;1090
2025-08-22T04:39:11Z;;0;1088
2025-08-22T04:39:12Z;;1;1089
2025-08-22T04:39:15Z;;0;1088
2025-08-22T04:39:16Z;1486;;1486
2025-08-22T04:39:17Z;1091;;1466
2025-08-22T04:39:18Z;;375;1861
2025-08-22T04:39:19Z;;2;1093
2025-08-22T04:39:52Z;1484;;1486
2025-08-22T04:39:53Z;;0;1484
2025-08-22T04:39:54Z;1086;;1086
2025-08-22T04:39:55Z;;392;1478
2025-08-22T04:39:56Z;;3;1089
2025-08-22T04:40:16Z;1363;0;1086
2025-08-22T04:40:17Z;;5;1368
2025-08-22T04:41:00Z;1091;;1096
2025-08-22T04:42:06Z;4052;;4057
2025-08-22T04:42:08Z;1338;;1343
2025-08-22T04:42:27Z;1061;;1066
2025-08-22T04:43:08Z;813;;818
2025-08-22T04:43:19Z;1014;;1019
2025-08-22T04:43:51Z;1333;;1338
2025-08-22T04:44:01Z;1089;;1094
2025-08-22T04:45:13Z;;17;1106
2025-08-22T04:45:14Z;2338;;2355
2025-08-22T04:45:16Z;1397;;1414
2025-08-22T04:45:22Z;1094;;1111
2025-08-22T04:45:55Z;1085;;1102
2025-08-22T04:49:04Z;1355;;1372
2025-08-22T04:49:20Z;;0;1355
2025-08-22T04:49:21Z;;15;1370
2025-08-22T04:49:22Z;;0;1355
2025-08-22T04:49:23Z;;28;1383
2025-08-22T04:50:18Z;;0;1355
2025-08-22T04:50:19Z;;18;1373
2025-08-22T04:50:20Z;;0;1355
2025-08-22T04:50:21Z;;31;1386
2025-08-22T04:51:54Z;4311;;4342
2025-08-22T04:51:56Z;1647;;1678
2025-08-22T04:53:15Z;1352;;1383
2025-08-22T04:53:58Z;2058;;2089
2025-08-22T04:54:00Z;1637;;1668
2025-08-22T04:54:33Z;1348;;1379
2025-08-22T04:55:08Z;1179;;1210
2025-08-22T04:55:43Z;1357;;1388
2025-08-22T04:55:51Z;1637;;1668
2025-08-22T04:57:07Z;1350;;1381
2025-08-22T04:58:19Z;1631;;1662
2025-08-22T04:58:35Z;1350;;1381
2025-08-22T04:59:28Z;923;;954
2025-08-22T04:59:30Z;1321;;1352
2025-08-22T04:59:43Z;2658;;2689
2025-08-22T04:59:45Z;1618;;1649
2025-08-22T05:00:13Z;;57;1675
2025-08-22T05:00:16Z;1643;;1700
2025-08-22T05:00:25Z;1239;;1296
2025-08-22T05:00:27Z;1630;;1687
2025-08-22T05:00:56Z;1925;;1982
2025-08-22T05:01:14Z;1634;;1691
2025-08-22T05:03:05Z;1804;;1861
2025-08-22T05:03:07Z;1770;;1827
2025-08-22T05:03:09Z;1494;;1551
2025-08-22T05:05:46Z;1554;;1611
2025-08-22T05:09:40Z;;303;1857
2025-08-22T05:09:41Z;;91;1645
2025-08-22T05:09:58Z;1831;;1922
2025-08-22T05:10:31Z;;421;2252
2025-08-22T05:10:32Z;;96;1927
2025-08-22T05:12:55Z;1537;;1633
2025-08-22T05:13:24Z;1225;;1321
2025-08-22T05:13:40Z;1197;;1293
2025-08-22T05:13:44Z;1202;;1298
2025-08-22T05:13:47Z;1197;;1293
2025-08-22T05:13:50Z;1202;;1298
2025-08-22T05:13:53Z;1195;;1291
2025-08-22T05:14:08Z;1201;;1297
2025-08-22T05:14:10Z;1199;;1295
2025-08-22T05:14:13Z;1201;;1297
2025-08-22T05:14:16Z;1199;;1295
2025-08-22T05:14:19Z;1205;;1301
2025-08-22T05:14:22Z;1197;;1293
2025-08-22T05:15:10Z;;110;1307
2025-08-22T05:15:17Z;1050;;1160
2025-08-22T05:15:20Z;1337;;1447
2025-08-22T05:16:17Z;1061;;1171
2025-08-22T05:17:25Z;2411;;2521
2025-08-22T05:17:29Z;1320;;1430
2025-08-22T05:19:42Z;;0;1320
2025-08-22T05:19:43Z;;111;1431
2025-08-22T05:21:13Z;2341;;2452
2025-08-22T05:21:16Z;1546;;1657
2025-08-22T05:27:03Z;1477;;1588
2025-08-22T05:27:07Z;1176;;1287
2025-08-22T05:27:17Z;1205;;1316
2025-08-22T05:27:19Z;1175;;1286
2025-08-22T05:29:36Z;1426;;1537
2025-08-22T05:29:50Z;1115;;1226
2025-08-22T05:29:52Z;1465;;1576
2025-08-22T05:30:07Z;;168;1633
2025-08-22T05:30:16Z;1452;;1620
2025-08-22T05:30:40Z;1895;;2063
2025-08-22T05:30:41Z;1445;;1613
2025-08-22T05:30:42Z;;485;1930
2025-08-22T05:30:43Z;1516;169;1614
2025-08-22T05:30:45Z;1428;;1597
2025-08-22T05:31:10Z;1151;;1320
2025-08-22T05:31:52Z;1425;;1594
2025-08-22T05:32:23Z;1704;;1873
2025-08-22T05:33:18Z;1448;;1617
2025-08-22T05:39:11Z;;300;1748
2025-08-22T05:39:12Z;;298;1746
2025-08-22T05:39:14Z;;300;1748
2025-08-22T05:39:18Z;;299;1747
2025-08-22T05:39:20Z;;302;1750
2025-08-22T05:39:28Z;;298;1746
2025-08-22T05:39:31Z;;302;1750
2025-08-22T05:39:39Z;;297;1745
2025-08-22T05:39:41Z;;300;1748
2025-08-22T05:39:46Z;;299;1747
2025-08-22T05:39:48Z;;302;1750
2025-08-22T05:39:51Z;;298;1746
2025-08-22T05:39:52Z;;300;1748
2025-08-22T05:39:54Z;;299;1747
2025-08-22T05:39:55Z;;300;1748
2025-08-22T05:39:58Z;;0;1448
2025-08-22T05:39:59Z;;286;1734
2025-08-22T05:40:00Z;;554;2002
2025-08-22T05:40:04Z;;299;1747
2025-08-22T05:40:09Z;;300;1748
2025-08-22T05:40:12Z;;299;1747
2025-08-22T05:40:13Z;1656;;1955
2025-08-22T05:40:14Z;;301;1957
2025-08-22T05:40:38Z;1346;;1647
2025-08-22T05:41:21Z;;253;1599
2025-08-22T05:41:22Z;;370;1716
2025-08-22T05:44:58Z;1198;;1568
2025-08-22T05:45:00Z;1215;;1585
2025-08-22T05:45:02Z;1199;;1569
2025-08-22T05:45:04Z;1200;;1570
2025-08-22T05:45:05Z;1197;;1567
2025-08-22T05:45:07Z;1203;457;1654
2025-08-22T05:45:09Z;1195;;1652
2025-08-22T05:45:11Z;1208;;1665
2025-08-22T05:45:12Z;1193;;1650
2025-08-22T05:45:16Z;1193;;1650
2025-08-22T05:45:21Z;1205;;1662
2025-08-22T05:45:23Z;1163;;1620
2025-08-22T05:49:57Z;1457;;1914
2025-08-22T05:50:48Z;1126;;1583
2025-08-22T05:51:22Z;1336;;1793
2025-08-22T05:51:24Z;1097;;1554
2025-08-22T05:52:22Z;848;;1305
2025-08-22T05:53:27Z;;600;1448
2025-08-22T05:53:28Z;;592;1440
2025-08-22T05:53:30Z;;603;1451
2025-08-22T05:59:00Z;925;;1528
2025-08-22T06:00:07Z;;729;1654
2025-08-22T06:00:18Z;1173;;1902
2025-08-22T06:00:32Z;1372;;2101
2025-08-22T06:00:35Z;1152;;1881
2025-08-22T06:01:19Z;863;;1592
2025-08-22T06:01:29Z;1131;;1860
2025-08-22T06:01:32Z;857;;1586
2025-08-22T06:08:29Z;;900;1757
2025-08-22T06:08:30Z;;898;1755
2025-08-22T06:08:32Z;;901;1758
2025-08-22T06:08:33Z;;899;1756
2025-08-22T06:08:35Z;;903;1760
2025-08-22T06:09:24Z;;866;1723
2025-08-22T06:09:25Z;;903;1760
2025-08-22T06:09:27Z;;898;1755
2025-08-22T06:09:29Z;;900;1757
2025-08-22T06:10:05Z;;899;1756
2025-08-22T06:10:06Z;;910;1767
2025-08-22T06:10:35Z;983;;1893
2025-08-22T06:10:36Z;;800;1783
2025-08-22T06:10:37Z;689;918;1901
2025-08-22T06:12:12Z;;526;1215
2025-08-22T06:12:13Z;;964;1653
2025-08-22T06:13:02Z;598;;1562
2025-08-22T06:13:04Z;600;;1564
2025-08-22T06:13:09Z;598;;1562
2025-08-22T06:13:11Z;649;;1613
2025-08-22T06:15:07Z;;1035;1684
2025-08-22T06:15:09Z;599;;1634
2025-08-22T06:15:11Z;601;;1636
2025-08-22T06:15:16Z;606;;1641
2025-08-22T06:15:24Z;596;;1631
2025-08-22T06:15:30Z;601;;1636
2025-08-22T06:15:32Z;598;;1633
2025-08-22T06:15:34Z;601;;1636
2025-08-22T06:15:36Z;591;;1626
2025-08-22T06:15:41Z;615;;1650
2025-08-22T06:15:44Z;569;;1604
2025-08-22T06:16:01Z;610;;1645
2025-08-22T06:16:03Z;599;;1634
2025-08-22T06:16:19Z;605;;1640
2025-08-22T06:16:21Z;599;;1634
2025-08-22T06:16:24Z;604;;1639
2025-08-22T06:16:26Z;598;;1633
2025-08-22T06:16:27Z;601;;1636
2025-08-22T06:16:29Z;598;;1633
2025-08-22T06:16:31Z;604;;1639
2025-08-22T06:16:33Z;597;;1632
2025-08-22T06:16:38Z;601;;1636
2025-08-22T06:16:45Z;597;;1632
2025-08-22T06:16:47Z;621;;1656
2025-08-22T06:17:04Z;960;;1995
2025-08-22T06:17:18Z;1299;;2334
2025-08-22T06:17:26Z;967;;2002
2025-08-22T06:17:55Z;1245;;2280
2025-08-22T06:18:00Z;938;;1973
2025-08-22T06:18:19Z;1218;;2253
2025-08-22T06:18:24Z;930;;1965
2025-08-22T06:18:49Z;1224;;2259
2025-08-22T06:18:51Z;1199;;2234
2025-08-22T06:19:10Z;886;;1921
2025-08-22T06:19:12Z;909;;1944
2025-08-22T06:19:45Z;899;;1934
2025-08-22T06:19:47Z;901;;1936
2025-08-22T06:19:49Z;898;;1933
2025-08-22T06:19:51Z;903;;1938
2025-08-22T06:19:52Z;898;;1933
2025-08-22T06:19:54Z;901;;1936
2025-08-22T06:19:57Z;899;;1934
2025-08-22T06:20:00Z;904;;1939
2025-08-22T06:20:02Z;855;;1890
2025-08-22T06:20:26Z;911;;1946
2025-08-22T06:20:30Z;897;;1932
2025-08-22T06:20:32Z;917;;1952
2025-08-22T06:20:36Z;892;;1927
2025-08-22T06:20:38Z;921;;1956
2025-08-22T06:20:39Z;;735;1656
2025-08-22T06:20:40Z;;1133;2054
2025-08-22T06:20:42Z;884;;2017
2025-08-22T06:20:44Z;906;;2039
2025-08-22T06:20:46Z;897;;2030
2025-08-22T06:20:47Z;911;;2044
2025-08-22T06:20:49Z;853;;1986
2025-08-22T06:21:06Z;913;;2046
2025-08-22T06:21:30Z;897;;2030
2025-08-22T06:21:32Z;924;;2057
2025-08-22T06:21:34Z;860;;1993
2025-08-22T06:22:17Z;1040;;2173
2025-08-22T06:22:19Z;857;;1990
2025-08-22T06:22:42Z;1183;;2316
2025-08-22T06:22:47Z;854;;1987
2025-08-22T06:23:06Z;;1200;2054
2025-08-22T06:23:09Z;;1195;2049
2025-08-22T06:23:11Z;;1202;2056
2025-08-22T06:23:12Z;;1158;2012
2025-08-22T06:23:13Z;;1203;2057
2025-08-22T06:23:15Z;;1195;2049
2025-08-22T06:23:17Z;;1205;2059
2025-08-22T06:23:21Z;;1199;2053
2025-08-22T06:23:22Z;;1200;2054
2025-08-22T06:23:26Z;;1207;2061
2025-08-22T06:23:29Z;;1209;2063
2025-08-22T06:25:40Z;;1188;2042
2025-08-22T06:25:42Z;;1252;2106
2025-08-22T06:27:27Z;1110;;2362
2025-08-22T06:27:35Z;768;;2020
2025-08-22T06:29:31Z;397;;1649
2025-08-22T06:30:07Z;;1338;1735
2025-08-22T06:30:15Z;161;;1499
2025-08-22T06:30:19Z;356;;1694
2025-08-22T06:30:41Z;430;;1768
2025-08-22T06:32:19Z;708;;2046
2025-08-22T06:32:21Z;423;;1761
2025-08-22T06:32:23Z;;827;1250
2025-08-22T06:32:24Z;;1384;1807
2025-08-22T06:36:16Z;298;;1682
2025-08-22T06:36:18Z;306;;1690
2025-08-22T06:36:26Z;298;;1682
2025-08-22T06:36:30Z;306;;1690
2025-08-22T06:36:32Z;296;;1680
2025-08-22T06:36:35Z;313;;1697
2025-08-22T06:36:38Z;297;;1681
2025-08-22T06:36:40Z;310;;1694
2025-08-22T06:36:42Z;290;;1674
2025-08-22T06:36:45Z;302;;1686
2025-08-22T06:37:03Z;603;;1987
2025-08-22T06:37:04Z;533;;1917
2025-08-22T06:37:38Z;;1500;2033
2025-08-22T06:37:39Z;;1499;2032
2025-08-22T06:37:40Z;;1501;2034
2025-08-22T06:37:42Z;;1487;2020
2025-08-22T06:37:44Z;;1501;2034
2025-08-22T06:37:57Z;;1507;2040
2025-08-22T06:38:06Z;;1494;2027
2025-08-22T06:38:08Z;252;1509;2042
2025-08-22T06:38:41Z;;1420;1672
2025-08-22T06:38:42Z;;1509;1761
2025-08-22T06:38:45Z;323;1422;1674
2025-08-22T06:38:46Z;;1519;1842
2025-08-22T06:38:48Z;259;;1778
2025-08-22T06:39:30Z;;1469;1728
2025-08-22T06:39:31Z;;1528;1787
2025-08-22T06:40:50Z;702;;2230
2025-08-22T06:40:52Z;235;1081;1783
2025-08-22T06:40:53Z;;1550;1785
2025-08-22T06:40:54Z;428;;1978
2025-08-22T06:40:57Z;237;;1787
2025-08-22T06:41:07Z;;1476;1713
2025-08-22T06:41:08Z;;1560;1797
2025-08-22T06:42:23Z;;1444;1681
2025-08-22T06:42:24Z;;1581;1818
2025-08-22T06:42:58Z;440;;2021
2025-08-22T06:43:08Z;777;;2358
2025-08-22T06:43:12Z;443;;2024
2025-08-22T06:43:57Z;162;;1743
2025-08-22T06:44:34Z;304;;1885
2025-08-22T06:44:38Z;264;;1845
2025-08-22T06:44:42Z;311;;1892
2025-08-22T06:44:45Z;270;;1851
2025-08-22T06:44:54Z;359;;1940
2025-08-22T06:44:56Z;170;;1751
2025-08-22T06:45:07Z;;1644;1814
2025-08-22T06:45:17Z;235;;1879
2025-08-22T06:46:16Z;417;;2061
2025-08-22T06:47:28Z;156;;1800
2025-08-22T06:49:12Z;452;;2096
2025-08-22T06:49:19Z;30;;1674
2025-08-22T06:49:38Z;516;;2160
2025-08-22T06:49:42Z;123;;1767
2025-08-22T06:50:50Z;-7;;1637
2025-08-22T06:50:52Z;34;;1678
2025-08-22T06:50:58Z;389;;2033
2025-08-22T06:51:31Z;298;;1942
2025-08-22T06:51:33Z;644;;2288
2025-08-22T06:51:38Z;411;;2055
2025-08-22T06:51:44Z;292;;1936
2025-08-22T06:51:46Z;300;;1944
2025-08-22T06:51:48Z;299;;1943
2025-08-22T06:51:50Z;348;;1992
2025-08-22T06:51:58Z;291;;1935
2025-08-22T06:52:02Z;332;;1976
2025-08-22T06:52:04Z;;1800;2132
2025-08-22T06:52:05Z;;1793;2125
2025-08-22T06:52:08Z;698;;2491
2025-08-22T06:52:09Z;;1801;2499
2025-08-22T06:52:11Z;;1797;2495
2025-08-22T06:52:12Z;284;;2081
2025-08-22T06:52:15Z;;1802;2086
2025-08-22T06:52:16Z;304;;2106
2025-08-22T06:52:17Z;;1796;2100
2025-08-22T06:52:21Z;;1806;2110
2025-08-22T06:52:26Z;287;;2093
2025-08-22T06:52:29Z;;1781;2068
2025-08-22T06:52:30Z;583;;2364
2025-08-22T06:52:31Z;680;1804;2387
2025-08-22T06:52:34Z;;1797;2477
2025-08-22T06:52:35Z;;1804;2484
2025-08-22T06:52:37Z;382;;2186
2025-08-22T06:52:41Z;280;;2084
2025-08-22T06:52:46Z;591;;2395
2025-08-22T06:52:47Z;733;;2537
2025-08-22T06:52:52Z;356;;2160
2025-08-22T06:52:55Z;265;;2069
2025-08-22T06:53:00Z;440;;2244
2025-08-22T06:53:09Z;254;;2058
2025-08-22T06:53:13Z;300;;2104
2025-08-22T06:53:14Z;;1783;2083
2025-08-22T06:53:15Z;;1824;2124
2025-08-22T06:53:23Z;262;;2086
2025-08-22T06:53:25Z;572;;2396
2025-08-22T06:53:35Z;268;;2092
2025-08-22T06:53:50Z;335;;2159
2025-08-22T06:53:52Z;265;;2089
2025-08-22T06:53:54Z;574;;2398
2025-08-22T06:53:59Z;770;;2594
2025-08-22T06:54:01Z;345;;2169
2025-08-22T06:54:09Z;296;1685;2030
2025-08-22T06:54:10Z;;1835;2131
2025-08-22T06:54:13Z;562;;2397
2025-08-22T06:54:15Z;721;;2556
2025-08-22T06:54:17Z;599;;2434
2025-08-22T06:54:26Z;259;;2094
2025-08-22T06:54:31Z;331;;2166
2025-08-22T06:54:42Z;243;;2078
2025-08-22T06:54:44Z;-38;;1797
2025-08-22T06:54:47Z;188;;2023
2025-08-22T06:54:49Z;-5;;1830
2025-08-22T06:54:51Z;59;;1894
2025-08-22T06:54:58Z;-80;;1755
2025-08-22T06:55:03Z;63;;1898
2025-08-22T06:55:05Z;-49;;1786
2025-08-22T06:55:07Z;33;;1868
2025-08-22T06:55:09Z;-5;1789;1822
2025-08-22T06:55:11Z;;1800;1795
2025-08-22T06:55:13Z;10;;1810
2025-08-22T06:55:14Z;-83;;1717
2025-08-22T06:55:17Z;;1773;1690
2025-08-22T06:55:18Z;;1837;1754
2025-08-22T06:55:20Z;80;;1917
2025-08-22T06:55:30Z;-52;;1785
2025-08-22T06:55:36Z;152;;1989
2025-08-22T06:55:38Z;-12;;1825
2025-08-22T06:55:40Z;6;;1843
2025-08-22T06:55:42Z;-277;;1560
2025-08-22T06:55:47Z;-373;;1464
2025-08-22T06:55:51Z;-295;;1542
2025-08-22T06:55:56Z;-314;;1523
2025-08-22T06:56:08Z;-184;;1653
2025-08-22T06:56:10Z;-348;;1489
2025-08-22T06:56:12Z;-299;;1538
2025-08-22T06:56:14Z;-311;;1526
2025-08-22T06:56:23Z;-282;;1555
2025-08-22T06:56:25Z;-326;;1511
2025-08-22T06:56:27Z;-284;;1553
2025-08-22T06:56:29Z;-347;;1490
2025-08-22T06:56:31Z;-281;;1556
2025-08-22T06:56:34Z;-390;;1447
2025-08-22T06:56:40Z;-165;;1672
2025-08-22T06:56:42Z;-323;;1514
2025-08-22T06:56:44Z;23;;1860
2025-08-22T06:56:45Z;-14;;1823
2025-08-22T06:56:49Z;6;;1843
2025-08-22T06:56:52Z;-19;;1818
2025-08-22T06:56:54Z;39;;1876
2025-08-22T06:56:55Z;-24;;1813
2025-08-22T06:56:57Z;31;;1868
2025-08-22T06:57:06Z;-40;;1797
2025-08-22T06:57:10Z;22;;1859
2025-08-22T06:57:12Z;343;;2180
2025-08-22T06:57:16Z;80;;1917
2025-08-22T06:57:22Z;-5;;1832
2025-08-22T06:57:28Z;6;;1843
2025-08-22T06:57:37Z;329;;2166
2025-08-22T06:57:39Z;237;;2074
2025-08-22T06:57:41Z;-49;;1788
2025-08-22T06:57:44Z;106;;1943
2025-08-22T06:57:46Z;-25;;1812
2025-08-22T06:57:48Z;38;;1875
2025-08-22T06:57:55Z;-67;;1770
2025-08-22T06:58:00Z;15;;1852
2025-08-22T06:58:04Z;0;;1837
2025-08-22T06:58:06Z;10;;1847
2025-08-22T06:58:08Z;-1;;1836
2025-08-22T06:58:10Z;3;;1840
2025-08-22T06:58:11Z;-48;;1789
2025-08-22T06:58:17Z;171;;2008
2025-08-22T06:58:19Z;-32;;1805
2025-08-22T06:58:21Z;42;;1879
2025-08-22T06:58:25Z;-14;;1823
2025-08-22T06:58:49Z;54;;1891
2025-08-22T06:58:51Z;-56;;1781
2025-08-22T06:59:37Z;5;;1842
2025-08-22T06:59:39Z;-165;;1672
2025-08-22T07:00:07Z;;1932;1767
2025-08-22T07:00:16Z;-176;;1756
2025-08-22T07:01:41Z;-307;;1625
2025-08-22T07:01:43Z;-298;;1634
2025-08-22T07:02:10Z;101;;2033
2025-08-22T07:02:12Z;-34;;1898
2025-08-22T07:02:15Z;-309;;1623
2025-08-22T07:02:20Z;-280;;1652
2025-08-22T07:02:26Z;23;;1955
2025-08-22T07:02:28Z;-32;;1900
2025-08-22T07:02:32Z;-318;;1614
2025-08-22T07:02:34Z;343;;2275
2025-08-22T07:02:36Z;-278;;1654
2025-08-22T07:02:45Z;-347;;1585
2025-08-22T07:02:49Z;-290;;1642
2025-08-22T07:03:01Z;213;;2145
2025-08-22T07:03:03Z;-47;;1885
2025-08-22T07:03:16Z;-316;;1616
2025-08-22T07:03:20Z;-294;;1638
2025-08-22T07:03:33Z;-357;;1575
2025-08-22T07:03:37Z;-294;;1638
2025-08-22T07:03:45Z;-557;;1375
2025-08-22T07:03:48Z;-626;;1306
2025-08-22T07:03:54Z;-517;;1415
2025-08-22T07:03:56Z;-672;;1260
2025-08-22T07:03:58Z;-598;;1334
2025-08-22T07:04:00Z;-612;;1320
2025-08-22T07:04:10Z;-592;;1340
2025-08-22T07:04:12Z;-688;;1244
2025-08-22T07:04:27Z;-581;;1351
2025-08-22T07:04:29Z;-662;;1270
2025-08-22T07:04:42Z;-577;;1355
2025-08-22T07:04:44Z;-715;;1217
2025-08-22T07:05:31Z;-575;;1357
2025-08-22T07:05:33Z;-703;;1229
2025-08-22T07:05:47Z;-586;;1346
2025-08-22T07:05:49Z;-726;;1206
2025-08-22T07:06:05Z;-370;;1562
2025-08-22T07:06:20Z;-203;;1729
2025-08-22T07:06:22Z;-332;;1600
2025-08-22T07:06:26Z;-287;;1645
2025-08-22T07:06:28Z;-314;;1618
2025-08-22T07:06:36Z;-213;;1719
2025-08-22T07:06:47Z;-315;;1617
2025-08-22T07:06:51Z;-262;;1670
2025-08-22T07:06:55Z;-323;;1609
2025-08-22T07:07:08Z;-191;;1741
2025-08-22T07:07:10Z;-396;;1536
2025-08-22T07:07:12Z;-284;;1648
2025-08-22T07:07:17Z;-321;;1611
2025-08-22T07:07:20Z;-717;;1215
2025-08-22T07:07:25Z;;2101;1384
2025-08-22T07:07:26Z;;2095;1378
2025-08-22T07:07:37Z;;2103;1386
2025-08-22T07:07:38Z;;2099;1382
2025-08-22T07:07:43Z;;2101;1384
2025-08-22T07:07:45Z;;2096;1379
2025-08-22T07:07:50Z;;2101;1384
2025-08-22T07:07:51Z;;2099;1382
2025-08-22T07:07:54Z;;2103;1386
2025-08-22T07:07:57Z;;2097;1380
2025-08-22T07:07:58Z;-576;;1521
2025-08-22T07:07:59Z;;2101;1525
2025-08-22T07:08:01Z;-735;;1366
2025-08-22T07:08:03Z;;2099;1364
2025-08-22T07:08:06Z;;2106;1371
2025-08-22T07:08:09Z;;2099;1364
2025-08-22T07:08:11Z;-1066;2104;1369
2025-08-22T07:08:28Z;-826;;1278
2025-08-22T07:08:33Z;-999;;1105
2025-08-22T07:08:44Z;-890;;1214
2025-08-22T07:08:47Z;-1019;;1085
2025-08-22T07:09:08Z;-898;;1206
2025-08-22T07:09:11Z;-905;;1199
2025-08-22T07:09:17Z;-814;;1290
2025-08-22T07:09:19Z;-949;;1155
2025-08-22T07:09:33Z;-782;;1322
2025-08-22T07:09:37Z;-968;;1136
2025-08-22T07:10:06Z;-833;;1271
2025-08-22T07:10:09Z;-982;;1122
2025-08-22T07:10:38Z;-883;;1221
2025-08-22T07:10:41Z;-956;;1148
2025-08-22T07:10:54Z;-816;;1288
2025-08-22T07:10:57Z;-988;;1116
2025-08-22T07:11:12Z;-473;;1631
2025-08-22T07:11:15Z;-960;;1144
2025-08-22T07:11:18Z;-822;;1282
2025-08-22T07:11:21Z;-984;;1120
2025-08-22T07:11:42Z;-846;;1258
2025-08-22T07:11:47Z;-986;;1118
2025-08-22T07:11:49Z;-826;;1278
2025-08-22T07:11:54Z;-901;;1203
2025-08-22T07:11:57Z;-882;;1222
2025-08-22T07:11:59Z;-910;;1194
2025-08-22T07:12:02Z;-868;;1236
2025-08-22T07:12:09Z;-918;;1186
2025-08-22T07:12:14Z;-864;;1240
2025-08-22T07:12:25Z;-913;;1191
2025-08-22T07:12:28Z;-878;;1226
2025-08-22T07:12:41Z;-943;;1161
2025-08-22T07:12:44Z;-638;975;32
2025-08-22T07:12:45Z;;2208;1570
2025-08-22T07:12:48Z;-924;;1284
2025-08-22T07:12:51Z;-886;;1322
2025-08-22T07:12:57Z;-933;;1275
2025-08-22T07:13:03Z;-885;;1323
2025-08-22T07:13:12Z;-908;;1300
2025-08-22T07:13:20Z;-782;;1426
2025-08-22T07:13:22Z;-913;;1295
2025-08-22T07:13:25Z;-894;;1314
2025-08-22T07:13:27Z;-910;;1298
2025-08-22T07:13:29Z;-879;;1329
2025-08-22T07:13:33Z;-900;;1308
2025-08-22T07:13:36Z;-896;;1312
2025-08-22T07:13:38Z;-911;;1297
2025-08-22T07:13:40Z;-887;;1321
2025-08-22T07:13:43Z;-978;;1230
2025-08-22T07:13:45Z;-849;;1359
2025-08-22T07:13:46Z;-941;;1267
2025-08-22T07:13:49Z;-893;;1315
2025-08-22T07:13:52Z;-927;;1281
2025-08-22T07:13:54Z;-891;;1317
2025-08-22T07:13:56Z;-912;;1296
2025-08-22T07:14:00Z;-210;;1998
2025-08-22T07:14:03Z;-301;;1907
2025-08-22T07:14:06Z;-261;;1947
2025-08-22T07:14:16Z;78;;2286
2025-08-22T07:14:18Z;-185;;2023
2025-08-22T07:14:22Z;-697;;1511
2025-08-22T07:14:25Z;-597;;1611
2025-08-22T07:14:28Z;-620;;1588
2025-08-22T07:14:30Z;-597;;1611
2025-08-22T07:14:34Z;-604;;1604
2025-08-22T07:14:37Z;-599;;1609
2025-08-22T07:14:40Z;-604;;1604
2025-08-22T07:14:43Z;-596;;1612
2025-08-22T07:14:46Z;-673;;1535
2025-08-22T07:14:48Z;-463;;1745
2025-08-22T07:14:51Z;-196;;2012
2025-08-22T07:14:53Z;-349;;1859
2025-08-22T07:14:57Z;-160;;2048
2025-08-22T07:15:07Z;;2242;2082
2025-08-22T07:15:16Z;-88;;2154
2025-08-22T07:15:28Z;100;;2342
2025-08-22T07:15:31Z;-79;;2163
2025-08-22T07:15:46Z;-101;;2141
2025-08-22T07:16:02Z;-57;;2185
2025-08-22T07:16:17Z;44;;2286
2025-08-22T07:16:21Z;-34;;2208
2025-08-22T07:16:48Z;64;;2306
2025-08-22T07:16:51Z;-69;;2173
2025-08-22T07:16:54Z;293;;2535
2025-08-22T07:16:55Z;-50;;2192
2025-08-22T07:16:58Z;177;;2419
2025-08-22T07:17:37Z;301;;2543
2025-08-22T07:17:40Z;145;;2387
2025-08-22T07:18:27Z;309;;2551
2025-08-22T07:18:31Z;120;;2362
2025-08-22T07:18:33Z;-54;;2188
2025-08-22T07:18:36Z;-405;;1837
2025-08-22T07:19:46Z;-272;;1970
2025-08-22T07:19:48Z;-458;;1784
2025-08-22T07:20:53Z;-758;;1484
2025-08-22T07:21:18Z;-162;;2080
2025-08-22T07:21:19Z;;1088;926
2025-08-22T07:21:20Z;-882;2383;2221
2025-08-22T07:21:33Z;-593;;1790
2025-08-22T07:22:03Z;;2400;1807
2025-08-22T07:22:04Z;;2387;1794
2025-08-22T07:22:06Z;;2400;1807
2025-08-22T07:22:13Z;;2399;1806
2025-08-22T07:22:14Z;;2403;1810
2025-08-22T07:22:16Z;;2390;1797
2025-08-22T07:22:18Z;;2404;1811
2025-08-22T07:22:30Z;-766;2397;1804
2025-08-22T07:22:32Z;;2408;1642
2025-08-22T07:22:41Z;-515;;1893
2025-08-22T07:22:47Z;;2204;1689
2025-08-22T07:22:50Z;;2416;1901
2025-08-22T07:23:09Z;-606;;1810
2025-08-22T07:23:12Z;-580;;1836
2025-08-22T07:23:31Z;;2321;1741
2025-08-22T07:23:32Z;;2418;1838
2025-08-22T07:23:38Z;-226;;2192
2025-08-22T07:23:41Z;-321;;2097
2025-08-22T07:23:44Z;-298;;2120
2025-08-22T07:23:58Z;-305;;2113
2025-08-22T07:24:01Z;-261;;2157
2025-08-22T07:24:03Z;;2288;2027
2025-08-22T07:24:04Z;;2437;2176
2025-08-22T07:24:14Z;-308;;2129
2025-08-22T07:24:17Z;-258;;2179
2025-08-22T07:24:29Z;-320;;2117
2025-08-22T07:24:32Z;-293;;2144
2025-08-22T07:24:34Z;-562;;1875
2025-08-22T07:24:45Z;-611;;1826
2025-08-22T07:24:49Z;-572;;1865
2025-08-22T07:25:01Z;-620;;1817
2025-08-22T07:25:05Z;-586;;1851
2025-08-22T07:25:17Z;-630;;1807
2025-08-22T07:25:23Z;-413;;2024
2025-08-22T07:25:34Z;-645;;1792
2025-08-22T07:25:38Z;-596;;1841
2025-08-22T07:25:47Z;-663;;1774
2025-08-22T07:25:55Z;-549;;1888
2025-08-22T07:26:06Z;-655;;1782
2025-08-22T07:26:12Z;-436;;2001
2025-08-22T07:26:13Z;;2314;1878
2025-08-22T07:26:14Z;;2473;2037
2025-08-22T07:26:22Z;-632;;1841
2025-08-22T07:26:26Z;-1071;;1402
2025-08-22T07:26:28Z;-890;;1583
2025-08-22T07:26:30Z;-1013;;1460
2025-08-22T07:26:46Z;;2343;1330
2025-08-22T07:26:47Z;;2493;1480
2025-08-22T07:27:54Z;-730;;1763
2025-08-22T07:28:32Z;-906;;1587
2025-08-22T07:28:35Z;-891;;1602
2025-08-22T07:28:48Z;-920;;1573
2025-08-22T07:28:52Z;-884;;1609
2025-08-22T07:29:04Z;-931;;1562
2025-08-22T07:29:08Z;-871;;1622
2025-08-22T07:29:20Z;-932;;1561
2025-08-22T07:29:22Z;-1225;;1268
2025-08-22T07:29:24Z;-1174;;1319
2025-08-22T07:29:36Z;-1234;;1259
2025-08-22T07:29:40Z;-1206;;1287
2025-08-22T07:29:52Z;-1272;;1221
2025-08-22T07:29:57Z;-1026;;1467
2025-08-22T07:30:07Z;;2546;1520
2025-08-22T07:30:08Z;-1268;;1278
2025-08-22T07:30:13Z;-1101;;1445
2025-08-22T07:30:17Z;-1266;;1280
2025-08-22T07:30:24Z;-1267;;1279
2025-08-22T07:30:29Z;-1083;;1463
2025-08-22T07:30:39Z;-1242;;1304
2025-08-22T07:30:45Z;-1067;;1479
2025-08-22T07:30:47Z;-1216;;1330
2025-08-22T07:30:49Z;-1195;;1351
2025-08-22T07:30:51Z;-1200;;1346
2025-08-22T07:30:53Z;-1185;;1361
2025-08-22T07:30:54Z;-1201;;1345
2025-08-22T07:30:56Z;-1189;;1357
2025-08-22T07:30:58Z;-1206;;1340
2025-08-22T07:31:00Z;-1123;;1423
2025-08-22T07:31:01Z;-1221;;1325
2025-08-22T07:31:03Z;-1142;;1404
2025-08-22T07:31:11Z;-1255;;1291
2025-08-22T07:31:17Z;-1055;;1491
2025-08-22T07:31:19Z;-1222;;1324
2025-08-22T07:31:21Z;-1191;;1355
2025-08-22T07:31:22Z;;2027;836
2025-08-22T07:31:23Z;;2581;1390
2025-08-22T07:31:25Z;-1206;;1375
2025-08-22T07:31:27Z;-1193;;1388
2025-08-22T07:31:29Z;-1202;;1379
2025-08-22T07:31:33Z;-1126;;1455
2025-08-22T07:31:35Z;-1235;;1346
2025-08-22T07:31:37Z;-1154;;1427
2025-08-22T07:31:39Z;-1218;;1363
2025-08-22T07:31:40Z;-1193;;1388
2025-08-22T07:31:42Z;-1204;;1377
2025-08-22T07:31:44Z;-1188;;1393
2025-08-22T07:31:45Z;-1205;;1376
2025-08-22T07:31:47Z;-1197;;1384
2025-08-22T07:31:49Z;-1298;;1283
2025-08-22T07:31:51Z;-1199;;1382
2025-08-22T07:31:53Z;-1207;;1374
2025-08-22T07:31:54Z;-1195;;1386
2025-08-22T07:31:56Z;-1214;;1367
2025-08-22T07:32:06Z;-1066;;1515
2025-08-22T07:32:08Z;-1200;;1381
2025-08-22T07:32:09Z;-1188;;1393
2025-08-22T07:32:11Z;-1219;;1362
2025-08-22T07:32:22Z;-1073;;1508
2025-08-22T07:32:24Z;-1223;;1358
2025-08-22T07:32:38Z;-1195;;1386
2025-08-22T07:32:40Z;-1216;;1365
2025-08-22T07:32:42Z;-1195;;1386
2025-08-22T07:32:44Z;-1206;;1375
2025-08-22T07:32:52Z;-418;;2163
2025-08-22T07:32:54Z;-1232;;1349
2025-08-22T07:32:56Z;-1051;;1530
2025-08-22T07:32:58Z;-1203;;1378
2025-08-22T07:33:00Z;-1186;;1395
2025-08-22T07:33:04Z;-1222;;1359
2025-08-22T07:33:07Z;-1010;;1571
2025-08-22T07:33:10Z;-899;;1682
2025-08-22T07:33:12Z;-910;;1671
2025-08-22T07:33:14Z;-899;;1682
2025-08-22T07:33:15Z;-900;;1681
2025-08-22T07:33:17Z;-895;;1686
2025-08-22T07:33:20Z;-926;;1655
2025-08-22T07:33:27Z;-1219;;1362
2025-08-22T07:33:31Z;-1196;;1385
2025-08-22T07:33:33Z;-1208;;1373
2025-08-22T07:33:42Z;-1117;;1464
2025-08-22T07:33:44Z;-1239;;1342
2025-08-22T07:34:07Z;-1189;;1392
2025-08-22T07:34:09Z;-1232;;1349
2025-08-22T07:34:31Z;-1112;;1469
2025-08-22T07:34:33Z;-1295;;1286
2025-08-22T07:34:47Z;-1104;;1477
2025-08-22T07:34:49Z;-1229;;1352
2025-08-22T07:34:51Z;-1190;;1391
2025-08-22T07:34:53Z;-1206;;1375
2025-08-22T07:34:54Z;-1187;;1394
2025-08-22T07:34:56Z;-1203;;1378
2025-08-22T07:34:58Z;-1179;;1402
2025-08-22T07:34:59Z;-1200;;1381
2025-08-22T07:35:01Z;-1170;;1411
2025-08-22T07:35:03Z;-1273;;1308
2025-08-22T07:35:05Z;-1181;;1400
2025-08-22T07:35:08Z;-1214;;1367
2025-08-22T07:35:10Z;-1195;;1386
2025-08-22T07:35:12Z;-1222;;1359
2025-08-22T07:35:20Z;-1147;;1434
2025-08-22T07:35:22Z;-1212;;1369
2025-08-22T07:35:24Z;-1198;;1383
2025-08-22T07:35:26Z;-1202;;1379
2025-08-22T07:35:28Z;-1199;;1382
2025-08-22T07:35:29Z;-1206;;1375
2025-08-22T07:35:31Z;-1170;;1411
2025-08-22T07:35:33Z;-1223;;1358
2025-08-22T07:35:36Z;-1090;;1491
2025-08-22T07:35:38Z;-1232;;1349
2025-08-22T07:35:40Z;-1191;;1390
2025-08-22T07:35:41Z;-1204;;1377
2025-08-22T07:35:44Z;-1192;;1389
2025-08-22T07:35:47Z;-1302;;1279
2025-08-22T07:35:53Z;-1192;;1389
2025-08-22T07:35:55Z;-1210;;1371
2025-08-22T07:35:57Z;-1198;;1383
2025-08-22T07:35:59Z;-1219;;1362
2025-08-22T07:36:01Z;-1191;;1390
2025-08-22T07:36:03Z;-1264;;1317
2025-08-22T07:36:08Z;-1113;;1468
2025-08-22T07:36:18Z;-1229;;1352
2025-08-22T07:36:25Z;-1104;;1477
2025-08-22T07:36:26Z;-1210;;1371
2025-08-22T07:36:28Z;-1190;;1391
2025-08-22T07:36:30Z;-1200;;1381
2025-08-22T07:36:32Z;-1195;;1386
2025-08-22T07:36:35Z;-1291;;1290
2025-08-22T07:36:41Z;-1165;;1416
2025-08-22T07:36:42Z;-1200;;1381
2025-08-22T07:36:44Z;-1198;;1383
2025-08-22T07:36:46Z;-1209;;1372
2025-08-22T07:36:47Z;-1182;;1399
2025-08-22T07:36:49Z;-1204;;1377
2025-08-22T07:36:51Z;-1183;;1398
2025-08-22T07:36:53Z;-1271;;1310
2025-08-22T07:36:56Z;-1073;;1508
2025-08-22T07:36:58Z;-1217;;1364
2025-08-22T07:37:00Z;-1196;;1385
2025-08-22T07:37:03Z;-1200;;1381
2025-08-22T07:37:05Z;-1195;;1386
2025-08-22T07:37:07Z;-1300;;1281
2025-08-22T07:37:12Z;-1179;;1402
2025-08-22T07:37:14Z;-1212;;1369
2025-08-22T07:37:16Z;-1194;;1387
2025-08-22T07:37:18Z;-1203;;1378
2025-08-22T07:37:20Z;-1186;;1395
2025-08-22T07:37:22Z;-1202;;1379
2025-08-22T07:37:29Z;-994;;1587
2025-08-22T07:37:31Z;-1212;;1369
2025-08-22T07:37:33Z;-1199;;1382
2025-08-22T07:37:35Z;-1219;;1362
2025-08-22T07:37:37Z;-1198;2700;1481
2025-08-22T07:37:39Z;;2686;1488
2025-08-22T07:37:41Z;-1237;2703;1505
2025-08-22T07:37:42Z;;2612;1375
2025-08-22T07:37:44Z;-1199;;1413
2025-08-22T07:37:45Z;;2703;1504
2025-08-22T07:37:46Z;;2690;1491
2025-08-22T07:37:47Z;-1308;;1382
2025-08-22T07:37:48Z;;2702;1394
2025-08-22T07:37:49Z;-1210;;1492
2025-08-22T07:37:51Z;;2695;1485
2025-08-22T07:37:53Z;-1210;2705;1495
2025-08-22T07:37:55Z;;2699;1489
2025-08-22T07:37:56Z;;2700;1490
2025-08-22T07:38:02Z;;2698;1488
2025-08-22T07:38:03Z;;2708;1498
2025-08-22T07:38:11Z;;2699;1489
2025-08-22T07:38:12Z;;2707;1497
2025-08-22T07:38:17Z;-1045;;1662
2025-08-22T07:38:28Z;-1245;;1462
2025-08-22T07:38:32Z;-1143;;1564
2025-08-22T07:38:39Z;;2585;1442
2025-08-22T07:38:40Z;;2708;1565
2025-08-22T07:38:43Z;-1264;;1444
2025-08-22T07:38:49Z;-1113;;1595
2025-08-22T07:38:53Z;-1210;;1498
2025-08-22T07:38:55Z;-1192;;1516
2025-08-22T07:38:57Z;-1215;;1493
2025-08-22T07:38:59Z;-1196;;1512
2025-08-22T07:39:00Z;-1207;;1501
2025-08-22T07:39:06Z;-1104;;1604
2025-08-22T07:39:07Z;-1219;;1489
2025-08-22T07:39:09Z;-1178;;1530
2025-08-22T07:39:10Z;-1200;;1508
2025-08-22T07:39:12Z;-1189;;1519
2025-08-22T07:39:14Z;-1204;;1504
2025-08-22T07:39:37Z;-1165;;1543
2025-08-22T07:39:39Z;-1287;;1421
2025-08-22T07:40:09Z;-1170;;1538
2025-08-22T07:40:11Z;-1292;;1416
2025-08-22T07:40:41Z;-1190;;1518
2025-08-22T07:40:43Z;-1225;;1483
2025-08-22T07:40:57Z;-1133;;1575
2025-08-22T07:40:59Z;-1325;;1383
2025-08-22T07:41:25Z;-35;;2673
2025-08-22T07:41:27Z;-1391;;1317
2025-08-22T07:41:28Z;;2605;1214
2025-08-22T07:41:29Z;-1186;2759;1368
2025-08-22T07:41:31Z;-1284;;1475
2025-08-22T07:41:38Z;-836;;1923
2025-08-22T07:41:40Z;-1033;;1726
2025-08-22T07:42:17Z;-869;;1890
2025-08-22T07:42:19Z;-1041;;1718
2025-08-22T07:42:54Z;;2559;1518
2025-08-22T07:42:55Z;;2763;1722
2025-08-22T07:42:56Z;-851;1201;1912
2025-08-22T07:42:57Z;-1032;;169
2025-08-22T07:42:59Z;;2786;1754
2025-08-22T07:43:05Z;-882;;1904
2025-08-22T07:43:07Z;-1347;;1439
2025-08-22T07:44:26Z;1086;;3872
2025-08-22T07:44:27Z;-1106;;1680
2025-08-22T07:44:50Z;-792;;1994
2025-08-22T07:45:07Z;;2824;2032
2025-08-22T07:45:08Z;-908;;1916
2025-08-22T07:45:12Z;-883;;1941
2025-08-22T07:45:16Z;-883;;1941
2025-08-22T07:45:25Z;-913;;1911
2025-08-22T07:45:28Z;-871;;1953
2025-08-22T07:45:37Z;-1089;;1735
2025-08-22T07:46:04Z;-1303;;1521
2025-08-22T07:47:31Z;-1038;;1786
2025-08-22T07:47:44Z;-1361;;1463
2025-08-22T07:48:11Z;-1171;;1653
2025-08-22T07:48:13Z;-1383;;1441
2025-08-22T07:48:43Z;-1107;;1717
2025-08-22T07:48:45Z;-1255;;1569
2025-08-22T07:48:59Z;-1115;;1709
2025-08-22T07:49:01Z;-1262;;1562
2025-08-22T07:49:03Z;-1199;;1625
2025-08-22T07:49:04Z;-1225;;1599
2025-08-22T07:49:32Z;-1179;;1645
2025-08-22T07:49:34Z;-1337;;1487
2025-08-22T07:49:57Z;-939;;1885
2025-08-22T07:50:21Z;-880;;1944
2025-08-22T07:50:23Z;-1038;;1786
2025-08-22T07:50:25Z;-1314;;1510
2025-08-22T07:50:53Z;-1188;;1636
2025-08-22T07:50:55Z;-1351;;1473
2025-08-22T07:51:32Z;-1112;;1712
2025-08-22T07:51:33Z;;1247;135
2025-08-22T07:51:34Z;-1350;2931;1819
2025-08-22T07:52:51Z;-1159;;1772
2025-08-22T07:52:57Z;-1223;;1708
2025-08-22T07:52:59Z;-1195;;1736
2025-08-22T07:53:01Z;-1203;;1728
2025-08-22T07:53:03Z;-1174;;1757
2025-08-22T07:54:35Z;-1225;;1706
2025-08-22T07:54:39Z;-1173;;1758
2025-08-22T07:54:51Z;-1230;;1701
2025-08-22T07:54:56Z;-1133;;1798
2025-08-22T07:55:42Z;;3000;1867
2025-08-22T07:55:47Z;;2998;1865
2025-08-22T07:55:48Z;;3000;1867
2025-08-22T07:55:51Z;;2998;1865
2025-08-22T07:55:54Z;;3002;1869
2025-08-22T07:55:58Z;-667;2999;1866
2025-08-22T07:55:59Z;;3002;2335
2025-08-22T07:56:02Z;-515;;2487
2025-08-22T07:56:03Z;;2998;2483
2025-08-22T07:56:06Z;-673;3006;2491
2025-08-22T07:56:16Z;;2997;2324
2025-08-22T07:56:17Z;;3003;2330
2025-08-22T07:56:33Z;-496;;2507
2025-08-22T07:56:37Z;-682;;2321
2025-08-22T07:56:39Z;-499;2890;2208
2025-08-22T07:56:40Z;;3004;2505
2025-08-22T07:56:41Z;-665;;2339
2025-08-22T07:57:05Z;-558;;2446
2025-08-22T07:57:09Z;-698;;2306
2025-08-22T07:57:53Z;-520;;2484
2025-08-22T07:57:56Z;-696;;2308
2025-08-22T07:58:03Z;-375;;2629
2025-08-22T07:58:10Z;681;;3685
2025-08-22T07:58:13Z;-779;;2225
2025-08-22T07:58:16Z;-921;;2083
2025-08-22T07:58:18Z;-835;;2169
2025-08-22T07:58:20Z;-1161;;1843
2025-08-22T07:58:22Z;-1204;;1800
2025-08-22T07:58:23Z;-1170;;1834
2025-08-22T07:58:26Z;-1275;;1729
2025-08-22T07:58:29Z;-1161;;1843
2025-08-22T07:58:36Z;-1287;;1717
2025-08-22T07:58:41Z;-1021;;1983
2025-08-22T07:58:43Z;;2932;1911
2025-08-22T07:58:44Z;;3043;2022
2025-08-22T07:58:45Z;-1208;;1835
2025-08-22T07:58:48Z;-1170;;1873
2025-08-22T07:58:50Z;-1200;;1843
2025-08-22T07:58:53Z;;2910;1710
2025-08-22T07:58:54Z;;3039;1839
2025-08-22T07:58:58Z;-1139;;1900
2025-08-22T07:59:02Z;-1225;;1814
2025-08-22T07:59:06Z;-1153;;1886
2025-08-22T07:59:07Z;;3048;1895
2025-08-22T07:59:08Z;-1223;;1825
2025-08-22T07:59:10Z;-1178;;1870
2025-08-22T07:59:13Z;-1291;;1757
2025-08-22T07:59:20Z;-1196;;1852
2025-08-22T07:59:24Z;-1305;;1743
2025-08-22T07:59:28Z;1692;;4740
2025-08-22T07:59:31Z;-992;;2056
2025-08-22T07:59:33Z;-755;;2293
2025-08-22T07:59:34Z;-934;;2114
2025-08-22T07:59:38Z;-884;;2164
2025-08-22T07:59:40Z;-915;;2133
2025-08-22T07:59:47Z;-854;;2194
2025-08-22T07:59:49Z;-921;;2127
2025-08-22T07:59:52Z;-881;;2167
2025-08-22T07:59:53Z;-919;;2129
2025-08-22T07:59:56Z;-884;;2164
2025-08-22T07:59:58Z;-901;;2147
2025-08-22T08:00:01Z;-879;;2169
2025-08-22T08:00:04Z;-997;;2051
2025-08-22T08:00:05Z;-835;;2213
2025-08-22T08:00:07Z;;3058;2223
2025-08-22T08:00:08Z;-926;;2132
2025-08-22T08:00:10Z;-881;;2177
2025-08-22T08:00:14Z;-909;;2149
2025-08-22T08:00:18Z;-925;;2133
2025-08-22T08:00:19Z;-794;;2264
2025-08-22T08:00:22Z;-975;;2083
2025-08-22T08:00:25Z;-1232;;1826
2025-08-22T08:00:33Z;-1527;;1531
2025-08-22T08:00:40Z;;2963;1436
2025-08-22T08:00:41Z;;3073;1546
2025-08-22T08:00:44Z;-1910;;1163
2025-08-22T08:00:52Z;;2935;1025
2025-08-22T08:00:53Z;-1761;;1174
2025-08-22T08:00:55Z;;3079;1318
2025-08-22T08:00:56Z;-1829;;1250
2025-08-22T08:00:59Z;-1798;;1281
2025-08-22T08:01:01Z;-1845;;1234
2025-08-22T08:01:12Z;-1691;;1388
2025-08-22T08:01:16Z;-1885;;1194
2025-08-22T08:01:32Z;-1758;;1321
2025-08-22T08:01:38Z;-1492;;1587
2025-08-22T08:01:41Z;-1520;;1559
2025-08-22T08:01:44Z;-1278;;1801
2025-08-22T08:01:51Z;-1047;;2032
2025-08-22T08:01:54Z;-1235;;1844
2025-08-22T08:01:56Z;-1178;;1901
2025-08-22T08:01:58Z;-1213;;1866
2025-08-22T08:02:09Z;-1176;;1903
2025-08-22T08:02:12Z;-1239;;1840
2025-08-22T08:02:15Z;-1198;;1881
2025-08-22T08:02:16Z;-1217;;1862
2025-08-22T08:02:48Z;-1144;;1935
2025-08-22T08:02:50Z;-1274;;1805
2025-08-22T08:03:07Z;-1088;;1991
2025-08-22T08:03:09Z;-1325;;1754
2025-08-22T08:03:30Z;-1046;;2033
2025-08-22T08:03:35Z;-1404;;1675
2025-08-22T08:04:03Z;-1062;;2017
2025-08-22T08:04:08Z;-1371;;1708
2025-08-22T08:04:58Z;-335;;2744
2025-08-22T08:05:03Z;-838;;2241
2025-08-22T08:05:38Z;-1180;;1899
2025-08-22T08:05:49Z;-1204;;1875
2025-08-22T08:05:51Z;-1194;;1885
2025-08-22T08:05:53Z;-1222;;1857
2025-08-22T08:05:55Z;-1185;;1894
2025-08-22T08:05:57Z;-1215;;1864
2025-08-22T08:06:00Z;-1185;;1894
2025-08-22T08:06:04Z;-1214;;1865
2025-08-22T08:06:07Z;-1184;;1895
2025-08-22T08:06:09Z;-1442;;1637
2025-08-22T08:06:11Z;-1682;;1397
2025-08-22T08:06:13Z;-1206;;1873
2025-08-22T08:06:15Z;-1157;;1922
2025-08-22T08:06:18Z;-1208;;1871
2025-08-22T08:06:22Z;-1161;;1918
2025-08-22T08:06:25Z;-1218;;1861
2025-08-22T08:06:27Z;-1735;;1344
2025-08-22T08:06:52Z;-1412;;1667
2025-08-22T08:06:54Z;-1712;;1367
2025-08-22T08:06:59Z;-1437;;1642
2025-08-22T08:07:01Z;-1548;;1531
2025-08-22T08:07:07Z;-1485;;1594
2025-08-22T08:07:09Z;-1710;;1369
2025-08-22T08:07:14Z;-1436;;1643
2025-08-22T08:07:16Z;-1712;;1367
2025-08-22T08:07:25Z;-1326;;1753
2025-08-22T08:07:27Z;-1571;;1508
2025-08-22T08:07:29Z;-1475;;1604
2025-08-22T08:07:31Z;-1515;;1564
2025-08-22T08:07:33Z;-1498;;1581
2025-08-22T08:07:34Z;-1515;;1564
2025-08-22T08:07:37Z;-1412;;1667
2025-08-22T08:07:41Z;-1048;;2031
2025-08-22T08:07:44Z;-1278;;1801
2025-08-22T08:07:48Z;-1511;;1568
2025-08-22T08:07:52Z;-1985;;1094
2025-08-22T08:07:57Z;-1748;;1331
2025-08-22T08:07:59Z;-1824;;1255
2025-08-22T08:08:06Z;-1799;;1280
2025-08-22T08:08:08Z;-1833;;1246
2025-08-22T08:08:15Z;-1695;;1384
2025-08-22T08:08:18Z;-1868;;1211
2025-08-22T08:08:30Z;-1632;;1447
2025-08-22T08:08:33Z;-1866;;1213
2025-08-22T08:09:02Z;-1766;;1313
2025-08-22T08:09:05Z;-1897;;1182
2025-08-22T08:09:17Z;-1726;;1353
2025-08-22T08:09:20Z;-1898;;1181
2025-08-22T08:09:49Z;-1708;;1371
2025-08-22T08:09:52Z;-1890;;1189
2025-08-22T08:10:37Z;-1706;;1373
2025-08-22T08:10:40Z;-1914;;1165
2025-08-22T08:11:05Z;-2101;;978
2025-08-22T08:11:08Z;-2072;;1007
2025-08-22T08:11:11Z;-1723;;1356
2025-08-22T08:11:14Z;-1930;;1149
2025-08-22T08:11:20Z;-2103;;976
2025-08-22T08:11:24Z;-2099;;980
2025-08-22T08:11:27Z;-2101;;978
2025-08-22T08:11:29Z;-2047;;1032
2025-08-22T08:11:35Z;-2107;;972
2025-08-22T08:11:40Z;-2037;;1042
2025-08-22T08:11:57Z;-1742;;1337
2025-08-22T08:12:00Z;-1969;;1110
2025-08-22T08:12:08Z;-2114;;965
2025-08-22T08:12:12Z;-2089;;990
2025-08-22T08:12:24Z;-2116;;963
2025-08-22T08:12:27Z;-2065;;1014
2025-08-22T08:12:41Z;-2112;;967
2025-08-22T08:12:44Z;-2089;;990
2025-08-22T08:12:56Z;-2119;;960
2025-08-22T08:13:00Z;-2054;;1025
2025-08-22T08:13:13Z;-2118;;961
2025-08-22T08:13:18Z;-2071;;1008
2025-08-22T08:13:23Z;-1774;;1305
2025-08-22T08:13:26Z;-1980;;1099
2025-08-22T08:13:29Z;-2123;;956
2025-08-22T08:13:32Z;-2069;;1010
2025-08-22T08:13:44Z;-2134;;945
2025-08-22T08:13:48Z;-2064;;1015
2025-08-22T08:14:01Z;-2130;;949
2025-08-22T08:14:05Z;-2085;;994
2025-08-22T08:14:08Z;-1773;;1306
2025-08-22T08:14:10Z;-1956;;1123
2025-08-22T08:14:18Z;-2116;;963
2025-08-22T08:14:23Z;-1797;;1282
2025-08-22T08:14:26Z;-1818;;1261
2025-08-22T08:14:29Z;-2124;;955
2025-08-22T08:14:42Z;-2034;;1045
2025-08-22T08:14:47Z;-2342;;737
2025-08-22T08:15:03Z;-2050;;1029
2025-08-22T08:15:07Z;-2362;3288;1238
2025-08-22T08:15:16Z;-2368;;920
2025-08-22T08:15:40Z;;3300;932
2025-08-22T08:15:41Z;;3298;930
2025-08-22T08:15:44Z;;3301;933
2025-08-22T08:15:45Z;-2043;;1258
2025-08-22T08:15:48Z;-1091;;2210
2025-08-22T08:15:50Z;-2051;3303;2212
2025-08-22T08:16:00Z;;3294;1243
2025-08-22T08:16:05Z;;3300;1249
2025-08-22T08:16:06Z;;3281;1230
2025-08-22T08:16:09Z;;3301;1250
2025-08-22T08:16:13Z;;3296;1245
2025-08-22T08:16:14Z;;3300;1249
2025-08-22T08:16:20Z;;3299;1248
2025-08-22T08:16:21Z;;3301;1250
2025-08-22T08:16:55Z;-2106;;1195
2025-08-22T08:16:56Z;;3299;1193
2025-08-22T08:16:57Z;;3302;1196
2025-08-22T08:16:59Z;-2075;;1227
2025-08-22T08:17:02Z;;3297;1222
2025-08-22T08:17:03Z;;3303;1228
2025-08-22T08:17:28Z;-2132;;1171
2025-08-22T08:17:32Z;-2056;;1247
2025-08-22T08:17:37Z;;3299;1243
2025-08-22T08:17:39Z;-2112;;1187
2025-08-22T08:17:41Z;-2097;3304;1192
2025-08-22T08:17:43Z;-2119;;1185
2025-08-22T08:17:48Z;-2060;;1244
2025-08-22T08:17:50Z;;3292;1232
2025-08-22T08:17:51Z;;3306;1246
2025-08-22T08:17:53Z;-1796;;1510
2025-08-22T08:17:58Z;-1810;;1496
2025-08-22T08:18:01Z;-1798;;1508
2025-08-22T08:18:03Z;-1802;;1504
2025-08-22T08:18:06Z;-1768;;1538
2025-08-22T08:18:08Z;-1800;;1506
2025-08-22T08:18:10Z;-1735;;1571
2025-08-22T08:18:13Z;-1806;;1500
2025-08-22T08:18:15Z;-1798;;1508
2025-08-22T08:18:18Z;-1801;;1505
2025-08-22T08:18:22Z;-1794;;1512
2025-08-22T08:18:27Z;-1806;;1500
2025-08-22T08:18:30Z;-1773;;1533
2025-08-22T08:18:32Z;-1827;;1479
2025-08-22T08:18:37Z;-1775;;1531
2025-08-22T08:18:39Z;-1830;;1476
2025-08-22T08:18:44Z;-1789;;1517
2025-08-22T08:18:46Z;-1495;;1811
2025-08-22T08:18:48Z;-1752;;1554
2025-08-22T08:19:13Z;-1465;;1841
2025-08-22T08:19:16Z;-1761;;1545
2025-08-22T08:19:19Z;-1806;;1500
2025-08-22T08:19:21Z;-1605;;1701
2025-08-22T08:19:23Z;-1854;;1452
2025-08-22T08:19:27Z;-1799;;1507
2025-08-22T08:19:30Z;-1858;;1448
2025-08-22T08:19:33Z;-2144;;1162
2025-08-22T08:19:36Z;-2086;;1220
2025-08-22T08:19:37Z;;3209;1123
2025-08-22T08:19:39Z;-2138;3332;1071
2025-08-22T08:19:40Z;;3298;1160
2025-08-22T08:19:41Z;;3338;1200
2025-08-22T08:19:42Z;-2099;;1239
2025-08-22T08:19:44Z;-2156;;1182
2025-08-22T08:19:48Z;-1782;;1556
2025-08-22T08:19:50Z;-2048;;1290
2025-08-22T08:19:58Z;-2110;;1228
2025-08-22T08:20:03Z;-2037;;1301
2025-08-22T08:20:13Z;-1785;3243;1206
2025-08-22T08:20:16Z;;3345;1560
2025-08-22T08:20:17Z;-1947;;1398
2025-08-22T08:20:19Z;-2135;;1210
2025-08-22T08:20:22Z;-1845;;1500
2025-08-22T08:20:30Z;-2135;;1210
2025-08-22T08:20:35Z;-2020;;1325
2025-08-22T08:20:37Z;-1734;;1611
2025-08-22T08:20:40Z;-1892;;1453
2025-08-22T08:20:49Z;-2107;;1238
2025-08-22T08:20:52Z;-2016;;1329
2025-08-22T08:21:03Z;-2188;;1157
2025-08-22T08:21:10Z;-1845;;1500
2025-08-22T08:21:20Z;-2114;;1231
2025-08-22T08:21:24Z;-1660;;1685
2025-08-22T08:21:26Z;-1858;;1487
2025-08-22T08:21:28Z;-1551;;1794
2025-08-22T08:21:37Z;-1893;;1452
2025-08-22T08:21:41Z;-1721;;1624
2025-08-22T08:21:44Z;-1812;;1533
2025-08-22T08:21:47Z;-1783;;1562
2025-08-22T08:21:49Z;-1807;;1538
2025-08-22T08:21:52Z;-1787;;1558
2025-08-22T08:21:54Z;-1962;;1383
2025-08-22T08:21:57Z;-1692;;1653
2025-08-22T08:22:11Z;-1932;;1413
2025-08-22T08:22:13Z;-1609;;1736
2025-08-22T08:22:15Z;-1291;;2054
2025-08-22T08:22:17Z;-1506;;1839
2025-08-22T08:22:19Z;-1478;;1867
2025-08-22T08:22:24Z;-1610;;1735
2025-08-22T08:22:29Z;-1461;;1884
2025-08-22T08:22:41Z;-1605;;1740
2025-08-22T08:22:46Z;-1278;;2067
2025-08-22T08:22:52Z;-1742;;1603
2025-08-22T08:22:56Z;-1894;;1451
2025-08-22T08:23:04Z;-1587;;1758
2025-08-22T08:23:11Z;-1804;;1541
2025-08-22T08:23:19Z;-1750;;1595
2025-08-22T08:23:22Z;-1800;;1545
2025-08-22T08:23:25Z;-1770;;1575
2025-08-22T08:23:30Z;-1968;;1377
2025-08-22T08:23:36Z;-1674;;1671
2025-08-22T08:23:39Z;-1801;;1544
2025-08-22T08:23:42Z;-1793;;1552
2025-08-22T08:23:44Z;-1811;;1534
2025-08-22T08:23:51Z;-1608;;1737
2025-08-22T08:23:54Z;-1848;;1497
2025-08-22T08:23:57Z;-1794;;1551
2025-08-22T08:24:00Z;-1820;;1525
2025-08-22T08:24:09Z;-1754;;1591
2025-08-22T08:24:11Z;-1827;;1518
2025-08-22T08:24:13Z;-1791;;1554
2025-08-22T08:24:16Z;-1821;;1524
2025-08-22T08:24:24Z;-1686;;1659
2025-08-22T08:24:26Z;-1829;;1516
2025-08-22T08:24:29Z;-1799;;1546
2025-08-22T08:24:31Z;-1818;;1527
2025-08-22T08:24:39Z;-1709;;1636
2025-08-22T08:24:42Z;-1818;;1527
2025-08-22T08:24:56Z;-1756;;1589
2025-08-22T08:25:00Z;-1814;;1531
2025-08-22T08:25:13Z;-1633;;1712
2025-08-22T08:25:16Z;-1827;;1518
2025-08-22T08:25:21Z;-1539;;1806
2025-08-22T08:25:29Z;-1413;;1932
2025-08-22T08:25:32Z;-1516;;1829
2025-08-22T08:25:35Z;-1496;;1849
2025-08-22T08:25:37Z;-1508;;1837
2025-08-22T08:25:39Z;-1499;;1846
2025-08-22T08:25:42Z;-1549;;1796
2025-08-22T08:25:47Z;-1462;;1883
2025-08-22T08:25:48Z;-1516;;1829
2025-08-22T08:26:00Z;-1356;;1989
2025-08-22T08:26:03Z;-1532;;1813
2025-08-22T08:26:05Z;-1492;;1853
2025-08-22T08:26:07Z;-1528;;1817
2025-08-22T08:26:17Z;-1498;;1847
2025-08-22T08:26:20Z;-1577;;1768
2025-08-22T08:26:44Z;-1382;;1963
2025-08-22T08:26:48Z;-1696;;1649
2025-08-22T08:27:02Z;-1093;;2252
2025-08-22T08:27:05Z;-1404;;1941
2025-08-22T08:27:08Z;-1699;;1646
2025-08-22T08:27:25Z;-1401;;1944
2025-08-22T08:27:31Z;-1706;;1639
2025-08-22T08:27:41Z;-1478;3221;1515
2025-08-22T08:27:42Z;;3433;1955
2025-08-22T08:27:44Z;-1616;;1817
2025-08-22T08:30:02Z;-1446;;1987
2025-08-22T08:30:04Z;-1648;;1785
2025-08-22T08:30:07Z;;3458;1810
2025-08-22T08:30:17Z;-1738;;1720
2025-08-22T08:30:23Z;-1477;;1981
2025-08-22T08:30:26Z;-1715;;1743
2025-08-22T08:30:30Z;-1333;;2125
2025-08-22T08:30:33Z;-1642;;1816
2025-08-22T08:30:52Z;-1436;;2022
2025-08-22T08:30:56Z;-1704;;1754
2025-08-22T08:31:02Z;-1406;;2052
2025-08-22T08:31:05Z;-1565;;1893
2025-08-22T08:31:34Z;-1439;;2019
2025-08-22T08:31:38Z;-1577;;1881
2025-08-22T08:31:40Z;-1242;;2216
2025-08-22T08:31:42Z;-898;;2560
2025-08-22T08:31:45Z;-953;;2505
2025-08-22T08:31:50Z;-1383;;2075
2025-08-22T08:31:53Z;-1727;;1731
2025-08-22T08:31:54Z;-1356;;2102
2025-08-22T08:31:57Z;-1559;;1899
2025-08-22T08:32:06Z;-1485;;1973
2025-08-22T08:32:09Z;-1572;;1886
2025-08-22T08:32:25Z;-1446;;2012
2025-08-22T08:32:27Z;-1570;;1888
2025-08-22T08:32:38Z;-1415;;2043
2025-08-22T08:32:41Z;-1522;;1936
2025-08-22T08:32:55Z;-1498;;1960
2025-08-22T08:32:58Z;-1574;;1884
2025-08-22T08:33:11Z;-1388;;2070
2025-08-22T08:33:15Z;-1583;;1875
2025-08-22T08:33:44Z;-1431;;2027
2025-08-22T08:33:46Z;-1606;;1852
2025-08-22T08:33:59Z;-1392;;2066
2025-08-22T08:34:03Z;-1583;;1875
2025-08-22T08:34:33Z;-1377;;2081
2025-08-22T08:34:36Z;-1638;;1820
2025-08-22T08:34:58Z;-1806;;1652
2025-08-22T08:35:02Z;-1784;;1674
2025-08-22T08:35:04Z;-1800;;1658
2025-08-22T08:35:07Z;-1744;;1714
2025-08-22T08:35:10Z;-1455;;2003
2025-08-22T08:35:12Z;-1649;;1809
2025-08-22T08:35:20Z;-1442;;2016
2025-08-22T08:35:23Z;-1640;;1818
2025-08-22T08:35:25Z;-1331;;2127
2025-08-22T08:35:54Z;-1123;;2335
2025-08-22T08:35:55Z;-1333;;2125
2025-08-22T08:36:02Z;-1515;;1943
2025-08-22T08:36:07Z;-1456;;2002
2025-08-22T08:36:19Z;-1802;;1656
2025-08-22T08:36:23Z;-1760;;1698
2025-08-22T08:36:26Z;-1453;;2005
2025-08-22T08:36:29Z;-1637;;1821
2025-08-22T08:36:35Z;-1840;;1618
2025-08-22T08:36:40Z;-1793;;1665
2025-08-22T08:36:51Z;-1840;;1618
2025-08-22T08:36:55Z;-1776;;1682
2025-08-22T08:37:06Z;-1825;;1633
2025-08-22T08:37:11Z;-2103;;1355
2025-08-22T08:37:14Z;-2083;;1375
2025-08-22T08:37:17Z;-1771;;1687
2025-08-22T08:37:19Z;-1995;;1463
2025-08-22T08:37:23Z;-2133;;1325
2025-08-22T08:37:28Z;-1696;;1762
2025-08-22T08:37:31Z;-1999;;1459
2025-08-22T08:37:39Z;-2159;;1299
2025-08-22T08:37:43Z;-2067;;1391
2025-08-22T08:37:54Z;-2112;;1346
2025-08-22T08:38:02Z;-2097;;1361
2025-08-22T08:38:04Z;-999;;2459
2025-08-22T08:38:07Z;-1824;;1634
2025-08-22T08:38:09Z;-1505;;1953
2025-08-22T08:38:12Z;-1802;;1656
2025-08-22T08:38:15Z;-1780;;1678
2025-08-22T08:38:17Z;-1808;;1650
2025-08-22T08:38:20Z;-2104;;1354
2025-08-22T08:38:23Z;-1813;;1645
2025-08-22T08:38:26Z;-1510;;1948
2025-08-22T08:38:29Z;-1820;;1638
2025-08-22T08:38:43Z;-1538;;1920
2025-08-22T08:38:50Z;-1833;;1625
2025-08-22T08:38:57Z;-1790;;1668
2025-08-22T08:39:04Z;-1840;;1618
2025-08-22T08:39:17Z;-1672;;1786
2025-08-22T08:39:22Z;-1860;;1598
2025-08-22T08:39:35Z;-1693;;1765
2025-08-22T08:39:39Z;-1820;;1638
2025-08-22T08:39:41Z;-1785;;1673
2025-08-22T08:39:43Z;-1881;;1577
2025-08-22T08:39:58Z;;3600;1719
2025-08-22T08:39:59Z;-1698;;1902
2025-08-22T08:40:00Z;;3596;1898
2025-08-22T08:40:01Z;-1811;;1785
2025-08-22T08:40:02Z;;3600;1789
2025-08-22T08:40:03Z;-1780;;1820
2025-08-22T08:40:06Z;-1762;;1838
2025-08-22T08:40:08Z;-1777;;1823
2025-08-22T08:40:09Z;;3595;1818
2025-08-22T08:40:10Z;;3604;1827
2025-08-22T08:40:11Z;-1865;;1739
2025-08-22T08:40:13Z;;3598;1733
2025-08-22T08:40:14Z;;3602;1737
2025-08-22T08:40:19Z;;3597;1732
2025-08-22T08:40:20Z;;3601;1736
2025-08-22T08:45:07Z;;3668;1803
2025-08-22T08:45:15Z;-1850;;1818
2025-08-22T08:45:17Z;-1532;;2136
2025-08-22T08:45:20Z;-2036;;1632
2025-08-22T08:45:21Z;-1876;;1792
2025-08-22T08:45:24Z;-1992;;1676
2025-08-22T08:45:26Z;-2167;;1501
2025-08-22T08:45:28Z;-2199;;1469
2025-08-22T08:45:30Z;-1948;;1720
2025-08-22T08:45:33Z;-2216;;1452
2025-08-22T08:45:35Z;-1884;;1784
2025-08-22T08:45:38Z;-2160;;1508
2025-08-22T08:45:44Z;-1809;;1859
2025-08-22T08:45:53Z;-1746;;1922
2025-08-22T08:45:55Z;-1903;;1765
2025-08-22T08:45:59Z;-1644;;2024
2025-08-22T08:46:03Z;-2009;;1659
2025-08-22T08:46:10Z;-2176;;1492
2025-08-22T08:46:15Z;-2074;;1594
2025-08-22T08:46:22Z;393;;4061
2025-08-22T08:46:24Z;-1741;;1927
2025-08-22T08:46:28Z;-1903;;1765
2025-08-22T08:46:33Z;-1520;;2148
2025-08-22T08:46:42Z;-1834;;1834
2025-08-22T08:46:48Z;-1486;;2182
2025-08-22T08:46:50Z;-1739;;1929
2025-08-22T08:46:58Z;-2213;;1455
2025-08-22T08:47:03Z;-1989;;1679
2025-08-22T08:47:14Z;-2220;;1448
2025-08-22T08:47:20Z;-1880;;1788
2025-08-22T08:47:31Z;-2184;;1484
2025-08-22T08:47:37Z;-1884;;1784
2025-08-22T08:47:40Z;-2111;;1557
2025-08-22T08:47:42Z;-2050;;1618
2025-08-22T08:47:45Z;-2348;;1320
2025-08-22T08:47:48Z;-2532;;1136
2025-08-22T08:47:52Z;-2250;;1418
2025-08-22T08:47:55Z;;3468;1218
2025-08-22T08:47:56Z;;3697;1447
2025-08-22T08:48:03Z;-2402;;1295
2025-08-22T08:48:08Z;-2140;;1557
2025-08-22T08:48:18Z;-2450;;1247
2025-08-22T08:48:24Z;-2372;;1325
2025-08-22T08:48:27Z;-2067;;1630
2025-08-22T08:48:31Z;-2103;;1594
2025-08-22T08:48:33Z;-2087;;1610
2025-08-22T08:48:36Z;-2105;;1592
2025-08-22T08:48:51Z;-1908;;1789
2025-08-22T08:48:55Z;-1580;;2117
2025-08-22T08:48:59Z;-1875;;1822
2025-08-22T08:49:01Z;;3507;1632
2025-08-22T08:49:02Z;-1683;3705;1824
2025-08-22T08:49:05Z;-1873;;1832
2025-08-22T08:49:09Z;-1561;;2144
2025-08-22T08:49:14Z;-1301;;2404
2025-08-22T08:49:19Z;-1580;;2125
2025-08-22T08:49:34Z;-1091;;2614
2025-08-22T08:49:37Z;-1327;;2378
2025-08-22T08:49:41Z;-1606;;2099
2025-08-22T08:50:03Z;-1453;;2252
2025-08-22T08:50:06Z;-1574;;2131
2025-08-22T08:50:15Z;-1356;;2349
2025-08-22T08:50:19Z;-1556;;2149
2025-08-22T08:51:05Z;-1491;;2214
2025-08-22T08:51:07Z;-1594;;2111
2025-08-22T08:51:19Z;-1467;;2238
2025-08-22T08:51:22Z;-1594;;2111
2025-08-22T08:51:31Z;-1846;;1859
2025-08-22T08:51:40Z;-1793;;1912
2025-08-22T08:51:41Z;;3546;1753
2025-08-22T08:51:42Z;;3714;1921
2025-08-22T08:51:44Z;-1866;;1848
2025-08-22T08:52:06Z;-1797;;1917
2025-08-22T08:52:12Z;-1846;;1868
2025-08-22T08:52:16Z;-1543;;2171
2025-08-22T08:52:20Z;-1318;;2396
2025-08-22T08:52:23Z;-1546;;2168
2025-08-22T08:56:17Z;-2395;;1319
2025-08-22T08:56:19Z;-2407;;1307
2025-08-22T08:56:21Z;-2393;;1321
2025-08-22T08:56:23Z;-2402;;1312
2025-08-22T08:56:25Z;-2387;;1327
2025-08-22T08:56:27Z;-2428;;1286
2025-08-22T08:56:28Z;-2285;;1429
2025-08-22T08:56:37Z;-2073;;1641
2025-08-22T08:56:40Z;-2287;;1427
2025-08-22T08:56:50Z;-2538;;1176
2025-08-22T08:58:42Z;-2211;;1503
2025-08-22T08:59:16Z;-1591;;2123
2025-08-22T08:59:18Z;-1957;;1757
2025-08-22T09:00:07Z;;3817;1860
2025-08-22T09:00:17Z;-1965;;1852
2025-08-22T09:01:09Z;1078;;4895
2025-08-22T09:01:10Z;-1740;;2077
2025-08-22T09:02:00Z;-1800;;2017
2025-08-22T09:02:02Z;-1790;;2027
2025-08-22T09:02:04Z;-1800;;2017
2025-08-22T09:02:06Z;-1795;;2022
2025-08-22T09:02:15Z;-1841;;1976
2025-08-22T09:02:17Z;-1793;;2024
2025-08-22T09:02:19Z;-1832;;1985
2025-08-22T09:02:21Z;;3904;2072
2025-08-22T09:02:23Z;;3881;2049
2025-08-22T09:02:24Z;-1796;;2085
2025-08-22T09:02:25Z;;3907;2111
2025-08-22T09:02:26Z;-1819;;2088
2025-08-22T09:02:31Z;;3884;2065
2025-08-22T09:02:33Z;;3907;2088
2025-08-22T09:02:34Z;-1696;;2211
2025-08-22T09:02:35Z;;3831;2135
2025-08-22T09:02:36Z;-1862;3910;2214
2025-08-22T09:02:44Z;-1798;;2112
2025-08-22T09:02:46Z;-1807;;2103
2025-08-22T09:02:47Z;;3905;2098
2025-08-22T09:02:54Z;;3823;2016
2025-08-22T09:02:55Z;;3911;2104
2025-08-22T09:02:57Z;;3891;2084
2025-08-22T09:03:00Z;;3908;2101
2025-08-22T09:03:09Z;;3894;2087
2025-08-22T09:03:10Z;;3900;2093
2025-08-22T09:03:46Z;-2150;;1750
2025-08-22T09:04:19Z;-2485;;1415
2025-08-22T09:05:23Z;-2809;;1091
2025-08-22T09:10:36Z;-2659;;1241
2025-08-22T09:10:56Z;-2893;;1007
2025-08-22T09:12:58Z;-172;;3728
2025-08-22T09:13:00Z;-2627;;1273
2025-08-22T09:15:03Z;-2885;;1015
2025-08-22T09:15:07Z;;4051;1166
2025-08-22T09:15:16Z;-2892;;1159
2025-08-22T09:24:17Z;-2460;;1591
2025-08-22T09:25:53Z;-2720;;1331
2025-08-22T09:27:04Z;-2457;;1594
2025-08-22T09:27:55Z;-2743;;1308
2025-08-22T09:30:07Z;;4196;1453
2025-08-22T09:30:09Z;;4200;1457
2025-08-22T09:30:10Z;;4194;1451
2025-08-22T09:30:12Z;;4200;1457
2025-08-22T09:30:16Z;-2775;4196;1453
2025-08-22T09:30:18Z;;4201;1426
2025-08-22T09:30:22Z;;4198;1423
2025-08-22T09:30:24Z;;4203;1428
2025-08-22T09:30:28Z;;4194;1419
2025-08-22T09:30:29Z;-3003;;1191
2025-08-22T09:30:30Z;;4204;1201
2025-08-22T09:30:31Z;-2966;;1238
2025-08-22T09:30:34Z;;4197;1231
2025-08-22T09:30:36Z;;4202;1236
2025-08-22T09:30:40Z;;4196;1230
2025-08-22T09:30:42Z;;4202;1236
2025-08-22T09:30:43Z;-2626;;1576
2025-08-22T09:30:46Z;;4194;1568
2025-08-22T09:30:48Z;;4202;1576
2025-08-22T09:30:54Z;;4206;1580
2025-08-22T09:31:04Z;;4198;1572
2025-08-22T09:31:06Z;;4205;1579
2025-08-22T09:31:41Z;-2701;;1504
2025-08-22T09:31:51Z;-2690;;1515
2025-08-22T09:31:52Z;-2705;;1500
2025-08-22T09:32:03Z;-2696;;1509
2025-08-22T09:32:04Z;-2710;;1495
2025-08-22T09:32:06Z;-2696;;1509
2025-08-22T09:32:08Z;-2706;;1499
2025-08-22T09:32:16Z;-2699;;1506
2025-08-22T09:32:19Z;-2700;;1505
2025-08-22T09:32:20Z;-2695;;1510
2025-08-22T09:32:22Z;-2701;;1504
2025-08-22T09:32:24Z;-2698;;1507
2025-08-22T09:32:25Z;-2701;;1504
2025-08-22T09:32:26Z;-2691;;1514
2025-08-22T09:32:28Z;-2705;;1500
2025-08-22T09:32:30Z;-2697;;1508
2025-08-22T09:32:31Z;-2702;;1503
2025-08-22T09:32:33Z;-2696;;1509
2025-08-22T09:32:36Z;-2701;;1504
2025-08-22T09:32:37Z;-2697;;1508
2025-08-22T09:32:39Z;-2709;;1496
2025-08-22T09:32:59Z;-2699;;1506
2025-08-22T09:33:02Z;-2715;;1490
2025-08-22T09:33:04Z;-2695;;1510
2025-08-22T09:33:06Z;-2700;;1505
2025-08-22T09:33:10Z;-2696;;1509
2025-08-22T09:33:12Z;-2704;;1501
2025-08-22T09:35:01Z;-2698;;1507
2025-08-22T09:35:02Z;-2705;;1500
2025-08-22T09:35:36Z;-2696;;1509
2025-08-22T09:36:04Z;-2715;;1490
2025-08-22T09:36:07Z;-2684;;1521
2025-08-22T09:36:49Z;-2701;;1504
2025-08-22T09:36:52Z;-2699;;1506
2025-08-22T09:37:06Z;;4076;1377
2025-08-22T09:37:07Z;;4243;1544
2025-08-22T09:38:08Z;-2723;;1520
2025-08-22T09:40:34Z;;4008;1285
2025-08-22T09:40:35Z;-2508;;1500
2025-08-22T09:40:37Z;-2747;4179;1671
2025-08-22T09:40:38Z;;4213;1466
2025-08-22T09:40:40Z;-2679;;1534
2025-08-22T09:40:42Z;-2733;;1480
2025-08-22T09:41:27Z;-1586;;2627
2025-08-22T09:41:29Z;-1816;;2397
2025-08-22T09:41:36Z;;4100;2284
2025-08-22T09:41:37Z;-1667;;2433
2025-08-22T09:41:40Z;-1815;;2285
2025-08-22T09:41:50Z;-1687;;2413
2025-08-22T09:41:52Z;-1806;;2294
2025-08-22T09:42:07Z;-1474;3991;2626
2025-08-22T09:42:08Z;;4279;2805
2025-08-22T09:42:10Z;-1815;;2464
2025-08-22T09:42:12Z;-1796;;2483
2025-08-22T09:42:15Z;-1809;;2470
2025-08-22T09:42:17Z;-1788;;2491
2025-08-22T09:42:23Z;1164;;5443
2025-08-22T09:42:25Z;-1512;4130;2618
2025-08-22T09:42:26Z;;4280;2768
2025-08-22T09:42:28Z;-1253;;3027
2025-08-22T09:42:30Z;-1505;;2775
2025-08-22T09:42:33Z;-1485;;2795
2025-08-22T09:42:43Z;-1503;;2777
2025-08-22T09:42:45Z;-1484;;2796
2025-08-22T09:43:13Z;-1506;;2774
2025-08-22T09:43:15Z;-1498;;2782
2025-08-22T09:43:18Z;-1503;;2777
2025-08-22T09:43:22Z;-2464;;1816
2025-08-22T09:45:07Z;;4299;1835
2025-08-22T09:45:17Z;-2496;;1803
2025-08-22T09:50:16Z;-2388;4168;1780
2025-08-22T09:50:17Z;-2520;4318;1930
2025-08-22T09:56:26Z;-2625;;1693
2025-08-22T09:56:28Z;-1659;;2659
2025-08-22T09:57:21Z;-2623;;1695
2025-08-22T10:00:10Z;-1682;;2636
2025-08-22T10:00:12Z;-2062;;2256
2025-08-22T10:00:13Z;-1574;;2744
2025-08-22T10:00:15Z;-2447;;1871
2025-08-22T10:00:18Z;-1574;;2744
2025-08-22T10:03:02Z;-1483;;2835
2025-08-22T10:03:03Z;-2142;;2176
2025-08-22T10:03:05Z;-2095;;2223
2025-08-22T10:03:08Z;-2105;;2213
2025-08-22T10:03:10Z;-2085;;2233
2025-08-22T10:03:12Z;-2102;;2216
2025-08-22T10:03:15Z;-2098;;2220
2025-08-22T10:03:35Z;-2102;;2216
2025-08-22T10:03:37Z;-2092;;2226
2025-08-22T10:03:39Z;-2101;;2217
2025-08-22T10:03:41Z;-2089;;2229
2025-08-22T10:03:43Z;-2112;;2206
2025-08-22T10:03:44Z;-2097;;2221
2025-08-22T10:03:46Z;-2104;;2214
2025-08-22T10:03:47Z;-2098;;2220
2025-08-22T10:03:49Z;-2103;;2215
2025-08-22T10:04:10Z;-2644;;1674
2025-08-22T10:04:42Z;-2858;;1460
2025-08-22T10:07:13Z;;4195;1337
2025-08-22T10:07:14Z;;4398;1540
2025-08-22T10:11:27Z;511;;4909
2025-08-22T10:11:29Z;-2533;;1865
2025-08-22T10:13:41Z;-2392;;2006
2025-08-22T10:13:43Z;-2450;;1948
2025-08-22T10:13:46Z;-2375;;2023
2025-08-22T10:13:49Z;-2415;;1983
2025-08-22T10:14:02Z;-2385;;2013
2025-08-22T10:14:08Z;-2424;;1974
2025-08-22T10:14:12Z;-2362;;2036
2025-08-22T10:14:16Z;-2454;;1944
2025-08-22T10:15:07Z;;4424;1970
2025-08-22T10:15:17Z;-2506;;1918
2025-08-22T10:15:38Z;-1589;;2835
2025-08-22T10:15:39Z;-2046;;2378
2025-08-22T10:15:41Z;-1435;;2989
2025-08-22T10:15:42Z;-1569;;2855
2025-08-22T10:16:19Z;-2521;;1903
2025-08-22T10:17:16Z;-2357;;2067
2025-08-22T10:17:17Z;-2557;;1867
2025-08-22T10:19:16Z;-2849;;1575
2025-08-22T10:19:40Z;-2665;;1759
2025-08-22T10:19:43Z;-2856;;1568
2025-08-22T10:20:12Z;-2626;;1798
2025-08-22T10:20:19Z;-3003;;1421
2025-08-22T10:20:22Z;-2961;;1463
2025-08-22T10:20:30Z;-2631;;1793
2025-08-22T10:20:55Z;-2301;;2123
2025-08-22T10:20:58Z;-2640;;1784
2025-08-22T10:24:57Z;-2707;;1717
2025-08-22T10:25:00Z;-2662;;1762
2025-08-22T10:25:08Z;-2701;;1723
2025-08-22T10:25:11Z;-2692;;1732
2025-08-22T10:28:06Z;;4166;1474
2025-08-22T10:28:47Z;;4500;1808
2025-08-22T10:28:48Z;;4497;1805
2025-08-22T10:28:50Z;;4502;1810
2025-08-22T10:28:57Z;;4498;1806
2025-08-22T10:28:59Z;;4502;1810
2025-08-22T10:29:11Z;;4498;1806
2025-08-22T10:29:12Z;;4502;1810
2025-08-22T10:29:23Z;;4496;1804
2025-08-22T10:29:25Z;;4506;1814
2025-08-22T10:29:34Z;;4496;1804
2025-08-22T10:29:37Z;;4503;1811
2025-08-22T10:29:47Z;;4499;1807
2025-08-22T10:29:49Z;;4503;1811
2025-08-22T10:29:55Z;;4499;1807
2025-08-22T10:29:56Z;;4502;1810
2025-08-22T10:29:59Z;;4497;1805
2025-08-22T10:30:01Z;;4504;1812
2025-08-22T10:30:07Z;;4506;1814
2025-08-22T10:30:12Z;;4497;1805
2025-08-22T10:30:13Z;;4504;1812
2025-08-22T10:30:16Z;-2687;;1817
2025-08-22T10:30:22Z;;4276;1589
2025-08-22T10:30:25Z;;4501;1814
2025-08-22T10:30:29Z;-2354;;2147
2025-08-22T10:30:30Z;;4499;2145
2025-08-22T10:30:31Z;;4501;2147
2025-08-22T10:30:32Z;;4495;2141
2025-08-22T10:30:34Z;-2479;;2016
2025-08-22T10:30:37Z;;4501;2022
2025-08-22T10:30:43Z;-2345;;2156
2025-08-22T10:30:44Z;;4497;2152
2025-08-22T10:30:46Z;;4506;2161
2025-08-22T10:30:47Z;-2469;;2037
2025-08-22T10:30:48Z;;4496;2027
2025-08-22T10:30:49Z;;4501;2032
2025-08-22T10:30:52Z;-2706;;1795
2025-08-22T10:30:56Z;-2654;4499;1793
2025-08-22T10:30:58Z;;4504;1850
2025-08-22T10:30:59Z;;4498;1844
2025-08-22T10:31:01Z;;4504;1850
2025-08-22T10:31:07Z;-2701;;1803
2025-08-22T10:31:09Z;-2692;;1812
2025-08-22T10:31:11Z;;4499;1807
2025-08-22T10:31:12Z;;4500;1808
2025-08-22T10:31:18Z;-2706;;1794
2025-08-22T10:31:19Z;-2699;;1801
2025-08-22T10:31:21Z;-2700;;1800
2025-08-22T10:31:22Z;;4499;1799
2025-08-22T10:31:23Z;;4499;1799
2025-08-22T10:31:25Z;;4505;1805
2025-08-22T10:31:26Z;-2652;;1853
2025-08-22T10:31:36Z;-2700;;1805
2025-08-22T10:31:39Z;-2682;;1823
2025-08-22T10:31:49Z;-2708;;1797
2025-08-22T10:31:53Z;-2674;;1831
2025-08-22T10:31:57Z;;4496;1822
2025-08-22T10:31:58Z;;4501;1827
2025-08-22T10:32:05Z;;4360;1686
2025-08-22T10:32:06Z;-2707;4507;1653
2025-08-22T10:32:08Z;-2635;4494;1859
2025-08-22T10:33:57Z;-2307;4503;2196
2025-08-22T10:33:58Z;;4496;2189
2025-08-22T10:34:00Z;-2577;;1919
2025-08-22T10:34:04Z;;4505;1928
2025-08-22T10:34:13Z;-2376;;2129
2025-08-22T10:34:14Z;-2466;;2039
2025-08-22T10:34:16Z;-2397;;2108
2025-08-22T10:34:18Z;-2437;;2068
2025-08-22T10:34:28Z;-2360;;2145
2025-08-22T10:34:31Z;-2445;;2060
2025-08-22T10:34:34Z;-1962;;2543
2025-08-22T10:34:43Z;-2305;;2200
2025-08-22T10:34:51Z;-2074;;2431
2025-08-22T10:34:55Z;-2189;;2316
2025-08-22T10:35:03Z;;4412;2223
2025-08-22T10:35:04Z;;4510;2321
2025-08-22T10:35:09Z;-2482;;2028
2025-08-22T10:35:21Z;-2739;;1771
2025-08-22T10:35:32Z;-2679;;1831
2025-08-22T10:35:34Z;-2792;;1718
2025-08-22T10:35:46Z;;4499;1707
2025-08-22T10:35:47Z;;4504;1712
2025-08-22T10:35:48Z;-2658;;1846
2025-08-22T10:35:50Z;-2760;;1744
2025-08-22T10:36:04Z;-2632;;1872
2025-08-22T10:36:06Z;-2837;;1667
2025-08-22T10:36:16Z;-3029;;1475
2025-08-22T10:36:20Z;-2982;;1522
2025-08-22T10:36:32Z;-3038;;1466
2025-08-22T10:36:36Z;-2984;;1520
2025-08-22T10:36:48Z;-3033;;1471
2025-08-22T10:36:52Z;-2984;;1520
2025-08-22T10:37:04Z;-3003;;1501
2025-08-22T10:37:08Z;-2988;;1516
2025-08-22T10:37:23Z;-3003;;1501
2025-08-22T10:37:24Z;-2950;;1554
2025-08-22T10:37:36Z;-3008;;1496
2025-08-22T10:37:40Z;-2999;;1505
2025-08-22T10:37:53Z;-3032;;1472
2025-08-22T10:37:55Z;-2972;;1532
2025-08-22T10:38:09Z;-3031;;1473
2025-08-22T10:38:12Z;-2985;;1519
2025-08-22T10:38:25Z;-3032;;1472
2025-08-22T10:38:28Z;-2995;;1509
2025-08-22T10:38:41Z;-3034;;1470
2025-08-22T10:38:45Z;-2976;;1528
2025-08-22T10:38:57Z;-3028;;1476
2025-08-22T10:39:00Z;-2985;;1519
2025-08-22T10:39:14Z;-3034;;1470
2025-08-22T10:39:17Z;-2998;;1506
2025-08-22T10:39:20Z;;4406;1408
2025-08-22T10:39:21Z;;4528;1530
2025-08-22T10:39:30Z;-3045;;1483
2025-08-22T10:39:33Z;-2990;;1538
2025-08-22T10:39:44Z;-3039;;1489
2025-08-22T10:39:49Z;-2992;;1536
2025-08-22T10:39:55Z;;4296;1304
2025-08-22T10:39:56Z;;4526;1534
2025-08-22T10:40:02Z;-3004;;1522
2025-08-22T10:40:05Z;-2962;;1564
2025-08-22T10:40:08Z;;4495;1533
2025-08-22T10:40:09Z;;4524;1562
2025-08-22T10:40:17Z;-3016;;1508
2025-08-22T10:40:20Z;-262;;4262
2025-08-22T10:40:22Z;-2658;;1866
2025-08-22T10:41:05Z;-2704;;1820
2025-08-22T10:41:07Z;-2697;;1827
2025-08-22T10:41:20Z;-2715;;1809
2025-08-22T10:41:24Z;-2670;;1854
2025-08-22T10:41:43Z;-2367;;2157
2025-08-22T10:41:44Z;-2518;;2006
2025-08-22T10:41:58Z;-2357;;2167
2025-08-22T10:42:00Z;-2540;;1984
2025-08-22T10:42:30Z;-2337;;2187
2025-08-22T10:42:33Z;-2529;;1995
2025-08-22T10:42:36Z;-2703;;1821
2025-08-22T10:42:47Z;-2699;;1825
2025-08-22T10:42:51Z;-2877;;1647
2025-08-22T10:43:44Z;-2686;;1838
2025-08-22T10:43:46Z;-2787;;1737
2025-08-22T10:43:50Z;-2664;;1860
2025-08-22T10:43:52Z;-2717;;1807
2025-08-22T10:43:54Z;-2680;;1844
2025-08-22T10:43:57Z;-2703;;1821
2025-08-22T10:43:59Z;-2693;;1831
2025-08-22T10:44:02Z;-2703;;1821
2025-08-22T10:45:07Z;;4536;1833
2025-08-22T10:45:17Z;-2891;;1645
2025-08-22T10:46:32Z;-2690;;1846
2025-08-22T10:46:34Z;-2851;;1685
2025-08-22T10:47:04Z;-2672;;1864
2025-08-22T10:47:06Z;-2849;;1687
2025-08-22T10:47:19Z;-2678;;1858
2025-08-22T10:47:20Z;-2742;;1794
2025-08-22T10:47:23Z;-2697;;1839
2025-08-22T10:47:26Z;-2708;;1828
2025-08-22T10:47:28Z;-2692;;1844
2025-08-22T10:47:31Z;-2714;;1822
2025-08-22T10:49:13Z;;4459;1745
2025-08-22T10:49:14Z;;4560;1846
2025-08-22T10:49:22Z;-2692;;1868
2025-08-22T10:49:28Z;-2383;;2177
2025-08-22T10:49:31Z;-2495;;2065
2025-08-22T10:49:39Z;-2704;;1856
2025-08-22T10:49:42Z;-2532;;2028
2025-08-22T10:49:44Z;-2311;;2249
2025-08-22T10:49:47Z;-2505;;2055
2025-08-22T10:50:32Z;-2335;;2225
2025-08-22T10:50:35Z;-2509;;2051
2025-08-22T10:50:44Z;-2702;;1858
2025-08-22T10:50:47Z;-2699;;1861
2025-08-22T10:51:30Z;-2701;;1859
2025-08-22T10:51:32Z;-2699;;1861
2025-08-22T10:51:47Z;-2700;;1860
2025-08-22T10:51:50Z;-2690;;1870
2025-08-22T10:52:18Z;-2708;;1852
2025-08-22T10:52:22Z;-2680;;1880
2025-08-22T10:52:34Z;-2712;;1848
2025-08-22T10:52:37Z;-2688;;1872
2025-08-22T10:52:52Z;-2713;;1847
2025-08-22T10:52:55Z;-2660;;1900
2025-08-22T10:52:58Z;-2312;;2248
2025-08-22T10:53:00Z;-2624;4338;2026
2025-08-22T10:53:03Z;;4569;1945
2025-08-22T10:53:07Z;-2721;;1848
2025-08-22T10:53:10Z;-2679;;1890
2025-08-22T10:53:11Z;;4347;1668
2025-08-22T10:53:12Z;-2243;4566;1887
2025-08-22T10:53:15Z;-2655;;1911
2025-08-22T10:53:23Z;-2718;;1848
2025-08-22T10:53:27Z;-2654;;1912
2025-08-22T10:53:38Z;-2727;;1839
2025-08-22T10:53:42Z;-2687;;1879
2025-08-22T10:53:54Z;-2728;;1838
2025-08-22T10:53:58Z;-2635;;1931
2025-08-22T10:54:11Z;-2712;;1854
2025-08-22T10:54:15Z;-2657;;1909
2025-08-22T10:54:28Z;-2704;;1862
2025-08-22T10:54:30Z;-2698;;1868
2025-08-22T10:54:42Z;-2719;;1847
2025-08-22T10:54:46Z;-2659;;1907
2025-08-22T10:54:58Z;-2708;;1858
2025-08-22T10:55:00Z;-2603;;1963
2025-08-22T10:55:14Z;-2718;;1848
2025-08-22T10:55:17Z;-2673;;1893
2025-08-22T10:55:30Z;-2717;;1849
2025-08-22T10:55:38Z;-2663;;1903
2025-08-22T10:55:48Z;;4197;1534
2025-08-22T10:55:49Z;;4564;1901
2025-08-22T10:55:50Z;-2711;;1853
2025-08-22T10:55:55Z;-2657;;1907
2025-08-22T10:56:07Z;-2714;;1850
2025-08-22T10:56:11Z;-2699;;1865
2025-08-22T10:56:23Z;-2718;;1846
2025-08-22T10:56:28Z;-2622;;1942
2025-08-22T10:57:14Z;-2707;;1857
2025-08-22T10:57:16Z;-2645;;1919
2025-08-22T10:57:43Z;-2749;;1815
2025-08-22T10:57:47Z;-2697;;1867
2025-08-22T10:57:58Z;-2743;;1821
2025-08-22T10:58:04Z;-2697;;1867
2025-08-22T10:58:14Z;-2713;;1851
2025-08-22T10:58:18Z;-2678;;1886
2025-08-22T10:58:30Z;-2735;;1829
2025-08-22T10:58:34Z;-2697;;1867
2025-08-22T10:58:46Z;-2712;;1852
2025-08-22T10:58:51Z;-2567;;1997
2025-08-22T10:59:02Z;-2746;;1818
2025-08-22T10:59:05Z;-2695;;1869
2025-08-22T10:59:17Z;-2734;;1830
2025-08-22T10:59:23Z;-2527;;2037
2025-08-22T10:59:25Z;-2729;;1835
2025-08-22T10:59:28Z;-2650;;1914
2025-08-22T10:59:34Z;-2725;;1839
2025-08-22T10:59:40Z;-2666;;1898
2025-08-22T10:59:50Z;-2762;;1802
2025-08-22T10:59:54Z;-2696;;1868
2025-08-22T10:59:56Z;-2709;;1855
2025-08-22T10:59:59Z;-2530;;2034
2025-08-22T11:00:06Z;-2716;;1848
2025-08-22T11:00:07Z;;4598;1882
2025-08-22T11:00:11Z;-2688;;1910
2025-08-22T11:00:17Z;-2657;;1941
2025-08-22T11:00:23Z;-2767;;1831
2025-08-22T11:00:27Z;-2694;;1904
2025-08-22T11:00:39Z;-2766;;1832
2025-08-22T11:00:44Z;-2527;;2071
2025-08-22T11:00:55Z;-2746;;1852
2025-08-22T11:00:59Z;-2668;;1930
2025-08-22T11:01:10Z;-2742;;1856
2025-08-22T11:01:15Z;-2695;;1903
2025-08-22T11:01:26Z;-2719;;1879
2025-08-22T11:01:30Z;-2697;;1901
2025-08-22T11:01:42Z;-2746;;1852
2025-08-22T11:01:47Z;-2538;;2060
2025-08-22T11:01:48Z;-2714;;1884
2025-08-22T11:01:50Z;-2648;;1950
2025-08-22T11:01:58Z;-2760;;1838
2025-08-22T11:02:03Z;-2597;;2001
2025-08-22T11:02:14Z;-2756;;1842
2025-08-22T11:02:19Z;-2578;;2020
2025-08-22T11:02:20Z;-2703;;1895
2025-08-22T11:02:22Z;-2652;;1946
2025-08-22T11:02:29Z;-2721;;1877
2025-08-22T11:02:35Z;-2536;;2062
2025-08-22T11:02:36Z;-2701;;1897
2025-08-22T11:02:38Z;-2630;;1968
2025-08-22T11:02:46Z;-2741;;1857
2025-08-22T11:02:50Z;-2680;;1918
2025-08-22T11:03:02Z;-2731;;1867
2025-08-22T11:03:06Z;-2695;;1903
2025-08-22T11:03:18Z;-2730;;1868
2025-08-22T11:03:22Z;-2688;;1910
2025-08-22T11:03:34Z;-2737;;1861
2025-08-22T11:03:38Z;-2672;;1926
2025-08-22T11:03:49Z;-2708;;1890
2025-08-22T11:03:54Z;-2679;;1919
2025-08-22T11:04:06Z;-2729;;1869
2025-08-22T11:04:09Z;-2680;;1918
2025-08-22T11:04:21Z;-2729;;1869
2025-08-22T11:04:26Z;-2678;;1920
2025-08-22T11:04:38Z;-2738;;1860
2025-08-22T11:04:41Z;-2681;;1917
2025-08-22T11:04:53Z;-2739;;1859
2025-08-22T11:04:58Z;-2689;;1909
2025-08-22T11:05:09Z;-2705;;1893
2025-08-22T11:05:15Z;-2560;;2038
2025-08-22T11:05:26Z;-2744;;1854
2025-08-22T11:05:30Z;-2690;;1908
2025-08-22T11:05:42Z;-2743;;1855
2025-08-22T11:05:46Z;-2697;;1901
2025-08-22T11:05:47Z;;4440;1743
2025-08-22T11:05:48Z;;4570;1873
2025-08-22T11:05:49Z;-2333;;2237
2025-08-22T11:05:51Z;-2685;;1885
2025-08-22T11:05:58Z;-2730;;1840
2025-08-22T11:06:02Z;-2675;;1895
2025-08-22T11:06:14Z;-2732;;1838
2025-08-22T11:06:18Z;-2671;;1899
2025-08-22T11:06:30Z;-2736;;1834
2025-08-22T11:06:35Z;-2694;;1876
2025-08-22T11:06:46Z;-2722;;1848
2025-08-22T11:06:50Z;-2691;;1879
2025-08-22T11:07:02Z;-2746;;1824
2025-08-22T11:07:06Z;-2688;;1882
2025-08-22T11:07:18Z;-2746;;1824
2025-08-22T11:07:24Z;-2507;;2063
2025-08-22T11:07:25Z;-2707;;1863
2025-08-22T11:07:27Z;-2653;;1917
2025-08-22T11:07:34Z;-2706;;1864
2025-08-22T11:07:39Z;-2699;;1871
2025-08-22T11:07:41Z;-2703;;1867
2025-08-22T11:07:43Z;-2637;;1933
2025-08-22T11:07:51Z;-2756;;1814
2025-08-22T11:07:56Z;-2674;;1896
2025-08-22T11:08:07Z;-2752;;1818
2025-08-22T11:08:12Z;-2546;;2024
2025-08-22T11:08:13Z;-2702;;1868
2025-08-22T11:08:15Z;-2643;;1927
2025-08-22T11:08:23Z;-2752;;1818
2025-08-22T11:08:28Z;-2665;;1905
2025-08-22T11:08:39Z;-2756;;1814
2025-08-22T11:08:44Z;-2537;;2033
2025-08-22T11:08:55Z;-2751;;1819
2025-08-22T11:08:59Z;-2685;;1885
2025-08-22T11:09:01Z;-2701;;1869
2025-08-22T11:09:02Z;-2632;;1938
2025-08-22T11:09:11Z;-2742;;1828
2025-08-22T11:09:15Z;-2693;;1877
2025-08-22T11:09:31Z;-2720;;1850
2025-08-22T11:09:33Z;-2519;;2051
2025-08-22T11:09:44Z;-2746;;1824
2025-08-22T11:09:48Z;-2689;;1881
2025-08-22T11:10:01Z;-2740;;1830
2025-08-22T11:10:05Z;-2691;;1879
2025-08-22T11:10:16Z;-2736;;1834
2025-08-22T11:10:21Z;-2692;;1878
2025-08-22T11:10:34Z;-2737;;1833
2025-08-22T11:10:38Z;-2697;;1873
2025-08-22T11:10:50Z;-2741;;1829
2025-08-22T11:10:53Z;-2679;;1891
2025-08-22T11:11:05Z;-2731;;1839
2025-08-22T11:11:10Z;-2690;;1880
2025-08-22T11:11:21Z;-2725;;1845
2025-08-22T11:11:25Z;-2682;;1888
2025-08-22T11:11:37Z;-2739;;1831
2025-08-22T11:11:41Z;-2685;;1885
2025-08-22T11:11:53Z;-2741;;1829
2025-08-22T11:11:58Z;-2567;;2003
2025-08-22T11:12:09Z;-2755;;1815
2025-08-22T11:12:13Z;-2699;;1871
2025-08-22T11:12:25Z;-2760;;1810
2025-08-22T11:12:29Z;-2523;;2047
2025-08-22T11:12:32Z;-2707;;1863
2025-08-22T11:12:35Z;-2619;;1951
2025-08-22T11:12:41Z;-2758;;1812
2025-08-22T11:12:45Z;-2677;;1893
2025-08-22T11:12:56Z;-2755;;1815
2025-08-22T11:13:03Z;-2520;;2050
2025-08-22T11:13:13Z;-2756;;1814
2025-08-22T11:13:18Z;-2606;;1964
2025-08-22T11:13:20Z;-2704;;1866
2025-08-22T11:13:23Z;-2667;;1903
2025-08-22T11:13:28Z;-2767;;1803
2025-08-22T11:13:34Z;-2693;;1877
2025-08-22T11:13:45Z;-2764;;1806
2025-08-22T11:13:49Z;-2696;;1874
2025-08-22T11:14:02Z;-2725;;1845
2025-08-22T11:14:04Z;;4462;1737
2025-08-22T11:14:05Z;-2699;4592;1763
2025-08-22T11:14:18Z;-2762;;1830
2025-08-22T11:14:24Z;-2649;;1943
2025-08-22T11:14:33Z;-2736;;1856
2025-08-22T11:14:39Z;-2692;;1900
2025-08-22T11:14:50Z;-2324;;2268
2025-08-22T11:14:52Z;-2419;;2173
2025-08-22T11:14:55Z;-2361;;2231
2025-08-22T11:15:06Z;-2428;;2164
2025-08-22T11:15:10Z;-2374;;2218
2025-08-22T11:15:17Z;-2248;;2344
2025-08-22T11:15:21Z;-2446;;2146
2025-08-22T11:15:27Z;-2223;;2369
2025-08-22T11:15:30Z;-2443;;2149
2025-08-22T11:15:37Z;-2131;;2461
2025-08-22T11:15:40Z;-2438;;2154
2025-08-22T11:16:01Z;-2136;;2456
2025-08-22T11:16:07Z;-2451;;2141
2025-08-22T11:16:14Z;;4439;1988
2025-08-22T11:16:15Z;;4595;2144
2025-08-22T11:16:52Z;-2329;;2266
2025-08-22T11:16:54Z;-2410;;2185
2025-08-22T11:16:57Z;-2378;;2217
2025-08-22T11:17:01Z;-2457;;2138
2025-08-22T11:17:07Z;-2341;;2254
2025-08-22T11:17:18Z;-2422;;2173
2025-08-22T11:17:22Z;-2285;;2310
2025-08-22T11:17:25Z;-2420;;2175
2025-08-22T11:17:28Z;-2374;;2221
2025-08-22T11:17:35Z;-2452;;2143
2025-08-22T11:17:36Z;;4391;1939
2025-08-22T11:17:37Z;;4617;2165
2025-08-22T11:17:40Z;-2361;;2256
2025-08-22T11:17:49Z;-2470;;2147
2025-08-22T11:17:56Z;-2296;;2321
2025-08-22T11:18:06Z;-2439;;2178
2025-08-22T11:18:12Z;-2165;;2452
2025-08-22T11:18:15Z;-2421;;2196
2025-08-22T11:18:17Z;-2331;;2286
2025-08-22T11:18:22Z;-2461;;2156
2025-08-22T11:18:27Z;-2363;;2254
2025-08-22T11:18:37Z;-2455;;2162
2025-08-22T11:18:43Z;-2104;;2513
2025-08-22T11:18:55Z;-2449;;2168
2025-08-22T11:18:57Z;-2398;;2219
2025-08-22T11:19:09Z;-2450;;2167
2025-08-22T11:19:15Z;-2398;;2219
2025-08-22T11:19:27Z;-2421;;2196
2025-08-22T11:19:30Z;-2188;;2429
2025-08-22T11:19:43Z;-2457;;2160
2025-08-22T11:19:47Z;-2395;;2222
2025-08-22T11:19:57Z;-2454;;2163
2025-08-22T11:20:02Z;-2394;;2223
2025-08-22T11:20:13Z;-2415;;2202
2025-08-22T11:20:17Z;-2396;;2221
2025-08-22T11:20:29Z;-2552;;2065
2025-08-22T11:20:35Z;-2263;;2354
2025-08-22T11:20:38Z;-2441;;2176
2025-08-22T11:20:41Z;-2393;;2224
2025-08-22T11:20:44Z;-2404;;2213
2025-08-22T11:20:46Z;-2395;;2222
2025-08-22T11:20:49Z;-2413;;2204
2025-08-22T11:20:52Z;-2356;;2261
2025-08-22T11:20:55Z;-2575;;2042
2025-08-22T11:20:57Z;-2391;;2226
2025-08-22T11:21:03Z;-2431;;2186
2025-08-22T11:21:23Z;-2344;;2273
2025-08-22T11:21:26Z;-2604;;2013
2025-08-22T11:21:34Z;-2704;;1913
2025-08-22T11:21:37Z;-2674;;1943
2025-08-22T11:22:10Z;-2338;;2279
2025-08-22T11:22:13Z;-2561;;2056
2025-08-22T11:22:30Z;-2389;;2228
2025-08-22T11:22:33Z;-2524;;2093
2025-08-22T11:22:44Z;-2388;;2229
2025-08-22T11:22:47Z;-2580;;2037
2025-08-22T11:22:49Z;-2335;;2282
2025-08-22T11:22:52Z;-2408;;2209
2025-08-22T11:22:55Z;-2380;;2237
2025-08-22T11:22:57Z;-2411;;2206
2025-08-22T11:23:00Z;-2351;;2266
2025-08-22T11:23:01Z;-2547;;2070
2025-08-22T11:23:32Z;-2356;;2261
2025-08-22T11:23:35Z;-2546;;2071
2025-08-22T11:23:48Z;-2275;;2342
2025-08-22T11:23:51Z;-2564;;2053
2025-08-22T11:24:03Z;-2326;;2291
2025-08-22T11:24:07Z;-2633;;1984
2025-08-22T11:24:20Z;-2251;;2366
2025-08-22T11:24:26Z;-2658;;1959
2025-08-22T11:24:44Z;-2282;;2335
2025-08-22T11:24:48Z;-2579;;2038
2025-08-22T11:25:11Z;;4361;1782
2025-08-22T11:25:12Z;;4582;2003
2025-08-22T11:25:25Z;-2380;;2202
2025-08-22T11:25:28Z;-2485;;2097
2025-08-22T11:26:30Z;-2343;;2239
2025-08-22T11:26:34Z;-2676;;1906
2025-08-22T11:26:37Z;-2707;;1875
2025-08-22T11:26:39Z;-2642;;1940
2025-08-22T11:26:50Z;-2707;;1875
2025-08-22T11:26:53Z;-2645;;1937
2025-08-22T11:27:16Z;630;;5212
2025-08-22T11:27:18Z;-2349;;2233
2025-08-22T11:27:29Z;-2099;;2483
2025-08-22T11:27:32Z;-2236;;2346
2025-08-22T11:27:36Z;-1971;;2611
2025-08-22T11:27:39Z;-1794;;2788
2025-08-22T11:27:41Z;-2042;;2540
2025-08-22T11:27:44Z;-2319;;2263
2025-08-22T11:27:46Z;-1946;;2636
2025-08-22T11:27:53Z;-1749;;2833
2025-08-22T11:27:56Z;-1947;;2635
2025-08-22T11:27:59Z;-1745;;2837
2025-08-22T11:28:02Z;-2011;;2571
2025-08-22T11:28:04Z;-2223;;2359
2025-08-22T11:28:06Z;-1635;;2947
2025-08-22T11:28:09Z;-1845;;2737
2025-08-22T11:28:12Z;-2158;;2424
2025-08-22T11:28:18Z;-2408;;2174
2025-08-22T11:28:24Z;-2394;;2188
2025-08-22T11:28:28Z;-2401;;2181
2025-08-22T11:28:31Z;-2398;;2184
2025-08-22T11:28:34Z;-2401;;2181
2025-08-22T11:28:37Z;-2398;;2184
2025-08-22T11:28:40Z;-2400;;2182
2025-08-22T11:28:49Z;-2334;;2248
2025-08-22T11:28:53Z;-2403;;2179
2025-08-22T11:29:09Z;-2392;;2190
2025-08-22T11:29:23Z;-2425;;2157
2025-08-22T11:29:26Z;-2394;;2188
2025-08-22T11:29:36Z;-2400;;2182
2025-08-22T11:29:39Z;-2387;;2195
2025-08-22T11:29:41Z;-2431;;2151
2025-08-22T11:29:44Z;-2375;;2207
2025-08-22T11:29:46Z;-2409;;2173
2025-08-22T11:29:49Z;-2381;;2201
2025-08-22T11:29:53Z;-2422;;2160
2025-08-22T11:29:59Z;-2324;;2258
2025-08-22T11:30:02Z;-2406;;2176
2025-08-22T11:30:05Z;-2396;;2186
2025-08-22T11:30:07Z;;4594;2198
2025-08-22T11:30:12Z;-2440;;2154
2025-08-22T11:30:14Z;-2378;;2216
2025-08-22T11:30:19Z;-2440;;2154
2025-08-22T11:30:21Z;-2415;4457;2017
2025-08-22T11:30:22Z;;4597;2182
2025-08-22T11:30:24Z;-2181;;2416
2025-08-22T11:30:27Z;-2437;;2160
2025-08-22T11:30:30Z;-2378;;2219
2025-08-22T11:30:42Z;-2447;;2150
2025-08-22T11:30:46Z;-2399;;2198
2025-08-22T11:30:48Z;-2440;;2157
2025-08-22T11:30:51Z;-2390;;2207
2025-08-22T11:30:59Z;-2452;;2145
2025-08-22T11:31:02Z;-2395;;2202
2025-08-22T11:31:14Z;-2433;;2164
2025-08-22T11:31:20Z;-2260;;2337
2025-08-22T11:31:23Z;-2415;;2182
2025-08-22T11:31:25Z;-2351;;2246
2025-08-22T11:31:30Z;-2443;;2154
2025-08-22T11:31:34Z;-2397;;2200
2025-08-22T11:31:46Z;-2459;;2138
2025-08-22T11:31:51Z;-2257;;2340
2025-08-22T11:31:55Z;-2409;;2188
2025-08-22T11:31:57Z;-2366;;2231
2025-08-22T11:32:02Z;-2459;;2138
2025-08-22T11:32:07Z;-2392;;2205
2025-08-22T11:32:10Z;-2408;;2189
2025-08-22T11:32:13Z;-2361;;2236
2025-08-22T11:32:18Z;-2658;;1939
2025-08-22T11:32:20Z;-2732;;1865
2025-08-22T11:32:23Z;-2684;;1913
2025-08-22T11:32:34Z;-2719;;1878
2025-08-22T11:32:39Z;-2560;;2037
2025-08-22T11:32:50Z;-2755;;1842
2025-08-22T11:32:54Z;-2694;;1903
2025-08-22T11:33:05Z;-2750;;1847
2025-08-22T11:33:11Z;-2542;;2055
2025-08-22T11:33:22Z;-2751;;1846
2025-08-22T11:33:27Z;-2635;;1962
2025-08-22T11:33:30Z;-2701;;1896
2025-08-22T11:33:31Z;-2664;;1933
2025-08-22T11:33:38Z;-2758;;1839
2025-08-22T11:33:43Z;-2699;;1898
2025-08-22T11:33:54Z;-2722;;1875
2025-08-22T11:34:00Z;-2262;4404;2142
2025-08-22T11:34:01Z;;4584;2322
2025-08-22T11:34:02Z;-2697;;1887
2025-08-22T11:34:11Z;-2738;;1846
2025-08-22T11:34:15Z;-2687;;1897
2025-08-22T11:34:25Z;-2718;;1866
2025-08-22T11:34:31Z;-2699;;1885
2025-08-22T11:34:42Z;-2748;;1836
2025-08-22T11:34:47Z;-2692;;1892
2025-08-22T11:34:59Z;-2744;;1840
2025-08-22T11:35:03Z;-2693;;1891
2025-08-22T11:35:15Z;-2718;;1866
2025-08-22T11:35:20Z;-2694;;1890
2025-08-22T11:35:32Z;-2746;;1838
2025-08-22T11:35:36Z;-2679;;1905
2025-08-22T11:35:48Z;-2731;;1853
2025-08-22T11:35:51Z;-2695;;1889
2025-08-22T11:36:03Z;-2726;;1858
2025-08-22T11:36:09Z;-2384;;2200
2025-08-22T11:36:10Z;-2405;;2179
2025-08-22T11:36:14Z;-2714;;1870
2025-08-22T11:36:19Z;-2668;;1916
2025-08-22T11:36:31Z;-2722;;1862
2025-08-22T11:36:33Z;-2670;;1914
2025-08-22T11:36:47Z;;4449;1779
2025-08-22T11:36:48Z;;4558;1888
2025-08-22T11:36:51Z;-2319;;2239
2025-08-22T11:36:55Z;-2643;;1915
2025-08-22T11:36:57Z;;4341;1698
2025-08-22T11:36:58Z;;4550;1907
2025-08-22T11:37:25Z;-2079;;2471
2025-08-22T11:37:28Z;-2235;;2315
2025-08-22T11:37:31Z;-2578;;1972
2025-08-22T11:37:33Z;-2354;;2196
2025-08-22T11:37:38Z;-2624;;1926
2025-08-22T11:37:44Z;-2246;;2304
2025-08-22T11:37:50Z;-1779;;2771
2025-08-22T11:37:52Z;-1993;;2557
2025-08-22T11:37:53Z;;4318;2325
2025-08-22T11:37:54Z;-1775;4562;2569
2025-08-22T11:37:56Z;-1938;;2624
2025-08-22T11:37:58Z;-2367;;2195
2025-08-22T11:38:00Z;-2569;;1993
2025-08-22T11:38:16Z;-2727;;1835
2025-08-22T11:38:18Z;;4394;1667
2025-08-22T11:38:19Z;-2565;4568;1829
2025-08-22T11:38:20Z;-2715;;1853
2025-08-22T11:38:21Z;;4491;1776
2025-08-22T11:38:22Z;;4547;1832
2025-08-22T11:38:24Z;-2659;;1888
2025-08-22T11:38:26Z;-2700;;1847
2025-08-22T11:38:48Z;-2661;;1886
2025-08-22T11:38:49Z;-2737;;1810
2025-08-22T11:39:08Z;-2693;;1854
2025-08-22T11:39:14Z;-2344;;2203
2025-08-22T11:39:18Z;-2665;;1882
2025-08-22T11:39:20Z;-2714;;1833
2025-08-22T11:39:22Z;-2588;4354;1959
2025-08-22T11:39:23Z;-2730;4579;1991
2025-08-22T11:39:25Z;-2697;;1882
2025-08-22T11:39:29Z;-2703;;1876
2025-08-22T11:39:31Z;-2694;;1885
2025-08-22T11:39:32Z;-2708;;1871
2025-08-22T11:39:34Z;-2696;;1883
2025-08-22T11:39:37Z;-2739;;1840
2025-08-22T11:39:40Z;-2678;;1901
2025-08-22T11:39:42Z;-2705;;1874
2025-08-22T11:39:44Z;-2680;;1899
2025-08-22T11:39:45Z;-2704;;1875
2025-08-22T11:40:06Z;-2690;;1889
2025-08-22T11:40:10Z;-2720;;1859
2025-08-22T11:40:12Z;-2677;;1902
2025-08-22T11:40:14Z;-2708;;1871
2025-08-22T11:40:15Z;-2690;;1889
2025-08-22T11:40:17Z;-2741;;1838
2025-08-22T11:40:18Z;;4399;1658
2025-08-22T11:40:19Z;-2628;;1771
2025-08-22T11:40:21Z;-2749;4586;1958
2025-08-22T11:40:24Z;-2567;4199;2019
2025-08-22T11:40:25Z;;4568;2001
2025-08-22T11:40:29Z;-2714;;1854
2025-08-22T11:40:31Z;-2698;;1870
2025-08-22T11:40:43Z;-2728;;1840
2025-08-22T11:40:47Z;-2674;;1894
2025-08-22T11:40:49Z;-2719;;1849
2025-08-22T11:40:50Z;-2664;;1904
2025-08-22T11:40:59Z;-2737;;1831
2025-08-22T11:41:03Z;-2692;;1876
2025-08-22T11:41:15Z;-2740;;1828
2025-08-22T11:41:19Z;-2686;;1882
2025-08-22T11:41:21Z;-2710;;1858
2025-08-22T11:41:22Z;-2650;;1918
2025-08-22T11:41:31Z;-2749;;1819
2025-08-22T11:41:35Z;-2683;;1885
2025-08-22T11:41:37Z;-2700;;1868
2025-08-22T11:41:38Z;-2641;;1927
2025-08-22T11:44:37Z;;4384;1743
2025-08-22T11:44:38Z;;4568;1927
2025-08-22T11:44:51Z;-2396;;2172
2025-08-22T11:44:53Z;-2538;;2030
2025-08-22T11:45:07Z;;4545;2007
2025-08-22T11:45:17Z;-2530;;2015
2025-08-22T11:47:28Z;-2354;;2191
2025-08-22T11:47:30Z;-2532;;2013
2025-08-22T11:48:18Z;-2310;;2235
2025-08-22T11:48:22Z;-2617;;1928
2025-08-22T11:48:53Z;-2131;;2414
2025-08-22T11:48:57Z;-2539;;2006
2025-08-22T11:49:59Z;-2223;;2322
2025-08-22T11:50:04Z;-2531;;2014
2025-08-22T11:50:10Z;;4379;1848
2025-08-22T11:50:11Z;-2373;4544;2171
2025-08-22T11:50:13Z;-2530;;2014
2025-08-22T11:50:17Z;-2360;;2184
2025-08-22T11:50:21Z;-2534;;2010
2025-08-22T11:50:34Z;-2210;;2334
2025-08-22T11:50:38Z;-2643;;1901
2025-08-22T11:50:40Z;;4342;1699
2025-08-22T11:50:41Z;;4543;1900
2025-08-22T11:51:24Z;-2376;;2167
2025-08-22T11:51:26Z;-2550;;1993
2025-08-22T11:52:01Z;-1644;;2899
2025-08-22T11:52:07Z;-2274;;2269
2025-08-22T11:52:08Z;-2503;;2040
2025-08-22T11:52:20Z;-2076;;2467
2025-08-22T11:52:22Z;-2131;;2412
2025-08-22T11:52:25Z;-2432;;2111
2025-08-22T11:53:31Z;;4281;1849
2025-08-22T11:53:32Z;;4557;2125
2025-08-22T11:55:32Z;-2711;;1846
2025-08-22T11:55:34Z;-2682;;1875
2025-08-22T11:55:56Z;-2717;;1840
2025-08-22T11:55:58Z;-2682;;1875
2025-08-22T11:56:24Z;-2704;;1853
2025-08-22T11:56:26Z;-2685;;1872
2025-08-22T11:59:05Z;-2862;;1695
2025-08-22T11:59:55Z;-2624;;1933
2025-08-22T11:59:57Z;-2859;;1698
2025-08-22T12:00:07Z;;4544;1685
2025-08-22T12:00:17Z;-2855;;1689
2025-08-22T12:03:02Z;-2696;4448;1848
2025-08-22T12:03:03Z;-2864;;1584
2025-08-22T12:03:05Z;;4535;1671
2025-08-22T12:04:18Z;;4409;1545
2025-08-22T12:04:19Z;;4542;1678
2025-08-22T12:05:08Z;;4499;1635
2025-08-22T12:05:09Z;;4500;1636
2025-08-22T12:05:32Z;;4494;1630
2025-08-22T12:05:34Z;;4500;1636
2025-08-22T12:05:35Z;;4499;1635
2025-08-22T12:05:36Z;;4501;1637
2025-08-22T12:05:40Z;;4499;1635
2025-08-22T12:05:42Z;;4502;1638
2025-08-22T12:05:44Z;;4496;1632
2025-08-22T12:05:46Z;;4501;1637
2025-08-22T12:05:52Z;-783;4489;3718
2025-08-22T12:05:54Z;-2607;;1882
2025-08-22T12:05:59Z;;4501;1894
2025-08-22T12:06:42Z;;4498;1891
2025-08-22T12:06:46Z;;4501;1894
2025-08-22T12:06:49Z;;4499;1892
2025-08-22T12:06:50Z;;4502;1895
2025-08-22T12:06:54Z;;4497;1890
2025-08-22T12:06:58Z;;4502;1895
2025-08-22T12:07:01Z;;4498;1891
2025-08-22T12:07:02Z;;4502;1895
2025-08-22T12:07:06Z;;4498;1891
2025-08-22T12:07:10Z;;4501;1894
2025-08-22T12:07:11Z;;4499;1892
2025-08-22T12:07:22Z;;4502;1895
2025-08-22T12:07:30Z;;4499;1892
2025-08-22T12:07:34Z;;4504;1897
2025-08-22T12:07:37Z;;4498;1891
2025-08-22T12:07:38Z;;4500;1893
2025-08-22T12:07:42Z;;4499;1892
2025-08-22T12:07:45Z;;4502;1895
2025-08-22T12:09:13Z;-2286;;2216
2025-08-22T12:10:48Z;;4497;2211
2025-08-22T12:10:49Z;;4500;2214
2025-08-22T12:10:50Z;;4499;2213
2025-08-22T12:10:51Z;;4500;2214
2025-08-22T12:10:53Z;-2096;4316;2030
2025-08-22T12:10:54Z;;4502;2406
2025-08-22T12:10:57Z;-2270;;2232
2025-08-22T12:10:58Z;;4503;2233
2025-08-22T12:11:02Z;;4499;2229
2025-08-22T12:11:04Z;;4504;2234
2025-08-22T12:11:06Z;;4497;2227
2025-08-22T12:11:56Z;;4500;2230
2025-08-22T12:11:57Z;;4495;2225
2025-08-22T12:12:01Z;;4504;2234
2025-08-22T12:12:10Z;;4495;2225
2025-08-22T12:12:13Z;;4503;2233
2025-08-22T12:13:46Z;;4498;2228
2025-08-22T12:13:47Z;;4500;2230
2025-08-22T12:14:04Z;;4499;2229
2025-08-22T12:14:05Z;;4503;2233
2025-08-22T12:14:09Z;;4498;2228
2025-08-22T12:14:12Z;;4500;2230
2025-08-22T12:14:17Z;;4498;2228
2025-08-22T12:14:18Z;-2563;4500;1935
2025-08-22T12:14:19Z;;4499;1936
2025-08-22T12:14:21Z;;4501;1938
2025-08-22T12:14:22Z;;4497;1934
2025-08-22T12:14:24Z;;4500;1937
2025-08-22T12:14:33Z;;4499;1936
2025-08-22T12:14:36Z;;4501;1938
2025-08-22T12:14:45Z;;4498;1935
2025-08-22T12:14:49Z;;4502;1939
2025-08-22T12:14:52Z;;4498;1935
2025-08-22T12:14:54Z;;4500;1937
2025-08-22T12:14:55Z;;4498;1935
2025-08-22T12:15:07Z;;4494;1931
2025-08-22T12:15:12Z;-2371;;2123
2025-08-22T12:15:14Z;-2558;;1936
2025-08-22T12:15:18Z;-2371;;2123
2025-08-22T12:15:19Z;-2261;;2233
2025-08-22T12:15:22Z;-2544;;1950
2025-08-22T12:15:29Z;-2270;;2224
2025-08-22T12:17:09Z;-2053;;2441
2025-08-22T12:17:11Z;-2244;;2250
2025-08-22T12:17:14Z;-2529;;1965
2025-08-22T12:17:38Z;-2382;;2112
2025-08-22T12:18:48Z;-2401;;2093
2025-08-22T12:18:50Z;-2396;;2098
2025-08-22T12:18:53Z;-2402;;2092
2025-08-22T12:18:55Z;-2399;;2095
2025-08-22T12:18:58Z;-2406;;2088
2025-08-22T12:19:01Z;-2393;;2101
2025-08-22T12:19:03Z;-2405;;2089
2025-08-22T12:19:06Z;-2398;;2096
2025-08-22T12:19:08Z;-2400;;2094
2025-08-22T12:19:10Z;-2398;;2096
2025-08-22T12:19:16Z;-2400;;2094
2025-08-22T12:19:19Z;-2389;;2105
2025-08-22T12:19:24Z;-2402;;2092
2025-08-22T12:19:26Z;-2398;;2096
2025-08-22T12:19:29Z;-2401;;2093
2025-08-22T12:19:31Z;-2392;;2102
2025-08-22T12:19:34Z;-2401;;2093
2025-08-22T12:19:35Z;-2388;;2106
2025-08-22T12:19:50Z;-2084;;2410
2025-08-22T12:20:01Z;-2256;;2238
2025-08-22T12:20:48Z;-2561;;1933
2025-08-22T12:25:45Z;-2329;;2165
2025-08-22T12:26:34Z;-2615;;1879
2025-08-22T12:26:40Z;-2903;;1591
2025-08-22T12:30:07Z;;4444;1541
2025-08-22T12:30:17Z;-2954;;1490
2025-08-22T12:31:25Z;-3180;;1264
2025-08-22T12:33:26Z;-2951;;1493
2025-08-22T12:33:28Z;-3107;;1337
2025-08-22T12:34:13Z;-2980;;1464
2025-08-22T12:34:15Z;-3172;;1272
2025-08-22T12:36:32Z;-2864;;1580
2025-08-22T12:36:40Z;;4184;1320
2025-08-22T12:36:41Z;;4417;1553
2025-08-22T12:37:12Z;-2643;;1774
2025-08-22T12:37:15Z;-2851;;1566
2025-08-22T12:38:03Z;-2608;;1809
2025-08-22T12:38:32Z;-2881;;1536
2025-08-22T12:39:40Z;-2568;;1849
2025-08-22T12:40:46Z;-2824;;1593
2025-08-22T12:40:50Z;-2667;;1750
2025-08-22T12:40:52Z;-2824;;1593
2025-08-22T12:40:53Z;-3115;;1302
2025-08-22T12:42:58Z;-2733;;1684
2025-08-22T12:43:14Z;-3120;;1297
2025-08-22T12:45:07Z;;4349;1229
2025-08-22T12:45:17Z;-3134;;1215
2025-08-22T12:48:26Z;-2848;;1501
2025-08-22T12:48:28Z;-3110;;1239
2025-08-22T12:49:04Z;-2957;;1392
2025-08-22T12:49:06Z;-3098;;1251
2025-08-22T12:50:30Z;-2976;;1373
2025-08-22T12:50:33Z;-3083;;1266
2025-08-22T12:52:19Z;;4149;1066
2025-08-22T12:52:20Z;;4305;1222
2025-08-22T12:53:45Z;-1030;;3275
2025-08-22T12:53:47Z;-2832;;1473
2025-08-22T12:53:52Z;-2446;4146;1700
2025-08-22T12:53:53Z;-2811;4272;1826
2025-08-22T12:53:59Z;-3109;;1163
2025-08-22T12:55:34Z;;4018;909
2025-08-22T12:55:35Z;;4263;1154
2025-08-22T12:58:45Z;;4129;1020
2025-08-22T12:58:46Z;;4264;1155
2025-08-22T12:58:59Z;-2989;;1275
2025-08-22T12:59:01Z;-3128;;1136
2025-08-22T13:00:03Z;-3313;;951
2025-08-22T13:00:07Z;;4247;934
2025-08-22T13:00:17Z;-3330;;917
2025-08-22T13:00:26Z;-3294;;953
2025-08-22T13:00:28Z;-3316;;931
2025-08-22T13:00:30Z;;4100;784
2025-08-22T13:00:32Z;-3169;;931
2025-08-22T13:00:33Z;-3320;;780
2025-08-22T13:00:36Z;-3299;;801
2025-08-22T13:00:39Z;-3309;;791
2025-08-22T13:00:55Z;-3252;;848
2025-08-22T13:01:47Z;;3974;722
2025-08-22T13:01:49Z;;4233;981
2025-08-22T13:02:37Z;;4104;852
2025-08-22T13:02:38Z;;4232;980
2025-08-22T13:03:37Z;;4198;946
2025-08-22T13:03:39Z;;4206;954
2025-08-22T13:03:41Z;;4196;944
2025-08-22T13:03:47Z;;4201;949
2025-08-22T13:03:49Z;;4194;942
2025-08-22T13:03:51Z;;4203;951
2025-08-22T13:03:53Z;;4197;945
2025-08-22T13:03:55Z;;4204;952
2025-08-22T13:03:57Z;;4198;946
2025-08-22T13:03:59Z;;4206;954
2025-08-22T13:04:05Z;;4020;768
2025-08-22T13:04:06Z;;4207;955
2025-08-22T13:04:07Z;;4196;944
2025-08-22T13:04:09Z;;4202;950
2025-08-22T13:04:13Z;;4190;938
2025-08-22T13:04:14Z;;4206;954
2025-08-22T13:04:30Z;;4199;947
2025-08-22T13:04:32Z;;4207;955
2025-08-22T13:04:52Z;;4199;947
2025-08-22T13:04:53Z;;4205;953
2025-08-22T13:04:54Z;;4199;947
2025-08-22T13:04:55Z;;4200;948
2025-08-22T13:05:14Z;-2675;;1525
2025-08-22T13:05:16Z;-2959;;1241
2025-08-22T13:05:17Z;;4151;1192
2025-08-22T13:05:19Z;;4205;1246
2025-08-22T13:05:21Z;;4198;1239
2025-08-22T13:05:23Z;;4204;1245
2025-08-22T13:05:28Z;;4199;1240
2025-08-22T13:05:29Z;;4205;1246
2025-08-22T13:05:30Z;;4199;1240
2025-08-22T13:05:32Z;;4202;1243
2025-08-22T13:05:35Z;;4196;1237
2025-08-22T13:05:37Z;;4201;1242
2025-08-22T13:05:42Z;;4195;1236
2025-08-22T13:05:44Z;;4203;1244
2025-08-22T13:05:47Z;;4196;1237
2025-08-22T13:05:49Z;;4200;1241
2025-08-22T13:05:50Z;;4199;1240
2025-08-22T13:06:01Z;;4200;1241
2025-08-22T13:06:05Z;;4198;1239
2025-08-22T13:06:23Z;-2697;;1501
2025-08-22T13:07:26Z;-2952;;1246
2025-08-22T13:09:48Z;-2460;;1738
2025-08-22T13:09:50Z;-2971;;1227
2025-08-22T13:10:48Z;-320;;3878
2025-08-22T13:10:50Z;-2640;;1558
2025-08-22T13:10:59Z;-2930;;1268
2025-08-22T13:12:12Z;-2616;;1582
2025-08-22T13:12:20Z;-2378;;1820
2025-08-22T13:12:23Z;-2612;;1586
2025-08-22T13:14:26Z;-2916;;1282
2025-08-22T13:15:07Z;;4115;1199
2025-08-22T13:15:17Z;-2906;;1209
2025-08-22T13:15:41Z;-2608;;1507
2025-08-22T13:15:56Z;-2891;;1224
2025-08-22T13:17:25Z;-2562;;1553
2025-08-22T13:18:49Z;-2860;;1255
2025-08-22T13:19:22Z;-2663;;1452
2025-08-22T13:19:23Z;;3842;1179
2025-08-22T13:19:24Z;-2861;;981
2025-08-22T13:21:07Z;;3895;1034
2025-08-22T13:21:08Z;;4052;1191
2025-08-22T13:22:49Z;-2507;;1545
2025-08-22T13:24:08Z;;3895;1388
2025-08-22T13:24:09Z;-2390;4028;1505
2025-08-22T13:24:11Z;-2538;;1490
2025-08-22T13:24:15Z;-2383;3855;1645
2025-08-22T13:24:16Z;;4024;1641
2025-08-22T13:24:19Z;-2531;;1493
2025-08-22T13:25:33Z;-2310;;1714
2025-08-22T13:25:34Z;-2500;;1524
2025-08-22T13:26:42Z;-2775;;1249
2025-08-22T13:27:06Z;;3785;1010
2025-08-22T13:27:07Z;;3970;1195
2025-08-22T13:27:47Z;-2526;3768;1444
2025-08-22T13:27:49Z;-2773;;995
2025-08-22T13:27:50Z;;3958;1185
2025-08-22T13:28:35Z;;3805;1032
2025-08-22T13:28:36Z;;3954;1181
2025-08-22T13:29:42Z;;3828;1055
2025-08-22T13:29:45Z;;3875;1102
2025-08-22T13:29:46Z;;3938;1165
2025-08-22T13:30:07Z;;3958;1185
2025-08-22T13:30:17Z;-2778;;1180
2025-08-22T13:30:57Z;;3850;1072
2025-08-22T13:30:58Z;;3964;1186
2025-08-22T13:31:41Z;-2462;;1502
2025-08-22T13:33:10Z;;3787;1325
2025-08-22T13:33:11Z;;3933;1471
2025-08-22T13:34:23Z;;3799;1337
2025-08-22T13:34:24Z;;3915;1453
2025-08-22T13:35:23Z;;3899;1437
2025-08-22T13:35:24Z;;3903;1441
2025-08-22T13:35:28Z;;3896;1434
2025-08-22T13:35:31Z;;3903;1441
2025-08-22T13:35:32Z;;3898;1436
2025-08-22T13:35:36Z;;3900;1438
2025-08-22T13:35:40Z;;3898;1436
2025-08-22T13:35:42Z;;3903;1441
2025-08-22T13:35:46Z;;3899;1437
2025-08-22T13:35:50Z;;3902;1440
2025-08-22T13:35:53Z;;3899;1437
2025-08-22T13:35:56Z;;3901;1439
2025-08-22T13:35:58Z;;3896;1434
2025-08-22T13:35:59Z;;3902;1440
2025-08-22T13:36:00Z;-2326;3893;1576
2025-08-22T13:36:03Z;;3900;1574
2025-08-22T13:36:04Z;;3898;1572
2025-08-22T13:36:14Z;;3900;1574
2025-08-22T13:36:16Z;;3897;1571
2025-08-22T13:36:19Z;;3900;1574
2025-08-22T13:36:22Z;;3896;1570
2025-08-22T13:36:27Z;-1881;3545;2015
2025-08-22T13:36:28Z;;3879;1998
2025-08-22T13:36:30Z;-2308;;1571
2025-08-22T13:36:36Z;-2597;;1282
2025-08-22T13:37:57Z;-2338;;1541
2025-08-22T13:38:59Z;-2579;;1300
2025-08-22T13:39:05Z;-2370;;1509
2025-08-22T13:40:02Z;-2022;;1857
2025-08-22T13:42:19Z;-1733;;2146
2025-08-22T13:42:39Z;-1968;;1911
2025-08-22T13:43:08Z;;3477;1509
2025-08-22T13:43:09Z;;3786;1818
2025-08-22T13:43:32Z;;3579;1611
2025-08-22T13:43:33Z;;3779;1811
2025-08-22T13:44:34Z;;3551;1583
2025-08-22T13:44:35Z;-1686;3744;1776
2025-08-22T13:44:38Z;-1868;;1876
2025-08-22T13:45:01Z;-1702;;2042
2025-08-22T13:45:04Z;-2142;;1602
2025-08-22T13:45:07Z;;3731;1589
2025-08-22T13:45:17Z;-2150;;1581
2025-08-22T13:45:44Z;;3582;1432
2025-08-22T13:45:45Z;-2051;;1531
2025-08-22T13:45:47Z;-2175;3742;1691
2025-08-22T13:47:28Z;-2037;;1705
2025-08-22T13:47:30Z;-2174;;1568
2025-08-22T13:47:55Z;;3556;1382
2025-08-22T13:47:56Z;;3717;1543
2025-08-22T13:50:39Z;-1886;;1831
2025-08-22T13:52:04Z;-2172;;1545
2025-08-22T13:52:32Z;;3556;1384
2025-08-22T13:52:33Z;;3675;1503
2025-08-22T13:53:28Z;;3539;1367
2025-08-22T13:53:29Z;;3655;1483
2025-08-22T13:54:21Z;;3592;1420
2025-08-22T13:54:22Z;;3643;1471
2025-08-22T13:54:42Z;-2092;;1551
2025-08-22T13:54:43Z;-2146;;1497
2025-08-22T13:54:44Z;;3459;1313
2025-08-22T13:54:49Z;-2023;3513;1436
2025-08-22T13:54:50Z;;3619;1596
2025-08-22T13:54:54Z;;3442;1419
2025-08-22T13:54:55Z;;3611;1588
2025-08-22T13:56:24Z;-2048;;1563
2025-08-22T13:56:26Z;-2137;;1474
2025-08-22T13:56:35Z;-1987;;1624
2025-08-22T13:56:37Z;-2145;;1466
2025-08-22T13:57:00Z;;3506;1361
2025-08-22T13:57:01Z;;3620;1475
2025-08-22T13:57:13Z;;3482;1337
2025-08-22T13:57:14Z;;3630;1485
2025-08-22T13:57:15Z;1033;;4515
2025-08-22T13:57:17Z;-1815;;1815
2025-08-22T13:57:23Z;-1794;;1836
2025-08-22T13:57:26Z;-2116;;1514
2025-08-22T13:57:36Z;-2006;;1624
2025-08-22T13:57:37Z;;3533;1527
2025-08-22T13:57:38Z;-2109;;1424
2025-08-22T13:57:43Z;-2088;;1445
2025-08-22T13:58:51Z;-2102;;1431
2025-08-22T13:58:53Z;-2085;;1448
2025-08-22T14:00:07Z;;3632;1547
2025-08-22T14:00:18Z;-2066;;1566
2025-08-22T14:00:54Z;;3595;1529
2025-08-22T14:00:57Z;;3612;1546
2025-08-22T14:02:35Z;;3464;1398
2025-08-22T14:02:36Z;;3605;1539
2025-08-22T14:02:39Z;;3553;1487
2025-08-22T14:02:44Z;;3602;1536
2025-08-22T14:02:46Z;;3599;1533
2025-08-22T14:02:49Z;;3603;1537
2025-08-22T14:02:54Z;;3595;1529
2025-08-22T14:03:04Z;-2121;;1474
2025-08-22T14:03:06Z;;3597;1476
2025-08-22T14:03:08Z;;3601;1480
2025-08-22T14:03:09Z;;3597;1476
2025-08-22T14:03:11Z;;3602;1481
2025-08-22T14:03:18Z;;3597;1476
2025-08-22T14:03:20Z;;3601;1480
2025-08-22T14:03:21Z;;3595;1474
2025-08-22T14:03:27Z;-2097;;1498
2025-08-22T14:03:29Z;-2103;;1492
2025-08-22T14:03:32Z;;3600;1497
2025-08-22T14:03:36Z;-1947;;1653
2025-08-22T14:03:38Z;-2108;;1492
2025-08-22T14:03:41Z;-2093;;1507
2025-08-22T14:03:44Z;-2103;;1497
2025-08-22T14:03:47Z;-2098;;1502
2025-08-22T14:03:49Z;-2112;;1488
2025-08-22T14:03:59Z;-1888;;1712
2025-08-22T14:04:01Z;-2111;;1489
2025-08-22T14:04:08Z;-2417;;1183
2025-08-22T14:05:34Z;-2389;;1211
2025-08-22T14:05:36Z;-2406;;1194
2025-08-22T14:05:41Z;-2396;;1204
2025-08-22T14:05:43Z;-2406;;1194
2025-08-22T14:05:46Z;-2399;;1201
2025-08-22T14:05:48Z;-2407;;1193
2025-08-22T14:05:53Z;-2393;;1207
2025-08-22T14:05:55Z;-2405;;1195
2025-08-22T14:06:00Z;-2398;;1202
2025-08-22T14:06:02Z;-2402;;1198
2025-08-22T14:06:04Z;-2397;;1203
2025-08-22T14:06:09Z;-2400;;1200
2025-08-22T14:06:11Z;-2394;;1206
2025-08-22T14:06:37Z;;3228;834
2025-08-22T14:06:38Z;;3552;1158
2025-08-22T14:10:13Z;-2574;;978
2025-08-22T14:15:07Z;;3458;884
2025-08-22T14:15:18Z;-2536;;922
2025-08-22T14:16:59Z;-2286;;1172
2025-08-22T14:18:10Z;-2079;3246;1379
2025-08-22T14:18:12Z;-2227;;1019
2025-08-22T14:18:24Z;;3252;1025
2025-08-22T14:18:25Z;;3380;1153
2025-08-22T14:18:51Z;-2073;;1307
2025-08-22T14:18:54Z;-2201;;1179
2025-08-22T14:20:37Z;;3087;886
2025-08-22T14:20:38Z;;3367;1166
2025-08-22T14:21:21Z;;3291;1090
2025-08-22T14:21:22Z;;3360;1159
2025-08-22T14:22:27Z;;3206;1005
2025-08-22T14:22:28Z;;3340;1139
2025-08-22T14:23:50Z;;3294;1093
2025-08-22T14:23:53Z;-2088;;1206
2025-08-22T14:23:56Z;-2219;;1075
2025-08-22T14:24:00Z;;3302;1083
2025-08-22T14:24:02Z;;3298;1079
2025-08-22T14:24:03Z;;3301;1082
2025-08-22T14:24:06Z;;3297;1078
2025-08-22T14:24:08Z;;3302;1083
2025-08-22T14:24:13Z;;3301;1082
2025-08-22T14:24:17Z;;3299;1080
2025-08-22T14:24:20Z;;3301;1082
2025-08-22T14:24:22Z;;3295;1076
2025-08-22T14:24:25Z;;3300;1081
2025-08-22T14:24:26Z;;3298;1079
2025-08-22T14:26:18Z;-2064;;1234
2025-08-22T14:26:20Z;-2184;;1114
2025-08-22T14:28:21Z;-2009;;1289
2025-08-22T14:28:23Z;-2123;;1175
2025-08-22T14:28:26Z;-2085;;1213
2025-08-22T14:28:29Z;-2111;;1187
2025-08-22T14:28:31Z;-2091;;1207
2025-08-22T14:28:34Z;-2108;;1190
2025-08-22T14:28:56Z;-2094;;1204
2025-08-22T14:28:58Z;-2110;;1188
2025-08-22T14:29:07Z;-1984;;1314
2025-08-22T14:29:09Z;-2100;;1198
2025-08-22T14:29:12Z;-2092;;1206
2025-08-22T14:29:15Z;-2107;;1191
2025-08-22T14:29:20Z;-2092;;1206
2025-08-22T14:29:22Z;-2144;;1154
2025-08-22T14:30:07Z;;3233;1089
2025-08-22T14:30:17Z;-2148;;1085
2025-08-22T14:31:16Z;-2090;;1143
2025-08-22T14:35:21Z;;2977;887
2025-08-22T14:35:22Z;;3128;1038
2025-08-22T14:35:37Z;;2966;876
2025-08-22T14:35:38Z;;3125;1035
2025-08-22T14:35:54Z;;2859;769
2025-08-22T14:35:55Z;-1784;3119;1075
2025-08-22T14:35:59Z;-1951;;1168
2025-08-22T14:38:15Z;;2920;969
2025-08-22T14:38:16Z;;3099;1148
2025-08-22T14:40:24Z;;2882;931
2025-08-22T14:40:25Z;;3063;1112
2025-08-22T14:41:07Z;-1603;;1460
2025-08-22T14:41:23Z;-1898;;1165
2025-08-22T14:41:44Z;-2129;;934
2025-08-22T14:41:50Z;-2091;;972
2025-08-22T14:41:52Z;-2106;;957
2025-08-22T14:41:58Z;-2094;;969
2025-08-22T14:42:00Z;-2100;;963
2025-08-22T14:42:03Z;-2084;;979
2025-08-22T14:42:06Z;-1790;;1273
2025-08-22T14:42:07Z;;2917;1127
2025-08-22T14:42:08Z;;3049;1259
2025-08-22T14:42:29Z;-1303;;1746
2025-08-22T14:43:13Z;;2997;1694
2025-08-22T14:43:14Z;;3010;1707
2025-08-22T14:43:24Z;;2995;1692
2025-08-22T14:43:26Z;;3009;1706
2025-08-22T14:43:32Z;;2954;1651
2025-08-22T14:43:33Z;;3013;1710
2025-08-22T14:43:36Z;;2999;1696
2025-08-22T14:43:37Z;;3008;1705
2025-08-22T14:43:38Z;;2982;1679
2025-08-22T14:43:39Z;;3011;1708
2025-08-22T14:43:43Z;;2997;1694
2025-08-22T14:43:45Z;;3011;1708
2025-08-22T14:43:55Z;;2997;1694
2025-08-22T14:44:26Z;;3000;1697
2025-08-22T14:44:28Z;;2999;1696
2025-08-22T14:44:55Z;-1726;;1273
2025-08-22T14:45:07Z;;2984;1258
2025-08-22T14:45:17Z;-1755;;1229
2025-08-22T14:45:58Z;-1433;;1551
2025-08-22T14:48:27Z;-138;;2846
2025-08-22T14:49:03Z;;2652;2514
2025-08-22T14:49:04Z;;2908;2770
2025-08-22T14:50:08Z;1354;;4262
2025-08-22T14:50:10Z;-1105;;1803
2025-08-22T14:51:01Z;-1369;;1539
2025-08-22T14:52:14Z;-1049;;1859
2025-08-22T14:52:25Z;;2676;1627
2025-08-22T14:52:26Z;;2822;1773
2025-08-22T14:52:48Z;-1333;;1489
2025-08-22T14:54:10Z;;2678;1345
2025-08-22T14:54:11Z;;2806;1473
2025-08-22T14:56:04Z;-1009;;1797
2025-08-22T14:56:57Z;-896;;1910
2025-08-22T14:56:58Z;-1004;;1802
2025-08-22T14:58:31Z;-897;;1909
2025-08-22T14:58:33Z;-989;;1817
2025-08-22T14:58:55Z;113;;2919
2025-08-22T14:58:57Z;-968;;1838
2025-08-22T14:59:06Z;;2062;1094
2025-08-22T14:59:07Z;;2754;1786
2025-08-22T14:59:18Z;-835;;1919
2025-08-22T14:59:19Z;-970;;1784
2025-08-22T14:59:24Z;;2598;1628
2025-08-22T14:59:25Z;;2748;1778
2025-08-22T14:59:38Z;-860;;1888
2025-08-22T14:59:40Z;-978;;1770
2025-08-22T14:59:41Z;-816;2659;1681
2025-08-22T14:59:42Z;;2737;1921
2025-08-22T14:59:43Z;-956;;1781
2025-08-22T15:00:07Z;;2751;1795
2025-08-22T15:00:10Z;;2621;1665
2025-08-22T15:00:11Z;;2742;1786
2025-08-22T15:00:17Z;-959;;1783
2025-08-22T15:02:13Z;;2698;1739
2025-08-22T15:02:14Z;;2708;1749
2025-08-22T15:02:18Z;;2698;1739
2025-08-22T15:02:20Z;;2707;1748
2025-08-22T15:02:24Z;;2696;1737
2025-08-22T15:02:26Z;-788;2703;1915
2025-08-22T15:02:28Z;-922;2695;1781
2025-08-22T15:02:31Z;-888;;1807
2025-08-22T15:02:33Z;-1210;;1485
2025-08-22T15:02:34Z;;2702;1492
2025-08-22T15:02:36Z;;2689;1479
2025-08-22T15:02:38Z;;2700;1490
2025-08-22T15:02:39Z;;2699;1489
2025-08-22T15:03:12Z;-1080;;1619
2025-08-22T15:03:14Z;-1232;;1467
2025-08-22T15:04:03Z;-1198;;1501
2025-08-22T15:04:05Z;-1204;;1495
2025-08-22T15:04:10Z;-1186;;1513
2025-08-22T15:08:46Z;-737;;1962
2025-08-22T15:08:57Z;-1102;;1597
2025-08-22T15:08:59Z;-644;;2055
2025-08-22T15:09:00Z;;1654;1010
2025-08-22T15:09:02Z;-1085;2504;1860
2025-08-22T15:09:05Z;-648;;1856
2025-08-22T15:09:07Z;-1088;;1416
2025-08-22T15:09:11Z;-644;;1860
2025-08-22T15:09:13Z;-1095;;1409
2025-08-22T15:09:31Z;-215;;2289
2025-08-22T15:09:33Z;-777;;1727
2025-08-22T15:13:26Z;;2365;1588
2025-08-22T15:13:27Z;;2433;1656
2025-08-22T15:13:59Z;;2371;1594
2025-08-22T15:14:00Z;;2423;1646
2025-08-22T15:14:44Z;;2399;1622
2025-08-22T15:14:46Z;;2412;1635
2025-08-22T15:14:56Z;;2392;1615
2025-08-22T15:14:58Z;;2406;1629
2025-08-22T15:15:02Z;;2395;1618
2025-08-22T15:15:04Z;;2401;1624
2025-08-22T15:15:07Z;;2395;1618
2025-08-22T15:15:08Z;;2386;1609
2025-08-22T15:15:10Z;;2400;1623
2025-08-22T15:15:11Z;;2399;1622
2025-08-22T15:15:17Z;-706;;1693
2025-08-22T15:19:04Z;;1911;1205
2025-08-22T15:19:05Z;;2318;1612
2025-08-22T15:19:06Z;;1886;1180
2025-08-22T15:19:07Z;;2335;1629
2025-08-22T15:19:16Z;-472;;1863
2025-08-22T15:19:18Z;-860;1701;1229
2025-08-22T15:19:19Z;;2334;1474
2025-08-22T15:21:00Z;-1123;;1211
2025-08-22T15:24:58Z;2289;;4623
2025-08-22T15:25:00Z;-745;;1589
2025-08-22T15:27:11Z;-469;;1865
2025-08-22T15:27:12Z;-662;;1672
2025-08-22T15:27:46Z;;2053;1391
2025-08-22T15:27:47Z;;2143;1481
2025-08-22T15:28:44Z;-599;;1544
2025-08-22T15:28:46Z;-601;;1542
2025-08-22T15:28:52Z;-598;2098;1500
2025-08-22T15:28:54Z;-600;;1498
2025-08-22T15:28:55Z;-599;;1499
2025-08-22T15:29:19Z;;1711;1112
2025-08-22T15:29:20Z;;2046;1447
2025-08-22T15:30:07Z;;2084;1485
2025-08-22T15:30:17Z;-397;;1687
2025-08-22T15:31:31Z;-607;;1477
2025-08-22T15:31:41Z;-598;;1486
2025-08-22T15:31:43Z;-611;;1473
2025-08-22T15:32:05Z;-583;;1501
2025-08-22T15:32:07Z;-607;;1477
2025-08-22T15:32:17Z;-593;;1491
2025-08-22T15:32:19Z;-610;;1474
2025-08-22T15:32:29Z;-596;;1488
2025-08-22T15:32:31Z;-606;;1478
2025-08-22T15:32:34Z;-598;;1486
2025-08-22T15:32:37Z;-604;;1480
2025-08-22T15:32:40Z;-593;;1491
2025-08-22T15:32:44Z;-604;;1480
2025-08-22T15:32:46Z;-598;;1486
2025-08-22T15:33:01Z;-600;;1484
2025-08-22T15:33:02Z;-594;;1490
2025-08-22T15:33:04Z;-601;;1483
2025-08-22T15:33:06Z;-579;;1505
2025-08-22T15:39:14Z;24;;2108
2025-08-22T15:39:16Z;-461;;1623
2025-08-22T15:39:18Z;-265;;1819
2025-08-22T15:39:20Z;-492;;1592
2025-08-22T15:39:27Z;;1491;999
2025-08-22T15:39:28Z;;1953;1461
2025-08-22T15:40:49Z;-292;;1661
2025-08-22T15:40:51Z;-433;;1520
2025-08-22T15:44:22Z;-296;;1657
2025-08-22T15:44:23Z;-313;;1640
2025-08-22T15:44:33Z;-296;;1657
2025-08-22T15:44:35Z;-305;;1648
2025-08-22T15:44:39Z;-297;;1656
2025-08-22T15:44:41Z;-302;;1651
2025-08-22T15:44:45Z;-295;;1658
2025-08-22T15:44:47Z;-305;;1648
2025-08-22T15:44:56Z;-299;;1654
2025-08-22T15:44:59Z;-306;;1647
2025-08-22T15:45:03Z;-286;;1667
2025-08-22T15:45:07Z;-302;1831;1651
2025-08-22T15:45:08Z;-297;;1534
2025-08-22T15:45:17Z;-296;;1535
2025-08-22T15:45:37Z;-351;;1480
2025-08-22T15:45:55Z;;1799;1448
2025-08-22T15:45:56Z;;1800;1449
2025-08-22T15:46:04Z;;1799;1448
2025-08-22T15:46:05Z;;1802;1451
2025-08-22T15:46:07Z;;1796;1445
2025-08-22T15:46:11Z;;1800;1449
2025-08-22T15:46:13Z;;1794;1443
2025-08-22T15:46:33Z;-154;;1640
2025-08-22T15:46:36Z;-322;;1472
2025-08-22T15:46:49Z;-297;;1497
2025-08-22T15:46:52Z;-301;;1493
2025-08-22T15:46:55Z;-299;;1495
2025-08-22T15:46:57Z;-306;;1488
2025-08-22T15:47:00Z;-289;;1505
2025-08-22T15:47:02Z;-302;;1492
2025-08-22T15:47:05Z;-298;;1496
2025-08-22T15:47:52Z;-321;;1473
2025-08-22T15:49:13Z;-299;;1495
2025-08-22T15:49:15Z;-301;;1493
2025-08-22T15:49:18Z;-299;;1495
2025-08-22T15:49:20Z;;1047;748
2025-08-22T15:49:21Z;-308;1728;739
2025-08-22T15:49:23Z;-292;;1436
2025-08-22T15:49:26Z;232;;1960
2025-08-22T15:49:28Z;-300;;1428
2025-08-22T15:49:31Z;-299;;1429
2025-08-22T15:49:34Z;-300;;1428
2025-08-22T15:49:35Z;-278;;1450
2025-08-22T15:49:38Z;734;;2462
2025-08-22T15:49:41Z;-301;;1427
2025-08-22T15:49:43Z;-284;;1444
2025-08-22T15:49:46Z;-300;;1428
2025-08-22T15:49:48Z;-298;;1430
2025-08-22T15:49:50Z;-300;;1428
2025-08-22T15:49:54Z;-287;;1441
2025-08-22T15:50:10Z;-333;;1395
2025-08-22T15:50:21Z;-263;;1465
2025-08-22T15:55:09Z;-375;;1353
2025-08-22T15:56:37Z;;1487;1112
2025-08-22T15:56:38Z;;1522;1147
2025-08-22T15:57:19Z;-239;;1283
2025-08-22T15:57:31Z;;1496;1257
2025-08-22T15:57:33Z;;1513;1274
2025-08-22T15:57:42Z;;1507;1268
2025-08-22T15:57:43Z;;1495;1256
2025-08-22T15:57:45Z;;1506;1267
2025-08-22T15:58:04Z;-486;;1020
2025-08-22T15:58:07Z;;1496;1010
2025-08-22T15:58:09Z;;1505;1019
2025-08-22T15:58:13Z;;1498;1012
2025-08-22T15:59:39Z;-176;;1322
2025-08-22T15:59:40Z;-484;;1014
2025-08-22T15:59:41Z;;965;481
2025-08-22T15:59:42Z;;1441;957
2025-08-22T16:00:07Z;;1431;947
2025-08-22T16:00:17Z;-482;;949
2025-08-22T16:01:50Z;1086;;2517
2025-08-22T16:01:52Z;-207;;1224
2025-08-22T16:09:44Z;;919;712
2025-08-22T16:09:45Z;;1268;1061
2025-08-22T16:12:40Z;;1196;989
2025-08-22T16:12:42Z;;1206;999
2025-08-22T16:12:48Z;;1196;989
2025-08-22T16:12:50Z;;1202;995
2025-08-22T16:12:52Z;;1193;986
2025-08-22T16:13:46Z;3;;1196
2025-08-22T16:13:48Z;-9;;1184
2025-08-22T16:13:53Z;5;;1198
2025-08-22T16:13:55Z;-6;;1187
2025-08-22T16:13:59Z;5;;1198
2025-08-22T16:14:01Z;0;;1193
2025-08-22T16:14:02Z;-7;;1186
2025-08-22T16:14:06Z;-5;;1188
2025-08-22T16:14:10Z;-5;;1188
2025-08-22T16:14:13Z;3;;1196
2025-08-22T16:14:14Z;-4;;1189
2025-08-22T16:14:16Z;24;;1217
2025-08-22T16:14:18Z;0;;1193
2025-08-22T16:14:20Z;-5;;1188
2025-08-22T16:14:22Z;4;;1197
2025-08-22T16:14:24Z;-3;;1190
2025-08-22T16:14:26Z;1;;1194
2025-08-22T16:14:27Z;-6;;1187
2025-08-22T16:14:29Z;8;;1201
2025-08-22T16:14:31Z;-1;;1192
2025-08-22T16:14:33Z;3;;1196
2025-08-22T16:15:07Z;;1155;1158
2025-08-22T16:15:09Z;-10;;1145
2025-08-22T16:15:11Z;5;;1160
2025-08-22T16:15:17Z;3;;1158
2025-08-22T16:15:32Z;0;;1155
2025-08-22T16:15:34Z;10;;1165
2025-08-22T16:15:42Z;0;;1155
2025-08-22T16:15:44Z;7;;1162
2025-08-22T16:19:38Z;553;;1708
2025-08-22T16:19:39Z;96;;1251
2025-08-22T16:22:51Z;;896;992
2025-08-22T16:22:53Z;;907;1003
2025-08-22T16:23:02Z;;899;995
2025-08-22T16:23:05Z;;900;996
2025-08-22T16:23:07Z;;897;993
2025-08-22T16:26:49Z;-13;;884
2025-08-22T16:27:26Z;10;;907
2025-08-22T16:27:44Z;598;;1495
2025-08-22T16:28:31Z;299;;1196
2025-08-22T16:28:33Z;307;;1204
2025-08-22T16:28:36Z;299;;1196
2025-08-22T16:28:38Z;302;;1199
2025-08-22T16:29:06Z;299;;1196
2025-08-22T16:29:08Z;304;;1201
2025-08-22T16:29:45Z;659;482;1556
2025-08-22T16:29:46Z;;804;1463
2025-08-22T16:29:47Z;40;;844
2025-08-22T16:30:07Z;;800;840
2025-08-22T16:30:09Z;443;;1243
2025-08-22T16:30:11Z;54;;854
2025-08-22T16:30:17Z;50;;850
2025-08-22T16:30:52Z;408;;1208
2025-08-22T16:31:03Z;67;;867
2025-08-22T16:32:16Z;406;;1206
2025-08-22T16:32:27Z;607;;1407
2025-08-22T16:34:09Z;375;;1175
2025-08-22T16:35:14Z;648;;1448
2025-08-22T16:35:24Z;370;;1170
2025-08-22T16:36:37Z;714;;1514
2025-08-22T16:38:59Z;;583;1297
2025-08-22T16:39:00Z;;608;1322
2025-08-22T16:39:06Z;;595;1309
2025-08-22T16:39:08Z;;602;1316
2025-08-22T16:39:09Z;;597;1311
2025-08-22T16:39:10Z;;604;1318
2025-08-22T16:39:12Z;;596;1310
2025-08-22T16:39:14Z;;602;1316
2025-08-22T16:39:16Z;;597;1311
2025-08-22T16:39:18Z;;600;1314
2025-08-22T16:39:19Z;;599;1313
2025-08-22T16:39:32Z;;601;1315
2025-08-22T16:39:34Z;;587;1301
2025-08-22T16:39:36Z;;600;1314
2025-08-22T16:39:37Z;;599;1313
2025-08-22T16:39:38Z;;612;1326
2025-08-22T16:39:40Z;;598;1312
2025-08-22T16:39:42Z;;612;1326
2025-08-22T16:40:04Z;;515;1229
2025-08-22T16:40:05Z;;602;1316
2025-08-22T16:40:06Z;;511;1225
2025-08-22T16:40:07Z;;613;1327
2025-08-22T16:40:22Z;;84;798
2025-08-22T16:40:23Z;;585;1299
2025-08-22T16:40:24Z;;736;1450
2025-08-22T16:40:26Z;;598;1312
2025-08-22T16:40:46Z;;600;1314
2025-08-22T16:40:47Z;;597;1311
2025-08-22T16:45:07Z;;522;1236
2025-08-22T16:45:19Z;813;;1335
2025-08-22T16:48:11Z;909;;1431
2025-08-22T16:48:13Z;886;;1408
2025-08-22T16:48:16Z;904;;1426
2025-08-22T16:48:18Z;896;;1418
2025-08-22T16:48:19Z;903;;1425
2025-08-22T16:48:21Z;898;;1420
2025-08-22T16:49:49Z;956;;1478
2025-08-22T16:53:05Z;801;;1323
2025-08-22T16:58:19Z;900;;1422
2025-08-22T16:58:20Z;;295;1195
2025-08-22T16:58:22Z;897;309;1192
2025-08-22T16:58:35Z;590;;899
2025-08-22T16:58:37Z;605;;914
2025-08-22T16:58:39Z;592;;901
2025-08-22T16:58:40Z;604;;913
2025-08-22T16:58:42Z;597;299;903
2025-08-22T16:58:43Z;;302;899
2025-08-22T16:58:46Z;600;;902
2025-08-22T16:58:50Z;576;;878
2025-08-22T16:58:51Z;;297;873
2025-08-22T16:58:54Z;;300;876
2025-08-22T16:58:55Z;;298;874
2025-08-22T16:59:11Z;612;;910
2025-08-22T16:59:45Z;1154;;1452
2025-08-22T16:59:53Z;1206;;1504
2025-08-22T16:59:54Z;1198;;1496
2025-08-22T16:59:56Z;1200;;1498
2025-08-22T17:00:07Z;;260;1460
2025-08-22T17:00:17Z;1213;;1473
2025-08-22T17:00:18Z;1684;;1944
2025-08-22T17:00:20Z;1218;;1478
2025-08-22T17:00:21Z;1187;;1447
2025-08-22T17:00:23Z;1216;;1476
2025-08-22T17:03:51Z;1005;;1265
2025-08-22T17:05:19Z;1296;;1556
2025-08-22T17:05:34Z;1012;;1272
2025-08-22T17:06:06Z;846;;1106
2025-08-22T17:07:14Z;1180;;1440
2025-08-22T17:07:22Z;1206;;1466
2025-08-22T17:07:29Z;1195;;1455
2025-08-22T17:07:31Z;1201;;1461
2025-08-22T17:07:40Z;1197;;1457
2025-08-22T17:07:47Z;1201;;1461
2025-08-22T17:07:49Z;1194;;1454
2025-08-22T17:07:55Z;1204;;1464
2025-08-22T17:07:57Z;1189;;1449
2025-08-22T17:08:48Z;879;;1139
2025-08-22T17:10:23Z;;0;879
2025-08-22T17:10:24Z;909;156;909
2025-08-22T17:10:26Z;895;;1051
2025-08-22T17:10:32Z;1164;;1320
2025-08-22T17:10:39Z;1201;;1357
2025-08-22T17:10:47Z;;452;1653
2025-08-22T17:10:48Z;;167;1368
2025-08-22T17:10:49Z;901;;1068
2025-08-22T17:10:51Z;896;;1063
2025-08-22T17:10:55Z;900;;1067
2025-08-22T17:10:57Z;896;;1063
2025-08-22T17:10:58Z;901;;1068
2025-08-22T17:11:00Z;897;;1064
2025-08-22T17:12:01Z;910;;1077
2025-08-22T17:12:30Z;887;;1054
2025-08-22T17:12:51Z;910;;1077
2025-08-22T17:13:08Z;1413;;1580
2025-08-22T17:13:19Z;907;;1074
2025-08-22T17:13:21Z;894;;1061
2025-08-22T17:13:22Z;905;;1072
2025-08-22T17:13:25Z;899;;1066
2025-08-22T17:13:28Z;900;;1067
2025-08-22T17:13:50Z;1206;;1373
2025-08-22T17:14:38Z;1194;;1361
2025-08-22T17:15:07Z;;167;1361
2025-08-22T17:15:18Z;1182;;1349
2025-08-22T17:15:40Z;1201;;1368
2025-08-22T17:15:43Z;1191;;1358
2025-08-22T17:16:07Z;1200;;1367
2025-08-22T17:16:09Z;1199;;1366
2025-08-22T17:16:13Z;1202;;1369
2025-08-22T17:16:17Z;1198;;1365
2025-08-22T17:16:19Z;1202;;1369
2025-08-22T17:16:22Z;1196;;1363
2025-08-22T17:16:25Z;4085;;4252
2025-08-22T17:16:27Z;1505;;1672
2025-08-22T17:16:29Z;1496;;1663
2025-08-22T17:16:31Z;1503;;1670
2025-08-22T17:16:33Z;1499;;1666
2025-08-22T17:16:35Z;1500;;1667
2025-08-22T17:16:39Z;1204;;1371
2025-08-22T17:16:41Z;1199;;1366
2025-08-22T17:16:46Z;1202;;1369
2025-08-22T17:16:51Z;1199;;1366
2025-08-22T17:16:53Z;1203;;1370
2025-08-22T17:16:56Z;1183;;1350
2025-08-22T17:18:23Z;1248;;1415
2025-08-22T17:20:06Z;1539;;1706
2025-08-22T17:20:27Z;1270;;1437
2025-08-22T17:20:31Z;1148;;1315
2025-08-22T17:20:33Z;1261;;1428
2025-08-22T17:22:31Z;1189;;1356
2025-08-22T17:22:36Z;1208;;1375
2025-08-22T17:22:38Z;1190;;1357
2025-08-22T17:22:46Z;1202;;1369
2025-08-22T17:22:48Z;1187;;1354
2025-08-22T17:22:53Z;1205;;1372
2025-08-22T17:22:55Z;1188;;1355
2025-08-22T17:22:58Z;1201;;1368
2025-08-22T17:23:01Z;1196;;1363
2025-08-22T17:23:02Z;1200;;1367
2025-08-22T17:23:05Z;1190;;1357
2025-08-22T17:23:15Z;1203;;1370
2025-08-22T17:23:16Z;1199;;1366
2025-08-22T17:23:31Z;1202;;1369
2025-08-22T17:23:34Z;1191;;1358
2025-08-22T17:23:45Z;1200;;1367
2025-08-22T17:23:48Z;1195;;1362
2025-08-22T17:24:01Z;1211;;1378
2025-08-22T17:24:05Z;1199;;1366
2025-08-22T17:24:08Z;1206;;1373
2025-08-22T17:24:11Z;1198;;1365
2025-08-22T17:24:13Z;1202;;1369
2025-08-22T17:24:30Z;1196;;1363
2025-08-22T17:24:32Z;1208;;1375
2025-08-22T17:24:38Z;1198;;1365
2025-08-22T17:24:40Z;1203;;1370
2025-08-22T17:24:43Z;1199;;1366
2025-08-22T17:24:46Z;1203;;1370
2025-08-22T17:24:48Z;1196;;1363
2025-08-22T17:24:50Z;1207;;1374
2025-08-22T17:24:53Z;1196;;1363
2025-08-22T17:24:56Z;1200;;1367
2025-08-22T17:24:58Z;1198;;1365
2025-08-22T17:25:01Z;1207;;1374
2025-08-22T17:25:04Z;1174;;1341
2025-08-22T17:25:07Z;1206;;1373
2025-08-22T17:25:10Z;1198;;1365
2025-08-22T17:25:12Z;1201;;1368
2025-08-22T17:25:14Z;1195;;1362
2025-08-22T17:25:17Z;1203;;1370
2025-08-22T17:25:20Z;1197;;1364
2025-08-22T17:25:21Z;1206;;1373
2025-08-22T17:25:23Z;1198;;1365
2025-08-22T17:25:26Z;1200;;1367
2025-08-22T17:25:30Z;1198;;1365
2025-08-22T17:25:33Z;1204;;1371
2025-08-22T17:25:35Z;1199;;1366
2025-08-22T17:25:38Z;1201;;1368
2025-08-22T17:25:41Z;1199;;1366
2025-08-22T17:25:43Z;1200;;1367
2025-08-22T17:25:46Z;1198;;1365
2025-08-22T17:25:49Z;1201;;1368
2025-08-22T17:25:51Z;1198;;1365
2025-08-22T17:25:54Z;1202;;1369
2025-08-22T17:25:57Z;1196;;1363
2025-08-22T17:25:59Z;1203;;1370
2025-08-22T17:26:02Z;977;;1144
2025-08-22T17:30:07Z;;108;1085
2025-08-22T17:30:17Z;1021;;1129
2025-08-22T17:30:32Z;;0;1021
2025-08-22T17:30:33Z;;99;1120
2025-08-22T17:30:34Z;;336;1357
2025-08-22T17:30:35Z;;106;1127
2025-08-22T17:31:00Z;702;;808
2025-08-22T17:31:01Z;1037;;1143
2025-08-22T17:32:26Z;1222;;1328
2025-08-22T17:33:35Z;1507;;1613
2025-08-22T17:33:37Z;1499;;1605
2025-08-22T17:33:39Z;1503;;1609
2025-08-22T17:33:42Z;1499;;1605
2025-08-22T17:33:44Z;1507;;1613
2025-08-22T17:33:51Z;1498;;1604
2025-08-22T17:33:53Z;1508;;1614
2025-08-22T17:34:12Z;1499;;1605
2025-08-22T17:34:14Z;1509;;1615
2025-08-22T17:35:45Z;1390;;1496
2025-08-22T17:36:05Z;1519;;1625
2025-08-22T17:36:43Z;1384;;1490
2025-08-22T17:39:51Z;990;;1096
2025-08-22T17:41:11Z;;483;1473
2025-08-22T17:41:12Z;;69;1059
2025-08-22T17:45:07Z;;59;1049
2025-08-22T17:45:17Z;991;;1050
2025-08-22T17:48:48Z;2176;;2235
2025-08-22T17:48:50Z;1306;;1365
2025-08-22T17:50:51Z;1022;;1081
2025-08-22T17:51:10Z;1478;;1537
2025-08-22T17:51:12Z;1011;;1070
2025-08-22T17:52:17Z;1397;;1456
2025-08-22T18:00:07Z;;21;1418
2025-08-22T18:00:17Z;1256;;1277
2025-08-22T18:01:40Z;1750;;1771
2025-08-22T18:01:43Z;1301;;1322
2025-08-22T18:01:45Z;930;;951
2025-08-22T18:01:47Z;;0;930
2025-08-22T18:01:48Z;1255;;1255
2025-08-22T18:01:50Z;;6;1261
2025-08-22T18:03:34Z;1075;;1081
2025-08-22T18:10:04Z;;0;1075
2025-08-22T18:10:05Z;;2;1077
2025-08-22T18:10:20Z;;0;1075
2025-08-22T18:10:21Z;2725;1;2725
2025-08-22T18:10:24Z;1348;;1349
2025-08-22T18:10:36Z;;0;1348
2025-08-22T18:10:37Z;;1;1349
2025-08-22T18:10:41Z;;0;1348
2025-08-22T18:10:43Z;;1;1349
2025-08-22T18:10:44Z;;0;1348
2025-08-22T18:10:45Z;;1;1349
2025-08-22T18:10:50Z;;0;1348
2025-08-22T18:10:51Z;;1;1349
2025-08-22T18:10:53Z;;0;1348
2025-08-22T18:10:54Z;;1;1349
2025-08-22T18:10:55Z;;0;1348
2025-08-22T18:10:58Z;;1;1349
2025-08-22T18:10:59Z;;0;1348
2025-08-22T18:11:01Z;;1;1349
2025-08-22T18:11:02Z;;0;1348
2025-08-22T18:11:03Z;;1;1349
2025-08-22T18:11:04Z;;0;1348
2025-08-22T18:11:05Z;;1;1349
2025-08-22T18:11:06Z;;0;1348
2025-08-22T18:11:08Z;;1;1349
2025-08-22T18:11:09Z;;0;1348
2025-08-22T18:11:14Z;;1;1349
2025-08-22T18:11:15Z;;0;1348
2025-08-22T18:11:17Z;;1;1349
2025-08-22T18:11:18Z;;0;1348
2025-08-22T18:11:54Z;;1;1349
2025-08-22T18:11:55Z;;0;1348
2025-08-22T18:12:33Z;;4;1352
2025-08-22T18:12:34Z;;0;1348
2025-08-22T18:15:07Z;;0;1348
2025-08-22T18:15:17Z;1350;;1350
2025-08-22T18:21:19Z;1952;;1952
2025-08-22T18:21:21Z;1644;;1644
2025-08-22T18:30:07Z;;0;1644
2025-08-22T18:30:17Z;1699;;1699
2025-08-22T18:41:28Z;1468;;1468
2025-08-22T18:43:07Z;1199;;1199
2025-08-22T18:45:07Z;;0;1199
2025-08-22T18:45:17Z;1181;;1181
2025-08-22T18:47:20Z;792;;792
2025-08-22T18:48:15Z;1028;;1028
2025-08-22T18:48:29Z;1332;;1332
2025-08-22T19:00:07Z;;0;1332
2025-08-22T19:00:17Z;1341;;1341
2025-08-22T19:09:27Z;1131;;1131
2025-08-22T19:10:34Z;1474;;1474
2025-08-22T19:10:45Z;1135;;1135
2025-08-22T19:12:19Z;1447;;1447
2025-08-22T19:12:29Z;1136;;1136
2025-08-22T19:15:07Z;;0;1136
2025-08-22T19:15:17Z;1101;;1101
2025-08-22T19:16:29Z;1418;;1418
2025-08-22T19:17:02Z;1132;;1132
2025-08-22T19:18:14Z;1434;;1434
2025-08-22T19:19:22Z;1177;;1177
2025-08-22T19:22:35Z;888;;888
2025-08-22T19:23:38Z;1185;;1185
2025-08-22T19:23:48Z;1203;;1203
2025-08-22T19:24:06Z;1199;;1199
2025-08-22T19:24:08Z;1204;;1204
2025-08-22T19:24:11Z;1198;;1198
2025-08-22T19:26:10Z;1550;;1550
2025-08-22T19:26:12Z;1393;;1393
2025-08-22T19:30:07Z;;0;1393
2025-08-22T19:30:17Z;1404;;1404
2025-08-22T19:32:47Z;1126;;1126
2025-08-22T19:34:16Z;1420;;1420
2025-08-22T19:38:31Z;1533;;1533
2025-08-22T19:40:18Z;1254;;1254
2025-08-22T19:40:53Z;1060;;1060
2025-08-22T19:41:22Z;1339;;1339
2025-08-22T19:44:40Z;1129;;1129
2025-08-22T19:45:07Z;;0;1129
2025-08-22T19:45:17Z;1058;;1058
2025-08-22T19:45:20Z;830;;830
2025-08-22T19:45:53Z;1112;;1112
2025-08-22T19:48:45Z;835;;835
2025-08-22T19:51:06Z;3832;;3832
2025-08-22T19:51:07Z;1107;;1107
2025-08-22T19:52:04Z;1343;;1343
2025-08-22T20:00:07Z;;0;1343
2025-08-22T20:00:17Z;1436;;1436
2025-08-22T20:02:46Z;1126;;1126
2025-08-22T20:03:59Z;1424;;1424
2025-08-22T20:06:14Z;1130;;1130
2025-08-22T20:07:18Z;1419;;1419
2025-08-22T20:08:02Z;1132;;1132
2025-08-22T20:10:35Z;4288;;4288
2025-08-22T20:10:38Z;1421;;1421
2025-08-22T20:15:07Z;;0;1421
2025-08-22T20:15:18Z;1352;;1352
2025-08-22T20:18:45Z;1062;;1062
2025-08-22T20:19:21Z;840;;840
2025-08-22T20:19:49Z;1128;;1128
2025-08-22T20:20:31Z;839;;839
2025-08-22T20:21:54Z;1148;;1148
2025-08-22T20:22:04Z;850;;850
2025-08-22T20:23:17Z;2823;;2823
2025-08-22T20:23:19Z;1146;;1146
2025-08-22T20:24:54Z;815;;815
2025-08-22T20:25:43Z;919;;919
2025-08-22T20:25:45Z;872;;872
2025-08-22T20:25:48Z;902;;902
2025-08-22T20:25:51Z;899;;899
2025-08-22T20:25:53Z;902;;902
2025-08-22T20:26:36Z;1446;;1446
2025-08-22T20:28:59Z;1150;;1150
2025-08-22T20:30:07Z;;0;1150
2025-08-22T20:30:17Z;1122;;1122
2025-08-22T20:30:46Z;1573;;1573
2025-08-22T20:30:48Z;1420;;1420
2025-08-22T20:35:22Z;1140;;1140
2025-08-22T20:36:31Z;1425;;1425
2025-08-22T20:36:41Z;1137;;1137
2025-08-22T20:38:15Z;1437;;1437
2025-08-22T20:40:38Z;1067;;1067
2025-08-22T20:41:44Z;1365;;1365
2025-08-22T20:41:54Z;1072;;1072
2025-08-22T20:45:02Z;1360;;1360
2025-08-22T20:45:07Z;;0;1360
2025-08-22T20:45:17Z;1383;;1383
2025-08-22T20:48:22Z;1743;;1743
2025-08-22T20:57:12Z;1498;;1498
2025-08-22T20:57:16Z;1501;;1501
2025-08-22T20:57:17Z;1497;;1497
2025-08-22T20:57:21Z;1503;;1503
2025-08-22T20:57:23Z;1498;;1498
2025-08-22T20:57:26Z;1500;;1500
2025-08-22T20:57:29Z;1219;;1219
2025-08-22T20:57:41Z;1196;;1196
2025-08-22T20:57:46Z;1201;;1201
2025-08-22T20:57:48Z;1194;;1194
2025-08-22T20:58:07Z;1200;;1200
2025-08-22T20:58:09Z;1193;;1193
2025-08-22T20:58:40Z;1201;;1201
2025-08-22T20:58:42Z;1197;;1197
2025-08-22T20:59:05Z;899;;899
2025-08-22T20:59:08Z;903;;903
2025-08-22T20:59:14Z;882;;882
2025-08-22T20:59:52Z;909;;909
2025-08-22T21:00:07Z;;0;909
2025-08-22T21:00:17Z;905;;905
2025-08-22T21:00:20Z;879;;879
2025-08-22T21:00:22Z;905;;905
2025-08-22T21:00:25Z;883;;883
2025-08-22T21:00:27Z;907;;907
2025-08-22T21:00:30Z;899;;899
2025-08-22T21:00:33Z;909;;909
2025-08-22T21:00:44Z;1203;;1203
2025-08-22T21:00:52Z;905;;905
2025-08-22T21:01:47Z;899;;899
2025-08-22T21:01:49Z;901;;901
2025-08-22T21:02:04Z;898;;898
2025-08-22T21:02:06Z;903;;903
2025-08-22T21:02:09Z;1222;;1222
2025-08-22T21:02:17Z;904;;904
2025-08-22T21:02:31Z;880;;880
2025-08-22T21:03:53Z;1094;;1094
2025-08-22T21:05:44Z;1547;;1547
2025-08-22T21:05:46Z;1459;;1459
2025-08-22T21:13:36Z;1076;;1076
2025-08-22T21:14:47Z;1341;;1341
2025-08-22T21:15:07Z;;0;1341
2025-08-22T21:15:17Z;1377;;1377
2025-08-22T21:15:39Z;1067;;1067
2025-08-22T21:16:42Z;1347;;1347
2025-08-22T21:18:16Z;1062;;1062
2025-08-22T21:20:00Z;1765;;1765
2025-08-22T21:20:02Z;1351;;1351
2025-08-22T21:20:53Z;1071;;1071
2025-08-22T21:22:05Z;3795;;3795
2025-08-22T21:22:07Z;1353;;1353
2025-08-22T21:24:07Z;1075;;1075
2025-08-22T21:25:13Z;3961;;3961
2025-08-22T21:25:15Z;1372;;1372
2025-08-22T21:29:04Z;1132;;1132
2025-08-22T21:30:07Z;;0;1132
2025-08-22T21:30:17Z;1106;;1106
2025-08-22T21:30:26Z;4138;;4138
2025-08-22T21:30:28Z;1411;;1411
2025-08-22T21:34:36Z;1118;;1118
2025-08-22T21:35:00Z;871;;871
2025-08-22T21:35:39Z;1709;;1709
2025-08-22T21:35:41Z;1170;;1170
2025-08-22T21:35:49Z;1204;;1204
2025-08-22T21:35:51Z;892;;892
2025-08-22T21:36:39Z;901;;901
2025-08-22T21:36:41Z;896;;896
2025-08-22T21:36:57Z;900;;900
2025-08-22T21:36:58Z;893;;893
2025-08-22T21:37:03Z;1198;;1198
2025-08-22T21:37:04Z;1203;;1203
2025-08-22T21:37:17Z;1197;;1197
2025-08-22T21:37:19Z;1211;;1211
2025-08-22T21:37:42Z;1199;;1199
2025-08-22T21:37:44Z;1200;;1200
2025-08-22T21:37:46Z;1199;;1199
2025-08-22T21:37:47Z;1202;;1202
2025-08-22T21:37:49Z;1198;;1198
2025-08-22T21:37:51Z;1201;;1201
2025-08-22T21:37:53Z;1193;;1193
2025-08-22T21:41:47Z;1487;;1487
2025-08-22T21:41:55Z;1140;;1140
2025-08-22T21:42:58Z;1434;;1434
2025-08-22T21:45:07Z;;0;1434
2025-08-22T21:45:17Z;1435;;1435
2025-08-22T21:48:22Z;1145;;1145
2025-08-22T21:50:38Z;1441;;1441
2025-08-22T21:55:19Z;1141;;1141
2025-08-22T21:56:23Z;1420;;1420
2025-08-22T21:59:06Z;1073;;1073
2025-08-22T22:00:07Z;;0;1073
2025-08-22T22:00:17Z;1038;;1038
2025-08-22T22:01:04Z;1332;;1332
2025-08-22T22:03:48Z;1059;;1059
2025-08-22T22:05:14Z;1330;;1330
2025-08-22T22:06:59Z;1058;;1058
2025-08-22T22:08:58Z;835;;835
2025-08-22T22:09:04Z;1119;;1119
2025-08-22T22:10:46Z;878;;878
2025-08-22T22:13:25Z;1110;;1110
2025-08-22T22:15:08Z;;0;1110
2025-08-22T22:15:17Z;1099;;1099
2025-08-22T22:15:41Z;1200;;1200
2025-08-22T22:15:44Z;1187;;1187
2025-08-22T22:17:46Z;1444;;1444
2025-08-22T22:18:55Z;1146;;1146
2025-08-22T22:20:01Z;1599;;1599
2025-08-22T22:20:03Z;1425;;1425
2025-08-22T22:20:59Z;1135;;1135
2025-08-22T22:22:07Z;1418;;1418
2025-08-22T22:23:36Z;1138;;1138
2025-08-22T22:25:04Z;1356;;1356
2025-08-22T22:27:23Z;1184;;1184
2025-08-22T22:27:34Z;1205;;1205
2025-08-22T22:27:36Z;1188;;1188
2025-08-22T22:29:56Z;2360;;2360
2025-08-22T22:29:58Z;1484;;1484
2025-08-22T22:30:03Z;1500;;1500
2025-08-22T22:30:05Z;1498;;1498
2025-08-22T22:30:06Z;1501;;1501
2025-08-22T22:30:07Z;;0;1501
2025-08-22T22:30:17Z;1507;;1507
2025-08-22T22:30:27Z;1499;;1499
2025-08-22T22:30:28Z;1502;;1502
2025-08-22T22:30:33Z;1498;;1498
2025-08-22T22:32:22Z;1194;;1194
2025-08-22T22:34:17Z;1832;;1832
2025-08-22T22:34:19Z;1479;;1479
2025-08-22T22:34:25Z;1503;;1503
2025-08-22T22:34:45Z;1497;;1497
2025-08-22T22:34:47Z;1500;;1500
2025-08-22T22:34:48Z;1499;;1499
2025-08-22T22:34:50Z;1501;;1501
2025-08-22T22:34:52Z;1497;;1497
2025-08-22T22:36:47Z;1186;;1186
2025-08-22T22:38:55Z;1247;;1247
2025-08-22T22:39:20Z;1560;;1560
2025-08-22T22:41:09Z;3737;;3737
2025-08-22T22:41:11Z;1885;;1885
2025-08-22T22:41:16Z;1705;;1705
2025-08-22T22:41:30Z;1395;;1395
2025-08-22T22:42:54Z;1690;;1690
2025-08-22T22:45:07Z;;0;1690
2025-08-22T22:45:18Z;1676;;1676
2025-08-22T22:45:19Z;1398;;1398
2025-08-22T22:46:49Z;1153;;1153
2025-08-22T22:47:13Z;866;;866
2025-08-22T22:49:16Z;1150;;1150
2025-08-22T22:52:11Z;867;;867
2025-08-22T22:53:15Z;1131;;1131
2025-08-22T22:55:20Z;3297;;3297
2025-08-22T22:55:22Z;1424;;1424
2025-08-22T22:55:39Z;1116;;1116
2025-08-22T22:56:44Z;1411;;1411
2025-08-22T22:58:18Z;1103;;1103
2025-08-22T23:00:07Z;;0;1103
2025-08-22T23:00:17Z;1099;;1099
2025-08-22T23:00:23Z;1374;;1374
2025-08-22T23:02:32Z;1789;;1789
2025-08-22T23:02:42Z;1437;;1437
2025-08-22T23:02:44Z;1123;;1123
2025-08-22T23:04:48Z;1430;;1430
2025-08-22T23:04:54Z;3322;;3322
2025-08-22T23:04:57Z;1701;;1701
2025-08-22T23:04:59Z;1410;;1410
2025-08-22T23:06:28Z;1096;;1096
2025-08-22T23:08:44Z;1376;;1376
2025-08-22T23:11:08Z;1099;;1099
2025-08-22T23:12:13Z;1374;;1374
2025-08-22T23:15:07Z;;0;1374
2025-08-22T23:15:14Z;1101;;1101
2025-08-22T23:15:17Z;1391;;1391
2025-08-22T23:15:34Z;2639;;2639
2025-08-22T23:15:36Z;1392;;1392
2025-08-22T23:15:45Z;1102;;1102
2025-08-22T23:16:23Z;4238;;4238
2025-08-22T23:16:25Z;1410;;1410
2025-08-22T23:16:58Z;1732;;1732
2025-08-22T23:18:52Z;1414;;1414
2025-08-22T23:19:53Z;1101;;1101
2025-08-22T23:21:36Z;2660;;2660
2025-08-22T23:21:38Z;1384;;1384
2025-08-22T23:23:58Z;1101;;1101
2025-08-22T23:24:44Z;845;;845
2025-08-22T23:25:36Z;2372;;2372
2025-08-22T23:25:40Z;1154;;1154
2025-08-22T23:29:31Z;866;;866
2025-08-22T23:30:08Z;;0;866
2025-08-22T23:30:17Z;848;;848
2025-08-22T23:30:39Z;1224;;1224
2025-08-22T23:30:41Z;1137;;1137
2025-08-22T23:31:15Z;871;;871
2025-08-22T23:31:31Z;1082;;1082
2025-08-22T23:32:15Z;2603;;2603
2025-08-22T23:32:17Z;1412;;1412
2025-08-22T23:32:44Z;4617;;4617
2025-08-22T23:32:46Z;1736;;1736
2025-08-22T23:34:37Z;1423;;1423
2025-08-22T23:36:12Z;1116;;1116
2025-08-22T23:37:59Z;1394;;1394
2025-08-22T23:42:04Z;1853;;1853
2025-08-22T23:42:11Z;2416;;2416
2025-08-22T23:42:13Z;1952;;1952
2025-08-22T23:43:53Z;2242;;2242
2025-08-22T23:43:58Z;2522;;2522
2025-08-22T23:44:06Z;1961;;1961
2025-08-22T23:44:30Z;1769;;1769
2025-08-22T23:44:40Z;1825;;1825
2025-08-22T23:45:07Z;;0;1825
2025-08-22T23:45:17Z;1857;;1857
2025-08-22T23:45:28Z;2159;;2159
2025-08-22T23:45:52Z;1887;;1887
2025-08-22T23:47:49Z;1754;;1754
2025-08-22T23:47:57Z;1828;;1828
2025-08-22T23:48:13Z;3681;;3681
2025-08-22T23:48:20Z;2105;;2105
2025-08-22T23:48:23Z;2105;;2105
2025-08-22T23:48:39Z;1863;;1863
2025-08-22T23:50:37Z;1664;;1664
2025-08-22T23:50:53Z;1451;;1451
2025-08-22T23:51:08Z;1164;;1164
2025-08-22T23:54:19Z;1397;;1397
2025-08-22T23:55:46Z;1114;;1114
2025-08-22T23:56:05Z;861;;861
2025-08-22T23:57:47Z;3489;;3489
2025-08-22T23:57:49Z;1156;;1156
2025-08-22T23:58:04Z;1202;;1202
2025-08-22T23:58:06Z;1196;;1196
2025-08-22T23:58:08Z;1202;;1202
2025-08-22T23:58:10Z;1195;;1195
2025-08-22T23:58:12Z;1204;;1204
2025-08-22T23:58:13Z;1189;;1189
2025-08-22T23:59:53Z;887;;887