timestamp;P_ex;P_pr;P_load
2026-04-23T00:00:06Z;419;;419
2026-04-23T00:00:15Z;;0;419
2026-04-23T00:15:06Z;443;;443
2026-04-23T00:15:15Z;;0;443
2026-04-23T00:30:06Z;409;;409
2026-04-23T00:30:15Z;;0;409
2026-04-23T00:45:06Z;411;;411
2026-04-23T00:45:15Z;;0;411
2026-04-23T01:00:06Z;410;;410
2026-04-23T01:00:15Z;;0;410
2026-04-23T01:15:06Z;408;;408
2026-04-23T01:15:15Z;;0;408
2026-04-23T01:30:06Z;407;;407
2026-04-23T01:30:15Z;;0;407
2026-04-23T01:45:06Z;408;;408
2026-04-23T01:45:15Z;;0;408
2026-04-23T02:00:06Z;404;;404
2026-04-23T02:00:15Z;;0;404
2026-04-23T02:15:06Z;466;;466
2026-04-23T02:15:15Z;;0;466
2026-04-23T02:30:06Z;464;;464
2026-04-23T02:30:15Z;;0;464
2026-04-23T02:45:06Z;451;;451
2026-04-23T02:45:15Z;;0;451
2026-04-23T03:00:06Z;423;;423
2026-04-23T03:00:15Z;;0;423
2026-04-23T03:15:06Z;425;;425
2026-04-23T03:15:15Z;;0;425
2026-04-23T03:30:06Z;368;;368
2026-04-23T03:30:15Z;;0;368
2026-04-23T03:45:06Z;471;;471
2026-04-23T03:45:15Z;;0;471
2026-04-23T04:00:06Z;396;;396
2026-04-23T04:00:15Z;;0;396
2026-04-23T04:02:06Z;616;;616
2026-04-23T04:02:24Z;395;;395
2026-04-23T04:04:05Z;894;;894
2026-04-23T04:04:07Z;901;;901
2026-04-23T04:04:09Z;898;;898
2026-04-23T04:04:11Z;903;;903
2026-04-23T04:04:12Z;899;;899
2026-04-23T04:04:18Z;900;;900
2026-04-23T04:04:20Z;899;;899
2026-04-23T04:04:22Z;902;;902
2026-04-23T04:04:24Z;898;;898
2026-04-23T04:04:27Z;900;;900
2026-04-23T04:04:29Z;898;;898
2026-04-23T04:04:31Z;902;;902
2026-04-23T04:04:33Z;897;;897
2026-04-23T04:04:36Z;900;;900
2026-04-23T04:04:42Z;895;;895
2026-04-23T04:04:44Z;903;;903
2026-04-23T04:06:30Z;453;;453
2026-04-23T04:08:01Z;937;;937
2026-04-23T04:10:48Z;452;;452
2026-04-23T04:15:06Z;421;;421
2026-04-23T04:15:15Z;;0;421
2026-04-23T04:23:57Z;;34;455
2026-04-23T04:23:58Z;;0;421
2026-04-23T04:23:59Z;;48;469
2026-04-23T04:24:01Z;;0;421
2026-04-23T04:26:04Z;;1;422
2026-04-23T04:26:05Z;;0;421
2026-04-23T04:26:10Z;;1;422
2026-04-23T04:26:12Z;;0;421
2026-04-23T04:26:14Z;;1;422
2026-04-23T04:26:18Z;;0;421
2026-04-23T04:26:19Z;;1;422
2026-04-23T04:27:56Z;;0;421
2026-04-23T04:27:59Z;;5;426
2026-04-23T04:28:08Z;;0;421
2026-04-23T04:28:11Z;;6;427
2026-04-23T04:30:06Z;388;;394
2026-04-23T04:30:15Z;;16;404
2026-04-23T04:45:06Z;354;;370
2026-04-23T04:45:15Z;;72;426
2026-04-23T04:48:06Z;936;;1008
2026-04-23T04:48:07Z;;483;1419
2026-04-23T04:48:08Z;;82;1018
2026-04-23T04:48:09Z;550;;632
2026-04-23T04:48:27Z;790;;872
2026-04-23T04:48:29Z;497;;579
2026-04-23T04:48:32Z;291;;373
2026-04-23T04:48:35Z;489;;571
2026-04-23T04:59:02Z;298;;380
2026-04-23T04:59:04Z;301;;383
2026-04-23T04:59:07Z;299;;381
2026-04-23T04:59:09Z;301;;383
2026-04-23T04:59:22Z;296;;378
2026-04-23T04:59:24Z;303;;385
2026-04-23T04:59:43Z;299;;381
2026-04-23T04:59:45Z;308;;390
2026-04-23T04:59:47Z;297;;379
2026-04-23T04:59:49Z;301;;383
2026-04-23T04:59:50Z;296;;378
2026-04-23T04:59:52Z;300;;382
2026-04-23T04:59:54Z;298;;380
2026-04-23T04:59:57Z;300;;382
2026-04-23T04:59:59Z;298;;380
2026-04-23T05:00:04Z;301;;383
2026-04-23T05:00:06Z;299;;381
2026-04-23T05:00:09Z;299;;381
2026-04-23T05:00:10Z;300;;382
2026-04-23T05:00:12Z;295;;377
2026-04-23T05:00:15Z;;123;418
2026-04-23T05:00:19Z;301;;424
2026-04-23T05:00:23Z;296;;419
2026-04-23T05:00:28Z;303;;426
2026-04-23T05:00:30Z;297;;420
2026-04-23T05:00:34Z;300;;423
2026-04-23T05:00:36Z;298;;421
2026-04-23T05:00:40Z;308;;431
2026-04-23T05:00:42Z;296;;419
2026-04-23T05:00:45Z;300;;423
2026-04-23T05:00:47Z;297;;420
2026-04-23T05:00:49Z;300;;423
2026-04-23T05:00:50Z;295;;418
2026-04-23T05:00:57Z;300;;423
2026-04-23T05:00:59Z;295;;418
2026-04-23T05:01:03Z;300;;423
2026-04-23T05:01:08Z;295;;418
2026-04-23T05:01:10Z;304;;427
2026-04-23T05:01:12Z;298;;421
2026-04-23T05:01:51Z;314;;437
2026-04-23T05:01:53Z;285;;408
2026-04-23T05:02:08Z;300;;423
2026-04-23T05:02:10Z;291;;414
2026-04-23T05:04:44Z;422;;545
2026-04-23T05:05:13Z;248;;371
2026-04-23T05:07:15Z;391;;514
2026-04-23T05:07:18Z;251;;374
2026-04-23T05:08:19Z;329;;452
2026-04-23T05:08:21Z;242;400;365
2026-04-23T05:08:22Z;;158;400
2026-04-23T05:08:39Z;-59;;99
2026-04-23T05:08:41Z;226;;384
2026-04-23T05:10:07Z;363;;521
2026-04-23T05:10:18Z;225;;383
2026-04-23T05:15:06Z;266;;424
2026-04-23T05:15:15Z;;185;451
2026-04-23T05:18:23Z;;0;266
2026-04-23T05:18:24Z;;183;449
2026-04-23T05:19:00Z;470;;653
2026-04-23T05:19:03Z;232;;415
2026-04-23T05:19:05Z;329;;512
2026-04-23T05:19:07Z;218;;401
2026-04-23T05:20:44Z;354;;537
2026-04-23T05:20:49Z;210;;393
2026-04-23T05:23:04Z;663;;846
2026-04-23T05:23:13Z;209;;392
2026-04-23T05:30:06Z;167;;350
2026-04-23T05:30:15Z;;280;447
2026-04-23T05:30:46Z;;300;467
2026-04-23T05:30:52Z;;299;466
2026-04-23T05:30:53Z;;307;474
2026-04-23T05:35:36Z;-15;;292
2026-04-23T05:36:55Z;1;;308
2026-04-23T05:36:57Z;-21;;286
2026-04-23T05:37:15Z;1;;308
2026-04-23T05:37:17Z;-28;;279
2026-04-23T05:37:19Z;3;;310
2026-04-23T05:37:20Z;-27;;280
2026-04-23T05:37:48Z;3;;310
2026-04-23T05:37:50Z;-22;;285
2026-04-23T05:38:44Z;437;;744
2026-04-23T05:38:46Z;-46;;261
2026-04-23T05:39:14Z;380;;687
2026-04-23T05:39:18Z;-63;;244
2026-04-23T05:39:21Z;-311;;-4
2026-04-23T05:39:24Z;-71;;236
2026-04-23T05:45:06Z;-157;;150
2026-04-23T05:45:15Z;;576;419
2026-04-23T05:45:53Z;;601;444
2026-04-23T05:46:37Z;;594;437
2026-04-23T05:46:38Z;;622;465
2026-04-23T05:47:21Z;;596;439
2026-04-23T05:47:23Z;;608;451
2026-04-23T05:47:33Z;;596;439
2026-04-23T05:47:35Z;;609;452
2026-04-23T05:47:45Z;;598;441
2026-04-23T05:47:47Z;;613;456
2026-04-23T05:48:47Z;;520;363
2026-04-23T05:48:48Z;;654;497
2026-04-23T05:48:49Z;;599;442
2026-04-23T05:48:50Z;;666;509
2026-04-23T05:49:21Z;;324;167
2026-04-23T05:49:22Z;;651;494
2026-04-23T05:49:23Z;;507;350
2026-04-23T05:49:24Z;;662;505
2026-04-23T05:55:27Z;-307;;355
2026-04-23T05:55:31Z;-287;;375
2026-04-23T05:55:33Z;-314;;348
2026-04-23T05:55:35Z;-290;;372
2026-04-23T05:55:57Z;-331;;331
2026-04-23T05:56:12Z;-296;;366
2026-04-23T05:56:14Z;-300;;362
2026-04-23T05:59:05Z;-361;;301
2026-04-23T05:59:07Z;-337;;325
2026-04-23T06:00:06Z;-342;;320
2026-04-23T06:00:15Z;;827;485
2026-04-23T06:03:22Z;;900;558
2026-04-23T06:03:23Z;;898;556
2026-04-23T06:03:26Z;;900;558
2026-04-23T06:03:28Z;;891;549
2026-04-23T06:03:32Z;;902;560
2026-04-23T06:03:36Z;;898;556
2026-04-23T06:03:38Z;;904;562
2026-04-23T06:09:02Z;-133;;771
2026-04-23T06:09:04Z;-595;;309
2026-04-23T06:10:29Z;-610;;294
2026-04-23T06:10:31Z;-583;;321
2026-04-23T06:10:51Z;-600;;304
2026-04-23T06:15:06Z;-699;;205
2026-04-23T06:15:15Z;;1107;408
2026-04-23T06:19:07Z;;659;-40
2026-04-23T06:19:08Z;;1136;437
2026-04-23T06:19:09Z;-569;;567
2026-04-23T06:19:11Z;-735;;401
2026-04-23T06:19:41Z;-406;;730
2026-04-23T06:19:43Z;-743;524;393
2026-04-23T06:19:44Z;;1182;439
2026-04-23T06:19:46Z;-551;;631
2026-04-23T06:19:48Z;-758;;424
2026-04-23T06:20:33Z;;1201;443
2026-04-23T06:20:34Z;;1196;438
2026-04-23T06:20:36Z;;1200;442
2026-04-23T06:20:37Z;;1199;441
2026-04-23T06:20:38Z;;1200;442
2026-04-23T06:20:40Z;;1197;439
2026-04-23T06:20:42Z;;1203;445
2026-04-23T06:28:29Z;-904;;299
2026-04-23T06:28:33Z;-899;;304
2026-04-23T06:28:35Z;-903;;300
2026-04-23T06:28:39Z;-895;;308
2026-04-23T06:28:41Z;-900;;303
2026-04-23T06:29:18Z;-896;;307
2026-04-23T06:29:21Z;-909;;294
2026-04-23T06:29:47Z;-892;;311
2026-04-23T06:29:49Z;-909;;294
2026-04-23T06:29:57Z;-898;;305
2026-04-23T06:30:05Z;-903;;300
2026-04-23T06:30:08Z;-898;;305
2026-04-23T06:30:09Z;-898;;305
2026-04-23T06:30:15Z;;1343;445
2026-04-23T06:30:23Z;-901;;442
2026-04-23T06:30:25Z;-899;;444
2026-04-23T06:30:26Z;-900;;443
2026-04-23T06:33:04Z;-837;;506
2026-04-23T06:33:52Z;-900;;443
2026-04-23T06:33:54Z;-893;;450
2026-04-23T06:34:01Z;-1031;;312
2026-04-23T06:35:36Z;-898;;445
2026-04-23T06:35:39Z;-906;;437
2026-04-23T06:35:42Z;-899;;444
2026-04-23T06:35:44Z;-1041;;302
2026-04-23T06:37:22Z;;1503;462
2026-04-23T06:37:26Z;;1499;458
2026-04-23T06:37:28Z;;1502;461
2026-04-23T06:37:32Z;;1489;448
2026-04-23T06:37:34Z;;1505;464
2026-04-23T06:37:44Z;;1496;455
2026-04-23T06:37:46Z;;1512;471
2026-04-23T06:38:08Z;;1501;460
2026-04-23T06:38:10Z;;1516;475
2026-04-23T06:38:44Z;;1497;456
2026-04-23T06:38:46Z;;1511;470
2026-04-23T06:38:56Z;;1495;454
2026-04-23T06:38:58Z;;1511;470
2026-04-23T06:39:08Z;;1493;452
2026-04-23T06:39:10Z;;1505;464
2026-04-23T06:39:14Z;;1498;457
2026-04-23T06:39:16Z;;1504;463
2026-04-23T06:39:18Z;;1492;451
2026-04-23T06:39:26Z;;1504;463
2026-04-23T06:39:30Z;;1499;458
2026-04-23T06:39:31Z;;1501;460
2026-04-23T06:39:36Z;;1497;456
2026-04-23T06:39:37Z;;1502;461
2026-04-23T06:40:50Z;;1458;417
2026-04-23T06:40:51Z;;1537;496
2026-04-23T06:40:52Z;;1470;429
2026-04-23T06:40:53Z;;1553;512
2026-04-23T06:45:06Z;-1194;;359
2026-04-23T06:45:15Z;;1664;470
2026-04-23T06:47:00Z;-1200;;464
2026-04-23T06:47:03Z;-1148;;516
2026-04-23T06:47:08Z;-1211;;453
2026-04-23T06:47:10Z;-1193;;471
2026-04-23T06:47:12Z;-1218;;446
2026-04-23T06:47:14Z;-1180;;484
2026-04-23T06:47:18Z;-1216;;448
2026-04-23T06:47:21Z;-1199;;465
2026-04-23T06:47:23Z;-1213;;451
2026-04-23T06:49:00Z;-1228;;436
2026-04-23T06:49:02Z;-1173;;491
2026-04-23T06:49:21Z;-932;;732
2026-04-23T06:49:23Z;-1238;;426
2026-04-23T06:49:24Z;-1150;;514
2026-04-23T06:49:25Z;;1155;5
2026-04-23T06:49:26Z;;1764;614
2026-04-23T06:49:27Z;-1254;;510
2026-04-23T06:49:59Z;-926;;838
2026-04-23T06:50:01Z;-1254;;510
2026-04-23T06:51:01Z;;1805;551
2026-04-23T06:51:02Z;;1790;536
2026-04-23T06:51:06Z;;1806;552
2026-04-23T06:51:09Z;;1799;545
2026-04-23T06:51:12Z;;1802;548
2026-04-23T06:51:14Z;;1794;540
2026-04-23T06:51:16Z;;1802;548
2026-04-23T06:51:26Z;;1796;542
2026-04-23T06:51:28Z;;1806;552
2026-04-23T06:51:35Z;;1798;544
2026-04-23T06:51:36Z;;1806;552
2026-04-23T06:51:41Z;;1799;545
2026-04-23T06:51:42Z;;1812;558
2026-04-23T06:59:30Z;;1729;475
2026-04-23T06:59:31Z;;1963;709
2026-04-23T07:00:02Z;;1727;473
2026-04-23T07:00:03Z;;1973;719
2026-04-23T07:00:04Z;-1101;;872
2026-04-23T07:00:05Z;;945;-156
2026-04-23T07:00:06Z;;1992;891
2026-04-23T07:00:08Z;-1468;;-523
2026-04-23T07:00:09Z;-1462;;530
2026-04-23T07:00:15Z;;1991;529
2026-04-23T07:00:34Z;-1500;;491
2026-04-23T07:00:37Z;-1510;;481
2026-04-23T07:00:42Z;-1501;;490
2026-04-23T07:00:44Z;-1496;;495
2026-04-23T07:00:46Z;-1503;;488
2026-04-23T07:00:50Z;-1490;;501
2026-04-23T07:00:52Z;-1501;;490
2026-04-23T07:01:02Z;-1521;;470
2026-04-23T07:01:04Z;-1497;;494
2026-04-23T07:01:08Z;-1498;;493
2026-04-23T07:01:10Z;-1506;;485
2026-04-23T07:01:14Z;-1497;;494
2026-04-23T07:01:16Z;-1510;;481
2026-04-23T07:01:26Z;-1497;;494
2026-04-23T07:01:28Z;-1501;;490
2026-04-23T07:01:32Z;-1497;;494
2026-04-23T07:01:34Z;-1507;;484
2026-04-23T07:01:36Z;-1403;;588
2026-04-23T07:02:46Z;-1502;;489
2026-04-23T07:02:50Z;-1496;;495
2026-04-23T07:02:52Z;-1500;;491
2026-04-23T07:02:56Z;-1495;;496
2026-04-23T07:02:58Z;-1507;;484
2026-04-23T07:03:00Z;-1386;;605
2026-04-23T07:03:02Z;-1509;;482
2026-04-23T07:03:37Z;-1484;;507
2026-04-23T07:03:39Z;-1604;;387
2026-04-23T07:04:50Z;;2100;496
2026-04-23T07:04:52Z;;2097;493
2026-04-23T07:04:56Z;;2100;496
2026-04-23T07:04:57Z;;2098;494
2026-04-23T07:05:02Z;;2100;496
2026-04-23T07:05:03Z;;2099;495
2026-04-23T07:05:09Z;;2100;496
2026-04-23T07:05:10Z;;2095;491
2026-04-23T07:06:23Z;;2100;496
2026-04-23T07:06:24Z;;2093;489
2026-04-23T07:06:26Z;;2101;497
2026-04-23T07:06:30Z;;2084;480
2026-04-23T07:06:32Z;;2100;496
2026-04-23T07:06:42Z;;2094;490
2026-04-23T07:06:44Z;;2108;504
2026-04-23T07:09:12Z;;2044;440
2026-04-23T07:09:13Z;;2175;571
2026-04-23T07:12:31Z;-1800;;375
2026-04-23T07:12:33Z;-1791;;384
2026-04-23T07:12:42Z;-1801;;374
2026-04-23T07:12:47Z;-1788;;387
2026-04-23T07:12:49Z;-1806;;369
2026-04-23T07:12:54Z;-1799;;376
2026-04-23T07:12:56Z;-1802;;373
2026-04-23T07:12:58Z;-1743;;432
2026-04-23T07:12:59Z;-1803;;372
2026-04-23T07:13:01Z;-1784;;391
2026-04-23T07:13:03Z;-1806;;369
2026-04-23T07:13:07Z;-1713;;462
2026-04-23T07:13:09Z;-1805;;370
2026-04-23T07:13:11Z;-1796;;379
2026-04-23T07:13:15Z;-1805;;370
2026-04-23T07:13:29Z;-1818;;357
2026-04-23T07:13:31Z;-1815;;360
2026-04-23T07:13:39Z;-1793;;382
2026-04-23T07:13:41Z;-1811;;364
2026-04-23T07:14:03Z;-1749;;426
2026-04-23T07:14:05Z;-1830;;345
2026-04-23T07:14:12Z;-1790;;385
2026-04-23T07:14:14Z;-1815;;360
2026-04-23T07:14:35Z;-1776;;399
2026-04-23T07:14:37Z;-1839;;336
2026-04-23T07:14:42Z;-1794;;381
2026-04-23T07:14:44Z;-1849;;326
2026-04-23T07:15:06Z;-1867;;308
2026-04-23T07:15:15Z;;2299;432
2026-04-23T07:19:49Z;-1454;;845
2026-04-23T07:19:51Z;-1916;1732;383
2026-04-23T07:19:52Z;;2373;457
2026-04-23T07:19:54Z;-1615;;758
2026-04-23T07:19:56Z;-1937;;436
2026-04-23T07:20:45Z;;2400;463
2026-04-23T07:20:46Z;;2396;459
2026-04-23T07:20:51Z;;2400;463
2026-04-23T07:20:52Z;;2382;445
2026-04-23T07:20:54Z;;2402;465
2026-04-23T07:21:17Z;;2398;461
2026-04-23T07:21:18Z;;2424;487
2026-04-23T07:23:01Z;;2277;340
2026-04-23T07:23:03Z;;2402;465
2026-04-23T07:27:26Z;-2108;;294
2026-04-23T07:27:28Z;-2089;;313
2026-04-23T07:27:41Z;-2101;;301
2026-04-23T07:27:48Z;-2095;;307
2026-04-23T07:27:50Z;-2103;;299
2026-04-23T07:28:00Z;-2099;;303
2026-04-23T07:28:02Z;-2101;;301
2026-04-23T07:28:13Z;-2098;;304
2026-04-23T07:28:15Z;-2106;;296
2026-04-23T07:29:54Z;;2274;168
2026-04-23T07:29:55Z;;2582;476
2026-04-23T07:29:56Z;-1432;;1150
2026-04-23T07:29:57Z;;2123;691
2026-04-23T07:30:00Z;-2173;;-50
2026-04-23T07:30:06Z;-2166;;-43
2026-04-23T07:30:15Z;;2616;450
2026-04-23T07:30:18Z;-1862;;754
2026-04-23T07:30:21Z;;2109;247
2026-04-23T07:30:22Z;;2624;762
2026-04-23T07:30:25Z;-2193;;431
2026-04-23T07:30:26Z;-1440;;1184
2026-04-23T07:30:30Z;-2214;;410
2026-04-23T07:30:32Z;-1987;;637
2026-04-23T07:30:34Z;-2204;;420
2026-04-23T07:32:11Z;-2086;;538
2026-04-23T07:32:13Z;-2241;;383
2026-04-23T07:34:24Z;-2253;;371
2026-04-23T07:34:26Z;-2245;;379
2026-04-23T07:35:31Z;;2700;455
2026-04-23T07:35:32Z;;2699;454
2026-04-23T07:35:34Z;;2701;456
2026-04-23T07:35:36Z;;2697;452
2026-04-23T07:35:37Z;;2703;458
2026-04-23T07:35:38Z;;2693;448
2026-04-23T07:35:40Z;;2703;458
2026-04-23T07:35:41Z;;2697;452
2026-04-23T07:35:43Z;;2705;460
2026-04-23T07:35:50Z;;2698;453
2026-04-23T07:35:52Z;;2709;464
2026-04-23T07:35:53Z;;2552;307
2026-04-23T07:35:54Z;;2705;460
2026-04-23T07:35:55Z;;2683;438
2026-04-23T07:35:56Z;;2714;469
2026-04-23T07:36:00Z;;2696;451
2026-04-23T07:36:01Z;;2718;473
2026-04-23T07:36:11Z;;2664;419
2026-04-23T07:36:12Z;;2720;475
2026-04-23T07:36:45Z;;2673;428
2026-04-23T07:36:46Z;;2740;495
2026-04-23T07:38:53Z;;2605;360
2026-04-23T07:38:54Z;;2771;526
2026-04-23T07:40:24Z;;2417;172
2026-04-23T07:40:25Z;;2780;535
2026-04-23T07:40:26Z;-1984;;796
2026-04-23T07:40:27Z;;2241;257
2026-04-23T07:40:28Z;-2339;2803;819
2026-04-23T07:42:22Z;-2410;;393
2026-04-23T07:42:24Z;-2375;;428
2026-04-23T07:42:33Z;-2407;;396
2026-04-23T07:42:35Z;-2389;;414
2026-04-23T07:42:38Z;-2385;;418
2026-04-23T07:42:40Z;-2414;;389
2026-04-23T07:42:45Z;-2419;;384
2026-04-23T07:42:47Z;-2387;;416
2026-04-23T07:42:53Z;-2424;;379
2026-04-23T07:42:55Z;-2392;;411
2026-04-23T07:42:57Z;-2422;;381
2026-04-23T07:43:17Z;-2292;;511
2026-04-23T07:43:19Z;-2412;;391
2026-04-23T07:44:02Z;-2343;;460
2026-04-23T07:44:04Z;-2435;;368
2026-04-23T07:44:17Z;-2381;;422
2026-04-23T07:44:19Z;-2440;;363
2026-04-23T07:44:38Z;-2341;;462
2026-04-23T07:44:40Z;-2432;;371
2026-04-23T07:45:06Z;-2446;;357
2026-04-23T07:45:15Z;;2880;434
2026-04-23T07:50:13Z;-2230;;650
2026-04-23T07:50:15Z;-2502;;378
2026-04-23T07:51:50Z;;3000;498
2026-04-23T07:51:51Z;;2999;497
2026-04-23T07:51:55Z;;3000;498
2026-04-23T07:51:57Z;;2998;496
2026-04-23T07:52:01Z;;3001;499
2026-04-23T07:52:05Z;;2996;494
2026-04-23T07:52:07Z;;3003;501
2026-04-23T07:52:11Z;;2996;494
2026-04-23T07:52:12Z;;3000;498
2026-04-23T07:52:23Z;;2997;495
2026-04-23T07:52:24Z;;3003;501
2026-04-23T07:52:59Z;;2996;494
2026-04-23T07:53:00Z;;3004;502
2026-04-23T07:55:50Z;;2994;492
2026-04-23T07:55:51Z;;3058;556
2026-04-23T07:59:02Z;;2923;421
2026-04-23T07:59:03Z;;3104;602
2026-04-23T08:00:06Z;-2683;;421
2026-04-23T08:00:15Z;;3117;434
2026-04-23T08:01:20Z;-2701;;416
2026-04-23T08:01:22Z;-2696;;421
2026-04-23T08:01:31Z;-2704;;413
2026-04-23T08:01:33Z;-2698;;419
2026-04-23T08:01:35Z;-2702;;415
2026-04-23T08:01:37Z;-2681;;436
2026-04-23T08:01:39Z;-2703;;414
2026-04-23T08:01:41Z;-2683;;434
2026-04-23T08:01:42Z;-2704;;413
2026-04-23T08:01:44Z;-2694;;423
2026-04-23T08:01:46Z;-2705;;412
2026-04-23T08:01:48Z;-2685;;432
2026-04-23T08:01:49Z;-2707;;410
2026-04-23T08:01:51Z;-2686;;431
2026-04-23T08:01:53Z;-2712;;405
2026-04-23T08:01:55Z;-2682;;435
2026-04-23T08:01:58Z;-2709;;408
2026-04-23T08:02:00Z;-2685;;432
2026-04-23T08:02:02Z;-2704;;413
2026-04-23T08:02:03Z;-2690;;427
2026-04-23T08:02:05Z;-2711;;406
2026-04-23T08:02:07Z;-2680;;437
2026-04-23T08:02:37Z;-2700;;417
2026-04-23T08:02:39Z;-2694;;423
2026-04-23T08:02:43Z;-2702;;415
2026-04-23T08:02:45Z;-2698;;419
2026-04-23T08:02:46Z;-2702;;415
2026-04-23T08:02:54Z;-2699;;418
2026-04-23T08:02:56Z;-2711;;406
2026-04-23T08:03:06Z;-2698;;419
2026-04-23T08:03:08Z;-2713;;404
2026-04-23T08:03:51Z;-2585;;532
2026-04-23T08:03:53Z;-2720;;397
2026-04-23T08:03:58Z;-2690;;427
2026-04-23T08:04:00Z;-2724;;393
2026-04-23T08:06:06Z;-2657;;460
2026-04-23T08:06:08Z;-2785;;332
2026-04-23T08:08:26Z;-2647;;470
2026-04-23T08:08:28Z;-2830;;287
2026-04-23T08:11:00Z;;3301;471
2026-04-23T08:11:01Z;;3296;466
2026-04-23T08:11:05Z;;3302;472
2026-04-23T08:11:11Z;;3291;461
2026-04-23T08:11:13Z;;3304;474
2026-04-23T08:11:25Z;;3305;475
2026-04-23T08:11:35Z;;3311;481
2026-04-23T08:11:55Z;;3293;463
2026-04-23T08:11:57Z;;3316;486
2026-04-23T08:12:53Z;;3292;462
2026-04-23T08:12:54Z;;3329;499
2026-04-23T08:14:19Z;;3155;325
2026-04-23T08:14:20Z;;3333;503
2026-04-23T08:14:28Z;;3212;382
2026-04-23T08:14:29Z;;3332;502
2026-04-23T08:14:37Z;;3282;452
2026-04-23T08:14:38Z;;3338;508
2026-04-23T08:15:06Z;-2947;;391
2026-04-23T08:15:15Z;;3349;402
2026-04-23T08:16:53Z;;3186;239
2026-04-23T08:16:54Z;;3371;424
2026-04-23T08:19:49Z;-3002;;369
2026-04-23T08:19:51Z;-2994;;377
2026-04-23T08:20:05Z;-3002;;369
2026-04-23T08:20:07Z;-2996;;375
2026-04-23T08:20:09Z;-3003;;368
2026-04-23T08:20:11Z;-2999;;372
2026-04-23T08:20:13Z;-3001;;370
2026-04-23T08:20:17Z;-3001;;370
2026-04-23T08:20:19Z;-3008;;363
2026-04-23T08:20:21Z;-2996;;375
2026-04-23T08:20:23Z;-3005;;366
2026-04-23T08:20:31Z;-2997;;374
2026-04-23T08:20:33Z;-3012;;359
2026-04-23T08:20:34Z;;3236;224
2026-04-23T08:20:35Z;;3438;426
2026-04-23T08:21:13Z;;3286;274
2026-04-23T08:21:14Z;;3443;431
2026-04-23T08:21:28Z;-2983;;460
2026-04-23T08:21:30Z;-3035;;408
2026-04-23T08:22:02Z;-2999;;444
2026-04-23T08:22:04Z;-3052;;391
2026-04-23T08:22:20Z;-2866;;577
2026-04-23T08:22:22Z;-3047;;396
2026-04-23T08:23:08Z;-3062;;381
2026-04-23T08:23:09Z;;3172;110
2026-04-23T08:23:10Z;-3069;;103
2026-04-23T08:23:11Z;;3478;409
2026-04-23T08:24:24Z;-2896;;582
2026-04-23T08:24:26Z;-3056;;422
2026-04-23T08:25:11Z;-2773;;705
2026-04-23T08:25:12Z;;3259;486
2026-04-23T08:25:13Z;;3494;721
2026-04-23T08:25:14Z;-3058;;436
2026-04-23T08:25:30Z;-2884;;610
2026-04-23T08:25:32Z;-3061;;433
2026-04-23T08:25:35Z;-2949;;545
2026-04-23T08:25:37Z;-3061;;433
2026-04-23T08:30:06Z;-3108;;386
2026-04-23T08:30:15Z;;3576;468
2026-04-23T08:30:28Z;-2985;;591
2026-04-23T08:30:30Z;-3043;;533
2026-04-23T08:30:32Z;;3258;215
2026-04-23T08:30:33Z;-2933;;325
2026-04-23T08:30:34Z;;3413;480
2026-04-23T08:30:36Z;-3113;;300
2026-04-23T08:30:39Z;-2995;;418
2026-04-23T08:30:42Z;-3012;;401
2026-04-23T08:30:43Z;;3251;239
2026-04-23T08:30:44Z;-2855;;396
2026-04-23T08:30:45Z;;3306;451
2026-04-23T08:30:46Z;;3295;440
2026-04-23T08:30:47Z;;3304;449
2026-04-23T08:30:50Z;-3001;;303
2026-04-23T08:30:52Z;-2968;3231;336
2026-04-23T08:30:53Z;;3489;521
2026-04-23T08:30:54Z;-3052;;437
2026-04-23T08:30:56Z;-3008;;481
2026-04-23T08:30:58Z;-2967;;522
2026-04-23T08:32:11Z;;3601;634
2026-04-23T08:32:13Z;;3597;630
2026-04-23T08:32:15Z;;3601;634
2026-04-23T08:32:19Z;;3598;631
2026-04-23T08:32:21Z;;3604;637
2026-04-23T08:32:24Z;;3585;618
2026-04-23T08:32:25Z;;3604;637
2026-04-23T08:32:37Z;;3597;630
2026-04-23T08:32:39Z;;3604;637
2026-04-23T08:32:42Z;;3589;622
2026-04-23T08:32:53Z;;3602;635
2026-04-23T08:32:55Z;;3592;625
2026-04-23T08:32:57Z;;3603;636
2026-04-23T08:33:17Z;-1069;;2534
2026-04-23T08:33:30Z;;3558;2489
2026-04-23T08:33:31Z;;3603;2534
2026-04-23T08:36:10Z;;3451;2382
2026-04-23T08:36:12Z;;3650;2581
2026-04-23T08:39:34Z;;3538;2469
2026-04-23T08:39:35Z;;3694;2625
2026-04-23T08:40:30Z;-895;;2799
2026-04-23T08:40:32Z;-1080;;2614
2026-04-23T08:43:07Z;-856;;2838
2026-04-23T08:43:09Z;-1052;;2642
2026-04-23T08:43:10Z;;3718;2666
2026-04-23T08:44:19Z;-3166;;552
2026-04-23T08:45:06Z;-3200;;518
2026-04-23T08:45:15Z;;3746;546
2026-04-23T08:53:09Z;-3300;;446
2026-04-23T08:53:11Z;-3289;;457
2026-04-23T08:53:28Z;-3301;;445
2026-04-23T08:53:30Z;-3295;;451
2026-04-23T08:53:35Z;-3303;;443
2026-04-23T08:53:37Z;-3298;;448
2026-04-23T08:53:39Z;-3301;;445
2026-04-23T08:53:41Z;-3295;;451
2026-04-23T08:53:57Z;-3300;;446
2026-04-23T08:53:59Z;-3293;;453
2026-04-23T08:54:01Z;-3302;;444
2026-04-23T08:54:03Z;-3299;;447
2026-04-23T08:54:15Z;-3300;;446
2026-04-23T08:54:17Z;-3298;;448
2026-04-23T08:54:18Z;-3300;;446
2026-04-23T08:54:20Z;-3283;;463
2026-04-23T08:54:28Z;-3308;;438
2026-04-23T08:54:30Z;-3299;;447
2026-04-23T08:54:35Z;-3304;;442
2026-04-23T08:54:37Z;-3305;;441
2026-04-23T08:54:39Z;-3307;;439
2026-04-23T08:54:44Z;-3299;;447
2026-04-23T08:54:46Z;-3304;;442
2026-04-23T08:55:07Z;;3909;605
2026-04-23T08:55:09Z;;3896;592
2026-04-23T08:55:11Z;;3912;608
2026-04-23T08:55:17Z;;3899;595
2026-04-23T08:55:18Z;;3900;596
2026-04-23T08:57:28Z;;3808;504
2026-04-23T08:57:29Z;;3941;637
2026-04-23T09:00:06Z;-3449;;492
2026-04-23T09:00:15Z;;3989;540
2026-04-23T09:05:58Z;;3816;367
2026-04-23T09:05:59Z;;4020;571
2026-04-23T09:09:05Z;;3871;422
2026-04-23T09:09:06Z;;4062;613
2026-04-23T09:11:55Z;-3635;;427
2026-04-23T09:11:57Z;-3577;;485
2026-04-23T09:12:57Z;-3611;;451
2026-04-23T09:12:59Z;-3593;;469
2026-04-23T09:13:12Z;-3618;;444
2026-04-23T09:13:24Z;-3585;;477
2026-04-23T09:13:26Z;-3602;;460
2026-04-23T09:13:29Z;-3598;;464
2026-04-23T09:13:33Z;-3607;;455
2026-04-23T09:13:35Z;-3336;;726
2026-04-23T09:13:36Z;;3843;507
2026-04-23T09:13:38Z;-3602;;241
2026-04-23T09:13:39Z;-3589;;254
2026-04-23T09:13:45Z;-3600;;243
2026-04-23T09:13:54Z;-3595;;248
2026-04-23T09:13:56Z;-3602;;241
2026-04-23T09:15:06Z;-3632;;211
2026-04-23T09:15:15Z;;4148;516
2026-04-23T09:15:19Z;-3418;;730
2026-04-23T09:15:21Z;-3641;;507
2026-04-23T09:17:42Z;-3520;;628
2026-04-23T09:17:44Z;-3674;;474
2026-04-23T09:17:46Z;;4200;526
2026-04-23T09:17:47Z;;4193;519
2026-04-23T09:17:49Z;;4201;527
2026-04-23T09:17:51Z;;4195;521
2026-04-23T09:17:53Z;;4201;527
2026-04-23T09:17:57Z;;4197;523
2026-04-23T09:17:59Z;;4203;529
2026-04-23T09:18:03Z;;4196;522
2026-04-23T09:18:05Z;;4203;529
2026-04-23T09:18:09Z;;4195;521
2026-04-23T09:18:11Z;;4202;528
2026-04-23T09:18:15Z;;4195;521
2026-04-23T09:18:17Z;;4205;531
2026-04-23T09:18:51Z;;4188;514
2026-04-23T09:18:52Z;;4217;543
2026-04-23T09:19:24Z;;4198;524
2026-04-23T09:19:26Z;;4204;530
2026-04-23T09:19:30Z;;4194;520
2026-04-23T09:19:32Z;-3553;;641
2026-04-23T09:19:33Z;;4201;648
2026-04-23T09:19:34Z;;4197;644
2026-04-23T09:22:37Z;;4200;647
2026-04-23T09:22:38Z;;4191;638
2026-04-23T09:22:40Z;;4200;647
2026-04-23T09:22:44Z;;4195;642
2026-04-23T09:22:46Z;;4202;649
2026-04-23T09:22:50Z;;4197;644
2026-04-23T09:22:52Z;;4201;648
2026-04-23T09:22:56Z;;4197;644
2026-04-23T09:22:58Z;;4204;651
2026-04-23T09:23:03Z;;4199;646
2026-04-23T09:23:04Z;;4206;653
2026-04-23T09:23:08Z;;4199;646
2026-04-23T09:23:09Z;;4201;648
2026-04-23T09:23:50Z;;4188;635
2026-04-23T09:23:51Z;;4216;663
2026-04-23T09:23:52Z;;4184;631
2026-04-23T09:23:53Z;;4216;663
2026-04-23T09:24:37Z;;4139;586
2026-04-23T09:24:38Z;;4214;661
2026-04-23T09:25:00Z;;4188;635
2026-04-23T09:25:01Z;;4228;675
2026-04-23T09:25:18Z;-3602;;626
2026-04-23T09:25:20Z;-3596;;632
2026-04-23T09:25:35Z;-3614;;614
2026-04-23T09:25:37Z;-3588;;640
2026-04-23T09:25:39Z;-3603;;625
2026-04-23T09:25:41Z;-3584;;644
2026-04-23T09:25:47Z;-3616;;612
2026-04-23T09:25:49Z;-3598;;630
2026-04-23T09:25:51Z;-3613;;615
2026-04-23T09:25:53Z;-3596;;632
2026-04-23T09:26:02Z;;4199;603
2026-04-23T09:26:03Z;;4215;619
2026-04-23T09:26:11Z;;4199;603
2026-04-23T09:26:13Z;;4203;607
2026-04-23T09:26:19Z;;4199;603
2026-04-23T09:26:21Z;;4205;609
2026-04-23T09:26:23Z;;4198;602
2026-04-23T09:26:25Z;;4205;609
2026-04-23T09:26:38Z;-3600;;605
2026-04-23T09:26:42Z;-3588;;617
2026-04-23T09:26:45Z;-3601;;604
2026-04-23T09:26:47Z;-3595;;610
2026-04-23T09:26:49Z;-3609;;596
2026-04-23T09:26:55Z;-3599;;606
2026-04-23T09:26:58Z;-3607;;598
2026-04-23T09:27:01Z;-3598;;607
2026-04-23T09:27:02Z;-3604;;601
2026-04-23T09:27:06Z;-3590;;615
2026-04-23T09:27:08Z;-3600;;605
2026-04-23T09:27:11Z;-3584;;621
2026-04-23T09:27:13Z;-3610;;595
2026-04-23T09:27:38Z;-3522;;683
2026-04-23T09:27:40Z;-3616;;589
2026-04-23T09:27:43Z;-3578;;627
2026-04-23T09:27:45Z;-3611;;594
2026-04-23T09:27:49Z;-3586;;619
2026-04-23T09:27:51Z;-3606;;599
2026-04-23T09:27:57Z;-3582;;623
2026-04-23T09:27:59Z;-3602;;603
2026-04-23T09:28:24Z;-3457;;748
2026-04-23T09:28:25Z;;4057;600
2026-04-23T09:28:26Z;-3646;4252;795
2026-04-23T09:28:45Z;-3598;;654
2026-04-23T09:28:47Z;-3656;;596
2026-04-23T09:30:06Z;-3669;;583
2026-04-23T09:30:15Z;;4264;595
2026-04-23T09:32:58Z;;4149;480
2026-04-23T09:32:59Z;;4286;617
2026-04-23T09:34:48Z;;4104;435
2026-04-23T09:34:49Z;;4318;649
2026-04-23T09:39:02Z;-3505;;813
2026-04-23T09:39:04Z;-3791;;527
2026-04-23T09:40:03Z;;4163;372
2026-04-23T09:40:04Z;;4340;549
2026-04-23T09:42:20Z;-1847;;2493
2026-04-23T09:43:31Z;-1779;;2561
2026-04-23T09:43:33Z;-1921;;2419
2026-04-23T09:44:03Z;-1652;;2688
2026-04-23T09:44:05Z;-1882;4373;2458
2026-04-23T09:44:08Z;-1749;;2624
2026-04-23T09:44:10Z;-1872;;2501
2026-04-23T09:45:06Z;-1853;;2520
2026-04-23T09:45:10Z;-1795;;2578
2026-04-23T09:45:12Z;-1816;;2557
2026-04-23T09:45:15Z;;4352;2536
2026-04-23T09:46:09Z;-1786;;2566
2026-04-23T09:46:11Z;-1855;;2497
2026-04-23T09:46:39Z;-1766;;2586
2026-04-23T09:46:41Z;-1877;;2475
2026-04-23T09:47:09Z;-1740;;2612
2026-04-23T09:47:11Z;-1912;;2440
2026-04-23T09:47:29Z;140;;4492
2026-04-23T09:48:34Z;491;;4843
2026-04-23T09:48:35Z;;4116;4607
2026-04-23T09:48:36Z;;4393;4884
2026-04-23T09:48:39Z;145;;4538
2026-04-23T09:51:25Z;353;;4746
2026-04-23T09:51:27Z;201;;4594
2026-04-23T09:57:03Z;0;;4393
2026-04-23T09:57:04Z;;4500;4500
2026-04-23T09:57:05Z;61;4498;4498
2026-04-23T09:57:08Z;-1;;4497
2026-04-23T09:57:10Z;;4500;4499
2026-04-23T09:57:11Z;2;4497;4502
2026-04-23T09:57:13Z;;4502;4504
2026-04-23T09:57:19Z;;4495;4497
2026-04-23T09:57:21Z;;4502;4504
2026-04-23T09:57:23Z;;4498;4500
2026-04-23T09:57:25Z;;4501;4503
2026-04-23T09:57:27Z;;4497;4499
2026-04-23T09:57:33Z;;4503;4505
2026-04-23T09:57:35Z;;4498;4500
2026-04-23T09:57:37Z;-55;;4443
2026-04-23T09:57:38Z;;4500;4445
2026-04-23T09:57:39Z;;4498;4443
2026-04-23T09:57:40Z;-1858;;2640
2026-04-23T09:57:41Z;-1745;4500;2642
2026-04-23T09:57:43Z;-1809;;2691
2026-04-23T09:57:45Z;-1778;4488;2710
2026-04-23T09:57:47Z;-1802;;2686
2026-04-23T09:57:48Z;-1796;;2692
2026-04-23T09:57:50Z;-1822;;2666
2026-04-23T09:57:52Z;-1717;;2771
2026-04-23T09:57:54Z;-1843;;2645
2026-04-23T09:57:56Z;-3844;;644
2026-04-23T09:58:07Z;-3930;;558
2026-04-23T09:58:10Z;-3827;;661
2026-04-23T09:58:37Z;-3908;;580
2026-04-23T09:58:40Z;-3816;;672
2026-04-23T09:59:31Z;-1864;;2624
2026-04-23T10:00:06Z;-1875;;2613
2026-04-23T10:00:15Z;;4453;2578
2026-04-23T10:00:16Z;-1751;;2702
2026-04-23T10:00:18Z;-1855;;2598
2026-04-23T10:00:39Z;-3887;;566
2026-04-23T10:01:09Z;-3907;;546
2026-04-23T10:01:11Z;-3903;;550
2026-04-23T10:01:38Z;-3908;;545
2026-04-23T10:01:41Z;-3782;;671
2026-04-23T10:02:08Z;-3926;;527
2026-04-23T10:02:11Z;-3829;;624
2026-04-23T10:02:13Z;-3907;;546
2026-04-23T10:02:15Z;-3860;;593
2026-04-23T10:02:38Z;-3921;;532
2026-04-23T10:02:41Z;-3886;;567
2026-04-23T10:03:09Z;-3933;;520
2026-04-23T10:03:12Z;-3832;;621
2026-04-23T10:03:39Z;-3932;;521
2026-04-23T10:03:42Z;-3829;;624
2026-04-23T10:04:09Z;-3935;;518
2026-04-23T10:04:12Z;-3791;;662
2026-04-23T10:04:15Z;-3902;;551
2026-04-23T10:04:17Z;-3840;;613
2026-04-23T10:04:27Z;-3976;;477
2026-04-23T10:04:29Z;-3894;;559
2026-04-23T10:04:31Z;-3912;;541
2026-04-23T10:04:33Z;-3898;4500;555
2026-04-23T10:04:35Z;-3907;4498;593
2026-04-23T10:04:36Z;;4500;593
2026-04-23T10:04:37Z;;4496;589
2026-04-23T10:04:39Z;;4502;595
2026-04-23T10:04:41Z;-3891;;611
2026-04-23T10:04:43Z;;4493;602
2026-04-23T10:04:44Z;-3971;;522
2026-04-23T10:04:45Z;-3825;4502;531
2026-04-23T10:05:09Z;-3974;;528
2026-04-23T10:05:13Z;-3836;;666
2026-04-23T10:05:15Z;-3903;;599
2026-04-23T10:05:17Z;-3877;;625
2026-04-23T10:05:19Z;-3900;4492;615
2026-04-23T10:05:22Z;-3876;;616
2026-04-23T10:05:39Z;-3948;;544
2026-04-23T10:05:42Z;-3863;;629
2026-04-23T10:05:44Z;-3903;;589
2026-04-23T10:05:46Z;-3876;;616
2026-04-23T10:06:09Z;-3923;;569
2026-04-23T10:06:12Z;-3893;;599
2026-04-23T10:06:24Z;-2513;;1979
2026-04-23T10:06:26Z;-1907;;2585
2026-04-23T10:06:53Z;;4509;2602
2026-04-23T10:06:55Z;;4490;2583
2026-04-23T10:07:05Z;;4495;2588
2026-04-23T10:07:06Z;;4502;2595
2026-04-23T10:07:07Z;;4493;2586
2026-04-23T10:07:09Z;;4502;2595
2026-04-23T10:07:19Z;;4496;2589
2026-04-23T10:07:21Z;;4507;2600
2026-04-23T10:07:25Z;-3876;;631
2026-04-23T10:07:31Z;;4495;619
2026-04-23T10:07:33Z;;4502;626
2026-04-23T10:07:36Z;;4499;623
2026-04-23T10:07:40Z;-3957;;542
2026-04-23T10:07:41Z;;4500;543
2026-04-23T10:07:42Z;;4499;542
2026-04-23T10:07:43Z;-3798;;701
2026-04-23T10:07:56Z;-3920;;579
2026-04-23T10:07:58Z;-3894;;605
2026-04-23T10:08:00Z;-3916;;583
2026-04-23T10:08:01Z;-3890;;609
2026-04-23T10:08:05Z;-3904;;595
2026-04-23T10:08:08Z;-3887;;612
2026-04-23T10:08:10Z;-3895;;604
2026-04-23T10:08:13Z;-3837;;662
2026-04-23T10:08:23Z;-3900;;599
2026-04-23T10:08:25Z;-3693;;806
2026-04-23T10:08:40Z;-3954;;545
2026-04-23T10:08:43Z;-3880;;619
2026-04-23T10:08:45Z;-3942;;557
2026-04-23T10:08:55Z;-3893;;606
2026-04-23T10:08:57Z;-3914;;585
2026-04-23T10:09:03Z;;4501;587
2026-04-23T10:09:05Z;;4498;584
2026-04-23T10:09:06Z;;4500;586
2026-04-23T10:09:09Z;;4496;582
2026-04-23T10:09:11Z;;4500;586
2026-04-23T10:09:14Z;-3866;;634
2026-04-23T10:09:16Z;-3958;4494;628
2026-04-23T10:09:17Z;;4503;545
2026-04-23T10:09:21Z;;4499;541
2026-04-23T10:09:23Z;;4506;548
2026-04-23T10:09:33Z;-3899;;607
2026-04-23T10:09:35Z;;4498;599
2026-04-23T10:09:36Z;-3897;4502;601
2026-04-23T10:09:46Z;-3899;;603
2026-04-23T10:09:49Z;-3930;;572
2026-04-23T10:10:27Z;;4427;497
2026-04-23T10:10:28Z;;4529;599
2026-04-23T10:10:44Z;-3892;;637
2026-04-23T10:10:46Z;-3912;;617
2026-04-23T10:11:12Z;-3875;;654
2026-04-23T10:11:14Z;-4008;4354;521
2026-04-23T10:11:15Z;;4517;509
2026-04-23T10:11:16Z;-3871;;646
2026-04-23T10:11:18Z;-3917;;600
2026-04-23T10:11:27Z;;4496;579
2026-04-23T10:11:29Z;;4508;591
2026-04-23T10:11:31Z;;4479;562
2026-04-23T10:11:32Z;;4506;589
2026-04-23T10:11:33Z;-3869;;637
2026-04-23T10:11:34Z;;4481;612
2026-04-23T10:11:35Z;;4507;638
2026-04-23T10:11:36Z;-3910;;597
2026-04-23T10:11:39Z;;4498;588
2026-04-23T10:11:41Z;;4510;600
2026-04-23T10:11:44Z;-3896;;614
2026-04-23T10:11:46Z;-3942;;568
2026-04-23T10:11:51Z;-3866;4460;644
2026-04-23T10:11:52Z;;4502;636
2026-04-23T10:11:53Z;-3918;;584
2026-04-23T10:12:06Z;;4463;545
2026-04-23T10:12:07Z;;4519;601
2026-04-23T10:12:15Z;-3840;;679
2026-04-23T10:12:17Z;-4004;;515
2026-04-23T10:12:22Z;-3832;4422;590
2026-04-23T10:12:23Z;;4521;689
2026-04-23T10:12:24Z;-3944;;577
2026-04-23T10:12:44Z;-3984;;537
2026-04-23T10:12:46Z;;4454;470
2026-04-23T10:12:47Z;;4533;549
2026-04-23T10:12:48Z;-3998;;535
2026-04-23T10:12:54Z;;4461;463
2026-04-23T10:12:55Z;;4526;528
2026-04-23T10:13:14Z;;4486;488
2026-04-23T10:13:15Z;;4530;532
2026-04-23T10:13:23Z;;4391;393
2026-04-23T10:13:24Z;;4530;532
2026-04-23T10:14:36Z;-3821;;709
2026-04-23T10:14:38Z;-3969;4410;561
2026-04-23T10:14:39Z;;4558;589
2026-04-23T10:14:46Z;-3840;;718
2026-04-23T10:14:48Z;-3955;;603
2026-04-23T10:15:06Z;-3963;;595
2026-04-23T10:15:15Z;;4527;564
2026-04-23T10:15:30Z;-3881;;646
2026-04-23T10:15:32Z;-3964;;563
2026-04-23T10:15:46Z;-3841;;686
2026-04-23T10:15:48Z;-3973;;554
2026-04-23T10:18:13Z;-3893;;634
2026-04-23T10:18:15Z;-4015;;512
2026-04-23T10:18:22Z;-3800;4352;727
2026-04-23T10:18:23Z;;4555;755
2026-04-23T10:18:24Z;-3981;;574
2026-04-23T10:20:14Z;-3892;;663
2026-04-23T10:20:16Z;-3993;;562
2026-04-23T10:20:52Z;-3709;;846
2026-04-23T10:21:01Z;-3950;;605
2026-04-23T10:21:40Z;-3885;;670
2026-04-23T10:21:42Z;-3977;;578
2026-04-23T10:21:46Z;-3896;;659
2026-04-23T10:21:48Z;-4062;;493
2026-04-23T10:21:50Z;-3720;;835
2026-04-23T10:21:56Z;-4054;;501
2026-04-23T10:22:30Z;-3671;;884
2026-04-23T10:22:33Z;-3997;;558
2026-04-23T10:23:31Z;-3718;;837
2026-04-23T10:23:32Z;;4494;776
2026-04-23T10:23:34Z;-3962;;532
2026-04-23T10:24:07Z;-3883;;611
2026-04-23T10:24:10Z;-3914;;580
2026-04-23T10:24:12Z;-3871;;623
2026-04-23T10:24:13Z;;4364;493
2026-04-23T10:24:14Z;-3906;;458
2026-04-23T10:24:15Z;;4583;677
2026-04-23T10:24:16Z;-3863;;720
2026-04-23T10:24:34Z;-3962;;621
2026-04-23T10:25:36Z;-3891;;692
2026-04-23T10:25:38Z;-4045;4492;601
2026-04-23T10:25:39Z;;4607;716
2026-04-23T10:27:38Z;-3884;;723
2026-04-23T10:27:41Z;-3908;;699
2026-04-23T10:27:55Z;-3871;;736
2026-04-23T10:27:57Z;-4020;;587
2026-04-23T10:28:17Z;-3842;;765
2026-04-23T10:28:20Z;-4041;;566
2026-04-23T10:28:35Z;-3892;;715
2026-04-23T10:28:38Z;-4060;;547
2026-04-23T10:28:58Z;-3883;;724
2026-04-23T10:29:00Z;-4047;;560
2026-04-23T10:29:43Z;;4489;442
2026-04-23T10:29:44Z;;4524;477
2026-04-23T10:30:07Z;-3970;;554
2026-04-23T10:30:15Z;;4547;577
2026-04-23T10:30:18Z;-3891;;656
2026-04-23T10:30:21Z;-3965;;582
2026-04-23T10:30:37Z;-3875;;672
2026-04-23T10:30:40Z;-4009;;538
2026-04-23T10:31:16Z;-3867;;680
2026-04-23T10:31:19Z;-4049;;498
2026-04-23T10:32:26Z;-3754;4324;793
2026-04-23T10:32:27Z;;4610;856
2026-04-23T10:32:28Z;-3989;;621
2026-04-23T10:32:44Z;-3676;;934
2026-04-23T10:32:52Z;-4066;;544
2026-04-23T10:33:18Z;-3741;;869
2026-04-23T10:33:23Z;-4092;;518
2026-04-23T10:36:46Z;-3892;;718
2026-04-23T10:36:49Z;-4003;;607
2026-04-23T10:37:25Z;-3851;;759
2026-04-23T10:37:33Z;-3969;;641
2026-04-23T10:37:37Z;-3715;;895
2026-04-23T10:37:39Z;-3926;;684
2026-04-23T10:37:50Z;-3889;;721
2026-04-23T10:37:53Z;-3941;;669
2026-04-23T10:38:20Z;-3897;;713
2026-04-23T10:38:22Z;-3594;;1016
2026-04-23T10:38:24Z;-3610;;1000
2026-04-23T10:38:26Z;-3950;;660
2026-04-23T10:39:46Z;-3639;;971
2026-04-23T10:39:50Z;-3957;;653
2026-04-23T10:39:56Z;-3895;;715
2026-04-23T10:40:00Z;-3902;;708
2026-04-23T10:40:02Z;-3895;;715
2026-04-23T10:40:20Z;-4007;;603
2026-04-23T10:42:47Z;-3864;4409;402
2026-04-23T10:42:48Z;;4608;744
2026-04-23T10:42:50Z;-4067;;541
2026-04-23T10:44:15Z;-4209;;399
2026-04-23T10:44:18Z;-4197;;411
2026-04-23T10:44:20Z;-4203;;405
2026-04-23T10:44:23Z;-4164;;444
2026-04-23T10:44:31Z;-3815;;793
2026-04-23T10:44:32Z;;4392;577
2026-04-23T10:44:33Z;;4669;854
2026-04-23T10:44:36Z;-4117;;552
2026-04-23T10:44:39Z;-4214;;455
2026-04-23T10:44:42Z;-4167;;502
2026-04-23T10:44:44Z;-4205;;464
2026-04-23T10:44:47Z;-4173;;496
2026-04-23T10:44:54Z;-4188;;481
2026-04-23T10:44:57Z;-4175;;494
2026-04-23T10:44:59Z;-4211;;458
2026-04-23T10:45:02Z;-4197;;472
2026-04-23T10:45:06Z;-3926;;743
2026-04-23T10:45:08Z;;4650;724
2026-04-23T10:45:14Z;-4201;;449
2026-04-23T10:45:23Z;-4158;;492
2026-04-23T10:45:27Z;-4207;;443
2026-04-23T10:45:28Z;-4080;;570
2026-04-23T10:45:34Z;-4214;;436
2026-04-23T10:45:37Z;-4196;;454
2026-04-23T10:45:40Z;-4208;;442
2026-04-23T10:45:43Z;-4190;;460
2026-04-23T10:45:45Z;-4204;;446
2026-04-23T10:45:48Z;-4110;;540
2026-04-23T10:48:06Z;-3898;;752
2026-04-23T10:48:09Z;-3918;;732
2026-04-23T10:48:36Z;-4215;;435
2026-04-23T10:48:41Z;-4197;;453
2026-04-23T10:48:43Z;-4202;;448
2026-04-23T10:48:45Z;-4194;;456
2026-04-23T10:48:56Z;-4205;;445
2026-04-23T10:48:59Z;-4182;;468
2026-04-23T10:49:02Z;-4205;;445
2026-04-23T10:49:05Z;-4178;;472
2026-04-23T10:49:07Z;-4205;;445
2026-04-23T10:49:09Z;-4182;;468
2026-04-23T10:49:33Z;-3873;;777
2026-04-23T10:49:36Z;-3904;;746
2026-04-23T10:49:39Z;-3825;;825
2026-04-23T10:49:41Z;-4181;;469
2026-04-23T10:49:46Z;-4218;;432
2026-04-23T10:49:49Z;-4126;4464;246
2026-04-23T10:49:50Z;;4646;520
2026-04-23T10:50:56Z;-3734;;912
2026-04-23T10:51:01Z;-3993;4495;653
2026-04-23T10:51:02Z;;4652;659
2026-04-23T10:53:03Z;-3835;;817
2026-04-23T10:53:06Z;-3863;;789
2026-04-23T10:54:29Z;-3757;;895
2026-04-23T10:54:34Z;-4070;;582
2026-04-23T10:55:09Z;;4479;409
2026-04-23T10:55:10Z;;4654;584
2026-04-23T10:55:11Z;-3893;;761
2026-04-23T10:55:13Z;-4034;;620
2026-04-23T10:55:55Z;-3600;;1054
2026-04-23T10:56:00Z;-3985;;669
2026-04-23T10:56:27Z;-3780;;874
2026-04-23T10:56:33Z;-3927;;727
2026-04-23T10:57:17Z;-3826;;828
2026-04-23T10:57:20Z;-3963;;691
2026-04-23T10:57:55Z;-3890;;764
2026-04-23T10:57:58Z;-3951;;703
2026-04-23T10:58:13Z;;4497;546
2026-04-23T10:58:15Z;-3736;;761
2026-04-23T10:58:17Z;-3956;;541
2026-04-23T10:58:34Z;;4486;530
2026-04-23T10:58:35Z;-3779;4513;557
2026-04-23T10:58:38Z;-3956;;557
2026-04-23T10:58:41Z;-3828;;685
2026-04-23T10:58:43Z;-3919;;594
2026-04-23T11:00:06Z;;4695;776
2026-04-23T11:00:08Z;-3991;;704
2026-04-23T11:02:20Z;-4207;;488
2026-04-23T11:02:23Z;-4174;;521
2026-04-23T11:02:26Z;-4203;;492
2026-04-23T11:02:29Z;-4178;;517
2026-04-23T11:02:31Z;-4213;;482
2026-04-23T11:02:34Z;-4151;;544
2026-04-23T11:02:45Z;-4200;;495
2026-04-23T11:02:48Z;-4176;;519
2026-04-23T11:02:57Z;-4219;;476
2026-04-23T11:02:58Z;-4163;;532
2026-04-23T11:03:00Z;-4200;;495
2026-04-23T11:03:03Z;-4187;;508
2026-04-23T11:03:06Z;-4222;;473
2026-04-23T11:03:10Z;-4196;;499
2026-04-23T11:03:13Z;-4206;;489
2026-04-23T11:03:18Z;-4194;;501
2026-04-23T11:03:21Z;-4207;;488
2026-04-23T11:03:35Z;-4184;;511
2026-04-23T11:03:39Z;-4242;;453
2026-04-23T11:03:42Z;-4199;;496
2026-04-23T11:03:45Z;-4200;;495
2026-04-23T11:03:47Z;-4198;;497
2026-04-23T11:03:50Z;-4244;;451
2026-04-23T11:03:53Z;-4197;;498
2026-04-23T11:03:55Z;-4204;;491
2026-04-23T11:03:58Z;-4194;;501
2026-04-23T11:04:00Z;-4205;;490
2026-04-23T11:04:03Z;-4119;;576
2026-04-23T11:04:14Z;-4201;;494
2026-04-23T11:04:17Z;-4187;;508
2026-04-23T11:04:19Z;-4205;;490
2026-04-23T11:04:21Z;-4188;;507
2026-04-23T11:04:23Z;-4201;;494
2026-04-23T11:04:26Z;-4177;;518
2026-04-23T11:04:33Z;-4200;;495
2026-04-23T11:04:36Z;-4195;;500
2026-04-23T11:04:38Z;-4204;;491
2026-04-23T11:04:41Z;-4201;;494
2026-04-23T11:05:48Z;;4441;240
2026-04-23T11:05:49Z;;4680;479
2026-04-23T11:08:15Z;-4211;;469
2026-04-23T11:08:18Z;-4198;;482
2026-04-23T11:08:21Z;-4212;;468
2026-04-23T11:08:58Z;;4430;218
2026-04-23T11:08:59Z;;4689;477
2026-04-23T11:09:00Z;-3969;;720
2026-04-23T11:09:03Z;-4230;;459
2026-04-23T11:09:45Z;;4485;255
2026-04-23T11:09:46Z;-4015;4523;470
2026-04-23T11:09:49Z;-4225;;298
2026-04-23T11:09:57Z;;4499;274
2026-04-23T11:09:58Z;;4686;461
2026-04-23T11:09:59Z;-4018;;668
2026-04-23T11:10:03Z;-4204;;482
2026-04-23T11:10:05Z;-4191;;495
2026-04-23T11:10:08Z;-4217;;469
2026-04-23T11:11:29Z;-4198;;488
2026-04-23T11:11:32Z;-4219;;467
2026-04-23T11:12:14Z;-4197;;489
2026-04-23T11:12:17Z;-4202;;484
2026-04-23T11:12:20Z;-4172;;514
2026-04-23T11:12:23Z;-4202;;484
2026-04-23T11:12:25Z;-4195;;491
2026-04-23T11:12:29Z;-4202;;484
2026-04-23T11:12:32Z;-4189;;497
2026-04-23T11:12:41Z;-4201;;485
2026-04-23T11:12:44Z;-4198;;488
2026-04-23T11:12:46Z;-4198;;488
2026-04-23T11:12:49Z;-4193;;493
2026-04-23T11:12:52Z;-4201;;485
2026-04-23T11:12:54Z;-4193;;493
2026-04-23T11:12:57Z;-4196;;490
2026-04-23T11:13:00Z;-4199;;487
2026-04-23T11:13:02Z;-4214;;472
2026-04-23T11:13:05Z;-4197;;489
2026-04-23T11:13:08Z;-4204;;482
2026-04-23T11:13:10Z;-4199;;487
2026-04-23T11:13:13Z;-4200;;486
2026-04-23T11:13:16Z;-4199;;487
2026-04-23T11:13:18Z;-4200;;486
2026-04-23T11:13:21Z;-4197;;489
2026-04-23T11:13:24Z;-4201;;485
2026-04-23T11:13:26Z;-4199;;487
2026-04-23T11:13:29Z;-4202;;484
2026-04-23T11:13:34Z;-4199;;487
2026-04-23T11:13:37Z;-4207;;479
2026-04-23T11:13:47Z;-4193;;493
2026-04-23T11:13:50Z;-4204;;482
2026-04-23T11:13:52Z;-4196;;490
2026-04-23T11:13:55Z;-4201;;485
2026-04-23T11:13:58Z;-4197;;489
2026-04-23T11:14:00Z;-4200;;486
2026-04-23T11:14:09Z;-4210;;476
2026-04-23T11:14:12Z;-4206;;480
2026-04-23T11:15:06Z;-4227;;459
2026-04-23T11:17:58Z;-4213;;473
2026-04-23T11:18:01Z;-4205;;481
2026-04-23T11:18:08Z;-4189;;497
2026-04-23T11:18:26Z;;4490;301
2026-04-23T11:18:42Z;-3892;;598
2026-04-23T11:18:45Z;-3913;;577
2026-04-23T11:18:47Z;-3872;;618
2026-04-23T11:19:23Z;;4198;326
2026-04-23T11:19:24Z;;4212;340
2026-04-23T11:19:46Z;-3905;;307
2026-04-23T11:20:01Z;;4511;606
2026-04-23T11:20:07Z;;4494;589
2026-04-23T11:20:09Z;;4514;609
2026-04-23T11:20:41Z;-4207;;307
2026-04-23T11:20:44Z;-4171;;343
2026-04-23T11:20:46Z;-4184;;330
2026-04-23T11:20:49Z;-4189;;325
2026-04-23T11:20:52Z;-4205;;309
2026-04-23T11:21:18Z;-4199;;315
2026-04-23T11:21:21Z;-4229;;285
2026-04-23T11:21:27Z;-3986;4428;528
2026-04-23T11:21:28Z;;4676;690
2026-04-23T11:21:30Z;-4217;;459
2026-04-23T11:21:32Z;-4180;;496
2026-04-23T11:21:35Z;-4202;;474
2026-04-23T11:21:39Z;-3972;4467;265
2026-04-23T11:21:40Z;;4708;736
2026-04-23T11:21:41Z;-4219;;489
2026-04-23T11:21:53Z;-4198;;510
2026-04-23T11:22:12Z;-3794;;914
2026-04-23T11:22:13Z;;4646;852
2026-04-23T11:22:15Z;-4162;;484
2026-04-23T11:22:47Z;;4494;332
2026-04-23T11:23:41Z;-3899;;595
2026-04-23T11:23:51Z;;4198;299
2026-04-23T11:23:53Z;;4201;302
2026-04-23T11:24:09Z;-3903;;298
2026-04-23T11:24:27Z;-3898;;303
2026-04-23T11:24:38Z;-3905;;296
2026-04-23T11:24:45Z;;4522;617
2026-04-23T11:24:58Z;;4488;583
2026-04-23T11:25:03Z;;4527;622
2026-04-23T11:25:08Z;;4491;586
2026-04-23T11:25:33Z;;4501;596
2026-04-23T11:30:06Z;;4668;763
2026-04-23T11:30:07Z;-4126;;542
2026-04-23T11:32:48Z;;4351;225
2026-04-23T11:32:49Z;;4705;579
2026-04-23T11:34:27Z;-4205;;500
2026-04-23T11:34:48Z;;4800;595
2026-04-23T11:34:53Z;;4796;591
2026-04-23T11:34:57Z;-4177;;619
2026-04-23T11:34:59Z;;4461;284
2026-04-23T11:35:00Z;-3789;;672
2026-04-23T11:35:01Z;;4198;409
2026-04-23T11:35:03Z;-3564;;634
2026-04-23T11:35:10Z;;3892;328
2026-04-23T11:35:11Z;-3331;;561
2026-04-23T11:35:22Z;-3380;;512
2026-04-23T11:35:23Z;;3916;536
2026-04-23T11:35:27Z;-3613;;303
2026-04-23T11:35:33Z;-3573;;343
2026-04-23T11:35:37Z;-3629;;287
2026-04-23T11:35:39Z;;4274;645
2026-04-23T11:35:40Z;-3912;;362
2026-04-23T11:35:42Z;;4519;607
2026-04-23T11:35:56Z;-4209;;310
2026-04-23T11:36:22Z;-4194;;325
2026-04-23T11:36:25Z;-4201;;318
2026-04-23T11:36:27Z;-4199;;320
2026-04-23T11:36:30Z;-4200;;319
2026-04-23T11:36:33Z;-4191;;328
2026-04-23T11:36:40Z;-4213;;306
2026-04-23T11:36:56Z;-4175;;344
2026-04-23T11:38:27Z;-3825;;694
2026-04-23T11:38:28Z;;4469;644
2026-04-23T11:38:29Z;;4664;839
2026-04-23T11:38:31Z;-4096;;568
2026-04-23T11:44:10Z;-3778;;886
2026-04-23T11:44:12Z;-4108;4227;556
2026-04-23T11:44:13Z;;4632;524
2026-04-23T11:45:06Z;-4100;4609;501
2026-04-23T11:46:28Z;;4401;301
2026-04-23T11:46:29Z;;4558;458
2026-04-23T11:46:31Z;-3714;4301;201
2026-04-23T11:46:32Z;;4559;845
2026-04-23T11:46:33Z;-4072;;487
2026-04-23T11:52:35Z;-4207;;352
2026-04-23T11:52:37Z;-4198;;361
2026-04-23T11:52:39Z;-4203;;356
2026-04-23T11:52:48Z;-4167;;392
2026-04-23T11:52:50Z;-4201;;358
2026-04-23T11:52:52Z;-4199;;360
2026-04-23T11:57:48Z;;4497;298
2026-04-23T11:57:59Z;;4500;301
2026-04-23T11:58:30Z;;4494;295
2026-04-23T11:58:44Z;;4501;302
2026-04-23T11:58:45Z;;4496;297
2026-04-23T11:58:55Z;;4508;309
2026-04-23T11:59:04Z;;4496;297
2026-04-23T11:59:18Z;;4505;306
2026-04-23T11:59:27Z;;4487;288
2026-04-23T11:59:53Z;;4511;312
2026-04-23T12:00:06Z;;4564;365
2026-04-23T12:00:08Z;-4056;;508
2026-04-23T12:00:37Z;;4497;441
2026-04-23T12:01:23Z;-3869;;628
2026-04-23T12:01:25Z;-3915;;582
2026-04-23T12:01:52Z;-3890;;607
2026-04-23T12:02:07Z;-3904;;593
2026-04-23T12:02:17Z;;4505;601
2026-04-23T12:02:28Z;;4494;590
2026-04-23T12:02:33Z;-3888;;606
2026-04-23T12:02:52Z;-3909;;585
2026-04-23T12:03:01Z;;4513;604
2026-04-23T12:03:37Z;;4495;586
2026-04-23T12:03:44Z;;4500;591
2026-04-23T12:03:54Z;;4499;590
2026-04-23T12:03:55Z;;4502;593
2026-04-23T12:03:59Z;;4498;589
2026-04-23T12:04:03Z;;4508;599
2026-04-23T12:05:23Z;;4496;587
2026-04-23T12:05:24Z;;4501;592
2026-04-23T12:08:08Z;;4495;586
2026-04-23T12:08:09Z;-3866;;629
2026-04-23T12:08:10Z;-4000;4534;668
2026-04-23T12:09:33Z;;4335;335
2026-04-23T12:09:34Z;-3842;;493
2026-04-23T12:09:35Z;;4589;747
2026-04-23T12:09:36Z;-4039;;550
2026-04-23T12:09:50Z;;4489;450
2026-04-23T12:10:09Z;;4502;463
2026-04-23T12:10:33Z;;4364;325
2026-04-23T12:10:34Z;;4540;501
2026-04-23T12:10:53Z;;4392;353
2026-04-23T12:10:54Z;-3879;;513
2026-04-23T12:10:55Z;;4554;675
2026-04-23T12:10:56Z;-4071;;483
2026-04-23T12:12:21Z;;4492;421
2026-04-23T12:12:43Z;;4500;429
2026-04-23T12:12:44Z;;4446;375
2026-04-23T12:12:45Z;-3886;;560
2026-04-23T12:12:47Z;-4015;;431
2026-04-23T12:12:52Z;;4381;366
2026-04-23T12:12:53Z;;4528;513
2026-04-23T12:13:14Z;;4353;338
2026-04-23T12:13:15Z;-3895;;458
2026-04-23T12:13:16Z;;4544;649
2026-04-23T12:13:17Z;-4070;;474
2026-04-23T12:13:20Z;;4403;333
2026-04-23T12:13:21Z;;4507;437
2026-04-23T12:13:23Z;;4292;222
2026-04-23T12:13:24Z;-3857;;435
2026-04-23T12:13:25Z;;4541;684
2026-04-23T12:13:26Z;-4055;;486
2026-04-23T12:13:48Z;;4354;299
2026-04-23T12:13:49Z;-3876;;478
2026-04-23T12:13:50Z;;4564;688
2026-04-23T12:13:51Z;-4082;;482
2026-04-23T12:14:07Z;;4532;450
2026-04-23T12:14:08Z;-4050;;482
2026-04-23T12:14:09Z;;4529;479
2026-04-23T12:14:10Z;-4041;;488
2026-04-23T12:14:18Z;;4499;458
2026-04-23T12:14:27Z;;4501;460
2026-04-23T12:14:44Z;;4494;453
2026-04-23T12:14:48Z;;4501;460
2026-04-23T12:14:49Z;;4498;457
2026-04-23T12:14:51Z;;4508;467
2026-04-23T12:15:06Z;;4521;480
2026-04-23T12:15:09Z;-4030;;491
2026-04-23T12:15:45Z;;4495;465
2026-04-23T12:15:46Z;;4502;472
2026-04-23T12:15:56Z;;4499;469
2026-04-23T12:15:59Z;;4502;472
2026-04-23T12:16:02Z;;4496;466
2026-04-23T12:16:04Z;-3753;;743
2026-04-23T12:16:08Z;-3999;;497
2026-04-23T12:17:13Z;-3731;;765
2026-04-23T12:17:15Z;-3989;;507
2026-04-23T12:18:39Z;;4500;511
2026-04-23T12:18:57Z;;4498;509
2026-04-23T12:18:58Z;;4504;515
2026-04-23T12:19:01Z;;4497;508
2026-04-23T12:19:45Z;;4500;511
2026-04-23T12:19:46Z;;4499;510
2026-04-23T12:19:50Z;;4500;511
2026-04-23T12:19:51Z;;4499;510
2026-04-23T12:19:58Z;;4500;511
2026-04-23T12:19:59Z;;4494;505
2026-04-23T12:20:01Z;;4501;512
2026-04-23T12:20:06Z;;4493;504
2026-04-23T12:20:08Z;;4500;511
2026-04-23T12:20:11Z;;4496;507
2026-04-23T12:20:13Z;;4500;511
2026-04-23T12:20:19Z;;4499;510
2026-04-23T12:20:22Z;;4500;511
2026-04-23T12:20:23Z;;4494;505
2026-04-23T12:20:27Z;;4500;511
2026-04-23T12:20:28Z;;4499;510
2026-04-23T12:30:06Z;-3940;;559
2026-04-23T12:30:49Z;-1836;;2663
2026-04-23T12:30:58Z;-1640;;2859
2026-04-23T12:31:00Z;-1821;;2678
2026-04-23T12:31:26Z;-1799;;2700
2026-04-23T12:31:28Z;-1809;;2690
2026-04-23T12:33:02Z;-1744;;2755
2026-04-23T12:33:04Z;-1864;;2635
2026-04-23T12:33:57Z;-1729;;2770
2026-04-23T12:33:59Z;-1878;;2621
2026-04-23T12:35:34Z;-2587;;1912
2026-04-23T12:36:29Z;-1814;;2685
2026-04-23T12:36:31Z;-1796;;2703
2026-04-23T12:36:32Z;-1724;;2775
2026-04-23T12:36:55Z;-2549;;1950
2026-04-23T12:38:23Z;-1900;;2599
2026-04-23T12:38:48Z;-2580;;1919
2026-04-23T12:39:54Z;-2308;4145;1565
2026-04-23T12:39:55Z;;4393;2085
2026-04-23T12:39:56Z;-2509;;1884
2026-04-23T12:40:37Z;-1781;;2612
2026-04-23T12:40:58Z;-2478;;1915
2026-04-23T12:41:29Z;-2285;4147;1669
2026-04-23T12:41:30Z;;4338;2053
2026-04-23T12:41:31Z;-2470;;1868
2026-04-23T12:41:33Z;-2393;;1945
2026-04-23T12:41:36Z;-2461;;1877
2026-04-23T12:41:41Z;-2095;;2243
2026-04-23T12:41:45Z;-2459;;1879
2026-04-23T12:42:11Z;-1812;;2526
2026-04-23T12:42:40Z;-1798;;2540
2026-04-23T12:42:42Z;-1800;;2538
2026-04-23T12:42:44Z;-2493;;1845
2026-04-23T12:43:13Z;-1811;;2527
2026-04-23T12:43:48Z;-1798;;2540
2026-04-23T12:43:50Z;-1800;;2538
2026-04-23T12:43:52Z;-1795;;2543
2026-04-23T12:43:54Z;-1800;;2538
2026-04-23T12:43:58Z;-1798;;2540
2026-04-23T12:44:17Z;-2424;;1914
2026-04-23T12:44:42Z;-1767;;2571
2026-04-23T12:45:06Z;-1711;4330;2563
2026-04-23T12:45:45Z;-1804;;2526
2026-04-23T12:45:47Z;-2468;;1862
2026-04-23T12:46:08Z;-1822;;2508
2026-04-23T12:46:10Z;-1722;;2608
2026-04-23T12:47:13Z;-2458;;1872
2026-04-23T12:47:31Z;-3833;;497
2026-04-23T12:47:43Z;-3057;;1273
2026-04-23T12:47:55Z;-2886;;1444
2026-04-23T12:47:57Z;-3044;4184;1286
2026-04-23T12:47:58Z;;4342;1298
2026-04-23T12:48:23Z;-3857;;485
2026-04-23T12:48:51Z;-2505;;1837
2026-04-23T12:48:59Z;-3876;;466
2026-04-23T12:49:12Z;-3118;;1224
2026-04-23T12:49:26Z;-1766;;2576
2026-04-23T12:49:39Z;-1832;;2510
2026-04-23T12:49:45Z;-3118;;1224
2026-04-23T12:49:57Z;-3899;;443
2026-04-23T12:50:00Z;-3901;;441
2026-04-23T12:50:03Z;-3897;;445
2026-04-23T12:50:05Z;-3903;;439
2026-04-23T12:50:08Z;-3894;;448
2026-04-23T12:50:22Z;-3333;;1009
2026-04-23T12:50:25Z;-3901;;441
2026-04-23T12:50:27Z;-3894;;448
2026-04-23T12:50:30Z;-3124;;1218
2026-04-23T12:50:52Z;-1759;;2583
2026-04-23T12:51:15Z;-3044;;1298
2026-04-23T12:51:25Z;-3794;;548
2026-04-23T12:51:49Z;-2436;;1906
2026-04-23T12:51:57Z;-3778;;564
2026-04-23T12:52:08Z;-3025;;1317
2026-04-23T12:52:12Z;-2835;;1507
2026-04-23T12:52:13Z;;4252;1417
2026-04-23T12:52:14Z;-2698;4197;1554
2026-04-23T12:52:15Z;;4248;1550
2026-04-23T12:52:18Z;-2998;;1250
2026-04-23T12:52:20Z;-3009;;1239
2026-04-23T12:52:23Z;-2994;;1254
2026-04-23T12:52:41Z;-2982;;1266
2026-04-23T12:52:44Z;;4114;1132
2026-04-23T12:52:45Z;;4271;1289
2026-04-23T12:53:06Z;;4183;1201
2026-04-23T12:53:10Z;-3597;;586
2026-04-23T12:53:13Z;-3602;;581
2026-04-23T12:53:20Z;;4210;608
2026-04-23T12:53:26Z;-2356;;1854
2026-04-23T12:53:29Z;-2420;;1790
2026-04-23T12:53:32Z;-2380;;1830
2026-04-23T12:53:36Z;-2445;;1765
2026-04-23T12:53:39Z;-3752;;458
2026-04-23T12:53:41Z;-2990;;1220
2026-04-23T12:53:43Z;;4038;1048
2026-04-23T12:53:44Z;-3001;;1037
2026-04-23T12:53:46Z;;4256;1255
2026-04-23T12:53:47Z;-2999;;1257
2026-04-23T12:53:49Z;-3004;;1252
2026-04-23T12:53:52Z;-2985;;1271
2026-04-23T12:53:55Z;-3003;;1253
2026-04-23T12:54:12Z;-2687;;1569
2026-04-23T12:54:25Z;-3767;;489
2026-04-23T12:54:44Z;-3017;;1239
2026-04-23T12:55:02Z;-1700;;2556
2026-04-23T12:55:24Z;-2979;;1277
2026-04-23T12:55:27Z;;4028;1049
2026-04-23T12:55:28Z;;4248;1269
2026-04-23T12:55:36Z;-3011;;1237
2026-04-23T12:55:39Z;-2982;;1266
2026-04-23T12:55:42Z;-3028;;1220
2026-04-23T12:56:03Z;-3789;;459
2026-04-23T12:56:06Z;-2434;;1814
2026-04-23T12:56:29Z;-1772;;2476
2026-04-23T12:56:32Z;-3022;;1226
2026-04-23T12:56:49Z;-1713;;2535
2026-04-23T12:57:22Z;-2650;;1598
2026-04-23T12:57:25Z;-3031;;1217
2026-04-23T12:57:42Z;-3808;;440
2026-04-23T12:58:11Z;;4045;237
2026-04-23T12:58:12Z;-2788;4232;1257
2026-04-23T12:58:14Z;-3005;;1227
2026-04-23T12:58:17Z;-2988;;1244
2026-04-23T12:58:20Z;-3003;;1229
2026-04-23T12:58:22Z;-2996;;1236
2026-04-23T12:58:25Z;-3005;;1227
2026-04-23T12:58:28Z;-2998;;1234
2026-04-23T12:58:30Z;-3004;;1228
2026-04-23T12:58:54Z;-3812;;420
2026-04-23T12:58:57Z;-2462;;1770
2026-04-23T12:59:08Z;-3792;;440
2026-04-23T12:59:16Z;;4199;407
2026-04-23T12:59:17Z;;4202;410
2026-04-23T12:59:18Z;-2472;;1730
2026-04-23T12:59:28Z;;4197;1725
2026-04-23T12:59:29Z;;4201;1729
2026-04-23T12:59:30Z;-3799;;402
2026-04-23T12:59:33Z;-3027;;1174
2026-04-23T13:00:06Z;;4213;1186
2026-04-23T13:00:08Z;-3035;;1178
2026-04-23T13:00:10Z;-1714;;2499
2026-04-23T13:00:12Z;-2430;;1783
2026-04-23T13:00:30Z;-3826;;387
2026-04-23T13:00:37Z;-2480;;1733
2026-04-23T13:00:42Z;-1751;;2462
2026-04-23T13:00:54Z;-3051;;1162
2026-04-23T13:01:32Z;-3837;;376
2026-04-23T13:01:39Z;-2644;;1569
2026-04-23T13:01:59Z;-3767;;446
2026-04-23T13:02:05Z;-3039;;1174
2026-04-23T13:02:08Z;-1814;;2399
2026-04-23T13:02:10Z;-1746;;2467
2026-04-23T13:02:17Z;-3041;;1172
2026-04-23T13:02:31Z;-2966;;1247
2026-04-23T13:02:34Z;-3022;;1191
2026-04-23T13:02:36Z;-1695;;2518
2026-04-23T13:02:59Z;-3025;;1188
2026-04-23T13:03:03Z;-3792;;421
2026-04-23T13:03:06Z;-2428;;1785
2026-04-23T13:03:14Z;-3788;;425
2026-04-23T13:03:28Z;;4199;411
2026-04-23T13:03:29Z;;4200;412
2026-04-23T13:03:30Z;-2995;;1205
2026-04-23T13:03:32Z;-3007;;1193
2026-04-23T13:03:35Z;-2999;;1201
2026-04-23T13:03:40Z;;4197;1198
2026-04-23T13:03:41Z;;4200;1201
2026-04-23T13:03:52Z;;4199;1200
2026-04-23T13:03:53Z;-1742;;2457
2026-04-23T13:03:54Z;;4202;2460
2026-04-23T13:03:57Z;;4196;2454
2026-04-23T13:03:58Z;;4206;2464
2026-04-23T13:04:24Z;-2133;;2073
2026-04-23T13:04:28Z;;4196;2063
2026-04-23T13:04:29Z;-3710;;486
2026-04-23T13:04:30Z;;4202;492
2026-04-23T13:04:36Z;;4198;488
2026-04-23T13:04:38Z;;4201;491
2026-04-23T13:04:40Z;;4196;486
2026-04-23T13:04:42Z;;4200;490
2026-04-23T13:04:44Z;;4199;489
2026-04-23T13:04:50Z;-2356;;1843
2026-04-23T13:04:58Z;-1652;;2547
2026-04-23T13:05:14Z;-2957;;1242
2026-04-23T13:05:45Z;-3706;;493
2026-04-23T13:06:23Z;-2351;;1848
2026-04-23T13:06:28Z;-1615;;2584
2026-04-23T13:06:35Z;-2943;;1256
2026-04-23T13:06:41Z;;3875;932
2026-04-23T13:06:42Z;;4160;1217
2026-04-23T13:07:08Z;-1593;;2567
2026-04-23T13:07:11Z;-2324;;1836
2026-04-23T13:07:19Z;-3715;;445
2026-04-23T13:07:43Z;-3518;;642
2026-04-23T13:07:46Z;-3686;;474
2026-04-23T13:07:53Z;-2932;;1228
2026-04-23T13:08:27Z;-3568;;592
2026-04-23T13:08:37Z;-3255;;905
2026-04-23T13:08:40Z;-2173;;1987
2026-04-23T13:08:50Z;-3558;;602
2026-04-23T13:09:08Z;-2117;;2043
2026-04-23T13:09:15Z;-1385;;2775
2026-04-23T13:09:22Z;-2727;;1433
2026-04-23T13:09:32Z;-2693;;1467
2026-04-23T13:09:48Z;-2702;;1458
2026-04-23T13:09:51Z;-2693;;1467
2026-04-23T13:09:53Z;-2706;;1454
2026-04-23T13:09:57Z;-2695;;1465
2026-04-23T13:10:00Z;-2707;;1453
2026-04-23T13:10:02Z;-1369;;2791
2026-04-23T13:10:05Z;-2117;;2043
2026-04-23T13:10:26Z;-3471;;689
2026-04-23T13:10:38Z;-2688;;1472
2026-04-23T13:10:41Z;-1365;;2795
2026-04-23T13:10:43Z;-1518;;2642
2026-04-23T13:10:46Z;-1409;;2751
2026-04-23T13:11:01Z;-2711;;1449
2026-04-23T13:11:36Z;-3502;;658
2026-04-23T13:11:42Z;-2123;;2037
2026-04-23T13:11:50Z;-2093;;2067
2026-04-23T13:12:01Z;-3458;;702
2026-04-23T13:12:05Z;-2668;;1492
2026-04-23T13:12:50Z;-3458;;702
2026-04-23T13:12:57Z;-2055;;2105
2026-04-23T13:13:10Z;-3417;;743
2026-04-23T13:13:16Z;-3441;;719
2026-04-23T13:13:24Z;-3435;;725
2026-04-23T13:13:27Z;-2655;;1505
2026-04-23T13:13:56Z;-1307;;2853
2026-04-23T13:14:07Z;-2622;;1538
2026-04-23T13:14:17Z;-3397;;763
2026-04-23T13:14:43Z;-2132;;2028
2026-04-23T13:14:46Z;-2035;;2125
2026-04-23T13:14:58Z;-1317;;2843
2026-04-23T13:15:06Z;;4068;2751
2026-04-23T13:15:08Z;-1309;;2759
2026-04-23T13:15:21Z;-2645;;1423
2026-04-23T13:15:44Z;-3428;;640
2026-04-23T13:16:20Z;-2638;;1430
2026-04-23T13:16:54Z;;3894;1256
2026-04-23T13:16:55Z;;3952;1314
2026-04-23T13:17:00Z;-3357;;595
2026-04-23T13:17:18Z;;3890;533
2026-04-23T13:17:19Z;-3183;3996;707
2026-04-23T13:17:22Z;-3357;;639
2026-04-23T13:17:34Z;-2063;;1933
2026-04-23T13:17:42Z;-1342;;2654
2026-04-23T13:17:45Z;-2656;;1340
2026-04-23T13:18:13Z;-3443;;553
2026-04-23T13:18:50Z;-3217;;779
2026-04-23T13:18:52Z;-3429;;567
2026-04-23T13:19:06Z;-2627;;1369
2026-04-23T13:19:09Z;-1281;;2715
2026-04-23T13:19:25Z;-2603;;1393
2026-04-23T13:19:44Z;-3373;;623
2026-04-23T13:19:46Z;-1991;;2005
2026-04-23T13:19:56Z;-3354;;642
2026-04-23T13:19:59Z;-1995;;2001
2026-04-23T13:20:06Z;-1997;;1999
2026-04-23T13:20:23Z;-2581;;1415
2026-04-23T13:20:32Z;-1235;;2761
2026-04-23T13:20:47Z;-2571;;1425
2026-04-23T13:21:06Z;-1236;;2760
2026-04-23T13:21:13Z;;3844;2608
2026-04-23T13:21:14Z;-1762;3973;2082
2026-04-23T13:21:16Z;-1962;;2011
2026-04-23T13:21:19Z;-3338;;635
2026-04-23T13:21:46Z;-1952;;2021
2026-04-23T13:21:49Z;-1222;;2751
2026-04-23T13:22:11Z;-2554;;1419
2026-04-23T13:22:36Z;;3658;1104
2026-04-23T13:22:37Z;;3969;1415
2026-04-23T13:22:38Z;-3336;;633
2026-04-23T13:22:52Z;-1950;;2019
2026-04-23T13:23:02Z;-3338;;631
2026-04-23T13:23:09Z;-3216;;753
2026-04-23T13:23:11Z;-2562;;1407
2026-04-23T13:23:36Z;-2571;;1398
2026-04-23T13:23:47Z;-2005;;1964
2026-04-23T13:23:53Z;-3357;;612
2026-04-23T13:24:12Z;-2187;;1782
2026-04-23T13:24:14Z;-1975;;1994
2026-04-23T13:24:20Z;-1268;;2701
2026-04-23T13:24:27Z;-2583;;1386
2026-04-23T13:24:42Z;-1246;;2723
2026-04-23T13:24:48Z;-2583;;1386
2026-04-23T13:25:04Z;-3362;;607
2026-04-23T13:25:09Z;-1978;;1991
2026-04-23T13:25:23Z;-3005;;964
2026-04-23T13:25:25Z;-3358;;611
2026-04-23T13:25:41Z;-2582;;1387
2026-04-23T13:26:17Z;-2013;;1956
2026-04-23T13:26:25Z;-3314;;655
2026-04-23T13:26:33Z;;3750;436
2026-04-23T13:26:34Z;-3229;3950;721
2026-04-23T13:26:36Z;-3314;;636
2026-04-23T13:26:39Z;-3295;;655
2026-04-23T13:26:41Z;-3311;;639
2026-04-23T13:26:48Z;-2073;;1877
2026-04-23T13:26:56Z;-3456;;494
2026-04-23T13:27:02Z;-2661;;1289
2026-04-23T13:27:10Z;-1321;;2629
2026-04-23T13:27:24Z;-1341;;2609
2026-04-23T13:27:39Z;-3293;;657
2026-04-23T13:27:41Z;-3455;;495
2026-04-23T13:28:17Z;-2657;;1293
2026-04-23T13:28:23Z;-1311;;2639
2026-04-23T13:28:39Z;-2653;;1297
2026-04-23T13:28:56Z;-3436;;514
2026-04-23T13:29:06Z;-2039;;1911
2026-04-23T13:29:21Z;-3441;;509
2026-04-23T13:29:31Z;-2652;;1298
2026-04-23T13:30:06Z;-2665;3944;1285
2026-04-23T13:30:16Z;-3439;;505
2026-04-23T13:30:31Z;;3821;382
2026-04-23T13:30:32Z;;3933;494
2026-04-23T13:30:49Z;-2019;;1914
2026-04-23T13:30:59Z;-3419;;514
2026-04-23T13:31:12Z;-2641;;1292
2026-04-23T13:31:20Z;;3860;1219
2026-04-23T13:31:21Z;-1565;;2295
2026-04-23T13:31:23Z;-1302;;2558
2026-04-23T13:31:29Z;-2616;;1244
2026-04-23T13:31:48Z;-1288;;2572
2026-04-23T13:31:54Z;-2045;;1815
2026-04-23T13:31:56Z;-3428;;432
2026-04-23T13:32:49Z;-2032;;1828
2026-04-23T13:32:59Z;-1307;;2553
2026-04-23T13:33:33Z;-3442;;418
2026-04-23T13:33:36Z;-2038;;1822
2026-04-23T13:33:45Z;-3439;;421
2026-04-23T13:34:03Z;-2031;;1829
2026-04-23T13:34:12Z;-3416;;444
2026-04-23T13:34:14Z;-2714;;1146
2026-04-23T13:34:17Z;-2625;;1235
2026-04-23T13:34:19Z;;3896;1271
2026-04-23T13:34:21Z;;3901;1276
2026-04-23T13:34:22Z;;3899;1274
2026-04-23T13:34:40Z;-1264;;2635
2026-04-23T13:34:50Z;-2610;;1289
2026-04-23T13:34:56Z;-1442;;2457
2026-04-23T13:34:59Z;-1174;;2725
2026-04-23T13:35:01Z;-1228;;2671
2026-04-23T13:35:04Z;-2542;;1357
2026-04-23T13:35:07Z;-2383;;1516
2026-04-23T13:35:10Z;-2536;;1363
2026-04-23T13:35:14Z;-3333;;566
2026-04-23T13:35:17Z;-3174;;725
2026-04-23T13:35:19Z;-3324;;575
2026-04-23T13:35:23Z;-3328;;571
2026-04-23T13:35:40Z;-3335;;564
2026-04-23T13:36:02Z;-2546;;1353
2026-04-23T13:36:33Z;-3294;;605
2026-04-23T13:37:15Z;-3304;;595
2026-04-23T13:37:17Z;-3295;;604
2026-04-23T13:37:20Z;-1937;;1962
2026-04-23T13:37:23Z;-1261;;2638
2026-04-23T13:37:28Z;-2521;;1378
2026-04-23T13:37:46Z;-1232;;2667
2026-04-23T13:37:55Z;-2541;;1358
2026-04-23T13:38:07Z;-3364;;535
2026-04-23T13:38:30Z;-1997;;1902
2026-04-23T13:38:43Z;-2004;;1895
2026-04-23T13:38:45Z;-1295;;2604
2026-04-23T13:38:48Z;-1278;;2621
2026-04-23T13:38:57Z;-2589;;1310
2026-04-23T13:39:06Z;-2274;;1625
2026-04-23T13:39:08Z;-2578;3515;1241
2026-04-23T13:39:09Z;;3837;1259
2026-04-23T13:39:26Z;-3356;;481
2026-04-23T13:39:30Z;-2076;;1761
2026-04-23T13:39:43Z;-3161;;676
2026-04-23T13:39:49Z;-2352;;1485
2026-04-23T13:39:51Z;-1791;;2046
2026-04-23T13:39:54Z;-1804;;2033
2026-04-23T13:39:57Z;-3157;;680
2026-04-23T13:40:02Z;-2391;;1446
2026-04-23T13:40:16Z;-2403;;1434
2026-04-23T13:40:18Z;-2390;;1447
2026-04-23T13:40:23Z;-1994;;1843
2026-04-23T13:40:25Z;-1055;;2782
2026-04-23T13:40:44Z;-2292;;1545
2026-04-23T13:41:11Z;-3150;;687
2026-04-23T13:41:20Z;-1790;;2047
2026-04-23T13:41:26Z;-1802;;2035
2026-04-23T13:41:36Z;-3175;;662
2026-04-23T13:41:43Z;-2400;;1437
2026-04-23T13:41:45Z;-1092;;2745
2026-04-23T13:41:50Z;-2372;;1465
2026-04-23T13:41:52Z;-2412;;1425
2026-04-23T13:41:58Z;-2403;;1434
2026-04-23T13:42:37Z;-1732;;2105
2026-04-23T13:42:48Z;-3084;;753
2026-04-23T13:43:06Z;-2903;;934
2026-04-23T13:43:08Z;-3074;3542;639
2026-04-23T13:43:09Z;;3727;653
2026-04-23T13:43:14Z;-2938;3591;789
2026-04-23T13:43:15Z;;3722;784
2026-04-23T13:43:16Z;-3071;;651
2026-04-23T13:43:19Z;-2292;;1430
2026-04-23T13:43:32Z;-963;;2759
2026-04-23T13:43:48Z;-2303;;1419
2026-04-23T13:44:02Z;-3103;;619
2026-04-23T13:44:10Z;-1630;;2092
2026-04-23T13:44:12Z;;3588;1958
2026-04-23T13:44:13Z;;3761;2131
2026-04-23T13:44:21Z;-3137;;624
2026-04-23T13:44:30Z;-1072;;2689
2026-04-23T13:44:39Z;-2367;;1394
2026-04-23T13:44:55Z;-1057;;2704
2026-04-23T13:45:03Z;-2364;;1397
2026-04-23T13:45:06Z;;3788;1424
2026-04-23T13:45:08Z;-1059;;2729
2026-04-23T13:45:19Z;-2340;;1448
2026-04-23T13:45:30Z;-1598;;2190
2026-04-23T13:45:32Z;-3124;;664
2026-04-23T13:45:58Z;-1754;;2034
2026-04-23T13:46:06Z;-1071;;2717
2026-04-23T13:46:21Z;-2369;;1419
2026-04-23T13:46:51Z;-1000;;2788
2026-04-23T13:46:53Z;-1406;;2382
2026-04-23T13:46:56Z;-1727;;2061
2026-04-23T13:47:06Z;-3118;;670
2026-04-23T13:47:22Z;-2337;;1451
2026-04-23T13:47:26Z;-998;;2790
2026-04-23T13:47:34Z;-2286;;1502
2026-04-23T13:48:15Z;-3064;;724
2026-04-23T13:49:01Z;-950;;2838
2026-04-23T13:49:11Z;-2287;;1501
2026-04-23T13:49:23Z;-2282;;1506
2026-04-23T13:49:32Z;-2280;;1508
2026-04-23T13:49:35Z;;3536;1256
2026-04-23T13:49:36Z;;3691;1411
2026-04-23T13:49:37Z;-3079;;612
2026-04-23T13:49:50Z;-1691;;2000
2026-04-23T13:49:57Z;-3068;;623
2026-04-23T13:50:11Z;-1693;;1998
2026-04-23T13:50:13Z;-974;;2717
2026-04-23T13:50:25Z;-2263;;1428
2026-04-23T13:50:31Z;;3578;1315
2026-04-23T13:50:34Z;-2074;;1504
2026-04-23T13:50:39Z;-621;;2957
2026-04-23T13:50:41Z;-585;;2993
2026-04-23T13:50:42Z;;3289;2704
2026-04-23T13:50:51Z;-1571;2976;1718
2026-04-23T13:50:54Z;-1490;;1486
2026-04-23T13:51:05Z;-1536;;1440
2026-04-23T13:51:07Z;;3035;1499
2026-04-23T13:51:11Z;-1831;;1204
2026-04-23T13:51:13Z;;3344;1513
2026-04-23T13:51:16Z;-764;;2580
2026-04-23T13:51:19Z;;3613;2849
2026-04-23T13:51:22Z;-911;;2702
2026-04-23T13:51:25Z;-1647;;1966
2026-04-23T13:51:28Z;-3028;;585
2026-04-23T13:51:42Z;-1703;;1910
2026-04-23T13:51:50Z;-1684;;1929
2026-04-23T13:51:52Z;-2280;;1333
2026-04-23T13:52:11Z;;3552;1272
2026-04-23T13:52:12Z;;3692;1412
2026-04-23T13:52:21Z;-925;;2767
2026-04-23T13:52:38Z;-2268;;1424
2026-04-23T13:52:48Z;-2987;;705
2026-04-23T13:52:51Z;-3001;;691
2026-04-23T13:52:54Z;-2998;;694
2026-04-23T13:52:56Z;-3000;;692
2026-04-23T13:53:05Z;-2999;;693
2026-04-23T13:53:08Z;-3003;;689
2026-04-23T13:53:10Z;-2999;;693
2026-04-23T13:53:18Z;;3592;593
2026-04-23T13:53:19Z;;3700;701
2026-04-23T13:53:20Z;-1609;;2091
2026-04-23T13:53:24Z;-912;;2788
2026-04-23T13:53:26Z;-885;;2815
2026-04-23T13:53:29Z;-917;;2783
2026-04-23T13:53:32Z;-898;;2802
2026-04-23T13:53:34Z;-900;;2800
2026-04-23T13:53:37Z;-2196;;1504
2026-04-23T13:53:44Z;-885;;2815
2026-04-23T13:53:53Z;;3695;2810
2026-04-23T13:53:59Z;-2107;;1588
2026-04-23T13:54:11Z;-2986;;709
2026-04-23T13:54:16Z;-2984;;711
2026-04-23T13:54:37Z;-2998;;697
2026-04-23T13:54:39Z;-3004;;691
2026-04-23T13:54:43Z;-2999;;696
2026-04-23T13:54:46Z;-2214;;1481
2026-04-23T13:55:00Z;-896;;2799
2026-04-23T13:55:04Z;-900;;2795
2026-04-23T13:55:07Z;-896;;2799
2026-04-23T13:55:09Z;-902;;2793
2026-04-23T13:55:12Z;-896;;2799
2026-04-23T13:55:14Z;-2211;;1484
2026-04-23T13:55:24Z;-2975;;720
2026-04-23T13:55:28Z;;3365;390
2026-04-23T13:55:29Z;;3646;671
2026-04-23T13:55:30Z;-2699;;947
2026-04-23T13:55:33Z;-2972;;674
2026-04-23T13:55:47Z;-3000;;646
2026-04-23T13:55:51Z;-2999;;647
2026-04-23T13:55:53Z;-3001;;645
2026-04-23T13:55:56Z;-2999;;647
2026-04-23T13:55:59Z;-3002;;644
2026-04-23T13:56:01Z;-2997;;649
2026-04-23T13:56:04Z;-1631;;2015
2026-04-23T13:56:07Z;-2970;;676
2026-04-23T13:56:09Z;-2200;;1446
2026-04-23T13:56:12Z;-873;;2773
2026-04-23T13:56:22Z;-2192;;1454
2026-04-23T13:56:53Z;-2987;;659
2026-04-23T13:57:08Z;-3004;;642
2026-04-23T13:57:11Z;-2998;;648
2026-04-23T13:57:13Z;-3001;;645
2026-04-23T13:57:16Z;-2997;;649
2026-04-23T13:57:18Z;-3002;;644
2026-04-23T13:57:21Z;-2998;;648
2026-04-23T13:57:24Z;-3000;;646
2026-04-23T13:57:26Z;-2995;;651
2026-04-23T13:57:29Z;-3003;;643
2026-04-23T13:57:32Z;-2999;;647
2026-04-23T13:57:34Z;-1609;;2037
2026-04-23T13:57:46Z;-2976;;670
2026-04-23T13:57:52Z;-2194;;1452
2026-04-23T13:58:25Z;-2910;;736
2026-04-23T13:58:28Z;-1560;;2086
2026-04-23T13:58:42Z;;3598;2038
2026-04-23T13:58:43Z;-2906;;692
2026-04-23T13:58:44Z;;3602;696
2026-04-23T13:58:45Z;;3596;690
2026-04-23T13:58:51Z;-1539;;2057
2026-04-23T13:59:01Z;-2917;;679
2026-04-23T13:59:06Z;-2904;;692
2026-04-23T13:59:16Z;-818;;2778
2026-04-23T13:59:20Z;;3603;2785
2026-04-23T13:59:22Z;;3599;2781
2026-04-23T13:59:23Z;;3608;2790
2026-04-23T13:59:26Z;-2154;;1454
2026-04-23T13:59:35Z;-857;;2751
2026-04-23T13:59:40Z;-2174;;1434
2026-04-23T13:59:51Z;-2953;;655
2026-04-23T13:59:55Z;-3014;;594
2026-04-23T14:00:06Z;;3641;627
2026-04-23T14:00:08Z;-3025;;616
2026-04-23T14:00:23Z;-1624;;2017
2026-04-23T14:00:30Z;-3015;;626
2026-04-23T14:00:35Z;-2243;;1398
2026-04-23T14:00:59Z;-883;;2758
2026-04-23T14:01:08Z;-2218;;1423
2026-04-23T14:01:15Z;-3010;;631
2026-04-23T14:01:48Z;-2993;;648
2026-04-23T14:01:51Z;-3015;;626
2026-04-23T14:01:58Z;;3488;473
2026-04-23T14:01:59Z;;3623;608
2026-04-23T14:02:18Z;-2225;;1398
2026-04-23T14:02:31Z;-888;;2735
2026-04-23T14:02:43Z;-2201;;1422
2026-04-23T14:02:46Z;-2216;;1407
2026-04-23T14:02:51Z;-3001;;622
2026-04-23T14:02:54Z;-2992;;631
2026-04-23T14:02:56Z;-3000;;623
2026-04-23T14:02:59Z;-2998;;625
2026-04-23T14:03:01Z;-3003;;620
2026-04-23T14:03:04Z;-2994;;629
2026-04-23T14:03:07Z;-3004;;619
2026-04-23T14:03:09Z;-2995;;628
2026-04-23T14:03:12Z;-3003;;620
2026-04-23T14:03:15Z;-2998;;625
2026-04-23T14:03:17Z;-3001;;622
2026-04-23T14:03:20Z;-2996;;627
2026-04-23T14:03:30Z;;3604;608
2026-04-23T14:03:31Z;;3597;601
2026-04-23T14:03:44Z;-2179;;1418
2026-04-23T14:04:18Z;-2949;;648
2026-04-23T14:04:25Z;-3083;;514
2026-04-23T14:04:32Z;-2966;;631
2026-04-23T14:04:35Z;-3075;;522
2026-04-23T14:04:57Z;-1716;;1881
2026-04-23T14:05:09Z;-3100;;497
2026-04-23T14:05:12Z;-2376;;1221
2026-04-23T14:05:14Z;-1721;;1876
2026-04-23T14:05:20Z;-3090;;507
2026-04-23T14:05:27Z;-1721;;1876
2026-04-23T14:05:35Z;-3025;;572
2026-04-23T14:05:44Z;-2319;;1278
2026-04-23T14:06:29Z;-3102;;495
2026-04-23T14:06:44Z;-1739;;1858
2026-04-23T14:07:18Z;-976;;2621
2026-04-23T14:07:41Z;-2279;;1318
2026-04-23T14:08:30Z;-3043;;554
2026-04-23T14:08:59Z;-3012;;585
2026-04-23T14:09:02Z;-3018;;579
2026-04-23T14:09:04Z;-2997;;600
2026-04-23T14:09:07Z;-1612;;1985
2026-04-23T14:09:13Z;-2982;;615
2026-04-23T14:09:16Z;-3010;;587
2026-04-23T14:09:18Z;-2631;;966
2026-04-23T14:09:21Z;-2232;;1365
2026-04-23T14:09:47Z;-805;;2792
2026-04-23T14:10:04Z;-2126;;1471
2026-04-23T14:10:07Z;-2925;;672
2026-04-23T14:10:24Z;-2176;;1421
2026-04-23T14:10:27Z;-1618;;1979
2026-04-23T14:10:33Z;-2887;;710
2026-04-23T14:10:36Z;-3000;;597
2026-04-23T14:10:38Z;-2994;;603
2026-04-23T14:10:41Z;-3000;;597
2026-04-23T14:10:47Z;-2999;;598
2026-04-23T14:10:50Z;-3003;;594
2026-04-23T14:10:52Z;-2236;;1361
2026-04-23T14:11:19Z;-903;;2694
2026-04-23T14:11:22Z;-895;;2702
2026-04-23T14:11:24Z;-900;;2697
2026-04-23T14:11:27Z;-1636;;1961
2026-04-23T14:11:38Z;-3004;;593
2026-04-23T14:11:50Z;-1634;;1963
2026-04-23T14:12:02Z;-976;;2621
2026-04-23T14:12:05Z;-2255;;1342
2026-04-23T14:12:13Z;-2255;;1342
2026-04-23T14:12:19Z;-2252;;1345
2026-04-23T14:12:58Z;-3008;;589
2026-04-23T14:13:11Z;-2994;;603
2026-04-23T14:13:14Z;-1635;;1962
2026-04-23T14:13:23Z;-2981;;616
2026-04-23T14:13:46Z;-2221;;1376
2026-04-23T14:13:54Z;-903;;2694
2026-04-23T14:13:57Z;-893;;2704
2026-04-23T14:13:59Z;-909;;2688
2026-04-23T14:14:07Z;-2192;;1405
2026-04-23T14:14:34Z;-2950;;647
2026-04-23T14:15:06Z;;3402;452
2026-04-23T14:15:08Z;-2929;;473
2026-04-23T14:15:20Z;-1560;;1842
2026-04-23T14:15:29Z;-878;;2524
2026-04-23T14:15:32Z;-875;;2527
2026-04-23T14:15:41Z;;3268;2393
2026-04-23T14:15:42Z;-2028;;1240
2026-04-23T14:15:43Z;;3398;1370
2026-04-23T14:15:44Z;-2156;;1242
2026-04-23T14:15:48Z;-853;;2545
2026-04-23T14:16:00Z;-1962;;1436
2026-04-23T14:16:03Z;-2168;;1230
2026-04-23T14:16:05Z;-1016;;2382
2026-04-23T14:16:08Z;-867;;2531
2026-04-23T14:16:11Z;-1370;;2028
2026-04-23T14:16:13Z;-1583;;1815
2026-04-23T14:16:16Z;-1916;;1482
2026-04-23T14:16:19Z;-2922;;476
2026-04-23T14:16:21Z;-1572;;1826
2026-04-23T14:16:24Z;-2919;;479
2026-04-23T14:16:44Z;-2147;;1251
2026-04-23T14:17:20Z;-1538;;1860
2026-04-23T14:17:28Z;-2902;;496
2026-04-23T14:17:33Z;-1537;;1861
2026-04-23T14:17:40Z;-2906;;492
2026-04-23T14:17:57Z;-2156;;1242
2026-04-23T14:18:40Z;-2932;;466
2026-04-23T14:18:45Z;-1566;;1832
2026-04-23T14:18:57Z;-2918;;480
2026-04-23T14:19:08Z;-1537;;1861
2026-04-23T14:19:19Z;-2125;;1273
2026-04-23T14:19:22Z;-2922;;476
2026-04-23T14:19:24Z;-2145;;1253
2026-04-23T14:24:05Z;-1437;;1961
2026-04-23T14:24:06Z;-2770;;628
2026-04-23T14:24:12Z;-2352;;1046
2026-04-23T14:24:15Z;-2826;;572
2026-04-23T14:24:34Z;-2043;;1355
2026-04-23T14:24:47Z;-725;;2673
2026-04-23T14:24:57Z;-2040;;1358
2026-04-23T14:25:08Z;-2804;;594
2026-04-23T14:25:11Z;-1437;;1961
2026-04-23T14:25:18Z;-2749;;649
2026-04-23T14:25:21Z;-1439;;1959
2026-04-23T14:25:28Z;-2787;;611
2026-04-23T14:25:32Z;-1416;;1982
2026-04-23T14:25:40Z;-2748;;650
2026-04-23T14:25:43Z;-1989;;1409
2026-04-23T14:25:53Z;-649;;2749
2026-04-23T14:26:00Z;-1942;;1456
2026-04-23T14:26:28Z;-2738;;660
2026-04-23T14:26:46Z;-2706;;692
2026-04-23T14:26:49Z;-2699;;699
2026-04-23T14:26:51Z;-2690;;708
2026-04-23T14:27:11Z;-1312;;2086
2026-04-23T14:27:21Z;-600;;2798
2026-04-23T14:27:24Z;-598;;2800
2026-04-23T14:27:26Z;-1912;;1486
2026-04-23T14:27:29Z;-590;;2808
2026-04-23T14:27:36Z;-1898;;1500
2026-04-23T14:27:45Z;-583;;2815
2026-04-23T14:27:50Z;-1908;;1490
2026-04-23T14:28:04Z;-564;;2834
2026-04-23T14:28:12Z;-589;;2809
2026-04-23T14:28:23Z;-567;;2831
2026-04-23T14:28:26Z;-1272;;2126
2026-04-23T14:28:30Z;-2644;;754
2026-04-23T14:28:33Z;-1281;;2117
2026-04-23T14:28:39Z;-2658;;740
2026-04-23T14:28:53Z;;2914;256
2026-04-23T14:28:54Z;;3124;466
2026-04-23T14:29:13Z;-1896;;1228
2026-04-23T14:29:20Z;;2988;1092
2026-04-23T14:29:21Z;-1746;3137;1242
2026-04-23T14:29:23Z;-1895;;1242
2026-04-23T14:29:55Z;-2666;;471
2026-04-23T14:30:04Z;-1303;;1834
2026-04-23T14:30:06Z;;3142;1839
2026-04-23T14:30:07Z;-2680;;462
2026-04-23T14:30:14Z;-2481;;661
2026-04-23T14:30:40Z;-1282;;1860
2026-04-23T14:30:51Z;-2638;;504
2026-04-23T14:30:56Z;-1295;;1847
2026-04-23T14:31:00Z;-700;;2442
2026-04-23T14:31:03Z;-578;;2564
2026-04-23T14:31:05Z;-1881;;1261
2026-04-23T14:31:08Z;-1605;;1537
2026-04-23T14:31:11Z;-583;;2559
2026-04-23T14:31:13Z;-1893;;1249
2026-04-23T14:31:52Z;-2646;;496
2026-04-23T14:32:27Z;;2997;351
2026-04-23T14:32:28Z;;3111;465
2026-04-23T14:32:38Z;;2996;350
2026-04-23T14:32:39Z;;3110;464
2026-04-23T14:32:40Z;-1272;;1838
2026-04-23T14:32:52Z;-2649;;461
2026-04-23T14:33:04Z;-1886;;1224
2026-04-23T14:33:08Z;-1887;;1223
2026-04-23T14:33:11Z;-601;;2509
2026-04-23T14:33:13Z;-597;;2513
2026-04-23T14:33:21Z;-600;;2510
2026-04-23T14:33:24Z;-1866;;1244
2026-04-23T14:33:32Z;-567;;2543
2026-04-23T14:33:36Z;-600;;2510
2026-04-23T14:33:39Z;-591;;2519
2026-04-23T14:33:41Z;-609;;2501
2026-04-23T14:33:44Z;-587;;2523
2026-04-23T14:33:47Z;-615;;2495
2026-04-23T14:33:49Z;-596;;2514
2026-04-23T14:33:52Z;-600;;2510
2026-04-23T14:33:55Z;-1297;;1813
2026-04-23T14:33:57Z;-2620;;490
2026-04-23T14:34:11Z;;2953;333
2026-04-23T14:34:12Z;;3083;463
2026-04-23T14:34:43Z;-1862;;1221
2026-04-23T14:35:19Z;-576;;2507
2026-04-23T14:35:22Z;-1284;;1799
2026-04-23T14:35:29Z;;2935;1651
2026-04-23T14:35:30Z;-1151;3076;1784
2026-04-23T14:35:32Z;-1298;;1778
2026-04-23T14:35:35Z;-1528;;1548
2026-04-23T14:35:38Z;-2623;;453
2026-04-23T14:35:58Z;-1905;;1171
2026-04-23T14:36:39Z;-2586;;490
2026-04-23T14:37:24Z;-1251;;1825
2026-04-23T14:37:36Z;-2596;;480
2026-04-23T14:37:54Z;-1852;;1224
2026-04-23T14:38:16Z;-561;;2515
2026-04-23T14:38:25Z;-559;;2517
2026-04-23T14:38:32Z;-520;;2556
2026-04-23T14:38:33Z;;2799;2279
2026-04-23T14:38:34Z;;3011;2491
2026-04-23T14:38:35Z;-1228;;1783
2026-04-23T14:38:41Z;-2587;;424
2026-04-23T14:39:03Z;;2965;378
2026-04-23T14:39:05Z;-1231;;1734
2026-04-23T14:39:10Z;-2431;;534
2026-04-23T14:39:19Z;-1824;;1141
2026-04-23T14:39:30Z;-1816;;1149
2026-04-23T14:39:40Z;-1841;;1124
2026-04-23T14:39:58Z;-559;;2406
2026-04-23T14:40:13Z;-763;;2202
2026-04-23T14:40:16Z;-2046;;919
2026-04-23T14:40:18Z;-2586;;379
2026-04-23T14:40:24Z;;2999;413
2026-04-23T14:40:25Z;;3008;422
2026-04-23T14:40:36Z;;2999;413
2026-04-23T14:40:37Z;;3009;423
2026-04-23T14:40:59Z;;2997;411
2026-04-23T14:41:01Z;;3006;420
2026-04-23T14:41:03Z;-1826;;1180
2026-04-23T14:41:06Z;;2999;1173
2026-04-23T14:41:07Z;;3003;1177
2026-04-23T14:41:10Z;;2999;1173
2026-04-23T14:41:13Z;;3000;1174
2026-04-23T14:41:19Z;-1799;;1201
2026-04-23T14:41:20Z;;3001;1202
2026-04-23T14:41:22Z;-1804;;1197
2026-04-23T14:41:23Z;;2999;1195
2026-04-23T14:41:24Z;-1791;;1208
2026-04-23T14:41:25Z;;3002;1211
2026-04-23T14:41:27Z;-1804;;1198
2026-04-23T14:41:28Z;;2998;1194
2026-04-23T14:41:30Z;-1799;;1199
2026-04-23T14:41:32Z;-1803;3000;1201
2026-04-23T14:41:33Z;;2995;1192
2026-04-23T14:41:35Z;-1791;;1204
2026-04-23T14:41:38Z;-2557;;438
2026-04-23T14:42:13Z;-1897;;1098
2026-04-23T14:42:16Z;-1184;;1811
2026-04-23T14:42:18Z;-1203;;1792
2026-04-23T14:42:21Z;-1198;;1797
2026-04-23T14:42:24Z;-1215;;1780
2026-04-23T14:42:26Z;-2548;;447
2026-04-23T14:42:40Z;-1178;;1817
2026-04-23T14:42:46Z;-1191;;1804
2026-04-23T14:42:49Z;-1760;;1235
2026-04-23T14:43:03Z;-456;;2539
2026-04-23T14:43:13Z;372;;3367
2026-04-23T14:43:15Z;;2192;2564
2026-04-23T14:43:16Z;-457;2930;1735
2026-04-23T14:43:18Z;-1736;;1194
2026-04-23T14:43:24Z;-426;;2504
2026-04-23T14:43:30Z;-1705;;1225
2026-04-23T14:43:33Z;-2495;;435
2026-04-23T14:43:46Z;-1135;;1795
2026-04-23T14:43:57Z;-2506;;424
2026-04-23T14:44:09Z;-2508;;422
2026-04-23T14:44:12Z;-1806;;1124
2026-04-23T14:44:46Z;-2510;;420
2026-04-23T14:45:06Z;;2934;424
2026-04-23T14:45:08Z;-2512;;422
2026-04-23T14:45:52Z;-1734;;1200
2026-04-23T14:46:01Z;-446;;2488
2026-04-23T14:46:23Z;-442;;2492
2026-04-23T14:46:29Z;-1397;;1537
2026-04-23T14:46:32Z;-395;;2539
2026-04-23T14:46:34Z;-1135;;1799
2026-04-23T14:46:40Z;-2481;;453
2026-04-23T14:46:52Z;-1168;;1766
2026-04-23T14:46:57Z;-2253;;681
2026-04-23T14:47:00Z;-2494;;440
2026-04-23T14:47:06Z;-1161;;1773
2026-04-23T14:47:10Z;-2492;;442
2026-04-23T14:47:15Z;-1742;;1192
2026-04-23T14:47:31Z;-422;;2512
2026-04-23T14:47:37Z;-607;;2327
2026-04-23T14:47:40Z;-405;;2529
2026-04-23T14:47:42Z;-1700;;1234
2026-04-23T14:47:59Z;-2237;;697
2026-04-23T14:48:02Z;-2462;;472
2026-04-23T14:48:42Z;-1627;;1307
2026-04-23T14:48:54Z;-394;;2540
2026-04-23T14:49:18Z;-1691;;1243
2026-04-23T14:49:32Z;-2444;;490
2026-04-23T14:49:49Z;-1076;;1858
2026-04-23T14:50:01Z;-2444;;490
2026-04-23T14:50:10Z;-1088;;1846
2026-04-23T14:50:17Z;-2432;;502
2026-04-23T14:50:21Z;-1667;;1267
2026-04-23T14:50:24Z;-585;;2349
2026-04-23T14:50:32Z;-1666;;1268
2026-04-23T14:51:00Z;-1650;;1284
2026-04-23T14:51:15Z;-2416;;518
2026-04-23T14:51:24Z;-2394;;540
2026-04-23T14:51:27Z;-1065;;1869
2026-04-23T14:51:32Z;-2401;;533
2026-04-23T14:51:43Z;-1090;;1844
2026-04-23T14:51:54Z;-2405;;529
2026-04-23T14:52:00Z;-2395;;539
2026-04-23T14:52:03Z;-2402;;532
2026-04-23T14:52:10Z;-1645;;1289
2026-04-23T14:52:36Z;-356;;2578
2026-04-23T14:52:45Z;-1050;;1884
2026-04-23T14:52:48Z;-2386;;548
2026-04-23T14:53:30Z;-2383;;551
2026-04-23T14:53:39Z;-2343;;591
2026-04-23T14:53:41Z;-1582;;1352
2026-04-23T14:53:47Z;-255;;2679
2026-04-23T14:53:54Z;-1197;;1737
2026-04-23T14:53:57Z;-1602;;1332
2026-04-23T14:53:59Z;-294;;2640
2026-04-23T14:54:05Z;-1586;;1348
2026-04-23T14:54:11Z;-272;;2662
2026-04-23T14:54:16Z;-1233;;1701
2026-04-23T14:54:19Z;-1589;;1345
2026-04-23T14:54:23Z;-2365;;569
2026-04-23T14:54:39Z;;2671;306
2026-04-23T14:54:40Z;;2769;404
2026-04-23T14:54:48Z;-977;;1792
2026-04-23T14:54:58Z;-2318;;451
2026-04-23T14:55:02Z;-1184;;1585
2026-04-23T14:55:09Z;-2308;;461
2026-04-23T14:55:15Z;-1568;;1201
2026-04-23T14:55:53Z;-2280;;489
2026-04-23T14:56:35Z;-923;;1846
2026-04-23T14:56:53Z;-2276;;493
2026-04-23T14:57:05Z;-921;;1848
2026-04-23T14:57:08Z;-191;;2578
2026-04-23T14:57:14Z;-1532;;1237
2026-04-23T14:57:16Z;;2573;1041
2026-04-23T14:57:17Z;-1391;;1182
2026-04-23T14:57:18Z;;2724;1333
2026-04-23T14:57:20Z;-1533;;1191
2026-04-23T14:57:26Z;-184;;2540
2026-04-23T14:57:36Z;;2695;2511
2026-04-23T14:57:38Z;;2715;2531
2026-04-23T14:57:39Z;-1508;;1207
2026-04-23T14:57:46Z;-1505;;1210
2026-04-23T14:57:59Z;-946;;1769
2026-04-23T14:58:02Z;-2264;;451
2026-04-23T14:58:07Z;-924;;1791
2026-04-23T14:58:20Z;-2289;;426
2026-04-23T14:58:34Z;-914;;1801
2026-04-23T14:58:44Z;-213;;2502
2026-04-23T14:58:55Z;-1513;;1202
2026-04-23T14:58:58Z;-215;;2500
2026-04-23T14:59:03Z;-1504;;1211
2026-04-23T14:59:06Z;-212;;2503
2026-04-23T14:59:08Z;;2699;2487
2026-04-23T14:59:09Z;;2700;2488
2026-04-23T14:59:11Z;-1506;;1194
2026-04-23T14:59:14Z;;2696;1190
2026-04-23T14:59:15Z;;2700;1194
2026-04-23T14:59:19Z;;2699;1193
2026-04-23T14:59:22Z;;2703;1197
2026-04-23T14:59:26Z;;2696;1190
2026-04-23T14:59:27Z;-1465;;1231
2026-04-23T14:59:28Z;;2702;1237
2026-04-23T14:59:30Z;-1525;2697;1177
2026-04-23T14:59:32Z;-2271;;426
2026-04-23T14:59:34Z;;2701;430
2026-04-23T14:59:36Z;;2698;427
2026-04-23T15:00:06Z;;2692;421
2026-04-23T15:00:08Z;-2265;;427
2026-04-23T15:00:21Z;-891;;1801
2026-04-23T15:00:24Z;-914;;1778
2026-04-23T15:00:28Z;-355;;2337
2026-04-23T15:00:31Z;-208;;2484
2026-04-23T15:00:34Z;-1497;;1195
2026-04-23T15:00:37Z;-1500;;1192
2026-04-23T15:00:39Z;-1498;;1194
2026-04-23T15:00:43Z;-134;;2558
2026-04-23T15:00:48Z;-705;;1987
2026-04-23T15:00:51Z;-176;;2516
2026-04-23T15:00:53Z;-165;;2527
2026-04-23T15:00:56Z;-188;;2504
2026-04-23T15:01:02Z;-1477;;1215
2026-04-23T15:01:08Z;-2215;;477
2026-04-23T15:01:24Z;-850;;1842
2026-04-23T15:01:36Z;-2209;;483
2026-04-23T15:01:47Z;-851;;1841
2026-04-23T15:01:51Z;-168;;2524
2026-04-23T15:02:00Z;-1434;;1258
2026-04-23T15:02:03Z;-127;;2565
2026-04-23T15:02:08Z;-1407;;1285
2026-04-23T15:02:18Z;-87;;2605
2026-04-23T15:02:19Z;;1856;1769
2026-04-23T15:02:20Z;;2596;2509
2026-04-23T15:02:21Z;217;;2813
2026-04-23T15:02:23Z;-88;;2508
2026-04-23T15:02:26Z;-1402;;1194
2026-04-23T15:02:51Z;-2168;;428
2026-04-23T15:03:15Z;-809;;1787
2026-04-23T15:03:23Z;;2183;1374
2026-04-23T15:03:24Z;;2571;1762
2026-04-23T15:03:32Z;-2144;;427
2026-04-23T15:03:49Z;-787;;1784
2026-04-23T15:03:52Z;-76;;2495
2026-04-23T15:04:01Z;-1282;;1289
2026-04-23T15:04:15Z;-79;;2492
2026-04-23T15:04:29Z;-780;;1791
2026-04-23T15:04:32Z;-1374;;1197
2026-04-23T15:04:34Z;-96;;2475
2026-04-23T15:04:37Z;-1378;;1193
2026-04-23T15:04:40Z;-71;;2500
2026-04-23T15:04:42Z;-791;;1780
2026-04-23T15:04:49Z;-2133;;438
2026-04-23T15:05:04Z;-2022;;549
2026-04-23T15:05:07Z;-2138;;433
2026-04-23T15:05:21Z;-1374;;1197
2026-04-23T15:05:40Z;-1367;;1204
2026-04-23T15:05:50Z;-1362;;1209
2026-04-23T15:05:53Z;-52;;2519
2026-04-23T15:05:56Z;-1360;;1211
2026-04-23T15:06:00Z;-94;;2477
2026-04-23T15:06:03Z;-804;;1767
2026-04-23T15:06:12Z;-2125;;446
2026-04-23T15:06:36Z;-782;;1789
2026-04-23T15:06:47Z;-1362;;1209
2026-04-23T15:06:51Z;-72;;2499
2026-04-23T15:06:59Z;-1360;;1211
2026-04-23T15:07:02Z;-81;;2490
2026-04-23T15:07:17Z;-1334;;1237
2026-04-23T15:07:35Z;-2074;;497
2026-04-23T15:08:24Z;-1462;;1109
2026-04-23T15:08:27Z;20;;2591
2026-04-23T15:08:31Z;-21;;2550
2026-04-23T15:08:34Z;1;;2572
2026-04-23T15:08:36Z;-8;;2563
2026-04-23T15:08:41Z;7;;2578
2026-04-23T15:08:43Z;;2380;2387
2026-04-23T15:08:44Z;-5;2500;2495
2026-04-23T15:08:49Z;1;;2501
2026-04-23T15:08:52Z;-2;;2498
2026-04-23T15:08:54Z;17;;2517
2026-04-23T15:08:57Z;-1260;;1240
2026-04-23T15:09:00Z;-7;;2493
2026-04-23T15:09:02Z;-1100;;1400
2026-04-23T15:09:05Z;-1280;2307;1027
2026-04-23T15:09:06Z;;2469;1189
2026-04-23T15:09:08Z;4;;2473
2026-04-23T15:09:11Z;-1262;;1207
2026-04-23T15:09:14Z;-4;;2465
2026-04-23T15:09:26Z;-1283;;1186
2026-04-23T15:09:29Z;-14;;2455
2026-04-23T15:09:31Z;65;;2534
2026-04-23T15:09:34Z;-456;;2013
2026-04-23T15:09:37Z;-1263;;1206
2026-04-23T15:09:40Z;34;;2503
2026-04-23T15:09:48Z;-2012;;457
2026-04-23T15:10:53Z;-635;;1834
2026-04-23T15:10:56Z;72;;2541
2026-04-23T15:11:10Z;-1226;;1243
2026-04-23T15:11:32Z;93;;2562
2026-04-23T15:11:41Z;-623;;1846
2026-04-23T15:11:42Z;;2389;1766
2026-04-23T15:11:44Z;-523;2424;1801
2026-04-23T15:11:47Z;-1959;;465
2026-04-23T15:11:49Z;-615;;1809
2026-04-23T15:11:52Z;-1639;;785
2026-04-23T15:11:55Z;-1969;;455
2026-04-23T15:11:58Z;-632;;1792
2026-04-23T15:12:01Z;-555;;1869
2026-04-23T15:12:03Z;-620;;1804
2026-04-23T15:12:09Z;-1959;;465
2026-04-23T15:12:15Z;-852;;1572
2026-04-23T15:12:18Z;83;;2507
2026-04-23T15:12:31Z;;1950;2033
2026-04-23T15:12:32Z;;2390;2473
2026-04-23T15:12:33Z;;1914;1997
2026-04-23T15:12:34Z;1617;;3531
2026-04-23T15:12:35Z;;2403;4020
2026-04-23T15:12:36Z;;2280;3897
2026-04-23T15:12:37Z;76;;2356
2026-04-23T15:12:39Z;-1191;2412;2488
2026-04-23T15:12:42Z;-1207;;1205
2026-04-23T15:12:45Z;-1197;;1215
2026-04-23T15:12:47Z;-1207;;1205
2026-04-23T15:12:50Z;-1191;;1221
2026-04-23T15:12:52Z;-1200;;1212
2026-04-23T15:12:55Z;-1187;;1225
2026-04-23T15:13:01Z;;2398;1211
2026-04-23T15:13:03Z;;2403;1216
2026-04-23T15:13:05Z;;2395;1208
2026-04-23T15:13:22Z;-1928;;467
2026-04-23T15:13:25Z;-1683;;712
2026-04-23T15:13:26Z;;1912;229
2026-04-23T15:13:27Z;-1878;2372;689
2026-04-23T15:13:30Z;-551;;1821
2026-04-23T15:13:33Z;-1892;;480
2026-04-23T15:14:17Z;-566;;1806
2026-04-23T15:14:24Z;-1903;;469
2026-04-23T15:14:29Z;-1135;;1237
2026-04-23T15:14:33Z;154;;2526
2026-04-23T15:14:44Z;-1142;;1230
2026-04-23T15:14:51Z;156;;2528
2026-04-23T15:15:03Z;-1141;;1231
2026-04-23T15:15:06Z;151;2347;1206
2026-04-23T15:15:09Z;155;;2502
2026-04-23T15:15:16Z;-1128;;1219
2026-04-23T15:15:19Z;137;;2484
2026-04-23T15:15:26Z;-1129;;1218
2026-04-23T15:15:34Z;-1894;;453
2026-04-23T15:16:19Z;-1118;;1229
2026-04-23T15:16:32Z;231;;2578
2026-04-23T15:16:43Z;-1101;;1246
2026-04-23T15:16:57Z;182;;2529
2026-04-23T15:17:00Z;-522;;1825
2026-04-23T15:17:04Z;-1859;;488
2026-04-23T15:17:15Z;-1774;;573
2026-04-23T15:17:18Z;-519;;1828
2026-04-23T15:17:27Z;-514;;1833
2026-04-23T15:17:30Z;-1822;;525
2026-04-23T15:17:33Z;-385;;1962
2026-04-23T15:17:42Z;198;;2545
2026-04-23T15:17:45Z;-1094;;1253
2026-04-23T15:17:52Z;192;;2539
2026-04-23T15:17:58Z;-1085;;1262
2026-04-23T15:18:02Z;194;;2541
2026-04-23T15:18:07Z;-1099;;1248
2026-04-23T15:18:12Z;;2008;909
2026-04-23T15:18:13Z;;2211;1112
2026-04-23T15:18:56Z;-1820;;391
2026-04-23T15:18:59Z;-1798;;413
2026-04-23T15:19:01Z;-1802;;409
2026-04-23T15:19:11Z;-1797;;414
2026-04-23T15:19:14Z;-1814;;397
2026-04-23T15:19:20Z;-518;;1693
2026-04-23T15:19:33Z;-1790;;421
2026-04-23T15:19:36Z;-467;;1744
2026-04-23T15:19:42Z;-1788;;423
2026-04-23T15:19:45Z;-1797;;414
2026-04-23T15:19:47Z;-1808;;403
2026-04-23T15:19:50Z;-1773;;438
2026-04-23T15:19:53Z;-1779;;432
2026-04-23T15:19:56Z;-578;;1633
2026-04-23T15:20:01Z;-1778;;433
2026-04-23T15:20:04Z;-1034;;1177
2026-04-23T15:20:06Z;253;;2464
2026-04-23T15:20:09Z;-1039;;1172
2026-04-23T15:20:12Z;-266;;1945
2026-04-23T15:20:14Z;270;;2481
2026-04-23T15:20:17Z;-1030;;1181
2026-04-23T15:20:22Z;253;;2464
2026-04-23T15:20:32Z;261;;2472
2026-04-23T15:20:35Z;-1017;;1194
2026-04-23T15:20:38Z;261;;2472
2026-04-23T15:20:49Z;-1033;;1178
2026-04-23T15:21:07Z;-1033;;1178
2026-04-23T15:21:16Z;-1800;;411
2026-04-23T15:21:19Z;-1769;;442
2026-04-23T15:21:29Z;-414;;1797
2026-04-23T15:21:43Z;;2090;1676
2026-04-23T15:21:44Z;-1725;2214;1800
2026-04-23T15:21:47Z;-405;;1809
2026-04-23T15:21:53Z;-1746;;468
2026-04-23T15:21:56Z;-426;;1788
2026-04-23T15:21:58Z;291;;2505
2026-04-23T15:22:01Z;-993;;1221
2026-04-23T15:22:12Z;316;;2530
2026-04-23T15:22:25Z;-983;;1231
2026-04-23T15:22:29Z;337;;2551
2026-04-23T15:22:35Z;-972;;1242
2026-04-23T15:22:38Z;-559;;1655
2026-04-23T15:22:40Z;-983;;1231
2026-04-23T15:22:43Z;310;;2524
2026-04-23T15:22:47Z;-246;;1968
2026-04-23T15:22:50Z;-399;;1815
2026-04-23T15:23:02Z;-1682;;532
2026-04-23T15:23:20Z;-984;;1230
2026-04-23T15:23:30Z;-377;;1837
2026-04-23T15:23:33Z;-968;;1246
2026-04-23T15:23:59Z;-1699;;515
2026-04-23T15:24:53Z;;2098;399
2026-04-23T15:24:54Z;;2165;466
2026-04-23T15:25:02Z;-363;;1802
2026-04-23T15:25:08Z;;2071;1708
2026-04-23T15:25:09Z;;2145;1782
2026-04-23T15:25:10Z;;2041;1678
2026-04-23T15:25:11Z;-61;;1980
2026-04-23T15:25:12Z;;2150;2089
2026-04-23T15:25:13Z;-955;;1195
2026-04-23T15:25:36Z;391;;2541
2026-04-23T15:25:41Z;113;;2263
2026-04-23T15:25:44Z;-292;;1858
2026-04-23T15:25:46Z;-340;;1810
2026-04-23T15:25:49Z;-1646;;504
2026-04-23T15:25:52Z;-345;;1805
2026-04-23T15:25:56Z;-1665;;485
2026-04-23T15:26:04Z;-497;;1653
2026-04-23T15:26:13Z;-1686;;464
2026-04-23T15:26:22Z;-914;;1236
2026-04-23T15:26:33Z;406;;2556
2026-04-23T15:26:59Z;-903;;1247
2026-04-23T15:27:02Z;-893;;1257
2026-04-23T15:27:04Z;-903;;1247
2026-04-23T15:27:07Z;-894;;1256
2026-04-23T15:27:10Z;-902;;1248
2026-04-23T15:27:12Z;-891;;1259
2026-04-23T15:27:16Z;-901;;1249
2026-04-23T15:27:18Z;;2071;1170
2026-04-23T15:27:19Z;-898;2106;1208
2026-04-23T15:27:21Z;-1579;;527
2026-04-23T15:27:24Z;;2098;519
2026-04-23T15:27:26Z;;2105;526
2026-04-23T15:27:29Z;;2099;520
2026-04-23T15:27:33Z;;2100;521
2026-04-23T15:27:34Z;;2097;518
2026-04-23T15:28:05Z;-266;;1831
2026-04-23T15:28:08Z;366;;2463
2026-04-23T15:28:20Z;-707;;1390
2026-04-23T15:28:23Z;464;;2561
2026-04-23T15:28:38Z;-849;;1248
2026-04-23T15:29:03Z;442;;2539
2026-04-23T15:29:08Z;467;;2564
2026-04-23T15:29:15Z;-1579;;518
2026-04-23T15:29:26Z;-247;;1850
2026-04-23T15:29:35Z;-1567;;530
2026-04-23T15:29:43Z;-1195;;902
2026-04-23T15:29:46Z;-233;;1864
2026-04-23T15:29:50Z;495;;2592
2026-04-23T15:29:54Z;-814;;1283
2026-04-23T15:30:06Z;;2038;1224
2026-04-23T15:30:08Z;-820;;1218
2026-04-23T15:30:42Z;-1565;;473
2026-04-23T15:31:00Z;-232;;1806
2026-04-23T15:31:19Z;-1309;;729
2026-04-23T15:31:22Z;-1544;;494
2026-04-23T15:31:35Z;-795;;1243
2026-04-23T15:31:46Z;-364;;1674
2026-04-23T15:31:49Z;496;;2534
2026-04-23T15:31:58Z;-806;;1232
2026-04-23T15:32:05Z;519;;2557
2026-04-23T15:32:14Z;-779;;1259
2026-04-23T15:32:18Z;515;;2553
2026-04-23T15:32:25Z;-791;;1247
2026-04-23T15:32:40Z;;1654;863
2026-04-23T15:32:41Z;;1984;1193
2026-04-23T15:33:05Z;-786;;1198
2026-04-23T15:33:31Z;365;;2349
2026-04-23T15:33:46Z;-787;;1197
2026-04-23T15:33:49Z;-1490;;494
2026-04-23T15:33:51Z;-1527;;457
2026-04-23T15:33:56Z;-189;;1795
2026-04-23T15:34:04Z;-221;;1763
2026-04-23T15:34:17Z;-164;;1820
2026-04-23T15:34:33Z;-1523;;461
2026-04-23T15:34:38Z;-767;;1217
2026-04-23T15:35:20Z;-1511;;473
2026-04-23T15:35:23Z;-1497;;487
2026-04-23T15:35:25Z;-1514;;470
2026-04-23T15:35:28Z;-1488;;496
2026-04-23T15:35:31Z;-1509;;475
2026-04-23T15:35:33Z;-1495;;489
2026-04-23T15:35:36Z;-1506;;478
2026-04-23T15:35:39Z;-1502;;482
2026-04-23T15:35:41Z;-1504;;480
2026-04-23T15:35:44Z;-1504;;480
2026-04-23T15:35:47Z;-1491;;493
2026-04-23T15:35:49Z;-1497;;487
2026-04-23T15:36:35Z;-741;;1243
2026-04-23T15:37:05Z;-1449;;535
2026-04-23T15:37:20Z;-112;;1872
2026-04-23T15:37:37Z;-1456;;528
2026-04-23T15:38:17Z;602;;2586
2026-04-23T15:38:20Z;599;;2583
2026-04-23T15:38:28Z;-694;;1290
2026-04-23T15:38:56Z;-1428;;556
2026-04-23T15:39:27Z;41;;2025
2026-04-23T15:39:47Z;-1291;;693
2026-04-23T15:39:50Z;-57;;1927
2026-04-23T15:39:52Z;21;;2005
2026-04-23T15:39:55Z;-93;;1891
2026-04-23T15:39:58Z;100;;2084
2026-04-23T15:40:00Z;-638;;1346
2026-04-23T15:40:03Z;623;;2607
2026-04-23T15:40:11Z;-643;;1341
2026-04-23T15:40:30Z;-609;;1375
2026-04-23T15:40:31Z;;1759;1150
2026-04-23T15:40:32Z;;1827;1218
2026-04-23T15:40:35Z;-630;;1197
2026-04-23T15:40:37Z;-1379;;448
2026-04-23T15:40:40Z;-47;;1780
2026-04-23T15:40:48Z;;1690;1643
2026-04-23T15:40:49Z;6;1811;1696
2026-04-23T15:40:53Z;-1366;;445
2026-04-23T15:40:54Z;;1799;433
2026-04-23T15:40:55Z;;1808;442
2026-04-23T15:41:17Z;;1794;428
2026-04-23T15:41:21Z;;1803;437
2026-04-23T15:41:24Z;;1799;433
2026-04-23T15:41:25Z;;1803;437
2026-04-23T15:41:26Z;-599;;1204
2026-04-23T15:41:29Z;-605;1790;1198
2026-04-23T15:41:31Z;-588;;1202
2026-04-23T15:41:36Z;-600;;1190
2026-04-23T15:41:39Z;-603;;1187
2026-04-23T15:41:41Z;-604;;1186
2026-04-23T15:41:44Z;-589;;1201
2026-04-23T15:41:47Z;-601;;1189
2026-04-23T15:41:49Z;-584;;1206
2026-04-23T15:41:52Z;-603;;1187
2026-04-23T15:41:55Z;-592;;1198
2026-04-23T15:42:05Z;-1333;;457
2026-04-23T15:42:45Z;;1263;-70
2026-04-23T15:42:46Z;-1017;1757;246
2026-04-23T15:42:50Z;-1283;;474
2026-04-23T15:42:52Z;26;;1783
2026-04-23T15:42:55Z;26;;1783
2026-04-23T15:42:58Z;-1;;1756
2026-04-23T15:43:00Z;176;;1933
2026-04-23T15:43:03Z;-1294;;463
2026-04-23T15:43:40Z;-1282;;475
2026-04-23T15:43:45Z;;1494;212
2026-04-23T15:43:46Z;;1726;444
2026-04-23T15:43:47Z;;887;-395
2026-04-23T15:43:48Z;549;;1436
2026-04-23T15:43:49Z;;1731;2280
2026-04-23T15:44:15Z;-1262;;469
2026-04-23T15:44:33Z;99;;1830
2026-04-23T15:44:46Z;-234;;1497
2026-04-23T15:44:49Z;-1257;;474
2026-04-23T15:45:06Z;;1689;432
2026-04-23T15:45:08Z;-1241;;448
2026-04-23T15:45:10Z;94;;1783
2026-04-23T15:45:26Z;-482;;1207
2026-04-23T15:45:39Z;876;;2565
2026-04-23T15:45:51Z;-470;;1219
2026-04-23T15:46:03Z;810;;2499
2026-04-23T15:46:10Z;-460;;1229
2026-04-23T15:46:17Z;840;;2529
2026-04-23T15:46:28Z;-462;;1227
2026-04-23T15:46:34Z;-1222;;467
2026-04-23T15:46:37Z;-1199;;490
2026-04-23T15:46:39Z;-1205;;484
2026-04-23T15:46:42Z;116;;1805
2026-04-23T15:46:48Z;-1189;;500
2026-04-23T15:46:51Z;-1206;;483
2026-04-23T15:46:53Z;-1178;;511
2026-04-23T15:47:26Z;-439;;1250
2026-04-23T15:47:51Z;838;;2527
2026-04-23T15:48:01Z;255;;1944
2026-04-23T15:48:04Z;-1184;;505
2026-04-23T15:48:06Z;143;;1832
2026-04-23T15:48:09Z;-898;;791
2026-04-23T15:48:12Z;-1186;;503
2026-04-23T15:48:14Z;148;;1837
2026-04-23T15:48:17Z;-1159;;530
2026-04-23T15:48:38Z;41;;1730
2026-04-23T15:48:44Z;870;;2559
2026-04-23T15:48:49Z;-410;;1279
2026-04-23T15:49:06Z;890;;2579
2026-04-23T15:49:23Z;-401;;1288
2026-04-23T15:49:35Z;864;;2553
2026-04-23T15:49:46Z;-338;;1351
2026-04-23T15:50:02Z;-1142;;547
2026-04-23T15:50:19Z;161;;1850
2026-04-23T15:50:31Z;-1166;;523
2026-04-23T15:50:55Z;-389;;1300
2026-04-23T15:51:11Z;;1482;1093
2026-04-23T15:51:12Z;;1555;1166
2026-04-23T15:51:32Z;-1103;;452
2026-04-23T15:51:42Z;;1498;395
2026-04-23T15:51:43Z;;1533;430
2026-04-23T15:52:20Z;;1498;395
2026-04-23T15:52:21Z;;1502;399
2026-04-23T15:52:41Z;;1499;396
2026-04-23T15:52:43Z;;1505;402
2026-04-23T15:52:53Z;;1489;386
2026-04-23T15:52:55Z;-564;1505;402
2026-04-23T15:52:57Z;-1073;;432
2026-04-23T15:53:00Z;;1501;428
2026-04-23T15:53:01Z;;1491;418
2026-04-23T15:53:03Z;-604;;887
2026-04-23T15:53:06Z;-321;;1170
2026-04-23T15:53:13Z;-292;;1199
2026-04-23T15:53:14Z;;1515;1223
2026-04-23T15:53:16Z;-359;;1156
2026-04-23T15:53:19Z;;1501;1142
2026-04-23T15:53:20Z;;1489;1130
2026-04-23T15:53:22Z;;1508;1149
2026-04-23T15:53:33Z;-1074;;434
2026-04-23T15:53:34Z;;1462;388
2026-04-23T15:53:37Z;;1502;428
2026-04-23T15:53:39Z;;1498;424
2026-04-23T15:53:40Z;;1504;430
2026-04-23T15:53:49Z;;1492;418
2026-04-23T15:53:50Z;-798;;694
2026-04-23T15:53:51Z;;1502;704
2026-04-23T15:53:52Z;;1499;701
2026-04-23T15:53:53Z;-1095;;404
2026-04-23T15:53:54Z;;1504;409
2026-04-23T15:53:56Z;;1499;404
2026-04-23T15:53:59Z;;1503;408
2026-04-23T15:54:00Z;;1496;401
2026-04-23T15:54:04Z;;1500;405
2026-04-23T15:54:05Z;;1498;403
2026-04-23T15:54:16Z;;1503;408
2026-04-23T15:54:17Z;;1494;399
2026-04-23T15:54:18Z;77;;1571
2026-04-23T15:54:27Z;-1054;;440
2026-04-23T15:55:50Z;-291;;1203
2026-04-23T15:55:59Z;-316;;1178
2026-04-23T15:56:01Z;-299;;1195
2026-04-23T15:56:18Z;-1016;;478
2026-04-23T15:57:31Z;323;;1817
2026-04-23T15:57:42Z;-1020;;474
2026-04-23T15:58:57Z;-253;;1241
2026-04-23T15:59:26Z;-944;;550
2026-04-23T16:00:05Z;-488;;1006
2026-04-23T16:00:06Z;;1380;892
2026-04-23T16:00:08Z;-970;;410
2026-04-23T16:00:13Z;-955;;425
2026-04-23T16:00:31Z;-862;;518
2026-04-23T16:00:34Z;-954;;426
2026-04-23T16:00:36Z;424;;1804
2026-04-23T16:00:48Z;-952;;428
2026-04-23T16:01:15Z;-864;;516
2026-04-23T16:01:18Z;-948;;432
2026-04-23T16:01:32Z;-181;;1199
2026-04-23T16:01:48Z;1126;;2506
2026-04-23T16:02:02Z;-186;;1194
2026-04-23T16:02:16Z;1106;;2486
2026-04-23T16:02:27Z;-166;;1214
2026-04-23T16:02:35Z;-919;;461
2026-04-23T16:02:38Z;-899;;481
2026-04-23T16:02:41Z;451;;1831
2026-04-23T16:03:11Z;-882;;498
2026-04-23T16:03:14Z;410;;1790
2026-04-23T16:03:18Z;-879;;501
2026-04-23T16:03:22Z;-139;;1241
2026-04-23T16:04:18Z;-846;;534
2026-04-23T16:05:13Z;-828;;552
2026-04-23T16:05:58Z;;1133;305
2026-04-23T16:05:59Z;;1229;401
2026-04-23T16:06:25Z;-487;;742
2026-04-23T16:06:28Z;-828;;401
2026-04-23T16:08:00Z;;1198;370
2026-04-23T16:08:02Z;;1207;379
2026-04-23T16:08:10Z;;1191;363
2026-04-23T16:08:12Z;;1205;377
2026-04-23T16:08:14Z;;1091;263
2026-04-23T16:09:21Z;-85;;1006
2026-04-23T16:09:24Z;28;;1119
2026-04-23T16:10:06Z;-692;;399
2026-04-23T16:10:56Z;50;;1141
2026-04-23T16:11:28Z;-669;;422
2026-04-23T16:11:51Z;-596;;495
2026-04-23T16:11:54Z;-666;;425
2026-04-23T16:12:47Z;65;;1156
2026-04-23T16:13:27Z;-645;;446
2026-04-23T16:14:02Z;;669;24
2026-04-23T16:14:03Z;;1081;436
2026-04-23T16:14:16Z;102;;1183
2026-04-23T16:15:02Z;-622;;459
2026-04-23T16:15:06Z;119;1065;443
2026-04-23T16:15:52Z;106;;1171
2026-04-23T16:16:33Z;-599;;466
2026-04-23T16:16:36Z;-605;;460
2026-04-23T16:16:38Z;-597;;468
2026-04-23T16:16:41Z;-603;;462
2026-04-23T16:16:44Z;-596;;469
2026-04-23T16:16:46Z;-602;;463
2026-04-23T16:16:49Z;-595;;470
2026-04-23T16:17:31Z;-68;;997
2026-04-23T16:17:34Z;178;;1243
2026-04-23T16:18:09Z;-508;;557
2026-04-23T16:18:52Z;267;;1332
2026-04-23T16:19:17Z;;896;1163
2026-04-23T16:19:19Z;;909;1176
2026-04-23T16:19:27Z;;885;1152
2026-04-23T16:19:29Z;;908;1175
2026-04-23T16:19:34Z;-481;;427
2026-04-23T16:19:39Z;;889;408
2026-04-23T16:19:41Z;;905;424
2026-04-23T16:19:44Z;;899;418
2026-04-23T16:19:45Z;;904;423
2026-04-23T16:19:49Z;;899;418
2026-04-23T16:19:53Z;;901;420
2026-04-23T16:19:55Z;;897;416
2026-04-23T16:19:57Z;;900;419
2026-04-23T16:19:58Z;;897;416
2026-04-23T16:20:19Z;279;;1176
2026-04-23T16:20:28Z;300;;1197
2026-04-23T16:20:31Z;287;;1184
2026-04-23T16:20:51Z;300;;1197
2026-04-23T16:20:54Z;299;;1196
2026-04-23T16:20:57Z;261;;1158
2026-04-23T16:21:56Z;314;;1211
2026-04-23T16:22:40Z;299;;1196
2026-04-23T16:22:42Z;302;;1199
2026-04-23T16:22:44Z;-443;;454
2026-04-23T16:23:11Z;;575;132
2026-04-23T16:23:12Z;;855;412
2026-04-23T16:23:13Z;-101;;754
2026-04-23T16:23:16Z;-436;;419
2026-04-23T16:23:27Z;318;;1173
2026-04-23T16:24:07Z;782;;1637
2026-04-23T16:24:10Z;390;;1245
2026-04-23T16:24:13Z;626;;1481
2026-04-23T16:24:15Z;390;;1245
2026-04-23T16:24:31Z;-324;;531
2026-04-23T16:24:49Z;-293;;562
2026-04-23T16:24:52Z;-303;;552
2026-04-23T16:24:54Z;-291;;564
2026-04-23T16:25:14Z;-301;;554
2026-04-23T16:25:17Z;201;;1056
2026-04-23T16:25:20Z;457;;1312
2026-04-23T16:25:51Z;-200;;655
2026-04-23T16:26:53Z;514;;1369
2026-04-23T16:27:28Z;-225;;630
2026-04-23T16:28:25Z;528;;1383
2026-04-23T16:28:58Z;-217;;638
2026-04-23T16:32:54Z;-300;;555
2026-04-23T16:32:56Z;-267;;588
2026-04-23T16:32:59Z;-302;;553
2026-04-23T16:33:02Z;-274;;581
2026-04-23T16:33:04Z;-307;;548
2026-04-23T16:33:07Z;-265;;590
2026-04-23T16:33:10Z;-266;;589
2026-04-23T16:33:28Z;-303;;552
2026-04-23T16:33:31Z;-296;;559
2026-04-23T16:33:33Z;-300;;555
2026-04-23T16:33:36Z;-260;;595
2026-04-23T16:33:39Z;-304;;551
2026-04-23T16:33:56Z;-299;;556
2026-04-23T16:33:59Z;-301;;554
2026-04-23T16:34:01Z;-334;;521
2026-04-23T16:34:04Z;-305;;550
2026-04-23T16:34:08Z;-299;;556
2026-04-23T16:34:11Z;-302;;553
2026-04-23T16:34:15Z;-290;;565
2026-04-23T16:34:18Z;-303;;552
2026-04-23T16:34:20Z;-225;;630
2026-04-23T16:34:23Z;-305;;550
2026-04-23T16:34:26Z;-296;;559
2026-04-23T16:34:28Z;-300;;555
2026-04-23T16:34:34Z;-298;;557
2026-04-23T16:34:37Z;-302;;553
2026-04-23T16:34:39Z;-296;;559
2026-04-23T16:34:42Z;-300;;555
2026-04-23T16:34:45Z;-292;;563
2026-04-23T16:34:51Z;-300;;555
2026-04-23T16:34:54Z;-297;;558
2026-04-23T16:34:56Z;-300;;555
2026-04-23T16:34:59Z;-297;;558
2026-04-23T16:35:02Z;-305;;550
2026-04-23T16:35:04Z;-298;;557
2026-04-23T16:35:07Z;-307;;548
2026-04-23T16:35:12Z;-297;;558
2026-04-23T16:35:15Z;-303;;552
2026-04-23T16:35:17Z;-297;;558
2026-04-23T16:35:20Z;-303;;552
2026-04-23T16:35:22Z;-291;;564
2026-04-23T16:38:21Z;;598;307
2026-04-23T16:38:22Z;;601;310
2026-04-23T16:38:24Z;;598;307
2026-04-23T16:42:19Z;1;;599
2026-04-23T16:42:22Z;-13;;585
2026-04-23T16:42:28Z;9;;607
2026-04-23T16:42:31Z;-4;;594
2026-04-23T16:42:35Z;-1;;597
2026-04-23T16:42:38Z;2;;600
2026-04-23T16:42:41Z;-2;;596
2026-04-23T16:42:43Z;11;;609
2026-04-23T16:42:46Z;-1;;597
2026-04-23T16:42:49Z;2;;600
2026-04-23T16:42:51Z;0;;598
2026-04-23T16:42:54Z;7;;605
2026-04-23T16:42:57Z;-5;;593
2026-04-23T16:42:59Z;3;;601
2026-04-23T16:43:02Z;0;;598
2026-04-23T16:43:05Z;-1;;597
2026-04-23T16:43:07Z;14;;612
2026-04-23T16:43:10Z;-2;;596
2026-04-23T16:43:13Z;9;;607
2026-04-23T16:45:06Z;;420;429
2026-04-23T16:45:11Z;23;;443
2026-04-23T16:45:12Z;-7;;413
2026-04-23T16:45:15Z;27;;447
2026-04-23T16:48:15Z;0;;420
2026-04-23T16:48:18Z;5;;425
2026-04-23T16:48:20Z;0;;420
2026-04-23T16:48:23Z;5;;425
2026-04-23T16:53:28Z;480;313;318
2026-04-23T16:53:30Z;101;;414
2026-04-23T16:53:32Z;-33;;280
2026-04-23T16:53:35Z;87;;400
2026-04-23T16:54:21Z;;0;87
2026-04-23T16:54:22Z;;304;391
2026-04-23T16:54:23Z;335;;639
2026-04-23T16:54:26Z;109;;413
2026-04-23T16:55:29Z;;299;408
2026-04-23T16:55:30Z;;300;409
2026-04-23T16:55:38Z;;299;408
2026-04-23T16:55:39Z;;300;409
2026-04-23T16:55:41Z;;296;405
2026-04-23T16:55:43Z;;303;412
2026-04-23T16:55:50Z;;298;407
2026-04-23T16:55:51Z;;300;409
2026-04-23T16:55:53Z;;293;402
2026-04-23T16:55:55Z;;301;410
2026-04-23T16:56:00Z;;299;408
2026-04-23T16:56:01Z;;301;410
2026-04-23T16:56:02Z;;297;406
2026-04-23T16:56:04Z;;301;410
2026-04-23T16:56:05Z;;290;399
2026-04-23T16:56:10Z;;300;409
2026-04-23T16:56:11Z;;299;408
2026-04-23T16:56:16Z;;300;409
2026-04-23T16:56:17Z;;288;397
2026-04-23T17:00:06Z;;264;373
2026-04-23T17:00:08Z;147;;411
2026-04-23T17:04:40Z;334;;598
2026-04-23T17:04:44Z;239;;503
2026-04-23T17:10:10Z;301;;565
2026-04-23T17:10:12Z;299;;563
2026-04-23T17:10:15Z;303;;567
2026-04-23T17:10:18Z;299;;563
2026-04-23T17:10:20Z;300;;564
2026-04-23T17:10:23Z;296;;560
2026-04-23T17:10:26Z;301;;565
2026-04-23T17:10:28Z;298;;562
2026-04-23T17:10:35Z;300;;564
2026-04-23T17:10:38Z;297;;561
2026-04-23T17:10:40Z;300;;564
2026-04-23T17:10:43Z;297;;561
2026-04-23T17:10:46Z;300;;564
2026-04-23T17:10:48Z;297;;561
2026-04-23T17:10:52Z;300;;564
2026-04-23T17:10:55Z;299;;563
2026-04-23T17:10:57Z;308;;572
2026-04-23T17:11:00Z;294;;558
2026-04-23T17:11:03Z;304;;568
2026-04-23T17:11:05Z;298;;562
2026-04-23T17:11:08Z;300;;564
2026-04-23T17:11:11Z;285;;549
2026-04-23T17:11:13Z;310;;574
2026-04-23T17:11:16Z;292;;556
2026-04-23T17:11:24Z;328;;592
2026-04-23T17:11:41Z;297;;561
2026-04-23T17:11:44Z;317;;581
2026-04-23T17:11:46Z;299;;563
2026-04-23T17:11:49Z;318;;582
2026-04-23T17:11:52Z;297;;561
2026-04-23T17:11:54Z;300;;564
2026-04-23T17:12:16Z;298;;562
2026-04-23T17:12:19Z;325;;589
2026-04-23T17:14:53Z;280;;544
2026-04-23T17:15:06Z;;167;447
2026-04-23T17:15:07Z;318;;485
2026-04-23T17:15:10Z;284;;451
2026-04-23T17:15:11Z;282;;449
2026-04-23T17:15:14Z;309;;476
2026-04-23T17:15:18Z;282;;449
2026-04-23T17:15:21Z;304;;471
2026-04-23T17:15:23Z;282;;449
2026-04-23T17:15:27Z;306;;473
2026-04-23T17:15:30Z;284;;451
2026-04-23T17:15:33Z;305;;472
2026-04-23T17:15:35Z;287;;454
2026-04-23T17:15:38Z;309;;476
2026-04-23T17:15:41Z;289;;456
2026-04-23T17:15:43Z;303;;470
2026-04-23T17:15:46Z;288;;455
2026-04-23T17:15:49Z;346;;513
2026-04-23T17:19:53Z;297;;464
2026-04-23T17:19:58Z;300;;467
2026-04-23T17:20:01Z;295;;462
2026-04-23T17:20:03Z;300;;467
2026-04-23T17:20:06Z;298;;465
2026-04-23T17:20:09Z;301;;468
2026-04-23T17:20:11Z;296;;463
2026-04-23T17:20:32Z;313;;480
2026-04-23T17:20:35Z;294;;461
2026-04-23T17:20:42Z;342;;509
2026-04-23T17:21:27Z;281;;448
2026-04-23T17:21:32Z;319;;486
2026-04-23T17:21:35Z;294;;461
2026-04-23T17:21:37Z;336;;503
2026-04-23T17:22:12Z;293;;460
2026-04-23T17:22:19Z;331;;498
2026-04-23T17:22:45Z;298;;465
2026-04-23T17:22:48Z;315;;482
2026-04-23T17:22:50Z;292;;459
2026-04-23T17:22:54Z;340;;507
2026-04-23T17:23:00Z;299;;466
2026-04-23T17:23:03Z;300;;467
2026-04-23T17:23:06Z;296;;463
2026-04-23T17:23:12Z;301;;468
2026-04-23T17:23:15Z;298;;465
2026-04-23T17:23:22Z;303;;470
2026-04-23T17:23:25Z;296;;463
2026-04-23T17:23:27Z;300;;467
2026-04-23T17:23:30Z;299;;466
2026-04-23T17:23:33Z;300;;467
2026-04-23T17:23:35Z;299;;466
2026-04-23T17:23:38Z;300;;467
2026-04-23T17:23:41Z;297;0;464
2026-04-23T17:23:42Z;;131;428
2026-04-23T17:23:45Z;315;;446
2026-04-23T17:23:47Z;306;;437
2026-04-23T17:23:50Z;300;;431
2026-04-23T17:23:52Z;248;;379
2026-04-23T17:24:49Z;;0;248
2026-04-23T17:24:50Z;;128;376
2026-04-23T17:24:51Z;-72;;56
2026-04-23T17:24:54Z;287;;415
2026-04-23T17:25:16Z;306;;434
2026-04-23T17:25:19Z;297;;425
2026-04-23T17:25:21Z;300;;428
2026-04-23T17:25:24Z;296;;424
2026-04-23T17:25:27Z;305;;433
2026-04-23T17:25:29Z;297;;425
2026-04-23T17:25:32Z;301;;429
2026-04-23T17:25:35Z;298;;426
2026-04-23T17:25:42Z;300;;428
2026-04-23T17:25:52Z;296;;424
2026-04-23T17:25:55Z;309;;437
2026-04-23T17:26:00Z;293;;421
2026-04-23T17:26:04Z;301;;429
2026-04-23T17:26:07Z;295;;423
2026-04-23T17:26:19Z;311;;439
2026-04-23T17:26:31Z;271;;399
2026-04-23T17:26:34Z;303;;431
2026-04-23T17:26:36Z;291;;419
2026-04-23T17:26:39Z;310;;438
2026-04-23T17:26:42Z;293;;421
2026-04-23T17:26:44Z;327;;455
2026-04-23T17:26:47Z;291;;419
2026-04-23T17:26:50Z;305;;433
2026-04-23T17:26:52Z;296;;424
2026-04-23T17:26:55Z;306;;434
2026-04-23T17:26:58Z;296;;424
2026-04-23T17:27:00Z;313;;441
2026-04-23T17:27:03Z;292;;420
2026-04-23T17:27:06Z;310;;438
2026-04-23T17:27:08Z;294;;422
2026-04-23T17:27:11Z;307;;435
2026-04-23T17:27:13Z;297;;425
2026-04-23T17:27:16Z;311;;439
2026-04-23T17:27:19Z;260;;388
2026-04-23T17:27:21Z;338;;466
2026-04-23T17:27:24Z;290;;418
2026-04-23T17:27:27Z;304;;432
2026-04-23T17:27:29Z;286;;414
2026-04-23T17:27:32Z;304;;432
2026-04-23T17:27:35Z;281;;409
2026-04-23T17:27:37Z;302;;430
2026-04-23T17:27:40Z;264;;392
2026-04-23T17:27:43Z;301;;429
2026-04-23T17:27:45Z;294;;422
2026-04-23T17:27:48Z;305;;433
2026-04-23T17:27:50Z;293;;421
2026-04-23T17:27:53Z;294;;422
2026-04-23T17:27:56Z;294;;422
2026-04-23T17:27:58Z;315;;443
2026-04-23T17:28:01Z;314;;442
2026-04-23T17:28:04Z;326;;454
2026-04-23T17:28:06Z;295;;423
2026-04-23T17:28:09Z;285;;413
2026-04-23T17:28:12Z;277;;405
2026-04-23T17:28:14Z;309;;437
2026-04-23T17:28:17Z;307;;435
2026-04-23T17:28:20Z;308;;436
2026-04-23T17:28:22Z;294;;422
2026-04-23T17:28:25Z;289;;417
2026-04-23T17:28:27Z;289;;417
2026-04-23T17:28:30Z;292;;420
2026-04-23T17:28:33Z;308;;436
2026-04-23T17:28:35Z;308;;436
2026-04-23T17:28:38Z;294;;422
2026-04-23T17:28:41Z;295;;423
2026-04-23T17:28:48Z;295;;423
2026-04-23T17:28:51Z;294;;422
2026-04-23T17:28:53Z;270;;398
2026-04-23T17:28:56Z;317;;445
2026-04-23T17:28:59Z;299;;427
2026-04-23T17:29:01Z;326;;454
2026-04-23T17:29:04Z;299;;427
2026-04-23T17:29:07Z;317;;445
2026-04-23T17:29:09Z;298;;426
2026-04-23T17:29:12Z;308;;436
2026-04-23T17:29:15Z;297;;425
2026-04-23T17:29:17Z;311;;439
2026-04-23T17:29:20Z;299;;427
2026-04-23T17:29:23Z;307;;435
2026-04-23T17:29:25Z;293;;421
2026-04-23T17:29:28Z;304;;432
2026-04-23T17:29:31Z;288;;416
2026-04-23T17:29:33Z;307;;435
2026-04-23T17:29:36Z;292;;420
2026-04-23T17:29:38Z;305;;433
2026-04-23T17:29:41Z;284;;412
2026-04-23T17:29:44Z;332;;460
2026-04-23T17:29:46Z;295;;423
2026-04-23T17:29:49Z;311;;439
2026-04-23T17:30:05Z;299;;427
2026-04-23T17:30:06Z;;122;421
2026-04-23T17:30:09Z;314;;436
2026-04-23T17:30:10Z;320;;442
2026-04-23T17:30:13Z;299;;421
2026-04-23T17:30:16Z;307;;429
2026-04-23T17:30:18Z;273;;395
2026-04-23T17:30:23Z;319;;441
2026-04-23T17:30:26Z;296;;418
2026-04-23T17:30:28Z;313;;435
2026-04-23T17:30:34Z;276;;398
2026-04-23T17:30:37Z;314;;436
2026-04-23T17:30:40Z;299;;421
2026-04-23T17:30:43Z;304;;426
2026-04-23T17:30:45Z;289;;411
2026-04-23T17:30:48Z;312;;434
2026-04-23T17:30:51Z;283;;405
2026-04-23T17:30:53Z;309;;431
2026-04-23T17:30:56Z;279;;401
2026-04-23T17:30:59Z;316;;438
2026-04-23T17:31:01Z;280;;402
2026-04-23T17:31:04Z;300;;422
2026-04-23T17:31:07Z;277;;399
2026-04-23T17:31:09Z;308;;430
2026-04-23T17:31:12Z;277;;399
2026-04-23T17:31:15Z;301;;423
2026-04-23T17:31:17Z;270;;392
2026-04-23T17:31:20Z;301;;423
2026-04-23T17:31:23Z;284;;406
2026-04-23T17:31:25Z;305;;427
2026-04-23T17:31:28Z;283;;405
2026-04-23T17:31:30Z;303;;425
2026-04-23T17:31:33Z;277;;399
2026-04-23T17:31:53Z;304;;426
2026-04-23T17:32:02Z;284;;406
2026-04-23T17:32:05Z;301;;423
2026-04-23T17:33:18Z;278;;400
2026-04-23T17:33:21Z;304;;426
2026-04-23T17:33:23Z;284;;406
2026-04-23T17:33:26Z;343;;465
2026-04-23T17:34:57Z;274;;396
2026-04-23T17:35:03Z;347;;469
2026-04-23T17:37:04Z;296;;418
2026-04-23T17:37:07Z;319;;441
2026-04-23T17:37:10Z;294;;416
2026-04-23T17:37:12Z;335;;457
2026-04-23T17:39:17Z;290;;412
2026-04-23T17:39:20Z;301;;423
2026-04-23T17:39:22Z;298;;420
2026-04-23T17:39:25Z;336;;458
2026-04-23T17:39:55Z;299;;421
2026-04-23T17:39:58Z;302;;424
2026-04-23T17:41:23Z;295;;417
2026-04-23T17:41:26Z;304;;426
2026-04-23T17:44:08Z;;449;753
2026-04-23T17:44:09Z;;88;392
2026-04-23T17:47:48Z;290;;378
2026-04-23T17:47:51Z;318;;406
2026-04-23T17:51:51Z;262;;350
2026-04-23T17:51:57Z;329;;417
2026-04-23T17:53:35Z;295;;383
2026-04-23T17:53:40Z;300;;388
2026-04-23T17:54:20Z;298;;386
2026-04-23T17:54:23Z;585;;673
2026-04-23T17:55:04Z;287;;375
2026-04-23T17:55:07Z;315;;403
2026-04-23T17:55:12Z;291;;379
2026-04-23T17:55:14Z;360;;448
2026-04-23T17:56:16Z;290;;378
2026-04-23T17:56:19Z;302;;390
2026-04-23T17:56:21Z;298;;386
2026-04-23T17:56:24Z;302;;390
2026-04-23T17:58:11Z;296;;384
2026-04-23T17:58:14Z;306;;394
2026-04-23T17:58:16Z;299;;387
2026-04-23T17:58:19Z;341;;429
2026-04-23T18:00:06Z;;40;381
2026-04-23T18:00:11Z;347;;387
2026-04-23T18:03:10Z;296;;336
2026-04-23T18:03:13Z;325;;365
2026-04-23T18:14:10Z;;0;325
2026-04-23T18:14:11Z;;2;327
2026-04-23T18:14:17Z;;0;325
2026-04-23T18:14:18Z;;2;327
2026-04-23T18:14:31Z;;0;325
2026-04-23T18:14:32Z;;1;326
2026-04-23T18:14:38Z;;0;325
2026-04-23T18:14:41Z;;8;333
2026-04-23T18:14:42Z;-57;;-49
2026-04-23T18:14:43Z;;0;-57
2026-04-23T18:14:44Z;;3;-54
2026-04-23T18:14:45Z;;0;-57
2026-04-23T18:14:46Z;379;;379
2026-04-23T18:14:49Z;;2;381
2026-04-23T18:14:51Z;;0;379
2026-04-23T18:14:53Z;;1;380
2026-04-23T18:14:54Z;;0;379
2026-04-23T18:14:57Z;;1;380
2026-04-23T18:14:59Z;;0;379
2026-04-23T18:15:02Z;;1;380
2026-04-23T18:15:03Z;;0;379
2026-04-23T18:15:06Z;;0;379
2026-04-23T18:15:08Z;378;;378
2026-04-23T18:15:10Z;;1;379
2026-04-23T18:15:13Z;;0;378
2026-04-23T18:15:14Z;;1;379
2026-04-23T18:15:15Z;;0;378
2026-04-23T18:15:25Z;;1;379
2026-04-23T18:15:26Z;;0;378
2026-04-23T18:15:57Z;;1;379
2026-04-23T18:15:58Z;;0;378
2026-04-23T18:16:05Z;-72;;-72
2026-04-23T18:16:08Z;381;;381
2026-04-23T18:16:11Z;;1;382
2026-04-23T18:16:12Z;;0;381
2026-04-23T18:16:25Z;;2;383
2026-04-23T18:16:26Z;;0;381
2026-04-23T18:25:02Z;;1;382
2026-04-23T18:25:03Z;;0;381
2026-04-23T18:30:06Z;;0;381
2026-04-23T18:30:09Z;397;;397
2026-04-23T18:45:06Z;;0;397
2026-04-23T18:45:11Z;363;;363
2026-04-23T19:00:06Z;;0;363
2026-04-23T19:00:09Z;367;;367
2026-04-23T19:15:06Z;;0;367
2026-04-23T19:15:11Z;399;;399
2026-04-23T19:29:00Z;724;;724
2026-04-23T19:29:14Z;456;;456
2026-04-23T19:30:06Z;;0;456
2026-04-23T19:30:08Z;436;;436
2026-04-23T19:32:49Z;627;;627
2026-04-23T19:32:52Z;1936;;1936
2026-04-23T19:33:37Z;457;;457
2026-04-23T19:45:06Z;;0;457
2026-04-23T19:45:10Z;418;;418
2026-04-23T19:47:24Z;632;;632
2026-04-23T19:47:26Z;597;;597
2026-04-23T19:47:28Z;607;;607
2026-04-23T19:47:30Z;1960;;1960
2026-04-23T19:52:56Z;890;;890
2026-04-23T19:52:58Z;500;;500
2026-04-23T19:53:43Z;608;;608
2026-04-23T19:53:45Z;579;;579
2026-04-23T19:53:47Z;611;;611
2026-04-23T19:53:49Z;580;;580
2026-04-23T19:53:51Z;613;;613
2026-04-23T19:53:52Z;579;;579
2026-04-23T20:00:06Z;;0;579
2026-04-23T20:00:09Z;447;;447
2026-04-23T20:04:46Z;604;;604
2026-04-23T20:04:48Z;580;;580
2026-04-23T20:04:50Z;650;;650
2026-04-23T20:05:04Z;504;;504
2026-04-23T20:07:15Z;602;;602
2026-04-23T20:07:17Z;599;;599
2026-04-23T20:07:19Z;600;;600
2026-04-23T20:07:21Z;599;;599
2026-04-23T20:07:23Z;600;;600
2026-04-23T20:07:24Z;596;;596
2026-04-23T20:07:26Z;606;;606
2026-04-23T20:07:28Z;592;;592
2026-04-23T20:07:30Z;607;;607
2026-04-23T20:07:31Z;589;;589
2026-04-23T20:07:33Z;600;;600
2026-04-23T20:07:35Z;595;;595
2026-04-23T20:07:37Z;603;;603
2026-04-23T20:07:39Z;596;;596
2026-04-23T20:07:42Z;602;;602
2026-04-23T20:07:44Z;570;;570
2026-04-23T20:07:46Z;602;;602
2026-04-23T20:07:48Z;599;;599
2026-04-23T20:07:51Z;600;;600
2026-04-23T20:07:53Z;596;;596
2026-04-23T20:07:56Z;631;;631
2026-04-23T20:08:00Z;588;;588
2026-04-23T20:08:02Z;623;;623
2026-04-23T20:08:05Z;589;;589
2026-04-23T20:08:07Z;624;;624
2026-04-23T20:08:10Z;590;;590
2026-04-23T20:08:12Z;630;;630
2026-04-23T20:08:15Z;594;;594
2026-04-23T20:08:17Z;627;;627
2026-04-23T20:08:22Z;597;;597
2026-04-23T20:15:06Z;;0;597
2026-04-23T20:15:08Z;467;;467
2026-04-23T20:30:06Z;547;0;467
2026-04-23T20:34:03Z;602;;602
2026-04-23T20:34:05Z;555;;555
2026-04-23T20:34:07Z;624;;624
2026-04-23T20:34:29Z;570;;570
2026-04-23T20:34:31Z;610;;610
2026-04-23T20:34:33Z;597;;597
2026-04-23T20:34:35Z;601;;601
2026-04-23T20:37:02Z;545;;545
2026-04-23T20:37:05Z;626;;626
2026-04-23T20:37:14Z;583;;583
2026-04-23T20:37:22Z;601;;601
2026-04-23T20:37:24Z;590;;590
2026-04-23T20:37:29Z;604;;604
2026-04-23T20:37:32Z;597;;597
2026-04-23T20:37:34Z;601;;601
2026-04-23T20:37:36Z;596;;596
2026-04-23T20:37:40Z;602;;602
2026-04-23T20:37:42Z;599;;599
2026-04-23T20:37:44Z;600;;600
2026-04-23T20:37:46Z;598;;598
2026-04-23T20:37:58Z;611;;611
2026-04-23T20:38:02Z;540;;540
2026-04-23T20:45:06Z;;0;540
2026-04-23T20:45:08Z;527;;527
2026-04-23T21:00:06Z;;0;527
2026-04-23T21:00:08Z;509;;509
2026-04-23T21:15:06Z;;0;509
2026-04-23T21:15:09Z;567;;567
2026-04-23T21:30:06Z;;0;567
2026-04-23T21:30:08Z;506;;506
2026-04-23T21:37:10Z;616;;616
2026-04-23T21:37:54Z;586;;586
2026-04-23T21:37:56Z;612;;612
2026-04-23T21:37:58Z;599;;599
2026-04-23T21:38:00Z;609;;609
2026-04-23T21:38:15Z;586;;586
2026-04-23T21:38:17Z;609;;609
2026-04-23T21:38:19Z;588;;588
2026-04-23T21:38:20Z;607;;607
2026-04-23T21:38:22Z;591;;591
2026-04-23T21:38:24Z;609;;609
2026-04-23T21:38:26Z;588;;588
2026-04-23T21:38:27Z;606;;606
2026-04-23T21:38:29Z;590;;590
2026-04-23T21:41:45Z;612;;612
2026-04-23T21:41:47Z;589;;589
2026-04-23T21:41:49Z;613;;613
2026-04-23T21:41:54Z;591;;591
2026-04-23T21:41:56Z;610;;610
2026-04-23T21:42:04Z;591;;591
2026-04-23T21:42:06Z;615;;615
2026-04-23T21:43:12Z;587;;587
2026-04-23T21:43:14Z;624;;624
2026-04-23T21:45:06Z;;0;624
2026-04-23T21:45:08Z;629;;629
2026-04-23T21:45:29Z;578;;578
2026-04-23T21:50:47Z;644;;644
2026-04-23T21:51:15Z;593;;593
2026-04-23T21:52:29Z;670;;670
2026-04-23T21:52:41Z;584;;584
2026-04-23T21:52:59Z;706;;706
2026-04-23T21:53:49Z;589;;589
2026-04-23T21:56:04Z;602;;602
2026-04-23T21:56:07Z;598;;598
2026-04-23T21:56:11Z;601;;601
2026-04-23T21:56:13Z;599;;599
2026-04-23T21:56:14Z;600;;600
2026-04-23T21:56:16Z;598;;598
2026-04-23T21:56:18Z;600;;600
2026-04-23T21:56:20Z;444;;444
2026-04-23T22:00:06Z;;0;444
2026-04-23T22:00:10Z;456;;456
2026-04-23T22:15:06Z;;0;456
2026-04-23T22:15:08Z;449;;449
2026-04-23T22:25:35Z;672;;672
2026-04-23T22:25:49Z;587;;587
2026-04-23T22:26:10Z;671;;671
2026-04-23T22:26:31Z;589;;589
2026-04-23T22:26:54Z;600;;600
2026-04-23T22:30:06Z;;0;600
2026-04-23T22:30:08Z;421;;421
2026-04-23T22:45:06Z;419;0;421
2026-04-23T23:00:06Z;427;0;419
2026-04-23T23:15:06Z;420;0;427
2026-04-23T23:30:06Z;;0;420
2026-04-23T23:30:08Z;402;;402
2026-04-23T23:45:06Z;437;0;402