timestamp;P_ex;P_pr;P_load
2026-05-04T00:00:07Z;428;0;428
2026-05-04T00:15:07Z;356;0;356
2026-05-04T00:30:07Z;362;0;362
2026-05-04T00:45:07Z;425;0;425
2026-05-04T01:00:07Z;388;0;388
2026-05-04T01:15:07Z;390;0;390
2026-05-04T01:30:07Z;420;0;420
2026-05-04T01:45:07Z;389;0;389
2026-05-04T02:00:07Z;364;0;364
2026-05-04T02:15:07Z;432;0;432
2026-05-04T02:30:07Z;368;0;368
2026-05-04T02:45:07Z;353;0;353
2026-05-04T03:00:07Z;419;0;419
2026-05-04T03:15:07Z;386;0;386
2026-05-04T03:30:07Z;374;0;374
2026-05-04T03:45:07Z;426;0;426
2026-05-04T04:00:07Z;355;0;355
2026-05-04T04:04:48Z;;42;397
2026-05-04T04:04:49Z;;0;355
2026-05-04T04:04:50Z;;47;402
2026-05-04T04:04:52Z;;0;355
2026-05-04T04:06:48Z;;1;356
2026-05-04T04:06:49Z;;0;355
2026-05-04T04:06:52Z;;1;356
2026-05-04T04:06:53Z;;0;355
2026-05-04T04:07:00Z;;1;356
2026-05-04T04:07:01Z;;0;355
2026-05-04T04:07:07Z;;1;356
2026-05-04T04:07:08Z;;0;355
2026-05-04T04:07:09Z;;1;356
2026-05-04T04:08:12Z;;0;355
2026-05-04T04:08:13Z;;4;359
2026-05-04T04:08:30Z;;0;355
2026-05-04T04:08:32Z;;10;365
2026-05-04T04:08:37Z;;0;355
2026-05-04T04:08:39Z;;9;364
2026-05-04T04:15:07Z;312;26;321
2026-05-04T04:16:48Z;290;;316
2026-05-04T04:16:50Z;314;;340
2026-05-04T04:18:46Z;806;;832
2026-05-04T04:18:48Z;321;;347
2026-05-04T04:18:51Z;299;;325
2026-05-04T04:18:54Z;303;;329
2026-05-04T04:19:14Z;810;;836
2026-05-04T04:19:16Z;319;;345
2026-05-04T04:19:19Z;287;;313
2026-05-04T04:19:21Z;302;;328
2026-05-04T04:19:36Z;299;;325
2026-05-04T04:19:38Z;305;;331
2026-05-04T04:19:45Z;299;;325
2026-05-04T04:19:47Z;306;;332
2026-05-04T04:19:58Z;298;;324
2026-05-04T04:20:00Z;301;;327
2026-05-04T04:20:03Z;298;;324
2026-05-04T04:20:06Z;302;;328
2026-05-04T04:20:12Z;298;;324
2026-05-04T04:20:14Z;302;;328
2026-05-04T04:20:17Z;299;;325
2026-05-04T04:20:19Z;302;;328
2026-05-04T04:20:25Z;299;;325
2026-05-04T04:20:28Z;301;;327
2026-05-04T04:20:34Z;296;;322
2026-05-04T04:20:36Z;302;;328
2026-05-04T04:20:39Z;297;;323
2026-05-04T04:20:42Z;301;;327
2026-05-04T04:20:44Z;299;;325
2026-05-04T04:20:47Z;303;;329
2026-05-04T04:20:49Z;297;;323
2026-05-04T04:20:52Z;300;;326
2026-05-04T04:20:55Z;297;;323
2026-05-04T04:20:57Z;300;;326
2026-05-04T04:21:00Z;298;;324
2026-05-04T04:21:03Z;303;;329
2026-05-04T04:21:05Z;297;;323
2026-05-04T04:21:08Z;303;;329
2026-05-04T04:21:11Z;297;;323
2026-05-04T04:21:13Z;302;;328
2026-05-04T04:21:16Z;299;;325
2026-05-04T04:21:19Z;300;;326
2026-05-04T04:21:21Z;295;;321
2026-05-04T04:21:24Z;300;;326
2026-05-04T04:21:26Z;298;;324
2026-05-04T04:21:29Z;300;;326
2026-05-04T04:21:32Z;299;;325
2026-05-04T04:21:34Z;301;;327
2026-05-04T04:21:37Z;299;;325
2026-05-04T04:21:40Z;301;;327
2026-05-04T04:21:42Z;297;;323
2026-05-04T04:21:45Z;301;;327
2026-05-04T04:21:48Z;296;;322
2026-05-04T04:21:50Z;301;;327
2026-05-04T04:21:55Z;299;;325
2026-05-04T04:21:59Z;300;;326
2026-05-04T04:22:01Z;297;;323
2026-05-04T04:22:04Z;300;;326
2026-05-04T04:22:07Z;292;;318
2026-05-04T04:22:09Z;305;;331
2026-05-04T04:22:12Z;297;;323
2026-05-04T04:22:43Z;319;;345
2026-05-04T04:22:45Z;296;;322
2026-05-04T04:22:49Z;322;;348
2026-05-04T04:22:51Z;289;;315
2026-05-04T04:22:54Z;301;;327
2026-05-04T04:22:57Z;293;;319
2026-05-04T04:23:15Z;311;;337
2026-05-04T04:23:17Z;293;;319
2026-05-04T04:23:20Z;316;;342
2026-05-04T04:23:23Z;293;;319
2026-05-04T04:23:40Z;312;;338
2026-05-04T04:23:42Z;288;;314
2026-05-04T04:24:07Z;317;;343
2026-05-04T04:24:11Z;289;;315
2026-05-04T04:24:13Z;310;;336
2026-05-04T04:24:18Z;292;;318
2026-05-04T04:24:20Z;311;;337
2026-05-04T04:24:23Z;292;;318
2026-05-04T04:24:26Z;309;;335
2026-05-04T04:26:09Z;299;;325
2026-05-04T04:26:11Z;301;;327
2026-05-04T04:26:14Z;299;;325
2026-05-04T04:26:17Z;302;;328
2026-05-04T04:26:19Z;279;;305
2026-05-04T04:26:22Z;307;;333
2026-05-04T04:26:24Z;298;;324
2026-05-04T04:26:28Z;304;;330
2026-05-04T04:26:30Z;299;;325
2026-05-04T04:26:33Z;304;;330
2026-05-04T04:26:40Z;297;;323
2026-05-04T04:26:44Z;304;;330
2026-05-04T04:26:47Z;299;;325
2026-05-04T04:26:50Z;304;;330
2026-05-04T04:26:57Z;279;;305
2026-05-04T04:27:00Z;298;;324
2026-05-04T04:27:02Z;298;;324
2026-05-04T04:27:05Z;302;;328
2026-05-04T04:27:08Z;276;;302
2026-05-04T04:27:27Z;307;;333
2026-05-04T04:27:29Z;282;;308
2026-05-04T04:27:34Z;301;;327
2026-05-04T04:27:36Z;287;;313
2026-05-04T04:30:07Z;274;79;300
2026-05-04T04:31:03Z;363;;442
2026-05-04T04:36:12Z;299;;378
2026-05-04T04:36:14Z;322;;401
2026-05-04T04:36:32Z;292;;371
2026-05-04T04:36:34Z;324;;403
2026-05-04T04:38:57Z;9;;88
2026-05-04T04:38:59Z;310;;389
2026-05-04T04:39:25Z;297;;376
2026-05-04T04:39:27Z;303;;382
2026-05-04T04:39:34Z;294;;373
2026-05-04T04:39:36Z;304;;383
2026-05-04T04:39:39Z;298;;377
2026-05-04T04:39:42Z;300;;379
2026-05-04T04:39:44Z;298;;377
2026-05-04T04:39:47Z;301;;380
2026-05-04T04:39:49Z;273;;352
2026-05-04T04:39:50Z;;0;273
2026-05-04T04:39:51Z;;136;409
2026-05-04T04:39:52Z;302;;438
2026-05-04T04:39:55Z;296;;432
2026-05-04T04:39:57Z;310;;446
2026-05-04T04:40:00Z;293;;429
2026-05-04T04:45:07Z;241;176;377
2026-05-04T04:46:52Z;399;;575
2026-05-04T04:47:18Z;223;;399
2026-05-04T04:49:00Z;;411;634
2026-05-04T04:49:01Z;;198;421
2026-05-04T04:49:11Z;311;;509
2026-05-04T04:49:13Z;1786;;1984
2026-05-04T04:49:23Z;401;;599
2026-05-04T04:49:25Z;1800;;1998
2026-05-04T04:49:28Z;1791;;1989
2026-05-04T04:49:39Z;1888;;2086
2026-05-04T04:49:58Z;2299;;2497
2026-05-04T04:50:00Z;1899;;2097
2026-05-04T04:50:34Z;1778;;1976
2026-05-04T04:50:50Z;1828;;2026
2026-05-04T04:50:54Z;1797;;1995
2026-05-04T04:50:56Z;1813;;2011
2026-05-04T04:51:59Z;1799;;1997
2026-05-04T04:52:01Z;1807;;2005
2026-05-04T04:52:06Z;1797;;1995
2026-05-04T04:52:08Z;1813;;2011
2026-05-04T04:52:26Z;1797;;1995
2026-05-04T04:52:28Z;1801;;1999
2026-05-04T04:52:31Z;1798;;1996
2026-05-04T04:52:33Z;1808;;2006
2026-05-04T04:52:46Z;1798;;1996
2026-05-04T04:52:48Z;243;;441
2026-05-04T04:52:56Z;1803;;2001
2026-05-04T04:53:00Z;1797;;1995
2026-05-04T04:53:11Z;1802;;2000
2026-05-04T04:53:13Z;1797;;1995
2026-05-04T04:53:46Z;1800;;1998
2026-05-04T04:53:48Z;1798;;1996
2026-05-04T04:53:51Z;576;;774
2026-05-04T04:53:54Z;225;;423
2026-05-04T04:54:01Z;1793;;1991
2026-05-04T04:54:54Z;212;;410
2026-05-04T04:55:03Z;1766;;1964
2026-05-04T04:55:57Z;249;;447
2026-05-04T04:56:07Z;1750;;1948
2026-05-04T04:56:17Z;197;;395
2026-05-04T04:58:35Z;;300;497
2026-05-04T04:58:38Z;;298;495
2026-05-04T04:58:40Z;;301;498
2026-05-04T04:58:44Z;;299;496
2026-05-04T04:58:45Z;;300;497
2026-05-04T04:59:03Z;;196;393
2026-05-04T04:59:04Z;;304;501
2026-05-04T05:00:04Z;;288;485
2026-05-04T05:00:05Z;;313;510
2026-05-04T05:00:07Z;105;315;418
2026-05-04T05:02:57Z;0;;315
2026-05-04T05:03:00Z;2;;317
2026-05-04T05:03:09Z;-23;;292
2026-05-04T05:03:12Z;2;;317
2026-05-04T05:03:15Z;-2;;313
2026-05-04T05:03:17Z;-3;;312
2026-05-04T05:03:20Z;1;;316
2026-05-04T05:03:23Z;0;;315
2026-05-04T05:03:25Z;-5;;310
2026-05-04T05:03:28Z;-1;;314
2026-05-04T05:03:31Z;3;;318
2026-05-04T05:03:33Z;0;;315
2026-05-04T05:03:36Z;-3;;312
2026-05-04T05:03:39Z;-3;;312
2026-05-04T05:03:41Z;-4;;311
2026-05-04T05:03:44Z;3;;318
2026-05-04T05:03:46Z;-9;;306
2026-05-04T05:03:49Z;-7;;308
2026-05-04T05:04:13Z;8;;323
2026-05-04T05:04:16Z;-9;;306
2026-05-04T05:04:24Z;2;;317
2026-05-04T05:04:27Z;-15;;300
2026-05-04T05:07:12Z;104;;419
2026-05-04T05:07:14Z;-3;;312
2026-05-04T05:09:09Z;406;;721
2026-05-04T05:09:11Z;-26;;289
2026-05-04T05:09:14Z;87;;402
2026-05-04T05:09:21Z;-51;;264
2026-05-04T05:09:33Z;70;;385
2026-05-04T05:10:08Z;;0;70
2026-05-04T05:10:09Z;;401;471
2026-05-04T05:10:10Z;;679;749
2026-05-04T05:10:11Z;;409;479
2026-05-04T05:15:07Z;48;438;457
2026-05-04T05:19:31Z;-119;;319
2026-05-04T05:20:01Z;37;;475
2026-05-04T05:20:05Z;-94;;344
2026-05-04T05:24:34Z;62;;500
2026-05-04T05:24:43Z;-71;;367
2026-05-04T05:27:12Z;164;;602
2026-05-04T05:30:07Z;168;457;606
2026-05-04T05:30:21Z;659;;1116
2026-05-04T05:30:23Z;184;;641
2026-05-04T05:30:26Z;-40;;417
2026-05-04T05:30:29Z;178;;635
2026-05-04T05:32:36Z;-66;;391
2026-05-04T05:34:20Z;68;;525
2026-05-04T05:34:25Z;-66;;391
2026-05-04T05:36:56Z;-1;;456
2026-05-04T05:36:58Z;-1;;456
2026-05-04T05:37:01Z;-3;;454
2026-05-04T05:37:21Z;-4;;453
2026-05-04T05:39:30Z;;40;36
2026-05-04T05:39:31Z;;527;523
2026-05-04T05:39:32Z;;714;710
2026-05-04T05:39:33Z;;538;534
2026-05-04T05:40:30Z;44;;582
2026-05-04T05:40:32Z;-49;;489
2026-05-04T05:41:21Z;;600;551
2026-05-04T05:41:25Z;;599;550
2026-05-04T05:41:26Z;;600;551
2026-05-04T05:41:35Z;;597;548
2026-05-04T05:41:39Z;;601;552
2026-05-04T05:41:43Z;;599;550
2026-05-04T05:43:37Z;;601;552
2026-05-04T05:45:07Z;-240;619;361
2026-05-04T05:48:34Z;-338;;281
2026-05-04T05:49:38Z;-90;;529
2026-05-04T05:49:40Z;-332;;287
2026-05-04T05:50:35Z;;593;261
2026-05-04T05:50:36Z;;727;395
2026-05-04T05:50:37Z;;488;156
2026-05-04T05:50:38Z;;741;409
2026-05-04T05:52:27Z;-307;;434
2026-05-04T05:54:36Z;-302;;439
2026-05-04T05:54:53Z;-291;;450
2026-05-04T05:54:55Z;-291;;450
2026-05-04T05:55:15Z;-299;;442
2026-05-04T05:55:55Z;-303;;438
2026-05-04T05:55:58Z;-299;;442
2026-05-04T05:56:00Z;-304;;437
2026-05-04T05:56:03Z;-295;;446
2026-05-04T05:56:06Z;-303;;438
2026-05-04T05:56:08Z;-287;;454
2026-05-04T05:56:11Z;-304;;437
2026-05-04T05:56:14Z;-295;;446
2026-05-04T05:56:16Z;-300;;441
2026-05-04T05:56:19Z;-296;;445
2026-05-04T05:57:47Z;-334;;407
2026-05-04T05:59:27Z;;902;568
2026-05-04T06:00:07Z;-521;957;381
2026-05-04T06:00:29Z;207;;1164
2026-05-04T06:00:38Z;-509;;448
2026-05-04T06:00:40Z;;801;292
2026-05-04T06:00:41Z;;942;433
2026-05-04T06:04:44Z;-600;;342
2026-05-04T06:08:33Z;;1200;600
2026-05-04T06:08:34Z;;1198;598
2026-05-04T06:08:35Z;;1202;602
2026-05-04T06:09:21Z;-901;;301
2026-05-04T06:09:54Z;;931;30
2026-05-04T06:09:55Z;;1316;415
2026-05-04T06:10:15Z;-897;;419
2026-05-04T06:10:19Z;-903;;413
2026-05-04T06:10:22Z;-904;;412
2026-05-04T06:10:25Z;-911;;405
2026-05-04T06:10:36Z;-887;;429
2026-05-04T06:10:38Z;-963;;353
2026-05-04T06:10:44Z;-584;;732
2026-05-04T06:10:47Z;-965;;351
2026-05-04T06:10:50Z;-877;;439
2026-05-04T06:10:52Z;-976;;340
2026-05-04T06:11:44Z;-911;;405
2026-05-04T06:11:47Z;-909;;407
2026-05-04T06:11:52Z;-897;;419
2026-05-04T06:11:54Z;-906;;410
2026-05-04T06:11:57Z;-907;;409
2026-05-04T06:11:59Z;-902;;414
2026-05-04T06:12:02Z;-898;;418
2026-05-04T06:12:06Z;-901;;415
2026-05-04T06:12:09Z;-892;;424
2026-05-04T06:12:19Z;-902;;414
2026-05-04T06:12:22Z;-893;;423
2026-05-04T06:12:25Z;-901;;415
2026-05-04T06:12:27Z;-899;;417
2026-05-04T06:12:30Z;-901;;415
2026-05-04T06:12:33Z;-893;;423
2026-05-04T06:12:36Z;-901;;415
2026-05-04T06:13:22Z;-898;;418
2026-05-04T06:13:24Z;-906;;410
2026-05-04T06:13:27Z;-905;;411
2026-05-04T06:14:37Z;-907;;409
2026-05-04T06:14:40Z;-891;;425
2026-05-04T06:14:43Z;-922;;394
2026-05-04T06:15:07Z;-1000;1424;316
2026-05-04T06:15:53Z;-884;;540
2026-05-04T06:15:59Z;-900;;524
2026-05-04T06:18:01Z;;1500;600
2026-05-04T06:18:02Z;;1494;594
2026-05-04T06:18:04Z;;1503;603
2026-05-04T06:18:20Z;;1485;585
2026-05-04T06:18:22Z;;1522;622
2026-05-04T06:20:00Z;;1428;528
2026-05-04T06:20:01Z;;1624;724
2026-05-04T06:20:05Z;-1218;;406
2026-05-04T06:20:09Z;-1189;;435
2026-05-04T06:20:11Z;-1219;;405
2026-05-04T06:20:53Z;;1345;126
2026-05-04T06:20:54Z;;1650;431
2026-05-04T06:22:34Z;-1170;;480
2026-05-04T06:22:36Z;-1231;;419
2026-05-04T06:22:58Z;-1199;;451
2026-05-04T06:23:00Z;-1215;;435
2026-05-04T06:23:08Z;-1181;;469
2026-05-04T06:24:42Z;-1207;;443
2026-05-04T06:24:44Z;-1172;;478
2026-05-04T06:24:47Z;-838;;812
2026-05-04T06:25:05Z;-1196;;454
2026-05-04T06:25:07Z;-1202;;448
2026-05-04T06:25:10Z;-1177;;473
2026-05-04T06:25:12Z;-1210;;440
2026-05-04T06:25:15Z;-1191;;459
2026-05-04T06:25:18Z;-1203;;447
2026-05-04T06:25:20Z;-1188;;462
2026-05-04T06:25:23Z;-1204;;446
2026-05-04T06:26:08Z;-1189;;461
2026-05-04T06:26:10Z;-1218;;432
2026-05-04T06:26:25Z;-1199;;451
2026-05-04T06:26:27Z;-1202;;448
2026-05-04T06:26:30Z;-1191;;459
2026-05-04T06:26:33Z;-1197;;453
2026-05-04T06:26:37Z;-1195;;455
2026-05-04T06:26:39Z;-1204;;446
2026-05-04T06:26:55Z;-1199;;451
2026-05-04T06:26:57Z;-1202;;448
2026-05-04T06:27:02Z;-1199;;451
2026-05-04T06:27:04Z;-1203;;447
2026-05-04T06:27:07Z;-1202;;448
2026-05-04T06:27:09Z;-1199;;451
2026-05-04T06:27:19Z;-1195;;455
2026-05-04T06:27:21Z;-1206;;444
2026-05-04T06:28:42Z;-1192;;458
2026-05-04T06:30:05Z;;1027;-165
2026-05-04T06:30:06Z;-456;1541;571
2026-05-04T06:30:08Z;;1543;1087
2026-05-04T06:30:09Z;-1151;;392
2026-05-04T06:30:10Z;-1135;;408
2026-05-04T06:30:11Z;;1489;354
2026-05-04T06:30:12Z;;1543;408
2026-05-04T06:30:54Z;;1465;330
2026-05-04T06:30:55Z;;1537;402
2026-05-04T06:30:57Z;;1051;-84
2026-05-04T06:30:58Z;;1528;393
2026-05-04T06:30:59Z;;1301;166
2026-05-04T06:31:00Z;;1552;417
2026-05-04T06:31:14Z;-1202;;350
2026-05-04T06:31:16Z;-1193;;359
2026-05-04T06:31:19Z;-1202;;350
2026-05-04T06:31:21Z;-1160;;392
2026-05-04T06:31:24Z;-1218;;334
2026-05-04T06:33:22Z;-1186;;366
2026-05-04T06:33:24Z;-1285;;267
2026-05-04T06:35:29Z;;1805;520
2026-05-04T06:37:21Z;;1797;512
2026-05-04T06:37:23Z;;1805;520
2026-05-04T06:37:26Z;;1798;513
2026-05-04T06:39:33Z;;1800;515
2026-05-04T06:40:09Z;-1081;;719
2026-05-04T06:40:11Z;-1442;;358
2026-05-04T06:41:01Z;-1006;;794
2026-05-04T06:41:03Z;-1421;;379
2026-05-04T06:41:06Z;-1177;;623
2026-05-04T06:41:09Z;-1451;;349
2026-05-04T06:41:31Z;;1797;346
2026-05-04T06:41:32Z;;1804;353
2026-05-04T06:42:35Z;-1504;;300
2026-05-04T06:45:07Z;-1612;2006;192
2026-05-04T06:48:59Z;;2102;490
2026-05-04T06:49:00Z;;2096;484
2026-05-04T06:49:02Z;;2104;492
2026-05-04T06:49:54Z;;2093;481
2026-05-04T06:50:15Z;;1254;-358
2026-05-04T06:50:16Z;;2053;441
2026-05-04T06:51:06Z;;909;-703
2026-05-04T06:51:07Z;;2012;400
2026-05-04T06:52:32Z;-1318;;694
2026-05-04T06:52:34Z;-1560;;452
2026-05-04T06:52:54Z;-1406;;606
2026-05-04T06:52:56Z;-1602;;410
2026-05-04T06:53:09Z;-1466;;546
2026-05-04T06:53:11Z;-1534;;478
2026-05-04T06:53:21Z;-1462;;550
2026-05-04T06:53:25Z;;1798;336
2026-05-04T06:53:34Z;-1133;;665
2026-05-04T06:53:36Z;-1211;;587
2026-05-04T06:53:39Z;-1199;;599
2026-05-04T06:53:41Z;;1497;298
2026-05-04T06:54:08Z;;1500;301
2026-05-04T06:54:15Z;-1208;;292
2026-05-04T06:54:34Z;-1086;;414
2026-05-04T06:54:36Z;-1284;;216
2026-05-04T06:55:09Z;;1815;531
2026-05-04T06:55:14Z;-1511;;304
2026-05-04T06:55:45Z;-1378;;437
2026-05-04T06:55:47Z;-1506;;309
2026-05-04T06:56:19Z;-1487;;328
2026-05-04T06:56:21Z;-1547;;268
2026-05-04T06:56:24Z;-1497;;318
2026-05-04T06:56:26Z;-1548;;267
2026-05-04T06:58:34Z;;2102;554
2026-05-04T06:58:41Z;-1832;;270
2026-05-04T06:58:43Z;-1787;;315
2026-05-04T06:58:46Z;-1807;;295
2026-05-04T06:58:57Z;-1706;;396
2026-05-04T06:59:08Z;-1811;;291
2026-05-04T06:59:10Z;-1790;2099;288
2026-05-04T06:59:11Z;;2103;313
2026-05-04T06:59:14Z;;2099;309
2026-05-04T06:59:25Z;;2106;316
2026-05-04T06:59:35Z;-1812;;294
2026-05-04T06:59:37Z;-1795;;311
2026-05-04T06:59:41Z;;2097;302
2026-05-04T06:59:42Z;;2101;306
2026-05-04T06:59:54Z;-1821;2083;280
2026-05-04T06:59:57Z;;2127;306
2026-05-04T07:00:01Z;-1731;;396
2026-05-04T07:00:03Z;-1842;;285
2026-05-04T07:00:06Z;-1796;;331
2026-05-04T07:00:09Z;-1842;;285
2026-05-04T07:00:10Z;-1816;;311
2026-05-04T07:00:28Z;;1638;-178
2026-05-04T07:00:29Z;-1014;2225;624
2026-05-04T07:00:31Z;-1837;;388
2026-05-04T07:01:10Z;;2077;240
2026-05-04T07:01:11Z;;2221;384
2026-05-04T07:01:16Z;-1787;;434
2026-05-04T07:01:18Z;-1860;;361
2026-05-04T07:01:33Z;-1789;;432
2026-05-04T07:01:35Z;-1832;;389
2026-05-04T07:02:01Z;-1774;;447
2026-05-04T07:02:04Z;-1820;;401
2026-05-04T07:02:19Z;-1783;;438
2026-05-04T07:02:21Z;-1816;;405
2026-05-04T07:02:30Z;-1792;;429
2026-05-04T07:02:39Z;-1841;;380
2026-05-04T07:02:47Z;-1776;;445
2026-05-04T07:02:52Z;-1800;;421
2026-05-04T07:02:55Z;-1785;;436
2026-05-04T07:02:57Z;-1804;;417
2026-05-04T07:03:00Z;-1799;;422
2026-05-04T07:03:02Z;-1860;;361
2026-05-04T07:03:05Z;-1799;;422
2026-05-04T07:03:26Z;-1816;;405
2026-05-04T07:03:35Z;-1750;;471
2026-05-04T07:03:46Z;-1823;;398
2026-05-04T07:03:52Z;-1721;;500
2026-05-04T07:03:54Z;;2096;375
2026-05-04T07:04:39Z;129;;2225
2026-05-04T07:05:14Z;;2100;2229
2026-05-04T07:05:18Z;;2086;2215
2026-05-04T07:05:20Z;;2105;2234
2026-05-04T07:06:17Z;-2;;2103
2026-05-04T07:06:23Z;74;;2179
2026-05-04T07:06:33Z;-5;;2100
2026-05-04T07:06:41Z;27;;2132
2026-05-04T07:06:44Z;-1;;2104
2026-05-04T07:06:47Z;17;;2122
2026-05-04T07:07:07Z;;2096;2113
2026-05-04T07:07:08Z;;2108;2125
2026-05-04T07:07:10Z;;2097;2114
2026-05-04T07:09:06Z;313;;2410
2026-05-04T07:09:08Z;231;;2328
2026-05-04T07:09:23Z;302;;2399
2026-05-04T07:09:25Z;232;;2329
2026-05-04T07:09:28Z;300;;2397
2026-05-04T07:09:31Z;286;;2383
2026-05-04T07:09:44Z;328;;2425
2026-05-04T07:09:47Z;297;;2394
2026-05-04T07:09:50Z;331;;2428
2026-05-04T07:10:03Z;;1799;2130
2026-05-04T07:10:32Z;714;;2513
2026-05-04T07:10:35Z;488;;2287
2026-05-04T07:11:11Z;867;;2666
2026-05-04T07:11:14Z;472;;2271
2026-05-04T07:11:17Z;686;;2485
2026-05-04T07:11:20Z;439;;2238
2026-05-04T07:12:27Z;623;;2422
2026-05-04T07:12:29Z;488;;2287
2026-05-04T07:12:32Z;603;;2402
2026-05-04T07:12:34Z;554;;2353
2026-05-04T07:13:33Z;623;;2422
2026-05-04T07:13:37Z;556;;2355
2026-05-04T07:13:42Z;634;;2433
2026-05-04T07:14:00Z;586;;2385
2026-05-04T07:14:04Z;606;;2405
2026-05-04T07:14:07Z;574;;2373
2026-05-04T07:14:26Z;639;;2438
2026-05-04T07:14:29Z;571;;2370
2026-05-04T07:14:44Z;607;;2406
2026-05-04T07:14:47Z;507;;2306
2026-05-04T07:15:07Z;456;1793;2255
2026-05-04T07:15:08Z;621;;2414
2026-05-04T07:15:10Z;521;;2314
2026-05-04T07:15:25Z;634;;2427
2026-05-04T07:15:28Z;532;;2325
2026-05-04T07:15:33Z;604;;2397
2026-05-04T07:15:36Z;591;;2384
2026-05-04T07:15:48Z;606;;2399
2026-05-04T07:15:50Z;545;;2338
2026-05-04T07:16:06Z;607;;2400
2026-05-04T07:16:09Z;564;;2357
2026-05-04T07:16:27Z;620;;2413
2026-05-04T07:16:30Z;599;;2392
2026-05-04T07:16:33Z;615;;2408
2026-05-04T07:16:35Z;596;;2389
2026-05-04T07:16:45Z;678;;2471
2026-05-04T07:16:58Z;555;;2348
2026-05-04T07:17:08Z;623;;2416
2026-05-04T07:17:10Z;580;;2373
2026-05-04T07:17:26Z;616;;2409
2026-05-04T07:17:28Z;540;;2333
2026-05-04T07:17:40Z;;1801;2341
2026-05-04T07:17:46Z;;1763;2303
2026-05-04T07:17:47Z;;1808;2348
2026-05-04T07:17:48Z;613;;2421
2026-05-04T07:17:51Z;486;;2294
2026-05-04T07:18:03Z;;1769;2255
2026-05-04T07:18:04Z;;1818;2304
2026-05-04T07:20:30Z;674;;2492
2026-05-04T07:20:31Z;;1799;2473
2026-05-04T07:20:32Z;550;;2349
2026-05-04T07:20:35Z;610;;2409
2026-05-04T07:20:37Z;564;1239;1849
2026-05-04T07:20:38Z;;1786;2350
2026-05-04T07:20:40Z;631;;2417
2026-05-04T07:20:43Z;581;;2367
2026-05-04T07:20:48Z;706;;2492
2026-05-04T07:20:50Z;550;;2336
2026-05-04T07:20:53Z;625;;2411
2026-05-04T07:20:55Z;588;;2374
2026-05-04T07:20:58Z;608;;2394
2026-05-04T07:21:01Z;598;;2384
2026-05-04T07:21:03Z;604;;2390
2026-05-04T07:21:06Z;573;;2359
2026-05-04T07:21:10Z;621;;2407
2026-05-04T07:21:12Z;507;;2293
2026-05-04T07:21:25Z;;1800;2307
2026-05-04T07:21:27Z;;1794;2301
2026-05-04T07:21:29Z;;1805;2312
2026-05-04T07:21:49Z;600;1681;2405
2026-05-04T07:21:51Z;588;;2269
2026-05-04T07:21:52Z;;1821;2409
2026-05-04T07:22:08Z;610;;2431
2026-05-04T07:22:10Z;575;;2396
2026-05-04T07:22:31Z;626;;2447
2026-05-04T07:22:33Z;575;;2396
2026-05-04T07:22:48Z;618;;2439
2026-05-04T07:22:50Z;559;;2380
2026-05-04T07:23:11Z;669;;2490
2026-05-04T07:23:14Z;;1808;2477
2026-05-04T07:23:15Z;567;;2375
2026-05-04T07:23:16Z;617;;2425
2026-05-04T07:23:18Z;;1794;2411
2026-05-04T07:23:19Z;589;;2383
2026-05-04T07:23:21Z;605;;2399
2026-05-04T07:23:24Z;557;;2351
2026-05-04T07:23:28Z;602;;2396
2026-05-04T07:23:30Z;557;;2351
2026-05-04T07:23:33Z;608;;2402
2026-05-04T07:23:35Z;597;;2391
2026-05-04T07:23:38Z;633;;2427
2026-05-04T07:23:41Z;580;;2374
2026-05-04T07:23:43Z;610;;2404
2026-05-04T07:23:46Z;582;;2376
2026-05-04T07:23:49Z;621;;2415
2026-05-04T07:23:51Z;584;;2378
2026-05-04T07:23:54Z;612;;2406
2026-05-04T07:23:57Z;573;;2367
2026-05-04T07:23:59Z;606;;2400
2026-05-04T07:25:25Z;595;;2389
2026-05-04T07:25:29Z;696;;2490
2026-05-04T07:25:36Z;;1804;2500
2026-05-04T07:25:39Z;569;;2373
2026-05-04T07:25:51Z;607;;2411
2026-05-04T07:25:53Z;564;;2368
2026-05-04T07:26:00Z;622;;2426
2026-05-04T07:26:02Z;545;;2349
2026-05-04T07:26:09Z;623;;2427
2026-05-04T07:26:11Z;573;;2377
2026-05-04T07:26:14Z;630;;2434
2026-05-04T07:26:22Z;548;;2352
2026-05-04T07:26:33Z;637;;2441
2026-05-04T07:26:35Z;592;;2396
2026-05-04T07:26:51Z;635;;2439
2026-05-04T07:26:53Z;483;;2287
2026-05-04T07:27:31Z;609;;2413
2026-05-04T07:27:33Z;575;;2379
2026-05-04T07:27:36Z;612;;2416
2026-05-04T07:27:39Z;590;;2394
2026-05-04T07:27:43Z;601;;2405
2026-05-04T07:27:45Z;540;;2344
2026-05-04T07:27:53Z;637;;2441
2026-05-04T07:27:55Z;593;;2397
2026-05-04T07:28:01Z;611;;2415
2026-05-04T07:28:04Z;570;;2374
2026-05-04T07:28:06Z;;1797;2367
2026-05-04T07:28:10Z;602;;2399
2026-05-04T07:28:18Z;;1800;2402
2026-05-04T07:28:24Z;561;;2361
2026-05-04T07:28:33Z;637;;2437
2026-05-04T07:28:35Z;576;;2376
2026-05-04T07:29:24Z;292;;2092
2026-05-04T07:29:27Z;;2100;2392
2026-05-04T07:29:32Z;373;;2473
2026-05-04T07:29:34Z;238;;2338
2026-05-04T07:30:07Z;239;2232;2339
2026-05-04T07:30:44Z;;1680;1919
2026-05-04T07:30:45Z;726;2290;2406
2026-05-04T07:30:47Z;90;;2380
2026-05-04T07:31:06Z;;2400;2490
2026-05-04T07:31:08Z;;2399;2489
2026-05-04T07:31:09Z;;2400;2490
2026-05-04T07:31:10Z;;2398;2488
2026-05-04T07:31:12Z;;2402;2492
2026-05-04T07:31:25Z;-41;;2361
2026-05-04T07:31:32Z;66;;2468
2026-05-04T07:31:45Z;-44;;2358
2026-05-04T07:31:54Z;16;;2418
2026-05-04T07:31:56Z;;2142;2158
2026-05-04T07:31:57Z;;2441;2457
2026-05-04T07:31:58Z;;1205;1221
2026-05-04T07:31:59Z;-6;2467;1199
2026-05-04T07:32:13Z;22;;2489
2026-05-04T07:32:15Z;-66;;2401
2026-05-04T07:32:20Z;2;;2469
2026-05-04T07:32:22Z;-11;;2456
2026-05-04T07:36:07Z;-43;;2424
2026-05-04T07:36:10Z;75;;2542
2026-05-04T07:36:13Z;-95;;2372
2026-05-04T07:36:16Z;5;;2472
2026-05-04T07:36:19Z;-35;;2432
2026-05-04T07:36:22Z;24;;2491
2026-05-04T07:36:37Z;50;;2517
2026-05-04T07:36:39Z;-47;;2420
2026-05-04T07:36:55Z;26;;2493
2026-05-04T07:36:57Z;-119;;2348
2026-05-04T07:37:28Z;;2701;2582
2026-05-04T07:37:40Z;;2665;2546
2026-05-04T07:37:41Z;;2741;2622
2026-05-04T07:37:48Z;-328;;2413
2026-05-04T07:37:53Z;-282;;2459
2026-05-04T07:38:08Z;-357;;2384
2026-05-04T07:38:17Z;-297;;2444
2026-05-04T07:38:22Z;-323;;2418
2026-05-04T07:38:42Z;-237;;2504
2026-05-04T07:38:44Z;-326;;2415
2026-05-04T07:39:19Z;-261;;2480
2026-05-04T07:39:21Z;-372;;2369
2026-05-04T07:39:53Z;-272;;2469
2026-05-04T07:39:57Z;;2697;2425
2026-05-04T07:40:00Z;;2701;2429
2026-05-04T07:40:08Z;-364;;2337
2026-05-04T07:40:16Z;-204;;2497
2026-05-04T07:40:18Z;-355;;2346
2026-05-04T07:40:22Z;-290;;2411
2026-05-04T07:40:28Z;-328;;2373
2026-05-04T07:40:38Z;-296;;2405
2026-05-04T07:40:40Z;-396;;2305
2026-05-04T07:40:50Z;17;;2718
2026-05-04T07:40:52Z;-404;;2297
2026-05-04T07:40:55Z;363;;3064
2026-05-04T07:40:58Z;-426;;2275
2026-05-04T07:41:35Z;-411;;2290
2026-05-04T07:41:37Z;-310;;2391
2026-05-04T07:41:51Z;-2245;;456
2026-05-04T07:42:05Z;;2069;-176
2026-05-04T07:42:06Z;;2804;559
2026-05-04T07:43:20Z;;2648;403
2026-05-04T07:43:21Z;;2721;476
2026-05-04T07:43:33Z;;2697;452
2026-05-04T07:43:34Z;-737;;1960
2026-05-04T07:43:36Z;-321;;2376
2026-05-04T07:43:37Z;;2707;2386
2026-05-04T07:43:39Z;-236;;2471
2026-05-04T07:43:42Z;-342;;2365
2026-05-04T07:43:44Z;-264;;2443
2026-05-04T07:43:47Z;-310;;2397
2026-05-04T07:43:49Z;-307;;2400
2026-05-04T07:43:52Z;-316;;2391
2026-05-04T07:44:17Z;-293;2659;2414
2026-05-04T07:44:19Z;-317;2744;2451
2026-05-04T07:44:22Z;-280;;2464
2026-05-04T07:44:25Z;-324;;2420
2026-05-04T07:44:27Z;-292;;2452
2026-05-04T07:44:30Z;-350;;2394
2026-05-04T07:44:47Z;-294;;2450
2026-05-04T07:44:49Z;-412;;2332
2026-05-04T07:44:58Z;-275;;2469
2026-05-04T07:45:00Z;-382;;2362
2026-05-04T07:45:07Z;-353;2820;2391
2026-05-04T07:45:08Z;-2287;;533
2026-05-04T07:45:50Z;-2446;;374
2026-05-04T07:46:00Z;-2315;;505
2026-05-04T07:46:02Z;-2446;;374
2026-05-04T07:46:05Z;-2384;;436
2026-05-04T07:46:08Z;-2404;;416
2026-05-04T07:46:18Z;-2352;;468
2026-05-04T07:46:20Z;-2466;;354
2026-05-04T07:46:49Z;;3007;541
2026-05-04T07:47:04Z;;2993;527
2026-05-04T07:47:15Z;-2380;;613
2026-05-04T07:47:19Z;-2449;;544
2026-05-04T07:47:21Z;-2346;;647
2026-05-04T07:47:24Z;-2429;;564
2026-05-04T07:47:37Z;-2481;;512
2026-05-04T07:47:45Z;;2695;214
2026-05-04T07:47:56Z;;2716;235
2026-05-04T07:47:59Z;-2420;;296
2026-05-04T07:48:01Z;-2346;;370
2026-05-04T07:48:04Z;-2329;;387
2026-05-04T07:48:07Z;-2394;;322
2026-05-04T07:48:09Z;-2408;;308
2026-05-04T07:48:12Z;-2395;;321
2026-05-04T07:48:14Z;-2443;;273
2026-05-04T07:48:17Z;-505;;2211
2026-05-04T07:48:31Z;-617;;2099
2026-05-04T07:48:38Z;;3003;2386
2026-05-04T07:48:40Z;-598;;2405
2026-05-04T07:48:42Z;-630;;2373
2026-05-04T07:48:45Z;-583;;2420
2026-05-04T07:48:48Z;-613;;2390
2026-05-04T07:48:50Z;-587;;2416
2026-05-04T07:48:53Z;-609;;2394
2026-05-04T07:48:55Z;-599;;2404
2026-05-04T07:48:59Z;-630;;2373
2026-05-04T07:49:01Z;-522;;2481
2026-05-04T07:49:03Z;-619;;2384
2026-05-04T07:49:06Z;-405;;2598
2026-05-04T07:49:18Z;-604;;2399
2026-05-04T07:49:21Z;-559;3000;2444
2026-05-04T07:49:23Z;-602;;2398
2026-05-04T07:49:26Z;-546;;2454
2026-05-04T07:49:27Z;;2999;2453
2026-05-04T07:49:28Z;;3002;2456
2026-05-04T07:49:30Z;;2991;2445
2026-05-04T07:49:31Z;-2577;;414
2026-05-04T07:49:33Z;;3001;424
2026-05-04T07:49:34Z;;2998;421
2026-05-04T07:49:45Z;;3008;431
2026-05-04T07:50:07Z;;2993;416
2026-05-04T07:50:32Z;-2367;;626
2026-05-04T07:50:34Z;-2544;;449
2026-05-04T07:50:48Z;;3002;458
2026-05-04T07:51:21Z;-2383;;619
2026-05-04T07:51:23Z;-2419;;583
2026-05-04T07:51:26Z;-2383;;619
2026-05-04T07:51:29Z;-2417;;585
2026-05-04T07:51:48Z;;2995;578
2026-05-04T07:51:49Z;-2393;3108;602
2026-05-04T07:51:53Z;-2464;;644
2026-05-04T07:52:02Z;-2340;;768
2026-05-04T07:52:08Z;-2401;;707
2026-05-04T07:52:10Z;-2378;;730
2026-05-04T07:52:13Z;-2400;;708
2026-05-04T07:52:15Z;-2389;;719
2026-05-04T07:52:18Z;-2459;;649
2026-05-04T07:52:21Z;-2351;;757
2026-05-04T07:52:26Z;-2405;;703
2026-05-04T07:52:30Z;-2395;;713
2026-05-04T07:52:32Z;-2401;;707
2026-05-04T07:52:42Z;-2380;;728
2026-05-04T07:52:45Z;-2442;;666
2026-05-04T07:52:47Z;-2389;;719
2026-05-04T07:52:50Z;-2400;;708
2026-05-04T07:52:52Z;-2392;;716
2026-05-04T07:52:55Z;-2426;;682
2026-05-04T07:53:17Z;-2217;;891
2026-05-04T07:53:19Z;-2651;;457
2026-05-04T07:53:21Z;;2998;344
2026-05-04T07:53:22Z;-2317;;791
2026-05-04T07:53:25Z;-2654;;454
2026-05-04T07:53:36Z;-2388;;720
2026-05-04T07:53:38Z;;2687;299
2026-05-04T07:53:41Z;-2055;;632
2026-05-04T07:53:43Z;-2171;;516
2026-05-04T07:53:46Z;-2072;;615
2026-05-04T07:53:49Z;-1727;;960
2026-05-04T07:53:55Z;;2377;650
2026-05-04T07:53:58Z;6;;2383
2026-05-04T07:54:17Z;;2093;2099
2026-05-04T07:54:21Z;321;;2414
2026-05-04T07:54:23Z;267;;2360
2026-05-04T07:54:26Z;319;;2412
2026-05-04T07:54:29Z;283;;2376
2026-05-04T07:54:31Z;313;;2406
2026-05-04T07:54:34Z;298;;2391
2026-05-04T07:54:35Z;;1542;1840
2026-05-04T07:54:36Z;300;2066;2364
2026-05-04T07:54:39Z;277;;2343
2026-05-04T07:54:42Z;603;;2669
2026-05-04T07:54:44Z;211;;2277
2026-05-04T07:54:45Z;;2100;2311
2026-05-04T07:54:56Z;-1898;;202
2026-05-04T07:55:25Z;;2406;508
2026-05-04T07:55:33Z;-2102;;304
2026-05-04T07:56:03Z;-2089;;317
2026-05-04T07:56:05Z;-2114;;292
2026-05-04T07:56:08Z;-2056;;350
2026-05-04T07:56:11Z;;2387;331
2026-05-04T07:56:22Z;-1773;;614
2026-05-04T07:56:24Z;-1903;;484
2026-05-04T07:56:44Z;-1784;;603
2026-05-04T07:56:46Z;-1907;;480
2026-05-04T07:56:50Z;-1785;;602
2026-05-04T07:56:52Z;-1804;;583
2026-05-04T07:56:55Z;-1781;;606
2026-05-04T07:56:57Z;-1808;;579
2026-05-04T07:57:01Z;-1794;;593
2026-05-04T07:57:13Z;-1492;;895
2026-05-04T07:57:15Z;-1539;;848
2026-05-04T07:57:23Z;-1499;;888
2026-05-04T07:57:35Z;-1531;;856
2026-05-04T07:57:46Z;;2105;574
2026-05-04T07:57:48Z;-1800;;305
2026-05-04T07:57:51Z;;2405;605
2026-05-04T07:57:54Z;-2128;;277
2026-05-04T07:58:33Z;-2091;;314
2026-05-04T07:58:36Z;;2392;301
2026-05-04T07:58:44Z;-1760;;632
2026-05-04T07:58:50Z;-1822;;570
2026-05-04T07:58:52Z;-1789;;603
2026-05-04T07:58:55Z;-1846;;546
2026-05-04T07:59:17Z;;2400;554
2026-05-04T07:59:22Z;-2104;;296
2026-05-04T07:59:24Z;-2083;;317
2026-05-04T07:59:27Z;-2111;;289
2026-05-04T07:59:29Z;-2035;;365
2026-05-04T07:59:32Z;;2384;349
2026-05-04T07:59:51Z;;2407;372
2026-05-04T07:59:56Z;-2119;;288
2026-05-04T08:00:05Z;-2076;;331
2026-05-04T08:00:07Z;-2106;2511;435
2026-05-04T08:00:10Z;-2149;;362
2026-05-04T08:00:11Z;-2039;;472
2026-05-04T08:00:12Z;;2396;357
2026-05-04T08:00:14Z;-30;;2366
2026-05-04T08:00:22Z;;2400;2370
2026-05-04T08:00:36Z;-307;;2093
2026-05-04T08:00:45Z;-260;;2140
2026-05-04T08:00:47Z;-324;2709;2449
2026-05-04T08:01:23Z;-2420;;289
2026-05-04T08:01:25Z;-2280;;429
2026-05-04T08:01:30Z;;2698;418
2026-05-04T08:01:47Z;;2701;421
2026-05-04T08:01:57Z;-2412;;289
2026-05-04T08:02:05Z;-2395;;306
2026-05-04T08:02:07Z;-2438;;263
2026-05-04T08:02:10Z;-2366;;335
2026-05-04T08:02:14Z;-2383;;318
2026-05-04T08:02:33Z;-2337;;364
2026-05-04T08:02:35Z;-2482;;219
2026-05-04T08:03:03Z;-2507;;194
2026-05-04T08:03:05Z;-2418;;283
2026-05-04T08:03:08Z;-2397;;304
2026-05-04T08:03:10Z;-2455;;246
2026-05-04T08:03:26Z;;2230;-225
2026-05-04T08:03:27Z;;2917;462
2026-05-04T08:04:25Z;-2386;;531
2026-05-04T08:04:27Z;-2537;;380
2026-05-04T08:04:38Z;;2447;-90
2026-05-04T08:04:39Z;;2873;336
2026-05-04T08:04:42Z;-2395;;478
2026-05-04T08:04:44Z;-2431;;442
2026-05-04T08:04:47Z;-2291;;582
2026-05-04T08:05:16Z;;2688;397
2026-05-04T08:05:20Z;;2707;416
2026-05-04T08:05:42Z;;2698;407
2026-05-04T08:05:43Z;;2704;413
2026-05-04T08:06:08Z;;2697;406
2026-05-04T08:06:10Z;;2703;412
2026-05-04T08:06:15Z;;2699;408
2026-05-04T08:06:25Z;-2065;;634
2026-05-04T08:06:28Z;-2185;2702;637
2026-05-04T08:06:34Z;;2696;511
2026-05-04T08:06:40Z;;2714;529
2026-05-04T08:06:54Z;;2696;511
2026-05-04T08:07:27Z;-2074;;622
2026-05-04T08:07:30Z;-2197;;499
2026-05-04T08:07:33Z;-2081;;615
2026-05-04T08:07:35Z;-2139;;557
2026-05-04T08:07:45Z;-2175;;521
2026-05-04T08:07:47Z;-2193;;503
2026-05-04T08:08:25Z;;2702;509
2026-05-04T08:08:26Z;;2694;501
2026-05-04T08:08:28Z;;2712;519
2026-05-04T08:09:39Z;;2694;501
2026-05-04T08:09:47Z;-2089;;605
2026-05-04T08:09:49Z;-2220;;474
2026-05-04T08:09:55Z;;2705;485
2026-05-04T08:10:22Z;-2406;;299
2026-05-04T08:10:24Z;-2337;;368
2026-05-04T08:10:27Z;-2407;;298
2026-05-04T08:10:32Z;-2303;;402
2026-05-04T08:10:41Z;-2435;;270
2026-05-04T08:10:51Z;-2275;;430
2026-05-04T08:10:59Z;-2400;;305
2026-05-04T08:11:01Z;-2395;;310
2026-05-04T08:11:45Z;-2419;;286
2026-05-04T08:11:48Z;-2254;;451
2026-05-04T08:11:55Z;-2423;;282
2026-05-04T08:12:06Z;-2274;;431
2026-05-04T08:12:13Z;-2444;;261
2026-05-04T08:12:25Z;-2300;;405
2026-05-04T08:12:32Z;-2455;;250
2026-05-04T08:12:43Z;-2313;;392
2026-05-04T08:12:46Z;-2414;;291
2026-05-04T08:12:49Z;-2348;;357
2026-05-04T08:12:51Z;-2474;;231
2026-05-04T08:13:02Z;-2343;;362
2026-05-04T08:13:04Z;-2443;;262
2026-05-04T08:13:08Z;-2396;;309
2026-05-04T08:13:09Z;-2409;;296
2026-05-04T08:13:12Z;-2375;;330
2026-05-04T08:13:15Z;-2512;;193
2026-05-04T08:13:20Z;-2386;;319
2026-05-04T08:13:23Z;-2418;;287
2026-05-04T08:13:26Z;-2396;;309
2026-05-04T08:13:28Z;-2493;;212
2026-05-04T08:13:29Z;;2586;93
2026-05-04T08:13:30Z;;2887;394
2026-05-04T08:13:31Z;;2302;-191
2026-05-04T08:13:32Z;;2904;411
2026-05-04T08:13:39Z;-2325;;579
2026-05-04T08:13:43Z;-2378;;526
2026-05-04T08:13:45Z;-2396;;508
2026-05-04T08:13:48Z;-2417;;487
2026-05-04T08:13:59Z;-2342;;562
2026-05-04T08:14:05Z;-2495;;409
2026-05-04T08:14:19Z;-1996;;908
2026-05-04T08:14:22Z;-2166;;738
2026-05-04T08:14:26Z;-2510;;394
2026-05-04T08:14:44Z;-2210;;694
2026-05-04T08:14:53Z;-2447;;457
2026-05-04T08:14:56Z;-2357;;547
2026-05-04T08:14:59Z;-2417;;487
2026-05-04T08:15:01Z;-2010;;894
2026-05-04T08:15:04Z;-2425;;479
2026-05-04T08:15:07Z;-2472;2912;432
2026-05-04T08:15:10Z;-2452;;460
2026-05-04T08:15:17Z;-2389;;523
2026-05-04T08:15:20Z;-2410;;502
2026-05-04T08:15:23Z;-2394;;518
2026-05-04T08:15:43Z;;2698;304
2026-05-04T08:16:11Z;-2087;;611
2026-05-04T08:16:17Z;-2120;;578
2026-05-04T08:16:21Z;-1875;;823
2026-05-04T08:16:27Z;-2113;;585
2026-05-04T08:16:31Z;-2090;;608
2026-05-04T08:17:16Z;;2398;308
2026-05-04T08:19:04Z;-1795;;603
2026-05-04T08:19:06Z;-1807;;591
2026-05-04T08:19:09Z;-1782;;616
2026-05-04T08:19:11Z;-1801;;597
2026-05-04T08:19:14Z;-1797;;601
2026-05-04T08:22:35Z;-1802;;596
2026-05-04T08:22:37Z;-1799;;599
2026-05-04T08:22:40Z;-1802;;596
2026-05-04T08:22:43Z;-1531;;867
2026-05-04T08:22:45Z;-1946;;452
2026-05-04T08:23:12Z;-1701;;697
2026-05-04T08:23:14Z;-1865;;533
2026-05-04T08:23:36Z;-1470;;928
2026-05-04T08:23:38Z;-1898;;500
2026-05-04T08:23:53Z;-1788;;610
2026-05-04T08:23:55Z;-1908;;490
2026-05-04T08:23:59Z;;2413;505
2026-05-04T08:24:28Z;-2101;;312
2026-05-04T08:24:34Z;-2020;;393
2026-05-04T08:24:36Z;-2129;;284
2026-05-04T08:24:39Z;-2081;;332
2026-05-04T08:24:41Z;-2134;;279
2026-05-04T08:24:56Z;-2011;;402
2026-05-04T08:24:58Z;-2174;;239
2026-05-04T08:25:03Z;-1935;;478
2026-05-04T08:25:05Z;-2241;;172
2026-05-04T08:25:06Z;;2703;462
2026-05-04T08:25:07Z;;2694;453
2026-05-04T08:25:08Z;;2719;478
2026-05-04T08:25:15Z;-2079;;640
2026-05-04T08:25:17Z;-2306;;413
2026-05-04T08:25:29Z;-2400;;319
2026-05-04T08:25:31Z;-2399;;320
2026-05-04T08:25:38Z;-2439;;280
2026-05-04T08:25:40Z;-2371;;348
2026-05-04T08:25:44Z;-2400;;319
2026-05-04T08:25:46Z;-2389;;330
2026-05-04T08:25:49Z;-2461;;258
2026-05-04T08:25:55Z;-2290;;429
2026-05-04T08:25:58Z;-2424;;295
2026-05-04T08:26:00Z;-2397;;322
2026-05-04T08:26:04Z;-2412;;307
2026-05-04T08:26:06Z;-2399;;320
2026-05-04T08:26:09Z;-2423;;296
2026-05-04T08:26:17Z;-2279;;440
2026-05-04T08:26:19Z;-2445;;274
2026-05-04T08:26:36Z;-2319;;400
2026-05-04T08:26:38Z;-2518;;201
2026-05-04T08:26:46Z;;3000;482
2026-05-04T08:27:35Z;-2702;;298
2026-05-04T08:27:38Z;-2574;;426
2026-05-04T08:27:54Z;-2704;;296
2026-05-04T08:27:56Z;-2680;;320
2026-05-04T08:27:59Z;-2714;;286
2026-05-04T08:28:01Z;-2648;;352
2026-05-04T08:28:09Z;-2707;;293
2026-05-04T08:28:14Z;;3306;599
2026-05-04T08:28:19Z;-2671;;635
2026-05-04T08:28:21Z;-2804;;502
2026-05-04T08:29:18Z;-2618;;688
2026-05-04T08:29:20Z;-2853;;453
2026-05-04T08:29:40Z;-2684;;622
2026-05-04T08:29:42Z;-2859;;447
2026-05-04T08:30:07Z;-2935;3530;371
2026-05-04T08:30:11Z;-3000;;530
2026-05-04T08:30:13Z;-2994;;536
2026-05-04T08:30:16Z;-3001;;529
2026-05-04T08:30:19Z;-2999;;531
2026-05-04T08:30:21Z;-3000;;530
2026-05-04T08:30:24Z;-2876;;654
2026-05-04T08:30:33Z;;3237;361
2026-05-04T08:30:34Z;-2664;;573
2026-05-04T08:30:37Z;;2946;282
2026-05-04T08:30:38Z;-2293;;653
2026-05-04T08:30:40Z;-2418;;528
2026-05-04T08:30:42Z;;3034;616
2026-05-04T08:30:43Z;-2363;;671
2026-05-04T08:30:46Z;-2470;3334;564
2026-05-04T08:30:48Z;-2761;;573
2026-05-04T08:30:57Z;-3000;;334
2026-05-04T08:30:59Z;-2997;;337
2026-05-04T08:31:30Z;;3601;604
2026-05-04T08:31:32Z;-3074;;527
2026-05-04T08:31:40Z;;3596;522
2026-05-04T08:31:41Z;-2917;;679
2026-05-04T08:31:44Z;-3009;;587
2026-05-04T08:31:46Z;-2992;;604
2026-05-04T08:31:52Z;-3096;;500
2026-05-04T08:31:59Z;-2960;;636
2026-05-04T08:32:01Z;-2870;;726
2026-05-04T08:32:11Z;;3601;731
2026-05-04T08:32:13Z;;3599;729
2026-05-04T08:32:22Z;-2936;;663
2026-05-04T08:32:24Z;-3085;;514
2026-05-04T08:32:40Z;-2943;;656
2026-05-04T08:32:49Z;-3001;;598
2026-05-04T08:32:51Z;-2966;;633
2026-05-04T08:32:54Z;-3040;;559
2026-05-04T08:33:02Z;-2909;;690
2026-05-04T08:33:19Z;-2521;;1078
2026-05-04T08:33:24Z;-2868;;731
2026-05-04T08:33:27Z;;3294;426
2026-05-04T08:33:30Z;-2691;;603
2026-05-04T08:33:52Z;;2994;303
2026-05-04T08:33:56Z;;3014;323
2026-05-04T08:34:00Z;-2766;;248
2026-05-04T08:34:06Z;-2436;;578
2026-05-04T08:34:08Z;;2988;552
2026-05-04T08:34:10Z;-2377;;611
2026-05-04T08:34:11Z;-2466;;522
2026-05-04T08:34:18Z;;3004;538
2026-05-04T08:34:19Z;-2374;;630
2026-05-04T08:34:21Z;-2478;;526
2026-05-04T08:34:25Z;-2708;;296
2026-05-04T08:34:29Z;-2715;;289
2026-05-04T08:34:34Z;;2985;270
2026-05-04T08:34:47Z;;3031;316
2026-05-04T08:34:52Z;-2747;;284
2026-05-04T08:34:54Z;;3315;568
2026-05-04T08:35:02Z;-3038;;277
2026-05-04T08:35:04Z;;3640;602
2026-05-04T08:35:11Z;;3592;554
2026-05-04T08:35:15Z;-2970;;622
2026-05-04T08:35:19Z;;3210;240
2026-05-04T08:35:23Z;-2767;;443
2026-05-04T08:35:31Z;-2767;3314;443
2026-05-04T08:35:50Z;-3010;;304
2026-05-04T08:35:56Z;;3608;598
2026-05-04T08:35:58Z;-2913;;695
2026-05-04T08:36:00Z;-3153;;455
2026-05-04T08:36:30Z;-2985;;623
2026-05-04T08:36:32Z;-3188;;420
2026-05-04T08:37:03Z;-2957;;651
2026-05-04T08:37:05Z;-3131;;477
2026-05-04T08:37:43Z;-2960;3549;648
2026-05-04T08:37:44Z;;3635;675
2026-05-04T08:37:45Z;-3134;;501
2026-05-04T08:37:52Z;-2971;;664
2026-05-04T08:37:55Z;-3087;;548
2026-05-04T08:38:25Z;-2948;;687
2026-05-04T08:38:27Z;-3098;;537
2026-05-04T08:38:40Z;-3093;;542
2026-05-04T08:38:46Z;-3194;;441
2026-05-04T08:39:32Z;;3599;405
2026-05-04T08:39:38Z;;3601;407
2026-05-04T08:39:39Z;;3593;399
2026-05-04T08:39:55Z;;3604;410
2026-05-04T08:40:04Z;;3594;400
2026-05-04T08:40:10Z;-2990;;604
2026-05-04T08:40:24Z;-3001;;593
2026-05-04T08:40:26Z;-2994;;600
2026-05-04T08:40:43Z;-3003;;591
2026-05-04T08:40:45Z;;3600;597
2026-05-04T08:40:46Z;;3599;596
2026-05-04T08:40:48Z;-2992;;607
2026-05-04T08:40:54Z;-3000;;599
2026-05-04T08:40:56Z;-2997;;602
2026-05-04T08:40:57Z;;3610;613
2026-05-04T08:40:59Z;-2682;;928
2026-05-04T08:41:02Z;-2707;;903
2026-05-04T08:41:04Z;-3005;;605
2026-05-04T08:41:09Z;-2997;;613
2026-05-04T08:41:11Z;;3598;601
2026-05-04T08:41:12Z;;3608;611
2026-05-04T08:41:19Z;-3025;;583
2026-05-04T08:44:20Z;-3172;;436
2026-05-04T08:44:22Z;-3316;;292
2026-05-04T08:44:25Z;-3328;;280
2026-05-04T08:44:39Z;;3903;575
2026-05-04T08:44:57Z;;3894;566
2026-05-04T08:45:07Z;-3399;3910;495
2026-05-04T08:45:09Z;;3856;457
2026-05-04T08:45:27Z;;3899;500
2026-05-04T08:45:28Z;;3905;506
2026-05-04T08:45:44Z;;3894;495
2026-05-04T08:45:46Z;;3902;503
2026-05-04T08:45:47Z;;3892;493
2026-05-04T08:46:04Z;;3911;512
2026-05-04T08:46:13Z;-3266;;645
2026-05-04T08:46:15Z;-3377;;534
2026-05-04T08:46:23Z;;3880;503
2026-05-04T08:46:37Z;-3157;;723
2026-05-04T08:46:50Z;-3325;;555
2026-05-04T08:46:55Z;-3230;;650
2026-05-04T08:46:57Z;-3355;;525
2026-05-04T08:47:00Z;-3296;;584
2026-05-04T08:47:03Z;-3308;;572
2026-05-04T08:47:06Z;-3290;;590
2026-05-04T08:47:08Z;-3364;;516
2026-05-04T08:47:11Z;-3297;;583
2026-05-04T08:47:22Z;-3317;;563
2026-05-04T08:47:35Z;-3100;;780
2026-05-04T08:47:59Z;-3318;;562
2026-05-04T08:48:01Z;-3272;;608
2026-05-04T08:48:04Z;-3310;;570
2026-05-04T08:48:16Z;-3299;;581
2026-05-04T08:48:18Z;-3379;;501
2026-05-04T08:48:38Z;;3903;524
2026-05-04T08:48:57Z;-3257;;646
2026-05-04T08:48:59Z;-3415;3894;637
2026-05-04T08:49:04Z;-3295;;599
2026-05-04T08:49:11Z;;3560;265
2026-05-04T08:49:14Z;-2961;3298;599
2026-05-04T08:49:16Z;;3321;360
2026-05-04T08:49:17Z;;3285;324
2026-05-04T08:49:19Z;-2601;;684
2026-05-04T08:49:21Z;-2722;;563
2026-05-04T08:49:24Z;-2638;;647
2026-05-04T08:49:27Z;;2992;354
2026-05-04T08:49:31Z;-2354;;638
2026-05-04T08:49:33Z;;2668;314
2026-05-04T08:49:36Z;;2711;357
2026-05-04T08:49:39Z;;2670;316
2026-05-04T08:49:40Z;;2763;409
2026-05-04T08:49:50Z;-2411;;352
2026-05-04T08:49:55Z;;3002;591
2026-05-04T08:50:00Z;;2988;577
2026-05-04T08:50:06Z;;3021;610
2026-05-04T08:50:18Z;;3342;931
2026-05-04T08:50:19Z;-2896;;446
2026-05-04T08:50:21Z;-3078;3625;729
2026-05-04T08:50:24Z;-3302;;323
2026-05-04T08:50:27Z;;3907;605
2026-05-04T08:50:34Z;-3606;;301
2026-05-04T08:50:36Z;-3582;;325
2026-05-04T08:50:40Z;-3299;;608
2026-05-04T08:50:42Z;-3509;;398
2026-05-04T08:50:49Z;;3894;385
2026-05-04T08:50:54Z;-3289;;605
2026-05-04T08:50:56Z;;3595;306
2026-05-04T08:50:58Z;-2982;;613
2026-05-04T08:51:07Z;;3279;297
2026-05-04T08:51:14Z;-2653;;626
2026-05-04T08:51:17Z;;2974;321
2026-05-04T08:51:20Z;-2345;;629
2026-05-04T08:51:22Z;;2695;350
2026-05-04T08:51:26Z;-2100;;595
2026-05-04T08:51:28Z;;2389;289
2026-05-04T08:51:29Z;;2427;327
2026-05-04T08:51:31Z;-2193;;234
2026-05-04T08:51:34Z;;2737;544
2026-05-04T08:51:37Z;-2419;;318
2026-05-04T08:51:39Z;-2318;;419
2026-05-04T08:51:42Z;-2406;;331
2026-05-04T08:51:49Z;;3055;649
2026-05-04T08:51:51Z;-2755;;300
2026-05-04T08:51:53Z;;3332;577
2026-05-04T08:51:56Z;-3014;;318
2026-05-04T08:51:58Z;-2864;;468
2026-05-04T08:52:01Z;-3035;;297
2026-05-04T08:52:02Z;;3250;215
2026-05-04T08:52:04Z;-2952;;298
2026-05-04T08:52:06Z;-2675;;575
2026-05-04T08:52:09Z;-2846;;404
2026-05-04T08:52:12Z;-2676;;574
2026-05-04T08:52:14Z;-2750;;500
2026-05-04T08:52:17Z;-2697;;553
2026-05-04T08:52:19Z;;2977;280
2026-05-04T08:52:25Z;;3025;328
2026-05-04T08:52:30Z;-2714;;311
2026-05-04T08:52:34Z;;3329;615
2026-05-04T08:52:42Z;;3295;581
2026-05-04T08:52:45Z;-2727;;568
2026-05-04T08:52:53Z;;2979;252
2026-05-04T08:52:57Z;-2397;;582
2026-05-04T08:52:59Z;-2404;;575
2026-05-04T08:53:02Z;-2246;;733
2026-05-04T08:53:03Z;;2685;439
2026-05-04T08:53:05Z;-2074;;611
2026-05-04T08:53:12Z;-2146;;539
2026-05-04T08:53:15Z;;2700;554
2026-05-04T08:53:19Z;-2403;;297
2026-05-04T08:53:21Z;-2332;;368
2026-05-04T08:53:24Z;-2421;;279
2026-05-04T08:53:29Z;;3014;593
2026-05-04T08:53:32Z;-2719;;295
2026-05-04T08:53:39Z;-2668;;346
2026-05-04T08:53:44Z;;2987;319
2026-05-04T08:53:52Z;;3007;339
2026-05-04T08:53:57Z;-2706;;301
2026-05-04T08:54:03Z;-2677;;330
2026-05-04T08:54:08Z;;2938;261
2026-05-04T08:54:16Z;;3011;334
2026-05-04T08:54:28Z;-2733;;278
2026-05-04T08:54:30Z;-2427;;584
2026-05-04T08:54:35Z;-2802;;209
2026-05-04T08:54:38Z;-2672;;339
2026-05-04T08:54:40Z;-2725;;286
2026-05-04T08:54:43Z;;3321;596
2026-05-04T08:54:48Z;-3027;;294
2026-05-04T08:54:51Z;-2989;;332
2026-05-04T08:54:58Z;-2597;;724
2026-05-04T08:55:00Z;-2734;;587
2026-05-04T08:55:04Z;-3158;;163
2026-05-04T08:55:06Z;;3612;454
2026-05-04T08:55:15Z;-3322;;290
2026-05-04T08:55:23Z;-3276;;336
2026-05-04T08:55:32Z;-3353;;259
2026-05-04T08:55:41Z;-3297;;315
2026-05-04T08:55:47Z;-3308;;304
2026-05-04T08:55:49Z;-3265;;347
2026-05-04T08:55:50Z;;3569;304
2026-05-04T08:56:01Z;;3614;349
2026-05-04T08:56:08Z;-3278;;336
2026-05-04T08:56:12Z;;3943;665
2026-05-04T08:56:15Z;-3632;;311
2026-05-04T08:56:34Z;;4204;572
2026-05-04T08:56:53Z;;4198;566
2026-05-04T08:57:11Z;-3598;;600
2026-05-04T08:57:24Z;-3656;;542
2026-05-04T08:57:31Z;-3622;;576
2026-05-04T08:57:37Z;;3842;220
2026-05-04T08:57:39Z;-3232;;610
2026-05-04T08:57:54Z;;3596;364
2026-05-04T08:57:57Z;-2986;;610
2026-05-04T08:58:02Z;-3016;;580
2026-05-04T08:58:04Z;;3634;618
2026-05-04T08:58:08Z;-3311;;323
2026-05-04T08:58:12Z;;3915;604
2026-05-04T08:58:20Z;-3608;;307
2026-05-04T08:58:23Z;-3597;;318
2026-05-04T08:58:25Z;-3606;;309
2026-05-04T08:58:36Z;-3596;;319
2026-05-04T09:00:07Z;-3523;4074;392
2026-05-04T09:01:14Z;-3251;;823
2026-05-04T09:01:17Z;-3306;;768
2026-05-04T09:01:56Z;-3717;;357
2026-05-04T09:02:28Z;-3528;;546
2026-05-04T09:02:30Z;-3742;;332
2026-05-04T09:02:35Z;-3529;;545
2026-05-04T09:02:37Z;-3731;;343
2026-05-04T09:02:50Z;-3510;;564
2026-05-04T09:02:52Z;-3732;;342
2026-05-04T09:03:08Z;-3503;;571
2026-05-04T09:03:10Z;-3635;;439
2026-05-04T09:03:30Z;-3599;;475
2026-05-04T09:03:32Z;-3693;;381
2026-05-04T09:03:36Z;-3548;;526
2026-05-04T09:03:38Z;-3658;;416
2026-05-04T09:03:56Z;;4200;542
2026-05-04T09:04:10Z;-3747;;453
2026-05-04T09:04:12Z;-3647;;553
2026-05-04T09:04:29Z;-3553;;647
2026-05-04T09:04:31Z;-3718;;482
2026-05-04T09:04:52Z;-3588;;612
2026-05-04T09:04:54Z;-3761;;439
2026-05-04T09:04:57Z;-3502;;698
2026-05-04T09:04:58Z;;4027;525
2026-05-04T09:04:59Z;;4220;718
2026-05-04T09:05:00Z;-3627;4214;712
2026-05-04T09:05:04Z;;4186;559
2026-05-04T09:05:05Z;;4207;580
2026-05-04T09:05:06Z;;4196;569
2026-05-04T09:05:07Z;;4203;576
2026-05-04T09:05:31Z;-3808;;395
2026-05-04T09:05:33Z;-3572;;631
2026-05-04T09:05:51Z;-3516;4199;687
2026-05-04T09:05:53Z;-3653;;546
2026-05-04T09:06:08Z;;4213;560
2026-05-04T09:06:12Z;-3572;;641
2026-05-04T09:06:14Z;-3705;;508
2026-05-04T09:13:49Z;-2678;;1535
2026-05-04T09:13:52Z;-2769;;1444
2026-05-04T09:14:00Z;-3081;;1132
2026-05-04T09:14:03Z;-2733;;1480
2026-05-04T09:14:06Z;-2659;;1554
2026-05-04T09:14:09Z;-2728;;1485
2026-05-04T09:14:12Z;-2691;;1522
2026-05-04T09:14:15Z;-2714;;1499
2026-05-04T09:14:18Z;-2672;;1541
2026-05-04T09:14:21Z;-2798;;1415
2026-05-04T09:14:24Z;-2601;;1612
2026-05-04T09:14:26Z;;4180;1579
2026-05-04T09:14:27Z;;4047;1446
2026-05-04T09:14:30Z;;4269;1668
2026-05-04T09:14:33Z;-2810;;1459
2026-05-04T09:14:36Z;-2673;;1596
2026-05-04T09:14:39Z;-2746;;1523
2026-05-04T09:14:42Z;-2694;;1575
2026-05-04T09:14:45Z;-2750;;1519
2026-05-04T09:14:48Z;-2684;;1585
2026-05-04T09:14:49Z;;4202;1518
2026-05-04T09:14:50Z;-2712;;1490
2026-05-04T09:14:51Z;-2869;;1333
2026-05-04T09:14:54Z;-3029;;1173
2026-05-04T09:14:57Z;-2821;;1381
2026-05-04T09:15:00Z;-3009;;1193
2026-05-04T09:15:03Z;-2999;;1203
2026-05-04T09:15:06Z;-2643;;1559
2026-05-04T09:15:07Z;-2760;4272;1442
2026-05-04T09:15:09Z;-2827;;1445
2026-05-04T09:15:12Z;-2438;;1834
2026-05-04T09:15:15Z;-2864;;1408
2026-05-04T09:15:18Z;-2534;;1738
2026-05-04T09:15:21Z;-2887;;1385
2026-05-04T09:15:24Z;-2680;;1592
2026-05-04T09:15:25Z;-2563;;1709
2026-05-04T09:15:27Z;-2771;;1501
2026-05-04T09:15:29Z;-3846;;426
2026-05-04T09:15:30Z;-2528;;1744
2026-05-04T09:15:32Z;-3905;;367
2026-05-04T09:15:33Z;-2850;;1422
2026-05-04T09:15:37Z;;4512;1662
2026-05-04T09:15:52Z;;4494;1644
2026-05-04T09:15:53Z;-3886;;608
2026-05-04T09:16:21Z;-3901;4532;593
2026-05-04T09:16:29Z;;4816;915
2026-05-04T09:16:31Z;-4211;;605
2026-05-04T09:17:26Z;;5133;922
2026-05-04T09:17:27Z;-4504;;629
2026-05-04T09:17:30Z;-4472;;661
2026-05-04T09:17:32Z;;5093;621
2026-05-04T09:17:46Z;-4139;;954
2026-05-04T09:17:48Z;;4797;658
2026-05-04T09:17:49Z;-4214;;583
2026-05-04T09:17:51Z;;4841;627
2026-05-04T09:17:58Z;;5114;900
2026-05-04T09:18:01Z;;5059;845
2026-05-04T09:18:06Z;-4234;;825
2026-05-04T09:18:08Z;;4787;553
2026-05-04T09:18:12Z;-3840;;947
2026-05-04T09:18:13Z;;4419;579
2026-05-04T09:18:15Z;-3642;;777
2026-05-04T09:18:16Z;;4152;510
2026-05-04T09:18:19Z;;3878;236
2026-05-04T09:18:20Z;-3237;;641
2026-05-04T09:18:33Z;;3927;690
2026-05-04T09:18:34Z;-3334;;593
2026-05-04T09:18:36Z;;4205;871
2026-05-04T09:18:38Z;-3646;;559
2026-05-04T09:18:41Z;;4613;967
2026-05-04T09:18:42Z;-4061;;552
2026-05-04T09:18:44Z;-4215;4929;868
2026-05-04T09:18:46Z;;5165;950
2026-05-04T09:18:47Z;-4523;;642
2026-05-04T09:18:49Z;;5099;576
2026-05-04T09:18:53Z;-4468;;631
2026-05-04T09:18:55Z;;5122;654
2026-05-04T09:18:56Z;-4542;;580
2026-05-04T09:19:40Z;-4448;5057;674
2026-05-04T09:19:49Z;;4786;338
2026-05-04T09:19:51Z;-4196;;590
2026-05-04T09:19:54Z;;4426;230
2026-05-04T09:19:55Z;-3887;;539
2026-05-04T09:19:57Z;-3678;4080;193
2026-05-04T09:19:59Z;;3877;199
2026-05-04T09:20:02Z;-3274;;603
2026-05-04T09:20:06Z;;3566;292
2026-05-04T09:20:10Z;-2945;;621
2026-05-04T09:20:12Z;;3276;331
2026-05-04T09:20:15Z;-2580;;696
2026-05-04T09:20:17Z;-2807;3351;771
2026-05-04T09:20:19Z;;3626;819
2026-05-04T09:20:20Z;-3051;;575
2026-05-04T09:20:22Z;-3351;;275
2026-05-04T09:20:23Z;;4028;677
2026-05-04T09:20:26Z;-3769;4528;1177
2026-05-04T09:20:28Z;-3942;4923;586
2026-05-04T09:20:30Z;-4351;5199;1257
2026-05-04T09:20:33Z;-4503;;696
2026-05-04T09:20:36Z;-4810;;389
2026-05-04T09:20:38Z;-4730;;469
2026-05-04T09:20:41Z;-4842;;357
2026-05-04T09:20:47Z;-4797;;402
2026-05-04T09:20:49Z;-4843;;356
2026-05-04T09:20:55Z;-4577;;622
2026-05-04T09:20:57Z;-4801;;398
2026-05-04T09:21:00Z;-4780;;419
2026-05-04T09:21:02Z;-4814;;385
2026-05-04T09:21:05Z;-4722;;477
2026-05-04T09:21:08Z;-4811;;388
2026-05-04T09:21:17Z;-4587;;612
2026-05-04T09:21:34Z;;5051;464
2026-05-04T09:21:35Z;-4420;;631
2026-05-04T09:21:37Z;-4165;;886
2026-05-04T09:21:38Z;;4552;387
2026-05-04T09:21:39Z;;4190;25
2026-05-04T09:21:40Z;-3896;3798;294
2026-05-04T09:21:42Z;-3482;3228;-668
2026-05-04T09:21:44Z;;2922;-560
2026-05-04T09:21:45Z;-3177;;-255
2026-05-04T09:21:48Z;-2943;2689;-21
2026-05-04T09:21:52Z;-2617;;72
2026-05-04T09:21:54Z;-2381;;308
2026-05-04T09:21:57Z;;2705;324
2026-05-04T09:22:02Z;-2440;;265
2026-05-04T09:22:04Z;;3073;633
2026-05-04T09:22:05Z;-2787;3389;286
2026-05-04T09:22:07Z;-2967;3655;868
2026-05-04T09:22:09Z;;3980;1013
2026-05-04T09:22:10Z;-3406;;574
2026-05-04T09:22:12Z;;4605;1199
2026-05-04T09:22:13Z;-4008;;-28
2026-05-04T09:22:15Z;-4302;;303
2026-05-04T09:22:16Z;;4843;541
2026-05-04T09:22:17Z;;5137;835
2026-05-04T09:22:18Z;-4589;;254
2026-05-04T09:22:25Z;-4804;;333
2026-05-04T09:22:27Z;-4796;;341
2026-05-04T09:22:30Z;-4824;;313
2026-05-04T09:22:39Z;-4621;;516
2026-05-04T09:22:41Z;-4841;;296
2026-05-04T09:22:45Z;-4788;;349
2026-05-04T09:22:49Z;-4835;;302
2026-05-04T09:22:56Z;-4758;;379
2026-05-04T09:23:00Z;-4824;;313
2026-05-04T09:23:02Z;-4780;;357
2026-05-04T09:23:10Z;-4827;;310
2026-05-04T09:23:19Z;-4710;;427
2026-05-04T09:23:25Z;-4459;4953;678
2026-05-04T09:23:27Z;-4089;;864
2026-05-04T09:23:28Z;;4742;653
2026-05-04T09:23:29Z;;4460;371
2026-05-04T09:23:30Z;;4505;416
2026-05-04T09:23:31Z;-4315;4906;190
2026-05-04T09:23:33Z;-4583;5101;786
2026-05-04T09:24:16Z;-4479;;622
2026-05-04T09:24:18Z;-4701;;400
2026-05-04T09:24:51Z;-4809;;292
2026-05-04T09:24:55Z;-4798;;303
2026-05-04T09:26:14Z;;5086;288
2026-05-04T09:26:19Z;-4444;;642
2026-05-04T09:26:28Z;;5110;666
2026-05-04T09:26:29Z;-4555;;555
2026-05-04T09:26:42Z;-4420;;690
2026-05-04T09:26:44Z;-4584;;526
2026-05-04T09:26:55Z;;5091;507
2026-05-04T09:26:56Z;;5214;630
2026-05-04T09:27:09Z;;5068;484
2026-05-04T09:27:10Z;-4459;;609
2026-05-04T09:27:13Z;-4586;5112;482
2026-05-04T09:27:18Z;;5078;492
2026-05-04T09:27:21Z;-4477;;601
2026-05-04T09:27:23Z;-4515;;563
2026-05-04T09:27:28Z;;5102;587
2026-05-04T09:27:33Z;;5091;576
2026-05-04T09:27:37Z;-4427;5117;664
2026-05-04T09:27:39Z;-4633;;484
2026-05-04T09:27:54Z;;5099;466
2026-05-04T09:27:58Z;-4482;;617
2026-05-04T09:28:03Z;-4153;;946
2026-05-04T09:28:04Z;;4794;641
2026-05-04T09:28:07Z;-4242;;552
2026-05-04T09:28:09Z;-4184;;610
2026-05-04T09:28:12Z;-4239;;555
2026-05-04T09:28:14Z;;4843;604
2026-05-04T09:28:15Z;-4524;;319
2026-05-04T09:28:18Z;-4460;;383
2026-05-04T09:28:21Z;-4077;;766
2026-05-04T09:28:23Z;-4310;;533
2026-05-04T09:28:24Z;;4794;484
2026-05-04T09:28:26Z;-4160;;634
2026-05-04T09:28:29Z;-3873;;921
2026-05-04T09:28:37Z;-3932;;862
2026-05-04T09:28:39Z;;4598;666
2026-05-04T09:28:40Z;-4250;;348
2026-05-04T09:28:43Z;-4117;;481
2026-05-04T09:28:51Z;;4444;327
2026-05-04T09:28:52Z;-3780;;664
2026-05-04T09:28:54Z;-3587;4077;297
2026-05-04T09:28:58Z;;3899;312
2026-05-04T09:29:01Z;-3223;;676
2026-05-04T09:29:04Z;-3321;;578
2026-05-04T09:29:06Z;-3276;;623
2026-05-04T09:29:08Z;;3978;702
2026-05-04T09:29:09Z;-3324;;654
2026-05-04T09:29:11Z;;4207;883
2026-05-04T09:29:12Z;-3640;4148;567
2026-05-04T09:29:14Z;-3556;;592
2026-05-04T09:29:16Z;;3838;282
2026-05-04T09:29:19Z;;3913;357
2026-05-04T09:29:25Z;-3603;;310
2026-05-04T09:29:28Z;-3921;4308;-8
2026-05-04T09:29:29Z;;4537;616
2026-05-04T09:29:30Z;;4461;540
2026-05-04T09:29:31Z;;4152;231
2026-05-04T09:29:32Z;-3818;;334
2026-05-04T09:29:33Z;;3860;42
2026-05-04T09:29:35Z;-3575;3904;285
2026-05-04T09:29:40Z;-3663;;241
2026-05-04T09:29:43Z;;3599;-64
2026-05-04T09:29:44Z;-3546;;53
2026-05-04T09:29:45Z;-3249;;350
2026-05-04T09:29:48Z;-2977;;622
2026-05-04T09:29:50Z;-3027;;572
2026-05-04T09:29:51Z;;3672;645
2026-05-04T09:29:53Z;-3309;3919;363
2026-05-04T09:29:57Z;-3629;;290
2026-05-04T09:30:04Z;-3595;;324
2026-05-04T09:30:06Z;-3753;;166
2026-05-04T09:30:07Z;;4085;332
2026-05-04T09:30:09Z;-3680;;405
2026-05-04T09:30:10Z;;3888;208
2026-05-04T09:30:11Z;-3562;;326
2026-05-04T09:30:13Z;;4039;477
2026-05-04T09:30:14Z;-3681;4319;358
2026-05-04T09:30:16Z;-4060;4660;979
2026-05-04T09:30:17Z;;4969;909
2026-05-04T09:30:19Z;-4392;;577
2026-05-04T09:30:22Z;-4618;4770;351
2026-05-04T09:30:23Z;;4389;-229
2026-05-04T09:30:25Z;-4835;3830;-788
2026-05-04T09:30:26Z;;3595;-1240
2026-05-04T09:30:27Z;-4783;;-1188
2026-05-04T09:30:29Z;-4438;;-843
2026-05-04T09:30:32Z;-4059;;-464
2026-05-04T09:30:35Z;-3659;;-64
2026-05-04T09:30:37Z;-3447;;148
2026-05-04T09:30:39Z;;3649;202
2026-05-04T09:30:40Z;-3203;;446
2026-05-04T09:30:42Z;;3929;726
2026-05-04T09:30:43Z;-2688;4291;1241
2026-05-04T09:30:45Z;-2386;4511;1823
2026-05-04T09:30:47Z;;4341;1955
2026-05-04T09:30:49Z;-2736;4152;1766
2026-05-04T09:30:51Z;-3032;3879;1120
2026-05-04T09:30:53Z;-3364;3941;909
2026-05-04T09:30:56Z;-3609;;332
2026-05-04T09:30:58Z;;3824;215
2026-05-04T09:30:59Z;-4034;;-210
2026-05-04T09:31:00Z;;3522;-512
2026-05-04T09:31:02Z;-3785;;-263
2026-05-04T09:31:05Z;-3164;;358
2026-05-04T09:31:08Z;-3443;;79
2026-05-04T09:31:10Z;-3281;;241
2026-05-04T09:31:19Z;-2972;;550
2026-05-04T09:31:26Z;-3003;;519
2026-05-04T09:31:30Z;-2988;;534
2026-05-04T09:31:33Z;-3009;;513
2026-05-04T09:31:36Z;-2669;;853
2026-05-04T09:31:39Z;-2781;;741
2026-05-04T09:31:41Z;-3284;;238
2026-05-04T09:31:42Z;;3649;365
2026-05-04T09:31:48Z;-3419;;230
2026-05-04T09:31:50Z;;3966;547
2026-05-04T09:31:51Z;-3611;;355
2026-05-04T09:31:59Z;;4226;615
2026-05-04T09:32:01Z;;4155;544
2026-05-04T09:32:04Z;-3577;;578
2026-05-04T09:32:06Z;;3877;300
2026-05-04T09:32:08Z;;3968;391
2026-05-04T09:32:10Z;-3644;;324
2026-05-04T09:32:16Z;-3596;;372
2026-05-04T09:32:18Z;-3235;;733
2026-05-04T09:32:21Z;;3871;636
2026-05-04T09:32:22Z;-3303;;568
2026-05-04T09:32:24Z;-3262;;609
2026-05-04T09:32:25Z;;3583;321
2026-05-04T09:32:28Z;;3627;365
2026-05-04T09:32:30Z;-3305;;322
2026-05-04T09:32:32Z;-3626;4007;702
2026-05-04T09:32:33Z;;4352;726
2026-05-04T09:32:35Z;-3921;;431
2026-05-04T09:32:37Z;;4165;244
2026-05-04T09:32:38Z;-3825;;340
2026-05-04T09:32:45Z;-3911;4247;254
2026-05-04T09:32:47Z;;4516;605
2026-05-04T09:32:51Z;;4498;587
2026-05-04T09:32:54Z;;4523;612
2026-05-04T09:32:56Z;;4473;562
2026-05-04T09:32:57Z;-3897;;576
2026-05-04T09:33:00Z;;4170;273
2026-05-04T09:33:01Z;;4251;354
2026-05-04T09:33:03Z;-3982;;269
2026-05-04T09:33:05Z;;4591;609
2026-05-04T09:33:08Z;;4446;464
2026-05-04T09:33:10Z;-3730;4150;716
2026-05-04T09:33:12Z;-3519;;631
2026-05-04T09:33:18Z;;3898;379
2026-05-04T09:33:21Z;-3279;;619
2026-05-04T09:33:23Z;;3494;215
2026-05-04T09:33:25Z;-2988;;506
2026-05-04T09:33:27Z;-3055;3678;690
2026-05-04T09:33:30Z;-3279;;399
2026-05-04T09:33:31Z;;3559;280
2026-05-04T09:33:33Z;-3327;;232
2026-05-04T09:33:35Z;-2941;;618
2026-05-04T09:33:36Z;;3268;327
2026-05-04T09:33:40Z;-2677;;591
2026-05-04T09:33:43Z;;2988;311
2026-05-04T09:33:45Z;;3022;345
2026-05-04T09:33:49Z;-2706;;316
2026-05-04T09:33:51Z;-2635;;387
2026-05-04T09:33:52Z;;2952;317
2026-05-04T09:33:56Z;-2372;;580
2026-05-04T09:33:58Z;-2402;;550
2026-05-04T09:34:01Z;-2398;;554
2026-05-04T09:34:04Z;-2410;;542
2026-05-04T09:34:06Z;-1822;;1130
2026-05-04T09:34:09Z;-2105;;847
2026-05-04T09:34:11Z;-2495;;457
2026-05-04T09:34:18Z;;3006;511
2026-05-04T09:34:25Z;-2715;;291
2026-05-04T09:34:28Z;-2699;;307
2026-05-04T09:34:30Z;-2716;;290
2026-05-04T09:34:34Z;-2685;;321
2026-05-04T09:34:37Z;;2961;276
2026-05-04T09:34:41Z;;3011;326
2026-05-04T09:34:45Z;-2702;;309
2026-05-04T09:34:47Z;;3314;612
2026-05-04T09:34:48Z;;3294;592
2026-05-04T09:34:50Z;-2667;;627
2026-05-04T09:34:53Z;-2722;;572
2026-05-04T09:34:55Z;;3312;590
2026-05-04T09:34:57Z;;3152;430
2026-05-04T09:34:58Z;-2572;;580
2026-05-04T09:35:00Z;;2943;371
2026-05-04T09:35:02Z;-2382;;561
2026-05-04T09:35:05Z;-2457;3039;486
2026-05-04T09:35:08Z;-2706;;333
2026-05-04T09:35:10Z;;3324;618
2026-05-04T09:35:13Z;-3021;;303
2026-05-04T09:35:15Z;;3638;617
2026-05-04T09:35:19Z;-2762;;876
2026-05-04T09:35:20Z;;3439;677
2026-05-04T09:35:21Z;-2503;;936
2026-05-04T09:35:22Z;;3115;612
2026-05-04T09:35:23Z;;2968;465
2026-05-04T09:35:24Z;;3009;506
2026-05-04T09:35:25Z;;2956;453
2026-05-04T09:35:27Z;-2329;;627
2026-05-04T09:35:29Z;;2677;348
2026-05-04T09:35:30Z;;2735;406
2026-05-04T09:35:34Z;;2685;356
2026-05-04T09:35:35Z;;2720;391
2026-05-04T09:35:57Z;;2667;338
2026-05-04T09:36:02Z;-2079;;588
2026-05-04T09:36:04Z;-1762;;905
2026-05-04T09:36:07Z;-2024;;643
2026-05-04T09:36:19Z;;2395;371
2026-05-04T09:36:33Z;-1797;;598
2026-05-04T09:38:26Z;;2099;302
2026-05-04T09:38:27Z;;2101;304
2026-05-04T09:38:28Z;;2098;301
2026-05-04T09:39:26Z;;2100;303
2026-05-04T09:40:01Z;-1774;;326
2026-05-04T09:40:03Z;;2405;631
2026-05-04T09:40:07Z;-2144;2719;261
2026-05-04T09:40:10Z;-2529;3102;190
2026-05-04T09:40:12Z;-2723;3301;772
2026-05-04T09:40:15Z;-2487;;814
2026-05-04T09:40:17Z;;3256;769
2026-05-04T09:40:18Z;-2764;;492
2026-05-04T09:40:20Z;-2651;;605
2026-05-04T09:40:21Z;;3431;780
2026-05-04T09:40:23Z;-2805;;626
2026-05-04T09:40:25Z;-2647;2813;8
2026-05-04T09:40:26Z;;2641;-6
2026-05-04T09:40:28Z;-2365;;276
2026-05-04T09:40:31Z;-2076;;565
2026-05-04T09:40:36Z;-1799;;842
2026-05-04T09:40:38Z;-1903;;738
2026-05-04T09:40:48Z;-1780;;861
2026-05-04T09:41:00Z;;2089;309
2026-05-04T09:41:24Z;-1720;;369
2026-05-04T09:41:26Z;-1715;;374
2026-05-04T09:41:44Z;-1486;;603
2026-05-04T09:41:46Z;-1668;;421
2026-05-04T09:42:06Z;;2102;434
2026-05-04T09:42:18Z;-1811;;291
2026-05-04T09:42:21Z;-1734;;368
2026-05-04T09:42:23Z;-1901;;201
2026-05-04T09:42:25Z;;2408;507
2026-05-04T09:42:28Z;;2391;490
2026-05-04T09:42:30Z;;2406;505
2026-05-04T09:42:33Z;-2101;;305
2026-05-04T09:42:38Z;;2716;615
2026-05-04T09:42:42Z;;2688;587
2026-05-04T09:42:43Z;;2700;599
2026-05-04T09:42:44Z;;2651;550
2026-05-04T09:42:47Z;-2093;;558
2026-05-04T09:42:49Z;;2327;234
2026-05-04T09:43:01Z;-1798;;529
2026-05-04T09:43:12Z;;2097;299
2026-05-04T09:43:14Z;;2100;302
2026-05-04T09:43:15Z;;2098;300
2026-05-04T09:45:07Z;-1664;2063;434
2026-05-04T09:45:52Z;-1167;;896
2026-05-04T09:45:54Z;-1628;;435
2026-05-04T09:46:00Z;;1617;-11
2026-05-04T09:46:01Z;;2037;409
2026-05-04T09:46:02Z;;1652;24
2026-05-04T09:46:03Z;;2053;425
2026-05-04T09:47:46Z;;2103;475
2026-05-04T09:47:52Z;;2094;466
2026-05-04T09:48:34Z;-1808;;286
2026-05-04T09:48:51Z;;2400;592
2026-05-04T09:48:57Z;-2108;;292
2026-05-04T09:48:59Z;;2709;601
2026-05-04T09:49:03Z;;2641;533
2026-05-04T09:49:04Z;-2033;;608
2026-05-04T09:49:10Z;;2398;365
2026-05-04T09:49:11Z;-1805;;593
2026-05-04T09:49:13Z;-1840;;558
2026-05-04T09:49:16Z;-1786;;612
2026-05-04T09:50:21Z;-1805;;593
2026-05-04T09:50:27Z;;2402;597
2026-05-04T09:50:36Z;-2186;;216
2026-05-04T09:50:46Z;;2742;556
2026-05-04T09:50:48Z;-2429;;313
2026-05-04T09:50:52Z;;3045;616
2026-05-04T09:50:54Z;-2734;;311
2026-05-04T09:50:56Z;-3032;;13
2026-05-04T09:50:57Z;;3339;307
2026-05-04T09:51:00Z;;3654;622
2026-05-04T09:51:02Z;;3562;530
2026-05-04T09:51:06Z;-3043;;519
2026-05-04T09:51:08Z;;3256;213
2026-05-04T09:51:11Z;-2673;;583
2026-05-04T09:51:13Z;;2937;264
2026-05-04T09:51:14Z;-2387;;550
2026-05-04T09:51:16Z;;2670;283
2026-05-04T09:51:26Z;-2094;;576
2026-05-04T09:51:35Z;;2391;297
2026-05-04T09:55:53Z;;2406;312
2026-05-04T09:55:59Z;;2394;300
2026-05-04T09:56:40Z;-1192;;1202
2026-05-04T09:56:42Z;-1563;;831
2026-05-04T09:56:45Z;-1890;;504
2026-05-04T09:57:53Z;;2400;510
2026-05-04T09:58:03Z;-2101;;299
2026-05-04T09:58:12Z;;2712;611
2026-05-04T09:58:15Z;;2696;595
2026-05-04T09:58:19Z;-2119;;577
2026-05-04T09:58:21Z;-2080;;616
2026-05-04T09:58:32Z;-2055;;641
2026-05-04T09:58:34Z;;2331;276
2026-05-04T09:59:16Z;;2402;347
2026-05-04T09:59:26Z;;2389;334
2026-05-04T09:59:40Z;;2401;346
2026-05-04T09:59:42Z;;2399;344
2026-05-04T10:00:07Z;-1941;2355;300
2026-05-04T10:01:05Z;;2407;466
2026-05-04T10:01:20Z;;2397;456
2026-05-04T10:01:54Z;-1799;;598
2026-05-04T10:05:25Z;-1811;;586
2026-05-04T10:05:34Z;-1797;;600
2026-05-04T10:06:44Z;;1714;-83
2026-05-04T10:06:45Z;;2124;327
2026-05-04T10:06:46Z;;1719;-78
2026-05-04T10:06:47Z;;2124;327
2026-05-04T10:06:48Z;;1250;-547
2026-05-04T10:06:49Z;;2144;347
2026-05-04T10:08:26Z;;2099;302
2026-05-04T10:08:27Z;;2101;304
2026-05-04T10:08:28Z;;2099;302
2026-05-04T10:08:29Z;;2101;304
2026-05-04T10:08:31Z;;2095;298
2026-05-04T10:08:33Z;;2100;303
2026-05-04T10:08:34Z;;2098;301
2026-05-04T10:13:25Z;-1498;;600
2026-05-04T10:13:27Z;-1501;;597
2026-05-04T10:13:30Z;-1499;;599
2026-05-04T10:13:33Z;-1503;;595
2026-05-04T10:13:35Z;-1497;;601
2026-05-04T10:13:38Z;-1503;;595
2026-05-04T10:13:40Z;-1498;;600
2026-05-04T10:13:43Z;-1502;;596
2026-05-04T10:13:46Z;-1497;;601
2026-05-04T10:13:48Z;-1502;;596
2026-05-04T10:13:51Z;-1497;;601
2026-05-04T10:13:54Z;-1500;;598
2026-05-04T10:13:56Z;-1495;;603
2026-05-04T10:13:59Z;-1501;;597
2026-05-04T10:14:02Z;-1495;;603
2026-05-04T10:14:04Z;-1500;;598
2026-05-04T10:14:07Z;-1493;;605
2026-05-04T10:14:10Z;-1500;;598
2026-05-04T10:14:12Z;-1499;;599
2026-05-04T10:14:15Z;-1502;;596
2026-05-04T10:14:17Z;-1496;;602
2026-05-04T10:14:20Z;-1502;;596
2026-05-04T10:14:23Z;-1499;;599
2026-05-04T10:14:25Z;-1503;;595
2026-05-04T10:14:28Z;-1499;;599
2026-05-04T10:14:31Z;-1505;;593
2026-05-04T10:14:33Z;-1493;;605
2026-05-04T10:14:36Z;-1495;;603
2026-05-04T10:15:07Z;-1604;1968;494
2026-05-04T10:16:27Z;;2100;496
2026-05-04T10:16:50Z;-1253;;847
2026-05-04T10:16:52Z;-1766;;334
2026-05-04T10:17:09Z;;1386;-380
2026-05-04T10:17:10Z;;2144;378
2026-05-04T10:18:58Z;;2098;332
2026-05-04T10:19:00Z;;2108;342
2026-05-04T10:19:10Z;;2096;330
2026-05-04T10:19:12Z;;2104;338
2026-05-04T10:19:19Z;;2098;332
2026-05-04T10:19:21Z;;2103;337
2026-05-04T10:19:22Z;;2094;328
2026-05-04T10:19:24Z;;2104;338
2026-05-04T10:19:31Z;;2096;330
2026-05-04T10:19:33Z;;2103;337
2026-05-04T10:19:34Z;;2093;327
2026-05-04T10:19:36Z;;2104;338
2026-05-04T10:19:43Z;;2097;331
2026-05-04T10:19:45Z;;2104;338
2026-05-04T10:19:46Z;;2095;329
2026-05-04T10:19:48Z;;2104;338
2026-05-04T10:19:55Z;;2098;332
2026-05-04T10:19:56Z;;2100;334
2026-05-04T10:19:58Z;;2098;332
2026-05-04T10:20:00Z;;2108;342
2026-05-04T10:20:53Z;-288;;1820
2026-05-04T10:20:55Z;-835;;1273
2026-05-04T10:22:16Z;-901;;1207
2026-05-04T10:22:18Z;-899;;1209
2026-05-04T10:22:21Z;-901;;1207
2026-05-04T10:22:48Z;;2408;1507
2026-05-04T10:23:02Z;-1205;;1203
2026-05-04T10:23:11Z;-1189;;1219
2026-05-04T10:23:21Z;-1218;;1190
2026-05-04T10:23:28Z;;2717;1499
2026-05-04T10:23:41Z;-1510;;1207
2026-05-04T10:23:52Z;;3040;1530
2026-05-04T10:23:58Z;-1827;;1213
2026-05-04T10:24:00Z;;3318;1491
2026-05-04T10:24:03Z;;3286;1459
2026-05-04T10:24:07Z;-1773;;1513
2026-05-04T10:24:10Z;-1766;;1520
2026-05-04T10:24:13Z;;3326;1560
2026-05-04T10:24:25Z;;3290;1524
2026-05-04T10:24:29Z;-1796;;1494
2026-05-04T10:24:38Z;-1807;;1483
2026-05-04T10:24:42Z;;3303;1496
2026-05-04T10:24:47Z;;3289;1482
2026-05-04T10:24:52Z;;3301;1494
2026-05-04T10:25:01Z;;3295;1488
2026-05-04T10:25:02Z;-1796;;1499
2026-05-04T10:25:06Z;-1806;;1489
2026-05-04T10:25:08Z;;3310;1504
2026-05-04T10:25:18Z;-1784;3262;1526
2026-05-04T10:25:33Z;;3306;1522
2026-05-04T10:25:34Z;-1835;;1471
2026-05-04T10:25:40Z;-2105;;1201
2026-05-04T10:25:42Z;-2051;;1255
2026-05-04T10:25:58Z;;3286;1235
2026-05-04T10:26:00Z;-1737;;1549
2026-05-04T10:26:09Z;;2983;1246
2026-05-04T10:26:11Z;-1494;;1489
2026-05-04T10:26:19Z;-1507;;1476
2026-05-04T10:26:21Z;;3019;1512
2026-05-04T10:26:28Z;;2983;1476
2026-05-04T10:26:30Z;-1464;;1519
2026-05-04T10:26:34Z;-1528;;1455
2026-05-04T10:26:39Z;-1499;;1484
2026-05-04T10:26:45Z;-2353;;630
2026-05-04T10:26:49Z;-2399;;584
2026-05-04T10:26:52Z;;3001;602
2026-05-04T10:26:53Z;;2999;600
2026-05-04T10:26:57Z;;3019;620
2026-05-04T10:27:27Z;;2996;597
2026-05-04T10:27:28Z;;3006;607
2026-05-04T10:27:31Z;;2996;597
2026-05-04T10:27:36Z;-2395;;601
2026-05-04T10:27:51Z;;2686;291
2026-05-04T10:28:00Z;-2090;;596
2026-05-04T10:28:11Z;-2146;;540
2026-05-04T10:28:37Z;-2094;;592
2026-05-04T10:28:39Z;-2141;;545
2026-05-04T10:28:42Z;-1012;;1674
2026-05-04T10:28:44Z;-1221;;1465
2026-05-04T10:28:47Z;-1193;;1493
2026-05-04T10:28:56Z;-1204;;1482
2026-05-04T10:28:58Z;-1195;;1491
2026-05-04T10:29:01Z;-1208;;1478
2026-05-04T10:29:04Z;-1181;;1505
2026-05-04T10:29:06Z;-1213;;1473
2026-05-04T10:29:21Z;;2709;1496
2026-05-04T10:30:07Z;-1331;2750;1378
2026-05-04T10:30:11Z;;2699;1368
2026-05-04T10:30:24Z;;2390;1059
2026-05-04T10:30:25Z;;2651;1320
2026-05-04T10:30:26Z;;2226;895
2026-05-04T10:30:27Z;;2665;1334
2026-05-04T10:30:40Z;-1196;;1469
2026-05-04T10:31:42Z;;2342;1146
2026-05-04T10:31:43Z;;2454;1258
2026-05-04T10:32:05Z;;2398;1202
2026-05-04T10:33:53Z;;2400;1204
2026-05-04T10:34:42Z;-1200;;1200
2026-05-04T10:35:10Z;-2201;;199
2026-05-04T10:35:30Z;;2711;510
2026-05-04T10:35:37Z;-2403;;308
2026-05-04T10:37:02Z;;3014;611
2026-05-04T10:37:20Z;-2706;;308
2026-05-04T10:37:31Z;-2699;;315
2026-05-04T10:37:33Z;-2718;;296
2026-05-04T10:37:36Z;-2697;;317
2026-05-04T10:37:51Z;-2702;;312
2026-05-04T10:38:02Z;;3314;612
2026-05-04T10:38:45Z;-3002;;312
2026-05-04T10:38:48Z;;3605;603
2026-05-04T10:39:20Z;;3598;596
2026-05-04T10:39:23Z;-2989;;609
2026-05-04T10:39:33Z;-3024;3618;594
2026-05-04T10:39:48Z;;3591;567
2026-05-04T10:39:50Z;-2980;;611
2026-05-04T10:40:07Z;;3281;301
2026-05-04T10:40:08Z;-2690;;591
2026-05-04T10:41:29Z;-2728;;553
2026-05-04T10:41:37Z;;3346;618
2026-05-04T10:41:40Z;-2952;;394
2026-05-04T10:41:42Z;;3689;737
2026-05-04T10:42:14Z;;3590;638
2026-05-04T10:42:20Z;-2991;;599
2026-05-04T10:42:22Z;-3000;;590
2026-05-04T10:42:24Z;;3627;627
2026-05-04T10:42:27Z;;3567;567
2026-05-04T10:42:28Z;-2894;;673
2026-05-04T10:42:41Z;-2698;;869
2026-05-04T10:42:43Z;-2717;;850
2026-05-04T10:43:04Z;-2665;3291;902
2026-05-04T10:44:24Z;-2700;;591
2026-05-04T10:44:26Z;-2687;;604
2026-05-04T10:44:29Z;-2704;;587
2026-05-04T10:44:35Z;-2679;;612
2026-05-04T10:44:57Z;;2997;318
2026-05-04T10:45:07Z;-2512;2964;485
2026-05-04T10:45:16Z;;3007;495
2026-05-04T10:45:26Z;;2992;480
2026-05-04T10:45:43Z;-2390;;602
2026-05-04T10:46:12Z;;2697;307
2026-05-04T10:46:14Z;;2701;311
2026-05-04T10:46:16Z;;2699;309
2026-05-04T10:46:37Z;;2704;314
2026-05-04T10:47:01Z;-2400;;304
2026-05-04T10:47:03Z;;3003;603
2026-05-04T10:47:08Z;-2707;;296
2026-05-04T10:47:15Z;-2693;;310
2026-05-04T10:47:18Z;-2676;;327
2026-05-04T10:47:25Z;-2695;;308
2026-05-04T10:47:31Z;;2995;300
2026-05-04T10:47:36Z;;3066;371
2026-05-04T10:47:44Z;;2995;300
2026-05-04T10:47:47Z;-2361;;634
2026-05-04T10:47:57Z;;2690;329
2026-05-04T10:48:15Z;-2097;;593
2026-05-04T10:51:46Z;;2095;-2
2026-05-04T10:51:47Z;;2477;380
2026-05-04T10:52:25Z;-2105;;372
2026-05-04T10:52:27Z;-2099;;378
2026-05-04T10:52:30Z;-2112;;365
2026-05-04T10:52:58Z;;2708;596
2026-05-04T10:53:11Z;-2406;;302
2026-05-04T10:53:18Z;;3019;613
2026-05-04T10:53:23Z;;2996;590
2026-05-04T10:53:28Z;;3015;609
2026-05-04T10:53:35Z;-2716;;299
2026-05-04T10:53:40Z;;3320;604
2026-05-04T10:53:44Z;-3056;;264
2026-05-04T10:53:46Z;;3603;547
2026-05-04T10:54:07Z;;3590;534
2026-05-04T10:54:21Z;;3618;562
2026-05-04T10:54:31Z;;3592;536
2026-05-04T10:54:46Z;-2969;;623
2026-05-04T10:54:54Z;;3288;319
2026-05-04T10:55:06Z;;3337;368
2026-05-04T10:55:10Z;;3271;302
2026-05-04T10:55:13Z;-2689;;582
2026-05-04T10:55:47Z;-2687;;584
2026-05-04T10:55:53Z;;3319;632
2026-05-04T10:56:06Z;;3296;609
2026-05-04T10:56:09Z;;3300;613
2026-05-04T10:56:16Z;-3032;;268
2026-05-04T10:56:22Z;;3608;576
2026-05-04T10:56:27Z;-3317;;291
2026-05-04T10:56:33Z;;3936;619
2026-05-04T10:56:36Z;-3651;;285
2026-05-04T10:56:39Z;-3925;4269;11
2026-05-04T10:56:41Z;;4525;600
2026-05-04T10:56:55Z;;4492;567
2026-05-04T10:56:59Z;-3870;;622
2026-05-04T10:57:06Z;-3917;;575
2026-05-04T10:57:12Z;-3886;;606
2026-05-04T10:57:14Z;;4169;283
2026-05-04T10:57:18Z;;4292;406
2026-05-04T10:57:35Z;;4193;307
2026-05-04T10:57:36Z;;4215;329
2026-05-04T10:57:46Z;-3923;;292
2026-05-04T10:57:50Z;-3893;;322
2026-05-04T10:57:53Z;-3918;;297
2026-05-04T10:57:58Z;;4540;622
2026-05-04T10:58:02Z;-4203;;337
2026-05-04T10:58:04Z;;4801;598
2026-05-04T10:58:30Z;-4516;;285
2026-05-04T10:59:07Z;-4482;;319
2026-05-04T10:59:09Z;-4530;;271
2026-05-04T10:59:18Z;;5102;572
2026-05-04T10:59:32Z;;5086;556
2026-05-04T10:59:45Z;-4449;;637
2026-05-04T11:00:07Z;-4449;4933;637
2026-05-04T11:00:08Z;-4507;;426
2026-05-04T11:00:11Z;-4487;;446
2026-05-04T11:00:13Z;-4507;;426
2026-05-04T11:00:17Z;-4498;;435
2026-05-04T11:00:19Z;-4502;;431
2026-05-04T11:00:25Z;-4458;;475
2026-05-04T11:00:30Z;;4777;319
2026-05-04T11:00:32Z;-4189;;588
2026-05-04T11:00:36Z;;4459;270
2026-05-04T11:00:39Z;-3881;;578
2026-05-04T11:00:42Z;;4191;310
2026-05-04T11:00:44Z;-3629;;562
2026-05-04T11:00:54Z;;3898;269
2026-05-04T11:00:57Z;-3285;3902;613
2026-05-04T11:00:59Z;-3381;;521
2026-05-04T11:01:06Z;-3600;;302
2026-05-04T11:01:08Z;-3569;;333
2026-05-04T11:01:47Z;;3851;282
2026-05-04T11:01:49Z;-3237;;614
2026-05-04T11:01:57Z;;3593;356
2026-05-04T11:02:00Z;-2910;;683
2026-05-04T11:02:30Z;;3291;381
2026-05-04T11:02:46Z;;3304;394
2026-05-04T11:02:55Z;;3298;388
2026-05-04T11:03:51Z;-3000;;298
2026-05-04T11:03:57Z;;3603;603
2026-05-04T11:03:59Z;;3586;586
2026-05-04T11:04:06Z;-3004;;582
2026-05-04T11:04:11Z;-3055;;531
2026-05-04T11:04:31Z;;3601;546
2026-05-04T11:05:02Z;-3390;;211
2026-05-04T11:05:15Z;-3283;;318
2026-05-04T11:05:23Z;;3595;312
2026-05-04T11:05:24Z;-2994;;601
2026-05-04T11:05:26Z;-3007;3608;614
2026-05-04T11:05:43Z;;3598;591
2026-05-04T11:05:44Z;-2985;;613
2026-05-04T11:05:49Z;;3602;617
2026-05-04T11:05:50Z;-3003;;599
2026-05-04T11:05:55Z;-2999;3595;603
2026-05-04T11:06:05Z;-3023;;572
2026-05-04T11:06:13Z;-2997;;598
2026-05-04T11:06:22Z;;3296;299
2026-05-04T11:06:34Z;-2632;;664
2026-05-04T11:06:44Z;-2775;;521
2026-05-04T11:06:51Z;-2698;;598
2026-05-04T11:07:09Z;;2987;289
2026-05-04T11:08:16Z;-2397;;590
2026-05-04T11:08:21Z;-2400;;587
2026-05-04T11:08:23Z;-2395;;592
2026-05-04T11:08:33Z;-2405;;582
2026-05-04T11:08:39Z;-2402;;585
2026-05-04T11:08:43Z;-2400;;587
2026-05-04T11:08:49Z;-2436;;551
2026-05-04T11:08:55Z;-2438;;549
2026-05-04T11:10:02Z;;3000;562
2026-05-04T11:10:18Z;-2701;;299
2026-05-04T11:10:42Z;;3309;608
2026-05-04T11:10:46Z;-3017;;292
2026-05-04T11:11:04Z;-3249;3660;411
2026-05-04T11:11:10Z;-3281;;379
2026-05-04T11:11:14Z;-3327;;333
2026-05-04T11:11:24Z;-3287;;373
2026-05-04T11:11:28Z;-3309;;351
2026-05-04T11:11:32Z;;3903;594
2026-05-04T11:11:37Z;-3605;;298
2026-05-04T11:12:17Z;;4220;615
2026-05-04T11:12:20Z;-3903;;317
2026-05-04T11:12:22Z;-3897;;323
2026-05-04T11:12:24Z;;4190;293
2026-05-04T11:12:26Z;;4213;316
2026-05-04T11:12:29Z;-3909;;304
2026-05-04T11:12:32Z;-3880;;333
2026-05-04T11:12:37Z;-3906;;307
2026-05-04T11:12:40Z;-3920;;293
2026-05-04T11:12:46Z;-3912;;301
2026-05-04T11:12:48Z;-3889;;324
2026-05-04T11:12:54Z;-3918;;295
2026-05-04T11:12:58Z;-3887;;326
2026-05-04T11:13:34Z;-3922;;291
2026-05-04T11:13:38Z;-3891;;322
2026-05-04T11:13:46Z;;4192;301
2026-05-04T11:13:57Z;;4220;329
2026-05-04T11:14:03Z;-3916;;304
2026-05-04T11:14:05Z;-3879;;341
2026-05-04T11:14:08Z;-3937;;283
2026-05-04T11:14:21Z;-3898;;322
2026-05-04T11:14:48Z;;4196;298
2026-05-04T11:14:53Z;;4204;306
2026-05-04T11:15:00Z;;4199;301
2026-05-04T11:15:07Z;-3699;4188;500
2026-05-04T11:15:09Z;;4200;501
2026-05-04T11:15:16Z;;4192;493
2026-05-04T11:15:23Z;;4208;509
2026-05-04T11:15:36Z;;4193;494
2026-05-04T11:16:05Z;;4203;504
2026-05-04T11:16:14Z;-3560;;643
2026-05-04T11:16:17Z;;4197;637
2026-05-04T11:16:18Z;;4207;647
2026-05-04T11:16:19Z;;4198;638
2026-05-04T11:16:20Z;;4204;644
2026-05-04T11:16:22Z;-3531;;673
2026-05-04T11:16:24Z;;4198;667
2026-05-04T11:16:49Z;-3596;;602
2026-05-04T11:16:52Z;-3604;;594
2026-05-04T11:16:54Z;-3572;;626
2026-05-04T11:17:11Z;-3602;;596
2026-05-04T11:17:21Z;-3574;;624
2026-05-04T11:18:17Z;-3296;;902
2026-05-04T11:18:19Z;-3443;;755
2026-05-04T11:18:20Z;;3893;450
2026-05-04T11:18:55Z;-3294;;599
2026-05-04T11:19:13Z;;3587;293
2026-05-04T11:19:16Z;;3614;320
2026-05-04T11:19:30Z;;3599;305
2026-05-04T11:19:31Z;;3600;306
2026-05-04T11:19:42Z;;3590;296
2026-05-04T11:20:08Z;-2931;;659
2026-05-04T11:20:14Z;-3081;;509
2026-05-04T11:20:45Z;-2997;;593
2026-05-04T11:21:25Z;-3000;;590
2026-05-04T11:21:47Z;;3604;604
2026-05-04T11:22:53Z;;3593;593
2026-05-04T11:23:51Z;-2996;;597
2026-05-04T11:25:04Z;;3298;302
2026-05-04T11:25:05Z;;3301;305
2026-05-04T11:25:13Z;;3293;297
2026-05-04T11:25:34Z;-2694;;599
2026-05-04T11:25:36Z;-2711;;582
2026-05-04T11:26:45Z;-2694;;599
2026-05-04T11:27:20Z;;2994;300
2026-05-04T11:27:43Z;-2410;;584
2026-05-04T11:28:12Z;;2698;288
2026-05-04T11:28:13Z;;2700;290
2026-05-04T11:28:14Z;;2696;286
2026-05-04T11:28:43Z;-2099;;597
2026-05-04T11:28:45Z;-2100;;596
2026-05-04T11:28:48Z;-2099;;597
2026-05-04T11:29:13Z;;2391;292
2026-05-04T11:29:45Z;-1794;;597
2026-05-04T11:30:07Z;-1714;2138;677
2026-05-04T11:30:16Z;;2097;383
2026-05-04T11:30:17Z;;2101;387
2026-05-04T11:30:18Z;;2099;385
2026-05-04T11:30:46Z;-1411;;688
2026-05-04T11:30:51Z;-1607;;492
2026-05-04T11:32:12Z;-1496;;603
2026-05-04T11:35:49Z;;1791;295
2026-05-04T11:36:21Z;;1805;309
2026-05-04T11:37:13Z;-855;;950
2026-05-04T11:37:15Z;-1318;;487
2026-05-04T11:38:55Z;;1786;468
2026-05-04T11:38:57Z;;1804;486
2026-05-04T11:42:13Z;-1197;;607
2026-05-04T11:42:15Z;-1244;;560
2026-05-04T11:45:07Z;-1368;1898;436
2026-05-04T11:47:18Z;-1130;1004;768
2026-05-04T11:47:20Z;-1354;1851;721
2026-05-04T11:48:48Z;;1799;445
2026-05-04T11:48:49Z;;1800;446
2026-05-04T11:48:58Z;;1798;444
2026-05-04T11:48:59Z;;1804;450
2026-05-04T11:49:00Z;;1795;441
2026-05-04T11:49:02Z;;1802;448
2026-05-04T11:49:06Z;;1798;444
2026-05-04T11:49:07Z;;1800;446
2026-05-04T11:49:08Z;;1799;445
2026-05-04T11:52:34Z;-1195;;604
2026-05-04T11:52:36Z;-1231;;568
2026-05-04T11:53:11Z;-1179;;620
2026-05-04T11:53:19Z;-1209;;590
2026-05-04T11:53:21Z;-1192;;607
2026-05-04T11:53:27Z;-1227;;572
2026-05-04T11:53:30Z;-1196;;603
2026-05-04T11:53:32Z;-1220;;579
2026-05-04T11:53:43Z;-1193;;606
2026-05-04T11:53:45Z;-1211;;588
2026-05-04T11:53:48Z;-1198;;601
2026-05-04T11:53:51Z;-1217;;582
2026-05-04T11:53:53Z;-1194;;605
2026-05-04T11:53:56Z;-1216;;583
2026-05-04T11:53:58Z;-1186;;613
2026-05-04T11:54:01Z;-1208;;591
2026-05-04T11:54:05Z;-1211;;588
2026-05-04T11:54:07Z;-1205;;594
2026-05-04T11:54:10Z;-1199;;600
2026-05-04T11:54:13Z;-1204;;595
2026-05-04T11:54:15Z;-1199;;600
2026-05-04T11:54:18Z;-1200;;599
2026-05-04T11:54:20Z;-1180;;619
2026-05-04T11:54:23Z;-1211;;588
2026-05-04T11:54:26Z;-1190;;609
2026-05-04T11:54:36Z;-1202;;597
2026-05-04T11:54:38Z;-1180;;619
2026-05-04T11:54:41Z;-1219;;580
2026-05-04T11:54:48Z;-1198;;601
2026-05-04T11:54:50Z;-1200;;599
2026-05-04T11:54:53Z;-1184;;615
2026-05-04T11:54:56Z;-1203;;596
2026-05-04T11:55:00Z;-1196;;603
2026-05-04T11:55:02Z;-1210;;589
2026-05-04T11:55:12Z;-1199;;600
2026-05-04T11:55:14Z;-1202;;597
2026-05-04T11:55:17Z;-1197;;602
2026-05-04T11:56:52Z;-1226;;573
2026-05-04T11:57:20Z;;1449;223
2026-05-04T11:57:21Z;;1677;451
2026-05-04T11:57:22Z;;1473;247
2026-05-04T11:57:23Z;;1689;463
2026-05-04T11:57:37Z;;1266;40
2026-05-04T11:57:38Z;;1677;451
2026-05-04T11:57:39Z;;1312;86
2026-05-04T11:57:40Z;;1689;463
2026-05-04T12:00:07Z;-1306;1707;401
2026-05-04T12:07:26Z;-1273;;434
2026-05-04T12:07:28Z;-1278;;429
2026-05-04T12:07:45Z;-897;;810
2026-05-04T12:07:47Z;-1273;;434
2026-05-04T12:15:07Z;-1271;1669;436
2026-05-04T12:17:30Z;-1144;1236;525
2026-05-04T12:17:31Z;;1683;539
2026-05-04T12:17:34Z;-1292;;391
2026-05-04T12:17:54Z;-1148;;535
2026-05-04T12:17:56Z;-1280;1205;57
2026-05-04T12:17:57Z;;1694;414
2026-05-04T12:26:58Z;;1801;521
2026-05-04T12:27:02Z;;1797;517
2026-05-04T12:27:05Z;;1805;525
2026-05-04T12:27:15Z;;1798;518
2026-05-04T12:27:16Z;;1803;523
2026-05-04T12:27:32Z;;1795;515
2026-05-04T12:27:34Z;;1812;532
2026-05-04T12:28:23Z;;1418;138
2026-05-04T12:28:24Z;;1814;534
2026-05-04T12:28:25Z;;1547;267
2026-05-04T12:28:26Z;;1826;546
2026-05-04T12:30:07Z;-1387;1848;439
2026-05-04T12:37:37Z;-1382;;466
2026-05-04T12:37:39Z;-1395;;453
2026-05-04T12:40:46Z;-1507;;341
2026-05-04T12:40:48Z;-1498;;350
2026-05-04T12:40:51Z;-1521;;327
2026-05-04T12:40:54Z;-1497;;351
2026-05-04T12:40:56Z;-1502;;346
2026-05-04T12:40:59Z;-1499;;349
2026-05-04T12:41:01Z;-1500;;348
2026-05-04T12:41:04Z;-1483;;365
2026-05-04T12:41:16Z;-1487;;361
2026-05-04T12:41:20Z;-1498;;350
2026-05-04T12:41:24Z;-1499;;349
2026-05-04T12:41:26Z;-1502;;346
2026-05-04T12:41:32Z;-1512;;336
2026-05-04T12:41:34Z;-1495;;353
2026-05-04T12:41:37Z;-1488;;360
2026-05-04T12:41:45Z;-1499;;349
2026-05-04T12:41:47Z;-1500;;348
2026-05-04T12:45:07Z;-1692;2086;156
2026-05-04T12:45:17Z;;2100;408
2026-05-04T12:45:21Z;;2099;407
2026-05-04T12:45:23Z;;2101;409
2026-05-04T12:46:38Z;-1800;;301
2026-05-04T12:46:40Z;-1798;;303
2026-05-04T12:46:43Z;-1802;;299
2026-05-04T12:46:46Z;-1795;;306
2026-05-04T12:46:48Z;-1801;;300
2026-05-04T12:47:43Z;-1417;;684
2026-05-04T12:47:45Z;-1855;;246
2026-05-04T12:47:48Z;-1657;;444
2026-05-04T12:47:51Z;-1872;;229
2026-05-04T12:48:32Z;-1430;;671
2026-05-04T12:48:34Z;-1878;;223
2026-05-04T12:49:12Z;;2400;522
2026-05-04T12:49:13Z;;2393;515
2026-05-04T12:49:15Z;;2407;529
2026-05-04T12:49:44Z;-2106;;301
2026-05-04T12:49:46Z;-2086;;321
2026-05-04T12:49:52Z;-2116;;291
2026-05-04T12:49:54Z;-2091;;316
2026-05-04T12:49:58Z;-2101;;306
2026-05-04T12:51:09Z;;2709;608
2026-05-04T12:51:20Z;-2408;;301
2026-05-04T12:51:22Z;-2396;;313
2026-05-04T12:51:25Z;-2411;;298
2026-05-04T12:52:06Z;;3003;592
2026-05-04T12:52:24Z;-2704;;299
2026-05-04T12:53:02Z;;3304;600
2026-05-04T12:53:25Z;-3009;;295
2026-05-04T12:54:47Z;;3601;592
2026-05-04T12:55:47Z;-3309;;292
2026-05-04T12:56:32Z;-3297;;304
2026-05-04T12:57:04Z;;3584;287
2026-05-04T12:57:12Z;-2966;;618
2026-05-04T12:57:15Z;;3273;307
2026-05-04T12:57:51Z;-2698;;575
2026-05-04T12:57:53Z;-2715;;558
2026-05-04T12:58:53Z;-2704;;569
2026-05-04T12:59:22Z;;2999;295
2026-05-04T12:59:23Z;;3005;301
2026-05-04T12:59:24Z;;2996;292
2026-05-04T13:00:07Z;-2443;2848;405
2026-05-04T13:01:20Z;-2394;;454
2026-05-04T13:01:42Z;-2413;;435
2026-05-04T13:02:53Z;-2390;;458
2026-05-04T13:03:29Z;;2696;306
2026-05-04T13:04:34Z;;2704;314
2026-05-04T13:04:35Z;;2698;308
2026-05-04T13:04:36Z;;2703;313
2026-05-04T13:05:31Z;-2446;;257
2026-05-04T13:05:37Z;-2393;;310
2026-05-04T13:05:40Z;-2401;;302
2026-05-04T13:05:42Z;-2395;;308
2026-05-04T13:06:25Z;;2686;291
2026-05-04T13:07:39Z;;2395;0
2026-05-04T13:07:40Z;;2519;124
2026-05-04T13:07:41Z;-1465;1895;1054
2026-05-04T13:07:43Z;-2137;;-242
2026-05-04T13:08:02Z;-2069;;-174
2026-05-04T13:08:46Z;;2396;327
2026-05-04T13:10:00Z;-1798;;598
2026-05-04T13:10:02Z;-1805;;591
2026-05-04T13:10:05Z;-1799;;597
2026-05-04T13:10:08Z;-1801;;595
2026-05-04T13:10:10Z;-1795;;601
2026-05-04T13:10:13Z;-1800;;596
2026-05-04T13:10:15Z;-1797;;599
2026-05-04T13:10:49Z;-1801;;595
2026-05-04T13:10:51Z;-1798;;598
2026-05-04T13:10:54Z;-1801;;595
2026-05-04T13:10:57Z;-1796;;600
2026-05-04T13:10:59Z;-1802;;594
2026-05-04T13:11:02Z;-1795;;601
2026-05-04T13:11:05Z;-1799;;597
2026-05-04T13:12:54Z;;2404;605
2026-05-04T13:14:38Z;-2137;;267
2026-05-04T13:14:40Z;-2069;;335
2026-05-04T13:14:57Z;-2118;;286
2026-05-04T13:14:59Z;-2086;;318
2026-05-04T13:15:06Z;-2111;;293
2026-05-04T13:15:07Z;;2545;434
2026-05-04T13:15:09Z;-2096;;449
2026-05-04T13:15:10Z;-2080;;465
2026-05-04T13:15:27Z;-2100;;445
2026-05-04T13:15:29Z;-2088;;457
2026-05-04T13:15:48Z;-2100;;445
2026-05-04T13:15:50Z;-2098;;447
2026-05-04T13:15:56Z;-2101;;444
2026-05-04T13:17:27Z;;2700;599
2026-05-04T13:17:28Z;;2690;589
2026-05-04T13:17:30Z;;2705;604
2026-05-04T13:17:46Z;;2359;258
2026-05-04T13:17:47Z;;2727;626
2026-05-04T13:19:00Z;-2410;;317
2026-05-04T13:19:03Z;-2391;;336
2026-05-04T13:19:05Z;-1824;2893;502
2026-05-04T13:19:08Z;-2418;;475
2026-05-04T13:19:39Z;;3005;587
2026-05-04T13:20:10Z;-2704;;301
2026-05-04T13:20:12Z;-2697;;308
2026-05-04T13:20:15Z;-2716;;289
2026-05-04T13:20:47Z;;3302;586
2026-05-04T13:21:13Z;-3003;;299
2026-05-04T13:21:45Z;;3601;598
2026-05-04T13:22:36Z;-3308;;293
2026-05-04T13:23:17Z;;3900;592
2026-05-04T13:24:23Z;-3611;;289
2026-05-04T13:25:17Z;-3596;;304
2026-05-04T13:25:41Z;-3601;;299
2026-05-04T13:25:43Z;-3588;;312
2026-05-04T13:26:05Z;;3882;294
2026-05-04T13:26:10Z;-3299;;583
2026-05-04T13:26:24Z;;3597;298
2026-05-04T13:26:34Z;-2991;;606
2026-05-04T13:26:48Z;;3291;300
2026-05-04T13:27:01Z;-2691;;600
2026-05-04T13:27:03Z;-2708;;583
2026-05-04T13:27:06Z;-2652;;639
2026-05-04T13:27:17Z;;2991;339
2026-05-04T13:27:38Z;-2398;;593
2026-05-04T13:27:57Z;;2693;295
2026-05-04T13:28:19Z;-2099;;594
2026-05-04T13:28:47Z;;2399;300
2026-05-04T13:30:07Z;-1815;2247;584
2026-05-04T13:30:13Z;-1799;;448
2026-05-04T13:30:15Z;-1803;;444
2026-05-04T13:30:18Z;-1790;;457
2026-05-04T13:30:21Z;-1802;;445
2026-05-04T13:30:23Z;-1788;;459
2026-05-04T13:33:25Z;-1801;;446
2026-05-04T13:33:27Z;-1793;;454
2026-05-04T13:33:42Z;-1802;;445
2026-05-04T13:33:44Z;-1796;;451
2026-05-04T13:37:10Z;;2089;293
2026-05-04T13:37:12Z;;2105;309
2026-05-04T13:37:21Z;;2051;255
2026-05-04T13:37:24Z;;2104;308
2026-05-04T13:37:27Z;;2087;291
2026-05-04T13:37:28Z;;2103;307
2026-05-04T13:37:40Z;;2099;303
2026-05-04T13:37:41Z;;2103;307
2026-05-04T13:37:42Z;;2099;303
2026-05-04T13:37:44Z;;2102;306
2026-05-04T13:37:51Z;;2098;302
2026-05-04T13:37:53Z;;2102;306
2026-05-04T13:37:54Z;;2098;302
2026-05-04T13:37:56Z;;2102;306
2026-05-04T13:38:00Z;;2099;303
2026-05-04T13:38:02Z;;2102;306
2026-05-04T13:38:03Z;;2098;302
2026-05-04T13:38:05Z;;2102;306
2026-05-04T13:38:06Z;;2097;301
2026-05-04T13:38:08Z;;2101;305
2026-05-04T13:38:09Z;;2099;303
2026-05-04T13:38:10Z;;2100;304
2026-05-04T13:38:20Z;;2103;307
2026-05-04T13:38:22Z;;2099;303
2026-05-04T13:38:23Z;;2103;307
2026-05-04T13:38:30Z;;2099;303
2026-05-04T13:38:32Z;;2103;307
2026-05-04T13:39:06Z;;2097;301
2026-05-04T13:39:08Z;;2100;304
2026-05-04T13:39:09Z;;2098;302
2026-05-04T13:45:07Z;-1630;2019;468
2026-05-04T13:47:16Z;-1157;;862
2026-05-04T13:47:18Z;-1626;;393
2026-05-04T13:47:21Z;-1405;;614
2026-05-04T13:47:24Z;-1648;;371
2026-05-04T13:47:30Z;-1455;;564
2026-05-04T13:47:32Z;-1647;;372
2026-05-04T13:56:53Z;-1498;;521
2026-05-04T13:56:55Z;-1501;;518
2026-05-04T13:56:58Z;-1491;;528
2026-05-04T13:57:01Z;-1500;;519
2026-05-04T13:57:03Z;-1492;;527
2026-05-04T13:57:24Z;-1089;1073;930
2026-05-04T13:57:26Z;-1466;;-393
2026-05-04T13:57:27Z;;1861;395
2026-05-04T13:57:31Z;-1042;;819
2026-05-04T13:57:33Z;-1448;;413
2026-05-04T13:58:44Z;;1797;349
2026-05-04T14:00:07Z;-1388;1751;409
2026-05-04T14:03:34Z;;1800;412
2026-05-04T14:03:36Z;;1799;411
2026-05-04T14:03:38Z;;1800;412
2026-05-04T14:03:44Z;;1799;411
2026-05-04T14:03:45Z;;1800;412
2026-05-04T14:07:28Z;;1266;-122
2026-05-04T14:07:31Z;;1826;438
2026-05-04T14:07:36Z;;1384;-4
2026-05-04T14:07:37Z;-1402;1817;-18
2026-05-04T14:07:38Z;;1402;0
2026-05-04T14:07:39Z;;1839;437
2026-05-04T14:07:40Z;-1418;;421
2026-05-04T14:10:16Z;-1500;;339
2026-05-04T14:10:18Z;-1479;;360
2026-05-04T14:10:25Z;-1500;;339
2026-05-04T14:10:27Z;-1498;;341
2026-05-04T14:10:31Z;-1477;;362
2026-05-04T14:10:33Z;-1507;;332
2026-05-04T14:10:36Z;-1503;;336
2026-05-04T14:10:39Z;-1490;;349
2026-05-04T14:10:41Z;-1505;;334
2026-05-04T14:10:44Z;-1489;;350
2026-05-04T14:10:47Z;-1509;;330
2026-05-04T14:10:54Z;-1495;;344
2026-05-04T14:10:56Z;-1504;;335
2026-05-04T14:11:06Z;-1498;;341
2026-05-04T14:11:08Z;-1503;;336
2026-05-04T14:11:49Z;-1493;;346
2026-05-04T14:11:51Z;-1511;;328
2026-05-04T14:11:56Z;-1494;;345
2026-05-04T14:11:58Z;-1502;;337
2026-05-04T14:12:01Z;-1495;;344
2026-05-04T14:12:04Z;-1512;;327
2026-05-04T14:12:06Z;-1492;;347
2026-05-04T14:12:09Z;-1508;;331
2026-05-04T14:12:12Z;-1498;;341
2026-05-04T14:12:14Z;-1518;;321
2026-05-04T14:13:06Z;-1494;;345
2026-05-04T14:13:08Z;-1517;;322
2026-05-04T14:13:18Z;-1496;;343
2026-05-04T14:13:20Z;-1504;;335
2026-05-04T14:13:30Z;-1493;;346
2026-05-04T14:13:32Z;-1509;;330
2026-05-04T14:13:42Z;-1492;;347
2026-05-04T14:13:44Z;-1503;;336
2026-05-04T14:13:47Z;-1498;;341
2026-05-04T14:13:50Z;-1505;;334
2026-05-04T14:13:54Z;-1486;;353
2026-05-04T14:13:56Z;-1504;;335
2026-05-04T14:14:04Z;-1499;;340
2026-05-04T14:14:06Z;-1504;;335
2026-05-04T14:14:09Z;-1495;;344
2026-05-04T14:14:12Z;-1502;;337
2026-05-04T14:14:14Z;-1499;;340
2026-05-04T14:14:17Z;-1501;;338
2026-05-04T14:14:20Z;-1497;;342
2026-05-04T14:14:22Z;-1501;;338
2026-05-04T14:14:26Z;-1498;;341
2026-05-04T14:14:28Z;-1500;;339
2026-05-04T14:14:42Z;-1498;;341
2026-05-04T14:14:44Z;-1503;;336
2026-05-04T14:14:54Z;-1497;;342
2026-05-04T14:14:56Z;-1507;;332
2026-05-04T14:15:06Z;-1498;;341
2026-05-04T14:15:09Z;-1505;;334
2026-05-04T14:15:10Z;-1502;;337
2026-05-04T14:17:29Z;-1431;;408
2026-05-04T14:17:31Z;-1539;;300
2026-05-04T14:17:34Z;-370;;1469
2026-05-04T14:17:37Z;-1560;;279
2026-05-04T14:19:27Z;;2102;542
2026-05-04T14:19:29Z;;2096;536
2026-05-04T14:19:31Z;;2107;547
2026-05-04T14:20:25Z;-1801;;306
2026-05-04T14:20:54Z;;2412;611
2026-05-04T14:21:05Z;;2395;594
2026-05-04T14:21:18Z;;2405;604
2026-05-04T14:21:22Z;;2393;592
2026-05-04T14:21:47Z;;2411;610
2026-05-04T14:21:58Z;;2399;598
2026-05-04T14:22:21Z;;2413;612
2026-05-04T14:22:39Z;;2396;595
2026-05-04T14:23:03Z;;2409;608
2026-05-04T14:23:10Z;;2398;597
2026-05-04T14:24:32Z;;2406;605
2026-05-04T14:24:34Z;-2071;;335
2026-05-04T14:24:41Z;;2709;638
2026-05-04T14:24:48Z;-2412;;297
2026-05-04T14:25:05Z;-2353;;356
2026-05-04T14:25:07Z;;2682;329
2026-05-04T14:25:12Z;;2701;348
2026-05-04T14:25:13Z;;2682;329
2026-05-04T14:25:18Z;-2072;;610
2026-05-04T14:25:19Z;;2388;316
2026-05-04T14:25:35Z;;2400;328
2026-05-04T14:25:36Z;;2399;327
2026-05-04T14:25:47Z;-1792;;607
2026-05-04T14:25:55Z;;2095;303
2026-05-04T14:26:18Z;;2100;308
2026-05-04T14:26:19Z;;2096;304
2026-05-04T14:26:21Z;;2106;314
2026-05-04T14:26:32Z;;2096;304
2026-05-04T14:27:25Z;;2101;309
2026-05-04T14:27:33Z;-1809;;292
2026-05-04T14:27:35Z;;1966;157
2026-05-04T14:27:36Z;;2180;371
2026-05-04T14:27:37Z;-1343;994;-349
2026-05-04T14:27:39Z;-1862;;-868
2026-05-04T14:27:44Z;-1593;;-599
2026-05-04T14:27:46Z;-1962;;-968
2026-05-04T14:27:49Z;-1111;;-117
2026-05-04T14:27:52Z;-1994;2404;410
2026-05-04T14:27:54Z;-2122;;282
2026-05-04T14:28:03Z;-2095;;309
2026-05-04T14:28:10Z;-1799;;605
2026-05-04T14:28:15Z;;2094;295
2026-05-04T14:29:42Z;;2103;304
2026-05-04T14:29:49Z;-1799;;304
2026-05-04T14:30:07Z;-1908;;195
2026-05-04T14:30:09Z;;2255;347
2026-05-04T14:30:33Z;;2404;496
2026-05-04T14:30:36Z;-2103;;301
2026-05-04T14:30:42Z;-2090;;314
2026-05-04T14:30:45Z;;2389;299
2026-05-04T14:30:50Z;;2400;310
2026-05-04T14:30:53Z;-2109;;291
2026-05-04T14:31:33Z;-2087;;313
2026-05-04T14:31:35Z;-2175;;225
2026-05-04T14:31:44Z;;2719;544
2026-05-04T14:31:49Z;-2403;;316
2026-05-04T14:32:00Z;;3018;615
2026-05-04T14:32:03Z;-2704;;314
2026-05-04T14:32:13Z;-2693;;325
2026-05-04T14:32:15Z;-2700;;318
2026-05-04T14:32:18Z;-2674;;344
2026-05-04T14:32:20Z;;2986;312
2026-05-04T14:32:35Z;-2358;;628
2026-05-04T14:32:40Z;-2078;;908
2026-05-04T14:32:42Z;;2364;286
2026-05-04T14:32:48Z;-1797;;567
2026-05-04T14:32:50Z;-1804;;560
2026-05-04T14:32:52Z;;2095;291
2026-05-04T14:32:53Z;-1788;2123;307
2026-05-04T14:33:11Z;-1795;;328
2026-05-04T14:33:50Z;-1790;;333
2026-05-04T14:33:59Z;;2099;309
2026-05-04T14:34:11Z;;2100;310
2026-05-04T14:34:13Z;;2092;302
2026-05-04T14:35:38Z;-1494;;598
2026-05-04T14:36:13Z;;1797;303
2026-05-04T14:37:41Z;;1483;-11
2026-05-04T14:37:42Z;;1655;161
2026-05-04T14:37:59Z;;1148;-346
2026-05-04T14:38:00Z;;1649;155
2026-05-04T14:40:23Z;-1195;;454
2026-05-04T14:40:51Z;;1499;304
2026-05-04T14:40:52Z;;1500;305
2026-05-04T14:40:55Z;;1498;303
2026-05-04T14:44:44Z;-876;;622
2026-05-04T14:44:47Z;-910;;588
2026-05-04T14:44:56Z;-897;;601
2026-05-04T14:45:02Z;-901;;597
2026-05-04T14:45:04Z;-891;;607
2026-05-04T14:45:07Z;-901;;597
2026-05-04T14:45:09Z;;1336;435
2026-05-04T14:45:25Z;-903;;433
2026-05-04T14:45:27Z;-886;;450
2026-05-04T14:48:06Z;;955;69
2026-05-04T14:48:07Z;;1275;389
2026-05-04T14:57:56Z;-145;;1130
2026-05-04T14:57:58Z;-838;;437
2026-05-04T15:00:07Z;-849;;426
2026-05-04T15:00:11Z;;1268;419
2026-05-04T15:03:59Z;-902;;366
2026-05-04T15:04:01Z;-899;;369
2026-05-04T15:04:04Z;-901;;367
2026-05-04T15:04:07Z;-897;;371
2026-05-04T15:04:11Z;-901;;367
2026-05-04T15:04:13Z;-897;;371
2026-05-04T15:04:16Z;-902;;366
2026-05-04T15:04:19Z;-899;;369
2026-05-04T15:04:21Z;-901;;367
2026-05-04T15:04:31Z;-898;;370
2026-05-04T15:04:33Z;-906;;362
2026-05-04T15:04:43Z;-895;;373
2026-05-04T15:04:45Z;-904;;364
2026-05-04T15:04:54Z;-898;;370
2026-05-04T15:04:56Z;-900;;368
2026-05-04T15:04:59Z;-898;;370
2026-05-04T15:05:02Z;-904;;364
2026-05-04T15:05:06Z;-899;;369
2026-05-04T15:05:09Z;-903;;365
2026-05-04T15:05:18Z;-896;;372
2026-05-04T15:05:21Z;-904;;364
2026-05-04T15:05:23Z;-898;;370
2026-05-04T15:05:26Z;-899;;369
2026-05-04T15:05:29Z;-905;;363
2026-05-04T15:05:31Z;-899;;369
2026-05-04T15:05:34Z;-901;;367
2026-05-04T15:05:37Z;-903;;365
2026-05-04T15:05:39Z;-899;;369
2026-05-04T15:05:42Z;-900;;368
2026-05-04T15:05:45Z;-896;;372
2026-05-04T15:07:59Z;-566;;702
2026-05-04T15:08:01Z;;952;386
2026-05-04T15:08:02Z;-815;1275;137
2026-05-04T15:08:17Z;-497;;778
2026-05-04T15:08:19Z;-813;;462
2026-05-04T15:08:22Z;-414;;861
2026-05-04T15:08:25Z;-829;;446
2026-05-04T15:15:07Z;-889;1238;386
2026-05-04T15:15:22Z;-912;;326
2026-05-04T15:15:24Z;-895;;343
2026-05-04T15:15:27Z;-900;;338
2026-05-04T15:15:31Z;-897;;341
2026-05-04T15:15:32Z;-900;;338
2026-05-04T15:15:35Z;-889;;349
2026-05-04T15:15:39Z;-902;;336
2026-05-04T15:15:42Z;-899;;339
2026-05-04T15:15:44Z;-900;;338
2026-05-04T15:15:47Z;-885;;353
2026-05-04T15:15:50Z;-901;;337
2026-05-04T15:15:52Z;-899;;339
2026-05-04T15:15:55Z;-905;;333
2026-05-04T15:15:57Z;-899;;339
2026-05-04T15:16:00Z;-905;;333
2026-05-04T15:16:07Z;-897;;341
2026-05-04T15:16:09Z;-900;;338
2026-05-04T15:16:12Z;-898;;340
2026-05-04T15:16:15Z;-904;;334
2026-05-04T15:17:14Z;-896;;342
2026-05-04T15:17:16Z;-919;;319
2026-05-04T15:18:04Z;;880;-39
2026-05-04T15:18:05Z;;1278;359
2026-05-04T15:18:24Z;;798;-121
2026-05-04T15:18:25Z;-932;1275;-134
2026-05-04T15:18:27Z;-945;1296;364
2026-05-04T15:23:08Z;;1500;555
2026-05-04T15:23:28Z;-1201;;299
2026-05-04T15:23:31Z;-1199;;301
2026-05-04T15:23:34Z;-1201;;299
2026-05-04T15:23:36Z;-1186;;314
2026-05-04T15:23:39Z;-1223;;277
2026-05-04T15:25:59Z;;1801;578
2026-05-04T15:26:16Z;;1798;575
2026-05-04T15:26:18Z;;1803;580
2026-05-04T15:26:31Z;-1512;;291
2026-05-04T15:26:58Z;-1490;;313
2026-05-04T15:27:08Z;;1791;301
2026-05-04T15:28:08Z;-417;;1374
2026-05-04T15:28:10Z;-1387;;404
2026-05-04T15:28:49Z;;1823;436
2026-05-04T15:28:54Z;-1519;;304
2026-05-04T15:29:10Z;;2100;581
2026-05-04T15:29:17Z;;2098;579
2026-05-04T15:29:37Z;-1483;;615
2026-05-04T15:29:40Z;;1792;309
2026-05-04T15:30:07Z;-1349;1732;383
2026-05-04T15:30:37Z;;1801;452
2026-05-04T15:30:46Z;-1506;;295
2026-05-04T15:31:04Z;;2134;628
2026-05-04T15:31:06Z;-1812;;322
2026-05-04T15:31:12Z;;2453;641
2026-05-04T15:31:15Z;-2139;;314
2026-05-04T15:31:23Z;-2078;;375
2026-05-04T15:31:26Z;;2397;319
2026-05-04T15:31:38Z;-1793;;604
2026-05-04T15:31:51Z;;2095;302
2026-05-04T15:31:54Z;;2100;307
2026-05-04T15:32:02Z;-1808;;292
2026-05-04T15:32:10Z;;2422;614
2026-05-04T15:32:13Z;-2127;;295
2026-05-04T15:32:19Z;;2723;596
2026-05-04T15:32:24Z;-2404;;319
2026-05-04T15:32:34Z;-2371;;352
2026-05-04T15:32:36Z;;2632;261
2026-05-04T15:32:37Z;-2077;;555
2026-05-04T15:32:39Z;;2385;308
2026-05-04T15:32:42Z;-1774;;611
2026-05-04T15:32:49Z;-1505;;880
2026-05-04T15:32:54Z;;1797;292
2026-05-04T15:33:43Z;-1188;;609
2026-05-04T15:34:02Z;-1211;;586
2026-05-04T15:34:04Z;-1170;;627
2026-05-04T15:34:50Z;;1496;326
2026-05-04T15:34:51Z;;1505;335
2026-05-04T15:34:54Z;;1497;327
2026-05-04T15:38:17Z;;807;-363
2026-05-04T15:38:18Z;;1479;309
2026-05-04T15:38:35Z;-225;;1254
2026-05-04T15:38:37Z;-1051;;428
2026-05-04T15:42:50Z;-898;;581
2026-05-04T15:43:12Z;-901;;578
2026-05-04T15:43:14Z;-898;;581
2026-05-04T15:43:17Z;-949;;530
2026-05-04T15:45:07Z;-918;1266;561
2026-05-04T15:46:31Z;;1515;597
2026-05-04T15:46:33Z;-1203;;312
2026-05-04T15:46:44Z;-1180;;335
2026-05-04T15:46:46Z;;1495;315
2026-05-04T15:47:03Z;-891;;604
2026-05-04T15:47:06Z;;1197;306
2026-05-04T15:48:40Z;-535;;662
2026-05-04T15:48:41Z;;672;137
2026-05-04T15:48:42Z;-756;;-84
2026-05-04T15:52:41Z;-601;;71
2026-05-04T15:52:43Z;-603;;69
2026-05-04T15:52:46Z;-597;;75
2026-05-04T15:52:49Z;-601;;71
2026-05-04T15:52:51Z;-601;;71
2026-05-04T15:54:04Z;;896;295
2026-05-04T15:58:22Z;-297;;599
2026-05-04T15:58:24Z;-304;;592
2026-05-04T15:58:27Z;-285;;611
2026-05-04T15:58:30Z;-301;;595
2026-05-04T15:58:32Z;-294;;602
2026-05-04T15:58:35Z;-300;;596
2026-05-04T15:58:38Z;-298;;598
2026-05-04T15:58:41Z;-299;;597
2026-05-04T15:58:43Z;;537;238
2026-05-04T15:58:44Z;;780;481
2026-05-04T15:58:46Z;-279;;501
2026-05-04T16:00:07Z;-289;788;491
2026-05-04T16:13:00Z;-352;;436
2026-05-04T16:15:07Z;-380;679;408
2026-05-04T16:18:10Z;-292;;387
2026-05-04T16:18:12Z;;598;306
2026-05-04T16:18:13Z;;601;309
2026-05-04T16:18:14Z;;599;307
2026-05-04T16:19:19Z;-302;;297
2026-05-04T16:19:21Z;-279;;320
2026-05-04T16:29:03Z;335;;934
2026-05-04T16:29:05Z;-108;;491
2026-05-04T16:29:08Z;-339;;260
2026-05-04T16:29:11Z;-109;;490
2026-05-04T16:30:07Z;-122;;477
2026-05-04T16:30:09Z;;467;345
2026-05-04T16:45:07Z;-62;;405
2026-05-04T16:45:09Z;;476;414
2026-05-04T16:48:52Z;109;;585
2026-05-04T16:48:54Z;-63;;413
2026-05-04T16:53:51Z;4;;480
2026-05-04T16:53:53Z;0;;476
2026-05-04T16:53:56Z;-8;;468
2026-05-04T16:53:59Z;-14;;462
2026-05-04T16:54:42Z;16;;492
2026-05-04T16:54:44Z;-12;;464
2026-05-04T16:55:35Z;-5;;471
2026-05-04T16:56:00Z;7;;483
2026-05-04T16:56:02Z;-6;;470
2026-05-04T16:56:09Z;1;;477
2026-05-04T16:56:11Z;0;;476
2026-05-04T16:56:14Z;-1;;475
2026-05-04T16:56:19Z;-7;;469
2026-05-04T16:56:27Z;1;;477
2026-05-04T16:56:29Z;-5;;471
2026-05-04T16:56:34Z;-3;;473
2026-05-04T16:56:39Z;2;;478
2026-05-04T16:56:41Z;0;;476
2026-05-04T16:56:44Z;-1;;475
2026-05-04T16:56:47Z;1;;477
2026-05-04T16:56:49Z;-2;;474
2026-05-04T16:56:52Z;4;;480
2026-05-04T16:56:55Z;0;;476
2026-05-04T16:56:57Z;-3;;473
2026-05-04T16:57:00Z;3;;479
2026-05-04T16:57:03Z;-1;;475
2026-05-04T16:57:05Z;-5;;471
2026-05-04T16:57:10Z;3;;479
2026-05-04T16:57:12Z;-4;;472
2026-05-04T16:57:15Z;2;;478
2026-05-04T16:57:18Z;0;;476
2026-05-04T16:57:20Z;2;;478
2026-05-04T16:57:23Z;-2;;474
2026-05-04T16:57:25Z;2;;478
2026-05-04T16:57:28Z;-2;;474
2026-05-04T16:57:31Z;1;;477
2026-05-04T16:57:33Z;-1;;475
2026-05-04T16:57:36Z;4;;480
2026-05-04T16:57:39Z;0;;476
2026-05-04T16:57:41Z;3;;479
2026-05-04T16:57:44Z;-3;;473
2026-05-04T16:57:47Z;7;;483
2026-05-04T16:57:49Z;-2;;474
2026-05-04T16:57:52Z;4;;480
2026-05-04T16:57:55Z;-1;;475
2026-05-04T16:57:57Z;2;;478
2026-05-04T16:58:00Z;0;;476
2026-05-04T16:58:02Z;1;;477
2026-05-04T16:58:05Z;1;;477
2026-05-04T16:58:08Z;-2;;474
2026-05-04T16:58:55Z;;184;182
2026-05-04T16:58:56Z;;397;395
2026-05-04T16:58:57Z;47;;444
2026-05-04T16:58:59Z;-61;;336
2026-05-04T16:59:17Z;8;;405
2026-05-04T16:59:19Z;-48;;349
2026-05-04T17:00:07Z;-59;;338
2026-05-04T17:00:08Z;;407;348
2026-05-04T17:04:13Z;9;;416
2026-05-04T17:04:56Z;-23;;384
2026-05-04T17:06:21Z;14;;421
2026-05-04T17:06:23Z;-6;;401
2026-05-04T17:06:26Z;-8;;399
2026-05-04T17:06:29Z;1;;408
2026-05-04T17:06:31Z;-6;;401
2026-05-04T17:06:47Z;-3;;404
2026-05-04T17:06:53Z;-3;;404
2026-05-04T17:06:59Z;-3;;404
2026-05-04T17:07:01Z;-2;;405
2026-05-04T17:07:04Z;2;;409
2026-05-04T17:07:07Z;0;;407
2026-05-04T17:07:09Z;4;;411
2026-05-04T17:07:12Z;0;;407
2026-05-04T17:07:15Z;-1;;406
2026-05-04T17:07:17Z;5;;412
2026-05-04T17:09:01Z;;85;90
2026-05-04T17:09:02Z;;318;323
2026-05-04T17:09:31Z;528;;846
2026-05-04T17:09:33Z;92;283;811
2026-05-04T17:09:34Z;;318;410
2026-05-04T17:09:36Z;-175;;143
2026-05-04T17:09:39Z;96;;414
2026-05-04T17:11:27Z;;299;395
2026-05-04T17:11:28Z;;301;397
2026-05-04T17:11:33Z;;298;394
2026-05-04T17:11:36Z;;300;396
2026-05-04T17:11:37Z;;299;395
2026-05-04T17:15:07Z;175;;474
2026-05-04T17:15:09Z;;261;436
2026-05-04T17:19:35Z;;0;175
2026-05-04T17:19:36Z;;229;404
2026-05-04T17:20:00Z;316;;545
2026-05-04T17:20:07Z;287;;516
2026-05-04T17:20:09Z;304;;533
2026-05-04T17:20:17Z;155;;384
2026-05-04T17:24:05Z;314;;543
2026-05-04T17:24:09Z;293;;522
2026-05-04T17:24:11Z;309;;538
2026-05-04T17:24:14Z;299;;528
2026-05-04T17:24:17Z;314;;543
2026-05-04T17:24:19Z;298;;527
2026-05-04T17:24:22Z;314;;543
2026-05-04T17:24:28Z;297;;526
2026-05-04T17:24:30Z;308;;537
2026-05-04T17:24:33Z;290;;519
2026-05-04T17:24:41Z;309;;538
2026-05-04T17:24:50Z;171;;400
2026-05-04T17:29:15Z;-12;;217
2026-05-04T17:29:17Z;175;;404
2026-05-04T17:30:07Z;173;;402
2026-05-04T17:30:09Z;;240;413
2026-05-04T17:38:19Z;319;;559
2026-05-04T17:38:21Z;226;;466
2026-05-04T17:39:01Z;365;;605
2026-05-04T17:39:48Z;87;;327
2026-05-04T17:39:50Z;359;;599
2026-05-04T17:40:08Z;219;;459
2026-05-04T17:40:32Z;3255;;3495
2026-05-04T17:40:34Z;3339;;3579
2026-05-04T17:40:37Z;3243;;3483
2026-05-04T17:40:40Z;3301;;3541
2026-05-04T17:40:42Z;3235;;3475
2026-05-04T17:41:56Z;3428;;3668
2026-05-04T17:42:07Z;3245;;3485
2026-05-04T17:42:22Z;3333;;3573
2026-05-04T17:42:43Z;3255;;3495
2026-05-04T17:43:25Z;3303;;3543
2026-05-04T17:43:27Z;3275;;3515
2026-05-04T17:43:38Z;3301;;3541
2026-05-04T17:43:42Z;3283;;3523
2026-05-04T17:43:46Z;3314;;3554
2026-05-04T17:43:48Z;3275;;3515
2026-05-04T17:43:51Z;3300;;3540
2026-05-04T17:43:54Z;3271;;3511
2026-05-04T17:43:56Z;3313;;3553
2026-05-04T17:44:00Z;3299;;3539
2026-05-04T17:44:02Z;3305;;3545
2026-05-04T17:44:05Z;3276;;3516
2026-05-04T17:44:08Z;3327;;3567
2026-05-04T17:44:10Z;3244;;3484
2026-05-04T17:45:07Z;3191;140;3431
2026-05-04T17:47:08Z;3310;;3450
2026-05-04T17:47:10Z;3254;;3394
2026-05-04T17:47:30Z;3300;;3440
2026-05-04T17:47:32Z;3299;;3439
2026-05-04T17:47:35Z;3443;;3583
2026-05-04T17:47:38Z;3276;;3416
2026-05-04T17:47:44Z;3302;;3442
2026-05-04T17:47:46Z;3297;;3437
2026-05-04T17:47:58Z;3300;;3440
2026-05-04T17:48:00Z;3265;;3405
2026-05-04T17:48:03Z;3306;;3446
2026-05-04T17:48:06Z;3292;;3432
2026-05-04T17:48:48Z;3351;;3491
2026-05-04T17:48:55Z;3279;;3419
2026-05-04T17:48:58Z;3311;;3451
2026-05-04T17:49:00Z;3298;;3438
2026-05-04T17:49:03Z;3304;;3444
2026-05-04T17:49:07Z;3276;;3416
2026-05-04T17:49:15Z;3303;;3443
2026-05-04T17:49:19Z;3299;;3439
2026-05-04T17:49:21Z;3303;;3443
2026-05-04T17:49:24Z;445;;585
2026-05-04T17:49:49Z;;0;445
2026-05-04T17:49:50Z;;98;543
2026-05-04T17:50:41Z;3263;;3361
2026-05-04T17:51:30Z;441;;539
2026-05-04T17:52:45Z;3377;;3475
2026-05-04T17:53:02Z;3299;;3397
2026-05-04T17:53:04Z;3343;;3441
2026-05-04T17:53:07Z;3299;;3397
2026-05-04T17:53:10Z;3339;;3437
2026-05-04T17:53:12Z;3281;;3379
2026-05-04T17:53:15Z;3323;;3421
2026-05-04T17:53:18Z;3282;;3380
2026-05-04T17:53:20Z;3321;;3419
2026-05-04T17:53:23Z;3273;;3371
2026-05-04T17:53:25Z;3337;;3435
2026-05-04T17:53:28Z;3283;;3381
2026-05-04T17:53:31Z;3334;;3432
2026-05-04T17:53:33Z;3285;;3383
2026-05-04T17:53:36Z;3337;;3435
2026-05-04T17:53:39Z;3287;;3385
2026-05-04T17:53:41Z;3356;;3454
2026-05-04T17:53:44Z;444;;542
2026-05-04T17:54:00Z;608;;706
2026-05-04T17:54:04Z;472;;570
2026-05-04T17:54:45Z;3310;;3408
2026-05-04T17:54:48Z;3287;;3385
2026-05-04T17:54:50Z;3327;;3425
2026-05-04T17:54:53Z;3275;;3373
2026-05-04T17:54:56Z;3337;;3435
2026-05-04T17:55:33Z;3279;;3377
2026-05-04T17:55:35Z;3359;;3457
2026-05-04T17:55:53Z;473;;571
2026-05-04T17:57:06Z;3350;;3448
2026-05-04T17:57:16Z;3272;;3370
2026-05-04T17:57:18Z;3304;;3402
2026-05-04T17:57:21Z;3290;;3388
2026-05-04T17:57:50Z;380;;478
2026-05-04T17:59:31Z;3315;;3413
2026-05-04T18:01:19Z;3319;;3417
2026-05-04T18:01:21Z;3295;;3393
2026-05-04T18:01:25Z;3266;;3364
2026-05-04T18:01:28Z;3300;;3398
2026-05-04T18:01:31Z;;0;3300
2026-05-04T18:01:34Z;;466;3766
2026-05-04T18:01:37Z;3299;;3765
2026-05-04T18:01:40Z;;56;3355
2026-05-04T18:01:43Z;3585;;3641
2026-05-04T18:01:46Z;3295;;3351
2026-05-04T18:01:49Z;3322;;3378
2026-05-04T18:01:52Z;3284;;3340
2026-05-04T18:01:55Z;3309;;3365
2026-05-04T18:01:58Z;3259;;3315
2026-05-04T18:02:01Z;387;;443
2026-05-04T18:02:04Z;383;;439
2026-05-04T18:02:07Z;;52;435
2026-05-04T18:02:10Z;3276;;3328
2026-05-04T18:03:14Z;3325;;3377
2026-05-04T18:03:16Z;3280;;3332
2026-05-04T18:03:20Z;3315;;3367
2026-05-04T18:03:23Z;3271;;3323
2026-05-04T18:03:25Z;3323;;3375
2026-05-04T18:03:28Z;3260;;3312
2026-05-04T18:03:52Z;407;;459
2026-05-04T18:05:18Z;3353;;3405
2026-05-04T18:05:55Z;440;;492
2026-05-04T18:07:26Z;3458;;3510
2026-05-04T18:10:13Z;912;;964
2026-05-04T18:10:14Z;;398;1310
2026-05-04T18:10:15Z;;15;927
2026-05-04T18:10:16Z;451;;466
2026-05-04T18:10:28Z;3489;;3504
2026-05-04T18:10:31Z;;0;3489
2026-05-04T18:10:34Z;;17;3506
2026-05-04T18:10:37Z;454;;471
2026-05-04T18:11:47Z;3446;;3463
2026-05-04T18:12:22Z;459;;476
2026-05-04T18:15:07Z;444;;461
2026-05-04T18:15:09Z;;7;451
2026-05-04T18:15:14Z;3291;;3298
2026-05-04T18:15:17Z;3304;;3311
2026-05-04T18:15:20Z;3290;;3297
2026-05-04T18:15:23Z;455;;462
2026-05-04T18:15:35Z;;0;3290
2026-05-04T18:15:36Z;;6;461
2026-05-04T18:15:57Z;;0;455
2026-05-04T18:15:58Z;;6;461
2026-05-04T18:16:14Z;3296;;3302
2026-05-04T18:16:16Z;3311;;3317
2026-05-04T18:16:19Z;3299;;3305
2026-05-04T18:16:21Z;;0;3299
2026-05-04T18:16:22Z;3315;5;3315
2026-05-04T18:16:25Z;3285;;3290
2026-05-04T18:16:28Z;3324;;3329
2026-05-04T18:16:31Z;3247;;3252
2026-05-04T18:16:45Z;;0;3247
2026-05-04T18:16:46Z;;5;3252
2026-05-04T18:16:49Z;483;;488
2026-05-04T18:16:51Z;;0;483
2026-05-04T18:16:52Z;;4;487
2026-05-04T18:17:12Z;;0;483
2026-05-04T18:17:13Z;;4;487
2026-05-04T18:17:24Z;;0;483
2026-05-04T18:17:25Z;;3;486
2026-05-04T18:17:43Z;;0;483
2026-05-04T18:17:44Z;;4;487
2026-05-04T18:18:16Z;;0;483
2026-05-04T18:18:17Z;;3;486
2026-05-04T18:18:58Z;;0;483
2026-05-04T18:18:59Z;;4;487
2026-05-04T18:19:11Z;;0;483
2026-05-04T18:19:12Z;;1;484
2026-05-04T18:19:19Z;;0;483
2026-05-04T18:19:20Z;;2;485
2026-05-04T18:19:33Z;;0;483
2026-05-04T18:19:34Z;;1;484
2026-05-04T18:19:48Z;;0;483
2026-05-04T18:19:49Z;;1;484
2026-05-04T18:19:52Z;;0;483
2026-05-04T18:19:54Z;;1;484
2026-05-04T18:19:55Z;;0;483
2026-05-04T18:19:56Z;;1;484
2026-05-04T18:20:01Z;;0;483
2026-05-04T18:20:02Z;;1;484
2026-05-04T18:20:04Z;;0;483
2026-05-04T18:20:05Z;;1;484
2026-05-04T18:20:06Z;;0;483
2026-05-04T18:20:07Z;;2;485
2026-05-04T18:20:08Z;;0;483
2026-05-04T18:20:09Z;;1;484
2026-05-04T18:20:10Z;;0;483
2026-05-04T18:20:12Z;;1;484
2026-05-04T18:20:13Z;;0;483
2026-05-04T18:20:16Z;;1;484
2026-05-04T18:20:18Z;;0;483
2026-05-04T18:20:27Z;;3;486
2026-05-04T18:20:28Z;;0;483
2026-05-04T18:20:34Z;;1;484
2026-05-04T18:20:35Z;;0;483
2026-05-04T18:20:38Z;;1;484
2026-05-04T18:20:39Z;;0;483
2026-05-04T18:20:40Z;;1;484
2026-05-04T18:20:41Z;;0;483
2026-05-04T18:20:42Z;;1;484
2026-05-04T18:20:43Z;;0;483
2026-05-04T18:20:44Z;;1;484
2026-05-04T18:20:45Z;;0;483
2026-05-04T18:20:48Z;-7;;-7
2026-05-04T18:20:50Z;423;2;-5
2026-05-04T18:20:51Z;;0;423
2026-05-04T18:20:55Z;;4;427
2026-05-04T18:20:56Z;;0;423
2026-05-04T18:20:57Z;;1;424
2026-05-04T18:20:58Z;;0;423
2026-05-04T18:20:59Z;;3;426
2026-05-04T18:21:00Z;;0;423
2026-05-04T18:21:07Z;;2;425
2026-05-04T18:21:08Z;;0;423
2026-05-04T18:21:12Z;;5;428
2026-05-04T18:21:13Z;;0;423
2026-05-04T18:21:27Z;;2;425
2026-05-04T18:21:28Z;;0;423
2026-05-04T18:21:29Z;;1;424
2026-05-04T18:21:30Z;;0;423
2026-05-04T18:21:43Z;;10;433
2026-05-04T18:21:44Z;;0;423
2026-05-04T18:21:47Z;;2;425
2026-05-04T18:21:48Z;;0;423
2026-05-04T18:21:59Z;;2;425
2026-05-04T18:22:00Z;;0;423
2026-05-04T18:22:27Z;;1;424
2026-05-04T18:22:28Z;;0;423
2026-05-04T18:22:45Z;;4;427
2026-05-04T18:22:46Z;;0;423
2026-05-04T18:22:59Z;;1;424
2026-05-04T18:23:00Z;;0;423
2026-05-04T18:23:51Z;;1;424
2026-05-04T18:23:52Z;;0;423
2026-05-04T18:24:29Z;;1;424
2026-05-04T18:24:30Z;;0;423
2026-05-04T18:30:07Z;408;;408
2026-05-04T18:30:09Z;;0;408
2026-05-04T18:30:31Z;-54;;-54
2026-05-04T18:30:32Z;;164;110
2026-05-04T18:30:33Z;405;;569
2026-05-04T18:45:07Z;400;;564
2026-05-04T18:45:09Z;;0;400
2026-05-04T19:00:07Z;412;;412
2026-05-04T19:00:09Z;;0;412
2026-05-04T19:04:18Z;907;;907
2026-05-04T19:04:20Z;868;;868
2026-05-04T19:04:32Z;1003;;1003
2026-05-04T19:04:36Z;531;;531
2026-05-04T19:07:26Z;1005;;1005
2026-05-04T19:08:38Z;475;;475
2026-05-04T19:15:07Z;459;;459
2026-05-04T19:15:09Z;;0;459
2026-05-04T19:30:07Z;459;;459
2026-05-04T19:30:09Z;;0;459
2026-05-04T19:44:55Z;644;;644
2026-05-04T19:45:07Z;652;;652
2026-05-04T19:45:09Z;;0;652
2026-05-04T19:45:58Z;578;;578
2026-05-04T19:46:03Z;698;;698
2026-05-04T19:46:05Z;578;;578
2026-05-04T19:46:09Z;739;;739
2026-05-04T19:46:22Z;574;;574
2026-05-04T19:46:24Z;606;;606
2026-05-04T19:46:27Z;1120;;1120
2026-05-04T19:46:55Z;578;;578
2026-05-04T19:48:11Z;601;;601
2026-05-04T19:48:48Z;585;;585
2026-05-04T19:49:12Z;730;;730
2026-05-04T19:51:22Z;599;;599
2026-05-04T19:51:29Z;602;;602
2026-05-04T19:51:34Z;597;;597
2026-05-04T19:51:36Z;604;;604
2026-05-04T19:51:39Z;599;;599
2026-05-04T19:51:42Z;603;;603
2026-05-04T19:51:49Z;598;;598
2026-05-04T19:51:51Z;611;;611
2026-05-04T19:51:54Z;597;;597
2026-05-04T19:51:57Z;605;;605
2026-05-04T19:52:04Z;598;;598
2026-05-04T19:52:07Z;603;;603
2026-05-04T19:52:24Z;599;;599
2026-05-04T19:52:26Z;601;;601
2026-05-04T19:52:45Z;599;;599
2026-05-04T19:52:47Z;600;;600
2026-05-04T19:52:50Z;599;;599
2026-05-04T19:52:53Z;602;;602
2026-05-04T19:52:59Z;597;;597
2026-05-04T19:53:02Z;602;;602
2026-05-04T19:53:09Z;598;;598
2026-05-04T19:53:11Z;600;;600
2026-05-04T19:53:40Z;546;;546
2026-05-04T19:55:56Z;773;;773
2026-05-04T19:56:06Z;507;;507
2026-05-04T19:56:08Z;608;;608
2026-05-04T19:57:57Z;508;;508
2026-05-04T19:57:59Z;863;;863
2026-05-04T19:58:12Z;510;;510
2026-05-04T19:59:16Z;600;;600
2026-05-04T19:59:26Z;588;;588
2026-05-04T19:59:54Z;802;;802
2026-05-04T20:00:07Z;794;;794
2026-05-04T20:00:09Z;;0;794
2026-05-04T20:00:22Z;923;;923
2026-05-04T20:00:33Z;889;;889
2026-05-04T20:00:38Z;908;;908
2026-05-04T20:00:43Z;809;;809
2026-05-04T20:00:52Z;958;;958
2026-05-04T20:02:04Z;841;;841
2026-05-04T20:04:25Z;560;;560
2026-05-04T20:13:37Z;601;;601
2026-05-04T20:13:42Z;593;;593
2026-05-04T20:14:17Z;600;;600
2026-05-04T20:14:19Z;597;;597
2026-05-04T20:14:35Z;600;;600
2026-05-04T20:14:37Z;598;;598
2026-05-04T20:14:40Z;600;;600
2026-05-04T20:14:43Z;599;;599
2026-05-04T20:14:45Z;603;;603
2026-05-04T20:14:48Z;599;;599
2026-05-04T20:15:07Z;591;;591
2026-05-04T20:15:09Z;;0;591
2026-05-04T20:15:33Z;603;;603
2026-05-04T20:15:47Z;598;;598
2026-05-04T20:15:49Z;604;;604
2026-05-04T20:15:52Z;595;;595
2026-05-04T20:15:55Z;601;;601
2026-05-04T20:16:00Z;599;;599
2026-05-04T20:16:02Z;600;;600
2026-05-04T20:16:05Z;598;;598
2026-05-04T20:16:08Z;605;;605
2026-05-04T20:16:20Z;599;;599
2026-05-04T20:16:22Z;601;;601
2026-05-04T20:16:25Z;596;;596
2026-05-04T20:16:35Z;600;;600
2026-05-04T20:16:37Z;595;;595
2026-05-04T20:16:41Z;600;;600
2026-05-04T20:16:43Z;597;;597
2026-05-04T20:16:47Z;600;;600
2026-05-04T20:16:53Z;599;;599
2026-05-04T20:17:01Z;600;;600
2026-05-04T20:17:03Z;596;;596
2026-05-04T20:17:11Z;601;;601
2026-05-04T20:17:13Z;594;;594
2026-05-04T20:23:47Z;602;;602
2026-05-04T20:23:49Z;591;;591
2026-05-04T20:24:35Z;600;;600
2026-05-04T20:24:37Z;589;;589
2026-05-04T20:24:40Z;600;;600
2026-05-04T20:24:43Z;593;;593
2026-05-04T20:24:54Z;601;;601
2026-05-04T20:24:58Z;598;;598
2026-05-04T20:25:00Z;600;;600
2026-05-04T20:25:03Z;598;;598
2026-05-04T20:25:06Z;600;;600
2026-05-04T20:25:08Z;594;;594
2026-05-04T20:25:54Z;600;;600
2026-05-04T20:25:56Z;596;;596
2026-05-04T20:26:08Z;600;;600
2026-05-04T20:26:10Z;591;;591
2026-05-04T20:26:18Z;604;;604
2026-05-04T20:26:21Z;598;;598
2026-05-04T20:26:23Z;600;;600
2026-05-04T20:26:26Z;596;;596
2026-05-04T20:26:29Z;600;;600
2026-05-04T20:26:31Z;597;;597
2026-05-04T20:26:34Z;600;;600
2026-05-04T20:26:37Z;596;;596
2026-05-04T20:26:39Z;664;;664
2026-05-04T20:29:19Z;591;;591
2026-05-04T20:29:26Z;696;;696
2026-05-04T20:29:47Z;592;;592
2026-05-04T20:29:49Z;627;;627
2026-05-04T20:30:07Z;618;;618
2026-05-04T20:30:12Z;;0;618
2026-05-04T20:36:23Z;595;;595
2026-05-04T20:36:34Z;601;;601
2026-05-04T20:36:36Z;599;;599
2026-05-04T20:36:39Z;604;;604
2026-05-04T20:36:42Z;597;;597
2026-05-04T20:36:44Z;600;;600
2026-05-04T20:36:47Z;598;;598
2026-05-04T20:36:50Z;603;;603
2026-05-04T20:36:52Z;594;;594
2026-05-04T20:37:07Z;600;;600
2026-05-04T20:37:09Z;596;;596
2026-05-04T20:45:07Z;563;;563
2026-05-04T20:45:09Z;;0;563
2026-05-04T20:55:13Z;652;;652
2026-05-04T20:59:20Z;597;;597
2026-05-04T20:59:22Z;621;;621
2026-05-04T20:59:53Z;599;;599
2026-05-04T20:59:55Z;602;;602
2026-05-04T20:59:58Z;599;;599
2026-05-04T21:00:01Z;600;;600
2026-05-04T21:00:03Z;598;;598
2026-05-04T21:00:07Z;598;;598
2026-05-04T21:00:09Z;602;0;602
2026-05-04T21:00:11Z;597;;597
2026-05-04T21:00:14Z;604;;604
2026-05-04T21:00:18Z;599;;599
2026-05-04T21:00:22Z;601;;601
2026-05-04T21:00:24Z;598;;598
2026-05-04T21:00:27Z;601;;601
2026-05-04T21:00:31Z;599;;599
2026-05-04T21:00:32Z;600;;600
2026-05-04T21:00:35Z;597;;597
2026-05-04T21:00:38Z;601;;601
2026-05-04T21:00:40Z;599;;599
2026-05-04T21:00:43Z;608;;608
2026-05-04T21:00:52Z;595;;595
2026-05-04T21:00:55Z;600;;600
2026-05-04T21:00:57Z;597;;597
2026-05-04T21:01:03Z;600;;600
2026-05-04T21:01:06Z;597;;597
2026-05-04T21:01:09Z;600;;600
2026-05-04T21:01:11Z;598;;598
2026-05-04T21:01:14Z;600;;600
2026-05-04T21:01:17Z;598;;598
2026-05-04T21:01:22Z;610;;610
2026-05-04T21:01:29Z;598;;598
2026-05-04T21:01:37Z;602;;602
2026-05-04T21:02:08Z;596;;596
2026-05-04T21:02:10Z;602;;602
2026-05-04T21:02:13Z;599;;599
2026-05-04T21:02:23Z;604;;604
2026-05-04T21:02:36Z;596;;596
2026-05-04T21:02:41Z;601;;601
2026-05-04T21:02:47Z;598;;598
2026-05-04T21:02:54Z;605;;605
2026-05-04T21:02:58Z;599;;599
2026-05-04T21:03:01Z;600;;600
2026-05-04T21:03:03Z;599;;599
2026-05-04T21:03:06Z;602;;602
2026-05-04T21:03:09Z;597;;597
2026-05-04T21:03:11Z;616;;616
2026-05-04T21:03:19Z;597;;597
2026-05-04T21:03:21Z;613;;613
2026-05-04T21:13:45Z;579;;579
2026-05-04T21:15:07Z;565;0;565
2026-05-04T21:30:07Z;464;;464
2026-05-04T21:30:12Z;;0;464
2026-05-04T21:45:07Z;524;0;524
2026-05-04T22:00:07Z;477;0;477
2026-05-04T22:15:07Z;424;;424
2026-05-04T22:15:09Z;;0;424
2026-05-04T22:30:07Z;452;;452
2026-05-04T22:30:12Z;;0;452
2026-05-04T22:45:07Z;;0;452
2026-05-04T22:45:09Z;472;;472
2026-05-04T23:15:07Z;462;;462
2026-05-04T23:15:15Z;;0;462
2026-05-04T23:30:07Z;461;;461
2026-05-04T23:30:12Z;;0;461
2026-05-04T23:45:07Z;;0;461
2026-05-04T23:45:12Z;393;;393