timestamp;P_ex;P_pr;P_load
2025-09-16T00:00:17Z;770;;770
2025-09-16T00:00:18Z;;0;770
2025-09-16T00:15:17Z;837;;837
2025-09-16T00:15:18Z;;0;837
2025-09-16T00:30:17Z;770;;770
2025-09-16T00:30:18Z;;0;770
2025-09-16T00:45:17Z;833;;833
2025-09-16T00:45:18Z;;0;833
2025-09-16T01:00:17Z;829;;829
2025-09-16T01:00:18Z;;0;829
2025-09-16T01:15:17Z;772;;772
2025-09-16T01:15:18Z;;0;772
2025-09-16T01:30:17Z;764;;764
2025-09-16T01:30:18Z;;0;764
2025-09-16T01:45:17Z;845;;845
2025-09-16T01:45:18Z;;0;845
2025-09-16T02:00:17Z;780;;780
2025-09-16T02:00:18Z;;0;780
2025-09-16T02:15:17Z;834;;834
2025-09-16T02:15:18Z;;0;834
2025-09-16T02:30:17Z;839;;839
2025-09-16T02:30:18Z;;0;839
2025-09-16T02:45:17Z;774;;774
2025-09-16T02:45:18Z;;0;774
2025-09-16T03:00:17Z;762;;762
2025-09-16T03:00:18Z;;0;762
2025-09-16T03:15:17Z;831;;831
2025-09-16T03:15:18Z;;0;831
2025-09-16T03:30:17Z;759;;759
2025-09-16T03:30:18Z;;0;759
2025-09-16T03:45:17Z;822;;822
2025-09-16T03:45:18Z;;0;822
2025-09-16T04:00:17Z;828;;828
2025-09-16T04:00:18Z;;0;828
2025-09-16T04:15:17Z;868;;868
2025-09-16T04:15:18Z;;0;868
2025-09-16T04:31:11Z;;0;868
2025-09-16T04:31:14Z;776;;776
2025-09-16T04:45:08Z;;0;776
2025-09-16T04:45:17Z;787;;787
2025-09-16T05:00:08Z;;0;787
2025-09-16T05:00:18Z;731;;731
2025-09-16T05:02:32Z;;1;732
2025-09-16T05:02:33Z;;0;731
2025-09-16T05:02:34Z;;48;779
2025-09-16T05:02:36Z;;0;731
2025-09-16T05:03:17Z;;1;732
2025-09-16T05:03:18Z;;0;731
2025-09-16T05:03:30Z;;1;732
2025-09-16T05:03:31Z;;0;731
2025-09-16T05:03:37Z;;1;732
2025-09-16T05:03:38Z;;0;731
2025-09-16T05:03:40Z;;1;732
2025-09-16T05:03:41Z;;0;731
2025-09-16T05:03:48Z;;1;732
2025-09-16T05:03:49Z;;0;731
2025-09-16T05:03:52Z;;1;732
2025-09-16T05:03:53Z;;0;731
2025-09-16T05:04:19Z;;2;733
2025-09-16T05:04:20Z;;0;731
2025-09-16T05:04:26Z;;1;732
2025-09-16T05:04:28Z;;0;731
2025-09-16T05:04:37Z;;1;732
2025-09-16T05:04:46Z;;0;731
2025-09-16T05:04:47Z;;2;733
2025-09-16T05:04:50Z;;0;731
2025-09-16T05:04:51Z;;2;733
2025-09-16T05:05:08Z;;0;731
2025-09-16T05:05:09Z;;2;733
2025-09-16T05:06:09Z;;0;731
2025-09-16T05:06:11Z;;444;1175
2025-09-16T05:06:12Z;;7;738
2025-09-16T05:15:08Z;;46;777
2025-09-16T05:15:17Z;735;;781
2025-09-16T05:16:31Z;1128;;1174
2025-09-16T05:16:33Z;738;;784
2025-09-16T05:17:07Z;1141;;1187
2025-09-16T05:17:09Z;747;;793
2025-09-16T05:30:08Z;;111;858
2025-09-16T05:30:17Z;679;;790
2025-09-16T05:35:05Z;598;;709
2025-09-16T05:35:07Z;602;;713
2025-09-16T05:35:08Z;599;;710
2025-09-16T05:35:10Z;607;;718
2025-09-16T05:35:13Z;599;;710
2025-09-16T05:35:18Z;601;;712
2025-09-16T05:35:20Z;598;;709
2025-09-16T05:35:30Z;601;;712
2025-09-16T05:35:31Z;595;;706
2025-09-16T05:35:58Z;601;;712
2025-09-16T05:36:01Z;598;;709
2025-09-16T05:37:03Z;;0;598
2025-09-16T05:37:04Z;;193;791
2025-09-16T05:37:20Z;602;0;598
2025-09-16T05:37:21Z;;197;799
2025-09-16T05:37:24Z;595;;792
2025-09-16T05:43:16Z;;300;895
2025-09-16T05:43:17Z;;297;892
2025-09-16T05:43:22Z;;300;895
2025-09-16T05:43:23Z;;297;892
2025-09-16T05:43:25Z;;300;895
2025-09-16T05:43:30Z;;298;893
2025-09-16T05:43:32Z;;302;897
2025-09-16T05:45:08Z;;337;932
2025-09-16T05:45:17Z;452;;789
2025-09-16T05:47:12Z;813;;1150
2025-09-16T05:47:15Z;385;;722
2025-09-16T05:47:17Z;171;;508
2025-09-16T05:47:19Z;373;;710
2025-09-16T05:47:37Z;687;;1024
2025-09-16T05:47:39Z;376;;713
2025-09-16T05:49:49Z;299;;636
2025-09-16T05:49:51Z;305;;642
2025-09-16T05:50:00Z;285;;622
2025-09-16T05:50:02Z;301;;638
2025-09-16T05:50:04Z;298;;635
2025-09-16T05:50:08Z;300;;637
2025-09-16T05:50:10Z;298;;635
2025-09-16T05:50:20Z;302;;639
2025-09-16T05:50:22Z;290;;627
2025-09-16T05:53:08Z;;600;890
2025-09-16T06:00:08Z;;684;974
2025-09-16T06:00:18Z;79;;763
2025-09-16T06:07:54Z;;357;436
2025-09-16T06:07:55Z;;698;777
2025-09-16T06:07:56Z;;589;668
2025-09-16T06:07:57Z;;707;786
2025-09-16T06:09:43Z;;596;675
2025-09-16T06:09:59Z;304;;900
2025-09-16T06:10:04Z;295;;891
2025-09-16T06:10:06Z;348;;944
2025-09-16T06:10:43Z;808;;1404
2025-09-16T06:10:45Z;1076;;1672
2025-09-16T06:10:55Z;418;;1014
2025-09-16T06:11:42Z;296;;892
2025-09-16T06:12:00Z;301;;897
2025-09-16T06:12:29Z;253;;849
2025-09-16T06:13:17Z;310;;906
2025-09-16T06:13:43Z;282;;878
2025-09-16T06:13:45Z;302;;898
2025-09-16T06:13:47Z;299;;895
2025-09-16T06:13:56Z;301;;897
2025-09-16T06:13:58Z;281;;877
2025-09-16T06:14:06Z;301;;897
2025-09-16T06:14:08Z;279;;875
2025-09-16T06:15:08Z;;506;785
2025-09-16T06:15:10Z;318;;824
2025-09-16T06:15:13Z;277;;783
2025-09-16T06:15:15Z;302;;808
2025-09-16T06:15:17Z;299;;805
2025-09-16T06:15:20Z;304;;810
2025-09-16T06:15:22Z;299;;805
2025-09-16T06:15:24Z;304;;810
2025-09-16T06:15:26Z;286;;792
2025-09-16T06:15:28Z;313;;819
2025-09-16T06:15:30Z;247;;753
2025-09-16T06:15:42Z;;602;849
2025-09-16T06:16:46Z;0;;602
2025-09-16T06:16:48Z;8;;610
2025-09-16T06:16:50Z;-20;;582
2025-09-16T06:17:03Z;;903;883
2025-09-16T06:17:43Z;;500;480
2025-09-16T06:17:44Z;;922;902
2025-09-16T06:17:55Z;;899;879
2025-09-16T06:17:56Z;;906;886
2025-09-16T06:17:59Z;362;;1268
2025-09-16T06:18:01Z;;739;1101
2025-09-16T06:18:02Z;-77;;662
2025-09-16T06:18:03Z;;921;844
2025-09-16T06:20:22Z;-310;;611
2025-09-16T06:20:24Z;-272;;649
2025-09-16T06:20:26Z;62;;983
2025-09-16T06:20:30Z;-286;;635
2025-09-16T06:20:38Z;-310;;611
2025-09-16T06:20:40Z;-297;;624
2025-09-16T06:20:42Z;-302;;619
2025-09-16T06:20:51Z;-286;;635
2025-09-16T06:20:53Z;-307;;614
2025-09-16T06:21:01Z;-297;1201;894
2025-09-16T06:21:03Z;-314;;887
2025-09-16T06:21:06Z;-298;;903
2025-09-16T06:21:08Z;-319;;882
2025-09-16T06:23:35Z;-289;1191;872
2025-09-16T06:23:37Z;-314;;877
2025-09-16T06:23:40Z;-297;;894
2025-09-16T06:24:47Z;-300;;891
2025-09-16T06:24:51Z;;1202;902
2025-09-16T06:25:00Z;;1199;899
2025-09-16T06:25:01Z;-293;;906
2025-09-16T06:25:39Z;-313;1202;909
2025-09-16T06:26:58Z;-267;;935
2025-09-16T06:27:09Z;-326;;876
2025-09-16T06:27:11Z;-267;;935
2025-09-16T06:27:47Z;238;;1440
2025-09-16T06:27:49Z;;858;1096
2025-09-16T06:27:50Z;-237;1255;1018
2025-09-16T06:27:52Z;-306;;949
2025-09-16T06:27:54Z;-254;;1001
2025-09-16T06:28:16Z;100;;1355
2025-09-16T06:28:18Z;-243;;1012
2025-09-16T06:30:08Z;;1241;998
2025-09-16T06:30:17Z;-240;;1001
2025-09-16T06:31:07Z;;1199;959
2025-09-16T06:31:36Z;;1200;960
2025-09-16T06:31:38Z;;1171;931
2025-09-16T06:31:39Z;;1211;971
2025-09-16T06:32:44Z;;1199;959
2025-09-16T06:34:07Z;14;;1213
2025-09-16T06:34:10Z;-88;;1111
2025-09-16T06:34:46Z;;892;804
2025-09-16T06:34:48Z;20;;912
2025-09-16T06:34:51Z;-1;;891
2025-09-16T06:34:53Z;7;;899
2025-09-16T06:35:15Z;;587;594
2025-09-16T06:35:19Z;312;;899
2025-09-16T06:37:42Z;280;;867
2025-09-16T06:37:56Z;409;;996
2025-09-16T06:37:58Z;246;;833
2025-09-16T06:38:48Z;;600;846
2025-09-16T06:40:34Z;-3;;597
2025-09-16T06:40:55Z;;901;898
2025-09-16T06:41:10Z;-303;;598
2025-09-16T06:41:26Z;;1204;901
2025-09-16T06:41:28Z;;1199;896
2025-09-16T06:41:29Z;;1201;898
2025-09-16T06:41:30Z;;1194;891
2025-09-16T06:41:38Z;;1202;899
2025-09-16T06:41:49Z;;1193;890
2025-09-16T06:42:21Z;;1201;898
2025-09-16T06:42:31Z;-607;;594
2025-09-16T06:42:54Z;;1508;901
2025-09-16T06:43:33Z;-925;;583
2025-09-16T06:45:08Z;;1765;840
2025-09-16T06:45:17Z;-1003;;762
2025-09-16T06:45:19Z;;1800;797
2025-09-16T06:46:40Z;;1795;792
2025-09-16T06:46:41Z;;1880;877
2025-09-16T06:47:42Z;;1799;796
2025-09-16T06:47:51Z;;1804;801
2025-09-16T06:48:13Z;;1561;558
2025-09-16T06:48:14Z;;1887;884
2025-09-16T06:48:24Z;;1449;446
2025-09-16T06:48:25Z;;1893;890
2025-09-16T06:48:29Z;-1217;;676
2025-09-16T06:48:31Z;-1165;;728
2025-09-16T06:48:33Z;-1219;;674
2025-09-16T06:48:35Z;-1178;;715
2025-09-16T06:48:37Z;-1229;;664
2025-09-16T06:49:35Z;-1190;;703
2025-09-16T06:50:22Z;;1798;608
2025-09-16T06:50:43Z;;1802;612
2025-09-16T06:50:47Z;;1791;601
2025-09-16T06:50:49Z;;1807;617
2025-09-16T06:50:53Z;;1791;601
2025-09-16T06:51:21Z;-899;;892
2025-09-16T06:51:39Z;;1490;591
2025-09-16T06:51:45Z;-595;;895
2025-09-16T06:51:53Z;;1183;588
2025-09-16T06:51:58Z;-290;;893
2025-09-16T06:52:21Z;;896;606
2025-09-16T06:52:25Z;;900;610
2025-09-16T06:52:26Z;;899;609
2025-09-16T06:52:27Z;;900;610
2025-09-16T06:52:31Z;;899;609
2025-09-16T06:52:32Z;;900;610
2025-09-16T06:53:28Z;-300;;600
2025-09-16T06:53:30Z;-292;;608
2025-09-16T06:53:32Z;-304;;596
2025-09-16T06:53:34Z;-296;;604
2025-09-16T06:54:06Z;-300;;600
2025-09-16T06:54:42Z;;1208;908
2025-09-16T06:55:03Z;;1192;892
2025-09-16T06:55:39Z;;1201;901
2025-09-16T06:55:59Z;;1192;892
2025-09-16T06:56:09Z;;1207;907
2025-09-16T06:56:36Z;-605;;602
2025-09-16T06:57:03Z;-582;;625
2025-09-16T06:57:15Z;;1191;609
2025-09-16T06:57:26Z;-294;;897
2025-09-16T06:57:44Z;;884;590
2025-09-16T06:57:49Z;6;;890
2025-09-16T06:58:17Z;;166;172
2025-09-16T06:58:18Z;;625;631
2025-09-16T06:58:55Z;;489;495
2025-09-16T06:58:56Z;;617;623
2025-09-16T06:59:31Z;;599;605
2025-09-16T06:59:34Z;;600;606
2025-09-16T06:59:36Z;;599;605
2025-09-16T06:59:40Z;;601;607
2025-09-16T06:59:56Z;626;;1227
2025-09-16T06:59:58Z;585;;1186
2025-09-16T07:00:03Z;264;;865
2025-09-16T07:00:08Z;;608;872
2025-09-16T07:00:17Z;254;;862
2025-09-16T07:00:25Z;;599;853
2025-09-16T07:00:31Z;602;;1201
2025-09-16T07:00:33Z;585;;1184
2025-09-16T07:00:37Z;288;;887
2025-09-16T07:00:41Z;300;;899
2025-09-16T07:00:43Z;299;;898
2025-09-16T07:00:45Z;301;;900
2025-09-16T07:01:06Z;652;;1251
2025-09-16T07:01:12Z;331;;930
2025-09-16T07:01:36Z;652;;1251
2025-09-16T07:01:40Z;343;;942
2025-09-16T07:03:37Z;725;;1324
2025-09-16T07:03:43Z;346;;945
2025-09-16T07:04:16Z;297;;896
2025-09-16T07:04:34Z;;604;901
2025-09-16T07:05:47Z;-2;;602
2025-09-16T07:05:55Z;;901;899
2025-09-16T07:06:20Z;-304;;597
2025-09-16T07:06:46Z;-298;;603
2025-09-16T07:07:25Z;;896;598
2025-09-16T07:07:27Z;;907;609
2025-09-16T07:08:01Z;;892;594
2025-09-16T07:08:20Z;448;;1340
2025-09-16T07:08:22Z;2;;894
2025-09-16T07:08:24Z;-98;;794
2025-09-16T07:08:28Z;;901;803
2025-09-16T07:08:40Z;-304;;597
2025-09-16T07:08:46Z;-299;;602
2025-09-16T07:09:03Z;;886;587
2025-09-16T07:09:11Z;;581;282
2025-09-16T07:09:12Z;;893;594
2025-09-16T07:09:13Z;104;;997
2025-09-16T07:09:14Z;;944;1048
2025-09-16T07:09:17Z;-115;;829
2025-09-16T07:09:23Z;-312;;632
2025-09-16T07:09:27Z;;1207;895
2025-09-16T07:09:29Z;;1187;875
2025-09-16T07:09:31Z;-279;;908
2025-09-16T07:10:06Z;-308;;879
2025-09-16T07:10:08Z;;1207;899
2025-09-16T07:10:45Z;-602;;605
2025-09-16T07:10:48Z;;1513;911
2025-09-16T07:11:15Z;;1409;807
2025-09-16T07:11:17Z;-534;;875
2025-09-16T07:11:33Z;;1198;664
2025-09-16T07:11:43Z;;1201;667
2025-09-16T07:11:45Z;;1194;660
2025-09-16T07:12:09Z;-296;;898
2025-09-16T07:12:29Z;-313;;881
2025-09-16T07:12:35Z;;1207;894
2025-09-16T07:13:15Z;;1197;884
2025-09-16T07:13:20Z;-298;;899
2025-09-16T07:13:34Z;-303;;894
2025-09-16T07:13:37Z;;1203;900
2025-09-16T07:13:44Z;-638;;565
2025-09-16T07:13:46Z;;1553;915
2025-09-16T07:14:13Z;;1492;854
2025-09-16T07:14:27Z;;1503;865
2025-09-16T07:14:35Z;;1499;861
2025-09-16T07:14:40Z;;1520;882
2025-09-16T07:15:02Z;;1487;849
2025-09-16T07:15:08Z;;1473;835
2025-09-16T07:15:13Z;;1503;865
2025-09-16T07:15:17Z;-665;;838
2025-09-16T07:15:32Z;;1486;821
2025-09-16T07:15:34Z;-598;;888
2025-09-16T07:15:41Z;-613;;873
2025-09-16T07:15:43Z;;1500;887
2025-09-16T07:15:52Z;-907;;593
2025-09-16T07:16:10Z;;1801;894
2025-09-16T07:16:11Z;;1794;887
2025-09-16T07:16:19Z;;1825;918
2025-09-16T07:16:27Z;-1200;;625
2025-09-16T07:16:30Z;;2106;906
2025-09-16T07:17:10Z;-1507;;599
2025-09-16T07:17:55Z;-1499;;607
2025-09-16T07:18:06Z;;2092;593
2025-09-16T07:18:08Z;-1184;;908
2025-09-16T07:18:24Z;;1794;610
2025-09-16T07:18:26Z;;1816;632
2025-09-16T07:19:13Z;-1218;;598
2025-09-16T07:19:15Z;-1194;;622
2025-09-16T07:19:17Z;-514;;1302
2025-09-16T07:19:19Z;-1203;;613
2025-09-16T07:19:26Z;-1185;;631
2025-09-16T07:20:04Z;-1207;;609
2025-09-16T07:20:11Z;-1195;;621
2025-09-16T07:20:58Z;;1798;603
2025-09-16T07:21:08Z;-895;;903
2025-09-16T07:21:10Z;-902;;896
2025-09-16T07:21:12Z;-876;;922
2025-09-16T07:21:45Z;;1489;613
2025-09-16T07:21:59Z;-587;;902
2025-09-16T07:23:08Z;;1194;607
2025-09-16T07:23:26Z;;1207;620
2025-09-16T07:23:38Z;-601;;606
2025-09-16T07:23:40Z;;1500;899
2025-09-16T07:24:03Z;;1499;898
2025-09-16T07:24:20Z;-595;;904
2025-09-16T07:24:29Z;-615;;884
2025-09-16T07:24:33Z;;1512;897
2025-09-16T07:24:46Z;-903;;609
2025-09-16T07:24:53Z;-882;;630
2025-09-16T07:25:00Z;-913;;599
2025-09-16T07:25:07Z;-890;;622
2025-09-16T07:25:12Z;-925;;587
2025-09-16T07:25:17Z;;1806;881
2025-09-16T07:25:22Z;;1796;871
2025-09-16T07:25:24Z;;1808;883
2025-09-16T07:25:47Z;;1792;867
2025-09-16T07:25:48Z;;1806;881
2025-09-16T07:26:36Z;-1210;;596
2025-09-16T07:26:45Z;;2100;890
2025-09-16T07:26:46Z;;2097;887
2025-09-16T07:26:48Z;;2115;905
2025-09-16T07:26:53Z;;2088;878
2025-09-16T07:26:56Z;-1184;;904
2025-09-16T07:27:08Z;-1215;;873
2025-09-16T07:27:10Z;;2110;895
2025-09-16T07:27:33Z;-1506;;604
2025-09-16T07:27:40Z;-1490;;620
2025-09-16T07:27:58Z;-1500;;610
2025-09-16T07:28:02Z;;2406;906
2025-09-16T07:28:04Z;;2393;893
2025-09-16T07:28:08Z;;2400;900
2025-09-16T07:28:21Z;;2385;885
2025-09-16T07:28:25Z;-1493;;892
2025-09-16T07:28:27Z;;1827;334
2025-09-16T07:28:28Z;;2230;737
2025-09-16T07:28:29Z;;1603;110
2025-09-16T07:28:30Z;;2221;728
2025-09-16T07:28:38Z;-1504;;717
2025-09-16T07:28:44Z;-1479;;742
2025-09-16T07:28:59Z;;2093;614
2025-09-16T07:29:05Z;-1185;;908
2025-09-16T07:29:22Z;;1793;608
2025-09-16T07:29:30Z;-866;;927
2025-09-16T07:29:37Z;;1489;623
2025-09-16T07:30:07Z;;1519;653
2025-09-16T07:30:09Z;;1455;589
2025-09-16T07:30:17Z;-816;;639
2025-09-16T07:30:23Z;-903;;552
2025-09-16T07:30:45Z;;1802;899
2025-09-16T07:31:09Z;;1793;890
2025-09-16T07:31:18Z;;1806;903
2025-09-16T07:31:34Z;-1200;;606
2025-09-16T07:31:55Z;;2106;906
2025-09-16T07:32:24Z;;2082;882
2025-09-16T07:32:31Z;-1188;;894
2025-09-16T07:32:41Z;;1765;577
2025-09-16T07:32:44Z;-853;;912
2025-09-16T07:32:51Z;-905;;860
2025-09-16T07:32:57Z;;1802;897
2025-09-16T07:33:06Z;;1780;875
2025-09-16T07:33:10Z;-866;;914
2025-09-16T07:33:17Z;;1497;631
2025-09-16T07:33:19Z;;1501;635
2025-09-16T07:33:29Z;-910;;591
2025-09-16T07:33:53Z;-887;;614
2025-09-16T07:33:58Z;;1475;588
2025-09-16T07:34:02Z;-597;;878
2025-09-16T07:34:06Z;-604;;871
2025-09-16T07:34:52Z;-590;;885
2025-09-16T07:34:59Z;;1186;596
2025-09-16T07:35:04Z;-291;;895
2025-09-16T07:35:06Z;-310;;876
2025-09-16T07:35:08Z;-299;;887
2025-09-16T07:35:36Z;-303;;883
2025-09-16T07:35:41Z;;1206;903
2025-09-16T07:36:11Z;-606;;600
2025-09-16T07:36:19Z;-587;;619
2025-09-16T07:36:23Z;;1162;575
2025-09-16T07:36:30Z;;1216;629
2025-09-16T07:37:03Z;-608;;608
2025-09-16T07:37:10Z;-596;;620
2025-09-16T07:37:18Z;-603;;613
2025-09-16T07:37:26Z;;1523;920
2025-09-16T07:37:31Z;-911;;612
2025-09-16T07:37:40Z;;1798;887
2025-09-16T07:37:42Z;;1792;881
2025-09-16T07:37:44Z;;1816;905
2025-09-16T07:37:59Z;;1795;884
2025-09-16T07:38:06Z;-898;;897
2025-09-16T07:38:08Z;-905;;890
2025-09-16T07:38:16Z;-891;;904
2025-09-16T07:38:20Z;-914;;881
2025-09-16T07:38:27Z;;1809;895
2025-09-16T07:38:33Z;-776;;1033
2025-09-16T07:38:35Z;-1128;;681
2025-09-16T07:38:36Z;;1321;193
2025-09-16T07:38:38Z;-593;;728
2025-09-16T07:38:39Z;-1123;1900;1307
2025-09-16T07:38:44Z;-1215;;685
2025-09-16T07:38:50Z;-1181;;719
2025-09-16T07:38:54Z;;1797;616
2025-09-16T07:38:56Z;-866;;931
2025-09-16T07:39:01Z;;1497;631
2025-09-16T07:39:05Z;;1526;660
2025-09-16T07:39:11Z;-902;;624
2025-09-16T07:39:16Z;-890;;636
2025-09-16T07:39:27Z;;1286;396
2025-09-16T07:39:28Z;;1518;628
2025-09-16T07:39:29Z;;1441;551
2025-09-16T07:39:30Z;;1513;623
2025-09-16T07:39:32Z;;1491;601
2025-09-16T07:39:42Z;-589;;902
2025-09-16T07:39:48Z;;1168;579
2025-09-16T07:39:53Z;-292;;876
2025-09-16T07:40:04Z;;896;604
2025-09-16T07:40:24Z;;901;609
2025-09-16T07:40:57Z;-302;;599
2025-09-16T07:41:05Z;;1201;899
2025-09-16T07:41:21Z;-617;;584
2025-09-16T07:41:25Z;;1508;891
2025-09-16T07:41:32Z;-902;;606
2025-09-16T07:42:01Z;;1813;911
2025-09-16T07:42:13Z;-1207;;606
2025-09-16T07:42:19Z;;2135;928
2025-09-16T07:42:23Z;-1501;;634
2025-09-16T07:42:41Z;;2418;917
2025-09-16T07:42:52Z;-1827;;591
2025-09-16T07:43:04Z;;2713;886
2025-09-16T07:43:40Z;-2121;;592
2025-09-16T07:43:55Z;;3000;879
2025-09-16T07:43:57Z;;2997;876
2025-09-16T07:43:58Z;;3005;884
2025-09-16T07:44:09Z;;2994;873
2025-09-16T07:44:11Z;;3023;902
2025-09-16T07:44:21Z;;2979;858
2025-09-16T07:44:30Z;-2088;;891
2025-09-16T07:44:40Z;-2128;;851
2025-09-16T07:44:56Z;-2091;;888
2025-09-16T07:44:58Z;-2119;;860
2025-09-16T07:45:06Z;-2060;;919
2025-09-16T07:45:08Z;;2911;851
2025-09-16T07:45:11Z;;2695;635
2025-09-16T07:45:12Z;;2705;645
2025-09-16T07:45:17Z;-2118;;587
2025-09-16T07:45:21Z;-1896;;809
2025-09-16T07:45:28Z;;3010;1114
2025-09-16T07:45:42Z;;2999;1103
2025-09-16T07:45:46Z;-2081;;918
2025-09-16T07:45:56Z;;2675;594
2025-09-16T07:45:59Z;-1761;;914
2025-09-16T07:46:08Z;-1806;;869
2025-09-16T07:46:11Z;;2729;923
2025-09-16T07:46:15Z;-2155;;574
2025-09-16T07:46:19Z;;3018;863
2025-09-16T07:46:41Z;;2997;842
2025-09-16T07:46:42Z;;3009;854
2025-09-16T07:46:44Z;;2987;832
2025-09-16T07:50:10Z;-1209;;1778
2025-09-16T07:50:12Z;;2692;1483
2025-09-16T07:50:13Z;-1187;;1505
2025-09-16T07:50:15Z;-1599;;1093
2025-09-16T07:50:18Z;-1847;;845
2025-09-16T07:50:21Z;-1793;;899
2025-09-16T07:50:24Z;;2385;592
2025-09-16T07:50:26Z;;1799;6
2025-09-16T07:50:27Z;-1471;;328
2025-09-16T07:50:28Z;;1798;327
2025-09-16T07:50:30Z;-1184;;614
2025-09-16T07:50:33Z;-50;;1748
2025-09-16T07:50:36Z;-1114;;684
2025-09-16T07:50:37Z;-893;;905
2025-09-16T07:50:39Z;-902;;896
2025-09-16T07:50:42Z;-889;;909
2025-09-16T07:51:02Z;-900;;898
2025-09-16T07:51:05Z;-885;;913
2025-09-16T07:51:30Z;;1497;612
2025-09-16T07:51:31Z;;1503;618
2025-09-16T07:51:32Z;;1492;607
2025-09-16T07:51:42Z;;1519;634
2025-09-16T07:52:08Z;-906;;613
2025-09-16T07:52:11Z;;1803;897
2025-09-16T07:52:17Z;;1793;887
2025-09-16T07:52:29Z;-879;;914
2025-09-16T07:52:34Z;;1485;606
2025-09-16T07:52:43Z;;1507;628
2025-09-16T07:53:05Z;-592;1466;587
2025-09-16T07:53:36Z;;1198;606
2025-09-16T07:53:47Z;-283;;915
2025-09-16T07:54:28Z;-307;;891
2025-09-16T07:54:32Z;;1203;896
2025-09-16T07:54:48Z;-602;;601
2025-09-16T07:54:49Z;;1501;899
2025-09-16T07:54:55Z;-920;;581
2025-09-16T07:54:58Z;;1839;919
2025-09-16T07:55:10Z;-1213;;626
2025-09-16T07:55:12Z;;2101;888
2025-09-16T07:55:21Z;-1547;;554
2025-09-16T07:55:22Z;;2449;902
2025-09-16T07:55:30Z;-1802;;647
2025-09-16T07:55:33Z;-1797;;652
2025-09-16T07:55:37Z;-1801;;648
2025-09-16T07:55:39Z;;2709;908
2025-09-16T07:55:48Z;-2106;;603
2025-09-16T07:55:49Z;;3004;898
2025-09-16T07:56:28Z;-2030;;974
2025-09-16T07:56:30Z;-2147;;857
2025-09-16T07:57:17Z;;2996;849
2025-09-16T07:57:19Z;-2090;;906
2025-09-16T07:57:21Z;-2101;;895
2025-09-16T07:57:23Z;-2097;;899
2025-09-16T07:57:26Z;-2102;;894
2025-09-16T07:57:28Z;-2099;;897
2025-09-16T07:57:51Z;-1731;;1265
2025-09-16T07:57:53Z;-1831;;1165
2025-09-16T07:58:35Z;-1786;2672;841
2025-09-16T07:58:47Z;;2124;338
2025-09-16T07:58:48Z;;2450;664
2025-09-16T07:58:54Z;;2394;608
2025-09-16T07:58:55Z;;2419;633
2025-09-16T07:58:59Z;;2358;572
2025-09-16T07:59:00Z;-1498;;860
2025-09-16T07:59:14Z;;2095;597
2025-09-16T07:59:16Z;-1192;;903
2025-09-16T07:59:31Z;;1776;584
2025-09-16T07:59:32Z;-859;;917
2025-09-16T07:59:48Z;-580;1480;621
2025-09-16T08:00:00Z;-600;;880
2025-09-16T08:00:02Z;;1507;907
2025-09-16T08:00:08Z;;1549;949
2025-09-16T08:00:09Z;-170;;1379
2025-09-16T08:00:11Z;-645;1472;1302
2025-09-16T08:00:13Z;-581;;891
2025-09-16T08:00:17Z;-555;;917
2025-09-16T08:00:23Z;-610;;862
2025-09-16T08:00:28Z;-591;;881
2025-09-16T08:00:33Z;-605;;867
2025-09-16T08:00:35Z;;1509;904
2025-09-16T08:02:43Z;;1808;1203
2025-09-16T08:02:44Z;-932;;876
2025-09-16T08:03:31Z;-1208;;600
2025-09-16T08:03:33Z;;2119;911
2025-09-16T08:04:08Z;-1522;;597
2025-09-16T08:04:09Z;;2410;888
2025-09-16T08:05:00Z;-1801;;609
2025-09-16T08:05:02Z;;2721;920
2025-09-16T08:06:08Z;-2103;;618
2025-09-16T08:06:09Z;;3009;906
2025-09-16T08:10:05Z;;2993;890
2025-09-16T08:10:08Z;-2050;;943
2025-09-16T08:10:15Z;;2672;622
2025-09-16T08:10:18Z;-1798;;874
2025-09-16T08:10:20Z;-1800;;872
2025-09-16T08:10:24Z;;2706;906
2025-09-16T08:10:29Z;;2699;899
2025-09-16T08:10:32Z;-1782;;917
2025-09-16T08:10:37Z;-1807;;892
2025-09-16T08:10:40Z;;2700;893
2025-09-16T08:10:47Z;;2691;884
2025-09-16T08:10:52Z;-1790;;901
2025-09-16T08:10:56Z;-1805;;886
2025-09-16T08:10:58Z;-1788;;903
2025-09-16T08:11:02Z;;2373;585
2025-09-16T08:11:03Z;-1460;;913
2025-09-16T08:11:09Z;;2087;627
2025-09-16T08:11:11Z;-1168;;919
2025-09-16T08:11:16Z;;1795;627
2025-09-16T08:11:20Z;;1805;637
2025-09-16T08:12:10Z;-1206;;599
2025-09-16T08:12:14Z;-1196;;609
2025-09-16T08:12:29Z;;1792;596
2025-09-16T08:12:33Z;;1807;611
2025-09-16T08:13:19Z;;1791;595
2025-09-16T08:13:21Z;-891;;900
2025-09-16T08:13:33Z;-908;;883
2025-09-16T08:13:39Z;;1818;910
2025-09-16T08:13:49Z;;1780;872
2025-09-16T08:13:51Z;-889;;891
2025-09-16T08:14:01Z;-934;1132;243
2025-09-16T08:14:02Z;;1771;837
2025-09-16T08:14:04Z;;1822;888
2025-09-16T08:14:09Z;-1215;;607
2025-09-16T08:14:12Z;;2112;897
2025-09-16T08:14:32Z;-1529;;583
2025-09-16T08:14:40Z;-1496;;616
2025-09-16T08:14:55Z;-1516;;596
2025-09-16T08:14:59Z;;2405;889
2025-09-16T08:15:08Z;;2512;996
2025-09-16T08:15:17Z;-1651;;861
2025-09-16T08:15:27Z;;2033;382
2025-09-16T08:15:28Z;;2498;847
2025-09-16T08:15:29Z;;2200;549
2025-09-16T08:15:30Z;;2471;820
2025-09-16T08:15:32Z;-1498;;973
2025-09-16T08:15:33Z;-1650;;821
2025-09-16T08:15:36Z;;2318;668
2025-09-16T08:15:38Z;;2409;759
2025-09-16T08:15:39Z;;2367;717
2025-09-16T08:15:40Z;;2411;761
2025-09-16T08:16:16Z;-1809;;602
2025-09-16T08:16:27Z;;2721;912
2025-09-16T08:16:36Z;-2128;;593
2025-09-16T08:16:40Z;-2095;;626
2025-09-16T08:16:46Z;-2106;;615
2025-09-16T08:17:03Z;;3015;909
2025-09-16T08:17:33Z;;2953;847
2025-09-16T08:17:34Z;-1960;;993
2025-09-16T08:17:38Z;-2149;;804
2025-09-16T08:17:43Z;;3031;882
2025-09-16T08:17:52Z;;2958;809
2025-09-16T08:17:54Z;;3094;945
2025-09-16T08:18:49Z;-2407;;687
2025-09-16T08:18:51Z;-2387;;707
2025-09-16T08:18:53Z;-2425;;669
2025-09-16T08:19:07Z;-2397;;697
2025-09-16T08:19:46Z;-2410;;684
2025-09-16T08:19:58Z;-2327;;767
2025-09-16T08:20:08Z;-2074;;1020
2025-09-16T08:20:10Z;;2878;804
2025-09-16T08:20:37Z;;3001;927
2025-09-16T08:20:40Z;;2882;808
2025-09-16T08:20:43Z;;3004;930
2025-09-16T08:20:47Z;;2935;861
2025-09-16T08:20:49Z;-1738;;1197
2025-09-16T08:20:50Z;;2612;874
2025-09-16T08:20:58Z;;2729;991
2025-09-16T08:20:59Z;-1822;;907
2025-09-16T08:21:03Z;;3013;1191
2025-09-16T08:21:04Z;-2100;;913
2025-09-16T08:21:12Z;;3300;1200
2025-09-16T08:21:39Z;;3156;1056
2025-09-16T08:21:40Z;;3318;1218
2025-09-16T08:21:46Z;;3154;1054
2025-09-16T08:21:47Z;;3335;1235
2025-09-16T08:22:50Z;-2400;;935
2025-09-16T08:22:52Z;-2389;;946
2025-09-16T08:22:54Z;-2402;;933
2025-09-16T08:22:57Z;-2390;;945
2025-09-16T08:22:59Z;-2413;;922
2025-09-16T08:23:01Z;-2377;;958
2025-09-16T08:23:11Z;-2409;;926
2025-09-16T08:23:13Z;-2389;;946
2025-09-16T08:23:15Z;-2401;;934
2025-09-16T08:26:08Z;;3289;888
2025-09-16T08:26:10Z;-2340;;949
2025-09-16T08:26:14Z;-2359;;930
2025-09-16T08:26:22Z;;3299;940
2025-09-16T08:26:23Z;;3330;971
2025-09-16T08:26:37Z;;3285;926
2025-09-16T08:26:40Z;-2093;3275;1182
2025-09-16T08:27:23Z;-2723;;552
2025-09-16T08:27:27Z;;3600;877
2025-09-16T08:27:32Z;;2999;276
2025-09-16T08:27:33Z;;3588;865
2025-09-16T08:27:35Z;-1792;3621;1796
2025-09-16T08:27:38Z;-1801;;1820
2025-09-16T08:27:41Z;-2425;;1196
2025-09-16T08:27:44Z;;3310;885
2025-09-16T08:27:47Z;-2427;;883
2025-09-16T08:27:50Z;;3358;931
2025-09-16T08:27:52Z;-2641;;717
2025-09-16T08:27:54Z;-2798;;560
2025-09-16T08:28:39Z;-2455;3580;782
2025-09-16T08:28:41Z;-2397;;1183
2025-09-16T08:28:44Z;-2403;;1177
2025-09-16T08:28:47Z;;3615;1212
2025-09-16T08:28:58Z;;3594;1191
2025-09-16T08:29:01Z;;3640;1237
2025-09-16T08:29:27Z;;3589;1186
2025-09-16T08:29:31Z;;3615;1212
2025-09-16T08:30:08Z;;3721;1318
2025-09-16T08:30:17Z;-2620;;1101
2025-09-16T08:30:27Z;-2309;3509;889
2025-09-16T08:30:30Z;-2069;3249;940
2025-09-16T08:30:38Z;;2991;922
2025-09-16T08:30:39Z;-1775;;1216
2025-09-16T08:30:52Z;;2697;922
2025-09-16T08:31:02Z;-1818;2711;936
2025-09-16T08:31:13Z;-2159;3043;1225
2025-09-16T08:31:17Z;;3301;1142
2025-09-16T08:31:18Z;-2413;;888
2025-09-16T08:31:31Z;-2384;3295;882
2025-09-16T08:31:39Z;-2444;3341;957
2025-09-16T08:31:47Z;-2752;3656;1212
2025-09-16T08:32:08Z;-2689;;967
2025-09-16T08:32:09Z;;3584;895
2025-09-16T08:32:16Z;-2707;3612;923
2025-09-16T08:32:20Z;-2689;;923
2025-09-16T08:32:21Z;;3597;908
2025-09-16T08:32:40Z;-2376;3285;596
2025-09-16T08:33:04Z;;3300;924
2025-09-16T08:33:05Z;-2403;;897
2025-09-16T08:33:14Z;-2714;;586
2025-09-16T08:33:16Z;;3607;893
2025-09-16T08:33:23Z;;3589;875
2025-09-16T08:33:28Z;;3602;888
2025-09-16T08:34:08Z;;3595;881
2025-09-16T08:34:11Z;-2699;;896
2025-09-16T08:34:18Z;-2702;;893
2025-09-16T08:34:22Z;-2697;;898
2025-09-16T08:34:26Z;-2707;;888
2025-09-16T08:34:32Z;;3609;902
2025-09-16T08:34:36Z;;3587;880
2025-09-16T08:34:38Z;-2658;;929
2025-09-16T08:34:57Z;;3262;604
2025-09-16T08:34:58Z;-2367;;895
2025-09-16T08:35:09Z;-2406;;856
2025-09-16T08:35:14Z;-2394;;868
2025-09-16T08:35:23Z;-2050;2916;522
2025-09-16T08:35:25Z;;2697;647
2025-09-16T08:35:27Z;-1797;;900
2025-09-16T08:35:32Z;-1807;;890
2025-09-16T08:35:42Z;-1793;;904
2025-09-16T08:35:44Z;-1814;;883
2025-09-16T08:35:45Z;;2719;905
2025-09-16T08:35:49Z;-2124;;595
2025-09-16T08:35:50Z;;3000;876
2025-09-16T08:36:09Z;-2417;;583
2025-09-16T08:36:14Z;-2384;;616
2025-09-16T08:36:23Z;-2091;2956;572
2025-09-16T08:36:26Z;-1730;2597;506
2025-09-16T08:36:28Z;;2383;653
2025-09-16T08:36:32Z;;2402;672
2025-09-16T08:36:35Z;-1869;;533
2025-09-16T08:36:36Z;;2759;890
2025-09-16T08:36:44Z;-2138;;621
2025-09-16T08:36:45Z;;3026;888
2025-09-16T08:36:48Z;-2424;;602
2025-09-16T08:36:50Z;;3451;1027
2025-09-16T08:36:52Z;-2710;;741
2025-09-16T08:36:54Z;-2692;;759
2025-09-16T08:37:04Z;;3302;610
2025-09-16T08:37:08Z;-2381;;921
2025-09-16T08:37:25Z;;2956;575
2025-09-16T08:37:26Z;-2024;;932
2025-09-16T08:37:30Z;;2689;665
2025-09-16T08:37:31Z;-1797;;892
2025-09-16T08:37:40Z;;2389;592
2025-09-16T08:37:45Z;-1491;;898
2025-09-16T08:37:52Z;;2083;592
2025-09-16T08:37:54Z;;2115;624
2025-09-16T08:38:06Z;-1534;;581
2025-09-16T08:38:08Z;;2426;892
2025-09-16T08:38:16Z;-1819;;607
2025-09-16T08:38:19Z;;2721;902
2025-09-16T08:38:32Z;;2675;856
2025-09-16T08:38:34Z;-1791;;884
2025-09-16T08:38:37Z;-1816;;859
2025-09-16T08:38:39Z;;2700;884
2025-09-16T08:38:42Z;;2684;868
2025-09-16T08:38:44Z;-1787;;897
2025-09-16T08:38:53Z;;2369;582
2025-09-16T08:38:54Z;-1471;;898
2025-09-16T08:38:59Z;;2072;601
2025-09-16T08:39:01Z;-1177;;895
2025-09-16T08:39:16Z;;1798;621
2025-09-16T08:39:28Z;-893;;905
2025-09-16T08:41:05Z;-901;;897
2025-09-16T08:41:12Z;;1821;920
2025-09-16T08:41:38Z;-1200;;621
2025-09-16T08:41:40Z;-1182;;639
2025-09-16T08:41:48Z;-1220;;601
2025-09-16T08:41:55Z;;2115;895
2025-09-16T08:42:04Z;;2094;874
2025-09-16T08:42:06Z;-1156;;938
2025-09-16T08:42:52Z;;1789;633
2025-09-16T08:43:07Z;-881;;908
2025-09-16T08:43:32Z;-908;;881
2025-09-16T08:43:36Z;;1828;920
2025-09-16T08:43:42Z;-1218;;610
2025-09-16T08:43:45Z;;2107;889
2025-09-16T08:44:29Z;;2097;879
2025-09-16T08:44:35Z;;2102;884
2025-09-16T08:44:37Z;;2098;880
2025-09-16T08:44:46Z;;2112;894
2025-09-16T08:44:54Z;;2095;877
2025-09-16T08:44:56Z;;2106;888
2025-09-16T08:45:08Z;;2164;946
2025-09-16T08:45:14Z;;2067;849
2025-09-16T08:45:15Z;;2127;909
2025-09-16T08:45:17Z;-1316;;811
2025-09-16T08:45:20Z;;2095;779
2025-09-16T08:45:24Z;;2114;798
2025-09-16T08:45:29Z;;2098;782
2025-09-16T08:45:32Z;-1187;;911
2025-09-16T08:45:41Z;;1791;604
2025-09-16T08:45:48Z;-879;;912
2025-09-16T08:47:13Z;;1498;619
2025-09-16T08:47:16Z;;1500;621
2025-09-16T08:47:19Z;;1498;619
2025-09-16T08:47:25Z;;1079;200
2025-09-16T08:47:26Z;;1491;612
2025-09-16T08:47:27Z;-474;;1017
2025-09-16T08:47:29Z;-685;;806
2025-09-16T08:47:30Z;;1501;816
2025-09-16T08:47:32Z;;1484;799
2025-09-16T08:47:39Z;;1502;817
2025-09-16T08:47:40Z;;1496;811
2025-09-16T08:47:53Z;;1500;815
2025-09-16T08:47:54Z;;1496;811
2025-09-16T08:48:15Z;;1500;815
2025-09-16T08:48:17Z;;1497;812
2025-09-16T08:48:21Z;;1504;819
2025-09-16T08:48:22Z;;1499;814
2025-09-16T08:48:24Z;;1505;820
2025-09-16T08:49:48Z;-904;;601
2025-09-16T08:49:50Z;-871;;634
2025-09-16T08:49:59Z;-900;;605
2025-09-16T08:50:01Z;-890;;615
2025-09-16T08:50:03Z;-909;;596
2025-09-16T08:50:05Z;-880;;625
2025-09-16T08:50:07Z;-908;;597
2025-09-16T08:50:32Z;;1801;893
2025-09-16T08:50:43Z;-1211;;590
2025-09-16T08:50:47Z;;2151;940
2025-09-16T08:50:52Z;-1522;;629
2025-09-16T08:50:54Z;;2417;895
2025-09-16T08:51:16Z;;2352;830
2025-09-16T08:51:18Z;-1414;;938
2025-09-16T08:51:19Z;;2098;684
2025-09-16T08:51:21Z;-1154;;944
2025-09-16T08:51:25Z;;1789;635
2025-09-16T08:51:32Z;-884;;905
2025-09-16T08:51:39Z;-907;;882
2025-09-16T08:51:52Z;;1805;898
2025-09-16T08:52:16Z;-1215;;590
2025-09-16T08:52:18Z;;2118;903
2025-09-16T08:52:23Z;-1518;;600
2025-09-16T08:52:24Z;;2419;901
2025-09-16T08:52:29Z;-1832;2700;587
2025-09-16T08:52:33Z;-2140;3022;560
2025-09-16T08:52:37Z;-2461;3336;561
2025-09-16T08:52:41Z;-2706;;630
2025-09-16T08:52:43Z;;3626;920
2025-09-16T08:53:01Z;-3004;;622
2025-09-16T08:53:02Z;-2941;;685
2025-09-16T08:53:04Z;;3534;593
2025-09-16T08:53:05Z;-2638;;896
2025-09-16T08:53:08Z;-2728;3646;806
2025-09-16T08:53:12Z;-2631;;1015
2025-09-16T08:53:17Z;-2393;3255;624
2025-09-16T08:53:21Z;-2413;3304;842
2025-09-16T08:53:25Z;-2716;;588
2025-09-16T08:53:26Z;;3628;912
2025-09-16T08:53:40Z;-3000;;628
2025-09-16T08:53:42Z;;3980;980
2025-09-16T08:54:00Z;-3316;;664
2025-09-16T08:54:01Z;;4211;895
2025-09-16T08:54:04Z;;4191;875
2025-09-16T08:54:05Z;-3297;;894
2025-09-16T08:54:45Z;-2991;3870;573
2025-09-16T08:54:49Z;-2625;3504;207
2025-09-16T08:55:04Z;;3262;637
2025-09-16T08:55:05Z;;3384;759
2025-09-16T08:55:22Z;-2738;;646
2025-09-16T08:55:23Z;;3647;909
2025-09-16T08:55:32Z;;3579;841
2025-09-16T08:55:36Z;-2662;;917
2025-09-16T08:55:43Z;;3285;623
2025-09-16T08:55:45Z;-2392;;893
2025-09-16T08:55:49Z;-2405;;880
2025-09-16T08:55:50Z;;3392;987
2025-09-16T08:55:53Z;-2744;3646;648
2025-09-16T08:55:56Z;-2658;3564;820
2025-09-16T08:55:58Z;-2367;3287;629
2025-09-16T08:56:00Z;-1967;2884;517
2025-09-16T08:56:04Z;;2664;697
2025-09-16T08:56:05Z;-1735;;929
2025-09-16T08:56:18Z;;2391;656
2025-09-16T08:56:20Z;-1484;;907
2025-09-16T08:58:14Z;-1507;;884
2025-09-16T08:58:27Z;-1499;;892
2025-09-16T08:58:35Z;-1523;;868
2025-09-16T08:58:38Z;;2440;917
2025-09-16T08:59:02Z;-1824;;616
2025-09-16T08:59:08Z;;2702;878
2025-09-16T08:59:12Z;;2684;860
2025-09-16T08:59:21Z;-1789;;895
2025-09-16T08:59:23Z;-1808;;876
2025-09-16T08:59:24Z;-1783;;901
2025-09-16T08:59:27Z;-1813;;871
2025-09-16T08:59:32Z;-1793;;891
2025-09-16T08:59:34Z;-1805;;879
2025-09-16T08:59:55Z;;2717;912
2025-09-16T09:00:00Z;-2115;;602
2025-09-16T09:00:04Z;-2097;;620
2025-09-16T09:00:08Z;;2887;790
2025-09-16T09:00:11Z;-2130;;757
2025-09-16T09:00:16Z;-2079;;808
2025-09-16T09:00:19Z;-2147;;740
2025-09-16T09:00:29Z;-2107;;780
2025-09-16T09:00:34Z;-2097;;790
2025-09-16T09:00:35Z;-2123;;764
2025-09-16T09:00:38Z;-2071;;816
2025-09-16T09:00:41Z;;2684;613
2025-09-16T09:00:45Z;;2724;653
2025-09-16T09:00:50Z;-2118;;606
2025-09-16T09:00:55Z;;3008;890
2025-09-16T09:01:04Z;-2413;;595
2025-09-16T09:01:09Z;-2362;;646
2025-09-16T09:01:20Z;;2972;610
2025-09-16T09:01:28Z;;3043;681
2025-09-16T09:01:54Z;;2993;631
2025-09-16T09:01:57Z;;3024;662
2025-09-16T09:02:14Z;;2960;598
2025-09-16T09:02:19Z;-2095;;865
2025-09-16T09:02:23Z;-2121;;839
2025-09-16T09:02:29Z;-2090;;870
2025-09-16T09:02:34Z;-2100;;860
2025-09-16T09:02:37Z;;3050;950
2025-09-16T09:02:42Z;;2972;872
2025-09-16T09:02:54Z;-2060;;912
2025-09-16T09:03:10Z;;2699;639
2025-09-16T09:03:13Z;;2717;657
2025-09-16T09:03:19Z;;2670;610
2025-09-16T09:03:24Z;-1776;;894
2025-09-16T09:03:25Z;-1815;;855
2025-09-16T09:03:32Z;-1789;;881
2025-09-16T09:03:37Z;-1803;;867
2025-09-16T09:03:38Z;-1796;;874
2025-09-16T09:03:40Z;-1802;;868
2025-09-16T09:03:41Z;-1779;;891
2025-09-16T09:03:43Z;;2337;558
2025-09-16T09:03:58Z;;2405;626
2025-09-16T09:04:00Z;;2397;618
2025-09-16T09:04:06Z;-1484;;913
2025-09-16T09:04:32Z;;2069;585
2025-09-16T09:04:44Z;;2135;651
2025-09-16T09:04:50Z;-1518;;617
2025-09-16T09:04:53Z;-1413;;722
2025-09-16T09:04:54Z;-1624;;511
2025-09-16T09:05:01Z;;2414;790
2025-09-16T09:05:05Z;;2383;759
2025-09-16T09:05:17Z;-1493;;890
2025-09-16T09:05:27Z;;2098;605
2025-09-16T09:05:29Z;;2105;612
2025-09-16T09:05:36Z;-1527;;578
2025-09-16T09:05:40Z;-1460;;645
2025-09-16T09:05:42Z;;2076;616
2025-09-16T09:05:51Z;;2113;653
2025-09-16T09:06:03Z;;2094;634
2025-09-16T09:06:11Z;;2100;640
2025-09-16T09:06:17Z;-1500;;600
2025-09-16T09:06:19Z;-1477;;623
2025-09-16T09:06:30Z;;2097;620
2025-09-16T09:06:43Z;-1173;;924
2025-09-16T09:06:47Z;-1212;;885
2025-09-16T09:07:19Z;-1171;;926
2025-09-16T09:07:54Z;;1783;612
2025-09-16T09:08:14Z;;1820;649
2025-09-16T09:08:18Z;-1217;;603
2025-09-16T09:08:23Z;;2103;886
2025-09-16T09:08:24Z;;2090;873
2025-09-16T09:08:25Z;;2114;897
2025-09-16T09:08:27Z;;2090;873
2025-09-16T09:08:35Z;-1190;;900
2025-09-16T09:08:36Z;-1207;;883
2025-09-16T09:08:43Z;;2114;907
2025-09-16T09:09:07Z;-1517;;597
2025-09-16T09:09:11Z;-1493;;621
2025-09-16T09:09:16Z;-1510;;604
2025-09-16T09:09:25Z;;2405;895
2025-09-16T09:09:31Z;;2365;855
2025-09-16T09:09:32Z;;2485;975
2025-09-16T09:09:53Z;-1820;;665
2025-09-16T09:10:10Z;;2746;926
2025-09-16T09:10:13Z;-2100;;646
2025-09-16T09:10:16Z;-2089;;657
2025-09-16T09:10:25Z;-2109;;637
2025-09-16T09:10:33Z;;3000;891
2025-09-16T09:10:35Z;;2933;824
2025-09-16T09:10:36Z;;3027;918
2025-09-16T09:10:40Z;;2978;869
2025-09-16T09:10:45Z;-2090;;888
2025-09-16T09:10:50Z;-2114;;864
2025-09-16T09:10:54Z;;3008;894
2025-09-16T09:11:00Z;;2994;880
2025-09-16T09:11:02Z;;3002;888
2025-09-16T09:11:13Z;-2406;;596
2025-09-16T09:11:14Z;-2382;;620
2025-09-16T09:11:16Z;-2402;;600
2025-09-16T09:11:19Z;-2395;;607
2025-09-16T09:11:46Z;;2999;604
2025-09-16T09:11:47Z;;3000;605
2025-09-16T09:12:01Z;-2430;;570
2025-09-16T09:12:05Z;;3333;903
2025-09-16T09:12:12Z;-2711;;622
2025-09-16T09:12:26Z;-2642;;691
2025-09-16T09:12:29Z;;3252;610
2025-09-16T09:12:40Z;;3309;667
2025-09-16T09:12:47Z;;3295;653
2025-09-16T09:12:53Z;;3302;660
2025-09-16T09:13:02Z;-2703;;599
2025-09-16T09:13:04Z;-2684;;618
2025-09-16T09:13:06Z;-2709;;593
2025-09-16T09:13:25Z;-2683;;619
2025-09-16T09:13:26Z;;2615;-68
2025-09-16T09:13:27Z;-1569;;1046
2025-09-16T09:13:29Z;-2283;;332
2025-09-16T09:13:37Z;-2438;;177
2025-09-16T09:13:44Z;-2723;;-108
2025-09-16T09:13:50Z;;3605;882
2025-09-16T09:13:58Z;;3567;844
2025-09-16T09:14:02Z;-2647;;920
2025-09-16T09:14:03Z;;3293;646
2025-09-16T09:14:04Z;;3369;722
2025-09-16T09:14:05Z;-2730;;639
2025-09-16T09:14:42Z;;3616;886
2025-09-16T09:14:47Z;;3575;845
2025-09-16T09:15:00Z;;3609;879
2025-09-16T09:15:08Z;;3685;955
2025-09-16T09:15:13Z;-3021;;664
2025-09-16T09:15:17Z;-2980;;705
2025-09-16T09:15:21Z;-2997;;688
2025-09-16T09:15:23Z;-2992;;693
2025-09-16T09:15:25Z;-3011;;674
2025-09-16T09:15:41Z;;3905;894
2025-09-16T09:15:51Z;;3820;809
2025-09-16T09:15:52Z;;3980;969
2025-09-16T09:16:02Z;-3322;;658
2025-09-16T09:16:18Z;-3289;;691
2025-09-16T09:16:20Z;-3310;;670
2025-09-16T09:17:18Z;-3168;;812
2025-09-16T09:17:20Z;-3321;;659
2025-09-16T09:17:22Z;-3289;;691
2025-09-16T09:17:24Z;-3324;;656
2025-09-16T09:17:26Z;-2141;;1839
2025-09-16T09:17:27Z;-1626;;2354
2025-09-16T09:17:28Z;;2587;961
2025-09-16T09:17:29Z;-3314;3987;2361
2025-09-16T09:17:31Z;-3295;;692
2025-09-16T09:17:33Z;-3340;;647
2025-09-16T09:17:37Z;-3254;;733
2025-09-16T09:17:42Z;;3894;640
2025-09-16T09:17:45Z;;3942;688
2025-09-16T09:17:47Z;-3320;;622
2025-09-16T09:17:51Z;;4209;889
2025-09-16T09:17:54Z;;4174;854
2025-09-16T09:18:07Z;;4217;897
2025-09-16T09:18:10Z;-3274;;943
2025-09-16T09:18:12Z;-3461;;756
2025-09-16T09:18:21Z;;4159;698
2025-09-16T09:18:28Z;;4202;741
2025-09-16T09:18:31Z;;4172;711
2025-09-16T09:18:49Z;-3290;;882
2025-09-16T09:18:55Z;;3870;580
2025-09-16T09:19:05Z;;3923;633
2025-09-16T09:19:19Z;-3312;;611
2025-09-16T09:19:39Z;;4205;893
2025-09-16T09:19:46Z;;4145;833
2025-09-16T09:19:48Z;-3240;;905
2025-09-16T09:19:50Z;;3862;622
2025-09-16T09:19:51Z;;3950;710
2025-09-16T09:19:55Z;;3870;630
2025-09-16T09:19:56Z;;3958;718
2025-09-16T09:19:59Z;;3848;608
2025-09-16T09:20:01Z;-2959;;889
2025-09-16T09:20:11Z;-3009;;839
2025-09-16T09:20:13Z;-2993;;855
2025-09-16T09:20:18Z;-3004;;844
2025-09-16T09:20:25Z;-2936;;912
2025-09-16T09:20:26Z;;3589;653
2025-09-16T09:20:28Z;-2671;;918
2025-09-16T09:20:34Z;;3258;587
2025-09-16T09:20:40Z;-2381;;877
2025-09-16T09:20:42Z;-2403;;855
2025-09-16T09:20:47Z;-2387;;871
2025-09-16T09:20:57Z;-2428;;830
2025-09-16T09:21:04Z;-2399;;859
2025-09-16T09:21:07Z;-2433;;825
2025-09-16T09:21:10Z;-2385;;873
2025-09-16T09:21:15Z;-2414;;844
2025-09-16T09:21:17Z;-2397;;861
2025-09-16T09:21:25Z;-2420;;838
2025-09-16T09:21:31Z;-2382;;876
2025-09-16T09:21:35Z;-2412;;846
2025-09-16T09:21:38Z;-2378;;880
2025-09-16T09:22:12Z;-2411;3300;922
2025-09-16T09:22:18Z;-2372;3270;859
2025-09-16T09:22:22Z;-2424;;846
2025-09-16T09:22:23Z;;3350;926
2025-09-16T09:22:30Z;;3607;1183
2025-09-16T09:22:31Z;-2711;;896
2025-09-16T09:22:33Z;;3596;885
2025-09-16T09:22:34Z;;3612;901
2025-09-16T09:23:05Z;-3003;3904;1193
2025-09-16T09:23:07Z;-2994;;910
2025-09-16T09:23:08Z;;3895;901
2025-09-16T09:23:56Z;-2696;3586;592
2025-09-16T09:23:59Z;-2703;;883
2025-09-16T09:24:00Z;;3605;902
2025-09-16T09:24:06Z;-2675;3570;867
2025-09-16T09:25:28Z;-2725;;845
2025-09-16T09:25:29Z;;3645;920
2025-09-16T09:25:38Z;;3596;871
2025-09-16T09:25:39Z;-2690;;906
2025-09-16T09:25:41Z;-2722;;874
2025-09-16T09:25:42Z;;3610;888
2025-09-16T09:26:09Z;-3038;3917;1195
2025-09-16T09:27:04Z;-2987;3878;840
2025-09-16T09:27:14Z;;3587;600
2025-09-16T09:27:16Z;;3622;635
2025-09-16T09:28:37Z;-3005;;617
2025-09-16T09:28:38Z;;3904;899
2025-09-16T09:30:08Z;;4062;1057
2025-09-16T09:30:17Z;-3192;;870
2025-09-16T09:37:52Z;-3309;;753
2025-09-16T09:38:33Z;-3299;;763
2025-09-16T09:38:35Z;-3302;;760
2025-09-16T09:38:44Z;-3295;;767
2025-09-16T09:39:00Z;-3300;;762
2025-09-16T09:39:02Z;-3299;;763
2025-09-16T09:39:04Z;-3303;;759
2025-09-16T09:39:43Z;-3292;;770
2025-09-16T09:39:51Z;-3300;;762
2025-09-16T09:40:21Z;-3298;;764
2025-09-16T09:40:23Z;-3352;;710
2025-09-16T09:40:29Z;-3225;;837
2025-09-16T09:40:31Z;-3344;;718
2025-09-16T09:40:33Z;-3293;;769
2025-09-16T09:40:35Z;-3304;;758
2025-09-16T09:40:51Z;-3038;3821;517
2025-09-16T09:40:52Z;;3322;284
2025-09-16T09:40:54Z;-2594;;728
2025-09-16T09:40:56Z;;3032;438
2025-09-16T09:40:57Z;-2703;2411;-183
2025-09-16T09:40:58Z;-2601;;-190
2025-09-16T09:40:59Z;;1994;-607
2025-09-16T09:41:00Z;-2274;2843;-280
2025-09-16T09:41:01Z;;2843;569
2025-09-16T09:41:02Z;;3166;892
2025-09-16T09:41:03Z;;2873;599
2025-09-16T09:41:04Z;;1892;-382
2025-09-16T09:41:05Z;;964;-1310
2025-09-16T09:41:06Z;;689;-1585
2025-09-16T09:41:07Z;;906;-1368
2025-09-16T09:41:12Z;;1485;-789
2025-09-16T09:41:13Z;;2679;405
2025-09-16T09:41:14Z;;3101;827
2025-09-16T09:41:15Z;;2984;710
2025-09-16T09:41:19Z;;2544;270
2025-09-16T09:41:20Z;;2140;-134
2025-09-16T09:41:21Z;;1886;-388
2025-09-16T09:41:23Z;;2861;587
2025-09-16T09:41:24Z;;3642;1368
2025-09-16T09:41:29Z;;4068;1794
2025-09-16T09:45:08Z;;4155;1881
2025-09-16T09:45:18Z;-3388;;767
2025-09-16T09:46:16Z;;4200;812
2025-09-16T09:46:17Z;;4196;808
2025-09-16T09:46:45Z;;4202;814
2025-09-16T09:47:59Z;;4199;811
2025-09-16T09:48:00Z;;4200;812
2025-09-16T09:54:22Z;;4188;800
2025-09-16T09:54:24Z;;4200;812
2025-09-16T09:54:25Z;;4199;811
2025-09-16T09:54:26Z;;4204;816
2025-09-16T09:54:28Z;;4196;808
2025-09-16T09:54:32Z;;4203;815
2025-09-16T09:57:37Z;;4197;809
2025-09-16T10:00:54Z;;4167;779
2025-09-16T10:00:57Z;;4214;826
2025-09-16T10:01:50Z;;4165;777
2025-09-16T10:01:53Z;-3230;;935
2025-09-16T10:01:56Z;-2958;;1207
2025-09-16T10:01:58Z;;3562;604
2025-09-16T10:02:01Z;-2594;;968
2025-09-16T10:02:04Z;;3864;1270
2025-09-16T10:02:07Z;;3248;654
2025-09-16T10:02:10Z;-2345;;903
2025-09-16T10:02:13Z;-2559;;689
2025-09-16T10:02:16Z;;3496;937
2025-09-16T10:02:19Z;;3758;1199
2025-09-16T10:02:22Z;-2836;;922
2025-09-16T10:02:25Z;;3978;1142
2025-09-16T10:02:28Z;-2236;;1742
2025-09-16T10:02:31Z;;4296;2060
2025-09-16T10:02:34Z;-3061;;1235
2025-09-16T10:02:37Z;-3349;;947
2025-09-16T10:03:51Z;-3273;4156;807
2025-09-16T10:03:56Z;-3303;4234;853
2025-09-16T10:04:22Z;;4179;876
2025-09-16T10:04:24Z;-3294;;885
2025-09-16T10:05:11Z;;3889;595
2025-09-16T10:05:14Z;;3919;625
2025-09-16T10:05:32Z;;3896;602
2025-09-16T10:05:37Z;;3911;617
2025-09-16T10:05:40Z;;3897;603
2025-09-16T10:05:41Z;;3900;606
2025-09-16T10:06:09Z;;3884;590
2025-09-16T10:06:10Z;;3969;675
2025-09-16T10:06:26Z;-3307;;662
2025-09-16T10:06:29Z;-3297;;672
2025-09-16T10:06:31Z;-3302;4210;913
2025-09-16T10:07:07Z;-3282;4182;880
2025-09-16T10:07:10Z;;3879;597
2025-09-16T10:07:11Z;-2937;;942
2025-09-16T10:07:12Z;;3402;465
2025-09-16T10:07:16Z;-2319;3626;1083
2025-09-16T10:07:20Z;-2594;;1032
2025-09-16T10:07:21Z;;3971;1377
2025-09-16T10:07:22Z;-2747;;879
2025-09-16T10:07:24Z;;4284;1537
2025-09-16T10:07:25Z;-3075;;1209
2025-09-16T10:07:28Z;-3359;;925
2025-09-16T10:07:35Z;-3251;4179;1033
2025-09-16T10:07:38Z;;4243;992
2025-09-16T10:07:39Z;-3320;;923
2025-09-16T10:07:44Z;-3284;;959
2025-09-16T10:07:45Z;;4179;895
2025-09-16T10:07:51Z;;4299;1015
2025-09-16T10:07:52Z;-3387;;912
2025-09-16T10:11:43Z;-3610;;689
2025-09-16T10:11:46Z;-3599;;700
2025-09-16T10:11:49Z;-3610;;689
2025-09-16T10:11:52Z;-3590;;709
2025-09-16T10:11:54Z;;4498;908
2025-09-16T10:11:55Z;;4500;910
2025-09-16T10:11:58Z;-3603;;897
2025-09-16T10:12:00Z;-3594;;906
2025-09-16T10:12:03Z;-3613;;887
2025-09-16T10:12:11Z;-3576;4459;846
2025-09-16T10:12:15Z;-3034;4013;437
2025-09-16T10:12:16Z;;3776;742
2025-09-16T10:12:17Z;;3569;535
2025-09-16T10:12:19Z;-2825;;744
2025-09-16T10:12:21Z;-2666;;903
2025-09-16T10:12:25Z;-2724;;845
2025-09-16T10:12:28Z;;3234;510
2025-09-16T10:12:30Z;-2658;;576
2025-09-16T10:12:31Z;;2904;246
2025-09-16T10:12:33Z;-2337;;567
2025-09-16T10:12:35Z;;2671;334
2025-09-16T10:12:36Z;-2030;;641
2025-09-16T10:12:38Z;-1771;;900
2025-09-16T10:12:41Z;-1818;;853
2025-09-16T10:12:43Z;;2704;886
2025-09-16T10:12:44Z;-1787;;917
2025-09-16T10:12:46Z;-1902;3128;1341
2025-09-16T10:12:48Z;;3371;1469
2025-09-16T10:12:49Z;-2171;;1200
2025-09-16T10:12:50Z;;3183;1012
2025-09-16T10:12:52Z;-2463;2917;720
2025-09-16T10:12:54Z;-2275;;642
2025-09-16T10:12:55Z;;2604;329
2025-09-16T10:12:57Z;-2048;;556
2025-09-16T10:12:59Z;-1717;2342;294
2025-09-16T10:13:01Z;;2401;684
2025-09-16T10:13:02Z;-1476;;925
2025-09-16T10:13:03Z;;2742;1266
2025-09-16T10:13:05Z;-1616;;1126
2025-09-16T10:13:07Z;-1948;;794
2025-09-16T10:13:09Z;-2108;3026;1078
2025-09-16T10:13:14Z;-2436;;590
2025-09-16T10:13:15Z;;3412;976
2025-09-16T10:13:17Z;;3633;1197
2025-09-16T10:13:18Z;;3546;1110
2025-09-16T10:13:19Z;-2752;;794
2025-09-16T10:13:20Z;;3188;436
2025-09-16T10:13:23Z;-2628;;560
2025-09-16T10:13:24Z;;3359;731
2025-09-16T10:13:25Z;-2304;;1055
2025-09-16T10:13:27Z;-2467;;892
2025-09-16T10:13:29Z;;3623;1156
2025-09-16T10:13:30Z;-2719;;904
2025-09-16T10:13:45Z;;3903;1184
2025-09-16T10:13:46Z;;3885;1166
2025-09-16T10:13:48Z;;3949;1230
2025-09-16T10:13:49Z;-3040;;909
2025-09-16T10:13:56Z;-2994;;955
2025-09-16T10:13:57Z;;3875;881
2025-09-16T10:13:59Z;-2798;;1077
2025-09-16T10:14:00Z;;3574;776
2025-09-16T10:14:11Z;;3629;831
2025-09-16T10:14:12Z;-2744;;885
2025-09-16T10:14:14Z;;3908;1164
2025-09-16T10:14:15Z;-3019;;889
2025-09-16T10:14:17Z;-3347;4291;1272
2025-09-16T10:14:51Z;-3299;;992
2025-09-16T10:14:54Z;;4199;900
2025-09-16T10:15:08Z;;4070;771
2025-09-16T10:15:14Z;;4211;912
2025-09-16T10:15:16Z;-3311;;900
2025-09-16T10:15:19Z;-3123;;1088
2025-09-16T10:15:21Z;-3299;;912
2025-09-16T10:15:24Z;;4164;865
2025-09-16T10:15:32Z;;4210;911
2025-09-16T10:15:34Z;-3340;;870
2025-09-16T10:15:41Z;-3263;;947
2025-09-16T10:15:45Z;-3310;;900
2025-09-16T10:15:49Z;;4502;1192
2025-09-16T10:15:56Z;-3603;;899
2025-09-16T10:15:58Z;-3599;;903
2025-09-16T10:16:01Z;-3606;;896
2025-09-16T10:16:09Z;-3473;;1029
2025-09-16T10:16:12Z;-3659;;843
2025-09-16T10:16:19Z;-3593;;909
2025-09-16T10:16:23Z;-3614;;888
2025-09-16T10:18:43Z;;4799;1185
2025-09-16T10:18:46Z;-3860;;939
2025-09-16T10:19:59Z;-2740;;2059
2025-09-16T10:20:00Z;;3606;866
2025-09-16T10:20:12Z;-2695;;911
2025-09-16T10:20:15Z;-2709;;897
2025-09-16T10:20:18Z;-3005;3293;601
2025-09-16T10:20:19Z;;3900;895
2025-09-16T10:20:21Z;-2399;;1501
2025-09-16T10:20:24Z;;3318;919
2025-09-16T10:20:27Z;-2405;;913
2025-09-16T10:20:32Z;;3877;1472
2025-09-16T10:20:33Z;-2973;;904
2025-09-16T10:20:50Z;-3010;3926;867
2025-09-16T10:20:53Z;-3357;;569
2025-09-16T10:20:54Z;;4245;888
2025-09-16T10:21:04Z;-3265;;980
2025-09-16T10:21:07Z;-3311;;934
2025-09-16T10:21:09Z;;4217;906
2025-09-16T10:21:15Z;-3607;;610
2025-09-16T10:21:23Z;;4500;893
2025-09-16T10:23:49Z;;4440;833
2025-09-16T10:23:50Z;;4611;1004
2025-09-16T10:24:55Z;;4492;885
2025-09-16T10:25:00Z;-3596;;896
2025-09-16T10:25:17Z;-3609;;883
2025-09-16T10:25:21Z;;4502;893
2025-09-16T10:25:22Z;;4498;889
2025-09-16T10:25:23Z;;4501;892
2025-09-16T10:25:31Z;;4494;885
2025-09-16T10:25:42Z;-3586;;908
2025-09-16T10:25:51Z;-3600;;894
2025-09-16T10:25:59Z;;4503;903
2025-09-16T10:26:09Z;-3597;;906
2025-09-16T10:26:28Z;-3611;;892
2025-09-16T10:26:30Z;;4517;906
2025-09-16T10:26:36Z;;4493;882
2025-09-16T10:26:37Z;;4532;921
2025-09-16T10:27:15Z;-3575;4460;849
2025-09-16T10:27:24Z;-3611;;849
2025-09-16T10:27:25Z;;4513;902
2025-09-16T10:28:04Z;-3551;4437;826
2025-09-16T10:28:07Z;;4185;634
2025-09-16T10:28:08Z;-3255;3568;17
2025-09-16T10:28:11Z;-2763;;805
2025-09-16T10:28:12Z;;3933;1170
2025-09-16T10:28:13Z;-2593;4383;1620
2025-09-16T10:28:14Z;;4545;1952
2025-09-16T10:28:15Z;-3246;;1299
2025-09-16T10:28:18Z;-3562;;983
2025-09-16T10:28:22Z;-3690;;855
2025-09-16T10:28:23Z;-3575;4173;970
2025-09-16T10:28:25Z;;4251;676
2025-09-16T10:28:28Z;-3647;4581;604
2025-09-16T10:28:31Z;-3327;4366;719
2025-09-16T10:28:32Z;;3341;14
2025-09-16T10:28:33Z;;2269;-1058
2025-09-16T10:28:35Z;-2216;1904;-1423
2025-09-16T10:28:36Z;;1795;-421
2025-09-16T10:28:38Z;-1343;;452
2025-09-16T10:28:41Z;-1085;;710
2025-09-16T10:28:43Z;-837;;958
2025-09-16T10:28:46Z;-1004;;791
2025-09-16T10:28:48Z;;1450;446
2025-09-16T10:28:49Z;-764;;686
2025-09-16T10:28:51Z;-911;;539
2025-09-16T10:28:53Z;;1546;635
2025-09-16T10:28:54Z;-881;;665
2025-09-16T10:28:55Z;;1835;954
2025-09-16T10:28:56Z;;2493;1612
2025-09-16T10:28:58Z;;3599;2718
2025-09-16T10:28:59Z;-1177;;2422
2025-09-16T10:29:00Z;-1886;3181;2004
2025-09-16T10:29:01Z;;2651;765
2025-09-16T10:29:03Z;-2537;;114
2025-09-16T10:29:05Z;-2731;2729;192
2025-09-16T10:29:07Z;-2514;;215
2025-09-16T10:29:08Z;;3090;576
2025-09-16T10:29:09Z;;2637;123
2025-09-16T10:29:10Z;;1776;-738
2025-09-16T10:29:11Z;-2241;;-465
2025-09-16T10:29:12Z;;1484;-757
2025-09-16T10:29:13Z;;1652;-589
2025-09-16T10:29:14Z;-1753;;-101
2025-09-16T10:29:16Z;-1966;;-314
2025-09-16T10:29:17Z;;1445;-521
2025-09-16T10:29:19Z;-2172;;-727
2025-09-16T10:29:21Z;;1185;-987
2025-09-16T10:29:22Z;-1633;;-448
2025-09-16T10:29:24Z;-872;;313
2025-09-16T10:29:27Z;-533;;652
2025-09-16T10:29:31Z;-293;;892
2025-09-16T10:30:08Z;;978;685
2025-09-16T10:30:18Z;-221;;757
2025-09-16T10:30:37Z;-303;;675
2025-09-16T10:30:55Z;;1206;903
2025-09-16T10:31:06Z;-739;;467
2025-09-16T10:31:07Z;;1556;817
2025-09-16T10:31:10Z;-585;1443;971
2025-09-16T10:31:18Z;-609;;834
2025-09-16T10:31:21Z;-557;;886
2025-09-16T10:31:51Z;-716;;727
2025-09-16T10:31:52Z;;1935;1219
2025-09-16T10:31:53Z;;2662;1946
2025-09-16T10:31:54Z;;3253;2537
2025-09-16T10:31:55Z;;3604;2888
2025-09-16T10:31:56Z;-1318;;2286
2025-09-16T10:31:58Z;-1995;3471;1609
2025-09-16T10:32:00Z;-2554;;917
2025-09-16T10:32:01Z;;3376;822
2025-09-16T10:32:02Z;-2808;4076;1522
2025-09-16T10:32:03Z;;4702;1894
2025-09-16T10:32:04Z;;4805;1997
2025-09-16T10:32:05Z;-2542;;2263
2025-09-16T10:32:06Z;-2018;;2787
2025-09-16T10:32:08Z;-2712;;2093
2025-09-16T10:32:10Z;-3359;;1446
2025-09-16T10:32:12Z;-3665;;1140
2025-09-16T10:32:14Z;-3931;;874
2025-09-16T10:32:17Z;;4788;857
2025-09-16T10:32:19Z;-3886;;902
2025-09-16T10:32:27Z;-3576;4422;536
2025-09-16T10:32:30Z;-3613;;809
2025-09-16T10:32:31Z;;4619;1006
2025-09-16T10:32:34Z;-3938;;681
2025-09-16T10:32:38Z;;4802;864
2025-09-16T10:32:39Z;;4788;850
2025-09-16T10:32:40Z;;4831;893
2025-09-16T10:33:09Z;;4798;860
2025-09-16T10:33:10Z;;4805;867
2025-09-16T10:33:12Z;;4782;844
2025-09-16T10:33:14Z;-3859;;923
2025-09-16T10:33:16Z;-3930;;852
2025-09-16T10:33:20Z;;4808;878
2025-09-16T10:34:30Z;;4792;862
2025-09-16T10:34:39Z;;4800;870
2025-09-16T10:34:40Z;;4794;864
2025-09-16T10:34:42Z;-3754;;1040
2025-09-16T10:34:43Z;;4267;513
2025-09-16T10:34:45Z;;3938;184
2025-09-16T10:34:46Z;;3611;-143
2025-09-16T10:34:47Z;-3401;3175;210
2025-09-16T10:34:48Z;;2811;-590
2025-09-16T10:34:51Z;-3093;;-282
2025-09-16T10:34:52Z;-2728;2652;83
2025-09-16T10:34:53Z;;3094;366
2025-09-16T10:34:56Z;;4248;1520
2025-09-16T10:34:57Z;-2332;;1916
2025-09-16T10:34:58Z;-1997;4662;2251
2025-09-16T10:35:01Z;-1746;;2916
2025-09-16T10:35:03Z;-1400;;3262
2025-09-16T10:35:05Z;-1504;;3158
2025-09-16T10:35:06Z;;4443;2939
2025-09-16T10:35:07Z;-2046;;2397
2025-09-16T10:35:09Z;-2352;;2091
2025-09-16T10:35:12Z;-2923;4681;1520
2025-09-16T10:35:14Z;-3724;;957
2025-09-16T10:35:16Z;-3517;;1164
2025-09-16T10:35:18Z;-3746;;935
2025-09-16T10:35:25Z;-3918;;763
2025-09-16T10:35:32Z;-3883;;798
2025-09-16T10:35:35Z;-3909;;772
2025-09-16T10:35:48Z;-3528;4468;559
2025-09-16T10:35:49Z;;3965;437
2025-09-16T10:35:51Z;-3202;;763
2025-09-16T10:35:52Z;;4397;1195
2025-09-16T10:35:54Z;-3736;;661
2025-09-16T10:35:57Z;-3041;;1356
2025-09-16T10:35:59Z;-1961;;2436
2025-09-16T10:36:02Z;-1464;;2933
2025-09-16T10:36:05Z;-1621;;2776
2025-09-16T10:36:07Z;-2346;;2051
2025-09-16T10:36:10Z;-2941;;1456
2025-09-16T10:36:13Z;-3156;;1241
2025-09-16T10:36:15Z;-2957;;1440
2025-09-16T10:36:18Z;-1935;;2462
2025-09-16T10:36:21Z;-991;;3406
2025-09-16T10:36:23Z;-579;;3818
2025-09-16T10:36:26Z;-700;;3697
2025-09-16T10:36:28Z;-997;;3400
2025-09-16T10:36:31Z;-1246;;3151
2025-09-16T10:36:33Z;-1321;;3076
2025-09-16T10:36:36Z;-2453;;1944
2025-09-16T10:36:37Z;-3361;;1036
2025-09-16T10:36:44Z;-3879;;518
2025-09-16T10:36:47Z;-3899;;498
2025-09-16T10:36:54Z;-3552;;845
2025-09-16T10:36:56Z;-3083;;1314
2025-09-16T10:36:58Z;-2957;;1440
2025-09-16T10:37:00Z;-3184;;1213
2025-09-16T10:37:02Z;-3616;;781
2025-09-16T10:37:15Z;-3032;;1365
2025-09-16T10:37:19Z;-2289;;2108
2025-09-16T10:37:21Z;-1936;;2461
2025-09-16T10:37:23Z;-1763;;2634
2025-09-16T10:37:26Z;-1300;;3097
2025-09-16T10:37:28Z;-798;;3599
2025-09-16T10:37:30Z;-592;;3805
2025-09-16T10:37:32Z;-266;;4131
2025-09-16T10:37:35Z;-312;;4085
2025-09-16T10:38:14Z;;1255;943
2025-09-16T10:38:16Z;-848;;407
2025-09-16T10:38:17Z;;2044;1196
2025-09-16T10:38:18Z;;2324;1476
2025-09-16T10:38:20Z;-1447;1623;775
2025-09-16T10:38:21Z;;1091;-356
2025-09-16T10:38:23Z;-723;;368
2025-09-16T10:38:25Z;-304;;787
2025-09-16T10:38:28Z;-254;;837
2025-09-16T10:39:14Z;-300;;791
2025-09-16T10:39:18Z;-285;;806
2025-09-16T10:39:20Z;-341;;750
2025-09-16T10:39:23Z;;1214;873
2025-09-16T10:39:27Z;-639;1516;1175
2025-09-16T10:39:31Z;-985;;531
2025-09-16T10:39:32Z;;1809;824
2025-09-16T10:39:34Z;-882;1732;747
2025-09-16T10:39:36Z;;2166;1284
2025-09-16T10:39:37Z;-930;;1236
2025-09-16T10:39:38Z;;2886;1956
2025-09-16T10:39:39Z;;3337;2407
2025-09-16T10:39:40Z;;3679;2749
2025-09-16T10:39:41Z;-1540;;2139
2025-09-16T10:39:42Z;;3418;1878
2025-09-16T10:39:44Z;-2169;3791;1249
2025-09-16T10:39:45Z;;4055;1886
2025-09-16T10:39:46Z;;4347;2178
2025-09-16T10:39:48Z;-2617;4121;1730
2025-09-16T10:39:50Z;;3673;1056
2025-09-16T10:39:52Z;;3199;582
2025-09-16T10:39:53Z;-2848;2785;351
2025-09-16T10:39:54Z;-2586;;199
2025-09-16T10:39:56Z;-2731;;54
2025-09-16T10:39:57Z;;3063;332
2025-09-16T10:39:58Z;-3270;2758;27
2025-09-16T10:39:59Z;;2369;-901
2025-09-16T10:40:00Z;;1660;-1610
2025-09-16T10:40:01Z;-3529;1383;-1869
2025-09-16T10:40:04Z;-3217;;-1834
2025-09-16T10:40:06Z;-2749;1505;-1712
2025-09-16T10:40:07Z;;1853;-896
2025-09-16T10:40:08Z;;1771;-978
2025-09-16T10:40:09Z;-2545;;-774
2025-09-16T10:40:12Z;-1915;;-144
2025-09-16T10:40:14Z;-1866;1879;-36
2025-09-16T10:40:17Z;-1387;;492
2025-09-16T10:40:18Z;-588;2341;1291
2025-09-16T10:40:20Z;-779;;1562
2025-09-16T10:40:21Z;;2475;1696
2025-09-16T10:40:22Z;-1028;2778;1447
2025-09-16T10:40:23Z;-885;;1893
2025-09-16T10:40:24Z;;3298;2413
2025-09-16T10:40:25Z;-942;3994;3109
2025-09-16T10:40:26Z;-1303;;2691
2025-09-16T10:40:27Z;;4177;2874
2025-09-16T10:40:28Z;-1554;4238;2935
2025-09-16T10:40:31Z;-2040;;2198
2025-09-16T10:40:34Z;-2630;;1608
2025-09-16T10:40:36Z;-3223;;1015
2025-09-16T10:40:38Z;-3341;;897
2025-09-16T10:40:41Z;-3608;;630
2025-09-16T10:40:42Z;-3931;;307
2025-09-16T10:40:45Z;-3894;;344
2025-09-16T10:40:47Z;-3917;;321
2025-09-16T10:40:50Z;-3889;;349
2025-09-16T10:42:51Z;;4297;408
2025-09-16T10:42:52Z;-3413;;884
2025-09-16T10:42:55Z;-3260;4197;784
2025-09-16T10:42:56Z;;3697;437
2025-09-16T10:42:58Z;-2765;;932
2025-09-16T10:42:59Z;;3442;677
2025-09-16T10:43:00Z;;3274;509
2025-09-16T10:43:01Z;-2621;;653
2025-09-16T10:43:03Z;;3387;766
2025-09-16T10:43:04Z;-2381;4059;1006
2025-09-16T10:43:05Z;;4487;2106
2025-09-16T10:43:06Z;;4574;2193
2025-09-16T10:43:07Z;-2710;;1864
2025-09-16T10:43:09Z;-3315;;1259
2025-09-16T10:43:11Z;-3683;;891
2025-09-16T10:43:13Z;-3913;;661
2025-09-16T10:43:16Z;-3897;;677
2025-09-16T10:43:22Z;-3571;;1003
2025-09-16T10:43:25Z;-3616;;958
2025-09-16T10:43:28Z;-3597;;977
2025-09-16T10:43:30Z;-3600;;974
2025-09-16T10:43:48Z;-3445;;1129
2025-09-16T10:43:53Z;-3828;;746
2025-09-16T10:44:15Z;-3512;;1062
2025-09-16T10:44:19Z;-3809;;765
2025-09-16T10:45:02Z;-3482;;1092
2025-09-16T10:45:07Z;-3804;;770
2025-09-16T10:45:08Z;;4660;856
2025-09-16T10:45:17Z;-3785;;875
2025-09-16T10:45:21Z;-3528;;1132
2025-09-16T10:45:26Z;-3788;;872
2025-09-16T10:46:10Z;-3490;;1170
2025-09-16T10:46:15Z;-3822;;838
2025-09-16T10:46:24Z;;4211;389
2025-09-16T10:46:25Z;-3357;4675;854
2025-09-16T10:46:29Z;-3832;;843
2025-09-16T10:46:33Z;-3525;;1150
2025-09-16T10:46:36Z;-3771;;904
2025-09-16T10:48:25Z;;4382;611
2025-09-16T10:48:26Z;-3519;;863
2025-09-16T10:48:28Z;;4186;667
2025-09-16T10:48:29Z;;4329;810
2025-09-16T10:48:34Z;-3621;;708
2025-09-16T10:48:36Z;-3591;;738
2025-09-16T10:48:39Z;-3664;;665
2025-09-16T10:48:54Z;-3589;;740
2025-09-16T10:48:58Z;;4115;526
2025-09-16T10:48:59Z;;4377;788
2025-09-16T10:49:03Z;-3614;;763
2025-09-16T10:49:06Z;-3595;;782
2025-09-16T10:49:08Z;-3701;;676
2025-09-16T10:49:10Z;;4001;300
2025-09-16T10:49:11Z;-3542;;459
2025-09-16T10:49:13Z;-3205;;796
2025-09-16T10:49:14Z;;4243;1038
2025-09-16T10:49:17Z;-3317;;926
2025-09-16T10:49:20Z;-3615;;628
2025-09-16T10:49:27Z;;4507;892
2025-09-16T10:49:29Z;-3584;;923
2025-09-16T10:49:32Z;-3743;;764
2025-09-16T10:50:02Z;;4484;741
2025-09-16T10:50:13Z;;4502;759
2025-09-16T10:50:14Z;;4487;744
2025-09-16T10:50:20Z;;4510;767
2025-09-16T10:50:52Z;;4499;756
2025-09-16T10:51:13Z;-3541;;958
2025-09-16T10:51:16Z;-3630;;869
2025-09-16T10:51:19Z;-3536;;963
2025-09-16T10:51:21Z;-3614;;885
2025-09-16T10:51:24Z;-3588;;911
2025-09-16T10:51:25Z;-3616;;883
2025-09-16T10:51:32Z;-3594;;905
2025-09-16T10:52:44Z;-3608;;891
2025-09-16T10:52:46Z;-3598;;901
2025-09-16T10:52:49Z;-3614;;885
2025-09-16T10:52:51Z;-3591;;908
2025-09-16T10:52:54Z;-3606;;893
2025-09-16T10:52:56Z;-3587;;912
2025-09-16T10:52:59Z;-3618;;881
2025-09-16T10:53:50Z;-3599;;900
2025-09-16T10:53:52Z;-3605;;894
2025-09-16T10:53:56Z;-3597;;902
2025-09-16T10:53:59Z;-3608;;891
2025-09-16T10:54:02Z;-3581;;918
2025-09-16T10:54:04Z;-3604;;895
2025-09-16T10:54:07Z;-3573;;926
2025-09-16T10:54:20Z;-3601;;898
2025-09-16T10:54:27Z;;4504;903
2025-09-16T10:54:57Z;;4497;896
2025-09-16T10:54:58Z;;4502;901
2025-09-16T10:55:01Z;;4498;897
2025-09-16T10:55:03Z;;4509;908
2025-09-16T10:56:20Z;;4477;876
2025-09-16T10:56:21Z;-3597;;880
2025-09-16T10:56:23Z;-3608;;869
2025-09-16T10:56:24Z;;3883;275
2025-09-16T10:56:25Z;;4167;559
2025-09-16T10:56:26Z;-3565;3864;602
2025-09-16T10:56:28Z;;3833;268
2025-09-16T10:56:29Z;-3176;;657
2025-09-16T10:56:31Z;-3355;3404;228
2025-09-16T10:56:34Z;-2798;;606
2025-09-16T10:56:37Z;-2260;;1144
2025-09-16T10:56:39Z;-1357;;2047
2025-09-16T10:56:42Z;-978;;2426
2025-09-16T10:56:44Z;-798;;2606
2025-09-16T10:56:47Z;-466;;2938
2025-09-16T10:56:50Z;-706;;2698
2025-09-16T10:56:52Z;-1405;;1999
2025-09-16T10:56:55Z;-1705;;1699
2025-09-16T10:56:58Z;-1865;;1539
2025-09-16T10:57:01Z;-1515;;1889
2025-09-16T10:57:04Z;-1148;;2256
2025-09-16T10:57:07Z;-877;;2527
2025-09-16T10:57:09Z;-1977;;1427
2025-09-16T10:57:12Z;-1473;;1931
2025-09-16T10:57:15Z;-1049;;2355
2025-09-16T10:57:17Z;-457;;2947
2025-09-16T10:57:20Z;-224;;3180
2025-09-16T10:57:23Z;-309;;3095
2025-09-16T10:57:25Z;-280;;3124
2025-09-16T10:57:28Z;-379;;3025
2025-09-16T10:57:31Z;-601;;2803
2025-09-16T10:57:33Z;-395;;3009
2025-09-16T10:57:36Z;-268;;3136
2025-09-16T10:57:39Z;-330;;3074
2025-09-16T10:57:41Z;-299;;3105
2025-09-16T10:57:44Z;-312;;3092
2025-09-16T10:57:47Z;-281;;3123
2025-09-16T10:57:49Z;-306;;3098
2025-09-16T10:57:52Z;-907;;2497
2025-09-16T10:57:55Z;-1698;;1706
2025-09-16T10:57:57Z;-2607;;797
2025-09-16T10:58:00Z;-3306;;98
2025-09-16T10:58:03Z;-3636;;-232
2025-09-16T10:58:09Z;-3477;;-73
2025-09-16T10:58:12Z;-2970;;434
2025-09-16T10:58:14Z;-2332;;1072
2025-09-16T10:58:17Z;-1719;;1685
2025-09-16T10:58:20Z;-1006;;2398
2025-09-16T10:58:22Z;-833;;2571
2025-09-16T10:58:25Z;-396;;3008
2025-09-16T10:58:27Z;-247;;3157
2025-09-16T10:59:33Z;;911;664
2025-09-16T10:59:38Z;-322;;589
2025-09-16T10:59:39Z;;1288;966
2025-09-16T10:59:42Z;-671;1536;617
2025-09-16T10:59:45Z;;1846;1175
2025-09-16T10:59:46Z;-943;;903
2025-09-16T10:59:47Z;;2629;1686
2025-09-16T10:59:48Z;;3241;2298
2025-09-16T10:59:49Z;-1456;3689;2233
2025-09-16T10:59:50Z;;4080;2624
2025-09-16T10:59:51Z;;4215;2759
2025-09-16T10:59:53Z;-2044;;2171
2025-09-16T10:59:55Z;-2585;;1630
2025-09-16T10:59:58Z;-2952;;1263
2025-09-16T10:59:59Z;;4065;1113
2025-09-16T11:00:01Z;-3308;4262;757
2025-09-16T11:00:03Z;-3149;4502;1194
2025-09-16T11:00:05Z;;4415;1266
2025-09-16T11:00:06Z;-3471;;944
2025-09-16T11:00:07Z;;4144;673
2025-09-16T11:00:09Z;-3668;4585;476
2025-09-16T11:00:10Z;;4271;603
2025-09-16T11:00:11Z;-3461;4595;927
2025-09-16T11:00:14Z;-3291;;1304
2025-09-16T11:00:15Z;;4475;1184
2025-09-16T11:00:16Z;;3886;595
2025-09-16T11:00:17Z;-3347;1734;539
2025-09-16T11:00:19Z;-3709;1278;-2069
2025-09-16T11:00:20Z;;1092;-2617
2025-09-16T11:00:21Z;-3661;;-2569
2025-09-16T11:00:24Z;-3489;;-2397
2025-09-16T11:00:26Z;-2623;868;-2621
2025-09-16T11:00:29Z;-1434;;-566
2025-09-16T11:00:35Z;-721;;147
2025-09-16T11:00:38Z;-399;;469
2025-09-16T11:00:41Z;-255;;613
2025-09-16T11:00:43Z;-325;;543
2025-09-16T11:00:46Z;-279;;589
2025-09-16T11:00:49Z;3;;871
2025-09-16T11:01:00Z;440;;1308
2025-09-16T11:01:06Z;237;;1105
2025-09-16T11:01:26Z;337;;1205
2025-09-16T11:01:32Z;31;;899
2025-09-16T11:01:34Z;-17;;851
2025-09-16T11:01:37Z;5;;873
2025-09-16T11:01:40Z;-9;;859
2025-09-16T11:01:48Z;;906;897
2025-09-16T11:02:03Z;;1226;1217
2025-09-16T11:02:04Z;;1918;1909
2025-09-16T11:02:05Z;-552;3026;1366
2025-09-16T11:02:06Z;;3967;3415
2025-09-16T11:02:07Z;;4526;3974
2025-09-16T11:02:08Z;-1451;;3075
2025-09-16T11:02:11Z;-2514;4811;2012
2025-09-16T11:02:12Z;;4769;2255
2025-09-16T11:02:13Z;;4817;2303
2025-09-16T11:02:14Z;-3243;;1574
2025-09-16T11:02:16Z;-3759;;1058
2025-09-16T11:02:17Z;;4783;1024
2025-09-16T11:02:18Z;;4820;1061
2025-09-16T11:02:19Z;-3913;;907
2025-09-16T11:02:22Z;-3879;;941
2025-09-16T11:02:24Z;-3948;4780;901
2025-09-16T11:02:25Z;;4815;867
2025-09-16T11:02:27Z;-3896;;919
2025-09-16T11:02:30Z;-3923;;892
2025-09-16T11:02:33Z;;4794;871
2025-09-16T11:02:36Z;;4802;879
2025-09-16T11:02:37Z;;4799;876
2025-09-16T11:03:00Z;-3895;;904
2025-09-16T11:03:02Z;-3901;;898
2025-09-16T11:03:05Z;-3894;;905
2025-09-16T11:04:15Z;;4492;598
2025-09-16T11:04:17Z;;4524;630
2025-09-16T11:04:30Z;-3542;;982
2025-09-16T11:04:33Z;-3682;;842
2025-09-16T11:06:02Z;-3585;;939
2025-09-16T11:06:36Z;-3723;;801
2025-09-16T11:07:37Z;-3454;;1070
2025-09-16T11:07:40Z;-3698;4574;1120
2025-09-16T11:08:30Z;;4440;742
2025-09-16T11:08:32Z;-3515;;925
2025-09-16T11:08:36Z;-3603;;837
2025-09-16T11:08:37Z;;4502;899
2025-09-16T11:09:29Z;-3597;;905
2025-09-16T11:09:32Z;-3602;;900
2025-09-16T11:09:34Z;-3596;;906
2025-09-16T11:09:37Z;-3602;;900
2025-09-16T11:09:40Z;-3599;;903
2025-09-16T11:09:42Z;-3609;4499;900
2025-09-16T11:09:43Z;;4501;892
2025-09-16T11:09:45Z;-3597;;904
2025-09-16T11:09:48Z;-3617;;884
2025-09-16T11:09:50Z;-3598;4499;882
2025-09-16T11:09:51Z;;4501;903
2025-09-16T11:09:53Z;-3633;;868
2025-09-16T11:09:55Z;;4502;869
2025-09-16T11:09:56Z;;4497;864
2025-09-16T11:10:29Z;-3596;;901
2025-09-16T11:10:34Z;-3600;;897
2025-09-16T11:10:36Z;-3594;;903
2025-09-16T11:10:39Z;-3600;;897
2025-09-16T11:10:42Z;-3592;;905
2025-09-16T11:10:44Z;-3600;;897
2025-09-16T11:10:47Z;-3599;;898
2025-09-16T11:10:49Z;-3613;;884
2025-09-16T11:10:52Z;-3588;;909
2025-09-16T11:10:55Z;-3609;;888
2025-09-16T11:11:08Z;-3596;;901
2025-09-16T11:11:10Z;-3603;;894
2025-09-16T11:11:13Z;-3597;;900
2025-09-16T11:11:16Z;-3600;;897
2025-09-16T11:12:09Z;;4502;902
2025-09-16T11:12:10Z;;4494;894
2025-09-16T11:12:12Z;;4500;900
2025-09-16T11:12:13Z;;4495;895
2025-09-16T11:12:27Z;;4502;902
2025-09-16T11:12:43Z;;4499;899
2025-09-16T11:12:45Z;;4502;902
2025-09-16T11:12:46Z;;4492;892
2025-09-16T11:12:57Z;-3476;;1016
2025-09-16T11:12:59Z;-3613;;879
2025-09-16T11:13:03Z;-3594;;898
2025-09-16T11:13:07Z;-3601;;891
2025-09-16T11:13:10Z;-3593;;899
2025-09-16T11:14:39Z;-3600;;892
2025-09-16T11:14:44Z;-3598;;894
2025-09-16T11:14:48Z;-3601;;891
2025-09-16T11:14:50Z;-3594;;898
2025-09-16T11:15:08Z;;4473;879
2025-09-16T11:15:18Z;-3574;;899
2025-09-16T11:16:58Z;-3602;;871
2025-09-16T11:17:02Z;-3455;;1018
2025-09-16T11:17:05Z;-3603;;870
2025-09-16T11:17:16Z;-3592;;881
2025-09-16T11:17:19Z;-3604;;869
2025-09-16T11:17:21Z;-3599;;874
2025-09-16T11:17:23Z;-3601;;872
2025-09-16T11:17:27Z;-3598;;875
2025-09-16T11:17:47Z;-3600;;873
2025-09-16T11:17:51Z;-3599;;874
2025-09-16T11:17:53Z;-3604;;869
2025-09-16T11:17:57Z;-3591;;882
2025-09-16T11:18:01Z;-3600;;873
2025-09-16T11:18:03Z;-3599;;874
2025-09-16T11:18:06Z;-3602;;871
2025-09-16T11:18:09Z;-3596;;877
2025-09-16T11:18:11Z;-3605;;868
2025-09-16T11:18:13Z;-3594;;879
2025-09-16T11:18:15Z;-3600;;873
2025-09-16T11:18:18Z;-3597;;876
2025-09-16T11:18:21Z;-3600;;873
2025-09-16T11:18:30Z;-3592;;881
2025-09-16T11:18:32Z;-3600;;873
2025-09-16T11:18:35Z;-3598;;875
2025-09-16T11:18:38Z;-3600;;873
2025-09-16T11:18:41Z;-3597;;876
2025-09-16T11:18:44Z;-3604;;869
2025-09-16T11:18:51Z;;4503;899
2025-09-16T11:18:54Z;;4013;409
2025-09-16T11:18:55Z;-3307;4502;898
2025-09-16T11:18:58Z;-3622;4492;1185
2025-09-16T11:18:59Z;;4501;879
2025-09-16T11:19:00Z;;4486;864
2025-09-16T11:19:01Z;-3569;;917
2025-09-16T11:19:03Z;-3625;4501;932
2025-09-16T11:19:04Z;;4483;858
2025-09-16T11:19:05Z;;4500;875
2025-09-16T11:19:12Z;;4492;867
2025-09-16T11:19:18Z;-3588;;904
2025-09-16T11:19:52Z;;4184;596
2025-09-16T11:19:55Z;-3285;;899
2025-09-16T11:19:58Z;-3300;;884
2025-09-16T11:20:00Z;-3297;;887
2025-09-16T11:20:15Z;-3305;;879
2025-09-16T11:20:18Z;;4208;903
2025-09-16T11:21:04Z;;4190;885
2025-09-16T11:21:07Z;-3276;;914
2025-09-16T11:21:20Z;-3306;;884
2025-09-16T11:21:23Z;;4208;902
2025-09-16T11:21:54Z;-3603;;605
2025-09-16T11:21:57Z;-3596;;612
2025-09-16T11:22:32Z;-3299;4169;573
2025-09-16T11:22:44Z;-3316;;853
2025-09-16T11:22:47Z;-3289;;880
2025-09-16T11:23:14Z;-3301;;868
2025-09-16T11:23:17Z;-3267;;902
2025-09-16T11:23:28Z;-3306;;863
2025-09-16T11:23:33Z;-3270;;899
2025-09-16T11:23:39Z;-3340;4221;951
2025-09-16T11:23:44Z;;4196;856
2025-09-16T11:23:45Z;-3299;;897
2025-09-16T11:23:48Z;;4202;903
2025-09-16T11:23:49Z;-3309;;893
2025-09-16T11:24:09Z;-3615;;587
2025-09-16T11:24:41Z;;4501;886
2025-09-16T11:25:01Z;;4254;639
2025-09-16T11:25:02Z;-3188;4542;927
2025-09-16T11:25:04Z;-3735;;807
2025-09-16T11:25:43Z;;4458;723
2025-09-16T11:25:46Z;-3586;;872
2025-09-16T11:25:48Z;-3109;4003;417
2025-09-16T11:25:49Z;;3612;503
2025-09-16T11:25:50Z;-2735;3299;190
2025-09-16T11:25:52Z;-2491;;808
2025-09-16T11:25:53Z;-2863;3535;1044
2025-09-16T11:25:55Z;-3228;3907;1044
2025-09-16T11:25:56Z;-3392;;515
2025-09-16T11:25:57Z;;3727;335
2025-09-16T11:25:58Z;-3283;;444
2025-09-16T11:25:59Z;-2853;;874
2025-09-16T11:26:00Z;;3451;598
2025-09-16T11:26:01Z;;3744;891
2025-09-16T11:26:02Z;-2612;4061;1132
2025-09-16T11:26:04Z;-2768;4292;1680
2025-09-16T11:26:06Z;;4506;1738
2025-09-16T11:26:07Z;-3042;;1464
2025-09-16T11:26:09Z;-3335;4469;1427
2025-09-16T11:26:12Z;-3680;;789
2025-09-16T11:26:17Z;;4506;826
2025-09-16T11:26:18Z;;4484;804
2025-09-16T11:26:24Z;-3567;;917
2025-09-16T11:26:26Z;;4199;632
2025-09-16T11:26:28Z;-3291;;908
2025-09-16T11:26:32Z;;3827;536
2025-09-16T11:26:35Z;;3966;675
2025-09-16T11:26:38Z;-3350;;616
2025-09-16T11:26:40Z;;4208;858
2025-09-16T11:26:42Z;-3255;;953
2025-09-16T11:26:44Z;-3303;;905
2025-09-16T11:26:47Z;-3293;;915
2025-09-16T11:26:49Z;-3335;;873
2025-09-16T11:27:31Z;;4149;814
2025-09-16T11:27:32Z;;4345;1010
2025-09-16T11:28:29Z;-3603;;742
2025-09-16T11:28:37Z;-3488;3760;857
2025-09-16T11:28:38Z;;2635;-853
2025-09-16T11:28:39Z;;2212;-1276
2025-09-16T11:28:41Z;-2683;;-471
2025-09-16T11:28:43Z;;2029;-654
2025-09-16T11:28:44Z;-1665;;364
2025-09-16T11:28:45Z;;1607;-58
2025-09-16T11:28:46Z;;1366;-299
2025-09-16T11:28:47Z;-1420;;-54
2025-09-16T11:28:48Z;;1631;211
2025-09-16T11:28:49Z;-1529;;102
2025-09-16T11:28:50Z;;1422;-107
2025-09-16T11:28:51Z;;1197;-332
2025-09-16T11:28:52Z;-1166;;31
2025-09-16T11:28:55Z;-782;;415
2025-09-16T11:28:57Z;-907;;290
2025-09-16T11:29:00Z;-844;;353
2025-09-16T11:29:02Z;-425;1224;380
2025-09-16T11:29:04Z;-298;;926
2025-09-16T11:29:05Z;;1175;877
2025-09-16T11:29:06Z;-314;;861
2025-09-16T11:29:07Z;;1223;909
2025-09-16T11:29:09Z;-696;1584;1270
2025-09-16T11:29:11Z;;1970;1274
2025-09-16T11:29:12Z;-909;;1061
2025-09-16T11:29:14Z;;2104;1195
2025-09-16T11:29:15Z;-1254;;850
2025-09-16T11:29:18Z;;1996;742
2025-09-16T11:29:20Z;;2176;922
2025-09-16T11:29:22Z;-1684;2661;492
2025-09-16T11:29:23Z;;2918;1234
2025-09-16T11:29:24Z;;3144;1460
2025-09-16T11:29:25Z;;3420;1736
2025-09-16T11:29:26Z;-1968;;1452
2025-09-16T11:29:27Z;;3713;1745
2025-09-16T11:29:28Z;;3932;1964
2025-09-16T11:29:29Z;-2215;;1717
2025-09-16T11:29:31Z;-2438;4201;1986
2025-09-16T11:29:34Z;-2710;;1491
2025-09-16T11:29:36Z;;4518;1808
2025-09-16T11:29:37Z;-3181;;1337
2025-09-16T11:29:39Z;-3362;;1156
2025-09-16T11:29:42Z;-3627;;891
2025-09-16T11:29:54Z;;4472;845
2025-09-16T11:29:56Z;-3464;;1008
2025-09-16T11:30:00Z;;4132;668
2025-09-16T11:30:01Z;-3271;3837;861
2025-09-16T11:30:03Z;-2942;3431;160
2025-09-16T11:30:04Z;;3153;211
2025-09-16T11:30:06Z;-2565;;588
2025-09-16T11:30:07Z;;3308;743
2025-09-16T11:30:09Z;-2342;3153;966
2025-09-16T11:30:11Z;-2518;;635
2025-09-16T11:30:16Z;-2713;;440
2025-09-16T11:30:17Z;;3615;902
2025-09-16T11:30:20Z;;3988;1275
2025-09-16T11:30:22Z;-2601;;1387
2025-09-16T11:30:23Z;-3007;;981
2025-09-16T11:30:25Z;-3324;4235;911
2025-09-16T11:30:33Z;-3605;4502;630
2025-09-16T11:30:37Z;;4493;888
2025-09-16T11:30:38Z;-3565;;928
2025-09-16T11:30:49Z;;4199;634
2025-09-16T11:30:50Z;-3250;;949
2025-09-16T11:31:18Z;-3311;;888
2025-09-16T11:31:21Z;;4202;891
2025-09-16T11:31:43Z;;4178;867
2025-09-16T11:31:44Z;-3248;;930
2025-09-16T11:31:45Z;;3889;641
2025-09-16T11:31:46Z;;3992;744
2025-09-16T11:31:47Z;-3476;4303;1055
2025-09-16T11:31:53Z;-3614;;689
2025-09-16T11:31:55Z;;4502;888
2025-09-16T11:31:58Z;;4499;885
2025-09-16T11:32:04Z;-3590;;909
2025-09-16T11:32:24Z;;4179;589
2025-09-16T11:32:26Z;;4209;619
2025-09-16T11:32:57Z;-3603;;606
2025-09-16T11:33:01Z;;4500;897
2025-09-16T11:33:02Z;;4496;893
2025-09-16T11:33:03Z;-3599;;897
2025-09-16T11:33:14Z;-3610;4504;905
2025-09-16T11:33:48Z;;4487;877
2025-09-16T11:33:49Z;-3583;;904
2025-09-16T11:34:07Z;-3608;;879
2025-09-16T11:34:10Z;-3598;;889
2025-09-16T11:34:12Z;-3603;;884
2025-09-16T11:34:15Z;-3589;;898
2025-09-16T11:34:27Z;-3600;;887
2025-09-16T11:34:31Z;;4503;903
2025-09-16T11:35:15Z;;4488;888
2025-09-16T11:35:19Z;-3584;;904
2025-09-16T11:35:59Z;;4194;610
2025-09-16T11:36:04Z;-3216;;978
2025-09-16T11:36:51Z;;4206;990
2025-09-16T11:36:57Z;-3302;;904
2025-09-16T11:37:14Z;-3291;;915
2025-09-16T11:37:22Z;;4192;901
2025-09-16T11:37:27Z;;4227;936
2025-09-16T11:37:28Z;-3324;;903
2025-09-16T11:37:36Z;-3291;;936
2025-09-16T11:37:38Z;-3314;;913
2025-09-16T11:37:47Z;-3258;4198;884
2025-09-16T11:38:21Z;;4217;959
2025-09-16T11:38:23Z;-3301;;916
2025-09-16T11:38:33Z;-3257;4164;863
2025-09-16T11:38:34Z;;4327;1070
2025-09-16T11:38:38Z;-3389;;938
2025-09-16T11:38:44Z;-3276;;1051
2025-09-16T11:38:47Z;-3386;;941
2025-09-16T11:38:49Z;;4141;755
2025-09-16T11:38:50Z;-3261;;880
2025-09-16T11:38:54Z;-3359;4277;1016
2025-09-16T11:40:21Z;-3240;3903;1037
2025-09-16T11:40:22Z;;3437;197
2025-09-16T11:40:23Z;;3093;-147
2025-09-16T11:40:24Z;-2853;2857;240
2025-09-16T11:40:26Z;-2429;2672;428
2025-09-16T11:40:27Z;;2399;-30
2025-09-16T11:40:30Z;;2407;-22
2025-09-16T11:40:31Z;-2136;2278;271
2025-09-16T11:40:33Z;-1920;;358
2025-09-16T11:40:34Z;;2095;175
2025-09-16T11:40:35Z;-1717;;378
2025-09-16T11:40:36Z;-1461;2135;418
2025-09-16T11:40:38Z;;2092;631
2025-09-16T11:40:39Z;;2162;701
2025-09-16T11:40:43Z;;2096;635
2025-09-16T11:40:45Z;-1138;;958
2025-09-16T11:40:47Z;;1741;603
2025-09-16T11:40:48Z;-842;;899
2025-09-16T11:40:49Z;;1496;654
2025-09-16T11:40:51Z;-509;;987
2025-09-16T11:40:59Z;-631;;865
2025-09-16T11:41:00Z;;1532;901
2025-09-16T11:41:05Z;;1487;856
2025-09-16T11:41:07Z;-573;;914
2025-09-16T11:41:32Z;;1511;938
2025-09-16T11:41:33Z;-672;;839
2025-09-16T11:41:35Z;;1922;1250
2025-09-16T11:41:36Z;-924;;998
2025-09-16T11:41:37Z;;2291;1367
2025-09-16T11:41:38Z;;2442;1518
2025-09-16T11:41:39Z;-1260;;1182
2025-09-16T11:41:41Z;-1577;2234;974
2025-09-16T11:41:43Z;;2094;517
2025-09-16T11:41:44Z;-1323;;771
2025-09-16T11:41:45Z;;2132;809
2025-09-16T11:41:47Z;;2451;1128
2025-09-16T11:41:48Z;-1623;2777;1454
2025-09-16T11:41:49Z;;3137;1514
2025-09-16T11:41:50Z;;3463;1840
2025-09-16T11:41:51Z;-1951;;1512
2025-09-16T11:41:52Z;;3747;1796
2025-09-16T11:41:53Z;;3929;1978
2025-09-16T11:41:54Z;-2309;4280;1620
2025-09-16T11:41:57Z;-2614;4174;1666
2025-09-16T11:41:59Z;-2878;;1296
2025-09-16T11:42:02Z;-3045;;1129
2025-09-16T11:42:04Z;;4214;1169
2025-09-16T11:42:05Z;;4184;1139
2025-09-16T11:42:06Z;-3372;;812
2025-09-16T11:42:09Z;-3217;;967
2025-09-16T11:42:12Z;-2988;4212;1196
2025-09-16T11:42:13Z;;4172;1184
2025-09-16T11:42:15Z;-3085;3741;753
2025-09-16T11:42:16Z;;3488;403
2025-09-16T11:42:17Z;;3227;142
2025-09-16T11:42:18Z;-2753;;474
2025-09-16T11:42:19Z;;2962;209
2025-09-16T11:42:21Z;-2523;;439
2025-09-16T11:42:23Z;-2276;;686
2025-09-16T11:42:25Z;;3151;875
2025-09-16T11:42:26Z;-2047;3456;1409
2025-09-16T11:42:27Z;;3600;1553
2025-09-16T11:42:28Z;;3579;1532
2025-09-16T11:42:31Z;-2299;;1280
2025-09-16T11:42:32Z;;3775;1476
2025-09-16T11:42:33Z;;3971;1672
2025-09-16T11:42:34Z;-2584;;1387
2025-09-16T11:42:36Z;-2896;4227;1075
2025-09-16T11:42:38Z;-3302;;925
2025-09-16T11:42:48Z;-3248;;979
2025-09-16T11:42:49Z;;4138;890
2025-09-16T11:43:04Z;-3356;4271;1023
2025-09-16T11:43:22Z;-3178;4176;820
2025-09-16T11:43:26Z;-2904;3707;1272
2025-09-16T11:43:28Z;-3016;;691
2025-09-16T11:43:29Z;;3927;911
2025-09-16T11:43:34Z;;4217;1201
2025-09-16T11:43:36Z;-3311;;906
2025-09-16T11:43:38Z;-3282;;935
2025-09-16T11:43:43Z;-3323;;894
2025-09-16T11:43:45Z;-3289;4191;928
2025-09-16T11:43:50Z;;4228;939
2025-09-16T11:43:51Z;-3359;;869
2025-09-16T11:43:57Z;-3292;;936
2025-09-16T11:43:58Z;;4080;788
2025-09-16T11:43:59Z;;4210;918
2025-09-16T11:44:04Z;-3319;;891
2025-09-16T11:44:16Z;-3275;4184;935
2025-09-16T11:44:18Z;;4211;936
2025-09-16T11:44:19Z;;4195;920
2025-09-16T11:44:31Z;;4231;956
2025-09-16T11:44:32Z;-3302;;929
2025-09-16T11:44:39Z;;4510;1208
2025-09-16T11:44:41Z;;4491;1189
2025-09-16T11:44:42Z;;4534;1232
2025-09-16T11:44:44Z;-3611;;923
2025-09-16T11:44:53Z;-3596;;938
2025-09-16T11:44:55Z;;4489;893
2025-09-16T11:45:08Z;;4512;916
2025-09-16T11:45:10Z;;4481;885
2025-09-16T11:45:15Z;;4391;795
2025-09-16T11:45:16Z;;4530;934
2025-09-16T11:45:19Z;-3581;;949
2025-09-16T11:45:20Z;;4481;900
2025-09-16T11:46:04Z;-3259;;1222
2025-09-16T11:46:08Z;-3312;;1169
2025-09-16T11:46:21Z;-3276;;1205
2025-09-16T11:46:24Z;-3320;;1161
2025-09-16T11:46:48Z;-3284;;1197
2025-09-16T11:46:52Z;-3317;;1164
2025-09-16T11:47:41Z;-3294;;1187
2025-09-16T11:47:44Z;-3301;;1180
2025-09-16T11:47:46Z;-3293;;1188
2025-09-16T11:47:47Z;;4195;902
2025-09-16T11:47:49Z;;4212;919
2025-09-16T11:47:52Z;;4174;881
2025-09-16T11:48:03Z;-2996;;1178
2025-09-16T11:48:04Z;;3898;902
2025-09-16T11:48:10Z;;3915;919
2025-09-16T11:48:11Z;-3010;;905
2025-09-16T11:48:16Z;-2982;;933
2025-09-16T11:48:17Z;;3884;902
2025-09-16T11:48:26Z;;3559;577
2025-09-16T11:48:27Z;-2605;;954
2025-09-16T11:48:29Z;-2396;3271;1163
2025-09-16T11:48:34Z;-2486;3354;785
2025-09-16T11:48:36Z;;3721;1235
2025-09-16T11:48:38Z;-2813;;908
2025-09-16T11:48:40Z;;3950;1137
2025-09-16T11:48:41Z;-3018;;932
2025-09-16T11:49:19Z;-2975;3867;975
2025-09-16T11:49:26Z;-2684;;1183
2025-09-16T11:49:27Z;;3562;878
2025-09-16T11:49:33Z;;3610;926
2025-09-16T11:49:35Z;-2743;;867
2025-09-16T11:49:38Z;;3934;1191
2025-09-16T11:49:39Z;-3008;;926
2025-09-16T11:49:47Z;;4218;1210
2025-09-16T11:49:48Z;-3300;;918
2025-09-16T11:49:52Z;-3257;4147;961
2025-09-16T11:50:01Z;;4219;962
2025-09-16T11:50:02Z;-3312;;907
2025-09-16T11:50:04Z;;4513;1201
2025-09-16T11:50:08Z;-3601;;912
2025-09-16T11:50:10Z;-3559;;954
2025-09-16T11:50:12Z;;4471;912
2025-09-16T11:50:18Z;-3229;4194;635
2025-09-16T11:50:31Z;-2982;;1212
2025-09-16T11:50:32Z;;3892;910
2025-09-16T11:50:38Z;-2698;3574;1194
2025-09-16T11:50:41Z;-2706;3610;912
2025-09-16T11:50:52Z;;3922;1216
2025-09-16T11:50:53Z;-3000;;922
2025-09-16T11:51:08Z;-2960;;962
2025-09-16T11:51:09Z;;3771;811
2025-09-16T11:51:15Z;;3905;945
2025-09-16T11:51:16Z;-3079;;826
2025-09-16T11:51:29Z;;4238;1159
2025-09-16T11:51:31Z;-3309;;929
2025-09-16T11:51:32Z;;4090;781
2025-09-16T11:51:34Z;-3248;;842
2025-09-16T11:51:35Z;;3869;621
2025-09-16T11:51:37Z;-2970;;899
2025-09-16T11:51:42Z;;3901;931
2025-09-16T11:51:43Z;;3882;912
2025-09-16T11:51:48Z;;3953;983
2025-09-16T11:51:49Z;-3042;;911
2025-09-16T11:52:06Z;;4224;1182
2025-09-16T11:52:14Z;-3322;;902
2025-09-16T11:52:48Z;-3289;;935
2025-09-16T11:52:59Z;-3306;;918
2025-09-16T11:53:01Z;-3295;;929
2025-09-16T11:53:02Z;;4197;902
2025-09-16T11:53:04Z;;4201;906
2025-09-16T11:53:07Z;;4194;899
2025-09-16T11:53:08Z;;4202;907
2025-09-16T11:53:11Z;;4183;888
2025-09-16T11:59:04Z;;3251;-44
2025-09-16T11:59:05Z;-2386;;865
2025-09-16T11:59:12Z;-2408;3324;843
2025-09-16T11:59:15Z;-2711;;613
2025-09-16T11:59:16Z;-2690;;634
2025-09-16T11:59:19Z;;3923;1233
2025-09-16T11:59:22Z;-2739;;1184
2025-09-16T11:59:23Z;-2614;;1309
2025-09-16T11:59:25Z;-2979;3608;944
2025-09-16T11:59:28Z;-3011;;597
2025-09-16T11:59:30Z;-3028;;580
2025-09-16T11:59:31Z;;3899;871
2025-09-16T11:59:32Z;-2981;;918
2025-09-16T11:59:34Z;-2994;;905
2025-09-16T11:59:35Z;-3009;3905;890
2025-09-16T11:59:37Z;-3003;;902
2025-09-16T11:59:39Z;;3858;855
2025-09-16T11:59:40Z;-2997;;861
2025-09-16T11:59:41Z;-2900;;958
2025-09-16T11:59:43Z;-3012;;846
2025-09-16T11:59:44Z;;3555;543
2025-09-16T11:59:45Z;;3622;610
2025-09-16T11:59:46Z;;3930;918
2025-09-16T11:59:48Z;;3594;582
2025-09-16T11:59:49Z;;3899;887
2025-09-16T11:59:51Z;-2661;;1238
2025-09-16T11:59:52Z;-2923;;976
2025-09-16T11:59:53Z;;3291;368
2025-09-16T11:59:55Z;;3597;674
2025-09-16T11:59:57Z;-2342;3628;1255
2025-09-16T12:00:00Z;;3915;1573
2025-09-16T12:00:03Z;-2414;;1501
2025-09-16T12:00:05Z;-2351;;1564
2025-09-16T12:00:06Z;;3880;1529
2025-09-16T12:00:07Z;;2983;632
2025-09-16T12:00:09Z;-2997;3209;858
2025-09-16T12:00:10Z;;3001;4
2025-09-16T12:00:12Z;-3008;;-7
2025-09-16T12:00:15Z;-2974;;27
2025-09-16T12:00:17Z;-2443;;558
2025-09-16T12:00:18Z;;3332;889
2025-09-16T12:00:20Z;-2313;;1019
2025-09-16T12:00:21Z;-3044;;288
2025-09-16T12:00:24Z;;3881;837
2025-09-16T12:00:25Z;-2724;;1157
2025-09-16T12:00:26Z;;3659;935
2025-09-16T12:00:27Z;-2980;;679
2025-09-16T12:00:30Z;;3915;935
2025-09-16T12:00:33Z;-3003;;912
2025-09-16T12:00:36Z;;3883;880
2025-09-16T12:00:37Z;-3037;;846
2025-09-16T12:00:39Z;-2983;;900
2025-09-16T12:00:42Z;;3520;537
2025-09-16T12:00:43Z;;3929;946
2025-09-16T12:00:45Z;-2669;;1260
2025-09-16T12:00:48Z;-2701;;1228
2025-09-16T12:00:51Z;;3668;967
2025-09-16T12:00:54Z;;3569;868
2025-09-16T12:00:56Z;-3313;;256
2025-09-16T12:00:57Z;-2698;;871
2025-09-16T12:00:59Z;-3291;;278
2025-09-16T12:01:01Z;-3316;;253
2025-09-16T12:01:02Z;;4200;884
2025-09-16T12:01:07Z;;4170;854
2025-09-16T12:01:09Z;-3289;;881
2025-09-16T12:01:12Z;-3301;;869
2025-09-16T12:01:14Z;-3294;;876
2025-09-16T12:01:16Z;-3304;;866
2025-09-16T12:01:18Z;-3287;;883
2025-09-16T12:01:20Z;-3317;;853
2025-09-16T12:01:21Z;;4201;884
2025-09-16T12:01:26Z;;4196;879
2025-09-16T12:01:28Z;-3296;;900
2025-09-16T12:01:30Z;-3315;;881
2025-09-16T12:01:31Z;;4231;916
2025-09-16T12:01:41Z;;4188;873
2025-09-16T12:01:43Z;-3296;;892
2025-09-16T12:01:58Z;;3878;582
2025-09-16T12:02:00Z;-2975;;903
2025-09-16T12:02:22Z;;3591;616
2025-09-16T12:02:24Z;;3623;648
2025-09-16T12:02:30Z;;3583;608
2025-09-16T12:02:35Z;;3607;632
2025-09-16T12:02:37Z;;3589;614
2025-09-16T12:02:40Z;;3617;642
2025-09-16T12:03:25Z;;3544;569
2025-09-16T12:03:27Z;;3602;627
2025-09-16T12:03:36Z;;3580;605
2025-09-16T12:03:42Z;-2655;;925
2025-09-16T12:03:56Z;-2713;3611;867
2025-09-16T12:03:59Z;;3580;867
2025-09-16T12:04:09Z;;3614;901
2025-09-16T12:04:11Z;;3566;853
2025-09-16T12:04:16Z;;3617;904
2025-09-16T12:04:22Z;;3599;886
2025-09-16T12:04:34Z;-2601;;998
2025-09-16T12:04:40Z;;3250;649
2025-09-16T12:04:42Z;-2274;2915;976
2025-09-16T12:04:44Z;-2057;;858
2025-09-16T12:04:46Z;;2699;642
2025-09-16T12:04:47Z;-1738;2380;642
2025-09-16T12:04:49Z;;1692;-46
2025-09-16T12:04:50Z;-1388;;304
2025-09-16T12:04:51Z;;1493;105
2025-09-16T12:04:53Z;-995;;498
2025-09-16T12:04:56Z;-788;;705
2025-09-16T12:05:18Z;;1504;716
2025-09-16T12:05:29Z;;1836;1048
2025-09-16T12:05:30Z;-1000;;836
2025-09-16T12:05:31Z;;2318;1318
2025-09-16T12:05:33Z;;3097;2097
2025-09-16T12:05:34Z;-1366;3360;1731
2025-09-16T12:05:35Z;-1691;;1669
2025-09-16T12:05:37Z;-2071;;1289
2025-09-16T12:05:38Z;;3614;1543
2025-09-16T12:05:39Z;;3577;1506
2025-09-16T12:05:40Z;;3660;1589
2025-09-16T12:05:41Z;-2421;;1239
2025-09-16T12:05:45Z;-2741;;919
2025-09-16T12:06:02Z;;3596;855
2025-09-16T12:06:07Z;-2679;;917
2025-09-16T12:06:09Z;;3287;608
2025-09-16T12:06:11Z;-2397;;890
2025-09-16T12:06:15Z;;2999;602
2025-09-16T12:06:22Z;-2067;;932
2025-09-16T12:06:27Z;;2691;624
2025-09-16T12:06:28Z;;2702;635
2025-09-16T12:06:29Z;;2688;621
2025-09-16T12:06:33Z;-1796;;892
2025-09-16T12:06:35Z;;2375;579
2025-09-16T12:06:39Z;;2563;767
2025-09-16T12:06:41Z;-1841;2717;722
2025-09-16T12:06:49Z;-2115;;602
2025-09-16T12:06:56Z;;3011;896
2025-09-16T12:06:59Z;-2472;3309;539
2025-09-16T12:07:03Z;;3291;819
2025-09-16T12:07:05Z;-2389;;902
2025-09-16T12:07:07Z;-2408;;883
2025-09-16T12:07:10Z;-2367;;924
2025-09-16T12:07:13Z;;2975;608
2025-09-16T12:07:17Z;-2068;;907
2025-09-16T12:07:20Z;;2626;558
2025-09-16T12:07:25Z;;2721;653
2025-09-16T12:07:29Z;-2122;;599
2025-09-16T12:07:31Z;;3019;897
2025-09-16T12:07:34Z;;2994;872
2025-09-16T12:07:36Z;;3014;892
2025-09-16T12:07:39Z;-2410;;604
2025-09-16T12:08:31Z;;3314;904
2025-09-16T12:08:33Z;;3296;886
2025-09-16T12:08:35Z;;3272;862
2025-09-16T12:08:36Z;;3306;896
2025-09-16T12:08:38Z;;3335;925
2025-09-16T12:08:39Z;;3285;875
2025-09-16T12:08:42Z;-2718;;567
2025-09-16T12:08:46Z;-2672;;613
2025-09-16T12:08:50Z;-2719;;566
2025-09-16T12:08:56Z;;3600;881
2025-09-16T12:09:06Z;-3016;;584
2025-09-16T12:09:09Z;-2995;;605
2025-09-16T12:09:12Z;-3006;;594
2025-09-16T12:09:14Z;-2994;;606
2025-09-16T12:09:17Z;-3006;;594
2025-09-16T12:09:23Z;;3907;901
2025-09-16T12:09:37Z;;3871;865
2025-09-16T12:09:41Z;;3910;904
2025-09-16T12:10:01Z;-3306;;604
2025-09-16T12:10:09Z;;4202;896
2025-09-16T12:10:41Z;-3606;;596
2025-09-16T12:11:37Z;-3596;;606
2025-09-16T12:11:39Z;-3602;;600
2025-09-16T12:11:42Z;-3598;;604
2025-09-16T12:11:49Z;-3602;;600
2025-09-16T12:11:52Z;-3587;;615
2025-09-16T12:11:56Z;-3602;;600
2025-09-16T12:12:00Z;;4505;903
2025-09-16T12:12:01Z;;4499;897
2025-09-16T12:12:11Z;-3598;;901
2025-09-16T12:12:28Z;;4193;595
2025-09-16T12:12:34Z;-3277;;916
2025-09-16T12:12:43Z;-3320;;873
2025-09-16T12:13:03Z;-3299;;894
2025-09-16T12:13:06Z;-3309;;884
2025-09-16T12:13:15Z;-3243;;950
2025-09-16T12:13:28Z;;3897;654
2025-09-16T12:13:30Z;;3903;660
2025-09-16T12:13:36Z;;3895;652
2025-09-16T12:13:40Z;-2992;;903
2025-09-16T12:13:49Z;-3011;;884
2025-09-16T12:13:51Z;-2997;;898
2025-09-16T12:14:21Z;;3598;601
2025-09-16T12:14:26Z;;3615;618
2025-09-16T12:14:35Z;-3017;;598
2025-09-16T12:14:39Z;-2984;;631
2025-09-16T12:14:52Z;-3015;;600
2025-09-16T12:15:08Z;;3817;802
2025-09-16T12:15:15Z;;3903;888
2025-09-16T12:15:18Z;-3059;3899;844
2025-09-16T12:15:19Z;;3915;856
2025-09-16T12:15:23Z;;3896;837
2025-09-16T12:15:29Z;-2989;;907
2025-09-16T12:15:44Z;-3023;;873
2025-09-16T12:15:49Z;-2993;;903
2025-09-16T12:15:51Z;-3011;;885
2025-09-16T12:15:57Z;-2985;;911
2025-09-16T12:16:03Z;;3548;563
2025-09-16T12:16:04Z;;3607;622
2025-09-16T12:16:42Z;-3000;;607
2025-09-16T12:16:51Z;;3915;915
2025-09-16T12:17:01Z;-3311;;604
2025-09-16T12:17:07Z;;4204;893
2025-09-16T12:17:08Z;;4190;879
2025-09-16T12:17:13Z;-3274;;916
2025-09-16T12:17:18Z;;3895;621
2025-09-16T12:17:25Z;-2960;;935
2025-09-16T12:17:28Z;;3921;961
2025-09-16T12:17:29Z;-3091;;830
2025-09-16T12:17:41Z;;3857;766
2025-09-16T12:17:55Z;;3910;819
2025-09-16T12:18:13Z;;3887;796
2025-09-16T12:18:15Z;-2990;;897
2025-09-16T12:18:16Z;;3914;924
2025-09-16T12:18:18Z;-3012;;902
2025-09-16T12:18:20Z;;3871;859
2025-09-16T12:18:22Z;-2991;;880
2025-09-16T12:18:27Z;;3569;578
2025-09-16T12:18:28Z;-2679;;890
2025-09-16T12:18:30Z;-2710;;859
2025-09-16T12:18:31Z;;3641;931
2025-09-16T12:18:41Z;;3923;1213
2025-09-16T12:18:42Z;-3058;;865
2025-09-16T12:18:50Z;;3830;772
2025-09-16T12:18:51Z;-2942;;888
2025-09-16T12:19:16Z;-3011;3919;819
2025-09-16T12:19:30Z;;3882;871
2025-09-16T12:19:31Z;-2976;;906
2025-09-16T12:19:40Z;;3589;613
2025-09-16T12:19:41Z;-2699;;890
2025-09-16T12:19:53Z;;3614;915
2025-09-16T12:19:54Z;-2759;;855
2025-09-16T12:19:57Z;;3583;824
2025-09-16T12:19:58Z;-2698;;885
2025-09-16T12:19:59Z;;3630;932
2025-09-16T12:20:00Z;-2725;;905
2025-09-16T12:20:14Z;-3000;;630
2025-09-16T12:20:19Z;;3909;909
2025-09-16T12:22:03Z;-3313;;596
2025-09-16T12:22:05Z;-3256;;653
2025-09-16T12:22:13Z;-3301;4200;608
2025-09-16T12:22:15Z;;4194;893
2025-09-16T12:22:17Z;-3288;;906
2025-09-16T12:22:50Z;-3302;4216;892
2025-09-16T12:22:59Z;;4083;781
2025-09-16T12:23:00Z;;4233;931
2025-09-16T12:23:06Z;-3169;;1064
2025-09-16T12:23:08Z;-3336;;897
2025-09-16T12:23:09Z;;4184;848
2025-09-16T12:23:10Z;-3293;;891
2025-09-16T12:23:12Z;-3302;;882
2025-09-16T12:23:15Z;-3292;;892
2025-09-16T12:23:16Z;;4200;908
2025-09-16T12:23:17Z;-3320;;880
2025-09-16T12:23:23Z;;4192;872
2025-09-16T12:23:25Z;;4213;893
2025-09-16T12:23:28Z;;4193;873
2025-09-16T12:23:29Z;-3299;4201;894
2025-09-16T12:23:31Z;-3302;;899
2025-09-16T12:23:39Z;;4167;865
2025-09-16T12:23:40Z;-3259;;908
2025-09-16T12:24:04Z;;4209;950
2025-09-16T12:24:05Z;-3329;;880
2025-09-16T12:24:07Z;;4186;857
2025-09-16T12:24:08Z;-3287;;899
2025-09-16T12:25:16Z;;3879;592
2025-09-16T12:25:17Z;-2984;;895
2025-09-16T12:25:19Z;-3011;3903;919
2025-09-16T12:25:22Z;;3880;869
2025-09-16T12:25:23Z;-2990;;890
2025-09-16T12:25:32Z;-3003;;877
2025-09-16T12:25:35Z;-2991;;889
2025-09-16T12:25:46Z;-3023;;857
2025-09-16T12:25:49Z;-2977;;903
2025-09-16T12:25:51Z;-3002;;878
2025-09-16T12:25:52Z;;3912;910
2025-09-16T12:26:00Z;;3898;896
2025-09-16T12:26:01Z;;3911;909
2025-09-16T12:26:03Z;;3898;896
2025-09-16T12:26:05Z;-2980;;918
2025-09-16T12:26:18Z;-3014;;884
2025-09-16T12:26:20Z;-2980;;918
2025-09-16T12:26:22Z;-3028;;870
2025-09-16T12:26:25Z;-2986;;912
2025-09-16T12:26:27Z;-3013;3901;885
2025-09-16T12:26:29Z;-2993;;908
2025-09-16T12:26:30Z;;3884;891
2025-09-16T12:26:43Z;;3594;601
2025-09-16T12:26:44Z;;3700;707
2025-09-16T12:27:18Z;-3004;;696
2025-09-16T12:27:20Z;-2984;;716
2025-09-16T12:27:22Z;-3000;;700
2025-09-16T12:27:24Z;-2967;;733
2025-09-16T12:27:29Z;-3001;;699
2025-09-16T12:27:30Z;;3902;901
2025-09-16T12:27:32Z;-2995;3888;887
2025-09-16T12:27:55Z;;3564;569
2025-09-16T12:27:56Z;;3661;666
2025-09-16T12:27:58Z;;3566;571
2025-09-16T12:27:59Z;-2669;;897
2025-09-16T12:28:01Z;;3284;615
2025-09-16T12:28:02Z;;3303;634
2025-09-16T12:28:08Z;-2718;;585
2025-09-16T12:28:11Z;-2687;;616
2025-09-16T12:28:13Z;-2745;3692;1005
2025-09-16T12:28:17Z;-3010;;682
2025-09-16T12:28:18Z;;3921;911
2025-09-16T12:28:22Z;-2993;3871;861
2025-09-16T12:28:23Z;;3922;929
2025-09-16T12:28:27Z;-3042;;880
2025-09-16T12:28:41Z;-2853;3793;751
2025-09-16T12:28:42Z;;3582;729
2025-09-16T12:28:44Z;-2664;;918
2025-09-16T12:28:48Z;-2737;3671;845
2025-09-16T12:28:54Z;-3034;3916;1179
2025-09-16T12:28:57Z;-2980;3898;864
2025-09-16T12:29:13Z;-3010;3914;888
2025-09-16T12:29:40Z;;3898;888
2025-09-16T12:29:41Z;-2969;;929
2025-09-16T12:29:45Z;-3005;3921;893
2025-09-16T12:29:48Z;;3795;790
2025-09-16T12:29:49Z;;3945;940
2025-09-16T12:29:53Z;;3898;893
2025-09-16T12:29:55Z;;3905;900
2025-09-16T12:30:08Z;;3979;974
2025-09-16T12:30:09Z;;3899;894
2025-09-16T12:30:10Z;;3937;932
2025-09-16T12:30:18Z;-3031;;906
2025-09-16T12:31:35Z;-2992;3888;857
2025-09-16T12:31:41Z;-3009;3908;879
2025-09-16T12:31:42Z;;3898;889
2025-09-16T12:31:45Z;-2971;;927
2025-09-16T12:31:55Z;-3008;;890
2025-09-16T12:31:56Z;;3905;897
2025-09-16T12:31:59Z;;3896;888
2025-09-16T12:32:01Z;-2987;;909
2025-09-16T12:33:40Z;;3595;608
2025-09-16T12:33:42Z;-2681;;914
2025-09-16T12:33:45Z;-2705;;890
2025-09-16T12:33:53Z;-2688;3576;871
2025-09-16T12:33:59Z;;3246;558
2025-09-16T12:34:00Z;-2378;;868
2025-09-16T12:34:01Z;;3348;970
2025-09-16T12:34:03Z;-2436;;912
2025-09-16T12:34:10Z;-2738;3609;1173
2025-09-16T12:34:48Z;;3563;825
2025-09-16T12:34:49Z;-2673;;890
2025-09-16T12:34:50Z;;3629;956
2025-09-16T12:34:52Z;-2774;;855
2025-09-16T12:35:02Z;-3015;3902;614
2025-09-16T12:35:05Z;;3894;879
2025-09-16T12:35:07Z;-2995;;899
2025-09-16T12:35:09Z;-3006;;888
2025-09-16T12:35:12Z;-2989;;905
2025-09-16T12:35:15Z;-3007;;887
2025-09-16T12:35:17Z;-2992;;902
2025-09-16T12:35:19Z;;3913;921
2025-09-16T12:35:20Z;-3013;;900
2025-09-16T12:35:27Z;;3892;879
2025-09-16T12:35:29Z;;3900;887
2025-09-16T12:37:10Z;;3889;876
2025-09-16T12:37:11Z;-2999;;890
2025-09-16T12:38:16Z;;3598;599
2025-09-16T12:38:18Z;-2683;;915
2025-09-16T12:38:50Z;;3279;596
2025-09-16T12:38:51Z;-2389;;890
2025-09-16T12:38:55Z;-2407;;872
2025-09-16T12:38:57Z;-2388;;891
2025-09-16T12:39:18Z;-2400;;879
2025-09-16T12:39:20Z;-2397;;882
2025-09-16T12:39:37Z;-2423;3307;856
2025-09-16T12:40:03Z;-2700;;607
2025-09-16T12:40:06Z;-2686;;621
2025-09-16T12:40:09Z;;3605;919
2025-09-16T12:40:11Z;-2713;;892
2025-09-16T12:40:32Z;-3016;;589
2025-09-16T12:40:33Z;;3916;900
2025-09-16T12:40:39Z;;3883;867
2025-09-16T12:40:40Z;-2975;;908
2025-09-16T12:40:44Z;;3907;932
2025-09-16T12:40:46Z;-3042;;865
2025-09-16T12:40:56Z;-3307;;600
2025-09-16T12:40:57Z;;4211;904
2025-09-16T12:41:00Z;;4163;856
2025-09-16T12:41:01Z;-3275;;888
2025-09-16T12:41:11Z;-3313;;850
2025-09-16T12:41:12Z;;4201;888
2025-09-16T12:41:13Z;;4192;879
2025-09-16T12:41:15Z;-3287;;905
2025-09-16T12:41:45Z;;3897;610
2025-09-16T12:41:47Z;-2991;;906
2025-09-16T12:42:16Z;;3596;605
2025-09-16T12:42:17Z;-2697;;899
2025-09-16T12:42:32Z;;3278;581
2025-09-16T12:42:34Z;-2379;;899
2025-09-16T12:42:50Z;-2423;;855
2025-09-16T12:42:51Z;;3315;892
2025-09-16T12:43:19Z;;3294;871
2025-09-16T12:43:21Z;;3312;889
2025-09-16T12:43:26Z;;3278;855
2025-09-16T12:43:29Z;-2388;;890
2025-09-16T12:43:35Z;-2402;;876
2025-09-16T12:43:36Z;;3326;924
2025-09-16T12:43:58Z;;3290;888
2025-09-16T12:44:01Z;;3348;946
2025-09-16T12:44:17Z;;3272;870
2025-09-16T12:44:18Z;-2389;;883
2025-09-16T12:44:24Z;;2998;609
2025-09-16T12:44:27Z;-2099;;899
2025-09-16T12:44:28Z;;3004;905
2025-09-16T12:44:33Z;-2126;;878
2025-09-16T12:44:35Z;;3312;1186
2025-09-16T12:44:38Z;-2400;;912
2025-09-16T12:44:40Z;;3297;897
2025-09-16T12:44:42Z;-2386;;911
2025-09-16T12:44:47Z;;2968;582
2025-09-16T12:44:48Z;-2083;;885
2025-09-16T12:44:51Z;-2129;3030;947
2025-09-16T12:45:06Z;;2995;866
2025-09-16T12:45:08Z;;3029;900
2025-09-16T12:45:09Z;-2091;;938
2025-09-16T12:45:11Z;-2102;;927
2025-09-16T12:45:14Z;-2081;;948
2025-09-16T12:45:18Z;-2081;;948
2025-09-16T12:45:22Z;-2135;3019;894
2025-09-16T12:45:24Z;;2988;853
2025-09-16T12:45:26Z;-2060;;928
2025-09-16T12:45:54Z;;2610;550
2025-09-16T12:45:55Z;-1762;;848
2025-09-16T12:45:57Z;-1813;;797
2025-09-16T12:45:58Z;-1786;;824
2025-09-16T12:46:07Z;-1806;;804
2025-09-16T12:46:10Z;;2702;896
2025-09-16T12:46:18Z;;2695;889
2025-09-16T12:46:23Z;-1791;;904
2025-09-16T12:46:41Z;-1812;;883
2025-09-16T12:46:45Z;;2758;946
2025-09-16T12:46:50Z;;2664;852
2025-09-16T12:46:53Z;-1789;;875
2025-09-16T12:47:09Z;;2399;610
2025-09-16T12:47:14Z;;2426;637
2025-09-16T12:47:18Z;;2370;581
2025-09-16T12:47:22Z;;2407;618
2025-09-16T12:47:30Z;-1812;;595
2025-09-16T12:47:43Z;-1790;;617
2025-09-16T12:47:57Z;-1826;;581
2025-09-16T12:48:10Z;-1781;;626
2025-09-16T12:48:14Z;-1802;;605
2025-09-16T12:48:20Z;-1794;;613
2025-09-16T12:48:23Z;-1808;;599
2025-09-16T12:48:25Z;-1798;;609
2025-09-16T12:48:50Z;-1841;;566
2025-09-16T12:48:56Z;;2710;869
2025-09-16T12:48:59Z;;2679;838
2025-09-16T12:49:03Z;-1748;;931
2025-09-16T12:49:05Z;;2382;634
2025-09-16T12:49:06Z;;2427;679
2025-09-16T12:49:18Z;-1812;;615
2025-09-16T12:49:21Z;-1761;;666
2025-09-16T12:49:41Z;;2396;635
2025-09-16T12:49:42Z;;2402;641
2025-09-16T12:49:45Z;;2398;637
2025-09-16T12:49:46Z;;2406;645
2025-09-16T12:49:48Z;;2387;626
2025-09-16T12:50:04Z;;2402;641
2025-09-16T12:50:09Z;;2373;612
2025-09-16T12:50:13Z;-1491;;882
2025-09-16T12:50:20Z;-1509;;864
2025-09-16T12:50:24Z;;2459;950
2025-09-16T12:50:31Z;-1810;;649
2025-09-16T12:50:53Z;;2708;898
2025-09-16T12:51:08Z;-2101;;607
2025-09-16T12:51:09Z;-2090;;618
2025-09-16T12:51:13Z;-2144;;564
2025-09-16T12:51:14Z;;3002;858
2025-09-16T12:51:16Z;;2989;845
2025-09-16T12:51:25Z;-2085;;904
2025-09-16T12:51:27Z;-2117;;872
2025-09-16T12:51:28Z;-2072;;917
2025-09-16T12:51:30Z;-2115;;874
2025-09-16T12:51:35Z;;3010;895
2025-09-16T12:51:38Z;-2494;3377;516
2025-09-16T12:51:44Z;;3283;789
2025-09-16T12:51:49Z;;3324;830
2025-09-16T12:51:53Z;-2711;;613
2025-09-16T12:51:55Z;-2686;;638
2025-09-16T12:52:38Z;;3288;602
2025-09-16T12:52:44Z;-2392;;896
2025-09-16T12:52:57Z;;2989;597
2025-09-16T12:52:59Z;;3009;617
2025-09-16T12:53:05Z;;2998;606
2025-09-16T12:53:11Z;-2096;;902
2025-09-16T12:53:13Z;-2103;;895
2025-09-16T12:53:17Z;;3001;898
2025-09-16T12:53:24Z;-2400;;601
2025-09-16T12:53:25Z;-2398;;603
2025-09-16T12:53:27Z;-2423;;578
2025-09-16T12:53:36Z;-2372;;629
2025-09-16T12:53:48Z;-2418;;583
2025-09-16T12:53:52Z;-2396;;605
2025-09-16T12:54:15Z;-2413;;588
2025-09-16T12:54:22Z;-2397;;604
2025-09-16T12:54:49Z;;2988;591
2025-09-16T12:54:53Z;-2090;;898
2025-09-16T12:54:58Z;-2157;3024;831
2025-09-16T12:55:05Z;-2409;;615
2025-09-16T12:55:10Z;-2396;;628
2025-09-16T12:55:17Z;-2422;;602
2025-09-16T12:55:22Z;-2394;;630
2025-09-16T12:55:46Z;;2997;603
2025-09-16T12:55:52Z;-2089;;908
2025-09-16T12:56:14Z;;2690;601
2025-09-16T12:56:17Z;;2730;641
2025-09-16T12:56:24Z;;2654;565
2025-09-16T12:56:28Z;-1740;;914
2025-09-16T12:56:33Z;;2399;659
2025-09-16T12:56:35Z;;2407;667
2025-09-16T12:56:52Z;;2397;657
2025-09-16T12:56:53Z;;2407;667
2025-09-16T12:56:58Z;-1839;;568
2025-09-16T12:57:14Z;;2714;875
2025-09-16T12:57:25Z;-2111;;603
2025-09-16T12:57:28Z;;3017;906
2025-09-16T12:57:33Z;;2998;887
2025-09-16T12:57:34Z;;3050;939
2025-09-16T12:57:36Z;;2996;885
2025-09-16T12:57:40Z;-2050;;946
2025-09-16T12:57:44Z;-2109;;887
2025-09-16T12:57:47Z;;3005;896
2025-09-16T12:57:51Z;-2467;3326;538
2025-09-16T12:58:04Z;;3272;805
2025-09-16T12:58:12Z;-2382;;890
2025-09-16T12:58:14Z;-2433;;839
2025-09-16T12:58:15Z;;3341;908
2025-09-16T12:58:21Z;;3286;853
2025-09-16T12:58:24Z;-2380;;906
2025-09-16T12:58:31Z;;2992;612
2025-09-16T12:58:37Z;;3006;626
2025-09-16T12:58:40Z;;2958;578
2025-09-16T12:58:48Z;-2072;;886
2025-09-16T12:58:56Z;;2699;627
2025-09-16T12:59:12Z;-1772;;927
2025-09-16T12:59:58Z;;2381;609
2025-09-16T13:00:03Z;;2407;635
2025-09-16T13:00:08Z;;2407;635
2025-09-16T13:00:17Z;-1827;;580
2025-09-16T13:00:20Z;-1738;;669
2025-09-16T13:00:28Z;-1793;;614
2025-09-16T13:00:54Z;-1802;;605
2025-09-16T13:01:00Z;-1776;;631
2025-09-16T13:01:04Z;;2384;608
2025-09-16T13:01:05Z;;2430;654
2025-09-16T13:01:17Z;-1803;;627
2025-09-16T13:01:24Z;-1775;;655
2025-09-16T13:01:36Z;-1809;;621
2025-09-16T13:02:01Z;;2701;892
2025-09-16T13:02:04Z;;2690;881
2025-09-16T13:02:08Z;;2700;891
2025-09-16T13:02:09Z;;2674;865
2025-09-16T13:02:11Z;-1757;;917
2025-09-16T13:02:21Z;-1834;;840
2025-09-16T13:02:28Z;-1783;;891
2025-09-16T13:02:47Z;;2393;610
2025-09-16T13:03:04Z;-1497;;896
2025-09-16T13:03:19Z;-1505;;888
2025-09-16T13:03:23Z;-1498;;895
2025-09-16T13:03:25Z;-1510;;883
2025-09-16T13:03:32Z;-1495;;898
2025-09-16T13:04:00Z;-1505;;888
2025-09-16T13:04:05Z;-1493;;900
2025-09-16T13:04:23Z;;2091;598
2025-09-16T13:04:27Z;;2106;613
2025-09-16T13:04:30Z;;2094;601
2025-09-16T13:04:41Z;;2113;620
2025-09-16T13:04:51Z;;2093;600
2025-09-16T13:05:08Z;-1197;;896
2025-09-16T13:05:24Z;-1203;;890
2025-09-16T13:05:31Z;;1527;324
2025-09-16T13:05:32Z;;2017;814
2025-09-16T13:05:33Z;;1201;-2
2025-09-16T13:05:34Z;;2019;816
2025-09-16T13:05:45Z;-1192;;827
2025-09-16T13:06:04Z;;1793;601
2025-09-16T13:06:10Z;;1802;610
2025-09-16T13:06:31Z;;1781;589
2025-09-16T13:06:53Z;;1832;640
2025-09-16T13:06:56Z;-1271;;561
2025-09-16T13:06:58Z;;2121;850
2025-09-16T13:07:01Z;;2097;826
2025-09-16T13:07:02Z;;2104;833
2025-09-16T13:07:03Z;;2090;819
2025-09-16T13:07:04Z;;2126;855
2025-09-16T13:07:11Z;-1502;;624
2025-09-16T13:07:14Z;;2415;913
2025-09-16T13:07:23Z;-1803;;612
2025-09-16T13:07:30Z;-1774;;641
2025-09-16T13:07:31Z;-1822;;593
2025-09-16T13:07:35Z;-1745;;670
2025-09-16T13:07:37Z;;2396;651
2025-09-16T13:07:43Z;;2427;682
2025-09-16T13:07:52Z;;2398;653
2025-09-16T13:07:53Z;;2401;656
2025-09-16T13:08:01Z;;2396;651
2025-09-16T13:08:25Z;-1487;;909
2025-09-16T13:08:30Z;-1504;;892
2025-09-16T13:08:37Z;-1498;;898
2025-09-16T13:08:39Z;-1503;;893
2025-09-16T13:08:42Z;-1497;;899
2025-09-16T13:08:44Z;-1511;;885
2025-09-16T13:08:46Z;-1481;;915
2025-09-16T13:08:55Z;-1514;;882
2025-09-16T13:08:58Z;-1497;;899
2025-09-16T13:09:06Z;;2091;594
2025-09-16T13:09:10Z;;2102;605
2025-09-16T13:09:11Z;;2094;597
2025-09-16T13:09:14Z;;2109;612
2025-09-16T13:09:18Z;;2099;602
2025-09-16T13:09:21Z;;2100;603
2025-09-16T13:09:27Z;;2072;575
2025-09-16T13:09:29Z;-1192;;880
2025-09-16T13:09:47Z;-1229;;843
2025-09-16T13:09:48Z;;2132;903
2025-09-16T13:09:58Z;-1500;;632
2025-09-16T13:10:17Z;-1476;;656
2025-09-16T13:10:43Z;;2095;619
2025-09-16T13:10:48Z;;2109;633
2025-09-16T13:11:15Z;-1525;;584
2025-09-16T13:11:17Z;;2411;886
2025-09-16T13:11:20Z;;2371;846
2025-09-16T13:11:22Z;-1457;;914
2025-09-16T13:11:45Z;-1510;;861
2025-09-16T13:11:47Z;-1488;;883
2025-09-16T13:12:13Z;;1921;433
2025-09-16T13:12:14Z;;2245;757
2025-09-16T13:12:15Z;;1792;304
2025-09-16T13:12:16Z;;2244;756
2025-09-16T13:12:28Z;-1501;;743
2025-09-16T13:12:30Z;-1498;;746
2025-09-16T13:12:35Z;-1514;;730
2025-09-16T13:12:41Z;-1487;;757
2025-09-16T13:13:03Z;-1502;;742
2025-09-16T13:13:11Z;-1477;;767
2025-09-16T13:13:16Z;;2066;589
2025-09-16T13:13:18Z;-1168;;898
2025-09-16T13:13:27Z;-1204;;862
2025-09-16T13:13:39Z;;2104;900
2025-09-16T13:13:55Z;-1522;;582
2025-09-16T13:13:57Z;;2401;879
2025-09-16T13:13:58Z;;2387;865
2025-09-16T13:14:07Z;-1494;;893
2025-09-16T13:14:14Z;-1502;;885
2025-09-16T13:14:16Z;-1491;;896
2025-09-16T13:14:18Z;-1509;;878
2025-09-16T13:14:21Z;-1499;;888
2025-09-16T13:14:36Z;;2084;585
2025-09-16T13:14:40Z;;2109;610
2025-09-16T13:14:49Z;-1519;;590
2025-09-16T13:14:54Z;-1468;;641
2025-09-16T13:14:58Z;-1512;;597
2025-09-16T13:15:07Z;;2401;889
2025-09-16T13:15:09Z;;2351;839
2025-09-16T13:15:18Z;-1660;2392;691
2025-09-16T13:15:21Z;-1479;;913
2025-09-16T13:15:38Z;;1521;42
2025-09-16T13:15:39Z;-523;2247;998
2025-09-16T13:15:41Z;-1412;;835
2025-09-16T13:15:43Z;-1532;2402;715
2025-09-16T13:15:50Z;;2394;862
2025-09-16T13:15:53Z;-1482;;912
2025-09-16T13:16:09Z;-1512;;882
2025-09-16T13:16:13Z;;2410;898
2025-09-16T13:16:43Z;;2383;871
2025-09-16T13:16:45Z;-1469;;914
2025-09-16T13:16:52Z;;2077;608
2025-09-16T13:17:01Z;-1178;;899
2025-09-16T13:17:04Z;-1200;;877
2025-09-16T13:17:07Z;;2125;925
2025-09-16T13:17:13Z;-1515;;610
2025-09-16T13:17:20Z;;2412;897
2025-09-16T13:17:27Z;-1812;;600
2025-09-16T13:17:29Z;;2709;897
2025-09-16T13:17:30Z;;2697;885
2025-09-16T13:17:32Z;;2700;888
2025-09-16T13:17:38Z;;2678;866
2025-09-16T13:17:42Z;-1769;;909
2025-09-16T13:17:48Z;-1835;;843
2025-09-16T13:17:54Z;-1792;;886
2025-09-16T13:17:59Z;;2395;603
2025-09-16T13:18:06Z;;2409;617
2025-09-16T13:18:21Z;-1817;;592
2025-09-16T13:18:27Z;-1788;;621
2025-09-16T13:18:31Z;-1492;2336;917
2025-09-16T13:18:34Z;-1548;2429;788
2025-09-16T13:18:41Z;-1815;;614
2025-09-16T13:18:42Z;-1770;;659
2025-09-16T13:18:44Z;;2262;492
2025-09-16T13:18:45Z;-1406;;856
2025-09-16T13:18:47Z;;2089;683
2025-09-16T13:18:54Z;;2106;700
2025-09-16T13:19:01Z;;2098;692
2025-09-16T13:19:03Z;-1166;;932
2025-09-16T13:19:09Z;;1796;630
2025-09-16T13:19:10Z;;1813;647
2025-09-16T13:19:16Z;-1214;;599
2025-09-16T13:19:17Z;;2112;898
2025-09-16T13:19:26Z;;2087;873
2025-09-16T13:19:28Z;-1199;;888
2025-09-16T13:19:33Z;-1203;;884
2025-09-16T13:19:44Z;-1194;;893
2025-09-16T13:20:07Z;;1776;582
2025-09-16T13:20:30Z;-896;;880
2025-09-16T13:21:14Z;;1498;602
2025-09-16T13:21:17Z;;1501;605
2025-09-16T13:21:34Z;;1499;603
2025-09-16T13:22:02Z;;1508;612
2025-09-16T13:22:17Z;-367;;1141
2025-09-16T13:22:18Z;-710;;798
2025-09-16T13:22:20Z;-576;;932
2025-09-16T13:22:22Z;-712;;796
2025-09-16T13:23:24Z;-902;;606
2025-09-16T13:23:38Z;;1804;902
2025-09-16T13:23:44Z;;1794;892
2025-09-16T13:23:50Z;-887;;907
2025-09-16T13:24:42Z;;1494;607
2025-09-16T13:24:53Z;-592;;902
2025-09-16T13:25:42Z;-94;;1400
2025-09-16T13:25:44Z;-551;;943
2025-09-16T13:26:41Z;-603;;891
2025-09-16T13:26:47Z;-597;;897
2025-09-16T13:26:57Z;-600;;894
2025-09-16T13:26:59Z;-599;;895
2025-09-16T13:27:00Z;-604;;890
2025-09-16T13:27:14Z;;1500;896
2025-09-16T13:27:17Z;;1497;893
2025-09-16T13:27:18Z;;1501;897
2025-09-16T13:27:22Z;;1497;893
2025-09-16T13:27:35Z;;1503;899
2025-09-16T13:28:35Z;-916;;587
2025-09-16T13:28:42Z;-885;;618
2025-09-16T13:28:45Z;-908;;595
2025-09-16T13:28:57Z;-897;;606
2025-09-16T13:29:13Z;-935;;568
2025-09-16T13:29:17Z;;1836;901
2025-09-16T13:29:21Z;-1210;;626
2025-09-16T13:29:31Z;-1196;;640
2025-09-16T13:29:33Z;;1788;592
2025-09-16T13:29:39Z;-880;;908
2025-09-16T13:29:48Z;;1498;618
2025-09-16T13:30:08Z;;1453;573
2025-09-16T13:30:18Z;-690;;763
2025-09-16T13:30:26Z;;1508;818
2025-09-16T13:30:57Z;-905;;603
2025-09-16T13:31:07Z;-883;;625
2025-09-16T13:31:37Z;;1491;608
2025-09-16T13:32:21Z;-586;;905
2025-09-16T13:35:43Z;;1077;491
2025-09-16T13:35:45Z;;525;-61
2025-09-16T13:35:46Z;;1198;612
2025-09-16T13:42:41Z;;626;40
2025-09-16T13:42:42Z;;1132;546
2025-09-16T13:43:53Z;;1203;617
2025-09-16T13:44:07Z;-619;;584
2025-09-16T13:44:16Z;-599;;604
2025-09-16T13:44:29Z;-602;;601
2025-09-16T13:45:08Z;;1501;899
2025-09-16T13:45:10Z;;1433;831
2025-09-16T13:45:18Z;-845;;588
2025-09-16T13:45:33Z;;1487;642
2025-09-16T13:45:39Z;-595;;892
2025-09-16T13:46:00Z;;1198;603
2025-09-16T13:46:04Z;192;;1390
2025-09-16T13:46:06Z;-428;;770
2025-09-16T13:46:18Z;;1200;772
2025-09-16T13:46:21Z;;1199;771
2025-09-16T13:46:22Z;;1204;776
2025-09-16T13:47:52Z;-603;;601
2025-09-16T13:48:21Z;;1506;903
2025-09-16T13:48:55Z;;1499;896
2025-09-16T13:48:56Z;;1500;897
2025-09-16T13:49:00Z;;1498;895
2025-09-16T13:49:18Z;;1500;897
2025-09-16T13:49:22Z;;1494;891
2025-09-16T13:49:58Z;;1503;900
2025-09-16T13:50:34Z;-900;;603
2025-09-16T13:50:44Z;-891;;612
2025-09-16T13:50:56Z;-907;;596
2025-09-16T13:51:02Z;;1805;898
2025-09-16T13:51:57Z;-1203;;602
2025-09-16T13:51:58Z;;2105;902
2025-09-16T13:52:06Z;-1526;;579
2025-09-16T13:52:08Z;;2420;894
2025-09-16T13:52:35Z;-1852;2774;568
2025-09-16T13:52:38Z;-2148;3034;626
2025-09-16T13:52:47Z;-1871;;1163
2025-09-16T13:52:48Z;;2269;398
2025-09-16T13:52:49Z;-2318;;-49
2025-09-16T13:52:50Z;;3244;926
2025-09-16T13:52:52Z;-1922;3322;1322
2025-09-16T13:52:54Z;-2393;;929
2025-09-16T13:52:56Z;-2430;;892
2025-09-16T13:53:45Z;;3292;862
2025-09-16T13:53:53Z;-2345;;947
2025-09-16T13:53:55Z;;2914;569
2025-09-16T13:53:56Z;-2064;;850
2025-09-16T13:54:04Z;-2117;;797
2025-09-16T13:54:05Z;;3011;894
2025-09-16T13:54:13Z;-2422;;589
2025-09-16T13:54:14Z;;3413;991
2025-09-16T13:54:15Z;-2369;;1044
2025-09-16T13:54:17Z;-2575;;838
2025-09-16T13:54:19Z;-2762;;651
2025-09-16T13:54:36Z;;3589;827
2025-09-16T13:54:38Z;-2680;;909
2025-09-16T13:54:44Z;;3619;939
2025-09-16T13:54:45Z;-2788;;831
2025-09-16T13:55:08Z;;3585;797
2025-09-16T13:55:10Z;-2613;;972
2025-09-16T13:55:12Z;;3223;610
2025-09-16T13:55:15Z;-2383;;840
2025-09-16T13:56:02Z;;2986;603
2025-09-16T13:56:04Z;-2099;;887
2025-09-16T13:56:12Z;-2102;;884
2025-09-16T13:56:13Z;;3015;913
2025-09-16T13:56:25Z;;2990;888
2025-09-16T13:56:28Z;-2097;;893
2025-09-16T13:56:32Z;-2101;;889
2025-09-16T13:56:33Z;;3021;920
2025-09-16T13:56:48Z;-2400;;621
2025-09-16T13:56:52Z;;3307;907
2025-09-16T13:56:55Z;;3285;885
2025-09-16T13:56:57Z;-2396;;889
2025-09-16T13:57:05Z;-2413;;872
2025-09-16T13:57:06Z;;3302;889
2025-09-16T13:57:07Z;;3281;868
2025-09-16T13:57:09Z;-2375;;906
2025-09-16T13:57:11Z;;2999;624
2025-09-16T13:57:13Z;-2035;;964
2025-09-16T13:57:33Z;;2691;656
2025-09-16T13:57:35Z;-1746;;945
2025-09-16T13:57:40Z;;2393;647
2025-09-16T13:57:47Z;-1481;;912
2025-09-16T13:58:00Z;;2080;599
2025-09-16T13:58:13Z;;2123;642
2025-09-16T13:58:17Z;;2078;597
2025-09-16T13:58:20Z;-1183;;895
2025-09-16T13:58:34Z;-1220;;858
2025-09-16T13:58:36Z;;2128;908
2025-09-16T13:58:42Z;;2083;863
2025-09-16T13:58:44Z;-1191;;892
2025-09-16T13:58:48Z;;1783;592
2025-09-16T13:58:51Z;-891;;892
2025-09-16T13:59:02Z;-905;;878
2025-09-16T13:59:05Z;-883;;900
2025-09-16T13:59:07Z;-922;;861
2025-09-16T13:59:09Z;;1813;891
2025-09-16T13:59:42Z;;1790;868
2025-09-16T13:59:46Z;-873;;917
2025-09-16T14:00:08Z;;1671;798
2025-09-16T14:00:18Z;-812;;859
2025-09-16T14:00:55Z;-908;;763
2025-09-16T14:01:00Z;-886;;785
2025-09-16T14:01:05Z;-903;;768
2025-09-16T14:01:09Z;;1809;906
2025-09-16T14:01:30Z;;1793;890
2025-09-16T14:01:34Z;;1801;898
2025-09-16T14:01:42Z;-1233;;568
2025-09-16T14:01:43Z;;2136;903
2025-09-16T14:02:05Z;-1504;;632
2025-09-16T14:02:08Z;-1484;;652
2025-09-16T14:02:13Z;;2076;592
2025-09-16T14:02:25Z;;2134;650
2025-09-16T14:02:47Z;-1539;;595
2025-09-16T14:02:48Z;;2428;889
2025-09-16T14:02:54Z;-1817;;611
2025-09-16T14:02:55Z;-1795;;633
2025-09-16T14:02:57Z;-1827;;601
2025-09-16T14:02:59Z;;2728;901
2025-09-16T14:03:17Z;-2113;;615
2025-09-16T14:03:18Z;;3087;974
2025-09-16T14:03:19Z;-1653;;1434
2025-09-16T14:03:21Z;-2354;;733
2025-09-16T14:03:22Z;-2411;;676
2025-09-16T14:03:24Z;-2359;;728
2025-09-16T14:03:27Z;;2970;611
2025-09-16T14:03:32Z;;3007;648
2025-09-16T14:03:34Z;;2982;623
2025-09-16T14:03:36Z;-2095;;887
2025-09-16T14:03:58Z;;2617;522
2025-09-16T14:03:59Z;-1787;;830
2025-09-16T14:04:02Z;;2338;551
2025-09-16T14:04:03Z;-1477;;861
2025-09-16T14:04:06Z;;2094;617
2025-09-16T14:04:09Z;-1155;;939
2025-09-16T14:04:12Z;;1763;608
2025-09-16T14:04:17Z;;1802;647
2025-09-16T14:04:47Z;-1212;;590
2025-09-16T14:04:50Z;;2118;906
2025-09-16T14:04:51Z;;2095;883
2025-09-16T14:04:54Z;-1192;;903
2025-09-16T14:04:57Z;;2059;867
2025-09-16T14:04:58Z;-1255;;804
2025-09-16T14:04:59Z;;2089;834
2025-09-16T14:05:04Z;-1193;;896
2025-09-16T14:05:21Z;-1211;;878
2025-09-16T14:05:23Z;;2135;924
2025-09-16T14:05:28Z;-1520;2400;615
2025-09-16T14:05:34Z;-1801;;599
2025-09-16T14:05:35Z;;2751;950
2025-09-16T14:05:41Z;-2103;;648
2025-09-16T14:05:48Z;-2020;;731
2025-09-16T14:05:50Z;;2659;639
2025-09-16T14:05:51Z;-1797;;954
2025-09-16T14:06:01Z;;2370;573
2025-09-16T14:06:03Z;-1494;;876
2025-09-16T14:06:08Z;-1130;;1240
2025-09-16T14:06:10Z;-1513;2427;857
2025-09-16T14:06:28Z;-1801;;626
2025-09-16T14:06:29Z;;2735;934
2025-09-16T14:06:39Z;;2685;884
2025-09-16T14:06:41Z;-1779;;906
2025-09-16T14:06:48Z;-1800;;885
2025-09-16T14:06:50Z;-1785;;900
2025-09-16T14:06:55Z;-1855;2761;830
2025-09-16T14:07:12Z;-2122;3005;639
2025-09-16T14:07:13Z;;2960;838
2025-09-16T14:07:14Z;-2095;;865
2025-09-16T14:07:17Z;;2637;542
2025-09-16T14:07:18Z;-1781;;856
2025-09-16T14:07:25Z;;2394;613
2025-09-16T14:07:28Z;-1436;;958
2025-09-16T14:07:30Z;-1500;;894
2025-09-16T14:07:34Z;;2428;928
2025-09-16T14:07:38Z;-1852;2713;576
2025-09-16T14:07:42Z;-2126;3023;587
2025-09-16T14:07:55Z;;2972;846
2025-09-16T14:07:57Z;-2040;;932
2025-09-16T14:08:06Z;;2689;649
2025-09-16T14:08:11Z;;2752;712
2025-09-16T14:08:15Z;-2125;3037;627
2025-09-16T14:08:30Z;;2978;853
2025-09-16T14:08:32Z;-2067;;911
2025-09-16T14:08:38Z;-2125;;853
2025-09-16T14:08:39Z;;3043;918
2025-09-16T14:08:46Z;-2411;;632
2025-09-16T14:08:48Z;;3325;914
2025-09-16T14:09:07Z;;3275;864
2025-09-16T14:09:09Z;-2399;;876
2025-09-16T14:09:10Z;-2403;;872
2025-09-16T14:09:12Z;-2364;;911
2025-09-16T14:09:27Z;-2415;;860
2025-09-16T14:09:35Z;-2398;;877
2025-09-16T14:10:04Z;;2976;578
2025-09-16T14:10:06Z;-2099;;877
2025-09-16T14:10:26Z;;2673;574
2025-09-16T14:10:30Z;-1784;;889
2025-09-16T14:10:32Z;-1805;;868
2025-09-16T14:10:35Z;-1798;;875
2025-09-16T14:10:43Z;;2396;598
2025-09-16T14:10:46Z;-1496;;900
2025-09-16T14:10:55Z;-1526;;870
2025-09-16T14:10:58Z;;2404;878
2025-09-16T14:10:59Z;;2338;812
2025-09-16T14:11:00Z;;2400;874
2025-09-16T14:11:15Z;-1830;;570
2025-09-16T14:11:16Z;;2733;903
2025-09-16T14:11:32Z;-2108;;625
2025-09-16T14:11:38Z;-2098;;635
2025-09-16T14:11:40Z;-2103;;630
2025-09-16T14:11:42Z;-2097;;636
2025-09-16T14:11:46Z;-2106;;627
2025-09-16T14:11:49Z;;3018;912
2025-09-16T14:12:08Z;-2429;;589
2025-09-16T14:12:09Z;;3323;894
2025-09-16T14:12:55Z;;3295;866
2025-09-16T14:12:57Z;;3303;874
2025-09-16T14:13:02Z;;3297;868
2025-09-16T14:13:51Z;-2394;;903
2025-09-16T14:14:12Z;-2400;;897
2025-09-16T14:14:14Z;-2389;;908
2025-09-16T14:14:19Z;-2403;;894
2025-09-16T14:14:21Z;-2396;;901
2025-09-16T14:14:22Z;-2407;;890
2025-09-16T14:14:23Z;-2396;;901
2025-09-16T14:14:25Z;-2403;;894
2025-09-16T14:14:26Z;-2388;;909
2025-09-16T14:14:30Z;-2401;;896
2025-09-16T14:14:32Z;-2399;;898
2025-09-16T14:14:34Z;-2402;;895
2025-09-16T14:14:35Z;-2393;;904
2025-09-16T14:14:39Z;-2401;;896
2025-09-16T14:14:41Z;-2396;;901
2025-09-16T14:14:43Z;-2401;;896
2025-09-16T14:14:45Z;-2399;;898
2025-09-16T14:15:08Z;;3238;839
2025-09-16T14:15:18Z;-2376;;862
2025-09-16T14:16:02Z;-2401;;837
2025-09-16T14:16:04Z;-2394;;844
2025-09-16T14:16:16Z;-2401;;837
2025-09-16T14:16:17Z;-2397;;841
2025-09-16T14:16:19Z;-2400;;838
2025-09-16T14:16:21Z;-2397;;841
2025-09-16T14:16:25Z;;2998;601
2025-09-16T14:16:27Z;-2090;;908
2025-09-16T14:16:31Z;-2109;;889
2025-09-16T14:16:33Z;-2089;;909
2025-09-16T14:16:35Z;-2113;;885
2025-09-16T14:16:41Z;;3010;897
2025-09-16T14:16:50Z;;2979;866
2025-09-16T14:16:56Z;-2084;;895
2025-09-16T14:17:02Z;;2699;615
2025-09-16T14:17:04Z;;2702;618
2025-09-16T14:17:18Z;-2130;;572
2025-09-16T14:17:24Z;;3000;870
2025-09-16T14:17:25Z;;2990;860
2025-09-16T14:17:27Z;;3014;884
2025-09-16T14:20:12Z;;2968;838
2025-09-16T14:20:13Z;;3060;930
2025-09-16T14:20:28Z;;2774;644
2025-09-16T14:20:29Z;;3050;920
2025-09-16T14:22:29Z;;2994;864
2025-09-16T14:22:31Z;;3001;871
2025-09-16T14:22:32Z;;2999;869
2025-09-16T14:23:43Z;-2095;;904
2025-09-16T14:23:53Z;-2109;;890
2025-09-16T14:23:55Z;-2099;;900
2025-09-16T14:23:59Z;-2100;;899
2025-09-16T14:24:01Z;-2098;;901
2025-09-16T14:24:02Z;-2100;;899
2025-09-16T14:24:04Z;-2095;;904
2025-09-16T14:24:06Z;-2111;;888
2025-09-16T14:24:08Z;-2094;;905
2025-09-16T14:24:11Z;-2102;;897
2025-09-16T14:24:12Z;-2096;;903
2025-09-16T14:24:14Z;-2102;;897
2025-09-16T14:25:10Z;;2664;562
2025-09-16T14:25:11Z;;2927;825
2025-09-16T14:27:20Z;-2097;;830
2025-09-16T14:27:21Z;-2110;;817
2025-09-16T14:27:25Z;-2090;;837
2025-09-16T14:27:31Z;-2100;;827
2025-09-16T14:27:32Z;-2093;;834
2025-09-16T14:28:37Z;;2683;590
2025-09-16T14:29:12Z;-1799;;884
2025-09-16T14:29:44Z;;2389;590
2025-09-16T14:29:53Z;;2416;617
2025-09-16T14:30:01Z;;2389;590
2025-09-16T14:30:08Z;;2385;586
2025-09-16T14:30:09Z;;2413;614
2025-09-16T14:30:15Z;;2399;600
2025-09-16T14:30:18Z;-1674;;725
2025-09-16T14:30:57Z;;2403;729
2025-09-16T14:31:19Z;;2379;705
2025-09-16T14:31:25Z;;2403;729
2025-09-16T14:31:31Z;;2397;723
2025-09-16T14:31:32Z;;2406;732
2025-09-16T14:32:03Z;-1802;;604
2025-09-16T14:32:38Z;-1794;;612
2025-09-16T14:32:54Z;-1804;;602
2025-09-16T14:33:04Z;-1799;;607
2025-09-16T14:33:20Z;;2201;402
2025-09-16T14:33:21Z;;2439;640
2025-09-16T14:33:29Z;;2335;536
2025-09-16T14:33:30Z;;2422;623
2025-09-16T14:33:31Z;;2387;588
2025-09-16T14:33:42Z;;2424;625
2025-09-16T14:33:49Z;-1820;;604
2025-09-16T14:34:06Z;-1798;;626
2025-09-16T14:34:11Z;;2380;582
2025-09-16T14:34:13Z;-1498;;882
2025-09-16T14:34:24Z;-1529;;851
2025-09-16T14:34:42Z;;2411;882
2025-09-16T14:34:53Z;-1807;;604
2025-09-16T14:35:11Z;;2245;438
2025-09-16T14:35:12Z;;2651;844
2025-09-16T14:35:13Z;;2181;374
2025-09-16T14:35:14Z;-1511;;670
2025-09-16T14:35:15Z;-1922;;259
2025-09-16T14:35:16Z;;2681;759
2025-09-16T14:35:17Z;;2718;796
2025-09-16T14:35:48Z;-2100;;618
2025-09-16T14:35:49Z;-2095;;623
2025-09-16T14:36:06Z;-2103;;615
2025-09-16T14:36:08Z;-2092;;626
2025-09-16T14:36:24Z;;2678;586
2025-09-16T14:36:40Z;-1792;;886
2025-09-16T14:36:42Z;-1800;;878
2025-09-16T14:36:55Z;;2711;911
2025-09-16T14:37:13Z;;2696;896
2025-09-16T14:37:19Z;-1775;;921
2025-09-16T14:37:36Z;;2398;623
2025-09-16T14:37:45Z;;2418;643
2025-09-16T14:38:02Z;-1813;;605
2025-09-16T14:38:25Z;-1728;;690
2025-09-16T14:38:26Z;-1880;;538
2025-09-16T14:38:28Z;-1780;;638
2025-09-16T14:38:29Z;-1900;;518
2025-09-16T14:38:35Z;;2705;805
2025-09-16T14:39:09Z;;2692;792
2025-09-16T14:39:30Z;-1775;;917
2025-09-16T14:39:50Z;;2396;621
2025-09-16T14:39:57Z;-1485;;911
2025-09-16T14:40:03Z;;2079;594
2025-09-16T14:40:11Z;-1194;;885
2025-09-16T14:40:22Z;;1797;603
2025-09-16T14:40:26Z;;1800;606
2025-09-16T14:40:31Z;;1794;600
2025-09-16T14:40:43Z;;1830;636
2025-09-16T14:40:55Z;-1213;;617
2025-09-16T14:40:58Z;;2113;900
2025-09-16T14:41:06Z;-1544;;569
2025-09-16T14:41:11Z;;2432;888
2025-09-16T14:41:27Z;;2382;838
2025-09-16T14:41:38Z;;2417;873
2025-09-16T14:41:43Z;-1809;;608
2025-09-16T14:41:46Z;;2700;891
2025-09-16T14:41:50Z;;2684;875
2025-09-16T14:41:51Z;;2741;932
2025-09-16T14:42:02Z;-2104;;637
2025-09-16T14:42:16Z;;3005;901
2025-09-16T14:42:22Z;;2969;865
2025-09-16T14:42:24Z;-2078;;891
2025-09-16T14:42:25Z;;2699;621
2025-09-16T14:42:26Z;-1721;;978
2025-09-16T14:42:28Z;;2338;617
2025-09-16T14:42:30Z;-1436;;902
2025-09-16T14:42:40Z;-1524;2417;814
2025-09-16T14:42:52Z;;2373;849
2025-09-16T14:42:54Z;-1438;;935
2025-09-16T14:42:57Z;;2077;639
2025-09-16T14:43:00Z;;2171;733
2025-09-16T14:43:03Z;-1519;2405;652
2025-09-16T14:43:07Z;-1802;;603
2025-09-16T14:43:08Z;;2734;932
2025-09-16T14:43:47Z;-1623;;1111
2025-09-16T14:43:49Z;;2633;1010
2025-09-16T14:43:50Z;-2040;;593
2025-09-16T14:43:52Z;-1484;;1149
2025-09-16T14:43:54Z;-2031;;602
2025-09-16T14:44:05Z;-2100;;533
2025-09-16T14:44:08Z;-2093;;540
2025-09-16T14:44:10Z;-2114;;519
2025-09-16T14:44:13Z;-2098;;535
2025-09-16T14:44:14Z;-2102;;531
2025-09-16T14:44:16Z;-2092;;541
2025-09-16T14:44:18Z;-2105;;528
2025-09-16T14:44:20Z;-2092;;541
2025-09-16T14:44:22Z;-2104;;529
2025-09-16T14:44:23Z;-2094;;539
2025-09-16T14:44:25Z;-2103;;530
2025-09-16T14:44:27Z;-2094;;539
2025-09-16T14:44:29Z;-2102;;531
2025-09-16T14:44:30Z;-2096;;537
2025-09-16T14:44:32Z;-2103;;530
2025-09-16T14:44:34Z;-2092;;541
2025-09-16T14:44:36Z;-2105;;528
2025-09-16T14:44:38Z;-2099;;534
2025-09-16T14:45:08Z;;2918;819
2025-09-16T14:45:16Z;-1651;;1267
2025-09-16T14:45:17Z;;2582;931
2025-09-16T14:45:18Z;-2051;;531
2025-09-16T14:45:21Z;-1966;;616
2025-09-16T14:45:22Z;-1578;;1004
2025-09-16T14:45:24Z;-2071;;511
2025-09-16T14:48:27Z;;2671;600
2025-09-16T14:48:28Z;-1773;;898
2025-09-16T14:49:01Z;-1825;;846
2025-09-16T14:49:03Z;;2700;875
2025-09-16T14:49:04Z;;2698;873
2025-09-16T14:49:10Z;;2702;877
2025-09-16T14:49:17Z;;2650;825
2025-09-16T14:49:19Z;-1764;;886
2025-09-16T14:49:33Z;-1803;;847
2025-09-16T14:49:35Z;-1785;;865
2025-09-16T14:49:36Z;-1807;;843
2025-09-16T14:49:38Z;-1782;;868
2025-09-16T14:50:10Z;-1806;;844
2025-09-16T14:50:14Z;;2711;905
2025-09-16T14:54:01Z;-1648;;1063
2025-09-16T14:54:02Z;-1962;;749
2025-09-16T14:55:25Z;-1573;;1138
2025-09-16T14:55:27Z;-1911;;800
2025-09-16T14:55:30Z;;2694;783
2025-09-16T14:55:33Z;;2706;795
2025-09-16T14:56:41Z;;2693;782
2025-09-16T14:56:45Z;-1791;;902
2025-09-16T14:56:53Z;;2321;530
2025-09-16T14:56:54Z;-1463;;858
2025-09-16T14:56:55Z;;2049;586
2025-09-16T14:56:56Z;-1189;;860
2025-09-16T14:56:57Z;;1798;609
2025-09-16T14:56:59Z;-871;;927
2025-09-16T14:57:25Z;-937;;861
2025-09-16T14:57:26Z;;1840;903
2025-09-16T14:57:46Z;-1235;;605
2025-09-16T14:57:47Z;;2103;868
2025-09-16T14:57:56Z;;2097;862
2025-09-16T14:58:01Z;-1184;;913
2025-09-16T14:58:12Z;-1207;;890
2025-09-16T14:58:17Z;;2101;894
2025-09-16T14:58:27Z;;2095;888
2025-09-16T14:58:32Z;-1193;;902
2025-09-16T14:58:52Z;-1218;;877
2025-09-16T14:58:55Z;-1191;;904
2025-09-16T14:59:14Z;;1781;590
2025-09-16T14:59:19Z;;1802;611
2025-09-16T15:00:06Z;;1799;608
2025-09-16T15:00:07Z;;1821;630
2025-09-16T15:00:10Z;;1876;685
2025-09-16T15:00:15Z;;1797;606
2025-09-16T15:00:18Z;-1010;;787
2025-09-16T15:00:21Z;-891;;906
2025-09-16T15:00:27Z;-900;;897
2025-09-16T15:00:32Z;-899;;898
2025-09-16T15:01:24Z;;1491;592
2025-09-16T15:01:42Z;-594;;897
2025-09-16T15:01:45Z;-622;;869
2025-09-16T15:01:54Z;;1520;898
2025-09-16T15:02:03Z;;1496;874
2025-09-16T15:02:05Z;;1513;891
2025-09-16T15:03:58Z;;1494;872
2025-09-16T15:04:45Z;-594;;900
2025-09-16T15:04:51Z;-601;;893
2025-09-16T15:04:53Z;-593;;901
2025-09-16T15:05:28Z;;1032;439
2025-09-16T15:05:29Z;;1341;748
2025-09-16T15:07:36Z;;1193;600
2025-09-16T15:07:41Z;;1201;608
2025-09-16T15:07:43Z;;1199;606
2025-09-16T15:07:45Z;;1205;612
2025-09-16T15:11:56Z;;1196;603
2025-09-16T15:11:57Z;;1201;608
2025-09-16T15:12:01Z;;1199;606
2025-09-16T15:12:09Z;;1201;608
2025-09-16T15:12:14Z;;1198;605
2025-09-16T15:12:15Z;;1200;607
2025-09-16T15:12:16Z;;1197;604
2025-09-16T15:14:10Z;;875;282
2025-09-16T15:14:11Z;;1066;473
2025-09-16T15:14:13Z;-288;;778
2025-09-16T15:14:15Z;-327;;739
2025-09-16T15:15:08Z;;1106;779
2025-09-16T15:15:18Z;-375;;731
2025-09-16T15:15:31Z;;796;421
2025-09-16T15:15:32Z;-11;1161;785
2025-09-16T15:15:34Z;-410;;751
2025-09-16T15:15:42Z;;1202;792
2025-09-16T15:17:27Z;;1195;785
2025-09-16T15:19:05Z;;1205;795
2025-09-16T15:19:58Z;-602;;603
2025-09-16T15:20:08Z;-594;;611
2025-09-16T15:20:10Z;-618;;587
2025-09-16T15:20:32Z;-594;;611
2025-09-16T15:21:17Z;-601;;604
2025-09-16T15:21:35Z;-597;;608
2025-09-16T15:21:37Z;-605;;600
2025-09-16T15:21:39Z;-596;;609
2025-09-16T15:21:44Z;-600;;605
2025-09-16T15:21:46Z;-591;;614
2025-09-16T15:22:23Z;-602;;603
2025-09-16T15:22:25Z;-595;;610
2025-09-16T15:22:26Z;-600;;605
2025-09-16T15:22:28Z;-598;;607
2025-09-16T15:22:30Z;-609;;596
2025-09-16T15:22:34Z;-598;;607
2025-09-16T15:22:42Z;-603;;602
2025-09-16T15:22:43Z;-597;;608
2025-09-16T15:22:45Z;-604;;601
2025-09-16T15:22:47Z;-595;;610
2025-09-16T15:22:56Z;-601;;604
2025-09-16T15:22:58Z;-591;;614
2025-09-16T15:23:00Z;-603;;602
2025-09-16T15:23:02Z;-599;;606
2025-09-16T15:23:03Z;-607;;598
2025-09-16T15:24:13Z;-591;;614
2025-09-16T15:25:00Z;-39;;1166
2025-09-16T15:25:02Z;-520;;685
2025-09-16T15:27:17Z;;1198;678
2025-09-16T15:27:21Z;;1202;682
2025-09-16T15:27:44Z;;1196;676
2025-09-16T15:27:45Z;;1200;680
2025-09-16T15:27:46Z;;1198;678
2025-09-16T15:27:58Z;-298;;900
2025-09-16T15:28:48Z;-307;;891
2025-09-16T15:28:57Z;-298;;900
2025-09-16T15:29:01Z;-306;;892
2025-09-16T15:29:03Z;-297;;901
2025-09-16T15:29:06Z;-304;;894
2025-09-16T15:29:08Z;-292;;906
2025-09-16T15:29:12Z;-330;;868
2025-09-16T15:29:54Z;;1207;877
2025-09-16T15:30:08Z;;1216;886
2025-09-16T15:30:18Z;-419;;797
2025-09-16T15:30:51Z;;1197;778
2025-09-16T15:30:53Z;;1200;781
2025-09-16T15:30:54Z;;1196;777
2025-09-16T15:30:59Z;;1200;781
2025-09-16T15:31:26Z;;1194;775
2025-09-16T15:32:23Z;-293;;901
2025-09-16T15:32:32Z;-302;;892
2025-09-16T15:33:10Z;-288;;906
2025-09-16T15:33:19Z;-302;;892
2025-09-16T15:33:38Z;;1209;907
2025-09-16T15:33:42Z;;1197;895
2025-09-16T15:33:45Z;;1202;900
2025-09-16T15:36:10Z;;1189;887
2025-09-16T15:36:15Z;-297;;892
2025-09-16T15:36:37Z;;898;601
2025-09-16T15:37:22Z;;903;606
2025-09-16T15:44:30Z;;897;600
2025-09-16T15:45:08Z;;875;578
2025-09-16T15:45:09Z;;451;154
2025-09-16T15:45:10Z;;879;582
2025-09-16T15:45:12Z;;906;609
2025-09-16T15:45:19Z;-166;;740
2025-09-16T15:45:59Z;-306;;600
2025-09-16T15:46:02Z;-297;1043;746
2025-09-16T15:46:03Z;;889;592
2025-09-16T15:46:04Z;-301;1054;588
2025-09-16T15:46:06Z;-285;;769
2025-09-16T15:46:07Z;-310;;744
2025-09-16T15:46:09Z;-295;;759
2025-09-16T15:47:50Z;;899;604
2025-09-16T15:47:53Z;;900;605
2025-09-16T15:47:54Z;;890;595
2025-09-16T15:49:32Z;;901;606
2025-09-16T15:49:41Z;;899;604
2025-09-16T15:53:33Z;13;;912
2025-09-16T15:53:35Z;0;;899
2025-09-16T15:53:36Z;5;;904
2025-09-16T15:55:17Z;570;;1469
2025-09-16T15:55:18Z;;464;1034
2025-09-16T15:55:19Z;103;;567
2025-09-16T15:55:22Z;;650;753
2025-09-16T15:56:07Z;494;;1144
2025-09-16T15:56:08Z;;571;1065
2025-09-16T15:56:09Z;48;703;698
2025-09-16T15:57:20Z;-8;;695
2025-09-16T15:57:44Z;3;;706
2025-09-16T15:57:45Z;-5;;698
2025-09-16T15:57:47Z;9;;712
2025-09-16T16:00:08Z;;604;613
2025-09-16T16:00:12Z;;599;608
2025-09-16T16:00:18Z;136;;735
2025-09-16T16:02:04Z;;600;736
2025-09-16T16:02:48Z;;593;729
2025-09-16T16:05:00Z;300;;893
2025-09-16T16:05:02Z;297;;890
2025-09-16T16:05:22Z;482;;1075
2025-09-16T16:05:24Z;277;;870
2025-09-16T16:06:00Z;308;;901
2025-09-16T16:06:01Z;294;;887
2025-09-16T16:06:09Z;300;;893
2025-09-16T16:06:13Z;309;;902
2025-09-16T16:06:14Z;309;;902
2025-09-16T16:15:08Z;;417;726
2025-09-16T16:15:18Z;395;;812
2025-09-16T16:25:30Z;;0;395
2025-09-16T16:25:31Z;;339;734
2025-09-16T16:25:32Z;;615;1010
2025-09-16T16:25:33Z;;348;743
2025-09-16T16:26:24Z;;56;451
2025-09-16T16:26:25Z;;333;728
2025-09-16T16:30:08Z;;312;707
2025-09-16T16:30:18Z;494;;806
2025-09-16T16:30:59Z;;299;793
2025-09-16T16:31:00Z;;302;796
2025-09-16T16:31:08Z;;298;792
2025-09-16T16:31:09Z;;301;795
2025-09-16T16:31:17Z;;299;793
2025-09-16T16:31:20Z;;301;795
2025-09-16T16:31:21Z;;299;793
2025-09-16T16:31:25Z;;303;797
2025-09-16T16:31:26Z;;299;793
2025-09-16T16:35:35Z;937;;1236
2025-09-16T16:35:37Z;506;;805
2025-09-16T16:35:40Z;210;;509
2025-09-16T16:35:42Z;481;;780
2025-09-16T16:36:11Z;601;;900
2025-09-16T16:36:14Z;572;;871
2025-09-16T16:36:17Z;609;;908
2025-09-16T16:36:21Z;544;;843
2025-09-16T16:36:23Z;700;;999
2025-09-16T16:36:30Z;368;;667
2025-09-16T16:36:32Z;628;;927
2025-09-16T16:39:56Z;566;;865
2025-09-16T16:39:57Z;635;;934
2025-09-16T16:40:46Z;1333;;1632
2025-09-16T16:40:56Z;876;;1175
2025-09-16T16:45:08Z;;174;1050
2025-09-16T16:45:18Z;692;;866
2025-09-16T16:47:41Z;593;;767
2025-09-16T16:47:43Z;608;;782
2025-09-16T16:55:48Z;;505;1113
2025-09-16T16:55:49Z;;109;717
2025-09-16T16:56:36Z;;0;608
2025-09-16T16:56:37Z;;91;699
2025-09-16T16:56:39Z;465;;556
2025-09-16T16:56:40Z;776;;867
2025-09-16T17:00:08Z;762;81;853
2025-09-16T17:15:08Z;826;19;907
2025-09-16T17:15:57Z;;0;826
2025-09-16T17:16:00Z;;14;840
2025-09-16T17:16:55Z;;0;826
2025-09-16T17:16:57Z;;203;1029
2025-09-16T17:19:17Z;;0;826
2025-09-16T17:19:18Z;;2;828
2025-09-16T17:19:24Z;;0;826
2025-09-16T17:19:25Z;;1;827
2025-09-16T17:19:31Z;;0;826
2025-09-16T17:19:33Z;;1;827
2025-09-16T17:19:37Z;;0;826
2025-09-16T17:19:41Z;;1;827
2025-09-16T17:19:45Z;;0;826
2025-09-16T17:19:47Z;;1;827
2025-09-16T17:19:48Z;;0;826
2025-09-16T17:19:50Z;;1;827
2025-09-16T17:19:51Z;;0;826
2025-09-16T17:20:08Z;;1;827
2025-09-16T17:20:10Z;;0;826
2025-09-16T17:20:23Z;;1;827
2025-09-16T17:20:24Z;;0;826
2025-09-16T17:26:51Z;1346;;1346
2025-09-16T17:26:52Z;852;;852
2025-09-16T17:27:21Z;1297;;1297
2025-09-16T17:27:22Z;859;;859
2025-09-16T17:30:08Z;858;0;858
2025-09-16T17:45:08Z;854;0;854
2025-09-16T18:00:08Z;858;0;858
2025-09-16T18:15:07Z;956;;956
2025-09-16T18:15:08Z;;0;956
2025-09-16T18:15:10Z;852;;852
2025-09-16T18:15:23Z;899;;899
2025-09-16T18:15:24Z;945;;945
2025-09-16T18:15:28Z;868;;868
2025-09-16T18:16:19Z;909;;909
2025-09-16T18:17:33Z;854;;854
2025-09-16T18:17:35Z;908;;908
2025-09-16T18:17:45Z;895;;895
2025-09-16T18:17:48Z;902;;902
2025-09-16T18:17:50Z;898;;898
2025-09-16T18:17:53Z;900;;900
2025-09-16T18:17:54Z;897;;897
2025-09-16T18:17:56Z;900;;900
2025-09-16T18:17:58Z;899;;899
2025-09-16T18:18:00Z;900;;900
2025-09-16T18:18:02Z;898;;898
2025-09-16T18:18:12Z;904;;904
2025-09-16T18:18:17Z;897;;897
2025-09-16T18:18:21Z;906;;906
2025-09-16T18:18:22Z;899;;899
2025-09-16T18:18:24Z;906;;906
2025-09-16T18:18:29Z;862;;862
2025-09-16T18:18:38Z;902;;902
2025-09-16T18:18:46Z;898;;898
2025-09-16T18:18:48Z;902;;902
2025-09-16T18:18:56Z;895;;895
2025-09-16T18:18:59Z;901;;901
2025-09-16T18:19:00Z;898;;898
2025-09-16T18:19:02Z;906;;906
2025-09-16T18:19:05Z;898;;898
2025-09-16T18:19:06Z;902;;902
2025-09-16T18:19:30Z;888;;888
2025-09-16T18:19:42Z;1030;;1030
2025-09-16T18:19:46Z;890;;890
2025-09-16T18:19:52Z;926;;926
2025-09-16T18:19:53Z;898;;898
2025-09-16T18:19:55Z;902;;902
2025-09-16T18:19:57Z;898;;898
2025-09-16T18:19:59Z;900;;900
2025-09-16T18:20:00Z;898;;898
2025-09-16T18:20:02Z;901;;901
2025-09-16T18:20:04Z;899;;899
2025-09-16T18:20:06Z;901;;901
2025-09-16T18:20:08Z;898;;898
2025-09-16T18:20:09Z;901;;901
2025-09-16T18:20:11Z;899;;899
2025-09-16T18:20:13Z;901;;901
2025-09-16T18:20:15Z;895;;895
2025-09-16T18:20:18Z;900;;900
2025-09-16T18:20:19Z;872;;872
2025-09-16T18:20:24Z;970;;970
2025-09-16T18:20:36Z;865;;865
2025-09-16T18:20:37Z;1149;;1149
2025-09-16T18:20:47Z;875;;875
2025-09-16T18:20:48Z;974;;974
2025-09-16T18:22:57Z;865;;865
2025-09-16T18:22:58Z;965;;965
2025-09-16T18:23:15Z;824;;824
2025-09-16T18:24:20Z;1105;;1105
2025-09-16T18:24:33Z;837;;837
2025-09-16T18:26:13Z;982;;982
2025-09-16T18:26:26Z;1339;;1339
2025-09-16T18:26:27Z;2485;;2485
2025-09-16T18:26:31Z;2361;;2361
2025-09-16T18:27:26Z;2408;;2408
2025-09-16T18:27:32Z;2284;;2284
2025-09-16T18:30:08Z;2240;0;2240
2025-09-16T18:37:47Z;2098;;2098
2025-09-16T18:37:49Z;2142;;2142
2025-09-16T18:38:25Z;872;;872
2025-09-16T18:45:08Z;763;0;763
2025-09-16T18:57:00Z;900;;900
2025-09-16T18:57:01Z;895;;895
2025-09-16T18:58:30Z;945;;945
2025-09-16T18:58:57Z;845;;845
2025-09-16T18:59:42Z;946;;946
2025-09-16T19:00:08Z;957;0;957
2025-09-16T19:15:08Z;958;0;958
2025-09-16T19:16:38Z;796;;796
2025-09-16T19:30:08Z;779;0;779
2025-09-16T19:45:08Z;839;0;839
2025-09-16T19:55:09Z;935;;935
2025-09-16T20:00:08Z;922;0;922
2025-09-16T20:06:25Z;1217;;1217
2025-09-16T20:06:33Z;1192;;1192
2025-09-16T20:06:35Z;1224;;1224
2025-09-16T20:06:39Z;1083;;1083
2025-09-16T20:07:19Z;796;;796
2025-09-16T20:15:08Z;846;0;846
2025-09-16T20:15:57Z;903;;903
2025-09-16T20:15:58Z;885;;885
2025-09-16T20:16:00Z;917;;917
2025-09-16T20:16:03Z;898;;898
2025-09-16T20:16:05Z;920;;920
2025-09-16T20:16:07Z;854;;854
2025-09-16T20:30:08Z;856;0;856
2025-09-16T20:45:08Z;860;0;860
2025-09-16T21:00:08Z;853;0;853
2025-09-16T21:15:08Z;803;0;803
2025-09-16T21:30:08Z;821;0;821
2025-09-16T21:45:08Z;822;0;822
2025-09-16T22:00:08Z;744;0;744
2025-09-16T22:15:08Z;819;0;819
2025-09-16T22:30:08Z;821;0;821
2025-09-16T22:45:08Z;753;0;753
2025-09-16T23:00:08Z;822;0;822
2025-09-16T23:15:08Z;;0;822
2025-09-16T23:15:10Z;817;;817
2025-09-16T23:30:08Z;754;0;754
2025-09-16T23:45:08Z;820;0;820