timestamp;P_ex;P_pr;P_load
2025-09-04T00:00:10Z;;0;1386
2025-09-04T00:00:29Z;1440;;1440
2025-09-04T00:04:22Z;2638;;2638
2025-09-04T00:04:24Z;1749;;1749
2025-09-04T00:12:38Z;1480;;1480
2025-09-04T00:12:40Z;1519;;1519
2025-09-04T00:12:49Z;1495;;1495
2025-09-04T00:13:19Z;1500;;1500
2025-09-04T00:13:21Z;1496;;1496
2025-09-04T00:13:31Z;1502;;1502
2025-09-04T00:13:35Z;1499;;1499
2025-09-04T00:13:36Z;1500;;1500
2025-09-04T00:13:38Z;1498;;1498
2025-09-04T00:13:40Z;1505;;1505
2025-09-04T00:13:42Z;1499;;1499
2025-09-04T00:13:44Z;1503;;1503
2025-09-04T00:13:46Z;1499;;1499
2025-09-04T00:13:47Z;1504;;1504
2025-09-04T00:15:10Z;;0;1504
2025-09-04T00:15:29Z;1777;;1777
2025-09-04T00:23:58Z;1411;;1411
2025-09-04T00:30:10Z;;0;1411
2025-09-04T00:30:29Z;1386;;1386
2025-09-04T00:45:10Z;;0;1386
2025-09-04T00:45:29Z;1209;;1209
2025-09-04T00:48:01Z;1192;;1192
2025-09-04T00:48:03Z;1209;;1209
2025-09-04T00:48:28Z;1194;;1194
2025-09-04T00:49:28Z;1217;;1217
2025-09-04T01:00:10Z;;0;1217
2025-09-04T01:00:29Z;1382;;1382
2025-09-04T01:15:10Z;;0;1382
2025-09-04T01:15:29Z;1377;;1377
2025-09-04T01:26:24Z;1197;;1197
2025-09-04T01:26:26Z;1201;;1201
2025-09-04T01:26:32Z;1199;;1199
2025-09-04T01:26:34Z;1203;;1203
2025-09-04T01:26:36Z;1199;;1199
2025-09-04T01:26:38Z;1200;;1200
2025-09-04T01:26:43Z;1198;;1198
2025-09-04T01:26:46Z;1204;;1204
2025-09-04T01:26:53Z;1199;;1199
2025-09-04T01:26:55Z;1201;;1201
2025-09-04T01:27:09Z;1199;;1199
2025-09-04T01:27:11Z;1202;;1202
2025-09-04T01:27:14Z;1199;;1199
2025-09-04T01:27:17Z;1202;;1202
2025-09-04T01:30:10Z;;0;1202
2025-09-04T01:30:30Z;1475;;1475
2025-09-04T01:45:10Z;;0;1475
2025-09-04T01:45:29Z;1329;;1329
2025-09-04T01:55:27Z;1181;;1181
2025-09-04T01:56:08Z;1200;;1200
2025-09-04T01:56:10Z;1186;;1186
2025-09-04T02:00:10Z;;0;1186
2025-09-04T02:00:29Z;1171;;1171
2025-09-04T02:02:06Z;3331;;3331
2025-09-04T02:02:08Z;1381;;1381
2025-09-04T02:15:10Z;;0;1381
2025-09-04T02:15:29Z;1398;;1398
2025-09-04T02:30:10Z;;0;1398
2025-09-04T02:30:30Z;1327;;1327
2025-09-04T02:31:24Z;1091;;1091
2025-09-04T02:38:06Z;1291;;1291
2025-09-04T02:45:10Z;;0;1291
2025-09-04T02:45:29Z;1331;;1331
2025-09-04T03:00:10Z;;0;1331
2025-09-04T03:00:29Z;1387;;1387
2025-09-04T03:09:14Z;1150;;1150
2025-09-04T03:15:10Z;;0;1150
2025-09-04T03:15:30Z;1136;;1136
2025-09-04T03:16:01Z;1369;;1369
2025-09-04T03:30:10Z;;0;1369
2025-09-04T03:30:29Z;1320;;1320
2025-09-04T03:44:24Z;1177;;1177
2025-09-04T03:45:10Z;;0;1177
2025-09-04T03:45:29Z;1181;;1181
2025-09-04T03:51:08Z;1388;;1388
2025-09-04T04:00:10Z;;0;1388
2025-09-04T04:00:29Z;1293;;1293
2025-09-04T04:00:57Z;4388;;4388
2025-09-04T04:00:59Z;1615;;1615
2025-09-04T04:01:16Z;1315;;1315
2025-09-04T04:02:21Z;1537;;1537
2025-09-04T04:15:10Z;;0;1537
2025-09-04T04:15:29Z;1575;;1575
2025-09-04T04:20:55Z;1341;;1341
2025-09-04T04:27:39Z;1620;;1620
2025-09-04T04:30:10Z;;0;1620
2025-09-04T04:30:29Z;1668;;1668
2025-09-04T04:37:07Z;1886;;1886
2025-09-04T04:37:35Z;1707;;1707
2025-09-04T04:39:34Z;1843;;1843
2025-09-04T04:39:41Z;1759;;1759
2025-09-04T04:45:10Z;;0;1759
2025-09-04T04:45:29Z;1685;;1685
2025-09-04T04:47:02Z;;11;1696
2025-09-04T04:47:03Z;;0;1685
2025-09-04T04:47:04Z;;49;1734
2025-09-04T04:47:06Z;;0;1685
2025-09-04T04:49:12Z;;1;1686
2025-09-04T04:49:13Z;;0;1685
2025-09-04T04:49:26Z;;1;1686
2025-09-04T04:49:27Z;;0;1685
2025-09-04T04:49:29Z;;2;1687
2025-09-04T04:49:31Z;;0;1685
2025-09-04T04:49:32Z;;1;1686
2025-09-04T04:49:33Z;;0;1685
2025-09-04T04:49:34Z;;1;1686
2025-09-04T04:49:36Z;;0;1685
2025-09-04T04:49:37Z;;1;1686
2025-09-04T04:49:55Z;;0;1685
2025-09-04T04:49:56Z;;1;1686
2025-09-04T04:50:26Z;;0;1685
2025-09-04T04:50:28Z;;14;1699
2025-09-04T04:50:47Z;;0;1685
2025-09-04T04:50:49Z;;12;1697
2025-09-04T04:53:33Z;1385;;1397
2025-09-04T04:58:47Z;1095;;1107
2025-09-04T05:00:10Z;;39;1134
2025-09-04T05:00:29Z;1021;;1060
2025-09-04T05:05:33Z;4174;;4213
2025-09-04T05:05:36Z;1242;;1281
2025-09-04T05:10:43Z;1696;;1735
2025-09-04T05:10:45Z;1222;406;1261
2025-09-04T05:10:48Z;;77;1299
2025-09-04T05:11:07Z;1709;;1786
2025-09-04T05:11:09Z;1223;;1300
2025-09-04T05:11:18Z;1199;;1276
2025-09-04T05:11:20Z;1202;;1279
2025-09-04T05:11:22Z;1198;;1275
2025-09-04T05:11:28Z;1202;;1279
2025-09-04T05:11:30Z;1192;;1269
2025-09-04T05:11:32Z;1201;;1278
2025-09-04T05:11:33Z;1196;;1273
2025-09-04T05:11:35Z;1227;;1304
2025-09-04T05:11:37Z;1195;;1272
2025-09-04T05:11:38Z;1225;;1302
2025-09-04T05:14:34Z;1758;;1835
2025-09-04T05:14:52Z;1301;;1378
2025-09-04T05:14:57Z;1506;;1583
2025-09-04T05:14:59Z;1370;;1447
2025-09-04T05:15:10Z;;91;1461
2025-09-04T05:15:29Z;1384;;1475
2025-09-04T05:20:50Z;1577;;1668
2025-09-04T05:20:52Z;1336;;1427
2025-09-04T05:21:07Z;1657;;1748
2025-09-04T05:21:09Z;1333;;1424
2025-09-04T05:30:10Z;;147;1480
2025-09-04T05:30:29Z;1297;;1444
2025-09-04T05:30:56Z;1024;;1171
2025-09-04T05:30:58Z;1293;;1440
2025-09-04T05:32:02Z;938;;1085
2025-09-04T05:32:04Z;1289;;1436
2025-09-04T05:36:41Z;1047;;1194
2025-09-04T05:40:57Z;;0;1047
2025-09-04T05:40:58Z;;202;1249
2025-09-04T05:43:28Z;1238;;1440
2025-09-04T05:44:18Z;1197;;1399
2025-09-04T05:44:20Z;1211;;1413
2025-09-04T05:44:48Z;1198;;1400
2025-09-04T05:44:50Z;1209;;1411
2025-09-04T05:45:10Z;;208;1417
2025-09-04T05:45:28Z;1196;;1404
2025-09-04T05:45:31Z;1218;;1426
2025-09-04T05:45:32Z;1201;;1409
2025-09-04T05:45:48Z;1197;;1405
2025-09-04T05:45:50Z;1209;;1417
2025-09-04T05:45:52Z;1192;;1400
2025-09-04T05:45:54Z;1213;;1421
2025-09-04T05:45:56Z;1194;;1402
2025-09-04T05:45:58Z;1203;;1411
2025-09-04T05:46:00Z;1185;;1393
2025-09-04T05:46:02Z;1207;;1415
2025-09-04T05:46:05Z;1194;;1402
2025-09-04T05:46:08Z;1205;;1413
2025-09-04T05:46:11Z;1182;;1390
2025-09-04T05:46:12Z;1200;;1408
2025-09-04T05:46:14Z;1198;;1406
2025-09-04T05:46:16Z;1221;;1429
2025-09-04T05:46:18Z;1197;;1405
2025-09-04T05:46:20Z;1210;;1418
2025-09-04T05:46:21Z;1196;;1404
2025-09-04T05:46:23Z;1200;;1408
2025-09-04T05:46:25Z;1194;;1402
2025-09-04T05:46:27Z;1215;;1423
2025-09-04T05:46:28Z;1199;;1407
2025-09-04T05:46:30Z;1205;;1413
2025-09-04T05:46:32Z;1198;;1406
2025-09-04T05:46:34Z;1200;;1408
2025-09-04T05:46:36Z;1193;;1401
2025-09-04T05:46:37Z;1211;;1419
2025-09-04T05:46:39Z;1197;;1405
2025-09-04T05:46:41Z;1202;;1410
2025-09-04T05:46:43Z;1196;;1404
2025-09-04T05:46:45Z;1223;;1431
2025-09-04T05:46:47Z;1196;;1404
2025-09-04T05:46:54Z;1214;;1422
2025-09-04T05:46:56Z;1194;;1402
2025-09-04T05:46:57Z;1200;;1408
2025-09-04T05:46:59Z;1191;;1399
2025-09-04T05:47:04Z;1209;;1417
2025-09-04T05:47:06Z;1187;;1395
2025-09-04T05:47:14Z;1209;;1417
2025-09-04T05:47:16Z;1198;;1406
2025-09-04T05:47:34Z;1206;;1414
2025-09-04T05:47:36Z;1196;;1404
2025-09-04T05:47:44Z;1204;;1412
2025-09-04T05:47:46Z;1189;;1397
2025-09-04T05:47:48Z;1200;;1408
2025-09-04T05:47:49Z;1192;;1400
2025-09-04T05:47:51Z;1200;;1408
2025-09-04T05:47:53Z;1196;;1404
2025-09-04T05:48:57Z;1204;;1412
2025-09-04T05:48:59Z;1183;;1391
2025-09-04T05:49:07Z;1205;;1413
2025-09-04T05:49:09Z;1191;;1399
2025-09-04T05:51:18Z;1200;;1408
2025-09-04T05:51:21Z;1185;;1393
2025-09-04T05:52:15Z;1202;;1410
2025-09-04T05:52:18Z;1164;;1372
2025-09-04T06:00:10Z;;278;1442
2025-09-04T06:00:29Z;1132;;1410
2025-09-04T06:01:08Z;1203;;1481
2025-09-04T06:01:11Z;1149;;1427
2025-09-04T06:01:13Z;1206;;1484
2025-09-04T06:01:16Z;1143;;1421
2025-09-04T06:01:20Z;;300;1443
2025-09-04T06:01:36Z;;299;1442
2025-09-04T06:01:37Z;;301;1444
2025-09-04T06:02:20Z;1553;;1854
2025-09-04T06:02:22Z;1089;;1390
2025-09-04T06:03:52Z;893;;1194
2025-09-04T06:03:54Z;933;;1234
2025-09-04T06:03:55Z;885;;1186
2025-09-04T06:03:57Z;921;;1222
2025-09-04T06:03:58Z;882;;1183
2025-09-04T06:04:01Z;;603;1485
2025-09-04T06:04:02Z;;599;1481
2025-09-04T06:04:03Z;;600;1482
2025-09-04T06:11:00Z;394;;994
2025-09-04T06:12:30Z;611;;1211
2025-09-04T06:12:32Z;350;;950
2025-09-04T06:13:43Z;;905;1255
2025-09-04T06:13:44Z;;899;1249
2025-09-04T06:14:48Z;1232;;2131
2025-09-04T06:14:50Z;718;;1617
2025-09-04T06:15:10Z;;808;1526
2025-09-04T06:15:25Z;;905;1623
2025-09-04T06:15:29Z;675;;1580
2025-09-04T06:16:10Z;599;;1504
2025-09-04T06:16:12Z;606;;1511
2025-09-04T06:16:14Z;591;;1496
2025-09-04T06:16:16Z;604;;1509
2025-09-04T06:16:17Z;591;;1496
2025-09-04T06:16:19Z;605;;1510
2025-09-04T06:16:21Z;538;;1443
2025-09-04T06:16:23Z;600;;1505
2025-09-04T06:16:25Z;575;;1480
2025-09-04T06:17:43Z;842;;1747
2025-09-04T06:17:45Z;936;;1841
2025-09-04T06:17:53Z;812;;1717
2025-09-04T06:22:31Z;;560;1372
2025-09-04T06:22:32Z;;1040;1852
2025-09-04T06:25:36Z;581;;1621
2025-09-04T06:25:38Z;602;;1642
2025-09-04T06:25:44Z;595;;1635
2025-09-04T06:25:46Z;602;;1642
2025-09-04T06:25:50Z;595;;1635
2025-09-04T06:25:52Z;611;;1651
2025-09-04T06:25:54Z;596;;1636
2025-09-04T06:26:09Z;602;;1642
2025-09-04T06:26:12Z;596;;1636
2025-09-04T06:26:14Z;604;;1644
2025-09-04T06:30:10Z;;1150;1754
2025-09-04T06:30:27Z;545;;1695
2025-09-04T06:30:30Z;672;;1822
2025-09-04T06:31:22Z;832;;1982
2025-09-04T06:31:24Z;571;883;1721
2025-09-04T06:31:25Z;651;;1534
2025-09-04T06:31:27Z;546;1172;1429
2025-09-04T06:31:59Z;;1200;1746
2025-09-04T06:32:02Z;;1195;1741
2025-09-04T06:32:05Z;;1201;1747
2025-09-04T06:32:08Z;;1199;1745
2025-09-04T06:32:11Z;;1200;1746
2025-09-04T06:32:14Z;;1197;1743
2025-09-04T06:32:17Z;;1205;1751
2025-09-04T06:32:37Z;;1153;1699
2025-09-04T06:32:38Z;;1217;1763
2025-09-04T06:33:18Z;770;;1987
2025-09-04T06:34:54Z;;1137;1907
2025-09-04T06:34:55Z;;1276;2046
2025-09-04T06:41:29Z;;951;1721
2025-09-04T06:41:32Z;;1362;2132
2025-09-04T06:41:33Z;;1142;1912
2025-09-04T06:41:34Z;;1380;2150
2025-09-04T06:41:51Z;599;;1979
2025-09-04T06:41:54Z;613;;1993
2025-09-04T06:42:05Z;555;;1935
2025-09-04T06:42:07Z;609;;1989
2025-09-04T06:42:10Z;599;;1979
2025-09-04T06:42:13Z;600;;1980
2025-09-04T06:42:16Z;571;;1951
2025-09-04T06:42:43Z;1186;;2566
2025-09-04T06:42:46Z;566;;1946
2025-09-04T06:45:10Z;;1481;2047
2025-09-04T06:45:29Z;537;;2018
2025-09-04T06:45:35Z;602;;2083
2025-09-04T06:45:37Z;586;;2067
2025-09-04T06:45:43Z;600;;2081
2025-09-04T06:45:46Z;590;;2071
2025-09-04T06:45:49Z;604;;2085
2025-09-04T06:46:03Z;587;;2068
2025-09-04T06:46:07Z;635;;2116
2025-09-04T06:46:15Z;598;;2079
2025-09-04T06:46:17Z;614;;2095
2025-09-04T06:46:19Z;598;;2079
2025-09-04T06:46:22Z;600;;2081
2025-09-04T06:46:46Z;597;;2078
2025-09-04T06:47:57Z;;1503;2100
2025-09-04T06:48:11Z;;1499;2096
2025-09-04T06:48:20Z;602;;2101
2025-09-04T06:48:24Z;578;;2077
2025-09-04T06:48:27Z;623;;2122
2025-09-04T06:48:51Z;552;;2051
2025-09-04T06:49:08Z;602;;2101
2025-09-04T06:49:10Z;596;;2095
2025-09-04T06:49:12Z;628;;2127
2025-09-04T06:49:18Z;;1198;1826
2025-09-04T06:49:54Z;;1201;1829
2025-09-04T06:50:00Z;586;;1787
2025-09-04T06:50:02Z;622;;1823
2025-09-04T06:50:06Z;575;;1776
2025-09-04T06:50:29Z;606;;1807
2025-09-04T06:50:32Z;597;;1798
2025-09-04T06:51:00Z;292;;1493
2025-09-04T06:52:46Z;594;;1795
2025-09-04T06:52:48Z;198;1274;1399
2025-09-04T06:52:49Z;436;1655;1853
2025-09-04T06:52:51Z;186;;1841
2025-09-04T06:55:40Z;310;;1965
2025-09-04T06:55:42Z;291;;1946
2025-09-04T06:55:44Z;300;;1955
2025-09-04T06:55:46Z;299;;1954
2025-09-04T06:55:48Z;304;;1959
2025-09-04T06:55:49Z;298;;1953
2025-09-04T06:55:51Z;303;;1958
2025-09-04T06:55:54Z;297;;1952
2025-09-04T06:55:55Z;304;;1959
2025-09-04T06:55:57Z;295;;1950
2025-09-04T06:55:59Z;318;;1973
2025-09-04T06:56:01Z;299;;1954
2025-09-04T06:56:03Z;308;;1963
2025-09-04T06:56:05Z;292;;1947
2025-09-04T06:56:09Z;303;;1958
2025-09-04T06:56:11Z;295;;1950
2025-09-04T06:56:14Z;300;;1955
2025-09-04T06:56:16Z;291;;1946
2025-09-04T06:56:18Z;304;;1959
2025-09-04T06:56:19Z;286;;1941
2025-09-04T06:56:23Z;300;;1955
2025-09-04T06:56:25Z;299;;1954
2025-09-04T06:56:27Z;300;;1955
2025-09-04T06:56:28Z;292;;1947
2025-09-04T06:56:30Z;306;;1961
2025-09-04T06:56:32Z;296;;1951
2025-09-04T06:56:38Z;301;;1956
2025-09-04T06:56:40Z;290;;1945
2025-09-04T06:56:42Z;303;;1958
2025-09-04T06:56:43Z;286;;1941
2025-09-04T06:56:50Z;308;;1963
2025-09-04T06:56:52Z;285;;1940
2025-09-04T06:56:54Z;367;;2022
2025-09-04T06:56:56Z;294;;1949
2025-09-04T06:56:58Z;312;;1967
2025-09-04T06:56:59Z;293;;1948
2025-09-04T06:57:24Z;302;;1957
2025-09-04T06:57:26Z;282;1800;1937
2025-09-04T06:57:27Z;;1790;2072
2025-09-04T06:57:31Z;;1800;2082
2025-09-04T06:57:32Z;;1799;2081
2025-09-04T06:57:35Z;302;;2101
2025-09-04T06:57:37Z;294;1800;2093
2025-09-04T06:57:38Z;;1799;2093
2025-09-04T06:57:42Z;;1800;2094
2025-09-04T06:57:47Z;;1794;2088
2025-09-04T06:57:49Z;;1805;2099
2025-09-04T06:57:51Z;;1797;2091
2025-09-04T06:57:53Z;;1807;2101
2025-09-04T06:59:41Z;321;;2128
2025-09-04T06:59:43Z;232;;2039
2025-09-04T07:00:10Z;;1850;2082
2025-09-04T07:00:29Z;233;;2083
2025-09-04T07:01:41Z;1238;;3088
2025-09-04T07:01:43Z;216;;2066
2025-09-04T07:02:49Z;;1609;1825
2025-09-04T07:02:50Z;;1824;2040
2025-09-04T07:02:51Z;;1613;1829
2025-09-04T07:02:52Z;;1830;2046
2025-09-04T07:03:13Z;;1794;2010
2025-09-04T07:03:15Z;;1800;2016
2025-09-04T07:03:18Z;;1798;2014
2025-09-04T07:03:38Z;;1801;2017
2025-09-04T07:03:42Z;;1799;2015
2025-09-04T07:03:44Z;;1803;2019
2025-09-04T07:03:52Z;;1799;2015
2025-09-04T07:03:59Z;301;;2100
2025-09-04T07:04:14Z;295;;2094
2025-09-04T07:04:20Z;;1823;2118
2025-09-04T07:11:44Z;349;;2172
2025-09-04T07:11:46Z;61;1034;1884
2025-09-04T07:11:47Z;;2062;2123
2025-09-04T07:15:10Z;;2090;2151
2025-09-04T07:15:29Z;34;;2124
2025-09-04T07:16:34Z;;2102;2136
2025-09-04T07:16:36Z;;2095;2129
2025-09-04T07:16:39Z;;2106;2140
2025-09-04T07:16:42Z;;2098;2132
2025-09-04T07:16:44Z;;2109;2143
2025-09-04T07:16:59Z;-9;;2100
2025-09-04T07:17:02Z;3;;2112
2025-09-04T07:17:04Z;-4;;2105
2025-09-04T07:17:07Z;23;;2132
2025-09-04T07:17:12Z;-12;;2097
2025-09-04T07:17:15Z;5;;2114
2025-09-04T07:17:18Z;-4;;2105
2025-09-04T07:17:21Z;6;;2115
2025-09-04T07:17:23Z;;2062;2068
2025-09-04T07:17:24Z;;2117;2123
2025-09-04T07:17:27Z;-1;;2116
2025-09-04T07:17:30Z;17;;2134
2025-09-04T07:17:33Z;0;;2117
2025-09-04T07:17:35Z;7;;2124
2025-09-04T07:17:38Z;0;;2117
2025-09-04T07:17:41Z;-10;;2107
2025-09-04T07:17:43Z;1;;2118
2025-09-04T07:17:46Z;-6;;2111
2025-09-04T07:17:49Z;-22;;2095
2025-09-04T07:17:51Z;2;;2119
2025-09-04T07:17:56Z;-25;;2092
2025-09-04T07:18:00Z;3;;2120
2025-09-04T07:18:03Z;-13;;2104
2025-09-04T07:18:05Z;31;;2148
2025-09-04T07:18:08Z;0;;2117
2025-09-04T07:18:11Z;-3;;2114
2025-09-04T07:18:13Z;2;;2119
2025-09-04T07:18:15Z;-11;;2106
2025-09-04T07:18:19Z;12;;2129
2025-09-04T07:18:21Z;-25;;2092
2025-09-04T07:18:39Z;;2090;2065
2025-09-04T07:19:00Z;;2100;2075
2025-09-04T07:20:04Z;;2095;2070
2025-09-04T07:20:16Z;11;;2106
2025-09-04T07:20:18Z;-1;;2094
2025-09-04T07:20:21Z;7;;2102
2025-09-04T07:20:42Z;-12;;2083
2025-09-04T07:20:50Z;;2101;2089
2025-09-04T07:20:51Z;;2099;2087
2025-09-04T07:21:06Z;;2104;2092
2025-09-04T07:22:59Z;41;;2145
2025-09-04T07:23:01Z;-266;2002;1838
2025-09-04T07:23:02Z;;2315;2049
2025-09-04T07:23:05Z;851;;3166
2025-09-04T07:23:07Z;-290;;2025
2025-09-04T07:23:11Z;-302;;2013
2025-09-04T07:23:14Z;-282;;2033
2025-09-04T07:23:16Z;-300;;2015
2025-09-04T07:23:18Z;-294;;2021
2025-09-04T07:23:29Z;-303;;2012
2025-09-04T07:23:31Z;-298;;2017
2025-09-04T07:23:35Z;-303;;2012
2025-09-04T07:23:37Z;-298;;2017
2025-09-04T07:23:41Z;-301;;2014
2025-09-04T07:23:44Z;-296;;2019
2025-09-04T07:25:12Z;;2095;1799
2025-09-04T07:25:17Z;5;;2100
2025-09-04T07:25:27Z;-49;;2046
2025-09-04T07:25:28Z;;2114;2065
2025-09-04T07:25:45Z;-300;;1814
2025-09-04T07:25:47Z;-204;;1910
2025-09-04T07:25:49Z;-311;;1803
2025-09-04T07:26:28Z;;2397;2086
2025-09-04T07:26:30Z;;2404;2093
2025-09-04T07:26:34Z;;2391;2080
2025-09-04T07:26:36Z;;2408;2097
2025-09-04T07:26:45Z;-619;;1789
2025-09-04T07:28:08Z;;2335;1716
2025-09-04T07:28:09Z;-550;;1785
2025-09-04T07:28:10Z;;2439;1889
2025-09-04T07:28:12Z;-668;;1771
2025-09-04T07:30:10Z;;2481;1813
2025-09-04T07:30:29Z;-723;;1758
2025-09-04T07:31:59Z;-440;;2041
2025-09-04T07:32:01Z;-739;;1742
2025-09-04T07:33:00Z;;2399;1660
2025-09-04T07:33:03Z;;1874;1135
2025-09-04T07:33:04Z;;2358;1619
2025-09-04T07:33:05Z;106;2011;2464
2025-09-04T07:33:06Z;;2363;2469
2025-09-04T07:33:07Z;-615;;1748
2025-09-04T07:33:10Z;-596;;1767
2025-09-04T07:33:12Z;-620;;1743
2025-09-04T07:33:14Z;-599;;1764
2025-09-04T07:33:16Z;-615;;1748
2025-09-04T07:33:18Z;-587;;1776
2025-09-04T07:33:52Z;-290;;2073
2025-09-04T07:34:08Z;-304;;2059
2025-09-04T07:34:30Z;-288;;2075
2025-09-04T07:35:19Z;-300;;2063
2025-09-04T07:35:22Z;-250;;2113
2025-09-04T07:35:23Z;-421;2442;2192
2025-09-04T07:35:24Z;;2327;1906
2025-09-04T07:35:27Z;;2497;2076
2025-09-04T07:37:08Z;-615;;1882
2025-09-04T07:37:10Z;-579;;1918
2025-09-04T07:37:17Z;-600;;1897
2025-09-04T07:37:19Z;-591;;1906
2025-09-04T07:37:21Z;-600;;1897
2025-09-04T07:37:31Z;-584;;1913
2025-09-04T07:37:33Z;-606;;1891
2025-09-04T07:37:44Z;-592;;1905
2025-09-04T07:37:46Z;-608;;1889
2025-09-04T07:38:02Z;-597;;1900
2025-09-04T07:38:04Z;-610;;1887
2025-09-04T07:38:18Z;-495;;2002
2025-09-04T07:38:20Z;-616;;1881
2025-09-04T07:38:21Z;-599;;1898
2025-09-04T07:38:23Z;-607;;1890
2025-09-04T07:38:54Z;-597;;1900
2025-09-04T07:38:56Z;-602;;1895
2025-09-04T07:38:59Z;-598;;1899
2025-09-04T07:39:01Z;-602;;1895
2025-09-04T07:39:23Z;-585;;1912
2025-09-04T07:39:25Z;-602;;1895
2025-09-04T07:39:26Z;-595;;1902
2025-09-04T07:39:28Z;-601;;1896
2025-09-04T07:39:30Z;-577;;1920
2025-09-04T07:40:01Z;;2393;1816
2025-09-04T07:40:05Z;-291;;2102
2025-09-04T07:40:19Z;;2095;1804
2025-09-04T07:40:24Z;;2102;1811
2025-09-04T07:40:34Z;;2094;1803
2025-09-04T07:40:43Z;7;;2101
2025-09-04T07:40:51Z;-2;;2092
2025-09-04T07:40:53Z;14;;2108
2025-09-04T07:40:54Z;-7;;2087
2025-09-04T07:41:07Z;;2105;2098
2025-09-04T07:41:42Z;-300;;1805
2025-09-04T07:41:48Z;;2411;2111
2025-09-04T07:41:54Z;-272;;2139
2025-09-04T07:41:55Z;-419;;1992
2025-09-04T07:42:16Z;-52;;2359
2025-09-04T07:42:18Z;-529;;1882
2025-09-04T07:42:19Z;64;;2475
2025-09-04T07:42:21Z;-561;;1850
2025-09-04T07:43:04Z;-601;;1810
2025-09-04T07:43:11Z;;1900;1299
2025-09-04T07:43:12Z;;2698;2097
2025-09-04T07:43:14Z;;2701;2100
2025-09-04T07:43:52Z;;2595;1994
2025-09-04T07:43:53Z;;2712;2111
2025-09-04T07:43:58Z;;2569;1968
2025-09-04T07:43:59Z;;2718;2117
2025-09-04T07:45:10Z;;2730;2129
2025-09-04T07:45:29Z;-705;;2025
2025-09-04T07:45:52Z;;2684;1979
2025-09-04T07:45:53Z;-584;;2100
2025-09-04T07:45:54Z;;2744;2160
2025-09-04T07:45:56Z;-704;;2040
2025-09-04T07:46:35Z;;2644;1940
2025-09-04T07:46:36Z;;2743;2039
2025-09-04T07:47:43Z;;2699;1995
2025-09-04T07:47:44Z;;2700;1996
2025-09-04T07:47:45Z;;2692;1988
2025-09-04T07:47:53Z;-595;;2097
2025-09-04T07:49:11Z;-604;;2088
2025-09-04T07:49:13Z;;2704;2100
2025-09-04T07:52:19Z;;2335;1731
2025-09-04T07:52:20Z;;2803;2199
2025-09-04T07:52:21Z;;2437;1833
2025-09-04T07:52:22Z;;2825;2221
2025-09-04T07:53:12Z;;2696;2092
2025-09-04T07:53:13Z;-583;;2113
2025-09-04T07:53:15Z;481;;3177
2025-09-04T07:53:17Z;-604;;2092
2025-09-04T07:54:03Z;-621;;2075
2025-09-04T07:54:05Z;;2707;2086
2025-09-04T07:54:48Z;;2689;2068
2025-09-04T07:54:50Z;-595;;2094
2025-09-04T07:55:00Z;-278;;2411
2025-09-04T07:55:02Z;-304;2445;2385
2025-09-04T07:55:13Z;;2399;2095
2025-09-04T07:55:17Z;-299;;2100
2025-09-04T07:55:19Z;;2408;2109
2025-09-04T07:55:20Z;-344;;2064
2025-09-04T07:55:32Z;-642;;1766
2025-09-04T07:55:33Z;;2701;2059
2025-09-04T07:55:52Z;;2690;2048
2025-09-04T07:55:54Z;;2706;2064
2025-09-04T07:56:12Z;;2695;2053
2025-09-04T07:56:14Z;-554;;2141
2025-09-04T07:56:18Z;;2394;1840
2025-09-04T07:56:21Z;-279;;2115
2025-09-04T07:56:37Z;;2406;2127
2025-09-04T07:56:38Z;-345;;2061
2025-09-04T07:57:11Z;;2376;2031
2025-09-04T07:57:13Z;-284;;2092
2025-09-04T07:57:25Z;;2096;1812
2025-09-04T07:57:27Z;4;;2100
2025-09-04T07:57:41Z;-31;;2065
2025-09-04T07:57:42Z;;2126;2095
2025-09-04T07:58:07Z;-316;;1810
2025-09-04T07:58:09Z;;2422;2106
2025-09-04T07:58:28Z;-612;;1810
2025-09-04T07:58:30Z;;2710;2098
2025-09-04T08:00:10Z;;2949;2337
2025-09-04T08:00:30Z;-860;;2089
2025-09-04T08:00:51Z;-902;;2047
2025-09-04T08:00:54Z;-897;;2052
2025-09-04T08:00:58Z;-903;;2046
2025-09-04T08:01:01Z;-889;;2060
2025-09-04T08:01:03Z;-904;;2045
2025-09-04T08:01:05Z;-899;;2050
2025-09-04T08:01:07Z;-914;;2035
2025-09-04T08:01:10Z;-898;;2051
2025-09-04T08:01:13Z;-913;;2036
2025-09-04T08:01:53Z;;3001;2088
2025-09-04T08:01:55Z;;2990;2077
2025-09-04T08:01:58Z;;3001;2088
2025-09-04T08:02:01Z;;2998;2085
2025-09-04T08:02:03Z;;3002;2089
2025-09-04T08:02:07Z;;2995;2082
2025-09-04T08:02:09Z;;3006;2093
2025-09-04T08:02:19Z;;2999;2086
2025-09-04T08:02:20Z;;3000;2087
2025-09-04T08:03:11Z;-882;;2118
2025-09-04T08:03:13Z;-968;;2032
2025-09-04T08:03:17Z;-661;2995;2339
2025-09-04T08:03:19Z;;2492;1831
2025-09-04T08:03:20Z;;3012;2351
2025-09-04T08:04:40Z;-1219;;1793
2025-09-04T08:04:48Z;-1190;;1822
2025-09-04T08:04:50Z;-1216;;1796
2025-09-04T08:05:08Z;-1191;;1821
2025-09-04T08:05:11Z;-1216;;1796
2025-09-04T08:05:15Z;-1192;;1820
2025-09-04T08:05:17Z;-1212;;1800
2025-09-04T08:06:49Z;-1198;;1814
2025-09-04T08:06:52Z;-1202;;1810
2025-09-04T08:06:54Z;-1196;2913;1816
2025-09-04T08:06:56Z;-1209;;1704
2025-09-04T08:06:59Z;-1190;;1723
2025-09-04T08:07:01Z;-1200;;1713
2025-09-04T08:07:02Z;-1196;;1717
2025-09-04T08:07:04Z;;2994;1798
2025-09-04T08:07:05Z;;3000;1804
2025-09-04T08:07:15Z;;2994;1798
2025-09-04T08:08:06Z;;3006;1810
2025-09-04T08:08:08Z;-1210;;1796
2025-09-04T08:08:10Z;-1196;;1810
2025-09-04T08:08:12Z;-1208;;1798
2025-09-04T08:08:29Z;-1065;2891;1683
2025-09-04T08:08:30Z;;3019;1954
2025-09-04T08:08:31Z;-1200;;1819
2025-09-04T08:08:35Z;-1186;;1833
2025-09-04T08:08:39Z;-1207;;1812
2025-09-04T08:08:40Z;;2994;1787
2025-09-04T08:08:43Z;-1190;;1804
2025-09-04T08:08:45Z;-1201;;1793
2025-09-04T08:08:46Z;-1190;;1804
2025-09-04T08:08:49Z;-1213;;1781
2025-09-04T08:08:51Z;-1190;;1804
2025-09-04T08:08:58Z;-1209;;1785
2025-09-04T08:09:00Z;;3000;1791
2025-09-04T08:09:02Z;;2997;1788
2025-09-04T08:09:04Z;-1198;;1799
2025-09-04T08:09:09Z;-1219;;1778
2025-09-04T08:09:11Z;-1190;;1807
2025-09-04T08:09:12Z;;3000;1810
2025-09-04T08:09:14Z;-1207;;1793
2025-09-04T08:09:15Z;;2996;1789
2025-09-04T08:09:16Z;-1194;;1802
2025-09-04T08:10:34Z;-1204;;1792
2025-09-04T08:10:44Z;;3002;1798
2025-09-04T08:11:03Z;;2986;1782
2025-09-04T08:11:05Z;-1188;;1798
2025-09-04T08:11:11Z;-1217;3005;1769
2025-09-04T08:11:26Z;1857;;4862
2025-09-04T08:11:28Z;-1078;;1927
2025-09-04T08:15:10Z;;3177;2099
2025-09-04T08:15:29Z;-1151;;2026
2025-09-04T08:20:25Z;-1204;;1973
2025-09-04T08:20:28Z;-1188;;1989
2025-09-04T08:20:55Z;-1201;;1976
2025-09-04T08:20:58Z;-1198;;1979
2025-09-04T08:21:01Z;-1203;;1974
2025-09-04T08:21:04Z;-1174;;2003
2025-09-04T08:21:07Z;-1204;;1973
2025-09-04T08:21:08Z;-1207;;1970
2025-09-04T08:21:10Z;-1198;;1979
2025-09-04T08:21:13Z;-1200;;1977
2025-09-04T08:21:15Z;-1212;;1965
2025-09-04T08:21:16Z;-1192;;1985
2025-09-04T08:21:17Z;-1194;;1983
2025-09-04T08:21:19Z;-1203;;1974
2025-09-04T08:21:20Z;-1208;;1969
2025-09-04T08:21:22Z;-1197;;1980
2025-09-04T08:21:24Z;-1197;;1980
2025-09-04T08:21:25Z;-1203;;1974
2025-09-04T08:21:28Z;-1197;;1980
2025-09-04T08:21:29Z;-1202;;1975
2025-09-04T08:21:31Z;-1201;;1976
2025-09-04T08:21:34Z;-1190;;1987
2025-09-04T08:21:37Z;-1206;;1971
2025-09-04T08:21:40Z;-1195;;1982
2025-09-04T08:21:49Z;-1201;;1976
2025-09-04T08:21:51Z;-1167;;2010
2025-09-04T08:21:52Z;-1202;;1975
2025-09-04T08:21:55Z;-1193;;1984
2025-09-04T08:21:57Z;-1208;;1969
2025-09-04T08:22:31Z;-1197;;1980
2025-09-04T08:22:33Z;-1223;;1954
2025-09-04T08:25:10Z;;3300;2077
2025-09-04T08:25:14Z;;3296;2073
2025-09-04T08:25:16Z;;3301;2078
2025-09-04T08:25:20Z;;3296;2073
2025-09-04T08:25:22Z;;3303;2080
2025-09-04T08:25:45Z;;3299;2076
2025-09-04T08:25:46Z;;3309;2086
2025-09-04T08:26:50Z;;3295;2072
2025-09-04T08:26:53Z;-1191;;2104
2025-09-04T08:27:04Z;-1207;;2088
2025-09-04T08:27:12Z;;3302;2095
2025-09-04T08:29:41Z;;3230;2023
2025-09-04T08:29:42Z;;3379;2172
2025-09-04T08:30:10Z;;3384;2177
2025-09-04T08:30:29Z;-1334;;2050
2025-09-04T08:35:17Z;;3299;1965
2025-09-04T08:35:23Z;-1166;;2133
2025-09-04T08:35:45Z;;2999;1833
2025-09-04T08:35:51Z;-897;;2102
2025-09-04T08:35:53Z;-935;;2064
2025-09-04T08:35:54Z;;3001;2066
2025-09-04T08:35:55Z;;2994;2059
2025-09-04T08:35:58Z;-893;;2101
2025-09-04T08:36:00Z;-914;;2080
2025-09-04T08:36:14Z;-875;;2119
2025-09-04T08:36:27Z;-933;;2061
2025-09-04T08:36:29Z;;3034;2101
2025-09-04T08:36:47Z;-1205;;1829
2025-09-04T08:36:52Z;;3302;2097
2025-09-04T08:38:09Z;;3243;2038
2025-09-04T08:38:10Z;-1156;;2087
2025-09-04T08:38:14Z;;2980;1824
2025-09-04T08:38:17Z;-897;;2083
2025-09-04T08:38:20Z;;3022;2125
2025-09-04T08:38:21Z;-959;;2063
2025-09-04T08:38:29Z;-1228;;1794
2025-09-04T08:38:30Z;;3313;2085
2025-09-04T08:38:41Z;;3244;2016
2025-09-04T08:38:42Z;;3421;2193
2025-09-04T08:39:47Z;-1758;;1663
2025-09-04T08:40:43Z;-1801;;1620
2025-09-04T08:40:52Z;-1797;;1624
2025-09-04T08:40:55Z;-1802;;1619
2025-09-04T08:41:05Z;-1799;;1622
2025-09-04T08:41:08Z;-1805;;1616
2025-09-04T08:41:10Z;-1788;;1633
2025-09-04T08:41:11Z;-1803;;1618
2025-09-04T08:41:13Z;-1799;;1622
2025-09-04T08:41:15Z;-1808;;1613
2025-09-04T08:41:25Z;-1799;;1622
2025-09-04T08:41:27Z;-1814;;1607
2025-09-04T08:41:30Z;-1795;;1626
2025-09-04T08:41:35Z;-1800;;1621
2025-09-04T08:41:39Z;-1794;;1627
2025-09-04T08:41:46Z;-1806;;1615
2025-09-04T08:41:48Z;-1765;;1656
2025-09-04T08:41:52Z;-1802;;1619
2025-09-04T08:41:55Z;-1760;;1661
2025-09-04T08:42:35Z;-2030;;1391
2025-09-04T08:43:20Z;-1773;3295;1522
2025-09-04T08:43:26Z;;3300;1527
2025-09-04T08:43:28Z;-1802;;1498
2025-09-04T08:44:09Z;-1794;;1506
2025-09-04T08:44:11Z;;3295;1501
2025-09-04T08:44:15Z;;3310;1516
2025-09-04T08:44:17Z;-1808;;1502
2025-09-04T08:45:00Z;;3289;1481
2025-09-04T08:45:01Z;;3464;1656
2025-09-04T08:45:10Z;;3452;1644
2025-09-04T08:45:29Z;-1889;;1563
2025-09-04T08:46:27Z;;3603;1714
2025-09-04T08:46:29Z;-2101;;1502
2025-09-04T08:47:43Z;-2102;;1501
2025-09-04T08:52:21Z;-1801;;1802
2025-09-04T08:52:22Z;-1932;;1671
2025-09-04T08:52:24Z;-1809;;1794
2025-09-04T08:52:25Z;;3593;1784
2025-09-04T08:52:28Z;-1768;;1825
2025-09-04T08:52:31Z;-1801;3602;1792
2025-09-04T08:52:34Z;;3608;1807
2025-09-04T08:52:37Z;;3584;1783
2025-09-04T08:52:39Z;-1773;;1811
2025-09-04T08:52:42Z;-1817;;1767
2025-09-04T08:52:45Z;-1798;;1786
2025-09-04T08:52:48Z;;3298;1500
2025-09-04T08:52:51Z;;3306;1508
2025-09-04T08:53:46Z;;3597;1799
2025-09-04T08:54:00Z;-1799;;1798
2025-09-04T08:54:02Z;-1806;;1791
2025-09-04T08:54:03Z;-1793;;1804
2025-09-04T08:54:11Z;;3286;1493
2025-09-04T08:54:22Z;-1477;;1809
2025-09-04T08:54:29Z;-1504;;1782
2025-09-04T08:54:36Z;;3337;1833
2025-09-04T08:54:44Z;-1813;;1524
2025-09-04T08:54:50Z;;3601;1788
2025-09-04T08:54:53Z;;3596;1783
2025-09-04T08:55:03Z;-1786;;1810
2025-09-04T08:55:11Z;;3254;1468
2025-09-04T08:55:13Z;-1462;;1792
2025-09-04T08:55:15Z;;2953;1491
2025-09-04T08:55:19Z;-1194;;1759
2025-09-04T08:55:21Z;;2654;1460
2025-09-04T08:55:23Z;-852;;1802
2025-09-04T08:55:26Z;-947;;1707
2025-09-04T08:55:28Z;;2704;1757
2025-09-04T08:55:34Z;-1216;;1488
2025-09-04T08:55:49Z;-1199;;1505
2025-09-04T08:55:54Z;-1200;;1504
2025-09-04T08:55:57Z;-1197;;1507
2025-09-04T08:55:59Z;-1204;;1500
2025-09-04T08:56:07Z;;3014;1810
2025-09-04T08:56:28Z;-1518;;1496
2025-09-04T08:56:41Z;-1484;;1530
2025-09-04T08:56:49Z;;2985;1501
2025-09-04T08:56:52Z;;3018;1534
2025-09-04T08:56:56Z;-1512;;1506
2025-09-04T08:56:58Z;;3304;1792
2025-09-04T08:57:05Z;-1800;;1504
2025-09-04T08:57:10Z;;3615;1815
2025-09-04T08:57:47Z;;3588;1788
2025-09-04T08:57:51Z;-1788;;1800
2025-09-04T08:58:16Z;-1803;;1785
2025-09-04T08:58:23Z;-1795;;1793
2025-09-04T08:59:02Z;-1807;;1781
2025-09-04T08:59:04Z;-1706;;1882
2025-09-04T08:59:21Z;-1871;;1717
2025-09-04T08:59:23Z;;3604;1733
2025-09-04T08:59:36Z;;3589;1718
2025-09-04T08:59:42Z;-1798;;1791
2025-09-04T08:59:54Z;-1801;;1788
2025-09-04T08:59:56Z;-1666;;1923
2025-09-04T09:00:05Z;-1860;;1729
2025-09-04T09:00:07Z;;3600;1740
2025-09-04T09:00:10Z;;3577;1717
2025-09-04T09:00:29Z;-2001;;1576
2025-09-04T09:01:23Z;-2103;;1474
2025-09-04T09:01:26Z;-2087;;1490
2025-09-04T09:01:31Z;-2103;;1474
2025-09-04T09:01:36Z;-2084;;1493
2025-09-04T09:01:39Z;-2104;;1473
2025-09-04T09:01:42Z;-2099;;1478
2025-09-04T09:01:45Z;-2108;;1469
2025-09-04T09:03:59Z;;3578;1470
2025-09-04T09:04:00Z;-1760;;1817
2025-09-04T09:04:24Z;;3905;2145
2025-09-04T09:04:27Z;;3898;2138
2025-09-04T09:04:30Z;-2097;;1801
2025-09-04T09:05:55Z;;3901;1804
2025-09-04T09:05:58Z;-2141;;1760
2025-09-04T09:06:01Z;-2099;;1802
2025-09-04T09:06:04Z;-2111;;1790
2025-09-04T09:06:07Z;;3891;1780
2025-09-04T09:06:10Z;-2111;;1780
2025-09-04T09:06:13Z;-2071;;1820
2025-09-04T09:06:15Z;-2116;;1775
2025-09-04T09:06:17Z;;3903;1787
2025-09-04T09:12:47Z;-2068;;1835
2025-09-04T09:12:51Z;-2232;;1671
2025-09-04T09:14:09Z;-2094;;1809
2025-09-04T09:14:13Z;-2101;;1802
2025-09-04T09:14:15Z;-2097;;1806
2025-09-04T09:14:19Z;-2240;;1663
2025-09-04T09:15:10Z;;3988;1748
2025-09-04T09:15:30Z;-2242;;1746
2025-09-04T09:17:04Z;;3862;1620
2025-09-04T09:17:05Z;;4011;1769
2025-09-04T09:19:04Z;-2048;3864;1963
2025-09-04T09:19:08Z;-1790;3582;2074
2025-09-04T09:19:10Z;-1860;;1722
2025-09-04T09:20:03Z;;3903;2043
2025-09-04T09:20:06Z;-2106;;1797
2025-09-04T09:20:10Z;-2099;;1804
2025-09-04T09:20:14Z;-2107;;1796
2025-09-04T09:20:47Z;-2403;;1500
2025-09-04T09:20:50Z;-2355;;1548
2025-09-04T09:20:55Z;;3806;1451
2025-09-04T09:20:56Z;;3929;1574
2025-09-04T09:21:00Z;;3894;1539
2025-09-04T09:21:01Z;;3901;1546
2025-09-04T09:21:34Z;;3893;1538
2025-09-04T09:21:48Z;;3900;1545
2025-09-04T09:22:43Z;-2401;;1499
2025-09-04T09:22:49Z;-2383;;1517
2025-09-04T09:22:58Z;-2400;;1500
2025-09-04T09:23:01Z;-2397;;1503
2025-09-04T09:23:03Z;-2403;;1497
2025-09-04T09:23:06Z;-2379;;1521
2025-09-04T09:23:09Z;-2403;;1497
2025-09-04T09:23:11Z;-2399;;1501
2025-09-04T09:23:13Z;-2402;;1498
2025-09-04T09:23:16Z;-2377;;1523
2025-09-04T09:23:18Z;-2401;;1499
2025-09-04T09:23:20Z;-2389;;1511
2025-09-04T09:23:22Z;-2409;;1491
2025-09-04T09:23:25Z;-2385;;1515
2025-09-04T09:23:28Z;-2419;;1481
2025-09-04T09:23:44Z;-2391;;1509
2025-09-04T09:23:47Z;-2400;;1500
2025-09-04T09:23:49Z;-2397;;1503
2025-09-04T09:23:54Z;-2411;;1489
2025-09-04T09:23:57Z;-2387;;1513
2025-09-04T09:24:00Z;;3899;1512
2025-09-04T09:24:02Z;;3903;1516
2025-09-04T09:24:03Z;;3897;1510
2025-09-04T09:24:04Z;;3902;1515
2025-09-04T09:24:14Z;;3879;1492
2025-09-04T09:24:20Z;;3909;1522
2025-09-04T09:24:25Z;;3876;1489
2025-09-04T09:24:32Z;;3913;1526
2025-09-04T09:24:43Z;;3897;1510
2025-09-04T09:25:10Z;-2091;;1806
2025-09-04T09:25:12Z;;3579;1488
2025-09-04T09:25:19Z;-1774;;1805
2025-09-04T09:25:25Z;-1807;;1772
2025-09-04T09:25:28Z;-1673;;1906
2025-09-04T09:25:30Z;;3380;1707
2025-09-04T09:25:31Z;-1806;;1574
2025-09-04T09:25:33Z;-1798;;1582
2025-09-04T09:25:34Z;;3279;1481
2025-09-04T09:25:37Z;;3301;1503
2025-09-04T09:25:39Z;-1831;;1470
2025-09-04T09:25:44Z;;3619;1788
2025-09-04T09:25:46Z;-2109;;1510
2025-09-04T09:26:04Z;;3901;1792
2025-09-04T09:26:14Z;-2404;;1497
2025-09-04T09:26:17Z;-2395;;1506
2025-09-04T09:26:19Z;;3727;1332
2025-09-04T09:26:20Z;-2401;;1326
2025-09-04T09:26:21Z;;3975;1574
2025-09-04T09:27:16Z;-2270;;1705
2025-09-04T09:30:10Z;;4103;1833
2025-09-04T09:30:30Z;-2248;;1855
2025-09-04T09:30:58Z;;4205;1957
2025-09-04T09:31:28Z;;4185;1937
2025-09-04T09:31:35Z;-2095;;2090
2025-09-04T09:31:38Z;-2108;;2077
2025-09-04T09:31:42Z;-2096;;2089
2025-09-04T09:31:44Z;-2118;;2067
2025-09-04T09:32:40Z;-2094;;2091
2025-09-04T09:32:46Z;;3897;1803
2025-09-04T09:33:20Z;;3910;1816
2025-09-04T09:33:33Z;;3899;1805
2025-09-04T09:33:34Z;;3900;1806
2025-09-04T09:33:36Z;;3897;1803
2025-09-04T09:33:56Z;;3917;1823
2025-09-04T09:34:00Z;-2116;;1801
2025-09-04T09:34:15Z;;4207;2091
2025-09-04T09:34:24Z;-2442;;1765
2025-09-04T09:40:01Z;;3901;1459
2025-09-04T09:40:02Z;-2115;3854;1786
2025-09-04T09:40:03Z;;3928;1813
2025-09-04T09:40:14Z;-1967;;1961
2025-09-04T09:40:15Z;-2397;;1531
2025-09-04T09:40:18Z;;4197;1800
2025-09-04T09:40:21Z;-1821;;2376
2025-09-04T09:40:24Z;;3602;1781
2025-09-04T09:40:27Z;;3592;1771
2025-09-04T09:40:30Z;-1793;;1799
2025-09-04T09:40:33Z;-1811;;1781
2025-09-04T09:40:36Z;;3626;1815
2025-09-04T09:40:39Z;-2144;;1482
2025-09-04T09:40:41Z;;4212;2068
2025-09-04T09:40:42Z;-2089;;2123
2025-09-04T09:40:45Z;-2409;;1803
2025-09-04T09:41:14Z;;4199;1790
2025-09-04T09:41:15Z;-2399;;1800
2025-09-04T09:41:22Z;-2403;;1796
2025-09-04T09:41:24Z;-2390;;1809
2025-09-04T09:41:26Z;;4200;1810
2025-09-04T09:41:30Z;-2416;;1784
2025-09-04T09:42:11Z;;4198;1782
2025-09-04T09:42:12Z;-2380;;1818
2025-09-04T09:42:33Z;-2094;3886;1792
2025-09-04T09:42:38Z;-2105;;1781
2025-09-04T09:42:41Z;-2084;;1802
2025-09-04T09:42:43Z;-2118;;1768
2025-09-04T09:42:45Z;-2099;;1787
2025-09-04T09:42:48Z;-2112;;1774
2025-09-04T09:42:50Z;;3906;1794
2025-09-04T09:42:56Z;-2099;;1807
2025-09-04T09:42:58Z;-2104;3895;1802
2025-09-04T09:43:00Z;-2085;;1810
2025-09-04T09:43:03Z;-2143;;1752
2025-09-04T09:43:06Z;-2091;;1804
2025-09-04T09:43:56Z;-2118;;1777
2025-09-04T09:43:57Z;;3924;1806
2025-09-04T09:44:06Z;-2409;;1515
2025-09-04T09:44:08Z;;4211;1802
2025-09-04T09:44:29Z;;4187;1778
2025-09-04T09:44:31Z;-2380;;1807
2025-09-04T09:44:41Z;-2422;;1765
2025-09-04T09:44:44Z;-2343;;1844
2025-09-04T09:45:05Z;-2401;;1786
2025-09-04T09:45:08Z;-2390;;1797
2025-09-04T09:45:12Z;-2414;;1773
2025-09-04T09:45:13Z;-2397;;1790
2025-09-04T09:45:14Z;;4200;1803
2025-09-04T09:45:16Z;-2409;;1791
2025-09-04T09:45:29Z;-2491;;1709
2025-09-04T09:48:40Z;-2849;;1351
2025-09-04T09:48:42Z;-2682;;1518
2025-09-04T09:50:03Z;;4176;1494
2025-09-04T09:50:04Z;-2377;;1799
2025-09-04T09:50:21Z;;3854;1477
2025-09-04T09:50:22Z;-2056;;1798
2025-09-04T09:50:25Z;;3572;1516
2025-09-04T09:50:27Z;-1720;;1852
2025-09-04T09:50:30Z;;3266;1546
2025-09-04T09:50:31Z;-1469;;1797
2025-09-04T09:50:41Z;;2999;1530
2025-09-04T09:50:42Z;;3001;1532
2025-09-04T09:50:44Z;;2982;1513
2025-09-04T09:51:07Z;-1500;3025;1482
2025-09-04T09:51:12Z;-1499;;1526
2025-09-04T09:51:14Z;;2985;1486
2025-09-04T09:51:16Z;;3015;1516
2025-09-04T09:51:17Z;-1502;;1513
2025-09-04T09:51:27Z;;3325;1823
2025-09-04T09:51:28Z;-1808;;1517
2025-09-04T09:51:35Z;;3605;1797
2025-09-04T09:51:38Z;-2111;;1494
2025-09-04T09:52:13Z;-2089;;1516
2025-09-04T09:52:25Z;;3597;1508
2025-09-04T09:52:26Z;;3601;1512
2025-09-04T09:52:28Z;;3597;1508
2025-09-04T09:52:43Z;;3609;1520
2025-09-04T09:52:46Z;-2104;;1505
2025-09-04T09:53:03Z;-2099;;1510
2025-09-04T09:53:06Z;-2117;;1492
2025-09-04T09:53:20Z;;3900;1783
2025-09-04T09:53:25Z;-2413;;1487
2025-09-04T09:53:42Z;;4205;1792
2025-09-04T09:53:47Z;-2708;;1497
2025-09-04T09:54:18Z;-2683;;1522
2025-09-04T09:54:19Z;-2713;;1492
2025-09-04T09:54:21Z;-2698;;1507
2025-09-04T09:54:23Z;-2700;;1505
2025-09-04T09:54:25Z;-2695;;1510
2025-09-04T09:54:29Z;-2700;;1505
2025-09-04T09:56:51Z;-2690;;1515
2025-09-04T09:57:20Z;-2349;;1856
2025-09-04T09:57:32Z;-2406;;1799
2025-09-04T09:59:04Z;-2396;;1809
2025-09-04T09:59:13Z;-2402;;1803
2025-09-04T09:59:14Z;-2204;;2001
2025-09-04T09:59:16Z;-2401;;1804
2025-09-04T09:59:18Z;-2389;;1816
2025-09-04T09:59:19Z;-2408;;1797
2025-09-04T10:00:10Z;;4474;2066
2025-09-04T10:00:29Z;-2558;;1916
2025-09-04T10:02:00Z;-2318;;2156
2025-09-04T10:03:17Z;-2574;;1900
2025-09-04T10:04:46Z;-2393;;2081
2025-09-04T10:04:48Z;-2402;;2072
2025-09-04T10:05:01Z;-2388;;2086
2025-09-04T10:05:03Z;-2411;;2063
2025-09-04T10:05:14Z;-2378;;2096
2025-09-04T10:05:16Z;-2401;;2073
2025-09-04T10:05:18Z;-2393;;2081
2025-09-04T10:05:24Z;-2403;;2071
2025-09-04T10:05:28Z;-2399;;2075
2025-09-04T10:05:30Z;-2400;;2074
2025-09-04T10:05:32Z;-2388;;2086
2025-09-04T10:05:34Z;-2409;;2065
2025-09-04T10:05:39Z;-2399;;2075
2025-09-04T10:05:41Z;-2407;;2067
2025-09-04T10:05:43Z;-2397;;2077
2025-09-04T10:05:45Z;-2403;;2071
2025-09-04T10:05:48Z;-2399;;2075
2025-09-04T10:05:50Z;-2404;;2070
2025-09-04T10:05:54Z;-2374;;2100
2025-09-04T10:05:57Z;-2408;;2066
2025-09-04T10:05:59Z;-2399;;2075
2025-09-04T10:06:08Z;-2403;;2071
2025-09-04T10:06:10Z;-2392;;2082
2025-09-04T10:13:07Z;-2404;;2070
2025-09-04T10:13:10Z;-2392;;2082
2025-09-04T10:13:12Z;-2406;;2068
2025-09-04T10:14:21Z;-2332;4171;2142
2025-09-04T10:14:28Z;-2429;4275;1742
2025-09-04T10:14:39Z;-2330;;1945
2025-09-04T10:14:41Z;-2536;;1739
2025-09-04T10:15:10Z;;4332;1796
2025-09-04T10:15:21Z;-2336;;1996
2025-09-04T10:15:29Z;-2327;;2005
2025-09-04T10:15:49Z;-2561;;1771
2025-09-04T10:17:58Z;;4195;1634
2025-09-04T10:18:02Z;-2383;;1812
2025-09-04T10:18:09Z;-2405;;1790
2025-09-04T10:18:12Z;-2386;;1809
2025-09-04T10:19:25Z;-2404;;1791
2025-09-04T10:19:35Z;-2379;;1816
2025-09-04T10:20:19Z;;4202;1823
2025-09-04T10:20:20Z;-2415;;1787
2025-09-04T10:20:24Z;-2385;;1817
2025-09-04T10:20:27Z;-2453;;1749
2025-09-04T10:20:36Z;;4195;1742
2025-09-04T10:20:37Z;-2319;;1876
2025-09-04T10:20:45Z;;4213;1894
2025-09-04T10:20:47Z;-2414;;1799
2025-09-04T10:21:15Z;;4173;1759
2025-09-04T10:21:16Z;-2381;;1792
2025-09-04T10:21:36Z;-2404;4206;1802
2025-09-04T10:21:39Z;-2363;;1843
2025-09-04T10:21:41Z;-2428;;1778
2025-09-04T10:21:43Z;-2395;;1811
2025-09-04T10:21:45Z;;4194;1799
2025-09-04T10:21:57Z;-2645;;1549
2025-09-04T10:22:00Z;;4205;1560
2025-09-04T10:22:03Z;-2701;;1504
2025-09-04T10:22:07Z;-2700;;1505
2025-09-04T10:22:29Z;-3013;;1192
2025-09-04T10:22:32Z;-2992;;1213
2025-09-04T10:22:34Z;-3012;;1193
2025-09-04T10:23:06Z;;4501;1489
2025-09-04T10:23:17Z;-2839;;1662
2025-09-04T10:23:34Z;-2662;;1839
2025-09-04T10:23:40Z;-2767;;1734
2025-09-04T10:27:49Z;;4500;1733
2025-09-04T10:27:52Z;;4495;1728
2025-09-04T10:27:53Z;-2739;;1756
2025-09-04T10:27:55Z;;4504;1807
2025-09-04T10:27:58Z;;4497;1800
2025-09-04T10:28:04Z;-2697;;1798
2025-09-04T10:28:06Z;-2700;;1797
2025-09-04T10:28:13Z;-2694;;1803
2025-09-04T10:28:15Z;-2726;;1771
2025-09-04T10:28:23Z;-2691;;1806
2025-09-04T10:28:25Z;-2703;;1794
2025-09-04T10:28:27Z;-2697;;1800
2025-09-04T10:28:28Z;-2700;;1797
2025-09-04T10:28:30Z;-2687;;1810
2025-09-04T10:29:17Z;;3891;1204
2025-09-04T10:29:19Z;-2394;;1497
2025-09-04T10:29:54Z;;3579;1185
2025-09-04T10:29:55Z;-2078;;1501
2025-09-04T10:30:07Z;;3277;1199
2025-09-04T10:30:09Z;-1783;;1494
2025-09-04T10:30:10Z;;3346;1563
2025-09-04T10:30:29Z;-1635;;1711
2025-09-04T10:31:13Z;-1495;;1851
2025-09-04T10:31:15Z;-1511;;1835
2025-09-04T10:31:16Z;;2993;1482
2025-09-04T10:31:17Z;-1307;;1686
2025-09-04T10:31:49Z;-1190;;1803
2025-09-04T10:31:51Z;-1202;;1791
2025-09-04T10:31:54Z;-1187;;1806
2025-09-04T10:32:00Z;-1211;;1782
2025-09-04T10:32:07Z;;3004;1793
2025-09-04T10:32:10Z;;2997;1786
2025-09-04T10:32:13Z;;3008;1797
2025-09-04T10:32:24Z;-1500;;1508
2025-09-04T10:32:28Z;;3301;1801
2025-09-04T10:32:43Z;-1808;;1493
2025-09-04T10:32:53Z;;3610;1802
2025-09-04T10:33:14Z;;3599;1791
2025-09-04T10:33:15Z;;3606;1798
2025-09-04T10:33:31Z;-2112;;1494
2025-09-04T10:33:37Z;-2077;;1529
2025-09-04T10:34:00Z;;3580;1503
2025-09-04T10:34:03Z;-1780;;1800
2025-09-04T10:34:21Z;;3279;1499
2025-09-04T10:34:26Z;-1489;;1790
2025-09-04T10:34:28Z;-1515;;1764
2025-09-04T10:34:35Z;;3314;1799
2025-09-04T10:34:58Z;-1825;;1489
2025-09-04T10:35:01Z;;3624;1799
2025-09-04T10:35:07Z;-2128;;1496
2025-09-04T10:35:08Z;;3939;1811
2025-09-04T10:35:31Z;-2403;;1536
2025-09-04T10:35:36Z;;4207;1804
2025-09-04T10:35:56Z;;4130;1727
2025-09-04T10:35:57Z;-2314;;1816
2025-09-04T10:35:59Z;;3825;1511
2025-09-04T10:36:00Z;-2015;;1810
2025-09-04T10:36:04Z;-2118;;1707
2025-09-04T10:36:05Z;;3901;1783
2025-09-04T10:36:11Z;-2444;;1457
2025-09-04T10:36:13Z;;4214;1770
2025-09-04T10:36:27Z;-2719;;1495
2025-09-04T10:36:29Z;-2691;;1523
2025-09-04T10:36:31Z;-2731;;1483
2025-09-04T10:36:41Z;-2698;;1516
2025-09-04T10:37:22Z;;4191;1493
2025-09-04T10:37:26Z;-2391;;1800
2025-09-04T10:37:31Z;;3864;1473
2025-09-04T10:37:33Z;-2070;;1794
2025-09-04T10:37:35Z;-2105;;1759
2025-09-04T10:37:36Z;;3915;1810
2025-09-04T10:37:42Z;-2435;;1480
2025-09-04T10:37:44Z;;4225;1790
2025-09-04T10:38:03Z;;4135;1700
2025-09-04T10:38:04Z;-2308;;1827
2025-09-04T10:38:05Z;;3885;1577
2025-09-04T10:38:06Z;-2010;;1875
2025-09-04T10:38:07Z;;3589;1579
2025-09-04T10:38:10Z;-1782;3239;1807
2025-09-04T10:38:11Z;-1453;;1786
2025-09-04T10:38:14Z;-1522;;1717
2025-09-04T10:38:15Z;;3351;1829
2025-09-04T10:38:18Z;-1912;3653;1439
2025-09-04T10:38:21Z;-2143;;1510
2025-09-04T10:38:22Z;;3925;1782
2025-09-04T10:38:27Z;-2423;;1502
2025-09-04T10:38:28Z;;4212;1789
2025-09-04T10:38:41Z;-2702;;1510
2025-09-04T10:38:43Z;-2692;;1520
2025-09-04T10:38:45Z;-2709;;1503
2025-09-04T10:38:50Z;-2689;;1523
2025-09-04T10:38:53Z;-2706;;1506
2025-09-04T10:38:54Z;-2697;;1515
2025-09-04T10:38:56Z;-2727;;1485
2025-09-04T10:38:58Z;-2685;;1527
2025-09-04T10:39:07Z;;4153;1468
2025-09-04T10:39:09Z;-2326;;1827
2025-09-04T10:39:10Z;;3812;1486
2025-09-04T10:39:11Z;-2033;;1779
2025-09-04T10:39:12Z;;3571;1538
2025-09-04T10:39:13Z;-1725;;1846
2025-09-04T10:39:15Z;;3220;1495
2025-09-04T10:39:16Z;-1457;;1763
2025-09-04T10:39:19Z;;2982;1525
2025-09-04T10:39:21Z;;3000;1543
2025-09-04T10:39:25Z;-1574;3305;1426
2025-09-04T10:39:32Z;;3203;1629
2025-09-04T10:39:33Z;-1439;;1764
2025-09-04T10:39:36Z;;2939;1500
2025-09-04T10:39:37Z;-1175;;1764
2025-09-04T10:39:39Z;;2612;1437
2025-09-04T10:39:40Z;-834;;1778
2025-09-04T10:39:41Z;;2363;1529
2025-09-04T10:39:42Z;-596;;1767
2025-09-04T10:39:47Z;;2053;1457
2025-09-04T10:39:55Z;;2109;1513
2025-09-04T10:39:57Z;;2076;1480
2025-09-04T10:40:03Z;-260;;1816
2025-09-04T10:40:06Z;;1799;1539
2025-09-04T10:40:14Z;;1819;1559
2025-09-04T10:40:18Z;-306;;1513
2025-09-04T10:40:43Z;-298;;1521
2025-09-04T10:40:47Z;-351;;1468
2025-09-04T10:40:49Z;;2110;1759
2025-09-04T10:40:52Z;-670;;1440
2025-09-04T10:40:55Z;-920;;1190
2025-09-04T10:40:56Z;;2736;1816
2025-09-04T10:40:59Z;-1239;3018;1497
2025-09-04T10:41:02Z;-1535;;1483
2025-09-04T10:41:04Z;;3320;1785
2025-09-04T10:41:08Z;-1824;;1496
2025-09-04T10:41:11Z;;3612;1489
2025-09-04T10:41:22Z;-2123;;1197
2025-09-04T10:41:24Z;;3960;1837
2025-09-04T10:41:27Z;-2435;;1525
2025-09-04T10:41:30Z;;4207;1772
2025-09-04T10:42:08Z;-2720;;1487
2025-09-04T10:42:10Z;;4509;1789
2025-09-04T10:43:10Z;-2687;;1822
2025-09-04T10:43:19Z;-2711;;1798
2025-09-04T10:43:23Z;;4495;1784
2025-09-04T10:43:28Z;-2698;;1797
2025-09-04T10:43:30Z;-2708;;1787
2025-09-04T10:43:32Z;-2699;;1796
2025-09-04T10:43:33Z;-2704;;1791
2025-09-04T10:43:35Z;-2694;;1801
2025-09-04T10:44:45Z;;4174;1480
2025-09-04T10:44:47Z;-2368;;1806
2025-09-04T10:44:58Z;-2445;4225;1729
2025-09-04T10:45:10Z;;4318;1873
2025-09-04T10:45:29Z;-2589;;1729
2025-09-04T10:47:18Z;-2291;;2027
2025-09-04T10:47:22Z;-2470;;1848
2025-09-04T10:47:40Z;;4188;1718
2025-09-04T10:47:42Z;-2384;;1804
2025-09-04T10:47:45Z;-1988;;2200
2025-09-04T10:47:48Z;;3894;1906
2025-09-04T10:47:52Z;;3551;1563
2025-09-04T10:47:53Z;-1722;;1829
2025-09-04T10:47:55Z;;3288;1566
2025-09-04T10:47:56Z;-1479;;1809
2025-09-04T10:48:01Z;;2988;1509
2025-09-04T10:48:08Z;;3001;1522
2025-09-04T10:48:12Z;-998;;2003
2025-09-04T10:48:16Z;-1366;;1635
2025-09-04T10:48:18Z;-1529;3305;1472
2025-09-04T10:48:33Z;;3282;1753
2025-09-04T10:48:39Z;-1488;;1794
2025-09-04T10:48:41Z;-1198;;2084
2025-09-04T10:48:43Z;-1214;;2068
2025-09-04T10:48:44Z;-1525;;1757
2025-09-04T10:48:51Z;;3303;1778
2025-09-04T10:48:53Z;;3297;1772
2025-09-04T10:48:57Z;-1499;;1798
2025-09-04T10:49:04Z;;2997;1498
2025-09-04T10:49:07Z;-1184;;1813
2025-09-04T10:49:13Z;;2661;1477
2025-09-04T10:49:14Z;-601;;2060
2025-09-04T10:49:18Z;-586;;2075
2025-09-04T10:49:20Z;-775;;1886
2025-09-04T10:49:23Z;;2399;1624
2025-09-04T10:49:31Z;-584;;1815
2025-09-04T10:49:43Z;;2087;1503
2025-09-04T10:49:46Z;-292;;1795
2025-09-04T10:50:08Z;;1769;1477
2025-09-04T10:50:09Z;14;;1783
2025-09-04T10:50:26Z;-14;;1755
2025-09-04T10:50:29Z;;1822;1808
2025-09-04T10:50:56Z;-314;;1508
2025-09-04T10:50:58Z;-4;;1818
2025-09-04T10:50:59Z;;2136;2132
2025-09-04T10:51:01Z;-469;;1667
2025-09-04T10:51:05Z;-614;2403;1522
2025-09-04T10:51:06Z;;2341;1727
2025-09-04T10:51:07Z;-586;;1755
2025-09-04T10:51:11Z;-261;;2080
2025-09-04T10:51:12Z;;1998;1737
2025-09-04T10:51:13Z;;1747;1486
2025-09-04T10:51:14Z;14;;1761
2025-09-04T10:51:18Z;;1434;1448
2025-09-04T10:51:19Z;341;;1775
2025-09-04T10:51:30Z;822;;2256
2025-09-04T10:51:34Z;535;;1969
2025-09-04T10:51:36Z;;1197;1732
2025-09-04T10:51:42Z;606;;1803
2025-09-04T10:51:45Z;597;;1794
2025-09-04T10:51:47Z;603;;1800
2025-09-04T10:51:49Z;595;;2029
2025-09-04T10:51:51Z;624;;1821
2025-09-04T10:51:57Z;594;;1791
2025-09-04T10:52:00Z;603;;1800
2025-09-04T10:52:02Z;583;;1780
2025-09-04T10:52:09Z;;1200;1783
2025-09-04T10:52:20Z;814;;2014
2025-09-04T10:52:25Z;434;;1634
2025-09-04T10:52:44Z;298;;1498
2025-09-04T10:52:46Z;303;;1503
2025-09-04T10:52:48Z;285;;1485
2025-09-04T10:52:52Z;;1506;1791
2025-09-04T10:53:03Z;0;;1506
2025-09-04T10:53:04Z;;1850;1850
2025-09-04T10:53:07Z;-56;;1794
2025-09-04T10:53:09Z;-327;2130;1523
2025-09-04T10:53:14Z;-620;2447;1510
2025-09-04T10:53:18Z;-912;2737;1535
2025-09-04T10:53:23Z;-1228;3055;1509
2025-09-04T10:53:27Z;-1766;;1289
2025-09-04T10:53:28Z;;3344;1578
2025-09-04T10:53:31Z;-1812;;1532
2025-09-04T10:53:33Z;;3619;1807
2025-09-04T10:53:34Z;-2128;;1491
2025-09-04T10:53:39Z;;3919;1791
2025-09-04T10:53:43Z;-2493;;1426
2025-09-04T10:53:45Z;-2793;;1126
2025-09-04T10:53:49Z;;4212;1419
2025-09-04T10:54:04Z;-3043;;1169
2025-09-04T10:54:40Z;-2458;;1754
2025-09-04T10:54:50Z;-3200;;1012
2025-09-04T10:54:56Z;-1491;;2721
2025-09-04T10:54:58Z;-2877;;1335
2025-09-04T10:55:38Z;;4502;1625
2025-09-04T10:55:44Z;;4350;1473
2025-09-04T10:55:45Z;;4518;1641
2025-09-04T10:55:56Z;-3001;;1517
2025-09-04T10:55:59Z;-2996;;1522
2025-09-04T10:56:03Z;-3008;;1510
2025-09-04T10:56:07Z;-2984;;1534
2025-09-04T10:56:09Z;-3002;;1516
2025-09-04T10:56:12Z;-2996;;1522
2025-09-04T10:56:58Z;;4496;1500
2025-09-04T10:57:00Z;;4503;1507
2025-09-04T10:57:02Z;;4495;1499
2025-09-04T10:57:04Z;;4503;1507
2025-09-04T10:57:10Z;;4499;1503
2025-09-04T10:57:12Z;;4502;1506
2025-09-04T10:57:35Z;-3001;;1501
2025-09-04T10:57:37Z;-2990;;1512
2025-09-04T10:57:39Z;-3001;;1501
2025-09-04T10:57:40Z;-2994;;1508
2025-09-04T10:57:42Z;-3001;;1501
2025-09-04T10:57:44Z;-2946;;1556
2025-09-04T10:58:10Z;;4354;1408
2025-09-04T10:58:11Z;;4516;1570
2025-09-04T10:58:14Z;;4497;1551
2025-09-04T10:58:16Z;;4512;1566
2025-09-04T10:58:25Z;;4499;1553
2025-09-04T10:58:26Z;;4508;1562
2025-09-04T10:58:58Z;;4499;1553
2025-09-04T11:00:08Z;-2543;;1956
2025-09-04T11:00:10Z;;4443;1900
2025-09-04T11:00:11Z;-2874;;1569
2025-09-04T11:00:27Z;-2105;;2338
2025-09-04T11:00:30Z;-2651;;1792
2025-09-04T11:00:33Z;-2856;;1587
2025-09-04T11:01:29Z;-2362;4179;1817
2025-09-04T11:01:37Z;;4219;1857
2025-09-04T11:01:39Z;-2429;;1790
2025-09-04T11:01:41Z;;4297;1868
2025-09-04T11:02:38Z;-2396;;1901
2025-09-04T11:02:53Z;-2099;;2198
2025-09-04T11:02:57Z;;3897;1798
2025-09-04T11:03:04Z;-1758;3552;2139
2025-09-04T11:03:09Z;-1474;;2078
2025-09-04T11:03:10Z;;3251;1777
2025-09-04T11:03:15Z;-1164;2910;2087
2025-09-04T11:03:21Z;;3004;1840
2025-09-04T11:03:22Z;-1217;2998;1787
2025-09-04T11:03:24Z;;3071;1854
2025-09-04T11:03:35Z;;2962;1745
2025-09-04T11:03:37Z;-1146;;1816
2025-09-04T11:03:45Z;;2699;1553
2025-09-04T11:03:48Z;-822;;1877
2025-09-04T11:03:52Z;-597;2361;2102
2025-09-04T11:04:51Z;-624;;1737
2025-09-04T11:04:54Z;-578;;1783
2025-09-04T11:04:56Z;-627;;1734
2025-09-04T11:04:59Z;-579;;1782
2025-09-04T11:05:01Z;-605;;1756
2025-09-04T11:05:04Z;-546;;1815
2025-09-04T11:05:20Z;;2099;1553
2025-09-04T11:05:22Z;-250;;1849
2025-09-04T11:05:29Z;;1781;1531
2025-09-04T11:05:31Z;10;;1791
2025-09-04T11:05:50Z;;1489;1499
2025-09-04T11:05:54Z;318;;1807
2025-09-04T11:06:38Z;;1193;1511
2025-09-04T11:06:40Z;;1201;1519
2025-09-04T11:07:17Z;288;;1489
2025-09-04T11:07:19Z;;1500;1788
2025-09-04T11:07:32Z;-27;;1473
2025-09-04T11:07:33Z;;1835;1808
2025-09-04T11:07:37Z;;2123;2096
2025-09-04T11:07:39Z;-334;;1789
2025-09-04T11:07:40Z;;2434;2100
2025-09-04T11:07:44Z;-651;;1783
2025-09-04T11:07:45Z;;3099;2448
2025-09-04T11:07:47Z;-976;;2123
2025-09-04T11:07:48Z;-1299;3368;2392
2025-09-04T11:07:49Z;;3621;2322
2025-09-04T11:07:51Z;-1567;;2054
2025-09-04T11:07:54Z;-1881;;1740
2025-09-04T11:07:56Z;;3919;2038
2025-09-04T11:08:00Z;-2134;;1785
2025-09-04T11:08:10Z;;4211;2077
2025-09-04T11:08:20Z;;4176;2042
2025-09-04T11:08:26Z;-2085;;2091
2025-09-04T11:08:29Z;;3869;1784
2025-09-04T11:08:37Z;-1672;3450;2197
2025-09-04T11:08:38Z;;3263;1591
2025-09-04T11:08:40Z;;2584;912
2025-09-04T11:08:41Z;-1292;;1292
2025-09-04T11:08:43Z;;2175;883
2025-09-04T11:08:44Z;-1107;;1068
2025-09-04T11:08:46Z;-863;;1312
2025-09-04T11:08:47Z;;1790;927
2025-09-04T11:08:50Z;-400;;1390
2025-09-04T11:08:51Z;;1496;1096
2025-09-04T11:08:53Z;-259;;1237
2025-09-04T11:08:55Z;44;;1540
2025-09-04T11:08:57Z;353;;1849
2025-09-04T11:09:28Z;;1189;1542
2025-09-04T11:09:30Z;608;;1797
2025-09-04T11:10:52Z;902;;2091
2025-09-04T11:10:55Z;898;;2087
2025-09-04T11:12:44Z;596;;1785
2025-09-04T11:12:49Z;;1207;1803
2025-09-04T11:13:03Z;272;;1811
2025-09-04T11:13:04Z;;1539;2135
2025-09-04T11:13:10Z;-25;;1514
2025-09-04T11:13:11Z;;1817;1792
2025-09-04T11:13:22Z;-339;2114;1775
2025-09-04T11:13:58Z;-628;;1486
2025-09-04T11:14:01Z;;2418;1790
2025-09-04T11:14:14Z;-906;2701;1512
2025-09-04T11:14:24Z;;2695;1789
2025-09-04T11:14:26Z;;2703;1797
2025-09-04T11:14:27Z;;2698;1792
2025-09-04T11:14:29Z;;2701;1795
2025-09-04T11:14:36Z;-1229;3031;1472
2025-09-04T11:14:42Z;-1503;;1528
2025-09-04T11:14:43Z;;3347;1844
2025-09-04T11:14:48Z;-1806;3610;1541
2025-09-04T11:14:56Z;;3906;2100
2025-09-04T11:14:58Z;-2122;;1784
2025-09-04T11:15:10Z;;3973;1851
2025-09-04T11:15:20Z;;4204;2082
2025-09-04T11:15:21Z;;4198;2076
2025-09-04T11:15:29Z;-2328;;1870
2025-09-04T11:15:30Z;;4215;1887
2025-09-04T11:15:31Z;-2418;;1797
2025-09-04T11:15:55Z;;4528;2110
2025-09-04T11:15:56Z;-2713;;1815
2025-09-04T11:16:38Z;-2665;4494;1863
2025-09-04T11:16:56Z;;4528;1863
2025-09-04T11:16:57Z;-2734;;1794
2025-09-04T11:17:10Z;;4800;2066
2025-09-04T11:17:23Z;;4785;2051
2025-09-04T11:17:49Z;-2690;;2095
2025-09-04T11:17:54Z;;4493;1803
2025-09-04T11:18:05Z;;4501;1811
2025-09-04T11:18:11Z;-2708;;1793
2025-09-04T11:18:14Z;-2691;;1810
2025-09-04T11:18:16Z;-2707;;1794
2025-09-04T11:18:23Z;-2690;;1811
2025-09-04T11:18:27Z;-2709;;1792
2025-09-04T11:22:44Z;-3118;;1383
2025-09-04T11:23:28Z;-2932;;1569
2025-09-04T11:23:30Z;-3113;;1388
2025-09-04T11:25:02Z;-2730;;1771
2025-09-04T11:25:03Z;;4375;1645
2025-09-04T11:25:04Z;-3058;4665;1317
2025-09-04T11:25:08Z;-2907;;1758
2025-09-04T11:25:10Z;-3059;;1606
2025-09-04T11:25:58Z;-2998;;1667
2025-09-04T11:26:00Z;-3023;;1642
2025-09-04T11:26:28Z;-2996;;1669
2025-09-04T11:26:30Z;-3001;;1664
2025-09-04T11:26:40Z;-2985;;1680
2025-09-04T11:26:42Z;-3060;;1605
2025-09-04T11:26:58Z;-2605;4472;2060
2025-09-04T11:26:59Z;;4597;1992
2025-09-04T11:27:00Z;-3053;;1544
2025-09-04T11:27:15Z;-2866;;1731
2025-09-04T11:27:16Z;;4428;1562
2025-09-04T11:27:17Z;-3053;4589;1723
2025-09-04T11:27:46Z;-2836;;1753
2025-09-04T11:27:48Z;-3043;;1546
2025-09-04T11:28:04Z;-2994;;1595
2025-09-04T11:28:06Z;-3003;;1586
2025-09-04T11:28:08Z;-2983;;1606
2025-09-04T11:28:11Z;-3015;;1574
2025-09-04T11:29:32Z;-2837;;1752
2025-09-04T11:30:10Z;;4606;1769
2025-09-04T11:30:29Z;-2820;;1786
2025-09-04T11:31:34Z;-2639;;1967
2025-09-04T11:31:38Z;-2798;;1808
2025-09-04T11:31:43Z;;4497;1699
2025-09-04T11:31:44Z;-2680;;1817
2025-09-04T11:31:48Z;;4501;1821
2025-09-04T11:31:49Z;-2711;;1790
2025-09-04T11:31:56Z;-2698;;1803
2025-09-04T11:31:58Z;-2711;4492;1790
2025-09-04T11:32:02Z;-2696;;1796
2025-09-04T11:32:16Z;-2443;;2049
2025-09-04T11:32:17Z;;4146;1703
2025-09-04T11:32:34Z;;3861;1418
2025-09-04T11:32:35Z;-2073;;1788
2025-09-04T11:32:38Z;-2125;;1736
2025-09-04T11:32:39Z;;3939;1814
2025-09-04T11:33:01Z;-2088;3834;1851
2025-09-04T11:33:06Z;-2124;;1710
2025-09-04T11:33:07Z;;3903;1779
2025-09-04T11:33:15Z;;3898;1774
2025-09-04T11:33:17Z;;3927;1803
2025-09-04T11:33:32Z;-2435;;1492
2025-09-04T11:33:34Z;;4216;1781
2025-09-04T11:33:40Z;;4169;1734
2025-09-04T11:33:41Z;-2359;;1810
2025-09-04T11:33:45Z;;3776;1417
2025-09-04T11:33:46Z;-1972;;1804
2025-09-04T11:33:48Z;-2106;;1670
2025-09-04T11:33:50Z;;3935;1829
2025-09-04T11:33:53Z;-2402;;1533
2025-09-04T11:33:54Z;;4238;1836
2025-09-04T11:34:18Z;-2368;;1870
2025-09-04T11:34:20Z;-2595;;1643
2025-09-04T11:34:26Z;;4511;1916
2025-09-04T11:34:30Z;-2824;;1687
2025-09-04T11:37:57Z;-2692;;1819
2025-09-04T11:38:21Z;-2700;;1811
2025-09-04T11:38:23Z;-2699;;1812
2025-09-04T11:38:25Z;-2700;;1811
2025-09-04T11:38:27Z;-2693;4349;1818
2025-09-04T11:38:28Z;;4572;1879
2025-09-04T11:38:29Z;-2701;;1871
2025-09-04T11:38:30Z;-2695;;1877
2025-09-04T11:38:43Z;-2710;;1862
2025-09-04T11:38:45Z;-2691;;1881
2025-09-04T11:38:46Z;;4428;1737
2025-09-04T11:38:47Z;-2702;4573;1871
2025-09-04T11:38:52Z;-2696;;1877
2025-09-04T11:38:54Z;-2701;;1872
2025-09-04T11:38:56Z;-2698;;1875
2025-09-04T11:38:58Z;-2701;;1872
2025-09-04T11:39:04Z;-2662;;1911
2025-09-04T11:39:06Z;-2705;;1868
2025-09-04T11:39:08Z;-2698;;1875
2025-09-04T11:39:09Z;-2714;;1859
2025-09-04T11:39:19Z;-2686;;1887
2025-09-04T11:39:24Z;-2701;;1872
2025-09-04T11:39:33Z;-2693;;1880
2025-09-04T11:39:35Z;-2704;;1869
2025-09-04T11:39:42Z;-2691;;1882
2025-09-04T11:39:47Z;-2702;;1871
2025-09-04T11:39:51Z;-2695;;1878
2025-09-04T11:39:53Z;-2705;;1868
2025-09-04T11:39:56Z;-2686;;1887
2025-09-04T11:39:58Z;;4421;1735
2025-09-04T11:39:59Z;-2702;4573;1719
2025-09-04T11:40:01Z;-2695;;1878
2025-09-04T11:40:04Z;-2714;;1859
2025-09-04T11:40:07Z;-2696;;1877
2025-09-04T11:40:09Z;-2702;;1871
2025-09-04T11:40:12Z;-2697;;1876
2025-09-04T11:40:15Z;-2700;;1873
2025-09-04T11:40:17Z;-2691;;1882
2025-09-04T11:40:20Z;-2700;;1873
2025-09-04T11:40:23Z;-2692;;1881
2025-09-04T11:40:25Z;-2704;;1869
2025-09-04T11:40:30Z;-2697;;1876
2025-09-04T11:40:33Z;-2709;;1864
2025-09-04T11:40:35Z;-2687;;1886
2025-09-04T11:40:38Z;-2710;;1863
2025-09-04T11:41:34Z;-2691;;1882
2025-09-04T11:41:37Z;-2704;;1869
2025-09-04T11:41:40Z;-2699;;1874
2025-09-04T11:41:43Z;-2707;;1866
2025-09-04T11:41:45Z;-2694;;1879
2025-09-04T11:41:47Z;-2362;;2211
2025-09-04T11:41:54Z;-2443;;2130
2025-09-04T11:42:01Z;-2392;;2181
2025-09-04T11:42:04Z;-2405;;2168
2025-09-04T11:42:06Z;-2395;;2178
2025-09-04T11:42:09Z;-2400;;2173
2025-09-04T11:43:37Z;-2392;;2181
2025-09-04T11:43:40Z;-2408;;2165
2025-09-04T11:43:45Z;-2402;;2171
2025-09-04T11:43:47Z;-2385;;2188
2025-09-04T11:44:28Z;;4497;2112
2025-09-04T11:44:29Z;;4507;2122
2025-09-04T11:44:41Z;;4494;2109
2025-09-04T11:44:55Z;;4500;2115
2025-09-04T11:45:10Z;;4516;2131
2025-09-04T11:45:19Z;;4496;2111
2025-09-04T11:45:21Z;;4505;2120
2025-09-04T11:45:30Z;-2311;;2194
2025-09-04T11:45:31Z;;4499;2188
2025-09-04T11:45:40Z;;4500;2189
2025-09-04T11:45:44Z;;4499;2188
2025-09-04T11:46:04Z;;4443;2132
2025-09-04T11:46:05Z;;4505;2194
2025-09-04T11:48:26Z;;4498;2187
2025-09-04T11:48:27Z;;4500;2189
2025-09-04T11:48:45Z;;4496;2185
2025-09-04T11:48:47Z;;4503;2192
2025-09-04T11:48:49Z;;4499;2188
2025-09-04T11:48:52Z;;4500;2189
2025-09-04T11:48:53Z;;4499;2188
2025-09-04T11:52:10Z;-2098;;2401
2025-09-04T11:52:12Z;-2121;;2378
2025-09-04T11:52:24Z;-2022;;2477
2025-09-04T11:52:25Z;;4178;2156
2025-09-04T11:52:26Z;-2133;;2045
2025-09-04T11:52:28Z;;4344;2211
2025-09-04T11:52:31Z;-2095;;2249
2025-09-04T11:52:49Z;-2107;;2237
2025-09-04T11:52:51Z;-2092;;2252
2025-09-04T11:52:57Z;-2104;;2240
2025-09-04T11:52:59Z;-2096;;2248
2025-09-04T11:53:16Z;-2100;;2244
2025-09-04T11:53:18Z;-2098;;2246
2025-09-04T11:53:20Z;-2102;;2242
2025-09-04T11:53:28Z;-2411;;1933
2025-09-04T11:53:31Z;-2389;;1955
2025-09-04T11:54:15Z;-2404;;1940
2025-09-04T11:54:19Z;-2394;;1950
2025-09-04T11:54:21Z;-2408;;1936
2025-09-04T11:54:42Z;-2396;;1948
2025-09-04T11:54:52Z;-2403;;1941
2025-09-04T11:54:54Z;-2386;;1958
2025-09-04T11:55:03Z;-2402;;1942
2025-09-04T11:55:06Z;-2392;;1952
2025-09-04T11:55:08Z;-2402;;1942
2025-09-04T11:55:10Z;-2360;;1984
2025-09-04T11:55:11Z;-2400;;1944
2025-09-04T11:55:13Z;-2396;;1948
2025-09-04T11:55:15Z;-2406;;1938
2025-09-04T11:55:26Z;-2396;;1948
2025-09-04T11:55:28Z;-2408;;1936
2025-09-04T11:55:32Z;-2400;;1944
2025-09-04T11:55:33Z;-2400;;1944
2025-09-04T11:55:35Z;-2394;;1950
2025-09-04T11:56:01Z;-2437;;1907
2025-09-04T11:56:30Z;-2396;;1948
2025-09-04T11:56:34Z;-2409;;1935
2025-09-04T11:56:38Z;-2398;;1946
2025-09-04T11:56:47Z;-2410;;1934
2025-09-04T11:56:49Z;-2384;;1960
2025-09-04T11:56:51Z;-2408;;1936
2025-09-04T11:56:53Z;-2390;;1954
2025-09-04T11:56:55Z;-2407;;1937
2025-09-04T11:56:57Z;-2384;;1960
2025-09-04T11:56:59Z;-2405;;1939
2025-09-04T11:57:01Z;-2392;;1952
2025-09-04T11:57:03Z;-2401;;1943
2025-09-04T11:57:07Z;-2392;;1952
2025-09-04T11:57:09Z;-2406;;1938
2025-09-04T11:57:13Z;-2388;;1956
2025-09-04T11:57:21Z;-2414;;1930
2025-09-04T11:57:25Z;-2398;;1946
2025-09-04T11:57:41Z;-2409;;1935
2025-09-04T11:57:43Z;-2388;;1956
2025-09-04T12:00:06Z;-2088;;2256
2025-09-04T12:00:08Z;-2100;;2244
2025-09-04T12:00:10Z;;4320;2220
2025-09-04T12:00:13Z;-2075;;2245
2025-09-04T12:00:29Z;-2031;;2289
2025-09-04T12:02:12Z;;4195;2164
2025-09-04T12:02:13Z;;4328;2297
2025-09-04T12:05:28Z;-2100;;2228
2025-09-04T12:05:30Z;-2082;;2246
2025-09-04T12:05:43Z;-2103;;2225
2025-09-04T12:05:45Z;-2095;;2233
2025-09-04T12:05:47Z;-2102;;2226
2025-09-04T12:05:49Z;-1952;;2376
2025-09-04T12:05:51Z;-2101;;2227
2025-09-04T12:05:52Z;-2078;;2250
2025-09-04T12:05:56Z;-2100;;2228
2025-09-04T12:05:58Z;-2092;;2236
2025-09-04T12:06:00Z;-2103;;2225
2025-09-04T12:06:02Z;-2096;;2232
2025-09-04T12:06:03Z;-2101;;2227
2025-09-04T12:06:05Z;-2098;;2230
2025-09-04T12:06:07Z;-2111;;2217
2025-09-04T12:06:09Z;-2098;;2230
2025-09-04T12:06:11Z;-2104;;2224
2025-09-04T12:06:16Z;-2097;;2231
2025-09-04T12:06:19Z;-2108;;2220
2025-09-04T12:07:05Z;-2094;;2234
2025-09-04T12:07:07Z;-2111;;2217
2025-09-04T12:07:16Z;-2092;;2236
2025-09-04T12:07:18Z;-2113;;2215
2025-09-04T12:07:52Z;-2096;;2232
2025-09-04T12:08:30Z;;4193;2097
2025-09-04T12:08:52Z;-1764;;2429
2025-09-04T12:08:57Z;;4215;2451
2025-09-04T12:09:06Z;;4162;2398
2025-09-04T12:09:08Z;-1440;;2722
2025-09-04T12:09:10Z;;3812;2372
2025-09-04T12:09:11Z;-1190;;2622
2025-09-04T12:09:13Z;;3596;2406
2025-09-04T12:09:16Z;-1347;;2249
2025-09-04T12:09:22Z;;3667;2320
2025-09-04T12:09:23Z;-1519;;2148
2025-09-04T12:09:24Z;;3957;2438
2025-09-04T12:09:27Z;;4262;2743
2025-09-04T12:09:34Z;;4189;2670
2025-09-04T12:09:36Z;-1867;;2322
2025-09-04T12:09:39Z;-1774;;2415
2025-09-04T12:09:43Z;;3887;2113
2025-09-04T12:09:48Z;-1456;;2431
2025-09-04T12:09:50Z;;3592;2136
2025-09-04T12:09:54Z;;3635;2179
2025-09-04T12:09:57Z;-1539;;2096
2025-09-04T12:10:06Z;-1495;;2140
2025-09-04T12:10:10Z;;3584;2089
2025-09-04T12:10:16Z;-1177;;2407
2025-09-04T12:10:18Z;;3241;2064
2025-09-04T12:10:21Z;-898;;2343
2025-09-04T12:10:30Z;-907;;2334
2025-09-04T12:10:33Z;;3332;2425
2025-09-04T12:10:42Z;-1204;;2128
2025-09-04T12:10:45Z;;3607;2403
2025-09-04T12:10:49Z;-1554;;2053
2025-09-04T12:10:51Z;;3971;2417
2025-09-04T12:10:53Z;-1804;;2167
2025-09-04T12:11:04Z;-1793;;2178
2025-09-04T12:11:09Z;-1816;;2155
2025-09-04T12:11:15Z;-1788;;2183
2025-09-04T12:11:28Z;-1821;;2150
2025-09-04T12:11:38Z;-1784;;2187
2025-09-04T12:11:51Z;;3856;2072
2025-09-04T12:11:54Z;-1440;;2416
2025-09-04T12:11:56Z;;3513;2073
2025-09-04T12:12:01Z;-1176;;2337
2025-09-04T12:12:05Z;;3289;2113
2025-09-04T12:12:08Z;;3331;2155
2025-09-04T12:12:11Z;-1210;;2121
2025-09-04T12:12:16Z;-1186;;2145
2025-09-04T12:12:20Z;;3291;2105
2025-09-04T12:12:27Z;-889;;2402
2025-09-04T12:12:29Z;;2954;2065
2025-09-04T12:12:31Z;-584;;2370
2025-09-04T12:12:35Z;-608;;2346
2025-09-04T12:12:39Z;;3000;2392
2025-09-04T12:12:40Z;;2980;2372
2025-09-04T12:12:46Z;-595;;2385
2025-09-04T12:12:50Z;-625;;2355
2025-09-04T12:12:54Z;;3003;2378
2025-09-04T12:12:57Z;-931;;2072
2025-09-04T12:12:59Z;;3327;2396
2025-09-04T12:13:02Z;-1219;;2108
2025-09-04T12:13:08Z;;3622;2403
2025-09-04T12:13:24Z;-1525;;2097
2025-09-04T12:13:27Z;-1870;;1752
2025-09-04T12:13:31Z;-1770;;1852
2025-09-04T12:13:34Z;;3561;1791
2025-09-04T12:13:36Z;-1461;3263;2161
2025-09-04T12:13:37Z;;3540;1678
2025-09-04T12:13:39Z;;3620;1758
2025-09-04T12:13:40Z;-1596;;1667
2025-09-04T12:13:42Z;-1862;;1401
2025-09-04T12:13:49Z;;3890;2028
2025-09-04T12:13:50Z;;3927;2065
2025-09-04T12:13:52Z;-2118;;1809
2025-09-04T12:13:58Z;;4200;2082
2025-09-04T12:14:02Z;-2411;;1789
2025-09-04T12:14:14Z;-2398;;1802
2025-09-04T12:14:22Z;-2408;;1792
2025-09-04T12:14:24Z;-2393;;1807
2025-09-04T12:14:40Z;;4194;1801
2025-09-04T12:15:05Z;;4201;1808
2025-09-04T12:15:10Z;;4201;1808
2025-09-04T12:15:21Z;;4210;1817
2025-09-04T12:15:28Z;-2037;;2173
2025-09-04T12:15:30Z;;3856;1819
2025-09-04T12:15:31Z;-2215;;1641
2025-09-04T12:15:38Z;-1799;;2057
2025-09-04T12:15:56Z;-1816;;2040
2025-09-04T12:16:02Z;;3900;2084
2025-09-04T12:16:07Z;-2126;;1774
2025-09-04T12:16:09Z;;4200;2074
2025-09-04T12:16:12Z;;4185;2059
2025-09-04T12:16:17Z;;3873;1747
2025-09-04T12:16:18Z;;4092;1966
2025-09-04T12:16:27Z;-2097;;1995
2025-09-04T12:16:32Z;;3887;1790
2025-09-04T12:16:46Z;;3963;1866
2025-09-04T12:16:48Z;-2126;;1837
2025-09-04T12:16:55Z;;4203;2077
2025-09-04T12:17:01Z;-2404;;1799
2025-09-04T12:18:12Z;-2292;;1911
2025-09-04T12:18:15Z;-2443;;1760
2025-09-04T12:20:02Z;-2385;;1818
2025-09-04T12:20:05Z;-2401;;1802
2025-09-04T12:20:11Z;-2382;;1821
2025-09-04T12:20:15Z;-2405;;1798
2025-09-04T12:20:23Z;-2396;;1807
2025-09-04T12:20:25Z;-2407;;1796
2025-09-04T12:20:28Z;-2395;;1808
2025-09-04T12:20:31Z;-2400;;1803
2025-09-04T12:20:35Z;-2394;;1809
2025-09-04T12:20:38Z;-2403;;1800
2025-09-04T12:20:45Z;-2398;;1805
2025-09-04T12:20:48Z;-2407;;1796
2025-09-04T12:20:51Z;-2390;;1813
2025-09-04T12:20:52Z;-2405;;1798
2025-09-04T12:20:55Z;-2390;;1813
2025-09-04T12:20:57Z;-2426;;1777
2025-09-04T12:21:00Z;-2395;;1808
2025-09-04T12:21:03Z;-2405;;1798
2025-09-04T12:21:15Z;-2394;;1809
2025-09-04T12:21:18Z;-2407;;1796
2025-09-04T12:21:21Z;-2381;;1822
2025-09-04T12:21:42Z;-2415;;1788
2025-09-04T12:21:45Z;-2389;;1814
2025-09-04T12:23:39Z;-2400;;1803
2025-09-04T12:23:41Z;-2390;;1813
2025-09-04T12:23:44Z;-2448;;1755
2025-09-04T12:23:47Z;-2381;;1822
2025-09-04T12:23:50Z;-2461;;1742
2025-09-04T12:23:52Z;-2389;;1814
2025-09-04T12:23:55Z;-2400;;1803
2025-09-04T12:23:57Z;-2395;;1808
2025-09-04T12:23:59Z;-2400;;1803
2025-09-04T12:24:01Z;-2391;;1812
2025-09-04T12:24:04Z;-2400;;1803
2025-09-04T12:24:07Z;-2398;;1805
2025-09-04T12:24:10Z;-2405;;1798
2025-09-04T12:24:13Z;-2398;;1805
2025-09-04T12:24:17Z;-2417;;1786
2025-09-04T12:24:20Z;-2395;;1808
2025-09-04T12:24:23Z;-2421;;1782
2025-09-04T12:24:24Z;-2380;;1823
2025-09-04T12:24:30Z;-2455;;1748
2025-09-04T12:24:34Z;-2389;;1814
2025-09-04T12:24:37Z;-2409;;1794
2025-09-04T12:24:47Z;-2393;;1810
2025-09-04T12:24:50Z;-2406;;1797
2025-09-04T12:24:54Z;-2397;;1806
2025-09-04T12:24:57Z;-2400;;1803
2025-09-04T12:24:59Z;-2399;;1804
2025-09-04T12:25:02Z;-2405;;1798
2025-09-04T12:25:05Z;-2388;;1815
2025-09-04T12:25:07Z;-2401;;1802
2025-09-04T12:25:10Z;-2389;;1814
2025-09-04T12:25:13Z;-2401;;1802
2025-09-04T12:25:15Z;-2396;;1807
2025-09-04T12:25:18Z;-2407;;1796
2025-09-04T12:25:20Z;-2389;;1814
2025-09-04T12:25:21Z;-2402;;1801
2025-09-04T12:25:24Z;-2396;;1807
2025-09-04T12:25:26Z;-2401;;1802
2025-09-04T12:25:29Z;-2395;;1808
2025-09-04T12:25:32Z;-2403;;1800
2025-09-04T12:25:34Z;-2399;;1804
2025-09-04T12:25:37Z;-2400;;1803
2025-09-04T12:25:40Z;-2386;;1817
2025-09-04T12:25:42Z;-2416;;1787
2025-09-04T12:25:45Z;-2380;;1823
2025-09-04T12:25:48Z;-2408;;1795
2025-09-04T12:25:50Z;-2397;;1806
2025-09-04T12:25:53Z;-2401;;1802
2025-09-04T12:25:55Z;-2391;;1812
2025-09-04T12:26:09Z;-2443;;1760
2025-09-04T12:26:38Z;-2701;;1502
2025-09-04T12:26:41Z;-2671;;1532
2025-09-04T12:26:42Z;-2737;;1466
2025-09-04T12:26:45Z;-2673;;1530
2025-09-04T12:29:58Z;-2729;;1474
2025-09-04T12:30:00Z;-2677;;1526
2025-09-04T12:30:01Z;-2740;;1463
2025-09-04T12:30:03Z;-2664;;1539
2025-09-04T12:30:10Z;;4288;1624
2025-09-04T12:30:18Z;-2705;;1583
2025-09-04T12:30:20Z;-2662;;1626
2025-09-04T12:30:29Z;-2662;;1626
2025-09-04T12:30:35Z;-2705;;1583
2025-09-04T12:30:37Z;-2669;;1619
2025-09-04T12:30:43Z;-2705;;1583
2025-09-04T12:30:47Z;-2699;;1589
2025-09-04T12:30:49Z;-2700;;1588
2025-09-04T12:30:51Z;-2689;;1599
2025-09-04T12:30:53Z;-2716;;1572
2025-09-04T12:30:57Z;-2691;;1597
2025-09-04T12:30:59Z;-2712;;1576
2025-09-04T12:31:01Z;-2687;;1601
2025-09-04T12:31:03Z;-2714;;1574
2025-09-04T12:31:05Z;-2684;;1604
2025-09-04T12:31:06Z;-2713;;1575
2025-09-04T12:31:08Z;-2698;;1590
2025-09-04T12:31:10Z;-2714;;1574
2025-09-04T12:31:12Z;-2681;;1607
2025-09-04T12:31:14Z;-2705;;1583
2025-09-04T12:31:17Z;-2699;;1589
2025-09-04T12:31:19Z;-2700;;1588
2025-09-04T12:31:21Z;-2692;;1596
2025-09-04T12:31:23Z;-2700;;1588
2025-09-04T12:31:25Z;-2690;;1598
2025-09-04T12:31:26Z;-2703;;1585
2025-09-04T12:31:28Z;-2699;;1589
2025-09-04T12:31:37Z;-2702;;1586
2025-09-04T12:31:44Z;-2699;;1589
2025-09-04T12:31:46Z;-2713;;1575
2025-09-04T12:31:48Z;-2692;;1596
2025-09-04T12:31:50Z;-2723;;1565
2025-09-04T12:32:39Z;-2690;;1598
2025-09-04T12:33:38Z;-2272;;2016
2025-09-04T12:33:39Z;;4035;1763
2025-09-04T12:33:40Z;-2455;4318;1580
2025-09-04T12:34:42Z;-2257;;2061
2025-09-04T12:34:44Z;-2452;;1866
2025-09-04T12:35:23Z;-2393;;1925
2025-09-04T12:36:24Z;;4195;1802
2025-09-04T12:36:32Z;;4210;1817
2025-09-04T12:42:29Z;-2572;;1638
2025-09-04T12:43:01Z;;4196;1624
2025-09-04T12:43:07Z;;4208;1636
2025-09-04T12:44:11Z;;4088;1516
2025-09-04T12:44:12Z;;4240;1668
2025-09-04T12:44:34Z;;4077;1505
2025-09-04T12:44:35Z;;4243;1671
2025-09-04T12:45:10Z;;4212;1640
2025-09-04T12:45:12Z;;4045;1473
2025-09-04T12:45:13Z;;4212;1640
2025-09-04T12:45:29Z;-2609;;1603
2025-09-04T12:46:05Z;;4193;1584
2025-09-04T12:48:45Z;-2390;;1803
2025-09-04T12:48:47Z;-2523;;1670
2025-09-04T12:49:25Z;-2195;;1998
2025-09-04T12:49:35Z;-2517;;1676
2025-09-04T12:50:16Z;;4205;1688
2025-09-04T12:50:48Z;-2261;;1944
2025-09-04T12:50:54Z;;4198;1937
2025-09-04T12:50:55Z;;4201;1940
2025-09-04T12:51:01Z;;4199;1938
2025-09-04T12:52:09Z;;4203;1942
2025-09-04T12:52:38Z;;4198;1937
2025-09-04T12:52:40Z;;4202;1941
2025-09-04T12:52:44Z;;4198;1937
2025-09-04T12:52:46Z;;4201;1940
2025-09-04T12:52:49Z;;4198;1937
2025-09-04T12:54:29Z;-2017;;2181
2025-09-04T12:54:31Z;-2201;;1997
2025-09-04T12:55:03Z;-2485;;1713
2025-09-04T12:55:16Z;-2298;;1900
2025-09-04T12:55:18Z;-2497;;1701
2025-09-04T12:55:40Z;-2357;;1841
2025-09-04T12:55:46Z;-2421;;1777
2025-09-04T12:58:52Z;;3767;1346
2025-09-04T12:58:53Z;;3975;1554
2025-09-04T12:59:02Z;-2391;;1584
2025-09-04T12:59:09Z;;3898;1507
2025-09-04T12:59:13Z;;3900;1509
2025-09-04T12:59:19Z;-2401;;1499
2025-09-04T12:59:31Z;-2347;;1553
2025-09-04T12:59:33Z;-2518;;1382
2025-09-04T13:00:10Z;;4135;1617
2025-09-04T13:00:30Z;-2569;;1566
2025-09-04T13:00:40Z;-2807;;1328
2025-09-04T13:01:59Z;;3867;1060
2025-09-04T13:02:00Z;;4041;1234
2025-09-04T13:02:06Z;-2581;3998;1191
2025-09-04T13:02:08Z;-2701;;1297
2025-09-04T13:02:12Z;-2691;;1307
2025-09-04T13:02:29Z;-2703;;1295
2025-09-04T13:02:33Z;-2691;;1307
2025-09-04T13:02:37Z;-2717;;1281
2025-09-04T13:02:43Z;-2699;;1299
2025-09-04T13:02:45Z;-2703;;1295
2025-09-04T13:02:49Z;-2697;;1301
2025-09-04T13:02:51Z;-2709;;1289
2025-09-04T13:02:53Z;-2698;;1300
2025-09-04T13:02:55Z;-2701;;1297
2025-09-04T13:02:58Z;-2678;;1320
2025-09-04T13:03:21Z;-2700;;1298
2025-09-04T13:03:23Z;-2691;;1307
2025-09-04T13:03:32Z;-2700;;1298
2025-09-04T13:03:35Z;-2685;;1313
2025-09-04T13:03:38Z;-2702;;1296
2025-09-04T13:03:40Z;-2694;;1304
2025-09-04T13:03:42Z;-2703;;1295
2025-09-04T13:03:44Z;-2684;;1314
2025-09-04T13:03:46Z;-2700;;1298
2025-09-04T13:03:48Z;-2696;;1302
2025-09-04T13:03:51Z;-2705;;1293
2025-09-04T13:03:53Z;-2696;;1302
2025-09-04T13:03:56Z;-2707;;1291
2025-09-04T13:03:58Z;-2693;;1305
2025-09-04T13:04:01Z;-2703;;1295
2025-09-04T13:04:03Z;-2695;;1303
2025-09-04T13:04:13Z;-2704;;1294
2025-09-04T13:04:16Z;-2684;;1314
2025-09-04T13:04:19Z;-2700;;1298
2025-09-04T13:04:26Z;-2696;;1302
2025-09-04T13:05:33Z;-2700;;1298
2025-09-04T13:05:35Z;-2694;;1304
2025-09-04T13:05:38Z;-2702;;1296
2025-09-04T13:05:41Z;-2693;;1305
2025-09-04T13:05:43Z;-2702;;1296
2025-09-04T13:05:45Z;-2681;;1317
2025-09-04T13:05:49Z;-2703;;1295
2025-09-04T13:05:51Z;-2686;;1312
2025-09-04T13:05:54Z;-2712;;1286
2025-09-04T13:05:56Z;-2697;;1301
2025-09-04T13:05:59Z;-2720;;1278
2025-09-04T13:07:24Z;-2530;;1468
2025-09-04T13:08:35Z;-2337;;1661
2025-09-04T13:08:38Z;-2572;;1426
2025-09-04T13:08:54Z;-2378;;1620
2025-09-04T13:08:55Z;;3835;1457
2025-09-04T13:08:57Z;-1972;3479;1863
2025-09-04T13:08:59Z;-1778;;1701
2025-09-04T13:09:02Z;-1458;;2021
2025-09-04T13:09:03Z;;3327;1869
2025-09-04T13:09:04Z;-1538;;1789
2025-09-04T13:09:06Z;-1864;;1463
2025-09-04T13:09:08Z;-2121;3606;1742
2025-09-04T13:09:14Z;-1889;;1717
2025-09-04T13:09:22Z;;3559;1670
2025-09-04T13:09:23Z;-1793;;1766
2025-09-04T13:09:24Z;;3697;1904
2025-09-04T13:09:26Z;-1805;;1892
2025-09-04T13:09:32Z;-1748;3578;1949
2025-09-04T13:09:35Z;;3625;1877
2025-09-04T13:09:37Z;-1836;;1789
2025-09-04T13:09:42Z;-1794;;1831
2025-09-04T13:09:43Z;;3596;1802
2025-09-04T13:09:55Z;;3623;1829
2025-09-04T13:09:57Z;-1815;;1808
2025-09-04T13:10:01Z;-1783;;1840
2025-09-04T13:10:03Z;;3581;1798
2025-09-04T13:10:10Z;;3622;1839
2025-09-04T13:10:12Z;-1821;;1801
2025-09-04T13:10:25Z;-1734;;1888
2025-09-04T13:10:31Z;-1854;;1768
2025-09-04T13:10:40Z;;3950;2096
2025-09-04T13:10:42Z;-2129;;1821
2025-09-04T13:10:46Z;-2095;;1855
2025-09-04T13:10:57Z;;3897;1802
2025-09-04T13:11:03Z;-1767;;2130
2025-09-04T13:11:06Z;;3594;1827
2025-09-04T13:11:10Z;;3600;1833
2025-09-04T13:11:37Z;-1800;;1800
2025-09-04T13:11:48Z;-1799;;1801
2025-09-04T13:11:53Z;;3589;1790
2025-09-04T13:12:12Z;-1497;;2092
2025-09-04T13:12:16Z;-1501;;2088
2025-09-04T13:12:23Z;-1486;;2103
2025-09-04T13:12:27Z;;3265;1779
2025-09-04T13:12:38Z;-1169;;2096
2025-09-04T13:12:59Z;-1202;;2063
2025-09-04T13:13:04Z;;3326;2124
2025-09-04T13:13:11Z;;3263;2061
2025-09-04T13:13:18Z;-1114;2976;1862
2025-09-04T13:13:21Z;-837;;2139
2025-09-04T13:13:22Z;;2646;1809
2025-09-04T13:13:26Z;-592;;2054
2025-09-04T13:13:29Z;;2390;1798
2025-09-04T13:13:48Z;;2400;1808
2025-09-04T13:13:52Z;-619;;1781
2025-09-04T13:13:56Z;;2746;2127
2025-09-04T13:13:57Z;-901;;1845
2025-09-04T13:13:59Z;;3027;2126
2025-09-04T13:14:00Z;-1203;;1824
2025-09-04T13:14:01Z;;3304;2101
2025-09-04T13:14:03Z;-1618;;1686
2025-09-04T13:14:04Z;;3696;2078
2025-09-04T13:14:05Z;-1838;;1858
2025-09-04T13:14:07Z;;3928;2090
2025-09-04T13:14:16Z;;3892;2054
2025-09-04T13:14:46Z;-1795;;2097
2025-09-04T13:14:59Z;;3579;1784
2025-09-04T13:15:10Z;;3492;1697
2025-09-04T13:15:12Z;;3603;1808
2025-09-04T13:15:15Z;-1811;;1792
2025-09-04T13:15:28Z;;3901;2090
2025-09-04T13:15:29Z;-1955;;1946
2025-09-04T13:15:45Z;-2102;;1799
2025-09-04T13:16:51Z;-2085;;1816
2025-09-04T13:16:53Z;-2104;;1797
2025-09-04T13:16:55Z;-2092;;1809
2025-09-04T13:17:04Z;;3883;1791
2025-09-04T13:17:10Z;-1796;;2087
2025-09-04T13:17:13Z;-1806;;2077
2025-09-04T13:17:21Z;;3904;2098
2025-09-04T13:17:25Z;;3853;2047
2025-09-04T13:17:26Z;;3911;2105
2025-09-04T13:17:27Z;;3899;2093
2025-09-04T13:17:41Z;-1793;;2106
2025-09-04T13:17:51Z;;3591;1798
2025-09-04T13:17:55Z;-1466;;2125
2025-09-04T13:17:56Z;;3248;1782
2025-09-04T13:17:59Z;-1184;;2064
2025-09-04T13:18:03Z;;2996;1812
2025-09-04T13:18:09Z;;3018;1834
2025-09-04T13:18:12Z;-1224;;1794
2025-09-04T13:18:17Z;-1198;;1820
2025-09-04T13:18:21Z;;2982;1784
2025-09-04T13:18:26Z;-863;;2119
2025-09-04T13:18:27Z;;2695;1832
2025-09-04T13:18:34Z;;2705;1842
2025-09-04T13:18:40Z;;2699;1836
2025-09-04T13:18:42Z;;2701;1838
2025-09-04T13:18:43Z;;2697;1834
2025-09-04T13:18:44Z;;2701;1838
2025-09-04T13:18:51Z;;2695;1832
2025-09-04T13:18:58Z;-565;;2130
2025-09-04T13:19:00Z;;2373;1808
2025-09-04T13:19:23Z;-291;;2082
2025-09-04T13:19:25Z;;2076;1785
2025-09-04T13:19:34Z;44;;2120
2025-09-04T13:19:36Z;;1790;1834
2025-09-04T13:19:45Z;301;;2091
2025-09-04T13:20:03Z;;1499;1800
2025-09-04T13:20:04Z;;1510;1811
2025-09-04T13:20:09Z;297;;1807
2025-09-04T13:20:19Z;306;;1816
2025-09-04T13:20:21Z;295;;1805
2025-09-04T13:20:23Z;301;;1811
2025-09-04T13:20:25Z;290;;1800
2025-09-04T13:20:45Z;303;;1813
2025-09-04T13:20:47Z;291;;1801
2025-09-04T13:20:49Z;308;;1818
2025-09-04T13:20:51Z;281;;1791
2025-09-04T13:20:56Z;302;;1812
2025-09-04T13:20:58Z;279;;1789
2025-09-04T13:21:00Z;309;;1819
2025-09-04T13:21:10Z;284;;1794
2025-09-04T13:21:19Z;;1821;2105
2025-09-04T13:21:21Z;-27;;1794
2025-09-04T13:21:30Z;18;;1839
2025-09-04T13:21:43Z;-6;;1815
2025-09-04T13:21:49Z;;2114;2108
2025-09-04T13:21:51Z;-300;;1814
2025-09-04T13:21:57Z;;2400;2100
2025-09-04T13:22:00Z;;2392;2092
2025-09-04T13:22:05Z;-298;;2094
2025-09-04T13:22:07Z;-324;;2068
2025-09-04T13:22:09Z;-295;;2097
2025-09-04T13:22:20Z;-305;;2087
2025-09-04T13:22:48Z;;2405;2100
2025-09-04T13:22:50Z;-633;;1772
2025-09-04T13:23:11Z;;2723;2090
2025-09-04T13:23:12Z;-952;;1771
2025-09-04T13:23:20Z;;3007;2055
2025-09-04T13:23:21Z;-1219;;1788
2025-09-04T13:23:39Z;;3305;2086
2025-09-04T13:23:40Z;-1503;;1504
2025-09-04T13:24:02Z;;3611;2108
2025-09-04T13:24:03Z;-1817;;1794
2025-09-04T13:24:16Z;;3902;2085
2025-09-04T13:24:20Z;-2100;;1802
2025-09-04T13:24:26Z;-2078;;1824
2025-09-04T13:24:29Z;;3874;1796
2025-09-04T13:24:34Z;-1763;3563;2111
2025-09-04T13:24:37Z;;3612;1849
2025-09-04T13:24:39Z;-1814;;1798
2025-09-04T13:24:41Z;-1787;;1825
2025-09-04T13:24:43Z;-1813;;1799
2025-09-04T13:24:44Z;-1491;;2121
2025-09-04T13:24:55Z;-1517;;2095
2025-09-04T13:24:58Z;-1479;;2133
2025-09-04T13:24:59Z;;3592;2113
2025-09-04T13:25:04Z;-1190;;2402
2025-09-04T13:25:06Z;;3276;2086
2025-09-04T13:25:19Z;-1341;;1935
2025-09-04T13:25:24Z;-1169;2987;2107
2025-09-04T13:25:31Z;;3026;1857
2025-09-04T13:25:38Z;-1370;;1656
2025-09-04T13:25:40Z;;3302;1932
2025-09-04T13:25:42Z;-1541;;1761
2025-09-04T13:25:52Z;;3607;2066
2025-09-04T13:25:57Z;;3592;2051
2025-09-04T13:26:02Z;;3607;2066
2025-09-04T13:26:04Z;-1809;;1798
2025-09-04T13:26:14Z;;3927;2118
2025-09-04T13:26:17Z;-2127;;1800
2025-09-04T13:26:46Z;;4200;2073
2025-09-04T13:26:51Z;;4198;2071
2025-09-04T13:27:06Z;-2097;;2101
2025-09-04T13:27:10Z;;3890;1793
2025-09-04T13:27:18Z;-1785;;2105
2025-09-04T13:27:20Z;-1843;;2047
2025-09-04T13:27:56Z;;3584;1741
2025-09-04T13:27:57Z;;3751;1908
2025-09-04T13:28:04Z;-2248;;1503
2025-09-04T13:28:11Z;-2065;;1686
2025-09-04T13:28:13Z;;3576;1511
2025-09-04T13:28:24Z;-1770;;1806
2025-09-04T13:28:26Z;;3295;1525
2025-09-04T13:28:35Z;;3310;1540
2025-09-04T13:28:47Z;-1812;;1498
2025-09-04T13:28:54Z;;3613;1801
2025-09-04T13:29:03Z;-2109;;1504
2025-09-04T13:29:28Z;-2090;;1523
2025-09-04T13:29:34Z;;3586;1496
2025-09-04T13:29:54Z;-1797;;1789
2025-09-04T13:29:57Z;-1801;;1785
2025-09-04T13:29:59Z;-1796;;1790
2025-09-04T13:30:01Z;-1813;;1773
2025-09-04T13:30:02Z;-1797;;1789
2025-09-04T13:30:04Z;-1810;;1776
2025-09-04T13:30:06Z;-1797;;1789
2025-09-04T13:30:10Z;;3393;1596
2025-09-04T13:30:11Z;-1815;;1578
2025-09-04T13:30:29Z;-1817;;1576
2025-09-04T13:30:48Z;;3602;1785
2025-09-04T13:31:02Z;;3513;1696
2025-09-04T13:31:03Z;;3656;1839
2025-09-04T13:31:08Z;-2111;;1545
2025-09-04T13:31:26Z;-2095;3596;1561
2025-09-04T13:31:27Z;;3712;1617
2025-09-04T13:31:41Z;;3924;1829
2025-09-04T13:31:45Z;-2402;;1522
2025-09-04T13:31:55Z;-2371;;1553
2025-09-04T13:32:05Z;;3727;1356
2025-09-04T13:32:06Z;;3949;1578
2025-09-04T13:32:09Z;;3687;1316
2025-09-04T13:32:33Z;-1986;;1701
2025-09-04T13:32:35Z;-2104;;1583
2025-09-04T13:32:37Z;-2079;;1608
2025-09-04T13:32:47Z;-2106;;1581
2025-09-04T13:32:54Z;;3915;1809
2025-09-04T13:33:26Z;;3891;1785
2025-09-04T13:34:05Z;-2085;;1806
2025-09-04T13:34:07Z;-2103;;1788
2025-09-04T13:34:10Z;-2099;;1792
2025-09-04T13:34:12Z;-2106;;1785
2025-09-04T13:34:14Z;-2072;;1819
2025-09-04T13:34:18Z;;3592;1520
2025-09-04T13:34:24Z;-1533;;2059
2025-09-04T13:34:26Z;-1473;;2119
2025-09-04T13:34:36Z;-1529;;2063
2025-09-04T13:34:42Z;-1418;;2174
2025-09-04T13:34:47Z;;3602;2184
2025-09-04T13:34:51Z;-1519;;2083
2025-09-04T13:34:58Z;-1483;;2119
2025-09-04T13:35:04Z;-1507;;2095
2025-09-04T13:35:07Z;-1484;;2118
2025-09-04T13:35:15Z;-1724;3591;1878
2025-09-04T13:35:29Z;-1427;;2164
2025-09-04T13:35:32Z;;3604;2177
2025-09-04T13:35:34Z;-1521;;2083
2025-09-04T13:35:53Z;-1492;;2112
2025-09-04T13:35:54Z;;3577;2085
2025-09-04T13:36:27Z;;3177;1685
2025-09-04T13:36:28Z;-1185;;1992
2025-09-04T13:36:57Z;-1320;;1857
2025-09-04T13:37:03Z;-1183;;1994
2025-09-04T13:37:07Z;-1216;;1961
2025-09-04T13:37:10Z;-1154;;2023
2025-09-04T13:37:12Z;-1203;;1974
2025-09-04T13:37:16Z;-1192;;1985
2025-09-04T13:37:42Z;-1209;;1968
2025-09-04T13:37:44Z;;3303;2094
2025-09-04T13:38:02Z;-1533;;1770
2025-09-04T13:38:13Z;;3618;2085
2025-09-04T13:38:15Z;-1813;;1805
2025-09-04T13:39:01Z;-2354;;1264
2025-09-04T13:39:02Z;;3903;1549
2025-09-04T13:39:11Z;-2405;;1498
2025-09-04T13:39:13Z;-2399;;1504
2025-09-04T13:39:15Z;-2406;;1497
2025-09-04T13:39:16Z;-2399;;1504
2025-09-04T13:39:18Z;-2410;;1493
2025-09-04T13:39:20Z;-2389;;1514
2025-09-04T13:39:24Z;-2420;;1483
2025-09-04T13:40:04Z;;3843;1423
2025-09-04T13:40:05Z;;3976;1556
2025-09-04T13:40:45Z;-2381;;1595
2025-09-04T13:40:47Z;-2428;;1548
2025-09-04T13:41:06Z;-2398;;1578
2025-09-04T13:41:08Z;-2413;;1563
2025-09-04T13:41:15Z;-2390;;1586
2025-09-04T13:41:54Z;;3899;1509
2025-09-04T13:41:56Z;;3901;1511
2025-09-04T13:41:57Z;;3899;1509
2025-09-04T13:43:30Z;-2095;;1804
2025-09-04T13:43:32Z;-2102;;1797
2025-09-04T13:43:34Z;-2099;;1800
2025-09-04T13:43:35Z;;3597;1498
2025-09-04T13:43:44Z;;3602;1503
2025-09-04T13:43:46Z;-2102;;1500
2025-09-04T13:43:51Z;-2099;;1503
2025-09-04T13:43:52Z;;3599;1500
2025-09-04T13:44:01Z;-1792;3290;1807
2025-09-04T13:44:17Z;-1484;2972;1806
2025-09-04T13:44:57Z;;3015;1531
2025-09-04T13:44:59Z;-1535;;1480
2025-09-04T13:45:06Z;-1490;2992;1502
2025-09-04T13:45:10Z;;3024;1534
2025-09-04T13:45:24Z;;3032;1542
2025-09-04T13:45:27Z;-1525;;1507
2025-09-04T13:45:29Z;;2987;1462
2025-09-04T13:45:30Z;-1481;;1506
2025-09-04T13:45:33Z;-1498;;1489
2025-09-04T13:45:35Z;-1174;2685;1813
2025-09-04T13:45:39Z;;2704;1530
2025-09-04T13:45:40Z;-1218;;1486
2025-09-04T13:45:56Z;;3039;1821
2025-09-04T13:45:57Z;-1513;;1526
2025-09-04T13:46:01Z;;3318;1805
2025-09-04T13:46:03Z;-1823;;1495
2025-09-04T13:46:14Z;;3609;1786
2025-09-04T13:46:17Z;;3693;1870
2025-09-04T13:49:17Z;-2079;3582;1503
2025-09-04T13:49:26Z;;3624;1545
2025-09-04T13:49:28Z;-2112;;1512
2025-09-04T13:50:14Z;;3594;1482
2025-09-04T13:50:15Z;;3748;1636
2025-09-04T13:50:38Z;-2091;;1657
2025-09-04T13:50:41Z;-2244;;1504
2025-09-04T13:53:32Z;-2081;;1667
2025-09-04T13:53:37Z;;3615;1534
2025-09-04T13:53:38Z;-2108;;1507
2025-09-04T13:54:23Z;;3594;1486
2025-09-04T13:54:27Z;-2094;;1500
2025-09-04T13:54:39Z;;3291;1197
2025-09-04T13:54:47Z;-1776;;1515
2025-09-04T13:54:57Z;-1801;;1490
2025-09-04T13:54:59Z;-1793;;1498
2025-09-04T13:55:08Z;-1811;;1480
2025-09-04T13:55:10Z;;3328;1517
2025-09-04T13:55:12Z;-1769;3163;1559
2025-09-04T13:55:13Z;;3304;1535
2025-09-04T13:55:14Z;-1881;3258;1423
2025-09-04T13:55:18Z;;3313;1432
2025-09-04T13:55:24Z;;3271;1390
2025-09-04T13:55:26Z;-1796;;1475
2025-09-04T13:55:34Z;-1800;;1471
2025-09-04T13:55:35Z;;3361;1561
2025-09-04T13:55:39Z;-2107;;1254
2025-09-04T13:55:53Z;;3601;1494
2025-09-04T13:55:58Z;;3465;1358
2025-09-04T13:55:59Z;;3604;1497
2025-09-04T13:56:00Z;;3587;1480
2025-09-04T13:56:03Z;-2063;;1524
2025-09-04T13:56:12Z;-2110;;1477
2025-09-04T13:56:15Z;;3614;1504
2025-09-04T13:56:38Z;-2093;3503;1410
2025-09-04T13:56:41Z;-2169;;1334
2025-09-04T13:57:00Z;;3599;1430
2025-09-04T13:57:10Z;;3610;1441
2025-09-04T13:57:13Z;-2414;;1196
2025-09-04T13:58:04Z;-2397;;1213
2025-09-04T13:58:06Z;-2418;;1192
2025-09-04T13:58:13Z;-2396;;1214
2025-09-04T13:58:15Z;-2413;;1197
2025-09-04T13:58:24Z;-2391;;1219
2025-09-04T13:58:26Z;-2408;;1202
2025-09-04T13:58:28Z;-2393;;1217
2025-09-04T13:58:30Z;-2401;;1209
2025-09-04T13:58:32Z;-2395;;1215
2025-09-04T13:58:34Z;-2404;;1206
2025-09-04T13:58:36Z;-2394;;1216
2025-09-04T13:58:48Z;;3442;1048
2025-09-04T13:58:50Z;;3600;1206
2025-09-04T13:58:51Z;;3588;1194
2025-09-04T14:00:10Z;;3558;1164
2025-09-04T14:00:29Z;-2336;;1222
2025-09-04T14:03:54Z;850;;4408
2025-09-04T14:03:56Z;-2046;;1512
2025-09-04T14:06:26Z;-1786;;1772
2025-09-04T14:06:28Z;-1937;;1621
2025-09-04T14:07:35Z;-1786;;1772
2025-09-04T14:07:37Z;-1896;;1662
2025-09-04T14:08:32Z;-1770;3255;1788
2025-09-04T14:08:33Z;;3351;1581
2025-09-04T14:08:35Z;-1899;;1452
2025-09-04T14:09:17Z;-1716;;1635
2025-09-04T14:09:19Z;-1878;;1473
2025-09-04T14:10:11Z;;3241;1363
2025-09-04T14:10:12Z;;3326;1448
2025-09-04T14:12:32Z;;3296;1418
2025-09-04T14:12:35Z;;3300;1422
2025-09-04T14:12:38Z;;3297;1419
2025-09-04T14:12:39Z;;3308;1430
2025-09-04T14:12:40Z;;3292;1414
2025-09-04T14:13:35Z;-1711;;1581
2025-09-04T14:13:37Z;-1851;;1441
2025-09-04T14:13:51Z;-1791;;1501
2025-09-04T14:13:53Z;-1825;;1467
2025-09-04T14:13:55Z;-1792;;1500
2025-09-04T14:15:10Z;;3257;1465
2025-09-04T14:15:29Z;-1766;;1491
2025-09-04T14:17:50Z;-1446;;1811
2025-09-04T14:17:52Z;-1723;;1534
2025-09-04T14:19:44Z;;2991;1268
2025-09-04T14:19:45Z;;3175;1452
2025-09-04T14:26:42Z;-1834;;1341
2025-09-04T14:27:31Z;-1796;2996;1379
2025-09-04T14:27:32Z;;3078;1282
2025-09-04T14:27:33Z;-1810;;1268
2025-09-04T14:27:35Z;-1793;;1285
2025-09-04T14:27:37Z;-1810;;1268
2025-09-04T14:27:39Z;-1759;;1319
2025-09-04T14:27:41Z;-1808;;1270
2025-09-04T14:27:42Z;-1797;;1281
2025-09-04T14:27:44Z;-1817;;1261
2025-09-04T14:27:46Z;-1774;;1304
2025-09-04T14:27:48Z;-1802;;1276
2025-09-04T14:27:50Z;-1792;;1286
2025-09-04T14:27:51Z;-1806;;1272
2025-09-04T14:27:53Z;-1789;;1289
2025-09-04T14:27:55Z;-1804;;1274
2025-09-04T14:27:57Z;-1789;;1289
2025-09-04T14:30:10Z;;3033;1244
2025-09-04T14:30:20Z;;2957;1168
2025-09-04T14:30:21Z;;3032;1243
2025-09-04T14:30:29Z;-1761;;1271
2025-09-04T14:30:51Z;;2999;1238
2025-09-04T14:30:52Z;;3023;1262
2025-09-04T14:30:53Z;;2993;1232
2025-09-04T14:30:54Z;;3020;1259
2025-09-04T14:30:59Z;;3024;1263
2025-09-04T14:31:46Z;;2999;1238
2025-09-04T14:31:47Z;;3008;1247
2025-09-04T14:31:57Z;;2999;1238
2025-09-04T14:31:59Z;;3003;1242
2025-09-04T14:32:09Z;;2995;1234
2025-09-04T14:32:11Z;;3001;1240
2025-09-04T14:32:16Z;;2999;1238
2025-09-04T14:32:17Z;;3002;1241
2025-09-04T14:32:21Z;;2993;1232
2025-09-04T14:32:24Z;;3003;1242
2025-09-04T14:32:27Z;;2998;1237
2025-09-04T14:32:29Z;;3000;1239
2025-09-04T14:32:33Z;;2991;1230
2025-09-04T14:32:37Z;;3000;1239
2025-09-04T14:32:38Z;;2999;1238
2025-09-04T14:33:28Z;-1493;;1506
2025-09-04T14:33:30Z;-1500;;1499
2025-09-04T14:33:32Z;-1498;;1501
2025-09-04T14:37:33Z;;2144;646
2025-09-04T14:37:34Z;;2895;1397
2025-09-04T14:39:19Z;;2698;1200
2025-09-04T14:39:20Z;;2862;1364
2025-09-04T14:45:10Z;;2746;1248
2025-09-04T14:45:30Z;-1366;;1380
2025-09-04T14:46:03Z;-1648;;1098
2025-09-04T14:47:05Z;-1345;;1401
2025-09-04T14:47:22Z;;2614;1269
2025-09-04T14:47:23Z;;2713;1368
2025-09-04T14:47:37Z;;2690;1345
2025-09-04T14:47:40Z;;2705;1360
2025-09-04T14:47:42Z;;2697;1352
2025-09-04T14:47:44Z;;2708;1363
2025-09-04T14:47:46Z;;2698;1353
2025-09-04T14:47:48Z;;2710;1365
2025-09-04T14:47:58Z;;2692;1347
2025-09-04T14:48:00Z;;2705;1360
2025-09-04T14:48:10Z;;2688;1343
2025-09-04T14:48:13Z;;2701;1356
2025-09-04T14:48:15Z;;2699;1354
2025-09-04T14:48:17Z;;2701;1356
2025-09-04T14:48:18Z;;2698;1353
2025-09-04T14:51:45Z;-1195;;1503
2025-09-04T14:51:47Z;-1204;;1494
2025-09-04T14:51:50Z;-1197;;1501
2025-09-04T14:51:52Z;-1203;;1495
2025-09-04T14:51:54Z;-1169;;1529
2025-09-04T14:51:56Z;-1203;;1495
2025-09-04T14:51:57Z;-1198;;1500
2025-09-04T14:52:00Z;-1210;;1488
2025-09-04T14:52:05Z;-1186;;1512
2025-09-04T14:52:07Z;-1201;;1497
2025-09-04T14:52:09Z;-1097;;1601
2025-09-04T14:52:12Z;-1209;;1489
2025-09-04T14:52:14Z;-1199;;1499
2025-09-04T14:52:16Z;-1201;;1497
2025-09-04T14:52:18Z;-1191;;1507
2025-09-04T14:52:20Z;-1254;;1444
2025-09-04T14:52:22Z;-1193;;1505
2025-09-04T14:52:26Z;-1200;;1498
2025-09-04T14:52:28Z;-1198;;1500
2025-09-04T14:52:36Z;-1213;;1485
2025-09-04T14:52:38Z;-1186;;1512
2025-09-04T14:52:40Z;-1226;;1472
2025-09-04T14:52:42Z;-1188;;1510
2025-09-04T14:52:44Z;-1223;;1475
2025-09-04T14:52:46Z;-1189;;1509
2025-09-04T14:52:48Z;-1203;;1495
2025-09-04T14:52:50Z;-1196;;1502
2025-09-04T14:52:52Z;-1218;;1480
2025-09-04T14:52:53Z;-1195;;1503
2025-09-04T14:52:55Z;-1226;;1472
2025-09-04T14:52:57Z;-1172;;1526
2025-09-04T14:52:59Z;-1220;;1478
2025-09-04T14:53:00Z;-1187;;1511
2025-09-04T14:53:02Z;-1200;;1498
2025-09-04T14:53:03Z;-1199;;1499
2025-09-04T14:53:05Z;-1215;;1483
2025-09-04T14:53:07Z;-1176;;1522
2025-09-04T14:53:09Z;-1212;;1486
2025-09-04T14:53:10Z;-1178;;1520
2025-09-04T14:53:12Z;-1203;;1495
2025-09-04T14:53:14Z;-1172;;1526
2025-09-04T14:56:18Z;-1361;;1337
2025-09-04T14:57:40Z;-947;;1751
2025-09-04T14:57:42Z;-1311;;1387
2025-09-04T14:57:43Z;;1997;686
2025-09-04T14:57:44Z;-855;2534;1142
2025-09-04T14:57:46Z;-1030;;1504
2025-09-04T14:57:48Z;-1263;;1271
2025-09-04T14:59:18Z;-1179;;1355
2025-09-04T14:59:20Z;-1215;;1319
2025-09-04T14:59:26Z;-1198;;1336
2025-09-04T14:59:28Z;-1222;;1312
2025-09-04T14:59:44Z;-1195;;1339
2025-09-04T14:59:46Z;-1206;;1328
2025-09-04T14:59:56Z;-1197;;1337
2025-09-04T14:59:58Z;-1206;;1328
2025-09-04T15:00:05Z;-1185;;1349
2025-09-04T15:00:07Z;-1206;;1328
2025-09-04T15:00:09Z;-1194;;1340
2025-09-04T15:00:10Z;;2475;1281
2025-09-04T15:00:11Z;-1205;;1270
2025-09-04T15:00:13Z;-1196;;1279
2025-09-04T15:00:14Z;-1207;;1268
2025-09-04T15:00:18Z;-1199;;1276
2025-09-04T15:00:23Z;-1203;;1272
2025-09-04T15:00:25Z;-1193;;1282
2025-09-04T15:00:28Z;-1203;;1272
2025-09-04T15:00:31Z;-1201;;1274
2025-09-04T15:00:32Z;-1183;;1292
2025-09-04T15:00:39Z;-1201;;1274
2025-09-04T15:00:41Z;-1195;;1280
2025-09-04T15:01:54Z;-1207;;1268
2025-09-04T15:01:56Z;-1185;;1290
2025-09-04T15:03:06Z;-891;;1584
2025-09-04T15:03:08Z;-909;;1566
2025-09-04T15:03:10Z;-876;;1599
2025-09-04T15:03:15Z;-905;;1570
2025-09-04T15:03:17Z;-897;;1578
2025-09-04T15:03:18Z;;2319;1422
2025-09-04T15:03:21Z;;2401;1504
2025-09-04T15:03:28Z;-900;;1501
2025-09-04T15:03:30Z;-882;;1519
2025-09-04T15:03:31Z;;2386;1504
2025-09-04T15:03:43Z;;2395;1513
2025-09-04T15:03:45Z;;2400;1518
2025-09-04T15:03:50Z;;2205;1323
2025-09-04T15:04:04Z;;2401;1519
2025-09-04T15:04:07Z;;2391;1509
2025-09-04T15:04:10Z;;2403;1521
2025-09-04T15:04:19Z;;2389;1507
2025-09-04T15:04:22Z;;2402;1520
2025-09-04T15:04:26Z;;2399;1517
2025-09-04T15:07:46Z;;1815;933
2025-09-04T15:07:47Z;;2304;1422
2025-09-04T15:07:48Z;;2051;1169
2025-09-04T15:07:49Z;;2321;1439
2025-09-04T15:07:52Z;;1814;932
2025-09-04T15:07:53Z;;2309;1427
2025-09-04T15:07:54Z;;1218;336
2025-09-04T15:07:55Z;;2328;1446
2025-09-04T15:10:16Z;-1075;;1253
2025-09-04T15:15:07Z;-867;2049;1461
2025-09-04T15:15:08Z;;2169;1302
2025-09-04T15:15:11Z;-981;2167;1300
2025-09-04T15:15:29Z;-984;;1183
2025-09-04T15:17:53Z;;1353;369
2025-09-04T15:17:54Z;-892;2121;461
2025-09-04T15:17:56Z;-909;;1212
2025-09-04T15:17:59Z;;1876;967
2025-09-04T15:18:00Z;;2129;1220
2025-09-04T15:19:00Z;-891;2096;1238
2025-09-04T15:19:01Z;;2104;1213
2025-09-04T15:19:02Z;-910;;1194
2025-09-04T15:19:12Z;-895;2092;1197
2025-09-04T15:19:13Z;;2102;1207
2025-09-04T15:19:24Z;;2069;1174
2025-09-04T15:19:26Z;;2105;1210
2025-09-04T15:19:27Z;;2088;1193
2025-09-04T15:19:30Z;;2106;1211
2025-09-04T15:19:31Z;;2086;1191
2025-09-04T15:19:32Z;;2107;1212
2025-09-04T15:19:33Z;;2098;1203
2025-09-04T15:19:34Z;;2107;1212
2025-09-04T15:19:35Z;;2084;1189
2025-09-04T15:19:38Z;;2103;1208
2025-09-04T15:19:44Z;;2093;1198
2025-09-04T15:19:46Z;;2101;1206
2025-09-04T15:19:48Z;;2089;1194
2025-09-04T15:27:58Z;-361;;1728
2025-09-04T15:28:00Z;-783;;1306
2025-09-04T15:29:18Z;-1002;;1087
2025-09-04T15:30:10Z;;1874;872
2025-09-04T15:30:29Z;-968;;906
2025-09-04T15:32:28Z;-896;;978
2025-09-04T15:32:30Z;-916;;958
2025-09-04T15:32:34Z;-877;1792;997
2025-09-04T15:32:35Z;;1814;937
2025-09-04T15:32:36Z;-914;;900
2025-09-04T15:32:38Z;-885;;929
2025-09-04T15:32:40Z;-911;;903
2025-09-04T15:32:47Z;;1798;887
2025-09-04T15:32:48Z;-897;;901
2025-09-04T15:32:49Z;;1809;912
2025-09-04T15:32:50Z;-902;;907
2025-09-04T15:32:52Z;-898;;911
2025-09-04T15:32:54Z;-908;;901
2025-09-04T15:32:55Z;-896;;913
2025-09-04T15:32:57Z;-905;;904
2025-09-04T15:32:58Z;-899;;910
2025-09-04T15:33:00Z;;1793;894
2025-09-04T15:33:01Z;-906;1802;887
2025-09-04T15:33:03Z;-886;1798;916
2025-09-04T15:33:05Z;-905;;893
2025-09-04T15:33:07Z;-882;1800;916
2025-09-04T15:33:08Z;;1799;917
2025-09-04T15:33:11Z;-901;;898
2025-09-04T15:33:13Z;-886;;913
2025-09-04T15:33:14Z;-900;;899
2025-09-04T15:33:16Z;-898;;901
2025-09-04T15:36:04Z;-590;;1209
2025-09-04T15:38:03Z;-19;;1780
2025-09-04T15:38:05Z;-486;;1313
2025-09-04T15:38:07Z;-285;;1514
2025-09-04T15:38:12Z;-525;;1274
2025-09-04T15:38:17Z;89;;1888
2025-09-04T15:38:19Z;-514;;1285
2025-09-04T15:39:04Z;;1440;926
2025-09-04T15:39:05Z;;1631;1117
2025-09-04T15:44:45Z;;1499;985
2025-09-04T15:44:47Z;;1503;989
2025-09-04T15:44:57Z;;1494;980
2025-09-04T15:45:00Z;;1502;988
2025-09-04T15:45:04Z;;1498;984
2025-09-04T15:45:06Z;;1501;987
2025-09-04T15:45:09Z;;1495;981
2025-09-04T15:45:12Z;;1497;983
2025-09-04T15:45:29Z;-374;;1123
2025-09-04T15:45:50Z;1964;;3461
2025-09-04T15:45:52Z;-55;;1442
2025-09-04T15:46:01Z;-343;;1154
2025-09-04T15:46:13Z;-262;;1235
2025-09-04T15:46:15Z;-332;;1165
2025-09-04T15:47:10Z;-299;;1198
2025-09-04T15:47:12Z;-307;;1190
2025-09-04T15:47:14Z;-298;;1199
2025-09-04T15:47:16Z;-305;;1192
2025-09-04T15:47:23Z;-295;;1202
2025-09-04T15:47:25Z;-303;;1194
2025-09-04T15:47:27Z;-295;;1202
2025-09-04T15:47:29Z;-304;;1193
2025-09-04T15:47:31Z;-298;;1199
2025-09-04T15:48:03Z;-308;;1189
2025-09-04T15:48:05Z;-297;;1200
2025-09-04T15:48:06Z;;1028;731
2025-09-04T15:48:07Z;-305;1425;723
2025-09-04T15:48:09Z;-285;;1140
2025-09-04T15:48:24Z;56;;1481
2025-09-04T15:48:26Z;-278;1007;1147
2025-09-04T15:48:27Z;;1430;1152
2025-09-04T15:48:28Z;-301;;1129
2025-09-04T15:48:29Z;-290;;1140
2025-09-04T15:48:44Z;-300;;1130
2025-09-04T15:48:47Z;-299;;1131
2025-09-04T15:48:49Z;-304;;1126
2025-09-04T15:48:52Z;-289;;1141
2025-09-04T15:48:55Z;-301;;1129
2025-09-04T15:48:57Z;-293;;1137
2025-09-04T15:53:29Z;2701;;4131
2025-09-04T15:53:32Z;269;;1699
2025-09-04T15:55:10Z;304;;1734
2025-09-04T15:55:13Z;282;;1712
2025-09-04T15:55:16Z;301;;1731
2025-09-04T15:55:18Z;281;;1711
2025-09-04T15:55:31Z;300;;1730
2025-09-04T15:55:33Z;280;1117;1710
2025-09-04T15:55:34Z;;1246;1526
2025-09-04T15:55:35Z;401;;1647
2025-09-04T15:55:38Z;285;;1531
2025-09-04T15:55:53Z;306;;1552
2025-09-04T15:55:56Z;291;;1537
2025-09-04T15:56:04Z;300;;1546
2025-09-04T15:56:07Z;296;;1542
2025-09-04T15:56:11Z;300;;1546
2025-09-04T15:56:14Z;294;;1540
2025-09-04T15:56:21Z;302;;1548
2025-09-04T15:56:25Z;299;;1545
2025-09-04T15:56:27Z;301;;1547
2025-09-04T15:56:30Z;296;;1542
2025-09-04T15:56:32Z;300;;1546
2025-09-04T15:56:35Z;299;;1545
2025-09-04T15:56:38Z;309;;1555
2025-09-04T15:56:42Z;294;;1540
2025-09-04T15:56:46Z;300;;1546
2025-09-04T15:56:49Z;292;;1538
2025-09-04T15:56:51Z;308;;1554
2025-09-04T15:56:54Z;293;;1539
2025-09-04T15:56:57Z;306;;1552
2025-09-04T15:56:59Z;293;;1539
2025-09-04T15:57:06Z;300;;1546
2025-09-04T15:57:09Z;299;;1545
2025-09-04T15:57:11Z;303;;1549
2025-09-04T15:57:14Z;296;;1542
2025-09-04T15:57:17Z;307;;1553
2025-09-04T15:57:19Z;299;;1545
2025-09-04T15:57:22Z;300;;1546
2025-09-04T15:57:24Z;207;;1453
2025-09-04T15:57:27Z;372;;1618
2025-09-04T15:57:30Z;1006;;2252
2025-09-04T15:57:32Z;208;;1454
2025-09-04T15:58:29Z;;987;1195
2025-09-04T15:58:32Z;;1214;1422
2025-09-04T15:58:55Z;;1196;1404
2025-09-04T15:58:57Z;;1202;1410
2025-09-04T15:58:59Z;;1195;1403
2025-09-04T16:00:10Z;321;1165;1373
2025-09-04T16:00:25Z;85;;1250
2025-09-04T16:00:29Z;306;;1471
2025-09-04T16:01:23Z;-174;;991
2025-09-04T16:05:26Z;452;;1617
2025-09-04T16:05:28Z;958;;2123
2025-09-04T16:05:30Z;-74;;1091
2025-09-04T16:05:32Z;183;;1348
2025-09-04T16:05:33Z;-127;;1038
2025-09-04T16:05:50Z;12;;1177
2025-09-04T16:05:52Z;-21;;1144
2025-09-04T16:06:37Z;584;;1749
2025-09-04T16:06:39Z;83;;1248
2025-09-04T16:06:41Z;-19;;1146
2025-09-04T16:06:42Z;58;;1223
2025-09-04T16:06:44Z;-99;;1066
2025-09-04T16:06:46Z;952;;2117
2025-09-04T16:06:48Z;743;;1908
2025-09-04T16:06:50Z;225;;1390
2025-09-04T16:06:51Z;743;;1908
2025-09-04T16:06:53Z;547;;1712
2025-09-04T16:06:55Z;-25;;1140
2025-09-04T16:07:11Z;2945;;4110
2025-09-04T16:07:13Z;89;;1254
2025-09-04T16:07:44Z;353;;1518
2025-09-04T16:07:46Z;193;;1358
2025-09-04T16:07:50Z;1137;;2302
2025-09-04T16:07:52Z;418;;1583
2025-09-04T16:07:53Z;809;;1974
2025-09-04T16:07:55Z;494;;1659
2025-09-04T16:07:57Z;1072;;2237
2025-09-04T16:07:59Z;662;;1827
2025-09-04T16:08:00Z;481;;1646
2025-09-04T16:08:02Z;151;;1316
2025-09-04T16:08:15Z;573;;1738
2025-09-04T16:08:17Z;124;860;1289
2025-09-04T16:08:18Z;;934;1058
2025-09-04T16:08:24Z;1089;;2023
2025-09-04T16:08:26Z;559;;1493
2025-09-04T16:08:28Z;723;;1657
2025-09-04T16:08:29Z;531;;1465
2025-09-04T16:08:31Z;695;;1629
2025-09-04T16:08:33Z;982;;1916
2025-09-04T16:08:37Z;783;;1717
2025-09-04T16:08:38Z;1000;;1934
2025-09-04T16:08:39Z;175;;1109
2025-09-04T16:08:54Z;1104;;2038
2025-09-04T16:08:56Z;543;;1477
2025-09-04T16:08:58Z;748;;1682
2025-09-04T16:09:01Z;587;;1521
2025-09-04T16:09:02Z;748;;1682
2025-09-04T16:09:04Z;188;;1122
2025-09-04T16:09:19Z;;899;1087
2025-09-04T16:09:20Z;;908;1096
2025-09-04T16:09:36Z;;882;1070
2025-09-04T16:09:38Z;;900;1088
2025-09-04T16:09:39Z;;898;1086
2025-09-04T16:15:16Z;;802;990
2025-09-04T16:15:29Z;208;;1010
2025-09-04T16:18:20Z;;356;564
2025-09-04T16:18:21Z;;740;948
2025-09-04T16:18:22Z;;555;763
2025-09-04T16:18:23Z;;746;954
2025-09-04T16:19:18Z;711;;1457
2025-09-04T16:19:20Z;282;;1028
2025-09-04T16:20:35Z;306;;1052
2025-09-04T16:20:37Z;295;;1041
2025-09-04T16:20:39Z;301;;1047
2025-09-04T16:20:41Z;280;;1026
2025-09-04T16:20:47Z;305;;1051
2025-09-04T16:20:49Z;289;;1035
2025-09-04T16:21:00Z;300;;1046
2025-09-04T16:21:02Z;291;;1037
2025-09-04T16:21:07Z;302;;1048
2025-09-04T16:21:09Z;295;;1041
2025-09-04T16:21:11Z;305;;1051
2025-09-04T16:21:13Z;297;;1043
2025-09-04T16:21:17Z;300;;1046
2025-09-04T16:21:19Z;295;;1041
2025-09-04T16:21:21Z;306;;1052
2025-09-04T16:21:23Z;298;;1044
2025-09-04T16:21:25Z;311;;1057
2025-09-04T16:22:40Z;293;;1039
2025-09-04T16:22:42Z;390;;1136
2025-09-04T16:25:54Z;;593;983
2025-09-04T16:26:37Z;;601;991
2025-09-04T16:26:38Z;;596;986
2025-09-04T16:26:39Z;;602;992
2025-09-04T16:26:40Z;;594;984
2025-09-04T16:26:41Z;;601;991
2025-09-04T16:26:42Z;;594;984
2025-09-04T16:27:02Z;252;;846
2025-09-04T16:29:22Z;311;;905
2025-09-04T16:29:24Z;287;;881
2025-09-04T16:29:26Z;303;;897
2025-09-04T16:29:28Z;291;;885
2025-09-04T16:29:35Z;;159;450
2025-09-04T16:29:36Z;316;;475
2025-09-04T16:29:37Z;;523;839
2025-09-04T16:29:38Z;;727;1043
2025-09-04T16:29:39Z;;532;848
2025-09-04T16:29:40Z;297;;829
2025-09-04T16:29:42Z;304;;836
2025-09-04T16:30:16Z;;499;803
2025-09-04T16:30:29Z;348;;847
2025-09-04T16:33:49Z;607;;1106
2025-09-04T16:36:04Z;;299;906
2025-09-04T16:36:05Z;;300;907
2025-09-04T16:36:08Z;;299;906
2025-09-04T16:45:16Z;;173;780
2025-09-04T16:45:29Z;861;;1034
2025-09-04T16:47:00Z;905;;1078
2025-09-04T16:47:02Z;887;;1060
2025-09-04T16:47:04Z;939;;1112
2025-09-04T16:47:18Z;894;;1067
2025-09-04T16:47:20Z;944;;1117
2025-09-04T16:47:57Z;882;;1055
2025-09-04T16:48:07Z;909;;1082
2025-09-04T16:48:09Z;896;;1069
2025-09-04T16:48:15Z;901;;1074
2025-09-04T16:48:17Z;897;;1070
2025-09-04T16:48:26Z;904;;1077
2025-09-04T16:48:28Z;895;;1068
2025-09-04T16:48:33Z;1007;;1180
2025-09-04T16:48:35Z;;137;1144
2025-09-04T16:48:36Z;890;;1063
2025-09-04T16:48:44Z;906;;1043
2025-09-04T16:48:46Z;899;;1036
2025-09-04T16:48:49Z;900;;1037
2025-09-04T16:48:51Z;897;;1034
2025-09-04T16:48:57Z;906;;1043
2025-09-04T16:48:59Z;898;;1035
2025-09-04T16:49:01Z;905;;1042
2025-09-04T16:49:03Z;897;;1034
2025-09-04T16:49:05Z;901;;1038
2025-09-04T16:49:07Z;890;;1027
2025-09-04T16:49:09Z;904;;1041
2025-09-04T16:49:11Z;898;;1035
2025-09-04T16:49:13Z;902;;1039
2025-09-04T16:49:15Z;899;;1036
2025-09-04T16:49:17Z;901;;1038
2025-09-04T16:49:19Z;895;;1032
2025-09-04T16:49:21Z;927;;1064
2025-09-04T16:49:23Z;898;;1035
2025-09-04T16:49:27Z;904;;1041
2025-09-04T16:49:29Z;897;;1034
2025-09-04T16:49:31Z;909;;1046
2025-09-04T16:49:32Z;895;;1032
2025-09-04T16:49:41Z;901;;1038
2025-09-04T16:49:43Z;897;;1034
2025-09-04T16:49:46Z;906;;1043
2025-09-04T16:49:48Z;618;;755
2025-09-04T16:50:02Z;902;;1039
2025-09-04T16:50:04Z;894;;1031
2025-09-04T16:50:09Z;924;;1061
2025-09-04T16:50:12Z;899;;1036
2025-09-04T16:50:18Z;900;;1037
2025-09-04T16:50:20Z;895;;1032
2025-09-04T16:50:22Z;906;;1043
2025-09-04T16:50:24Z;899;;1036
2025-09-04T16:50:26Z;900;;1037
2025-09-04T16:50:28Z;898;;1035
2025-09-04T16:50:30Z;905;;1042
2025-09-04T16:53:44Z;898;;1035
2025-09-04T16:53:46Z;919;;1056
2025-09-04T16:58:14Z;895;;1032
2025-09-04T16:58:16Z;906;;1043
2025-09-04T16:58:19Z;898;;1035
2025-09-04T16:58:21Z;902;;1039
2025-09-04T16:58:23Z;899;;1036
2025-09-04T16:58:25Z;900;;1037
2025-09-04T16:58:27Z;897;;1034
2025-09-04T16:58:29Z;902;;1039
2025-09-04T16:58:31Z;897;;1034
2025-09-04T16:58:33Z;905;;1042
2025-09-04T16:58:36Z;899;;1036
2025-09-04T16:58:39Z;911;;1048
2025-09-04T16:58:42Z;899;;1036
2025-09-04T16:58:44Z;900;;1037
2025-09-04T16:58:49Z;879;;1016
2025-09-04T16:58:51Z;900;;1037
2025-09-04T16:59:00Z;892;;1029
2025-09-04T16:59:01Z;912;;1049
2025-09-04T16:59:06Z;893;;1030
2025-09-04T16:59:12Z;901;;1038
2025-09-04T16:59:14Z;895;;1032
2025-09-04T16:59:16Z;904;;1041
2025-09-04T16:59:18Z;889;;1026
2025-09-04T16:59:41Z;910;;1047
2025-09-04T16:59:45Z;888;;1025
2025-09-04T16:59:50Z;;0;888
2025-09-04T16:59:51Z;911;;911
2025-09-04T16:59:53Z;894;;894
2025-09-04T16:59:54Z;;124;1018
2025-09-04T16:59:58Z;900;;1024
2025-09-04T17:00:00Z;899;;1023
2025-09-04T17:00:02Z;901;;1025
2025-09-04T17:00:07Z;899;;1023
2025-09-04T17:00:10Z;902;;1026
2025-09-04T17:00:12Z;897;;1021
2025-09-04T17:00:15Z;900;;1024
2025-09-04T17:00:16Z;;134;1034
2025-09-04T17:00:19Z;897;;1031
2025-09-04T17:00:20Z;900;;1034
2025-09-04T17:00:22Z;899;;1033
2025-09-04T17:00:24Z;900;;1034
2025-09-04T17:00:26Z;899;;1033
2025-09-04T17:00:28Z;907;;1041
2025-09-04T17:00:31Z;899;;1033
2025-09-04T17:00:32Z;896;;1030
2025-09-04T17:00:34Z;902;;1036
2025-09-04T17:00:39Z;899;;1033
2025-09-04T17:00:41Z;905;;1039
2025-09-04T17:00:43Z;892;;1026
2025-09-04T17:00:44Z;901;;1035
2025-09-04T17:01:47Z;884;;1018
2025-09-04T17:01:49Z;908;;1042
2025-09-04T17:01:54Z;877;;1011
2025-09-04T17:01:56Z;907;;1041
2025-09-04T17:01:58Z;884;;1018
2025-09-04T17:02:00Z;906;;1040
2025-09-04T17:02:02Z;892;;1026
2025-09-04T17:02:04Z;905;;1039
2025-09-04T17:02:06Z;899;;1033
2025-09-04T17:02:08Z;910;;1044
2025-09-04T17:02:10Z;884;;1018
2025-09-04T17:02:12Z;903;;1037
2025-09-04T17:02:13Z;884;;1018
2025-09-04T17:02:18Z;901;;1035
2025-09-04T17:02:20Z;886;;1020
2025-09-04T17:02:26Z;910;;1044
2025-09-04T17:02:28Z;896;;1030
2025-09-04T17:02:30Z;920;;1054
2025-09-04T17:02:50Z;884;;1018
2025-09-04T17:03:27Z;904;;1038
2025-09-04T17:03:29Z;867;;1001
2025-09-04T17:09:05Z;1219;;1353
2025-09-04T17:09:07Z;727;;861
2025-09-04T17:10:51Z;937;;1071
2025-09-04T17:15:16Z;;70;1007
2025-09-04T17:15:29Z;959;;1029
2025-09-04T17:19:28Z;;0;959
2025-09-04T17:19:29Z;;51;1010
2025-09-04T17:20:03Z;3567;;3618
2025-09-04T17:20:05Z;1353;;1404
2025-09-04T17:20:08Z;1850;;1901
2025-09-04T17:20:10Z;1360;;1411
2025-09-04T17:24:50Z;1633;;1684
2025-09-04T17:26:22Z;1324;;1375
2025-09-04T17:29:34Z;986;;1037
2025-09-04T17:29:36Z;1350;;1401
2025-09-04T17:30:16Z;;49;1399
2025-09-04T17:30:26Z;;0;1350
2025-09-04T17:30:27Z;;36;1386
2025-09-04T17:30:29Z;1360;;1396
2025-09-04T17:34:32Z;1151;;1187
2025-09-04T17:39:47Z;1283;;1319
2025-09-04T17:39:48Z;;0;1283
2025-09-04T17:39:49Z;;13;1296
2025-09-04T17:39:50Z;1149;;1162
2025-09-04T17:40:17Z;848;;861
2025-09-04T17:41:16Z;1048;;1061
2025-09-04T17:45:16Z;;5;1053
2025-09-04T17:45:29Z;1084;;1089
2025-09-04T17:46:28Z;;0;1084
2025-09-04T17:46:29Z;;1;1085
2025-09-04T17:46:32Z;;0;1084
2025-09-04T17:46:33Z;;1;1085
2025-09-04T17:46:37Z;;0;1084
2025-09-04T17:46:39Z;;1;1085
2025-09-04T17:46:41Z;;0;1084
2025-09-04T17:46:45Z;;1;1085
2025-09-04T17:46:46Z;;0;1084
2025-09-04T17:46:52Z;;1;1085
2025-09-04T17:46:53Z;;0;1084
2025-09-04T17:46:58Z;;1;1085
2025-09-04T17:46:59Z;;0;1084
2025-09-04T17:50:34Z;1453;;1453
2025-09-04T17:50:36Z;1109;;1109
2025-09-04T18:00:16Z;;0;1109
2025-09-04T18:00:30Z;1000;;1000
2025-09-04T18:09:50Z;831;;831
2025-09-04T18:12:13Z;946;;946
2025-09-04T18:12:42Z;798;;798
2025-09-04T18:12:44Z;933;;933
2025-09-04T18:12:55Z;817;;817
2025-09-04T18:15:16Z;;0;817
2025-09-04T18:15:29Z;786;;786
2025-09-04T18:16:34Z;1015;;1015
2025-09-04T18:22:38Z;1365;;1365
2025-09-04T18:30:16Z;;0;1365
2025-09-04T18:30:29Z;1312;;1312
2025-09-04T18:37:42Z;1052;;1052
2025-09-04T18:39:23Z;1201;;1201
2025-09-04T18:41:06Z;1199;;1199
2025-09-04T18:41:08Z;1202;;1202
2025-09-04T18:42:34Z;1167;;1167
2025-09-04T18:42:36Z;1209;;1209
2025-09-04T18:43:10Z;1187;;1187
2025-09-04T18:43:27Z;1229;;1229
2025-09-04T18:43:29Z;1186;;1186
2025-09-04T18:43:33Z;1201;;1201
2025-09-04T18:43:35Z;1189;;1189
2025-09-04T18:44:01Z;1201;;1201
2025-09-04T18:44:03Z;1197;;1197
2025-09-04T18:44:05Z;1213;;1213
2025-09-04T18:45:16Z;;0;1213
2025-09-04T18:45:29Z;1483;;1483
2025-09-04T18:48:18Z;1536;;1536
2025-09-04T18:48:31Z;1999;;1999
2025-09-04T18:49:11Z;1440;;1440
2025-09-04T18:49:13Z;1537;;1537
2025-09-04T18:50:39Z;1470;;1470
2025-09-04T19:00:16Z;;0;1470
2025-09-04T19:00:29Z;1262;;1262
2025-09-04T19:15:16Z;;0;1262
2025-09-04T19:15:30Z;1391;;1391
2025-09-04T19:15:32Z;1158;;1158
2025-09-04T19:22:17Z;4177;;4177
2025-09-04T19:22:19Z;1290;;1290
2025-09-04T19:24:24Z;1151;;1151
2025-09-04T19:30:16Z;;0;1151
2025-09-04T19:30:29Z;1133;;1133
2025-09-04T19:35:24Z;1238;;1238
2025-09-04T19:37:24Z;1130;;1130
2025-09-04T19:37:38Z;1217;;1217
2025-09-04T19:40:41Z;1151;;1151
2025-09-04T19:42:56Z;1448;;1448
2025-09-04T19:43:16Z;1170;;1170
2025-09-04T19:43:27Z;1212;;1212
2025-09-04T19:43:29Z;1175;;1175
2025-09-04T19:45:16Z;;0;1175
2025-09-04T19:45:22Z;1421;;1421
2025-09-04T19:45:29Z;1441;;1441
2025-09-04T19:48:14Z;1178;;1178
2025-09-04T19:49:22Z;1451;;1451
2025-09-04T20:01:20Z;1503;;1503
2025-09-04T20:02:44Z;;0;1503
2025-09-04T20:02:47Z;1464;;1464
2025-09-04T20:02:50Z;1517;;1517
2025-09-04T20:02:53Z;1485;;1485
2025-09-04T20:02:56Z;1505;;1505
2025-09-04T20:02:59Z;1495;;1495
2025-09-04T20:03:12Z;1497;;1497
2025-09-04T20:03:14Z;1500;;1500
2025-09-04T20:03:18Z;1493;;1493
2025-09-04T20:03:20Z;1516;;1516
2025-09-04T20:03:22Z;1492;;1492
2025-09-04T20:03:24Z;1507;;1507
2025-09-04T20:03:25Z;1482;;1482
2025-09-04T20:03:27Z;1520;;1520
2025-09-04T20:03:29Z;1499;;1499
2025-09-04T20:03:31Z;1512;;1512
2025-09-04T20:03:35Z;1496;;1496
2025-09-04T20:03:40Z;1502;;1502
2025-09-04T20:04:01Z;1497;;1497
2025-09-04T20:04:03Z;1506;;1506
2025-09-04T20:04:07Z;1454;;1454
2025-09-04T20:04:09Z;1514;;1514
2025-09-04T20:04:11Z;1494;;1494
2025-09-04T20:04:18Z;1513;;1513
2025-09-04T20:04:20Z;1474;;1474
2025-09-04T20:04:24Z;1515;;1515
2025-09-04T20:04:26Z;1495;;1495
2025-09-04T20:04:28Z;1500;;1500
2025-09-04T20:04:30Z;1499;;1499
2025-09-04T20:04:32Z;1518;;1518
2025-09-04T20:04:34Z;1499;;1499
2025-09-04T20:04:36Z;1503;;1503
2025-09-04T20:07:57Z;1497;;1497
2025-09-04T20:07:59Z;1517;;1517
2025-09-04T20:08:03Z;1418;;1418
2025-09-04T20:15:16Z;;0;1418
2025-09-04T20:15:33Z;1401;;1401
2025-09-04T20:25:14Z;1117;;1117
2025-09-04T20:26:10Z;863;;863
2025-09-04T20:28:07Z;910;;910
2025-09-04T20:28:09Z;886;;886
2025-09-04T20:28:11Z;1183;;1183
2025-09-04T20:28:16Z;1208;;1208
2025-09-04T20:28:18Z;1195;;1195
2025-09-04T20:28:20Z;1202;;1202
2025-09-04T20:28:23Z;1197;;1197
2025-09-04T20:28:25Z;1200;;1200
2025-09-04T20:28:27Z;1198;;1198
2025-09-04T20:28:35Z;1203;;1203
2025-09-04T20:28:43Z;1198;;1198
2025-09-04T20:28:58Z;1203;;1203
2025-09-04T20:29:00Z;1187;;1187
2025-09-04T20:30:16Z;;0;1187
2025-09-04T20:30:21Z;1256;;1256
2025-09-04T20:30:36Z;1240;;1240
2025-09-04T20:31:35Z;1189;;1189
2025-09-04T20:31:38Z;1202;;1202
2025-09-04T20:31:40Z;1194;;1194
2025-09-04T20:34:36Z;1349;;1349
2025-09-04T20:38:40Z;1067;;1067
2025-09-04T20:41:54Z;3999;;3999
2025-09-04T20:41:56Z;1324;;1324
2025-09-04T20:44:19Z;1645;;1645
2025-09-04T20:45:07Z;1376;;1376
2025-09-04T20:45:16Z;;0;1376
2025-09-04T20:45:33Z;1349;;1349
2025-09-04T20:46:46Z;2716;;2716
2025-09-04T20:46:48Z;1662;;1662
2025-09-04T20:47:26Z;1398;;1398
2025-09-04T20:48:31Z;1655;;1655
2025-09-04T20:50:21Z;1391;;1391
2025-09-04T20:53:44Z;1667;;1667
2025-09-04T20:55:00Z;1403;;1403
2025-09-04T20:56:10Z;1779;;1779
2025-09-04T20:56:29Z;1410;;1410
2025-09-04T20:56:35Z;1119;;1119
2025-09-04T20:59:08Z;1388;;1388
2025-09-04T20:59:42Z;1089;;1089
2025-09-04T21:00:16Z;;0;1089
2025-09-04T21:00:33Z;1086;;1086
2025-09-04T21:00:52Z;1369;;1369
2025-09-04T21:01:11Z;1078;;1078
2025-09-04T21:04:01Z;1375;;1375
2025-09-04T21:04:04Z;1143;;1143
2025-09-04T21:04:10Z;849;;849
2025-09-04T21:05:34Z;1150;;1150
2025-09-04T21:07:01Z;883;;883
2025-09-04T21:10:50Z;1126;;1126
2025-09-04T21:10:51Z;1341;;1341
2025-09-04T21:12:17Z;1095;;1095
2025-09-04T21:13:24Z;1356;;1356
2025-09-04T21:13:34Z;1081;;1081
2025-09-04T21:15:16Z;;0;1081
2025-09-04T21:15:29Z;1072;;1072
2025-09-04T21:16:21Z;1378;;1378
2025-09-04T21:16:58Z;1135;;1135
2025-09-04T21:18:58Z;1295;;1295
2025-09-04T21:20:09Z;1042;;1042
2025-09-04T21:23:08Z;1295;;1295
2025-09-04T21:25:26Z;1015;;1015
2025-09-04T21:26:58Z;1297;;1297
2025-09-04T21:29:12Z;1021;;1021
2025-09-04T21:30:16Z;;0;1021
2025-09-04T21:30:29Z;1005;;1005
2025-09-04T21:31:29Z;1309;;1309
2025-09-04T21:33:20Z;1015;;1015
2025-09-04T21:35:15Z;763;;763
2025-09-04T21:36:32Z;1067;;1067
2025-09-04T21:37:24Z;852;;852
2025-09-04T21:39:40Z;1125;;1125
2025-09-04T21:41:55Z;1348;;1348
2025-09-04T21:43:33Z;1106;;1106
2025-09-04T21:44:42Z;1302;;1302
2025-09-04T21:45:16Z;;0;1302
2025-09-04T21:45:29Z;1401;;1401
2025-09-04T21:49:30Z;1684;;1684
2025-09-04T21:52:23Z;2005;;2005
2025-09-04T22:00:16Z;;0;2005
2025-09-04T22:00:29Z;1936;;1936
2025-09-04T22:11:39Z;1697;;1697
2025-09-04T22:15:16Z;;0;1697
2025-09-04T22:15:29Z;1739;;1739
2025-09-04T22:18:16Z;1931;;1931
2025-09-04T22:22:12Z;1722;;1722
2025-09-04T22:31:59Z;;0;1722
2025-09-04T22:32:02Z;1689;;1689
2025-09-04T22:33:28Z;1433;;1433
2025-09-04T22:34:38Z;2881;;2881
2025-09-04T22:34:40Z;1681;;1681
2025-09-04T22:37:07Z;1398;;1398
2025-09-04T22:37:16Z;1112;;1112
2025-09-04T22:38:28Z;1361;;1361
2025-09-04T22:45:16Z;;0;1361
2025-09-04T22:45:29Z;1370;;1370
2025-09-04T22:48:34Z;1081;;1081
2025-09-04T22:49:30Z;804;;804
2025-09-04T22:51:52Z;1074;;1074
2025-09-04T22:55:18Z;1280;;1280
2025-09-04T22:56:48Z;1055;;1055
2025-09-04T22:59:20Z;2087;;2087
2025-09-04T22:59:22Z;1318;;1318
2025-09-04T22:59:44Z;1045;;1045
2025-09-04T23:00:16Z;;0;1045
2025-09-04T23:00:29Z;1023;;1023
2025-09-04T23:15:16Z;;0;1023
2025-09-04T23:15:29Z;1085;;1085
2025-09-04T23:16:34Z;857;;857
2025-09-04T23:21:16Z;1154;;1154
2025-09-04T23:21:45Z;1201;;1201
2025-09-04T23:21:47Z;1183;;1183
2025-09-04T23:21:49Z;1205;;1205
2025-09-04T23:21:51Z;1180;;1180
2025-09-04T23:21:58Z;1201;;1201
2025-09-04T23:22:00Z;1151;;1151
2025-09-04T23:22:12Z;845;;845
2025-09-04T23:23:18Z;1086;;1086
2025-09-04T23:23:21Z;1376;;1376
2025-09-04T23:23:31Z;1114;;1114
2025-09-04T23:26:29Z;1400;;1400
2025-09-04T23:28:21Z;1112;;1112
2025-09-04T23:30:16Z;;0;1112
2025-09-04T23:30:29Z;1071;;1071
2025-09-04T23:32:55Z;1302;;1302
2025-09-04T23:37:06Z;1045;;1045
2025-09-04T23:45:16Z;;0;1045
2025-09-04T23:45:29Z;993;;993
2025-09-04T23:46:40Z;1387;;1387
2025-09-04T23:48:14Z;1151;;1151
2025-09-04T23:49:06Z;864;;864
2025-09-04T23:53:28Z;908;;908
2025-09-04T23:53:31Z;872;;872
2025-09-04T23:54:56Z;1896;;1896
2025-09-04T23:54:59Z;1052;;1052